,G10,K11,G12,G13,G15,K16,S17,D40,K42,D44,C98,D130,C133,hit,contig,score
AP010656.1_637,G,K,G,G,G,K,S,D,K,D,C,D,C,ID=1_637;partial=00;start_type=ATG;rbs_motif=TAAA;rbs_spacer=12bp;gc_cont=0.396,ID=1_637;partial=00;start_type=ATG;rbs_motif=TAAA;rbs_spacer=12bp;gc,26.0
JNKP01000004.1_19,G,K,G,G,G,K,S,D,K,D,C,D,C,ID=3_19;partial=00;start_type=ATG;rbs_motif=AGGAG;rbs_spacer=5-10bp;gc_cont=0.467,ID=3_19;partial=00;start_type=ATG;rbs_motif=AGGAG;rbs_spacer=5-10bp;gc,26.0
LAEA01000099.1_22,G,K,G,G,G,K,S,D,K,D,C,D,C,ID=175_22;partial=00;start_type=ATG;rbs_motif=AGGAG;rbs_spacer=5-10bp;gc_cont=0.624,ID=175_22;partial=00;start_type=ATG;rbs_motif=AGGAG;rbs_spacer=5-10bp;gc,26.0
LVAV01000054.1_59,G,K,G,G,G,K,S,D,K,D,C,D,C,ID=54_59;partial=00;start_type=ATG;rbs_motif=GGA/GAG/AGG;rbs_spacer=5-10bp;gc_cont=0.519,ID=54_59;partial=00;start_type=ATG;rbs_motif=GGA/GAG/AGG;rbs_spacer=5-10bp;gc,26.0
MGTN01000127.1_57,G,K,G,G,G,K,S,D,K,D,C,D,C,ID=127_57;partial=00;start_type=ATG;rbs_motif=AGGAG;rbs_spacer=5-10bp;gc_cont=0.626,ID=127_57;partial=00;start_type=ATG;rbs_motif=AGGAG;rbs_spacer=5-10bp;gc,26.0
MNWR01000108.1_9,G,K,G,G,G,K,S,D,K,D,C,D,C,ID=70_9;partial=00;start_type=ATG;rbs_motif=GGAGG;rbs_spacer=5-10bp;gc_cont=0.610,ID=70_9;partial=00;start_type=ATG;rbs_motif=GGAGG;rbs_spacer=5-10bp;gc,26.0
NQJI01000041.1_2,G,K,G,G,G,K,S,D,K,D,C,D,C,ID=221_2;partial=00;start_type=ATG;rbs_motif=AGGAG;rbs_spacer=5-10bp;gc_cont=0.466,ID=221_2;partial=00;start_type=ATG;rbs_motif=AGGAG;rbs_spacer=5-10bp;gc,26.0
DBWR01000008.1_11,G,K,G,G,G,K,S,D,K,D,C,D,C,ID=35_11;partial=00;start_type=ATG;rbs_motif=AGGAG;rbs_spacer=5-10bp;gc_cont=0.487,ID=35_11;partial=00;start_type=ATG;rbs_motif=AGGAG;rbs_spacer=5-10bp;gc,26.0
DEFA01000017.1_34,G,K,G,G,G,K,S,D,K,D,C,D,C,ID=14_34;partial=00;start_type=ATG;rbs_motif=GGAG/GAGG;rbs_spacer=5-10bp;gc_cont=0.456,ID=14_34;partial=00;start_type=ATG;rbs_motif=GGAG/GAGG;rbs_spacer=5-10bp;gc,26.0
DGIK01000065.1_4,G,K,G,G,G,K,S,D,K,D,C,D,C,ID=68_4;partial=00;start_type=ATG;rbs_motif=AATAA;rbs_spacer=5bp;gc_cont=0.497,ID=68_4;partial=00;start_type=ATG;rbs_motif=AATAA;rbs_spacer=5bp;gc,26.0
DHYV01000024.1_164,G,K,G,G,G,K,S,D,K,D,C,D,C,ID=55_164;partial=00;start_type=ATG;rbs_motif=AGGAGG;rbs_spacer=5-10bp;gc_cont=0.621,ID=55_164;partial=00;start_type=ATG;rbs_motif=AGGAGG;rbs_spacer=5-10bp;gc,26.0
DAVG01000112.1_113,G,K,G,G,G,K,S,D,K,D,C,D,C,ID=110_113;partial=00;start_type=ATG;rbs_motif=GGA/GAG/AGG;rbs_spacer=5-10bp;gc_cont=0.471,ID=110_113;partial=00;start_type=ATG;rbs_motif=GGA/GAG/AGG;rbs_spacer=5-10bp;gc,26.0
PEKW01000007.1_407,G,K,G,G,G,K,S,D,K,D,C,D,C,ID=34_407;partial=00;start_type=ATG;rbs_motif=AGGA;rbs_spacer=5-10bp;gc_cont=0.618,ID=34_407;partial=00;start_type=ATG;rbs_motif=AGGA;rbs_spacer=5-10bp;gc,26.0
PKUB01000002.1_42,G,K,G,G,G,K,S,D,K,D,C,D,C,ID=49_42;partial=00;start_type=ATG;rbs_motif=GGAG/GAGG;rbs_spacer=5-10bp;gc_cont=0.626,ID=49_42;partial=00;start_type=ATG;rbs_motif=GGAG/GAGG;rbs_spacer=5-10bp;gc,26.0
CP028514.1_2327,G,K,G,G,G,K,S,D,K,D,C,D,C,ID=1_2327;partial=00;start_type=ATG;rbs_motif=AGGAGG;rbs_spacer=5-10bp;gc_cont=0.471,ID=1_2327;partial=00;start_type=ATG;rbs_motif=AGGAGG;rbs_spacer=5-10bp;gc,26.0
PLZT01000187.1_7,G,K,G,G,G,K,S,D,K,D,C,D,C,ID=7_7;partial=00;start_type=ATG;rbs_motif=AGGAG;rbs_spacer=5-10bp;gc_cont=0.614,ID=7_7;partial=00;start_type=ATG;rbs_motif=AGGAG;rbs_spacer=5-10bp;gc,26.0
PLSZ01000426.1_17,G,K,G,G,G,K,S,D,K,D,C,D,C,ID=350_17;partial=01;start_type=ATG;rbs_motif=AGGAG;rbs_spacer=5-10bp;gc_cont=0.593,ID=350_17;partial=01;start_type=ATG;rbs_motif=AGGAG;rbs_spacer=5-10bp;gc,26.0
QKCC01000018.1_7,G,K,G,G,G,K,S,D,K,D,C,D,C,ID=271_7;partial=00;start_type=ATG;rbs_motif=AGGAG;rbs_spacer=5-10bp;gc_cont=0.485,ID=271_7;partial=00;start_type=ATG;rbs_motif=AGGAG;rbs_spacer=5-10bp;gc,26.0
QKDO01000127.1_26,G,K,G,G,G,K,S,D,K,D,C,D,C,ID=29_26;partial=00;start_type=ATG;rbs_motif=AGGAGG;rbs_spacer=5-10bp;gc_cont=0.569,ID=29_26;partial=00;start_type=ATG;rbs_motif=AGGAGG;rbs_spacer=5-10bp;gc,26.0
DOVG01000019.1_11,G,K,G,G,G,K,S,D,K,D,C,D,C,ID=71_11;partial=00;start_type=ATG;rbs_motif=AGxAGG/AGGxGG;rbs_spacer=5-10bp;gc_cont=0.411,ID=71_11;partial=00;start_type=ATG;rbs_motif=AGxAGG/AGGxGG;rbs_spacer=5-10bp;gc,26.0
CP021731.1_1655,G,K,G,G,G,K,S,D,K,D,C,D,C,ID=1_1655;partial=00;start_type=ATG;rbs_motif=AGGAG;rbs_spacer=5-10bp;gc_cont=0.649,ID=1_1655;partial=00;start_type=ATG;rbs_motif=AGGAG;rbs_spacer=5-10bp;gc,26.0
MTKO01000030.1_13,G,K,G,G,G,K,S,D,K,D,C,D,C,ID=131_13;partial=00;start_type=ATG;rbs_motif=GGAG/GAGG;rbs_spacer=5-10bp;gc_cont=0.512,ID=131_13;partial=00;start_type=ATG;rbs_motif=GGAG/GAGG;rbs_spacer=5-10bp;gc,26.0
SCTW01000147.1_12,G,K,G,G,G,K,S,D,K,D,C,D,C,ID=126_12;partial=00;start_type=ATG;rbs_motif=AGGAG;rbs_spacer=5-10bp;gc_cont=0.460,ID=126_12;partial=00;start_type=ATG;rbs_motif=AGGAG;rbs_spacer=5-10bp;gc,26.0
VCNC01000006.1_76,G,K,G,G,G,K,S,D,K,D,C,D,C,ID=11_76;partial=00;start_type=ATG;rbs_motif=GGAGG;rbs_spacer=5-10bp;gc_cont=0.458,ID=11_76;partial=00;start_type=ATG;rbs_motif=GGAGG;rbs_spacer=5-10bp;gc,26.0
RECR01000099.1_10,G,K,G,G,G,K,S,D,K,D,C,D,C,ID=76_10;partial=00;start_type=ATG;rbs_motif=GGA/GAG/AGG;rbs_spacer=5-10bp;gc_cont=0.421,ID=76_10;partial=00;start_type=ATG;rbs_motif=GGA/GAG/AGG;rbs_spacer=5-10bp;gc,26.0
SBEG01000017.1_47,G,K,G,G,G,K,S,D,K,D,C,D,C,ID=45_47;partial=00;start_type=ATG;rbs_motif=AGGAG;rbs_spacer=5-10bp;gc_cont=0.546,ID=45_47;partial=00;start_type=ATG;rbs_motif=AGGAG;rbs_spacer=5-10bp;gc,26.0
JAAAOG010000158.1_6,G,K,G,G,G,K,S,D,K,D,C,D,C,ID=194_6;partial=00;start_type=ATG;rbs_motif=AGGAG;rbs_spacer=5-10bp;gc_cont=0.646,ID=194_6;partial=00;start_type=ATG;rbs_motif=AGGAG;rbs_spacer=5-10bp;gc,26.0
JAABSQ010000048.1_4,G,K,G,G,G,K,S,D,K,D,C,D,C,ID=48_4;partial=00;start_type=ATG;rbs_motif=AGGAG;rbs_spacer=5-10bp;gc_cont=0.590,ID=48_4;partial=00;start_type=ATG;rbs_motif=AGGAG;rbs_spacer=5-10bp;gc,26.0
JAAYCU010000081.1_4,G,K,G,G,G,K,S,D,K,D,C,D,C,ID=52_4;partial=00;start_type=ATG;rbs_motif=AGGAG;rbs_spacer=5-10bp;gc_cont=0.557,ID=52_4;partial=00;start_type=ATG;rbs_motif=AGGAG;rbs_spacer=5-10bp;gc,26.0
JAADIK010000036.1_5,G,K,G,G,G,K,S,D,K,D,C,D,C,ID=56_5;partial=00;start_type=ATG;rbs_motif=GGAGG;rbs_spacer=5-10bp;gc_cont=0.542,ID=56_5;partial=00;start_type=ATG;rbs_motif=GGAGG;rbs_spacer=5-10bp;gc,26.0
DUGO01000109.1_5,G,K,G,G,G,K,S,D,K,D,C,D,C,ID=22_5;partial=00;start_type=ATG;rbs_motif=GGAGG;rbs_spacer=5-10bp;gc_cont=0.575,ID=22_5;partial=00;start_type=ATG;rbs_motif=GGAGG;rbs_spacer=5-10bp;gc,26.0
JAAXTM010000002.1_333,G,K,G,G,G,K,S,D,K,D,C,D,C,ID=15_333;partial=00;start_type=ATG;rbs_motif=AGGAG;rbs_spacer=5-10bp;gc_cont=0.534,ID=15_333;partial=00;start_type=ATG;rbs_motif=AGGAG;rbs_spacer=5-10bp;gc,26.0
VMSW01000007.1_45,G,K,G,G,G,K,S,D,K,D,C,D,C,ID=1_45;partial=00;start_type=ATG;rbs_motif=GGA/GAG/AGG;rbs_spacer=11-12bp;gc_cont=0.635,ID=1_45;partial=00;start_type=ATG;rbs_motif=GGA/GAG/AGG;rbs_spacer=11-12bp;gc,26.0
JACXST010000001.1_1551,G,K,G,G,G,K,S,D,K,D,C,D,C,ID=1_1551;partial=00;start_type=ATG;rbs_motif=AGGAG;rbs_spacer=5-10bp;gc_cont=0.497,ID=1_1551;partial=00;start_type=ATG;rbs_motif=AGGAG;rbs_spacer=5-10bp;gc,26.0
JADFYS010000075.1_3,G,K,G,G,G,K,S,D,K,D,C,D,C,ID=458_3;partial=00;start_type=ATG;rbs_motif=AGGAG;rbs_spacer=5-10bp;gc_cont=0.522,ID=458_3;partial=00;start_type=ATG;rbs_motif=AGGAG;rbs_spacer=5-10bp;gc,26.0
WGBG01000092.1_5,G,K,G,G,G,K,S,D,K,D,C,D,C,ID=92_5;partial=00;start_type=ATG;rbs_motif=AGGAGG;rbs_spacer=5-10bp;gc_cont=0.503,ID=92_5;partial=00;start_type=ATG;rbs_motif=AGGAGG;rbs_spacer=5-10bp;gc,26.0
JACQAD010000102.1_20,G,K,G,G,G,K,S,D,K,D,C,D,C,ID=141_20;partial=00;start_type=ATG;rbs_motif=AGGA;rbs_spacer=5-10bp;gc_cont=0.625,ID=141_20;partial=00;start_type=ATG;rbs_motif=AGGA;rbs_spacer=5-10bp;gc,26.0
JACQZF010000039.1_8,G,K,G,G,G,K,S,D,K,D,C,D,C,ID=61_8;partial=00;start_type=ATG;rbs_motif=AGGAG;rbs_spacer=5-10bp;gc_cont=0.556,ID=61_8;partial=00;start_type=ATG;rbs_motif=AGGAG;rbs_spacer=5-10bp;gc,26.0
JACRCN010000010.1_12,G,K,G,G,G,K,S,D,K,D,C,D,C,ID=40_12;partial=00;start_type=ATG;rbs_motif=AGGAG;rbs_spacer=5-10bp;gc_cont=0.598,ID=40_12;partial=00;start_type=ATG;rbs_motif=AGGAG;rbs_spacer=5-10bp;gc,26.0
JADQBZ010000002.1_299,G,K,G,G,G,K,S,D,K,D,C,D,C,ID=18_299;partial=00;start_type=ATG;rbs_motif=GGAG/GAGG;rbs_spacer=5-10bp;gc_cont=0.466,ID=18_299;partial=00;start_type=ATG;rbs_motif=GGAG/GAGG;rbs_spacer=5-10bp;gc,26.0
AP024169.1_4150,G,K,G,G,G,K,S,D,K,D,C,D,C,ID=1_4150;partial=00;start_type=ATG;rbs_motif=AGGAGG;rbs_spacer=5-10bp;gc_cont=0.395,ID=1_4150;partial=00;start_type=ATG;rbs_motif=AGGAGG;rbs_spacer=5-10bp;gc,26.0
JADKBU010000062.1_19,G,K,G,G,G,K,S,D,K,D,C,D,C,ID=62_19;partial=00;start_type=ATG;rbs_motif=AGGAG;rbs_spacer=5-10bp;gc_cont=0.639,ID=62_19;partial=00;start_type=ATG;rbs_motif=AGGAG;rbs_spacer=5-10bp;gc,26.0
JAEUOZ010000063.1_1,G,K,G,G,G,K,S,D,K,D,C,D,C,ID=23_1;partial=00;start_type=ATG;rbs_motif=AGGAG;rbs_spacer=5-10bp;gc_cont=0.635,ID=23_1;partial=00;start_type=ATG;rbs_motif=AGGAG;rbs_spacer=5-10bp;gc,26.0
JAFFQE010000012.1_20,G,K,G,G,G,K,S,D,K,D,C,D,C,ID=3_20;partial=00;start_type=ATG;rbs_motif=AGGAG;rbs_spacer=5-10bp;gc_cont=0.530,ID=3_20;partial=00;start_type=ATG;rbs_motif=AGGAG;rbs_spacer=5-10bp;gc,26.0
JAFGXT010000019.1_4,G,K,G,G,G,K,S,D,K,D,C,D,C,ID=29_4;partial=00;start_type=ATG;rbs_motif=AGGAG/GGAGG;rbs_spacer=11-12bp;gc_cont=0.516,ID=29_4;partial=00;start_type=ATG;rbs_motif=AGGAG/GGAGG;rbs_spacer=11-12bp;gc,26.0
JAFLDI010000086.1_8,G,K,G,G,G,K,S,D,K,D,C,D,C,ID=499_8;partial=00;start_type=ATG;rbs_motif=GGAG/GAGG;rbs_spacer=5-10bp;gc_cont=0.650,ID=499_8;partial=00;start_type=ATG;rbs_motif=GGAG/GAGG;rbs_spacer=5-10bp;gc,26.0
JAFSVK010000041.1_15,G,K,G,G,G,K,S,D,K,D,C,D,C,ID=199_15;partial=00;start_type=ATG;rbs_motif=AGGA;rbs_spacer=5-10bp;gc_cont=0.443,ID=199_15;partial=00;start_type=ATG;rbs_motif=AGGA;rbs_spacer=5-10bp;gc,26.0
JAFVBE010000003.1_61,G,K,G,G,G,K,S,D,K,D,C,D,C,ID=5_61;partial=00;start_type=ATG;rbs_motif=AGGA;rbs_spacer=5-10bp;gc_cont=0.448,ID=5_61;partial=00;start_type=ATG;rbs_motif=AGGA;rbs_spacer=5-10bp;gc,26.0
JAFZOV010000141.1_66,G,K,G,G,G,K,S,D,K,D,C,D,C,ID=176_66;partial=00;start_type=ATG;rbs_motif=AGGAG;rbs_spacer=5-10bp;gc_cont=0.507,ID=176_66;partial=00;start_type=ATG;rbs_motif=AGGAG;rbs_spacer=5-10bp;gc,26.0
JAGCNW010000006.1_52,G,K,G,G,G,K,S,D,K,D,C,D,C,ID=43_52;partial=00;start_type=ATG;rbs_motif=AGGAG;rbs_spacer=5-10bp;gc_cont=0.531,ID=43_52;partial=00;start_type=ATG;rbs_motif=AGGAG;rbs_spacer=5-10bp;gc,26.0
JAGGAD010000016.1_58,G,K,G,G,G,K,S,D,K,D,C,D,C,ID=59_58;partial=00;start_type=ATG;rbs_motif=AGGAGG;rbs_spacer=5-10bp;gc_cont=0.430,ID=59_58;partial=00;start_type=ATG;rbs_motif=AGGAGG;rbs_spacer=5-10bp;gc,26.0
JAGCRJ010000054.1_2,G,K,G,G,G,K,S,D,K,D,C,D,C,ID=249_2;partial=00;start_type=ATG;rbs_motif=AGGAG;rbs_spacer=5-10bp;gc_cont=0.491,ID=249_2;partial=00;start_type=ATG;rbs_motif=AGGAG;rbs_spacer=5-10bp;gc,26.0
JAGYPB010000031.1_9,G,K,G,G,G,K,S,D,K,D,C,D,C,ID=79_9;partial=00;start_type=ATG;rbs_motif=AGGAG;rbs_spacer=5-10bp;gc_cont=0.538,ID=79_9;partial=00;start_type=ATG;rbs_motif=AGGAG;rbs_spacer=5-10bp;gc,26.0
JAHJLB010000006.1_39,G,K,G,G,G,K,S,D,K,D,C,D,C,ID=2_39;partial=00;start_type=ATG;rbs_motif=AGGAG;rbs_spacer=5-10bp;gc_cont=0.626,ID=2_39;partial=00;start_type=ATG;rbs_motif=AGGAG;rbs_spacer=5-10bp;gc,26.0
JAGVSR010000136.1_7,G,K,G,G,G,K,S,D,K,D,C,D,C,ID=175_7;partial=01;start_type=ATG;rbs_motif=GGA/GAG/AGG;rbs_spacer=5-10bp;gc_cont=0.626,ID=175_7;partial=01;start_type=ATG;rbs_motif=GGA/GAG/AGG;rbs_spacer=5-10bp;gc,26.0
JAIFLU010000191.1_10,G,K,G,G,G,K,S,D,K,D,C,D,C,ID=295_10;partial=00;start_type=TTG;rbs_motif=TAA;rbs_spacer=12bp;gc_cont=0.428,ID=295_10;partial=00;start_type=TTG;rbs_motif=TAA;rbs_spacer=12bp;gc,26.0
JAGUWD010000007.1_206,G,K,G,G,G,K,S,D,K,D,C,D,C,ID=3_206;partial=00;start_type=ATG;rbs_motif=AGGAGG;rbs_spacer=5-10bp;gc_cont=0.497,ID=3_206;partial=00;start_type=ATG;rbs_motif=AGGAGG;rbs_spacer=5-10bp;gc,26.0
JACKCV010000001.1_596,G,K,G,G,G,K,S,D,K,D,C,D,C,ID=1_596;partial=00;start_type=ATG;rbs_motif=GGAGG;rbs_spacer=5-10bp;gc_cont=0.632,ID=1_596;partial=00;start_type=ATG;rbs_motif=GGAGG;rbs_spacer=5-10bp;gc,26.0
DYHB01000105.1_9,G,K,G,G,G,K,S,D,K,D,C,D,C,ID=148_9;partial=00;start_type=ATG;rbs_motif=AGGAG;rbs_spacer=5-10bp;gc_cont=0.622,ID=148_9;partial=00;start_type=ATG;rbs_motif=AGGAG;rbs_spacer=5-10bp;gc,26.0
JAJQAB010000072.1_17,G,K,G,G,G,K,S,D,K,D,C,D,C,ID=52_17;partial=00;start_type=ATG;rbs_motif=AGGA;rbs_spacer=5-10bp;gc_cont=0.479,ID=52_17;partial=00;start_type=ATG;rbs_motif=AGGA;rbs_spacer=5-10bp;gc,26.0
JAIOYK010000004.1_18,G,K,G,G,G,K,S,D,K,D,C,D,C,ID=78_18;partial=00;start_type=ATG;rbs_motif=AGGA;rbs_spacer=5-10bp;gc_cont=0.622,ID=78_18;partial=00;start_type=ATG;rbs_motif=AGGA;rbs_spacer=5-10bp;gc,26.0
JAJXXD010000160.1_17,G,K,G,G,G,K,S,D,K,D,C,D,C,ID=98_17;partial=00;start_type=ATG;rbs_motif=GGAGG;rbs_spacer=5-10bp;gc_cont=0.453,ID=98_17;partial=00;start_type=ATG;rbs_motif=GGAGG;rbs_spacer=5-10bp;gc,26.0
JAJYLE010000163.1_5,G,K,G,G,G,K,S,D,K,D,C,D,C,ID=96_5;partial=00;start_type=ATG;rbs_motif=AGGAGG;rbs_spacer=5-10bp;gc_cont=0.566,ID=96_5;partial=00;start_type=ATG;rbs_motif=AGGAGG;rbs_spacer=5-10bp;gc,26.0
JAJZBP010000054.1_5,G,K,G,G,G,K,S,D,K,D,C,D,C,ID=241_5;partial=00;start_type=ATG;rbs_motif=GGAGG;rbs_spacer=5-10bp;gc_cont=0.639,ID=241_5;partial=00;start_type=ATG;rbs_motif=GGAGG;rbs_spacer=5-10bp;gc,26.0
JAJZPM010000002.1_127,G,K,G,G,G,K,S,D,K,D,C,D,C,ID=41_127;partial=00;start_type=ATG;rbs_motif=AGGAGG;rbs_spacer=3-4bp;gc_cont=0.528,ID=41_127;partial=00;start_type=ATG;rbs_motif=AGGAGG;rbs_spacer=3-4bp;gc,26.0
JAKARI010000016.1_51,G,K,G,G,G,K,S,D,K,D,C,D,C,ID=39_51;partial=00;start_type=ATG;rbs_motif=AGGAG;rbs_spacer=5-10bp;gc_cont=0.609,ID=39_51;partial=00;start_type=ATG;rbs_motif=AGGAG;rbs_spacer=5-10bp;gc,26.0
JAJZQI010000031.1_5,G,K,G,G,G,K,S,D,K,D,C,D,C,ID=48_5;partial=00;start_type=ATG;rbs_motif=AGGAG;rbs_spacer=5-10bp;gc_cont=0.556,ID=48_5;partial=00;start_type=ATG;rbs_motif=AGGAG;rbs_spacer=5-10bp;gc,26.0
JAFLTA010000075.1_6,G,K,G,G,G,K,S,D,K,D,C,D,C,ID=76_6;partial=00;start_type=ATG;rbs_motif=AGGA;rbs_spacer=5-10bp;gc_cont=0.451,ID=76_6;partial=00;start_type=ATG;rbs_motif=AGGA;rbs_spacer=5-10bp;gc,26.0
JALHPY010000022.1_26,G,K,G,G,G,K,S,D,K,D,C,D,C,ID=22_26;partial=00;start_type=ATG;rbs_motif=GGAG/GAGG;rbs_spacer=5-10bp;gc_cont=0.639,ID=22_26;partial=00;start_type=ATG;rbs_motif=GGAG/GAGG;rbs_spacer=5-10bp;gc,26.0
JAGDVS010000093.1_29,G,K,G,G,G,K,S,D,K,D,C,D,C,ID=188_29;partial=00;start_type=ATG;rbs_motif=AGGAG;rbs_spacer=5-10bp;gc_cont=0.570,ID=188_29;partial=00;start_type=ATG;rbs_motif=AGGAG;rbs_spacer=5-10bp;gc,26.0
JAEWBO010000037.1_12,G,K,G,G,G,K,S,D,K,D,C,D,C,ID=20_12;partial=00;start_type=ATG;rbs_motif=GGAGG;rbs_spacer=5-10bp;gc_cont=0.547,ID=20_12;partial=00;start_type=ATG;rbs_motif=GGAGG;rbs_spacer=5-10bp;gc,26.0
JAEWVL010000484.1_5,G,K,G,G,G,K,S,D,K,D,C,D,C,ID=49_5;partial=00;start_type=ATG;rbs_motif=AGGAGG;rbs_spacer=5-10bp;gc_cont=0.513,ID=49_5;partial=00;start_type=ATG;rbs_motif=AGGAGG;rbs_spacer=5-10bp;gc,26.0
JAEXTK010000206.1_1,G,K,G,G,G,K,S,D,K,D,C,D,C,ID=27_1;partial=00;start_type=ATG;rbs_motif=AGGAG;rbs_spacer=5-10bp;gc_cont=0.638,ID=27_1;partial=00;start_type=ATG;rbs_motif=AGGAG;rbs_spacer=5-10bp;gc,26.0
JAEYOE010000012.1_189,G,K,G,G,G,K,S,D,K,D,C,D,C,ID=1_189;partial=00;start_type=ATG;rbs_motif=GGAGG;rbs_spacer=5-10bp;gc_cont=0.556,ID=1_189;partial=00;start_type=ATG;rbs_motif=GGAGG;rbs_spacer=5-10bp;gc,26.0
JAEZJG010000006.1_92,G,K,G,G,G,K,S,D,K,D,C,D,C,ID=19_92;partial=00;start_type=ATG;rbs_motif=AGGAG;rbs_spacer=5-10bp;gc_cont=0.528,ID=19_92;partial=00;start_type=ATG;rbs_motif=AGGAG;rbs_spacer=5-10bp;gc,26.0
JAFADI010000049.1_32,G,K,G,G,G,K,S,D,K,D,C,D,C,ID=159_32;partial=00;start_type=ATG;rbs_motif=AGGAGG;rbs_spacer=5-10bp;gc_cont=0.524,ID=159_32;partial=00;start_type=ATG;rbs_motif=AGGAGG;rbs_spacer=5-10bp;gc,26.0
JAEYRV010000015.1_3,G,K,G,G,G,K,S,D,K,D,C,D,C,ID=28_3;partial=00;start_type=ATG;rbs_motif=AGGAGG;rbs_spacer=5-10bp;gc_cont=0.485,ID=28_3;partial=00;start_type=ATG;rbs_motif=AGGAGG;rbs_spacer=5-10bp;gc,26.0
JAEXPS010000217.1_38,G,K,G,G,G,K,S,D,K,D,C,D,C,ID=84_38;partial=00;start_type=ATG;rbs_motif=GGA/GAG/AGG;rbs_spacer=5-10bp;gc_cont=0.676,ID=84_38;partial=00;start_type=ATG;rbs_motif=GGA/GAG/AGG;rbs_spacer=5-10bp;gc,26.0
JAEXPO010000212.1_2,G,K,G,G,G,K,S,D,K,D,C,D,C,ID=582_2;partial=00;start_type=ATG;rbs_motif=AGGAGG;rbs_spacer=5-10bp;gc_cont=0.502,ID=582_2;partial=00;start_type=ATG;rbs_motif=AGGAGG;rbs_spacer=5-10bp;gc,26.0
JAMDCP010000007.1_174,G,K,G,G,G,K,S,D,K,D,C,D,C,ID=8_174;partial=00;start_type=ATG;rbs_motif=GGAGG;rbs_spacer=5-10bp;gc_cont=0.455,ID=8_174;partial=00;start_type=ATG;rbs_motif=GGAGG;rbs_spacer=5-10bp;gc,26.0
JAJRUS010000056.1_6,G,K,G,G,G,K,S,D,K,D,C,D,C,ID=35_6;partial=00;start_type=ATG;rbs_motif=GGAGG;rbs_spacer=5-10bp;gc_cont=0.536,ID=35_6;partial=00;start_type=ATG;rbs_motif=GGAGG;rbs_spacer=5-10bp;gc,26.0
JAHEEB010000338.1_1,G,K,G,G,G,K,S,D,K,D,C,D,C,ID=1117_1;partial=00;start_type=ATG;rbs_motif=None;rbs_spacer=None;gc_cont=0.416,ID=1117_1;partial=00;start_type=ATG;rbs_motif=None;rbs_spacer=None;gc,26.0
JAILHD010000136.1_16,G,K,G,G,G,K,S,D,K,D,C,D,C,ID=47_16;partial=01;start_type=ATG;rbs_motif=AGGAG;rbs_spacer=5-10bp;gc_cont=0.449,ID=47_16;partial=01;start_type=ATG;rbs_motif=AGGAG;rbs_spacer=5-10bp;gc,26.0
JANWXL010000600.1_1,G,K,G,G,G,K,S,D,K,D,C,D,C,ID=152_1;partial=10;start_type=ATG;rbs_motif=AGGAG;rbs_spacer=5-10bp;gc_cont=0.615,ID=152_1;partial=10;start_type=ATG;rbs_motif=AGGAG;rbs_spacer=5-10bp;gc,26.0
OMVJ01000012.1_54,G,K,G,G,G,K,S,D,K,D,C,D,C,ID=17_54;partial=00;start_type=ATG;rbs_motif=AGGAG;rbs_spacer=5-10bp;gc_cont=0.649,ID=17_54;partial=00;start_type=ATG;rbs_motif=AGGAG;rbs_spacer=5-10bp;gc,26.0
UBMP01000007.1_147,G,K,G,G,G,K,S,D,K,D,C,D,C,ID=20_147;partial=00;start_type=ATG;rbs_motif=AGGA;rbs_spacer=5-10bp;gc_cont=0.590,ID=20_147;partial=00;start_type=ATG;rbs_motif=AGGA;rbs_spacer=5-10bp;gc,26.0
CACVQR010000001.1_199,G,K,G,G,G,K,S,D,K,D,C,D,C,ID=1_199;partial=00;start_type=ATG;rbs_motif=AGGAG;rbs_spacer=5-10bp;gc_cont=0.502,ID=1_199;partial=00;start_type=ATG;rbs_motif=AGGAG;rbs_spacer=5-10bp;gc,26.0
CACZPI010000073.1_25,G,K,G,G,G,K,S,D,K,D,C,D,C,ID=73_25;partial=00;start_type=ATG;rbs_motif=AGGAG;rbs_spacer=5-10bp;gc_cont=0.585,ID=73_25;partial=00;start_type=ATG;rbs_motif=AGGAG;rbs_spacer=5-10bp;gc,26.0
CADBLC010000050.1_5,G,K,G,G,G,K,S,D,K,D,C,D,C,ID=50_5;partial=00;start_type=ATG;rbs_motif=AGGAG;rbs_spacer=5-10bp;gc_cont=0.518,ID=50_5;partial=00;start_type=ATG;rbs_motif=AGGAG;rbs_spacer=5-10bp;gc,26.0
CADCQT010000147.1_6,G,K,G,G,G,K,S,D,K,D,C,D,C,ID=147_6;partial=00;start_type=ATG;rbs_motif=AGGAG;rbs_spacer=5-10bp;gc_cont=0.484,ID=147_6;partial=00;start_type=ATG;rbs_motif=AGGAG;rbs_spacer=5-10bp;gc,26.0
CAILCO010000073.1_49,G,K,G,G,G,K,S,D,K,D,C,D,C,ID=73_49;partial=00;start_type=ATG;rbs_motif=AGGAG;rbs_spacer=5-10bp;gc_cont=0.622,ID=73_49;partial=00;start_type=ATG;rbs_motif=AGGAG;rbs_spacer=5-10bp;gc,26.0
CAINTR010000186.1_73,G,K,G,G,G,K,S,D,K,D,C,D,C,ID=186_73;partial=00;start_type=ATG;rbs_motif=AGGA;rbs_spacer=5-10bp;gc_cont=0.635,ID=186_73;partial=00;start_type=ATG;rbs_motif=AGGA;rbs_spacer=5-10bp;gc,26.0
CAIQPV010000149.1_1,G,K,G,G,G,K,S,D,K,D,C,D,C,ID=149_1;partial=10;start_type=ATG;rbs_motif=AGGAG;rbs_spacer=5-10bp;gc_cont=0.545,ID=149_1;partial=10;start_type=ATG;rbs_motif=AGGAG;rbs_spacer=5-10bp;gc,26.0
CAITSZ010000047.1_151,G,K,G,G,G,K,S,D,K,D,C,D,C,ID=47_151;partial=00;start_type=ATG;rbs_motif=TAA;rbs_spacer=12bp;gc_cont=0.476,ID=47_151;partial=00;start_type=ATG;rbs_motif=TAA;rbs_spacer=12bp;gc,26.0
CAIWCC010000038.1_12,G,K,G,G,G,K,S,D,K,D,C,D,C,ID=38_12;partial=00;start_type=ATG;rbs_motif=TAAA;rbs_spacer=11bp;gc_cont=0.412,ID=38_12;partial=00;start_type=ATG;rbs_motif=TAAA;rbs_spacer=11bp;gc,26.0
CAIYTJ010000326.1_1,G,K,G,G,G,K,S,D,K,D,C,D,C,ID=326_1;partial=10;start_type=ATG;rbs_motif=TAAA;rbs_spacer=11bp;gc_cont=0.459,ID=326_1;partial=10;start_type=ATG;rbs_motif=TAAA;rbs_spacer=11bp;gc,26.0
CAJBEZ010000070.1_9,G,K,G,G,G,K,S,D,K,D,C,D,C,ID=70_9;partial=00;start_type=ATG;rbs_motif=GGAG/GAGG;rbs_spacer=5-10bp;gc_cont=0.513,ID=70_9;partial=00;start_type=ATG;rbs_motif=GGAG/GAGG;rbs_spacer=5-10bp;gc,26.0
CAJOPE010000159.1_10,G,K,G,G,G,K,S,D,K,D,C,D,C,ID=159_10;partial=00;start_type=ATG;rbs_motif=TAA;rbs_spacer=14bp;gc_cont=0.460,ID=159_10;partial=00;start_type=ATG;rbs_motif=TAA;rbs_spacer=14bp;gc,26.0
CAKMJS010000111.1_43,G,K,G,G,G,K,S,D,K,D,C,D,C,ID=111_43;partial=00;start_type=ATG;rbs_motif=AGGAG;rbs_spacer=5-10bp;gc_cont=0.457,ID=111_43;partial=00;start_type=ATG;rbs_motif=AGGAG;rbs_spacer=5-10bp;gc,26.0
NC_009937.1_1061,G,K,G,G,G,K,S,D,K,D,C,D,C,ID=1_1061;partial=00;start_type=ATG;rbs_motif=AGGAG;rbs_spacer=5-10bp;gc_cont=0.641,ID=1_1061;partial=00;start_type=ATG;rbs_motif=AGGAG;rbs_spacer=5-10bp;gc,26.0
NC_009483.1_1215,G,K,G,G,G,K,S,D,K,D,C,D,C,ID=1_1215;partial=00;start_type=ATG;rbs_motif=AGGAG;rbs_spacer=5-10bp;gc_cont=0.574,ID=1_1215;partial=00;start_type=ATG;rbs_motif=AGGAG;rbs_spacer=5-10bp;gc,26.0
NC_014034.1_568,G,K,G,G,G,K,S,D,K,D,C,D,C,ID=1_568;partial=00;start_type=ATG;rbs_motif=GGAG/GAGG;rbs_spacer=5-10bp;gc_cont=0.602,ID=1_568;partial=00;start_type=ATG;rbs_motif=GGAG/GAGG;rbs_spacer=5-10bp;gc,26.0
NC_017448.1_1464,G,K,G,G,G,K,S,D,K,D,C,D,C,ID=1_1464;partial=00;start_type=ATG;rbs_motif=AGGAG/GGAGG;rbs_spacer=11-12bp;gc_cont=0.524,ID=1_1464;partial=00;start_type=ATG;rbs_motif=AGGAG/GGAGG;rbs_spacer=11-12bp;gc,26.0
NZ_CM001368.1_475,G,K,G,G,G,K,S,D,K,D,C,D,C,ID=1_475;partial=00;start_type=ATG;rbs_motif=AGGAGG;rbs_spacer=5-10bp;gc_cont=0.618,ID=1_475;partial=00;start_type=ATG;rbs_motif=AGGAGG;rbs_spacer=5-10bp;gc,26.0
NC_015572.1_1471,G,K,G,G,G,K,S,D,K,D,C,D,C,ID=1_1471;partial=00;start_type=ATG;rbs_motif=AGGAG;rbs_spacer=5-10bp;gc_cont=0.494,ID=1_1471;partial=00;start_type=ATG;rbs_motif=AGGAG;rbs_spacer=5-10bp;gc,26.0
NZ_CM001442.1_1354,G,K,G,G,G,K,S,D,K,D,C,D,C,ID=1_1354;partial=00;start_type=ATG;rbs_motif=GGAG/GAGG;rbs_spacer=5-10bp;gc_cont=0.591,ID=1_1354;partial=00;start_type=ATG;rbs_motif=GGAG/GAGG;rbs_spacer=5-10bp;gc,26.0
NC_017094.1_2368,G,K,G,G,G,K,S,D,K,D,C,D,C,ID=1_2368;partial=00;start_type=ATG;rbs_motif=AGGAGG;rbs_spacer=5-10bp;gc_cont=0.537,ID=1_2368;partial=00;start_type=ATG;rbs_motif=AGGAGG;rbs_spacer=5-10bp;gc,26.0
NZ_ALVZ01000230.1_6,G,K,G,G,G,K,S,D,K,D,C,D,C,ID=230_6;partial=00;start_type=ATG;rbs_motif=None;rbs_spacer=None;gc_cont=0.433,ID=230_6;partial=00;start_type=ATG;rbs_motif=None;rbs_spacer=None;gc,26.0
NZ_KB889967.1_3135,G,K,G,G,G,K,S,D,K,D,C,D,C,ID=1_3135;partial=00;start_type=ATG;rbs_motif=AGGAG;rbs_spacer=5-10bp;gc_cont=0.615,ID=1_3135;partial=00;start_type=ATG;rbs_motif=AGGAG;rbs_spacer=5-10bp;gc,26.0
NZ_CM001857.1_489,G,K,G,G,G,K,S,D,K,D,C,D,C,ID=1_489;partial=00;start_type=ATG;rbs_motif=AGGAG;rbs_spacer=5-10bp;gc_cont=0.584,ID=1_489;partial=00;start_type=ATG;rbs_motif=AGGAG;rbs_spacer=5-10bp;gc,26.0
NZ_AUJY01000002.1_225,G,K,G,G,G,K,S,D,K,D,C,D,C,ID=2_225;partial=00;start_type=ATG;rbs_motif=AGGAG;rbs_spacer=5-10bp;gc_cont=0.464,ID=2_225;partial=00;start_type=ATG;rbs_motif=AGGAG;rbs_spacer=5-10bp;gc,26.0
NZ_KE386928.1_100,G,K,G,G,G,K,S,D,K,D,C,D,C,ID=6_100;partial=00;start_type=ATG;rbs_motif=AGGAG;rbs_spacer=5-10bp;gc_cont=0.648,ID=6_100;partial=00;start_type=ATG;rbs_motif=AGGAG;rbs_spacer=5-10bp;gc,26.0
NZ_AXAU01000021.1_117,G,K,G,G,G,K,S,D,K,D,C,D,C,ID=12_117;partial=00;start_type=ATG;rbs_motif=GGAG/GAGG;rbs_spacer=5-10bp;gc_cont=0.599,ID=12_117;partial=00;start_type=ATG;rbs_motif=GGAG/GAGG;rbs_spacer=5-10bp;gc,26.0
NZ_JAEB01000011.1_73,G,K,G,G,G,K,S,D,K,D,C,D,C,ID=7_73;partial=00;start_type=ATG;rbs_motif=GGAG/GAGG;rbs_spacer=5-10bp;gc_cont=0.444,ID=7_73;partial=00;start_type=ATG;rbs_motif=GGAG/GAGG;rbs_spacer=5-10bp;gc,26.0
NZ_JHVB01000007.1_83,G,K,G,G,G,K,S,D,K,D,C,D,C,ID=6_83;partial=00;start_type=ATG;rbs_motif=AGGAG;rbs_spacer=5-10bp;gc_cont=0.489,ID=6_83;partial=00;start_type=ATG;rbs_motif=AGGAG;rbs_spacer=5-10bp;gc,26.0
NZ_JNLQ01000002.1_739,G,K,G,G,G,K,S,D,K,D,C,D,C,ID=2_739;partial=00;start_type=ATG;rbs_motif=AGGAG;rbs_spacer=5-10bp;gc_cont=0.449,ID=2_739;partial=00;start_type=ATG;rbs_motif=AGGAG;rbs_spacer=5-10bp;gc,26.0
NZ_CP009288.1_1206,G,K,G,G,G,K,S,D,K,D,C,D,C,ID=1_1206;partial=00;start_type=ATG;rbs_motif=GGA/GAG/AGG;rbs_spacer=5-10bp;gc_cont=0.519,ID=1_1206;partial=00;start_type=ATG;rbs_motif=GGA/GAG/AGG;rbs_spacer=5-10bp;gc,26.0
NZ_JXXE01000460.1_1,G,K,G,G,G,K,S,D,K,D,C,D,C,ID=621_1;partial=00;start_type=ATG;rbs_motif=GGAG/GAGG;rbs_spacer=5-10bp;gc_cont=0.629,ID=621_1;partial=00;start_type=ATG;rbs_motif=GGAG/GAGG;rbs_spacer=5-10bp;gc,26.0
NZ_CP011412.1_3318,G,K,G,G,G,K,S,D,K,D,C,D,C,ID=1_3318;partial=00;start_type=ATG;rbs_motif=AGGAG;rbs_spacer=5-10bp;gc_cont=0.579,ID=1_3318;partial=00;start_type=ATG;rbs_motif=AGGAG;rbs_spacer=5-10bp;gc,26.0
NZ_BBCC01000105.1_16,G,K,G,G,G,K,S,D,K,D,C,D,C,ID=105_16;partial=00;start_type=ATG;rbs_motif=AGGA;rbs_spacer=5-10bp;gc_cont=0.545,ID=105_16;partial=00;start_type=ATG;rbs_motif=AGGA;rbs_spacer=5-10bp;gc,26.0
NZ_BCTC01000308.1_1,G,K,G,G,G,K,S,D,K,D,C,D,C,ID=308_1;partial=00;start_type=ATG;rbs_motif=GGAG/GAGG;rbs_spacer=5-10bp;gc_cont=0.643,ID=308_1;partial=00;start_type=ATG;rbs_motif=GGAG/GAGG;rbs_spacer=5-10bp;gc,26.0
NZ_CP015137.1_1249,G,K,G,G,G,K,S,D,K,D,C,D,C,ID=1_1249;partial=00;start_type=ATG;rbs_motif=AGGAG;rbs_spacer=5-10bp;gc_cont=0.586,ID=1_1249;partial=00;start_type=ATG;rbs_motif=AGGAG;rbs_spacer=5-10bp;gc,26.0
NZ_CP014671.1_48,G,K,G,G,G,K,S,D,K,D,C,D,C,ID=1_48;partial=00;start_type=ATG;rbs_motif=AGGAG;rbs_spacer=5-10bp;gc_cont=0.620,ID=1_48;partial=00;start_type=ATG;rbs_motif=AGGAG;rbs_spacer=5-10bp;gc,26.0
NZ_LZQD01000005.1_162,G,K,G,G,G,K,S,D,K,D,C,D,C,ID=45_162;partial=00;start_type=ATG;rbs_motif=AGGA/GGAG/GAGG;rbs_spacer=11-12bp;gc_cont=0.456,ID=45_162;partial=00;start_type=ATG;rbs_motif=AGGA/GGAG/GAGG;rbs_spacer=11-12bp;gc,26.0
NZ_LZZM01000215.1_10,G,K,G,G,G,K,S,D,K,D,C,D,C,ID=215_10;partial=00;start_type=ATG;rbs_motif=AGGAGG;rbs_spacer=5-10bp;gc_cont=0.331,ID=215_10;partial=00;start_type=ATG;rbs_motif=AGGAGG;rbs_spacer=5-10bp;gc,26.0
NZ_CP021780.1_5208,G,K,G,G,G,K,S,D,K,D,C,D,C,ID=1_5208;partial=00;start_type=ATG;rbs_motif=GGA/GAG/AGG;rbs_spacer=5-10bp;gc_cont=0.522,ID=1_5208;partial=00;start_type=ATG;rbs_motif=GGA/GAG/AGG;rbs_spacer=5-10bp;gc,26.0
NZ_NTFS01000068.1_10,G,K,G,G,G,K,S,D,K,D,C,D,C,ID=645_10;partial=00;start_type=ATG;rbs_motif=None;rbs_spacer=None;gc_cont=0.462,ID=645_10;partial=00;start_type=ATG;rbs_motif=None;rbs_spacer=None;gc,26.0
NZ_NWTG01000003.1_80,G,K,G,G,G,K,S,D,K,D,C,D,C,ID=33_80;partial=00;start_type=ATG;rbs_motif=GGAG/GAGG;rbs_spacer=5-10bp;gc_cont=0.590,ID=33_80;partial=00;start_type=ATG;rbs_motif=GGAG/GAGG;rbs_spacer=5-10bp;gc,26.0
NZ_POUT01000003.1_350,G,K,G,G,G,K,S,D,K,D,C,D,C,ID=31_350;partial=00;start_type=ATG;rbs_motif=GGAG/GAGG;rbs_spacer=5-10bp;gc_cont=0.629,ID=31_350;partial=00;start_type=ATG;rbs_motif=GGAG/GAGG;rbs_spacer=5-10bp;gc,26.0
NZ_PVZB01000034.1_44,G,K,G,G,G,K,S,D,K,D,C,D,C,ID=34_44;partial=00;start_type=ATG;rbs_motif=GGAG/GAGG;rbs_spacer=5-10bp;gc_cont=0.600,ID=34_44;partial=00;start_type=ATG;rbs_motif=GGAG/GAGG;rbs_spacer=5-10bp;gc,26.0
NZ_CP022364.1_839,G,K,G,G,G,K,S,D,K,D,C,D,C,ID=1_839;partial=00;start_type=ATG;rbs_motif=AGGAG;rbs_spacer=5-10bp;gc_cont=0.647,ID=1_839;partial=00;start_type=ATG;rbs_motif=AGGAG;rbs_spacer=5-10bp;gc,26.0
NZ_NPEX01000005.1_39,G,K,G,G,G,K,S,D,K,D,C,D,C,ID=596_39;partial=00;start_type=ATG;rbs_motif=AGGA;rbs_spacer=5-10bp;gc_cont=0.656,ID=596_39;partial=00;start_type=ATG;rbs_motif=AGGA;rbs_spacer=5-10bp;gc,26.0
NZ_QMEK01000004.1_149,G,K,G,G,G,K,S,D,K,D,C,D,C,ID=11_149;partial=00;start_type=ATG;rbs_motif=AGGA;rbs_spacer=5-10bp;gc_cont=0.615,ID=11_149;partial=00;start_type=ATG;rbs_motif=AGGA;rbs_spacer=5-10bp;gc,26.0
NZ_RJVG01000004.1_38,G,K,G,G,G,K,S,D,K,D,C,D,C,ID=4_38;partial=00;start_type=ATG;rbs_motif=GGAGG;rbs_spacer=5-10bp;gc_cont=0.393,ID=4_38;partial=00;start_type=ATG;rbs_motif=GGAGG;rbs_spacer=5-10bp;gc,26.0
NZ_ML133638.1_2,G,K,G,G,G,K,S,D,K,D,C,D,C,ID=74_2;partial=00;start_type=ATG;rbs_motif=AGGA;rbs_spacer=5-10bp;gc_cont=0.598,ID=74_2;partial=00;start_type=ATG;rbs_motif=AGGA;rbs_spacer=5-10bp;gc,26.0
NZ_LBJC01000002.1_25,G,K,G,G,G,K,S,D,K,D,C,D,C,ID=71_25;partial=00;start_type=ATG;rbs_motif=GGAG/GAGG;rbs_spacer=5-10bp;gc_cont=0.565,ID=71_25;partial=00;start_type=ATG;rbs_motif=GGAG/GAGG;rbs_spacer=5-10bp;gc,26.0
NZ_SMGD01000011.1_9,G,K,G,G,G,K,S,D,K,D,C,D,C,ID=1_9;partial=00;start_type=ATG;rbs_motif=AGGAG;rbs_spacer=5-10bp;gc_cont=0.462,ID=1_9;partial=00;start_type=ATG;rbs_motif=AGGAG;rbs_spacer=5-10bp;gc,26.0
NZ_SNXY01000009.1_54,G,K,G,G,G,K,S,D,K,D,C,D,C,ID=4_54;partial=00;start_type=ATG;rbs_motif=GGAG/GAGG;rbs_spacer=5-10bp;gc_cont=0.669,ID=4_54;partial=00;start_type=ATG;rbs_motif=GGAG/GAGG;rbs_spacer=5-10bp;gc,26.0
NZ_CP039650.1_1854,G,K,G,G,G,K,S,D,K,D,C,D,C,ID=1_1854;partial=00;start_type=ATG;rbs_motif=AGGAG;rbs_spacer=5-10bp;gc_cont=0.632,ID=1_1854;partial=00;start_type=ATG;rbs_motif=AGGAG;rbs_spacer=5-10bp;gc,26.0
NZ_BJMV01000010.1_40,G,K,G,G,G,K,S,D,K,D,C,D,C,ID=10_40;partial=00;start_type=ATG;rbs_motif=AGGA;rbs_spacer=5-10bp;gc_cont=0.570,ID=10_40;partial=00;start_type=ATG;rbs_motif=AGGA;rbs_spacer=5-10bp;gc,26.0
NZ_VITN01000004.1_23,G,K,G,G,G,K,S,D,K,D,C,D,C,ID=4_23;partial=00;start_type=ATG;rbs_motif=AGGAG;rbs_spacer=5-10bp;gc_cont=0.643,ID=4_23;partial=00;start_type=ATG;rbs_motif=AGGAG;rbs_spacer=5-10bp;gc,26.0
NZ_VTTL01000006.1_97,G,K,G,G,G,K,S,D,K,D,C,D,C,ID=32_97;partial=00;start_type=ATG;rbs_motif=AGGAG;rbs_spacer=5-10bp;gc_cont=0.628,ID=32_97;partial=00;start_type=ATG;rbs_motif=AGGAG;rbs_spacer=5-10bp;gc,26.0
NZ_WIVE01000064.1_4,G,K,G,G,G,K,S,D,K,D,C,D,C,ID=158_4;partial=00;start_type=ATG;rbs_motif=AGGAG;rbs_spacer=5-10bp;gc_cont=0.645,ID=158_4;partial=00;start_type=ATG;rbs_motif=AGGAG;rbs_spacer=5-10bp;gc,26.0
NZ_ML776472.1_4175,G,K,G,G,G,K,S,D,K,D,C,D,C,ID=1_4175;partial=00;start_type=ATG;rbs_motif=GGAG/GAGG;rbs_spacer=5-10bp;gc_cont=0.523,ID=1_4175;partial=00;start_type=ATG;rbs_motif=GGAG/GAGG;rbs_spacer=5-10bp;gc,26.0
NZ_WUFT01000009.1_255,G,K,G,G,G,K,S,D,K,D,C,D,C,ID=169_255;partial=00;start_type=ATG;rbs_motif=AGGA;rbs_spacer=5-10bp;gc_cont=0.551,ID=169_255;partial=00;start_type=ATG;rbs_motif=AGGA;rbs_spacer=5-10bp;gc,26.0
NZ_JAAXMS010000004.1_273,G,K,G,G,G,K,S,D,K,D,C,D,C,ID=34_273;partial=00;start_type=ATG;rbs_motif=GGAG/GAGG;rbs_spacer=5-10bp;gc_cont=0.573,ID=34_273;partial=00;start_type=ATG;rbs_motif=GGAG/GAGG;rbs_spacer=5-10bp;gc,26.0
NZ_CP033367.1_6616,G,K,G,G,G,K,S,D,K,D,C,D,C,ID=1_6616;partial=00;start_type=ATG;rbs_motif=AGGA;rbs_spacer=5-10bp;gc_cont=0.600,ID=1_6616;partial=00;start_type=ATG;rbs_motif=AGGA;rbs_spacer=5-10bp;gc,26.0
NZ_JABFFR010000048.1_14,G,K,G,G,G,K,S,D,K,D,C,D,C,ID=70_14;partial=00;start_type=ATG;rbs_motif=AGGAG;rbs_spacer=5-10bp;gc_cont=0.659,ID=70_14;partial=00;start_type=ATG;rbs_motif=AGGAG;rbs_spacer=5-10bp;gc,26.0
NZ_JACHIH010000016.1_89,G,K,G,G,G,K,S,D,K,D,C,D,C,ID=16_89;partial=00;start_type=ATG;rbs_motif=GGAG/GAGG;rbs_spacer=5-10bp;gc_cont=0.643,ID=16_89;partial=00;start_type=ATG;rbs_motif=GGAG/GAGG;rbs_spacer=5-10bp;gc,26.0
NZ_CP053923.1_3684,G,K,G,G,G,K,S,D,K,D,C,D,C,ID=1_3684;partial=00;start_type=ATG;rbs_motif=AGGAG;rbs_spacer=5-10bp;gc_cont=0.601,ID=1_3684;partial=00;start_type=ATG;rbs_motif=AGGAG;rbs_spacer=5-10bp;gc,26.0
NZ_JHQS01000013.1_61,G,K,G,G,G,K,S,D,K,D,C,D,C,ID=75_61;partial=00;start_type=ATG;rbs_motif=AGGA;rbs_spacer=5-10bp;gc_cont=0.626,ID=75_61;partial=00;start_type=ATG;rbs_motif=AGGA;rbs_spacer=5-10bp;gc,26.0
NZ_PEHF01000026.1_143,G,K,G,G,G,K,S,D,K,D,C,D,C,ID=125_143;partial=00;start_type=ATG;rbs_motif=AGGAG;rbs_spacer=5-10bp;gc_cont=0.519,ID=125_143;partial=00;start_type=ATG;rbs_motif=AGGAG;rbs_spacer=5-10bp;gc,26.0
NZ_CP067100.1_6399,G,K,G,G,G,K,S,D,K,D,C,D,C,ID=1_6399;partial=00;start_type=ATG;rbs_motif=GGAG/GAGG;rbs_spacer=5-10bp;gc_cont=0.615,ID=1_6399;partial=00;start_type=ATG;rbs_motif=GGAG/GAGG;rbs_spacer=5-10bp;gc,26.0
NZ_CP075169.1_2760,G,K,G,G,G,K,S,D,K,D,C,D,C,ID=1_2760;partial=00;start_type=ATG;rbs_motif=AGGAG;rbs_spacer=5-10bp;gc_cont=0.547,ID=1_2760;partial=00;start_type=ATG;rbs_motif=AGGAG;rbs_spacer=5-10bp;gc,26.0
NZ_CP059067.1_4818,G,K,G,G,G,K,S,D,K,D,C,D,C,ID=1_4818;partial=00;start_type=ATG;rbs_motif=GGAG/GAGG;rbs_spacer=5-10bp;gc_cont=0.652,ID=1_4818;partial=00;start_type=ATG;rbs_motif=GGAG/GAGG;rbs_spacer=5-10bp;gc,26.0
NZ_JAFCLP010000015.1_49,G,K,G,G,G,K,S,D,K,D,C,D,C,ID=7_49;partial=00;start_type=ATG;rbs_motif=GGAG/GAGG;rbs_spacer=5-10bp;gc_cont=0.620,ID=7_49;partial=00;start_type=ATG;rbs_motif=GGAG/GAGG;rbs_spacer=5-10bp;gc,26.0
NZ_JAHEAG010000065.1_14,G,K,G,G,G,K,S,D,K,D,C,D,C,ID=225_14;partial=00;start_type=ATG;rbs_motif=GGAG/GAGG;rbs_spacer=5-10bp;gc_cont=0.607,ID=225_14;partial=00;start_type=ATG;rbs_motif=GGAG/GAGG;rbs_spacer=5-10bp;gc,26.0
NZ_CP077107.1_404,G,K,G,G,G,K,S,D,K,D,C,D,C,ID=1_404;partial=00;start_type=ATG;rbs_motif=GGA/GAG/AGG;rbs_spacer=5-10bp;gc_cont=0.459,ID=1_404;partial=00;start_type=ATG;rbs_motif=GGA/GAG/AGG;rbs_spacer=5-10bp;gc,26.0
NZ_JAIUZP010000004.1_483,G,K,G,G,G,K,S,D,K,D,C,D,C,ID=4_483;partial=00;start_type=ATG;rbs_motif=AGGA;rbs_spacer=5-10bp;gc_cont=0.637,ID=4_483;partial=00;start_type=ATG;rbs_motif=AGGA;rbs_spacer=5-10bp;gc,26.0
NZ_AP024485.1_1245,G,K,G,G,G,K,S,D,K,D,C,D,C,ID=1_1245;partial=00;start_type=ATG;rbs_motif=GGAGG;rbs_spacer=5-10bp;gc_cont=0.556,ID=1_1245;partial=00;start_type=ATG;rbs_motif=GGAGG;rbs_spacer=5-10bp;gc,26.0
NZ_JAIRDQ010000013.1_219,G,K,G,G,G,K,S,D,K,D,C,D,C,ID=5_219;partial=00;start_type=ATG;rbs_motif=GGAG/GAGG;rbs_spacer=5-10bp;gc_cont=0.608,ID=5_219;partial=00;start_type=ATG;rbs_motif=GGAG/GAGG;rbs_spacer=5-10bp;gc,26.0
NZ_CP054699.1_2251,G,K,G,G,G,K,S,D,K,D,C,D,C,ID=1_2251;partial=00;start_type=ATG;rbs_motif=AGxAGG/AGGxGG;rbs_spacer=5-10bp;gc_cont=0.499,ID=1_2251;partial=00;start_type=ATG;rbs_motif=AGxAGG/AGGxGG;rbs_spacer=5-10bp;gc,26.0
NZ_JADPKY010000053.1_4,G,K,G,G,G,K,S,D,K,D,C,D,C,ID=100_4;partial=00;start_type=ATG;rbs_motif=GGAG/GAGG;rbs_spacer=5-10bp;gc_cont=0.590,ID=100_4;partial=00;start_type=ATG;rbs_motif=GGAG/GAGG;rbs_spacer=5-10bp;gc,26.0
NZ_JAMXLX010000012.1_54,G,K,G,G,G,K,S,D,K,D,C,D,C,ID=4_54;partial=00;start_type=ATG;rbs_motif=AGGA;rbs_spacer=5-10bp;gc_cont=0.611,ID=4_54;partial=00;start_type=ATG;rbs_motif=AGGA;rbs_spacer=5-10bp;gc,26.0
NZ_CP036533.1_6535,G,K,G,G,G,K,S,D,K,D,C,D,C,ID=1_6535;partial=00;start_type=ATG;rbs_motif=GGAG/GAGG;rbs_spacer=5-10bp;gc_cont=0.569,ID=1_6535;partial=00;start_type=ATG;rbs_motif=GGAG/GAGG;rbs_spacer=5-10bp;gc,26.0
NZ_FNEE01000025.1_27,G,K,G,G,G,K,S,D,K,D,C,D,C,ID=41_27;partial=00;start_type=ATG;rbs_motif=AGGA;rbs_spacer=5-10bp;gc_cont=0.600,ID=41_27;partial=00;start_type=ATG;rbs_motif=AGGA;rbs_spacer=5-10bp;gc,26.0
NZ_LT630003.1_2105,G,K,G,G,G,K,S,D,K,D,C,D,C,ID=1_2105;partial=00;start_type=ATG;rbs_motif=GGAG/GAGG;rbs_spacer=5-10bp;gc_cont=0.495,ID=1_2105;partial=00;start_type=ATG;rbs_motif=GGAG/GAGG;rbs_spacer=5-10bp;gc,26.0
NZ_FOKQ01000005.1_27,G,K,G,G,G,K,S,D,K,D,C,D,C,ID=38_27;partial=00;start_type=ATG;rbs_motif=GGAG/GAGG;rbs_spacer=5-10bp;gc_cont=0.493,ID=38_27;partial=00;start_type=ATG;rbs_motif=GGAG/GAGG;rbs_spacer=5-10bp;gc,26.0
NZ_FPIR01000022.1_47,G,K,G,G,G,K,S,D,K,D,C,D,C,ID=30_47;partial=00;start_type=ATG;rbs_motif=GGAG/GAGG;rbs_spacer=5-10bp;gc_cont=0.541,ID=30_47;partial=00;start_type=ATG;rbs_motif=GGAG/GAGG;rbs_spacer=5-10bp;gc,26.0
NZ_FRCP01000009.1_180,G,K,G,G,G,K,S,D,K,D,C,D,C,ID=28_180;partial=00;start_type=ATG;rbs_motif=GGAGG;rbs_spacer=5-10bp;gc_cont=0.414,ID=28_180;partial=00;start_type=ATG;rbs_motif=GGAGG;rbs_spacer=5-10bp;gc,26.0
NZ_FWXH01000008.1_49,G,K,G,G,G,K,S,D,K,D,C,D,C,ID=39_49;partial=00;start_type=ATG;rbs_motif=GGAGG;rbs_spacer=5-10bp;gc_cont=0.338,ID=39_49;partial=00;start_type=ATG;rbs_motif=GGAGG;rbs_spacer=5-10bp;gc,26.0
NZ_OCMS01000004.1_2,G,K,G,G,G,K,S,D,K,D,C,D,C,ID=5_2;partial=00;start_type=ATG;rbs_motif=AGGA/GGAG/GAGG;rbs_spacer=11-12bp;gc_cont=0.532,ID=5_2;partial=00;start_type=ATG;rbs_motif=AGGA/GGAG/GAGG;rbs_spacer=11-12bp;gc,26.0
NZ_CACVBO010000001.1_215,G,K,G,G,G,K,S,D,K,D,C,D,C,ID=1_215;partial=00;start_type=ATG;rbs_motif=None;rbs_spacer=None;gc_cont=0.531,ID=1_215;partial=00;start_type=ATG;rbs_motif=None;rbs_spacer=None;gc,26.0
JAATFX010000033.1_123,G,K,G,G,G,K,S,D,K,D,C,D,C,ID=143_123;partial=00;start_type=GTG;rbs_motif=AGGAG;rbs_spacer=5-10bp;gc_cont=0.471,ID=143_123;partial=00;start_type=GTG;rbs_motif=AGGAG;rbs_spacer=5-10bp;gc,26.0
JAEWSZ010000134.1_79,G,K,G,G,G,K,S,D,K,D,C,D,C,ID=23_79;partial=00;start_type=ATG;rbs_motif=AGGAGG;rbs_spacer=5-10bp;gc_cont=0.458,ID=23_79;partial=00;start_type=ATG;rbs_motif=AGGAGG;rbs_spacer=5-10bp;gc,26.0
JAEZMB010000328.1_6,G,K,G,G,G,K,S,D,K,D,C,D,C,ID=27_6;partial=00;start_type=ATG;rbs_motif=AGGAG;rbs_spacer=5-10bp;gc_cont=0.627,ID=27_6;partial=00;start_type=ATG;rbs_motif=AGGAG;rbs_spacer=5-10bp;gc,26.0
NZ_AFWT01000026.1_4,G,K,G,G,G,K,S,D,K,D,C,D,C,ID=116_4;partial=00;start_type=ATG;rbs_motif=AGGA;rbs_spacer=5-10bp;gc_cont=0.582,ID=116_4;partial=00;start_type=ATG;rbs_motif=AGGA;rbs_spacer=5-10bp;gc,26.0
NZ_JHZB01000015.1_69,G,K,G,G,G,K,S,D,K,D,C,D,C,ID=14_69;partial=00;start_type=ATG;rbs_motif=AGGAG;rbs_spacer=5-10bp;gc_cont=0.591,ID=14_69;partial=00;start_type=ATG;rbs_motif=AGGAG;rbs_spacer=5-10bp;gc,26.0
NZ_PIUM01000009.1_80,G,K,G,G,G,K,S,D,K,D,C,D,C,ID=81_80;partial=00;start_type=ATG;rbs_motif=AGGAG;rbs_spacer=5-10bp;gc_cont=0.588,ID=81_80;partial=00;start_type=ATG;rbs_motif=AGGAG;rbs_spacer=5-10bp;gc,26.0
NZ_VWPL01000005.1_51,G,K,G,G,G,K,S,D,K,D,C,D,C,ID=55_51;partial=00;start_type=ATG;rbs_motif=AGGA;rbs_spacer=5-10bp;gc_cont=0.615,ID=55_51;partial=00;start_type=ATG;rbs_motif=AGGA;rbs_spacer=5-10bp;gc,26.0
NZ_CP076607.1_2897,G,K,G,G,G,K,S,D,K,D,C,D,C,ID=1_2897;partial=00;start_type=ATG;rbs_motif=AGGAG;rbs_spacer=5-10bp;gc_cont=0.477,ID=1_2897;partial=00;start_type=ATG;rbs_motif=AGGAG;rbs_spacer=5-10bp;gc,26.0
NZ_LR738849.1_694,G,K,G,G,G,K,S,D,K,D,C,D,C,ID=1_694;partial=00;start_type=ATG;rbs_motif=GGAG/GAGG;rbs_spacer=5-10bp;gc_cont=0.565,ID=1_694;partial=00;start_type=ATG;rbs_motif=GGAG/GAGG;rbs_spacer=5-10bp;gc,26.0
JAGTRY010000045.1_32,G,K,G,G,G,K,S,D,K,D,C,D,C,ID=187_32;partial=00;start_type=ATG;rbs_motif=GGAG/GAGG;rbs_spacer=5-10bp;gc_cont=0.547,ID=187_32;partial=00;start_type=ATG;rbs_motif=GGAG/GAGG;rbs_spacer=5-10bp;gc,26.0
AP018233.1_3456,G,K,G,G,G,K,S,D,K,D,C,D,C,ID=1_3456;partial=00;start_type=ATG;rbs_motif=AGGA/GGAG/GAGG;rbs_spacer=11-12bp;gc_cont=0.446,ID=1_3456;partial=00;start_type=ATG;rbs_motif=AGGA/GGAG/GAGG;rbs_spacer=11-12bp;gc,26.0
NZ_CP047242.1_5234,G,K,G,G,G,K,S,D,K,D,C,D,C,ID=1_5234;partial=00;start_type=ATG;rbs_motif=AGGAG/GGAGG;rbs_spacer=11-12bp;gc_cont=0.465,ID=1_5234;partial=00;start_type=ATG;rbs_motif=AGGAG/GGAGG;rbs_spacer=11-12bp;gc,26.0
NZ_AONC01000029.1_94,G,K,G,G,G,K,S,D,K,D,C,D,C,ID=29_94;partial=00;start_type=ATG;rbs_motif=AGGAG;rbs_spacer=5-10bp;gc_cont=0.615,ID=29_94;partial=00;start_type=ATG;rbs_motif=AGGAG;rbs_spacer=5-10bp;gc,26.0
CP000781.1_145,G,K,G,G,G,K,S,D,K,D,C,D,C,ID=1_145;partial=00;start_type=ATG;rbs_motif=AGGAG;rbs_spacer=5-10bp;gc_cont=0.633,ID=1_145;partial=00;start_type=ATG;rbs_motif=AGGAG;rbs_spacer=5-10bp;gc,26.0
JNKY01000010.1_127,G,K,G,G,G,K,S,D,K,D,C,D,C,ID=9_127;partial=00;start_type=ATG;rbs_motif=GGAG/GAGG;rbs_spacer=5-10bp;gc_cont=0.469,ID=9_127;partial=00;start_type=ATG;rbs_motif=GGAG/GAGG;rbs_spacer=5-10bp;gc,26.0
CCRI01000031.1_17,G,K,G,G,G,K,S,D,K,D,C,D,C,ID=31_17;partial=00;start_type=ATG;rbs_motif=GGA/GAG/AGG;rbs_spacer=5-10bp;gc_cont=0.544,ID=31_17;partial=00;start_type=ATG;rbs_motif=GGA/GAG/AGG;rbs_spacer=5-10bp;gc,26.0
LVBK01000047.1_4,G,K,G,G,G,K,S,D,K,D,C,D,C,ID=67_4;partial=00;start_type=ATG;rbs_motif=AGGAG;rbs_spacer=5-10bp;gc_cont=0.535,ID=67_4;partial=00;start_type=ATG;rbs_motif=AGGAG;rbs_spacer=5-10bp;gc,26.0
MGTO01000132.1_39,G,K,G,G,G,K,S,D,K,D,C,D,C,ID=132_39;partial=00;start_type=ATG;rbs_motif=AGGAG;rbs_spacer=5-10bp;gc_cont=0.618,ID=132_39;partial=00;start_type=ATG;rbs_motif=AGGAG;rbs_spacer=5-10bp;gc,26.0
NCGX01000016.1_44,G,K,G,G,G,K,S,D,K,D,C,D,C,ID=25_44;partial=00;start_type=GTG;rbs_motif=AGGAG;rbs_spacer=5-10bp;gc_cont=0.620,ID=25_44;partial=00;start_type=GTG;rbs_motif=AGGAG;rbs_spacer=5-10bp;gc,26.0
AP017605.1_5206,G,K,G,G,G,K,S,D,K,D,C,D,C,ID=1_5206;partial=00;start_type=ATG;rbs_motif=AGGA;rbs_spacer=5-10bp;gc_cont=0.609,ID=1_5206;partial=00;start_type=ATG;rbs_motif=AGGA;rbs_spacer=5-10bp;gc,26.0
DGUD01000199.1_12,G,K,G,G,G,K,S,D,K,D,C,D,C,ID=90_12;partial=00;start_type=ATG;rbs_motif=AGGAG;rbs_spacer=5-10bp;gc_cont=0.603,ID=90_12;partial=00;start_type=ATG;rbs_motif=AGGAG;rbs_spacer=5-10bp;gc,26.0
DHYT01000192.1_6,G,K,G,G,G,K,S,D,K,D,C,D,C,ID=227_6;partial=00;start_type=ATG;rbs_motif=AGGAGG;rbs_spacer=5-10bp;gc_cont=0.653,ID=227_6;partial=00;start_type=ATG;rbs_motif=AGGAGG;rbs_spacer=5-10bp;gc,26.0
DJFX01000036.1_8,G,K,G,G,G,K,S,D,K,D,C,D,C,ID=27_8;partial=00;start_type=ATG;rbs_motif=AGGAG;rbs_spacer=5-10bp;gc_cont=0.504,ID=27_8;partial=00;start_type=ATG;rbs_motif=AGGAG;rbs_spacer=5-10bp;gc,26.0
DAXJ01000034.1_8,G,K,G,G,G,K,S,D,K,D,C,D,C,ID=86_8;partial=00;start_type=ATG;rbs_motif=GGAG/GAGG;rbs_spacer=5-10bp;gc_cont=0.565,ID=86_8;partial=00;start_type=ATG;rbs_motif=GGAG/GAGG;rbs_spacer=5-10bp;gc,26.0
PIZH01000249.1_3,G,K,G,G,G,K,S,D,K,D,C,D,C,ID=153_3;partial=00;start_type=ATG;rbs_motif=GGAG/GAGG;rbs_spacer=5-10bp;gc_cont=0.581,ID=153_3;partial=00;start_type=ATG;rbs_motif=GGAG/GAGG;rbs_spacer=5-10bp;gc,26.0
PKUC01000060.1_1,G,K,G,G,G,K,S,D,K,D,C,D,C,ID=47_1;partial=10;start_type=ATG;rbs_motif=AGGA;rbs_spacer=5-10bp;gc_cont=0.551,ID=47_1;partial=10;start_type=ATG;rbs_motif=AGGA;rbs_spacer=5-10bp;gc,26.0
QAYZ01000015.1_118,G,K,G,G,G,K,S,D,K,D,C,D,C,ID=13_118;partial=00;start_type=ATG;rbs_motif=None;rbs_spacer=None;gc_cont=0.607,ID=13_118;partial=00;start_type=ATG;rbs_motif=None;rbs_spacer=None;gc,26.0
PMBV01000232.1_5,G,K,G,G,G,K,S,D,K,D,C,D,C,ID=49_5;partial=00;start_type=ATG;rbs_motif=AGGAG;rbs_spacer=5-10bp;gc_cont=0.645,ID=49_5;partial=00;start_type=ATG;rbs_motif=AGGAG;rbs_spacer=5-10bp;gc,26.0
PLTF01000063.1_40,G,K,G,G,G,K,S,D,K,D,C,D,C,ID=49_40;partial=00;start_type=ATG;rbs_motif=AGGAG;rbs_spacer=5-10bp;gc_cont=0.555,ID=49_40;partial=00;start_type=ATG;rbs_motif=AGGAG;rbs_spacer=5-10bp;gc,26.0
QKBZ01000131.1_1,G,K,G,G,G,K,S,D,K,D,C,D,C,ID=307_1;partial=00;start_type=ATG;rbs_motif=AGGAG;rbs_spacer=5-10bp;gc_cont=0.421,ID=307_1;partial=00;start_type=ATG;rbs_motif=AGGAG;rbs_spacer=5-10bp;gc,26.0
QKDK01000232.1_16,G,K,G,G,G,K,S,D,K,D,C,D,C,ID=267_16;partial=00;start_type=ATG;rbs_motif=GGAGG;rbs_spacer=5-10bp;gc_cont=0.443,ID=267_16;partial=00;start_type=ATG;rbs_motif=GGAGG;rbs_spacer=5-10bp;gc,26.0
DQBD01000297.1_4,G,K,G,G,G,K,S,D,K,D,C,D,C,ID=172_4;partial=00;start_type=ATG;rbs_motif=AGGAG;rbs_spacer=5-10bp;gc_cont=0.626,ID=172_4;partial=00;start_type=ATG;rbs_motif=AGGAG;rbs_spacer=5-10bp;gc,26.0
RCHN01000001.1_67,G,K,G,G,G,K,S,D,K,D,C,D,C,ID=1_67;partial=00;start_type=ATG;rbs_motif=AGGAG;rbs_spacer=5-10bp;gc_cont=0.531,ID=1_67;partial=00;start_type=ATG;rbs_motif=AGGAG;rbs_spacer=5-10bp;gc,26.0
SMDE01000005.1_47,G,K,G,G,G,K,S,D,K,D,C,D,C,ID=5_47;partial=00;start_type=ATG;rbs_motif=AGGAG;rbs_spacer=5-10bp;gc_cont=0.556,ID=5_47;partial=00;start_type=ATG;rbs_motif=AGGAG;rbs_spacer=5-10bp;gc,26.0
VBWA01000026.1_61,G,K,G,G,G,K,S,D,K,D,C,D,C,ID=51_61;partial=01;start_type=ATG;rbs_motif=AGGAG;rbs_spacer=5-10bp;gc_cont=0.646,ID=51_61;partial=01;start_type=ATG;rbs_motif=AGGAG;rbs_spacer=5-10bp;gc,26.0
RECO01000158.1_7,G,K,G,G,G,K,S,D,K,D,C,D,C,ID=282_7;partial=00;start_type=ATG;rbs_motif=GGA/GAG/AGG;rbs_spacer=5-10bp;gc_cont=0.643,ID=282_7;partial=00;start_type=ATG;rbs_motif=GGA/GAG/AGG;rbs_spacer=5-10bp;gc,26.0
WKKS01000001.1_773,G,K,G,G,G,K,S,D,K,D,C,D,C,ID=1_773;partial=00;start_type=ATG;rbs_motif=AGGAG;rbs_spacer=5-10bp;gc_cont=0.541,ID=1_773;partial=00;start_type=ATG;rbs_motif=AGGAG;rbs_spacer=5-10bp;gc,26.0
JAAANX010000187.1_29,G,K,G,G,G,K,S,D,K,D,C,D,C,ID=41_29;partial=00;start_type=ATG;rbs_motif=GGAG/GAGG;rbs_spacer=5-10bp;gc_cont=0.485,ID=41_29;partial=00;start_type=ATG;rbs_motif=GGAG/GAGG;rbs_spacer=5-10bp;gc,26.0
JAABSP010000032.1_8,G,K,G,G,G,K,S,D,K,D,C,D,C,ID=76_8;partial=00;start_type=ATG;rbs_motif=GGA/GAG/AGG;rbs_spacer=5-10bp;gc_cont=0.588,ID=76_8;partial=00;start_type=ATG;rbs_motif=GGA/GAG/AGG;rbs_spacer=5-10bp;gc,26.0
JAAUQA010000078.1_5,G,K,G,G,G,K,S,D,K,D,C,D,C,ID=53_5;partial=00;start_type=ATG;rbs_motif=AGGAG;rbs_spacer=5-10bp;gc_cont=0.551,ID=53_5;partial=00;start_type=ATG;rbs_motif=AGGAG;rbs_spacer=5-10bp;gc,26.0
JAAYHY010000160.1_66,G,K,G,G,G,K,S,D,K,D,C,D,C,ID=129_66;partial=00;start_type=ATG;rbs_motif=AGGAGG;rbs_spacer=5-10bp;gc_cont=0.556,ID=129_66;partial=00;start_type=ATG;rbs_motif=AGGAGG;rbs_spacer=5-10bp;gc,26.0
JAADIE010000098.1_20,G,K,G,G,G,K,S,D,K,D,C,D,C,ID=35_20;partial=00;start_type=ATG;rbs_motif=AGGAGG;rbs_spacer=5-10bp;gc_cont=0.508,ID=35_20;partial=00;start_type=ATG;rbs_motif=AGGAGG;rbs_spacer=5-10bp;gc,26.0
JAAXXY010000015.1_21,G,K,G,G,G,K,S,D,K,D,C,D,C,ID=39_21;partial=00;start_type=ATG;rbs_motif=None;rbs_spacer=None;gc_cont=0.543,ID=39_21;partial=00;start_type=ATG;rbs_motif=None;rbs_spacer=None;gc,26.0
DUZU01000023.1_7,G,K,G,G,G,K,S,D,K,D,C,D,C,ID=23_7;partial=00;start_type=ATG;rbs_motif=AGGAGG;rbs_spacer=5-10bp;gc_cont=0.581,ID=23_7;partial=00;start_type=ATG;rbs_motif=AGGAGG;rbs_spacer=5-10bp;gc,26.0
VMSS01000216.1_2,G,K,G,G,G,K,S,D,K,D,C,D,C,ID=109_2;partial=00;start_type=ATG;rbs_motif=AGGAGG;rbs_spacer=5-10bp;gc_cont=0.562,ID=109_2;partial=00;start_type=ATG;rbs_motif=AGGAGG;rbs_spacer=5-10bp;gc,26.0
JACUTW010000040.1_19,G,K,G,G,G,K,S,D,K,D,C,D,C,ID=146_19;partial=00;start_type=ATG;rbs_motif=GGAGG;rbs_spacer=5-10bp;gc_cont=0.582,ID=146_19;partial=00;start_type=ATG;rbs_motif=GGAGG;rbs_spacer=5-10bp;gc,26.0
JADEXJ010000075.1_18,G,K,G,G,G,K,S,D,K,D,C,D,C,ID=338_18;partial=00;start_type=ATG;rbs_motif=None;rbs_spacer=None;gc_cont=0.439,ID=338_18;partial=00;start_type=ATG;rbs_motif=None;rbs_spacer=None;gc,26.0
JADFYO010000021.1_15,G,K,G,G,G,K,S,D,K,D,C,D,C,ID=63_15;partial=00;start_type=ATG;rbs_motif=AGGAGG;rbs_spacer=5-10bp;gc_cont=0.529,ID=63_15;partial=00;start_type=ATG;rbs_motif=AGGAGG;rbs_spacer=5-10bp;gc,26.0
WAQR01000070.1_6,G,K,G,G,G,K,S,D,K,D,C,D,C,ID=70_6;partial=00;start_type=ATG;rbs_motif=AGGAGG;rbs_spacer=5-10bp;gc_cont=0.507,ID=70_6;partial=00;start_type=ATG;rbs_motif=AGGAGG;rbs_spacer=5-10bp;gc,26.0
JACPZO010000030.1_21,G,K,G,G,G,K,S,D,K,D,C,D,C,ID=19_21;partial=00;start_type=ATG;rbs_motif=AGGAGG;rbs_spacer=5-10bp;gc_cont=0.643,ID=19_21;partial=00;start_type=ATG;rbs_motif=AGGAGG;rbs_spacer=5-10bp;gc,26.0
JACROP010000056.1_4,G,K,G,G,G,K,S,D,K,D,C,D,C,ID=63_4;partial=00;start_type=ATG;rbs_motif=AGGAGG;rbs_spacer=5-10bp;gc_cont=0.452,ID=63_4;partial=00;start_type=ATG;rbs_motif=AGGAGG;rbs_spacer=5-10bp;gc,26.0
JADQBY010000002.1_214,G,K,G,G,G,K,S,D,K,D,C,D,C,ID=23_214;partial=00;start_type=ATG;rbs_motif=GGAG/GAGG;rbs_spacer=5-10bp;gc_cont=0.459,ID=23_214;partial=00;start_type=ATG;rbs_motif=GGAG/GAGG;rbs_spacer=5-10bp;gc,26.0
JAENWA010000041.1_5,G,K,G,G,G,K,S,D,K,D,C,D,C,ID=41_5;partial=00;start_type=ATG;rbs_motif=GGAG/GAGG;rbs_spacer=5-10bp;gc_cont=0.549,ID=41_5;partial=00;start_type=ATG;rbs_motif=GGAG/GAGG;rbs_spacer=5-10bp;gc,26.0
JADKBN010000029.1_652,G,K,G,G,G,K,S,D,K,D,C,D,C,ID=29_652;partial=00;start_type=ATG;rbs_motif=GGAGG;rbs_spacer=5-10bp;gc_cont=0.618,ID=29_652;partial=00;start_type=ATG;rbs_motif=GGAGG;rbs_spacer=5-10bp;gc,26.0
JAEUPJ010000078.1_1,G,K,G,G,G,K,S,D,K,D,C,D,C,ID=97_1;partial=10;start_type=ATG;rbs_motif=GGAG/GAGG;rbs_spacer=5-10bp;gc_cont=0.636,ID=97_1;partial=10;start_type=ATG;rbs_motif=GGAG/GAGG;rbs_spacer=5-10bp;gc,26.0
JAFGNK010000019.1_14,G,K,G,G,G,K,S,D,K,D,C,D,C,ID=172_14;partial=00;start_type=ATG;rbs_motif=GGA/GAG/AGG;rbs_spacer=5-10bp;gc_cont=0.559,ID=172_14;partial=00;start_type=ATG;rbs_motif=GGA/GAG/AGG;rbs_spacer=5-10bp;gc,26.0
JAFGXR010000020.1_35,G,K,G,G,G,K,S,D,K,D,C,D,C,ID=42_35;partial=00;start_type=ATG;rbs_motif=GGAG/GAGG;rbs_spacer=5-10bp;gc_cont=0.520,ID=42_35;partial=00;start_type=ATG;rbs_motif=GGAG/GAGG;rbs_spacer=5-10bp;gc,26.0
JAFLCQ010000007.1_5,G,K,G,G,G,K,S,D,K,D,C,D,C,ID=535_5;partial=00;start_type=ATG;rbs_motif=GGAG/GAGG;rbs_spacer=5-10bp;gc_cont=0.657,ID=535_5;partial=00;start_type=ATG;rbs_motif=GGAG/GAGG;rbs_spacer=5-10bp;gc,26.0
JAFSQI010000054.1_58,G,K,G,G,G,K,S,D,K,D,C,D,C,ID=4_58;partial=00;start_type=ATG;rbs_motif=AGGAG;rbs_spacer=5-10bp;gc_cont=0.412,ID=4_58;partial=00;start_type=ATG;rbs_motif=AGGAG;rbs_spacer=5-10bp;gc,26.0
JAFUWN010000063.1_6,G,K,G,G,G,K,S,D,K,D,C,D,C,ID=36_6;partial=00;start_type=ATG;rbs_motif=AGGA;rbs_spacer=5-10bp;gc_cont=0.471,ID=36_6;partial=00;start_type=ATG;rbs_motif=AGGA;rbs_spacer=5-10bp;gc,26.0
JAFZLJ010000095.1_11,G,K,G,G,G,K,S,D,K,D,C,D,C,ID=103_11;partial=00;start_type=ATG;rbs_motif=AGGAG;rbs_spacer=5-10bp;gc_cont=0.426,ID=103_11;partial=00;start_type=ATG;rbs_motif=AGGAG;rbs_spacer=5-10bp;gc,26.0
JAGCGO010000100.1_54,G,K,G,G,G,K,S,D,K,D,C,D,C,ID=116_54;partial=00;start_type=ATG;rbs_motif=AGGAG;rbs_spacer=5-10bp;gc_cont=0.520,ID=116_54;partial=00;start_type=ATG;rbs_motif=AGGAG;rbs_spacer=5-10bp;gc,26.0
JAGGAC010000012.1_22,G,K,G,G,G,K,S,D,K,D,C,D,C,ID=63_22;partial=00;start_type=ATG;rbs_motif=AGGAGG;rbs_spacer=5-10bp;gc_cont=0.463,ID=63_22;partial=00;start_type=ATG;rbs_motif=AGGAGG;rbs_spacer=5-10bp;gc,26.0
JAGCPZ010000016.1_2,G,K,G,G,G,K,S,D,K,D,C,D,C,ID=10_2;partial=00;start_type=ATG;rbs_motif=AGGAG;rbs_spacer=5-10bp;gc_cont=0.499,ID=10_2;partial=00;start_type=ATG;rbs_motif=AGGAG;rbs_spacer=5-10bp;gc,26.0
JAHDLO010000020.1_28,G,K,G,G,G,K,S,D,K,D,C,D,C,ID=50_28;partial=00;start_type=ATG;rbs_motif=AGGA;rbs_spacer=5-10bp;gc_cont=0.446,ID=50_28;partial=00;start_type=ATG;rbs_motif=AGGA;rbs_spacer=5-10bp;gc,26.0
JAHJKA010000025.1_5,G,K,G,G,G,K,S,D,K,D,C,D,C,ID=17_5;partial=00;start_type=ATG;rbs_motif=AGGAG;rbs_spacer=5-10bp;gc_cont=0.560,ID=17_5;partial=00;start_type=ATG;rbs_motif=AGGAG;rbs_spacer=5-10bp;gc,26.0
JAFLLC010000084.1_3,G,K,G,G,G,K,S,D,K,D,C,D,C,ID=207_3;partial=00;start_type=ATG;rbs_motif=AGGAG;rbs_spacer=5-10bp;gc_cont=0.546,ID=207_3;partial=00;start_type=ATG;rbs_motif=AGGAG;rbs_spacer=5-10bp;gc,26.0
JAIFLP010000130.1_19,G,K,G,G,G,K,S,D,K,D,C,D,C,ID=29_19;partial=00;start_type=ATG;rbs_motif=TAAAAA;rbs_spacer=10bp;gc_cont=0.388,ID=29_19;partial=00;start_type=ATG;rbs_motif=TAAAAA;rbs_spacer=10bp;gc,26.0
JAGUVW010000026.1_46,G,K,G,G,G,K,S,D,K,D,C,D,C,ID=82_46;partial=00;start_type=ATG;rbs_motif=AGGAG;rbs_spacer=5-10bp;gc_cont=0.568,ID=82_46;partial=00;start_type=ATG;rbs_motif=AGGAG;rbs_spacer=5-10bp;gc,26.0
JACKCP010000019.1_7,G,K,G,G,G,K,S,D,K,D,C,D,C,ID=11_7;partial=00;start_type=ATG;rbs_motif=GGAG/GAGG;rbs_spacer=5-10bp;gc_cont=0.440,ID=11_7;partial=00;start_type=ATG;rbs_motif=GGAG/GAGG;rbs_spacer=5-10bp;gc,26.0
DYGR01000010.1_7,G,K,G,G,G,K,S,D,K,D,C,D,C,ID=20_7;partial=00;start_type=ATG;rbs_motif=AGGAG;rbs_spacer=3-4bp;gc_cont=0.507,ID=20_7;partial=00;start_type=ATG;rbs_motif=AGGAG;rbs_spacer=3-4bp;gc,26.0
JAJPYE010000038.1_47,G,K,G,G,G,K,S,D,K,D,C,D,C,ID=59_47;partial=00;start_type=ATG;rbs_motif=GGA/GAG/AGG;rbs_spacer=5-10bp;gc_cont=0.576,ID=59_47;partial=00;start_type=ATG;rbs_motif=GGA/GAG/AGG;rbs_spacer=5-10bp;gc,26.0
JAASSS010000065.1_3,G,K,G,G,G,K,S,D,K,D,C,D,C,ID=100_3;partial=00;start_type=ATG;rbs_motif=AGGAG;rbs_spacer=5-10bp;gc_cont=0.652,ID=100_3;partial=00;start_type=ATG;rbs_motif=AGGAG;rbs_spacer=5-10bp;gc,26.0
JAJXWO010000001.1_135,G,K,G,G,G,K,S,D,K,D,C,D,C,ID=21_135;partial=00;start_type=ATG;rbs_motif=AGGAG;rbs_spacer=5-10bp;gc_cont=0.537,ID=21_135;partial=00;start_type=ATG;rbs_motif=AGGAG;rbs_spacer=5-10bp;gc,26.0
JAJYJN010000084.1_6,G,K,G,G,G,K,S,D,K,D,C,D,C,ID=64_6;partial=00;start_type=ATG;rbs_motif=GGAGG;rbs_spacer=5-10bp;gc_cont=0.454,ID=64_6;partial=00;start_type=ATG;rbs_motif=GGAGG;rbs_spacer=5-10bp;gc,26.0
JAJZBN010000021.1_22,G,K,G,G,G,K,S,D,K,D,C,D,C,ID=113_22;partial=00;start_type=ATG;rbs_motif=GGAGG;rbs_spacer=5-10bp;gc_cont=0.443,ID=113_22;partial=00;start_type=ATG;rbs_motif=GGAGG;rbs_spacer=5-10bp;gc,26.0
JAJZPJ010000016.1_23,G,K,G,G,G,K,S,D,K,D,C,D,C,ID=160_23;partial=00;start_type=ATG;rbs_motif=AGGAG;rbs_spacer=5-10bp;gc_cont=0.624,ID=160_23;partial=00;start_type=ATG;rbs_motif=AGGAG;rbs_spacer=5-10bp;gc,26.0
JAKARB010000003.1_45,G,K,G,G,G,K,S,D,K,D,C,D,C,ID=4_45;partial=00;start_type=ATG;rbs_motif=GGAG/GAGG;rbs_spacer=5-10bp;gc_cont=0.633,ID=4_45;partial=00;start_type=ATG;rbs_motif=GGAG/GAGG;rbs_spacer=5-10bp;gc,26.0
JAKBNN010000037.1_5,G,K,G,G,G,K,S,D,K,D,C,D,C,ID=12_5;partial=00;start_type=ATG;rbs_motif=GGAGG;rbs_spacer=5-10bp;gc_cont=0.449,ID=12_5;partial=00;start_type=ATG;rbs_motif=GGAGG;rbs_spacer=5-10bp;gc,26.0
JAKLQL010000320.1_2,G,K,G,G,G,K,S,D,K,D,C,D,C,ID=261_2;partial=00;start_type=ATG;rbs_motif=AGGA;rbs_spacer=5-10bp;gc_cont=0.444,ID=261_2;partial=00;start_type=ATG;rbs_motif=AGGA;rbs_spacer=5-10bp;gc,26.0
JAFLSP010000013.1_8,G,K,G,G,G,K,S,D,K,D,C,D,C,ID=35_8;partial=00;start_type=ATG;rbs_motif=GGAG/GAGG;rbs_spacer=5-10bp;gc_cont=0.640,ID=35_8;partial=00;start_type=ATG;rbs_motif=GGAG/GAGG;rbs_spacer=5-10bp;gc,26.0
CP072107.1_207,G,K,G,G,G,K,S,D,K,D,C,D,C,ID=1_207;partial=00;start_type=ATG;rbs_motif=GGAGG;rbs_spacer=5-10bp;gc_cont=0.545,ID=1_207;partial=00;start_type=ATG;rbs_motif=GGAGG;rbs_spacer=5-10bp;gc,26.0
JAHFQC010000144.1_8,G,K,G,G,G,K,S,D,K,D,C,D,C,ID=29_8;partial=01;start_type=ATG;rbs_motif=AGGAG;rbs_spacer=5-10bp;gc_cont=0.612,ID=29_8;partial=01;start_type=ATG;rbs_motif=AGGAG;rbs_spacer=5-10bp;gc,26.0
JAEWAX010000133.1_80,G,K,G,G,G,K,S,D,K,D,C,D,C,ID=137_80;partial=00;start_type=ATG;rbs_motif=GGAGG;rbs_spacer=5-10bp;gc_cont=0.408,ID=137_80;partial=00;start_type=ATG;rbs_motif=GGAGG;rbs_spacer=5-10bp;gc,26.0
JAEWUH010000073.1_5,G,K,G,G,G,K,S,D,K,D,C,D,C,ID=191_5;partial=00;start_type=ATG;rbs_motif=AGGAG;rbs_spacer=5-10bp;gc_cont=0.559,ID=191_5;partial=00;start_type=ATG;rbs_motif=AGGAG;rbs_spacer=5-10bp;gc,26.0
JAEYMU010000026.1_40,G,K,G,G,G,K,S,D,K,D,C,D,C,ID=53_40;partial=00;start_type=ATG;rbs_motif=GGAG/GAGG;rbs_spacer=5-10bp;gc_cont=0.472,ID=53_40;partial=00;start_type=ATG;rbs_motif=GGAG/GAGG;rbs_spacer=5-10bp;gc,26.0
JAEYNX010000015.1_35,G,K,G,G,G,K,S,D,K,D,C,D,C,ID=18_35;partial=00;start_type=ATG;rbs_motif=GGAGG;rbs_spacer=5-10bp;gc_cont=0.564,ID=18_35;partial=00;start_type=ATG;rbs_motif=GGAGG;rbs_spacer=5-10bp;gc,26.0
JAEZJK010000009.1_1,G,K,G,G,G,K,S,D,K,D,C,D,C,ID=105_1;partial=10;start_type=ATG;rbs_motif=AGxAGG/AGGxGG;rbs_spacer=5-10bp;gc_cont=0.479,ID=105_1;partial=10;start_type=ATG;rbs_motif=AGxAGG/AGGxGG;rbs_spacer=5-10bp;gc,26.0
JAFADH010000019.1_12,G,K,G,G,G,K,S,D,K,D,C,D,C,ID=2_12;partial=00;start_type=ATG;rbs_motif=GGAG/GAGG;rbs_spacer=5-10bp;gc_cont=0.510,ID=2_12;partial=00;start_type=ATG;rbs_motif=GGAG/GAGG;rbs_spacer=5-10bp;gc,26.0
JAEYRK010000053.1_88,G,K,G,G,G,K,S,D,K,D,C,D,C,ID=73_88;partial=00;start_type=ATG;rbs_motif=AGGAGG;rbs_spacer=5-10bp;gc_cont=0.483,ID=73_88;partial=00;start_type=ATG;rbs_motif=AGGAGG;rbs_spacer=5-10bp;gc,26.0
JAEXOY010000015.1_203,G,K,G,G,G,K,S,D,K,D,C,D,C,ID=15_203;partial=00;start_type=ATG;rbs_motif=AGGA;rbs_spacer=5-10bp;gc_cont=0.414,ID=15_203;partial=00;start_type=ATG;rbs_motif=AGGA;rbs_spacer=5-10bp;gc,26.0
JAEXPQ010000230.1_1,G,K,G,G,G,K,S,D,K,D,C,D,C,ID=215_1;partial=10;start_type=Edge;rbs_motif=None;rbs_spacer=None;gc_cont=0.636,ID=215_1;partial=10;start_type=Edge;rbs_motif=None;rbs_spacer=None;gc,26.0
JAILZT010000013.1_73,G,K,G,G,G,K,S,D,K,D,C,D,C,ID=5_73;partial=00;start_type=ATG;rbs_motif=None;rbs_spacer=None;gc_cont=0.473,ID=5_73;partial=00;start_type=ATG;rbs_motif=None;rbs_spacer=None;gc,26.0
JAJRQL010000136.1_12,G,K,G,G,G,K,S,D,K,D,C,D,C,ID=140_12;partial=00;start_type=ATG;rbs_motif=AGGAG;rbs_spacer=5-10bp;gc_cont=0.462,ID=140_12;partial=00;start_type=ATG;rbs_motif=AGGAG;rbs_spacer=5-10bp;gc,26.0
JAILGE010000006.1_23,G,K,G,G,G,K,S,D,K,D,C,D,C,ID=20_23;partial=00;start_type=ATG;rbs_motif=AGGAG;rbs_spacer=5-10bp;gc_cont=0.444,ID=20_23;partial=00;start_type=ATG;rbs_motif=AGGAG;rbs_spacer=5-10bp;gc,26.0
JANWYD010000017.1_12,G,K,G,G,G,K,S,D,K,D,C,D,C,ID=88_12;partial=00;start_type=ATG;rbs_motif=AGGAG;rbs_spacer=5-10bp;gc_cont=0.611,ID=88_12;partial=00;start_type=ATG;rbs_motif=AGGAG;rbs_spacer=5-10bp;gc,26.0
OMVQ01000059.1_5,G,K,G,G,G,K,S,D,K,D,C,D,C,ID=89_5;partial=00;start_type=ATG;rbs_motif=AGGA;rbs_spacer=5-10bp;gc_cont=0.380,ID=89_5;partial=00;start_type=ATG;rbs_motif=AGGA;rbs_spacer=5-10bp;gc,26.0
LR026962.1_650,G,K,G,G,G,K,S,D,K,D,C,D,C,ID=1_650;partial=00;start_type=ATG;rbs_motif=TAAA;rbs_spacer=12bp;gc_cont=0.416,ID=1_650;partial=00;start_type=ATG;rbs_motif=TAAA;rbs_spacer=12bp;gc,26.0
CACWJQ010000026.1_5,G,K,G,G,G,K,S,D,K,D,C,D,C,ID=26_5;partial=00;start_type=ATG;rbs_motif=AGGAG/GGAGG;rbs_spacer=11-12bp;gc_cont=0.501,ID=26_5;partial=00;start_type=ATG;rbs_motif=AGGAG/GGAGG;rbs_spacer=11-12bp;gc,26.0
CACYDA010000164.1_3,G,K,G,G,G,K,S,D,K,D,C,D,C,ID=164_3;partial=00;start_type=ATG;rbs_motif=AGGA;rbs_spacer=5-10bp;gc_cont=0.405,ID=164_3;partial=00;start_type=ATG;rbs_motif=AGGA;rbs_spacer=5-10bp;gc,26.0
CACZPR010000118.1_84,G,K,G,G,G,K,S,D,K,D,C,D,C,ID=118_84;partial=00;start_type=ATG;rbs_motif=AGGAG;rbs_spacer=5-10bp;gc_cont=0.489,ID=118_84;partial=00;start_type=ATG;rbs_motif=AGGAG;rbs_spacer=5-10bp;gc,26.0
CADBNB010000283.1_3,G,K,G,G,G,K,S,D,K,D,C,D,C,ID=283_3;partial=00;start_type=ATG;rbs_motif=AGGA/GGAG/GAGG;rbs_spacer=11-12bp;gc_cont=0.400,ID=283_3;partial=00;start_type=ATG;rbs_motif=AGGA/GGAG/GAGG;rbs_spacer=11-12bp;gc,26.0
CADCQX010000125.1_3,G,K,G,G,G,K,S,D,K,D,C,D,C,ID=125_3;partial=00;start_type=ATG;rbs_motif=AGGA;rbs_spacer=5-10bp;gc_cont=0.471,ID=125_3;partial=00;start_type=ATG;rbs_motif=AGGA;rbs_spacer=5-10bp;gc,26.0
CAILJB010000047.1_15,G,K,G,G,G,K,S,D,K,D,C,D,C,ID=47_15;partial=00;start_type=ATG;rbs_motif=AGGAG;rbs_spacer=5-10bp;gc_cont=0.420,ID=47_15;partial=00;start_type=ATG;rbs_motif=AGGAG;rbs_spacer=5-10bp;gc,26.0
CAIOAQ010000105.1_9,G,K,G,G,G,K,S,D,K,D,C,D,C,ID=105_9;partial=00;start_type=ATG;rbs_motif=GGAG/GAGG;rbs_spacer=5-10bp;gc_cont=0.561,ID=105_9;partial=00;start_type=ATG;rbs_motif=GGAG/GAGG;rbs_spacer=5-10bp;gc,26.0
CAIQRS010000269.1_10,G,K,G,G,G,K,S,D,K,D,C,D,C,ID=269_10;partial=00;start_type=ATG;rbs_motif=GGAGG;rbs_spacer=5-10bp;gc_cont=0.671,ID=269_10;partial=00;start_type=ATG;rbs_motif=GGAGG;rbs_spacer=5-10bp;gc,26.0
CAITYL010000375.1_16,G,K,G,G,G,K,S,D,K,D,C,D,C,ID=375_16;partial=00;start_type=ATG;rbs_motif=AGGAG;rbs_spacer=5-10bp;gc_cont=0.608,ID=375_16;partial=00;start_type=ATG;rbs_motif=AGGAG;rbs_spacer=5-10bp;gc,26.0
CAIWPS010000536.1_3,G,K,G,G,G,K,S,D,K,D,C,D,C,ID=536_3;partial=00;start_type=ATG;rbs_motif=GGAG/GAGG;rbs_spacer=5-10bp;gc_cont=0.657,ID=536_3;partial=00;start_type=ATG;rbs_motif=GGAG/GAGG;rbs_spacer=5-10bp;gc,26.0
CAIYTH010000014.1_118,G,K,G,G,G,K,S,D,K,D,C,D,C,ID=14_118;partial=01;start_type=Edge;rbs_motif=None;rbs_spacer=None;gc_cont=0.537,ID=14_118;partial=01;start_type=Edge;rbs_motif=None;rbs_spacer=None;gc,26.0
CAJBLH010000269.1_1,G,K,G,G,G,K,S,D,K,D,C,D,C,ID=269_1;partial=00;start_type=ATG;rbs_motif=AGGA;rbs_spacer=5-10bp;gc_cont=0.525,ID=269_1;partial=00;start_type=ATG;rbs_motif=AGGA;rbs_spacer=5-10bp;gc,26.0
CAJPFJ010000024.1_72,G,K,G,G,G,K,S,D,K,D,C,D,C,ID=24_72;partial=00;start_type=ATG;rbs_motif=AGGAGG;rbs_spacer=5-10bp;gc_cont=0.487,ID=24_72;partial=00;start_type=ATG;rbs_motif=AGGAGG;rbs_spacer=5-10bp;gc,26.0
CAKMKD010000034.1_2,G,K,G,G,G,K,S,D,K,D,C,D,C,ID=34_2;partial=00;start_type=ATG;rbs_motif=AGGAGG;rbs_spacer=3-4bp;gc_cont=0.631,ID=34_2;partial=00;start_type=ATG;rbs_motif=AGGAGG;rbs_spacer=3-4bp;gc,26.0
NC_012796.1_1986,G,K,G,G,G,K,S,D,K,D,C,D,C,ID=1_1986;partial=00;start_type=ATG;rbs_motif=AGGAGG;rbs_spacer=5-10bp;gc_cont=0.617,ID=1_1986;partial=00;start_type=ATG;rbs_motif=AGGAGG;rbs_spacer=5-10bp;gc,26.0
NC_009633.1_3534,G,K,G,G,G,K,S,D,K,D,C,D,C,ID=1_3534;partial=00;start_type=ATG;rbs_motif=GGAGG;rbs_spacer=5-10bp;gc_cont=0.372,ID=1_3534;partial=00;start_type=ATG;rbs_motif=GGAGG;rbs_spacer=5-10bp;gc,26.0
NC_011830.1_1044,G,K,G,G,G,K,S,D,K,D,C,D,C,ID=1_1044;partial=00;start_type=ATG;rbs_motif=AGxAGG/AGGxGG;rbs_spacer=5-10bp;gc_cont=0.523,ID=1_1044;partial=00;start_type=ATG;rbs_motif=AGxAGG/AGGxGG;rbs_spacer=5-10bp;gc,26.0
NC_014484.1_350,G,K,G,G,G,K,S,D,K,D,C,D,C,ID=1_350;partial=00;start_type=ATG;rbs_motif=GGAGG;rbs_spacer=5-10bp;gc_cont=0.579,ID=1_350;partial=00;start_type=ATG;rbs_motif=GGAGG;rbs_spacer=5-10bp;gc,26.0
NC_014828.1_1561,G,K,G,G,G,K,S,D,K,D,C,D,C,ID=1_1561;partial=00;start_type=ATG;rbs_motif=AGGAGG;rbs_spacer=5-10bp;gc_cont=0.565,ID=1_1561;partial=00;start_type=ATG;rbs_motif=AGGAGG;rbs_spacer=5-10bp;gc,26.0
NC_015589.1_3474,G,K,G,G,G,K,S,D,K,D,C,D,C,ID=1_3474;partial=00;start_type=ATG;rbs_motif=AGGAGG;rbs_spacer=5-10bp;gc_cont=0.537,ID=1_3474;partial=00;start_type=ATG;rbs_motif=AGGAGG;rbs_spacer=5-10bp;gc,26.0
NZ_BAEV01000046.1_24,G,K,G,G,G,K,S,D,K,D,C,D,C,ID=198_24;partial=00;start_type=ATG;rbs_motif=AGGAGG;rbs_spacer=5-10bp;gc_cont=0.359,ID=198_24;partial=00;start_type=ATG;rbs_motif=AGGAGG;rbs_spacer=5-10bp;gc,26.0
NC_017249.1_7903,G,K,G,G,G,K,S,D,K,D,C,D,C,ID=1_7903;partial=00;start_type=ATG;rbs_motif=GGAG/GAGG;rbs_spacer=5-10bp;gc_cont=0.550,ID=1_7903;partial=00;start_type=ATG;rbs_motif=GGAG/GAGG;rbs_spacer=5-10bp;gc,26.0
NZ_KB235896.1_2838,G,K,G,G,G,K,S,D,K,D,C,D,C,ID=2_2838;partial=00;start_type=ATG;rbs_motif=AGGA/GGAG/GAGG;rbs_spacer=11-12bp;gc_cont=0.467,ID=2_2838;partial=00;start_type=ATG;rbs_motif=AGGA/GGAG/GAGG;rbs_spacer=11-12bp;gc,26.0
NZ_AQPN01000090.1_41,G,K,G,G,G,K,S,D,K,D,C,D,C,ID=90_41;partial=00;start_type=ATG;rbs_motif=AAAAT;rbs_spacer=7bp;gc_cont=0.413,ID=90_41;partial=00;start_type=ATG;rbs_motif=AAAAT;rbs_spacer=7bp;gc,26.0
NZ_AUKJ01000018.1_289,G,K,G,G,G,K,S,D,K,D,C,D,C,ID=4_289;partial=00;start_type=ATG;rbs_motif=GGAG/GAGG;rbs_spacer=5-10bp;gc_cont=0.625,ID=4_289;partial=00;start_type=ATG;rbs_motif=GGAG/GAGG;rbs_spacer=5-10bp;gc,26.0
NZ_AUCG01000004.1_7,G,K,G,G,G,K,S,D,K,D,C,D,C,ID=13_7;partial=00;start_type=ATG;rbs_motif=AGGAG;rbs_spacer=5-10bp;gc_cont=0.619,ID=13_7;partial=00;start_type=ATG;rbs_motif=AGGAG;rbs_spacer=5-10bp;gc,26.0
NZ_AXAY01000035.1_97,G,K,G,G,G,K,S,D,K,D,C,D,C,ID=27_97;partial=00;start_type=ATG;rbs_motif=GGAG/GAGG;rbs_spacer=5-10bp;gc_cont=0.612,ID=27_97;partial=00;start_type=ATG;rbs_motif=GGAG/GAGG;rbs_spacer=5-10bp;gc,26.0
NZ_JAEG01000016.1_56,G,K,G,G,G,K,S,D,K,D,C,D,C,ID=13_56;partial=00;start_type=ATG;rbs_motif=AGGA;rbs_spacer=5-10bp;gc_cont=0.604,ID=13_56;partial=00;start_type=ATG;rbs_motif=AGGA;rbs_spacer=5-10bp;gc,26.0
NZ_JHZB01000027.1_31,G,K,G,G,G,K,S,D,K,D,C,D,C,ID=26_31;partial=00;start_type=ATG;rbs_motif=AGGAG;rbs_spacer=5-10bp;gc_cont=0.609,ID=26_31;partial=00;start_type=ATG;rbs_motif=AGGAG;rbs_spacer=5-10bp;gc,26.0
NZ_JMQN01000047.1_23,G,K,G,G,G,K,S,D,K,D,C,D,C,ID=47_23;partial=00;start_type=ATG;rbs_motif=AGGAG;rbs_spacer=5-10bp;gc_cont=0.551,ID=47_23;partial=00;start_type=ATG;rbs_motif=AGGAG;rbs_spacer=5-10bp;gc,26.0
NZ_JQCR01000003.1_2424,G,K,G,G,G,K,S,D,K,D,C,D,C,ID=3_2424;partial=00;start_type=ATG;rbs_motif=None;rbs_spacer=None;gc_cont=0.466,ID=3_2424;partial=00;start_type=ATG;rbs_motif=None;rbs_spacer=None;gc,26.0
NZ_JXXD01000121.1_5,G,K,G,G,G,K,S,D,K,D,C,D,C,ID=25_5;partial=00;start_type=ATG;rbs_motif=GGAG/GAGG;rbs_spacer=5-10bp;gc_cont=0.625,ID=25_5;partial=00;start_type=ATG;rbs_motif=GGAG/GAGG;rbs_spacer=5-10bp;gc,26.0
NZ_BBCG01000018.1_60,G,K,G,G,G,K,S,D,K,D,C,D,C,ID=18_60;partial=00;start_type=ATG;rbs_motif=AGGA;rbs_spacer=5-10bp;gc_cont=0.366,ID=18_60;partial=00;start_type=ATG;rbs_motif=AGGA;rbs_spacer=5-10bp;gc,26.0
NZ_BCTF01000008.1_119,G,K,G,G,G,K,S,D,K,D,C,D,C,ID=8_119;partial=00;start_type=ATG;rbs_motif=GGAG/GAGG;rbs_spacer=5-10bp;gc_cont=0.633,ID=8_119;partial=00;start_type=ATG;rbs_motif=GGAG/GAGG;rbs_spacer=5-10bp;gc,26.0
NZ_LWQU01000174.1_70,G,K,G,G,G,K,S,D,K,D,C,D,C,ID=174_70;partial=00;start_type=ATG;rbs_motif=AGGA;rbs_spacer=5-10bp;gc_cont=0.631,ID=174_70;partial=00;start_type=ATG;rbs_motif=AGGA;rbs_spacer=5-10bp;gc,26.0
NZ_LGSI01000068.1_483,G,K,G,G,G,K,S,D,K,D,C,D,C,ID=1_483;partial=00;start_type=ATG;rbs_motif=GGAG/GAGG;rbs_spacer=5-10bp;gc_cont=0.561,ID=1_483;partial=00;start_type=ATG;rbs_motif=GGAG/GAGG;rbs_spacer=5-10bp;gc,26.0
NZ_CP017565.2_238,G,K,G,G,G,K,S,D,K,D,C,D,C,ID=4_238;partial=00;start_type=ATG;rbs_motif=GGAG/GAGG;rbs_spacer=5-10bp;gc_cont=0.599,ID=4_238;partial=00;start_type=ATG;rbs_motif=GGAG/GAGG;rbs_spacer=5-10bp;gc,26.0
NZ_CP096980.1_4232,G,K,G,G,G,K,S,D,K,D,C,D,C,ID=1_4232;partial=00;start_type=ATG;rbs_motif=GGA/GAG/AGG;rbs_spacer=5-10bp;gc_cont=0.353,ID=1_4232;partial=00;start_type=ATG;rbs_motif=GGA/GAG/AGG;rbs_spacer=5-10bp;gc,26.0
NZ_NADJ01000040.1_392,G,K,G,G,G,K,S,D,K,D,C,D,C,ID=35_392;partial=00;start_type=ATG;rbs_motif=AGGAG;rbs_spacer=5-10bp;gc_cont=0.473,ID=35_392;partial=00;start_type=ATG;rbs_motif=AGGAG;rbs_spacer=5-10bp;gc,26.0
NZ_CP014137.1_1448,G,K,G,G,G,K,S,D,K,D,C,D,C,ID=1_1448;partial=00;start_type=ATG;rbs_motif=GGAG/GAGG;rbs_spacer=5-10bp;gc_cont=0.568,ID=1_1448;partial=00;start_type=ATG;rbs_motif=GGAG/GAGG;rbs_spacer=5-10bp;gc,26.0
NZ_MWMO01000010.1_26,G,K,G,G,G,K,S,D,K,D,C,D,C,ID=2_26;partial=00;start_type=ATG;rbs_motif=AGGAG;rbs_spacer=5-10bp;gc_cont=0.623,ID=2_26;partial=00;start_type=ATG;rbs_motif=AGGAG;rbs_spacer=5-10bp;gc,26.0
NZ_PDZR01000001.1_370,G,K,G,G,G,K,S,D,K,D,C,D,C,ID=11_370;partial=00;start_type=ATG;rbs_motif=AGGAG;rbs_spacer=5-10bp;gc_cont=0.611,ID=11_370;partial=00;start_type=ATG;rbs_motif=AGGAG;rbs_spacer=5-10bp;gc,26.0
NZ_PRLH01000006.1_24,G,K,G,G,G,K,S,D,K,D,C,D,C,ID=151_24;partial=00;start_type=ATG;rbs_motif=GGA/GAG/AGG;rbs_spacer=5-10bp;gc_cont=0.450,ID=151_24;partial=00;start_type=ATG;rbs_motif=GGA/GAG/AGG;rbs_spacer=5-10bp;gc,26.0
NZ_CP022253.1_2290,G,K,G,G,G,K,S,D,K,D,C,D,C,ID=1_2290;partial=00;start_type=ATG;rbs_motif=AGGAG;rbs_spacer=5-10bp;gc_cont=0.645,ID=1_2290;partial=00;start_type=ATG;rbs_motif=AGGAG;rbs_spacer=5-10bp;gc,26.0
NZ_QLME01000002.1_97,G,K,G,G,G,K,S,D,K,D,C,D,C,ID=2_97;partial=00;start_type=ATG;rbs_motif=AGGAGG;rbs_spacer=5-10bp;gc_cont=0.405,ID=2_97;partial=00;start_type=ATG;rbs_motif=AGGAGG;rbs_spacer=5-10bp;gc,26.0
NZ_QUWV01000071.1_46,G,K,G,G,G,K,S,D,K,D,C,D,C,ID=226_46;partial=00;start_type=ATG;rbs_motif=AGGA;rbs_spacer=5-10bp;gc_cont=0.614,ID=226_46;partial=00;start_type=ATG;rbs_motif=AGGA;rbs_spacer=5-10bp;gc,26.0
NZ_RJLQ01000001.1_5,G,K,G,G,G,K,S,D,K,D,C,D,C,ID=14_5;partial=00;start_type=ATG;rbs_motif=AGGAGG;rbs_spacer=5-10bp;gc_cont=0.449,ID=14_5;partial=00;start_type=ATG;rbs_motif=AGGAGG;rbs_spacer=5-10bp;gc,26.0
NZ_ML133540.1_35,G,K,G,G,G,K,S,D,K,D,C,D,C,ID=20_35;partial=00;start_type=ATG;rbs_motif=AGGA;rbs_spacer=5-10bp;gc_cont=0.551,ID=20_35;partial=00;start_type=ATG;rbs_motif=AGGA;rbs_spacer=5-10bp;gc,26.0
NZ_CP022219.1_5306,G,K,G,G,G,K,S,D,K,D,C,D,C,ID=1_5306;partial=00;start_type=ATG;rbs_motif=GGAG/GAGG;rbs_spacer=5-10bp;gc_cont=0.624,ID=1_5306;partial=00;start_type=ATG;rbs_motif=GGAG/GAGG;rbs_spacer=5-10bp;gc,26.0
NZ_SMMU01000020.1_46,G,K,G,G,G,K,S,D,K,D,C,D,C,ID=20_46;partial=00;start_type=ATG;rbs_motif=GGAG/GAGG;rbs_spacer=5-10bp;gc_cont=0.590,ID=20_46;partial=00;start_type=ATG;rbs_motif=GGAG/GAGG;rbs_spacer=5-10bp;gc,26.0
NZ_SOEB01000001.1_239,G,K,G,G,G,K,S,D,K,D,C,D,C,ID=1_239;partial=00;start_type=ATG;rbs_motif=AGGA;rbs_spacer=5-10bp;gc_cont=0.630,ID=1_239;partial=00;start_type=ATG;rbs_motif=AGGA;rbs_spacer=5-10bp;gc,26.0
NZ_SSHH01000001.1_797,G,K,G,G,G,K,S,D,K,D,C,D,C,ID=1_797;partial=00;start_type=ATG;rbs_motif=AGGAG;rbs_spacer=5-10bp;gc_cont=0.612,ID=1_797;partial=00;start_type=ATG;rbs_motif=AGGAG;rbs_spacer=5-10bp;gc,26.0
NZ_BJNO01000001.1_334,G,K,G,G,G,K,S,D,K,D,C,D,C,ID=1_334;partial=00;start_type=ATG;rbs_motif=AGGAG;rbs_spacer=5-10bp;gc_cont=0.594,ID=1_334;partial=00;start_type=ATG;rbs_motif=AGGAG;rbs_spacer=5-10bp;gc,26.0
NZ_VLKC01000002.1_1171,G,K,G,G,G,K,S,D,K,D,C,D,C,ID=1_1171;partial=00;start_type=ATG;rbs_motif=AGGAGG;rbs_spacer=5-10bp;gc_cont=0.436,ID=1_1171;partial=00;start_type=ATG;rbs_motif=AGGAGG;rbs_spacer=5-10bp;gc,26.0
NZ_VTTM01000001.1_880,G,K,G,G,G,K,S,D,K,D,C,D,C,ID=11_880;partial=00;start_type=ATG;rbs_motif=AGGAG;rbs_spacer=5-10bp;gc_cont=0.633,ID=11_880;partial=00;start_type=ATG;rbs_motif=AGGAG;rbs_spacer=5-10bp;gc,26.0
NZ_WITC01000126.1_21,G,K,G,G,G,K,S,D,K,D,C,D,C,ID=31_21;partial=00;start_type=ATG;rbs_motif=GGA/GAG/AGG;rbs_spacer=5-10bp;gc_cont=0.590,ID=31_21;partial=00;start_type=ATG;rbs_motif=GGA/GAG/AGG;rbs_spacer=5-10bp;gc,26.0
NZ_WVEM01000015.1_74,G,K,G,G,G,K,S,D,K,D,C,D,C,ID=6_74;partial=00;start_type=ATG;rbs_motif=AAAAA;rbs_spacer=9bp;gc_cont=0.417,ID=6_74;partial=00;start_type=ATG;rbs_motif=AAAAA;rbs_spacer=9bp;gc,26.0
NZ_PQIG01000115.1_20,G,K,G,G,G,K,S,D,K,D,C,D,C,ID=115_20;partial=00;start_type=ATG;rbs_motif=AGGA;rbs_spacer=5-10bp;gc_cont=0.556,ID=115_20;partial=00;start_type=ATG;rbs_motif=AGGA;rbs_spacer=5-10bp;gc,26.0
NZ_JABFDM010000005.1_1,G,K,G,G,G,K,S,D,K,D,C,D,C,ID=45_1;partial=00;start_type=ATG;rbs_motif=GGAG/GAGG;rbs_spacer=5-10bp;gc_cont=0.634,ID=45_1;partial=00;start_type=ATG;rbs_motif=GGAG/GAGG;rbs_spacer=5-10bp;gc,26.0
NZ_CP041240.1_235,G,K,G,G,G,K,S,D,K,D,C,D,C,ID=3_235;partial=00;start_type=ATG;rbs_motif=AGGA;rbs_spacer=5-10bp;gc_cont=0.603,ID=3_235;partial=00;start_type=ATG;rbs_motif=AGGA;rbs_spacer=5-10bp;gc,26.0
NZ_JACIIZ010000017.1_147,G,K,G,G,G,K,S,D,K,D,C,D,C,ID=17_147;partial=00;start_type=GTG;rbs_motif=GGAG/GAGG;rbs_spacer=5-10bp;gc_cont=0.637,ID=17_147;partial=00;start_type=GTG;rbs_motif=GGAG/GAGG;rbs_spacer=5-10bp;gc,26.0
NZ_JACJPV010000029.1_32,G,K,G,G,G,K,S,D,K,D,C,D,C,ID=22_32;partial=00;start_type=ATG;rbs_motif=AGGA;rbs_spacer=5-10bp;gc_cont=0.447,ID=22_32;partial=00;start_type=ATG;rbs_motif=AGGA;rbs_spacer=5-10bp;gc,26.0
NZ_CP041403.1_76,G,K,G,G,G,K,S,D,K,D,C,D,C,ID=1_76;partial=00;start_type=ATG;rbs_motif=AGGAG;rbs_spacer=5-10bp;gc_cont=0.367,ID=1_76;partial=00;start_type=ATG;rbs_motif=AGGAG;rbs_spacer=5-10bp;gc,26.0
NZ_JADWMY010000001.1_267,G,K,G,G,G,K,S,D,K,D,C,D,C,ID=1_267;partial=00;start_type=ATG;rbs_motif=AGGAG;rbs_spacer=5-10bp;gc_cont=0.612,ID=1_267;partial=00;start_type=ATG;rbs_motif=AGGAG;rbs_spacer=5-10bp;gc,26.0
NZ_CP067101.1_5737,G,K,G,G,G,K,S,D,K,D,C,D,C,ID=1_5737;partial=00;start_type=ATG;rbs_motif=GGAG/GAGG;rbs_spacer=5-10bp;gc_cont=0.605,ID=1_5737;partial=00;start_type=ATG;rbs_motif=GGAG/GAGG;rbs_spacer=5-10bp;gc,26.0
NZ_JAFBDS010000006.1_229,G,K,G,G,G,K,S,D,K,D,C,D,C,ID=6_229;partial=00;start_type=ATG;rbs_motif=AGGAGG;rbs_spacer=5-10bp;gc_cont=0.400,ID=6_229;partial=00;start_type=ATG;rbs_motif=AGGAGG;rbs_spacer=5-10bp;gc,26.0
NZ_JAGIPX010000179.1_3,G,K,G,G,G,K,S,D,K,D,C,D,C,ID=88_3;partial=00;start_type=ATG;rbs_motif=GGAG/GAGG;rbs_spacer=5-10bp;gc_cont=0.610,ID=88_3;partial=00;start_type=ATG;rbs_motif=GGAG/GAGG;rbs_spacer=5-10bp;gc,26.0
NZ_JAFCKP010000030.1_42,G,K,G,G,G,K,S,D,K,D,C,D,C,ID=24_42;partial=00;start_type=ATG;rbs_motif=GGAG/GAGG;rbs_spacer=5-10bp;gc_cont=0.628,ID=24_42;partial=00;start_type=ATG;rbs_motif=GGAG/GAGG;rbs_spacer=5-10bp;gc,26.0
NZ_JAHFZF010000007.1_17,G,K,G,G,G,K,S,D,K,D,C,D,C,ID=7_17;partial=00;start_type=ATG;rbs_motif=GGAG/GAGG;rbs_spacer=5-10bp;gc_cont=0.595,ID=7_17;partial=00;start_type=ATG;rbs_motif=GGAG/GAGG;rbs_spacer=5-10bp;gc,26.0
NZ_CP079095.1_960,G,K,G,G,G,K,S,D,K,D,C,D,C,ID=1_960;partial=00;start_type=ATG;rbs_motif=GGAG/GAGG;rbs_spacer=5-10bp;gc_cont=0.627,ID=1_960;partial=00;start_type=ATG;rbs_motif=GGAG/GAGG;rbs_spacer=5-10bp;gc,26.0
NZ_JAINZO010000001.1_1154,G,K,G,G,G,K,S,D,K,D,C,D,C,ID=1_1154;partial=00;start_type=ATG;rbs_motif=AGGAG;rbs_spacer=5-10bp;gc_cont=0.611,ID=1_1154;partial=00;start_type=ATG;rbs_motif=AGGAG;rbs_spacer=5-10bp;gc,26.0
NZ_JACMYO010000040.1_30,G,K,G,G,G,K,S,D,K,D,C,D,C,ID=40_30;partial=00;start_type=ATG;rbs_motif=GGAG/GAGG;rbs_spacer=5-10bp;gc_cont=0.588,ID=40_30;partial=00;start_type=ATG;rbs_motif=GGAG/GAGG;rbs_spacer=5-10bp;gc,26.0
NZ_JAKFGN010000003.1_8,G,K,G,G,G,K,S,D,K,D,C,D,C,ID=3_8;partial=00;start_type=ATG;rbs_motif=GGAG/GAGG;rbs_spacer=5-10bp;gc_cont=0.627,ID=3_8;partial=00;start_type=ATG;rbs_motif=GGAG/GAGG;rbs_spacer=5-10bp;gc,26.0
NZ_JAIBKA010000006.1_251,G,K,G,G,G,K,S,D,K,D,C,D,C,ID=51_251;partial=00;start_type=ATG;rbs_motif=AGGAGG;rbs_spacer=5-10bp;gc_cont=0.594,ID=51_251;partial=00;start_type=ATG;rbs_motif=AGGAGG;rbs_spacer=5-10bp;gc,26.0
NZ_CP064686.1_897,G,K,G,G,G,K,S,D,K,D,C,D,C,ID=1_897;partial=00;start_type=ATG;rbs_motif=GGAG/GAGG;rbs_spacer=5-10bp;gc_cont=0.591,ID=1_897;partial=00;start_type=ATG;rbs_motif=GGAG/GAGG;rbs_spacer=5-10bp;gc,26.0
NZ_JAMXMC010000006.1_108,G,K,G,G,G,K,S,D,K,D,C,D,C,ID=28_108;partial=00;start_type=ATG;rbs_motif=GGAG/GAGG;rbs_spacer=5-10bp;gc_cont=0.637,ID=28_108;partial=00;start_type=ATG;rbs_motif=GGAG/GAGG;rbs_spacer=5-10bp;gc,26.0
NZ_FNCV01000009.1_3,G,K,G,G,G,K,S,D,K,D,C,D,C,ID=5_3;partial=00;start_type=ATG;rbs_motif=AGGAG;rbs_spacer=5-10bp;gc_cont=0.661,ID=5_3;partial=00;start_type=ATG;rbs_motif=AGGAG;rbs_spacer=5-10bp;gc,26.0
NZ_FNNZ01000011.1_120,G,K,G,G,G,K,S,D,K,D,C,D,C,ID=33_120;partial=00;start_type=ATG;rbs_motif=AGGAG;rbs_spacer=5-10bp;gc_cont=0.605,ID=33_120;partial=00;start_type=ATG;rbs_motif=AGGAG;rbs_spacer=5-10bp;gc,26.0
NZ_FOKR01000003.1_167,G,K,G,G,G,K,S,D,K,D,C,D,C,ID=36_167;partial=00;start_type=ATG;rbs_motif=AGGAG;rbs_spacer=5-10bp;gc_cont=0.437,ID=36_167;partial=00;start_type=ATG;rbs_motif=AGGAG;rbs_spacer=5-10bp;gc,26.0
NZ_FQTU01000001.1_9,G,K,G,G,G,K,S,D,K,D,C,D,C,ID=25_9;partial=00;start_type=ATG;rbs_motif=AGGAGG;rbs_spacer=5-10bp;gc_cont=0.422,ID=25_9;partial=00;start_type=ATG;rbs_motif=AGGAGG;rbs_spacer=5-10bp;gc,26.0
NZ_FSRT01000003.1_163,G,K,G,G,G,K,S,D,K,D,C,D,C,ID=7_163;partial=00;start_type=ATG;rbs_motif=AGGAG;rbs_spacer=5-10bp;gc_cont=0.501,ID=7_163;partial=00;start_type=ATG;rbs_motif=AGGAG;rbs_spacer=5-10bp;gc,26.0
NZ_FWXI01000023.1_75,G,K,G,G,G,K,S,D,K,D,C,D,C,ID=61_75;partial=00;start_type=ATG;rbs_motif=GGAGG;rbs_spacer=5-10bp;gc_cont=0.450,ID=61_75;partial=00;start_type=ATG;rbs_motif=GGAGG;rbs_spacer=5-10bp;gc,26.0
NZ_LT907975.1_3389,G,K,G,G,G,K,S,D,K,D,C,D,C,ID=1_3389;partial=00;start_type=ATG;rbs_motif=GGAGG;rbs_spacer=5-10bp;gc_cont=0.558,ID=1_3389;partial=00;start_type=ATG;rbs_motif=GGAGG;rbs_spacer=5-10bp;gc,26.0
NZ_LR746496.1_2964,G,K,G,G,G,K,S,D,K,D,C,D,C,ID=1_2964;partial=00;start_type=ATG;rbs_motif=AGGAG;rbs_spacer=5-10bp;gc_cont=0.541,ID=1_2964;partial=00;start_type=ATG;rbs_motif=AGGAG;rbs_spacer=5-10bp;gc,26.0
DBTH01000319.1_13,G,K,G,G,G,K,S,D,K,D,C,D,C,ID=239_13;partial=00;start_type=ATG;rbs_motif=None;rbs_spacer=None;gc_cont=0.560,ID=239_13;partial=00;start_type=ATG;rbs_motif=None;rbs_spacer=None;gc,26.0
JAATFT010000093.1_9,G,K,G,G,G,K,S,D,K,D,C,D,C,ID=4_9;partial=00;start_type=ATG;rbs_motif=AGGAGG;rbs_spacer=5-10bp;gc_cont=0.410,ID=4_9;partial=00;start_type=ATG;rbs_motif=AGGAGG;rbs_spacer=5-10bp;gc,26.0
JAEWSD010000210.1_4,G,K,G,G,G,K,S,D,K,D,C,D,C,ID=120_4;partial=00;start_type=ATG;rbs_motif=AGGAGG;rbs_spacer=5-10bp;gc_cont=0.463,ID=120_4;partial=00;start_type=ATG;rbs_motif=AGGAGG;rbs_spacer=5-10bp;gc,26.0
JAEZKY010000376.1_15,G,K,G,G,G,K,S,D,K,D,C,D,C,ID=108_15;partial=00;start_type=ATG;rbs_motif=AGGAG;rbs_spacer=5-10bp;gc_cont=0.357,ID=108_15;partial=00;start_type=ATG;rbs_motif=AGGAG;rbs_spacer=5-10bp;gc,26.0
NZ_AGAF01000212.1_35,G,K,G,G,G,K,S,D,K,D,C,D,C,ID=71_35;partial=00;start_type=ATG;rbs_motif=GGAG/GAGG;rbs_spacer=5-10bp;gc_cont=0.452,ID=71_35;partial=00;start_type=ATG;rbs_motif=GGAG/GAGG;rbs_spacer=5-10bp;gc,26.0
NZ_JFZJ01000001.1_78,G,K,G,G,G,K,S,D,K,D,C,D,C,ID=1_78;partial=00;start_type=ATG;rbs_motif=AGGAG;rbs_spacer=5-10bp;gc_cont=0.583,ID=1_78;partial=00;start_type=ATG;rbs_motif=AGGAG;rbs_spacer=5-10bp;gc,26.0
NZ_NHSJ01000060.1_17,G,K,G,G,G,K,S,D,K,D,C,D,C,ID=60_17;partial=00;start_type=ATG;rbs_motif=AGGAG;rbs_spacer=5-10bp;gc_cont=0.605,ID=60_17;partial=00;start_type=ATG;rbs_motif=AGGAG;rbs_spacer=5-10bp;gc,26.0
NZ_VYKJ01000004.1_85,G,K,G,G,G,K,S,D,K,D,C,D,C,ID=34_85;partial=00;start_type=ATG;rbs_motif=GGAG/GAGG;rbs_spacer=5-10bp;gc_cont=0.506,ID=34_85;partial=00;start_type=ATG;rbs_motif=GGAG/GAGG;rbs_spacer=5-10bp;gc,26.0
NZ_JAHCMB010000070.1_22,G,K,G,G,G,K,S,D,K,D,C,D,C,ID=131_22;partial=00;start_type=ATG;rbs_motif=AGGAG;rbs_spacer=5-10bp;gc_cont=0.511,ID=131_22;partial=00;start_type=ATG;rbs_motif=AGGAG;rbs_spacer=5-10bp;gc,26.0
NZ_OW485601.1_4734,G,K,G,G,G,K,S,D,K,D,C,D,C,ID=1_4734;partial=00;start_type=ATG;rbs_motif=AGGA;rbs_spacer=5-10bp;gc_cont=0.612,ID=1_4734;partial=00;start_type=ATG;rbs_motif=AGGA;rbs_spacer=5-10bp;gc,26.0
PMIH01000030.1_57,G,K,G,G,G,K,S,D,K,D,C,D,C,ID=292_57;partial=00;start_type=ATG;rbs_motif=AGGAG;rbs_spacer=5-10bp;gc_cont=0.598,ID=292_57;partial=00;start_type=ATG;rbs_motif=AGGAG;rbs_spacer=5-10bp;gc,26.0
NZ_JAAIYP010000026.1_41,G,K,G,G,G,K,S,D,K,D,C,D,C,ID=26_41;partial=00;start_type=ATG;rbs_motif=AGGA;rbs_spacer=5-10bp;gc_cont=0.629,ID=26_41;partial=00;start_type=ATG;rbs_motif=AGGA;rbs_spacer=5-10bp;gc,26.0
NZ_CP011114.1_3302,G,K,G,G,G,K,S,D,K,D,C,D,C,ID=1_3302;partial=00;start_type=ATG;rbs_motif=GGA/GAG/AGG;rbs_spacer=5-10bp;gc_cont=0.516,ID=1_3302;partial=00;start_type=ATG;rbs_motif=GGA/GAG/AGG;rbs_spacer=5-10bp;gc,26.0
U00090.2_117,G,K,G,G,G,K,S,D,K,D,C,D,C,ID=2_117;partial=00;start_type=ATG;rbs_motif=AGGA;rbs_spacer=5-10bp;gc_cont=0.635,ID=2_117;partial=00;start_type=ATG;rbs_motif=AGGA;rbs_spacer=5-10bp;gc,26.0
JNIO01000007.1_158,G,K,G,G,G,K,S,D,K,D,C,D,C,ID=7_158;partial=00;start_type=ATG;rbs_motif=AGGAG;rbs_spacer=5-10bp;gc_cont=0.587,ID=7_158;partial=00;start_type=ATG;rbs_motif=AGGAG;rbs_spacer=5-10bp;gc,26.0
CP011392.1_604,G,K,G,G,G,K,S,D,K,D,C,D,C,ID=1_604;partial=00;start_type=ATG;rbs_motif=GGAG/GAGG;rbs_spacer=5-10bp;gc_cont=0.476,ID=1_604;partial=00;start_type=ATG;rbs_motif=GGAG/GAGG;rbs_spacer=5-10bp;gc,26.0
LVBL01000030.1_11,G,K,G,G,G,K,S,D,K,D,C,D,C,ID=17_11;partial=00;start_type=ATG;rbs_motif=AGGAG;rbs_spacer=5-10bp;gc_cont=0.617,ID=17_11;partial=00;start_type=ATG;rbs_motif=AGGAG;rbs_spacer=5-10bp;gc,26.0
MGVF01000039.1_6,G,K,G,G,G,K,S,D,K,D,C,D,C,ID=39_6;partial=00;start_type=ATG;rbs_motif=AGGAGG;rbs_spacer=3-4bp;gc_cont=0.521,ID=39_6;partial=00;start_type=ATG;rbs_motif=AGGAGG;rbs_spacer=3-4bp;gc,26.0
MLAW01000023.1_30,G,K,G,G,G,K,S,D,K,D,C,D,C,ID=90_30;partial=00;start_type=ATG;rbs_motif=AGGAGG;rbs_spacer=5-10bp;gc_cont=0.451,ID=90_30;partial=00;start_type=ATG;rbs_motif=AGGAGG;rbs_spacer=5-10bp;gc,26.0
NISF01000006.1_288,G,K,G,G,G,K,S,D,K,D,C,D,C,ID=34_288;partial=00;start_type=ATG;rbs_motif=AGGAG;rbs_spacer=5-10bp;gc_cont=0.587,ID=34_288;partial=00;start_type=ATG;rbs_motif=AGGAG;rbs_spacer=5-10bp;gc,26.0
DBYR01000006.1_19,G,K,G,G,G,K,S,D,K,D,C,D,C,ID=35_19;partial=00;start_type=ATG;rbs_motif=TAAAA;rbs_spacer=13bp;gc_cont=0.531,ID=35_19;partial=00;start_type=ATG;rbs_motif=TAAAA;rbs_spacer=13bp;gc,26.0
DETD01000013.1_32,G,K,G,G,G,K,S,D,K,D,C,D,C,ID=10_32;partial=00;start_type=ATG;rbs_motif=None;rbs_spacer=None;gc_cont=0.496,ID=10_32;partial=00;start_type=ATG;rbs_motif=None;rbs_spacer=None;gc,26.0
DGTU01000141.1_1,G,K,G,G,G,K,S,D,K,D,C,D,C,ID=104_1;partial=10;start_type=Edge;rbs_motif=None;rbs_spacer=None;gc_cont=0.479,ID=104_1;partial=10;start_type=Edge;rbs_motif=None;rbs_spacer=None;gc,26.0
DIDE01000065.1_21,G,K,G,G,G,K,S,D,K,D,C,D,C,ID=57_21;partial=00;start_type=ATG;rbs_motif=GGAGG;rbs_spacer=5-10bp;gc_cont=0.501,ID=57_21;partial=00;start_type=ATG;rbs_motif=GGAGG;rbs_spacer=5-10bp;gc,26.0
DJJR01000052.1_79,G,K,G,G,G,K,S,D,K,D,C,D,C,ID=78_79;partial=00;start_type=ATG;rbs_motif=GGAGG;rbs_spacer=5-10bp;gc_cont=0.416,ID=78_79;partial=00;start_type=ATG;rbs_motif=GGAGG;rbs_spacer=5-10bp;gc,26.0
DAZF01000050.1_6,G,K,G,G,G,K,S,D,K,D,C,D,C,ID=34_6;partial=00;start_type=ATG;rbs_motif=AGxAGG/AGGxGG;rbs_spacer=5-10bp;gc_cont=0.459,ID=34_6;partial=00;start_type=ATG;rbs_motif=AGxAGG/AGGxGG;rbs_spacer=5-10bp;gc,26.0
PGYM01000001.1_510,G,K,G,G,G,K,S,D,K,D,C,D,C,ID=1_510;partial=00;start_type=ATG;rbs_motif=AGGAGG;rbs_spacer=5-10bp;gc_cont=0.522,ID=1_510;partial=00;start_type=ATG;rbs_motif=AGGAGG;rbs_spacer=5-10bp;gc,26.0
PKUA01000006.1_33,G,K,G,G,G,K,S,D,K,D,C,D,C,ID=6_33;partial=00;start_type=ATG;rbs_motif=AGGA;rbs_spacer=5-10bp;gc_cont=0.571,ID=6_33;partial=00;start_type=ATG;rbs_motif=AGGA;rbs_spacer=5-10bp;gc,26.0
QAYY01000016.1_21,G,K,G,G,G,K,S,D,K,D,C,D,C,ID=8_21;partial=00;start_type=ATG;rbs_motif=None;rbs_spacer=None;gc_cont=0.624,ID=8_21;partial=00;start_type=ATG;rbs_motif=None;rbs_spacer=None;gc,26.0
PLXX01000039.1_27,G,K,G,G,G,K,S,D,K,D,C,D,C,ID=13_27;partial=00;start_type=ATG;rbs_motif=AGGAGG;rbs_spacer=5-10bp;gc_cont=0.554,ID=13_27;partial=00;start_type=ATG;rbs_motif=AGGAGG;rbs_spacer=5-10bp;gc,26.0
PLTE01000434.1_24,G,K,G,G,G,K,S,D,K,D,C,D,C,ID=13_24;partial=00;start_type=ATG;rbs_motif=AGGAG;rbs_spacer=5-10bp;gc_cont=0.623,ID=13_24;partial=00;start_type=ATG;rbs_motif=AGGAG;rbs_spacer=5-10bp;gc,26.0
QKAU01000017.1_72,G,K,G,G,G,K,S,D,K,D,C,D,C,ID=22_72;partial=00;start_type=ATG;rbs_motif=AGGAG;rbs_spacer=5-10bp;gc_cont=0.631,ID=22_72;partial=00;start_type=ATG;rbs_motif=AGGAG;rbs_spacer=5-10bp;gc,26.0
QKFE01000054.1_8,G,K,G,G,G,K,S,D,K,D,C,D,C,ID=245_8;partial=00;start_type=ATG;rbs_motif=AGGAG;rbs_spacer=5-10bp;gc_cont=0.574,ID=245_8;partial=00;start_type=ATG;rbs_motif=AGGAG;rbs_spacer=5-10bp;gc,26.0
DPXI01000135.1_18,G,K,G,G,G,K,S,D,K,D,C,D,C,ID=51_18;partial=00;start_type=ATG;rbs_motif=AGGAG;rbs_spacer=5-10bp;gc_cont=0.618,ID=51_18;partial=00;start_type=ATG;rbs_motif=AGGAG;rbs_spacer=5-10bp;gc,26.0
NAUB01000026.1_145,G,K,G,G,G,K,S,D,K,D,C,D,C,ID=4_145;partial=00;start_type=ATG;rbs_motif=AGGAG;rbs_spacer=5-10bp;gc_cont=0.495,ID=4_145;partial=00;start_type=ATG;rbs_motif=AGGAG;rbs_spacer=5-10bp;gc,26.0
SEYW01000003.1_189,G,K,G,G,G,K,S,D,K,D,C,D,C,ID=30_189;partial=00;start_type=ATG;rbs_motif=GGAG/GAGG;rbs_spacer=5-10bp;gc_cont=0.604,ID=30_189;partial=00;start_type=ATG;rbs_motif=GGAG/GAGG;rbs_spacer=5-10bp;gc,26.0
SLTJ01000006.1_15,G,K,G,G,G,K,S,D,K,D,C,D,C,ID=21_15;partial=00;start_type=GTG;rbs_motif=GGAGG;rbs_spacer=5-10bp;gc_cont=0.613,ID=21_15;partial=00;start_type=GTG;rbs_motif=GGAGG;rbs_spacer=5-10bp;gc,26.0
REEU01000229.1_19,G,K,G,G,G,K,S,D,K,D,C,D,C,ID=306_19;partial=00;start_type=ATG;rbs_motif=AGGAG;rbs_spacer=5-10bp;gc_cont=0.584,ID=306_19;partial=00;start_type=ATG;rbs_motif=AGGAG;rbs_spacer=5-10bp;gc,26.0
WKKR01000002.1_636,G,K,G,G,G,K,S,D,K,D,C,D,C,ID=3_636;partial=00;start_type=ATG;rbs_motif=AGGAG;rbs_spacer=5-10bp;gc_cont=0.599,ID=3_636;partial=00;start_type=ATG;rbs_motif=AGGAG;rbs_spacer=5-10bp;gc,26.0
VMEE01000076.1_33,G,K,G,G,G,K,S,D,K,D,C,D,C,ID=40_33;partial=00;start_type=ATG;rbs_motif=AGGAG;rbs_spacer=5-10bp;gc_cont=0.483,ID=40_33;partial=00;start_type=ATG;rbs_motif=AGGAG;rbs_spacer=5-10bp;gc,26.0
JAABSM010000061.1_12,G,K,G,G,G,K,S,D,K,D,C,D,C,ID=127_12;partial=00;start_type=ATG;rbs_motif=AGGAG;rbs_spacer=5-10bp;gc_cont=0.605,ID=127_12;partial=00;start_type=ATG;rbs_motif=AGGAG;rbs_spacer=5-10bp;gc,26.0
JAAUSQ010000036.1_6,G,K,G,G,G,K,S,D,K,D,C,D,C,ID=284_6;partial=00;start_type=GTG;rbs_motif=AGGAGG;rbs_spacer=5-10bp;gc_cont=0.579,ID=284_6;partial=00;start_type=GTG;rbs_motif=AGGAGG;rbs_spacer=5-10bp;gc,26.0
JAAZOO010000219.1_1,G,K,G,G,G,K,S,D,K,D,C,D,C,ID=531_1;partial=10;start_type=ATG;rbs_motif=AGGAG;rbs_spacer=5-10bp;gc_cont=0.615,ID=531_1;partial=10;start_type=ATG;rbs_motif=AGGAG;rbs_spacer=5-10bp;gc,26.0
JAADIA010000013.1_4,G,K,G,G,G,K,S,D,K,D,C,D,C,ID=76_4;partial=00;start_type=ATG;rbs_motif=AGGAGG;rbs_spacer=5-10bp;gc_cont=0.468,ID=76_4;partial=00;start_type=ATG;rbs_motif=AGGAGG;rbs_spacer=5-10bp;gc,26.0
JAAXXR010000002.1_58,G,K,G,G,G,K,S,D,K,D,C,D,C,ID=22_58;partial=00;start_type=ATG;rbs_motif=None;rbs_spacer=None;gc_cont=0.568,ID=22_58;partial=00;start_type=ATG;rbs_motif=None;rbs_spacer=None;gc,26.0
DUZW01000040.1_11,G,K,G,G,G,K,S,D,K,D,C,D,C,ID=40_11;partial=00;start_type=ATG;rbs_motif=AGGAGG;rbs_spacer=5-10bp;gc_cont=0.592,ID=40_11;partial=00;start_type=ATG;rbs_motif=AGGAGG;rbs_spacer=5-10bp;gc,26.0
VMSU01000077.1_9,G,K,G,G,G,K,S,D,K,D,C,D,C,ID=104_9;partial=00;start_type=ATG;rbs_motif=GGAGG;rbs_spacer=5-10bp;gc_cont=0.518,ID=104_9;partial=00;start_type=ATG;rbs_motif=GGAGG;rbs_spacer=5-10bp;gc,26.0
JACUTQ010000054.1_12,G,K,G,G,G,K,S,D,K,D,C,D,C,ID=128_12;partial=00;start_type=ATG;rbs_motif=GGAG/GAGG;rbs_spacer=5-10bp;gc_cont=0.476,ID=128_12;partial=00;start_type=ATG;rbs_motif=GGAG/GAGG;rbs_spacer=5-10bp;gc,26.0
JADEWQ010000072.1_16,G,K,G,G,G,K,S,D,K,D,C,D,C,ID=66_16;partial=00;start_type=ATG;rbs_motif=GGAGG;rbs_spacer=5-10bp;gc_cont=0.476,ID=66_16;partial=00;start_type=ATG;rbs_motif=GGAGG;rbs_spacer=5-10bp;gc,26.0
JADFYM010000043.1_20,G,K,G,G,G,K,S,D,K,D,C,D,C,ID=372_20;partial=00;start_type=ATG;rbs_motif=AGGAG;rbs_spacer=5-10bp;gc_cont=0.558,ID=372_20;partial=00;start_type=ATG;rbs_motif=AGGAG;rbs_spacer=5-10bp;gc,26.0
JADMXW010000007.1_98,G,K,G,G,G,K,S,D,K,D,C,D,C,ID=62_98;partial=00;start_type=ATG;rbs_motif=AGGAG;rbs_spacer=5-10bp;gc_cont=0.512,ID=62_98;partial=00;start_type=ATG;rbs_motif=AGGAG;rbs_spacer=5-10bp;gc,26.0
JACPZK010000022.1_60,G,K,G,G,G,K,S,D,K,D,C,D,C,ID=24_60;partial=00;start_type=ATG;rbs_motif=AGGAGG;rbs_spacer=5-10bp;gc_cont=0.515,ID=24_60;partial=00;start_type=ATG;rbs_motif=AGGAGG;rbs_spacer=5-10bp;gc,26.0
JACRMS010000039.1_78,G,K,G,G,G,K,S,D,K,D,C,D,C,ID=27_78;partial=00;start_type=ATG;rbs_motif=AGGAG;rbs_spacer=5-10bp;gc_cont=0.561,ID=27_78;partial=00;start_type=ATG;rbs_motif=AGGAG;rbs_spacer=5-10bp;gc,26.0
JACRCG010000328.1_2,G,K,G,G,G,K,S,D,K,D,C,D,C,ID=274_2;partial=00;start_type=ATG;rbs_motif=AGGAG;rbs_spacer=5-10bp;gc_cont=0.568,ID=274_2;partial=00;start_type=ATG;rbs_motif=AGGAG;rbs_spacer=5-10bp;gc,26.0
JADQBV010000231.1_31,G,K,G,G,G,K,S,D,K,D,C,D,C,ID=91_31;partial=00;start_type=ATG;rbs_motif=AGxAGG/AGGxGG;rbs_spacer=11-12bp;gc_cont=0.370,ID=91_31;partial=00;start_type=ATG;rbs_motif=AGxAGG/AGGxGG;rbs_spacer=11-12bp;gc,26.0
CP064986.1_4222,G,K,G,G,G,K,S,D,K,D,C,D,C,ID=1_4222;partial=00;start_type=ATG;rbs_motif=GGAGG;rbs_spacer=5-10bp;gc_cont=0.616,ID=1_4222;partial=00;start_type=ATG;rbs_motif=GGAGG;rbs_spacer=5-10bp;gc,26.0
JADKAL010000003.1_60,G,K,G,G,G,K,S,D,K,D,C,D,C,ID=3_60;partial=00;start_type=ATG;rbs_motif=AGGAG;rbs_spacer=5-10bp;gc_cont=0.484,ID=3_60;partial=00;start_type=ATG;rbs_motif=AGGAG;rbs_spacer=5-10bp;gc,26.0
JAEUPH010000191.1_2,G,K,G,G,G,K,S,D,K,D,C,D,C,ID=190_2;partial=00;start_type=ATG;rbs_motif=GGAG/GAGG;rbs_spacer=5-10bp;gc_cont=0.656,ID=190_2;partial=00;start_type=ATG;rbs_motif=GGAG/GAGG;rbs_spacer=5-10bp;gc,26.0
JAFGMZ010000066.1_3,G,K,G,G,G,K,S,D,K,D,C,D,C,ID=64_3;partial=00;start_type=ATG;rbs_motif=None;rbs_spacer=None;gc_cont=0.544,ID=64_3;partial=00;start_type=ATG;rbs_motif=None;rbs_spacer=None;gc,26.0
JAFGXQ010000066.1_11,G,K,G,G,G,K,S,D,K,D,C,D,C,ID=176_11;partial=00;start_type=ATG;rbs_motif=GGAGG;rbs_spacer=5-10bp;gc_cont=0.474,ID=176_11;partial=00;start_type=ATG;rbs_motif=GGAGG;rbs_spacer=5-10bp;gc,26.0
JAFKMU010000048.1_88,G,K,G,G,G,K,S,D,K,D,C,D,C,ID=32_88;partial=00;start_type=ATG;rbs_motif=None;rbs_spacer=None;gc_cont=0.611,ID=32_88;partial=00;start_type=ATG;rbs_motif=None;rbs_spacer=None;gc,26.0
JAFSJW010000067.1_11,G,K,G,G,G,K,S,D,K,D,C,D,C,ID=54_11;partial=00;start_type=ATG;rbs_motif=GGAG/GAGG;rbs_spacer=5-10bp;gc_cont=0.467,ID=54_11;partial=00;start_type=ATG;rbs_motif=GGAG/GAGG;rbs_spacer=5-10bp;gc,26.0
JAFUTU010000042.1_37,G,K,G,G,G,K,S,D,K,D,C,D,C,ID=40_37;partial=00;start_type=ATG;rbs_motif=GGAG/GAGG;rbs_spacer=5-10bp;gc_cont=0.502,ID=40_37;partial=00;start_type=ATG;rbs_motif=GGAG/GAGG;rbs_spacer=5-10bp;gc,26.0
JAFZLF010000044.1_3,G,K,G,G,G,K,S,D,K,D,C,D,C,ID=47_3;partial=00;start_type=ATG;rbs_motif=AGGA;rbs_spacer=5-10bp;gc_cont=0.529,ID=47_3;partial=00;start_type=ATG;rbs_motif=AGGA;rbs_spacer=5-10bp;gc,26.0
JAGCGM010000291.1_9,G,K,G,G,G,K,S,D,K,D,C,D,C,ID=26_9;partial=00;start_type=ATG;rbs_motif=TAAA;rbs_spacer=14bp;gc_cont=0.485,ID=26_9;partial=00;start_type=ATG;rbs_motif=TAAA;rbs_spacer=14bp;gc,26.0
JAGGAB010000004.1_96,G,K,G,G,G,K,S,D,K,D,C,D,C,ID=128_96;partial=00;start_type=ATG;rbs_motif=AGGAGG;rbs_spacer=5-10bp;gc_cont=0.450,ID=128_96;partial=00;start_type=ATG;rbs_motif=AGGAGG;rbs_spacer=5-10bp;gc,26.0
JAGNWJ010000062.1_12,G,K,G,G,G,K,S,D,K,D,C,D,C,ID=30_12;partial=00;start_type=ATG;rbs_motif=GGAG/GAGG;rbs_spacer=5-10bp;gc_cont=0.626,ID=30_12;partial=00;start_type=ATG;rbs_motif=GGAG/GAGG;rbs_spacer=5-10bp;gc,26.0
JAHDQM010000027.1_25,G,K,G,G,G,K,S,D,K,D,C,D,C,ID=39_25;partial=00;start_type=ATG;rbs_motif=None;rbs_spacer=None;gc_cont=0.598,ID=39_25;partial=00;start_type=ATG;rbs_motif=None;rbs_spacer=None;gc,26.0
JAHJJU010000024.1_38,G,K,G,G,G,K,S,D,K,D,C,D,C,ID=11_38;partial=00;start_type=ATG;rbs_motif=AGGAG;rbs_spacer=5-10bp;gc_cont=0.398,ID=11_38;partial=00;start_type=ATG;rbs_motif=AGGAG;rbs_spacer=5-10bp;gc,26.0
JAFLKR010000027.1_23,G,K,G,G,G,K,S,D,K,D,C,D,C,ID=60_23;partial=00;start_type=ATG;rbs_motif=AGGAG;rbs_spacer=5-10bp;gc_cont=0.560,ID=60_23;partial=00;start_type=ATG;rbs_motif=AGGAG;rbs_spacer=5-10bp;gc,26.0
JAIFLJ010000242.1_5,G,K,G,G,G,K,S,D,K,D,C,D,C,ID=131_5;partial=00;start_type=ATG;rbs_motif=GGAGG;rbs_spacer=5-10bp;gc_cont=0.515,ID=131_5;partial=00;start_type=ATG;rbs_motif=GGAGG;rbs_spacer=5-10bp;gc,26.0
JAGUVT010000035.1_4,G,K,G,G,G,K,S,D,K,D,C,D,C,ID=77_4;partial=00;start_type=ATG;rbs_motif=GGxGG;rbs_spacer=5-10bp;gc_cont=0.545,ID=77_4;partial=00;start_type=ATG;rbs_motif=GGxGG;rbs_spacer=5-10bp;gc,26.0
DYFK01000009.1_63,G,K,G,G,G,K,S,D,K,D,C,D,C,ID=19_63;partial=00;start_type=ATG;rbs_motif=AGGAG;rbs_spacer=5-10bp;gc_cont=0.621,ID=19_63;partial=00;start_type=ATG;rbs_motif=AGGAG;rbs_spacer=5-10bp;gc,26.0
JAJTBO010000037.1_10,G,K,G,G,G,K,S,D,K,D,C,D,C,ID=19_10;partial=00;start_type=ATG;rbs_motif=GGA/GAG/AGG;rbs_spacer=11-12bp;gc_cont=0.638,ID=19_10;partial=00;start_type=ATG;rbs_motif=GGA/GAG/AGG;rbs_spacer=11-12bp;gc,26.0
JAASSR010000041.1_19,G,K,G,G,G,K,S,D,K,D,C,D,C,ID=147_19;partial=00;start_type=ATG;rbs_motif=AGxAGG/AGGxGG;rbs_spacer=5-10bp;gc_cont=0.455,ID=147_19;partial=00;start_type=ATG;rbs_motif=AGxAGG/AGGxGG;rbs_spacer=5-10bp;gc,26.0
JAJXWL010000072.1_7,G,K,G,G,G,K,S,D,K,D,C,D,C,ID=36_7;partial=00;start_type=ATG;rbs_motif=AGGAGG;rbs_spacer=5-10bp;gc_cont=0.480,ID=36_7;partial=00;start_type=ATG;rbs_motif=AGGAGG;rbs_spacer=5-10bp;gc,26.0
JAJYJM010000043.1_14,G,K,G,G,G,K,S,D,K,D,C,D,C,ID=49_14;partial=00;start_type=ATG;rbs_motif=GGAGG;rbs_spacer=5-10bp;gc_cont=0.590,ID=49_14;partial=00;start_type=ATG;rbs_motif=GGAGG;rbs_spacer=5-10bp;gc,26.0
JAJYZM010000020.1_6,G,K,G,G,G,K,S,D,K,D,C,D,C,ID=6_6;partial=00;start_type=ATG;rbs_motif=GGAGG;rbs_spacer=5-10bp;gc_cont=0.455,ID=6_6;partial=00;start_type=ATG;rbs_motif=GGAGG;rbs_spacer=5-10bp;gc,26.0
JAJZPG010000061.1_2,G,K,G,G,G,K,S,D,K,D,C,D,C,ID=52_2;partial=00;start_type=ATG;rbs_motif=AGGAG;rbs_spacer=5-10bp;gc_cont=0.604,ID=52_2;partial=00;start_type=ATG;rbs_motif=AGGAG;rbs_spacer=5-10bp;gc,26.0
JAKBJU010000001.1_9,G,K,G,G,G,K,S,D,K,D,C,D,C,ID=17_9;partial=00;start_type=ATG;rbs_motif=AGGAG;rbs_spacer=5-10bp;gc_cont=0.583,ID=17_9;partial=00;start_type=ATG;rbs_motif=AGGAG;rbs_spacer=5-10bp;gc,26.0
JAFLSN010000013.1_32,G,K,G,G,G,K,S,D,K,D,C,D,C,ID=5_32;partial=00;start_type=ATG;rbs_motif=AGGAG;rbs_spacer=5-10bp;gc_cont=0.548,ID=5_32;partial=00;start_type=ATG;rbs_motif=AGGAG;rbs_spacer=5-10bp;gc,26.0
JAGLYT010000250.1_2,G,K,G,G,G,K,S,D,K,D,C,D,C,ID=169_2;partial=00;start_type=ATG;rbs_motif=AGGAGG;rbs_spacer=5-10bp;gc_cont=0.407,ID=169_2;partial=00;start_type=ATG;rbs_motif=AGGAGG;rbs_spacer=5-10bp;gc,26.0
JAHFTI010000618.1_2,G,K,G,G,G,K,S,D,K,D,C,D,C,ID=186_2;partial=00;start_type=ATG;rbs_motif=None;rbs_spacer=None;gc_cont=0.631,ID=186_2;partial=00;start_type=ATG;rbs_motif=None;rbs_spacer=None;gc,26.0
JAEWAK010000042.1_60,G,K,G,G,G,K,S,D,K,D,C,D,C,ID=48_60;partial=00;start_type=ATG;rbs_motif=AGGAGG;rbs_spacer=5-10bp;gc_cont=0.431,ID=48_60;partial=00;start_type=ATG;rbs_motif=AGGAGG;rbs_spacer=5-10bp;gc,26.0
JAEWUD010000027.1_100,G,K,G,G,G,K,S,D,K,D,C,D,C,ID=36_100;partial=00;start_type=TTG;rbs_motif=GGAGG;rbs_spacer=5-10bp;gc_cont=0.545,ID=36_100;partial=00;start_type=TTG;rbs_motif=GGAGG;rbs_spacer=5-10bp;gc,26.0
JAEYLX010000018.1_17,G,K,G,G,G,K,S,D,K,D,C,D,C,ID=62_17;partial=00;start_type=ATG;rbs_motif=AGGAGG;rbs_spacer=5-10bp;gc_cont=0.414,ID=62_17;partial=00;start_type=ATG;rbs_motif=AGGAGG;rbs_spacer=5-10bp;gc,26.0
JAEYNY010000127.1_6,G,K,G,G,G,K,S,D,K,D,C,D,C,ID=108_6;partial=00;start_type=ATG;rbs_motif=GGAGG;rbs_spacer=5-10bp;gc_cont=0.427,ID=108_6;partial=00;start_type=ATG;rbs_motif=GGAGG;rbs_spacer=5-10bp;gc,26.0
JAEZIB010000112.1_3,G,K,G,G,G,K,S,D,K,D,C,D,C,ID=81_3;partial=00;start_type=ATG;rbs_motif=GGAGG;rbs_spacer=5-10bp;gc_cont=0.406,ID=81_3;partial=00;start_type=ATG;rbs_motif=GGAGG;rbs_spacer=5-10bp;gc,26.0
JAFABO010000021.1_2,G,K,G,G,G,K,S,D,K,D,C,D,C,ID=149_2;partial=00;start_type=ATG;rbs_motif=AGGAG;rbs_spacer=5-10bp;gc_cont=0.474,ID=149_2;partial=00;start_type=ATG;rbs_motif=AGGAG;rbs_spacer=5-10bp;gc,26.0
JAEYRD010000116.1_51,G,K,G,G,G,K,S,D,K,D,C,D,C,ID=77_51;partial=00;start_type=ATG;rbs_motif=GGAG/GAGG;rbs_spacer=5-10bp;gc_cont=0.608,ID=77_51;partial=00;start_type=ATG;rbs_motif=GGAG/GAGG;rbs_spacer=5-10bp;gc,26.0
JAEXOU010000005.1_25,G,K,G,G,G,K,S,D,K,D,C,D,C,ID=3_25;partial=00;start_type=ATG;rbs_motif=AGGA;rbs_spacer=5-10bp;gc_cont=0.388,ID=3_25;partial=00;start_type=ATG;rbs_motif=AGGA;rbs_spacer=5-10bp;gc,26.0
JAEXGM010000033.1_27,G,K,G,G,G,K,S,D,K,D,C,D,C,ID=219_27;partial=00;start_type=ATG;rbs_motif=GGAGG;rbs_spacer=5-10bp;gc_cont=0.466,ID=219_27;partial=00;start_type=ATG;rbs_motif=GGAGG;rbs_spacer=5-10bp;gc,26.0
JAILZL010000033.1_5,G,K,G,G,G,K,S,D,K,D,C,D,C,ID=9_5;partial=00;start_type=ATG;rbs_motif=AGGAG;rbs_spacer=5-10bp;gc_cont=0.632,ID=9_5;partial=00;start_type=ATG;rbs_motif=AGGAG;rbs_spacer=5-10bp;gc,26.0
JAJRQC010000094.1_20,G,K,G,G,G,K,S,D,K,D,C,D,C,ID=104_20;partial=00;start_type=ATG;rbs_motif=GGAGG;rbs_spacer=5-10bp;gc_cont=0.509,ID=104_20;partial=00;start_type=ATG;rbs_motif=GGAGG;rbs_spacer=5-10bp;gc,26.0
JAHECZ010000025.1_11,G,K,G,G,G,K,S,D,K,D,C,D,C,ID=25_11;partial=00;start_type=ATG;rbs_motif=GGAG/GAGG;rbs_spacer=5-10bp;gc_cont=0.506,ID=25_11;partial=00;start_type=ATG;rbs_motif=GGAG/GAGG;rbs_spacer=5-10bp;gc,26.0
JAILFZ010000134.1_2,G,K,G,G,G,K,S,D,K,D,C,D,C,ID=176_2;partial=00;start_type=ATG;rbs_motif=GGAG/GAGG;rbs_spacer=5-10bp;gc_cont=0.439,ID=176_2;partial=00;start_type=ATG;rbs_motif=GGAG/GAGG;rbs_spacer=5-10bp;gc,26.0
JANXAL010000009.1_17,G,K,G,G,G,K,S,D,K,D,C,D,C,ID=50_17;partial=00;start_type=ATG;rbs_motif=AGGAG;rbs_spacer=5-10bp;gc_cont=0.585,ID=50_17;partial=00;start_type=ATG;rbs_motif=AGGAG;rbs_spacer=5-10bp;gc,26.0
OMWK01000001.1_212,G,K,G,G,G,K,S,D,K,D,C,D,C,ID=19_212;partial=00;start_type=ATG;rbs_motif=AGGAG/GGAGG;rbs_spacer=11-12bp;gc_cont=0.498,ID=19_212;partial=00;start_type=ATG;rbs_motif=AGGAG/GGAGG;rbs_spacer=11-12bp;gc,26.0
UQOE01000004.1_134,G,K,G,G,G,K,S,D,K,D,C,D,C,ID=4_134;partial=00;start_type=GTG;rbs_motif=AGGAGG;rbs_spacer=5-10bp;gc_cont=0.590,ID=4_134;partial=00;start_type=GTG;rbs_motif=AGGAGG;rbs_spacer=5-10bp;gc,26.0
CACWJY010000023.1_9,G,K,G,G,G,K,S,D,K,D,C,D,C,ID=23_9;partial=00;start_type=ATG;rbs_motif=AGGAG;rbs_spacer=5-10bp;gc_cont=0.494,ID=23_9;partial=00;start_type=ATG;rbs_motif=AGGAG;rbs_spacer=5-10bp;gc,26.0
CACYDQ010000277.1_12,G,K,G,G,G,K,S,D,K,D,C,D,C,ID=277_12;partial=00;start_type=ATG;rbs_motif=AGGAG;rbs_spacer=5-10bp;gc_cont=0.607,ID=277_12;partial=00;start_type=ATG;rbs_motif=AGGAG;rbs_spacer=5-10bp;gc,26.0
CACZSE010000048.1_6,G,K,G,G,G,K,S,D,K,D,C,D,C,ID=48_6;partial=00;start_type=ATG;rbs_motif=AGGA;rbs_spacer=5-10bp;gc_cont=0.455,ID=48_6;partial=00;start_type=ATG;rbs_motif=AGGA;rbs_spacer=5-10bp;gc,26.0
CADCRH010000056.1_16,G,K,G,G,G,K,S,D,K,D,C,D,C,ID=56_16;partial=00;start_type=ATG;rbs_motif=GGAG/GAGG;rbs_spacer=5-10bp;gc_cont=0.474,ID=56_16;partial=00;start_type=ATG;rbs_motif=GGAG/GAGG;rbs_spacer=5-10bp;gc,26.0
CAILNT010000007.1_11,G,K,G,G,G,K,S,D,K,D,C,D,C,ID=7_11;partial=00;start_type=ATG;rbs_motif=AGGAG;rbs_spacer=5-10bp;gc_cont=0.591,ID=7_11;partial=00;start_type=ATG;rbs_motif=AGGAG;rbs_spacer=5-10bp;gc,26.0
CAIQSY010000120.1_5,G,K,G,G,G,K,S,D,K,D,C,D,C,ID=120_5;partial=00;start_type=ATG;rbs_motif=None;rbs_spacer=None;gc_cont=0.472,ID=120_5;partial=00;start_type=ATG;rbs_motif=None;rbs_spacer=None;gc,26.0
CAITZA010000458.1_6,G,K,G,G,G,K,S,D,K,D,C,D,C,ID=458_6;partial=00;start_type=ATG;rbs_motif=GGAG/GAGG;rbs_spacer=5-10bp;gc_cont=0.479,ID=458_6;partial=00;start_type=ATG;rbs_motif=GGAG/GAGG;rbs_spacer=5-10bp;gc,26.0
CAIWTU010000024.1_16,G,K,G,G,G,K,S,D,K,D,C,D,C,ID=24_16;partial=00;start_type=ATG;rbs_motif=AGGAG;rbs_spacer=5-10bp;gc_cont=0.536,ID=24_16;partial=00;start_type=ATG;rbs_motif=AGGAG;rbs_spacer=5-10bp;gc,26.0
CAIYUY010000173.1_44,G,K,G,G,G,K,S,D,K,D,C,D,C,ID=173_44;partial=00;start_type=ATG;rbs_motif=AGGAG;rbs_spacer=5-10bp;gc_cont=0.596,ID=173_44;partial=00;start_type=ATG;rbs_motif=AGGAG;rbs_spacer=5-10bp;gc,26.0
CAJBRY010000230.1_2,G,K,G,G,G,K,S,D,K,D,C,D,C,ID=230_2;partial=00;start_type=ATG;rbs_motif=AGGAG;rbs_spacer=5-10bp;gc_cont=0.490,ID=230_2;partial=00;start_type=ATG;rbs_motif=AGGAG;rbs_spacer=5-10bp;gc,26.0
CAJPFK010000001.1_178,G,K,G,G,G,K,S,D,K,D,C,D,C,ID=1_178;partial=00;start_type=ATG;rbs_motif=AGGAG;rbs_spacer=5-10bp;gc_cont=0.558,ID=1_178;partial=00;start_type=ATG;rbs_motif=AGGAG;rbs_spacer=5-10bp;gc,26.0
OV696605.1_1302,G,K,G,G,G,K,S,D,K,D,C,D,C,ID=1_1302;partial=00;start_type=ATG;rbs_motif=AGGAG;rbs_spacer=5-10bp;gc_cont=0.573,ID=1_1302;partial=00;start_type=ATG;rbs_motif=AGGAG;rbs_spacer=5-10bp;gc,26.0
NC_013854.1_812,G,K,G,G,G,K,S,D,K,D,C,D,C,ID=1_812;partial=00;start_type=ATG;rbs_motif=AGGAG;rbs_spacer=5-10bp;gc_cont=0.639,ID=1_812;partial=00;start_type=ATG;rbs_motif=AGGAG;rbs_spacer=5-10bp;gc,26.0
NC_009675.1_3095,G,K,G,G,G,K,S,D,K,D,C,D,C,ID=1_3095;partial=00;start_type=ATG;rbs_motif=AGGAG/GGAGG;rbs_spacer=11-12bp;gc_cont=0.674,ID=1_3095;partial=00;start_type=ATG;rbs_motif=AGGAG/GGAGG;rbs_spacer=11-12bp;gc,26.0
NC_011832.1_564,G,K,G,G,G,K,S,D,K,D,C,D,C,ID=1_564;partial=00;start_type=ATG;rbs_motif=AGGAG;rbs_spacer=5-10bp;gc_cont=0.546,ID=1_564;partial=00;start_type=ATG;rbs_motif=AGGAG;rbs_spacer=5-10bp;gc,26.0
NC_014501.1_3655,G,K,G,G,G,K,S,D,K,D,C,D,C,ID=1_3655;partial=00;start_type=ATG;rbs_motif=GGA/GAG/AGG;rbs_spacer=5-10bp;gc_cont=0.465,ID=1_3655;partial=00;start_type=ATG;rbs_motif=GGA/GAG/AGG;rbs_spacer=5-10bp;gc,26.0
NZ_ADKM02000112.1_8,G,K,G,G,G,K,S,D,K,D,C,D,C,ID=25_8;partial=00;start_type=ATG;rbs_motif=AGGAG;rbs_spacer=5-10bp;gc_cont=0.498,ID=25_8;partial=00;start_type=ATG;rbs_motif=AGGAG;rbs_spacer=5-10bp;gc,26.0
NC_015709.1_1309,G,K,G,G,G,K,S,D,K,D,C,D,C,ID=1_1309;partial=00;start_type=ATG;rbs_motif=AGGA;rbs_spacer=5-10bp;gc_cont=0.488,ID=1_1309;partial=00;start_type=ATG;rbs_motif=AGGA;rbs_spacer=5-10bp;gc,26.0
NC_016894.1_800,G,K,G,G,G,K,S,D,K,D,C,D,C,ID=1_800;partial=00;start_type=ATG;rbs_motif=GGAGG;rbs_spacer=5-10bp;gc_cont=0.410,ID=1_800;partial=00;start_type=ATG;rbs_motif=GGAGG;rbs_spacer=5-10bp;gc,26.0
NC_017059.1_2846,G,K,G,G,G,K,S,D,K,D,C,D,C,ID=1_2846;partial=00;start_type=ATG;rbs_motif=AGGA;rbs_spacer=5-10bp;gc_cont=0.628,ID=1_2846;partial=00;start_type=ATG;rbs_motif=AGGA;rbs_spacer=5-10bp;gc,26.0
NZ_BACU01000079.1_34,G,K,G,G,G,K,S,D,K,D,C,D,C,ID=666_34;partial=00;start_type=ATG;rbs_motif=AGGAG;rbs_spacer=5-10bp;gc_cont=0.637,ID=666_34;partial=00;start_type=ATG;rbs_motif=AGGAG;rbs_spacer=5-10bp;gc,26.0
NZ_KB894582.1_18,G,K,G,G,G,K,S,D,K,D,C,D,C,ID=1_18;partial=00;start_type=ATG;rbs_motif=GGAGG;rbs_spacer=5-10bp;gc_cont=0.519,ID=1_18;partial=00;start_type=ATG;rbs_motif=GGAGG;rbs_spacer=5-10bp;gc,26.0
NZ_CM001974.1_414,G,K,G,G,G,K,S,D,K,D,C,D,C,ID=1_414;partial=00;start_type=ATG;rbs_motif=AGGAG;rbs_spacer=5-10bp;gc_cont=0.588,ID=1_414;partial=00;start_type=ATG;rbs_motif=AGGAG;rbs_spacer=5-10bp;gc,26.0
NZ_AULH01000012.1_9,G,K,G,G,G,K,S,D,K,D,C,D,C,ID=10_9;partial=00;start_type=ATG;rbs_motif=AGGA;rbs_spacer=5-10bp;gc_cont=0.620,ID=10_9;partial=00;start_type=ATG;rbs_motif=AGGA;rbs_spacer=5-10bp;gc,26.0
NZ_AUCT01000001.1_186,G,K,G,G,G,K,S,D,K,D,C,D,C,ID=1_186;partial=00;start_type=ATG;rbs_motif=AGGA;rbs_spacer=5-10bp;gc_cont=0.572,ID=1_186;partial=00;start_type=ATG;rbs_motif=AGGA;rbs_spacer=5-10bp;gc,26.0
NZ_AXAZ01000002.1_145,G,K,G,G,G,K,S,D,K,D,C,D,C,ID=2_145;partial=00;start_type=ATG;rbs_motif=GGAG/GAGG;rbs_spacer=5-10bp;gc_cont=0.583,ID=2_145;partial=00;start_type=ATG;rbs_motif=GGAG/GAGG;rbs_spacer=5-10bp;gc,26.0
NZ_JAEX01000002.1_42,G,K,G,G,G,K,S,D,K,D,C,D,C,ID=2_42;partial=00;start_type=ATG;rbs_motif=GGAGG;rbs_spacer=5-10bp;gc_cont=0.650,ID=2_42;partial=00;start_type=ATG;rbs_motif=GGAGG;rbs_spacer=5-10bp;gc,26.0
NZ_JHYD01000046.1_43,G,K,G,G,G,K,S,D,K,D,C,D,C,ID=34_43;partial=00;start_type=ATG;rbs_motif=AGGAGG;rbs_spacer=5-10bp;gc_cont=0.536,ID=34_43;partial=00;start_type=ATG;rbs_motif=AGGAGG;rbs_spacer=5-10bp;gc,26.0
NZ_JOMG01000002.1_2389,G,K,G,G,G,K,S,D,K,D,C,D,C,ID=2_2389;partial=00;start_type=ATG;rbs_motif=AGGAGG;rbs_spacer=5-10bp;gc_cont=0.562,ID=2_2389;partial=00;start_type=ATG;rbs_motif=AGGAGG;rbs_spacer=5-10bp;gc,26.0
NZ_CP009428.1_4899,G,K,G,G,G,K,S,D,K,D,C,D,C,ID=1_4899;partial=00;start_type=ATG;rbs_motif=GGA/GAG/AGG;rbs_spacer=5-10bp;gc_cont=0.464,ID=1_4899;partial=00;start_type=ATG;rbs_motif=GGA/GAG/AGG;rbs_spacer=5-10bp;gc,26.0
NZ_AVFK01000017.1_99,G,K,G,G,G,K,S,D,K,D,C,D,C,ID=95_99;partial=00;start_type=ATG;rbs_motif=AGGAG;rbs_spacer=5-10bp;gc_cont=0.630,ID=95_99;partial=00;start_type=ATG;rbs_motif=AGGAG;rbs_spacer=5-10bp;gc,26.0
NZ_LDZY01000006.1_164,G,K,G,G,G,K,S,D,K,D,C,D,C,ID=6_164;partial=00;start_type=ATG;rbs_motif=AGGAG;rbs_spacer=5-10bp;gc_cont=0.471,ID=6_164;partial=00;start_type=ATG;rbs_motif=AGGAG;rbs_spacer=5-10bp;gc,26.0
NZ_BBCJ01000001.1_16,G,K,G,G,G,K,S,D,K,D,C,D,C,ID=1_16;partial=00;start_type=ATG;rbs_motif=AGGAG;rbs_spacer=5-10bp;gc_cont=0.549,ID=1_16;partial=00;start_type=ATG;rbs_motif=AGGAG;rbs_spacer=5-10bp;gc,26.0
NZ_LWQT01000109.1_134,G,K,G,G,G,K,S,D,K,D,C,D,C,ID=109_134;partial=00;start_type=ATG;rbs_motif=AGGA;rbs_spacer=5-10bp;gc_cont=0.622,ID=109_134;partial=00;start_type=ATG;rbs_motif=AGGA;rbs_spacer=5-10bp;gc,26.0
NZ_MCGV01000001.1_1740,G,K,G,G,G,K,S,D,K,D,C,D,C,ID=1_1740;partial=00;start_type=ATG;rbs_motif=AGGAGG;rbs_spacer=5-10bp;gc_cont=0.353,ID=1_1740;partial=00;start_type=ATG;rbs_motif=AGGAGG;rbs_spacer=5-10bp;gc,26.0
NZ_MLQR01000001.1_357,G,K,G,G,G,K,S,D,K,D,C,D,C,ID=1_357;partial=00;start_type=ATG;rbs_motif=AGGAG;rbs_spacer=5-10bp;gc_cont=0.380,ID=1_357;partial=00;start_type=ATG;rbs_motif=AGGAG;rbs_spacer=5-10bp;gc,26.0
NZ_MRDM01000012.1_54,G,K,G,G,G,K,S,D,K,D,C,D,C,ID=15_54;partial=00;start_type=ATG;rbs_motif=AGGA;rbs_spacer=5-10bp;gc_cont=0.554,ID=15_54;partial=00;start_type=ATG;rbs_motif=AGGA;rbs_spacer=5-10bp;gc,26.0
NZ_MWLO01000089.1_22,G,K,G,G,G,K,S,D,K,D,C,D,C,ID=153_22;partial=00;start_type=ATG;rbs_motif=GGAG/GAGG;rbs_spacer=5-10bp;gc_cont=0.647,ID=153_22;partial=00;start_type=ATG;rbs_motif=GGAG/GAGG;rbs_spacer=5-10bp;gc,26.0
NZ_NSFT01000033.1_11,G,K,G,G,G,K,S,D,K,D,C,D,C,ID=27_11;partial=00;start_type=ATG;rbs_motif=AGGA;rbs_spacer=5-10bp;gc_cont=0.598,ID=27_11;partial=00;start_type=ATG;rbs_motif=AGGA;rbs_spacer=5-10bp;gc,26.0
NZ_CP021375.1_112,G,K,G,G,G,K,S,D,K,D,C,D,C,ID=2_112;partial=00;start_type=ATG;rbs_motif=AGGA;rbs_spacer=5-10bp;gc_cont=0.611,ID=2_112;partial=00;start_type=ATG;rbs_motif=AGGA;rbs_spacer=5-10bp;gc,26.0
NZ_CP021850.1_1009,G,K,G,G,G,K,S,D,K,D,C,D,C,ID=1_1009;partial=00;start_type=ATG;rbs_motif=GGA/GAG/AGG;rbs_spacer=5-10bp;gc_cont=0.466,ID=1_1009;partial=00;start_type=ATG;rbs_motif=GGA/GAG/AGG;rbs_spacer=5-10bp;gc,26.0
NZ_CP019966.1_4582,G,K,G,G,G,K,S,D,K,D,C,D,C,ID=1_4582;partial=00;start_type=ATG;rbs_motif=GGAG/GAGG;rbs_spacer=5-10bp;gc_cont=0.634,ID=1_4582;partial=00;start_type=ATG;rbs_motif=GGAG/GAGG;rbs_spacer=5-10bp;gc,26.0
NZ_QEWP01000002.1_11,G,K,G,G,G,K,S,D,K,D,C,D,C,ID=12_11;partial=00;start_type=ATG;rbs_motif=AAAA;rbs_spacer=10bp;gc_cont=0.438,ID=12_11;partial=00;start_type=ATG;rbs_motif=AAAA;rbs_spacer=10bp;gc,26.0
NZ_CP030040.1_2958,G,K,G,G,G,K,S,D,K,D,C,D,C,ID=1_2958;partial=00;start_type=ATG;rbs_motif=AGGAGG;rbs_spacer=5-10bp;gc_cont=0.420,ID=1_2958;partial=00;start_type=ATG;rbs_motif=AGGAGG;rbs_spacer=5-10bp;gc,26.0
NZ_QOHO01000025.1_83,G,K,G,G,G,K,S,D,K,D,C,D,C,ID=94_83;partial=00;start_type=ATG;rbs_motif=AGGAGG;rbs_spacer=5-10bp;gc_cont=0.474,ID=94_83;partial=00;start_type=ATG;rbs_motif=AGGAGG;rbs_spacer=5-10bp;gc,26.0
NZ_RQIT01000031.1_61,G,K,G,G,G,K,S,D,K,D,C,D,C,ID=24_61;partial=00;start_type=ATG;rbs_motif=GGAG/GAGG;rbs_spacer=5-10bp;gc_cont=0.576,ID=24_61;partial=00;start_type=ATG;rbs_motif=GGAG/GAGG;rbs_spacer=5-10bp;gc,26.0
NZ_ML133738.1_1,G,K,G,G,G,K,S,D,K,D,C,D,C,ID=53_1;partial=00;start_type=ATG;rbs_motif=AGGA;rbs_spacer=5-10bp;gc_cont=0.598,ID=53_1;partial=00;start_type=ATG;rbs_motif=AGGA;rbs_spacer=5-10bp;gc,26.0
NZ_CP022221.1_2028,G,K,G,G,G,K,S,D,K,D,C,D,C,ID=1_2028;partial=00;start_type=ATG;rbs_motif=GGAG/GAGG;rbs_spacer=5-10bp;gc_cont=0.584,ID=1_2028;partial=00;start_type=ATG;rbs_motif=GGAG/GAGG;rbs_spacer=5-10bp;gc,26.0
NZ_SLVM01000008.1_78,G,K,G,G,G,K,S,D,K,D,C,D,C,ID=8_78;partial=00;start_type=ATG;rbs_motif=AGGA;rbs_spacer=5-10bp;gc_cont=0.628,ID=8_78;partial=00;start_type=ATG;rbs_motif=AGGA;rbs_spacer=5-10bp;gc,26.0
NZ_QFGA01000001.1_1035,G,K,G,G,G,K,S,D,K,D,C,D,C,ID=1_1035;partial=00;start_type=ATG;rbs_motif=AGGAG;rbs_spacer=5-10bp;gc_cont=0.512,ID=1_1035;partial=00;start_type=ATG;rbs_motif=AGGAG;rbs_spacer=5-10bp;gc,26.0
NZ_SWCN01000012.1_65,G,K,G,G,G,K,S,D,K,D,C,D,C,ID=8_65;partial=00;start_type=ATG;rbs_motif=AGGAG;rbs_spacer=5-10bp;gc_cont=0.460,ID=8_65;partial=00;start_type=ATG;rbs_motif=AGGAG;rbs_spacer=5-10bp;gc,26.0
NZ_VIAQ01000015.1_120,G,K,G,G,G,K,S,D,K,D,C,D,C,ID=15_120;partial=00;start_type=ATG;rbs_motif=AGxAGG/AGGxGG;rbs_spacer=5-10bp;gc_cont=0.470,ID=15_120;partial=00;start_type=ATG;rbs_motif=AGxAGG/AGGxGG;rbs_spacer=5-10bp;gc,26.0
NZ_VLLC01000023.1_18,G,K,G,G,G,K,S,D,K,D,C,D,C,ID=25_18;partial=00;start_type=ATG;rbs_motif=AGGAG;rbs_spacer=5-10bp;gc_cont=0.550,ID=25_18;partial=00;start_type=ATG;rbs_motif=AGGAG;rbs_spacer=5-10bp;gc,26.0
NZ_VTTO01000003.1_54,G,K,G,G,G,K,S,D,K,D,C,D,C,ID=33_54;partial=00;start_type=ATG;rbs_motif=AGGAG;rbs_spacer=5-10bp;gc_cont=0.641,ID=33_54;partial=00;start_type=ATG;rbs_motif=AGGAG;rbs_spacer=5-10bp;gc,26.0
NZ_WJPO01000054.1_7,G,K,G,G,G,K,S,D,K,D,C,D,C,ID=49_7;partial=00;start_type=ATG;rbs_motif=AGGA;rbs_spacer=5-10bp;gc_cont=0.646,ID=49_7;partial=00;start_type=ATG;rbs_motif=AGGA;rbs_spacer=5-10bp;gc,26.0
NZ_CP047242.1_177,G,K,G,G,G,K,S,D,K,D,C,D,C,ID=1_177;partial=00;start_type=ATG;rbs_motif=AGGAG;rbs_spacer=5-10bp;gc_cont=0.481,ID=1_177;partial=00;start_type=ATG;rbs_motif=AGGAG;rbs_spacer=5-10bp;gc,26.0
NZ_VKHP01000057.1_30,G,K,G,G,G,K,S,D,K,D,C,D,C,ID=846_30;partial=00;start_type=ATG;rbs_motif=GGAG/GAGG;rbs_spacer=5-10bp;gc_cont=0.577,ID=846_30;partial=00;start_type=ATG;rbs_motif=GGAG/GAGG;rbs_spacer=5-10bp;gc,26.0
NZ_CP051216.1_2061,G,K,G,G,G,K,S,D,K,D,C,D,C,ID=1_2061;partial=00;start_type=ATG;rbs_motif=AGGAG;rbs_spacer=5-10bp;gc_cont=0.552,ID=1_2061;partial=00;start_type=ATG;rbs_motif=AGGAG;rbs_spacer=5-10bp;gc,26.0
NZ_JAAOJA010000007.1_15,G,K,G,G,G,K,S,D,K,D,C,D,C,ID=7_15;partial=00;start_type=ATG;rbs_motif=GGAG/GAGG;rbs_spacer=5-10bp;gc_cont=0.608,ID=7_15;partial=00;start_type=ATG;rbs_motif=GGAG/GAGG;rbs_spacer=5-10bp;gc,26.0
NZ_JACDTY010000002.1_35,G,K,G,G,G,K,S,D,K,D,C,D,C,ID=22_35;partial=00;start_type=ATG;rbs_motif=AGGA;rbs_spacer=5-10bp;gc_cont=0.639,ID=22_35;partial=00;start_type=ATG;rbs_motif=AGGA;rbs_spacer=5-10bp;gc,26.0
NZ_JACHBG010000031.1_57,G,K,G,G,G,K,S,D,K,D,C,D,C,ID=31_57;partial=00;start_type=ATG;rbs_motif=AGGA;rbs_spacer=5-10bp;gc_cont=0.591,ID=31_57;partial=00;start_type=ATG;rbs_motif=AGGA;rbs_spacer=5-10bp;gc,26.0
NZ_JACJPX010000003.1_115,G,K,G,G,G,K,S,D,K,D,C,D,C,ID=89_115;partial=00;start_type=ATG;rbs_motif=AGGA;rbs_spacer=5-10bp;gc_cont=0.463,ID=89_115;partial=00;start_type=ATG;rbs_motif=AGGA;rbs_spacer=5-10bp;gc,26.0
NZ_JACXSS010000001.1_3849,G,K,G,G,G,K,S,D,K,D,C,D,C,ID=1_3849;partial=00;start_type=ATG;rbs_motif=AGGAG;rbs_spacer=5-10bp;gc_cont=0.472,ID=1_3849;partial=00;start_type=ATG;rbs_motif=AGGAG;rbs_spacer=5-10bp;gc,26.0
NZ_JAEAGR010000013.1_113,G,K,G,G,G,K,S,D,K,D,C,D,C,ID=5_113;partial=00;start_type=ATG;rbs_motif=AGGAGG;rbs_spacer=5-10bp;gc_cont=0.432,ID=5_113;partial=00;start_type=ATG;rbs_motif=AGGAGG;rbs_spacer=5-10bp;gc,26.0
NZ_CP067102.1_1544,G,K,G,G,G,K,S,D,K,D,C,D,C,ID=1_1544;partial=00;start_type=ATG;rbs_motif=GGAG/GAGG;rbs_spacer=5-10bp;gc_cont=0.607,ID=1_1544;partial=00;start_type=ATG;rbs_motif=GGAG/GAGG;rbs_spacer=5-10bp;gc,26.0
NZ_JAFBEP010000007.1_27,G,K,G,G,G,K,S,D,K,D,C,D,C,ID=7_27;partial=00;start_type=ATG;rbs_motif=GGAGG;rbs_spacer=5-10bp;gc_cont=0.421,ID=7_27;partial=00;start_type=ATG;rbs_motif=GGAGG;rbs_spacer=5-10bp;gc,26.0
NZ_JAGIQA010000076.1_4,G,K,G,G,G,K,S,D,K,D,C,D,C,ID=211_4;partial=00;start_type=ATG;rbs_motif=GGAG/GAGG;rbs_spacer=5-10bp;gc_cont=0.540,ID=211_4;partial=00;start_type=ATG;rbs_motif=GGAG/GAGG;rbs_spacer=5-10bp;gc,26.0
NZ_JAFCLU010000037.1_26,G,K,G,G,G,K,S,D,K,D,C,D,C,ID=43_26;partial=00;start_type=ATG;rbs_motif=GGAG/GAGG;rbs_spacer=5-10bp;gc_cont=0.637,ID=43_26;partial=00;start_type=ATG;rbs_motif=GGAG/GAGG;rbs_spacer=5-10bp;gc,26.0
NZ_JAHFZG010000006.1_133,G,K,G,G,G,K,S,D,K,D,C,D,C,ID=6_133;partial=00;start_type=ATG;rbs_motif=AGGAG;rbs_spacer=5-10bp;gc_cont=0.600,ID=6_133;partial=00;start_type=ATG;rbs_motif=AGGAG;rbs_spacer=5-10bp;gc,26.0
NZ_CP073764.1_1557,G,K,G,G,G,K,S,D,K,D,C,D,C,ID=1_1557;partial=00;start_type=ATG;rbs_motif=AGGAG;rbs_spacer=5-10bp;gc_cont=0.608,ID=1_1557;partial=00;start_type=ATG;rbs_motif=AGGAG;rbs_spacer=5-10bp;gc,26.0
NZ_JADYVD010000095.1_3,G,K,G,G,G,K,S,D,K,D,C,D,C,ID=170_3;partial=00;start_type=ATG;rbs_motif=AGGA;rbs_spacer=5-10bp;gc_cont=0.614,ID=170_3;partial=00;start_type=ATG;rbs_motif=AGGA;rbs_spacer=5-10bp;gc,26.0
NZ_JACMYP010000076.1_21,G,K,G,G,G,K,S,D,K,D,C,D,C,ID=76_21;partial=00;start_type=ATG;rbs_motif=GGAG/GAGG;rbs_spacer=5-10bp;gc_cont=0.588,ID=76_21;partial=00;start_type=ATG;rbs_motif=GGAG/GAGG;rbs_spacer=5-10bp;gc,26.0
NZ_JAKGSB010000001.1_789,G,K,G,G,G,K,S,D,K,D,C,D,C,ID=9_789;partial=00;start_type=ATG;rbs_motif=AGGA;rbs_spacer=5-10bp;gc_cont=0.640,ID=9_789;partial=00;start_type=ATG;rbs_motif=AGGA;rbs_spacer=5-10bp;gc,26.0
NZ_JALCYY010000010.1_53,G,K,G,G,G,K,S,D,K,D,C,D,C,ID=2_53;partial=00;start_type=ATG;rbs_motif=GGAGG;rbs_spacer=5-10bp;gc_cont=0.676,ID=2_53;partial=00;start_type=ATG;rbs_motif=GGAGG;rbs_spacer=5-10bp;gc,26.0
NZ_CP064689.1_6906,G,K,G,G,G,K,S,D,K,D,C,D,C,ID=1_6906;partial=00;start_type=ATG;rbs_motif=GGAG/GAGG;rbs_spacer=5-10bp;gc_cont=0.588,ID=1_6906;partial=00;start_type=ATG;rbs_motif=GGAG/GAGG;rbs_spacer=5-10bp;gc,26.0
NZ_JAMYDV010000003.1_216,G,K,G,G,G,K,S,D,K,D,C,D,C,ID=3_216;partial=00;start_type=ATG;rbs_motif=AGGA;rbs_spacer=5-10bp;gc_cont=0.629,ID=3_216;partial=00;start_type=ATG;rbs_motif=AGGA;rbs_spacer=5-10bp;gc,26.0
NZ_CP062229.1_6904,G,K,G,G,G,K,S,D,K,D,C,D,C,ID=1_6904;partial=00;start_type=ATG;rbs_motif=AGGA;rbs_spacer=5-10bp;gc_cont=0.605,ID=1_6904;partial=00;start_type=ATG;rbs_motif=AGGA;rbs_spacer=5-10bp;gc,26.0
NZ_FNCT01000006.1_72,G,K,G,G,G,K,S,D,K,D,C,D,C,ID=18_72;partial=00;start_type=ATG;rbs_motif=GGAG/GAGG;rbs_spacer=5-10bp;gc_cont=0.617,ID=18_72;partial=00;start_type=ATG;rbs_motif=GGAG/GAGG;rbs_spacer=5-10bp;gc,26.0
NZ_FNPG01000015.1_37,G,K,G,G,G,K,S,D,K,D,C,D,C,ID=12_37;partial=00;start_type=GTG;rbs_motif=AGGAG;rbs_spacer=5-10bp;gc_cont=0.355,ID=12_37;partial=00;start_type=GTG;rbs_motif=AGGAG;rbs_spacer=5-10bp;gc,26.0
NZ_FOLG01000003.1_26,G,K,G,G,G,K,S,D,K,D,C,D,C,ID=48_26;partial=00;start_type=ATG;rbs_motif=AGGA;rbs_spacer=5-10bp;gc_cont=0.625,ID=48_26;partial=00;start_type=ATG;rbs_motif=AGGA;rbs_spacer=5-10bp;gc,26.0
NZ_FQTV01000005.1_101,G,K,G,G,G,K,S,D,K,D,C,D,C,ID=20_101;partial=00;start_type=ATG;rbs_motif=AATAA;rbs_spacer=4bp;gc_cont=0.432,ID=20_101;partial=00;start_type=ATG;rbs_motif=AATAA;rbs_spacer=4bp;gc,26.0
NZ_FRDH01000004.1_111,G,K,G,G,G,K,S,D,K,D,C,D,C,ID=14_111;partial=00;start_type=ATG;rbs_motif=GGAGG;rbs_spacer=5-10bp;gc_cont=0.430,ID=14_111;partial=00;start_type=ATG;rbs_motif=GGAGG;rbs_spacer=5-10bp;gc,26.0
NZ_FWZU01000001.1_912,G,K,G,G,G,K,S,D,K,D,C,D,C,ID=5_912;partial=00;start_type=ATG;rbs_motif=GGAGG;rbs_spacer=5-10bp;gc_cont=0.465,ID=5_912;partial=00;start_type=ATG;rbs_motif=GGAGG;rbs_spacer=5-10bp;gc,26.0
NZ_OBMT01000006.1_80,G,K,G,G,G,K,S,D,K,D,C,D,C,ID=25_80;partial=00;start_type=ATG;rbs_motif=GGAG/GAGG;rbs_spacer=5-10bp;gc_cont=0.597,ID=25_80;partial=00;start_type=ATG;rbs_motif=GGAG/GAGG;rbs_spacer=5-10bp;gc,26.0
NZ_CACVCH010000042.1_45,G,K,G,G,G,K,S,D,K,D,C,D,C,ID=47_45;partial=00;start_type=ATG;rbs_motif=None;rbs_spacer=None;gc_cont=0.634,ID=47_45;partial=00;start_type=ATG;rbs_motif=None;rbs_spacer=None;gc,26.0
DBTI01000267.1_30,G,K,G,G,G,K,S,D,K,D,C,D,C,ID=135_30;partial=00;start_type=ATG;rbs_motif=GGA/GAG/AGG;rbs_spacer=11-12bp;gc_cont=0.501,ID=135_30;partial=00;start_type=ATG;rbs_motif=GGA/GAG/AGG;rbs_spacer=11-12bp;gc,26.0
JAATEU010000042.1_8,G,K,G,G,G,K,S,D,K,D,C,D,C,ID=146_8;partial=00;start_type=ATG;rbs_motif=GGAGG;rbs_spacer=5-10bp;gc_cont=0.423,ID=146_8;partial=00;start_type=ATG;rbs_motif=GGAGG;rbs_spacer=5-10bp;gc,26.0
JAEXNR010000001.1_16,G,K,G,G,G,K,S,D,K,D,C,D,C,ID=65_16;partial=00;start_type=ATG;rbs_motif=AGGAGG;rbs_spacer=5-10bp;gc_cont=0.419,ID=65_16;partial=00;start_type=ATG;rbs_motif=AGGAGG;rbs_spacer=5-10bp;gc,26.0
NZ_CM001240.1_4217,G,K,G,G,G,K,S,D,K,D,C,D,C,ID=1_4217;partial=00;start_type=ATG;rbs_motif=AGGAG;rbs_spacer=5-10bp;gc_cont=0.355,ID=1_4217;partial=00;start_type=ATG;rbs_motif=AGGAG;rbs_spacer=5-10bp;gc,26.0
NZ_CP008852.1_3864,G,K,G,G,G,K,S,D,K,D,C,D,C,ID=1_3864;partial=00;start_type=ATG;rbs_motif=GGxGG;rbs_spacer=5-10bp;gc_cont=0.412,ID=1_3864;partial=00;start_type=ATG;rbs_motif=GGxGG;rbs_spacer=5-10bp;gc,26.0
NZ_CP019966.1_1412,G,K,G,G,G,K,S,D,K,D,C,D,C,ID=1_1412;partial=00;start_type=ATG;rbs_motif=AGGAG;rbs_spacer=5-10bp;gc_cont=0.618,ID=1_1412;partial=00;start_type=ATG;rbs_motif=AGGAG;rbs_spacer=5-10bp;gc,26.0
NZ_WNKS01000020.1_64,G,K,G,G,G,K,S,D,K,D,C,D,C,ID=12_64;partial=00;start_type=ATG;rbs_motif=AGGAG;rbs_spacer=5-10bp;gc_cont=0.597,ID=12_64;partial=00;start_type=ATG;rbs_motif=AGGAG;rbs_spacer=5-10bp;gc,26.0
NZ_JAIVKM010000001.1_395,G,K,G,G,G,K,S,D,K,D,C,D,C,ID=1_395;partial=00;start_type=ATG;rbs_motif=GGAGG;rbs_spacer=5-10bp;gc_cont=0.458,ID=1_395;partial=00;start_type=ATG;rbs_motif=GGAGG;rbs_spacer=5-10bp;gc,26.0
DIDB01000178.1_7,G,K,G,G,G,K,S,D,K,D,C,D,C,ID=96_7;partial=00;start_type=ATG;rbs_motif=None;rbs_spacer=None;gc_cont=0.521,ID=96_7;partial=00;start_type=ATG;rbs_motif=None;rbs_spacer=None;gc,26.0
JAJOIL010000007.1_15,G,K,G,G,G,K,S,D,K,D,C,D,C,ID=12_15;partial=00;start_type=ATG;rbs_motif=AGGAG;rbs_spacer=5-10bp;gc_cont=0.493,ID=12_15;partial=00;start_type=ATG;rbs_motif=AGGAG;rbs_spacer=5-10bp;gc,26.0
NZ_CP040094.1_3043,G,K,G,G,G,K,S,D,K,D,C,D,C,ID=1_3043;partial=00;start_type=ATG;rbs_motif=GGA/GAG/AGG;rbs_spacer=5-10bp;gc_cont=0.454,ID=1_3043;partial=00;start_type=ATG;rbs_motif=GGA/GAG/AGG;rbs_spacer=5-10bp;gc,26.0
NZ_SJZB01000032.1_16,G,K,G,G,G,K,S,D,K,D,C,D,C,ID=6_16;partial=00;start_type=ATG;rbs_motif=AGGAG;rbs_spacer=5-10bp;gc_cont=0.646,ID=6_16;partial=00;start_type=ATG;rbs_motif=AGGAG;rbs_spacer=5-10bp;gc,26.0
DS990592.1_4258,G,K,G,G,G,K,S,D,K,D,C,D,C,ID=6_4258;partial=00;start_type=ATG;rbs_motif=None;rbs_spacer=None;gc_cont=0.554,ID=6_4258;partial=00;start_type=ATG;rbs_motif=None;rbs_spacer=None;gc,26.0
JNJD01000007.1_360,G,K,G,G,G,K,S,D,K,D,C,D,C,ID=7_360;partial=00;start_type=ATG;rbs_motif=AGGAG;rbs_spacer=5-10bp;gc_cont=0.472,ID=7_360;partial=00;start_type=ATG;rbs_motif=AGGAG;rbs_spacer=5-10bp;gc,26.0
LDXJ01000058.1_156,G,K,G,G,G,K,S,D,K,D,C,D,C,ID=58_156;partial=00;start_type=ATG;rbs_motif=AGGAG;rbs_spacer=5-10bp;gc_cont=0.543,ID=58_156;partial=00;start_type=ATG;rbs_motif=AGGAG;rbs_spacer=5-10bp;gc,26.0
LVBW01000006.1_5,G,K,G,G,G,K,S,D,K,D,C,D,C,ID=94_5;partial=00;start_type=ATG;rbs_motif=None;rbs_spacer=None;gc_cont=0.577,ID=94_5;partial=00;start_type=ATG;rbs_motif=None;rbs_spacer=None;gc,26.0
MGVN01000251.1_7,G,K,G,G,G,K,S,D,K,D,C,D,C,ID=251_7;partial=00;start_type=ATG;rbs_motif=AGGAGG;rbs_spacer=5-10bp;gc_cont=0.531,ID=251_7;partial=00;start_type=ATG;rbs_motif=AGGAGG;rbs_spacer=5-10bp;gc,26.0
MKRK01000019.1_20,G,K,G,G,G,K,S,D,K,D,C,D,C,ID=19_20;partial=00;start_type=ATG;rbs_motif=AGGAG;rbs_spacer=5-10bp;gc_cont=0.537,ID=19_20;partial=00;start_type=ATG;rbs_motif=AGGAG;rbs_spacer=5-10bp;gc,26.0
NCGJ01000007.1_66,G,K,G,G,G,K,S,D,K,D,C,D,C,ID=19_66;partial=00;start_type=ATG;rbs_motif=AGGAG;rbs_spacer=5-10bp;gc_cont=0.586,ID=19_66;partial=00;start_type=ATG;rbs_motif=AGGAG;rbs_spacer=5-10bp;gc,26.0
DCFX01000053.1_10,G,K,G,G,G,K,S,D,K,D,C,D,C,ID=69_10;partial=00;start_type=ATG;rbs_motif=AGGAG;rbs_spacer=5-10bp;gc_cont=0.493,ID=69_10;partial=00;start_type=ATG;rbs_motif=AGGAG;rbs_spacer=5-10bp;gc,26.0
DFCS01000026.1_34,G,K,G,G,G,K,S,D,K,D,C,D,C,ID=4_34;partial=00;start_type=ATG;rbs_motif=GGAG/GAGG;rbs_spacer=5-10bp;gc_cont=0.505,ID=4_34;partial=00;start_type=ATG;rbs_motif=GGAG/GAGG;rbs_spacer=5-10bp;gc,26.0
DGUZ01000024.1_38,G,K,G,G,G,K,S,D,K,D,C,D,C,ID=14_38;partial=00;start_type=ATG;rbs_motif=AGGAG;rbs_spacer=5-10bp;gc_cont=0.521,ID=14_38;partial=00;start_type=ATG;rbs_motif=AGGAG;rbs_spacer=5-10bp;gc,26.0
DIEX01000030.1_48,G,K,G,G,G,K,S,D,K,D,C,D,C,ID=15_48;partial=00;start_type=ATG;rbs_motif=AGGAG;rbs_spacer=5-10bp;gc_cont=0.464,ID=15_48;partial=00;start_type=ATG;rbs_motif=AGGAG;rbs_spacer=5-10bp;gc,26.0
DJJW01000023.1_8,G,K,G,G,G,K,S,D,K,D,C,D,C,ID=65_8;partial=00;start_type=ATG;rbs_motif=AGGAGG;rbs_spacer=5-10bp;gc_cont=0.431,ID=65_8;partial=00;start_type=ATG;rbs_motif=AGGAGG;rbs_spacer=5-10bp;gc,26.0
DAKU01000064.1_8,G,K,G,G,G,K,S,D,K,D,C,D,C,ID=60_8;partial=00;start_type=ATG;rbs_motif=GGA/GAG/AGG;rbs_spacer=5-10bp;gc_cont=0.462,ID=60_8;partial=00;start_type=ATG;rbs_motif=GGA/GAG/AGG;rbs_spacer=5-10bp;gc,26.0
PGZN01000004.1_39,G,K,G,G,G,K,S,D,K,D,C,D,C,ID=104_39;partial=00;start_type=ATG;rbs_motif=AGGAGG;rbs_spacer=5-10bp;gc_cont=0.516,ID=104_39;partial=00;start_type=ATG;rbs_motif=AGGAGG;rbs_spacer=5-10bp;gc,26.0
PKTZ01000161.1_19,G,K,G,G,G,K,S,D,K,D,C,D,C,ID=54_19;partial=00;start_type=ATG;rbs_motif=AGGAG;rbs_spacer=5-10bp;gc_cont=0.576,ID=54_19;partial=00;start_type=ATG;rbs_motif=AGGAG;rbs_spacer=5-10bp;gc,26.0
QBVC01000041.1_31,G,K,G,G,G,K,S,D,K,D,C,D,C,ID=30_31;partial=00;start_type=ATG;rbs_motif=AGGAG;rbs_spacer=5-10bp;gc_cont=0.580,ID=30_31;partial=00;start_type=ATG;rbs_motif=AGGAG;rbs_spacer=5-10bp;gc,26.0
PMBY01000129.1_4,G,K,G,G,G,K,S,D,K,D,C,D,C,ID=389_4;partial=01;start_type=ATG;rbs_motif=AGGA;rbs_spacer=5-10bp;gc_cont=0.609,ID=389_4;partial=01;start_type=ATG;rbs_motif=AGGA;rbs_spacer=5-10bp;gc,26.0
PLUB01000010.1_109,G,K,G,G,G,K,S,D,K,D,C,D,C,ID=80_109;partial=00;start_type=ATG;rbs_motif=AGGAG/GGAGG;rbs_spacer=11-12bp;gc_cont=0.443,ID=80_109;partial=00;start_type=ATG;rbs_motif=AGGAG/GGAGG;rbs_spacer=11-12bp;gc,26.0
QKAR01000145.1_49,G,K,G,G,G,K,S,D,K,D,C,D,C,ID=96_49;partial=00;start_type=ATG;rbs_motif=AGGAG;rbs_spacer=5-10bp;gc_cont=0.576,ID=96_49;partial=00;start_type=ATG;rbs_motif=AGGAG;rbs_spacer=5-10bp;gc,26.0
QKEJ01000123.1_11,G,K,G,G,G,K,S,D,K,D,C,D,C,ID=184_11;partial=00;start_type=ATG;rbs_motif=GGAGG;rbs_spacer=5-10bp;gc_cont=0.567,ID=184_11;partial=00;start_type=ATG;rbs_motif=GGAGG;rbs_spacer=5-10bp;gc,26.0
DPJA01000039.1_229,G,K,G,G,G,K,S,D,K,D,C,D,C,ID=40_229;partial=00;start_type=ATG;rbs_motif=AGGAGG;rbs_spacer=5-10bp;gc_cont=0.379,ID=40_229;partial=00;start_type=ATG;rbs_motif=AGGAGG;rbs_spacer=5-10bp;gc,26.0
RHLS01000040.1_9,G,K,G,G,G,K,S,D,K,D,C,D,C,ID=86_9;partial=00;start_type=ATG;rbs_motif=AGGAG;rbs_spacer=5-10bp;gc_cont=0.618,ID=86_9;partial=00;start_type=ATG;rbs_motif=AGGAG;rbs_spacer=5-10bp;gc,26.0
RPGO01000033.1_46,G,K,G,G,G,K,S,D,K,D,C,D,C,ID=13_46;partial=00;start_type=ATG;rbs_motif=GGAGG;rbs_spacer=5-10bp;gc_cont=0.497,ID=13_46;partial=00;start_type=ATG;rbs_motif=GGAGG;rbs_spacer=5-10bp;gc,26.0
SOMG01000030.1_655,G,K,G,G,G,K,S,D,K,D,C,D,C,ID=1_655;partial=00;start_type=ATG;rbs_motif=AGGAG;rbs_spacer=5-10bp;gc_cont=0.552,ID=1_655;partial=00;start_type=ATG;rbs_motif=AGGAG;rbs_spacer=5-10bp;gc,26.0
SKJJ01000113.1_2,G,K,G,G,G,K,S,D,K,D,C,D,C,ID=70_2;partial=00;start_type=ATG;rbs_motif=AGGAG;rbs_spacer=5-10bp;gc_cont=0.457,ID=70_2;partial=00;start_type=ATG;rbs_motif=AGGAG;rbs_spacer=5-10bp;gc,26.0
REES01000041.1_55,G,K,G,G,G,K,S,D,K,D,C,D,C,ID=60_55;partial=00;start_type=ATG;rbs_motif=AGGAG;rbs_spacer=5-10bp;gc_cont=0.651,ID=60_55;partial=00;start_type=ATG;rbs_motif=AGGAG;rbs_spacer=5-10bp;gc,26.0
VENI01000005.1_308,G,K,G,G,G,K,S,D,K,D,C,D,C,ID=1_308;partial=00;start_type=ATG;rbs_motif=AGGAGG;rbs_spacer=5-10bp;gc_cont=0.410,ID=1_308;partial=00;start_type=ATG;rbs_motif=AGGAGG;rbs_spacer=5-10bp;gc,26.0
SAAX01000026.1_6,G,K,G,G,G,K,S,D,K,D,C,D,C,ID=203_6;partial=00;start_type=ATG;rbs_motif=GGAG/GAGG;rbs_spacer=5-10bp;gc_cont=0.582,ID=203_6;partial=00;start_type=ATG;rbs_motif=GGAG/GAGG;rbs_spacer=5-10bp;gc,26.0
JAABSK010000025.1_18,G,K,G,G,G,K,S,D,K,D,C,D,C,ID=172_18;partial=01;start_type=ATG;rbs_motif=AGGA;rbs_spacer=5-10bp;gc_cont=0.540,ID=172_18;partial=01;start_type=ATG;rbs_motif=AGGA;rbs_spacer=5-10bp;gc,26.0
JAAURB010000022.1_22,G,K,G,G,G,K,S,D,K,D,C,D,C,ID=146_22;partial=00;start_type=ATG;rbs_motif=AGxAG;rbs_spacer=5-10bp;gc_cont=0.510,ID=146_22;partial=00;start_type=ATG;rbs_motif=AGxAG;rbs_spacer=5-10bp;gc,26.0
SMDP01000020.1_25,G,K,G,G,G,K,S,D,K,D,C,D,C,ID=113_25;partial=00;start_type=ATG;rbs_motif=GGAG/GAGG;rbs_spacer=5-10bp;gc_cont=0.515,ID=113_25;partial=00;start_type=ATG;rbs_motif=GGAG/GAGG;rbs_spacer=5-10bp;gc,26.0
JAADHP010000124.1_2,G,K,G,G,G,K,S,D,K,D,C,D,C,ID=239_2;partial=00;start_type=ATG;rbs_motif=AGGAGG;rbs_spacer=5-10bp;gc_cont=0.522,ID=239_2;partial=00;start_type=ATG;rbs_motif=AGGAGG;rbs_spacer=5-10bp;gc,26.0
JAAXXP010000043.1_3,G,K,G,G,G,K,S,D,K,D,C,D,C,ID=46_3;partial=00;start_type=ATG;rbs_motif=None;rbs_spacer=None;gc_cont=0.544,ID=46_3;partial=00;start_type=ATG;rbs_motif=None;rbs_spacer=None;gc,26.0
DUZX01000002.1_36,G,K,G,G,G,K,S,D,K,D,C,D,C,ID=2_36;partial=00;start_type=ATG;rbs_motif=AGGAG;rbs_spacer=5-10bp;gc_cont=0.529,ID=2_36;partial=00;start_type=ATG;rbs_motif=AGGAG;rbs_spacer=5-10bp;gc,26.0
VMSP01000123.1_6,G,K,G,G,G,K,S,D,K,D,C,D,C,ID=27_6;partial=00;start_type=ATG;rbs_motif=AGGAG;rbs_spacer=5-10bp;gc_cont=0.531,ID=27_6;partial=00;start_type=ATG;rbs_motif=AGGAG;rbs_spacer=5-10bp;gc,26.0
JACUTP010000077.1_1,G,K,G,G,G,K,S,D,K,D,C,D,C,ID=176_1;partial=00;start_type=ATG;rbs_motif=GGAGG;rbs_spacer=3-4bp;gc_cont=0.481,ID=176_1;partial=00;start_type=ATG;rbs_motif=GGAGG;rbs_spacer=3-4bp;gc,26.0
JADFWA010000299.1_2,G,K,G,G,G,K,S,D,K,D,C,D,C,ID=208_2;partial=00;start_type=ATG;rbs_motif=AGGAGG;rbs_spacer=5-10bp;gc_cont=0.475,ID=208_2;partial=00;start_type=ATG;rbs_motif=AGGAGG;rbs_spacer=5-10bp;gc,26.0
JAATGU010000055.1_16,G,K,G,G,G,K,S,D,K,D,C,D,C,ID=87_16;partial=00;start_type=ATG;rbs_motif=AATTAA;rbs_spacer=14bp;gc_cont=0.418,ID=87_16;partial=00;start_type=ATG;rbs_motif=AATTAA;rbs_spacer=14bp;gc,26.0
JACPYU010000006.1_5,G,K,G,G,G,K,S,D,K,D,C,D,C,ID=9_5;partial=00;start_type=ATG;rbs_motif=GGAG/GAGG;rbs_spacer=5-10bp;gc_cont=0.604,ID=9_5;partial=00;start_type=ATG;rbs_motif=GGAG/GAGG;rbs_spacer=5-10bp;gc,26.0
JACRMT010000012.1_57,G,K,G,G,G,K,S,D,K,D,C,D,C,ID=22_57;partial=00;start_type=ATG;rbs_motif=AGGAGG;rbs_spacer=5-10bp;gc_cont=0.548,ID=22_57;partial=00;start_type=ATG;rbs_motif=AGGAGG;rbs_spacer=5-10bp;gc,26.0
JACRCD010000018.1_17,G,K,G,G,G,K,S,D,K,D,C,D,C,ID=75_17;partial=00;start_type=ATG;rbs_motif=AGGAG;rbs_spacer=5-10bp;gc_cont=0.577,ID=75_17;partial=00;start_type=ATG;rbs_motif=AGGAG;rbs_spacer=5-10bp;gc,26.0
JADQBQ010000019.1_99,G,K,G,G,G,K,S,D,K,D,C,D,C,ID=56_99;partial=00;start_type=ATG;rbs_motif=AGGAGG;rbs_spacer=5-10bp;gc_cont=0.506,ID=56_99;partial=00;start_type=ATG;rbs_motif=AGGAGG;rbs_spacer=5-10bp;gc,26.0
CP065006.1_2993,G,K,G,G,G,K,S,D,K,D,C,D,C,ID=1_2993;partial=00;start_type=ATG;rbs_motif=AATAA;rbs_spacer=10bp;gc_cont=0.444,ID=1_2993;partial=00;start_type=ATG;rbs_motif=AATAA;rbs_spacer=10bp;gc,26.0
JADJUP010000003.1_190,G,K,G,G,G,K,S,D,K,D,C,D,C,ID=3_190;partial=00;start_type=ATG;rbs_motif=AGGAG;rbs_spacer=5-10bp;gc_cont=0.626,ID=3_190;partial=00;start_type=ATG;rbs_motif=AGGAG;rbs_spacer=5-10bp;gc,26.0
JAEUOT010000016.1_52,G,K,G,G,G,K,S,D,K,D,C,D,C,ID=39_52;partial=00;start_type=ATG;rbs_motif=GGAG/GAGG;rbs_spacer=5-10bp;gc_cont=0.635,ID=39_52;partial=00;start_type=ATG;rbs_motif=GGAG/GAGG;rbs_spacer=5-10bp;gc,26.0
JAFGKW010000034.1_10,G,K,G,G,G,K,S,D,K,D,C,D,C,ID=40_10;partial=00;start_type=ATG;rbs_motif=None;rbs_spacer=None;gc_cont=0.505,ID=40_10;partial=00;start_type=ATG;rbs_motif=None;rbs_spacer=None;gc,26.0
JAFGWW010000087.1_2,G,K,G,G,G,K,S,D,K,D,C,D,C,ID=382_2;partial=00;start_type=ATG;rbs_motif=AGGAG;rbs_spacer=5-10bp;gc_cont=0.563,ID=382_2;partial=00;start_type=ATG;rbs_motif=AGGAG;rbs_spacer=5-10bp;gc,26.0
JAFLDU010000258.1_7,G,K,G,G,G,K,S,D,K,D,C,D,C,ID=176_7;partial=00;start_type=ATG;rbs_motif=AGGAG;rbs_spacer=5-10bp;gc_cont=0.632,ID=176_7;partial=00;start_type=ATG;rbs_motif=AGGAG;rbs_spacer=5-10bp;gc,26.0
JAFTFE010000027.1_19,G,K,G,G,G,K,S,D,K,D,C,D,C,ID=109_19;partial=00;start_type=ATG;rbs_motif=AGGA;rbs_spacer=5-10bp;gc_cont=0.448,ID=109_19;partial=00;start_type=ATG;rbs_motif=AGGA;rbs_spacer=5-10bp;gc,26.0
JAFWQC010000090.1_45,G,K,G,G,G,K,S,D,K,D,C,D,C,ID=96_45;partial=00;start_type=ATG;rbs_motif=GGA/GAG/AGG;rbs_spacer=5-10bp;gc_cont=0.482,ID=96_45;partial=00;start_type=ATG;rbs_motif=GGA/GAG/AGG;rbs_spacer=5-10bp;gc,26.0
JAFZLC010000009.1_15,G,K,G,G,G,K,S,D,K,D,C,D,C,ID=6_15;partial=00;start_type=ATG;rbs_motif=TAAAA;rbs_spacer=13bp;gc_cont=0.439,ID=6_15;partial=00;start_type=ATG;rbs_motif=TAAAA;rbs_spacer=13bp;gc,26.0
JAGCGE010000023.1_31,G,K,G,G,G,K,S,D,K,D,C,D,C,ID=281_31;partial=01;start_type=ATG;rbs_motif=GGA/GAG/AGG;rbs_spacer=5-10bp;gc_cont=0.497,ID=281_31;partial=01;start_type=ATG;rbs_motif=GGA/GAG/AGG;rbs_spacer=5-10bp;gc,26.0
JAGGAE010000064.1_7,G,K,G,G,G,K,S,D,K,D,C,D,C,ID=102_7;partial=00;start_type=ATG;rbs_motif=AGGAGG;rbs_spacer=5-10bp;gc_cont=0.481,ID=102_7;partial=00;start_type=ATG;rbs_motif=AGGAGG;rbs_spacer=5-10bp;gc,26.0
JAGNSM010000017.1_22,G,K,G,G,G,K,S,D,K,D,C,D,C,ID=185_22;partial=00;start_type=ATG;rbs_motif=AGGAGG;rbs_spacer=5-10bp;gc_cont=0.351,ID=185_22;partial=00;start_type=ATG;rbs_motif=AGGAGG;rbs_spacer=5-10bp;gc,26.0
JAHDPL010000023.1_10,G,K,G,G,G,K,S,D,K,D,C,D,C,ID=26_10;partial=00;start_type=ATG;rbs_motif=AGGAG;rbs_spacer=5-10bp;gc_cont=0.519,ID=26_10;partial=00;start_type=ATG;rbs_motif=AGGAG;rbs_spacer=5-10bp;gc,26.0
JAHJJD010000107.1_37,G,K,G,G,G,K,S,D,K,D,C,D,C,ID=101_37;partial=00;start_type=ATG;rbs_motif=AGGAG;rbs_spacer=5-10bp;gc_cont=0.541,ID=101_37;partial=00;start_type=ATG;rbs_motif=AGGAG;rbs_spacer=5-10bp;gc,26.0
JAFLKN010000044.1_32,G,K,G,G,G,K,S,D,K,D,C,D,C,ID=33_32;partial=00;start_type=ATG;rbs_motif=TAAAAA;rbs_spacer=8bp;gc_cont=0.491,ID=33_32;partial=00;start_type=ATG;rbs_motif=TAAAAA;rbs_spacer=8bp;gc,26.0
JAIFKX010000013.1_5,G,K,G,G,G,K,S,D,K,D,C,D,C,ID=145_5;partial=00;start_type=ATG;rbs_motif=TATAA;rbs_spacer=4bp;gc_cont=0.417,ID=145_5;partial=00;start_type=ATG;rbs_motif=TATAA;rbs_spacer=4bp;gc,26.0
JAICDD010000029.1_3,G,K,G,G,G,K,S,D,K,D,C,D,Y,ID=12_3;partial=00;start_type=ATG;rbs_motif=AGxAGG/AGGxGG;rbs_spacer=5-10bp;gc_cont=0.326,ID=12_3;partial=00;start_type=ATG;rbs_motif=AGxAGG/AGGxGG;rbs_spacer=5-10bp;gc,25.0
JACKJC010000003.1_16,G,K,G,G,G,K,S,D,K,D,C,D,C,ID=3_16;partial=00;start_type=ATG;rbs_motif=AGGAG;rbs_spacer=5-10bp;gc_cont=0.629,ID=3_16;partial=00;start_type=ATG;rbs_motif=AGGAG;rbs_spacer=5-10bp;gc,26.0
DYEV01000023.1_84,G,K,G,G,G,K,S,D,K,D,C,D,C,ID=20_84;partial=00;start_type=ATG;rbs_motif=AGGAG;rbs_spacer=5-10bp;gc_cont=0.594,ID=20_84;partial=00;start_type=ATG;rbs_motif=AGGAG;rbs_spacer=5-10bp;gc,26.0
JAJTBI010000001.1_45,G,K,G,G,G,K,S,D,K,D,C,D,C,ID=120_45;partial=00;start_type=ATG;rbs_motif=AGGAG;rbs_spacer=5-10bp;gc_cont=0.554,ID=120_45;partial=00;start_type=ATG;rbs_motif=AGGAG;rbs_spacer=5-10bp;gc,26.0
JAIZVX010000016.1_23,G,K,G,G,G,K,S,D,K,D,C,D,C,ID=107_23;partial=00;start_type=ATG;rbs_motif=GGAG/GAGG;rbs_spacer=5-10bp;gc_cont=0.616,ID=107_23;partial=00;start_type=ATG;rbs_motif=GGAG/GAGG;rbs_spacer=5-10bp;gc,26.0
JAJXWJ010000037.1_17,G,K,G,G,G,K,S,D,K,D,C,D,C,ID=50_17;partial=00;start_type=ATG;rbs_motif=AGGAGG;rbs_spacer=5-10bp;gc_cont=0.348,ID=50_17;partial=00;start_type=ATG;rbs_motif=AGGAGG;rbs_spacer=5-10bp;gc,26.0
JAJYJJ010000024.1_25,G,K,G,G,G,K,S,D,K,D,C,D,C,ID=17_25;partial=00;start_type=ATG;rbs_motif=AGGAGG;rbs_spacer=5-10bp;gc_cont=0.505,ID=17_25;partial=00;start_type=ATG;rbs_motif=AGGAGG;rbs_spacer=5-10bp;gc,26.0
JAJYYS010000001.1_42,G,K,G,G,G,K,S,D,K,D,C,D,C,ID=99_42;partial=00;start_type=ATG;rbs_motif=GGAGG;rbs_spacer=5-10bp;gc_cont=0.465,ID=99_42;partial=00;start_type=ATG;rbs_motif=GGAGG;rbs_spacer=5-10bp;gc,26.0
JAJZPC010000088.1_9,G,K,G,G,G,K,S,D,K,D,C,D,C,ID=19_9;partial=00;start_type=ATG;rbs_motif=AGGAGG;rbs_spacer=5-10bp;gc_cont=0.596,ID=19_9;partial=00;start_type=ATG;rbs_motif=AGGAGG;rbs_spacer=5-10bp;gc,26.0
JAKAFO010000016.1_24,G,K,G,G,G,K,S,D,K,D,C,D,C,ID=109_24;partial=00;start_type=ATG;rbs_motif=AGGAG;rbs_spacer=5-10bp;gc_cont=0.598,ID=109_24;partial=00;start_type=ATG;rbs_motif=AGGAG;rbs_spacer=5-10bp;gc,26.0
JAKBJA010000175.1_7,G,K,G,G,G,K,S,D,K,D,C,D,C,ID=131_7;partial=00;start_type=GTG;rbs_motif=GGAG/GAGG;rbs_spacer=5-10bp;gc_cont=0.575,ID=131_7;partial=00;start_type=GTG;rbs_motif=GGAG/GAGG;rbs_spacer=5-10bp;gc,26.0
JAJVIJ010000006.1_28,G,K,G,G,G,K,S,D,K,D,C,D,C,ID=18_28;partial=00;start_type=ATG;rbs_motif=AGGAG;rbs_spacer=5-10bp;gc_cont=0.647,ID=18_28;partial=00;start_type=ATG;rbs_motif=AGGAG;rbs_spacer=5-10bp;gc,26.0
JAIUMY010000064.1_14,G,K,G,G,G,K,S,D,K,D,C,D,C,ID=64_14;partial=00;start_type=ATG;rbs_motif=None;rbs_spacer=None;gc_cont=0.540,ID=64_14;partial=00;start_type=ATG;rbs_motif=None;rbs_spacer=None;gc,26.0
JAGLRT010000083.1_8,G,K,G,G,G,K,S,D,K,D,C,D,C,ID=172_8;partial=00;start_type=ATG;rbs_motif=GGAG/GAGG;rbs_spacer=5-10bp;gc_cont=0.478,ID=172_8;partial=00;start_type=ATG;rbs_motif=GGAG/GAGG;rbs_spacer=5-10bp;gc,26.0
JAHFRP010000001.1_252,G,K,G,G,G,K,S,D,K,D,C,D,C,ID=15_252;partial=00;start_type=ATG;rbs_motif=AGGAG;rbs_spacer=5-10bp;gc_cont=0.630,ID=15_252;partial=00;start_type=ATG;rbs_motif=AGGAG;rbs_spacer=5-10bp;gc,26.0
JAEWAB010000004.1_34,G,K,G,G,G,K,S,D,K,D,C,D,C,ID=9_34;partial=00;start_type=ATG;rbs_motif=GGAGG;rbs_spacer=5-10bp;gc_cont=0.571,ID=9_34;partial=00;start_type=ATG;rbs_motif=GGAGG;rbs_spacer=5-10bp;gc,26.0
JAEWUC010000003.1_43,G,K,G,G,G,K,S,D,K,D,C,D,C,ID=7_43;partial=00;start_type=ATG;rbs_motif=GGA/GAG/AGG;rbs_spacer=5-10bp;gc_cont=0.416,ID=7_43;partial=00;start_type=ATG;rbs_motif=GGA/GAG/AGG;rbs_spacer=5-10bp;gc,26.0
JAEYKW010000033.1_42,G,K,G,G,G,K,S,D,K,D,C,D,C,ID=28_42;partial=00;start_type=ATG;rbs_motif=AGGAGG;rbs_spacer=5-10bp;gc_cont=0.592,ID=28_42;partial=00;start_type=ATG;rbs_motif=AGGAGG;rbs_spacer=5-10bp;gc,26.0
JAEYNQ010000184.1_25,G,K,G,G,G,K,S,D,K,D,C,D,C,ID=160_25;partial=00;start_type=ATG;rbs_motif=AGGAGG;rbs_spacer=5-10bp;gc_cont=0.389,ID=160_25;partial=00;start_type=ATG;rbs_motif=AGGAGG;rbs_spacer=5-10bp;gc,26.0
JAEZHY010000164.1_16,G,K,G,G,G,K,S,D,K,D,C,D,C,ID=16_16;partial=00;start_type=ATG;rbs_motif=AGGAGG;rbs_spacer=5-10bp;gc_cont=0.567,ID=16_16;partial=00;start_type=ATG;rbs_motif=AGGAGG;rbs_spacer=5-10bp;gc,26.0
JAFABI010000011.1_109,G,K,G,G,G,K,S,D,K,D,C,D,C,ID=78_109;partial=00;start_type=ATG;rbs_motif=GGAGG;rbs_spacer=5-10bp;gc_cont=0.528,ID=78_109;partial=00;start_type=ATG;rbs_motif=GGAGG;rbs_spacer=5-10bp;gc,26.0
JAEZMC010000019.1_14,G,K,G,G,G,K,S,D,K,D,C,D,C,ID=24_14;partial=00;start_type=ATG;rbs_motif=GGAGG;rbs_spacer=5-10bp;gc_cont=0.507,ID=24_14;partial=00;start_type=ATG;rbs_motif=GGAGG;rbs_spacer=5-10bp;gc,26.0
JAEXOR010000055.1_91,G,K,G,G,G,K,S,D,K,D,C,D,C,ID=22_91;partial=00;start_type=ATG;rbs_motif=GGAGG;rbs_spacer=5-10bp;gc_cont=0.562,ID=22_91;partial=00;start_type=ATG;rbs_motif=GGAGG;rbs_spacer=5-10bp;gc,26.0
JAEXTU010000161.1_2,G,K,G,G,G,K,S,D,K,D,C,D,C,ID=161_2;partial=00;start_type=ATG;rbs_motif=AGGAGG;rbs_spacer=5-10bp;gc_cont=0.653,ID=161_2;partial=00;start_type=ATG;rbs_motif=AGGAGG;rbs_spacer=5-10bp;gc,26.0
JAMJFO010000002.1_31,G,K,G,G,G,K,S,D,K,D,C,D,C,ID=76_31;partial=00;start_type=ATG;rbs_motif=GGAGG;rbs_spacer=5-10bp;gc_cont=0.558,ID=76_31;partial=00;start_type=ATG;rbs_motif=GGAGG;rbs_spacer=5-10bp;gc,26.0
JAJRPH010000106.1_5,G,K,G,G,G,K,S,D,K,D,C,D,C,ID=206_5;partial=00;start_type=ATG;rbs_motif=GGAGG;rbs_spacer=5-10bp;gc_cont=0.510,ID=206_5;partial=00;start_type=ATG;rbs_motif=GGAGG;rbs_spacer=5-10bp;gc,26.0
JANKMW010000017.1_18,G,K,G,G,G,K,S,D,K,D,C,D,C,ID=88_18;partial=00;start_type=GTG;rbs_motif=AGGT;rbs_spacer=9bp;gc_cont=0.576,ID=88_18;partial=00;start_type=GTG;rbs_motif=AGGT;rbs_spacer=9bp;gc,26.0
JAILFN010000038.1_27,G,K,G,G,G,K,S,D,K,D,C,D,C,ID=41_27;partial=00;start_type=ATG;rbs_motif=AGxAGG/AGGxGG;rbs_spacer=5-10bp;gc_cont=0.545,ID=41_27;partial=00;start_type=ATG;rbs_motif=AGxAGG/AGGxGG;rbs_spacer=5-10bp;gc,26.0
CP104042.1_278,G,K,G,G,G,K,S,D,K,D,C,D,C,ID=3_278;partial=00;start_type=ATG;rbs_motif=AGGA;rbs_spacer=5-10bp;gc_cont=0.550,ID=3_278;partial=00;start_type=ATG;rbs_motif=AGGA;rbs_spacer=5-10bp;gc,26.0
OMXI01000001.1_29,G,K,G,G,G,K,S,D,K,D,C,D,C,ID=43_29;partial=00;start_type=ATG;rbs_motif=GGAGG;rbs_spacer=5-10bp;gc_cont=0.494,ID=43_29;partial=00;start_type=ATG;rbs_motif=GGAGG;rbs_spacer=5-10bp;gc,26.0
UQPB01000008.1_24,G,K,G,G,G,K,S,D,K,D,C,D,C,ID=8_24;partial=00;start_type=ATG;rbs_motif=GGAGG;rbs_spacer=5-10bp;gc_cont=0.539,ID=8_24;partial=00;start_type=ATG;rbs_motif=GGAGG;rbs_spacer=5-10bp;gc,26.0
CACWPP010000036.1_14,G,K,G,G,G,K,S,D,K,D,C,D,C,ID=36_14;partial=00;start_type=ATG;rbs_motif=AGGAG;rbs_spacer=5-10bp;gc_cont=0.508,ID=36_14;partial=00;start_type=ATG;rbs_motif=AGGAG;rbs_spacer=5-10bp;gc,26.0
CACYMP010000012.1_42,G,K,G,G,G,K,S,D,K,D,C,D,C,ID=12_42;partial=00;start_type=ATG;rbs_motif=GGA/GAG/AGG;rbs_spacer=5-10bp;gc_cont=0.496,ID=12_42;partial=00;start_type=ATG;rbs_motif=GGA/GAG/AGG;rbs_spacer=5-10bp;gc,26.0
CACZSI010000131.1_5,G,K,G,G,G,K,S,D,K,D,C,D,C,ID=131_5;partial=00;start_type=GTG;rbs_motif=AGGA;rbs_spacer=5-10bp;gc_cont=0.382,ID=131_5;partial=00;start_type=GTG;rbs_motif=AGGA;rbs_spacer=5-10bp;gc,26.0
CADBOP010000009.1_7,G,K,G,G,G,K,S,D,K,D,C,D,C,ID=9_7;partial=00;start_type=ATG;rbs_motif=AGGAG;rbs_spacer=5-10bp;gc_cont=0.473,ID=9_7;partial=00;start_type=ATG;rbs_motif=AGGAG;rbs_spacer=5-10bp;gc,26.0
LR778114.1_405,G,K,G,G,G,K,S,D,K,D,C,D,C,ID=1_405;partial=00;start_type=ATG;rbs_motif=AGGAGG;rbs_spacer=5-10bp;gc_cont=0.667,ID=1_405;partial=00;start_type=ATG;rbs_motif=AGGAGG;rbs_spacer=5-10bp;gc,26.0
CAILNX010000043.1_127,G,K,G,G,G,K,S,D,K,D,C,D,C,ID=43_127;partial=00;start_type=ATG;rbs_motif=GGAGG;rbs_spacer=5-10bp;gc_cont=0.615,ID=43_127;partial=00;start_type=ATG;rbs_motif=GGAGG;rbs_spacer=5-10bp;gc,26.0
CAIOGM010000026.1_2,G,K,G,G,G,K,S,D,K,D,C,D,C,ID=26_2;partial=00;start_type=ATG;rbs_motif=AGGAG;rbs_spacer=5-10bp;gc_cont=0.607,ID=26_2;partial=00;start_type=ATG;rbs_motif=AGGAG;rbs_spacer=5-10bp;gc,26.0
CAIQWD010000027.1_48,G,K,G,G,G,K,S,D,K,D,C,D,C,ID=27_48;partial=00;start_type=ATG;rbs_motif=AGGAG;rbs_spacer=5-10bp;gc_cont=0.556,ID=27_48;partial=00;start_type=ATG;rbs_motif=AGGAG;rbs_spacer=5-10bp;gc,26.0
CAITZN010000516.1_4,G,K,G,G,G,K,S,D,K,D,C,D,C,ID=516_4;partial=00;start_type=ATG;rbs_motif=AGGAG;rbs_spacer=5-10bp;gc_cont=0.541,ID=516_4;partial=00;start_type=ATG;rbs_motif=AGGAG;rbs_spacer=5-10bp;gc,26.0
CAIWTY010000013.1_26,G,K,G,G,G,K,S,D,K,D,C,D,C,ID=13_26;partial=00;start_type=ATG;rbs_motif=GGA/GAG/AGG;rbs_spacer=5-10bp;gc_cont=0.604,ID=13_26;partial=00;start_type=ATG;rbs_motif=GGA/GAG/AGG;rbs_spacer=5-10bp;gc,26.0
CAIYYA010000184.1_8,G,K,G,G,G,K,S,D,K,D,C,D,C,ID=184_8;partial=00;start_type=ATG;rbs_motif=GGAG/GAGG;rbs_spacer=5-10bp;gc_cont=0.555,ID=184_8;partial=00;start_type=ATG;rbs_motif=GGAG/GAGG;rbs_spacer=5-10bp;gc,26.0
CAJCBL010000106.1_14,G,K,G,G,G,K,S,D,K,D,C,D,C,ID=106_14;partial=00;start_type=ATG;rbs_motif=None;rbs_spacer=None;gc_cont=0.616,ID=106_14;partial=00;start_type=ATG;rbs_motif=None;rbs_spacer=None;gc,26.0
OU461276.1_2720,G,K,G,G,G,K,S,D,K,D,C,D,C,ID=1_2720;partial=00;start_type=ATG;rbs_motif=AGGAG;rbs_spacer=5-10bp;gc_cont=0.455,ID=1_2720;partial=00;start_type=ATG;rbs_motif=AGGAG;rbs_spacer=5-10bp;gc,26.0
CAKSBP010000061.1_7,G,K,G,G,G,K,S,D,K,D,C,D,C,ID=61_7;partial=00;start_type=ATG;rbs_motif=AGGA;rbs_spacer=5-10bp;gc_cont=0.393,ID=61_7;partial=00;start_type=ATG;rbs_motif=AGGA;rbs_spacer=5-10bp;gc,26.0
NC_013799.1_1134,G,K,G,G,G,K,S,D,K,D,C,D,C,ID=1_1134;partial=00;start_type=ATG;rbs_motif=GGAGGT;rbs_spacer=6bp;gc_cont=0.448,ID=1_1134;partial=00;start_type=ATG;rbs_motif=GGAGGT;rbs_spacer=6bp;gc,26.0
NC_009712.1_1172,G,K,G,G,G,K,S,D,K,D,C,D,C,ID=1_1172;partial=00;start_type=ATG;rbs_motif=AGGA;rbs_spacer=5-10bp;gc_cont=0.564,ID=1_1172;partial=00;start_type=ATG;rbs_motif=AGGA;rbs_spacer=5-10bp;gc,26.0
NC_011894.1_3950,G,K,G,G,G,K,S,D,K,D,C,D,C,ID=1_3950;partial=00;start_type=ATG;rbs_motif=None;rbs_spacer=None;gc_cont=0.638,ID=1_3950;partial=00;start_type=ATG;rbs_motif=None;rbs_spacer=None;gc,26.0
NC_014507.1_263,G,K,G,G,G,K,S,D,K,D,C,D,C,ID=1_263;partial=00;start_type=ATG;rbs_motif=None;rbs_spacer=None;gc_cont=0.528,ID=1_263;partial=00;start_type=ATG;rbs_motif=None;rbs_spacer=None;gc,26.0
NC_015275.1_445,G,K,G,G,G,K,S,D,K,D,C,D,C,ID=1_445;partial=00;start_type=ATG;rbs_motif=AGGAGG;rbs_spacer=5-10bp;gc_cont=0.379,ID=1_445;partial=00;start_type=ATG;rbs_motif=AGGAGG;rbs_spacer=5-10bp;gc,26.0
NZ_AFWV01000003.1_365,G,K,G,G,G,K,S,D,K,D,C,D,C,ID=60_365;partial=00;start_type=ATG;rbs_motif=AGGAG;rbs_spacer=5-10bp;gc_cont=0.623,ID=60_365;partial=00;start_type=ATG;rbs_motif=AGGAG;rbs_spacer=5-10bp;gc,26.0
NC_017034.1_141,G,K,G,G,G,K,S,D,K,D,C,D,C,ID=1_141;partial=00;start_type=ATG;rbs_motif=None;rbs_spacer=None;gc_cont=0.562,ID=1_141;partial=00;start_type=ATG;rbs_motif=None;rbs_spacer=None;gc,26.0
NZ_AEYF01000053.1_64,G,K,G,G,G,K,S,D,K,D,C,D,C,ID=53_64;partial=00;start_type=ATG;rbs_motif=AGGA;rbs_spacer=5-10bp;gc_cont=0.602,ID=53_64;partial=00;start_type=ATG;rbs_motif=AGGA;rbs_spacer=5-10bp;gc,26.0
NZ_BADD01000366.1_2,G,K,G,G,G,K,S,D,K,D,C,D,C,ID=437_2;partial=00;start_type=ATG;rbs_motif=GGAG/GAGG;rbs_spacer=5-10bp;gc_cont=0.638,ID=437_2;partial=00;start_type=ATG;rbs_motif=GGAG/GAGG;rbs_spacer=5-10bp;gc,26.0
NZ_AQXE01000007.1_143,G,K,G,G,G,K,S,D,K,D,C,D,C,ID=7_143;partial=00;start_type=ATG;rbs_motif=AGGAG;rbs_spacer=5-10bp;gc_cont=0.598,ID=7_143;partial=00;start_type=ATG;rbs_motif=AGGAG;rbs_spacer=5-10bp;gc,26.0
NZ_CM001976.1_3713,G,K,G,G,G,K,S,D,K,D,C,D,C,ID=1_3713;partial=00;start_type=ATG;rbs_motif=AGGAG;rbs_spacer=5-10bp;gc_cont=0.590,ID=1_3713;partial=00;start_type=ATG;rbs_motif=AGGAG;rbs_spacer=5-10bp;gc,26.0
NZ_KE384343.1_64,G,K,G,G,G,K,S,D,K,D,C,D,C,ID=5_64;partial=00;start_type=ATG;rbs_motif=GGAGG;rbs_spacer=5-10bp;gc_cont=0.470,ID=5_64;partial=00;start_type=ATG;rbs_motif=GGAGG;rbs_spacer=5-10bp;gc,26.0
NZ_AUCV01000001.1_367,G,K,G,G,G,K,S,D,K,D,C,D,C,ID=1_367;partial=00;start_type=ATG;rbs_motif=AGGA;rbs_spacer=5-10bp;gc_cont=0.501,ID=1_367;partial=00;start_type=ATG;rbs_motif=AGGA;rbs_spacer=5-10bp;gc,26.0
NZ_AXBA01000034.1_1,G,K,G,G,G,K,S,D,K,D,C,D,C,ID=29_1;partial=10;start_type=ATG;rbs_motif=AGGA;rbs_spacer=5-10bp;gc_cont=0.657,ID=29_1;partial=10;start_type=ATG;rbs_motif=AGGA;rbs_spacer=5-10bp;gc,26.0
NZ_JAFA01000069.1_16,G,K,G,G,G,K,S,D,K,D,C,D,C,ID=77_16;partial=00;start_type=ATG;rbs_motif=GGAG/GAGG;rbs_spacer=5-10bp;gc_cont=0.569,ID=77_16;partial=00;start_type=ATG;rbs_motif=GGAG/GAGG;rbs_spacer=5-10bp;gc,26.0
NZ_KK211305.1_211,G,K,G,G,G,K,S,D,K,D,C,D,C,ID=1_211;partial=00;start_type=ATG;rbs_motif=AGGAG;rbs_spacer=5-10bp;gc_cont=0.463,ID=1_211;partial=00;start_type=ATG;rbs_motif=AGGAG;rbs_spacer=5-10bp;gc,26.0
NZ_JOMJ01000003.1_1754,G,K,G,G,G,K,S,D,K,D,C,D,C,ID=3_1754;partial=00;start_type=ATG;rbs_motif=GGAGG;rbs_spacer=5-10bp;gc_cont=0.640,ID=3_1754;partial=00;start_type=ATG;rbs_motif=GGAGG;rbs_spacer=5-10bp;gc,26.0
NZ_JMGA01000028.1_63,G,K,G,G,G,K,S,D,K,D,C,D,C,ID=33_63;partial=00;start_type=ATG;rbs_motif=AGGAG;rbs_spacer=5-10bp;gc_cont=0.450,ID=33_63;partial=00;start_type=ATG;rbs_motif=AGGAG;rbs_spacer=5-10bp;gc,26.0
NZ_JRHC01000008.1_16,G,K,G,G,G,K,S,D,K,D,C,D,C,ID=18_16;partial=00;start_type=ATG;rbs_motif=TAAAAA;rbs_spacer=10bp;gc_cont=0.433,ID=18_16;partial=00;start_type=ATG;rbs_motif=TAAAAA;rbs_spacer=10bp;gc,26.0
NZ_CP011930.1_2832,G,K,G,G,G,K,S,D,K,D,C,D,C,ID=1_2832;partial=00;start_type=ATG;rbs_motif=AGGAG;rbs_spacer=5-10bp;gc_cont=0.614,ID=1_2832;partial=00;start_type=ATG;rbs_motif=AGGAG;rbs_spacer=5-10bp;gc,26.0
NZ_CP012914.1_936,G,K,G,G,G,K,S,D,K,D,C,D,C,ID=1_936;partial=00;start_type=ATG;rbs_motif=AGGAG;rbs_spacer=5-10bp;gc_cont=0.646,ID=1_936;partial=00;start_type=ATG;rbs_motif=AGGAG;rbs_spacer=5-10bp;gc,26.0
NZ_LRVM01000004.1_230,G,K,G,G,G,K,S,D,K,D,C,D,C,ID=4_230;partial=00;start_type=ATG;rbs_motif=GGAGG;rbs_spacer=5-10bp;gc_cont=0.429,ID=4_230;partial=00;start_type=ATG;rbs_motif=GGAGG;rbs_spacer=5-10bp;gc,26.0
NZ_LNQC01000073.1_33,G,K,G,G,G,K,S,D,K,D,C,D,C,ID=73_33;partial=00;start_type=ATG;rbs_motif=AGGA;rbs_spacer=5-10bp;gc_cont=0.597,ID=73_33;partial=00;start_type=ATG;rbs_motif=AGGA;rbs_spacer=5-10bp;gc,26.0
NZ_MASS01000070.1_13,G,K,G,G,G,K,S,D,K,D,C,D,C,ID=70_13;partial=00;start_type=ATG;rbs_motif=AGGAG;rbs_spacer=5-10bp;gc_cont=0.454,ID=70_13;partial=00;start_type=ATG;rbs_motif=AGGAG;rbs_spacer=5-10bp;gc,26.0
NZ_LNDC01000078.1_33,G,K,G,G,G,K,S,D,K,D,C,D,C,ID=78_33;partial=00;start_type=ATG;rbs_motif=GGAGG;rbs_spacer=5-10bp;gc_cont=0.499,ID=78_33;partial=00;start_type=ATG;rbs_motif=GGAGG;rbs_spacer=5-10bp;gc,26.0
NZ_MRDL01000009.1_34,G,K,G,G,G,K,S,D,K,D,C,D,C,ID=42_34;partial=00;start_type=ATG;rbs_motif=AGGA;rbs_spacer=5-10bp;gc_cont=0.546,ID=42_34;partial=00;start_type=ATG;rbs_motif=AGGA;rbs_spacer=5-10bp;gc,26.0
NZ_MXPU01000067.1_1,G,K,G,G,G,K,S,D,K,D,C,D,C,ID=64_1;partial=10;start_type=ATG;rbs_motif=AGGA;rbs_spacer=5-10bp;gc_cont=0.604,ID=64_1;partial=10;start_type=ATG;rbs_motif=AGGA;rbs_spacer=5-10bp;gc,26.0
NZ_NSGE01000010.1_78,G,K,G,G,G,K,S,D,K,D,C,D,C,ID=2_78;partial=00;start_type=ATG;rbs_motif=AGGA;rbs_spacer=5-10bp;gc_cont=0.605,ID=2_78;partial=00;start_type=ATG;rbs_motif=AGGA;rbs_spacer=5-10bp;gc,26.0
NZ_AWQQ01000020.1_77,G,K,G,G,G,K,S,D,K,D,C,D,C,ID=20_77;partial=00;start_type=ATG;rbs_motif=AGGAGG;rbs_spacer=5-10bp;gc_cont=0.560,ID=20_77;partial=00;start_type=ATG;rbs_motif=AGGAGG;rbs_spacer=5-10bp;gc,26.0
NZ_PPFX01000045.1_22,G,K,G,G,G,K,S,D,K,D,C,D,C,ID=39_22;partial=00;start_type=ATG;rbs_motif=AGGAG;rbs_spacer=5-10bp;gc_cont=0.613,ID=39_22;partial=00;start_type=ATG;rbs_motif=AGGAG;rbs_spacer=5-10bp;gc,26.0
NZ_PZJX01000070.1_29,G,K,G,G,G,K,S,D,K,D,C,D,C,ID=70_29;partial=00;start_type=ATG;rbs_motif=AGGA;rbs_spacer=5-10bp;gc_cont=0.604,ID=70_29;partial=00;start_type=ATG;rbs_motif=AGGA;rbs_spacer=5-10bp;gc,26.0
NZ_CP029353.1_1751,G,K,G,G,G,K,S,D,K,D,C,D,C,ID=2_1751;partial=00;start_type=ATG;rbs_motif=AGGAG;rbs_spacer=5-10bp;gc_cont=0.654,ID=2_1751;partial=00;start_type=ATG;rbs_motif=AGGAG;rbs_spacer=5-10bp;gc,26.0
NZ_QLSU01000022.1_103,G,K,G,G,G,K,S,D,K,D,C,D,C,ID=22_103;partial=00;start_type=ATG;rbs_motif=GGAG/GAGG;rbs_spacer=5-10bp;gc_cont=0.609,ID=22_103;partial=00;start_type=ATG;rbs_motif=GGAG/GAGG;rbs_spacer=5-10bp;gc,26.0
NZ_QUFB01000049.1_11,G,K,G,G,G,K,S,D,K,D,C,D,C,ID=99_11;partial=00;start_type=ATG;rbs_motif=GGAGG;rbs_spacer=5-10bp;gc_cont=0.464,ID=99_11;partial=00;start_type=ATG;rbs_motif=GGAGG;rbs_spacer=5-10bp;gc,26.0
NZ_BEXT01000001.1_2734,G,K,G,G,G,K,S,D,K,D,C,D,C,ID=1_2734;partial=00;start_type=ATG;rbs_motif=AGGAG;rbs_spacer=5-10bp;gc_cont=0.567,ID=1_2734;partial=00;start_type=ATG;rbs_motif=AGGAG;rbs_spacer=5-10bp;gc,26.0
NZ_RJZE01000003.1_153,G,K,G,G,G,K,S,D,K,D,C,D,C,ID=76_153;partial=00;start_type=ATG;rbs_motif=GGAG/GAGG;rbs_spacer=5-10bp;gc_cont=0.617,ID=76_153;partial=00;start_type=ATG;rbs_motif=GGAG/GAGG;rbs_spacer=5-10bp;gc,26.0
NZ_CP030054.1_501,G,K,G,G,G,K,S,D,K,D,C,D,C,ID=2_501;partial=00;start_type=ATG;rbs_motif=GGAG/GAGG;rbs_spacer=5-10bp;gc_cont=0.579,ID=2_501;partial=00;start_type=ATG;rbs_motif=GGAG/GAGG;rbs_spacer=5-10bp;gc,26.0
NZ_SMGP01000001.1_1156,G,K,G,G,G,K,S,D,K,D,C,D,C,ID=1_1156;partial=00;start_type=ATG;rbs_motif=GGAG/GAGG;rbs_spacer=5-10bp;gc_cont=0.602,ID=1_1156;partial=00;start_type=ATG;rbs_motif=GGAG/GAGG;rbs_spacer=5-10bp;gc,26.0
NZ_QFFZ01000025.1_39,G,K,G,G,G,K,S,D,K,D,C,D,C,ID=118_39;partial=00;start_type=ATG;rbs_motif=AGGAGG;rbs_spacer=5-10bp;gc_cont=0.538,ID=118_39;partial=00;start_type=ATG;rbs_motif=AGGAGG;rbs_spacer=5-10bp;gc,26.0
NZ_SWCM01000012.1_11,G,K,G,G,G,K,S,D,K,D,C,D,C,ID=3_11;partial=00;start_type=ATG;rbs_motif=AGGAG;rbs_spacer=5-10bp;gc_cont=0.505,ID=3_11;partial=00;start_type=ATG;rbs_motif=AGGAG;rbs_spacer=5-10bp;gc,26.0
NZ_VATK01000011.1_31,G,K,G,G,G,K,S,D,K,D,C,D,C,ID=10_31;partial=00;start_type=ATG;rbs_motif=AGGAGG;rbs_spacer=5-10bp;gc_cont=0.378,ID=10_31;partial=00;start_type=ATG;rbs_motif=AGGAGG;rbs_spacer=5-10bp;gc,26.0
NZ_VLKT01000071.1_25,G,K,G,G,G,K,S,D,K,D,C,D,C,ID=71_25;partial=00;start_type=ATG;rbs_motif=AGGA;rbs_spacer=5-10bp;gc_cont=0.616,ID=71_25;partial=00;start_type=ATG;rbs_motif=AGGA;rbs_spacer=5-10bp;gc,26.0
NZ_QOKV01000016.1_87,G,K,G,G,G,K,S,D,K,D,C,D,C,ID=7_87;partial=00;start_type=ATG;rbs_motif=AGGAG;rbs_spacer=5-10bp;gc_cont=0.646,ID=7_87;partial=00;start_type=ATG;rbs_motif=AGGAG;rbs_spacer=5-10bp;gc,26.0
NZ_CP045875.1_2188,G,K,G,G,G,K,S,D,K,D,C,D,C,ID=1_2188;partial=00;start_type=ATG;rbs_motif=AGGAGG;rbs_spacer=5-10bp;gc_cont=0.468,ID=1_2188;partial=00;start_type=ATG;rbs_motif=AGGAGG;rbs_spacer=5-10bp;gc,26.0
NZ_WVUD01000010.1_58,G,K,G,G,G,K,S,D,K,D,C,D,C,ID=11_58;partial=00;start_type=ATG;rbs_motif=AGGAGG;rbs_spacer=5-10bp;gc_cont=0.600,ID=11_58;partial=00;start_type=ATG;rbs_motif=AGGAGG;rbs_spacer=5-10bp;gc,26.0
NZ_WKLH01000003.1_665,G,K,G,G,G,K,S,D,K,D,C,D,C,ID=10_665;partial=00;start_type=TTG;rbs_motif=AATAA;rbs_spacer=5bp;gc_cont=0.406,ID=10_665;partial=00;start_type=TTG;rbs_motif=AATAA;rbs_spacer=5bp;gc,26.0
NZ_CP046565.1_770,G,K,G,G,G,K,S,D,K,D,C,D,C,ID=1_770;partial=00;start_type=ATG;rbs_motif=GGAG/GAGG;rbs_spacer=5-10bp;gc_cont=0.628,ID=1_770;partial=00;start_type=ATG;rbs_motif=GGAG/GAGG;rbs_spacer=5-10bp;gc,26.0
NZ_JAATVU010000009.1_140,G,K,G,G,G,K,S,D,K,D,C,D,C,ID=313_140;partial=00;start_type=ATG;rbs_motif=AGGA;rbs_spacer=5-10bp;gc_cont=0.627,ID=313_140;partial=00;start_type=ATG;rbs_motif=AGGA;rbs_spacer=5-10bp;gc,26.0
NZ_CP055930.1_4948,G,K,G,G,G,K,S,D,K,D,C,D,C,ID=1_4948;partial=00;start_type=ATG;rbs_motif=AGGAG;rbs_spacer=5-10bp;gc_cont=0.550,ID=1_4948;partial=00;start_type=ATG;rbs_motif=AGGAG;rbs_spacer=5-10bp;gc,26.0
NZ_JACHEF010000011.1_59,G,K,G,G,G,K,S,D,K,D,C,D,C,ID=11_59;partial=00;start_type=ATG;rbs_motif=AGGA;rbs_spacer=5-10bp;gc_cont=0.612,ID=11_59;partial=00;start_type=ATG;rbs_motif=AGGA;rbs_spacer=5-10bp;gc,26.0
NZ_JACJQG010000005.1_29,G,K,G,G,G,K,S,D,K,D,C,D,C,ID=91_29;partial=00;start_type=ATG;rbs_motif=AGGA;rbs_spacer=5-10bp;gc_cont=0.473,ID=91_29;partial=00;start_type=ATG;rbs_motif=AGGA;rbs_spacer=5-10bp;gc,26.0
NZ_JADBGG010000010.1_50,G,K,G,G,G,K,S,D,K,D,C,D,C,ID=10_50;partial=00;start_type=ATG;rbs_motif=AGGAG;rbs_spacer=5-10bp;gc_cont=0.609,ID=10_50;partial=00;start_type=ATG;rbs_motif=AGGAG;rbs_spacer=5-10bp;gc,26.0
NZ_JACCHP010000001.1_359,G,K,G,G,G,K,S,D,K,D,C,D,C,ID=1_359;partial=00;start_type=ATG;rbs_motif=GGAG/GAGG;rbs_spacer=5-10bp;gc_cont=0.580,ID=1_359;partial=00;start_type=ATG;rbs_motif=GGAG/GAGG;rbs_spacer=5-10bp;gc,26.0
NZ_NHSF01000063.1_40,G,K,G,G,G,K,S,D,K,D,C,D,C,ID=63_40;partial=00;start_type=ATG;rbs_motif=GGAG/GAGG;rbs_spacer=5-10bp;gc_cont=0.599,ID=63_40;partial=00;start_type=ATG;rbs_motif=GGAG/GAGG;rbs_spacer=5-10bp;gc,26.0
NZ_JAFFPZ010000001.1_22,G,K,G,G,G,K,S,D,K,D,C,D,C,ID=81_22;partial=00;start_type=ATG;rbs_motif=AGGAG;rbs_spacer=5-10bp;gc_cont=0.480,ID=81_22;partial=00;start_type=ATG;rbs_motif=AGGAG;rbs_spacer=5-10bp;gc,26.0
NZ_JAGGKD010000007.1_28,G,K,G,G,G,K,S,D,K,D,C,D,C,ID=7_28;partial=00;start_type=ATG;rbs_motif=AGxAGG/AGGxGG;rbs_spacer=5-10bp;gc_cont=0.465,ID=7_28;partial=00;start_type=ATG;rbs_motif=AGxAGG/AGGxGG;rbs_spacer=5-10bp;gc,26.0
NZ_JAFCJZ010000003.1_51,G,K,G,G,G,K,S,D,K,D,C,D,C,ID=23_51;partial=00;start_type=ATG;rbs_motif=GGAG/GAGG;rbs_spacer=5-10bp;gc_cont=0.614,ID=23_51;partial=00;start_type=ATG;rbs_motif=GGAG/GAGG;rbs_spacer=5-10bp;gc,26.0
NZ_JAGUQP010000054.1_2,G,K,G,G,G,K,S,D,K,D,C,D,C,ID=52_2;partial=00;start_type=ATG;rbs_motif=GGAGG;rbs_spacer=5-10bp;gc_cont=0.485,ID=52_2;partial=00;start_type=ATG;rbs_motif=GGAGG;rbs_spacer=5-10bp;gc,26.0
NZ_VSST01000027.1_69,G,K,G,G,G,K,S,D,K,D,C,D,C,ID=76_69;partial=00;start_type=ATG;rbs_motif=GGAG/GAGG;rbs_spacer=5-10bp;gc_cont=0.595,ID=76_69;partial=00;start_type=ATG;rbs_motif=GGAG/GAGG;rbs_spacer=5-10bp;gc,26.0
NZ_JADYVE010000055.1_3,G,K,G,G,G,K,S,D,K,D,C,D,C,ID=66_3;partial=00;start_type=ATG;rbs_motif=AGGA;rbs_spacer=5-10bp;gc_cont=0.613,ID=66_3;partial=00;start_type=ATG;rbs_motif=AGGA;rbs_spacer=5-10bp;gc,26.0
NZ_JACMYK010000005.1_60,G,K,G,G,G,K,S,D,K,D,C,D,C,ID=5_60;partial=00;start_type=ATG;rbs_motif=GGAG/GAGG;rbs_spacer=5-10bp;gc_cont=0.571,ID=5_60;partial=00;start_type=ATG;rbs_motif=GGAG/GAGG;rbs_spacer=5-10bp;gc,26.0
NZ_JALCZA010000009.1_87,G,K,G,G,G,K,S,D,K,D,C,D,C,ID=169_87;partial=00;start_type=ATG;rbs_motif=AGGAG/GGAGG;rbs_spacer=11-12bp;gc_cont=0.671,ID=169_87;partial=00;start_type=ATG;rbs_motif=AGGAG/GGAGG;rbs_spacer=11-12bp;gc,26.0
NZ_CP064703.1_1812,G,K,G,G,G,K,S,D,K,D,C,D,C,ID=1_1812;partial=00;start_type=ATG;rbs_motif=GGAG/GAGG;rbs_spacer=5-10bp;gc_cont=0.615,ID=1_1812;partial=00;start_type=ATG;rbs_motif=GGAG/GAGG;rbs_spacer=5-10bp;gc,26.0
NZ_JALJXJ010000001.1_199,G,K,G,G,G,K,S,D,K,D,C,D,C,ID=1_199;partial=00;start_type=ATG;rbs_motif=AGGAG;rbs_spacer=5-10bp;gc_cont=0.638,ID=1_199;partial=00;start_type=ATG;rbs_motif=AGGAG;rbs_spacer=5-10bp;gc,26.0
NZ_JAMDHK010000003.1_96,G,K,G,G,G,K,S,D,K,D,C,D,C,ID=33_96;partial=00;start_type=ATG;rbs_motif=AGGA;rbs_spacer=5-10bp;gc_cont=0.637,ID=33_96;partial=00;start_type=ATG;rbs_motif=AGGA;rbs_spacer=5-10bp;gc,26.0
NZ_FNCA01000003.1_233,G,K,G,G,G,K,S,D,K,D,C,D,C,ID=10_233;partial=00;start_type=ATG;rbs_motif=AGxAGG/AGGxGG;rbs_spacer=5-10bp;gc_cont=0.465,ID=10_233;partial=00;start_type=ATG;rbs_motif=AGxAGG/AGGxGG;rbs_spacer=5-10bp;gc,26.0
NZ_FNPI01000001.1_745,G,K,G,G,G,K,S,D,K,D,C,D,C,ID=42_745;partial=00;start_type=ATG;rbs_motif=GGAGG;rbs_spacer=5-10bp;gc_cont=0.481,ID=42_745;partial=00;start_type=ATG;rbs_motif=GGAGG;rbs_spacer=5-10bp;gc,26.0
NZ_FOYZ01000001.1_324,G,K,G,G,G,K,S,D,K,D,C,D,C,ID=29_324;partial=00;start_type=ATG;rbs_motif=AGGAGG;rbs_spacer=5-10bp;gc_cont=0.388,ID=29_324;partial=00;start_type=ATG;rbs_motif=AGGAGG;rbs_spacer=5-10bp;gc,26.0
NZ_FQUY01000008.1_83,G,K,G,G,G,K,S,D,K,D,C,D,C,ID=29_83;partial=00;start_type=ATG;rbs_motif=AGGAGG;rbs_spacer=5-10bp;gc_cont=0.557,ID=29_83;partial=00;start_type=ATG;rbs_motif=AGGAGG;rbs_spacer=5-10bp;gc,26.0
NZ_FRDN01000005.1_77,G,K,G,G,G,K,S,D,K,D,C,D,C,ID=15_77;partial=00;start_type=ATG;rbs_motif=AGxAGG/AGGxGG;rbs_spacer=5-10bp;gc_cont=0.512,ID=15_77;partial=00;start_type=ATG;rbs_motif=AGxAGG/AGGxGG;rbs_spacer=5-10bp;gc,26.0
NZ_FXAK01000007.1_788,G,K,G,G,G,K,S,D,K,D,C,D,C,ID=5_788;partial=00;start_type=ATG;rbs_motif=AGGAG;rbs_spacer=5-10bp;gc_cont=0.641,ID=5_788;partial=00;start_type=ATG;rbs_motif=AGGAG;rbs_spacer=5-10bp;gc,26.0
NZ_UFQQ01000008.1_219,G,K,G,G,G,K,S,D,K,D,C,D,C,ID=39_219;partial=00;start_type=ATG;rbs_motif=GGAG/GAGG;rbs_spacer=5-10bp;gc_cont=0.637,ID=39_219;partial=00;start_type=ATG;rbs_motif=GGAG/GAGG;rbs_spacer=5-10bp;gc,26.0
NZ_LR746525.1_44,G,K,G,G,G,K,S,D,K,D,C,D,C,ID=5_44;partial=00;start_type=ATG;rbs_motif=AGGA;rbs_spacer=5-10bp;gc_cont=0.646,ID=5_44;partial=00;start_type=ATG;rbs_motif=AGGA;rbs_spacer=5-10bp;gc,26.0
DBTL01000134.1_23,G,K,G,G,G,K,S,D,K,D,C,D,C,ID=73_23;partial=00;start_type=ATG;rbs_motif=AATAA;rbs_spacer=8bp;gc_cont=0.405,ID=73_23;partial=00;start_type=ATG;rbs_motif=AATAA;rbs_spacer=8bp;gc,26.0
JACCQO010000008.1_43,G,K,G,G,G,K,S,D,K,D,C,D,C,ID=52_43;partial=00;start_type=ATG;rbs_motif=AGGA;rbs_spacer=5-10bp;gc_cont=0.640,ID=52_43;partial=00;start_type=ATG;rbs_motif=AGGA;rbs_spacer=5-10bp;gc,26.0
JAEXFN010000018.1_382,G,K,G,G,G,K,S,D,K,D,C,D,C,ID=32_382;partial=00;start_type=ATG;rbs_motif=GGAG/GAGG;rbs_spacer=5-10bp;gc_cont=0.615,ID=32_382;partial=00;start_type=ATG;rbs_motif=GGAG/GAGG;rbs_spacer=5-10bp;gc,26.0
JAEZQV010000215.1_23,G,K,G,G,G,K,S,D,K,D,C,D,C,ID=234_23;partial=00;start_type=ATG;rbs_motif=GGA/GAG/AGG;rbs_spacer=5-10bp;gc_cont=0.522,ID=234_23;partial=00;start_type=ATG;rbs_motif=GGA/GAG/AGG;rbs_spacer=5-10bp;gc,26.0
NC_016894.1_708,G,K,G,G,G,K,S,D,K,D,C,D,C,ID=1_708;partial=00;start_type=ATG;rbs_motif=GGAG/GAGG;rbs_spacer=5-10bp;gc_cont=0.441,ID=1_708;partial=00;start_type=ATG;rbs_motif=GGAG/GAGG;rbs_spacer=5-10bp;gc,26.0
NZ_JSEH01000007.1_155,G,K,G,G,G,K,S,D,K,D,C,D,C,ID=7_155;partial=00;start_type=ATG;rbs_motif=AGGAG;rbs_spacer=5-10bp;gc_cont=0.597,ID=7_155;partial=00;start_type=ATG;rbs_motif=AGGAG;rbs_spacer=5-10bp;gc,26.0
NZ_KZ819024.1_96,G,K,G,G,G,K,S,D,K,D,C,D,C,ID=3_96;partial=00;start_type=ATG;rbs_motif=GGAG/GAGG;rbs_spacer=5-10bp;gc_cont=0.470,ID=3_96;partial=00;start_type=ATG;rbs_motif=GGAG/GAGG;rbs_spacer=5-10bp;gc,26.0
NZ_WXEX01000005.1_221,G,K,G,G,G,K,S,D,K,D,C,D,C,ID=45_221;partial=00;start_type=TTG;rbs_motif=GGAG/GAGG;rbs_spacer=5-10bp;gc_cont=0.523,ID=45_221;partial=00;start_type=TTG;rbs_motif=GGAG/GAGG;rbs_spacer=5-10bp;gc,26.0
NZ_JAJDOO010000010.1_130,G,K,G,G,G,K,S,D,K,D,C,D,C,ID=4_130;partial=00;start_type=ATG;rbs_motif=AGGAG;rbs_spacer=5-10bp;gc_cont=0.440,ID=4_130;partial=00;start_type=ATG;rbs_motif=AGGAG;rbs_spacer=5-10bp;gc,26.0
NZ_SMAO01000001.1_328,G,K,G,G,G,K,S,D,K,D,C,D,C,ID=1_328;partial=00;start_type=GTG;rbs_motif=AGGAG;rbs_spacer=5-10bp;gc_cont=0.568,ID=1_328;partial=00;start_type=GTG;rbs_motif=AGGAG;rbs_spacer=5-10bp;gc,26.0
JAHFCR010000035.1_17,G,K,G,G,G,K,S,D,K,D,C,D,C,ID=56_17;partial=00;start_type=ATG;rbs_motif=AGGAG/GGAGG;rbs_spacer=11-12bp;gc_cont=0.591,ID=56_17;partial=00;start_type=ATG;rbs_motif=AGGAG/GGAGG;rbs_spacer=11-12bp;gc,26.0
LXQE01000125.1_187,G,K,G,G,G,K,S,D,K,D,C,D,C,ID=125_187;partial=00;start_type=ATG;rbs_motif=GGA/GAG/AGG;rbs_spacer=5-10bp;gc_cont=0.472,ID=125_187;partial=00;start_type=ATG;rbs_motif=GGA/GAG/AGG;rbs_spacer=5-10bp;gc,26.0
NZ_CP040272.1_833,G,K,G,G,G,K,S,D,K,D,C,D,C,ID=1_833;partial=00;start_type=ATG;rbs_motif=GGA/GAG/AGG;rbs_spacer=5-10bp;gc_cont=0.459,ID=1_833;partial=00;start_type=ATG;rbs_motif=GGA/GAG/AGG;rbs_spacer=5-10bp;gc,26.0
NZ_SMAO01000007.1_113,G,K,G,G,G,K,S,D,K,D,C,D,C,ID=7_113;partial=00;start_type=ATG;rbs_motif=AGGAG;rbs_spacer=5-10bp;gc_cont=0.603,ID=7_113;partial=00;start_type=ATG;rbs_motif=AGGAG;rbs_spacer=5-10bp;gc,26.0
ACOK01000116.1_47,G,K,G,G,G,K,S,D,K,D,C,D,C,ID=4_47;partial=00;start_type=ATG;rbs_motif=GGA/GAG/AGG;rbs_spacer=11-12bp;gc_cont=0.499,ID=4_47;partial=00;start_type=ATG;rbs_motif=GGA/GAG/AGG;rbs_spacer=11-12bp;gc,26.0
KL662192.1_73,G,K,G,G,G,K,S,D,K,D,C,D,C,ID=2_73;partial=00;start_type=ATG;rbs_motif=AGGAG;rbs_spacer=5-10bp;gc_cont=0.532,ID=2_73;partial=00;start_type=ATG;rbs_motif=AGGAG;rbs_spacer=5-10bp;gc,26.0
LFCU01000132.1_6,G,K,G,G,G,K,S,D,K,D,C,D,C,ID=194_6;partial=00;start_type=ATG;rbs_motif=GGAG/GAGG;rbs_spacer=5-10bp;gc_cont=0.432,ID=194_6;partial=00;start_type=ATG;rbs_motif=GGAG/GAGG;rbs_spacer=5-10bp;gc,26.0
LVWG01000032.1_130,G,K,G,G,G,K,S,D,K,D,C,D,C,ID=32_130;partial=00;start_type=ATG;rbs_motif=None;rbs_spacer=None;gc_cont=0.581,ID=32_130;partial=00;start_type=ATG;rbs_motif=None;rbs_spacer=None;gc,26.0
MGWR01000049.1_2,G,K,G,G,G,K,S,D,K,D,C,D,C,ID=49_2;partial=00;start_type=ATG;rbs_motif=AGGAG;rbs_spacer=5-10bp;gc_cont=0.575,ID=49_2;partial=00;start_type=ATG;rbs_motif=AGGAG;rbs_spacer=5-10bp;gc,26.0
MKRS01000748.1_3,G,K,G,G,G,K,S,D,K,D,C,D,C,ID=748_3;partial=00;start_type=ATG;rbs_motif=TAAAAA;rbs_spacer=13bp;gc_cont=0.498,ID=748_3;partial=00;start_type=ATG;rbs_motif=TAAAAA;rbs_spacer=13bp;gc,26.0
NCGK01000014.1_5,G,K,G,G,G,K,S,D,K,D,C,D,C,ID=37_5;partial=00;start_type=ATG;rbs_motif=AGGAG;rbs_spacer=5-10bp;gc_cont=0.538,ID=37_5;partial=00;start_type=ATG;rbs_motif=AGGAG;rbs_spacer=5-10bp;gc,26.0
DCHE01000088.1_57,G,K,G,G,G,K,S,D,K,D,C,D,C,ID=29_57;partial=00;start_type=ATG;rbs_motif=AGGA;rbs_spacer=5-10bp;gc_cont=0.396,ID=29_57;partial=00;start_type=ATG;rbs_motif=AGGA;rbs_spacer=5-10bp;gc,26.0
DFBE01000048.1_3,G,K,G,G,G,K,S,D,K,D,C,D,C,ID=25_3;partial=00;start_type=ATG;rbs_motif=AGGAGG;rbs_spacer=5-10bp;gc_cont=0.495,ID=25_3;partial=00;start_type=ATG;rbs_motif=AGGAGG;rbs_spacer=5-10bp;gc,26.0
DGTD01000013.1_5,G,K,G,G,G,K,S,D,K,D,C,D,C,ID=89_5;partial=00;start_type=ATG;rbs_motif=None;rbs_spacer=None;gc_cont=0.469,ID=89_5;partial=00;start_type=ATG;rbs_motif=None;rbs_spacer=None;gc,26.0
DIFG01000025.1_3,G,K,G,G,G,K,S,D,K,D,C,D,C,ID=17_3;partial=00;start_type=ATG;rbs_motif=GGAGG;rbs_spacer=5-10bp;gc_cont=0.589,ID=17_3;partial=00;start_type=ATG;rbs_motif=GGAGG;rbs_spacer=5-10bp;gc,26.0
DIWZ01000032.1_44,G,K,G,G,G,K,S,D,K,D,C,D,C,ID=15_44;partial=00;start_type=ATG;rbs_motif=GGAGG;rbs_spacer=5-10bp;gc_cont=0.566,ID=15_44;partial=00;start_type=ATG;rbs_motif=GGAGG;rbs_spacer=5-10bp;gc,26.0
DAYL01000034.1_80,G,K,G,G,G,K,S,D,K,D,C,D,C,ID=3_80;partial=00;start_type=ATG;rbs_motif=None;rbs_spacer=None;gc_cont=0.587,ID=3_80;partial=00;start_type=ATG;rbs_motif=None;rbs_spacer=None;gc,26.0
PHAA01000005.1_61,G,K,G,G,G,K,S,D,K,D,C,D,C,ID=8_61;partial=00;start_type=ATG;rbs_motif=AGGAG;rbs_spacer=5-10bp;gc_cont=0.447,ID=8_61;partial=00;start_type=ATG;rbs_motif=AGGAG;rbs_spacer=5-10bp;gc,26.0
PKTX01000037.1_33,G,K,G,G,G,K,S,D,K,D,C,D,C,ID=68_33;partial=00;start_type=ATG;rbs_motif=AGGAG;rbs_spacer=5-10bp;gc_cont=0.561,ID=68_33;partial=00;start_type=ATG;rbs_motif=AGGAG;rbs_spacer=5-10bp;gc,26.0
QBVD01000032.1_20,G,K,G,G,G,K,S,D,K,D,C,D,C,ID=109_20;partial=00;start_type=ATG;rbs_motif=AGGAG;rbs_spacer=5-10bp;gc_cont=0.567,ID=109_20;partial=00;start_type=ATG;rbs_motif=AGGAG;rbs_spacer=5-10bp;gc,26.0
PMCB01000075.1_16,G,K,G,G,G,K,S,D,K,D,C,D,C,ID=87_16;partial=00;start_type=ATG;rbs_motif=AGGAGG;rbs_spacer=5-10bp;gc_cont=0.497,ID=87_16;partial=00;start_type=ATG;rbs_motif=AGGAGG;rbs_spacer=5-10bp;gc,26.0
PLRT01000247.1_2,G,K,G,G,G,K,S,D,K,D,C,D,C,ID=112_2;partial=00;start_type=ATG;rbs_motif=AGGAG;rbs_spacer=5-10bp;gc_cont=0.614,ID=112_2;partial=00;start_type=ATG;rbs_motif=AGGAG;rbs_spacer=5-10bp;gc,26.0
QKAL01000020.1_13,G,K,G,G,G,K,S,D,K,D,C,D,C,ID=214_13;partial=00;start_type=ATG;rbs_motif=AGGAG/GGAGG;rbs_spacer=11-12bp;gc_cont=0.539,ID=214_13;partial=00;start_type=ATG;rbs_motif=AGGAG/GGAGG;rbs_spacer=11-12bp;gc,26.0
QKEH01000151.1_5,G,K,G,G,G,K,S,D,K,D,C,D,C,ID=142_5;partial=00;start_type=ATG;rbs_motif=None;rbs_spacer=None;gc_cont=0.505,ID=142_5;partial=00;start_type=ATG;rbs_motif=None;rbs_spacer=None;gc,26.0
PUNM01000155.1_1,G,K,G,G,G,K,S,D,K,D,C,D,C,ID=85_1;partial=10;start_type=ATG;rbs_motif=GGAGG;rbs_spacer=5-10bp;gc_cont=0.650,ID=85_1;partial=10;start_type=ATG;rbs_motif=GGAGG;rbs_spacer=5-10bp;gc,26.0
RPOO01000347.1_3,G,K,G,G,G,K,S,D,K,D,C,D,C,ID=364_3;partial=01;start_type=ATG;rbs_motif=GGA/GAG/AGG;rbs_spacer=5-10bp;gc_cont=0.586,ID=364_3;partial=01;start_type=ATG;rbs_motif=GGA/GAG/AGG;rbs_spacer=5-10bp;gc,26.0
RPGQ01000013.1_50,G,K,G,G,G,K,S,D,K,D,C,D,C,ID=31_50;partial=00;start_type=ATG;rbs_motif=AGGAGG;rbs_spacer=5-10bp;gc_cont=0.493,ID=31_50;partial=00;start_type=ATG;rbs_motif=AGGAGG;rbs_spacer=5-10bp;gc,26.0
CP024846.1_2445,G,K,G,G,G,K,S,D,K,D,C,D,C,ID=1_2445;partial=00;start_type=ATG;rbs_motif=AGGAG;rbs_spacer=5-10bp;gc_cont=0.583,ID=1_2445;partial=00;start_type=ATG;rbs_motif=AGGAG;rbs_spacer=5-10bp;gc,26.0
SKJB01000067.1_16,G,K,G,G,G,K,S,D,K,D,C,D,C,ID=44_16;partial=00;start_type=ATG;rbs_motif=GGAG/GAGG;rbs_spacer=5-10bp;gc_cont=0.423,ID=44_16;partial=00;start_type=ATG;rbs_motif=GGAG/GAGG;rbs_spacer=5-10bp;gc,26.0
VENG01000008.1_181,G,K,G,G,G,K,S,D,K,D,C,D,C,ID=4_181;partial=00;start_type=ATG;rbs_motif=AGGAGG;rbs_spacer=5-10bp;gc_cont=0.506,ID=4_181;partial=00;start_type=ATG;rbs_motif=AGGAGG;rbs_spacer=5-10bp;gc,26.0
SAAJ01000047.1_19,G,K,G,G,G,K,S,D,K,D,C,D,C,ID=46_19;partial=00;start_type=ATG;rbs_motif=GGAGG;rbs_spacer=5-10bp;gc_cont=0.480,ID=46_19;partial=00;start_type=ATG;rbs_motif=GGAGG;rbs_spacer=5-10bp;gc,26.0
JAABRU010000096.1_13,G,K,G,G,G,K,S,D,K,D,C,D,C,ID=374_13;partial=00;start_type=ATG;rbs_motif=AGGA;rbs_spacer=5-10bp;gc_cont=0.519,ID=374_13;partial=00;start_type=ATG;rbs_motif=AGGA;rbs_spacer=5-10bp;gc,26.0
JAAUQL010000095.1_12,G,K,G,G,G,K,S,D,K,D,C,D,C,ID=180_12;partial=00;start_type=ATG;rbs_motif=AAA;rbs_spacer=12bp;gc_cont=0.487,ID=180_12;partial=00;start_type=ATG;rbs_motif=AAA;rbs_spacer=12bp;gc,26.0
JABDHK010000043.1_32,G,K,G,G,G,K,S,D,K,D,C,D,C,ID=43_32;partial=00;start_type=ATG;rbs_motif=None;rbs_spacer=None;gc_cont=0.502,ID=43_32;partial=00;start_type=ATG;rbs_motif=None;rbs_spacer=None;gc,26.0
JAADGW010000228.1_6,G,K,G,G,G,K,S,D,K,D,C,D,C,ID=65_6;partial=00;start_type=ATG;rbs_motif=AGGAG;rbs_spacer=5-10bp;gc_cont=0.587,ID=65_6;partial=00;start_type=ATG;rbs_motif=AGGAG;rbs_spacer=5-10bp;gc,26.0
JAAXXL010000037.1_20,G,K,G,G,G,K,S,D,K,D,C,D,C,ID=2_20;partial=00;start_type=ATG;rbs_motif=TAA;rbs_spacer=12bp;gc_cont=0.491,ID=2_20;partial=00;start_type=ATG;rbs_motif=TAA;rbs_spacer=12bp;gc,26.0
DUZS01000043.1_18,G,K,G,G,G,K,S,D,K,D,C,D,C,ID=43_18;partial=00;start_type=ATG;rbs_motif=GGAG/GAGG;rbs_spacer=5-10bp;gc_cont=0.514,ID=43_18;partial=00;start_type=ATG;rbs_motif=GGAG/GAGG;rbs_spacer=5-10bp;gc,26.0
PNML01000059.1_21,G,K,G,G,G,K,S,D,K,D,C,D,C,ID=59_21;partial=00;start_type=ATG;rbs_motif=GGAG/GAGG;rbs_spacer=5-10bp;gc_cont=0.626,ID=59_21;partial=00;start_type=ATG;rbs_motif=GGAG/GAGG;rbs_spacer=5-10bp;gc,26.0
JACZKF010000051.1_2,G,K,G,G,G,K,S,D,K,D,C,D,C,ID=100_2;partial=00;start_type=ATG;rbs_motif=AGGAG;rbs_spacer=5-10bp;gc_cont=0.638,ID=100_2;partial=00;start_type=ATG;rbs_motif=AGGAG;rbs_spacer=5-10bp;gc,26.0
JADGDA010000015.1_18,G,K,G,G,G,K,S,D,K,D,C,D,C,ID=66_18;partial=00;start_type=ATG;rbs_motif=AGGAG;rbs_spacer=5-10bp;gc_cont=0.636,ID=66_18;partial=00;start_type=ATG;rbs_motif=AGGAG;rbs_spacer=5-10bp;gc,26.0
JADFXU010000038.1_9,G,K,G,G,G,K,S,D,K,D,C,D,C,ID=31_9;partial=00;start_type=ATG;rbs_motif=AGGAGG;rbs_spacer=5-10bp;gc_cont=0.534,ID=31_9;partial=00;start_type=ATG;rbs_motif=AGGAGG;rbs_spacer=5-10bp;gc,26.0
JAATGN010000138.1_2,G,K,G,G,G,K,S,D,K,D,C,D,C,ID=289_2;partial=00;start_type=ATG;rbs_motif=AGGAG;rbs_spacer=5-10bp;gc_cont=0.630,ID=289_2;partial=00;start_type=ATG;rbs_motif=AGGAG;rbs_spacer=5-10bp;gc,26.0
JACQFX010000013.1_123,G,K,G,G,G,K,S,D,K,D,C,D,C,ID=33_123;partial=00;start_type=ATG;rbs_motif=AGGAG;rbs_spacer=5-10bp;gc_cont=0.586,ID=33_123;partial=00;start_type=ATG;rbs_motif=AGGAG;rbs_spacer=5-10bp;gc,26.0
JACRMN010000017.1_75,G,K,G,G,G,K,S,D,K,D,C,D,C,ID=12_75;partial=00;start_type=ATG;rbs_motif=GGAGG;rbs_spacer=5-10bp;gc_cont=0.677,ID=12_75;partial=00;start_type=ATG;rbs_motif=GGAGG;rbs_spacer=5-10bp;gc,26.0
JACRBZ010000091.1_21,G,K,G,G,G,K,S,D,K,D,C,D,C,ID=72_21;partial=00;start_type=ATG;rbs_motif=AGGAG;rbs_spacer=5-10bp;gc_cont=0.524,ID=72_21;partial=00;start_type=ATG;rbs_motif=AGGAG;rbs_spacer=5-10bp;gc,26.0
JADQBH010000117.1_7,G,K,G,G,G,K,S,D,K,D,C,D,C,ID=7_7;partial=00;start_type=ATG;rbs_motif=TAAAAA;rbs_spacer=8bp;gc_cont=0.446,ID=7_7;partial=00;start_type=ATG;rbs_motif=TAAAAA;rbs_spacer=8bp;gc,26.0
CP065007.1_1581,G,K,G,G,G,K,S,D,K,D,C,D,C,ID=1_1581;partial=00;start_type=ATG;rbs_motif=GGAG/GAGG;rbs_spacer=5-10bp;gc_cont=0.593,ID=1_1581;partial=00;start_type=ATG;rbs_motif=GGAG/GAGG;rbs_spacer=5-10bp;gc,26.0
JADKCZ010000003.1_441,G,K,G,G,G,K,S,D,K,D,C,D,C,ID=3_441;partial=00;start_type=ATG;rbs_motif=GGAG/GAGG;rbs_spacer=5-10bp;gc_cont=0.674,ID=3_441;partial=00;start_type=ATG;rbs_motif=GGAG/GAGG;rbs_spacer=5-10bp;gc,26.0
JAEUNY010000115.1_1,G,K,G,G,G,K,S,D,K,D,C,D,C,ID=62_1;partial=10;start_type=ATG;rbs_motif=AGGAG;rbs_spacer=5-10bp;gc_cont=0.634,ID=62_1;partial=10;start_type=ATG;rbs_motif=AGGAG;rbs_spacer=5-10bp;gc,26.0
JAFGJZ010000012.1_34,G,K,G,G,G,K,S,D,K,D,C,D,C,ID=9_34;partial=00;start_type=ATG;rbs_motif=AGGAGG;rbs_spacer=5-10bp;gc_cont=0.425,ID=9_34;partial=00;start_type=ATG;rbs_motif=AGGAGG;rbs_spacer=5-10bp;gc,26.0
JAFGWT010000002.1_1,G,K,G,G,G,K,S,D,K,D,C,D,C,ID=465_1;partial=00;start_type=ATG;rbs_motif=GGAGG;rbs_spacer=5-10bp;gc_cont=0.476,ID=465_1;partial=00;start_type=ATG;rbs_motif=GGAGG;rbs_spacer=5-10bp;gc,26.0
JAFMPN010000006.1_12,G,K,G,G,G,K,S,D,K,D,C,D,C,ID=45_12;partial=00;start_type=ATG;rbs_motif=GGAGG;rbs_spacer=5-10bp;gc_cont=0.611,ID=45_12;partial=00;start_type=ATG;rbs_motif=GGAGG;rbs_spacer=5-10bp;gc,26.0
JAFSSU010000292.1_19,G,K,G,G,G,K,S,D,K,D,C,D,C,ID=157_19;partial=00;start_type=ATG;rbs_motif=AGGAG;rbs_spacer=5-10bp;gc_cont=0.587,ID=157_19;partial=00;start_type=ATG;rbs_motif=AGGAG;rbs_spacer=5-10bp;gc,26.0
JAFWMQ010000008.1_163,G,K,G,G,G,K,S,D,K,D,C,D,C,ID=4_163;partial=00;start_type=ATG;rbs_motif=AGxAG;rbs_spacer=5-10bp;gc_cont=0.450,ID=4_163;partial=00;start_type=ATG;rbs_motif=AGxAG;rbs_spacer=5-10bp;gc,26.0
JAFZKB010000029.1_63,G,K,G,G,G,K,S,D,K,D,C,D,C,ID=28_63;partial=00;start_type=ATG;rbs_motif=AGGA;rbs_spacer=5-10bp;gc_cont=0.510,ID=28_63;partial=00;start_type=ATG;rbs_motif=AGGA;rbs_spacer=5-10bp;gc,26.0
JAGCFH010000072.1_2,G,K,G,G,G,K,S,D,K,D,C,D,C,ID=180_2;partial=00;start_type=ATG;rbs_motif=AGGA/GGAG/GAGG;rbs_spacer=11-12bp;gc_cont=0.474,ID=180_2;partial=00;start_type=ATG;rbs_motif=AGGA/GGAG/GAGG;rbs_spacer=11-12bp;gc,26.0
JAGBIY010000027.1_90,G,K,G,G,G,K,S,D,K,D,C,D,C,ID=29_90;partial=00;start_type=ATG;rbs_motif=AGGAG;rbs_spacer=5-10bp;gc_cont=0.567,ID=29_90;partial=00;start_type=ATG;rbs_motif=AGGAG;rbs_spacer=5-10bp;gc,26.0
JAGOOC010000061.1_7,G,K,G,G,G,K,S,D,K,D,C,D,C,ID=8_7;partial=00;start_type=ATG;rbs_motif=TAA;rbs_spacer=11bp;gc_cont=0.439,ID=8_7;partial=00;start_type=ATG;rbs_motif=TAA;rbs_spacer=11bp;gc,26.0
JAHDOI010000017.1_3,G,K,G,G,G,K,S,D,K,D,C,D,C,ID=66_3;partial=00;start_type=ATG;rbs_motif=AGGAGG;rbs_spacer=5-10bp;gc_cont=0.586,ID=66_3;partial=00;start_type=ATG;rbs_motif=AGGAGG;rbs_spacer=5-10bp;gc,26.0
JAHJIY010000006.1_61,G,K,G,G,G,K,S,D,K,D,C,D,C,ID=6_61;partial=00;start_type=ATG;rbs_motif=AGGAG;rbs_spacer=5-10bp;gc_cont=0.539,ID=6_61;partial=00;start_type=ATG;rbs_motif=AGGAG;rbs_spacer=5-10bp;gc,26.0
JAFLKM010000008.1_52,G,K,G,G,G,K,S,D,K,D,C,D,C,ID=7_52;partial=00;start_type=ATG;rbs_motif=AGGAG;rbs_spacer=5-10bp;gc_cont=0.522,ID=7_52;partial=00;start_type=ATG;rbs_motif=AGGAG;rbs_spacer=5-10bp;gc,26.0
JAIFKM010000218.1_16,G,K,G,G,G,K,S,D,K,D,C,D,C,ID=181_16;partial=00;start_type=ATG;rbs_motif=AGGAG;rbs_spacer=5-10bp;gc_cont=0.552,ID=181_16;partial=00;start_type=ATG;rbs_motif=AGGAG;rbs_spacer=5-10bp;gc,26.0
JAIWON010000062.1_3,G,K,G,G,G,K,S,D,K,D,C,D,C,ID=68_3;partial=00;start_type=ATG;rbs_motif=AGGA;rbs_spacer=5-10bp;gc_cont=0.489,ID=68_3;partial=00;start_type=ATG;rbs_motif=AGGA;rbs_spacer=5-10bp;gc,26.0
JACKIG010000013.1_96,G,K,G,G,G,K,S,D,K,D,C,D,C,ID=5_96;partial=00;start_type=ATG;rbs_motif=AGGAG;rbs_spacer=5-10bp;gc_cont=0.640,ID=5_96;partial=00;start_type=ATG;rbs_motif=AGGAG;rbs_spacer=5-10bp;gc,26.0
JADLEK010000017.1_115,G,K,G,G,G,K,S,D,K,D,C,D,C,ID=17_115;partial=00;start_type=ATG;rbs_motif=AGGAG;rbs_spacer=5-10bp;gc_cont=0.529,ID=17_115;partial=00;start_type=ATG;rbs_motif=AGGAG;rbs_spacer=5-10bp;gc,26.0
JAJTBJ010000071.1_6,G,K,G,G,G,K,S,D,K,D,C,D,C,ID=12_6;partial=00;start_type=ATG;rbs_motif=GGA/GAG/AGG;rbs_spacer=5-10bp;gc_cont=0.644,ID=12_6;partial=00;start_type=ATG;rbs_motif=GGA/GAG/AGG;rbs_spacer=5-10bp;gc,26.0
JAIZVZ010000028.1_22,G,K,G,G,G,K,S,D,K,D,C,D,C,ID=231_22;partial=00;start_type=ATG;rbs_motif=GGAG/GAGG;rbs_spacer=5-10bp;gc_cont=0.590,ID=231_22;partial=00;start_type=ATG;rbs_motif=GGAG/GAGG;rbs_spacer=5-10bp;gc,26.0
JAJXWH010000032.1_49,G,K,G,G,G,K,S,D,K,D,C,D,C,ID=108_49;partial=00;start_type=ATG;rbs_motif=AGGAGG;rbs_spacer=5-10bp;gc_cont=0.348,ID=108_49;partial=00;start_type=ATG;rbs_motif=AGGAGG;rbs_spacer=5-10bp;gc,26.0
JAJYJA010000025.1_2,G,K,G,G,G,K,S,D,K,D,C,D,C,ID=158_2;partial=00;start_type=ATG;rbs_motif=GGAGG;rbs_spacer=5-10bp;gc_cont=0.620,ID=158_2;partial=00;start_type=ATG;rbs_motif=GGAGG;rbs_spacer=5-10bp;gc,26.0
JAJYYK010000002.1_193,G,K,G,G,G,K,S,D,K,D,C,D,C,ID=11_193;partial=00;start_type=ATG;rbs_motif=AGGAG;rbs_spacer=5-10bp;gc_cont=0.515,ID=11_193;partial=00;start_type=ATG;rbs_motif=AGGAG;rbs_spacer=5-10bp;gc,26.0
JAJZPA010000018.1_6,G,K,G,G,G,K,S,D,K,D,C,D,C,ID=109_6;partial=00;start_type=ATG;rbs_motif=AGGAG;rbs_spacer=5-10bp;gc_cont=0.505,ID=109_6;partial=00;start_type=ATG;rbs_motif=AGGAG;rbs_spacer=5-10bp;gc,26.0
JAKAEG010000282.1_3,G,K,G,G,G,K,S,D,K,D,C,D,C,ID=212_3;partial=00;start_type=ATG;rbs_motif=AGGAGG;rbs_spacer=5-10bp;gc_cont=0.558,ID=212_3;partial=00;start_type=ATG;rbs_motif=AGGAGG;rbs_spacer=5-10bp;gc,26.0
JAKCCX010000003.1_32,G,K,G,G,G,K,S,D,K,D,C,D,C,ID=18_32;partial=00;start_type=ATG;rbs_motif=AGGAG;rbs_spacer=5-10bp;gc_cont=0.611,ID=18_32;partial=00;start_type=ATG;rbs_motif=AGGAG;rbs_spacer=5-10bp;gc,26.0
JAJDNY010000179.1_2,G,K,G,G,G,K,S,D,K,D,C,D,C,ID=5_2;partial=00;start_type=ATG;rbs_motif=AGGA;rbs_spacer=5-10bp;gc_cont=0.633,ID=5_2;partial=00;start_type=ATG;rbs_motif=AGGA;rbs_spacer=5-10bp;gc,26.0
JALCCK010000048.1_9,G,K,G,G,G,K,S,D,K,D,C,D,C,ID=48_9;partial=00;start_type=ATG;rbs_motif=GGAG/GAGG;rbs_spacer=5-10bp;gc_cont=0.470,ID=48_9;partial=00;start_type=ATG;rbs_motif=GGAG/GAGG;rbs_spacer=5-10bp;gc,26.0
JAGLNJ010000006.1_9,G,K,G,G,G,K,S,D,K,D,C,D,C,ID=161_9;partial=00;start_type=ATG;rbs_motif=AGGAGG;rbs_spacer=5-10bp;gc_cont=0.432,ID=161_9;partial=00;start_type=ATG;rbs_motif=AGGAGG;rbs_spacer=5-10bp;gc,26.0
JAHFPT010000232.1_15,G,K,G,G,G,K,S,D,K,D,C,D,C,ID=112_15;partial=01;start_type=ATG;rbs_motif=AGGAG;rbs_spacer=5-10bp;gc_cont=0.610,ID=112_15;partial=01;start_type=ATG;rbs_motif=AGGAG;rbs_spacer=5-10bp;gc,26.0
JAEVZU010000326.1_10,G,K,G,G,G,K,S,D,K,D,C,D,C,ID=57_10;partial=00;start_type=ATG;rbs_motif=GGAGG;rbs_spacer=5-10bp;gc_cont=0.434,ID=57_10;partial=00;start_type=ATG;rbs_motif=GGAGG;rbs_spacer=5-10bp;gc,26.0
JAEWTW010000012.1_124,G,K,G,G,G,K,S,D,K,D,C,D,C,ID=17_124;partial=00;start_type=ATG;rbs_motif=AGGAGG;rbs_spacer=5-10bp;gc_cont=0.595,ID=17_124;partial=00;start_type=ATG;rbs_motif=AGGAGG;rbs_spacer=5-10bp;gc,26.0
JAEYKI010000019.1_172,G,K,G,G,G,K,S,D,K,D,C,D,C,ID=20_172;partial=00;start_type=ATG;rbs_motif=AGGAG/GGAGG;rbs_spacer=11-12bp;gc_cont=0.521,ID=20_172;partial=00;start_type=ATG;rbs_motif=AGGAG/GGAGG;rbs_spacer=11-12bp;gc,26.0
JAEYNP010000108.1_136,G,K,G,G,G,K,S,D,K,D,C,D,C,ID=82_136;partial=00;start_type=ATG;rbs_motif=AGGAG;rbs_spacer=5-10bp;gc_cont=0.601,ID=82_136;partial=00;start_type=ATG;rbs_motif=AGGAG;rbs_spacer=5-10bp;gc,26.0
JAEZHM010000142.1_10,G,K,G,G,G,K,S,D,K,D,C,D,C,ID=111_10;partial=00;start_type=ATG;rbs_motif=AGGAG/GGAGG;rbs_spacer=11-12bp;gc_cont=0.538,ID=111_10;partial=00;start_type=ATG;rbs_motif=AGGAG/GGAGG;rbs_spacer=11-12bp;gc,26.0
JAFABG010000020.1_17,G,K,G,G,G,K,S,D,K,D,C,D,C,ID=11_17;partial=00;start_type=ATG;rbs_motif=TAA;rbs_spacer=11bp;gc_cont=0.401,ID=11_17;partial=00;start_type=ATG;rbs_motif=TAA;rbs_spacer=11bp;gc,26.0
JAEZMB010000333.1_5,G,K,G,G,G,K,S,D,K,D,C,D,C,ID=217_5;partial=00;start_type=ATG;rbs_motif=GGAGG;rbs_spacer=5-10bp;gc_cont=0.634,ID=217_5;partial=00;start_type=ATG;rbs_motif=GGAGG;rbs_spacer=5-10bp;gc,26.0
JAEXNR010000005.1_80,G,K,G,G,G,K,S,D,K,D,C,D,C,ID=60_80;partial=00;start_type=ATG;rbs_motif=AGGAGG;rbs_spacer=5-10bp;gc_cont=0.436,ID=60_80;partial=00;start_type=ATG;rbs_motif=AGGAGG;rbs_spacer=5-10bp;gc,26.0
JAEXSP010000007.1_36,G,K,G,G,G,K,S,D,K,D,C,D,C,ID=36_36;partial=00;start_type=ATG;rbs_motif=GGxGG;rbs_spacer=5-10bp;gc_cont=0.438,ID=36_36;partial=00;start_type=ATG;rbs_motif=GGxGG;rbs_spacer=5-10bp;gc,26.0
JAMPGO010000038.1_6,G,K,G,G,G,K,S,D,K,D,C,D,C,ID=31_6;partial=00;start_type=ATG;rbs_motif=AGGA;rbs_spacer=5-10bp;gc_cont=0.485,ID=31_6;partial=00;start_type=ATG;rbs_motif=AGGA;rbs_spacer=5-10bp;gc,26.0
JAMXLQ010000113.1_20,G,K,G,G,G,K,S,D,K,D,C,D,C,ID=113_20;partial=00;start_type=ATG;rbs_motif=GGA/GAG/AGG;rbs_spacer=5-10bp;gc_cont=0.460,ID=113_20;partial=00;start_type=ATG;rbs_motif=GGA/GAG/AGG;rbs_spacer=5-10bp;gc,26.0
JANLFN010000013.1_36,G,K,G,G,G,K,S,D,K,D,C,D,C,ID=14_36;partial=00;start_type=ATG;rbs_motif=GGAGG;rbs_spacer=5-10bp;gc_cont=0.464,ID=14_36;partial=00;start_type=ATG;rbs_motif=GGAGG;rbs_spacer=5-10bp;gc,26.0
JAILFK010000055.1_6,G,K,G,G,G,K,S,D,K,D,C,D,C,ID=26_6;partial=00;start_type=ATG;rbs_motif=AGGA;rbs_spacer=5-10bp;gc_cont=0.384,ID=26_6;partial=00;start_type=ATG;rbs_motif=AGGA;rbs_spacer=5-10bp;gc,26.0
JANZXA010000007.1_194,G,K,G,G,G,K,S,D,K,D,C,D,C,ID=76_194;partial=00;start_type=ATG;rbs_motif=AGGAG;rbs_spacer=5-10bp;gc_cont=0.629,ID=76_194;partial=00;start_type=ATG;rbs_motif=AGGAG;rbs_spacer=5-10bp;gc,26.0
OMXJ01000034.1_22,G,K,G,G,G,K,S,D,K,D,C,D,C,ID=7_22;partial=00;start_type=ATG;rbs_motif=AGGA;rbs_spacer=5-10bp;gc_cont=0.412,ID=7_22;partial=00;start_type=ATG;rbs_motif=AGGA;rbs_spacer=5-10bp;gc,26.0
UQRJ01000161.1_1,G,K,G,G,G,K,S,D,K,D,C,D,C,ID=161_1;partial=00;start_type=ATG;rbs_motif=GGA/GAG/AGG;rbs_spacer=5-10bp;gc_cont=0.497,ID=161_1;partial=00;start_type=ATG;rbs_motif=GGA/GAG/AGG;rbs_spacer=5-10bp;gc,26.0
CACZUS010000017.1_24,G,K,G,G,G,K,S,D,K,D,C,D,C,ID=17_24;partial=00;start_type=ATG;rbs_motif=TAAAAA;rbs_spacer=13bp;gc_cont=0.448,ID=17_24;partial=00;start_type=ATG;rbs_motif=TAAAAA;rbs_spacer=13bp;gc,26.0
CADBOM010000053.1_3,G,K,G,G,G,K,S,D,K,D,C,D,C,ID=53_3;partial=00;start_type=ATG;rbs_motif=AGxAGG/AGGxGG;rbs_spacer=5-10bp;gc_cont=0.564,ID=53_3;partial=00;start_type=ATG;rbs_motif=AGxAGG/AGGxGG;rbs_spacer=5-10bp;gc,26.0
CADDXC010000001.1_1531,G,K,G,G,G,K,S,D,K,D,C,D,C,ID=1_1531;partial=00;start_type=ATG;rbs_motif=GGAGG;rbs_spacer=5-10bp;gc_cont=0.430,ID=1_1531;partial=00;start_type=ATG;rbs_motif=GGAGG;rbs_spacer=5-10bp;gc,26.0
CAILRB010000025.1_5,G,K,G,G,G,K,S,D,K,D,C,D,C,ID=25_5;partial=00;start_type=ATG;rbs_motif=None;rbs_spacer=None;gc_cont=0.482,ID=25_5;partial=00;start_type=ATG;rbs_motif=None;rbs_spacer=None;gc,26.0
CAIOJO010000526.1_14,G,K,G,G,G,K,S,D,K,D,C,D,C,ID=526_14;partial=01;start_type=ATG;rbs_motif=AGGA;rbs_spacer=5-10bp;gc_cont=0.634,ID=526_14;partial=01;start_type=ATG;rbs_motif=AGGA;rbs_spacer=5-10bp;gc,26.0
CAIQWT010000007.1_37,G,K,G,G,G,K,S,D,K,D,C,D,C,ID=7_37;partial=00;start_type=ATG;rbs_motif=AGGAG;rbs_spacer=5-10bp;gc_cont=0.520,ID=7_37;partial=00;start_type=ATG;rbs_motif=AGGAG;rbs_spacer=5-10bp;gc,26.0
CAIUAY010000182.1_7,G,K,G,G,G,K,S,D,K,D,C,D,C,ID=182_7;partial=00;start_type=ATG;rbs_motif=AGGAG;rbs_spacer=5-10bp;gc_cont=0.580,ID=182_7;partial=00;start_type=ATG;rbs_motif=AGGAG;rbs_spacer=5-10bp;gc,26.0
CAIWUU010000156.1_12,G,K,G,G,G,K,S,D,K,D,C,D,C,ID=156_12;partial=00;start_type=ATG;rbs_motif=None;rbs_spacer=None;gc_cont=0.474,ID=156_12;partial=00;start_type=ATG;rbs_motif=None;rbs_spacer=None;gc,26.0
CAIYYI010000652.1_11,G,K,G,G,G,K,S,D,K,D,C,D,C,ID=652_11;partial=00;start_type=ATG;rbs_motif=None;rbs_spacer=None;gc_cont=0.596,ID=652_11;partial=00;start_type=ATG;rbs_motif=None;rbs_spacer=None;gc,26.0
CAJEXL010000008.1_17,G,K,G,G,G,K,S,D,K,D,C,D,C,ID=8_17;partial=00;start_type=ATG;rbs_motif=AGGA;rbs_spacer=5-10bp;gc_cont=0.481,ID=8_17;partial=00;start_type=ATG;rbs_motif=AGGA;rbs_spacer=5-10bp;gc,26.0
CAJVYE010000245.1_3,G,K,G,G,G,K,S,D,K,D,C,D,C,ID=245_3;partial=00;start_type=ATG;rbs_motif=GGAGG;rbs_spacer=5-10bp;gc_cont=0.424,ID=245_3;partial=00;start_type=ATG;rbs_motif=GGAGG;rbs_spacer=5-10bp;gc,26.0
CAKUWD010000314.1_3,G,K,G,G,G,K,S,D,K,D,C,D,C,ID=314_3;partial=00;start_type=ATG;rbs_motif=AGGAG;rbs_spacer=5-10bp;gc_cont=0.475,ID=314_3;partial=00;start_type=ATG;rbs_motif=AGGAG;rbs_spacer=5-10bp;gc,26.0
NC_004463.1_1776,G,K,G,G,G,K,S,D,K,D,C,D,C,ID=1_1776;partial=00;start_type=ATG;rbs_motif=GGAG/GAGG;rbs_spacer=5-10bp;gc_cont=0.550,ID=1_1776;partial=00;start_type=ATG;rbs_motif=GGAG/GAGG;rbs_spacer=5-10bp;gc,26.0
NC_010546.1_539,G,K,G,G,G,K,S,D,K,D,C,D,C,ID=1_539;partial=00;start_type=ATG;rbs_motif=GGAG/GAGG;rbs_spacer=5-10bp;gc_cont=0.451,ID=1_539;partial=00;start_type=ATG;rbs_motif=GGAG/GAGG;rbs_spacer=5-10bp;gc,26.0
NC_011979.1_2573,G,K,G,G,G,K,S,D,K,D,C,D,C,ID=1_2573;partial=00;start_type=ATG;rbs_motif=AGGAG;rbs_spacer=5-10bp;gc_cont=0.595,ID=1_2573;partial=00;start_type=ATG;rbs_motif=AGGAG;rbs_spacer=5-10bp;gc,26.0
NZ_DS989843.1_36,G,K,G,G,G,K,S,D,K,D,C,D,C,ID=55_36;partial=00;start_type=ATG;rbs_motif=GGAGG;rbs_spacer=5-10bp;gc_cont=0.467,ID=55_36;partial=00;start_type=ATG;rbs_motif=GGAGG;rbs_spacer=5-10bp;gc,26.0
NZ_AECZ01000006.1_4,G,K,G,G,G,K,S,D,K,D,C,D,C,ID=70_4;partial=00;start_type=ATG;rbs_motif=AGGAGG;rbs_spacer=5-10bp;gc_cont=0.623,ID=70_4;partial=00;start_type=ATG;rbs_motif=AGGAGG;rbs_spacer=5-10bp;gc,26.0
NC_015717.1_3380,G,K,G,G,G,K,S,D,K,D,C,D,C,ID=1_3380;partial=00;start_type=ATG;rbs_motif=AGGAG;rbs_spacer=5-10bp;gc_cont=0.579,ID=1_3380;partial=00;start_type=ATG;rbs_motif=AGGAG;rbs_spacer=5-10bp;gc,26.0
NZ_AKZI01000179.1_1,G,K,G,G,G,K,S,D,K,D,C,D,C,ID=179_1;partial=00;start_type=ATG;rbs_motif=AGGA;rbs_spacer=5-10bp;gc_cont=0.649,ID=179_1;partial=00;start_type=ATG;rbs_motif=AGGA;rbs_spacer=5-10bp;gc,26.0
NZ_BADK01000003.1_15,G,K,G,G,G,K,S,D,K,D,C,D,C,ID=1141_15;partial=00;start_type=ATG;rbs_motif=AGGAG;rbs_spacer=5-10bp;gc_cont=0.642,ID=1141_15;partial=00;start_type=ATG;rbs_motif=AGGAG;rbs_spacer=5-10bp;gc,26.0
NZ_AQWP01000008.1_13,G,K,G,G,G,K,S,D,K,D,C,D,C,ID=8_13;partial=00;start_type=ATG;rbs_motif=AGGA;rbs_spacer=5-10bp;gc_cont=0.600,ID=8_13;partial=00;start_type=ATG;rbs_motif=AGGA;rbs_spacer=5-10bp;gc,26.0
NZ_ATTQ01000044.1_13,G,K,G,G,G,K,S,D,K,D,C,D,C,ID=44_13;partial=00;start_type=ATG;rbs_motif=AGGA;rbs_spacer=5-10bp;gc_cont=0.589,ID=44_13;partial=00;start_type=ATG;rbs_motif=AGGA;rbs_spacer=5-10bp;gc,26.0
NZ_KE384413.1_110,G,K,G,G,G,K,S,D,K,D,C,D,C,ID=10_110;partial=00;start_type=ATG;rbs_motif=GGAG/GAGG;rbs_spacer=5-10bp;gc_cont=0.626,ID=10_110;partial=00;start_type=ATG;rbs_motif=GGAG/GAGG;rbs_spacer=5-10bp;gc,26.0
NZ_KE387004.1_216,G,K,G,G,G,K,S,D,K,D,C,D,C,ID=1_216;partial=00;start_type=ATG;rbs_motif=AGGAG;rbs_spacer=5-10bp;gc_cont=0.568,ID=1_216;partial=00;start_type=ATG;rbs_motif=AGGAG;rbs_spacer=5-10bp;gc,26.0
NZ_AUZM01000010.1_63,G,K,G,G,G,K,S,D,K,D,C,D,C,ID=10_63;partial=00;start_type=ATG;rbs_motif=GGA/GAG/AGG;rbs_spacer=5-10bp;gc_cont=0.466,ID=10_63;partial=00;start_type=ATG;rbs_motif=GGA/GAG/AGG;rbs_spacer=5-10bp;gc,26.0
NZ_KI912608.1_870,G,K,G,G,G,K,S,D,K,D,C,D,C,ID=1_870;partial=00;start_type=ATG;rbs_motif=GGAGG;rbs_spacer=5-10bp;gc_cont=0.600,ID=1_870;partial=00;start_type=ATG;rbs_motif=GGAGG;rbs_spacer=5-10bp;gc,26.0
NZ_JHXX01000004.1_22,G,K,G,G,G,K,S,D,K,D,C,D,C,ID=4_22;partial=00;start_type=ATG;rbs_motif=AGGAG;rbs_spacer=5-10bp;gc_cont=0.489,ID=4_22;partial=00;start_type=ATG;rbs_motif=AGGAG;rbs_spacer=5-10bp;gc,26.0
NZ_JONL01000005.1_23,G,K,G,G,G,K,S,D,K,D,C,D,C,ID=5_23;partial=00;start_type=ATG;rbs_motif=GGAGG;rbs_spacer=5-10bp;gc_cont=0.464,ID=5_23;partial=00;start_type=ATG;rbs_motif=GGAGG;rbs_spacer=5-10bp;gc,26.0
NZ_JRKM01000001.1_3634,G,K,G,G,G,K,S,D,K,D,C,D,C,ID=1_3634;partial=00;start_type=ATG;rbs_motif=GGAG/GAGG;rbs_spacer=5-10bp;gc_cont=0.605,ID=1_3634;partial=00;start_type=ATG;rbs_motif=GGAG/GAGG;rbs_spacer=5-10bp;gc,26.0
NZ_CP009632.1_493,G,K,G,G,G,K,S,D,K,D,C,D,C,ID=3_493;partial=00;start_type=ATG;rbs_motif=GGAG/GAGG;rbs_spacer=5-10bp;gc_cont=0.639,ID=3_493;partial=00;start_type=ATG;rbs_motif=GGAG/GAGG;rbs_spacer=5-10bp;gc,26.0
NZ_CP009687.1_1352,G,K,G,G,G,K,S,D,K,D,C,D,C,ID=1_1352;partial=00;start_type=ATG;rbs_motif=AGxAGG/AGGxGG;rbs_spacer=5-10bp;gc_cont=0.375,ID=1_1352;partial=00;start_type=ATG;rbs_motif=AGxAGG/AGGxGG;rbs_spacer=5-10bp;gc,26.0
NZ_LKET01000021.1_304,G,K,G,G,G,K,S,D,K,D,C,D,C,ID=21_304;partial=00;start_type=ATG;rbs_motif=AGGAGG;rbs_spacer=5-10bp;gc_cont=0.422,ID=21_304;partial=00;start_type=ATG;rbs_motif=AGGAGG;rbs_spacer=5-10bp;gc,26.0
NZ_LUFH02000078.1_2,G,K,G,G,G,K,S,D,K,D,C,D,C,ID=230_2;partial=00;start_type=ATG;rbs_motif=AGGA/GGAG/GAGG;rbs_spacer=11-12bp;gc_cont=0.459,ID=230_2;partial=00;start_type=ATG;rbs_motif=AGGA/GGAG/GAGG;rbs_spacer=11-12bp;gc,26.0
NZ_LPUX01000056.1_21,G,K,G,G,G,K,S,D,K,D,C,D,C,ID=56_21;partial=00;start_type=ATG;rbs_motif=AGGA;rbs_spacer=5-10bp;gc_cont=0.635,ID=56_21;partial=00;start_type=ATG;rbs_motif=AGGA;rbs_spacer=5-10bp;gc,26.0
NZ_LVJW01000003.1_1568,G,K,G,G,G,K,S,D,K,D,C,D,C,ID=3_1568;partial=00;start_type=ATG;rbs_motif=AGGAG;rbs_spacer=5-10bp;gc_cont=0.499,ID=3_1568;partial=00;start_type=ATG;rbs_motif=AGGAG;rbs_spacer=5-10bp;gc,26.0
NZ_LKAQ01000001.1_769,G,K,G,G,G,K,S,D,K,D,C,D,C,ID=1_769;partial=00;start_type=ATG;rbs_motif=GGAGG;rbs_spacer=5-10bp;gc_cont=0.631,ID=1_769;partial=00;start_type=ATG;rbs_motif=GGAGG;rbs_spacer=5-10bp;gc,26.0
NZ_MTJN01000002.1_2620,G,K,G,G,G,K,S,D,K,D,C,D,C,ID=2_2620;partial=00;start_type=ATG;rbs_motif=GGAG/GAGG;rbs_spacer=5-10bp;gc_cont=0.590,ID=2_2620;partial=00;start_type=ATG;rbs_motif=GGAG/GAGG;rbs_spacer=5-10bp;gc,26.0
NZ_MWQH01000001.1_201,G,K,G,G,G,K,S,D,K,D,C,D,C,ID=1_201;partial=00;start_type=ATG;rbs_motif=AGGAG;rbs_spacer=5-10bp;gc_cont=0.511,ID=1_201;partial=00;start_type=ATG;rbs_motif=AGGAG;rbs_spacer=5-10bp;gc,26.0
NZ_NSGF01000031.1_10,G,K,G,G,G,K,S,D,K,D,C,D,C,ID=25_10;partial=00;start_type=ATG;rbs_motif=AGGA;rbs_spacer=5-10bp;gc_cont=0.602,ID=25_10;partial=00;start_type=ATG;rbs_motif=AGGA;rbs_spacer=5-10bp;gc,26.0
NZ_PDYG01000007.1_5,G,K,G,G,G,K,S,D,K,D,C,D,C,ID=7_5;partial=00;start_type=ATG;rbs_motif=AGGAG;rbs_spacer=5-10bp;gc_cont=0.427,ID=7_5;partial=00;start_type=ATG;rbs_motif=AGGAG;rbs_spacer=5-10bp;gc,26.0
NZ_CVTD020000028.1_61,G,K,G,G,G,K,S,D,K,D,C,D,C,ID=28_61;partial=00;start_type=ATG;rbs_motif=GGAGG;rbs_spacer=5-10bp;gc_cont=0.444,ID=28_61;partial=00;start_type=ATG;rbs_motif=GGAGG;rbs_spacer=5-10bp;gc,26.0
NZ_PZKE01000003.1_259,G,K,G,G,G,K,S,D,K,D,C,D,C,ID=3_259;partial=00;start_type=ATG;rbs_motif=GGA/GAG/AGG;rbs_spacer=5-10bp;gc_cont=0.633,ID=3_259;partial=00;start_type=ATG;rbs_motif=GGA/GAG/AGG;rbs_spacer=5-10bp;gc,26.0
NZ_QGGH01000015.1_79,G,K,G,G,G,K,S,D,K,D,C,D,C,ID=15_79;partial=00;start_type=ATG;rbs_motif=AGGA;rbs_spacer=5-10bp;gc_cont=0.602,ID=15_79;partial=00;start_type=ATG;rbs_motif=AGGA;rbs_spacer=5-10bp;gc,26.0
NZ_PGTO01000005.1_217,G,K,G,G,G,K,S,D,K,D,C,D,C,ID=54_217;partial=00;start_type=ATG;rbs_motif=AGGA;rbs_spacer=5-10bp;gc_cont=0.632,ID=54_217;partial=00;start_type=ATG;rbs_motif=AGGA;rbs_spacer=5-10bp;gc,26.0
NZ_QXMG01000050.1_38,G,K,G,G,G,K,S,D,K,D,C,D,C,ID=42_38;partial=00;start_type=ATG;rbs_motif=GGAG/GAGG;rbs_spacer=5-10bp;gc_cont=0.661,ID=42_38;partial=00;start_type=ATG;rbs_motif=GGAG/GAGG;rbs_spacer=5-10bp;gc,26.0
NZ_BGOW01000006.1_91,G,K,G,G,G,K,S,D,K,D,C,D,C,ID=6_91;partial=00;start_type=ATG;rbs_motif=AGGAG;rbs_spacer=5-10bp;gc_cont=0.585,ID=6_91;partial=00;start_type=ATG;rbs_motif=AGGAG;rbs_spacer=5-10bp;gc,26.0
NZ_RZIJ01000004.1_146,G,K,G,G,G,K,S,D,K,D,C,D,C,ID=50_146;partial=00;start_type=ATG;rbs_motif=AGGAG;rbs_spacer=5-10bp;gc_cont=0.648,ID=50_146;partial=00;start_type=ATG;rbs_motif=AGGAG;rbs_spacer=5-10bp;gc,26.0
NZ_CP030052.1_336,G,K,G,G,G,K,S,D,K,D,C,D,C,ID=2_336;partial=00;start_type=ATG;rbs_motif=GGAG/GAGG;rbs_spacer=5-10bp;gc_cont=0.579,ID=2_336;partial=00;start_type=ATG;rbs_motif=GGAG/GAGG;rbs_spacer=5-10bp;gc,26.0
NZ_SLUI01000005.1_202,G,K,G,G,G,K,S,D,K,D,C,D,C,ID=5_202;partial=00;start_type=ATG;rbs_motif=AGGAGG;rbs_spacer=5-10bp;gc_cont=0.460,ID=5_202;partial=00;start_type=ATG;rbs_motif=AGGAGG;rbs_spacer=5-10bp;gc,26.0
NZ_LXQB01000023.1_68,G,K,G,G,G,K,S,D,K,D,C,D,C,ID=23_68;partial=00;start_type=ATG;rbs_motif=None;rbs_spacer=None;gc_cont=0.452,ID=23_68;partial=00;start_type=ATG;rbs_motif=None;rbs_spacer=None;gc,26.0
NZ_CP050698.1_4536,G,K,G,G,G,K,S,D,K,D,C,D,C,ID=1_4536;partial=00;start_type=ATG;rbs_motif=AGGAG;rbs_spacer=5-10bp;gc_cont=0.501,ID=1_4536;partial=00;start_type=ATG;rbs_motif=AGGAG;rbs_spacer=5-10bp;gc,26.0
NZ_CP041247.1_3158,G,K,G,G,G,K,S,D,K,D,C,D,C,ID=1_3158;partial=00;start_type=ATG;rbs_motif=AGGAG;rbs_spacer=5-10bp;gc_cont=0.577,ID=1_3158;partial=00;start_type=ATG;rbs_motif=AGGAG;rbs_spacer=5-10bp;gc,26.0
NZ_VLLA01000047.1_11,G,K,G,G,G,K,S,D,K,D,C,D,C,ID=47_11;partial=00;start_type=ATG;rbs_motif=GGAG/GAGG;rbs_spacer=5-10bp;gc_cont=0.550,ID=47_11;partial=00;start_type=ATG;rbs_motif=GGAG/GAGG;rbs_spacer=5-10bp;gc,26.0
NZ_ML703276.1_45,G,K,G,G,G,K,S,D,K,D,C,D,C,ID=24_45;partial=00;start_type=ATG;rbs_motif=AGGA;rbs_spacer=5-10bp;gc_cont=0.578,ID=24_45;partial=00;start_type=ATG;rbs_motif=AGGA;rbs_spacer=5-10bp;gc,26.0
NZ_WJXB01000012.1_101,G,K,G,G,G,K,S,D,K,D,C,D,C,ID=1_101;partial=00;start_type=ATG;rbs_motif=None;rbs_spacer=None;gc_cont=0.435,ID=1_101;partial=00;start_type=ATG;rbs_motif=None;rbs_spacer=None;gc,26.0
NZ_WVVW01000001.1_784,G,K,G,G,G,K,S,D,K,D,C,D,C,ID=1_784;partial=00;start_type=ATG;rbs_motif=AGGAG;rbs_spacer=5-10bp;gc_cont=0.518,ID=1_784;partial=00;start_type=ATG;rbs_motif=AGGAG;rbs_spacer=5-10bp;gc,26.0
NZ_QUMK01000012.1_39,G,K,G,G,G,K,S,D,K,D,C,D,C,ID=33_39;partial=00;start_type=ATG;rbs_motif=GGAG/GAGG;rbs_spacer=5-10bp;gc_cont=0.639,ID=33_39;partial=00;start_type=ATG;rbs_motif=GGAG/GAGG;rbs_spacer=5-10bp;gc,26.0
NZ_WTVK01000037.1_35,G,K,G,G,G,K,S,D,K,D,C,D,C,ID=261_35;partial=00;start_type=ATG;rbs_motif=AGGAG;rbs_spacer=5-10bp;gc_cont=0.652,ID=261_35;partial=00;start_type=ATG;rbs_motif=AGGAG;rbs_spacer=5-10bp;gc,26.0
NZ_JAATVV010000010.1_109,G,K,G,G,G,K,S,D,K,D,C,D,C,ID=2_109;partial=00;start_type=ATG;rbs_motif=AGGA;rbs_spacer=5-10bp;gc_cont=0.598,ID=2_109;partial=00;start_type=ATG;rbs_motif=AGGA;rbs_spacer=5-10bp;gc,26.0
NZ_JACGAG010000012.1_17,G,K,G,G,G,K,S,D,K,D,C,D,C,ID=4_17;partial=00;start_type=ATG;rbs_motif=GGAG/GAGG;rbs_spacer=5-10bp;gc_cont=0.380,ID=4_17;partial=00;start_type=ATG;rbs_motif=GGAG/GAGG;rbs_spacer=5-10bp;gc,26.0
NZ_JACHGJ010000002.1_799,G,K,G,G,G,K,S,D,K,D,C,D,C,ID=2_799;partial=00;start_type=ATG;rbs_motif=GGAG/GAGG;rbs_spacer=5-10bp;gc_cont=0.504,ID=2_799;partial=00;start_type=ATG;rbs_motif=GGAG/GAGG;rbs_spacer=5-10bp;gc,26.0
NZ_JACJQJ010000046.1_40,G,K,G,G,G,K,S,D,K,D,C,D,C,ID=123_40;partial=00;start_type=ATG;rbs_motif=AGGA;rbs_spacer=5-10bp;gc_cont=0.462,ID=123_40;partial=00;start_type=ATG;rbs_motif=AGGA;rbs_spacer=5-10bp;gc,26.0
NZ_JADDIX010000091.1_92,G,K,G,G,G,K,S,D,K,D,C,D,C,ID=92_92;partial=00;start_type=ATG;rbs_motif=GGAG/GAGG;rbs_spacer=5-10bp;gc_cont=0.616,ID=92_92;partial=00;start_type=ATG;rbs_motif=GGAG/GAGG;rbs_spacer=5-10bp;gc,26.0
NZ_JACEGD010000022.1_93,G,K,G,G,G,K,S,D,K,D,C,D,C,ID=48_93;partial=00;start_type=ATG;rbs_motif=GGAG/GAGG;rbs_spacer=5-10bp;gc_cont=0.614,ID=48_93;partial=00;start_type=ATG;rbs_motif=GGAG/GAGG;rbs_spacer=5-10bp;gc,26.0
NZ_NHSH01000057.1_65,G,K,G,G,G,K,S,D,K,D,C,D,C,ID=57_65;partial=00;start_type=ATG;rbs_motif=GGAG/GAGG;rbs_spacer=5-10bp;gc_cont=0.598,ID=57_65;partial=00;start_type=ATG;rbs_motif=GGAG/GAGG;rbs_spacer=5-10bp;gc,26.0
NZ_JAFFQC010000020.1_60,G,K,G,G,G,K,S,D,K,D,C,D,C,ID=122_60;partial=00;start_type=ATG;rbs_motif=AGGAG;rbs_spacer=5-10bp;gc_cont=0.546,ID=122_60;partial=00;start_type=ATG;rbs_motif=AGGAG;rbs_spacer=5-10bp;gc,26.0
NZ_JAGGKR010000001.1_829,G,K,G,G,G,K,S,D,K,D,C,D,C,ID=1_829;partial=00;start_type=ATG;rbs_motif=GGAG/GAGG;rbs_spacer=5-10bp;gc_cont=0.614,ID=1_829;partial=00;start_type=ATG;rbs_motif=GGAG/GAGG;rbs_spacer=5-10bp;gc,26.0
NZ_CP058648.1_420,G,K,G,G,G,K,S,D,K,D,C,D,C,ID=1_420;partial=00;start_type=ATG;rbs_motif=AGxAGG/AGGxGG;rbs_spacer=5-10bp;gc_cont=0.368,ID=1_420;partial=00;start_type=ATG;rbs_motif=AGxAGG/AGGxGG;rbs_spacer=5-10bp;gc,26.0
NZ_JAFJYB010000003.1_625,G,K,G,G,G,K,S,D,K,D,C,D,C,ID=6_625;partial=00;start_type=ATG;rbs_motif=AGGAG;rbs_spacer=5-10bp;gc_cont=0.530,ID=6_625;partial=00;start_type=ATG;rbs_motif=AGGAG;rbs_spacer=5-10bp;gc,26.0
NZ_JACOFR010000024.1_50,G,K,G,G,G,K,S,D,K,D,C,D,C,ID=16_50;partial=00;start_type=ATG;rbs_motif=GGAG/GAGG;rbs_spacer=5-10bp;gc_cont=0.619,ID=16_50;partial=00;start_type=ATG;rbs_motif=GGAG/GAGG;rbs_spacer=5-10bp;gc,26.0
NZ_JADYVX010000044.1_40,G,K,G,G,G,K,S,D,K,D,C,D,C,ID=123_40;partial=00;start_type=ATG;rbs_motif=GGAG/GAGG;rbs_spacer=5-10bp;gc_cont=0.591,ID=123_40;partial=00;start_type=ATG;rbs_motif=GGAG/GAGG;rbs_spacer=5-10bp;gc,26.0
NZ_JAJKFT010000004.1_1318,G,K,G,G,G,K,S,D,K,D,C,D,C,ID=5_1318;partial=00;start_type=ATG;rbs_motif=AGGAG;rbs_spacer=5-10bp;gc_cont=0.579,ID=5_1318;partial=00;start_type=ATG;rbs_motif=AGGAG;rbs_spacer=5-10bp;gc,26.0
NZ_AP024488.1_1563,G,K,G,G,G,K,S,D,K,D,C,D,C,ID=1_1563;partial=00;start_type=ATG;rbs_motif=AGGAG;rbs_spacer=5-10bp;gc_cont=0.544,ID=1_1563;partial=00;start_type=ATG;rbs_motif=AGGAG;rbs_spacer=5-10bp;gc,26.0
NZ_JAIVFP010000001.1_3379,G,K,G,G,G,K,S,D,K,D,C,D,C,ID=1_3379;partial=00;start_type=ATG;rbs_motif=AGGAG;rbs_spacer=5-10bp;gc_cont=0.622,ID=1_3379;partial=00;start_type=ATG;rbs_motif=AGGAG;rbs_spacer=5-10bp;gc,26.0
NZ_CP082161.1_1102,G,K,G,G,G,K,S,D,K,D,C,D,C,ID=1_1102;partial=00;start_type=ATG;rbs_motif=GGAG/GAGG;rbs_spacer=5-10bp;gc_cont=0.589,ID=1_1102;partial=00;start_type=ATG;rbs_motif=GGAG/GAGG;rbs_spacer=5-10bp;gc,26.0
NZ_CP028908.1_3515,G,K,G,G,G,K,S,D,K,D,C,D,C,ID=1_3515;partial=00;start_type=ATG;rbs_motif=AGGAG;rbs_spacer=5-10bp;gc_cont=0.634,ID=1_3515;partial=00;start_type=ATG;rbs_motif=AGGAG;rbs_spacer=5-10bp;gc,26.0
NZ_CP099398.1_368,G,K,G,G,G,K,S,D,K,D,C,D,C,ID=4_368;partial=00;start_type=ATG;rbs_motif=AGGA;rbs_spacer=5-10bp;gc_cont=0.598,ID=4_368;partial=00;start_type=ATG;rbs_motif=AGGA;rbs_spacer=5-10bp;gc,26.0
NZ_FNCP01000001.1_339,G,K,G,G,G,K,S,D,K,D,C,D,C,ID=48_339;partial=00;start_type=ATG;rbs_motif=AGGAG;rbs_spacer=5-10bp;gc_cont=0.455,ID=48_339;partial=00;start_type=ATG;rbs_motif=AGGAG;rbs_spacer=5-10bp;gc,26.0
NZ_FNQN01000010.1_114,G,K,G,G,G,K,S,D,K,D,C,D,C,ID=8_114;partial=00;start_type=ATG;rbs_motif=AGGAGG;rbs_spacer=5-10bp;gc_cont=0.517,ID=8_114;partial=00;start_type=ATG;rbs_motif=AGGAGG;rbs_spacer=5-10bp;gc,26.0
NZ_FOOR01000026.1_24,G,K,G,G,G,K,S,D,K,D,C,D,C,ID=34_24;partial=00;start_type=ATG;rbs_motif=AGGAG;rbs_spacer=5-10bp;gc_cont=0.617,ID=34_24;partial=00;start_type=ATG;rbs_motif=AGGAG;rbs_spacer=5-10bp;gc,26.0
NZ_FQVB01000048.1_6,G,K,G,G,G,K,S,D,K,D,C,D,C,ID=52_6;partial=00;start_type=ATG;rbs_motif=GGAGG;rbs_spacer=5-10bp;gc_cont=0.621,ID=52_6;partial=00;start_type=ATG;rbs_motif=GGAGG;rbs_spacer=5-10bp;gc,26.0
NZ_FRFD01000010.1_269,G,K,G,G,G,K,S,D,K,D,C,D,C,ID=3_269;partial=00;start_type=ATG;rbs_motif=GGAGG;rbs_spacer=5-10bp;gc_cont=0.466,ID=3_269;partial=00;start_type=ATG;rbs_motif=GGAGG;rbs_spacer=5-10bp;gc,26.0
NZ_FXBA01000008.1_73,G,K,G,G,G,K,S,D,K,D,C,D,C,ID=16_73;partial=00;start_type=ATG;rbs_motif=AGGAG;rbs_spacer=5-10bp;gc_cont=0.500,ID=16_73;partial=00;start_type=ATG;rbs_motif=AGGAG;rbs_spacer=5-10bp;gc,26.0
NZ_OCNJ01000003.1_289,G,K,G,G,G,K,S,D,K,D,C,D,C,ID=36_289;partial=00;start_type=ATG;rbs_motif=AGGA;rbs_spacer=5-10bp;gc_cont=0.640,ID=36_289;partial=00;start_type=ATG;rbs_motif=AGGA;rbs_spacer=5-10bp;gc,26.0
NZ_CADCXN010000045.1_30,G,K,G,G,G,K,S,D,K,D,C,D,C,ID=45_30;partial=00;start_type=ATG;rbs_motif=AGGAG;rbs_spacer=5-10bp;gc_cont=0.488,ID=45_30;partial=00;start_type=ATG;rbs_motif=AGGAG;rbs_spacer=5-10bp;gc,26.0
DBTT01000042.1_12,G,K,G,G,G,K,S,D,K,D,C,D,C,ID=50_12;partial=00;start_type=ATG;rbs_motif=TAA;rbs_spacer=11bp;gc_cont=0.474,ID=50_12;partial=00;start_type=ATG;rbs_motif=TAA;rbs_spacer=11bp;gc,26.0
JACQZP010000031.1_43,G,K,G,G,G,K,S,D,K,D,C,D,C,ID=21_43;partial=00;start_type=ATG;rbs_motif=GGAG/GAGG;rbs_spacer=5-10bp;gc_cont=0.452,ID=21_43;partial=00;start_type=ATG;rbs_motif=GGAG/GAGG;rbs_spacer=5-10bp;gc,26.0
JAEXFI010000041.1_68,G,K,G,G,G,K,S,D,K,D,C,D,C,ID=1_68;partial=00;start_type=ATG;rbs_motif=AGGAG;rbs_spacer=5-10bp;gc_cont=0.463,ID=1_68;partial=00;start_type=ATG;rbs_motif=AGGAG;rbs_spacer=5-10bp;gc,26.0
JAEXPO010000607.1_10,G,K,G,G,G,K,S,D,K,D,C,D,C,ID=151_10;partial=00;start_type=ATG;rbs_motif=AGGAG;rbs_spacer=5-10bp;gc_cont=0.487,ID=151_10;partial=00;start_type=ATG;rbs_motif=AGGAG;rbs_spacer=5-10bp;gc,26.0
NZ_AKVN02000001.1_1161,G,K,G,G,G,K,S,D,K,D,C,D,C,ID=1_1161;partial=00;start_type=ATG;rbs_motif=AGxAGG/AGGxGG;rbs_spacer=5-10bp;gc_cont=0.417,ID=1_1161;partial=00;start_type=ATG;rbs_motif=AGxAGG/AGGxGG;rbs_spacer=5-10bp;gc,26.0
NZ_CP009268.1_3730,G,K,G,G,G,K,S,D,K,D,C,D,C,ID=1_3730;partial=00;start_type=ATG;rbs_motif=GGA/GAG/AGG;rbs_spacer=5-10bp;gc_cont=0.350,ID=1_3730;partial=00;start_type=ATG;rbs_motif=GGA/GAG/AGG;rbs_spacer=5-10bp;gc,26.0
NZ_QGTS01000007.1_183,G,K,G,G,G,K,S,D,K,D,C,D,C,ID=7_183;partial=00;start_type=ATG;rbs_motif=GGAGG;rbs_spacer=5-10bp;gc_cont=0.453,ID=7_183;partial=00;start_type=ATG;rbs_motif=GGAGG;rbs_spacer=5-10bp;gc,26.0
NZ_WUBS01000013.1_127,G,K,G,G,G,K,S,D,K,D,C,D,C,ID=5_127;partial=00;start_type=GTG;rbs_motif=AGGAG;rbs_spacer=5-10bp;gc_cont=0.524,ID=5_127;partial=00;start_type=GTG;rbs_motif=AGGAG;rbs_spacer=5-10bp;gc,26.0
NZ_JAJNAL010000004.1_19,G,K,G,G,G,K,S,D,K,D,C,D,C,ID=34_19;partial=00;start_type=ATG;rbs_motif=AGGAG;rbs_spacer=5-10bp;gc_cont=0.621,ID=34_19;partial=00;start_type=ATG;rbs_motif=AGGAG;rbs_spacer=5-10bp;gc,26.0
NZ_VLKG01000004.1_33,G,K,G,G,G,K,S,D,K,D,C,D,C,ID=4_33;partial=00;start_type=ATG;rbs_motif=AGGAG;rbs_spacer=5-10bp;gc_cont=0.505,ID=4_33;partial=00;start_type=ATG;rbs_motif=AGGAG;rbs_spacer=5-10bp;gc,26.0
JAEZJL010000035.1_3,G,K,G,G,G,K,S,D,K,D,C,D,C,ID=136_3;partial=00;start_type=ATG;rbs_motif=AGxAGG/AGGxGG;rbs_spacer=5-10bp;gc_cont=0.537,ID=136_3;partial=00;start_type=ATG;rbs_motif=AGxAGG/AGGxGG;rbs_spacer=5-10bp;gc,26.0
NZ_JACJRQ010000032.1_53,G,K,G,G,G,K,S,D,K,D,C,D,C,ID=26_53;partial=00;start_type=ATG;rbs_motif=AGGA/GGAG/GAGG;rbs_spacer=11-12bp;gc_cont=0.482,ID=26_53;partial=00;start_type=ATG;rbs_motif=AGGA/GGAG/GAGG;rbs_spacer=11-12bp;gc,26.0
NZ_SSOD01000026.1_25,G,K,G,G,G,K,S,D,K,D,C,D,C,ID=26_25;partial=00;start_type=ATG;rbs_motif=AGGAG;rbs_spacer=5-10bp;gc_cont=0.633,ID=26_25;partial=00;start_type=ATG;rbs_motif=AGGAG;rbs_spacer=5-10bp;gc,26.0
ADZZ01000138.1_15,G,K,G,G,G,K,S,D,K,D,C,D,C,ID=673_15;partial=00;start_type=ATG;rbs_motif=AGGAG;rbs_spacer=5-10bp;gc_cont=0.521,ID=673_15;partial=00;start_type=ATG;rbs_motif=AGGAG;rbs_spacer=5-10bp;gc,26.0
DF820458.1_517,G,K,G,G,G,K,S,D,K,D,C,D,C,ID=5_517;partial=00;start_type=ATG;rbs_motif=GGAG/GAGG;rbs_spacer=5-10bp;gc_cont=0.507,ID=5_517;partial=00;start_type=ATG;rbs_motif=GGAG/GAGG;rbs_spacer=5-10bp;gc,26.0
LBMP01000004.1_396,G,K,G,G,G,K,S,D,K,D,C,D,C,ID=269_396;partial=00;start_type=ATG;rbs_motif=GGAGG;rbs_spacer=5-10bp;gc_cont=0.617,ID=269_396;partial=00;start_type=ATG;rbs_motif=GGAGG;rbs_spacer=5-10bp;gc,26.0
LSZA01000060.1_4,G,K,G,G,G,K,S,D,K,D,C,D,C,ID=60_4;partial=00;start_type=ATG;rbs_motif=GGAG/GAGG;rbs_spacer=5-10bp;gc_cont=0.520,ID=60_4;partial=00;start_type=ATG;rbs_motif=GGAG/GAGG;rbs_spacer=5-10bp;gc,26.0
MGWS01000033.1_131,G,K,G,G,G,K,S,D,K,D,C,D,C,ID=33_131;partial=00;start_type=ATG;rbs_motif=AGGAG;rbs_spacer=5-10bp;gc_cont=0.574,ID=33_131;partial=00;start_type=ATG;rbs_motif=AGGAG;rbs_spacer=5-10bp;gc,26.0
MQUF01000001.1_37,G,K,G,G,G,K,S,D,K,D,C,D,C,ID=1_37;partial=00;start_type=ATG;rbs_motif=AGGAG;rbs_spacer=5-10bp;gc_cont=0.575,ID=1_37;partial=00;start_type=ATG;rbs_motif=AGGAG;rbs_spacer=5-10bp;gc,26.0
DBDL01000061.1_12,G,K,G,G,G,K,S,D,K,D,C,D,C,ID=207_12;partial=00;start_type=ATG;rbs_motif=AGGA;rbs_spacer=5-10bp;gc_cont=0.455,ID=207_12;partial=00;start_type=ATG;rbs_motif=AGGA;rbs_spacer=5-10bp;gc,26.0
DCDZ01000030.1_42,G,K,G,G,G,K,S,D,K,D,C,D,C,ID=54_42;partial=00;start_type=ATG;rbs_motif=AGGA;rbs_spacer=5-10bp;gc_cont=0.459,ID=54_42;partial=00;start_type=ATG;rbs_motif=AGGA;rbs_spacer=5-10bp;gc,26.0
AP018180.1_4772,G,K,G,G,G,K,S,D,K,D,C,D,C,ID=1_4772;partial=00;start_type=ATG;rbs_motif=AGGA;rbs_spacer=5-10bp;gc_cont=0.473,ID=1_4772;partial=00;start_type=ATG;rbs_motif=AGGA;rbs_spacer=5-10bp;gc,26.0
DHAA01000074.1_26,G,K,G,G,G,K,S,D,K,D,C,D,C,ID=3_26;partial=00;start_type=GTG;rbs_motif=AGGAGG;rbs_spacer=5-10bp;gc_cont=0.527,ID=3_26;partial=00;start_type=GTG;rbs_motif=AGGAGG;rbs_spacer=5-10bp;gc,26.0
DIFZ01000050.1_91,G,K,G,G,G,K,S,D,K,D,C,D,C,ID=20_91;partial=00;start_type=ATG;rbs_motif=AGGA;rbs_spacer=5-10bp;gc_cont=0.582,ID=20_91;partial=00;start_type=ATG;rbs_motif=AGGA;rbs_spacer=5-10bp;gc,26.0
DJPV01000049.1_9,G,K,G,G,G,K,S,D,K,D,C,D,C,ID=16_9;partial=00;start_type=ATG;rbs_motif=AGGA;rbs_spacer=5-10bp;gc_cont=0.457,ID=16_9;partial=00;start_type=ATG;rbs_motif=AGGA;rbs_spacer=5-10bp;gc,26.0
NSJJ01000007.1_96,G,K,G,G,G,K,S,D,K,D,C,D,C,ID=25_96;partial=00;start_type=ATG;rbs_motif=AGGAG;rbs_spacer=5-10bp;gc_cont=0.596,ID=25_96;partial=00;start_type=ATG;rbs_motif=AGGAG;rbs_spacer=5-10bp;gc,26.0
PHAB01000006.1_12,G,K,G,G,G,K,S,D,K,D,C,D,C,ID=2_12;partial=00;start_type=ATG;rbs_motif=GGAGG;rbs_spacer=5-10bp;gc_cont=0.526,ID=2_12;partial=00;start_type=ATG;rbs_motif=GGAGG;rbs_spacer=5-10bp;gc,26.0
PKTU01000030.1_7,G,K,G,G,G,K,S,D,K,D,C,D,C,ID=151_7;partial=00;start_type=ATG;rbs_motif=GGAG/GAGG;rbs_spacer=5-10bp;gc_cont=0.566,ID=151_7;partial=00;start_type=ATG;rbs_motif=GGAG/GAGG;rbs_spacer=5-10bp;gc,26.0
NATV01000056.1_13,G,K,G,G,G,K,S,D,K,D,C,D,C,ID=56_13;partial=00;start_type=ATG;rbs_motif=AGGAG;rbs_spacer=5-10bp;gc_cont=0.593,ID=56_13;partial=00;start_type=ATG;rbs_motif=AGGAG;rbs_spacer=5-10bp;gc,26.0
PLSJ01000386.1_2,G,K,G,G,G,K,S,D,K,D,C,D,C,ID=380_2;partial=01;start_type=ATG;rbs_motif=AGGAG;rbs_spacer=5-10bp;gc_cont=0.594,ID=380_2;partial=01;start_type=ATG;rbs_motif=AGGAG;rbs_spacer=5-10bp;gc,26.0
QKAI01000063.1_4,G,K,G,G,G,K,S,D,K,D,C,D,C,ID=237_4;partial=00;start_type=ATG;rbs_motif=AGGAG;rbs_spacer=5-10bp;gc_cont=0.572,ID=237_4;partial=00;start_type=ATG;rbs_motif=AGGAG;rbs_spacer=5-10bp;gc,26.0
QKEL01000008.1_525,G,K,G,G,G,K,S,D,K,D,C,D,C,ID=2_525;partial=00;start_type=ATG;rbs_motif=AGGAG;rbs_spacer=5-10bp;gc_cont=0.595,ID=2_525;partial=00;start_type=ATG;rbs_motif=AGGAG;rbs_spacer=5-10bp;gc,26.0
PWGS01000305.1_5,G,K,G,G,G,K,S,D,K,D,C,D,C,ID=289_5;partial=00;start_type=ATG;rbs_motif=AGGAGG;rbs_spacer=5-10bp;gc_cont=0.544,ID=289_5;partial=00;start_type=ATG;rbs_motif=AGGAGG;rbs_spacer=5-10bp;gc,26.0
RPRC01000133.1_1,G,K,G,G,G,K,S,D,K,D,C,D,C,ID=389_1;partial=00;start_type=ATG;rbs_motif=AGGAG;rbs_spacer=5-10bp;gc_cont=0.522,ID=389_1;partial=00;start_type=ATG;rbs_motif=AGGAG;rbs_spacer=5-10bp;gc,26.0
SGBB01000018.1_23,G,K,G,G,G,K,S,D,K,D,C,D,C,ID=18_23;partial=00;start_type=ATG;rbs_motif=GGAGG;rbs_spacer=5-10bp;gc_cont=0.393,ID=18_23;partial=00;start_type=ATG;rbs_motif=GGAGG;rbs_spacer=5-10bp;gc,26.0
SRUQ01000021.1_16,G,K,G,G,G,K,S,D,K,D,C,D,C,ID=132_16;partial=00;start_type=ATG;rbs_motif=AGGA;rbs_spacer=5-10bp;gc_cont=0.596,ID=132_16;partial=00;start_type=ATG;rbs_motif=AGGA;rbs_spacer=5-10bp;gc,26.0
SKHL01000290.1_8,G,K,G,G,G,K,S,D,K,D,C,D,C,ID=32_8;partial=00;start_type=ATG;rbs_motif=AGGAGG;rbs_spacer=5-10bp;gc_cont=0.412,ID=32_8;partial=00;start_type=ATG;rbs_motif=AGGAGG;rbs_spacer=5-10bp;gc,26.0
REEM01000134.1_18,G,K,G,G,G,K,S,D,K,D,C,D,C,ID=53_18;partial=00;start_type=ATG;rbs_motif=AGGAGG;rbs_spacer=5-10bp;gc_cont=0.532,ID=53_18;partial=00;start_type=ATG;rbs_motif=AGGAGG;rbs_spacer=5-10bp;gc,26.0
WASQ01000002.1_36,G,K,G,G,G,K,S,D,K,D,C,D,C,ID=113_36;partial=00;start_type=ATG;rbs_motif=AGGAG;rbs_spacer=5-10bp;gc_cont=0.610,ID=113_36;partial=00;start_type=ATG;rbs_motif=AGGAG;rbs_spacer=5-10bp;gc,26.0
RZZR01000164.1_4,G,K,G,G,G,K,S,D,K,D,C,D,C,ID=403_4;partial=00;start_type=ATG;rbs_motif=GGAGG;rbs_spacer=5-10bp;gc_cont=0.632,ID=403_4;partial=00;start_type=ATG;rbs_motif=GGAGG;rbs_spacer=5-10bp;gc,26.0
JAABRJ010000485.1_2,G,K,G,G,G,K,S,D,K,D,C,D,C,ID=488_2;partial=00;start_type=ATG;rbs_motif=AGGA;rbs_spacer=5-10bp;gc_cont=0.622,ID=488_2;partial=00;start_type=ATG;rbs_motif=AGGA;rbs_spacer=5-10bp;gc,26.0
JAAVLZ010000004.1_104,G,K,G,G,G,K,S,D,K,D,C,D,C,ID=34_104;partial=00;start_type=ATG;rbs_motif=AGxAGG/AGGxGG;rbs_spacer=5-10bp;gc_cont=0.515,ID=34_104;partial=00;start_type=ATG;rbs_motif=AGxAGG/AGGxGG;rbs_spacer=5-10bp;gc,26.0
JAAXQE010000026.1_1,G,K,G,G,G,K,S,D,K,D,C,D,C,ID=169_1;partial=10;start_type=ATG;rbs_motif=AGGAG;rbs_spacer=5-10bp;gc_cont=0.585,ID=169_1;partial=10;start_type=ATG;rbs_motif=AGGAG;rbs_spacer=5-10bp;gc,26.0
JAADGU010000069.1_4,G,K,G,G,G,K,S,D,K,D,C,D,C,ID=114_4;partial=00;start_type=ATG;rbs_motif=AGGAGG;rbs_spacer=5-10bp;gc_cont=0.480,ID=114_4;partial=00;start_type=ATG;rbs_motif=AGGAGG;rbs_spacer=5-10bp;gc,26.0
JAAXXK010000002.1_56,G,K,G,G,G,K,S,D,K,D,C,D,C,ID=69_56;partial=00;start_type=ATG;rbs_motif=None;rbs_spacer=None;gc_cont=0.560,ID=69_56;partial=00;start_type=ATG;rbs_motif=None;rbs_spacer=None;gc,26.0
DUZF01000016.1_10,G,K,G,G,G,K,S,D,K,D,C,D,C,ID=16_10;partial=00;start_type=ATG;rbs_motif=AGGA;rbs_spacer=5-10bp;gc_cont=0.625,ID=16_10;partial=00;start_type=ATG;rbs_motif=AGGA;rbs_spacer=5-10bp;gc,26.0
PNMN01000105.1_2,G,K,G,G,G,K,S,D,K,D,C,D,C,ID=105_2;partial=00;start_type=ATG;rbs_motif=GGAG/GAGG;rbs_spacer=5-10bp;gc_cont=0.633,ID=105_2;partial=00;start_type=ATG;rbs_motif=GGAG/GAGG;rbs_spacer=5-10bp;gc,26.0
JACZKE010000036.1_40,G,K,G,G,G,K,S,D,K,D,C,D,C,ID=46_40;partial=00;start_type=ATG;rbs_motif=AGGA;rbs_spacer=5-10bp;gc_cont=0.560,ID=46_40;partial=00;start_type=ATG;rbs_motif=AGGA;rbs_spacer=5-10bp;gc,26.0
JADGCV010000028.1_18,G,K,G,G,G,K,S,D,K,D,C,D,C,ID=20_18;partial=00;start_type=ATG;rbs_motif=AGGAG;rbs_spacer=5-10bp;gc_cont=0.553,ID=20_18;partial=00;start_type=ATG;rbs_motif=AGGAG;rbs_spacer=5-10bp;gc,26.0
JADFXV010000031.1_16,G,K,G,G,G,K,S,D,K,D,C,D,C,ID=83_16;partial=00;start_type=ATG;rbs_motif=GGAGG;rbs_spacer=5-10bp;gc_cont=0.627,ID=83_16;partial=00;start_type=ATG;rbs_motif=GGAGG;rbs_spacer=5-10bp;gc,26.0
JAATGP010000020.1_101,G,K,G,G,G,K,S,D,K,D,C,D,C,ID=9_101;partial=00;start_type=ATG;rbs_motif=AGGAG;rbs_spacer=5-10bp;gc_cont=0.586,ID=9_101;partial=00;start_type=ATG;rbs_motif=AGGAG;rbs_spacer=5-10bp;gc,26.0
JACQEX010000062.1_7,G,K,G,G,G,K,S,D,K,D,C,D,C,ID=72_7;partial=00;start_type=ATG;rbs_motif=AGGAG;rbs_spacer=5-10bp;gc_cont=0.585,ID=72_7;partial=00;start_type=ATG;rbs_motif=AGGAG;rbs_spacer=5-10bp;gc,26.0
JACRMM010000046.1_14,G,K,G,G,G,K,S,D,K,D,C,D,C,ID=26_14;partial=00;start_type=ATG;rbs_motif=GGAGG;rbs_spacer=5-10bp;gc_cont=0.646,ID=26_14;partial=00;start_type=ATG;rbs_motif=GGAGG;rbs_spacer=5-10bp;gc,26.0
JACRBX010000224.1_6,G,K,G,G,G,K,S,D,K,D,C,D,C,ID=131_6;partial=00;start_type=ATG;rbs_motif=AGGAG;rbs_spacer=5-10bp;gc_cont=0.552,ID=131_6;partial=00;start_type=ATG;rbs_motif=AGGAG;rbs_spacer=5-10bp;gc,26.0
JAEEGO010000245.1_11,G,K,G,G,G,K,S,D,K,D,C,D,C,ID=38_11;partial=00;start_type=ATG;rbs_motif=AGGAGG;rbs_spacer=5-10bp;gc_cont=0.508,ID=38_11;partial=00;start_type=ATG;rbs_motif=AGGAGG;rbs_spacer=5-10bp;gc,26.0
JADJDQ010000002.1_437,G,K,G,G,G,K,S,D,K,D,C,D,C,ID=2_437;partial=00;start_type=ATG;rbs_motif=GGAG/GAGG;rbs_spacer=5-10bp;gc_cont=0.621,ID=2_437;partial=00;start_type=ATG;rbs_motif=GGAG/GAGG;rbs_spacer=5-10bp;gc,26.0
JADKAW010000058.1_23,G,K,G,G,G,K,S,D,K,D,C,D,C,ID=58_23;partial=00;start_type=ATG;rbs_motif=GGAG/GAGG;rbs_spacer=5-10bp;gc_cont=0.562,ID=58_23;partial=00;start_type=ATG;rbs_motif=GGAG/GAGG;rbs_spacer=5-10bp;gc,26.0
JAEULV010000137.1_3,G,K,G,G,G,K,S,D,K,D,C,D,C,ID=39_3;partial=00;start_type=ATG;rbs_motif=GGA/GAG/AGG;rbs_spacer=5-10bp;gc_cont=0.637,ID=39_3;partial=00;start_type=ATG;rbs_motif=GGA/GAG/AGG;rbs_spacer=5-10bp;gc,26.0
JAFGIN010000220.1_60,G,K,G,G,G,K,S,D,K,D,C,D,C,ID=77_60;partial=00;start_type=ATG;rbs_motif=AGGAG;rbs_spacer=5-10bp;gc_cont=0.433,ID=77_60;partial=00;start_type=ATG;rbs_motif=AGGAG;rbs_spacer=5-10bp;gc,26.0
JAFGWS010000047.1_26,G,K,G,G,G,K,S,D,K,D,C,D,C,ID=165_26;partial=00;start_type=ATG;rbs_motif=AGGAG;rbs_spacer=5-10bp;gc_cont=0.583,ID=165_26;partial=00;start_type=ATG;rbs_motif=AGGAG;rbs_spacer=5-10bp;gc,26.0
CP070233.1_256,G,K,G,G,G,K,S,D,K,D,C,D,C,ID=1_256;partial=00;start_type=ATG;rbs_motif=AGGA;rbs_spacer=5-10bp;gc_cont=0.445,ID=1_256;partial=00;start_type=ATG;rbs_motif=AGGA;rbs_spacer=5-10bp;gc,26.0
JAFSPU010000012.1_130,G,K,G,G,G,K,S,D,K,D,C,D,C,ID=5_130;partial=00;start_type=ATG;rbs_motif=AGGAG/GGAGG;rbs_spacer=11-12bp;gc_cont=0.512,ID=5_130;partial=00;start_type=ATG;rbs_motif=AGGAG/GGAGG;rbs_spacer=11-12bp;gc,26.0
JAFWDK010000010.1_23,G,K,G,G,G,K,S,D,K,D,C,D,C,ID=5_23;partial=00;start_type=ATG;rbs_motif=AGxAGG/AGGxGG;rbs_spacer=5-10bp;gc_cont=0.465,ID=5_23;partial=00;start_type=ATG;rbs_motif=AGxAGG/AGGxGG;rbs_spacer=5-10bp;gc,26.0
JAFZPX010000012.1_22,G,K,G,G,G,K,S,D,K,D,C,D,C,ID=20_22;partial=00;start_type=ATG;rbs_motif=AGGAG/GGAGG;rbs_spacer=11-12bp;gc_cont=0.507,ID=20_22;partial=00;start_type=ATG;rbs_motif=AGGAG/GGAGG;rbs_spacer=11-12bp;gc,26.0
JAGCDP010000037.1_65,G,K,G,G,G,K,S,D,K,D,C,D,C,ID=36_65;partial=00;start_type=ATG;rbs_motif=AGGAG;rbs_spacer=5-10bp;gc_cont=0.418,ID=36_65;partial=00;start_type=ATG;rbs_motif=AGGAG;rbs_spacer=5-10bp;gc,26.0
JAGBEJ010000012.1_64,G,K,G,G,G,K,S,D,K,D,C,D,C,ID=6_64;partial=00;start_type=ATG;rbs_motif=AAAA;rbs_spacer=13bp;gc_cont=0.556,ID=6_64;partial=00;start_type=ATG;rbs_motif=AAAA;rbs_spacer=13bp;gc,26.0
JAGOGJ010000064.1_12,G,K,G,G,G,K,S,D,K,D,C,D,C,ID=16_12;partial=00;start_type=ATG;rbs_motif=AGGAG;rbs_spacer=5-10bp;gc_cont=0.624,ID=16_12;partial=00;start_type=ATG;rbs_motif=AGGAG;rbs_spacer=5-10bp;gc,26.0
JAGYWI010000039.1_1,G,K,G,G,G,K,S,D,K,D,C,D,C,ID=54_1;partial=00;start_type=ATG;rbs_motif=AGGAG;rbs_spacer=5-10bp;gc_cont=0.447,ID=54_1;partial=00;start_type=ATG;rbs_motif=AGGAG;rbs_spacer=5-10bp;gc,26.0
JAHJIQ010000030.1_109,G,K,G,G,G,K,S,D,K,D,C,D,C,ID=19_109;partial=00;start_type=ATG;rbs_motif=AGGAGG;rbs_spacer=5-10bp;gc_cont=0.587,ID=19_109;partial=00;start_type=ATG;rbs_motif=AGGAGG;rbs_spacer=5-10bp;gc,26.0
JAFLKK010000022.1_12,G,K,G,G,G,K,S,D,K,D,C,D,C,ID=10_12;partial=00;start_type=ATG;rbs_motif=TAAA;rbs_spacer=11bp;gc_cont=0.422,ID=10_12;partial=00;start_type=ATG;rbs_motif=TAAA;rbs_spacer=11bp;gc,26.0
JAIFKN010000216.1_23,G,K,G,G,G,K,S,D,K,D,C,D,C,ID=53_23;partial=00;start_type=ATG;rbs_motif=GGA/GAG/AGG;rbs_spacer=5-10bp;gc_cont=0.657,ID=53_23;partial=00;start_type=ATG;rbs_motif=GGA/GAG/AGG;rbs_spacer=5-10bp;gc,26.0
JAIWOE010000057.1_11,G,K,G,G,G,K,S,D,K,D,C,D,C,ID=192_11;partial=00;start_type=ATG;rbs_motif=GGAGG;rbs_spacer=5-10bp;gc_cont=0.600,ID=192_11;partial=00;start_type=ATG;rbs_motif=GGAGG;rbs_spacer=5-10bp;gc,26.0
JAIMKR010000006.1_1,G,K,G,G,G,K,S,D,K,D,C,D,C,ID=6_1;partial=10;start_type=ATG;rbs_motif=GGAGG;rbs_spacer=5-10bp;gc_cont=0.625,ID=6_1;partial=10;start_type=ATG;rbs_motif=GGAGG;rbs_spacer=5-10bp;gc,26.0
JADLHU010000102.1_22,G,K,G,G,G,K,S,D,K,D,C,D,C,ID=102_22;partial=00;start_type=ATG;rbs_motif=AGGAG;rbs_spacer=5-10bp;gc_cont=0.618,ID=102_22;partial=00;start_type=ATG;rbs_motif=AGGAG;rbs_spacer=5-10bp;gc,26.0
JAJTBG010000005.1_201,G,K,G,G,G,K,S,D,K,D,C,D,C,ID=22_201;partial=00;start_type=ATG;rbs_motif=GGAG/GAGG;rbs_spacer=5-10bp;gc_cont=0.644,ID=22_201;partial=00;start_type=ATG;rbs_motif=GGAG/GAGG;rbs_spacer=5-10bp;gc,26.0
JAJYDX010000001.1_206,G,K,G,G,G,K,S,D,K,D,C,D,C,ID=54_206;partial=00;start_type=ATG;rbs_motif=GGAGG;rbs_spacer=5-10bp;gc_cont=0.455,ID=54_206;partial=00;start_type=ATG;rbs_motif=GGAGG;rbs_spacer=5-10bp;gc,26.0
JAJXWD010000007.1_99,G,K,G,G,G,K,S,D,K,D,C,D,C,ID=29_99;partial=00;start_type=ATG;rbs_motif=AGGAG;rbs_spacer=5-10bp;gc_cont=0.584,ID=29_99;partial=00;start_type=ATG;rbs_motif=AGGAG;rbs_spacer=5-10bp;gc,26.0
JAJYIR010000039.1_11,G,K,G,G,G,K,S,D,K,D,C,D,C,ID=45_11;partial=00;start_type=ATG;rbs_motif=AGGAGG;rbs_spacer=11-12bp;gc_cont=0.580,ID=45_11;partial=00;start_type=ATG;rbs_motif=AGGAGG;rbs_spacer=11-12bp;gc,26.0
JAJYYE010000011.1_107,G,K,G,G,G,K,S,D,K,D,C,D,C,ID=7_107;partial=00;start_type=ATG;rbs_motif=AGGAG;rbs_spacer=5-10bp;gc_cont=0.542,ID=7_107;partial=00;start_type=ATG;rbs_motif=AGGAG;rbs_spacer=5-10bp;gc,26.0
JAKADN010000070.1_6,G,K,G,G,G,K,S,D,K,D,C,D,C,ID=82_6;partial=00;start_type=ATG;rbs_motif=AGGAG;rbs_spacer=5-10bp;gc_cont=0.621,ID=82_6;partial=00;start_type=ATG;rbs_motif=AGGAG;rbs_spacer=5-10bp;gc,26.0
JAKBYX010000015.1_31,G,K,G,G,G,K,S,D,K,D,C,D,C,ID=2_31;partial=00;start_type=ATG;rbs_motif=AGGAGG;rbs_spacer=11-12bp;gc_cont=0.579,ID=2_31;partial=00;start_type=ATG;rbs_motif=AGGAGG;rbs_spacer=11-12bp;gc,26.0
JAJDNA010000107.1_35,G,K,G,G,G,K,S,D,K,D,C,D,C,ID=3_35;partial=00;start_type=ATG;rbs_motif=AGGAG;rbs_spacer=5-10bp;gc_cont=0.617,ID=3_35;partial=00;start_type=ATG;rbs_motif=AGGAG;rbs_spacer=5-10bp;gc,26.0
JALCPO010000028.1_18,G,K,G,G,G,K,S,D,K,D,C,D,C,ID=28_18;partial=00;start_type=ATG;rbs_motif=AGGAGG;rbs_spacer=5-10bp;gc_cont=0.579,ID=28_18;partial=00;start_type=ATG;rbs_motif=AGGAGG;rbs_spacer=5-10bp;gc,26.0
JAGLMY010000013.1_8,G,K,G,G,G,K,S,D,K,D,C,D,C,ID=35_8;partial=00;start_type=ATG;rbs_motif=GGAGG;rbs_spacer=5-10bp;gc_cont=0.478,ID=35_8;partial=00;start_type=ATG;rbs_motif=GGAGG;rbs_spacer=5-10bp;gc,26.0
JAHFTC010000043.1_6,G,K,G,G,G,K,S,D,K,D,C,D,C,ID=65_6;partial=00;start_type=ATG;rbs_motif=None;rbs_spacer=None;gc_cont=0.626,ID=65_6;partial=00;start_type=ATG;rbs_motif=None;rbs_spacer=None;gc,26.0
JAEVYY010000014.1_152,G,K,G,G,G,K,S,D,K,D,C,D,C,ID=18_152;partial=00;start_type=ATG;rbs_motif=GGAG/GAGG;rbs_spacer=5-10bp;gc_cont=0.417,ID=18_152;partial=00;start_type=ATG;rbs_motif=GGAG/GAGG;rbs_spacer=5-10bp;gc,26.0
JAEWSZ010000030.1_10,G,K,G,G,G,K,S,D,K,D,C,D,C,ID=136_10;partial=00;start_type=ATG;rbs_motif=GGAGG;rbs_spacer=5-10bp;gc_cont=0.479,ID=136_10;partial=00;start_type=ATG;rbs_motif=GGAGG;rbs_spacer=5-10bp;gc,26.0
JAEYJO010000061.1_74,G,K,G,G,G,K,S,D,K,D,C,D,C,ID=61_74;partial=00;start_type=ATG;rbs_motif=AGGAGG;rbs_spacer=5-10bp;gc_cont=0.490,ID=61_74;partial=00;start_type=ATG;rbs_motif=AGGAGG;rbs_spacer=5-10bp;gc,26.0
JAEYNI010000100.1_7,G,K,G,G,G,K,S,D,K,D,C,D,C,ID=211_7;partial=01;start_type=ATG;rbs_motif=GGAGG;rbs_spacer=5-10bp;gc_cont=0.457,ID=211_7;partial=01;start_type=ATG;rbs_motif=GGAGG;rbs_spacer=5-10bp;gc,26.0
JAEZGY010000030.1_39,G,K,G,G,G,K,S,D,K,D,C,D,C,ID=11_39;partial=00;start_type=ATG;rbs_motif=GGAGG;rbs_spacer=5-10bp;gc_cont=0.409,ID=11_39;partial=00;start_type=ATG;rbs_motif=GGAGG;rbs_spacer=5-10bp;gc,26.0
JAFABB010000014.1_111,G,K,G,G,G,K,S,D,K,D,C,D,C,ID=29_111;partial=00;start_type=ATG;rbs_motif=GGA/GAG/AGG;rbs_spacer=5-10bp;gc_cont=0.459,ID=29_111;partial=00;start_type=ATG;rbs_motif=GGA/GAG/AGG;rbs_spacer=5-10bp;gc,26.0
JAEZLH010000029.1_32,G,K,G,G,G,K,S,D,K,D,C,D,C,ID=9_32;partial=00;start_type=ATG;rbs_motif=AGGAGG;rbs_spacer=5-10bp;gc_cont=0.417,ID=9_32;partial=00;start_type=ATG;rbs_motif=AGGAGG;rbs_spacer=5-10bp;gc,26.0
JAEXNT010000068.1_40,G,K,G,G,G,K,S,D,K,D,C,D,C,ID=87_40;partial=00;start_type=ATG;rbs_motif=AGGAGG;rbs_spacer=5-10bp;gc_cont=0.530,ID=87_40;partial=00;start_type=ATG;rbs_motif=AGGAGG;rbs_spacer=5-10bp;gc,26.0
JAEYGM010000032.1_240,G,K,G,G,G,K,S,D,K,D,C,D,C,ID=28_240;partial=00;start_type=ATG;rbs_motif=GGAGG;rbs_spacer=5-10bp;gc_cont=0.473,ID=28_240;partial=00;start_type=ATG;rbs_motif=GGAGG;rbs_spacer=5-10bp;gc,26.0
JAMPAU010000005.1_89,G,K,G,G,G,K,S,D,K,D,C,D,C,ID=68_89;partial=00;start_type=ATG;rbs_motif=AGGA;rbs_spacer=5-10bp;gc_cont=0.446,ID=68_89;partial=00;start_type=ATG;rbs_motif=AGGA;rbs_spacer=5-10bp;gc,26.0
JAMXLF010000077.1_24,G,K,G,G,G,K,S,D,K,D,C,D,C,ID=77_24;partial=00;start_type=ATG;rbs_motif=AGGAG;rbs_spacer=5-10bp;gc_cont=0.593,ID=77_24;partial=00;start_type=ATG;rbs_motif=AGGAG;rbs_spacer=5-10bp;gc,26.0
JAIKZQ010000021.1_51,G,K,G,G,G,K,S,D,K,D,C,D,C,ID=46_51;partial=00;start_type=ATG;rbs_motif=AGGAG;rbs_spacer=5-10bp;gc_cont=0.509,ID=46_51;partial=00;start_type=ATG;rbs_motif=AGGAG;rbs_spacer=5-10bp;gc,26.0
JAILFF010000074.1_14,G,K,G,G,G,K,S,D,K,D,C,D,C,ID=184_14;partial=00;start_type=ATG;rbs_motif=GGAG/GAGG;rbs_spacer=5-10bp;gc_cont=0.536,ID=184_14;partial=00;start_type=ATG;rbs_motif=GGAG/GAGG;rbs_spacer=5-10bp;gc,26.0
LT599017.1_836,G,K,G,G,G,K,S,D,K,D,C,D,C,ID=1_836;partial=00;start_type=ATG;rbs_motif=AGGA;rbs_spacer=5-10bp;gc_cont=0.580,ID=1_836;partial=00;start_type=ATG;rbs_motif=AGGA;rbs_spacer=5-10bp;gc,26.0
OMXX01000006.1_97,G,K,G,G,G,K,S,D,K,D,C,D,C,ID=164_97;partial=00;start_type=ATG;rbs_motif=AAAAAA;rbs_spacer=14bp;gc_cont=0.485,ID=164_97;partial=00;start_type=ATG;rbs_motif=AAAAAA;rbs_spacer=14bp;gc,26.0
UREO01000034.1_13,G,K,G,G,G,K,S,D,K,D,C,D,C,ID=34_13;partial=00;start_type=ATG;rbs_motif=GGAGG;rbs_spacer=5-10bp;gc_cont=0.493,ID=34_13;partial=00;start_type=ATG;rbs_motif=GGAGG;rbs_spacer=5-10bp;gc,26.0
CACWPR010000058.1_5,G,K,G,G,G,K,S,D,K,D,C,D,C,ID=58_5;partial=00;start_type=ATG;rbs_motif=GGA/GAG/AGG;rbs_spacer=5-10bp;gc_cont=0.515,ID=58_5;partial=00;start_type=ATG;rbs_motif=GGA/GAG/AGG;rbs_spacer=5-10bp;gc,26.0
CACYRM010000092.1_7,G,K,G,G,G,K,S,D,K,D,C,D,C,ID=92_7;partial=00;start_type=ATG;rbs_motif=GGA/GAG/AGG;rbs_spacer=5-10bp;gc_cont=0.473,ID=92_7;partial=00;start_type=ATG;rbs_motif=GGA/GAG/AGG;rbs_spacer=5-10bp;gc,26.0
CACZYY010000062.1_12,G,K,G,G,G,K,S,D,K,D,C,D,C,ID=62_12;partial=00;start_type=ATG;rbs_motif=GGAG/GAGG;rbs_spacer=5-10bp;gc_cont=0.461,ID=62_12;partial=00;start_type=ATG;rbs_motif=GGAG/GAGG;rbs_spacer=5-10bp;gc,26.0
CADBRC010000235.1_5,G,K,G,G,G,K,S,D,K,D,C,D,C,ID=235_5;partial=00;start_type=ATG;rbs_motif=AGGAG;rbs_spacer=5-10bp;gc_cont=0.600,ID=235_5;partial=00;start_type=ATG;rbs_motif=AGGAG;rbs_spacer=5-10bp;gc,26.0
CADDYU010000065.1_8,G,K,G,G,G,K,S,D,K,D,C,D,C,ID=65_8;partial=00;start_type=ATG;rbs_motif=GGAG/GAGG;rbs_spacer=5-10bp;gc_cont=0.639,ID=65_8;partial=00;start_type=ATG;rbs_motif=GGAG/GAGG;rbs_spacer=5-10bp;gc,26.0
CAILVI010000142.1_24,G,K,G,G,G,K,S,D,K,D,C,D,C,ID=142_24;partial=00;start_type=ATG;rbs_motif=AGGAG;rbs_spacer=5-10bp;gc_cont=0.629,ID=142_24;partial=00;start_type=ATG;rbs_motif=AGGAG;rbs_spacer=5-10bp;gc,26.0
CAIOLC010000177.1_13,G,K,G,G,G,K,S,D,K,D,C,D,C,ID=177_13;partial=00;start_type=ATG;rbs_motif=None;rbs_spacer=None;gc_cont=0.487,ID=177_13;partial=00;start_type=ATG;rbs_motif=None;rbs_spacer=None;gc,26.0
CAIQXC010000936.1_5,G,K,G,G,G,K,S,D,K,D,C,D,C,ID=936_5;partial=00;start_type=ATG;rbs_motif=None;rbs_spacer=None;gc_cont=0.578,ID=936_5;partial=00;start_type=ATG;rbs_motif=None;rbs_spacer=None;gc,26.0
CAIUDG010000116.1_2,G,K,G,G,G,K,S,D,K,D,C,D,C,ID=116_2;partial=00;start_type=ATG;rbs_motif=GGAG/GAGG;rbs_spacer=5-10bp;gc_cont=0.582,ID=116_2;partial=00;start_type=ATG;rbs_motif=GGAG/GAGG;rbs_spacer=5-10bp;gc,26.0
CAIWXH010000606.1_5,G,K,G,G,G,K,S,D,K,D,C,D,C,ID=606_5;partial=00;start_type=ATG;rbs_motif=AGGAG;rbs_spacer=5-10bp;gc_cont=0.633,ID=606_5;partial=00;start_type=ATG;rbs_motif=AGGAG;rbs_spacer=5-10bp;gc,26.0
CAIYZD010000607.1_2,G,K,G,G,G,K,S,D,K,D,C,D,C,ID=607_2;partial=00;start_type=ATG;rbs_motif=GGAG/GAGG;rbs_spacer=5-10bp;gc_cont=0.551,ID=607_2;partial=00;start_type=ATG;rbs_motif=GGAG/GAGG;rbs_spacer=5-10bp;gc,26.0
CAJEXI010000041.1_11,G,K,G,G,G,K,S,D,K,D,C,D,C,ID=41_11;partial=00;start_type=ATG;rbs_motif=GGA/GAG/AGG;rbs_spacer=5-10bp;gc_cont=0.491,ID=41_11;partial=00;start_type=ATG;rbs_motif=GGA/GAG/AGG;rbs_spacer=5-10bp;gc,26.0
CAJVYN010000085.1_8,G,K,G,G,G,K,S,D,K,D,C,D,C,ID=85_8;partial=00;start_type=ATG;rbs_motif=GGA/GAG/AGG;rbs_spacer=5-10bp;gc_cont=0.520,ID=85_8;partial=00;start_type=ATG;rbs_motif=GGA/GAG/AGG;rbs_spacer=5-10bp;gc,26.0
CAKVFO010000184.1_6,G,K,G,G,G,K,S,D,K,D,C,D,C,ID=184_6;partial=00;start_type=ATG;rbs_motif=GGA/GAG/AGG;rbs_spacer=5-10bp;gc_cont=0.336,ID=184_6;partial=00;start_type=ATG;rbs_motif=GGA/GAG/AGG;rbs_spacer=5-10bp;gc,26.0
NC_002936.3_1093,G,K,G,G,G,K,S,D,K,D,C,D,C,ID=1_1093;partial=00;start_type=ATG;rbs_motif=AGGAGG;rbs_spacer=5-10bp;gc_cont=0.533,ID=1_1093;partial=00;start_type=ATG;rbs_motif=AGGAGG;rbs_spacer=5-10bp;gc,26.0
NC_010337.2_989,G,K,G,G,G,K,S,D,K,D,C,D,C,ID=1_989;partial=00;start_type=ATG;rbs_motif=AGGAGG;rbs_spacer=5-10bp;gc_cont=0.601,ID=1_989;partial=00;start_type=ATG;rbs_motif=AGGAGG;rbs_spacer=5-10bp;gc,26.0
NC_012997.1_1364,G,K,G,G,G,K,S,D,K,D,C,D,C,ID=1_1364;partial=00;start_type=ATG;rbs_motif=AGGAG;rbs_spacer=5-10bp;gc_cont=0.486,ID=1_1364;partial=00;start_type=ATG;rbs_motif=AGGAG;rbs_spacer=5-10bp;gc,26.0
NZ_GG700631.1_110,G,K,G,G,G,K,S,D,K,D,C,D,C,ID=1_110;partial=00;start_type=ATG;rbs_motif=GGAG/GAGG;rbs_spacer=5-10bp;gc_cont=0.627,ID=1_110;partial=00;start_type=ATG;rbs_motif=GGAG/GAGG;rbs_spacer=5-10bp;gc,26.0
NZ_JH556659.1_645,G,K,G,G,G,K,S,D,K,D,C,D,C,ID=9_645;partial=00;start_type=ATG;rbs_motif=GGAGG;rbs_spacer=5-10bp;gc_cont=0.397,ID=9_645;partial=00;start_type=ATG;rbs_motif=GGAGG;rbs_spacer=5-10bp;gc,26.0
NZ_AFWT01000020.1_73,G,K,G,G,G,K,S,D,K,D,C,D,C,ID=122_73;partial=00;start_type=ATG;rbs_motif=AGGAG;rbs_spacer=5-10bp;gc_cont=0.603,ID=122_73;partial=00;start_type=ATG;rbs_motif=AGGAG;rbs_spacer=5-10bp;gc,26.0
NC_018068.1_3914,G,K,G,G,G,K,S,D,K,D,C,D,C,ID=1_3914;partial=00;start_type=ATG;rbs_motif=AGGAG;rbs_spacer=5-10bp;gc_cont=0.476,ID=1_3914;partial=00;start_type=ATG;rbs_motif=AGGAG;rbs_spacer=5-10bp;gc,26.0
NZ_CAHP01000020.1_86,G,K,G,G,G,K,S,D,K,D,C,D,C,ID=20_86;partial=00;start_type=ATG;rbs_motif=AGGA;rbs_spacer=5-10bp;gc_cont=0.597,ID=20_86;partial=00;start_type=ATG;rbs_motif=AGGA;rbs_spacer=5-10bp;gc,26.0
NZ_AQWN01000004.1_179,G,K,G,G,G,K,S,D,K,D,C,D,C,ID=4_179;partial=00;start_type=ATG;rbs_motif=AGGAGG;rbs_spacer=5-10bp;gc_cont=0.576,ID=4_179;partial=00;start_type=ATG;rbs_motif=AGGAGG;rbs_spacer=5-10bp;gc,26.0
NZ_ATUG01000002.1_1628,G,K,G,G,G,K,S,D,K,D,C,D,C,ID=2_1628;partial=00;start_type=ATG;rbs_motif=AGGA;rbs_spacer=5-10bp;gc_cont=0.532,ID=2_1628;partial=00;start_type=ATG;rbs_motif=AGGA;rbs_spacer=5-10bp;gc,26.0
NZ_AUEY01000015.1_19,G,K,G,G,G,K,S,D,K,D,C,D,C,ID=15_19;partial=00;start_type=ATG;rbs_motif=AGGAG;rbs_spacer=5-10bp;gc_cont=0.464,ID=15_19;partial=00;start_type=ATG;rbs_motif=AGGAG;rbs_spacer=5-10bp;gc,26.0
NZ_AUCX01000006.1_169,G,K,G,G,G,K,S,D,K,D,C,D,C,ID=4_169;partial=00;start_type=ATG;rbs_motif=GGAGG;rbs_spacer=5-10bp;gc_cont=0.469,ID=4_169;partial=00;start_type=ATG;rbs_motif=GGAGG;rbs_spacer=5-10bp;gc,26.0
NZ_AXWS01000007.1_490,G,K,G,G,G,K,S,D,K,D,C,D,C,ID=1_490;partial=00;start_type=ATG;rbs_motif=GGAG/GAGG;rbs_spacer=5-10bp;gc_cont=0.620,ID=1_490;partial=00;start_type=ATG;rbs_motif=GGAG/GAGG;rbs_spacer=5-10bp;gc,26.0
NZ_JAFG01000014.1_1,G,K,G,G,G,K,S,D,K,D,C,D,C,ID=5_1;partial=10;start_type=ATG;rbs_motif=AGGA;rbs_spacer=5-10bp;gc_cont=0.644,ID=5_1;partial=10;start_type=ATG;rbs_motif=AGGA;rbs_spacer=5-10bp;gc,26.0
NZ_JHXQ01000006.1_111,G,K,G,G,G,K,S,D,K,D,C,D,C,ID=6_111;partial=00;start_type=ATG;rbs_motif=AGGA;rbs_spacer=5-10bp;gc_cont=0.560,ID=6_111;partial=00;start_type=ATG;rbs_motif=AGGA;rbs_spacer=5-10bp;gc,26.0
NZ_JOOA01000002.1_1094,G,K,G,G,G,K,S,D,K,D,C,D,C,ID=2_1094;partial=00;start_type=ATG;rbs_motif=GGA/GAG/AGG;rbs_spacer=11-12bp;gc_cont=0.501,ID=2_1094;partial=00;start_type=ATG;rbs_motif=GGA/GAG/AGG;rbs_spacer=11-12bp;gc,26.0
NZ_CP053444.1_109,G,K,G,G,G,K,S,D,K,D,C,D,C,ID=3_109;partial=00;start_type=ATG;rbs_motif=GGA/GAG/AGG;rbs_spacer=5-10bp;gc_cont=0.569,ID=3_109;partial=00;start_type=ATG;rbs_motif=GGA/GAG/AGG;rbs_spacer=5-10bp;gc,26.0
NZ_JYNH01000002.1_55,G,K,G,G,G,K,S,D,K,D,C,D,C,ID=2_55;partial=00;start_type=ATG;rbs_motif=AGGAG;rbs_spacer=5-10bp;gc_cont=0.434,ID=2_55;partial=00;start_type=ATG;rbs_motif=AGGAG;rbs_spacer=5-10bp;gc,26.0
NZ_LEKT01000060.1_16,G,K,G,G,G,K,S,D,K,D,C,D,C,ID=159_16;partial=00;start_type=ATG;rbs_motif=AGGAGG;rbs_spacer=5-10bp;gc_cont=0.457,ID=159_16;partial=00;start_type=ATG;rbs_motif=AGGAGG;rbs_spacer=5-10bp;gc,26.0
NZ_CP012946.1_2227,G,K,G,G,G,K,S,D,K,D,C,D,C,ID=1_2227;partial=00;start_type=ATG;rbs_motif=GGxGG;rbs_spacer=5-10bp;gc_cont=0.642,ID=1_2227;partial=00;start_type=ATG;rbs_motif=GGxGG;rbs_spacer=5-10bp;gc,26.0
NZ_JXDL01000001.1_2140,G,K,G,G,G,K,S,D,K,D,C,D,C,ID=1_2140;partial=00;start_type=ATG;rbs_motif=GGAG/GAGG;rbs_spacer=5-10bp;gc_cont=0.629,ID=1_2140;partial=00;start_type=ATG;rbs_motif=GGAG/GAGG;rbs_spacer=5-10bp;gc,26.0
NZ_LNQB01000089.1_40,G,K,G,G,G,K,S,D,K,D,C,D,C,ID=89_40;partial=00;start_type=ATG;rbs_motif=AGGA;rbs_spacer=5-10bp;gc_cont=0.589,ID=89_40;partial=00;start_type=ATG;rbs_motif=AGGA;rbs_spacer=5-10bp;gc,26.0
NZ_CP016448.1_1198,G,K,G,G,G,K,S,D,K,D,C,D,C,ID=1_1198;partial=00;start_type=ATG;rbs_motif=AGGAG;rbs_spacer=5-10bp;gc_cont=0.623,ID=1_1198;partial=00;start_type=ATG;rbs_motif=AGGAG;rbs_spacer=5-10bp;gc,26.0
NZ_CP015756.1_1232,G,K,G,G,G,K,S,D,K,D,C,D,C,ID=1_1232;partial=00;start_type=ATG;rbs_motif=AGGAGG;rbs_spacer=5-10bp;gc_cont=0.359,ID=1_1232;partial=00;start_type=ATG;rbs_motif=AGGAGG;rbs_spacer=5-10bp;gc,26.0
NZ_MPRJ01000024.1_25,G,K,G,G,G,K,S,D,K,D,C,D,C,ID=45_25;partial=00;start_type=ATG;rbs_motif=AGGAG;rbs_spacer=5-10bp;gc_cont=0.555,ID=45_25;partial=00;start_type=ATG;rbs_motif=AGGAG;rbs_spacer=5-10bp;gc,26.0
NZ_MWQK01000005.1_180,G,K,G,G,G,K,S,D,K,D,C,D,C,ID=11_180;partial=00;start_type=ATG;rbs_motif=AGGAG/GGAGG;rbs_spacer=11-12bp;gc_cont=0.522,ID=11_180;partial=00;start_type=ATG;rbs_motif=AGGAG/GGAGG;rbs_spacer=11-12bp;gc,26.0
NZ_NSGG01000015.1_99,G,K,G,G,G,K,S,D,K,D,C,D,C,ID=7_99;partial=00;start_type=ATG;rbs_motif=AGGA;rbs_spacer=5-10bp;gc_cont=0.600,ID=7_99;partial=00;start_type=ATG;rbs_motif=AGGA;rbs_spacer=5-10bp;gc,26.0
NZ_CP023737.1_1729,G,K,G,G,G,K,S,D,K,D,C,D,C,ID=1_1729;partial=00;start_type=ATG;rbs_motif=AGGAG;rbs_spacer=5-10bp;gc_cont=0.630,ID=1_1729;partial=00;start_type=ATG;rbs_motif=AGGAG;rbs_spacer=5-10bp;gc,26.0
NZ_PPCN01000001.1_283,G,K,G,G,G,K,S,D,K,D,C,D,C,ID=1_283;partial=00;start_type=ATG;rbs_motif=AGGAG;rbs_spacer=5-10bp;gc_cont=0.580,ID=1_283;partial=00;start_type=ATG;rbs_motif=AGGAG;rbs_spacer=5-10bp;gc,26.0
NZ_PZKG01000009.1_27,G,K,G,G,G,K,S,D,K,D,C,D,C,ID=9_27;partial=00;start_type=ATG;rbs_motif=AGGA;rbs_spacer=5-10bp;gc_cont=0.642,ID=9_27;partial=00;start_type=ATG;rbs_motif=AGGA;rbs_spacer=5-10bp;gc,26.0
NZ_QGDS01000018.1_30,G,K,G,G,G,K,S,D,K,D,C,D,C,ID=18_30;partial=00;start_type=ATG;rbs_motif=AGGAGG;rbs_spacer=5-10bp;gc_cont=0.451,ID=18_30;partial=00;start_type=ATG;rbs_motif=AGGAGG;rbs_spacer=5-10bp;gc,26.0
NZ_QMFA01000024.1_82,G,K,G,G,G,K,S,D,K,D,C,D,C,ID=49_82;partial=00;start_type=ATG;rbs_motif=GGAGG;rbs_spacer=5-10bp;gc_cont=0.567,ID=49_82;partial=00;start_type=ATG;rbs_motif=GGAGG;rbs_spacer=5-10bp;gc,26.0
NZ_AP018341.1_1623,G,K,G,G,G,K,S,D,K,D,C,D,C,ID=1_1623;partial=00;start_type=ATG;rbs_motif=GGA/GAG/AGG;rbs_spacer=5-10bp;gc_cont=0.440,ID=1_1623;partial=00;start_type=ATG;rbs_motif=GGA/GAG/AGG;rbs_spacer=5-10bp;gc,26.0
NZ_RQPI01000001.1_192,G,K,G,G,G,K,S,D,K,D,C,D,C,ID=1_192;partial=00;start_type=ATG;rbs_motif=AGGAG;rbs_spacer=5-10bp;gc_cont=0.557,ID=1_192;partial=00;start_type=ATG;rbs_motif=AGGAG;rbs_spacer=5-10bp;gc,26.0
NZ_RZNF01000007.1_246,G,K,G,G,G,K,S,D,K,D,C,D,C,ID=25_246;partial=00;start_type=ATG;rbs_motif=AGGAG;rbs_spacer=5-10bp;gc_cont=0.613,ID=25_246;partial=00;start_type=ATG;rbs_motif=AGGAG;rbs_spacer=5-10bp;gc,26.0
NZ_RAHW01000002.1_112,G,K,G,G,G,K,S,D,K,D,C,D,C,ID=11_112;partial=00;start_type=ATG;rbs_motif=AGGAG;rbs_spacer=5-10bp;gc_cont=0.621,ID=11_112;partial=00;start_type=ATG;rbs_motif=AGGAG;rbs_spacer=5-10bp;gc,26.0
NZ_SLUN01000019.1_21,G,K,G,G,G,K,S,D,K,D,C,D,C,ID=19_21;partial=00;start_type=ATG;rbs_motif=AGGAG/GGAGG;rbs_spacer=11-12bp;gc_cont=0.528,ID=19_21;partial=00;start_type=ATG;rbs_motif=AGGAG/GGAGG;rbs_spacer=11-12bp;gc,26.0
NZ_SPPK01000008.1_17,G,K,G,G,G,K,S,D,K,D,C,D,C,ID=158_17;partial=00;start_type=ATG;rbs_motif=AATAA;rbs_spacer=11bp;gc_cont=0.405,ID=158_17;partial=00;start_type=ATG;rbs_motif=AATAA;rbs_spacer=11bp;gc,26.0
NZ_CP050699.1_219,G,K,G,G,G,K,S,D,K,D,C,D,C,ID=1_219;partial=00;start_type=ATG;rbs_motif=AGGAG;rbs_spacer=5-10bp;gc_cont=0.527,ID=1_219;partial=00;start_type=ATG;rbs_motif=AGGAG;rbs_spacer=5-10bp;gc,26.0
NZ_VFOF01000001.1_1679,G,K,G,G,G,K,S,D,K,D,C,D,C,ID=1_1679;partial=00;start_type=ATG;rbs_motif=AGGA;rbs_spacer=5-10bp;gc_cont=0.490,ID=1_1679;partial=00;start_type=ATG;rbs_motif=AGGA;rbs_spacer=5-10bp;gc,26.0
NZ_VLLN01000017.1_40,G,K,G,G,G,K,S,D,K,D,C,D,C,ID=17_40;partial=00;start_type=ATG;rbs_motif=AGGAG;rbs_spacer=5-10bp;gc_cont=0.614,ID=17_40;partial=00;start_type=ATG;rbs_motif=AGGAG;rbs_spacer=5-10bp;gc,26.0
NZ_VWPL01000010.1_90,G,K,G,G,G,K,S,D,K,D,C,D,C,ID=1_90;partial=00;start_type=ATG;rbs_motif=GGxGG;rbs_spacer=5-10bp;gc_cont=0.649,ID=1_90;partial=00;start_type=ATG;rbs_motif=GGxGG;rbs_spacer=5-10bp;gc,26.0
NZ_AP021874.1_4878,G,K,G,G,G,K,S,D,K,D,C,D,C,ID=1_4878;partial=00;start_type=ATG;rbs_motif=AGGA;rbs_spacer=5-10bp;gc_cont=0.583,ID=1_4878;partial=00;start_type=ATG;rbs_motif=AGGA;rbs_spacer=5-10bp;gc,26.0
NZ_WXEY01000004.1_9,G,K,G,G,G,K,S,D,K,D,C,D,C,ID=34_9;partial=00;start_type=ATG;rbs_motif=AGGAGG;rbs_spacer=5-10bp;gc_cont=0.601,ID=34_9;partial=00;start_type=ATG;rbs_motif=AGGAGG;rbs_spacer=5-10bp;gc,26.0
NZ_JAAIJR010000020.1_7,G,K,G,G,G,K,S,D,K,D,C,D,C,ID=122_7;partial=00;start_type=ATG;rbs_motif=AGGAG;rbs_spacer=5-10bp;gc_cont=0.611,ID=122_7;partial=00;start_type=ATG;rbs_motif=AGGAG;rbs_spacer=5-10bp;gc,26.0
NZ_WTVN01000004.1_1,G,K,G,G,G,K,S,D,K,D,C,D,C,ID=62_1;partial=00;start_type=ATG;rbs_motif=AGGAG;rbs_spacer=5-10bp;gc_cont=0.652,ID=62_1;partial=00;start_type=ATG;rbs_motif=AGGAG;rbs_spacer=5-10bp;gc,26.0
NZ_JABEKV010000012.1_61,G,K,G,G,G,K,S,D,K,D,C,D,C,ID=4_61;partial=00;start_type=ATG;rbs_motif=AGGA;rbs_spacer=5-10bp;gc_cont=0.607,ID=4_61;partial=00;start_type=ATG;rbs_motif=AGGA;rbs_spacer=5-10bp;gc,26.0
NZ_JABEQH010000007.1_143,G,K,G,G,G,K,S,D,K,D,C,D,C,ID=7_143;partial=00;start_type=ATG;rbs_motif=GGA/GAG/AGG;rbs_spacer=5-10bp;gc_cont=0.620,ID=7_143;partial=00;start_type=ATG;rbs_motif=GGA/GAG/AGG;rbs_spacer=5-10bp;gc,26.0
NZ_JACHIE010000004.1_75,G,K,G,G,G,K,S,D,K,D,C,D,C,ID=4_75;partial=00;start_type=ATG;rbs_motif=AGGA;rbs_spacer=5-10bp;gc_cont=0.538,ID=4_75;partial=00;start_type=ATG;rbs_motif=AGGA;rbs_spacer=5-10bp;gc,26.0
NZ_JACJQU010000006.1_82,G,K,G,G,G,K,S,D,K,D,C,D,C,ID=43_82;partial=00;start_type=ATG;rbs_motif=AGGA/GGAG/GAGG;rbs_spacer=11-12bp;gc_cont=0.463,ID=43_82;partial=00;start_type=ATG;rbs_motif=AGGA/GGAG/GAGG;rbs_spacer=11-12bp;gc,26.0
NZ_JACCHQ010000018.1_125,G,K,G,G,G,K,S,D,K,D,C,D,C,ID=10_125;partial=00;start_type=ATG;rbs_motif=GGAG/GAGG;rbs_spacer=5-10bp;gc_cont=0.572,ID=10_125;partial=00;start_type=ATG;rbs_motif=GGAG/GAGG;rbs_spacer=5-10bp;gc,26.0
NZ_NHSK01000090.1_51,G,K,G,G,G,K,S,D,K,D,C,D,C,ID=90_51;partial=00;start_type=ATG;rbs_motif=AGGA;rbs_spacer=5-10bp;gc_cont=0.653,ID=90_51;partial=00;start_type=ATG;rbs_motif=AGGA;rbs_spacer=5-10bp;gc,26.0
NZ_JAFFQD010000001.1_284,G,K,G,G,G,K,S,D,K,D,C,D,C,ID=111_284;partial=00;start_type=ATG;rbs_motif=AGGAG;rbs_spacer=5-10bp;gc_cont=0.459,ID=111_284;partial=00;start_type=ATG;rbs_motif=AGGAG;rbs_spacer=5-10bp;gc,26.0
NZ_JAGGLM010000008.1_49,G,K,G,G,G,K,S,D,K,D,C,D,C,ID=8_49;partial=00;start_type=ATG;rbs_motif=GGAGG;rbs_spacer=5-10bp;gc_cont=0.364,ID=8_49;partial=00;start_type=ATG;rbs_motif=GGAGG;rbs_spacer=5-10bp;gc,26.0
NZ_CP058649.1_3188,G,K,G,G,G,K,S,D,K,D,C,D,C,ID=1_3188;partial=00;start_type=ATG;rbs_motif=AGGA;rbs_spacer=5-10bp;gc_cont=0.387,ID=1_3188;partial=00;start_type=ATG;rbs_motif=AGGA;rbs_spacer=5-10bp;gc,26.0
NZ_JAHGVE010000013.1_66,G,K,G,G,G,K,S,D,K,D,C,D,C,ID=13_66;partial=00;start_type=ATG;rbs_motif=GGAGG;rbs_spacer=5-10bp;gc_cont=0.446,ID=13_66;partial=00;start_type=ATG;rbs_motif=GGAGG;rbs_spacer=5-10bp;gc,26.0
NZ_CP080649.1_2723,G,K,G,G,G,K,S,D,K,D,C,D,C,ID=1_2723;partial=00;start_type=ATG;rbs_motif=None;rbs_spacer=None;gc_cont=0.581,ID=1_2723;partial=00;start_type=ATG;rbs_motif=None;rbs_spacer=None;gc,26.0
NZ_JAFCIY020000028.1_66,G,K,G,G,G,K,S,D,K,D,C,D,C,ID=1_66;partial=00;start_type=ATG;rbs_motif=GGAGG;rbs_spacer=5-10bp;gc_cont=0.604,ID=1_66;partial=00;start_type=ATG;rbs_motif=GGAGG;rbs_spacer=5-10bp;gc,26.0
NZ_JAINWA010000003.1_647,G,K,G,G,G,K,S,D,K,D,C,D,C,ID=2_647;partial=00;start_type=ATG;rbs_motif=AGGAG;rbs_spacer=5-10bp;gc_cont=0.552,ID=2_647;partial=00;start_type=ATG;rbs_motif=AGGAG;rbs_spacer=5-10bp;gc,26.0
NZ_CP063400.1_1530,G,K,G,G,G,K,S,D,K,D,C,D,C,ID=1_1530;partial=00;start_type=ATG;rbs_motif=GGAG/GAGG;rbs_spacer=5-10bp;gc_cont=0.631,ID=1_1530;partial=00;start_type=ATG;rbs_motif=GGAG/GAGG;rbs_spacer=5-10bp;gc,26.0
NZ_CP076024.1_3285,G,K,G,G,G,K,S,D,K,D,C,D,C,ID=1_3285;partial=00;start_type=ATG;rbs_motif=AGGAG;rbs_spacer=5-10bp;gc_cont=0.454,ID=1_3285;partial=00;start_type=ATG;rbs_motif=AGGAG;rbs_spacer=5-10bp;gc,26.0
NZ_CP082164.1_961,G,K,G,G,G,K,S,D,K,D,C,D,C,ID=1_961;partial=00;start_type=ATG;rbs_motif=GGAG/GAGG;rbs_spacer=5-10bp;gc_cont=0.588,ID=1_961;partial=00;start_type=ATG;rbs_motif=GGAG/GAGG;rbs_spacer=5-10bp;gc,26.0
NZ_JAKUKE010000001.1_398,G,K,G,G,G,K,S,D,K,D,C,D,C,ID=1_398;partial=00;start_type=ATG;rbs_motif=GGAG/GAGG;rbs_spacer=5-10bp;gc_cont=0.602,ID=1_398;partial=00;start_type=ATG;rbs_motif=GGAG/GAGG;rbs_spacer=5-10bp;gc,26.0
NZ_CP080523.1_643,G,K,G,G,G,K,S,D,K,D,C,D,C,ID=2_643;partial=00;start_type=ATG;rbs_motif=AGGA;rbs_spacer=5-10bp;gc_cont=0.611,ID=2_643;partial=00;start_type=ATG;rbs_motif=AGGA;rbs_spacer=5-10bp;gc,26.0
NZ_FMUX01000042.1_7,G,K,G,G,G,K,S,D,K,D,C,D,C,ID=14_7;partial=00;start_type=ATG;rbs_motif=AGGAG;rbs_spacer=5-10bp;gc_cont=0.577,ID=14_7;partial=00;start_type=ATG;rbs_motif=AGGAG;rbs_spacer=5-10bp;gc,26.0
NZ_FNVQ01000001.1_1813,G,K,G,G,G,K,S,D,K,D,C,D,C,ID=18_1813;partial=00;start_type=ATG;rbs_motif=AGGAG;rbs_spacer=5-10bp;gc_cont=0.542,ID=18_1813;partial=00;start_type=ATG;rbs_motif=AGGAG;rbs_spacer=5-10bp;gc,26.0
NZ_FOOX01000003.1_87,G,K,G,G,G,K,S,D,K,D,C,D,C,ID=8_87;partial=00;start_type=ATG;rbs_motif=GGxGG;rbs_spacer=5-10bp;gc_cont=0.540,ID=8_87;partial=00;start_type=ATG;rbs_motif=GGxGG;rbs_spacer=5-10bp;gc,26.0
NZ_FQXJ01000004.1_420,G,K,G,G,G,K,S,D,K,D,C,D,C,ID=23_420;partial=00;start_type=ATG;rbs_motif=AGGAG;rbs_spacer=5-10bp;gc_cont=0.453,ID=23_420;partial=00;start_type=ATG;rbs_motif=AGGAG;rbs_spacer=5-10bp;gc,26.0
NZ_FRFE01000005.1_216,G,K,G,G,G,K,S,D,K,D,C,D,C,ID=52_216;partial=00;start_type=ATG;rbs_motif=AGGAG;rbs_spacer=5-10bp;gc_cont=0.516,ID=52_216;partial=00;start_type=ATG;rbs_motif=AGGAG;rbs_spacer=5-10bp;gc,26.0
NZ_FXAX01000001.1_1788,G,K,G,G,G,K,S,D,K,D,C,D,C,ID=10_1788;partial=00;start_type=ATG;rbs_motif=AGGAG/GGAGG;rbs_spacer=11-12bp;gc_cont=0.525,ID=10_1788;partial=00;start_type=ATG;rbs_motif=AGGAG/GGAGG;rbs_spacer=11-12bp;gc,26.0
NZ_LT960614.1_4351,G,K,G,G,G,K,S,D,K,D,C,D,C,ID=1_4351;partial=00;start_type=ATG;rbs_motif=GGA/GAG/AGG;rbs_spacer=5-10bp;gc_cont=0.629,ID=1_4351;partial=00;start_type=ATG;rbs_motif=GGA/GAG/AGG;rbs_spacer=5-10bp;gc,26.0
NZ_CADFGP010000059.1_5,G,K,G,G,G,K,S,D,K,D,C,D,C,ID=59_5;partial=00;start_type=ATG;rbs_motif=GGAG/GAGG;rbs_spacer=5-10bp;gc_cont=0.596,ID=59_5;partial=00;start_type=ATG;rbs_motif=GGAG/GAGG;rbs_spacer=5-10bp;gc,26.0
DHWU01000027.1_1,G,K,G,G,G,K,S,D,K,D,C,D,C,ID=47_1;partial=10;start_type=ATG;rbs_motif=AGGA;rbs_spacer=5-10bp;gc_cont=0.606,ID=47_1;partial=10;start_type=ATG;rbs_motif=AGGA;rbs_spacer=5-10bp;gc,26.0
JACRJB010000068.1_88,G,K,G,G,G,K,S,D,K,D,C,D,C,ID=52_88;partial=00;start_type=ATG;rbs_motif=GGAG/GAGG;rbs_spacer=5-10bp;gc_cont=0.594,ID=52_88;partial=00;start_type=ATG;rbs_motif=GGAG/GAGG;rbs_spacer=5-10bp;gc,26.0
JAEXDA010000039.1_111,G,K,G,G,G,K,S,D,K,D,C,D,C,ID=57_111;partial=00;start_type=ATG;rbs_motif=AGGAG;rbs_spacer=5-10bp;gc_cont=0.475,ID=57_111;partial=00;start_type=ATG;rbs_motif=AGGAG;rbs_spacer=5-10bp;gc,26.0
JAEYGM010000006.1_20,G,K,G,G,G,K,S,D,K,D,C,D,C,ID=34_20;partial=00;start_type=ATG;rbs_motif=GGAG/GAGG;rbs_spacer=5-10bp;gc_cont=0.461,ID=34_20;partial=00;start_type=ATG;rbs_motif=GGAG/GAGG;rbs_spacer=5-10bp;gc,26.0
NZ_CP010978.1_1010,G,K,G,G,G,K,S,D,K,D,C,D,C,ID=1_1010;partial=00;start_type=ATG;rbs_motif=AGxAGG/AGGxGG;rbs_spacer=5-10bp;gc_cont=0.411,ID=1_1010;partial=00;start_type=ATG;rbs_motif=AGxAGG/AGGxGG;rbs_spacer=5-10bp;gc,26.0
NZ_CP009526.1_2659,G,K,G,G,G,K,S,D,K,D,C,D,C,ID=1_2659;partial=00;start_type=ATG;rbs_motif=AGGAG;rbs_spacer=5-10bp;gc_cont=0.428,ID=1_2659;partial=00;start_type=ATG;rbs_motif=AGGAG;rbs_spacer=5-10bp;gc,26.0
NZ_QJTK01000011.1_21,G,K,G,G,G,K,S,D,K,D,C,D,C,ID=11_21;partial=00;start_type=ATG;rbs_motif=AGGAG;rbs_spacer=5-10bp;gc_cont=0.604,ID=11_21;partial=00;start_type=ATG;rbs_motif=AGGAG;rbs_spacer=5-10bp;gc,26.0
NZ_QUMK01000077.1_18,G,K,G,G,G,K,S,D,K,D,C,D,C,ID=134_18;partial=00;start_type=ATG;rbs_motif=AGGAG;rbs_spacer=5-10bp;gc_cont=0.623,ID=134_18;partial=00;start_type=ATG;rbs_motif=AGGAG;rbs_spacer=5-10bp;gc,26.0
NZ_CP059724.1_4292,G,K,G,G,G,K,S,D,K,D,C,D,C,ID=1_4292;partial=00;start_type=ATG;rbs_motif=AGGAG;rbs_spacer=5-10bp;gc_cont=0.438,ID=1_4292;partial=00;start_type=ATG;rbs_motif=AGGAG;rbs_spacer=5-10bp;gc,26.0
NZ_JACHXI010000008.1_100,G,K,G,G,G,K,S,D,K,D,C,D,C,ID=8_100;partial=00;start_type=ATG;rbs_motif=AGGA;rbs_spacer=5-10bp;gc_cont=0.488,ID=8_100;partial=00;start_type=ATG;rbs_motif=AGGA;rbs_spacer=5-10bp;gc,26.0
JAFACO010000583.1_6,G,K,G,G,G,K,S,D,K,D,C,D,C,ID=576_6;partial=00;start_type=ATG;rbs_motif=AGGAGG;rbs_spacer=5-10bp;gc_cont=0.408,ID=576_6;partial=00;start_type=ATG;rbs_motif=AGGAGG;rbs_spacer=5-10bp;gc,26.0
JABXKQ010000108.1_29,G,K,G,G,G,K,S,D,K,D,C,D,C,ID=66_29;partial=00;start_type=ATG;rbs_motif=GGA/GAG/AGG;rbs_spacer=5-10bp;gc_cont=0.472,ID=66_29;partial=00;start_type=ATG;rbs_motif=GGA/GAG/AGG;rbs_spacer=5-10bp;gc,26.0
NZ_JACJRU010000003.1_292,G,K,G,G,G,K,S,D,K,D,C,D,C,ID=28_292;partial=00;start_type=ATG;rbs_motif=AGGA/GGAG/GAGG;rbs_spacer=11-12bp;gc_cont=0.447,ID=28_292;partial=00;start_type=ATG;rbs_motif=AGGA/GGAG/GAGG;rbs_spacer=11-12bp;gc,26.0
NZ_VLKG01000008.1_8,G,K,G,G,G,K,S,D,K,D,C,D,C,ID=8_8;partial=00;start_type=ATG;rbs_motif=GGAGG;rbs_spacer=5-10bp;gc_cont=0.507,ID=8_8;partial=00;start_type=ATG;rbs_motif=GGAGG;rbs_spacer=5-10bp;gc,26.0
CP007053.1_198,G,K,G,G,G,K,S,D,K,D,C,D,C,ID=1_198;partial=00;start_type=ATG;rbs_motif=None;rbs_spacer=None;gc_cont=0.618,ID=1_198;partial=00;start_type=ATG;rbs_motif=None;rbs_spacer=None;gc,26.0
JQKK01000025.1_18,G,K,G,G,G,K,S,D,K,D,C,D,C,ID=24_18;partial=00;start_type=ATG;rbs_motif=AGGAG;rbs_spacer=5-10bp;gc_cont=0.426,ID=24_18;partial=00;start_type=ATG;rbs_motif=AGGAG;rbs_spacer=5-10bp;gc,26.0
CP011072.1_704,G,K,G,G,G,K,S,D,K,D,C,D,C,ID=1_704;partial=00;start_type=ATG;rbs_motif=AGGAG;rbs_spacer=5-10bp;gc_cont=0.645,ID=1_704;partial=00;start_type=ATG;rbs_motif=AGGAG;rbs_spacer=5-10bp;gc,26.0
LUUF01000077.1_10,G,K,G,G,G,K,S,D,K,D,C,D,C,ID=71_10;partial=00;start_type=ATG;rbs_motif=AGGAG;rbs_spacer=5-10bp;gc_cont=0.493,ID=71_10;partial=00;start_type=ATG;rbs_motif=AGGAG;rbs_spacer=5-10bp;gc,26.0
MGZB01000002.1_147,G,K,G,G,G,K,S,D,K,D,C,D,C,ID=2_147;partial=00;start_type=ATG;rbs_motif=AGGAG;rbs_spacer=5-10bp;gc_cont=0.616,ID=2_147;partial=00;start_type=ATG;rbs_motif=AGGAG;rbs_spacer=5-10bp;gc,26.0
CP019936.1_1462,G,K,G,G,G,K,S,D,K,D,C,D,C,ID=1_1462;partial=00;start_type=ATG;rbs_motif=AGGAG;rbs_spacer=5-10bp;gc_cont=0.568,ID=1_1462;partial=00;start_type=ATG;rbs_motif=AGGAG;rbs_spacer=5-10bp;gc,26.0
DBEP01000051.1_48,G,K,G,G,G,K,S,D,K,D,C,D,C,ID=40_48;partial=00;start_type=ATG;rbs_motif=AGGAGG;rbs_spacer=5-10bp;gc_cont=0.456,ID=40_48;partial=00;start_type=ATG;rbs_motif=AGGAGG;rbs_spacer=5-10bp;gc,26.0
DCFU01000034.1_51,G,K,G,G,G,K,S,D,K,D,C,D,C,ID=30_51;partial=00;start_type=ATG;rbs_motif=GGAGG;rbs_spacer=5-10bp;gc_cont=0.499,ID=30_51;partial=00;start_type=ATG;rbs_motif=GGAGG;rbs_spacer=5-10bp;gc,26.0
AP018233.1_3235,G,K,G,G,G,K,S,D,K,D,C,N,C,ID=1_3235;partial=00;start_type=ATG;rbs_motif=GGA/GAG/AGG;rbs_spacer=5-10bp;gc_cont=0.421,ID=1_3235;partial=00;start_type=ATG;rbs_motif=GGA/GAG/AGG;rbs_spacer=5-10bp;gc,25.0
DHBS01000007.1_83,G,K,G,G,G,K,S,D,K,D,C,D,C,ID=28_83;partial=00;start_type=ATG;rbs_motif=AGGAG;rbs_spacer=5-10bp;gc_cont=0.562,ID=28_83;partial=00;start_type=ATG;rbs_motif=AGGAG;rbs_spacer=5-10bp;gc,26.0
DIGE01000018.1_160,G,K,G,G,G,K,S,D,K,D,C,D,C,ID=3_160;partial=00;start_type=ATG;rbs_motif=AGGAG;rbs_spacer=5-10bp;gc_cont=0.595,ID=3_160;partial=00;start_type=ATG;rbs_motif=AGGAG;rbs_spacer=5-10bp;gc,26.0
DJYC01000061.1_27,G,K,G,G,G,K,S,D,K,D,C,D,C,ID=11_27;partial=00;start_type=GTG;rbs_motif=GGAGG;rbs_spacer=5-10bp;gc_cont=0.482,ID=11_27;partial=00;start_type=GTG;rbs_motif=GGAGG;rbs_spacer=5-10bp;gc,26.0
NZXG01000008.1_75,G,K,G,G,G,K,S,D,K,D,C,D,C,ID=51_75;partial=00;start_type=ATG;rbs_motif=AGGAG;rbs_spacer=5-10bp;gc_cont=0.531,ID=51_75;partial=00;start_type=ATG;rbs_motif=AGGAG;rbs_spacer=5-10bp;gc,26.0
PHAR01000004.1_10,G,K,G,G,G,K,S,D,K,D,C,D,C,ID=3_10;partial=00;start_type=ATG;rbs_motif=AGGAG;rbs_spacer=5-10bp;gc_cont=0.638,ID=3_10;partial=00;start_type=ATG;rbs_motif=AGGAG;rbs_spacer=5-10bp;gc,26.0
PKTT01000037.1_25,G,K,G,G,G,K,S,D,K,D,C,D,C,ID=29_25;partial=00;start_type=ATG;rbs_motif=GGAG/GAGG;rbs_spacer=5-10bp;gc_cont=0.565,ID=29_25;partial=00;start_type=ATG;rbs_motif=GGAG/GAGG;rbs_spacer=5-10bp;gc,26.0
NATW01000155.1_16,G,K,G,G,G,K,S,D,K,D,C,D,C,ID=155_16;partial=00;start_type=ATG;rbs_motif=AGGAG;rbs_spacer=5-10bp;gc_cont=0.579,ID=155_16;partial=00;start_type=ATG;rbs_motif=AGGAG;rbs_spacer=5-10bp;gc,26.0
PMCK01000495.1_5,G,K,G,G,G,K,S,D,K,D,C,D,C,ID=395_5;partial=00;start_type=ATG;rbs_motif=AGGA;rbs_spacer=5-10bp;gc_cont=0.550,ID=395_5;partial=00;start_type=ATG;rbs_motif=AGGA;rbs_spacer=5-10bp;gc,26.0
PLSP01000031.1_4,G,K,G,G,G,K,S,D,K,D,C,D,C,ID=46_4;partial=00;start_type=ATG;rbs_motif=AGGAG/GGAGG;rbs_spacer=11-12bp;gc_cont=0.475,ID=46_4;partial=00;start_type=ATG;rbs_motif=AGGAG/GGAGG;rbs_spacer=11-12bp;gc,26.0
QJZR01000014.1_201,G,K,G,G,G,K,S,D,K,D,C,D,C,ID=13_201;partial=01;start_type=ATG;rbs_motif=AGGAG;rbs_spacer=5-10bp;gc_cont=0.624,ID=13_201;partial=01;start_type=ATG;rbs_motif=AGGAG;rbs_spacer=5-10bp;gc,26.0
POSG01000002.1_347,G,K,G,G,G,K,S,D,K,D,C,D,C,ID=2_347;partial=00;start_type=ATG;rbs_motif=AGGAG;rbs_spacer=5-10bp;gc_cont=0.570,ID=2_347;partial=00;start_type=ATG;rbs_motif=AGGAG;rbs_spacer=5-10bp;gc,26.0
PWVL01000125.1_7,G,K,G,G,G,K,S,D,K,D,C,D,C,ID=1_7;partial=00;start_type=ATG;rbs_motif=AGGAG;rbs_spacer=5-10bp;gc_cont=0.568,ID=1_7;partial=00;start_type=ATG;rbs_motif=AGGAG;rbs_spacer=5-10bp;gc,26.0
RSAS01000396.1_3,G,K,G,G,G,K,S,D,K,D,C,D,C,ID=3_3;partial=00;start_type=ATG;rbs_motif=AGGAG;rbs_spacer=5-10bp;gc_cont=0.582,ID=3_3;partial=00;start_type=ATG;rbs_motif=AGGAG;rbs_spacer=5-10bp;gc,26.0
SGBD01000001.1_814,G,K,G,G,G,K,S,D,K,D,C,D,C,ID=1_814;partial=00;start_type=ATG;rbs_motif=GGAGG;rbs_spacer=5-10bp;gc_cont=0.456,ID=1_814;partial=00;start_type=ATG;rbs_motif=GGAGG;rbs_spacer=5-10bp;gc,26.0
QZLA01000161.1_6,G,K,G,G,G,K,S,D,K,D,C,D,C,ID=267_6;partial=00;start_type=ATG;rbs_motif=AGGA;rbs_spacer=5-10bp;gc_cont=0.510,ID=267_6;partial=00;start_type=ATG;rbs_motif=AGGA;rbs_spacer=5-10bp;gc,26.0
SKGK01000158.1_14,G,K,G,G,G,K,S,D,K,D,C,D,C,ID=101_14;partial=00;start_type=ATG;rbs_motif=GGAGG;rbs_spacer=5-10bp;gc_cont=0.410,ID=101_14;partial=00;start_type=ATG;rbs_motif=GGAGG;rbs_spacer=5-10bp;gc,26.0
REEF01001100.1_8,G,K,G,G,G,K,S,D,K,D,C,D,C,ID=1002_8;partial=00;start_type=ATG;rbs_motif=GGA/GAG/AGG;rbs_spacer=5-10bp;gc_cont=0.576,ID=1002_8;partial=00;start_type=ATG;rbs_motif=GGA/GAG/AGG;rbs_spacer=5-10bp;gc,26.0
WASP01000006.1_131,G,K,G,G,G,K,S,D,K,D,C,D,C,ID=13_131;partial=00;start_type=ATG;rbs_motif=GGAG/GAGG;rbs_spacer=5-10bp;gc_cont=0.594,ID=13_131;partial=00;start_type=ATG;rbs_motif=GGAG/GAGG;rbs_spacer=5-10bp;gc,26.0
RZZN01000072.1_7,G,K,G,G,G,K,S,D,K,D,C,D,C,ID=21_7;partial=00;start_type=ATG;rbs_motif=AGGAG;rbs_spacer=5-10bp;gc_cont=0.650,ID=21_7;partial=00;start_type=ATG;rbs_motif=AGGAG;rbs_spacer=5-10bp;gc,26.0
JAABQY010000182.1_2,G,K,G,G,G,K,S,D,K,D,C,D,C,ID=89_2;partial=00;start_type=ATG;rbs_motif=AGGAG;rbs_spacer=5-10bp;gc_cont=0.566,ID=89_2;partial=00;start_type=ATG;rbs_motif=AGGAG;rbs_spacer=5-10bp;gc,26.0
JAAUOZ010000028.1_20,G,K,G,G,G,K,S,D,K,D,C,D,C,ID=111_20;partial=00;start_type=ATG;rbs_motif=AGGAG;rbs_spacer=5-10bp;gc_cont=0.524,ID=111_20;partial=00;start_type=ATG;rbs_motif=AGGAG;rbs_spacer=5-10bp;gc,26.0
JAAXQG010000079.1_4,G,K,G,G,G,K,S,D,K,D,C,D,C,ID=313_4;partial=00;start_type=ATG;rbs_motif=AGGAG;rbs_spacer=5-10bp;gc_cont=0.571,ID=313_4;partial=00;start_type=ATG;rbs_motif=AGGAG;rbs_spacer=5-10bp;gc,26.0
JAADGT010000100.1_5,G,K,G,G,G,K,S,D,K,D,C,D,C,ID=53_5;partial=00;start_type=ATG;rbs_motif=GGAGG;rbs_spacer=5-10bp;gc_cont=0.650,ID=53_5;partial=00;start_type=ATG;rbs_motif=GGAGG;rbs_spacer=5-10bp;gc,26.0
JAAXXJ010000243.1_4,G,K,G,G,G,K,S,D,K,D,C,D,C,ID=49_4;partial=00;start_type=ATG;rbs_motif=AGGAGG;rbs_spacer=5-10bp;gc_cont=0.603,ID=49_4;partial=00;start_type=ATG;rbs_motif=AGGAGG;rbs_spacer=5-10bp;gc,26.0
JACABA010000002.1_1095,G,K,G,G,G,K,S,D,K,D,C,D,C,ID=12_1095;partial=00;start_type=ATG;rbs_motif=GGAG/GAGG;rbs_spacer=5-10bp;gc_cont=0.625,ID=12_1095;partial=00;start_type=ATG;rbs_motif=GGAG/GAGG;rbs_spacer=5-10bp;gc,26.0
PNOC01000073.1_17,G,K,G,G,G,K,S,D,K,D,C,D,C,ID=73_17;partial=00;start_type=ATG;rbs_motif=AGGAGG;rbs_spacer=5-10bp;gc_cont=0.537,ID=73_17;partial=00;start_type=ATG;rbs_motif=AGGAGG;rbs_spacer=5-10bp;gc,26.0
CP050848.1_1508,G,K,G,G,G,K,S,D,K,D,C,D,C,ID=1_1508;partial=00;start_type=ATG;rbs_motif=GGA/GAG/AGG;rbs_spacer=5-10bp;gc_cont=0.625,ID=1_1508;partial=00;start_type=ATG;rbs_motif=GGA/GAG/AGG;rbs_spacer=5-10bp;gc,26.0
JADGCQ010000067.1_2,G,K,G,G,G,K,S,D,K,D,C,D,C,ID=183_2;partial=00;start_type=ATG;rbs_motif=AGGAG;rbs_spacer=5-10bp;gc_cont=0.516,ID=183_2;partial=00;start_type=ATG;rbs_motif=AGGAG;rbs_spacer=5-10bp;gc,26.0
JADFXP010000003.1_30,G,K,G,G,G,K,S,D,K,D,C,D,C,ID=33_30;partial=00;start_type=ATG;rbs_motif=AGGAG;rbs_spacer=5-10bp;gc_cont=0.450,ID=33_30;partial=00;start_type=ATG;rbs_motif=AGGAG;rbs_spacer=5-10bp;gc,26.0
JAATFX010000136.1_5,G,K,G,G,G,K,S,D,K,D,C,D,C,ID=144_5;partial=00;start_type=ATG;rbs_motif=AGGAG;rbs_spacer=5-10bp;gc_cont=0.542,ID=144_5;partial=00;start_type=ATG;rbs_motif=AGGAG;rbs_spacer=5-10bp;gc,26.0
JACQZE010000003.1_429,G,K,G,G,G,K,S,D,K,D,C,D,C,ID=31_429;partial=00;start_type=ATG;rbs_motif=AGGAG;rbs_spacer=5-10bp;gc_cont=0.555,ID=31_429;partial=00;start_type=ATG;rbs_motif=AGGAG;rbs_spacer=5-10bp;gc,26.0
JACRLN010000006.1_44,G,K,G,G,G,K,S,D,K,D,C,D,C,ID=56_44;partial=00;start_type=ATG;rbs_motif=AGGAG;rbs_spacer=5-10bp;gc_cont=0.554,ID=56_44;partial=00;start_type=ATG;rbs_motif=AGGAG;rbs_spacer=5-10bp;gc,26.0
JACRNJ010000002.1_53,G,K,G,G,G,K,S,D,K,D,C,D,C,ID=71_53;partial=00;start_type=ATG;rbs_motif=AGGAGG;rbs_spacer=5-10bp;gc_cont=0.521,ID=71_53;partial=00;start_type=ATG;rbs_motif=AGGAGG;rbs_spacer=5-10bp;gc,26.0
JAEEIN010000005.1_13,G,K,G,G,G,K,S,D,K,D,C,D,C,ID=56_13;partial=00;start_type=ATG;rbs_motif=GGAG/GAGG;rbs_spacer=5-10bp;gc_cont=0.491,ID=56_13;partial=00;start_type=ATG;rbs_motif=GGAG/GAGG;rbs_spacer=5-10bp;gc,26.0
JADJCP010000012.1_113,G,K,G,G,G,K,S,D,K,D,C,D,C,ID=12_113;partial=00;start_type=ATG;rbs_motif=AGGAG;rbs_spacer=5-10bp;gc_cont=0.611,ID=12_113;partial=00;start_type=ATG;rbs_motif=AGGAG;rbs_spacer=5-10bp;gc,26.0
JADKKR010000002.1_124,G,K,G,G,G,K,S,D,K,D,C,D,C,ID=2_124;partial=00;start_type=ATG;rbs_motif=AGGAG;rbs_spacer=5-10bp;gc_cont=0.576,ID=2_124;partial=00;start_type=ATG;rbs_motif=AGGAG;rbs_spacer=5-10bp;gc,26.0
JAEUMD010000008.1_312,G,K,G,G,G,K,S,D,K,D,C,D,C,ID=17_312;partial=00;start_type=ATG;rbs_motif=GGA/GAG/AGG;rbs_spacer=5-10bp;gc_cont=0.622,ID=17_312;partial=00;start_type=ATG;rbs_motif=GGA/GAG/AGG;rbs_spacer=5-10bp;gc,26.0
JAFGIM010000091.1_1,G,K,G,G,G,K,S,D,K,D,C,D,C,ID=124_1;partial=10;start_type=ATG;rbs_motif=AGGAG;rbs_spacer=5-10bp;gc_cont=0.523,ID=124_1;partial=10;start_type=ATG;rbs_motif=AGGAG;rbs_spacer=5-10bp;gc,26.0
JAFGWI010000240.1_13,G,K,G,G,G,K,S,D,K,D,C,D,C,ID=117_13;partial=00;start_type=ATG;rbs_motif=AGGAG;rbs_spacer=5-10bp;gc_cont=0.468,ID=117_13;partial=00;start_type=ATG;rbs_motif=AGGAG;rbs_spacer=5-10bp;gc,26.0
JAFOCI010000001.1_25,G,K,G,G,G,K,S,D,K,D,C,D,C,ID=66_25;partial=00;start_type=ATG;rbs_motif=AGGAG;rbs_spacer=5-10bp;gc_cont=0.417,ID=66_25;partial=00;start_type=ATG;rbs_motif=AGGAG;rbs_spacer=5-10bp;gc,26.0
JAFSZR010000048.1_19,G,K,G,G,G,K,S,D,K,D,C,D,C,ID=223_19;partial=00;start_type=ATG;rbs_motif=AGGA;rbs_spacer=5-10bp;gc_cont=0.421,ID=223_19;partial=00;start_type=ATG;rbs_motif=AGGA;rbs_spacer=5-10bp;gc,26.0
JAFWSY010000008.1_8,G,K,G,G,G,K,S,D,K,D,C,D,C,ID=159_8;partial=00;start_type=ATG;rbs_motif=AGGA/GGAG/GAGG;rbs_spacer=11-12bp;gc_cont=0.422,ID=159_8;partial=00;start_type=ATG;rbs_motif=AGGA/GGAG/GAGG;rbs_spacer=11-12bp;gc,26.0
JAFZKQ010000084.1_15,G,K,G,G,G,K,S,D,K,D,C,D,C,ID=86_15;partial=00;start_type=ATG;rbs_motif=TAAAA;rbs_spacer=13bp;gc_cont=0.456,ID=86_15;partial=00;start_type=ATG;rbs_motif=TAAAA;rbs_spacer=13bp;gc,26.0
JAGCDD010000468.1_5,G,K,G,G,G,K,S,D,K,D,C,D,C,ID=466_5;partial=00;start_type=ATG;rbs_motif=AAA;rbs_spacer=12bp;gc_cont=0.509,ID=466_5;partial=00;start_type=ATG;rbs_motif=AAA;rbs_spacer=12bp;gc,26.0
JAGAZB010000054.1_5,G,K,G,G,G,K,S,D,K,D,C,D,C,ID=52_5;partial=00;start_type=ATG;rbs_motif=AGGAG;rbs_spacer=5-10bp;gc_cont=0.441,ID=52_5;partial=00;start_type=ATG;rbs_motif=AGGAG;rbs_spacer=5-10bp;gc,26.0
JAGODN010000242.1_1,G,K,G,G,G,K,S,D,K,D,C,D,C,ID=207_1;partial=00;start_type=ATG;rbs_motif=AGGAG;rbs_spacer=5-10bp;gc_cont=0.659,ID=207_1;partial=00;start_type=ATG;rbs_motif=AGGAG;rbs_spacer=5-10bp;gc,26.0
JAHHZF010000006.1_228,G,K,G,G,G,K,S,D,K,D,C,D,C,ID=44_228;partial=00;start_type=GTG;rbs_motif=GGAG/GAGG;rbs_spacer=5-10bp;gc_cont=0.654,ID=44_228;partial=00;start_type=GTG;rbs_motif=GGAG/GAGG;rbs_spacer=5-10bp;gc,26.0
JAHJHI010000039.1_121,G,K,G,G,G,K,S,D,K,D,C,D,C,ID=38_121;partial=00;start_type=ATG;rbs_motif=AGGAG;rbs_spacer=5-10bp;gc_cont=0.618,ID=38_121;partial=00;start_type=ATG;rbs_motif=AGGAG;rbs_spacer=5-10bp;gc,26.0
CP076745.1_439,G,K,G,G,G,K,S,D,K,D,C,D,C,ID=1_439;partial=00;start_type=ATG;rbs_motif=GGA/GAG/AGG;rbs_spacer=5-10bp;gc_cont=0.488,ID=1_439;partial=00;start_type=ATG;rbs_motif=GGA/GAG/AGG;rbs_spacer=5-10bp;gc,26.0
JAGVPN010000217.1_5,G,K,G,G,G,K,S,D,K,D,C,D,C,ID=165_5;partial=00;start_type=ATG;rbs_motif=GGAG/GAGG;rbs_spacer=5-10bp;gc_cont=0.604,ID=165_5;partial=00;start_type=ATG;rbs_motif=GGAG/GAGG;rbs_spacer=5-10bp;gc,26.0
CP075902.1_3001,G,K,G,G,G,K,S,D,K,D,C,D,C,ID=1_3001;partial=00;start_type=ATG;rbs_motif=GGAG/GAGG;rbs_spacer=5-10bp;gc_cont=0.527,ID=1_3001;partial=00;start_type=ATG;rbs_motif=GGAG/GAGG;rbs_spacer=5-10bp;gc,26.0
JAIMKP010000069.1_7,G,K,G,G,G,K,S,D,K,D,C,D,C,ID=83_7;partial=00;start_type=ATG;rbs_motif=AGGAG;rbs_spacer=5-10bp;gc_cont=0.507,ID=83_7;partial=00;start_type=ATG;rbs_motif=AGGAG;rbs_spacer=5-10bp;gc,26.0
JADZCD010000028.1_29,G,K,G,G,G,K,S,D,K,D,C,D,C,ID=28_29;partial=00;start_type=ATG;rbs_motif=GGAG/GAGG;rbs_spacer=5-10bp;gc_cont=0.620,ID=28_29;partial=00;start_type=ATG;rbs_motif=GGAG/GAGG;rbs_spacer=5-10bp;gc,26.0
JAJTBB010000078.1_152,G,K,G,G,G,K,S,D,K,D,C,D,C,ID=49_152;partial=00;start_type=ATG;rbs_motif=GGAG/GAGG;rbs_spacer=5-10bp;gc_cont=0.642,ID=49_152;partial=00;start_type=ATG;rbs_motif=GGAG/GAGG;rbs_spacer=5-10bp;gc,26.0
JAJYDQ010000042.1_12,G,K,G,G,G,K,S,D,K,D,C,D,C,ID=39_12;partial=00;start_type=ATG;rbs_motif=None;rbs_spacer=None;gc_cont=0.494,ID=39_12;partial=00;start_type=ATG;rbs_motif=None;rbs_spacer=None;gc,26.0
JAJXVO010000114.1_10,G,K,G,G,G,K,S,D,K,D,C,D,C,ID=416_10;partial=00;start_type=ATG;rbs_motif=None;rbs_spacer=None;gc_cont=0.616,ID=416_10;partial=00;start_type=ATG;rbs_motif=None;rbs_spacer=None;gc,26.0
JAJYGL010000134.1_3,G,K,G,G,G,K,S,D,K,D,C,D,C,ID=50_3;partial=00;start_type=ATG;rbs_motif=AGGAG;rbs_spacer=5-10bp;gc_cont=0.588,ID=50_3;partial=00;start_type=ATG;rbs_motif=AGGAG;rbs_spacer=5-10bp;gc,26.0
JAJYYA010000020.1_4,G,K,G,G,G,K,S,D,K,D,C,D,C,ID=68_4;partial=00;start_type=ATG;rbs_motif=AGGAG;rbs_spacer=5-10bp;gc_cont=0.616,ID=68_4;partial=00;start_type=ATG;rbs_motif=AGGAG;rbs_spacer=5-10bp;gc,26.0
JAKANO010000010.1_81,G,K,G,G,G,K,S,D,K,D,C,D,C,ID=6_81;partial=00;start_type=ATG;rbs_motif=AGGAG;rbs_spacer=5-10bp;gc_cont=0.566,ID=6_81;partial=00;start_type=ATG;rbs_motif=AGGAG;rbs_spacer=5-10bp;gc,26.0
JAKACU010000049.1_12,G,K,G,G,G,K,S,D,K,D,C,D,C,ID=139_12;partial=00;start_type=ATG;rbs_motif=AGGAG;rbs_spacer=5-10bp;gc_cont=0.471,ID=139_12;partial=00;start_type=ATG;rbs_motif=AGGAG;rbs_spacer=5-10bp;gc,26.0
JAKBXW010000041.1_12,G,K,G,G,G,K,S,D,K,D,C,D,C,ID=113_12;partial=00;start_type=ATG;rbs_motif=AGGAG;rbs_spacer=5-10bp;gc_cont=0.619,ID=113_12;partial=00;start_type=ATG;rbs_motif=AGGAG;rbs_spacer=5-10bp;gc,26.0
JAKSDM010001827.1_2,G,K,G,G,G,K,S,D,K,D,C,D,C,ID=996_2;partial=00;start_type=ATG;rbs_motif=AGGAG;rbs_spacer=5-10bp;gc_cont=0.526,ID=996_2;partial=00;start_type=ATG;rbs_motif=AGGAG;rbs_spacer=5-10bp;gc,26.0
JAKIML020000098.1_75,G,K,G,G,G,K,S,D,K,D,C,D,C,ID=34_75;partial=00;start_type=ATG;rbs_motif=AGGAGG;rbs_spacer=5-10bp;gc_cont=0.526,ID=34_75;partial=00;start_type=ATG;rbs_motif=AGGAGG;rbs_spacer=5-10bp;gc,26.0
JAGLIU010000205.1_4,G,K,G,G,G,K,S,D,K,D,C,D,C,ID=119_4;partial=00;start_type=ATG;rbs_motif=GGAG/GAGG;rbs_spacer=5-10bp;gc_cont=0.468,ID=119_4;partial=00;start_type=ATG;rbs_motif=GGAG/GAGG;rbs_spacer=5-10bp;gc,26.0
JAHFSX010000025.1_8,G,K,G,G,G,K,S,D,K,D,C,D,C,ID=10_8;partial=00;start_type=ATG;rbs_motif=AGxAGG/AGGxGG;rbs_spacer=5-10bp;gc_cont=0.653,ID=10_8;partial=00;start_type=ATG;rbs_motif=AGxAGG/AGGxGG;rbs_spacer=5-10bp;gc,26.0
JAEVYU010000029.1_35,G,K,G,G,G,K,S,D,K,D,C,D,C,ID=19_35;partial=00;start_type=ATG;rbs_motif=GGA/GAG/AGG;rbs_spacer=5-10bp;gc_cont=0.478,ID=19_35;partial=00;start_type=ATG;rbs_motif=GGA/GAG/AGG;rbs_spacer=5-10bp;gc,26.0
JAEWST010000054.1_6,G,K,G,G,G,K,S,D,K,D,C,D,C,ID=125_6;partial=00;start_type=ATG;rbs_motif=GGAGG;rbs_spacer=5-10bp;gc_cont=0.401,ID=125_6;partial=00;start_type=ATG;rbs_motif=GGAGG;rbs_spacer=5-10bp;gc,26.0
JAEYHZ010000004.1_7,G,K,G,G,G,K,S,D,K,D,C,D,C,ID=46_7;partial=00;start_type=ATG;rbs_motif=GGAGG;rbs_spacer=5-10bp;gc_cont=0.436,ID=46_7;partial=00;start_type=ATG;rbs_motif=GGAGG;rbs_spacer=5-10bp;gc,26.0
JAEZCA010000035.1_219,G,K,G,G,G,K,S,D,K,D,C,D,C,ID=42_219;partial=00;start_type=ATG;rbs_motif=AGGAGG;rbs_spacer=5-10bp;gc_cont=0.459,ID=42_219;partial=00;start_type=ATG;rbs_motif=AGGAGG;rbs_spacer=5-10bp;gc,26.0
JAEZGM010000042.1_41,G,K,G,G,G,K,S,D,K,D,C,D,C,ID=48_41;partial=00;start_type=ATG;rbs_motif=AGGAGG;rbs_spacer=5-10bp;gc_cont=0.564,ID=48_41;partial=00;start_type=ATG;rbs_motif=AGGAGG;rbs_spacer=5-10bp;gc,26.0
JAFABC010000259.1_10,G,K,G,G,G,K,S,D,K,D,C,D,C,ID=302_10;partial=00;start_type=ATG;rbs_motif=AGGAGG;rbs_spacer=5-10bp;gc_cont=0.608,ID=302_10;partial=00;start_type=ATG;rbs_motif=AGGAGG;rbs_spacer=5-10bp;gc,26.0
JAEZKY010000275.1_2,G,K,G,G,G,K,S,D,K,D,C,D,C,ID=326_2;partial=00;start_type=ATG;rbs_motif=AGGAG;rbs_spacer=5-10bp;gc_cont=0.353,ID=326_2;partial=00;start_type=ATG;rbs_motif=AGGAG;rbs_spacer=5-10bp;gc,26.0
JAEXNS010000368.1_3,G,K,G,G,G,K,S,D,K,D,C,D,C,ID=263_3;partial=00;start_type=ATG;rbs_motif=GGAGG;rbs_spacer=5-10bp;gc_cont=0.358,ID=263_3;partial=00;start_type=ATG;rbs_motif=GGAGG;rbs_spacer=5-10bp;gc,26.0
JAEWNN010000135.1_21,G,K,G,G,G,K,S,D,K,D,C,D,C,ID=135_21;partial=00;start_type=ATG;rbs_motif=None;rbs_spacer=None;gc_cont=0.634,ID=135_21;partial=00;start_type=ATG;rbs_motif=None;rbs_spacer=None;gc,26.0
JAMPXP010000016.1_68,G,K,G,G,G,K,S,D,K,D,C,D,C,ID=35_68;partial=00;start_type=ATG;rbs_motif=AGGA;rbs_spacer=5-10bp;gc_cont=0.550,ID=35_68;partial=00;start_type=ATG;rbs_motif=AGGA;rbs_spacer=5-10bp;gc,26.0
JALJOM010000008.1_383,G,K,G,G,G,K,S,D,K,D,C,D,C,ID=8_383;partial=00;start_type=ATG;rbs_motif=GGAG/GAGG;rbs_spacer=5-10bp;gc_cont=0.632,ID=8_383;partial=00;start_type=ATG;rbs_motif=GGAG/GAGG;rbs_spacer=5-10bp;gc,26.0
JAIKZC010000270.1_3,G,K,G,G,G,K,S,D,K,D,C,D,C,ID=204_3;partial=00;start_type=ATG;rbs_motif=AGGAG;rbs_spacer=5-10bp;gc_cont=0.432,ID=204_3;partial=00;start_type=ATG;rbs_motif=AGGAG;rbs_spacer=5-10bp;gc,26.0
JAILRZ010000055.1_37,G,K,G,G,G,K,S,D,K,D,C,D,C,ID=17_37;partial=00;start_type=ATG;rbs_motif=AGGA;rbs_spacer=5-10bp;gc_cont=0.385,ID=17_37;partial=00;start_type=ATG;rbs_motif=AGGA;rbs_spacer=5-10bp;gc,26.0
FMTN01000009.1_120,G,K,G,G,G,K,S,D,K,D,C,D,C,ID=44_120;partial=00;start_type=ATG;rbs_motif=AGGAG;rbs_spacer=5-10bp;gc_cont=0.474,ID=44_120;partial=00;start_type=ATG;rbs_motif=AGGAG;rbs_spacer=5-10bp;gc,26.0
OMYO01000017.1_30,G,K,G,G,G,K,S,D,K,D,C,D,C,ID=32_30;partial=00;start_type=ATG;rbs_motif=GGAGG;rbs_spacer=5-10bp;gc_cont=0.570,ID=32_30;partial=00;start_type=ATG;rbs_motif=GGAGG;rbs_spacer=5-10bp;gc,26.0
URQW01000020.1_13,G,K,G,G,G,K,S,D,K,D,C,D,C,ID=20_13;partial=00;start_type=ATG;rbs_motif=AGGAGG;rbs_spacer=5-10bp;gc_cont=0.462,ID=20_13;partial=00;start_type=ATG;rbs_motif=AGGAGG;rbs_spacer=5-10bp;gc,26.0
CACWQH010000033.1_7,G,K,G,G,G,K,S,D,K,D,C,D,C,ID=33_7;partial=00;start_type=ATG;rbs_motif=AGGA;rbs_spacer=5-10bp;gc_cont=0.423,ID=33_7;partial=00;start_type=ATG;rbs_motif=AGGA;rbs_spacer=5-10bp;gc,26.0
CACYSH010000001.1_54,G,K,G,G,G,K,S,D,K,D,C,D,C,ID=1_54;partial=00;start_type=ATG;rbs_motif=GGAG/GAGG;rbs_spacer=5-10bp;gc_cont=0.543,ID=1_54;partial=00;start_type=ATG;rbs_motif=GGAG/GAGG;rbs_spacer=5-10bp;gc,26.0
CADAAS010000015.1_3,G,K,G,G,G,K,S,D,K,D,C,D,C,ID=15_3;partial=00;start_type=ATG;rbs_motif=GGAG/GAGG;rbs_spacer=5-10bp;gc_cont=0.555,ID=15_3;partial=00;start_type=ATG;rbs_motif=GGAG/GAGG;rbs_spacer=5-10bp;gc,26.0
CADBSK010000042.1_23,G,K,G,G,G,K,S,D,K,D,C,D,C,ID=42_23;partial=00;start_type=ATG;rbs_motif=AGGAG;rbs_spacer=5-10bp;gc_cont=0.428,ID=42_23;partial=00;start_type=ATG;rbs_motif=AGGAG;rbs_spacer=5-10bp;gc,26.0
CADDYS010000120.1_4,G,K,G,G,G,K,S,D,K,D,C,D,C,ID=120_4;partial=00;start_type=ATG;rbs_motif=AGGAGG;rbs_spacer=5-10bp;gc_cont=0.513,ID=120_4;partial=00;start_type=ATG;rbs_motif=AGGAGG;rbs_spacer=5-10bp;gc,26.0
CAILXB010000282.1_2,G,K,G,G,G,K,S,D,K,D,C,D,C,ID=282_2;partial=01;start_type=ATG;rbs_motif=None;rbs_spacer=None;gc_cont=0.502,ID=282_2;partial=01;start_type=ATG;rbs_motif=None;rbs_spacer=None;gc,26.0
CAIOMN010000212.1_15,G,K,G,G,G,K,S,D,K,D,C,D,C,ID=212_15;partial=01;start_type=ATG;rbs_motif=AGGAG;rbs_spacer=5-10bp;gc_cont=0.431,ID=212_15;partial=01;start_type=ATG;rbs_motif=AGGAG;rbs_spacer=5-10bp;gc,26.0
CAIQZX010000182.1_36,G,K,G,G,G,K,S,D,K,D,C,D,C,ID=182_36;partial=00;start_type=ATG;rbs_motif=GGAG/GAGG;rbs_spacer=5-10bp;gc_cont=0.442,ID=182_36;partial=00;start_type=ATG;rbs_motif=GGAG/GAGG;rbs_spacer=5-10bp;gc,26.0
CAIUEN010000270.1_6,G,K,G,G,G,K,S,D,K,D,C,D,C,ID=270_6;partial=00;start_type=ATG;rbs_motif=None;rbs_spacer=None;gc_cont=0.552,ID=270_6;partial=00;start_type=ATG;rbs_motif=None;rbs_spacer=None;gc,26.0
CAIXAE010000045.1_122,G,K,G,G,G,K,S,D,K,D,C,D,C,ID=45_122;partial=00;start_type=ATG;rbs_motif=AGGAG;rbs_spacer=5-10bp;gc_cont=0.416,ID=45_122;partial=00;start_type=ATG;rbs_motif=AGGAG;rbs_spacer=5-10bp;gc,26.0
CAJEXW010000021.1_9,G,K,G,G,G,K,S,D,K,D,C,D,C,ID=21_9;partial=00;start_type=ATG;rbs_motif=None;rbs_spacer=None;gc_cont=0.490,ID=21_9;partial=00;start_type=ATG;rbs_motif=None;rbs_spacer=None;gc,26.0
CAJVYJ010000038.1_11,G,K,G,G,G,K,S,D,K,D,C,D,C,ID=38_11;partial=00;start_type=ATG;rbs_motif=AGGAGG;rbs_spacer=5-10bp;gc_cont=0.454,ID=38_11;partial=00;start_type=ATG;rbs_motif=AGGAGG;rbs_spacer=5-10bp;gc,26.0
CALZIC010000396.1_7,G,K,G,G,G,K,S,D,K,D,C,D,C,ID=396_7;partial=01;start_type=ATG;rbs_motif=AGGA;rbs_spacer=5-10bp;gc_cont=0.615,ID=396_7;partial=01;start_type=ATG;rbs_motif=AGGA;rbs_spacer=5-10bp;gc,26.0
NC_007512.1_1574,G,K,G,G,G,K,S,D,K,D,C,D,C,ID=1_1574;partial=00;start_type=ATG;rbs_motif=None;rbs_spacer=None;gc_cont=0.590,ID=1_1574;partial=00;start_type=ATG;rbs_motif=None;rbs_spacer=None;gc,26.0
NC_010794.1_1621,G,K,G,G,G,K,S,D,K,D,C,D,C,ID=1_1621;partial=00;start_type=GTG;rbs_motif=AAAAA;rbs_spacer=10bp;gc_cont=0.479,ID=1_1621;partial=00;start_type=GTG;rbs_motif=AAAAA;rbs_spacer=10bp;gc,26.0
NC_012848.1_282,G,K,G,G,G,K,S,D,K,D,C,D,C,ID=2_282;partial=00;start_type=ATG;rbs_motif=AGGA;rbs_spacer=5-10bp;gc_cont=0.559,ID=2_282;partial=00;start_type=ATG;rbs_motif=AGGA;rbs_spacer=5-10bp;gc,26.0
NC_014632.1_1424,G,K,G,G,G,K,S,D,K,D,C,D,C,ID=1_1424;partial=00;start_type=ATG;rbs_motif=AGxAGG/AGGxGG;rbs_spacer=5-10bp;gc_cont=0.386,ID=1_1424;partial=00;start_type=ATG;rbs_motif=AGxAGG/AGGxGG;rbs_spacer=5-10bp;gc,26.0
NC_014833.1_2466,G,K,G,G,G,K,S,D,K,D,C,D,C,ID=1_2466;partial=00;start_type=ATG;rbs_motif=GGAG/GAGG;rbs_spacer=5-10bp;gc_cont=0.498,ID=1_2466;partial=00;start_type=ATG;rbs_motif=GGAG/GAGG;rbs_spacer=5-10bp;gc,26.0
NZ_AGAF01000125.1_10,G,K,G,G,G,K,S,D,K,D,C,D,C,ID=158_10;partial=00;start_type=ATG;rbs_motif=AGGAG;rbs_spacer=5-10bp;gc_cont=0.455,ID=158_10;partial=00;start_type=ATG;rbs_motif=AGGAG;rbs_spacer=5-10bp;gc,26.0
NZ_AGRW01000050.1_16,G,K,G,G,G,K,S,D,K,D,C,D,C,ID=7_16;partial=00;start_type=ATG;rbs_motif=AGGAG;rbs_spacer=5-10bp;gc_cont=0.566,ID=7_16;partial=00;start_type=ATG;rbs_motif=AGGAG;rbs_spacer=5-10bp;gc,26.0
NZ_CP013949.1_6356,G,K,G,G,G,K,S,D,K,D,C,D,C,ID=1_6356;partial=00;start_type=ATG;rbs_motif=GGAG/GAGG;rbs_spacer=5-10bp;gc_cont=0.562,ID=1_6356;partial=00;start_type=ATG;rbs_motif=GGAG/GAGG;rbs_spacer=5-10bp;gc,26.0
NC_020291.1_3007,G,K,G,G,G,K,S,D,K,D,C,D,C,ID=1_3007;partial=00;start_type=ATG;rbs_motif=AGGAGG;rbs_spacer=5-10bp;gc_cont=0.348,ID=1_3007;partial=00;start_type=ATG;rbs_motif=AGGAGG;rbs_spacer=5-10bp;gc,26.0
NZ_KB899493.1_262,G,K,G,G,G,K,S,D,K,D,C,D,C,ID=3_262;partial=00;start_type=ATG;rbs_motif=AGGAG;rbs_spacer=5-10bp;gc_cont=0.651,ID=3_262;partial=00;start_type=ATG;rbs_motif=AGGAG;rbs_spacer=5-10bp;gc,26.0
NZ_ATUZ01000015.1_112,G,K,G,G,G,K,S,D,K,D,C,D,C,ID=15_112;partial=00;start_type=ATG;rbs_motif=GGAG/GAGG;rbs_spacer=5-10bp;gc_cont=0.591,ID=15_112;partial=00;start_type=ATG;rbs_motif=GGAG/GAGG;rbs_spacer=5-10bp;gc,26.0
NZ_KE387171.1_235,G,K,G,G,G,K,S,D,K,D,C,D,C,ID=1_235;partial=00;start_type=ATG;rbs_motif=GGA/GAG/AGG;rbs_spacer=5-10bp;gc_cont=0.433,ID=1_235;partial=00;start_type=ATG;rbs_motif=GGA/GAG/AGG;rbs_spacer=5-10bp;gc,26.0
NZ_AXUN02000180.1_30,G,K,G,G,G,K,S,D,K,D,C,D,C,ID=62_30;partial=00;start_type=ATG;rbs_motif=AGGAGG;rbs_spacer=5-10bp;gc_cont=0.507,ID=62_30;partial=00;start_type=ATG;rbs_motif=AGGAGG;rbs_spacer=5-10bp;gc,26.0
NZ_ASSC01000340.1_1,G,K,G,G,G,K,S,D,K,D,C,D,C,ID=340_1;partial=10;start_type=ATG;rbs_motif=GGA/GAG/AGG;rbs_spacer=5-10bp;gc_cont=0.521,ID=340_1;partial=10;start_type=ATG;rbs_motif=GGA/GAG/AGG;rbs_spacer=5-10bp;gc,26.0
NZ_JHXK01000012.1_40,G,K,G,G,G,K,S,D,K,D,C,D,C,ID=9_40;partial=00;start_type=ATG;rbs_motif=AGGAG;rbs_spacer=5-10bp;gc_cont=0.357,ID=9_40;partial=00;start_type=ATG;rbs_motif=AGGAG;rbs_spacer=5-10bp;gc,26.0
NZ_JPIK01000011.1_120,G,K,G,G,G,K,S,D,K,D,C,D,C,ID=11_120;partial=00;start_type=ATG;rbs_motif=GGAGG;rbs_spacer=5-10bp;gc_cont=0.567,ID=11_120;partial=00;start_type=ATG;rbs_motif=GGAGG;rbs_spacer=5-10bp;gc,26.0
NZ_KN360939.1_51,G,K,G,G,G,K,S,D,K,D,C,D,C,ID=32_51;partial=00;start_type=ATG;rbs_motif=None;rbs_spacer=None;gc_cont=0.530,ID=32_51;partial=00;start_type=ATG;rbs_motif=None;rbs_spacer=None;gc,26.0
NZ_CP010803.1_3099,G,K,G,G,G,K,S,D,K,D,C,D,C,ID=1_3099;partial=00;start_type=ATG;rbs_motif=AGGAG;rbs_spacer=5-10bp;gc_cont=0.593,ID=1_3099;partial=00;start_type=ATG;rbs_motif=AGGAG;rbs_spacer=5-10bp;gc,26.0
NZ_JVDT01000116.1_11,G,K,G,G,G,K,S,D,K,D,C,D,C,ID=89_11;partial=00;start_type=ATG;rbs_motif=AGxAGG/AGGxGG;rbs_spacer=5-10bp;gc_cont=0.371,ID=89_11;partial=00;start_type=ATG;rbs_motif=AGxAGG/AGGxGG;rbs_spacer=5-10bp;gc,26.0
NZ_LJYG01000065.1_13,G,K,G,G,G,K,S,D,K,D,C,D,C,ID=65_13;partial=01;start_type=ATG;rbs_motif=GGAG/GAGG;rbs_spacer=5-10bp;gc_cont=0.588,ID=65_13;partial=01;start_type=ATG;rbs_motif=GGAG/GAGG;rbs_spacer=5-10bp;gc,26.0
NZ_BCTX01000033.1_42,G,K,G,G,G,K,S,D,K,D,C,D,C,ID=33_42;partial=00;start_type=ATG;rbs_motif=AGGAG;rbs_spacer=5-10bp;gc_cont=0.614,ID=33_42;partial=00;start_type=ATG;rbs_motif=AGGAG;rbs_spacer=5-10bp;gc,26.0
NZ_LWBS01000418.1_45,G,K,G,G,G,K,S,D,K,D,C,D,C,ID=418_45;partial=00;start_type=ATG;rbs_motif=AGGA;rbs_spacer=5-10bp;gc_cont=0.548,ID=418_45;partial=00;start_type=ATG;rbs_motif=AGGA;rbs_spacer=5-10bp;gc,26.0
NZ_MARB01000010.1_42,G,K,G,G,G,K,S,D,K,D,C,D,C,ID=10_42;partial=00;start_type=ATG;rbs_motif=AGGAG;rbs_spacer=5-10bp;gc_cont=0.573,ID=10_42;partial=00;start_type=ATG;rbs_motif=AGGAG;rbs_spacer=5-10bp;gc,26.0
NZ_CP015519.1_173,G,K,G,G,G,K,S,D,K,D,C,D,C,ID=1_173;partial=00;start_type=ATG;rbs_motif=AGGAG;rbs_spacer=5-10bp;gc_cont=0.550,ID=1_173;partial=00;start_type=ATG;rbs_motif=AGGAG;rbs_spacer=5-10bp;gc,26.0
NZ_MWUM01000001.1_409,G,K,G,G,G,K,S,D,K,D,C,D,C,ID=110_409;partial=00;start_type=ATG;rbs_motif=AGGAG;rbs_spacer=5-10bp;gc_cont=0.610,ID=110_409;partial=00;start_type=ATG;rbs_motif=AGGAG;rbs_spacer=5-10bp;gc,26.0
NZ_CP022423.1_581,G,K,G,G,G,K,S,D,K,D,C,D,C,ID=1_581;partial=00;start_type=ATG;rbs_motif=GGAG/GAGG;rbs_spacer=5-10bp;gc_cont=0.603,ID=1_581;partial=00;start_type=ATG;rbs_motif=GGAG/GAGG;rbs_spacer=5-10bp;gc,26.0
NZ_NSFV01000032.1_11,G,K,G,G,G,K,S,D,K,D,C,D,C,ID=26_11;partial=00;start_type=ATG;rbs_motif=AGGA;rbs_spacer=5-10bp;gc_cont=0.598,ID=26_11;partial=00;start_type=ATG;rbs_motif=AGGA;rbs_spacer=5-10bp;gc,26.0
NZ_AUUU01000066.1_15,G,K,G,G,G,K,S,D,K,D,C,D,C,ID=227_15;partial=00;start_type=ATG;rbs_motif=AGGAGG;rbs_spacer=5-10bp;gc_cont=0.349,ID=227_15;partial=00;start_type=ATG;rbs_motif=AGGAGG;rbs_spacer=5-10bp;gc,26.0
NZ_LODW01000108.1_1,G,K,G,G,G,K,S,D,K,D,C,D,C,ID=108_1;partial=00;start_type=ATG;rbs_motif=AGGA;rbs_spacer=5-10bp;gc_cont=0.598,ID=108_1;partial=00;start_type=ATG;rbs_motif=AGGA;rbs_spacer=5-10bp;gc,26.0
NZ_PZKF01000026.1_9,G,K,G,G,G,K,S,D,K,D,C,D,C,ID=26_9;partial=00;start_type=ATG;rbs_motif=AGGA;rbs_spacer=5-10bp;gc_cont=0.614,ID=26_9;partial=00;start_type=ATG;rbs_motif=AGGA;rbs_spacer=5-10bp;gc,26.0
NZ_QGLE01000002.1_391,G,K,G,G,G,K,S,D,K,D,C,D,C,ID=12_391;partial=00;start_type=ATG;rbs_motif=AGGA;rbs_spacer=5-10bp;gc_cont=0.641,ID=12_391;partial=00;start_type=ATG;rbs_motif=AGGA;rbs_spacer=5-10bp;gc,26.0
NZ_QMBP01000030.1_31,G,K,G,G,G,K,S,D,K,D,C,D,C,ID=23_31;partial=00;start_type=ATG;rbs_motif=AGGA;rbs_spacer=5-10bp;gc_cont=0.598,ID=23_31;partial=00;start_type=ATG;rbs_motif=AGGA;rbs_spacer=5-10bp;gc,26.0
NZ_AP017928.1_5260,G,K,G,G,G,K,S,D,K,D,C,D,C,ID=1_5260;partial=00;start_type=ATG;rbs_motif=GGAG/GAGG;rbs_spacer=5-10bp;gc_cont=0.575,ID=1_5260;partial=00;start_type=ATG;rbs_motif=GGAG/GAGG;rbs_spacer=5-10bp;gc,26.0
NZ_RQXT01000042.1_42,G,K,G,G,G,K,S,D,K,D,C,D,C,ID=241_42;partial=00;start_type=ATG;rbs_motif=AGGA;rbs_spacer=5-10bp;gc_cont=0.610,ID=241_42;partial=00;start_type=ATG;rbs_motif=AGGA;rbs_spacer=5-10bp;gc,26.0
NZ_RWKV01000001.1_80,G,K,G,G,G,K,S,D,K,D,C,D,C,ID=2_80;partial=00;start_type=ATG;rbs_motif=None;rbs_spacer=None;gc_cont=0.651,ID=2_80;partial=00;start_type=ATG;rbs_motif=None;rbs_spacer=None;gc,26.0
NZ_SDGU01000072.1_3,G,K,G,G,G,K,S,D,K,D,C,D,C,ID=113_3;partial=00;start_type=ATG;rbs_motif=None;rbs_spacer=None;gc_cont=0.568,ID=113_3;partial=00;start_type=ATG;rbs_motif=None;rbs_spacer=None;gc,26.0
NZ_SLXD01000012.1_77,G,K,G,G,G,K,S,D,K,D,C,D,C,ID=12_77;partial=00;start_type=ATG;rbs_motif=GGAG/GAGG;rbs_spacer=5-10bp;gc_cont=0.655,ID=12_77;partial=00;start_type=ATG;rbs_motif=GGAG/GAGG;rbs_spacer=5-10bp;gc,26.0
NZ_SPQS01000036.1_25,G,K,G,G,G,K,S,D,K,D,C,D,C,ID=75_25;partial=00;start_type=ATG;rbs_motif=GGAG/GAGG;rbs_spacer=5-10bp;gc_cont=0.579,ID=75_25;partial=00;start_type=ATG;rbs_motif=GGAG/GAGG;rbs_spacer=5-10bp;gc,26.0
NZ_SWJZ01000010.1_7,G,K,G,G,G,K,S,D,K,D,C,D,C,ID=6_7;partial=00;start_type=ATG;rbs_motif=GGAG/GAGG;rbs_spacer=5-10bp;gc_cont=0.599,ID=6_7;partial=00;start_type=ATG;rbs_motif=GGAG/GAGG;rbs_spacer=5-10bp;gc,26.0
NZ_AP019717.1_418,G,K,G,G,G,K,S,D,K,D,C,D,C,ID=2_418;partial=00;start_type=ATG;rbs_motif=AGGAGG;rbs_spacer=5-10bp;gc_cont=0.354,ID=2_418;partial=00;start_type=ATG;rbs_motif=AGGAGG;rbs_spacer=5-10bp;gc,26.0
NZ_SJPV01000001.1_559,G,K,G,G,G,K,S,D,K,D,C,D,C,ID=1_559;partial=00;start_type=ATG;rbs_motif=AGGA;rbs_spacer=5-10bp;gc_cont=0.537,ID=1_559;partial=00;start_type=ATG;rbs_motif=AGGA;rbs_spacer=5-10bp;gc,26.0
NZ_VWRQ01000003.1_209,G,K,G,G,G,K,S,D,K,D,C,D,C,ID=23_209;partial=00;start_type=ATG;rbs_motif=AGGA/GGAG/GAGG;rbs_spacer=11-12bp;gc_cont=0.580,ID=23_209;partial=00;start_type=ATG;rbs_motif=AGGA/GGAG/GAGG;rbs_spacer=11-12bp;gc,26.0
NZ_AP021875.1_3043,G,K,G,G,G,K,S,D,K,D,C,D,C,ID=1_3043;partial=00;start_type=ATG;rbs_motif=AGGA;rbs_spacer=5-10bp;gc_cont=0.568,ID=1_3043;partial=00;start_type=ATG;rbs_motif=AGGA;rbs_spacer=5-10bp;gc,26.0
NZ_WXEX01000020.1_21,G,K,G,G,G,K,S,D,K,D,C,D,C,ID=13_21;partial=00;start_type=ATG;rbs_motif=AGGAGG;rbs_spacer=5-10bp;gc_cont=0.589,ID=13_21;partial=00;start_type=ATG;rbs_motif=AGGAGG;rbs_spacer=5-10bp;gc,26.0
NZ_JAAIYP010000011.1_68,G,K,G,G,G,K,S,D,K,D,C,D,C,ID=11_68;partial=00;start_type=ATG;rbs_motif=AGGA;rbs_spacer=5-10bp;gc_cont=0.634,ID=11_68;partial=00;start_type=ATG;rbs_motif=AGGA;rbs_spacer=5-10bp;gc,26.0
NZ_WTVQ01000001.1_189,G,K,G,G,G,K,S,D,K,D,C,D,C,ID=58_189;partial=00;start_type=ATG;rbs_motif=AGGAG;rbs_spacer=5-10bp;gc_cont=0.635,ID=58_189;partial=00;start_type=ATG;rbs_motif=AGGAG;rbs_spacer=5-10bp;gc,26.0
NZ_JABEKU010000005.1_43,G,K,G,G,G,K,S,D,K,D,C,D,C,ID=5_43;partial=00;start_type=ATG;rbs_motif=AGGA;rbs_spacer=5-10bp;gc_cont=0.595,ID=5_43;partial=00;start_type=ATG;rbs_motif=AGGA;rbs_spacer=5-10bp;gc,26.0
NZ_JABEQF010000006.1_224,G,K,G,G,G,K,S,D,K,D,C,D,C,ID=6_224;partial=00;start_type=ATG;rbs_motif=GGA/GAG/AGG;rbs_spacer=5-10bp;gc_cont=0.623,ID=6_224;partial=00;start_type=ATG;rbs_motif=GGA/GAG/AGG;rbs_spacer=5-10bp;gc,26.0
NZ_CP060084.1_2016,G,K,G,G,G,K,S,D,K,D,C,D,C,ID=1_2016;partial=00;start_type=ATG;rbs_motif=AGGAG;rbs_spacer=5-10bp;gc_cont=0.464,ID=1_2016;partial=00;start_type=ATG;rbs_motif=AGGAG;rbs_spacer=5-10bp;gc,26.0
NZ_JACJRE010000037.1_51,G,K,G,G,G,K,S,D,K,D,C,D,C,ID=98_51;partial=00;start_type=ATG;rbs_motif=AGGAG;rbs_spacer=5-10bp;gc_cont=0.478,ID=98_51;partial=00;start_type=ATG;rbs_motif=AGGAG;rbs_spacer=5-10bp;gc,26.0
NZ_CP030047.1_7534,G,K,G,G,G,K,S,D,K,D,C,D,C,ID=1_7534;partial=00;start_type=ATG;rbs_motif=GGAG/GAGG;rbs_spacer=5-10bp;gc_cont=0.589,ID=1_7534;partial=00;start_type=ATG;rbs_motif=GGAG/GAGG;rbs_spacer=5-10bp;gc,26.0
NZ_NHSN01000005.1_21,G,K,G,G,G,K,S,D,K,D,C,D,C,ID=5_21;partial=00;start_type=ATG;rbs_motif=AGGAGG;rbs_spacer=5-10bp;gc_cont=0.648,ID=5_21;partial=00;start_type=ATG;rbs_motif=AGGAGG;rbs_spacer=5-10bp;gc,26.0
NZ_JAFFQA010000017.1_82,G,K,G,G,G,K,S,D,K,D,C,D,C,ID=88_82;partial=00;start_type=ATG;rbs_motif=AGGAG;rbs_spacer=5-10bp;gc_cont=0.521,ID=88_82;partial=00;start_type=ATG;rbs_motif=AGGAG;rbs_spacer=5-10bp;gc,26.0
NZ_JAGGLT010000020.1_46,G,K,G,G,G,K,S,D,K,D,C,D,C,ID=20_46;partial=00;start_type=ATG;rbs_motif=AGGAGG;rbs_spacer=5-10bp;gc_cont=0.403,ID=20_46;partial=00;start_type=ATG;rbs_motif=AGGAGG;rbs_spacer=5-10bp;gc,26.0
NZ_CP073653.1_611,G,K,G,G,G,K,S,D,K,D,C,D,C,ID=1_611;partial=00;start_type=ATG;rbs_motif=AGGAG;rbs_spacer=5-10bp;gc_cont=0.358,ID=1_611;partial=00;start_type=ATG;rbs_motif=AGGAG;rbs_spacer=5-10bp;gc,26.0
NZ_JABBDR010000167.1_43,G,K,G,G,G,K,S,D,K,D,C,D,C,ID=76_43;partial=00;start_type=ATG;rbs_motif=AGGAG;rbs_spacer=5-10bp;gc_cont=0.558,ID=76_43;partial=00;start_type=ATG;rbs_motif=AGGAG;rbs_spacer=5-10bp;gc,26.0
NZ_JAIEZO010000002.1_33,G,K,G,G,G,K,S,D,K,D,C,D,C,ID=22_33;partial=00;start_type=ATG;rbs_motif=None;rbs_spacer=None;gc_cont=0.615,ID=22_33;partial=00;start_type=ATG;rbs_motif=None;rbs_spacer=None;gc,26.0
NZ_JAGKJK010000007.1_339,G,K,G,G,G,K,S,D,K,D,C,D,C,ID=57_339;partial=00;start_type=ATG;rbs_motif=GGAG/GAGG;rbs_spacer=5-10bp;gc_cont=0.603,ID=57_339;partial=00;start_type=ATG;rbs_motif=GGAG/GAGG;rbs_spacer=5-10bp;gc,26.0
NZ_PGCK01000003.1_111,G,K,G,G,G,K,S,D,K,D,C,D,C,ID=33_111;partial=00;start_type=ATG;rbs_motif=AGGAG;rbs_spacer=5-10bp;gc_cont=0.559,ID=33_111;partial=00;start_type=ATG;rbs_motif=AGGAG;rbs_spacer=5-10bp;gc,26.0
NZ_CP032674.1_363,G,K,G,G,G,K,S,D,K,D,C,D,C,ID=1_363;partial=00;start_type=ATG;rbs_motif=AGGAG;rbs_spacer=5-10bp;gc_cont=0.641,ID=1_363;partial=00;start_type=ATG;rbs_motif=AGGAG;rbs_spacer=5-10bp;gc,26.0
NZ_JAKZKV010000003.1_218,G,K,G,G,G,K,S,D,K,D,C,D,C,ID=23_218;partial=00;start_type=ATG;rbs_motif=TAAA;rbs_spacer=11bp;gc_cont=0.430,ID=23_218;partial=00;start_type=ATG;rbs_motif=TAAA;rbs_spacer=11bp;gc,26.0
NZ_BQYJ01000009.1_51,G,K,G,G,G,K,S,D,K,D,C,D,C,ID=9_51;partial=00;start_type=ATG;rbs_motif=AGxAGG/AGGxGG;rbs_spacer=5-10bp;gc_cont=0.373,ID=9_51;partial=00;start_type=ATG;rbs_motif=AGxAGG/AGGxGG;rbs_spacer=5-10bp;gc,26.0
NZ_JANADK010000001.1_1593,G,K,G,G,G,K,S,D,K,D,C,D,C,ID=1_1593;partial=00;start_type=ATG;rbs_motif=GGAG/GAGG;rbs_spacer=5-10bp;gc_cont=0.590,ID=1_1593;partial=00;start_type=ATG;rbs_motif=GGAG/GAGG;rbs_spacer=5-10bp;gc,26.0
NZ_CP080528.1_770,G,K,G,G,G,K,S,D,K,D,C,D,C,ID=5_770;partial=00;start_type=ATG;rbs_motif=AGGA;rbs_spacer=5-10bp;gc_cont=0.619,ID=5_770;partial=00;start_type=ATG;rbs_motif=AGGA;rbs_spacer=5-10bp;gc,26.0
NZ_FMUR01000007.1_124,G,K,G,G,G,K,S,D,K,D,C,D,C,ID=19_124;partial=00;start_type=ATG;rbs_motif=AGGAG;rbs_spacer=5-10bp;gc_cont=0.445,ID=19_124;partial=00;start_type=ATG;rbs_motif=AGGAG;rbs_spacer=5-10bp;gc,26.0
NZ_FNWO01000003.1_129,G,K,G,G,G,K,S,D,K,D,C,D,C,ID=14_129;partial=00;start_type=ATG;rbs_motif=AGGA;rbs_spacer=5-10bp;gc_cont=0.604,ID=14_129;partial=00;start_type=ATG;rbs_motif=AGGA;rbs_spacer=5-10bp;gc,26.0
NZ_FOQM01000030.1_29,G,K,G,G,G,K,S,D,K,D,C,D,C,ID=79_29;partial=00;start_type=ATG;rbs_motif=GGAG/GAGG;rbs_spacer=5-10bp;gc_cont=0.565,ID=79_29;partial=00;start_type=ATG;rbs_motif=GGAG/GAGG;rbs_spacer=5-10bp;gc,26.0
NZ_FQXK01000005.1_138,G,K,G,G,G,K,S,D,K,D,C,D,C,ID=40_138;partial=00;start_type=ATG;rbs_motif=GGAGG;rbs_spacer=5-10bp;gc_cont=0.429,ID=40_138;partial=00;start_type=ATG;rbs_motif=GGAGG;rbs_spacer=5-10bp;gc,26.0
NZ_FXAM01000003.1_20,G,K,G,G,G,K,S,D,K,D,C,D,C,ID=4_20;partial=00;start_type=ATG;rbs_motif=GGAG/GAGG;rbs_spacer=5-10bp;gc_cont=0.621,ID=4_20;partial=00;start_type=ATG;rbs_motif=GGAG/GAGG;rbs_spacer=5-10bp;gc,26.0
NZ_FXWP01000009.1_327,G,K,G,G,G,K,S,D,K,D,C,D,C,ID=18_327;partial=00;start_type=ATG;rbs_motif=AGGAG;rbs_spacer=5-10bp;gc_cont=0.551,ID=18_327;partial=00;start_type=ATG;rbs_motif=AGGAG;rbs_spacer=5-10bp;gc,26.0
NZ_LT964681.1_636,G,K,G,G,G,K,S,D,K,D,C,D,C,ID=3_636;partial=00;start_type=ATG;rbs_motif=AGGA;rbs_spacer=5-10bp;gc_cont=0.626,ID=3_636;partial=00;start_type=ATG;rbs_motif=AGGA;rbs_spacer=5-10bp;gc,26.0
NZ_LR797830.1_913,G,K,G,G,G,K,S,D,K,D,C,D,C,ID=1_913;partial=00;start_type=ATG;rbs_motif=GGAG/GAGG;rbs_spacer=5-10bp;gc_cont=0.622,ID=1_913;partial=00;start_type=ATG;rbs_motif=GGAG/GAGG;rbs_spacer=5-10bp;gc,26.0
DIVX01000074.1_13,G,K,G,G,G,K,S,D,K,D,C,D,C,ID=36_13;partial=00;start_type=ATG;rbs_motif=AGGAG;rbs_spacer=5-10bp;gc_cont=0.624,ID=36_13;partial=00;start_type=ATG;rbs_motif=AGGAG;rbs_spacer=5-10bp;gc,26.0
JAFNAS010000019.1_52,G,K,G,G,G,K,S,D,K,D,C,D,C,ID=8_52;partial=00;start_type=ATG;rbs_motif=TAA;rbs_spacer=12bp;gc_cont=0.465,ID=8_52;partial=00;start_type=ATG;rbs_motif=TAA;rbs_spacer=12bp;gc,26.0
JAEYGI010000069.1_7,G,K,G,G,G,K,S,D,K,D,C,D,C,ID=62_7;partial=00;start_type=ATG;rbs_motif=GGAGG;rbs_spacer=5-10bp;gc_cont=0.568,ID=62_7;partial=00;start_type=ATG;rbs_motif=GGAGG;rbs_spacer=5-10bp;gc,26.0
JAEXAS010000034.1_8,G,K,G,G,G,K,S,D,K,D,C,D,C,ID=34_8;partial=00;start_type=GTG;rbs_motif=AGGA;rbs_spacer=5-10bp;gc_cont=0.621,ID=34_8;partial=00;start_type=GTG;rbs_motif=AGGA;rbs_spacer=5-10bp;gc,26.0
NZ_CP018016.1_2212,G,K,G,G,G,K,S,D,K,D,C,D,C,ID=1_2212;partial=00;start_type=ATG;rbs_motif=GGAG/GAGG;rbs_spacer=5-10bp;gc_cont=0.499,ID=1_2212;partial=00;start_type=ATG;rbs_motif=GGAG/GAGG;rbs_spacer=5-10bp;gc,26.0
NZ_CP009506.1_3117,G,K,G,G,G,K,S,D,K,D,C,D,C,ID=1_3117;partial=00;start_type=ATG;rbs_motif=GGAGG;rbs_spacer=5-10bp;gc_cont=0.464,ID=1_3117;partial=00;start_type=ATG;rbs_motif=GGAGG;rbs_spacer=5-10bp;gc,26.0
NZ_QKQS01000006.1_443,G,K,G,G,G,K,S,D,K,D,C,D,C,ID=6_443;partial=00;start_type=ATG;rbs_motif=AGGAG;rbs_spacer=5-10bp;gc_cont=0.621,ID=6_443;partial=00;start_type=ATG;rbs_motif=AGGAG;rbs_spacer=5-10bp;gc,26.0
NZ_JAAMOZ010000001.1_2439,G,K,G,G,G,K,S,D,K,D,C,D,C,ID=1_2439;partial=00;start_type=ATG;rbs_motif=AGGA;rbs_spacer=5-10bp;gc_cont=0.627,ID=1_2439;partial=00;start_type=ATG;rbs_motif=AGGA;rbs_spacer=5-10bp;gc,26.0
NZ_JAKMAJ010000002.1_93,G,K,G,G,G,K,S,D,K,D,C,D,C,ID=2_93;partial=00;start_type=ATG;rbs_motif=GGAG/GAGG;rbs_spacer=5-10bp;gc_cont=0.489,ID=2_93;partial=00;start_type=ATG;rbs_motif=GGAG/GAGG;rbs_spacer=5-10bp;gc,26.0
LQAA01000036.1_11,G,K,G,G,G,K,S,D,K,D,C,D,C,ID=36_11;partial=00;start_type=ATG;rbs_motif=AGGAG;rbs_spacer=5-10bp;gc_cont=0.450,ID=36_11;partial=00;start_type=ATG;rbs_motif=AGGAG;rbs_spacer=5-10bp;gc,26.0
JAEZAV010000106.1_4,G,K,G,G,G,K,S,D,K,D,C,D,C,ID=150_4;partial=00;start_type=ATG;rbs_motif=GGAG/GAGG;rbs_spacer=5-10bp;gc_cont=0.413,ID=150_4;partial=00;start_type=ATG;rbs_motif=GGAG/GAGG;rbs_spacer=5-10bp;gc,26.0
JABXKI010000170.1_15,G,K,G,G,G,K,S,D,K,D,C,D,C,ID=116_15;partial=00;start_type=ATG;rbs_motif=AGGA;rbs_spacer=5-10bp;gc_cont=0.443,ID=116_15;partial=00;start_type=ATG;rbs_motif=AGGA;rbs_spacer=5-10bp;gc,26.0
NZ_JACJTB010000003.1_166,G,K,G,G,G,K,S,D,K,D,C,D,C,ID=23_166;partial=00;start_type=ATG;rbs_motif=AGGA/GGAG/GAGG;rbs_spacer=11-12bp;gc_cont=0.452,ID=23_166;partial=00;start_type=ATG;rbs_motif=AGGA/GGAG/GAGG;rbs_spacer=11-12bp;gc,26.0
NZ_CP044205.1_988,G,K,G,G,G,K,S,D,K,D,C,D,C,ID=1_988;partial=00;start_type=ATG;rbs_motif=AGGAG;rbs_spacer=5-10bp;gc_cont=0.552,ID=1_988;partial=00;start_type=ATG;rbs_motif=AGGAG;rbs_spacer=5-10bp;gc,26.0
CM001438.1_1010,G,K,G,G,G,K,S,D,K,D,C,D,C,ID=1_1010;partial=00;start_type=ATG;rbs_motif=AGGA;rbs_spacer=5-10bp;gc_cont=0.642,ID=1_1010;partial=00;start_type=ATG;rbs_motif=AGGA;rbs_spacer=5-10bp;gc,26.0
JQDQ01000073.1_12,G,K,G,G,G,K,S,D,K,D,C,D,C,ID=73_12;partial=00;start_type=ATG;rbs_motif=AGGA;rbs_spacer=5-10bp;gc_cont=0.526,ID=73_12;partial=00;start_type=ATG;rbs_motif=AGGA;rbs_spacer=5-10bp;gc,26.0
BBDR01000004.1_118,G,K,G,G,G,K,S,D,K,D,C,D,C,ID=4_118;partial=00;start_type=ATG;rbs_motif=GGAG/GAGG;rbs_spacer=5-10bp;gc_cont=0.510,ID=4_118;partial=00;start_type=ATG;rbs_motif=GGAG/GAGG;rbs_spacer=5-10bp;gc,26.0
KV441839.1_729,G,K,G,G,G,K,S,D,K,D,C,D,C,ID=1_729;partial=00;start_type=ATG;rbs_motif=None;rbs_spacer=None;gc_cont=0.617,ID=1_729;partial=00;start_type=ATG;rbs_motif=None;rbs_spacer=None;gc,26.0
MGZK01000070.1_4,G,K,G,G,G,K,S,D,K,D,C,D,C,ID=70_4;partial=00;start_type=ATG;rbs_motif=AGGAG;rbs_spacer=5-10bp;gc_cont=0.589,ID=70_4;partial=00;start_type=ATG;rbs_motif=AGGAG;rbs_spacer=5-10bp;gc,26.0
MTOU01000029.1_17,G,K,G,G,G,K,S,D,K,D,C,D,C,ID=26_17;partial=00;start_type=ATG;rbs_motif=AGGAGG;rbs_spacer=5-10bp;gc_cont=0.478,ID=26_17;partial=00;start_type=ATG;rbs_motif=AGGAGG;rbs_spacer=5-10bp;gc,26.0
DBMP01000029.1_90,G,K,G,G,G,K,S,D,K,D,C,D,C,ID=15_90;partial=00;start_type=ATG;rbs_motif=None;rbs_spacer=None;gc_cont=0.590,ID=15_90;partial=00;start_type=ATG;rbs_motif=None;rbs_spacer=None;gc,26.0
DCFR01000082.1_7,G,K,G,G,G,K,S,D,K,D,C,D,C,ID=69_7;partial=00;start_type=ATG;rbs_motif=GGAGG;rbs_spacer=5-10bp;gc_cont=0.479,ID=69_7;partial=00;start_type=ATG;rbs_motif=GGAGG;rbs_spacer=5-10bp;gc,26.0
DFEB01000077.1_10,G,K,G,G,G,K,S,D,K,D,C,D,C,ID=75_10;partial=00;start_type=ATG;rbs_motif=GGA/GAG/AGG;rbs_spacer=5-10bp;gc_cont=0.489,ID=75_10;partial=00;start_type=ATG;rbs_motif=GGA/GAG/AGG;rbs_spacer=5-10bp;gc,26.0
DHDP01000019.1_200,G,K,G,G,G,K,S,D,K,D,C,D,C,ID=13_200;partial=00;start_type=ATG;rbs_motif=AGGAG;rbs_spacer=5-10bp;gc_cont=0.498,ID=13_200;partial=00;start_type=ATG;rbs_motif=AGGAG;rbs_spacer=5-10bp;gc,26.0
DIUB01000164.1_14,G,K,G,G,G,K,S,D,K,D,C,D,C,ID=202_14;partial=00;start_type=ATG;rbs_motif=AGGAG;rbs_spacer=5-10bp;gc_cont=0.566,ID=202_14;partial=00;start_type=ATG;rbs_motif=AGGAG;rbs_spacer=5-10bp;gc,26.0
PAIY01000058.1_3,G,K,G,G,G,K,S,D,K,D,C,D,C,ID=76_3;partial=00;start_type=ATG;rbs_motif=AGGA;rbs_spacer=5-10bp;gc_cont=0.560,ID=76_3;partial=00;start_type=ATG;rbs_motif=AGGA;rbs_spacer=5-10bp;gc,26.0
PHEY01000006.1_195,G,K,G,G,G,K,S,D,K,D,C,D,C,ID=4_195;partial=00;start_type=ATG;rbs_motif=GGA/GAG/AGG;rbs_spacer=5-10bp;gc_cont=0.640,ID=4_195;partial=00;start_type=ATG;rbs_motif=GGA/GAG/AGG;rbs_spacer=5-10bp;gc,26.0
PKUI01000039.1_10,G,K,G,G,G,K,S,D,K,D,C,D,C,ID=130_10;partial=00;start_type=ATG;rbs_motif=AGGAG;rbs_spacer=5-10bp;gc_cont=0.567,ID=130_10;partial=00;start_type=ATG;rbs_motif=AGGAG;rbs_spacer=5-10bp;gc,26.0
PQAN01000100.1_14,G,K,G,G,G,K,S,D,K,D,C,D,C,ID=100_14;partial=00;start_type=ATG;rbs_motif=AGGAG;rbs_spacer=5-10bp;gc_cont=0.623,ID=100_14;partial=00;start_type=ATG;rbs_motif=AGGAG;rbs_spacer=5-10bp;gc,26.0
PMDE01000028.1_23,G,K,G,G,G,K,S,D,K,D,C,D,C,ID=41_23;partial=00;start_type=ATG;rbs_motif=GGAG/GAGG;rbs_spacer=5-10bp;gc_cont=0.535,ID=41_23;partial=00;start_type=ATG;rbs_motif=GGAG/GAGG;rbs_spacer=5-10bp;gc,26.0
PLSV01000141.1_133,G,K,G,G,G,K,S,D,K,D,C,D,C,ID=252_133;partial=00;start_type=ATG;rbs_motif=AGGAGG;rbs_spacer=5-10bp;gc_cont=0.559,ID=252_133;partial=00;start_type=ATG;rbs_motif=AGGAGG;rbs_spacer=5-10bp;gc,26.0
QKDG01000042.1_8,G,K,G,G,G,K,S,D,K,D,C,D,C,ID=145_8;partial=00;start_type=ATG;rbs_motif=GGAGG;rbs_spacer=5-10bp;gc_cont=0.436,ID=145_8;partial=00;start_type=ATG;rbs_motif=GGAGG;rbs_spacer=5-10bp;gc,26.0
NIZU01000043.1_1,G,K,G,G,G,K,S,D,K,D,C,D,C,ID=43_1;partial=00;start_type=ATG;rbs_motif=AGGA/GGAG/GAGG;rbs_spacer=11-12bp;gc_cont=0.504,ID=43_1;partial=00;start_type=ATG;rbs_motif=AGGA/GGAG/GAGG;rbs_spacer=11-12bp;gc,26.0
PXEI01000352.1_7,G,K,G,G,G,K,S,D,K,D,C,D,C,ID=137_7;partial=00;start_type=ATG;rbs_motif=AGGAGG;rbs_spacer=5-10bp;gc_cont=0.543,ID=137_7;partial=00;start_type=ATG;rbs_motif=AGGAGG;rbs_spacer=5-10bp;gc,26.0
RXJQ01000015.1_21,G,K,G,G,G,K,S,D,K,D,C,D,C,ID=12_21;partial=00;start_type=ATG;rbs_motif=GGAG/GAGG;rbs_spacer=5-10bp;gc_cont=0.598,ID=12_21;partial=00;start_type=ATG;rbs_motif=GGAG/GAGG;rbs_spacer=5-10bp;gc,26.0
SGBC01000001.1_688,G,K,G,G,G,K,S,D,K,D,C,D,C,ID=1_688;partial=00;start_type=ATG;rbs_motif=GGAGG;rbs_spacer=5-10bp;gc_cont=0.417,ID=1_688;partial=00;start_type=ATG;rbs_motif=GGAGG;rbs_spacer=5-10bp;gc,26.0
QZLB01000070.1_3,G,K,G,G,G,K,S,D,K,D,C,D,C,ID=57_3;partial=00;start_type=ATG;rbs_motif=AGGAG;rbs_spacer=5-10bp;gc_cont=0.455,ID=57_3;partial=00;start_type=ATG;rbs_motif=AGGAG;rbs_spacer=5-10bp;gc,26.0
SKKK01000483.1_2,G,K,G,G,G,K,S,D,K,D,C,D,C,ID=187_2;partial=00;start_type=ATG;rbs_motif=GGA/GAG/AGG;rbs_spacer=5-10bp;gc_cont=0.589,ID=187_2;partial=00;start_type=ATG;rbs_motif=GGA/GAG/AGG;rbs_spacer=5-10bp;gc,26.0
REEE01000267.1_18,G,K,G,G,G,K,S,D,K,D,C,D,C,ID=138_18;partial=00;start_type=ATG;rbs_motif=AGGAG;rbs_spacer=5-10bp;gc_cont=0.599,ID=138_18;partial=00;start_type=ATG;rbs_motif=AGGAG;rbs_spacer=5-10bp;gc,26.0
WASO01000010.1_170,G,K,G,G,G,K,S,D,K,D,C,D,C,ID=5_170;partial=00;start_type=ATG;rbs_motif=TAA;rbs_spacer=11bp;gc_cont=0.459,ID=5_170;partial=00;start_type=ATG;rbs_motif=TAA;rbs_spacer=11bp;gc,26.0
RZYB01000174.1_2,G,K,G,G,G,K,S,D,K,D,C,D,C,ID=467_2;partial=00;start_type=ATG;rbs_motif=AGGAG;rbs_spacer=5-10bp;gc_cont=0.572,ID=467_2;partial=00;start_type=ATG;rbs_motif=AGGAG;rbs_spacer=5-10bp;gc,26.0
JAABPV010000013.1_17,G,K,G,G,G,K,S,D,K,D,C,D,C,ID=13_17;partial=00;start_type=ATG;rbs_motif=AGGAGG;rbs_spacer=5-10bp;gc_cont=0.583,ID=13_17;partial=00;start_type=ATG;rbs_motif=AGGAGG;rbs_spacer=5-10bp;gc,26.0
JAAOXG010000093.1_15,G,K,G,G,G,K,S,D,K,D,C,D,C,ID=143_15;partial=00;start_type=ATG;rbs_motif=AGGAGG;rbs_spacer=5-10bp;gc_cont=0.464,ID=143_15;partial=00;start_type=ATG;rbs_motif=AGGAGG;rbs_spacer=5-10bp;gc,26.0
JAADGP010000120.1_22,G,K,G,G,G,K,S,D,K,D,C,D,C,ID=32_22;partial=00;start_type=ATG;rbs_motif=GGAG/GAGG;rbs_spacer=5-10bp;gc_cont=0.488,ID=32_22;partial=00;start_type=ATG;rbs_motif=GGAG/GAGG;rbs_spacer=5-10bp;gc,26.0
JAAXXI010000006.1_46,G,K,G,G,G,K,S,D,K,D,C,D,C,ID=18_46;partial=00;start_type=ATG;rbs_motif=None;rbs_spacer=None;gc_cont=0.549,ID=18_46;partial=00;start_type=ATG;rbs_motif=None;rbs_spacer=None;gc,26.0
JACABD010000025.1_11,G,K,G,G,G,K,S,D,K,D,C,D,C,ID=45_11;partial=00;start_type=ATG;rbs_motif=AGGAG;rbs_spacer=5-10bp;gc_cont=0.534,ID=45_11;partial=00;start_type=ATG;rbs_motif=AGGAG;rbs_spacer=5-10bp;gc,26.0
JACERV010000025.1_7,G,K,G,G,G,K,S,D,K,D,C,D,C,ID=31_7;partial=00;start_type=ATG;rbs_motif=AGGAGG;rbs_spacer=5-10bp;gc_cont=0.446,ID=31_7;partial=00;start_type=ATG;rbs_motif=AGGAGG;rbs_spacer=5-10bp;gc,26.0
JACWAM010000126.1_6,G,K,G,G,G,K,S,D,K,D,C,D,C,ID=117_6;partial=00;start_type=ATG;rbs_motif=AGGAG;rbs_spacer=5-10bp;gc_cont=0.617,ID=117_6;partial=00;start_type=ATG;rbs_motif=AGGAG;rbs_spacer=5-10bp;gc,26.0
JADGBU010000001.1_63,G,K,G,G,G,K,S,D,K,D,C,D,C,ID=223_63;partial=00;start_type=ATG;rbs_motif=AGGAG;rbs_spacer=5-10bp;gc_cont=0.583,ID=223_63;partial=00;start_type=ATG;rbs_motif=AGGAG;rbs_spacer=5-10bp;gc,26.0
JADFXO010000112.1_2,G,K,G,G,G,K,S,D,K,D,C,D,C,ID=14_2;partial=00;start_type=ATG;rbs_motif=AGGAGG;rbs_spacer=5-10bp;gc_cont=0.507,ID=14_2;partial=00;start_type=ATG;rbs_motif=AGGAGG;rbs_spacer=5-10bp;gc,26.0
JAATFT010000030.1_12,G,K,G,G,G,K,S,D,K,D,C,D,C,ID=68_12;partial=00;start_type=ATG;rbs_motif=GGAGG;rbs_spacer=5-10bp;gc_cont=0.437,ID=68_12;partial=00;start_type=ATG;rbs_motif=GGAGG;rbs_spacer=5-10bp;gc,26.0
JACQYS010000027.1_36,G,K,G,G,G,K,S,D,K,D,C,D,C,ID=25_36;partial=00;start_type=ATG;rbs_motif=GGAGG;rbs_spacer=5-10bp;gc_cont=0.605,ID=25_36;partial=00;start_type=ATG;rbs_motif=GGAGG;rbs_spacer=5-10bp;gc,26.0
JACRLQ010000084.1_23,G,K,G,G,G,K,S,D,K,D,C,D,C,ID=7_23;partial=00;start_type=ATG;rbs_motif=AGGAGG;rbs_spacer=5-10bp;gc_cont=0.590,ID=7_23;partial=00;start_type=ATG;rbs_motif=AGGAGG;rbs_spacer=5-10bp;gc,26.0
JACRNC010000021.1_43,G,K,G,G,G,K,S,D,K,D,C,D,C,ID=19_43;partial=00;start_type=ATG;rbs_motif=GGAG/GAGG;rbs_spacer=5-10bp;gc_cont=0.661,ID=19_43;partial=00;start_type=ATG;rbs_motif=GGAG/GAGG;rbs_spacer=5-10bp;gc,26.0
JAEEIU010000003.1_17,G,K,G,G,G,K,S,D,K,D,C,D,C,ID=37_17;partial=00;start_type=ATG;rbs_motif=AGGAG;rbs_spacer=5-10bp;gc_cont=0.496,ID=37_17;partial=00;start_type=ATG;rbs_motif=AGGAG;rbs_spacer=5-10bp;gc,26.0
JADJBR010000004.1_119,G,K,G,G,G,K,S,D,K,D,C,D,C,ID=4_119;partial=00;start_type=ATG;rbs_motif=AGGAG;rbs_spacer=5-10bp;gc_cont=0.605,ID=4_119;partial=00;start_type=ATG;rbs_motif=AGGAG;rbs_spacer=5-10bp;gc,26.0
JADKHC010000021.1_23,G,K,G,G,G,K,S,D,K,D,C,D,C,ID=21_23;partial=00;start_type=ATG;rbs_motif=None;rbs_spacer=None;gc_cont=0.572,ID=21_23;partial=00;start_type=ATG;rbs_motif=None;rbs_spacer=None;gc,26.0
JAEULX010000019.1_1,G,K,G,G,G,K,S,D,K,D,C,D,C,ID=271_1;partial=00;start_type=ATG;rbs_motif=GGAG/GAGG;rbs_spacer=5-10bp;gc_cont=0.626,ID=271_1;partial=00;start_type=ATG;rbs_motif=GGAG/GAGG;rbs_spacer=5-10bp;gc,26.0
JAFGHA010000149.1_7,G,K,G,G,G,K,S,D,K,D,C,D,C,ID=250_7;partial=00;start_type=ATG;rbs_motif=AGGA;rbs_spacer=5-10bp;gc_cont=0.534,ID=250_7;partial=00;start_type=ATG;rbs_motif=AGGA;rbs_spacer=5-10bp;gc,26.0
JAFGWA010000028.1_15,G,K,G,G,G,K,S,D,K,D,C,D,C,ID=96_15;partial=00;start_type=ATG;rbs_motif=AGGAG;rbs_spacer=5-10bp;gc_cont=0.481,ID=96_15;partial=00;start_type=ATG;rbs_motif=AGGAG;rbs_spacer=5-10bp;gc,26.0
JAFOSK010000066.1_50,G,K,G,G,G,K,S,D,K,D,C,D,C,ID=109_50;partial=00;start_type=ATG;rbs_motif=GGAG/GAGG;rbs_spacer=5-10bp;gc_cont=0.428,ID=109_50;partial=00;start_type=ATG;rbs_motif=GGAG/GAGG;rbs_spacer=5-10bp;gc,26.0
JAFUAR010000226.1_13,G,K,G,G,G,K,S,D,K,D,C,D,C,ID=165_13;partial=00;start_type=ATG;rbs_motif=AGGAGG;rbs_spacer=5-10bp;gc_cont=0.563,ID=165_13;partial=00;start_type=ATG;rbs_motif=AGGAGG;rbs_spacer=5-10bp;gc,26.0
JAFWSW010000172.1_4,G,K,G,G,G,K,S,D,K,D,C,D,C,ID=189_4;partial=00;start_type=ATG;rbs_motif=AGxAGG/AGGxGG;rbs_spacer=5-10bp;gc_cont=0.514,ID=189_4;partial=00;start_type=ATG;rbs_motif=AGxAGG/AGGxGG;rbs_spacer=5-10bp;gc,26.0
JAFZKN010000019.1_147,G,K,G,G,G,K,S,D,K,D,C,D,C,ID=20_147;partial=00;start_type=ATG;rbs_motif=AGGAG;rbs_spacer=5-10bp;gc_cont=0.449,ID=20_147;partial=00;start_type=ATG;rbs_motif=AGGAG;rbs_spacer=5-10bp;gc,26.0
JAGHYV010000095.1_3,G,K,G,G,G,K,S,D,K,D,C,D,C,ID=160_3;partial=00;start_type=ATG;rbs_motif=AGGAG;rbs_spacer=5-10bp;gc_cont=0.578,ID=160_3;partial=00;start_type=ATG;rbs_motif=AGGAG;rbs_spacer=5-10bp;gc,26.0
JAGAYD010000135.1_14,G,K,G,G,G,K,S,D,K,D,C,D,C,ID=253_14;partial=01;start_type=ATG;rbs_motif=AGGAG;rbs_spacer=5-10bp;gc_cont=0.476,ID=253_14;partial=01;start_type=ATG;rbs_motif=AGGAG;rbs_spacer=5-10bp;gc,26.0
JAGPIY010000055.1_10,G,K,G,G,G,K,S,D,K,D,C,D,C,ID=224_10;partial=00;start_type=ATG;rbs_motif=TAA;rbs_spacer=12bp;gc_cont=0.409,ID=224_10;partial=00;start_type=ATG;rbs_motif=TAA;rbs_spacer=12bp;gc,26.0
JADMKB010000003.1_167,G,K,G,G,G,K,S,D,K,D,C,D,C,ID=38_167;partial=00;start_type=ATG;rbs_motif=GGAG/GAGG;rbs_spacer=5-10bp;gc_cont=0.638,ID=38_167;partial=00;start_type=ATG;rbs_motif=GGAG/GAGG;rbs_spacer=5-10bp;gc,26.0
JAHJGM010000030.1_26,G,K,G,G,G,K,S,D,K,D,C,D,C,ID=35_26;partial=01;start_type=TTG;rbs_motif=AGGAG/GGAGG;rbs_spacer=11-12bp;gc_cont=0.393,ID=35_26;partial=01;start_type=TTG;rbs_motif=AGGAG/GGAGG;rbs_spacer=11-12bp;gc,26.0
JAFDBS010000221.1_6,G,K,G,G,G,K,S,D,K,D,C,D,C,ID=221_6;partial=00;start_type=ATG;rbs_motif=GGA/GAG/AGG;rbs_spacer=5-10bp;gc_cont=0.524,ID=221_6;partial=00;start_type=ATG;rbs_motif=GGA/GAG/AGG;rbs_spacer=5-10bp;gc,26.0
JAGVPM010000096.1_6,G,K,G,G,G,K,S,D,K,D,C,D,C,ID=78_6;partial=00;start_type=ATG;rbs_motif=AGGAGG;rbs_spacer=5-10bp;gc_cont=0.529,ID=78_6;partial=00;start_type=ATG;rbs_motif=AGGAGG;rbs_spacer=5-10bp;gc,26.0
JAGQRV010000003.1_91,G,K,G,G,G,K,S,D,K,D,C,D,C,ID=45_91;partial=00;start_type=ATG;rbs_motif=AGGA;rbs_spacer=5-10bp;gc_cont=0.632,ID=45_91;partial=00;start_type=ATG;rbs_motif=AGGA;rbs_spacer=5-10bp;gc,26.0
DYDL01000199.1_4,G,K,G,G,G,K,S,D,K,D,C,D,C,ID=350_4;partial=00;start_type=ATG;rbs_motif=GGAGG;rbs_spacer=5-10bp;gc_cont=0.582,ID=350_4;partial=00;start_type=ATG;rbs_motif=GGAGG;rbs_spacer=5-10bp;gc,26.0
JADZBU010000087.1_11,G,K,G,G,G,K,S,D,K,D,C,D,C,ID=87_11;partial=00;start_type=ATG;rbs_motif=AGGAG;rbs_spacer=5-10bp;gc_cont=0.605,ID=87_11;partial=00;start_type=ATG;rbs_motif=AGGAG;rbs_spacer=5-10bp;gc,26.0
JAJAAK010000007.1_395,G,K,G,G,G,K,S,D,K,D,C,D,C,ID=15_395;partial=00;start_type=ATG;rbs_motif=GGAGG;rbs_spacer=5-10bp;gc_cont=0.603,ID=15_395;partial=00;start_type=ATG;rbs_motif=GGAGG;rbs_spacer=5-10bp;gc,26.0
JAJYDE010000020.1_45,G,K,G,G,G,K,S,D,K,D,C,D,C,ID=83_45;partial=00;start_type=ATG;rbs_motif=AGGAGG;rbs_spacer=5-10bp;gc_cont=0.596,ID=83_45;partial=00;start_type=ATG;rbs_motif=AGGAGG;rbs_spacer=5-10bp;gc,26.0
JAJXVM010000245.1_4,G,K,G,G,G,K,S,D,K,D,C,D,C,ID=156_4;partial=00;start_type=ATG;rbs_motif=AGGAG;rbs_spacer=5-10bp;gc_cont=0.663,ID=156_4;partial=00;start_type=ATG;rbs_motif=AGGAG;rbs_spacer=5-10bp;gc,26.0
JAJYGJ010000146.1_9,G,K,G,G,G,K,S,D,K,D,C,D,C,ID=16_9;partial=00;start_type=ATG;rbs_motif=AGGAGG;rbs_spacer=11-12bp;gc_cont=0.593,ID=16_9;partial=00;start_type=ATG;rbs_motif=AGGAGG;rbs_spacer=11-12bp;gc,26.0
JAJYXP010000044.1_28,G,K,G,G,G,K,S,D,K,D,C,D,C,ID=70_28;partial=00;start_type=ATG;rbs_motif=AGGAG;rbs_spacer=5-10bp;gc_cont=0.624,ID=70_28;partial=00;start_type=ATG;rbs_motif=AGGAG;rbs_spacer=5-10bp;gc,26.0
JAKAMR010000044.1_5,G,K,G,G,G,K,S,D,K,D,C,D,C,ID=93_5;partial=00;start_type=ATG;rbs_motif=AGGAGG;rbs_spacer=11-12bp;gc_cont=0.579,ID=93_5;partial=00;start_type=ATG;rbs_motif=AGGAGG;rbs_spacer=11-12bp;gc,26.0
JAKACM010000019.1_61,G,K,G,G,G,K,S,D,K,D,C,D,C,ID=105_61;partial=01;start_type=ATG;rbs_motif=AGGAGG;rbs_spacer=5-10bp;gc_cont=0.580,ID=105_61;partial=01;start_type=ATG;rbs_motif=AGGAGG;rbs_spacer=5-10bp;gc,26.0
JAKBUS010000028.1_14,G,K,G,G,G,K,S,D,K,D,C,D,C,ID=50_14;partial=00;start_type=ATG;rbs_motif=AGGAG;rbs_spacer=5-10bp;gc_cont=0.606,ID=50_14;partial=00;start_type=ATG;rbs_motif=AGGAG;rbs_spacer=5-10bp;gc,26.0
JAKSDJ010000199.1_12,G,K,G,G,G,K,S,D,K,D,C,D,C,ID=862_12;partial=00;start_type=ATG;rbs_motif=AGGAGG;rbs_spacer=5-10bp;gc_cont=0.600,ID=862_12;partial=00;start_type=ATG;rbs_motif=AGGAGG;rbs_spacer=5-10bp;gc,26.0
JAKJHH010000105.1_6,G,K,G,G,G,K,S,D,K,D,C,D,C,ID=6_6;partial=00;start_type=ATG;rbs_motif=AGGAG;rbs_spacer=5-10bp;gc_cont=0.513,ID=6_6;partial=00;start_type=ATG;rbs_motif=AGGAG;rbs_spacer=5-10bp;gc,26.0
JAGLHT010000054.1_15,G,K,G,G,G,K,S,D,K,D,C,D,C,ID=60_15;partial=00;start_type=ATG;rbs_motif=AGGAG;rbs_spacer=5-10bp;gc_cont=0.420,ID=60_15;partial=00;start_type=ATG;rbs_motif=AGGAG;rbs_spacer=5-10bp;gc,26.0
JAMCRJ010000079.1_5,G,K,G,G,G,K,S,D,K,D,C,D,C,ID=46_5;partial=00;start_type=ATG;rbs_motif=AGGAG;rbs_spacer=5-10bp;gc_cont=0.577,ID=46_5;partial=00;start_type=ATG;rbs_motif=AGGAG;rbs_spacer=5-10bp;gc,26.0
JAEVYT010000002.1_291,G,K,G,G,G,K,S,D,K,D,C,D,C,ID=15_291;partial=00;start_type=ATG;rbs_motif=AGGAGG;rbs_spacer=5-10bp;gc_cont=0.421,ID=15_291;partial=00;start_type=ATG;rbs_motif=AGGAGG;rbs_spacer=5-10bp;gc,26.0
JAEWSH010000042.1_380,G,K,G,G,G,K,S,D,K,D,C,D,C,ID=7_380;partial=00;start_type=ATG;rbs_motif=AGGAGG;rbs_spacer=5-10bp;gc_cont=0.418,ID=7_380;partial=00;start_type=ATG;rbs_motif=AGGAGG;rbs_spacer=5-10bp;gc,26.0
JAEYHP010000168.1_19,G,K,G,G,G,K,S,D,K,D,C,D,C,ID=3_19;partial=00;start_type=ATG;rbs_motif=AGGAGG;rbs_spacer=5-10bp;gc_cont=0.546,ID=3_19;partial=00;start_type=ATG;rbs_motif=AGGAGG;rbs_spacer=5-10bp;gc,26.0
JAEZRJ010000073.1_6,G,K,G,G,G,K,S,D,K,D,C,D,C,ID=75_6;partial=00;start_type=ATG;rbs_motif=AGGAG;rbs_spacer=5-10bp;gc_cont=0.502,ID=75_6;partial=00;start_type=ATG;rbs_motif=AGGAG;rbs_spacer=5-10bp;gc,26.0
JAEZFR010000479.1_4,G,K,G,G,G,K,S,D,K,D,C,D,C,ID=30_4;partial=00;start_type=ATG;rbs_motif=AGGA;rbs_spacer=5-10bp;gc_cont=0.404,ID=30_4;partial=00;start_type=ATG;rbs_motif=AGGA;rbs_spacer=5-10bp;gc,26.0
JAEYZN010000028.1_68,G,K,G,G,G,K,S,D,K,D,C,D,C,ID=2_68;partial=00;start_type=ATG;rbs_motif=GGAG/GAGG;rbs_spacer=5-10bp;gc_cont=0.566,ID=2_68;partial=00;start_type=ATG;rbs_motif=GGAG/GAGG;rbs_spacer=5-10bp;gc,26.0
JAEZKU010000030.1_46,G,K,G,G,G,K,S,D,K,D,C,D,C,ID=65_46;partial=00;start_type=ATG;rbs_motif=AGGAGG;rbs_spacer=5-10bp;gc_cont=0.473,ID=65_46;partial=00;start_type=ATG;rbs_motif=AGGAGG;rbs_spacer=5-10bp;gc,26.0
JAEXUW010000005.1_187,G,K,G,G,G,K,S,D,K,D,C,D,C,ID=20_187;partial=00;start_type=ATG;rbs_motif=GGAGG;rbs_spacer=5-10bp;gc_cont=0.443,ID=20_187;partial=00;start_type=ATG;rbs_motif=GGAGG;rbs_spacer=5-10bp;gc,26.0
JAEXBC010000097.1_6,G,K,G,G,G,K,S,D,K,D,C,D,C,ID=97_6;partial=00;start_type=ATG;rbs_motif=AGGAGG;rbs_spacer=5-10bp;gc_cont=0.385,ID=97_6;partial=00;start_type=ATG;rbs_motif=AGGAGG;rbs_spacer=5-10bp;gc,26.0
JAMPXI010000012.1_26,G,K,G,G,G,K,S,D,K,D,C,D,C,ID=134_26;partial=00;start_type=ATG;rbs_motif=AGGA;rbs_spacer=5-10bp;gc_cont=0.609,ID=134_26;partial=00;start_type=ATG;rbs_motif=AGGA;rbs_spacer=5-10bp;gc,26.0
JAKSLV010000090.1_4,G,K,G,G,G,K,S,D,K,D,C,D,C,ID=214_4;partial=00;start_type=ATG;rbs_motif=TAAAAA;rbs_spacer=8bp;gc_cont=0.521,ID=214_4;partial=00;start_type=ATG;rbs_motif=TAAAAA;rbs_spacer=8bp;gc,26.0
JAIKXN010000080.1_19,G,K,G,G,G,K,S,D,K,D,C,D,C,ID=43_19;partial=00;start_type=ATG;rbs_motif=AGGA;rbs_spacer=5-10bp;gc_cont=0.450,ID=43_19;partial=00;start_type=ATG;rbs_motif=AGGA;rbs_spacer=5-10bp;gc,26.0
JAILRO010000057.1_42,G,K,G,G,G,K,S,D,K,D,C,D,C,ID=13_42;partial=00;start_type=ATG;rbs_motif=GGAG/GAGG;rbs_spacer=5-10bp;gc_cont=0.397,ID=13_42;partial=00;start_type=ATG;rbs_motif=GGAG/GAGG;rbs_spacer=5-10bp;gc,26.0
FNCM01000001.1_106,G,K,G,G,G,K,S,D,K,D,C,D,C,ID=19_106;partial=00;start_type=ATG;rbs_motif=AGGAG;rbs_spacer=5-10bp;gc_cont=0.510,ID=19_106;partial=00;start_type=ATG;rbs_motif=AGGAG;rbs_spacer=5-10bp;gc,26.0
OMZC01000123.1_8,G,K,G,G,G,K,S,D,K,D,C,D,C,ID=2_8;partial=00;start_type=ATG;rbs_motif=AGGA;rbs_spacer=5-10bp;gc_cont=0.425,ID=2_8;partial=00;start_type=ATG;rbs_motif=AGGA;rbs_spacer=5-10bp;gc,26.0
URYB01000079.1_7,G,K,G,G,G,K,S,D,K,D,C,D,C,ID=79_7;partial=00;start_type=ATG;rbs_motif=AGGAG;rbs_spacer=5-10bp;gc_cont=0.415,ID=79_7;partial=00;start_type=ATG;rbs_motif=AGGAG;rbs_spacer=5-10bp;gc,26.0
CACWRR010000048.1_22,G,K,G,G,G,K,S,D,K,D,C,D,C,ID=48_22;partial=00;start_type=ATG;rbs_motif=AGGAG;rbs_spacer=5-10bp;gc_cont=0.382,ID=48_22;partial=00;start_type=ATG;rbs_motif=AGGAG;rbs_spacer=5-10bp;gc,26.0
CACYXH010000065.1_10,G,K,G,G,G,K,S,D,K,D,C,D,C,ID=65_10;partial=00;start_type=ATG;rbs_motif=GGAG/GAGG;rbs_spacer=5-10bp;gc_cont=0.525,ID=65_10;partial=00;start_type=ATG;rbs_motif=GGAG/GAGG;rbs_spacer=5-10bp;gc,26.0
CADABQ010000011.1_60,G,K,G,G,G,K,S,D,K,D,C,D,C,ID=11_60;partial=00;start_type=ATG;rbs_motif=AGGAG;rbs_spacer=5-10bp;gc_cont=0.382,ID=11_60;partial=00;start_type=ATG;rbs_motif=AGGAG;rbs_spacer=5-10bp;gc,26.0
CADBTD010000242.1_5,G,K,G,G,G,K,S,D,K,D,C,D,C,ID=242_5;partial=00;start_type=ATG;rbs_motif=GGAG/GAGG;rbs_spacer=5-10bp;gc_cont=0.514,ID=242_5;partial=00;start_type=ATG;rbs_motif=GGAG/GAGG;rbs_spacer=5-10bp;gc,26.0
CADDZF010000053.1_13,G,K,G,G,G,K,S,D,K,D,C,D,C,ID=53_13;partial=00;start_type=ATG;rbs_motif=GGAG/GAGG;rbs_spacer=5-10bp;gc_cont=0.565,ID=53_13;partial=00;start_type=ATG;rbs_motif=GGAG/GAGG;rbs_spacer=5-10bp;gc,26.0
CAIMBM010000186.1_20,G,K,G,G,G,K,S,D,K,D,C,D,C,ID=186_20;partial=00;start_type=ATG;rbs_motif=AGGAG;rbs_spacer=5-10bp;gc_cont=0.652,ID=186_20;partial=00;start_type=ATG;rbs_motif=AGGAG;rbs_spacer=5-10bp;gc,26.0
CAIOST010000287.1_5,G,K,G,G,G,K,S,D,K,D,C,D,C,ID=287_5;partial=00;start_type=ATG;rbs_motif=GGAGG;rbs_spacer=5-10bp;gc_cont=0.594,ID=287_5;partial=00;start_type=ATG;rbs_motif=GGAGG;rbs_spacer=5-10bp;gc,26.0
CAIRAO010000136.1_4,G,K,G,G,G,K,S,D,K,D,C,D,C,ID=136_4;partial=00;start_type=ATG;rbs_motif=AGGAG;rbs_spacer=5-10bp;gc_cont=0.512,ID=136_4;partial=00;start_type=ATG;rbs_motif=AGGAG;rbs_spacer=5-10bp;gc,26.0
CAIUKZ010000157.1_8,G,K,G,G,G,K,S,D,K,D,C,D,C,ID=157_8;partial=00;start_type=ATG;rbs_motif=AAAAA;rbs_spacer=11bp;gc_cont=0.429,ID=157_8;partial=00;start_type=ATG;rbs_motif=AAAAA;rbs_spacer=11bp;gc,26.0
CAIXCO010000246.1_1,G,K,G,G,G,K,S,D,K,D,C,D,C,ID=246_1;partial=00;start_type=ATG;rbs_motif=None;rbs_spacer=None;gc_cont=0.504,ID=246_1;partial=00;start_type=ATG;rbs_motif=None;rbs_spacer=None;gc,26.0
CAJEXQ010000013.1_34,G,K,G,G,G,K,S,D,K,D,C,D,C,ID=13_34;partial=00;start_type=ATG;rbs_motif=None;rbs_spacer=None;gc_cont=0.496,ID=13_34;partial=00;start_type=ATG;rbs_motif=None;rbs_spacer=None;gc,26.0
CAJWHT010000026.1_17,G,K,G,G,G,K,S,D,K,D,C,D,C,ID=26_17;partial=00;start_type=ATG;rbs_motif=AGGA;rbs_spacer=5-10bp;gc_cont=0.548,ID=26_17;partial=00;start_type=ATG;rbs_motif=AGGA;rbs_spacer=5-10bp;gc,26.0
CALZIH010000312.1_2,G,K,G,G,G,K,S,D,K,D,C,D,C,ID=312_2;partial=00;start_type=ATG;rbs_motif=GGAG/GAGG;rbs_spacer=5-10bp;gc_cont=0.537,ID=312_2;partial=00;start_type=ATG;rbs_motif=GGAG/GAGG;rbs_spacer=5-10bp;gc,26.0
NC_007498.2_2166,G,K,G,G,G,K,S,D,K,D,C,D,C,ID=1_2166;partial=00;start_type=ATG;rbs_motif=GGAGG;rbs_spacer=5-10bp;gc_cont=0.576,ID=1_2166;partial=00;start_type=ATG;rbs_motif=GGAGG;rbs_spacer=5-10bp;gc,26.0
NC_010524.1_1430,G,K,G,G,G,K,S,D,K,D,C,D,C,ID=1_1430;partial=00;start_type=ATG;rbs_motif=GGAG/GAGG;rbs_spacer=5-10bp;gc_cont=0.633,ID=1_1430;partial=00;start_type=ATG;rbs_motif=GGAG/GAGG;rbs_spacer=5-10bp;gc,26.0
NC_013173.1_829,G,K,G,G,G,K,S,D,K,D,C,D,C,ID=1_829;partial=00;start_type=ATG;rbs_motif=AGGAG;rbs_spacer=5-10bp;gc_cont=0.588,ID=1_829;partial=00;start_type=ATG;rbs_motif=AGGAG;rbs_spacer=5-10bp;gc,26.0
NC_014664.1_1948,G,K,G,G,G,K,S,D,K,D,C,D,C,ID=1_1948;partial=00;start_type=ATG;rbs_motif=AGGAG;rbs_spacer=5-10bp;gc_cont=0.596,ID=1_1948;partial=00;start_type=ATG;rbs_motif=AGGAG;rbs_spacer=5-10bp;gc,26.0
NC_014734.1_1432,G,K,G,G,G,K,S,D,K,D,C,D,C,ID=1_1432;partial=00;start_type=ATG;rbs_motif=TAAA;rbs_spacer=11bp;gc_cont=0.406,ID=1_1432;partial=00;start_type=ATG;rbs_motif=TAAA;rbs_spacer=11bp;gc,26.0
NZ_AGFG01000060.1_111,G,K,G,G,G,K,S,D,K,D,C,D,C,ID=25_111;partial=00;start_type=ATG;rbs_motif=AGGAG;rbs_spacer=5-10bp;gc_cont=0.625,ID=25_111;partial=00;start_type=ATG;rbs_motif=AGGAG;rbs_spacer=5-10bp;gc,26.0
NZ_JH651384.1_4051,G,K,G,G,G,K,S,D,K,D,C,D,C,ID=4_4051;partial=00;start_type=ATG;rbs_motif=AGGAG;rbs_spacer=5-10bp;gc_cont=0.546,ID=4_4051;partial=00;start_type=ATG;rbs_motif=AGGAG;rbs_spacer=5-10bp;gc,26.0
NZ_AEEA01000066.1_60,G,K,G,G,G,K,S,D,K,D,C,D,C,ID=127_60;partial=00;start_type=ATG;rbs_motif=GGAG/GAGG;rbs_spacer=5-10bp;gc_cont=0.542,ID=127_60;partial=00;start_type=ATG;rbs_motif=GGAG/GAGG;rbs_spacer=5-10bp;gc,26.0
NC_020304.1_328,G,K,G,G,G,K,S,D,K,D,C,D,C,ID=1_328;partial=00;start_type=ATG;rbs_motif=AGGAG;rbs_spacer=5-10bp;gc_cont=0.503,ID=1_328;partial=00;start_type=ATG;rbs_motif=AGGAG;rbs_spacer=5-10bp;gc,26.0
NZ_KB905371.1_278,G,K,G,G,G,K,S,D,K,D,C,D,C,ID=2_278;partial=00;start_type=ATG;rbs_motif=AGGA;rbs_spacer=5-10bp;gc_cont=0.594,ID=2_278;partial=00;start_type=ATG;rbs_motif=AGGA;rbs_spacer=5-10bp;gc,26.0
NZ_ATVA01000015.1_100,G,K,G,G,G,K,S,D,K,D,C,D,C,ID=15_100;partial=00;start_type=ATG;rbs_motif=GGAGG;rbs_spacer=5-10bp;gc_cont=0.630,ID=15_100;partial=00;start_type=ATG;rbs_motif=GGAGG;rbs_spacer=5-10bp;gc,26.0
NZ_AUFB01000050.1_11,G,K,G,G,G,K,S,D,K,D,C,D,C,ID=49_11;partial=00;start_type=ATG;rbs_motif=AGGA;rbs_spacer=5-10bp;gc_cont=0.591,ID=49_11;partial=00;start_type=ATG;rbs_motif=AGGA;rbs_spacer=5-10bp;gc,26.0
NZ_KE387211.1_31,G,K,G,G,G,K,S,D,K,D,C,D,C,ID=11_31;partial=00;start_type=ATG;rbs_motif=GGAG/GAGG;rbs_spacer=5-10bp;gc_cont=0.654,ID=11_31;partial=00;start_type=ATG;rbs_motif=GGAG/GAGG;rbs_spacer=5-10bp;gc,26.0
NZ_AYLO01000018.1_29,G,K,G,G,G,K,S,D,K,D,C,D,C,ID=18_29;partial=00;start_type=ATG;rbs_motif=GGAG/GAGG;rbs_spacer=5-10bp;gc_cont=0.504,ID=18_29;partial=00;start_type=ATG;rbs_motif=GGAG/GAGG;rbs_spacer=5-10bp;gc,26.0
NZ_ASRY01000109.1_16,G,K,G,G,G,K,S,D,K,D,C,D,C,ID=109_16;partial=00;start_type=ATG;rbs_motif=GGAGG;rbs_spacer=5-10bp;gc_cont=0.521,ID=109_16;partial=00;start_type=ATG;rbs_motif=GGAGG;rbs_spacer=5-10bp;gc,26.0
NZ_JIBU02000079.1_1,G,K,G,G,G,K,S,D,K,D,C,D,C,ID=79_1;partial=00;start_type=ATG;rbs_motif=AGGAGG;rbs_spacer=5-10bp;gc_cont=0.353,ID=79_1;partial=00;start_type=ATG;rbs_motif=AGGAGG;rbs_spacer=5-10bp;gc,26.0
NZ_CP008852.1_33,G,K,G,G,G,K,S,D,K,D,C,D,C,ID=1_33;partial=00;start_type=ATG;rbs_motif=GGAGG;rbs_spacer=5-10bp;gc_cont=0.401,ID=1_33;partial=00;start_type=ATG;rbs_motif=GGAGG;rbs_spacer=5-10bp;gc,26.0
NZ_JSYG01000043.1_4,G,K,G,G,G,K,S,D,K,D,C,D,C,ID=38_4;partial=00;start_type=ATG;rbs_motif=AGGAG;rbs_spacer=5-10bp;gc_cont=0.577,ID=38_4;partial=00;start_type=ATG;rbs_motif=AGGAG;rbs_spacer=5-10bp;gc,26.0
NZ_LAJX01000044.1_13,G,K,G,G,G,K,S,D,K,D,C,D,C,ID=329_13;partial=00;start_type=ATG;rbs_motif=AGGAG;rbs_spacer=5-10bp;gc_cont=0.443,ID=329_13;partial=00;start_type=ATG;rbs_motif=AGGAG;rbs_spacer=5-10bp;gc,26.0
NZ_LFIO01000618.1_1,G,K,G,G,G,K,S,D,K,D,C,D,C,ID=291_1;partial=00;start_type=ATG;rbs_motif=AGGA;rbs_spacer=5-10bp;gc_cont=0.598,ID=291_1;partial=00;start_type=ATG;rbs_motif=AGGA;rbs_spacer=5-10bp;gc,26.0
NZ_LLXZ01000033.1_19,G,K,G,G,G,K,S,D,K,D,C,D,C,ID=33_19;partial=00;start_type=ATG;rbs_motif=GGAG/GAGG;rbs_spacer=5-10bp;gc_cont=0.601,ID=33_19;partial=00;start_type=ATG;rbs_motif=GGAG/GAGG;rbs_spacer=5-10bp;gc,26.0
NZ_BCWR01000011.1_159,G,K,G,G,G,K,S,D,K,D,C,D,C,ID=11_159;partial=00;start_type=ATG;rbs_motif=GGAG/GAGG;rbs_spacer=5-10bp;gc_cont=0.634,ID=11_159;partial=00;start_type=ATG;rbs_motif=GGAG/GAGG;rbs_spacer=5-10bp;gc,26.0
NZ_LYRP01000050.1_89,G,K,G,G,G,K,S,D,K,D,C,D,C,ID=50_89;partial=00;start_type=ATG;rbs_motif=AGGAG;rbs_spacer=5-10bp;gc_cont=0.509,ID=50_89;partial=00;start_type=ATG;rbs_motif=AGGAG;rbs_spacer=5-10bp;gc,26.0
NZ_MCNV01000028.1_18,G,K,G,G,G,K,S,D,K,D,C,D,C,ID=21_18;partial=00;start_type=ATG;rbs_motif=GGAG/GAGG;rbs_spacer=5-10bp;gc_cont=0.574,ID=21_18;partial=00;start_type=ATG;rbs_motif=GGAG/GAGG;rbs_spacer=5-10bp;gc,26.0
NZ_CP015455.1_980,G,K,G,G,G,K,S,D,K,D,C,D,C,ID=1_980;partial=00;start_type=ATG;rbs_motif=GGAGG;rbs_spacer=5-10bp;gc_cont=0.597,ID=1_980;partial=00;start_type=ATG;rbs_motif=GGAGG;rbs_spacer=5-10bp;gc,26.0
NZ_MZGV01000018.1_18,G,K,G,G,G,K,S,D,K,D,C,D,C,ID=18_18;partial=00;start_type=ATG;rbs_motif=AGGAGG;rbs_spacer=5-10bp;gc_cont=0.389,ID=18_18;partial=00;start_type=ATG;rbs_motif=AGGAGG;rbs_spacer=5-10bp;gc,26.0
NZ_CP022571.1_1532,G,K,G,G,G,K,S,D,K,D,C,D,C,ID=1_1532;partial=00;start_type=ATG;rbs_motif=AAA;rbs_spacer=11bp;gc_cont=0.561,ID=1_1532;partial=00;start_type=ATG;rbs_motif=AAA;rbs_spacer=11bp;gc,26.0
NZ_CP017481.1_3766,G,K,G,G,G,K,S,D,K,D,C,D,C,ID=1_3766;partial=00;start_type=ATG;rbs_motif=AGGAG;rbs_spacer=5-10bp;gc_cont=0.533,ID=1_3766;partial=00;start_type=ATG;rbs_motif=AGGAG;rbs_spacer=5-10bp;gc,26.0
NZ_NQVN01000038.1_21,G,K,G,G,G,K,S,D,K,D,C,D,C,ID=31_21;partial=00;start_type=ATG;rbs_motif=AGGA;rbs_spacer=5-10bp;gc_cont=0.639,ID=31_21;partial=00;start_type=ATG;rbs_motif=AGGA;rbs_spacer=5-10bp;gc,26.0
NZ_PGFZ01000025.1_13,G,K,G,G,G,K,S,D,K,D,C,D,C,ID=18_13;partial=00;start_type=ATG;rbs_motif=GGAG/GAGG;rbs_spacer=5-10bp;gc_cont=0.487,ID=18_13;partial=00;start_type=ATG;rbs_motif=GGAG/GAGG;rbs_spacer=5-10bp;gc,26.0
NZ_QAAD01000014.1_51,G,K,G,G,G,K,S,D,K,D,C,D,C,ID=14_51;partial=00;start_type=ATG;rbs_motif=AAAAA;rbs_spacer=12bp;gc_cont=0.448,ID=14_51;partial=00;start_type=ATG;rbs_motif=AAAAA;rbs_spacer=12bp;gc,26.0
NZ_QGMZ01000051.1_9,G,K,G,G,G,K,S,D,K,D,C,D,C,ID=47_9;partial=00;start_type=ATG;rbs_motif=None;rbs_spacer=None;gc_cont=0.463,ID=47_9;partial=00;start_type=ATG;rbs_motif=None;rbs_spacer=None;gc,26.0
NZ_QMBQ01000012.1_29,G,K,G,G,G,K,S,D,K,D,C,D,C,ID=4_29;partial=00;start_type=ATG;rbs_motif=AGGA;rbs_spacer=5-10bp;gc_cont=0.601,ID=4_29;partial=00;start_type=ATG;rbs_motif=AGGA;rbs_spacer=5-10bp;gc,26.0
NZ_QYUL01000001.1_1607,G,K,G,G,G,K,S,D,K,D,C,D,C,ID=1_1607;partial=00;start_type=ATG;rbs_motif=AGGAG;rbs_spacer=5-10bp;gc_cont=0.628,ID=1_1607;partial=00;start_type=ATG;rbs_motif=AGGAG;rbs_spacer=5-10bp;gc,26.0
NZ_RRCN01000001.1_5462,G,K,G,G,G,K,S,D,K,D,C,D,C,ID=1_5462;partial=00;start_type=ATG;rbs_motif=GGAGG;rbs_spacer=5-10bp;gc_cont=0.569,ID=1_5462;partial=00;start_type=ATG;rbs_motif=GGAGG;rbs_spacer=5-10bp;gc,26.0
NZ_RYFG02000121.1_104,G,K,G,G,G,K,S,D,K,D,C,D,C,ID=95_104;partial=00;start_type=ATG;rbs_motif=AGGAG;rbs_spacer=5-10bp;gc_cont=0.474,ID=95_104;partial=00;start_type=ATG;rbs_motif=AGGAG;rbs_spacer=5-10bp;gc,26.0
NZ_RHLN01000159.1_34,G,K,G,G,G,K,S,D,K,D,C,D,C,ID=159_34;partial=00;start_type=ATG;rbs_motif=AATAA;rbs_spacer=7bp;gc_cont=0.371,ID=159_34;partial=00;start_type=ATG;rbs_motif=AATAA;rbs_spacer=7bp;gc,26.0
NZ_SLXO01000005.1_135,G,K,G,G,G,K,S,D,K,D,C,D,C,ID=5_135;partial=00;start_type=ATG;rbs_motif=AGGA;rbs_spacer=5-10bp;gc_cont=0.633,ID=5_135;partial=00;start_type=ATG;rbs_motif=AGGA;rbs_spacer=5-10bp;gc,26.0
NZ_SPQT01000005.1_199,G,K,G,G,G,K,S,D,K,D,C,D,C,ID=79_199;partial=00;start_type=ATG;rbs_motif=GGAG/GAGG;rbs_spacer=5-10bp;gc_cont=0.580,ID=79_199;partial=00;start_type=ATG;rbs_motif=GGAG/GAGG;rbs_spacer=5-10bp;gc,26.0
NZ_CP039740.1_560,G,K,G,G,G,K,S,D,K,D,C,D,C,ID=1_560;partial=00;start_type=ATG;rbs_motif=AGGAG;rbs_spacer=5-10bp;gc_cont=0.622,ID=1_560;partial=00;start_type=ATG;rbs_motif=AGGAG;rbs_spacer=5-10bp;gc,26.0
NZ_SBHN01000005.1_120,G,K,G,G,G,K,S,D,K,D,C,D,C,ID=45_120;partial=00;start_type=ATG;rbs_motif=AGGAG;rbs_spacer=5-10bp;gc_cont=0.626,ID=45_120;partial=00;start_type=ATG;rbs_motif=AGGAG;rbs_spacer=5-10bp;gc,26.0
NZ_SJPY01000001.1_314,G,K,G,G,G,K,S,D,K,D,C,D,C,ID=1_314;partial=00;start_type=ATG;rbs_motif=GGA/GAG/AGG;rbs_spacer=5-10bp;gc_cont=0.512,ID=1_314;partial=00;start_type=ATG;rbs_motif=GGA/GAG/AGG;rbs_spacer=5-10bp;gc,26.0
NZ_VYKJ01000018.1_9,G,K,G,G,G,K,S,D,K,D,C,D,C,ID=10_9;partial=00;start_type=ATG;rbs_motif=AGGAG;rbs_spacer=5-10bp;gc_cont=0.586,ID=10_9;partial=00;start_type=ATG;rbs_motif=AGGAG;rbs_spacer=5-10bp;gc,26.0
NZ_AP021879.1_5395,G,K,G,G,G,K,S,D,K,D,C,D,C,ID=1_5395;partial=00;start_type=ATG;rbs_motif=AGGA;rbs_spacer=5-10bp;gc_cont=0.550,ID=1_5395;partial=00;start_type=ATG;rbs_motif=AGGA;rbs_spacer=5-10bp;gc,26.0
NZ_CP047602.1_1009,G,K,G,G,G,K,S,D,K,D,C,D,C,ID=1_1009;partial=00;start_type=ATG;rbs_motif=AGGAGG;rbs_spacer=5-10bp;gc_cont=0.392,ID=1_1009;partial=00;start_type=ATG;rbs_motif=AGGAGG;rbs_spacer=5-10bp;gc,26.0
NZ_JAAKZF010000030.1_62,G,K,G,G,G,K,S,D,K,D,C,D,C,ID=224_62;partial=00;start_type=ATG;rbs_motif=AGGA;rbs_spacer=5-10bp;gc_cont=0.625,ID=224_62;partial=00;start_type=ATG;rbs_motif=AGGA;rbs_spacer=5-10bp;gc,26.0
NZ_WTVS01000014.1_64,G,K,G,G,G,K,S,D,K,D,C,D,C,ID=56_64;partial=00;start_type=ATG;rbs_motif=AGGAG;rbs_spacer=5-10bp;gc_cont=0.645,ID=56_64;partial=00;start_type=ATG;rbs_motif=AGGAG;rbs_spacer=5-10bp;gc,26.0
NZ_BJTG01000009.1_200,G,K,G,G,G,K,S,D,K,D,C,D,C,ID=9_200;partial=00;start_type=ATG;rbs_motif=GGA/GAG/AGG;rbs_spacer=5-10bp;gc_cont=0.676,ID=9_200;partial=00;start_type=ATG;rbs_motif=GGA/GAG/AGG;rbs_spacer=5-10bp;gc,26.0
NZ_JACEGA010000001.1_1420,G,K,G,G,G,K,S,D,K,D,C,D,C,ID=1_1420;partial=00;start_type=ATG;rbs_motif=AGGAGG;rbs_spacer=5-10bp;gc_cont=0.436,ID=1_1420;partial=00;start_type=ATG;rbs_motif=AGGAGG;rbs_spacer=5-10bp;gc,26.0
NZ_AP023213.1_1134,G,K,G,G,G,K,S,D,K,D,C,D,C,ID=1_1134;partial=00;start_type=ATG;rbs_motif=AGGAG;rbs_spacer=5-10bp;gc_cont=0.638,ID=1_1134;partial=00;start_type=ATG;rbs_motif=AGGAG;rbs_spacer=5-10bp;gc,26.0
NZ_JACJRQ010000001.1_353,G,R,G,G,G,K,S,D,K,D,C,D,C,ID=1_353;partial=00;start_type=ATG;rbs_motif=GGAG/GAGG;rbs_spacer=5-10bp;gc_cont=0.459,ID=1_353;partial=00;start_type=ATG;rbs_motif=GGAG/GAGG;rbs_spacer=5-10bp;gc,25.0
NZ_CP030056.1_533,G,K,G,G,G,K,S,D,K,D,C,D,C,ID=2_533;partial=00;start_type=ATG;rbs_motif=GGAG/GAGG;rbs_spacer=5-10bp;gc_cont=0.579,ID=2_533;partial=00;start_type=ATG;rbs_motif=GGAG/GAGG;rbs_spacer=5-10bp;gc,26.0
NZ_JABWGZ010000012.1_16,G,K,G,G,G,K,S,D,K,D,C,D,C,ID=3_16;partial=00;start_type=ATG;rbs_motif=GGAG/GAGG;rbs_spacer=5-10bp;gc_cont=0.616,ID=3_16;partial=00;start_type=ATG;rbs_motif=GGAG/GAGG;rbs_spacer=5-10bp;gc,26.0
NZ_CP070492.1_20,G,K,G,G,G,K,S,D,K,D,C,D,C,ID=2_20;partial=00;start_type=ATG;rbs_motif=GGAG/GAGG;rbs_spacer=5-10bp;gc_cont=0.600,ID=2_20;partial=00;start_type=ATG;rbs_motif=GGAG/GAGG;rbs_spacer=5-10bp;gc,26.0
NZ_JAGILA010000010.1_81,G,K,G,G,G,K,S,D,K,D,C,D,C,ID=10_81;partial=00;start_type=ATG;rbs_motif=AGGA;rbs_spacer=5-10bp;gc_cont=0.594,ID=10_81;partial=00;start_type=ATG;rbs_motif=AGGA;rbs_spacer=5-10bp;gc,26.0
NZ_JAGTUF010000021.1_45,G,K,G,G,G,K,S,D,K,D,C,D,C,ID=13_45;partial=00;start_type=ATG;rbs_motif=AGGA;rbs_spacer=5-10bp;gc_cont=0.616,ID=13_45;partial=00;start_type=ATG;rbs_motif=AGGA;rbs_spacer=5-10bp;gc,26.0
NZ_JAAZTY010000095.1_4,G,K,G,G,G,K,S,D,K,D,C,D,C,ID=275_4;partial=00;start_type=ATG;rbs_motif=AGGAG;rbs_spacer=5-10bp;gc_cont=0.563,ID=275_4;partial=00;start_type=ATG;rbs_motif=AGGAG;rbs_spacer=5-10bp;gc,26.0
NZ_AP024355.1_3582,G,K,G,G,G,K,S,D,K,D,C,D,C,ID=1_3582;partial=00;start_type=ATG;rbs_motif=GGAG/GAGG;rbs_spacer=5-10bp;gc_cont=0.625,ID=1_3582;partial=00;start_type=ATG;rbs_motif=GGAG/GAGG;rbs_spacer=5-10bp;gc,26.0
NZ_JAGKJI010000038.1_44,G,K,G,G,G,K,S,D,K,D,C,D,C,ID=120_44;partial=00;start_type=ATG;rbs_motif=GGAG/GAGG;rbs_spacer=5-10bp;gc_cont=0.603,ID=120_44;partial=00;start_type=ATG;rbs_motif=GGAG/GAGG;rbs_spacer=5-10bp;gc,26.0
NZ_JAJNKE010000065.1_1,G,K,G,G,G,K,S,D,K,D,C,D,C,ID=62_1;partial=00;start_type=ATG;rbs_motif=AGGAGG;rbs_spacer=5-10bp;gc_cont=0.352,ID=62_1;partial=00;start_type=ATG;rbs_motif=AGGAGG;rbs_spacer=5-10bp;gc,26.0
NZ_JABWGX010000004.1_134,G,K,G,G,G,K,S,D,K,D,C,D,C,ID=44_134;partial=00;start_type=ATG;rbs_motif=AGGAG;rbs_spacer=5-10bp;gc_cont=0.634,ID=44_134;partial=00;start_type=ATG;rbs_motif=AGGAG;rbs_spacer=5-10bp;gc,26.0
NZ_JAKZKW010000022.1_33,G,K,G,G,G,K,S,D,K,D,C,D,C,ID=15_33;partial=00;start_type=ATG;rbs_motif=GGAGG;rbs_spacer=5-10bp;gc_cont=0.644,ID=15_33;partial=00;start_type=ATG;rbs_motif=GGAGG;rbs_spacer=5-10bp;gc,26.0
NZ_AP025591.1_4803,G,K,G,G,G,K,S,D,K,D,C,D,C,ID=1_4803;partial=00;start_type=ATG;rbs_motif=AGGAG;rbs_spacer=5-10bp;gc_cont=0.669,ID=1_4803;partial=00;start_type=ATG;rbs_motif=AGGAG;rbs_spacer=5-10bp;gc,26.0
NZ_JANADO010000001.1_5426,G,K,G,G,G,K,S,D,K,D,C,D,C,ID=1_5426;partial=00;start_type=ATG;rbs_motif=GGAG/GAGG;rbs_spacer=5-10bp;gc_cont=0.564,ID=1_5426;partial=00;start_type=ATG;rbs_motif=GGAG/GAGG;rbs_spacer=5-10bp;gc,26.0
NZ_CP080530.1_88,G,K,G,G,G,K,S,D,K,D,C,D,C,ID=4_88;partial=00;start_type=ATG;rbs_motif=AGGA;rbs_spacer=5-10bp;gc_cont=0.615,ID=4_88;partial=00;start_type=ATG;rbs_motif=AGGA;rbs_spacer=5-10bp;gc,26.0
NZ_FNAM01000002.1_37,G,K,G,G,G,K,S,D,K,D,C,D,C,ID=54_37;partial=00;start_type=ATG;rbs_motif=GGAGG;rbs_spacer=5-10bp;gc_cont=0.472,ID=54_37;partial=00;start_type=ATG;rbs_motif=GGAGG;rbs_spacer=5-10bp;gc,26.0
NZ_FNYE01000099.1_3,G,K,G,G,G,K,S,D,K,D,C,D,C,ID=8_3;partial=00;start_type=ATG;rbs_motif=GGAG/GAGG;rbs_spacer=5-10bp;gc_cont=0.612,ID=8_3;partial=00;start_type=ATG;rbs_motif=GGAG/GAGG;rbs_spacer=5-10bp;gc,26.0
NZ_FORI01000001.1_370,G,K,G,G,G,K,S,D,K,D,C,D,C,ID=13_370;partial=00;start_type=ATG;rbs_motif=AGGAG;rbs_spacer=5-10bp;gc_cont=0.454,ID=13_370;partial=00;start_type=ATG;rbs_motif=AGGAG;rbs_spacer=5-10bp;gc,26.0
NZ_FQXM01000009.1_72,G,K,G,G,G,K,S,D,K,D,C,D,C,ID=42_72;partial=00;start_type=ATG;rbs_motif=AGGAGG;rbs_spacer=5-10bp;gc_cont=0.331,ID=42_72;partial=00;start_type=ATG;rbs_motif=AGGAGG;rbs_spacer=5-10bp;gc,26.0
NZ_LT732525.1_392,G,K,G,G,G,K,S,D,K,D,C,D,C,ID=8_392;partial=00;start_type=ATG;rbs_motif=AGGAGG;rbs_spacer=5-10bp;gc_cont=0.507,ID=8_392;partial=00;start_type=ATG;rbs_motif=AGGAGG;rbs_spacer=5-10bp;gc,26.0
NZ_FXXN01000028.1_29,G,K,G,G,G,K,S,D,K,D,C,D,C,ID=2_29;partial=00;start_type=ATG;rbs_motif=AGGA;rbs_spacer=5-10bp;gc_cont=0.634,ID=2_29;partial=00;start_type=ATG;rbs_motif=AGGA;rbs_spacer=5-10bp;gc,26.0
NZ_LT977072.1_36,G,K,G,G,G,K,S,D,K,D,C,D,C,ID=3_36;partial=00;start_type=ATG;rbs_motif=GGAG/GAGG;rbs_spacer=5-10bp;gc_cont=0.527,ID=3_36;partial=00;start_type=ATG;rbs_motif=GGAG/GAGG;rbs_spacer=5-10bp;gc,26.0
NZ_CAJGBN010000011.1_19,G,K,G,G,G,K,S,D,K,D,C,D,C,ID=11_19;partial=00;start_type=ATG;rbs_motif=AGGAG;rbs_spacer=5-10bp;gc_cont=0.650,ID=11_19;partial=00;start_type=ATG;rbs_motif=AGGAG;rbs_spacer=5-10bp;gc,26.0
DJJR01000063.1_30,G,K,G,G,G,K,S,D,K,D,C,D,C,ID=36_30;partial=00;start_type=ATG;rbs_motif=AGxAGG/AGGxGG;rbs_spacer=5-10bp;gc_cont=0.415,ID=36_30;partial=00;start_type=ATG;rbs_motif=AGxAGG/AGGxGG;rbs_spacer=5-10bp;gc,26.0
JAGGAC010000077.1_4,G,K,G,G,G,K,S,D,K,D,C,D,C,ID=75_4;partial=00;start_type=ATG;rbs_motif=AGGAG;rbs_spacer=5-10bp;gc_cont=0.423,ID=75_4;partial=00;start_type=ATG;rbs_motif=AGGAG;rbs_spacer=5-10bp;gc,26.0
JAEYMU010000024.1_6,G,K,G,G,G,K,S,D,K,D,C,D,C,ID=30_6;partial=00;start_type=ATG;rbs_motif=AGGAGG;rbs_spacer=5-10bp;gc_cont=0.465,ID=30_6;partial=00;start_type=ATG;rbs_motif=AGGAGG;rbs_spacer=5-10bp;gc,26.0
JAEWQB010000015.1_55,G,K,G,G,G,K,S,D,K,D,C,D,C,ID=15_55;partial=00;start_type=ATG;rbs_motif=AGGAG;rbs_spacer=5-10bp;gc_cont=0.546,ID=15_55;partial=00;start_type=ATG;rbs_motif=AGGAG;rbs_spacer=5-10bp;gc,26.0
NC_017059.1_565,G,K,G,G,G,K,S,D,K,D,C,D,C,ID=1_565;partial=00;start_type=ATG;rbs_motif=AGGAG;rbs_spacer=5-10bp;gc_cont=0.588,ID=1_565;partial=00;start_type=ATG;rbs_motif=AGGAG;rbs_spacer=5-10bp;gc,26.0
NZ_CP009517.1_1119,G,K,G,G,G,K,S,D,K,D,C,D,C,ID=1_1119;partial=00;start_type=ATG;rbs_motif=GGA/GAG/AGG;rbs_spacer=5-10bp;gc_cont=0.423,ID=1_1119;partial=00;start_type=ATG;rbs_motif=GGA/GAG/AGG;rbs_spacer=5-10bp;gc,26.0
NZ_QKZO01000014.1_47,G,K,G,G,G,K,S,D,K,D,C,D,C,ID=14_47;partial=00;start_type=ATG;rbs_motif=AGGAG;rbs_spacer=5-10bp;gc_cont=0.617,ID=14_47;partial=00;start_type=ATG;rbs_motif=AGGAG;rbs_spacer=5-10bp;gc,26.0
NZ_CP045504.1_2408,G,K,G,G,G,K,S,D,K,D,C,D,C,ID=1_2408;partial=00;start_type=ATG;rbs_motif=AGGAG;rbs_spacer=5-10bp;gc_cont=0.599,ID=1_2408;partial=00;start_type=ATG;rbs_motif=AGGAG;rbs_spacer=5-10bp;gc,26.0
NZ_JAETXJ010000001.1_369,G,K,G,G,G,K,S,D,K,D,C,D,C,ID=1_369;partial=00;start_type=ATG;rbs_motif=GGAG/GAGG;rbs_spacer=5-10bp;gc_cont=0.565,ID=1_369;partial=00;start_type=ATG;rbs_motif=GGAG/GAGG;rbs_spacer=5-10bp;gc,26.0
DBTS01000093.1_12,G,K,G,G,G,K,S,D,K,D,C,D,C,ID=2_12;partial=00;start_type=ATG;rbs_motif=GGA/GAG/AGG;rbs_spacer=5-10bp;gc_cont=0.586,ID=2_12;partial=00;start_type=ATG;rbs_motif=GGA/GAG/AGG;rbs_spacer=5-10bp;gc,26.0
CP099988.1_2314,G,K,G,G,G,K,S,D,K,D,C,D,C,ID=1_2314;partial=00;start_type=ATG;rbs_motif=GGAG/GAGG;rbs_spacer=5-10bp;gc_cont=0.405,ID=1_2314;partial=00;start_type=ATG;rbs_motif=GGAG/GAGG;rbs_spacer=5-10bp;gc,26.0
JAFEDJ010000039.1_33,G,K,G,G,G,K,S,D,K,D,C,D,C,ID=32_33;partial=00;start_type=ATG;rbs_motif=None;rbs_spacer=None;gc_cont=0.625,ID=32_33;partial=00;start_type=ATG;rbs_motif=None;rbs_spacer=None;gc,26.0
NZ_JAECZA010000084.1_3,G,K,G,G,G,K,S,D,K,D,C,D,C,ID=322_3;partial=00;start_type=ATG;rbs_motif=AGGA/GGAG/GAGG;rbs_spacer=11-12bp;gc_cont=0.472,ID=322_3;partial=00;start_type=ATG;rbs_motif=AGGA/GGAG/GAGG;rbs_spacer=11-12bp;gc,26.0
NZ_JACHXI010000005.1_89,G,K,G,G,G,K,S,D,K,D,C,D,C,ID=5_89;partial=00;start_type=ATG;rbs_motif=GGAGG;rbs_spacer=5-10bp;gc_cont=0.561,ID=5_89;partial=00;start_type=ATG;rbs_motif=GGAGG;rbs_spacer=5-10bp;gc,26.0
CP003083.1_1272,G,K,G,G,G,K,S,D,K,D,C,D,C,ID=1_1272;partial=00;start_type=ATG;rbs_motif=GGA/GAG/AGG;rbs_spacer=5-10bp;gc_cont=0.472,ID=1_1272;partial=00;start_type=ATG;rbs_motif=GGA/GAG/AGG;rbs_spacer=5-10bp;gc,26.0
JROS01000008.1_53,G,K,G,G,G,K,S,D,K,D,C,D,C,ID=42_53;partial=00;start_type=ATG;rbs_motif=AGGAG;rbs_spacer=5-10bp;gc_cont=0.583,ID=42_53;partial=00;start_type=ATG;rbs_motif=AGGAG;rbs_spacer=5-10bp;gc,26.0
LJZT01000032.1_8,G,K,G,G,G,K,S,D,K,D,C,D,C,ID=50_8;partial=00;start_type=ATG;rbs_motif=GGAG/GAGG;rbs_spacer=5-10bp;gc_cont=0.521,ID=50_8;partial=00;start_type=ATG;rbs_motif=GGAG/GAGG;rbs_spacer=5-10bp;gc,26.0
LWRO01000008.1_70,G,K,G,G,G,K,S,D,K,D,C,D,C,ID=89_70;partial=00;start_type=ATG;rbs_motif=None;rbs_spacer=None;gc_cont=0.540,ID=89_70;partial=00;start_type=ATG;rbs_motif=None;rbs_spacer=None;gc,26.0
MGZJ01000025.1_34,G,K,G,G,G,K,S,D,K,D,C,D,C,ID=25_34;partial=00;start_type=ATG;rbs_motif=AGGAG;rbs_spacer=5-10bp;gc_cont=0.541,ID=25_34;partial=00;start_type=ATG;rbs_motif=AGGAG;rbs_spacer=5-10bp;gc,26.0
MVQX01000087.1_97,G,K,G,G,G,K,S,D,K,D,C,D,C,ID=87_97;partial=00;start_type=ATG;rbs_motif=GGA/GAG/AGG;rbs_spacer=5-10bp;gc_cont=0.505,ID=87_97;partial=00;start_type=ATG;rbs_motif=GGA/GAG/AGG;rbs_spacer=5-10bp;gc,26.0
DBMI01000028.1_135,G,K,G,G,G,K,S,D,K,D,C,D,C,ID=92_135;partial=00;start_type=ATG;rbs_motif=AGGAGG;rbs_spacer=5-10bp;gc_cont=0.559,ID=92_135;partial=00;start_type=ATG;rbs_motif=AGGAGG;rbs_spacer=5-10bp;gc,26.0
DCUX01000006.1_23,G,K,G,G,G,K,S,D,K,D,C,D,C,ID=9_23;partial=00;start_type=ATG;rbs_motif=AGxAGG/AGGxGG;rbs_spacer=11-12bp;gc_cont=0.489,ID=9_23;partial=00;start_type=ATG;rbs_motif=AGxAGG/AGGxGG;rbs_spacer=11-12bp;gc,26.0
DFEO01000129.1_2,G,K,G,G,G,K,S,D,K,D,C,D,C,ID=88_2;partial=00;start_type=ATG;rbs_motif=GGAG/GAGG;rbs_spacer=5-10bp;gc_cont=0.505,ID=88_2;partial=00;start_type=ATG;rbs_motif=GGAG/GAGG;rbs_spacer=5-10bp;gc,26.0
DHGV01000056.1_12,G,K,G,G,G,K,S,D,K,D,C,D,C,ID=100_12;partial=00;start_type=ATG;rbs_motif=AGGAGG;rbs_spacer=5-10bp;gc_cont=0.549,ID=100_12;partial=00;start_type=ATG;rbs_motif=AGGAGG;rbs_spacer=5-10bp;gc,26.0
DIUY01000011.1_169,G,K,G,G,G,K,S,D,K,D,C,D,C,ID=20_169;partial=00;start_type=ATG;rbs_motif=AGGAG;rbs_spacer=5-10bp;gc_cont=0.466,ID=20_169;partial=00;start_type=ATG;rbs_motif=AGGAG;rbs_spacer=5-10bp;gc,26.0
DKDL01000108.1_21,G,K,G,G,G,K,S,D,K,D,C,D,C,ID=13_21;partial=00;start_type=ATG;rbs_motif=AGGA;rbs_spacer=5-10bp;gc_cont=0.419,ID=13_21;partial=00;start_type=ATG;rbs_motif=AGGA;rbs_spacer=5-10bp;gc,26.0
PAJK01000083.1_62,G,K,G,G,G,K,S,D,K,D,C,D,C,ID=82_62;partial=00;start_type=ATG;rbs_motif=AGGAG;rbs_spacer=5-10bp;gc_cont=0.494,ID=82_62;partial=00;start_type=ATG;rbs_motif=AGGAG;rbs_spacer=5-10bp;gc,26.0
PHFB01000002.1_257,G,K,G,G,G,K,S,D,K,D,C,D,C,ID=21_257;partial=00;start_type=ATG;rbs_motif=AGGAGG;rbs_spacer=5-10bp;gc_cont=0.643,ID=21_257;partial=00;start_type=ATG;rbs_motif=AGGAGG;rbs_spacer=5-10bp;gc,26.0
PKUH01000036.1_20,G,K,G,G,G,K,S,D,K,D,C,D,C,ID=22_20;partial=00;start_type=ATG;rbs_motif=AGGAG;rbs_spacer=5-10bp;gc_cont=0.551,ID=22_20;partial=00;start_type=ATG;rbs_motif=AGGAG;rbs_spacer=5-10bp;gc,26.0
PKWL01000107.1_2,G,K,G,G,G,K,S,D,K,D,C,D,C,ID=115_2;partial=00;start_type=ATG;rbs_motif=AGGAG;rbs_spacer=5-10bp;gc_cont=0.595,ID=115_2;partial=00;start_type=ATG;rbs_motif=AGGAG;rbs_spacer=5-10bp;gc,26.0
PMEV01000065.1_15,G,K,G,G,G,K,S,D,K,D,C,D,C,ID=222_15;partial=00;start_type=ATG;rbs_motif=AGGAG/GGAGG;rbs_spacer=11-12bp;gc_cont=0.605,ID=222_15;partial=00;start_type=ATG;rbs_motif=AGGAG/GGAGG;rbs_spacer=11-12bp;gc,26.0
PLTC01000087.1_1,G,K,G,G,G,K,S,D,K,D,C,D,C,ID=50_1;partial=10;start_type=ATG;rbs_motif=AGGAG;rbs_spacer=5-10bp;gc_cont=0.631,ID=50_1;partial=10;start_type=ATG;rbs_motif=AGGAG;rbs_spacer=5-10bp;gc,26.0
QKCP01000121.1_33,G,K,G,G,G,K,S,D,K,D,C,D,C,ID=54_33;partial=00;start_type=ATG;rbs_motif=AGxAGG/AGGxGG;rbs_spacer=5-10bp;gc_cont=0.392,ID=54_33;partial=00;start_type=ATG;rbs_motif=AGxAGG/AGGxGG;rbs_spacer=5-10bp;gc,26.0
LXQE01000005.1_16,G,R,G,G,G,K,S,D,K,D,C,D,C,ID=5_16;partial=00;start_type=ATG;rbs_motif=GGAG/GAGG;rbs_spacer=5-10bp;gc_cont=0.463,ID=5_16;partial=00;start_type=ATG;rbs_motif=GGAG/GAGG;rbs_spacer=5-10bp;gc,25.0
PXDP01000002.1_5,G,K,G,G,G,K,S,D,K,D,C,D,C,ID=262_5;partial=00;start_type=ATG;rbs_motif=GGAG/GAGG;rbs_spacer=5-10bp;gc_cont=0.580,ID=262_5;partial=00;start_type=ATG;rbs_motif=GGAG/GAGG;rbs_spacer=5-10bp;gc,26.0
RXJK01000217.1_29,G,K,G,G,G,K,S,D,K,D,C,D,C,ID=109_29;partial=00;start_type=ATG;rbs_motif=GGA/GAG/AGG;rbs_spacer=5-10bp;gc_cont=0.636,ID=109_29;partial=00;start_type=ATG;rbs_motif=GGA/GAG/AGG;rbs_spacer=5-10bp;gc,26.0
RXIL01000115.1_7,G,K,G,G,G,K,S,D,K,D,C,D,C,ID=25_7;partial=00;start_type=ATG;rbs_motif=AGGAG;rbs_spacer=5-10bp;gc_cont=0.488,ID=25_7;partial=00;start_type=ATG;rbs_motif=AGGAG;rbs_spacer=5-10bp;gc,26.0
QZKZ01000234.1_5,G,K,G,G,G,K,S,D,K,D,C,D,C,ID=77_5;partial=00;start_type=ATG;rbs_motif=AGGAG;rbs_spacer=5-10bp;gc_cont=0.607,ID=77_5;partial=00;start_type=ATG;rbs_motif=AGGAG;rbs_spacer=5-10bp;gc,26.0
SKKY01000061.1_8,G,K,G,G,G,K,S,D,K,D,C,D,C,ID=115_8;partial=00;start_type=ATG;rbs_motif=AGGAG;rbs_spacer=5-10bp;gc_cont=0.425,ID=115_8;partial=00;start_type=ATG;rbs_motif=AGGAG;rbs_spacer=5-10bp;gc,26.0
REDX01000195.1_9,G,K,G,G,G,K,S,D,K,D,C,D,C,ID=222_9;partial=00;start_type=ATG;rbs_motif=AGGAG;rbs_spacer=5-10bp;gc_cont=0.595,ID=222_9;partial=00;start_type=ATG;rbs_motif=AGGAG;rbs_spacer=5-10bp;gc,26.0
WASS01000015.1_295,G,K,G,G,G,K,S,D,K,D,C,D,C,ID=13_295;partial=00;start_type=ATG;rbs_motif=AGGAGG;rbs_spacer=5-10bp;gc_cont=0.448,ID=13_295;partial=00;start_type=ATG;rbs_motif=AGGAGG;rbs_spacer=5-10bp;gc,26.0
JAACTI010000176.1_3,G,K,G,G,G,K,S,D,K,D,C,D,C,ID=74_3;partial=00;start_type=ATG;rbs_motif=AGGAG;rbs_spacer=5-10bp;gc_cont=0.547,ID=74_3;partial=00;start_type=ATG;rbs_motif=AGGAG;rbs_spacer=5-10bp;gc,26.0
WYCW01000003.1_53,G,K,G,G,G,K,S,D,K,D,C,D,C,ID=10_53;partial=00;start_type=ATG;rbs_motif=GGAG/GAGG;rbs_spacer=5-10bp;gc_cont=0.618,ID=10_53;partial=00;start_type=ATG;rbs_motif=GGAG/GAGG;rbs_spacer=5-10bp;gc,26.0
JAAZBG010000126.1_3,G,K,G,G,G,K,S,D,K,D,C,D,C,ID=110_3;partial=00;start_type=ATG;rbs_motif=AGGAG;rbs_spacer=5-10bp;gc_cont=0.445,ID=110_3;partial=00;start_type=ATG;rbs_motif=AGGAG;rbs_spacer=5-10bp;gc,26.0
JABDRL010000192.1_5,G,K,G,G,G,K,S,D,K,D,C,D,C,ID=163_5;partial=00;start_type=ATG;rbs_motif=AGGAG;rbs_spacer=5-10bp;gc_cont=0.660,ID=163_5;partial=00;start_type=ATG;rbs_motif=AGGAG;rbs_spacer=5-10bp;gc,26.0
JAADGO010000050.1_15,G,K,G,G,G,K,S,D,K,D,C,D,C,ID=35_15;partial=00;start_type=ATG;rbs_motif=AAAAAA;rbs_spacer=10bp;gc_cont=0.458,ID=35_15;partial=00;start_type=ATG;rbs_motif=AAAAAA;rbs_spacer=10bp;gc,26.0
JAAXWY010000004.1_33,G,K,G,G,G,K,S,D,K,D,C,D,C,ID=20_33;partial=00;start_type=ATG;rbs_motif=AGGAGG;rbs_spacer=3-4bp;gc_cont=0.635,ID=20_33;partial=00;start_type=ATG;rbs_motif=AGGAGG;rbs_spacer=3-4bp;gc,26.0
JACAAX010000037.1_43,G,K,G,G,G,K,S,D,K,D,C,D,C,ID=31_43;partial=00;start_type=ATG;rbs_motif=AGGA;rbs_spacer=5-10bp;gc_cont=0.644,ID=31_43;partial=00;start_type=ATG;rbs_motif=AGGA;rbs_spacer=5-10bp;gc,26.0
JACESF010000035.1_25,G,K,G,G,G,K,S,D,K,D,C,D,C,ID=62_25;partial=00;start_type=ATG;rbs_motif=None;rbs_spacer=None;gc_cont=0.648,ID=62_25;partial=00;start_type=ATG;rbs_motif=None;rbs_spacer=None;gc,26.0
JADGBT010000007.1_6,G,K,G,G,G,K,S,D,K,D,C,D,C,ID=92_6;partial=00;start_type=ATG;rbs_motif=AGGAG;rbs_spacer=5-10bp;gc_cont=0.596,ID=92_6;partial=00;start_type=ATG;rbs_motif=AGGAG;rbs_spacer=5-10bp;gc,26.0
JADFXD010000012.1_36,G,K,G,G,G,K,S,D,K,D,C,D,C,ID=82_36;partial=00;start_type=ATG;rbs_motif=AGGAGG;rbs_spacer=5-10bp;gc_cont=0.521,ID=82_36;partial=00;start_type=ATG;rbs_motif=AGGAGG;rbs_spacer=5-10bp;gc,26.0
JAATEU010000146.1_1,G,K,G,G,G,K,S,D,K,D,C,D,C,ID=364_1;partial=00;start_type=ATG;rbs_motif=AGGAGG;rbs_spacer=5-10bp;gc_cont=0.437,ID=364_1;partial=00;start_type=ATG;rbs_motif=AGGAGG;rbs_spacer=5-10bp;gc,26.0
JACQYR010000035.1_10,G,K,G,G,G,K,S,D,K,D,C,D,C,ID=17_10;partial=00;start_type=ATG;rbs_motif=GGAGG;rbs_spacer=5-10bp;gc_cont=0.639,ID=17_10;partial=00;start_type=ATG;rbs_motif=GGAGG;rbs_spacer=5-10bp;gc,26.0
JACRJC010000029.1_28,G,K,G,G,G,K,S,D,K,D,C,D,C,ID=15_28;partial=00;start_type=ATG;rbs_motif=AGGAG;rbs_spacer=5-10bp;gc_cont=0.603,ID=15_28;partial=00;start_type=ATG;rbs_motif=AGGAG;rbs_spacer=5-10bp;gc,26.0
JACRPZ010000054.1_13,G,K,G,G,G,K,S,D,K,D,C,D,C,ID=27_13;partial=00;start_type=ATG;rbs_motif=AGGAG;rbs_spacer=5-10bp;gc_cont=0.548,ID=27_13;partial=00;start_type=ATG;rbs_motif=AGGAG;rbs_spacer=5-10bp;gc,26.0
JAEEJA010000001.1_82,G,K,G,G,G,K,S,D,K,D,C,D,C,ID=49_82;partial=00;start_type=ATG;rbs_motif=AGGA;rbs_spacer=5-10bp;gc_cont=0.398,ID=49_82;partial=00;start_type=ATG;rbs_motif=AGGA;rbs_spacer=5-10bp;gc,26.0
JADJBS010000002.1_157,G,K,G,G,G,K,S,D,K,D,C,D,C,ID=2_157;partial=00;start_type=ATG;rbs_motif=GGAG/GAGG;rbs_spacer=5-10bp;gc_cont=0.589,ID=2_157;partial=00;start_type=ATG;rbs_motif=GGAG/GAGG;rbs_spacer=5-10bp;gc,26.0
JAEQMT010000021.1_44,G,K,G,G,G,K,S,D,K,D,C,D,C,ID=46_44;partial=00;start_type=ATG;rbs_motif=GGAG/GAGG;rbs_spacer=5-10bp;gc_cont=0.557,ID=46_44;partial=00;start_type=ATG;rbs_motif=GGAG/GAGG;rbs_spacer=5-10bp;gc,26.0
JAEULG010000277.1_10,G,K,G,G,G,K,S,D,K,D,C,D,C,ID=290_10;partial=00;start_type=ATG;rbs_motif=AGGAG;rbs_spacer=5-10bp;gc_cont=0.639,ID=290_10;partial=00;start_type=ATG;rbs_motif=AGGAG;rbs_spacer=5-10bp;gc,26.0
JAFGFM010000203.1_51,G,K,G,G,G,K,S,D,K,D,C,D,C,ID=22_51;partial=00;start_type=ATG;rbs_motif=AGGAG;rbs_spacer=5-10bp;gc_cont=0.502,ID=22_51;partial=00;start_type=ATG;rbs_motif=AGGAG;rbs_spacer=5-10bp;gc,26.0
JAFGVO010000460.1_1,G,K,G,G,G,K,S,D,K,D,C,D,C,ID=284_1;partial=00;start_type=ATG;rbs_motif=AGGAG;rbs_spacer=5-10bp;gc_cont=0.429,ID=284_1;partial=00;start_type=ATG;rbs_motif=AGGAG;rbs_spacer=5-10bp;gc,26.0
JAFORL010000061.1_6,G,K,G,G,G,K,S,D,K,D,C,D,C,ID=60_6;partial=01;start_type=ATG;rbs_motif=AGGAG;rbs_spacer=5-10bp;gc_cont=0.401,ID=60_6;partial=01;start_type=ATG;rbs_motif=AGGAG;rbs_spacer=5-10bp;gc,26.0
JAFUAD010000046.1_13,G,K,G,G,G,K,S,D,K,D,C,D,C,ID=19_13;partial=00;start_type=ATG;rbs_motif=AGGA;rbs_spacer=5-10bp;gc_cont=0.562,ID=19_13;partial=00;start_type=ATG;rbs_motif=AGGA;rbs_spacer=5-10bp;gc,26.0
JAFWRL010000151.1_13,G,K,G,G,G,K,S,D,K,D,C,D,C,ID=125_13;partial=00;start_type=ATG;rbs_motif=AGGAG;rbs_spacer=5-10bp;gc_cont=0.481,ID=125_13;partial=00;start_type=ATG;rbs_motif=AGGAG;rbs_spacer=5-10bp;gc,26.0
JAGFXX010000001.1_1192,G,K,G,G,G,K,S,D,K,D,C,D,C,ID=1_1192;partial=00;start_type=ATG;rbs_motif=AGGA;rbs_spacer=5-10bp;gc_cont=0.632,ID=1_1192;partial=00;start_type=ATG;rbs_motif=AGGA;rbs_spacer=5-10bp;gc,26.0
JAGHZQ010000053.1_77,G,K,G,G,G,K,S,D,K,D,C,D,C,ID=67_77;partial=00;start_type=ATG;rbs_motif=GGA/GAG/AGG;rbs_spacer=5-10bp;gc_cont=0.506,ID=67_77;partial=00;start_type=ATG;rbs_motif=GGA/GAG/AGG;rbs_spacer=5-10bp;gc,26.0
JAGAXM010000005.1_43,G,K,G,G,G,K,S,D,K,D,C,D,C,ID=31_43;partial=00;start_type=ATG;rbs_motif=AGGAG/GGAGG;rbs_spacer=11-12bp;gc_cont=0.512,ID=31_43;partial=00;start_type=ATG;rbs_motif=AGGAG/GGAGG;rbs_spacer=11-12bp;gc,26.0
JAGTVF010000258.1_4,G,K,G,G,G,K,S,D,K,D,C,D,C,ID=258_4;partial=00;start_type=ATG;rbs_motif=AGGAG;rbs_spacer=5-10bp;gc_cont=0.593,ID=258_4;partial=00;start_type=ATG;rbs_motif=AGGAG;rbs_spacer=5-10bp;gc,26.0
JADMKC010000031.1_15,G,K,G,G,G,K,S,D,K,D,C,D,C,ID=30_15;partial=00;start_type=GTG;rbs_motif=AGGAG;rbs_spacer=5-10bp;gc_cont=0.603,ID=30_15;partial=00;start_type=GTG;rbs_motif=AGGAG;rbs_spacer=5-10bp;gc,26.0
JAHJTI010000009.1_4,G,K,G,G,G,K,S,D,K,D,C,D,C,ID=97_4;partial=00;start_type=ATG;rbs_motif=AGGAGG;rbs_spacer=5-10bp;gc_cont=0.552,ID=97_4;partial=00;start_type=ATG;rbs_motif=AGGAGG;rbs_spacer=5-10bp;gc,26.0
JABBNX010000017.1_18,G,K,G,G,G,K,S,D,K,D,C,D,C,ID=194_18;partial=00;start_type=ATG;rbs_motif=AGGAG;rbs_spacer=5-10bp;gc_cont=0.535,ID=194_18;partial=00;start_type=ATG;rbs_motif=AGGAG;rbs_spacer=5-10bp;gc,26.0
JAGVOW010000060.1_27,G,K,G,G,G,K,S,D,K,D,C,D,C,ID=9_27;partial=00;start_type=ATG;rbs_motif=AGGAGG;rbs_spacer=5-10bp;gc_cont=0.508,ID=9_27;partial=00;start_type=ATG;rbs_motif=AGGAGG;rbs_spacer=5-10bp;gc,26.0
JAGQRL010000254.1_16,G,K,G,G,G,K,S,D,K,D,C,D,C,ID=80_16;partial=00;start_type=ATG;rbs_motif=AGGAG;rbs_spacer=5-10bp;gc_cont=0.633,ID=80_16;partial=00;start_type=ATG;rbs_motif=AGGAG;rbs_spacer=5-10bp;gc,26.0
DYDK01000035.1_6,G,K,G,G,G,K,S,D,K,D,C,D,C,ID=24_6;partial=00;start_type=ATG;rbs_motif=AGGAG;rbs_spacer=5-10bp;gc_cont=0.559,ID=24_6;partial=00;start_type=ATG;rbs_motif=AGGAG;rbs_spacer=5-10bp;gc,26.0
JAHFZE010000270.1_2,G,K,G,G,G,K,S,D,K,D,C,D,C,ID=105_2;partial=00;start_type=ATG;rbs_motif=GGA/GAG/AGG;rbs_spacer=5-10bp;gc_cont=0.507,ID=105_2;partial=00;start_type=ATG;rbs_motif=GGA/GAG/AGG;rbs_spacer=5-10bp;gc,26.0
JAJYCZ010000027.1_33,G,K,G,G,G,K,S,D,K,D,C,D,C,ID=128_33;partial=00;start_type=ATG;rbs_motif=AGGAG;rbs_spacer=5-10bp;gc_cont=0.628,ID=128_33;partial=00;start_type=ATG;rbs_motif=AGGAG;rbs_spacer=5-10bp;gc,26.0
JAJXUT010000009.1_14,G,K,G,G,G,K,S,D,K,D,C,D,C,ID=9_14;partial=00;start_type=ATG;rbs_motif=GGAGG;rbs_spacer=5-10bp;gc_cont=0.618,ID=9_14;partial=00;start_type=ATG;rbs_motif=GGAGG;rbs_spacer=5-10bp;gc,26.0
JAJYXI010000038.1_43,G,K,G,G,G,K,S,D,K,D,C,D,C,ID=79_43;partial=00;start_type=ATG;rbs_motif=AGGAGG;rbs_spacer=5-10bp;gc_cont=0.502,ID=79_43;partial=00;start_type=ATG;rbs_motif=AGGAGG;rbs_spacer=5-10bp;gc,26.0
JAJZRS010000027.1_6,G,K,G,G,G,K,S,D,K,D,C,D,C,ID=12_6;partial=00;start_type=ATG;rbs_motif=AGGAG;rbs_spacer=5-10bp;gc_cont=0.573,ID=12_6;partial=00;start_type=ATG;rbs_motif=AGGAG;rbs_spacer=5-10bp;gc,26.0
JAKAKS010000022.1_100,G,K,G,G,G,K,S,D,K,D,C,D,C,ID=17_100;partial=00;start_type=ATG;rbs_motif=AGGAGG;rbs_spacer=5-10bp;gc_cont=0.559,ID=17_100;partial=00;start_type=ATG;rbs_motif=AGGAGG;rbs_spacer=5-10bp;gc,26.0
JAKARO010000010.1_50,G,K,G,G,G,K,S,D,K,D,C,D,C,ID=15_50;partial=00;start_type=ATG;rbs_motif=AGGAG;rbs_spacer=5-10bp;gc_cont=0.582,ID=15_50;partial=00;start_type=ATG;rbs_motif=AGGAG;rbs_spacer=5-10bp;gc,26.0
JAKBZN010000003.1_20,G,K,G,G,G,K,S,D,K,D,C,D,C,ID=18_20;partial=00;start_type=ATG;rbs_motif=AGGAG;rbs_spacer=5-10bp;gc_cont=0.607,ID=18_20;partial=00;start_type=ATG;rbs_motif=AGGAG;rbs_spacer=5-10bp;gc,26.0
JAKSDC010000019.1_5,G,K,G,G,G,K,S,D,K,D,C,D,C,ID=109_5;partial=00;start_type=ATG;rbs_motif=None;rbs_spacer=None;gc_cont=0.521,ID=109_5;partial=00;start_type=ATG;rbs_motif=None;rbs_spacer=None;gc,26.0
JAKJGA010000032.1_13,G,K,G,G,G,K,S,D,K,D,C,D,C,ID=21_13;partial=00;start_type=ATG;rbs_motif=AGGAG;rbs_spacer=5-10bp;gc_cont=0.451,ID=21_13;partial=00;start_type=ATG;rbs_motif=AGGAG;rbs_spacer=5-10bp;gc,26.0
JAMCQY010000369.1_27,G,K,G,G,G,K,S,D,K,D,C,D,C,ID=428_27;partial=00;start_type=ATG;rbs_motif=GGAG/GAGG;rbs_spacer=5-10bp;gc_cont=0.611,ID=428_27;partial=00;start_type=ATG;rbs_motif=GGAG/GAGG;rbs_spacer=5-10bp;gc,26.0
JAEWMZ010000313.1_10,G,K,G,G,G,K,S,D,K,D,C,D,C,ID=283_10;partial=00;start_type=ATG;rbs_motif=AGGAGG;rbs_spacer=5-10bp;gc_cont=0.437,ID=283_10;partial=00;start_type=ATG;rbs_motif=AGGAGG;rbs_spacer=5-10bp;gc,26.0
JAEWSG010000067.1_12,G,K,G,G,G,K,S,D,K,D,C,D,C,ID=240_12;partial=00;start_type=ATG;rbs_motif=GGAGG;rbs_spacer=5-10bp;gc_cont=0.397,ID=240_12;partial=00;start_type=ATG;rbs_motif=GGAGG;rbs_spacer=5-10bp;gc,26.0
JAEYGZ010000012.1_111,G,K,G,G,G,K,S,D,K,D,C,D,C,ID=16_111;partial=00;start_type=ATG;rbs_motif=AGGAGG;rbs_spacer=5-10bp;gc_cont=0.490,ID=16_111;partial=00;start_type=ATG;rbs_motif=AGGAGG;rbs_spacer=5-10bp;gc,26.0
JAEZRE010000010.1_34,G,K,G,G,G,K,S,D,K,D,C,D,C,ID=20_34;partial=00;start_type=ATG;rbs_motif=AGGAGG;rbs_spacer=5-10bp;gc_cont=0.526,ID=20_34;partial=00;start_type=ATG;rbs_motif=AGGAGG;rbs_spacer=5-10bp;gc,26.0
JAEZFP010000068.1_314,G,K,G,G,G,K,S,D,K,D,C,D,C,ID=54_314;partial=00;start_type=ATG;rbs_motif=AGGAG;rbs_spacer=5-10bp;gc_cont=0.482,ID=54_314;partial=00;start_type=ATG;rbs_motif=AGGAG;rbs_spacer=5-10bp;gc,26.0
JAEYZK010000392.1_13,G,K,G,G,G,K,S,D,K,D,C,D,C,ID=394_13;partial=00;start_type=ATG;rbs_motif=AGGAG;rbs_spacer=5-10bp;gc_cont=0.671,ID=394_13;partial=00;start_type=ATG;rbs_motif=AGGAG;rbs_spacer=5-10bp;gc,26.0
JAEZKS010000156.1_4,G,K,G,G,G,K,S,D,K,D,C,D,C,ID=19_4;partial=00;start_type=ATG;rbs_motif=GGAG/GAGG;rbs_spacer=5-10bp;gc_cont=0.598,ID=19_4;partial=00;start_type=ATG;rbs_motif=GGAG/GAGG;rbs_spacer=5-10bp;gc,26.0
JAEXRM010000053.1_18,G,K,G,G,G,K,S,D,K,D,C,D,C,ID=51_18;partial=00;start_type=ATG;rbs_motif=AGGAG;rbs_spacer=5-10bp;gc_cont=0.637,ID=51_18;partial=00;start_type=ATG;rbs_motif=AGGAG;rbs_spacer=5-10bp;gc,26.0
JAEXAS010000045.1_49,G,K,G,G,G,K,S,D,K,D,C,D,C,ID=45_49;partial=00;start_type=ATG;rbs_motif=GGAGG;rbs_spacer=5-10bp;gc_cont=0.624,ID=45_49;partial=00;start_type=ATG;rbs_motif=GGAGG;rbs_spacer=5-10bp;gc,26.0
JAMPXE010000076.1_1,G,K,G,G,G,K,S,D,K,D,C,D,C,ID=73_1;partial=10;start_type=ATG;rbs_motif=GGAG/GAGG;rbs_spacer=5-10bp;gc_cont=0.571,ID=73_1;partial=10;start_type=ATG;rbs_motif=GGAG/GAGG;rbs_spacer=5-10bp;gc,26.0
JAKSTR010000008.1_4,G,K,G,G,G,K,S,D,K,D,C,D,C,ID=181_4;partial=00;start_type=ATG;rbs_motif=GGAG/GAGG;rbs_spacer=5-10bp;gc_cont=0.460,ID=181_4;partial=00;start_type=ATG;rbs_motif=GGAG/GAGG;rbs_spacer=5-10bp;gc,26.0
JAIKXF010000082.1_9,G,K,G,G,G,K,S,D,K,D,C,D,C,ID=25_9;partial=00;start_type=ATG;rbs_motif=GGA/GAG/AGG;rbs_spacer=5-10bp;gc_cont=0.490,ID=25_9;partial=00;start_type=ATG;rbs_motif=GGA/GAG/AGG;rbs_spacer=5-10bp;gc,26.0
JAILRH010000069.1_19,G,K,G,G,G,K,S,D,K,D,C,D,C,ID=51_19;partial=00;start_type=ATG;rbs_motif=AGGA;rbs_spacer=5-10bp;gc_cont=0.415,ID=51_19;partial=00;start_type=ATG;rbs_motif=AGGA;rbs_spacer=5-10bp;gc,26.0
FMVK01000010.1_15,G,K,G,G,G,K,S,D,K,D,C,D,C,ID=23_15;partial=00;start_type=ATG;rbs_motif=AGGAG;rbs_spacer=5-10bp;gc_cont=0.440,ID=23_15;partial=00;start_type=ATG;rbs_motif=AGGAG;rbs_spacer=5-10bp;gc,26.0
OMZA01000014.1_15,G,K,G,G,G,K,S,D,K,D,C,D,C,ID=42_15;partial=00;start_type=ATG;rbs_motif=AGGA;rbs_spacer=5-10bp;gc_cont=0.404,ID=42_15;partial=00;start_type=ATG;rbs_motif=AGGA;rbs_spacer=5-10bp;gc,26.0
UXAT02000012.1_135,G,K,G,G,G,K,S,D,K,D,C,D,C,ID=12_135;partial=00;start_type=ATG;rbs_motif=AGGAG;rbs_spacer=5-10bp;gc_cont=0.600,ID=12_135;partial=00;start_type=ATG;rbs_motif=AGGAG;rbs_spacer=5-10bp;gc,26.0
CACWXL010000004.1_12,G,K,G,G,G,K,S,D,K,D,C,D,C,ID=4_12;partial=00;start_type=ATG;rbs_motif=GGA/GAG/AGG;rbs_spacer=5-10bp;gc_cont=0.498,ID=4_12;partial=00;start_type=ATG;rbs_motif=GGA/GAG/AGG;rbs_spacer=5-10bp;gc,26.0
CADACD010000009.1_34,G,K,G,G,G,K,S,D,K,D,C,D,C,ID=9_34;partial=00;start_type=ATG;rbs_motif=AGGA;rbs_spacer=5-10bp;gc_cont=0.395,ID=9_34;partial=00;start_type=ATG;rbs_motif=AGGA;rbs_spacer=5-10bp;gc,26.0
CADBTR010000122.1_9,G,K,G,G,G,K,S,D,K,D,C,D,C,ID=122_9;partial=00;start_type=ATG;rbs_motif=4Base/6BMM;rbs_spacer=13-15bp;gc_cont=0.419,ID=122_9;partial=00;start_type=ATG;rbs_motif=4Base/6BMM;rbs_spacer=13-15bp;gc,26.0
CADEDX010000177.1_12,G,K,G,G,G,K,S,D,K,D,C,D,C,ID=177_12;partial=00;start_type=ATG;rbs_motif=GGAG/GAGG;rbs_spacer=5-10bp;gc_cont=0.632,ID=177_12;partial=00;start_type=ATG;rbs_motif=GGAG/GAGG;rbs_spacer=5-10bp;gc,26.0
CAIMCD010000025.1_4,G,K,G,G,G,K,S,D,K,D,C,D,C,ID=25_4;partial=00;start_type=ATG;rbs_motif=None;rbs_spacer=None;gc_cont=0.503,ID=25_4;partial=00;start_type=ATG;rbs_motif=None;rbs_spacer=None;gc,26.0
CAIOXL010000110.1_62,G,K,G,G,G,K,S,D,K,D,C,D,C,ID=110_62;partial=00;start_type=ATG;rbs_motif=AGGAG;rbs_spacer=5-10bp;gc_cont=0.554,ID=110_62;partial=00;start_type=ATG;rbs_motif=AGGAG;rbs_spacer=5-10bp;gc,26.0
CAIRBC010000355.1_9,G,K,G,G,G,K,S,D,K,D,C,D,C,ID=355_9;partial=00;start_type=ATG;rbs_motif=AGGAG;rbs_spacer=5-10bp;gc_cont=0.516,ID=355_9;partial=00;start_type=ATG;rbs_motif=AGGAG;rbs_spacer=5-10bp;gc,26.0
CAIULK010000099.1_2,G,K,G,G,G,K,S,D,K,D,C,D,C,ID=99_2;partial=00;start_type=ATG;rbs_motif=AGGA;rbs_spacer=5-10bp;gc_cont=0.613,ID=99_2;partial=00;start_type=ATG;rbs_motif=AGGA;rbs_spacer=5-10bp;gc,26.0
CAIXDS010000400.1_1,G,K,G,G,G,K,S,D,K,D,C,D,C,ID=400_1;partial=00;start_type=ATG;rbs_motif=GGAG/GAGG;rbs_spacer=5-10bp;gc_cont=0.632,ID=400_1;partial=00;start_type=ATG;rbs_motif=GGAG/GAGG;rbs_spacer=5-10bp;gc,26.0
CAIZGR010000378.1_10,G,K,G,G,G,K,S,D,K,D,C,D,C,ID=378_10;partial=00;start_type=ATG;rbs_motif=AGGA;rbs_spacer=5-10bp;gc_cont=0.651,ID=378_10;partial=00;start_type=ATG;rbs_motif=AGGA;rbs_spacer=5-10bp;gc,26.0
CAJFUR010000087.1_10,G,K,G,G,G,K,S,D,K,D,C,D,C,ID=87_10;partial=00;start_type=ATG;rbs_motif=AGxAGG/AGGxGG;rbs_spacer=3-4bp;gc_cont=0.651,ID=87_10;partial=00;start_type=ATG;rbs_motif=AGxAGG/AGGxGG;rbs_spacer=3-4bp;gc,26.0
CAJXLI010000155.1_2,G,K,G,G,G,K,S,D,K,D,C,D,C,ID=155_2;partial=00;start_type=ATG;rbs_motif=GGAGG;rbs_spacer=5-10bp;gc_cont=0.662,ID=155_2;partial=00;start_type=ATG;rbs_motif=GGAGG;rbs_spacer=5-10bp;gc,26.0
CALZHR010000022.1_5,G,K,G,G,G,K,S,D,K,D,C,D,C,ID=22_5;partial=00;start_type=ATG;rbs_motif=GGAG/GAGG;rbs_spacer=5-10bp;gc_cont=0.569,ID=22_5;partial=00;start_type=ATG;rbs_motif=GGAG/GAGG;rbs_spacer=5-10bp;gc,26.0
NC_007493.2_2164,G,K,G,G,G,K,S,D,K,D,C,D,C,ID=1_2164;partial=00;start_type=ATG;rbs_motif=AGGA;rbs_spacer=5-10bp;gc_cont=0.639,ID=1_2164;partial=00;start_type=ATG;rbs_motif=AGGA;rbs_spacer=5-10bp;gc,26.0
NC_010581.1_486,G,K,G,G,G,K,S,D,K,D,C,D,C,ID=1_486;partial=00;start_type=ATG;rbs_motif=AGGAG;rbs_spacer=5-10bp;gc_cont=0.598,ID=1_486;partial=00;start_type=ATG;rbs_motif=AGGAG;rbs_spacer=5-10bp;gc,26.0
NC_012881.1_449,G,K,G,G,G,K,S,D,K,D,C,D,C,ID=1_449;partial=00;start_type=ATG;rbs_motif=GGAGG;rbs_spacer=5-10bp;gc_cont=0.522,ID=1_449;partial=00;start_type=ATG;rbs_motif=GGAGG;rbs_spacer=5-10bp;gc,26.0
NZ_AADV02000024.1_15,G,K,G,G,G,K,S,D,K,D,C,D,C,ID=300_15;partial=00;start_type=ATG;rbs_motif=None;rbs_spacer=None;gc_cont=0.442,ID=300_15;partial=00;start_type=ATG;rbs_motif=None;rbs_spacer=None;gc,26.0
NC_014923.1_5783,G,K,G,G,G,K,S,D,K,D,C,D,C,ID=1_5783;partial=00;start_type=ATG;rbs_motif=AGGA;rbs_spacer=5-10bp;gc_cont=0.598,ID=1_5783;partial=00;start_type=ATG;rbs_motif=AGGA;rbs_spacer=5-10bp;gc,26.0
NC_018012.1_3618,G,K,G,G,G,K,S,D,K,D,C,D,C,ID=1_3618;partial=00;start_type=ATG;rbs_motif=AGGAG;rbs_spacer=5-10bp;gc_cont=0.613,ID=1_3618;partial=00;start_type=ATG;rbs_motif=AGGAG;rbs_spacer=5-10bp;gc,26.0
NZ_AJGU01000011.1_21,G,K,G,G,G,K,S,D,K,D,C,D,C,ID=11_21;partial=00;start_type=ATG;rbs_motif=GGAG/GAGG;rbs_spacer=5-10bp;gc_cont=0.472,ID=11_21;partial=00;start_type=ATG;rbs_motif=GGAG/GAGG;rbs_spacer=5-10bp;gc,26.0
NZ_AEYE02000038.1_18,G,K,G,G,G,K,S,D,K,D,C,D,C,ID=2_18;partial=00;start_type=ATG;rbs_motif=AGGA;rbs_spacer=5-10bp;gc_cont=0.583,ID=2_18;partial=00;start_type=ATG;rbs_motif=AGGA;rbs_spacer=5-10bp;gc,26.0
NZ_AOBS01000009.1_54,G,K,G,G,G,K,S,D,K,D,C,D,C,ID=9_54;partial=00;start_type=ATG;rbs_motif=GGAG/GAGG;rbs_spacer=5-10bp;gc_cont=0.628,ID=9_54;partial=00;start_type=ATG;rbs_motif=GGAG/GAGG;rbs_spacer=5-10bp;gc,26.0
NZ_KB900617.1_258,G,K,G,G,G,K,S,D,K,D,C,D,C,ID=1_258;partial=00;start_type=GTG;rbs_motif=AGGAGG;rbs_spacer=5-10bp;gc_cont=0.356,ID=1_258;partial=00;start_type=GTG;rbs_motif=AGGAGG;rbs_spacer=5-10bp;gc,26.0
NZ_ATVS01000038.1_25,G,K,G,G,G,K,S,D,K,D,C,D,C,ID=38_25;partial=00;start_type=ATG;rbs_motif=AGGAG;rbs_spacer=5-10bp;gc_cont=0.488,ID=38_25;partial=00;start_type=ATG;rbs_motif=AGGAG;rbs_spacer=5-10bp;gc,26.0
NZ_AUFE01000097.1_11,G,K,G,G,G,K,S,D,K,D,C,D,C,ID=96_11;partial=00;start_type=ATG;rbs_motif=GGAG/GAGG;rbs_spacer=5-10bp;gc_cont=0.532,ID=96_11;partial=00;start_type=ATG;rbs_motif=GGAG/GAGG;rbs_spacer=5-10bp;gc,26.0
NZ_AUMW01000018.1_51,G,K,G,G,G,K,S,D,K,D,C,D,C,ID=16_51;partial=00;start_type=ATG;rbs_motif=GGxGG;rbs_spacer=5-10bp;gc_cont=0.534,ID=16_51;partial=00;start_type=ATG;rbs_motif=GGxGG;rbs_spacer=5-10bp;gc,26.0
NZ_BAVR01000011.1_49,G,K,G,G,G,K,S,D,K,D,C,D,C,ID=185_49;partial=00;start_type=ATG;rbs_motif=GGAGG;rbs_spacer=5-10bp;gc_cont=0.428,ID=185_49;partial=00;start_type=ATG;rbs_motif=GGAGG;rbs_spacer=5-10bp;gc,26.0
NZ_JFZJ01000075.1_5,G,K,G,G,G,K,S,D,K,D,C,D,C,ID=75_5;partial=00;start_type=ATG;rbs_motif=AGGAG;rbs_spacer=5-10bp;gc_cont=0.601,ID=75_5;partial=00;start_type=ATG;rbs_motif=AGGAG;rbs_spacer=5-10bp;gc,26.0
NZ_CP022110.1_1034,G,K,G,G,G,K,S,D,K,D,C,D,C,ID=1_1034;partial=00;start_type=ATG;rbs_motif=AGGAG;rbs_spacer=5-10bp;gc_cont=0.629,ID=1_1034;partial=00;start_type=ATG;rbs_motif=AGGAG;rbs_spacer=5-10bp;gc,26.0
NZ_JSEH01000002.1_105,G,K,G,G,G,K,S,D,K,D,C,D,C,ID=2_105;partial=00;start_type=ATG;rbs_motif=AGGAGG;rbs_spacer=5-10bp;gc_cont=0.610,ID=2_105;partial=00;start_type=ATG;rbs_motif=AGGAGG;rbs_spacer=5-10bp;gc,26.0
NZ_BAZG01000015.1_38,G,K,G,G,G,K,S,D,K,D,C,D,C,ID=330_38;partial=00;start_type=ATG;rbs_motif=GGAG/GAGG;rbs_spacer=5-10bp;gc_cont=0.677,ID=330_38;partial=00;start_type=ATG;rbs_motif=GGAG/GAGG;rbs_spacer=5-10bp;gc,26.0
NZ_LFIP02000006.1_64,G,K,G,G,G,K,S,D,K,D,C,D,C,ID=6_64;partial=00;start_type=ATG;rbs_motif=GGAG/GAGG;rbs_spacer=5-10bp;gc_cont=0.575,ID=6_64;partial=00;start_type=ATG;rbs_motif=GGAG/GAGG;rbs_spacer=5-10bp;gc,26.0
NZ_LLXX01000167.1_18,G,K,G,G,G,K,S,D,K,D,C,D,C,ID=167_18;partial=00;start_type=ATG;rbs_motif=GGAG/GAGG;rbs_spacer=5-10bp;gc_cont=0.606,ID=167_18;partial=00;start_type=ATG;rbs_motif=GGAG/GAGG;rbs_spacer=5-10bp;gc,26.0
NZ_LUHJ01000050.1_113,G,K,G,G,G,K,S,D,K,D,C,D,C,ID=50_113;partial=00;start_type=ATG;rbs_motif=AGGA;rbs_spacer=5-10bp;gc_cont=0.489,ID=50_113;partial=00;start_type=ATG;rbs_motif=AGGA;rbs_spacer=5-10bp;gc,26.0
NZ_LXFU01000028.1_113,G,K,G,G,G,K,S,D,K,D,C,D,C,ID=28_113;partial=00;start_type=ATG;rbs_motif=GGA/GAG/AGG;rbs_spacer=5-10bp;gc_cont=0.569,ID=28_113;partial=00;start_type=ATG;rbs_motif=GGA/GAG/AGG;rbs_spacer=5-10bp;gc,26.0
NZ_CP013421.1_216,G,K,G,G,G,K,S,D,K,D,C,D,C,ID=3_216;partial=00;start_type=ATG;rbs_motif=GGAG/GAGG;rbs_spacer=5-10bp;gc_cont=0.641,ID=3_216;partial=00;start_type=ATG;rbs_motif=GGAG/GAGG;rbs_spacer=5-10bp;gc,26.0
NZ_MRCB01000006.1_63,G,K,G,G,G,K,S,D,K,D,C,D,C,ID=56_63;partial=00;start_type=GTG;rbs_motif=AGGAG;rbs_spacer=5-10bp;gc_cont=0.492,ID=56_63;partial=00;start_type=GTG;rbs_motif=AGGAG;rbs_spacer=5-10bp;gc,26.0
NZ_MZGT01000078.1_6,G,K,G,G,G,K,S,D,K,D,C,D,C,ID=78_6;partial=00;start_type=ATG;rbs_motif=AGGAGG;rbs_spacer=5-10bp;gc_cont=0.339,ID=78_6;partial=00;start_type=ATG;rbs_motif=AGGAGG;rbs_spacer=5-10bp;gc,26.0
NZ_CP020028.1_3987,G,K,G,G,G,K,S,D,K,D,C,D,C,ID=1_3987;partial=00;start_type=ATG;rbs_motif=GGAGG;rbs_spacer=5-10bp;gc_cont=0.528,ID=1_3987;partial=00;start_type=ATG;rbs_motif=GGAGG;rbs_spacer=5-10bp;gc,26.0
NZ_AP018042.1_881,G,K,G,G,G,K,S,D,K,D,C,D,C,ID=1_881;partial=00;start_type=ATG;rbs_motif=AATAA;rbs_spacer=10bp;gc_cont=0.396,ID=1_881;partial=00;start_type=ATG;rbs_motif=AATAA;rbs_spacer=10bp;gc,26.0
NZ_LFJC01000003.1_4944,G,K,G,G,G,K,S,D,K,D,C,D,C,ID=1_4944;partial=00;start_type=ATG;rbs_motif=GGAG/GAGG;rbs_spacer=5-10bp;gc_cont=0.622,ID=1_4944;partial=00;start_type=ATG;rbs_motif=GGAG/GAGG;rbs_spacer=5-10bp;gc,26.0
NZ_PRDB01000002.1_556,G,K,G,G,G,K,S,D,K,D,C,D,C,ID=15_556;partial=00;start_type=ATG;rbs_motif=AGGAG;rbs_spacer=5-10bp;gc_cont=0.590,ID=15_556;partial=00;start_type=ATG;rbs_motif=AGGAG;rbs_spacer=5-10bp;gc,26.0
NZ_PZKN01000004.1_114,G,K,G,G,G,K,S,D,K,D,C,D,C,ID=201_114;partial=00;start_type=ATG;rbs_motif=GGAGG;rbs_spacer=5-10bp;gc_cont=0.562,ID=201_114;partial=00;start_type=ATG;rbs_motif=GGAGG;rbs_spacer=5-10bp;gc,26.0
NZ_QGMY01000002.1_550,G,K,G,G,G,K,S,D,K,D,C,D,C,ID=12_550;partial=00;start_type=ATG;rbs_motif=GGAG/GAGG;rbs_spacer=5-10bp;gc_cont=0.469,ID=12_550;partial=00;start_type=ATG;rbs_motif=GGAG/GAGG;rbs_spacer=5-10bp;gc,26.0
NZ_QNRK01000044.1_29,G,K,G,G,G,K,S,D,K,D,C,D,C,ID=44_29;partial=00;start_type=ATG;rbs_motif=AGGA;rbs_spacer=5-10bp;gc_cont=0.640,ID=44_29;partial=00;start_type=ATG;rbs_motif=AGGA;rbs_spacer=5-10bp;gc,26.0
NZ_QYUK01000011.1_343,G,K,G,G,G,K,S,D,K,D,C,D,C,ID=3_343;partial=00;start_type=ATG;rbs_motif=AGGA;rbs_spacer=5-10bp;gc_cont=0.650,ID=3_343;partial=00;start_type=ATG;rbs_motif=AGGA;rbs_spacer=5-10bp;gc,26.0
NZ_BDQK01000001.1_425,G,K,G,G,G,K,S,D,K,D,C,D,C,ID=1_425;partial=00;start_type=ATG;rbs_motif=GGA/GAG/AGG;rbs_spacer=5-10bp;gc_cont=0.432,ID=1_425;partial=00;start_type=ATG;rbs_motif=GGA/GAG/AGG;rbs_spacer=5-10bp;gc,26.0
NZ_RZTT01000173.1_7,G,K,G,G,G,K,S,D,K,D,C,D,C,ID=81_7;partial=00;start_type=ATG;rbs_motif=AGGA;rbs_spacer=5-10bp;gc_cont=0.596,ID=81_7;partial=00;start_type=ATG;rbs_motif=AGGA;rbs_spacer=5-10bp;gc,26.0
NZ_CP025086.1_1596,G,K,G,G,G,K,S,D,K,D,C,D,C,ID=1_1596;partial=00;start_type=ATG;rbs_motif=GGAG/GAGG;rbs_spacer=5-10bp;gc_cont=0.600,ID=1_1596;partial=00;start_type=ATG;rbs_motif=GGAG/GAGG;rbs_spacer=5-10bp;gc,26.0
NZ_SMAA01000011.1_56,G,K,G,G,G,K,S,D,K,D,C,D,C,ID=11_56;partial=00;start_type=ATG;rbs_motif=GGAGG;rbs_spacer=5-10bp;gc_cont=0.425,ID=11_56;partial=00;start_type=ATG;rbs_motif=GGAGG;rbs_spacer=5-10bp;gc,26.0
NZ_SRIO01000011.1_10,G,K,G,G,G,K,S,D,K,D,C,D,C,ID=2_10;partial=00;start_type=ATG;rbs_motif=AGGAG;rbs_spacer=5-10bp;gc_cont=0.626,ID=2_10;partial=00;start_type=ATG;rbs_motif=AGGAG;rbs_spacer=5-10bp;gc,26.0
NZ_CP061336.1_249,G,K,G,G,G,K,S,D,K,D,C,D,C,ID=1_249;partial=00;start_type=ATG;rbs_motif=GGAGG;rbs_spacer=5-10bp;gc_cont=0.397,ID=1_249;partial=00;start_type=ATG;rbs_motif=GGAGG;rbs_spacer=5-10bp;gc,26.0
NZ_VFTC01000029.1_57,G,K,G,G,G,K,S,D,K,D,C,D,C,ID=21_57;partial=00;start_type=ATG;rbs_motif=AGGA;rbs_spacer=5-10bp;gc_cont=0.597,ID=21_57;partial=00;start_type=ATG;rbs_motif=AGGA;rbs_spacer=5-10bp;gc,26.0
NZ_CP042326.1_423,G,K,G,G,G,K,S,D,K,D,C,D,C,ID=1_423;partial=00;start_type=ATG;rbs_motif=GGA/GAG/AGG;rbs_spacer=5-10bp;gc_cont=0.465,ID=1_423;partial=00;start_type=ATG;rbs_motif=GGA/GAG/AGG;rbs_spacer=5-10bp;gc,26.0
NZ_VYKK01000021.1_17,G,K,G,G,G,K,S,D,K,D,C,D,C,ID=14_17;partial=00;start_type=ATG;rbs_motif=GGA/GAG/AGG;rbs_spacer=5-10bp;gc_cont=0.590,ID=14_17;partial=00;start_type=ATG;rbs_motif=GGA/GAG/AGG;rbs_spacer=5-10bp;gc,26.0
NZ_VIKX01000328.1_53,G,K,G,G,G,K,S,D,K,D,C,D,C,ID=253_53;partial=00;start_type=ATG;rbs_motif=AGGA;rbs_spacer=5-10bp;gc_cont=0.454,ID=253_53;partial=00;start_type=ATG;rbs_motif=AGGA;rbs_spacer=5-10bp;gc,26.0
NZ_WYDS01000003.1_146,G,K,G,G,G,K,S,D,K,D,C,D,C,ID=23_146;partial=00;start_type=ATG;rbs_motif=GGAG/GAGG;rbs_spacer=5-10bp;gc_cont=0.472,ID=23_146;partial=00;start_type=ATG;rbs_motif=GGAG/GAGG;rbs_spacer=5-10bp;gc,26.0
NZ_JAAFZE010000002.1_283,G,K,G,G,G,K,S,D,K,D,C,D,C,ID=104_283;partial=00;start_type=ATG;rbs_motif=AGGAG;rbs_spacer=5-10bp;gc_cont=0.619,ID=104_283;partial=00;start_type=ATG;rbs_motif=AGGAG;rbs_spacer=5-10bp;gc,26.0
NZ_QMEB01000408.1_3,G,K,G,G,G,K,S,D,K,D,C,N,C,ID=5_3;partial=01;start_type=Edge;rbs_motif=None;rbs_spacer=None;gc_cont=0.460,ID=5_3;partial=01;start_type=Edge;rbs_motif=None;rbs_spacer=None;gc,25.0
NZ_BLVO01000016.1_652,G,K,G,G,G,K,S,D,K,D,C,D,C,ID=16_652;partial=00;start_type=ATG;rbs_motif=AGGAGG;rbs_spacer=5-10bp;gc_cont=0.580,ID=16_652;partial=00;start_type=ATG;rbs_motif=AGGAGG;rbs_spacer=5-10bp;gc,26.0
NZ_CP050299.1_425,G,K,G,G,G,K,S,D,K,D,C,D,C,ID=2_425;partial=00;start_type=ATG;rbs_motif=AGGA;rbs_spacer=5-10bp;gc_cont=0.615,ID=2_425;partial=00;start_type=ATG;rbs_motif=AGGA;rbs_spacer=5-10bp;gc,26.0
NZ_AP023367.1_2350,G,K,G,G,G,K,S,D,K,D,C,D,C,ID=1_2350;partial=00;start_type=ATG;rbs_motif=AGGAGG;rbs_spacer=5-10bp;gc_cont=0.401,ID=1_2350;partial=00;start_type=ATG;rbs_motif=AGGAGG;rbs_spacer=5-10bp;gc,26.0
NZ_JACJRU010000052.1_19,G,K,G,G,G,K,S,D,K,D,C,S,C,ID=53_19;partial=00;start_type=ATG;rbs_motif=GGAG/GAGG;rbs_spacer=5-10bp;gc_cont=0.436,ID=53_19;partial=00;start_type=ATG;rbs_motif=GGAG/GAGG;rbs_spacer=5-10bp;gc,25.0
NZ_CP030049.1_212,G,K,G,G,G,K,S,D,K,D,C,D,C,ID=2_212;partial=00;start_type=ATG;rbs_motif=GGAG/GAGG;rbs_spacer=5-10bp;gc_cont=0.579,ID=2_212;partial=00;start_type=ATG;rbs_motif=GGAG/GAGG;rbs_spacer=5-10bp;gc,26.0
NZ_JAEMHK010000008.1_134,G,K,G,G,G,K,S,D,K,D,C,D,C,ID=57_134;partial=00;start_type=ATG;rbs_motif=AGGAG;rbs_spacer=5-10bp;gc_cont=0.605,ID=57_134;partial=00;start_type=ATG;rbs_motif=AGGAG;rbs_spacer=5-10bp;gc,26.0
NZ_CP067420.1_1812,G,K,G,G,G,K,S,D,K,D,C,D,C,ID=1_1812;partial=00;start_type=ATG;rbs_motif=AGGAG;rbs_spacer=5-10bp;gc_cont=0.651,ID=1_1812;partial=00;start_type=ATG;rbs_motif=AGGAG;rbs_spacer=5-10bp;gc,26.0
NZ_CP065957.1_815,G,K,G,G,G,K,S,D,K,D,C,D,C,ID=1_815;partial=00;start_type=GTG;rbs_motif=AGGAGG;rbs_spacer=5-10bp;gc_cont=0.454,ID=1_815;partial=00;start_type=GTG;rbs_motif=AGGAGG;rbs_spacer=5-10bp;gc,26.0
NZ_JAGGML010000001.1_1959,G,K,G,G,G,K,S,D,K,D,C,D,C,ID=1_1959;partial=00;start_type=ATG;rbs_motif=AGGAG;rbs_spacer=5-10bp;gc_cont=0.638,ID=1_1959;partial=00;start_type=ATG;rbs_motif=AGGAG;rbs_spacer=5-10bp;gc,26.0
NZ_JAGUCO010000002.1_302,G,K,G,G,G,K,S,D,K,D,C,D,C,ID=104_302;partial=00;start_type=ATG;rbs_motif=TAAAA;rbs_spacer=9bp;gc_cont=0.382,ID=104_302;partial=00;start_type=ATG;rbs_motif=TAAAA;rbs_spacer=9bp;gc,26.0
NZ_JAHLDP010000003.1_126,G,K,G,G,G,K,S,D,K,D,C,D,C,ID=3_126;partial=00;start_type=ATG;rbs_motif=AGGAGG;rbs_spacer=5-10bp;gc_cont=0.363,ID=3_126;partial=00;start_type=ATG;rbs_motif=AGGAGG;rbs_spacer=5-10bp;gc,26.0
NZ_JAGWCB010000020.1_119,G,K,G,G,G,K,S,D,K,D,C,D,C,ID=19_119;partial=00;start_type=ATG;rbs_motif=GGAG/GAGG;rbs_spacer=5-10bp;gc_cont=0.639,ID=19_119;partial=00;start_type=ATG;rbs_motif=GGAG/GAGG;rbs_spacer=5-10bp;gc,26.0
NZ_CP087999.1_4093,G,K,G,G,G,K,S,D,K,D,C,D,C,ID=1_4093;partial=00;start_type=ATG;rbs_motif=AGGAG;rbs_spacer=5-10bp;gc_cont=0.640,ID=1_4093;partial=00;start_type=ATG;rbs_motif=AGGAG;rbs_spacer=5-10bp;gc,26.0
NZ_JAKJIC010000006.1_170,G,K,G,G,G,K,S,D,K,D,C,D,C,ID=53_170;partial=00;start_type=ATG;rbs_motif=GGA/GAG/AGG;rbs_spacer=5-10bp;gc_cont=0.627,ID=53_170;partial=00;start_type=ATG;rbs_motif=GGA/GAG/AGG;rbs_spacer=5-10bp;gc,26.0
NZ_JAKZKX010000019.1_27,G,K,G,G,G,K,S,D,K,D,C,D,C,ID=11_27;partial=00;start_type=ATG;rbs_motif=GGAGG;rbs_spacer=5-10bp;gc_cont=0.646,ID=11_27;partial=00;start_type=ATG;rbs_motif=GGAGG;rbs_spacer=5-10bp;gc,26.0
NZ_AP025592.1_3961,G,K,G,G,G,K,S,D,K,D,C,D,C,ID=1_3961;partial=00;start_type=ATG;rbs_motif=AGGAG;rbs_spacer=5-10bp;gc_cont=0.669,ID=1_3961;partial=00;start_type=ATG;rbs_motif=AGGAG;rbs_spacer=5-10bp;gc,26.0
NZ_JANADR010000001.1_7624,G,K,G,G,G,K,S,D,K,D,C,D,C,ID=3_7624;partial=00;start_type=ATG;rbs_motif=GGAG/GAGG;rbs_spacer=5-10bp;gc_cont=0.603,ID=3_7624;partial=00;start_type=ATG;rbs_motif=GGAG/GAGG;rbs_spacer=5-10bp;gc,26.0
NZ_CP077970.1_1605,G,K,G,G,G,K,S,D,K,D,C,D,C,ID=1_1605;partial=00;start_type=ATG;rbs_motif=GGAG/GAGG;rbs_spacer=5-10bp;gc_cont=0.585,ID=1_1605;partial=00;start_type=ATG;rbs_motif=GGAG/GAGG;rbs_spacer=5-10bp;gc,26.0
NZ_FNAQ01000008.1_78,G,K,G,G,G,K,S,D,K,D,C,D,C,ID=17_78;partial=00;start_type=ATG;rbs_motif=AGGAG;rbs_spacer=5-10bp;gc_cont=0.611,ID=17_78;partial=00;start_type=ATG;rbs_motif=AGGAG;rbs_spacer=5-10bp;gc,26.0
NZ_FNZE01000018.1_41,G,K,G,G,G,K,S,D,K,D,C,D,C,ID=26_41;partial=00;start_type=ATG;rbs_motif=GGAG/GAGG;rbs_spacer=5-10bp;gc_cont=0.619,ID=26_41;partial=00;start_type=ATG;rbs_motif=GGAG/GAGG;rbs_spacer=5-10bp;gc,26.0
NZ_FORX01000022.1_19,G,K,G,G,G,K,S,D,K,D,C,D,C,ID=38_19;partial=00;start_type=ATG;rbs_motif=AGGAG;rbs_spacer=5-10bp;gc_cont=0.603,ID=38_19;partial=00;start_type=ATG;rbs_motif=AGGAG;rbs_spacer=5-10bp;gc,26.0
NZ_FQXS01000023.1_43,G,K,G,G,G,K,S,D,K,D,C,D,C,ID=27_43;partial=00;start_type=ATG;rbs_motif=AGGAGG;rbs_spacer=5-10bp;gc_cont=0.556,ID=27_43;partial=00;start_type=ATG;rbs_motif=AGGAGG;rbs_spacer=5-10bp;gc,26.0
NZ_FTMD01000016.1_48,G,K,G,G,G,K,S,D,K,D,C,D,C,ID=34_48;partial=00;start_type=ATG;rbs_motif=AGGAG;rbs_spacer=5-10bp;gc_cont=0.646,ID=34_48;partial=00;start_type=ATG;rbs_motif=AGGAG;rbs_spacer=5-10bp;gc,26.0
NZ_LT860098.1_214,G,K,G,G,G,K,S,D,K,D,C,D,C,ID=7_214;partial=00;start_type=ATG;rbs_motif=AGGAGG;rbs_spacer=5-10bp;gc_cont=0.422,ID=7_214;partial=00;start_type=ATG;rbs_motif=AGGAGG;rbs_spacer=5-10bp;gc,26.0
NZ_LT984805.1_308,G,K,G,G,G,K,S,D,K,D,C,D,C,ID=3_308;partial=00;start_type=ATG;rbs_motif=GGAG/GAGG;rbs_spacer=5-10bp;gc_cont=0.524,ID=3_308;partial=00;start_type=ATG;rbs_motif=GGAG/GAGG;rbs_spacer=5-10bp;gc,26.0
NZ_CAJHCR010000029.1_48,G,K,G,G,G,K,S,D,K,D,C,D,C,ID=29_48;partial=00;start_type=ATG;rbs_motif=GGAG/GAGG;rbs_spacer=5-10bp;gc_cont=0.595,ID=29_48;partial=00;start_type=ATG;rbs_motif=GGAG/GAGG;rbs_spacer=5-10bp;gc,26.0
JAGGAE010000092.1_7,G,K,G,G,G,K,S,D,K,D,C,D,C,ID=56_7;partial=00;start_type=ATG;rbs_motif=None;rbs_spacer=None;gc_cont=0.450,ID=56_7;partial=00;start_type=ATG;rbs_motif=None;rbs_spacer=None;gc,26.0
JAEYLX010000019.1_75,G,K,G,G,G,K,S,D,K,D,C,D,C,ID=14_75;partial=00;start_type=ATG;rbs_motif=AGGAGG;rbs_spacer=5-10bp;gc_cont=0.406,ID=14_75;partial=00;start_type=ATG;rbs_motif=AGGAGG;rbs_spacer=5-10bp;gc,26.0
JAMXHR010000009.1_16,G,K,G,G,G,K,S,D,K,D,C,D,C,ID=9_16;partial=00;start_type=ATG;rbs_motif=GGA/GAG/AGG;rbs_spacer=5-10bp;gc_cont=0.447,ID=9_16;partial=00;start_type=ATG;rbs_motif=GGA/GAG/AGG;rbs_spacer=5-10bp;gc,26.0
NZ_AKZI01000081.1_39,G,K,G,G,G,K,S,D,K,D,C,D,C,ID=81_39;partial=00;start_type=ATG;rbs_motif=AGGAG;rbs_spacer=5-10bp;gc_cont=0.631,ID=81_39;partial=00;start_type=ATG;rbs_motif=AGGAG;rbs_spacer=5-10bp;gc,26.0
NZ_LJIC01000158.1_106,G,K,G,G,G,K,S,D,K,D,C,D,C,ID=66_106;partial=00;start_type=ATG;rbs_motif=AGGAG;rbs_spacer=5-10bp;gc_cont=0.627,ID=66_106;partial=00;start_type=ATG;rbs_motif=AGGAG;rbs_spacer=5-10bp;gc,26.0
NZ_QMFA01000024.1_64,G,K,G,G,G,K,S,D,K,D,C,D,C,ID=49_64;partial=00;start_type=ATG;rbs_motif=AGGAG;rbs_spacer=5-10bp;gc_cont=0.535,ID=49_64;partial=00;start_type=ATG;rbs_motif=AGGAG;rbs_spacer=5-10bp;gc,26.0
NZ_CP058907.1_1405,G,K,G,G,G,K,S,D,K,D,C,D,C,ID=1_1405;partial=00;start_type=ATG;rbs_motif=AGGAG;rbs_spacer=5-10bp;gc_cont=0.620,ID=1_1405;partial=00;start_type=ATG;rbs_motif=AGGAG;rbs_spacer=5-10bp;gc,26.0
NZ_FNBG01000001.1_82,G,K,G,G,G,K,S,D,K,D,C,D,C,ID=41_82;partial=00;start_type=ATG;rbs_motif=AGGAG;rbs_spacer=5-10bp;gc_cont=0.444,ID=41_82;partial=00;start_type=ATG;rbs_motif=AGGAG;rbs_spacer=5-10bp;gc,26.0
DKFJ01000006.1_210,G,K,G,G,G,K,S,D,K,D,C,D,C,ID=2_210;partial=00;start_type=ATG;rbs_motif=AGGAG;rbs_spacer=5-10bp;gc_cont=0.527,ID=2_210;partial=00;start_type=ATG;rbs_motif=AGGAG;rbs_spacer=5-10bp;gc,26.0
NC_015216.1_1812,G,K,G,G,G,K,S,D,K,D,C,D,C,ID=1_1812;partial=00;start_type=ATG;rbs_motif=GGAG/GAGG;rbs_spacer=5-10bp;gc_cont=0.407,ID=1_1812;partial=00;start_type=ATG;rbs_motif=GGAG/GAGG;rbs_spacer=5-10bp;gc,26.0
JAFEDI010000130.1_68,G,K,G,G,G,K,S,D,K,D,C,D,C,ID=34_68;partial=01;start_type=ATG;rbs_motif=GGA/GAG/AGG;rbs_spacer=5-10bp;gc_cont=0.642,ID=34_68;partial=01;start_type=ATG;rbs_motif=GGA/GAG/AGG;rbs_spacer=5-10bp;gc,26.0
NZ_JABXYX010000032.1_33,G,K,G,G,G,K,S,D,K,D,C,D,C,ID=248_33;partial=00;start_type=ATG;rbs_motif=AGGAG;rbs_spacer=5-10bp;gc_cont=0.478,ID=248_33;partial=00;start_type=ATG;rbs_motif=AGGAG;rbs_spacer=5-10bp;gc,26.0
NZ_JAIVFR010000244.1_3,G,K,G,G,G,K,S,D,K,D,C,D,C,ID=361_3;partial=00;start_type=ATG;rbs_motif=AGGA/GGAG/GAGG;rbs_spacer=11-12bp;gc_cont=0.464,ID=361_3;partial=00;start_type=ATG;rbs_motif=AGGA/GGAG/GAGG;rbs_spacer=11-12bp;gc,26.0
ALAO01000346.1_3,G,K,G,G,G,K,S,D,K,D,C,D,C,ID=346_3;partial=01;start_type=ATG;rbs_motif=AGGAGG;rbs_spacer=5-10bp;gc_cont=0.627,ID=346_3;partial=01;start_type=ATG;rbs_motif=AGGAGG;rbs_spacer=5-10bp;gc,26.0
JQID01000095.1_11,G,K,G,G,G,K,S,D,K,D,C,D,C,ID=39_11;partial=00;start_type=ATG;rbs_motif=AGGAG;rbs_spacer=5-10bp;gc_cont=0.455,ID=39_11;partial=00;start_type=ATG;rbs_motif=AGGAG;rbs_spacer=5-10bp;gc,26.0
LKPX01000013.1_58,G,K,G,G,G,K,S,D,K,D,C,D,C,ID=24_58;partial=00;start_type=ATG;rbs_motif=AGGAG;rbs_spacer=5-10bp;gc_cont=0.520,ID=24_58;partial=00;start_type=ATG;rbs_motif=AGGAG;rbs_spacer=5-10bp;gc,26.0
LBCX01000114.1_4,G,K,G,G,G,K,S,D,K,D,C,D,C,ID=66_4;partial=00;start_type=ATG;rbs_motif=TAAA;rbs_spacer=11bp;gc_cont=0.475,ID=66_4;partial=00;start_type=ATG;rbs_motif=TAAA;rbs_spacer=11bp;gc,26.0
MGZO01000020.1_16,G,K,G,G,G,K,S,D,K,D,C,D,C,ID=20_16;partial=00;start_type=GTG;rbs_motif=AGGAG;rbs_spacer=5-10bp;gc_cont=0.624,ID=20_16;partial=00;start_type=GTG;rbs_motif=AGGAG;rbs_spacer=5-10bp;gc,26.0
MVRK01000029.1_105,G,K,G,G,G,K,S,D,K,D,C,D,C,ID=29_105;partial=00;start_type=ATG;rbs_motif=AGGAG;rbs_spacer=3-4bp;gc_cont=0.587,ID=29_105;partial=00;start_type=ATG;rbs_motif=AGGAG;rbs_spacer=3-4bp;gc,26.0
DBNK01000010.1_5,G,K,G,G,G,K,S,D,K,D,C,D,C,ID=5_5;partial=00;start_type=ATG;rbs_motif=AGGAG;rbs_spacer=5-10bp;gc_cont=0.511,ID=5_5;partial=00;start_type=ATG;rbs_motif=AGGAG;rbs_spacer=5-10bp;gc,26.0
DCVO01000109.1_1,G,K,G,G,G,K,S,D,K,D,C,D,C,ID=13_1;partial=10;start_type=ATG;rbs_motif=AGGAG;rbs_spacer=5-10bp;gc_cont=0.620,ID=13_1;partial=10;start_type=ATG;rbs_motif=AGGAG;rbs_spacer=5-10bp;gc,26.0
DFDU01000003.1_25,G,K,G,G,G,K,S,D,K,D,C,D,C,ID=57_25;partial=00;start_type=ATG;rbs_motif=AGGA;rbs_spacer=5-10bp;gc_cont=0.419,ID=57_25;partial=00;start_type=ATG;rbs_motif=AGGA;rbs_spacer=5-10bp;gc,26.0
DHHQ01000008.1_148,G,K,G,G,G,K,S,D,K,D,C,D,C,ID=6_148;partial=00;start_type=ATG;rbs_motif=AGGAG;rbs_spacer=5-10bp;gc_cont=0.630,ID=6_148;partial=00;start_type=ATG;rbs_motif=AGGAG;rbs_spacer=5-10bp;gc,26.0
DIVX01000087.1_7,G,K,G,G,G,K,S,D,K,D,C,D,C,ID=139_7;partial=01;start_type=ATG;rbs_motif=GGAGG;rbs_spacer=5-10bp;gc_cont=0.636,ID=139_7;partial=01;start_type=ATG;rbs_motif=GGAGG;rbs_spacer=5-10bp;gc,26.0
DJXD01000083.1_2,G,K,G,G,G,K,S,D,K,D,C,D,C,ID=19_2;partial=00;start_type=ATG;rbs_motif=AGGAG;rbs_spacer=5-10bp;gc_cont=0.460,ID=19_2;partial=00;start_type=ATG;rbs_motif=AGGAG;rbs_spacer=5-10bp;gc,26.0
PAPM01000038.1_21,G,K,G,G,G,K,S,D,K,D,C,D,C,ID=37_21;partial=00;start_type=ATG;rbs_motif=AGGAG;rbs_spacer=5-10bp;gc_cont=0.500,ID=37_21;partial=00;start_type=ATG;rbs_motif=AGGAG;rbs_spacer=5-10bp;gc,26.0
PGZO01000004.1_46,G,K,G,G,G,K,S,D,K,D,C,D,C,ID=35_46;partial=00;start_type=ATG;rbs_motif=AGGA;rbs_spacer=5-10bp;gc_cont=0.380,ID=35_46;partial=00;start_type=ATG;rbs_motif=AGGA;rbs_spacer=5-10bp;gc,26.0
PKUF01000099.1_11,G,K,G,G,G,K,S,D,K,D,C,D,C,ID=129_11;partial=00;start_type=ATG;rbs_motif=AGGAG;rbs_spacer=5-10bp;gc_cont=0.573,ID=129_11;partial=00;start_type=ATG;rbs_motif=AGGAG;rbs_spacer=5-10bp;gc,26.0
PKWM01000026.1_66,G,K,G,G,G,K,S,D,K,D,C,D,C,ID=40_66;partial=00;start_type=ATG;rbs_motif=GGA/GAG/AGG;rbs_spacer=5-10bp;gc_cont=0.569,ID=40_66;partial=00;start_type=ATG;rbs_motif=GGA/GAG/AGG;rbs_spacer=5-10bp;gc,26.0
PMCR01000532.1_23,G,K,G,G,G,K,S,D,K,D,C,D,C,ID=250_23;partial=00;start_type=ATG;rbs_motif=AGGA;rbs_spacer=5-10bp;gc_cont=0.601,ID=250_23;partial=00;start_type=ATG;rbs_motif=AGGA;rbs_spacer=5-10bp;gc,26.0
PLUC01000259.1_27,G,K,G,G,G,K,S,D,K,D,C,D,C,ID=104_27;partial=00;start_type=GTG;rbs_motif=AGGAGG;rbs_spacer=3-4bp;gc_cont=0.683,ID=104_27;partial=00;start_type=GTG;rbs_motif=AGGAGG;rbs_spacer=3-4bp;gc,26.0
QKCL01000069.1_14,G,K,G,G,G,K,S,D,K,D,C,D,C,ID=31_14;partial=00;start_type=ATG;rbs_motif=AGGAGG;rbs_spacer=5-10bp;gc_cont=0.421,ID=31_14;partial=00;start_type=ATG;rbs_motif=AGGAGG;rbs_spacer=5-10bp;gc,26.0
QENH01000146.1_17,G,K,G,G,G,K,S,D,K,D,C,D,C,ID=58_17;partial=00;start_type=ATG;rbs_motif=AGGAG;rbs_spacer=5-10bp;gc_cont=0.494,ID=58_17;partial=00;start_type=ATG;rbs_motif=AGGAG;rbs_spacer=5-10bp;gc,26.0
PXBG01000112.1_2,G,K,G,G,G,K,S,D,K,D,C,D,C,ID=53_2;partial=00;start_type=ATG;rbs_motif=AGGAG;rbs_spacer=5-10bp;gc_cont=0.601,ID=53_2;partial=00;start_type=ATG;rbs_motif=AGGAG;rbs_spacer=5-10bp;gc,26.0
NQJD01000006.1_21,G,K,G,G,G,K,S,D,K,D,C,D,C,ID=6_21;partial=00;start_type=ATG;rbs_motif=AGGAG;rbs_spacer=5-10bp;gc_cont=0.585,ID=6_21;partial=00;start_type=ATG;rbs_motif=AGGAG;rbs_spacer=5-10bp;gc,26.0
SUHQ01000035.1_17,G,K,G,G,G,K,S,D,K,D,C,D,C,ID=54_17;partial=00;start_type=ATG;rbs_motif=AGGA;rbs_spacer=5-10bp;gc_cont=0.601,ID=54_17;partial=00;start_type=ATG;rbs_motif=AGGA;rbs_spacer=5-10bp;gc,26.0
SLEY01000464.1_20,G,K,G,G,G,K,S,D,K,D,C,D,C,ID=338_20;partial=00;start_type=ATG;rbs_motif=GGAG/GAGG;rbs_spacer=5-10bp;gc_cont=0.579,ID=338_20;partial=00;start_type=ATG;rbs_motif=GGAG/GAGG;rbs_spacer=5-10bp;gc,26.0
VISH01000002.1_1690,G,K,G,G,G,K,S,D,K,D,C,D,C,ID=2_1690;partial=00;start_type=ATG;rbs_motif=AGGAG;rbs_spacer=5-10bp;gc_cont=0.465,ID=2_1690;partial=00;start_type=ATG;rbs_motif=AGGAG;rbs_spacer=5-10bp;gc,26.0
WNKV01000018.1_35,G,K,G,G,G,K,S,D,K,D,C,D,C,ID=9_35;partial=00;start_type=ATG;rbs_motif=AGGA;rbs_spacer=5-10bp;gc_cont=0.645,ID=9_35;partial=00;start_type=ATG;rbs_motif=AGGA;rbs_spacer=5-10bp;gc,26.0
WOZS01000025.1_15,G,K,G,G,G,K,S,D,K,D,C,D,C,ID=3_15;partial=00;start_type=ATG;rbs_motif=AGGAGG;rbs_spacer=5-10bp;gc_cont=0.604,ID=3_15;partial=00;start_type=ATG;rbs_motif=AGGAGG;rbs_spacer=5-10bp;gc,26.0
JAAYXD010000144.1_16,G,K,G,G,G,K,S,D,K,D,C,D,C,ID=170_16;partial=00;start_type=ATG;rbs_motif=GGAGG;rbs_spacer=5-10bp;gc_cont=0.460,ID=170_16;partial=00;start_type=ATG;rbs_motif=GGAGG;rbs_spacer=5-10bp;gc,26.0
JABDRH010000645.1_6,G,K,G,G,G,K,S,D,K,D,C,D,C,ID=562_6;partial=00;start_type=ATG;rbs_motif=AGGAG;rbs_spacer=5-10bp;gc_cont=0.576,ID=562_6;partial=00;start_type=ATG;rbs_motif=AGGAG;rbs_spacer=5-10bp;gc,26.0
JAADGG010000047.1_9,G,K,G,G,G,K,S,D,K,D,C,D,C,ID=9_9;partial=00;start_type=ATG;rbs_motif=AGGAGG;rbs_spacer=5-10bp;gc_cont=0.585,ID=9_9;partial=00;start_type=ATG;rbs_motif=AGGAGG;rbs_spacer=5-10bp;gc,26.0
JAAXWX010000028.1_11,G,K,G,G,G,K,S,D,K,D,C,D,C,ID=7_11;partial=00;start_type=ATG;rbs_motif=TAA;rbs_spacer=12bp;gc_cont=0.496,ID=7_11;partial=00;start_type=ATG;rbs_motif=TAA;rbs_spacer=12bp;gc,26.0
JACAAY010000010.1_18,G,K,G,G,G,K,S,D,K,D,C,D,C,ID=2_18;partial=00;start_type=ATG;rbs_motif=AGGAG;rbs_spacer=5-10bp;gc_cont=0.556,ID=2_18;partial=00;start_type=ATG;rbs_motif=AGGAG;rbs_spacer=5-10bp;gc,26.0
JACGMN010000082.1_4,G,K,G,G,G,K,S,D,K,D,C,D,C,ID=30_4;partial=00;start_type=ATG;rbs_motif=None;rbs_spacer=None;gc_cont=0.489,ID=30_4;partial=00;start_type=ATG;rbs_motif=None;rbs_spacer=None;gc,26.0
JACSSB010000026.1_2,G,K,G,G,G,K,S,D,K,D,C,D,C,ID=290_2;partial=00;start_type=ATG;rbs_motif=AGGAG;rbs_spacer=5-10bp;gc_cont=0.547,ID=290_2;partial=00;start_type=ATG;rbs_motif=AGGAG;rbs_spacer=5-10bp;gc,26.0
JADGBP010000020.1_6,G,K,G,G,G,K,S,D,K,D,C,D,C,ID=122_6;partial=00;start_type=ATG;rbs_motif=AGGAG;rbs_spacer=5-10bp;gc_cont=0.467,ID=122_6;partial=00;start_type=ATG;rbs_motif=AGGAG;rbs_spacer=5-10bp;gc,26.0
JADFXG010000040.1_11,G,K,G,G,G,K,S,D,K,D,C,D,C,ID=34_11;partial=00;start_type=ATG;rbs_motif=AGGAGG;rbs_spacer=5-10bp;gc_cont=0.466,ID=34_11;partial=00;start_type=ATG;rbs_motif=AGGAGG;rbs_spacer=5-10bp;gc,26.0
JAATGX010000012.1_5,G,K,G,G,G,K,S,D,K,D,C,D,C,ID=295_5;partial=00;start_type=ATG;rbs_motif=GGA/GAG/AGG;rbs_spacer=5-10bp;gc_cont=0.615,ID=295_5;partial=00;start_type=ATG;rbs_motif=GGA/GAG/AGG;rbs_spacer=5-10bp;gc,26.0
JACRJB010000068.1_113,G,K,G,G,G,K,S,D,K,D,C,D,C,ID=52_113;partial=00;start_type=ATG;rbs_motif=AGGA;rbs_spacer=5-10bp;gc_cont=0.637,ID=52_113;partial=00;start_type=ATG;rbs_motif=AGGA;rbs_spacer=5-10bp;gc,26.0
JACRQA010000165.1_3,G,K,G,G,G,K,S,D,K,D,C,D,C,ID=144_3;partial=00;start_type=ATG;rbs_motif=AGGAG;rbs_spacer=5-10bp;gc_cont=0.552,ID=144_3;partial=00;start_type=ATG;rbs_motif=AGGAG;rbs_spacer=5-10bp;gc,26.0
JAEELL010000054.1_33,G,K,G,G,G,K,S,D,K,D,C,D,C,ID=80_33;partial=00;start_type=ATG;rbs_motif=AGGA;rbs_spacer=5-10bp;gc_cont=0.408,ID=80_33;partial=00;start_type=ATG;rbs_motif=AGGA;rbs_spacer=5-10bp;gc,26.0
JAERRP010000737.1_2,G,K,G,G,G,K,S,D,K,D,C,D,C,ID=432_2;partial=00;start_type=ATG;rbs_motif=AGGA;rbs_spacer=5-10bp;gc_cont=0.519,ID=432_2;partial=00;start_type=ATG;rbs_motif=AGGA;rbs_spacer=5-10bp;gc,26.0
JAEULH010000097.1_1,G,K,G,G,G,K,S,D,K,D,C,D,C,ID=13_1;partial=00;start_type=ATG;rbs_motif=AGGAG;rbs_spacer=5-10bp;gc_cont=0.628,ID=13_1;partial=00;start_type=ATG;rbs_motif=AGGAG;rbs_spacer=5-10bp;gc,26.0
JAFGER010000034.1_5,G,K,G,G,G,K,S,D,K,D,C,D,C,ID=60_5;partial=00;start_type=ATG;rbs_motif=None;rbs_spacer=None;gc_cont=0.582,ID=60_5;partial=00;start_type=ATG;rbs_motif=None;rbs_spacer=None;gc,26.0
JAFGVP010000102.1_90,G,K,G,G,G,K,S,D,K,D,C,D,C,ID=24_90;partial=00;start_type=ATG;rbs_motif=AGGAG;rbs_spacer=5-10bp;gc_cont=0.560,ID=24_90;partial=00;start_type=ATG;rbs_motif=AGGAG;rbs_spacer=5-10bp;gc,26.0
JAFPYR010000059.1_4,G,K,G,G,G,K,S,D,K,D,C,D,C,ID=7_4;partial=00;start_type=ATG;rbs_motif=AAAAAA;rbs_spacer=14bp;gc_cont=0.486,ID=7_4;partial=00;start_type=ATG;rbs_motif=AAAAAA;rbs_spacer=14bp;gc,26.0
JAFUEG010000283.1_14,G,K,G,G,G,K,S,D,K,D,C,D,C,ID=208_14;partial=00;start_type=ATG;rbs_motif=AGGA;rbs_spacer=5-10bp;gc_cont=0.422,ID=208_14;partial=00;start_type=ATG;rbs_motif=AGGA;rbs_spacer=5-10bp;gc,26.0
JAFWUY010000122.1_9,G,K,G,G,G,K,S,D,K,D,C,D,C,ID=84_9;partial=00;start_type=ATG;rbs_motif=AGGAG;rbs_spacer=5-10bp;gc_cont=0.491,ID=84_9;partial=00;start_type=ATG;rbs_motif=AGGAG;rbs_spacer=5-10bp;gc,26.0
JAGAAO010000058.1_15,G,K,G,G,G,K,S,D,K,D,C,D,C,ID=28_15;partial=00;start_type=ATG;rbs_motif=AGGAG;rbs_spacer=5-10bp;gc_cont=0.451,ID=28_15;partial=00;start_type=ATG;rbs_motif=AGGAG;rbs_spacer=5-10bp;gc,26.0
CP051234.1_1094,G,K,G,G,G,K,S,D,K,D,C,D,C,ID=1_1094;partial=00;start_type=ATG;rbs_motif=AGGAG;rbs_spacer=5-10bp;gc_cont=0.562,ID=1_1094;partial=00;start_type=ATG;rbs_motif=AGGAG;rbs_spacer=5-10bp;gc,26.0
JAGDCV010000081.1_24,G,K,G,G,G,K,S,D,K,D,C,D,C,ID=70_24;partial=00;start_type=ATG;rbs_motif=GGAG/GAGG;rbs_spacer=5-10bp;gc_cont=0.496,ID=70_24;partial=00;start_type=ATG;rbs_motif=GGAG/GAGG;rbs_spacer=5-10bp;gc,26.0
JAGTVD010000121.1_2,G,K,G,G,G,K,S,D,K,D,C,D,C,ID=121_2;partial=00;start_type=ATG;rbs_motif=AGGAG;rbs_spacer=5-10bp;gc_cont=0.612,ID=121_2;partial=00;start_type=ATG;rbs_motif=AGGAG;rbs_spacer=5-10bp;gc,26.0
JADMKA010000134.1_23,G,K,G,G,G,K,S,D,K,D,C,D,C,ID=116_23;partial=01;start_type=ATG;rbs_motif=GGAG/GAGG;rbs_spacer=5-10bp;gc_cont=0.653,ID=116_23;partial=01;start_type=ATG;rbs_motif=GGAG/GAGG;rbs_spacer=5-10bp;gc,26.0
JAHJRQ010000015.1_17,G,K,G,G,G,K,S,D,K,D,C,D,C,ID=13_17;partial=00;start_type=ATG;rbs_motif=AGGAGG;rbs_spacer=5-10bp;gc_cont=0.585,ID=13_17;partial=00;start_type=ATG;rbs_motif=AGGAGG;rbs_spacer=5-10bp;gc,26.0
JAHHHH010000027.1_26,G,K,G,G,G,K,S,D,K,D,C,N,C,ID=41_26;partial=00;start_type=ATG;rbs_motif=None;rbs_spacer=None;gc_cont=0.452,ID=41_26;partial=00;start_type=ATG;rbs_motif=None;rbs_spacer=None;gc,25.0
JAGVOT010000030.1_19,G,K,G,G,G,K,S,D,K,D,C,D,C,ID=87_19;partial=00;start_type=ATG;rbs_motif=AGGAGG;rbs_spacer=11-12bp;gc_cont=0.609,ID=87_19;partial=00;start_type=ATG;rbs_motif=AGGAGG;rbs_spacer=11-12bp;gc,26.0
JAGRBZ010000164.1_14,G,K,G,G,G,K,S,D,K,D,C,D,C,ID=322_14;partial=01;start_type=ATG;rbs_motif=AGGAG;rbs_spacer=5-10bp;gc_cont=0.509,ID=322_14;partial=01;start_type=ATG;rbs_motif=AGGAG;rbs_spacer=5-10bp;gc,26.0
DYRK01000042.1_2,G,K,G,G,G,K,S,D,K,D,C,D,C,ID=754_2;partial=00;start_type=ATG;rbs_motif=AGGA;rbs_spacer=5-10bp;gc_cont=0.507,ID=754_2;partial=00;start_type=ATG;rbs_motif=AGGA;rbs_spacer=5-10bp;gc,26.0
JAJHPN010000371.1_22,G,K,G,G,G,K,S,D,K,D,C,D,C,ID=453_22;partial=00;start_type=ATG;rbs_motif=AGGAG;rbs_spacer=5-10bp;gc_cont=0.552,ID=453_22;partial=00;start_type=ATG;rbs_motif=AGGAG;rbs_spacer=5-10bp;gc,26.0
JAJFUM010000209.1_11,G,K,G,G,G,K,S,D,K,D,C,D,C,ID=304_11;partial=00;start_type=ATG;rbs_motif=AGGAG;rbs_spacer=5-10bp;gc_cont=0.561,ID=304_11;partial=00;start_type=ATG;rbs_motif=AGGAG;rbs_spacer=5-10bp;gc,26.0
JAJYBU010000006.1_89,G,K,G,G,G,K,S,D,K,D,C,D,C,ID=13_89;partial=00;start_type=ATG;rbs_motif=AGGAG;rbs_spacer=5-10bp;gc_cont=0.559,ID=13_89;partial=00;start_type=ATG;rbs_motif=AGGAG;rbs_spacer=5-10bp;gc,26.0
JAJXUP010000018.1_25,G,K,G,G,G,K,S,D,K,D,C,D,C,ID=86_25;partial=00;start_type=ATG;rbs_motif=AGGAG;rbs_spacer=5-10bp;gc_cont=0.587,ID=86_25;partial=00;start_type=ATG;rbs_motif=AGGAG;rbs_spacer=5-10bp;gc,26.0
JAJYXB010000019.1_128,G,K,G,G,G,K,S,D,K,D,C,D,C,ID=26_128;partial=00;start_type=ATG;rbs_motif=AGGAG;rbs_spacer=5-10bp;gc_cont=0.617,ID=26_128;partial=00;start_type=ATG;rbs_motif=AGGAG;rbs_spacer=5-10bp;gc,26.0
JAJZRU010000021.1_23,G,K,G,G,G,K,S,D,K,D,C,D,C,ID=2_23;partial=00;start_type=ATG;rbs_motif=AGGAG;rbs_spacer=5-10bp;gc_cont=0.622,ID=2_23;partial=00;start_type=ATG;rbs_motif=AGGAG;rbs_spacer=5-10bp;gc,26.0
JAKAKP010000064.1_29,G,K,G,G,G,K,S,D,K,D,C,D,C,ID=9_29;partial=00;start_type=ATG;rbs_motif=GGAG/GAGG;rbs_spacer=5-10bp;gc_cont=0.611,ID=9_29;partial=00;start_type=ATG;rbs_motif=GGAG/GAGG;rbs_spacer=5-10bp;gc,26.0
JAJZSH010000126.1_3,G,K,G,G,G,K,S,D,K,D,C,D,C,ID=49_3;partial=00;start_type=ATG;rbs_motif=AGGAGG;rbs_spacer=5-10bp;gc_cont=0.589,ID=49_3;partial=00;start_type=ATG;rbs_motif=AGGAGG;rbs_spacer=5-10bp;gc,26.0
JAJZVN010000019.1_8,G,K,G,G,G,K,S,D,K,D,C,D,C,ID=23_8;partial=00;start_type=ATG;rbs_motif=GGAGG;rbs_spacer=5-10bp;gc_cont=0.397,ID=23_8;partial=00;start_type=ATG;rbs_motif=GGAGG;rbs_spacer=5-10bp;gc,26.0
JAKLIY010000025.1_33,G,K,G,G,G,K,S,D,K,D,C,D,C,ID=60_33;partial=00;start_type=ATG;rbs_motif=AGGAG;rbs_spacer=5-10bp;gc_cont=0.592,ID=60_33;partial=00;start_type=ATG;rbs_motif=AGGAG;rbs_spacer=5-10bp;gc,26.0
JAKLLN010000005.1_94,G,K,G,G,G,K,S,D,K,D,C,D,C,ID=207_94;partial=00;start_type=ATG;rbs_motif=AGGAG;rbs_spacer=5-10bp;gc_cont=0.621,ID=207_94;partial=00;start_type=ATG;rbs_motif=AGGAG;rbs_spacer=5-10bp;gc,26.0
JAMCQB010000152.1_5,G,K,G,G,G,K,S,D,K,D,C,D,C,ID=54_5;partial=00;start_type=ATG;rbs_motif=GGAGG;rbs_spacer=5-10bp;gc_cont=0.528,ID=54_5;partial=00;start_type=ATG;rbs_motif=GGAGG;rbs_spacer=5-10bp;gc,26.0
JAEWMY010000028.1_7,G,K,G,G,G,K,S,D,K,D,C,D,C,ID=61_7;partial=00;start_type=ATG;rbs_motif=AGGAG;rbs_spacer=5-10bp;gc_cont=0.611,ID=61_7;partial=00;start_type=ATG;rbs_motif=AGGAG;rbs_spacer=5-10bp;gc,26.0
JAEWSD010000176.1_20,G,K,G,G,G,K,S,D,K,D,C,D,C,ID=91_20;partial=00;start_type=ATG;rbs_motif=AGGAGG;rbs_spacer=5-10bp;gc_cont=0.479,ID=91_20;partial=00;start_type=ATG;rbs_motif=AGGAGG;rbs_spacer=5-10bp;gc,26.0
JAEYQV010000038.1_15,G,K,G,G,G,K,S,D,K,D,C,D,C,ID=70_15;partial=00;start_type=ATG;rbs_motif=AGGAGG;rbs_spacer=5-10bp;gc_cont=0.490,ID=70_15;partial=00;start_type=ATG;rbs_motif=AGGAGG;rbs_spacer=5-10bp;gc,26.0
JAEZQD010000154.1_13,G,K,G,G,G,K,S,D,K,D,C,D,C,ID=153_13;partial=00;start_type=ATG;rbs_motif=GGAGG;rbs_spacer=5-10bp;gc_cont=0.554,ID=153_13;partial=00;start_type=ATG;rbs_motif=GGAGG;rbs_spacer=5-10bp;gc,26.0
JAEZEM010000192.1_17,G,K,G,G,G,K,S,D,K,D,C,D,C,ID=332_17;partial=00;start_type=ATG;rbs_motif=AGGAGG;rbs_spacer=5-10bp;gc_cont=0.599,ID=332_17;partial=00;start_type=ATG;rbs_motif=AGGAGG;rbs_spacer=5-10bp;gc,26.0
JAEZKP010000087.1_39,G,K,G,G,G,K,S,D,K,D,C,D,C,ID=19_39;partial=00;start_type=ATG;rbs_motif=AGGAG;rbs_spacer=5-10bp;gc_cont=0.443,ID=19_39;partial=00;start_type=ATG;rbs_motif=AGGAG;rbs_spacer=5-10bp;gc,26.0
JAEZQV010000197.1_7,G,K,G,G,G,K,S,D,K,D,C,D,C,ID=77_7;partial=00;start_type=ATG;rbs_motif=GGAGG;rbs_spacer=5-10bp;gc_cont=0.487,ID=77_7;partial=00;start_type=ATG;rbs_motif=GGAGG;rbs_spacer=5-10bp;gc,26.0
JAMXHR010000001.1_451,G,K,G,G,G,K,S,D,K,D,C,D,C,ID=1_451;partial=00;start_type=ATG;rbs_motif=GGAGG;rbs_spacer=5-10bp;gc_cont=0.487,ID=1_451;partial=00;start_type=ATG;rbs_motif=GGAGG;rbs_spacer=5-10bp;gc,26.0
JAMBEQ010000210.1_6,G,K,G,G,G,K,S,D,K,D,C,D,C,ID=210_6;partial=00;start_type=ATG;rbs_motif=AGGAG;rbs_spacer=5-10bp;gc_cont=0.625,ID=210_6;partial=00;start_type=ATG;rbs_motif=AGGAG;rbs_spacer=5-10bp;gc,26.0
JAIKWF010000048.1_26,G,K,G,G,G,K,S,D,K,D,C,D,C,ID=25_26;partial=00;start_type=ATG;rbs_motif=AGGAGG;rbs_spacer=5-10bp;gc_cont=0.518,ID=25_26;partial=00;start_type=ATG;rbs_motif=AGGAGG;rbs_spacer=5-10bp;gc,26.0
JAILRA010000099.1_13,G,K,G,G,G,K,S,D,K,D,C,D,C,ID=104_13;partial=00;start_type=ATG;rbs_motif=AGGA;rbs_spacer=5-10bp;gc_cont=0.444,ID=104_13;partial=00;start_type=ATG;rbs_motif=AGGA;rbs_spacer=5-10bp;gc,26.0
FMWZ01000006.1_111,G,K,G,G,G,K,S,D,K,D,C,D,C,ID=9_111;partial=00;start_type=ATG;rbs_motif=AGGAG;rbs_spacer=5-10bp;gc_cont=0.479,ID=9_111;partial=00;start_type=ATG;rbs_motif=AGGAG;rbs_spacer=5-10bp;gc,26.0
ONCF01000001.1_8,G,K,G,G,G,K,S,D,K,D,C,D,C,ID=31_8;partial=00;start_type=ATG;rbs_motif=AGGAGG;rbs_spacer=5-10bp;gc_cont=0.575,ID=31_8;partial=00;start_type=ATG;rbs_motif=AGGAGG;rbs_spacer=5-10bp;gc,26.0
CAADXT010000119.1_5,G,K,G,G,G,K,S,D,K,D,C,D,C,ID=119_5;partial=00;start_type=ATG;rbs_motif=GGA/GAG/AGG;rbs_spacer=5-10bp;gc_cont=0.604,ID=119_5;partial=00;start_type=ATG;rbs_motif=GGA/GAG/AGG;rbs_spacer=5-10bp;gc,26.0
CACXCA010000001.1_47,G,K,G,G,G,K,S,D,K,D,C,D,C,ID=1_47;partial=00;start_type=ATG;rbs_motif=TAAAA;rbs_spacer=13bp;gc_cont=0.435,ID=1_47;partial=00;start_type=ATG;rbs_motif=TAAAA;rbs_spacer=13bp;gc,26.0
CACZAD010000078.1_6,G,K,G,G,G,K,S,D,K,D,C,D,C,ID=78_6;partial=00;start_type=ATG;rbs_motif=AGGAG;rbs_spacer=5-10bp;gc_cont=0.517,ID=78_6;partial=00;start_type=ATG;rbs_motif=AGGAG;rbs_spacer=5-10bp;gc,26.0
CADAEJ010000002.1_29,G,K,G,G,G,K,S,D,K,D,C,D,C,ID=2_29;partial=00;start_type=ATG;rbs_motif=GGAGG;rbs_spacer=5-10bp;gc_cont=0.519,ID=2_29;partial=00;start_type=ATG;rbs_motif=GGAGG;rbs_spacer=5-10bp;gc,26.0
CADBXL010000013.1_40,G,K,G,G,G,K,S,D,K,D,C,D,C,ID=13_40;partial=00;start_type=ATG;rbs_motif=AAAAAA;rbs_spacer=14bp;gc_cont=0.488,ID=13_40;partial=00;start_type=ATG;rbs_motif=AAAAAA;rbs_spacer=14bp;gc,26.0
CADEEH010000049.1_17,G,K,G,G,G,K,S,D,K,D,C,D,C,ID=49_17;partial=00;start_type=ATG;rbs_motif=AGGA;rbs_spacer=5-10bp;gc_cont=0.652,ID=49_17;partial=00;start_type=ATG;rbs_motif=AGGA;rbs_spacer=5-10bp;gc,26.0
CAIMDR010000707.1_1,G,K,G,G,G,K,S,D,K,D,C,D,C,ID=707_1;partial=00;start_type=ATG;rbs_motif=AGGAG;rbs_spacer=5-10bp;gc_cont=0.437,ID=707_1;partial=00;start_type=ATG;rbs_motif=AGGAG;rbs_spacer=5-10bp;gc,26.0
CAIPEB010000462.1_19,G,K,G,G,G,K,S,D,K,D,C,D,C,ID=462_19;partial=00;start_type=ATG;rbs_motif=GGA/GAG/AGG;rbs_spacer=5-10bp;gc_cont=0.594,ID=462_19;partial=00;start_type=ATG;rbs_motif=GGA/GAG/AGG;rbs_spacer=5-10bp;gc,26.0
CAIRBT010000015.1_21,G,K,G,G,G,K,S,D,K,D,C,D,C,ID=15_21;partial=00;start_type=ATG;rbs_motif=AGGAG;rbs_spacer=5-10bp;gc_cont=0.503,ID=15_21;partial=00;start_type=ATG;rbs_motif=AGGAG;rbs_spacer=5-10bp;gc,26.0
CAIUQR010000122.1_22,G,K,G,G,G,K,S,D,K,D,C,D,C,ID=122_22;partial=00;start_type=ATG;rbs_motif=AGGAG;rbs_spacer=5-10bp;gc_cont=0.538,ID=122_22;partial=00;start_type=ATG;rbs_motif=AGGAG;rbs_spacer=5-10bp;gc,26.0
CAIXKV010000218.1_1,G,K,G,G,G,K,S,D,K,D,C,D,C,ID=218_1;partial=00;start_type=ATG;rbs_motif=AGGAG;rbs_spacer=5-10bp;gc_cont=0.607,ID=218_1;partial=00;start_type=ATG;rbs_motif=AGGAG;rbs_spacer=5-10bp;gc,26.0
CAIZGT010000670.1_8,G,K,G,G,G,K,S,D,K,D,C,D,C,ID=670_8;partial=00;start_type=ATG;rbs_motif=AGGAG;rbs_spacer=5-10bp;gc_cont=0.588,ID=670_8;partial=00;start_type=ATG;rbs_motif=AGGAG;rbs_spacer=5-10bp;gc,26.0
CAJFVW010000121.1_28,G,K,G,G,G,K,S,D,K,D,C,D,C,ID=121_28;partial=00;start_type=ATG;rbs_motif=AGGA;rbs_spacer=5-10bp;gc_cont=0.677,ID=121_28;partial=00;start_type=ATG;rbs_motif=AGGA;rbs_spacer=5-10bp;gc,26.0
CAJXQR010000014.1_22,G,K,G,G,G,K,S,D,K,D,C,D,C,ID=14_22;partial=00;start_type=ATG;rbs_motif=AGGAG;rbs_spacer=5-10bp;gc_cont=0.465,ID=14_22;partial=00;start_type=ATG;rbs_motif=AGGAG;rbs_spacer=5-10bp;gc,26.0
CALZIZ010000332.1_5,G,K,G,G,G,K,S,D,K,D,C,D,C,ID=332_5;partial=01;start_type=ATG;rbs_motif=GGAG/GAGG;rbs_spacer=5-10bp;gc_cont=0.590,ID=332_5;partial=01;start_type=ATG;rbs_motif=GGAG/GAGG;rbs_spacer=5-10bp;gc,26.0
NC_007517.1_668,G,K,G,G,G,K,S,D,K,D,C,D,C,ID=1_668;partial=00;start_type=ATG;rbs_motif=AGGAG;rbs_spacer=5-10bp;gc_cont=0.580,ID=1_668;partial=00;start_type=ATG;rbs_motif=AGGAG;rbs_spacer=5-10bp;gc,26.0
NC_010627.1_490,G,K,G,G,G,K,S,D,K,D,C,D,C,ID=4_490;partial=00;start_type=ATG;rbs_motif=GGAG/GAGG;rbs_spacer=5-10bp;gc_cont=0.613,ID=4_490;partial=00;start_type=ATG;rbs_motif=GGAG/GAGG;rbs_spacer=5-10bp;gc,26.0
NC_013216.1_986,G,K,G,G,G,K,S,D,K,D,C,D,C,ID=1_986;partial=00;start_type=TTG;rbs_motif=AGGAGG;rbs_spacer=5-10bp;gc_cont=0.423,ID=1_986;partial=00;start_type=TTG;rbs_motif=AGGAGG;rbs_spacer=5-10bp;gc,26.0
NZ_AAEW02000007.1_89,G,K,G,G,G,K,S,D,K,D,C,D,C,ID=45_89;partial=00;start_type=ATG;rbs_motif=GGA/GAG/AGG;rbs_spacer=5-10bp;gc_cont=0.496,ID=45_89;partial=00;start_type=ATG;rbs_motif=GGA/GAG/AGG;rbs_spacer=5-10bp;gc,26.0
NC_014972.1_3037,G,K,G,G,G,K,S,D,K,D,C,D,C,ID=1_3037;partial=00;start_type=ATG;rbs_motif=AGGAG;rbs_spacer=5-10bp;gc_cont=0.612,ID=1_3037;partial=00;start_type=ATG;rbs_motif=AGGAG;rbs_spacer=5-10bp;gc,26.0
NZ_CM001240.1_3260,G,K,G,G,G,K,S,D,K,D,C,D,C,ID=1_3260;partial=00;start_type=ATG;rbs_motif=AGGAGG;rbs_spacer=5-10bp;gc_cont=0.345,ID=1_3260;partial=00;start_type=ATG;rbs_motif=AGGAGG;rbs_spacer=5-10bp;gc,26.0
NZ_AJQE01000393.1_27,G,K,G,G,G,K,S,D,K,D,C,D,C,ID=393_27;partial=00;start_type=ATG;rbs_motif=GGAG/GAGG;rbs_spacer=5-10bp;gc_cont=0.550,ID=393_27;partial=00;start_type=ATG;rbs_motif=GGAG/GAGG;rbs_spacer=5-10bp;gc,26.0
NZ_CP007215.2_2369,G,K,G,G,G,K,S,D,K,D,C,D,C,ID=1_2369;partial=00;start_type=ATG;rbs_motif=AGGAG;rbs_spacer=5-10bp;gc_cont=0.554,ID=1_2369;partial=00;start_type=ATG;rbs_motif=AGGAG;rbs_spacer=5-10bp;gc,26.0
NZ_KB455575.1_3990,G,K,G,G,G,K,S,D,K,D,C,D,C,ID=1_3990;partial=00;start_type=ATG;rbs_motif=AGGAG;rbs_spacer=5-10bp;gc_cont=0.534,ID=1_3990;partial=00;start_type=ATG;rbs_motif=AGGAG;rbs_spacer=5-10bp;gc,26.0
NZ_KB900609.1_1170,G,K,G,G,G,K,S,D,K,D,C,D,C,ID=1_1170;partial=00;start_type=ATG;rbs_motif=None;rbs_spacer=None;gc_cont=0.664,ID=1_1170;partial=00;start_type=ATG;rbs_motif=None;rbs_spacer=None;gc,26.0
NZ_ATWO01000001.1_3710,G,K,G,G,G,K,S,D,K,D,C,D,C,ID=1_3710;partial=00;start_type=ATG;rbs_motif=GGA/GAG/AGG;rbs_spacer=5-10bp;gc_cont=0.497,ID=1_3710;partial=00;start_type=ATG;rbs_motif=GGA/GAG/AGG;rbs_spacer=5-10bp;gc,26.0
NZ_AUFL01000011.1_116,G,K,G,G,G,K,S,D,K,D,C,D,C,ID=8_116;partial=00;start_type=ATG;rbs_motif=TAA;rbs_spacer=14bp;gc_cont=0.386,ID=8_116;partial=00;start_type=ATG;rbs_motif=TAA;rbs_spacer=14bp;gc,26.0
NZ_AQPH01000057.1_26,G,K,G,G,G,K,S,D,K,D,C,D,C,ID=57_26;partial=00;start_type=ATG;rbs_motif=AGGA;rbs_spacer=5-10bp;gc_cont=0.582,ID=57_26;partial=00;start_type=ATG;rbs_motif=AGGA;rbs_spacer=5-10bp;gc,26.0
NZ_AYWX01000023.1_14,G,K,G,G,G,K,S,D,K,D,C,D,C,ID=23_14;partial=00;start_type=ATG;rbs_motif=AGGA;rbs_spacer=5-10bp;gc_cont=0.619,ID=23_14;partial=00;start_type=ATG;rbs_motif=AGGA;rbs_spacer=5-10bp;gc,26.0
NZ_JAFN01000001.1_2219,G,K,G,G,G,K,S,D,K,D,C,D,C,ID=1_2219;partial=00;start_type=ATG;rbs_motif=GGAGG;rbs_spacer=5-10bp;gc_cont=0.653,ID=1_2219;partial=00;start_type=ATG;rbs_motif=GGAGG;rbs_spacer=5-10bp;gc,26.0
NZ_BAYB01000013.1_182,G,K,G,G,G,K,S,D,K,D,C,D,C,ID=85_182;partial=00;start_type=ATG;rbs_motif=GGAG/GAGG;rbs_spacer=5-10bp;gc_cont=0.626,ID=85_182;partial=00;start_type=ATG;rbs_motif=GGAG/GAGG;rbs_spacer=5-10bp;gc,26.0
NZ_HG938354.1_1039,G,K,G,G,G,K,S,D,K,D,C,D,C,ID=2_1039;partial=00;start_type=ATG;rbs_motif=GGA/GAG/AGG;rbs_spacer=5-10bp;gc_cont=0.541,ID=2_1039;partial=00;start_type=ATG;rbs_motif=GGA/GAG/AGG;rbs_spacer=5-10bp;gc,26.0
NZ_JTDI01000004.1_230,G,K,G,G,G,K,S,D,K,D,C,D,C,ID=34_230;partial=00;start_type=ATG;rbs_motif=AGGAG;rbs_spacer=5-10bp;gc_cont=0.632,ID=34_230;partial=00;start_type=ATG;rbs_motif=AGGAG;rbs_spacer=5-10bp;gc,26.0
NZ_CP009933.1_241,G,K,G,G,G,K,S,D,K,D,C,D,C,ID=1_241;partial=00;start_type=ATG;rbs_motif=AGGAGG;rbs_spacer=5-10bp;gc_cont=0.350,ID=1_241;partial=00;start_type=ATG;rbs_motif=AGGAGG;rbs_spacer=5-10bp;gc,26.0
NZ_LFIQ01000027.1_51,G,K,G,G,G,K,S,D,K,D,C,D,C,ID=66_51;partial=00;start_type=ATG;rbs_motif=GGAG/GAGG;rbs_spacer=5-10bp;gc_cont=0.584,ID=66_51;partial=00;start_type=ATG;rbs_motif=GGAG/GAGG;rbs_spacer=5-10bp;gc,26.0
NZ_LLYA01000189.1_16,G,K,G,G,G,K,S,D,K,D,C,D,C,ID=189_16;partial=00;start_type=ATG;rbs_motif=GGAG/GAGG;rbs_spacer=5-10bp;gc_cont=0.603,ID=189_16;partial=00;start_type=ATG;rbs_motif=GGAG/GAGG;rbs_spacer=5-10bp;gc,26.0
NZ_CP015080.1_104,G,K,G,G,G,K,S,D,K,D,C,D,C,ID=1_104;partial=00;start_type=ATG;rbs_motif=GGAG/GAGG;rbs_spacer=5-10bp;gc_cont=0.631,ID=1_104;partial=00;start_type=ATG;rbs_motif=GGAG/GAGG;rbs_spacer=5-10bp;gc,26.0
NZ_CP014007.2_2644,G,K,G,G,G,K,S,D,K,D,C,D,C,ID=1_2644;partial=00;start_type=ATG;rbs_motif=AGGAG;rbs_spacer=5-10bp;gc_cont=0.556,ID=1_2644;partial=00;start_type=ATG;rbs_motif=AGGAG;rbs_spacer=5-10bp;gc,26.0
NZ_CP015423.1_3581,G,K,G,G,G,K,S,D,K,D,C,D,C,ID=1_3581;partial=00;start_type=ATG;rbs_motif=GGAGG;rbs_spacer=5-10bp;gc_cont=0.510,ID=1_3581;partial=00;start_type=ATG;rbs_motif=GGAGG;rbs_spacer=5-10bp;gc,26.0
NZ_MRCD01000017.1_19,G,K,G,G,G,K,S,D,K,D,C,D,C,ID=78_19;partial=00;start_type=ATG;rbs_motif=AGGAG/GGAGG;rbs_spacer=11-12bp;gc_cont=0.456,ID=78_19;partial=00;start_type=ATG;rbs_motif=AGGAG/GGAGG;rbs_spacer=11-12bp;gc,26.0
NZ_MZGX01000024.1_42,G,K,G,G,G,K,S,D,K,D,C,D,C,ID=24_42;partial=00;start_type=ATG;rbs_motif=GGAGG;rbs_spacer=5-10bp;gc_cont=0.443,ID=24_42;partial=00;start_type=ATG;rbs_motif=GGAGG;rbs_spacer=5-10bp;gc,26.0
NZ_MBKP01000025.1_21,G,K,G,G,G,K,S,D,K,D,C,D,C,ID=47_21;partial=00;start_type=ATG;rbs_motif=AGxAGG/AGGxGG;rbs_spacer=5-10bp;gc_cont=0.476,ID=47_21;partial=00;start_type=ATG;rbs_motif=AGxAGG/AGGxGG;rbs_spacer=5-10bp;gc,26.0
NZ_AP017372.2_1211,G,K,G,G,G,K,S,D,K,D,C,D,C,ID=1_1211;partial=00;start_type=ATG;rbs_motif=GGAGG;rbs_spacer=5-10bp;gc_cont=0.553,ID=1_1211;partial=00;start_type=ATG;rbs_motif=GGAGG;rbs_spacer=5-10bp;gc,26.0
NZ_PGVG01000016.1_18,G,K,G,G,G,K,S,D,K,D,C,D,C,ID=61_18;partial=00;start_type=ATG;rbs_motif=GGAG/GAGG;rbs_spacer=5-10bp;gc_cont=0.576,ID=61_18;partial=00;start_type=ATG;rbs_motif=GGAG/GAGG;rbs_spacer=5-10bp;gc,26.0
NZ_BFAV01000073.1_47,G,K,G,G,G,K,S,D,K,D,C,D,C,ID=73_47;partial=00;start_type=ATG;rbs_motif=AGGAGG;rbs_spacer=5-10bp;gc_cont=0.556,ID=73_47;partial=00;start_type=ATG;rbs_motif=AGGAGG;rbs_spacer=5-10bp;gc,26.0
NZ_QAXS01000013.1_47,G,K,G,G,G,K,S,D,K,D,C,D,C,ID=13_47;partial=00;start_type=ATG;rbs_motif=AGGAGG;rbs_spacer=5-10bp;gc_cont=0.420,ID=13_47;partial=00;start_type=ATG;rbs_motif=AGGAGG;rbs_spacer=5-10bp;gc,26.0
NZ_QGTS01000004.1_41,G,K,G,G,G,K,S,D,K,D,C,D,C,ID=4_41;partial=00;start_type=ATG;rbs_motif=AGGAG;rbs_spacer=5-10bp;gc_cont=0.502,ID=4_41;partial=00;start_type=ATG;rbs_motif=AGGAG;rbs_spacer=5-10bp;gc,26.0
NZ_QNRY01000004.1_76,G,K,G,G,G,K,S,D,K,D,C,D,C,ID=4_76;partial=00;start_type=ATG;rbs_motif=GGAG/GAGG;rbs_spacer=5-10bp;gc_cont=0.563,ID=4_76;partial=00;start_type=ATG;rbs_motif=GGAG/GAGG;rbs_spacer=5-10bp;gc,26.0
NZ_QYYD01000039.1_30,G,K,G,G,G,K,S,D,K,D,C,D,C,ID=32_30;partial=00;start_type=ATG;rbs_motif=GGAG/GAGG;rbs_spacer=5-10bp;gc_cont=0.651,ID=32_30;partial=00;start_type=ATG;rbs_motif=GGAG/GAGG;rbs_spacer=5-10bp;gc,26.0
NZ_CP024202.1_3443,G,K,G,G,G,K,S,D,K,D,C,D,C,ID=1_3443;partial=00;start_type=ATG;rbs_motif=AGGAG;rbs_spacer=5-10bp;gc_cont=0.526,ID=1_3443;partial=00;start_type=ATG;rbs_motif=AGGAG;rbs_spacer=5-10bp;gc,26.0
NZ_RZRU01000010.1_11,G,K,G,G,G,K,S,D,K,D,C,D,C,ID=74_11;partial=00;start_type=ATG;rbs_motif=AGGA;rbs_spacer=5-10bp;gc_cont=0.598,ID=74_11;partial=00;start_type=ATG;rbs_motif=AGGA;rbs_spacer=5-10bp;gc,26.0
NZ_CP026538.1_1962,G,K,G,G,G,K,S,D,K,D,C,D,C,ID=1_1962;partial=00;start_type=ATG;rbs_motif=AGGAGG;rbs_spacer=5-10bp;gc_cont=0.613,ID=1_1962;partial=00;start_type=ATG;rbs_motif=AGGAGG;rbs_spacer=5-10bp;gc,26.0
NZ_SLZW01000007.1_147,G,K,G,G,G,K,S,D,K,D,C,D,C,ID=7_147;partial=00;start_type=ATG;rbs_motif=AGGAG;rbs_spacer=5-10bp;gc_cont=0.591,ID=7_147;partial=00;start_type=ATG;rbs_motif=AGGAG;rbs_spacer=5-10bp;gc,26.0
NZ_PGGK01000004.1_118,G,K,G,G,G,K,S,D,K,D,C,D,C,ID=40_118;partial=00;start_type=ATG;rbs_motif=None;rbs_spacer=None;gc_cont=0.456,ID=40_118;partial=00;start_type=ATG;rbs_motif=None;rbs_spacer=None;gc,26.0
NZ_CP034035.1_1681,G,K,G,G,G,K,S,D,K,D,C,D,C,ID=1_1681;partial=00;start_type=ATG;rbs_motif=GGAG/GAGG;rbs_spacer=5-10bp;gc_cont=0.545,ID=1_1681;partial=00;start_type=ATG;rbs_motif=GGAG/GAGG;rbs_spacer=5-10bp;gc,26.0
NZ_CP041387.1_3597,G,K,G,G,G,K,S,D,K,D,C,D,C,ID=1_3597;partial=00;start_type=ATG;rbs_motif=GGAG/GAGG;rbs_spacer=5-10bp;gc_cont=0.648,ID=1_3597;partial=00;start_type=ATG;rbs_motif=GGAG/GAGG;rbs_spacer=5-10bp;gc,26.0
NZ_BJZO01000086.1_9,G,K,G,G,G,K,S,D,K,D,C,D,C,ID=86_9;partial=00;start_type=ATG;rbs_motif=GGAG/GAGG;rbs_spacer=5-10bp;gc_cont=0.629,ID=86_9;partial=00;start_type=ATG;rbs_motif=GGAG/GAGG;rbs_spacer=5-10bp;gc,26.0
NZ_VZRA01000001.1_899,G,K,G,G,G,K,S,D,K,D,C,D,C,ID=1_899;partial=00;start_type=ATG;rbs_motif=AGGAG;rbs_spacer=5-10bp;gc_cont=0.601,ID=1_899;partial=00;start_type=ATG;rbs_motif=AGGAG;rbs_spacer=5-10bp;gc,26.0
NZ_VIKW01000031.1_28,G,K,G,G,G,K,S,D,K,D,C,D,C,ID=24_28;partial=00;start_type=ATG;rbs_motif=AGGA;rbs_spacer=5-10bp;gc_cont=0.450,ID=24_28;partial=00;start_type=ATG;rbs_motif=AGGA;rbs_spacer=5-10bp;gc,26.0
NZ_JAABNO010000010.1_55,G,K,G,G,G,K,S,D,K,D,C,D,C,ID=4_55;partial=00;start_type=ATG;rbs_motif=AGGAGG;rbs_spacer=5-10bp;gc_cont=0.371,ID=4_55;partial=00;start_type=ATG;rbs_motif=AGGAGG;rbs_spacer=5-10bp;gc,26.0
NZ_CP048877.1_540,G,K,G,G,G,K,S,D,K,D,C,D,C,ID=1_540;partial=00;start_type=ATG;rbs_motif=AGGAGG;rbs_spacer=5-10bp;gc_cont=0.539,ID=1_540;partial=00;start_type=ATG;rbs_motif=AGGAGG;rbs_spacer=5-10bp;gc,26.0
NZ_JABBFW010000008.1_245,G,K,G,G,G,K,S,D,K,D,C,D,C,ID=78_245;partial=00;start_type=ATG;rbs_motif=GGAG/GAGG;rbs_spacer=5-10bp;gc_cont=0.649,ID=78_245;partial=00;start_type=ATG;rbs_motif=GGAG/GAGG;rbs_spacer=5-10bp;gc,26.0
NZ_BLVP01000002.1_186,G,K,G,G,G,K,S,D,K,D,C,D,C,ID=2_186;partial=00;start_type=ATG;rbs_motif=GGAGG;rbs_spacer=5-10bp;gc_cont=0.572,ID=2_186;partial=00;start_type=ATG;rbs_motif=GGAGG;rbs_spacer=5-10bp;gc,26.0
NZ_JACHYN010000010.1_159,G,K,G,G,G,K,S,D,K,D,C,D,C,ID=10_159;partial=00;start_type=ATG;rbs_motif=AGGAG;rbs_spacer=5-10bp;gc_cont=0.643,ID=10_159;partial=00;start_type=ATG;rbs_motif=AGGAG;rbs_spacer=5-10bp;gc,26.0
NZ_AP023368.1_643,G,K,G,G,G,K,S,D,K,D,C,D,C,ID=1_643;partial=00;start_type=ATG;rbs_motif=GGAGG;rbs_spacer=5-10bp;gc_cont=0.485,ID=1_643;partial=00;start_type=ATG;rbs_motif=GGAGG;rbs_spacer=5-10bp;gc,26.0
NZ_JACJSC010000026.1_39,G,K,G,G,G,K,S,D,K,D,C,D,C,ID=19_39;partial=00;start_type=ATG;rbs_motif=GGA/GAG/AGG;rbs_spacer=5-10bp;gc_cont=0.480,ID=19_39;partial=00;start_type=ATG;rbs_motif=GGA/GAG/AGG;rbs_spacer=5-10bp;gc,26.0
NZ_CP030050.1_1682,G,K,G,G,G,K,S,D,K,D,C,D,C,ID=1_1682;partial=00;start_type=ATG;rbs_motif=GGAG/GAGG;rbs_spacer=5-10bp;gc_cont=0.576,ID=1_1682;partial=00;start_type=ATG;rbs_motif=GGAG/GAGG;rbs_spacer=5-10bp;gc,26.0
NZ_JAEMHM010000013.1_55,G,K,G,G,G,K,S,D,K,D,C,D,C,ID=4_55;partial=00;start_type=ATG;rbs_motif=AGGAG;rbs_spacer=5-10bp;gc_cont=0.614,ID=4_55;partial=00;start_type=ATG;rbs_motif=AGGAG;rbs_spacer=5-10bp;gc,26.0
NZ_JAERQD010000103.1_2,G,K,G,G,G,K,S,D,K,D,C,D,C,ID=4_2;partial=00;start_type=ATG;rbs_motif=AGGA;rbs_spacer=5-10bp;gc_cont=0.630,ID=4_2;partial=00;start_type=ATG;rbs_motif=AGGA;rbs_spacer=5-10bp;gc,26.0
NZ_CP066203.1_562,G,K,G,G,G,K,S,D,K,D,C,D,C,ID=1_562;partial=00;start_type=ATG;rbs_motif=GGAG/GAGG;rbs_spacer=5-10bp;gc_cont=0.592,ID=1_562;partial=00;start_type=ATG;rbs_motif=GGAG/GAGG;rbs_spacer=5-10bp;gc,26.0
NZ_JAGGMM010000001.1_494,G,K,G,G,G,K,S,D,K,D,C,D,C,ID=1_494;partial=00;start_type=ATG;rbs_motif=None;rbs_spacer=None;gc_cont=0.488,ID=1_494;partial=00;start_type=ATG;rbs_motif=None;rbs_spacer=None;gc,26.0
NZ_BOPZ01000004.1_35,G,K,G,G,G,K,S,D,K,D,C,D,C,ID=4_35;partial=00;start_type=ATG;rbs_motif=AGGAGG;rbs_spacer=5-10bp;gc_cont=0.352,ID=4_35;partial=00;start_type=ATG;rbs_motif=AGGAGG;rbs_spacer=5-10bp;gc,26.0
NZ_JAHLEB010000041.1_2,G,K,G,G,G,K,S,D,K,D,C,D,C,ID=41_2;partial=00;start_type=ATG;rbs_motif=AGGAGG;rbs_spacer=5-10bp;gc_cont=0.353,ID=41_2;partial=00;start_type=ATG;rbs_motif=AGGAGG;rbs_spacer=5-10bp;gc,26.0
NZ_JAIVEM010000188.1_3,G,K,G,G,G,K,S,D,K,D,C,D,C,ID=162_3;partial=00;start_type=ATG;rbs_motif=GGAGG;rbs_spacer=5-10bp;gc_cont=0.511,ID=162_3;partial=00;start_type=ATG;rbs_motif=GGAGG;rbs_spacer=5-10bp;gc,26.0
NZ_CP088014.1_7408,G,K,G,G,G,K,S,D,K,D,C,D,C,ID=1_7408;partial=00;start_type=ATG;rbs_motif=GGAG/GAGG;rbs_spacer=5-10bp;gc_cont=0.551,ID=1_7408;partial=00;start_type=ATG;rbs_motif=GGAG/GAGG;rbs_spacer=5-10bp;gc,26.0
NZ_JAKLUA010000026.1_30,G,K,G,G,G,K,S,D,K,D,C,D,C,ID=19_30;partial=00;start_type=ATG;rbs_motif=GGAG/GAGG;rbs_spacer=5-10bp;gc_cont=0.579,ID=19_30;partial=00;start_type=ATG;rbs_motif=GGAG/GAGG;rbs_spacer=5-10bp;gc,26.0
NZ_JAKZLF010000035.1_26,G,K,G,G,G,K,S,D,K,D,C,D,C,ID=29_26;partial=00;start_type=ATG;rbs_motif=AGGAG/GGAGG;rbs_spacer=11-12bp;gc_cont=0.674,ID=29_26;partial=00;start_type=ATG;rbs_motif=AGGAG/GGAGG;rbs_spacer=11-12bp;gc,26.0
NZ_CP065800.1_2989,G,K,G,G,G,K,S,D,K,D,C,D,C,ID=1_2989;partial=00;start_type=ATG;rbs_motif=AGGAGG;rbs_spacer=5-10bp;gc_cont=0.435,ID=1_2989;partial=00;start_type=ATG;rbs_motif=AGGAGG;rbs_spacer=5-10bp;gc,26.0
NZ_JANADP010000001.1_1783,G,K,G,G,G,K,S,D,K,D,C,D,C,ID=1_1783;partial=00;start_type=ATG;rbs_motif=GGAG/GAGG;rbs_spacer=5-10bp;gc_cont=0.590,ID=1_1783;partial=00;start_type=ATG;rbs_motif=GGAG/GAGG;rbs_spacer=5-10bp;gc,26.0
NZ_CYGY02000216.1_3,G,K,G,G,G,K,S,D,K,D,C,D,C,ID=43_3;partial=00;start_type=ATG;rbs_motif=GGAG/GAGG;rbs_spacer=5-10bp;gc_cont=0.612,ID=43_3;partial=00;start_type=ATG;rbs_motif=GGAG/GAGG;rbs_spacer=5-10bp;gc,26.0
NZ_FNAP01000008.1_126,G,K,G,G,G,K,S,D,K,D,C,D,C,ID=13_126;partial=00;start_type=ATG;rbs_motif=AGGAG;rbs_spacer=5-10bp;gc_cont=0.638,ID=13_126;partial=00;start_type=ATG;rbs_motif=AGGAG;rbs_spacer=5-10bp;gc,26.0
NZ_FNZK01000009.1_79,G,K,G,G,G,K,S,D,K,D,C,D,C,ID=17_79;partial=00;start_type=ATG;rbs_motif=GGAGG;rbs_spacer=5-10bp;gc_cont=0.406,ID=17_79;partial=00;start_type=ATG;rbs_motif=GGAGG;rbs_spacer=5-10bp;gc,26.0
NZ_FOSL01000033.1_16,G,K,G,G,G,K,S,D,K,D,C,D,C,ID=33_16;partial=00;start_type=ATG;rbs_motif=AGGA;rbs_spacer=5-10bp;gc_cont=0.614,ID=33_16;partial=00;start_type=ATG;rbs_motif=AGGA;rbs_spacer=5-10bp;gc,26.0
NZ_FQXU01000006.1_177,G,K,G,G,G,K,S,D,K,D,C,D,C,ID=16_177;partial=00;start_type=ATG;rbs_motif=AGGAGG;rbs_spacer=5-10bp;gc_cont=0.332,ID=16_177;partial=00;start_type=ATG;rbs_motif=AGGAGG;rbs_spacer=5-10bp;gc,26.0
NZ_FTMZ01000024.1_35,G,K,G,G,G,K,S,D,K,D,C,D,C,ID=37_35;partial=00;start_type=ATG;rbs_motif=GGAG/GAGG;rbs_spacer=5-10bp;gc_cont=0.642,ID=37_35;partial=00;start_type=ATG;rbs_motif=GGAG/GAGG;rbs_spacer=5-10bp;gc,26.0
NZ_FYBH01000187.1_17,G,K,G,G,G,K,S,D,K,D,C,D,C,ID=52_17;partial=00;start_type=ATG;rbs_motif=AGGAG/GGAGG;rbs_spacer=11-12bp;gc_cont=0.462,ID=52_17;partial=00;start_type=ATG;rbs_motif=AGGAG/GGAGG;rbs_spacer=11-12bp;gc,26.0
NZ_UGSI01000001.1_1811,G,K,G,G,G,K,S,D,K,D,C,D,C,ID=2_1811;partial=00;start_type=ATG;rbs_motif=GGAGG;rbs_spacer=5-10bp;gc_cont=0.568,ID=2_1811;partial=00;start_type=ATG;rbs_motif=GGAGG;rbs_spacer=5-10bp;gc,26.0
NZ_CAJHCS010000054.1_5,G,K,G,G,G,K,S,D,K,D,C,D,C,ID=54_5;partial=00;start_type=ATG;rbs_motif=GGAG/GAGG;rbs_spacer=5-10bp;gc_cont=0.605,ID=54_5;partial=00;start_type=ATG;rbs_motif=GGAG/GAGG;rbs_spacer=5-10bp;gc,26.0
PLUB01000010.1_81,G,K,G,G,G,K,S,D,K,D,C,D,C,ID=80_81;partial=00;start_type=ATG;rbs_motif=None;rbs_spacer=None;gc_cont=0.438,ID=80_81;partial=00;start_type=ATG;rbs_motif=None;rbs_spacer=None;gc,26.0
JAHZCJ010000002.1_296,G,K,G,G,G,K,S,D,K,D,C,D,C,ID=7_296;partial=00;start_type=ATG;rbs_motif=GGAG/GAGG;rbs_spacer=5-10bp;gc_cont=0.562,ID=7_296;partial=00;start_type=ATG;rbs_motif=GGAG/GAGG;rbs_spacer=5-10bp;gc,26.0
JAEYKW010000009.1_25,G,K,G,G,G,K,S,D,K,D,C,D,C,ID=22_25;partial=00;start_type=ATG;rbs_motif=AGGAGG;rbs_spacer=5-10bp;gc_cont=0.565,ID=22_25;partial=00;start_type=ATG;rbs_motif=AGGAGG;rbs_spacer=5-10bp;gc,26.0
OMOF01000020.1_14,G,K,G,G,G,K,S,D,K,D,C,D,C,ID=307_14;partial=00;start_type=ATG;rbs_motif=GGAG/GAGG;rbs_spacer=5-10bp;gc_cont=0.453,ID=307_14;partial=00;start_type=ATG;rbs_motif=GGAG/GAGG;rbs_spacer=5-10bp;gc,26.0
NZ_CAHP01000020.1_252,G,K,G,G,G,K,S,D,K,D,C,D,C,ID=20_252;partial=00;start_type=ATG;rbs_motif=GGAG/GAGG;rbs_spacer=5-10bp;gc_cont=0.601,ID=20_252;partial=00;start_type=ATG;rbs_motif=GGAG/GAGG;rbs_spacer=5-10bp;gc,26.0
NZ_CYSP01000025.1_16,G,K,G,G,G,K,S,D,K,D,C,D,C,ID=25_16;partial=00;start_type=ATG;rbs_motif=GGAG/GAGG;rbs_spacer=5-10bp;gc_cont=0.445,ID=25_16;partial=00;start_type=ATG;rbs_motif=GGAG/GAGG;rbs_spacer=5-10bp;gc,26.0
NZ_QNRY01000002.1_44,G,K,G,G,G,K,S,D,K,D,C,D,C,ID=2_44;partial=00;start_type=ATG;rbs_motif=GGAG/GAGG;rbs_spacer=5-10bp;gc_cont=0.465,ID=2_44;partial=00;start_type=ATG;rbs_motif=GGAG/GAGG;rbs_spacer=5-10bp;gc,26.0
NZ_JACHFH010000040.1_25,G,K,G,G,G,K,S,D,K,D,C,D,C,ID=40_25;partial=00;start_type=ATG;rbs_motif=AGGAG;rbs_spacer=5-10bp;gc_cont=0.388,ID=40_25;partial=00;start_type=ATG;rbs_motif=AGGAG;rbs_spacer=5-10bp;gc,26.0
NZ_FNBX01000001.1_169,G,K,G,G,G,K,S,D,K,D,C,D,C,ID=24_169;partial=00;start_type=ATG;rbs_motif=GGAG/GAGG;rbs_spacer=5-10bp;gc_cont=0.580,ID=24_169;partial=00;start_type=ATG;rbs_motif=GGAG/GAGG;rbs_spacer=5-10bp;gc,26.0
DKFP01000009.1_218,G,K,G,G,G,K,S,D,K,D,C,D,C,ID=10_218;partial=00;start_type=ATG;rbs_motif=AGGAG;rbs_spacer=5-10bp;gc_cont=0.493,ID=10_218;partial=00;start_type=ATG;rbs_motif=AGGAG;rbs_spacer=5-10bp;gc,26.0
NZ_KB910518.1_2917,G,K,G,G,G,K,S,D,K,D,C,D,C,ID=1_2917;partial=00;start_type=ATG;rbs_motif=GGAG/GAGG;rbs_spacer=5-10bp;gc_cont=0.512,ID=1_2917;partial=00;start_type=ATG;rbs_motif=GGAG/GAGG;rbs_spacer=5-10bp;gc,26.0
JAHHHH010000012.1_74,G,K,G,G,G,K,S,D,K,D,C,D,C,ID=21_74;partial=00;start_type=ATG;rbs_motif=AGGAG;rbs_spacer=5-10bp;gc_cont=0.481,ID=21_74;partial=00;start_type=ATG;rbs_motif=AGGAG;rbs_spacer=5-10bp;gc,26.0
NZ_PJIZ01000014.1_19,G,K,G,G,G,K,S,D,K,D,C,D,C,ID=14_19;partial=00;start_type=ATG;rbs_motif=AGGA/GGAG/GAGG;rbs_spacer=11-12bp;gc_cont=0.464,ID=14_19;partial=00;start_type=ATG;rbs_motif=AGGA/GGAG/GAGG;rbs_spacer=11-12bp;gc,26.0
KB904821.1_2327,G,K,G,G,G,K,S,D,K,D,C,D,C,ID=1_2327;partial=00;start_type=ATG;rbs_motif=GGA/GAG/AGG;rbs_spacer=5-10bp;gc_cont=0.493,ID=1_2327;partial=00;start_type=ATG;rbs_motif=GGA/GAG/AGG;rbs_spacer=5-10bp;gc,26.0
JUEB01000015.1_21,G,K,G,G,G,K,S,D,K,D,C,D,C,ID=15_21;partial=00;start_type=ATG;rbs_motif=AGGAGG;rbs_spacer=5-10bp;gc_cont=0.537,ID=15_21;partial=00;start_type=ATG;rbs_motif=AGGAGG;rbs_spacer=5-10bp;gc,26.0
LIUG01000026.1_12,G,K,G,G,G,K,S,D,K,D,C,D,C,ID=26_12;partial=00;start_type=ATG;rbs_motif=AGGAG;rbs_spacer=5-10bp;gc_cont=0.466,ID=26_12;partial=00;start_type=ATG;rbs_motif=AGGAG;rbs_spacer=5-10bp;gc,26.0
MBFK01000144.1_1,G,K,G,G,G,K,S,D,K,D,C,D,C,ID=76_1;partial=00;start_type=ATG;rbs_motif=AGGA;rbs_spacer=5-10bp;gc_cont=0.634,ID=76_1;partial=00;start_type=ATG;rbs_motif=AGGA;rbs_spacer=5-10bp;gc,26.0
MHDU01000080.1_35,G,K,G,G,G,K,S,D,K,D,C,D,C,ID=80_35;partial=00;start_type=ATG;rbs_motif=AGGAGG;rbs_spacer=5-10bp;gc_cont=0.509,ID=80_35;partial=00;start_type=ATG;rbs_motif=AGGAGG;rbs_spacer=5-10bp;gc,26.0
MVRP01000108.1_7,G,K,G,G,G,K,S,D,K,D,C,D,C,ID=108_7;partial=00;start_type=ATG;rbs_motif=AGGAG;rbs_spacer=5-10bp;gc_cont=0.562,ID=108_7;partial=00;start_type=ATG;rbs_motif=AGGAG;rbs_spacer=5-10bp;gc,26.0
DBMM01000086.1_23,G,K,G,G,G,K,S,D,K,D,C,D,C,ID=146_23;partial=00;start_type=ATG;rbs_motif=GGAG/GAGG;rbs_spacer=5-10bp;gc_cont=0.562,ID=146_23;partial=00;start_type=ATG;rbs_motif=GGAG/GAGG;rbs_spacer=5-10bp;gc,26.0
DFGT01000027.1_21,G,K,G,G,G,K,S,D,K,D,C,D,C,ID=11_21;partial=00;start_type=ATG;rbs_motif=TAAA;rbs_spacer=11bp;gc_cont=0.448,ID=11_21;partial=00;start_type=ATG;rbs_motif=TAAA;rbs_spacer=11bp;gc,26.0
DHHR01000071.1_13,G,K,G,G,G,K,S,D,K,D,C,D,C,ID=42_13;partial=00;start_type=ATG;rbs_motif=AGGAG;rbs_spacer=5-10bp;gc_cont=0.480,ID=42_13;partial=00;start_type=ATG;rbs_motif=AGGAG;rbs_spacer=5-10bp;gc,26.0
DIUT01000028.1_20,G,K,G,G,G,K,S,D,K,D,C,D,C,ID=33_20;partial=00;start_type=ATG;rbs_motif=AGGAG;rbs_spacer=5-10bp;gc_cont=0.547,ID=33_20;partial=00;start_type=ATG;rbs_motif=AGGAG;rbs_spacer=5-10bp;gc,26.0
PAQV01000018.1_43,G,K,G,G,G,K,S,D,K,D,C,D,C,ID=17_43;partial=00;start_type=ATG;rbs_motif=AGGA;rbs_spacer=5-10bp;gc_cont=0.623,ID=17_43;partial=00;start_type=ATG;rbs_motif=AGGA;rbs_spacer=5-10bp;gc,26.0
PKUG01000177.1_9,G,K,G,G,G,K,S,D,K,D,C,D,C,ID=25_9;partial=00;start_type=ATG;rbs_motif=AGGAGG;rbs_spacer=5-10bp;gc_cont=0.557,ID=25_9;partial=00;start_type=ATG;rbs_motif=AGGAGG;rbs_spacer=5-10bp;gc,26.0
PLAI01000141.1_64,G,K,G,G,G,K,S,D,K,D,C,D,C,ID=364_64;partial=00;start_type=ATG;rbs_motif=AGGAG;rbs_spacer=5-10bp;gc_cont=0.606,ID=364_64;partial=00;start_type=ATG;rbs_motif=AGGAG;rbs_spacer=5-10bp;gc,26.0
PMGP01000092.1_8,G,K,G,G,G,K,S,D,K,D,C,D,C,ID=100_8;partial=00;start_type=ATG;rbs_motif=AGGAGG;rbs_spacer=5-10bp;gc_cont=0.560,ID=100_8;partial=00;start_type=ATG;rbs_motif=AGGAGG;rbs_spacer=5-10bp;gc,26.0
PMYY01000094.1_15,G,K,G,G,G,K,S,D,K,D,C,D,C,ID=108_15;partial=00;start_type=ATG;rbs_motif=AGGAGG;rbs_spacer=5-10bp;gc_cont=0.533,ID=108_15;partial=00;start_type=ATG;rbs_motif=AGGAGG;rbs_spacer=5-10bp;gc,26.0
QKCF01000252.1_2,G,K,G,G,G,K,S,D,K,D,C,D,C,ID=235_2;partial=00;start_type=ATG;rbs_motif=AAAA;rbs_spacer=9bp;gc_cont=0.405,ID=235_2;partial=00;start_type=ATG;rbs_motif=AAAA;rbs_spacer=9bp;gc,26.0
DMCN01000089.1_17,G,K,G,G,G,K,S,D,K,D,C,D,C,ID=110_17;partial=00;start_type=ATG;rbs_motif=AGGAG;rbs_spacer=5-10bp;gc_cont=0.567,ID=110_17;partial=00;start_type=ATG;rbs_motif=AGGAG;rbs_spacer=5-10bp;gc,26.0
PJFC01000003.1_29,G,K,G,G,G,K,S,D,K,D,C,D,C,ID=10_29;partial=00;start_type=ATG;rbs_motif=AGGAG;rbs_spacer=5-10bp;gc_cont=0.598,ID=10_29;partial=00;start_type=ATG;rbs_motif=AGGAG;rbs_spacer=5-10bp;gc,26.0
RXIY01000015.1_11,G,K,G,G,G,K,S,D,K,D,C,D,C,ID=45_11;partial=01;start_type=ATG;rbs_motif=AGGAG;rbs_spacer=5-10bp;gc_cont=0.592,ID=45_11;partial=01;start_type=ATG;rbs_motif=AGGAG;rbs_spacer=5-10bp;gc,26.0
RDXV01000010.1_28,G,K,G,G,G,K,S,D,K,D,C,D,C,ID=309_28;partial=00;start_type=ATG;rbs_motif=AGGA;rbs_spacer=5-10bp;gc_cont=0.463,ID=309_28;partial=00;start_type=ATG;rbs_motif=AGGA;rbs_spacer=5-10bp;gc,26.0
SUEO01000142.1_7,G,K,G,G,G,K,S,D,K,D,C,D,C,ID=47_7;partial=00;start_type=ATG;rbs_motif=AGGA;rbs_spacer=5-10bp;gc_cont=0.601,ID=47_7;partial=00;start_type=ATG;rbs_motif=AGGA;rbs_spacer=5-10bp;gc,26.0
SLDV01000002.1_38,G,K,G,G,G,K,S,D,K,D,C,D,C,ID=167_38;partial=00;start_type=ATG;rbs_motif=AGGAG;rbs_spacer=5-10bp;gc_cont=0.527,ID=167_38;partial=00;start_type=ATG;rbs_motif=AGGAG;rbs_spacer=5-10bp;gc,26.0
SJPJ01000001.1_4346,G,K,G,G,G,K,S,D,K,D,C,D,C,ID=1_4346;partial=00;start_type=ATG;rbs_motif=GGA/GAG/AGG;rbs_spacer=5-10bp;gc_cont=0.506,ID=1_4346;partial=00;start_type=ATG;rbs_motif=GGA/GAG/AGG;rbs_spacer=5-10bp;gc,26.0
SRXB01000010.1_4,G,K,G,G,G,K,S,D,K,D,C,D,C,ID=567_4;partial=00;start_type=ATG;rbs_motif=AGGAG;rbs_spacer=5-10bp;gc_cont=0.585,ID=567_4;partial=00;start_type=ATG;rbs_motif=AGGAG;rbs_spacer=5-10bp;gc,26.0
POWB01000011.1_71,G,K,G,G,G,K,S,D,K,D,C,D,C,ID=2_71;partial=00;start_type=ATG;rbs_motif=GGAG/GAGG;rbs_spacer=5-10bp;gc_cont=0.607,ID=2_71;partial=00;start_type=ATG;rbs_motif=GGAG/GAGG;rbs_spacer=5-10bp;gc,26.0
WOZP01000113.1_3,G,K,G,G,G,K,S,D,K,D,C,D,C,ID=106_3;partial=00;start_type=ATG;rbs_motif=AGGAG;rbs_spacer=5-10bp;gc_cont=0.560,ID=106_3;partial=00;start_type=ATG;rbs_motif=AGGAG;rbs_spacer=5-10bp;gc,26.0
JAAYVT010000660.1_17,G,K,G,G,G,K,S,D,K,D,C,D,C,ID=341_17;partial=00;start_type=ATG;rbs_motif=GGA/GAG/AGG;rbs_spacer=11-12bp;gc_cont=0.639,ID=341_17;partial=00;start_type=ATG;rbs_motif=GGA/GAG/AGG;rbs_spacer=11-12bp;gc,26.0
JABEVH010000176.1_18,G,K,G,G,G,K,S,D,K,D,C,D,C,ID=56_18;partial=00;start_type=ATG;rbs_motif=AGGAG;rbs_spacer=5-10bp;gc_cont=0.515,ID=56_18;partial=00;start_type=ATG;rbs_motif=AGGAG;rbs_spacer=5-10bp;gc,26.0
JAADFS010000266.1_2,G,K,G,G,G,K,S,D,K,D,C,D,C,ID=266_2;partial=00;start_type=ATG;rbs_motif=AGGAG;rbs_spacer=5-10bp;gc_cont=0.560,ID=266_2;partial=00;start_type=ATG;rbs_motif=AGGAG;rbs_spacer=5-10bp;gc,26.0
JAAXWU010000078.1_9,G,K,G,G,G,K,S,D,K,D,C,D,C,ID=144_9;partial=01;start_type=ATG;rbs_motif=None;rbs_spacer=None;gc_cont=0.574,ID=144_9;partial=01;start_type=ATG;rbs_motif=None;rbs_spacer=None;gc,26.0
JACAEO010000087.1_14,G,K,G,G,G,K,S,D,K,D,C,D,C,ID=347_14;partial=00;start_type=ATG;rbs_motif=AGGAG;rbs_spacer=5-10bp;gc_cont=0.619,ID=347_14;partial=00;start_type=ATG;rbs_motif=AGGAG;rbs_spacer=5-10bp;gc,26.0
CP050295.1_550,G,K,G,G,G,K,S,D,K,D,C,D,C,ID=2_550;partial=00;start_type=ATG;rbs_motif=AGGA;rbs_spacer=5-10bp;gc_cont=0.614,ID=2_550;partial=00;start_type=ATG;rbs_motif=AGGA;rbs_spacer=5-10bp;gc,26.0
JACSRI010000070.1_2,G,K,G,G,G,K,S,D,K,D,C,D,C,ID=202_2;partial=00;start_type=ATG;rbs_motif=None;rbs_spacer=None;gc_cont=0.640,ID=202_2;partial=00;start_type=ATG;rbs_motif=None;rbs_spacer=None;gc,26.0
JADGBN010000039.1_23,G,K,G,G,G,K,S,D,K,D,C,D,C,ID=156_23;partial=00;start_type=ATG;rbs_motif=AGGAG;rbs_spacer=5-10bp;gc_cont=0.503,ID=156_23;partial=00;start_type=ATG;rbs_motif=AGGAG;rbs_spacer=5-10bp;gc,26.0
JADFXB010000014.1_34,G,K,G,G,G,K,S,D,K,D,C,D,C,ID=55_34;partial=00;start_type=ATG;rbs_motif=AGGAG;rbs_spacer=5-10bp;gc_cont=0.563,ID=55_34;partial=00;start_type=ATG;rbs_motif=AGGAG;rbs_spacer=5-10bp;gc,26.0
JACCQO010000001.1_37,G,K,G,G,G,K,S,D,K,D,C,D,C,ID=7_37;partial=00;start_type=ATG;rbs_motif=GGAGG;rbs_spacer=5-10bp;gc_cont=0.644,ID=7_37;partial=00;start_type=ATG;rbs_motif=GGAGG;rbs_spacer=5-10bp;gc,26.0
JACQYN010000073.1_8,G,K,G,G,G,K,S,D,K,D,C,D,C,ID=261_8;partial=00;start_type=ATG;rbs_motif=AGGAG;rbs_spacer=5-10bp;gc_cont=0.604,ID=261_8;partial=00;start_type=ATG;rbs_motif=AGGAG;rbs_spacer=5-10bp;gc,26.0
JACRHS010000005.1_143,G,K,G,G,G,K,S,D,K,D,C,D,C,ID=19_143;partial=00;start_type=ATG;rbs_motif=None;rbs_spacer=None;gc_cont=0.617,ID=19_143;partial=00;start_type=ATG;rbs_motif=None;rbs_spacer=None;gc,26.0
JACRPV010000200.1_25,G,K,G,G,G,K,S,D,K,D,C,D,C,ID=118_25;partial=00;start_type=ATG;rbs_motif=AGGAG;rbs_spacer=5-10bp;gc_cont=0.638,ID=118_25;partial=00;start_type=ATG;rbs_motif=AGGAG;rbs_spacer=5-10bp;gc,26.0
JAEENG010000039.1_16,G,K,G,G,G,K,S,D,K,D,C,D,C,ID=203_16;partial=00;start_type=ATG;rbs_motif=GGAG/GAGG;rbs_spacer=5-10bp;gc_cont=0.465,ID=203_16;partial=00;start_type=ATG;rbs_motif=GGAG/GAGG;rbs_spacer=5-10bp;gc,26.0
JADJJI010000015.1_356,G,K,G,G,G,K,S,D,K,D,C,D,C,ID=15_356;partial=00;start_type=ATG;rbs_motif=GGAG/GAGG;rbs_spacer=5-10bp;gc_cont=0.654,ID=15_356;partial=00;start_type=ATG;rbs_motif=GGAG/GAGG;rbs_spacer=5-10bp;gc,26.0
JADGEH010000034.1_22,G,K,G,G,G,K,S,D,K,D,C,D,C,ID=230_22;partial=00;start_type=ATG;rbs_motif=AGGAG;rbs_spacer=5-10bp;gc_cont=0.412,ID=230_22;partial=00;start_type=ATG;rbs_motif=AGGAG;rbs_spacer=5-10bp;gc,26.0
JAEUHG010000004.1_19,G,K,G,G,G,K,S,D,K,D,C,D,C,ID=239_19;partial=00;start_type=ATG;rbs_motif=None;rbs_spacer=None;gc_cont=0.594,ID=239_19;partial=00;start_type=ATG;rbs_motif=None;rbs_spacer=None;gc,26.0
JAFGEO010000164.1_11,G,K,G,G,G,K,S,D,K,D,C,D,C,ID=49_11;partial=00;start_type=ATG;rbs_motif=AAA;rbs_spacer=5bp;gc_cont=0.481,ID=49_11;partial=00;start_type=ATG;rbs_motif=AAA;rbs_spacer=5bp;gc,26.0
JAFGVA010000017.1_27,G,K,G,G,G,K,S,D,K,D,C,D,C,ID=239_27;partial=00;start_type=ATG;rbs_motif=TAAA;rbs_spacer=15bp;gc_cont=0.416,ID=239_27;partial=00;start_type=ATG;rbs_motif=TAAA;rbs_spacer=15bp;gc,26.0
JAFPYB010000211.1_2,G,K,G,G,G,K,S,D,K,D,C,D,C,ID=121_2;partial=00;start_type=ATG;rbs_motif=GGA/GAG/AGG;rbs_spacer=5-10bp;gc_cont=0.498,ID=121_2;partial=00;start_type=ATG;rbs_motif=GGA/GAG/AGG;rbs_spacer=5-10bp;gc,26.0
JAFUAG010000003.1_132,G,K,G,G,G,K,S,D,K,D,C,D,C,ID=39_132;partial=00;start_type=ATG;rbs_motif=GGAG/GAGG;rbs_spacer=5-10bp;gc_cont=0.536,ID=39_132;partial=00;start_type=ATG;rbs_motif=GGAG/GAGG;rbs_spacer=5-10bp;gc,26.0
JAFXSM010000002.1_5,G,K,G,G,G,K,S,D,K,D,C,D,C,ID=38_5;partial=00;start_type=ATG;rbs_motif=GGAG/GAGG;rbs_spacer=5-10bp;gc_cont=0.562,ID=38_5;partial=00;start_type=ATG;rbs_motif=GGAG/GAGG;rbs_spacer=5-10bp;gc,26.0
JAFZXD010000163.1_14,G,K,G,G,G,K,S,D,K,D,C,D,C,ID=20_14;partial=00;start_type=ATG;rbs_motif=AGGAG/GGAGG;rbs_spacer=11-12bp;gc_cont=0.438,ID=20_14;partial=00;start_type=ATG;rbs_motif=AGGAG/GGAGG;rbs_spacer=11-12bp;gc,26.0
JAGDDO010000285.1_2,G,K,G,G,G,K,S,D,K,D,C,D,C,ID=228_2;partial=00;start_type=ATG;rbs_motif=GGA/GAG/AGG;rbs_spacer=11-12bp;gc_cont=0.502,ID=228_2;partial=00;start_type=ATG;rbs_motif=GGA/GAG/AGG;rbs_spacer=11-12bp;gc,26.0
JAGDBH010000332.1_4,G,K,G,G,G,K,S,D,K,D,C,D,C,ID=323_4;partial=00;start_type=ATG;rbs_motif=AGGA;rbs_spacer=5-10bp;gc_cont=0.433,ID=323_4;partial=00;start_type=ATG;rbs_motif=AGGA;rbs_spacer=5-10bp;gc,26.0
JAFEGB010000035.1_18,G,K,G,G,G,K,S,D,K,D,C,D,C,ID=279_18;partial=00;start_type=ATG;rbs_motif=AGGA;rbs_spacer=5-10bp;gc_cont=0.621,ID=279_18;partial=00;start_type=ATG;rbs_motif=AGGA;rbs_spacer=5-10bp;gc,26.0
JAHJBC010000009.1_196,G,K,G,G,G,K,S,D,K,D,C,D,C,ID=2_196;partial=00;start_type=ATG;rbs_motif=AGGAG;rbs_spacer=5-10bp;gc_cont=0.580,ID=2_196;partial=00;start_type=ATG;rbs_motif=AGGAG;rbs_spacer=5-10bp;gc,26.0
JAAOMR010000125.1_36,G,K,G,G,G,K,S,D,K,D,C,D,C,ID=30_36;partial=00;start_type=ATG;rbs_motif=AGGAG;rbs_spacer=5-10bp;gc_cont=0.560,ID=30_36;partial=00;start_type=ATG;rbs_motif=AGGAG;rbs_spacer=5-10bp;gc,26.0
JAHHHC010000032.1_23,G,R,G,G,G,K,S,D,K,D,C,D,C,ID=94_23;partial=00;start_type=ATG;rbs_motif=None;rbs_spacer=None;gc_cont=0.465,ID=94_23;partial=00;start_type=ATG;rbs_motif=None;rbs_spacer=None;gc,25.0
JAGVNQ010000200.1_16,G,K,G,G,G,K,S,D,K,D,C,D,C,ID=177_16;partial=00;start_type=ATG;rbs_motif=AGGAG;rbs_spacer=5-10bp;gc_cont=0.552,ID=177_16;partial=00;start_type=ATG;rbs_motif=AGGAG;rbs_spacer=5-10bp;gc,26.0
JAGRMP010000179.1_14,G,K,G,G,G,K,S,D,K,D,C,D,C,ID=497_14;partial=00;start_type=ATG;rbs_motif=GGA/GAG/AGG;rbs_spacer=5-10bp;gc_cont=0.635,ID=497_14;partial=00;start_type=ATG;rbs_motif=GGA/GAG/AGG;rbs_spacer=5-10bp;gc,26.0
DYRC01000030.1_13,G,K,G,G,G,K,S,D,K,D,C,D,C,ID=177_13;partial=00;start_type=ATG;rbs_motif=AGGA;rbs_spacer=5-10bp;gc_cont=0.487,ID=177_13;partial=00;start_type=ATG;rbs_motif=AGGA;rbs_spacer=5-10bp;gc,26.0
CP087563.1_4211,G,K,G,G,G,K,S,D,K,D,C,D,C,ID=1_4211;partial=00;start_type=ATG;rbs_motif=AGGA;rbs_spacer=5-10bp;gc_cont=0.554,ID=1_4211;partial=00;start_type=ATG;rbs_motif=AGGA;rbs_spacer=5-10bp;gc,26.0
JAJFUC010000052.1_36,G,K,G,G,G,K,S,D,K,D,C,D,C,ID=103_36;partial=00;start_type=ATG;rbs_motif=AGGAGG;rbs_spacer=5-10bp;gc_cont=0.344,ID=103_36;partial=00;start_type=ATG;rbs_motif=AGGAGG;rbs_spacer=5-10bp;gc,26.0
JAJYBQ010000001.1_23,G,K,G,G,G,K,S,D,K,D,C,D,C,ID=280_23;partial=00;start_type=ATG;rbs_motif=AGGAG;rbs_spacer=5-10bp;gc_cont=0.614,ID=280_23;partial=00;start_type=ATG;rbs_motif=AGGAG;rbs_spacer=5-10bp;gc,26.0
JAJXUE010000011.1_36,G,K,G,G,G,K,S,D,K,D,C,D,C,ID=36_36;partial=00;start_type=ATG;rbs_motif=AGGAGG;rbs_spacer=5-10bp;gc_cont=0.476,ID=36_36;partial=00;start_type=ATG;rbs_motif=AGGAGG;rbs_spacer=5-10bp;gc,26.0
JAJYVD010000002.1_72,G,K,G,G,G,K,S,D,K,D,C,D,C,ID=87_72;partial=00;start_type=ATG;rbs_motif=AGGAGG;rbs_spacer=5-10bp;gc_cont=0.523,ID=87_72;partial=00;start_type=ATG;rbs_motif=AGGAGG;rbs_spacer=5-10bp;gc,26.0
JAJZRT010000362.1_6,G,K,G,G,G,K,S,D,K,D,C,D,C,ID=301_6;partial=00;start_type=ATG;rbs_motif=AGGAG;rbs_spacer=5-10bp;gc_cont=0.626,ID=301_6;partial=00;start_type=ATG;rbs_motif=AGGAG;rbs_spacer=5-10bp;gc,26.0
JAKAKK010000073.1_10,G,K,G,G,G,K,S,D,K,D,C,D,C,ID=76_10;partial=00;start_type=ATG;rbs_motif=GGAGG;rbs_spacer=5-10bp;gc_cont=0.468,ID=76_10;partial=00;start_type=ATG;rbs_motif=GGAGG;rbs_spacer=5-10bp;gc,26.0
JAKAQP010000041.1_8,G,K,G,G,G,K,S,D,K,D,C,D,C,ID=91_8;partial=00;start_type=ATG;rbs_motif=GGAGG;rbs_spacer=5-10bp;gc_cont=0.448,ID=91_8;partial=00;start_type=ATG;rbs_motif=GGAGG;rbs_spacer=5-10bp;gc,26.0
JAJZVC010000012.1_31,G,K,G,G,G,K,S,D,K,D,C,D,C,ID=73_31;partial=00;start_type=ATG;rbs_motif=AGGAG;rbs_spacer=5-10bp;gc_cont=0.629,ID=73_31;partial=00;start_type=ATG;rbs_motif=AGGAG;rbs_spacer=5-10bp;gc,26.0
JAKSCU010000450.1_11,G,K,G,G,G,K,S,D,K,D,C,D,C,ID=327_11;partial=00;start_type=ATG;rbs_motif=GGxGG;rbs_spacer=5-10bp;gc_cont=0.554,ID=327_11;partial=00;start_type=ATG;rbs_motif=GGxGG;rbs_spacer=5-10bp;gc,26.0
JAFLJW010000200.1_8,G,K,G,G,G,K,S,D,K,D,C,D,C,ID=275_8;partial=00;start_type=ATG;rbs_motif=GGAGG;rbs_spacer=5-10bp;gc_cont=0.533,ID=275_8;partial=00;start_type=ATG;rbs_motif=GGAGG;rbs_spacer=5-10bp;gc,26.0
JAKLKR010000278.1_1,G,K,G,G,G,K,S,D,K,D,C,D,C,ID=197_1;partial=00;start_type=ATG;rbs_motif=GGA/GAG/AGG;rbs_spacer=5-10bp;gc_cont=0.658,ID=197_1;partial=00;start_type=ATG;rbs_motif=GGA/GAG/AGG;rbs_spacer=5-10bp;gc,26.0
JAHDXO010000115.1_7,G,K,G,G,G,K,S,D,K,D,C,D,C,ID=115_7;partial=00;start_type=ATG;rbs_motif=AGGA;rbs_spacer=5-10bp;gc_cont=0.607,ID=115_7;partial=00;start_type=ATG;rbs_motif=AGGA;rbs_spacer=5-10bp;gc,26.0
JAEWMT010000138.1_8,G,K,G,G,G,K,S,D,K,D,C,D,C,ID=61_8;partial=00;start_type=ATG;rbs_motif=AGGAGG;rbs_spacer=5-10bp;gc_cont=0.401,ID=61_8;partial=00;start_type=ATG;rbs_motif=AGGAGG;rbs_spacer=5-10bp;gc,26.0
JAEWRL010000147.1_45,G,K,G,G,G,K,S,D,K,D,C,D,C,ID=226_45;partial=00;start_type=ATG;rbs_motif=AGGA;rbs_spacer=5-10bp;gc_cont=0.608,ID=226_45;partial=00;start_type=ATG;rbs_motif=AGGA;rbs_spacer=5-10bp;gc,26.0
JAEYQK010000101.1_18,G,K,G,G,G,K,S,D,K,D,C,D,C,ID=104_18;partial=00;start_type=ATG;rbs_motif=AGGA/GGAG/GAGG;rbs_spacer=11-12bp;gc_cont=0.581,ID=104_18;partial=00;start_type=ATG;rbs_motif=AGGA/GGAG/GAGG;rbs_spacer=11-12bp;gc,26.0
JAEZPG010000012.1_37,G,K,G,G,G,K,S,D,K,D,C,D,C,ID=19_37;partial=00;start_type=ATG;rbs_motif=GGAGG;rbs_spacer=5-10bp;gc_cont=0.435,ID=19_37;partial=00;start_type=ATG;rbs_motif=GGAGG;rbs_spacer=5-10bp;gc,26.0
JAEZDX010000282.1_7,G,K,G,G,G,K,S,D,K,D,C,D,C,ID=478_7;partial=00;start_type=ATG;rbs_motif=AGGAGG;rbs_spacer=5-10bp;gc_cont=0.386,ID=478_7;partial=00;start_type=ATG;rbs_motif=AGGAGG;rbs_spacer=5-10bp;gc,26.0
JAEYWP010000016.1_289,G,K,G,G,G,K,S,D,K,D,C,D,C,ID=27_289;partial=00;start_type=ATG;rbs_motif=None;rbs_spacer=None;gc_cont=0.639,ID=27_289;partial=00;start_type=ATG;rbs_motif=None;rbs_spacer=None;gc,26.0
JAEZKC010000002.1_107,G,K,G,G,G,K,S,D,K,D,C,D,C,ID=115_107;partial=00;start_type=GTG;rbs_motif=AGGAG;rbs_spacer=5-10bp;gc_cont=0.496,ID=115_107;partial=00;start_type=GTG;rbs_motif=AGGAG;rbs_spacer=5-10bp;gc,26.0
JAEZQN010000350.1_5,G,K,G,G,G,K,S,D,K,D,C,D,C,ID=340_5;partial=00;start_type=ATG;rbs_motif=GGAGG;rbs_spacer=5-10bp;gc_cont=0.409,ID=340_5;partial=00;start_type=ATG;rbs_motif=GGAGG;rbs_spacer=5-10bp;gc,26.0
JAEWVR010000012.1_26,G,K,G,G,G,K,S,D,K,D,C,D,C,ID=12_26;partial=00;start_type=ATG;rbs_motif=AGGAG;rbs_spacer=5-10bp;gc_cont=0.425,ID=12_26;partial=00;start_type=ATG;rbs_motif=AGGAG;rbs_spacer=5-10bp;gc,26.0
JAAEMK010000863.1_14,G,K,G,G,G,K,S,D,K,D,C,D,C,ID=863_14;partial=00;start_type=ATG;rbs_motif=AGGAG;rbs_spacer=5-10bp;gc_cont=0.541,ID=863_14;partial=00;start_type=ATG;rbs_motif=AGGAG;rbs_spacer=5-10bp;gc,26.0
JAGXIO010000085.1_11,G,K,G,G,G,K,S,D,K,D,C,D,C,ID=163_11;partial=00;start_type=ATG;rbs_motif=TAA;rbs_spacer=12bp;gc_cont=0.477,ID=163_11;partial=00;start_type=ATG;rbs_motif=TAA;rbs_spacer=12bp;gc,26.0
JAILEL010000070.1_3,G,K,G,G,G,K,S,D,K,D,C,D,C,ID=71_3;partial=00;start_type=ATG;rbs_motif=AGGA;rbs_spacer=5-10bp;gc_cont=0.413,ID=71_3;partial=00;start_type=ATG;rbs_motif=AGGA;rbs_spacer=5-10bp;gc,26.0
JAILQF010000113.1_20,G,K,G,G,G,K,S,D,K,D,C,D,C,ID=476_20;partial=00;start_type=ATG;rbs_motif=AGGAGG;rbs_spacer=5-10bp;gc_cont=0.433,ID=476_20;partial=00;start_type=ATG;rbs_motif=AGGAGG;rbs_spacer=5-10bp;gc,26.0
FNUU01000004.1_121,G,K,G,G,G,K,S,D,K,D,C,D,C,ID=29_121;partial=00;start_type=ATG;rbs_motif=GGAG/GAGG;rbs_spacer=5-10bp;gc_cont=0.435,ID=29_121;partial=00;start_type=ATG;rbs_motif=GGAG/GAGG;rbs_spacer=5-10bp;gc,26.0
ONDD01000006.1_51,G,K,G,G,G,K,S,D,K,D,C,D,C,ID=24_51;partial=00;start_type=ATG;rbs_motif=AGGAG;rbs_spacer=5-10bp;gc_cont=0.515,ID=24_51;partial=00;start_type=ATG;rbs_motif=AGGAG;rbs_spacer=5-10bp;gc,26.0
CAAFCW010000224.1_2,G,K,G,G,G,K,S,D,K,D,C,D,C,ID=224_2;partial=00;start_type=ATG;rbs_motif=AGGA;rbs_spacer=5-10bp;gc_cont=0.426,ID=224_2;partial=00;start_type=ATG;rbs_motif=AGGA;rbs_spacer=5-10bp;gc,26.0
CACXCG010000042.1_5,G,K,G,G,G,K,S,D,K,D,C,D,C,ID=42_5;partial=00;start_type=ATG;rbs_motif=AGGAG;rbs_spacer=5-10bp;gc_cont=0.454,ID=42_5;partial=00;start_type=ATG;rbs_motif=AGGAG;rbs_spacer=5-10bp;gc,26.0
CACZBM010000023.1_30,G,K,G,G,G,K,S,D,K,D,C,D,C,ID=23_30;partial=00;start_type=ATG;rbs_motif=AGGAG;rbs_spacer=5-10bp;gc_cont=0.485,ID=23_30;partial=00;start_type=ATG;rbs_motif=AGGAG;rbs_spacer=5-10bp;gc,26.0
CADAES010000025.1_23,G,K,G,G,G,K,S,D,K,D,C,D,C,ID=25_23;partial=00;start_type=ATG;rbs_motif=GGAGG;rbs_spacer=5-10bp;gc_cont=0.523,ID=25_23;partial=00;start_type=ATG;rbs_motif=GGAGG;rbs_spacer=5-10bp;gc,26.0
CADBYQ010000094.1_2,G,K,G,G,G,K,S,D,K,D,C,D,C,ID=94_2;partial=00;start_type=ATG;rbs_motif=GGAG/GAGG;rbs_spacer=5-10bp;gc_cont=0.559,ID=94_2;partial=00;start_type=ATG;rbs_motif=GGAG/GAGG;rbs_spacer=5-10bp;gc,26.0
CAIFEX010000006.1_24,G,K,G,G,G,K,S,D,K,D,C,D,C,ID=6_24;partial=00;start_type=ATG;rbs_motif=GGAGG;rbs_spacer=5-10bp;gc_cont=0.439,ID=6_24;partial=00;start_type=ATG;rbs_motif=GGAGG;rbs_spacer=5-10bp;gc,26.0
CAIMEB010000138.1_10,G,K,G,G,G,K,S,D,K,D,C,D,C,ID=138_10;partial=00;start_type=ATG;rbs_motif=AGGAG;rbs_spacer=5-10bp;gc_cont=0.425,ID=138_10;partial=00;start_type=ATG;rbs_motif=AGGAG;rbs_spacer=5-10bp;gc,26.0
CAIPDT010000062.1_1,G,K,G,G,G,K,S,D,K,D,C,D,C,ID=62_1;partial=10;start_type=ATG;rbs_motif=AGGAG;rbs_spacer=5-10bp;gc_cont=0.426,ID=62_1;partial=10;start_type=ATG;rbs_motif=AGGAG;rbs_spacer=5-10bp;gc,26.0
CAIRCR010000403.1_9,G,K,G,G,G,K,S,D,K,D,C,D,C,ID=403_9;partial=00;start_type=ATG;rbs_motif=AGGAG;rbs_spacer=5-10bp;gc_cont=0.423,ID=403_9;partial=00;start_type=ATG;rbs_motif=AGGAG;rbs_spacer=5-10bp;gc,26.0
CAIUSO010000122.1_1,G,K,G,G,G,K,S,D,K,D,C,D,C,ID=122_1;partial=00;start_type=ATG;rbs_motif=AGGAG;rbs_spacer=5-10bp;gc_cont=0.522,ID=122_1;partial=00;start_type=ATG;rbs_motif=AGGAG;rbs_spacer=5-10bp;gc,26.0
CAIXLG010000001.1_18,G,K,G,G,G,K,S,D,K,D,C,D,C,ID=1_18;partial=00;start_type=ATG;rbs_motif=None;rbs_spacer=None;gc_cont=0.488,ID=1_18;partial=00;start_type=ATG;rbs_motif=None;rbs_spacer=None;gc,26.0
CAIZIZ010000369.1_10,G,K,G,G,G,K,S,D,K,D,C,D,C,ID=369_10;partial=00;start_type=ATG;rbs_motif=AGGAG;rbs_spacer=5-10bp;gc_cont=0.609,ID=369_10;partial=00;start_type=ATG;rbs_motif=AGGAG;rbs_spacer=5-10bp;gc,26.0
CAJHIS010000027.1_17,G,K,G,G,G,K,S,D,K,D,C,D,C,ID=27_17;partial=00;start_type=ATG;rbs_motif=GGAGG;rbs_spacer=5-10bp;gc_cont=0.497,ID=27_17;partial=00;start_type=ATG;rbs_motif=GGAGG;rbs_spacer=5-10bp;gc,26.0
CAJXSB010000004.1_4,G,K,G,G,G,K,S,D,K,D,C,D,C,ID=4_4;partial=00;start_type=ATG;rbs_motif=AGGAG/GGAGG;rbs_spacer=11-12bp;gc_cont=0.619,ID=4_4;partial=00;start_type=ATG;rbs_motif=AGGAG/GGAGG;rbs_spacer=11-12bp;gc,26.0
CAMBBS010000002.1_159,G,K,G,G,G,K,S,D,K,D,C,D,C,ID=2_159;partial=00;start_type=ATG;rbs_motif=AGGAG;rbs_spacer=5-10bp;gc_cont=0.557,ID=2_159;partial=00;start_type=ATG;rbs_motif=AGGAG;rbs_spacer=5-10bp;gc,26.0
NC_007643.1_1036,G,K,G,G,G,K,S,D,K,D,C,D,C,ID=1_1036;partial=00;start_type=ATG;rbs_motif=AGGA;rbs_spacer=5-10bp;gc_cont=0.619,ID=1_1036;partial=00;start_type=ATG;rbs_motif=AGGA;rbs_spacer=5-10bp;gc,26.0
NC_012108.1_971,G,K,G,G,G,K,S,D,K,D,C,D,C,ID=1_971;partial=00;start_type=ATG;rbs_motif=AGGA;rbs_spacer=5-10bp;gc_cont=0.489,ID=1_971;partial=00;start_type=ATG;rbs_motif=AGGA;rbs_spacer=5-10bp;gc,26.0
NC_013771.1_565,G,K,G,G,G,K,S,D,K,D,C,D,C,ID=1_565;partial=00;start_type=ATG;rbs_motif=AGGAG;rbs_spacer=5-10bp;gc_cont=0.402,ID=1_565;partial=00;start_type=ATG;rbs_motif=AGGAG;rbs_spacer=5-10bp;gc,26.0
NZ_AASE01000001.1_44,G,K,G,G,G,K,S,D,K,D,C,D,C,ID=47_44;partial=00;start_type=ATG;rbs_motif=None;rbs_spacer=None;gc_cont=0.492,ID=47_44;partial=00;start_type=ATG;rbs_motif=None;rbs_spacer=None;gc,26.0
NZ_KE124774.1_3718,G,K,G,G,G,K,S,D,K,D,C,D,C,ID=6_3718;partial=00;start_type=ATG;rbs_motif=AGGAG;rbs_spacer=5-10bp;gc_cont=0.608,ID=6_3718;partial=00;start_type=ATG;rbs_motif=AGGAG;rbs_spacer=5-10bp;gc,26.0
NC_019973.1_5727,G,K,G,G,G,K,S,D,K,D,C,D,C,ID=1_5727;partial=00;start_type=ATG;rbs_motif=AGGA;rbs_spacer=5-10bp;gc_cont=0.598,ID=1_5727;partial=00;start_type=ATG;rbs_motif=AGGA;rbs_spacer=5-10bp;gc,26.0
NZ_JH660636.1_132,G,K,G,G,G,K,S,D,K,D,C,D,C,ID=4_132;partial=00;start_type=ATG;rbs_motif=AGGA;rbs_spacer=5-10bp;gc_cont=0.629,ID=4_132;partial=00;start_type=ATG;rbs_motif=AGGA;rbs_spacer=5-10bp;gc,26.0
NZ_AEEC02000010.1_118,G,K,G,G,G,K,S,D,K,D,C,D,C,ID=84_118;partial=00;start_type=ATG;rbs_motif=AGGAG;rbs_spacer=5-10bp;gc_cont=0.613,ID=84_118;partial=00;start_type=ATG;rbs_motif=AGGAG;rbs_spacer=5-10bp;gc,26.0
NC_020409.1_2870,G,K,G,G,G,K,S,D,K,D,C,D,C,ID=1_2870;partial=00;start_type=ATG;rbs_motif=GGAGG;rbs_spacer=5-10bp;gc_cont=0.510,ID=1_2870;partial=00;start_type=ATG;rbs_motif=GGAGG;rbs_spacer=5-10bp;gc,26.0
NZ_KB900626.1_3665,G,K,G,G,G,K,S,D,K,D,C,D,C,ID=1_3665;partial=00;start_type=ATG;rbs_motif=AGGAG;rbs_spacer=5-10bp;gc_cont=0.628,ID=1_3665;partial=00;start_type=ATG;rbs_motif=AGGAG;rbs_spacer=5-10bp;gc,26.0
NZ_ATWV01000008.1_64,G,K,G,G,G,K,S,D,K,D,C,D,C,ID=8_64;partial=00;start_type=ATG;rbs_motif=AGGAG;rbs_spacer=5-10bp;gc_cont=0.458,ID=8_64;partial=00;start_type=ATG;rbs_motif=AGGAG;rbs_spacer=5-10bp;gc,26.0
NZ_AUFO01000017.1_22,G,K,G,G,G,K,S,D,K,D,C,D,C,ID=13_22;partial=00;start_type=ATG;rbs_motif=GGAGG;rbs_spacer=5-10bp;gc_cont=0.527,ID=13_22;partial=00;start_type=ATG;rbs_motif=GGAGG;rbs_spacer=5-10bp;gc,26.0
NZ_ASXP01000002.1_39,G,K,G,G,G,K,S,D,K,D,C,D,C,ID=2_39;partial=00;start_type=ATG;rbs_motif=AGGAGG;rbs_spacer=5-10bp;gc_cont=0.435,ID=2_39;partial=00;start_type=ATG;rbs_motif=AGGAGG;rbs_spacer=5-10bp;gc,26.0
NZ_AYWO01000056.1_6,G,K,G,G,G,K,S,D,K,D,C,D,C,ID=56_6;partial=00;start_type=ATG;rbs_motif=AGGA;rbs_spacer=5-10bp;gc_cont=0.620,ID=56_6;partial=00;start_type=ATG;rbs_motif=AGGA;rbs_spacer=5-10bp;gc,26.0
NZ_JAGE01000001.1_356,G,K,G,G,G,K,S,D,K,D,C,D,C,ID=1_356;partial=00;start_type=ATG;rbs_motif=GGAGG;rbs_spacer=5-10bp;gc_cont=0.421,ID=1_356;partial=00;start_type=ATG;rbs_motif=GGAGG;rbs_spacer=5-10bp;gc,26.0
NZ_JMIY01000001.1_759,G,K,G,G,G,K,S,D,K,D,C,D,C,ID=1_759;partial=00;start_type=ATG;rbs_motif=AGGAGG;rbs_spacer=3-4bp;gc_cont=0.504,ID=1_759;partial=00;start_type=ATG;rbs_motif=AGGAGG;rbs_spacer=3-4bp;gc,26.0
NZ_JPME01000012.1_39,G,K,G,G,G,K,S,D,K,D,C,D,C,ID=12_39;partial=00;start_type=ATG;rbs_motif=GGAG/GAGG;rbs_spacer=5-10bp;gc_cont=0.498,ID=12_39;partial=00;start_type=ATG;rbs_motif=GGAG/GAGG;rbs_spacer=5-10bp;gc,26.0
NZ_CP009268.1_1372,G,K,G,G,G,K,S,D,K,D,C,D,C,ID=1_1372;partial=00;start_type=ATG;rbs_motif=AGGAGG;rbs_spacer=5-10bp;gc_cont=0.364,ID=1_1372;partial=00;start_type=ATG;rbs_motif=AGGAGG;rbs_spacer=5-10bp;gc,26.0
NZ_CP009520.1_978,G,K,G,G,G,K,S,D,K,D,C,D,C,ID=1_978;partial=00;start_type=ATG;rbs_motif=AGGAG;rbs_spacer=5-10bp;gc_cont=0.465,ID=1_978;partial=00;start_type=ATG;rbs_motif=AGGAG;rbs_spacer=5-10bp;gc,26.0
NZ_LFLZ01000010.1_34,G,K,G,G,G,K,S,D,K,D,C,D,C,ID=10_34;partial=00;start_type=ATG;rbs_motif=GGAG/GAGG;rbs_spacer=5-10bp;gc_cont=0.579,ID=10_34;partial=00;start_type=ATG;rbs_motif=GGAG/GAGG;rbs_spacer=5-10bp;gc,26.0
NZ_LLYB01000119.1_19,G,K,G,G,G,K,S,D,K,D,C,D,C,ID=119_19;partial=00;start_type=ATG;rbs_motif=GGAG/GAGG;rbs_spacer=5-10bp;gc_cont=0.605,ID=119_19;partial=00;start_type=ATG;rbs_motif=GGAG/GAGG;rbs_spacer=5-10bp;gc,26.0
NZ_LSGP01000001.1_112,G,K,G,G,G,K,S,D,K,D,C,D,C,ID=1_112;partial=00;start_type=ATG;rbs_motif=AGxAGG/AGGxGG;rbs_spacer=5-10bp;gc_cont=0.425,ID=1_112;partial=00;start_type=ATG;rbs_motif=AGxAGG/AGGxGG;rbs_spacer=5-10bp;gc,26.0
NZ_LXYE02000053.1_76,G,K,G,G,G,K,S,D,K,D,C,D,C,ID=49_76;partial=00;start_type=ATG;rbs_motif=AAAAT;rbs_spacer=9bp;gc_cont=0.378,ID=49_76;partial=00;start_type=ATG;rbs_motif=AAAAT;rbs_spacer=9bp;gc,26.0
NZ_MABH01000172.1_11,G,K,G,G,G,K,S,D,K,D,C,D,C,ID=172_11;partial=00;start_type=ATG;rbs_motif=AGGA;rbs_spacer=5-10bp;gc_cont=0.637,ID=172_11;partial=00;start_type=ATG;rbs_motif=AGGA;rbs_spacer=5-10bp;gc,26.0
NZ_LGHM01000016.1_10,G,K,G,G,G,K,S,D,K,D,C,D,C,ID=68_10;partial=00;start_type=ATG;rbs_motif=GGAG/GAGG;rbs_spacer=5-10bp;gc_cont=0.583,ID=68_10;partial=00;start_type=ATG;rbs_motif=GGAG/GAGG;rbs_spacer=5-10bp;gc,26.0
NZ_LWIG01000056.1_61,G,K,G,G,G,K,S,D,K,D,C,D,C,ID=56_61;partial=00;start_type=ATG;rbs_motif=GGAG/GAGG;rbs_spacer=5-10bp;gc_cont=0.566,ID=56_61;partial=00;start_type=ATG;rbs_motif=GGAG/GAGG;rbs_spacer=5-10bp;gc,26.0
NZ_NOLJ01000009.1_278,G,R,G,G,G,K,S,D,K,D,C,D,C,ID=30_278;partial=00;start_type=ATG;rbs_motif=GGAG/GAGG;rbs_spacer=5-10bp;gc_cont=0.464,ID=30_278;partial=00;start_type=ATG;rbs_motif=GGAG/GAGG;rbs_spacer=5-10bp;gc,25.0
NZ_AP018207.1_6303,G,K,G,G,G,K,S,D,K,D,C,D,C,ID=1_6303;partial=00;start_type=ATG;rbs_motif=AGGAG;rbs_spacer=5-10bp;gc_cont=0.477,ID=1_6303;partial=00;start_type=ATG;rbs_motif=AGGAG;rbs_spacer=5-10bp;gc,26.0
NZ_CP024955.1_1592,G,K,G,G,G,K,S,D,K,D,C,D,C,ID=1_1592;partial=00;start_type=ATG;rbs_motif=AGGAG;rbs_spacer=5-10bp;gc_cont=0.577,ID=1_1592;partial=00;start_type=ATG;rbs_motif=AGGAG;rbs_spacer=5-10bp;gc,26.0
NZ_PTIY01000019.1_18,G,K,G,G,G,K,S,D,K,D,C,D,C,ID=19_18;partial=00;start_type=ATG;rbs_motif=AGGAG;rbs_spacer=5-10bp;gc_cont=0.475,ID=19_18;partial=00;start_type=ATG;rbs_motif=AGGAG;rbs_spacer=5-10bp;gc,26.0
NZ_QAYC01000001.1_256,G,K,G,G,G,K,S,D,K,D,C,D,C,ID=1_256;partial=00;start_type=ATG;rbs_motif=AGGA;rbs_spacer=5-10bp;gc_cont=0.628,ID=1_256;partial=00;start_type=ATG;rbs_motif=AGGA;rbs_spacer=5-10bp;gc,26.0
NZ_PDNZ01000007.1_87,G,K,G,G,G,K,S,D,K,D,C,D,C,ID=17_87;partial=00;start_type=ATG;rbs_motif=None;rbs_spacer=None;gc_cont=0.510,ID=17_87;partial=00;start_type=ATG;rbs_motif=None;rbs_spacer=None;gc,26.0
NZ_PSYR01000002.1_1293,G,K,G,G,G,K,S,D,K,D,C,D,C,ID=2_1293;partial=00;start_type=ATG;rbs_motif=AGGAG;rbs_spacer=5-10bp;gc_cont=0.616,ID=2_1293;partial=00;start_type=ATG;rbs_motif=AGGAG;rbs_spacer=5-10bp;gc,26.0
NZ_QZWZ01000047.1_20,G,K,G,G,G,K,S,D,K,D,C,D,C,ID=232_20;partial=00;start_type=ATG;rbs_motif=AGGA;rbs_spacer=5-10bp;gc_cont=0.603,ID=232_20;partial=00;start_type=ATG;rbs_motif=AGGA;rbs_spacer=5-10bp;gc,26.0
NZ_RQIH01000054.1_1,G,K,G,G,G,K,S,D,K,D,C,D,C,ID=49_1;partial=00;start_type=ATG;rbs_motif=AGGA;rbs_spacer=5-10bp;gc_cont=0.600,ID=49_1;partial=00;start_type=ATG;rbs_motif=AGGA;rbs_spacer=5-10bp;gc,26.0
NZ_RZQL01000165.1_11,G,K,G,G,G,K,S,D,K,D,C,D,C,ID=71_11;partial=00;start_type=ATG;rbs_motif=AGGA;rbs_spacer=5-10bp;gc_cont=0.598,ID=71_11;partial=00;start_type=ATG;rbs_motif=AGGA;rbs_spacer=5-10bp;gc,26.0
NZ_SDVB01000191.1_139,G,K,G,G,G,K,S,D,K,D,C,D,C,ID=383_139;partial=00;start_type=ATG;rbs_motif=AGGA;rbs_spacer=5-10bp;gc_cont=0.617,ID=383_139;partial=00;start_type=ATG;rbs_motif=AGGA;rbs_spacer=5-10bp;gc,26.0
NZ_SMAL01000003.1_12,G,K,G,G,G,K,S,D,K,D,C,D,C,ID=3_12;partial=00;start_type=ATG;rbs_motif=AGGA;rbs_spacer=5-10bp;gc_cont=0.353,ID=3_12;partial=00;start_type=ATG;rbs_motif=AGGA;rbs_spacer=5-10bp;gc,26.0
NZ_SPQQ01000001.1_445,G,K,G,G,G,K,S,D,K,D,C,D,C,ID=11_445;partial=00;start_type=ATG;rbs_motif=AGGAG;rbs_spacer=5-10bp;gc_cont=0.464,ID=11_445;partial=00;start_type=ATG;rbs_motif=AGGAG;rbs_spacer=5-10bp;gc,26.0
NZ_CP034036.1_1924,G,K,G,G,G,K,S,D,K,D,C,D,C,ID=1_1924;partial=00;start_type=ATG;rbs_motif=GGAG/GAGG;rbs_spacer=5-10bp;gc_cont=0.577,ID=1_1924;partial=00;start_type=ATG;rbs_motif=GGAG/GAGG;rbs_spacer=5-10bp;gc,26.0
NZ_VJZF01000003.1_1161,G,K,G,G,G,K,S,D,K,D,C,D,C,ID=2_1161;partial=00;start_type=ATG;rbs_motif=GGAG/GAGG;rbs_spacer=5-10bp;gc_cont=0.624,ID=2_1161;partial=00;start_type=ATG;rbs_motif=GGAG/GAGG;rbs_spacer=5-10bp;gc,26.0
NZ_VITY01000016.1_136,G,K,G,G,G,K,S,D,K,D,C,D,C,ID=16_136;partial=00;start_type=ATG;rbs_motif=GGAG/GAGG;rbs_spacer=5-10bp;gc_cont=0.599,ID=16_136;partial=00;start_type=ATG;rbs_motif=GGAG/GAGG;rbs_spacer=5-10bp;gc,26.0
NZ_VZQZ01000001.1_284,G,K,G,G,G,K,S,D,K,D,C,D,C,ID=1_284;partial=00;start_type=ATG;rbs_motif=AGGAG;rbs_spacer=5-10bp;gc_cont=0.593,ID=1_284;partial=00;start_type=ATG;rbs_motif=AGGAG;rbs_spacer=5-10bp;gc,26.0
NZ_JAABNP010000002.1_176,G,K,G,G,G,K,S,D,K,D,C,D,C,ID=48_176;partial=00;start_type=ATG;rbs_motif=AGGAGG;rbs_spacer=5-10bp;gc_cont=0.328,ID=48_176;partial=00;start_type=ATG;rbs_motif=AGGAGG;rbs_spacer=5-10bp;gc,26.0
NZ_CP024770.1_442,G,K,G,G,G,K,S,D,K,D,C,D,C,ID=3_442;partial=00;start_type=ATG;rbs_motif=AGGAG;rbs_spacer=5-10bp;gc_cont=0.556,ID=3_442;partial=00;start_type=ATG;rbs_motif=AGGAG;rbs_spacer=5-10bp;gc,26.0
NZ_JABBGA010000006.1_82,G,K,G,G,G,K,S,D,K,D,C,D,C,ID=56_82;partial=00;start_type=ATG;rbs_motif=AGGAG;rbs_spacer=5-10bp;gc_cont=0.611,ID=56_82;partial=00;start_type=ATG;rbs_motif=AGGAG;rbs_spacer=5-10bp;gc,26.0
NZ_WHOS01000016.1_110,G,K,G,G,G,K,S,D,K,D,C,D,C,ID=63_110;partial=00;start_type=ATG;rbs_motif=AGGAG;rbs_spacer=5-10bp;gc_cont=0.648,ID=63_110;partial=00;start_type=ATG;rbs_motif=AGGAG;rbs_spacer=5-10bp;gc,26.0
NZ_BLXX01000006.1_51,G,K,G,G,G,K,S,D,K,D,C,D,C,ID=6_51;partial=00;start_type=ATG;rbs_motif=AGGAG;rbs_spacer=5-10bp;gc_cont=0.615,ID=6_51;partial=00;start_type=ATG;rbs_motif=AGGAG;rbs_spacer=5-10bp;gc,26.0
NZ_JACHVA010000022.1_31,G,K,G,G,G,K,S,D,K,D,C,D,C,ID=24_31;partial=00;start_type=ATG;rbs_motif=None;rbs_spacer=None;gc_cont=0.570,ID=24_31;partial=00;start_type=ATG;rbs_motif=None;rbs_spacer=None;gc,26.0
NZ_JACJSB010000004.1_23,G,K,G,G,G,K,S,D,K,D,C,D,C,ID=34_23;partial=00;start_type=ATG;rbs_motif=AGGA/GGAG/GAGG;rbs_spacer=11-12bp;gc_cont=0.467,ID=34_23;partial=00;start_type=ATG;rbs_motif=AGGA/GGAG/GAGG;rbs_spacer=11-12bp;gc,26.0
NZ_CP030038.1_6774,G,K,G,G,G,K,S,D,K,D,C,D,C,ID=1_6774;partial=00;start_type=ATG;rbs_motif=GGAG/GAGG;rbs_spacer=5-10bp;gc_cont=0.574,ID=1_6774;partial=00;start_type=ATG;rbs_motif=GGAG/GAGG;rbs_spacer=5-10bp;gc,26.0
NZ_JAEMHL010000003.1_487,G,K,G,G,G,K,S,D,K,D,C,D,C,ID=33_487;partial=00;start_type=ATG;rbs_motif=AGGAG;rbs_spacer=5-10bp;gc_cont=0.633,ID=33_487;partial=00;start_type=ATG;rbs_motif=AGGAG;rbs_spacer=5-10bp;gc,26.0
NZ_JAERVJ010000007.1_21,G,K,G,G,G,K,S,D,K,D,C,D,C,ID=19_21;partial=00;start_type=ATG;rbs_motif=AGGAG;rbs_spacer=5-10bp;gc_cont=0.632,ID=19_21;partial=00;start_type=ATG;rbs_motif=AGGAG;rbs_spacer=5-10bp;gc,26.0
NZ_JAFLRH010000019.1_154,G,K,G,G,G,K,S,D,K,D,C,D,C,ID=5_154;partial=00;start_type=ATG;rbs_motif=AGGAG;rbs_spacer=5-10bp;gc_cont=0.496,ID=5_154;partial=00;start_type=ATG;rbs_motif=AGGAG;rbs_spacer=5-10bp;gc,26.0
NZ_JAGINM010000011.1_49,G,K,G,G,G,K,S,D,K,D,C,D,C,ID=11_49;partial=00;start_type=ATG;rbs_motif=AGGAG;rbs_spacer=5-10bp;gc_cont=0.662,ID=11_49;partial=00;start_type=ATG;rbs_motif=AGGAG;rbs_spacer=5-10bp;gc,26.0
NZ_JAHBCL010000006.1_98,G,K,G,G,G,K,S,D,K,D,C,D,C,ID=66_98;partial=00;start_type=ATG;rbs_motif=AGGAGG;rbs_spacer=5-10bp;gc_cont=0.451,ID=66_98;partial=00;start_type=ATG;rbs_motif=AGGAGG;rbs_spacer=5-10bp;gc,26.0
NZ_JAHLDU010000006.1_178,G,K,G,G,G,K,S,D,K,D,C,D,C,ID=6_178;partial=00;start_type=ATG;rbs_motif=AGGAGG;rbs_spacer=5-10bp;gc_cont=0.359,ID=6_178;partial=00;start_type=ATG;rbs_motif=AGGAGG;rbs_spacer=5-10bp;gc,26.0
NZ_JAINDZ010000002.1_58,G,K,G,G,G,K,S,D,K,D,C,D,C,ID=85_58;partial=00;start_type=ATG;rbs_motif=AGGAG;rbs_spacer=5-10bp;gc_cont=0.628,ID=85_58;partial=00;start_type=ATG;rbs_motif=AGGAG;rbs_spacer=5-10bp;gc,26.0
NZ_JAIZZK010000011.1_66,G,K,G,G,G,K,S,D,K,D,C,D,C,ID=11_66;partial=00;start_type=ATG;rbs_motif=AGGAGG;rbs_spacer=5-10bp;gc_cont=0.359,ID=11_66;partial=00;start_type=ATG;rbs_motif=AGGAGG;rbs_spacer=5-10bp;gc,26.0
NZ_CP088081.1_710,G,K,G,G,G,K,S,D,K,D,C,D,C,ID=1_710;partial=00;start_type=ATG;rbs_motif=GGAG/GAGG;rbs_spacer=5-10bp;gc_cont=0.652,ID=1_710;partial=00;start_type=ATG;rbs_motif=GGAG/GAGG;rbs_spacer=5-10bp;gc,26.0
NZ_CP091800.1_209,G,K,G,G,G,K,S,D,K,D,C,D,C,ID=2_209;partial=00;start_type=ATG;rbs_motif=AAAA;rbs_spacer=14bp;gc_cont=0.437,ID=2_209;partial=00;start_type=ATG;rbs_motif=AAAA;rbs_spacer=14bp;gc,26.0
NZ_JAKZFS010000001.1_134,G,K,G,G,G,K,S,D,K,D,C,D,C,ID=1_134;partial=00;start_type=ATG;rbs_motif=GGAGG;rbs_spacer=5-10bp;gc_cont=0.632,ID=1_134;partial=00;start_type=ATG;rbs_motif=GGAGG;rbs_spacer=5-10bp;gc,26.0
NZ_JALPRX010000046.1_48,G,K,G,G,G,K,S,D,K,D,C,D,C,ID=250_48;partial=00;start_type=ATG;rbs_motif=GGAG/GAGG;rbs_spacer=5-10bp;gc_cont=0.660,ID=250_48;partial=00;start_type=ATG;rbs_motif=GGAG/GAGG;rbs_spacer=5-10bp;gc,26.0
NZ_CP100351.1_848,G,K,G,G,G,K,S,D,K,D,C,D,C,ID=1_848;partial=00;start_type=ATG;rbs_motif=AGGAG;rbs_spacer=5-10bp;gc_cont=0.566,ID=1_848;partial=00;start_type=ATG;rbs_motif=AGGAG;rbs_spacer=5-10bp;gc,26.0
NZ_LN889813.1_38,G,K,G,G,G,K,S,D,K,D,C,D,C,ID=57_38;partial=00;start_type=ATG;rbs_motif=GGA/GAG/AGG;rbs_spacer=5-10bp;gc_cont=0.479,ID=57_38;partial=00;start_type=ATG;rbs_motif=GGA/GAG/AGG;rbs_spacer=5-10bp;gc,26.0
NZ_FNBG01000009.1_102,G,K,G,G,G,K,S,D,K,D,C,D,C,ID=40_102;partial=00;start_type=ATG;rbs_motif=GGAGG;rbs_spacer=5-10bp;gc_cont=0.463,ID=40_102;partial=00;start_type=ATG;rbs_motif=GGAGG;rbs_spacer=5-10bp;gc,26.0
NZ_FNZM01000033.1_41,G,K,G,G,G,K,S,D,K,D,C,D,C,ID=9_41;partial=00;start_type=ATG;rbs_motif=GGAG/GAGG;rbs_spacer=5-10bp;gc_cont=0.620,ID=9_41;partial=00;start_type=ATG;rbs_motif=GGAG/GAGG;rbs_spacer=5-10bp;gc,26.0
NZ_FOSN01000001.1_307,G,K,G,G,G,K,S,D,K,D,C,D,C,ID=46_307;partial=00;start_type=ATG;rbs_motif=AGGAG;rbs_spacer=5-10bp;gc_cont=0.609,ID=46_307;partial=00;start_type=ATG;rbs_motif=AGGAG;rbs_spacer=5-10bp;gc,26.0
NZ_FQXV01000005.1_191,G,K,G,G,G,K,S,D,K,D,C,D,C,ID=34_191;partial=00;start_type=ATG;rbs_motif=GGAGG;rbs_spacer=5-10bp;gc_cont=0.574,ID=34_191;partial=00;start_type=ATG;rbs_motif=GGAGG;rbs_spacer=5-10bp;gc,26.0
NZ_FTOA01000001.1_301,G,K,G,G,G,K,S,D,K,D,C,D,C,ID=4_301;partial=00;start_type=ATG;rbs_motif=AGGAG;rbs_spacer=5-10bp;gc_cont=0.599,ID=4_301;partial=00;start_type=ATG;rbs_motif=AGGAG;rbs_spacer=5-10bp;gc,26.0
NZ_FYDE01000004.1_709,G,K,G,G,G,K,S,D,K,D,C,D,C,ID=1_709;partial=00;start_type=ATG;rbs_motif=GGAGG;rbs_spacer=5-10bp;gc_cont=0.548,ID=1_709;partial=00;start_type=ATG;rbs_motif=GGAGG;rbs_spacer=5-10bp;gc,26.0
NZ_UPPP01000074.1_60,G,K,G,G,G,K,S,D,K,D,C,D,C,ID=120_60;partial=00;start_type=ATG;rbs_motif=AGGAGG;rbs_spacer=5-10bp;gc_cont=0.519,ID=120_60;partial=00;start_type=ATG;rbs_motif=AGGAGG;rbs_spacer=5-10bp;gc,26.0
NZ_CAKKNB010000001.1_1432,G,K,G,G,G,K,S,D,K,D,C,D,C,ID=1_1432;partial=00;start_type=ATG;rbs_motif=GGAG/GAGG;rbs_spacer=5-10bp;gc_cont=0.612,ID=1_1432;partial=00;start_type=ATG;rbs_motif=GGAG/GAGG;rbs_spacer=5-10bp;gc,26.0
QKAR01000043.1_14,G,K,G,G,G,K,S,D,K,D,C,D,C,ID=85_14;partial=00;start_type=ATG;rbs_motif=GGAGG;rbs_spacer=5-10bp;gc_cont=0.576,ID=85_14;partial=00;start_type=ATG;rbs_motif=GGAGG;rbs_spacer=5-10bp;gc,26.0
JAIMKR010000007.1_126,G,K,G,G,G,K,S,D,K,D,C,D,C,ID=7_126;partial=00;start_type=ATG;rbs_motif=AGGAG;rbs_spacer=5-10bp;gc_cont=0.630,ID=7_126;partial=00;start_type=ATG;rbs_motif=AGGAG;rbs_spacer=5-10bp;gc,26.0
JAEYKI010000006.1_109,G,K,G,G,G,K,S,D,K,D,C,D,C,ID=1_109;partial=00;start_type=ATG;rbs_motif=AGGAGG;rbs_spacer=5-10bp;gc_cont=0.517,ID=1_109;partial=00;start_type=ATG;rbs_motif=AGGAGG;rbs_spacer=5-10bp;gc,26.0
CAIMPI010000031.1_87,G,K,G,G,G,K,S,D,K,D,C,D,C,ID=31_87;partial=00;start_type=ATG;rbs_motif=None;rbs_spacer=None;gc_cont=0.471,ID=31_87;partial=00;start_type=ATG;rbs_motif=None;rbs_spacer=None;gc,26.0
NZ_AEEA01000019.1_78,G,K,G,G,G,K,S,D,K,D,C,D,C,ID=174_78;partial=00;start_type=ATG;rbs_motif=AGGAG;rbs_spacer=5-10bp;gc_cont=0.530,ID=174_78;partial=00;start_type=ATG;rbs_motif=AGGAG;rbs_spacer=5-10bp;gc,26.0
NZ_CP012946.1_2848,G,K,G,G,G,K,S,D,K,D,C,D,C,ID=1_2848;partial=00;start_type=ATG;rbs_motif=GGA/GAG/AGG;rbs_spacer=5-10bp;gc_cont=0.612,ID=1_2848;partial=00;start_type=ATG;rbs_motif=GGA/GAG/AGG;rbs_spacer=5-10bp;gc,26.0
NZ_AP018449.1_650,G,K,G,G,G,K,S,D,K,D,C,D,C,ID=1_650;partial=00;start_type=ATG;rbs_motif=AGGAG;rbs_spacer=5-10bp;gc_cont=0.510,ID=1_650;partial=00;start_type=ATG;rbs_motif=AGGAG;rbs_spacer=5-10bp;gc,26.0
NZ_JACHGO010000001.1_30,G,K,G,G,G,K,S,D,K,D,C,D,C,ID=1_30;partial=00;start_type=ATG;rbs_motif=AGGAG;rbs_spacer=5-10bp;gc_cont=0.553,ID=1_30;partial=00;start_type=ATG;rbs_motif=AGGAG;rbs_spacer=5-10bp;gc,26.0
NZ_FNHB01000004.1_32,G,K,G,G,G,K,S,D,K,D,C,D,C,ID=9_32;partial=00;start_type=ATG;rbs_motif=GGA/GAG/AGG;rbs_spacer=11-12bp;gc_cont=0.471,ID=9_32;partial=00;start_type=ATG;rbs_motif=GGA/GAG/AGG;rbs_spacer=11-12bp;gc,26.0
DAGC01000013.1_93,G,K,G,G,G,K,S,D,K,D,C,D,C,ID=9_93;partial=00;start_type=ATG;rbs_motif=GGA/GAG/AGG;rbs_spacer=5-10bp;gc_cont=0.449,ID=9_93;partial=00;start_type=ATG;rbs_motif=GGA/GAG/AGG;rbs_spacer=5-10bp;gc,26.0
NZ_CCDG010000021.1_226,G,K,G,G,G,K,S,D,K,D,C,D,C,ID=21_226;partial=00;start_type=ATG;rbs_motif=AGGAG;rbs_spacer=5-10bp;gc_cont=0.535,ID=21_226;partial=00;start_type=ATG;rbs_motif=AGGAG;rbs_spacer=5-10bp;gc,26.0
JAHHHC010000005.1_41,G,K,G,G,G,K,S,D,K,D,C,D,C,ID=52_41;partial=00;start_type=ATG;rbs_motif=AGGA/GGAG/GAGG;rbs_spacer=11-12bp;gc_cont=0.487,ID=52_41;partial=00;start_type=ATG;rbs_motif=AGGA/GGAG/GAGG;rbs_spacer=11-12bp;gc,26.0
NZ_FNWO01000012.1_7,G,K,G,G,G,K,S,D,K,D,C,D,C,ID=25_7;partial=00;start_type=ATG;rbs_motif=AGGA;rbs_spacer=5-10bp;gc_cont=0.613,ID=25_7;partial=00;start_type=ATG;rbs_motif=AGGA;rbs_spacer=5-10bp;gc,26.0
KB911066.1_386,G,K,G,G,G,K,S,D,K,D,C,D,C,ID=1_386;partial=00;start_type=ATG;rbs_motif=AGGAG;rbs_spacer=5-10bp;gc_cont=0.558,ID=1_386;partial=00;start_type=ATG;rbs_motif=AGGAG;rbs_spacer=5-10bp;gc,26.0
CCNB01000015.1_36,G,K,G,G,G,K,S,D,K,D,C,D,C,ID=15_36;partial=00;start_type=ATG;rbs_motif=AGGA;rbs_spacer=5-10bp;gc_cont=0.604,ID=15_36;partial=00;start_type=ATG;rbs_motif=AGGA;rbs_spacer=5-10bp;gc,26.0
LGFT01000081.1_1,G,K,G,G,G,K,S,D,K,D,C,D,C,ID=55_1;partial=00;start_type=ATG;rbs_motif=GGA/GAG/AGG;rbs_spacer=5-10bp;gc_cont=0.483,ID=55_1;partial=00;start_type=ATG;rbs_motif=GGA/GAG/AGG;rbs_spacer=5-10bp;gc,26.0
LVKA01000021.1_2,G,K,G,G,G,K,S,D,K,D,C,D,C,ID=21_2;partial=00;start_type=ATG;rbs_motif=AGGAG;rbs_spacer=5-10bp;gc_cont=0.495,ID=21_2;partial=00;start_type=ATG;rbs_motif=AGGAG;rbs_spacer=5-10bp;gc,26.0
MHEK01000009.1_2,G,K,G,G,G,K,S,D,K,D,C,D,C,ID=9_2;partial=00;start_type=ATG;rbs_motif=AGGAGG;rbs_spacer=5-10bp;gc_cont=0.638,ID=9_2;partial=00;start_type=ATG;rbs_motif=AGGAGG;rbs_spacer=5-10bp;gc,26.0
MVRL01000089.1_8,G,K,G,G,G,K,S,D,K,D,C,D,C,ID=89_8;partial=00;start_type=ATG;rbs_motif=GGA/GAG/AGG;rbs_spacer=5-10bp;gc_cont=0.556,ID=89_8;partial=00;start_type=ATG;rbs_motif=GGA/GAG/AGG;rbs_spacer=5-10bp;gc,26.0
NEUU01000012.1_19,G,K,G,G,G,K,S,D,K,D,C,D,C,ID=4_19;partial=00;start_type=ATG;rbs_motif=None;rbs_spacer=None;gc_cont=0.586,ID=4_19;partial=00;start_type=ATG;rbs_motif=None;rbs_spacer=None;gc,26.0
DDLS01000181.1_16,G,K,G,G,G,K,S,D,K,D,C,D,C,ID=99_16;partial=00;start_type=ATG;rbs_motif=AGGAGG;rbs_spacer=5-10bp;gc_cont=0.453,ID=99_16;partial=00;start_type=ATG;rbs_motif=AGGAGG;rbs_spacer=5-10bp;gc,26.0
DFJD01000024.1_8,G,K,G,G,G,K,S,D,K,D,C,D,C,ID=12_8;partial=00;start_type=ATG;rbs_motif=AGGA;rbs_spacer=5-10bp;gc_cont=0.452,ID=12_8;partial=00;start_type=ATG;rbs_motif=AGGA;rbs_spacer=5-10bp;gc,26.0
DHIM01000108.1_2,G,K,G,G,G,K,S,D,K,D,C,D,C,ID=9_2;partial=00;start_type=ATG;rbs_motif=AGGAGG;rbs_spacer=5-10bp;gc_cont=0.370,ID=9_2;partial=00;start_type=ATG;rbs_motif=AGGAGG;rbs_spacer=5-10bp;gc,26.0
DIWE01000032.1_42,G,K,G,G,G,K,S,D,K,D,C,D,C,ID=30_42;partial=00;start_type=ATG;rbs_motif=GGAGG;rbs_spacer=5-10bp;gc_cont=0.589,ID=30_42;partial=00;start_type=ATG;rbs_motif=GGAGG;rbs_spacer=5-10bp;gc,26.0
DKQK01000029.1_122,G,K,G,G,G,K,S,D,K,D,C,D,C,ID=32_122;partial=00;start_type=ATG;rbs_motif=AGGAG;rbs_spacer=5-10bp;gc_cont=0.507,ID=32_122;partial=00;start_type=ATG;rbs_motif=AGGAG;rbs_spacer=5-10bp;gc,26.0
NVXR01000005.1_140,G,K,G,G,G,K,S,D,K,D,C,D,C,ID=6_140;partial=00;start_type=ATG;rbs_motif=AGGAG;rbs_spacer=5-10bp;gc_cont=0.484,ID=6_140;partial=00;start_type=ATG;rbs_motif=AGGAG;rbs_spacer=5-10bp;gc,26.0
PGZV01000004.1_88,G,K,G,G,G,K,S,D,K,D,C,D,C,ID=14_88;partial=00;start_type=ATG;rbs_motif=GGA/GAG/AGG;rbs_spacer=5-10bp;gc_cont=0.404,ID=14_88;partial=00;start_type=ATG;rbs_motif=GGA/GAG/AGG;rbs_spacer=5-10bp;gc,26.0
PKUE01000007.1_73,G,K,G,G,G,K,S,D,K,D,C,D,C,ID=19_73;partial=00;start_type=ATG;rbs_motif=GGA/GAG/AGG;rbs_spacer=5-10bp;gc_cont=0.496,ID=19_73;partial=00;start_type=ATG;rbs_motif=GGA/GAG/AGG;rbs_spacer=5-10bp;gc,26.0
PLAY01000022.1_18,G,K,G,G,G,K,S,D,K,D,C,D,C,ID=85_18;partial=00;start_type=ATG;rbs_motif=None;rbs_spacer=None;gc_cont=0.579,ID=85_18;partial=00;start_type=ATG;rbs_motif=None;rbs_spacer=None;gc,26.0
PMJN01000498.1_27,G,K,G,G,G,K,S,D,K,D,C,D,C,ID=296_27;partial=00;start_type=ATG;rbs_motif=AGGAG;rbs_spacer=5-10bp;gc_cont=0.640,ID=296_27;partial=00;start_type=ATG;rbs_motif=AGGAG;rbs_spacer=5-10bp;gc,26.0
PQXF01000004.1_158,G,K,G,G,G,K,S,D,K,D,C,D,C,ID=114_158;partial=00;start_type=ATG;rbs_motif=GGAGG;rbs_spacer=5-10bp;gc_cont=0.538,ID=114_158;partial=00;start_type=ATG;rbs_motif=GGAGG;rbs_spacer=5-10bp;gc,26.0
QKAW01000031.1_15,G,K,G,G,G,K,S,D,K,D,C,D,C,ID=56_15;partial=00;start_type=ATG;rbs_motif=GGAG/GAGG;rbs_spacer=5-10bp;gc_cont=0.376,ID=56_15;partial=00;start_type=ATG;rbs_motif=GGAG/GAGG;rbs_spacer=5-10bp;gc,26.0
DMAW01000080.1_5,G,K,G,G,G,K,S,D,K,D,C,D,C,ID=89_5;partial=00;start_type=ATG;rbs_motif=AGGAGG;rbs_spacer=5-10bp;gc_cont=0.400,ID=89_5;partial=00;start_type=ATG;rbs_motif=AGGAGG;rbs_spacer=5-10bp;gc,26.0
PJFB01000002.1_339,G,K,G,G,G,K,S,D,K,D,C,D,C,ID=12_339;partial=00;start_type=ATG;rbs_motif=AGGAG;rbs_spacer=5-10bp;gc_cont=0.551,ID=12_339;partial=00;start_type=ATG;rbs_motif=AGGAG;rbs_spacer=5-10bp;gc,26.0
RXJC01000276.1_16,G,K,G,G,G,K,S,D,K,D,C,D,C,ID=599_16;partial=00;start_type=ATG;rbs_motif=GGAG/GAGG;rbs_spacer=5-10bp;gc_cont=0.621,ID=599_16;partial=00;start_type=ATG;rbs_motif=GGAG/GAGG;rbs_spacer=5-10bp;gc,26.0
RDXE01000055.1_43,G,K,G,G,G,K,S,D,K,D,C,D,C,ID=68_43;partial=00;start_type=ATG;rbs_motif=GGAG/GAGG;rbs_spacer=5-10bp;gc_cont=0.608,ID=68_43;partial=00;start_type=ATG;rbs_motif=GGAG/GAGG;rbs_spacer=5-10bp;gc,26.0
SUGL01000022.1_65,G,K,G,G,G,K,S,D,K,D,C,D,C,ID=144_65;partial=00;start_type=ATG;rbs_motif=AGGA;rbs_spacer=5-10bp;gc_cont=0.597,ID=144_65;partial=00;start_type=ATG;rbs_motif=AGGA;rbs_spacer=5-10bp;gc,26.0
SLCP01000177.1_20,G,K,G,G,G,K,S,D,K,D,C,D,C,ID=146_20;partial=00;start_type=ATG;rbs_motif=AGGAGG;rbs_spacer=5-10bp;gc_cont=0.644,ID=146_20;partial=00;start_type=ATG;rbs_motif=AGGAGG;rbs_spacer=5-10bp;gc,26.0
VIKI01000182.1_2,G,K,G,G,G,K,S,D,K,D,C,D,C,ID=183_2;partial=00;start_type=ATG;rbs_motif=GGAG/GAGG;rbs_spacer=5-10bp;gc_cont=0.555,ID=183_2;partial=00;start_type=ATG;rbs_motif=GGAG/GAGG;rbs_spacer=5-10bp;gc,26.0
WOUP01000008.1_46,G,K,G,G,G,K,S,D,K,D,C,D,C,ID=37_46;partial=00;start_type=ATG;rbs_motif=None;rbs_spacer=None;gc_cont=0.607,ID=37_46;partial=00;start_type=ATG;rbs_motif=None;rbs_spacer=None;gc,26.0
DRDE01000204.1_8,G,K,G,G,G,K,S,D,K,D,C,D,C,ID=204_8;partial=00;start_type=ATG;rbs_motif=AGGAG;rbs_spacer=5-10bp;gc_cont=0.480,ID=204_8;partial=00;start_type=ATG;rbs_motif=AGGAG;rbs_spacer=5-10bp;gc,26.0
WOZN01000126.1_2,G,K,G,G,G,K,S,D,K,D,C,D,C,ID=245_2;partial=00;start_type=ATG;rbs_motif=GGAG/GAGG;rbs_spacer=5-10bp;gc_cont=0.622,ID=245_2;partial=00;start_type=ATG;rbs_motif=GGAG/GAGG;rbs_spacer=5-10bp;gc,26.0
JAAYVM010000153.1_7,G,K,G,G,G,K,S,D,K,D,C,D,C,ID=60_7;partial=00;start_type=ATG;rbs_motif=GGAGG;rbs_spacer=5-10bp;gc_cont=0.443,ID=60_7;partial=00;start_type=ATG;rbs_motif=GGAGG;rbs_spacer=5-10bp;gc,26.0
JABEVD010000195.1_8,G,K,G,G,G,K,S,D,K,D,C,D,C,ID=51_8;partial=00;start_type=ATG;rbs_motif=AGGAG;rbs_spacer=5-10bp;gc_cont=0.593,ID=51_8;partial=00;start_type=ATG;rbs_motif=AGGAG;rbs_spacer=5-10bp;gc,26.0
JABLXE010000022.1_16,G,K,G,G,G,K,S,D,K,D,C,D,C,ID=15_16;partial=00;start_type=ATG;rbs_motif=GGA/GAG/AGG;rbs_spacer=5-10bp;gc_cont=0.577,ID=15_16;partial=00;start_type=ATG;rbs_motif=GGA/GAG/AGG;rbs_spacer=5-10bp;gc,26.0
JAAXWS010000004.1_90,G,K,G,G,G,K,S,D,K,D,C,D,C,ID=30_90;partial=00;start_type=ATG;rbs_motif=None;rbs_spacer=None;gc_cont=0.596,ID=30_90;partial=00;start_type=ATG;rbs_motif=None;rbs_spacer=None;gc,26.0
JACATZ010000003.1_1637,G,K,G,G,G,K,S,D,K,D,C,D,C,ID=16_1637;partial=00;start_type=GTG;rbs_motif=GGAGG;rbs_spacer=5-10bp;gc_cont=0.499,ID=16_1637;partial=00;start_type=GTG;rbs_motif=GGAGG;rbs_spacer=5-10bp;gc,26.0
JAAXOC010000088.1_32,G,K,G,G,G,K,S,D,K,D,C,D,C,ID=3_32;partial=00;start_type=ATG;rbs_motif=GGAG/GAGG;rbs_spacer=5-10bp;gc_cont=0.519,ID=3_32;partial=00;start_type=ATG;rbs_motif=GGAG/GAGG;rbs_spacer=5-10bp;gc,26.0
SVFZ01000074.1_18,G,K,G,G,G,K,S,D,K,D,C,D,C,ID=68_18;partial=00;start_type=ATG;rbs_motif=AGGAG;rbs_spacer=5-10bp;gc_cont=0.458,ID=68_18;partial=00;start_type=ATG;rbs_motif=AGGAG;rbs_spacer=5-10bp;gc,26.0
JADGBM010000040.1_11,G,K,G,G,G,K,S,D,K,D,C,D,C,ID=160_11;partial=00;start_type=ATG;rbs_motif=AGGAG;rbs_spacer=5-10bp;gc_cont=0.474,ID=160_11;partial=00;start_type=ATG;rbs_motif=AGGAG;rbs_spacer=5-10bp;gc,26.0
JADFWS010000059.1_8,G,K,G,G,G,K,S,D,K,D,C,D,C,ID=131_8;partial=00;start_type=ATG;rbs_motif=AGGAGG;rbs_spacer=5-10bp;gc_cont=0.511,ID=131_8;partial=00;start_type=ATG;rbs_motif=AGGAGG;rbs_spacer=5-10bp;gc,26.0
JACCQI010000006.1_21,G,K,G,G,G,K,S,D,K,D,C,D,C,ID=53_21;partial=00;start_type=ATG;rbs_motif=AGGAGG;rbs_spacer=5-10bp;gc_cont=0.633,ID=53_21;partial=00;start_type=ATG;rbs_motif=AGGAGG;rbs_spacer=5-10bp;gc,26.0
JACQWY010000037.1_86,G,K,G,G,G,K,S,D,K,D,C,D,C,ID=13_86;partial=00;start_type=ATG;rbs_motif=AGGAGG;rbs_spacer=5-10bp;gc_cont=0.629,ID=13_86;partial=00;start_type=ATG;rbs_motif=AGGAGG;rbs_spacer=5-10bp;gc,26.0
JACRHF010000025.1_9,G,K,G,G,G,K,S,D,K,D,C,D,C,ID=111_9;partial=00;start_type=ATG;rbs_motif=AGGAG;rbs_spacer=5-10bp;gc_cont=0.604,ID=111_9;partial=00;start_type=ATG;rbs_motif=AGGAG;rbs_spacer=5-10bp;gc,26.0
JACRPO010000005.1_740,G,K,G,G,G,K,S,D,K,D,C,D,C,ID=20_740;partial=00;start_type=ATG;rbs_motif=GGAG/GAGG;rbs_spacer=5-10bp;gc_cont=0.659,ID=20_740;partial=00;start_type=ATG;rbs_motif=GGAG/GAGG;rbs_spacer=5-10bp;gc,26.0
JAEEQC010000038.1_8,G,K,G,G,G,K,S,D,K,D,C,D,C,ID=43_8;partial=00;start_type=ATG;rbs_motif=AGxAGG/AGGxGG;rbs_spacer=5-10bp;gc_cont=0.542,ID=43_8;partial=00;start_type=ATG;rbs_motif=AGxAGG/AGGxGG;rbs_spacer=5-10bp;gc,26.0
JADJFE010000013.1_146,G,K,G,G,G,K,S,D,K,D,C,D,C,ID=13_146;partial=00;start_type=ATG;rbs_motif=GGAG/GAGG;rbs_spacer=5-10bp;gc_cont=0.580,ID=13_146;partial=00;start_type=ATG;rbs_motif=GGAG/GAGG;rbs_spacer=5-10bp;gc,26.0
JADGEB010000001.1_65,G,K,G,G,G,K,S,D,K,D,C,D,C,ID=17_65;partial=00;start_type=ATG;rbs_motif=AGGAGG;rbs_spacer=5-10bp;gc_cont=0.484,ID=17_65;partial=00;start_type=ATG;rbs_motif=AGGAGG;rbs_spacer=5-10bp;gc,26.0
JAENZX010000047.1_12,G,K,G,G,G,K,S,D,K,D,C,D,C,ID=62_12;partial=01;start_type=ATG;rbs_motif=AGGAGG;rbs_spacer=5-10bp;gc_cont=0.445,ID=62_12;partial=01;start_type=ATG;rbs_motif=AGGAGG;rbs_spacer=5-10bp;gc,26.0
JAFGEL010000109.1_8,G,K,G,G,G,K,S,D,K,D,C,D,C,ID=26_8;partial=00;start_type=ATG;rbs_motif=AGGAGG;rbs_spacer=5-10bp;gc_cont=0.536,ID=26_8;partial=00;start_type=ATG;rbs_motif=AGGAGG;rbs_spacer=5-10bp;gc,26.0
JAFGUF010000032.1_2,G,K,G,G,G,K,S,D,K,D,C,D,C,ID=2_2;partial=00;start_type=ATG;rbs_motif=AGxAGG/AGGxGG;rbs_spacer=5-10bp;gc_cont=0.462,ID=2_2;partial=00;start_type=ATG;rbs_motif=AGxAGG/AGGxGG;rbs_spacer=5-10bp;gc,26.0
JAFPWY010000007.1_54,G,K,G,G,G,K,S,D,K,D,C,D,C,ID=6_54;partial=00;start_type=ATG;rbs_motif=AGGAG;rbs_spacer=5-10bp;gc_cont=0.508,ID=6_54;partial=00;start_type=ATG;rbs_motif=AGGAG;rbs_spacer=5-10bp;gc,26.0
JAFUGT010000108.1_3,G,K,G,G,G,K,S,D,K,D,C,D,C,ID=124_3;partial=00;start_type=ATG;rbs_motif=AGGAGG;rbs_spacer=5-10bp;gc_cont=0.406,ID=124_3;partial=00;start_type=ATG;rbs_motif=AGGAGG;rbs_spacer=5-10bp;gc,26.0
JAFXQR010000075.1_11,G,K,G,G,G,K,S,D,K,D,C,D,C,ID=153_11;partial=00;start_type=ATG;rbs_motif=AGGAG;rbs_spacer=5-10bp;gc_cont=0.514,ID=153_11;partial=00;start_type=ATG;rbs_motif=AGGAG;rbs_spacer=5-10bp;gc,26.0
JAFZWW010000054.1_7,G,K,G,G,G,K,S,D,K,D,C,D,C,ID=117_7;partial=01;start_type=ATG;rbs_motif=AGGAG;rbs_spacer=5-10bp;gc_cont=0.493,ID=117_7;partial=01;start_type=ATG;rbs_motif=AGGAG;rbs_spacer=5-10bp;gc,26.0
JAFIGT010000017.1_81,G,K,G,G,G,K,S,D,K,D,C,D,C,ID=41_81;partial=00;start_type=ATG;rbs_motif=None;rbs_spacer=None;gc_cont=0.586,ID=41_81;partial=00;start_type=ATG;rbs_motif=None;rbs_spacer=None;gc,26.0
JAGDBD010000039.1_1,G,K,G,G,G,K,S,D,K,D,C,D,C,ID=28_1;partial=00;start_type=ATG;rbs_motif=AGGAG;rbs_spacer=5-10bp;gc_cont=0.589,ID=28_1;partial=00;start_type=ATG;rbs_motif=AGGAG;rbs_spacer=5-10bp;gc,26.0
JAFEFW010000654.1_12,G,K,G,G,G,K,S,D,K,D,C,D,C,ID=615_12;partial=00;start_type=ATG;rbs_motif=AGGA;rbs_spacer=5-10bp;gc_cont=0.601,ID=615_12;partial=00;start_type=ATG;rbs_motif=AGGA;rbs_spacer=5-10bp;gc,26.0
JAHIVT010000153.1_46,G,K,G,G,G,K,S,D,K,D,C,D,C,ID=32_46;partial=00;start_type=ATG;rbs_motif=AGGAG;rbs_spacer=5-10bp;gc_cont=0.565,ID=32_46;partial=00;start_type=ATG;rbs_motif=AGGAG;rbs_spacer=5-10bp;gc,26.0
JAHIND010000002.1_36,G,K,G,G,G,K,S,D,K,D,C,D,C,ID=12_36;partial=00;start_type=ATG;rbs_motif=GGAGG;rbs_spacer=5-10bp;gc_cont=0.624,ID=12_36;partial=00;start_type=ATG;rbs_motif=GGAGG;rbs_spacer=5-10bp;gc,26.0
JAHZFJ010000023.1_10,G,K,G,G,G,K,S,D,K,D,C,D,C,ID=16_10;partial=00;start_type=ATG;rbs_motif=GGAGG;rbs_spacer=5-10bp;gc_cont=0.404,ID=16_10;partial=00;start_type=ATG;rbs_motif=GGAGG;rbs_spacer=5-10bp;gc,26.0
JAIHAL010000002.1_184,G,K,G,G,G,K,S,D,K,D,C,D,C,ID=12_184;partial=00;start_type=ATG;rbs_motif=GGAGG;rbs_spacer=5-10bp;gc_cont=0.451,ID=12_184;partial=00;start_type=ATG;rbs_motif=GGAGG;rbs_spacer=5-10bp;gc,26.0
JAIOSZ010000309.1_3,G,K,G,G,G,K,S,D,K,D,C,D,C,ID=304_3;partial=00;start_type=ATG;rbs_motif=AGGAG;rbs_spacer=5-10bp;gc_cont=0.544,ID=304_3;partial=00;start_type=ATG;rbs_motif=AGGAG;rbs_spacer=5-10bp;gc,26.0
JAJFTF010000032.1_18,G,K,G,G,G,K,S,D,K,D,C,D,C,ID=23_18;partial=00;start_type=ATG;rbs_motif=AGGAG;rbs_spacer=5-10bp;gc_cont=0.603,ID=23_18;partial=00;start_type=ATG;rbs_motif=AGGAG;rbs_spacer=5-10bp;gc,26.0
JAJYBI010000036.1_8,G,K,G,G,G,K,S,D,K,D,C,D,C,ID=9_8;partial=00;start_type=ATG;rbs_motif=AGGAG;rbs_spacer=5-10bp;gc_cont=0.607,ID=9_8;partial=00;start_type=ATG;rbs_motif=AGGAG;rbs_spacer=5-10bp;gc,26.0
JAJXTV010000007.1_88,G,K,G,G,G,K,S,D,K,D,C,D,C,ID=4_88;partial=00;start_type=ATG;rbs_motif=AGGAGG;rbs_spacer=3-4bp;gc_cont=0.507,ID=4_88;partial=00;start_type=ATG;rbs_motif=AGGAGG;rbs_spacer=3-4bp;gc,26.0
JAJYUW010000130.1_3,G,K,G,G,G,K,S,D,K,D,C,D,C,ID=38_3;partial=00;start_type=ATG;rbs_motif=AGGAG;rbs_spacer=5-10bp;gc_cont=0.615,ID=38_3;partial=00;start_type=ATG;rbs_motif=AGGAG;rbs_spacer=5-10bp;gc,26.0
JAJZRO010000017.1_13,G,K,G,G,G,K,S,D,K,D,C,D,C,ID=1_13;partial=00;start_type=ATG;rbs_motif=AGGAGG;rbs_spacer=5-10bp;gc_cont=0.617,ID=1_13;partial=00;start_type=ATG;rbs_motif=AGGAGG;rbs_spacer=5-10bp;gc,26.0
JAKAKF010000258.1_17,G,K,G,G,G,K,S,D,K,D,C,D,C,ID=65_17;partial=00;start_type=ATG;rbs_motif=GGAGG;rbs_spacer=5-10bp;gc_cont=0.447,ID=65_17;partial=00;start_type=ATG;rbs_motif=GGAGG;rbs_spacer=5-10bp;gc,26.0
JAKAQK010000030.1_4,G,K,G,G,G,K,S,D,K,D,C,D,C,ID=104_4;partial=00;start_type=ATG;rbs_motif=GGAGG;rbs_spacer=5-10bp;gc_cont=0.408,ID=104_4;partial=00;start_type=ATG;rbs_motif=GGAGG;rbs_spacer=5-10bp;gc,26.0
JAJZVB010000077.1_7,G,K,G,G,G,K,S,D,K,D,C,D,C,ID=7_7;partial=00;start_type=ATG;rbs_motif=AGGAG;rbs_spacer=5-10bp;gc_cont=0.592,ID=7_7;partial=00;start_type=ATG;rbs_motif=AGGAG;rbs_spacer=5-10bp;gc,26.0
JAKSBV010000465.1_13,G,K,G,G,G,K,S,D,K,D,C,D,C,ID=473_13;partial=00;start_type=ATG;rbs_motif=AGxAGG/AGGxGG;rbs_spacer=5-10bp;gc_cont=0.493,ID=473_13;partial=00;start_type=ATG;rbs_motif=AGxAGG/AGGxGG;rbs_spacer=5-10bp;gc,26.0
JAFLJU010000546.1_4,G,K,G,G,G,K,S,D,K,D,C,D,C,ID=287_4;partial=00;start_type=ATG;rbs_motif=AGGA;rbs_spacer=5-10bp;gc_cont=0.465,ID=287_4;partial=00;start_type=ATG;rbs_motif=AGGA;rbs_spacer=5-10bp;gc,26.0
JALOBS010000034.1_9,G,K,G,G,G,K,S,D,K,D,C,D,C,ID=19_9;partial=00;start_type=ATG;rbs_motif=AGGAG;rbs_spacer=5-10bp;gc_cont=0.480,ID=19_9;partial=00;start_type=ATG;rbs_motif=AGGAG;rbs_spacer=5-10bp;gc,26.0
JAEWJZ010000029.1_169,G,K,G,G,G,K,S,D,K,D,C,D,C,ID=34_169;partial=00;start_type=ATG;rbs_motif=AGGAGG;rbs_spacer=5-10bp;gc_cont=0.482,ID=34_169;partial=00;start_type=ATG;rbs_motif=AGGAGG;rbs_spacer=5-10bp;gc,26.0
JAEWMS010000076.1_121,G,K,G,G,G,K,S,D,K,D,C,D,C,ID=75_121;partial=00;start_type=ATG;rbs_motif=AGGAGG;rbs_spacer=5-10bp;gc_cont=0.438,ID=75_121;partial=00;start_type=ATG;rbs_motif=AGGAGG;rbs_spacer=5-10bp;gc,26.0
JAEWQV010000015.1_253,G,K,G,G,G,K,S,D,K,D,C,D,C,ID=11_253;partial=00;start_type=ATG;rbs_motif=GGA/GAG/AGG;rbs_spacer=5-10bp;gc_cont=0.396,ID=11_253;partial=00;start_type=ATG;rbs_motif=GGA/GAG/AGG;rbs_spacer=5-10bp;gc,26.0
JAEYPR010000010.1_237,G,K,G,G,G,K,S,D,K,D,C,D,C,ID=37_237;partial=00;start_type=ATG;rbs_motif=GGAG/GAGG;rbs_spacer=5-10bp;gc_cont=0.473,ID=37_237;partial=00;start_type=ATG;rbs_motif=GGAG/GAGG;rbs_spacer=5-10bp;gc,26.0
JAEZOB010000033.1_67,G,K,G,G,G,K,S,D,K,D,C,D,C,ID=53_67;partial=00;start_type=ATG;rbs_motif=AGGAGG;rbs_spacer=5-10bp;gc_cont=0.470,ID=53_67;partial=00;start_type=ATG;rbs_motif=AGGAGG;rbs_spacer=5-10bp;gc,26.0
JAEZZO010000070.1_61,G,K,G,G,G,K,S,D,K,D,C,D,C,ID=79_61;partial=00;start_type=ATG;rbs_motif=AGGAG;rbs_spacer=5-10bp;gc_cont=0.433,ID=79_61;partial=00;start_type=ATG;rbs_motif=AGGAG;rbs_spacer=5-10bp;gc,26.0
JAEYWD010000008.1_209,G,K,G,G,G,K,S,D,K,D,C,D,C,ID=13_209;partial=00;start_type=ATG;rbs_motif=TAA;rbs_spacer=12bp;gc_cont=0.429,ID=13_209;partial=00;start_type=ATG;rbs_motif=TAA;rbs_spacer=12bp;gc,26.0
JAEZKA010000033.1_51,G,K,G,G,G,K,S,D,K,D,C,D,C,ID=41_51;partial=00;start_type=ATG;rbs_motif=AGGAGG;rbs_spacer=5-10bp;gc_cont=0.476,ID=41_51;partial=00;start_type=ATG;rbs_motif=AGGAGG;rbs_spacer=5-10bp;gc,26.0
JAEZOA010000093.1_5,G,K,G,G,G,K,S,D,K,D,C,D,C,ID=50_5;partial=00;start_type=ATG;rbs_motif=GGAGG;rbs_spacer=5-10bp;gc_cont=0.400,ID=50_5;partial=00;start_type=ATG;rbs_motif=GGAGG;rbs_spacer=5-10bp;gc,26.0
JAEWRI010000036.1_273,G,K,G,G,G,K,S,D,K,D,C,D,C,ID=36_273;partial=00;start_type=ATG;rbs_motif=AGGAGG;rbs_spacer=5-10bp;gc_cont=0.545,ID=36_273;partial=00;start_type=ATG;rbs_motif=AGGAGG;rbs_spacer=5-10bp;gc,26.0
JAAELO010000714.1_34,G,K,G,G,G,K,S,D,K,D,C,D,C,ID=714_34;partial=00;start_type=ATG;rbs_motif=AGGAG;rbs_spacer=5-10bp;gc_cont=0.381,ID=714_34;partial=00;start_type=ATG;rbs_motif=AGGAG;rbs_spacer=5-10bp;gc,26.0
JAGXIR010000054.1_12,G,K,G,G,G,K,S,D,K,D,C,D,C,ID=113_12;partial=00;start_type=ATG;rbs_motif=AAAAAA;rbs_spacer=8bp;gc_cont=0.484,ID=113_12;partial=00;start_type=ATG;rbs_motif=AAAAAA;rbs_spacer=8bp;gc,26.0
JAILDQ010000004.1_3,G,K,G,G,G,K,S,D,K,D,C,D,C,ID=276_3;partial=00;start_type=ATG;rbs_motif=AGGAG;rbs_spacer=5-10bp;gc_cont=0.549,ID=276_3;partial=00;start_type=ATG;rbs_motif=AGGAG;rbs_spacer=5-10bp;gc,26.0
FOAY01000016.1_71,G,K,G,G,G,K,S,D,K,D,C,D,C,ID=22_71;partial=00;start_type=ATG;rbs_motif=AGGAG;rbs_spacer=5-10bp;gc_cont=0.558,ID=22_71;partial=00;start_type=ATG;rbs_motif=AGGAG;rbs_spacer=5-10bp;gc,26.0
ONEC01000048.1_13,G,K,G,G,G,K,S,D,K,D,C,D,C,ID=144_13;partial=00;start_type=ATG;rbs_motif=GGAG/GAGG;rbs_spacer=5-10bp;gc_cont=0.449,ID=144_13;partial=00;start_type=ATG;rbs_motif=GGAG/GAGG;rbs_spacer=5-10bp;gc,26.0
CAAFUF010000029.1_14,G,K,G,G,G,K,S,D,K,D,C,D,C,ID=29_14;partial=00;start_type=ATG;rbs_motif=GGAGG;rbs_spacer=5-10bp;gc_cont=0.564,ID=29_14;partial=00;start_type=ATG;rbs_motif=GGAGG;rbs_spacer=5-10bp;gc,26.0
CACXDI010000148.1_27,G,K,G,G,G,K,S,D,K,D,C,D,C,ID=148_27;partial=00;start_type=ATG;rbs_motif=GGAG/GAGG;rbs_spacer=5-10bp;gc_cont=0.575,ID=148_27;partial=00;start_type=ATG;rbs_motif=GGAG/GAGG;rbs_spacer=5-10bp;gc,26.0
CADAGC010000062.1_13,G,K,G,G,G,K,S,D,K,D,C,D,C,ID=62_13;partial=01;start_type=ATG;rbs_motif=GGAG/GAGG;rbs_spacer=5-10bp;gc_cont=0.519,ID=62_13;partial=01;start_type=ATG;rbs_motif=GGAG/GAGG;rbs_spacer=5-10bp;gc,26.0
CADCBQ010000009.1_76,G,K,G,G,G,K,S,D,K,D,C,D,C,ID=9_76;partial=00;start_type=ATG;rbs_motif=AGGAG;rbs_spacer=5-10bp;gc_cont=0.512,ID=9_76;partial=00;start_type=ATG;rbs_motif=AGGAG;rbs_spacer=5-10bp;gc,26.0
CAIJGA010000021.1_17,G,K,G,G,G,K,S,D,K,D,C,D,C,ID=21_17;partial=00;start_type=ATG;rbs_motif=TAA;rbs_spacer=12bp;gc_cont=0.510,ID=21_17;partial=00;start_type=ATG;rbs_motif=TAA;rbs_spacer=12bp;gc,26.0
CAIMFA010000121.1_21,G,K,G,G,G,K,S,D,K,D,C,D,C,ID=121_21;partial=00;start_type=ATG;rbs_motif=AGGAG;rbs_spacer=5-10bp;gc_cont=0.510,ID=121_21;partial=00;start_type=ATG;rbs_motif=AGGAG;rbs_spacer=5-10bp;gc,26.0
CAIPKT010000043.1_10,G,K,G,G,G,K,S,D,K,D,C,D,C,ID=43_10;partial=00;start_type=ATG;rbs_motif=TAA;rbs_spacer=12bp;gc_cont=0.498,ID=43_10;partial=00;start_type=ATG;rbs_motif=TAA;rbs_spacer=12bp;gc,26.0
CAIRDL010000120.1_17,G,K,G,G,G,K,S,D,K,D,C,D,C,ID=120_17;partial=00;start_type=ATG;rbs_motif=AGGAG;rbs_spacer=5-10bp;gc_cont=0.596,ID=120_17;partial=00;start_type=ATG;rbs_motif=AGGAG;rbs_spacer=5-10bp;gc,26.0
CAIUSV010000048.1_16,G,K,G,G,G,K,S,D,K,D,C,D,C,ID=48_16;partial=00;start_type=ATG;rbs_motif=AGGA;rbs_spacer=5-10bp;gc_cont=0.644,ID=48_16;partial=00;start_type=ATG;rbs_motif=AGGA;rbs_spacer=5-10bp;gc,26.0
CAIXNB010000098.1_8,G,K,G,G,G,K,S,D,K,D,C,D,C,ID=98_8;partial=00;start_type=ATG;rbs_motif=GGAG/GAGG;rbs_spacer=5-10bp;gc_cont=0.607,ID=98_8;partial=00;start_type=ATG;rbs_motif=GGAG/GAGG;rbs_spacer=5-10bp;gc,26.0
CAJAAV010000278.1_10,G,K,G,G,G,K,S,D,K,D,C,D,C,ID=278_10;partial=00;start_type=ATG;rbs_motif=AGGA;rbs_spacer=5-10bp;gc_cont=0.482,ID=278_10;partial=00;start_type=ATG;rbs_motif=AGGA;rbs_spacer=5-10bp;gc,26.0
CAJMNR010000015.1_7,G,K,G,G,G,K,S,D,K,D,C,D,C,ID=15_7;partial=00;start_type=ATG;rbs_motif=GGAGG;rbs_spacer=5-10bp;gc_cont=0.403,ID=15_7;partial=00;start_type=ATG;rbs_motif=GGAGG;rbs_spacer=5-10bp;gc,26.0
CAJXRQ010000024.1_16,G,K,G,G,G,K,S,D,K,D,C,D,C,ID=24_16;partial=00;start_type=ATG;rbs_motif=GGAGG;rbs_spacer=5-10bp;gc_cont=0.540,ID=24_16;partial=00;start_type=ATG;rbs_motif=GGAGG;rbs_spacer=5-10bp;gc,26.0
CAMBSB010000153.1_12,G,K,G,G,G,K,S,D,K,D,C,D,C,ID=153_12;partial=00;start_type=ATG;rbs_motif=TAAA;rbs_spacer=11bp;gc_cont=0.429,ID=153_12;partial=00;start_type=ATG;rbs_motif=TAAA;rbs_spacer=11bp;gc,26.0
NC_007778.1_973,G,K,G,G,G,K,S,D,K,D,C,D,C,ID=1_973;partial=00;start_type=ATG;rbs_motif=GGAG/GAGG;rbs_spacer=5-10bp;gc_cont=0.652,ID=1_973;partial=00;start_type=ATG;rbs_motif=GGAG/GAGG;rbs_spacer=5-10bp;gc,26.0
NC_010814.1_644,G,K,G,G,G,K,S,D,K,D,C,D,C,ID=1_644;partial=00;start_type=ATG;rbs_motif=AGGAG;rbs_spacer=5-10bp;gc_cont=0.544,ID=1_644;partial=00;start_type=ATG;rbs_motif=AGGAG;rbs_spacer=5-10bp;gc,26.0
NC_013894.1_435,G,K,G,G,G,K,S,D,K,D,C,D,C,ID=1_435;partial=00;start_type=ATG;rbs_motif=GGAGGT;rbs_spacer=6bp;gc_cont=0.475,ID=1_435;partial=00;start_type=ATG;rbs_motif=GGAGGT;rbs_spacer=6bp;gc,26.0
NZ_AAVU01000012.1_54,G,K,G,G,G,K,S,D,K,D,C,D,C,ID=99_54;partial=00;start_type=ATG;rbs_motif=GGA/GAG/AGG;rbs_spacer=5-10bp;gc_cont=0.461,ID=99_54;partial=00;start_type=ATG;rbs_motif=GGA/GAG/AGG;rbs_spacer=5-10bp;gc,26.0
NC_016803.1_1296,G,K,G,G,G,K,S,D,K,D,C,D,C,ID=1_1296;partial=00;start_type=ATG;rbs_motif=GGAGG;rbs_spacer=5-10bp;gc_cont=0.633,ID=1_1296;partial=00;start_type=ATG;rbs_motif=GGAGG;rbs_spacer=5-10bp;gc,26.0
NC_018515.1_3857,G,K,G,G,G,K,S,D,K,D,C,D,C,ID=1_3857;partial=00;start_type=ATG;rbs_motif=AGGAG;rbs_spacer=5-10bp;gc_cont=0.453,ID=1_3857;partial=00;start_type=ATG;rbs_motif=AGGAG;rbs_spacer=5-10bp;gc,26.0
NT_187151.1_17,G,K,G,G,G,K,S,D,K,D,C,D,C,ID=13_17;partial=00;start_type=ATG;rbs_motif=AGGA;rbs_spacer=5-10bp;gc_cont=0.635,ID=13_17;partial=00;start_type=ATG;rbs_motif=AGGA;rbs_spacer=5-10bp;gc,26.0
NC_018485.1_2638,G,K,G,G,G,K,S,D,K,D,C,D,C,ID=1_2638;partial=00;start_type=ATG;rbs_motif=AGGAG;rbs_spacer=5-10bp;gc_cont=0.620,ID=1_2638;partial=00;start_type=ATG;rbs_motif=AGGAG;rbs_spacer=5-10bp;gc,26.0
NZ_AONQ01000082.1_10,G,K,G,G,G,K,S,D,K,D,C,D,C,ID=82_10;partial=00;start_type=ATG;rbs_motif=AGGA;rbs_spacer=5-10bp;gc_cont=0.640,ID=82_10;partial=00;start_type=ATG;rbs_motif=AGGA;rbs_spacer=5-10bp;gc,26.0
NZ_KB900674.1_137,G,K,G,G,G,K,S,D,K,D,C,D,C,ID=46_137;partial=00;start_type=ATG;rbs_motif=AGGAG;rbs_spacer=5-10bp;gc_cont=0.493,ID=46_137;partial=00;start_type=ATG;rbs_motif=AGGAG;rbs_spacer=5-10bp;gc,26.0
NZ_ATAY01000031.1_26,G,K,G,G,G,K,S,D,K,D,C,D,C,ID=31_26;partial=00;start_type=ATG;rbs_motif=GGAGG;rbs_spacer=5-10bp;gc_cont=0.432,ID=31_26;partial=00;start_type=ATG;rbs_motif=GGAGG;rbs_spacer=5-10bp;gc,26.0
NZ_AUFW01000017.1_143,G,K,G,G,G,K,S,D,K,D,C,D,C,ID=9_143;partial=00;start_type=GTG;rbs_motif=AGGAG;rbs_spacer=5-10bp;gc_cont=0.394,ID=9_143;partial=00;start_type=GTG;rbs_motif=AGGAG;rbs_spacer=5-10bp;gc,26.0
NZ_HG005141.1_498,G,K,G,G,G,K,S,D,K,D,C,D,C,ID=3_498;partial=00;start_type=ATG;rbs_motif=GGAGG;rbs_spacer=5-10bp;gc_cont=0.560,ID=3_498;partial=00;start_type=ATG;rbs_motif=GGAGG;rbs_spacer=5-10bp;gc,26.0
NZ_AYVY01000043.1_17,G,K,G,G,G,K,S,D,K,D,C,D,C,ID=43_17;partial=00;start_type=ATG;rbs_motif=AGGA;rbs_spacer=5-10bp;gc_cont=0.610,ID=43_17;partial=00;start_type=ATG;rbs_motif=AGGA;rbs_spacer=5-10bp;gc,26.0
NZ_JAGS01000001.1_1449,G,K,G,G,G,K,S,D,K,D,C,D,C,ID=1_1449;partial=00;start_type=ATG;rbs_motif=GGAG/GAGG;rbs_spacer=5-10bp;gc_cont=0.500,ID=1_1449;partial=00;start_type=ATG;rbs_motif=GGAG/GAGG;rbs_spacer=5-10bp;gc,26.0
NZ_JMKQ01000006.1_1883,G,K,G,G,G,K,S,D,K,D,C,D,C,ID=6_1883;partial=00;start_type=ATG;rbs_motif=AGGAG;rbs_spacer=5-10bp;gc_cont=0.613,ID=6_1883;partial=00;start_type=ATG;rbs_motif=AGGAG;rbs_spacer=5-10bp;gc,26.0
NZ_JPNB01000001.1_551,G,K,G,G,G,K,S,D,K,D,C,D,C,ID=1_551;partial=00;start_type=ATG;rbs_motif=AGGAG;rbs_spacer=5-10bp;gc_cont=0.505,ID=1_551;partial=00;start_type=ATG;rbs_motif=AGGAG;rbs_spacer=5-10bp;gc,26.0
NZ_BAZF01000016.1_53,G,K,G,G,G,K,S,D,K,D,C,D,C,ID=48_53;partial=00;start_type=ATG;rbs_motif=AGGAG;rbs_spacer=5-10bp;gc_cont=0.588,ID=48_53;partial=00;start_type=ATG;rbs_motif=AGGAG;rbs_spacer=5-10bp;gc,26.0
NZ_CP009503.1_860,G,K,G,G,G,K,S,D,K,D,C,D,C,ID=1_860;partial=00;start_type=ATG;rbs_motif=AGGAG;rbs_spacer=5-10bp;gc_cont=0.506,ID=1_860;partial=00;start_type=ATG;rbs_motif=AGGAG;rbs_spacer=5-10bp;gc,26.0
NZ_LGTB01000010.1_47,G,K,G,G,G,K,S,D,K,D,C,D,C,ID=10_47;partial=00;start_type=ATG;rbs_motif=GGAG/GAGG;rbs_spacer=5-10bp;gc_cont=0.574,ID=10_47;partial=00;start_type=ATG;rbs_motif=GGAG/GAGG;rbs_spacer=5-10bp;gc,26.0
NZ_LN881723.1_317,G,K,G,G,G,K,S,D,K,D,C,D,C,ID=6_317;partial=00;start_type=ATG;rbs_motif=GGAGG;rbs_spacer=5-10bp;gc_cont=0.553,ID=6_317;partial=00;start_type=ATG;rbs_motif=GGAGG;rbs_spacer=5-10bp;gc,26.0
NZ_BDCO01000002.1_1283,G,K,G,G,G,K,S,D,K,D,C,D,C,ID=2_1283;partial=00;start_type=ATG;rbs_motif=None;rbs_spacer=None;gc_cont=0.615,ID=2_1283;partial=00;start_type=ATG;rbs_motif=None;rbs_spacer=None;gc,26.0
NZ_LYBV02000034.1_12,G,K,G,G,G,K,S,D,K,D,C,D,C,ID=28_12;partial=00;start_type=ATG;rbs_motif=TAA;rbs_spacer=11bp;gc_cont=0.361,ID=28_12;partial=00;start_type=ATG;rbs_motif=TAA;rbs_spacer=11bp;gc,26.0
NZ_LPWG01000014.1_92,G,K,G,G,G,K,S,D,K,D,C,D,C,ID=14_92;partial=00;start_type=ATG;rbs_motif=AGGAG;rbs_spacer=5-10bp;gc_cont=0.607,ID=14_92;partial=00;start_type=ATG;rbs_motif=AGGAG;rbs_spacer=5-10bp;gc,26.0
NZ_LGHL01000034.1_7,G,K,G,G,G,K,S,D,K,D,C,D,C,ID=269_7;partial=00;start_type=ATG;rbs_motif=GGAG/GAGG;rbs_spacer=5-10bp;gc_cont=0.584,ID=269_7;partial=00;start_type=ATG;rbs_motif=GGAG/GAGG;rbs_spacer=5-10bp;gc,26.0
NZ_CP020384.1_1350,G,K,G,G,G,K,S,D,K,D,C,D,C,ID=1_1350;partial=00;start_type=ATG;rbs_motif=AGGA;rbs_spacer=5-10bp;gc_cont=0.629,ID=1_1350;partial=00;start_type=ATG;rbs_motif=AGGA;rbs_spacer=5-10bp;gc,26.0
NZ_NPML01000019.1_408,G,K,G,G,G,K,S,D,K,D,C,D,C,ID=22_408;partial=00;start_type=ATG;rbs_motif=AGxAGG/AGGxGG;rbs_spacer=5-10bp;gc_cont=0.440,ID=22_408;partial=00;start_type=ATG;rbs_motif=AGxAGG/AGGxGG;rbs_spacer=5-10bp;gc,26.0
NZ_CP025003.1_3778,G,K,G,G,G,K,S,D,K,D,C,D,C,ID=1_3778;partial=00;start_type=ATG;rbs_motif=AGGAG;rbs_spacer=5-10bp;gc_cont=0.591,ID=1_3778;partial=00;start_type=ATG;rbs_motif=AGGAG;rbs_spacer=5-10bp;gc,26.0
NZ_PTIR01000032.1_44,G,K,G,G,G,K,S,D,K,D,C,D,C,ID=32_44;partial=00;start_type=ATG;rbs_motif=AGGAG;rbs_spacer=5-10bp;gc_cont=0.594,ID=32_44;partial=00;start_type=ATG;rbs_motif=AGGAG;rbs_spacer=5-10bp;gc,26.0
NZ_QBKZ01000024.1_185,G,K,G,G,G,K,S,D,K,D,C,D,C,ID=17_185;partial=00;start_type=ATG;rbs_motif=AGGA;rbs_spacer=5-10bp;gc_cont=0.627,ID=17_185;partial=00;start_type=ATG;rbs_motif=AGGA;rbs_spacer=5-10bp;gc,26.0
NZ_CP027663.1_2962,G,K,G,G,G,K,S,D,K,D,C,D,C,ID=1_2962;partial=00;start_type=ATG;rbs_motif=AGGAG;rbs_spacer=5-10bp;gc_cont=0.614,ID=1_2962;partial=00;start_type=ATG;rbs_motif=AGGAG;rbs_spacer=5-10bp;gc,26.0
NZ_QPJW01000002.1_341,G,K,G,G,G,K,S,D,K,D,C,D,C,ID=2_341;partial=00;start_type=ATG;rbs_motif=AGGA;rbs_spacer=5-10bp;gc_cont=0.532,ID=2_341;partial=00;start_type=ATG;rbs_motif=AGGA;rbs_spacer=5-10bp;gc,26.0
NZ_MCIA01000016.1_20,G,K,G,G,G,K,S,D,K,D,C,D,C,ID=16_20;partial=00;start_type=ATG;rbs_motif=AGGAGG;rbs_spacer=5-10bp;gc_cont=0.454,ID=16_20;partial=00;start_type=ATG;rbs_motif=AGGAGG;rbs_spacer=5-10bp;gc,26.0
NZ_RWGU01000040.1_19,G,K,G,G,G,K,S,D,K,D,C,D,C,ID=3_19;partial=00;start_type=ATG;rbs_motif=AGGA;rbs_spacer=5-10bp;gc_cont=0.616,ID=3_19;partial=00;start_type=ATG;rbs_motif=AGGA;rbs_spacer=5-10bp;gc,26.0
NZ_CP029758.2_387,G,K,G,G,G,K,S,D,K,D,C,D,C,ID=1_387;partial=00;start_type=ATG;rbs_motif=AGGAG;rbs_spacer=5-10bp;gc_cont=0.363,ID=1_387;partial=00;start_type=ATG;rbs_motif=AGGAG;rbs_spacer=5-10bp;gc,26.0
NZ_SELS01000114.1_8,G,K,G,G,G,K,S,D,K,D,C,D,C,ID=16_8;partial=00;start_type=ATG;rbs_motif=GGAG/GAGG;rbs_spacer=5-10bp;gc_cont=0.567,ID=16_8;partial=00;start_type=ATG;rbs_motif=GGAG/GAGG;rbs_spacer=5-10bp;gc,26.0
NZ_SLWW01000003.1_24,G,K,G,G,G,K,S,D,K,D,C,D,C,ID=3_24;partial=00;start_type=ATG;rbs_motif=AGGA;rbs_spacer=5-10bp;gc_cont=0.639,ID=3_24;partial=00;start_type=ATG;rbs_motif=AGGA;rbs_spacer=5-10bp;gc,26.0
NZ_SPQR01000006.1_23,G,K,G,G,G,K,S,D,K,D,C,D,C,ID=27_23;partial=00;start_type=ATG;rbs_motif=AGGAG;rbs_spacer=5-10bp;gc_cont=0.437,ID=27_23;partial=00;start_type=ATG;rbs_motif=AGGAG;rbs_spacer=5-10bp;gc,26.0
NZ_VCHQ01000020.1_14,G,K,G,G,G,K,S,D,K,D,C,D,C,ID=13_14;partial=00;start_type=ATG;rbs_motif=AGGAG;rbs_spacer=5-10bp;gc_cont=0.578,ID=13_14;partial=00;start_type=ATG;rbs_motif=AGGAG;rbs_spacer=5-10bp;gc,26.0
NZ_SULJ01000002.1_48,G,K,G,G,G,K,S,D,K,D,C,D,C,ID=12_48;partial=00;start_type=ATG;rbs_motif=AGGAGG;rbs_spacer=5-10bp;gc_cont=0.455,ID=12_48;partial=00;start_type=ATG;rbs_motif=AGGAGG;rbs_spacer=5-10bp;gc,26.0
NZ_CP040751.1_1626,G,K,G,G,G,K,S,D,K,D,C,D,C,ID=1_1626;partial=00;start_type=ATG;rbs_motif=GGAGG;rbs_spacer=5-10bp;gc_cont=0.629,ID=1_1626;partial=00;start_type=ATG;rbs_motif=GGAGG;rbs_spacer=5-10bp;gc,26.0
NZ_WAGX01000005.1_851,G,K,G,G,G,K,S,D,K,D,C,D,C,ID=5_851;partial=00;start_type=ATG;rbs_motif=AGGAGG;rbs_spacer=5-10bp;gc_cont=0.384,ID=5_851;partial=00;start_type=ATG;rbs_motif=AGGAGG;rbs_spacer=5-10bp;gc,26.0
NZ_WNKU01000009.1_56,G,K,G,G,G,K,S,D,K,D,C,D,C,ID=151_56;partial=00;start_type=ATG;rbs_motif=AGGAGG;rbs_spacer=5-10bp;gc_cont=0.551,ID=151_56;partial=00;start_type=ATG;rbs_motif=AGGAGG;rbs_spacer=5-10bp;gc,26.0
NZ_CP022222.1_8104,G,K,G,G,G,K,S,D,K,D,C,D,C,ID=1_8104;partial=00;start_type=ATG;rbs_motif=GGAG/GAGG;rbs_spacer=5-10bp;gc_cont=0.602,ID=1_8104;partial=00;start_type=ATG;rbs_motif=GGAG/GAGG;rbs_spacer=5-10bp;gc,26.0
NZ_CP096255.1_1661,G,K,G,G,G,K,S,D,K,D,C,D,C,ID=1_1661;partial=00;start_type=ATG;rbs_motif=GGAG/GAGG;rbs_spacer=5-10bp;gc_cont=0.593,ID=1_1661;partial=00;start_type=ATG;rbs_motif=GGAG/GAGG;rbs_spacer=5-10bp;gc,26.0
NZ_JAADJU010000003.1_224,G,K,G,G,G,K,S,D,K,D,C,D,C,ID=18_224;partial=00;start_type=ATG;rbs_motif=AGGAG;rbs_spacer=5-10bp;gc_cont=0.535,ID=18_224;partial=00;start_type=ATG;rbs_motif=AGGAG;rbs_spacer=5-10bp;gc,26.0
NZ_CP040094.1_2520,G,R,G,G,G,K,S,D,K,D,C,D,C,ID=1_2520;partial=00;start_type=ATG;rbs_motif=GGAG/GAGG;rbs_spacer=5-10bp;gc_cont=0.468,ID=1_2520;partial=00;start_type=ATG;rbs_motif=GGAG/GAGG;rbs_spacer=5-10bp;gc,25.0
NZ_BLXY01000011.1_54,G,K,G,G,G,K,S,D,K,D,C,D,C,ID=11_54;partial=00;start_type=ATG;rbs_motif=AGGAG;rbs_spacer=5-10bp;gc_cont=0.626,ID=11_54;partial=00;start_type=ATG;rbs_motif=AGGAG;rbs_spacer=5-10bp;gc,26.0
NZ_JACHVB010000012.1_111,G,K,G,G,G,K,S,D,K,D,C,D,C,ID=12_111;partial=00;start_type=ATG;rbs_motif=None;rbs_spacer=None;gc_cont=0.618,ID=12_111;partial=00;start_type=ATG;rbs_motif=None;rbs_spacer=None;gc,26.0
NZ_JACJSE010000007.1_136,G,K,G,G,G,K,S,D,K,D,C,D,C,ID=67_136;partial=00;start_type=ATG;rbs_motif=AGGA;rbs_spacer=5-10bp;gc_cont=0.485,ID=67_136;partial=00;start_type=ATG;rbs_motif=AGGA;rbs_spacer=5-10bp;gc,26.0
NZ_CP030060.1_678,G,K,G,G,G,K,S,D,K,D,C,D,C,ID=2_678;partial=00;start_type=ATG;rbs_motif=GGAG/GAGG;rbs_spacer=5-10bp;gc_cont=0.579,ID=2_678;partial=00;start_type=ATG;rbs_motif=GGAG/GAGG;rbs_spacer=5-10bp;gc,26.0
NZ_NRRF01000002.1_7,G,K,G,G,G,K,S,D,K,D,C,D,C,ID=2_7;partial=00;start_type=ATG;rbs_motif=AGGAG;rbs_spacer=5-10bp;gc_cont=0.616,ID=2_7;partial=00;start_type=ATG;rbs_motif=AGGAG;rbs_spacer=5-10bp;gc,26.0
NZ_JAERVK010000020.1_1,G,K,G,G,G,K,S,D,K,D,C,D,C,ID=12_1;partial=00;start_type=ATG;rbs_motif=AGGAG;rbs_spacer=5-10bp;gc_cont=0.585,ID=12_1;partial=00;start_type=ATG;rbs_motif=AGGAG;rbs_spacer=5-10bp;gc,26.0
NZ_JAEKIS010000007.1_85,G,K,G,G,G,K,S,D,K,D,C,D,C,ID=7_85;partial=00;start_type=ATG;rbs_motif=AGGA;rbs_spacer=5-10bp;gc_cont=0.627,ID=7_85;partial=00;start_type=ATG;rbs_motif=AGGA;rbs_spacer=5-10bp;gc,26.0
NZ_JAGINO010000002.1_343,G,K,G,G,G,K,S,D,K,D,C,D,C,ID=2_343;partial=00;start_type=ATG;rbs_motif=AGGAG;rbs_spacer=5-10bp;gc_cont=0.650,ID=2_343;partial=00;start_type=ATG;rbs_motif=AGGAG;rbs_spacer=5-10bp;gc,26.0
NZ_JAGWDK010000050.1_23,G,K,G,G,G,K,S,D,K,D,C,D,C,ID=50_23;partial=00;start_type=ATG;rbs_motif=GGAG/GAGG;rbs_spacer=5-10bp;gc_cont=0.606,ID=50_23;partial=00;start_type=ATG;rbs_motif=GGAG/GAGG;rbs_spacer=5-10bp;gc,26.0
NZ_CP076458.1_988,G,K,G,G,G,K,S,D,K,D,C,D,C,ID=1_988;partial=00;start_type=ATG;rbs_motif=AGGA;rbs_spacer=5-10bp;gc_cont=0.424,ID=1_988;partial=00;start_type=ATG;rbs_motif=AGGA;rbs_spacer=5-10bp;gc,26.0
NZ_RWIJ01000003.1_58,G,K,G,G,G,K,S,D,K,D,C,D,C,ID=36_58;partial=00;start_type=ATG;rbs_motif=AGGAG;rbs_spacer=5-10bp;gc_cont=0.647,ID=36_58;partial=00;start_type=ATG;rbs_motif=AGGAG;rbs_spacer=5-10bp;gc,26.0
NZ_JAHBAG010000001.1_2410,G,K,G,G,G,K,S,D,K,D,C,D,C,ID=1_2410;partial=00;start_type=ATG;rbs_motif=GGAG/GAGG;rbs_spacer=5-10bp;gc_cont=0.632,ID=1_2410;partial=00;start_type=ATG;rbs_motif=GGAG/GAGG;rbs_spacer=5-10bp;gc,26.0
NZ_CP088089.1_6728,G,K,G,G,G,K,S,D,K,D,C,D,C,ID=1_6728;partial=00;start_type=ATG;rbs_motif=GGAG/GAGG;rbs_spacer=5-10bp;gc_cont=0.596,ID=1_6728;partial=00;start_type=ATG;rbs_motif=GGAG/GAGG;rbs_spacer=5-10bp;gc,26.0
NZ_CP085041.1_1866,G,K,G,G,G,K,S,D,K,D,C,D,C,ID=1_1866;partial=00;start_type=ATG;rbs_motif=GGAG/GAGG;rbs_spacer=5-10bp;gc_cont=0.497,ID=1_1866;partial=00;start_type=ATG;rbs_motif=GGAG/GAGG;rbs_spacer=5-10bp;gc,26.0
NZ_JAKZFT010000010.1_65,G,K,G,G,G,K,S,D,K,D,C,D,C,ID=2_65;partial=00;start_type=ATG;rbs_motif=AGGAG;rbs_spacer=5-10bp;gc_cont=0.569,ID=2_65;partial=00;start_type=ATG;rbs_motif=AGGAG;rbs_spacer=5-10bp;gc,26.0
NZ_CP066356.1_7097,G,K,G,G,G,K,S,D,K,D,C,D,C,ID=1_7097;partial=00;start_type=ATG;rbs_motif=GGAG/GAGG;rbs_spacer=5-10bp;gc_cont=0.590,ID=1_7097;partial=00;start_type=ATG;rbs_motif=GGAG/GAGG;rbs_spacer=5-10bp;gc,26.0
NZ_JAMBPR010000138.1_7,G,K,G,G,G,K,S,D,K,D,C,D,C,ID=44_7;partial=00;start_type=ATG;rbs_motif=GGAG/GAGG;rbs_spacer=5-10bp;gc_cont=0.567,ID=44_7;partial=00;start_type=ATG;rbs_motif=GGAG/GAGG;rbs_spacer=5-10bp;gc,26.0
NZ_CYGX02000044.1_58,G,K,G,G,G,K,S,D,K,D,C,D,C,ID=132_58;partial=00;start_type=ATG;rbs_motif=GGAG/GAGG;rbs_spacer=5-10bp;gc_cont=0.600,ID=132_58;partial=00;start_type=ATG;rbs_motif=GGAG/GAGG;rbs_spacer=5-10bp;gc,26.0
NZ_FNBX01000016.1_16,G,K,G,G,G,K,S,D,K,D,C,D,C,ID=31_16;partial=00;start_type=ATG;rbs_motif=GGAG/GAGG;rbs_spacer=5-10bp;gc_cont=0.630,ID=31_16;partial=00;start_type=ATG;rbs_motif=GGAG/GAGG;rbs_spacer=5-10bp;gc,26.0
NZ_FOAT01000004.1_149,G,K,G,G,G,K,S,D,K,D,C,D,C,ID=15_149;partial=00;start_type=ATG;rbs_motif=GGAG/GAGG;rbs_spacer=5-10bp;gc_cont=0.491,ID=15_149;partial=00;start_type=ATG;rbs_motif=GGAG/GAGG;rbs_spacer=5-10bp;gc,26.0
NZ_FOTI01000014.1_22,G,K,G,G,G,K,S,D,K,D,C,D,C,ID=35_22;partial=00;start_type=ATG;rbs_motif=AGGAGG;rbs_spacer=5-10bp;gc_cont=0.367,ID=35_22;partial=00;start_type=ATG;rbs_motif=AGGAGG;rbs_spacer=5-10bp;gc,26.0
NZ_FQZD01000024.1_17,G,K,G,G,G,K,S,D,K,D,C,D,C,ID=24_17;partial=00;start_type=ATG;rbs_motif=GGAGG;rbs_spacer=5-10bp;gc_cont=0.470,ID=24_17;partial=00;start_type=ATG;rbs_motif=GGAGG;rbs_spacer=5-10bp;gc,26.0
NZ_FTOG01000008.1_109,G,K,G,G,G,K,S,D,K,D,C,D,C,ID=6_109;partial=00;start_type=ATG;rbs_motif=GGAG/GAGG;rbs_spacer=5-10bp;gc_cont=0.571,ID=6_109;partial=00;start_type=ATG;rbs_motif=GGAG/GAGG;rbs_spacer=5-10bp;gc,26.0
NZ_FYDG01000006.1_10,G,K,G,G,G,K,S,D,K,D,C,D,C,ID=53_10;partial=00;start_type=ATG;rbs_motif=AGGAG;rbs_spacer=5-10bp;gc_cont=0.621,ID=53_10;partial=00;start_type=ATG;rbs_motif=AGGAG;rbs_spacer=5-10bp;gc,26.0
NZ_LR130778.1_2255,G,K,G,G,G,K,S,D,K,D,C,D,C,ID=1_2255;partial=00;start_type=ATG;rbs_motif=GGA/GAG/AGG;rbs_spacer=5-10bp;gc_cont=0.399,ID=1_2255;partial=00;start_type=ATG;rbs_motif=GGA/GAG/AGG;rbs_spacer=5-10bp;gc,26.0
NZ_CAKXZS010000001.1_169,G,K,G,G,G,K,S,D,K,D,C,D,C,ID=1_169;partial=00;start_type=ATG;rbs_motif=AGGA;rbs_spacer=5-10bp;gc_cont=0.600,ID=1_169;partial=00;start_type=ATG;rbs_motif=AGGA;rbs_spacer=5-10bp;gc,26.0
DNPP01000004.1_42,G,K,G,G,G,K,S,D,K,D,C,D,C,ID=370_42;partial=00;start_type=ATG;rbs_motif=GGAG/GAGG;rbs_spacer=5-10bp;gc_cont=0.468,ID=370_42;partial=00;start_type=ATG;rbs_motif=GGAG/GAGG;rbs_spacer=5-10bp;gc,26.0
JAJTBJ010000005.1_4,G,K,G,G,G,K,S,D,K,D,C,D,C,ID=132_4;partial=00;start_type=GTG;rbs_motif=GGA/GAG/AGG;rbs_spacer=5-10bp;gc_cont=0.634,ID=132_4;partial=00;start_type=GTG;rbs_motif=GGA/GAG/AGG;rbs_spacer=5-10bp;gc,26.0
JAEYPR010000036.1_118,G,K,G,G,G,K,S,D,K,D,C,D,C,ID=9_118;partial=00;start_type=ATG;rbs_motif=AGGAG;rbs_spacer=5-10bp;gc_cont=0.528,ID=9_118;partial=00;start_type=ATG;rbs_motif=AGGAG;rbs_spacer=5-10bp;gc,26.0
CAINOC010000018.1_12,G,K,G,G,G,K,S,D,K,D,C,D,C,ID=18_12;partial=00;start_type=ATG;rbs_motif=None;rbs_spacer=None;gc_cont=0.456,ID=18_12;partial=00;start_type=ATG;rbs_motif=None;rbs_spacer=None;gc,26.0
NZ_CAJE01000013.1_252,G,K,G,G,G,K,S,D,K,D,C,D,C,ID=14_252;partial=00;start_type=ATG;rbs_motif=AGGAG/GGAGG;rbs_spacer=11-12bp;gc_cont=0.597,ID=14_252;partial=00;start_type=ATG;rbs_motif=AGGAG/GGAGG;rbs_spacer=11-12bp;gc,26.0
NZ_LN881724.1_1843,G,K,G,G,G,K,S,D,K,D,C,D,C,ID=7_1843;partial=00;start_type=ATG;rbs_motif=AGGAG;rbs_spacer=5-10bp;gc_cont=0.550,ID=7_1843;partial=00;start_type=ATG;rbs_motif=AGGAG;rbs_spacer=5-10bp;gc,26.0
NZ_RZNF01000004.1_64,G,K,G,G,G,K,S,D,K,D,C,D,C,ID=22_64;partial=00;start_type=ATG;rbs_motif=AGGAG;rbs_spacer=5-10bp;gc_cont=0.595,ID=22_64;partial=00;start_type=ATG;rbs_motif=AGGAG;rbs_spacer=5-10bp;gc,26.0
NZ_JACHIH010000003.1_47,G,K,G,G,G,K,S,D,K,D,C,D,C,ID=3_47;partial=00;start_type=GTG;rbs_motif=GGAGG;rbs_spacer=5-10bp;gc_cont=0.611,ID=3_47;partial=00;start_type=GTG;rbs_motif=GGAGG;rbs_spacer=5-10bp;gc,26.0
NZ_FNWO01000003.1_259,G,K,G,G,G,K,S,D,K,D,C,D,C,ID=14_259;partial=00;start_type=ATG;rbs_motif=GGAG/GAGG;rbs_spacer=5-10bp;gc_cont=0.618,ID=14_259;partial=00;start_type=ATG;rbs_motif=GGAG/GAGG;rbs_spacer=5-10bp;gc,26.0
PLXT01000077.1_54,G,K,G,G,G,K,S,D,K,D,C,D,C,ID=143_54;partial=00;start_type=ATG;rbs_motif=GGAG/GAGG;rbs_spacer=5-10bp;gc_cont=0.390,ID=143_54;partial=00;start_type=ATG;rbs_motif=GGAG/GAGG;rbs_spacer=5-10bp;gc,26.0
NZ_CP009241.1_2654,G,K,G,G,G,K,S,D,K,D,C,D,C,ID=1_2654;partial=00;start_type=ATG;rbs_motif=GGAG/GAGG;rbs_spacer=5-10bp;gc_cont=0.488,ID=1_2654;partial=00;start_type=ATG;rbs_motif=GGAG/GAGG;rbs_spacer=5-10bp;gc,26.0
NZ_FOFJ01000009.1_66,G,K,G,G,G,K,S,D,K,D,C,D,C,ID=115_66;partial=00;start_type=ATG;rbs_motif=GGAGG;rbs_spacer=5-10bp;gc_cont=0.631,ID=115_66;partial=00;start_type=ATG;rbs_motif=GGAGG;rbs_spacer=5-10bp;gc,26.0
KE159582.1_174,G,K,G,G,G,K,S,D,K,D,C,D,C,ID=12_174;partial=00;start_type=ATG;rbs_motif=AGGA;rbs_spacer=5-10bp;gc_cont=0.482,ID=12_174;partial=00;start_type=ATG;rbs_motif=AGGA;rbs_spacer=5-10bp;gc,26.0
CCNA01000013.1_18,G,K,G,G,G,K,S,D,K,D,C,D,C,ID=13_18;partial=00;start_type=ATG;rbs_motif=AGGA;rbs_spacer=5-10bp;gc_cont=0.603,ID=13_18;partial=00;start_type=ATG;rbs_motif=AGGA;rbs_spacer=5-10bp;gc,26.0
LOEW01000092.1_15,G,K,G,G,G,K,S,D,K,D,C,D,C,ID=92_15;partial=00;start_type=ATG;rbs_motif=AGGAG;rbs_spacer=5-10bp;gc_cont=0.442,ID=92_15;partial=00;start_type=ATG;rbs_motif=AGGAG;rbs_spacer=5-10bp;gc,26.0
MDTP02000079.1_26,G,K,G,G,G,K,S,D,K,D,C,D,C,ID=79_26;partial=00;start_type=ATG;rbs_motif=AGGAG;rbs_spacer=5-10bp;gc_cont=0.493,ID=79_26;partial=00;start_type=ATG;rbs_motif=AGGAG;rbs_spacer=5-10bp;gc,26.0
MHBI01000031.1_4,G,K,G,G,G,K,S,D,K,D,C,D,C,ID=31_4;partial=00;start_type=ATG;rbs_motif=GGAG/GAGG;rbs_spacer=5-10bp;gc_cont=0.561,ID=31_4;partial=00;start_type=ATG;rbs_motif=GGAG/GAGG;rbs_spacer=5-10bp;gc,26.0
MVQH01000075.1_42,G,K,G,G,G,K,S,D,K,D,C,D,C,ID=75_42;partial=00;start_type=ATG;rbs_motif=GGA/GAG/AGG;rbs_spacer=5-10bp;gc_cont=0.544,ID=75_42;partial=00;start_type=ATG;rbs_motif=GGA/GAG/AGG;rbs_spacer=5-10bp;gc,26.0
DDLW01000155.1_1,G,K,G,G,G,K,S,D,K,D,C,D,C,ID=208_1;partial=00;start_type=ATG;rbs_motif=AGGAG;rbs_spacer=5-10bp;gc_cont=0.467,ID=208_1;partial=00;start_type=ATG;rbs_motif=AGGAG;rbs_spacer=5-10bp;gc,26.0
DFJS01000090.1_6,G,K,G,G,G,K,S,D,K,D,C,D,C,ID=98_6;partial=00;start_type=ATG;rbs_motif=AGGA;rbs_spacer=5-10bp;gc_cont=0.511,ID=98_6;partial=00;start_type=ATG;rbs_motif=AGGA;rbs_spacer=5-10bp;gc,26.0
DHMX01000005.1_33,G,K,G,G,G,K,S,D,K,D,C,D,C,ID=15_33;partial=00;start_type=ATG;rbs_motif=AGGA;rbs_spacer=5-10bp;gc_cont=0.400,ID=15_33;partial=00;start_type=ATG;rbs_motif=AGGA;rbs_spacer=5-10bp;gc,26.0
DINM01000015.1_26,G,K,G,G,G,K,S,D,K,D,C,D,C,ID=151_26;partial=00;start_type=ATG;rbs_motif=GGAG/GAGG;rbs_spacer=5-10bp;gc_cont=0.566,ID=151_26;partial=00;start_type=ATG;rbs_motif=GGAG/GAGG;rbs_spacer=5-10bp;gc,26.0
DLMX01000056.1_5,G,K,G,G,G,K,S,D,K,D,C,D,C,ID=72_5;partial=00;start_type=ATG;rbs_motif=AGGAG;rbs_spacer=5-10bp;gc_cont=0.561,ID=72_5;partial=00;start_type=ATG;rbs_motif=AGGAG;rbs_spacer=5-10bp;gc,26.0
PEDL01000009.1_13,G,K,G,G,G,K,S,D,K,D,C,D,C,ID=65_13;partial=00;start_type=ATG;rbs_motif=GGAGG;rbs_spacer=5-10bp;gc_cont=0.399,ID=65_13;partial=00;start_type=ATG;rbs_motif=GGAGG;rbs_spacer=5-10bp;gc,26.0
PHAG01000007.1_75,G,K,G,G,G,K,S,D,K,D,C,D,C,ID=30_75;partial=00;start_type=ATG;rbs_motif=AGGA;rbs_spacer=5-10bp;gc_cont=0.380,ID=30_75;partial=00;start_type=ATG;rbs_motif=AGGA;rbs_spacer=5-10bp;gc,26.0
PKUD01000114.1_5,G,K,G,G,G,K,S,D,K,D,C,D,C,ID=199_5;partial=00;start_type=ATG;rbs_motif=AGGA;rbs_spacer=5-10bp;gc_cont=0.589,ID=199_5;partial=00;start_type=ATG;rbs_motif=AGGA;rbs_spacer=5-10bp;gc,26.0
PLHC01000066.1_108,G,K,G,G,G,K,S,D,K,D,C,D,C,ID=1_108;partial=00;start_type=ATG;rbs_motif=AGGAG;rbs_spacer=5-10bp;gc_cont=0.579,ID=1_108;partial=00;start_type=ATG;rbs_motif=AGGAG;rbs_spacer=5-10bp;gc,26.0
PMKP01000231.1_20,G,K,G,G,G,K,S,D,K,D,C,D,C,ID=168_20;partial=01;start_type=ATG;rbs_motif=AGGA;rbs_spacer=5-10bp;gc_cont=0.618,ID=168_20;partial=01;start_type=ATG;rbs_motif=AGGA;rbs_spacer=5-10bp;gc,26.0
PQXE01000038.1_17,G,K,G,G,G,K,S,D,K,D,C,D,C,ID=108_17;partial=00;start_type=ATG;rbs_motif=AGGAG;rbs_spacer=5-10bp;gc_cont=0.504,ID=108_17;partial=00;start_type=ATG;rbs_motif=AGGAG;rbs_spacer=5-10bp;gc,26.0
QKAP01000041.1_5,G,K,G,G,G,K,S,D,K,D,C,D,C,ID=31_5;partial=00;start_type=ATG;rbs_motif=GGAG/GAGG;rbs_spacer=5-10bp;gc_cont=0.534,ID=31_5;partial=00;start_type=ATG;rbs_motif=GGAG/GAGG;rbs_spacer=5-10bp;gc,26.0
DLXW01000100.1_19,G,K,G,G,G,K,S,D,K,D,C,D,C,ID=306_19;partial=00;start_type=ATG;rbs_motif=GGA/GAG/AGG;rbs_spacer=5-10bp;gc_cont=0.450,ID=306_19;partial=00;start_type=ATG;rbs_motif=GGA/GAG/AGG;rbs_spacer=5-10bp;gc,26.0
QVQE01000170.1_12,G,K,G,G,G,K,S,D,K,D,C,D,C,ID=94_12;partial=00;start_type=ATG;rbs_motif=AGGAG;rbs_spacer=5-10bp;gc_cont=0.425,ID=94_12;partial=00;start_type=ATG;rbs_motif=AGGAG;rbs_spacer=5-10bp;gc,26.0
RXJO01000168.1_1,G,K,G,G,G,K,S,D,K,D,C,D,C,ID=527_1;partial=00;start_type=ATG;rbs_motif=GGAG/GAGG;rbs_spacer=5-10bp;gc_cont=0.616,ID=527_1;partial=00;start_type=ATG;rbs_motif=GGAG/GAGG;rbs_spacer=5-10bp;gc,26.0
SCUU01000051.1_10,G,K,G,G,G,K,S,D,K,D,C,D,C,ID=207_10;partial=00;start_type=ATG;rbs_motif=AGGAG;rbs_spacer=5-10bp;gc_cont=0.573,ID=207_10;partial=00;start_type=ATG;rbs_motif=AGGAG;rbs_spacer=5-10bp;gc,26.0
SUEG01000023.1_38,G,K,G,G,G,K,S,D,K,D,C,D,C,ID=155_38;partial=00;start_type=ATG;rbs_motif=AGGA;rbs_spacer=5-10bp;gc_cont=0.597,ID=155_38;partial=00;start_type=ATG;rbs_motif=AGGA;rbs_spacer=5-10bp;gc,26.0
SKZT01000016.1_18,G,K,G,G,G,K,S,D,K,D,C,D,C,ID=196_18;partial=00;start_type=ATG;rbs_motif=AGGA;rbs_spacer=5-10bp;gc_cont=0.491,ID=196_18;partial=00;start_type=ATG;rbs_motif=AGGA;rbs_spacer=5-10bp;gc,26.0
VLTH01000002.1_2057,G,K,G,G,G,K,S,D,K,D,C,D,C,ID=2_2057;partial=00;start_type=ATG;rbs_motif=GGAG/GAGG;rbs_spacer=5-10bp;gc_cont=0.366,ID=2_2057;partial=00;start_type=ATG;rbs_motif=GGAG/GAGG;rbs_spacer=5-10bp;gc,26.0
WSNO01000022.1_72,G,K,G,G,G,K,S,D,K,D,C,D,C,ID=50_72;partial=00;start_type=ATG;rbs_motif=AGGAGG;rbs_spacer=5-10bp;gc_cont=0.571,ID=50_72;partial=00;start_type=ATG;rbs_motif=AGGAGG;rbs_spacer=5-10bp;gc,26.0
DRKX01000122.1_9,G,K,G,G,G,K,S,D,K,D,C,D,C,ID=122_9;partial=00;start_type=ATG;rbs_motif=AGGAGG;rbs_spacer=5-10bp;gc_cont=0.599,ID=122_9;partial=00;start_type=ATG;rbs_motif=AGGAGG;rbs_spacer=5-10bp;gc,26.0
WOZJ01000062.1_15,G,K,G,G,G,K,S,D,K,D,C,D,C,ID=14_15;partial=00;start_type=ATG;rbs_motif=AGGAGG;rbs_spacer=5-10bp;gc_cont=0.590,ID=14_15;partial=00;start_type=ATG;rbs_motif=AGGAGG;rbs_spacer=5-10bp;gc,26.0
JAAYVE010000057.1_13,G,K,G,G,G,K,S,D,K,D,C,D,C,ID=26_13;partial=00;start_type=ATG;rbs_motif=AGGAGG;rbs_spacer=5-10bp;gc_cont=0.615,ID=26_13;partial=00;start_type=ATG;rbs_motif=AGGAGG;rbs_spacer=5-10bp;gc,26.0
JABEVC010000190.1_3,G,K,G,G,G,K,S,D,K,D,C,D,C,ID=103_3;partial=00;start_type=ATG;rbs_motif=AGGAG;rbs_spacer=5-10bp;gc_cont=0.618,ID=103_3;partial=00;start_type=ATG;rbs_motif=AGGAG;rbs_spacer=5-10bp;gc,26.0
JABLWZ010000015.1_43,G,K,G,G,G,K,S,D,K,D,C,D,C,ID=7_43;partial=00;start_type=ATG;rbs_motif=AGGAGG;rbs_spacer=5-10bp;gc_cont=0.572,ID=7_43;partial=00;start_type=ATG;rbs_motif=AGGAGG;rbs_spacer=5-10bp;gc,26.0
JAAXWP010000005.1_26,G,K,G,G,G,K,S,D,K,D,C,D,C,ID=22_26;partial=00;start_type=ATG;rbs_motif=None;rbs_spacer=None;gc_cont=0.562,ID=22_26;partial=00;start_type=ATG;rbs_motif=None;rbs_spacer=None;gc,26.0
JACAUB010000001.1_2216,G,K,G,G,G,K,S,D,K,D,C,D,C,ID=1_2216;partial=00;start_type=ATG;rbs_motif=None;rbs_spacer=None;gc_cont=0.429,ID=1_2216;partial=00;start_type=ATG;rbs_motif=None;rbs_spacer=None;gc,26.0
JABZFQ010000194.1_5,G,K,G,G,G,K,S,D,K,D,C,D,C,ID=325_5;partial=00;start_type=ATG;rbs_motif=AGGAGG;rbs_spacer=5-10bp;gc_cont=0.473,ID=325_5;partial=00;start_type=ATG;rbs_motif=AGGAGG;rbs_spacer=5-10bp;gc,26.0
SVFV01000012.1_13,G,K,G,G,G,K,S,D,K,D,C,D,C,ID=56_13;partial=00;start_type=ATG;rbs_motif=AGGAGG;rbs_spacer=5-10bp;gc_cont=0.408,ID=56_13;partial=00;start_type=ATG;rbs_motif=AGGAGG;rbs_spacer=5-10bp;gc,26.0
JADGBH010000045.1_11,G,K,G,G,G,K,S,D,K,D,C,D,C,ID=150_11;partial=00;start_type=ATG;rbs_motif=AGGA;rbs_spacer=5-10bp;gc_cont=0.381,ID=150_11;partial=00;start_type=ATG;rbs_motif=AGGA;rbs_spacer=5-10bp;gc,26.0
CP042469.1_3318,G,K,G,G,G,K,S,D,K,D,C,D,C,ID=1_3318;partial=00;start_type=ATG;rbs_motif=AGGAGG;rbs_spacer=5-10bp;gc_cont=0.488,ID=1_3318;partial=00;start_type=ATG;rbs_motif=AGGAGG;rbs_spacer=5-10bp;gc,26.0
JAECRO010000012.1_27,G,K,G,G,G,K,S,D,K,D,C,D,C,ID=15_27;partial=00;start_type=ATG;rbs_motif=GGAG/GAGG;rbs_spacer=5-10bp;gc_cont=0.584,ID=15_27;partial=00;start_type=ATG;rbs_motif=GGAG/GAGG;rbs_spacer=5-10bp;gc,26.0
JACQWU010000204.1_3,G,K,G,G,G,K,S,D,K,D,C,D,C,ID=58_3;partial=00;start_type=ATG;rbs_motif=AGGAG;rbs_spacer=5-10bp;gc_cont=0.397,ID=58_3;partial=00;start_type=ATG;rbs_motif=AGGAG;rbs_spacer=5-10bp;gc,26.0
JACRHC010000049.1_15,G,K,G,G,G,K,S,D,K,D,C,D,C,ID=139_15;partial=00;start_type=ATG;rbs_motif=AGGAGG;rbs_spacer=5-10bp;gc_cont=0.550,ID=139_15;partial=00;start_type=ATG;rbs_motif=AGGAGG;rbs_spacer=5-10bp;gc,26.0
JACRHD010000067.1_124,G,K,G,G,G,K,S,D,K,D,C,D,C,ID=53_124;partial=00;start_type=ATG;rbs_motif=AGGAG;rbs_spacer=5-10bp;gc_cont=0.502,ID=53_124;partial=00;start_type=ATG;rbs_motif=AGGAG;rbs_spacer=5-10bp;gc,26.0
JAEEQL010000050.1_10,G,K,G,G,G,K,S,D,K,D,C,D,C,ID=31_10;partial=00;start_type=ATG;rbs_motif=AGGAG;rbs_spacer=5-10bp;gc_cont=0.489,ID=31_10;partial=00;start_type=ATG;rbs_motif=AGGAG;rbs_spacer=5-10bp;gc,26.0
JADJEV010000004.1_484,G,K,G,G,G,K,S,D,K,D,C,D,C,ID=4_484;partial=00;start_type=ATG;rbs_motif=AGGAG;rbs_spacer=5-10bp;gc_cont=0.608,ID=4_484;partial=00;start_type=ATG;rbs_motif=AGGAG;rbs_spacer=5-10bp;gc,26.0
JADGDX010000016.1_14,G,K,G,G,G,K,S,D,K,D,C,D,C,ID=74_14;partial=00;start_type=ATG;rbs_motif=GGA/GAG/AGG;rbs_spacer=5-10bp;gc_cont=0.495,ID=74_14;partial=00;start_type=ATG;rbs_motif=GGA/GAG/AGG;rbs_spacer=5-10bp;gc,26.0
JAENZP010000001.1_252,G,K,G,G,G,K,S,D,K,D,C,D,C,ID=13_252;partial=00;start_type=ATG;rbs_motif=GGAGG;rbs_spacer=5-10bp;gc_cont=0.509,ID=13_252;partial=00;start_type=ATG;rbs_motif=GGAGG;rbs_spacer=5-10bp;gc,26.0
JAFGDW010000180.1_32,G,K,G,G,G,K,S,D,K,D,C,D,C,ID=315_32;partial=00;start_type=GTG;rbs_motif=AGGAG;rbs_spacer=5-10bp;gc_cont=0.492,ID=315_32;partial=00;start_type=GTG;rbs_motif=AGGAG;rbs_spacer=5-10bp;gc,26.0
JAFGTV010000065.1_17,G,K,G,G,G,K,S,D,K,D,C,D,C,ID=21_17;partial=00;start_type=ATG;rbs_motif=AGGA;rbs_spacer=5-10bp;gc_cont=0.618,ID=21_17;partial=00;start_type=ATG;rbs_motif=AGGA;rbs_spacer=5-10bp;gc,26.0
JAFPVA010000043.1_27,G,K,G,G,G,K,S,D,K,D,C,D,C,ID=316_27;partial=00;start_type=ATG;rbs_motif=AGGAG;rbs_spacer=5-10bp;gc_cont=0.444,ID=316_27;partial=00;start_type=ATG;rbs_motif=AGGAG;rbs_spacer=5-10bp;gc,26.0
JAFUGL010000135.1_7,G,K,G,G,G,K,S,D,K,D,C,D,C,ID=85_7;partial=00;start_type=ATG;rbs_motif=AGGA;rbs_spacer=5-10bp;gc_cont=0.431,ID=85_7;partial=00;start_type=ATG;rbs_motif=AGGA;rbs_spacer=5-10bp;gc,26.0
JAFXPK010000001.1_120,G,K,G,G,G,K,S,D,K,D,C,D,C,ID=47_120;partial=00;start_type=ATG;rbs_motif=TAAAA;rbs_spacer=13bp;gc_cont=0.523,ID=47_120;partial=00;start_type=ATG;rbs_motif=TAAAA;rbs_spacer=13bp;gc,26.0
JAFZWX010000061.1_16,G,K,G,G,G,K,S,D,K,D,C,D,C,ID=163_16;partial=00;start_type=ATG;rbs_motif=AGGAG;rbs_spacer=5-10bp;gc_cont=0.417,ID=163_16;partial=00;start_type=ATG;rbs_motif=AGGAG;rbs_spacer=5-10bp;gc,26.0
JAFNAB010000032.1_19,G,K,G,G,G,K,S,D,K,D,C,D,C,ID=219_19;partial=00;start_type=ATG;rbs_motif=AGGAG;rbs_spacer=5-10bp;gc_cont=0.601,ID=219_19;partial=00;start_type=ATG;rbs_motif=AGGAG;rbs_spacer=5-10bp;gc,26.0
JAGDAL010000098.1_4,G,K,G,G,G,K,S,D,K,D,C,D,C,ID=67_4;partial=00;start_type=ATG;rbs_motif=AGGA;rbs_spacer=5-10bp;gc_cont=0.481,ID=67_4;partial=00;start_type=ATG;rbs_motif=AGGA;rbs_spacer=5-10bp;gc,26.0
JAFEDK010000030.1_51,G,K,G,G,G,K,S,D,K,D,C,D,C,ID=23_51;partial=00;start_type=ATG;rbs_motif=AGGAG;rbs_spacer=5-10bp;gc_cont=0.604,ID=23_51;partial=00;start_type=ATG;rbs_motif=AGGAG;rbs_spacer=5-10bp;gc,26.0
JAHIVH010000061.1_307,G,K,G,G,G,K,S,D,K,D,C,D,C,ID=132_307;partial=00;start_type=ATG;rbs_motif=AGGAGG;rbs_spacer=5-10bp;gc_cont=0.478,ID=132_307;partial=00;start_type=ATG;rbs_motif=AGGAGG;rbs_spacer=5-10bp;gc,26.0
JAHILF010000141.1_23,G,K,G,G,G,K,S,D,K,D,C,D,C,ID=110_23;partial=00;start_type=ATG;rbs_motif=AGGAG;rbs_spacer=5-10bp;gc_cont=0.547,ID=110_23;partial=00;start_type=ATG;rbs_motif=AGGAG;rbs_spacer=5-10bp;gc,26.0
JAHZCJ010000010.1_79,G,K,G,G,G,K,S,D,K,D,C,D,C,ID=2_79;partial=00;start_type=ATG;rbs_motif=GGAG/GAGG;rbs_spacer=5-10bp;gc_cont=0.591,ID=2_79;partial=00;start_type=ATG;rbs_motif=GGAG/GAGG;rbs_spacer=5-10bp;gc,26.0
JAIHAN010000010.1_39,G,K,G,G,G,K,S,D,K,D,C,D,C,ID=77_39;partial=00;start_type=ATG;rbs_motif=AGGAGG;rbs_spacer=5-10bp;gc_cont=0.470,ID=77_39;partial=00;start_type=ATG;rbs_motif=AGGAGG;rbs_spacer=5-10bp;gc,26.0
JAHLLK010000028.1_38,G,K,G,G,G,K,S,D,K,D,C,D,C,ID=16_38;partial=00;start_type=ATG;rbs_motif=AGGAGG;rbs_spacer=5-10bp;gc_cont=0.632,ID=16_38;partial=00;start_type=ATG;rbs_motif=AGGAGG;rbs_spacer=5-10bp;gc,26.0
DYNN01000019.1_2,G,K,G,G,G,K,S,D,K,D,C,D,C,ID=133_2;partial=00;start_type=ATG;rbs_motif=AGGAG;rbs_spacer=5-10bp;gc_cont=0.394,ID=133_2;partial=00;start_type=ATG;rbs_motif=AGGAG;rbs_spacer=5-10bp;gc,26.0
JAIORP010000047.1_28,G,K,G,G,G,K,S,D,K,D,C,D,C,ID=25_28;partial=00;start_type=ATG;rbs_motif=AGGAGG;rbs_spacer=5-10bp;gc_cont=0.428,ID=25_28;partial=00;start_type=ATG;rbs_motif=AGGAGG;rbs_spacer=5-10bp;gc,26.0
JAGFND010000012.1_6,G,K,G,G,G,K,S,D,K,D,C,D,C,ID=24_6;partial=00;start_type=ATG;rbs_motif=AGGAGG;rbs_spacer=3-4bp;gc_cont=0.492,ID=24_6;partial=00;start_type=ATG;rbs_motif=AGGAGG;rbs_spacer=3-4bp;gc,26.0
JAJYBH010000089.1_4,G,K,G,G,G,K,S,D,K,D,C,D,C,ID=183_4;partial=00;start_type=ATG;rbs_motif=GGAG/GAGG;rbs_spacer=5-10bp;gc_cont=0.571,ID=183_4;partial=00;start_type=ATG;rbs_motif=GGAG/GAGG;rbs_spacer=5-10bp;gc,26.0
JAJXTT010000109.1_3,G,K,G,G,G,K,S,D,K,D,C,D,C,ID=67_3;partial=00;start_type=ATG;rbs_motif=AGGAG;rbs_spacer=5-10bp;gc_cont=0.580,ID=67_3;partial=00;start_type=ATG;rbs_motif=AGGAG;rbs_spacer=5-10bp;gc,26.0
JAJYTC010000041.1_1,G,K,G,G,G,K,S,D,K,D,C,D,C,ID=84_1;partial=00;start_type=ATG;rbs_motif=AGGAGG;rbs_spacer=5-10bp;gc_cont=0.579,ID=84_1;partial=00;start_type=ATG;rbs_motif=AGGAGG;rbs_spacer=5-10bp;gc,26.0
JAJZRP010000015.1_24,G,K,G,G,G,K,S,D,K,D,C,D,C,ID=19_24;partial=00;start_type=ATG;rbs_motif=AGGAG;rbs_spacer=5-10bp;gc_cont=0.573,ID=19_24;partial=00;start_type=ATG;rbs_motif=AGGAG;rbs_spacer=5-10bp;gc,26.0
JAKAJL010000016.1_55,G,K,G,G,G,K,S,D,K,D,C,D,C,ID=66_55;partial=00;start_type=ATG;rbs_motif=GGAG/GAGG;rbs_spacer=5-10bp;gc_cont=0.618,ID=66_55;partial=00;start_type=ATG;rbs_motif=GGAG/GAGG;rbs_spacer=5-10bp;gc,26.0
JAKALP010000042.1_12,G,K,G,G,G,K,S,D,K,D,C,D,C,ID=9_12;partial=00;start_type=ATG;rbs_motif=AGGAG;rbs_spacer=5-10bp;gc_cont=0.567,ID=9_12;partial=00;start_type=ATG;rbs_motif=AGGAG;rbs_spacer=5-10bp;gc,26.0
JAJZVW010000033.1_21,G,K,G,G,G,K,S,D,K,D,C,D,C,ID=27_21;partial=00;start_type=ATG;rbs_motif=GGA/GAG/AGG;rbs_spacer=5-10bp;gc_cont=0.643,ID=27_21;partial=00;start_type=ATG;rbs_motif=GGA/GAG/AGG;rbs_spacer=5-10bp;gc,26.0
JAFLJT010000090.1_5,G,K,G,G,G,K,S,D,K,D,C,D,C,ID=338_5;partial=01;start_type=ATG;rbs_motif=GGAGG;rbs_spacer=5-10bp;gc_cont=0.550,ID=338_5;partial=01;start_type=ATG;rbs_motif=GGAGG;rbs_spacer=5-10bp;gc,26.0
JALOBP010000043.1_12,G,K,G,G,G,K,S,D,K,D,C,D,C,ID=120_12;partial=00;start_type=ATG;rbs_motif=GGAG/GAGG;rbs_spacer=5-10bp;gc_cont=0.579,ID=120_12;partial=00;start_type=ATG;rbs_motif=GGAG/GAGG;rbs_spacer=5-10bp;gc,26.0
JAEWIZ010000034.1_70,G,K,G,G,G,K,S,D,K,D,C,D,C,ID=25_70;partial=00;start_type=ATG;rbs_motif=AGGAGG;rbs_spacer=5-10bp;gc_cont=0.443,ID=25_70;partial=00;start_type=ATG;rbs_motif=AGGAGG;rbs_spacer=5-10bp;gc,26.0
JAEWMQ010000078.1_12,G,K,G,G,G,K,S,D,K,D,C,D,C,ID=46_12;partial=00;start_type=ATG;rbs_motif=AGGAGG;rbs_spacer=5-10bp;gc_cont=0.377,ID=46_12;partial=00;start_type=ATG;rbs_motif=AGGAGG;rbs_spacer=5-10bp;gc,26.0
JAEWQJ010000036.1_31,G,K,G,G,G,K,S,D,K,D,C,D,C,ID=22_31;partial=00;start_type=ATG;rbs_motif=AGGAG;rbs_spacer=5-10bp;gc_cont=0.468,ID=22_31;partial=00;start_type=ATG;rbs_motif=AGGAG;rbs_spacer=5-10bp;gc,26.0
JAEYPP010000074.1_60,G,K,G,G,G,K,S,D,K,D,C,D,C,ID=41_60;partial=00;start_type=ATG;rbs_motif=AGGAGG;rbs_spacer=5-10bp;gc_cont=0.391,ID=41_60;partial=00;start_type=ATG;rbs_motif=AGGAGG;rbs_spacer=5-10bp;gc,26.0
JAEZMV010000001.1_94,G,K,G,G,G,K,S,D,K,D,C,D,C,ID=23_94;partial=00;start_type=ATG;rbs_motif=AGGAGG;rbs_spacer=5-10bp;gc_cont=0.432,ID=23_94;partial=00;start_type=ATG;rbs_motif=AGGAGG;rbs_spacer=5-10bp;gc,26.0
JAEZYD010000022.1_122,G,K,G,G,G,K,S,D,K,D,C,D,C,ID=52_122;partial=00;start_type=ATG;rbs_motif=GGAG/GAGG;rbs_spacer=5-10bp;gc_cont=0.595,ID=52_122;partial=00;start_type=ATG;rbs_motif=GGAG/GAGG;rbs_spacer=5-10bp;gc,26.0
JAEZDJ010000022.1_2,G,K,G,G,G,K,S,D,K,D,C,D,C,ID=107_2;partial=00;start_type=ATG;rbs_motif=GGA/GAG/AGG;rbs_spacer=5-10bp;gc_cont=0.604,ID=107_2;partial=00;start_type=ATG;rbs_motif=GGA/GAG/AGG;rbs_spacer=5-10bp;gc,26.0
JAEZJQ010000049.1_7,G,K,G,G,G,K,S,D,K,D,C,D,C,ID=108_7;partial=00;start_type=ATG;rbs_motif=GGxGG;rbs_spacer=5-10bp;gc_cont=0.492,ID=108_7;partial=00;start_type=ATG;rbs_motif=GGxGG;rbs_spacer=5-10bp;gc,26.0
JAEWRF010000004.1_3,G,K,G,G,G,K,S,D,K,D,C,D,C,ID=4_3;partial=00;start_type=ATG;rbs_motif=AGGAGG;rbs_spacer=5-10bp;gc_cont=0.564,ID=4_3;partial=00;start_type=ATG;rbs_motif=AGGAGG;rbs_spacer=5-10bp;gc,26.0
JACKPW010000028.1_48,G,K,G,G,G,K,S,D,K,D,C,D,C,ID=28_48;partial=00;start_type=ATG;rbs_motif=None;rbs_spacer=None;gc_cont=0.627,ID=28_48;partial=00;start_type=ATG;rbs_motif=None;rbs_spacer=None;gc,26.0
JAGXHM010000015.1_1,G,K,G,G,G,K,S,D,K,D,C,D,C,ID=136_1;partial=10;start_type=ATG;rbs_motif=AGGA;rbs_spacer=5-10bp;gc_cont=0.574,ID=136_1;partial=10;start_type=ATG;rbs_motif=AGGA;rbs_spacer=5-10bp;gc,26.0
JAILOW010000074.1_26,G,K,G,G,G,K,S,D,K,D,C,D,C,ID=84_26;partial=00;start_type=ATG;rbs_motif=AGGAG;rbs_spacer=5-10bp;gc_cont=0.474,ID=84_26;partial=00;start_type=ATG;rbs_motif=AGGAG;rbs_spacer=5-10bp;gc,26.0
JAILPS010000019.1_11,G,K,G,G,G,K,S,D,K,D,C,D,C,ID=12_11;partial=00;start_type=ATG;rbs_motif=GGAG/GAGG;rbs_spacer=5-10bp;gc_cont=0.489,ID=12_11;partial=00;start_type=ATG;rbs_motif=GGAG/GAGG;rbs_spacer=5-10bp;gc,26.0
FOFK01000007.1_23,G,K,G,G,G,K,S,D,K,D,C,D,C,ID=15_23;partial=00;start_type=ATG;rbs_motif=AGGA;rbs_spacer=5-10bp;gc_cont=0.371,ID=15_23;partial=00;start_type=ATG;rbs_motif=AGGA;rbs_spacer=5-10bp;gc,26.0
ONEQ01000111.1_8,G,K,G,G,G,K,S,D,K,D,C,D,C,ID=179_8;partial=00;start_type=ATG;rbs_motif=AGGAG;rbs_spacer=5-10bp;gc_cont=0.572,ID=179_8;partial=00;start_type=ATG;rbs_motif=AGGAG;rbs_spacer=5-10bp;gc,26.0
CAAGIS010000051.1_17,G,K,G,G,G,K,S,D,K,D,C,D,C,ID=51_17;partial=00;start_type=ATG;rbs_motif=AGGAG;rbs_spacer=5-10bp;gc_cont=0.441,ID=51_17;partial=00;start_type=ATG;rbs_motif=AGGAG;rbs_spacer=5-10bp;gc,26.0
CACXDK010000379.1_3,G,K,G,G,G,K,S,D,K,D,C,D,C,ID=379_3;partial=00;start_type=GTG;rbs_motif=AGGAG;rbs_spacer=5-10bp;gc_cont=0.391,ID=379_3;partial=00;start_type=GTG;rbs_motif=AGGAG;rbs_spacer=5-10bp;gc,26.0
CACZEJ010000030.1_5,G,K,G,G,G,K,S,D,K,D,C,D,C,ID=30_5;partial=00;start_type=ATG;rbs_motif=GGA/GAG/AGG;rbs_spacer=11-12bp;gc_cont=0.496,ID=30_5;partial=00;start_type=ATG;rbs_motif=GGA/GAG/AGG;rbs_spacer=11-12bp;gc,26.0
CADAHS010000002.1_123,G,K,G,G,G,K,S,D,K,D,C,D,C,ID=2_123;partial=00;start_type=ATG;rbs_motif=GGAGG;rbs_spacer=5-10bp;gc_cont=0.484,ID=2_123;partial=00;start_type=ATG;rbs_motif=GGAGG;rbs_spacer=5-10bp;gc,26.0
CADCCO010000138.1_4,G,K,G,G,G,K,S,D,K,D,C,D,C,ID=138_4;partial=00;start_type=ATG;rbs_motif=AGGAGG;rbs_spacer=5-10bp;gc_cont=0.543,ID=138_4;partial=00;start_type=ATG;rbs_motif=AGGAGG;rbs_spacer=5-10bp;gc,26.0
CAIJNL010000041.1_36,G,K,G,G,G,K,S,D,K,D,C,D,C,ID=41_36;partial=00;start_type=ATG;rbs_motif=GGAGG;rbs_spacer=5-10bp;gc_cont=0.535,ID=41_36;partial=00;start_type=ATG;rbs_motif=GGAGG;rbs_spacer=5-10bp;gc,26.0
CAIMPI010000015.1_135,G,K,G,G,G,K,S,D,K,D,C,D,C,ID=15_135;partial=00;start_type=ATG;rbs_motif=GGA/GAG/AGG;rbs_spacer=5-10bp;gc_cont=0.482,ID=15_135;partial=00;start_type=ATG;rbs_motif=GGA/GAG/AGG;rbs_spacer=5-10bp;gc,26.0
CAIPMW010000065.1_10,G,K,G,G,G,K,S,D,K,D,C,D,C,ID=65_10;partial=00;start_type=ATG;rbs_motif=None;rbs_spacer=None;gc_cont=0.486,ID=65_10;partial=00;start_type=ATG;rbs_motif=None;rbs_spacer=None;gc,26.0
CAIRFY010000156.1_5,G,K,G,G,G,K,S,D,K,D,C,D,C,ID=156_5;partial=00;start_type=ATG;rbs_motif=AGGAG;rbs_spacer=5-10bp;gc_cont=0.611,ID=156_5;partial=00;start_type=ATG;rbs_motif=AGGAG;rbs_spacer=5-10bp;gc,26.0
CAIUUR010000082.1_2,G,K,G,G,G,K,S,D,K,D,C,D,C,ID=82_2;partial=00;start_type=ATG;rbs_motif=AGGAG;rbs_spacer=5-10bp;gc_cont=0.588,ID=82_2;partial=00;start_type=ATG;rbs_motif=AGGAG;rbs_spacer=5-10bp;gc,26.0
CAIYCT010000518.1_2,G,K,G,G,G,K,S,D,K,D,C,D,C,ID=518_2;partial=00;start_type=ATG;rbs_motif=AGGAG;rbs_spacer=5-10bp;gc_cont=0.562,ID=518_2;partial=00;start_type=ATG;rbs_motif=AGGAG;rbs_spacer=5-10bp;gc,26.0
CAJAFV010000065.1_37,G,K,G,G,G,K,S,D,K,D,C,D,C,ID=65_37;partial=00;start_type=ATG;rbs_motif=AGGAG;rbs_spacer=5-10bp;gc_cont=0.539,ID=65_37;partial=00;start_type=ATG;rbs_motif=AGGAG;rbs_spacer=5-10bp;gc,26.0
CAJMPJ010000011.1_91,G,K,G,G,G,K,S,D,K,D,C,D,C,ID=11_91;partial=00;start_type=ATG;rbs_motif=AGGAGG;rbs_spacer=5-10bp;gc_cont=0.453,ID=11_91;partial=00;start_type=ATG;rbs_motif=AGGAGG;rbs_spacer=5-10bp;gc,26.0
CAJXUY010000002.1_354,G,K,G,G,G,K,S,D,K,D,C,D,C,ID=2_354;partial=00;start_type=ATG;rbs_motif=AGGAG;rbs_spacer=5-10bp;gc_cont=0.445,ID=2_354;partial=00;start_type=ATG;rbs_motif=AGGAG;rbs_spacer=5-10bp;gc,26.0
CAMCAC010000199.1_2,G,K,G,G,G,K,S,D,K,D,C,D,C,ID=199_2;partial=00;start_type=ATG;rbs_motif=AGGAG;rbs_spacer=5-10bp;gc_cont=0.648,ID=199_2;partial=00;start_type=ATG;rbs_motif=AGGAG;rbs_spacer=5-10bp;gc,26.0
NC_007952.1_1551,G,K,G,G,G,K,S,D,K,D,C,D,C,ID=2_1551;partial=00;start_type=ATG;rbs_motif=GGAG/GAGG;rbs_spacer=5-10bp;gc_cont=0.616,ID=2_1551;partial=00;start_type=ATG;rbs_motif=GGAG/GAGG;rbs_spacer=5-10bp;gc,26.0
NC_010803.1_695,G,K,G,G,G,K,S,D,K,D,C,D,C,ID=1_695;partial=00;start_type=ATG;rbs_motif=None;rbs_spacer=None;gc_cont=0.519,ID=1_695;partial=00;start_type=ATG;rbs_motif=None;rbs_spacer=None;gc,26.0
NC_014008.1_2849,G,K,G,G,G,K,S,D,K,D,C,D,C,ID=1_2849;partial=00;start_type=ATG;rbs_motif=None;rbs_spacer=None;gc_cont=0.526,ID=1_2849;partial=00;start_type=ATG;rbs_motif=None;rbs_spacer=None;gc,26.0
NZ_AAXW01000004.1_155,G,K,G,G,G,K,S,D,K,D,C,D,C,ID=160_155;partial=00;start_type=ATG;rbs_motif=GGA/GAG/AGG;rbs_spacer=5-10bp;gc_cont=0.448,ID=160_155;partial=00;start_type=ATG;rbs_motif=GGA/GAG/AGG;rbs_spacer=5-10bp;gc,26.0
NZ_KI912183.1_849,G,K,G,G,G,K,S,D,K,D,C,D,C,ID=1_849;partial=00;start_type=ATG;rbs_motif=AGGAGG;rbs_spacer=5-10bp;gc_cont=0.525,ID=1_849;partial=00;start_type=ATG;rbs_motif=AGGAGG;rbs_spacer=5-10bp;gc,26.0
NZ_CM001488.1_3182,G,K,G,G,G,K,S,D,K,D,C,D,C,ID=1_3182;partial=00;start_type=ATG;rbs_motif=AGGAG/GGAGG;rbs_spacer=11-12bp;gc_cont=0.531,ID=1_3182;partial=00;start_type=ATG;rbs_motif=AGGAG/GGAGG;rbs_spacer=11-12bp;gc,26.0
NC_018025.1_5444,G,K,G,G,G,K,S,D,K,D,C,D,C,ID=1_5444;partial=00;start_type=ATG;rbs_motif=GGxGG;rbs_spacer=5-10bp;gc_cont=0.508,ID=1_5444;partial=00;start_type=ATG;rbs_motif=GGxGG;rbs_spacer=5-10bp;gc,26.0
NZ_KK020677.1_671,G,K,G,G,G,K,S,D,K,D,C,D,C,ID=3_671;partial=00;start_type=ATG;rbs_motif=GGAG/GAGG;rbs_spacer=5-10bp;gc_cont=0.620,ID=3_671;partial=00;start_type=ATG;rbs_motif=GGAG/GAGG;rbs_spacer=5-10bp;gc,26.0
NC_020453.1_2237,G,K,G,G,G,K,S,D,K,D,C,D,C,ID=1_2237;partial=00;start_type=ATG;rbs_motif=GGAG/GAGG;rbs_spacer=5-10bp;gc_cont=0.630,ID=1_2237;partial=00;start_type=ATG;rbs_motif=GGAG/GAGG;rbs_spacer=5-10bp;gc,26.0
NZ_KB901877.1_195,G,K,G,G,G,K,S,D,K,D,C,D,C,ID=3_195;partial=00;start_type=ATG;rbs_motif=None;rbs_spacer=None;gc_cont=0.589,ID=3_195;partial=00;start_type=ATG;rbs_motif=None;rbs_spacer=None;gc,26.0
NZ_ATHV01000020.1_10,G,K,G,G,G,K,S,D,K,D,C,D,C,ID=20_10;partial=00;start_type=ATG;rbs_motif=AGGAGG;rbs_spacer=5-10bp;gc_cont=0.646,ID=20_10;partial=00;start_type=ATG;rbs_motif=AGGAGG;rbs_spacer=5-10bp;gc,26.0
NZ_AUGE01000002.1_65,G,K,G,G,G,K,S,D,K,D,C,D,C,ID=2_65;partial=00;start_type=ATG;rbs_motif=AGGAG;rbs_spacer=5-10bp;gc_cont=0.625,ID=2_65;partial=00;start_type=ATG;rbs_motif=AGGAG;rbs_spacer=5-10bp;gc,26.0
NZ_CBQR020000141.1_35,G,K,G,G,G,K,S,D,K,D,C,D,C,ID=141_35;partial=00;start_type=ATG;rbs_motif=AGGA;rbs_spacer=5-10bp;gc_cont=0.544,ID=141_35;partial=00;start_type=ATG;rbs_motif=AGGA;rbs_spacer=5-10bp;gc,26.0
NZ_AZAJ01000001.1_1878,G,K,G,G,G,K,S,D,K,D,C,D,C,ID=1_1878;partial=00;start_type=ATG;rbs_motif=AGxAGG/AGGxGG;rbs_spacer=5-10bp;gc_cont=0.460,ID=1_1878;partial=00;start_type=ATG;rbs_motif=AGxAGG/AGGxGG;rbs_spacer=5-10bp;gc,26.0
NZ_AZUI01000001.1_5343,G,K,G,G,G,K,S,D,K,D,C,D,C,ID=1_5343;partial=00;start_type=ATG;rbs_motif=AGGAGG;rbs_spacer=5-10bp;gc_cont=0.497,ID=1_5343;partial=00;start_type=ATG;rbs_motif=AGGAGG;rbs_spacer=5-10bp;gc,26.0
NZ_JMMA01000002.1_737,G,K,G,G,G,K,S,D,K,D,C,D,C,ID=2_737;partial=00;start_type=ATG;rbs_motif=GGAG/GAGG;rbs_spacer=5-10bp;gc_cont=0.509,ID=2_737;partial=00;start_type=ATG;rbs_motif=GGAG/GAGG;rbs_spacer=5-10bp;gc,26.0
NZ_JPOQ01000010.1_45,G,K,G,G,G,K,S,D,K,D,C,D,C,ID=10_45;partial=00;start_type=ATG;rbs_motif=AGGAG;rbs_spacer=5-10bp;gc_cont=0.557,ID=10_45;partial=00;start_type=ATG;rbs_motif=AGGAG;rbs_spacer=5-10bp;gc,26.0
NZ_CP006879.1_258,G,K,G,G,G,K,S,D,K,D,C,D,C,ID=3_258;partial=00;start_type=ATG;rbs_motif=AGGA;rbs_spacer=5-10bp;gc_cont=0.603,ID=3_258;partial=00;start_type=ATG;rbs_motif=AGGA;rbs_spacer=5-10bp;gc,26.0
NZ_CP009526.1_860,G,K,G,G,G,K,S,D,K,D,C,D,C,ID=1_860;partial=00;start_type=ATG;rbs_motif=AGGAG;rbs_spacer=5-10bp;gc_cont=0.450,ID=1_860;partial=00;start_type=ATG;rbs_motif=AGGAG;rbs_spacer=5-10bp;gc,26.0
NZ_LGTC01000001.1_5337,G,K,G,G,G,K,S,D,K,D,C,D,C,ID=1_5337;partial=00;start_type=ATG;rbs_motif=GGAGG;rbs_spacer=5-10bp;gc_cont=0.414,ID=1_5337;partial=00;start_type=ATG;rbs_motif=GGAGG;rbs_spacer=5-10bp;gc,26.0
NZ_LN890327.1_474,G,K,G,G,G,K,S,D,K,D,C,D,C,ID=16_474;partial=00;start_type=ATG;rbs_motif=AGGAG;rbs_spacer=5-10bp;gc_cont=0.351,ID=16_474;partial=00;start_type=ATG;rbs_motif=AGGAG;rbs_spacer=5-10bp;gc,26.0
NZ_BDCR01000002.1_21,G,K,G,G,G,K,S,D,K,D,C,D,C,ID=2_21;partial=00;start_type=ATG;rbs_motif=AAA;rbs_spacer=11bp;gc_cont=0.470,ID=2_21;partial=00;start_type=ATG;rbs_motif=AAA;rbs_spacer=11bp;gc,26.0
NZ_LYPL01000004.1_250,G,K,G,G,G,K,S,D,K,D,C,D,C,ID=77_250;partial=00;start_type=ATG;rbs_motif=AGGA;rbs_spacer=5-10bp;gc_cont=0.553,ID=77_250;partial=00;start_type=ATG;rbs_motif=AGGA;rbs_spacer=5-10bp;gc,26.0
NZ_LPWE01000011.1_287,G,K,G,G,G,K,S,D,K,D,C,D,C,ID=11_287;partial=00;start_type=ATG;rbs_motif=AGGAG;rbs_spacer=5-10bp;gc_cont=0.607,ID=11_287;partial=00;start_type=ATG;rbs_motif=AGGAG;rbs_spacer=5-10bp;gc,26.0
NZ_LGHK01000001.1_51,G,K,G,G,G,K,S,D,K,D,C,D,C,ID=1_51;partial=00;start_type=ATG;rbs_motif=GGAG/GAGG;rbs_spacer=5-10bp;gc_cont=0.597,ID=1_51;partial=00;start_type=ATG;rbs_motif=GGAG/GAGG;rbs_spacer=5-10bp;gc,26.0
NZ_LUAV01000021.1_43,G,K,G,G,G,K,S,D,K,D,C,D,C,ID=21_43;partial=00;start_type=ATG;rbs_motif=AGGA;rbs_spacer=5-10bp;gc_cont=0.597,ID=21_43;partial=00;start_type=ATG;rbs_motif=AGGA;rbs_spacer=5-10bp;gc,26.0
NZ_LSLK01000061.1_20,G,K,G,G,G,K,S,D,K,D,C,D,C,ID=61_20;partial=00;start_type=ATG;rbs_motif=AGGAGG;rbs_spacer=5-10bp;gc_cont=0.438,ID=61_20;partial=00;start_type=ATG;rbs_motif=AGGAGG;rbs_spacer=5-10bp;gc,26.0
NZ_AP018316.1_1265,G,K,G,G,G,K,S,D,K,D,C,D,C,ID=1_1265;partial=00;start_type=ATG;rbs_motif=AGGA;rbs_spacer=5-10bp;gc_cont=0.457,ID=1_1265;partial=00;start_type=ATG;rbs_motif=AGGA;rbs_spacer=5-10bp;gc,26.0
NZ_CP020370.1_1811,G,K,G,G,G,K,S,D,K,D,C,D,C,ID=1_1811;partial=00;start_type=ATG;rbs_motif=AGGAG;rbs_spacer=5-10bp;gc_cont=0.627,ID=1_1811;partial=00;start_type=ATG;rbs_motif=AGGAG;rbs_spacer=5-10bp;gc,26.0
NZ_PTJA01000002.1_67,G,K,G,G,G,K,S,D,K,D,C,D,C,ID=2_67;partial=00;start_type=ATG;rbs_motif=AGGAGG;rbs_spacer=5-10bp;gc_cont=0.475,ID=2_67;partial=00;start_type=ATG;rbs_motif=AGGAGG;rbs_spacer=5-10bp;gc,26.0
NZ_PYCN01000042.1_28,G,K,G,G,G,K,S,D,K,D,C,D,C,ID=274_28;partial=00;start_type=ATG;rbs_motif=GGAG/GAGG;rbs_spacer=5-10bp;gc_cont=0.607,ID=274_28;partial=00;start_type=ATG;rbs_motif=GGAG/GAGG;rbs_spacer=5-10bp;gc,26.0
NZ_QJJS01000014.1_56,G,K,G,G,G,K,S,D,K,D,C,D,C,ID=14_56;partial=00;start_type=ATG;rbs_motif=GGAG/GAGG;rbs_spacer=5-10bp;gc_cont=0.634,ID=14_56;partial=00;start_type=ATG;rbs_motif=GGAG/GAGG;rbs_spacer=5-10bp;gc,26.0
NZ_QPJT01000020.1_28,G,K,G,G,G,K,S,D,K,D,C,D,C,ID=20_28;partial=00;start_type=ATG;rbs_motif=GGAGG;rbs_spacer=5-10bp;gc_cont=0.438,ID=20_28;partial=00;start_type=ATG;rbs_motif=GGAGG;rbs_spacer=5-10bp;gc,26.0
NZ_RAPV01000001.1_1603,G,K,G,G,G,K,S,D,K,D,C,D,C,ID=1_1603;partial=00;start_type=ATG;rbs_motif=GGAG/GAGG;rbs_spacer=5-10bp;gc_cont=0.602,ID=1_1603;partial=00;start_type=ATG;rbs_motif=GGAG/GAGG;rbs_spacer=5-10bp;gc,26.0
NZ_CP034443.1_2400,G,K,G,G,G,K,S,D,K,D,C,D,C,ID=1_2400;partial=00;start_type=ATG;rbs_motif=AGGA;rbs_spacer=5-10bp;gc_cont=0.601,ID=1_2400;partial=00;start_type=ATG;rbs_motif=AGGA;rbs_spacer=5-10bp;gc,26.0
NZ_SADR02000028.1_50,G,K,G,G,G,K,S,D,K,D,C,D,C,ID=209_50;partial=00;start_type=ATG;rbs_motif=AGGA;rbs_spacer=5-10bp;gc_cont=0.582,ID=209_50;partial=00;start_type=ATG;rbs_motif=AGGA;rbs_spacer=5-10bp;gc,26.0
NZ_PSRT01000006.1_61,G,K,G,G,G,K,S,D,K,D,C,D,C,ID=6_61;partial=00;start_type=ATG;rbs_motif=GGAG/GAGG;rbs_spacer=5-10bp;gc_cont=0.589,ID=6_61;partial=00;start_type=ATG;rbs_motif=GGAG/GAGG;rbs_spacer=5-10bp;gc,26.0
NZ_SMBU01000003.1_111,G,K,G,G,G,K,S,D,K,D,C,D,C,ID=3_111;partial=00;start_type=ATG;rbs_motif=GGAG/GAGG;rbs_spacer=5-10bp;gc_cont=0.650,ID=3_111;partial=00;start_type=ATG;rbs_motif=GGAG/GAGG;rbs_spacer=5-10bp;gc,26.0
NZ_SRUO01000023.1_50,G,K,G,G,G,K,S,D,K,D,C,D,C,ID=153_50;partial=00;start_type=ATG;rbs_motif=AGGA;rbs_spacer=5-10bp;gc_cont=0.601,ID=153_50;partial=00;start_type=ATG;rbs_motif=AGGA;rbs_spacer=5-10bp;gc,26.0
NZ_CP054024.1_150,G,K,G,G,G,K,S,D,K,D,C,D,C,ID=4_150;partial=00;start_type=ATG;rbs_motif=AGGA;rbs_spacer=5-10bp;gc_cont=0.547,ID=4_150;partial=00;start_type=ATG;rbs_motif=AGGA;rbs_spacer=5-10bp;gc,26.0
NZ_CP041656.1_5036,G,K,G,G,G,K,S,D,K,D,C,D,C,ID=1_5036;partial=00;start_type=ATG;rbs_motif=GGAG/GAGG;rbs_spacer=5-10bp;gc_cont=0.617,ID=1_5036;partial=00;start_type=ATG;rbs_motif=GGAG/GAGG;rbs_spacer=5-10bp;gc,26.0
NZ_VSDO01000001.1_598,G,K,G,G,G,K,S,D,K,D,C,D,C,ID=1_598;partial=00;start_type=ATG;rbs_motif=AGGA;rbs_spacer=5-10bp;gc_cont=0.558,ID=1_598;partial=00;start_type=ATG;rbs_motif=AGGA;rbs_spacer=5-10bp;gc,26.0
NZ_WAIE01000001.1_513,G,K,G,G,G,K,S,D,K,D,C,D,C,ID=1_513;partial=00;start_type=ATG;rbs_motif=GGAGG;rbs_spacer=5-10bp;gc_cont=0.591,ID=1_513;partial=00;start_type=ATG;rbs_motif=GGAGG;rbs_spacer=5-10bp;gc,26.0
NZ_WJFC01000112.1_5,G,K,G,G,G,K,S,D,K,D,C,D,C,ID=112_5;partial=00;start_type=ATG;rbs_motif=AGGA;rbs_spacer=5-10bp;gc_cont=0.469,ID=112_5;partial=00;start_type=ATG;rbs_motif=AGGA;rbs_spacer=5-10bp;gc,26.0
NZ_CP048000.1_2801,G,K,G,G,G,K,S,D,K,D,C,D,C,ID=1_2801;partial=00;start_type=ATG;rbs_motif=AGGAGG;rbs_spacer=5-10bp;gc_cont=0.426,ID=1_2801;partial=00;start_type=ATG;rbs_motif=AGGAGG;rbs_spacer=5-10bp;gc,26.0
NZ_CP088285.1_4502,G,K,G,G,G,K,S,D,K,D,C,D,C,ID=1_4502;partial=00;start_type=ATG;rbs_motif=GGAG/GAGG;rbs_spacer=5-10bp;gc_cont=0.594,ID=1_4502;partial=00;start_type=ATG;rbs_motif=GGAG/GAGG;rbs_spacer=5-10bp;gc,26.0
NZ_SPMZ01000036.1_70,G,K,G,G,G,K,S,D,K,D,C,D,C,ID=36_70;partial=00;start_type=ATG;rbs_motif=GGAG/GAGG;rbs_spacer=5-10bp;gc_cont=0.591,ID=36_70;partial=00;start_type=ATG;rbs_motif=GGAG/GAGG;rbs_spacer=5-10bp;gc,26.0
NZ_JABVWW010000006.1_44,G,K,G,G,G,K,S,D,K,D,C,D,C,ID=61_44;partial=00;start_type=ATG;rbs_motif=AGGAG;rbs_spacer=5-10bp;gc_cont=0.604,ID=61_44;partial=00;start_type=ATG;rbs_motif=AGGAG;rbs_spacer=5-10bp;gc,26.0
NZ_BLXZ01000001.1_8,G,K,G,G,G,K,S,D,K,D,C,D,C,ID=1_8;partial=00;start_type=ATG;rbs_motif=AGGAG;rbs_spacer=5-10bp;gc_cont=0.606,ID=1_8;partial=00;start_type=ATG;rbs_motif=AGGAG;rbs_spacer=5-10bp;gc,26.0
NZ_JACHVC010000008.1_89,G,K,G,G,G,K,S,D,K,D,C,D,C,ID=8_89;partial=00;start_type=ATG;rbs_motif=None;rbs_spacer=None;gc_cont=0.531,ID=8_89;partial=00;start_type=ATG;rbs_motif=None;rbs_spacer=None;gc,26.0
NZ_JACJSM010000006.1_149,G,K,G,G,G,K,S,D,K,D,C,D,C,ID=39_149;partial=00;start_type=ATG;rbs_motif=None;rbs_spacer=None;gc_cont=0.543,ID=39_149;partial=00;start_type=ATG;rbs_motif=None;rbs_spacer=None;gc,26.0
NZ_CP064191.1_156,G,K,G,G,G,K,S,D,K,D,C,D,C,ID=5_156;partial=00;start_type=ATG;rbs_motif=AGGA;rbs_spacer=5-10bp;gc_cont=0.589,ID=5_156;partial=00;start_type=ATG;rbs_motif=AGGA;rbs_spacer=5-10bp;gc,26.0
NZ_NRRG01000012.1_66,G,K,G,G,G,K,S,D,K,D,C,D,C,ID=12_66;partial=00;start_type=ATG;rbs_motif=AGGAG;rbs_spacer=5-10bp;gc_cont=0.610,ID=12_66;partial=00;start_type=ATG;rbs_motif=AGGAG;rbs_spacer=5-10bp;gc,26.0
NZ_AP023243.1_6452,G,K,G,G,G,K,S,D,K,D,C,D,C,ID=1_6452;partial=00;start_type=ATG;rbs_motif=AGGA;rbs_spacer=5-10bp;gc_cont=0.603,ID=1_6452;partial=00;start_type=ATG;rbs_motif=AGGA;rbs_spacer=5-10bp;gc,26.0
NZ_BMBA01000015.1_12,G,K,G,G,G,K,S,D,K,D,C,D,C,ID=15_12;partial=00;start_type=ATG;rbs_motif=GGAGG;rbs_spacer=5-10bp;gc_cont=0.375,ID=15_12;partial=00;start_type=ATG;rbs_motif=GGAGG;rbs_spacer=5-10bp;gc,26.0
NZ_JAGINP010000014.1_117,G,K,G,G,G,K,S,D,K,D,C,D,C,ID=14_117;partial=00;start_type=ATG;rbs_motif=AGGAG;rbs_spacer=5-10bp;gc_cont=0.650,ID=14_117;partial=00;start_type=ATG;rbs_motif=AGGAG;rbs_spacer=5-10bp;gc,26.0
NZ_JAGWDJ010000036.1_7,G,K,G,G,G,K,S,D,K,D,C,D,C,ID=36_7;partial=00;start_type=ATG;rbs_motif=GGAG/GAGG;rbs_spacer=5-10bp;gc_cont=0.606,ID=36_7;partial=00;start_type=ATG;rbs_motif=GGAG/GAGG;rbs_spacer=5-10bp;gc,26.0
NZ_CP064782.1_76,G,K,G,G,G,K,S,D,K,D,C,D,C,ID=1_76;partial=00;start_type=ATG;rbs_motif=AGGAG/GGAGG;rbs_spacer=11-12bp;gc_cont=0.590,ID=1_76;partial=00;start_type=ATG;rbs_motif=AGGAG/GGAGG;rbs_spacer=11-12bp;gc,26.0
NZ_JAIOGQ010000046.1_11,G,K,G,G,G,K,S,D,K,D,C,D,C,ID=41_11;partial=00;start_type=ATG;rbs_motif=GGAGG;rbs_spacer=5-10bp;gc_cont=0.506,ID=41_11;partial=00;start_type=ATG;rbs_motif=GGAGG;rbs_spacer=5-10bp;gc,26.0
NZ_BLAY01000018.1_39,G,K,G,G,G,K,S,D,K,D,C,D,C,ID=18_39;partial=00;start_type=ATG;rbs_motif=GGA/GAG/AGG;rbs_spacer=5-10bp;gc_cont=0.516,ID=18_39;partial=00;start_type=ATG;rbs_motif=GGA/GAG/AGG;rbs_spacer=5-10bp;gc,26.0
NZ_CP088156.1_6825,G,K,G,G,G,K,S,D,K,D,C,D,C,ID=1_6825;partial=00;start_type=ATG;rbs_motif=GGAG/GAGG;rbs_spacer=5-10bp;gc_cont=0.623,ID=1_6825;partial=00;start_type=ATG;rbs_motif=GGAG/GAGG;rbs_spacer=5-10bp;gc,26.0
NZ_CP091913.1_2915,G,K,G,G,G,K,S,D,K,D,C,D,C,ID=1_2915;partial=00;start_type=ATG;rbs_motif=AGGA;rbs_spacer=5-10bp;gc_cont=0.477,ID=1_2915;partial=00;start_type=ATG;rbs_motif=AGGA;rbs_spacer=5-10bp;gc,26.0
NZ_JALHLG010000003.1_225,G,K,G,G,G,K,S,D,K,D,C,D,C,ID=32_225;partial=00;start_type=ATG;rbs_motif=AGGAG;rbs_spacer=5-10bp;gc_cont=0.616,ID=32_225;partial=00;start_type=ATG;rbs_motif=AGGAG;rbs_spacer=5-10bp;gc,26.0
NZ_JAMJXC010000067.1_1,G,K,G,G,G,K,S,D,K,D,C,D,C,ID=67_1;partial=00;start_type=ATG;rbs_motif=AGGAG;rbs_spacer=5-10bp;gc_cont=0.642,ID=67_1;partial=00;start_type=ATG;rbs_motif=AGGAG;rbs_spacer=5-10bp;gc,26.0
NZ_JAMBPQ010000011.1_7,G,K,G,G,G,K,S,D,K,D,C,D,C,ID=3_7;partial=00;start_type=ATG;rbs_motif=GGAG/GAGG;rbs_spacer=5-10bp;gc_cont=0.568,ID=3_7;partial=00;start_type=ATG;rbs_motif=GGAG/GAGG;rbs_spacer=5-10bp;gc,26.0
NZ_FCOQ01000018.1_850,G,K,G,G,G,K,S,D,K,D,C,D,C,ID=18_850;partial=00;start_type=ATG;rbs_motif=GGAGG;rbs_spacer=5-10bp;gc_cont=0.562,ID=18_850;partial=00;start_type=ATG;rbs_motif=GGAGG;rbs_spacer=5-10bp;gc,26.0
NZ_FMVW01000002.1_552,G,K,G,G,G,K,S,D,K,D,C,D,C,ID=12_552;partial=00;start_type=ATG;rbs_motif=GGAG/GAGG;rbs_spacer=5-10bp;gc_cont=0.603,ID=12_552;partial=00;start_type=ATG;rbs_motif=GGAG/GAGG;rbs_spacer=5-10bp;gc,26.0
NZ_FOBS01000018.1_23,G,K,G,G,G,K,S,D,K,D,C,D,C,ID=57_23;partial=00;start_type=ATG;rbs_motif=AGGAG;rbs_spacer=5-10bp;gc_cont=0.595,ID=57_23;partial=00;start_type=ATG;rbs_motif=AGGAG;rbs_spacer=5-10bp;gc,26.0
NZ_FOTS01000001.1_71,G,K,G,G,G,K,S,D,K,D,C,D,C,ID=78_71;partial=00;start_type=ATG;rbs_motif=AGxAGG/AGGxGG;rbs_spacer=5-10bp;gc_cont=0.414,ID=78_71;partial=00;start_type=ATG;rbs_motif=AGxAGG/AGGxGG;rbs_spacer=5-10bp;gc,26.0
NZ_FQYT01000018.1_43,G,K,G,G,G,K,S,D,K,D,C,D,C,ID=7_43;partial=00;start_type=ATG;rbs_motif=AGGAGG;rbs_spacer=5-10bp;gc_cont=0.474,ID=7_43;partial=00;start_type=ATG;rbs_motif=AGGAGG;rbs_spacer=5-10bp;gc,26.0
NZ_FTOM01000003.1_171,G,K,G,G,G,K,S,D,K,D,C,D,C,ID=20_171;partial=00;start_type=ATG;rbs_motif=GGAG/GAGG;rbs_spacer=5-10bp;gc_cont=0.619,ID=20_171;partial=00;start_type=ATG;rbs_motif=GGAG/GAGG;rbs_spacer=5-10bp;gc,26.0
NZ_LT896716.1_1304,G,K,G,G,G,K,S,D,K,D,C,D,C,ID=1_1304;partial=00;start_type=ATG;rbs_motif=AGGAG;rbs_spacer=5-10bp;gc_cont=0.597,ID=1_1304;partial=00;start_type=ATG;rbs_motif=AGGAG;rbs_spacer=5-10bp;gc,26.0
NZ_LR213770.1_6,G,K,G,G,G,K,S,D,K,D,C,D,C,ID=5_6;partial=00;start_type=ATG;rbs_motif=None;rbs_spacer=None;gc_cont=0.424,ID=5_6;partial=00;start_type=ATG;rbs_motif=None;rbs_spacer=None;gc,26.0
NZ_CAKXZT010000116.1_84,G,K,G,G,G,K,S,D,K,D,C,D,C,ID=116_84;partial=00;start_type=ATG;rbs_motif=AGGA;rbs_spacer=5-10bp;gc_cont=0.600,ID=116_84;partial=00;start_type=ATG;rbs_motif=AGGA;rbs_spacer=5-10bp;gc,26.0
PJFB01000002.1_333,G,K,G,G,G,K,S,D,K,D,C,D,C,ID=12_333;partial=00;start_type=ATG;rbs_motif=AGGAG;rbs_spacer=5-10bp;gc_cont=0.516,ID=12_333;partial=00;start_type=ATG;rbs_motif=AGGAG;rbs_spacer=5-10bp;gc,26.0
JAKLQL010000156.1_6,G,K,G,G,G,K,S,D,K,D,C,D,C,ID=82_6;partial=00;start_type=ATG;rbs_motif=GGAG/GAGG;rbs_spacer=5-10bp;gc_cont=0.448,ID=82_6;partial=00;start_type=ATG;rbs_motif=GGAG/GAGG;rbs_spacer=5-10bp;gc,26.0
JAEZFP010000059.1_126,G,K,G,G,G,K,S,D,K,D,C,D,C,ID=70_126;partial=00;start_type=ATG;rbs_motif=AGGAG;rbs_spacer=5-10bp;gc_cont=0.540,ID=70_126;partial=00;start_type=ATG;rbs_motif=AGGAG;rbs_spacer=5-10bp;gc,26.0
CAIXLG010000001.1_6,G,K,G,G,G,K,S,D,K,D,C,D,C,ID=1_6;partial=00;start_type=ATG;rbs_motif=None;rbs_spacer=None;gc_cont=0.467,ID=1_6;partial=00;start_type=ATG;rbs_motif=None;rbs_spacer=None;gc,26.0
NZ_BADD01000439.1_2,G,K,G,G,G,K,S,D,K,D,C,D,C,ID=364_2;partial=00;start_type=ATG;rbs_motif=AGGAG;rbs_spacer=5-10bp;gc_cont=0.607,ID=364_2;partial=00;start_type=ATG;rbs_motif=AGGAG;rbs_spacer=5-10bp;gc,26.0
NZ_CP014007.2_2180,G,K,G,G,G,K,S,D,K,D,C,D,C,ID=1_2180;partial=00;start_type=ATG;rbs_motif=GGAG/GAGG;rbs_spacer=5-10bp;gc_cont=0.501,ID=1_2180;partial=00;start_type=ATG;rbs_motif=GGAG/GAGG;rbs_spacer=5-10bp;gc,26.0
NZ_SMAA01000010.1_78,G,K,G,G,G,K,S,D,K,D,C,D,C,ID=10_78;partial=00;start_type=ATG;rbs_motif=GGAG/GAGG;rbs_spacer=5-10bp;gc_cont=0.406,ID=10_78;partial=00;start_type=ATG;rbs_motif=GGAG/GAGG;rbs_spacer=5-10bp;gc,26.0
NZ_WIQM01000007.1_48,G,K,G,G,G,K,S,D,K,D,C,D,C,ID=13_48;partial=00;start_type=ATG;rbs_motif=AGGA/GGAG/GAGG;rbs_spacer=11-12bp;gc_cont=0.415,ID=13_48;partial=00;start_type=ATG;rbs_motif=AGGA/GGAG/GAGG;rbs_spacer=11-12bp;gc,26.0
NZ_FNZK01000024.1_41,G,K,G,G,G,K,S,D,K,D,C,D,C,ID=11_41;partial=00;start_type=ATG;rbs_motif=AGGAG;rbs_spacer=5-10bp;gc_cont=0.399,ID=11_41;partial=00;start_type=ATG;rbs_motif=AGGAG;rbs_spacer=5-10bp;gc,26.0
PMGM01000034.1_5,G,K,G,G,G,K,S,D,K,D,C,D,C,ID=6_5;partial=00;start_type=ATG;rbs_motif=GGAG/GAGG;rbs_spacer=5-10bp;gc_cont=0.391,ID=6_5;partial=00;start_type=ATG;rbs_motif=GGAG/GAGG;rbs_spacer=5-10bp;gc,26.0
NZ_CP009285.1_2701,G,K,G,G,G,K,S,D,K,D,C,D,C,ID=1_2701;partial=00;start_type=ATG;rbs_motif=GGAG/GAGG;rbs_spacer=5-10bp;gc_cont=0.541,ID=1_2701;partial=00;start_type=ATG;rbs_motif=GGAG/GAGG;rbs_spacer=5-10bp;gc,26.0
CAIVAU010000061.1_60,G,K,G,G,G,K,S,D,K,D,C,D,C,ID=61_60;partial=00;start_type=ATG;rbs_motif=AGGA/GGAG/GAGG;rbs_spacer=11-12bp;gc_cont=0.463,ID=61_60;partial=00;start_type=ATG;rbs_motif=AGGA/GGAG/GAGG;rbs_spacer=11-12bp;gc,26.0
CP019636.1_4018,G,K,G,G,G,K,S,D,K,D,C,D,C,ID=1_4018;partial=00;start_type=ATG;rbs_motif=AGGAG;rbs_spacer=5-10bp;gc_cont=0.458,ID=1_4018;partial=00;start_type=ATG;rbs_motif=AGGAG;rbs_spacer=5-10bp;gc,26.0
CP005991.1_513,G,K,G,G,G,K,S,D,K,D,C,D,C,ID=1_513;partial=00;start_type=ATG;rbs_motif=AGGAG;rbs_spacer=5-10bp;gc_cont=0.545,ID=1_513;partial=00;start_type=ATG;rbs_motif=AGGAG;rbs_spacer=5-10bp;gc,26.0
LM655202.1_252,G,K,G,G,G,K,S,D,K,D,C,D,C,ID=43_252;partial=00;start_type=ATG;rbs_motif=AGGA;rbs_spacer=5-10bp;gc_cont=0.597,ID=43_252;partial=00;start_type=ATG;rbs_motif=AGGA;rbs_spacer=5-10bp;gc,26.0
LOEZ01000019.1_90,G,K,G,G,G,K,S,D,K,D,C,D,C,ID=19_90;partial=00;start_type=ATG;rbs_motif=AGGAGG;rbs_spacer=5-10bp;gc_cont=0.419,ID=19_90;partial=00;start_type=ATG;rbs_motif=AGGAGG;rbs_spacer=5-10bp;gc,26.0
LRMT01000064.1_36,G,K,G,G,G,K,S,D,K,D,C,D,C,ID=64_36;partial=00;start_type=TTG;rbs_motif=None;rbs_spacer=None;gc_cont=0.550,ID=64_36;partial=00;start_type=TTG;rbs_motif=None;rbs_spacer=None;gc,26.0
MHBK01000027.1_28,G,K,G,G,G,K,S,D,K,D,C,D,C,ID=27_28;partial=00;start_type=ATG;rbs_motif=AGGAG;rbs_spacer=5-10bp;gc_cont=0.608,ID=27_28;partial=00;start_type=ATG;rbs_motif=AGGAG;rbs_spacer=5-10bp;gc,26.0
MVRN01000118.1_10,G,K,G,G,G,K,S,D,K,D,C,D,C,ID=118_10;partial=00;start_type=GTG;rbs_motif=AGxAGG/AGGxGG;rbs_spacer=5-10bp;gc_cont=0.520,ID=118_10;partial=00;start_type=GTG;rbs_motif=AGxAGG/AGGxGG;rbs_spacer=5-10bp;gc,26.0
DBRO01000109.1_32,G,K,G,G,G,K,S,D,K,D,C,D,C,ID=84_32;partial=00;start_type=ATG;rbs_motif=GGAGG;rbs_spacer=5-10bp;gc_cont=0.519,ID=84_32;partial=00;start_type=ATG;rbs_motif=GGAGG;rbs_spacer=5-10bp;gc,26.0
DDOS01000126.1_23,G,K,G,G,G,K,S,D,K,D,C,D,C,ID=112_23;partial=00;start_type=ATG;rbs_motif=AGGAGG;rbs_spacer=5-10bp;gc_cont=0.405,ID=112_23;partial=00;start_type=ATG;rbs_motif=AGGAGG;rbs_spacer=5-10bp;gc,26.0
DFJV01000113.1_27,G,K,G,G,G,K,S,D,K,D,C,D,C,ID=116_27;partial=00;start_type=ATG;rbs_motif=AGGAG;rbs_spacer=5-10bp;gc_cont=0.507,ID=116_27;partial=00;start_type=ATG;rbs_motif=AGGAG;rbs_spacer=5-10bp;gc,26.0
DHQI01000129.1_10,G,K,G,G,G,K,S,D,K,D,C,D,C,ID=71_10;partial=00;start_type=ATG;rbs_motif=TAAA;rbs_spacer=11bp;gc_cont=0.435,ID=71_10;partial=00;start_type=ATG;rbs_motif=TAAA;rbs_spacer=11bp;gc,26.0
DIKR01000103.1_5,G,K,G,G,G,K,S,D,K,D,C,D,C,ID=92_5;partial=00;start_type=ATG;rbs_motif=GGAGG;rbs_spacer=5-10bp;gc_cont=0.587,ID=92_5;partial=00;start_type=ATG;rbs_motif=GGAGG;rbs_spacer=5-10bp;gc,26.0
DLCK01000088.1_21,G,K,G,G,G,K,S,D,K,D,C,D,C,ID=20_21;partial=00;start_type=ATG;rbs_motif=AGGA;rbs_spacer=5-10bp;gc_cont=0.538,ID=20_21;partial=00;start_type=ATG;rbs_motif=AGGA;rbs_spacer=5-10bp;gc,26.0
PDZU01000140.1_2,G,K,G,G,G,K,S,D,K,D,C,D,C,ID=64_2;partial=00;start_type=ATG;rbs_motif=AGGAG;rbs_spacer=5-10bp;gc_cont=0.577,ID=64_2;partial=00;start_type=ATG;rbs_motif=AGGAG;rbs_spacer=5-10bp;gc,26.0
PHAV01000014.1_65,G,K,G,G,G,K,S,D,K,D,C,D,C,ID=3_65;partial=00;start_type=ATG;rbs_motif=GGAGG;rbs_spacer=5-10bp;gc_cont=0.586,ID=3_65;partial=00;start_type=ATG;rbs_motif=GGAGG;rbs_spacer=5-10bp;gc,26.0
PKTY01000177.1_3,G,K,G,G,G,K,S,D,K,D,C,D,C,ID=102_3;partial=00;start_type=ATG;rbs_motif=AGGA;rbs_spacer=5-10bp;gc_cont=0.542,ID=102_3;partial=00;start_type=ATG;rbs_motif=AGGA;rbs_spacer=5-10bp;gc,26.0
PLHP01000198.1_2,G,K,G,G,G,K,S,D,K,D,C,D,C,ID=84_2;partial=00;start_type=ATG;rbs_motif=AGGAG;rbs_spacer=5-10bp;gc_cont=0.583,ID=84_2;partial=00;start_type=ATG;rbs_motif=AGGAG;rbs_spacer=5-10bp;gc,26.0
PMIX01000254.1_39,G,K,G,G,G,K,S,D,K,D,C,D,C,ID=429_39;partial=00;start_type=ATG;rbs_motif=AGGA;rbs_spacer=5-10bp;gc_cont=0.608,ID=429_39;partial=00;start_type=ATG;rbs_motif=AGGA;rbs_spacer=5-10bp;gc,26.0
CP031585.1_2217,G,K,G,G,G,K,S,D,K,D,C,D,C,ID=1_2217;partial=00;start_type=ATG;rbs_motif=AGGA;rbs_spacer=5-10bp;gc_cont=0.614,ID=1_2217;partial=00;start_type=ATG;rbs_motif=AGGA;rbs_spacer=5-10bp;gc,26.0
QJZS01000199.1_1,G,K,G,G,G,K,S,D,K,D,C,D,C,ID=76_1;partial=00;start_type=ATG;rbs_motif=AGGAG;rbs_spacer=5-10bp;gc_cont=0.484,ID=76_1;partial=00;start_type=ATG;rbs_motif=AGGAG;rbs_spacer=5-10bp;gc,26.0
QVQD01000094.1_17,G,K,G,G,G,K,S,D,K,D,C,D,C,ID=7_17;partial=00;start_type=ATG;rbs_motif=GGA/GAG/AGG;rbs_spacer=5-10bp;gc_cont=0.398,ID=7_17;partial=00;start_type=ATG;rbs_motif=GGA/GAG/AGG;rbs_spacer=5-10bp;gc,26.0
RXIX01000063.1_11,G,K,G,G,G,K,S,D,K,D,C,D,C,ID=63_11;partial=00;start_type=ATG;rbs_motif=GGAG/GAGG;rbs_spacer=5-10bp;gc_cont=0.602,ID=63_11;partial=00;start_type=ATG;rbs_motif=GGAG/GAGG;rbs_spacer=5-10bp;gc,26.0
SCTN01000256.1_3,G,K,G,G,G,K,S,D,K,D,C,D,C,ID=218_3;partial=00;start_type=ATG;rbs_motif=GGAG/GAGG;rbs_spacer=5-10bp;gc_cont=0.590,ID=218_3;partial=00;start_type=ATG;rbs_motif=GGAG/GAGG;rbs_spacer=5-10bp;gc,26.0
SZPQ01000043.1_26,G,K,G,G,G,K,S,D,K,D,C,D,C,ID=113_26;partial=00;start_type=ATG;rbs_motif=AGGAG;rbs_spacer=5-10bp;gc_cont=0.561,ID=113_26;partial=00;start_type=ATG;rbs_motif=AGGAG;rbs_spacer=5-10bp;gc,26.0
SKYX01000079.1_12,G,K,G,G,G,K,S,D,K,D,C,D,C,ID=298_12;partial=00;start_type=ATG;rbs_motif=GGAGG;rbs_spacer=5-10bp;gc_cont=0.578,ID=298_12;partial=00;start_type=ATG;rbs_motif=GGAGG;rbs_spacer=5-10bp;gc,26.0
QOKW01000007.1_33,G,K,G,G,G,K,S,D,K,D,C,D,C,ID=82_33;partial=00;start_type=ATG;rbs_motif=AGGAG;rbs_spacer=5-10bp;gc_cont=0.649,ID=82_33;partial=00;start_type=ATG;rbs_motif=AGGAG;rbs_spacer=5-10bp;gc,26.0
WSXV01000005.1_5,G,K,G,G,G,K,S,D,K,D,C,D,C,ID=16_5;partial=00;start_type=ATG;rbs_motif=AGGAG;rbs_spacer=5-10bp;gc_cont=0.526,ID=16_5;partial=00;start_type=ATG;rbs_motif=AGGAG;rbs_spacer=5-10bp;gc,26.0
WOYS01000013.1_11,G,K,G,G,G,K,S,D,K,D,C,D,C,ID=4_11;partial=00;start_type=ATG;rbs_motif=AGGAG;rbs_spacer=5-10bp;gc_cont=0.635,ID=4_11;partial=00;start_type=ATG;rbs_motif=AGGAG;rbs_spacer=5-10bp;gc,26.0
JAAYUV010000017.1_9,G,K,G,G,G,K,S,D,K,D,C,D,C,ID=36_9;partial=00;start_type=ATG;rbs_motif=AGGAG;rbs_spacer=5-10bp;gc_cont=0.494,ID=36_9;partial=00;start_type=ATG;rbs_motif=AGGAG;rbs_spacer=5-10bp;gc,26.0
WTCF01000161.1_9,G,K,G,G,G,K,S,D,K,D,C,D,C,ID=208_9;partial=00;start_type=ATG;rbs_motif=GGAGG;rbs_spacer=5-10bp;gc_cont=0.499,ID=208_9;partial=00;start_type=ATG;rbs_motif=GGAGG;rbs_spacer=5-10bp;gc,26.0
JABLXQ010000029.1_25,G,K,G,G,G,K,S,D,K,D,C,D,C,ID=22_25;partial=00;start_type=ATG;rbs_motif=AGGAG;rbs_spacer=5-10bp;gc_cont=0.565,ID=22_25;partial=00;start_type=ATG;rbs_motif=AGGAG;rbs_spacer=5-10bp;gc,26.0
JAAXWO010000013.1_14,G,K,G,G,G,K,S,D,K,D,C,D,C,ID=4_14;partial=00;start_type=ATG;rbs_motif=None;rbs_spacer=None;gc_cont=0.554,ID=4_14;partial=00;start_type=ATG;rbs_motif=None;rbs_spacer=None;gc,26.0
JACAUC010000118.1_10,G,K,G,G,G,K,S,D,K,D,C,D,C,ID=22_10;partial=00;start_type=ATG;rbs_motif=GGAGG;rbs_spacer=5-10bp;gc_cont=0.496,ID=22_10;partial=00;start_type=ATG;rbs_motif=GGAGG;rbs_spacer=5-10bp;gc,26.0
JABZFP010000007.1_203,G,K,G,G,G,K,S,D,K,D,C,D,C,ID=27_203;partial=00;start_type=ATG;rbs_motif=AGGA;rbs_spacer=5-10bp;gc_cont=0.560,ID=27_203;partial=00;start_type=ATG;rbs_motif=AGGA;rbs_spacer=5-10bp;gc,26.0
SVFN01000038.1_19,G,K,G,G,G,K,S,D,K,D,C,D,C,ID=10_19;partial=00;start_type=ATG;rbs_motif=AGGA;rbs_spacer=5-10bp;gc_cont=0.466,ID=10_19;partial=00;start_type=ATG;rbs_motif=AGGA;rbs_spacer=5-10bp;gc,26.0
JADGBE010000018.1_33,G,K,G,G,G,K,S,D,K,D,C,D,C,ID=99_33;partial=00;start_type=ATG;rbs_motif=AGGAG;rbs_spacer=5-10bp;gc_cont=0.448,ID=99_33;partial=00;start_type=ATG;rbs_motif=AGGAG;rbs_spacer=5-10bp;gc,26.0
JACYMD010000042.1_27,G,K,G,G,G,K,S,D,K,D,C,D,C,ID=106_27;partial=00;start_type=ATG;rbs_motif=AGGAG;rbs_spacer=5-10bp;gc_cont=0.457,ID=106_27;partial=00;start_type=ATG;rbs_motif=AGGAG;rbs_spacer=5-10bp;gc,26.0
WGNO01000026.1_20,G,K,G,G,G,K,S,D,K,D,C,D,C,ID=41_20;partial=00;start_type=ATG;rbs_motif=AGGAG;rbs_spacer=5-10bp;gc_cont=0.470,ID=41_20;partial=00;start_type=ATG;rbs_motif=AGGAG;rbs_spacer=5-10bp;gc,26.0
JACRHL010000011.1_59,G,K,G,G,G,K,S,D,K,D,C,D,C,ID=6_59;partial=00;start_type=ATG;rbs_motif=GGA/GAG/AGG;rbs_spacer=5-10bp;gc_cont=0.650,ID=6_59;partial=00;start_type=ATG;rbs_motif=GGA/GAG/AGG;rbs_spacer=5-10bp;gc,26.0
JACRHE010000068.1_18,G,K,G,G,G,K,S,D,K,D,C,D,C,ID=13_18;partial=00;start_type=ATG;rbs_motif=AGGAGG;rbs_spacer=5-10bp;gc_cont=0.515,ID=13_18;partial=00;start_type=ATG;rbs_motif=AGGAGG;rbs_spacer=5-10bp;gc,26.0
JACRGN010000129.1_12,G,K,G,G,G,K,S,D,K,D,C,D,C,ID=2_12;partial=00;start_type=ATG;rbs_motif=GGAGG;rbs_spacer=5bp;gc_cont=0.489,ID=2_12;partial=00;start_type=ATG;rbs_motif=GGAGG;rbs_spacer=5bp;gc,26.0
JAEERP010000002.1_176,G,K,G,G,G,K,S,D,K,D,C,D,C,ID=7_176;partial=00;start_type=ATG;rbs_motif=TAAAA;rbs_spacer=13bp;gc_cont=0.528,ID=7_176;partial=00;start_type=ATG;rbs_motif=TAAAA;rbs_spacer=13bp;gc,26.0
JADJLP010000001.1_115,G,K,G,G,G,K,S,D,K,D,C,D,C,ID=1_115;partial=00;start_type=ATG;rbs_motif=GGAG/GAGG;rbs_spacer=5-10bp;gc_cont=0.629,ID=1_115;partial=00;start_type=ATG;rbs_motif=GGAG/GAGG;rbs_spacer=5-10bp;gc,26.0
JADGDW010000026.1_16,G,K,G,G,G,K,S,D,K,D,C,D,C,ID=20_16;partial=00;start_type=ATG;rbs_motif=AGGAG;rbs_spacer=5-10bp;gc_cont=0.398,ID=20_16;partial=00;start_type=ATG;rbs_motif=AGGAG;rbs_spacer=5-10bp;gc,26.0
JAENZN010000005.1_115,G,K,G,G,G,K,S,D,K,D,C,D,C,ID=24_115;partial=00;start_type=ATG;rbs_motif=AGGAGG;rbs_spacer=5-10bp;gc_cont=0.488,ID=24_115;partial=00;start_type=ATG;rbs_motif=AGGAGG;rbs_spacer=5-10bp;gc,26.0
JAFGDQ010000034.1_1,G,K,G,G,G,K,S,D,K,D,C,D,C,ID=63_1;partial=00;start_type=ATG;rbs_motif=None;rbs_spacer=None;gc_cont=0.389,ID=63_1;partial=00;start_type=ATG;rbs_motif=None;rbs_spacer=None;gc,26.0
CP070896.1_981,G,K,G,G,G,K,S,D,K,D,C,D,C,ID=1_981;partial=00;start_type=ATG;rbs_motif=GGAG/GAGG;rbs_spacer=5-10bp;gc_cont=0.471,ID=1_981;partial=00;start_type=ATG;rbs_motif=GGAG/GAGG;rbs_spacer=5-10bp;gc,26.0
JAFOIV010000026.1_32,G,K,G,G,G,K,S,D,K,D,C,D,C,ID=2_32;partial=00;start_type=ATG;rbs_motif=AGGA;rbs_spacer=5-10bp;gc_cont=0.399,ID=2_32;partial=00;start_type=ATG;rbs_motif=AGGA;rbs_spacer=5-10bp;gc,26.0
JAFUFU010000003.1_79,G,K,G,G,G,K,S,D,K,D,C,D,C,ID=59_79;partial=00;start_type=ATG;rbs_motif=GGA/GAG/AGG;rbs_spacer=5-10bp;gc_cont=0.500,ID=59_79;partial=00;start_type=ATG;rbs_motif=GGA/GAG/AGG;rbs_spacer=5-10bp;gc,26.0
JAFXMJ010000571.1_5,G,K,G,G,G,K,S,D,K,D,C,D,C,ID=16_5;partial=00;start_type=ATG;rbs_motif=AATAA;rbs_spacer=5bp;gc_cont=0.528,ID=16_5;partial=00;start_type=ATG;rbs_motif=AATAA;rbs_spacer=5bp;gc,26.0
JAFZQT010000099.1_11,G,K,G,G,G,K,S,D,K,D,C,D,C,ID=123_11;partial=00;start_type=ATG;rbs_motif=AGGAG;rbs_spacer=5-10bp;gc_cont=0.442,ID=123_11;partial=00;start_type=ATG;rbs_motif=AGGAG;rbs_spacer=5-10bp;gc,26.0
JAFNAS010000013.1_19,G,K,G,G,G,K,S,D,K,D,C,D,C,ID=25_19;partial=00;start_type=ATG;rbs_motif=TAA;rbs_spacer=4bp;gc_cont=0.468,ID=25_19;partial=00;start_type=ATG;rbs_motif=TAA;rbs_spacer=4bp;gc,26.0
JAGCZE010000426.1_4,G,K,G,G,G,K,S,D,K,D,C,D,C,ID=224_4;partial=00;start_type=ATG;rbs_motif=GGAG/GAGG;rbs_spacer=5-10bp;gc_cont=0.462,ID=224_4;partial=00;start_type=ATG;rbs_motif=GGAG/GAGG;rbs_spacer=5-10bp;gc,26.0
JAFEDJ010000013.1_160,G,K,G,G,G,K,S,D,K,D,C,D,C,ID=4_160;partial=00;start_type=ATG;rbs_motif=AGGAG;rbs_spacer=5-10bp;gc_cont=0.608,ID=4_160;partial=00;start_type=ATG;rbs_motif=AGGAG;rbs_spacer=5-10bp;gc,26.0
JAHITY010000070.1_33,G,K,G,G,G,K,S,D,K,D,C,D,C,ID=136_33;partial=00;start_type=ATG;rbs_motif=AGGAGG;rbs_spacer=5-10bp;gc_cont=0.445,ID=136_33;partial=00;start_type=ATG;rbs_motif=AGGAGG;rbs_spacer=5-10bp;gc,26.0
JAGRPM010000022.1_60,G,K,G,G,G,K,S,D,K,D,C,D,C,ID=76_60;partial=00;start_type=ATG;rbs_motif=AGGAG;rbs_spacer=5-10bp;gc_cont=0.610,ID=76_60;partial=00;start_type=ATG;rbs_motif=AGGAG;rbs_spacer=5-10bp;gc,26.0
JAIHAU010000030.1_15,G,K,G,G,G,K,S,D,K,D,C,D,C,ID=67_15;partial=00;start_type=ATG;rbs_motif=AGGAGG;rbs_spacer=5-10bp;gc_cont=0.485,ID=67_15;partial=00;start_type=ATG;rbs_motif=AGGAGG;rbs_spacer=5-10bp;gc,26.0
JAHLLM010000043.1_39,G,K,G,G,G,K,S,D,K,D,C,D,C,ID=23_39;partial=00;start_type=ATG;rbs_motif=AGGAG;rbs_spacer=5-10bp;gc_cont=0.502,ID=23_39;partial=00;start_type=ATG;rbs_motif=AGGAG;rbs_spacer=5-10bp;gc,26.0
DYNF01000061.1_3,G,K,G,G,G,K,S,D,K,D,C,D,C,ID=138_3;partial=00;start_type=ATG;rbs_motif=AGGAG;rbs_spacer=5-10bp;gc_cont=0.453,ID=138_3;partial=00;start_type=ATG;rbs_motif=AGGAG;rbs_spacer=5-10bp;gc,26.0
JAIOQW010000087.1_13,G,K,G,G,G,K,S,D,K,D,C,D,C,ID=83_13;partial=00;start_type=ATG;rbs_motif=GGA/GAG/AGG;rbs_spacer=5-10bp;gc_cont=0.467,ID=83_13;partial=00;start_type=ATG;rbs_motif=GGA/GAG/AGG;rbs_spacer=5-10bp;gc,26.0
JAKITW010000014.1_12,G,K,G,G,G,K,S,D,K,D,C,D,C,ID=98_12;partial=00;start_type=ATG;rbs_motif=AGGAGG;rbs_spacer=5-10bp;gc_cont=0.580,ID=98_12;partial=00;start_type=ATG;rbs_motif=AGGAGG;rbs_spacer=5-10bp;gc,26.0
JAJYBB010000001.1_79,G,K,G,G,G,K,S,D,K,D,C,D,C,ID=19_79;partial=00;start_type=ATG;rbs_motif=TAA;rbs_spacer=11bp;gc_cont=0.412,ID=19_79;partial=00;start_type=ATG;rbs_motif=TAA;rbs_spacer=11bp;gc,26.0
JAJXSQ010000274.1_3,G,K,G,G,G,K,S,D,K,D,C,D,C,ID=227_3;partial=00;start_type=ATG;rbs_motif=GGAG/GAGG;rbs_spacer=5-10bp;gc_cont=0.677,ID=227_3;partial=00;start_type=ATG;rbs_motif=GGAG/GAGG;rbs_spacer=5-10bp;gc,26.0
JAJYRD010000046.1_61,G,K,G,G,G,K,S,D,K,D,C,D,C,ID=32_61;partial=00;start_type=ATG;rbs_motif=AGGAG;rbs_spacer=5-10bp;gc_cont=0.593,ID=32_61;partial=00;start_type=ATG;rbs_motif=AGGAG;rbs_spacer=5-10bp;gc,26.0
JAJZRM010000003.1_16,G,K,G,G,G,K,S,D,K,D,C,D,C,ID=169_16;partial=00;start_type=ATG;rbs_motif=AGGAGG;rbs_spacer=5-10bp;gc_cont=0.659,ID=169_16;partial=00;start_type=ATG;rbs_motif=AGGAGG;rbs_spacer=5-10bp;gc,26.0
JAKAIE010000047.1_17,G,K,G,G,G,K,S,D,K,D,C,D,C,ID=70_17;partial=00;start_type=ATG;rbs_motif=AGGAGG;rbs_spacer=5-10bp;gc_cont=0.599,ID=70_17;partial=00;start_type=ATG;rbs_motif=AGGAGG;rbs_spacer=5-10bp;gc,26.0
JAKAHV010000031.1_20,G,K,G,G,G,K,S,D,K,D,C,D,C,ID=14_20;partial=00;start_type=ATG;rbs_motif=AGGAGG;rbs_spacer=5-10bp;gc_cont=0.592,ID=14_20;partial=00;start_type=ATG;rbs_motif=AGGAGG;rbs_spacer=5-10bp;gc,26.0
JAJZUC010000055.1_10,G,K,G,G,G,K,S,D,K,D,C,D,C,ID=69_10;partial=00;start_type=ATG;rbs_motif=AGGAG;rbs_spacer=5-10bp;gc_cont=0.621,ID=69_10;partial=00;start_type=ATG;rbs_motif=AGGAG;rbs_spacer=5-10bp;gc,26.0
JAKSBO010000084.1_11,G,K,G,G,G,K,S,D,K,D,C,D,C,ID=337_11;partial=00;start_type=ATG;rbs_motif=AGGAG;rbs_spacer=5-10bp;gc_cont=0.530,ID=337_11;partial=00;start_type=ATG;rbs_motif=AGGAG;rbs_spacer=5-10bp;gc,26.0
JAFLJO010000024.1_30,G,K,G,G,G,K,S,D,K,D,C,D,C,ID=105_30;partial=00;start_type=ATG;rbs_motif=AGGAG;rbs_spacer=5-10bp;gc_cont=0.486,ID=105_30;partial=00;start_type=ATG;rbs_motif=AGGAG;rbs_spacer=5-10bp;gc,26.0
JALNZQ010000139.1_2,G,K,G,G,G,K,S,D,K,D,C,D,C,ID=7_2;partial=00;start_type=ATG;rbs_motif=GGA/GAG/AGG;rbs_spacer=5-10bp;gc_cont=0.559,ID=7_2;partial=00;start_type=ATG;rbs_motif=GGA/GAG/AGG;rbs_spacer=5-10bp;gc,26.0
JAEWIS010000031.1_334,G,K,G,G,G,K,S,D,K,D,C,D,C,ID=61_334;partial=00;start_type=ATG;rbs_motif=GGAG/GAGG;rbs_spacer=5-10bp;gc_cont=0.564,ID=61_334;partial=00;start_type=ATG;rbs_motif=GGAG/GAGG;rbs_spacer=5-10bp;gc,26.0
JAEWMJ010000048.1_33,G,K,G,G,G,K,S,D,K,D,C,D,C,ID=57_33;partial=00;start_type=ATG;rbs_motif=GGAGG;rbs_spacer=5-10bp;gc_cont=0.540,ID=57_33;partial=00;start_type=ATG;rbs_motif=GGAGG;rbs_spacer=5-10bp;gc,26.0
JAEWQC010000018.1_10,G,K,G,G,G,K,S,D,K,D,C,D,C,ID=78_10;partial=01;start_type=ATG;rbs_motif=GGAGG;rbs_spacer=5-10bp;gc_cont=0.465,ID=78_10;partial=01;start_type=ATG;rbs_motif=GGAGG;rbs_spacer=5-10bp;gc,26.0
JAEYPM010000037.1_8,G,K,G,G,G,K,S,D,K,D,C,D,C,ID=25_8;partial=00;start_type=ATG;rbs_motif=GGAGG;rbs_spacer=5-10bp;gc_cont=0.401,ID=25_8;partial=00;start_type=ATG;rbs_motif=GGAGG;rbs_spacer=5-10bp;gc,26.0
JAEZLY010000139.1_4,G,K,G,G,G,K,S,D,K,D,C,D,C,ID=308_4;partial=00;start_type=ATG;rbs_motif=AGGAG;rbs_spacer=5-10bp;gc_cont=0.461,ID=308_4;partial=00;start_type=ATG;rbs_motif=AGGAG;rbs_spacer=5-10bp;gc,26.0
JAEZXR010000134.1_77,G,K,G,G,G,K,S,D,K,D,C,D,C,ID=98_77;partial=00;start_type=ATG;rbs_motif=AGGAGG;rbs_spacer=5-10bp;gc_cont=0.499,ID=98_77;partial=00;start_type=ATG;rbs_motif=AGGAGG;rbs_spacer=5-10bp;gc,26.0
JAEZDF010000050.1_15,G,K,G,G,G,K,S,D,K,D,C,D,C,ID=106_15;partial=00;start_type=ATG;rbs_motif=GGAGG;rbs_spacer=5-10bp;gc_cont=0.545,ID=106_15;partial=00;start_type=ATG;rbs_motif=GGAGG;rbs_spacer=5-10bp;gc,26.0
JAEZJJ010000034.1_12,G,K,G,G,G,K,S,D,K,D,C,D,C,ID=49_12;partial=00;start_type=ATG;rbs_motif=GGAGG;rbs_spacer=5-10bp;gc_cont=0.365,ID=49_12;partial=00;start_type=ATG;rbs_motif=GGAGG;rbs_spacer=5-10bp;gc,26.0
JAEZNB010000107.1_8,G,K,G,G,G,K,S,D,K,D,C,D,C,ID=51_8;partial=01;start_type=ATG;rbs_motif=GGAGG;rbs_spacer=5-10bp;gc_cont=0.511,ID=51_8;partial=01;start_type=ATG;rbs_motif=GGAGG;rbs_spacer=5-10bp;gc,26.0
JAEWQO010000125.1_63,G,K,G,G,G,K,S,D,K,D,C,D,C,ID=125_63;partial=00;start_type=ATG;rbs_motif=AGGAG;rbs_spacer=5-10bp;gc_cont=0.589,ID=125_63;partial=00;start_type=ATG;rbs_motif=AGGAG;rbs_spacer=5-10bp;gc,26.0
JACKPV010000023.1_317,G,K,G,G,G,K,S,D,K,D,C,D,C,ID=23_317;partial=00;start_type=ATG;rbs_motif=None;rbs_spacer=None;gc_cont=0.634,ID=23_317;partial=00;start_type=ATG;rbs_motif=None;rbs_spacer=None;gc,26.0
JAGXHL010000049.1_108,G,K,G,G,G,K,S,D,K,D,C,D,C,ID=81_108;partial=00;start_type=ATG;rbs_motif=GGA/GAG/AGG;rbs_spacer=5-10bp;gc_cont=0.570,ID=81_108;partial=00;start_type=ATG;rbs_motif=GGA/GAG/AGG;rbs_spacer=5-10bp;gc,26.0
JAILON010000156.1_35,G,K,G,G,G,K,S,D,K,D,C,D,C,ID=13_35;partial=00;start_type=ATG;rbs_motif=AGGAG;rbs_spacer=5-10bp;gc_cont=0.608,ID=13_35;partial=00;start_type=ATG;rbs_motif=AGGAG;rbs_spacer=5-10bp;gc,26.0
JANQAK010000001.1_982,G,K,G,G,G,K,S,D,K,D,C,D,C,ID=5_982;partial=00;start_type=ATG;rbs_motif=GGAG/GAGG;rbs_spacer=5-10bp;gc_cont=0.639,ID=5_982;partial=00;start_type=ATG;rbs_motif=GGAG/GAGG;rbs_spacer=5-10bp;gc,26.0
FOIY01000003.1_137,G,K,G,G,G,K,S,D,K,D,C,D,C,ID=5_137;partial=00;start_type=ATG;rbs_motif=AGGA;rbs_spacer=5-10bp;gc_cont=0.503,ID=5_137;partial=00;start_type=ATG;rbs_motif=AGGA;rbs_spacer=5-10bp;gc,26.0
ONET01000001.1_18,G,K,G,G,G,K,S,D,K,D,C,D,C,ID=54_18;partial=00;start_type=ATG;rbs_motif=GGAGG;rbs_spacer=5-10bp;gc_cont=0.541,ID=54_18;partial=00;start_type=ATG;rbs_motif=GGAGG;rbs_spacer=5-10bp;gc,26.0
CABDWT010000016.1_861,G,K,G,G,G,K,S,D,K,D,C,D,C,ID=16_861;partial=00;start_type=ATG;rbs_motif=AGGAG;rbs_spacer=5-10bp;gc_cont=0.553,ID=16_861;partial=00;start_type=ATG;rbs_motif=AGGAG;rbs_spacer=5-10bp;gc,26.0
CACXEU010000002.1_6,G,K,G,G,G,K,S,D,K,D,C,D,C,ID=2_6;partial=00;start_type=ATG;rbs_motif=AGGA;rbs_spacer=5-10bp;gc_cont=0.392,ID=2_6;partial=00;start_type=ATG;rbs_motif=AGGA;rbs_spacer=5-10bp;gc,26.0
CACZFN010000023.1_7,G,K,G,G,G,K,S,D,K,D,C,D,C,ID=23_7;partial=00;start_type=ATG;rbs_motif=GGAG/GAGG;rbs_spacer=5-10bp;gc_cont=0.492,ID=23_7;partial=00;start_type=ATG;rbs_motif=GGAG/GAGG;rbs_spacer=5-10bp;gc,26.0
CADAIP010000006.1_130,G,K,G,G,G,K,S,D,K,D,C,D,C,ID=6_130;partial=00;start_type=ATG;rbs_motif=AGxAG;rbs_spacer=5-10bp;gc_cont=0.483,ID=6_130;partial=00;start_type=ATG;rbs_motif=AGxAG;rbs_spacer=5-10bp;gc,26.0
CADCDW010000008.1_40,G,K,G,G,G,K,S,D,K,D,C,D,C,ID=8_40;partial=00;start_type=ATG;rbs_motif=AGGA;rbs_spacer=5-10bp;gc_cont=0.423,ID=8_40;partial=00;start_type=ATG;rbs_motif=AGGA;rbs_spacer=5-10bp;gc,26.0
CAIJOU010000740.1_2,G,K,G,G,G,K,S,D,K,D,C,D,C,ID=740_2;partial=00;start_type=ATG;rbs_motif=AGGAG;rbs_spacer=5-10bp;gc_cont=0.624,ID=740_2;partial=00;start_type=ATG;rbs_motif=AGGAG;rbs_spacer=5-10bp;gc,26.0
CAIMRY010000029.1_220,G,K,G,G,G,K,S,D,K,D,C,D,C,ID=29_220;partial=00;start_type=ATG;rbs_motif=AGGAG;rbs_spacer=5-10bp;gc_cont=0.632,ID=29_220;partial=00;start_type=ATG;rbs_motif=AGGAG;rbs_spacer=5-10bp;gc,26.0
CAIPPE010000256.1_51,G,K,G,G,G,K,S,D,K,D,C,D,C,ID=256_51;partial=00;start_type=ATG;rbs_motif=AGGAG;rbs_spacer=5-10bp;gc_cont=0.434,ID=256_51;partial=00;start_type=ATG;rbs_motif=AGGAG;rbs_spacer=5-10bp;gc,26.0
CAIRND010000119.1_1,G,K,G,G,G,K,S,D,K,D,C,D,C,ID=119_1;partial=10;start_type=ATG;rbs_motif=AGGAG;rbs_spacer=5-10bp;gc_cont=0.517,ID=119_1;partial=10;start_type=ATG;rbs_motif=AGGAG;rbs_spacer=5-10bp;gc,26.0
CAIUWK010000045.1_11,G,K,G,G,G,K,S,D,K,D,C,D,C,ID=45_11;partial=00;start_type=ATG;rbs_motif=AGGAG;rbs_spacer=5-10bp;gc_cont=0.597,ID=45_11;partial=00;start_type=ATG;rbs_motif=AGGAG;rbs_spacer=5-10bp;gc,26.0
CAIYDK010000047.1_28,G,K,G,G,G,K,S,D,K,D,C,D,C,ID=47_28;partial=00;start_type=ATG;rbs_motif=GGAG/GAGG;rbs_spacer=5-10bp;gc_cont=0.580,ID=47_28;partial=00;start_type=ATG;rbs_motif=GGAG/GAGG;rbs_spacer=5-10bp;gc,26.0
CAJAIK010000116.1_4,G,K,G,G,G,K,S,D,K,D,C,D,C,ID=116_4;partial=00;start_type=ATG;rbs_motif=None;rbs_spacer=None;gc_cont=0.502,ID=116_4;partial=00;start_type=ATG;rbs_motif=None;rbs_spacer=None;gc,26.0
CAJOIN010000216.1_2,G,K,G,G,G,K,S,D,K,D,C,D,C,ID=216_2;partial=00;start_type=ATG;rbs_motif=AGGAG;rbs_spacer=5-10bp;gc_cont=0.575,ID=216_2;partial=00;start_type=ATG;rbs_motif=AGGAG;rbs_spacer=5-10bp;gc,26.0
CAJXTC010000045.1_22,G,K,G,G,G,K,S,D,K,D,C,D,C,ID=45_22;partial=00;start_type=ATG;rbs_motif=TAA;rbs_spacer=12bp;gc_cont=0.408,ID=45_22;partial=00;start_type=ATG;rbs_motif=TAA;rbs_spacer=12bp;gc,26.0
CAMDGD010000019.1_4,G,K,G,G,G,K,S,D,K,D,C,D,C,ID=19_4;partial=00;start_type=ATG;rbs_motif=TAAA;rbs_spacer=11bp;gc_cont=0.402,ID=19_4;partial=00;start_type=ATG;rbs_motif=TAAA;rbs_spacer=11bp;gc,26.0
NC_008554.1_1041,G,K,G,G,G,K,S,D,K,D,C,D,C,ID=1_1041;partial=00;start_type=ATG;rbs_motif=GGAGG;rbs_spacer=5-10bp;gc_cont=0.587,ID=1_1041;partial=00;start_type=ATG;rbs_motif=GGAGG;rbs_spacer=5-10bp;gc,26.0
NC_011027.1_1622,G,K,G,G,G,K,S,D,K,D,C,D,C,ID=1_1622;partial=00;start_type=ATG;rbs_motif=None;rbs_spacer=None;gc_cont=0.570,ID=1_1622;partial=00;start_type=ATG;rbs_motif=None;rbs_spacer=None;gc,26.0
NC_009445.1_5088,G,K,G,G,G,K,S,D,K,D,C,D,C,ID=1_5088;partial=00;start_type=ATG;rbs_motif=GGAG/GAGG;rbs_spacer=5-10bp;gc_cont=0.643,ID=1_5088;partial=00;start_type=ATG;rbs_motif=GGAG/GAGG;rbs_spacer=5-10bp;gc,26.0
NZ_ABEA03000004.1_51,G,K,G,G,G,K,S,D,K,D,C,D,C,ID=222_51;partial=00;start_type=ATG;rbs_motif=None;rbs_spacer=None;gc_cont=0.607,ID=222_51;partial=00;start_type=ATG;rbs_motif=None;rbs_spacer=None;gc,26.0
NZ_AEWG01000097.1_7,G,K,G,G,G,K,S,D,K,D,C,D,C,ID=68_7;partial=00;start_type=ATG;rbs_motif=GGAG/GAGG;rbs_spacer=5-10bp;gc_cont=0.655,ID=68_7;partial=00;start_type=ATG;rbs_motif=GGAG/GAGG;rbs_spacer=5-10bp;gc,26.0
NC_021184.1_2329,G,K,G,G,G,K,S,D,K,D,C,D,C,ID=1_2329;partial=00;start_type=ATG;rbs_motif=AGGAGG;rbs_spacer=5-10bp;gc_cont=0.527,ID=1_2329;partial=00;start_type=ATG;rbs_motif=AGGAGG;rbs_spacer=5-10bp;gc,26.0
NZ_AKVN02000001.1_1918,G,K,G,G,G,K,S,D,K,D,C,D,C,ID=1_1918;partial=00;start_type=ATG;rbs_motif=AGxAGG/AGGxGG;rbs_spacer=5-10bp;gc_cont=0.414,ID=1_1918;partial=00;start_type=ATG;rbs_motif=AGxAGG/AGGxGG;rbs_spacer=5-10bp;gc,26.0
NZ_CAJE01000024.1_39,G,K,G,G,G,K,S,D,K,D,C,D,C,ID=3_39;partial=00;start_type=ATG;rbs_motif=GGAG/GAGG;rbs_spacer=5-10bp;gc_cont=0.621,ID=3_39;partial=00;start_type=ATG;rbs_motif=GGAG/GAGG;rbs_spacer=5-10bp;gc,26.0
NC_020516.1_771,G,K,G,G,G,K,S,D,K,D,C,D,C,ID=1_771;partial=00;start_type=ATG;rbs_motif=AGGAG;rbs_spacer=5-10bp;gc_cont=0.634,ID=1_771;partial=00;start_type=ATG;rbs_motif=AGGAG;rbs_spacer=5-10bp;gc,26.0
NZ_KB902496.1_32,G,K,G,G,G,K,S,D,K,D,C,D,C,ID=135_32;partial=00;start_type=ATG;rbs_motif=AGGAG;rbs_spacer=5-10bp;gc_cont=0.609,ID=135_32;partial=00;start_type=ATG;rbs_motif=AGGAG;rbs_spacer=5-10bp;gc,26.0
NZ_ATHI01000027.1_73,G,K,G,G,G,K,S,D,K,D,C,D,C,ID=27_73;partial=00;start_type=ATG;rbs_motif=AGGAGG;rbs_spacer=5-10bp;gc_cont=0.623,ID=27_73;partial=00;start_type=ATG;rbs_motif=AGGAGG;rbs_spacer=5-10bp;gc,26.0
NZ_KE386489.1_1761,G,K,G,G,G,K,S,D,K,D,C,D,C,ID=1_1761;partial=00;start_type=ATG;rbs_motif=GGAG/GAGG;rbs_spacer=5-10bp;gc_cont=0.587,ID=1_1761;partial=00;start_type=ATG;rbs_motif=GGAG/GAGG;rbs_spacer=5-10bp;gc,26.0
NZ_ASZC01000007.1_123,G,K,G,G,G,K,S,D,K,D,C,D,C,ID=7_123;partial=00;start_type=ATG;rbs_motif=AGGAG;rbs_spacer=5-10bp;gc_cont=0.544,ID=7_123;partial=00;start_type=ATG;rbs_motif=AGGAG;rbs_spacer=5-10bp;gc,26.0
NZ_KI632512.1_2811,G,K,G,G,G,K,S,D,K,D,C,D,C,ID=1_2811;partial=00;start_type=ATG;rbs_motif=AGGAG;rbs_spacer=5-10bp;gc_cont=0.620,ID=1_2811;partial=00;start_type=ATG;rbs_motif=AGGAG;rbs_spacer=5-10bp;gc,26.0
NZ_AZUP01000001.1_3307,G,K,G,G,G,K,S,D,K,D,C,D,C,ID=1_3307;partial=00;start_type=ATG;rbs_motif=AGGAG;rbs_spacer=5-10bp;gc_cont=0.627,ID=1_3307;partial=00;start_type=ATG;rbs_motif=AGGAG;rbs_spacer=5-10bp;gc,26.0
NZ_JMKT01000002.1_27,G,K,G,G,G,K,S,D,K,D,C,D,C,ID=2_27;partial=00;start_type=ATG;rbs_motif=AGGAGG;rbs_spacer=5-10bp;gc_cont=0.548,ID=2_27;partial=00;start_type=ATG;rbs_motif=AGGAGG;rbs_spacer=5-10bp;gc,26.0
NZ_BBJH01000048.1_50,G,K,G,G,G,K,S,D,K,D,C,D,C,ID=63_50;partial=00;start_type=ATG;rbs_motif=GGAG/GAGG;rbs_spacer=5-10bp;gc_cont=0.618,ID=63_50;partial=00;start_type=ATG;rbs_motif=GGAG/GAGG;rbs_spacer=5-10bp;gc,26.0
NZ_CP009788.1_2620,G,K,G,G,G,K,S,D,K,D,C,D,C,ID=1_2620;partial=00;start_type=ATG;rbs_motif=AGGAG;rbs_spacer=5-10bp;gc_cont=0.617,ID=1_2620;partial=00;start_type=ATG;rbs_motif=AGGAG;rbs_spacer=5-10bp;gc,26.0
NZ_CP009528.1_3032,G,K,G,G,G,K,S,D,K,D,C,D,C,ID=1_3032;partial=00;start_type=ATG;rbs_motif=AGGAG;rbs_spacer=5-10bp;gc_cont=0.448,ID=1_3032;partial=00;start_type=ATG;rbs_motif=AGGAG;rbs_spacer=5-10bp;gc,26.0
NZ_LGYO01000022.1_259,G,K,G,G,G,K,S,D,K,D,C,D,C,ID=15_259;partial=00;start_type=ATG;rbs_motif=GGAGG;rbs_spacer=5-10bp;gc_cont=0.437,ID=15_259;partial=00;start_type=ATG;rbs_motif=GGAGG;rbs_spacer=5-10bp;gc,26.0
NZ_JWID01000003.1_205,G,K,G,G,G,K,S,D,K,D,C,D,C,ID=23_205;partial=00;start_type=ATG;rbs_motif=AGGA;rbs_spacer=5-10bp;gc_cont=0.315,ID=23_205;partial=00;start_type=ATG;rbs_motif=AGGA;rbs_spacer=5-10bp;gc,26.0
NZ_CP012661.1_1541,G,K,G,G,G,K,S,D,K,D,C,D,C,ID=1_1541;partial=00;start_type=ATG;rbs_motif=GGAG/GAGG;rbs_spacer=5-10bp;gc_cont=0.641,ID=1_1541;partial=00;start_type=ATG;rbs_motif=GGAG/GAGG;rbs_spacer=5-10bp;gc,26.0
NZ_CP016027.1_324,G,K,G,G,G,K,S,D,K,D,C,D,C,ID=1_324;partial=00;start_type=ATG;rbs_motif=AGGAG;rbs_spacer=5-10bp;gc_cont=0.592,ID=1_324;partial=00;start_type=ATG;rbs_motif=AGGAG;rbs_spacer=5-10bp;gc,26.0
NZ_MIJE01000032.1_125,G,K,G,G,G,K,S,D,K,D,C,D,C,ID=32_125;partial=00;start_type=ATG;rbs_motif=AGGAGG;rbs_spacer=5-10bp;gc_cont=0.392,ID=32_125;partial=00;start_type=ATG;rbs_motif=AGGAGG;rbs_spacer=5-10bp;gc,26.0
NZ_CP017243.1_320,G,K,G,G,G,K,S,D,K,D,C,D,C,ID=3_320;partial=00;start_type=ATG;rbs_motif=AGGA;rbs_spacer=5-10bp;gc_cont=0.598,ID=3_320;partial=00;start_type=ATG;rbs_motif=AGGA;rbs_spacer=5-10bp;gc,26.0
NZ_CP015039.1_2215,G,K,G,G,G,K,S,D,K,D,C,D,C,ID=1_2215;partial=00;start_type=ATG;rbs_motif=AGGA;rbs_spacer=5-10bp;gc_cont=0.605,ID=1_2215;partial=00;start_type=ATG;rbs_motif=AGGA;rbs_spacer=5-10bp;gc,26.0
NZ_CP029426.1_205,G,K,G,G,G,K,S,D,K,D,C,D,C,ID=1_205;partial=00;start_type=ATG;rbs_motif=GGAG/GAGG;rbs_spacer=5-10bp;gc_cont=0.631,ID=1_205;partial=00;start_type=ATG;rbs_motif=GGAG/GAGG;rbs_spacer=5-10bp;gc,26.0
NZ_AP018172.1_4194,G,K,G,G,G,K,S,D,K,D,C,D,C,ID=1_4194;partial=00;start_type=ATG;rbs_motif=AGGA;rbs_spacer=5-10bp;gc_cont=0.473,ID=1_4194;partial=00;start_type=ATG;rbs_motif=AGGA;rbs_spacer=5-10bp;gc,26.0
NZ_CP021913.1_3314,G,K,G,G,G,K,S,D,K,D,C,D,C,ID=1_3314;partial=00;start_type=ATG;rbs_motif=AGGA;rbs_spacer=5-10bp;gc_cont=0.631,ID=1_3314;partial=00;start_type=ATG;rbs_motif=AGGA;rbs_spacer=5-10bp;gc,26.0
NZ_NHSJ01000034.1_144,G,K,G,G,G,K,S,D,K,D,C,D,C,ID=34_144;partial=00;start_type=ATG;rbs_motif=AGGAG;rbs_spacer=5-10bp;gc_cont=0.624,ID=34_144;partial=00;start_type=ATG;rbs_motif=AGGAG;rbs_spacer=5-10bp;gc,26.0
NZ_CP028960.1_685,G,K,G,G,G,K,S,D,K,D,C,D,C,ID=1_685;partial=00;start_type=ATG;rbs_motif=AGGAG;rbs_spacer=5-10bp;gc_cont=0.611,ID=1_685;partial=00;start_type=ATG;rbs_motif=AGGAG;rbs_spacer=5-10bp;gc,26.0
NZ_NKUB01000017.1_29,G,K,G,G,G,K,S,D,K,D,C,D,C,ID=22_29;partial=00;start_type=ATG;rbs_motif=AGGA;rbs_spacer=5-10bp;gc_cont=0.576,ID=22_29;partial=00;start_type=ATG;rbs_motif=AGGA;rbs_spacer=5-10bp;gc,26.0
NZ_QPIX01000006.1_172,G,K,G,G,G,K,S,D,K,D,C,D,C,ID=6_172;partial=00;start_type=ATG;rbs_motif=AGGA;rbs_spacer=5-10bp;gc_cont=0.618,ID=6_172;partial=00;start_type=ATG;rbs_motif=AGGA;rbs_spacer=5-10bp;gc,26.0
NZ_RAPN01000001.1_3236,G,K,G,G,G,K,S,D,K,D,C,D,C,ID=1_3236;partial=00;start_type=ATG;rbs_motif=AAAA;rbs_spacer=10bp;gc_cont=0.424,ID=1_3236;partial=00;start_type=ATG;rbs_motif=AAAA;rbs_spacer=10bp;gc,26.0
NZ_CP034444.1_3697,G,K,G,G,G,K,S,D,K,D,C,D,C,ID=1_3697;partial=00;start_type=ATG;rbs_motif=AGGA;rbs_spacer=5-10bp;gc_cont=0.597,ID=1_3697;partial=00;start_type=ATG;rbs_motif=AGGA;rbs_spacer=5-10bp;gc,26.0
NZ_RCHJ01000015.1_60,G,K,G,G,G,K,S,D,K,D,C,D,C,ID=11_60;partial=00;start_type=ATG;rbs_motif=AGGA;rbs_spacer=5-10bp;gc_cont=0.658,ID=11_60;partial=00;start_type=ATG;rbs_motif=AGGA;rbs_spacer=5-10bp;gc,26.0
NZ_SHKM01000002.1_333,G,K,G,G,G,K,S,D,K,D,C,D,C,ID=2_333;partial=00;start_type=ATG;rbs_motif=GGAG/GAGG;rbs_spacer=5-10bp;gc_cont=0.630,ID=2_333;partial=00;start_type=ATG;rbs_motif=GGAG/GAGG;rbs_spacer=5-10bp;gc,26.0
NZ_SLXP01000002.1_556,G,K,G,G,G,K,S,D,K,D,C,D,C,ID=2_556;partial=00;start_type=ATG;rbs_motif=AGGA;rbs_spacer=5-10bp;gc_cont=0.629,ID=2_556;partial=00;start_type=ATG;rbs_motif=AGGA;rbs_spacer=5-10bp;gc,26.0
NZ_SRUZ01000002.1_567,G,K,G,G,G,K,S,D,K,D,C,D,C,ID=175_567;partial=00;start_type=ATG;rbs_motif=AGGA;rbs_spacer=5-10bp;gc_cont=0.596,ID=175_567;partial=00;start_type=ATG;rbs_motif=AGGA;rbs_spacer=5-10bp;gc,26.0
NZ_VATA01000002.1_84,G,K,G,G,G,K,S,D,K,D,C,D,C,ID=112_84;partial=00;start_type=ATG;rbs_motif=AGGA;rbs_spacer=5-10bp;gc_cont=0.635,ID=112_84;partial=00;start_type=ATG;rbs_motif=AGGA;rbs_spacer=5-10bp;gc,26.0
NZ_CP037899.1_419,G,K,G,G,G,K,S,D,K,D,C,D,C,ID=1_419;partial=00;start_type=GTG;rbs_motif=AGGAGG;rbs_spacer=5-10bp;gc_cont=0.447,ID=1_419;partial=00;start_type=GTG;rbs_motif=AGGAGG;rbs_spacer=5-10bp;gc,26.0
NZ_RXYA01000010.1_12,G,K,G,G,G,K,S,D,K,D,C,D,C,ID=1_12;partial=00;start_type=ATG;rbs_motif=GGAGG;rbs_spacer=5-10bp;gc_cont=0.418,ID=1_12;partial=00;start_type=ATG;rbs_motif=GGAGG;rbs_spacer=5-10bp;gc,26.0
NZ_CP030265.1_3415,G,K,G,G,G,K,S,D,K,D,C,D,C,ID=1_3415;partial=00;start_type=ATG;rbs_motif=AGGAG;rbs_spacer=5-10bp;gc_cont=0.644,ID=1_3415;partial=00;start_type=ATG;rbs_motif=AGGAG;rbs_spacer=5-10bp;gc,26.0
NZ_WODC01000006.1_70,G,K,G,G,G,K,S,D,K,D,C,D,C,ID=26_70;partial=00;start_type=ATG;rbs_motif=GGAGG;rbs_spacer=5-10bp;gc_cont=0.620,ID=26_70;partial=00;start_type=ATG;rbs_motif=GGAGG;rbs_spacer=5-10bp;gc,26.0
NZ_AP022332.1_1119,G,K,G,G,G,K,S,D,K,D,C,D,C,ID=1_1119;partial=00;start_type=ATG;rbs_motif=AGGAG;rbs_spacer=5-10bp;gc_cont=0.626,ID=1_1119;partial=00;start_type=ATG;rbs_motif=AGGAG;rbs_spacer=5-10bp;gc,26.0
NZ_WOTD01000003.1_27,G,K,G,G,G,K,S,D,K,D,C,D,C,ID=3_27;partial=00;start_type=ATG;rbs_motif=AGGA;rbs_spacer=5-10bp;gc_cont=0.559,ID=3_27;partial=00;start_type=ATG;rbs_motif=AGGA;rbs_spacer=5-10bp;gc,26.0
NZ_JABCSC020000005.1_187,G,K,G,G,G,K,S,D,K,D,C,D,C,ID=10_187;partial=00;start_type=ATG;rbs_motif=AGGAG;rbs_spacer=5-10bp;gc_cont=0.612,ID=10_187;partial=00;start_type=ATG;rbs_motif=AGGAG;rbs_spacer=5-10bp;gc,26.0
NZ_JAALDK010000003.1_741,G,K,G,G,G,K,S,D,K,D,C,D,C,ID=3_741;partial=00;start_type=ATG;rbs_motif=GGAG/GAGG;rbs_spacer=5-10bp;gc_cont=0.548,ID=3_741;partial=00;start_type=ATG;rbs_motif=GGAG/GAGG;rbs_spacer=5-10bp;gc,26.0
NZ_JACIEQ010000001.1_485,G,K,G,G,G,K,S,D,K,D,C,D,C,ID=1_485;partial=00;start_type=ATG;rbs_motif=AGGA;rbs_spacer=5-10bp;gc_cont=0.608,ID=1_485;partial=00;start_type=ATG;rbs_motif=AGGA;rbs_spacer=5-10bp;gc,26.0
NZ_WJBC01000012.1_13,G,K,G,G,G,K,S,D,K,D,C,D,C,ID=3_13;partial=00;start_type=ATG;rbs_motif=GGAGG;rbs_spacer=5-10bp;gc_cont=0.528,ID=3_13;partial=00;start_type=ATG;rbs_motif=GGAGG;rbs_spacer=5-10bp;gc,26.0
NZ_JACJST010000019.1_110,G,K,G,G,G,K,S,D,K,D,C,D,C,ID=11_110;partial=00;start_type=ATG;rbs_motif=AGGA/GGAG/GAGG;rbs_spacer=11-12bp;gc_cont=0.469,ID=11_110;partial=00;start_type=ATG;rbs_motif=AGGA/GGAG/GAGG;rbs_spacer=11-12bp;gc,26.0
NZ_JADKYR010000001.1_718,G,K,G,G,G,K,S,D,K,D,C,D,C,ID=1_718;partial=00;start_type=ATG;rbs_motif=AGGAG;rbs_spacer=5-10bp;gc_cont=0.535,ID=1_718;partial=00;start_type=ATG;rbs_motif=AGGAG;rbs_spacer=5-10bp;gc,26.0
NZ_NRRN01000024.1_16,G,K,G,G,G,K,S,D,K,D,C,D,C,ID=24_16;partial=00;start_type=ATG;rbs_motif=GGAGG;rbs_spacer=5-10bp;gc_cont=0.592,ID=24_16;partial=00;start_type=ATG;rbs_motif=GGAGG;rbs_spacer=5-10bp;gc,26.0
NZ_AP023247.1_6258,G,K,G,G,G,K,S,D,K,D,C,D,C,ID=1_6258;partial=00;start_type=ATG;rbs_motif=AGGA;rbs_spacer=5-10bp;gc_cont=0.604,ID=1_6258;partial=00;start_type=ATG;rbs_motif=AGGA;rbs_spacer=5-10bp;gc,26.0
NZ_CP071382.1_1762,G,K,G,G,G,K,S,D,K,D,C,D,C,ID=1_1762;partial=00;start_type=ATG;rbs_motif=AGGAG;rbs_spacer=5-10bp;gc_cont=0.598,ID=1_1762;partial=00;start_type=ATG;rbs_motif=AGGAG;rbs_spacer=5-10bp;gc,26.0
NZ_JAGINQ010000003.1_304,G,K,G,G,G,K,S,D,K,D,C,D,C,ID=3_304;partial=00;start_type=ATG;rbs_motif=AGGAG;rbs_spacer=5-10bp;gc_cont=0.635,ID=3_304;partial=00;start_type=ATG;rbs_motif=AGGAG;rbs_spacer=5-10bp;gc,26.0
NZ_CP054856.1_1714,G,K,G,G,G,K,S,D,K,D,C,D,C,ID=1_1714;partial=00;start_type=ATG;rbs_motif=AGGAG;rbs_spacer=5-10bp;gc_cont=0.634,ID=1_1714;partial=00;start_type=ATG;rbs_motif=AGGAG;rbs_spacer=5-10bp;gc,26.0
NZ_JAHLQC010000005.1_40,G,K,G,G,G,K,S,D,K,D,C,D,C,ID=5_40;partial=00;start_type=ATG;rbs_motif=AGGAGG;rbs_spacer=5-10bp;gc_cont=0.370,ID=5_40;partial=00;start_type=ATG;rbs_motif=AGGAGG;rbs_spacer=5-10bp;gc,26.0
NZ_JAHCMB010000131.1_8,G,K,G,G,G,K,S,D,K,D,C,D,C,ID=138_8;partial=00;start_type=ATG;rbs_motif=GGAG/GAGG;rbs_spacer=5-10bp;gc_cont=0.549,ID=138_8;partial=00;start_type=ATG;rbs_motif=GGAG/GAGG;rbs_spacer=5-10bp;gc,26.0
NZ_JAIVKM010000001.1_956,G,K,G,G,G,K,S,D,K,D,C,D,C,ID=1_956;partial=00;start_type=ATG;rbs_motif=AGGAG;rbs_spacer=5-10bp;gc_cont=0.503,ID=1_956;partial=00;start_type=ATG;rbs_motif=AGGAG;rbs_spacer=5-10bp;gc,26.0
NZ_CP089309.1_1615,G,K,G,G,G,K,S,D,K,D,C,D,C,ID=1_1615;partial=00;start_type=ATG;rbs_motif=AGGAG;rbs_spacer=5-10bp;gc_cont=0.617,ID=1_1615;partial=00;start_type=ATG;rbs_motif=AGGAG;rbs_spacer=5-10bp;gc,26.0
NZ_JACBFS010000004.1_20,G,K,G,G,G,K,S,D,K,D,C,D,C,ID=13_20;partial=00;start_type=ATG;rbs_motif=AGGAG;rbs_spacer=5-10bp;gc_cont=0.636,ID=13_20;partial=00;start_type=ATG;rbs_motif=AGGAG;rbs_spacer=5-10bp;gc,26.0
NZ_JALHLE010000015.1_32,G,K,G,G,G,K,S,D,K,D,C,D,C,ID=7_32;partial=00;start_type=ATG;rbs_motif=AGGAG;rbs_spacer=5-10bp;gc_cont=0.615,ID=7_32;partial=00;start_type=ATG;rbs_motif=AGGAG;rbs_spacer=5-10bp;gc,26.0
NZ_JAKLOY010000006.1_89,G,K,G,G,G,K,S,D,K,D,C,D,C,ID=19_89;partial=00;start_type=ATG;rbs_motif=AGGAG;rbs_spacer=5-10bp;gc_cont=0.634,ID=19_89;partial=00;start_type=ATG;rbs_motif=AGGAG;rbs_spacer=5-10bp;gc,26.0
NZ_JANCTC010000023.1_36,G,K,G,G,G,K,S,D,K,D,C,D,C,ID=15_36;partial=00;start_type=ATG;rbs_motif=AGGA;rbs_spacer=5-10bp;gc_cont=0.602,ID=15_36;partial=00;start_type=ATG;rbs_motif=AGGA;rbs_spacer=5-10bp;gc,26.0
NZ_LT575483.1_2781,G,K,G,G,G,K,S,D,K,D,C,D,C,ID=7_2781;partial=00;start_type=ATG;rbs_motif=GGAGG;rbs_spacer=5-10bp;gc_cont=0.399,ID=7_2781;partial=00;start_type=ATG;rbs_motif=GGAGG;rbs_spacer=5-10bp;gc,26.0
NZ_FMXM01000054.1_2,G,K,G,G,G,K,S,D,K,D,C,D,C,ID=99_2;partial=00;start_type=ATG;rbs_motif=AGGA;rbs_spacer=5-10bp;gc_cont=0.612,ID=99_2;partial=00;start_type=ATG;rbs_motif=AGGA;rbs_spacer=5-10bp;gc,26.0
NZ_FOCV01000063.1_15,G,K,G,G,G,K,S,D,K,D,C,D,C,ID=124_15;partial=00;start_type=ATG;rbs_motif=AGGA;rbs_spacer=5-10bp;gc_cont=0.575,ID=124_15;partial=00;start_type=ATG;rbs_motif=AGGA;rbs_spacer=5-10bp;gc,26.0
NZ_FOUJ01000005.1_126,G,K,G,G,G,K,S,D,K,D,C,D,C,ID=15_126;partial=00;start_type=ATG;rbs_motif=AGxAGG/AGGxGG;rbs_spacer=5-10bp;gc_cont=0.461,ID=15_126;partial=00;start_type=ATG;rbs_motif=AGxAGG/AGGxGG;rbs_spacer=5-10bp;gc,26.0
NZ_FQZL01000005.1_295,G,K,G,G,G,K,S,D,K,D,C,D,C,ID=46_295;partial=00;start_type=ATG;rbs_motif=GGA/GAG/AGG;rbs_spacer=11-12bp;gc_cont=0.418,ID=46_295;partial=00;start_type=ATG;rbs_motif=GGA/GAG/AGG;rbs_spacer=11-12bp;gc,26.0
NZ_FTPD01000017.1_141,G,K,G,G,G,K,S,D,K,D,C,D,C,ID=22_141;partial=00;start_type=ATG;rbs_motif=AGGA;rbs_spacer=5-10bp;gc_cont=0.600,ID=22_141;partial=00;start_type=ATG;rbs_motif=AGGA;rbs_spacer=5-10bp;gc,26.0
NZ_FZOJ01000036.1_41,G,K,G,G,G,K,S,D,K,D,C,D,C,ID=13_41;partial=00;start_type=ATG;rbs_motif=GGA/GAG/AGG;rbs_spacer=5-10bp;gc_cont=0.370,ID=13_41;partial=00;start_type=ATG;rbs_motif=GGA/GAG/AGG;rbs_spacer=5-10bp;gc,26.0
NZ_CAADFC020000008.1_30,G,K,G,G,G,K,S,D,K,D,C,D,C,ID=8_30;partial=00;start_type=ATG;rbs_motif=GGAG/GAGG;rbs_spacer=5-10bp;gc_cont=0.583,ID=8_30;partial=00;start_type=ATG;rbs_motif=GGAG/GAGG;rbs_spacer=5-10bp;gc,26.0
NZ_OW485601.1_863,G,K,G,G,G,K,S,D,K,D,C,D,C,ID=1_863;partial=00;start_type=ATG;rbs_motif=GGAG/GAGG;rbs_spacer=5-10bp;gc_cont=0.640,ID=1_863;partial=00;start_type=ATG;rbs_motif=GGAG/GAGG;rbs_spacer=5-10bp;gc,26.0
BIFV01000009.1_35,G,K,G,G,G,K,S,D,K,D,C,D,C,ID=9_35;partial=00;start_type=ATG;rbs_motif=GGA/GAG/AGG;rbs_spacer=11-12bp;gc_cont=0.435,ID=9_35;partial=00;start_type=ATG;rbs_motif=GGA/GAG/AGG;rbs_spacer=11-12bp;gc,26.0
JAKVOI010000001.1_154,G,K,G,G,G,K,S,D,K,D,C,D,C,ID=1_154;partial=00;start_type=ATG;rbs_motif=GGAG/GAGG;rbs_spacer=5-10bp;gc_cont=0.378,ID=1_154;partial=00;start_type=ATG;rbs_motif=GGAG/GAGG;rbs_spacer=5-10bp;gc,26.0
JAEZEM010000240.1_8,G,K,G,G,G,K,S,D,K,D,C,D,C,ID=14_8;partial=00;start_type=ATG;rbs_motif=AGGAG;rbs_spacer=5-10bp;gc_cont=0.618,ID=14_8;partial=00;start_type=ATG;rbs_motif=AGGAG;rbs_spacer=5-10bp;gc,26.0
NC_003552.1_1248,G,K,G,G,G,K,S,D,K,D,C,D,C,ID=1_1248;partial=00;start_type=ATG;rbs_motif=GGAGG;rbs_spacer=5-10bp;gc_cont=0.459,ID=1_1248;partial=00;start_type=ATG;rbs_motif=GGAGG;rbs_spacer=5-10bp;gc,26.0
NC_020291.1_3019,G,K,G,G,G,K,S,D,K,D,C,D,C,ID=1_3019;partial=00;start_type=ATG;rbs_motif=AGGAG;rbs_spacer=5-10bp;gc_cont=0.345,ID=1_3019;partial=00;start_type=ATG;rbs_motif=AGGAG;rbs_spacer=5-10bp;gc,26.0
NZ_LKAQ01000004.1_2355,G,K,G,G,G,K,S,D,K,D,C,D,C,ID=4_2355;partial=00;start_type=ATG;rbs_motif=AGGA;rbs_spacer=5-10bp;gc_cont=0.627,ID=4_2355;partial=00;start_type=ATG;rbs_motif=AGGA;rbs_spacer=5-10bp;gc,26.0
NZ_SPQQ01000003.1_25,G,K,G,G,G,K,S,D,K,D,C,D,C,ID=32_25;partial=00;start_type=ATG;rbs_motif=AGGAG;rbs_spacer=5-10bp;gc_cont=0.430,ID=32_25;partial=00;start_type=ATG;rbs_motif=AGGAG;rbs_spacer=5-10bp;gc,26.0
NZ_WIQU01000056.1_12,G,K,G,G,G,K,S,D,K,D,C,D,C,ID=10_12;partial=00;start_type=ATG;rbs_motif=GGAG/GAGG;rbs_spacer=5-10bp;gc_cont=0.421,ID=10_12;partial=00;start_type=ATG;rbs_motif=GGAG/GAGG;rbs_spacer=5-10bp;gc,26.0
NZ_FODY01000003.1_29,G,K,G,G,G,K,S,D,K,D,C,D,C,ID=30_29;partial=00;start_type=ATG;rbs_motif=AGGAGG;rbs_spacer=5-10bp;gc_cont=0.469,ID=30_29;partial=00;start_type=ATG;rbs_motif=AGGAGG;rbs_spacer=5-10bp;gc,26.0
QKGW01000496.1_2,G,K,G,G,G,K,S,D,K,D,C,D,C,ID=545_2;partial=00;start_type=ATG;rbs_motif=AGGAG;rbs_spacer=5-10bp;gc_cont=0.614,ID=545_2;partial=00;start_type=ATG;rbs_motif=AGGAG;rbs_spacer=5-10bp;gc,26.0
NZ_CP009286.1_2180,G,K,G,G,G,K,S,D,K,D,C,D,C,ID=1_2180;partial=00;start_type=ATG;rbs_motif=AGGAG;rbs_spacer=5-10bp;gc_cont=0.516,ID=1_2180;partial=00;start_type=ATG;rbs_motif=AGGAG;rbs_spacer=5-10bp;gc,26.0
NZ_AJTV01000023.1_11,G,K,G,G,G,K,S,D,K,D,C,D,C,ID=23_11;partial=00;start_type=ATG;rbs_motif=AGGAG;rbs_spacer=5-10bp;gc_cont=0.573,ID=23_11;partial=00;start_type=ATG;rbs_motif=AGGAG;rbs_spacer=5-10bp;gc,26.0
DIDB01000228.1_21,G,K,G,G,G,K,S,D,K,D,C,D,C,ID=41_21;partial=00;start_type=ATG;rbs_motif=GGAG/GAGG;rbs_spacer=5-10bp;gc_cont=0.568,ID=41_21;partial=00;start_type=ATG;rbs_motif=GGAG/GAGG;rbs_spacer=5-10bp;gc,26.0
ATWC01000001.1_73,G,K,G,G,G,K,S,D,K,D,C,D,C,ID=1_73;partial=00;start_type=ATG;rbs_motif=GGAG/GAGG;rbs_spacer=5-10bp;gc_cont=0.450,ID=1_73;partial=00;start_type=ATG;rbs_motif=GGAG/GAGG;rbs_spacer=5-10bp;gc,26.0
CCNC01000179.1_54,G,K,G,G,G,K,S,D,K,D,C,D,C,ID=179_54;partial=00;start_type=ATG;rbs_motif=AGGA;rbs_spacer=5-10bp;gc_cont=0.597,ID=179_54;partial=00;start_type=ATG;rbs_motif=AGGA;rbs_spacer=5-10bp;gc,26.0
LUYE01000048.1_22,G,K,G,G,G,K,S,D,K,D,C,D,C,ID=54_22;partial=00;start_type=GTG;rbs_motif=GGAGG;rbs_spacer=5-10bp;gc_cont=0.564,ID=54_22;partial=00;start_type=GTG;rbs_motif=GGAGG;rbs_spacer=5-10bp;gc,26.0
JWTM01000549.1_47,G,K,G,G,G,K,S,D,K,D,C,D,C,ID=546_47;partial=00;start_type=ATG;rbs_motif=GGAGG;rbs_spacer=5-10bp;gc_cont=0.566,ID=546_47;partial=00;start_type=ATG;rbs_motif=GGAGG;rbs_spacer=5-10bp;gc,26.0
MHDZ01000067.1_11,G,K,G,G,G,K,S,D,K,D,C,D,C,ID=67_11;partial=00;start_type=ATG;rbs_motif=AGGAGG;rbs_spacer=5-10bp;gc_cont=0.601,ID=67_11;partial=00;start_type=ATG;rbs_motif=AGGAGG;rbs_spacer=5-10bp;gc,26.0
MWCJ01000005.1_8,G,K,G,G,G,K,S,D,K,D,C,D,C,ID=5_8;partial=00;start_type=ATG;rbs_motif=TATAA;rbs_spacer=3bp;gc_cont=0.400,ID=5_8;partial=00;start_type=ATG;rbs_motif=TATAA;rbs_spacer=3bp;gc,26.0
DBTH01000063.1_4,G,K,G,G,G,K,S,D,K,D,C,D,C,ID=346_4;partial=00;start_type=ATG;rbs_motif=None;rbs_spacer=None;gc_cont=0.577,ID=346_4;partial=00;start_type=ATG;rbs_motif=None;rbs_spacer=None;gc,26.0
DDQW01000093.1_19,G,K,G,G,G,K,S,D,K,D,C,D,C,ID=82_19;partial=00;start_type=ATG;rbs_motif=AGGA;rbs_spacer=5-10bp;gc_cont=0.382,ID=82_19;partial=00;start_type=ATG;rbs_motif=AGGA;rbs_spacer=5-10bp;gc,26.0
DFKO01000041.1_6,G,K,G,G,G,K,S,D,K,D,C,D,C,ID=15_6;partial=00;start_type=ATG;rbs_motif=AGGAG/GGAGG;rbs_spacer=11-12bp;gc_cont=0.443,ID=15_6;partial=00;start_type=ATG;rbs_motif=AGGAG/GGAGG;rbs_spacer=11-12bp;gc,26.0
DHQL01000018.1_134,G,K,G,G,G,K,S,D,K,D,C,D,C,ID=10_134;partial=00;start_type=ATG;rbs_motif=AGGAG;rbs_spacer=5-10bp;gc_cont=0.490,ID=10_134;partial=00;start_type=ATG;rbs_motif=AGGAG;rbs_spacer=5-10bp;gc,26.0
DIKT01000095.1_21,G,K,G,G,G,K,S,D,K,D,C,D,C,ID=29_21;partial=00;start_type=ATG;rbs_motif=AGGAG;rbs_spacer=5-10bp;gc_cont=0.541,ID=29_21;partial=00;start_type=ATG;rbs_motif=AGGAG;rbs_spacer=5-10bp;gc,26.0
DLFY01000306.1_15,G,K,G,G,G,K,S,D,K,D,C,D,C,ID=134_15;partial=00;start_type=ATG;rbs_motif=AGGAG;rbs_spacer=5-10bp;gc_cont=0.557,ID=134_15;partial=00;start_type=ATG;rbs_motif=AGGAG;rbs_spacer=5-10bp;gc,26.0
PDZW01000001.1_57,G,K,G,G,G,K,S,D,K,D,C,D,C,ID=56_57;partial=00;start_type=ATG;rbs_motif=AGGAG;rbs_spacer=5-10bp;gc_cont=0.603,ID=56_57;partial=00;start_type=ATG;rbs_motif=AGGAG;rbs_spacer=5-10bp;gc,26.0
PHAW01000089.1_7,G,K,G,G,G,K,S,D,K,D,C,D,C,ID=155_7;partial=00;start_type=ATG;rbs_motif=AGGAGG;rbs_spacer=5-10bp;gc_cont=0.575,ID=155_7;partial=00;start_type=ATG;rbs_motif=AGGAGG;rbs_spacer=5-10bp;gc,26.0
BDTX01000021.1_40,G,K,G,G,G,K,S,D,K,D,C,D,C,ID=21_40;partial=00;start_type=ATG;rbs_motif=GGAGG;rbs_spacer=5-10bp;gc_cont=0.545,ID=21_40;partial=00;start_type=ATG;rbs_motif=GGAGG;rbs_spacer=5-10bp;gc,26.0
PLGI01000198.1_18,G,K,G,G,G,K,S,D,K,D,C,D,C,ID=11_18;partial=00;start_type=ATG;rbs_motif=AGGAG;rbs_spacer=5-10bp;gc_cont=0.507,ID=11_18;partial=00;start_type=ATG;rbs_motif=AGGAG;rbs_spacer=5-10bp;gc,26.0
PMJA01000029.1_10,G,K,G,G,G,K,S,D,K,D,C,D,C,ID=60_10;partial=01;start_type=ATG;rbs_motif=AGGAG;rbs_spacer=5-10bp;gc_cont=0.458,ID=60_10;partial=01;start_type=ATG;rbs_motif=AGGAG;rbs_spacer=5-10bp;gc,26.0
QIEW01000287.1_5,G,K,G,G,G,K,S,D,K,D,C,D,C,ID=125_5;partial=00;start_type=ATG;rbs_motif=GGAGG;rbs_spacer=5-10bp;gc_cont=0.565,ID=125_5;partial=00;start_type=ATG;rbs_motif=GGAGG;rbs_spacer=5-10bp;gc,26.0
DMNE01000122.1_1,G,K,G,G,G,K,S,D,K,D,C,D,C,ID=282_1;partial=00;start_type=ATG;rbs_motif=AGGAGG;rbs_spacer=5-10bp;gc_cont=0.503,ID=282_1;partial=00;start_type=ATG;rbs_motif=AGGAGG;rbs_spacer=5-10bp;gc,26.0
QZIL01000075.1_9,G,K,G,G,G,K,S,D,K,D,C,D,C,ID=99_9;partial=00;start_type=ATG;rbs_motif=AGGAG;rbs_spacer=5-10bp;gc_cont=0.529,ID=99_9;partial=00;start_type=ATG;rbs_motif=AGGAG;rbs_spacer=5-10bp;gc,26.0
RXIV01000001.1_426,G,K,G,G,G,K,S,D,K,D,C,D,C,ID=1_426;partial=00;start_type=ATG;rbs_motif=AGGAG;rbs_spacer=5-10bp;gc_cont=0.561,ID=1_426;partial=00;start_type=ATG;rbs_motif=AGGAG;rbs_spacer=5-10bp;gc,26.0
SCTZ01000199.1_10,G,K,G,G,G,K,S,D,K,D,C,D,C,ID=256_10;partial=00;start_type=ATG;rbs_motif=GGAGG;rbs_spacer=5-10bp;gc_cont=0.590,ID=256_10;partial=00;start_type=ATG;rbs_motif=GGAGG;rbs_spacer=5-10bp;gc,26.0
SCMV01000067.1_7,G,K,G,G,G,K,S,D,K,D,C,D,C,ID=63_7;partial=00;start_type=ATG;rbs_motif=GGAG/GAGG;rbs_spacer=5-10bp;gc_cont=0.636,ID=63_7;partial=00;start_type=ATG;rbs_motif=GGAG/GAGG;rbs_spacer=5-10bp;gc,26.0
SLQH01000505.1_2,G,K,G,G,G,K,S,D,K,D,C,D,C,ID=206_2;partial=01;start_type=ATG;rbs_motif=AGGA;rbs_spacer=5-10bp;gc_cont=0.636,ID=206_2;partial=01;start_type=ATG;rbs_motif=AGGA;rbs_spacer=5-10bp;gc,26.0
CP032507.1_3093,G,K,G,G,G,K,S,D,K,D,C,D,C,ID=1_3093;partial=00;start_type=ATG;rbs_motif=AGGAG;rbs_spacer=5-10bp;gc_cont=0.498,ID=1_3093;partial=00;start_type=ATG;rbs_motif=AGGAG;rbs_spacer=5-10bp;gc,26.0
DRKI01000083.1_1,G,K,G,G,G,K,S,D,K,D,C,D,C,ID=83_1;partial=00;start_type=ATG;rbs_motif=AGGAGG;rbs_spacer=5-10bp;gc_cont=0.619,ID=83_1;partial=00;start_type=ATG;rbs_motif=AGGAGG;rbs_spacer=5-10bp;gc,26.0
WOYM01000080.1_17,G,K,G,G,G,K,S,D,K,D,C,D,C,ID=20_17;partial=01;start_type=Edge;rbs_motif=None;rbs_spacer=None;gc_cont=0.563,ID=20_17;partial=01;start_type=Edge;rbs_motif=None;rbs_spacer=None;gc,26.0
JAAYUU010000154.1_84,G,K,G,G,G,K,S,D,K,D,C,D,C,ID=2_84;partial=00;start_type=ATG;rbs_motif=AGGAG;rbs_spacer=5-10bp;gc_cont=0.545,ID=2_84;partial=00;start_type=ATG;rbs_motif=AGGAG;rbs_spacer=5-10bp;gc,26.0
WSZT01000042.1_4,G,K,G,G,G,K,S,D,K,D,C,D,C,ID=156_4;partial=00;start_type=ATG;rbs_motif=AGGAG;rbs_spacer=5-10bp;gc_cont=0.510,ID=156_4;partial=00;start_type=ATG;rbs_motif=AGGAG;rbs_spacer=5-10bp;gc,26.0
QBUN01000420.1_27,G,K,G,G,G,K,S,D,K,D,C,D,C,ID=394_27;partial=00;start_type=ATG;rbs_motif=AGGAG;rbs_spacer=5-10bp;gc_cont=0.509,ID=394_27;partial=00;start_type=ATG;rbs_motif=AGGAG;rbs_spacer=5-10bp;gc,26.0
JAAXWQ010000001.1_231,G,K,G,G,G,K,S,D,K,D,C,D,C,ID=25_231;partial=00;start_type=ATG;rbs_motif=None;rbs_spacer=None;gc_cont=0.598,ID=25_231;partial=00;start_type=ATG;rbs_motif=None;rbs_spacer=None;gc,26.0
CP058705.1_3113,G,K,G,G,G,K,S,D,K,D,C,D,C,ID=1_3113;partial=00;start_type=ATG;rbs_motif=AGGAG;rbs_spacer=5-10bp;gc_cont=0.623,ID=1_3113;partial=00;start_type=ATG;rbs_motif=AGGAG;rbs_spacer=5-10bp;gc,26.0
JACIZD010000016.1_56,G,K,G,G,G,K,S,D,K,D,C,D,C,ID=8_56;partial=00;start_type=ATG;rbs_motif=AGGAG;rbs_spacer=5-10bp;gc_cont=0.617,ID=8_56;partial=00;start_type=ATG;rbs_motif=AGGAG;rbs_spacer=5-10bp;gc,26.0
SVFB01000036.1_67,G,K,G,G,G,K,S,D,K,D,C,D,C,ID=30_67;partial=00;start_type=ATG;rbs_motif=AGGAG;rbs_spacer=5-10bp;gc_cont=0.421,ID=30_67;partial=00;start_type=ATG;rbs_motif=AGGAG;rbs_spacer=5-10bp;gc,26.0
JADGAZ010000008.1_86,G,K,G,G,G,K,S,D,K,D,C,D,C,ID=43_86;partial=00;start_type=ATG;rbs_motif=AGGAG;rbs_spacer=5-10bp;gc_cont=0.589,ID=43_86;partial=00;start_type=ATG;rbs_motif=AGGAG;rbs_spacer=5-10bp;gc,26.0
DVEB01000153.1_6,G,K,G,G,G,K,S,D,K,D,C,D,C,ID=203_6;partial=00;start_type=ATG;rbs_motif=GGAGG;rbs_spacer=5-10bp;gc_cont=0.514,ID=203_6;partial=00;start_type=ATG;rbs_motif=GGAGG;rbs_spacer=5-10bp;gc,26.0
WGNK01000004.1_132,G,K,G,G,G,K,S,D,K,D,C,D,C,ID=17_132;partial=00;start_type=ATG;rbs_motif=AGGAG;rbs_spacer=5-10bp;gc_cont=0.629,ID=17_132;partial=00;start_type=ATG;rbs_motif=AGGAG;rbs_spacer=5-10bp;gc,26.0
JACRHH010000004.1_36,G,K,G,G,G,K,S,D,K,D,C,D,C,ID=36_36;partial=00;start_type=ATG;rbs_motif=AGGAGG;rbs_spacer=5-10bp;gc_cont=0.586,ID=36_36;partial=00;start_type=ATG;rbs_motif=AGGAGG;rbs_spacer=5-10bp;gc,26.0
JACRHB010000156.1_2,G,K,G,G,G,K,S,D,K,D,C,D,C,ID=97_2;partial=00;start_type=ATG;rbs_motif=AGGAG;rbs_spacer=5-10bp;gc_cont=0.504,ID=97_2;partial=00;start_type=ATG;rbs_motif=AGGAG;rbs_spacer=5-10bp;gc,26.0
JACRAU010000004.1_210,G,K,G,G,G,K,S,D,K,D,C,D,C,ID=30_210;partial=00;start_type=ATG;rbs_motif=AGGAG;rbs_spacer=5-10bp;gc_cont=0.612,ID=30_210;partial=00;start_type=ATG;rbs_motif=AGGAG;rbs_spacer=5-10bp;gc,26.0
JAEERW010000021.1_19,G,K,G,G,G,K,S,D,K,D,C,D,C,ID=15_19;partial=00;start_type=ATG;rbs_motif=AAAAA;rbs_spacer=12bp;gc_cont=0.449,ID=15_19;partial=00;start_type=ATG;rbs_motif=AAAAA;rbs_spacer=12bp;gc,26.0
JADJXQ010000026.1_55,G,K,G,G,G,K,S,D,K,D,C,D,C,ID=26_55;partial=00;start_type=ATG;rbs_motif=GGAG/GAGG;rbs_spacer=5-10bp;gc_cont=0.640,ID=26_55;partial=00;start_type=ATG;rbs_motif=GGAG/GAGG;rbs_spacer=5-10bp;gc,26.0
JADGDF010000152.1_10,G,K,G,G,G,K,S,D,K,D,C,D,C,ID=278_10;partial=00;start_type=ATG;rbs_motif=AGGAG;rbs_spacer=5-10bp;gc_cont=0.421,ID=278_10;partial=00;start_type=ATG;rbs_motif=AGGAG;rbs_spacer=5-10bp;gc,26.0
JAENZL010000011.1_62,G,K,G,G,G,K,S,D,K,D,C,D,C,ID=2_62;partial=00;start_type=ATG;rbs_motif=GGAG/GAGG;rbs_spacer=5-10bp;gc_cont=0.536,ID=2_62;partial=00;start_type=ATG;rbs_motif=GGAG/GAGG;rbs_spacer=5-10bp;gc,26.0
JAFGAQ010000386.1_1,G,K,G,G,G,K,S,D,K,D,C,D,C,ID=349_1;partial=10;start_type=ATG;rbs_motif=None;rbs_spacer=None;gc_cont=0.541,ID=349_1;partial=10;start_type=ATG;rbs_motif=None;rbs_spacer=None;gc,26.0
JABXKQ010000098.1_18,G,R,G,G,G,K,S,D,K,D,C,D,C,ID=23_18;partial=00;start_type=ATG;rbs_motif=GGAG/GAGG;rbs_spacer=5-10bp;gc_cont=0.464,ID=23_18;partial=00;start_type=ATG;rbs_motif=GGAG/GAGG;rbs_spacer=5-10bp;gc,25.0
JAFOTA010000242.1_1,G,K,G,G,G,K,S,D,K,D,C,D,C,ID=36_1;partial=00;start_type=ATG;rbs_motif=AGGAG;rbs_spacer=5-10bp;gc_cont=0.489,ID=36_1;partial=00;start_type=ATG;rbs_motif=AGGAG;rbs_spacer=5-10bp;gc,26.0
JAFUYP010000009.1_27,G,K,G,G,G,K,S,D,K,D,C,D,C,ID=50_27;partial=00;start_type=ATG;rbs_motif=GGAG/GAGG;rbs_spacer=5-10bp;gc_cont=0.478,ID=50_27;partial=00;start_type=ATG;rbs_motif=GGAG/GAGG;rbs_spacer=5-10bp;gc,26.0
JAFXLS010000151.1_11,G,K,G,G,G,K,S,D,K,D,C,D,C,ID=142_11;partial=00;start_type=ATG;rbs_motif=AGGAG;rbs_spacer=5-10bp;gc_cont=0.507,ID=142_11;partial=00;start_type=ATG;rbs_motif=AGGAG;rbs_spacer=5-10bp;gc,26.0
JAGASC010000237.1_8,G,K,G,G,G,K,S,D,K,D,C,D,C,ID=151_8;partial=00;start_type=ATG;rbs_motif=AGGA;rbs_spacer=5-10bp;gc_cont=0.455,ID=151_8;partial=00;start_type=ATG;rbs_motif=AGGA;rbs_spacer=5-10bp;gc,26.0
JAFNAV010000009.1_58,G,K,G,G,G,K,S,D,K,D,C,D,C,ID=29_58;partial=00;start_type=ATG;rbs_motif=TAAAAA;rbs_spacer=11bp;gc_cont=0.441,ID=29_58;partial=00;start_type=ATG;rbs_motif=TAAAAA;rbs_spacer=11bp;gc,26.0
JAGCXQ010000022.1_1,G,K,G,G,G,K,S,D,K,D,C,D,C,ID=59_1;partial=00;start_type=ATG;rbs_motif=AGxAGG/AGGxGG;rbs_spacer=5-10bp;gc_cont=0.497,ID=59_1;partial=00;start_type=ATG;rbs_motif=AGxAGG/AGGxGG;rbs_spacer=5-10bp;gc,26.0
JAFEDI010000020.1_52,G,K,G,G,G,K,S,D,K,D,C,D,C,ID=64_52;partial=01;start_type=ATG;rbs_motif=AGGAG;rbs_spacer=5-10bp;gc_cont=0.627,ID=64_52;partial=01;start_type=ATG;rbs_motif=AGGAG;rbs_spacer=5-10bp;gc,26.0
JAHIUA010000100.1_4,G,K,G,G,G,K,S,D,K,D,C,D,C,ID=57_4;partial=00;start_type=ATG;rbs_motif=AGGAG;rbs_spacer=5-10bp;gc_cont=0.523,ID=57_4;partial=00;start_type=ATG;rbs_motif=AGGAG;rbs_spacer=5-10bp;gc,26.0
JAHIHJ010000353.1_5,G,K,G,G,G,K,S,D,K,D,C,D,C,ID=227_5;partial=00;start_type=ATG;rbs_motif=AGGAGG;rbs_spacer=5-10bp;gc_cont=0.507,ID=227_5;partial=00;start_type=ATG;rbs_motif=AGGAGG;rbs_spacer=5-10bp;gc,26.0
JAIBFA010000047.1_52,G,K,G,G,G,K,S,D,K,D,C,D,C,ID=55_52;partial=00;start_type=ATG;rbs_motif=AGGAG;rbs_spacer=5-10bp;gc_cont=0.605,ID=55_52;partial=00;start_type=ATG;rbs_motif=AGGAG;rbs_spacer=5-10bp;gc,26.0
JAIPUR010000017.1_22,G,K,G,G,G,K,S,D,K,D,C,D,C,ID=8_22;partial=00;start_type=ATG;rbs_motif=AGxAGG/AGGxGG;rbs_spacer=5-10bp;gc_cont=0.456,ID=8_22;partial=00;start_type=ATG;rbs_motif=AGxAGG/AGGxGG;rbs_spacer=5-10bp;gc,26.0
JAHLLJ010000031.1_1,G,K,G,G,G,K,S,D,K,D,C,D,C,ID=185_1;partial=10;start_type=ATG;rbs_motif=AGGA/GGAG/GAGG;rbs_spacer=11-12bp;gc_cont=0.636,ID=185_1;partial=10;start_type=ATG;rbs_motif=AGGA/GGAG/GAGG;rbs_spacer=11-12bp;gc,26.0
DYNE01000003.1_78,G,K,G,G,G,K,S,D,K,D,C,D,C,ID=86_78;partial=00;start_type=ATG;rbs_motif=None;rbs_spacer=None;gc_cont=0.541,ID=86_78;partial=00;start_type=ATG;rbs_motif=None;rbs_spacer=None;gc,26.0
JAJQIK010000045.1_79,G,K,G,G,G,K,S,D,K,D,C,D,C,ID=73_79;partial=00;start_type=ATG;rbs_motif=GGAG/GAGG;rbs_spacer=5-10bp;gc_cont=0.410,ID=73_79;partial=00;start_type=ATG;rbs_motif=GGAG/GAGG;rbs_spacer=5-10bp;gc,26.0
CP082962.1_3752,G,K,G,G,G,K,S,D,K,D,C,D,C,ID=1_3752;partial=00;start_type=ATG;rbs_motif=AGGAGG;rbs_spacer=5-10bp;gc_cont=0.619,ID=1_3752;partial=00;start_type=ATG;rbs_motif=AGGAGG;rbs_spacer=5-10bp;gc,26.0
JAJYAX010000010.1_15,G,K,G,G,G,K,S,D,K,D,C,D,C,ID=391_15;partial=00;start_type=ATG;rbs_motif=AGGAG;rbs_spacer=5-10bp;gc_cont=0.554,ID=391_15;partial=00;start_type=ATG;rbs_motif=AGGAG;rbs_spacer=5-10bp;gc,26.0
JAJYHM010000058.1_34,G,K,G,G,G,K,S,D,K,D,C,D,C,ID=3_34;partial=00;start_type=ATG;rbs_motif=AGGAG;rbs_spacer=5-10bp;gc_cont=0.599,ID=3_34;partial=00;start_type=ATG;rbs_motif=AGGAG;rbs_spacer=5-10bp;gc,26.0
JAJYQY010000121.1_22,G,K,G,G,G,K,S,D,K,D,C,D,C,ID=33_22;partial=00;start_type=ATG;rbs_motif=AGGAG;rbs_spacer=5-10bp;gc_cont=0.600,ID=33_22;partial=00;start_type=ATG;rbs_motif=AGGAG;rbs_spacer=5-10bp;gc,26.0
JAJZRJ010000022.1_21,G,K,G,G,G,K,S,D,K,D,C,D,C,ID=12_21;partial=00;start_type=ATG;rbs_motif=AGGAGG;rbs_spacer=5-10bp;gc_cont=0.628,ID=12_21;partial=00;start_type=ATG;rbs_motif=AGGAGG;rbs_spacer=5-10bp;gc,26.0
JAKAIB010000015.1_8,G,K,G,G,G,K,S,D,K,D,C,D,C,ID=163_8;partial=00;start_type=ATG;rbs_motif=GGAG/GAGG;rbs_spacer=5-10bp;gc_cont=0.638,ID=163_8;partial=00;start_type=ATG;rbs_motif=GGAG/GAGG;rbs_spacer=5-10bp;gc,26.0
JAKAGF010000234.1_2,G,K,G,G,G,K,S,D,K,D,C,D,C,ID=192_2;partial=00;start_type=ATG;rbs_motif=AGGAGG;rbs_spacer=3-4bp;gc_cont=0.527,ID=192_2;partial=00;start_type=ATG;rbs_motif=AGGAGG;rbs_spacer=3-4bp;gc,26.0
JAJZRF010000022.1_19,G,K,G,G,G,K,S,D,K,D,C,D,C,ID=13_19;partial=00;start_type=ATG;rbs_motif=AGGAG;rbs_spacer=5-10bp;gc_cont=0.568,ID=13_19;partial=00;start_type=ATG;rbs_motif=AGGAG;rbs_spacer=5-10bp;gc,26.0
JAKSBB010000230.1_1,G,K,G,G,G,K,S,D,K,D,C,D,C,ID=811_1;partial=10;start_type=ATG;rbs_motif=GGAG/GAGG;rbs_spacer=5-10bp;gc_cont=0.559,ID=811_1;partial=10;start_type=ATG;rbs_motif=GGAG/GAGG;rbs_spacer=5-10bp;gc,26.0
DYZU01000096.1_28,G,K,G,G,G,K,S,D,K,D,C,D,C,ID=67_28;partial=00;start_type=ATG;rbs_motif=AGGAGG;rbs_spacer=5-10bp;gc_cont=0.519,ID=67_28;partial=00;start_type=ATG;rbs_motif=AGGAGG;rbs_spacer=5-10bp;gc,26.0
JALNYY010000085.1_11,G,K,G,G,G,K,S,D,K,D,C,D,C,ID=17_11;partial=00;start_type=ATG;rbs_motif=AGGAG;rbs_spacer=5-10bp;gc_cont=0.452,ID=17_11;partial=00;start_type=ATG;rbs_motif=AGGAG;rbs_spacer=5-10bp;gc,26.0
JAEWGW010000015.1_44,G,K,G,G,G,K,S,D,K,D,C,D,C,ID=30_44;partial=00;start_type=ATG;rbs_motif=GGAGG;rbs_spacer=5-10bp;gc_cont=0.542,ID=30_44;partial=00;start_type=ATG;rbs_motif=GGAGG;rbs_spacer=5-10bp;gc,26.0
JAEWMH010000144.1_29,G,K,G,G,G,K,S,D,K,D,C,D,C,ID=128_29;partial=00;start_type=ATG;rbs_motif=GGAGG;rbs_spacer=5-10bp;gc_cont=0.548,ID=128_29;partial=00;start_type=ATG;rbs_motif=GGAGG;rbs_spacer=5-10bp;gc,26.0
JAEWPX010000060.1_29,G,K,G,G,G,K,S,D,K,D,C,D,C,ID=194_29;partial=00;start_type=ATG;rbs_motif=GGAGG;rbs_spacer=5-10bp;gc_cont=0.625,ID=194_29;partial=00;start_type=ATG;rbs_motif=GGAGG;rbs_spacer=5-10bp;gc,26.0
JAEYPG010000332.1_3,G,K,G,G,G,K,S,D,K,D,C,D,C,ID=325_3;partial=00;start_type=ATG;rbs_motif=GGAG/GAGG;rbs_spacer=5-10bp;gc_cont=0.649,ID=325_3;partial=00;start_type=ATG;rbs_motif=GGAG/GAGG;rbs_spacer=5-10bp;gc,26.0
JAEZLR010000045.1_194,G,K,G,G,G,K,S,D,K,D,C,D,C,ID=15_194;partial=00;start_type=ATG;rbs_motif=AGGAGG;rbs_spacer=5-10bp;gc_cont=0.489,ID=15_194;partial=00;start_type=ATG;rbs_motif=AGGAGG;rbs_spacer=5-10bp;gc,26.0
JAEZWL010000030.1_39,G,K,G,G,G,K,S,D,K,D,C,D,C,ID=39_39;partial=00;start_type=ATG;rbs_motif=AGGAG;rbs_spacer=5-10bp;gc_cont=0.522,ID=39_39;partial=00;start_type=ATG;rbs_motif=AGGAG;rbs_spacer=5-10bp;gc,26.0
JAEZCE010000027.1_99,G,K,G,G,G,K,S,D,K,D,C,D,C,ID=3_99;partial=00;start_type=ATG;rbs_motif=GGA/GAG/AGG;rbs_spacer=5-10bp;gc_cont=0.447,ID=3_99;partial=00;start_type=ATG;rbs_motif=GGA/GAG/AGG;rbs_spacer=5-10bp;gc,26.0
JAEZIU010000054.1_9,G,K,G,G,G,K,S,D,K,D,C,D,C,ID=11_9;partial=00;start_type=ATG;rbs_motif=GGAGG;rbs_spacer=5-10bp;gc_cont=0.438,ID=11_9;partial=00;start_type=ATG;rbs_motif=GGAGG;rbs_spacer=5-10bp;gc,26.0
JAEZZQ010000016.1_368,G,K,G,G,G,K,S,D,K,D,C,D,C,ID=11_368;partial=00;start_type=ATG;rbs_motif=AGGAG;rbs_spacer=5-10bp;gc_cont=0.499,ID=11_368;partial=00;start_type=ATG;rbs_motif=AGGAG;rbs_spacer=5-10bp;gc,26.0
JAEWQB010000002.1_14,G,K,G,G,G,K,S,D,K,D,C,D,C,ID=2_14;partial=00;start_type=ATG;rbs_motif=GGAGG;rbs_spacer=5-10bp;gc_cont=0.560,ID=2_14;partial=00;start_type=ATG;rbs_motif=GGAGG;rbs_spacer=5-10bp;gc,26.0
JACKOQ010000003.1_176,G,K,G,G,G,K,S,D,K,D,C,D,C,ID=3_176;partial=00;start_type=ATG;rbs_motif=AGGAG;rbs_spacer=5-10bp;gc_cont=0.621,ID=3_176;partial=00;start_type=ATG;rbs_motif=AGGAG;rbs_spacer=5-10bp;gc,26.0
JAGXHK010000056.1_3,G,K,G,G,G,K,S,D,K,D,C,D,C,ID=136_3;partial=00;start_type=ATG;rbs_motif=AGGAG;rbs_spacer=5-10bp;gc_cont=0.611,ID=136_3;partial=00;start_type=ATG;rbs_motif=AGGAG;rbs_spacer=5-10bp;gc,26.0
JAILNY010000101.1_14,G,K,G,G,G,K,S,D,K,D,C,D,C,ID=188_14;partial=00;start_type=ATG;rbs_motif=AGGAG;rbs_spacer=5-10bp;gc_cont=0.462,ID=188_14;partial=00;start_type=ATG;rbs_motif=AGGAG;rbs_spacer=5-10bp;gc,26.0
JANJWV010000070.1_28,G,K,G,G,G,K,S,D,K,D,C,D,C,ID=23_28;partial=00;start_type=ATG;rbs_motif=AGGAG;rbs_spacer=5-10bp;gc_cont=0.640,ID=23_28;partial=00;start_type=ATG;rbs_motif=AGGAG;rbs_spacer=5-10bp;gc,26.0
FONB01000005.1_279,G,K,G,G,G,K,S,D,K,D,C,D,C,ID=12_279;partial=00;start_type=ATG;rbs_motif=AGGAG;rbs_spacer=5-10bp;gc_cont=0.545,ID=12_279;partial=00;start_type=ATG;rbs_motif=AGGAG;rbs_spacer=5-10bp;gc,26.0
ONFC01000088.1_5,G,K,G,G,G,K,S,D,K,D,C,D,C,ID=135_5;partial=00;start_type=ATG;rbs_motif=AGxAGG/AGGxGG;rbs_spacer=5-10bp;gc_cont=0.503,ID=135_5;partial=00;start_type=ATG;rbs_motif=AGxAGG/AGGxGG;rbs_spacer=5-10bp;gc,26.0
CABGHH010000072.1_4,G,K,G,G,G,K,S,D,K,D,C,D,C,ID=72_4;partial=00;start_type=ATG;rbs_motif=AGGAG;rbs_spacer=5-10bp;gc_cont=0.515,ID=72_4;partial=00;start_type=ATG;rbs_motif=AGGAG;rbs_spacer=5-10bp;gc,26.0
CACXFB010000018.1_32,G,K,G,G,G,K,S,D,K,D,C,D,C,ID=18_32;partial=00;start_type=ATG;rbs_motif=AGGA;rbs_spacer=5-10bp;gc_cont=0.413,ID=18_32;partial=00;start_type=ATG;rbs_motif=AGGA;rbs_spacer=5-10bp;gc,26.0
CACZGS010000006.1_149,G,K,G,G,G,K,S,D,K,D,C,D,C,ID=6_149;partial=00;start_type=ATG;rbs_motif=GGA/GAG/AGG;rbs_spacer=5-10bp;gc_cont=0.472,ID=6_149;partial=00;start_type=ATG;rbs_motif=GGA/GAG/AGG;rbs_spacer=5-10bp;gc,26.0
CADAKH010000001.1_144,G,K,G,G,G,K,S,D,K,D,C,D,C,ID=1_144;partial=00;start_type=ATG;rbs_motif=GGA/GAG/AGG;rbs_spacer=5-10bp;gc_cont=0.488,ID=1_144;partial=00;start_type=ATG;rbs_motif=GGA/GAG/AGG;rbs_spacer=5-10bp;gc,26.0
CADCDO010000007.1_53,G,K,G,G,G,K,S,D,K,D,C,D,C,ID=7_53;partial=00;start_type=ATG;rbs_motif=AGGAG;rbs_spacer=5-10bp;gc_cont=0.525,ID=7_53;partial=00;start_type=ATG;rbs_motif=AGGAG;rbs_spacer=5-10bp;gc,26.0
CAIMXI010000035.1_35,G,K,G,G,G,K,S,D,K,D,C,D,C,ID=35_35;partial=00;start_type=ATG;rbs_motif=AGGAG;rbs_spacer=5-10bp;gc_cont=0.529,ID=35_35;partial=00;start_type=ATG;rbs_motif=AGGAG;rbs_spacer=5-10bp;gc,26.0
CAIPTY010000088.1_2,G,K,G,G,G,K,S,D,K,D,C,D,C,ID=88_2;partial=00;start_type=ATG;rbs_motif=AGGAG;rbs_spacer=5-10bp;gc_cont=0.552,ID=88_2;partial=00;start_type=ATG;rbs_motif=AGGAG;rbs_spacer=5-10bp;gc,26.0
CAIRXW010000011.1_16,G,K,G,G,G,K,S,D,K,D,C,D,C,ID=11_16;partial=00;start_type=ATG;rbs_motif=None;rbs_spacer=None;gc_cont=0.486,ID=11_16;partial=00;start_type=ATG;rbs_motif=None;rbs_spacer=None;gc,26.0
CAIUWU010000075.1_14,G,K,G,G,G,K,S,D,K,D,C,D,C,ID=75_14;partial=00;start_type=ATG;rbs_motif=AGGAG;rbs_spacer=5-10bp;gc_cont=0.505,ID=75_14;partial=00;start_type=ATG;rbs_motif=AGGAG;rbs_spacer=5-10bp;gc,26.0
CAIYDX010000130.1_30,G,K,G,G,G,K,S,D,K,D,C,D,C,ID=130_30;partial=00;start_type=ATG;rbs_motif=AGGAG;rbs_spacer=5-10bp;gc_cont=0.532,ID=130_30;partial=00;start_type=ATG;rbs_motif=AGGAG;rbs_spacer=5-10bp;gc,26.0
CAJAJL010000079.1_38,G,K,G,G,G,K,S,D,K,D,C,D,C,ID=79_38;partial=00;start_type=ATG;rbs_motif=None;rbs_spacer=None;gc_cont=0.481,ID=79_38;partial=00;start_type=ATG;rbs_motif=None;rbs_spacer=None;gc,26.0
CAJOLO010000024.1_9,G,K,G,G,G,K,S,D,K,D,C,D,C,ID=24_9;partial=00;start_type=ATG;rbs_motif=AGGAGG;rbs_spacer=5-10bp;gc_cont=0.403,ID=24_9;partial=00;start_type=ATG;rbs_motif=AGGAGG;rbs_spacer=5-10bp;gc,26.0
CAJXSL010000014.1_87,G,K,G,G,G,K,S,D,K,D,C,D,C,ID=14_87;partial=00;start_type=ATG;rbs_motif=AGGA;rbs_spacer=5-10bp;gc_cont=0.552,ID=14_87;partial=00;start_type=ATG;rbs_motif=AGGA;rbs_spacer=5-10bp;gc,26.0
CAMDGQ010000028.1_9,G,K,G,G,G,K,S,D,K,D,C,D,C,ID=28_9;partial=00;start_type=ATG;rbs_motif=AGGAG;rbs_spacer=5-10bp;gc_cont=0.600,ID=28_9;partial=00;start_type=ATG;rbs_motif=AGGAG;rbs_spacer=5-10bp;gc,26.0
NC_008609.1_3428,G,K,G,G,G,K,S,D,K,D,C,D,C,ID=1_3428;partial=00;start_type=ATG;rbs_motif=AGGAG;rbs_spacer=5-10bp;gc_cont=0.588,ID=1_3428;partial=00;start_type=ATG;rbs_motif=AGGAG;rbs_spacer=5-10bp;gc,26.0
NC_011026.1_1064,G,K,G,G,G,K,S,D,K,D,C,D,C,ID=1_1064;partial=00;start_type=ATG;rbs_motif=GGAG/GAGG;rbs_spacer=5-10bp;gc_cont=0.452,ID=1_1064;partial=00;start_type=ATG;rbs_motif=GGAG/GAGG;rbs_spacer=5-10bp;gc,26.0
NC_009464.1_1403,G,K,G,G,G,K,S,D,K,D,C,D,C,ID=1_1403;partial=00;start_type=ATG;rbs_motif=AGGAG;rbs_spacer=5-10bp;gc_cont=0.618,ID=1_1403;partial=00;start_type=ATG;rbs_motif=AGGAG;rbs_spacer=5-10bp;gc,26.0
NZ_CP020950.1_341,G,K,G,G,G,K,S,D,K,D,C,D,C,ID=4_341;partial=00;start_type=ATG;rbs_motif=AGGA;rbs_spacer=5-10bp;gc_cont=0.598,ID=4_341;partial=00;start_type=ATG;rbs_motif=AGGA;rbs_spacer=5-10bp;gc,26.0
NC_015172.1_2811,G,K,G,G,G,K,S,D,K,D,C,D,C,ID=1_2811;partial=00;start_type=ATG;rbs_motif=AGGAG;rbs_spacer=5-10bp;gc_cont=0.473,ID=1_2811;partial=00;start_type=ATG;rbs_motif=AGGAG;rbs_spacer=5-10bp;gc,26.0
NC_016641.1_2548,G,K,G,G,G,K,S,D,K,D,C,D,C,ID=1_2548;partial=00;start_type=ATG;rbs_motif=GGAGG;rbs_spacer=5-10bp;gc_cont=0.527,ID=1_2548;partial=00;start_type=ATG;rbs_motif=GGAGG;rbs_spacer=5-10bp;gc,26.0
NZ_CP010978.1_4468,G,K,G,G,G,K,S,D,K,D,C,D,C,ID=1_4468;partial=00;start_type=ATG;rbs_motif=GGAGG;rbs_spacer=5-10bp;gc_cont=0.411,ID=1_4468;partial=00;start_type=ATG;rbs_motif=GGAGG;rbs_spacer=5-10bp;gc,26.0
NZ_HF536778.1_77,G,K,G,G,G,K,S,D,K,D,C,D,C,ID=7_77;partial=00;start_type=ATG;rbs_motif=AGGA;rbs_spacer=5-10bp;gc_cont=0.591,ID=7_77;partial=00;start_type=ATG;rbs_motif=AGGA;rbs_spacer=5-10bp;gc,26.0
NZ_CAUM01000170.1_24,G,K,G,G,G,K,S,D,K,D,C,D,C,ID=22_24;partial=00;start_type=ATG;rbs_motif=AGGA;rbs_spacer=5-10bp;gc_cont=0.597,ID=22_24;partial=00;start_type=ATG;rbs_motif=AGGA;rbs_spacer=5-10bp;gc,26.0
NC_021149.1_128,G,K,G,G,G,K,S,D,K,D,C,D,C,ID=1_128;partial=00;start_type=ATG;rbs_motif=GGAG/GAGG;rbs_spacer=5-10bp;gc_cont=0.590,ID=1_128;partial=00;start_type=ATG;rbs_motif=GGAG/GAGG;rbs_spacer=5-10bp;gc,26.0
NZ_AULZ01000001.1_399,G,K,G,G,G,K,S,D,K,D,C,D,C,ID=1_399;partial=00;start_type=ATG;rbs_motif=AGGAGG;rbs_spacer=5-10bp;gc_cont=0.621,ID=1_399;partial=00;start_type=ATG;rbs_motif=AGGAGG;rbs_spacer=5-10bp;gc,26.0
NZ_KE386494.1_453,G,K,G,G,G,K,S,D,K,D,C,D,C,ID=2_453;partial=00;start_type=ATG;rbs_motif=GGA/GAG/AGG;rbs_spacer=5-10bp;gc_cont=0.459,ID=2_453;partial=00;start_type=ATG;rbs_motif=GGA/GAG/AGG;rbs_spacer=5-10bp;gc,26.0
NC_022444.1_1199,G,K,G,G,G,K,S,D,K,D,C,D,C,ID=1_1199;partial=00;start_type=ATG;rbs_motif=GGAGG;rbs_spacer=5-10bp;gc_cont=0.613,ID=1_1199;partial=00;start_type=ATG;rbs_motif=GGAGG;rbs_spacer=5-10bp;gc,26.0
NC_023065.1_334,G,K,G,G,G,K,S,D,K,D,C,D,C,ID=1_334;partial=00;start_type=ATG;rbs_motif=AGGA;rbs_spacer=5-10bp;gc_cont=0.609,ID=1_334;partial=00;start_type=ATG;rbs_motif=AGGA;rbs_spacer=5-10bp;gc,26.0
NZ_CBTK010000250.1_35,G,K,G,G,G,K,S,D,K,D,C,D,C,ID=250_35;partial=00;start_type=ATG;rbs_motif=AGGAG;rbs_spacer=5-10bp;gc_cont=0.570,ID=250_35;partial=00;start_type=ATG;rbs_motif=AGGAG;rbs_spacer=5-10bp;gc,26.0
NZ_JMLK01000019.1_66,G,K,G,G,G,K,S,D,K,D,C,D,C,ID=15_66;partial=00;start_type=ATG;rbs_motif=AGxAGG/AGGxGG;rbs_spacer=5-10bp;gc_cont=0.361,ID=15_66;partial=00;start_type=ATG;rbs_motif=AGxAGG/AGGxGG;rbs_spacer=5-10bp;gc,26.0
NZ_BBJJ01000077.1_9,G,K,G,G,G,K,S,D,K,D,C,D,C,ID=305_9;partial=00;start_type=ATG;rbs_motif=GGAG/GAGG;rbs_spacer=5-10bp;gc_cont=0.565,ID=305_9;partial=00;start_type=ATG;rbs_motif=GGAG/GAGG;rbs_spacer=5-10bp;gc,26.0
NZ_JWJD01000005.1_120,G,K,G,G,G,K,S,D,K,D,C,D,C,ID=19_120;partial=00;start_type=ATG;rbs_motif=AGGAG;rbs_spacer=5-10bp;gc_cont=0.587,ID=19_120;partial=00;start_type=ATG;rbs_motif=AGGAG;rbs_spacer=5-10bp;gc,26.0
NZ_CP009506.1_3465,G,K,G,G,G,K,S,D,K,D,C,D,C,ID=1_3465;partial=00;start_type=ATG;rbs_motif=AGGAG;rbs_spacer=5-10bp;gc_cont=0.490,ID=1_3465;partial=00;start_type=ATG;rbs_motif=AGGAG;rbs_spacer=5-10bp;gc,26.0
NZ_LGTE01000008.1_57,G,K,G,G,G,K,S,D,K,D,C,D,C,ID=8_57;partial=00;start_type=ATG;rbs_motif=AGGAGG;rbs_spacer=5-10bp;gc_cont=0.529,ID=8_57;partial=00;start_type=ATG;rbs_motif=AGGAGG;rbs_spacer=5-10bp;gc,26.0
NZ_LN848257.1_3503,G,K,G,G,G,K,S,D,K,D,C,D,C,ID=1_3503;partial=00;start_type=ATG;rbs_motif=None;rbs_spacer=None;gc_cont=0.617,ID=1_3503;partial=00;start_type=ATG;rbs_motif=None;rbs_spacer=None;gc,26.0
NZ_LWAE01000003.1_286,G,K,G,G,G,K,S,D,K,D,C,D,C,ID=3_286;partial=00;start_type=ATG;rbs_motif=AGGAGG;rbs_spacer=5-10bp;gc_cont=0.333,ID=3_286;partial=00;start_type=ATG;rbs_motif=AGGAGG;rbs_spacer=5-10bp;gc,26.0
NZ_CP013633.1_256,G,K,G,G,G,K,S,D,K,D,C,D,C,ID=4_256;partial=00;start_type=ATG;rbs_motif=AGGA;rbs_spacer=5-10bp;gc_cont=0.596,ID=4_256;partial=00;start_type=ATG;rbs_motif=AGGA;rbs_spacer=5-10bp;gc,26.0
NZ_MJAT01000037.1_128,G,K,G,G,G,K,S,D,K,D,C,D,C,ID=37_128;partial=00;start_type=ATG;rbs_motif=GGAGG;rbs_spacer=5-10bp;gc_cont=0.396,ID=37_128;partial=00;start_type=ATG;rbs_motif=GGAGG;rbs_spacer=5-10bp;gc,26.0
NZ_MSIG01000034.1_8,G,K,G,G,G,K,S,D,K,D,C,D,C,ID=28_8;partial=00;start_type=ATG;rbs_motif=GGA/GAG/AGG;rbs_spacer=5-10bp;gc_cont=0.662,ID=28_8;partial=00;start_type=ATG;rbs_motif=GGA/GAG/AGG;rbs_spacer=5-10bp;gc,26.0
NZ_BCTR01000001.1_122,G,K,G,G,G,K,S,D,K,D,C,D,C,ID=1_122;partial=00;start_type=ATG;rbs_motif=AGGAG;rbs_spacer=5-10bp;gc_cont=0.630,ID=1_122;partial=00;start_type=ATG;rbs_motif=AGGAG;rbs_spacer=5-10bp;gc,26.0
NZ_NNRI01000021.1_560,G,K,G,G,G,K,S,D,K,D,C,D,C,ID=14_560;partial=00;start_type=ATG;rbs_motif=AGGA;rbs_spacer=5-10bp;gc_cont=0.605,ID=14_560;partial=00;start_type=ATG;rbs_motif=AGGA;rbs_spacer=5-10bp;gc,26.0
NZ_AP018178.1_268,G,K,G,G,G,K,S,D,K,D,C,D,C,ID=1_268;partial=00;start_type=ATG;rbs_motif=AGGAG;rbs_spacer=5-10bp;gc_cont=0.474,ID=1_268;partial=00;start_type=ATG;rbs_motif=AGGAG;rbs_spacer=5-10bp;gc,26.0
NZ_PITQ01000003.1_168,G,K,G,G,G,K,S,D,K,D,C,D,C,ID=28_168;partial=00;start_type=ATG;rbs_motif=AGGAG;rbs_spacer=5-10bp;gc_cont=0.538,ID=28_168;partial=00;start_type=ATG;rbs_motif=AGGAG;rbs_spacer=5-10bp;gc,26.0
NZ_NHRY01000072.1_41,G,K,G,G,G,K,S,D,K,D,C,D,C,ID=72_41;partial=00;start_type=ATG;rbs_motif=GGA/GAG/AGG;rbs_spacer=5-10bp;gc_cont=0.612,ID=72_41;partial=00;start_type=ATG;rbs_motif=GGA/GAG/AGG;rbs_spacer=5-10bp;gc,26.0
NZ_QDAH01000069.1_16,G,K,G,G,G,K,S,D,K,D,C,D,C,ID=69_16;partial=00;start_type=ATG;rbs_motif=AGGA;rbs_spacer=5-10bp;gc_cont=0.623,ID=69_16;partial=00;start_type=ATG;rbs_motif=AGGA;rbs_spacer=5-10bp;gc,26.0
NZ_QKMR01000030.1_3,G,K,G,G,G,K,S,D,K,D,C,D,C,ID=30_3;partial=00;start_type=ATG;rbs_motif=AGxAGG/AGGxGG;rbs_spacer=5-10bp;gc_cont=0.450,ID=30_3;partial=00;start_type=ATG;rbs_motif=AGxAGG/AGGxGG;rbs_spacer=5-10bp;gc,26.0
NZ_QPJY01000002.1_343,G,K,G,G,G,K,S,D,K,D,C,D,C,ID=2_343;partial=00;start_type=ATG;rbs_motif=AGGAG;rbs_spacer=5-10bp;gc_cont=0.636,ID=2_343;partial=00;start_type=ATG;rbs_motif=AGGAG;rbs_spacer=5-10bp;gc,26.0
NZ_RAIQ01000001.1_415,G,K,G,G,G,K,S,D,K,D,C,D,C,ID=10_415;partial=00;start_type=ATG;rbs_motif=AGGAG;rbs_spacer=5-10bp;gc_cont=0.439,ID=10_415;partial=00;start_type=ATG;rbs_motif=AGGAG;rbs_spacer=5-10bp;gc,26.0
NZ_CP034449.1_3326,G,K,G,G,G,K,S,D,K,D,C,D,C,ID=1_3326;partial=00;start_type=ATG;rbs_motif=AGGA;rbs_spacer=5-10bp;gc_cont=0.597,ID=1_3326;partial=00;start_type=ATG;rbs_motif=AGGA;rbs_spacer=5-10bp;gc,26.0
NZ_CP025746.1_3935,G,K,G,G,G,K,S,D,K,D,C,D,C,ID=1_3935;partial=00;start_type=ATG;rbs_motif=AGGAGG;rbs_spacer=5-10bp;gc_cont=0.380,ID=1_3935;partial=00;start_type=ATG;rbs_motif=AGGAGG;rbs_spacer=5-10bp;gc,26.0
NZ_SLXU01000004.1_160,G,K,G,G,G,K,S,D,K,D,C,D,C,ID=4_160;partial=00;start_type=ATG;rbs_motif=AGGA;rbs_spacer=5-10bp;gc_cont=0.624,ID=4_160;partial=00;start_type=ATG;rbs_motif=AGGA;rbs_spacer=5-10bp;gc,26.0
NZ_SRUU01000042.1_16,G,K,G,G,G,K,S,D,K,D,C,D,C,ID=189_16;partial=00;start_type=ATG;rbs_motif=AGGA;rbs_spacer=5-10bp;gc_cont=0.596,ID=189_16;partial=00;start_type=ATG;rbs_motif=AGGA;rbs_spacer=5-10bp;gc,26.0
NZ_VAUP01000035.1_12,G,K,G,G,G,K,S,D,K,D,C,D,C,ID=32_12;partial=00;start_type=ATG;rbs_motif=AGGAG;rbs_spacer=5-10bp;gc_cont=0.630,ID=32_12;partial=00;start_type=ATG;rbs_motif=AGGAG;rbs_spacer=5-10bp;gc,26.0
NZ_QMIE01000010.1_13,G,K,G,G,G,K,S,D,K,D,C,D,C,ID=2_13;partial=00;start_type=ATG;rbs_motif=GGAGG;rbs_spacer=5-10bp;gc_cont=0.617,ID=2_13;partial=00;start_type=ATG;rbs_motif=GGAGG;rbs_spacer=5-10bp;gc,26.0
NZ_RXYB01000019.1_36,G,K,G,G,G,K,S,D,K,D,C,D,C,ID=10_36;partial=00;start_type=ATG;rbs_motif=GGAGG;rbs_spacer=5-10bp;gc_cont=0.410,ID=10_36;partial=00;start_type=ATG;rbs_motif=GGAGG;rbs_spacer=5-10bp;gc,26.0
NZ_CP034911.1_420,G,K,G,G,G,K,S,D,K,D,C,D,C,ID=3_420;partial=00;start_type=ATG;rbs_motif=AGGA;rbs_spacer=5-10bp;gc_cont=0.601,ID=3_420;partial=00;start_type=ATG;rbs_motif=AGGA;rbs_spacer=5-10bp;gc,26.0
NZ_AP022810.1_2670,G,K,G,G,G,K,S,D,K,D,C,D,C,ID=1_2670;partial=00;start_type=ATG;rbs_motif=GGAG/GAGG;rbs_spacer=5-10bp;gc_cont=0.613,ID=1_2670;partial=00;start_type=ATG;rbs_motif=GGAG/GAGG;rbs_spacer=5-10bp;gc,26.0
NZ_AP021881.1_419,G,K,G,G,G,K,S,D,K,D,C,D,C,ID=1_419;partial=00;start_type=ATG;rbs_motif=AGGAG;rbs_spacer=5-10bp;gc_cont=0.471,ID=1_419;partial=00;start_type=ATG;rbs_motif=AGGAG;rbs_spacer=5-10bp;gc,26.0
NZ_JAAORA010000002.1_574,G,K,G,G,G,K,S,D,K,D,C,D,C,ID=10_574;partial=00;start_type=ATG;rbs_motif=None;rbs_spacer=None;gc_cont=0.493,ID=10_574;partial=00;start_type=ATG;rbs_motif=None;rbs_spacer=None;gc,26.0
NZ_BLTE01000002.1_222,G,K,G,G,G,K,S,D,K,D,C,D,C,ID=2_222;partial=00;start_type=ATG;rbs_motif=GGAGG;rbs_spacer=5-10bp;gc_cont=0.640,ID=2_222;partial=00;start_type=ATG;rbs_motif=GGAGG;rbs_spacer=5-10bp;gc,26.0
NZ_CP088022.1_5549,G,K,G,G,G,K,S,D,K,D,C,D,C,ID=1_5549;partial=00;start_type=ATG;rbs_motif=GGAG/GAGG;rbs_spacer=5-10bp;gc_cont=0.590,ID=1_5549;partial=00;start_type=ATG;rbs_motif=GGAG/GAGG;rbs_spacer=5-10bp;gc,26.0
NZ_JACIFV010000011.1_146,G,K,G,G,G,K,S,D,K,D,C,D,C,ID=11_146;partial=00;start_type=ATG;rbs_motif=AGGA;rbs_spacer=5-10bp;gc_cont=0.598,ID=11_146;partial=00;start_type=ATG;rbs_motif=AGGA;rbs_spacer=5-10bp;gc,26.0
NZ_VZQQ01000056.1_10,G,K,G,G,G,K,S,D,K,D,C,D,C,ID=334_10;partial=00;start_type=ATG;rbs_motif=GGAG/GAGG;rbs_spacer=5-10bp;gc_cont=0.600,ID=334_10;partial=00;start_type=ATG;rbs_motif=GGAG/GAGG;rbs_spacer=5-10bp;gc,26.0
NZ_JACJTB010000003.1_67,G,K,G,G,G,K,S,D,K,D,C,S,C,ID=23_67;partial=00;start_type=ATG;rbs_motif=None;rbs_spacer=None;gc_cont=0.435,ID=23_67;partial=00;start_type=ATG;rbs_motif=None;rbs_spacer=None;gc,25.0
NZ_JADNRQ010000006.1_107,G,K,G,G,G,K,S,D,K,D,C,D,C,ID=104_107;partial=00;start_type=ATG;rbs_motif=GGAG/GAGG;rbs_spacer=5-10bp;gc_cont=0.524,ID=104_107;partial=00;start_type=ATG;rbs_motif=GGAG/GAGG;rbs_spacer=5-10bp;gc,26.0
NZ_NRRU01000140.1_6,G,K,G,G,G,K,S,D,K,D,C,D,C,ID=140_6;partial=00;start_type=ATG;rbs_motif=GGAG/GAGG;rbs_spacer=5-10bp;gc_cont=0.649,ID=140_6;partial=00;start_type=ATG;rbs_motif=GGAG/GAGG;rbs_spacer=5-10bp;gc,26.0
NZ_AP023257.1_6128,G,K,G,G,G,K,S,D,K,D,C,D,C,ID=1_6128;partial=00;start_type=ATG;rbs_motif=AGGA;rbs_spacer=5-10bp;gc_cont=0.603,ID=1_6128;partial=00;start_type=ATG;rbs_motif=AGGA;rbs_spacer=5-10bp;gc,26.0
NZ_CP071458.1_202,G,K,G,G,G,K,S,D,K,D,C,D,C,ID=5_202;partial=00;start_type=ATG;rbs_motif=AGGA;rbs_spacer=5-10bp;gc_cont=0.547,ID=5_202;partial=00;start_type=ATG;rbs_motif=AGGA;rbs_spacer=5-10bp;gc,26.0
NZ_JAGIOR010000001.1_1671,G,K,G,G,G,K,S,D,K,D,C,D,C,ID=1_1671;partial=00;start_type=ATG;rbs_motif=AGGA;rbs_spacer=5-10bp;gc_cont=0.547,ID=1_1671;partial=00;start_type=ATG;rbs_motif=AGGA;rbs_spacer=5-10bp;gc,26.0
NZ_JAAVUS010000002.1_79,G,K,G,G,G,K,S,D,K,D,C,D,C,ID=12_79;partial=00;start_type=ATG;rbs_motif=GGAG/GAGG;rbs_spacer=5-10bp;gc_cont=0.615,ID=12_79;partial=00;start_type=ATG;rbs_motif=GGAG/GAGG;rbs_spacer=5-10bp;gc,26.0
NZ_JAHLMF010000010.1_66,G,K,G,G,G,K,S,D,K,D,C,D,C,ID=2_66;partial=00;start_type=ATG;rbs_motif=AGGAG;rbs_spacer=5-10bp;gc_cont=0.607,ID=2_66;partial=00;start_type=ATG;rbs_motif=AGGAG;rbs_spacer=5-10bp;gc,26.0
NZ_JAIOTY010000001.1_364,G,K,G,G,G,K,S,D,K,D,C,D,C,ID=1_364;partial=00;start_type=ATG;rbs_motif=AGGAG;rbs_spacer=5-10bp;gc_cont=0.625,ID=1_364;partial=00;start_type=ATG;rbs_motif=AGGAG;rbs_spacer=5-10bp;gc,26.0
NZ_JAIVKX010000009.1_163,G,K,G,G,G,K,S,D,K,D,C,D,C,ID=9_163;partial=00;start_type=ATG;rbs_motif=AGGA;rbs_spacer=5-10bp;gc_cont=0.637,ID=9_163;partial=00;start_type=ATG;rbs_motif=AGGA;rbs_spacer=5-10bp;gc,26.0
NZ_JAJSLX010000003.1_203,G,K,G,G,G,K,S,D,K,D,C,D,C,ID=3_203;partial=00;start_type=ATG;rbs_motif=AGGAG;rbs_spacer=5-10bp;gc_cont=0.436,ID=3_203;partial=00;start_type=ATG;rbs_motif=AGGAG;rbs_spacer=5-10bp;gc,26.0
NZ_JAIEUI010000007.1_151,G,K,G,G,G,K,S,D,K,D,C,D,C,ID=55_151;partial=00;start_type=ATG;rbs_motif=GGA/GAG/AGG;rbs_spacer=5-10bp;gc_cont=0.571,ID=55_151;partial=00;start_type=ATG;rbs_motif=GGA/GAG/AGG;rbs_spacer=5-10bp;gc,26.0
NZ_JALHLF010000009.1_47,G,K,G,G,G,K,S,D,K,D,C,D,C,ID=274_47;partial=00;start_type=ATG;rbs_motif=AGGAG;rbs_spacer=5-10bp;gc_cont=0.629,ID=274_47;partial=00;start_type=ATG;rbs_motif=AGGAG;rbs_spacer=5-10bp;gc,26.0
NZ_JAMHGA010000038.1_201,G,K,G,G,G,K,S,D,K,D,C,D,C,ID=38_201;partial=00;start_type=ATG;rbs_motif=GGAGG;rbs_spacer=5-10bp;gc_cont=0.656,ID=38_201;partial=00;start_type=ATG;rbs_motif=GGAGG;rbs_spacer=5-10bp;gc,26.0
NZ_VOUA01000001.1_367,G,K,G,G,G,K,S,D,K,D,C,D,C,ID=1_367;partial=00;start_type=ATG;rbs_motif=AGGAG/GGAGG;rbs_spacer=11-12bp;gc_cont=0.526,ID=1_367;partial=00;start_type=ATG;rbs_motif=AGGAG/GGAGG;rbs_spacer=11-12bp;gc,26.0
NZ_LT607803.1_1235,G,K,G,G,G,K,S,D,K,D,C,D,C,ID=1_1235;partial=00;start_type=ATG;rbs_motif=GGAG/GAGG;rbs_spacer=5-10bp;gc_cont=0.638,ID=1_1235;partial=00;start_type=ATG;rbs_motif=GGAG/GAGG;rbs_spacer=5-10bp;gc,26.0
NZ_FNJQ01000024.1_47,G,K,G,G,G,K,S,D,K,D,C,D,C,ID=36_47;partial=00;start_type=ATG;rbs_motif=GGAG/GAGG;rbs_spacer=5-10bp;gc_cont=0.565,ID=36_47;partial=00;start_type=ATG;rbs_motif=GGAG/GAGG;rbs_spacer=5-10bp;gc,26.0
NZ_FODT01000002.1_76,G,K,G,G,G,K,S,D,K,D,C,D,C,ID=12_76;partial=00;start_type=ATG;rbs_motif=GGAG/GAGG;rbs_spacer=5-10bp;gc_cont=0.637,ID=12_76;partial=00;start_type=ATG;rbs_motif=GGAG/GAGG;rbs_spacer=5-10bp;gc,26.0
NZ_FOUS01000026.1_19,G,K,G,G,G,K,S,D,K,D,C,D,C,ID=20_19;partial=00;start_type=ATG;rbs_motif=GGAG/GAGG;rbs_spacer=5-10bp;gc_cont=0.574,ID=20_19;partial=00;start_type=ATG;rbs_motif=GGAG/GAGG;rbs_spacer=5-10bp;gc,26.0
NZ_FQZP01000045.1_11,G,K,G,G,G,K,S,D,K,D,C,D,C,ID=45_11;partial=00;start_type=ATG;rbs_motif=AGGAGG;rbs_spacer=5-10bp;gc_cont=0.563,ID=45_11;partial=00;start_type=ATG;rbs_motif=AGGAGG;rbs_spacer=5-10bp;gc,26.0
NZ_FUXX01000010.1_26,G,K,G,G,G,K,S,D,K,D,C,D,C,ID=22_26;partial=00;start_type=ATG;rbs_motif=AGGA;rbs_spacer=5-10bp;gc_cont=0.442,ID=22_26;partial=00;start_type=ATG;rbs_motif=AGGA;rbs_spacer=5-10bp;gc,26.0
NZ_FZOC01000004.1_407,G,K,G,G,G,K,S,D,K,D,C,D,C,ID=9_407;partial=00;start_type=ATG;rbs_motif=GGAGG;rbs_spacer=5-10bp;gc_cont=0.635,ID=9_407;partial=00;start_type=ATG;rbs_motif=GGAGG;rbs_spacer=5-10bp;gc,26.0
NZ_CAADHO010000014.1_7,G,K,G,G,G,K,S,D,K,D,C,D,C,ID=14_7;partial=00;start_type=ATG;rbs_motif=AGGAG;rbs_spacer=5-10bp;gc_cont=0.577,ID=14_7;partial=00;start_type=ATG;rbs_motif=AGGAG;rbs_spacer=5-10bp;gc,26.0
CP007053.1_259,G,K,G,G,G,K,S,D,K,D,C,D,C,ID=1_259;partial=00;start_type=ATG;rbs_motif=None;rbs_spacer=None;gc_cont=0.570,ID=1_259;partial=00;start_type=ATG;rbs_motif=None;rbs_spacer=None;gc,26.0
SZPQ01000006.1_132,G,K,G,G,G,K,S,D,K,D,C,D,C,ID=138_132;partial=00;start_type=GTG;rbs_motif=AGGAG;rbs_spacer=5-10bp;gc_cont=0.488,ID=138_132;partial=00;start_type=GTG;rbs_motif=AGGAG;rbs_spacer=5-10bp;gc,26.0
JALHHV010000156.1_6,G,K,G,G,G,K,S,D,K,D,C,D,C,ID=467_6;partial=00;start_type=ATG;rbs_motif=GGAGG;rbs_spacer=5-10bp;gc_cont=0.618,ID=467_6;partial=00;start_type=ATG;rbs_motif=GGAGG;rbs_spacer=5-10bp;gc,26.0
JAEZYD010000024.1_31,G,K,G,G,G,K,S,D,K,D,C,D,C,ID=38_31;partial=00;start_type=ATG;rbs_motif=GGAG/GAGG;rbs_spacer=5-10bp;gc_cont=0.571,ID=38_31;partial=00;start_type=ATG;rbs_motif=GGAG/GAGG;rbs_spacer=5-10bp;gc,26.0
NC_007643.1_1429,G,K,G,G,G,K,S,D,K,D,C,D,C,ID=1_1429;partial=00;start_type=ATG;rbs_motif=AGGAG;rbs_spacer=5-10bp;gc_cont=0.582,ID=1_1429;partial=00;start_type=ATG;rbs_motif=AGGAG;rbs_spacer=5-10bp;gc,26.0
NZ_AORV01000040.1_21,G,K,G,G,G,K,S,D,K,D,C,D,C,ID=40_21;partial=00;start_type=ATG;rbs_motif=AGGAGG;rbs_spacer=5-10bp;gc_cont=0.442,ID=40_21;partial=00;start_type=ATG;rbs_motif=AGGAGG;rbs_spacer=5-10bp;gc,26.0
NZ_MLBG01000120.1_8,G,K,G,G,G,K,S,D,K,D,C,D,C,ID=120_8;partial=00;start_type=ATG;rbs_motif=AGGAG;rbs_spacer=5-10bp;gc_cont=0.604,ID=120_8;partial=00;start_type=ATG;rbs_motif=AGGAG;rbs_spacer=5-10bp;gc,26.0
NZ_CP036295.1_2440,G,K,G,G,G,K,S,D,K,D,C,D,C,ID=1_2440;partial=00;start_type=ATG;rbs_motif=GGAG/GAGG;rbs_spacer=5-10bp;gc_cont=0.581,ID=1_2440;partial=00;start_type=ATG;rbs_motif=GGAG/GAGG;rbs_spacer=5-10bp;gc,26.0
NZ_PEHF01000066.1_131,G,K,G,G,G,K,S,D,K,D,C,D,C,ID=24_131;partial=00;start_type=ATG;rbs_motif=GGAG/GAGG;rbs_spacer=5-10bp;gc_cont=0.466,ID=24_131;partial=00;start_type=ATG;rbs_motif=GGAG/GAGG;rbs_spacer=5-10bp;gc,26.0
NZ_FOTS01000037.1_16,G,K,G,G,G,K,S,D,K,D,C,D,C,ID=43_16;partial=00;start_type=ATG;rbs_motif=AGxAGG/AGGxGG;rbs_spacer=5-10bp;gc_cont=0.385,ID=43_16;partial=00;start_type=ATG;rbs_motif=AGxAGG/AGGxGG;rbs_spacer=5-10bp;gc,26.0
WASR01000091.1_1,G,K,G,G,G,K,S,D,K,D,C,D,C,ID=224_1;partial=00;start_type=ATG;rbs_motif=GGAG/GAGG;rbs_spacer=5-10bp;gc_cont=0.403,ID=224_1;partial=00;start_type=ATG;rbs_motif=GGAG/GAGG;rbs_spacer=5-10bp;gc,26.0
NZ_LN831776.1_2646,G,K,G,G,G,K,S,D,K,D,C,D,C,ID=1_2646;partial=00;start_type=ATG;rbs_motif=GGAG/GAGG;rbs_spacer=5-10bp;gc_cont=0.513,ID=1_2646;partial=00;start_type=ATG;rbs_motif=GGAG/GAGG;rbs_spacer=5-10bp;gc,26.0
NC_021149.1_247,G,K,G,G,G,K,S,D,K,D,C,D,C,ID=1_247;partial=00;start_type=ATG;rbs_motif=GGAGG;rbs_spacer=5-10bp;gc_cont=0.627,ID=1_247;partial=00;start_type=ATG;rbs_motif=GGAGG;rbs_spacer=5-10bp;gc,26.0
DISD01000044.1_49,G,K,G,G,G,K,S,D,K,D,C,D,C,ID=17_49;partial=00;start_type=ATG;rbs_motif=AGGA;rbs_spacer=5-10bp;gc_cont=0.611,ID=17_49;partial=00;start_type=ATG;rbs_motif=AGGA;rbs_spacer=5-10bp;gc,26.0
ATWE01000020.1_1,G,K,G,G,G,K,S,D,K,D,C,D,C,ID=20_1;partial=10;start_type=ATG;rbs_motif=AGGA;rbs_spacer=5-10bp;gc_cont=0.589,ID=20_1;partial=10;start_type=ATG;rbs_motif=AGGA;rbs_spacer=5-10bp;gc,26.0
AP014683.1_1379,G,K,G,G,G,K,S,D,K,D,C,D,C,ID=1_1379;partial=00;start_type=ATG;rbs_motif=AGGAG;rbs_spacer=5-10bp;gc_cont=0.619,ID=1_1379;partial=00;start_type=ATG;rbs_motif=AGGAG;rbs_spacer=5-10bp;gc,26.0
LUZT01000011.1_96,G,K,G,G,G,K,S,D,K,D,C,D,C,ID=15_96;partial=00;start_type=ATG;rbs_motif=None;rbs_spacer=None;gc_cont=0.555,ID=15_96;partial=00;start_type=ATG;rbs_motif=None;rbs_spacer=None;gc,26.0
MAXM01000301.1_17,G,K,G,G,G,K,S,D,K,D,C,D,C,ID=301_17;partial=00;start_type=ATG;rbs_motif=AGGAGG;rbs_spacer=5-10bp;gc_cont=0.497,ID=301_17;partial=00;start_type=ATG;rbs_motif=AGGAGG;rbs_spacer=5-10bp;gc,26.0
MHEA01000247.1_16,G,K,G,G,G,K,S,D,K,D,C,D,C,ID=247_16;partial=00;start_type=ATG;rbs_motif=AGGAGG;rbs_spacer=5-10bp;gc_cont=0.580,ID=247_16;partial=00;start_type=ATG;rbs_motif=AGGAGG;rbs_spacer=5-10bp;gc,26.0
MWDT01000019.1_3,G,K,G,G,G,K,S,D,K,D,C,D,C,ID=19_3;partial=00;start_type=ATG;rbs_motif=None;rbs_spacer=None;gc_cont=0.606,ID=19_3;partial=00;start_type=ATG;rbs_motif=None;rbs_spacer=None;gc,26.0
DBTI01000098.1_20,G,K,G,G,G,K,S,D,K,D,C,D,C,ID=267_20;partial=00;start_type=ATG;rbs_motif=AGGAGG;rbs_spacer=5-10bp;gc_cont=0.480,ID=267_20;partial=00;start_type=ATG;rbs_motif=AGGAGG;rbs_spacer=5-10bp;gc,26.0
DDST01000096.1_3,G,K,G,G,G,K,S,D,K,D,C,D,C,ID=16_3;partial=00;start_type=ATG;rbs_motif=GGAG/GAGG;rbs_spacer=5-10bp;gc_cont=0.516,ID=16_3;partial=00;start_type=ATG;rbs_motif=GGAG/GAGG;rbs_spacer=5-10bp;gc,26.0
DFYP01000136.1_3,G,K,G,G,G,K,S,D,K,D,C,D,C,ID=67_3;partial=00;start_type=ATG;rbs_motif=GGAGG;rbs_spacer=5-10bp;gc_cont=0.646,ID=67_3;partial=00;start_type=ATG;rbs_motif=GGAGG;rbs_spacer=5-10bp;gc,26.0
DHRK01000019.1_68,G,K,G,G,G,K,S,D,K,D,C,D,C,ID=16_68;partial=00;start_type=ATG;rbs_motif=AGGAGG;rbs_spacer=5-10bp;gc_cont=0.552,ID=16_68;partial=00;start_type=ATG;rbs_motif=AGGAGG;rbs_spacer=5-10bp;gc,26.0
PDZX01000045.1_12,G,K,G,G,G,K,S,D,K,D,C,D,C,ID=40_12;partial=00;start_type=ATG;rbs_motif=AGGAG;rbs_spacer=5-10bp;gc_cont=0.603,ID=40_12;partial=00;start_type=ATG;rbs_motif=AGGAG;rbs_spacer=5-10bp;gc,26.0
PHBE01000015.1_83,G,K,G,G,G,K,S,D,K,D,C,D,C,ID=12_83;partial=00;start_type=ATG;rbs_motif=AGGAG;rbs_spacer=5-10bp;gc_cont=0.594,ID=12_83;partial=00;start_type=ATG;rbs_motif=AGGAG;rbs_spacer=5-10bp;gc,26.0
BDTD01000018.1_18,G,K,G,G,G,K,S,D,K,D,C,D,C,ID=18_18;partial=00;start_type=ATG;rbs_motif=AGGAG;rbs_spacer=5-10bp;gc_cont=0.575,ID=18_18;partial=00;start_type=ATG;rbs_motif=AGGAG;rbs_spacer=5-10bp;gc,26.0
PLOR01000108.1_36,G,K,G,G,G,K,S,D,K,D,C,D,C,ID=24_36;partial=00;start_type=ATG;rbs_motif=AGGAG/GGAGG;rbs_spacer=11-12bp;gc_cont=0.582,ID=24_36;partial=00;start_type=ATG;rbs_motif=AGGAG/GGAGG;rbs_spacer=11-12bp;gc,26.0
PMJK01000033.1_30,G,K,G,G,G,K,S,D,K,D,C,D,C,ID=145_30;partial=00;start_type=ATG;rbs_motif=AGGAG;rbs_spacer=5-10bp;gc_cont=0.617,ID=145_30;partial=00;start_type=ATG;rbs_motif=AGGAG;rbs_spacer=5-10bp;gc,26.0
QIJE01000001.1_91,G,K,G,G,G,K,S,D,K,D,C,D,C,ID=3_91;partial=00;start_type=ATG;rbs_motif=GGAGG;rbs_spacer=5-10bp;gc_cont=0.426,ID=3_91;partial=00;start_type=ATG;rbs_motif=GGAGG;rbs_spacer=5-10bp;gc,26.0
QKJQ01000027.1_185,G,K,G,G,G,K,S,D,K,D,C,D,C,ID=29_185;partial=00;start_type=ATG;rbs_motif=GGAGG;rbs_spacer=5-10bp;gc_cont=0.409,ID=29_185;partial=00;start_type=ATG;rbs_motif=GGAGG;rbs_spacer=5-10bp;gc,26.0
DNJC01000006.1_80,G,K,G,G,G,K,S,D,K,D,C,D,C,ID=71_80;partial=00;start_type=ATG;rbs_motif=AGGAG;rbs_spacer=5-10bp;gc_cont=0.617,ID=71_80;partial=00;start_type=ATG;rbs_motif=AGGAG;rbs_spacer=5-10bp;gc,26.0
QZIZ01000129.1_18,G,K,G,G,G,K,S,D,K,D,C,D,C,ID=34_18;partial=00;start_type=ATG;rbs_motif=AGGAG;rbs_spacer=5-10bp;gc_cont=0.606,ID=34_18;partial=00;start_type=ATG;rbs_motif=AGGAG;rbs_spacer=5-10bp;gc,26.0
BIFV01000001.1_62,G,K,G,G,G,K,S,D,K,D,C,D,C,ID=1_62;partial=00;start_type=ATG;rbs_motif=AGGAGG;rbs_spacer=5-10bp;gc_cont=0.443,ID=1_62;partial=00;start_type=ATG;rbs_motif=AGGAGG;rbs_spacer=5-10bp;gc,26.0
SCSY01000135.1_22,G,K,G,G,G,K,S,D,K,D,C,D,C,ID=352_22;partial=00;start_type=ATG;rbs_motif=AGGAGG;rbs_spacer=5-10bp;gc_cont=0.493,ID=352_22;partial=00;start_type=ATG;rbs_motif=AGGAGG;rbs_spacer=5-10bp;gc,26.0
VAUL01000018.1_24,G,K,G,G,G,K,S,D,K,D,C,D,C,ID=30_24;partial=00;start_type=ATG;rbs_motif=AGGAG;rbs_spacer=5-10bp;gc_cont=0.635,ID=30_24;partial=00;start_type=ATG;rbs_motif=AGGAG;rbs_spacer=5-10bp;gc,26.0
SLLR01000133.1_10,G,K,G,G,G,K,S,D,K,D,C,D,C,ID=58_10;partial=00;start_type=ATG;rbs_motif=AGGAG;rbs_spacer=5-10bp;gc_cont=0.573,ID=58_10;partial=00;start_type=ATG;rbs_motif=AGGAG;rbs_spacer=5-10bp;gc,26.0
SHMQ01000037.1_17,G,K,G,G,G,K,S,D,K,D,C,D,C,ID=37_17;partial=00;start_type=ATG;rbs_motif=GGAGG;rbs_spacer=5-10bp;gc_cont=0.454,ID=37_17;partial=00;start_type=ATG;rbs_motif=GGAGG;rbs_spacer=5-10bp;gc,26.0
WSYB01000018.1_147,G,K,G,G,G,K,S,D,K,D,C,D,C,ID=43_147;partial=00;start_type=ATG;rbs_motif=AGGAG;rbs_spacer=5-10bp;gc_cont=0.600,ID=43_147;partial=00;start_type=ATG;rbs_motif=AGGAG;rbs_spacer=5-10bp;gc,26.0
DRJN01000053.1_5,G,K,G,G,G,K,S,D,K,D,C,D,C,ID=53_5;partial=00;start_type=ATG;rbs_motif=AGGAG;rbs_spacer=5-10bp;gc_cont=0.485,ID=53_5;partial=00;start_type=ATG;rbs_motif=AGGAG;rbs_spacer=5-10bp;gc,26.0
VEPB01000023.1_3,G,K,G,G,G,K,S,D,K,D,C,D,C,ID=225_3;partial=00;start_type=ATG;rbs_motif=AGGAG;rbs_spacer=5-10bp;gc_cont=0.611,ID=225_3;partial=00;start_type=ATG;rbs_motif=AGGAG;rbs_spacer=5-10bp;gc,26.0
JAAYUK010000252.1_3,G,K,G,G,G,K,S,D,K,D,C,D,C,ID=57_3;partial=00;start_type=ATG;rbs_motif=AGGAGG;rbs_spacer=5-10bp;gc_cont=0.573,ID=57_3;partial=00;start_type=ATG;rbs_motif=AGGAGG;rbs_spacer=5-10bp;gc,26.0
JABFSV010000339.1_1,G,K,G,G,G,K,S,D,K,D,C,D,C,ID=356_1;partial=00;start_type=ATG;rbs_motif=AGGAG;rbs_spacer=5-10bp;gc_cont=0.437,ID=356_1;partial=00;start_type=ATG;rbs_motif=AGGAG;rbs_spacer=5-10bp;gc,26.0
QBUM01000235.1_5,G,K,G,G,G,K,S,D,K,D,C,D,C,ID=79_5;partial=00;start_type=ATG;rbs_motif=AGGAG;rbs_spacer=5-10bp;gc_cont=0.500,ID=79_5;partial=00;start_type=ATG;rbs_motif=AGGAG;rbs_spacer=5-10bp;gc,26.0
JAAXVR010000032.1_21,G,K,G,G,G,K,S,D,K,D,C,D,C,ID=1_21;partial=00;start_type=ATG;rbs_motif=None;rbs_spacer=None;gc_cont=0.533,ID=1_21;partial=00;start_type=ATG;rbs_motif=None;rbs_spacer=None;gc,26.0
JAAEEW010000126.1_10,G,K,G,G,G,K,S,D,K,D,C,D,C,ID=90_10;partial=00;start_type=ATG;rbs_motif=GGA/GAG/AGG;rbs_spacer=5-10bp;gc_cont=0.591,ID=90_10;partial=00;start_type=ATG;rbs_motif=GGA/GAG/AGG;rbs_spacer=5-10bp;gc,26.0
JACIYQ010000244.1_15,G,K,G,G,G,K,S,D,K,D,C,D,C,ID=162_15;partial=00;start_type=ATG;rbs_motif=AGGAG;rbs_spacer=5-10bp;gc_cont=0.588,ID=162_15;partial=00;start_type=ATG;rbs_motif=AGGAG;rbs_spacer=5-10bp;gc,26.0
SVDZ01000001.1_270,G,K,G,G,G,K,S,D,K,D,C,D,C,ID=22_270;partial=00;start_type=ATG;rbs_motif=AGGA;rbs_spacer=5-10bp;gc_cont=0.390,ID=22_270;partial=00;start_type=ATG;rbs_motif=AGGA;rbs_spacer=5-10bp;gc,26.0
JADGAX010000001.1_66,G,K,G,G,G,K,S,D,K,D,C,D,C,ID=11_66;partial=00;start_type=ATG;rbs_motif=AGGAG;rbs_spacer=5-10bp;gc_cont=0.593,ID=11_66;partial=00;start_type=ATG;rbs_motif=AGGAG;rbs_spacer=5-10bp;gc,26.0
JADMLA020000022.1_101,G,K,G,G,G,K,S,D,K,D,C,D,C,ID=30_101;partial=00;start_type=ATG;rbs_motif=None;rbs_spacer=None;gc_cont=0.503,ID=30_101;partial=00;start_type=ATG;rbs_motif=None;rbs_spacer=None;gc,26.0
WGNC01000010.1_185,G,K,G,G,G,K,S,D,K,D,C,D,C,ID=2_185;partial=00;start_type=ATG;rbs_motif=AGGAG;rbs_spacer=5-10bp;gc_cont=0.607,ID=2_185;partial=00;start_type=ATG;rbs_motif=AGGAG;rbs_spacer=5-10bp;gc,26.0
JACRHJ010000001.1_9,G,K,G,G,G,K,S,D,K,D,C,D,C,ID=60_9;partial=00;start_type=ATG;rbs_motif=GGAGG;rbs_spacer=5-10bp;gc_cont=0.623,ID=60_9;partial=00;start_type=ATG;rbs_motif=GGAGG;rbs_spacer=5-10bp;gc,26.0
JACREG010000055.1_2,G,K,G,G,G,K,S,D,K,D,C,D,C,ID=4_2;partial=00;start_type=ATG;rbs_motif=AGGAG;rbs_spacer=5-10bp;gc_cont=0.614,ID=4_2;partial=00;start_type=ATG;rbs_motif=AGGAG;rbs_spacer=5-10bp;gc,26.0
JACRAR010000026.1_36,G,K,G,G,G,K,S,D,K,D,C,D,C,ID=2_36;partial=00;start_type=ATG;rbs_motif=AGGAG;rbs_spacer=5-10bp;gc_cont=0.612,ID=2_36;partial=00;start_type=ATG;rbs_motif=AGGAG;rbs_spacer=5-10bp;gc,26.0
JAEESZ010000003.1_164,G,K,G,G,G,K,S,D,K,D,C,D,C,ID=14_164;partial=00;start_type=ATG;rbs_motif=AGGAG;rbs_spacer=5-10bp;gc_cont=0.451,ID=14_164;partial=00;start_type=ATG;rbs_motif=AGGAG;rbs_spacer=5-10bp;gc,26.0
JADJVQ010000002.1_57,G,K,G,G,G,K,S,D,K,D,C,D,C,ID=2_57;partial=00;start_type=ATG;rbs_motif=GGAG/GAGG;rbs_spacer=5-10bp;gc_cont=0.652,ID=2_57;partial=00;start_type=ATG;rbs_motif=GGAG/GAGG;rbs_spacer=5-10bp;gc,26.0
CP050890.1_1951,G,K,G,G,G,K,S,D,K,D,C,D,C,ID=1_1951;partial=00;start_type=ATG;rbs_motif=GGAG/GAGG;rbs_spacer=5-10bp;gc_cont=0.596,ID=1_1951;partial=00;start_type=ATG;rbs_motif=GGAG/GAGG;rbs_spacer=5-10bp;gc,26.0
JAENYV010000001.1_349,G,K,G,G,G,K,S,D,K,D,C,D,C,ID=30_349;partial=00;start_type=TTG;rbs_motif=AGGAGG;rbs_spacer=5-10bp;gc_cont=0.531,ID=30_349;partial=00;start_type=TTG;rbs_motif=AGGAGG;rbs_spacer=5-10bp;gc,26.0
JAFGRW010000109.1_16,G,K,G,G,G,K,S,D,K,D,C,D,C,ID=11_16;partial=00;start_type=ATG;rbs_motif=GGAGG;rbs_spacer=5-10bp;gc_cont=0.451,ID=11_16;partial=00;start_type=ATG;rbs_motif=GGAGG;rbs_spacer=5-10bp;gc,26.0
JABXKL010000087.1_43,G,R,G,G,G,K,S,D,K,D,C,D,C,ID=96_43;partial=00;start_type=ATG;rbs_motif=GGAG/GAGG;rbs_spacer=5-10bp;gc_cont=0.472,ID=96_43;partial=00;start_type=ATG;rbs_motif=GGAG/GAGG;rbs_spacer=5-10bp;gc,25.0
JAFRQR010000020.1_189,G,K,G,G,G,K,S,D,K,D,C,D,C,ID=16_189;partial=00;start_type=ATG;rbs_motif=AGxAGG/AGGxGG;rbs_spacer=5-10bp;gc_cont=0.501,ID=16_189;partial=00;start_type=ATG;rbs_motif=AGxAGG/AGGxGG;rbs_spacer=5-10bp;gc,26.0
JAFUYH010000018.1_84,G,K,G,G,G,K,S,D,K,D,C,D,C,ID=10_84;partial=00;start_type=ATG;rbs_motif=AGGAG;rbs_spacer=5-10bp;gc_cont=0.473,ID=10_84;partial=00;start_type=ATG;rbs_motif=AGGAG;rbs_spacer=5-10bp;gc,26.0
JAFXWC010000064.1_47,G,K,G,G,G,K,S,D,K,D,C,D,C,ID=21_47;partial=00;start_type=ATG;rbs_motif=AGGAG;rbs_spacer=5-10bp;gc_cont=0.461,ID=21_47;partial=00;start_type=ATG;rbs_motif=AGGAG;rbs_spacer=5-10bp;gc,26.0
JAGAPO010000107.1_5,G,K,G,G,G,K,S,D,K,D,C,D,C,ID=19_5;partial=00;start_type=GTG;rbs_motif=AGGAG;rbs_spacer=5-10bp;gc_cont=0.461,ID=19_5;partial=00;start_type=GTG;rbs_motif=AGGAG;rbs_spacer=5-10bp;gc,26.0
JAGFXO010000075.1_3,G,K,G,G,G,K,S,D,K,D,C,D,C,ID=186_3;partial=00;start_type=ATG;rbs_motif=AGGAG;rbs_spacer=5-10bp;gc_cont=0.545,ID=186_3;partial=00;start_type=ATG;rbs_motif=AGGAG;rbs_spacer=5-10bp;gc,26.0
JAGCXJ010000247.1_13,G,K,G,G,G,K,S,D,K,D,C,D,C,ID=94_13;partial=00;start_type=ATG;rbs_motif=GGAGG;rbs_spacer=5-10bp;gc_cont=0.462,ID=94_13;partial=00;start_type=ATG;rbs_motif=GGAGG;rbs_spacer=5-10bp;gc,26.0
JAGTSE010000006.1_11,G,K,G,G,G,K,S,D,K,D,C,D,C,ID=6_11;partial=00;start_type=ATG;rbs_motif=AGGAG;rbs_spacer=5-10bp;gc_cont=0.557,ID=6_11;partial=00;start_type=ATG;rbs_motif=AGGAG;rbs_spacer=5-10bp;gc,26.0
JAHITX010000079.1_100,G,K,G,G,G,K,S,D,K,D,C,D,C,ID=2_100;partial=00;start_type=ATG;rbs_motif=AGGAG;rbs_spacer=5-10bp;gc_cont=0.446,ID=2_100;partial=00;start_type=ATG;rbs_motif=AGGAG;rbs_spacer=5-10bp;gc,26.0
JAHIFE010000121.1_54,G,K,G,G,G,K,S,D,K,D,C,D,C,ID=175_54;partial=00;start_type=ATG;rbs_motif=AGGAG;rbs_spacer=5-10bp;gc_cont=0.442,ID=175_54;partial=00;start_type=ATG;rbs_motif=AGGAG;rbs_spacer=5-10bp;gc,26.0
JAIBEY010000039.1_117,G,K,G,G,G,K,S,D,K,D,C,D,C,ID=66_117;partial=00;start_type=ATG;rbs_motif=TAAAAA;rbs_spacer=8bp;gc_cont=0.501,ID=66_117;partial=00;start_type=ATG;rbs_motif=TAAAAA;rbs_spacer=8bp;gc,26.0
JAGVIV010000200.1_15,G,K,G,G,G,K,S,D,K,D,C,D,C,ID=23_15;partial=00;start_type=ATG;rbs_motif=AGGAG;rbs_spacer=5-10bp;gc_cont=0.532,ID=23_15;partial=00;start_type=ATG;rbs_motif=AGGAG;rbs_spacer=5-10bp;gc,26.0
JAHLKT010000004.1_570,G,K,G,G,G,K,S,D,K,D,C,D,C,ID=10_570;partial=00;start_type=ATG;rbs_motif=AGGAGG;rbs_spacer=5-10bp;gc_cont=0.645,ID=10_570;partial=00;start_type=ATG;rbs_motif=AGGAGG;rbs_spacer=5-10bp;gc,26.0
DYND01000002.1_92,G,K,G,G,G,K,S,D,K,D,C,D,C,ID=24_92;partial=00;start_type=ATG;rbs_motif=None;rbs_spacer=None;gc_cont=0.467,ID=24_92;partial=00;start_type=ATG;rbs_motif=None;rbs_spacer=None;gc,26.0
JAJQGO010000011.1_94,G,K,G,G,G,K,S,D,K,D,C,D,C,ID=63_94;partial=00;start_type=ATG;rbs_motif=AGGA;rbs_spacer=5-10bp;gc_cont=0.452,ID=63_94;partial=00;start_type=ATG;rbs_motif=AGGA;rbs_spacer=5-10bp;gc,26.0
JAKFXX010000002.1_20,G,K,G,G,G,K,S,D,K,D,C,D,C,ID=4_20;partial=00;start_type=ATG;rbs_motif=AGGAG;rbs_spacer=5-10bp;gc_cont=0.560,ID=4_20;partial=00;start_type=ATG;rbs_motif=AGGAG;rbs_spacer=5-10bp;gc,26.0
JAJYAW010000041.1_1,G,K,G,G,G,K,S,D,K,D,C,D,C,ID=488_1;partial=00;start_type=ATG;rbs_motif=GGAG/GAGG;rbs_spacer=5-10bp;gc_cont=0.671,ID=488_1;partial=00;start_type=ATG;rbs_motif=GGAG/GAGG;rbs_spacer=5-10bp;gc,26.0
JAJYHI010000012.1_6,G,K,G,G,G,K,S,D,K,D,C,D,C,ID=52_6;partial=00;start_type=ATG;rbs_motif=GGAGG;rbs_spacer=5-10bp;gc_cont=0.454,ID=52_6;partial=00;start_type=ATG;rbs_motif=GGAGG;rbs_spacer=5-10bp;gc,26.0
JAJYQA010000029.1_146,G,K,G,G,G,K,S,D,K,D,C,D,C,ID=44_146;partial=00;start_type=ATG;rbs_motif=GGAGG;rbs_spacer=5-10bp;gc_cont=0.478,ID=44_146;partial=00;start_type=ATG;rbs_motif=GGAGG;rbs_spacer=5-10bp;gc,26.0
JAJZRE010000004.1_21,G,K,G,G,G,K,S,D,K,D,C,D,C,ID=48_21;partial=00;start_type=ATG;rbs_motif=AGGAG;rbs_spacer=5-10bp;gc_cont=0.634,ID=48_21;partial=00;start_type=ATG;rbs_motif=AGGAG;rbs_spacer=5-10bp;gc,26.0
JAKAHZ010000006.1_51,G,K,G,G,G,K,S,D,K,D,C,D,C,ID=197_51;partial=00;start_type=ATG;rbs_motif=AGGAGG;rbs_spacer=5-10bp;gc_cont=0.629,ID=197_51;partial=00;start_type=ATG;rbs_motif=AGGAGG;rbs_spacer=5-10bp;gc,26.0
JAKAFU010000002.1_3,G,K,G,G,G,K,S,D,K,D,C,D,C,ID=16_3;partial=00;start_type=ATG;rbs_motif=GGAGG;rbs_spacer=5-10bp;gc_cont=0.409,ID=16_3;partial=00;start_type=ATG;rbs_motif=GGAGG;rbs_spacer=5-10bp;gc,26.0
JAJZPZ010000108.1_3,G,K,G,G,G,K,S,D,K,D,C,D,C,ID=5_3;partial=00;start_type=ATG;rbs_motif=AGGAGG;rbs_spacer=5-10bp;gc_cont=0.520,ID=5_3;partial=00;start_type=ATG;rbs_motif=AGGAGG;rbs_spacer=5-10bp;gc,26.0
JAKSAX010000441.1_9,G,K,G,G,G,K,S,D,K,D,C,D,C,ID=281_9;partial=00;start_type=ATG;rbs_motif=AGGA;rbs_spacer=5-10bp;gc_cont=0.544,ID=281_9;partial=00;start_type=ATG;rbs_motif=AGGA;rbs_spacer=5-10bp;gc,26.0
DZCT01000199.1_8,G,K,G,G,G,K,S,D,K,D,C,D,C,ID=629_8;partial=00;start_type=ATG;rbs_motif=AGGA;rbs_spacer=5-10bp;gc_cont=0.516,ID=629_8;partial=00;start_type=ATG;rbs_motif=AGGA;rbs_spacer=5-10bp;gc,26.0
JALNYP010000019.1_28,G,K,G,G,G,K,S,D,K,D,C,D,C,ID=136_28;partial=00;start_type=ATG;rbs_motif=AGGAG;rbs_spacer=5-10bp;gc_cont=0.583,ID=136_28;partial=00;start_type=ATG;rbs_motif=AGGAG;rbs_spacer=5-10bp;gc,26.0
JAEWGR010000010.1_23,G,K,G,G,G,K,S,D,K,D,C,D,C,ID=1_23;partial=00;start_type=ATG;rbs_motif=GGAGG;rbs_spacer=5-10bp;gc_cont=0.444,ID=1_23;partial=00;start_type=ATG;rbs_motif=GGAGG;rbs_spacer=5-10bp;gc,26.0
JAEWME010000240.1_2,G,K,G,G,G,K,S,D,K,D,C,D,C,ID=159_2;partial=00;start_type=ATG;rbs_motif=TAAAAA;rbs_spacer=8bp;gc_cont=0.473,ID=159_2;partial=00;start_type=ATG;rbs_motif=TAAAAA;rbs_spacer=8bp;gc,26.0
JAEWPN010000090.1_46,G,K,G,G,G,K,S,D,K,D,C,D,C,ID=132_46;partial=00;start_type=ATG;rbs_motif=AGGAGG;rbs_spacer=5-10bp;gc_cont=0.486,ID=132_46;partial=00;start_type=ATG;rbs_motif=AGGAGG;rbs_spacer=5-10bp;gc,26.0
JAEYPE010000263.1_6,G,K,G,G,G,K,S,D,K,D,C,D,C,ID=93_6;partial=00;start_type=ATG;rbs_motif=AGGAG;rbs_spacer=5-10bp;gc_cont=0.642,ID=93_6;partial=00;start_type=ATG;rbs_motif=AGGAG;rbs_spacer=5-10bp;gc,26.0
JAEZKZ010000002.1_33,G,K,G,G,G,K,S,D,K,D,C,D,C,ID=91_33;partial=00;start_type=ATG;rbs_motif=GGAGG;rbs_spacer=5-10bp;gc_cont=0.445,ID=91_33;partial=00;start_type=ATG;rbs_motif=GGAGG;rbs_spacer=5-10bp;gc,26.0
JAEYYB010000182.1_24,G,K,G,G,G,K,S,D,K,D,C,D,C,ID=167_24;partial=00;start_type=ATG;rbs_motif=4Base/6BMM;rbs_spacer=13-15bp;gc_cont=0.415,ID=167_24;partial=00;start_type=ATG;rbs_motif=4Base/6BMM;rbs_spacer=13-15bp;gc,26.0
JAEZIV010000203.1_2,G,K,G,G,G,K,S,D,K,D,C,D,C,ID=354_2;partial=00;start_type=GTG;rbs_motif=4Base/6BMM;rbs_spacer=13-15bp;gc_cont=0.440,ID=354_2;partial=00;start_type=GTG;rbs_motif=4Base/6BMM;rbs_spacer=13-15bp;gc,26.0
JAEZXS010000344.1_7,G,K,G,G,G,K,S,D,K,D,C,D,C,ID=151_7;partial=00;start_type=ATG;rbs_motif=AGGAGG;rbs_spacer=5-10bp;gc_cont=0.602,ID=151_7;partial=00;start_type=ATG;rbs_motif=AGGAGG;rbs_spacer=5-10bp;gc,26.0
JAEWPV010000007.1_108,G,K,G,G,G,K,S,D,K,D,C,D,C,ID=7_108;partial=00;start_type=ATG;rbs_motif=GGAGG;rbs_spacer=5-10bp;gc_cont=0.540,ID=7_108;partial=00;start_type=ATG;rbs_motif=GGAGG;rbs_spacer=5-10bp;gc,26.0
JACKNF010000004.1_217,G,K,G,G,G,K,S,D,K,D,C,D,C,ID=4_217;partial=00;start_type=ATG;rbs_motif=GGAG/GAGG;rbs_spacer=5-10bp;gc_cont=0.547,ID=4_217;partial=00;start_type=ATG;rbs_motif=GGAG/GAGG;rbs_spacer=5-10bp;gc,26.0
JAGXHG010000032.1_85,G,K,G,G,G,K,S,D,K,D,C,D,C,ID=9_85;partial=00;start_type=ATG;rbs_motif=AGGAG;rbs_spacer=5-10bp;gc_cont=0.530,ID=9_85;partial=00;start_type=ATG;rbs_motif=AGGAG;rbs_spacer=5-10bp;gc,26.0
JAILNW010000295.1_9,G,K,G,G,G,K,S,D,K,D,C,D,C,ID=283_9;partial=00;start_type=ATG;rbs_motif=AGGA;rbs_spacer=5-10bp;gc_cont=0.384,ID=283_9;partial=00;start_type=ATG;rbs_motif=AGGA;rbs_spacer=5-10bp;gc,26.0
JANJUM010000257.1_2,G,K,G,G,G,K,S,D,K,D,C,D,C,ID=139_2;partial=00;start_type=ATG;rbs_motif=AGGAG;rbs_spacer=5-10bp;gc_cont=0.643,ID=139_2;partial=00;start_type=ATG;rbs_motif=AGGAG;rbs_spacer=5-10bp;gc,26.0
FPJT01000003.1_151,G,K,G,G,G,K,S,D,K,D,C,D,C,ID=25_151;partial=00;start_type=ATG;rbs_motif=GGA/GAG/AGG;rbs_spacer=11-12bp;gc_cont=0.492,ID=25_151;partial=00;start_type=ATG;rbs_motif=GGA/GAG/AGG;rbs_spacer=11-12bp;gc,26.0
ONGS01000194.1_2,G,K,G,G,G,K,S,D,K,D,C,D,C,ID=272_2;partial=00;start_type=ATG;rbs_motif=AGGAG;rbs_spacer=5-10bp;gc_cont=0.462,ID=272_2;partial=00;start_type=ATG;rbs_motif=AGGAG;rbs_spacer=5-10bp;gc,26.0
CABIYE010000009.1_52,G,K,G,G,G,K,S,D,K,D,C,D,C,ID=9_52;partial=00;start_type=ATG;rbs_motif=AGGA;rbs_spacer=5-10bp;gc_cont=0.458,ID=9_52;partial=00;start_type=ATG;rbs_motif=AGGA;rbs_spacer=5-10bp;gc,26.0
CACXFV010000007.1_13,G,K,G,G,G,K,S,D,K,D,C,D,C,ID=7_13;partial=00;start_type=ATG;rbs_motif=AGGA;rbs_spacer=5-10bp;gc_cont=0.444,ID=7_13;partial=00;start_type=ATG;rbs_motif=AGGA;rbs_spacer=5-10bp;gc,26.0
CACZHK010000018.1_4,G,K,G,G,G,K,S,D,K,D,C,D,C,ID=18_4;partial=00;start_type=ATG;rbs_motif=AGGAG;rbs_spacer=5-10bp;gc_cont=0.591,ID=18_4;partial=00;start_type=ATG;rbs_motif=AGGAG;rbs_spacer=5-10bp;gc,26.0
CADAKQ010000012.1_7,G,K,G,G,G,K,S,D,K,D,C,D,C,ID=12_7;partial=00;start_type=ATG;rbs_motif=AGGA;rbs_spacer=5-10bp;gc_cont=0.414,ID=12_7;partial=00;start_type=ATG;rbs_motif=AGGA;rbs_spacer=5-10bp;gc,26.0
CADCFQ010000017.1_14,G,K,G,G,G,K,S,D,K,D,C,D,C,ID=17_14;partial=00;start_type=ATG;rbs_motif=GGAG/GAGG;rbs_spacer=5-10bp;gc_cont=0.503,ID=17_14;partial=00;start_type=ATG;rbs_motif=GGAG/GAGG;rbs_spacer=5-10bp;gc,26.0
CAIJRK010000061.1_31,G,K,G,G,G,K,S,D,K,D,C,D,C,ID=61_31;partial=00;start_type=ATG;rbs_motif=GGAG/GAGG;rbs_spacer=5-10bp;gc_cont=0.526,ID=61_31;partial=00;start_type=ATG;rbs_motif=GGAG/GAGG;rbs_spacer=5-10bp;gc,26.0
CAIMZI010000125.1_67,G,K,G,G,G,K,S,D,K,D,C,D,C,ID=125_67;partial=00;start_type=ATG;rbs_motif=GGAG/GAGG;rbs_spacer=5-10bp;gc_cont=0.584,ID=125_67;partial=00;start_type=ATG;rbs_motif=GGAG/GAGG;rbs_spacer=5-10bp;gc,26.0
CAIPYE010000007.1_11,G,K,G,G,G,K,S,D,K,D,C,D,C,ID=7_11;partial=00;start_type=ATG;rbs_motif=AGGAG;rbs_spacer=5-10bp;gc_cont=0.570,ID=7_11;partial=00;start_type=ATG;rbs_motif=AGGAG;rbs_spacer=5-10bp;gc,26.0
CAISFO010000066.1_10,G,K,G,G,G,K,S,D,K,D,C,D,C,ID=66_10;partial=00;start_type=ATG;rbs_motif=AGGAG;rbs_spacer=5-10bp;gc_cont=0.639,ID=66_10;partial=00;start_type=ATG;rbs_motif=AGGAG;rbs_spacer=5-10bp;gc,26.0
CAIUXT010000226.1_83,G,K,G,G,G,K,S,D,K,D,C,D,C,ID=226_83;partial=01;start_type=ATG;rbs_motif=AGGAG;rbs_spacer=5-10bp;gc_cont=0.619,ID=226_83;partial=01;start_type=ATG;rbs_motif=AGGAG;rbs_spacer=5-10bp;gc,26.0
CAIYDQ010000034.1_2,G,K,G,G,G,K,S,D,K,D,C,D,C,ID=34_2;partial=00;start_type=ATG;rbs_motif=AGGAG;rbs_spacer=5-10bp;gc_cont=0.617,ID=34_2;partial=00;start_type=ATG;rbs_motif=AGGAG;rbs_spacer=5-10bp;gc,26.0
CAJANN010000340.1_1,G,K,G,G,G,K,S,D,K,D,C,D,C,ID=340_1;partial=00;start_type=ATG;rbs_motif=AGGA;rbs_spacer=5-10bp;gc_cont=0.634,ID=340_1;partial=00;start_type=ATG;rbs_motif=AGGA;rbs_spacer=5-10bp;gc,26.0
CAJOLL010000010.1_15,G,K,G,G,G,K,S,D,K,D,C,D,C,ID=10_15;partial=00;start_type=ATG;rbs_motif=AGxAGG/AGGxGG;rbs_spacer=5-10bp;gc_cont=0.499,ID=10_15;partial=00;start_type=ATG;rbs_motif=AGxAGG/AGGxGG;rbs_spacer=5-10bp;gc,26.0
CAJXYQ010000003.1_287,G,K,G,G,G,K,S,D,K,D,C,D,C,ID=3_287;partial=00;start_type=ATG;rbs_motif=TAAAAA;rbs_spacer=10bp;gc_cont=0.442,ID=3_287;partial=00;start_type=ATG;rbs_motif=TAAAAA;rbs_spacer=10bp;gc,26.0
CAMDNO010000024.1_4,G,K,G,G,G,K,S,D,K,D,C,D,C,ID=24_4;partial=00;start_type=ATG;rbs_motif=TATAA;rbs_spacer=4bp;gc_cont=0.418,ID=24_4;partial=00;start_type=ATG;rbs_motif=TATAA;rbs_spacer=4bp;gc,26.0
NC_008639.1_772,G,K,G,G,G,K,S,D,K,D,C,D,C,ID=1_772;partial=00;start_type=ATG;rbs_motif=None;rbs_spacer=None;gc_cont=0.520,ID=1_772;partial=00;start_type=ATG;rbs_motif=None;rbs_spacer=None;gc,26.0
NC_011059.1_1621,G,K,G,G,G,K,S,D,K,D,C,D,C,ID=1_1621;partial=00;start_type=ATG;rbs_motif=None;rbs_spacer=None;gc_cont=0.510,ID=1_1621;partial=00;start_type=ATG;rbs_motif=None;rbs_spacer=None;gc,26.0
NC_010529.1_271,G,K,G,G,G,K,S,D,K,D,C,D,C,ID=3_271;partial=00;start_type=ATG;rbs_motif=GGAG/GAGG;rbs_spacer=5-10bp;gc_cont=0.524,ID=3_271;partial=00;start_type=ATG;rbs_motif=GGAG/GAGG;rbs_spacer=5-10bp;gc,26.0
NZ_ACJM01000023.1_11,G,K,G,G,G,K,S,D,K,D,C,D,C,ID=12_11;partial=00;start_type=ATG;rbs_motif=AGGAGG;rbs_spacer=5-10bp;gc_cont=0.509,ID=12_11;partial=00;start_type=ATG;rbs_motif=AGGAGG;rbs_spacer=5-10bp;gc,26.0
NZ_JH109153.1_255,G,K,G,G,G,K,S,D,K,D,C,D,C,ID=2_255;partial=00;start_type=ATG;rbs_motif=AGGAG;rbs_spacer=5-10bp;gc_cont=0.447,ID=2_255;partial=00;start_type=ATG;rbs_motif=AGGAG;rbs_spacer=5-10bp;gc,26.0
NC_016584.1_4828,G,K,G,G,G,K,S,D,K,D,C,D,C,ID=1_4828;partial=00;start_type=ATG;rbs_motif=AGGAG;rbs_spacer=5-10bp;gc_cont=0.460,ID=1_4828;partial=00;start_type=ATG;rbs_motif=AGGAG;rbs_spacer=5-10bp;gc,26.0
NZ_JH719395.1_2320,G,K,G,G,G,K,S,D,K,D,C,D,C,ID=4_2320;partial=00;start_type=ATG;rbs_motif=AGGA;rbs_spacer=5-10bp;gc_cont=0.560,ID=4_2320;partial=00;start_type=ATG;rbs_motif=AGGA;rbs_spacer=5-10bp;gc,26.0
NZ_CAOS01000003.1_446,G,K,G,G,G,K,S,D,K,D,C,D,C,ID=14_446;partial=00;start_type=ATG;rbs_motif=AGGAGG;rbs_spacer=5-10bp;gc_cont=0.516,ID=14_446;partial=00;start_type=ATG;rbs_motif=AGGAGG;rbs_spacer=5-10bp;gc,26.0
NZ_CAIY01000015.1_13,G,K,G,G,G,K,S,D,K,D,C,D,C,ID=76_13;partial=00;start_type=ATG;rbs_motif=AGGAG/GGAGG;rbs_spacer=11-12bp;gc_cont=0.459,ID=76_13;partial=00;start_type=ATG;rbs_motif=AGGAG/GGAGG;rbs_spacer=11-12bp;gc,26.0
NZ_KB905847.1_69,G,K,G,G,G,K,S,D,K,D,C,D,C,ID=9_69;partial=00;start_type=ATG;rbs_motif=GGAGG;rbs_spacer=5-10bp;gc_cont=0.408,ID=9_69;partial=00;start_type=ATG;rbs_motif=GGAGG;rbs_spacer=5-10bp;gc,26.0
NZ_AUGZ01000010.1_50,G,K,G,G,G,K,S,D,K,D,C,D,C,ID=7_50;partial=00;start_type=ATG;rbs_motif=GGAG/GAGG;rbs_spacer=5-10bp;gc_cont=0.611,ID=7_50;partial=00;start_type=ATG;rbs_motif=GGAG/GAGG;rbs_spacer=5-10bp;gc,26.0
NZ_KE386496.1_2138,G,K,G,G,G,K,S,D,K,D,C,D,C,ID=2_2138;partial=00;start_type=ATG;rbs_motif=GGAG/GAGG;rbs_spacer=5-10bp;gc_cont=0.608,ID=2_2138;partial=00;start_type=ATG;rbs_motif=GGAG/GAGG;rbs_spacer=5-10bp;gc,26.0
NZ_KI421420.1_83,G,K,G,G,G,K,S,D,K,D,C,D,C,ID=9_83;partial=00;start_type=ATG;rbs_motif=GGAG/GAGG;rbs_spacer=5-10bp;gc_cont=0.622,ID=9_83;partial=00;start_type=ATG;rbs_motif=GGAG/GAGG;rbs_spacer=5-10bp;gc,26.0
NZ_AZUW01000052.1_20,G,K,G,G,G,K,S,D,K,D,C,D,C,ID=44_20;partial=00;start_type=ATG;rbs_motif=AGGA;rbs_spacer=5-10bp;gc_cont=0.601,ID=44_20;partial=00;start_type=ATG;rbs_motif=AGGA;rbs_spacer=5-10bp;gc,26.0
NZ_AVFL01000012.1_169,G,K,G,G,G,K,S,D,K,D,C,D,C,ID=12_169;partial=00;start_type=ATG;rbs_motif=AGGAG;rbs_spacer=5-10bp;gc_cont=0.656,ID=12_169;partial=00;start_type=ATG;rbs_motif=AGGAG;rbs_spacer=5-10bp;gc,26.0
NZ_JGVW01000086.1_118,G,K,G,G,G,K,S,D,K,D,C,D,C,ID=86_118;partial=00;start_type=ATG;rbs_motif=GGAG/GAGG;rbs_spacer=5-10bp;gc_cont=0.637,ID=86_118;partial=00;start_type=ATG;rbs_motif=GGAG/GAGG;rbs_spacer=5-10bp;gc,26.0
NZ_JQNK01000009.1_1441,G,K,G,G,G,K,S,D,K,D,C,D,C,ID=9_1441;partial=00;start_type=ATG;rbs_motif=AGGAG;rbs_spacer=5-10bp;gc_cont=0.617,ID=9_1441;partial=00;start_type=ATG;rbs_motif=AGGAG;rbs_spacer=5-10bp;gc,26.0
NZ_CP010523.2_1673,G,K,G,G,G,K,S,D,K,D,C,D,C,ID=1_1673;partial=00;start_type=ATG;rbs_motif=AGGAG;rbs_spacer=5-10bp;gc_cont=0.580,ID=1_1673;partial=00;start_type=ATG;rbs_motif=AGGAG;rbs_spacer=5-10bp;gc,26.0
NZ_CP009512.1_621,G,K,G,G,G,K,S,D,K,D,C,D,C,ID=1_621;partial=00;start_type=ATG;rbs_motif=AGGAG/GGAGG;rbs_spacer=11-12bp;gc_cont=0.494,ID=1_621;partial=00;start_type=ATG;rbs_motif=AGGAG/GGAGG;rbs_spacer=11-12bp;gc,26.0
NZ_LHUR01000010.1_74,G,K,G,G,G,K,S,D,K,D,C,D,C,ID=10_74;partial=00;start_type=ATG;rbs_motif=AGGAGG;rbs_spacer=5-10bp;gc_cont=0.352,ID=10_74;partial=00;start_type=ATG;rbs_motif=AGGAGG;rbs_spacer=5-10bp;gc,26.0
NZ_LMBR01000001.1_63,G,K,G,G,G,K,S,D,K,D,C,D,C,ID=1_63;partial=00;start_type=ATG;rbs_motif=None;rbs_spacer=None;gc_cont=0.538,ID=1_63;partial=00;start_type=ATG;rbs_motif=None;rbs_spacer=None;gc,26.0
NZ_CP015418.1_3010,G,K,G,G,G,K,S,D,K,D,C,D,C,ID=1_3010;partial=00;start_type=ATG;rbs_motif=AGGA;rbs_spacer=5-10bp;gc_cont=0.629,ID=1_3010;partial=00;start_type=ATG;rbs_motif=AGGA;rbs_spacer=5-10bp;gc,26.0
NZ_LROS01000077.1_65,G,K,G,G,G,K,S,D,K,D,C,D,C,ID=77_65;partial=00;start_type=ATG;rbs_motif=AGGAG;rbs_spacer=5-10bp;gc_cont=0.364,ID=77_65;partial=00;start_type=ATG;rbs_motif=AGGAG;rbs_spacer=5-10bp;gc,26.0
NZ_MCGG01000036.1_73,G,K,G,G,G,K,S,D,K,D,C,D,C,ID=36_73;partial=00;start_type=ATG;rbs_motif=AGGAG;rbs_spacer=5-10bp;gc_cont=0.532,ID=36_73;partial=00;start_type=ATG;rbs_motif=AGGAG;rbs_spacer=5-10bp;gc,26.0
NZ_MLBG01000001.1_81,G,K,G,G,G,K,S,D,K,D,C,D,C,ID=1_81;partial=00;start_type=ATG;rbs_motif=AGGAGG;rbs_spacer=5-10bp;gc_cont=0.607,ID=1_81;partial=00;start_type=ATG;rbs_motif=AGGAGG;rbs_spacer=5-10bp;gc,26.0
NZ_NAAD01000014.1_77,G,K,G,G,G,K,S,D,K,D,C,D,C,ID=6_77;partial=00;start_type=ATG;rbs_motif=AGGAG;rbs_spacer=5-10bp;gc_cont=0.576,ID=6_77;partial=00;start_type=ATG;rbs_motif=AGGAG;rbs_spacer=5-10bp;gc,26.0
NZ_CP022991.1_2,G,K,G,G,G,K,S,D,K,D,C,D,C,ID=3_2;partial=00;start_type=ATG;rbs_motif=GGAG/GAGG;rbs_spacer=5-10bp;gc_cont=0.612,ID=3_2;partial=00;start_type=ATG;rbs_motif=GGAG/GAGG;rbs_spacer=5-10bp;gc,26.0
NZ_AP018248.1_1949,G,K,G,G,G,K,S,D,K,D,C,D,C,ID=1_1949;partial=00;start_type=ATG;rbs_motif=AGGA;rbs_spacer=5-10bp;gc_cont=0.479,ID=1_1949;partial=00;start_type=ATG;rbs_motif=AGGA;rbs_spacer=5-10bp;gc,26.0
NZ_PISE01000044.1_47,G,K,G,G,G,K,S,D,K,D,C,D,C,ID=45_47;partial=00;start_type=ATG;rbs_motif=AGxAGG/AGGxGG;rbs_spacer=5-10bp;gc_cont=0.366,ID=45_47;partial=00;start_type=ATG;rbs_motif=AGxAGG/AGGxGG;rbs_spacer=5-10bp;gc,26.0
NZ_CP024313.1_197,G,K,G,G,G,K,S,D,K,D,C,D,C,ID=3_197;partial=00;start_type=ATG;rbs_motif=AGGA;rbs_spacer=5-10bp;gc_cont=0.588,ID=3_197;partial=00;start_type=ATG;rbs_motif=AGGA;rbs_spacer=5-10bp;gc,26.0
NZ_QEOL01000030.1_71,G,K,G,G,G,K,S,D,K,D,C,D,C,ID=30_71;partial=00;start_type=ATG;rbs_motif=GGAG/GAGG;rbs_spacer=5-10bp;gc_cont=0.618,ID=30_71;partial=00;start_type=ATG;rbs_motif=GGAG/GAGG;rbs_spacer=5-10bp;gc,26.0
NZ_QJTI01000004.1_174,G,K,G,G,G,K,S,D,K,D,C,D,C,ID=4_174;partial=00;start_type=ATG;rbs_motif=GGAG/GAGG;rbs_spacer=5-10bp;gc_cont=0.647,ID=4_174;partial=00;start_type=ATG;rbs_motif=GGAG/GAGG;rbs_spacer=5-10bp;gc,26.0
NZ_PPTR01000007.1_162,G,K,G,G,G,K,S,D,K,D,C,D,C,ID=30_162;partial=00;start_type=ATG;rbs_motif=AGGAG;rbs_spacer=5-10bp;gc_cont=0.633,ID=30_162;partial=00;start_type=ATG;rbs_motif=AGGAG;rbs_spacer=5-10bp;gc,26.0
NZ_CP032696.1_240,G,K,G,G,G,K,S,D,K,D,C,D,C,ID=3_240;partial=00;start_type=ATG;rbs_motif=AGGA;rbs_spacer=5-10bp;gc_cont=0.596,ID=3_240;partial=00;start_type=ATG;rbs_motif=AGGA;rbs_spacer=5-10bp;gc,26.0
NZ_CP034448.1_1301,G,K,G,G,G,K,S,D,K,D,C,D,C,ID=1_1301;partial=00;start_type=ATG;rbs_motif=AGGA;rbs_spacer=5-10bp;gc_cont=0.598,ID=1_1301;partial=00;start_type=ATG;rbs_motif=AGGA;rbs_spacer=5-10bp;gc,26.0
NZ_SADT02000011.1_19,G,K,G,G,G,K,S,D,K,D,C,D,C,ID=22_19;partial=00;start_type=ATG;rbs_motif=AGGA;rbs_spacer=5-10bp;gc_cont=0.597,ID=22_19;partial=00;start_type=ATG;rbs_motif=AGGA;rbs_spacer=5-10bp;gc,26.0
NZ_PSRR01000697.1_2,G,K,G,G,G,K,S,D,K,D,C,D,C,ID=699_2;partial=00;start_type=ATG;rbs_motif=None;rbs_spacer=None;gc_cont=0.602,ID=699_2;partial=00;start_type=ATG;rbs_motif=None;rbs_spacer=None;gc,26.0
NZ_PTQW01000022.1_86,G,K,G,G,G,K,S,D,K,D,C,D,C,ID=15_86;partial=00;start_type=ATG;rbs_motif=GGAG/GAGG;rbs_spacer=5-10bp;gc_cont=0.508,ID=15_86;partial=00;start_type=ATG;rbs_motif=GGAG/GAGG;rbs_spacer=5-10bp;gc,26.0
NZ_CP036295.1_1118,G,K,G,G,G,K,S,D,K,D,C,D,C,ID=1_1118;partial=00;start_type=ATG;rbs_motif=GGAG/GAGG;rbs_spacer=5-10bp;gc_cont=0.586,ID=1_1118;partial=00;start_type=ATG;rbs_motif=GGAG/GAGG;rbs_spacer=5-10bp;gc,26.0
NZ_VCHY01000011.1_97,G,K,G,G,G,K,S,D,K,D,C,D,C,ID=13_97;partial=00;start_type=ATG;rbs_motif=AAAAAA;rbs_spacer=8bp;gc_cont=0.400,ID=13_97;partial=00;start_type=ATG;rbs_motif=AAAAAA;rbs_spacer=8bp;gc,26.0
NZ_CP036259.1_4179,G,K,G,G,G,K,S,D,K,D,C,D,C,ID=1_4179;partial=00;start_type=ATG;rbs_motif=GGAGG;rbs_spacer=5-10bp;gc_cont=0.479,ID=1_4179;partial=00;start_type=ATG;rbs_motif=GGAGG;rbs_spacer=5-10bp;gc,26.0
NZ_SDKK01000007.1_182,G,K,G,G,G,K,S,D,K,D,C,D,C,ID=69_182;partial=00;start_type=ATG;rbs_motif=AGGAG;rbs_spacer=5-10bp;gc_cont=0.607,ID=69_182;partial=00;start_type=ATG;rbs_motif=AGGAG;rbs_spacer=5-10bp;gc,26.0
NZ_WBXO01000004.1_19,G,K,G,G,G,K,S,D,K,D,C,D,C,ID=34_19;partial=00;start_type=ATG;rbs_motif=AGGAGG;rbs_spacer=5-10bp;gc_cont=0.465,ID=34_19;partial=00;start_type=ATG;rbs_motif=AGGAGG;rbs_spacer=5-10bp;gc,26.0
NZ_VWXL01000053.1_24,G,K,G,G,G,K,S,D,K,D,C,D,C,ID=63_24;partial=00;start_type=ATG;rbs_motif=AGGAGG;rbs_spacer=5-10bp;gc_cont=0.562,ID=63_24;partial=00;start_type=ATG;rbs_motif=AGGAGG;rbs_spacer=5-10bp;gc,26.0
NZ_WUBS01000006.1_3,G,K,G,G,G,K,S,D,K,D,C,D,C,ID=53_3;partial=00;start_type=ATG;rbs_motif=AGGAG;rbs_spacer=5-10bp;gc_cont=0.575,ID=53_3;partial=00;start_type=ATG;rbs_motif=AGGAG;rbs_spacer=5-10bp;gc,26.0
NZ_VSMK01000127.1_2,G,K,G,G,G,K,S,D,K,D,C,D,C,ID=129_2;partial=00;start_type=ATG;rbs_motif=AGGAG;rbs_spacer=5-10bp;gc_cont=0.626,ID=129_2;partial=00;start_type=ATG;rbs_motif=AGGAG;rbs_spacer=5-10bp;gc,26.0
NZ_CP039543.1_2951,G,K,G,G,G,K,S,D,K,D,C,D,C,ID=1_2951;partial=00;start_type=ATG;rbs_motif=GGAGG;rbs_spacer=5-10bp;gc_cont=0.612,ID=1_2951;partial=00;start_type=ATG;rbs_motif=GGAGG;rbs_spacer=5-10bp;gc,26.0
NZ_CP045504.1_3857,G,K,G,G,G,K,S,D,K,D,C,D,C,ID=1_3857;partial=00;start_type=ATG;rbs_motif=GGAGG;rbs_spacer=5-10bp;gc_cont=0.607,ID=1_3857;partial=00;start_type=ATG;rbs_motif=GGAGG;rbs_spacer=5-10bp;gc,26.0
NZ_JACIGI010000045.1_16,G,K,G,G,G,K,S,D,K,D,C,D,C,ID=45_16;partial=00;start_type=ATG;rbs_motif=AGGAG;rbs_spacer=5-10bp;gc_cont=0.656,ID=45_16;partial=00;start_type=ATG;rbs_motif=AGGAG;rbs_spacer=5-10bp;gc,26.0
NZ_CP060696.1_1960,G,K,G,G,G,K,S,D,K,D,C,D,C,ID=1_1960;partial=00;start_type=ATG;rbs_motif=AGGAG/GGAGG;rbs_spacer=11-12bp;gc_cont=0.520,ID=1_1960;partial=00;start_type=ATG;rbs_motif=AGGAG/GGAGG;rbs_spacer=11-12bp;gc,26.0
NZ_JACJTQ010000032.1_63,G,K,G,G,G,K,S,D,K,D,C,D,C,ID=36_63;partial=00;start_type=ATG;rbs_motif=AGGA/GGAG/GAGG;rbs_spacer=11-12bp;gc_cont=0.472,ID=36_63;partial=00;start_type=ATG;rbs_motif=AGGA/GGAG/GAGG;rbs_spacer=11-12bp;gc,26.0
NZ_JADNQW010000005.1_1995,G,K,G,G,G,K,S,D,K,D,C,D,C,ID=5_1995;partial=00;start_type=ATG;rbs_motif=AGGAG;rbs_spacer=5-10bp;gc_cont=0.620,ID=5_1995;partial=00;start_type=ATG;rbs_motif=AGGAG;rbs_spacer=5-10bp;gc,26.0
NZ_NRRV01000001.1_65,G,K,G,G,G,K,S,D,K,D,C,D,C,ID=1_65;partial=00;start_type=ATG;rbs_motif=GGAG/GAGG;rbs_spacer=5-10bp;gc_cont=0.638,ID=1_65;partial=00;start_type=ATG;rbs_motif=GGAG/GAGG;rbs_spacer=5-10bp;gc,26.0
NZ_AP023262.1_6789,G,K,G,G,G,K,S,D,K,D,C,D,C,ID=1_6789;partial=00;start_type=ATG;rbs_motif=AGGA;rbs_spacer=5-10bp;gc_cont=0.607,ID=1_6789;partial=00;start_type=ATG;rbs_motif=AGGA;rbs_spacer=5-10bp;gc,26.0
NZ_CP071608.1_115,G,K,G,G,G,K,S,D,K,D,C,D,C,ID=5_115;partial=00;start_type=ATG;rbs_motif=AGGA;rbs_spacer=5-10bp;gc_cont=0.545,ID=5_115;partial=00;start_type=ATG;rbs_motif=AGGA;rbs_spacer=5-10bp;gc,26.0
NZ_JAGIOS010000003.1_580,G,K,G,G,G,K,S,D,K,D,C,D,C,ID=3_580;partial=00;start_type=ATG;rbs_motif=AGGA;rbs_spacer=5-10bp;gc_cont=0.581,ID=3_580;partial=00;start_type=ATG;rbs_motif=AGGA;rbs_spacer=5-10bp;gc,26.0
NZ_JAAVUT010000010.1_90,G,K,G,G,G,K,S,D,K,D,C,D,C,ID=2_90;partial=00;start_type=ATG;rbs_motif=AGGAG;rbs_spacer=5-10bp;gc_cont=0.537,ID=2_90;partial=00;start_type=ATG;rbs_motif=AGGAG;rbs_spacer=5-10bp;gc,26.0
NZ_JAHLME010000003.1_819,G,K,G,G,G,K,S,D,K,D,C,D,C,ID=12_819;partial=00;start_type=ATG;rbs_motif=AGGAG;rbs_spacer=5-10bp;gc_cont=0.608,ID=12_819;partial=00;start_type=ATG;rbs_motif=AGGAG;rbs_spacer=5-10bp;gc,26.0
NZ_BLJA01000001.1_368,G,K,G,G,G,K,S,D,K,D,C,D,C,ID=1_368;partial=00;start_type=ATG;rbs_motif=AGGAG;rbs_spacer=5-10bp;gc_cont=0.582,ID=1_368;partial=00;start_type=ATG;rbs_motif=AGGAG;rbs_spacer=5-10bp;gc,26.0
NZ_JAIVLF010000003.1_481,G,K,G,G,G,K,S,D,K,D,C,D,C,ID=3_481;partial=00;start_type=ATG;rbs_motif=AGGAG;rbs_spacer=5-10bp;gc_cont=0.637,ID=3_481;partial=00;start_type=ATG;rbs_motif=AGGAG;rbs_spacer=5-10bp;gc,26.0
NZ_JAIWOU010000001.1_1292,G,K,G,G,G,K,S,D,K,D,C,D,C,ID=1_1292;partial=00;start_type=ATG;rbs_motif=AGGA;rbs_spacer=5-10bp;gc_cont=0.612,ID=1_1292;partial=00;start_type=ATG;rbs_motif=AGGA;rbs_spacer=5-10bp;gc,26.0
NZ_JAIKLE010000035.1_35,G,K,G,G,G,K,S,D,K,D,C,D,C,ID=130_35;partial=00;start_type=ATG;rbs_motif=TAA;rbs_spacer=11bp;gc_cont=0.419,ID=130_35;partial=00;start_type=ATG;rbs_motif=TAA;rbs_spacer=11bp;gc,26.0
NZ_BQXM01000005.1_73,G,K,G,G,G,K,S,D,K,D,C,D,C,ID=5_73;partial=00;start_type=ATG;rbs_motif=AGGAG;rbs_spacer=5-10bp;gc_cont=0.590,ID=5_73;partial=00;start_type=ATG;rbs_motif=AGGAG;rbs_spacer=5-10bp;gc,26.0
NZ_JABAEF010000007.1_245,G,K,G,G,G,K,S,D,K,D,C,D,C,ID=51_245;partial=00;start_type=ATG;rbs_motif=AGGA;rbs_spacer=5-10bp;gc_cont=0.608,ID=51_245;partial=00;start_type=ATG;rbs_motif=AGGA;rbs_spacer=5-10bp;gc,26.0
NZ_FLUY01001722.1_2,G,K,G,G,G,K,S,D,K,D,C,D,C,ID=956_2;partial=00;start_type=ATG;rbs_motif=GGAG/GAGG;rbs_spacer=5-10bp;gc_cont=0.618,ID=956_2;partial=00;start_type=ATG;rbs_motif=GGAG/GAGG;rbs_spacer=5-10bp;gc,26.0
NZ_FMXO01000011.1_72,G,K,G,G,G,K,S,D,K,D,C,D,C,ID=32_72;partial=00;start_type=ATG;rbs_motif=GGAGG;rbs_spacer=5-10bp;gc_cont=0.570,ID=32_72;partial=00;start_type=ATG;rbs_motif=GGAGG;rbs_spacer=5-10bp;gc,26.0
NZ_FODY01000019.1_4,G,K,G,G,G,K,S,D,K,D,C,D,C,ID=19_4;partial=00;start_type=ATG;rbs_motif=GGAGG;rbs_spacer=5-10bp;gc_cont=0.469,ID=19_4;partial=00;start_type=ATG;rbs_motif=GGAGG;rbs_spacer=5-10bp;gc,26.0
NZ_FOVU01000015.1_61,G,K,G,G,G,K,S,D,K,D,C,D,C,ID=35_61;partial=00;start_type=ATG;rbs_motif=GGAG/GAGG;rbs_spacer=5-10bp;gc_cont=0.585,ID=35_61;partial=00;start_type=ATG;rbs_motif=GGAG/GAGG;rbs_spacer=5-10bp;gc,26.0
NZ_FQZT01000024.1_29,G,K,G,G,G,K,S,D,K,D,C,D,C,ID=15_29;partial=00;start_type=ATG;rbs_motif=GGAG/GAGG;rbs_spacer=5-10bp;gc_cont=0.542,ID=15_29;partial=00;start_type=ATG;rbs_motif=GGAG/GAGG;rbs_spacer=5-10bp;gc,26.0
NZ_FUXA01000004.1_86,G,K,G,G,G,K,S,D,K,D,C,D,C,ID=13_86;partial=00;start_type=ATG;rbs_motif=AGGA;rbs_spacer=5-10bp;gc_cont=0.435,ID=13_86;partial=00;start_type=ATG;rbs_motif=AGGA;rbs_spacer=5-10bp;gc,26.0
NZ_FZNT01000008.1_161,G,K,G,G,G,K,S,D,K,D,C,D,C,ID=19_161;partial=00;start_type=ATG;rbs_motif=TAAA;rbs_spacer=11bp;gc_cont=0.360,ID=19_161;partial=00;start_type=ATG;rbs_motif=TAAA;rbs_spacer=11bp;gc,26.0
NZ_CAAHFG010000003.1_190,G,K,G,G,G,K,S,D,K,D,C,D,C,ID=3_190;partial=00;start_type=ATG;rbs_motif=AGGAG;rbs_spacer=5-10bp;gc_cont=0.593,ID=3_190;partial=00;start_type=ATG;rbs_motif=AGGAG;rbs_spacer=5-10bp;gc,26.0
JAAXXY010000035.1_13,G,K,G,G,G,K,S,D,K,D,C,D,C,ID=99_13;partial=00;start_type=ATG;rbs_motif=None;rbs_spacer=None;gc_cont=0.545,ID=99_13;partial=00;start_type=ATG;rbs_motif=None;rbs_spacer=None;gc,26.0
JAEWGR010000043.1_27,G,K,G,G,G,K,S,D,K,D,C,D,C,ID=105_27;partial=00;start_type=ATG;rbs_motif=GGAG/GAGG;rbs_spacer=5-10bp;gc_cont=0.489,ID=105_27;partial=00;start_type=ATG;rbs_motif=GGAG/GAGG;rbs_spacer=5-10bp;gc,26.0
JAFAFU010000074.1_67,G,K,G,G,G,K,S,D,K,D,C,D,C,ID=73_67;partial=00;start_type=ATG;rbs_motif=AGGAGG;rbs_spacer=5-10bp;gc_cont=0.439,ID=73_67;partial=00;start_type=ATG;rbs_motif=AGGAGG;rbs_spacer=5-10bp;gc,26.0
NC_009706.1_1718,G,K,G,G,G,K,S,D,K,D,C,D,C,ID=1_1718;partial=00;start_type=ATG;rbs_motif=AGxAGG/AGGxGG;rbs_spacer=5-10bp;gc_cont=0.374,ID=1_1718;partial=00;start_type=ATG;rbs_motif=AGxAGG/AGGxGG;rbs_spacer=5-10bp;gc,26.0
NC_021149.1_4512,G,K,G,G,G,K,S,D,K,D,C,D,C,ID=1_4512;partial=00;start_type=ATG;rbs_motif=GGAG/GAGG;rbs_spacer=5-10bp;gc_cont=0.574,ID=1_4512;partial=00;start_type=ATG;rbs_motif=GGAG/GAGG;rbs_spacer=5-10bp;gc,26.0
NZ_MZGX01000002.1_101,G,K,G,G,G,K,S,D,K,D,C,D,C,ID=2_101;partial=00;start_type=ATG;rbs_motif=AGGAG;rbs_spacer=5-10bp;gc_cont=0.448,ID=2_101;partial=00;start_type=ATG;rbs_motif=AGGAG;rbs_spacer=5-10bp;gc,26.0
NZ_SWJZ01000010.1_20,G,K,G,G,G,K,S,D,K,D,C,D,C,ID=6_20;partial=00;start_type=ATG;rbs_motif=AGGAG;rbs_spacer=5-10bp;gc_cont=0.618,ID=6_20;partial=00;start_type=ATG;rbs_motif=AGGAG;rbs_spacer=5-10bp;gc,26.0
NZ_NRRU01000136.1_5,G,K,G,G,G,K,S,D,K,D,C,D,C,ID=136_5;partial=00;start_type=ATG;rbs_motif=GGxGG;rbs_spacer=5-10bp;gc_cont=0.623,ID=136_5;partial=00;start_type=ATG;rbs_motif=GGxGG;rbs_spacer=5-10bp;gc,26.0
NZ_FPAU01000007.1_156,G,K,G,G,G,K,S,D,K,D,C,D,C,ID=8_156;partial=00;start_type=ATG;rbs_motif=GGAG/GAGG;rbs_spacer=5-10bp;gc_cont=0.502,ID=8_156;partial=00;start_type=ATG;rbs_motif=GGAG/GAGG;rbs_spacer=5-10bp;gc,26.0
JABDHL010000026.1_121,G,K,G,G,G,K,S,D,K,D,C,D,C,ID=26_121;partial=00;start_type=ATG;rbs_motif=None;rbs_spacer=None;gc_cont=0.490,ID=26_121;partial=00;start_type=ATG;rbs_motif=None;rbs_spacer=None;gc,26.0
NZ_AP018907.1_608,G,K,G,G,G,K,S,D,K,D,C,D,C,ID=1_608;partial=00;start_type=ATG;rbs_motif=AGGA;rbs_spacer=5-10bp;gc_cont=0.609,ID=1_608;partial=00;start_type=ATG;rbs_motif=AGGA;rbs_spacer=5-10bp;gc,26.0
NZ_AQPH01000002.1_92,G,K,G,G,G,K,S,D,K,D,C,D,C,ID=2_92;partial=00;start_type=ATG;rbs_motif=AGGA;rbs_spacer=5-10bp;gc_cont=0.623,ID=2_92;partial=00;start_type=ATG;rbs_motif=AGGA;rbs_spacer=5-10bp;gc,26.0
JAGTRU010000002.1_131,G,K,G,G,G,K,S,D,K,D,C,D,C,ID=14_131;partial=00;start_type=ATG;rbs_motif=AGGA;rbs_spacer=5-10bp;gc_cont=0.612,ID=14_131;partial=00;start_type=ATG;rbs_motif=AGGA;rbs_spacer=5-10bp;gc,26.0
KI632513.1_2273,G,K,G,G,G,K,S,D,K,D,C,D,C,ID=1_2273;partial=00;start_type=ATG;rbs_motif=GGAG/GAGG;rbs_spacer=5-10bp;gc_cont=0.633,ID=1_2273;partial=00;start_type=ATG;rbs_motif=GGAG/GAGG;rbs_spacer=5-10bp;gc,26.0
LM995447.1_827,G,K,G,G,G,K,S,D,K,D,C,D,C,ID=1_827;partial=00;start_type=ATG;rbs_motif=GGAGG;rbs_spacer=5-10bp;gc_cont=0.476,ID=1_827;partial=00;start_type=ATG;rbs_motif=GGAGG;rbs_spacer=5-10bp;gc,26.0
LVAS01000062.1_6,G,K,G,G,G,K,S,D,K,D,C,D,C,ID=62_6;partial=00;start_type=ATG;rbs_motif=GGAGG;rbs_spacer=5-10bp;gc_cont=0.502,ID=62_6;partial=00;start_type=ATG;rbs_motif=GGAGG;rbs_spacer=5-10bp;gc,26.0
MEMX01000055.1_1,G,K,G,G,G,K,S,D,K,D,C,D,C,ID=55_1;partial=00;start_type=GTG;rbs_motif=GGAGG;rbs_spacer=3-4bp;gc_cont=0.646,ID=55_1;partial=00;start_type=GTG;rbs_motif=GGAGG;rbs_spacer=3-4bp;gc,26.0
MHEE01000009.1_172,G,K,G,G,G,K,S,D,K,D,C,D,C,ID=9_172;partial=00;start_type=ATG;rbs_motif=GGAGG;rbs_spacer=5-10bp;gc_cont=0.511,ID=9_172;partial=00;start_type=ATG;rbs_motif=GGAGG;rbs_spacer=5-10bp;gc,26.0
MSXO01000027.1_1,G,K,G,G,G,K,S,D,K,D,C,D,C,ID=17_1;partial=00;start_type=ATG;rbs_motif=AGGAG;rbs_spacer=5-10bp;gc_cont=0.492,ID=17_1;partial=00;start_type=ATG;rbs_motif=AGGAG;rbs_spacer=5-10bp;gc,26.0
DBTL01000044.1_80,G,K,G,G,G,K,S,D,K,D,C,D,C,ID=159_80;partial=00;start_type=ATG;rbs_motif=TAA;rbs_spacer=12bp;gc_cont=0.415,ID=159_80;partial=00;start_type=ATG;rbs_motif=TAA;rbs_spacer=12bp;gc,26.0
DDRS01000008.1_81,G,K,G,G,G,K,S,D,K,D,C,D,C,ID=25_81;partial=00;start_type=ATG;rbs_motif=AGGAG;rbs_spacer=5-10bp;gc_cont=0.603,ID=25_81;partial=00;start_type=ATG;rbs_motif=AGGAG;rbs_spacer=5-10bp;gc,26.0
DGKK01000015.1_34,G,K,G,G,G,K,S,D,K,D,C,D,C,ID=43_34;partial=00;start_type=ATG;rbs_motif=AGGAG;rbs_spacer=5-10bp;gc_cont=0.589,ID=43_34;partial=00;start_type=ATG;rbs_motif=AGGAG;rbs_spacer=5-10bp;gc,26.0
DHRA01000077.1_20,G,K,G,G,G,K,S,D,K,D,C,D,C,ID=78_20;partial=00;start_type=ATG;rbs_motif=AGGAG;rbs_spacer=5-10bp;gc_cont=0.525,ID=78_20;partial=00;start_type=ATG;rbs_motif=AGGAG;rbs_spacer=5-10bp;gc,26.0
DILC01000068.1_41,G,K,G,G,G,K,S,D,K,D,C,D,C,ID=51_41;partial=00;start_type=ATG;rbs_motif=AGGAG;rbs_spacer=5-10bp;gc_cont=0.602,ID=51_41;partial=00;start_type=ATG;rbs_motif=AGGAG;rbs_spacer=5-10bp;gc,26.0
PEAB01000102.1_9,G,K,G,G,G,K,S,A,K,D,C,D,C,ID=144_9;partial=00;start_type=ATG;rbs_motif=GGA/GAG/AGG;rbs_spacer=5-10bp;gc_cont=0.494,ID=144_9;partial=00;start_type=ATG;rbs_motif=GGA/GAG/AGG;rbs_spacer=5-10bp;gc,25.0
PHCC01000012.1_60,G,K,G,G,G,K,S,D,K,D,C,D,C,ID=18_60;partial=00;start_type=ATG;rbs_motif=GGAG/GAGG;rbs_spacer=5-10bp;gc_cont=0.626,ID=18_60;partial=00;start_type=ATG;rbs_motif=GGAG/GAGG;rbs_spacer=5-10bp;gc,26.0
BDUA01000025.1_1,G,K,G,G,G,K,S,D,K,D,C,D,C,ID=25_1;partial=10;start_type=ATG;rbs_motif=GGAG/GAGG;rbs_spacer=5-10bp;gc_cont=0.587,ID=25_1;partial=10;start_type=ATG;rbs_motif=GGAG/GAGG;rbs_spacer=5-10bp;gc,26.0
PLOT01000030.1_3,G,K,G,G,G,K,S,D,K,D,C,D,C,ID=86_3;partial=00;start_type=ATG;rbs_motif=AGGAG;rbs_spacer=5-10bp;gc_cont=0.604,ID=86_3;partial=00;start_type=ATG;rbs_motif=AGGAG;rbs_spacer=5-10bp;gc,26.0
PMLB01000408.1_2,G,K,G,G,G,K,S,D,K,D,C,D,C,ID=284_2;partial=00;start_type=ATG;rbs_motif=AGGA;rbs_spacer=5-10bp;gc_cont=0.608,ID=284_2;partial=00;start_type=ATG;rbs_motif=AGGA;rbs_spacer=5-10bp;gc,26.0
QIJG01000140.1_3,G,K,G,G,G,K,S,D,K,D,C,D,C,ID=289_3;partial=00;start_type=ATG;rbs_motif=AGGAGG;rbs_spacer=5-10bp;gc_cont=0.489,ID=289_3;partial=00;start_type=ATG;rbs_motif=AGGAGG;rbs_spacer=5-10bp;gc,26.0
QKJP01000063.1_33,G,K,G,G,G,K,S,D,K,D,C,D,C,ID=69_33;partial=00;start_type=ATG;rbs_motif=TAAAAA;rbs_spacer=11bp;gc_cont=0.402,ID=69_33;partial=00;start_type=ATG;rbs_motif=TAAAAA;rbs_spacer=11bp;gc,26.0
DNRQ01000059.1_18,G,K,G,G,G,K,S,D,K,D,C,D,C,ID=5_18;partial=01;start_type=ATG;rbs_motif=AGGAG;rbs_spacer=5-10bp;gc_cont=0.638,ID=5_18;partial=01;start_type=ATG;rbs_motif=AGGAG;rbs_spacer=5-10bp;gc,26.0
QZKC01000042.1_3,G,K,G,G,G,K,S,D,K,D,C,D,C,ID=74_3;partial=00;start_type=ATG;rbs_motif=AGGAG;rbs_spacer=5-10bp;gc_cont=0.540,ID=74_3;partial=00;start_type=ATG;rbs_motif=AGGAG;rbs_spacer=5-10bp;gc,26.0
SAKE01000029.1_12,G,K,G,G,G,K,S,D,K,D,C,D,C,ID=72_12;partial=00;start_type=ATG;rbs_motif=AGGA;rbs_spacer=5-10bp;gc_cont=0.597,ID=72_12;partial=00;start_type=ATG;rbs_motif=AGGA;rbs_spacer=5-10bp;gc,26.0
SIHH01000161.1_1,G,K,G,G,G,K,S,D,K,D,C,D,C,ID=71_1;partial=00;start_type=ATG;rbs_motif=GGAG/GAGG;rbs_spacer=5-10bp;gc_cont=0.515,ID=71_1;partial=00;start_type=ATG;rbs_motif=GGAG/GAGG;rbs_spacer=5-10bp;gc,26.0
SXIZ01000135.1_13,G,K,G,G,G,K,S,D,K,D,C,D,C,ID=114_13;partial=00;start_type=ATG;rbs_motif=AGGAG;rbs_spacer=5-10bp;gc_cont=0.429,ID=114_13;partial=00;start_type=ATG;rbs_motif=AGGAG;rbs_spacer=5-10bp;gc,26.0
SLIO01000217.1_5,G,K,G,G,G,K,S,D,K,D,C,D,C,ID=320_5;partial=00;start_type=ATG;rbs_motif=AGGAG;rbs_spacer=5-10bp;gc_cont=0.510,ID=320_5;partial=00;start_type=ATG;rbs_motif=AGGAG;rbs_spacer=5-10bp;gc,26.0
VSNY01000047.1_2,G,K,G,G,G,K,S,D,K,D,C,D,C,ID=296_2;partial=00;start_type=ATG;rbs_motif=AGGA;rbs_spacer=5-10bp;gc_cont=0.482,ID=296_2;partial=00;start_type=ATG;rbs_motif=AGGA;rbs_spacer=5-10bp;gc,26.0
DROX01000226.1_12,G,K,G,G,G,K,S,D,K,D,C,D,C,ID=226_12;partial=00;start_type=ATG;rbs_motif=AGGAGG;rbs_spacer=5-10bp;gc_cont=0.524,ID=226_12;partial=00;start_type=ATG;rbs_motif=AGGAGG;rbs_spacer=5-10bp;gc,26.0
VEPM01000035.1_36,G,K,G,G,G,K,S,D,K,D,C,D,C,ID=29_36;partial=00;start_type=ATG;rbs_motif=AGGAGG;rbs_spacer=3-4bp;gc_cont=0.478,ID=29_36;partial=00;start_type=ATG;rbs_motif=AGGAGG;rbs_spacer=3-4bp;gc,26.0
JAAYRK010000073.1_16,G,K,G,G,G,K,S,D,K,D,C,D,C,ID=22_16;partial=00;start_type=ATG;rbs_motif=AGGAGG;rbs_spacer=5-10bp;gc_cont=0.400,ID=22_16;partial=00;start_type=ATG;rbs_motif=AGGAGG;rbs_spacer=5-10bp;gc,26.0
JABFST010000402.1_19,G,K,G,G,G,K,S,D,K,D,C,D,C,ID=113_19;partial=00;start_type=ATG;rbs_motif=AGGAG;rbs_spacer=5-10bp;gc_cont=0.490,ID=113_19;partial=00;start_type=ATG;rbs_motif=AGGAG;rbs_spacer=5-10bp;gc,26.0
QBUL01000168.1_2,G,K,G,G,G,K,S,D,K,D,C,D,C,ID=105_2;partial=00;start_type=ATG;rbs_motif=AGxAGG/AGGxGG;rbs_spacer=5-10bp;gc_cont=0.515,ID=105_2;partial=00;start_type=ATG;rbs_motif=AGxAGG/AGGxGG;rbs_spacer=5-10bp;gc,26.0
JACDZI010000015.1_27,G,K,G,G,G,K,S,D,K,D,C,D,C,ID=208_27;partial=00;start_type=ATG;rbs_motif=AGGAG;rbs_spacer=5-10bp;gc_cont=0.615,ID=208_27;partial=00;start_type=ATG;rbs_motif=AGGAG;rbs_spacer=5-10bp;gc,26.0
JACIYN010000036.1_27,G,K,G,G,G,K,S,D,K,D,C,D,C,ID=50_27;partial=00;start_type=ATG;rbs_motif=GGAGG;rbs_spacer=5-10bp;gc_cont=0.624,ID=50_27;partial=00;start_type=ATG;rbs_motif=GGAGG;rbs_spacer=5-10bp;gc,26.0
SVDU01000009.1_67,G,K,G,G,G,K,S,D,K,D,C,D,C,ID=9_67;partial=00;start_type=ATG;rbs_motif=AGGAGG;rbs_spacer=5-10bp;gc_cont=0.468,ID=9_67;partial=00;start_type=ATG;rbs_motif=AGGAGG;rbs_spacer=5-10bp;gc,26.0
JADGAR010000021.1_35,G,K,G,G,G,K,S,D,K,D,C,D,C,ID=47_35;partial=00;start_type=ATG;rbs_motif=AGGAG;rbs_spacer=5-10bp;gc_cont=0.620,ID=47_35;partial=00;start_type=ATG;rbs_motif=AGGAG;rbs_spacer=5-10bp;gc,26.0
WFUT01000007.1_22,G,K,G,G,G,K,S,D,K,D,C,D,C,ID=7_22;partial=00;start_type=ATG;rbs_motif=AGGAGG;rbs_spacer=5-10bp;gc_cont=0.615,ID=7_22;partial=00;start_type=ATG;rbs_motif=AGGAGG;rbs_spacer=5-10bp;gc,26.0
WGLP01000005.1_39,G,K,G,G,G,K,S,D,K,D,C,D,C,ID=17_39;partial=00;start_type=ATG;rbs_motif=AGGAG;rbs_spacer=5-10bp;gc_cont=0.569,ID=17_39;partial=00;start_type=ATG;rbs_motif=AGGAG;rbs_spacer=5-10bp;gc,26.0
JACRGY010000106.1_16,G,K,G,G,G,K,S,D,K,D,C,D,C,ID=55_16;partial=00;start_type=ATG;rbs_motif=AGGAGG;rbs_spacer=3-4bp;gc_cont=0.499,ID=55_16;partial=00;start_type=ATG;rbs_motif=AGGAGG;rbs_spacer=3-4bp;gc,26.0
JACRDM010000046.1_13,G,K,G,G,G,K,S,D,K,D,C,D,C,ID=5_13;partial=00;start_type=ATG;rbs_motif=AGGAG;rbs_spacer=5-10bp;gc_cont=0.503,ID=5_13;partial=00;start_type=ATG;rbs_motif=AGGAG;rbs_spacer=5-10bp;gc,26.0
JAEEWG010000012.1_24,G,K,G,G,G,K,S,D,K,D,C,D,C,ID=39_24;partial=00;start_type=ATG;rbs_motif=AGGA;rbs_spacer=5-10bp;gc_cont=0.512,ID=39_24;partial=00;start_type=ATG;rbs_motif=AGGA;rbs_spacer=5-10bp;gc,26.0
JADJTK010000052.1_194,G,K,G,G,G,K,S,D,K,D,C,D,C,ID=52_194;partial=00;start_type=ATG;rbs_motif=None;rbs_spacer=None;gc_cont=0.617,ID=52_194;partial=00;start_type=ATG;rbs_motif=None;rbs_spacer=None;gc,26.0
JAESUW010000044.1_7,G,K,G,G,G,K,S,D,K,D,C,D,C,ID=115_7;partial=00;start_type=ATG;rbs_motif=AAAAA;rbs_spacer=10bp;gc_cont=0.373,ID=115_7;partial=00;start_type=ATG;rbs_motif=AAAAA;rbs_spacer=10bp;gc,26.0
JAEPDS010000035.1_41,G,K,G,G,G,K,S,D,K,D,C,D,C,ID=35_41;partial=00;start_type=ATG;rbs_motif=AGGAG;rbs_spacer=5-10bp;gc_cont=0.494,ID=35_41;partial=00;start_type=ATG;rbs_motif=AGGAG;rbs_spacer=5-10bp;gc,26.0
JAFGRV010000395.1_22,G,K,G,G,G,K,S,D,K,D,C,D,C,ID=509_22;partial=00;start_type=ATG;rbs_motif=AGGAGG;rbs_spacer=5-10bp;gc_cont=0.490,ID=509_22;partial=00;start_type=ATG;rbs_motif=AGGAGG;rbs_spacer=5-10bp;gc,26.0
JABXKM010000236.1_1,G,R,G,G,G,K,S,D,K,D,C,D,C,ID=212_1;partial=00;start_type=ATG;rbs_motif=GGAG/GAGG;rbs_spacer=5-10bp;gc_cont=0.473,ID=212_1;partial=00;start_type=ATG;rbs_motif=GGAG/GAGG;rbs_spacer=5-10bp;gc,25.0
JAFRNH010000041.1_48,G,K,G,G,G,K,S,D,K,D,C,D,C,ID=29_48;partial=00;start_type=ATG;rbs_motif=TAAAAA;rbs_spacer=13bp;gc_cont=0.448,ID=29_48;partial=00;start_type=ATG;rbs_motif=TAAAAA;rbs_spacer=13bp;gc,26.0
JAFUQX010000058.1_148,G,K,G,G,G,K,S,D,K,D,C,D,C,ID=31_148;partial=00;start_type=ATG;rbs_motif=AGGA;rbs_spacer=5-10bp;gc_cont=0.469,ID=31_148;partial=00;start_type=ATG;rbs_motif=AGGA;rbs_spacer=5-10bp;gc,26.0
JAFXTN010000037.1_97,G,K,G,G,G,K,S,D,K,D,C,D,C,ID=16_97;partial=00;start_type=ATG;rbs_motif=AGGAG;rbs_spacer=5-10bp;gc_cont=0.443,ID=16_97;partial=00;start_type=ATG;rbs_motif=AGGAG;rbs_spacer=5-10bp;gc,26.0
JAGBNQ010000052.1_9,G,K,G,G,G,K,S,D,K,D,C,D,C,ID=46_9;partial=00;start_type=ATG;rbs_motif=GGAG/GAGG;rbs_spacer=5-10bp;gc_cont=0.508,ID=46_9;partial=00;start_type=ATG;rbs_motif=GGAG/GAGG;rbs_spacer=5-10bp;gc,26.0
JADGRL010000026.1_45,G,K,G,G,G,K,S,D,K,D,C,D,C,ID=30_45;partial=00;start_type=ATG;rbs_motif=AGGAG;rbs_spacer=5-10bp;gc_cont=0.539,ID=30_45;partial=00;start_type=ATG;rbs_motif=AGGAG;rbs_spacer=5-10bp;gc,26.0
JAGCWY010000148.1_7,G,K,G,G,G,K,S,D,K,D,C,D,C,ID=83_7;partial=00;start_type=ATG;rbs_motif=AGGA/GGAG/GAGG;rbs_spacer=11-12bp;gc_cont=0.474,ID=83_7;partial=00;start_type=ATG;rbs_motif=AGGA/GGAG/GAGG;rbs_spacer=11-12bp;gc,26.0
JAHIUD010000076.1_11,G,K,G,G,G,K,S,D,K,D,C,D,C,ID=21_11;partial=00;start_type=ATG;rbs_motif=AGGAG;rbs_spacer=5-10bp;gc_cont=0.632,ID=21_11;partial=00;start_type=ATG;rbs_motif=AGGAG;rbs_spacer=5-10bp;gc,26.0
JAHIQM010000004.1_185,G,K,G,G,G,K,S,D,K,D,C,D,C,ID=3_185;partial=00;start_type=ATG;rbs_motif=AGGAG;rbs_spacer=5-10bp;gc_cont=0.575,ID=3_185;partial=00;start_type=ATG;rbs_motif=AGGAG;rbs_spacer=5-10bp;gc,26.0
JAHBZL010000017.1_54,G,K,G,G,G,K,S,D,K,D,C,D,C,ID=9_54;partial=00;start_type=ATG;rbs_motif=GGAG/GAGG;rbs_spacer=5-10bp;gc_cont=0.654,ID=9_54;partial=00;start_type=ATG;rbs_motif=GGAG/GAGG;rbs_spacer=5-10bp;gc,26.0
JAGVHR010000064.1_2,G,K,G,G,G,K,S,D,K,D,C,D,C,ID=28_2;partial=00;start_type=ATG;rbs_motif=AGGAGG;rbs_spacer=5-10bp;gc_cont=0.526,ID=28_2;partial=00;start_type=ATG;rbs_motif=AGGAGG;rbs_spacer=5-10bp;gc,26.0
JAGRHW010000054.1_15,G,K,G,G,G,K,S,D,K,D,C,D,C,ID=499_15;partial=00;start_type=ATG;rbs_motif=AGGAG;rbs_spacer=5-10bp;gc_cont=0.554,ID=499_15;partial=00;start_type=ATG;rbs_motif=AGGAG;rbs_spacer=5-10bp;gc,26.0
DYJG01000547.1_5,G,K,G,G,G,K,S,D,K,D,C,D,C,ID=40_5;partial=00;start_type=ATG;rbs_motif=AGGAG;rbs_spacer=5-10bp;gc_cont=0.611,ID=40_5;partial=00;start_type=ATG;rbs_motif=AGGAG;rbs_spacer=5-10bp;gc,26.0
JAJQFY010000159.1_18,G,K,G,G,G,K,S,D,K,D,C,D,C,ID=188_18;partial=00;start_type=ATG;rbs_motif=GGA/GAG/AGG;rbs_spacer=5-10bp;gc_cont=0.584,ID=188_18;partial=00;start_type=ATG;rbs_motif=GGA/GAG/AGG;rbs_spacer=5-10bp;gc,26.0
JAKFXU010000114.1_3,G,K,G,G,G,K,S,D,K,D,C,D,C,ID=259_3;partial=00;start_type=ATG;rbs_motif=GGAG/GAGG;rbs_spacer=5-10bp;gc_cont=0.615,ID=259_3;partial=00;start_type=ATG;rbs_motif=GGAG/GAGG;rbs_spacer=5-10bp;gc,26.0
JAJYAS010000005.1_12,G,K,G,G,G,K,S,D,K,D,C,D,C,ID=346_12;partial=00;start_type=ATG;rbs_motif=AGGAG;rbs_spacer=5-10bp;gc_cont=0.460,ID=346_12;partial=00;start_type=ATG;rbs_motif=AGGAG;rbs_spacer=5-10bp;gc,26.0
JAJYGU010000207.1_5,G,K,G,G,G,K,S,D,K,D,C,D,C,ID=152_5;partial=00;start_type=ATG;rbs_motif=AGGAG;rbs_spacer=5-10bp;gc_cont=0.627,ID=152_5;partial=00;start_type=ATG;rbs_motif=AGGAG;rbs_spacer=5-10bp;gc,26.0
JAJYPS010000077.1_4,G,K,G,G,G,K,S,D,K,D,C,D,C,ID=113_4;partial=00;start_type=ATG;rbs_motif=AGGAG;rbs_spacer=5-10bp;gc_cont=0.632,ID=113_4;partial=00;start_type=ATG;rbs_motif=AGGAG;rbs_spacer=5-10bp;gc,26.0
JAKAXT010000006.1_4,G,K,G,G,G,K,S,D,K,D,C,D,C,ID=103_4;partial=00;start_type=ATG;rbs_motif=AGGAG;rbs_spacer=5-10bp;gc_cont=0.631,ID=103_4;partial=00;start_type=ATG;rbs_motif=AGGAG;rbs_spacer=5-10bp;gc,26.0
JAKAFN010000004.1_28,G,K,G,G,G,K,S,D,K,D,C,D,C,ID=1_28;partial=00;start_type=ATG;rbs_motif=AGGAG;rbs_spacer=5-10bp;gc_cont=0.590,ID=1_28;partial=00;start_type=ATG;rbs_motif=AGGAG;rbs_spacer=5-10bp;gc,26.0
JAJZUU010000023.1_15,G,K,G,G,G,K,S,D,K,D,C,D,C,ID=16_15;partial=00;start_type=ATG;rbs_motif=AGGAG;rbs_spacer=5-10bp;gc_cont=0.616,ID=16_15;partial=00;start_type=ATG;rbs_motif=AGGAG;rbs_spacer=5-10bp;gc,26.0
JAKSAU010000874.1_15,G,K,G,G,G,K,S,D,K,D,C,D,C,ID=305_15;partial=00;start_type=ATG;rbs_motif=AGGA;rbs_spacer=5-10bp;gc_cont=0.485,ID=305_15;partial=00;start_type=ATG;rbs_motif=AGGA;rbs_spacer=5-10bp;gc,26.0
QYLO01000003.1_101,G,K,G,G,G,K,S,D,K,D,C,D,C,ID=96_101;partial=00;start_type=ATG;rbs_motif=GGAG/GAGG;rbs_spacer=5-10bp;gc_cont=0.512,ID=96_101;partial=00;start_type=ATG;rbs_motif=GGAG/GAGG;rbs_spacer=5-10bp;gc,26.0
JALNYK010000005.1_20,G,K,G,G,G,K,S,D,K,D,C,D,C,ID=6_20;partial=00;start_type=ATG;rbs_motif=AGGAG;rbs_spacer=5-10bp;gc_cont=0.575,ID=6_20;partial=00;start_type=ATG;rbs_motif=AGGAG;rbs_spacer=5-10bp;gc,26.0
JAEWFW010000051.1_20,G,K,G,G,G,K,S,D,K,D,C,D,C,ID=31_20;partial=00;start_type=ATG;rbs_motif=AGGAGG;rbs_spacer=5-10bp;gc_cont=0.473,ID=31_20;partial=00;start_type=ATG;rbs_motif=AGGAGG;rbs_spacer=5-10bp;gc,26.0
JAEWLI010000011.1_12,G,K,G,G,G,K,S,D,K,D,C,D,C,ID=93_12;partial=00;start_type=ATG;rbs_motif=TAAA;rbs_spacer=11bp;gc_cont=0.418,ID=93_12;partial=00;start_type=ATG;rbs_motif=TAAA;rbs_spacer=11bp;gc,26.0
JAEXFN010000017.1_88,G,K,G,G,G,K,S,D,K,D,C,D,C,ID=59_88;partial=00;start_type=ATG;rbs_motif=GGA/GAG/AGG;rbs_spacer=11-12bp;gc_cont=0.520,ID=59_88;partial=00;start_type=ATG;rbs_motif=GGA/GAG/AGG;rbs_spacer=11-12bp;gc,26.0
JAEYOY010000019.1_55,G,K,G,G,G,K,S,D,K,D,C,D,C,ID=61_55;partial=00;start_type=ATG;rbs_motif=AGGAGG;rbs_spacer=5-10bp;gc_cont=0.470,ID=61_55;partial=00;start_type=ATG;rbs_motif=AGGAGG;rbs_spacer=5-10bp;gc,26.0
JAEZKW010000013.1_6,G,K,G,G,G,K,S,D,K,D,C,D,C,ID=326_6;partial=00;start_type=ATG;rbs_motif=GGA/GAG/AGG;rbs_spacer=5-10bp;gc_cont=0.459,ID=326_6;partial=00;start_type=ATG;rbs_motif=GGA/GAG/AGG;rbs_spacer=5-10bp;gc,26.0
JAEZUM010000023.1_153,G,K,G,G,G,K,S,D,K,D,C,D,C,ID=15_153;partial=00;start_type=ATG;rbs_motif=AGGAGG;rbs_spacer=5-10bp;gc_cont=0.483,ID=15_153;partial=00;start_type=ATG;rbs_motif=AGGAGG;rbs_spacer=5-10bp;gc,26.0
JAEYWA010000242.1_7,G,K,G,G,G,K,S,D,K,D,C,D,C,ID=244_7;partial=00;start_type=ATG;rbs_motif=GGAGG;rbs_spacer=5-10bp;gc_cont=0.432,ID=244_7;partial=00;start_type=ATG;rbs_motif=GGAGG;rbs_spacer=5-10bp;gc,26.0
JAEZHX010000235.1_1,G,K,G,G,G,K,S,D,K,D,C,D,C,ID=256_1;partial=00;start_type=ATG;rbs_motif=AGGAGG;rbs_spacer=5-10bp;gc_cont=0.494,ID=256_1;partial=00;start_type=ATG;rbs_motif=AGGAGG;rbs_spacer=5-10bp;gc,26.0
JAEZVB010000091.1_23,G,K,G,G,G,K,S,D,K,D,C,D,C,ID=134_23;partial=00;start_type=ATG;rbs_motif=GGAGG;rbs_spacer=5-10bp;gc_cont=0.432,ID=134_23;partial=00;start_type=ATG;rbs_motif=GGAGG;rbs_spacer=5-10bp;gc,26.0
JAEWPQ010000256.1_7,G,K,G,G,G,K,S,D,K,D,C,D,C,ID=256_7;partial=00;start_type=ATG;rbs_motif=AGGAGG;rbs_spacer=5-10bp;gc_cont=0.485,ID=256_7;partial=00;start_type=ATG;rbs_motif=AGGAGG;rbs_spacer=5-10bp;gc,26.0
JACKNC010000003.1_584,G,K,G,G,G,K,S,D,K,D,C,D,C,ID=3_584;partial=00;start_type=ATG;rbs_motif=GGAG/GAGG;rbs_spacer=5-10bp;gc_cont=0.544,ID=3_584;partial=00;start_type=ATG;rbs_motif=GGAG/GAGG;rbs_spacer=5-10bp;gc,26.0
JAGXHH010000236.1_5,G,K,G,G,G,K,S,D,K,D,C,D,C,ID=88_5;partial=00;start_type=ATG;rbs_motif=AGGAG;rbs_spacer=5-10bp;gc_cont=0.589,ID=88_5;partial=00;start_type=ATG;rbs_motif=AGGAG;rbs_spacer=5-10bp;gc,26.0
JAILMW010000024.1_34,G,K,G,G,G,K,S,D,K,D,C,D,C,ID=10_34;partial=00;start_type=ATG;rbs_motif=AGGA;rbs_spacer=5-10bp;gc_cont=0.472,ID=10_34;partial=00;start_type=ATG;rbs_motif=AGGA;rbs_spacer=5-10bp;gc,26.0
JANTHJ010000050.1_20,G,K,G,G,G,K,S,D,K,D,C,D,C,ID=50_20;partial=00;start_type=ATG;rbs_motif=AGGAG;rbs_spacer=5-10bp;gc_cont=0.594,ID=50_20;partial=00;start_type=ATG;rbs_motif=AGGAG;rbs_spacer=5-10bp;gc,26.0
FWXP01000003.1_226,G,K,G,G,G,K,S,D,K,D,C,D,C,ID=9_226;partial=00;start_type=ATG;rbs_motif=AGGA;rbs_spacer=5-10bp;gc_cont=0.477,ID=9_226;partial=00;start_type=ATG;rbs_motif=AGGA;rbs_spacer=5-10bp;gc,26.0
ONLC01000005.1_10,G,K,G,G,G,K,S,D,K,D,C,D,C,ID=137_10;partial=00;start_type=ATG;rbs_motif=GGAG/GAGG;rbs_spacer=5-10bp;gc_cont=0.501,ID=137_10;partial=00;start_type=ATG;rbs_motif=GGAG/GAGG;rbs_spacer=5-10bp;gc,26.0
CABMCA010000102.1_32,G,K,G,G,G,K,S,D,K,D,C,D,C,ID=102_32;partial=00;start_type=ATG;rbs_motif=GGAGG;rbs_spacer=3-4bp;gc_cont=0.503,ID=102_32;partial=00;start_type=ATG;rbs_motif=GGAGG;rbs_spacer=3-4bp;gc,26.0
CACXFU010000131.1_13,G,K,G,G,G,K,S,D,K,D,C,D,C,ID=131_13;partial=00;start_type=ATG;rbs_motif=GGAG/GAGG;rbs_spacer=5-10bp;gc_cont=0.525,ID=131_13;partial=00;start_type=ATG;rbs_motif=GGAG/GAGG;rbs_spacer=5-10bp;gc,26.0
CACZHN010000214.1_5,G,K,G,G,G,K,S,D,K,D,C,D,C,ID=214_5;partial=00;start_type=ATG;rbs_motif=GGAG/GAGG;rbs_spacer=5-10bp;gc_cont=0.455,ID=214_5;partial=00;start_type=ATG;rbs_motif=GGAG/GAGG;rbs_spacer=5-10bp;gc,26.0
CADALT010000016.1_15,G,K,G,G,G,K,S,D,K,D,C,D,C,ID=16_15;partial=00;start_type=ATG;rbs_motif=GGAG/GAGG;rbs_spacer=5-10bp;gc_cont=0.514,ID=16_15;partial=00;start_type=ATG;rbs_motif=GGAG/GAGG;rbs_spacer=5-10bp;gc,26.0
CADCHG010000008.1_11,G,K,G,G,G,K,S,D,K,D,C,D,C,ID=8_11;partial=00;start_type=ATG;rbs_motif=AAAAA;rbs_spacer=3bp;gc_cont=0.482,ID=8_11;partial=00;start_type=ATG;rbs_motif=AAAAA;rbs_spacer=3bp;gc,26.0
CAIJVD010000023.1_210,G,K,G,G,G,K,S,D,K,D,C,D,C,ID=23_210;partial=00;start_type=ATG;rbs_motif=None;rbs_spacer=None;gc_cont=0.533,ID=23_210;partial=00;start_type=ATG;rbs_motif=None;rbs_spacer=None;gc,26.0
CAINCU010000043.1_18,G,K,G,G,G,K,S,D,K,D,C,D,C,ID=43_18;partial=00;start_type=ATG;rbs_motif=GGAG/GAGG;rbs_spacer=5-10bp;gc_cont=0.533,ID=43_18;partial=00;start_type=ATG;rbs_motif=GGAG/GAGG;rbs_spacer=5-10bp;gc,26.0
CAIPYV010000127.1_33,G,K,G,G,G,K,S,D,K,D,C,D,C,ID=127_33;partial=00;start_type=ATG;rbs_motif=TAA;rbs_spacer=12bp;gc_cont=0.488,ID=127_33;partial=00;start_type=ATG;rbs_motif=TAA;rbs_spacer=12bp;gc,26.0
CAISPW010000164.1_8,G,K,G,G,G,K,S,D,K,D,C,D,C,ID=164_8;partial=00;start_type=ATG;rbs_motif=AGGAG;rbs_spacer=5-10bp;gc_cont=0.616,ID=164_8;partial=00;start_type=ATG;rbs_motif=AGGAG;rbs_spacer=5-10bp;gc,26.0
CAIUYS010000091.1_2,G,K,G,G,G,K,S,D,K,D,C,D,C,ID=91_2;partial=00;start_type=ATG;rbs_motif=AGGAG;rbs_spacer=5-10bp;gc_cont=0.439,ID=91_2;partial=00;start_type=ATG;rbs_motif=AGGAG;rbs_spacer=5-10bp;gc,26.0
CAJAQO010000136.1_11,G,K,G,G,G,K,S,D,K,D,C,D,C,ID=136_11;partial=00;start_type=ATG;rbs_motif=None;rbs_spacer=None;gc_cont=0.571,ID=136_11;partial=00;start_type=ATG;rbs_motif=None;rbs_spacer=None;gc,26.0
CAJOMI010000021.1_6,G,K,G,G,G,K,S,D,K,D,C,D,C,ID=21_6;partial=00;start_type=ATG;rbs_motif=GGAG/GAGG;rbs_spacer=5-10bp;gc_cont=0.467,ID=21_6;partial=00;start_type=ATG;rbs_motif=GGAG/GAGG;rbs_spacer=5-10bp;gc,26.0
CAJXYU010000006.1_182,G,K,G,G,G,K,S,D,K,D,C,D,C,ID=6_182;partial=00;start_type=ATG;rbs_motif=GGAGG;rbs_spacer=5-10bp;gc_cont=0.600,ID=6_182;partial=00;start_type=ATG;rbs_motif=GGAGG;rbs_spacer=5-10bp;gc,26.0
NC_002932.3_1331,G,K,G,G,G,K,S,D,K,D,C,D,C,ID=1_1331;partial=00;start_type=ATG;rbs_motif=None;rbs_spacer=None;gc_cont=0.571,ID=1_1331;partial=00;start_type=ATG;rbs_motif=None;rbs_spacer=None;gc,26.0
NC_009485.1_5589,G,K,G,G,G,K,S,D,K,D,C,D,C,ID=1_5589;partial=00;start_type=ATG;rbs_motif=GGAG/GAGG;rbs_spacer=5-10bp;gc_cont=0.634,ID=1_5589;partial=00;start_type=ATG;rbs_motif=GGAG/GAGG;rbs_spacer=5-10bp;gc,26.0
NC_011060.1_1961,G,K,G,G,G,K,S,D,K,D,C,D,C,ID=1_1961;partial=00;start_type=ATG;rbs_motif=None;rbs_spacer=None;gc_cont=0.482,ID=1_1961;partial=00;start_type=ATG;rbs_motif=None;rbs_spacer=None;gc,26.0
NC_004041.2_196,G,K,G,G,G,K,S,D,K,D,C,D,C,ID=5_196;partial=00;start_type=ATG;rbs_motif=AGGA;rbs_spacer=5-10bp;gc_cont=0.598,ID=5_196;partial=00;start_type=ATG;rbs_motif=AGGA;rbs_spacer=5-10bp;gc,26.0
NZ_ACJN02000001.1_320,G,K,G,G,G,K,S,D,K,D,C,D,C,ID=5_320;partial=00;start_type=ATG;rbs_motif=AGGAGG;rbs_spacer=5-10bp;gc_cont=0.548,ID=5_320;partial=00;start_type=ATG;rbs_motif=AGGAGG;rbs_spacer=5-10bp;gc,26.0
NZ_GL876925.1_61,G,K,G,G,G,K,S,D,K,D,C,D,C,ID=1_61;partial=00;start_type=ATG;rbs_motif=AGGAG;rbs_spacer=5-10bp;gc_cont=0.611,ID=1_61;partial=00;start_type=ATG;rbs_motif=AGGAG;rbs_spacer=5-10bp;gc,26.0
NC_016627.1_1263,G,K,G,G,G,K,S,D,K,D,C,D,C,ID=1_1263;partial=00;start_type=ATG;rbs_motif=GGAGG;rbs_spacer=5-10bp;gc_cont=0.433,ID=1_1263;partial=00;start_type=ATG;rbs_motif=GGAGG;rbs_spacer=5-10bp;gc,26.0
NZ_AKFJ01000028.1_60,G,K,G,G,G,K,S,D,K,D,C,D,C,ID=28_60;partial=00;start_type=ATG;rbs_motif=AGGAG;rbs_spacer=5-10bp;gc_cont=0.599,ID=28_60;partial=00;start_type=ATG;rbs_motif=AGGAG;rbs_spacer=5-10bp;gc,26.0
NZ_ANHY01000007.1_47,G,K,G,G,G,K,S,D,K,D,C,D,C,ID=7_47;partial=00;start_type=ATG;rbs_motif=AGGAG;rbs_spacer=5-10bp;gc_cont=0.647,ID=7_47;partial=00;start_type=ATG;rbs_motif=AGGAG;rbs_spacer=5-10bp;gc,26.0
NZ_AORV01000038.1_18,G,K,G,G,G,K,S,D,K,D,C,D,C,ID=38_18;partial=00;start_type=ATG;rbs_motif=AGGAGG;rbs_spacer=5-10bp;gc_cont=0.536,ID=38_18;partial=00;start_type=ATG;rbs_motif=AGGAGG;rbs_spacer=5-10bp;gc,26.0
NZ_KB906253.1_581,G,K,G,G,G,K,S,D,K,D,C,D,C,ID=1_581;partial=00;start_type=ATG;rbs_motif=GGAG/GAGG;rbs_spacer=5-10bp;gc_cont=0.630,ID=1_581;partial=00;start_type=ATG;rbs_motif=GGAG/GAGG;rbs_spacer=5-10bp;gc,26.0
NZ_AUHB01000005.1_232,G,K,G,G,G,K,S,D,K,D,C,D,C,ID=5_232;partial=00;start_type=ATG;rbs_motif=AGGA;rbs_spacer=5-10bp;gc_cont=0.632,ID=5_232;partial=00;start_type=ATG;rbs_motif=AGGA;rbs_spacer=5-10bp;gc,26.0
NZ_KE386497.1_81,G,K,G,G,G,K,S,D,K,D,C,D,C,ID=3_81;partial=00;start_type=ATG;rbs_motif=AGGA;rbs_spacer=5-10bp;gc_cont=0.594,ID=3_81;partial=00;start_type=ATG;rbs_motif=AGGA;rbs_spacer=5-10bp;gc,26.0
NZ_AZUY01000029.1_49,G,K,G,G,G,K,S,D,K,D,C,D,C,ID=27_49;partial=00;start_type=ATG;rbs_motif=AGGA;rbs_spacer=5-10bp;gc_cont=0.580,ID=27_49;partial=00;start_type=ATG;rbs_motif=AGGA;rbs_spacer=5-10bp;gc,26.0
NZ_CBYB010000054.1_17,G,K,G,G,G,K,S,D,K,D,C,D,C,ID=56_17;partial=00;start_type=ATG;rbs_motif=AGGA;rbs_spacer=5-10bp;gc_cont=0.581,ID=56_17;partial=00;start_type=ATG;rbs_motif=AGGA;rbs_spacer=5-10bp;gc,26.0
NZ_JHWJ01000012.1_127,G,K,G,G,G,K,S,D,K,D,C,D,C,ID=12_127;partial=00;start_type=ATG;rbs_motif=AGGAGG;rbs_spacer=5-10bp;gc_cont=0.465,ID=12_127;partial=00;start_type=ATG;rbs_motif=AGGAGG;rbs_spacer=5-10bp;gc,26.0
NZ_JQJH01000001.1_172,G,K,G,G,G,K,S,D,K,D,C,D,C,ID=1_172;partial=00;start_type=ATG;rbs_motif=AGGAG;rbs_spacer=5-10bp;gc_cont=0.589,ID=1_172;partial=00;start_type=ATG;rbs_motif=AGGAG;rbs_spacer=5-10bp;gc,26.0
NZ_AP012549.1_1444,G,K,G,G,G,K,S,D,K,D,C,D,C,ID=1_1444;partial=00;start_type=ATG;rbs_motif=GGA/GAG/AGG;rbs_spacer=5-10bp;gc_cont=0.426,ID=1_1444;partial=00;start_type=ATG;rbs_motif=GGA/GAG/AGG;rbs_spacer=5-10bp;gc,26.0
NZ_CP009516.1_737,G,K,G,G,G,K,S,D,K,D,C,D,C,ID=1_737;partial=00;start_type=ATG;rbs_motif=AGGAG/GGAGG;rbs_spacer=11-12bp;gc_cont=0.510,ID=1_737;partial=00;start_type=ATG;rbs_motif=AGGAG/GGAGG;rbs_spacer=11-12bp;gc,26.0
NZ_CP010802.1_2532,G,K,G,G,G,K,S,D,K,D,C,D,C,ID=1_2532;partial=00;start_type=ATG;rbs_motif=AGGA;rbs_spacer=5-10bp;gc_cont=0.625,ID=1_2532;partial=00;start_type=ATG;rbs_motif=AGGA;rbs_spacer=5-10bp;gc,26.0
NZ_LNCI01000005.1_273,G,K,G,G,G,K,S,D,K,D,C,D,C,ID=37_273;partial=00;start_type=ATG;rbs_motif=AGGA;rbs_spacer=5-10bp;gc_cont=0.598,ID=37_273;partial=00;start_type=ATG;rbs_motif=AGGA;rbs_spacer=5-10bp;gc,26.0
NZ_LITT01000023.1_282,G,K,G,G,G,K,S,D,K,D,C,D,C,ID=12_282;partial=00;start_type=ATG;rbs_motif=AGGAG;rbs_spacer=5-10bp;gc_cont=0.365,ID=12_282;partial=00;start_type=ATG;rbs_motif=AGGAG;rbs_spacer=5-10bp;gc,26.0
NZ_CP015322.1_414,G,K,G,G,G,K,S,D,K,D,C,D,C,ID=5_414;partial=00;start_type=ATG;rbs_motif=AGGA;rbs_spacer=5-10bp;gc_cont=0.610,ID=5_414;partial=00;start_type=ATG;rbs_motif=AGGA;rbs_spacer=5-10bp;gc,26.0
NZ_CP017305.1_619,G,K,G,G,G,K,S,D,K,D,C,D,C,ID=1_619;partial=00;start_type=ATG;rbs_motif=None;rbs_spacer=None;gc_cont=0.565,ID=1_619;partial=00;start_type=ATG;rbs_motif=None;rbs_spacer=None;gc,26.0
NZ_MLBF01000024.1_42,G,K,G,G,G,K,S,D,K,D,C,D,C,ID=24_42;partial=00;start_type=ATG;rbs_motif=AGGAG;rbs_spacer=5-10bp;gc_cont=0.442,ID=24_42;partial=00;start_type=ATG;rbs_motif=AGGAG;rbs_spacer=5-10bp;gc,26.0
NZ_MLJI01000002.1_279,G,K,G,G,G,K,S,D,K,D,C,D,C,ID=2_279;partial=00;start_type=ATG;rbs_motif=AGGAG;rbs_spacer=5-10bp;gc_cont=0.554,ID=2_279;partial=00;start_type=ATG;rbs_motif=AGGAG;rbs_spacer=5-10bp;gc,26.0
NZ_CP029425.1_865,G,K,G,G,G,K,S,D,K,D,C,D,C,ID=1_865;partial=00;start_type=ATG;rbs_motif=GGAG/GAGG;rbs_spacer=5-10bp;gc_cont=0.550,ID=1_865;partial=00;start_type=ATG;rbs_motif=GGAG/GAGG;rbs_spacer=5-10bp;gc,26.0
NZ_AP018290.1_3340,G,K,G,G,G,K,S,D,K,D,C,D,C,ID=1_3340;partial=00;start_type=ATG;rbs_motif=AGGAG/GGAGG;rbs_spacer=11-12bp;gc_cont=0.485,ID=1_3340;partial=00;start_type=ATG;rbs_motif=AGGAG/GGAGG;rbs_spacer=11-12bp;gc,26.0
NZ_MVDE01000017.1_12,G,K,G,G,G,K,S,D,K,D,C,D,C,ID=17_12;partial=00;start_type=ATG;rbs_motif=TAAAA;rbs_spacer=6bp;gc_cont=0.398,ID=17_12;partial=00;start_type=ATG;rbs_motif=TAAAA;rbs_spacer=6bp;gc,26.0
NZ_CP024309.1_309,G,K,G,G,G,K,S,D,K,D,C,D,C,ID=3_309;partial=00;start_type=ATG;rbs_motif=AGGA;rbs_spacer=5-10bp;gc_cont=0.592,ID=3_309;partial=00;start_type=ATG;rbs_motif=AGGA;rbs_spacer=5-10bp;gc,26.0
NZ_CP022187.1_2077,G,K,G,G,G,K,S,D,K,D,C,D,C,ID=1_2077;partial=00;start_type=ATG;rbs_motif=AGGAG;rbs_spacer=5-10bp;gc_cont=0.599,ID=1_2077;partial=00;start_type=ATG;rbs_motif=AGGAG;rbs_spacer=5-10bp;gc,26.0
NZ_QJTK01000019.1_7,G,K,G,G,G,K,S,D,K,D,C,D,C,ID=19_7;partial=00;start_type=ATG;rbs_motif=GGAG/GAGG;rbs_spacer=5-10bp;gc_cont=0.606,ID=19_7;partial=00;start_type=ATG;rbs_motif=GGAG/GAGG;rbs_spacer=5-10bp;gc,26.0
NZ_PDNY02000071.1_632,G,K,G,G,G,K,S,D,K,D,C,D,C,ID=1_632;partial=00;start_type=ATG;rbs_motif=None;rbs_spacer=None;gc_cont=0.520,ID=1_632;partial=00;start_type=ATG;rbs_motif=None;rbs_spacer=None;gc,26.0
NZ_CP032687.1_270,G,K,G,G,G,K,S,D,K,D,C,D,C,ID=3_270;partial=00;start_type=ATG;rbs_motif=AGGA;rbs_spacer=5-10bp;gc_cont=0.588,ID=3_270;partial=00;start_type=ATG;rbs_motif=AGGA;rbs_spacer=5-10bp;gc,26.0
NZ_CP034447.1_6,G,K,G,G,G,K,S,D,K,D,C,D,C,ID=1_6;partial=00;start_type=ATG;rbs_motif=AGGA;rbs_spacer=5-10bp;gc_cont=0.630,ID=1_6;partial=00;start_type=ATG;rbs_motif=AGGA;rbs_spacer=5-10bp;gc,26.0
NZ_RZOY02000024.1_18,G,K,G,G,G,K,S,D,K,D,C,D,C,ID=76_18;partial=00;start_type=ATG;rbs_motif=AGGA;rbs_spacer=5-10bp;gc_cont=0.598,ID=76_18;partial=00;start_type=ATG;rbs_motif=AGGA;rbs_spacer=5-10bp;gc,26.0
NZ_SIXC01000007.1_102,G,K,G,G,G,K,S,D,K,D,C,D,C,ID=32_102;partial=00;start_type=ATG;rbs_motif=GGAG/GAGG;rbs_spacer=5-10bp;gc_cont=0.617,ID=32_102;partial=00;start_type=ATG;rbs_motif=GGAG/GAGG;rbs_spacer=5-10bp;gc,26.0
NZ_SLWK01000010.1_127,G,K,G,G,G,K,S,D,K,D,C,D,C,ID=10_127;partial=00;start_type=ATG;rbs_motif=TAAA;rbs_spacer=11bp;gc_cont=0.432,ID=10_127;partial=00;start_type=ATG;rbs_motif=TAAA;rbs_spacer=11bp;gc,26.0
NZ_SSTC01000022.1_5,G,K,G,G,G,K,S,D,K,D,C,D,C,ID=112_5;partial=00;start_type=ATG;rbs_motif=GGAG/GAGG;rbs_spacer=5-10bp;gc_cont=0.626,ID=112_5;partial=00;start_type=ATG;rbs_motif=GGAG/GAGG;rbs_spacer=5-10bp;gc,26.0
NZ_SRSH01000010.1_33,G,K,G,G,G,K,S,D,K,D,C,D,C,ID=1_33;partial=00;start_type=ATG;rbs_motif=GGAG/GAGG;rbs_spacer=5-10bp;gc_cont=0.615,ID=1_33;partial=00;start_type=ATG;rbs_motif=GGAG/GAGG;rbs_spacer=5-10bp;gc,26.0
NZ_VMYE01000015.1_51,G,K,G,G,G,K,S,D,K,D,C,D,C,ID=7_51;partial=00;start_type=ATG;rbs_motif=GGAG/GAGG;rbs_spacer=5-10bp;gc_cont=0.636,ID=7_51;partial=00;start_type=ATG;rbs_motif=GGAG/GAGG;rbs_spacer=5-10bp;gc,26.0
NZ_VIRF01000090.1_227,G,K,G,G,G,K,S,D,K,D,C,D,C,ID=90_227;partial=00;start_type=ATG;rbs_motif=AGGAG;rbs_spacer=5-10bp;gc_cont=0.634,ID=90_227;partial=00;start_type=ATG;rbs_motif=AGGAG;rbs_spacer=5-10bp;gc,26.0
NZ_VOSK01000223.1_3,G,K,G,G,G,K,S,D,K,D,C,D,C,ID=161_3;partial=00;start_type=ATG;rbs_motif=AGGA;rbs_spacer=5-10bp;gc_cont=0.625,ID=161_3;partial=00;start_type=ATG;rbs_motif=AGGA;rbs_spacer=5-10bp;gc,26.0
NZ_WQNE01000007.1_69,G,K,G,G,G,K,S,D,K,D,C,D,C,ID=90_69;partial=00;start_type=ATG;rbs_motif=GGAG/GAGG;rbs_spacer=5-10bp;gc_cont=0.579,ID=90_69;partial=00;start_type=ATG;rbs_motif=GGAG/GAGG;rbs_spacer=5-10bp;gc,26.0
NZ_JAAEEH010000003.1_35,G,K,G,G,G,K,S,D,K,D,C,D,C,ID=33_35;partial=00;start_type=ATG;rbs_motif=GGA/GAG/AGG;rbs_spacer=5-10bp;gc_cont=0.562,ID=33_35;partial=00;start_type=ATG;rbs_motif=GGA/GAG/AGG;rbs_spacer=5-10bp;gc,26.0
NZ_JAAMOZ010000001.1_1728,G,K,G,G,G,K,S,D,K,D,C,D,C,ID=1_1728;partial=00;start_type=ATG;rbs_motif=GGA/GAG/AGG;rbs_spacer=11-12bp;gc_cont=0.627,ID=1_1728;partial=00;start_type=ATG;rbs_motif=GGA/GAG/AGG;rbs_spacer=11-12bp;gc,26.0
NZ_JAAVLX010000005.1_455,G,K,G,G,G,K,S,D,K,D,C,D,C,ID=35_455;partial=00;start_type=ATG;rbs_motif=GGAG/GAGG;rbs_spacer=5-10bp;gc_cont=0.602,ID=35_455;partial=00;start_type=ATG;rbs_motif=GGAG/GAGG;rbs_spacer=5-10bp;gc,26.0
NZ_CP045508.1_2571,G,K,G,G,G,K,S,D,K,D,C,D,C,ID=1_2571;partial=00;start_type=ATG;rbs_motif=GGAGG;rbs_spacer=5-10bp;gc_cont=0.621,ID=1_2571;partial=00;start_type=ATG;rbs_motif=GGAGG;rbs_spacer=5-10bp;gc,26.0
NZ_JACIGJ010000001.1_62,G,K,G,G,G,K,S,D,K,D,C,D,C,ID=1_62;partial=00;start_type=ATG;rbs_motif=AGGAG;rbs_spacer=5-10bp;gc_cont=0.621,ID=1_62;partial=00;start_type=ATG;rbs_motif=AGGAG;rbs_spacer=5-10bp;gc,26.0
NZ_JACVHF010000011.1_41,G,K,G,G,G,K,S,D,K,D,C,D,C,ID=22_41;partial=00;start_type=ATG;rbs_motif=AGGAGG;rbs_spacer=5-10bp;gc_cont=0.547,ID=22_41;partial=00;start_type=ATG;rbs_motif=AGGAGG;rbs_spacer=5-10bp;gc,26.0
NZ_JACJTO010000011.1_87,G,K,G,G,G,K,S,D,K,D,C,D,C,ID=3_87;partial=00;start_type=ATG;rbs_motif=AGGA;rbs_spacer=5-10bp;gc_cont=0.452,ID=3_87;partial=00;start_type=ATG;rbs_motif=AGGA;rbs_spacer=5-10bp;gc,26.0
NZ_JADNQZ010000042.1_90,G,K,G,G,G,K,S,D,K,D,C,D,C,ID=42_90;partial=00;start_type=ATG;rbs_motif=AGGAG;rbs_spacer=5-10bp;gc_cont=0.599,ID=42_90;partial=00;start_type=ATG;rbs_motif=AGGAG;rbs_spacer=5-10bp;gc,26.0
NZ_NRRY01000026.1_51,G,K,G,G,G,K,S,D,K,D,C,D,C,ID=26_51;partial=00;start_type=ATG;rbs_motif=GGAG/GAGG;rbs_spacer=5-10bp;gc_cont=0.591,ID=26_51;partial=00;start_type=ATG;rbs_motif=GGAG/GAGG;rbs_spacer=5-10bp;gc,26.0
NZ_JAESWA010000020.1_115,G,K,G,G,G,K,S,D,K,D,C,D,C,ID=13_115;partial=00;start_type=ATG;rbs_motif=AGGAGG;rbs_spacer=5-10bp;gc_cont=0.364,ID=13_115;partial=00;start_type=ATG;rbs_motif=AGGAGG;rbs_spacer=5-10bp;gc,26.0
NZ_CP071615.1_8,G,K,G,G,G,K,S,D,K,D,C,D,C,ID=4_8;partial=00;start_type=ATG;rbs_motif=AGGA;rbs_spacer=5-10bp;gc_cont=0.546,ID=4_8;partial=00;start_type=ATG;rbs_motif=AGGA;rbs_spacer=5-10bp;gc,26.0
NZ_CP072801.1_1411,G,K,G,G,G,K,S,D,K,D,C,D,C,ID=1_1411;partial=00;start_type=ATG;rbs_motif=AGGAG;rbs_spacer=5-10bp;gc_cont=0.520,ID=1_1411;partial=00;start_type=ATG;rbs_motif=AGGAG;rbs_spacer=5-10bp;gc,26.0
NZ_JAHCVJ010000007.1_147,G,K,G,G,G,K,S,D,K,D,C,D,C,ID=1_147;partial=00;start_type=ATG;rbs_motif=AGGAG;rbs_spacer=5-10bp;gc_cont=0.549,ID=1_147;partial=00;start_type=ATG;rbs_motif=AGGAG;rbs_spacer=5-10bp;gc,26.0
NZ_BLIZ01000001.1_1119,G,K,G,G,G,K,S,D,K,D,C,D,C,ID=1_1119;partial=00;start_type=ATG;rbs_motif=AGGAG;rbs_spacer=5-10bp;gc_cont=0.599,ID=1_1119;partial=00;start_type=ATG;rbs_motif=AGGAG;rbs_spacer=5-10bp;gc,26.0
NZ_CP084876.1_1637,G,K,G,G,G,K,S,D,K,D,C,D,C,ID=1_1637;partial=00;start_type=ATG;rbs_motif=AGGAG;rbs_spacer=5-10bp;gc_cont=0.585,ID=1_1637;partial=00;start_type=ATG;rbs_motif=AGGAG;rbs_spacer=5-10bp;gc,26.0
NZ_JAJTWT010000004.1_228,G,K,G,G,G,K,S,D,K,D,C,D,C,ID=34_228;partial=00;start_type=ATG;rbs_motif=GGAG/GAGG;rbs_spacer=5-10bp;gc_cont=0.660,ID=34_228;partial=00;start_type=ATG;rbs_motif=GGAG/GAGG;rbs_spacer=5-10bp;gc,26.0
NZ_JAJNAL010000010.1_15,G,K,G,G,G,K,S,D,K,D,C,D,C,ID=2_15;partial=00;start_type=ATG;rbs_motif=GGAG/GAGG;rbs_spacer=5-10bp;gc_cont=0.648,ID=2_15;partial=00;start_type=ATG;rbs_motif=GGAG/GAGG;rbs_spacer=5-10bp;gc,26.0
NZ_JAGGCS010000008.1_105,G,K,G,G,G,K,S,D,K,D,C,D,C,ID=33_105;partial=00;start_type=ATG;rbs_motif=AGGA;rbs_spacer=5-10bp;gc_cont=0.611,ID=33_105;partial=00;start_type=ATG;rbs_motif=AGGA;rbs_spacer=5-10bp;gc,26.0
NZ_JAMBOE010000001.1_284,G,K,G,G,G,K,S,D,K,D,C,D,C,ID=49_284;partial=00;start_type=ATG;rbs_motif=GGAGG;rbs_spacer=5-10bp;gc_cont=0.561,ID=49_284;partial=00;start_type=ATG;rbs_motif=GGAGG;rbs_spacer=5-10bp;gc,26.0
NZ_JANGEY010000002.1_283,G,K,G,G,G,K,S,D,K,D,C,D,C,ID=12_283;partial=00;start_type=ATG;rbs_motif=GGAG/GAGG;rbs_spacer=5-10bp;gc_cont=0.637,ID=12_283;partial=00;start_type=ATG;rbs_motif=GGAG/GAGG;rbs_spacer=5-10bp;gc,26.0
NZ_FMAF01000052.1_13,G,K,G,G,G,K,S,D,K,D,C,D,C,ID=63_13;partial=00;start_type=ATG;rbs_motif=AGGA;rbs_spacer=5-10bp;gc_cont=0.592,ID=63_13;partial=00;start_type=ATG;rbs_motif=AGGA;rbs_spacer=5-10bp;gc,26.0
NZ_FMXR01000014.1_80,G,K,G,G,G,K,S,D,K,D,C,D,C,ID=27_80;partial=00;start_type=ATG;rbs_motif=AGGAGG;rbs_spacer=5-10bp;gc_cont=0.412,ID=27_80;partial=00;start_type=ATG;rbs_motif=AGGAGG;rbs_spacer=5-10bp;gc,26.0
NZ_FOFJ01000003.1_49,G,K,G,G,G,K,S,D,K,D,C,D,C,ID=108_49;partial=00;start_type=ATG;rbs_motif=GGAG/GAGG;rbs_spacer=5-10bp;gc_cont=0.592,ID=108_49;partial=00;start_type=ATG;rbs_motif=GGAG/GAGG;rbs_spacer=5-10bp;gc,26.0
NZ_FOYM01000036.1_12,G,K,G,G,G,K,S,D,K,D,C,D,C,ID=53_12;partial=00;start_type=ATG;rbs_motif=GGAGG;rbs_spacer=5-10bp;gc_cont=0.573,ID=53_12;partial=00;start_type=ATG;rbs_motif=GGAGG;rbs_spacer=5-10bp;gc,26.0
NZ_FQZU01000040.1_11,G,K,G,G,G,K,S,D,K,D,C,D,C,ID=53_11;partial=00;start_type=ATG;rbs_motif=AGGA;rbs_spacer=5-10bp;gc_cont=0.578,ID=53_11;partial=00;start_type=ATG;rbs_motif=AGGA;rbs_spacer=5-10bp;gc,26.0
NZ_FUXZ01000006.1_18,G,K,G,G,G,K,S,D,K,D,C,D,C,ID=19_18;partial=00;start_type=ATG;rbs_motif=AGGA;rbs_spacer=5-10bp;gc_cont=0.372,ID=19_18;partial=00;start_type=ATG;rbs_motif=AGGA;rbs_spacer=5-10bp;gc,26.0
NZ_FZOB01000004.1_89,G,K,G,G,G,K,S,D,K,D,C,D,C,ID=20_89;partial=00;start_type=ATG;rbs_motif=AGGAGG;rbs_spacer=5-10bp;gc_cont=0.432,ID=20_89;partial=00;start_type=ATG;rbs_motif=AGGAGG;rbs_spacer=5-10bp;gc,26.0
NZ_CAAHFH010000002.1_1775,G,K,G,G,G,K,S,D,K,D,C,D,C,ID=2_1775;partial=00;start_type=ATG;rbs_motif=AGGAG;rbs_spacer=5-10bp;gc_cont=0.571,ID=2_1775;partial=00;start_type=ATG;rbs_motif=AGGAG;rbs_spacer=5-10bp;gc,26.0
LKPX01000006.1_69,G,K,G,G,G,K,S,D,K,D,C,D,C,ID=140_69;partial=00;start_type=ATG;rbs_motif=AGGAG;rbs_spacer=5-10bp;gc_cont=0.495,ID=140_69;partial=00;start_type=ATG;rbs_motif=AGGAG;rbs_spacer=5-10bp;gc,26.0
JAAXXR010000070.1_2,G,K,G,G,G,K,S,D,K,D,C,D,C,ID=100_2;partial=00;start_type=ATG;rbs_motif=AAC;rbs_spacer=13bp;gc_cont=0.564,ID=100_2;partial=00;start_type=ATG;rbs_motif=AAC;rbs_spacer=13bp;gc,26.0
JAEWDM010000016.1_117,G,K,G,G,G,K,S,D,K,D,C,D,C,ID=41_117;partial=00;start_type=ATG;rbs_motif=AGGAG;rbs_spacer=5-10bp;gc_cont=0.442,ID=41_117;partial=00;start_type=ATG;rbs_motif=AGGAG;rbs_spacer=5-10bp;gc,26.0
JAFADM010000112.1_7,G,K,G,G,G,K,S,D,K,D,C,D,C,ID=191_7;partial=00;start_type=ATG;rbs_motif=AGGAG;rbs_spacer=5-10bp;gc_cont=0.489,ID=191_7;partial=00;start_type=ATG;rbs_motif=AGGAG;rbs_spacer=5-10bp;gc,26.0
NC_011026.1_1869,G,K,G,G,G,K,S,D,K,D,C,D,C,ID=1_1869;partial=00;start_type=ATG;rbs_motif=None;rbs_spacer=None;gc_cont=0.472,ID=1_1869;partial=00;start_type=ATG;rbs_motif=None;rbs_spacer=None;gc,26.0
NZ_KB905840.1_16,G,K,G,G,G,K,S,D,K,D,C,D,C,ID=2_16;partial=00;start_type=ATG;rbs_motif=AGGAG;rbs_spacer=5-10bp;gc_cont=0.402,ID=2_16;partial=00;start_type=ATG;rbs_motif=AGGAG;rbs_spacer=5-10bp;gc,26.0
NZ_CP020384.1_3359,G,K,G,G,G,K,S,D,K,D,C,D,C,ID=1_3359;partial=00;start_type=ATG;rbs_motif=AGGAG;rbs_spacer=5-10bp;gc_cont=0.632,ID=1_3359;partial=00;start_type=ATG;rbs_motif=AGGAG;rbs_spacer=5-10bp;gc,26.0
NZ_CP034035.1_2725,G,K,G,G,G,K,S,D,K,D,C,D,C,ID=1_2725;partial=00;start_type=ATG;rbs_motif=GGAG/GAGG;rbs_spacer=5-10bp;gc_cont=0.478,ID=1_2725;partial=00;start_type=ATG;rbs_motif=GGAG/GAGG;rbs_spacer=5-10bp;gc,26.0
NZ_AP024469.1_3341,G,K,G,G,G,K,S,D,K,D,C,D,C,ID=1_3341;partial=00;start_type=ATG;rbs_motif=AGGAG;rbs_spacer=5-10bp;gc_cont=0.588,ID=1_3341;partial=00;start_type=ATG;rbs_motif=AGGAG;rbs_spacer=5-10bp;gc,26.0
NZ_FQXU01000020.1_41,G,K,G,G,G,K,S,D,K,D,C,D,C,ID=31_41;partial=00;start_type=ATG;rbs_motif=AGGAG;rbs_spacer=5-10bp;gc_cont=0.350,ID=31_41;partial=00;start_type=ATG;rbs_motif=AGGAG;rbs_spacer=5-10bp;gc,26.0
NZ_SSOC01000003.1_585,G,K,G,G,G,K,S,D,K,D,C,D,C,ID=3_585;partial=00;start_type=ATG;rbs_motif=GGAG/GAGG;rbs_spacer=5-10bp;gc_cont=0.598,ID=3_585;partial=00;start_type=ATG;rbs_motif=GGAG/GAGG;rbs_spacer=5-10bp;gc,26.0
NZ_CP009288.1_4446,G,K,G,G,G,K,S,D,K,D,C,D,C,ID=1_4446;partial=00;start_type=ATG;rbs_motif=GGAGG;rbs_spacer=5-10bp;gc_cont=0.501,ID=1_4446;partial=00;start_type=ATG;rbs_motif=GGAGG;rbs_spacer=5-10bp;gc,26.0
JAHHGV010000026.1_22,G,K,G,G,G,K,S,D,K,D,C,D,C,ID=89_22;partial=00;start_type=ATG;rbs_motif=AGGAG;rbs_spacer=5-10bp;gc_cont=0.483,ID=89_22;partial=00;start_type=ATG;rbs_motif=AGGAG;rbs_spacer=5-10bp;gc,26.0
KI911947.1_177,G,K,G,G,G,K,S,D,K,D,C,D,C,ID=16_177;partial=00;start_type=ATG;rbs_motif=AGGA;rbs_spacer=5-10bp;gc_cont=0.624,ID=16_177;partial=00;start_type=ATG;rbs_motif=AGGA;rbs_spacer=5-10bp;gc,26.0
LM997411.1_2061,G,K,G,G,G,K,S,D,K,D,C,D,C,ID=1_2061;partial=00;start_type=GTG;rbs_motif=AGGAGG;rbs_spacer=5-10bp;gc_cont=0.455,ID=1_2061;partial=00;start_type=GTG;rbs_motif=AGGAGG;rbs_spacer=5-10bp;gc,26.0
LVAZ01000212.1_12,G,K,G,G,G,K,S,D,K,D,C,D,C,ID=125_12;partial=00;start_type=ATG;rbs_motif=AGGA;rbs_spacer=5-10bp;gc_cont=0.655,ID=125_12;partial=00;start_type=ATG;rbs_motif=AGGA;rbs_spacer=5-10bp;gc,26.0
MERU01000006.1_361,G,K,G,G,G,K,S,D,K,D,C,D,C,ID=6_361;partial=00;start_type=ATG;rbs_motif=GGAG/GAGG;rbs_spacer=5-10bp;gc_cont=0.634,ID=6_361;partial=00;start_type=ATG;rbs_motif=GGAG/GAGG;rbs_spacer=5-10bp;gc,26.0
MHZX01000029.1_4,G,K,G,G,G,K,S,D,K,D,C,D,C,ID=29_4;partial=00;start_type=ATG;rbs_motif=AGGAG;rbs_spacer=5-10bp;gc_cont=0.629,ID=29_4;partial=00;start_type=ATG;rbs_motif=AGGAG;rbs_spacer=5-10bp;gc,26.0
AP017913.1_201,G,K,G,G,G,K,S,D,K,D,C,D,C,ID=1_201;partial=00;start_type=ATG;rbs_motif=TAA;rbs_spacer=3bp;gc_cont=0.366,ID=1_201;partial=00;start_type=ATG;rbs_motif=TAA;rbs_spacer=3bp;gc,26.0
DBTM01000036.1_119,G,K,G,G,G,K,S,D,K,D,C,D,C,ID=15_119;partial=00;start_type=ATG;rbs_motif=GGAGG;rbs_spacer=5-10bp;gc_cont=0.533,ID=15_119;partial=00;start_type=ATG;rbs_motif=GGAGG;rbs_spacer=5-10bp;gc,26.0
DDWZ01000016.1_79,G,K,G,G,G,K,S,D,K,D,C,D,C,ID=12_79;partial=00;start_type=ATG;rbs_motif=AGGAG;rbs_spacer=5-10bp;gc_cont=0.590,ID=12_79;partial=00;start_type=ATG;rbs_motif=AGGAG;rbs_spacer=5-10bp;gc,26.0
DGRE01000019.1_14,G,K,G,G,G,K,S,D,K,D,C,D,C,ID=18_14;partial=00;start_type=ATG;rbs_motif=AGGAGG;rbs_spacer=5-10bp;gc_cont=0.475,ID=18_14;partial=00;start_type=ATG;rbs_motif=AGGAGG;rbs_spacer=5-10bp;gc,26.0
DHVH01000231.1_5,G,K,G,G,G,K,S,D,K,D,C,D,C,ID=247_5;partial=00;start_type=ATG;rbs_motif=TAA;rbs_spacer=11bp;gc_cont=0.461,ID=247_5;partial=00;start_type=ATG;rbs_motif=TAA;rbs_spacer=11bp;gc,26.0
DIPB01000046.1_2,G,K,G,G,G,K,S,D,K,D,C,D,C,ID=106_2;partial=00;start_type=ATG;rbs_motif=AGGAG;rbs_spacer=5-10bp;gc_cont=0.559,ID=106_2;partial=00;start_type=ATG;rbs_motif=AGGAG;rbs_spacer=5-10bp;gc,26.0
DACJ01000072.1_29,G,K,G,G,G,K,S,D,K,D,C,D,C,ID=112_29;partial=00;start_type=ATG;rbs_motif=AGGAG;rbs_spacer=5-10bp;gc_cont=0.495,ID=112_29;partial=00;start_type=ATG;rbs_motif=AGGAG;rbs_spacer=5-10bp;gc,26.0
PEAK01000081.1_7,G,K,G,G,G,K,S,D,K,D,C,D,C,ID=26_7;partial=00;start_type=ATG;rbs_motif=AGGAG;rbs_spacer=5-10bp;gc_cont=0.517,ID=26_7;partial=00;start_type=ATG;rbs_motif=AGGAG;rbs_spacer=5-10bp;gc,26.0
PHCV01000001.1_234,G,K,G,G,G,K,S,D,K,D,C,D,C,ID=19_234;partial=00;start_type=ATG;rbs_motif=AGGAG;rbs_spacer=5-10bp;gc_cont=0.624,ID=19_234;partial=00;start_type=ATG;rbs_motif=AGGAG;rbs_spacer=5-10bp;gc,26.0
BDTW01000015.1_65,G,K,G,G,G,K,S,D,K,D,C,D,C,ID=15_65;partial=00;start_type=ATG;rbs_motif=GGAG/GAGG;rbs_spacer=5-10bp;gc_cont=0.598,ID=15_65;partial=00;start_type=ATG;rbs_motif=GGAG/GAGG;rbs_spacer=5-10bp;gc,26.0
PLNW01000118.1_41,G,K,G,G,G,K,S,D,K,D,C,D,C,ID=1_41;partial=00;start_type=ATG;rbs_motif=AGGA;rbs_spacer=5-10bp;gc_cont=0.603,ID=1_41;partial=00;start_type=ATG;rbs_motif=AGGA;rbs_spacer=5-10bp;gc,26.0
PLPI01000144.1_14,G,K,G,G,G,K,S,D,K,D,C,D,C,ID=47_14;partial=00;start_type=ATG;rbs_motif=AGGAG;rbs_spacer=5-10bp;gc_cont=0.527,ID=47_14;partial=00;start_type=ATG;rbs_motif=AGGAG;rbs_spacer=5-10bp;gc,26.0
QJVM01000189.1_14,G,K,G,G,G,K,S,D,K,D,C,D,C,ID=112_14;partial=00;start_type=GTG;rbs_motif=AGGA;rbs_spacer=5-10bp;gc_cont=0.593,ID=112_14;partial=00;start_type=GTG;rbs_motif=AGGA;rbs_spacer=5-10bp;gc,26.0
QKIQ01000031.1_5,G,K,G,G,G,K,S,D,K,D,C,D,C,ID=124_5;partial=00;start_type=ATG;rbs_motif=GGAGG;rbs_spacer=5-10bp;gc_cont=0.535,ID=124_5;partial=00;start_type=ATG;rbs_motif=GGAGG;rbs_spacer=5-10bp;gc,26.0
DNPP01000068.1_28,G,K,G,G,G,K,S,D,K,D,C,D,C,ID=489_28;partial=00;start_type=ATG;rbs_motif=GGA/GAG/AGG;rbs_spacer=5-10bp;gc_cont=0.463,ID=489_28;partial=00;start_type=ATG;rbs_motif=GGA/GAG/AGG;rbs_spacer=5-10bp;gc,26.0
QZKO01000030.1_19,G,K,G,G,G,K,S,D,K,D,C,D,C,ID=45_19;partial=00;start_type=ATG;rbs_motif=AGGAG;rbs_spacer=5-10bp;gc_cont=0.498,ID=45_19;partial=00;start_type=ATG;rbs_motif=AGGAG;rbs_spacer=5-10bp;gc,26.0
SAJS01000021.1_53,G,K,G,G,G,K,S,D,K,D,C,D,C,ID=13_53;partial=00;start_type=ATG;rbs_motif=AGGA;rbs_spacer=5-10bp;gc_cont=0.596,ID=13_53;partial=00;start_type=ATG;rbs_motif=AGGA;rbs_spacer=5-10bp;gc,26.0
SCPZ01000036.1_15,G,K,G,G,G,K,S,D,K,D,C,D,C,ID=50_15;partial=00;start_type=ATG;rbs_motif=AGGAG;rbs_spacer=5-10bp;gc_cont=0.452,ID=50_15;partial=00;start_type=ATG;rbs_motif=AGGAG;rbs_spacer=5-10bp;gc,26.0
SZXY01000114.1_5,G,K,G,G,G,K,S,D,K,D,C,D,C,ID=151_5;partial=00;start_type=ATG;rbs_motif=None;rbs_spacer=None;gc_cont=0.484,ID=151_5;partial=00;start_type=ATG;rbs_motif=None;rbs_spacer=None;gc,26.0
QYQD01000156.1_22,G,K,G,G,G,K,S,D,K,D,C,D,C,ID=172_22;partial=00;start_type=ATG;rbs_motif=AGGAGG;rbs_spacer=5-10bp;gc_cont=0.520,ID=172_22;partial=00;start_type=ATG;rbs_motif=AGGAGG;rbs_spacer=5-10bp;gc,26.0
WBUQ01000079.1_1,G,K,G,G,G,K,S,D,K,D,C,D,C,ID=32_1;partial=10;start_type=ATG;rbs_motif=AGGAG;rbs_spacer=5-10bp;gc_cont=0.641,ID=32_1;partial=10;start_type=ATG;rbs_motif=AGGAG;rbs_spacer=5-10bp;gc,26.0
WQSZ01000060.1_2,G,K,G,G,G,K,S,D,K,D,C,D,C,ID=60_2;partial=00;start_type=ATG;rbs_motif=AGGAG;rbs_spacer=5-10bp;gc_cont=0.468,ID=60_2;partial=00;start_type=ATG;rbs_motif=AGGAG;rbs_spacer=5-10bp;gc,26.0
DRPV01000044.1_6,G,K,G,G,G,K,S,D,K,D,C,D,C,ID=44_6;partial=00;start_type=ATG;rbs_motif=GGAGG;rbs_spacer=5-10bp;gc_cont=0.538,ID=44_6;partial=00;start_type=ATG;rbs_motif=GGAGG;rbs_spacer=5-10bp;gc,26.0
VEPN01000005.1_82,G,K,G,G,G,K,S,D,K,D,C,D,C,ID=64_82;partial=00;start_type=ATG;rbs_motif=GGAG/GAGG;rbs_spacer=5-10bp;gc_cont=0.510,ID=64_82;partial=00;start_type=ATG;rbs_motif=GGAG/GAGG;rbs_spacer=5-10bp;gc,26.0
JAAYPT010000046.1_3,G,K,G,G,G,K,S,D,K,D,C,D,C,ID=101_3;partial=00;start_type=ATG;rbs_motif=AGGAG;rbs_spacer=5-10bp;gc_cont=0.409,ID=101_3;partial=00;start_type=ATG;rbs_motif=AGGAG;rbs_spacer=5-10bp;gc,26.0
JABFSH010000001.1_118,G,K,G,G,G,K,S,D,K,D,C,D,C,ID=9_118;partial=00;start_type=ATG;rbs_motif=AGGAG;rbs_spacer=5-10bp;gc_cont=0.469,ID=9_118;partial=00;start_type=ATG;rbs_motif=AGGAG;rbs_spacer=5-10bp;gc,26.0
JABMPC010000075.1_77,G,K,G,G,G,K,S,D,K,D,C,D,C,ID=62_77;partial=00;start_type=ATG;rbs_motif=None;rbs_spacer=None;gc_cont=0.535,ID=62_77;partial=00;start_type=ATG;rbs_motif=None;rbs_spacer=None;gc,26.0
JAAXVP010000115.1_3,G,K,G,G,G,K,S,D,K,D,C,D,C,ID=309_3;partial=00;start_type=ATG;rbs_motif=AGGAG;rbs_spacer=5-10bp;gc_cont=0.626,ID=309_3;partial=00;start_type=ATG;rbs_motif=AGGAG;rbs_spacer=5-10bp;gc,26.0
JACDZF010000053.1_11,G,K,G,G,G,K,S,D,K,D,C,D,C,ID=177_11;partial=00;start_type=ATG;rbs_motif=AGGAG;rbs_spacer=5-10bp;gc_cont=0.531,ID=177_11;partial=00;start_type=ATG;rbs_motif=AGGAG;rbs_spacer=5-10bp;gc,26.0
JACMLV010000804.1_5,G,K,G,G,G,K,S,D,K,D,C,D,C,ID=127_5;partial=00;start_type=ATG;rbs_motif=AGGAG;rbs_spacer=5-10bp;gc_cont=0.602,ID=127_5;partial=00;start_type=ATG;rbs_motif=AGGAG;rbs_spacer=5-10bp;gc,26.0
SVDS01000056.1_2,G,K,G,G,G,K,S,D,K,D,C,D,C,ID=30_2;partial=00;start_type=ATG;rbs_motif=AGGAGG;rbs_spacer=5-10bp;gc_cont=0.462,ID=30_2;partial=00;start_type=ATG;rbs_motif=AGGAGG;rbs_spacer=5-10bp;gc,26.0
JADFZV010000004.1_55,G,K,G,G,G,K,S,D,K,D,C,D,C,ID=44_55;partial=00;start_type=ATG;rbs_motif=AGGAG;rbs_spacer=5-10bp;gc_cont=0.592,ID=44_55;partial=00;start_type=ATG;rbs_motif=AGGAG;rbs_spacer=5-10bp;gc,26.0
WFOD01000145.1_9,G,K,G,G,G,K,S,D,K,D,C,D,C,ID=145_9;partial=00;start_type=ATG;rbs_motif=AGGAGG;rbs_spacer=5-10bp;gc_cont=0.619,ID=145_9;partial=00;start_type=ATG;rbs_motif=AGGAGG;rbs_spacer=5-10bp;gc,26.0
JACOUQ010000027.1_52,G,K,G,G,G,K,S,D,K,D,C,D,C,ID=10_52;partial=00;start_type=ATG;rbs_motif=AGGAG;rbs_spacer=5-10bp;gc_cont=0.600,ID=10_52;partial=00;start_type=ATG;rbs_motif=AGGAG;rbs_spacer=5-10bp;gc,26.0
JACREW010000217.1_4,G,K,G,G,G,K,S,D,K,D,C,D,C,ID=156_4;partial=00;start_type=ATG;rbs_motif=AGGAGG;rbs_spacer=5-10bp;gc_cont=0.509,ID=156_4;partial=00;start_type=ATG;rbs_motif=AGGAGG;rbs_spacer=5-10bp;gc,26.0
JACRDI010000026.1_83,G,K,G,G,G,K,S,D,K,D,C,D,C,ID=19_83;partial=00;start_type=ATG;rbs_motif=GGAGG;rbs_spacer=5-10bp;gc_cont=0.644,ID=19_83;partial=00;start_type=ATG;rbs_motif=GGAGG;rbs_spacer=5-10bp;gc,26.0
JACRME010000015.1_28,G,K,G,G,G,K,S,D,K,D,C,D,C,ID=20_28;partial=00;start_type=ATG;rbs_motif=AGGAG;rbs_spacer=5-10bp;gc_cont=0.564,ID=20_28;partial=00;start_type=ATG;rbs_motif=AGGAG;rbs_spacer=5-10bp;gc,26.0
JAEETM010000168.1_4,G,K,G,G,G,K,S,D,K,D,C,D,C,ID=1_4;partial=00;start_type=ATG;rbs_motif=AGGAG;rbs_spacer=5-10bp;gc_cont=0.424,ID=1_4;partial=00;start_type=ATG;rbs_motif=AGGAG;rbs_spacer=5-10bp;gc,26.0
JADJRE010000011.1_37,G,K,G,G,G,K,S,D,K,D,C,D,C,ID=11_37;partial=00;start_type=ATG;rbs_motif=AGGAG;rbs_spacer=5-10bp;gc_cont=0.620,ID=11_37;partial=00;start_type=ATG;rbs_motif=AGGAG;rbs_spacer=5-10bp;gc,26.0
VGMX01000001.1_29,G,K,G,G,G,K,S,D,K,D,C,D,C,ID=1_29;partial=00;start_type=ATG;rbs_motif=None;rbs_spacer=None;gc_cont=0.560,ID=1_29;partial=00;start_type=ATG;rbs_motif=None;rbs_spacer=None;gc,26.0
JAFGQN010000244.1_65,G,K,G,G,G,K,S,D,K,D,C,D,C,ID=82_65;partial=00;start_type=ATG;rbs_motif=GGAGG;rbs_spacer=5-10bp;gc_cont=0.458,ID=82_65;partial=00;start_type=ATG;rbs_motif=GGAGG;rbs_spacer=5-10bp;gc,26.0
JABXKJ010000048.1_11,G,R,G,G,G,K,S,D,K,D,C,D,C,ID=162_11;partial=00;start_type=ATG;rbs_motif=GGAG/GAGG;rbs_spacer=5-10bp;gc_cont=0.466,ID=162_11;partial=00;start_type=ATG;rbs_motif=GGAG/GAGG;rbs_spacer=5-10bp;gc,25.0
JAFRNE010000010.1_59,G,K,G,G,G,K,S,D,K,D,C,D,C,ID=1_59;partial=00;start_type=ATG;rbs_motif=GGAG/GAGG;rbs_spacer=5-10bp;gc_cont=0.465,ID=1_59;partial=00;start_type=ATG;rbs_motif=GGAG/GAGG;rbs_spacer=5-10bp;gc,26.0
JAFVEY010000027.1_7,G,K,G,G,G,K,S,D,K,D,C,D,C,ID=48_7;partial=00;start_type=ATG;rbs_motif=GGAG/GAGG;rbs_spacer=5-10bp;gc_cont=0.499,ID=48_7;partial=00;start_type=ATG;rbs_motif=GGAG/GAGG;rbs_spacer=5-10bp;gc,26.0
JAFXZT010000137.1_88,G,K,G,G,G,K,S,D,K,D,C,D,C,ID=40_88;partial=00;start_type=ATG;rbs_motif=TAAA;rbs_spacer=14bp;gc_cont=0.509,ID=40_88;partial=00;start_type=ATG;rbs_motif=TAAA;rbs_spacer=14bp;gc,26.0
JAGBNK010000006.1_9,G,K,G,G,G,K,S,D,K,D,C,D,C,ID=31_9;partial=00;start_type=ATG;rbs_motif=4Base/6BMM;rbs_spacer=13-15bp;gc_cont=0.412,ID=31_9;partial=00;start_type=ATG;rbs_motif=4Base/6BMM;rbs_spacer=13-15bp;gc,26.0
JADGRK010000094.1_3,G,K,G,G,G,K,S,D,K,D,C,D,C,ID=369_3;partial=00;start_type=ATG;rbs_motif=GGAG/GAGG;rbs_spacer=5-10bp;gc_cont=0.568,ID=369_3;partial=00;start_type=ATG;rbs_motif=GGAG/GAGG;rbs_spacer=5-10bp;gc,26.0
JAGTRJ010000011.1_61,G,K,G,G,G,K,S,D,K,D,C,D,C,ID=34_61;partial=00;start_type=ATG;rbs_motif=AGGAG;rbs_spacer=5-10bp;gc_cont=0.590,ID=34_61;partial=00;start_type=ATG;rbs_motif=AGGAG;rbs_spacer=5-10bp;gc,26.0
JAHIRD010000037.1_3,G,K,G,G,G,K,S,D,K,D,C,D,C,ID=214_3;partial=00;start_type=ATG;rbs_motif=AGGAG;rbs_spacer=5-10bp;gc_cont=0.488,ID=214_3;partial=00;start_type=ATG;rbs_motif=AGGAG;rbs_spacer=5-10bp;gc,26.0
JAIFKJ010000302.1_15,G,K,G,G,G,K,S,D,K,D,C,D,C,ID=101_15;partial=01;start_type=ATG;rbs_motif=GGAG/GAGG;rbs_spacer=5-10bp;gc_cont=0.652,ID=101_15;partial=01;start_type=ATG;rbs_motif=GGAG/GAGG;rbs_spacer=5-10bp;gc,26.0
JAGVGT010000080.1_32,G,K,G,G,G,K,S,D,K,D,C,D,C,ID=90_32;partial=00;start_type=ATG;rbs_motif=GGAGG;rbs_spacer=5-10bp;gc_cont=0.584,ID=90_32;partial=00;start_type=ATG;rbs_motif=GGAGG;rbs_spacer=5-10bp;gc,26.0
JAGRHK010000365.1_2,G,K,G,G,G,K,S,D,K,D,C,D,C,ID=294_2;partial=00;start_type=ATG;rbs_motif=GGAG/GAGG;rbs_spacer=5-10bp;gc_cont=0.548,ID=294_2;partial=00;start_type=ATG;rbs_motif=GGAG/GAGG;rbs_spacer=5-10bp;gc,26.0
DYJE01000004.1_158,G,K,G,G,G,K,S,D,K,D,C,D,C,ID=58_158;partial=00;start_type=ATG;rbs_motif=AGGA;rbs_spacer=5-10bp;gc_cont=0.577,ID=58_158;partial=00;start_type=ATG;rbs_motif=AGGA;rbs_spacer=5-10bp;gc,26.0
JAJQEJ010000043.1_10,G,K,G,G,G,K,S,D,K,D,C,D,C,ID=9_10;partial=00;start_type=ATG;rbs_motif=GGA/GAG/AGG;rbs_spacer=11-12bp;gc_cont=0.602,ID=9_10;partial=00;start_type=ATG;rbs_motif=GGA/GAG/AGG;rbs_spacer=11-12bp;gc,26.0
JAIPJC010000009.1_11,G,K,G,G,G,K,S,D,K,D,C,D,C,ID=3_11;partial=00;start_type=ATG;rbs_motif=AGGAG;rbs_spacer=5-10bp;gc_cont=0.621,ID=3_11;partial=00;start_type=ATG;rbs_motif=AGGAG;rbs_spacer=5-10bp;gc,26.0
JAJXYV010000180.1_4,G,K,G,G,G,K,S,D,K,D,C,D,C,ID=255_4;partial=00;start_type=ATG;rbs_motif=AGGAG;rbs_spacer=5-10bp;gc_cont=0.630,ID=255_4;partial=00;start_type=ATG;rbs_motif=AGGAG;rbs_spacer=5-10bp;gc,26.0
JAJYHA010000227.1_1,G,K,G,G,G,K,S,D,K,D,C,D,C,ID=178_1;partial=00;start_type=ATG;rbs_motif=GGAG/GAGG;rbs_spacer=5-10bp;gc_cont=0.677,ID=178_1;partial=00;start_type=ATG;rbs_motif=GGAG/GAGG;rbs_spacer=5-10bp;gc,26.0
JAJYPO010000156.1_3,G,K,G,G,G,K,S,D,K,D,C,D,C,ID=71_3;partial=00;start_type=ATG;rbs_motif=AGGAG;rbs_spacer=5-10bp;gc_cont=0.604,ID=71_3;partial=00;start_type=ATG;rbs_motif=AGGAG;rbs_spacer=5-10bp;gc,26.0
JAJZHP010000094.1_4,G,K,G,G,G,K,S,D,K,D,C,D,C,ID=160_4;partial=00;start_type=ATG;rbs_motif=AGGAG;rbs_spacer=5-10bp;gc_cont=0.495,ID=160_4;partial=00;start_type=ATG;rbs_motif=AGGAG;rbs_spacer=5-10bp;gc,26.0
JAKAYF010000064.1_5,G,K,G,G,G,K,S,D,K,D,C,D,C,ID=61_5;partial=00;start_type=ATG;rbs_motif=AGGAGG;rbs_spacer=5-10bp;gc_cont=0.549,ID=61_5;partial=00;start_type=ATG;rbs_motif=AGGAGG;rbs_spacer=5-10bp;gc,26.0
JAKAYA010000023.1_31,G,K,G,G,G,K,S,D,K,D,C,D,C,ID=43_31;partial=00;start_type=ATG;rbs_motif=GGAGG;rbs_spacer=5-10bp;gc_cont=0.594,ID=43_31;partial=00;start_type=ATG;rbs_motif=GGAGG;rbs_spacer=5-10bp;gc,26.0
JAJZUQ010000049.1_8,G,K,G,G,G,K,S,D,K,D,C,D,C,ID=61_8;partial=00;start_type=ATG;rbs_motif=AGGAG;rbs_spacer=5-10bp;gc_cont=0.580,ID=61_8;partial=00;start_type=ATG;rbs_motif=AGGAG;rbs_spacer=5-10bp;gc,26.0
JAKVOI010000001.1_2958,G,K,G,G,G,K,S,D,K,D,C,D,C,ID=1_2958;partial=00;start_type=ATG;rbs_motif=GGAG/GAGG;rbs_spacer=5-10bp;gc_cont=0.393,ID=1_2958;partial=00;start_type=ATG;rbs_motif=GGAG/GAGG;rbs_spacer=5-10bp;gc,26.0
JALEJO010000014.1_3,G,K,G,G,G,K,S,D,K,D,C,D,C,ID=40_3;partial=00;start_type=ATG;rbs_motif=AGGA;rbs_spacer=5-10bp;gc_cont=0.389,ID=40_3;partial=00;start_type=ATG;rbs_motif=AGGA;rbs_spacer=5-10bp;gc,26.0
JALNYM010000001.1_437,G,K,G,G,G,K,S,D,K,D,C,D,C,ID=4_437;partial=00;start_type=ATG;rbs_motif=AGGAG;rbs_spacer=5-10bp;gc_cont=0.566,ID=4_437;partial=00;start_type=ATG;rbs_motif=AGGAG;rbs_spacer=5-10bp;gc,26.0
JAEWDM010000004.1_61,G,K,G,G,G,K,S,D,K,D,C,D,C,ID=6_61;partial=00;start_type=ATG;rbs_motif=GGAGG;rbs_spacer=5-10bp;gc_cont=0.451,ID=6_61;partial=00;start_type=ATG;rbs_motif=GGAGG;rbs_spacer=5-10bp;gc,26.0
JAEXAZ010000120.1_9,G,K,G,G,G,K,S,D,K,D,C,D,C,ID=320_9;partial=00;start_type=ATG;rbs_motif=GGAGG;rbs_spacer=5-10bp;gc_cont=0.564,ID=320_9;partial=00;start_type=ATG;rbs_motif=GGAGG;rbs_spacer=5-10bp;gc,26.0
JAEXFI010000024.1_207,G,K,G,G,G,K,S,D,K,D,C,D,C,ID=11_207;partial=00;start_type=ATG;rbs_motif=GGAGG;rbs_spacer=5-10bp;gc_cont=0.439,ID=11_207;partial=00;start_type=ATG;rbs_motif=GGAGG;rbs_spacer=5-10bp;gc,26.0
JAEYPA010000146.1_5,G,K,G,G,G,K,S,D,K,D,C,D,C,ID=107_5;partial=00;start_type=ATG;rbs_motif=AGGA;rbs_spacer=5-10bp;gc_cont=0.417,ID=107_5;partial=00;start_type=ATG;rbs_motif=AGGA;rbs_spacer=5-10bp;gc,26.0
JAEZKL010000017.1_39,G,K,G,G,G,K,S,D,K,D,C,D,C,ID=177_39;partial=00;start_type=ATG;rbs_motif=AGGAGG;rbs_spacer=5-10bp;gc_cont=0.481,ID=177_39;partial=00;start_type=ATG;rbs_motif=AGGAGG;rbs_spacer=5-10bp;gc,26.0
JAEZUI010000273.1_4,G,K,G,G,G,K,S,D,K,D,C,D,C,ID=146_4;partial=00;start_type=ATG;rbs_motif=GGAGG;rbs_spacer=5-10bp;gc_cont=0.417,ID=146_4;partial=00;start_type=ATG;rbs_motif=GGAGG;rbs_spacer=5-10bp;gc,26.0
JAEZCT010000019.1_45,G,K,G,G,G,K,S,D,K,D,C,D,C,ID=73_45;partial=00;start_type=ATG;rbs_motif=GGAGG;rbs_spacer=5-10bp;gc_cont=0.569,ID=73_45;partial=00;start_type=ATG;rbs_motif=GGAGG;rbs_spacer=5-10bp;gc,26.0
JAEZHI010000007.1_30,G,K,G,G,G,K,S,D,K,D,C,D,C,ID=4_30;partial=00;start_type=ATG;rbs_motif=AGGA;rbs_spacer=5-10bp;gc_cont=0.623,ID=4_30;partial=00;start_type=ATG;rbs_motif=AGGA;rbs_spacer=5-10bp;gc,26.0
JAEZVA010000101.1_5,G,K,G,G,G,K,S,D,K,D,C,D,C,ID=76_5;partial=00;start_type=ATG;rbs_motif=GGAGG;rbs_spacer=5-10bp;gc_cont=0.543,ID=76_5;partial=00;start_type=ATG;rbs_motif=GGAGG;rbs_spacer=5-10bp;gc,26.0
JAEWOH010000040.1_68,G,K,G,G,G,K,S,D,K,D,C,D,C,ID=40_68;partial=00;start_type=ATG;rbs_motif=GGAGG;rbs_spacer=5-10bp;gc_cont=0.440,ID=40_68;partial=00;start_type=ATG;rbs_motif=GGAGG;rbs_spacer=5-10bp;gc,26.0
JACKMT010000004.1_393,G,K,G,G,G,K,S,D,K,D,C,D,C,ID=4_393;partial=00;start_type=ATG;rbs_motif=AGGAG;rbs_spacer=5-10bp;gc_cont=0.587,ID=4_393;partial=00;start_type=ATG;rbs_motif=AGGAG;rbs_spacer=5-10bp;gc,26.0
JAGXGJ010000082.1_17,G,K,G,G,G,K,S,D,K,D,C,D,C,ID=132_17;partial=00;start_type=ATG;rbs_motif=AGGAG;rbs_spacer=5-10bp;gc_cont=0.468,ID=132_17;partial=00;start_type=ATG;rbs_motif=AGGAG;rbs_spacer=5-10bp;gc,26.0
JAILMR010000036.1_48,G,K,G,G,G,K,S,D,K,D,C,D,C,ID=46_48;partial=00;start_type=ATG;rbs_motif=GGAG/GAGG;rbs_spacer=5-10bp;gc_cont=0.495,ID=46_48;partial=00;start_type=ATG;rbs_motif=GGAG/GAGG;rbs_spacer=5-10bp;gc,26.0
JANTGG010000051.1_10,G,K,G,G,G,K,S,D,K,D,C,D,C,ID=51_10;partial=00;start_type=ATG;rbs_motif=AGGAG;rbs_spacer=5-10bp;gc_cont=0.496,ID=51_10;partial=00;start_type=ATG;rbs_motif=AGGAG;rbs_spacer=5-10bp;gc,26.0
FXAI01000004.1_123,G,K,G,G,G,K,S,D,K,D,C,D,C,ID=25_123;partial=00;start_type=ATG;rbs_motif=AGGAG;rbs_spacer=5-10bp;gc_cont=0.477,ID=25_123;partial=00;start_type=ATG;rbs_motif=AGGAG;rbs_spacer=5-10bp;gc,26.0
ONMZ01000011.1_33,G,K,G,G,G,K,S,D,K,D,C,D,C,ID=21_33;partial=00;start_type=ATG;rbs_motif=GGAGG;rbs_spacer=5-10bp;gc_cont=0.488,ID=21_33;partial=00;start_type=ATG;rbs_motif=GGAGG;rbs_spacer=5-10bp;gc,26.0
CABMDX010000290.1_5,G,K,G,G,G,K,S,D,K,D,C,D,C,ID=290_5;partial=00;start_type=ATG;rbs_motif=AGGA;rbs_spacer=5-10bp;gc_cont=0.551,ID=290_5;partial=00;start_type=ATG;rbs_motif=AGGA;rbs_spacer=5-10bp;gc,26.0
CACXGK010000060.1_2,G,K,G,G,G,K,S,D,K,D,C,D,C,ID=60_2;partial=00;start_type=ATG;rbs_motif=AGGAG;rbs_spacer=5-10bp;gc_cont=0.556,ID=60_2;partial=00;start_type=ATG;rbs_motif=AGGAG;rbs_spacer=5-10bp;gc,26.0
CACZIV010000056.1_9,G,K,G,G,G,K,S,D,K,D,C,D,C,ID=56_9;partial=00;start_type=ATG;rbs_motif=GGAG/GAGG;rbs_spacer=5-10bp;gc_cont=0.549,ID=56_9;partial=00;start_type=ATG;rbs_motif=GGAG/GAGG;rbs_spacer=5-10bp;gc,26.0
CADANF010000012.1_89,G,K,G,G,G,K,S,D,K,D,C,D,C,ID=12_89;partial=00;start_type=ATG;rbs_motif=AGGA;rbs_spacer=5-10bp;gc_cont=0.405,ID=12_89;partial=00;start_type=ATG;rbs_motif=AGGA;rbs_spacer=5-10bp;gc,26.0
CADCJM010000016.1_27,G,K,G,G,G,K,S,D,K,D,C,D,C,ID=16_27;partial=00;start_type=ATG;rbs_motif=GGA/GAG/AGG;rbs_spacer=5-10bp;gc_cont=0.483,ID=16_27;partial=00;start_type=ATG;rbs_motif=GGA/GAG/AGG;rbs_spacer=5-10bp;gc,26.0
CAIJWE010000055.1_11,G,K,G,G,G,K,S,D,K,D,C,D,C,ID=55_11;partial=00;start_type=ATG;rbs_motif=None;rbs_spacer=None;gc_cont=0.504,ID=55_11;partial=00;start_type=ATG;rbs_motif=None;rbs_spacer=None;gc,26.0
CAINGU010000048.1_69,G,K,G,G,G,K,S,D,K,D,C,D,C,ID=48_69;partial=00;start_type=ATG;rbs_motif=AGGA;rbs_spacer=5-10bp;gc_cont=0.454,ID=48_69;partial=00;start_type=ATG;rbs_motif=AGGA;rbs_spacer=5-10bp;gc,26.0
CAIQGA010000081.1_2,G,K,G,G,G,K,S,D,K,D,C,D,C,ID=81_2;partial=00;start_type=ATG;rbs_motif=None;rbs_spacer=None;gc_cont=0.504,ID=81_2;partial=00;start_type=ATG;rbs_motif=None;rbs_spacer=None;gc,26.0
CAISPV010000119.1_25,G,K,G,G,G,K,S,D,K,D,C,D,C,ID=119_25;partial=00;start_type=ATG;rbs_motif=AGGAG;rbs_spacer=5-10bp;gc_cont=0.559,ID=119_25;partial=00;start_type=ATG;rbs_motif=AGGAG;rbs_spacer=5-10bp;gc,26.0
CAIVAU010000259.1_28,G,R,G,G,G,K,S,D,K,D,C,D,C,ID=259_28;partial=00;start_type=ATG;rbs_motif=None;rbs_spacer=None;gc_cont=0.461,ID=259_28;partial=00;start_type=ATG;rbs_motif=None;rbs_spacer=None;gc,25.0
CAIYOB010000766.1_12,G,K,G,G,G,K,S,D,K,D,C,D,C,ID=766_12;partial=00;start_type=ATG;rbs_motif=AGGAG;rbs_spacer=5-10bp;gc_cont=0.625,ID=766_12;partial=00;start_type=ATG;rbs_motif=AGGAG;rbs_spacer=5-10bp;gc,26.0
CAJAQT010000063.1_1,G,K,G,G,G,K,S,D,K,D,C,D,C,ID=63_1;partial=00;start_type=ATG;rbs_motif=AGGAG;rbs_spacer=5-10bp;gc_cont=0.433,ID=63_1;partial=00;start_type=ATG;rbs_motif=AGGAG;rbs_spacer=5-10bp;gc,26.0
CAJXZG010000068.1_15,G,K,G,G,G,K,S,D,K,D,C,D,C,ID=68_15;partial=00;start_type=ATG;rbs_motif=AAAAA;rbs_spacer=8bp;gc_cont=0.424,ID=68_15;partial=00;start_type=ATG;rbs_motif=AAAAA;rbs_spacer=8bp;gc,26.0
NC_003552.1_4100,G,K,G,G,G,K,S,D,K,D,C,D,C,ID=1_4100;partial=00;start_type=ATG;rbs_motif=AGGAG;rbs_spacer=5-10bp;gc_cont=0.488,ID=1_4100;partial=00;start_type=ATG;rbs_motif=AGGAG;rbs_spacer=5-10bp;gc,26.0
NC_008781.1_2354,G,K,G,G,G,K,S,D,K,D,C,D,C,ID=1_2354;partial=00;start_type=ATG;rbs_motif=GGAG/GAGG;rbs_spacer=5-10bp;gc_cont=0.593,ID=1_2354;partial=00;start_type=ATG;rbs_motif=GGAG/GAGG;rbs_spacer=5-10bp;gc,26.0
NC_011146.1_2064,G,K,G,G,G,K,S,D,K,D,C,D,C,ID=1_2064;partial=00;start_type=ATG;rbs_motif=AGGAG;rbs_spacer=5-10bp;gc_cont=0.617,ID=1_2064;partial=00;start_type=ATG;rbs_motif=AGGAG;rbs_spacer=5-10bp;gc,26.0
NC_014216.1_2470,G,K,G,G,G,K,S,D,K,D,C,D,C,ID=1_2470;partial=00;start_type=ATG;rbs_motif=AGGAGG;rbs_spacer=5-10bp;gc_cont=0.595,ID=1_2470;partial=00;start_type=ATG;rbs_motif=AGGAGG;rbs_spacer=5-10bp;gc,26.0
NC_017262.1_1334,G,K,G,G,G,K,S,D,K,D,C,D,C,ID=1_1334;partial=00;start_type=ATG;rbs_motif=AGGA;rbs_spacer=5-10bp;gc_cont=0.499,ID=1_1334;partial=00;start_type=ATG;rbs_motif=AGGA;rbs_spacer=5-10bp;gc,26.0
NC_015388.1_352,G,K,G,G,G,K,S,D,K,D,C,D,C,ID=1_352;partial=00;start_type=ATG;rbs_motif=AGGAG;rbs_spacer=5-10bp;gc_cont=0.537,ID=1_352;partial=00;start_type=ATG;rbs_motif=AGGAG;rbs_spacer=5-10bp;gc,26.0
NZ_CAFJ01000161.1_38,G,K,G,G,G,K,S,D,K,D,C,D,C,ID=643_38;partial=01;start_type=ATG;rbs_motif=GGAG/GAGG;rbs_spacer=5-10bp;gc_cont=0.637,ID=643_38;partial=01;start_type=ATG;rbs_motif=GGAG/GAGG;rbs_spacer=5-10bp;gc,26.0
NZ_CM001555.1_533,G,K,G,G,G,K,S,D,K,D,C,D,C,ID=1_533;partial=00;start_type=ATG;rbs_motif=GGAG/GAGG;rbs_spacer=5-10bp;gc_cont=0.595,ID=1_533;partial=00;start_type=ATG;rbs_motif=GGAG/GAGG;rbs_spacer=5-10bp;gc,26.0
NC_019684.1_1223,G,K,G,G,G,K,S,D,K,D,C,D,C,ID=1_1223;partial=00;start_type=ATG;rbs_motif=AGGA;rbs_spacer=5-10bp;gc_cont=0.489,ID=1_1223;partial=00;start_type=ATG;rbs_motif=AGGA;rbs_spacer=5-10bp;gc,26.0
NZ_CAAF010000045.1_52,G,K,G,G,G,K,S,D,K,D,C,D,C,ID=45_52;partial=00;start_type=ATG;rbs_motif=AGGA;rbs_spacer=5-10bp;gc_cont=0.601,ID=45_52;partial=00;start_type=ATG;rbs_motif=AGGA;rbs_spacer=5-10bp;gc,26.0
NZ_KB913025.1_1520,G,K,G,G,G,K,S,D,K,D,C,D,C,ID=1_1520;partial=00;start_type=ATG;rbs_motif=AGGAG;rbs_spacer=5-10bp;gc_cont=0.497,ID=1_1520;partial=00;start_type=ATG;rbs_motif=AGGAG;rbs_spacer=5-10bp;gc,26.0
NZ_KE384114.1_214,G,K,G,G,G,K,S,D,K,D,C,D,C,ID=2_214;partial=00;start_type=ATG;rbs_motif=AGGAG;rbs_spacer=5-10bp;gc_cont=0.448,ID=2_214;partial=00;start_type=ATG;rbs_motif=AGGAG;rbs_spacer=5-10bp;gc,26.0
NZ_ATYO01000023.1_63,G,K,G,G,G,K,S,D,K,D,C,D,C,ID=14_63;partial=00;start_type=ATG;rbs_motif=GGA/GAG/AGG;rbs_spacer=5-10bp;gc_cont=0.597,ID=14_63;partial=00;start_type=ATG;rbs_motif=GGA/GAG/AGG;rbs_spacer=5-10bp;gc,26.0
NZ_AXAI01000025.1_48,G,K,G,G,G,K,S,D,K,D,C,D,C,ID=25_48;partial=00;start_type=GTG;rbs_motif=GGAG/GAGG;rbs_spacer=5-10bp;gc_cont=0.602,ID=25_48;partial=00;start_type=GTG;rbs_motif=GGAG/GAGG;rbs_spacer=5-10bp;gc,26.0
NZ_KI911557.1_3659,G,K,G,G,G,K,S,D,K,D,C,D,C,ID=1_3659;partial=00;start_type=ATG;rbs_motif=AGGAG;rbs_spacer=5-10bp;gc_cont=0.485,ID=1_3659;partial=00;start_type=ATG;rbs_motif=AGGAG;rbs_spacer=5-10bp;gc,26.0
NZ_CBYL010000024.1_21,G,K,G,G,G,K,S,D,K,D,C,D,C,ID=24_21;partial=00;start_type=ATG;rbs_motif=AGGAG;rbs_spacer=5-10bp;gc_cont=0.558,ID=24_21;partial=00;start_type=ATG;rbs_motif=AGGAG;rbs_spacer=5-10bp;gc,26.0
NZ_JIAC01000001.1_1166,G,K,G,G,G,K,S,D,K,D,C,D,C,ID=1_1166;partial=00;start_type=ATG;rbs_motif=GGAG/GAGG;rbs_spacer=5-10bp;gc_cont=0.555,ID=1_1166;partial=00;start_type=ATG;rbs_motif=GGAG/GAGG;rbs_spacer=5-10bp;gc,26.0
NZ_JQKJ01000010.1_12,G,K,G,G,G,K,S,D,K,D,C,D,C,ID=9_12;partial=00;start_type=ATG;rbs_motif=AGGAG/GGAGG;rbs_spacer=11-12bp;gc_cont=0.527,ID=9_12;partial=00;start_type=ATG;rbs_motif=AGGAG/GGAGG;rbs_spacer=11-12bp;gc,26.0
NZ_JXSL01000020.1_429,G,K,G,G,G,K,S,D,K,D,C,D,C,ID=22_429;partial=00;start_type=ATG;rbs_motif=AGGA;rbs_spacer=5-10bp;gc_cont=0.630,ID=22_429;partial=00;start_type=ATG;rbs_motif=AGGA;rbs_spacer=5-10bp;gc,26.0
NZ_CP009517.1_2906,G,K,G,G,G,K,S,D,K,D,C,D,C,ID=1_2906;partial=00;start_type=ATG;rbs_motif=AGGAG;rbs_spacer=5-10bp;gc_cont=0.451,ID=1_2906;partial=00;start_type=ATG;rbs_motif=AGGAG;rbs_spacer=5-10bp;gc,26.0
NZ_BCAG01000005.1_116,G,K,G,G,G,K,S,D,K,D,C,D,C,ID=5_116;partial=00;start_type=ATG;rbs_motif=AGGAG;rbs_spacer=5-10bp;gc_cont=0.584,ID=5_116;partial=00;start_type=ATG;rbs_motif=AGGAG;rbs_spacer=5-10bp;gc,26.0
NZ_LPWA01000161.1_14,G,K,G,G,G,K,S,D,K,D,C,D,C,ID=161_14;partial=00;start_type=ATG;rbs_motif=AGGA;rbs_spacer=5-10bp;gc_cont=0.601,ID=161_14;partial=00;start_type=ATG;rbs_motif=AGGA;rbs_spacer=5-10bp;gc,26.0
NZ_CP015285.1_571,G,K,G,G,G,K,S,D,K,D,C,D,C,ID=1_571;partial=00;start_type=ATG;rbs_motif=AGGAG;rbs_spacer=5-10bp;gc_cont=0.641,ID=1_571;partial=00;start_type=ATG;rbs_motif=AGGAG;rbs_spacer=5-10bp;gc,26.0
NZ_CP014595.1_37,G,K,G,G,G,K,S,D,K,D,C,D,C,ID=1_37;partial=00;start_type=ATG;rbs_motif=AGGA;rbs_spacer=5-10bp;gc_cont=0.620,ID=1_37;partial=00;start_type=ATG;rbs_motif=AGGA;rbs_spacer=5-10bp;gc,26.0
NZ_CP017269.1_3670,G,K,G,G,G,K,S,D,K,D,C,D,C,ID=1_3670;partial=00;start_type=ATG;rbs_motif=AGGA;rbs_spacer=5-10bp;gc_cont=0.400,ID=1_3670;partial=00;start_type=ATG;rbs_motif=AGGA;rbs_spacer=5-10bp;gc,26.0
NZ_MSYM01000011.1_93,G,K,G,G,G,K,S,D,K,D,C,D,C,ID=2_93;partial=00;start_type=ATG;rbs_motif=GGAG/GAGG;rbs_spacer=5-10bp;gc_cont=0.573,ID=2_93;partial=00;start_type=ATG;rbs_motif=GGAG/GAGG;rbs_spacer=5-10bp;gc,26.0
NZ_MUHU01000002.1_117,G,K,G,G,G,K,S,D,K,D,C,D,C,ID=12_117;partial=00;start_type=ATG;rbs_motif=GGAG/GAGG;rbs_spacer=5-10bp;gc_cont=0.601,ID=12_117;partial=00;start_type=ATG;rbs_motif=GGAG/GAGG;rbs_spacer=5-10bp;gc,26.0
NZ_NPKH01000001.1_249,G,K,G,G,G,K,S,D,K,D,C,D,C,ID=26_249;partial=00;start_type=ATG;rbs_motif=AGGA;rbs_spacer=5-10bp;gc_cont=0.602,ID=26_249;partial=00;start_type=ATG;rbs_motif=AGGA;rbs_spacer=5-10bp;gc,26.0
NZ_CP023548.1_730,G,K,G,G,G,K,S,D,K,D,C,D,C,ID=1_730;partial=00;start_type=ATG;rbs_motif=AGGA;rbs_spacer=5-10bp;gc_cont=0.640,ID=1_730;partial=00;start_type=ATG;rbs_motif=AGGA;rbs_spacer=5-10bp;gc,26.0
NZ_PJNW01000023.1_45,G,K,G,G,G,K,S,D,K,D,C,D,C,ID=16_45;partial=00;start_type=ATG;rbs_motif=AGGA;rbs_spacer=5-10bp;gc_cont=0.631,ID=16_45;partial=00;start_type=ATG;rbs_motif=AGGA;rbs_spacer=5-10bp;gc,26.0
NZ_CP025015.1_220,G,K,G,G,G,K,S,D,K,D,C,D,C,ID=4_220;partial=00;start_type=ATG;rbs_motif=AGGA;rbs_spacer=5-10bp;gc_cont=0.549,ID=4_220;partial=00;start_type=ATG;rbs_motif=AGGA;rbs_spacer=5-10bp;gc,26.0
NZ_CP022188.1_225,G,K,G,G,G,K,S,D,K,D,C,D,C,ID=1_225;partial=00;start_type=ATG;rbs_motif=AGGAG;rbs_spacer=5-10bp;gc_cont=0.597,ID=1_225;partial=00;start_type=ATG;rbs_motif=AGGAG;rbs_spacer=5-10bp;gc,26.0
NZ_QKQS01000023.1_216,G,K,G,G,G,K,S,D,K,D,C,D,C,ID=23_216;partial=00;start_type=ATG;rbs_motif=GGAG/GAGG;rbs_spacer=5-10bp;gc_cont=0.644,ID=23_216;partial=00;start_type=ATG;rbs_motif=GGAG/GAGG;rbs_spacer=5-10bp;gc,26.0
NZ_QEII01000297.1_145,G,K,G,G,G,K,S,D,K,D,C,D,C,ID=297_145;partial=00;start_type=ATG;rbs_motif=GGAG/GAGG;rbs_spacer=5-10bp;gc_cont=0.597,ID=297_145;partial=00;start_type=ATG;rbs_motif=GGAG/GAGG;rbs_spacer=5-10bp;gc,26.0
NZ_RBXL01000001.1_519,G,K,G,G,G,K,S,D,K,D,C,D,C,ID=1_519;partial=00;start_type=ATG;rbs_motif=AGGAG;rbs_spacer=5-10bp;gc_cont=0.609,ID=1_519;partial=00;start_type=ATG;rbs_motif=AGGAG;rbs_spacer=5-10bp;gc,26.0
NZ_CP034450.1_4459,G,K,G,G,G,K,S,D,K,D,C,D,C,ID=1_4459;partial=00;start_type=ATG;rbs_motif=AGGA;rbs_spacer=5-10bp;gc_cont=0.601,ID=1_4459;partial=00;start_type=ATG;rbs_motif=AGGA;rbs_spacer=5-10bp;gc,26.0
NZ_SAUF01000001.1_1487,G,K,G,G,G,K,S,D,K,D,C,D,C,ID=4_1487;partial=00;start_type=ATG;rbs_motif=GGAG/GAGG;rbs_spacer=5-10bp;gc_cont=0.608,ID=4_1487;partial=00;start_type=ATG;rbs_motif=GGAG/GAGG;rbs_spacer=5-10bp;gc,26.0
NZ_CP036313.1_3063,G,K,G,G,G,K,S,D,K,D,C,D,C,ID=1_3063;partial=00;start_type=ATG;rbs_motif=AGGAG;rbs_spacer=5-10bp;gc_cont=0.520,ID=1_3063;partial=00;start_type=ATG;rbs_motif=AGGAG;rbs_spacer=5-10bp;gc,26.0
NZ_SLXL01000005.1_129,G,K,G,G,G,K,S,D,K,D,C,D,C,ID=5_129;partial=00;start_type=ATG;rbs_motif=AGGA;rbs_spacer=5-10bp;gc_cont=0.618,ID=5_129;partial=00;start_type=ATG;rbs_motif=AGGA;rbs_spacer=5-10bp;gc,26.0
NZ_CP046052.1_70,G,K,G,G,G,K,S,D,K,D,C,D,C,ID=1_70;partial=00;start_type=ATG;rbs_motif=AGGAG;rbs_spacer=5-10bp;gc_cont=0.584,ID=1_70;partial=00;start_type=ATG;rbs_motif=AGGAG;rbs_spacer=5-10bp;gc,26.0
NZ_VDMB01000009.1_15,G,K,G,G,G,K,S,D,K,D,C,D,C,ID=41_15;partial=00;start_type=ATG;rbs_motif=AGGAG;rbs_spacer=5-10bp;gc_cont=0.553,ID=41_15;partial=00;start_type=ATG;rbs_motif=AGGAG;rbs_spacer=5-10bp;gc,26.0
NZ_CP036319.1_2418,G,K,G,G,G,K,S,D,K,D,C,D,C,ID=1_2418;partial=00;start_type=ATG;rbs_motif=GGAG/GAGG;rbs_spacer=5-10bp;gc_cont=0.568,ID=1_2418;partial=00;start_type=ATG;rbs_motif=GGAG/GAGG;rbs_spacer=5-10bp;gc,26.0
NZ_VSSS01000037.1_92,G,K,G,G,G,K,S,D,K,D,C,D,C,ID=73_92;partial=00;start_type=ATG;rbs_motif=GGAG/GAGG;rbs_spacer=5-10bp;gc_cont=0.595,ID=73_92;partial=00;start_type=ATG;rbs_motif=GGAG/GAGG;rbs_spacer=5-10bp;gc,26.0
NZ_WHNP01000186.1_3,G,K,G,G,G,K,S,D,K,D,C,D,C,ID=97_3;partial=00;start_type=ATG;rbs_motif=GGAG/GAGG;rbs_spacer=5-10bp;gc_cont=0.612,ID=97_3;partial=00;start_type=ATG;rbs_motif=GGAG/GAGG;rbs_spacer=5-10bp;gc,26.0
NZ_VIDQ01000160.1_3,G,K,G,G,G,K,S,D,K,D,C,D,C,ID=69_3;partial=01;start_type=Edge;rbs_motif=None;rbs_spacer=None;gc_cont=0.658,ID=69_3;partial=01;start_type=Edge;rbs_motif=None;rbs_spacer=None;gc,26.0
NZ_WNJL01000030.1_129,G,K,G,G,G,K,S,D,K,D,C,D,C,ID=24_129;partial=00;start_type=ATG;rbs_motif=AGGAG;rbs_spacer=5-10bp;gc_cont=0.575,ID=24_129;partial=00;start_type=ATG;rbs_motif=AGGAG;rbs_spacer=5-10bp;gc,26.0
NZ_JAASRM010000001.1_2484,G,K,G,G,G,K,S,D,K,D,C,D,C,ID=1_2484;partial=00;start_type=ATG;rbs_motif=AGGAG;rbs_spacer=5-10bp;gc_cont=0.598,ID=1_2484;partial=00;start_type=ATG;rbs_motif=AGGAG;rbs_spacer=5-10bp;gc,26.0
NZ_JAAVLW010000001.1_99,G,K,G,G,G,K,S,D,K,D,C,D,C,ID=1_99;partial=00;start_type=ATG;rbs_motif=GGAG/GAGG;rbs_spacer=5-10bp;gc_cont=0.605,ID=1_99;partial=00;start_type=ATG;rbs_motif=GGAG/GAGG;rbs_spacer=5-10bp;gc,26.0
NZ_VYGV01000025.1_232,G,K,G,G,G,K,S,D,K,D,C,D,C,ID=27_232;partial=00;start_type=ATG;rbs_motif=GGAG/GAGG;rbs_spacer=5-10bp;gc_cont=0.628,ID=27_232;partial=00;start_type=ATG;rbs_motif=GGAG/GAGG;rbs_spacer=5-10bp;gc,26.0
NZ_JACIGK010000009.1_94,G,K,G,G,G,K,S,D,K,D,C,D,C,ID=9_94;partial=00;start_type=ATG;rbs_motif=AGGAG;rbs_spacer=5-10bp;gc_cont=0.634,ID=9_94;partial=00;start_type=ATG;rbs_motif=AGGAG;rbs_spacer=5-10bp;gc,26.0
NZ_JAANIH010000004.1_49,G,K,G,G,G,K,S,D,K,D,C,D,C,ID=426_49;partial=00;start_type=ATG;rbs_motif=GGAG/GAGG;rbs_spacer=5-10bp;gc_cont=0.623,ID=426_49;partial=00;start_type=ATG;rbs_motif=GGAG/GAGG;rbs_spacer=5-10bp;gc,26.0
NZ_AP022873.1_255,G,K,G,G,G,K,S,D,K,D,C,D,C,ID=1_255;partial=00;start_type=ATG;rbs_motif=AGGAGG;rbs_spacer=5-10bp;gc_cont=0.470,ID=1_255;partial=00;start_type=ATG;rbs_motif=AGGAGG;rbs_spacer=5-10bp;gc,26.0
NZ_JADNRA010000034.1_172,G,K,G,G,G,K,S,D,K,D,C,D,C,ID=34_172;partial=00;start_type=ATG;rbs_motif=AGGAG;rbs_spacer=5-10bp;gc_cont=0.602,ID=34_172;partial=00;start_type=ATG;rbs_motif=AGGAG;rbs_spacer=5-10bp;gc,26.0
NZ_NRSH01000046.1_9,G,K,G,G,G,K,S,D,K,D,C,D,C,ID=46_9;partial=00;start_type=ATG;rbs_motif=GGAGG;rbs_spacer=5-10bp;gc_cont=0.663,ID=46_9;partial=00;start_type=ATG;rbs_motif=GGAGG;rbs_spacer=5-10bp;gc,26.0
NZ_CP053482.1_2671,G,K,G,G,G,K,S,D,K,D,C,D,C,ID=1_2671;partial=00;start_type=ATG;rbs_motif=AGGAG;rbs_spacer=5-10bp;gc_cont=0.521,ID=1_2671;partial=00;start_type=ATG;rbs_motif=AGGAG;rbs_spacer=5-10bp;gc,26.0
NZ_CP071635.1_88,G,K,G,G,G,K,S,D,K,D,C,D,C,ID=4_88;partial=00;start_type=ATG;rbs_motif=AGGA;rbs_spacer=5-10bp;gc_cont=0.547,ID=4_88;partial=00;start_type=ATG;rbs_motif=AGGA;rbs_spacer=5-10bp;gc,26.0
NZ_CP072793.1_1972,G,K,G,G,G,K,S,D,K,D,C,D,C,ID=1_1972;partial=00;start_type=ATG;rbs_motif=AGGAG;rbs_spacer=5-10bp;gc_cont=0.514,ID=1_1972;partial=00;start_type=ATG;rbs_motif=AGGAG;rbs_spacer=5-10bp;gc,26.0
NZ_JAHCVK010000001.1_147,G,K,G,G,G,K,S,D,K,D,C,D,C,ID=11_147;partial=00;start_type=ATG;rbs_motif=AGGAG;rbs_spacer=5-10bp;gc_cont=0.591,ID=11_147;partial=00;start_type=ATG;rbs_motif=AGGAG;rbs_spacer=5-10bp;gc,26.0
NZ_CP076723.1_1821,G,K,G,G,G,K,S,D,K,D,C,D,C,ID=1_1821;partial=00;start_type=ATG;rbs_motif=AGGAG;rbs_spacer=5-10bp;gc_cont=0.606,ID=1_1821;partial=00;start_type=ATG;rbs_motif=AGGAG;rbs_spacer=5-10bp;gc,26.0
NZ_AP024238.1_689,G,K,G,G,G,K,S,D,K,D,C,D,C,ID=1_689;partial=00;start_type=ATG;rbs_motif=GGAG/GAGG;rbs_spacer=5-10bp;gc_cont=0.546,ID=1_689;partial=00;start_type=ATG;rbs_motif=GGAG/GAGG;rbs_spacer=5-10bp;gc,26.0
NZ_JAJCTD010000003.1_183,G,K,G,G,G,K,S,D,K,D,C,D,C,ID=3_183;partial=00;start_type=ATG;rbs_motif=GGA/GAG/AGG;rbs_spacer=5-10bp;gc_cont=0.644,ID=3_183;partial=00;start_type=ATG;rbs_motif=GGA/GAG/AGG;rbs_spacer=5-10bp;gc,26.0
NZ_JAJTWU010000008.1_273,G,K,G,G,G,K,S,D,K,D,C,D,C,ID=28_273;partial=00;start_type=ATG;rbs_motif=GGAG/GAGG;rbs_spacer=5-10bp;gc_cont=0.645,ID=28_273;partial=00;start_type=ATG;rbs_motif=GGAG/GAGG;rbs_spacer=5-10bp;gc,26.0
NZ_CP059724.1_1413,G,K,G,G,G,K,S,D,K,D,C,D,C,ID=1_1413;partial=00;start_type=ATG;rbs_motif=None;rbs_spacer=None;gc_cont=0.445,ID=1_1413;partial=00;start_type=ATG;rbs_motif=None;rbs_spacer=None;gc,26.0
NZ_JALJRB010000001.1_15,G,K,G,G,G,K,S,D,K,D,C,D,C,ID=1_15;partial=00;start_type=ATG;rbs_motif=AGGAG;rbs_spacer=5-10bp;gc_cont=0.608,ID=1_15;partial=00;start_type=ATG;rbs_motif=AGGAG;rbs_spacer=5-10bp;gc,26.0
NZ_JAMDLH010000002.1_793,G,K,G,G,G,K,S,D,K,D,C,D,C,ID=21_793;partial=00;start_type=ATG;rbs_motif=AGGA;rbs_spacer=5-10bp;gc_cont=0.637,ID=21_793;partial=00;start_type=ATG;rbs_motif=AGGA;rbs_spacer=5-10bp;gc,26.0
NZ_JANGAD010000005.1_113,G,K,G,G,G,K,S,D,K,D,C,D,C,ID=45_113;partial=00;start_type=ATG;rbs_motif=AGGA;rbs_spacer=5-10bp;gc_cont=0.423,ID=45_113;partial=00;start_type=ATG;rbs_motif=AGGA;rbs_spacer=5-10bp;gc,26.0
NZ_FMAE01000036.1_4,G,K,G,G,G,K,S,D,K,D,C,D,C,ID=14_4;partial=00;start_type=ATG;rbs_motif=GGAG/GAGG;rbs_spacer=5-10bp;gc_cont=0.576,ID=14_4;partial=00;start_type=ATG;rbs_motif=GGAG/GAGG;rbs_spacer=5-10bp;gc,26.0
NZ_FNJI01000011.1_36,G,K,G,G,G,K,S,D,K,D,C,D,C,ID=60_36;partial=00;start_type=ATG;rbs_motif=GGA/GAG/AGG;rbs_spacer=5-10bp;gc_cont=0.540,ID=60_36;partial=00;start_type=ATG;rbs_motif=GGA/GAG/AGG;rbs_spacer=5-10bp;gc,26.0
NZ_FOFS01000010.1_93,G,K,G,G,G,K,S,D,K,D,C,D,C,ID=13_93;partial=00;start_type=ATG;rbs_motif=GGAG/GAGG;rbs_spacer=5-10bp;gc_cont=0.640,ID=13_93;partial=00;start_type=ATG;rbs_motif=GGAG/GAGG;rbs_spacer=5-10bp;gc,26.0
NZ_FOZW01000002.1_323,G,K,G,G,G,K,S,D,K,D,C,D,C,ID=21_323;partial=00;start_type=ATG;rbs_motif=AGGA;rbs_spacer=5-10bp;gc_cont=0.642,ID=21_323;partial=00;start_type=ATG;rbs_motif=AGGA;rbs_spacer=5-10bp;gc,26.0
NZ_FRAC01000032.1_36,G,K,G,G,G,K,S,D,K,D,C,D,C,ID=55_36;partial=00;start_type=ATG;rbs_motif=AGGAGG;rbs_spacer=5-10bp;gc_cont=0.466,ID=55_36;partial=00;start_type=ATG;rbs_motif=AGGAGG;rbs_spacer=5-10bp;gc,26.0
NZ_FUXL01000009.1_109,G,K,G,G,G,K,S,D,K,D,C,D,C,ID=6_109;partial=00;start_type=ATG;rbs_motif=AGGA;rbs_spacer=5-10bp;gc_cont=0.635,ID=6_109;partial=00;start_type=ATG;rbs_motif=AGGA;rbs_spacer=5-10bp;gc,26.0
NZ_FZMP01000244.1_5,G,K,G,G,G,K,S,D,K,D,C,D,C,ID=4_5;partial=00;start_type=ATG;rbs_motif=AGGAGG;rbs_spacer=5-10bp;gc_cont=0.497,ID=4_5;partial=00;start_type=ATG;rbs_motif=AGGAGG;rbs_spacer=5-10bp;gc,26.0
NZ_CABDUX010000001.1_966,G,K,G,G,G,K,S,D,K,D,C,D,C,ID=1_966;partial=00;start_type=ATG;rbs_motif=AGGAGG;rbs_spacer=5-10bp;gc_cont=0.633,ID=1_966;partial=00;start_type=ATG;rbs_motif=AGGAGG;rbs_spacer=5-10bp;gc,26.0
LUZT01000006.1_395,G,K,G,G,G,K,S,D,K,D,C,D,C,ID=10_395;partial=00;start_type=ATG;rbs_motif=None;rbs_spacer=None;gc_cont=0.605,ID=10_395;partial=00;start_type=ATG;rbs_motif=None;rbs_spacer=None;gc,26.0
JAAXWP010000011.1_16,G,K,G,G,G,K,S,D,K,D,C,D,C,ID=49_16;partial=00;start_type=ATG;rbs_motif=None;rbs_spacer=None;gc_cont=0.566,ID=49_16;partial=00;start_type=ATG;rbs_motif=None;rbs_spacer=None;gc,26.0
JAEWCY010000132.1_52,G,K,G,G,G,K,S,D,K,D,C,D,C,ID=273_52;partial=00;start_type=ATG;rbs_motif=AGGAG;rbs_spacer=5-10bp;gc_cont=0.639,ID=273_52;partial=00;start_type=ATG;rbs_motif=AGGAG;rbs_spacer=5-10bp;gc,26.0
JAFADI010000182.1_55,G,K,G,G,G,K,S,D,K,D,C,D,C,ID=52_55;partial=00;start_type=ATG;rbs_motif=AGxAGG/AGGxGG;rbs_spacer=5-10bp;gc_cont=0.502,ID=52_55;partial=00;start_type=ATG;rbs_motif=AGxAGG/AGGxGG;rbs_spacer=5-10bp;gc,26.0
NC_014034.1_581,G,K,G,G,G,K,S,D,K,D,C,D,C,ID=1_581;partial=00;start_type=ATG;rbs_motif=AGGAG;rbs_spacer=5-10bp;gc_cont=0.603,ID=1_581;partial=00;start_type=ATG;rbs_motif=AGGAG;rbs_spacer=5-10bp;gc,26.0
NZ_CM001857.1_2651,G,K,G,G,G,K,S,D,K,D,C,D,C,ID=1_2651;partial=00;start_type=ATG;rbs_motif=GGAGG;rbs_spacer=5-10bp;gc_cont=0.504,ID=1_2651;partial=00;start_type=ATG;rbs_motif=GGAGG;rbs_spacer=5-10bp;gc,26.0
NZ_MLJI01000002.1_200,G,K,G,G,G,K,S,D,K,D,C,D,C,ID=2_200;partial=00;start_type=ATG;rbs_motif=GGAG/GAGG;rbs_spacer=5-10bp;gc_cont=0.493,ID=2_200;partial=00;start_type=ATG;rbs_motif=GGAG/GAGG;rbs_spacer=5-10bp;gc,26.0
NZ_VFOF01000001.1_270,G,K,G,G,G,K,S,D,K,D,C,D,C,ID=1_270;partial=00;start_type=ATG;rbs_motif=GGAG/GAGG;rbs_spacer=5-10bp;gc_cont=0.458,ID=1_270;partial=00;start_type=ATG;rbs_motif=GGAG/GAGG;rbs_spacer=5-10bp;gc,26.0
NZ_CP075169.1_85,G,K,G,G,G,K,S,D,K,D,C,D,C,ID=1_85;partial=00;start_type=GTG;rbs_motif=AGGAG;rbs_spacer=5-10bp;gc_cont=0.479,ID=1_85;partial=00;start_type=GTG;rbs_motif=AGGAG;rbs_spacer=5-10bp;gc,26.0
NZ_FQZD01000006.1_91,G,K,G,G,G,K,S,D,K,D,C,D,C,ID=6_91;partial=00;start_type=ATG;rbs_motif=AGGAGG;rbs_spacer=5-10bp;gc_cont=0.475,ID=6_91;partial=00;start_type=ATG;rbs_motif=AGGAGG;rbs_spacer=5-10bp;gc,26.0
JAATGH010000045.1_8,G,K,G,G,G,K,S,D,K,D,C,D,C,ID=40_8;partial=00;start_type=GTG;rbs_motif=AGGAG;rbs_spacer=5-10bp;gc_cont=0.455,ID=40_8;partial=00;start_type=GTG;rbs_motif=AGGAG;rbs_spacer=5-10bp;gc,26.0
NZ_WIXJ01000009.1_22,G,K,G,G,G,K,S,D,K,D,C,D,C,ID=27_22;partial=00;start_type=ATG;rbs_motif=AGGAG;rbs_spacer=5-10bp;gc_cont=0.562,ID=27_22;partial=00;start_type=ATG;rbs_motif=AGGAG;rbs_spacer=5-10bp;gc,26.0
NZ_NOLJ01000004.1_617,G,K,G,G,G,K,S,D,K,D,C,D,C,ID=25_617;partial=00;start_type=ATG;rbs_motif=GGA/GAG/AGG;rbs_spacer=5-10bp;gc_cont=0.465,ID=25_617;partial=00;start_type=ATG;rbs_motif=GGA/GAG/AGG;rbs_spacer=5-10bp;gc,26.0
JAJXUO010000015.1_45,G,K,G,G,G,K,S,D,K,D,C,D,C,ID=106_45;partial=00;start_type=ATG;rbs_motif=AGGA;rbs_spacer=5-10bp;gc_cont=0.622,ID=106_45;partial=00;start_type=ATG;rbs_motif=AGGA;rbs_spacer=5-10bp;gc,26.0
JAFS01000001.1_953,G,K,G,G,G,K,S,D,K,D,C,D,C,ID=1_953;partial=00;start_type=ATG;rbs_motif=GGAG/GAGG;rbs_spacer=5-10bp;gc_cont=0.587,ID=1_953;partial=00;start_type=ATG;rbs_motif=GGAG/GAGG;rbs_spacer=5-10bp;gc,26.0
LADP01000032.1_43,G,K,G,G,G,K,S,D,K,D,C,D,C,ID=10_43;partial=00;start_type=ATG;rbs_motif=AGGAG/GGAGG;rbs_spacer=11-12bp;gc_cont=0.554,ID=10_43;partial=00;start_type=ATG;rbs_motif=AGGAG/GGAGG;rbs_spacer=11-12bp;gc,26.0
LVBI01000002.1_20,G,K,G,G,G,K,S,D,K,D,C,D,C,ID=67_20;partial=00;start_type=ATG;rbs_motif=AGGAG;rbs_spacer=5-10bp;gc_cont=0.521,ID=67_20;partial=00;start_type=ATG;rbs_motif=AGGAG;rbs_spacer=5-10bp;gc,26.0
MFNE01000038.1_27,G,K,G,G,G,K,S,D,K,D,C,D,C,ID=38_27;partial=00;start_type=ATG;rbs_motif=AGGAG;rbs_spacer=5-10bp;gc_cont=0.509,ID=38_27;partial=00;start_type=ATG;rbs_motif=AGGAG;rbs_spacer=5-10bp;gc,26.0
MIAN01000268.1_24,G,K,G,G,G,K,S,D,K,D,C,D,C,ID=268_24;partial=00;start_type=ATG;rbs_motif=GGAGG;rbs_spacer=5-10bp;gc_cont=0.367,ID=268_24;partial=00;start_type=ATG;rbs_motif=GGAGG;rbs_spacer=5-10bp;gc,26.0
NEED01000049.1_256,G,K,G,G,G,K,S,D,K,D,C,D,C,ID=49_256;partial=00;start_type=ATG;rbs_motif=GGA/GAG/AGG;rbs_spacer=5-10bp;gc_cont=0.444,ID=49_256;partial=00;start_type=ATG;rbs_motif=GGA/GAG/AGG;rbs_spacer=5-10bp;gc,26.0
DBTT01000046.1_83,G,K,G,G,G,K,S,D,K,D,C,D,C,ID=23_83;partial=00;start_type=ATG;rbs_motif=TAAAAA;rbs_spacer=12bp;gc_cont=0.432,ID=23_83;partial=00;start_type=ATG;rbs_motif=TAAAAA;rbs_spacer=12bp;gc,26.0
DDXB01000046.1_49,G,K,G,G,G,K,S,D,K,D,C,D,C,ID=27_49;partial=00;start_type=ATG;rbs_motif=AGGAG;rbs_spacer=5-10bp;gc_cont=0.623,ID=27_49;partial=00;start_type=ATG;rbs_motif=AGGAG;rbs_spacer=5-10bp;gc,26.0
DGRP01000082.1_4,G,K,G,G,G,K,S,D,K,D,C,D,C,ID=5_4;partial=00;start_type=ATG;rbs_motif=GGAG/GAGG;rbs_spacer=5-10bp;gc_cont=0.460,ID=5_4;partial=00;start_type=ATG;rbs_motif=GGAG/GAGG;rbs_spacer=5-10bp;gc,26.0
DHWB01000004.1_481,G,K,G,G,G,K,S,D,K,D,C,D,C,ID=4_481;partial=00;start_type=ATG;rbs_motif=AGGAG;rbs_spacer=5-10bp;gc_cont=0.575,ID=4_481;partial=00;start_type=ATG;rbs_motif=AGGAG;rbs_spacer=5-10bp;gc,26.0
DIZI01000008.1_199,G,K,G,G,G,K,S,D,K,D,C,D,C,ID=19_199;partial=00;start_type=ATG;rbs_motif=TAAA;rbs_spacer=11bp;gc_cont=0.413,ID=19_199;partial=00;start_type=ATG;rbs_motif=TAAA;rbs_spacer=11bp;gc,26.0
DANZ01000141.1_28,G,K,G,G,G,K,S,D,K,D,C,D,C,ID=134_28;partial=00;start_type=ATG;rbs_motif=GGA/GAG/AGG;rbs_spacer=5-10bp;gc_cont=0.510,ID=134_28;partial=00;start_type=ATG;rbs_motif=GGA/GAG/AGG;rbs_spacer=5-10bp;gc,26.0
PEAO01000169.1_1,G,K,G,G,G,K,S,D,K,D,C,D,C,ID=131_1;partial=00;start_type=ATG;rbs_motif=AGGAG;rbs_spacer=5-10bp;gc_cont=0.521,ID=131_1;partial=00;start_type=ATG;rbs_motif=AGGAG;rbs_spacer=5-10bp;gc,26.0
PHCX01000007.1_9,G,K,G,G,G,K,S,D,K,D,C,D,C,ID=4_9;partial=00;start_type=ATG;rbs_motif=AGGAG;rbs_spacer=5-10bp;gc_cont=0.563,ID=4_9;partial=00;start_type=ATG;rbs_motif=AGGAG;rbs_spacer=5-10bp;gc,26.0
BDTQ01000234.1_2,G,K,G,G,G,K,S,D,K,D,C,D,C,ID=234_2;partial=00;start_type=ATG;rbs_motif=AGGAGG;rbs_spacer=5-10bp;gc_cont=0.489,ID=234_2;partial=00;start_type=ATG;rbs_motif=AGGAGG;rbs_spacer=5-10bp;gc,26.0
QGFZ01000001.1_892,G,K,G,G,G,K,S,D,K,D,C,D,C,ID=1_892;partial=00;start_type=ATG;rbs_motif=GGA/GAG/AGG;rbs_spacer=5-10bp;gc_cont=0.472,ID=1_892;partial=00;start_type=ATG;rbs_motif=GGA/GAG/AGG;rbs_spacer=5-10bp;gc,26.0
PMNP01000273.1_14,G,K,G,G,G,K,S,D,K,D,C,D,C,ID=210_14;partial=00;start_type=ATG;rbs_motif=GGAG/GAGG;rbs_spacer=5-10bp;gc_cont=0.543,ID=210_14;partial=00;start_type=ATG;rbs_motif=GGAG/GAGG;rbs_spacer=5-10bp;gc,26.0
QKMY01000053.1_32,G,K,G,G,G,K,S,D,K,D,C,D,C,ID=13_32;partial=00;start_type=ATG;rbs_motif=GGAG/GAGG;rbs_spacer=5-10bp;gc_cont=0.451,ID=13_32;partial=00;start_type=ATG;rbs_motif=GGAG/GAGG;rbs_spacer=5-10bp;gc,26.0
QKGY01000297.1_4,G,K,G,G,G,K,S,D,K,D,C,D,C,ID=333_4;partial=00;start_type=ATG;rbs_motif=GGAG/GAGG;rbs_spacer=5-10bp;gc_cont=0.595,ID=333_4;partial=00;start_type=ATG;rbs_motif=GGAG/GAGG;rbs_spacer=5-10bp;gc,26.0
QZKG01000006.1_39,G,K,G,G,G,K,S,D,K,D,C,D,C,ID=4_39;partial=00;start_type=ATG;rbs_motif=GGAG/GAGG;rbs_spacer=5-10bp;gc_cont=0.640,ID=4_39;partial=00;start_type=ATG;rbs_motif=GGAG/GAGG;rbs_spacer=5-10bp;gc,26.0
SAQG01000030.1_60,G,K,G,G,G,K,S,D,K,D,C,D,C,ID=135_60;partial=00;start_type=ATG;rbs_motif=AGGA;rbs_spacer=5-10bp;gc_cont=0.602,ID=135_60;partial=00;start_type=ATG;rbs_motif=AGGA;rbs_spacer=5-10bp;gc,26.0
CP036201.1_2459,G,K,G,G,G,K,S,D,K,D,C,D,C,ID=1_2459;partial=00;start_type=ATG;rbs_motif=AGGAG;rbs_spacer=5-10bp;gc_cont=0.537,ID=1_2459;partial=00;start_type=ATG;rbs_motif=AGGAG;rbs_spacer=5-10bp;gc,26.0
SZYA01000046.1_55,G,K,G,G,G,K,S,D,K,D,C,D,C,ID=104_55;partial=00;start_type=ATG;rbs_motif=None;rbs_spacer=None;gc_cont=0.490,ID=104_55;partial=00;start_type=ATG;rbs_motif=None;rbs_spacer=None;gc,26.0
QYQN01000104.1_3,G,K,G,G,G,K,S,D,K,D,C,D,C,ID=108_3;partial=00;start_type=ATG;rbs_motif=GGAG/GAGG;rbs_spacer=5-10bp;gc_cont=0.466,ID=108_3;partial=00;start_type=ATG;rbs_motif=GGAG/GAGG;rbs_spacer=5-10bp;gc,26.0
WBUJ01000008.1_12,G,K,G,G,G,K,S,D,K,D,C,D,C,ID=185_12;partial=00;start_type=ATG;rbs_motif=AGGAG;rbs_spacer=5-10bp;gc_cont=0.597,ID=185_12;partial=00;start_type=ATG;rbs_motif=AGGAG;rbs_spacer=5-10bp;gc,26.0
VFJM01000430.1_5,G,K,G,G,G,K,S,D,K,D,C,D,C,ID=379_5;partial=00;start_type=ATG;rbs_motif=AGGAG;rbs_spacer=5-10bp;gc_cont=0.582,ID=379_5;partial=00;start_type=ATG;rbs_motif=AGGAG;rbs_spacer=5-10bp;gc,26.0
DRSQ01000040.1_14,G,K,G,G,G,K,S,D,K,D,C,D,C,ID=40_14;partial=00;start_type=ATG;rbs_motif=None;rbs_spacer=None;gc_cont=0.562,ID=40_14;partial=00;start_type=ATG;rbs_motif=None;rbs_spacer=None;gc,26.0
VEPG01000099.1_15,G,K,G,G,G,K,S,D,K,D,C,D,C,ID=79_15;partial=00;start_type=ATG;rbs_motif=AGGAG;rbs_spacer=5-10bp;gc_cont=0.634,ID=79_15;partial=00;start_type=ATG;rbs_motif=AGGAG;rbs_spacer=5-10bp;gc,26.0
JAAYPK010000100.1_11,G,K,G,G,G,K,S,D,K,D,C,D,C,ID=56_11;partial=00;start_type=ATG;rbs_motif=GGAGG;rbs_spacer=5-10bp;gc_cont=0.342,ID=56_11;partial=00;start_type=ATG;rbs_motif=GGAGG;rbs_spacer=5-10bp;gc,26.0
JABFRO010000001.1_647,G,K,G,G,G,K,S,D,K,D,C,D,C,ID=4_647;partial=00;start_type=ATG;rbs_motif=AGGAG;rbs_spacer=5-10bp;gc_cont=0.486,ID=4_647;partial=00;start_type=ATG;rbs_motif=AGGAG;rbs_spacer=5-10bp;gc,26.0
JABSNM010000029.1_21,G,K,G,G,G,K,S,D,K,D,C,D,C,ID=29_21;partial=00;start_type=ATG;rbs_motif=GGAG/GAGG;rbs_spacer=5-10bp;gc_cont=0.652,ID=29_21;partial=00;start_type=ATG;rbs_motif=GGAG/GAGG;rbs_spacer=5-10bp;gc,26.0
JAAXUU010000083.1_4,G,K,G,G,G,K,S,D,K,D,C,D,C,ID=330_4;partial=00;start_type=ATG;rbs_motif=AGGAG;rbs_spacer=5-10bp;gc_cont=0.545,ID=330_4;partial=00;start_type=ATG;rbs_motif=AGGAG;rbs_spacer=5-10bp;gc,26.0
JACDZG010000096.1_14,G,K,G,G,G,K,S,D,K,D,C,D,C,ID=69_14;partial=00;start_type=ATG;rbs_motif=AGGAG;rbs_spacer=5-10bp;gc_cont=0.611,ID=69_14;partial=00;start_type=ATG;rbs_motif=AGGAG;rbs_spacer=5-10bp;gc,26.0
JACMKN010000012.1_3,G,K,G,G,G,K,S,D,K,D,C,D,C,ID=168_3;partial=00;start_type=ATG;rbs_motif=AGGAG;rbs_spacer=5-10bp;gc_cont=0.570,ID=168_3;partial=00;start_type=ATG;rbs_motif=AGGAG;rbs_spacer=5-10bp;gc,26.0
SVDT01000061.1_3,G,K,G,G,G,K,S,D,K,D,C,D,C,ID=81_3;partial=00;start_type=ATG;rbs_motif=AGGAGG;rbs_spacer=5-10bp;gc_cont=0.473,ID=81_3;partial=00;start_type=ATG;rbs_motif=AGGAGG;rbs_spacer=5-10bp;gc,26.0
JADFZS010000089.1_8,G,K,G,G,G,K,S,D,K,D,C,D,C,ID=323_8;partial=00;start_type=ATG;rbs_motif=AGGAG;rbs_spacer=5-10bp;gc_cont=0.494,ID=323_8;partial=00;start_type=ATG;rbs_motif=AGGAG;rbs_spacer=5-10bp;gc,26.0
WFZW01000167.1_1,G,K,G,G,G,K,S,D,K,D,C,D,C,ID=167_1;partial=00;start_type=ATG;rbs_motif=AGGAGG;rbs_spacer=5-10bp;gc_cont=0.537,ID=167_1;partial=00;start_type=ATG;rbs_motif=AGGAGG;rbs_spacer=5-10bp;gc,26.0
JACOUB010000010.1_11,G,K,G,G,G,K,S,D,K,D,C,D,C,ID=19_11;partial=00;start_type=ATG;rbs_motif=AGGAG;rbs_spacer=5-10bp;gc_cont=0.614,ID=19_11;partial=00;start_type=ATG;rbs_motif=AGGAG;rbs_spacer=5-10bp;gc,26.0
JACRDF010000024.1_69,G,K,G,G,G,K,S,D,K,D,C,D,C,ID=15_69;partial=00;start_type=ATG;rbs_motif=GGAG/GAGG;rbs_spacer=5-10bp;gc_cont=0.559,ID=15_69;partial=00;start_type=ATG;rbs_motif=GGAG/GAGG;rbs_spacer=5-10bp;gc,26.0
JACRDD010000023.1_4,G,K,G,G,G,K,S,D,K,D,C,D,C,ID=9_4;partial=00;start_type=ATG;rbs_motif=AGGAG;rbs_spacer=5-10bp;gc_cont=0.598,ID=9_4;partial=00;start_type=ATG;rbs_motif=AGGAG;rbs_spacer=5-10bp;gc,26.0
JACRMB010000010.1_257,G,K,G,G,G,K,S,D,K,D,C,D,C,ID=7_257;partial=00;start_type=ATG;rbs_motif=AGGAG;rbs_spacer=5-10bp;gc_cont=0.609,ID=7_257;partial=00;start_type=ATG;rbs_motif=AGGAG;rbs_spacer=5-10bp;gc,26.0
JAEEVF010000014.1_19,G,K,G,G,G,K,S,D,K,D,C,D,C,ID=19_19;partial=00;start_type=ATG;rbs_motif=GGAG/GAGG;rbs_spacer=5-10bp;gc_cont=0.503,ID=19_19;partial=00;start_type=ATG;rbs_motif=GGAG/GAGG;rbs_spacer=5-10bp;gc,26.0
JADJQT010000002.1_444,G,K,G,G,G,K,S,D,K,D,C,D,C,ID=2_444;partial=00;start_type=ATG;rbs_motif=AGGAG;rbs_spacer=5-10bp;gc_cont=0.621,ID=2_444;partial=00;start_type=ATG;rbs_motif=AGGAG;rbs_spacer=5-10bp;gc,26.0
JADHTF010000033.1_18,G,K,G,G,G,K,S,D,K,D,C,D,C,ID=29_18;partial=00;start_type=ATG;rbs_motif=None;rbs_spacer=None;gc_cont=0.500,ID=29_18;partial=00;start_type=ATG;rbs_motif=None;rbs_spacer=None;gc,26.0
VGGK01000015.1_28,G,K,G,G,G,K,S,D,K,D,C,D,C,ID=15_28;partial=00;start_type=ATG;rbs_motif=None;rbs_spacer=None;gc_cont=0.565,ID=15_28;partial=00;start_type=ATG;rbs_motif=None;rbs_spacer=None;gc,26.0
JAFGQL010000107.1_6,G,K,G,G,G,K,S,D,K,D,C,D,C,ID=92_6;partial=00;start_type=ATG;rbs_motif=GGAGG;rbs_spacer=5-10bp;gc_cont=0.531,ID=92_6;partial=00;start_type=ATG;rbs_motif=GGAGG;rbs_spacer=5-10bp;gc,26.0
JABXKI010000140.1_26,G,R,G,G,G,K,S,D,K,D,C,D,C,ID=402_26;partial=00;start_type=ATG;rbs_motif=GGAG/GAGG;rbs_spacer=5-10bp;gc_cont=0.459,ID=402_26;partial=00;start_type=ATG;rbs_motif=GGAG/GAGG;rbs_spacer=5-10bp;gc,25.0
JAFRNB010000033.1_15,G,K,G,G,G,K,S,D,K,D,C,D,C,ID=14_15;partial=00;start_type=ATG;rbs_motif=GGAG/GAGG;rbs_spacer=5-10bp;gc_cont=0.460,ID=14_15;partial=00;start_type=ATG;rbs_motif=GGAG/GAGG;rbs_spacer=5-10bp;gc,26.0
JAFVDR010000064.1_4,G,K,G,G,G,K,S,D,K,D,C,D,C,ID=179_4;partial=00;start_type=ATG;rbs_motif=AGGAG;rbs_spacer=5-10bp;gc_cont=0.414,ID=179_4;partial=00;start_type=ATG;rbs_motif=AGGAG;rbs_spacer=5-10bp;gc,26.0
JAFYET010000390.1_6,G,K,G,G,G,K,S,D,K,D,C,D,C,ID=348_6;partial=00;start_type=ATG;rbs_motif=GGAG/GAGG;rbs_spacer=5-10bp;gc_cont=0.509,ID=348_6;partial=00;start_type=ATG;rbs_motif=GGAG/GAGG;rbs_spacer=5-10bp;gc,26.0
JAGBNF010000007.1_20,G,K,G,G,G,K,S,D,K,D,C,D,C,ID=29_20;partial=00;start_type=ATG;rbs_motif=AGGA/GGAG/GAGG;rbs_spacer=11-12bp;gc_cont=0.467,ID=29_20;partial=00;start_type=ATG;rbs_motif=AGGA/GGAG/GAGG;rbs_spacer=11-12bp;gc,26.0
JAGCWQ010000231.1_13,G,K,G,G,G,K,S,D,K,D,C,D,C,ID=149_13;partial=00;start_type=ATG;rbs_motif=TAAAA;rbs_spacer=13bp;gc_cont=0.490,ID=149_13;partial=00;start_type=ATG;rbs_motif=TAAAA;rbs_spacer=13bp;gc,26.0
JAFDVZ010000014.1_135,G,K,G,G,G,K,S,D,K,D,C,D,C,ID=5_135;partial=00;start_type=ATG;rbs_motif=GGAG/GAGG;rbs_spacer=5-10bp;gc_cont=0.606,ID=5_135;partial=00;start_type=ATG;rbs_motif=GGAG/GAGG;rbs_spacer=5-10bp;gc,26.0
JAHJNN010000008.1_299,G,K,G,G,G,K,S,D,K,D,C,D,C,ID=6_299;partial=00;start_type=ATG;rbs_motif=AGGAG;rbs_spacer=5-10bp;gc_cont=0.625,ID=6_299;partial=00;start_type=ATG;rbs_motif=AGGAG;rbs_spacer=5-10bp;gc,26.0
JAHIQV010000127.1_2,G,K,G,G,G,K,S,D,K,D,C,D,C,ID=527_2;partial=00;start_type=ATG;rbs_motif=GGAG/GAGG;rbs_spacer=5-10bp;gc_cont=0.630,ID=527_2;partial=00;start_type=ATG;rbs_motif=GGAG/GAGG;rbs_spacer=5-10bp;gc,26.0
JAIELG010000009.1_63,G,K,G,G,G,K,S,D,K,D,C,D,C,ID=5_63;partial=00;start_type=ATG;rbs_motif=AGGAG;rbs_spacer=5-10bp;gc_cont=0.572,ID=5_63;partial=00;start_type=ATG;rbs_motif=AGGAG;rbs_spacer=5-10bp;gc,26.0
JAGVGH010000044.1_7,G,K,G,G,G,K,S,D,K,D,C,D,C,ID=308_7;partial=00;start_type=ATG;rbs_motif=AGGAGG;rbs_spacer=5-10bp;gc_cont=0.600,ID=308_7;partial=00;start_type=ATG;rbs_motif=AGGAGG;rbs_spacer=5-10bp;gc,26.0
JAGRHI010000035.1_3,G,K,G,G,G,K,S,D,K,D,C,D,C,ID=121_3;partial=00;start_type=ATG;rbs_motif=GGAG/GAGG;rbs_spacer=5-10bp;gc_cont=0.592,ID=121_3;partial=00;start_type=ATG;rbs_motif=GGAG/GAGG;rbs_spacer=5-10bp;gc,26.0
DYJC01000026.1_32,G,K,G,G,G,K,S,D,K,D,C,D,C,ID=19_32;partial=00;start_type=ATG;rbs_motif=AGGA;rbs_spacer=5-10bp;gc_cont=0.452,ID=19_32;partial=00;start_type=ATG;rbs_motif=AGGA;rbs_spacer=5-10bp;gc,26.0
JAJQDL010000088.1_19,G,K,G,G,G,K,S,D,K,D,C,D,C,ID=172_19;partial=00;start_type=ATG;rbs_motif=GGA/GAG/AGG;rbs_spacer=5-10bp;gc_cont=0.558,ID=172_19;partial=00;start_type=ATG;rbs_motif=GGA/GAG/AGG;rbs_spacer=5-10bp;gc,26.0
JAIPFF010000015.1_36,G,K,G,G,G,K,S,D,K,D,C,D,C,ID=33_36;partial=00;start_type=ATG;rbs_motif=GGAG/GAGG;rbs_spacer=5-10bp;gc_cont=0.633,ID=33_36;partial=00;start_type=ATG;rbs_motif=GGAG/GAGG;rbs_spacer=5-10bp;gc,26.0
JAJXYO010000032.1_10,G,K,G,G,G,K,S,D,K,D,C,D,C,ID=42_10;partial=00;start_type=ATG;rbs_motif=AGGAG;rbs_spacer=5-10bp;gc_cont=0.572,ID=42_10;partial=00;start_type=ATG;rbs_motif=AGGAG;rbs_spacer=5-10bp;gc,26.0
JAJYEX010000002.1_84,G,K,G,G,G,K,S,D,K,D,C,D,C,ID=3_84;partial=00;start_type=ATG;rbs_motif=AGGAG;rbs_spacer=5-10bp;gc_cont=0.598,ID=3_84;partial=00;start_type=ATG;rbs_motif=AGGAG;rbs_spacer=5-10bp;gc,26.0
JAJYPN010000048.1_8,G,K,G,G,G,K,S,D,K,D,C,D,C,ID=38_8;partial=00;start_type=ATG;rbs_motif=AGGAG;rbs_spacer=5-10bp;gc_cont=0.544,ID=38_8;partial=00;start_type=ATG;rbs_motif=AGGAG;rbs_spacer=5-10bp;gc,26.0
JAJZFH010000031.1_4,G,K,G,G,G,K,S,D,K,D,C,D,C,ID=32_4;partial=01;start_type=Edge;rbs_motif=None;rbs_spacer=None;gc_cont=0.557,ID=32_4;partial=01;start_type=Edge;rbs_motif=None;rbs_spacer=None;gc,26.0
JAKAWK010000096.1_5,G,K,G,G,G,K,S,D,K,D,C,D,C,ID=10_5;partial=00;start_type=ATG;rbs_motif=AGGAG;rbs_spacer=5-10bp;gc_cont=0.613,ID=10_5;partial=00;start_type=ATG;rbs_motif=AGGAG;rbs_spacer=5-10bp;gc,26.0
JAJZTT010000028.1_21,G,K,G,G,G,K,S,D,K,D,C,D,C,ID=148_21;partial=00;start_type=ATG;rbs_motif=AGGAG;rbs_spacer=5-10bp;gc_cont=0.577,ID=148_21;partial=00;start_type=ATG;rbs_motif=AGGAG;rbs_spacer=5-10bp;gc,26.0
JAKVOB010000001.1_648,G,K,G,G,G,K,S,D,K,D,C,D,C,ID=1_648;partial=00;start_type=ATG;rbs_motif=AGGAG;rbs_spacer=5-10bp;gc_cont=0.617,ID=1_648;partial=00;start_type=ATG;rbs_motif=AGGAG;rbs_spacer=5-10bp;gc,26.0
JALFCU010000028.1_27,G,K,G,G,G,K,S,D,K,D,C,D,C,ID=27_27;partial=00;start_type=GTG;rbs_motif=GGAG/GAGG;rbs_spacer=5-10bp;gc_cont=0.625,ID=27_27;partial=00;start_type=GTG;rbs_motif=GGAG/GAGG;rbs_spacer=5-10bp;gc,26.0
JALNVI010000021.1_22,G,K,G,G,G,K,S,D,K,D,C,D,C,ID=21_22;partial=00;start_type=ATG;rbs_motif=AGGAG;rbs_spacer=5-10bp;gc_cont=0.502,ID=21_22;partial=00;start_type=ATG;rbs_motif=AGGAG;rbs_spacer=5-10bp;gc,26.0
JAEWDK010000015.1_179,G,K,G,G,G,K,S,D,K,D,C,D,C,ID=13_179;partial=00;start_type=ATG;rbs_motif=GGAG/GAGG;rbs_spacer=5-10bp;gc_cont=0.537,ID=13_179;partial=00;start_type=ATG;rbs_motif=GGAG/GAGG;rbs_spacer=5-10bp;gc,26.0
JAEWZA010000442.1_2,G,K,G,G,G,K,S,D,K,D,C,D,C,ID=189_2;partial=00;start_type=ATG;rbs_motif=GGAGG;rbs_spacer=5-10bp;gc_cont=0.398,ID=189_2;partial=00;start_type=ATG;rbs_motif=GGAGG;rbs_spacer=5-10bp;gc,26.0
JAEXDA010000043.1_309,G,K,G,G,G,K,S,D,K,D,C,D,C,ID=64_309;partial=00;start_type=ATG;rbs_motif=GGA/GAG/AGG;rbs_spacer=5-10bp;gc_cont=0.465,ID=64_309;partial=00;start_type=ATG;rbs_motif=GGA/GAG/AGG;rbs_spacer=5-10bp;gc,26.0
JAEYOQ010000007.1_56,G,K,G,G,G,K,S,D,K,D,C,D,C,ID=3_56;partial=00;start_type=ATG;rbs_motif=AGGAGG;rbs_spacer=5-10bp;gc_cont=0.459,ID=3_56;partial=00;start_type=ATG;rbs_motif=AGGAGG;rbs_spacer=5-10bp;gc,26.0
JAEZKI010000057.1_2,G,K,G,G,G,K,S,D,K,D,C,D,C,ID=238_2;partial=00;start_type=ATG;rbs_motif=AGGAGG;rbs_spacer=5-10bp;gc_cont=0.396,ID=238_2;partial=00;start_type=ATG;rbs_motif=AGGAGG;rbs_spacer=5-10bp;gc,26.0
JAEZTJ010000091.1_60,G,K,G,G,G,K,S,D,K,D,C,D,C,ID=32_60;partial=00;start_type=ATG;rbs_motif=AGGAGG;rbs_spacer=5-10bp;gc_cont=0.459,ID=32_60;partial=00;start_type=ATG;rbs_motif=AGGAGG;rbs_spacer=5-10bp;gc,26.0
JAEZCO010000026.1_24,G,K,G,G,G,K,S,D,K,D,C,D,C,ID=23_24;partial=00;start_type=ATG;rbs_motif=GGAGG;rbs_spacer=5-10bp;gc_cont=0.522,ID=23_24;partial=00;start_type=ATG;rbs_motif=GGAGG;rbs_spacer=5-10bp;gc,26.0
JAEZGK010000081.1_100,G,K,G,G,G,K,S,D,K,D,C,D,C,ID=97_100;partial=00;start_type=ATG;rbs_motif=AGGAGG;rbs_spacer=5-10bp;gc_cont=0.478,ID=97_100;partial=00;start_type=ATG;rbs_motif=AGGAGG;rbs_spacer=5-10bp;gc,26.0
JAEZUE010000035.1_25,G,K,G,G,G,K,S,D,K,D,C,D,C,ID=70_25;partial=00;start_type=ATG;rbs_motif=None;rbs_spacer=None;gc_cont=0.616,ID=70_25;partial=00;start_type=ATG;rbs_motif=None;rbs_spacer=None;gc,26.0
JAEYLC010000010.1_335,G,K,G,G,G,K,S,D,K,D,C,D,C,ID=10_335;partial=00;start_type=ATG;rbs_motif=AGGAGG;rbs_spacer=5-10bp;gc_cont=0.590,ID=10_335;partial=00;start_type=ATG;rbs_motif=AGGAGG;rbs_spacer=5-10bp;gc,26.0
JAJRZW010000048.1_10,G,K,G,G,G,K,S,D,K,D,C,D,C,ID=27_10;partial=00;start_type=ATG;rbs_motif=AGGAG;rbs_spacer=5-10bp;gc_cont=0.584,ID=27_10;partial=00;start_type=ATG;rbs_motif=AGGAG;rbs_spacer=5-10bp;gc,26.0
JAGXGC010000022.1_137,G,K,G,G,G,K,S,D,K,D,C,D,C,ID=3_137;partial=00;start_type=ATG;rbs_motif=AGGAG;rbs_spacer=5-10bp;gc_cont=0.511,ID=3_137;partial=00;start_type=ATG;rbs_motif=AGGAG;rbs_spacer=5-10bp;gc,26.0
JAILLP010000020.1_42,G,K,G,G,G,K,S,D,K,D,C,D,C,ID=7_42;partial=00;start_type=ATG;rbs_motif=TAAAA;rbs_spacer=13bp;gc_cont=0.534,ID=7_42;partial=00;start_type=ATG;rbs_motif=TAAAA;rbs_spacer=13bp;gc,26.0
JANTGH010000040.1_19,G,K,G,G,G,K,S,D,K,D,C,D,C,ID=40_19;partial=00;start_type=ATG;rbs_motif=GGAGG;rbs_spacer=5-10bp;gc_cont=0.537,ID=40_19;partial=00;start_type=ATG;rbs_motif=GGAGG;rbs_spacer=5-10bp;gc,26.0
OMOE01000136.1_19,G,K,G,G,G,K,S,D,K,D,C,D,C,ID=23_19;partial=00;start_type=ATG;rbs_motif=AGGAGG;rbs_spacer=5-10bp;gc_cont=0.548,ID=23_19;partial=00;start_type=ATG;rbs_motif=AGGAGG;rbs_spacer=5-10bp;gc,26.0
ONNL01000121.1_10,G,K,G,G,G,K,S,D,K,D,C,D,C,ID=90_10;partial=00;start_type=ATG;rbs_motif=AGGA;rbs_spacer=5-10bp;gc_cont=0.527,ID=90_10;partial=00;start_type=ATG;rbs_motif=AGGA;rbs_spacer=5-10bp;gc,26.0
CABMIB010000093.1_2,G,K,G,G,G,K,S,D,K,D,C,D,C,ID=93_2;partial=00;start_type=ATG;rbs_motif=AGGAG;rbs_spacer=3-4bp;gc_cont=0.497,ID=93_2;partial=00;start_type=ATG;rbs_motif=AGGAG;rbs_spacer=3-4bp;gc,26.0
CACXGE010000151.1_14,G,K,G,G,G,K,S,D,K,D,C,D,C,ID=151_14;partial=00;start_type=ATG;rbs_motif=AGGA;rbs_spacer=5-10bp;gc_cont=0.422,ID=151_14;partial=00;start_type=ATG;rbs_motif=AGGA;rbs_spacer=5-10bp;gc,26.0
CACZJT010000011.1_20,G,K,G,G,G,K,S,D,K,D,C,D,C,ID=11_20;partial=00;start_type=ATG;rbs_motif=GGAG/GAGG;rbs_spacer=5-10bp;gc_cont=0.559,ID=11_20;partial=00;start_type=ATG;rbs_motif=GGAG/GAGG;rbs_spacer=5-10bp;gc,26.0
CADANN010000027.1_9,G,K,G,G,G,K,S,D,K,D,C,D,C,ID=27_9;partial=00;start_type=ATG;rbs_motif=AGGAG;rbs_spacer=5-10bp;gc_cont=0.460,ID=27_9;partial=00;start_type=ATG;rbs_motif=AGGAG;rbs_spacer=5-10bp;gc,26.0
CADCLV010000076.1_9,G,K,G,G,G,K,S,D,K,D,C,D,C,ID=76_9;partial=00;start_type=ATG;rbs_motif=AGGA;rbs_spacer=5-10bp;gc_cont=0.503,ID=76_9;partial=00;start_type=ATG;rbs_motif=AGGA;rbs_spacer=5-10bp;gc,26.0
CAIJXJ010000050.1_45,G,K,G,G,G,K,S,D,K,D,C,D,C,ID=50_45;partial=00;start_type=ATG;rbs_motif=AGGAG;rbs_spacer=5-10bp;gc_cont=0.543,ID=50_45;partial=00;start_type=ATG;rbs_motif=AGGAG;rbs_spacer=5-10bp;gc,26.0
CAINND010000060.1_29,G,K,G,G,G,K,S,D,K,D,C,D,C,ID=60_29;partial=00;start_type=ATG;rbs_motif=AGGAG;rbs_spacer=5-10bp;gc_cont=0.624,ID=60_29;partial=00;start_type=ATG;rbs_motif=AGGAG;rbs_spacer=5-10bp;gc,26.0
CAIQHB010000022.1_9,G,K,G,G,G,K,S,D,K,D,C,D,C,ID=22_9;partial=00;start_type=ATG;rbs_motif=GGA/GAG/AGG;rbs_spacer=5-10bp;gc_cont=0.549,ID=22_9;partial=00;start_type=ATG;rbs_motif=GGA/GAG/AGG;rbs_spacer=5-10bp;gc,26.0
CAISRC010000142.1_23,G,K,G,G,G,K,S,D,K,D,C,D,C,ID=142_23;partial=00;start_type=ATG;rbs_motif=None;rbs_spacer=None;gc_cont=0.484,ID=142_23;partial=00;start_type=ATG;rbs_motif=None;rbs_spacer=None;gc,26.0
CAIVDC010000059.1_60,G,K,G,G,G,K,S,D,K,D,C,D,C,ID=59_60;partial=00;start_type=ATG;rbs_motif=AGGAG;rbs_spacer=5-10bp;gc_cont=0.632,ID=59_60;partial=00;start_type=ATG;rbs_motif=AGGAG;rbs_spacer=5-10bp;gc,26.0
CAIYOZ010000087.1_6,G,K,G,G,G,K,S,D,K,D,C,D,C,ID=87_6;partial=00;start_type=ATG;rbs_motif=TAA;rbs_spacer=12bp;gc_cont=0.427,ID=87_6;partial=00;start_type=ATG;rbs_motif=TAA;rbs_spacer=12bp;gc,26.0
CAJARJ010000012.1_15,G,K,G,G,G,K,S,D,K,D,C,D,C,ID=12_15;partial=00;start_type=ATG;rbs_motif=AGGAGG;rbs_spacer=5-10bp;gc_cont=0.502,ID=12_15;partial=00;start_type=ATG;rbs_motif=AGGAGG;rbs_spacer=5-10bp;gc,26.0
CAJONG010000009.1_34,G,K,G,G,G,K,S,D,K,D,C,D,C,ID=9_34;partial=00;start_type=ATG;rbs_motif=AGGA;rbs_spacer=5-10bp;gc_cont=0.456,ID=9_34;partial=00;start_type=ATG;rbs_motif=AGGA;rbs_spacer=5-10bp;gc,26.0
CAJYGK010000029.1_11,G,K,G,G,G,K,S,D,K,D,C,D,C,ID=29_11;partial=00;start_type=ATG;rbs_motif=GGAG/GAGG;rbs_spacer=5-10bp;gc_cont=0.626,ID=29_11;partial=00;start_type=ATG;rbs_motif=GGAG/GAGG;rbs_spacer=5-10bp;gc,26.0
NC_002939.5_2781,G,K,G,G,G,K,S,D,K,D,C,D,C,ID=1_2781;partial=00;start_type=ATG;rbs_motif=AGGAG;rbs_spacer=5-10bp;gc_cont=0.608,ID=1_2781;partial=00;start_type=ATG;rbs_motif=AGGAG;rbs_spacer=5-10bp;gc,26.0
NC_009012.1_1638,G,K,G,G,G,K,S,D,K,D,C,D,C,ID=1_1638;partial=00;start_type=ATG;rbs_motif=GGAGG;rbs_spacer=5-10bp;gc_cont=0.460,ID=1_1638;partial=00;start_type=ATG;rbs_motif=GGAGG;rbs_spacer=5-10bp;gc,26.0
NC_011365.1_1575,G,K,G,G,G,K,S,D,K,D,C,D,C,ID=1_1575;partial=00;start_type=ATG;rbs_motif=AGGA;rbs_spacer=5-10bp;gc_cont=0.624,ID=1_1575;partial=00;start_type=ATG;rbs_motif=AGGA;rbs_spacer=5-10bp;gc,26.0
NC_014328.1_462,G,K,G,G,G,K,S,D,K,D,C,D,C,ID=1_462;partial=00;start_type=ATG;rbs_motif=AGGAG;rbs_spacer=5-10bp;gc_cont=0.365,ID=1_462;partial=00;start_type=ATG;rbs_motif=AGGAG;rbs_spacer=5-10bp;gc,26.0
NZ_ACXX02000015.1_82,G,K,G,G,G,K,S,D,K,D,C,D,C,ID=17_82;partial=00;start_type=ATG;rbs_motif=GGAGG;rbs_spacer=5-10bp;gc_cont=0.426,ID=17_82;partial=00;start_type=ATG;rbs_motif=GGAGG;rbs_spacer=5-10bp;gc,26.0
NC_005863.1_15,G,K,G,G,G,K,S,D,K,D,C,D,C,ID=2_15;partial=00;start_type=ATG;rbs_motif=GGA/GAG/AGG;rbs_spacer=5-10bp;gc_cont=0.641,ID=2_15;partial=00;start_type=ATG;rbs_motif=GGA/GAG/AGG;rbs_spacer=5-10bp;gc,26.0
NZ_CP018016.1_2719,G,K,G,G,G,K,S,D,K,D,C,D,C,ID=1_2719;partial=00;start_type=ATG;rbs_motif=AGGAG;rbs_spacer=5-10bp;gc_cont=0.556,ID=1_2719;partial=00;start_type=ATG;rbs_motif=AGGAG;rbs_spacer=5-10bp;gc,26.0
NC_019689.1_3482,G,K,G,G,G,K,S,D,K,D,C,D,C,ID=1_3482;partial=00;start_type=GTG;rbs_motif=AGGAG;rbs_spacer=5-10bp;gc_cont=0.500,ID=1_3482;partial=00;start_type=GTG;rbs_motif=AGGAG;rbs_spacer=5-10bp;gc,26.0
NZ_APMH01000045.1_12,G,K,G,G,G,K,S,D,K,D,C,D,C,ID=45_12;partial=00;start_type=ATG;rbs_motif=AGGAG;rbs_spacer=5-10bp;gc_cont=0.361,ID=45_12;partial=00;start_type=ATG;rbs_motif=AGGAG;rbs_spacer=5-10bp;gc,26.0
NZ_ARWE01000001.1_3416,G,K,G,G,G,K,S,D,K,D,C,D,C,ID=1_3416;partial=00;start_type=ATG;rbs_motif=AGGAG;rbs_spacer=5-10bp;gc_cont=0.593,ID=1_3416;partial=00;start_type=ATG;rbs_motif=AGGAG;rbs_spacer=5-10bp;gc,26.0
NZ_AUJE01000005.1_95,G,K,G,G,G,K,S,D,K,D,C,D,C,ID=5_95;partial=00;start_type=ATG;rbs_motif=GGAG/GAGG;rbs_spacer=5-10bp;gc_cont=0.555,ID=5_95;partial=00;start_type=ATG;rbs_motif=GGAG/GAGG;rbs_spacer=5-10bp;gc,26.0
NZ_KE386627.1_200,G,K,G,G,G,K,S,D,K,D,C,D,C,ID=2_200;partial=00;start_type=ATG;rbs_motif=TAA;rbs_spacer=11bp;gc_cont=0.432,ID=2_200;partial=00;start_type=ATG;rbs_motif=TAA;rbs_spacer=11bp;gc,26.0
NZ_AWZT01000045.1_39,G,K,G,G,G,K,S,D,K,D,C,D,C,ID=79_39;partial=00;start_type=ATG;rbs_motif=GGAG/GAGG;rbs_spacer=5-10bp;gc_cont=0.601,ID=79_39;partial=00;start_type=ATG;rbs_motif=GGAG/GAGG;rbs_spacer=5-10bp;gc,26.0
NZ_KI911559.1_3507,G,K,G,G,G,K,S,D,K,D,C,D,C,ID=1_3507;partial=00;start_type=ATG;rbs_motif=GGAGG;rbs_spacer=5-10bp;gc_cont=0.645,ID=1_3507;partial=00;start_type=ATG;rbs_motif=GGAGG;rbs_spacer=5-10bp;gc,26.0
NZ_HG917869.1_430,G,K,G,G,G,K,S,D,K,D,C,D,C,ID=2_430;partial=00;start_type=ATG;rbs_motif=AGGAGG;rbs_spacer=5-10bp;gc_cont=0.342,ID=2_430;partial=00;start_type=ATG;rbs_motif=AGGAGG;rbs_spacer=5-10bp;gc,26.0
NZ_JHZK01000003.1_93,G,K,G,G,G,K,S,D,K,D,C,D,C,ID=3_93;partial=00;start_type=ATG;rbs_motif=AGGAG;rbs_spacer=5-10bp;gc_cont=0.631,ID=3_93;partial=00;start_type=ATG;rbs_motif=AGGAG;rbs_spacer=5-10bp;gc,26.0
NZ_CP045798.1_388,G,K,G,G,G,K,S,D,K,D,C,D,C,ID=1_388;partial=00;start_type=ATG;rbs_motif=AGGAGG;rbs_spacer=5-10bp;gc_cont=0.476,ID=1_388;partial=00;start_type=ATG;rbs_motif=AGGAGG;rbs_spacer=5-10bp;gc,26.0
NZ_BBQM01000004.1_88,G,K,G,G,G,K,S,D,K,D,C,D,C,ID=59_88;partial=00;start_type=ATG;rbs_motif=GGAG/GAGG;rbs_spacer=5-10bp;gc_cont=0.653,ID=59_88;partial=00;start_type=ATG;rbs_motif=GGAG/GAGG;rbs_spacer=5-10bp;gc,26.0
NZ_DF967527.1_142,G,K,G,G,G,K,S,D,K,D,C,D,C,ID=71_142;partial=00;start_type=ATG;rbs_motif=AGGAG;rbs_spacer=5-10bp;gc_cont=0.574,ID=71_142;partial=00;start_type=ATG;rbs_motif=AGGAG;rbs_spacer=5-10bp;gc,26.0
NZ_LJIC01000031.1_10,G,K,G,G,G,K,S,D,K,D,C,D,C,ID=154_10;partial=00;start_type=ATG;rbs_motif=GGAG/GAGG;rbs_spacer=5-10bp;gc_cont=0.640,ID=154_10;partial=00;start_type=ATG;rbs_motif=GGAG/GAGG;rbs_spacer=5-10bp;gc,26.0
NZ_LN997848.1_3629,G,K,G,G,G,K,S,D,K,D,C,D,C,ID=1_3629;partial=00;start_type=ATG;rbs_motif=AGGA;rbs_spacer=5-10bp;gc_cont=0.643,ID=1_3629;partial=00;start_type=ATG;rbs_motif=AGGA;rbs_spacer=5-10bp;gc,26.0
NZ_LVEM01000003.1_1173,G,K,G,G,G,K,S,D,K,D,C,D,C,ID=16_1173;partial=00;start_type=ATG;rbs_motif=GGAG/GAGG;rbs_spacer=5-10bp;gc_cont=0.572,ID=16_1173;partial=00;start_type=ATG;rbs_motif=GGAG/GAGG;rbs_spacer=5-10bp;gc,26.0
NZ_MAGO01000009.1_83,G,K,G,G,G,K,S,D,K,D,C,D,C,ID=9_83;partial=00;start_type=ATG;rbs_motif=GGAGG;rbs_spacer=5-10bp;gc_cont=0.497,ID=9_83;partial=00;start_type=ATG;rbs_motif=GGAGG;rbs_spacer=5-10bp;gc,26.0
NZ_CP017448.1_863,G,K,G,G,G,K,S,D,K,D,C,D,C,ID=1_863;partial=00;start_type=ATG;rbs_motif=AGGAG;rbs_spacer=5-10bp;gc_cont=0.606,ID=1_863;partial=00;start_type=ATG;rbs_motif=AGGAG;rbs_spacer=5-10bp;gc,26.0
NZ_LSLJ01000002.1_18,G,K,G,G,G,K,S,D,K,D,C,D,C,ID=2_18;partial=00;start_type=ATG;rbs_motif=AGGAGG;rbs_spacer=5-10bp;gc_cont=0.466,ID=2_18;partial=00;start_type=ATG;rbs_motif=AGGAGG;rbs_spacer=5-10bp;gc,26.0
NZ_CP020873.1_735,G,K,G,G,G,K,S,D,K,D,C,D,C,ID=1_735;partial=00;start_type=ATG;rbs_motif=None;rbs_spacer=None;gc_cont=0.523,ID=1_735;partial=00;start_type=ATG;rbs_motif=None;rbs_spacer=None;gc,26.0
NZ_NPKI01000050.1_7,G,K,G,G,G,K,S,D,K,D,C,D,C,ID=31_7;partial=00;start_type=ATG;rbs_motif=AGGA;rbs_spacer=5-10bp;gc_cont=0.596,ID=31_7;partial=00;start_type=ATG;rbs_motif=AGGA;rbs_spacer=5-10bp;gc,26.0
NZ_NTMG01000054.1_54,G,K,G,G,G,K,S,D,K,D,C,D,C,ID=50_54;partial=00;start_type=ATG;rbs_motif=AGGAG;rbs_spacer=5-10bp;gc_cont=0.504,ID=50_54;partial=00;start_type=ATG;rbs_motif=AGGAG;rbs_spacer=5-10bp;gc,26.0
NZ_PIUM01000010.1_27,G,K,G,G,G,K,S,D,K,D,C,D,C,ID=1_27;partial=00;start_type=ATG;rbs_motif=AGGAG;rbs_spacer=5-10bp;gc_cont=0.615,ID=1_27;partial=00;start_type=ATG;rbs_motif=AGGAG;rbs_spacer=5-10bp;gc,26.0
NZ_PVBM01000068.1_1,G,K,G,G,G,K,S,D,K,D,C,D,C,ID=111_1;partial=00;start_type=ATG;rbs_motif=AGGA;rbs_spacer=5-10bp;gc_cont=0.582,ID=111_1;partial=00;start_type=ATG;rbs_motif=AGGA;rbs_spacer=5-10bp;gc,26.0
NZ_BFBP01000013.1_75,G,K,G,G,G,K,S,D,K,D,C,D,C,ID=13_75;partial=00;start_type=ATG;rbs_motif=GGAG/GAGG;rbs_spacer=5-10bp;gc_cont=0.626,ID=13_75;partial=00;start_type=ATG;rbs_motif=GGAG/GAGG;rbs_spacer=5-10bp;gc,26.0
NZ_CP029829.1_496,G,K,G,G,G,K,S,D,K,D,C,D,C,ID=1_496;partial=00;start_type=ATG;rbs_motif=AGGAG;rbs_spacer=5-10bp;gc_cont=0.642,ID=1_496;partial=00;start_type=ATG;rbs_motif=AGGAG;rbs_spacer=5-10bp;gc,26.0
NZ_QDGA01000132.1_12,G,K,G,G,G,K,S,D,K,D,C,D,C,ID=38_12;partial=00;start_type=ATG;rbs_motif=AGGAGG;rbs_spacer=5-10bp;gc_cont=0.587,ID=38_12;partial=00;start_type=ATG;rbs_motif=AGGAGG;rbs_spacer=5-10bp;gc,26.0
NZ_MJLZ01000024.1_11,G,K,G,G,G,K,S,D,K,D,C,D,C,ID=24_11;partial=00;start_type=ATG;rbs_motif=GGAG/GAGG;rbs_spacer=5-10bp;gc_cont=0.536,ID=24_11;partial=00;start_type=ATG;rbs_motif=GGAG/GAGG;rbs_spacer=5-10bp;gc,26.0
NZ_CP034451.1_3576,G,K,G,G,G,K,S,D,K,D,C,D,C,ID=1_3576;partial=00;start_type=ATG;rbs_motif=AGGA;rbs_spacer=5-10bp;gc_cont=0.596,ID=1_3576;partial=00;start_type=ATG;rbs_motif=AGGA;rbs_spacer=5-10bp;gc,26.0
NZ_QTZO01000002.1_177,G,K,G,G,G,K,S,D,K,D,C,D,C,ID=23_177;partial=00;start_type=ATG;rbs_motif=GGAGG;rbs_spacer=5-10bp;gc_cont=0.577,ID=23_177;partial=00;start_type=ATG;rbs_motif=GGAGG;rbs_spacer=5-10bp;gc,26.0
NZ_QJUO01000007.1_34,G,K,G,G,G,K,S,D,K,D,C,D,C,ID=77_34;partial=00;start_type=ATG;rbs_motif=GGAG/GAGG;rbs_spacer=5-10bp;gc_cont=0.624,ID=77_34;partial=00;start_type=ATG;rbs_motif=GGAG/GAGG;rbs_spacer=5-10bp;gc,26.0
NZ_SLZZ01000007.1_80,G,K,G,G,G,K,S,D,K,D,C,D,C,ID=7_80;partial=00;start_type=ATG;rbs_motif=AGGAGG;rbs_spacer=5-10bp;gc_cont=0.470,ID=7_80;partial=00;start_type=ATG;rbs_motif=AGGAGG;rbs_spacer=5-10bp;gc,26.0
NZ_SRXN01000093.1_1,G,K,G,G,G,K,S,D,K,D,C,D,C,ID=185_1;partial=00;start_type=ATG;rbs_motif=AGGA;rbs_spacer=5-10bp;gc_cont=0.623,ID=185_1;partial=00;start_type=ATG;rbs_motif=AGGA;rbs_spacer=5-10bp;gc,26.0
NZ_VDCH01000015.1_9,G,K,G,G,G,K,S,D,K,D,C,D,C,ID=6_9;partial=00;start_type=ATG;rbs_motif=None;rbs_spacer=None;gc_cont=0.566,ID=6_9;partial=00;start_type=ATG;rbs_motif=None;rbs_spacer=None;gc,26.0
NZ_VITA01000035.1_15,G,K,G,G,G,K,S,D,K,D,C,D,C,ID=35_15;partial=00;start_type=ATG;rbs_motif=AGGA;rbs_spacer=5-10bp;gc_cont=0.579,ID=35_15;partial=00;start_type=ATG;rbs_motif=AGGA;rbs_spacer=5-10bp;gc,26.0
NZ_VSSR01000014.1_53,G,K,G,G,G,K,S,D,K,D,C,D,C,ID=46_53;partial=00;start_type=ATG;rbs_motif=GGAG/GAGG;rbs_spacer=5-10bp;gc_cont=0.594,ID=46_53;partial=00;start_type=ATG;rbs_motif=GGAG/GAGG;rbs_spacer=5-10bp;gc,26.0
NZ_WHNQ01000029.1_65,G,K,G,G,G,K,S,D,K,D,C,D,C,ID=168_65;partial=00;start_type=ATG;rbs_motif=GGAG/GAGG;rbs_spacer=5-10bp;gc_cont=0.545,ID=168_65;partial=00;start_type=ATG;rbs_motif=GGAG/GAGG;rbs_spacer=5-10bp;gc,26.0
NZ_CP046401.1_3147,G,K,G,G,G,K,S,D,K,D,C,D,C,ID=1_3147;partial=00;start_type=ATG;rbs_motif=TAA;rbs_spacer=11bp;gc_cont=0.415,ID=1_3147;partial=00;start_type=ATG;rbs_motif=TAA;rbs_spacer=11bp;gc,26.0
NZ_CP048409.1_1068,G,K,G,G,G,K,S,D,K,D,C,D,C,ID=1_1068;partial=00;start_type=ATG;rbs_motif=TAAAA;rbs_spacer=9bp;gc_cont=0.433,ID=1_1068;partial=00;start_type=ATG;rbs_motif=TAAAA;rbs_spacer=9bp;gc,26.0
NZ_JAASQS010000009.1_272,G,K,G,G,G,K,S,D,K,D,C,D,C,ID=9_272;partial=00;start_type=ATG;rbs_motif=AGGAG;rbs_spacer=5-10bp;gc_cont=0.614,ID=9_272;partial=00;start_type=ATG;rbs_motif=AGGAG;rbs_spacer=5-10bp;gc,26.0
NZ_JABGCB010000025.1_41,G,K,G,G,G,K,S,D,K,D,C,D,C,ID=25_41;partial=00;start_type=ATG;rbs_motif=AGGAG;rbs_spacer=5-10bp;gc_cont=0.599,ID=25_41;partial=00;start_type=ATG;rbs_motif=AGGAG;rbs_spacer=5-10bp;gc,26.0
NZ_CP058215.1_399,G,K,G,G,G,K,S,D,K,D,C,D,C,ID=1_399;partial=00;start_type=ATG;rbs_motif=None;rbs_spacer=None;gc_cont=0.459,ID=1_399;partial=00;start_type=ATG;rbs_motif=None;rbs_spacer=None;gc,26.0
NZ_JACIHE010000007.1_96,G,K,G,G,G,K,S,D,K,D,C,D,C,ID=7_96;partial=00;start_type=ATG;rbs_motif=GGAG/GAGG;rbs_spacer=5-10bp;gc_cont=0.583,ID=7_96;partial=00;start_type=ATG;rbs_motif=GGAG/GAGG;rbs_spacer=5-10bp;gc,26.0
NZ_JACCJY010000013.1_88,G,K,G,G,G,K,S,D,K,D,C,D,C,ID=1_88;partial=00;start_type=ATG;rbs_motif=AGGAG;rbs_spacer=5-10bp;gc_cont=0.645,ID=1_88;partial=00;start_type=ATG;rbs_motif=AGGAG;rbs_spacer=5-10bp;gc,26.0
NZ_JACWUN010000003.1_98,G,K,G,G,G,K,S,D,K,D,C,D,C,ID=33_98;partial=00;start_type=ATG;rbs_motif=AGGAG;rbs_spacer=5-10bp;gc_cont=0.529,ID=33_98;partial=00;start_type=ATG;rbs_motif=AGGAG;rbs_spacer=5-10bp;gc,26.0
NZ_CP064653.1_1558,G,K,G,G,G,K,S,D,K,D,C,D,C,ID=1_1558;partial=00;start_type=ATG;rbs_motif=AGGAG;rbs_spacer=5-10bp;gc_cont=0.505,ID=1_1558;partial=00;start_type=ATG;rbs_motif=AGGAG;rbs_spacer=5-10bp;gc,26.0
NZ_NRSJ01000006.1_88,G,K,G,G,G,K,S,D,K,D,C,D,C,ID=6_88;partial=00;start_type=ATG;rbs_motif=GGAG/GAGG;rbs_spacer=5-10bp;gc_cont=0.618,ID=6_88;partial=00;start_type=ATG;rbs_motif=GGAG/GAGG;rbs_spacer=5-10bp;gc,26.0
NZ_CP086111.1_3289,G,K,G,G,G,K,S,D,K,D,C,D,C,ID=1_3289;partial=00;start_type=ATG;rbs_motif=AGGAG;rbs_spacer=5-10bp;gc_cont=0.648,ID=1_3289;partial=00;start_type=ATG;rbs_motif=AGGAG;rbs_spacer=5-10bp;gc,26.0
NZ_CP061799.1_5162,G,K,G,G,G,K,S,D,K,D,C,D,C,ID=1_5162;partial=00;start_type=ATG;rbs_motif=AGGA;rbs_spacer=5-10bp;gc_cont=0.429,ID=1_5162;partial=00;start_type=ATG;rbs_motif=AGGA;rbs_spacer=5-10bp;gc,26.0
NZ_CP072869.1_84,G,K,G,G,G,K,S,D,K,D,C,D,C,ID=5_84;partial=00;start_type=ATG;rbs_motif=AGGA;rbs_spacer=5-10bp;gc_cont=0.549,ID=5_84;partial=00;start_type=ATG;rbs_motif=AGGA;rbs_spacer=5-10bp;gc,26.0
NZ_JABWCU010000006.1_246,G,K,G,G,G,K,S,D,K,D,C,D,C,ID=56_246;partial=00;start_type=ATG;rbs_motif=AGGAG;rbs_spacer=5-10bp;gc_cont=0.633,ID=56_246;partial=00;start_type=ATG;rbs_motif=AGGAG;rbs_spacer=5-10bp;gc,26.0
NZ_CP077683.1_1163,G,K,G,G,G,K,S,D,K,D,C,D,C,ID=1_1163;partial=00;start_type=ATG;rbs_motif=AGGAG;rbs_spacer=5-10bp;gc_cont=0.621,ID=1_1163;partial=00;start_type=ATG;rbs_motif=AGGAG;rbs_spacer=5-10bp;gc,26.0
NZ_AP024849.1_3484,G,K,G,G,G,K,S,D,K,D,C,D,C,ID=1_3484;partial=00;start_type=ATG;rbs_motif=AGGAGG;rbs_spacer=5-10bp;gc_cont=0.348,ID=1_3484;partial=00;start_type=ATG;rbs_motif=AGGAGG;rbs_spacer=5-10bp;gc,26.0
NZ_JAJCTH010000015.1_39,G,K,G,G,G,K,S,D,K,D,C,D,C,ID=15_39;partial=00;start_type=ATG;rbs_motif=GGAG/GAGG;rbs_spacer=5-10bp;gc_cont=0.591,ID=15_39;partial=00;start_type=ATG;rbs_motif=GGAG/GAGG;rbs_spacer=5-10bp;gc,26.0
NZ_CP090097.1_72,G,K,G,G,G,K,S,D,K,D,C,D,C,ID=3_72;partial=00;start_type=ATG;rbs_motif=GGA/GAG/AGG;rbs_spacer=5-10bp;gc_cont=0.541,ID=3_72;partial=00;start_type=ATG;rbs_motif=GGA/GAG/AGG;rbs_spacer=5-10bp;gc,26.0
NZ_JAKMAJ010000003.1_183,G,K,G,G,G,K,S,D,K,D,C,D,C,ID=3_183;partial=00;start_type=ATG;rbs_motif=GGAG/GAGG;rbs_spacer=5-10bp;gc_cont=0.566,ID=3_183;partial=00;start_type=ATG;rbs_motif=GGAG/GAGG;rbs_spacer=5-10bp;gc,26.0
NZ_JADPJL010000016.1_2,G,K,G,G,G,K,S,D,K,D,C,D,C,ID=60_2;partial=00;start_type=ATG;rbs_motif=GGAG/GAGG;rbs_spacer=5-10bp;gc_cont=0.617,ID=60_2;partial=00;start_type=ATG;rbs_motif=GGAG/GAGG;rbs_spacer=5-10bp;gc,26.0
NZ_JAMDLI010000007.1_844,G,K,G,G,G,K,S,D,K,D,C,D,C,ID=26_844;partial=00;start_type=ATG;rbs_motif=AGGA;rbs_spacer=5-10bp;gc_cont=0.624,ID=26_844;partial=00;start_type=ATG;rbs_motif=AGGA;rbs_spacer=5-10bp;gc,26.0
NZ_JTEO01000002.1_128,G,K,G,G,G,K,S,D,K,D,C,D,C,ID=11_128;partial=00;start_type=ATG;rbs_motif=AGxAGG/AGGxGG;rbs_spacer=5-10bp;gc_cont=0.543,ID=11_128;partial=00;start_type=ATG;rbs_motif=AGxAGG/AGGxGG;rbs_spacer=5-10bp;gc,26.0
NZ_FMAI01000005.1_272,G,K,G,G,G,K,S,D,K,D,C,D,C,ID=11_272;partial=00;start_type=ATG;rbs_motif=GGAG/GAGG;rbs_spacer=5-10bp;gc_cont=0.580,ID=11_272;partial=00;start_type=ATG;rbs_motif=GGAG/GAGG;rbs_spacer=5-10bp;gc,26.0
NZ_FNHB01000005.1_232,G,K,G,G,G,K,S,D,K,D,C,D,C,ID=4_232;partial=00;start_type=ATG;rbs_motif=AGGAGG;rbs_spacer=5-10bp;gc_cont=0.479,ID=4_232;partial=00;start_type=ATG;rbs_motif=AGGAGG;rbs_spacer=5-10bp;gc,26.0
NZ_FOFU01000003.1_96,G,K,G,G,G,K,S,D,K,D,C,D,C,ID=11_96;partial=00;start_type=ATG;rbs_motif=AGGAG;rbs_spacer=5-10bp;gc_cont=0.454,ID=11_96;partial=00;start_type=ATG;rbs_motif=AGGAG;rbs_spacer=5-10bp;gc,26.0
NZ_FPAU01000001.1_1275,G,K,G,G,G,K,S,D,K,D,C,D,C,ID=6_1275;partial=00;start_type=ATG;rbs_motif=AGGAG;rbs_spacer=5-10bp;gc_cont=0.546,ID=6_1275;partial=00;start_type=ATG;rbs_motif=AGGAG;rbs_spacer=5-10bp;gc,26.0
NZ_FRAR01000012.1_92,G,K,G,G,G,K,S,D,K,D,C,D,C,ID=14_92;partial=00;start_type=ATG;rbs_motif=AGGAGG;rbs_spacer=5-10bp;gc_cont=0.487,ID=14_92;partial=00;start_type=ATG;rbs_motif=AGGAGG;rbs_spacer=5-10bp;gc,26.0
NZ_FUWR01000012.1_77,G,K,G,G,G,K,S,D,K,D,C,D,C,ID=33_77;partial=00;start_type=ATG;rbs_motif=AGGAG;rbs_spacer=5-10bp;gc_cont=0.526,ID=33_77;partial=00;start_type=ATG;rbs_motif=AGGAG;rbs_spacer=5-10bp;gc,26.0
NZ_FZQR01000114.1_1,G,K,G,G,G,K,S,D,K,D,C,D,C,ID=24_1;partial=00;start_type=ATG;rbs_motif=AGGA;rbs_spacer=5-10bp;gc_cont=0.617,ID=24_1;partial=00;start_type=ATG;rbs_motif=AGGA;rbs_spacer=5-10bp;gc,26.0
NZ_CABFMQ020000001.1_411,G,K,G,G,G,K,S,D,K,D,C,D,C,ID=1_411;partial=00;start_type=ATG;rbs_motif=AGGAG;rbs_spacer=5-10bp;gc_cont=0.610,ID=1_411;partial=00;start_type=ATG;rbs_motif=AGGAG;rbs_spacer=5-10bp;gc,26.0
KV441839.1_711,G,K,G,G,G,K,S,D,K,D,C,D,C,ID=1_711;partial=00;start_type=ATG;rbs_motif=None;rbs_spacer=None;gc_cont=0.587,ID=1_711;partial=00;start_type=ATG;rbs_motif=None;rbs_spacer=None;gc,26.0
JAAXUM010000012.1_9,G,K,G,G,G,K,S,D,K,D,C,D,C,ID=38_9;partial=00;start_type=ATG;rbs_motif=AATAA;rbs_spacer=15bp;gc_cont=0.446,ID=38_9;partial=00;start_type=ATG;rbs_motif=AATAA;rbs_spacer=15bp;gc,26.0
JAEWCQ010000016.1_8,G,K,G,G,G,K,S,D,K,D,C,D,C,ID=20_8;partial=00;start_type=ATG;rbs_motif=AGGAGG;rbs_spacer=5-10bp;gc_cont=0.435,ID=20_8;partial=00;start_type=ATG;rbs_motif=AGGAGG;rbs_spacer=5-10bp;gc,26.0
JAFADH010000279.1_9,G,K,G,G,G,K,S,D,K,D,C,D,C,ID=18_9;partial=00;start_type=ATG;rbs_motif=AGGAGG;rbs_spacer=5-10bp;gc_cont=0.485,ID=18_9;partial=00;start_type=ATG;rbs_motif=AGGAGG;rbs_spacer=5-10bp;gc,26.0
NC_014664.1_3349,G,K,G,G,G,K,S,D,K,D,C,D,C,ID=1_3349;partial=00;start_type=ATG;rbs_motif=AGGAG;rbs_spacer=5-10bp;gc_cont=0.586,ID=1_3349;partial=00;start_type=ATG;rbs_motif=AGGAG;rbs_spacer=5-10bp;gc,26.0
NZ_AUFL01000008.1_105,G,K,G,G,G,K,S,D,K,D,C,D,C,ID=5_105;partial=00;start_type=ATG;rbs_motif=TAAA;rbs_spacer=11bp;gc_cont=0.402,ID=5_105;partial=00;start_type=ATG;rbs_motif=TAAA;rbs_spacer=11bp;gc,26.0
NZ_NADJ01000015.1_7,G,K,G,G,G,K,S,D,K,D,C,D,C,ID=7_7;partial=00;start_type=ATG;rbs_motif=AGGAG;rbs_spacer=5-10bp;gc_cont=0.449,ID=7_7;partial=00;start_type=ATG;rbs_motif=AGGAG;rbs_spacer=5-10bp;gc,26.0
NZ_CP041387.1_1501,G,K,G,G,G,K,S,D,K,D,C,D,C,ID=1_1501;partial=00;start_type=ATG;rbs_motif=AGGAG;rbs_spacer=5-10bp;gc_cont=0.626,ID=1_1501;partial=00;start_type=ATG;rbs_motif=AGGAG;rbs_spacer=5-10bp;gc,26.0
NZ_CP050854.1_827,G,K,G,G,G,K,S,D,K,D,C,D,C,ID=1_827;partial=00;start_type=ATG;rbs_motif=GGAG/GAGG;rbs_spacer=5-10bp;gc_cont=0.483,ID=1_827;partial=00;start_type=ATG;rbs_motif=GGAG/GAGG;rbs_spacer=5-10bp;gc,26.0
NZ_FRAC01000010.1_250,G,K,G,G,G,K,S,D,K,D,C,D,C,ID=32_250;partial=00;start_type=ATG;rbs_motif=AGGAGG;rbs_spacer=5-10bp;gc_cont=0.459,ID=32_250;partial=00;start_type=ATG;rbs_motif=AGGAGG;rbs_spacer=5-10bp;gc,26.0
JAATGG010000122.1_24,G,K,G,G,G,K,S,D,K,D,C,D,C,ID=170_24;partial=00;start_type=ATG;rbs_motif=GGAG/GAGG;rbs_spacer=5-10bp;gc_cont=0.512,ID=170_24;partial=00;start_type=ATG;rbs_motif=GGAG/GAGG;rbs_spacer=5-10bp;gc,26.0
NZ_JACIGE010000001.1_48,G,K,G,G,G,K,S,D,K,D,C,D,C,ID=1_48;partial=00;start_type=ATG;rbs_motif=AGGAG;rbs_spacer=5-10bp;gc_cont=0.581,ID=1_48;partial=00;start_type=ATG;rbs_motif=AGGAG;rbs_spacer=5-10bp;gc,26.0
NZ_AP018207.1_6268,G,K,G,G,G,K,S,D,K,D,C,D,C,ID=1_6268;partial=00;start_type=ATG;rbs_motif=AGGA;rbs_spacer=5-10bp;gc_cont=0.470,ID=1_6268;partial=00;start_type=ATG;rbs_motif=AGGA;rbs_spacer=5-10bp;gc,26.0
JAJZGK010000148.1_5,G,K,G,G,G,K,S,D,K,D,C,D,C,ID=15_5;partial=00;start_type=ATG;rbs_motif=AGGA;rbs_spacer=5-10bp;gc_cont=0.636,ID=15_5;partial=00;start_type=ATG;rbs_motif=AGGA;rbs_spacer=5-10bp;gc,26.0
JAGI01000003.1_533,G,K,G,G,G,K,S,D,K,D,C,D,C,ID=3_533;partial=00;start_type=ATG;rbs_motif=AGGAGG;rbs_spacer=5-10bp;gc_cont=0.482,ID=3_533;partial=00;start_type=ATG;rbs_motif=AGGAGG;rbs_spacer=5-10bp;gc,26.0
LADN01000053.1_49,G,K,G,G,G,K,S,D,K,D,C,D,C,ID=29_49;partial=00;start_type=ATG;rbs_motif=AGxAGG/AGGxGG;rbs_spacer=5-10bp;gc_cont=0.527,ID=29_49;partial=00;start_type=ATG;rbs_motif=AGxAGG/AGGxGG;rbs_spacer=5-10bp;gc,26.0
LUZZ01000315.1_2,G,K,G,G,G,K,S,D,K,D,C,D,C,ID=209_2;partial=00;start_type=ATG;rbs_motif=AGGAG;rbs_spacer=5-10bp;gc_cont=0.589,ID=209_2;partial=00;start_type=ATG;rbs_motif=AGGAG;rbs_spacer=5-10bp;gc,26.0
MGTC01000080.1_6,G,K,G,G,G,K,S,D,K,D,C,D,C,ID=80_6;partial=00;start_type=ATG;rbs_motif=AGGAG;rbs_spacer=5-10bp;gc_cont=0.556,ID=80_6;partial=00;start_type=ATG;rbs_motif=AGGAG;rbs_spacer=5-10bp;gc,26.0
MIAO01000074.1_30,G,K,G,G,G,K,S,D,K,D,C,D,C,ID=74_30;partial=00;start_type=ATG;rbs_motif=AGGAG;rbs_spacer=5-10bp;gc_cont=0.479,ID=74_30;partial=00;start_type=ATG;rbs_motif=AGGAG;rbs_spacer=5-10bp;gc,26.0
MBQZ01000010.1_27,G,K,G,G,G,K,S,D,K,D,C,D,C,ID=10_27;partial=00;start_type=ATG;rbs_motif=AGGAG;rbs_spacer=5-10bp;gc_cont=0.434,ID=10_27;partial=00;start_type=ATG;rbs_motif=AGGAG;rbs_spacer=5-10bp;gc,26.0
DBTU01000053.1_108,G,K,G,G,G,K,S,D,K,D,C,D,C,ID=32_108;partial=00;start_type=ATG;rbs_motif=AGGAGG;rbs_spacer=5-10bp;gc_cont=0.418,ID=32_108;partial=00;start_type=ATG;rbs_motif=AGGAGG;rbs_spacer=5-10bp;gc,26.0
DDYH01000026.1_20,G,K,G,G,G,K,S,D,K,D,C,D,C,ID=36_20;partial=00;start_type=ATG;rbs_motif=AGGAG;rbs_spacer=5-10bp;gc_cont=0.629,ID=36_20;partial=00;start_type=ATG;rbs_motif=AGGAG;rbs_spacer=5-10bp;gc,26.0
DGRX01000006.1_63,G,K,G,G,G,K,S,D,K,D,C,D,C,ID=7_63;partial=00;start_type=ATG;rbs_motif=AGGAG;rbs_spacer=5-10bp;gc_cont=0.550,ID=7_63;partial=00;start_type=ATG;rbs_motif=AGGAG;rbs_spacer=5-10bp;gc,26.0
DHWG01000082.1_9,G,K,G,G,G,K,S,D,K,D,C,D,C,ID=101_9;partial=00;start_type=ATG;rbs_motif=AGGAG;rbs_spacer=5-10bp;gc_cont=0.466,ID=101_9;partial=00;start_type=ATG;rbs_motif=AGGAG;rbs_spacer=5-10bp;gc,26.0
DAQC01000001.1_533,G,K,G,G,G,K,S,D,K,D,C,D,C,ID=8_533;partial=00;start_type=ATG;rbs_motif=GGAGG;rbs_spacer=5-10bp;gc_cont=0.542,ID=8_533;partial=00;start_type=ATG;rbs_motif=GGAGG;rbs_spacer=5-10bp;gc,26.0
PEAP01000018.1_11,G,K,G,G,G,K,S,D,K,D,C,D,C,ID=151_11;partial=00;start_type=ATG;rbs_motif=GGAG/GAGG;rbs_spacer=5-10bp;gc_cont=0.637,ID=151_11;partial=00;start_type=ATG;rbs_motif=GGAG/GAGG;rbs_spacer=5-10bp;gc,26.0
PHSQ01000003.1_278,G,K,G,G,G,K,S,D,K,D,C,D,C,ID=1_278;partial=00;start_type=ATG;rbs_motif=AGGAG;rbs_spacer=5-10bp;gc_cont=0.579,ID=1_278;partial=00;start_type=ATG;rbs_motif=AGGAG;rbs_spacer=5-10bp;gc,26.0
BDTI01000123.1_4,G,K,G,G,G,K,S,D,K,D,C,D,C,ID=123_4;partial=00;start_type=ATG;rbs_motif=GGAGG;rbs_spacer=5-10bp;gc_cont=0.505,ID=123_4;partial=00;start_type=ATG;rbs_motif=GGAGG;rbs_spacer=5-10bp;gc,26.0
PLYB01000275.1_51,G,K,G,G,G,K,S,D,K,D,C,D,C,ID=239_51;partial=00;start_type=ATG;rbs_motif=GGAG/GAGG;rbs_spacer=5-10bp;gc_cont=0.522,ID=239_51;partial=00;start_type=ATG;rbs_motif=GGAG/GAGG;rbs_spacer=5-10bp;gc,26.0
PMNG01000101.1_5,G,K,G,G,G,K,S,D,K,D,C,D,C,ID=114_5;partial=00;start_type=ATG;rbs_motif=GGA/GAG/AGG;rbs_spacer=5-10bp;gc_cont=0.558,ID=114_5;partial=00;start_type=ATG;rbs_motif=GGA/GAG/AGG;rbs_spacer=5-10bp;gc,26.0
QKDF01000214.1_4,G,K,G,G,G,K,S,D,K,D,C,D,C,ID=193_4;partial=00;start_type=ATG;rbs_motif=AGGAGG;rbs_spacer=5-10bp;gc_cont=0.571,ID=193_4;partial=00;start_type=ATG;rbs_motif=AGGAGG;rbs_spacer=5-10bp;gc,26.0
QKGS01000086.1_11,G,K,G,G,G,K,S,D,K,D,C,D,C,ID=40_11;partial=00;start_type=ATG;rbs_motif=AAAA;rbs_spacer=10bp;gc_cont=0.398,ID=40_11;partial=00;start_type=ATG;rbs_motif=AAAA;rbs_spacer=10bp;gc,26.0
DNUE01000066.1_18,G,K,G,G,G,K,S,D,K,D,C,D,C,ID=75_18;partial=00;start_type=ATG;rbs_motif=AGGAGG;rbs_spacer=5-10bp;gc_cont=0.585,ID=75_18;partial=00;start_type=ATG;rbs_motif=AGGAGG;rbs_spacer=5-10bp;gc,26.0
QZKS01000054.1_31,G,K,G,G,G,K,S,D,K,D,C,D,C,ID=14_31;partial=00;start_type=ATG;rbs_motif=AGGA;rbs_spacer=5-10bp;gc_cont=0.484,ID=14_31;partial=00;start_type=ATG;rbs_motif=AGGA;rbs_spacer=5-10bp;gc,26.0
SAQR01000020.1_36,G,K,G,G,G,K,S,D,K,D,C,D,C,ID=108_36;partial=00;start_type=ATG;rbs_motif=AGGA;rbs_spacer=5-10bp;gc_cont=0.600,ID=108_36;partial=00;start_type=ATG;rbs_motif=AGGA;rbs_spacer=5-10bp;gc,26.0
SCQE01000003.1_11,G,K,G,G,G,K,S,D,K,D,C,D,C,ID=63_11;partial=00;start_type=ATG;rbs_motif=AGGAGG;rbs_spacer=5-10bp;gc_cont=0.572,ID=63_11;partial=00;start_type=ATG;rbs_motif=AGGAGG;rbs_spacer=5-10bp;gc,26.0
SZXX01000015.1_85,G,K,G,G,G,K,S,D,K,D,C,D,C,ID=51_85;partial=00;start_type=ATG;rbs_motif=None;rbs_spacer=None;gc_cont=0.481,ID=51_85;partial=00;start_type=ATG;rbs_motif=None;rbs_spacer=None;gc,26.0
REBL01000240.1_8,G,K,G,G,G,K,S,D,K,D,C,D,C,ID=263_8;partial=00;start_type=ATG;rbs_motif=AGGAG;rbs_spacer=5-10bp;gc_cont=0.452,ID=263_8;partial=00;start_type=ATG;rbs_motif=AGGAG;rbs_spacer=5-10bp;gc,26.0
WBUE01000001.1_167,G,K,G,G,G,K,S,D,K,D,C,D,C,ID=1_167;partial=00;start_type=ATG;rbs_motif=AGGAG;rbs_spacer=5-10bp;gc_cont=0.623,ID=1_167;partial=00;start_type=ATG;rbs_motif=AGGAG;rbs_spacer=5-10bp;gc,26.0
VFJK01000052.1_8,G,K,G,G,G,K,S,D,K,D,C,D,C,ID=120_8;partial=00;start_type=ATG;rbs_motif=GGxGG;rbs_spacer=5-10bp;gc_cont=0.563,ID=120_8;partial=00;start_type=ATG;rbs_motif=GGxGG;rbs_spacer=5-10bp;gc,26.0
DSAE01000145.1_2,G,K,G,G,G,K,S,D,K,D,C,D,C,ID=86_2;partial=00;start_type=ATG;rbs_motif=AGGAGG;rbs_spacer=5-10bp;gc_cont=0.618,ID=86_2;partial=00;start_type=ATG;rbs_motif=AGGAGG;rbs_spacer=5-10bp;gc,26.0
JAAUTT010000626.1_2,G,K,G,G,G,K,S,D,K,D,C,D,C,ID=32_2;partial=00;start_type=ATG;rbs_motif=None;rbs_spacer=None;gc_cont=0.417,ID=32_2;partial=00;start_type=ATG;rbs_motif=None;rbs_spacer=None;gc,26.0
JAAYPC010000346.1_3,G,K,G,G,G,K,S,D,K,D,C,D,C,ID=171_3;partial=00;start_type=ATG;rbs_motif=AGGAG;rbs_spacer=5-10bp;gc_cont=0.458,ID=171_3;partial=00;start_type=ATG;rbs_motif=AGGAG;rbs_spacer=5-10bp;gc,26.0
JABFRC010000182.1_3,G,K,G,G,G,K,S,D,K,D,C,D,C,ID=192_3;partial=00;start_type=ATG;rbs_motif=AGGAG;rbs_spacer=5-10bp;gc_cont=0.436,ID=192_3;partial=00;start_type=ATG;rbs_motif=AGGAG;rbs_spacer=5-10bp;gc,26.0
JAAXUP010000107.1_1,G,K,G,G,G,K,S,D,K,D,C,D,C,ID=201_1;partial=00;start_type=ATG;rbs_motif=AGGAGG;rbs_spacer=5-10bp;gc_cont=0.448,ID=201_1;partial=00;start_type=ATG;rbs_motif=AGGAGG;rbs_spacer=5-10bp;gc,26.0
QBUV01000135.1_7,G,K,G,G,G,K,S,D,K,D,C,D,C,ID=176_7;partial=00;start_type=ATG;rbs_motif=GGAGG;rbs_spacer=5-10bp;gc_cont=0.554,ID=176_7;partial=00;start_type=ATG;rbs_motif=GGAGG;rbs_spacer=5-10bp;gc,26.0
JACMJL010000081.1_16,G,K,G,G,G,K,S,D,K,D,C,D,C,ID=143_16;partial=00;start_type=ATG;rbs_motif=AGGAGG;rbs_spacer=5-10bp;gc_cont=0.371,ID=143_16;partial=00;start_type=ATG;rbs_motif=AGGAGG;rbs_spacer=5-10bp;gc,26.0
SVCL01000070.1_57,G,K,G,G,G,K,S,D,K,D,C,D,C,ID=48_57;partial=00;start_type=ATG;rbs_motif=AGxAGG/AGGxGG;rbs_spacer=5-10bp;gc_cont=0.322,ID=48_57;partial=00;start_type=ATG;rbs_motif=AGxAGG/AGGxGG;rbs_spacer=5-10bp;gc,26.0
JADFZQ010000002.1_178,G,K,G,G,G,K,S,D,K,D,C,D,C,ID=22_178;partial=00;start_type=ATG;rbs_motif=AGGAG;rbs_spacer=5-10bp;gc_cont=0.442,ID=22_178;partial=00;start_type=ATG;rbs_motif=AGGAG;rbs_spacer=5-10bp;gc,26.0
WFVQ01000083.1_5,G,K,G,G,G,K,S,D,K,D,C,D,C,ID=83_5;partial=00;start_type=ATG;rbs_motif=AGGAGG;rbs_spacer=5-10bp;gc_cont=0.553,ID=83_5;partial=00;start_type=ATG;rbs_motif=AGGAGG;rbs_spacer=5-10bp;gc,26.0
JACPFJ010000023.1_140,G,K,G,G,G,K,S,D,K,D,C,D,C,ID=36_140;partial=00;start_type=ATG;rbs_motif=AGGAG;rbs_spacer=5-10bp;gc_cont=0.617,ID=36_140;partial=00;start_type=ATG;rbs_motif=AGGAG;rbs_spacer=5-10bp;gc,26.0
JACRDE010000486.1_5,G,K,G,G,G,K,S,D,K,D,C,D,C,ID=363_5;partial=00;start_type=ATG;rbs_motif=GGA/GAG/AGG;rbs_spacer=5-10bp;gc_cont=0.547,ID=363_5;partial=00;start_type=ATG;rbs_motif=GGA/GAG/AGG;rbs_spacer=5-10bp;gc,26.0
JACRDC010000009.1_39,G,K,G,G,G,K,S,D,K,D,C,D,C,ID=18_39;partial=00;start_type=ATG;rbs_motif=GGAGG;rbs_spacer=5-10bp;gc_cont=0.646,ID=18_39;partial=00;start_type=ATG;rbs_motif=GGAGG;rbs_spacer=5-10bp;gc,26.0
JACRLO010000018.1_2,G,K,G,G,G,K,S,D,K,D,C,D,C,ID=12_2;partial=00;start_type=ATG;rbs_motif=AGGAGG;rbs_spacer=5-10bp;gc_cont=0.549,ID=12_2;partial=00;start_type=ATG;rbs_motif=AGGAGG;rbs_spacer=5-10bp;gc,26.0
JAEEVL010000007.1_12,G,K,G,G,G,K,S,D,K,D,C,D,C,ID=42_12;partial=00;start_type=ATG;rbs_motif=GGA/GAG/AGG;rbs_spacer=5-10bp;gc_cont=0.488,ID=42_12;partial=00;start_type=ATG;rbs_motif=GGA/GAG/AGG;rbs_spacer=5-10bp;gc,26.0
JADJQQ010000018.1_70,G,K,G,G,G,K,S,D,K,D,C,D,C,ID=18_70;partial=00;start_type=ATG;rbs_motif=AGGAG;rbs_spacer=5-10bp;gc_cont=0.617,ID=18_70;partial=00;start_type=ATG;rbs_motif=AGGAG;rbs_spacer=5-10bp;gc,26.0
JADHUV010000007.1_59,G,K,G,G,G,K,S,D,K,D,C,D,C,ID=34_59;partial=00;start_type=ATG;rbs_motif=AGGAG;rbs_spacer=5-10bp;gc_cont=0.457,ID=34_59;partial=00;start_type=ATG;rbs_motif=AGGAG;rbs_spacer=5-10bp;gc,26.0
VGDY01000024.1_6,G,K,G,G,G,K,S,D,K,D,C,D,C,ID=24_6;partial=00;start_type=ATG;rbs_motif=AGGAG;rbs_spacer=5-10bp;gc_cont=0.602,ID=24_6;partial=00;start_type=ATG;rbs_motif=AGGAG;rbs_spacer=5-10bp;gc,26.0
JAFGPQ010000295.1_5,G,K,G,G,G,K,S,D,K,D,C,D,C,ID=69_5;partial=00;start_type=ATG;rbs_motif=AGGAGG;rbs_spacer=5-10bp;gc_cont=0.553,ID=69_5;partial=00;start_type=ATG;rbs_motif=AGGAGG;rbs_spacer=5-10bp;gc,26.0
JABXKH010000100.1_22,G,R,G,G,G,K,S,D,K,D,C,D,C,ID=78_22;partial=00;start_type=ATG;rbs_motif=GGAG/GAGG;rbs_spacer=5-10bp;gc_cont=0.462,ID=78_22;partial=00;start_type=ATG;rbs_motif=GGAG/GAGG;rbs_spacer=5-10bp;gc,25.0
JAFRWN010000123.1_32,G,K,G,G,G,K,S,D,K,D,C,D,C,ID=67_32;partial=00;start_type=ATG;rbs_motif=GGAG/GAGG;rbs_spacer=5-10bp;gc_cont=0.488,ID=67_32;partial=00;start_type=ATG;rbs_motif=GGAG/GAGG;rbs_spacer=5-10bp;gc,26.0
JAFVAA010000919.1_12,G,K,G,G,G,K,S,D,K,D,C,D,C,ID=843_12;partial=01;start_type=ATG;rbs_motif=GGA/GAG/AGG;rbs_spacer=5-10bp;gc_cont=0.467,ID=843_12;partial=01;start_type=ATG;rbs_motif=GGA/GAG/AGG;rbs_spacer=5-10bp;gc,26.0
JAFYEE010000163.1_2,G,K,G,G,G,K,S,D,K,D,C,D,C,ID=128_2;partial=00;start_type=ATG;rbs_motif=GGAGG;rbs_spacer=5-10bp;gc_cont=0.572,ID=128_2;partial=00;start_type=ATG;rbs_motif=GGAGG;rbs_spacer=5-10bp;gc,26.0
JAGBMJ010000020.1_4,G,K,G,G,G,K,S,D,K,D,C,D,C,ID=143_4;partial=00;start_type=ATG;rbs_motif=GGAGG;rbs_spacer=5-10bp;gc_cont=0.523,ID=143_4;partial=00;start_type=ATG;rbs_motif=GGAGG;rbs_spacer=5-10bp;gc,26.0
JADGQO010000200.1_23,G,K,G,G,G,K,S,D,K,D,C,D,C,ID=122_23;partial=00;start_type=ATG;rbs_motif=AGGAG;rbs_spacer=5-10bp;gc_cont=0.589,ID=122_23;partial=00;start_type=ATG;rbs_motif=AGGAG;rbs_spacer=5-10bp;gc,26.0
JAGCWA010000012.1_44,G,K,G,G,G,K,S,D,K,D,C,D,C,ID=47_44;partial=00;start_type=ATG;rbs_motif=TAAAA;rbs_spacer=13bp;gc_cont=0.483,ID=47_44;partial=00;start_type=ATG;rbs_motif=TAAAA;rbs_spacer=13bp;gc,26.0
JAGXSZ010000017.1_21,G,K,G,G,G,K,S,D,K,D,C,D,C,ID=17_21;partial=00;start_type=ATG;rbs_motif=AGGAGG;rbs_spacer=5-10bp;gc_cont=0.603,ID=17_21;partial=00;start_type=ATG;rbs_motif=AGGAGG;rbs_spacer=5-10bp;gc,26.0
JAHJNL010000086.1_59,G,K,G,G,G,K,S,D,K,D,C,D,C,ID=73_59;partial=00;start_type=ATG;rbs_motif=AGGAG;rbs_spacer=5-10bp;gc_cont=0.531,ID=73_59;partial=00;start_type=ATG;rbs_motif=AGGAG;rbs_spacer=5-10bp;gc,26.0
JAHIQT010000088.1_6,G,K,G,G,G,K,S,D,K,D,C,D,C,ID=26_6;partial=00;start_type=ATG;rbs_motif=AGGAGG;rbs_spacer=5-10bp;gc_cont=0.482,ID=26_6;partial=00;start_type=ATG;rbs_motif=AGGAGG;rbs_spacer=5-10bp;gc,26.0
JAIOJO010000044.1_12,G,K,G,G,G,K,S,D,K,D,C,D,C,ID=293_12;partial=00;start_type=ATG;rbs_motif=AGGAG;rbs_spacer=5-10bp;gc_cont=0.570,ID=293_12;partial=00;start_type=ATG;rbs_motif=AGGAG;rbs_spacer=5-10bp;gc,26.0
JAGVGD010000013.1_11,G,K,G,G,G,K,S,D,K,D,C,D,C,ID=70_11;partial=00;start_type=GTG;rbs_motif=AGGAG;rbs_spacer=5-10bp;gc_cont=0.598,ID=70_11;partial=00;start_type=GTG;rbs_motif=AGGAG;rbs_spacer=5-10bp;gc,26.0
JAGRHA010000290.1_18,G,K,G,G,G,K,S,D,K,D,C,D,C,ID=151_18;partial=00;start_type=ATG;rbs_motif=AGGAG;rbs_spacer=5-10bp;gc_cont=0.593,ID=151_18;partial=00;start_type=ATG;rbs_motif=AGGAG;rbs_spacer=5-10bp;gc,26.0
DYIY01000011.1_36,G,K,G,G,G,K,S,D,K,D,C,D,C,ID=37_36;partial=00;start_type=ATG;rbs_motif=AGGAG;rbs_spacer=5-10bp;gc_cont=0.616,ID=37_36;partial=00;start_type=ATG;rbs_motif=AGGAG;rbs_spacer=5-10bp;gc,26.0
JAJQDE010000041.1_90,G,K,G,G,G,K,S,D,K,D,C,D,C,ID=48_90;partial=00;start_type=ATG;rbs_motif=AGGAG;rbs_spacer=5-10bp;gc_cont=0.522,ID=48_90;partial=00;start_type=ATG;rbs_motif=AGGAG;rbs_spacer=5-10bp;gc,26.0
JAIPEN010000003.1_28,G,K,G,G,G,K,S,D,K,D,C,D,C,ID=22_28;partial=00;start_type=ATG;rbs_motif=GGAGG;rbs_spacer=5-10bp;gc_cont=0.641,ID=22_28;partial=00;start_type=ATG;rbs_motif=GGAGG;rbs_spacer=5-10bp;gc,26.0
JAJXYD010000044.1_11,G,K,G,G,G,K,S,D,K,D,C,D,C,ID=12_11;partial=00;start_type=ATG;rbs_motif=AGGAGG;rbs_spacer=5-10bp;gc_cont=0.589,ID=12_11;partial=00;start_type=ATG;rbs_motif=AGGAGG;rbs_spacer=5-10bp;gc,26.0
JAJYOG010000014.1_34,G,K,G,G,G,K,S,D,K,D,C,D,C,ID=44_34;partial=00;start_type=ATG;rbs_motif=AGGAG;rbs_spacer=5-10bp;gc_cont=0.589,ID=44_34;partial=00;start_type=ATG;rbs_motif=AGGAG;rbs_spacer=5-10bp;gc,26.0
JAJYPD010000042.1_11,G,K,G,G,G,K,S,D,K,D,C,D,C,ID=49_11;partial=00;start_type=ATG;rbs_motif=AGGAG;rbs_spacer=5-10bp;gc_cont=0.619,ID=49_11;partial=00;start_type=ATG;rbs_motif=AGGAG;rbs_spacer=5-10bp;gc,26.0
JAJZDM010000119.1_6,G,K,G,G,G,K,S,D,K,D,C,D,C,ID=145_6;partial=00;start_type=ATG;rbs_motif=AGGAGG;rbs_spacer=3-4bp;gc_cont=0.585,ID=145_6;partial=00;start_type=ATG;rbs_motif=AGGAGG;rbs_spacer=3-4bp;gc,26.0
JAKAFS010000101.1_1,G,K,G,G,G,K,S,D,K,D,C,D,C,ID=199_1;partial=10;start_type=ATG;rbs_motif=AGGAG;rbs_spacer=5-10bp;gc_cont=0.641,ID=199_1;partial=10;start_type=ATG;rbs_motif=AGGAG;rbs_spacer=5-10bp;gc,26.0
JAKAVW010000005.1_23,G,K,G,G,G,K,S,D,K,D,C,D,C,ID=170_23;partial=00;start_type=GTG;rbs_motif=GGAG/GAGG;rbs_spacer=5-10bp;gc_cont=0.577,ID=170_23;partial=00;start_type=GTG;rbs_motif=GGAG/GAGG;rbs_spacer=5-10bp;gc,26.0
JAJZTS010000061.1_17,G,K,G,G,G,K,S,D,K,D,C,D,C,ID=107_17;partial=01;start_type=ATG;rbs_motif=AGGAG;rbs_spacer=5-10bp;gc_cont=0.618,ID=107_17;partial=01;start_type=ATG;rbs_motif=AGGAG;rbs_spacer=5-10bp;gc,26.0
JAKVKH010000001.1_123,G,K,G,G,G,K,S,D,K,D,C,D,C,ID=1_123;partial=00;start_type=ATG;rbs_motif=AGGAG/GGAGG;rbs_spacer=11-12bp;gc_cont=0.432,ID=1_123;partial=00;start_type=ATG;rbs_motif=AGGAG/GGAGG;rbs_spacer=11-12bp;gc,26.0
JALHJD010000041.1_9,G,K,G,G,G,K,S,D,K,D,C,D,C,ID=35_9;partial=00;start_type=ATG;rbs_motif=AGGAGG;rbs_spacer=5-10bp;gc_cont=0.608,ID=35_9;partial=00;start_type=ATG;rbs_motif=AGGAGG;rbs_spacer=5-10bp;gc,26.0
JALNVF010000039.1_7,G,K,G,G,G,K,S,D,K,D,C,D,C,ID=39_7;partial=00;start_type=ATG;rbs_motif=AGGAG;rbs_spacer=5-10bp;gc_cont=0.463,ID=39_7;partial=00;start_type=ATG;rbs_motif=AGGAG;rbs_spacer=5-10bp;gc,26.0
JAEWCZ010000066.1_533,G,K,G,G,G,K,S,D,K,D,C,D,C,ID=25_533;partial=00;start_type=ATG;rbs_motif=GGAGG;rbs_spacer=5-10bp;gc_cont=0.440,ID=25_533;partial=00;start_type=ATG;rbs_motif=GGAGG;rbs_spacer=5-10bp;gc,26.0
JAEWXF010000023.1_28,G,K,G,G,G,K,S,D,K,D,C,D,C,ID=4_28;partial=00;start_type=ATG;rbs_motif=AGGA;rbs_spacer=5-10bp;gc_cont=0.538,ID=4_28;partial=00;start_type=ATG;rbs_motif=AGGA;rbs_spacer=5-10bp;gc,26.0
JAEYGI010000040.1_410,G,K,G,G,G,K,S,D,K,D,C,D,C,ID=39_410;partial=00;start_type=ATG;rbs_motif=GGAG/GAGG;rbs_spacer=5-10bp;gc_cont=0.519,ID=39_410;partial=00;start_type=ATG;rbs_motif=GGAG/GAGG;rbs_spacer=5-10bp;gc,26.0
JAEYOP010000020.1_97,G,K,G,G,G,K,S,D,K,D,C,D,C,ID=2_97;partial=00;start_type=ATG;rbs_motif=AGGAGG;rbs_spacer=5-10bp;gc_cont=0.561,ID=2_97;partial=00;start_type=ATG;rbs_motif=AGGAGG;rbs_spacer=5-10bp;gc,26.0
JAEZKF010000036.1_7,G,K,G,G,G,K,S,D,K,D,C,D,C,ID=17_7;partial=00;start_type=ATG;rbs_motif=AGGAG;rbs_spacer=5-10bp;gc_cont=0.537,ID=17_7;partial=00;start_type=ATG;rbs_motif=AGGAG;rbs_spacer=5-10bp;gc,26.0
JAEZTC010000013.1_587,G,K,G,G,G,K,S,D,K,D,C,D,C,ID=6_587;partial=00;start_type=ATG;rbs_motif=GGAGG;rbs_spacer=5-10bp;gc_cont=0.417,ID=6_587;partial=00;start_type=ATG;rbs_motif=GGAGG;rbs_spacer=5-10bp;gc,26.0
JAEYTP010000094.1_56,G,K,G,G,G,K,S,D,K,D,C,D,C,ID=37_56;partial=00;start_type=ATG;rbs_motif=AGGA;rbs_spacer=5-10bp;gc_cont=0.416,ID=37_56;partial=00;start_type=ATG;rbs_motif=AGGA;rbs_spacer=5-10bp;gc,26.0
JAEZFK010000018.1_27,G,K,G,G,G,K,S,D,K,D,C,D,C,ID=16_27;partial=00;start_type=ATG;rbs_motif=AGGAGG;rbs_spacer=5-10bp;gc_cont=0.496,ID=16_27;partial=00;start_type=ATG;rbs_motif=AGGAGG;rbs_spacer=5-10bp;gc,26.0
JAEZUC010000158.1_46,G,K,G,G,G,K,S,D,K,D,C,D,C,ID=32_46;partial=00;start_type=ATG;rbs_motif=GGAGG;rbs_spacer=5-10bp;gc_cont=0.439,ID=32_46;partial=00;start_type=ATG;rbs_motif=GGAGG;rbs_spacer=5-10bp;gc,26.0
JAMCYH010000319.1_15,G,K,G,G,G,K,S,D,K,D,C,D,C,ID=328_15;partial=00;start_type=ATG;rbs_motif=None;rbs_spacer=None;gc_cont=0.516,ID=328_15;partial=00;start_type=ATG;rbs_motif=None;rbs_spacer=None;gc,26.0
JAJRZR010000108.1_30,G,K,G,G,G,K,S,D,K,D,C,D,C,ID=95_30;partial=00;start_type=ATG;rbs_motif=AGGAGG;rbs_spacer=5-10bp;gc_cont=0.542,ID=95_30;partial=00;start_type=ATG;rbs_motif=AGGAGG;rbs_spacer=5-10bp;gc,26.0
JAGXFU010000005.1_221,G,K,G,G,G,K,S,D,K,D,C,D,C,ID=9_221;partial=00;start_type=ATG;rbs_motif=AGGAGG;rbs_spacer=5-10bp;gc_cont=0.591,ID=9_221;partial=00;start_type=ATG;rbs_motif=AGGAGG;rbs_spacer=5-10bp;gc,26.0
JAILKC010000071.1_5,G,K,G,G,G,K,S,D,K,D,C,D,C,ID=50_5;partial=00;start_type=ATG;rbs_motif=AGGA;rbs_spacer=5-10bp;gc_cont=0.479,ID=50_5;partial=00;start_type=ATG;rbs_motif=AGGA;rbs_spacer=5-10bp;gc,26.0
JANTGB010000026.1_5,G,K,G,G,G,K,S,D,K,D,C,D,C,ID=26_5;partial=00;start_type=ATG;rbs_motif=AGGAG;rbs_spacer=5-10bp;gc_cont=0.517,ID=26_5;partial=00;start_type=ATG;rbs_motif=AGGAG;rbs_spacer=5-10bp;gc,26.0
OMOF01000251.1_5,G,K,G,G,G,K,S,D,K,D,C,D,C,ID=460_5;partial=01;start_type=ATG;rbs_motif=AGGAGG;rbs_spacer=5-10bp;gc_cont=0.469,ID=460_5;partial=01;start_type=ATG;rbs_motif=AGGAGG;rbs_spacer=5-10bp;gc,26.0
ONPD01000009.1_30,G,K,G,G,G,K,S,D,K,D,C,D,C,ID=19_30;partial=00;start_type=ATG;rbs_motif=GGAG/GAGG;rbs_spacer=5-10bp;gc_cont=0.485,ID=19_30;partial=00;start_type=ATG;rbs_motif=GGAG/GAGG;rbs_spacer=5-10bp;gc,26.0
CABMIH010000074.1_51,G,K,G,G,G,K,S,D,K,D,C,D,C,ID=74_51;partial=01;start_type=ATG;rbs_motif=GGAG/GAGG;rbs_spacer=5-10bp;gc_cont=0.504,ID=74_51;partial=01;start_type=ATG;rbs_motif=GGAG/GAGG;rbs_spacer=5-10bp;gc,26.0
CACXGG010000233.1_9,G,K,G,G,G,K,S,D,K,D,C,D,C,ID=233_9;partial=01;start_type=ATG;rbs_motif=GGA/GAG/AGG;rbs_spacer=5-10bp;gc_cont=0.530,ID=233_9;partial=01;start_type=ATG;rbs_motif=GGA/GAG/AGG;rbs_spacer=5-10bp;gc,26.0
CACZML010000003.1_9,G,K,G,G,G,K,S,D,K,D,C,D,C,ID=3_9;partial=00;start_type=ATG;rbs_motif=GGA/GAG/AGG;rbs_spacer=5-10bp;gc_cont=0.476,ID=3_9;partial=00;start_type=ATG;rbs_motif=GGA/GAG/AGG;rbs_spacer=5-10bp;gc,26.0
CADAPI010000192.1_2,G,K,G,G,G,K,S,D,K,D,C,D,C,ID=192_2;partial=00;start_type=ATG;rbs_motif=GGA/GAG/AGG;rbs_spacer=11-12bp;gc_cont=0.504,ID=192_2;partial=00;start_type=ATG;rbs_motif=GGA/GAG/AGG;rbs_spacer=11-12bp;gc,26.0
CADCMM010000018.1_11,G,K,G,G,G,K,S,D,K,D,C,D,C,ID=18_11;partial=00;start_type=ATG;rbs_motif=GGAG/GAGG;rbs_spacer=5-10bp;gc_cont=0.523,ID=18_11;partial=00;start_type=ATG;rbs_motif=GGAG/GAGG;rbs_spacer=5-10bp;gc,26.0
CAIKAA010000565.1_3,G,K,G,G,G,K,S,D,K,D,C,D,C,ID=565_3;partial=00;start_type=ATG;rbs_motif=AGGAG;rbs_spacer=5-10bp;gc_cont=0.602,ID=565_3;partial=00;start_type=ATG;rbs_motif=AGGAG;rbs_spacer=5-10bp;gc,26.0
CAINOC010000025.1_40,G,K,G,G,G,K,S,D,K,D,C,D,C,ID=25_40;partial=01;start_type=ATG;rbs_motif=None;rbs_spacer=None;gc_cont=0.482,ID=25_40;partial=01;start_type=ATG;rbs_motif=None;rbs_spacer=None;gc,26.0
CAIQMJ010001202.1_1,G,K,G,G,G,K,S,D,K,D,C,D,C,ID=1202_1;partial=00;start_type=ATG;rbs_motif=GGAG/GAGG;rbs_spacer=5-10bp;gc_cont=0.640,ID=1202_1;partial=00;start_type=ATG;rbs_motif=GGAG/GAGG;rbs_spacer=5-10bp;gc,26.0
CAISUK010000500.1_1,G,K,G,G,G,K,S,D,K,D,C,D,C,ID=500_1;partial=10;start_type=ATG;rbs_motif=AGGAG;rbs_spacer=5-10bp;gc_cont=0.612,ID=500_1;partial=10;start_type=ATG;rbs_motif=AGGAG;rbs_spacer=5-10bp;gc,26.0
CAIVHU010000001.1_41,G,K,G,G,G,K,S,D,K,D,C,D,C,ID=1_41;partial=00;start_type=ATG;rbs_motif=GGAG/GAGG;rbs_spacer=5-10bp;gc_cont=0.566,ID=1_41;partial=00;start_type=ATG;rbs_motif=GGAG/GAGG;rbs_spacer=5-10bp;gc,26.0
CAIYOW010000038.1_5,G,K,G,G,G,K,S,D,K,D,C,D,C,ID=38_5;partial=00;start_type=ATG;rbs_motif=AGGAG;rbs_spacer=5-10bp;gc_cont=0.485,ID=38_5;partial=00;start_type=ATG;rbs_motif=AGGAG;rbs_spacer=5-10bp;gc,26.0
CAJATU010000063.1_25,G,K,G,G,G,K,S,D,K,D,C,D,C,ID=63_25;partial=00;start_type=ATG;rbs_motif=GGA/GAG/AGG;rbs_spacer=5-10bp;gc_cont=0.605,ID=63_25;partial=00;start_type=ATG;rbs_motif=GGA/GAG/AGG;rbs_spacer=5-10bp;gc,26.0
CAJOPM010000155.1_2,G,K,G,G,G,K,S,D,K,D,C,D,C,ID=155_2;partial=00;start_type=ATG;rbs_motif=AGGA;rbs_spacer=5-10bp;gc_cont=0.406,ID=155_2;partial=00;start_type=ATG;rbs_motif=AGGA;rbs_spacer=5-10bp;gc,26.0
CAKKPG010000203.1_25,G,K,G,G,G,K,S,D,K,D,C,D,C,ID=203_25;partial=00;start_type=ATG;rbs_motif=AGGAGG;rbs_spacer=5-10bp;gc_cont=0.590,ID=203_25;partial=00;start_type=ATG;rbs_motif=AGGAGG;rbs_spacer=5-10bp;gc,26.0
NC_003030.1_260,G,K,G,G,G,K,S,D,K,D,C,D,C,ID=1_260;partial=00;start_type=ATG;rbs_motif=AGGAGG;rbs_spacer=5-10bp;gc_cont=0.358,ID=1_260;partial=00;start_type=ATG;rbs_motif=AGGAGG;rbs_spacer=5-10bp;gc,26.0
NC_009253.1_3002,G,K,G,G,G,K,S,D,K,D,C,D,C,ID=1_3002;partial=00;start_type=ATG;rbs_motif=AGGAGG;rbs_spacer=5-10bp;gc_cont=0.460,ID=1_3002;partial=00;start_type=ATG;rbs_motif=AGGAGG;rbs_spacer=5-10bp;gc,26.0
NC_011761.1_1404,G,K,G,G,G,K,S,D,K,D,C,D,C,ID=1_1404;partial=00;start_type=ATG;rbs_motif=AGGAG;rbs_spacer=5-10bp;gc_cont=0.575,ID=1_1404;partial=00;start_type=ATG;rbs_motif=AGGAG;rbs_spacer=5-10bp;gc,26.0
NC_014365.1_443,G,K,G,G,G,K,S,D,K,D,C,D,C,ID=1_443;partial=00;start_type=GTG;rbs_motif=GGAGG;rbs_spacer=5-10bp;gc_cont=0.647,ID=1_443;partial=00;start_type=GTG;rbs_motif=GGAGG;rbs_spacer=5-10bp;gc,26.0
NC_014840.1_298,G,K,G,G,G,K,S,D,K,D,C,D,C,ID=4_298;partial=00;start_type=ATG;rbs_motif=AGGAG;rbs_spacer=5-10bp;gc_cont=0.548,ID=4_298;partial=00;start_type=ATG;rbs_motif=AGGAG;rbs_spacer=5-10bp;gc,26.0
NC_015416.1_538,G,K,G,G,G,K,S,D,K,D,C,D,C,ID=1_538;partial=00;start_type=ATG;rbs_motif=GGA/GAG/AGG;rbs_spacer=5-10bp;gc_cont=0.566,ID=1_538;partial=00;start_type=ATG;rbs_motif=GGA/GAG/AGG;rbs_spacer=5-10bp;gc,26.0
NC_016819.1_109,G,K,G,G,G,K,S,D,K,D,C,D,C,ID=3_109;partial=00;start_type=ATG;rbs_motif=AGGAG;rbs_spacer=5-10bp;gc_cont=0.539,ID=3_109;partial=00;start_type=ATG;rbs_motif=AGGAG;rbs_spacer=5-10bp;gc,26.0
NZ_AJTV01000014.1_96,G,K,G,G,G,K,S,D,K,D,C,D,C,ID=14_96;partial=00;start_type=ATG;rbs_motif=AGGAG;rbs_spacer=5-10bp;gc_cont=0.622,ID=14_96;partial=00;start_type=ATG;rbs_motif=AGGAG;rbs_spacer=5-10bp;gc,26.0
NC_019779.1_1778,G,K,G,G,G,K,S,D,K,D,C,D,C,ID=1_1778;partial=00;start_type=ATG;rbs_motif=GGAG/GAGG;rbs_spacer=5-10bp;gc_cont=0.476,ID=1_1778;partial=00;start_type=ATG;rbs_motif=GGAG/GAGG;rbs_spacer=5-10bp;gc,26.0
NZ_AQHN01000086.1_85,G,K,G,G,G,K,S,D,K,D,C,D,C,ID=88_85;partial=00;start_type=ATG;rbs_motif=AGGA;rbs_spacer=5-10bp;gc_cont=0.591,ID=88_85;partial=00;start_type=ATG;rbs_motif=AGGA;rbs_spacer=5-10bp;gc,26.0
NZ_ARQF01000021.1_486,G,K,G,G,G,K,S,D,K,D,C,D,C,ID=21_486;partial=00;start_type=ATG;rbs_motif=GGAG/GAGG;rbs_spacer=5-10bp;gc_cont=0.463,ID=21_486;partial=00;start_type=ATG;rbs_motif=GGAG/GAGG;rbs_spacer=5-10bp;gc,26.0
NZ_AUJG01000012.1_19,G,K,G,G,G,K,S,D,K,D,C,D,C,ID=12_19;partial=00;start_type=ATG;rbs_motif=AGGA;rbs_spacer=5-10bp;gc_cont=0.358,ID=12_19;partial=00;start_type=ATG;rbs_motif=AGGA;rbs_spacer=5-10bp;gc,26.0
NZ_AUAR01000008.1_97,G,K,G,G,G,K,S,D,K,D,C,D,C,ID=8_97;partial=00;start_type=ATG;rbs_motif=AGGAG;rbs_spacer=5-10bp;gc_cont=0.638,ID=8_97;partial=00;start_type=ATG;rbs_motif=AGGAG;rbs_spacer=5-10bp;gc,26.0
NZ_AXAC01000027.1_11,G,K,G,G,G,K,S,D,K,D,C,D,C,ID=17_11;partial=00;start_type=ATG;rbs_motif=AGGAGG;rbs_spacer=5-10bp;gc_cont=0.444,ID=17_11;partial=00;start_type=ATG;rbs_motif=AGGAGG;rbs_spacer=5-10bp;gc,26.0
NZ_KI911783.1_1839,G,K,G,G,G,K,S,D,K,D,C,D,C,ID=1_1839;partial=00;start_type=ATG;rbs_motif=GGAG/GAGG;rbs_spacer=5-10bp;gc_cont=0.584,ID=1_1839;partial=00;start_type=ATG;rbs_motif=GGAG/GAGG;rbs_spacer=5-10bp;gc,26.0
NZ_KK073873.1_2552,G,K,G,G,G,K,S,D,K,D,C,D,C,ID=1_2552;partial=00;start_type=ATG;rbs_motif=AATTAA;rbs_spacer=3bp;gc_cont=0.412,ID=1_2552;partial=00;start_type=ATG;rbs_motif=AATTAA;rbs_spacer=3bp;gc,26.0
NZ_JNKI01000003.1_88,G,K,G,G,G,K,S,D,K,D,C,D,C,ID=3_88;partial=00;start_type=ATG;rbs_motif=AGGAG;rbs_spacer=5-10bp;gc_cont=0.507,ID=3_88;partial=00;start_type=ATG;rbs_motif=AGGAG;rbs_spacer=5-10bp;gc,26.0
NZ_KN050804.1_47,G,K,G,G,G,K,S,D,K,D,C,D,C,ID=2_47;partial=00;start_type=ATG;rbs_motif=AGGAG;rbs_spacer=5-10bp;gc_cont=0.608,ID=2_47;partial=00;start_type=ATG;rbs_motif=AGGAG;rbs_spacer=5-10bp;gc,26.0
NZ_JYNS01000019.1_39,G,K,G,G,G,K,S,D,K,D,C,D,C,ID=19_39;partial=00;start_type=ATG;rbs_motif=GGAG/GAGG;rbs_spacer=5-10bp;gc_cont=0.609,ID=19_39;partial=00;start_type=ATG;rbs_motif=GGAG/GAGG;rbs_spacer=5-10bp;gc,26.0
NZ_LATL02000154.1_15,G,K,G,G,G,K,S,D,K,D,C,D,C,ID=154_15;partial=00;start_type=ATG;rbs_motif=GGA/GAG/AGG;rbs_spacer=5-10bp;gc_cont=0.467,ID=154_15;partial=00;start_type=ATG;rbs_motif=GGA/GAG/AGG;rbs_spacer=5-10bp;gc,26.0
NZ_CYSP01000014.1_42,G,K,G,G,G,K,S,D,K,D,C,D,C,ID=14_42;partial=00;start_type=ATG;rbs_motif=GGAGG;rbs_spacer=5-10bp;gc_cont=0.443,ID=14_42;partial=00;start_type=ATG;rbs_motif=GGAGG;rbs_spacer=5-10bp;gc,26.0
NZ_LNCD01000005.1_24,G,K,G,G,G,K,S,D,K,D,C,D,C,ID=5_24;partial=00;start_type=ATG;rbs_motif=AGGA;rbs_spacer=5-10bp;gc_cont=0.593,ID=5_24;partial=00;start_type=ATG;rbs_motif=AGGA;rbs_spacer=5-10bp;gc,26.0
NZ_LUUB01000073.1_18,G,K,G,G,G,K,S,D,K,D,C,D,C,ID=73_18;partial=00;start_type=ATG;rbs_motif=GGAGG;rbs_spacer=5-10bp;gc_cont=0.599,ID=73_18;partial=00;start_type=ATG;rbs_motif=GGAGG;rbs_spacer=5-10bp;gc,26.0
NZ_CP016428.1_5517,G,K,G,G,G,K,S,D,K,D,C,D,C,ID=1_5517;partial=00;start_type=ATG;rbs_motif=GGAG/GAGG;rbs_spacer=5-10bp;gc_cont=0.606,ID=1_5517;partial=00;start_type=ATG;rbs_motif=GGAG/GAGG;rbs_spacer=5-10bp;gc,26.0
NZ_LKEU01000018.1_11,G,K,G,G,G,K,S,D,K,D,C,D,C,ID=18_11;partial=00;start_type=ATG;rbs_motif=AGGAGG;rbs_spacer=5-10bp;gc_cont=0.471,ID=18_11;partial=00;start_type=ATG;rbs_motif=AGGAGG;rbs_spacer=5-10bp;gc,26.0
NZ_MKFI01000003.1_800,G,K,G,G,G,K,S,D,K,D,C,D,C,ID=23_800;partial=00;start_type=ATG;rbs_motif=GGAG/GAGG;rbs_spacer=5-10bp;gc_cont=0.595,ID=23_800;partial=00;start_type=ATG;rbs_motif=GGAG/GAGG;rbs_spacer=5-10bp;gc,26.0
NZ_CP019948.1_1310,G,K,G,G,G,K,S,D,K,D,C,D,C,ID=1_1310;partial=00;start_type=ATG;rbs_motif=AGGAG;rbs_spacer=5-10bp;gc_cont=0.594,ID=1_1310;partial=00;start_type=ATG;rbs_motif=AGGAG;rbs_spacer=5-10bp;gc,26.0
NZ_NPKJ01000057.1_98,G,K,G,G,G,K,S,D,K,D,C,D,C,ID=67_98;partial=00;start_type=ATG;rbs_motif=AGGA;rbs_spacer=5-10bp;gc_cont=0.622,ID=67_98;partial=00;start_type=ATG;rbs_motif=AGGA;rbs_spacer=5-10bp;gc,26.0
NZ_NWSQ01000087.1_1,G,K,G,G,G,K,S,D,K,D,C,D,C,ID=85_1;partial=00;start_type=ATG;rbs_motif=AGGA;rbs_spacer=5-10bp;gc_cont=0.603,ID=85_1;partial=00;start_type=ATG;rbs_motif=AGGA;rbs_spacer=5-10bp;gc,26.0
NZ_CP025085.1_1028,G,K,G,G,G,K,S,D,K,D,C,D,C,ID=1_1028;partial=00;start_type=ATG;rbs_motif=AGGAG;rbs_spacer=5-10bp;gc_cont=0.524,ID=1_1028;partial=00;start_type=ATG;rbs_motif=AGGAG;rbs_spacer=5-10bp;gc,26.0
NZ_PVEN01000029.1_17,G,K,G,G,G,K,S,D,K,D,C,D,C,ID=29_17;partial=00;start_type=ATG;rbs_motif=GGAG/GAGG;rbs_spacer=5-10bp;gc_cont=0.601,ID=29_17;partial=00;start_type=ATG;rbs_motif=GGAG/GAGG;rbs_spacer=5-10bp;gc,26.0
NZ_KZ819023.1_383,G,K,G,G,G,K,S,D,K,D,C,D,C,ID=2_383;partial=00;start_type=ATG;rbs_motif=GGAG/GAGG;rbs_spacer=5-10bp;gc_cont=0.550,ID=2_383;partial=00;start_type=ATG;rbs_motif=GGAG/GAGG;rbs_spacer=5-10bp;gc,26.0
NZ_MZXV01000038.1_1,G,K,G,G,G,K,S,D,K,D,C,D,C,ID=16_1;partial=10;start_type=ATG;rbs_motif=AGGA;rbs_spacer=5-10bp;gc_cont=0.611,ID=16_1;partial=10;start_type=ATG;rbs_motif=AGGA;rbs_spacer=5-10bp;gc,26.0
NZ_QLKQ01000067.1_32,G,K,G,G,G,K,S,D,K,D,C,D,C,ID=146_32;partial=00;start_type=ATG;rbs_motif=AGGAG;rbs_spacer=5-10bp;gc_cont=0.646,ID=146_32;partial=00;start_type=ATG;rbs_motif=AGGAG;rbs_spacer=5-10bp;gc,26.0
NZ_RCTF01000001.1_339,G,K,G,G,G,K,S,D,K,D,C,D,C,ID=15_339;partial=00;start_type=ATG;rbs_motif=AGGAG;rbs_spacer=5-10bp;gc_cont=0.652,ID=15_339;partial=00;start_type=ATG;rbs_motif=AGGAG;rbs_spacer=5-10bp;gc,26.0
NZ_AP018795.1_2349,G,K,G,G,G,K,S,D,K,D,C,D,C,ID=1_2349;partial=00;start_type=ATG;rbs_motif=AGGAG;rbs_spacer=5-10bp;gc_cont=0.577,ID=1_2349;partial=00;start_type=ATG;rbs_motif=AGGAG;rbs_spacer=5-10bp;gc,26.0
NZ_SCHL01000008.1_93,G,K,G,G,G,K,S,D,K,D,C,D,C,ID=54_93;partial=00;start_type=ATG;rbs_motif=GGA/GAG/AGG;rbs_spacer=5-10bp;gc_cont=0.495,ID=54_93;partial=00;start_type=ATG;rbs_motif=GGA/GAG/AGG;rbs_spacer=5-10bp;gc,26.0
NZ_SJFN01000013.1_53,G,K,G,G,G,K,S,D,K,D,C,D,C,ID=5_53;partial=00;start_type=ATG;rbs_motif=GGA/GAG/AGG;rbs_spacer=5-10bp;gc_cont=0.643,ID=5_53;partial=00;start_type=ATG;rbs_motif=GGA/GAG/AGG;rbs_spacer=5-10bp;gc,26.0
NZ_SMAI01000001.1_401,G,K,G,G,G,K,S,D,K,D,C,D,C,ID=1_401;partial=00;start_type=ATG;rbs_motif=AGGA;rbs_spacer=5-10bp;gc_cont=0.613,ID=1_401;partial=00;start_type=ATG;rbs_motif=AGGA;rbs_spacer=5-10bp;gc,26.0
NZ_SSYA01000002.1_479,G,K,G,G,G,K,S,D,K,D,C,D,C,ID=7_479;partial=00;start_type=ATG;rbs_motif=AGGAG;rbs_spacer=5-10bp;gc_cont=0.624,ID=7_479;partial=00;start_type=ATG;rbs_motif=AGGAG;rbs_spacer=5-10bp;gc,26.0
NZ_VDCI01000001.1_509,G,K,G,G,G,K,S,D,K,D,C,D,C,ID=11_509;partial=00;start_type=ATG;rbs_motif=None;rbs_spacer=None;gc_cont=0.516,ID=11_509;partial=00;start_type=ATG;rbs_motif=None;rbs_spacer=None;gc,26.0
NZ_VITI01000001.1_66,G,K,G,G,G,K,S,D,K,D,C,D,C,ID=1_66;partial=00;start_type=ATG;rbs_motif=AGGAG;rbs_spacer=5-10bp;gc_cont=0.645,ID=1_66;partial=00;start_type=ATG;rbs_motif=AGGAG;rbs_spacer=5-10bp;gc,26.0
NZ_VSTH01000149.1_8,G,K,G,G,G,K,S,D,K,D,C,D,C,ID=56_8;partial=00;start_type=ATG;rbs_motif=GGAG/GAGG;rbs_spacer=5-10bp;gc_cont=0.595,ID=56_8;partial=00;start_type=ATG;rbs_motif=GGAG/GAGG;rbs_spacer=5-10bp;gc,26.0
NZ_WHNX01000037.1_13,G,K,G,G,G,K,S,D,K,D,C,D,C,ID=30_13;partial=00;start_type=ATG;rbs_motif=GGA/GAG/AGG;rbs_spacer=5-10bp;gc_cont=0.341,ID=30_13;partial=00;start_type=ATG;rbs_motif=GGA/GAG/AGG;rbs_spacer=5-10bp;gc,26.0
NZ_CP046400.1_1866,G,K,G,G,G,K,S,D,K,D,C,D,C,ID=1_1866;partial=00;start_type=ATG;rbs_motif=GGAGG;rbs_spacer=5-10bp;gc_cont=0.599,ID=1_1866;partial=00;start_type=ATG;rbs_motif=GGAGG;rbs_spacer=5-10bp;gc,26.0
NZ_VOPZ01000006.1_227,G,K,G,G,G,K,S,D,K,D,C,D,C,ID=97_227;partial=00;start_type=ATG;rbs_motif=GGAGG;rbs_spacer=5-10bp;gc_cont=0.539,ID=97_227;partial=00;start_type=ATG;rbs_motif=GGAGG;rbs_spacer=5-10bp;gc,26.0
NZ_AP022853.1_966,G,K,G,G,G,K,S,D,K,D,C,D,C,ID=1_966;partial=00;start_type=ATG;rbs_motif=AGGAG;rbs_spacer=5-10bp;gc_cont=0.578,ID=1_966;partial=00;start_type=ATG;rbs_motif=AGGAG;rbs_spacer=5-10bp;gc,26.0
NZ_JABJXS010000001.1_17,G,K,G,G,G,K,S,D,K,D,C,D,C,ID=1_17;partial=00;start_type=ATG;rbs_motif=GGAG/GAGG;rbs_spacer=5-10bp;gc_cont=0.563,ID=1_17;partial=00;start_type=ATG;rbs_motif=GGAG/GAGG;rbs_spacer=5-10bp;gc,26.0
NZ_JACADJ010000027.1_31,G,K,G,G,G,K,S,D,K,D,C,D,C,ID=219_31;partial=00;start_type=ATG;rbs_motif=AGGAG;rbs_spacer=5-10bp;gc_cont=0.533,ID=219_31;partial=00;start_type=ATG;rbs_motif=AGGAG;rbs_spacer=5-10bp;gc,26.0
NZ_JACIHH010000019.1_7,G,K,G,G,G,K,S,D,K,D,C,D,C,ID=19_7;partial=00;start_type=ATG;rbs_motif=AGGA;rbs_spacer=5-10bp;gc_cont=0.598,ID=19_7;partial=00;start_type=ATG;rbs_motif=AGGA;rbs_spacer=5-10bp;gc,26.0
NZ_BMCT01000003.1_420,G,K,G,G,G,K,S,D,K,D,C,D,C,ID=3_420;partial=00;start_type=ATG;rbs_motif=AGGA;rbs_spacer=5-10bp;gc_cont=0.632,ID=3_420;partial=00;start_type=ATG;rbs_motif=AGGA;rbs_spacer=5-10bp;gc,26.0
NZ_QVLR01000106.1_58,G,K,G,G,G,K,S,D,K,D,C,D,C,ID=106_58;partial=00;start_type=ATG;rbs_motif=AGGAG;rbs_spacer=5-10bp;gc_cont=0.644,ID=106_58;partial=00;start_type=ATG;rbs_motif=AGGAG;rbs_spacer=5-10bp;gc,26.0
NZ_VRYY01000094.1_2,G,K,G,G,G,K,S,D,K,D,C,D,C,ID=96_2;partial=00;start_type=ATG;rbs_motif=AGGAGG;rbs_spacer=5-10bp;gc_cont=0.626,ID=96_2;partial=00;start_type=ATG;rbs_motif=AGGAGG;rbs_spacer=5-10bp;gc,26.0
NZ_AP024109.1_1372,G,K,G,G,G,K,S,D,K,D,C,D,C,ID=1_1372;partial=00;start_type=ATG;rbs_motif=AGGA;rbs_spacer=5-10bp;gc_cont=0.606,ID=1_1372;partial=00;start_type=ATG;rbs_motif=AGGA;rbs_spacer=5-10bp;gc,26.0
NZ_CP063362.1_854,G,K,G,G,G,K,S,D,K,D,C,D,C,ID=1_854;partial=00;start_type=ATG;rbs_motif=AGGAG;rbs_spacer=5-10bp;gc_cont=0.635,ID=1_854;partial=00;start_type=ATG;rbs_motif=AGGAG;rbs_spacer=5-10bp;gc,26.0
NZ_CP083372.1_93,G,K,G,G,G,K,S,D,K,D,C,D,C,ID=3_93;partial=00;start_type=ATG;rbs_motif=AGGA;rbs_spacer=5-10bp;gc_cont=0.581,ID=3_93;partial=00;start_type=ATG;rbs_motif=AGGA;rbs_spacer=5-10bp;gc,26.0
NZ_JABXYX010000106.1_5,G,K,G,G,G,K,S,D,K,D,C,N,C,ID=75_5;partial=00;start_type=ATG;rbs_motif=GGAG/GAGG;rbs_spacer=5-10bp;gc_cont=0.456,ID=75_5;partial=00;start_type=ATG;rbs_motif=GGAG/GAGG;rbs_spacer=5-10bp;gc,25.0
NZ_JAHCZI010000001.1_649,G,K,G,G,G,K,S,D,K,D,C,D,C,ID=11_649;partial=00;start_type=ATG;rbs_motif=AGGAG;rbs_spacer=5-10bp;gc_cont=0.605,ID=11_649;partial=00;start_type=ATG;rbs_motif=AGGAG;rbs_spacer=5-10bp;gc,26.0
NZ_JAHREP010000023.1_48,G,K,G,G,G,K,S,D,K,D,C,D,C,ID=15_48;partial=00;start_type=ATG;rbs_motif=AGGAG;rbs_spacer=5-10bp;gc_cont=0.553,ID=15_48;partial=00;start_type=ATG;rbs_motif=AGGAG;rbs_spacer=5-10bp;gc,26.0
NZ_NRRD01000017.1_71,G,K,G,G,G,K,S,D,K,D,C,D,C,ID=17_71;partial=00;start_type=ATG;rbs_motif=GGAG/GAGG;rbs_spacer=5-10bp;gc_cont=0.577,ID=17_71;partial=00;start_type=ATG;rbs_motif=GGAG/GAGG;rbs_spacer=5-10bp;gc,26.0
NZ_JAJDOO010000001.1_318,G,K,G,G,G,K,S,D,K,D,C,D,C,ID=26_318;partial=00;start_type=ATG;rbs_motif=AGGAG;rbs_spacer=5-10bp;gc_cont=0.458,ID=26_318;partial=00;start_type=ATG;rbs_motif=AGGAG;rbs_spacer=5-10bp;gc,26.0
NZ_JACBFQ010000006.1_130,G,K,G,G,G,K,S,D,K,D,C,D,C,ID=33_130;partial=00;start_type=ATG;rbs_motif=AGGAG;rbs_spacer=5-10bp;gc_cont=0.623,ID=33_130;partial=00;start_type=ATG;rbs_motif=AGGAG;rbs_spacer=5-10bp;gc,26.0
NZ_JAKNBL010000052.1_19,G,K,G,G,G,K,S,D,K,D,C,D,C,ID=48_19;partial=00;start_type=ATG;rbs_motif=GGAGG;rbs_spacer=5-10bp;gc_cont=0.536,ID=48_19;partial=00;start_type=ATG;rbs_motif=GGAGG;rbs_spacer=5-10bp;gc,26.0
NZ_JADPKA010000016.1_70,G,K,G,G,G,K,S,D,K,D,C,D,C,ID=36_70;partial=00;start_type=ATG;rbs_motif=GGAG/GAGG;rbs_spacer=5-10bp;gc_cont=0.587,ID=36_70;partial=00;start_type=ATG;rbs_motif=GGAG/GAGG;rbs_spacer=5-10bp;gc,26.0
NZ_JAMHFY010000004.1_45,G,K,G,G,G,K,S,D,K,D,C,D,C,ID=44_45;partial=00;start_type=ATG;rbs_motif=AGGAG;rbs_spacer=5-10bp;gc_cont=0.452,ID=44_45;partial=00;start_type=ATG;rbs_motif=AGGAG;rbs_spacer=5-10bp;gc,26.0
NZ_JANIBL010000026.1_17,G,K,G,G,G,K,S,D,K,D,C,D,C,ID=26_17;partial=00;start_type=ATG;rbs_motif=AGGAG;rbs_spacer=5-10bp;gc_cont=0.484,ID=26_17;partial=00;start_type=ATG;rbs_motif=AGGAG;rbs_spacer=5-10bp;gc,26.0
NZ_FMBC01000012.1_40,G,K,G,G,G,K,S,D,K,D,C,D,C,ID=68_40;partial=00;start_type=ATG;rbs_motif=AGGAG;rbs_spacer=5-10bp;gc_cont=0.567,ID=68_40;partial=00;start_type=ATG;rbs_motif=AGGAG;rbs_spacer=5-10bp;gc,26.0
NZ_FNVX01000005.1_990,G,K,G,G,G,K,S,D,K,D,C,D,C,ID=3_990;partial=00;start_type=ATG;rbs_motif=TAA;rbs_spacer=12bp;gc_cont=0.404,ID=3_990;partial=00;start_type=ATG;rbs_motif=TAA;rbs_spacer=12bp;gc,26.0
NZ_FOJI01000013.1_57,G,K,G,G,G,K,S,D,K,D,C,D,C,ID=7_57;partial=00;start_type=ATG;rbs_motif=AGGAGG;rbs_spacer=5-10bp;gc_cont=0.369,ID=7_57;partial=00;start_type=ATG;rbs_motif=AGGAGG;rbs_spacer=5-10bp;gc,26.0
NZ_FPBY01000048.1_7,G,K,G,G,G,K,S,D,K,D,C,D,C,ID=88_7;partial=00;start_type=ATG;rbs_motif=GGA/GAG/AGG;rbs_spacer=5-10bp;gc_cont=0.330,ID=88_7;partial=00;start_type=ATG;rbs_motif=GGA/GAG/AGG;rbs_spacer=5-10bp;gc,26.0
NZ_FRAY01000002.1_217,G,K,G,G,G,K,S,D,K,D,C,D,C,ID=14_217;partial=00;start_type=ATG;rbs_motif=AGGAG;rbs_spacer=5-10bp;gc_cont=0.504,ID=14_217;partial=00;start_type=ATG;rbs_motif=AGGAG;rbs_spacer=5-10bp;gc,26.0
NZ_FUYV01000010.1_58,G,K,G,G,G,K,S,D,K,D,C,D,C,ID=56_58;partial=00;start_type=ATG;rbs_motif=TAAA;rbs_spacer=11bp;gc_cont=0.446,ID=56_58;partial=00;start_type=ATG;rbs_motif=TAAA;rbs_spacer=11bp;gc,26.0
NZ_LT962670.1_208,G,K,G,G,G,K,S,D,K,D,C,D,C,ID=8_208;partial=00;start_type=ATG;rbs_motif=AGGA;rbs_spacer=5-10bp;gc_cont=0.623,ID=8_208;partial=00;start_type=ATG;rbs_motif=AGGA;rbs_spacer=5-10bp;gc,26.0
NZ_CABFVA020000117.1_3,G,K,G,G,G,K,S,D,K,D,C,D,C,ID=117_3;partial=00;start_type=ATG;rbs_motif=GGAG/GAGG;rbs_spacer=5-10bp;gc_cont=0.595,ID=117_3;partial=00;start_type=ATG;rbs_motif=GGAG/GAGG;rbs_spacer=5-10bp;gc,26.0
LBCX01000005.1_26,G,K,G,G,G,K,S,D,K,D,C,D,C,ID=415_26;partial=00;start_type=ATG;rbs_motif=TAAAAA;rbs_spacer=8bp;gc_cont=0.495,ID=415_26;partial=00;start_type=ATG;rbs_motif=TAAAAA;rbs_spacer=8bp;gc,26.0
JADMXW010000009.1_77,G,K,G,G,G,K,S,D,K,D,C,D,C,ID=64_77;partial=00;start_type=ATG;rbs_motif=GGAG/GAGG;rbs_spacer=5-10bp;gc_cont=0.449,ID=64_77;partial=00;start_type=ATG;rbs_motif=GGAG/GAGG;rbs_spacer=5-10bp;gc,26.0
JAEWAK010000045.1_37,G,K,G,G,G,K,S,D,K,D,C,D,C,ID=21_37;partial=00;start_type=ATG;rbs_motif=GGAGG;rbs_spacer=5-10bp;gc_cont=0.452,ID=21_37;partial=00;start_type=ATG;rbs_motif=GGAGG;rbs_spacer=5-10bp;gc,26.0
JAFABI010000007.1_19,G,K,G,G,G,K,S,D,K,D,C,D,C,ID=111_19;partial=00;start_type=ATG;rbs_motif=AGGAG;rbs_spacer=5-10bp;gc_cont=0.440,ID=111_19;partial=00;start_type=ATG;rbs_motif=AGGAG;rbs_spacer=5-10bp;gc,26.0
NZ_ABEA03000205.1_1,G,K,G,G,G,K,S,D,K,D,C,D,C,ID=21_1;partial=00;start_type=ATG;rbs_motif=None;rbs_spacer=None;gc_cont=0.553,ID=21_1;partial=00;start_type=ATG;rbs_motif=None;rbs_spacer=None;gc,26.0
NZ_AQPH01000081.1_15,G,K,G,G,G,K,S,D,K,D,C,D,C,ID=81_15;partial=00;start_type=ATG;rbs_motif=GGAG/GAGG;rbs_spacer=5-10bp;gc_cont=0.618,ID=81_15;partial=00;start_type=ATG;rbs_motif=GGAG/GAGG;rbs_spacer=5-10bp;gc,26.0
NZ_LMVP01000090.1_19,G,K,G,G,G,K,S,D,K,D,C,D,C,ID=90_19;partial=00;start_type=ATG;rbs_motif=GGAG/GAGG;rbs_spacer=5-10bp;gc_cont=0.437,ID=90_19;partial=00;start_type=ATG;rbs_motif=GGAG/GAGG;rbs_spacer=5-10bp;gc,26.0
NZ_CP036259.1_1127,G,K,G,G,G,K,S,D,K,D,C,D,C,ID=1_1127;partial=00;start_type=ATG;rbs_motif=AGGAG;rbs_spacer=5-10bp;gc_cont=0.463,ID=1_1127;partial=00;start_type=ATG;rbs_motif=AGGAG;rbs_spacer=5-10bp;gc,26.0
NZ_JAAVUT010000006.1_97,G,K,G,G,G,K,S,D,K,D,C,D,C,ID=55_97;partial=00;start_type=GTG;rbs_motif=AGGAG;rbs_spacer=5-10bp;gc_cont=0.473,ID=55_97;partial=00;start_type=GTG;rbs_motif=AGGAG;rbs_spacer=5-10bp;gc,26.0
NZ_FRDN01000007.1_291,G,K,G,G,G,K,S,D,K,D,C,D,C,ID=16_291;partial=00;start_type=ATG;rbs_motif=GGAGG;rbs_spacer=5-10bp;gc_cont=0.499,ID=16_291;partial=00;start_type=ATG;rbs_motif=GGAGG;rbs_spacer=5-10bp;gc,26.0
JAATFW010000087.1_1,G,K,G,G,G,K,S,D,K,D,C,D,C,ID=17_1;partial=10;start_type=ATG;rbs_motif=TAAAAA;rbs_spacer=11bp;gc_cont=0.468,ID=17_1;partial=10;start_type=ATG;rbs_motif=TAAAAA;rbs_spacer=11bp;gc,26.0
NZ_JACBYI010000014.1_104,G,K,G,G,G,K,S,D,K,D,C,D,C,ID=9_104;partial=00;start_type=ATG;rbs_motif=GGAG/GAGG;rbs_spacer=5-10bp;gc_cont=0.530,ID=9_104;partial=00;start_type=ATG;rbs_motif=GGAG/GAGG;rbs_spacer=5-10bp;gc,26.0
NZ_AP018248.1_4858,G,K,G,G,G,K,S,D,K,D,C,D,C,ID=1_4858;partial=00;start_type=ATG;rbs_motif=AGGA;rbs_spacer=5-10bp;gc_cont=0.474,ID=1_4858;partial=00;start_type=ATG;rbs_motif=AGGA;rbs_spacer=5-10bp;gc,26.0
JANQAI010000011.1_1003,G,K,G,G,G,K,S,D,K,D,C,D,C,ID=8_1003;partial=00;start_type=ATG;rbs_motif=AGGA;rbs_spacer=5-10bp;gc_cont=0.644,ID=8_1003;partial=00;start_type=ATG;rbs_motif=AGGA;rbs_spacer=5-10bp;gc,26.0
CBZS010000660.1_2,G,K,G,G,G,K,S,D,K,D,C,D,C,ID=660_2;partial=00;start_type=ATG;rbs_motif=AGGAG/GGAGG;rbs_spacer=11-12bp;gc_cont=0.471,ID=660_2;partial=00;start_type=ATG;rbs_motif=AGGAG/GGAGG;rbs_spacer=11-12bp;gc,26.0
LADO01000055.1_78,G,K,G,G,G,K,S,D,K,D,C,D,C,ID=21_78;partial=00;start_type=ATG;rbs_motif=AGGAGG;rbs_spacer=5-10bp;gc_cont=0.530,ID=21_78;partial=00;start_type=ATG;rbs_motif=AGGAGG;rbs_spacer=5-10bp;gc,26.0
LVAE01000048.1_50,G,K,G,G,G,K,S,D,K,D,C,D,C,ID=31_50;partial=00;start_type=ATG;rbs_motif=AGGAG;rbs_spacer=5-10bp;gc_cont=0.508,ID=31_50;partial=00;start_type=ATG;rbs_motif=AGGAG;rbs_spacer=5-10bp;gc,26.0
MGTD01000048.1_38,G,K,G,G,G,K,S,D,K,D,C,D,C,ID=48_38;partial=00;start_type=ATG;rbs_motif=AGGAG;rbs_spacer=5-10bp;gc_cont=0.497,ID=48_38;partial=00;start_type=ATG;rbs_motif=AGGAG;rbs_spacer=5-10bp;gc,26.0
MIAY01000010.1_75,G,K,G,G,G,K,S,D,K,D,C,D,C,ID=10_75;partial=00;start_type=ATG;rbs_motif=AGGAG;rbs_spacer=5-10bp;gc_cont=0.392,ID=10_75;partial=00;start_type=ATG;rbs_motif=AGGAG;rbs_spacer=5-10bp;gc,26.0
NETF01000165.1_37,G,K,G,G,G,K,S,D,K,D,C,D,C,ID=165_37;partial=00;start_type=ATG;rbs_motif=GGA/GAG/AGG;rbs_spacer=5-10bp;gc_cont=0.449,ID=165_37;partial=00;start_type=ATG;rbs_motif=GGA/GAG/AGG;rbs_spacer=5-10bp;gc,26.0
DBTX01000018.1_24,G,K,G,G,G,K,S,D,K,D,C,D,C,ID=36_24;partial=00;start_type=ATG;rbs_motif=GGAGG;rbs_spacer=5-10bp;gc_cont=0.484,ID=36_24;partial=00;start_type=ATG;rbs_motif=GGAGG;rbs_spacer=5-10bp;gc,26.0
DDYN01000017.1_2,G,K,G,G,G,K,S,D,K,D,C,D,C,ID=17_2;partial=00;start_type=ATG;rbs_motif=AGGAGG;rbs_spacer=5-10bp;gc_cont=0.586,ID=17_2;partial=00;start_type=ATG;rbs_motif=AGGAGG;rbs_spacer=5-10bp;gc,26.0
DGGQ01000104.1_3,G,K,G,G,G,K,S,D,K,D,C,D,C,ID=45_3;partial=00;start_type=ATG;rbs_motif=AGGAG;rbs_spacer=5-10bp;gc_cont=0.480,ID=45_3;partial=00;start_type=ATG;rbs_motif=AGGAG;rbs_spacer=5-10bp;gc,26.0
DIXN01000004.1_67,G,K,G,G,G,K,S,D,K,D,C,D,C,ID=49_67;partial=00;start_type=ATG;rbs_motif=GGAGG;rbs_spacer=5-10bp;gc_cont=0.655,ID=49_67;partial=00;start_type=ATG;rbs_motif=GGAGG;rbs_spacer=5-10bp;gc,26.0
DAQG01000117.1_15,G,K,G,G,G,K,S,D,K,D,C,D,C,ID=52_15;partial=00;start_type=GTG;rbs_motif=GGxGG;rbs_spacer=5-10bp;gc_cont=0.586,ID=52_15;partial=00;start_type=GTG;rbs_motif=GGxGG;rbs_spacer=5-10bp;gc,26.0
PEAN01000058.1_24,G,K,G,G,G,K,S,D,K,D,C,D,C,ID=49_24;partial=00;start_type=ATG;rbs_motif=AGGAG;rbs_spacer=5-10bp;gc_cont=0.547,ID=49_24;partial=00;start_type=ATG;rbs_motif=AGGAG;rbs_spacer=5-10bp;gc,26.0
PHSP01000001.1_59,G,K,G,G,G,K,S,D,K,D,C,D,C,ID=1_59;partial=00;start_type=ATG;rbs_motif=AGGAG;rbs_spacer=5-10bp;gc_cont=0.450,ID=1_59;partial=00;start_type=ATG;rbs_motif=AGGAG;rbs_spacer=5-10bp;gc,26.0
MZXQ01000108.1_2,G,K,G,G,G,K,S,D,K,D,C,D,C,ID=59_2;partial=00;start_type=ATG;rbs_motif=GGA/GAG/AGG;rbs_spacer=5-10bp;gc_cont=0.465,ID=59_2;partial=00;start_type=ATG;rbs_motif=GGA/GAG/AGG;rbs_spacer=5-10bp;gc,26.0
PLYK01000104.1_11,G,K,G,G,G,K,S,D,K,D,C,D,C,ID=14_11;partial=00;start_type=ATG;rbs_motif=AGGAG;rbs_spacer=5-10bp;gc_cont=0.554,ID=14_11;partial=00;start_type=ATG;rbs_motif=AGGAG;rbs_spacer=5-10bp;gc,26.0
QKCO01000110.1_8,G,K,G,G,G,K,S,D,K,D,C,D,C,ID=158_8;partial=00;start_type=ATG;rbs_motif=AGGAG;rbs_spacer=5-10bp;gc_cont=0.602,ID=158_8;partial=00;start_type=ATG;rbs_motif=AGGAG;rbs_spacer=5-10bp;gc,26.0
QKIO01000137.1_13,G,K,G,G,G,K,S,D,K,D,C,D,C,ID=37_13;partial=00;start_type=ATG;rbs_motif=TAAAA;rbs_spacer=9bp;gc_cont=0.435,ID=37_13;partial=00;start_type=ATG;rbs_motif=TAAAA;rbs_spacer=9bp;gc,26.0
DNTK01000016.1_2,G,K,G,G,G,K,S,D,K,D,C,D,C,ID=69_2;partial=00;start_type=ATG;rbs_motif=TAA;rbs_spacer=12bp;gc_cont=0.427,ID=69_2;partial=00;start_type=ATG;rbs_motif=TAA;rbs_spacer=12bp;gc,26.0
QZKW01000080.1_107,G,K,G,G,G,K,S,D,K,D,C,D,C,ID=8_107;partial=01;start_type=ATG;rbs_motif=GGAGG;rbs_spacer=5-10bp;gc_cont=0.565,ID=8_107;partial=01;start_type=ATG;rbs_motif=GGAGG;rbs_spacer=5-10bp;gc,26.0
SAQE01000027.1_50,G,K,G,G,G,K,S,D,K,D,C,D,C,ID=108_50;partial=00;start_type=ATG;rbs_motif=AGGA;rbs_spacer=5-10bp;gc_cont=0.601,ID=108_50;partial=00;start_type=ATG;rbs_motif=AGGA;rbs_spacer=5-10bp;gc,26.0
SCQH01000040.1_23,G,K,G,G,G,K,S,D,K,D,C,D,C,ID=46_23;partial=00;start_type=ATG;rbs_motif=AGGAGG;rbs_spacer=5-10bp;gc_cont=0.580,ID=46_23;partial=00;start_type=ATG;rbs_motif=AGGAGG;rbs_spacer=5-10bp;gc,26.0
SZXZ01000084.1_1,G,K,G,G,G,K,S,D,K,D,C,D,C,ID=70_1;partial=00;start_type=ATG;rbs_motif=TAA;rbs_spacer=12bp;gc_cont=0.458,ID=70_1;partial=00;start_type=ATG;rbs_motif=TAA;rbs_spacer=12bp;gc,26.0
REDP01000239.1_5,G,K,G,G,G,K,S,D,K,D,C,D,C,ID=161_5;partial=00;start_type=ATG;rbs_motif=AGGAG;rbs_spacer=5-10bp;gc_cont=0.541,ID=161_5;partial=00;start_type=ATG;rbs_motif=AGGAG;rbs_spacer=5-10bp;gc,26.0
WBTZ01000190.1_1,G,K,G,G,G,K,S,D,K,D,C,D,C,ID=175_1;partial=00;start_type=ATG;rbs_motif=AGGAG;rbs_spacer=5-10bp;gc_cont=0.624,ID=175_1;partial=00;start_type=ATG;rbs_motif=AGGAG;rbs_spacer=5-10bp;gc,26.0
JAAAPF010000227.1_13,G,K,G,G,G,K,S,D,K,D,C,D,C,ID=23_13;partial=00;start_type=ATG;rbs_motif=GGA/GAG/AGG;rbs_spacer=5-10bp;gc_cont=0.661,ID=23_13;partial=00;start_type=ATG;rbs_motif=GGA/GAG/AGG;rbs_spacer=5-10bp;gc,26.0
JAABTQ010000009.1_31,G,K,G,G,G,K,S,D,K,D,C,D,C,ID=80_31;partial=00;start_type=ATG;rbs_motif=AGGA;rbs_spacer=5-10bp;gc_cont=0.465,ID=80_31;partial=00;start_type=ATG;rbs_motif=AGGA;rbs_spacer=5-10bp;gc,26.0
JAAUTM010000141.1_1,G,K,G,G,G,K,S,D,K,D,C,D,C,ID=317_1;partial=00;start_type=ATG;rbs_motif=AGGAG;rbs_spacer=5-10bp;gc_cont=0.565,ID=317_1;partial=00;start_type=ATG;rbs_motif=AGGAG;rbs_spacer=5-10bp;gc,26.0
JAAYNW010000066.1_82,G,K,G,G,G,K,S,D,K,D,C,D,C,ID=34_82;partial=00;start_type=ATG;rbs_motif=AGGAG/GGAGG;rbs_spacer=11-12bp;gc_cont=0.479,ID=34_82;partial=00;start_type=ATG;rbs_motif=AGGAG/GGAGG;rbs_spacer=11-12bp;gc,26.0
JABFQX010000009.1_20,G,K,G,G,G,K,S,D,K,D,C,D,C,ID=80_20;partial=00;start_type=ATG;rbs_motif=AGGAG;rbs_spacer=5-10bp;gc_cont=0.440,ID=80_20;partial=00;start_type=ATG;rbs_motif=AGGAG;rbs_spacer=5-10bp;gc,26.0
DUKH01000219.1_3,G,K,G,G,G,K,S,D,K,D,C,D,C,ID=7_3;partial=00;start_type=ATG;rbs_motif=GGAG/GAGG;rbs_spacer=5-10bp;gc_cont=0.536,ID=7_3;partial=00;start_type=ATG;rbs_motif=GGAG/GAGG;rbs_spacer=5-10bp;gc,26.0
JAAXUM010000013.1_9,G,K,G,G,G,K,S,D,K,D,C,D,C,ID=40_9;partial=00;start_type=ATG;rbs_motif=None;rbs_spacer=None;gc_cont=0.510,ID=40_9;partial=00;start_type=ATG;rbs_motif=None;rbs_spacer=None;gc,26.0
JABXKU010000001.1_22,G,K,G,G,G,K,S,D,K,D,C,D,C,ID=1_22;partial=00;start_type=ATG;rbs_motif=AGGAG;rbs_spacer=5-10bp;gc_cont=0.530,ID=1_22;partial=00;start_type=ATG;rbs_motif=AGGAG;rbs_spacer=5-10bp;gc,26.0
JACNJZ010000081.1_4,G,K,G,G,G,K,S,D,K,D,C,D,C,ID=3_4;partial=00;start_type=ATG;rbs_motif=AGGAGG;rbs_spacer=5-10bp;gc_cont=0.492,ID=3_4;partial=00;start_type=ATG;rbs_motif=AGGAGG;rbs_spacer=5-10bp;gc,26.0
SVCA01000002.1_338,G,K,G,G,G,K,S,D,K,D,C,D,C,ID=7_338;partial=00;start_type=ATG;rbs_motif=GGAG/GAGG;rbs_spacer=5-10bp;gc_cont=0.548,ID=7_338;partial=00;start_type=ATG;rbs_motif=GGAG/GAGG;rbs_spacer=5-10bp;gc,26.0
JADFZP010000129.1_7,G,K,G,G,G,K,S,D,K,D,C,D,C,ID=71_7;partial=00;start_type=ATG;rbs_motif=AGGAG;rbs_spacer=5-10bp;gc_cont=0.645,ID=71_7;partial=00;start_type=ATG;rbs_motif=AGGAG;rbs_spacer=5-10bp;gc,26.0
WFVK01000137.1_2,G,K,G,G,G,K,S,D,K,D,C,D,C,ID=137_2;partial=01;start_type=ATG;rbs_motif=AGGAG;rbs_spacer=5-10bp;gc_cont=0.549,ID=137_2;partial=01;start_type=ATG;rbs_motif=AGGAG;rbs_spacer=5-10bp;gc,26.0
JACPEG010000012.1_30,G,K,G,G,G,K,S,D,K,D,C,D,C,ID=21_30;partial=00;start_type=ATG;rbs_motif=GGAG/GAGG;rbs_spacer=5-10bp;gc_cont=0.643,ID=21_30;partial=00;start_type=ATG;rbs_motif=GGAG/GAGG;rbs_spacer=5-10bp;gc,26.0
JACRAZ010000061.1_32,G,K,G,G,G,K,S,D,K,D,C,D,C,ID=35_32;partial=00;start_type=ATG;rbs_motif=GGAG/GAGG;rbs_spacer=5-10bp;gc_cont=0.652,ID=35_32;partial=00;start_type=ATG;rbs_motif=GGAG/GAGG;rbs_spacer=5-10bp;gc,26.0
JACRDG010000112.1_73,G,K,G,G,G,K,S,D,K,D,C,D,C,ID=78_73;partial=00;start_type=ATG;rbs_motif=AGGAG(G)/GGAGG;rbs_spacer=13-15bp;gc_cont=0.601,ID=78_73;partial=00;start_type=ATG;rbs_motif=AGGAG(G)/GGAGG;rbs_spacer=13-15bp;gc,26.0
JACRLM010000031.1_15,G,K,G,G,G,K,S,D,K,D,C,D,C,ID=15_15;partial=00;start_type=ATG;rbs_motif=GGAG/GAGG;rbs_spacer=5-10bp;gc_cont=0.597,ID=15_15;partial=00;start_type=ATG;rbs_motif=GGAG/GAGG;rbs_spacer=5-10bp;gc,26.0
JAEINR010000051.1_31,G,K,G,G,G,K,S,D,K,D,C,D,C,ID=185_31;partial=00;start_type=ATG;rbs_motif=AGGAG;rbs_spacer=5-10bp;gc_cont=0.528,ID=185_31;partial=00;start_type=ATG;rbs_motif=AGGAG;rbs_spacer=5-10bp;gc,26.0
JADJPE010000005.1_5303,G,K,G,G,G,K,S,D,K,D,C,D,C,ID=5_5303;partial=00;start_type=ATG;rbs_motif=AGGAG;rbs_spacer=5-10bp;gc_cont=0.611,ID=5_5303;partial=00;start_type=ATG;rbs_motif=AGGAG;rbs_spacer=5-10bp;gc,26.0
JAEUNU010000043.1_10,G,K,G,G,G,K,S,D,K,D,C,D,C,ID=229_10;partial=00;start_type=ATG;rbs_motif=AGGAG;rbs_spacer=5-10bp;gc_cont=0.642,ID=229_10;partial=00;start_type=ATG;rbs_motif=AGGAG;rbs_spacer=5-10bp;gc,26.0
JAEHDA010000205.1_1,G,K,G,G,G,K,S,D,K,D,C,D,C,ID=342_1;partial=10;start_type=ATG;rbs_motif=AGGAG;rbs_spacer=5-10bp;gc_cont=0.629,ID=342_1;partial=10;start_type=ATG;rbs_motif=AGGAG;rbs_spacer=5-10bp;gc,26.0
JAFGYE010000026.1_59,G,K,G,G,G,K,S,D,K,D,C,D,C,ID=92_59;partial=00;start_type=ATG;rbs_motif=TAAAAA;rbs_spacer=8bp;gc_cont=0.401,ID=92_59;partial=00;start_type=ATG;rbs_motif=TAAAAA;rbs_spacer=8bp;gc,26.0
JABXKF010000163.1_55,G,R,G,G,G,K,S,D,K,D,C,D,C,ID=71_55;partial=00;start_type=ATG;rbs_motif=GGAG/GAGG;rbs_spacer=5-10bp;gc_cont=0.459,ID=71_55;partial=00;start_type=ATG;rbs_motif=GGAG/GAGG;rbs_spacer=5-10bp;gc,25.0
JAFRUS010000063.1_15,G,K,G,G,G,K,S,D,K,D,C,D,C,ID=23_15;partial=00;start_type=ATG;rbs_motif=GGA/GAG/AGG;rbs_spacer=11-12bp;gc_cont=0.499,ID=23_15;partial=00;start_type=ATG;rbs_motif=GGA/GAG/AGG;rbs_spacer=11-12bp;gc,26.0
JAFUVQ010000057.1_9,G,K,G,G,G,K,S,D,K,D,C,D,C,ID=19_9;partial=00;start_type=ATG;rbs_motif=AGxAGG/AGGxGG;rbs_spacer=5-10bp;gc_cont=0.444,ID=19_9;partial=00;start_type=ATG;rbs_motif=AGxAGG/AGGxGG;rbs_spacer=5-10bp;gc,26.0
JAFWPB010000036.1_10,G,K,G,G,G,K,S,D,K,D,C,D,C,ID=33_10;partial=00;start_type=ATG;rbs_motif=AGGA;rbs_spacer=5-10bp;gc_cont=0.485,ID=33_10;partial=00;start_type=ATG;rbs_motif=AGGA;rbs_spacer=5-10bp;gc,26.0
JAGBLU010000015.1_51,G,K,G,G,G,K,S,D,K,D,C,D,C,ID=27_51;partial=00;start_type=ATG;rbs_motif=GGAGG;rbs_spacer=5-10bp;gc_cont=0.425,ID=27_51;partial=00;start_type=ATG;rbs_motif=GGAGG;rbs_spacer=5-10bp;gc,26.0
JADGNM010000057.1_1,G,K,G,G,G,K,S,D,K,D,C,D,C,ID=289_1;partial=00;start_type=ATG;rbs_motif=AGGAG/GGAGG;rbs_spacer=11-12bp;gc_cont=0.500,ID=289_1;partial=00;start_type=ATG;rbs_motif=AGGAG/GGAGG;rbs_spacer=11-12bp;gc,26.0
JAGCVX010000017.1_19,G,K,G,G,G,K,S,D,K,D,C,D,C,ID=2_19;partial=00;start_type=ATG;rbs_motif=AGGA;rbs_spacer=5-10bp;gc_cont=0.519,ID=2_19;partial=00;start_type=ATG;rbs_motif=AGGA;rbs_spacer=5-10bp;gc,26.0
JAGXSU010000059.1_2,G,K,G,G,G,K,S,D,K,D,C,D,C,ID=59_2;partial=00;start_type=ATG;rbs_motif=AGGAG;rbs_spacer=5-10bp;gc_cont=0.472,ID=59_2;partial=00;start_type=ATG;rbs_motif=AGGAG;rbs_spacer=5-10bp;gc,26.0
JAHJNJ010000024.1_61,G,K,G,G,G,K,S,D,K,D,C,D,C,ID=15_61;partial=00;start_type=ATG;rbs_motif=AGGAG;rbs_spacer=5-10bp;gc_cont=0.549,ID=15_61;partial=00;start_type=ATG;rbs_motif=AGGAG;rbs_spacer=5-10bp;gc,26.0
CP036163.1_964,G,K,G,G,G,K,S,D,K,D,C,D,C,ID=1_964;partial=00;start_type=ATG;rbs_motif=AGGAG;rbs_spacer=5-10bp;gc_cont=0.533,ID=1_964;partial=00;start_type=ATG;rbs_motif=AGGAG;rbs_spacer=5-10bp;gc,26.0
JAIFNF010000276.1_10,G,K,G,G,G,K,S,D,K,D,C,D,C,ID=331_10;partial=01;start_type=ATG;rbs_motif=AGGAG;rbs_spacer=5-10bp;gc_cont=0.563,ID=331_10;partial=01;start_type=ATG;rbs_motif=AGGAG;rbs_spacer=5-10bp;gc,26.0
JAGVAH010000085.1_9,G,K,G,G,G,K,S,D,K,D,C,D,C,ID=43_9;partial=00;start_type=ATG;rbs_motif=GGAG/GAGG;rbs_spacer=5-10bp;gc_cont=0.608,ID=43_9;partial=00;start_type=ATG;rbs_motif=GGAG/GAGG;rbs_spacer=5-10bp;gc,26.0
JAGRES010000015.1_138,G,K,G,G,G,K,S,D,K,D,C,D,C,ID=10_138;partial=00;start_type=ATG;rbs_motif=AGGAG;rbs_spacer=5-10bp;gc_cont=0.609,ID=10_138;partial=00;start_type=ATG;rbs_motif=AGGAG;rbs_spacer=5-10bp;gc,26.0
DYIL01000064.1_5,G,K,G,G,G,K,S,D,K,D,C,D,C,ID=91_5;partial=00;start_type=ATG;rbs_motif=GGAG/GAGG;rbs_spacer=5-10bp;gc_cont=0.600,ID=91_5;partial=00;start_type=ATG;rbs_motif=GGAG/GAGG;rbs_spacer=5-10bp;gc,26.0
JAJQCX010000031.1_8,G,K,G,G,G,K,S,D,K,D,C,D,C,ID=201_8;partial=00;start_type=ATG;rbs_motif=AGGAG/GGAGG;rbs_spacer=11-12bp;gc_cont=0.509,ID=201_8;partial=00;start_type=ATG;rbs_motif=AGGAG/GGAGG;rbs_spacer=11-12bp;gc,26.0
JAIPEF010000101.1_5,G,K,G,G,G,K,S,D,K,D,C,D,C,ID=123_5;partial=00;start_type=ATG;rbs_motif=AGGAG;rbs_spacer=5-10bp;gc_cont=0.497,ID=123_5;partial=00;start_type=ATG;rbs_motif=AGGAG;rbs_spacer=5-10bp;gc,26.0
JAJXYA010000492.1_3,G,K,G,G,G,K,S,D,K,D,C,D,C,ID=185_3;partial=01;start_type=ATG;rbs_motif=AGGAGG;rbs_spacer=5-10bp;gc_cont=0.374,ID=185_3;partial=01;start_type=ATG;rbs_motif=AGGAGG;rbs_spacer=5-10bp;gc,26.0
JAJYNB010000044.1_1,G,K,G,G,G,K,S,D,K,D,C,D,C,ID=198_1;partial=10;start_type=ATG;rbs_motif=AGGAGG;rbs_spacer=5-10bp;gc_cont=0.544,ID=198_1;partial=10;start_type=ATG;rbs_motif=AGGAGG;rbs_spacer=5-10bp;gc,26.0
JAJYPA010000015.1_27,G,K,G,G,G,K,S,D,K,D,C,D,C,ID=548_27;partial=00;start_type=ATG;rbs_motif=AGGAG;rbs_spacer=5-10bp;gc_cont=0.562,ID=548_27;partial=00;start_type=ATG;rbs_motif=AGGAG;rbs_spacer=5-10bp;gc,26.0
JAJZYC010000074.1_4,G,K,G,G,G,K,S,D,K,D,C,D,C,ID=24_4;partial=00;start_type=ATG;rbs_motif=GGAGG;rbs_spacer=5-10bp;gc_cont=0.462,ID=24_4;partial=00;start_type=ATG;rbs_motif=GGAGG;rbs_spacer=5-10bp;gc,26.0
JAKAFG010000109.1_6,G,K,G,G,G,K,S,D,K,D,C,D,C,ID=59_6;partial=00;start_type=ATG;rbs_motif=AGGAG;rbs_spacer=5-10bp;gc_cont=0.569,ID=59_6;partial=00;start_type=ATG;rbs_motif=AGGAG;rbs_spacer=5-10bp;gc,26.0
JAKASB010000109.1_2,G,K,G,G,G,K,S,D,K,D,C,D,C,ID=48_2;partial=00;start_type=ATG;rbs_motif=GGAGG;rbs_spacer=5-10bp;gc_cont=0.417,ID=48_2;partial=00;start_type=ATG;rbs_motif=GGAGG;rbs_spacer=5-10bp;gc,26.0
JAJZSR010000096.1_2,G,K,G,G,G,K,S,D,K,D,C,D,C,ID=13_2;partial=00;start_type=ATG;rbs_motif=AGGAG;rbs_spacer=5-10bp;gc_cont=0.631,ID=13_2;partial=00;start_type=ATG;rbs_motif=AGGAG;rbs_spacer=5-10bp;gc,26.0
JAFLVQ010000044.1_5,G,K,G,G,G,K,S,D,K,D,C,D,C,ID=147_5;partial=00;start_type=ATG;rbs_motif=AGGAG;rbs_spacer=5-10bp;gc_cont=0.462,ID=147_5;partial=00;start_type=ATG;rbs_motif=AGGAG;rbs_spacer=5-10bp;gc,26.0
JAHFFR010000075.1_3,G,K,G,G,G,K,S,D,K,D,C,D,C,ID=56_3;partial=00;start_type=ATG;rbs_motif=AGGAGG;rbs_spacer=5-10bp;gc_cont=0.462,ID=56_3;partial=00;start_type=ATG;rbs_motif=AGGAGG;rbs_spacer=5-10bp;gc,26.0
JAEWCY010000066.1_3,G,K,G,G,G,K,S,D,K,D,C,D,C,ID=248_3;partial=00;start_type=ATG;rbs_motif=GGAGG;rbs_spacer=5-10bp;gc_cont=0.638,ID=248_3;partial=00;start_type=ATG;rbs_motif=GGAGG;rbs_spacer=5-10bp;gc,26.0
JAEWWF010000177.1_4,G,K,G,G,G,K,S,D,K,D,C,D,C,ID=282_4;partial=00;start_type=ATG;rbs_motif=AGGA;rbs_spacer=5-10bp;gc_cont=0.638,ID=282_4;partial=00;start_type=ATG;rbs_motif=AGGA;rbs_spacer=5-10bp;gc,26.0
JAEYFP010000045.1_205,G,K,G,G,G,K,S,D,K,D,C,D,C,ID=32_205;partial=00;start_type=ATG;rbs_motif=GGAGG;rbs_spacer=5-10bp;gc_cont=0.468,ID=32_205;partial=00;start_type=ATG;rbs_motif=GGAGG;rbs_spacer=5-10bp;gc,26.0
JAEYON010000068.1_64,G,K,G,G,G,K,S,D,K,D,C,D,C,ID=73_64;partial=00;start_type=ATG;rbs_motif=GGAG/GAGG;rbs_spacer=5-10bp;gc_cont=0.527,ID=73_64;partial=00;start_type=ATG;rbs_motif=GGAG/GAGG;rbs_spacer=5-10bp;gc,26.0
JAEZJW010000076.1_4,G,K,G,G,G,K,S,D,K,D,C,D,C,ID=87_4;partial=00;start_type=ATG;rbs_motif=AGGAGG;rbs_spacer=5-10bp;gc_cont=0.495,ID=87_4;partial=00;start_type=ATG;rbs_motif=AGGAGG;rbs_spacer=5-10bp;gc,26.0
JAFAFU010000024.1_15,G,K,G,G,G,K,S,D,K,D,C,D,C,ID=63_15;partial=00;start_type=ATG;rbs_motif=AGGAGG;rbs_spacer=5-10bp;gc_cont=0.483,ID=63_15;partial=00;start_type=ATG;rbs_motif=AGGAGG;rbs_spacer=5-10bp;gc,26.0
JAEYSV010000002.1_69,G,K,G,G,G,K,S,D,K,D,C,D,C,ID=23_69;partial=00;start_type=ATG;rbs_motif=AGGAGG;rbs_spacer=5-10bp;gc_cont=0.405,ID=23_69;partial=00;start_type=ATG;rbs_motif=AGGAGG;rbs_spacer=5-10bp;gc,26.0
JAEXRH010000008.1_131,G,K,G,G,G,K,S,D,K,D,C,D,C,ID=10_131;partial=00;start_type=ATG;rbs_motif=AGGAG;rbs_spacer=5-10bp;gc_cont=0.628,ID=10_131;partial=00;start_type=ATG;rbs_motif=AGGAG;rbs_spacer=5-10bp;gc,26.0
JAEZST010000022.1_15,G,K,G,G,G,K,S,D,K,D,C,D,C,ID=23_15;partial=00;start_type=ATG;rbs_motif=AGGAG;rbs_spacer=5-10bp;gc_cont=0.596,ID=23_15;partial=00;start_type=ATG;rbs_motif=AGGAG;rbs_spacer=5-10bp;gc,26.0
JAMCVT010000152.1_2,G,K,G,G,G,K,S,D,K,D,C,D,C,ID=161_2;partial=00;start_type=ATG;rbs_motif=AGGAGG;rbs_spacer=5-10bp;gc_cont=0.546,ID=161_2;partial=00;start_type=ATG;rbs_motif=AGGAGG;rbs_spacer=5-10bp;gc,26.0
JAJRZN010000259.1_1,G,K,G,G,G,K,S,D,K,D,C,D,C,ID=213_1;partial=00;start_type=ATG;rbs_motif=GGAGG;rbs_spacer=5-10bp;gc_cont=0.538,ID=213_1;partial=00;start_type=ATG;rbs_motif=GGAGG;rbs_spacer=5-10bp;gc,26.0
JAGXFQ010000025.1_8,G,K,G,G,G,K,S,D,K,D,C,D,C,ID=38_8;partial=00;start_type=ATG;rbs_motif=AGGAG;rbs_spacer=5-10bp;gc_cont=0.581,ID=38_8;partial=00;start_type=ATG;rbs_motif=AGGAG;rbs_spacer=5-10bp;gc,26.0
JAILHZ010000150.1_4,G,K,G,G,G,K,S,D,K,D,C,D,C,ID=122_4;partial=00;start_type=ATG;rbs_motif=AGxAGG/AGGxGG;rbs_spacer=5-10bp;gc_cont=0.515,ID=122_4;partial=00;start_type=ATG;rbs_motif=AGxAGG/AGGxGG;rbs_spacer=5-10bp;gc,26.0
JANTGD010000128.1_12,G,K,G,G,G,K,S,D,K,D,C,D,C,ID=128_12;partial=01;start_type=ATG;rbs_motif=AGGAG;rbs_spacer=5-10bp;gc_cont=0.508,ID=128_12;partial=01;start_type=ATG;rbs_motif=AGGAG;rbs_spacer=5-10bp;gc,26.0
OMSV01000077.1_11,G,K,G,G,G,K,S,D,K,D,C,D,C,ID=170_11;partial=01;start_type=ATG;rbs_motif=AGGAGG;rbs_spacer=5-10bp;gc_cont=0.592,ID=170_11;partial=01;start_type=ATG;rbs_motif=AGGAGG;rbs_spacer=5-10bp;gc,26.0
ONVE01000181.1_6,G,K,G,G,G,K,S,D,K,D,C,D,C,ID=102_6;partial=00;start_type=ATG;rbs_motif=GGA/GAG/AGG;rbs_spacer=5-10bp;gc_cont=0.438,ID=102_6;partial=00;start_type=ATG;rbs_motif=GGA/GAG/AGG;rbs_spacer=5-10bp;gc,26.0
CABMII010000067.1_3,G,K,G,G,G,K,S,D,K,D,C,D,C,ID=67_3;partial=00;start_type=ATG;rbs_motif=AGGAGG;rbs_spacer=5-10bp;gc_cont=0.498,ID=67_3;partial=00;start_type=ATG;rbs_motif=AGGAGG;rbs_spacer=5-10bp;gc,26.0
CACXXH010000047.1_22,G,K,G,G,G,K,S,D,K,D,C,D,C,ID=47_22;partial=00;start_type=ATG;rbs_motif=AGGAG;rbs_spacer=5-10bp;gc_cont=0.526,ID=47_22;partial=00;start_type=ATG;rbs_motif=AGGAG;rbs_spacer=5-10bp;gc,26.0
CACZOA010000061.1_9,G,K,G,G,G,K,S,D,K,D,C,D,C,ID=61_9;partial=00;start_type=ATG;rbs_motif=AAAAA;rbs_spacer=11bp;gc_cont=0.445,ID=61_9;partial=00;start_type=ATG;rbs_motif=AAAAA;rbs_spacer=11bp;gc,26.0
CADAWC010000018.1_29,G,K,G,G,G,K,S,D,K,D,C,D,C,ID=18_29;partial=00;start_type=ATG;rbs_motif=AGGAG/GGAGG;rbs_spacer=11-12bp;gc_cont=0.525,ID=18_29;partial=00;start_type=ATG;rbs_motif=AGGAG/GGAGG;rbs_spacer=11-12bp;gc,26.0
CADCOE010000048.1_20,G,K,G,G,G,K,S,D,K,D,C,D,C,ID=48_20;partial=00;start_type=ATG;rbs_motif=AGGAG;rbs_spacer=5-10bp;gc_cont=0.460,ID=48_20;partial=00;start_type=ATG;rbs_motif=AGGAG;rbs_spacer=5-10bp;gc,26.0
CAIKKU010000757.1_3,G,K,G,G,G,K,S,D,K,D,C,D,C,ID=757_3;partial=00;start_type=ATG;rbs_motif=AGGAG;rbs_spacer=5-10bp;gc_cont=0.632,ID=757_3;partial=00;start_type=ATG;rbs_motif=AGGAG;rbs_spacer=5-10bp;gc,26.0
CAINOE010000073.1_13,G,K,G,G,G,K,S,D,K,D,C,D,C,ID=73_13;partial=00;start_type=ATG;rbs_motif=GGA/GAG/AGG;rbs_spacer=5-10bp;gc_cont=0.612,ID=73_13;partial=00;start_type=ATG;rbs_motif=GGA/GAG/AGG;rbs_spacer=5-10bp;gc,26.0
CAIQND010000322.1_1,G,K,G,G,G,K,S,D,K,D,C,D,C,ID=322_1;partial=00;start_type=ATG;rbs_motif=AGGAG;rbs_spacer=5-10bp;gc_cont=0.432,ID=322_1;partial=00;start_type=ATG;rbs_motif=AGGAG;rbs_spacer=5-10bp;gc,26.0
CAISZB010000095.1_12,G,K,G,G,G,K,S,D,K,D,C,D,C,ID=95_12;partial=00;start_type=ATG;rbs_motif=None;rbs_spacer=None;gc_cont=0.646,ID=95_12;partial=00;start_type=ATG;rbs_motif=None;rbs_spacer=None;gc,26.0
CAIVLG010000099.1_34,G,K,G,G,G,K,S,D,K,D,C,D,C,ID=99_34;partial=00;start_type=ATG;rbs_motif=GGAG/GAGG;rbs_spacer=5-10bp;gc_cont=0.591,ID=99_34;partial=00;start_type=ATG;rbs_motif=GGAG/GAGG;rbs_spacer=5-10bp;gc,26.0
CAIYPU010000037.1_4,G,K,G,G,G,K,S,D,K,D,C,D,C,ID=37_4;partial=00;start_type=ATG;rbs_motif=None;rbs_spacer=None;gc_cont=0.555,ID=37_4;partial=00;start_type=ATG;rbs_motif=None;rbs_spacer=None;gc,26.0
CAJAVE010000221.1_26,G,K,G,G,G,K,S,D,K,D,C,D,C,ID=221_26;partial=00;start_type=ATG;rbs_motif=GGAG/GAGG;rbs_spacer=5-10bp;gc_cont=0.576,ID=221_26;partial=00;start_type=ATG;rbs_motif=GGAG/GAGG;rbs_spacer=5-10bp;gc,26.0
CAJOPO010000142.1_4,G,K,G,G,G,K,S,D,K,D,C,D,C,ID=142_4;partial=00;start_type=ATG;rbs_motif=AGGAG;rbs_spacer=5-10bp;gc_cont=0.405,ID=142_4;partial=00;start_type=ATG;rbs_motif=AGGAG;rbs_spacer=5-10bp;gc,26.0
CAKKRC010000045.1_52,G,K,G,G,G,K,S,D,K,D,C,D,C,ID=45_52;partial=00;start_type=ATG;rbs_motif=GGAGG;rbs_spacer=5-10bp;gc_cont=0.579,ID=45_52;partial=00;start_type=ATG;rbs_motif=GGAGG;rbs_spacer=5-10bp;gc,26.0
NC_008381.1_159,G,K,G,G,G,K,S,D,K,D,C,D,C,ID=5_159;partial=00;start_type=ATG;rbs_motif=AGGA;rbs_spacer=5-10bp;gc_cont=0.554,ID=5_159;partial=00;start_type=ATG;rbs_motif=AGGA;rbs_spacer=5-10bp;gc,26.0
NC_011420.2_3515,G,K,G,G,G,K,S,D,K,D,C,D,C,ID=1_3515;partial=00;start_type=ATG;rbs_motif=AGGAG;rbs_spacer=5-10bp;gc_cont=0.663,ID=1_3515;partial=00;start_type=ATG;rbs_motif=AGGAG;rbs_spacer=5-10bp;gc,26.0
NC_011666.1_3628,G,K,G,G,G,K,S,D,K,D,C,D,C,ID=1_3628;partial=00;start_type=ATG;rbs_motif=AGGAG;rbs_spacer=5-10bp;gc_cont=0.615,ID=1_3628;partial=00;start_type=ATG;rbs_motif=AGGAG;rbs_spacer=5-10bp;gc,26.0
NC_014364.1_2995,G,K,G,G,G,K,S,D,K,D,C,D,C,ID=1_2995;partial=00;start_type=ATG;rbs_motif=GGAGG;rbs_spacer=5-10bp;gc_cont=0.531,ID=1_2995;partial=00;start_type=ATG;rbs_motif=GGAGG;rbs_spacer=5-10bp;gc,26.0
NZ_ACYY01000009.1_49,G,K,G,G,G,K,S,D,K,D,C,D,C,ID=51_49;partial=00;start_type=ATG;rbs_motif=AGGA;rbs_spacer=5-10bp;gc_cont=0.625,ID=51_49;partial=00;start_type=ATG;rbs_motif=AGGA;rbs_spacer=5-10bp;gc,26.0
NZ_GL891979.1_631,G,K,G,G,G,K,S,D,K,D,C,D,C,ID=1_631;partial=00;start_type=ATG;rbs_motif=TAA;rbs_spacer=14bp;gc_cont=0.387,ID=1_631;partial=00;start_type=ATG;rbs_motif=TAA;rbs_spacer=14bp;gc,26.0
NZ_KI912268.1_870,G,K,G,G,G,K,S,D,K,D,C,D,C,ID=1_870;partial=00;start_type=ATG;rbs_motif=AGGAG;rbs_spacer=5-10bp;gc_cont=0.602,ID=1_870;partial=00;start_type=ATG;rbs_motif=AGGAG;rbs_spacer=5-10bp;gc,26.0
NC_016622.1_582,G,K,G,G,G,K,S,D,K,D,C,D,C,ID=1_582;partial=00;start_type=ATG;rbs_motif=AGGAG;rbs_spacer=5-10bp;gc_cont=0.645,ID=1_582;partial=00;start_type=ATG;rbs_motif=AGGAG;rbs_spacer=5-10bp;gc,26.0
NC_019771.1_2119,G,K,G,G,G,K,S,D,K,D,C,D,C,ID=1_2119;partial=00;start_type=ATG;rbs_motif=AGGA/GGAG/GAGG;rbs_spacer=11-12bp;gc_cont=0.467,ID=1_2119;partial=00;start_type=ATG;rbs_motif=AGGA/GGAG/GAGG;rbs_spacer=11-12bp;gc,26.0
NZ_CM001841.1_3556,G,K,G,G,G,K,S,D,K,D,C,D,C,ID=1_3556;partial=00;start_type=ATG;rbs_motif=AGGAG;rbs_spacer=5-10bp;gc_cont=0.587,ID=1_3556;partial=00;start_type=ATG;rbs_motif=AGGAG;rbs_spacer=5-10bp;gc,26.0
NZ_ARWA01000001.1_1497,G,K,G,G,G,K,S,D,K,D,C,D,C,ID=1_1497;partial=00;start_type=ATG;rbs_motif=AGGAG;rbs_spacer=5-10bp;gc_cont=0.592,ID=1_1497;partial=00;start_type=ATG;rbs_motif=AGGAG;rbs_spacer=5-10bp;gc,26.0
NZ_AUJO01000002.1_210,G,K,G,G,G,K,S,D,K,D,C,D,C,ID=2_210;partial=00;start_type=ATG;rbs_motif=AGGAG;rbs_spacer=5-10bp;gc_cont=0.461,ID=2_210;partial=00;start_type=ATG;rbs_motif=AGGAG;rbs_spacer=5-10bp;gc,26.0
NZ_AUAZ01000022.1_29,G,K,G,G,G,K,S,D,K,D,C,D,C,ID=21_29;partial=00;start_type=ATG;rbs_motif=AGGAG;rbs_spacer=5-10bp;gc_cont=0.532,ID=21_29;partial=00;start_type=ATG;rbs_motif=AGGAG;rbs_spacer=5-10bp;gc,26.0
NZ_KI421454.1_335,G,K,G,G,G,K,S,D,K,D,C,D,C,ID=13_335;partial=00;start_type=ATG;rbs_motif=AGGA;rbs_spacer=5-10bp;gc_cont=0.603,ID=13_335;partial=00;start_type=ATG;rbs_motif=AGGA;rbs_spacer=5-10bp;gc,26.0
NZ_KI912105.1_2466,G,K,G,G,G,K,S,D,K,D,C,D,C,ID=5_2466;partial=00;start_type=ATG;rbs_motif=TAA;rbs_spacer=11bp;gc_cont=0.476,ID=5_2466;partial=00;start_type=ATG;rbs_motif=TAA;rbs_spacer=11bp;gc,26.0
NZ_CP004078.1_3099,G,K,G,G,G,K,S,D,K,D,C,D,C,ID=1_3099;partial=00;start_type=ATG;rbs_motif=AGGAG;rbs_spacer=5-10bp;gc_cont=0.551,ID=1_3099;partial=00;start_type=ATG;rbs_motif=AGGAG;rbs_spacer=5-10bp;gc,26.0
NZ_JNKW01000004.1_161,G,K,G,G,G,K,S,D,K,D,C,D,C,ID=3_161;partial=00;start_type=ATG;rbs_motif=AGGA;rbs_spacer=5-10bp;gc_cont=0.369,ID=3_161;partial=00;start_type=ATG;rbs_motif=AGGA;rbs_spacer=5-10bp;gc,26.0
NZ_BBKT01000028.1_10,G,K,G,G,G,K,S,D,K,D,C,D,C,ID=74_10;partial=00;start_type=ATG;rbs_motif=AGGAGG;rbs_spacer=5-10bp;gc_cont=0.394,ID=74_10;partial=00;start_type=ATG;rbs_motif=AGGAGG;rbs_spacer=5-10bp;gc,26.0
NZ_JYNO01000012.1_51,G,K,G,G,G,K,S,D,K,D,C,D,C,ID=8_51;partial=00;start_type=ATG;rbs_motif=GGAGG;rbs_spacer=5-10bp;gc_cont=0.572,ID=8_51;partial=00;start_type=ATG;rbs_motif=GGAGG;rbs_spacer=5-10bp;gc,26.0
NZ_BAZW01000003.1_124,G,K,G,G,G,K,S,D,K,D,C,D,C,ID=210_124;partial=00;start_type=ATG;rbs_motif=TAA;rbs_spacer=11bp;gc_cont=0.481,ID=210_124;partial=00;start_type=ATG;rbs_motif=TAA;rbs_spacer=11bp;gc,26.0
NZ_LJYW01000001.1_1024,G,K,G,G,G,K,S,D,K,D,C,D,C,ID=1_1024;partial=00;start_type=GTG;rbs_motif=GGAG/GAGG;rbs_spacer=5-10bp;gc_cont=0.657,ID=1_1024;partial=00;start_type=GTG;rbs_motif=GGAG/GAGG;rbs_spacer=5-10bp;gc,26.0
NZ_LNCU01000039.1_184,G,K,G,G,G,K,S,D,K,D,C,D,C,ID=39_184;partial=00;start_type=ATG;rbs_motif=GGAG/GAGG;rbs_spacer=5-10bp;gc_cont=0.593,ID=39_184;partial=00;start_type=ATG;rbs_motif=GGAG/GAGG;rbs_spacer=5-10bp;gc,26.0
NZ_LSEF01000026.1_107,G,K,G,G,G,K,S,D,K,D,C,D,C,ID=26_107;partial=00;start_type=ATG;rbs_motif=GGAGG;rbs_spacer=5-10bp;gc_cont=0.598,ID=26_107;partial=00;start_type=ATG;rbs_motif=GGAGG;rbs_spacer=5-10bp;gc,26.0
NZ_MAXC01000053.1_56,G,K,G,G,G,K,S,D,K,D,C,D,C,ID=52_56;partial=00;start_type=ATG;rbs_motif=GGAG/GAGG;rbs_spacer=5-10bp;gc_cont=0.608,ID=52_56;partial=00;start_type=ATG;rbs_motif=GGAG/GAGG;rbs_spacer=5-10bp;gc,26.0
NZ_CP017603.1_2425,G,K,G,G,G,K,S,D,K,D,C,D,C,ID=1_2425;partial=00;start_type=ATG;rbs_motif=AGxAGG/AGGxGG;rbs_spacer=5-10bp;gc_cont=0.376,ID=1_2425;partial=00;start_type=ATG;rbs_motif=AGxAGG/AGGxGG;rbs_spacer=5-10bp;gc,26.0
NZ_MUNZ01000131.1_37,G,K,G,G,G,K,S,D,K,D,C,D,C,ID=110_37;partial=00;start_type=ATG;rbs_motif=GGAG/GAGG;rbs_spacer=5-10bp;gc_cont=0.625,ID=110_37;partial=00;start_type=ATG;rbs_motif=GGAG/GAGG;rbs_spacer=5-10bp;gc,26.0
NZ_CP021031.1_208,G,K,G,G,G,K,S,D,K,D,C,D,C,ID=2_208;partial=00;start_type=ATG;rbs_motif=AGGA;rbs_spacer=5-10bp;gc_cont=0.598,ID=2_208;partial=00;start_type=ATG;rbs_motif=AGGA;rbs_spacer=5-10bp;gc,26.0
NZ_NSBT01000037.1_981,G,K,G,G,G,K,S,D,K,D,C,D,C,ID=30_981;partial=00;start_type=ATG;rbs_motif=AGGAG/GGAGG;rbs_spacer=11-12bp;gc_cont=0.607,ID=30_981;partial=00;start_type=ATG;rbs_motif=AGGAG/GGAGG;rbs_spacer=11-12bp;gc,26.0
NZ_CP034999.1_526,G,K,G,G,G,K,S,D,K,D,C,D,C,ID=2_526;partial=00;start_type=ATG;rbs_motif=AGGA;rbs_spacer=5-10bp;gc_cont=0.602,ID=2_526;partial=00;start_type=ATG;rbs_motif=AGGA;rbs_spacer=5-10bp;gc,26.0
NZ_LXFV01000058.1_82,G,K,G,G,G,K,S,D,K,D,C,D,C,ID=58_82;partial=00;start_type=ATG;rbs_motif=AGGAG;rbs_spacer=5-10bp;gc_cont=0.528,ID=58_82;partial=00;start_type=ATG;rbs_motif=AGGAG;rbs_spacer=5-10bp;gc,26.0
NZ_PVXQ01000001.1_146,G,K,G,G,G,K,S,D,K,D,C,D,C,ID=1_146;partial=00;start_type=ATG;rbs_motif=AGxAGG/AGGxGG;rbs_spacer=5-10bp;gc_cont=0.353,ID=1_146;partial=00;start_type=ATG;rbs_motif=AGxAGG/AGGxGG;rbs_spacer=5-10bp;gc,26.0
NZ_LGQZ01000027.1_123,G,K,G,G,G,K,S,D,K,D,C,D,C,ID=1_123;partial=00;start_type=ATG;rbs_motif=AGGAG;rbs_spacer=5-10bp;gc_cont=0.651,ID=1_123;partial=00;start_type=ATG;rbs_motif=AGGAG;rbs_spacer=5-10bp;gc,26.0
NZ_QKZK01000008.1_27,G,K,G,G,G,K,S,D,K,D,C,D,C,ID=8_27;partial=00;start_type=ATG;rbs_motif=AAAAAA;rbs_spacer=9bp;gc_cont=0.505,ID=8_27;partial=00;start_type=ATG;rbs_motif=AAAAAA;rbs_spacer=9bp;gc,26.0
NZ_QLKU01000010.1_98,G,K,G,G,G,K,S,D,K,D,C,D,C,ID=2_98;partial=00;start_type=ATG;rbs_motif=GGAG/GAGG;rbs_spacer=5-10bp;gc_cont=0.619,ID=2_98;partial=00;start_type=ATG;rbs_motif=GGAG/GAGG;rbs_spacer=5-10bp;gc,26.0
NZ_CP024996.1_2497,G,K,G,G,G,K,S,D,K,D,C,D,C,ID=1_2497;partial=00;start_type=ATG;rbs_motif=AGGAG;rbs_spacer=5-10bp;gc_cont=0.612,ID=1_2497;partial=00;start_type=ATG;rbs_motif=AGGAG;rbs_spacer=5-10bp;gc,26.0
NZ_AP017378.1_1483,G,K,G,G,G,K,S,D,K,D,C,D,C,ID=1_1483;partial=00;start_type=ATG;rbs_motif=GGAGG;rbs_spacer=5-10bp;gc_cont=0.571,ID=1_1483;partial=00;start_type=ATG;rbs_motif=GGAGG;rbs_spacer=5-10bp;gc,26.0
NZ_LHQS01000002.1_293,G,K,G,G,G,K,S,D,K,D,C,D,C,ID=5_293;partial=00;start_type=ATG;rbs_motif=GGAG/GAGG;rbs_spacer=5-10bp;gc_cont=0.572,ID=5_293;partial=00;start_type=ATG;rbs_motif=GGAG/GAGG;rbs_spacer=5-10bp;gc,26.0
NZ_SJOP01000014.1_43,G,K,G,G,G,K,S,D,K,D,C,D,C,ID=13_43;partial=00;start_type=ATG;rbs_motif=AGGAG;rbs_spacer=5-10bp;gc_cont=0.543,ID=13_43;partial=00;start_type=ATG;rbs_motif=AGGAG;rbs_spacer=5-10bp;gc,26.0
NZ_SMOD01000089.1_7,G,K,G,G,G,K,S,D,K,D,C,D,C,ID=162_7;partial=00;start_type=ATG;rbs_motif=GGAG/GAGG;rbs_spacer=5-10bp;gc_cont=0.566,ID=162_7;partial=00;start_type=ATG;rbs_motif=GGAG/GAGG;rbs_spacer=5-10bp;gc,26.0
NZ_SSYB01000001.1_385,G,K,G,G,G,K,S,D,K,D,C,D,C,ID=1_385;partial=00;start_type=ATG;rbs_motif=AGGAG;rbs_spacer=5-10bp;gc_cont=0.621,ID=1_385;partial=00;start_type=ATG;rbs_motif=AGGAG;rbs_spacer=5-10bp;gc,26.0
NZ_VFTZ01000004.1_290,G,K,G,G,G,K,S,D,K,D,C,D,C,ID=34_290;partial=00;start_type=ATG;rbs_motif=AGGA;rbs_spacer=5-10bp;gc_cont=0.597,ID=34_290;partial=00;start_type=ATG;rbs_motif=AGGA;rbs_spacer=5-10bp;gc,26.0
NZ_VITH01000012.1_113,G,K,G,G,G,K,S,D,K,D,C,D,C,ID=12_113;partial=00;start_type=ATG;rbs_motif=AGGAG;rbs_spacer=5-10bp;gc_cont=0.646,ID=12_113;partial=00;start_type=ATG;rbs_motif=AGGAG;rbs_spacer=5-10bp;gc,26.0
NZ_VTOY01000004.1_106,G,K,G,G,G,K,S,D,K,D,C,D,C,ID=34_106;partial=00;start_type=ATG;rbs_motif=AGGAG;rbs_spacer=5-10bp;gc_cont=0.522,ID=34_106;partial=00;start_type=ATG;rbs_motif=AGGAG;rbs_spacer=5-10bp;gc,26.0
NZ_CP045298.1_3125,G,K,G,G,G,K,S,D,K,D,C,D,C,ID=1_3125;partial=00;start_type=ATG;rbs_motif=GGAGG;rbs_spacer=5-10bp;gc_cont=0.522,ID=1_3125;partial=00;start_type=ATG;rbs_motif=GGAGG;rbs_spacer=5-10bp;gc,26.0
NZ_WTCR01000004.1_286,G,K,G,G,G,K,S,D,K,D,C,D,C,ID=32_286;partial=00;start_type=ATG;rbs_motif=TAAAAA;rbs_spacer=5bp;gc_cont=0.396,ID=32_286;partial=00;start_type=ATG;rbs_motif=TAAAAA;rbs_spacer=5bp;gc,26.0
NZ_VOIQ01000006.1_166,G,K,G,G,G,K,S,D,K,D,C,D,C,ID=41_166;partial=00;start_type=ATG;rbs_motif=GGAGG;rbs_spacer=5-10bp;gc_cont=0.536,ID=41_166;partial=00;start_type=ATG;rbs_motif=GGAGG;rbs_spacer=5-10bp;gc,26.0
NZ_WXUB01000007.1_15,G,K,G,G,G,K,S,D,K,D,C,D,C,ID=11_15;partial=00;start_type=ATG;rbs_motif=TAA;rbs_spacer=11bp;gc_cont=0.436,ID=11_15;partial=00;start_type=ATG;rbs_motif=TAA;rbs_spacer=11bp;gc,26.0
NZ_CP033334.1_6353,G,K,G,G,G,K,S,D,K,D,C,D,C,ID=1_6353;partial=00;start_type=ATG;rbs_motif=AGGA;rbs_spacer=5-10bp;gc_cont=0.602,ID=1_6353;partial=00;start_type=ATG;rbs_motif=AGGA;rbs_spacer=5-10bp;gc,26.0
NZ_CP040273.1_308,G,R,G,G,G,K,S,D,K,D,C,D,C,ID=2_308;partial=00;start_type=ATG;rbs_motif=GGAG/GAGG;rbs_spacer=5-10bp;gc_cont=0.463,ID=2_308;partial=00;start_type=ATG;rbs_motif=GGAG/GAGG;rbs_spacer=5-10bp;gc,25.0
NZ_JACHBD010000013.1_116,G,K,G,G,G,K,S,D,K,D,C,D,C,ID=13_116;partial=00;start_type=ATG;rbs_motif=AGGA;rbs_spacer=5-10bp;gc_cont=0.601,ID=13_116;partial=00;start_type=ATG;rbs_motif=AGGA;rbs_spacer=5-10bp;gc,26.0
NZ_BMIJ01000004.1_160,G,K,G,G,G,K,S,D,K,D,C,D,C,ID=4_160;partial=00;start_type=ATG;rbs_motif=AGGAG;rbs_spacer=5-10bp;gc_cont=0.551,ID=4_160;partial=00;start_type=ATG;rbs_motif=AGGAG;rbs_spacer=5-10bp;gc,26.0
NZ_JACSRA010000003.1_117,G,K,G,G,G,K,S,D,K,D,C,D,C,ID=33_117;partial=00;start_type=ATG;rbs_motif=AGGAGG;rbs_spacer=5-10bp;gc_cont=0.345,ID=33_117;partial=00;start_type=ATG;rbs_motif=AGGAGG;rbs_spacer=5-10bp;gc,26.0
NZ_WIQK01000001.1_1595,G,K,G,G,G,K,S,D,K,D,C,D,C,ID=2_1595;partial=00;start_type=ATG;rbs_motif=GGAGG;rbs_spacer=5-10bp;gc_cont=0.401,ID=2_1595;partial=00;start_type=ATG;rbs_motif=GGAGG;rbs_spacer=5-10bp;gc,26.0
NZ_JAENHM010000073.1_212,G,K,G,G,G,K,S,D,K,D,C,D,C,ID=71_212;partial=00;start_type=ATG;rbs_motif=AGGAG;rbs_spacer=5-10bp;gc_cont=0.642,ID=71_212;partial=00;start_type=ATG;rbs_motif=AGGAG;rbs_spacer=5-10bp;gc,26.0
NZ_JAFCGY010000047.1_12,G,K,G,G,G,K,S,D,K,D,C,D,C,ID=112_12;partial=00;start_type=ATG;rbs_motif=AGGA;rbs_spacer=5-10bp;gc_cont=0.619,ID=112_12;partial=00;start_type=ATG;rbs_motif=AGGA;rbs_spacer=5-10bp;gc,26.0
NZ_CP050854.1_2260,G,K,G,G,G,K,S,D,K,D,C,D,C,ID=1_2260;partial=00;start_type=ATG;rbs_motif=GGAG/GAGG;rbs_spacer=5-10bp;gc_cont=0.572,ID=1_2260;partial=00;start_type=ATG;rbs_motif=GGAG/GAGG;rbs_spacer=5-10bp;gc,26.0
NZ_JAGQDE010000023.1_6,G,K,G,G,G,K,S,D,K,D,C,D,C,ID=15_6;partial=00;start_type=ATG;rbs_motif=GGAG/GAGG;rbs_spacer=5-10bp;gc_cont=0.650,ID=15_6;partial=00;start_type=ATG;rbs_motif=GGAG/GAGG;rbs_spacer=5-10bp;gc,26.0
NZ_JAHDYS010000007.1_70,G,K,G,G,G,K,S,D,K,D,C,D,C,ID=58_70;partial=00;start_type=ATG;rbs_motif=AGGAG;rbs_spacer=5-10bp;gc_cont=0.541,ID=58_70;partial=00;start_type=ATG;rbs_motif=AGGAG;rbs_spacer=5-10bp;gc,26.0
NZ_JAHRGL010000020.1_34,G,K,G,G,G,K,S,D,K,D,C,D,C,ID=20_34;partial=00;start_type=ATG;rbs_motif=GGAG/GAGG;rbs_spacer=5-10bp;gc_cont=0.621,ID=20_34;partial=00;start_type=ATG;rbs_motif=GGAG/GAGG;rbs_spacer=5-10bp;gc,26.0
NZ_JAAHBQ010000054.1_22,G,K,G,G,G,K,S,D,K,D,C,D,C,ID=56_22;partial=00;start_type=ATG;rbs_motif=GGA/GAG/AGG;rbs_spacer=5-10bp;gc_cont=0.486,ID=56_22;partial=00;start_type=ATG;rbs_motif=GGA/GAG/AGG;rbs_spacer=5-10bp;gc,26.0
NZ_WJBI01000001.1_578,G,K,G,G,G,K,S,D,K,D,C,D,C,ID=25_578;partial=00;start_type=ATG;rbs_motif=AGGAG;rbs_spacer=5-10bp;gc_cont=0.490,ID=25_578;partial=00;start_type=ATG;rbs_motif=AGGAG;rbs_spacer=5-10bp;gc,26.0
NZ_JACBFY010000001.1_892,G,K,G,G,G,K,S,D,K,D,C,D,C,ID=11_892;partial=00;start_type=ATG;rbs_motif=GGAG/GAGG;rbs_spacer=5-10bp;gc_cont=0.655,ID=11_892;partial=00;start_type=ATG;rbs_motif=GGAG/GAGG;rbs_spacer=5-10bp;gc,26.0
NZ_JAKSXN010000001.1_165,G,K,G,G,G,K,S,D,K,D,C,D,C,ID=1_165;partial=00;start_type=ATG;rbs_motif=GGAGG;rbs_spacer=5-10bp;gc_cont=0.561,ID=1_165;partial=00;start_type=ATG;rbs_motif=GGAGG;rbs_spacer=5-10bp;gc,26.0
NZ_JADPKR010000094.1_290,G,K,G,G,G,K,S,D,K,D,C,D,C,ID=64_290;partial=00;start_type=ATG;rbs_motif=GGAG/GAGG;rbs_spacer=5-10bp;gc_cont=0.590,ID=64_290;partial=00;start_type=ATG;rbs_motif=GGAG/GAGG;rbs_spacer=5-10bp;gc,26.0
NZ_JALHRX010000039.1_4,G,K,G,G,G,K,S,D,K,D,C,D,C,ID=97_4;partial=00;start_type=ATG;rbs_motif=GGAG/GAGG;rbs_spacer=5-10bp;gc_cont=0.523,ID=97_4;partial=00;start_type=ATG;rbs_motif=GGAG/GAGG;rbs_spacer=5-10bp;gc,26.0
NZ_JANIBK010000020.1_19,G,K,G,G,G,K,S,D,K,D,C,D,C,ID=20_19;partial=00;start_type=ATG;rbs_motif=AGGAG;rbs_spacer=5-10bp;gc_cont=0.501,ID=20_19;partial=00;start_type=ATG;rbs_motif=AGGAG;rbs_spacer=5-10bp;gc,26.0
NZ_FMAY01000009.1_170,G,K,G,G,G,K,S,D,K,D,C,D,C,ID=26_170;partial=00;start_type=ATG;rbs_motif=AGGAG;rbs_spacer=5-10bp;gc_cont=0.565,ID=26_170;partial=00;start_type=ATG;rbs_motif=AGGAG;rbs_spacer=5-10bp;gc,26.0
NZ_LT629751.1_2346,G,K,G,G,G,K,S,D,K,D,C,D,C,ID=1_2346;partial=00;start_type=ATG;rbs_motif=GGAG/GAGG;rbs_spacer=5-10bp;gc_cont=0.621,ID=1_2346;partial=00;start_type=ATG;rbs_motif=GGAG/GAGG;rbs_spacer=5-10bp;gc,26.0
NZ_FOGZ01000032.1_5,G,K,G,G,G,K,S,D,K,D,C,D,C,ID=12_5;partial=00;start_type=GTG;rbs_motif=AGGA;rbs_spacer=5-10bp;gc_cont=0.650,ID=12_5;partial=00;start_type=GTG;rbs_motif=AGGA;rbs_spacer=5-10bp;gc,26.0
NZ_FPCD01000004.1_204,G,K,G,G,G,K,S,D,K,D,C,D,C,ID=15_204;partial=00;start_type=ATG;rbs_motif=AGGAG;rbs_spacer=5-10bp;gc_cont=0.450,ID=15_204;partial=00;start_type=ATG;rbs_motif=AGGAG;rbs_spacer=5-10bp;gc,26.0
NZ_FRBC01000015.1_47,G,K,G,G,G,K,S,D,K,D,C,D,C,ID=49_47;partial=00;start_type=ATG;rbs_motif=GGAG/GAGG;rbs_spacer=5-10bp;gc_cont=0.565,ID=49_47;partial=00;start_type=ATG;rbs_motif=GGAG/GAGG;rbs_spacer=5-10bp;gc,26.0
NZ_FWER01000106.1_9,G,K,G,G,G,K,S,D,K,D,C,D,C,ID=195_9;partial=00;start_type=ATG;rbs_motif=AGGA;rbs_spacer=5-10bp;gc_cont=0.581,ID=195_9;partial=00;start_type=ATG;rbs_motif=AGGA;rbs_spacer=5-10bp;gc,26.0
NZ_FZTC01000021.1_30,G,K,G,G,G,K,S,D,K,D,C,D,C,ID=14_30;partial=00;start_type=ATG;rbs_motif=AGGAG;rbs_spacer=5-10bp;gc_cont=0.586,ID=14_30;partial=00;start_type=ATG;rbs_motif=AGGAG;rbs_spacer=5-10bp;gc,26.0
NZ_CABFUZ020000014.1_1,G,K,G,G,G,K,S,D,K,D,C,D,C,ID=14_1;partial=00;start_type=ATG;rbs_motif=GGAG/GAGG;rbs_spacer=5-10bp;gc_cont=0.596,ID=14_1;partial=00;start_type=ATG;rbs_motif=GGAG/GAGG;rbs_spacer=5-10bp;gc,26.0
MNUQ01000086.1_5,G,K,G,G,G,K,S,D,K,D,C,D,C,ID=110_5;partial=00;start_type=ATG;rbs_motif=AGGAG;rbs_spacer=5-10bp;gc_cont=0.625,ID=110_5;partial=00;start_type=ATG;rbs_motif=AGGAG;rbs_spacer=5-10bp;gc,26.0
JAATGU010000114.1_33,G,K,G,G,G,K,S,D,K,D,C,D,C,ID=46_33;partial=00;start_type=ATG;rbs_motif=AATTAA;rbs_spacer=11bp;gc_cont=0.404,ID=46_33;partial=00;start_type=ATG;rbs_motif=AATTAA;rbs_spacer=11bp;gc,26.0
JAEVZU010000095.1_1,G,K,G,G,G,K,S,D,K,D,C,D,C,ID=238_1;partial=00;start_type=ATG;rbs_motif=AGGAGG;rbs_spacer=5-10bp;gc_cont=0.434,ID=238_1;partial=00;start_type=ATG;rbs_motif=AGGAGG;rbs_spacer=5-10bp;gc,26.0
JAFABB010000050.1_27,G,K,G,G,G,K,S,D,K,D,C,D,C,ID=34_27;partial=00;start_type=ATG;rbs_motif=AGGAG;rbs_spacer=5-10bp;gc_cont=0.469,ID=34_27;partial=00;start_type=ATG;rbs_motif=AGGAG;rbs_spacer=5-10bp;gc,26.0
NC_014734.1_1374,G,K,G,G,G,K,S,D,K,D,C,D,C,ID=1_1374;partial=00;start_type=ATG;rbs_motif=TAAA;rbs_spacer=11bp;gc_cont=0.429,ID=1_1374;partial=00;start_type=ATG;rbs_motif=TAAA;rbs_spacer=11bp;gc,26.0
NZ_CBQR020000141.1_50,G,K,G,G,G,K,S,D,K,D,C,D,C,ID=141_50;partial=00;start_type=ATG;rbs_motif=AGGAG;rbs_spacer=5-10bp;gc_cont=0.572,ID=141_50;partial=00;start_type=ATG;rbs_motif=AGGAG;rbs_spacer=5-10bp;gc,26.0
NZ_CP014137.1_58,G,K,G,G,G,K,S,D,K,D,C,D,C,ID=1_58;partial=00;start_type=ATG;rbs_motif=GGAG/GAGG;rbs_spacer=5-10bp;gc_cont=0.482,ID=1_58;partial=00;start_type=ATG;rbs_motif=GGAG/GAGG;rbs_spacer=5-10bp;gc,26.0
NZ_VLKC01000002.1_733,G,K,G,G,G,K,S,D,K,D,C,D,C,ID=1_733;partial=00;start_type=ATG;rbs_motif=AGGAG;rbs_spacer=5-10bp;gc_cont=0.440,ID=1_733;partial=00;start_type=ATG;rbs_motif=AGGAG;rbs_spacer=5-10bp;gc,26.0
NZ_JAHFZF010000004.1_75,G,K,G,G,G,K,S,D,K,D,C,D,C,ID=4_75;partial=00;start_type=ATG;rbs_motif=AGGAG;rbs_spacer=5-10bp;gc_cont=0.508,ID=4_75;partial=00;start_type=ATG;rbs_motif=AGGAG;rbs_spacer=5-10bp;gc,26.0
NZ_FUWR01000020.1_35,G,K,G,G,G,K,S,D,K,D,C,D,C,ID=31_35;partial=00;start_type=ATG;rbs_motif=AGGAG;rbs_spacer=5-10bp;gc_cont=0.510,ID=31_35;partial=00;start_type=ATG;rbs_motif=AGGAG;rbs_spacer=5-10bp;gc,26.0
JAATFE010000358.1_14,G,K,G,G,G,K,S,D,K,D,C,D,C,ID=134_14;partial=00;start_type=ATG;rbs_motif=AGGAG;rbs_spacer=5-10bp;gc_cont=0.537,ID=134_14;partial=00;start_type=ATG;rbs_motif=AGGAG;rbs_spacer=5-10bp;gc,26.0
NZ_CP081864.1_3392,G,K,G,G,G,K,S,D,K,D,C,D,C,ID=1_3392;partial=00;start_type=ATG;rbs_motif=GGAG/GAGG;rbs_spacer=5-10bp;gc_cont=0.460,ID=1_3392;partial=00;start_type=ATG;rbs_motif=GGAG/GAGG;rbs_spacer=5-10bp;gc,26.0
NZ_NHRY01000074.1_14,G,K,G,G,G,K,S,D,K,D,C,D,C,ID=74_14;partial=00;start_type=ATG;rbs_motif=AGGAG;rbs_spacer=5-10bp;gc_cont=0.636,ID=74_14;partial=00;start_type=ATG;rbs_motif=AGGAG;rbs_spacer=5-10bp;gc,26.0
CAIZDF010000619.1_3,G,K,G,G,G,K,S,D,K,D,C,D,C,ID=619_3;partial=00;start_type=GTG;rbs_motif=GGAGG;rbs_spacer=5-10bp;gc_cont=0.457,ID=619_3;partial=00;start_type=GTG;rbs_motif=GGAGG;rbs_spacer=5-10bp;gc,26.0
JJNX02000025.1_4,G,K,G,G,G,K,S,D,K,D,C,D,C,ID=25_4;partial=00;start_type=ATG;rbs_motif=AGGA;rbs_spacer=5-10bp;gc_cont=0.491,ID=25_4;partial=00;start_type=ATG;rbs_motif=AGGA;rbs_spacer=5-10bp;gc,26.0
LADR01000085.1_11,G,K,G,G,G,K,S,D,K,D,C,D,C,ID=67_11;partial=00;start_type=ATG;rbs_motif=AGGAG;rbs_spacer=5-10bp;gc_cont=0.568,ID=67_11;partial=00;start_type=ATG;rbs_motif=AGGAG;rbs_spacer=5-10bp;gc,26.0
LVAK01000161.1_2,G,K,G,G,G,K,S,D,K,D,C,D,C,ID=242_2;partial=00;start_type=ATG;rbs_motif=GGA/GAG/AGG;rbs_spacer=11-12bp;gc_cont=0.478,ID=242_2;partial=00;start_type=ATG;rbs_motif=GGA/GAG/AGG;rbs_spacer=11-12bp;gc,26.0
MGTI01000009.1_2,G,K,G,G,G,K,S,D,K,D,C,D,C,ID=9_2;partial=00;start_type=ATG;rbs_motif=AGGAG;rbs_spacer=5-10bp;gc_cont=0.583,ID=9_2;partial=00;start_type=ATG;rbs_motif=AGGAG;rbs_spacer=5-10bp;gc,26.0
MIBW01000096.1_10,G,K,G,G,G,K,S,D,K,D,C,D,C,ID=96_10;partial=01;start_type=ATG;rbs_motif=AGGAG;rbs_spacer=5-10bp;gc_cont=0.396,ID=96_10;partial=01;start_type=ATG;rbs_motif=AGGAG;rbs_spacer=5-10bp;gc,26.0
MJUZ01000014.1_9,G,K,G,G,G,K,S,D,K,D,C,D,C,ID=14_9;partial=00;start_type=ATG;rbs_motif=GGAG/GAGG;rbs_spacer=5-10bp;gc_cont=0.601,ID=14_9;partial=00;start_type=ATG;rbs_motif=GGAG/GAGG;rbs_spacer=5-10bp;gc,26.0
DBTZ01000062.1_3,G,K,G,G,G,K,S,D,K,D,C,D,C,ID=69_3;partial=00;start_type=ATG;rbs_motif=AGGAG;rbs_spacer=5-10bp;gc_cont=0.600,ID=69_3;partial=00;start_type=ATG;rbs_motif=AGGAG;rbs_spacer=5-10bp;gc,26.0
DEBW01000050.1_8,G,K,G,G,G,K,S,D,K,D,C,D,C,ID=15_8;partial=00;start_type=ATG;rbs_motif=GGA/GAG/AGG;rbs_spacer=5-10bp;gc_cont=0.485,ID=15_8;partial=00;start_type=ATG;rbs_motif=GGA/GAG/AGG;rbs_spacer=5-10bp;gc,26.0
DGHF01000158.1_8,G,K,G,G,G,K,S,D,K,D,C,D,C,ID=129_8;partial=00;start_type=ATG;rbs_motif=AGGA;rbs_spacer=5-10bp;gc_cont=0.483,ID=129_8;partial=00;start_type=ATG;rbs_motif=AGGA;rbs_spacer=5-10bp;gc,26.0
DHWX01000009.1_50,G,K,G,G,G,K,S,D,K,D,C,D,C,ID=121_50;partial=00;start_type=ATG;rbs_motif=GGAG/GAGG;rbs_spacer=5-10bp;gc_cont=0.569,ID=121_50;partial=00;start_type=ATG;rbs_motif=GGAG/GAGG;rbs_spacer=5-10bp;gc,26.0
DIYN01000019.1_87,G,K,G,G,G,K,S,D,K,D,C,D,C,ID=8_87;partial=00;start_type=ATG;rbs_motif=GGAG/GAGG;rbs_spacer=5-10bp;gc_cont=0.574,ID=8_87;partial=00;start_type=ATG;rbs_motif=GGAG/GAGG;rbs_spacer=5-10bp;gc,26.0
DASC01000118.1_8,G,K,G,G,G,K,S,D,K,D,C,D,C,ID=45_8;partial=00;start_type=ATG;rbs_motif=AGGAGG;rbs_spacer=3-4bp;gc_cont=0.541,ID=45_8;partial=00;start_type=ATG;rbs_motif=AGGAGG;rbs_spacer=3-4bp;gc,26.0
PFJX01000074.1_2,G,K,G,G,G,K,S,D,K,D,C,D,C,ID=27_2;partial=00;start_type=ATG;rbs_motif=AGGAG;rbs_spacer=5-10bp;gc_cont=0.590,ID=27_2;partial=00;start_type=ATG;rbs_motif=AGGAG;rbs_spacer=5-10bp;gc,26.0
PKDC01000060.1_15,G,K,G,G,G,K,S,D,K,D,C,D,C,ID=36_15;partial=00;start_type=ATG;rbs_motif=AGGAG;rbs_spacer=5-10bp;gc_cont=0.619,ID=36_15;partial=00;start_type=ATG;rbs_motif=AGGAG;rbs_spacer=5-10bp;gc,26.0
PERU01000069.1_2,G,K,G,G,G,K,S,D,K,D,C,D,C,ID=70_2;partial=00;start_type=ATG;rbs_motif=AGGAG;rbs_spacer=5-10bp;gc_cont=0.494,ID=70_2;partial=00;start_type=ATG;rbs_motif=AGGAG;rbs_spacer=5-10bp;gc,26.0
PLYV01000057.1_5,G,K,G,G,G,K,S,D,K,D,C,D,C,ID=170_5;partial=00;start_type=ATG;rbs_motif=None;rbs_spacer=None;gc_cont=0.613,ID=170_5;partial=00;start_type=ATG;rbs_motif=None;rbs_spacer=None;gc,26.0
PLRS01000073.1_92,G,K,G,G,G,K,S,D,K,D,C,D,C,ID=93_92;partial=00;start_type=ATG;rbs_motif=AGGAG;rbs_spacer=3-4bp;gc_cont=0.599,ID=93_92;partial=00;start_type=ATG;rbs_motif=AGGAG;rbs_spacer=3-4bp;gc,26.0
QKCJ01000049.1_162,G,K,G,G,G,K,S,D,K,D,C,D,C,ID=45_162;partial=00;start_type=ATG;rbs_motif=AGGAG;rbs_spacer=5-10bp;gc_cont=0.473,ID=45_162;partial=00;start_type=ATG;rbs_motif=AGGAG;rbs_spacer=5-10bp;gc,26.0
QKFI01000136.1_13,G,K,G,G,G,K,S,D,K,D,C,D,C,ID=38_13;partial=00;start_type=ATG;rbs_motif=AGGAG;rbs_spacer=5-10bp;gc_cont=0.460,ID=38_13;partial=00;start_type=ATG;rbs_motif=AGGAG;rbs_spacer=5-10bp;gc,26.0
DOPM01000048.1_31,G,K,G,G,G,K,S,D,K,D,C,D,C,ID=32_31;partial=00;start_type=ATG;rbs_motif=AGGAG;rbs_spacer=5-10bp;gc_cont=0.442,ID=32_31;partial=00;start_type=ATG;rbs_motif=AGGAG;rbs_spacer=5-10bp;gc,26.0
QZJD01000092.1_6,G,K,G,G,G,K,S,D,K,D,C,D,C,ID=48_6;partial=00;start_type=ATG;rbs_motif=GGAGG;rbs_spacer=5-10bp;gc_cont=0.610,ID=48_6;partial=00;start_type=ATG;rbs_motif=GGAGG;rbs_spacer=5-10bp;gc,26.0
SAQL01000028.1_40,G,K,G,G,G,K,S,D,K,D,C,D,C,ID=164_40;partial=00;start_type=ATG;rbs_motif=AGGA;rbs_spacer=5-10bp;gc_cont=0.609,ID=164_40;partial=00;start_type=ATG;rbs_motif=AGGA;rbs_spacer=5-10bp;gc,26.0
SCTA01000001.1_12,G,K,G,G,G,K,S,D,K,D,C,D,C,ID=3_12;partial=00;start_type=ATG;rbs_motif=GGA/GAG/AGG;rbs_spacer=5-10bp;gc_cont=0.594,ID=3_12;partial=00;start_type=ATG;rbs_motif=GGA/GAG/AGG;rbs_spacer=5-10bp;gc,26.0
SZXV01000003.1_214,G,K,G,G,G,K,S,D,K,D,C,D,C,ID=2_214;partial=00;start_type=ATG;rbs_motif=None;rbs_spacer=None;gc_cont=0.486,ID=2_214;partial=00;start_type=ATG;rbs_motif=None;rbs_spacer=None;gc,26.0
REDL01000067.1_22,G,K,G,G,G,K,S,D,K,D,C,D,C,ID=87_22;partial=00;start_type=ATG;rbs_motif=GGAGG;rbs_spacer=5-10bp;gc_cont=0.568,ID=87_22;partial=00;start_type=ATG;rbs_motif=GGAGG;rbs_spacer=5-10bp;gc,26.0
WBOU01000025.1_31,G,K,G,G,G,K,S,D,K,D,C,D,C,ID=18_31;partial=00;start_type=ATG;rbs_motif=AGGAG;rbs_spacer=5-10bp;gc_cont=0.644,ID=18_31;partial=00;start_type=ATG;rbs_motif=AGGAG;rbs_spacer=5-10bp;gc,26.0
JAAAOQ010000017.1_20,G,K,G,G,G,K,S,D,K,D,C,D,C,ID=205_20;partial=00;start_type=ATG;rbs_motif=GGAG/GAGG;rbs_spacer=5-10bp;gc_cont=0.625,ID=205_20;partial=00;start_type=ATG;rbs_motif=GGAG/GAGG;rbs_spacer=5-10bp;gc,26.0
JAABTP010000024.1_20,G,K,G,G,G,K,S,D,K,D,C,D,C,ID=146_20;partial=00;start_type=ATG;rbs_motif=GGAG/GAGG;rbs_spacer=5-10bp;gc_cont=0.495,ID=146_20;partial=00;start_type=ATG;rbs_motif=GGAG/GAGG;rbs_spacer=5-10bp;gc,26.0
JAAUTD010000083.1_4,G,K,G,G,G,K,S,D,K,D,C,D,C,ID=130_4;partial=00;start_type=ATG;rbs_motif=AGGAG;rbs_spacer=5-10bp;gc_cont=0.588,ID=130_4;partial=00;start_type=ATG;rbs_motif=AGGAG;rbs_spacer=5-10bp;gc,26.0
JAAYAG010000022.1_11,G,K,G,G,G,K,S,D,K,D,C,D,C,ID=5_11;partial=00;start_type=ATG;rbs_motif=AAAA;rbs_spacer=10bp;gc_cont=0.462,ID=5_11;partial=00;start_type=ATG;rbs_motif=AAAA;rbs_spacer=10bp;gc,26.0
JAADJE010000012.1_3,G,K,G,G,G,K,S,D,K,D,C,D,C,ID=10_3;partial=00;start_type=ATG;rbs_motif=AGGAG;rbs_spacer=5-10bp;gc_cont=0.575,ID=10_3;partial=00;start_type=ATG;rbs_motif=AGGAG;rbs_spacer=5-10bp;gc,26.0
DUJX01000116.1_6,G,K,G,G,G,K,S,D,K,D,C,D,C,ID=160_6;partial=00;start_type=ATG;rbs_motif=AGxAGG/AGGxGG;rbs_spacer=5-10bp;gc_cont=0.434,ID=160_6;partial=00;start_type=ATG;rbs_motif=AGxAGG/AGGxGG;rbs_spacer=5-10bp;gc,26.0
JAAXUL010000259.1_3,G,K,G,G,G,K,S,D,K,D,C,D,C,ID=713_3;partial=00;start_type=ATG;rbs_motif=AGGAG;rbs_spacer=5-10bp;gc_cont=0.636,ID=713_3;partial=00;start_type=ATG;rbs_motif=AGGAG;rbs_spacer=5-10bp;gc,26.0
JABXKT010000061.1_28,G,K,G,G,G,K,S,D,K,D,C,D,C,ID=109_28;partial=00;start_type=ATG;rbs_motif=AGGAG;rbs_spacer=5-10bp;gc_cont=0.541,ID=109_28;partial=00;start_type=ATG;rbs_motif=AGGAG;rbs_spacer=5-10bp;gc,26.0
SVBX01000003.1_20,G,K,G,G,G,K,S,D,K,D,C,D,C,ID=9_20;partial=00;start_type=ATG;rbs_motif=AGGAG;rbs_spacer=5-10bp;gc_cont=0.594,ID=9_20;partial=00;start_type=ATG;rbs_motif=AGGAG;rbs_spacer=5-10bp;gc,26.0
JADFZF010000316.1_2,G,K,G,G,G,K,S,D,K,D,C,D,C,ID=240_2;partial=00;start_type=ATG;rbs_motif=AGGAG;rbs_spacer=5-10bp;gc_cont=0.521,ID=240_2;partial=00;start_type=ATG;rbs_motif=AGGAG;rbs_spacer=5-10bp;gc,26.0
WGER01000001.1_9,G,K,G,G,G,K,S,D,K,D,C,D,C,ID=1_9;partial=00;start_type=ATG;rbs_motif=AGGAGG;rbs_spacer=5-10bp;gc_cont=0.515,ID=1_9;partial=00;start_type=ATG;rbs_motif=AGGAGG;rbs_spacer=5-10bp;gc,26.0
JACPOH010000397.1_2,G,K,G,G,G,K,S,D,K,D,C,D,C,ID=357_2;partial=00;start_type=ATG;rbs_motif=GGAG/GAGG;rbs_spacer=5-10bp;gc_cont=0.616,ID=357_2;partial=00;start_type=ATG;rbs_motif=GGAG/GAGG;rbs_spacer=5-10bp;gc,26.0
JACRBA010000159.1_1,G,K,G,G,G,K,S,D,K,D,C,D,C,ID=115_1;partial=10;start_type=ATG;rbs_motif=AGGAG;rbs_spacer=5-10bp;gc_cont=0.646,ID=115_1;partial=10;start_type=ATG;rbs_motif=AGGAG;rbs_spacer=5-10bp;gc,26.0
JACRCS010000009.1_4,G,K,G,G,G,K,S,D,K,D,C,D,C,ID=1071_4;partial=00;start_type=ATG;rbs_motif=GGAGG;rbs_spacer=5-10bp;gc_cont=0.638,ID=1071_4;partial=00;start_type=ATG;rbs_motif=GGAGG;rbs_spacer=5-10bp;gc,26.0
JACRJN010000066.1_1,G,K,G,G,G,K,S,D,K,D,C,D,C,ID=16_1;partial=00;start_type=ATG;rbs_motif=GGAGG;rbs_spacer=5-10bp;gc_cont=0.560,ID=16_1;partial=00;start_type=ATG;rbs_motif=GGAGG;rbs_spacer=5-10bp;gc,26.0
JAEINM010000009.1_28,G,K,G,G,G,K,S,D,K,D,C,D,C,ID=15_28;partial=00;start_type=ATG;rbs_motif=GGAG/GAGG;rbs_spacer=5-10bp;gc_cont=0.453,ID=15_28;partial=00;start_type=ATG;rbs_motif=GGAG/GAGG;rbs_spacer=5-10bp;gc,26.0
JADKDL010000007.1_65,G,K,G,G,G,K,S,D,K,D,C,D,C,ID=7_65;partial=00;start_type=ATG;rbs_motif=AATAA;rbs_spacer=15bp;gc_cont=0.381,ID=7_65;partial=00;start_type=ATG;rbs_motif=AATAA;rbs_spacer=15bp;gc,26.0
JAEUPB010000020.1_65,G,K,G,G,G,K,S,D,K,D,C,D,C,ID=29_65;partial=00;start_type=ATG;rbs_motif=GGAG/GAGG;rbs_spacer=5-10bp;gc_cont=0.663,ID=29_65;partial=00;start_type=ATG;rbs_motif=GGAG/GAGG;rbs_spacer=5-10bp;gc,26.0
JADQBC010000070.1_12,G,K,G,G,G,K,S,D,K,D,C,D,C,ID=14_12;partial=00;start_type=ATG;rbs_motif=GGA/GAG/AGG;rbs_spacer=5-10bp;gc_cont=0.446,ID=14_12;partial=00;start_type=ATG;rbs_motif=GGA/GAG/AGG;rbs_spacer=5-10bp;gc,26.0
JAFGYD010000195.1_7,G,K,G,G,G,K,S,D,K,D,C,D,C,ID=10_7;partial=00;start_type=ATG;rbs_motif=GGAG/GAGG;rbs_spacer=5-10bp;gc_cont=0.353,ID=10_7;partial=00;start_type=ATG;rbs_motif=GGAG/GAGG;rbs_spacer=5-10bp;gc,26.0
CP031518.1_1673,G,K,G,G,G,K,S,D,K,D,C,D,C,ID=1_1673;partial=00;start_type=ATG;rbs_motif=GGAG/GAGG;rbs_spacer=5-10bp;gc_cont=0.460,ID=1_1673;partial=00;start_type=ATG;rbs_motif=GGAG/GAGG;rbs_spacer=5-10bp;gc,26.0
JAFRXL010000034.1_53,G,K,G,G,G,K,S,D,K,D,C,D,C,ID=10_53;partial=00;start_type=ATG;rbs_motif=GGA/GAG/AGG;rbs_spacer=5-10bp;gc_cont=0.501,ID=10_53;partial=00;start_type=ATG;rbs_motif=GGA/GAG/AGG;rbs_spacer=5-10bp;gc,26.0
JAFVDW010000056.1_10,G,K,G,G,G,K,S,D,K,D,C,D,C,ID=93_10;partial=00;start_type=ATG;rbs_motif=AGGAG;rbs_spacer=5-10bp;gc_cont=0.500,ID=93_10;partial=00;start_type=ATG;rbs_motif=AGGAG;rbs_spacer=5-10bp;gc,26.0
JAFWOM010000078.1_21,G,K,G,G,G,K,S,D,K,D,C,D,C,ID=83_21;partial=00;start_type=ATG;rbs_motif=AGGAGG;rbs_spacer=5-10bp;gc_cont=0.507,ID=83_21;partial=00;start_type=ATG;rbs_motif=AGGAGG;rbs_spacer=5-10bp;gc,26.0
JAGBLH010000235.1_7,G,K,G,G,G,K,S,D,K,D,C,D,C,ID=189_7;partial=00;start_type=ATG;rbs_motif=AGGAG;rbs_spacer=5-10bp;gc_cont=0.586,ID=189_7;partial=00;start_type=ATG;rbs_motif=AGGAG;rbs_spacer=5-10bp;gc,26.0
JAGFZV010000013.1_61,G,K,G,G,G,K,S,D,K,D,C,D,C,ID=3_61;partial=00;start_type=ATG;rbs_motif=AGGAGG;rbs_spacer=5-10bp;gc_cont=0.458,ID=3_61;partial=00;start_type=ATG;rbs_motif=AGGAGG;rbs_spacer=5-10bp;gc,26.0
JAGCVK010000081.1_19,G,K,G,G,G,K,S,D,K,D,C,D,C,ID=51_19;partial=00;start_type=ATG;rbs_motif=AGGAG;rbs_spacer=5-10bp;gc_cont=0.435,ID=51_19;partial=00;start_type=ATG;rbs_motif=AGGAG;rbs_spacer=5-10bp;gc,26.0
JAGXQV010000025.1_8,G,K,G,G,G,K,S,D,K,D,C,D,C,ID=25_8;partial=00;start_type=ATG;rbs_motif=AGGAG;rbs_spacer=5-10bp;gc_cont=0.564,ID=25_8;partial=00;start_type=ATG;rbs_motif=AGGAG;rbs_spacer=5-10bp;gc,26.0
JAHJLV010000019.1_1,G,K,G,G,G,K,S,D,K,D,C,D,C,ID=32_1;partial=00;start_type=ATG;rbs_motif=GGA/GAG/AGG;rbs_spacer=5-10bp;gc_cont=0.472,ID=32_1;partial=00;start_type=ATG;rbs_motif=GGA/GAG/AGG;rbs_spacer=5-10bp;gc,26.0
JAHRHW010000315.1_3,G,K,G,G,G,K,S,D,K,D,C,D,C,ID=244_3;partial=00;start_type=ATG;rbs_motif=AGGAG;rbs_spacer=5-10bp;gc_cont=0.526,ID=244_3;partial=00;start_type=ATG;rbs_motif=AGGAG;rbs_spacer=5-10bp;gc,26.0
JAIFND010000146.1_7,G,K,G,G,G,K,S,D,K,D,C,D,C,ID=77_7;partial=00;start_type=ATG;rbs_motif=GGA/GAG/AGG;rbs_spacer=5-10bp;gc_cont=0.653,ID=77_7;partial=00;start_type=ATG;rbs_motif=GGA/GAG/AGG;rbs_spacer=5-10bp;gc,26.0
JAGUYQ010000017.1_4,G,K,G,G,G,K,S,D,K,D,C,D,C,ID=129_4;partial=00;start_type=ATG;rbs_motif=AGGAG;rbs_spacer=5-10bp;gc_cont=0.615,ID=129_4;partial=00;start_type=ATG;rbs_motif=AGGAG;rbs_spacer=5-10bp;gc,26.0
JAJCKG010000010.1_11,G,K,G,G,G,K,S,D,K,D,C,D,C,ID=2_11;partial=00;start_type=ATG;rbs_motif=AGGAGG;rbs_spacer=5-10bp;gc_cont=0.484,ID=2_11;partial=00;start_type=ATG;rbs_motif=AGGAGG;rbs_spacer=5-10bp;gc,26.0
DYHX01000020.1_24,G,K,G,G,G,K,S,D,K,D,C,D,C,ID=46_24;partial=00;start_type=ATG;rbs_motif=AGGAGG;rbs_spacer=5-10bp;gc_cont=0.488,ID=46_24;partial=00;start_type=ATG;rbs_motif=AGGAGG;rbs_spacer=5-10bp;gc,26.0
JAJQBY010000112.1_16,G,K,G,G,G,K,S,D,K,D,C,D,C,ID=55_16;partial=00;start_type=ATG;rbs_motif=GGA/GAG/AGG;rbs_spacer=5-10bp;gc_cont=0.572,ID=55_16;partial=00;start_type=ATG;rbs_motif=GGA/GAG/AGG;rbs_spacer=5-10bp;gc,26.0
JAIPDO010000010.1_16,G,K,G,G,G,K,S,D,K,D,C,D,C,ID=92_16;partial=00;start_type=ATG;rbs_motif=GGAGG;rbs_spacer=5-10bp;gc_cont=0.599,ID=92_16;partial=00;start_type=ATG;rbs_motif=GGAGG;rbs_spacer=5-10bp;gc,26.0
JAJXXW010000012.1_4,G,K,G,G,G,K,S,D,K,D,C,D,C,ID=48_4;partial=00;start_type=ATG;rbs_motif=AAA;rbs_spacer=8bp;gc_cont=0.589,ID=48_4;partial=00;start_type=ATG;rbs_motif=AAA;rbs_spacer=8bp;gc,26.0
JAJYMO010000044.1_11,G,K,G,G,G,K,S,D,K,D,C,D,C,ID=100_11;partial=00;start_type=ATG;rbs_motif=AGGAG;rbs_spacer=5-10bp;gc_cont=0.506,ID=100_11;partial=00;start_type=ATG;rbs_motif=AGGAG;rbs_spacer=5-10bp;gc,26.0
JAKABO010000001.1_158,G,K,G,G,G,K,S,D,K,D,C,D,C,ID=54_158;partial=00;start_type=ATG;rbs_motif=AGGAG;rbs_spacer=5-10bp;gc_cont=0.571,ID=54_158;partial=00;start_type=ATG;rbs_motif=AGGAG;rbs_spacer=5-10bp;gc,26.0
JAJZJW010000006.1_85,G,K,G,G,G,K,S,D,K,D,C,D,C,ID=4_85;partial=00;start_type=ATG;rbs_motif=GGAGG;rbs_spacer=5-10bp;gc_cont=0.407,ID=4_85;partial=00;start_type=ATG;rbs_motif=GGAGG;rbs_spacer=5-10bp;gc,26.0
JAKASO010000002.1_46,G,K,G,G,G,K,S,D,K,D,C,D,C,ID=5_46;partial=00;start_type=ATG;rbs_motif=GGAGG;rbs_spacer=5-10bp;gc_cont=0.448,ID=5_46;partial=00;start_type=ATG;rbs_motif=GGAGG;rbs_spacer=5-10bp;gc,26.0
JAKARS010000017.1_1,G,K,G,G,G,K,S,D,K,D,C,D,C,ID=11_1;partial=10;start_type=Edge;rbs_motif=None;rbs_spacer=None;gc_cont=0.584,ID=11_1;partial=10;start_type=Edge;rbs_motif=None;rbs_spacer=None;gc,26.0
JAJZSN010000031.1_24,G,K,G,G,G,K,S,D,K,D,C,D,C,ID=50_24;partial=00;start_type=ATG;rbs_motif=AGGAGG;rbs_spacer=5-10bp;gc_cont=0.443,ID=50_24;partial=00;start_type=ATG;rbs_motif=AGGAGG;rbs_spacer=5-10bp;gc,26.0
JAFLUR010000007.1_11,G,K,G,G,G,K,S,D,K,D,C,D,C,ID=439_11;partial=00;start_type=ATG;rbs_motif=AGGA;rbs_spacer=5-10bp;gc_cont=0.491,ID=439_11;partial=00;start_type=ATG;rbs_motif=AGGA;rbs_spacer=5-10bp;gc,26.0
JALHDI010000010.1_11,G,K,G,G,G,K,S,D,K,D,C,D,C,ID=205_11;partial=00;start_type=ATG;rbs_motif=AGGAGG;rbs_spacer=5-10bp;gc_cont=0.633,ID=205_11;partial=00;start_type=ATG;rbs_motif=AGGAGG;rbs_spacer=5-10bp;gc,26.0
JAHFDG010000038.1_6,G,K,G,G,G,K,S,D,K,D,C,D,C,ID=126_6;partial=00;start_type=ATG;rbs_motif=AGGAG;rbs_spacer=5-10bp;gc_cont=0.491,ID=126_6;partial=00;start_type=ATG;rbs_motif=AGGAG;rbs_spacer=5-10bp;gc,26.0
JAEWCQ010000016.1_113,G,K,G,G,G,K,S,D,K,D,C,D,C,ID=20_113;partial=00;start_type=ATG;rbs_motif=GGAGG;rbs_spacer=5-10bp;gc_cont=0.444,ID=20_113;partial=00;start_type=ATG;rbs_motif=GGAGG;rbs_spacer=5-10bp;gc,26.0
JAEWVM010000215.1_7,G,K,G,G,G,K,S,D,K,D,C,D,C,ID=15_7;partial=00;start_type=ATG;rbs_motif=AGGAG;rbs_spacer=5-10bp;gc_cont=0.465,ID=15_7;partial=00;start_type=ATG;rbs_motif=AGGAG;rbs_spacer=5-10bp;gc,26.0
JAEYAW010000027.1_42,G,K,G,G,G,K,S,D,K,D,C,D,C,ID=20_42;partial=00;start_type=ATG;rbs_motif=GGAG/GAGG;rbs_spacer=5-10bp;gc_cont=0.625,ID=20_42;partial=00;start_type=ATG;rbs_motif=GGAG/GAGG;rbs_spacer=5-10bp;gc,26.0
JAEYOM010000185.1_16,G,K,G,G,G,K,S,D,K,D,C,D,C,ID=182_16;partial=00;start_type=ATG;rbs_motif=AGGAGG;rbs_spacer=5-10bp;gc_cont=0.506,ID=182_16;partial=00;start_type=ATG;rbs_motif=AGGAGG;rbs_spacer=5-10bp;gc,26.0
JAEZJV010000008.1_39,G,K,G,G,G,K,S,D,K,D,C,D,C,ID=83_39;partial=00;start_type=ATG;rbs_motif=AGGAGG;rbs_spacer=5-10bp;gc_cont=0.488,ID=83_39;partial=00;start_type=ATG;rbs_motif=AGGAGG;rbs_spacer=5-10bp;gc,26.0
JAFAFA010000051.1_24,G,K,G,G,G,K,S,D,K,D,C,D,C,ID=16_24;partial=00;start_type=ATG;rbs_motif=AGGAG;rbs_spacer=5-10bp;gc_cont=0.641,ID=16_24;partial=00;start_type=ATG;rbs_motif=AGGAG;rbs_spacer=5-10bp;gc,26.0
JAEYSJ010000044.1_14,G,K,G,G,G,K,S,D,K,D,C,D,C,ID=245_14;partial=00;start_type=ATG;rbs_motif=AGGAG;rbs_spacer=5-10bp;gc_cont=0.478,ID=245_14;partial=00;start_type=ATG;rbs_motif=AGGAG;rbs_spacer=5-10bp;gc,26.0
JAEXRD010000044.1_6,G,K,G,G,G,K,S,D,K,D,C,D,C,ID=21_6;partial=00;start_type=ATG;rbs_motif=AGGAG;rbs_spacer=5-10bp;gc_cont=0.645,ID=21_6;partial=00;start_type=ATG;rbs_motif=AGGAG;rbs_spacer=5-10bp;gc,26.0
JAEZSL010000398.1_1,G,K,G,G,G,K,S,D,K,D,C,D,C,ID=318_1;partial=00;start_type=ATG;rbs_motif=AGGAGG;rbs_spacer=5-10bp;gc_cont=0.445,ID=318_1;partial=00;start_type=ATG;rbs_motif=AGGAGG;rbs_spacer=5-10bp;gc,26.0
JAMCWM010000012.1_46,G,K,G,G,G,K,S,D,K,D,C,D,C,ID=52_46;partial=00;start_type=ATG;rbs_motif=AGGAG;rbs_spacer=5-10bp;gc_cont=0.612,ID=52_46;partial=00;start_type=ATG;rbs_motif=AGGAG;rbs_spacer=5-10bp;gc,26.0
JAJRYC010000090.1_56,G,K,G,G,G,K,S,D,K,D,C,D,C,ID=62_56;partial=00;start_type=ATG;rbs_motif=AGGAG;rbs_spacer=5-10bp;gc_cont=0.519,ID=62_56;partial=00;start_type=ATG;rbs_motif=AGGAG;rbs_spacer=5-10bp;gc,26.0
JAGXFP010000053.1_21,G,K,G,G,G,K,S,D,K,D,C,D,C,ID=7_21;partial=00;start_type=ATG;rbs_motif=AGGAGG;rbs_spacer=5-10bp;gc_cont=0.555,ID=7_21;partial=00;start_type=ATG;rbs_motif=AGGAGG;rbs_spacer=5-10bp;gc,26.0
JAILHX010000148.1_5,G,K,G,G,G,K,S,D,K,D,C,D,C,ID=127_5;partial=00;start_type=ATG;rbs_motif=AGxAG;rbs_spacer=5-10bp;gc_cont=0.470,ID=127_5;partial=00;start_type=ATG;rbs_motif=AGxAG;rbs_spacer=5-10bp;gc,26.0
OMIK01000052.1_7,G,K,G,G,G,K,S,D,K,D,C,D,C,ID=52_7;partial=00;start_type=ATG;rbs_motif=None;rbs_spacer=None;gc_cont=0.604,ID=52_7;partial=00;start_type=ATG;rbs_motif=None;rbs_spacer=None;gc,26.0
ONWL01000168.1_1,G,K,G,G,G,K,S,D,K,D,C,D,C,ID=161_1;partial=00;start_type=ATG;rbs_motif=GGAGG;rbs_spacer=5-10bp;gc_cont=0.461,ID=161_1;partial=00;start_type=ATG;rbs_motif=GGAGG;rbs_spacer=5-10bp;gc,26.0
CACUVI010000001.1_68,G,K,G,G,G,K,S,D,K,D,C,D,C,ID=1_68;partial=00;start_type=ATG;rbs_motif=AGGAG;rbs_spacer=5-10bp;gc_cont=0.585,ID=1_68;partial=00;start_type=ATG;rbs_motif=AGGAG;rbs_spacer=5-10bp;gc,26.0
CACYBG010000323.1_1,G,K,G,G,G,K,S,D,K,D,C,D,C,ID=323_1;partial=00;start_type=ATG;rbs_motif=GGAG/GAGG;rbs_spacer=5-10bp;gc_cont=0.488,ID=323_1;partial=00;start_type=ATG;rbs_motif=GGAG/GAGG;rbs_spacer=5-10bp;gc,26.0
CACZOG010000283.1_3,G,K,G,G,G,K,S,D,K,D,C,D,C,ID=283_3;partial=00;start_type=ATG;rbs_motif=AGGAG/GGAGG;rbs_spacer=11-12bp;gc_cont=0.452,ID=283_3;partial=00;start_type=ATG;rbs_motif=AGGAG/GGAGG;rbs_spacer=11-12bp;gc,26.0
CADBBB010000030.1_19,G,K,G,G,G,K,S,D,K,D,C,D,C,ID=30_19;partial=00;start_type=ATG;rbs_motif=AGGAGG;rbs_spacer=5-10bp;gc_cont=0.538,ID=30_19;partial=00;start_type=ATG;rbs_motif=AGGAGG;rbs_spacer=5-10bp;gc,26.0
CADCPU010000129.1_3,G,K,G,G,G,K,S,D,K,D,C,D,C,ID=129_3;partial=00;start_type=ATG;rbs_motif=AGGA;rbs_spacer=5-10bp;gc_cont=0.488,ID=129_3;partial=00;start_type=ATG;rbs_motif=AGGA;rbs_spacer=5-10bp;gc,26.0
CAIKYI010000265.1_2,G,K,G,G,G,K,S,D,K,D,C,D,C,ID=265_2;partial=00;start_type=ATG;rbs_motif=AGGAG;rbs_spacer=5-10bp;gc_cont=0.482,ID=265_2;partial=00;start_type=ATG;rbs_motif=AGGAG;rbs_spacer=5-10bp;gc,26.0
CAIQNQ010000260.1_8,G,K,G,G,G,K,S,D,K,D,C,D,C,ID=260_8;partial=00;start_type=ATG;rbs_motif=AGGAG;rbs_spacer=5-10bp;gc_cont=0.414,ID=260_8;partial=00;start_type=ATG;rbs_motif=AGGAG;rbs_spacer=5-10bp;gc,26.0
CAITDH010000371.1_3,G,K,G,G,G,K,S,D,K,D,C,D,C,ID=371_3;partial=00;start_type=ATG;rbs_motif=AGGAG;rbs_spacer=5-10bp;gc_cont=0.556,ID=371_3;partial=00;start_type=ATG;rbs_motif=AGGAG;rbs_spacer=5-10bp;gc,26.0
CAIVPZ010000109.1_146,G,K,G,G,G,K,S,D,K,D,C,D,C,ID=109_146;partial=00;start_type=ATG;rbs_motif=GGAG/GAGG;rbs_spacer=5-10bp;gc_cont=0.635,ID=109_146;partial=00;start_type=ATG;rbs_motif=GGAG/GAGG;rbs_spacer=5-10bp;gc,26.0
CAIYRS010000050.1_50,G,K,G,G,G,K,S,D,K,D,C,D,C,ID=50_50;partial=00;start_type=ATG;rbs_motif=AGGAG;rbs_spacer=5-10bp;gc_cont=0.473,ID=50_50;partial=00;start_type=ATG;rbs_motif=AGGAG;rbs_spacer=5-10bp;gc,26.0
CAJAVP010000005.1_31,G,K,G,G,G,K,S,D,K,D,C,D,C,ID=5_31;partial=00;start_type=ATG;rbs_motif=AGGAG;rbs_spacer=5-10bp;gc_cont=0.446,ID=5_31;partial=00;start_type=ATG;rbs_motif=AGGAG;rbs_spacer=5-10bp;gc,26.0
CAJOPP010000570.1_2,G,K,G,G,G,K,S,D,K,D,C,D,C,ID=570_2;partial=00;start_type=ATG;rbs_motif=GGAG/GAGG;rbs_spacer=5-10bp;gc_cont=0.433,ID=570_2;partial=00;start_type=ATG;rbs_motif=GGAG/GAGG;rbs_spacer=5-10bp;gc,26.0
CAKKRP010000130.1_51,G,K,G,G,G,K,S,D,K,D,C,D,C,ID=130_51;partial=00;start_type=ATG;rbs_motif=AGGAG;rbs_spacer=5-10bp;gc_cont=0.525,ID=130_51;partial=00;start_type=ATG;rbs_motif=AGGAG;rbs_spacer=5-10bp;gc,26.0
NC_002678.2_4644,G,K,G,G,G,K,S,D,K,D,C,D,C,ID=1_4644;partial=00;start_type=ATG;rbs_motif=AGGA;rbs_spacer=5-10bp;gc_cont=0.605,ID=1_4644;partial=00;start_type=ATG;rbs_motif=AGGA;rbs_spacer=5-10bp;gc,26.0
NC_009706.1_3067,G,K,G,G,G,K,S,D,K,D,C,D,C,ID=1_3067;partial=00;start_type=ATG;rbs_motif=AGGAG;rbs_spacer=5-10bp;gc_cont=0.397,ID=1_3067;partial=00;start_type=ATG;rbs_motif=AGGAG;rbs_spacer=5-10bp;gc,26.0
NC_011726.1_1778,G,K,G,G,G,K,S,D,K,D,C,D,C,ID=1_1778;partial=00;start_type=ATG;rbs_motif=GGA/GAG/AGG;rbs_spacer=5-10bp;gc_cont=0.455,ID=1_1778;partial=00;start_type=ATG;rbs_motif=GGA/GAG/AGG;rbs_spacer=5-10bp;gc,26.0
NC_014393.1_2841,G,K,G,G,G,K,S,D,K,D,C,D,C,ID=1_2841;partial=00;start_type=ATG;rbs_motif=AGGAGG;rbs_spacer=5-10bp;gc_cont=0.361,ID=1_2841;partial=00;start_type=ATG;rbs_motif=AGGAGG;rbs_spacer=5-10bp;gc,26.0
NC_015675.1_6350,G,K,G,G,G,K,S,D,K,D,C,D,C,ID=1_6350;partial=00;start_type=ATG;rbs_motif=AGGA;rbs_spacer=5-10bp;gc_cont=0.598,ID=1_6350;partial=00;start_type=ATG;rbs_motif=AGGA;rbs_spacer=5-10bp;gc,26.0
NC_015577.1_2585,G,K,G,G,G,K,S,D,K,D,C,D,C,ID=1_2585;partial=00;start_type=ATG;rbs_motif=AGGA;rbs_spacer=5-10bp;gc_cont=0.519,ID=1_2585;partial=00;start_type=ATG;rbs_motif=AGGA;rbs_spacer=5-10bp;gc,26.0
NC_016791.1_2540,G,K,G,G,G,K,S,D,K,D,C,D,C,ID=1_2540;partial=00;start_type=ATG;rbs_motif=GGAGG;rbs_spacer=5-10bp;gc_cont=0.431,ID=1_2540;partial=00;start_type=ATG;rbs_motif=GGAGG;rbs_spacer=5-10bp;gc,26.0
NC_017068.1_2777,G,K,G,G,G,K,S,D,K,D,C,D,C,ID=1_2777;partial=00;start_type=ATG;rbs_motif=AGGAG;rbs_spacer=5-10bp;gc_cont=0.573,ID=1_2777;partial=00;start_type=ATG;rbs_motif=AGGAG;rbs_spacer=5-10bp;gc,26.0
NC_020061.1_289,G,K,G,G,G,K,S,D,K,D,C,D,C,ID=3_289;partial=00;start_type=ATG;rbs_motif=AGGA;rbs_spacer=5-10bp;gc_cont=0.591,ID=3_289;partial=00;start_type=ATG;rbs_motif=AGGA;rbs_spacer=5-10bp;gc,26.0
NZ_AQUR01000058.1_4,G,K,G,G,G,K,S,D,K,D,C,D,C,ID=58_4;partial=00;start_type=ATG;rbs_motif=GGAG/GAGG;rbs_spacer=5-10bp;gc_cont=0.523,ID=58_4;partial=00;start_type=ATG;rbs_motif=GGAG/GAGG;rbs_spacer=5-10bp;gc,26.0
NZ_ARVV01000001.1_3474,G,K,G,G,G,K,S,D,K,D,C,D,C,ID=1_3474;partial=00;start_type=ATG;rbs_motif=AGGAG;rbs_spacer=5-10bp;gc_cont=0.626,ID=1_3474;partial=00;start_type=ATG;rbs_motif=AGGAG;rbs_spacer=5-10bp;gc,26.0
NZ_KE384157.1_165,G,K,G,G,G,K,S,D,K,D,C,D,C,ID=1_165;partial=00;start_type=ATG;rbs_motif=AGGAG;rbs_spacer=5-10bp;gc_cont=0.457,ID=1_165;partial=00;start_type=ATG;rbs_motif=AGGAG;rbs_spacer=5-10bp;gc,26.0
NZ_AUBP01000007.1_118,G,K,G,G,G,K,S,D,K,D,C,D,C,ID=6_118;partial=00;start_type=ATG;rbs_motif=GGAGG;rbs_spacer=5-10bp;gc_cont=0.509,ID=6_118;partial=00;start_type=ATG;rbs_motif=GGAGG;rbs_spacer=5-10bp;gc,26.0
NZ_AXAL01000020.1_39,G,K,G,G,G,K,S,D,K,D,C,D,C,ID=11_39;partial=00;start_type=ATG;rbs_motif=AGGA;rbs_spacer=5-10bp;gc_cont=0.600,ID=11_39;partial=00;start_type=ATG;rbs_motif=AGGA;rbs_spacer=5-10bp;gc,26.0
NZ_KI912107.1_4066,G,K,G,G,G,K,S,D,K,D,C,D,C,ID=3_4066;partial=00;start_type=ATG;rbs_motif=AAAAT;rbs_spacer=7bp;gc_cont=0.392,ID=3_4066;partial=00;start_type=ATG;rbs_motif=AAAAT;rbs_spacer=7bp;gc,26.0
NZ_BAIO01000032.1_2,G,K,G,G,G,K,S,D,K,D,C,D,C,ID=916_2;partial=00;start_type=ATG;rbs_motif=AGGA;rbs_spacer=5-10bp;gc_cont=0.614,ID=916_2;partial=00;start_type=ATG;rbs_motif=AGGA;rbs_spacer=5-10bp;gc,26.0
NZ_JNJA01000004.1_92,G,K,G,G,G,K,S,D,K,D,C,D,C,ID=4_92;partial=00;start_type=ATG;rbs_motif=GGAGG;rbs_spacer=5-10bp;gc_cont=0.621,ID=4_92;partial=00;start_type=ATG;rbs_motif=GGAGG;rbs_spacer=5-10bp;gc,26.0
NZ_JQSG02000001.1_294,G,K,G,G,G,K,S,D,K,D,C,D,C,ID=1_294;partial=00;start_type=ATG;rbs_motif=AGGAG;rbs_spacer=5-10bp;gc_cont=0.623,ID=1_294;partial=00;start_type=ATG;rbs_motif=AGGAG;rbs_spacer=5-10bp;gc,26.0
NZ_KN882176.1_59,G,K,G,G,G,K,S,D,K,D,C,D,C,ID=3_59;partial=00;start_type=ATG;rbs_motif=AGGAGG;rbs_spacer=5-10bp;gc_cont=0.458,ID=3_59;partial=00;start_type=ATG;rbs_motif=AGGAGG;rbs_spacer=5-10bp;gc,26.0
NZ_AP018738.1_954,G,K,G,G,G,K,S,D,K,D,C,D,C,ID=1_954;partial=00;start_type=ATG;rbs_motif=AGGAG;rbs_spacer=5-10bp;gc_cont=0.528,ID=1_954;partial=00;start_type=ATG;rbs_motif=AGGAG;rbs_spacer=5-10bp;gc,26.0
NZ_CP012401.1_97,G,K,G,G,G,K,S,D,K,D,C,D,C,ID=1_97;partial=00;start_type=ATG;rbs_motif=AGGAG;rbs_spacer=5-10bp;gc_cont=0.643,ID=1_97;partial=00;start_type=ATG;rbs_motif=AGGAG;rbs_spacer=5-10bp;gc,26.0
NZ_LSIC01000141.1_49,G,K,G,G,G,K,S,D,K,D,C,D,C,ID=48_49;partial=00;start_type=ATG;rbs_motif=GGAG/GAGG;rbs_spacer=5-10bp;gc_cont=0.623,ID=48_49;partial=00;start_type=ATG;rbs_motif=GGAG/GAGG;rbs_spacer=5-10bp;gc,26.0
NZ_LUUI01000092.1_17,G,K,G,G,G,K,S,D,K,D,C,D,C,ID=92_17;partial=00;start_type=ATG;rbs_motif=AGGAG;rbs_spacer=5-10bp;gc_cont=0.460,ID=92_17;partial=00;start_type=ATG;rbs_motif=AGGAG;rbs_spacer=5-10bp;gc,26.0
NZ_CP042968.1_5061,G,K,G,G,G,K,S,D,K,D,C,D,C,ID=1_5061;partial=00;start_type=ATG;rbs_motif=GGAG/GAGG;rbs_spacer=5-10bp;gc_cont=0.601,ID=1_5061;partial=00;start_type=ATG;rbs_motif=GGAG/GAGG;rbs_spacer=5-10bp;gc,26.0
NZ_MDFL01000007.1_4,G,K,G,G,G,K,S,D,K,D,C,D,C,ID=7_4;partial=00;start_type=ATG;rbs_motif=AGGA;rbs_spacer=5-10bp;gc_cont=0.604,ID=7_4;partial=00;start_type=ATG;rbs_motif=AGGA;rbs_spacer=5-10bp;gc,26.0
NZ_MSCV01000006.1_146,G,K,G,G,G,K,S,D,K,D,C,D,C,ID=6_146;partial=00;start_type=ATG;rbs_motif=GGAG/GAGG;rbs_spacer=5-10bp;gc_cont=0.585,ID=6_146;partial=00;start_type=ATG;rbs_motif=GGAG/GAGG;rbs_spacer=5-10bp;gc,26.0
NZ_MSLT01000006.1_367,G,K,G,G,G,K,S,D,K,D,C,D,C,ID=24_367;partial=00;start_type=ATG;rbs_motif=AGGAG;rbs_spacer=5-10bp;gc_cont=0.465,ID=24_367;partial=00;start_type=ATG;rbs_motif=AGGAG;rbs_spacer=5-10bp;gc,26.0
NZ_LMVP01000001.1_8,G,K,G,G,G,K,S,D,K,D,C,D,C,ID=1_8;partial=00;start_type=ATG;rbs_motif=AGGAG;rbs_spacer=5-10bp;gc_cont=0.479,ID=1_8;partial=00;start_type=ATG;rbs_motif=AGGAG;rbs_spacer=5-10bp;gc,26.0
NZ_NWSX01000069.1_17,G,K,G,G,G,K,S,D,K,D,C,D,C,ID=82_17;partial=00;start_type=ATG;rbs_motif=AGGA;rbs_spacer=5-10bp;gc_cont=0.597,ID=82_17;partial=00;start_type=ATG;rbs_motif=AGGA;rbs_spacer=5-10bp;gc,26.0
NZ_PVXP01000044.1_1,G,K,G,G,G,K,S,D,K,D,C,D,C,ID=44_1;partial=00;start_type=ATG;rbs_motif=AGGAG;rbs_spacer=5-10bp;gc_cont=0.419,ID=44_1;partial=00;start_type=ATG;rbs_motif=AGGAG;rbs_spacer=5-10bp;gc,26.0
NZ_LGQW01000015.1_5524,G,K,G,G,G,K,S,D,K,D,C,D,C,ID=1_5524;partial=00;start_type=ATG;rbs_motif=AGGAG;rbs_spacer=5-10bp;gc_cont=0.644,ID=1_5524;partial=00;start_type=ATG;rbs_motif=AGGAG;rbs_spacer=5-10bp;gc,26.0
NZ_QKZO01000014.1_60,G,K,G,G,G,K,S,D,K,D,C,D,C,ID=14_60;partial=00;start_type=ATG;rbs_motif=GGAG/GAGG;rbs_spacer=5-10bp;gc_cont=0.599,ID=14_60;partial=00;start_type=ATG;rbs_motif=GGAG/GAGG;rbs_spacer=5-10bp;gc,26.0
NZ_QQAV01000006.1_202,G,K,G,G,G,K,S,D,K,D,C,D,C,ID=6_202;partial=00;start_type=ATG;rbs_motif=GGAG/GAGG;rbs_spacer=5-10bp;gc_cont=0.647,ID=6_202;partial=00;start_type=ATG;rbs_motif=GGAG/GAGG;rbs_spacer=5-10bp;gc,26.0
NZ_RIZI01000178.1_20,G,K,G,G,G,K,S,D,K,D,C,D,C,ID=88_20;partial=00;start_type=ATG;rbs_motif=AGGAG;rbs_spacer=5-10bp;gc_cont=0.591,ID=88_20;partial=00;start_type=ATG;rbs_motif=AGGAG;rbs_spacer=5-10bp;gc,26.0
NZ_AP018449.1_2668,G,K,G,G,G,K,S,D,K,D,C,D,C,ID=1_2668;partial=00;start_type=ATG;rbs_motif=AGGAG;rbs_spacer=5-10bp;gc_cont=0.527,ID=1_2668;partial=00;start_type=ATG;rbs_motif=AGGAG;rbs_spacer=5-10bp;gc,26.0
NZ_CP035283.1_2370,G,K,G,G,G,K,S,D,K,D,C,D,C,ID=1_2370;partial=00;start_type=ATG;rbs_motif=AGGAG;rbs_spacer=5-10bp;gc_cont=0.545,ID=1_2370;partial=00;start_type=ATG;rbs_motif=AGGAG;rbs_spacer=5-10bp;gc,26.0
NZ_SJPA01000001.1_399,G,K,G,G,G,K,S,D,K,D,C,D,C,ID=14_399;partial=00;start_type=ATG;rbs_motif=None;rbs_spacer=None;gc_cont=0.624,ID=14_399;partial=00;start_type=ATG;rbs_motif=None;rbs_spacer=None;gc,26.0
NZ_SNWA01000003.1_172,G,K,G,G,G,K,S,D,K,D,C,D,C,ID=3_172;partial=00;start_type=ATG;rbs_motif=GGAG/GAGG;rbs_spacer=5-10bp;gc_cont=0.600,ID=3_172;partial=00;start_type=ATG;rbs_motif=GGAG/GAGG;rbs_spacer=5-10bp;gc,26.0
NZ_SMYZ01000081.1_103,G,K,G,G,G,K,S,D,K,D,C,D,C,ID=232_103;partial=00;start_type=ATG;rbs_motif=AGGA;rbs_spacer=5-10bp;gc_cont=0.600,ID=232_103;partial=00;start_type=ATG;rbs_motif=AGGA;rbs_spacer=5-10bp;gc,26.0
NZ_VHLG01000012.1_112,G,K,G,G,G,K,S,D,K,D,C,D,C,ID=55_112;partial=00;start_type=ATG;rbs_motif=AGGA;rbs_spacer=5-10bp;gc_cont=0.595,ID=55_112;partial=00;start_type=ATG;rbs_motif=AGGA;rbs_spacer=5-10bp;gc,26.0
NZ_VITR01000011.1_136,G,K,G,G,G,K,S,D,K,D,C,D,C,ID=11_136;partial=00;start_type=ATG;rbs_motif=AGGAG;rbs_spacer=5-10bp;gc_cont=0.634,ID=11_136;partial=00;start_type=ATG;rbs_motif=AGGAG;rbs_spacer=5-10bp;gc,26.0
NZ_CP035807.1_1552,G,K,G,G,G,K,S,D,K,D,C,D,C,ID=1_1552;partial=00;start_type=ATG;rbs_motif=GGAG/GAGG;rbs_spacer=5-10bp;gc_cont=0.370,ID=1_1552;partial=00;start_type=ATG;rbs_motif=GGAG/GAGG;rbs_spacer=5-10bp;gc,26.0
NZ_CP045302.1_2299,G,K,G,G,G,K,S,D,K,D,C,D,C,ID=1_2299;partial=00;start_type=ATG;rbs_motif=GGAG/GAGG;rbs_spacer=5-10bp;gc_cont=0.593,ID=1_2299;partial=00;start_type=ATG;rbs_motif=GGAG/GAGG;rbs_spacer=5-10bp;gc,26.0
NZ_BGJX01000002.1_84,G,K,G,G,G,K,S,D,K,D,C,D,C,ID=2_84;partial=00;start_type=ATG;rbs_motif=AGGAG;rbs_spacer=5-10bp;gc_cont=0.632,ID=2_84;partial=00;start_type=ATG;rbs_motif=AGGAG;rbs_spacer=5-10bp;gc,26.0
NZ_JAAAGB010000016.1_47,G,K,G,G,G,K,S,D,K,D,C,D,C,ID=7_47;partial=00;start_type=ATG;rbs_motif=TAAA;rbs_spacer=11bp;gc_cont=0.413,ID=7_47;partial=00;start_type=ATG;rbs_motif=TAAA;rbs_spacer=11bp;gc,26.0
NZ_CP051293.1_6911,G,K,G,G,G,K,S,D,K,D,C,D,C,ID=1_6911;partial=00;start_type=ATG;rbs_motif=AGGA;rbs_spacer=5-10bp;gc_cont=0.602,ID=1_6911;partial=00;start_type=ATG;rbs_motif=AGGA;rbs_spacer=5-10bp;gc,26.0
NZ_CP058907.1_4604,G,K,G,G,G,K,S,D,K,D,C,D,C,ID=1_4604;partial=00;start_type=ATG;rbs_motif=GGAG/GAGG;rbs_spacer=5-10bp;gc_cont=0.643,ID=1_4604;partial=00;start_type=ATG;rbs_motif=GGAG/GAGG;rbs_spacer=5-10bp;gc,26.0
NZ_JACHFH010000001.1_146,G,K,G,G,G,K,S,D,K,D,C,D,C,ID=1_146;partial=00;start_type=ATG;rbs_motif=GGAGG;rbs_spacer=5-10bp;gc_cont=0.410,ID=1_146;partial=00;start_type=ATG;rbs_motif=GGAGG;rbs_spacer=5-10bp;gc,26.0
NZ_BMKR01000001.1_96,G,K,G,G,G,K,S,D,K,D,C,D,C,ID=1_96;partial=00;start_type=ATG;rbs_motif=GGA/GAG/AGG;rbs_spacer=5-10bp;gc_cont=0.549,ID=1_96;partial=00;start_type=ATG;rbs_motif=GGA/GAG/AGG;rbs_spacer=5-10bp;gc,26.0
NZ_JACYXI010000012.1_84,G,K,G,G,G,K,S,D,K,D,C,D,C,ID=3_84;partial=00;start_type=ATG;rbs_motif=AGGAG;rbs_spacer=5-10bp;gc_cont=0.583,ID=3_84;partial=00;start_type=ATG;rbs_motif=AGGAG;rbs_spacer=5-10bp;gc,26.0
NZ_WIQM01000016.1_513,G,K,G,G,G,K,S,D,K,D,C,D,C,ID=1_513;partial=00;start_type=ATG;rbs_motif=GGAGG;rbs_spacer=5-10bp;gc_cont=0.440,ID=1_513;partial=00;start_type=ATG;rbs_motif=GGAGG;rbs_spacer=5-10bp;gc,26.0
NZ_CP067041.1_1278,G,K,G,G,G,K,S,D,K,D,C,D,C,ID=1_1278;partial=00;start_type=ATG;rbs_motif=GGAG/GAGG;rbs_spacer=5-10bp;gc_cont=0.607,ID=1_1278;partial=00;start_type=ATG;rbs_motif=GGAG/GAGG;rbs_spacer=5-10bp;gc,26.0
NZ_CP033381.1_3991,G,K,G,G,G,K,S,D,K,D,C,D,C,ID=1_3991;partial=00;start_type=ATG;rbs_motif=AGGAG;rbs_spacer=5-10bp;gc_cont=0.490,ID=1_3991;partial=00;start_type=ATG;rbs_motif=AGGAG;rbs_spacer=5-10bp;gc,26.0
NZ_CP072392.1_751,G,K,G,G,G,K,S,D,K,D,C,D,C,ID=1_751;partial=00;start_type=ATG;rbs_motif=GGA/GAG/AGG;rbs_spacer=11-12bp;gc_cont=0.614,ID=1_751;partial=00;start_type=ATG;rbs_motif=GGA/GAG/AGG;rbs_spacer=11-12bp;gc,26.0
NZ_JAGQDF010000014.1_161,G,K,G,G,G,K,S,D,K,D,C,D,C,ID=5_161;partial=00;start_type=ATG;rbs_motif=GGAG/GAGG;rbs_spacer=5-10bp;gc_cont=0.649,ID=5_161;partial=00;start_type=ATG;rbs_motif=GGAG/GAGG;rbs_spacer=5-10bp;gc,26.0
NZ_JAFLWW010000007.1_121,G,K,G,G,G,K,S,D,K,D,C,D,C,ID=28_121;partial=00;start_type=ATG;rbs_motif=AGGA;rbs_spacer=5-10bp;gc_cont=0.604,ID=28_121;partial=00;start_type=ATG;rbs_motif=AGGA;rbs_spacer=5-10bp;gc,26.0
NZ_JAFNIH010000051.1_32,G,K,G,G,G,K,S,D,K,D,C,D,C,ID=13_32;partial=00;start_type=ATG;rbs_motif=GGA/GAG/AGG;rbs_spacer=5-10bp;gc_cont=0.642,ID=13_32;partial=00;start_type=ATG;rbs_motif=GGA/GAG/AGG;rbs_spacer=5-10bp;gc,26.0
NZ_NSLC01000012.1_70,G,K,G,G,G,K,S,D,K,D,C,D,C,ID=12_70;partial=00;start_type=ATG;rbs_motif=AGGAG;rbs_spacer=5-10bp;gc_cont=0.638,ID=12_70;partial=00;start_type=ATG;rbs_motif=AGGAG;rbs_spacer=5-10bp;gc,26.0
NZ_JAJHPU010000039.1_154,G,K,G,G,G,K,S,D,K,D,C,D,C,ID=33_154;partial=00;start_type=ATG;rbs_motif=GGAG/GAGG;rbs_spacer=5-10bp;gc_cont=0.601,ID=33_154;partial=00;start_type=ATG;rbs_motif=GGAG/GAGG;rbs_spacer=5-10bp;gc,26.0
NZ_JACBGE010000039.1_9,G,K,G,G,G,K,S,D,K,D,C,D,C,ID=32_9;partial=00;start_type=ATG;rbs_motif=GGAG/GAGG;rbs_spacer=5-10bp;gc_cont=0.641,ID=32_9;partial=00;start_type=ATG;rbs_motif=GGAG/GAGG;rbs_spacer=5-10bp;gc,26.0
NZ_JAETXJ010000003.1_372,G,K,G,G,G,K,S,D,K,D,C,D,C,ID=14_372;partial=00;start_type=ATG;rbs_motif=GGAG/GAGG;rbs_spacer=5-10bp;gc_cont=0.595,ID=14_372;partial=00;start_type=ATG;rbs_motif=GGAG/GAGG;rbs_spacer=5-10bp;gc,26.0
NZ_JADPKT010000091.1_127,G,K,G,G,G,K,S,D,K,D,C,D,C,ID=12_127;partial=00;start_type=ATG;rbs_motif=GGAG/GAGG;rbs_spacer=5-10bp;gc_cont=0.587,ID=12_127;partial=00;start_type=ATG;rbs_motif=GGAG/GAGG;rbs_spacer=5-10bp;gc,26.0
NZ_CP098611.1_3395,G,K,G,G,G,K,S,D,K,D,C,D,C,ID=1_3395;partial=00;start_type=ATG;rbs_motif=GGAG/GAGG;rbs_spacer=5-10bp;gc_cont=0.515,ID=1_3395;partial=00;start_type=ATG;rbs_motif=GGAG/GAGG;rbs_spacer=5-10bp;gc,26.0
NZ_JANIBJ010000001.1_138,G,K,G,G,G,K,S,D,K,D,C,D,C,ID=1_138;partial=00;start_type=ATG;rbs_motif=AGGAG;rbs_spacer=5-10bp;gc_cont=0.519,ID=1_138;partial=00;start_type=ATG;rbs_motif=AGGAG;rbs_spacer=5-10bp;gc,26.0
NZ_FMMP01000015.1_254,G,K,G,G,G,K,S,D,K,D,C,D,C,ID=10_254;partial=00;start_type=ATG;rbs_motif=GGAGG;rbs_spacer=5-10bp;gc_cont=0.388,ID=10_254;partial=00;start_type=ATG;rbs_motif=GGAGG;rbs_spacer=5-10bp;gc,26.0
NZ_FNSR01000003.1_624,G,K,G,G,G,K,S,D,K,D,C,D,C,ID=1_624;partial=00;start_type=ATG;rbs_motif=GGAG/GAGG;rbs_spacer=5-10bp;gc_cont=0.634,ID=1_624;partial=00;start_type=ATG;rbs_motif=GGAG/GAGG;rbs_spacer=5-10bp;gc,26.0
NZ_FOHN01000005.1_44,G,K,G,G,G,K,S,D,K,D,C,D,C,ID=13_44;partial=00;start_type=ATG;rbs_motif=AGGA;rbs_spacer=5-10bp;gc_cont=0.358,ID=13_44;partial=00;start_type=ATG;rbs_motif=AGGA;rbs_spacer=5-10bp;gc,26.0
NZ_FPCC01000005.1_151,G,K,G,G,G,K,S,D,K,D,C,D,C,ID=37_151;partial=00;start_type=ATG;rbs_motif=AGGAG;rbs_spacer=5-10bp;gc_cont=0.448,ID=37_151;partial=00;start_type=ATG;rbs_motif=AGGAG;rbs_spacer=5-10bp;gc,26.0
NZ_FRBF01000032.1_18,G,K,G,G,G,K,S,D,K,D,C,D,C,ID=35_18;partial=00;start_type=ATG;rbs_motif=AGGAG;rbs_spacer=5-10bp;gc_cont=0.513,ID=35_18;partial=00;start_type=ATG;rbs_motif=AGGAG;rbs_spacer=5-10bp;gc,26.0
NZ_LT828541.1_362,G,K,G,G,G,K,S,D,K,D,C,D,C,ID=2_362;partial=00;start_type=ATG;rbs_motif=AGGA;rbs_spacer=5-10bp;gc_cont=0.465,ID=2_362;partial=00;start_type=ATG;rbs_motif=AGGA;rbs_spacer=5-10bp;gc,26.0
NZ_OAOF01000001.1_57,G,K,G,G,G,K,S,D,K,D,C,D,C,ID=54_57;partial=00;start_type=ATG;rbs_motif=AGGAGG;rbs_spacer=5-10bp;gc_cont=0.474,ID=54_57;partial=00;start_type=ATG;rbs_motif=AGGAGG;rbs_spacer=5-10bp;gc,26.0
NZ_LR699554.1_1479,G,K,G,G,G,K,S,D,K,D,C,D,C,ID=2_1479;partial=00;start_type=ATG;rbs_motif=GGAG/GAGG;rbs_spacer=5-10bp;gc_cont=0.617,ID=2_1479;partial=00;start_type=ATG;rbs_motif=GGAG/GAGG;rbs_spacer=5-10bp;gc,26.0
NISF01000001.1_803,G,K,G,G,G,K,S,D,K,D,C,D,C,ID=11_803;partial=00;start_type=ATG;rbs_motif=GGAG/GAGG;rbs_spacer=5-10bp;gc_cont=0.479,ID=11_803;partial=00;start_type=ATG;rbs_motif=GGAG/GAGG;rbs_spacer=5-10bp;gc,26.0
JAATGN010000040.1_18,G,K,G,G,G,K,S,D,K,D,C,D,C,ID=23_18;partial=00;start_type=ATG;rbs_motif=AGGAG;rbs_spacer=5-10bp;gc_cont=0.594,ID=23_18;partial=00;start_type=ATG;rbs_motif=AGGAG;rbs_spacer=5-10bp;gc,26.0
JAEVYU010000055.1_48,G,K,G,G,G,K,S,D,K,D,C,D,C,ID=24_48;partial=00;start_type=ATG;rbs_motif=AGGAG;rbs_spacer=5-10bp;gc_cont=0.473,ID=24_48;partial=00;start_type=ATG;rbs_motif=AGGAG;rbs_spacer=5-10bp;gc,26.0
JAEZCE010000028.1_16,G,K,G,G,G,K,S,D,K,D,C,D,C,ID=13_16;partial=00;start_type=ATG;rbs_motif=AGGAG;rbs_spacer=5-10bp;gc_cont=0.481,ID=13_16;partial=00;start_type=ATG;rbs_motif=AGGAG;rbs_spacer=5-10bp;gc,26.0
NC_015172.1_2823,G,K,G,G,G,K,S,D,K,D,C,D,C,ID=1_2823;partial=00;start_type=ATG;rbs_motif=AGGAG;rbs_spacer=5-10bp;gc_cont=0.451,ID=1_2823;partial=00;start_type=ATG;rbs_motif=AGGAG;rbs_spacer=5-10bp;gc,26.0
NZ_KI632512.1_86,G,K,G,G,G,K,S,D,K,D,C,D,C,ID=1_86;partial=00;start_type=ATG;rbs_motif=GGAGG;rbs_spacer=5-10bp;gc_cont=0.612,ID=1_86;partial=00;start_type=ATG;rbs_motif=GGAGG;rbs_spacer=5-10bp;gc,26.0
NZ_NQVN01000002.1_272,G,K,G,G,G,K,S,D,K,D,C,D,C,ID=22_272;partial=00;start_type=ATG;rbs_motif=GGAG/GAGG;rbs_spacer=5-10bp;gc_cont=0.631,ID=22_272;partial=00;start_type=ATG;rbs_motif=GGAG/GAGG;rbs_spacer=5-10bp;gc,26.0
NZ_BJZO01000043.1_21,G,K,G,G,G,K,S,D,K,D,C,D,C,ID=43_21;partial=00;start_type=ATG;rbs_motif=AGGAG;rbs_spacer=5-10bp;gc_cont=0.594,ID=43_21;partial=00;start_type=ATG;rbs_motif=AGGAG;rbs_spacer=5-10bp;gc,26.0
NZ_JAHGVE010000002.1_34,G,K,G,G,G,K,S,D,K,D,C,D,C,ID=2_34;partial=00;start_type=ATG;rbs_motif=GGA/GAG/AGG;rbs_spacer=5-10bp;gc_cont=0.409,ID=2_34;partial=00;start_type=ATG;rbs_motif=GGA/GAG/AGG;rbs_spacer=5-10bp;gc,26.0
NZ_FYDG01000013.1_78,G,K,G,G,G,K,S,D,K,D,C,D,C,ID=39_78;partial=00;start_type=ATG;rbs_motif=AGGAG;rbs_spacer=5-10bp;gc_cont=0.603,ID=39_78;partial=00;start_type=ATG;rbs_motif=AGGAG;rbs_spacer=5-10bp;gc,26.0
JACWMK010000038.1_2,G,K,G,G,G,K,S,D,K,D,C,D,C,ID=42_2;partial=00;start_type=ATG;rbs_motif=GGA/GAG/AGG;rbs_spacer=5-10bp;gc_cont=0.365,ID=42_2;partial=00;start_type=ATG;rbs_motif=GGA/GAG/AGG;rbs_spacer=5-10bp;gc,26.0
NZ_LT799418.1_3679,G,K,G,G,G,K,S,D,K,D,C,D,C,ID=5_3679;partial=00;start_type=ATG;rbs_motif=TAAAAA;rbs_spacer=9bp;gc_cont=0.413,ID=5_3679;partial=00;start_type=ATG;rbs_motif=TAAAAA;rbs_spacer=9bp;gc,26.0
NZ_SMMU01000027.1_45,G,K,G,G,G,K,S,D,K,D,C,D,C,ID=27_45;partial=00;start_type=ATG;rbs_motif=GGAGG;rbs_spacer=5-10bp;gc_cont=0.635,ID=27_45;partial=00;start_type=ATG;rbs_motif=GGAGG;rbs_spacer=5-10bp;gc,26.0
NZ_AJLK01000041.1_8,G,K,G,G,G,K,S,D,K,D,C,D,C,ID=41_8;partial=00;start_type=ATG;rbs_motif=AGGAG/GGAGG;rbs_spacer=11-12bp;gc_cont=0.471,ID=41_8;partial=00;start_type=ATG;rbs_motif=AGGAG/GGAGG;rbs_spacer=11-12bp;gc,26.0
JNJK01000002.1_267,G,K,G,G,G,K,S,D,K,D,C,D,C,ID=2_267;partial=00;start_type=ATG;rbs_motif=AGGAG;rbs_spacer=5-10bp;gc_cont=0.473,ID=2_267;partial=00;start_type=ATG;rbs_motif=AGGAG;rbs_spacer=5-10bp;gc,26.0
LADS01000004.1_67,G,K,G,G,G,K,S,D,K,D,C,D,C,ID=33_67;partial=00;start_type=ATG;rbs_motif=AGGAG;rbs_spacer=5-10bp;gc_cont=0.571,ID=33_67;partial=00;start_type=ATG;rbs_motif=AGGAG;rbs_spacer=5-10bp;gc,26.0
LVAT01000020.1_22,G,K,G,G,G,K,S,D,K,D,C,D,C,ID=20_22;partial=00;start_type=ATG;rbs_motif=GGA/GAG/AGG;rbs_spacer=5-10bp;gc_cont=0.469,ID=20_22;partial=00;start_type=ATG;rbs_motif=GGA/GAG/AGG;rbs_spacer=5-10bp;gc,26.0
MGTJ01000180.1_11,G,K,G,G,G,K,S,D,K,D,C,D,C,ID=180_11;partial=00;start_type=ATG;rbs_motif=AGGA;rbs_spacer=5-10bp;gc_cont=0.519,ID=180_11;partial=00;start_type=ATG;rbs_motif=AGGA;rbs_spacer=5-10bp;gc,26.0
MNUQ01000182.1_5,G,K,G,G,G,K,S,D,K,D,C,D,C,ID=148_5;partial=00;start_type=ATG;rbs_motif=GGAGG;rbs_spacer=5-10bp;gc_cont=0.615,ID=148_5;partial=00;start_type=ATG;rbs_motif=GGAGG;rbs_spacer=5-10bp;gc,26.0
DBUB01000010.1_153,G,K,G,G,G,K,S,D,K,D,C,D,C,ID=16_153;partial=00;start_type=ATG;rbs_motif=AGGAG;rbs_spacer=5-10bp;gc_cont=0.595,ID=16_153;partial=00;start_type=ATG;rbs_motif=AGGAG;rbs_spacer=5-10bp;gc,26.0
DEDT01000054.1_39,G,K,G,G,G,K,S,D,K,D,C,D,C,ID=17_39;partial=00;start_type=ATG;rbs_motif=AGxAGG/AGGxGG;rbs_spacer=5-10bp;gc_cont=0.590,ID=17_39;partial=00;start_type=ATG;rbs_motif=AGxAGG/AGGxGG;rbs_spacer=5-10bp;gc,26.0
DGHQ01000005.1_14,G,K,G,G,G,K,S,D,K,D,C,D,C,ID=13_14;partial=00;start_type=ATG;rbs_motif=TAAA;rbs_spacer=11bp;gc_cont=0.448,ID=13_14;partial=00;start_type=ATG;rbs_motif=TAAA;rbs_spacer=11bp;gc,26.0
DHYP01000031.1_10,G,K,G,G,G,K,S,D,K,D,C,D,C,ID=31_10;partial=00;start_type=ATG;rbs_motif=AGGAG;rbs_spacer=5-10bp;gc_cont=0.469,ID=31_10;partial=00;start_type=ATG;rbs_motif=AGGAG;rbs_spacer=5-10bp;gc,26.0
DIZL01000042.1_18,G,K,G,G,G,K,S,D,K,D,C,D,C,ID=68_18;partial=00;start_type=ATG;rbs_motif=AAAAA;rbs_spacer=7bp;gc_cont=0.447,ID=68_18;partial=00;start_type=ATG;rbs_motif=AAAAA;rbs_spacer=7bp;gc,26.0
DASQ01000002.1_34,G,K,G,G,G,K,S,D,K,D,C,D,C,ID=42_34;partial=00;start_type=ATG;rbs_motif=None;rbs_spacer=None;gc_cont=0.591,ID=42_34;partial=00;start_type=ATG;rbs_motif=None;rbs_spacer=None;gc,26.0
PFJY01000119.1_21,G,K,G,G,G,K,S,D,K,D,C,D,C,ID=235_21;partial=00;start_type=ATG;rbs_motif=AGGAG;rbs_spacer=5-10bp;gc_cont=0.613,ID=235_21;partial=00;start_type=ATG;rbs_motif=AGGAG;rbs_spacer=5-10bp;gc,26.0
PERY01000011.1_66,G,K,G,G,G,K,S,D,K,D,C,D,C,ID=11_66;partial=00;start_type=ATG;rbs_motif=AGGAG;rbs_spacer=5-10bp;gc_cont=0.617,ID=11_66;partial=00;start_type=ATG;rbs_motif=AGGAG;rbs_spacer=5-10bp;gc,26.0
PLZQ01000133.1_6,G,K,G,G,G,K,S,D,K,D,C,D,C,ID=70_6;partial=00;start_type=ATG;rbs_motif=None;rbs_spacer=None;gc_cont=0.596,ID=70_6;partial=00;start_type=ATG;rbs_motif=None;rbs_spacer=None;gc,26.0
PLTA01000007.1_16,G,K,G,G,G,K,S,D,K,D,C,D,C,ID=48_16;partial=00;start_type=ATG;rbs_motif=GGA/GAG/AGG;rbs_spacer=5-10bp;gc_cont=0.458,ID=48_16;partial=00;start_type=ATG;rbs_motif=GGA/GAG/AGG;rbs_spacer=5-10bp;gc,26.0
QKCE01000036.1_13,G,K,G,G,G,K,S,D,K,D,C,D,C,ID=280_13;partial=00;start_type=ATG;rbs_motif=GGAG/GAGG;rbs_spacer=5-10bp;gc_cont=0.616,ID=280_13;partial=00;start_type=ATG;rbs_motif=GGAG/GAGG;rbs_spacer=5-10bp;gc,26.0
DOZO01000053.1_12,G,K,G,G,G,K,S,D,K,D,C,D,C,ID=50_12;partial=00;start_type=ATG;rbs_motif=AGGAG;rbs_spacer=5-10bp;gc_cont=0.573,ID=50_12;partial=00;start_type=ATG;rbs_motif=AGGAG;rbs_spacer=5-10bp;gc,26.0
QZKY01000011.1_54,G,K,G,G,G,K,S,D,K,D,C,D,C,ID=2_54;partial=00;start_type=ATG;rbs_motif=AGGAG;rbs_spacer=5-10bp;gc_cont=0.537,ID=2_54;partial=00;start_type=ATG;rbs_motif=AGGAG;rbs_spacer=5-10bp;gc,26.0
SAPZ01000036.1_6,G,K,G,G,G,K,S,D,K,D,C,D,C,ID=35_6;partial=00;start_type=ATG;rbs_motif=AGGA;rbs_spacer=5-10bp;gc_cont=0.598,ID=35_6;partial=00;start_type=ATG;rbs_motif=AGGA;rbs_spacer=5-10bp;gc,26.0
SCTQ01000402.1_22,G,K,G,G,G,K,S,D,K,D,C,D,C,ID=400_22;partial=00;start_type=ATG;rbs_motif=GGAG/GAGG;rbs_spacer=5-10bp;gc_cont=0.654,ID=400_22;partial=00;start_type=ATG;rbs_motif=GGAG/GAGG;rbs_spacer=5-10bp;gc,26.0
SZXW01000010.1_271,G,K,G,G,G,K,S,D,K,D,C,D,C,ID=1_271;partial=00;start_type=ATG;rbs_motif=None;rbs_spacer=None;gc_cont=0.552,ID=1_271;partial=00;start_type=ATG;rbs_motif=None;rbs_spacer=None;gc,26.0
REDK01000175.1_12,G,K,G,G,G,K,S,D,K,D,C,D,C,ID=94_12;partial=00;start_type=ATG;rbs_motif=GGAG/GAGG;rbs_spacer=5-10bp;gc_cont=0.621,ID=94_12;partial=00;start_type=ATG;rbs_motif=GGAG/GAGG;rbs_spacer=5-10bp;gc,26.0
PYCK01000054.1_1,G,K,G,G,G,K,S,D,K,D,C,D,C,ID=208_1;partial=00;start_type=ATG;rbs_motif=GGAGG;rbs_spacer=5-10bp;gc_cont=0.488,ID=208_1;partial=00;start_type=ATG;rbs_motif=GGAGG;rbs_spacer=5-10bp;gc,26.0
JAAAOM010000072.1_2,G,K,G,G,G,K,S,D,K,D,C,D,C,ID=31_2;partial=00;start_type=ATG;rbs_motif=TAAA;rbs_spacer=12bp;gc_cont=0.457,ID=31_2;partial=00;start_type=ATG;rbs_motif=TAAA;rbs_spacer=12bp;gc,26.0
JAABTD010000353.1_3,G,K,G,G,G,K,S,D,K,D,C,D,C,ID=219_3;partial=00;start_type=ATG;rbs_motif=GGAG/GAGG;rbs_spacer=5-10bp;gc_cont=0.633,ID=219_3;partial=00;start_type=ATG;rbs_motif=GGAG/GAGG;rbs_spacer=5-10bp;gc,26.0
JAAUSZ010000160.1_8,G,K,G,G,G,K,S,D,K,D,C,D,C,ID=118_8;partial=00;start_type=ATG;rbs_motif=AGGA;rbs_spacer=5-10bp;gc_cont=0.550,ID=118_8;partial=00;start_type=ATG;rbs_motif=AGGA;rbs_spacer=5-10bp;gc,26.0
JAAYAE010000064.1_9,G,K,G,G,G,K,S,D,K,D,C,D,C,ID=395_9;partial=00;start_type=ATG;rbs_motif=GGAGG;rbs_spacer=5-10bp;gc_cont=0.399,ID=395_9;partial=00;start_type=ATG;rbs_motif=GGAGG;rbs_spacer=5-10bp;gc,26.0
JAADIV010000173.1_3,G,K,G,G,G,K,S,D,K,D,C,D,C,ID=178_3;partial=00;start_type=ATG;rbs_motif=GGAGG;rbs_spacer=5-10bp;gc_cont=0.539,ID=178_3;partial=00;start_type=ATG;rbs_motif=GGAGG;rbs_spacer=5-10bp;gc,26.0
DUGT01000122.1_4,G,K,G,G,G,K,S,D,K,D,C,D,C,ID=176_4;partial=00;start_type=ATG;rbs_motif=AGGAG;rbs_spacer=5-10bp;gc_cont=0.460,ID=176_4;partial=00;start_type=ATG;rbs_motif=AGGAG;rbs_spacer=5-10bp;gc,26.0
JAAXUF010000009.1_33,G,K,G,G,G,K,S,D,K,D,C,D,C,ID=26_33;partial=00;start_type=ATG;rbs_motif=AGGAGG;rbs_spacer=3-4bp;gc_cont=0.594,ID=26_33;partial=00;start_type=ATG;rbs_motif=AGGAGG;rbs_spacer=3-4bp;gc,26.0
CP059265.1_2629,G,K,G,G,G,K,S,D,K,D,C,D,C,ID=1_2629;partial=00;start_type=ATG;rbs_motif=AGGAG;rbs_spacer=5-10bp;gc_cont=0.528,ID=1_2629;partial=00;start_type=ATG;rbs_motif=AGGAG;rbs_spacer=5-10bp;gc,26.0
JAAUZH010000007.1_9,G,K,G,G,G,K,S,D,K,D,C,D,C,ID=7_9;partial=00;start_type=ATG;rbs_motif=AGGAG/GGAGG;rbs_spacer=11-12bp;gc_cont=0.465,ID=7_9;partial=00;start_type=ATG;rbs_motif=AGGAG/GGAGG;rbs_spacer=11-12bp;gc,26.0
SUXE01000001.1_251,G,K,G,G,G,K,S,D,K,D,C,D,C,ID=5_251;partial=00;start_type=ATG;rbs_motif=AAAAAA;rbs_spacer=10bp;gc_cont=0.445,ID=5_251;partial=00;start_type=ATG;rbs_motif=AAAAAA;rbs_spacer=10bp;gc,26.0
JADFYY010000116.1_8,G,K,G,G,G,K,S,D,K,D,C,D,C,ID=18_8;partial=00;start_type=ATG;rbs_motif=AGGAG;rbs_spacer=5-10bp;gc_cont=0.511,ID=18_8;partial=00;start_type=ATG;rbs_motif=AGGAG;rbs_spacer=5-10bp;gc,26.0
WGBU01000055.1_14,G,K,G,G,G,K,S,D,K,D,C,D,C,ID=55_14;partial=00;start_type=ATG;rbs_motif=AGGAGG;rbs_spacer=5-10bp;gc_cont=0.526,ID=55_14;partial=00;start_type=ATG;rbs_motif=AGGAGG;rbs_spacer=5-10bp;gc,26.0
JACQBS010000135.1_20,G,K,G,G,G,K,S,D,K,D,C,D,C,ID=161_20;partial=00;start_type=ATG;rbs_motif=GGAGG;rbs_spacer=5bp;gc_cont=0.485,ID=161_20;partial=00;start_type=ATG;rbs_motif=GGAGG;rbs_spacer=5bp;gc,26.0
JACQZP010000019.1_167,G,K,G,G,G,K,S,D,K,D,C,D,C,ID=7_167;partial=00;start_type=ATG;rbs_motif=AGGA;rbs_spacer=5-10bp;gc_cont=0.430,ID=7_167;partial=00;start_type=ATG;rbs_motif=AGGA;rbs_spacer=5-10bp;gc,26.0
JACRCO010000071.1_85,G,K,G,G,G,K,S,D,K,D,C,D,C,ID=35_85;partial=00;start_type=ATG;rbs_motif=GGAGG;rbs_spacer=5-10bp;gc_cont=0.625,ID=35_85;partial=00;start_type=ATG;rbs_motif=GGAGG;rbs_spacer=5-10bp;gc,26.0
JACRIU010000019.1_18,G,K,G,G,G,K,S,D,K,D,C,D,C,ID=116_18;partial=00;start_type=ATG;rbs_motif=AGGAG;rbs_spacer=5-10bp;gc_cont=0.602,ID=116_18;partial=00;start_type=ATG;rbs_motif=AGGAG;rbs_spacer=5-10bp;gc,26.0
JAEMSD010000080.1_4,G,K,G,G,G,K,S,D,K,D,C,D,C,ID=87_4;partial=00;start_type=ATG;rbs_motif=GGAG/GAGG;rbs_spacer=5-10bp;gc_cont=0.624,ID=87_4;partial=00;start_type=ATG;rbs_motif=GGAG/GAGG;rbs_spacer=5-10bp;gc,26.0
JADKCI010000001.1_1066,G,K,G,G,G,K,S,D,K,D,C,D,C,ID=1_1066;partial=00;start_type=ATG;rbs_motif=AGGAG;rbs_spacer=5-10bp;gc_cont=0.600,ID=1_1066;partial=00;start_type=ATG;rbs_motif=AGGAG;rbs_spacer=5-10bp;gc,26.0
JAEUPW010000145.1_23,G,K,G,G,G,K,S,D,K,D,C,D,C,ID=125_23;partial=00;start_type=ATG;rbs_motif=AGGAG;rbs_spacer=5-10bp;gc_cont=0.642,ID=125_23;partial=00;start_type=ATG;rbs_motif=AGGAG;rbs_spacer=5-10bp;gc,26.0
JADQBA010000100.1_5,G,R,G,G,G,K,S,D,K,D,C,D,C,ID=313_5;partial=00;start_type=ATG;rbs_motif=GGAG/GAGG;rbs_spacer=5-10bp;gc_cont=0.474,ID=313_5;partial=00;start_type=ATG;rbs_motif=GGAG/GAGG;rbs_spacer=5-10bp;gc,25.0
JAFGXV010000031.1_8,G,K,G,G,G,K,S,D,K,D,C,D,C,ID=60_8;partial=00;start_type=ATG;rbs_motif=AGGAG;rbs_spacer=5-10bp;gc_cont=0.559,ID=60_8;partial=00;start_type=ATG;rbs_motif=AGGAG;rbs_spacer=5-10bp;gc,26.0
JAFLDT010000008.1_29,G,K,G,G,G,K,S,D,K,D,C,D,C,ID=144_29;partial=00;start_type=ATG;rbs_motif=AGGAG;rbs_spacer=5-10bp;gc_cont=0.603,ID=144_29;partial=00;start_type=ATG;rbs_motif=AGGAG;rbs_spacer=5-10bp;gc,26.0
JAFRYW010000184.1_6,G,K,G,G,G,K,S,D,K,D,C,D,C,ID=100_6;partial=00;start_type=ATG;rbs_motif=GGAG/GAGG;rbs_spacer=5-10bp;gc_cont=0.531,ID=100_6;partial=00;start_type=ATG;rbs_motif=GGAG/GAGG;rbs_spacer=5-10bp;gc,26.0
JAFVBU010000074.1_7,G,K,G,G,G,K,S,D,K,D,C,D,C,ID=171_7;partial=00;start_type=ATG;rbs_motif=GGA/GAG/AGG;rbs_spacer=11-12bp;gc_cont=0.505,ID=171_7;partial=00;start_type=ATG;rbs_motif=GGA/GAG/AGG;rbs_spacer=11-12bp;gc,26.0
JAFZPM010000008.1_17,G,K,G,G,G,K,S,D,K,D,C,D,C,ID=14_17;partial=00;start_type=ATG;rbs_motif=TAAAA;rbs_spacer=13bp;gc_cont=0.523,ID=14_17;partial=00;start_type=ATG;rbs_motif=TAAAA;rbs_spacer=13bp;gc,26.0
JAGCPF010000063.1_66,G,K,G,G,G,K,S,D,K,D,C,D,C,ID=60_66;partial=00;start_type=ATG;rbs_motif=AGGAG;rbs_spacer=5-10bp;gc_cont=0.517,ID=60_66;partial=00;start_type=ATG;rbs_motif=AGGAG;rbs_spacer=5-10bp;gc,26.0
JAGFZX010000051.1_14,G,K,G,G,G,K,S,D,K,D,C,D,C,ID=45_14;partial=00;start_type=ATG;rbs_motif=AGGAGG;rbs_spacer=5-10bp;gc_cont=0.404,ID=45_14;partial=00;start_type=ATG;rbs_motif=AGGAGG;rbs_spacer=5-10bp;gc,26.0
JAGCTZ010000201.1_9,G,K,G,G,G,K,S,D,K,D,C,D,C,ID=93_9;partial=00;start_type=ATG;rbs_motif=AGGAG;rbs_spacer=5-10bp;gc_cont=0.455,ID=93_9;partial=00;start_type=ATG;rbs_motif=AGGAG;rbs_spacer=5-10bp;gc,26.0
JAHAJA010000003.1_104,G,K,G,G,G,K,S,D,K,D,C,D,C,ID=70_104;partial=00;start_type=ATG;rbs_motif=GGAGG;rbs_spacer=5-10bp;gc_cont=0.410,ID=70_104;partial=00;start_type=ATG;rbs_motif=GGAGG;rbs_spacer=5-10bp;gc,26.0
JAHJLI010000255.1_11,G,K,G,G,G,K,S,D,K,D,C,D,C,ID=308_11;partial=00;start_type=ATG;rbs_motif=AGGAG;rbs_spacer=5-10bp;gc_cont=0.534,ID=308_11;partial=00;start_type=ATG;rbs_motif=AGGAG;rbs_spacer=5-10bp;gc,26.0
JAGVUB010000109.1_5,G,K,G,G,G,K,S,D,K,D,C,D,C,ID=201_5;partial=00;start_type=ATG;rbs_motif=None;rbs_spacer=None;gc_cont=0.636,ID=201_5;partial=00;start_type=ATG;rbs_motif=None;rbs_spacer=None;gc,26.0
JAIFMS010000164.1_3,G,K,G,G,G,K,S,D,K,D,C,D,C,ID=134_3;partial=00;start_type=ATG;rbs_motif=GGA/GAG/AGG;rbs_spacer=5-10bp;gc_cont=0.435,ID=134_3;partial=00;start_type=ATG;rbs_motif=GGA/GAG/AGG;rbs_spacer=5-10bp;gc,26.0
JAGUXX010000267.1_14,G,K,G,G,G,K,S,D,K,D,C,D,C,ID=142_14;partial=00;start_type=ATG;rbs_motif=AGGAG;rbs_spacer=5-10bp;gc_cont=0.585,ID=142_14;partial=00;start_type=ATG;rbs_motif=AGGAG;rbs_spacer=5-10bp;gc,26.0
JAHRYZ010000029.1_17,G,K,G,G,G,K,S,D,K,D,C,D,C,ID=339_17;partial=00;start_type=ATG;rbs_motif=AGGA;rbs_spacer=5-10bp;gc_cont=0.616,ID=339_17;partial=00;start_type=ATG;rbs_motif=AGGA;rbs_spacer=5-10bp;gc,26.0
DYHD01000041.1_4,G,K,G,G,G,K,S,D,K,D,C,D,C,ID=15_4;partial=00;start_type=ATG;rbs_motif=AGGAGG;rbs_spacer=5-10bp;gc_cont=0.447,ID=15_4;partial=00;start_type=ATG;rbs_motif=AGGAGG;rbs_spacer=5-10bp;gc,26.0
JAIOZR010000019.1_25,G,K,G,G,G,K,S,D,K,D,C,D,C,ID=3_25;partial=00;start_type=ATG;rbs_motif=None;rbs_spacer=None;gc_cont=0.541,ID=3_25;partial=00;start_type=ATG;rbs_motif=None;rbs_spacer=None;gc,26.0
JAJXXS010000265.1_6,G,K,G,G,G,K,S,D,K,D,C,D,C,ID=63_6;partial=00;start_type=ATG;rbs_motif=AGGAG;rbs_spacer=5-10bp;gc_cont=0.626,ID=63_6;partial=00;start_type=ATG;rbs_motif=AGGAG;rbs_spacer=5-10bp;gc,26.0
JAJYLU010000031.1_2,G,K,G,G,G,K,S,D,K,D,C,D,C,ID=17_2;partial=00;start_type=ATG;rbs_motif=AGGAGG;rbs_spacer=3-4bp;gc_cont=0.507,ID=17_2;partial=00;start_type=ATG;rbs_motif=AGGAGG;rbs_spacer=3-4bp;gc,26.0
JAJZZU010000300.1_3,G,K,G,G,G,K,S,D,K,D,C,D,C,ID=104_3;partial=00;start_type=ATG;rbs_motif=AGGAG;rbs_spacer=5-10bp;gc_cont=0.616,ID=104_3;partial=00;start_type=ATG;rbs_motif=AGGAG;rbs_spacer=5-10bp;gc,26.0
JAJZQA010000304.1_2,G,K,G,G,G,K,S,D,K,D,C,D,C,ID=266_2;partial=00;start_type=ATG;rbs_motif=AGGAG;rbs_spacer=5-10bp;gc_cont=0.552,ID=266_2;partial=00;start_type=ATG;rbs_motif=AGGAG;rbs_spacer=5-10bp;gc,26.0
JAKARW010000002.1_35,G,K,G,G,G,K,S,D,K,D,C,D,C,ID=7_35;partial=00;start_type=ATG;rbs_motif=AGGAG;rbs_spacer=5-10bp;gc_cont=0.597,ID=7_35;partial=00;start_type=ATG;rbs_motif=AGGAG;rbs_spacer=5-10bp;gc,26.0
JAJZJD010000001.1_32,G,K,G,G,G,K,S,D,K,D,C,D,C,ID=73_32;partial=00;start_type=ATG;rbs_motif=GGAGG;rbs_spacer=5-10bp;gc_cont=0.443,ID=73_32;partial=00;start_type=ATG;rbs_motif=GGAGG;rbs_spacer=5-10bp;gc,26.0
JAJZSC010000043.1_10,G,K,G,G,G,K,S,D,K,D,C,D,C,ID=477_10;partial=00;start_type=ATG;rbs_motif=AGGAG;rbs_spacer=5-10bp;gc_cont=0.455,ID=477_10;partial=00;start_type=ATG;rbs_motif=AGGAG;rbs_spacer=5-10bp;gc,26.0
JAFLTB010000032.1_18,G,K,G,G,G,K,S,D,K,D,C,D,C,ID=50_18;partial=00;start_type=ATG;rbs_motif=GGAGG;rbs_spacer=5-10bp;gc_cont=0.503,ID=50_18;partial=00;start_type=ATG;rbs_motif=GGAGG;rbs_spacer=5-10bp;gc,26.0
JALHJW010000008.1_123,G,K,G,G,G,K,S,D,K,D,C,D,C,ID=53_123;partial=00;start_type=ATG;rbs_motif=AGGAGG;rbs_spacer=5-10bp;gc_cont=0.640,ID=53_123;partial=00;start_type=ATG;rbs_motif=AGGAGG;rbs_spacer=5-10bp;gc,26.0
JAHEYT010000020.1_62,G,K,G,G,G,K,S,D,K,D,C,D,C,ID=39_62;partial=00;start_type=ATG;rbs_motif=TAAAA;rbs_spacer=8bp;gc_cont=0.488,ID=39_62;partial=00;start_type=ATG;rbs_motif=TAAAA;rbs_spacer=8bp;gc,26.0
JAEWCM010000154.1_5,G,K,G,G,G,K,S,D,K,D,C,D,C,ID=206_5;partial=00;start_type=ATG;rbs_motif=AGGAG;rbs_spacer=5-10bp;gc_cont=0.425,ID=206_5;partial=00;start_type=ATG;rbs_motif=AGGAG;rbs_spacer=5-10bp;gc,26.0
JAEWVY010000026.1_5,G,K,G,G,G,K,S,D,K,D,C,D,C,ID=191_5;partial=00;start_type=ATG;rbs_motif=GGAG/GAGG;rbs_spacer=5-10bp;gc_cont=0.633,ID=191_5;partial=00;start_type=ATG;rbs_motif=GGAG/GAGG;rbs_spacer=5-10bp;gc,26.0
JAEXXM010000066.1_18,G,K,G,G,G,K,S,D,K,D,C,D,C,ID=77_18;partial=00;start_type=ATG;rbs_motif=AGGAG;rbs_spacer=5-10bp;gc_cont=0.621,ID=77_18;partial=00;start_type=ATG;rbs_motif=AGGAG;rbs_spacer=5-10bp;gc,26.0
JAEYOJ010000070.1_5,G,K,G,G,G,K,S,D,K,D,C,D,C,ID=130_5;partial=00;start_type=ATG;rbs_motif=AGGAGG;rbs_spacer=5-10bp;gc_cont=0.640,ID=130_5;partial=00;start_type=ATG;rbs_motif=AGGAGG;rbs_spacer=5-10bp;gc,26.0
JAEZJM010000014.1_59,G,K,G,G,G,K,S,D,K,D,C,D,C,ID=3_59;partial=00;start_type=ATG;rbs_motif=AGGAGG;rbs_spacer=5-10bp;gc_cont=0.591,ID=3_59;partial=00;start_type=ATG;rbs_motif=AGGAGG;rbs_spacer=5-10bp;gc,26.0
JAEYRX010000032.1_46,G,K,G,G,G,K,S,D,K,D,C,D,C,ID=22_46;partial=00;start_type=ATG;rbs_motif=AGxAGG/AGGxGG;rbs_spacer=5-10bp;gc_cont=0.438,ID=22_46;partial=00;start_type=ATG;rbs_motif=AGxAGG/AGGxGG;rbs_spacer=5-10bp;gc,26.0
JAEXQJ010000356.1_15,G,K,G,G,G,K,S,D,K,D,C,D,C,ID=316_15;partial=00;start_type=ATG;rbs_motif=AGGA;rbs_spacer=5-10bp;gc_cont=0.617,ID=316_15;partial=00;start_type=ATG;rbs_motif=AGGA;rbs_spacer=5-10bp;gc,26.0
JAEZRV010000041.1_62,G,K,G,G,G,K,S,D,K,D,C,D,C,ID=52_62;partial=00;start_type=ATG;rbs_motif=GGAGG;rbs_spacer=5-10bp;gc_cont=0.395,ID=52_62;partial=00;start_type=ATG;rbs_motif=GGAGG;rbs_spacer=5-10bp;gc,26.0
JAMCWL010000089.1_6,G,K,G,G,G,K,S,D,K,D,C,D,C,ID=18_6;partial=00;start_type=ATG;rbs_motif=GGxGG;rbs_spacer=5-10bp;gc_cont=0.584,ID=18_6;partial=00;start_type=ATG;rbs_motif=GGxGG;rbs_spacer=5-10bp;gc,26.0
JAJRUT010000135.1_11,G,K,G,G,G,K,S,D,K,D,C,D,C,ID=118_11;partial=00;start_type=ATG;rbs_motif=AGGAG;rbs_spacer=5-10bp;gc_cont=0.479,ID=118_11;partial=00;start_type=ATG;rbs_motif=AGGAG;rbs_spacer=5-10bp;gc,26.0
JAGXFL010000006.1_226,G,K,G,G,G,K,S,D,K,D,C,D,C,ID=10_226;partial=01;start_type=ATG;rbs_motif=GGA/GAG/AGG;rbs_spacer=5-10bp;gc_cont=0.439,ID=10_226;partial=01;start_type=ATG;rbs_motif=GGA/GAG/AGG;rbs_spacer=5-10bp;gc,26.0
JAILHV010000102.1_13,G,K,G,G,G,K,S,D,K,D,C,D,C,ID=59_13;partial=00;start_type=GTG;rbs_motif=GGAGG;rbs_spacer=5-10bp;gc_cont=0.491,ID=59_13;partial=00;start_type=GTG;rbs_motif=GGAGG;rbs_spacer=5-10bp;gc,26.0
CP092282.1_597,G,K,G,G,G,K,S,D,K,D,C,D,C,ID=1_597;partial=00;start_type=ATG;rbs_motif=AGGAG;rbs_spacer=5-10bp;gc_cont=0.458,ID=1_597;partial=00;start_type=ATG;rbs_motif=AGGAG;rbs_spacer=5-10bp;gc,26.0
OMQY01000199.1_9,G,K,G,G,G,K,S,D,K,D,C,D,C,ID=190_9;partial=00;start_type=ATG;rbs_motif=AGGA;rbs_spacer=5-10bp;gc_cont=0.518,ID=190_9;partial=00;start_type=ATG;rbs_motif=AGGA;rbs_spacer=5-10bp;gc,26.0
UEGQ01000002.1_63,G,K,G,G,G,K,S,D,K,D,C,D,C,ID=27_63;partial=00;start_type=ATG;rbs_motif=AGGA;rbs_spacer=5-10bp;gc_cont=0.617,ID=27_63;partial=00;start_type=ATG;rbs_motif=AGGA;rbs_spacer=5-10bp;gc,26.0
CACVCF010000223.1_142,G,K,G,G,G,K,S,D,K,D,C,D,C,ID=224_142;partial=00;start_type=ATG;rbs_motif=GGAG/GAGG;rbs_spacer=5-10bp;gc_cont=0.630,ID=224_142;partial=00;start_type=ATG;rbs_motif=GGAG/GAGG;rbs_spacer=5-10bp;gc,26.0
CACYCX010000095.1_3,G,K,G,G,G,K,S,D,K,D,C,D,C,ID=95_3;partial=00;start_type=ATG;rbs_motif=AGGA/GGAG/GAGG;rbs_spacer=11-12bp;gc_cont=0.437,ID=95_3;partial=00;start_type=ATG;rbs_motif=AGGA/GGAG/GAGG;rbs_spacer=11-12bp;gc,26.0
CACZPJ010000011.1_34,G,K,G,G,G,K,S,D,K,D,C,D,C,ID=11_34;partial=00;start_type=ATG;rbs_motif=AGGA;rbs_spacer=5-10bp;gc_cont=0.436,ID=11_34;partial=00;start_type=ATG;rbs_motif=AGGA;rbs_spacer=5-10bp;gc,26.0
CADBFE010000043.1_21,G,K,G,G,G,K,S,D,K,D,C,D,C,ID=43_21;partial=00;start_type=ATG;rbs_motif=AGGAG/GGAGG;rbs_spacer=11-12bp;gc_cont=0.450,ID=43_21;partial=00;start_type=ATG;rbs_motif=AGGAG/GGAGG;rbs_spacer=11-12bp;gc,26.0
CADCQA010000168.1_6,G,K,G,G,G,K,S,D,K,D,C,D,C,ID=168_6;partial=00;start_type=ATG;rbs_motif=AGGAG;rbs_spacer=5-10bp;gc_cont=0.544,ID=168_6;partial=00;start_type=ATG;rbs_motif=AGGAG;rbs_spacer=5-10bp;gc,26.0
CAINRC010000039.1_7,G,K,G,G,G,K,S,D,K,D,C,D,C,ID=39_7;partial=00;start_type=ATG;rbs_motif=AGGAG;rbs_spacer=5-10bp;gc_cont=0.536,ID=39_7;partial=00;start_type=ATG;rbs_motif=AGGAG;rbs_spacer=5-10bp;gc,26.0
CAIQOO010000185.1_2,G,K,G,G,G,K,S,D,K,D,C,D,C,ID=185_2;partial=00;start_type=ATG;rbs_motif=GGAG/GAGG;rbs_spacer=5-10bp;gc_cont=0.571,ID=185_2;partial=00;start_type=ATG;rbs_motif=GGAG/GAGG;rbs_spacer=5-10bp;gc,26.0
CAITNO010000037.1_65,G,K,G,G,G,K,S,D,K,D,C,D,C,ID=37_65;partial=00;start_type=ATG;rbs_motif=AGGAG;rbs_spacer=5-10bp;gc_cont=0.622,ID=37_65;partial=00;start_type=ATG;rbs_motif=AGGAG;rbs_spacer=5-10bp;gc,26.0
CAIVVZ010000222.1_4,G,K,G,G,G,K,S,D,K,D,C,D,C,ID=222_4;partial=00;start_type=ATG;rbs_motif=AGGAGG;rbs_spacer=5-10bp;gc_cont=0.522,ID=222_4;partial=00;start_type=ATG;rbs_motif=AGGAGG;rbs_spacer=5-10bp;gc,26.0
CAIYSZ010000031.1_17,G,K,G,G,G,K,S,D,K,D,C,D,C,ID=31_17;partial=00;start_type=ATG;rbs_motif=AGGAG;rbs_spacer=5-10bp;gc_cont=0.517,ID=31_17;partial=00;start_type=ATG;rbs_motif=AGGAG;rbs_spacer=5-10bp;gc,26.0
CAJAWH010000133.1_32,G,K,G,G,G,K,S,D,K,D,C,D,C,ID=133_32;partial=00;start_type=ATG;rbs_motif=AGGAG;rbs_spacer=5-10bp;gc_cont=0.485,ID=133_32;partial=00;start_type=ATG;rbs_motif=AGGAG;rbs_spacer=5-10bp;gc,26.0
CAJOQA010000364.1_5,G,K,G,G,G,K,S,D,K,D,C,D,C,ID=364_5;partial=01;start_type=ATG;rbs_motif=AGGAG;rbs_spacer=5-10bp;gc_cont=0.448,ID=364_5;partial=01;start_type=ATG;rbs_motif=AGGAG;rbs_spacer=5-10bp;gc,26.0
CAKKSE010000046.1_22,G,K,G,G,G,K,S,D,K,D,C,D,C,ID=46_22;partial=00;start_type=ATG;rbs_motif=AGGAGG;rbs_spacer=5-10bp;gc_cont=0.623,ID=46_22;partial=00;start_type=ATG;rbs_motif=AGGAGG;rbs_spacer=5-10bp;gc,26.0
NC_007626.1_1587,G,K,G,G,G,K,S,D,K,D,C,D,C,ID=1_1587;partial=00;start_type=ATG;rbs_motif=AGGA;rbs_spacer=5-10bp;gc_cont=0.644,ID=1_1587;partial=00;start_type=ATG;rbs_motif=AGGA;rbs_spacer=5-10bp;gc,26.0
NC_009523.1_1294,G,K,G,G,G,K,S,D,K,D,C,D,C,ID=1_1294;partial=00;start_type=ATG;rbs_motif=AGGAG;rbs_spacer=5-10bp;gc_cont=0.599,ID=1_1294;partial=00;start_type=ATG;rbs_motif=AGGAG;rbs_spacer=5-10bp;gc,26.0
NC_011729.1_2117,G,K,G,G,G,K,S,D,K,D,C,D,C,ID=1_2117;partial=00;start_type=ATG;rbs_motif=GGA/GAG/AGG;rbs_spacer=5-10bp;gc_cont=0.450,ID=1_2117;partial=00;start_type=ATG;rbs_motif=GGA/GAG/AGG;rbs_spacer=5-10bp;gc,26.0
NC_014410.1_1865,G,K,G,G,G,K,S,D,K,D,C,D,C,ID=1_1865;partial=00;start_type=ATG;rbs_motif=AGGAGG;rbs_spacer=5-10bp;gc_cont=0.393,ID=1_1865;partial=00;start_type=ATG;rbs_motif=AGGAGG;rbs_spacer=5-10bp;gc,26.0
NC_014844.1_1019,G,K,G,G,G,K,S,D,K,D,C,D,C,ID=1_1019;partial=00;start_type=ATG;rbs_motif=GGAGG;rbs_spacer=5-10bp;gc_cont=0.635,ID=1_1019;partial=00;start_type=ATG;rbs_motif=GGAGG;rbs_spacer=5-10bp;gc,26.0
NC_015578.1_1133,G,K,G,G,G,K,S,D,K,D,C,D,C,ID=1_1133;partial=00;start_type=ATG;rbs_motif=AGxAGG/AGGxGG;rbs_spacer=5-10bp;gc_cont=0.529,ID=1_1133;partial=00;start_type=ATG;rbs_motif=AGxAGG/AGGxGG;rbs_spacer=5-10bp;gc,26.0
NZ_CM001441.1_4629,G,K,G,G,G,K,S,D,K,D,C,D,C,ID=1_4629;partial=00;start_type=ATG;rbs_motif=AGGAG/GGAGG;rbs_spacer=11-12bp;gc_cont=0.459,ID=1_4629;partial=00;start_type=ATG;rbs_motif=AGGAG/GGAGG;rbs_spacer=11-12bp;gc,26.0
NC_017075.1_4174,G,K,G,G,G,K,S,D,K,D,C,D,C,ID=1_4174;partial=00;start_type=ATG;rbs_motif=GGAG/GAGG;rbs_spacer=5-10bp;gc_cont=0.654,ID=1_4174;partial=00;start_type=ATG;rbs_motif=GGAG/GAGG;rbs_spacer=5-10bp;gc,26.0
NC_020134.1_1859,G,K,G,G,G,K,S,D,K,D,C,D,C,ID=1_1859;partial=00;start_type=ATG;rbs_motif=GGAGG;rbs_spacer=5-10bp;gc_cont=0.516,ID=1_1859;partial=00;start_type=ATG;rbs_motif=GGAGG;rbs_spacer=5-10bp;gc,26.0
NZ_KB889963.1_942,G,K,G,G,G,K,S,D,K,D,C,D,C,ID=1_942;partial=00;start_type=ATG;rbs_motif=AGGAG;rbs_spacer=5-10bp;gc_cont=0.600,ID=1_942;partial=00;start_type=ATG;rbs_motif=AGGAG;rbs_spacer=5-10bp;gc,26.0
NC_021182.1_3330,G,K,G,G,G,K,S,D,K,D,C,D,C,ID=1_3330;partial=00;start_type=ATG;rbs_motif=AGGAGG;rbs_spacer=5-10bp;gc_cont=0.366,ID=1_3330;partial=00;start_type=ATG;rbs_motif=AGGAGG;rbs_spacer=5-10bp;gc,26.0
NZ_AUJU01000016.1_95,G,K,G,G,G,K,S,D,K,D,C,D,C,ID=15_95;partial=00;start_type=ATG;rbs_motif=AGGAG;rbs_spacer=5-10bp;gc_cont=0.448,ID=15_95;partial=00;start_type=ATG;rbs_motif=AGGAG;rbs_spacer=5-10bp;gc,26.0
NZ_AUBQ01000013.1_163,G,K,G,G,G,K,S,D,K,D,C,D,C,ID=8_163;partial=00;start_type=ATG;rbs_motif=GGAGG;rbs_spacer=5-10bp;gc_cont=0.627,ID=8_163;partial=00;start_type=ATG;rbs_motif=GGAGG;rbs_spacer=5-10bp;gc,26.0
NZ_AXAS01000037.1_25,G,K,G,G,G,K,S,D,K,D,C,D,C,ID=82_25;partial=00;start_type=ATG;rbs_motif=GGAG/GAGG;rbs_spacer=5-10bp;gc_cont=0.599,ID=82_25;partial=00;start_type=ATG;rbs_motif=GGAG/GAGG;rbs_spacer=5-10bp;gc,26.0
NZ_JADZ01000010.1_55,G,K,G,G,G,K,S,D,K,D,C,D,C,ID=6_55;partial=00;start_type=ATG;rbs_motif=GGAG/GAGG;rbs_spacer=5-10bp;gc_cont=0.630,ID=6_55;partial=00;start_type=ATG;rbs_motif=GGAG/GAGG;rbs_spacer=5-10bp;gc,26.0
NZ_DF820425.1_6181,G,K,G,G,G,K,S,D,K,D,C,D,C,ID=1_6181;partial=00;start_type=ATG;rbs_motif=GGAG/GAGG;rbs_spacer=5-10bp;gc_cont=0.628,ID=1_6181;partial=00;start_type=ATG;rbs_motif=GGAG/GAGG;rbs_spacer=5-10bp;gc,26.0
NZ_JNLE01000003.1_2663,G,K,G,G,G,K,S,D,K,D,C,D,C,ID=3_2663;partial=00;start_type=ATG;rbs_motif=AGGAGG;rbs_spacer=5-10bp;gc_cont=0.418,ID=3_2663;partial=00;start_type=ATG;rbs_motif=AGGAGG;rbs_spacer=5-10bp;gc,26.0
NZ_JRFE01000060.1_127,G,K,G,G,G,K,S,D,K,D,C,D,C,ID=60_127;partial=00;start_type=ATG;rbs_motif=None;rbs_spacer=None;gc_cont=0.451,ID=60_127;partial=00;start_type=ATG;rbs_motif=None;rbs_spacer=None;gc,26.0
NZ_CP010836.1_2890,G,K,G,G,G,K,S,D,K,D,C,D,C,ID=1_2890;partial=00;start_type=ATG;rbs_motif=AGGAG;rbs_spacer=5-10bp;gc_cont=0.626,ID=1_2890;partial=00;start_type=ATG;rbs_motif=AGGAG;rbs_spacer=5-10bp;gc,26.0
NZ_CGIH01000027.1_174,G,K,G,G,G,K,S,D,K,D,C,D,C,ID=27_174;partial=00;start_type=ATG;rbs_motif=AGGAGG;rbs_spacer=5-10bp;gc_cont=0.501,ID=27_174;partial=00;start_type=ATG;rbs_motif=AGGAGG;rbs_spacer=5-10bp;gc,26.0
NZ_BBCB01000009.1_28,G,K,G,G,G,K,S,D,K,D,C,D,C,ID=9_28;partial=00;start_type=ATG;rbs_motif=GGAGG;rbs_spacer=5-10bp;gc_cont=0.615,ID=9_28;partial=00;start_type=ATG;rbs_motif=GGAGG;rbs_spacer=5-10bp;gc,26.0
NZ_CP014206.1_1519,G,K,G,G,G,K,S,D,K,D,C,D,C,ID=1_1519;partial=00;start_type=ATG;rbs_motif=GGAGG;rbs_spacer=5-10bp;gc_cont=0.636,ID=1_1519;partial=00;start_type=ATG;rbs_motif=GGAGG;rbs_spacer=5-10bp;gc,26.0
NZ_LUUG01000063.1_31,G,K,G,G,G,K,S,D,K,D,C,D,C,ID=63_31;partial=00;start_type=ATG;rbs_motif=AGGAG;rbs_spacer=5-10bp;gc_cont=0.484,ID=63_31;partial=00;start_type=ATG;rbs_motif=AGGAG;rbs_spacer=5-10bp;gc,26.0
NZ_LWDV01000008.1_483,G,K,G,G,G,K,S,D,K,D,C,D,C,ID=8_483;partial=00;start_type=ATG;rbs_motif=AGGAGG;rbs_spacer=5-10bp;gc_cont=0.364,ID=8_483;partial=00;start_type=ATG;rbs_motif=AGGAGG;rbs_spacer=5-10bp;gc,26.0
NZ_MDDV01000014.1_82,G,K,G,G,G,K,S,D,K,D,C,D,C,ID=14_82;partial=00;start_type=ATG;rbs_motif=AGGA;rbs_spacer=5-10bp;gc_cont=0.594,ID=14_82;partial=00;start_type=ATG;rbs_motif=AGGA;rbs_spacer=5-10bp;gc,26.0
NZ_CP019698.1_1964,G,K,G,G,G,K,S,D,K,D,C,D,C,ID=1_1964;partial=00;start_type=ATG;rbs_motif=AGxAGG/AGGxGG;rbs_spacer=5-10bp;gc_cont=0.454,ID=1_1964;partial=00;start_type=ATG;rbs_motif=AGxAGG/AGGxGG;rbs_spacer=5-10bp;gc,26.0
NZ_CP021138.1_150,G,K,G,G,G,K,S,D,K,D,C,D,C,ID=1_150;partial=00;start_type=ATG;rbs_motif=AGGAG;rbs_spacer=5-10bp;gc_cont=0.531,ID=1_150;partial=00;start_type=ATG;rbs_motif=AGGAG;rbs_spacer=5-10bp;gc,26.0
NZ_CP023069.1_248,G,K,G,G,G,K,S,D,K,D,C,D,C,ID=2_248;partial=00;start_type=ATG;rbs_motif=AGGA;rbs_spacer=5-10bp;gc_cont=0.635,ID=2_248;partial=00;start_type=ATG;rbs_motif=AGGA;rbs_spacer=5-10bp;gc,26.0
NZ_NWSV01000051.1_5,G,K,G,G,G,K,S,D,K,D,C,D,C,ID=46_5;partial=00;start_type=ATG;rbs_motif=AGGA;rbs_spacer=5-10bp;gc_cont=0.598,ID=46_5;partial=00;start_type=ATG;rbs_motif=AGGA;rbs_spacer=5-10bp;gc,26.0
NZ_PNXY01000002.1_311,G,K,G,G,G,K,S,D,K,D,C,D,C,ID=92_311;partial=00;start_type=ATG;rbs_motif=GGAG/GAGG;rbs_spacer=5-10bp;gc_cont=0.596,ID=92_311;partial=00;start_type=ATG;rbs_motif=GGAG/GAGG;rbs_spacer=5-10bp;gc,26.0
NZ_PVNB01000007.1_65,G,K,G,G,G,K,S,D,K,D,C,D,C,ID=7_65;partial=00;start_type=GTG;rbs_motif=AGGAGG;rbs_spacer=5-10bp;gc_cont=0.368,ID=7_65;partial=00;start_type=GTG;rbs_motif=AGGAGG;rbs_spacer=5-10bp;gc,26.0
NZ_LGRA01000018.1_537,G,K,G,G,G,K,S,D,K,D,C,D,C,ID=3_537;partial=00;start_type=ATG;rbs_motif=AGGAG;rbs_spacer=5-10bp;gc_cont=0.641,ID=3_537;partial=00;start_type=ATG;rbs_motif=AGGAG;rbs_spacer=5-10bp;gc,26.0
NZ_QHHQ01000003.1_354,G,K,G,G,G,K,S,D,K,D,C,D,C,ID=23_354;partial=00;start_type=ATG;rbs_motif=AGGAG;rbs_spacer=5-10bp;gc_cont=0.636,ID=23_354;partial=00;start_type=ATG;rbs_motif=AGGAG;rbs_spacer=5-10bp;gc,26.0
NZ_QRCT01000034.1_294,G,K,G,G,G,K,S,D,K,D,C,D,C,ID=34_294;partial=00;start_type=ATG;rbs_motif=AGGAGG;rbs_spacer=5-10bp;gc_cont=0.366,ID=34_294;partial=00;start_type=ATG;rbs_motif=AGGAGG;rbs_spacer=5-10bp;gc,26.0
NZ_QWDD01000001.1_788,G,K,G,G,G,K,S,D,K,D,C,D,C,ID=1_788;partial=00;start_type=ATG;rbs_motif=AGGAG;rbs_spacer=5-10bp;gc_cont=0.605,ID=1_788;partial=00;start_type=ATG;rbs_motif=AGGAG;rbs_spacer=5-10bp;gc,26.0
NZ_RXYK01000004.1_50,G,K,G,G,G,K,S,D,K,D,C,D,C,ID=54_50;partial=00;start_type=ATG;rbs_motif=None;rbs_spacer=None;gc_cont=0.515,ID=54_50;partial=00;start_type=ATG;rbs_motif=None;rbs_spacer=None;gc,26.0
NZ_RDQF01000014.1_71,G,K,G,G,G,K,S,D,K,D,C,D,C,ID=46_71;partial=00;start_type=ATG;rbs_motif=GGAG/GAGG;rbs_spacer=5-10bp;gc_cont=0.574,ID=46_71;partial=00;start_type=ATG;rbs_motif=GGAG/GAGG;rbs_spacer=5-10bp;gc,26.0
NZ_SMGQ01000013.1_367,G,K,G,G,G,K,S,D,K,D,C,D,C,ID=3_367;partial=00;start_type=ATG;rbs_motif=AGGA;rbs_spacer=5-10bp;gc_cont=0.346,ID=3_367;partial=00;start_type=ATG;rbs_motif=AGGA;rbs_spacer=5-10bp;gc,26.0
NZ_SNWX01000002.1_25,G,K,G,G,G,K,S,D,K,D,C,D,C,ID=2_25;partial=00;start_type=ATG;rbs_motif=AGGAGG;rbs_spacer=5-10bp;gc_cont=0.425,ID=2_25;partial=00;start_type=ATG;rbs_motif=AGGAGG;rbs_spacer=5-10bp;gc,26.0
NZ_CP039634.1_1532,G,K,G,G,G,K,S,D,K,D,C,D,C,ID=1_1532;partial=00;start_type=ATG;rbs_motif=AGGAG;rbs_spacer=5-10bp;gc_cont=0.643,ID=1_1532;partial=00;start_type=ATG;rbs_motif=AGGAG;rbs_spacer=5-10bp;gc,26.0
NZ_VIDT01000045.1_14,G,K,G,G,G,K,S,D,K,D,C,D,C,ID=610_14;partial=00;start_type=ATG;rbs_motif=GGAG/GAGG;rbs_spacer=5-10bp;gc_cont=0.629,ID=610_14;partial=00;start_type=ATG;rbs_motif=GGAG/GAGG;rbs_spacer=5-10bp;gc,26.0
NZ_VITV01000008.1_289,G,K,G,G,G,K,S,D,K,D,C,D,C,ID=8_289;partial=00;start_type=ATG;rbs_motif=AGGAG;rbs_spacer=5-10bp;gc_cont=0.641,ID=8_289;partial=00;start_type=ATG;rbs_motif=AGGAG;rbs_spacer=5-10bp;gc,26.0
NZ_CP042466.1_3367,G,K,G,G,G,K,S,D,K,D,C,D,C,ID=1_3367;partial=00;start_type=ATG;rbs_motif=AGGAG;rbs_spacer=5-10bp;gc_cont=0.606,ID=1_3367;partial=00;start_type=ATG;rbs_motif=AGGAG;rbs_spacer=5-10bp;gc,26.0
NZ_WIDQ01000016.1_35,G,K,G,G,G,K,S,D,K,D,C,D,C,ID=8_35;partial=00;start_type=ATG;rbs_motif=AGGAG;rbs_spacer=5-10bp;gc_cont=0.626,ID=8_35;partial=00;start_type=ATG;rbs_motif=AGGAG;rbs_spacer=5-10bp;gc,26.0
NZ_WUTY02000001.1_4132,G,K,G,G,G,K,S,D,K,D,C,D,C,ID=1_4132;partial=00;start_type=ATG;rbs_motif=AGGAG;rbs_spacer=5-10bp;gc_cont=0.468,ID=1_4132;partial=00;start_type=ATG;rbs_motif=AGGAG;rbs_spacer=5-10bp;gc,26.0
NZ_WIAA01000004.1_187,G,K,G,G,G,K,S,D,K,D,C,D,C,ID=64_187;partial=00;start_type=ATG;rbs_motif=AGGAG;rbs_spacer=5-10bp;gc_cont=0.494,ID=64_187;partial=00;start_type=ATG;rbs_motif=AGGAG;rbs_spacer=5-10bp;gc,26.0
NZ_JAAXMM010000001.1_54,G,K,G,G,G,K,S,D,K,D,C,D,C,ID=47_54;partial=00;start_type=ATG;rbs_motif=AGGA;rbs_spacer=5-10bp;gc_cont=0.602,ID=47_54;partial=00;start_type=ATG;rbs_motif=AGGA;rbs_spacer=5-10bp;gc,26.0
NZ_CP033365.1_6520,G,K,G,G,G,K,S,D,K,D,C,D,C,ID=1_6520;partial=00;start_type=ATG;rbs_motif=AGGA;rbs_spacer=5-10bp;gc_cont=0.601,ID=1_6520;partial=00;start_type=ATG;rbs_motif=AGGA;rbs_spacer=5-10bp;gc,26.0
NZ_SZVI01000001.1_268,G,K,G,G,G,K,S,D,K,D,C,D,C,ID=10_268;partial=00;start_type=ATG;rbs_motif=GGAG/GAGG;rbs_spacer=5-10bp;gc_cont=0.593,ID=10_268;partial=00;start_type=ATG;rbs_motif=GGAG/GAGG;rbs_spacer=5-10bp;gc,26.0
NZ_JACHGO010000003.1_26,G,K,G,G,G,K,S,D,K,D,C,D,C,ID=3_26;partial=00;start_type=ATG;rbs_motif=GGAG/GAGG;rbs_spacer=5-10bp;gc_cont=0.574,ID=3_26;partial=00;start_type=ATG;rbs_motif=GGAG/GAGG;rbs_spacer=5-10bp;gc,26.0
NZ_BMLK01000002.1_173,G,K,G,G,G,K,S,D,K,D,C,D,C,ID=2_173;partial=00;start_type=ATG;rbs_motif=AGGAG;rbs_spacer=5-10bp;gc_cont=0.623,ID=2_173;partial=00;start_type=ATG;rbs_motif=AGGAG;rbs_spacer=5-10bp;gc,26.0
NZ_JHQR01000154.1_9,G,K,G,G,G,K,S,D,K,D,C,D,C,ID=127_9;partial=00;start_type=ATG;rbs_motif=AGGA;rbs_spacer=5-10bp;gc_cont=0.619,ID=127_9;partial=00;start_type=ATG;rbs_motif=AGGA;rbs_spacer=5-10bp;gc,26.0
NZ_WIQU01000042.1_25,G,K,G,G,G,K,S,D,K,D,C,D,C,ID=62_25;partial=00;start_type=ATG;rbs_motif=GGAGG;rbs_spacer=5-10bp;gc_cont=0.425,ID=62_25;partial=00;start_type=ATG;rbs_motif=GGAGG;rbs_spacer=5-10bp;gc,26.0
NZ_JAENXS010000001.1_3221,G,K,G,G,G,K,S,D,K,D,C,D,C,ID=1_3221;partial=00;start_type=ATG;rbs_motif=GGAG/GAGG;rbs_spacer=5-10bp;gc_cont=0.611,ID=1_3221;partial=00;start_type=ATG;rbs_motif=GGAG/GAGG;rbs_spacer=5-10bp;gc,26.0
NZ_AP024469.1_4005,G,K,G,G,G,K,S,D,K,D,C,D,C,ID=1_4005;partial=00;start_type=ATG;rbs_motif=AGGAG;rbs_spacer=5-10bp;gc_cont=0.597,ID=1_4005;partial=00;start_type=ATG;rbs_motif=AGGAG;rbs_spacer=5-10bp;gc,26.0
NZ_CP046640.1_700,G,K,G,G,G,K,S,D,K,D,C,D,C,ID=1_700;partial=00;start_type=ATG;rbs_motif=AGGAG;rbs_spacer=5-10bp;gc_cont=0.404,ID=1_700;partial=00;start_type=ATG;rbs_motif=AGGAG;rbs_spacer=5-10bp;gc,26.0
NZ_JAGSND010000004.1_42,G,K,G,G,G,K,S,D,K,D,C,D,C,ID=34_42;partial=00;start_type=ATG;rbs_motif=AGGAGG;rbs_spacer=5-10bp;gc_cont=0.465,ID=34_42;partial=00;start_type=ATG;rbs_motif=AGGAGG;rbs_spacer=5-10bp;gc,26.0
NZ_JAFFIW010000044.1_36,G,K,G,G,G,K,S,D,K,D,C,D,C,ID=116_36;partial=00;start_type=ATG;rbs_motif=AGGA;rbs_spacer=5-10bp;gc_cont=0.596,ID=116_36;partial=00;start_type=ATG;rbs_motif=AGGA;rbs_spacer=5-10bp;gc,26.0
NZ_JAEEGC010000053.1_19,G,K,G,G,G,K,S,D,K,D,C,D,C,ID=211_19;partial=00;start_type=ATG;rbs_motif=GGAGG;rbs_spacer=5-10bp;gc_cont=0.360,ID=211_19;partial=00;start_type=ATG;rbs_motif=GGAGG;rbs_spacer=5-10bp;gc,26.0
NZ_JAIUGV010000032.1_11,G,K,G,G,G,K,S,D,K,D,C,D,C,ID=26_11;partial=00;start_type=ATG;rbs_motif=AGGA;rbs_spacer=5-10bp;gc_cont=0.598,ID=26_11;partial=00;start_type=ATG;rbs_motif=AGGA;rbs_spacer=5-10bp;gc,26.0
NZ_AP024987.1_881,G,K,G,G,G,K,S,D,K,D,C,D,C,ID=1_881;partial=00;start_type=ATG;rbs_motif=AGGAG;rbs_spacer=5-10bp;gc_cont=0.406,ID=1_881;partial=00;start_type=ATG;rbs_motif=AGGAG;rbs_spacer=5-10bp;gc,26.0
NZ_JAEACT010000003.1_95,G,K,G,G,G,K,S,D,K,D,C,D,C,ID=3_95;partial=00;start_type=ATG;rbs_motif=AGGAGG;rbs_spacer=5-10bp;gc_cont=0.377,ID=3_95;partial=00;start_type=ATG;rbs_motif=AGGAGG;rbs_spacer=5-10bp;gc,26.0
NZ_CP092831.1_1047,G,K,G,G,G,K,S,D,K,D,C,D,C,ID=1_1047;partial=00;start_type=ATG;rbs_motif=GGAGG;rbs_spacer=5-10bp;gc_cont=0.519,ID=1_1047;partial=00;start_type=ATG;rbs_motif=GGAGG;rbs_spacer=5-10bp;gc,26.0
NZ_JADPKS010000116.1_28,G,K,G,G,G,K,S,D,K,D,C,D,C,ID=107_28;partial=00;start_type=ATG;rbs_motif=GGAG/GAGG;rbs_spacer=5-10bp;gc_cont=0.590,ID=107_28;partial=00;start_type=ATG;rbs_motif=GGAG/GAGG;rbs_spacer=5-10bp;gc,26.0
NZ_JAMXLY010000014.1_1,G,K,G,G,G,K,S,D,K,D,C,D,C,ID=22_1;partial=00;start_type=ATG;rbs_motif=TAA;rbs_spacer=11bp;gc_cont=0.456,ID=22_1;partial=00;start_type=ATG;rbs_motif=TAA;rbs_spacer=11bp;gc,26.0
NZ_JANINI010000006.1_113,G,K,G,G,G,K,S,D,K,D,C,D,C,ID=42_113;partial=00;start_type=ATG;rbs_motif=AGGAG;rbs_spacer=5-10bp;gc_cont=0.620,ID=42_113;partial=00;start_type=ATG;rbs_motif=AGGAG;rbs_spacer=5-10bp;gc,26.0
NZ_FMYQ01000010.1_34,G,K,G,G,G,K,S,D,K,D,C,D,C,ID=51_34;partial=00;start_type=ATG;rbs_motif=GGAG/GAGG;rbs_spacer=5-10bp;gc_cont=0.632,ID=51_34;partial=00;start_type=ATG;rbs_motif=GGAG/GAGG;rbs_spacer=5-10bp;gc,26.0
NZ_FOIP01000002.1_2010,G,K,G,G,G,K,S,D,K,D,C,D,C,ID=1_2010;partial=00;start_type=ATG;rbs_motif=GGAG/GAGG;rbs_spacer=5-10bp;gc_cont=0.496,ID=1_2010;partial=00;start_type=ATG;rbs_motif=GGAG/GAGG;rbs_spacer=5-10bp;gc,26.0
NZ_FOJJ01000001.1_369,G,K,G,G,G,K,S,D,K,D,C,D,C,ID=29_369;partial=00;start_type=ATG;rbs_motif=AGGA;rbs_spacer=5-10bp;gc_cont=0.606,ID=29_369;partial=00;start_type=ATG;rbs_motif=AGGA;rbs_spacer=5-10bp;gc,26.0
NZ_FPEJ01000001.1_754,G,K,G,G,G,K,S,D,K,D,C,D,C,ID=13_754;partial=00;start_type=ATG;rbs_motif=AGGAG;rbs_spacer=5-10bp;gc_cont=0.617,ID=13_754;partial=00;start_type=ATG;rbs_motif=AGGAG;rbs_spacer=5-10bp;gc,26.0
NZ_FSRS01000001.1_101,G,K,G,G,G,K,S,D,K,D,C,D,C,ID=2_101;partial=00;start_type=ATG;rbs_motif=AGGA;rbs_spacer=5-10bp;gc_cont=0.646,ID=2_101;partial=00;start_type=ATG;rbs_motif=AGGA;rbs_spacer=5-10bp;gc,26.0
NZ_LT859959.1_1539,G,K,G,G,G,K,S,D,K,D,C,D,C,ID=1_1539;partial=00;start_type=ATG;rbs_motif=GGAG/GAGG;rbs_spacer=5-10bp;gc_cont=0.640,ID=1_1539;partial=00;start_type=ATG;rbs_motif=GGAG/GAGG;rbs_spacer=5-10bp;gc,26.0
NZ_OAOQ01000003.1_188,G,K,G,G,G,K,S,D,K,D,C,D,C,ID=34_188;partial=00;start_type=ATG;rbs_motif=AGGA;rbs_spacer=5-10bp;gc_cont=0.618,ID=34_188;partial=00;start_type=ATG;rbs_motif=AGGA;rbs_spacer=5-10bp;gc,26.0
NZ_LR738849.1_1813,G,K,G,G,G,K,S,D,K,D,C,D,C,ID=1_1813;partial=00;start_type=ATG;rbs_motif=GGAG/GAGG;rbs_spacer=5-10bp;gc_cont=0.600,ID=1_1813;partial=00;start_type=ATG;rbs_motif=GGAG/GAGG;rbs_spacer=5-10bp;gc,26.0
DBMP01000017.1_46,G,K,G,G,G,K,S,D,K,D,C,D,C,ID=10_46;partial=00;start_type=ATG;rbs_motif=None;rbs_spacer=None;gc_cont=0.583,ID=10_46;partial=00;start_type=ATG;rbs_motif=None;rbs_spacer=None;gc,26.0
JAATGP010000008.1_10,G,K,G,G,G,K,S,D,K,D,C,D,C,ID=57_10;partial=00;start_type=ATG;rbs_motif=AGGAG;rbs_spacer=5-10bp;gc_cont=0.582,ID=57_10;partial=00;start_type=ATG;rbs_motif=AGGAG;rbs_spacer=5-10bp;gc,26.0
JAEVYT010000017.1_389,G,K,G,G,G,K,S,D,K,D,C,D,C,ID=8_389;partial=00;start_type=ATG;rbs_motif=AGGAGG;rbs_spacer=5-10bp;gc_cont=0.408,ID=8_389;partial=00;start_type=ATG;rbs_motif=AGGAGG;rbs_spacer=5-10bp;gc,26.0
JAEZCT010000019.1_12,G,K,G,G,G,K,S,D,K,D,C,D,C,ID=73_12;partial=00;start_type=ATG;rbs_motif=GGAGG;rbs_spacer=5-10bp;gc_cont=0.542,ID=73_12;partial=00;start_type=ATG;rbs_motif=GGAGG;rbs_spacer=5-10bp;gc,26.0
NC_015709.1_964,G,K,G,G,G,K,S,D,K,D,C,D,C,ID=1_964;partial=00;start_type=ATG;rbs_motif=GGAG/GAGG;rbs_spacer=5-10bp;gc_cont=0.448,ID=1_964;partial=00;start_type=ATG;rbs_motif=GGAG/GAGG;rbs_spacer=5-10bp;gc,26.0
NZ_ASSC01000067.1_6,G,K,G,G,G,K,S,D,K,D,C,D,C,ID=67_6;partial=00;start_type=ATG;rbs_motif=AGGAG;rbs_spacer=5-10bp;gc_cont=0.492,ID=67_6;partial=00;start_type=ATG;rbs_motif=AGGAG;rbs_spacer=5-10bp;gc,26.0
NZ_PITQ01000001.1_492,G,K,G,G,G,K,S,D,K,D,C,D,C,ID=11_492;partial=00;start_type=ATG;rbs_motif=GGAG/GAGG;rbs_spacer=5-10bp;gc_cont=0.475,ID=11_492;partial=00;start_type=ATG;rbs_motif=GGAG/GAGG;rbs_spacer=5-10bp;gc,26.0
NZ_RXYA01000003.1_83,G,K,G,G,G,K,S,D,K,D,C,D,C,ID=33_83;partial=00;start_type=ATG;rbs_motif=GGA/GAG/AGG;rbs_spacer=5-10bp;gc_cont=0.421,ID=33_83;partial=00;start_type=ATG;rbs_motif=GGA/GAG/AGG;rbs_spacer=5-10bp;gc,26.0
NZ_CP064782.1_247,G,K,G,G,G,K,S,D,K,D,C,D,C,ID=1_247;partial=00;start_type=ATG;rbs_motif=AGGAG;rbs_spacer=5-10bp;gc_cont=0.583,ID=1_247;partial=00;start_type=ATG;rbs_motif=AGGAG;rbs_spacer=5-10bp;gc,26.0
NZ_OBMT01000007.1_53,G,K,G,G,G,K,S,D,K,D,C,D,C,ID=16_53;partial=00;start_type=ATG;rbs_motif=GGAG/GAGG;rbs_spacer=5-10bp;gc_cont=0.610,ID=16_53;partial=00;start_type=ATG;rbs_motif=GGAG/GAGG;rbs_spacer=5-10bp;gc,26.0
JAGFXW010000087.1_7,G,K,G,G,G,K,S,D,K,D,C,D,C,ID=147_7;partial=00;start_type=ATG;rbs_motif=AGGAG;rbs_spacer=5-10bp;gc_cont=0.436,ID=147_7;partial=00;start_type=ATG;rbs_motif=AGGAG;rbs_spacer=5-10bp;gc,26.0
AP018180.1_799,G,K,G,G,G,K,S,D,K,D,C,D,C,ID=1_799;partial=00;start_type=ATG;rbs_motif=GGA/GAG/AGG;rbs_spacer=5-10bp;gc_cont=0.436,ID=1_799;partial=00;start_type=ATG;rbs_motif=GGA/GAG/AGG;rbs_spacer=5-10bp;gc,26.0
NZ_CP045302.1_671,G,K,G,G,G,K,S,D,K,D,C,D,C,ID=1_671;partial=00;start_type=ATG;rbs_motif=GGAGG;rbs_spacer=5-10bp;gc_cont=0.629,ID=1_671;partial=00;start_type=ATG;rbs_motif=GGAGG;rbs_spacer=5-10bp;gc,26.0
NZ_AZUK01000001.1_2820,G,K,G,G,G,K,S,D,K,D,C,D,C,ID=1_2820;partial=00;start_type=GTG;rbs_motif=GGAGG;rbs_spacer=5-10bp;gc_cont=0.481,ID=1_2820;partial=00;start_type=GTG;rbs_motif=GGAGG;rbs_spacer=5-10bp;gc,26.0
