,C70,C95,C153,S188,hit,contig,score
AP010656.1_641,C,C,C,S,ID=1_641;partial=00;start_type=ATG;rbs_motif=TAAA;rbs_spacer=13bp;gc_cont=0.383,ID=1_641;partial=00;start_type=ATG;rbs_motif=TAAA;rbs_spacer=13bp;gc,14.0
JNKP01000004.1_17,C,C,C,S,ID=3_17;partial=00;start_type=ATG;rbs_motif=GGAG/GAGG;rbs_spacer=5-10bp;gc_cont=0.444,ID=3_17;partial=00;start_type=ATG;rbs_motif=GGAG/GAGG;rbs_spacer=5-10bp;gc,14.0
LAEA01000099.1_20,C,C,C,S,ID=175_20;partial=00;start_type=ATG;rbs_motif=AGGAG;rbs_spacer=5-10bp;gc_cont=0.626,ID=175_20;partial=00;start_type=ATG;rbs_motif=AGGAG;rbs_spacer=5-10bp;gc,14.0
LVAK01000161.1_5,C,C,C,G,ID=242_5;partial=00;start_type=ATG;rbs_motif=GGA/GAG/AGG;rbs_spacer=5-10bp;gc_cont=0.437,ID=242_5;partial=00;start_type=ATG;rbs_motif=GGA/GAG/AGG;rbs_spacer=5-10bp;gc,13.0
MGTC01000080.1_10,C,C,C,S,ID=80_10;partial=00;start_type=ATG;rbs_motif=GGAG/GAGG;rbs_spacer=5-10bp;gc_cont=0.576,ID=80_10;partial=00;start_type=ATG;rbs_motif=GGAG/GAGG;rbs_spacer=5-10bp;gc,14.0
MIAO01000074.1_26,C,C,C,S,ID=74_26;partial=00;start_type=ATG;rbs_motif=GGAG/GAGG;rbs_spacer=5-10bp;gc_cont=0.457,ID=74_26;partial=00;start_type=ATG;rbs_motif=GGAG/GAGG;rbs_spacer=5-10bp;gc,14.0
MBQZ01000010.1_30,C,C,C,S,ID=10_30;partial=00;start_type=ATG;rbs_motif=AGGAG;rbs_spacer=5-10bp;gc_cont=0.437,ID=10_30;partial=00;start_type=ATG;rbs_motif=AGGAG;rbs_spacer=5-10bp;gc,14.0
DBTM01000036.1_115,C,C,C,S,ID=15_115;partial=00;start_type=ATG;rbs_motif=AGGAGG;rbs_spacer=5-10bp;gc_cont=0.525,ID=15_115;partial=00;start_type=ATG;rbs_motif=AGGAGG;rbs_spacer=5-10bp;gc,14.0
DDST01000096.1_1,C,C,C,S,ID=16_1;partial=10;start_type=ATG;rbs_motif=GGAG/GAGG;rbs_spacer=5-10bp;gc_cont=0.545,ID=16_1;partial=10;start_type=ATG;rbs_motif=GGAG/GAGG;rbs_spacer=5-10bp;gc,14.0
DFYP01000147.1_2,C,C,C,S,ID=75_2;partial=00;start_type=ATG;rbs_motif=GGAG/GAGG;rbs_spacer=5-10bp;gc_cont=0.661,ID=75_2;partial=00;start_type=ATG;rbs_motif=GGAG/GAGG;rbs_spacer=5-10bp;gc,14.0
DHQL01000018.1_130,C,C,C,S,ID=10_130;partial=00;start_type=ATG;rbs_motif=AGGAG;rbs_spacer=5-10bp;gc_cont=0.522,ID=10_130;partial=00;start_type=ATG;rbs_motif=AGGAG;rbs_spacer=5-10bp;gc,14.0
DIKR01000046.1_44,C,C,C,S,ID=81_44;partial=00;start_type=ATG;rbs_motif=AGGAG;rbs_spacer=5-10bp;gc_cont=0.556,ID=81_44;partial=00;start_type=ATG;rbs_motif=AGGAG;rbs_spacer=5-10bp;gc,14.0
DLMX01000056.1_9,C,C,C,-,ID=72_9;partial=01;start_type=ATG;rbs_motif=AGGA;rbs_spacer=5-10bp;gc_cont=0.549,ID=72_9;partial=01;start_type=ATG;rbs_motif=AGGA;rbs_spacer=5-10bp;gc,12.0
PEDL01000009.1_9,C,C,C,G,ID=65_9;partial=00;start_type=ATG;rbs_motif=AGGAGG;rbs_spacer=5-10bp;gc_cont=0.371,ID=65_9;partial=00;start_type=ATG;rbs_motif=AGGAGG;rbs_spacer=5-10bp;gc,13.0
PHAG01000007.1_79,C,C,C,S,ID=30_79;partial=00;start_type=ATG;rbs_motif=GGAG/GAGG;rbs_spacer=5-10bp;gc_cont=0.356,ID=30_79;partial=00;start_type=ATG;rbs_motif=GGAG/GAGG;rbs_spacer=5-10bp;gc,14.0
PKUE01000007.1_71,C,C,C,S,ID=19_71;partial=00;start_type=ATG;rbs_motif=GGAG/GAGG;rbs_spacer=5-10bp;gc_cont=0.507,ID=19_71;partial=00;start_type=ATG;rbs_motif=GGAG/GAGG;rbs_spacer=5-10bp;gc,14.0
PLHC01000066.1_106,C,C,C,A,ID=1_106;partial=00;start_type=ATG;rbs_motif=AGGAG;rbs_spacer=5-10bp;gc_cont=0.576,ID=1_106;partial=00;start_type=ATG;rbs_motif=AGGAG;rbs_spacer=5-10bp;gc,13.0
PMJN01000498.1_29,C,C,C,S,ID=296_29;partial=00;start_type=ATG;rbs_motif=GGA/GAG/AGG;rbs_spacer=11-12bp;gc_cont=0.672,ID=296_29;partial=00;start_type=ATG;rbs_motif=GGA/GAG/AGG;rbs_spacer=11-12bp;gc,14.0
QKCP01000121.1_37,C,C,C,S,ID=54_37;partial=00;start_type=ATG;rbs_motif=GGAGG;rbs_spacer=5-10bp;gc_cont=0.384,ID=54_37;partial=00;start_type=ATG;rbs_motif=GGAGG;rbs_spacer=5-10bp;gc,14.0
NIZU01000043.1_6,C,C,C,S,ID=43_6;partial=00;start_type=ATG;rbs_motif=GGAGG;rbs_spacer=5-10bp;gc_cont=0.521,ID=43_6;partial=00;start_type=ATG;rbs_motif=GGAGG;rbs_spacer=5-10bp;gc,14.0
PWGS01000305.1_9,C,C,C,S,ID=289_9;partial=00;start_type=GTG;rbs_motif=AGGAG;rbs_spacer=5-10bp;gc_cont=0.529,ID=289_9;partial=00;start_type=GTG;rbs_motif=AGGAG;rbs_spacer=5-10bp;gc,14.0
RPOO01000209.1_4,C,C,C,S,ID=223_4;partial=00;start_type=ATG;rbs_motif=AGGAG;rbs_spacer=5-10bp;gc_cont=0.600,ID=223_4;partial=00;start_type=ATG;rbs_motif=AGGAG;rbs_spacer=5-10bp;gc,14.0
RPGO01000033.1_50,C,C,C,S,ID=13_50;partial=00;start_type=ATG;rbs_motif=GGAGG;rbs_spacer=5-10bp;gc_cont=0.514,ID=13_50;partial=00;start_type=ATG;rbs_motif=GGAGG;rbs_spacer=5-10bp;gc,14.0
SMDE01000005.1_45,C,C,C,S,ID=5_45;partial=00;start_type=ATG;rbs_motif=GGAGG;rbs_spacer=5-10bp;gc_cont=0.560,ID=5_45;partial=00;start_type=ATG;rbs_motif=GGAGG;rbs_spacer=5-10bp;gc,14.0
VCNC01000006.1_72,C,C,C,S,ID=11_72;partial=00;start_type=ATG;rbs_motif=GGA/GAG/AGG;rbs_spacer=5-10bp;gc_cont=0.469,ID=11_72;partial=00;start_type=ATG;rbs_motif=GGA/GAG/AGG;rbs_spacer=5-10bp;gc,14.0
RECR01000099.1_12,C,C,C,S,ID=76_12;partial=00;start_type=ATG;rbs_motif=AGGAG;rbs_spacer=5-10bp;gc_cont=0.436,ID=76_12;partial=00;start_type=ATG;rbs_motif=AGGAG;rbs_spacer=5-10bp;gc,14.0
SBEG01000017.1_45,C,C,C,S,ID=45_45;partial=00;start_type=ATG;rbs_motif=AGGAG;rbs_spacer=5-10bp;gc_cont=0.564,ID=45_45;partial=00;start_type=ATG;rbs_motif=AGGAG;rbs_spacer=5-10bp;gc,14.0
JAAAOG010000158.1_8,C,C,C,S,ID=194_8;partial=00;start_type=ATG;rbs_motif=AGGAG;rbs_spacer=5-10bp;gc_cont=0.627,ID=194_8;partial=00;start_type=ATG;rbs_motif=AGGAG;rbs_spacer=5-10bp;gc,14.0
JAABSQ010000047.1_20,-,C,C,S,ID=47_20;partial=01;start_type=Edge;rbs_motif=None;rbs_spacer=None;gc_cont=0.609,ID=47_20;partial=01;start_type=Edge;rbs_motif=None;rbs_spacer=None;gc,10.0
JAAUSY010000007.1_41,C,C,C,S,ID=263_41;partial=00;start_type=ATG;rbs_motif=AGGAG;rbs_spacer=5-10bp;gc_cont=0.578,ID=263_41;partial=00;start_type=ATG;rbs_motif=AGGAG;rbs_spacer=5-10bp;gc,14.0
JAAYAE010000064.1_5,C,C,C,S,ID=395_5;partial=00;start_type=ATG;rbs_motif=GGAGG;rbs_spacer=5-10bp;gc_cont=0.381,ID=395_5;partial=00;start_type=ATG;rbs_motif=GGAGG;rbs_spacer=5-10bp;gc,14.0
JAADJE010000012.1_5,C,C,C,S,ID=10_5;partial=00;start_type=ATG;rbs_motif=AGGA;rbs_spacer=5-10bp;gc_cont=0.574,ID=10_5;partial=00;start_type=ATG;rbs_motif=AGGA;rbs_spacer=5-10bp;gc,14.0
DUJX01000116.1_2,C,C,C,S,ID=160_2;partial=00;start_type=ATG;rbs_motif=GGAG/GAGG;rbs_spacer=5-10bp;gc_cont=0.417,ID=160_2;partial=00;start_type=ATG;rbs_motif=GGAG/GAGG;rbs_spacer=5-10bp;gc,14.0
JAAXUM010000013.1_13,C,C,C,S,ID=40_13;partial=00;start_type=ATG;rbs_motif=None;rbs_spacer=None;gc_cont=0.504,ID=40_13;partial=00;start_type=ATG;rbs_motif=None;rbs_spacer=None;gc,14.0
JABXKU010000001.1_24,C,C,C,S,ID=1_24;partial=00;start_type=ATG;rbs_motif=AGGAG;rbs_spacer=5-10bp;gc_cont=0.560,ID=1_24;partial=00;start_type=ATG;rbs_motif=AGGAG;rbs_spacer=5-10bp;gc,14.0
JACNJZ010000081.1_8,C,C,C,S,ID=3_8;partial=00;start_type=ATG;rbs_motif=GGAG/GAGG;rbs_spacer=5-10bp;gc_cont=0.495,ID=3_8;partial=00;start_type=ATG;rbs_motif=GGAG/GAGG;rbs_spacer=5-10bp;gc,14.0
SVCA01000002.1_340,C,C,C,G,ID=7_340;partial=00;start_type=ATG;rbs_motif=AGGAGG;rbs_spacer=5-10bp;gc_cont=0.516,ID=7_340;partial=00;start_type=ATG;rbs_motif=AGGAGG;rbs_spacer=5-10bp;gc,13.0
JADFZP010000129.1_5,C,C,C,S,ID=71_5;partial=00;start_type=ATG;rbs_motif=AGGAG;rbs_spacer=5-10bp;gc_cont=0.646,ID=71_5;partial=00;start_type=ATG;rbs_motif=AGGAG;rbs_spacer=5-10bp;gc,14.0
WFVK01000283.1_1,C,C,C,S,ID=283_1;partial=10;start_type=ATG;rbs_motif=GGAGG;rbs_spacer=5-10bp;gc_cont=0.545,ID=283_1;partial=10;start_type=ATG;rbs_motif=GGAGG;rbs_spacer=5-10bp;gc,14.0
JACPFJ010000023.1_138,C,C,C,S,ID=36_138;partial=00;start_type=ATG;rbs_motif=AGGAG;rbs_spacer=5-10bp;gc_cont=0.601,ID=36_138;partial=00;start_type=ATG;rbs_motif=AGGAG;rbs_spacer=5-10bp;gc,14.0
JACRDE010000486.1_9,C,C,C,S,ID=363_9;partial=00;start_type=ATG;rbs_motif=AGGA;rbs_spacer=5-10bp;gc_cont=0.534,ID=363_9;partial=00;start_type=ATG;rbs_motif=AGGA;rbs_spacer=5-10bp;gc,14.0
JACRDI010000026.1_87,C,C,C,S,ID=19_87;partial=00;start_type=ATG;rbs_motif=GGAG/GAGG;rbs_spacer=5-10bp;gc_cont=0.648,ID=19_87;partial=00;start_type=ATG;rbs_motif=GGAG/GAGG;rbs_spacer=5-10bp;gc,14.0
JACRME010000015.1_30,C,C,C,S,ID=20_30;partial=00;start_type=ATG;rbs_motif=AGGAG;rbs_spacer=5-10bp;gc_cont=0.569,ID=20_30;partial=00;start_type=ATG;rbs_motif=AGGAG;rbs_spacer=5-10bp;gc,14.0
JAEETM010000053.1_12,C,C,C,G,ID=206_12;partial=00;start_type=ATG;rbs_motif=AGGAG;rbs_spacer=5-10bp;gc_cont=0.419,ID=206_12;partial=00;start_type=ATG;rbs_motif=AGGAG;rbs_spacer=5-10bp;gc,13.0
JADJTK010000052.1_192,C,C,C,S,ID=52_192;partial=00;start_type=ATG;rbs_motif=None;rbs_spacer=None;gc_cont=0.627,ID=52_192;partial=00;start_type=ATG;rbs_motif=None;rbs_spacer=None;gc,14.0
JAESUW010000044.1_11,C,C,C,S,ID=115_11;partial=00;start_type=ATG;rbs_motif=TAAA;rbs_spacer=13bp;gc_cont=0.400,ID=115_11;partial=00;start_type=ATG;rbs_motif=TAAA;rbs_spacer=13bp;gc,14.0
JAEPDS010000035.1_39,C,C,C,S,ID=35_39;partial=00;start_type=ATG;rbs_motif=AGGAG;rbs_spacer=5-10bp;gc_cont=0.491,ID=35_39;partial=00;start_type=ATG;rbs_motif=AGGAG;rbs_spacer=5-10bp;gc,14.0
JAFGRV010000395.1_18,C,C,C,S,ID=509_18;partial=00;start_type=ATG;rbs_motif=AGGAG;rbs_spacer=5-10bp;gc_cont=0.472,ID=509_18;partial=00;start_type=ATG;rbs_motif=AGGAG;rbs_spacer=5-10bp;gc,14.0
JABXKM010000033.1_50,C,C,C,S,ID=313_50;partial=00;start_type=ATG;rbs_motif=GGAG/GAGG;rbs_spacer=5-10bp;gc_cont=0.452,ID=313_50;partial=00;start_type=ATG;rbs_motif=GGAG/GAGG;rbs_spacer=5-10bp;gc,14.0
JAFRNH010000041.1_64,C,C,C,G,ID=29_64;partial=00;start_type=ATG;rbs_motif=AAA;rbs_spacer=3bp;gc_cont=0.453,ID=29_64;partial=00;start_type=ATG;rbs_motif=AAA;rbs_spacer=3bp;gc,13.0
JAFUYH010000018.1_87,C,C,C,G,ID=10_87;partial=00;start_type=ATG;rbs_motif=GGxGG;rbs_spacer=5-10bp;gc_cont=0.398,ID=10_87;partial=00;start_type=ATG;rbs_motif=GGxGG;rbs_spacer=5-10bp;gc,13.0
JAFXWC010000047.1_2,C,C,C,G,ID=77_2;partial=00;start_type=ATG;rbs_motif=GGA/GAG/AGG;rbs_spacer=5-10bp;gc_cont=0.430,ID=77_2;partial=00;start_type=ATG;rbs_motif=GGA/GAG/AGG;rbs_spacer=5-10bp;gc,13.0
JAGAPO010000107.1_11,C,C,C,G,ID=19_11;partial=00;start_type=ATG;rbs_motif=GGAGG;rbs_spacer=5-10bp;gc_cont=0.438,ID=19_11;partial=00;start_type=ATG;rbs_motif=GGAGG;rbs_spacer=5-10bp;gc,13.0
JAFNAV010000009.1_54,C,C,C,S,ID=29_54;partial=00;start_type=ATG;rbs_motif=TAA;rbs_spacer=11bp;gc_cont=0.487,ID=29_54;partial=00;start_type=ATG;rbs_motif=TAA;rbs_spacer=11bp;gc,14.0
JAGCXQ010000001.1_2,C,C,C,G,ID=45_2;partial=00;start_type=ATG;rbs_motif=GGAGG;rbs_spacer=5-10bp;gc_cont=0.500,ID=45_2;partial=00;start_type=ATG;rbs_motif=GGAGG;rbs_spacer=5-10bp;gc,13.0
JAFEDI010000046.1_3,C,C,C,S,ID=92_3;partial=00;start_type=ATG;rbs_motif=GGAG/GAGG;rbs_spacer=5-10bp;gc_cont=0.599,ID=92_3;partial=00;start_type=ATG;rbs_motif=GGAG/GAGG;rbs_spacer=5-10bp;gc,14.0
JAHITY010000070.1_37,C,C,C,S,ID=136_37;partial=00;start_type=ATG;rbs_motif=AGGAGG;rbs_spacer=3-4bp;gc_cont=0.430,ID=136_37;partial=00;start_type=ATG;rbs_motif=AGGAGG;rbs_spacer=3-4bp;gc,14.0
JAHZFJ010000023.1_14,C,C,C,S,ID=16_14;partial=00;start_type=ATG;rbs_motif=AGGAGG;rbs_spacer=5-10bp;gc_cont=0.369,ID=16_14;partial=00;start_type=ATG;rbs_motif=AGGAGG;rbs_spacer=5-10bp;gc,14.0
JAIHAL010000002.1_188,C,C,C,S,ID=12_188;partial=00;start_type=ATG;rbs_motif=GGAGG;rbs_spacer=5-10bp;gc_cont=0.427,ID=12_188;partial=00;start_type=ATG;rbs_motif=GGAGG;rbs_spacer=5-10bp;gc,14.0
JAGRMP010000179.1_16,C,C,C,A,ID=497_16;partial=00;start_type=ATG;rbs_motif=AGGA;rbs_spacer=5-10bp;gc_cont=0.630,ID=497_16;partial=00;start_type=ATG;rbs_motif=AGGA;rbs_spacer=5-10bp;gc,13.0
JAJHPN010000371.1_24,C,C,C,S,ID=453_24;partial=00;start_type=ATG;rbs_motif=GGA/GAG/AGG;rbs_spacer=11-12bp;gc_cont=0.526,ID=453_24;partial=00;start_type=ATG;rbs_motif=GGA/GAG/AGG;rbs_spacer=11-12bp;gc,14.0
JAJFUN010000087.1_5,C,C,C,S,ID=24_5;partial=00;start_type=ATG;rbs_motif=AGGAGG;rbs_spacer=5-10bp;gc_cont=0.438,ID=24_5;partial=00;start_type=ATG;rbs_motif=AGGAGG;rbs_spacer=5-10bp;gc,14.0
JAJYDE010000020.1_49,C,C,C,S,ID=83_49;partial=00;start_type=ATG;rbs_motif=AGGA;rbs_spacer=5-10bp;gc_cont=0.571,ID=83_49;partial=00;start_type=ATG;rbs_motif=AGGA;rbs_spacer=5-10bp;gc,14.0
JAJXVM010000245.1_2,C,C,C,S,ID=156_2;partial=00;start_type=ATG;rbs_motif=AGGAG;rbs_spacer=5-10bp;gc_cont=0.669,ID=156_2;partial=00;start_type=ATG;rbs_motif=AGGAG;rbs_spacer=5-10bp;gc,14.0
JAJYGJ010000146.1_7,C,C,C,S,ID=16_7;partial=00;start_type=ATG;rbs_motif=AGGAGG;rbs_spacer=5-10bp;gc_cont=0.602,ID=16_7;partial=00;start_type=ATG;rbs_motif=AGGAGG;rbs_spacer=5-10bp;gc,14.0
JAJZRS010000027.1_4,C,C,C,A,ID=12_4;partial=00;start_type=ATG;rbs_motif=AGGAG;rbs_spacer=5-10bp;gc_cont=0.574,ID=12_4;partial=00;start_type=ATG;rbs_motif=AGGAG;rbs_spacer=5-10bp;gc,13.0
JAKAMR010000044.1_7,C,C,C,S,ID=93_7;partial=00;start_type=ATG;rbs_motif=AGGAG;rbs_spacer=5-10bp;gc_cont=0.559,ID=93_7;partial=00;start_type=ATG;rbs_motif=AGGAG;rbs_spacer=5-10bp;gc,14.0
JAKACM010000134.1_11,C,C,C,S,ID=136_11;partial=00;start_type=ATG;rbs_motif=AGGAG/GGAGG;rbs_spacer=11-12bp;gc_cont=0.515,ID=136_11;partial=00;start_type=ATG;rbs_motif=AGGAG/GGAGG;rbs_spacer=11-12bp;gc,14.0
JAKBUS010000028.1_12,C,C,C,A,ID=50_12;partial=00;start_type=ATG;rbs_motif=GGAG/GAGG;rbs_spacer=5-10bp;gc_cont=0.615,ID=50_12;partial=00;start_type=ATG;rbs_motif=GGAG/GAGG;rbs_spacer=5-10bp;gc,13.0
JALCCK010000048.1_13,C,C,C,S,ID=48_13;partial=00;start_type=ATG;rbs_motif=AGGAG;rbs_spacer=5-10bp;gc_cont=0.471,ID=48_13;partial=00;start_type=ATG;rbs_motif=AGGAG;rbs_spacer=5-10bp;gc,14.0
JAGLRQ010000156.1_2,C,C,C,S,ID=64_2;partial=00;start_type=ATG;rbs_motif=AGGAGG;rbs_spacer=5-10bp;gc_cont=0.443,ID=64_2;partial=00;start_type=ATG;rbs_motif=AGGAGG;rbs_spacer=5-10bp;gc,14.0
JAHFRP010000001.1_254,C,C,C,S,ID=15_254;partial=00;start_type=ATG;rbs_motif=AGGAG;rbs_spacer=5-10bp;gc_cont=0.627,ID=15_254;partial=00;start_type=ATG;rbs_motif=AGGAG;rbs_spacer=5-10bp;gc,14.0
JAEWAB010000004.1_38,C,C,C,S,ID=9_38;partial=00;start_type=ATG;rbs_motif=AGGA;rbs_spacer=5-10bp;gc_cont=0.582,ID=9_38;partial=00;start_type=ATG;rbs_motif=AGGA;rbs_spacer=5-10bp;gc,14.0
JAEWUC010000003.1_39,C,C,C,S,ID=7_39;partial=00;start_type=ATG;rbs_motif=GGA/GAG/AGG;rbs_spacer=5-10bp;gc_cont=0.435,ID=7_39;partial=00;start_type=ATG;rbs_motif=GGA/GAG/AGG;rbs_spacer=5-10bp;gc,14.0
JAEYKW010000033.1_46,C,C,C,S,ID=28_46;partial=00;start_type=ATG;rbs_motif=GGAGG;rbs_spacer=5-10bp;gc_cont=0.577,ID=28_46;partial=00;start_type=ATG;rbs_motif=GGAGG;rbs_spacer=5-10bp;gc,14.0
JAEYNQ010000184.1_21,C,C,C,S,ID=160_21;partial=00;start_type=ATG;rbs_motif=AGGAGG;rbs_spacer=5-10bp;gc_cont=0.396,ID=160_21;partial=00;start_type=ATG;rbs_motif=AGGAGG;rbs_spacer=5-10bp;gc,14.0
JAEZHY010000164.1_12,C,C,C,S,ID=16_12;partial=00;start_type=ATG;rbs_motif=AGGA;rbs_spacer=5-10bp;gc_cont=0.575,ID=16_12;partial=00;start_type=ATG;rbs_motif=AGGA;rbs_spacer=5-10bp;gc,14.0
JAFABI010000011.1_113,C,C,C,S,ID=78_113;partial=00;start_type=ATG;rbs_motif=AGGAGG;rbs_spacer=5-10bp;gc_cont=0.529,ID=78_113;partial=00;start_type=ATG;rbs_motif=AGGAGG;rbs_spacer=5-10bp;gc,14.0
JAEZMC010000005.1_2,C,C,C,S,ID=370_2;partial=00;start_type=ATG;rbs_motif=AGGAGG;rbs_spacer=5-10bp;gc_cont=0.512,ID=370_2;partial=00;start_type=ATG;rbs_motif=AGGAGG;rbs_spacer=5-10bp;gc,14.0
JAEXOR010000055.1_95,C,C,C,S,ID=22_95;partial=00;start_type=ATG;rbs_motif=AGGAGG;rbs_spacer=11-12bp;gc_cont=0.576,ID=22_95;partial=00;start_type=ATG;rbs_motif=AGGAGG;rbs_spacer=11-12bp;gc,14.0
JAEXGM010000033.1_23,C,C,C,S,ID=219_23;partial=00;start_type=ATG;rbs_motif=GGAGG;rbs_spacer=5-10bp;gc_cont=0.447,ID=219_23;partial=00;start_type=ATG;rbs_motif=GGAGG;rbs_spacer=5-10bp;gc,14.0
JAILZL010000033.1_9,C,C,C,S,ID=9_9;partial=00;start_type=ATG;rbs_motif=GGA/GAG/AGG;rbs_spacer=5-10bp;gc_cont=0.635,ID=9_9;partial=00;start_type=ATG;rbs_motif=GGA/GAG/AGG;rbs_spacer=5-10bp;gc,14.0
JAJRQL010000136.1_8,C,C,C,S,ID=140_8;partial=00;start_type=ATG;rbs_motif=GGAG/GAGG;rbs_spacer=5-10bp;gc_cont=0.480,ID=140_8;partial=00;start_type=ATG;rbs_motif=GGAG/GAGG;rbs_spacer=5-10bp;gc,14.0
JAHEDA010000326.1_3,C,C,C,S,ID=45_3;partial=01;start_type=ATG;rbs_motif=AGGAG;rbs_spacer=5-10bp;gc_cont=0.514,ID=45_3;partial=01;start_type=ATG;rbs_motif=AGGAG;rbs_spacer=5-10bp;gc,14.0
JAILGE010000006.1_20,C,C,C,G,ID=20_20;partial=00;start_type=ATG;rbs_motif=GGA/GAG/AGG;rbs_spacer=5-10bp;gc_cont=0.448,ID=20_20;partial=00;start_type=ATG;rbs_motif=GGA/GAG/AGG;rbs_spacer=5-10bp;gc,13.0
JANWYD010000017.1_9,C,C,C,S,ID=88_9;partial=00;start_type=ATG;rbs_motif=AGGAGG;rbs_spacer=5-10bp;gc_cont=0.633,ID=88_9;partial=00;start_type=ATG;rbs_motif=AGGAGG;rbs_spacer=5-10bp;gc,14.0
OMVQ01000059.1_8,C,C,C,G,ID=89_8;partial=00;start_type=ATG;rbs_motif=AGGAGG;rbs_spacer=5-10bp;gc_cont=0.359,ID=89_8;partial=00;start_type=ATG;rbs_motif=AGGAGG;rbs_spacer=5-10bp;gc,13.0
LR026962.1_654,C,C,C,S,ID=1_654;partial=00;start_type=ATG;rbs_motif=TAAAAA;rbs_spacer=10bp;gc_cont=0.396,ID=1_654;partial=00;start_type=ATG;rbs_motif=TAAAAA;rbs_spacer=10bp;gc,14.0
CACWJQ010000026.1_2,C,C,C,G,ID=26_2;partial=00;start_type=ATG;rbs_motif=GGAGG;rbs_spacer=5-10bp;gc_cont=0.496,ID=26_2;partial=00;start_type=ATG;rbs_motif=GGAGG;rbs_spacer=5-10bp;gc,13.0
CACYDA010000156.1_7,C,C,C,G,ID=156_7;partial=00;start_type=ATG;rbs_motif=AGGAGG;rbs_spacer=5-10bp;gc_cont=0.392,ID=156_7;partial=00;start_type=ATG;rbs_motif=AGGAGG;rbs_spacer=5-10bp;gc,13.0
CACZPR010000118.1_81,C,C,C,G,ID=118_81;partial=00;start_type=ATG;rbs_motif=GGA/GAG/AGG;rbs_spacer=5-10bp;gc_cont=0.452,ID=118_81;partial=00;start_type=ATG;rbs_motif=GGA/GAG/AGG;rbs_spacer=5-10bp;gc,13.0
CADBLC010000050.1_3,C,C,C,G,ID=50_3;partial=00;start_type=ATG;rbs_motif=GGAG/GAGG;rbs_spacer=5-10bp;gc_cont=0.494,ID=50_3;partial=00;start_type=ATG;rbs_motif=GGAG/GAGG;rbs_spacer=5-10bp;gc,13.0
CADCQT010000131.1_3,C,C,C,G,ID=131_3;partial=00;start_type=ATG;rbs_motif=GGAG/GAGG;rbs_spacer=5-10bp;gc_cont=0.499,ID=131_3;partial=00;start_type=ATG;rbs_motif=GGAG/GAGG;rbs_spacer=5-10bp;gc,13.0
CAILCG010000025.1_20,C,C,C,S,ID=25_20;partial=00;start_type=ATG;rbs_motif=GGA/GAG/AGG;rbs_spacer=5-10bp;gc_cont=0.586,ID=25_20;partial=00;start_type=ATG;rbs_motif=GGA/GAG/AGG;rbs_spacer=5-10bp;gc,14.0
CAINOO010000270.1_4,C,C,C,S,ID=270_4;partial=00;start_type=ATG;rbs_motif=None;rbs_spacer=None;gc_cont=0.531,ID=270_4;partial=00;start_type=ATG;rbs_motif=None;rbs_spacer=None;gc,14.0
CAIQNQ010000260.1_10,C,C,C,S,ID=260_10;partial=00;start_type=ATG;rbs_motif=AGGAG;rbs_spacer=5-10bp;gc_cont=0.402,ID=260_10;partial=00;start_type=ATG;rbs_motif=AGGAG;rbs_spacer=5-10bp;gc,14.0
CAITDH010000372.1_2,C,C,C,S,ID=372_2;partial=00;start_type=ATG;rbs_motif=AGGA;rbs_spacer=5-10bp;gc_cont=0.572,ID=372_2;partial=00;start_type=ATG;rbs_motif=AGGA;rbs_spacer=5-10bp;gc,14.0
CAIVLG010000099.1_36,C,C,C,A,ID=99_36;partial=00;start_type=ATG;rbs_motif=GGAG/GAGG;rbs_spacer=5-10bp;gc_cont=0.577,ID=99_36;partial=00;start_type=ATG;rbs_motif=GGAG/GAGG;rbs_spacer=5-10bp;gc,13.0
CAIYOZ010000087.1_10,C,C,C,S,ID=87_10;partial=00;start_type=ATG;rbs_motif=TAAAA;rbs_spacer=3bp;gc_cont=0.438,ID=87_10;partial=00;start_type=ATG;rbs_motif=TAAAA;rbs_spacer=3bp;gc,14.0
CAJAQT010000063.1_3,C,C,C,S,ID=63_3;partial=00;start_type=ATG;rbs_motif=AGGAG;rbs_spacer=5-10bp;gc_cont=0.433,ID=63_3;partial=00;start_type=ATG;rbs_motif=AGGAG;rbs_spacer=5-10bp;gc,14.0
CAJOME010000036.1_11,C,C,C,S,ID=36_11;partial=00;start_type=ATG;rbs_motif=AGGAG;rbs_spacer=5-10bp;gc_cont=0.463,ID=36_11;partial=00;start_type=ATG;rbs_motif=AGGAG;rbs_spacer=5-10bp;gc,14.0
CAJXYU010000006.1_178,C,C,C,S,ID=6_178;partial=00;start_type=ATG;rbs_motif=AGGA;rbs_spacer=5-10bp;gc_cont=0.604,ID=6_178;partial=00;start_type=ATG;rbs_motif=AGGA;rbs_spacer=5-10bp;gc,14.0
NC_002932.3_1335,C,C,C,S,ID=1_1335;partial=00;start_type=ATG;rbs_motif=AGGAG;rbs_spacer=5-10bp;gc_cont=0.597,ID=1_1335;partial=00;start_type=ATG;rbs_motif=AGGAG;rbs_spacer=5-10bp;gc,14.0
NC_009485.1_5587,C,C,C,A,ID=1_5587;partial=00;start_type=ATG;rbs_motif=GGAG/GAGG;rbs_spacer=5-10bp;gc_cont=0.619,ID=1_5587;partial=00;start_type=ATG;rbs_motif=GGAG/GAGG;rbs_spacer=5-10bp;gc,13.0
NC_011060.1_1965,C,C,C,S,ID=1_1965;partial=00;start_type=ATG;rbs_motif=None;rbs_spacer=None;gc_cont=0.527,ID=1_1965;partial=00;start_type=ATG;rbs_motif=None;rbs_spacer=None;gc,14.0
NC_004041.2_194,C,C,C,A,ID=5_194;partial=00;start_type=ATG;rbs_motif=GGA/GAG/AGG;rbs_spacer=5-10bp;gc_cont=0.591,ID=5_194;partial=00;start_type=ATG;rbs_motif=GGA/GAG/AGG;rbs_spacer=5-10bp;gc,13.0
NZ_ACJN02000001.1_324,C,C,C,S,ID=5_324;partial=00;start_type=GTG;rbs_motif=AGGAG;rbs_spacer=5-10bp;gc_cont=0.534,ID=5_324;partial=00;start_type=GTG;rbs_motif=AGGAG;rbs_spacer=5-10bp;gc,14.0
NZ_GL876925.1_63,C,C,C,A,ID=1_63;partial=00;start_type=ATG;rbs_motif=GGAGG;rbs_spacer=5-10bp;gc_cont=0.602,ID=1_63;partial=00;start_type=ATG;rbs_motif=GGAGG;rbs_spacer=5-10bp;gc,13.0
NC_016627.1_1267,C,C,C,S,ID=1_1267;partial=00;start_type=ATG;rbs_motif=AGGAGG;rbs_spacer=5-10bp;gc_cont=0.430,ID=1_1267;partial=00;start_type=ATG;rbs_motif=AGGAGG;rbs_spacer=5-10bp;gc,14.0
NZ_JH719395.1_2316,C,C,C,A,ID=4_2316;partial=00;start_type=ATG;rbs_motif=AGGA;rbs_spacer=5-10bp;gc_cont=0.554,ID=4_2316;partial=00;start_type=ATG;rbs_motif=AGGA;rbs_spacer=5-10bp;gc,13.0
NZ_CAOS01000003.1_442,C,C,C,S,ID=14_442;partial=00;start_type=ATG;rbs_motif=AGGAGG;rbs_spacer=5-10bp;gc_cont=0.506,ID=14_442;partial=00;start_type=ATG;rbs_motif=AGGAGG;rbs_spacer=5-10bp;gc,14.0
NC_020516.1_4004,C,C,C,A,ID=1_4004;partial=00;start_type=ATG;rbs_motif=GGAG/GAGG;rbs_spacer=5-10bp;gc_cont=0.647,ID=1_4004;partial=00;start_type=ATG;rbs_motif=GGAG/GAGG;rbs_spacer=5-10bp;gc,13.0
NZ_KB902496.1_30,C,C,C,S,ID=135_30;partial=00;start_type=ATG;rbs_motif=AGGAG;rbs_spacer=5-10bp;gc_cont=0.589,ID=135_30;partial=00;start_type=ATG;rbs_motif=AGGAG;rbs_spacer=5-10bp;gc,14.0
NZ_ATHI01000027.1_69,C,C,C,S,ID=27_69;partial=00;start_type=ATG;rbs_motif=GGAG/GAGG;rbs_spacer=5-10bp;gc_cont=0.647,ID=27_69;partial=00;start_type=ATG;rbs_motif=GGAG/GAGG;rbs_spacer=5-10bp;gc,14.0
NZ_KE384689.1_10,C,C,C,S,ID=27_10;partial=00;start_type=TTG;rbs_motif=AGGA;rbs_spacer=5-10bp;gc_cont=0.427,ID=27_10;partial=00;start_type=TTG;rbs_motif=AGGA;rbs_spacer=5-10bp;gc,14.0
NZ_CBQR020000141.1_38,C,C,C,S,ID=141_38;partial=00;start_type=ATG;rbs_motif=AGGAG;rbs_spacer=5-10bp;gc_cont=0.587,ID=141_38;partial=00;start_type=ATG;rbs_motif=AGGAG;rbs_spacer=5-10bp;gc,14.0
NZ_AYVY01000043.1_19,C,C,C,A,ID=43_19;partial=00;start_type=ATG;rbs_motif=GGAG/GAGG;rbs_spacer=5-10bp;gc_cont=0.610,ID=43_19;partial=00;start_type=ATG;rbs_motif=GGAG/GAGG;rbs_spacer=5-10bp;gc,13.0
NZ_JAGE01000001.1_352,C,C,C,S,ID=1_352;partial=00;start_type=ATG;rbs_motif=AGGAGG;rbs_spacer=5-10bp;gc_cont=0.395,ID=1_352;partial=00;start_type=ATG;rbs_motif=AGGAGG;rbs_spacer=5-10bp;gc,14.0
NZ_JMIY01000001.1_755,C,C,C,S,ID=1_755;partial=00;start_type=ATG;rbs_motif=AGGAG;rbs_spacer=5-10bp;gc_cont=0.510,ID=1_755;partial=00;start_type=ATG;rbs_motif=AGGAG;rbs_spacer=5-10bp;gc,14.0
NZ_JPME01000012.1_41,C,C,C,G,ID=12_41;partial=00;start_type=ATG;rbs_motif=AGGAGG;rbs_spacer=5-10bp;gc_cont=0.465,ID=12_41;partial=00;start_type=ATG;rbs_motif=AGGAGG;rbs_spacer=5-10bp;gc,13.0
NZ_CP009268.1_1384,C,C,C,S,ID=1_1384;partial=00;start_type=ATG;rbs_motif=AGGAGG;rbs_spacer=5-10bp;gc_cont=0.348,ID=1_1384;partial=00;start_type=ATG;rbs_motif=AGGAGG;rbs_spacer=5-10bp;gc,14.0
NZ_CP009520.1_974,C,C,C,S,ID=1_974;partial=00;start_type=ATG;rbs_motif=GGAG/GAGG;rbs_spacer=5-10bp;gc_cont=0.484,ID=1_974;partial=00;start_type=ATG;rbs_motif=GGAG/GAGG;rbs_spacer=5-10bp;gc,14.0
NZ_LFLZ01000010.1_7,C,C,C,A,ID=10_7;partial=00;start_type=ATG;rbs_motif=AGGA;rbs_spacer=5-10bp;gc_cont=0.581,ID=10_7;partial=00;start_type=ATG;rbs_motif=AGGA;rbs_spacer=5-10bp;gc,13.0
NZ_LLYA01000183.1_21,C,C,C,A,ID=183_21;partial=00;start_type=ATG;rbs_motif=GGA/GAG/AGG;rbs_spacer=5-10bp;gc_cont=0.586,ID=183_21;partial=00;start_type=ATG;rbs_motif=GGA/GAG/AGG;rbs_spacer=5-10bp;gc,13.0
NZ_CP015080.1_102,C,C,C,S,ID=1_102;partial=00;start_type=ATG;rbs_motif=AGGAG;rbs_spacer=5-10bp;gc_cont=0.620,ID=1_102;partial=00;start_type=ATG;rbs_motif=AGGAG;rbs_spacer=5-10bp;gc,14.0
NZ_CP014007.2_2646,C,C,C,S,ID=1_2646;partial=00;start_type=ATG;rbs_motif=GGAGG;rbs_spacer=5-10bp;gc_cont=0.564,ID=1_2646;partial=00;start_type=ATG;rbs_motif=GGAGG;rbs_spacer=5-10bp;gc,14.0
NZ_CP015423.1_3583,C,C,C,S,ID=1_3583;partial=00;start_type=ATG;rbs_motif=GGAGG;rbs_spacer=5-10bp;gc_cont=0.543,ID=1_3583;partial=00;start_type=ATG;rbs_motif=GGAGG;rbs_spacer=5-10bp;gc,14.0
NZ_MRCD01000019.1_62,C,C,C,S,ID=100_62;partial=00;start_type=ATG;rbs_motif=GGA/GAG/AGG;rbs_spacer=5-10bp;gc_cont=0.450,ID=100_62;partial=00;start_type=ATG;rbs_motif=GGA/GAG/AGG;rbs_spacer=5-10bp;gc,14.0
NZ_MZGX01000024.1_46,C,C,C,S,ID=24_46;partial=00;start_type=ATG;rbs_motif=AGGAGG;rbs_spacer=5-10bp;gc_cont=0.475,ID=24_46;partial=00;start_type=ATG;rbs_motif=AGGAGG;rbs_spacer=5-10bp;gc,14.0
NZ_CP020028.1_3985,C,C,C,S,ID=1_3985;partial=00;start_type=ATG;rbs_motif=GGAGG;rbs_spacer=5-10bp;gc_cont=0.549,ID=1_3985;partial=00;start_type=ATG;rbs_motif=GGAGG;rbs_spacer=5-10bp;gc,14.0
NZ_AP018042.1_885,C,C,C,S,ID=1_885;partial=00;start_type=ATG;rbs_motif=TAA;rbs_spacer=14bp;gc_cont=0.398,ID=1_885;partial=00;start_type=ATG;rbs_motif=TAA;rbs_spacer=14bp;gc,14.0
NZ_LFJC01000003.1_4904,C,C,C,A,ID=1_4904;partial=00;start_type=ATG;rbs_motif=GGA/GAG/AGG;rbs_spacer=5-10bp;gc_cont=0.613,ID=1_4904;partial=00;start_type=ATG;rbs_motif=GGA/GAG/AGG;rbs_spacer=5-10bp;gc,13.0
NZ_PRDB01000002.1_558,C,C,C,S,ID=15_558;partial=00;start_type=ATG;rbs_motif=GGAGG;rbs_spacer=5-10bp;gc_cont=0.582,ID=15_558;partial=00;start_type=ATG;rbs_motif=GGAGG;rbs_spacer=5-10bp;gc,14.0
NZ_PZKN01000004.1_110,C,C,C,S,ID=201_110;partial=00;start_type=ATG;rbs_motif=GGAG/GAGG;rbs_spacer=5-10bp;gc_cont=0.618,ID=201_110;partial=00;start_type=ATG;rbs_motif=GGAG/GAGG;rbs_spacer=5-10bp;gc,14.0
NZ_QGMY01000002.1_554,C,C,C,S,ID=12_554;partial=00;start_type=ATG;rbs_motif=AGGAG;rbs_spacer=5-10bp;gc_cont=0.522,ID=12_554;partial=00;start_type=ATG;rbs_motif=AGGAG;rbs_spacer=5-10bp;gc,14.0
NZ_QNRK01000044.1_31,C,C,C,A,ID=44_31;partial=00;start_type=ATG;rbs_motif=GGAG/GAGG;rbs_spacer=5-10bp;gc_cont=0.652,ID=44_31;partial=00;start_type=ATG;rbs_motif=GGAG/GAGG;rbs_spacer=5-10bp;gc,13.0
NZ_QYUK01000011.1_341,C,C,C,A,ID=3_341;partial=00;start_type=ATG;rbs_motif=AGGA;rbs_spacer=5-10bp;gc_cont=0.634,ID=3_341;partial=00;start_type=ATG;rbs_motif=AGGA;rbs_spacer=5-10bp;gc,13.0
NZ_BDQK01000001.1_427,C,C,C,S,ID=1_427;partial=00;start_type=ATG;rbs_motif=GGAG/GAGG;rbs_spacer=5-10bp;gc_cont=0.436,ID=1_427;partial=00;start_type=ATG;rbs_motif=GGAG/GAGG;rbs_spacer=5-10bp;gc,14.0
NZ_RYFG02000121.1_102,C,C,C,S,ID=95_102;partial=00;start_type=ATG;rbs_motif=AGGAG;rbs_spacer=5-10bp;gc_cont=0.496,ID=95_102;partial=00;start_type=ATG;rbs_motif=AGGAG;rbs_spacer=5-10bp;gc,14.0
NZ_RHLN01000159.1_30,C,C,C,S,ID=159_30;partial=00;start_type=ATG;rbs_motif=TAAA;rbs_spacer=11bp;gc_cont=0.362,ID=159_30;partial=00;start_type=ATG;rbs_motif=TAAA;rbs_spacer=11bp;gc,14.0
NZ_SLXO01000005.1_137,C,C,C,A,ID=5_137;partial=00;start_type=ATG;rbs_motif=GGAG/GAGG;rbs_spacer=5-10bp;gc_cont=0.643,ID=5_137;partial=00;start_type=ATG;rbs_motif=GGAG/GAGG;rbs_spacer=5-10bp;gc,13.0
NZ_SPQT01000005.1_227,C,C,C,A,ID=79_227;partial=00;start_type=ATG;rbs_motif=AGGA;rbs_spacer=5-10bp;gc_cont=0.568,ID=79_227;partial=00;start_type=ATG;rbs_motif=AGGA;rbs_spacer=5-10bp;gc,13.0
NZ_CP039740.1_562,C,C,C,A,ID=1_562;partial=00;start_type=ATG;rbs_motif=GGAG/GAGG;rbs_spacer=5-10bp;gc_cont=0.606,ID=1_562;partial=00;start_type=ATG;rbs_motif=GGAG/GAGG;rbs_spacer=5-10bp;gc,13.0
NZ_VFOF01000001.1_1681,C,C,C,A,ID=1_1681;partial=00;start_type=ATG;rbs_motif=GGAG/GAGG;rbs_spacer=5-10bp;gc_cont=0.486,ID=1_1681;partial=00;start_type=ATG;rbs_motif=GGAG/GAGG;rbs_spacer=5-10bp;gc,13.0
NZ_VLLN01000017.1_42,C,C,C,S,ID=17_42;partial=00;start_type=ATG;rbs_motif=AGGAG;rbs_spacer=5-10bp;gc_cont=0.613,ID=17_42;partial=00;start_type=ATG;rbs_motif=AGGAG;rbs_spacer=5-10bp;gc,14.0
NZ_VWPL01000010.1_88,C,C,C,A,ID=1_88;partial=00;start_type=ATG;rbs_motif=AGGA;rbs_spacer=5-10bp;gc_cont=0.660,ID=1_88;partial=00;start_type=ATG;rbs_motif=AGGA;rbs_spacer=5-10bp;gc,13.0
NZ_AP021874.1_4882,C,C,C,S,ID=1_4882;partial=00;start_type=ATG;rbs_motif=GGAG/GAGG;rbs_spacer=5-10bp;gc_cont=0.625,ID=1_4882;partial=00;start_type=ATG;rbs_motif=GGAG/GAGG;rbs_spacer=5-10bp;gc,14.0
NZ_WXEY01000004.1_11,C,C,C,S,ID=34_11;partial=00;start_type=ATG;rbs_motif=AGGAGG;rbs_spacer=5-10bp;gc_cont=0.622,ID=34_11;partial=00;start_type=ATG;rbs_motif=AGGAGG;rbs_spacer=5-10bp;gc,14.0
NZ_QUMK01000012.1_41,C,C,C,A,ID=33_41;partial=00;start_type=ATG;rbs_motif=GGA/GAG/AGG;rbs_spacer=11-12bp;gc_cont=0.617,ID=33_41;partial=00;start_type=ATG;rbs_motif=GGA/GAG/AGG;rbs_spacer=11-12bp;gc,13.0
NZ_CP046565.1_772,C,C,C,A,ID=1_772;partial=00;start_type=ATG;rbs_motif=AGGAG;rbs_spacer=5-10bp;gc_cont=0.602,ID=1_772;partial=00;start_type=ATG;rbs_motif=AGGAG;rbs_spacer=5-10bp;gc,13.0
NZ_JAATVU010000009.1_138,C,C,C,A,ID=313_138;partial=00;start_type=ATG;rbs_motif=AGGA;rbs_spacer=5-10bp;gc_cont=0.639,ID=313_138;partial=00;start_type=ATG;rbs_motif=AGGA;rbs_spacer=5-10bp;gc,13.0
NZ_CP055930.1_4950,C,C,C,S,ID=1_4950;partial=00;start_type=ATG;rbs_motif=GGAGG;rbs_spacer=5-10bp;gc_cont=0.560,ID=1_4950;partial=00;start_type=ATG;rbs_motif=GGAGG;rbs_spacer=5-10bp;gc,14.0
NZ_JACHEF010000011.1_61,C,C,C,A,ID=11_61;partial=00;start_type=ATG;rbs_motif=GGAG/GAGG;rbs_spacer=5-10bp;gc_cont=0.604,ID=11_61;partial=00;start_type=ATG;rbs_motif=GGAG/GAGG;rbs_spacer=5-10bp;gc,13.0
NZ_JACJQG010000005.1_32,C,C,C,S,ID=91_32;partial=00;start_type=ATG;rbs_motif=None;rbs_spacer=None;gc_cont=0.454,ID=91_32;partial=00;start_type=ATG;rbs_motif=None;rbs_spacer=None;gc,14.0
NZ_JACXSS010000001.1_3851,C,C,C,S,ID=1_3851;partial=00;start_type=ATG;rbs_motif=AGGAG;rbs_spacer=5-10bp;gc_cont=0.467,ID=1_3851;partial=00;start_type=ATG;rbs_motif=AGGAG;rbs_spacer=5-10bp;gc,14.0
NZ_PEHF01000026.1_141,C,C,C,S,ID=125_141;partial=00;start_type=ATG;rbs_motif=GGAGG;rbs_spacer=5-10bp;gc_cont=0.528,ID=125_141;partial=00;start_type=ATG;rbs_motif=GGAGG;rbs_spacer=5-10bp;gc,14.0
NZ_CP067100.1_6425,C,C,C,A,ID=1_6425;partial=00;start_type=ATG;rbs_motif=AGGA;rbs_spacer=5-10bp;gc_cont=0.580,ID=1_6425;partial=00;start_type=ATG;rbs_motif=AGGA;rbs_spacer=5-10bp;gc,13.0
NZ_CP075169.1_2762,C,C,C,S,ID=1_2762;partial=00;start_type=ATG;rbs_motif=GGAGG;rbs_spacer=5-10bp;gc_cont=0.580,ID=1_2762;partial=00;start_type=ATG;rbs_motif=GGAGG;rbs_spacer=5-10bp;gc,14.0
NZ_CP046640.1_704,C,C,C,S,ID=1_704;partial=00;start_type=ATG;rbs_motif=GGAGG;rbs_spacer=5-10bp;gc_cont=0.424,ID=1_704;partial=00;start_type=ATG;rbs_motif=GGAGG;rbs_spacer=5-10bp;gc,14.0
NZ_JAGSND010000004.1_38,C,C,C,S,ID=34_38;partial=00;start_type=ATG;rbs_motif=AGGAGG;rbs_spacer=5-10bp;gc_cont=0.456,ID=34_38;partial=00;start_type=ATG;rbs_motif=AGGAGG;rbs_spacer=5-10bp;gc,14.0
NZ_JAFFIW010000044.1_38,C,C,C,A,ID=116_38;partial=00;start_type=ATG;rbs_motif=GGAG/GAGG;rbs_spacer=5-10bp;gc_cont=0.589,ID=116_38;partial=00;start_type=ATG;rbs_motif=GGAG/GAGG;rbs_spacer=5-10bp;gc,13.0
NZ_JAEEGC010000054.1_12,C,C,C,S,ID=212_12;partial=00;start_type=ATG;rbs_motif=GGAGG;rbs_spacer=5-10bp;gc_cont=0.353,ID=212_12;partial=00;start_type=ATG;rbs_motif=GGAGG;rbs_spacer=5-10bp;gc,14.0
NZ_JAIUGV010000032.1_13,C,C,C,A,ID=26_13;partial=00;start_type=ATG;rbs_motif=GGAG/GAGG;rbs_spacer=5-10bp;gc_cont=0.592,ID=26_13;partial=00;start_type=ATG;rbs_motif=GGAG/GAGG;rbs_spacer=5-10bp;gc,13.0
NZ_JAJHPU010000039.1_156,C,C,C,S,ID=33_156;partial=00;start_type=ATG;rbs_motif=AGGAG;rbs_spacer=5-10bp;gc_cont=0.611,ID=33_156;partial=00;start_type=ATG;rbs_motif=AGGAG;rbs_spacer=5-10bp;gc,14.0
NZ_JACBGE010000039.1_11,C,C,C,A,ID=32_11;partial=00;start_type=ATG;rbs_motif=AGGAG;rbs_spacer=5-10bp;gc_cont=0.633,ID=32_11;partial=00;start_type=ATG;rbs_motif=AGGAG;rbs_spacer=5-10bp;gc,13.0
NZ_JAETXJ010000003.1_376,C,C,C,S,ID=14_376;partial=00;start_type=ATG;rbs_motif=GGAG/GAGG;rbs_spacer=5-10bp;gc_cont=0.582,ID=14_376;partial=00;start_type=ATG;rbs_motif=GGAG/GAGG;rbs_spacer=5-10bp;gc,14.0
NZ_JADPKT010000091.1_163,C,C,C,A,ID=12_163;partial=00;start_type=ATG;rbs_motif=GGA/GAG/AGG;rbs_spacer=5-10bp;gc_cont=0.567,ID=12_163;partial=00;start_type=ATG;rbs_motif=GGA/GAG/AGG;rbs_spacer=5-10bp;gc,13.0
NZ_CP098611.1_3399,C,C,C,S,ID=1_3399;partial=00;start_type=ATG;rbs_motif=None;rbs_spacer=None;gc_cont=0.523,ID=1_3399;partial=00;start_type=ATG;rbs_motif=None;rbs_spacer=None;gc,14.0
NZ_JANIBJ010000001.1_140,C,C,C,S,ID=1_140;partial=00;start_type=ATG;rbs_motif=AGGAG;rbs_spacer=5-10bp;gc_cont=0.506,ID=1_140;partial=00;start_type=ATG;rbs_motif=AGGAG;rbs_spacer=5-10bp;gc,14.0
NZ_FMAY01000009.1_168,C,C,C,S,ID=26_168;partial=00;start_type=ATG;rbs_motif=GGAGG;rbs_spacer=5-10bp;gc_cont=0.552,ID=26_168;partial=00;start_type=ATG;rbs_motif=GGAGG;rbs_spacer=5-10bp;gc,14.0
NZ_LT629751.1_2344,C,C,C,S,ID=1_2344;partial=00;start_type=ATG;rbs_motif=AGGAG;rbs_spacer=5-10bp;gc_cont=0.618,ID=1_2344;partial=00;start_type=ATG;rbs_motif=AGGAG;rbs_spacer=5-10bp;gc,14.0
NZ_FOGZ01000032.1_7,C,C,C,S,ID=12_7;partial=00;start_type=ATG;rbs_motif=AGGAG;rbs_spacer=5-10bp;gc_cont=0.645,ID=12_7;partial=00;start_type=ATG;rbs_motif=AGGAG;rbs_spacer=5-10bp;gc,14.0
NZ_FPCD01000004.1_207,C,C,C,G,ID=15_207;partial=00;start_type=ATG;rbs_motif=GGAGG;rbs_spacer=5-10bp;gc_cont=0.427,ID=15_207;partial=00;start_type=ATG;rbs_motif=GGAGG;rbs_spacer=5-10bp;gc,13.0
NZ_FRBC01000015.1_45,C,C,C,G,ID=49_45;partial=00;start_type=ATG;rbs_motif=AGGAGG;rbs_spacer=5-10bp;gc_cont=0.539,ID=49_45;partial=00;start_type=ATG;rbs_motif=AGGAGG;rbs_spacer=5-10bp;gc,13.0
NZ_FWER01000106.1_7,C,C,C,A,ID=195_7;partial=00;start_type=ATG;rbs_motif=GGAG/GAGG;rbs_spacer=5-10bp;gc_cont=0.558,ID=195_7;partial=00;start_type=ATG;rbs_motif=GGAG/GAGG;rbs_spacer=5-10bp;gc,13.0
NZ_FZTC01000021.1_32,C,C,C,S,ID=14_32;partial=00;start_type=ATG;rbs_motif=GGAGG;rbs_spacer=5-10bp;gc_cont=0.586,ID=14_32;partial=00;start_type=ATG;rbs_motif=GGAGG;rbs_spacer=5-10bp;gc,14.0
NZ_CABFVA020000117.1_5,C,C,C,S,ID=117_5;partial=00;start_type=ATG;rbs_motif=GGA/GAG/AGG;rbs_spacer=5-10bp;gc_cont=0.592,ID=117_5;partial=00;start_type=ATG;rbs_motif=GGA/GAG/AGG;rbs_spacer=5-10bp;gc,14.0
LBCX01000005.1_31,C,C,C,S,ID=415_31;partial=00;start_type=ATG;rbs_motif=TAAA;rbs_spacer=11bp;gc_cont=0.510,ID=415_31;partial=00;start_type=ATG;rbs_motif=TAAA;rbs_spacer=11bp;gc,14.0
JAAXUM010000012.1_4,C,C,C,S,ID=38_4;partial=00;start_type=ATG;rbs_motif=None;rbs_spacer=None;gc_cont=0.478,ID=38_4;partial=00;start_type=ATG;rbs_motif=None;rbs_spacer=None;gc,14.0
JAEWAK010000045.1_42,C,C,C,S,ID=21_42;partial=00;start_type=ATG;rbs_motif=GGAGG;rbs_spacer=5-10bp;gc_cont=0.467,ID=21_42;partial=00;start_type=ATG;rbs_motif=GGAGG;rbs_spacer=5-10bp;gc,14.0
JAFABI010000007.1_22,C,C,C,S,ID=111_22;partial=00;start_type=ATG;rbs_motif=AGGAG;rbs_spacer=5-10bp;gc_cont=0.482,ID=111_22;partial=00;start_type=ATG;rbs_motif=AGGAG;rbs_spacer=5-10bp;gc,14.0
NZ_ABEA03000203.1_50,C,C,C,S,ID=23_50;partial=00;start_type=ATG;rbs_motif=None;rbs_spacer=None;gc_cont=0.593,ID=23_50;partial=00;start_type=ATG;rbs_motif=None;rbs_spacer=None;gc,14.0
NZ_AQPH01000081.1_12,C,C,C,S,ID=81_12;partial=00;start_type=ATG;rbs_motif=AGGA;rbs_spacer=5-10bp;gc_cont=0.605,ID=81_12;partial=00;start_type=ATG;rbs_motif=AGGA;rbs_spacer=5-10bp;gc,14.0
NZ_LMVP01000090.1_21,C,C,C,S,ID=90_21;partial=00;start_type=ATG;rbs_motif=GGAG/GAGG;rbs_spacer=5-10bp;gc_cont=0.441,ID=90_21;partial=00;start_type=ATG;rbs_motif=GGAG/GAGG;rbs_spacer=5-10bp;gc,14.0
NZ_CP036259.1_1130,C,C,C,S,ID=1_1130;partial=00;start_type=ATG;rbs_motif=AGGAG;rbs_spacer=5-10bp;gc_cont=0.511,ID=1_1130;partial=00;start_type=ATG;rbs_motif=AGGAG;rbs_spacer=5-10bp;gc,14.0
NZ_JAAVUT010000006.1_100,C,C,C,S,ID=55_100;partial=00;start_type=ATG;rbs_motif=GGAG/GAGG;rbs_spacer=5-10bp;gc_cont=0.539,ID=55_100;partial=00;start_type=ATG;rbs_motif=GGAG/GAGG;rbs_spacer=5-10bp;gc,14.0
NZ_FRDN01000007.1_286,C,C,C,S,ID=16_286;partial=00;start_type=ATG;rbs_motif=AGGAGG;rbs_spacer=5-10bp;gc_cont=0.518,ID=16_286;partial=00;start_type=ATG;rbs_motif=AGGAGG;rbs_spacer=5-10bp;gc,14.0
JAATGG010000122.1_21,C,C,C,S,ID=170_21;partial=00;start_type=ATG;rbs_motif=AGGAG;rbs_spacer=5-10bp;gc_cont=0.533,ID=170_21;partial=00;start_type=ATG;rbs_motif=AGGAG;rbs_spacer=5-10bp;gc,14.0
NZ_JACIGE010000001.1_51,C,C,C,S,ID=1_51;partial=00;start_type=ATG;rbs_motif=AGGA;rbs_spacer=5-10bp;gc_cont=0.606,ID=1_51;partial=00;start_type=ATG;rbs_motif=AGGA;rbs_spacer=5-10bp;gc,14.0
NZ_CP009288.1_2264,C,C,C,S,ID=1_2264;partial=00;start_type=ATG;rbs_motif=GGAG/GAGG;rbs_spacer=5-10bp;gc_cont=0.515,ID=1_2264;partial=00;start_type=ATG;rbs_motif=GGAG/GAGG;rbs_spacer=5-10bp;gc,14.0
JAHHGV010000017.1_2,C,C,C,S,ID=78_2;partial=00;start_type=ATG;rbs_motif=AGGAG;rbs_spacer=5-10bp;gc_cont=0.449,ID=78_2;partial=00;start_type=ATG;rbs_motif=AGGAG;rbs_spacer=5-10bp;gc,14.0
reference,C,C,C,S,nifK,,14.0
CP000781.1_92,C,C,C,A,ID=1_92;partial=00;start_type=ATG;rbs_motif=GGA/GAG/AGG;rbs_spacer=5-10bp;gc_cont=0.622,ID=1_92;partial=00;start_type=ATG;rbs_motif=GGA/GAG/AGG;rbs_spacer=5-10bp;gc,13.0
JNKY01000010.1_125,C,C,C,G,ID=9_125;partial=00;start_type=ATG;rbs_motif=GGAG/GAGG;rbs_spacer=5-10bp;gc_cont=0.455,ID=9_125;partial=00;start_type=ATG;rbs_motif=GGAG/GAGG;rbs_spacer=5-10bp;gc,13.0
CCRI01000031.1_19,C,C,C,A,ID=31_19;partial=00;start_type=ATG;rbs_motif=GGA/GAG/AGG;rbs_spacer=5-10bp;gc_cont=0.527,ID=31_19;partial=00;start_type=ATG;rbs_motif=GGA/GAG/AGG;rbs_spacer=5-10bp;gc,13.0
LVAT01000020.1_23,C,C,C,G,ID=20_23;partial=00;start_type=ATG;rbs_motif=GGAGG;rbs_spacer=5-10bp;gc_cont=0.460,ID=20_23;partial=00;start_type=ATG;rbs_motif=GGAGG;rbs_spacer=5-10bp;gc,13.0
MGTD01000048.1_42,C,C,C,S,ID=48_42;partial=00;start_type=ATG;rbs_motif=GGAG/GAGG;rbs_spacer=5-10bp;gc_cont=0.562,ID=48_42;partial=00;start_type=ATG;rbs_motif=GGAG/GAGG;rbs_spacer=5-10bp;gc,14.0
MIAY01000010.1_71,C,C,C,S,ID=10_71;partial=00;start_type=ATG;rbs_motif=AGGAG;rbs_spacer=5-10bp;gc_cont=0.378,ID=10_71;partial=00;start_type=ATG;rbs_motif=AGGAG;rbs_spacer=5-10bp;gc,14.0
NETF01000165.1_39,C,C,C,S,ID=165_39;partial=00;start_type=ATG;rbs_motif=GGAG/GAGG;rbs_spacer=5-10bp;gc_cont=0.428,ID=165_39;partial=00;start_type=ATG;rbs_motif=GGAG/GAGG;rbs_spacer=5-10bp;gc,14.0
DBTR01000062.1_2,C,C,C,S,ID=18_2;partial=00;start_type=ATG;rbs_motif=AGGAG;rbs_spacer=5-10bp;gc_cont=0.620,ID=18_2;partial=00;start_type=ATG;rbs_motif=AGGAG;rbs_spacer=5-10bp;gc,14.0
DDRS01000008.1_83,C,C,C,S,ID=25_83;partial=00;start_type=ATG;rbs_motif=AGGAG;rbs_spacer=5-10bp;gc_cont=0.605,ID=25_83;partial=00;start_type=ATG;rbs_motif=AGGAG;rbs_spacer=5-10bp;gc,14.0
DFZT01000067.1_3,C,C,C,G,ID=28_3;partial=00;start_type=ATG;rbs_motif=AGGA/GGAG/GAGG;rbs_spacer=11-12bp;gc_cont=0.455,ID=28_3;partial=00;start_type=ATG;rbs_motif=AGGA/GGAG/GAGG;rbs_spacer=11-12bp;gc,13.0
DHRK01000019.1_72,C,C,C,S,ID=16_72;partial=00;start_type=ATG;rbs_motif=AGGAGG;rbs_spacer=5-10bp;gc_cont=0.534,ID=16_72;partial=00;start_type=ATG;rbs_motif=AGGAGG;rbs_spacer=5-10bp;gc,14.0
DIKT01000095.1_25,C,C,C,S,ID=29_25;partial=00;start_type=ATG;rbs_motif=GGAG/GAGG;rbs_spacer=5-10bp;gc_cont=0.536,ID=29_25;partial=00;start_type=ATG;rbs_motif=GGAG/GAGG;rbs_spacer=5-10bp;gc,14.0
DLCK01000088.1_19,C,C,C,S,ID=20_19;partial=00;start_type=ATG;rbs_motif=AGGA;rbs_spacer=5-10bp;gc_cont=0.544,ID=20_19;partial=00;start_type=ATG;rbs_motif=AGGA;rbs_spacer=5-10bp;gc,14.0
PDZU01000024.1_36,C,C,C,S,ID=12_36;partial=00;start_type=ATG;rbs_motif=AGGAG;rbs_spacer=5-10bp;gc_cont=0.553,ID=12_36;partial=00;start_type=ATG;rbs_motif=AGGAG;rbs_spacer=5-10bp;gc,14.0
PHAV01000014.1_63,C,C,C,S,ID=3_63;partial=00;start_type=ATG;rbs_motif=AGGAG;rbs_spacer=5-10bp;gc_cont=0.595,ID=3_63;partial=00;start_type=ATG;rbs_motif=AGGAG;rbs_spacer=5-10bp;gc,14.0
PKUD01000114.1_3,C,C,C,S,ID=199_3;partial=00;start_type=ATG;rbs_motif=AGGAG;rbs_spacer=5-10bp;gc_cont=0.592,ID=199_3;partial=00;start_type=ATG;rbs_motif=AGGAG;rbs_spacer=5-10bp;gc,14.0
PLHP01000198.1_4,C,C,C,S,ID=84_4;partial=00;start_type=ATG;rbs_motif=AGxAGG/AGGxGG;rbs_spacer=5-10bp;gc_cont=0.577,ID=84_4;partial=00;start_type=ATG;rbs_motif=AGxAGG/AGGxGG;rbs_spacer=5-10bp;gc,14.0
PMKM01000029.1_3,C,C,C,S,ID=195_3;partial=00;start_type=ATG;rbs_motif=AGGAG;rbs_spacer=5-10bp;gc_cont=0.597,ID=195_3;partial=00;start_type=ATG;rbs_motif=AGGAG;rbs_spacer=5-10bp;gc,14.0
PLUC01000259.1_32,C,C,C,S,ID=104_32;partial=00;start_type=ATG;rbs_motif=GGAG/GAGG;rbs_spacer=5-10bp;gc_cont=0.671,ID=104_32;partial=00;start_type=ATG;rbs_motif=GGAG/GAGG;rbs_spacer=5-10bp;gc,14.0
QKCL01000069.1_18,C,C,C,S,ID=31_18;partial=00;start_type=ATG;rbs_motif=GGAGG;rbs_spacer=5-10bp;gc_cont=0.400,ID=31_18;partial=00;start_type=ATG;rbs_motif=GGAGG;rbs_spacer=5-10bp;gc,14.0
LXQE01000125.1_219,C,C,C,S,ID=125_219;partial=00;start_type=ATG;rbs_motif=GGAG/GAGG;rbs_spacer=5-10bp;gc_cont=0.459,ID=125_219;partial=00;start_type=ATG;rbs_motif=GGAG/GAGG;rbs_spacer=5-10bp;gc,14.0
RPRC01000133.1_3,C,C,C,S,ID=389_3;partial=00;start_type=ATG;rbs_motif=AGGAG;rbs_spacer=5-10bp;gc_cont=0.533,ID=389_3;partial=00;start_type=ATG;rbs_motif=AGGAG;rbs_spacer=5-10bp;gc,14.0
RPGQ01000013.1_54,C,C,C,S,ID=31_54;partial=00;start_type=ATG;rbs_motif=GGAG/GAGG;rbs_spacer=5-10bp;gc_cont=0.458,ID=31_54;partial=00;start_type=ATG;rbs_motif=GGAG/GAGG;rbs_spacer=5-10bp;gc,14.0
SLTJ01000006.1_19,C,C,C,S,ID=21_19;partial=00;start_type=GTG;rbs_motif=GGAGG;rbs_spacer=5-10bp;gc_cont=0.631,ID=21_19;partial=00;start_type=GTG;rbs_motif=GGAGG;rbs_spacer=5-10bp;gc,14.0
VBWA01000043.1_4,C,C,C,S,ID=125_4;partial=00;start_type=ATG;rbs_motif=AGGAG;rbs_spacer=5-10bp;gc_cont=0.609,ID=125_4;partial=00;start_type=ATG;rbs_motif=AGGAG;rbs_spacer=5-10bp;gc,14.0
RECO01000158.1_9,C,C,C,A,ID=282_9;partial=00;start_type=ATG;rbs_motif=AGGA;rbs_spacer=5-10bp;gc_cont=0.666,ID=282_9;partial=00;start_type=ATG;rbs_motif=AGGA;rbs_spacer=5-10bp;gc,13.0
WKKS01000001.1_771,C,C,C,S,ID=1_771;partial=00;start_type=ATG;rbs_motif=AGGAG;rbs_spacer=5-10bp;gc_cont=0.553,ID=1_771;partial=00;start_type=ATG;rbs_motif=AGGAG;rbs_spacer=5-10bp;gc,14.0
JAAANX010000187.1_31,C,C,C,S,ID=41_31;partial=00;start_type=ATG;rbs_motif=GGA/GAG/AGG;rbs_spacer=5-10bp;gc_cont=0.455,ID=41_31;partial=00;start_type=ATG;rbs_motif=GGA/GAG/AGG;rbs_spacer=5-10bp;gc,14.0
JAABSP010000032.1_13,C,C,C,S,ID=76_13;partial=00;start_type=ATG;rbs_motif=GGAG/GAGG;rbs_spacer=5-10bp;gc_cont=0.587,ID=76_13;partial=00;start_type=ATG;rbs_motif=GGAG/GAGG;rbs_spacer=5-10bp;gc,14.0
JAAUQA010000078.1_10,C,C,C,S,ID=53_10;partial=00;start_type=ATG;rbs_motif=GGAG/GAGG;rbs_spacer=5-10bp;gc_cont=0.537,ID=53_10;partial=00;start_type=ATG;rbs_motif=GGAG/GAGG;rbs_spacer=5-10bp;gc,14.0
JAAYCU010000081.1_8,C,C,C,S,ID=52_8;partial=00;start_type=ATG;rbs_motif=AGGA;rbs_spacer=5-10bp;gc_cont=0.579,ID=52_8;partial=00;start_type=ATG;rbs_motif=AGGA;rbs_spacer=5-10bp;gc,14.0
JAADIV010000184.1_3,C,C,C,S,ID=32_3;partial=00;start_type=ATG;rbs_motif=AGGAG;rbs_spacer=5-10bp;gc_cont=0.530,ID=32_3;partial=00;start_type=ATG;rbs_motif=AGGAG;rbs_spacer=5-10bp;gc,14.0
JAAXUL010000259.1_6,C,C,C,S,ID=713_6;partial=00;start_type=ATG;rbs_motif=AGGAGG;rbs_spacer=5-10bp;gc_cont=0.660,ID=713_6;partial=00;start_type=ATG;rbs_motif=AGGAGG;rbs_spacer=5-10bp;gc,14.0
JABXKT010000061.1_24,C,C,C,S,ID=109_24;partial=00;start_type=ATG;rbs_motif=GGAG/GAGG;rbs_spacer=5-10bp;gc_cont=0.544,ID=109_24;partial=00;start_type=ATG;rbs_motif=GGAG/GAGG;rbs_spacer=5-10bp;gc,14.0
WJJU01000862.1_5,C,C,C,S,ID=732_5;partial=00;start_type=ATG;rbs_motif=AGGAG;rbs_spacer=5-10bp;gc_cont=0.547,ID=732_5;partial=00;start_type=ATG;rbs_motif=AGGAG;rbs_spacer=5-10bp;gc,14.0
SVBX01000003.1_18,C,C,C,G,ID=9_18;partial=00;start_type=ATG;rbs_motif=AGGAGG;rbs_spacer=5-10bp;gc_cont=0.571,ID=9_18;partial=00;start_type=ATG;rbs_motif=AGGAGG;rbs_spacer=5-10bp;gc,13.0
JADFZF010000036.1_8,C,C,C,S,ID=299_8;partial=00;start_type=ATG;rbs_motif=GGAG/GAGG;rbs_spacer=5-10bp;gc_cont=0.552,ID=299_8;partial=00;start_type=ATG;rbs_motif=GGAG/GAGG;rbs_spacer=5-10bp;gc,14.0
WGER01000001.1_7,C,C,C,S,ID=1_7;partial=00;start_type=ATG;rbs_motif=AGGAG;rbs_spacer=5-10bp;gc_cont=0.483,ID=1_7;partial=00;start_type=ATG;rbs_motif=AGGAG;rbs_spacer=5-10bp;gc,14.0
JACPEG010000012.1_32,C,C,C,S,ID=21_32;partial=00;start_type=ATG;rbs_motif=AGGAG;rbs_spacer=5-10bp;gc_cont=0.649,ID=21_32;partial=00;start_type=ATG;rbs_motif=AGGAG;rbs_spacer=5-10bp;gc,14.0
JACRAZ010000103.1_12,C,C,C,A,ID=82_12;partial=00;start_type=ATG;rbs_motif=AGGAG;rbs_spacer=5-10bp;gc_cont=0.638,ID=82_12;partial=00;start_type=ATG;rbs_motif=AGGAG;rbs_spacer=5-10bp;gc,13.0
JACRMB010000010.1_261,C,C,C,S,ID=7_261;partial=00;start_type=ATG;rbs_motif=GGAGG;rbs_spacer=5-10bp;gc_cont=0.619,ID=7_261;partial=00;start_type=ATG;rbs_motif=GGAGG;rbs_spacer=5-10bp;gc,14.0
JAEEVF010000014.1_13,C,C,C,G,ID=19_13;partial=00;start_type=ATG;rbs_motif=GGAGG;rbs_spacer=5-10bp;gc_cont=0.476,ID=19_13;partial=00;start_type=ATG;rbs_motif=GGAGG;rbs_spacer=5-10bp;gc,13.0
JADJRE010000011.1_39,C,C,C,A,ID=11_39;partial=00;start_type=ATG;rbs_motif=GGAG/GAGG;rbs_spacer=5-10bp;gc_cont=0.613,ID=11_39;partial=00;start_type=ATG;rbs_motif=GGAG/GAGG;rbs_spacer=5-10bp;gc,13.0
JAESPV010000045.1_5,C,C,C,S,ID=99_5;partial=00;start_type=ATG;rbs_motif=GGAG/GAGG;rbs_spacer=5-10bp;gc_cont=0.480,ID=99_5;partial=00;start_type=ATG;rbs_motif=GGAG/GAGG;rbs_spacer=5-10bp;gc,14.0
VGMX01000001.1_33,C,C,C,S,ID=1_33;partial=00;start_type=ATG;rbs_motif=None;rbs_spacer=None;gc_cont=0.575,ID=1_33;partial=00;start_type=ATG;rbs_motif=None;rbs_spacer=None;gc,14.0
JAFGQN010000244.1_69,C,C,C,S,ID=82_69;partial=00;start_type=ATG;rbs_motif=GGAG/GAGG;rbs_spacer=5-10bp;gc_cont=0.490,ID=82_69;partial=00;start_type=ATG;rbs_motif=GGAG/GAGG;rbs_spacer=5-10bp;gc,14.0
JABXKJ010000140.1_1,C,C,C,S,ID=92_1;partial=00;start_type=ATG;rbs_motif=GGAG/GAGG;rbs_spacer=5-10bp;gc_cont=0.460,ID=92_1;partial=00;start_type=ATG;rbs_motif=GGAG/GAGG;rbs_spacer=5-10bp;gc,14.0
JAFRNE010000013.1_10,C,C,C,G,ID=5_10;partial=00;start_type=ATG;rbs_motif=AGxAGG/AGGxGG;rbs_spacer=5-10bp;gc_cont=0.424,ID=5_10;partial=00;start_type=ATG;rbs_motif=AGxAGG/AGGxGG;rbs_spacer=5-10bp;gc,13.0
JAFUQX010000058.1_145,C,C,C,G,ID=31_145;partial=00;start_type=ATG;rbs_motif=AGGAGG;rbs_spacer=5-10bp;gc_cont=0.449,ID=31_145;partial=00;start_type=ATG;rbs_motif=AGGAGG;rbs_spacer=5-10bp;gc,13.0
JAFXTN010000037.1_100,C,C,C,G,ID=16_100;partial=00;start_type=ATG;rbs_motif=GGAGG;rbs_spacer=5-10bp;gc_cont=0.410,ID=16_100;partial=00;start_type=ATG;rbs_motif=GGAGG;rbs_spacer=5-10bp;gc,13.0
JAGBNQ010000052.1_7,C,C,C,G,ID=46_7;partial=00;start_type=ATG;rbs_motif=AGGAG;rbs_spacer=5-10bp;gc_cont=0.491,ID=46_7;partial=00;start_type=ATG;rbs_motif=AGGAG;rbs_spacer=5-10bp;gc,13.0
JAGFXO010000075.1_1,C,C,C,S,ID=186_1;partial=00;start_type=ATG;rbs_motif=AGGAG;rbs_spacer=5-10bp;gc_cont=0.565,ID=186_1;partial=00;start_type=ATG;rbs_motif=AGGAG;rbs_spacer=5-10bp;gc,14.0
JAGCXJ010000247.1_12,C,C,C,G,ID=94_12;partial=00;start_type=ATG;rbs_motif=GGAGG;rbs_spacer=5-10bp;gc_cont=0.434,ID=94_12;partial=00;start_type=ATG;rbs_motif=GGAGG;rbs_spacer=5-10bp;gc,13.0
JAGTSE010000006.1_9,C,C,C,S,ID=6_9;partial=00;start_type=ATG;rbs_motif=GGAGG;rbs_spacer=5-10bp;gc_cont=0.559,ID=6_9;partial=00;start_type=ATG;rbs_motif=GGAGG;rbs_spacer=5-10bp;gc,14.0
JAHIUA010000100.1_8,C,C,C,S,ID=57_8;partial=00;start_type=ATG;rbs_motif=GGAG/GAGG;rbs_spacer=5-10bp;gc_cont=0.536,ID=57_8;partial=00;start_type=ATG;rbs_motif=GGAG/GAGG;rbs_spacer=5-10bp;gc,14.0
JAHIHJ010000175.1_1,-,C,C,S,ID=19_1;partial=10;start_type=Edge;rbs_motif=None;rbs_spacer=None;gc_cont=0.506,ID=19_1;partial=10;start_type=Edge;rbs_motif=None;rbs_spacer=None;gc,10.0
JAHZCJ010000010.1_83,C,C,C,S,ID=2_83;partial=00;start_type=ATG;rbs_motif=GGAG/GAGG;rbs_spacer=5-10bp;gc_cont=0.579,ID=2_83;partial=00;start_type=ATG;rbs_motif=GGAG/GAGG;rbs_spacer=5-10bp;gc,14.0
JAIHAN010000010.1_36,C,C,C,S,ID=77_36;partial=00;start_type=ATG;rbs_motif=GGAGG;rbs_spacer=5-10bp;gc_cont=0.458,ID=77_36;partial=00;start_type=ATG;rbs_motif=GGAGG;rbs_spacer=5-10bp;gc,14.0
JAGRKN010000170.1_11,C,C,C,A,ID=43_11;partial=00;start_type=GTG;rbs_motif=None;rbs_spacer=None;gc_cont=0.631,ID=43_11;partial=00;start_type=GTG;rbs_motif=None;rbs_spacer=None;gc,13.0
DYPD01000088.1_12,C,C,C,S,ID=139_12;partial=00;start_type=ATG;rbs_motif=AGGAG;rbs_spacer=5-10bp;gc_cont=0.431,ID=139_12;partial=00;start_type=ATG;rbs_motif=AGGAG;rbs_spacer=5-10bp;gc,14.0
CP087563.1_4213,C,C,C,S,ID=1_4213;partial=00;start_type=ATG;rbs_motif=GGA/GAG/AGG;rbs_spacer=5-10bp;gc_cont=0.565,ID=1_4213;partial=00;start_type=ATG;rbs_motif=GGA/GAG/AGG;rbs_spacer=5-10bp;gc,14.0
JAJFUM010000209.1_7,C,C,C,S,ID=304_7;partial=00;start_type=ATG;rbs_motif=AGGA;rbs_spacer=5-10bp;gc_cont=0.578,ID=304_7;partial=00;start_type=ATG;rbs_motif=AGGA;rbs_spacer=5-10bp;gc,14.0
JAJYCZ010000027.1_31,C,C,C,A,ID=128_31;partial=00;start_type=ATG;rbs_motif=GGAG/GAGG;rbs_spacer=5-10bp;gc_cont=0.595,ID=128_31;partial=00;start_type=ATG;rbs_motif=GGAG/GAGG;rbs_spacer=5-10bp;gc,13.0
JAJXUT010000009.1_10,C,C,C,S,ID=9_10;partial=00;start_type=ATG;rbs_motif=GGAG/GAGG;rbs_spacer=5-10bp;gc_cont=0.624,ID=9_10;partial=00;start_type=ATG;rbs_motif=GGAG/GAGG;rbs_spacer=5-10bp;gc,14.0
JAJYXI010000038.1_41,C,C,C,S,ID=79_41;partial=00;start_type=ATG;rbs_motif=GGAGG;rbs_spacer=5-10bp;gc_cont=0.471,ID=79_41;partial=00;start_type=ATG;rbs_motif=GGAGG;rbs_spacer=5-10bp;gc,14.0
JAJZRU010000021.1_25,C,C,C,A,ID=2_25;partial=00;start_type=ATG;rbs_motif=AGGAG;rbs_spacer=5-10bp;gc_cont=0.621,ID=2_25;partial=00;start_type=ATG;rbs_motif=AGGAG;rbs_spacer=5-10bp;gc,13.0
JAKAKS010000022.1_102,C,C,C,S,ID=17_102;partial=00;start_type=ATG;rbs_motif=AGGAG/GGAGG;rbs_spacer=11-12bp;gc_cont=0.539,ID=17_102;partial=00;start_type=ATG;rbs_motif=AGGAG/GGAGG;rbs_spacer=11-12bp;gc,14.0
JAKARO010000010.1_52,C,C,C,A,ID=15_52;partial=00;start_type=ATG;rbs_motif=GGAG/GAGG;rbs_spacer=5-10bp;gc_cont=0.578,ID=15_52;partial=00;start_type=ATG;rbs_motif=GGAG/GAGG;rbs_spacer=5-10bp;gc,13.0
JAKBZN010000003.1_22,C,C,C,A,ID=18_22;partial=00;start_type=ATG;rbs_motif=GGAG/GAGG;rbs_spacer=5-10bp;gc_cont=0.597,ID=18_22;partial=00;start_type=ATG;rbs_motif=GGAG/GAGG;rbs_spacer=5-10bp;gc,13.0
JAKSDM010001827.1_4,C,C,C,S,ID=996_4;partial=00;start_type=ATG;rbs_motif=AGGAG;rbs_spacer=5-10bp;gc_cont=0.538,ID=996_4;partial=00;start_type=ATG;rbs_motif=AGGAG;rbs_spacer=5-10bp;gc,14.0
JAKIML020000098.1_71,C,C,C,S,ID=34_71;partial=00;start_type=ATG;rbs_motif=AGGAGG;rbs_spacer=5-10bp;gc_cont=0.527,ID=34_71;partial=00;start_type=ATG;rbs_motif=AGGAGG;rbs_spacer=5-10bp;gc,14.0
JAGLNJ010000006.1_13,C,C,C,S,ID=161_13;partial=00;start_type=ATG;rbs_motif=GGAG/GAGG;rbs_spacer=5-10bp;gc_cont=0.410,ID=161_13;partial=00;start_type=ATG;rbs_motif=GGAG/GAGG;rbs_spacer=5-10bp;gc,14.0
JAHFPT010000191.1_3,C,C,C,A,ID=24_3;partial=00;start_type=ATG;rbs_motif=GGAGG;rbs_spacer=5-10bp;gc_cont=0.604,ID=24_3;partial=00;start_type=ATG;rbs_motif=GGAGG;rbs_spacer=5-10bp;gc,13.0
JAEVZU010000326.1_14,C,C,C,S,ID=57_14;partial=00;start_type=ATG;rbs_motif=AGGAGG;rbs_spacer=5-10bp;gc_cont=0.445,ID=57_14;partial=00;start_type=ATG;rbs_motif=AGGAGG;rbs_spacer=5-10bp;gc,14.0
JAEWTW010000012.1_128,C,C,C,S,ID=17_128;partial=00;start_type=ATG;rbs_motif=AGGAGG;rbs_spacer=5-10bp;gc_cont=0.564,ID=17_128;partial=00;start_type=ATG;rbs_motif=AGGAGG;rbs_spacer=5-10bp;gc,14.0
JAEYKI010000019.1_176,C,C,C,S,ID=20_176;partial=00;start_type=ATG;rbs_motif=GGAGG;rbs_spacer=5-10bp;gc_cont=0.509,ID=20_176;partial=00;start_type=ATG;rbs_motif=GGAGG;rbs_spacer=5-10bp;gc,14.0
JAEYNP010000108.1_132,C,C,C,S,ID=82_132;partial=00;start_type=ATG;rbs_motif=GGAGG;rbs_spacer=5-10bp;gc_cont=0.613,ID=82_132;partial=00;start_type=ATG;rbs_motif=GGAGG;rbs_spacer=5-10bp;gc,14.0
JAEZHM010000142.1_18,C,C,C,G,ID=111_18;partial=00;start_type=ATG;rbs_motif=AGxAGG/AGGxGG;rbs_spacer=5-10bp;gc_cont=0.550,ID=111_18;partial=00;start_type=ATG;rbs_motif=AGxAGG/AGGxGG;rbs_spacer=5-10bp;gc,13.0
JAFABG010000020.1_13,C,C,C,S,ID=11_13;partial=00;start_type=ATG;rbs_motif=TAAAAA;rbs_spacer=9bp;gc_cont=0.404,ID=11_13;partial=00;start_type=ATG;rbs_motif=TAAAAA;rbs_spacer=9bp;gc,14.0
JAEZMB010000313.1_4,C,C,C,S,ID=132_4;partial=00;start_type=ATG;rbs_motif=AGGA;rbs_spacer=5-10bp;gc_cont=0.639,ID=132_4;partial=00;start_type=ATG;rbs_motif=AGGA;rbs_spacer=5-10bp;gc,14.0
JAEXNR010000005.1_84,C,C,C,S,ID=60_84;partial=00;start_type=ATG;rbs_motif=GGAGG;rbs_spacer=5-10bp;gc_cont=0.429,ID=60_84;partial=00;start_type=ATG;rbs_motif=GGAGG;rbs_spacer=5-10bp;gc,14.0
JAEXTU010000141.1_5,C,C,C,S,ID=226_5;partial=00;start_type=ATG;rbs_motif=GGAG/GAGG;rbs_spacer=5-10bp;gc_cont=0.666,ID=226_5;partial=00;start_type=ATG;rbs_motif=GGAG/GAGG;rbs_spacer=5-10bp;gc,14.0
JAMJFO010000002.1_27,C,C,C,S,ID=76_27;partial=00;start_type=ATG;rbs_motif=GGAG/GAGG;rbs_spacer=5-10bp;gc_cont=0.578,ID=76_27;partial=00;start_type=ATG;rbs_motif=GGAG/GAGG;rbs_spacer=5-10bp;gc,14.0
JAJRQC010000094.1_16,C,C,C,S,ID=104_16;partial=00;start_type=ATG;rbs_motif=GGAG/GAGG;rbs_spacer=5-10bp;gc_cont=0.544,ID=104_16;partial=00;start_type=ATG;rbs_motif=GGAG/GAGG;rbs_spacer=5-10bp;gc,14.0
JAHECZ010000025.1_9,C,C,C,A,ID=25_9;partial=00;start_type=ATG;rbs_motif=GGAG/GAGG;rbs_spacer=5-10bp;gc_cont=0.474,ID=25_9;partial=00;start_type=ATG;rbs_motif=GGAG/GAGG;rbs_spacer=5-10bp;gc,13.0
JAILFZ010000134.1_5,C,C,C,G,ID=176_5;partial=00;start_type=ATG;rbs_motif=GGAG/GAGG;rbs_spacer=5-10bp;gc_cont=0.482,ID=176_5;partial=00;start_type=ATG;rbs_motif=GGAG/GAGG;rbs_spacer=5-10bp;gc,13.0
JANXAL010000009.1_14,C,C,C,S,ID=50_14;partial=00;start_type=ATG;rbs_motif=AGGAGG;rbs_spacer=5-10bp;gc_cont=0.588,ID=50_14;partial=00;start_type=ATG;rbs_motif=AGGAGG;rbs_spacer=5-10bp;gc,14.0
OMWK01000001.1_213,C,C,C,G,ID=19_213;partial=00;start_type=ATG;rbs_motif=GGAGG;rbs_spacer=5-10bp;gc_cont=0.492,ID=19_213;partial=00;start_type=ATG;rbs_motif=GGAGG;rbs_spacer=5-10bp;gc,13.0
UQOE01000004.1_137,C,C,C,G,ID=4_137;partial=00;start_type=ATG;rbs_motif=GGA/GAG/AGG;rbs_spacer=5-10bp;gc_cont=0.567,ID=4_137;partial=00;start_type=ATG;rbs_motif=GGA/GAG/AGG;rbs_spacer=5-10bp;gc,13.0
CACWJY010000023.1_7,C,C,C,G,ID=23_7;partial=00;start_type=ATG;rbs_motif=GGAG/GAGG;rbs_spacer=5-10bp;gc_cont=0.473,ID=23_7;partial=00;start_type=ATG;rbs_motif=GGAG/GAGG;rbs_spacer=5-10bp;gc,13.0
CACYDQ010000277.1_9,C,C,C,G,ID=277_9;partial=00;start_type=ATG;rbs_motif=AGGAGG;rbs_spacer=5-10bp;gc_cont=0.552,ID=277_9;partial=00;start_type=ATG;rbs_motif=AGGAGG;rbs_spacer=5-10bp;gc,13.0
CACZSE010000048.1_8,C,C,C,G,ID=48_8;partial=00;start_type=ATG;rbs_motif=AGGAGG;rbs_spacer=5-10bp;gc_cont=0.414,ID=48_8;partial=00;start_type=ATG;rbs_motif=AGGAGG;rbs_spacer=5-10bp;gc,13.0
CADBNB010000093.1_3,C,C,C,G,ID=93_3;partial=00;start_type=ATG;rbs_motif=AGGAG;rbs_spacer=5-10bp;gc_cont=0.395,ID=93_3;partial=00;start_type=ATG;rbs_motif=AGGAG;rbs_spacer=5-10bp;gc,13.0
CADCQX010000237.1_2,C,C,C,G,ID=237_2;partial=00;start_type=ATG;rbs_motif=GGAGG;rbs_spacer=5-10bp;gc_cont=0.471,ID=237_2;partial=00;start_type=ATG;rbs_motif=GGAGG;rbs_spacer=5-10bp;gc,13.0
CAILCO010000073.1_51,C,C,C,S,ID=73_51;partial=00;start_type=ATG;rbs_motif=AGGAG;rbs_spacer=5-10bp;gc_cont=0.606,ID=73_51;partial=00;start_type=ATG;rbs_motif=AGGAG;rbs_spacer=5-10bp;gc,14.0
CAINRC010000039.1_5,C,C,C,S,ID=39_5;partial=00;start_type=ATG;rbs_motif=AGGAG;rbs_spacer=5-10bp;gc_cont=0.556,ID=39_5;partial=00;start_type=ATG;rbs_motif=AGGAG;rbs_spacer=5-10bp;gc,14.0
CAIQOO010000183.1_2,C,C,C,A,ID=183_2;partial=00;start_type=ATG;rbs_motif=GGAG/GAGG;rbs_spacer=5-10bp;gc_cont=0.568,ID=183_2;partial=00;start_type=ATG;rbs_motif=GGAG/GAGG;rbs_spacer=5-10bp;gc,13.0
CAITNO010000037.1_61,C,C,C,S,ID=37_61;partial=00;start_type=ATG;rbs_motif=AGGAG;rbs_spacer=5-10bp;gc_cont=0.654,ID=37_61;partial=00;start_type=ATG;rbs_motif=AGGAG;rbs_spacer=5-10bp;gc,14.0
CAIVPZ010000109.1_144,C,C,C,A,ID=109_144;partial=00;start_type=ATG;rbs_motif=AGGAG;rbs_spacer=5-10bp;gc_cont=0.655,ID=109_144;partial=00;start_type=ATG;rbs_motif=AGGAG;rbs_spacer=5-10bp;gc,13.0
CAIYOW010000038.1_7,C,C,C,S,ID=38_7;partial=00;start_type=ATG;rbs_motif=AGGAG;rbs_spacer=5-10bp;gc_cont=0.473,ID=38_7;partial=00;start_type=ATG;rbs_motif=AGGAG;rbs_spacer=5-10bp;gc,14.0
CAJARJ010000012.1_11,C,C,C,S,ID=12_11;partial=00;start_type=ATG;rbs_motif=AGGAGG;rbs_spacer=3-4bp;gc_cont=0.493,ID=12_11;partial=00;start_type=ATG;rbs_motif=AGGAGG;rbs_spacer=3-4bp;gc,14.0
CAJONG010000009.1_32,C,C,C,G,ID=9_32;partial=00;start_type=ATG;rbs_motif=AGGAGG;rbs_spacer=5-10bp;gc_cont=0.448,ID=9_32;partial=00;start_type=ATG;rbs_motif=AGGAGG;rbs_spacer=5-10bp;gc,13.0
CAJXZG010000068.1_19,C,C,C,S,ID=68_19;partial=00;start_type=ATG;rbs_motif=TAAAAA;rbs_spacer=9bp;gc_cont=0.411,ID=68_19;partial=00;start_type=ATG;rbs_motif=TAAAAA;rbs_spacer=9bp;gc,14.0
NC_003552.1_4104,C,C,C,S,ID=1_4104;partial=00;start_type=ATG;rbs_motif=GGAG/GAGG;rbs_spacer=5-10bp;gc_cont=0.511,ID=1_4104;partial=00;start_type=ATG;rbs_motif=GGAG/GAGG;rbs_spacer=5-10bp;gc,14.0
NC_008781.1_2352,C,C,C,A,ID=1_2352;partial=00;start_type=ATG;rbs_motif=GGAG/GAGG;rbs_spacer=5-10bp;gc_cont=0.599,ID=1_2352;partial=00;start_type=ATG;rbs_motif=GGAG/GAGG;rbs_spacer=5-10bp;gc,13.0
NC_011146.1_2066,C,C,C,S,ID=1_2066;partial=00;start_type=ATG;rbs_motif=AGGAG;rbs_spacer=5-10bp;gc_cont=0.617,ID=1_2066;partial=00;start_type=ATG;rbs_motif=AGGAG;rbs_spacer=5-10bp;gc,14.0
NC_014216.1_2474,C,C,C,S,ID=1_2474;partial=00;start_type=ATG;rbs_motif=GGAG/GAGG;rbs_spacer=5-10bp;gc_cont=0.617,ID=1_2474;partial=00;start_type=ATG;rbs_motif=GGAG/GAGG;rbs_spacer=5-10bp;gc,14.0
NC_017262.1_1332,C,C,C,A,ID=1_1332;partial=00;start_type=ATG;rbs_motif=GGAG/GAGG;rbs_spacer=5-10bp;gc_cont=0.492,ID=1_1332;partial=00;start_type=ATG;rbs_motif=GGAG/GAGG;rbs_spacer=5-10bp;gc,13.0
NC_015388.1_356,C,C,C,S,ID=1_356;partial=00;start_type=ATG;rbs_motif=AGGA;rbs_spacer=5-10bp;gc_cont=0.556,ID=1_356;partial=00;start_type=ATG;rbs_motif=AGGA;rbs_spacer=5-10bp;gc,14.0
NZ_CAFI01000496.1_43,C,C,C,A,ID=2_43;partial=00;start_type=ATG;rbs_motif=GGAG/GAGG;rbs_spacer=5-10bp;gc_cont=0.621,ID=2_43;partial=00;start_type=ATG;rbs_motif=GGAG/GAGG;rbs_spacer=5-10bp;gc,13.0
NZ_AKFJ01000028.1_58,C,C,C,A,ID=28_58;partial=00;start_type=ATG;rbs_motif=AGGAG;rbs_spacer=5-10bp;gc_cont=0.588,ID=28_58;partial=00;start_type=ATG;rbs_motif=AGGAG;rbs_spacer=5-10bp;gc,13.0
NZ_ANHY01000007.1_45,C,C,C,A,ID=7_45;partial=00;start_type=ATG;rbs_motif=AGGAG;rbs_spacer=5-10bp;gc_cont=0.643,ID=7_45;partial=00;start_type=ATG;rbs_motif=AGGAG;rbs_spacer=5-10bp;gc,13.0
NZ_CAUM01000170.1_22,C,C,C,A,ID=22_22;partial=00;start_type=ATG;rbs_motif=GGAG/GAGG;rbs_spacer=5-10bp;gc_cont=0.604,ID=22_22;partial=00;start_type=ATG;rbs_motif=GGAG/GAGG;rbs_spacer=5-10bp;gc,13.0
NC_021149.1_130,C,C,C,S,ID=1_130;partial=00;start_type=ATG;rbs_motif=AGGAG;rbs_spacer=5-10bp;gc_cont=0.593,ID=1_130;partial=00;start_type=ATG;rbs_motif=AGGAG;rbs_spacer=5-10bp;gc,14.0
NZ_AULZ01000001.1_403,C,C,C,S,ID=1_403;partial=00;start_type=ATG;rbs_motif=AGGA;rbs_spacer=5-10bp;gc_cont=0.625,ID=1_403;partial=00;start_type=ATG;rbs_motif=AGGA;rbs_spacer=5-10bp;gc,14.0
NZ_KE386489.1_1763,C,C,C,A,ID=1_1763;partial=00;start_type=ATG;rbs_motif=GGAG/GAGG;rbs_spacer=5-10bp;gc_cont=0.579,ID=1_1763;partial=00;start_type=ATG;rbs_motif=GGAG/GAGG;rbs_spacer=5-10bp;gc,13.0
NZ_ASZC01000007.1_125,C,C,C,S,ID=7_125;partial=00;start_type=ATG;rbs_motif=GGAGG;rbs_spacer=5-10bp;gc_cont=0.544,ID=7_125;partial=00;start_type=ATG;rbs_motif=GGAGG;rbs_spacer=5-10bp;gc,14.0
NZ_AZAJ01000001.1_1874,C,C,C,S,ID=1_1874;partial=00;start_type=ATG;rbs_motif=AGGAGG;rbs_spacer=5-10bp;gc_cont=0.462,ID=1_1874;partial=00;start_type=ATG;rbs_motif=AGGAGG;rbs_spacer=5-10bp;gc,14.0
NZ_JAGS01000001.1_1143,C,C,C,G,ID=1_1143;partial=00;start_type=ATG;rbs_motif=AGGAGG;rbs_spacer=5-10bp;gc_cont=0.431,ID=1_1143;partial=00;start_type=ATG;rbs_motif=AGGAGG;rbs_spacer=5-10bp;gc,13.0
NZ_JMKQ01000006.1_1881,C,C,C,A,ID=6_1881;partial=00;start_type=ATG;rbs_motif=GGAG/GAGG;rbs_spacer=5-10bp;gc_cont=0.596,ID=6_1881;partial=00;start_type=ATG;rbs_motif=GGAG/GAGG;rbs_spacer=5-10bp;gc,13.0
NZ_JPNB01000001.1_544,C,C,C,G,ID=1_544;partial=00;start_type=GTG;rbs_motif=AGGAGG;rbs_spacer=5-10bp;gc_cont=0.489,ID=1_544;partial=00;start_type=GTG;rbs_motif=AGGAGG;rbs_spacer=5-10bp;gc,13.0
NZ_BAZF01000016.1_51,C,C,C,S,ID=48_51;partial=00;start_type=ATG;rbs_motif=AGGAG;rbs_spacer=5-10bp;gc_cont=0.582,ID=48_51;partial=00;start_type=ATG;rbs_motif=AGGAG;rbs_spacer=5-10bp;gc,14.0
NZ_CP009503.1_856,C,C,C,S,ID=1_856;partial=00;start_type=ATG;rbs_motif=GGAG/GAGG;rbs_spacer=5-10bp;gc_cont=0.509,ID=1_856;partial=00;start_type=ATG;rbs_motif=GGAG/GAGG;rbs_spacer=5-10bp;gc,14.0
NZ_LGTB01000010.1_74,C,C,C,A,ID=10_74;partial=00;start_type=ATG;rbs_motif=AGGA;rbs_spacer=5-10bp;gc_cont=0.579,ID=10_74;partial=00;start_type=ATG;rbs_motif=AGGA;rbs_spacer=5-10bp;gc,13.0
NZ_LLYB01000118.1_43,C,C,C,A,ID=118_43;partial=00;start_type=ATG;rbs_motif=AGGA;rbs_spacer=5-10bp;gc_cont=0.574,ID=118_43;partial=00;start_type=ATG;rbs_motif=AGGA;rbs_spacer=5-10bp;gc,13.0
NZ_LSGP01000001.1_116,C,C,C,S,ID=1_116;partial=00;start_type=ATG;rbs_motif=AGGAG/GGAGG;rbs_spacer=11-12bp;gc_cont=0.431,ID=1_116;partial=00;start_type=ATG;rbs_motif=AGGAG/GGAGG;rbs_spacer=11-12bp;gc,14.0
NZ_LXYE02000053.1_72,C,C,C,S,ID=49_72;partial=00;start_type=ATG;rbs_motif=None;rbs_spacer=None;gc_cont=0.397,ID=49_72;partial=00;start_type=ATG;rbs_motif=None;rbs_spacer=None;gc,14.0
NZ_MABH01000172.1_9,C,C,C,A,ID=172_9;partial=00;start_type=ATG;rbs_motif=AGGA;rbs_spacer=5-10bp;gc_cont=0.642,ID=172_9;partial=00;start_type=ATG;rbs_motif=AGGA;rbs_spacer=5-10bp;gc,13.0
NZ_LGHM01000163.1_7,C,C,C,A,ID=72_7;partial=00;start_type=ATG;rbs_motif=GGA/GAG/AGG;rbs_spacer=5-10bp;gc_cont=0.554,ID=72_7;partial=00;start_type=ATG;rbs_motif=GGA/GAG/AGG;rbs_spacer=5-10bp;gc,13.0
NZ_LWIG01000010.1_298,C,C,C,A,ID=10_298;partial=00;start_type=ATG;rbs_motif=GGA/GAG/AGG;rbs_spacer=5-10bp;gc_cont=0.612,ID=10_298;partial=00;start_type=ATG;rbs_motif=GGA/GAG/AGG;rbs_spacer=5-10bp;gc,13.0
NZ_MBKP01000025.1_17,C,C,C,S,ID=47_17;partial=00;start_type=ATG;rbs_motif=AGGAGG;rbs_spacer=5-10bp;gc_cont=0.463,ID=47_17;partial=00;start_type=ATG;rbs_motif=AGGAGG;rbs_spacer=5-10bp;gc,14.0
NZ_AP017372.2_1213,C,C,C,S,ID=1_1213;partial=00;start_type=ATG;rbs_motif=AGGAGG;rbs_spacer=5-10bp;gc_cont=0.570,ID=1_1213;partial=00;start_type=ATG;rbs_motif=AGGAGG;rbs_spacer=5-10bp;gc,14.0
NZ_PGVG01000016.1_45,C,C,C,A,ID=61_45;partial=00;start_type=ATG;rbs_motif=AGGA;rbs_spacer=5-10bp;gc_cont=0.572,ID=61_45;partial=00;start_type=ATG;rbs_motif=AGGA;rbs_spacer=5-10bp;gc,13.0
NZ_BFAV01000157.1_127,C,C,C,S,ID=157_127;partial=00;start_type=ATG;rbs_motif=GGAGG;rbs_spacer=5-10bp;gc_cont=0.504,ID=157_127;partial=00;start_type=ATG;rbs_motif=GGAGG;rbs_spacer=5-10bp;gc,14.0
NZ_QAXS01000013.1_43,C,C,C,S,ID=13_43;partial=00;start_type=ATG;rbs_motif=AGGAGG;rbs_spacer=5-10bp;gc_cont=0.373,ID=13_43;partial=00;start_type=ATG;rbs_motif=AGGAGG;rbs_spacer=5-10bp;gc,14.0
NZ_QGTS01000004.1_39,C,C,C,S,ID=4_39;partial=00;start_type=ATG;rbs_motif=GGAGG;rbs_spacer=5-10bp;gc_cont=0.514,ID=4_39;partial=00;start_type=ATG;rbs_motif=GGAGG;rbs_spacer=5-10bp;gc,14.0
NZ_QNRY01000004.1_74,C,C,C,S,ID=4_74;partial=00;start_type=ATG;rbs_motif=GGAGG;rbs_spacer=5-10bp;gc_cont=0.552,ID=4_74;partial=00;start_type=ATG;rbs_motif=GGAGG;rbs_spacer=5-10bp;gc,14.0
NZ_QYYD01000039.1_28,C,C,C,A,ID=32_28;partial=00;start_type=ATG;rbs_motif=GGA/GAG/AGG;rbs_spacer=11-12bp;gc_cont=0.624,ID=32_28;partial=00;start_type=ATG;rbs_motif=GGA/GAG/AGG;rbs_spacer=11-12bp;gc,13.0
NZ_CP024202.1_3441,C,C,C,S,ID=1_3441;partial=00;start_type=ATG;rbs_motif=AGGAG;rbs_spacer=5-10bp;gc_cont=0.536,ID=1_3441;partial=00;start_type=ATG;rbs_motif=AGGAG;rbs_spacer=5-10bp;gc,14.0
NZ_RZTT01000173.1_9,C,C,C,A,ID=81_9;partial=00;start_type=ATG;rbs_motif=GGAG/GAGG;rbs_spacer=5-10bp;gc_cont=0.589,ID=81_9;partial=00;start_type=ATG;rbs_motif=GGAG/GAGG;rbs_spacer=5-10bp;gc,13.0
NZ_CP025086.1_1598,C,C,C,A,ID=1_1598;partial=00;start_type=ATG;rbs_motif=GGAG/GAGG;rbs_spacer=5-10bp;gc_cont=0.586,ID=1_1598;partial=00;start_type=ATG;rbs_motif=GGAG/GAGG;rbs_spacer=5-10bp;gc,13.0
NZ_SMAA01000011.1_60,C,C,C,S,ID=11_60;partial=00;start_type=ATG;rbs_motif=GGAG/GAGG;rbs_spacer=5-10bp;gc_cont=0.441,ID=11_60;partial=00;start_type=ATG;rbs_motif=GGAG/GAGG;rbs_spacer=5-10bp;gc,14.0
NZ_SRIO01000011.1_8,C,C,C,A,ID=2_8;partial=00;start_type=ATG;rbs_motif=AGGAG;rbs_spacer=5-10bp;gc_cont=0.628,ID=2_8;partial=00;start_type=ATG;rbs_motif=AGGAG;rbs_spacer=5-10bp;gc,13.0
NZ_BJCF01000030.1_42,C,C,C,S,ID=30_42;partial=00;start_type=ATG;rbs_motif=AGGAG;rbs_spacer=5-10bp;gc_cont=0.434,ID=30_42;partial=00;start_type=ATG;rbs_motif=AGGAG;rbs_spacer=5-10bp;gc,14.0
NZ_AP019717.1_422,C,C,C,S,ID=2_422;partial=00;start_type=ATG;rbs_motif=AGGAGG;rbs_spacer=11-12bp;gc_cont=0.335,ID=2_422;partial=00;start_type=ATG;rbs_motif=AGGAGG;rbs_spacer=11-12bp;gc,14.0
NZ_SJPV01000001.1_557,C,C,C,S,ID=1_557;partial=00;start_type=ATG;rbs_motif=GGA/GAG/AGG;rbs_spacer=5-10bp;gc_cont=0.533,ID=1_557;partial=00;start_type=ATG;rbs_motif=GGA/GAG/AGG;rbs_spacer=5-10bp;gc,14.0
NZ_VWRQ01000007.1_126,C,C,C,S,ID=67_126;partial=00;start_type=ATG;rbs_motif=AGGAGG;rbs_spacer=5-10bp;gc_cont=0.564,ID=67_126;partial=00;start_type=ATG;rbs_motif=AGGAGG;rbs_spacer=5-10bp;gc,14.0
NZ_AP021875.1_3039,C,C,C,S,ID=1_3039;partial=00;start_type=ATG;rbs_motif=GGAG/GAGG;rbs_spacer=5-10bp;gc_cont=0.551,ID=1_3039;partial=00;start_type=ATG;rbs_motif=GGAG/GAGG;rbs_spacer=5-10bp;gc,14.0
NZ_WXEX01000020.1_19,C,C,C,S,ID=13_19;partial=00;start_type=ATG;rbs_motif=AGGAGG;rbs_spacer=5-10bp;gc_cont=0.620,ID=13_19;partial=00;start_type=ATG;rbs_motif=AGGAGG;rbs_spacer=5-10bp;gc,14.0
NZ_JAAIJR010000020.1_9,C,C,C,S,ID=122_9;partial=00;start_type=ATG;rbs_motif=AGGAG;rbs_spacer=5-10bp;gc_cont=0.604,ID=122_9;partial=00;start_type=ATG;rbs_motif=AGGAG;rbs_spacer=5-10bp;gc,14.0
NZ_WTVK01000037.1_37,C,C,C,S,ID=261_37;partial=00;start_type=ATG;rbs_motif=AGGAG;rbs_spacer=5-10bp;gc_cont=0.657,ID=261_37;partial=00;start_type=ATG;rbs_motif=AGGAG;rbs_spacer=5-10bp;gc,14.0
NZ_JAATVV010000010.1_111,C,C,C,A,ID=2_111;partial=00;start_type=ATG;rbs_motif=GGAG/GAGG;rbs_spacer=5-10bp;gc_cont=0.593,ID=2_111;partial=00;start_type=ATG;rbs_motif=GGAG/GAGG;rbs_spacer=5-10bp;gc,13.0
NZ_JACGAG010000012.1_21,C,C,C,S,ID=4_21;partial=00;start_type=ATG;rbs_motif=AGxAGG/AGGxGG;rbs_spacer=5-10bp;gc_cont=0.351,ID=4_21;partial=00;start_type=ATG;rbs_motif=AGxAGG/AGGxGG;rbs_spacer=5-10bp;gc,14.0
NZ_JACHGJ010000002.1_803,C,C,C,S,ID=2_803;partial=00;start_type=ATG;rbs_motif=GGAG/GAGG;rbs_spacer=5-10bp;gc_cont=0.534,ID=2_803;partial=00;start_type=ATG;rbs_motif=GGAG/GAGG;rbs_spacer=5-10bp;gc,14.0
NZ_JACJQJ010000046.1_42,C,C,C,S,ID=123_42;partial=00;start_type=ATG;rbs_motif=GGAG/GAGG;rbs_spacer=5-10bp;gc_cont=0.467,ID=123_42;partial=00;start_type=ATG;rbs_motif=GGAG/GAGG;rbs_spacer=5-10bp;gc,14.0
NZ_JADBGG010000010.1_46,C,C,C,S,ID=10_46;partial=00;start_type=ATG;rbs_motif=GGAG/GAGG;rbs_spacer=5-10bp;gc_cont=0.626,ID=10_46;partial=00;start_type=ATG;rbs_motif=GGAG/GAGG;rbs_spacer=5-10bp;gc,14.0
NZ_JADWMY010000001.1_265,C,C,C,A,ID=1_265;partial=00;start_type=ATG;rbs_motif=GGA/GAG/AGG;rbs_spacer=5-10bp;gc_cont=0.611,ID=1_265;partial=00;start_type=ATG;rbs_motif=GGA/GAG/AGG;rbs_spacer=5-10bp;gc,13.0
NZ_CP067101.1_5764,C,C,C,A,ID=1_5764;partial=00;start_type=ATG;rbs_motif=GGAG/GAGG;rbs_spacer=5-10bp;gc_cont=0.585,ID=1_5764;partial=00;start_type=ATG;rbs_motif=GGAG/GAGG;rbs_spacer=5-10bp;gc,13.0
NZ_JAFBDS010000006.1_227,C,C,C,S,ID=6_227;partial=00;start_type=GTG;rbs_motif=AGGAGG;rbs_spacer=5-10bp;gc_cont=0.403,ID=6_227;partial=00;start_type=GTG;rbs_motif=AGGAGG;rbs_spacer=5-10bp;gc,14.0
NZ_CP059067.1_4820,C,C,C,A,ID=1_4820;partial=00;start_type=ATG;rbs_motif=AGGAG;rbs_spacer=5-10bp;gc_cont=0.644,ID=1_4820;partial=00;start_type=ATG;rbs_motif=AGGAG;rbs_spacer=5-10bp;gc,13.0
NZ_JAFCLP010000015.1_9,C,C,C,A,ID=7_9;partial=00;start_type=ATG;rbs_motif=GGA/GAG/AGG;rbs_spacer=5-10bp;gc_cont=0.622,ID=7_9;partial=00;start_type=ATG;rbs_motif=GGA/GAG/AGG;rbs_spacer=5-10bp;gc,13.0
NZ_JAHEAG010000053.1_23,C,C,C,A,ID=212_23;partial=00;start_type=ATG;rbs_motif=GGA/GAG/AGG;rbs_spacer=5-10bp;gc_cont=0.587,ID=212_23;partial=00;start_type=ATG;rbs_motif=GGA/GAG/AGG;rbs_spacer=5-10bp;gc,13.0
NZ_CP077107.1_408,C,C,C,S,ID=1_408;partial=00;start_type=ATG;rbs_motif=GGA/GAG/AGG;rbs_spacer=5-10bp;gc_cont=0.485,ID=1_408;partial=00;start_type=ATG;rbs_motif=GGA/GAG/AGG;rbs_spacer=5-10bp;gc,14.0
NZ_JAIUZP010000004.1_481,C,C,C,A,ID=4_481;partial=00;start_type=ATG;rbs_motif=AGGA;rbs_spacer=5-10bp;gc_cont=0.634,ID=4_481;partial=00;start_type=ATG;rbs_motif=AGGA;rbs_spacer=5-10bp;gc,13.0
NZ_AP024987.1_883,C,C,C,S,ID=1_883;partial=00;start_type=ATG;rbs_motif=GGAG/GAGG;rbs_spacer=5-10bp;gc_cont=0.386,ID=1_883;partial=00;start_type=ATG;rbs_motif=GGAG/GAGG;rbs_spacer=5-10bp;gc,14.0
NZ_JAEACT010000003.1_91,C,C,C,S,ID=3_91;partial=00;start_type=ATG;rbs_motif=GGAGG;rbs_spacer=5-10bp;gc_cont=0.357,ID=3_91;partial=00;start_type=ATG;rbs_motif=GGAGG;rbs_spacer=5-10bp;gc,14.0
NZ_CP092831.1_1049,C,C,C,S,ID=1_1049;partial=00;start_type=ATG;rbs_motif=GGAGG;rbs_spacer=5-10bp;gc_cont=0.541,ID=1_1049;partial=00;start_type=ATG;rbs_motif=GGAGG;rbs_spacer=5-10bp;gc,14.0
NZ_JADPKS010000116.1_62,C,C,C,A,ID=107_62;partial=00;start_type=ATG;rbs_motif=GGA/GAG/AGG;rbs_spacer=5-10bp;gc_cont=0.569,ID=107_62;partial=00;start_type=ATG;rbs_motif=GGA/GAG/AGG;rbs_spacer=5-10bp;gc,13.0
NZ_JAMXLY010000014.1_3,C,C,C,S,ID=22_3;partial=00;start_type=ATG;rbs_motif=TAA;rbs_spacer=11bp;gc_cont=0.476,ID=22_3;partial=00;start_type=ATG;rbs_motif=TAA;rbs_spacer=11bp;gc,14.0
NZ_JANINI010000006.1_111,C,C,C,A,ID=42_111;partial=00;start_type=ATG;rbs_motif=AGGAG;rbs_spacer=5-10bp;gc_cont=0.614,ID=42_111;partial=00;start_type=ATG;rbs_motif=AGGAG;rbs_spacer=5-10bp;gc,13.0
NZ_FMMP01000015.1_258,C,C,C,S,ID=10_258;partial=00;start_type=ATG;rbs_motif=AGGAGG;rbs_spacer=5-10bp;gc_cont=0.390,ID=10_258;partial=00;start_type=ATG;rbs_motif=AGGAGG;rbs_spacer=5-10bp;gc,14.0
NZ_FNSR01000003.1_626,C,C,C,A,ID=1_626;partial=00;start_type=ATG;rbs_motif=AGGAG;rbs_spacer=5-10bp;gc_cont=0.631,ID=1_626;partial=00;start_type=ATG;rbs_motif=AGGAG;rbs_spacer=5-10bp;gc,13.0
NZ_FOHN01000005.1_41,C,C,C,G,ID=13_41;partial=00;start_type=ATG;rbs_motif=AGGAGG;rbs_spacer=5-10bp;gc_cont=0.365,ID=13_41;partial=00;start_type=ATG;rbs_motif=AGGAGG;rbs_spacer=5-10bp;gc,13.0
NZ_FPCC01000005.1_148,C,C,C,G,ID=37_148;partial=00;start_type=ATG;rbs_motif=GGAGG;rbs_spacer=5-10bp;gc_cont=0.410,ID=37_148;partial=00;start_type=ATG;rbs_motif=GGAGG;rbs_spacer=5-10bp;gc,13.0
NZ_FRBF01000032.1_20,C,C,C,G,ID=35_20;partial=00;start_type=ATG;rbs_motif=GGA/GAG/AGG;rbs_spacer=5-10bp;gc_cont=0.485,ID=35_20;partial=00;start_type=ATG;rbs_motif=GGA/GAG/AGG;rbs_spacer=5-10bp;gc,13.0
NZ_LT828541.1_358,C,C,C,S,ID=2_358;partial=00;start_type=ATG;rbs_motif=GGAG/GAGG;rbs_spacer=5-10bp;gc_cont=0.482,ID=2_358;partial=00;start_type=ATG;rbs_motif=GGAG/GAGG;rbs_spacer=5-10bp;gc,14.0
NZ_LT906662.1_2618,C,C,C,S,ID=1_2618;partial=00;start_type=ATG;rbs_motif=AGGAG;rbs_spacer=5-10bp;gc_cont=0.397,ID=1_2618;partial=00;start_type=ATG;rbs_motif=AGGAG;rbs_spacer=5-10bp;gc,14.0
NZ_CABFUZ020000019.1_3,C,C,C,S,ID=19_3;partial=00;start_type=ATG;rbs_motif=GGAG/GAGG;rbs_spacer=5-10bp;gc_cont=0.595,ID=19_3;partial=00;start_type=ATG;rbs_motif=GGAG/GAGG;rbs_spacer=5-10bp;gc,14.0
MNUQ01000086.1_10,C,C,C,S,ID=110_10;partial=00;start_type=ATG;rbs_motif=AGGAG;rbs_spacer=5-10bp;gc_cont=0.632,ID=110_10;partial=00;start_type=ATG;rbs_motif=AGGAG;rbs_spacer=5-10bp;gc,14.0
JADMXW010000009.1_74,C,C,C,S,ID=64_74;partial=00;start_type=ATG;rbs_motif=GGAG/GAGG;rbs_spacer=5-10bp;gc_cont=0.518,ID=64_74;partial=00;start_type=ATG;rbs_motif=GGAG/GAGG;rbs_spacer=5-10bp;gc,14.0
JAEVZU010000095.1_6,C,C,C,S,ID=238_6;partial=00;start_type=ATG;rbs_motif=AGGAGG;rbs_spacer=5-10bp;gc_cont=0.469,ID=238_6;partial=00;start_type=ATG;rbs_motif=AGGAGG;rbs_spacer=5-10bp;gc,14.0
JAFABB010000050.1_30,C,C,C,S,ID=34_30;partial=00;start_type=ATG;rbs_motif=AGGAG;rbs_spacer=5-10bp;gc_cont=0.482,ID=34_30;partial=00;start_type=ATG;rbs_motif=AGGAG;rbs_spacer=5-10bp;gc,14.0
NC_014734.1_1369,C,C,C,S,ID=1_1369;partial=00;start_type=ATG;rbs_motif=TAAA;rbs_spacer=14bp;gc_cont=0.435,ID=1_1369;partial=00;start_type=ATG;rbs_motif=TAAA;rbs_spacer=14bp;gc,14.0
NZ_CBQR020000141.1_53,C,C,C,S,ID=141_53;partial=00;start_type=ATG;rbs_motif=AGGAGG;rbs_spacer=5-10bp;gc_cont=0.565,ID=141_53;partial=00;start_type=ATG;rbs_motif=AGGAGG;rbs_spacer=5-10bp;gc,14.0
NZ_CP014137.1_61,C,C,C,S,ID=1_61;partial=00;start_type=ATG;rbs_motif=AGxAGG/AGGxGG;rbs_spacer=5-10bp;gc_cont=0.533,ID=1_61;partial=00;start_type=ATG;rbs_motif=AGxAGG/AGGxGG;rbs_spacer=5-10bp;gc,14.0
NZ_VLKC01000002.1_730,C,C,C,S,ID=1_730;partial=00;start_type=ATG;rbs_motif=AGGAG;rbs_spacer=5-10bp;gc_cont=0.485,ID=1_730;partial=00;start_type=ATG;rbs_motif=AGGAG;rbs_spacer=5-10bp;gc,14.0
NZ_JAHFZF010000004.1_78,C,C,C,S,ID=4_78;partial=00;start_type=ATG;rbs_motif=AGGA;rbs_spacer=5-10bp;gc_cont=0.604,ID=4_78;partial=00;start_type=ATG;rbs_motif=AGGA;rbs_spacer=5-10bp;gc,14.0
NZ_FUWR01000020.1_38,C,C,C,S,ID=31_38;partial=00;start_type=ATG;rbs_motif=AGGAG;rbs_spacer=5-10bp;gc_cont=0.525,ID=31_38;partial=00;start_type=ATG;rbs_motif=AGGAG;rbs_spacer=5-10bp;gc,14.0
JAATFW010000214.1_4,C,C,C,S,ID=267_4;partial=00;start_type=ATG;rbs_motif=None;rbs_spacer=None;gc_cont=0.461,ID=267_4;partial=00;start_type=ATG;rbs_motif=None;rbs_spacer=None;gc,14.0
NZ_JACBYI010000014.1_107,C,C,C,S,ID=9_107;partial=00;start_type=ATG;rbs_motif=GGAGG;rbs_spacer=5-10bp;gc_cont=0.536,ID=9_107;partial=00;start_type=ATG;rbs_motif=GGAGG;rbs_spacer=5-10bp;gc,14.0
NZ_NOLJ01000009.1_301,C,C,C,S,ID=30_301;partial=00;start_type=ATG;rbs_motif=AGGAG;rbs_spacer=5-10bp;gc_cont=0.442,ID=30_301;partial=00;start_type=ATG;rbs_motif=AGGAG;rbs_spacer=5-10bp;gc,14.0
JAJXUO010000019.1_7,C,C,C,S,ID=115_7;partial=00;start_type=ATG;rbs_motif=AGxAGG/AGGxGG;rbs_spacer=5-10bp;gc_cont=0.640,ID=115_7;partial=00;start_type=ATG;rbs_motif=AGxAGG/AGGxGG;rbs_spacer=5-10bp;gc,14.0
U00090.2_115,C,C,C,A,ID=2_115;partial=00;start_type=ATG;rbs_motif=AGxAGG/AGGxGG;rbs_spacer=5-10bp;gc_cont=0.636,ID=2_115;partial=00;start_type=ATG;rbs_motif=AGxAGG/AGGxGG;rbs_spacer=5-10bp;gc,13.0
JNIO01000007.1_160,C,C,C,G,ID=7_160;partial=00;start_type=ATG;rbs_motif=AGGAGG;rbs_spacer=5-10bp;gc_cont=0.558,ID=7_160;partial=00;start_type=ATG;rbs_motif=AGGAGG;rbs_spacer=5-10bp;gc,13.0
CP011392.1_600,C,C,C,S,ID=1_600;partial=00;start_type=ATG;rbs_motif=AGGA;rbs_spacer=5-10bp;gc_cont=0.488,ID=1_600;partial=00;start_type=ATG;rbs_motif=AGGA;rbs_spacer=5-10bp;gc,14.0
LVAV01000054.1_62,C,C,C,G,ID=54_62;partial=00;start_type=ATG;rbs_motif=GGAGG;rbs_spacer=5-10bp;gc_cont=0.510,ID=54_62;partial=00;start_type=ATG;rbs_motif=GGAGG;rbs_spacer=5-10bp;gc,13.0
MGTI01000009.1_6,C,C,C,S,ID=9_6;partial=00;start_type=ATG;rbs_motif=AGGA;rbs_spacer=5-10bp;gc_cont=0.603,ID=9_6;partial=00;start_type=ATG;rbs_motif=AGGA;rbs_spacer=5-10bp;gc,14.0
MJUZ01000014.1_13,C,C,C,S,ID=14_13;partial=00;start_type=ATG;rbs_motif=GGAG/GAGG;rbs_spacer=5-10bp;gc_cont=0.610,ID=14_13;partial=00;start_type=ATG;rbs_motif=GGAG/GAGG;rbs_spacer=5-10bp;gc,14.0
DBTT01000046.1_79,C,C,C,S,ID=23_79;partial=00;start_type=ATG;rbs_motif=TAAA;rbs_spacer=11bp;gc_cont=0.462,ID=23_79;partial=00;start_type=ATG;rbs_motif=TAAA;rbs_spacer=11bp;gc,14.0
DDWZ01000016.1_83,C,C,C,S,ID=12_83;partial=00;start_type=ATG;rbs_motif=GGAG/GAGG;rbs_spacer=5-10bp;gc_cont=0.597,ID=12_83;partial=00;start_type=ATG;rbs_motif=GGAG/GAGG;rbs_spacer=5-10bp;gc,14.0
DGKK01000015.1_32,C,C,C,A,ID=43_32;partial=00;start_type=ATG;rbs_motif=GGAG/GAGG;rbs_spacer=5-10bp;gc_cont=0.574,ID=43_32;partial=00;start_type=ATG;rbs_motif=GGAG/GAGG;rbs_spacer=5-10bp;gc,13.0
DHRA01000077.1_22,C,C,C,S,ID=78_22;partial=00;start_type=ATG;rbs_motif=AGGAGG;rbs_spacer=5-10bp;gc_cont=0.565,ID=78_22;partial=00;start_type=ATG;rbs_motif=AGGAGG;rbs_spacer=5-10bp;gc,14.0
DIKU01000150.1_6,C,C,C,S,ID=108_6;partial=00;start_type=ATG;rbs_motif=AGGAG;rbs_spacer=5-10bp;gc_cont=0.568,ID=108_6;partial=00;start_type=ATG;rbs_motif=AGGAG;rbs_spacer=5-10bp;gc,14.0
DLFY01000306.1_11,C,C,C,S,ID=134_11;partial=00;start_type=ATG;rbs_motif=GGAG/GAGG;rbs_spacer=5-10bp;gc_cont=0.551,ID=134_11;partial=00;start_type=ATG;rbs_motif=GGAG/GAGG;rbs_spacer=5-10bp;gc,14.0
PDZW01000001.1_59,C,C,C,S,ID=56_59;partial=00;start_type=ATG;rbs_motif=AGGAG;rbs_spacer=5-10bp;gc_cont=0.569,ID=56_59;partial=00;start_type=ATG;rbs_motif=AGGAG;rbs_spacer=5-10bp;gc,14.0
PHAW01000089.1_11,C,C,C,S,ID=155_11;partial=00;start_type=ATG;rbs_motif=GGAG/GAGG;rbs_spacer=5-10bp;gc_cont=0.580,ID=155_11;partial=00;start_type=ATG;rbs_motif=GGAG/GAGG;rbs_spacer=5-10bp;gc,14.0
PKTY01000309.1_5,C,C,C,S,ID=305_5;partial=00;start_type=ATG;rbs_motif=GGAG/GAGG;rbs_spacer=5-10bp;gc_cont=0.554,ID=305_5;partial=00;start_type=ATG;rbs_motif=GGAG/GAGG;rbs_spacer=5-10bp;gc,14.0
PLGI01000198.1_14,C,C,C,S,ID=11_14;partial=00;start_type=ATG;rbs_motif=AGGAG;rbs_spacer=5-10bp;gc_cont=0.512,ID=11_14;partial=00;start_type=ATG;rbs_motif=AGGAG;rbs_spacer=5-10bp;gc,14.0
PMKP01000052.1_4,C,C,C,S,ID=211_4;partial=00;start_type=ATG;rbs_motif=AGGAG;rbs_spacer=5-10bp;gc_cont=0.604,ID=211_4;partial=00;start_type=ATG;rbs_motif=AGGAG;rbs_spacer=5-10bp;gc,14.0
QKCF01000252.1_7,C,C,C,S,ID=235_7;partial=00;start_type=ATG;rbs_motif=AAAA;rbs_spacer=4bp;gc_cont=0.424,ID=235_7;partial=00;start_type=ATG;rbs_motif=AAAA;rbs_spacer=4bp;gc,14.0
QENH01000146.1_21,C,C,C,S,ID=58_21;partial=00;start_type=ATG;rbs_motif=AGGAGG;rbs_spacer=5-10bp;gc_cont=0.509,ID=58_21;partial=00;start_type=ATG;rbs_motif=AGGAGG;rbs_spacer=5-10bp;gc,14.0
PWVL01000125.1_9,C,C,C,S,ID=1_9;partial=00;start_type=ATG;rbs_motif=AGGAG;rbs_spacer=5-10bp;gc_cont=0.566,ID=1_9;partial=00;start_type=ATG;rbs_motif=AGGAG;rbs_spacer=5-10bp;gc,14.0
RSAS01000445.1_1,C,C,C,S,ID=906_1;partial=01;start_type=ATG;rbs_motif=GGAG/GAGG;rbs_spacer=5-10bp;gc_cont=0.609,ID=906_1;partial=01;start_type=ATG;rbs_motif=GGAG/GAGG;rbs_spacer=5-10bp;gc,14.0
SGBB01000018.1_28,C,C,C,S,ID=18_28;partial=00;start_type=ATG;rbs_motif=GGAGG;rbs_spacer=5-10bp;gc_cont=0.366,ID=18_28;partial=00;start_type=ATG;rbs_motif=GGAGG;rbs_spacer=5-10bp;gc,14.0
SOMG01000030.1_657,C,C,C,S,ID=1_657;partial=00;start_type=ATG;rbs_motif=GGAGG;rbs_spacer=5-10bp;gc_cont=0.561,ID=1_657;partial=00;start_type=ATG;rbs_motif=GGAGG;rbs_spacer=5-10bp;gc,14.0
VBWB01000033.1_22,C,C,C,S,ID=51_22;partial=00;start_type=ATG;rbs_motif=AGGAG;rbs_spacer=5-10bp;gc_cont=0.613,ID=51_22;partial=00;start_type=ATG;rbs_motif=AGGAG;rbs_spacer=5-10bp;gc,14.0
REEU01000229.1_21,C,C,C,S,ID=306_21;partial=00;start_type=ATG;rbs_motif=AGGAG;rbs_spacer=5-10bp;gc_cont=0.556,ID=306_21;partial=00;start_type=ATG;rbs_motif=AGGAG;rbs_spacer=5-10bp;gc,14.0
WKKR01000002.1_634,C,C,C,S,ID=3_634;partial=00;start_type=ATG;rbs_motif=AGGAG;rbs_spacer=5-10bp;gc_cont=0.602,ID=3_634;partial=00;start_type=ATG;rbs_motif=AGGAG;rbs_spacer=5-10bp;gc,14.0
VMEE01000076.1_35,C,C,C,S,ID=40_35;partial=00;start_type=ATG;rbs_motif=AGGAGG;rbs_spacer=5-10bp;gc_cont=0.511,ID=40_35;partial=00;start_type=ATG;rbs_motif=AGGAGG;rbs_spacer=5-10bp;gc,14.0
JAABSM010000061.1_14,C,C,C,S,ID=127_14;partial=00;start_type=ATG;rbs_motif=AGGAG;rbs_spacer=5-10bp;gc_cont=0.592,ID=127_14;partial=00;start_type=ATG;rbs_motif=AGGAG;rbs_spacer=5-10bp;gc,14.0
JAAUSQ010000036.1_3,C,C,C,S,ID=284_3;partial=00;start_type=ATG;rbs_motif=AGGAG;rbs_spacer=5-10bp;gc_cont=0.591,ID=284_3;partial=00;start_type=ATG;rbs_motif=AGGAG;rbs_spacer=5-10bp;gc,14.0
JAAYHY010000160.1_60,C,C,C,G,ID=129_60;partial=00;start_type=ATG;rbs_motif=AGGAGG;rbs_spacer=5-10bp;gc_cont=0.561,ID=129_60;partial=00;start_type=ATG;rbs_motif=AGGAGG;rbs_spacer=5-10bp;gc,13.0
JAADIK010000036.1_1,C,C,C,S,ID=56_1;partial=00;start_type=ATG;rbs_motif=GGAG/GAGG;rbs_spacer=5-10bp;gc_cont=0.555,ID=56_1;partial=00;start_type=ATG;rbs_motif=GGAG/GAGG;rbs_spacer=5-10bp;gc,14.0
DUGT01000122.1_11,C,C,C,S,ID=176_11;partial=00;start_type=ATG;rbs_motif=AGGAGG;rbs_spacer=5-10bp;gc_cont=0.449,ID=176_11;partial=00;start_type=ATG;rbs_motif=AGGAGG;rbs_spacer=5-10bp;gc,14.0
JAAXUF010000009.1_35,C,C,C,S,ID=26_35;partial=00;start_type=ATG;rbs_motif=AGGAGG;rbs_spacer=5-10bp;gc_cont=0.624,ID=26_35;partial=00;start_type=ATG;rbs_motif=AGGAGG;rbs_spacer=5-10bp;gc,14.0
CP059265.1_2627,C,C,C,S,ID=1_2627;partial=00;start_type=ATG;rbs_motif=GGAGG;rbs_spacer=5-10bp;gc_cont=0.541,ID=1_2627;partial=00;start_type=ATG;rbs_motif=GGAGG;rbs_spacer=5-10bp;gc,14.0
JAAUZH010000007.1_6,C,C,C,G,ID=7_6;partial=00;start_type=ATG;rbs_motif=AGGAGG;rbs_spacer=5-10bp;gc_cont=0.417,ID=7_6;partial=00;start_type=ATG;rbs_motif=AGGAGG;rbs_spacer=5-10bp;gc,13.0
SUXE01000001.1_233,C,C,C,G,ID=5_233;partial=00;start_type=ATG;rbs_motif=AAA;rbs_spacer=3bp;gc_cont=0.450,ID=5_233;partial=00;start_type=ATG;rbs_motif=AAA;rbs_spacer=3bp;gc,13.0
JADFYY010000116.1_6,C,C,C,S,ID=18_6;partial=00;start_type=ATG;rbs_motif=GGAGG;rbs_spacer=5-10bp;gc_cont=0.511,ID=18_6;partial=00;start_type=ATG;rbs_motif=GGAGG;rbs_spacer=5-10bp;gc,14.0
WGBU01000055.1_10,C,C,C,S,ID=55_10;partial=00;start_type=ATG;rbs_motif=AGGAGG;rbs_spacer=5-10bp;gc_cont=0.525,ID=55_10;partial=00;start_type=ATG;rbs_motif=AGGAGG;rbs_spacer=5-10bp;gc,14.0
JACPOH010000359.1_2,C,C,C,A,ID=336_2;partial=00;start_type=ATG;rbs_motif=GGAG/GAGG;rbs_spacer=5-10bp;gc_cont=0.604,ID=336_2;partial=00;start_type=ATG;rbs_motif=GGAG/GAGG;rbs_spacer=5-10bp;gc,13.0
JACRAW010000003.1_3,C,C,C,A,ID=21_3;partial=00;start_type=ATG;rbs_motif=GGA/GAG/AGG;rbs_spacer=5-10bp;gc_cont=0.612,ID=21_3;partial=00;start_type=ATG;rbs_motif=GGA/GAG/AGG;rbs_spacer=5-10bp;gc,13.0
JACRDC010000009.1_35,C,C,C,S,ID=18_35;partial=00;start_type=ATG;rbs_motif=AGGAG/GGAGG;rbs_spacer=11-12bp;gc_cont=0.660,ID=18_35;partial=00;start_type=ATG;rbs_motif=AGGAG/GGAGG;rbs_spacer=11-12bp;gc,14.0
JACRLO010000041.1_3,C,C,C,S,ID=22_3;partial=00;start_type=ATG;rbs_motif=AGGAGG;rbs_spacer=5-10bp;gc_cont=0.527,ID=22_3;partial=00;start_type=ATG;rbs_motif=AGGAGG;rbs_spacer=5-10bp;gc,14.0
JAEEVL010000007.1_18,C,C,C,G,ID=42_18;partial=00;start_type=ATG;rbs_motif=AGGAGG;rbs_spacer=5-10bp;gc_cont=0.470,ID=42_18;partial=00;start_type=ATG;rbs_motif=AGGAGG;rbs_spacer=5-10bp;gc,13.0
JADJQT010000002.1_442,C,C,C,S,ID=2_442;partial=00;start_type=ATG;rbs_motif=AGGAG;rbs_spacer=5-10bp;gc_cont=0.606,ID=2_442;partial=00;start_type=ATG;rbs_motif=AGGAG;rbs_spacer=5-10bp;gc,14.0
JADHTF010000033.1_14,C,C,C,S,ID=29_14;partial=00;start_type=ATG;rbs_motif=AAA;rbs_spacer=15bp;gc_cont=0.529,ID=29_14;partial=00;start_type=ATG;rbs_motif=AAA;rbs_spacer=15bp;gc,14.0
VGGK01000015.1_32,C,C,C,S,ID=15_32;partial=00;start_type=ATG;rbs_motif=None;rbs_spacer=None;gc_cont=0.568,ID=15_32;partial=00;start_type=ATG;rbs_motif=None;rbs_spacer=None;gc,14.0
JAFGQL010000107.1_2,C,C,C,S,ID=92_2;partial=00;start_type=ATG;rbs_motif=AGGAG;rbs_spacer=5-10bp;gc_cont=0.554,ID=92_2;partial=00;start_type=ATG;rbs_motif=AGGAG;rbs_spacer=5-10bp;gc,14.0
JABXKI010000394.1_28,C,C,C,S,ID=146_28;partial=00;start_type=ATG;rbs_motif=GGAG/GAGG;rbs_spacer=5-10bp;gc_cont=0.456,ID=146_28;partial=00;start_type=ATG;rbs_motif=GGAG/GAGG;rbs_spacer=5-10bp;gc,14.0
JAFRNB010000129.1_4,C,C,C,G,ID=121_4;partial=00;start_type=ATG;rbs_motif=AGGAG;rbs_spacer=5-10bp;gc_cont=0.456,ID=121_4;partial=00;start_type=ATG;rbs_motif=AGGAG;rbs_spacer=5-10bp;gc,13.0
JAFVEY010000027.1_5,C,C,C,G,ID=48_5;partial=00;start_type=ATG;rbs_motif=GGAGG;rbs_spacer=5-10bp;gc_cont=0.487,ID=48_5;partial=00;start_type=ATG;rbs_motif=GGAGG;rbs_spacer=5-10bp;gc,13.0
JAFXZT010000128.1_18,C,C,C,G,ID=28_18;partial=00;start_type=ATG;rbs_motif=TAAA;rbs_spacer=11bp;gc_cont=0.475,ID=28_18;partial=00;start_type=ATG;rbs_motif=TAAA;rbs_spacer=11bp;gc,13.0
JAGBNK010000006.1_8,C,C,C,G,ID=31_8;partial=00;start_type=ATG;rbs_motif=AGGAG;rbs_spacer=5-10bp;gc_cont=0.418,ID=31_8;partial=00;start_type=ATG;rbs_motif=AGGAG;rbs_spacer=5-10bp;gc,13.0
JADGRL010000026.1_43,C,C,C,S,ID=30_43;partial=00;start_type=ATG;rbs_motif=AGGAG;rbs_spacer=5-10bp;gc_cont=0.541,ID=30_43;partial=00;start_type=ATG;rbs_motif=AGGAG;rbs_spacer=5-10bp;gc,14.0
JAGCWY010000148.1_4,C,C,C,G,ID=83_4;partial=00;start_type=ATG;rbs_motif=GGA/GAG/AGG;rbs_spacer=5-10bp;gc_cont=0.436,ID=83_4;partial=00;start_type=ATG;rbs_motif=GGA/GAG/AGG;rbs_spacer=5-10bp;gc,13.0
JAGTRM010000007.1_60,C,C,C,S,ID=47_60;partial=00;start_type=ATG;rbs_motif=AGGAG;rbs_spacer=5-10bp;gc_cont=0.577,ID=47_60;partial=00;start_type=ATG;rbs_motif=AGGAG;rbs_spacer=5-10bp;gc,14.0
JAHITX010000079.1_96,C,C,C,S,ID=2_96;partial=00;start_type=ATG;rbs_motif=GGAG/GAGG;rbs_spacer=5-10bp;gc_cont=0.429,ID=2_96;partial=00;start_type=ATG;rbs_motif=GGAG/GAGG;rbs_spacer=5-10bp;gc,14.0
JAHIFE010000121.1_50,C,C,C,S,ID=175_50;partial=00;start_type=ATG;rbs_motif=GGAG/GAGG;rbs_spacer=5-10bp;gc_cont=0.433,ID=175_50;partial=00;start_type=ATG;rbs_motif=GGAG/GAGG;rbs_spacer=5-10bp;gc,14.0
JAGRPM010000022.1_62,C,C,C,A,ID=76_62;partial=00;start_type=ATG;rbs_motif=GGAG/GAGG;rbs_spacer=5-10bp;gc_cont=0.596,ID=76_62;partial=00;start_type=ATG;rbs_motif=GGAG/GAGG;rbs_spacer=5-10bp;gc,13.0
JAIHAU010000030.1_13,C,C,C,S,ID=67_13;partial=00;start_type=ATG;rbs_motif=GGA/GAG/AGG;rbs_spacer=5-10bp;gc_cont=0.507,ID=67_13;partial=00;start_type=ATG;rbs_motif=GGA/GAG/AGG;rbs_spacer=5-10bp;gc,14.0
JAHLLK010000028.1_34,C,C,C,S,ID=16_34;partial=00;start_type=ATG;rbs_motif=GGAG/GAGG;rbs_spacer=5-10bp;gc_cont=0.665,ID=16_34;partial=00;start_type=ATG;rbs_motif=GGAG/GAGG;rbs_spacer=5-10bp;gc,14.0
DYNN01000156.1_1,C,C,C,S,ID=65_1;partial=00;start_type=ATG;rbs_motif=GGAGG;rbs_spacer=5-10bp;gc_cont=0.411,ID=65_1;partial=00;start_type=ATG;rbs_motif=GGAGG;rbs_spacer=5-10bp;gc,14.0
JAIOSZ010000015.1_1,C,C,F,S,ID=251_1;partial=00;start_type=ATG;rbs_motif=AGGAG;rbs_spacer=5-10bp;gc_cont=0.559,ID=251_1;partial=00;start_type=ATG;rbs_motif=AGGAG;rbs_spacer=5-10bp;gc,11.0
JAJFUC010000052.1_40,C,C,C,S,ID=103_40;partial=00;start_type=ATG;rbs_motif=GGAGG;rbs_spacer=5-10bp;gc_cont=0.323,ID=103_40;partial=00;start_type=ATG;rbs_motif=GGAGG;rbs_spacer=5-10bp;gc,14.0
JAJYBU010000006.1_87,C,C,C,A,ID=13_87;partial=00;start_type=ATG;rbs_motif=AGGAG;rbs_spacer=5-10bp;gc_cont=0.558,ID=13_87;partial=00;start_type=ATG;rbs_motif=AGGAG;rbs_spacer=5-10bp;gc,13.0
JAJXUP010000018.1_23,C,C,C,A,ID=86_23;partial=00;start_type=ATG;rbs_motif=GGAG/GAGG;rbs_spacer=5-10bp;gc_cont=0.573,ID=86_23;partial=00;start_type=ATG;rbs_motif=GGAG/GAGG;rbs_spacer=5-10bp;gc,13.0
JAJYXB010000019.1_132,C,C,C,S,ID=26_132;partial=00;start_type=ATG;rbs_motif=AGGAGG;rbs_spacer=5-10bp;gc_cont=0.630,ID=26_132;partial=00;start_type=ATG;rbs_motif=AGGAGG;rbs_spacer=5-10bp;gc,14.0
JAJZRT010000001.1_30,C,C,C,A,ID=1_30;partial=00;start_type=ATG;rbs_motif=AGGAG;rbs_spacer=5-10bp;gc_cont=0.587,ID=1_30;partial=00;start_type=ATG;rbs_motif=AGGAG;rbs_spacer=5-10bp;gc,13.0
JAKAKP010000064.1_25,C,C,C,S,ID=9_25;partial=00;start_type=ATG;rbs_motif=AGGA;rbs_spacer=5-10bp;gc_cont=0.615,ID=9_25;partial=00;start_type=ATG;rbs_motif=AGGA;rbs_spacer=5-10bp;gc,14.0
JAJZSH010000192.1_3,C,C,C,S,ID=116_3;partial=00;start_type=ATG;rbs_motif=GGAG/GAGG;rbs_spacer=5-10bp;gc_cont=0.598,ID=116_3;partial=00;start_type=ATG;rbs_motif=GGAG/GAGG;rbs_spacer=5-10bp;gc,14.0
JAJZVN010000019.1_13,C,C,C,S,ID=23_13;partial=00;start_type=ATG;rbs_motif=GGAGG;rbs_spacer=5-10bp;gc_cont=0.361,ID=23_13;partial=00;start_type=ATG;rbs_motif=GGAGG;rbs_spacer=5-10bp;gc,14.0
JAKSDJ010000199.1_9,C,C,C,S,ID=862_9;partial=00;start_type=ATG;rbs_motif=AGGAG;rbs_spacer=5-10bp;gc_cont=0.613,ID=862_9;partial=00;start_type=ATG;rbs_motif=AGGAG;rbs_spacer=5-10bp;gc,14.0
JAKJHH010000105.1_2,C,C,C,S,ID=6_2;partial=00;start_type=ATG;rbs_motif=AGGAGG;rbs_spacer=5-10bp;gc_cont=0.501,ID=6_2;partial=00;start_type=ATG;rbs_motif=AGGAGG;rbs_spacer=5-10bp;gc,14.0
JAGLMY010000013.1_12,C,C,C,S,ID=35_12;partial=01;start_type=ATG;rbs_motif=AGGAG;rbs_spacer=5-10bp;gc_cont=0.511,ID=35_12;partial=01;start_type=ATG;rbs_motif=AGGAG;rbs_spacer=5-10bp;gc,14.0
JAHFTC010000043.1_4,C,C,C,S,ID=65_4;partial=00;start_type=ATG;rbs_motif=None;rbs_spacer=None;gc_cont=0.641,ID=65_4;partial=00;start_type=ATG;rbs_motif=None;rbs_spacer=None;gc,14.0
JAEVYY010000014.1_156,C,C,C,S,ID=18_156;partial=00;start_type=GTG;rbs_motif=GGAGG;rbs_spacer=5-10bp;gc_cont=0.428,ID=18_156;partial=00;start_type=GTG;rbs_motif=GGAGG;rbs_spacer=5-10bp;gc,14.0
JAEWSZ010000030.1_14,C,C,C,S,ID=136_14;partial=01;start_type=ATG;rbs_motif=GGAGG;rbs_spacer=5-10bp;gc_cont=0.480,ID=136_14;partial=01;start_type=ATG;rbs_motif=GGAGG;rbs_spacer=5-10bp;gc,14.0
JAEYJO010000061.1_78,C,C,C,S,ID=61_78;partial=00;start_type=GTG;rbs_motif=AGGAGG;rbs_spacer=5-10bp;gc_cont=0.459,ID=61_78;partial=00;start_type=GTG;rbs_motif=AGGAGG;rbs_spacer=5-10bp;gc,14.0
JAEYNI010000044.1_3,C,C,C,G,ID=375_3;partial=00;start_type=ATG;rbs_motif=GGAG/GAGG;rbs_spacer=5-10bp;gc_cont=0.423,ID=375_3;partial=00;start_type=ATG;rbs_motif=GGAG/GAGG;rbs_spacer=5-10bp;gc,13.0
JAEZGY010000030.1_43,C,C,C,S,ID=11_43;partial=00;start_type=ATG;rbs_motif=AGGAGG;rbs_spacer=5-10bp;gc_cont=0.383,ID=11_43;partial=00;start_type=ATG;rbs_motif=AGGAGG;rbs_spacer=5-10bp;gc,14.0
JAFABB010000014.1_115,C,C,C,S,ID=29_115;partial=00;start_type=ATG;rbs_motif=AGGAG;rbs_spacer=5-10bp;gc_cont=0.455,ID=29_115;partial=00;start_type=ATG;rbs_motif=AGGAG;rbs_spacer=5-10bp;gc,14.0
JAEZLH010000029.1_28,C,C,C,S,ID=9_28;partial=00;start_type=ATG;rbs_motif=AGGAGG;rbs_spacer=5-10bp;gc_cont=0.432,ID=9_28;partial=00;start_type=ATG;rbs_motif=AGGAGG;rbs_spacer=5-10bp;gc,14.0
JAEXNT010000068.1_36,C,C,C,S,ID=87_36;partial=00;start_type=ATG;rbs_motif=GGAGG;rbs_spacer=5-10bp;gc_cont=0.522,ID=87_36;partial=00;start_type=ATG;rbs_motif=GGAGG;rbs_spacer=5-10bp;gc,14.0
JAEXSP010000008.1_151,C,C,C,S,ID=9_151;partial=00;start_type=ATG;rbs_motif=AGGAGG;rbs_spacer=5-10bp;gc_cont=0.428,ID=9_151;partial=00;start_type=ATG;rbs_motif=AGGAGG;rbs_spacer=5-10bp;gc,14.0
JAMPGO010000038.1_9,C,C,C,G,ID=31_9;partial=00;start_type=ATG;rbs_motif=AGGAGG;rbs_spacer=5-10bp;gc_cont=0.459,ID=31_9;partial=00;start_type=ATG;rbs_motif=AGGAGG;rbs_spacer=5-10bp;gc,13.0
JANKMW010000017.1_14,C,C,C,S,ID=88_14;partial=00;start_type=GTG;rbs_motif=GGT;rbs_spacer=7bp;gc_cont=0.584,ID=88_14;partial=00;start_type=GTG;rbs_motif=GGT;rbs_spacer=7bp;gc,14.0
JAILFN010000048.1_5,C,C,C,G,ID=103_5;partial=00;start_type=ATG;rbs_motif=GGAGG;rbs_spacer=5-10bp;gc_cont=0.487,ID=103_5;partial=00;start_type=ATG;rbs_motif=GGAGG;rbs_spacer=5-10bp;gc,13.0
CP104042.1_280,C,C,C,A,ID=3_280;partial=00;start_type=ATG;rbs_motif=GGAG/GAGG;rbs_spacer=5-10bp;gc_cont=0.547,ID=3_280;partial=00;start_type=ATG;rbs_motif=GGAG/GAGG;rbs_spacer=5-10bp;gc,13.0
OMXI01000001.1_27,C,C,C,G,ID=43_27;partial=00;start_type=ATG;rbs_motif=GGA/GAG/AGG;rbs_spacer=5-10bp;gc_cont=0.497,ID=43_27;partial=00;start_type=ATG;rbs_motif=GGA/GAG/AGG;rbs_spacer=5-10bp;gc,13.0
UQPB01000008.1_20,C,C,C,S,ID=8_20;partial=00;start_type=ATG;rbs_motif=AGGAG;rbs_spacer=5-10bp;gc_cont=0.568,ID=8_20;partial=00;start_type=ATG;rbs_motif=AGGAG;rbs_spacer=5-10bp;gc,14.0
CACWPP010000036.1_16,C,C,C,G,ID=36_16;partial=00;start_type=ATG;rbs_motif=AGGAG;rbs_spacer=5-10bp;gc_cont=0.519,ID=36_16;partial=00;start_type=ATG;rbs_motif=AGGAG;rbs_spacer=5-10bp;gc,13.0
CACYMP010000012.1_43,C,C,C,G,ID=12_43;partial=00;start_type=ATG;rbs_motif=GGAGG;rbs_spacer=5-10bp;gc_cont=0.498,ID=12_43;partial=00;start_type=ATG;rbs_motif=GGAGG;rbs_spacer=5-10bp;gc,13.0
CACZSI010000131.1_3,C,C,C,G,ID=131_3;partial=00;start_type=ATG;rbs_motif=GGA/GAG/AGG;rbs_spacer=5-10bp;gc_cont=0.385,ID=131_3;partial=00;start_type=ATG;rbs_motif=GGA/GAG/AGG;rbs_spacer=5-10bp;gc,13.0
CADBNS010000145.1_8,C,C,C,G,ID=145_8;partial=00;start_type=ATG;rbs_motif=AGGA/GGAG/GAGG;rbs_spacer=11-12bp;gc_cont=0.450,ID=145_8;partial=00;start_type=ATG;rbs_motif=AGGA/GGAG/GAGG;rbs_spacer=11-12bp;gc,13.0
CADCRH010000056.1_19,C,C,C,G,ID=56_19;partial=00;start_type=ATG;rbs_motif=GGAGG;rbs_spacer=5-10bp;gc_cont=0.454,ID=56_19;partial=00;start_type=ATG;rbs_motif=GGAGG;rbs_spacer=5-10bp;gc,13.0
CAILJB010000047.1_13,C,C,C,S,ID=47_13;partial=00;start_type=ATG;rbs_motif=AGGAG;rbs_spacer=5-10bp;gc_cont=0.412,ID=47_13;partial=00;start_type=ATG;rbs_motif=AGGAG;rbs_spacer=5-10bp;gc,14.0
CAINTR010000186.1_71,C,C,C,S,ID=186_71;partial=00;start_type=ATG;rbs_motif=AGGAG;rbs_spacer=5-10bp;gc_cont=0.622,ID=186_71;partial=00;start_type=ATG;rbs_motif=AGGAG;rbs_spacer=5-10bp;gc,14.0
CAIQPV010000543.1_8,C,C,C,A,ID=543_8;partial=00;start_type=ATG;rbs_motif=AGGAG;rbs_spacer=5-10bp;gc_cont=0.552,ID=543_8;partial=00;start_type=ATG;rbs_motif=AGGAG;rbs_spacer=5-10bp;gc,13.0
CAITSZ010000047.1_155,C,C,C,S,ID=47_155;partial=00;start_type=ATG;rbs_motif=None;rbs_spacer=None;gc_cont=0.505,ID=47_155;partial=00;start_type=ATG;rbs_motif=None;rbs_spacer=None;gc,14.0
CAIVVZ010000337.1_2,C,C,C,S,ID=337_2;partial=00;start_type=ATG;rbs_motif=GGAG/GAGG;rbs_spacer=5-10bp;gc_cont=0.514,ID=337_2;partial=00;start_type=ATG;rbs_motif=GGAG/GAGG;rbs_spacer=5-10bp;gc,14.0
CAIYPU010000010.1_1,C,C,C,S,ID=10_1;partial=00;start_type=ATG;rbs_motif=None;rbs_spacer=None;gc_cont=0.591,ID=10_1;partial=00;start_type=ATG;rbs_motif=None;rbs_spacer=None;gc,14.0
CAJATU010000063.1_23,C,C,C,A,ID=63_23;partial=00;start_type=ATG;rbs_motif=AGxAGG/AGGxGG;rbs_spacer=5-10bp;gc_cont=0.587,ID=63_23;partial=00;start_type=ATG;rbs_motif=AGxAGG/AGGxGG;rbs_spacer=5-10bp;gc,13.0
CAJOOB010000069.1_8,C,C,C,G,ID=69_8;partial=00;start_type=ATG;rbs_motif=AGGAGG;rbs_spacer=5-10bp;gc_cont=0.383,ID=69_8;partial=00;start_type=ATG;rbs_motif=AGGAGG;rbs_spacer=5-10bp;gc,13.0
CAJYGK010000029.1_9,C,C,C,A,ID=29_9;partial=00;start_type=ATG;rbs_motif=AGGAG;rbs_spacer=5-10bp;gc_cont=0.632,ID=29_9;partial=00;start_type=ATG;rbs_motif=AGGAG;rbs_spacer=5-10bp;gc,13.0
NC_002939.5_2779,C,C,C,S,ID=1_2779;partial=00;start_type=ATG;rbs_motif=AGGAG;rbs_spacer=5-10bp;gc_cont=0.616,ID=1_2779;partial=00;start_type=ATG;rbs_motif=AGGAG;rbs_spacer=5-10bp;gc,14.0
NC_009012.1_1631,C,C,C,G,ID=1_1631;partial=00;start_type=ATG;rbs_motif=AGGAGG;rbs_spacer=5-10bp;gc_cont=0.467,ID=1_1631;partial=00;start_type=ATG;rbs_motif=AGGAGG;rbs_spacer=5-10bp;gc,13.0
NC_011365.1_1573,C,C,C,A,ID=1_1573;partial=00;start_type=ATG;rbs_motif=GGAG/GAGG;rbs_spacer=5-10bp;gc_cont=0.609,ID=1_1573;partial=00;start_type=ATG;rbs_motif=GGAG/GAGG;rbs_spacer=5-10bp;gc,13.0
NC_014328.1_466,C,C,C,S,ID=1_466;partial=00;start_type=ATG;rbs_motif=AGGAGG;rbs_spacer=5-10bp;gc_cont=0.362,ID=1_466;partial=00;start_type=ATG;rbs_motif=AGGAGG;rbs_spacer=5-10bp;gc,14.0
NZ_ACXX02000015.1_86,C,C,C,S,ID=17_86;partial=00;start_type=ATG;rbs_motif=AGGAGG;rbs_spacer=5-10bp;gc_cont=0.415,ID=17_86;partial=00;start_type=ATG;rbs_motif=AGGAGG;rbs_spacer=5-10bp;gc,14.0
NC_005863.1_11,C,C,C,S,ID=2_11;partial=00;start_type=ATG;rbs_motif=AGGAG;rbs_spacer=5-10bp;gc_cont=0.657,ID=2_11;partial=00;start_type=ATG;rbs_motif=AGGAG;rbs_spacer=5-10bp;gc,14.0
NZ_CM001555.1_529,C,C,C,S,ID=1_529;partial=00;start_type=ATG;rbs_motif=GGAG/GAGG;rbs_spacer=5-10bp;gc_cont=0.593,ID=1_529;partial=00;start_type=ATG;rbs_motif=GGAG/GAGG;rbs_spacer=5-10bp;gc,14.0
NZ_CAIY01000015.1_22,C,C,C,S,ID=76_22;partial=00;start_type=ATG;rbs_motif=GGA/GAG/AGG;rbs_spacer=5-10bp;gc_cont=0.409,ID=76_22;partial=00;start_type=ATG;rbs_motif=GGA/GAG/AGG;rbs_spacer=5-10bp;gc,14.0
NZ_KB905847.1_73,C,C,C,S,ID=9_73;partial=00;start_type=ATG;rbs_motif=AGGAGG;rbs_spacer=5-10bp;gc_cont=0.405,ID=9_73;partial=00;start_type=ATG;rbs_motif=AGGAGG;rbs_spacer=5-10bp;gc,14.0
NZ_AUGZ01000010.1_48,C,C,C,A,ID=7_48;partial=00;start_type=ATG;rbs_motif=AGGAG;rbs_spacer=5-10bp;gc_cont=0.615,ID=7_48;partial=00;start_type=ATG;rbs_motif=AGGAG;rbs_spacer=5-10bp;gc,13.0
NZ_KE386494.1_449,C,C,C,S,ID=2_449;partial=00;start_type=ATG;rbs_motif=AGGAGG;rbs_spacer=5-10bp;gc_cont=0.422,ID=2_449;partial=00;start_type=ATG;rbs_motif=AGGAGG;rbs_spacer=5-10bp;gc,14.0
NC_022444.1_1195,C,C,C,S,ID=1_1195;partial=00;start_type=ATG;rbs_motif=AGGAG;rbs_spacer=5-10bp;gc_cont=0.631,ID=1_1195;partial=00;start_type=ATG;rbs_motif=AGGAG;rbs_spacer=5-10bp;gc,14.0
NZ_KI632512.1_2815,C,C,C,S,ID=1_2815;partial=00;start_type=ATG;rbs_motif=GGA/GAG/AGG;rbs_spacer=5-10bp;gc_cont=0.637,ID=1_2815;partial=00;start_type=ATG;rbs_motif=GGA/GAG/AGG;rbs_spacer=5-10bp;gc,14.0
NZ_AZUI01000001.1_5339,C,C,C,S,ID=1_5339;partial=00;start_type=ATG;rbs_motif=AGGAGG;rbs_spacer=5-10bp;gc_cont=0.481,ID=1_5339;partial=00;start_type=ATG;rbs_motif=AGGAGG;rbs_spacer=5-10bp;gc,14.0
NZ_JMMA01000002.1_735,C,C,C,G,ID=2_735;partial=00;start_type=ATG;rbs_motif=AGGAG;rbs_spacer=5-10bp;gc_cont=0.515,ID=2_735;partial=00;start_type=ATG;rbs_motif=AGGAG;rbs_spacer=5-10bp;gc,13.0
NZ_JPOQ01000010.1_47,C,C,C,A,ID=10_47;partial=00;start_type=ATG;rbs_motif=AGGAG;rbs_spacer=5-10bp;gc_cont=0.536,ID=10_47;partial=00;start_type=ATG;rbs_motif=AGGAG;rbs_spacer=5-10bp;gc,13.0
NZ_CP006879.1_260,C,C,C,A,ID=3_260;partial=00;start_type=ATG;rbs_motif=GGA/GAG/AGG;rbs_spacer=5-10bp;gc_cont=0.595,ID=3_260;partial=00;start_type=ATG;rbs_motif=GGA/GAG/AGG;rbs_spacer=5-10bp;gc,13.0
NZ_CP009526.1_864,C,C,C,S,ID=1_864;partial=00;start_type=ATG;rbs_motif=GGAG/GAGG;rbs_spacer=5-10bp;gc_cont=0.472,ID=1_864;partial=00;start_type=ATG;rbs_motif=GGAG/GAGG;rbs_spacer=5-10bp;gc,14.0
NZ_LGTC01000001.1_5341,C,C,C,S,ID=1_5341;partial=00;start_type=ATG;rbs_motif=GGAGG;rbs_spacer=5-10bp;gc_cont=0.407,ID=1_5341;partial=00;start_type=ATG;rbs_motif=GGAGG;rbs_spacer=5-10bp;gc,14.0
NZ_LN881723.1_315,C,C,C,S,ID=6_315;partial=00;start_type=ATG;rbs_motif=AGxAGG/AGGxGG;rbs_spacer=5-10bp;gc_cont=0.562,ID=6_315;partial=00;start_type=ATG;rbs_motif=AGxAGG/AGGxGG;rbs_spacer=5-10bp;gc,14.0
NZ_BDCO01000002.1_1285,C,C,C,S,ID=2_1285;partial=00;start_type=ATG;rbs_motif=None;rbs_spacer=None;gc_cont=0.627,ID=2_1285;partial=00;start_type=ATG;rbs_motif=None;rbs_spacer=None;gc,14.0
NZ_LYBV02000034.1_8,C,C,C,S,ID=28_8;partial=00;start_type=ATG;rbs_motif=TAAAA;rbs_spacer=9bp;gc_cont=0.396,ID=28_8;partial=00;start_type=ATG;rbs_motif=TAAAA;rbs_spacer=9bp;gc,14.0
NZ_LPWG01000014.1_94,C,C,C,A,ID=14_94;partial=00;start_type=ATG;rbs_motif=AGGA;rbs_spacer=5-10bp;gc_cont=0.610,ID=14_94;partial=00;start_type=ATG;rbs_motif=AGGA;rbs_spacer=5-10bp;gc,13.0
NZ_LGHL01000034.1_40,C,C,C,A,ID=269_40;partial=00;start_type=ATG;rbs_motif=GGA/GAG/AGG;rbs_spacer=5-10bp;gc_cont=0.554,ID=269_40;partial=00;start_type=ATG;rbs_motif=GGA/GAG/AGG;rbs_spacer=5-10bp;gc,13.0
NZ_CP020384.1_1348,C,C,C,A,ID=1_1348;partial=00;start_type=ATG;rbs_motif=AGGA;rbs_spacer=5-10bp;gc_cont=0.628,ID=1_1348;partial=00;start_type=ATG;rbs_motif=AGGA;rbs_spacer=5-10bp;gc,13.0
NZ_NOLJ01000004.1_647,C,C,C,S,ID=25_647;partial=00;start_type=ATG;rbs_motif=GGAG/GAGG;rbs_spacer=5-10bp;gc_cont=0.456,ID=25_647;partial=00;start_type=ATG;rbs_motif=GGAG/GAGG;rbs_spacer=5-10bp;gc,14.0
NZ_AP018207.1_6301,C,C,C,S,ID=1_6301;partial=00;start_type=ATG;rbs_motif=None;rbs_spacer=None;gc_cont=0.455,ID=1_6301;partial=00;start_type=ATG;rbs_motif=None;rbs_spacer=None;gc,14.0
NZ_CP024955.1_1594,C,C,C,S,ID=1_1594;partial=00;start_type=ATG;rbs_motif=GGAG/GAGG;rbs_spacer=5-10bp;gc_cont=0.569,ID=1_1594;partial=00;start_type=ATG;rbs_motif=GGAG/GAGG;rbs_spacer=5-10bp;gc,14.0
NZ_PTIY01000019.1_20,C,C,C,S,ID=19_20;partial=00;start_type=ATG;rbs_motif=AGGAG;rbs_spacer=5-10bp;gc_cont=0.487,ID=19_20;partial=00;start_type=ATG;rbs_motif=AGGAG;rbs_spacer=5-10bp;gc,14.0
NZ_QAYC01000001.1_254,C,C,C,A,ID=1_254;partial=00;start_type=ATG;rbs_motif=AGGA;rbs_spacer=5-10bp;gc_cont=0.634,ID=1_254;partial=00;start_type=ATG;rbs_motif=AGGA;rbs_spacer=5-10bp;gc,13.0
NZ_PDNZ01000007.1_91,C,C,C,S,ID=17_91;partial=00;start_type=ATG;rbs_motif=AAAAAA;rbs_spacer=14bp;gc_cont=0.505,ID=17_91;partial=00;start_type=ATG;rbs_motif=AAAAAA;rbs_spacer=14bp;gc,14.0
NZ_PSYR01000002.1_1291,C,C,C,A,ID=2_1291;partial=00;start_type=ATG;rbs_motif=GGAG/GAGG;rbs_spacer=5-10bp;gc_cont=0.613,ID=2_1291;partial=00;start_type=ATG;rbs_motif=GGAG/GAGG;rbs_spacer=5-10bp;gc,13.0
NZ_QZWZ01000047.1_18,C,C,C,A,ID=232_18;partial=00;start_type=ATG;rbs_motif=GGAG/GAGG;rbs_spacer=5-10bp;gc_cont=0.596,ID=232_18;partial=00;start_type=ATG;rbs_motif=GGAG/GAGG;rbs_spacer=5-10bp;gc,13.0
NZ_RQIH01000041.1_7,C,C,C,A,ID=35_7;partial=00;start_type=ATG;rbs_motif=GGA/GAG/AGG;rbs_spacer=5-10bp;gc_cont=0.590,ID=35_7;partial=00;start_type=ATG;rbs_motif=GGA/GAG/AGG;rbs_spacer=5-10bp;gc,13.0
NZ_RZRU01000010.1_13,C,C,C,A,ID=74_13;partial=00;start_type=ATG;rbs_motif=GGAG/GAGG;rbs_spacer=5-10bp;gc_cont=0.592,ID=74_13;partial=00;start_type=ATG;rbs_motif=GGAG/GAGG;rbs_spacer=5-10bp;gc,13.0
NZ_CP026538.1_1958,C,C,C,S,ID=1_1958;partial=00;start_type=ATG;rbs_motif=AGGA;rbs_spacer=5-10bp;gc_cont=0.639,ID=1_1958;partial=00;start_type=ATG;rbs_motif=AGGA;rbs_spacer=5-10bp;gc,14.0
NZ_SLZW01000007.1_149,C,C,C,S,ID=7_149;partial=00;start_type=ATG;rbs_motif=AGGAG/GGAGG;rbs_spacer=11-12bp;gc_cont=0.581,ID=7_149;partial=00;start_type=ATG;rbs_motif=AGGAG/GGAGG;rbs_spacer=11-12bp;gc,14.0
NZ_PGGK01000004.1_122,C,C,C,S,ID=40_122;partial=00;start_type=ATG;rbs_motif=GGAGG;rbs_spacer=5-10bp;gc_cont=0.473,ID=40_122;partial=00;start_type=ATG;rbs_motif=GGAGG;rbs_spacer=5-10bp;gc,14.0
NZ_CP061336.1_253,C,C,C,S,ID=1_253;partial=00;start_type=ATG;rbs_motif=AGGAGG;rbs_spacer=5-10bp;gc_cont=0.366,ID=1_253;partial=00;start_type=ATG;rbs_motif=AGGAGG;rbs_spacer=5-10bp;gc,14.0
NZ_SBHN01000005.1_118,C,C,C,A,ID=45_118;partial=00;start_type=ATG;rbs_motif=AGGAG;rbs_spacer=5-10bp;gc_cont=0.618,ID=45_118;partial=00;start_type=ATG;rbs_motif=AGGAG;rbs_spacer=5-10bp;gc,13.0
NZ_SJPY01000001.1_316,C,C,C,S,ID=1_316;partial=00;start_type=ATG;rbs_motif=AGGA;rbs_spacer=5-10bp;gc_cont=0.537,ID=1_316;partial=00;start_type=ATG;rbs_motif=AGGA;rbs_spacer=5-10bp;gc,14.0
NZ_VYKJ01000018.1_7,C,C,C,S,ID=10_7;partial=00;start_type=ATG;rbs_motif=GGAGG;rbs_spacer=5-10bp;gc_cont=0.588,ID=10_7;partial=00;start_type=ATG;rbs_motif=GGAGG;rbs_spacer=5-10bp;gc,14.0
NZ_AP021879.1_5399,C,C,C,S,ID=1_5399;partial=00;start_type=ATG;rbs_motif=GGAG/GAGG;rbs_spacer=5-10bp;gc_cont=0.523,ID=1_5399;partial=00;start_type=ATG;rbs_motif=GGAG/GAGG;rbs_spacer=5-10bp;gc,14.0
NZ_CP047602.1_1011,C,C,C,S,ID=1_1011;partial=00;start_type=TTG;rbs_motif=GGAG/GAGG;rbs_spacer=5-10bp;gc_cont=0.396,ID=1_1011;partial=00;start_type=TTG;rbs_motif=GGAG/GAGG;rbs_spacer=5-10bp;gc,14.0
NZ_JAAIYP010000011.1_66,C,C,C,S,ID=11_66;partial=00;start_type=ATG;rbs_motif=AGGAG;rbs_spacer=5-10bp;gc_cont=0.619,ID=11_66;partial=00;start_type=ATG;rbs_motif=AGGAG;rbs_spacer=5-10bp;gc,14.0
NZ_WTVN01000011.1_9,C,C,C,A,ID=20_9;partial=00;start_type=ATG;rbs_motif=GGAG/GAGG;rbs_spacer=5-10bp;gc_cont=0.645,ID=20_9;partial=00;start_type=ATG;rbs_motif=GGAG/GAGG;rbs_spacer=5-10bp;gc,13.0
NZ_JABEKV010000012.1_42,C,C,C,A,ID=4_42;partial=00;start_type=ATG;rbs_motif=GGAG/GAGG;rbs_spacer=5-10bp;gc_cont=0.575,ID=4_42;partial=00;start_type=ATG;rbs_motif=GGAG/GAGG;rbs_spacer=5-10bp;gc,13.0
NZ_JABEQH010000007.1_141,C,C,C,A,ID=7_141;partial=00;start_type=ATG;rbs_motif=AGxAGG/AGGxGG;rbs_spacer=5-10bp;gc_cont=0.609,ID=7_141;partial=00;start_type=ATG;rbs_motif=AGxAGG/AGGxGG;rbs_spacer=5-10bp;gc,13.0
NZ_JACHIE010000004.1_73,C,C,C,A,ID=4_73;partial=00;start_type=ATG;rbs_motif=AGGAG;rbs_spacer=5-10bp;gc_cont=0.519,ID=4_73;partial=00;start_type=ATG;rbs_motif=AGGAG;rbs_spacer=5-10bp;gc,13.0
NZ_JACJQU010000006.1_52,C,C,C,S,ID=43_52;partial=00;start_type=ATG;rbs_motif=GGAG/GAGG;rbs_spacer=5-10bp;gc_cont=0.441,ID=43_52;partial=00;start_type=ATG;rbs_motif=GGAG/GAGG;rbs_spacer=5-10bp;gc,14.0
NZ_JADDIX010000091.1_90,C,C,C,S,ID=92_90;partial=00;start_type=ATG;rbs_motif=AGGAG;rbs_spacer=5-10bp;gc_cont=0.617,ID=92_90;partial=00;start_type=ATG;rbs_motif=AGGAG;rbs_spacer=5-10bp;gc,14.0
NZ_JAEAGR010000013.1_109,C,C,C,S,ID=5_109;partial=00;start_type=ATG;rbs_motif=AGGAGG;rbs_spacer=5-10bp;gc_cont=0.441,ID=5_109;partial=00;start_type=ATG;rbs_motif=AGGAGG;rbs_spacer=5-10bp;gc,14.0
NZ_CP067102.1_1520,C,C,C,A,ID=1_1520;partial=00;start_type=ATG;rbs_motif=AGGA;rbs_spacer=5-10bp;gc_cont=0.581,ID=1_1520;partial=00;start_type=ATG;rbs_motif=AGGA;rbs_spacer=5-10bp;gc,13.0
NZ_JAFBEP010000007.1_20,C,C,C,G,ID=7_20;partial=00;start_type=ATG;rbs_motif=GGAGG;rbs_spacer=5-10bp;gc_cont=0.422,ID=7_20;partial=00;start_type=ATG;rbs_motif=GGAGG;rbs_spacer=5-10bp;gc,13.0
NZ_JAGIPX010000087.1_23,C,C,C,A,ID=286_23;partial=00;start_type=ATG;rbs_motif=AGGAG;rbs_spacer=5-10bp;gc_cont=0.549,ID=286_23;partial=00;start_type=ATG;rbs_motif=AGGAG;rbs_spacer=5-10bp;gc,13.0
NZ_JAFCKP010000033.1_8,C,C,C,A,ID=27_8;partial=00;start_type=ATG;rbs_motif=GGAG/GAGG;rbs_spacer=5-10bp;gc_cont=0.620,ID=27_8;partial=00;start_type=ATG;rbs_motif=GGAG/GAGG;rbs_spacer=5-10bp;gc,13.0
NZ_JAHFZF010000007.1_15,C,C,C,A,ID=7_15;partial=00;start_type=ATG;rbs_motif=GGAG/GAGG;rbs_spacer=5-10bp;gc_cont=0.590,ID=7_15;partial=00;start_type=ATG;rbs_motif=GGAG/GAGG;rbs_spacer=5-10bp;gc,13.0
NZ_CP079095.1_958,C,C,C,A,ID=1_958;partial=00;start_type=ATG;rbs_motif=AGGAG;rbs_spacer=5-10bp;gc_cont=0.606,ID=1_958;partial=00;start_type=ATG;rbs_motif=AGGAG;rbs_spacer=5-10bp;gc,13.0
NZ_JAINZO010000001.1_1152,C,C,C,S,ID=1_1152;partial=00;start_type=ATG;rbs_motif=AGGAG;rbs_spacer=5-10bp;gc_cont=0.602,ID=1_1152;partial=00;start_type=ATG;rbs_motif=AGGAG;rbs_spacer=5-10bp;gc,14.0
NZ_AP024485.1_1241,C,C,C,S,ID=1_1241;partial=00;start_type=ATG;rbs_motif=AGGA;rbs_spacer=5-10bp;gc_cont=0.587,ID=1_1241;partial=00;start_type=ATG;rbs_motif=AGGA;rbs_spacer=5-10bp;gc,14.0
NZ_JAIRDQ010000013.1_196,C,C,C,A,ID=5_196;partial=00;start_type=ATG;rbs_motif=AGGA;rbs_spacer=5-10bp;gc_cont=0.591,ID=5_196;partial=00;start_type=ATG;rbs_motif=AGGA;rbs_spacer=5-10bp;gc,13.0
NZ_CP054699.1_2247,C,C,C,S,ID=1_2247;partial=00;start_type=ATG;rbs_motif=AGGAGG;rbs_spacer=5-10bp;gc_cont=0.468,ID=1_2247;partial=00;start_type=ATG;rbs_motif=AGGAGG;rbs_spacer=5-10bp;gc,14.0
NZ_JADPKY010000100.1_22,C,C,C,A,ID=119_22;partial=00;start_type=ATG;rbs_motif=GGA/GAG/AGG;rbs_spacer=5-10bp;gc_cont=0.570,ID=119_22;partial=00;start_type=ATG;rbs_motif=GGA/GAG/AGG;rbs_spacer=5-10bp;gc,13.0
NZ_JAMXLX010000012.1_56,C,C,C,A,ID=4_56;partial=00;start_type=ATG;rbs_motif=GGAGG;rbs_spacer=5-10bp;gc_cont=0.604,ID=4_56;partial=00;start_type=ATG;rbs_motif=GGAGG;rbs_spacer=5-10bp;gc,13.0
NZ_CP036533.1_6556,C,C,C,A,ID=1_6556;partial=00;start_type=ATG;rbs_motif=AGGA;rbs_spacer=5-10bp;gc_cont=0.565,ID=1_6556;partial=00;start_type=ATG;rbs_motif=AGGA;rbs_spacer=5-10bp;gc,13.0
NZ_FMYQ01000010.1_32,C,C,C,A,ID=51_32;partial=00;start_type=ATG;rbs_motif=AGGAG;rbs_spacer=5-10bp;gc_cont=0.617,ID=51_32;partial=00;start_type=ATG;rbs_motif=AGGAG;rbs_spacer=5-10bp;gc,13.0
NZ_FOIP01000002.1_2007,C,C,C,G,ID=1_2007;partial=00;start_type=ATG;rbs_motif=AGGAGG;rbs_spacer=5-10bp;gc_cont=0.468,ID=1_2007;partial=00;start_type=ATG;rbs_motif=AGGAGG;rbs_spacer=5-10bp;gc,13.0
NZ_FOJJ01000001.1_371,C,C,C,S,ID=29_371;partial=00;start_type=ATG;rbs_motif=GGAG/GAGG;rbs_spacer=5-10bp;gc_cont=0.600,ID=29_371;partial=00;start_type=ATG;rbs_motif=GGAG/GAGG;rbs_spacer=5-10bp;gc,14.0
NZ_FPEJ01000001.1_756,C,C,C,A,ID=13_756;partial=00;start_type=ATG;rbs_motif=AGGA;rbs_spacer=5-10bp;gc_cont=0.608,ID=13_756;partial=00;start_type=ATG;rbs_motif=AGGA;rbs_spacer=5-10bp;gc,13.0
NZ_FSRS01000001.1_103,C,C,C,A,ID=2_103;partial=00;start_type=ATG;rbs_motif=AGGA;rbs_spacer=5-10bp;gc_cont=0.641,ID=2_103;partial=00;start_type=ATG;rbs_motif=AGGA;rbs_spacer=5-10bp;gc,13.0
NZ_LT859959.1_1541,C,C,C,A,ID=1_1541;partial=00;start_type=ATG;rbs_motif=GGAG/GAGG;rbs_spacer=5-10bp;gc_cont=0.621,ID=1_1541;partial=00;start_type=ATG;rbs_motif=GGAG/GAGG;rbs_spacer=5-10bp;gc,13.0
NZ_OAOF01000001.1_53,C,C,C,S,ID=54_53;partial=00;start_type=ATG;rbs_motif=AGGAGG;rbs_spacer=5-10bp;gc_cont=0.455,ID=54_53;partial=00;start_type=ATG;rbs_motif=AGGAGG;rbs_spacer=5-10bp;gc,14.0
NZ_LR699554.1_1477,C,C,C,A,ID=2_1477;partial=00;start_type=ATG;rbs_motif=AGGAG;rbs_spacer=5-10bp;gc_cont=0.617,ID=2_1477;partial=00;start_type=ATG;rbs_motif=AGGAG;rbs_spacer=5-10bp;gc,13.0
NISF01000001.1_806,C,C,C,S,ID=11_806;partial=00;start_type=ATG;rbs_motif=GGAG/GAGG;rbs_spacer=5-10bp;gc_cont=0.562,ID=11_806;partial=00;start_type=ATG;rbs_motif=GGAG/GAGG;rbs_spacer=5-10bp;gc,14.0
JAATGU010000114.1_28,C,C,C,S,ID=46_28;partial=00;start_type=ATG;rbs_motif=AATTAA;rbs_spacer=12bp;gc_cont=0.410,ID=46_28;partial=00;start_type=ATG;rbs_motif=AATTAA;rbs_spacer=12bp;gc,14.0
JAEVYU010000055.1_51,C,C,C,S,ID=24_51;partial=00;start_type=ATG;rbs_motif=AGGAG;rbs_spacer=5-10bp;gc_cont=0.485,ID=24_51;partial=00;start_type=ATG;rbs_motif=AGGAG;rbs_spacer=5-10bp;gc,14.0
JAEZCE010000028.1_13,C,C,C,S,ID=13_13;partial=00;start_type=ATG;rbs_motif=AGGAG;rbs_spacer=5-10bp;gc_cont=0.482,ID=13_13;partial=00;start_type=ATG;rbs_motif=AGGAG;rbs_spacer=5-10bp;gc,14.0
NC_015172.1_2818,C,C,C,S,ID=1_2818;partial=00;start_type=ATG;rbs_motif=AGGAG;rbs_spacer=5-10bp;gc_cont=0.496,ID=1_2818;partial=00;start_type=ATG;rbs_motif=AGGAG;rbs_spacer=5-10bp;gc,14.0
NZ_KI632512.1_81,C,C,C,S,ID=1_81;partial=00;start_type=ATG;rbs_motif=GGAG/GAGG;rbs_spacer=5-10bp;gc_cont=0.623,ID=1_81;partial=00;start_type=ATG;rbs_motif=GGAG/GAGG;rbs_spacer=5-10bp;gc,14.0
NZ_NQVN01000002.1_269,C,C,C,S,ID=22_269;partial=00;start_type=ATG;rbs_motif=AGGAG;rbs_spacer=5-10bp;gc_cont=0.633,ID=22_269;partial=00;start_type=ATG;rbs_motif=AGGAG;rbs_spacer=5-10bp;gc,14.0
NZ_BJZO01000043.1_24,C,C,C,S,ID=43_24;partial=00;start_type=ATG;rbs_motif=GGAG/GAGG;rbs_spacer=5-10bp;gc_cont=0.608,ID=43_24;partial=00;start_type=ATG;rbs_motif=GGAG/GAGG;rbs_spacer=5-10bp;gc,14.0
NZ_JAHGVE010000002.1_37,C,C,C,S,ID=2_37;partial=00;start_type=ATG;rbs_motif=AGGAG;rbs_spacer=5-10bp;gc_cont=0.469,ID=2_37;partial=00;start_type=ATG;rbs_motif=AGGAG;rbs_spacer=5-10bp;gc,14.0
NZ_FYDG01000013.1_81,C,C,C,S,ID=39_81;partial=00;start_type=ATG;rbs_motif=GGAG/GAGG;rbs_spacer=5-10bp;gc_cont=0.603,ID=39_81;partial=00;start_type=ATG;rbs_motif=GGAG/GAGG;rbs_spacer=5-10bp;gc,14.0
JAATFE010000358.1_11,C,C,C,S,ID=134_11;partial=00;start_type=ATG;rbs_motif=AGGAG;rbs_spacer=5-10bp;gc_cont=0.546,ID=134_11;partial=00;start_type=ATG;rbs_motif=AGGAG;rbs_spacer=5-10bp;gc,14.0
NZ_CP081864.1_3389,C,C,C,S,ID=1_3389;partial=00;start_type=ATG;rbs_motif=GGAG/GAGG;rbs_spacer=5-10bp;gc_cont=0.529,ID=1_3389;partial=00;start_type=ATG;rbs_motif=GGAG/GAGG;rbs_spacer=5-10bp;gc,14.0
NZ_AP018207.1_6556,C,C,C,S,ID=1_6556;partial=00;start_type=ATG;rbs_motif=AGGAG;rbs_spacer=5-10bp;gc_cont=0.438,ID=1_6556;partial=00;start_type=ATG;rbs_motif=AGGAG;rbs_spacer=5-10bp;gc,14.0
JAJZGK010000067.1_10,C,C,C,S,ID=222_10;partial=00;start_type=ATG;rbs_motif=GGA/GAG/AGG;rbs_spacer=5-10bp;gc_cont=0.631,ID=222_10;partial=00;start_type=ATG;rbs_motif=GGA/GAG/AGG;rbs_spacer=5-10bp;gc,14.0
DS990592.1_4256,C,C,C,S,ID=6_4256;partial=00;start_type=ATG;rbs_motif=None;rbs_spacer=None;gc_cont=0.545,ID=6_4256;partial=00;start_type=ATG;rbs_motif=None;rbs_spacer=None;gc,14.0
JNJD01000007.1_358,C,C,C,S,ID=7_358;partial=00;start_type=ATG;rbs_motif=GGAG/GAGG;rbs_spacer=5-10bp;gc_cont=0.448,ID=7_358;partial=00;start_type=ATG;rbs_motif=GGAG/GAGG;rbs_spacer=5-10bp;gc,14.0
LDXJ01000058.1_158,C,C,C,S,ID=58_158;partial=00;start_type=ATG;rbs_motif=AGGAGG;rbs_spacer=5-10bp;gc_cont=0.564,ID=58_158;partial=00;start_type=ATG;rbs_motif=AGGAGG;rbs_spacer=5-10bp;gc,14.0
LVBK01000047.1_8,C,C,C,S,ID=67_8;partial=00;start_type=ATG;rbs_motif=GGAGG;rbs_spacer=5-10bp;gc_cont=0.548,ID=67_8;partial=00;start_type=ATG;rbs_motif=GGAGG;rbs_spacer=5-10bp;gc,14.0
MGTJ01000180.1_7,C,C,C,S,ID=180_7;partial=00;start_type=ATG;rbs_motif=AGGAG;rbs_spacer=5-10bp;gc_cont=0.527,ID=180_7;partial=00;start_type=ATG;rbs_motif=AGGAG;rbs_spacer=5-10bp;gc,14.0
MNUQ01000182.1_1,C,C,C,S,ID=148_1;partial=00;start_type=ATG;rbs_motif=GGAG/GAGG;rbs_spacer=5-10bp;gc_cont=0.635,ID=148_1;partial=00;start_type=ATG;rbs_motif=GGAG/GAGG;rbs_spacer=5-10bp;gc,14.0
DBTU01000053.1_104,C,C,C,S,ID=32_104;partial=00;start_type=ATG;rbs_motif=GGAGG;rbs_spacer=5-10bp;gc_cont=0.417,ID=32_104;partial=00;start_type=ATG;rbs_motif=GGAGG;rbs_spacer=5-10bp;gc,14.0
DDXB01000046.1_47,C,C,C,S,ID=27_47;partial=00;start_type=ATG;rbs_motif=AGGAG;rbs_spacer=5-10bp;gc_cont=0.605,ID=27_47;partial=00;start_type=ATG;rbs_motif=AGGAG;rbs_spacer=5-10bp;gc,14.0
DGRE01000019.1_18,C,C,C,S,ID=18_18;partial=00;start_type=ATG;rbs_motif=AGGAGG;rbs_spacer=5-10bp;gc_cont=0.480,ID=18_18;partial=00;start_type=ATG;rbs_motif=AGGAGG;rbs_spacer=5-10bp;gc,14.0
DHVH01000231.1_1,C,C,C,S,ID=247_1;partial=10;start_type=ATG;rbs_motif=TAA;rbs_spacer=12bp;gc_cont=0.526,ID=247_1;partial=10;start_type=ATG;rbs_motif=TAA;rbs_spacer=12bp;gc,14.0
DILC01000068.1_43,C,C,C,A,ID=51_43;partial=00;start_type=ATG;rbs_motif=AGGAG;rbs_spacer=5-10bp;gc_cont=0.572,ID=51_43;partial=00;start_type=ATG;rbs_motif=AGGAG;rbs_spacer=5-10bp;gc,13.0
DLGC01000009.1_3,C,C,C,S,ID=10_3;partial=00;start_type=ATG;rbs_motif=AGGA;rbs_spacer=5-10bp;gc_cont=0.636,ID=10_3;partial=00;start_type=ATG;rbs_motif=AGGA;rbs_spacer=5-10bp;gc,14.0
PDZX01000045.1_10,C,C,C,S,ID=40_10;partial=00;start_type=ATG;rbs_motif=AGGAG;rbs_spacer=5-10bp;gc_cont=0.591,ID=40_10;partial=00;start_type=ATG;rbs_motif=AGGAG;rbs_spacer=5-10bp;gc,14.0
PHBE01000015.1_79,C,C,C,S,ID=12_79;partial=00;start_type=ATG;rbs_motif=GGAG/GAGG;rbs_spacer=5-10bp;gc_cont=0.611,ID=12_79;partial=00;start_type=ATG;rbs_motif=GGAG/GAGG;rbs_spacer=5-10bp;gc,14.0
BDTX01000021.1_44,C,C,C,S,ID=21_44;partial=00;start_type=ATG;rbs_motif=GGAG/GAGG;rbs_spacer=5-10bp;gc_cont=0.558,ID=21_44;partial=00;start_type=ATG;rbs_motif=GGAG/GAGG;rbs_spacer=5-10bp;gc,14.0
PLOR01000108.1_34,C,C,C,S,ID=24_34;partial=00;start_type=ATG;rbs_motif=AGGAG;rbs_spacer=5-10bp;gc_cont=0.599,ID=24_34;partial=00;start_type=ATG;rbs_motif=AGGAG;rbs_spacer=5-10bp;gc,14.0
PMIH01000288.1_14,C,C,C,S,ID=210_14;partial=00;start_type=ATG;rbs_motif=AGGAG;rbs_spacer=5-10bp;gc_cont=0.600,ID=210_14;partial=00;start_type=ATG;rbs_motif=AGGAG;rbs_spacer=5-10bp;gc,14.0
PQXF01000004.1_154,C,C,C,S,ID=114_154;partial=00;start_type=ATG;rbs_motif=GGAG/GAGG;rbs_spacer=5-10bp;gc_cont=0.552,ID=114_154;partial=00;start_type=ATG;rbs_motif=GGAG/GAGG;rbs_spacer=5-10bp;gc,14.0
QKAW01000031.1_19,C,C,C,S,ID=56_19;partial=00;start_type=ATG;rbs_motif=AGxAGG/AGGxGG;rbs_spacer=5-10bp;gc_cont=0.366,ID=56_19;partial=00;start_type=ATG;rbs_motif=AGxAGG/AGGxGG;rbs_spacer=5-10bp;gc,14.0
DMCN01000089.1_19,C,C,C,S,ID=110_19;partial=00;start_type=ATG;rbs_motif=AGGAG;rbs_spacer=5-10bp;gc_cont=0.583,ID=110_19;partial=00;start_type=ATG;rbs_motif=AGGAG;rbs_spacer=5-10bp;gc,14.0
PXEI01000352.1_5,C,C,C,S,ID=137_5;partial=00;start_type=ATG;rbs_motif=AGGAG;rbs_spacer=5-10bp;gc_cont=0.552,ID=137_5;partial=00;start_type=ATG;rbs_motif=AGGAG;rbs_spacer=5-10bp;gc,14.0
RXJQ01000015.1_23,C,C,C,A,ID=12_23;partial=00;start_type=ATG;rbs_motif=AGGAG;rbs_spacer=5-10bp;gc_cont=0.606,ID=12_23;partial=00;start_type=ATG;rbs_motif=AGGAG;rbs_spacer=5-10bp;gc,13.0
SGBD01000001.1_819,C,C,C,S,ID=1_819;partial=00;start_type=GTG;rbs_motif=GGAGG;rbs_spacer=5-10bp;gc_cont=0.428,ID=1_819;partial=00;start_type=GTG;rbs_motif=GGAGG;rbs_spacer=5-10bp;gc,14.0
CP024846.1_2447,C,C,C,A,ID=1_2447;partial=00;start_type=ATG;rbs_motif=GGA/GAG/AGG;rbs_spacer=5-10bp;gc_cont=0.554,ID=1_2447;partial=00;start_type=ATG;rbs_motif=GGA/GAG/AGG;rbs_spacer=5-10bp;gc,13.0
SKJJ01000113.1_6,C,C,C,S,ID=70_6;partial=00;start_type=ATG;rbs_motif=AGGAG;rbs_spacer=5-10bp;gc_cont=0.471,ID=70_6;partial=00;start_type=ATG;rbs_motif=AGGAG;rbs_spacer=5-10bp;gc,14.0
REES01000041.1_57,C,C,C,A,ID=60_57;partial=00;start_type=ATG;rbs_motif=GGA/GAG/AGG;rbs_spacer=5-10bp;gc_cont=0.656,ID=60_57;partial=00;start_type=ATG;rbs_motif=GGA/GAG/AGG;rbs_spacer=5-10bp;gc,13.0
VENI01000005.1_304,C,C,C,S,ID=1_304;partial=00;start_type=ATG;rbs_motif=AGGAG;rbs_spacer=5-10bp;gc_cont=0.413,ID=1_304;partial=00;start_type=ATG;rbs_motif=AGGAG;rbs_spacer=5-10bp;gc,14.0
SAAX01000026.1_10,C,C,C,S,ID=203_10;partial=00;start_type=ATG;rbs_motif=GGAG/GAGG;rbs_spacer=5-10bp;gc_cont=0.579,ID=203_10;partial=00;start_type=ATG;rbs_motif=GGAG/GAGG;rbs_spacer=5-10bp;gc,14.0
JAABSK010000036.1_4,C,C,C,S,ID=286_4;partial=00;start_type=ATG;rbs_motif=AGGAG;rbs_spacer=5-10bp;gc_cont=0.545,ID=286_4;partial=00;start_type=ATG;rbs_motif=AGGAG;rbs_spacer=5-10bp;gc,14.0
JAAUSO010000080.1_9,-,C,C,S,ID=161_9;partial=00;start_type=GTG;rbs_motif=None;rbs_spacer=None;gc_cont=0.425,ID=161_9;partial=00;start_type=GTG;rbs_motif=None;rbs_spacer=None;gc,10.0
JAAZOO010000323.1_1,C,C,C,S,ID=67_1;partial=10;start_type=Edge;rbs_motif=None;rbs_spacer=None;gc_cont=0.617,ID=67_1;partial=10;start_type=Edge;rbs_motif=None;rbs_spacer=None;gc,14.0
JAADIE010000098.1_22,C,C,C,S,ID=35_22;partial=00;start_type=ATG;rbs_motif=AGGAGG;rbs_spacer=5-10bp;gc_cont=0.501,ID=35_22;partial=00;start_type=ATG;rbs_motif=AGGAGG;rbs_spacer=5-10bp;gc,14.0
JAAXTM010000002.1_330,C,C,C,S,ID=15_330;partial=00;start_type=ATG;rbs_motif=AGGAG;rbs_spacer=5-10bp;gc_cont=0.538,ID=15_330;partial=00;start_type=ATG;rbs_motif=AGGAG;rbs_spacer=5-10bp;gc,14.0
VMSW01000007.1_43,C,C,C,S,ID=1_43;partial=00;start_type=ATG;rbs_motif=GGAG/GAGG;rbs_spacer=5-10bp;gc_cont=0.631,ID=1_43;partial=00;start_type=ATG;rbs_motif=GGAG/GAGG;rbs_spacer=5-10bp;gc,14.0
JACXST010000001.1_1549,C,C,C,S,ID=1_1549;partial=00;start_type=ATG;rbs_motif=AGGAG;rbs_spacer=5-10bp;gc_cont=0.484,ID=1_1549;partial=00;start_type=ATG;rbs_motif=AGGAG;rbs_spacer=5-10bp;gc,14.0
SVNI01000096.1_2,C,C,C,G,ID=91_2;partial=00;start_type=ATG;rbs_motif=AGGAG;rbs_spacer=5-10bp;gc_cont=0.449,ID=91_2;partial=00;start_type=ATG;rbs_motif=AGGAG;rbs_spacer=5-10bp;gc,13.0
JADFYS010000075.1_1,C,C,C,S,ID=458_1;partial=00;start_type=ATG;rbs_motif=GGAGG;rbs_spacer=5-10bp;gc_cont=0.522,ID=458_1;partial=00;start_type=ATG;rbs_motif=GGAGG;rbs_spacer=5-10bp;gc,14.0
WGBG01000092.1_1,C,C,C,S,ID=92_1;partial=10;start_type=ATG;rbs_motif=GGAG/GAGG;rbs_spacer=5-10bp;gc_cont=0.515,ID=92_1;partial=10;start_type=ATG;rbs_motif=GGAG/GAGG;rbs_spacer=5-10bp;gc,14.0
JACQBS010000135.1_22,C,C,C,S,ID=161_22;partial=00;start_type=ATG;rbs_motif=GGAGG;rbs_spacer=4bp;gc_cont=0.438,ID=161_22;partial=00;start_type=ATG;rbs_motif=GGAGG;rbs_spacer=4bp;gc,14.0
JACRBA010000001.1_2,C,C,C,A,ID=152_2;partial=00;start_type=ATG;rbs_motif=AGGAG;rbs_spacer=5-10bp;gc_cont=0.652,ID=152_2;partial=00;start_type=ATG;rbs_motif=AGGAG;rbs_spacer=5-10bp;gc,13.0
JACRDG010000112.1_77,C,C,C,S,ID=78_77;partial=00;start_type=ATG;rbs_motif=AGGA;rbs_spacer=5-10bp;gc_cont=0.598,ID=78_77;partial=00;start_type=ATG;rbs_motif=AGGA;rbs_spacer=5-10bp;gc,14.0
JACRLM010000031.1_17,C,C,C,S,ID=15_17;partial=00;start_type=ATG;rbs_motif=AGGAG;rbs_spacer=5-10bp;gc_cont=0.589,ID=15_17;partial=00;start_type=ATG;rbs_motif=AGGAG;rbs_spacer=5-10bp;gc,14.0
JAEEXE010000073.1_5,C,C,C,G,ID=58_5;partial=00;start_type=ATG;rbs_motif=GGAGG;rbs_spacer=5-10bp;gc_cont=0.431,ID=58_5;partial=00;start_type=ATG;rbs_motif=GGAGG;rbs_spacer=5-10bp;gc,13.0
JADJQQ010000018.1_72,C,C,C,S,ID=18_72;partial=00;start_type=ATG;rbs_motif=AGGAG;rbs_spacer=5-10bp;gc_cont=0.601,ID=18_72;partial=00;start_type=ATG;rbs_motif=AGGAG;rbs_spacer=5-10bp;gc,14.0
JADHUV010000007.1_55,C,C,C,S,ID=34_55;partial=00;start_type=ATG;rbs_motif=AGGAGG;rbs_spacer=5-10bp;gc_cont=0.472,ID=34_55;partial=00;start_type=ATG;rbs_motif=AGGAGG;rbs_spacer=5-10bp;gc,14.0
VGDY01000033.1_42,C,C,C,A,ID=33_42;partial=00;start_type=ATG;rbs_motif=GGAG/GAGG;rbs_spacer=5-10bp;gc_cont=0.595,ID=33_42;partial=00;start_type=ATG;rbs_motif=GGAG/GAGG;rbs_spacer=5-10bp;gc,13.0
JAFGPQ010000295.1_1,C,C,C,S,ID=69_1;partial=10;start_type=ATG;rbs_motif=AGGAG;rbs_spacer=5-10bp;gc_cont=0.580,ID=69_1;partial=10;start_type=ATG;rbs_motif=AGGAG;rbs_spacer=5-10bp;gc,14.0
JABXKH010000036.1_20,C,C,C,S,ID=43_20;partial=00;start_type=ATG;rbs_motif=GGAG/GAGG;rbs_spacer=5-10bp;gc_cont=0.458,ID=43_20;partial=00;start_type=ATG;rbs_motif=GGAG/GAGG;rbs_spacer=5-10bp;gc,14.0
JAFRWN010000123.1_34,C,C,C,G,ID=67_34;partial=00;start_type=ATG;rbs_motif=GGA/GAG/AGG;rbs_spacer=5-10bp;gc_cont=0.442,ID=67_34;partial=00;start_type=ATG;rbs_motif=GGA/GAG/AGG;rbs_spacer=5-10bp;gc,13.0
JAFVDR010000064.1_2,C,C,C,G,ID=179_2;partial=00;start_type=ATG;rbs_motif=GGAG/GAGG;rbs_spacer=5-10bp;gc_cont=0.394,ID=179_2;partial=00;start_type=ATG;rbs_motif=GGAG/GAGG;rbs_spacer=5-10bp;gc,13.0
JAFYET010000390.1_8,C,C,C,G,ID=348_8;partial=01;start_type=ATG;rbs_motif=AGGAGG;rbs_spacer=5-10bp;gc_cont=0.502,ID=348_8;partial=01;start_type=ATG;rbs_motif=AGGAGG;rbs_spacer=5-10bp;gc,13.0
JAGBNF010000007.1_16,C,C,C,G,ID=29_16;partial=00;start_type=ATG;rbs_motif=GGAG/GAGG;rbs_spacer=5-10bp;gc_cont=0.425,ID=29_16;partial=00;start_type=ATG;rbs_motif=GGAG/GAGG;rbs_spacer=5-10bp;gc,13.0
JAGCWT010000024.1_8,C,C,C,G,ID=160_8;partial=00;start_type=ATG;rbs_motif=GGAG/GAGG;rbs_spacer=5-10bp;gc_cont=0.451,ID=160_8;partial=00;start_type=ATG;rbs_motif=GGAG/GAGG;rbs_spacer=5-10bp;gc,13.0
JAGTRJ010000011.1_63,C,C,C,S,ID=34_63;partial=00;start_type=ATG;rbs_motif=AGGA;rbs_spacer=5-10bp;gc_cont=0.579,ID=34_63;partial=00;start_type=ATG;rbs_motif=AGGA;rbs_spacer=5-10bp;gc,14.0
JAHIUD010000076.1_15,C,C,C,S,ID=21_15;partial=00;start_type=ATG;rbs_motif=GGAG/GAGG;rbs_spacer=5-10bp;gc_cont=0.638,ID=21_15;partial=00;start_type=ATG;rbs_motif=GGAG/GAGG;rbs_spacer=5-10bp;gc,14.0
JAHIQM010000004.1_181,C,C,C,S,ID=3_181;partial=00;start_type=ATG;rbs_motif=GGAG/GAGG;rbs_spacer=5-10bp;gc_cont=0.617,ID=3_181;partial=00;start_type=ATG;rbs_motif=GGAG/GAGG;rbs_spacer=5-10bp;gc,14.0
JAIBFA010000047.1_50,C,C,C,S,ID=55_50;partial=00;start_type=ATG;rbs_motif=AGGAG;rbs_spacer=5-10bp;gc_cont=0.606,ID=55_50;partial=00;start_type=ATG;rbs_motif=AGGAG;rbs_spacer=5-10bp;gc,14.0
JAIPUR010000017.1_18,C,C,C,S,ID=8_18;partial=00;start_type=ATG;rbs_motif=AGGAGG;rbs_spacer=5-10bp;gc_cont=0.454,ID=8_18;partial=00;start_type=ATG;rbs_motif=AGGAGG;rbs_spacer=5-10bp;gc,14.0
JAHLLM010000043.1_43,C,C,C,S,ID=23_43;partial=00;start_type=ATG;rbs_motif=GGAG/GAGG;rbs_spacer=5-10bp;gc_cont=0.505,ID=23_43;partial=00;start_type=ATG;rbs_motif=GGAG/GAGG;rbs_spacer=5-10bp;gc,14.0
DYNF01000121.1_21,C,C,C,S,ID=55_21;partial=00;start_type=ATG;rbs_motif=GGAG/GAGG;rbs_spacer=5-10bp;gc_cont=0.415,ID=55_21;partial=00;start_type=ATG;rbs_motif=GGAG/GAGG;rbs_spacer=5-10bp;gc,14.0
JAIORP010000047.1_32,C,C,C,S,ID=25_32;partial=00;start_type=ATG;rbs_motif=GGAGG;rbs_spacer=5-10bp;gc_cont=0.427,ID=25_32;partial=00;start_type=ATG;rbs_motif=GGAGG;rbs_spacer=5-10bp;gc,14.0
JAJFTF010000032.1_16,C,C,C,S,ID=23_16;partial=00;start_type=ATG;rbs_motif=AGGAG;rbs_spacer=5-10bp;gc_cont=0.590,ID=23_16;partial=00;start_type=ATG;rbs_motif=AGGAG;rbs_spacer=5-10bp;gc,14.0
JAJYBQ010000001.1_25,C,C,C,A,ID=280_25;partial=00;start_type=ATG;rbs_motif=GGAG/GAGG;rbs_spacer=5-10bp;gc_cont=0.595,ID=280_25;partial=00;start_type=ATG;rbs_motif=GGAG/GAGG;rbs_spacer=5-10bp;gc,13.0
JAJXUE010000011.1_32,C,C,C,S,ID=36_32;partial=00;start_type=ATG;rbs_motif=GGAGG;rbs_spacer=5-10bp;gc_cont=0.486,ID=36_32;partial=00;start_type=ATG;rbs_motif=GGAGG;rbs_spacer=5-10bp;gc,14.0
JAJYVD010000002.1_74,C,C,C,S,ID=87_74;partial=00;start_type=ATG;rbs_motif=GGAGG;rbs_spacer=5-10bp;gc_cont=0.502,ID=87_74;partial=00;start_type=ATG;rbs_motif=GGAGG;rbs_spacer=5-10bp;gc,14.0
JAJZRO010000017.1_9,C,C,C,S,ID=1_9;partial=00;start_type=ATG;rbs_motif=GGAG/GAGG;rbs_spacer=5-10bp;gc_cont=0.623,ID=1_9;partial=00;start_type=ATG;rbs_motif=GGAG/GAGG;rbs_spacer=5-10bp;gc,14.0
JAKAKK010000073.1_5,C,C,C,S,ID=76_5;partial=00;start_type=ATG;rbs_motif=GGAGG;rbs_spacer=5-10bp;gc_cont=0.417,ID=76_5;partial=00;start_type=ATG;rbs_motif=GGAGG;rbs_spacer=5-10bp;gc,14.0
JAKAQP010000041.1_3,C,C,C,S,ID=91_3;partial=00;start_type=ATG;rbs_motif=GGAGG;rbs_spacer=5-10bp;gc_cont=0.398,ID=91_3;partial=00;start_type=ATG;rbs_motif=GGAGG;rbs_spacer=5-10bp;gc,14.0
JAJZVC010000012.1_29,C,C,C,S,ID=73_29;partial=00;start_type=ATG;rbs_motif=AGGAG;rbs_spacer=5-10bp;gc_cont=0.633,ID=73_29;partial=00;start_type=ATG;rbs_motif=AGGAG;rbs_spacer=5-10bp;gc,14.0
JAKSDC010000019.1_9,C,C,C,S,ID=109_9;partial=00;start_type=ATG;rbs_motif=None;rbs_spacer=None;gc_cont=0.545,ID=109_9;partial=00;start_type=ATG;rbs_motif=None;rbs_spacer=None;gc,14.0
JAKJGA010000032.1_9,C,C,C,S,ID=21_9;partial=00;start_type=ATG;rbs_motif=GGAGG;rbs_spacer=5-10bp;gc_cont=0.441,ID=21_9;partial=00;start_type=ATG;rbs_motif=GGAGG;rbs_spacer=5-10bp;gc,14.0
JAGLLT010000053.1_2,C,C,C,S,ID=49_2;partial=00;start_type=ATG;rbs_motif=AGxAGG/AGGxGG;rbs_spacer=5-10bp;gc_cont=0.446,ID=49_2;partial=00;start_type=ATG;rbs_motif=AGxAGG/AGGxGG;rbs_spacer=5-10bp;gc,14.0
JAHFSX010000025.1_4,C,C,C,S,ID=10_4;partial=00;start_type=ATG;rbs_motif=AGGAG;rbs_spacer=5-10bp;gc_cont=0.667,ID=10_4;partial=00;start_type=ATG;rbs_motif=AGGAG;rbs_spacer=5-10bp;gc,14.0
JAEVYU010000029.1_31,C,C,C,S,ID=19_31;partial=00;start_type=ATG;rbs_motif=AGGAG;rbs_spacer=5-10bp;gc_cont=0.450,ID=19_31;partial=00;start_type=ATG;rbs_motif=AGGAG;rbs_spacer=5-10bp;gc,14.0
JAEWST010000054.1_2,C,C,C,S,ID=125_2;partial=00;start_type=ATG;rbs_motif=AGGAGG;rbs_spacer=5-10bp;gc_cont=0.374,ID=125_2;partial=00;start_type=ATG;rbs_motif=AGGAGG;rbs_spacer=5-10bp;gc,14.0
JAEYHZ010000004.1_11,C,C,C,S,ID=46_11;partial=00;start_type=ATG;rbs_motif=AGGAGG;rbs_spacer=5-10bp;gc_cont=0.440,ID=46_11;partial=00;start_type=ATG;rbs_motif=AGGAGG;rbs_spacer=5-10bp;gc,14.0
JAEZCA010000035.1_215,C,C,C,S,ID=42_215;partial=00;start_type=ATG;rbs_motif=AGxAGG/AGGxGG;rbs_spacer=5-10bp;gc_cont=0.432,ID=42_215;partial=00;start_type=ATG;rbs_motif=AGxAGG/AGGxGG;rbs_spacer=5-10bp;gc,14.0
JAEZGM010000042.1_45,C,C,C,S,ID=48_45;partial=00;start_type=ATG;rbs_motif=AGGAGG;rbs_spacer=5-10bp;gc_cont=0.574,ID=48_45;partial=00;start_type=ATG;rbs_motif=AGGAGG;rbs_spacer=5-10bp;gc,14.0
JAFABC010000259.1_6,C,C,C,S,ID=302_6;partial=00;start_type=ATG;rbs_motif=AGGA;rbs_spacer=5-10bp;gc_cont=0.630,ID=302_6;partial=00;start_type=ATG;rbs_motif=AGGA;rbs_spacer=5-10bp;gc,14.0
JAEZKY010000142.1_3,C,C,C,S,ID=40_3;partial=00;start_type=ATG;rbs_motif=GGAGG;rbs_spacer=5-10bp;gc_cont=0.334,ID=40_3;partial=00;start_type=ATG;rbs_motif=GGAGG;rbs_spacer=5-10bp;gc,14.0
JAEXNS010000093.1_3,C,C,C,G,ID=104_3;partial=00;start_type=ATG;rbs_motif=AGxAGG/AGGxGG;rbs_spacer=5-10bp;gc_cont=0.320,ID=104_3;partial=00;start_type=ATG;rbs_motif=AGxAGG/AGGxGG;rbs_spacer=5-10bp;gc,13.0
JAEYGM010000032.1_236,C,C,C,S,ID=28_236;partial=00;start_type=ATG;rbs_motif=GGAGG;rbs_spacer=5-10bp;gc_cont=0.456,ID=28_236;partial=00;start_type=ATG;rbs_motif=GGAGG;rbs_spacer=5-10bp;gc,14.0
JAMPAU010000005.1_86,C,C,C,G,ID=68_86;partial=00;start_type=ATG;rbs_motif=AGGAGG;rbs_spacer=5-10bp;gc_cont=0.423,ID=68_86;partial=00;start_type=ATG;rbs_motif=AGGAGG;rbs_spacer=5-10bp;gc,13.0
JAMXLQ010000113.1_24,C,C,C,S,ID=113_24;partial=00;start_type=ATG;rbs_motif=AGGAGG;rbs_spacer=5-10bp;gc_cont=0.492,ID=113_24;partial=00;start_type=ATG;rbs_motif=AGGAGG;rbs_spacer=5-10bp;gc,14.0
JANLFN010000013.1_40,C,C,C,S,ID=14_40;partial=00;start_type=ATG;rbs_motif=AGGAGG;rbs_spacer=5-10bp;gc_cont=0.484,ID=14_40;partial=00;start_type=ATG;rbs_motif=AGGAGG;rbs_spacer=5-10bp;gc,14.0
JAILFK010000055.1_3,C,C,C,G,ID=26_3;partial=00;start_type=ATG;rbs_motif=AGGAGG;rbs_spacer=11-12bp;gc_cont=0.356,ID=26_3;partial=00;start_type=ATG;rbs_motif=AGGAGG;rbs_spacer=11-12bp;gc,13.0
JANZXA010000007.1_192,C,C,C,A,ID=76_192;partial=00;start_type=ATG;rbs_motif=AGGAG;rbs_spacer=5-10bp;gc_cont=0.613,ID=76_192;partial=00;start_type=ATG;rbs_motif=AGGAG;rbs_spacer=5-10bp;gc,13.0
OMXJ01000034.1_25,C,C,C,G,ID=7_25;partial=00;start_type=ATG;rbs_motif=AGGAGG;rbs_spacer=5-10bp;gc_cont=0.393,ID=7_25;partial=00;start_type=ATG;rbs_motif=AGGAGG;rbs_spacer=5-10bp;gc,13.0
UQRJ01000161.1_3,C,C,C,S,ID=161_3;partial=00;start_type=ATG;rbs_motif=GGAGG;rbs_spacer=5-10bp;gc_cont=0.497,ID=161_3;partial=00;start_type=ATG;rbs_motif=GGAGG;rbs_spacer=5-10bp;gc,14.0
CACWPM010000083.1_3,C,C,C,G,ID=83_3;partial=01;start_type=ATG;rbs_motif=GGAG/GAGG;rbs_spacer=5-10bp;gc_cont=0.479,ID=83_3;partial=01;start_type=ATG;rbs_motif=GGAG/GAGG;rbs_spacer=5-10bp;gc,13.0
CACYRP010000083.1_2,-,C,C,G,ID=83_2;partial=00;start_type=ATG;rbs_motif=None;rbs_spacer=None;gc_cont=0.500,ID=83_2;partial=00;start_type=ATG;rbs_motif=None;rbs_spacer=None;gc,9.0
CACZUS010000017.1_40,C,C,C,G,ID=17_40;partial=00;start_type=ATG;rbs_motif=AAA;rbs_spacer=3bp;gc_cont=0.460,ID=17_40;partial=00;start_type=ATG;rbs_motif=AAA;rbs_spacer=3bp;gc,13.0
CADBOP010000009.1_3,C,C,C,G,ID=9_3;partial=00;start_type=ATG;rbs_motif=GGA/GAG/AGG;rbs_spacer=5-10bp;gc_cont=0.470,ID=9_3;partial=00;start_type=ATG;rbs_motif=GGA/GAG/AGG;rbs_spacer=5-10bp;gc,13.0
LR778114.1_403,C,C,C,S,ID=1_403;partial=00;start_type=GTG;rbs_motif=AGGAGG;rbs_spacer=5-10bp;gc_cont=0.674,ID=1_403;partial=00;start_type=GTG;rbs_motif=AGGAGG;rbs_spacer=5-10bp;gc,14.0
CAILNT010000007.1_9,C,C,C,S,ID=7_9;partial=00;start_type=ATG;rbs_motif=AGGAG;rbs_spacer=5-10bp;gc_cont=0.604,ID=7_9;partial=00;start_type=ATG;rbs_motif=AGGAG;rbs_spacer=5-10bp;gc,14.0
CAIOAQ010000105.1_11,C,C,C,A,ID=105_11;partial=00;start_type=ATG;rbs_motif=GGAG/GAGG;rbs_spacer=5-10bp;gc_cont=0.548,ID=105_11;partial=00;start_type=ATG;rbs_motif=GGAG/GAGG;rbs_spacer=5-10bp;gc,13.0
CAIQRS010000269.1_8,C,C,C,S,ID=269_8;partial=00;start_type=ATG;rbs_motif=GGAGG;rbs_spacer=5-10bp;gc_cont=0.675,ID=269_8;partial=00;start_type=ATG;rbs_motif=GGAGG;rbs_spacer=5-10bp;gc,14.0
CAITYL010000375.1_11,C,C,C,S,ID=375_11;partial=00;start_type=ATG;rbs_motif=AGGA;rbs_spacer=5-10bp;gc_cont=0.649,ID=375_11;partial=00;start_type=ATG;rbs_motif=AGGA;rbs_spacer=5-10bp;gc,14.0
CAIWCC010000038.1_16,C,C,C,S,ID=38_16;partial=00;start_type=ATG;rbs_motif=TAA;rbs_spacer=11bp;gc_cont=0.452,ID=38_16;partial=00;start_type=ATG;rbs_motif=TAA;rbs_spacer=11bp;gc,14.0
CAIYRS010000050.1_48,C,C,C,S,ID=50_48;partial=00;start_type=ATG;rbs_motif=AGGAG;rbs_spacer=5-10bp;gc_cont=0.466,ID=50_48;partial=00;start_type=ATG;rbs_motif=AGGAG;rbs_spacer=5-10bp;gc,14.0
CAJAVE010000221.1_24,C,C,C,A,ID=221_24;partial=00;start_type=ATG;rbs_motif=GGAG/GAGG;rbs_spacer=5-10bp;gc_cont=0.578,ID=221_24;partial=00;start_type=ATG;rbs_motif=GGAG/GAGG;rbs_spacer=5-10bp;gc,13.0
CAJOPM010000032.1_6,C,C,C,G,ID=32_6;partial=01;start_type=ATG;rbs_motif=GGAGG;rbs_spacer=5-10bp;gc_cont=0.428,ID=32_6;partial=01;start_type=ATG;rbs_motif=GGAGG;rbs_spacer=5-10bp;gc,13.0
CAKKPG010000203.1_23,C,C,C,S,ID=203_23;partial=00;start_type=ATG;rbs_motif=GGAGG;rbs_spacer=5-10bp;gc_cont=0.588,ID=203_23;partial=00;start_type=ATG;rbs_motif=GGAGG;rbs_spacer=5-10bp;gc,14.0
NC_003030.1_264,C,C,C,S,ID=1_264;partial=00;start_type=ATG;rbs_motif=AGxAGG/AGGxGG;rbs_spacer=5-10bp;gc_cont=0.355,ID=1_264;partial=00;start_type=ATG;rbs_motif=AGxAGG/AGGxGG;rbs_spacer=5-10bp;gc,14.0
NC_009253.1_2998,C,C,C,S,ID=1_2998;partial=00;start_type=ATG;rbs_motif=AGGAGG;rbs_spacer=5-10bp;gc_cont=0.463,ID=1_2998;partial=00;start_type=ATG;rbs_motif=AGGAGG;rbs_spacer=5-10bp;gc,14.0
NC_011761.1_1402,C,C,C,A,ID=1_1402;partial=00;start_type=ATG;rbs_motif=GGAG/GAGG;rbs_spacer=5-10bp;gc_cont=0.538,ID=1_1402;partial=00;start_type=ATG;rbs_motif=GGAG/GAGG;rbs_spacer=5-10bp;gc,13.0
NC_014365.1_439,C,C,C,S,ID=1_439;partial=00;start_type=ATG;rbs_motif=AGGA;rbs_spacer=5-10bp;gc_cont=0.649,ID=1_439;partial=00;start_type=ATG;rbs_motif=AGGA;rbs_spacer=5-10bp;gc,14.0
NC_014840.1_296,C,C,C,S,ID=4_296;partial=00;start_type=ATG;rbs_motif=GGAGG;rbs_spacer=5-10bp;gc_cont=0.536,ID=4_296;partial=00;start_type=ATG;rbs_motif=GGAGG;rbs_spacer=5-10bp;gc,14.0
NC_015416.1_542,C,C,C,S,ID=1_542;partial=00;start_type=ATG;rbs_motif=GGAGG;rbs_spacer=5-10bp;gc_cont=0.554,ID=1_542;partial=00;start_type=ATG;rbs_motif=GGAGG;rbs_spacer=5-10bp;gc,14.0
NZ_CAFK01000311.1_16,C,C,C,A,ID=40_16;partial=00;start_type=ATG;rbs_motif=GGAG/GAGG;rbs_spacer=5-10bp;gc_cont=0.610,ID=40_16;partial=00;start_type=ATG;rbs_motif=GGAG/GAGG;rbs_spacer=5-10bp;gc,13.0
NZ_CP018016.1_2721,C,C,C,S,ID=1_2721;partial=00;start_type=ATG;rbs_motif=GGAGG;rbs_spacer=5-10bp;gc_cont=0.561,ID=1_2721;partial=00;start_type=ATG;rbs_motif=GGAGG;rbs_spacer=5-10bp;gc,14.0
NC_019689.1_3484,C,C,C,S,ID=1_3484;partial=00;start_type=ATG;rbs_motif=AGGAG;rbs_spacer=5-10bp;gc_cont=0.503,ID=1_3484;partial=00;start_type=ATG;rbs_motif=AGGAG;rbs_spacer=5-10bp;gc,14.0
NZ_AORV01000038.1_22,C,C,C,S,ID=38_22;partial=00;start_type=ATG;rbs_motif=AGGAGG;rbs_spacer=5-10bp;gc_cont=0.519,ID=38_22;partial=00;start_type=ATG;rbs_motif=AGGAGG;rbs_spacer=5-10bp;gc,14.0
NZ_KB906253.1_583,C,C,C,A,ID=1_583;partial=00;start_type=ATG;rbs_motif=GGAG/GAGG;rbs_spacer=5-10bp;gc_cont=0.626,ID=1_583;partial=00;start_type=ATG;rbs_motif=GGAG/GAGG;rbs_spacer=5-10bp;gc,13.0
NZ_AUHB01000005.1_234,C,C,C,S,ID=5_234;partial=00;start_type=ATG;rbs_motif=GGAG/GAGG;rbs_spacer=5-10bp;gc_cont=0.621,ID=5_234;partial=00;start_type=ATG;rbs_motif=GGAG/GAGG;rbs_spacer=5-10bp;gc,14.0
NZ_KE386496.1_2136,C,C,C,A,ID=2_2136;partial=00;start_type=ATG;rbs_motif=GGAG/GAGG;rbs_spacer=5-10bp;gc_cont=0.579,ID=2_2136;partial=00;start_type=ATG;rbs_motif=GGAG/GAGG;rbs_spacer=5-10bp;gc,13.0
NZ_KI421420.1_81,C,C,C,S,ID=9_81;partial=00;start_type=ATG;rbs_motif=AGGA;rbs_spacer=5-10bp;gc_cont=0.608,ID=9_81;partial=00;start_type=ATG;rbs_motif=AGGA;rbs_spacer=5-10bp;gc,14.0
NC_023065.1_332,C,C,C,S,ID=1_332;partial=00;start_type=ATG;rbs_motif=AGGAG;rbs_spacer=5-10bp;gc_cont=0.607,ID=1_332;partial=00;start_type=ATG;rbs_motif=AGGAG;rbs_spacer=5-10bp;gc,14.0
NZ_AZUP01000001.1_3309,C,C,C,A,ID=1_3309;partial=00;start_type=ATG;rbs_motif=AGGAG;rbs_spacer=5-10bp;gc_cont=0.617,ID=1_3309;partial=00;start_type=ATG;rbs_motif=AGGAG;rbs_spacer=5-10bp;gc,13.0
NZ_JMKT01000002.1_23,C,C,C,S,ID=2_23;partial=00;start_type=GTG;rbs_motif=AGGAG;rbs_spacer=5-10bp;gc_cont=0.556,ID=2_23;partial=00;start_type=GTG;rbs_motif=AGGAG;rbs_spacer=5-10bp;gc,14.0
NZ_BBJH01000048.1_52,C,C,C,A,ID=63_52;partial=00;start_type=ATG;rbs_motif=AGGAG;rbs_spacer=5-10bp;gc_cont=0.588,ID=63_52;partial=00;start_type=ATG;rbs_motif=AGGAG;rbs_spacer=5-10bp;gc,13.0
NZ_CP009788.1_2618,C,C,C,S,ID=1_2618;partial=00;start_type=ATG;rbs_motif=AGGAG;rbs_spacer=5-10bp;gc_cont=0.622,ID=1_2618;partial=00;start_type=ATG;rbs_motif=AGGAG;rbs_spacer=5-10bp;gc,14.0
NZ_CP009528.1_3036,C,C,C,S,ID=1_3036;partial=00;start_type=ATG;rbs_motif=GGAG/GAGG;rbs_spacer=5-10bp;gc_cont=0.468,ID=1_3036;partial=00;start_type=ATG;rbs_motif=GGAG/GAGG;rbs_spacer=5-10bp;gc,14.0
NZ_LGYO01000022.1_255,C,C,C,S,ID=15_255;partial=00;start_type=ATG;rbs_motif=AGGAGG;rbs_spacer=5-10bp;gc_cont=0.430,ID=15_255;partial=00;start_type=ATG;rbs_motif=AGGAGG;rbs_spacer=5-10bp;gc,14.0
NZ_LN890328.1_1325,C,C,C,G,ID=17_1325;partial=00;start_type=ATG;rbs_motif=AGGAGG;rbs_spacer=5-10bp;gc_cont=0.323,ID=17_1325;partial=00;start_type=ATG;rbs_motif=AGGAGG;rbs_spacer=5-10bp;gc,13.0
NZ_BDCR01000002.1_25,C,C,C,S,ID=2_25;partial=00;start_type=ATG;rbs_motif=TAA;rbs_spacer=11bp;gc_cont=0.455,ID=2_25;partial=00;start_type=ATG;rbs_motif=TAA;rbs_spacer=11bp;gc,14.0
NZ_LYPL01000004.1_248,C,C,C,A,ID=77_248;partial=00;start_type=ATG;rbs_motif=AGGA;rbs_spacer=5-10bp;gc_cont=0.551,ID=77_248;partial=00;start_type=ATG;rbs_motif=AGGA;rbs_spacer=5-10bp;gc,13.0
NZ_LPWE01000011.1_289,C,C,C,A,ID=11_289;partial=00;start_type=ATG;rbs_motif=AGGA;rbs_spacer=5-10bp;gc_cont=0.601,ID=11_289;partial=00;start_type=ATG;rbs_motif=AGGA;rbs_spacer=5-10bp;gc,13.0
NZ_LGHK01000001.1_79,C,C,C,A,ID=1_79;partial=00;start_type=ATG;rbs_motif=GGA/GAG/AGG;rbs_spacer=5-10bp;gc_cont=0.577,ID=1_79;partial=00;start_type=ATG;rbs_motif=GGA/GAG/AGG;rbs_spacer=5-10bp;gc,13.0
NZ_LUAV01000021.1_45,C,C,C,A,ID=21_45;partial=00;start_type=ATG;rbs_motif=GGA/GAG/AGG;rbs_spacer=5-10bp;gc_cont=0.582,ID=21_45;partial=00;start_type=ATG;rbs_motif=GGA/GAG/AGG;rbs_spacer=5-10bp;gc,13.0
NZ_NPML01000019.1_404,C,C,C,S,ID=22_404;partial=00;start_type=ATG;rbs_motif=GGAGG;rbs_spacer=5-10bp;gc_cont=0.444,ID=22_404;partial=00;start_type=ATG;rbs_motif=GGAGG;rbs_spacer=5-10bp;gc,14.0
NZ_CP025003.1_3776,C,C,C,S,ID=1_3776;partial=00;start_type=ATG;rbs_motif=GGAGG;rbs_spacer=5-10bp;gc_cont=0.590,ID=1_3776;partial=00;start_type=ATG;rbs_motif=GGAGG;rbs_spacer=5-10bp;gc,14.0
NZ_PTIR01000032.1_46,C,C,C,A,ID=32_46;partial=00;start_type=ATG;rbs_motif=AGGAG;rbs_spacer=5-10bp;gc_cont=0.571,ID=32_46;partial=00;start_type=ATG;rbs_motif=AGGAG;rbs_spacer=5-10bp;gc,13.0
NZ_QBKZ01000024.1_187,C,C,C,A,ID=17_187;partial=00;start_type=ATG;rbs_motif=AGGA;rbs_spacer=5-10bp;gc_cont=0.630,ID=17_187;partial=00;start_type=ATG;rbs_motif=AGGA;rbs_spacer=5-10bp;gc,13.0
NZ_CP027663.1_2960,C,C,C,A,ID=1_2960;partial=00;start_type=ATG;rbs_motif=GGAG/GAGG;rbs_spacer=5-10bp;gc_cont=0.622,ID=1_2960;partial=00;start_type=ATG;rbs_motif=GGAG/GAGG;rbs_spacer=5-10bp;gc,13.0
NZ_QPJW01000002.1_339,C,C,C,S,ID=2_339;partial=00;start_type=ATG;rbs_motif=AGxAGG/AGGxGG;rbs_spacer=5-10bp;gc_cont=0.548,ID=2_339;partial=00;start_type=ATG;rbs_motif=AGxAGG/AGGxGG;rbs_spacer=5-10bp;gc,14.0
NZ_MCIA01000016.1_16,C,C,C,S,ID=16_16;partial=00;start_type=ATG;rbs_motif=AGGAGG;rbs_spacer=5-10bp;gc_cont=0.439,ID=16_16;partial=00;start_type=ATG;rbs_motif=AGGAGG;rbs_spacer=5-10bp;gc,14.0
NZ_RWGU01000040.1_17,C,C,C,A,ID=3_17;partial=00;start_type=ATG;rbs_motif=AGGA;rbs_spacer=5-10bp;gc_cont=0.626,ID=3_17;partial=00;start_type=ATG;rbs_motif=AGGA;rbs_spacer=5-10bp;gc,13.0
NZ_RZQL01000165.1_13,C,C,C,A,ID=71_13;partial=00;start_type=ATG;rbs_motif=GGAG/GAGG;rbs_spacer=5-10bp;gc_cont=0.592,ID=71_13;partial=00;start_type=ATG;rbs_motif=GGAG/GAGG;rbs_spacer=5-10bp;gc,13.0
NZ_SDVB01000191.1_141,C,C,C,A,ID=383_141;partial=00;start_type=ATG;rbs_motif=GGAGG;rbs_spacer=5-10bp;gc_cont=0.602,ID=383_141;partial=00;start_type=ATG;rbs_motif=GGAGG;rbs_spacer=5-10bp;gc,13.0
NZ_SMAL01000003.1_8,C,C,C,S,ID=3_8;partial=00;start_type=ATG;rbs_motif=AGGAG;rbs_spacer=5-10bp;gc_cont=0.341,ID=3_8;partial=00;start_type=ATG;rbs_motif=AGGAG;rbs_spacer=5-10bp;gc,14.0
NZ_SPQQ01000001.1_447,C,C,C,S,ID=11_447;partial=00;start_type=ATG;rbs_motif=AGGA;rbs_spacer=5-10bp;gc_cont=0.453,ID=11_447;partial=00;start_type=ATG;rbs_motif=AGGA;rbs_spacer=5-10bp;gc,14.0
NZ_CP034035.1_1683,C,C,C,S,ID=1_1683;partial=00;start_type=ATG;rbs_motif=GGAGG;rbs_spacer=5-10bp;gc_cont=0.542,ID=1_1683;partial=00;start_type=ATG;rbs_motif=GGAGG;rbs_spacer=5-10bp;gc,14.0
NZ_VFTC01000029.1_55,C,C,C,A,ID=21_55;partial=00;start_type=ATG;rbs_motif=GGAG/GAGG;rbs_spacer=5-10bp;gc_cont=0.591,ID=21_55;partial=00;start_type=ATG;rbs_motif=GGAG/GAGG;rbs_spacer=5-10bp;gc,13.0
NZ_CP042326.1_425,C,C,C,S,ID=1_425;partial=00;start_type=ATG;rbs_motif=GGA/GAG/AGG;rbs_spacer=5-10bp;gc_cont=0.419,ID=1_425;partial=00;start_type=ATG;rbs_motif=GGA/GAG/AGG;rbs_spacer=5-10bp;gc,14.0
NZ_VYKK01000021.1_19,C,C,C,S,ID=14_19;partial=00;start_type=ATG;rbs_motif=AGGAGG;rbs_spacer=5-10bp;gc_cont=0.613,ID=14_19;partial=00;start_type=ATG;rbs_motif=AGGAGG;rbs_spacer=5-10bp;gc,14.0
NZ_VIKX01000139.1_11,C,C,C,S,ID=43_11;partial=00;start_type=ATG;rbs_motif=GGAG/GAGG;rbs_spacer=5-10bp;gc_cont=0.434,ID=43_11;partial=00;start_type=ATG;rbs_motif=GGAG/GAGG;rbs_spacer=5-10bp;gc,14.0
NZ_WYDS01000003.1_142,C,C,C,S,ID=23_142;partial=00;start_type=ATG;rbs_motif=GGAG/GAGG;rbs_spacer=5-10bp;gc_cont=0.485,ID=23_142;partial=00;start_type=ATG;rbs_motif=GGAG/GAGG;rbs_spacer=5-10bp;gc,14.0
NZ_JAAKZF010000030.1_64,C,C,C,A,ID=224_64;partial=00;start_type=ATG;rbs_motif=GGAG/GAGG;rbs_spacer=5-10bp;gc_cont=0.623,ID=224_64;partial=00;start_type=ATG;rbs_motif=GGAG/GAGG;rbs_spacer=5-10bp;gc,13.0
NZ_WTVQ01000001.1_191,C,C,C,S,ID=58_191;partial=00;start_type=ATG;rbs_motif=AGGAG;rbs_spacer=5-10bp;gc_cont=0.635,ID=58_191;partial=00;start_type=ATG;rbs_motif=AGGAG;rbs_spacer=5-10bp;gc,14.0
NZ_JABEKU010000005.1_41,C,C,C,A,ID=5_41;partial=00;start_type=ATG;rbs_motif=GGA/GAG/AGG;rbs_spacer=5-10bp;gc_cont=0.568,ID=5_41;partial=00;start_type=ATG;rbs_motif=GGA/GAG/AGG;rbs_spacer=5-10bp;gc,13.0
NZ_JABEQF010000006.1_226,C,C,C,A,ID=6_226;partial=00;start_type=ATG;rbs_motif=AGxAGG/AGGxGG;rbs_spacer=5-10bp;gc_cont=0.604,ID=6_226;partial=00;start_type=ATG;rbs_motif=AGxAGG/AGGxGG;rbs_spacer=5-10bp;gc,13.0
NZ_CP060084.1_2014,C,C,C,S,ID=1_2014;partial=00;start_type=ATG;rbs_motif=AGGAG;rbs_spacer=5-10bp;gc_cont=0.431,ID=1_2014;partial=00;start_type=ATG;rbs_motif=AGGAG;rbs_spacer=5-10bp;gc,14.0
NZ_JACJRE010000037.1_53,C,C,C,S,ID=98_53;partial=00;start_type=ATG;rbs_motif=AGGAGG;rbs_spacer=5-10bp;gc_cont=0.457,ID=98_53;partial=00;start_type=ATG;rbs_motif=AGGAGG;rbs_spacer=5-10bp;gc,14.0
NZ_JADEXF010000298.1_1,C,C,C,S,ID=601_1;partial=00;start_type=ATG;rbs_motif=GGAG/GAGG;rbs_spacer=5-10bp;gc_cont=0.458,ID=601_1;partial=00;start_type=ATG;rbs_motif=GGAG/GAGG;rbs_spacer=5-10bp;gc,14.0
NZ_JACCHP010000001.1_386,C,C,C,A,ID=1_386;partial=00;start_type=ATG;rbs_motif=AGGA;rbs_spacer=5-10bp;gc_cont=0.560,ID=1_386;partial=00;start_type=ATG;rbs_motif=AGGA;rbs_spacer=5-10bp;gc,13.0
NZ_NHSF01000063.1_42,C,C,C,S,ID=63_42;partial=00;start_type=ATG;rbs_motif=AGGAG;rbs_spacer=5-10bp;gc_cont=0.592,ID=63_42;partial=00;start_type=ATG;rbs_motif=AGGAG;rbs_spacer=5-10bp;gc,14.0
NZ_JAFFPZ010000001.1_18,C,C,C,S,ID=81_18;partial=00;start_type=ATG;rbs_motif=GGAG/GAGG;rbs_spacer=5-10bp;gc_cont=0.499,ID=81_18;partial=00;start_type=ATG;rbs_motif=GGAG/GAGG;rbs_spacer=5-10bp;gc,14.0
NZ_JAGIQA010000076.1_2,C,C,C,A,ID=211_2;partial=00;start_type=ATG;rbs_motif=GGAG/GAGG;rbs_spacer=5-10bp;gc_cont=0.537,ID=211_2;partial=00;start_type=ATG;rbs_motif=GGAG/GAGG;rbs_spacer=5-10bp;gc,13.0
NZ_JAFCLU010000037.1_80,C,C,C,A,ID=43_80;partial=00;start_type=ATG;rbs_motif=GGA/GAG/AGG;rbs_spacer=5-10bp;gc_cont=0.600,ID=43_80;partial=00;start_type=ATG;rbs_motif=GGA/GAG/AGG;rbs_spacer=5-10bp;gc,13.0
NZ_JAHFZG010000006.1_135,C,C,C,A,ID=6_135;partial=00;start_type=ATG;rbs_motif=AGxAGG/AGGxGG;rbs_spacer=5-10bp;gc_cont=0.598,ID=6_135;partial=00;start_type=ATG;rbs_motif=AGxAGG/AGGxGG;rbs_spacer=5-10bp;gc,13.0
NZ_CP073764.1_1555,C,C,C,A,ID=1_1555;partial=00;start_type=ATG;rbs_motif=AGGA;rbs_spacer=5-10bp;gc_cont=0.566,ID=1_1555;partial=00;start_type=ATG;rbs_motif=AGGA;rbs_spacer=5-10bp;gc,13.0
NZ_JADYVD010000095.1_1,C,C,C,A,ID=170_1;partial=00;start_type=ATG;rbs_motif=GGA/GAG/AGG;rbs_spacer=5-10bp;gc_cont=0.612,ID=170_1;partial=00;start_type=ATG;rbs_motif=GGA/GAG/AGG;rbs_spacer=5-10bp;gc,13.0
NZ_JACMYO010000098.1_20,C,C,C,A,ID=98_20;partial=00;start_type=ATG;rbs_motif=AGGA;rbs_spacer=5-10bp;gc_cont=0.568,ID=98_20;partial=00;start_type=ATG;rbs_motif=AGGA;rbs_spacer=5-10bp;gc,13.0
NZ_JAKFGN010000003.1_10,C,C,C,A,ID=3_10;partial=00;start_type=ATG;rbs_motif=GGA/GAG/AGG;rbs_spacer=5-10bp;gc_cont=0.584,ID=3_10;partial=00;start_type=ATG;rbs_motif=GGA/GAG/AGG;rbs_spacer=5-10bp;gc,13.0
NZ_JAIBKA010000006.1_247,C,C,C,S,ID=51_247;partial=00;start_type=ATG;rbs_motif=GGAG/GAGG;rbs_spacer=5-10bp;gc_cont=0.613,ID=51_247;partial=00;start_type=ATG;rbs_motif=GGAG/GAGG;rbs_spacer=5-10bp;gc,14.0
NZ_CP064686.1_868,C,C,C,A,ID=1_868;partial=00;start_type=ATG;rbs_motif=GGA/GAG/AGG;rbs_spacer=5-10bp;gc_cont=0.569,ID=1_868;partial=00;start_type=ATG;rbs_motif=GGA/GAG/AGG;rbs_spacer=5-10bp;gc,13.0
NZ_JAMXMC010000006.1_106,C,C,C,A,ID=28_106;partial=00;start_type=ATG;rbs_motif=GGAG/GAGG;rbs_spacer=5-10bp;gc_cont=0.625,ID=28_106;partial=00;start_type=ATG;rbs_motif=GGAG/GAGG;rbs_spacer=5-10bp;gc,13.0
NZ_JANBVS010000033.1_2,C,C,C,A,ID=32_2;partial=00;start_type=ATG;rbs_motif=GGAG/GAGG;rbs_spacer=5-10bp;gc_cont=0.618,ID=32_2;partial=00;start_type=ATG;rbs_motif=GGAG/GAGG;rbs_spacer=5-10bp;gc,13.0
NZ_FNEE01000025.1_25,C,C,C,A,ID=41_25;partial=00;start_type=ATG;rbs_motif=GGAG/GAGG;rbs_spacer=5-10bp;gc_cont=0.595,ID=41_25;partial=00;start_type=ATG;rbs_motif=GGAG/GAGG;rbs_spacer=5-10bp;gc,13.0
NZ_LT630003.1_2102,C,C,C,G,ID=1_2102;partial=00;start_type=ATG;rbs_motif=AGGAGG;rbs_spacer=5-10bp;gc_cont=0.468,ID=1_2102;partial=00;start_type=ATG;rbs_motif=AGGAGG;rbs_spacer=5-10bp;gc,13.0
NZ_FOKQ01000013.1_54,C,C,C,G,ID=10_54;partial=00;start_type=ATG;rbs_motif=AGGAGG;rbs_spacer=5-10bp;gc_cont=0.444,ID=10_54;partial=00;start_type=ATG;rbs_motif=AGGAGG;rbs_spacer=5-10bp;gc,13.0
NZ_FPIR01000011.1_26,C,C,C,S,ID=25_26;partial=00;start_type=ATG;rbs_motif=GGAG/GAGG;rbs_spacer=5-10bp;gc_cont=0.581,ID=25_26;partial=00;start_type=ATG;rbs_motif=GGAG/GAGG;rbs_spacer=5-10bp;gc,14.0
NZ_FRCP01000009.1_184,C,C,C,S,ID=28_184;partial=00;start_type=ATG;rbs_motif=AGGAGG;rbs_spacer=5-10bp;gc_cont=0.398,ID=28_184;partial=00;start_type=ATG;rbs_motif=AGGAGG;rbs_spacer=5-10bp;gc,14.0
NZ_FWXH01000008.1_53,C,C,C,S,ID=39_53;partial=00;start_type=ATG;rbs_motif=GGAGG;rbs_spacer=5-10bp;gc_cont=0.338,ID=39_53;partial=00;start_type=ATG;rbs_motif=GGAGG;rbs_spacer=5-10bp;gc,14.0
NZ_OAOQ01000003.1_186,C,C,C,A,ID=34_186;partial=00;start_type=ATG;rbs_motif=AGGA;rbs_spacer=5-10bp;gc_cont=0.619,ID=34_186;partial=00;start_type=ATG;rbs_motif=AGGA;rbs_spacer=5-10bp;gc,13.0
NZ_LR738849.1_1809,C,C,C,S,ID=1_1809;partial=00;start_type=ATG;rbs_motif=GGAG/GAGG;rbs_spacer=5-10bp;gc_cont=0.598,ID=1_1809;partial=00;start_type=ATG;rbs_motif=GGAG/GAGG;rbs_spacer=5-10bp;gc,14.0
DBMP01000017.1_49,C,C,C,S,ID=10_49;partial=00;start_type=ATG;rbs_motif=None;rbs_spacer=None;gc_cont=0.594,ID=10_49;partial=00;start_type=ATG;rbs_motif=None;rbs_spacer=None;gc,14.0
JAATGN010000040.1_15,C,C,C,S,ID=23_15;partial=00;start_type=ATG;rbs_motif=AGGA;rbs_spacer=5-10bp;gc_cont=0.603,ID=23_15;partial=00;start_type=ATG;rbs_motif=AGGA;rbs_spacer=5-10bp;gc,14.0
JAEVYT010000017.1_394,C,C,C,S,ID=8_394;partial=00;start_type=ATG;rbs_motif=AGGAGG;rbs_spacer=5-10bp;gc_cont=0.416,ID=8_394;partial=00;start_type=ATG;rbs_motif=AGGAGG;rbs_spacer=5-10bp;gc,14.0
JAEZCT010000019.1_7,C,C,C,S,ID=73_7;partial=00;start_type=ATG;rbs_motif=AGGAGG;rbs_spacer=5-10bp;gc_cont=0.541,ID=73_7;partial=00;start_type=ATG;rbs_motif=AGGAGG;rbs_spacer=5-10bp;gc,14.0
NC_015709.1_961,C,C,C,S,ID=1_961;partial=00;start_type=ATG;rbs_motif=GGAG/GAGG;rbs_spacer=5-10bp;gc_cont=0.454,ID=1_961;partial=00;start_type=ATG;rbs_motif=GGAG/GAGG;rbs_spacer=5-10bp;gc,14.0
NZ_ASSC01000067.1_3,C,C,C,S,ID=67_3;partial=00;start_type=ATG;rbs_motif=AGGAG;rbs_spacer=5-10bp;gc_cont=0.518,ID=67_3;partial=00;start_type=ATG;rbs_motif=AGGAG;rbs_spacer=5-10bp;gc,14.0
NZ_PITQ01000001.1_495,C,C,C,S,ID=11_495;partial=00;start_type=ATG;rbs_motif=GGA/GAG/AGG;rbs_spacer=5-10bp;gc_cont=0.526,ID=11_495;partial=00;start_type=ATG;rbs_motif=GGA/GAG/AGG;rbs_spacer=5-10bp;gc,14.0
NZ_RXYA01000003.1_88,C,C,C,S,ID=33_88;partial=00;start_type=ATG;rbs_motif=AGGAG;rbs_spacer=5-10bp;gc_cont=0.420,ID=33_88;partial=00;start_type=ATG;rbs_motif=AGGAG;rbs_spacer=5-10bp;gc,14.0
NZ_CP064782.1_250,C,C,C,S,ID=1_250;partial=00;start_type=ATG;rbs_motif=AGGA;rbs_spacer=5-10bp;gc_cont=0.607,ID=1_250;partial=00;start_type=ATG;rbs_motif=AGGA;rbs_spacer=5-10bp;gc,14.0
NZ_OBMT01000007.1_50,C,C,C,S,ID=16_50;partial=00;start_type=ATG;rbs_motif=AGGA;rbs_spacer=5-10bp;gc_cont=0.600,ID=16_50;partial=00;start_type=ATG;rbs_motif=AGGA;rbs_spacer=5-10bp;gc,14.0
JACWMK010000023.1_14,C,C,C,S,ID=1_14;partial=00;start_type=ATG;rbs_motif=AGGA/GGAG/GAGG;rbs_spacer=11-12bp;gc_cont=0.397,ID=1_14;partial=00;start_type=ATG;rbs_motif=AGGA/GGAG/GAGG;rbs_spacer=11-12bp;gc,14.0
NZ_LT799418.1_3674,C,C,C,S,ID=5_3674;partial=00;start_type=TTG;rbs_motif=TAAAAA;rbs_spacer=11bp;gc_cont=0.430,ID=5_3674;partial=00;start_type=TTG;rbs_motif=TAAAAA;rbs_spacer=11bp;gc,14.0
NZ_AP018248.1_3872,C,C,C,S,ID=1_3872;partial=00;start_type=ATG;rbs_motif=AGGAG;rbs_spacer=5-10bp;gc_cont=0.443,ID=1_3872;partial=00;start_type=ATG;rbs_motif=AGGAG;rbs_spacer=5-10bp;gc,14.0
JANQAI010000003.1_207,C,C,C,S,ID=9_207;partial=00;start_type=ATG;rbs_motif=GGAG/GAGG;rbs_spacer=5-10bp;gc_cont=0.630,ID=9_207;partial=00;start_type=ATG;rbs_motif=GGAG/GAGG;rbs_spacer=5-10bp;gc,14.0
ACOK01000117.1_119,C,C,C,G,ID=3_119;partial=00;start_type=ATG;rbs_motif=GGA/GAG/AGG;rbs_spacer=5-10bp;gc_cont=0.467,ID=3_119;partial=00;start_type=ATG;rbs_motif=GGA/GAG/AGG;rbs_spacer=5-10bp;gc,13.0
KL662192.1_75,C,C,C,S,ID=2_75;partial=00;start_type=ATG;rbs_motif=AGGAG;rbs_spacer=5-10bp;gc_cont=0.523,ID=2_75;partial=00;start_type=ATG;rbs_motif=AGGAG;rbs_spacer=5-10bp;gc,14.0
LFCU01000132.1_2,C,C,C,S,ID=194_2;partial=00;start_type=ATG;rbs_motif=None;rbs_spacer=None;gc_cont=0.417,ID=194_2;partial=00;start_type=ATG;rbs_motif=None;rbs_spacer=None;gc,14.0
LVBL01000030.1_15,C,C,C,S,ID=17_15;partial=00;start_type=ATG;rbs_motif=AGGAG;rbs_spacer=5-10bp;gc_cont=0.628,ID=17_15;partial=00;start_type=ATG;rbs_motif=AGGAG;rbs_spacer=5-10bp;gc,14.0
MGTN01000127.1_53,C,C,C,S,ID=127_53;partial=00;start_type=ATG;rbs_motif=GGAG/GAGG;rbs_spacer=5-10bp;gc_cont=0.645,ID=127_53;partial=00;start_type=ATG;rbs_motif=GGAG/GAGG;rbs_spacer=5-10bp;gc,14.0
MNWR01000108.1_11,C,C,C,S,ID=70_11;partial=00;start_type=ATG;rbs_motif=AGGAG;rbs_spacer=5-10bp;gc_cont=0.592,ID=70_11;partial=00;start_type=ATG;rbs_motif=AGGAG;rbs_spacer=5-10bp;gc,14.0
NQJI01000041.1_4,C,C,C,S,ID=221_4;partial=00;start_type=ATG;rbs_motif=AGGAG;rbs_spacer=5-10bp;gc_cont=0.469,ID=221_4;partial=00;start_type=ATG;rbs_motif=AGGAG;rbs_spacer=5-10bp;gc,14.0
DBTW01000202.1_3,C,C,C,S,ID=126_3;partial=00;start_type=ATG;rbs_motif=AGGAG;rbs_spacer=5-10bp;gc_cont=0.664,ID=126_3;partial=00;start_type=ATG;rbs_motif=AGGAG;rbs_spacer=5-10bp;gc,14.0
DDYH01000026.1_22,C,C,C,S,ID=36_22;partial=00;start_type=ATG;rbs_motif=AGGAG;rbs_spacer=5-10bp;gc_cont=0.630,ID=36_22;partial=00;start_type=ATG;rbs_motif=AGGAG;rbs_spacer=5-10bp;gc,14.0
DGRP01000082.1_2,C,C,C,G,ID=5_2;partial=00;start_type=ATG;rbs_motif=GGA/GAG/AGG;rbs_spacer=5-10bp;gc_cont=0.453,ID=5_2;partial=00;start_type=ATG;rbs_motif=GGA/GAG/AGG;rbs_spacer=5-10bp;gc,13.0
DHWB01000004.1_485,C,C,C,S,ID=4_485;partial=00;start_type=ATG;rbs_motif=GGAG/GAGG;rbs_spacer=5-10bp;gc_cont=0.630,ID=4_485;partial=00;start_type=ATG;rbs_motif=GGAG/GAGG;rbs_spacer=5-10bp;gc,14.0
DLGG01000139.1_32,C,C,C,S,ID=34_32;partial=00;start_type=ATG;rbs_motif=AGGA;rbs_spacer=5-10bp;gc_cont=0.639,ID=34_32;partial=00;start_type=ATG;rbs_motif=AGGA;rbs_spacer=5-10bp;gc,14.0
PEAB01000102.1_5,C,C,C,S,ID=144_5;partial=00;start_type=GTG;rbs_motif=GGAGG;rbs_spacer=5-10bp;gc_cont=0.507,ID=144_5;partial=00;start_type=GTG;rbs_motif=GGAGG;rbs_spacer=5-10bp;gc,14.0
PHCC01000012.1_58,C,C,C,A,ID=18_58;partial=00;start_type=ATG;rbs_motif=GGAG/GAGG;rbs_spacer=5-10bp;gc_cont=0.621,ID=18_58;partial=00;start_type=ATG;rbs_motif=GGAG/GAGG;rbs_spacer=5-10bp;gc,13.0
BDTD01000018.1_20,C,C,C,S,ID=18_20;partial=00;start_type=ATG;rbs_motif=AGGA;rbs_spacer=5-10bp;gc_cont=0.569,ID=18_20;partial=00;start_type=ATG;rbs_motif=AGGA;rbs_spacer=5-10bp;gc,14.0
PLOT01000076.1_1,C,C,C,A,ID=87_1;partial=10;start_type=ATG;rbs_motif=AGGAG;rbs_spacer=5-10bp;gc_cont=0.588,ID=87_1;partial=10;start_type=ATG;rbs_motif=AGGAG;rbs_spacer=5-10bp;gc,13.0
PMIX01000254.1_37,C,C,C,S,ID=429_37;partial=00;start_type=ATG;rbs_motif=AGGAG;rbs_spacer=5-10bp;gc_cont=0.607,ID=429_37;partial=00;start_type=ATG;rbs_motif=AGGAG;rbs_spacer=5-10bp;gc,14.0
PQXE01000038.1_21,C,C,C,S,ID=108_21;partial=00;start_type=ATG;rbs_motif=GGAG/GAGG;rbs_spacer=5-10bp;gc_cont=0.515,ID=108_21;partial=00;start_type=ATG;rbs_motif=GGAG/GAGG;rbs_spacer=5-10bp;gc,14.0
QKAP01000041.1_7,C,C,C,S,ID=31_7;partial=00;start_type=ATG;rbs_motif=AGGAG;rbs_spacer=5-10bp;gc_cont=0.570,ID=31_7;partial=00;start_type=ATG;rbs_motif=AGGAG;rbs_spacer=5-10bp;gc,14.0
DMAW01000184.1_29,-,C,C,S,ID=1_29;partial=01;start_type=Edge;rbs_motif=None;rbs_spacer=None;gc_cont=0.406,ID=1_29;partial=01;start_type=Edge;rbs_motif=None;rbs_spacer=None;gc,10.0
PXDP01000002.1_3,C,C,C,S,ID=262_3;partial=00;start_type=GTG;rbs_motif=AGGA/GGAG/GAGG;rbs_spacer=11-12bp;gc_cont=0.618,ID=262_3;partial=00;start_type=GTG;rbs_motif=AGGA/GGAG/GAGG;rbs_spacer=11-12bp;gc,14.0
RXJK01000217.1_31,C,C,C,A,ID=109_31;partial=00;start_type=ATG;rbs_motif=AGGAG;rbs_spacer=5-10bp;gc_cont=0.648,ID=109_31;partial=00;start_type=ATG;rbs_motif=AGGAG;rbs_spacer=5-10bp;gc,13.0
SGBC01000001.1_693,C,C,C,S,ID=1_693;partial=00;start_type=ATG;rbs_motif=AGGAGG;rbs_spacer=5-10bp;gc_cont=0.398,ID=1_693;partial=00;start_type=ATG;rbs_motif=AGGAGG;rbs_spacer=5-10bp;gc,14.0
SRUQ01000021.1_14,C,C,C,A,ID=132_14;partial=00;start_type=ATG;rbs_motif=GGAG/GAGG;rbs_spacer=5-10bp;gc_cont=0.588,ID=132_14;partial=00;start_type=ATG;rbs_motif=GGAG/GAGG;rbs_spacer=5-10bp;gc,13.0
SKJB01000067.1_20,C,C,C,S,ID=44_20;partial=00;start_type=ATG;rbs_motif=AGGAGG;rbs_spacer=5-10bp;gc_cont=0.421,ID=44_20;partial=00;start_type=ATG;rbs_motif=AGGAGG;rbs_spacer=5-10bp;gc,14.0
VENG01000008.1_185,C,C,C,S,ID=4_185;partial=00;start_type=ATG;rbs_motif=AGGAGG;rbs_spacer=11-12bp;gc_cont=0.536,ID=4_185;partial=00;start_type=ATG;rbs_motif=AGGAGG;rbs_spacer=11-12bp;gc,14.0
SAAJ01000047.1_15,C,C,C,S,ID=46_15;partial=00;start_type=ATG;rbs_motif=AGxAGG/AGGxGG;rbs_spacer=5-10bp;gc_cont=0.522,ID=46_15;partial=00;start_type=ATG;rbs_motif=AGxAGG/AGGxGG;rbs_spacer=5-10bp;gc,14.0
JAABRU010000096.1_18,C,C,C,S,ID=374_18;partial=00;start_type=ATG;rbs_motif=AGGAG;rbs_spacer=5-10bp;gc_cont=0.515,ID=374_18;partial=00;start_type=ATG;rbs_motif=AGGAG;rbs_spacer=5-10bp;gc,14.0
JAAURB010000022.1_24,C,C,C,S,ID=146_24;partial=00;start_type=ATG;rbs_motif=AGGAG;rbs_spacer=5-10bp;gc_cont=0.491,ID=146_24;partial=00;start_type=ATG;rbs_motif=AGGAG;rbs_spacer=5-10bp;gc,14.0
SMDP01000020.1_29,C,C,C,S,ID=113_29;partial=00;start_type=ATG;rbs_motif=None;rbs_spacer=None;gc_cont=0.534,ID=113_29;partial=00;start_type=ATG;rbs_motif=None;rbs_spacer=None;gc,14.0
JAADIA010000013.1_8,C,C,C,S,ID=76_8;partial=00;start_type=ATG;rbs_motif=GGAG/GAGG;rbs_spacer=5-10bp;gc_cont=0.464,ID=76_8;partial=00;start_type=ATG;rbs_motif=GGAG/GAGG;rbs_spacer=5-10bp;gc,14.0
JAAXXY010000015.1_17,C,C,C,S,ID=39_17;partial=00;start_type=ATG;rbs_motif=None;rbs_spacer=None;gc_cont=0.561,ID=39_17;partial=00;start_type=ATG;rbs_motif=None;rbs_spacer=None;gc,14.0
DUZU01000023.1_3,C,C,C,S,ID=23_3;partial=00;start_type=ATG;rbs_motif=GGAG/GAGG;rbs_spacer=5-10bp;gc_cont=0.574,ID=23_3;partial=00;start_type=ATG;rbs_motif=GGAG/GAGG;rbs_spacer=5-10bp;gc,14.0
VMSS01000216.1_6,C,C,C,S,ID=109_6;partial=00;start_type=ATG;rbs_motif=GGAG/GAGG;rbs_spacer=5-10bp;gc_cont=0.566,ID=109_6;partial=00;start_type=ATG;rbs_motif=GGAG/GAGG;rbs_spacer=5-10bp;gc,14.0
JACUTW010000040.1_21,C,C,C,S,ID=146_21;partial=00;start_type=ATG;rbs_motif=AGGAG;rbs_spacer=5-10bp;gc_cont=0.589,ID=146_21;partial=00;start_type=ATG;rbs_motif=AGGAG;rbs_spacer=5-10bp;gc,14.0
JADEXJ010000075.1_20,C,C,C,S,ID=338_20;partial=00;start_type=ATG;rbs_motif=GGAG/GAGG;rbs_spacer=5-10bp;gc_cont=0.435,ID=338_20;partial=00;start_type=ATG;rbs_motif=GGAG/GAGG;rbs_spacer=5-10bp;gc,14.0
JADFYO010000021.1_13,C,C,C,S,ID=63_13;partial=00;start_type=ATG;rbs_motif=GGAGG;rbs_spacer=5-10bp;gc_cont=0.510,ID=63_13;partial=00;start_type=ATG;rbs_motif=GGAGG;rbs_spacer=5-10bp;gc,14.0
WAQR01000070.1_1,C,C,C,S,ID=70_1;partial=00;start_type=ATG;rbs_motif=GGAGG;rbs_spacer=5-10bp;gc_cont=0.511,ID=70_1;partial=00;start_type=ATG;rbs_motif=GGAGG;rbs_spacer=5-10bp;gc,14.0
JACQAD010000102.1_18,C,C,C,S,ID=141_18;partial=00;start_type=ATG;rbs_motif=AGGAG;rbs_spacer=5-10bp;gc_cont=0.627,ID=141_18;partial=00;start_type=ATG;rbs_motif=AGGAG;rbs_spacer=5-10bp;gc,14.0
JACQZP010000031.1_128,C,C,C,S,ID=21_128;partial=00;start_type=ATG;rbs_motif=AGGAGG;rbs_spacer=5-10bp;gc_cont=0.421,ID=21_128;partial=00;start_type=ATG;rbs_motif=AGGAGG;rbs_spacer=5-10bp;gc,14.0
JACRCS010000009.1_2,C,C,C,S,ID=1071_2;partial=00;start_type=ATG;rbs_motif=GGAG/GAGG;rbs_spacer=5-10bp;gc_cont=0.675,ID=1071_2;partial=00;start_type=ATG;rbs_motif=GGAG/GAGG;rbs_spacer=5-10bp;gc,14.0
JACRJN010000076.1_6,C,C,C,S,ID=31_6;partial=00;start_type=ATG;rbs_motif=AGGAG;rbs_spacer=5-10bp;gc_cont=0.537,ID=31_6;partial=00;start_type=ATG;rbs_motif=AGGAG;rbs_spacer=5-10bp;gc,14.0
JAEINR010000051.1_35,C,C,C,S,ID=185_35;partial=00;start_type=ATG;rbs_motif=AGGA/GGAG/GAGG;rbs_spacer=11-12bp;gc_cont=0.556,ID=185_35;partial=00;start_type=ATG;rbs_motif=AGGA/GGAG/GAGG;rbs_spacer=11-12bp;gc,14.0
JADJPE010000005.1_5301,C,C,C,S,ID=5_5301;partial=00;start_type=ATG;rbs_motif=GGAG/GAGG;rbs_spacer=5-10bp;gc_cont=0.608,ID=5_5301;partial=00;start_type=ATG;rbs_motif=GGAG/GAGG;rbs_spacer=5-10bp;gc,14.0
JAEUNU010000035.1_4,C,C,C,A,ID=169_4;partial=00;start_type=ATG;rbs_motif=AGGAG;rbs_spacer=5-10bp;gc_cont=0.647,ID=169_4;partial=00;start_type=ATG;rbs_motif=AGGAG;rbs_spacer=5-10bp;gc,13.0
JAFGYE010000026.1_63,C,C,C,S,ID=92_63;partial=00;start_type=ATG;rbs_motif=TAAA;rbs_spacer=13bp;gc_cont=0.397,ID=92_63;partial=00;start_type=ATG;rbs_motif=TAAA;rbs_spacer=13bp;gc,14.0
JABXKF010000048.1_47,C,C,C,S,ID=85_47;partial=00;start_type=ATG;rbs_motif=GGAG/GAGG;rbs_spacer=5-10bp;gc_cont=0.458,ID=85_47;partial=00;start_type=ATG;rbs_motif=GGAG/GAGG;rbs_spacer=5-10bp;gc,14.0
JAFRUS010000063.1_21,C,C,C,G,ID=23_21;partial=00;start_type=TTG;rbs_motif=AGGAG;rbs_spacer=5-10bp;gc_cont=0.455,ID=23_21;partial=00;start_type=TTG;rbs_motif=AGGAG;rbs_spacer=5-10bp;gc,13.0
JAFVAA010000006.1_4,C,C,C,G,ID=943_4;partial=00;start_type=ATG;rbs_motif=GGA/GAG/AGG;rbs_spacer=5-10bp;gc_cont=0.473,ID=943_4;partial=00;start_type=ATG;rbs_motif=GGA/GAG/AGG;rbs_spacer=5-10bp;gc,13.0
JAFYEE010000163.1_4,C,C,C,G,ID=128_4;partial=00;start_type=ATG;rbs_motif=AGGAGG;rbs_spacer=5-10bp;gc_cont=0.595,ID=128_4;partial=00;start_type=ATG;rbs_motif=AGGAGG;rbs_spacer=5-10bp;gc,13.0
JAGBMJ010000024.1_14,C,C,C,G,ID=133_14;partial=00;start_type=ATG;rbs_motif=GGAG/GAGG;rbs_spacer=5-10bp;gc_cont=0.501,ID=133_14;partial=00;start_type=ATG;rbs_motif=GGAG/GAGG;rbs_spacer=5-10bp;gc,13.0
JADGQQ010000030.1_5,C,C,C,S,ID=91_5;partial=00;start_type=ATG;rbs_motif=GGAGG;rbs_spacer=5-10bp;gc_cont=0.538,ID=91_5;partial=00;start_type=ATG;rbs_motif=GGAGG;rbs_spacer=5-10bp;gc,14.0
JAGCWQ010000231.1_10,C,C,C,G,ID=149_10;partial=00;start_type=ATG;rbs_motif=AAAA;rbs_spacer=11bp;gc_cont=0.456,ID=149_10;partial=00;start_type=ATG;rbs_motif=AAAA;rbs_spacer=11bp;gc,13.0
JAGSYU010000102.1_19,C,C,C,S,ID=68_19;partial=00;start_type=ATG;rbs_motif=GGAG/GAGG;rbs_spacer=5-10bp;gc_cont=0.641,ID=68_19;partial=00;start_type=ATG;rbs_motif=GGAG/GAGG;rbs_spacer=5-10bp;gc,14.0
JAHIRD010000037.1_8,C,C,C,S,ID=214_8;partial=00;start_type=ATG;rbs_motif=AGGAG;rbs_spacer=5-10bp;gc_cont=0.534,ID=214_8;partial=00;start_type=ATG;rbs_motif=AGGAG;rbs_spacer=5-10bp;gc,14.0
JAHIQC010000277.1_3,C,C,C,S,ID=245_3;partial=00;start_type=ATG;rbs_motif=AGGAGG;rbs_spacer=5-10bp;gc_cont=0.615,ID=245_3;partial=00;start_type=ATG;rbs_motif=AGGAGG;rbs_spacer=5-10bp;gc,14.0
JAIBEY010000039.1_121,C,C,C,S,ID=66_121;partial=00;start_type=ATG;rbs_motif=None;rbs_spacer=None;gc_cont=0.475,ID=66_121;partial=00;start_type=ATG;rbs_motif=None;rbs_spacer=None;gc,14.0
JAGVIV010000284.1_1,C,C,C,S,ID=197_1;partial=10;start_type=Edge;rbs_motif=None;rbs_spacer=None;gc_cont=0.542,ID=197_1;partial=10;start_type=Edge;rbs_motif=None;rbs_spacer=None;gc,14.0
DYNE01000003.1_74,C,C,C,S,ID=86_74;partial=00;start_type=ATG;rbs_motif=AAA;rbs_spacer=15bp;gc_cont=0.534,ID=86_74;partial=00;start_type=ATG;rbs_motif=AAA;rbs_spacer=15bp;gc,14.0
JAIOQW010000087.1_8,C,C,C,S,ID=83_8;partial=00;start_type=ATG;rbs_motif=GGAG/GAGG;rbs_spacer=5-10bp;gc_cont=0.477,ID=83_8;partial=00;start_type=ATG;rbs_motif=GGAG/GAGG;rbs_spacer=5-10bp;gc,14.0
JAGFND010000012.1_10,C,C,C,S,ID=24_10;partial=00;start_type=ATG;rbs_motif=GGAGG;rbs_spacer=5-10bp;gc_cont=0.483,ID=24_10;partial=00;start_type=ATG;rbs_motif=GGAGG;rbs_spacer=5-10bp;gc,14.0
JAJYBI010000036.1_6,C,C,C,S,ID=9_6;partial=00;start_type=ATG;rbs_motif=AGGAG;rbs_spacer=5-10bp;gc_cont=0.620,ID=9_6;partial=00;start_type=ATG;rbs_motif=AGGAG;rbs_spacer=5-10bp;gc,14.0
JAJXTV010000007.1_86,C,C,C,S,ID=4_86;partial=00;start_type=ATG;rbs_motif=GGAGG;rbs_spacer=5-10bp;gc_cont=0.521,ID=4_86;partial=00;start_type=ATG;rbs_motif=GGAGG;rbs_spacer=5-10bp;gc,14.0
JAJYUW010000130.1_5,C,C,C,S,ID=38_5;partial=00;start_type=ATG;rbs_motif=AGGAG;rbs_spacer=5-10bp;gc_cont=0.608,ID=38_5;partial=00;start_type=ATG;rbs_motif=AGGAG;rbs_spacer=5-10bp;gc,14.0
JAJZRP010000015.1_22,C,C,C,A,ID=19_22;partial=00;start_type=ATG;rbs_motif=AGGAG;rbs_spacer=5-10bp;gc_cont=0.554,ID=19_22;partial=00;start_type=ATG;rbs_motif=AGGAG;rbs_spacer=5-10bp;gc,13.0
JAKAKF010000258.1_22,C,C,C,S,ID=65_22;partial=00;start_type=ATG;rbs_motif=AGGAGG;rbs_spacer=11-12bp;gc_cont=0.421,ID=65_22;partial=00;start_type=ATG;rbs_motif=AGGAGG;rbs_spacer=11-12bp;gc,14.0
JAKAQK010000030.1_9,C,C,C,S,ID=104_9;partial=00;start_type=ATG;rbs_motif=AGGAGG;rbs_spacer=5-10bp;gc_cont=0.401,ID=104_9;partial=00;start_type=ATG;rbs_motif=AGGAGG;rbs_spacer=5-10bp;gc,14.0
JAJZVB010000077.1_5,C,C,C,A,ID=7_5;partial=00;start_type=ATG;rbs_motif=AGGAG;rbs_spacer=5-10bp;gc_cont=0.565,ID=7_5;partial=00;start_type=ATG;rbs_motif=AGGAG;rbs_spacer=5-10bp;gc,13.0
JAKSCY010000790.1_2,C,C,C,S,ID=233_2;partial=01;start_type=ATG;rbs_motif=AAAAAA;rbs_spacer=15bp;gc_cont=0.535,ID=233_2;partial=01;start_type=ATG;rbs_motif=AAAAAA;rbs_spacer=15bp;gc,14.0
JAKLIY010000025.1_35,C,C,C,S,ID=60_35;partial=00;start_type=ATG;rbs_motif=GGAG/GAGG;rbs_spacer=5-10bp;gc_cont=0.577,ID=60_35;partial=00;start_type=ATG;rbs_motif=GGAG/GAGG;rbs_spacer=5-10bp;gc,14.0
JAGLIU010000205.1_8,C,C,C,S,ID=119_8;partial=00;start_type=ATG;rbs_motif=GGAGG;rbs_spacer=5-10bp;gc_cont=0.439,ID=119_8;partial=00;start_type=ATG;rbs_motif=GGAGG;rbs_spacer=5-10bp;gc,14.0
JAMCRJ010000025.1_123,C,C,C,A,ID=9_123;partial=00;start_type=ATG;rbs_motif=GGAG/GAGG;rbs_spacer=5-10bp;gc_cont=0.534,ID=9_123;partial=00;start_type=ATG;rbs_motif=GGAG/GAGG;rbs_spacer=5-10bp;gc,13.0
JAEVYT010000002.1_295,C,C,C,S,ID=15_295;partial=00;start_type=ATG;rbs_motif=AGGAGG;rbs_spacer=5-10bp;gc_cont=0.404,ID=15_295;partial=00;start_type=ATG;rbs_motif=AGGAGG;rbs_spacer=5-10bp;gc,14.0
JAEWSH010000042.1_384,C,C,C,S,ID=7_384;partial=00;start_type=ATG;rbs_motif=GGAGG;rbs_spacer=5-10bp;gc_cont=0.418,ID=7_384;partial=00;start_type=ATG;rbs_motif=GGAGG;rbs_spacer=5-10bp;gc,14.0
JAEYHP010000168.1_15,C,C,C,S,ID=3_15;partial=00;start_type=ATG;rbs_motif=GGAGG;rbs_spacer=5-10bp;gc_cont=0.588,ID=3_15;partial=00;start_type=ATG;rbs_motif=GGAGG;rbs_spacer=5-10bp;gc,14.0
JAEZRJ010000026.1_51,C,C,C,G,ID=29_51;partial=00;start_type=GTG;rbs_motif=AGGAGG;rbs_spacer=5-10bp;gc_cont=0.484,ID=29_51;partial=00;start_type=GTG;rbs_motif=AGGAGG;rbs_spacer=5-10bp;gc,13.0
JAEZFR010000245.1_4,C,C,C,G,ID=127_4;partial=00;start_type=GTG;rbs_motif=GGA/GAG/AGG;rbs_spacer=3-4bp;gc_cont=0.413,ID=127_4;partial=00;start_type=GTG;rbs_motif=GGA/GAG/AGG;rbs_spacer=3-4bp;gc,13.0
JAEYZN010000028.1_75,C,C,C,G,ID=2_75;partial=00;start_type=ATG;rbs_motif=AGxAGG/AGGxGG;rbs_spacer=5-10bp;gc_cont=0.606,ID=2_75;partial=00;start_type=ATG;rbs_motif=AGxAGG/AGGxGG;rbs_spacer=5-10bp;gc,13.0
JAEZKU010000030.1_50,C,C,C,S,ID=65_50;partial=00;start_type=ATG;rbs_motif=AGGAGG;rbs_spacer=5-10bp;gc_cont=0.478,ID=65_50;partial=00;start_type=ATG;rbs_motif=AGGAGG;rbs_spacer=5-10bp;gc,14.0
JAEXUW010000005.1_183,C,C,C,S,ID=20_183;partial=00;start_type=ATG;rbs_motif=AGGAGG;rbs_spacer=5-10bp;gc_cont=0.426,ID=20_183;partial=00;start_type=ATG;rbs_motif=AGGAGG;rbs_spacer=5-10bp;gc,14.0
JAEWNN010000135.1_23,C,C,C,S,ID=135_23;partial=00;start_type=ATG;rbs_motif=None;rbs_spacer=None;gc_cont=0.651,ID=135_23;partial=00;start_type=ATG;rbs_motif=None;rbs_spacer=None;gc,14.0
JAMPXP010000016.1_64,C,C,C,S,ID=35_64;partial=00;start_type=ATG;rbs_motif=AGGAG;rbs_spacer=5-10bp;gc_cont=0.580,ID=35_64;partial=00;start_type=ATG;rbs_motif=AGGAG;rbs_spacer=5-10bp;gc,14.0
JAMXLF010000063.1_94,C,C,C,S,ID=63_94;partial=00;start_type=ATG;rbs_motif=AGGAG;rbs_spacer=5-10bp;gc_cont=0.588,ID=63_94;partial=00;start_type=ATG;rbs_motif=AGGAG;rbs_spacer=5-10bp;gc,14.0
JAIKZQ010000021.1_54,C,C,C,G,ID=46_54;partial=00;start_type=ATG;rbs_motif=GGAGG;rbs_spacer=5-10bp;gc_cont=0.482,ID=46_54;partial=00;start_type=ATG;rbs_motif=GGAGG;rbs_spacer=5-10bp;gc,13.0
JAILFF010000074.1_16,C,C,C,G,ID=184_16;partial=00;start_type=ATG;rbs_motif=AGGAG;rbs_spacer=5-10bp;gc_cont=0.543,ID=184_16;partial=00;start_type=ATG;rbs_motif=AGGAG;rbs_spacer=5-10bp;gc,13.0
LT599017.1_839,C,C,C,S,ID=1_839;partial=00;start_type=ATG;rbs_motif=GGAGG;rbs_spacer=5-10bp;gc_cont=0.601,ID=1_839;partial=00;start_type=ATG;rbs_motif=GGAGG;rbs_spacer=5-10bp;gc,14.0
OMXX01000006.1_100,C,C,C,G,ID=164_100;partial=00;start_type=ATG;rbs_motif=None;rbs_spacer=None;gc_cont=0.505,ID=164_100;partial=00;start_type=ATG;rbs_motif=None;rbs_spacer=None;gc,13.0
UREO01000034.1_9,C,C,C,S,ID=34_9;partial=00;start_type=ATG;rbs_motif=GGAGG;rbs_spacer=5-10bp;gc_cont=0.489,ID=34_9;partial=00;start_type=ATG;rbs_motif=GGAGG;rbs_spacer=5-10bp;gc,14.0
CACWPR010000058.1_2,C,C,C,G,ID=58_2;partial=00;start_type=ATG;rbs_motif=AGxAGG/AGGxGG;rbs_spacer=5-10bp;gc_cont=0.488,ID=58_2;partial=00;start_type=ATG;rbs_motif=AGxAGG/AGGxGG;rbs_spacer=5-10bp;gc,13.0
CACYRM010000126.1_5,C,C,C,G,ID=126_5;partial=00;start_type=ATG;rbs_motif=GGAGG;rbs_spacer=5-10bp;gc_cont=0.462,ID=126_5;partial=00;start_type=ATG;rbs_motif=GGAGG;rbs_spacer=5-10bp;gc,13.0
CACZYY010000114.1_11,C,C,C,G,ID=114_11;partial=00;start_type=ATG;rbs_motif=GGA/GAG/AGG;rbs_spacer=5-10bp;gc_cont=0.484,ID=114_11;partial=00;start_type=ATG;rbs_motif=GGA/GAG/AGG;rbs_spacer=5-10bp;gc,13.0
CADDXC010000001.1_808,C,C,C,S,ID=1_808;partial=00;start_type=ATG;rbs_motif=AGGAGG;rbs_spacer=5-10bp;gc_cont=0.394,ID=1_808;partial=00;start_type=ATG;rbs_motif=AGGAGG;rbs_spacer=5-10bp;gc,14.0
CAILNX010000043.1_123,C,C,C,S,ID=43_123;partial=00;start_type=ATG;rbs_motif=AGGAG;rbs_spacer=5-10bp;gc_cont=0.652,ID=43_123;partial=00;start_type=ATG;rbs_motif=AGGAG;rbs_spacer=5-10bp;gc,14.0
CAIOBP010000198.1_3,C,C,C,A,ID=198_3;partial=00;start_type=ATG;rbs_motif=AGGAG;rbs_spacer=5-10bp;gc_cont=0.644,ID=198_3;partial=00;start_type=ATG;rbs_motif=AGGAG;rbs_spacer=5-10bp;gc,13.0
CAIQSY010000120.1_9,C,C,C,S,ID=120_9;partial=00;start_type=ATG;rbs_motif=None;rbs_spacer=None;gc_cont=0.526,ID=120_9;partial=00;start_type=ATG;rbs_motif=None;rbs_spacer=None;gc,14.0
CAITZA010000458.1_2,C,C,C,S,ID=458_2;partial=00;start_type=ATG;rbs_motif=GGA/GAG/AGG;rbs_spacer=5-10bp;gc_cont=0.503,ID=458_2;partial=00;start_type=ATG;rbs_motif=GGA/GAG/AGG;rbs_spacer=5-10bp;gc,14.0
CAIYSZ010000031.1_19,C,C,C,S,ID=31_19;partial=00;start_type=ATG;rbs_motif=AGGAG;rbs_spacer=5-10bp;gc_cont=0.479,ID=31_19;partial=00;start_type=ATG;rbs_motif=AGGAG;rbs_spacer=5-10bp;gc,14.0
CAJAVP010000005.1_29,C,C,C,S,ID=5_29;partial=00;start_type=ATG;rbs_motif=AGGAG;rbs_spacer=5-10bp;gc_cont=0.442,ID=5_29;partial=00;start_type=ATG;rbs_motif=AGGAG;rbs_spacer=5-10bp;gc,14.0
CAJOPO010000142.1_7,C,C,C,G,ID=142_7;partial=00;start_type=ATG;rbs_motif=GGAG/GAGG;rbs_spacer=5-10bp;gc_cont=0.368,ID=142_7;partial=00;start_type=ATG;rbs_motif=GGAG/GAGG;rbs_spacer=5-10bp;gc,13.0
CAKKRC010000045.1_54,C,C,C,S,ID=45_54;partial=00;start_type=ATG;rbs_motif=GGAGG;rbs_spacer=5-10bp;gc_cont=0.582,ID=45_54;partial=00;start_type=ATG;rbs_motif=GGAGG;rbs_spacer=5-10bp;gc,14.0
NC_008381.1_157,C,C,C,A,ID=5_157;partial=00;start_type=ATG;rbs_motif=GGAG/GAGG;rbs_spacer=5-10bp;gc_cont=0.542,ID=5_157;partial=00;start_type=ATG;rbs_motif=GGAG/GAGG;rbs_spacer=5-10bp;gc,13.0
NC_011420.2_3513,C,C,C,A,ID=1_3513;partial=00;start_type=ATG;rbs_motif=AGGAG;rbs_spacer=5-10bp;gc_cont=0.661,ID=1_3513;partial=00;start_type=ATG;rbs_motif=AGGAG;rbs_spacer=5-10bp;gc,13.0
NC_011666.1_3626,C,C,C,A,ID=1_3626;partial=00;start_type=ATG;rbs_motif=GGA/GAG/AGG;rbs_spacer=5-10bp;gc_cont=0.581,ID=1_3626;partial=00;start_type=ATG;rbs_motif=GGA/GAG/AGG;rbs_spacer=5-10bp;gc,13.0
NC_014364.1_2991,C,C,C,S,ID=1_2991;partial=00;start_type=ATG;rbs_motif=AGGAGG;rbs_spacer=5-10bp;gc_cont=0.544,ID=1_2991;partial=00;start_type=ATG;rbs_motif=AGGAGG;rbs_spacer=5-10bp;gc,14.0
NZ_ACYY01000009.1_47,C,C,C,A,ID=51_47;partial=00;start_type=ATG;rbs_motif=AGGA;rbs_spacer=5-10bp;gc_cont=0.623,ID=51_47;partial=00;start_type=ATG;rbs_motif=AGGA;rbs_spacer=5-10bp;gc,13.0
NZ_GL891979.1_627,C,C,C,S,ID=1_627;partial=00;start_type=ATG;rbs_motif=TAAAAA;rbs_spacer=9bp;gc_cont=0.407,ID=1_627;partial=00;start_type=ATG;rbs_motif=TAAAAA;rbs_spacer=9bp;gc,14.0
NC_016819.1_107,C,C,C,S,ID=3_107;partial=00;start_type=ATG;rbs_motif=AGGAG;rbs_spacer=5-10bp;gc_cont=0.542,ID=3_107;partial=00;start_type=ATG;rbs_motif=AGGAG;rbs_spacer=5-10bp;gc,14.0
NZ_AJTV01000014.1_98,C,C,C,A,ID=14_98;partial=00;start_type=ATG;rbs_motif=GGAG/GAGG;rbs_spacer=5-10bp;gc_cont=0.597,ID=14_98;partial=00;start_type=ATG;rbs_motif=GGAG/GAGG;rbs_spacer=5-10bp;gc,13.0
NC_019779.1_1780,C,C,C,S,ID=1_1780;partial=00;start_type=ATG;rbs_motif=GGA/GAG/AGG;rbs_spacer=5-10bp;gc_cont=0.453,ID=1_1780;partial=00;start_type=ATG;rbs_motif=GGA/GAG/AGG;rbs_spacer=5-10bp;gc,14.0
NZ_CAAF010000045.1_50,C,C,C,A,ID=45_50;partial=00;start_type=ATG;rbs_motif=GGAGG;rbs_spacer=5-10bp;gc_cont=0.595,ID=45_50;partial=00;start_type=ATG;rbs_motif=GGAGG;rbs_spacer=5-10bp;gc,13.0
NZ_KB913025.1_1518,C,C,C,S,ID=1_1518;partial=00;start_type=ATG;rbs_motif=AGGAG;rbs_spacer=5-10bp;gc_cont=0.500,ID=1_1518;partial=00;start_type=ATG;rbs_motif=AGGAG;rbs_spacer=5-10bp;gc,14.0
NZ_KE384114.1_220,C,C,C,G,ID=2_220;partial=00;start_type=ATG;rbs_motif=AGGAGG;rbs_spacer=5-10bp;gc_cont=0.420,ID=2_220;partial=00;start_type=ATG;rbs_motif=AGGAGG;rbs_spacer=5-10bp;gc,13.0
NZ_KE386497.1_79,C,C,C,A,ID=3_79;partial=00;start_type=ATG;rbs_motif=GGA/GAG/AGG;rbs_spacer=5-10bp;gc_cont=0.583,ID=3_79;partial=00;start_type=ATG;rbs_motif=GGA/GAG/AGG;rbs_spacer=5-10bp;gc,13.0
NZ_AWZU01000050.1_44,C,C,C,A,ID=50_44;partial=00;start_type=ATG;rbs_motif=GGA/GAG/AGG;rbs_spacer=5-10bp;gc_cont=0.561,ID=50_44;partial=00;start_type=ATG;rbs_motif=GGA/GAG/AGG;rbs_spacer=5-10bp;gc,13.0
NZ_AZUW01000052.1_18,C,C,C,A,ID=44_18;partial=00;start_type=ATG;rbs_motif=GGA/GAG/AGG;rbs_spacer=5-10bp;gc_cont=0.592,ID=44_18;partial=00;start_type=ATG;rbs_motif=GGA/GAG/AGG;rbs_spacer=5-10bp;gc,13.0
NZ_CBTK010000250.1_33,C,C,C,S,ID=250_33;partial=00;start_type=ATG;rbs_motif=GGAG/GAGG;rbs_spacer=5-10bp;gc_cont=0.566,ID=250_33;partial=00;start_type=ATG;rbs_motif=GGAG/GAGG;rbs_spacer=5-10bp;gc,14.0
NZ_JMLK01000008.1_195,C,C,C,S,ID=5_195;partial=00;start_type=ATG;rbs_motif=GGAGG;rbs_spacer=5-10bp;gc_cont=0.334,ID=5_195;partial=00;start_type=ATG;rbs_motif=GGAGG;rbs_spacer=5-10bp;gc,14.0
NZ_BBJJ01000077.1_11,C,C,C,A,ID=305_11;partial=00;start_type=ATG;rbs_motif=AGGAG;rbs_spacer=5-10bp;gc_cont=0.535,ID=305_11;partial=00;start_type=ATG;rbs_motif=AGGAG;rbs_spacer=5-10bp;gc,13.0
NZ_JWJD01000005.1_122,C,C,C,S,ID=19_122;partial=00;start_type=ATG;rbs_motif=AGGAG;rbs_spacer=5-10bp;gc_cont=0.586,ID=19_122;partial=00;start_type=ATG;rbs_motif=AGGAG;rbs_spacer=5-10bp;gc,14.0
NZ_CP009506.1_3469,C,C,C,S,ID=1_3469;partial=00;start_type=ATG;rbs_motif=GGAG/GAGG;rbs_spacer=5-10bp;gc_cont=0.516,ID=1_3469;partial=00;start_type=ATG;rbs_motif=GGAG/GAGG;rbs_spacer=5-10bp;gc,14.0
NZ_LGTE01000008.1_61,C,C,C,S,ID=8_61;partial=00;start_type=ATG;rbs_motif=AGGAGG;rbs_spacer=5-10bp;gc_cont=0.502,ID=8_61;partial=00;start_type=ATG;rbs_motif=AGGAGG;rbs_spacer=5-10bp;gc,14.0
NZ_JWID01000003.1_201,C,C,C,S,ID=23_201;partial=00;start_type=ATG;rbs_motif=AGGAGG;rbs_spacer=5-10bp;gc_cont=0.311,ID=23_201;partial=00;start_type=ATG;rbs_motif=AGGAGG;rbs_spacer=5-10bp;gc,14.0
NZ_CP012661.1_1543,C,C,C,A,ID=1_1543;partial=00;start_type=ATG;rbs_motif=AGGA;rbs_spacer=5-10bp;gc_cont=0.635,ID=1_1543;partial=00;start_type=ATG;rbs_motif=AGGA;rbs_spacer=5-10bp;gc,13.0
NZ_CP016027.1_322,C,C,C,A,ID=1_322;partial=00;start_type=ATG;rbs_motif=GGAG/GAGG;rbs_spacer=5-10bp;gc_cont=0.618,ID=1_322;partial=00;start_type=ATG;rbs_motif=GGAG/GAGG;rbs_spacer=5-10bp;gc,13.0
NZ_MIJE01000032.1_121,C,C,C,S,ID=32_121;partial=00;start_type=ATG;rbs_motif=AGGAGG;rbs_spacer=5-10bp;gc_cont=0.400,ID=32_121;partial=00;start_type=ATG;rbs_motif=AGGAGG;rbs_spacer=5-10bp;gc,14.0
NZ_CP017243.1_365,C,C,C,A,ID=3_365;partial=00;start_type=ATG;rbs_motif=GGA/GAG/AGG;rbs_spacer=5-10bp;gc_cont=0.589,ID=3_365;partial=00;start_type=ATG;rbs_motif=GGA/GAG/AGG;rbs_spacer=5-10bp;gc,13.0
NZ_CP015039.1_2217,C,C,C,A,ID=1_2217;partial=00;start_type=ATG;rbs_motif=AGGA;rbs_spacer=5-10bp;gc_cont=0.605,ID=1_2217;partial=00;start_type=ATG;rbs_motif=AGGA;rbs_spacer=5-10bp;gc,13.0
NZ_LSLK01000061.1_16,C,C,C,S,ID=61_16;partial=00;start_type=ATG;rbs_motif=AGGAG;rbs_spacer=5-10bp;gc_cont=0.477,ID=61_16;partial=00;start_type=ATG;rbs_motif=AGGAG;rbs_spacer=5-10bp;gc,14.0
NZ_AP018316.1_1206,C,C,C,S,ID=1_1206;partial=00;start_type=ATG;rbs_motif=GGAG/GAGG;rbs_spacer=5-10bp;gc_cont=0.434,ID=1_1206;partial=00;start_type=ATG;rbs_motif=GGAG/GAGG;rbs_spacer=5-10bp;gc,14.0
NZ_CP020370.1_1809,C,C,C,S,ID=1_1809;partial=00;start_type=ATG;rbs_motif=AGGAG;rbs_spacer=5-10bp;gc_cont=0.619,ID=1_1809;partial=00;start_type=ATG;rbs_motif=AGGAG;rbs_spacer=5-10bp;gc,14.0
NZ_PTJA01000002.1_71,C,C,C,S,ID=2_71;partial=00;start_type=ATG;rbs_motif=AGGAGG;rbs_spacer=5-10bp;gc_cont=0.456,ID=2_71;partial=00;start_type=ATG;rbs_motif=AGGAGG;rbs_spacer=5-10bp;gc,14.0
NZ_PYCN01000050.1_2,C,C,C,A,ID=283_2;partial=00;start_type=ATG;rbs_motif=GGA/GAG/AGG;rbs_spacer=5-10bp;gc_cont=0.587,ID=283_2;partial=00;start_type=ATG;rbs_motif=GGA/GAG/AGG;rbs_spacer=5-10bp;gc,13.0
NZ_QJJS01000014.1_54,C,C,C,A,ID=14_54;partial=00;start_type=ATG;rbs_motif=GGAG/GAGG;rbs_spacer=5-10bp;gc_cont=0.630,ID=14_54;partial=00;start_type=ATG;rbs_motif=GGAG/GAGG;rbs_spacer=5-10bp;gc,13.0
NZ_QPJT01000020.1_24,C,C,C,S,ID=20_24;partial=00;start_type=ATG;rbs_motif=AGGAGG;rbs_spacer=5-10bp;gc_cont=0.452,ID=20_24;partial=00;start_type=ATG;rbs_motif=AGGAGG;rbs_spacer=5-10bp;gc,14.0
NZ_RAPV01000001.1_1605,C,C,C,A,ID=1_1605;partial=00;start_type=GTG;rbs_motif=AGGAG;rbs_spacer=5-10bp;gc_cont=0.603,ID=1_1605;partial=00;start_type=GTG;rbs_motif=AGGAG;rbs_spacer=5-10bp;gc,13.0
NZ_CP034443.1_2402,C,C,C,A,ID=1_2402;partial=00;start_type=ATG;rbs_motif=GGAG/GAGG;rbs_spacer=5-10bp;gc_cont=0.597,ID=1_2402;partial=00;start_type=ATG;rbs_motif=GGAG/GAGG;rbs_spacer=5-10bp;gc,13.0
NZ_CP029758.2_391,C,C,C,S,ID=1_391;partial=00;start_type=ATG;rbs_motif=AGGAGG;rbs_spacer=5-10bp;gc_cont=0.363,ID=1_391;partial=00;start_type=ATG;rbs_motif=AGGAGG;rbs_spacer=5-10bp;gc,14.0
NZ_SELS01000114.1_6,C,C,C,A,ID=16_6;partial=00;start_type=ATG;rbs_motif=AGGAG;rbs_spacer=5-10bp;gc_cont=0.545,ID=16_6;partial=00;start_type=ATG;rbs_motif=AGGAG;rbs_spacer=5-10bp;gc,13.0
NZ_SLWW01000003.1_26,C,C,C,A,ID=3_26;partial=00;start_type=ATG;rbs_motif=AGGA;rbs_spacer=5-10bp;gc_cont=0.637,ID=3_26;partial=00;start_type=ATG;rbs_motif=AGGA;rbs_spacer=5-10bp;gc,13.0
NZ_SPQR01000006.1_25,C,C,C,S,ID=27_25;partial=00;start_type=ATG;rbs_motif=AGGA;rbs_spacer=5-10bp;gc_cont=0.448,ID=27_25;partial=00;start_type=ATG;rbs_motif=AGGA;rbs_spacer=5-10bp;gc,14.0
NZ_CP034036.1_1926,C,C,C,S,ID=1_1926;partial=00;start_type=ATG;rbs_motif=GGAGG;rbs_spacer=5-10bp;gc_cont=0.585,ID=1_1926;partial=00;start_type=ATG;rbs_motif=GGAGG;rbs_spacer=5-10bp;gc,14.0
NZ_CP041387.1_3595,C,C,C,A,ID=1_3595;partial=00;start_type=ATG;rbs_motif=GGA/GAG/AGG;rbs_spacer=11-12bp;gc_cont=0.615,ID=1_3595;partial=00;start_type=ATG;rbs_motif=GGA/GAG/AGG;rbs_spacer=11-12bp;gc,13.0
NZ_BJZO01000086.1_11,C,C,C,S,ID=86_11;partial=00;start_type=ATG;rbs_motif=GGAG/GAGG;rbs_spacer=5-10bp;gc_cont=0.634,ID=86_11;partial=00;start_type=ATG;rbs_motif=GGAG/GAGG;rbs_spacer=5-10bp;gc,14.0
NZ_VZRA01000001.1_901,C,C,C,S,ID=1_901;partial=00;start_type=ATG;rbs_motif=AGGAG;rbs_spacer=5-10bp;gc_cont=0.594,ID=1_901;partial=00;start_type=ATG;rbs_motif=AGGAG;rbs_spacer=5-10bp;gc,14.0
NZ_VIKW01000031.1_1,C,C,C,S,ID=24_1;partial=00;start_type=ATG;rbs_motif=GGAG/GAGG;rbs_spacer=5-10bp;gc_cont=0.431,ID=24_1;partial=00;start_type=ATG;rbs_motif=GGAG/GAGG;rbs_spacer=5-10bp;gc,14.0
NZ_JAABNO010000010.1_59,C,C,C,S,ID=4_59;partial=00;start_type=ATG;rbs_motif=AGGAGG;rbs_spacer=5-10bp;gc_cont=0.372,ID=4_59;partial=00;start_type=ATG;rbs_motif=AGGAGG;rbs_spacer=5-10bp;gc,14.0
NZ_JAAFZE010000002.1_285,C,C,C,A,ID=104_285;partial=00;start_type=ATG;rbs_motif=GGAG/GAGG;rbs_spacer=5-10bp;gc_cont=0.597,ID=104_285;partial=00;start_type=ATG;rbs_motif=GGAG/GAGG;rbs_spacer=5-10bp;gc,13.0
NZ_WTVS01000014.1_66,C,C,C,S,ID=56_66;partial=00;start_type=ATG;rbs_motif=AGGAG;rbs_spacer=5-10bp;gc_cont=0.654,ID=56_66;partial=00;start_type=ATG;rbs_motif=AGGAG;rbs_spacer=5-10bp;gc,14.0
NZ_BJTG01000009.1_202,C,C,C,S,ID=9_202;partial=00;start_type=ATG;rbs_motif=AGGAG;rbs_spacer=5-10bp;gc_cont=0.684,ID=9_202;partial=00;start_type=ATG;rbs_motif=AGGAG;rbs_spacer=5-10bp;gc,14.0
NZ_JACEGA010000001.1_1424,C,C,C,S,ID=1_1424;partial=00;start_type=ATG;rbs_motif=GGAGG;rbs_spacer=5-10bp;gc_cont=0.434,ID=1_1424;partial=00;start_type=ATG;rbs_motif=GGAGG;rbs_spacer=5-10bp;gc,14.0
NZ_AP023213.1_1132,C,C,C,S,ID=1_1132;partial=00;start_type=ATG;rbs_motif=AGGAG;rbs_spacer=5-10bp;gc_cont=0.629,ID=1_1132;partial=00;start_type=ATG;rbs_motif=AGGAG;rbs_spacer=5-10bp;gc,14.0
NZ_JACJRQ010000008.1_39,C,C,C,S,ID=78_39;partial=00;start_type=ATG;rbs_motif=GGAG/GAGG;rbs_spacer=5-10bp;gc_cont=0.459,ID=78_39;partial=00;start_type=ATG;rbs_motif=GGAG/GAGG;rbs_spacer=5-10bp;gc,14.0
NZ_JADEWL010000022.1_63,-,C,C,S,ID=250_63;partial=00;start_type=GTG;rbs_motif=None;rbs_spacer=None;gc_cont=0.428,ID=250_63;partial=00;start_type=GTG;rbs_motif=None;rbs_spacer=None;gc,10.0
NZ_JACEGD010000022.1_67,C,C,C,A,ID=48_67;partial=00;start_type=ATG;rbs_motif=AGGA;rbs_spacer=5-10bp;gc_cont=0.581,ID=48_67;partial=00;start_type=ATG;rbs_motif=AGGA;rbs_spacer=5-10bp;gc,13.0
NZ_NHSH01000057.1_63,C,C,C,S,ID=57_63;partial=00;start_type=ATG;rbs_motif=AGGAG;rbs_spacer=5-10bp;gc_cont=0.605,ID=57_63;partial=00;start_type=ATG;rbs_motif=AGGAG;rbs_spacer=5-10bp;gc,14.0
NZ_JAFFQC010000020.1_64,C,C,C,S,ID=122_64;partial=00;start_type=ATG;rbs_motif=GGAG/GAGG;rbs_spacer=5-10bp;gc_cont=0.568,ID=122_64;partial=00;start_type=ATG;rbs_motif=GGAG/GAGG;rbs_spacer=5-10bp;gc,14.0
NZ_JAGGKD010000007.1_24,C,C,C,S,ID=7_24;partial=00;start_type=ATG;rbs_motif=AGGAGG;rbs_spacer=5-10bp;gc_cont=0.476,ID=7_24;partial=00;start_type=ATG;rbs_motif=AGGAGG;rbs_spacer=5-10bp;gc,14.0
NZ_JAFCJZ010000003.1_9,C,C,C,A,ID=23_9;partial=00;start_type=ATG;rbs_motif=GGA/GAG/AGG;rbs_spacer=5-10bp;gc_cont=0.611,ID=23_9;partial=00;start_type=ATG;rbs_motif=GGA/GAG/AGG;rbs_spacer=5-10bp;gc,13.0
NZ_JAGUQP010000057.1_3,C,C,C,S,ID=56_3;partial=00;start_type=ATG;rbs_motif=AGGAG;rbs_spacer=5-10bp;gc_cont=0.493,ID=56_3;partial=00;start_type=ATG;rbs_motif=AGGAG;rbs_spacer=5-10bp;gc,14.0
NZ_VSST01000037.1_20,C,C,C,A,ID=87_20;partial=00;start_type=ATG;rbs_motif=GGA/GAG/AGG;rbs_spacer=5-10bp;gc_cont=0.567,ID=87_20;partial=00;start_type=ATG;rbs_motif=GGA/GAG/AGG;rbs_spacer=5-10bp;gc,13.0
NZ_JADYVE010000055.1_1,C,C,C,A,ID=66_1;partial=00;start_type=ATG;rbs_motif=GGA/GAG/AGG;rbs_spacer=5-10bp;gc_cont=0.610,ID=66_1;partial=00;start_type=ATG;rbs_motif=GGA/GAG/AGG;rbs_spacer=5-10bp;gc,13.0
NZ_JACMYP010000044.1_9,C,C,C,A,ID=44_9;partial=00;start_type=ATG;rbs_motif=AGGA;rbs_spacer=5-10bp;gc_cont=0.568,ID=44_9;partial=00;start_type=ATG;rbs_motif=AGGA;rbs_spacer=5-10bp;gc,13.0
NZ_JAKGSB010000001.1_791,C,C,C,A,ID=9_791;partial=00;start_type=ATG;rbs_motif=AGGA;rbs_spacer=5-10bp;gc_cont=0.627,ID=9_791;partial=00;start_type=ATG;rbs_motif=AGGA;rbs_spacer=5-10bp;gc,13.0
NZ_JALCYY010000010.1_55,C,C,C,S,ID=2_55;partial=00;start_type=ATG;rbs_motif=AGGA;rbs_spacer=5-10bp;gc_cont=0.665,ID=2_55;partial=00;start_type=ATG;rbs_motif=AGGA;rbs_spacer=5-10bp;gc,14.0
NZ_CP064689.1_6807,C,C,C,A,ID=1_6807;partial=00;start_type=ATG;rbs_motif=GGA/GAG/AGG;rbs_spacer=5-10bp;gc_cont=0.578,ID=1_6807;partial=00;start_type=ATG;rbs_motif=GGA/GAG/AGG;rbs_spacer=5-10bp;gc,13.0
NZ_JAMYDV010000003.1_214,C,C,C,A,ID=3_214;partial=00;start_type=ATG;rbs_motif=AGGA;rbs_spacer=5-10bp;gc_cont=0.621,ID=3_214;partial=00;start_type=ATG;rbs_motif=AGGA;rbs_spacer=5-10bp;gc,13.0
NZ_CP062229.1_6902,C,C,C,A,ID=1_6902;partial=00;start_type=ATG;rbs_motif=GGAG/GAGG;rbs_spacer=5-10bp;gc_cont=0.602,ID=1_6902;partial=00;start_type=ATG;rbs_motif=GGAG/GAGG;rbs_spacer=5-10bp;gc,13.0
NZ_FNCV01000009.1_1,C,C,C,A,ID=5_1;partial=00;start_type=ATG;rbs_motif=AGGAG;rbs_spacer=5-10bp;gc_cont=0.661,ID=5_1;partial=00;start_type=ATG;rbs_motif=AGGAG;rbs_spacer=5-10bp;gc,13.0
NZ_FNNZ01000011.1_118,C,C,C,S,ID=33_118;partial=00;start_type=ATG;rbs_motif=AGGAG;rbs_spacer=5-10bp;gc_cont=0.606,ID=33_118;partial=00;start_type=ATG;rbs_motif=AGGAG;rbs_spacer=5-10bp;gc,14.0
NZ_FOKR01000003.1_171,C,C,C,G,ID=36_171;partial=00;start_type=ATG;rbs_motif=GGAGG;rbs_spacer=5-10bp;gc_cont=0.427,ID=36_171;partial=00;start_type=ATG;rbs_motif=GGAGG;rbs_spacer=5-10bp;gc,13.0
NZ_FQTU01000001.1_13,C,C,C,S,ID=25_13;partial=00;start_type=ATG;rbs_motif=AGGAG;rbs_spacer=5-10bp;gc_cont=0.431,ID=25_13;partial=00;start_type=ATG;rbs_motif=AGGAG;rbs_spacer=5-10bp;gc,14.0
NZ_FSRT01000003.1_176,C,C,C,G,ID=7_176;partial=00;start_type=ATG;rbs_motif=GGAG/GAGG;rbs_spacer=5-10bp;gc_cont=0.460,ID=7_176;partial=00;start_type=ATG;rbs_motif=GGAG/GAGG;rbs_spacer=5-10bp;gc,13.0
NZ_FWXI01000023.1_79,C,C,C,S,ID=61_79;partial=00;start_type=ATG;rbs_motif=AGGAG;rbs_spacer=5-10bp;gc_cont=0.486,ID=61_79;partial=00;start_type=ATG;rbs_motif=AGGAG;rbs_spacer=5-10bp;gc,14.0
NZ_OCMS01000004.1_4,C,C,C,G,ID=5_4;partial=00;start_type=ATG;rbs_motif=AGGAG;rbs_spacer=5-10bp;gc_cont=0.500,ID=5_4;partial=00;start_type=ATG;rbs_motif=AGGAG;rbs_spacer=5-10bp;gc,13.0
NZ_CACVBO010000001.1_217,C,C,C,S,ID=1_217;partial=00;start_type=ATG;rbs_motif=None;rbs_spacer=None;gc_cont=0.540,ID=1_217;partial=00;start_type=ATG;rbs_motif=None;rbs_spacer=None;gc,14.0
DBRO01000033.1_7,C,C,C,S,ID=45_7;partial=00;start_type=TTG;rbs_motif=AGGAG;rbs_spacer=5-10bp;gc_cont=0.504,ID=45_7;partial=00;start_type=TTG;rbs_motif=AGGAG;rbs_spacer=5-10bp;gc,14.0
JAATGP010000008.1_7,C,C,C,S,ID=57_7;partial=00;start_type=ATG;rbs_motif=GGAG/GAGG;rbs_spacer=5-10bp;gc_cont=0.569,ID=57_7;partial=00;start_type=ATG;rbs_motif=GGAG/GAGG;rbs_spacer=5-10bp;gc,14.0
JAEWSZ010000134.1_74,C,C,C,S,ID=23_74;partial=00;start_type=ATG;rbs_motif=AGGAGG;rbs_spacer=5-10bp;gc_cont=0.483,ID=23_74;partial=00;start_type=ATG;rbs_motif=AGGAGG;rbs_spacer=5-10bp;gc,14.0
JAEZMB010000328.1_1,C,C,C,S,ID=27_1;partial=00;start_type=ATG;rbs_motif=AGGA;rbs_spacer=5-10bp;gc_cont=0.623,ID=27_1;partial=00;start_type=ATG;rbs_motif=AGGA;rbs_spacer=5-10bp;gc,14.0
NZ_AFWT01000026.1_9,C,C,C,S,ID=116_9;partial=00;start_type=ATG;rbs_motif=GGA/GAG/AGG;rbs_spacer=5-10bp;gc_cont=0.634,ID=116_9;partial=00;start_type=ATG;rbs_motif=GGA/GAG/AGG;rbs_spacer=5-10bp;gc,14.0
NZ_JHZB01000015.1_74,C,C,C,S,ID=14_74;partial=00;start_type=ATG;rbs_motif=AGGAG;rbs_spacer=5-10bp;gc_cont=0.605,ID=14_74;partial=00;start_type=ATG;rbs_motif=AGGAG;rbs_spacer=5-10bp;gc,14.0
NZ_PIUM01000009.1_77,C,C,C,S,ID=81_77;partial=00;start_type=ATG;rbs_motif=AGGA;rbs_spacer=5-10bp;gc_cont=0.593,ID=81_77;partial=00;start_type=ATG;rbs_motif=AGGA;rbs_spacer=5-10bp;gc,14.0
NZ_VWPL01000005.1_54,C,C,C,S,ID=55_54;partial=00;start_type=ATG;rbs_motif=GGAG/GAGG;rbs_spacer=5-10bp;gc_cont=0.623,ID=55_54;partial=00;start_type=ATG;rbs_motif=GGAG/GAGG;rbs_spacer=5-10bp;gc,14.0
NZ_CP076607.1_2900,C,C,C,S,ID=1_2900;partial=00;start_type=ATG;rbs_motif=AGGAG;rbs_spacer=5-10bp;gc_cont=0.517,ID=1_2900;partial=00;start_type=ATG;rbs_motif=AGGAG;rbs_spacer=5-10bp;gc,14.0
NZ_LR738849.1_699,C,C,C,S,ID=1_699;partial=00;start_type=ATG;rbs_motif=GGAG/GAGG;rbs_spacer=5-10bp;gc_cont=0.574,ID=1_699;partial=00;start_type=ATG;rbs_motif=GGAG/GAGG;rbs_spacer=5-10bp;gc,14.0
JAGFXW010000087.1_4,C,C,C,S,ID=147_4;partial=00;start_type=ATG;rbs_motif=AGGAG;rbs_spacer=5-10bp;gc_cont=0.482,ID=147_4;partial=00;start_type=ATG;rbs_motif=AGGAG;rbs_spacer=5-10bp;gc,14.0
AP018180.1_808,C,C,C,S,ID=1_808;partial=00;start_type=ATG;rbs_motif=AGGAG;rbs_spacer=5-10bp;gc_cont=0.439,ID=1_808;partial=00;start_type=ATG;rbs_motif=AGGAG;rbs_spacer=5-10bp;gc,14.0
NZ_NHRY01000045.1_15,C,C,C,S,ID=45_15;partial=00;start_type=ATG;rbs_motif=AGGA;rbs_spacer=5-10bp;gc_cont=0.642,ID=45_15;partial=00;start_type=ATG;rbs_motif=AGGA;rbs_spacer=5-10bp;gc,14.0
CAIZDF010000566.1_4,C,C,C,S,ID=566_4;partial=00;start_type=ATG;rbs_motif=AGGA;rbs_spacer=5-10bp;gc_cont=0.461,ID=566_4;partial=00;start_type=ATG;rbs_motif=AGGA;rbs_spacer=5-10bp;gc,14.0
ADZZ01000138.1_19,C,C,C,S,ID=673_19;partial=00;start_type=ATG;rbs_motif=GGAG/GAGG;rbs_spacer=5-10bp;gc_cont=0.535,ID=673_19;partial=00;start_type=ATG;rbs_motif=GGAG/GAGG;rbs_spacer=5-10bp;gc,14.0
DF820458.1_513,C,C,C,S,ID=5_513;partial=00;start_type=ATG;rbs_motif=None;rbs_spacer=None;gc_cont=0.537,ID=5_513;partial=00;start_type=ATG;rbs_motif=None;rbs_spacer=None;gc,14.0
LBMP01000004.1_392,C,C,C,S,ID=269_392;partial=00;start_type=ATG;rbs_motif=GGAG/GAGG;rbs_spacer=5-10bp;gc_cont=0.628,ID=269_392;partial=00;start_type=ATG;rbs_motif=GGAG/GAGG;rbs_spacer=5-10bp;gc,14.0
LVBW01000006.1_7,C,C,C,S,ID=94_7;partial=00;start_type=ATG;rbs_motif=None;rbs_spacer=None;gc_cont=0.590,ID=94_7;partial=00;start_type=ATG;rbs_motif=None;rbs_spacer=None;gc,14.0
MGTO01000132.1_37,C,C,C,S,ID=132_37;partial=00;start_type=ATG;rbs_motif=AGGAG;rbs_spacer=5-10bp;gc_cont=0.607,ID=132_37;partial=00;start_type=ATG;rbs_motif=AGGAG;rbs_spacer=5-10bp;gc,14.0
MNYL01000079.1_6,C,C,C,S,ID=230_6;partial=00;start_type=ATG;rbs_motif=GGAGG;rbs_spacer=5-10bp;gc_cont=0.479,ID=230_6;partial=00;start_type=ATG;rbs_motif=GGAGG;rbs_spacer=5-10bp;gc,14.0
NCGX01000016.1_46,C,C,C,A,ID=25_46;partial=00;start_type=ATG;rbs_motif=AGGAG;rbs_spacer=5-10bp;gc_cont=0.605,ID=25_46;partial=00;start_type=ATG;rbs_motif=AGGAG;rbs_spacer=5-10bp;gc,13.0
DBTX01000018.1_20,C,C,C,S,ID=36_20;partial=00;start_type=ATG;rbs_motif=AGGAGG;rbs_spacer=5-10bp;gc_cont=0.480,ID=36_20;partial=00;start_type=ATG;rbs_motif=AGGAGG;rbs_spacer=5-10bp;gc,14.0
DDYN01000016.1_89,C,C,C,S,ID=22_89;partial=00;start_type=ATG;rbs_motif=AGGAGG;rbs_spacer=5-10bp;gc_cont=0.596,ID=22_89;partial=00;start_type=ATG;rbs_motif=AGGAGG;rbs_spacer=5-10bp;gc,14.0
DGRX01000006.1_57,C,C,C,G,ID=7_57;partial=00;start_type=ATG;rbs_motif=AGGAG;rbs_spacer=5-10bp;gc_cont=0.488,ID=7_57;partial=00;start_type=ATG;rbs_motif=AGGAG;rbs_spacer=5-10bp;gc,13.0
DHWG01000082.1_11,C,C,C,S,ID=101_11;partial=00;start_type=ATG;rbs_motif=AGGAG;rbs_spacer=5-10bp;gc_cont=0.480,ID=101_11;partial=00;start_type=ATG;rbs_motif=AGGAG;rbs_spacer=5-10bp;gc,14.0
DIZI01000008.1_195,C,C,C,S,ID=19_195;partial=00;start_type=ATG;rbs_motif=TAA;rbs_spacer=10bp;gc_cont=0.411,ID=19_195;partial=00;start_type=ATG;rbs_motif=TAA;rbs_spacer=10bp;gc,14.0
DACJ01000072.1_25,C,C,C,S,ID=112_25;partial=00;start_type=ATG;rbs_motif=GGA/GAG/AGG;rbs_spacer=5-10bp;gc_cont=0.505,ID=112_25;partial=00;start_type=ATG;rbs_motif=GGA/GAG/AGG;rbs_spacer=5-10bp;gc,14.0
PEAK01000081.1_9,C,C,C,S,ID=26_9;partial=00;start_type=ATG;rbs_motif=AGGA;rbs_spacer=5-10bp;gc_cont=0.512,ID=26_9;partial=00;start_type=ATG;rbs_motif=AGGA;rbs_spacer=5-10bp;gc,14.0
PHCU01000233.1_3,C,C,C,S,ID=306_3;partial=01;start_type=ATG;rbs_motif=AGGAG;rbs_spacer=5-10bp;gc_cont=0.594,ID=306_3;partial=01;start_type=ATG;rbs_motif=AGGAG;rbs_spacer=5-10bp;gc,14.0
BDUA01000028.1_5,C,C,C,S,ID=28_5;partial=00;start_type=ATG;rbs_motif=AGGAG;rbs_spacer=5-10bp;gc_cont=0.624,ID=28_5;partial=00;start_type=ATG;rbs_motif=AGGAG;rbs_spacer=5-10bp;gc,14.0
PLNW01000118.1_39,C,C,C,S,ID=1_39;partial=00;start_type=ATG;rbs_motif=AGGAG;rbs_spacer=5-10bp;gc_cont=0.602,ID=1_39;partial=00;start_type=ATG;rbs_motif=AGGAG;rbs_spacer=5-10bp;gc,14.0
PMJA01000331.1_11,C,C,C,S,ID=379_11;partial=00;start_type=ATG;rbs_motif=AGGAG;rbs_spacer=5-10bp;gc_cont=0.459,ID=379_11;partial=00;start_type=ATG;rbs_motif=AGGAG;rbs_spacer=5-10bp;gc,14.0
CP031585.1_2215,C,C,C,A,ID=1_2215;partial=00;start_type=ATG;rbs_motif=AGGA;rbs_spacer=5-10bp;gc_cont=0.613,ID=1_2215;partial=00;start_type=ATG;rbs_motif=AGGA;rbs_spacer=5-10bp;gc,13.0
QJZS01000199.1_5,C,C,C,S,ID=76_5;partial=00;start_type=ATG;rbs_motif=AGGAG;rbs_spacer=5-10bp;gc_cont=0.475,ID=76_5;partial=00;start_type=ATG;rbs_motif=AGGAG;rbs_spacer=5-10bp;gc,14.0
DLXW01000100.1_21,C,C,C,S,ID=306_21;partial=00;start_type=ATG;rbs_motif=GGAG/GAGG;rbs_spacer=5-10bp;gc_cont=0.441,ID=306_21;partial=00;start_type=ATG;rbs_motif=GGAG/GAGG;rbs_spacer=5-10bp;gc,14.0
PXBG01000112.1_6,C,C,C,S,ID=53_6;partial=00;start_type=ATG;rbs_motif=AGGA;rbs_spacer=5-10bp;gc_cont=0.599,ID=53_6;partial=00;start_type=ATG;rbs_motif=AGGA;rbs_spacer=5-10bp;gc,14.0
RXJJ01000019.1_69,C,C,C,A,ID=19_69;partial=00;start_type=ATG;rbs_motif=GGA/GAG/AGG;rbs_spacer=5-10bp;gc_cont=0.596,ID=19_69;partial=00;start_type=ATG;rbs_motif=GGA/GAG/AGG;rbs_spacer=5-10bp;gc,13.0
RXIL01000115.1_3,C,C,C,S,ID=25_3;partial=00;start_type=ATG;rbs_motif=AGGAG;rbs_spacer=5-10bp;gc_cont=0.477,ID=25_3;partial=00;start_type=ATG;rbs_motif=AGGAG;rbs_spacer=5-10bp;gc,14.0
QZLA01000161.1_10,C,C,C,S,ID=267_10;partial=00;start_type=ATG;rbs_motif=AGGAG;rbs_spacer=5-10bp;gc_cont=0.557,ID=267_10;partial=00;start_type=ATG;rbs_motif=AGGAG;rbs_spacer=5-10bp;gc,14.0
SKHL01000211.1_2,C,C,C,S,ID=75_2;partial=00;start_type=ATG;rbs_motif=AGGAGG;rbs_spacer=5-10bp;gc_cont=0.417,ID=75_2;partial=00;start_type=ATG;rbs_motif=AGGAGG;rbs_spacer=5-10bp;gc,14.0
REEM01000134.1_16,C,C,C,S,ID=53_16;partial=00;start_type=ATG;rbs_motif=AGGAG;rbs_spacer=5-10bp;gc_cont=0.555,ID=53_16;partial=00;start_type=ATG;rbs_motif=AGGAG;rbs_spacer=5-10bp;gc,14.0
WASQ01000002.1_38,C,C,C,A,ID=113_38;partial=00;start_type=ATG;rbs_motif=AGGA;rbs_spacer=5-10bp;gc_cont=0.600,ID=113_38;partial=00;start_type=ATG;rbs_motif=AGGA;rbs_spacer=5-10bp;gc,13.0
RZZR01000293.1_1,C,C,C,S,ID=182_1;partial=00;start_type=ATG;rbs_motif=AGGAG;rbs_spacer=5-10bp;gc_cont=0.659,ID=182_1;partial=00;start_type=ATG;rbs_motif=AGGAG;rbs_spacer=5-10bp;gc,14.0
JAABRJ010000485.1_6,C,C,C,S,ID=488_6;partial=00;start_type=ATG;rbs_motif=GGAG/GAGG;rbs_spacer=5-10bp;gc_cont=0.641,ID=488_6;partial=00;start_type=ATG;rbs_motif=GGAG/GAGG;rbs_spacer=5-10bp;gc,14.0
JAAUQL010000095.1_8,C,C,C,S,ID=180_8;partial=00;start_type=ATG;rbs_motif=AAA;rbs_spacer=11bp;gc_cont=0.494,ID=180_8;partial=00;start_type=ATG;rbs_motif=AAA;rbs_spacer=11bp;gc,14.0
JABDHK010000043.1_36,C,C,C,S,ID=43_36;partial=00;start_type=ATG;rbs_motif=AGGA/GGAG/GAGG;rbs_spacer=11-12bp;gc_cont=0.557,ID=43_36;partial=00;start_type=ATG;rbs_motif=AGGA/GGAG/GAGG;rbs_spacer=11-12bp;gc,14.0
JAADHP010000151.1_11,C,C,C,S,ID=282_11;partial=00;start_type=ATG;rbs_motif=AGGAGG;rbs_spacer=5-10bp;gc_cont=0.454,ID=282_11;partial=00;start_type=ATG;rbs_motif=AGGAGG;rbs_spacer=5-10bp;gc,14.0
JAAXXR010000002.1_54,C,C,C,S,ID=22_54;partial=00;start_type=ATG;rbs_motif=None;rbs_spacer=None;gc_cont=0.604,ID=22_54;partial=00;start_type=ATG;rbs_motif=None;rbs_spacer=None;gc,14.0
DUZW01000040.1_7,C,C,C,S,ID=40_7;partial=00;start_type=ATG;rbs_motif=GGAG/GAGG;rbs_spacer=5-10bp;gc_cont=0.597,ID=40_7;partial=00;start_type=ATG;rbs_motif=GGAG/GAGG;rbs_spacer=5-10bp;gc,14.0
JACUTQ010000054.1_8,C,C,C,S,ID=128_8;partial=00;start_type=ATG;rbs_motif=AGGAGG;rbs_spacer=5-10bp;gc_cont=0.479,ID=128_8;partial=00;start_type=ATG;rbs_motif=AGGAGG;rbs_spacer=5-10bp;gc,14.0
JADEWQ010000072.1_12,C,C,C,S,ID=66_12;partial=00;start_type=ATG;rbs_motif=AGGAG;rbs_spacer=5-10bp;gc_cont=0.493,ID=66_12;partial=00;start_type=ATG;rbs_motif=AGGAG;rbs_spacer=5-10bp;gc,14.0
JADFYM010000387.1_1,C,C,C,S,ID=318_1;partial=00;start_type=ATG;rbs_motif=GGAGG;rbs_spacer=5-10bp;gc_cont=0.549,ID=318_1;partial=00;start_type=ATG;rbs_motif=GGAGG;rbs_spacer=5-10bp;gc,14.0
JADMXW010000007.1_100,C,C,C,S,ID=62_100;partial=00;start_type=ATG;rbs_motif=GGAGG;rbs_spacer=5-10bp;gc_cont=0.520,ID=62_100;partial=00;start_type=ATG;rbs_motif=GGAGG;rbs_spacer=5-10bp;gc,14.0
JACPZO010000030.1_19,C,C,C,A,ID=19_19;partial=00;start_type=ATG;rbs_motif=GGAG/GAGG;rbs_spacer=5-10bp;gc_cont=0.641,ID=19_19;partial=00;start_type=ATG;rbs_motif=GGAG/GAGG;rbs_spacer=5-10bp;gc,13.0
JACQZF010000039.1_10,C,C,C,S,ID=61_10;partial=00;start_type=ATG;rbs_motif=GGAGG;rbs_spacer=5-10bp;gc_cont=0.492,ID=61_10;partial=00;start_type=ATG;rbs_motif=GGAGG;rbs_spacer=5-10bp;gc,14.0
JACRCO010000071.1_83,C,C,C,S,ID=35_83;partial=00;start_type=ATG;rbs_motif=AGGAG;rbs_spacer=5-10bp;gc_cont=0.619,ID=35_83;partial=00;start_type=ATG;rbs_motif=AGGAG;rbs_spacer=5-10bp;gc,14.0
JACRIU010000021.1_2,C,C,C,A,ID=121_2;partial=00;start_type=ATG;rbs_motif=AGGAG;rbs_spacer=5-10bp;gc_cont=0.587,ID=121_2;partial=00;start_type=ATG;rbs_motif=AGGAG;rbs_spacer=5-10bp;gc,13.0
JAEINM010000009.1_24,C,C,C,S,ID=15_24;partial=00;start_type=ATG;rbs_motif=AGGAG;rbs_spacer=5-10bp;gc_cont=0.435,ID=15_24;partial=00;start_type=ATG;rbs_motif=AGGAG;rbs_spacer=5-10bp;gc,14.0
JADKDL010000007.1_70,C,C,C,S,ID=7_70;partial=00;start_type=ATG;rbs_motif=AAAA;rbs_spacer=10bp;gc_cont=0.388,ID=7_70;partial=00;start_type=ATG;rbs_motif=AAAA;rbs_spacer=10bp;gc,14.0
JAEUPB010000020.1_63,C,C,C,A,ID=29_63;partial=00;start_type=ATG;rbs_motif=AGGAG;rbs_spacer=5-10bp;gc_cont=0.660,ID=29_63;partial=00;start_type=ATG;rbs_motif=AGGAG;rbs_spacer=5-10bp;gc,13.0
JADQBC010000070.1_14,C,C,C,S,ID=14_14;partial=00;start_type=ATG;rbs_motif=GGAG/GAGG;rbs_spacer=5-10bp;gc_cont=0.434,ID=14_14;partial=00;start_type=ATG;rbs_motif=GGAG/GAGG;rbs_spacer=5-10bp;gc,14.0
JAFGYD010000195.1_3,C,C,C,S,ID=10_3;partial=00;start_type=ATG;rbs_motif=AGGAG;rbs_spacer=5-10bp;gc_cont=0.344,ID=10_3;partial=00;start_type=ATG;rbs_motif=AGGAG;rbs_spacer=5-10bp;gc,14.0
CP031518.1_2164,C,C,C,G,ID=1_2164;partial=00;start_type=ATG;rbs_motif=GGAG/GAGG;rbs_spacer=5-10bp;gc_cont=0.482,ID=1_2164;partial=00;start_type=ATG;rbs_motif=GGAG/GAGG;rbs_spacer=5-10bp;gc,13.0
JAFRXL010000034.1_56,C,C,C,G,ID=10_56;partial=00;start_type=ATG;rbs_motif=GGA/GAG/AGG;rbs_spacer=5-10bp;gc_cont=0.470,ID=10_56;partial=00;start_type=ATG;rbs_motif=GGA/GAG/AGG;rbs_spacer=5-10bp;gc,13.0
JAFUVQ010000057.1_11,C,C,C,G,ID=19_11;partial=00;start_type=ATG;rbs_motif=GGA/GAG/AGG;rbs_spacer=5-10bp;gc_cont=0.416,ID=19_11;partial=00;start_type=ATG;rbs_motif=GGA/GAG/AGG;rbs_spacer=5-10bp;gc,13.0
JAFWPB010000036.1_7,C,C,C,G,ID=33_7;partial=00;start_type=ATG;rbs_motif=GGAGG;rbs_spacer=5-10bp;gc_cont=0.472,ID=33_7;partial=00;start_type=ATG;rbs_motif=GGAGG;rbs_spacer=5-10bp;gc,13.0
JAGBLU010000015.1_49,C,C,C,S,ID=27_49;partial=00;start_type=ATG;rbs_motif=GGA/GAG/AGG;rbs_spacer=5-10bp;gc_cont=0.411,ID=27_49;partial=00;start_type=ATG;rbs_motif=GGA/GAG/AGG;rbs_spacer=5-10bp;gc,14.0
JADGQO010000200.1_21,C,C,C,A,ID=122_21;partial=00;start_type=ATG;rbs_motif=GGAG/GAGG;rbs_spacer=5-10bp;gc_cont=0.538,ID=122_21;partial=00;start_type=ATG;rbs_motif=GGAG/GAGG;rbs_spacer=5-10bp;gc,13.0
JAGCWA010000012.1_66,C,C,C,G,ID=47_66;partial=00;start_type=ATG;rbs_motif=AAA;rbs_spacer=3bp;gc_cont=0.547,ID=47_66;partial=00;start_type=ATG;rbs_motif=AAA;rbs_spacer=3bp;gc,13.0
JAFDVZ010000014.1_137,C,C,C,S,ID=5_137;partial=00;start_type=ATG;rbs_motif=AGGAG;rbs_spacer=5-10bp;gc_cont=0.639,ID=5_137;partial=00;start_type=ATG;rbs_motif=AGGAG;rbs_spacer=5-10bp;gc,14.0
JAHJNN010000008.1_301,C,C,C,A,ID=6_301;partial=00;start_type=ATG;rbs_motif=AGGAG;rbs_spacer=5-10bp;gc_cont=0.624,ID=6_301;partial=00;start_type=ATG;rbs_motif=AGGAG;rbs_spacer=5-10bp;gc,13.0
JAHIQV010000404.1_2,C,C,C,A,ID=273_2;partial=00;start_type=ATG;rbs_motif=GGAG/GAGG;rbs_spacer=5-10bp;gc_cont=0.621,ID=273_2;partial=00;start_type=ATG;rbs_motif=GGAG/GAGG;rbs_spacer=5-10bp;gc,13.0
JAHBZL010000017.1_52,C,C,C,A,ID=9_52;partial=00;start_type=ATG;rbs_motif=AGGAG;rbs_spacer=5-10bp;gc_cont=0.651,ID=9_52;partial=00;start_type=ATG;rbs_motif=AGGAG;rbs_spacer=5-10bp;gc,13.0
JAGVHR010000064.1_4,C,C,C,S,ID=28_4;partial=00;start_type=ATG;rbs_motif=GGAGG;rbs_spacer=5-10bp;gc_cont=0.517,ID=28_4;partial=00;start_type=ATG;rbs_motif=GGAGG;rbs_spacer=5-10bp;gc,14.0
JAHLKT010000004.1_566,C,C,C,S,ID=10_566;partial=00;start_type=ATG;rbs_motif=AGGA;rbs_spacer=5-10bp;gc_cont=0.642,ID=10_566;partial=00;start_type=ATG;rbs_motif=AGGA;rbs_spacer=5-10bp;gc,14.0
DYND01000002.1_88,C,C,C,S,ID=24_88;partial=00;start_type=ATG;rbs_motif=None;rbs_spacer=None;gc_cont=0.511,ID=24_88;partial=00;start_type=ATG;rbs_motif=None;rbs_spacer=None;gc,14.0
JAJQIK010000045.1_78,C,C,C,G,ID=73_78;partial=00;start_type=ATG;rbs_motif=AGGAG;rbs_spacer=5-10bp;gc_cont=0.405,ID=73_78;partial=00;start_type=ATG;rbs_motif=AGGAG;rbs_spacer=5-10bp;gc,13.0
JAKITW010000014.1_16,C,C,C,S,ID=98_16;partial=00;start_type=ATG;rbs_motif=AGGA;rbs_spacer=5-10bp;gc_cont=0.609,ID=98_16;partial=00;start_type=ATG;rbs_motif=AGGA;rbs_spacer=5-10bp;gc,14.0
JAJYBH010000002.1_56,C,C,C,S,ID=135_56;partial=00;start_type=ATG;rbs_motif=AGGAG;rbs_spacer=5-10bp;gc_cont=0.586,ID=135_56;partial=00;start_type=ATG;rbs_motif=AGGAG;rbs_spacer=5-10bp;gc,14.0
JAJXTT010000002.1_8,C,C,C,A,ID=304_8;partial=00;start_type=ATG;rbs_motif=AGGAG;rbs_spacer=5-10bp;gc_cont=0.578,ID=304_8;partial=00;start_type=ATG;rbs_motif=AGGAG;rbs_spacer=5-10bp;gc,13.0
JAJYTC010000041.1_5,C,C,C,S,ID=84_5;partial=00;start_type=ATG;rbs_motif=AGGA;rbs_spacer=5-10bp;gc_cont=0.554,ID=84_5;partial=00;start_type=ATG;rbs_motif=AGGA;rbs_spacer=5-10bp;gc,14.0
JAKAJL010000016.1_53,C,C,C,A,ID=66_53;partial=00;start_type=ATG;rbs_motif=GGAG/GAGG;rbs_spacer=5-10bp;gc_cont=0.609,ID=66_53;partial=00;start_type=ATG;rbs_motif=GGAG/GAGG;rbs_spacer=5-10bp;gc,13.0
JAKALP010000042.1_16,C,C,C,S,ID=9_16;partial=00;start_type=ATG;rbs_motif=AGGAG;rbs_spacer=5-10bp;gc_cont=0.585,ID=9_16;partial=00;start_type=ATG;rbs_motif=AGGAG;rbs_spacer=5-10bp;gc,14.0
JAJZCJ010000143.1_2,C,C,C,S,ID=307_2;partial=00;start_type=GTG;rbs_motif=AGGA/GGAG/GAGG;rbs_spacer=11-12bp;gc_cont=0.481,ID=307_2;partial=00;start_type=GTG;rbs_motif=AGGA/GGAG/GAGG;rbs_spacer=11-12bp;gc,14.0
JAKSDB010000265.1_3,C,C,C,S,ID=373_3;partial=00;start_type=ATG;rbs_motif=AAA;rbs_spacer=15bp;gc_cont=0.531,ID=373_3;partial=00;start_type=ATG;rbs_motif=AAA;rbs_spacer=15bp;gc,14.0
JAKLIM010000325.1_2,C,C,C,S,ID=252_2;partial=00;start_type=ATG;rbs_motif=TAA;rbs_spacer=11bp;gc_cont=0.430,ID=252_2;partial=00;start_type=ATG;rbs_motif=TAA;rbs_spacer=11bp;gc,14.0
JAGLHT010000054.1_11,C,C,C,S,ID=60_11;partial=00;start_type=ATG;rbs_motif=AGGAG;rbs_spacer=5-10bp;gc_cont=0.404,ID=60_11;partial=00;start_type=ATG;rbs_motif=AGGAG;rbs_spacer=5-10bp;gc,14.0
JAMCQY010000369.1_31,C,C,C,S,ID=428_31;partial=00;start_type=ATG;rbs_motif=GGAG/GAGG;rbs_spacer=5-10bp;gc_cont=0.616,ID=428_31;partial=00;start_type=ATG;rbs_motif=GGAG/GAGG;rbs_spacer=5-10bp;gc,14.0
JAEWMZ010000313.1_6,C,C,C,S,ID=283_6;partial=00;start_type=ATG;rbs_motif=AGGAGG;rbs_spacer=5-10bp;gc_cont=0.453,ID=283_6;partial=00;start_type=ATG;rbs_motif=AGGAGG;rbs_spacer=5-10bp;gc,14.0
JAEWSG010000067.1_16,C,C,C,S,ID=240_16;partial=00;start_type=ATG;rbs_motif=AGGAGG;rbs_spacer=5-10bp;gc_cont=0.404,ID=240_16;partial=00;start_type=ATG;rbs_motif=AGGAGG;rbs_spacer=5-10bp;gc,14.0
JAEYGZ010000012.1_107,C,C,C,S,ID=16_107;partial=00;start_type=ATG;rbs_motif=GGAGG;rbs_spacer=5-10bp;gc_cont=0.506,ID=16_107;partial=00;start_type=ATG;rbs_motif=GGAGG;rbs_spacer=5-10bp;gc,14.0
JAEZRE010000010.1_38,C,C,C,S,ID=20_38;partial=00;start_type=ATG;rbs_motif=GGAGG;rbs_spacer=5-10bp;gc_cont=0.525,ID=20_38;partial=00;start_type=ATG;rbs_motif=GGAGG;rbs_spacer=5-10bp;gc,14.0
JAEZFP010000068.1_310,C,C,C,S,ID=54_310;partial=00;start_type=ATG;rbs_motif=AGGAGG;rbs_spacer=5-10bp;gc_cont=0.518,ID=54_310;partial=00;start_type=ATG;rbs_motif=AGGAGG;rbs_spacer=5-10bp;gc,14.0
JAEYZK010000392.1_15,C,C,C,S,ID=394_15;partial=00;start_type=ATG;rbs_motif=AGGAG;rbs_spacer=5-10bp;gc_cont=0.680,ID=394_15;partial=00;start_type=ATG;rbs_motif=AGGAG;rbs_spacer=5-10bp;gc,14.0
JAEZKS010000164.1_2,C,C,C,S,ID=205_2;partial=00;start_type=ATG;rbs_motif=AGGAGG;rbs_spacer=5-10bp;gc_cont=0.618,ID=205_2;partial=00;start_type=ATG;rbs_motif=AGGAGG;rbs_spacer=5-10bp;gc,14.0
JAEXRM010000053.1_22,C,C,C,S,ID=51_22;partial=00;start_type=ATG;rbs_motif=AGGAGG;rbs_spacer=5-10bp;gc_cont=0.651,ID=51_22;partial=00;start_type=ATG;rbs_motif=AGGAGG;rbs_spacer=5-10bp;gc,14.0
JAEXBC010000257.1_2,C,C,C,S,ID=257_2;partial=00;start_type=ATG;rbs_motif=AGGAGG;rbs_spacer=5-10bp;gc_cont=0.388,ID=257_2;partial=00;start_type=ATG;rbs_motif=AGGAGG;rbs_spacer=5-10bp;gc,14.0
JAMPXI010000012.1_28,C,C,C,S,ID=134_28;partial=00;start_type=ATG;rbs_motif=AGGAG;rbs_spacer=5-10bp;gc_cont=0.625,ID=134_28;partial=00;start_type=ATG;rbs_motif=AGGAG;rbs_spacer=5-10bp;gc,14.0
JALJOM010000008.1_385,C,C,C,A,ID=8_385;partial=00;start_type=ATG;rbs_motif=AGGA;rbs_spacer=5-10bp;gc_cont=0.608,ID=8_385;partial=00;start_type=ATG;rbs_motif=AGGA;rbs_spacer=5-10bp;gc,13.0
JAIKZC010000305.1_2,C,C,C,G,ID=92_2;partial=00;start_type=ATG;rbs_motif=AGGA/GGAG/GAGG;rbs_spacer=11-12bp;gc_cont=0.430,ID=92_2;partial=00;start_type=ATG;rbs_motif=AGGA/GGAG/GAGG;rbs_spacer=11-12bp;gc,13.0
JAILRZ010000055.1_40,C,C,C,G,ID=17_40;partial=00;start_type=ATG;rbs_motif=AGGAGG;rbs_spacer=5-10bp;gc_cont=0.374,ID=17_40;partial=00;start_type=ATG;rbs_motif=AGGAGG;rbs_spacer=5-10bp;gc,13.0
FMTN01000009.1_123,C,C,C,G,ID=44_123;partial=00;start_type=ATG;rbs_motif=GGAG/GAGG;rbs_spacer=5-10bp;gc_cont=0.460,ID=44_123;partial=00;start_type=ATG;rbs_motif=GGAG/GAGG;rbs_spacer=5-10bp;gc,13.0
OMYO01000017.1_27,C,C,C,G,ID=32_27;partial=00;start_type=ATG;rbs_motif=AGGAG;rbs_spacer=5-10bp;gc_cont=0.594,ID=32_27;partial=00;start_type=ATG;rbs_motif=AGGAG;rbs_spacer=5-10bp;gc,13.0
URQW01000020.1_17,C,C,C,S,ID=20_17;partial=00;start_type=ATG;rbs_motif=AGxAGG/AGGxGG;rbs_spacer=11-12bp;gc_cont=0.466,ID=20_17;partial=00;start_type=ATG;rbs_motif=AGxAGG/AGGxGG;rbs_spacer=11-12bp;gc,14.0
CACWQH010000033.1_10,C,C,C,G,ID=33_10;partial=00;start_type=ATG;rbs_motif=AGGAGG;rbs_spacer=5-10bp;gc_cont=0.393,ID=33_10;partial=00;start_type=ATG;rbs_motif=AGGAGG;rbs_spacer=5-10bp;gc,13.0
CACYSH010000001.1_52,C,C,C,G,ID=1_52;partial=00;start_type=ATG;rbs_motif=AGGAG;rbs_spacer=5-10bp;gc_cont=0.532,ID=1_52;partial=00;start_type=ATG;rbs_motif=AGGAG;rbs_spacer=5-10bp;gc,13.0
CADAAS010000015.1_1,C,C,C,G,ID=15_1;partial=00;start_type=ATG;rbs_motif=AGGAGG;rbs_spacer=5-10bp;gc_cont=0.526,ID=15_1;partial=00;start_type=ATG;rbs_motif=AGGAGG;rbs_spacer=5-10bp;gc,13.0
CADBRC010000296.1_2,C,C,C,G,ID=296_2;partial=00;start_type=GTG;rbs_motif=AGGAGG;rbs_spacer=5-10bp;gc_cont=0.595,ID=296_2;partial=00;start_type=GTG;rbs_motif=AGGAGG;rbs_spacer=5-10bp;gc,13.0
CADDYU010000065.1_10,C,C,C,A,ID=65_10;partial=00;start_type=ATG;rbs_motif=GGAG/GAGG;rbs_spacer=5-10bp;gc_cont=0.610,ID=65_10;partial=00;start_type=ATG;rbs_motif=GGAG/GAGG;rbs_spacer=5-10bp;gc,13.0
CAILRB010000025.1_9,C,C,C,S,ID=25_9;partial=00;start_type=ATG;rbs_motif=None;rbs_spacer=None;gc_cont=0.526,ID=25_9;partial=00;start_type=ATG;rbs_motif=None;rbs_spacer=None;gc,14.0
CAIOGM010000045.1_8,C,C,C,S,ID=45_8;partial=00;start_type=ATG;rbs_motif=AGGAG;rbs_spacer=5-10bp;gc_cont=0.610,ID=45_8;partial=00;start_type=ATG;rbs_motif=AGGAG;rbs_spacer=5-10bp;gc,14.0
CAIQWD010000027.1_44,C,C,C,S,ID=27_44;partial=00;start_type=ATG;rbs_motif=GGA/GAG/AGG;rbs_spacer=5-10bp;gc_cont=0.574,ID=27_44;partial=00;start_type=ATG;rbs_motif=GGA/GAG/AGG;rbs_spacer=5-10bp;gc,14.0
CAITZN010000524.1_6,C,C,C,S,ID=524_6;partial=00;start_type=ATG;rbs_motif=GGAG/GAGG;rbs_spacer=5-10bp;gc_cont=0.544,ID=524_6;partial=00;start_type=ATG;rbs_motif=GGAG/GAGG;rbs_spacer=5-10bp;gc,14.0
CAIWPS010000536.1_5,C,C,C,A,ID=536_5;partial=00;start_type=ATG;rbs_motif=AGGAG;rbs_spacer=5-10bp;gc_cont=0.629,ID=536_5;partial=00;start_type=ATG;rbs_motif=AGGAG;rbs_spacer=5-10bp;gc,13.0
CAIYTJ010000318.1_3,C,C,C,S,ID=318_3;partial=00;start_type=ATG;rbs_motif=TAA;rbs_spacer=10bp;gc_cont=0.462,ID=318_3;partial=00;start_type=ATG;rbs_motif=TAA;rbs_spacer=10bp;gc,14.0
CAJAWH010000133.1_30,C,C,C,S,ID=133_30;partial=00;start_type=ATG;rbs_motif=AGGAG;rbs_spacer=5-10bp;gc_cont=0.476,ID=133_30;partial=00;start_type=ATG;rbs_motif=AGGAG;rbs_spacer=5-10bp;gc,14.0
CAJOPP010000342.1_13,C,C,C,G,ID=342_13;partial=00;start_type=ATG;rbs_motif=AGGAGG;rbs_spacer=5-10bp;gc_cont=0.411,ID=342_13;partial=00;start_type=ATG;rbs_motif=AGGAGG;rbs_spacer=5-10bp;gc,13.0
CAKKRP010000006.1_45,C,C,C,A,ID=6_45;partial=01;start_type=Edge;rbs_motif=None;rbs_spacer=None;gc_cont=0.544,ID=6_45;partial=01;start_type=Edge;rbs_motif=None;rbs_spacer=None;gc,13.0
NC_002678.2_4646,C,C,C,A,ID=1_4646;partial=00;start_type=ATG;rbs_motif=GGAGG;rbs_spacer=5-10bp;gc_cont=0.595,ID=1_4646;partial=00;start_type=ATG;rbs_motif=GGAGG;rbs_spacer=5-10bp;gc,13.0
NC_009706.1_3063,C,C,C,S,ID=1_3063;partial=00;start_type=ATG;rbs_motif=AGGAGG;rbs_spacer=5-10bp;gc_cont=0.385,ID=1_3063;partial=00;start_type=ATG;rbs_motif=AGGAGG;rbs_spacer=5-10bp;gc,14.0
NC_011726.1_1780,C,C,C,S,ID=1_1780;partial=00;start_type=ATG;rbs_motif=GGAG/GAGG;rbs_spacer=5-10bp;gc_cont=0.452,ID=1_1780;partial=00;start_type=ATG;rbs_motif=GGAG/GAGG;rbs_spacer=5-10bp;gc,14.0
NC_014393.1_2837,C,C,C,S,ID=1_2837;partial=00;start_type=ATG;rbs_motif=AGGAGG;rbs_spacer=5-10bp;gc_cont=0.347,ID=1_2837;partial=00;start_type=ATG;rbs_motif=AGGAGG;rbs_spacer=5-10bp;gc,14.0
NC_015675.1_6348,C,C,C,A,ID=1_6348;partial=00;start_type=ATG;rbs_motif=GGAG/GAGG;rbs_spacer=5-10bp;gc_cont=0.611,ID=1_6348;partial=00;start_type=ATG;rbs_motif=GGAG/GAGG;rbs_spacer=5-10bp;gc,13.0
NC_015577.1_2581,C,C,C,S,ID=1_2581;partial=00;start_type=ATG;rbs_motif=AGGAG;rbs_spacer=5-10bp;gc_cont=0.493,ID=1_2581;partial=00;start_type=ATG;rbs_motif=AGGAG;rbs_spacer=5-10bp;gc,14.0
NZ_KI912268.1_866,C,C,C,S,ID=1_866;partial=00;start_type=ATG;rbs_motif=GGAG/GAGG;rbs_spacer=5-10bp;gc_cont=0.630,ID=1_866;partial=00;start_type=ATG;rbs_motif=GGAG/GAGG;rbs_spacer=5-10bp;gc,14.0
NC_016622.1_580,C,C,C,A,ID=1_580;partial=00;start_type=ATG;rbs_motif=AGGAG;rbs_spacer=5-10bp;gc_cont=0.630,ID=1_580;partial=00;start_type=ATG;rbs_motif=AGGAG;rbs_spacer=5-10bp;gc,13.0
NC_019771.1_2227,C,C,C,S,ID=1_2227;partial=00;start_type=ATG;rbs_motif=GGAG/GAGG;rbs_spacer=5-10bp;gc_cont=0.438,ID=1_2227;partial=00;start_type=ATG;rbs_motif=GGAG/GAGG;rbs_spacer=5-10bp;gc,14.0
NZ_APMH01000045.1_8,C,C,C,S,ID=45_8;partial=00;start_type=ATG;rbs_motif=AGGAGG;rbs_spacer=5-10bp;gc_cont=0.344,ID=45_8;partial=00;start_type=ATG;rbs_motif=AGGAGG;rbs_spacer=5-10bp;gc,14.0
NZ_ARWE01000001.1_3418,C,C,C,S,ID=1_3418;partial=00;start_type=ATG;rbs_motif=AGGAG;rbs_spacer=5-10bp;gc_cont=0.570,ID=1_3418;partial=00;start_type=ATG;rbs_motif=AGGAG;rbs_spacer=5-10bp;gc,14.0
NZ_AUJE01000005.1_97,C,C,C,G,ID=5_97;partial=00;start_type=ATG;rbs_motif=AGGAGG;rbs_spacer=5-10bp;gc_cont=0.504,ID=5_97;partial=00;start_type=ATG;rbs_motif=AGGAGG;rbs_spacer=5-10bp;gc,13.0
NZ_ATYO01000023.1_65,C,C,C,A,ID=14_65;partial=00;start_type=ATG;rbs_motif=GGA/GAG/AGG;rbs_spacer=5-10bp;gc_cont=0.592,ID=14_65;partial=00;start_type=ATG;rbs_motif=GGA/GAG/AGG;rbs_spacer=5-10bp;gc,13.0
NZ_AXAI01000040.1_5,C,C,C,A,ID=40_5;partial=00;start_type=ATG;rbs_motif=GGA/GAG/AGG;rbs_spacer=5-10bp;gc_cont=0.558,ID=40_5;partial=00;start_type=ATG;rbs_motif=GGA/GAG/AGG;rbs_spacer=5-10bp;gc,13.0
NZ_AZUY01000029.1_51,C,C,C,A,ID=27_51;partial=00;start_type=ATG;rbs_motif=GGAG/GAGG;rbs_spacer=5-10bp;gc_cont=0.584,ID=27_51;partial=00;start_type=ATG;rbs_motif=GGAG/GAGG;rbs_spacer=5-10bp;gc,13.0
NZ_AVFL01000012.1_171,C,C,C,A,ID=12_171;partial=00;start_type=ATG;rbs_motif=GGAG/GAGG;rbs_spacer=5-10bp;gc_cont=0.622,ID=12_171;partial=00;start_type=ATG;rbs_motif=GGAG/GAGG;rbs_spacer=5-10bp;gc,13.0
NZ_JGVW01000086.1_116,C,C,C,A,ID=86_116;partial=00;start_type=ATG;rbs_motif=AGGAG;rbs_spacer=5-10bp;gc_cont=0.640,ID=86_116;partial=00;start_type=ATG;rbs_motif=AGGAG;rbs_spacer=5-10bp;gc,13.0
NZ_JQNK01000009.1_1439,C,C,C,A,ID=9_1439;partial=00;start_type=ATG;rbs_motif=GGAG/GAGG;rbs_spacer=5-10bp;gc_cont=0.596,ID=9_1439;partial=00;start_type=ATG;rbs_motif=GGAG/GAGG;rbs_spacer=5-10bp;gc,13.0
NZ_CP010523.2_1671,C,C,C,S,ID=1_1671;partial=00;start_type=ATG;rbs_motif=GGAGG;rbs_spacer=5-10bp;gc_cont=0.592,ID=1_1671;partial=00;start_type=ATG;rbs_motif=GGAGG;rbs_spacer=5-10bp;gc,14.0
NZ_CP009512.1_617,C,C,C,S,ID=1_617;partial=00;start_type=ATG;rbs_motif=AGGAGG;rbs_spacer=5-10bp;gc_cont=0.513,ID=1_617;partial=00;start_type=ATG;rbs_motif=AGGAGG;rbs_spacer=5-10bp;gc,14.0
NZ_LHUR01000010.1_70,C,C,C,S,ID=10_70;partial=00;start_type=ATG;rbs_motif=AGGAGG;rbs_spacer=5-10bp;gc_cont=0.341,ID=10_70;partial=00;start_type=ATG;rbs_motif=AGGAGG;rbs_spacer=5-10bp;gc,14.0
NZ_LN848257.1_3507,C,C,C,S,ID=1_3507;partial=00;start_type=ATG;rbs_motif=None;rbs_spacer=None;gc_cont=0.613,ID=1_3507;partial=00;start_type=ATG;rbs_motif=None;rbs_spacer=None;gc,14.0
NZ_LWAE01000003.1_282,C,C,C,S,ID=3_282;partial=00;start_type=ATG;rbs_motif=AGGAGG;rbs_spacer=5-10bp;gc_cont=0.342,ID=3_282;partial=00;start_type=ATG;rbs_motif=AGGAGG;rbs_spacer=5-10bp;gc,14.0
NZ_CP013633.1_347,C,C,C,A,ID=4_347;partial=00;start_type=ATG;rbs_motif=GGA/GAG/AGG;rbs_spacer=5-10bp;gc_cont=0.589,ID=4_347;partial=00;start_type=ATG;rbs_motif=GGA/GAG/AGG;rbs_spacer=5-10bp;gc,13.0
NZ_MJAT01000037.1_132,C,C,C,S,ID=37_132;partial=00;start_type=ATG;rbs_motif=AGGAGG;rbs_spacer=5-10bp;gc_cont=0.404,ID=37_132;partial=00;start_type=ATG;rbs_motif=AGGAGG;rbs_spacer=5-10bp;gc,14.0
NZ_MSIG01000034.1_6,C,C,C,A,ID=28_6;partial=00;start_type=ATG;rbs_motif=AGGA;rbs_spacer=5-10bp;gc_cont=0.665,ID=28_6;partial=00;start_type=ATG;rbs_motif=AGGA;rbs_spacer=5-10bp;gc,13.0
NZ_BCTR01000001.1_124,C,C,C,A,ID=1_124;partial=00;start_type=ATG;rbs_motif=GGAGG;rbs_spacer=5-10bp;gc_cont=0.633,ID=1_124;partial=00;start_type=ATG;rbs_motif=GGAGG;rbs_spacer=5-10bp;gc,13.0
NZ_CP029426.1_165,C,C,C,A,ID=1_165;partial=00;start_type=ATG;rbs_motif=GGA/GAG/AGG;rbs_spacer=5-10bp;gc_cont=0.619,ID=1_165;partial=00;start_type=ATG;rbs_motif=GGA/GAG/AGG;rbs_spacer=5-10bp;gc,13.0
NZ_AP018172.1_4192,C,C,C,S,ID=1_4192;partial=00;start_type=ATG;rbs_motif=None;rbs_spacer=None;gc_cont=0.454,ID=1_4192;partial=00;start_type=ATG;rbs_motif=None;rbs_spacer=None;gc,14.0
NZ_CP021913.1_3312,C,C,C,A,ID=1_3312;partial=00;start_type=ATG;rbs_motif=AGGA;rbs_spacer=5-10bp;gc_cont=0.639,ID=1_3312;partial=00;start_type=ATG;rbs_motif=AGGA;rbs_spacer=5-10bp;gc,13.0
NZ_NHSJ01000034.1_142,C,C,C,A,ID=34_142;partial=00;start_type=ATG;rbs_motif=GGAG/GAGG;rbs_spacer=5-10bp;gc_cont=0.604,ID=34_142;partial=00;start_type=ATG;rbs_motif=GGAG/GAGG;rbs_spacer=5-10bp;gc,13.0
NZ_CP028960.1_683,C,C,C,A,ID=1_683;partial=00;start_type=ATG;rbs_motif=AGGA;rbs_spacer=5-10bp;gc_cont=0.600,ID=1_683;partial=00;start_type=ATG;rbs_motif=AGGA;rbs_spacer=5-10bp;gc,13.0
NZ_NKUB01000017.1_31,C,C,C,A,ID=22_31;partial=00;start_type=ATG;rbs_motif=AGGA/GGAG/GAGG;rbs_spacer=11-12bp;gc_cont=0.572,ID=22_31;partial=00;start_type=ATG;rbs_motif=AGGA/GGAG/GAGG;rbs_spacer=11-12bp;gc,13.0
NZ_QPIX01000006.1_170,C,C,C,A,ID=6_170;partial=00;start_type=ATG;rbs_motif=GGAGG;rbs_spacer=5-10bp;gc_cont=0.601,ID=6_170;partial=00;start_type=ATG;rbs_motif=GGAGG;rbs_spacer=5-10bp;gc,13.0
NZ_RAPN01000001.1_3240,C,C,C,S,ID=1_3240;partial=00;start_type=ATG;rbs_motif=AATAA;rbs_spacer=12bp;gc_cont=0.441,ID=1_3240;partial=00;start_type=ATG;rbs_motif=AATAA;rbs_spacer=12bp;gc,14.0
NZ_CP034444.1_2160,C,C,C,A,ID=1_2160;partial=00;start_type=ATG;rbs_motif=None;rbs_spacer=None;gc_cont=0.592,ID=1_2160;partial=00;start_type=ATG;rbs_motif=None;rbs_spacer=None;gc,13.0
NZ_SADR02000029.1_37,C,C,C,A,ID=220_37;partial=00;start_type=ATG;rbs_motif=GGAG/GAGG;rbs_spacer=5-10bp;gc_cont=0.597,ID=220_37;partial=00;start_type=ATG;rbs_motif=GGAG/GAGG;rbs_spacer=5-10bp;gc,13.0
NZ_PSRT01000006.1_34,C,C,C,A,ID=6_34;partial=00;start_type=ATG;rbs_motif=AGGA;rbs_spacer=5-10bp;gc_cont=0.574,ID=6_34;partial=00;start_type=ATG;rbs_motif=AGGA;rbs_spacer=5-10bp;gc,13.0
NZ_SMBU01000003.1_113,C,C,C,A,ID=3_113;partial=00;start_type=ATG;rbs_motif=AGGAG;rbs_spacer=5-10bp;gc_cont=0.637,ID=3_113;partial=00;start_type=ATG;rbs_motif=AGGAG;rbs_spacer=5-10bp;gc,13.0
NZ_SRUO01000023.1_52,C,C,C,A,ID=153_52;partial=00;start_type=ATG;rbs_motif=GGAG/GAGG;rbs_spacer=5-10bp;gc_cont=0.595,ID=153_52;partial=00;start_type=ATG;rbs_motif=GGAG/GAGG;rbs_spacer=5-10bp;gc,13.0
NZ_VBTZ01000017.1_20,C,C,C,A,ID=9_20;partial=00;start_type=ATG;rbs_motif=GGA/GAG/AGG;rbs_spacer=5-10bp;gc_cont=0.579,ID=9_20;partial=00;start_type=ATG;rbs_motif=GGA/GAG/AGG;rbs_spacer=5-10bp;gc,13.0
NZ_VJZF01000003.1_1163,C,C,C,A,ID=2_1163;partial=00;start_type=ATG;rbs_motif=AGGAG;rbs_spacer=5-10bp;gc_cont=0.614,ID=2_1163;partial=00;start_type=ATG;rbs_motif=AGGAG;rbs_spacer=5-10bp;gc,13.0
NZ_VITY01000016.1_97,C,C,C,A,ID=16_97;partial=00;start_type=ATG;rbs_motif=GGA/GAG/AGG;rbs_spacer=5-10bp;gc_cont=0.581,ID=16_97;partial=00;start_type=ATG;rbs_motif=GGA/GAG/AGG;rbs_spacer=5-10bp;gc,13.0
NZ_VZQZ01000001.1_286,C,C,C,S,ID=1_286;partial=00;start_type=ATG;rbs_motif=AGGAG;rbs_spacer=5-10bp;gc_cont=0.589,ID=1_286;partial=00;start_type=ATG;rbs_motif=AGGAG;rbs_spacer=5-10bp;gc,14.0
NZ_WNKS01000026.1_3,C,C,C,A,ID=18_3;partial=00;start_type=ATG;rbs_motif=GGAG/GAGG;rbs_spacer=5-10bp;gc_cont=0.610,ID=18_3;partial=00;start_type=ATG;rbs_motif=GGAG/GAGG;rbs_spacer=5-10bp;gc,13.0
NZ_JAABNP010000002.1_172,C,C,C,S,ID=48_172;partial=00;start_type=ATG;rbs_motif=GGAGG;rbs_spacer=5-10bp;gc_cont=0.336,ID=48_172;partial=00;start_type=ATG;rbs_motif=GGAGG;rbs_spacer=5-10bp;gc,14.0
NZ_CP048877.1_536,C,C,C,S,ID=1_536;partial=00;start_type=ATG;rbs_motif=AGGAGG;rbs_spacer=11-12bp;gc_cont=0.557,ID=1_536;partial=00;start_type=ATG;rbs_motif=AGGAGG;rbs_spacer=11-12bp;gc,14.0
NZ_QMEB01000152.1_5,C,C,C,S,ID=145_5;partial=00;start_type=ATG;rbs_motif=GGAG/GAGG;rbs_spacer=5-10bp;gc_cont=0.466,ID=145_5;partial=00;start_type=ATG;rbs_motif=GGAG/GAGG;rbs_spacer=5-10bp;gc,14.0
NZ_BLVO01000016.1_648,C,C,C,S,ID=16_648;partial=00;start_type=ATG;rbs_motif=AGGA;rbs_spacer=5-10bp;gc_cont=0.604,ID=16_648;partial=00;start_type=ATG;rbs_motif=AGGA;rbs_spacer=5-10bp;gc,14.0
NZ_CP050299.1_427,C,C,C,A,ID=2_427;partial=00;start_type=ATG;rbs_motif=GGAG/GAGG;rbs_spacer=5-10bp;gc_cont=0.612,ID=2_427;partial=00;start_type=ATG;rbs_motif=GGAG/GAGG;rbs_spacer=5-10bp;gc,13.0
NZ_AP023367.1_2346,C,C,C,S,ID=1_2346;partial=00;start_type=ATG;rbs_motif=GGAGG;rbs_spacer=5-10bp;gc_cont=0.390,ID=1_2346;partial=00;start_type=ATG;rbs_motif=GGAGG;rbs_spacer=5-10bp;gc,14.0
NZ_JACJRU010000058.1_31,C,C,C,S,ID=59_31;partial=00;start_type=ATG;rbs_motif=GGA/GAG/AGG;rbs_spacer=5-10bp;gc_cont=0.455,ID=59_31;partial=00;start_type=ATG;rbs_motif=GGA/GAG/AGG;rbs_spacer=5-10bp;gc,14.0
NZ_JADEVZ010000034.1_16,C,C,C,S,ID=88_16;partial=00;start_type=ATG;rbs_motif=GGAG/GAGG;rbs_spacer=5-10bp;gc_cont=0.431,ID=88_16;partial=00;start_type=ATG;rbs_motif=GGAG/GAGG;rbs_spacer=5-10bp;gc,14.0
NZ_JACCHQ010000018.1_144,C,C,C,A,ID=10_144;partial=00;start_type=ATG;rbs_motif=AGGA;rbs_spacer=5-10bp;gc_cont=0.574,ID=10_144;partial=00;start_type=ATG;rbs_motif=AGGA;rbs_spacer=5-10bp;gc,13.0
NZ_NHSK01000090.1_49,C,C,C,A,ID=90_49;partial=00;start_type=ATG;rbs_motif=AGGAG;rbs_spacer=5-10bp;gc_cont=0.652,ID=90_49;partial=00;start_type=ATG;rbs_motif=AGGAG;rbs_spacer=5-10bp;gc,13.0
NZ_JAFFQD010000001.1_280,C,C,C,S,ID=111_280;partial=00;start_type=ATG;rbs_motif=AGGA;rbs_spacer=5-10bp;gc_cont=0.477,ID=111_280;partial=00;start_type=ATG;rbs_motif=AGGA;rbs_spacer=5-10bp;gc,14.0
NZ_JAGGKR010000001.1_833,C,C,C,S,ID=1_833;partial=00;start_type=ATG;rbs_motif=GGA/GAG/AGG;rbs_spacer=5-10bp;gc_cont=0.626,ID=1_833;partial=00;start_type=ATG;rbs_motif=GGA/GAG/AGG;rbs_spacer=5-10bp;gc,14.0
NZ_CP058648.1_416,C,C,Y,S,ID=1_416;partial=00;start_type=ATG;rbs_motif=AGGAGG;rbs_spacer=5-10bp;gc_cont=0.374,ID=1_416;partial=00;start_type=ATG;rbs_motif=AGGAGG;rbs_spacer=5-10bp;gc,11.0
NZ_JAFJYB010000003.1_627,C,C,C,S,ID=6_627;partial=00;start_type=ATG;rbs_motif=GGAGG;rbs_spacer=5-10bp;gc_cont=0.537,ID=6_627;partial=00;start_type=ATG;rbs_motif=GGAGG;rbs_spacer=5-10bp;gc,14.0
NZ_JACOFR010000024.1_9,C,C,C,A,ID=16_9;partial=00;start_type=ATG;rbs_motif=GGA/GAG/AGG;rbs_spacer=5-10bp;gc_cont=0.613,ID=16_9;partial=00;start_type=ATG;rbs_motif=GGA/GAG/AGG;rbs_spacer=5-10bp;gc,13.0
NZ_JADYVX010000018.1_8,C,C,C,A,ID=90_8;partial=00;start_type=ATG;rbs_motif=AGGAG;rbs_spacer=5-10bp;gc_cont=0.566,ID=90_8;partial=00;start_type=ATG;rbs_motif=AGGAG;rbs_spacer=5-10bp;gc,13.0
NZ_JACMYK010000005.1_34,C,C,C,A,ID=5_34;partial=00;start_type=ATG;rbs_motif=AGGA;rbs_spacer=5-10bp;gc_cont=0.570,ID=5_34;partial=00;start_type=ATG;rbs_motif=AGGA;rbs_spacer=5-10bp;gc,13.0
NZ_PJIZ01000001.1_143,C,C,C,S,ID=1_143;partial=00;start_type=ATG;rbs_motif=GGA/GAG/AGG;rbs_spacer=5-10bp;gc_cont=0.454,ID=1_143;partial=00;start_type=ATG;rbs_motif=GGA/GAG/AGG;rbs_spacer=5-10bp;gc,14.0
NZ_JALCZA010000009.1_85,C,C,C,S,ID=169_85;partial=00;start_type=ATG;rbs_motif=AGGAG;rbs_spacer=5-10bp;gc_cont=0.689,ID=169_85;partial=00;start_type=ATG;rbs_motif=AGGAG;rbs_spacer=5-10bp;gc,14.0
NZ_CP064703.1_1762,C,C,C,A,ID=1_1762;partial=00;start_type=ATG;rbs_motif=GGA/GAG/AGG;rbs_spacer=5-10bp;gc_cont=0.576,ID=1_1762;partial=00;start_type=ATG;rbs_motif=GGA/GAG/AGG;rbs_spacer=5-10bp;gc,13.0
NZ_JALJXJ010000001.1_197,C,C,C,A,ID=1_197;partial=00;start_type=ATG;rbs_motif=AGGAG;rbs_spacer=5-10bp;gc_cont=0.628,ID=1_197;partial=00;start_type=ATG;rbs_motif=AGGAG;rbs_spacer=5-10bp;gc,13.0
NZ_JAMDHK010000003.1_94,C,C,C,A,ID=33_94;partial=00;start_type=ATG;rbs_motif=AGGA;rbs_spacer=5-10bp;gc_cont=0.621,ID=33_94;partial=00;start_type=ATG;rbs_motif=AGGA;rbs_spacer=5-10bp;gc,13.0
NZ_FNCT01000006.1_70,C,C,C,S,ID=18_70;partial=00;start_type=ATG;rbs_motif=AGGAG;rbs_spacer=5-10bp;gc_cont=0.602,ID=18_70;partial=00;start_type=ATG;rbs_motif=AGGAG;rbs_spacer=5-10bp;gc,14.0
NZ_FNPG01000015.1_40,C,C,C,G,ID=12_40;partial=00;start_type=ATG;rbs_motif=AGGAGG;rbs_spacer=5-10bp;gc_cont=0.328,ID=12_40;partial=00;start_type=ATG;rbs_motif=AGGAGG;rbs_spacer=5-10bp;gc,13.0
NZ_FOLG01000003.1_28,C,C,C,A,ID=48_28;partial=00;start_type=ATG;rbs_motif=AGGA;rbs_spacer=5-10bp;gc_cont=0.616,ID=48_28;partial=00;start_type=ATG;rbs_motif=AGGA;rbs_spacer=5-10bp;gc,13.0
NZ_FQTV01000005.1_105,C,C,C,S,ID=20_105;partial=00;start_type=ATG;rbs_motif=TAAAAA;rbs_spacer=11bp;gc_cont=0.418,ID=20_105;partial=00;start_type=ATG;rbs_motif=TAAAAA;rbs_spacer=11bp;gc,14.0
NZ_FRDH01000004.1_113,C,C,C,S,ID=14_113;partial=00;start_type=ATG;rbs_motif=GGA/GAG/AGG;rbs_spacer=5-10bp;gc_cont=0.411,ID=14_113;partial=00;start_type=ATG;rbs_motif=GGA/GAG/AGG;rbs_spacer=5-10bp;gc,14.0
NZ_FWZU01000001.1_916,C,C,C,S,ID=5_916;partial=00;start_type=ATG;rbs_motif=GGA/GAG/AGG;rbs_spacer=5-10bp;gc_cont=0.493,ID=5_916;partial=00;start_type=ATG;rbs_motif=GGA/GAG/AGG;rbs_spacer=5-10bp;gc,14.0
NZ_LT907975.1_3393,C,C,C,S,ID=1_3393;partial=00;start_type=ATG;rbs_motif=AGGA;rbs_spacer=5-10bp;gc_cont=0.592,ID=1_3393;partial=00;start_type=ATG;rbs_motif=AGGA;rbs_spacer=5-10bp;gc,14.0
DBTH01000319.1_18,C,C,C,S,ID=239_18;partial=00;start_type=ATG;rbs_motif=None;rbs_spacer=None;gc_cont=0.567,ID=239_18;partial=00;start_type=ATG;rbs_motif=None;rbs_spacer=None;gc,14.0
JAATFX010000033.1_120,C,C,C,S,ID=143_120;partial=00;start_type=ATG;rbs_motif=GGAG/GAGG;rbs_spacer=5-10bp;gc_cont=0.554,ID=143_120;partial=00;start_type=ATG;rbs_motif=GGAG/GAGG;rbs_spacer=5-10bp;gc,14.0
JAEWSD010000210.1_9,C,C,C,S,ID=120_9;partial=00;start_type=ATG;rbs_motif=AGGAGG;rbs_spacer=5-10bp;gc_cont=0.459,ID=120_9;partial=00;start_type=ATG;rbs_motif=AGGAGG;rbs_spacer=5-10bp;gc,14.0
JAEZKY010000376.1_12,C,C,C,S,ID=108_12;partial=00;start_type=ATG;rbs_motif=AGGAG;rbs_spacer=5-10bp;gc_cont=0.348,ID=108_12;partial=00;start_type=ATG;rbs_motif=AGGAG;rbs_spacer=5-10bp;gc,14.0
NZ_AGAF01000212.1_40,C,C,C,S,ID=71_40;partial=00;start_type=ATG;rbs_motif=GGAG/GAGG;rbs_spacer=5-10bp;gc_cont=0.505,ID=71_40;partial=00;start_type=ATG;rbs_motif=GGAG/GAGG;rbs_spacer=5-10bp;gc,14.0
NZ_JFZJ01000001.1_75,C,C,C,S,ID=1_75;partial=00;start_type=ATG;rbs_motif=AGGA;rbs_spacer=5-10bp;gc_cont=0.603,ID=1_75;partial=00;start_type=ATG;rbs_motif=AGGA;rbs_spacer=5-10bp;gc,14.0
NZ_NHSJ01000060.1_14,C,C,C,S,ID=60_14;partial=00;start_type=ATG;rbs_motif=GGAG/GAGG;rbs_spacer=5-10bp;gc_cont=0.607,ID=60_14;partial=00;start_type=ATG;rbs_motif=GGAG/GAGG;rbs_spacer=5-10bp;gc,14.0
NZ_VYKJ01000004.1_82,C,C,C,S,ID=34_82;partial=00;start_type=ATG;rbs_motif=GGA/GAG/AGG;rbs_spacer=5-10bp;gc_cont=0.577,ID=34_82;partial=00;start_type=ATG;rbs_motif=GGA/GAG/AGG;rbs_spacer=5-10bp;gc,14.0
NZ_JAHCMB010000070.1_19,C,C,C,S,ID=131_19;partial=00;start_type=ATG;rbs_motif=GGAG/GAGG;rbs_spacer=5-10bp;gc_cont=0.549,ID=131_19;partial=00;start_type=ATG;rbs_motif=GGAG/GAGG;rbs_spacer=5-10bp;gc,14.0
NZ_OW485601.1_4737,C,C,C,S,ID=1_4737;partial=00;start_type=ATG;rbs_motif=GGA/GAG/AGG;rbs_spacer=5-10bp;gc_cont=0.639,ID=1_4737;partial=00;start_type=ATG;rbs_motif=GGA/GAG/AGG;rbs_spacer=5-10bp;gc,14.0
JAGTRY010000045.1_35,C,C,C,S,ID=187_35;partial=00;start_type=ATG;rbs_motif=AGGAG;rbs_spacer=5-10bp;gc_cont=0.585,ID=187_35;partial=00;start_type=ATG;rbs_motif=AGGAG;rbs_spacer=5-10bp;gc,14.0
AP018233.1_3159,C,C,C,S,ID=1_3159;partial=00;start_type=ATG;rbs_motif=AGGAG;rbs_spacer=5-10bp;gc_cont=0.432,ID=1_3159;partial=00;start_type=ATG;rbs_motif=AGGAG;rbs_spacer=5-10bp;gc,14.0
NZ_SMMU01000027.1_41,C,C,C,S,ID=27_41;partial=00;start_type=ATG;rbs_motif=AGGAG;rbs_spacer=5-10bp;gc_cont=0.647,ID=27_41;partial=00;start_type=ATG;rbs_motif=AGGAG;rbs_spacer=5-10bp;gc,14.0
NZ_AJLK01000109.1_17,C,C,C,S,ID=109_17;partial=00;start_type=ATG;rbs_motif=GGAGG;rbs_spacer=5-10bp;gc_cont=0.439,ID=109_17;partial=00;start_type=ATG;rbs_motif=GGAGG;rbs_spacer=5-10bp;gc,14.0
CP007053.1_200,C,C,C,S,ID=1_200;partial=00;start_type=ATG;rbs_motif=None;rbs_spacer=None;gc_cont=0.638,ID=1_200;partial=00;start_type=ATG;rbs_motif=None;rbs_spacer=None;gc,14.0
JQKK01000025.1_20,C,C,C,G,ID=24_20;partial=00;start_type=ATG;rbs_motif=AGGAGG;rbs_spacer=5-10bp;gc_cont=0.410,ID=24_20;partial=00;start_type=ATG;rbs_motif=AGGAGG;rbs_spacer=5-10bp;gc,13.0
CP011072.1_702,C,C,C,S,ID=1_702;partial=00;start_type=ATG;rbs_motif=AGGAG;rbs_spacer=5-10bp;gc_cont=0.656,ID=1_702;partial=00;start_type=ATG;rbs_motif=AGGAG;rbs_spacer=5-10bp;gc,14.0
LVWG01000032.1_134,C,C,C,S,ID=32_134;partial=00;start_type=ATG;rbs_motif=AGGAG;rbs_spacer=5-10bp;gc_cont=0.596,ID=32_134;partial=00;start_type=ATG;rbs_motif=AGGAG;rbs_spacer=5-10bp;gc,14.0
MGVF01000039.1_2,C,C,C,S,ID=39_2;partial=00;start_type=ATG;rbs_motif=GGAGG;rbs_spacer=5-10bp;gc_cont=0.544,ID=39_2;partial=00;start_type=ATG;rbs_motif=GGAGG;rbs_spacer=5-10bp;gc,14.0
MLAW01000023.1_34,C,C,C,S,ID=90_34;partial=00;start_type=ATG;rbs_motif=GGAG/GAGG;rbs_spacer=5-10bp;gc_cont=0.472,ID=90_34;partial=00;start_type=ATG;rbs_motif=GGAG/GAGG;rbs_spacer=5-10bp;gc,14.0
NCHM01000544.1_3,C,C,C,A,ID=459_3;partial=01;start_type=ATG;rbs_motif=GGAG/GAGG;rbs_spacer=5-10bp;gc_cont=0.622,ID=459_3;partial=01;start_type=ATG;rbs_motif=GGAG/GAGG;rbs_spacer=5-10bp;gc,13.0
DBTZ01000062.1_1,C,C,C,S,ID=69_1;partial=00;start_type=ATG;rbs_motif=AGGA;rbs_spacer=5-10bp;gc_cont=0.587,ID=69_1;partial=00;start_type=ATG;rbs_motif=AGGA;rbs_spacer=5-10bp;gc,14.0
DEBW01000034.1_25,C,C,C,G,ID=104_25;partial=00;start_type=ATG;rbs_motif=AGGAGG;rbs_spacer=5-10bp;gc_cont=0.447,ID=104_25;partial=00;start_type=ATG;rbs_motif=AGGAGG;rbs_spacer=5-10bp;gc,13.0
DGGQ01000084.1_11,C,C,C,G,ID=160_11;partial=00;start_type=ATG;rbs_motif=GGAGG;rbs_spacer=5-10bp;gc_cont=0.446,ID=160_11;partial=00;start_type=ATG;rbs_motif=GGAGG;rbs_spacer=5-10bp;gc,13.0
DHWU01000017.1_17,C,C,C,S,ID=44_17;partial=00;start_type=ATG;rbs_motif=AGGAG;rbs_spacer=5-10bp;gc_cont=0.615,ID=44_17;partial=00;start_type=ATG;rbs_motif=AGGAG;rbs_spacer=5-10bp;gc,14.0
DIVW01000019.1_7,C,C,C,S,ID=38_7;partial=00;start_type=ATG;rbs_motif=GGAG/GAGG;rbs_spacer=5-10bp;gc_cont=0.627,ID=38_7;partial=00;start_type=ATG;rbs_motif=GGAG/GAGG;rbs_spacer=5-10bp;gc,14.0
DANZ01000141.1_24,C,C,C,S,ID=134_24;partial=00;start_type=ATG;rbs_motif=AGGAG;rbs_spacer=5-10bp;gc_cont=0.531,ID=134_24;partial=00;start_type=ATG;rbs_motif=AGGAG;rbs_spacer=5-10bp;gc,14.0
PEAO01000169.1_3,C,C,C,S,ID=131_3;partial=00;start_type=ATG;rbs_motif=GGAG/GAGG;rbs_spacer=5-10bp;gc_cont=0.513,ID=131_3;partial=00;start_type=ATG;rbs_motif=GGAG/GAGG;rbs_spacer=5-10bp;gc,14.0
PHCV01000001.1_236,C,C,C,S,ID=19_236;partial=00;start_type=ATG;rbs_motif=AGGAG;rbs_spacer=5-10bp;gc_cont=0.603,ID=19_236;partial=00;start_type=ATG;rbs_motif=AGGAG;rbs_spacer=5-10bp;gc,14.0
BDTW01000015.1_67,C,C,C,S,ID=15_67;partial=00;start_type=ATG;rbs_motif=AGGAGG;rbs_spacer=5-10bp;gc_cont=0.607,ID=15_67;partial=00;start_type=ATG;rbs_motif=AGGAGG;rbs_spacer=5-10bp;gc,14.0
QGFZ01000001.1_893,C,C,C,G,ID=1_893;partial=00;start_type=ATG;rbs_motif=GGAGG;rbs_spacer=5-10bp;gc_cont=0.463,ID=1_893;partial=00;start_type=ATG;rbs_motif=GGAGG;rbs_spacer=5-10bp;gc,13.0
QIEW01000063.1_2,C,C,C,S,ID=224_2;partial=00;start_type=ATG;rbs_motif=AGGAG;rbs_spacer=5-10bp;gc_cont=0.518,ID=224_2;partial=00;start_type=ATG;rbs_motif=AGGAG;rbs_spacer=5-10bp;gc,14.0
DMIX01000365.1_2,C,C,C,S,ID=454_2;partial=00;start_type=ATG;rbs_motif=AGGAGG;rbs_spacer=5-10bp;gc_cont=0.645,ID=454_2;partial=00;start_type=ATG;rbs_motif=AGGAGG;rbs_spacer=5-10bp;gc,14.0
PJFC01000003.1_27,C,C,C,S,ID=10_27;partial=00;start_type=ATG;rbs_motif=AGGAG;rbs_spacer=5-10bp;gc_cont=0.579,ID=10_27;partial=00;start_type=ATG;rbs_motif=AGGAG;rbs_spacer=5-10bp;gc,14.0
RXIY01000108.1_3,C,C,C,A,ID=72_3;partial=00;start_type=ATG;rbs_motif=GGA/GAG/AGG;rbs_spacer=5-10bp;gc_cont=0.590,ID=72_3;partial=00;start_type=ATG;rbs_motif=GGA/GAG/AGG;rbs_spacer=5-10bp;gc,13.0
NQJD01000006.1_25,C,C,C,S,ID=6_25;partial=00;start_type=ATG;rbs_motif=GGAG/GAGG;rbs_spacer=5-10bp;gc_cont=0.606,ID=6_25;partial=00;start_type=ATG;rbs_motif=GGAG/GAGG;rbs_spacer=5-10bp;gc,14.0
QZLB01000079.1_6,C,C,C,S,ID=59_6;partial=00;start_type=ATG;rbs_motif=GGAG/GAGG;rbs_spacer=5-10bp;gc_cont=0.493,ID=59_6;partial=00;start_type=ATG;rbs_motif=GGAG/GAGG;rbs_spacer=5-10bp;gc,14.0
SKGK01000158.1_10,C,C,C,S,ID=101_10;partial=00;start_type=ATG;rbs_motif=GGAGG;rbs_spacer=5-10bp;gc_cont=0.398,ID=101_10;partial=00;start_type=ATG;rbs_motif=GGAGG;rbs_spacer=5-10bp;gc,14.0
REEF01001100.1_6,C,C,C,S,ID=1002_6;partial=00;start_type=ATG;rbs_motif=AGGAG/GGAGG;rbs_spacer=11-12bp;gc_cont=0.609,ID=1002_6;partial=00;start_type=ATG;rbs_motif=AGGAG/GGAGG;rbs_spacer=11-12bp;gc,14.0
WASP01000006.1_127,C,C,C,S,ID=13_127;partial=00;start_type=ATG;rbs_motif=GGAG/GAGG;rbs_spacer=5-10bp;gc_cont=0.590,ID=13_127;partial=00;start_type=ATG;rbs_motif=GGAG/GAGG;rbs_spacer=5-10bp;gc,14.0
RZZN01000072.1_5,C,C,C,S,ID=21_5;partial=00;start_type=ATG;rbs_motif=GGAG/GAGG;rbs_spacer=5-10bp;gc_cont=0.620,ID=21_5;partial=00;start_type=ATG;rbs_motif=GGAG/GAGG;rbs_spacer=5-10bp;gc,14.0
JAABQY010000182.1_6,C,C,C,S,ID=89_6;partial=01;start_type=ATG;rbs_motif=AGGA;rbs_spacer=5-10bp;gc_cont=0.564,ID=89_6;partial=01;start_type=ATG;rbs_motif=AGGA;rbs_spacer=5-10bp;gc,14.0
JAAVLZ010000004.1_109,C,C,C,S,ID=34_109;partial=00;start_type=ATG;rbs_motif=GGAGG;rbs_spacer=5-10bp;gc_cont=0.530,ID=34_109;partial=00;start_type=ATG;rbs_motif=GGAGG;rbs_spacer=5-10bp;gc,14.0
JAAXQE010000025.1_3,C,C,C,S,ID=168_3;partial=00;start_type=ATG;rbs_motif=AGGAG;rbs_spacer=5-10bp;gc_cont=0.580,ID=168_3;partial=00;start_type=ATG;rbs_motif=AGGAG;rbs_spacer=5-10bp;gc,14.0
JAADGW010000228.1_4,C,C,C,S,ID=65_4;partial=00;start_type=ATG;rbs_motif=AGGAG;rbs_spacer=5-10bp;gc_cont=0.587,ID=65_4;partial=00;start_type=ATG;rbs_motif=AGGAG;rbs_spacer=5-10bp;gc,14.0
JAAXXP010000043.1_7,C,C,C,S,ID=46_7;partial=00;start_type=ATG;rbs_motif=AGGAG/GGAGG;rbs_spacer=11-12bp;gc_cont=0.548,ID=46_7;partial=00;start_type=ATG;rbs_motif=AGGAG/GGAGG;rbs_spacer=11-12bp;gc,14.0
DUZX01000002.1_38,C,C,C,S,ID=2_38;partial=00;start_type=ATG;rbs_motif=AGGAG;rbs_spacer=5-10bp;gc_cont=0.533,ID=2_38;partial=00;start_type=ATG;rbs_motif=AGGAG;rbs_spacer=5-10bp;gc,14.0
VMSP01000123.1_10,C,C,C,S,ID=27_10;partial=00;start_type=ATG;rbs_motif=GGAG/GAGG;rbs_spacer=5-10bp;gc_cont=0.515,ID=27_10;partial=00;start_type=ATG;rbs_motif=GGAG/GAGG;rbs_spacer=5-10bp;gc,14.0
JACUTP010000077.1_5,C,C,C,S,ID=176_5;partial=00;start_type=ATG;rbs_motif=AGGAG;rbs_spacer=5-10bp;gc_cont=0.493,ID=176_5;partial=00;start_type=ATG;rbs_motif=AGGAG;rbs_spacer=5-10bp;gc,14.0
JADFWA010000299.1_6,C,C,C,A,ID=208_6;partial=01;start_type=ATG;rbs_motif=GGAG/GAGG;rbs_spacer=5-10bp;gc_cont=0.496,ID=208_6;partial=01;start_type=ATG;rbs_motif=GGAG/GAGG;rbs_spacer=5-10bp;gc,13.0
JAATGU010000055.1_20,C,C,C,S,ID=87_20;partial=00;start_type=ATG;rbs_motif=TAAAAA;rbs_spacer=9bp;gc_cont=0.404,ID=87_20;partial=00;start_type=ATG;rbs_motif=TAAAAA;rbs_spacer=9bp;gc,14.0
JACPZK010000022.1_58,C,C,C,S,ID=24_58;partial=00;start_type=ATG;rbs_motif=GGAGG;rbs_spacer=5-10bp;gc_cont=0.470,ID=24_58;partial=00;start_type=ATG;rbs_motif=GGAGG;rbs_spacer=5-10bp;gc,14.0
JACROP010000056.1_8,C,C,C,S,ID=63_8;partial=00;start_type=ATG;rbs_motif=GGAGG;rbs_spacer=5-10bp;gc_cont=0.453,ID=63_8;partial=00;start_type=ATG;rbs_motif=GGAGG;rbs_spacer=5-10bp;gc,14.0
JACRCN010000010.1_8,C,C,C,S,ID=40_8;partial=00;start_type=ATG;rbs_motif=GGAG/GAGG;rbs_spacer=5-10bp;gc_cont=0.629,ID=40_8;partial=00;start_type=ATG;rbs_motif=GGAG/GAGG;rbs_spacer=5-10bp;gc,14.0
JADQBZ010000002.1_303,C,C,C,S,ID=18_303;partial=00;start_type=ATG;rbs_motif=AGGAG;rbs_spacer=5-10bp;gc_cont=0.509,ID=18_303;partial=00;start_type=ATG;rbs_motif=AGGAG;rbs_spacer=5-10bp;gc,14.0
JAEMSD010000162.1_5,C,C,C,A,ID=274_5;partial=00;start_type=ATG;rbs_motif=GGA/GAG/AGG;rbs_spacer=5-10bp;gc_cont=0.613,ID=274_5;partial=00;start_type=ATG;rbs_motif=GGA/GAG/AGG;rbs_spacer=5-10bp;gc,13.0
JADKCI010000001.1_1064,C,C,C,S,ID=1_1064;partial=00;start_type=ATG;rbs_motif=GGAG/GAGG;rbs_spacer=5-10bp;gc_cont=0.609,ID=1_1064;partial=00;start_type=ATG;rbs_motif=GGAG/GAGG;rbs_spacer=5-10bp;gc,14.0
JAEUPW010000145.1_25,C,C,C,S,ID=125_25;partial=00;start_type=ATG;rbs_motif=AGGAG;rbs_spacer=5-10bp;gc_cont=0.630,ID=125_25;partial=00;start_type=ATG;rbs_motif=AGGAG;rbs_spacer=5-10bp;gc,14.0
JADQBA010000033.1_51,C,C,C,S,ID=187_51;partial=00;start_type=ATG;rbs_motif=GGA/GAG/AGG;rbs_spacer=5-10bp;gc_cont=0.485,ID=187_51;partial=00;start_type=ATG;rbs_motif=GGA/GAG/AGG;rbs_spacer=5-10bp;gc,14.0
JAFGXV010000031.1_6,C,C,C,S,ID=60_6;partial=00;start_type=ATG;rbs_motif=AGGAG;rbs_spacer=5-10bp;gc_cont=0.566,ID=60_6;partial=00;start_type=ATG;rbs_motif=AGGAG;rbs_spacer=5-10bp;gc,14.0
JAFLDT010000008.1_31,C,C,C,A,ID=144_31;partial=00;start_type=ATG;rbs_motif=AGGAG;rbs_spacer=5-10bp;gc_cont=0.615,ID=144_31;partial=00;start_type=ATG;rbs_motif=AGGAG;rbs_spacer=5-10bp;gc,13.0
JAFRYW010000184.1_8,C,C,C,G,ID=100_8;partial=00;start_type=ATG;rbs_motif=AGGAG;rbs_spacer=5-10bp;gc_cont=0.543,ID=100_8;partial=00;start_type=ATG;rbs_motif=AGGAG;rbs_spacer=5-10bp;gc,13.0
JAFVDW010000056.1_4,C,C,C,G,ID=93_4;partial=00;start_type=ATG;rbs_motif=GGAGG;rbs_spacer=5-10bp;gc_cont=0.451,ID=93_4;partial=00;start_type=ATG;rbs_motif=GGAGG;rbs_spacer=5-10bp;gc,13.0
JAFWOM010000078.1_19,C,C,C,G,ID=83_19;partial=00;start_type=ATG;rbs_motif=GGAG/GAGG;rbs_spacer=5-10bp;gc_cont=0.470,ID=83_19;partial=00;start_type=ATG;rbs_motif=GGAG/GAGG;rbs_spacer=5-10bp;gc,13.0
JAGBLH010000235.1_9,C,C,C,G,ID=189_9;partial=00;start_type=ATG;rbs_motif=AGGAGG;rbs_spacer=5-10bp;gc_cont=0.563,ID=189_9;partial=00;start_type=ATG;rbs_motif=AGGAGG;rbs_spacer=5-10bp;gc,13.0
JADGNM010000057.1_5,C,C,C,S,ID=289_5;partial=00;start_type=ATG;rbs_motif=AGGAGG;rbs_spacer=5-10bp;gc_cont=0.502,ID=289_5;partial=00;start_type=ATG;rbs_motif=AGGAGG;rbs_spacer=5-10bp;gc,14.0
JAGCVX010000017.1_22,C,C,C,G,ID=2_22;partial=00;start_type=ATG;rbs_motif=AGGAG;rbs_spacer=5-10bp;gc_cont=0.513,ID=2_22;partial=00;start_type=ATG;rbs_motif=AGGAG;rbs_spacer=5-10bp;gc,13.0
JAGXSZ010000017.1_24,C,C,C,S,ID=17_24;partial=00;start_type=GTG;rbs_motif=GGA/GAG/AGG;rbs_spacer=5-10bp;gc_cont=0.582,ID=17_24;partial=00;start_type=GTG;rbs_motif=GGA/GAG/AGG;rbs_spacer=5-10bp;gc,14.0
JAHJNL010000086.1_63,C,C,C,S,ID=73_63;partial=00;start_type=ATG;rbs_motif=GGAG/GAGG;rbs_spacer=5-10bp;gc_cont=0.534,ID=73_63;partial=00;start_type=ATG;rbs_motif=GGAG/GAGG;rbs_spacer=5-10bp;gc,14.0
JAHIQT010000088.1_2,C,C,C,S,ID=26_2;partial=00;start_type=ATG;rbs_motif=AGGAGG;rbs_spacer=5-10bp;gc_cont=0.483,ID=26_2;partial=00;start_type=ATG;rbs_motif=AGGAGG;rbs_spacer=5-10bp;gc,14.0
JAGVGT010000080.1_28,C,C,C,S,ID=90_28;partial=00;start_type=ATG;rbs_motif=GGAG/GAGG;rbs_spacer=5-10bp;gc_cont=0.583,ID=90_28;partial=00;start_type=ATG;rbs_motif=GGAG/GAGG;rbs_spacer=5-10bp;gc,14.0
DYJG01000127.1_6,C,C,C,S,ID=411_6;partial=00;start_type=ATG;rbs_motif=GGA/GAG/AGG;rbs_spacer=5-10bp;gc_cont=0.626,ID=411_6;partial=00;start_type=ATG;rbs_motif=GGA/GAG/AGG;rbs_spacer=5-10bp;gc,14.0
JAJQGO010000011.1_97,C,C,C,G,ID=63_97;partial=00;start_type=ATG;rbs_motif=AGGAGG;rbs_spacer=5-10bp;gc_cont=0.410,ID=63_97;partial=00;start_type=ATG;rbs_motif=AGGAGG;rbs_spacer=5-10bp;gc,13.0
CP082962.1_3756,C,C,C,S,ID=1_3756;partial=00;start_type=ATG;rbs_motif=AGGA;rbs_spacer=5-10bp;gc_cont=0.641,ID=1_3756;partial=00;start_type=ATG;rbs_motif=AGGA;rbs_spacer=5-10bp;gc,14.0
JAJYBB010000001.1_75,C,C,C,S,ID=19_75;partial=00;start_type=ATG;rbs_motif=TAA;rbs_spacer=11bp;gc_cont=0.433,ID=19_75;partial=00;start_type=ATG;rbs_motif=TAA;rbs_spacer=11bp;gc,14.0
JAJXSQ010000309.1_2,C,C,C,S,ID=263_2;partial=00;start_type=ATG;rbs_motif=AGGAG;rbs_spacer=5-10bp;gc_cont=0.689,ID=263_2;partial=00;start_type=ATG;rbs_motif=AGGAG;rbs_spacer=5-10bp;gc,14.0
JAJYRD010000046.1_63,C,C,C,A,ID=32_63;partial=00;start_type=ATG;rbs_motif=GGAG/GAGG;rbs_spacer=5-10bp;gc_cont=0.604,ID=32_63;partial=00;start_type=ATG;rbs_motif=GGAG/GAGG;rbs_spacer=5-10bp;gc,13.0
JAJZRJ010000022.1_17,C,C,C,S,ID=12_17;partial=00;start_type=ATG;rbs_motif=GGAG/GAGG;rbs_spacer=5-10bp;gc_cont=0.636,ID=12_17;partial=00;start_type=ATG;rbs_motif=GGAG/GAGG;rbs_spacer=5-10bp;gc,14.0
JAKAIE010000047.1_15,C,C,C,S,ID=70_15;partial=00;start_type=ATG;rbs_motif=GGAGG;rbs_spacer=5-10bp;gc_cont=0.562,ID=70_15;partial=00;start_type=ATG;rbs_motif=GGAGG;rbs_spacer=5-10bp;gc,14.0
JAKAHV010000031.1_18,C,C,C,S,ID=14_18;partial=00;start_type=ATG;rbs_motif=GGAGG;rbs_spacer=5-10bp;gc_cont=0.583,ID=14_18;partial=00;start_type=ATG;rbs_motif=GGAGG;rbs_spacer=5-10bp;gc,14.0
JAJZVW010000033.1_19,C,C,C,A,ID=27_19;partial=00;start_type=ATG;rbs_motif=AGGA;rbs_spacer=5-10bp;gc_cont=0.646,ID=27_19;partial=00;start_type=ATG;rbs_motif=AGGA;rbs_spacer=5-10bp;gc,13.0
JAKSCU010000483.1_2,C,C,C,S,ID=52_2;partial=00;start_type=ATG;rbs_motif=AGGAGG;rbs_spacer=11-12bp;gc_cont=0.575,ID=52_2;partial=00;start_type=ATG;rbs_motif=AGGAGG;rbs_spacer=11-12bp;gc,14.0
JAFLJW010000200.1_4,C,C,C,S,ID=275_4;partial=00;start_type=ATG;rbs_motif=AGGA/GGAG/GAGG;rbs_spacer=11-12bp;gc_cont=0.574,ID=275_4;partial=00;start_type=ATG;rbs_motif=AGGA/GGAG/GAGG;rbs_spacer=11-12bp;gc,14.0
JAGLFH010000050.1_5,C,C,C,S,ID=46_5;partial=00;start_type=ATG;rbs_motif=GGAGG;rbs_spacer=5-10bp;gc_cont=0.398,ID=46_5;partial=00;start_type=ATG;rbs_motif=GGAGG;rbs_spacer=5-10bp;gc,14.0
JAMCQB010000152.1_2,C,C,C,S,ID=54_2;partial=00;start_type=ATG;rbs_motif=GGAGG;rbs_spacer=5-10bp;gc_cont=0.531,ID=54_2;partial=00;start_type=ATG;rbs_motif=GGAGG;rbs_spacer=5-10bp;gc,14.0
JAEWMY010000028.1_3,C,C,C,S,ID=61_3;partial=00;start_type=ATG;rbs_motif=AGGAG;rbs_spacer=5-10bp;gc_cont=0.622,ID=61_3;partial=00;start_type=ATG;rbs_motif=AGGAG;rbs_spacer=5-10bp;gc,14.0
JAEWSD010000176.1_16,C,C,C,S,ID=91_16;partial=00;start_type=ATG;rbs_motif=GGAGG;rbs_spacer=5-10bp;gc_cont=0.473,ID=91_16;partial=00;start_type=ATG;rbs_motif=GGAGG;rbs_spacer=5-10bp;gc,14.0
JAEYQV010000038.1_11,C,C,C,S,ID=70_11;partial=00;start_type=ATG;rbs_motif=GGAGG;rbs_spacer=5-10bp;gc_cont=0.478,ID=70_11;partial=00;start_type=ATG;rbs_motif=GGAGG;rbs_spacer=5-10bp;gc,14.0
JAEZQD010000154.1_17,C,C,C,S,ID=153_17;partial=00;start_type=ATG;rbs_motif=AGGA;rbs_spacer=5-10bp;gc_cont=0.576,ID=153_17;partial=00;start_type=ATG;rbs_motif=AGGA;rbs_spacer=5-10bp;gc,14.0
JAEZEM010000192.1_13,C,C,C,S,ID=332_13;partial=00;start_type=ATG;rbs_motif=AGGA;rbs_spacer=5-10bp;gc_cont=0.622,ID=332_13;partial=00;start_type=ATG;rbs_motif=AGGA;rbs_spacer=5-10bp;gc,14.0
JAEYWQ010000039.1_5,C,C,C,S,ID=285_5;partial=00;start_type=ATG;rbs_motif=AGGAGG;rbs_spacer=5-10bp;gc_cont=0.402,ID=285_5;partial=00;start_type=ATG;rbs_motif=AGGAGG;rbs_spacer=5-10bp;gc,14.0
JAEZKP010000087.1_35,C,C,C,S,ID=19_35;partial=00;start_type=ATG;rbs_motif=AGGAG;rbs_spacer=5-10bp;gc_cont=0.444,ID=19_35;partial=00;start_type=ATG;rbs_motif=AGGAG;rbs_spacer=5-10bp;gc,14.0
JAEZQV010000197.1_11,C,C,C,S,ID=77_11;partial=00;start_type=ATG;rbs_motif=AGGAG;rbs_spacer=5-10bp;gc_cont=0.517,ID=77_11;partial=00;start_type=ATG;rbs_motif=AGGAG;rbs_spacer=5-10bp;gc,14.0
JAEXAS010000045.1_51,C,C,C,S,ID=45_51;partial=00;start_type=ATG;rbs_motif=AGGA;rbs_spacer=5-10bp;gc_cont=0.638,ID=45_51;partial=00;start_type=ATG;rbs_motif=AGGA;rbs_spacer=5-10bp;gc,14.0
JAMPXE010000002.1_85,C,C,C,A,ID=36_85;partial=00;start_type=ATG;rbs_motif=GGAG/GAGG;rbs_spacer=5-10bp;gc_cont=0.562,ID=36_85;partial=00;start_type=ATG;rbs_motif=GGAG/GAGG;rbs_spacer=5-10bp;gc,13.0
JAKSLV010000090.1_8,C,C,C,G,ID=214_8;partial=00;start_type=ATG;rbs_motif=AAA;rbs_spacer=3bp;gc_cont=0.527,ID=214_8;partial=00;start_type=ATG;rbs_motif=AAA;rbs_spacer=3bp;gc,13.0
JAIKXN010000080.1_22,C,C,C,G,ID=43_22;partial=00;start_type=ATG;rbs_motif=AGGAGG;rbs_spacer=5-10bp;gc_cont=0.445,ID=43_22;partial=00;start_type=ATG;rbs_motif=AGGAGG;rbs_spacer=5-10bp;gc,13.0
JAILRO010000057.1_53,C,C,C,S,ID=13_53;partial=00;start_type=ATG;rbs_motif=AGGAG;rbs_spacer=5-10bp;gc_cont=0.386,ID=13_53;partial=00;start_type=ATG;rbs_motif=AGGAG;rbs_spacer=5-10bp;gc,14.0
FNCM01000001.1_104,C,C,C,G,ID=19_104;partial=00;start_type=ATG;rbs_motif=GGAGG;rbs_spacer=5-10bp;gc_cont=0.474,ID=19_104;partial=00;start_type=ATG;rbs_motif=GGAGG;rbs_spacer=5-10bp;gc,13.0
OMZC01000123.1_9,C,C,C,G,ID=2_9;partial=00;start_type=ATG;rbs_motif=GGAG/GAGG;rbs_spacer=5-10bp;gc_cont=0.421,ID=2_9;partial=00;start_type=ATG;rbs_motif=GGAG/GAGG;rbs_spacer=5-10bp;gc,13.0
URYB01000079.1_4,C,C,C,G,ID=79_4;partial=00;start_type=ATG;rbs_motif=AGGAGG;rbs_spacer=5-10bp;gc_cont=0.387,ID=79_4;partial=00;start_type=ATG;rbs_motif=AGGAGG;rbs_spacer=5-10bp;gc,13.0
CACWRR010000048.1_19,C,C,C,G,ID=48_19;partial=00;start_type=ATG;rbs_motif=AGGAGG;rbs_spacer=5-10bp;gc_cont=0.354,ID=48_19;partial=00;start_type=ATG;rbs_motif=AGGAGG;rbs_spacer=5-10bp;gc,13.0
CACYXH010000065.1_12,C,C,C,G,ID=65_12;partial=00;start_type=ATG;rbs_motif=GGA/GAG/AGG;rbs_spacer=5-10bp;gc_cont=0.478,ID=65_12;partial=00;start_type=ATG;rbs_motif=GGA/GAG/AGG;rbs_spacer=5-10bp;gc,13.0
CADABQ010000011.1_57,C,C,C,G,ID=11_57;partial=00;start_type=ATG;rbs_motif=AGGAGG;rbs_spacer=5-10bp;gc_cont=0.358,ID=11_57;partial=00;start_type=ATG;rbs_motif=AGGAGG;rbs_spacer=5-10bp;gc,13.0
CADBSK010000042.1_7,C,C,C,G,ID=42_7;partial=00;start_type=ATG;rbs_motif=GGAGG;rbs_spacer=5-10bp;gc_cont=0.398,ID=42_7;partial=00;start_type=ATG;rbs_motif=GGAGG;rbs_spacer=5-10bp;gc,13.0
CADDYS010000103.1_4,C,C,C,S,ID=103_4;partial=00;start_type=ATG;rbs_motif=GGAGG;rbs_spacer=5-10bp;gc_cont=0.509,ID=103_4;partial=00;start_type=ATG;rbs_motif=GGAGG;rbs_spacer=5-10bp;gc,14.0
CAILVI010000142.1_22,C,C,C,S,ID=142_22;partial=00;start_type=ATG;rbs_motif=AGGAG;rbs_spacer=5-10bp;gc_cont=0.614,ID=142_22;partial=00;start_type=ATG;rbs_motif=AGGAG;rbs_spacer=5-10bp;gc,14.0
CAIOJO010000524.1_3,C,C,C,S,ID=524_3;partial=01;start_type=ATG;rbs_motif=AGGAG;rbs_spacer=5-10bp;gc_cont=0.628,ID=524_3;partial=01;start_type=ATG;rbs_motif=AGGAG;rbs_spacer=5-10bp;gc,14.0
CAIQWT010000007.1_39,C,C,C,S,ID=7_39;partial=00;start_type=ATG;rbs_motif=AGGAG;rbs_spacer=5-10bp;gc_cont=0.501,ID=7_39;partial=00;start_type=ATG;rbs_motif=AGGAG;rbs_spacer=5-10bp;gc,14.0
CAIUAY010000029.1_11,C,C,C,S,ID=29_11;partial=00;start_type=ATG;rbs_motif=AGGAG;rbs_spacer=5-10bp;gc_cont=0.575,ID=29_11;partial=00;start_type=ATG;rbs_motif=AGGAG;rbs_spacer=5-10bp;gc,14.0
CAIWTU010000024.1_14,C,C,C,S,ID=24_14;partial=00;start_type=ATG;rbs_motif=AGGAG;rbs_spacer=5-10bp;gc_cont=0.541,ID=24_14;partial=00;start_type=ATG;rbs_motif=AGGAG;rbs_spacer=5-10bp;gc,14.0
CAIYTH010000014.1_114,C,C,C,S,ID=14_114;partial=00;start_type=ATG;rbs_motif=None;rbs_spacer=None;gc_cont=0.596,ID=14_114;partial=00;start_type=ATG;rbs_motif=None;rbs_spacer=None;gc,14.0
CAJBEZ010000070.1_13,C,C,C,S,ID=70_13;partial=00;start_type=ATG;rbs_motif=AGGA;rbs_spacer=5-10bp;gc_cont=0.511,ID=70_13;partial=00;start_type=ATG;rbs_motif=AGGA;rbs_spacer=5-10bp;gc,14.0
CAJOQA010000364.1_2,C,C,C,G,ID=364_2;partial=00;start_type=ATG;rbs_motif=AGGAG;rbs_spacer=5-10bp;gc_cont=0.452,ID=364_2;partial=00;start_type=ATG;rbs_motif=AGGAG;rbs_spacer=5-10bp;gc,13.0
CAKKSE010000046.1_20,C,C,C,A,ID=46_20;partial=00;start_type=ATG;rbs_motif=AGGAG;rbs_spacer=5-10bp;gc_cont=0.644,ID=46_20;partial=00;start_type=ATG;rbs_motif=AGGAG;rbs_spacer=5-10bp;gc,13.0
NC_007626.1_1585,C,C,C,S,ID=1_1585;partial=00;start_type=ATG;rbs_motif=AGGAG;rbs_spacer=5-10bp;gc_cont=0.633,ID=1_1585;partial=00;start_type=ATG;rbs_motif=AGGAG;rbs_spacer=5-10bp;gc,14.0
NC_009523.1_1291,C,C,C,S,ID=1_1291;partial=00;start_type=ATG;rbs_motif=AGGAGG;rbs_spacer=5-10bp;gc_cont=0.592,ID=1_1291;partial=00;start_type=ATG;rbs_motif=AGGAGG;rbs_spacer=5-10bp;gc,14.0
NC_011729.1_2115,C,C,C,S,ID=1_2115;partial=00;start_type=ATG;rbs_motif=GGAG/GAGG;rbs_spacer=5-10bp;gc_cont=0.436,ID=1_2115;partial=00;start_type=ATG;rbs_motif=GGAG/GAGG;rbs_spacer=5-10bp;gc,14.0
NC_014410.1_1863,C,C,C,S,ID=1_1863;partial=00;start_type=TTG;rbs_motif=GGAG/GAGG;rbs_spacer=5-10bp;gc_cont=0.396,ID=1_1863;partial=00;start_type=TTG;rbs_motif=GGAG/GAGG;rbs_spacer=5-10bp;gc,14.0
NC_014844.1_1023,C,C,C,S,ID=1_1023;partial=00;start_type=ATG;rbs_motif=AGGAG;rbs_spacer=5-10bp;gc_cont=0.650,ID=1_1023;partial=00;start_type=ATG;rbs_motif=AGGAG;rbs_spacer=5-10bp;gc,14.0
NC_015578.1_1137,C,C,C,S,ID=1_1137;partial=00;start_type=ATG;rbs_motif=GGAG/GAGG;rbs_spacer=5-10bp;gc_cont=0.544,ID=1_1137;partial=00;start_type=ATG;rbs_motif=GGAG/GAGG;rbs_spacer=5-10bp;gc,14.0
NC_016791.1_2536,C,C,C,S,ID=1_2536;partial=00;start_type=ATG;rbs_motif=AGGAGG;rbs_spacer=5-10bp;gc_cont=0.421,ID=1_2536;partial=00;start_type=ATG;rbs_motif=AGGAGG;rbs_spacer=5-10bp;gc,14.0
NC_017068.1_2775,C,C,C,G,ID=1_2775;partial=00;start_type=ATG;rbs_motif=GGAGG;rbs_spacer=5-10bp;gc_cont=0.546,ID=1_2775;partial=00;start_type=ATG;rbs_motif=GGAGG;rbs_spacer=5-10bp;gc,13.0
NC_020061.1_291,C,C,C,A,ID=3_291;partial=00;start_type=ATG;rbs_motif=GGA/GAG/AGG;rbs_spacer=5-10bp;gc_cont=0.584,ID=3_291;partial=00;start_type=ATG;rbs_motif=GGA/GAG/AGG;rbs_spacer=5-10bp;gc,13.0
NZ_AQHN01000086.1_87,C,C,C,A,ID=88_87;partial=00;start_type=ATG;rbs_motif=GGA/GAG/AGG;rbs_spacer=5-10bp;gc_cont=0.584,ID=88_87;partial=00;start_type=ATG;rbs_motif=GGA/GAG/AGG;rbs_spacer=5-10bp;gc,13.0
NZ_ARQF01000021.1_482,C,C,C,S,ID=21_482;partial=00;start_type=ATG;rbs_motif=GGAG/GAGG;rbs_spacer=5-10bp;gc_cont=0.465,ID=21_482;partial=00;start_type=ATG;rbs_motif=GGAG/GAGG;rbs_spacer=5-10bp;gc,14.0
NZ_AUJG01000012.1_22,C,C,C,G,ID=12_22;partial=00;start_type=ATG;rbs_motif=AGGAGG;rbs_spacer=5-10bp;gc_cont=0.338,ID=12_22;partial=00;start_type=ATG;rbs_motif=AGGAGG;rbs_spacer=5-10bp;gc,13.0
NZ_KE386627.1_196,C,C,C,S,ID=2_196;partial=00;start_type=ATG;rbs_motif=TAA;rbs_spacer=11bp;gc_cont=0.459,ID=2_196;partial=00;start_type=ATG;rbs_motif=TAA;rbs_spacer=11bp;gc,14.0
NZ_AWZT01000045.1_41,C,C,C,A,ID=79_41;partial=00;start_type=TTG;rbs_motif=AGGAG;rbs_spacer=5-10bp;gc_cont=0.597,ID=79_41;partial=00;start_type=TTG;rbs_motif=AGGAG;rbs_spacer=5-10bp;gc,13.0
NZ_KI911557.1_3657,C,C,C,S,ID=1_3657;partial=00;start_type=ATG;rbs_motif=AGGAG;rbs_spacer=5-10bp;gc_cont=0.486,ID=1_3657;partial=00;start_type=ATG;rbs_motif=AGGAG;rbs_spacer=5-10bp;gc,14.0
NZ_CBYB010000054.1_15,C,C,C,A,ID=56_15;partial=00;start_type=ATG;rbs_motif=GGA/GAG/AGG;rbs_spacer=5-10bp;gc_cont=0.567,ID=56_15;partial=00;start_type=ATG;rbs_motif=GGA/GAG/AGG;rbs_spacer=5-10bp;gc,13.0
NZ_JHWJ01000012.1_123,C,C,C,S,ID=12_123;partial=00;start_type=ATG;rbs_motif=AGGAGG;rbs_spacer=5-10bp;gc_cont=0.454,ID=12_123;partial=00;start_type=ATG;rbs_motif=AGGAGG;rbs_spacer=5-10bp;gc,14.0
NZ_JQJH01000001.1_170,C,C,C,A,ID=1_170;partial=00;start_type=ATG;rbs_motif=GGA/GAG/AGG;rbs_spacer=5-10bp;gc_cont=0.571,ID=1_170;partial=00;start_type=ATG;rbs_motif=GGA/GAG/AGG;rbs_spacer=5-10bp;gc,13.0
NZ_AP012549.1_1442,C,C,C,S,ID=1_1442;partial=00;start_type=ATG;rbs_motif=AGGAG/GGAGG;rbs_spacer=11-12bp;gc_cont=0.421,ID=1_1442;partial=00;start_type=ATG;rbs_motif=AGGAG/GGAGG;rbs_spacer=11-12bp;gc,14.0
NZ_CP009516.1_733,C,C,C,S,ID=1_733;partial=00;start_type=ATG;rbs_motif=AGGAGG;rbs_spacer=5-10bp;gc_cont=0.517,ID=1_733;partial=00;start_type=ATG;rbs_motif=AGGAGG;rbs_spacer=5-10bp;gc,14.0
NZ_CP011456.1_3729,C,C,C,S,ID=1_3729;partial=00;start_type=ATG;rbs_motif=GGAG/GAGG;rbs_spacer=5-10bp;gc_cont=0.436,ID=1_3729;partial=00;start_type=ATG;rbs_motif=GGAG/GAGG;rbs_spacer=5-10bp;gc,14.0
NZ_LMBR01000001.1_59,C,C,C,S,ID=1_59;partial=00;start_type=ATG;rbs_motif=AAA;rbs_spacer=15bp;gc_cont=0.535,ID=1_59;partial=00;start_type=ATG;rbs_motif=AAA;rbs_spacer=15bp;gc,14.0
NZ_CP015418.1_3012,C,C,C,A,ID=1_3012;partial=00;start_type=ATG;rbs_motif=AGGA;rbs_spacer=5-10bp;gc_cont=0.632,ID=1_3012;partial=00;start_type=ATG;rbs_motif=AGGA;rbs_spacer=5-10bp;gc,13.0
NZ_LROS01000077.1_69,C,C,C,S,ID=77_69;partial=00;start_type=ATG;rbs_motif=AGGAGG;rbs_spacer=5-10bp;gc_cont=0.366,ID=77_69;partial=00;start_type=ATG;rbs_motif=AGGAGG;rbs_spacer=5-10bp;gc,14.0
NZ_MCGG01000036.1_75,C,C,C,S,ID=36_75;partial=00;start_type=ATG;rbs_motif=GGAGG;rbs_spacer=5-10bp;gc_cont=0.534,ID=36_75;partial=00;start_type=ATG;rbs_motif=GGAGG;rbs_spacer=5-10bp;gc,14.0
NZ_MLBG01000001.1_77,C,C,C,S,ID=1_77;partial=00;start_type=ATG;rbs_motif=AGGA;rbs_spacer=5-10bp;gc_cont=0.628,ID=1_77;partial=00;start_type=ATG;rbs_motif=AGGA;rbs_spacer=5-10bp;gc,14.0
NZ_NAAD01000014.1_79,C,C,C,S,ID=6_79;partial=00;start_type=ATG;rbs_motif=AGGAG;rbs_spacer=5-10bp;gc_cont=0.596,ID=6_79;partial=00;start_type=ATG;rbs_motif=AGGAG;rbs_spacer=5-10bp;gc,14.0
NZ_NNRI01000021.1_558,C,C,C,A,ID=14_558;partial=00;start_type=ATG;rbs_motif=GGAG/GAGG;rbs_spacer=5-10bp;gc_cont=0.596,ID=14_558;partial=00;start_type=ATG;rbs_motif=GGAG/GAGG;rbs_spacer=5-10bp;gc,13.0
NZ_AP018178.1_3442,C,C,C,S,ID=1_3442;partial=00;start_type=ATG;rbs_motif=GGAG/GAGG;rbs_spacer=5-10bp;gc_cont=0.451,ID=1_3442;partial=00;start_type=ATG;rbs_motif=GGAG/GAGG;rbs_spacer=5-10bp;gc,14.0
NZ_PITQ01000003.1_166,C,C,C,S,ID=28_166;partial=00;start_type=ATG;rbs_motif=AGGAG;rbs_spacer=5-10bp;gc_cont=0.546,ID=28_166;partial=00;start_type=ATG;rbs_motif=AGGAG;rbs_spacer=5-10bp;gc,14.0
NZ_NHRY01000072.1_39,C,C,C,A,ID=72_39;partial=00;start_type=ATG;rbs_motif=AGGA;rbs_spacer=5-10bp;gc_cont=0.627,ID=72_39;partial=00;start_type=ATG;rbs_motif=AGGA;rbs_spacer=5-10bp;gc,13.0
NZ_QDAH01000069.1_18,C,C,C,A,ID=69_18;partial=00;start_type=ATG;rbs_motif=GGAG/GAGG;rbs_spacer=5-10bp;gc_cont=0.609,ID=69_18;partial=00;start_type=ATG;rbs_motif=GGAG/GAGG;rbs_spacer=5-10bp;gc,13.0
NZ_QKMR01000030.1_7,C,C,C,S,ID=30_7;partial=00;start_type=ATG;rbs_motif=AGGAGG;rbs_spacer=5-10bp;gc_cont=0.434,ID=30_7;partial=00;start_type=ATG;rbs_motif=AGGAGG;rbs_spacer=5-10bp;gc,14.0
NZ_QPJY01000002.1_345,C,C,C,S,ID=2_345;partial=00;start_type=ATG;rbs_motif=GGAG/GAGG;rbs_spacer=5-10bp;gc_cont=0.637,ID=2_345;partial=00;start_type=ATG;rbs_motif=GGAG/GAGG;rbs_spacer=5-10bp;gc,14.0
NZ_RAIQ01000001.1_412,C,C,C,G,ID=10_412;partial=00;start_type=ATG;rbs_motif=GGAGG;rbs_spacer=5-10bp;gc_cont=0.407,ID=10_412;partial=00;start_type=ATG;rbs_motif=GGAGG;rbs_spacer=5-10bp;gc,13.0
NZ_CP034449.1_1317,C,C,C,A,ID=1_1317;partial=00;start_type=ATG;rbs_motif=None;rbs_spacer=None;gc_cont=0.592,ID=1_1317;partial=00;start_type=ATG;rbs_motif=None;rbs_spacer=None;gc,13.0
NZ_RCHJ01000015.1_62,C,C,C,A,ID=11_62;partial=00;start_type=ATG;rbs_motif=AGGAG;rbs_spacer=5-10bp;gc_cont=0.653,ID=11_62;partial=00;start_type=ATG;rbs_motif=AGGAG;rbs_spacer=5-10bp;gc,13.0
NZ_SHKM01000002.1_331,C,C,C,S,ID=2_331;partial=00;start_type=ATG;rbs_motif=AGGAG;rbs_spacer=5-10bp;gc_cont=0.626,ID=2_331;partial=00;start_type=ATG;rbs_motif=AGGAG;rbs_spacer=5-10bp;gc,14.0
NZ_SLXP01000002.1_554,C,C,C,A,ID=2_554;partial=00;start_type=ATG;rbs_motif=AGGA;rbs_spacer=5-10bp;gc_cont=0.641,ID=2_554;partial=00;start_type=ATG;rbs_motif=AGGA;rbs_spacer=5-10bp;gc,13.0
NZ_SRUZ01000002.1_565,C,C,C,A,ID=175_565;partial=00;start_type=ATG;rbs_motif=GGAG/GAGG;rbs_spacer=5-10bp;gc_cont=0.588,ID=175_565;partial=00;start_type=ATG;rbs_motif=GGAG/GAGG;rbs_spacer=5-10bp;gc,13.0
NZ_VCHQ01000020.1_12,C,C,C,S,ID=13_12;partial=00;start_type=ATG;rbs_motif=GGAGG;rbs_spacer=5-10bp;gc_cont=0.559,ID=13_12;partial=00;start_type=ATG;rbs_motif=GGAGG;rbs_spacer=5-10bp;gc,14.0
NZ_SULJ01000002.1_44,C,C,C,S,ID=12_44;partial=00;start_type=ATG;rbs_motif=AGGAGG;rbs_spacer=5-10bp;gc_cont=0.445,ID=12_44;partial=00;start_type=ATG;rbs_motif=AGGAGG;rbs_spacer=5-10bp;gc,14.0
NZ_CP040751.1_1630,C,C,C,S,ID=1_1630;partial=00;start_type=ATG;rbs_motif=AGGA;rbs_spacer=5-10bp;gc_cont=0.640,ID=1_1630;partial=00;start_type=ATG;rbs_motif=AGGA;rbs_spacer=5-10bp;gc,14.0
NZ_WAGX01000005.1_847,C,C,C,S,ID=5_847;partial=00;start_type=ATG;rbs_motif=AGGAGG;rbs_spacer=5-10bp;gc_cont=0.393,ID=5_847;partial=00;start_type=ATG;rbs_motif=AGGAGG;rbs_spacer=5-10bp;gc,14.0
NZ_WNKU01000009.1_58,C,C,C,S,ID=151_58;partial=00;start_type=ATG;rbs_motif=AGGAGG;rbs_spacer=5-10bp;gc_cont=0.552,ID=151_58;partial=00;start_type=ATG;rbs_motif=AGGAGG;rbs_spacer=5-10bp;gc,14.0
NZ_CP022222.1_8181,C,C,C,A,ID=1_8181;partial=00;start_type=ATG;rbs_motif=AGGA;rbs_spacer=5-10bp;gc_cont=0.574,ID=1_8181;partial=00;start_type=ATG;rbs_motif=AGGA;rbs_spacer=5-10bp;gc,13.0
NZ_CP024770.1_440,C,C,C,S,ID=3_440;partial=00;start_type=ATG;rbs_motif=GGAGG;rbs_spacer=5-10bp;gc_cont=0.566,ID=3_440;partial=00;start_type=ATG;rbs_motif=GGAGG;rbs_spacer=5-10bp;gc,14.0
NZ_JABBFW010000008.1_243,C,C,C,A,ID=78_243;partial=00;start_type=ATG;rbs_motif=AGGAG;rbs_spacer=5-10bp;gc_cont=0.644,ID=78_243;partial=00;start_type=ATG;rbs_motif=AGGAG;rbs_spacer=5-10bp;gc,13.0
NZ_BLVP01000002.1_190,C,C,C,S,ID=2_190;partial=00;start_type=ATG;rbs_motif=AGGA/GGAG/GAGG;rbs_spacer=11-12bp;gc_cont=0.591,ID=2_190;partial=00;start_type=ATG;rbs_motif=AGGA/GGAG/GAGG;rbs_spacer=11-12bp;gc,14.0
NZ_JACHYN010000010.1_157,C,C,C,A,ID=10_157;partial=00;start_type=ATG;rbs_motif=AGGAG;rbs_spacer=5-10bp;gc_cont=0.633,ID=10_157;partial=00;start_type=ATG;rbs_motif=AGGAG;rbs_spacer=5-10bp;gc,13.0
NZ_AP023368.1_647,C,C,C,S,ID=1_647;partial=00;start_type=ATG;rbs_motif=GGAGG;rbs_spacer=5-10bp;gc_cont=0.436,ID=1_647;partial=00;start_type=ATG;rbs_motif=GGAGG;rbs_spacer=5-10bp;gc,14.0
NZ_JACJSC010000026.1_41,C,C,C,S,ID=19_41;partial=00;start_type=ATG;rbs_motif=GGAG/GAGG;rbs_spacer=5-10bp;gc_cont=0.455,ID=19_41;partial=00;start_type=ATG;rbs_motif=GGAG/GAGG;rbs_spacer=5-10bp;gc,14.0
NZ_CP030047.1_7564,C,C,C,A,ID=1_7564;partial=00;start_type=ATG;rbs_motif=AGGA;rbs_spacer=5-10bp;gc_cont=0.566,ID=1_7564;partial=00;start_type=ATG;rbs_motif=AGGA;rbs_spacer=5-10bp;gc,13.0
NZ_JAECZA010000043.1_30,C,C,C,S,ID=248_30;partial=00;start_type=ATG;rbs_motif=GGAG/GAGG;rbs_spacer=5-10bp;gc_cont=0.454,ID=248_30;partial=00;start_type=ATG;rbs_motif=GGAG/GAGG;rbs_spacer=5-10bp;gc,14.0
NZ_NHSN01000005.1_19,C,C,C,S,ID=5_19;partial=00;start_type=ATG;rbs_motif=GGAGG;rbs_spacer=5-10bp;gc_cont=0.640,ID=5_19;partial=00;start_type=ATG;rbs_motif=GGAGG;rbs_spacer=5-10bp;gc,14.0
NZ_JAFFQA010000017.1_78,C,C,C,S,ID=88_78;partial=00;start_type=ATG;rbs_motif=GGAG/GAGG;rbs_spacer=5-10bp;gc_cont=0.530,ID=88_78;partial=00;start_type=ATG;rbs_motif=GGAG/GAGG;rbs_spacer=5-10bp;gc,14.0
NZ_JAGGLM010000003.1_28,C,C,C,S,ID=3_28;partial=00;start_type=ATG;rbs_motif=AGGAGG;rbs_spacer=5-10bp;gc_cont=0.365,ID=3_28;partial=00;start_type=ATG;rbs_motif=AGGAGG;rbs_spacer=5-10bp;gc,14.0
NZ_CP058649.1_3184,C,C,C,S,ID=1_3184;partial=00;start_type=ATG;rbs_motif=AGGAG;rbs_spacer=5-10bp;gc_cont=0.386,ID=1_3184;partial=00;start_type=ATG;rbs_motif=AGGAG;rbs_spacer=5-10bp;gc,14.0
NZ_JAHGVE010000013.1_70,C,C,C,S,ID=13_70;partial=00;start_type=ATG;rbs_motif=AGGAGG;rbs_spacer=11-12bp;gc_cont=0.454,ID=13_70;partial=00;start_type=ATG;rbs_motif=AGGAGG;rbs_spacer=11-12bp;gc,14.0
NZ_CP080649.1_2725,C,C,C,S,ID=1_2725;partial=00;start_type=ATG;rbs_motif=None;rbs_spacer=None;gc_cont=0.599,ID=1_2725;partial=00;start_type=ATG;rbs_motif=None;rbs_spacer=None;gc,14.0
NZ_JAFCIY020000028.1_64,C,C,C,S,ID=1_64;partial=00;start_type=ATG;rbs_motif=AGGAG;rbs_spacer=5-10bp;gc_cont=0.611,ID=1_64;partial=00;start_type=ATG;rbs_motif=AGGAG;rbs_spacer=5-10bp;gc,14.0
NZ_JAJKFT010000004.1_1320,C,C,C,S,ID=5_1320;partial=00;start_type=ATG;rbs_motif=AGGA;rbs_spacer=5-10bp;gc_cont=0.578,ID=5_1320;partial=00;start_type=ATG;rbs_motif=AGGA;rbs_spacer=5-10bp;gc,14.0
NZ_AP024488.1_1559,C,C,C,S,ID=1_1559;partial=00;start_type=ATG;rbs_motif=GGAG/GAGG;rbs_spacer=5-10bp;gc_cont=0.561,ID=1_1559;partial=00;start_type=ATG;rbs_motif=GGAG/GAGG;rbs_spacer=5-10bp;gc,14.0
NZ_JAIVFP010000001.1_3377,C,C,C,A,ID=1_3377;partial=00;start_type=ATG;rbs_motif=GGAG/GAGG;rbs_spacer=5-10bp;gc_cont=0.599,ID=1_3377;partial=00;start_type=ATG;rbs_motif=GGAG/GAGG;rbs_spacer=5-10bp;gc,13.0
NZ_CP082161.1_1067,C,C,C,A,ID=1_1067;partial=00;start_type=ATG;rbs_motif=GGA/GAG/AGG;rbs_spacer=5-10bp;gc_cont=0.572,ID=1_1067;partial=00;start_type=ATG;rbs_motif=GGA/GAG/AGG;rbs_spacer=5-10bp;gc,13.0
NZ_CP028908.1_809,C,C,C,A,ID=1_809;partial=00;start_type=ATG;rbs_motif=GGA/GAG/AGG;rbs_spacer=5-10bp;gc_cont=0.621,ID=1_809;partial=00;start_type=ATG;rbs_motif=GGA/GAG/AGG;rbs_spacer=5-10bp;gc,13.0
NZ_CP099398.1_366,C,C,C,A,ID=4_366;partial=00;start_type=ATG;rbs_motif=GGA/GAG/AGG;rbs_spacer=5-10bp;gc_cont=0.590,ID=4_366;partial=00;start_type=ATG;rbs_motif=GGA/GAG/AGG;rbs_spacer=5-10bp;gc,13.0
NZ_FNCA01000003.1_237,C,C,C,S,ID=10_237;partial=00;start_type=ATG;rbs_motif=AGGAGG;rbs_spacer=5-10bp;gc_cont=0.465,ID=10_237;partial=00;start_type=ATG;rbs_motif=AGGAGG;rbs_spacer=5-10bp;gc,14.0
NZ_FNPI01000001.1_747,C,C,C,S,ID=42_747;partial=00;start_type=GTG;rbs_motif=GGAG/GAGG;rbs_spacer=5-10bp;gc_cont=0.482,ID=42_747;partial=00;start_type=GTG;rbs_motif=GGAG/GAGG;rbs_spacer=5-10bp;gc,14.0
NZ_FOYZ01000001.1_320,C,C,C,S,ID=29_320;partial=00;start_type=ATG;rbs_motif=AGGAGG;rbs_spacer=5-10bp;gc_cont=0.385,ID=29_320;partial=00;start_type=ATG;rbs_motif=AGGAGG;rbs_spacer=5-10bp;gc,14.0
NZ_FQUY01000008.1_79,C,C,C,S,ID=29_79;partial=00;start_type=ATG;rbs_motif=AGGAGG;rbs_spacer=5-10bp;gc_cont=0.533,ID=29_79;partial=00;start_type=ATG;rbs_motif=AGGAGG;rbs_spacer=5-10bp;gc,14.0
NZ_FRDN01000005.1_79,C,C,C,S,ID=15_79;partial=00;start_type=ATG;rbs_motif=AGGA;rbs_spacer=5-10bp;gc_cont=0.510,ID=15_79;partial=00;start_type=ATG;rbs_motif=AGGA;rbs_spacer=5-10bp;gc,14.0
NZ_FXAK01000007.1_786,C,C,C,A,ID=5_786;partial=00;start_type=ATG;rbs_motif=AGGAG;rbs_spacer=5-10bp;gc_cont=0.635,ID=5_786;partial=00;start_type=ATG;rbs_motif=AGGAG;rbs_spacer=5-10bp;gc,13.0
NZ_OBMT01000006.1_82,C,C,C,A,ID=25_82;partial=00;start_type=ATG;rbs_motif=AGGA;rbs_spacer=5-10bp;gc_cont=0.602,ID=25_82;partial=00;start_type=ATG;rbs_motif=AGGA;rbs_spacer=5-10bp;gc,13.0
NZ_CACVCH010000042.1_47,C,C,C,S,ID=47_47;partial=00;start_type=ATG;rbs_motif=AGGAG;rbs_spacer=5-10bp;gc_cont=0.646,ID=47_47;partial=00;start_type=ATG;rbs_motif=AGGAG;rbs_spacer=5-10bp;gc,14.0
DBTI01000114.1_48,C,C,C,S,ID=4_48;partial=00;start_type=ATG;rbs_motif=AGGAGG;rbs_spacer=5-10bp;gc_cont=0.506,ID=4_48;partial=00;start_type=ATG;rbs_motif=AGGAGG;rbs_spacer=5-10bp;gc,14.0
JAATFT010000093.1_14,C,C,C,S,ID=4_14;partial=00;start_type=ATG;rbs_motif=AGGAGG;rbs_spacer=5-10bp;gc_cont=0.430,ID=4_14;partial=00;start_type=ATG;rbs_motif=AGGAGG;rbs_spacer=5-10bp;gc,14.0
JAEWPX010000116.1_6,C,C,C,S,ID=41_6;partial=00;start_type=ATG;rbs_motif=AGGA;rbs_spacer=5-10bp;gc_cont=0.622,ID=41_6;partial=00;start_type=ATG;rbs_motif=AGGA;rbs_spacer=5-10bp;gc,14.0
JAEXNR010000001.1_11,C,C,C,S,ID=65_11;partial=00;start_type=ATG;rbs_motif=GGAGG;rbs_spacer=5-10bp;gc_cont=0.436,ID=65_11;partial=00;start_type=ATG;rbs_motif=GGAGG;rbs_spacer=5-10bp;gc,14.0
NZ_CM001240.1_4214,C,C,C,S,ID=1_4214;partial=00;start_type=ATG;rbs_motif=AGGAG;rbs_spacer=5-10bp;gc_cont=0.349,ID=1_4214;partial=00;start_type=ATG;rbs_motif=AGGAG;rbs_spacer=5-10bp;gc,14.0
NZ_CP008852.1_3859,C,C,C,S,ID=1_3859;partial=00;start_type=ATG;rbs_motif=AGGAG;rbs_spacer=5-10bp;gc_cont=0.440,ID=1_3859;partial=00;start_type=ATG;rbs_motif=AGGAG;rbs_spacer=5-10bp;gc,14.0
NZ_CP019966.1_1409,C,C,C,S,ID=1_1409;partial=00;start_type=ATG;rbs_motif=GGA/GAG/AGG;rbs_spacer=5-10bp;gc_cont=0.626,ID=1_1409;partial=00;start_type=ATG;rbs_motif=GGA/GAG/AGG;rbs_spacer=5-10bp;gc,14.0
NZ_WNKS01000020.1_61,C,C,C,S,ID=12_61;partial=00;start_type=ATG;rbs_motif=GGAG/GAGG;rbs_spacer=5-10bp;gc_cont=0.603,ID=12_61;partial=00;start_type=ATG;rbs_motif=GGAG/GAGG;rbs_spacer=5-10bp;gc,14.0
NZ_JAIVKM010000001.1_398,C,C,C,S,ID=1_398;partial=00;start_type=ATG;rbs_motif=AGxAGG/AGGxGG;rbs_spacer=5-10bp;gc_cont=0.513,ID=1_398;partial=00;start_type=ATG;rbs_motif=AGxAGG/AGGxGG;rbs_spacer=5-10bp;gc,14.0
DIDB01000178.1_10,C,C,C,S,ID=96_10;partial=00;start_type=ATG;rbs_motif=AGGAG;rbs_spacer=5-10bp;gc_cont=0.566,ID=96_10;partial=00;start_type=ATG;rbs_motif=AGGAG;rbs_spacer=5-10bp;gc,14.0
JAGSYV010000023.1_36,C,C,C,S,ID=52_36;partial=00;start_type=ATG;rbs_motif=AGGAG;rbs_spacer=5-10bp;gc_cont=0.616,ID=52_36;partial=00;start_type=ATG;rbs_motif=AGGAG;rbs_spacer=5-10bp;gc,14.0
PMIH01000030.1_62,C,C,C,S,ID=292_62;partial=00;start_type=ATG;rbs_motif=AGGA;rbs_spacer=5-10bp;gc_cont=0.600,ID=292_62;partial=00;start_type=ATG;rbs_motif=AGGA;rbs_spacer=5-10bp;gc,14.0
NZ_CP045302.1_676,C,C,C,S,ID=1_676;partial=00;start_type=ATG;rbs_motif=AGGAG;rbs_spacer=5-10bp;gc_cont=0.647,ID=1_676;partial=00;start_type=ATG;rbs_motif=AGGAG;rbs_spacer=5-10bp;gc,14.0
NZ_AZUK01000001.1_2828,C,C,C,S,ID=1_2828;partial=00;start_type=ATG;rbs_motif=AGGA;rbs_spacer=5-10bp;gc_cont=0.492,ID=1_2828;partial=00;start_type=ATG;rbs_motif=AGGA;rbs_spacer=5-10bp;gc,14.0
CM001438.1_1008,C,C,C,A,ID=1_1008;partial=00;start_type=ATG;rbs_motif=GGAG/GAGG;rbs_spacer=5-10bp;gc_cont=0.638,ID=1_1008;partial=00;start_type=ATG;rbs_motif=GGAG/GAGG;rbs_spacer=5-10bp;gc,13.0
JQDQ01000073.1_16,C,C,C,S,ID=73_16;partial=00;start_type=ATG;rbs_motif=AGGAG;rbs_spacer=5-10bp;gc_cont=0.510,ID=73_16;partial=00;start_type=ATG;rbs_motif=AGGAG;rbs_spacer=5-10bp;gc,14.0
JXSN01000481.1_1,C,C,C,S,ID=427_1;partial=10;start_type=TTG;rbs_motif=GGA/GAG/AGG;rbs_spacer=5-10bp;gc_cont=0.437,ID=427_1;partial=10;start_type=TTG;rbs_motif=GGA/GAG/AGG;rbs_spacer=5-10bp;gc,14.0
LSZA01000060.1_8,C,C,C,S,ID=60_8;partial=00;start_type=ATG;rbs_motif=None;rbs_spacer=None;gc_cont=0.527,ID=60_8;partial=00;start_type=ATG;rbs_motif=None;rbs_spacer=None;gc,14.0
MGVN01000251.1_3,C,C,C,S,ID=251_3;partial=00;start_type=ATG;rbs_motif=GGAGG;rbs_spacer=5-10bp;gc_cont=0.543,ID=251_3;partial=00;start_type=ATG;rbs_motif=GGAGG;rbs_spacer=5-10bp;gc,14.0
MKRK01000172.1_11,C,C,C,S,ID=172_11;partial=00;start_type=GTG;rbs_motif=GGAGG;rbs_spacer=5-10bp;gc_cont=0.475,ID=172_11;partial=00;start_type=GTG;rbs_motif=GGAGG;rbs_spacer=5-10bp;gc,14.0
NISF01000006.1_286,C,C,C,S,ID=34_286;partial=00;start_type=ATG;rbs_motif=GGAGG;rbs_spacer=5-10bp;gc_cont=0.589,ID=34_286;partial=00;start_type=ATG;rbs_motif=GGAGG;rbs_spacer=5-10bp;gc,14.0
DBUB01000010.1_155,C,C,C,S,ID=16_155;partial=00;start_type=ATG;rbs_motif=AGGAG;rbs_spacer=5-10bp;gc_cont=0.588,ID=16_155;partial=00;start_type=ATG;rbs_motif=AGGAG;rbs_spacer=5-10bp;gc,14.0
DEDT01000054.1_33,C,C,C,G,ID=17_33;partial=00;start_type=ATG;rbs_motif=AGGAGG;rbs_spacer=5-10bp;gc_cont=0.569,ID=17_33;partial=00;start_type=ATG;rbs_motif=AGGAGG;rbs_spacer=5-10bp;gc,13.0
DGHF01000158.1_11,C,C,C,G,ID=129_11;partial=00;start_type=ATG;rbs_motif=GGA/GAG/AGG;rbs_spacer=5-10bp;gc_cont=0.449,ID=129_11;partial=00;start_type=ATG;rbs_motif=GGA/GAG/AGG;rbs_spacer=5-10bp;gc,13.0
DHWX01000009.1_48,C,C,C,A,ID=121_48;partial=00;start_type=ATG;rbs_motif=GGAG/GAGG;rbs_spacer=5-10bp;gc_cont=0.561,ID=121_48;partial=00;start_type=ATG;rbs_motif=GGAG/GAGG;rbs_spacer=5-10bp;gc,13.0
DIXN01000004.1_71,C,C,C,S,ID=49_71;partial=00;start_type=ATG;rbs_motif=GGAG/GAGG;rbs_spacer=5-10bp;gc_cont=0.653,ID=49_71;partial=00;start_type=ATG;rbs_motif=GGAG/GAGG;rbs_spacer=5-10bp;gc,14.0
DAQC01000001.1_537,C,C,C,S,ID=8_537;partial=00;start_type=ATG;rbs_motif=GGA/GAG/AGG;rbs_spacer=5-10bp;gc_cont=0.564,ID=8_537;partial=00;start_type=ATG;rbs_motif=GGA/GAG/AGG;rbs_spacer=5-10bp;gc,14.0
PEAP01000018.1_9,C,C,C,S,ID=151_9;partial=00;start_type=ATG;rbs_motif=GGAG/GAGG;rbs_spacer=5-10bp;gc_cont=0.625,ID=151_9;partial=00;start_type=ATG;rbs_motif=GGAG/GAGG;rbs_spacer=5-10bp;gc,14.0
PHCX01000007.1_11,C,C,C,A,ID=4_11;partial=00;start_type=ATG;rbs_motif=AGGA;rbs_spacer=5-10bp;gc_cont=0.579,ID=4_11;partial=00;start_type=ATG;rbs_motif=AGGA;rbs_spacer=5-10bp;gc,13.0
BDTQ01000100.1_3,C,C,C,S,ID=100_3;partial=00;start_type=ATG;rbs_motif=GGAGG;rbs_spacer=5-10bp;gc_cont=0.504,ID=100_3;partial=00;start_type=ATG;rbs_motif=GGAGG;rbs_spacer=5-10bp;gc,14.0
PLYB01000275.1_53,C,C,C,S,ID=239_53;partial=00;start_type=ATG;rbs_motif=AGGAG;rbs_spacer=5-10bp;gc_cont=0.510,ID=239_53;partial=00;start_type=ATG;rbs_motif=AGGAG;rbs_spacer=5-10bp;gc,14.0
PMJK01000033.1_28,C,C,C,S,ID=145_28;partial=00;start_type=ATG;rbs_motif=GGAG/GAGG;rbs_spacer=5-10bp;gc_cont=0.666,ID=145_28;partial=00;start_type=ATG;rbs_motif=GGAG/GAGG;rbs_spacer=5-10bp;gc,14.0
QIJE01000001.1_86,C,C,C,S,ID=3_86;partial=00;start_type=ATG;rbs_motif=GGAGG;rbs_spacer=5-10bp;gc_cont=0.419,ID=3_86;partial=00;start_type=ATG;rbs_motif=GGAGG;rbs_spacer=5-10bp;gc,14.0
QKJQ01000027.1_181,C,C,C,S,ID=29_181;partial=00;start_type=ATG;rbs_motif=AGGAGG;rbs_spacer=5-10bp;gc_cont=0.411,ID=29_181;partial=00;start_type=ATG;rbs_motif=AGGAGG;rbs_spacer=5-10bp;gc,14.0
DMNE01000122.1_3,C,C,C,S,ID=282_3;partial=00;start_type=ATG;rbs_motif=GGAGG;rbs_spacer=5-10bp;gc_cont=0.502,ID=282_3;partial=00;start_type=ATG;rbs_motif=GGAGG;rbs_spacer=5-10bp;gc,14.0
PJFB01000002.1_341,C,C,C,S,ID=12_341;partial=00;start_type=ATG;rbs_motif=AGGAG;rbs_spacer=5-10bp;gc_cont=0.578,ID=12_341;partial=00;start_type=ATG;rbs_motif=AGGAG;rbs_spacer=5-10bp;gc,14.0
RXJC01000028.1_2,C,C,C,A,ID=465_2;partial=00;start_type=ATG;rbs_motif=GGA/GAG/AGG;rbs_spacer=5-10bp;gc_cont=0.618,ID=465_2;partial=00;start_type=ATG;rbs_motif=GGA/GAG/AGG;rbs_spacer=5-10bp;gc,13.0
QZKZ01000234.1_9,C,C,C,S,ID=77_9;partial=00;start_type=ATG;rbs_motif=AGGA;rbs_spacer=5-10bp;gc_cont=0.624,ID=77_9;partial=00;start_type=ATG;rbs_motif=AGGA;rbs_spacer=5-10bp;gc,14.0
SKKK01000483.1_4,C,C,C,S,ID=187_4;partial=00;start_type=ATG;rbs_motif=AGGAG/GGAGG;rbs_spacer=11-12bp;gc_cont=0.599,ID=187_4;partial=00;start_type=ATG;rbs_motif=AGGAG/GGAGG;rbs_spacer=11-12bp;gc,14.0
REEE01000267.1_16,C,C,C,S,ID=138_16;partial=00;start_type=ATG;rbs_motif=GGAG/GAGG;rbs_spacer=5-10bp;gc_cont=0.567,ID=138_16;partial=00;start_type=ATG;rbs_motif=GGAG/GAGG;rbs_spacer=5-10bp;gc,14.0
WASO01000010.1_166,C,C,C,S,ID=5_166;partial=00;start_type=ATG;rbs_motif=TAA;rbs_spacer=11bp;gc_cont=0.470,ID=5_166;partial=00;start_type=ATG;rbs_motif=TAA;rbs_spacer=11bp;gc,14.0
JAABPV010000013.1_13,C,C,C,S,ID=13_13;partial=00;start_type=ATG;rbs_motif=GGAG/GAGG;rbs_spacer=5-10bp;gc_cont=0.598,ID=13_13;partial=00;start_type=ATG;rbs_motif=GGAG/GAGG;rbs_spacer=5-10bp;gc,14.0
JAAUOZ010000028.1_23,C,C,C,S,ID=111_23;partial=00;start_type=ATG;rbs_motif=GGAG/GAGG;rbs_spacer=5-10bp;gc_cont=0.511,ID=111_23;partial=00;start_type=ATG;rbs_motif=GGAG/GAGG;rbs_spacer=5-10bp;gc,14.0
JAAXXL010000026.1_1,C,C,C,S,ID=111_1;partial=10;start_type=Edge;rbs_motif=None;rbs_spacer=None;gc_cont=0.522,ID=111_1;partial=10;start_type=Edge;rbs_motif=None;rbs_spacer=None;gc,14.0
DUZS01000026.1_16,C,C,C,S,ID=26_16;partial=00;start_type=ATG;rbs_motif=AGGAG;rbs_spacer=5-10bp;gc_cont=0.539,ID=26_16;partial=00;start_type=ATG;rbs_motif=AGGAG;rbs_spacer=5-10bp;gc,14.0
PNML01000059.1_23,C,C,C,A,ID=59_23;partial=00;start_type=ATG;rbs_motif=GGAG/GAGG;rbs_spacer=5-10bp;gc_cont=0.621,ID=59_23;partial=00;start_type=ATG;rbs_motif=GGAG/GAGG;rbs_spacer=5-10bp;gc,13.0
JACZKF010000051.1_4,C,C,C,S,ID=100_4;partial=00;start_type=ATG;rbs_motif=AGGAG;rbs_spacer=5-10bp;gc_cont=0.634,ID=100_4;partial=00;start_type=ATG;rbs_motif=AGGAG;rbs_spacer=5-10bp;gc,14.0
JADGDA010000015.1_16,C,C,C,A,ID=66_16;partial=00;start_type=ATG;rbs_motif=GGAG/GAGG;rbs_spacer=5-10bp;gc_cont=0.628,ID=66_16;partial=00;start_type=ATG;rbs_motif=GGAG/GAGG;rbs_spacer=5-10bp;gc,13.0
JADFXU010000038.1_7,C,C,C,S,ID=31_7;partial=00;start_type=ATG;rbs_motif=GGAGG;rbs_spacer=5-10bp;gc_cont=0.512,ID=31_7;partial=00;start_type=ATG;rbs_motif=GGAGG;rbs_spacer=5-10bp;gc,14.0
JAATGN010000087.1_3,C,C,C,S,ID=143_3;partial=00;start_type=ATG;rbs_motif=AGGAG;rbs_spacer=5-10bp;gc_cont=0.613,ID=143_3;partial=00;start_type=ATG;rbs_motif=AGGAG;rbs_spacer=5-10bp;gc,14.0
JACPYU010000006.1_7,C,C,C,A,ID=9_7;partial=00;start_type=ATG;rbs_motif=AGGAG;rbs_spacer=5-10bp;gc_cont=0.601,ID=9_7;partial=00;start_type=ATG;rbs_motif=AGGAG;rbs_spacer=5-10bp;gc,13.0
JACRMS010000039.1_76,C,C,C,S,ID=27_76;partial=00;start_type=ATG;rbs_motif=GGAGG;rbs_spacer=5-10bp;gc_cont=0.491,ID=27_76;partial=00;start_type=ATG;rbs_motif=GGAGG;rbs_spacer=5-10bp;gc,14.0
JACRCK010000276.1_10,C,C,C,S,ID=183_10;partial=00;start_type=ATG;rbs_motif=AGGAG;rbs_spacer=5-10bp;gc_cont=0.565,ID=183_10;partial=00;start_type=ATG;rbs_motif=AGGAG;rbs_spacer=5-10bp;gc,14.0
JADQBY010000002.1_218,C,C,C,S,ID=23_218;partial=00;start_type=ATG;rbs_motif=GGAGG;rbs_spacer=5-10bp;gc_cont=0.464,ID=23_218;partial=00;start_type=ATG;rbs_motif=GGAGG;rbs_spacer=5-10bp;gc,14.0
AP024169.1_4146,C,C,C,S,ID=1_4146;partial=00;start_type=ATG;rbs_motif=AGGAGG;rbs_spacer=5-10bp;gc_cont=0.382,ID=1_4146;partial=00;start_type=ATG;rbs_motif=AGGAGG;rbs_spacer=5-10bp;gc,14.0
JADKBU010000062.1_17,C,C,C,S,ID=62_17;partial=00;start_type=ATG;rbs_motif=AGGAG;rbs_spacer=5-10bp;gc_cont=0.620,ID=62_17;partial=00;start_type=ATG;rbs_motif=AGGAG;rbs_spacer=5-10bp;gc,14.0
JAEUOZ010000063.1_3,C,C,C,A,ID=23_3;partial=00;start_type=ATG;rbs_motif=AGGAG;rbs_spacer=5-10bp;gc_cont=0.633,ID=23_3;partial=00;start_type=ATG;rbs_motif=AGGAG;rbs_spacer=5-10bp;gc,13.0
JAFFQE010000012.1_16,C,C,C,S,ID=3_16;partial=00;start_type=ATG;rbs_motif=AGGA;rbs_spacer=5-10bp;gc_cont=0.510,ID=3_16;partial=00;start_type=ATG;rbs_motif=AGGA;rbs_spacer=5-10bp;gc,14.0
JAFGXT010000019.1_8,C,C,C,S,ID=29_8;partial=00;start_type=ATG;rbs_motif=AGGA;rbs_spacer=5-10bp;gc_cont=0.508,ID=29_8;partial=00;start_type=ATG;rbs_motif=AGGA;rbs_spacer=5-10bp;gc,14.0
JAFLDI010000086.1_6,C,C,C,A,ID=499_6;partial=00;start_type=ATG;rbs_motif=AGGAG;rbs_spacer=5-10bp;gc_cont=0.642,ID=499_6;partial=00;start_type=ATG;rbs_motif=AGGAG;rbs_spacer=5-10bp;gc,13.0
JAFSVK010000041.1_12,C,C,C,G,ID=199_12;partial=00;start_type=ATG;rbs_motif=AGGAGG;rbs_spacer=5-10bp;gc_cont=0.407,ID=199_12;partial=00;start_type=ATG;rbs_motif=AGGAGG;rbs_spacer=5-10bp;gc,13.0
JAFVBU010000074.1_4,C,C,C,G,ID=171_4;partial=00;start_type=ATG;rbs_motif=AGxAGG/AGGxGG;rbs_spacer=5-10bp;gc_cont=0.496,ID=171_4;partial=00;start_type=ATG;rbs_motif=AGxAGG/AGGxGG;rbs_spacer=5-10bp;gc,13.0
JAFZPM010000026.1_49,C,C,C,G,ID=35_49;partial=00;start_type=ATG;rbs_motif=TAA;rbs_spacer=4bp;gc_cont=0.560,ID=35_49;partial=00;start_type=ATG;rbs_motif=TAA;rbs_spacer=4bp;gc,13.0
JAGCPF010000063.1_64,C,C,C,G,ID=60_64;partial=00;start_type=ATG;rbs_motif=GGAG/GAGG;rbs_spacer=5-10bp;gc_cont=0.492,ID=60_64;partial=00;start_type=ATG;rbs_motif=GGAG/GAGG;rbs_spacer=5-10bp;gc,13.0
JAGFZV010000013.1_57,C,C,C,S,ID=3_57;partial=00;start_type=ATG;rbs_motif=AGGAG;rbs_spacer=5-10bp;gc_cont=0.476,ID=3_57;partial=00;start_type=ATG;rbs_motif=AGGAG;rbs_spacer=5-10bp;gc,14.0
JAGCVK010000081.1_4,C,C,C,G,ID=51_4;partial=00;start_type=ATG;rbs_motif=AGGAG/GGAGG;rbs_spacer=11-12bp;gc_cont=0.407,ID=51_4;partial=00;start_type=ATG;rbs_motif=AGGAG/GGAGG;rbs_spacer=11-12bp;gc,13.0
JAGXSU010000059.1_4,C,C,C,S,ID=59_4;partial=00;start_type=ATG;rbs_motif=AGGAG;rbs_spacer=5-10bp;gc_cont=0.465,ID=59_4;partial=00;start_type=ATG;rbs_motif=AGGAG;rbs_spacer=5-10bp;gc,14.0
JAHJNJ010000024.1_59,C,C,C,S,ID=15_59;partial=00;start_type=ATG;rbs_motif=AGGAG;rbs_spacer=5-10bp;gc_cont=0.576,ID=15_59;partial=00;start_type=ATG;rbs_motif=AGGAG;rbs_spacer=5-10bp;gc,14.0
CP036163.1_962,C,C,C,S,ID=1_962;partial=00;start_type=ATG;rbs_motif=GGAGG;rbs_spacer=5-10bp;gc_cont=0.530,ID=1_962;partial=00;start_type=ATG;rbs_motif=GGAGG;rbs_spacer=5-10bp;gc,14.0
JAIELG010000009.1_61,C,C,C,A,ID=5_61;partial=00;start_type=ATG;rbs_motif=AGGAG;rbs_spacer=5-10bp;gc_cont=0.562,ID=5_61;partial=00;start_type=ATG;rbs_motif=AGGAG;rbs_spacer=5-10bp;gc,13.0
JAGVGH010000044.1_11,C,C,C,S,ID=308_11;partial=00;start_type=ATG;rbs_motif=GGAG/GAGG;rbs_spacer=5-10bp;gc_cont=0.598,ID=308_11;partial=00;start_type=ATG;rbs_motif=GGAG/GAGG;rbs_spacer=5-10bp;gc,14.0
DYJE01000004.1_162,C,C,C,S,ID=58_162;partial=00;start_type=ATG;rbs_motif=AGGAG;rbs_spacer=5-10bp;gc_cont=0.575,ID=58_162;partial=00;start_type=ATG;rbs_motif=AGGAG;rbs_spacer=5-10bp;gc,14.0
JAJQFY010000159.1_15,C,C,C,S,ID=188_15;partial=00;start_type=ATG;rbs_motif=AGGAG;rbs_spacer=5-10bp;gc_cont=0.569,ID=188_15;partial=00;start_type=ATG;rbs_motif=AGGAG;rbs_spacer=5-10bp;gc,14.0
JAKFXX010000002.1_18,C,C,C,A,ID=4_18;partial=00;start_type=ATG;rbs_motif=AGGA;rbs_spacer=5-10bp;gc_cont=0.550,ID=4_18;partial=00;start_type=ATG;rbs_motif=AGGA;rbs_spacer=5-10bp;gc,13.0
JAJYAX010000464.1_2,C,C,C,S,ID=468_2;partial=00;start_type=ATG;rbs_motif=GGA/GAG/AGG;rbs_spacer=5-10bp;gc_cont=0.585,ID=468_2;partial=00;start_type=ATG;rbs_motif=GGA/GAG/AGG;rbs_spacer=5-10bp;gc,14.0
JAJYHM010000058.1_32,C,C,C,A,ID=3_32;partial=00;start_type=ATG;rbs_motif=GGAG/GAGG;rbs_spacer=5-10bp;gc_cont=0.598,ID=3_32;partial=00;start_type=ATG;rbs_motif=GGAG/GAGG;rbs_spacer=5-10bp;gc,13.0
JAJYQY010000121.1_20,C,C,C,A,ID=33_20;partial=00;start_type=ATG;rbs_motif=AGGAG;rbs_spacer=5-10bp;gc_cont=0.558,ID=33_20;partial=00;start_type=ATG;rbs_motif=AGGAG;rbs_spacer=5-10bp;gc,13.0
JAJZRE010000004.1_19,C,C,C,A,ID=48_19;partial=00;start_type=ATG;rbs_motif=AGGAG;rbs_spacer=5-10bp;gc_cont=0.633,ID=48_19;partial=00;start_type=ATG;rbs_motif=AGGAG;rbs_spacer=5-10bp;gc,13.0
JAKAIB010000015.1_6,C,C,C,A,ID=163_6;partial=00;start_type=ATG;rbs_motif=AGGAG;rbs_spacer=5-10bp;gc_cont=0.644,ID=163_6;partial=00;start_type=ATG;rbs_motif=AGGAG;rbs_spacer=5-10bp;gc,13.0
JAKAGF010000096.1_11,C,C,C,S,ID=253_11;partial=00;start_type=ATG;rbs_motif=GGAGG;rbs_spacer=5-10bp;gc_cont=0.517,ID=253_11;partial=00;start_type=ATG;rbs_motif=GGAGG;rbs_spacer=5-10bp;gc,14.0
JAJZUC010000055.1_12,C,C,C,S,ID=69_12;partial=00;start_type=ATG;rbs_motif=AGGAG;rbs_spacer=5-10bp;gc_cont=0.625,ID=69_12;partial=00;start_type=ATG;rbs_motif=AGGAG;rbs_spacer=5-10bp;gc,14.0
JAKSBV010000465.1_9,C,C,C,S,ID=473_9;partial=00;start_type=ATG;rbs_motif=GGAGG;rbs_spacer=5-10bp;gc_cont=0.497,ID=473_9;partial=00;start_type=ATG;rbs_motif=GGAGG;rbs_spacer=5-10bp;gc,14.0
JAFLJU010000546.1_8,C,C,C,S,ID=287_8;partial=00;start_type=ATG;rbs_motif=AGGA/GGAG/GAGG;rbs_spacer=11-12bp;gc_cont=0.477,ID=287_8;partial=00;start_type=ATG;rbs_motif=AGGA/GGAG/GAGG;rbs_spacer=11-12bp;gc,14.0
JAKLLN010000005.1_96,C,C,C,A,ID=207_96;partial=00;start_type=ATG;rbs_motif=AGGAG;rbs_spacer=5-10bp;gc_cont=0.629,ID=207_96;partial=00;start_type=ATG;rbs_motif=AGGAG;rbs_spacer=5-10bp;gc,13.0
JAHDXO010000115.1_5,C,C,C,S,ID=115_5;partial=00;start_type=ATG;rbs_motif=AGGAG/GGAGG;rbs_spacer=11-12bp;gc_cont=0.633,ID=115_5;partial=00;start_type=ATG;rbs_motif=AGGAG/GGAGG;rbs_spacer=11-12bp;gc,14.0
JAEWRL010000147.1_47,C,C,C,S,ID=226_47;partial=00;start_type=ATG;rbs_motif=GGAGG;rbs_spacer=5-10bp;gc_cont=0.610,ID=226_47;partial=00;start_type=ATG;rbs_motif=GGAGG;rbs_spacer=5-10bp;gc,14.0
JAEYQK010000101.1_16,C,C,C,S,ID=104_16;partial=00;start_type=ATG;rbs_motif=AGGAG;rbs_spacer=5-10bp;gc_cont=0.566,ID=104_16;partial=00;start_type=ATG;rbs_motif=AGGAG;rbs_spacer=5-10bp;gc,14.0
JAEZPG010000012.1_41,C,C,C,S,ID=19_41;partial=00;start_type=ATG;rbs_motif=AGGAGG;rbs_spacer=5-10bp;gc_cont=0.417,ID=19_41;partial=00;start_type=ATG;rbs_motif=AGGAGG;rbs_spacer=5-10bp;gc,14.0
JAEZDX010000282.1_2,C,C,C,S,ID=478_2;partial=00;start_type=ATG;rbs_motif=GGA/GAG/AGG;rbs_spacer=5-10bp;gc_cont=0.383,ID=478_2;partial=00;start_type=ATG;rbs_motif=GGA/GAG/AGG;rbs_spacer=5-10bp;gc,14.0
JAEYWP010000016.1_291,C,C,C,S,ID=27_291;partial=00;start_type=ATG;rbs_motif=CCC;rbs_spacer=8bp;gc_cont=0.630,ID=27_291;partial=00;start_type=ATG;rbs_motif=CCC;rbs_spacer=8bp;gc,14.0
JAEZKC010000002.1_111,C,C,C,S,ID=115_111;partial=00;start_type=ATG;rbs_motif=AGGAG;rbs_spacer=5-10bp;gc_cont=0.501,ID=115_111;partial=00;start_type=ATG;rbs_motif=AGGAG;rbs_spacer=5-10bp;gc,14.0
JAEZQN010000393.1_1,-,C,C,S,ID=61_1;partial=10;start_type=Edge;rbs_motif=None;rbs_spacer=None;gc_cont=0.385,ID=61_1;partial=10;start_type=Edge;rbs_motif=None;rbs_spacer=None;gc,10.0
JAEWYE010000060.1_1,C,C,C,S,ID=60_1;partial=10;start_type=ATG;rbs_motif=AGGAG;rbs_spacer=5-10bp;gc_cont=0.620,ID=60_1;partial=10;start_type=ATG;rbs_motif=AGGAG;rbs_spacer=5-10bp;gc,14.0
JAMXHR010000001.1_445,C,C,C,S,ID=1_445;partial=00;start_type=ATG;rbs_motif=AGGAGG;rbs_spacer=5-10bp;gc_cont=0.503,ID=1_445;partial=00;start_type=ATG;rbs_motif=AGGAGG;rbs_spacer=5-10bp;gc,14.0
JAKSTR010000008.1_7,C,C,C,G,ID=181_7;partial=00;start_type=ATG;rbs_motif=AGGAG/GGAGG;rbs_spacer=11-12bp;gc_cont=0.444,ID=181_7;partial=00;start_type=ATG;rbs_motif=AGGAG/GGAGG;rbs_spacer=11-12bp;gc,13.0
JAIKXF010000082.1_3,C,C,C,G,ID=25_3;partial=00;start_type=ATG;rbs_motif=AGGAGG;rbs_spacer=5-10bp;gc_cont=0.466,ID=25_3;partial=00;start_type=ATG;rbs_motif=AGGAGG;rbs_spacer=5-10bp;gc,13.0
JAILRH010000069.1_16,C,C,C,G,ID=51_16;partial=00;start_type=ATG;rbs_motif=GGAG/GAGG;rbs_spacer=5-10bp;gc_cont=0.370,ID=51_16;partial=00;start_type=ATG;rbs_motif=GGAG/GAGG;rbs_spacer=5-10bp;gc,13.0
FMVK01000010.1_18,C,C,C,G,ID=23_18;partial=00;start_type=ATG;rbs_motif=GGA/GAG/AGG;rbs_spacer=5-10bp;gc_cont=0.442,ID=23_18;partial=00;start_type=ATG;rbs_motif=GGA/GAG/AGG;rbs_spacer=5-10bp;gc,13.0
OMZA01000014.1_12,C,C,C,G,ID=42_12;partial=00;start_type=ATG;rbs_motif=AGGAGG;rbs_spacer=5-10bp;gc_cont=0.391,ID=42_12;partial=00;start_type=ATG;rbs_motif=AGGAGG;rbs_spacer=5-10bp;gc,13.0
UXAT02000012.1_137,C,C,C,S,ID=12_137;partial=00;start_type=ATG;rbs_motif=GGAG/GAGG;rbs_spacer=5-10bp;gc_cont=0.611,ID=12_137;partial=00;start_type=ATG;rbs_motif=GGAG/GAGG;rbs_spacer=5-10bp;gc,14.0
CACWXL010000004.1_13,C,C,C,G,ID=4_13;partial=00;start_type=ATG;rbs_motif=AGGAGG;rbs_spacer=5-10bp;gc_cont=0.481,ID=4_13;partial=00;start_type=ATG;rbs_motif=AGGAGG;rbs_spacer=5-10bp;gc,13.0
CACYXI010000211.1_4,C,C,C,G,ID=211_4;partial=00;start_type=ATG;rbs_motif=None;rbs_spacer=None;gc_cont=0.494,ID=211_4;partial=00;start_type=ATG;rbs_motif=None;rbs_spacer=None;gc,13.0
CADACD010000009.1_37,C,C,C,G,ID=9_37;partial=00;start_type=ATG;rbs_motif=AGGAGG;rbs_spacer=5-10bp;gc_cont=0.381,ID=9_37;partial=00;start_type=ATG;rbs_motif=AGGAGG;rbs_spacer=5-10bp;gc,13.0
CADBTD010000242.1_7,C,C,C,G,ID=242_7;partial=00;start_type=ATG;rbs_motif=AGGAG;rbs_spacer=5-10bp;gc_cont=0.507,ID=242_7;partial=00;start_type=ATG;rbs_motif=AGGAG;rbs_spacer=5-10bp;gc,13.0
CADDZF010000053.1_15,C,C,C,S,ID=53_15;partial=00;start_type=GTG;rbs_motif=AGGAG;rbs_spacer=5-10bp;gc_cont=0.548,ID=53_15;partial=00;start_type=GTG;rbs_motif=AGGAG;rbs_spacer=5-10bp;gc,14.0
CAILXB010000297.1_1,C,C,C,S,ID=297_1;partial=10;start_type=Edge;rbs_motif=None;rbs_spacer=None;gc_cont=0.535,ID=297_1;partial=10;start_type=Edge;rbs_motif=None;rbs_spacer=None;gc,14.0
CAIOLC010000177.1_17,C,C,C,S,ID=177_17;partial=00;start_type=ATG;rbs_motif=None;rbs_spacer=None;gc_cont=0.531,ID=177_17;partial=00;start_type=ATG;rbs_motif=None;rbs_spacer=None;gc,14.0
CAIQXC010000936.1_7,C,C,C,S,ID=936_7;partial=00;start_type=ATG;rbs_motif=None;rbs_spacer=None;gc_cont=0.582,ID=936_7;partial=00;start_type=ATG;rbs_motif=None;rbs_spacer=None;gc,14.0
CAIUDG010000030.1_14,C,C,C,A,ID=30_14;partial=00;start_type=ATG;rbs_motif=AGGAG;rbs_spacer=5-10bp;gc_cont=0.586,ID=30_14;partial=00;start_type=ATG;rbs_motif=AGGAG;rbs_spacer=5-10bp;gc,13.0
CAIWTY010000013.1_28,C,C,C,A,ID=13_28;partial=00;start_type=ATG;rbs_motif=AGxAGG/AGGxGG;rbs_spacer=5-10bp;gc_cont=0.590,ID=13_28;partial=00;start_type=ATG;rbs_motif=AGxAGG/AGGxGG;rbs_spacer=5-10bp;gc,13.0
CAIYUY010000173.1_42,C,C,C,S,ID=173_42;partial=00;start_type=ATG;rbs_motif=AGGAG;rbs_spacer=5-10bp;gc_cont=0.596,ID=173_42;partial=00;start_type=ATG;rbs_motif=AGGAG;rbs_spacer=5-10bp;gc,14.0
CAJBLH010000269.1_5,C,C,C,S,ID=269_5;partial=00;start_type=ATG;rbs_motif=GGAG/GAGG;rbs_spacer=5-10bp;gc_cont=0.522,ID=269_5;partial=00;start_type=ATG;rbs_motif=GGAG/GAGG;rbs_spacer=5-10bp;gc,14.0
CAJOPE010000159.1_9,C,C,C,G,ID=159_9;partial=00;start_type=ATG;rbs_motif=TAGAA;rbs_spacer=3bp;gc_cont=0.443,ID=159_9;partial=00;start_type=ATG;rbs_motif=TAGAA;rbs_spacer=3bp;gc,13.0
CAKMJS010000111.1_45,C,C,C,S,ID=111_45;partial=00;start_type=ATG;rbs_motif=AGGA;rbs_spacer=5-10bp;gc_cont=0.450,ID=111_45;partial=00;start_type=ATG;rbs_motif=AGGA;rbs_spacer=5-10bp;gc,14.0
NC_009937.1_1059,C,C,C,A,ID=1_1059;partial=00;start_type=ATG;rbs_motif=AGGA;rbs_spacer=5-10bp;gc_cont=0.633,ID=1_1059;partial=00;start_type=ATG;rbs_motif=AGGA;rbs_spacer=5-10bp;gc,13.0
NC_009483.1_1217,C,C,C,S,ID=1_1217;partial=00;start_type=ATG;rbs_motif=AGGAG;rbs_spacer=5-10bp;gc_cont=0.581,ID=1_1217;partial=00;start_type=ATG;rbs_motif=AGGAG;rbs_spacer=5-10bp;gc,14.0
NC_014034.1_566,C,C,C,A,ID=1_566;partial=00;start_type=ATG;rbs_motif=AGGA;rbs_spacer=5-10bp;gc_cont=0.616,ID=1_566;partial=00;start_type=ATG;rbs_motif=AGGA;rbs_spacer=5-10bp;gc,13.0
NC_017448.1_1466,C,C,C,G,ID=1_1466;partial=00;start_type=ATG;rbs_motif=AGGAG;rbs_spacer=5-10bp;gc_cont=0.499,ID=1_1466;partial=00;start_type=ATG;rbs_motif=AGGAG;rbs_spacer=5-10bp;gc,13.0
NZ_CM001368.1_471,C,C,C,S,ID=1_471;partial=00;start_type=ATG;rbs_motif=AGGA;rbs_spacer=5-10bp;gc_cont=0.634,ID=1_471;partial=00;start_type=ATG;rbs_motif=AGGA;rbs_spacer=5-10bp;gc,14.0
NC_015572.1_1473,C,C,C,S,ID=1_1473;partial=00;start_type=ATG;rbs_motif=AGGAG;rbs_spacer=5-10bp;gc_cont=0.497,ID=1_1473;partial=00;start_type=ATG;rbs_motif=AGGAG;rbs_spacer=5-10bp;gc,14.0
NZ_CM001441.1_4627,C,C,C,S,ID=1_4627;partial=00;start_type=ATG;rbs_motif=AGGA;rbs_spacer=5-10bp;gc_cont=0.471,ID=1_4627;partial=00;start_type=ATG;rbs_motif=AGGA;rbs_spacer=5-10bp;gc,14.0
NC_017075.1_4176,C,C,C,A,ID=1_4176;partial=00;start_type=ATG;rbs_motif=AGGAG;rbs_spacer=5-10bp;gc_cont=0.656,ID=1_4176;partial=00;start_type=ATG;rbs_motif=AGGAG;rbs_spacer=5-10bp;gc,13.0
NZ_KB217478.1_1898,C,C,C,S,ID=7_1898;partial=00;start_type=ATG;rbs_motif=GGA/GAG/AGG;rbs_spacer=5-10bp;gc_cont=0.440,ID=7_1898;partial=00;start_type=ATG;rbs_motif=GGA/GAG/AGG;rbs_spacer=5-10bp;gc,14.0
NZ_CM001841.1_3554,C,C,C,S,ID=1_3554;partial=00;start_type=ATG;rbs_motif=GGAGG;rbs_spacer=5-10bp;gc_cont=0.600,ID=1_3554;partial=00;start_type=ATG;rbs_motif=GGAGG;rbs_spacer=5-10bp;gc,14.0
NZ_ARWA01000001.1_1499,C,C,C,A,ID=1_1499;partial=00;start_type=ATG;rbs_motif=AGGA;rbs_spacer=5-10bp;gc_cont=0.586,ID=1_1499;partial=00;start_type=ATG;rbs_motif=AGGA;rbs_spacer=5-10bp;gc,13.0
NZ_AUJO01000002.1_211,C,C,C,G,ID=2_211;partial=00;start_type=ATG;rbs_motif=GGAGG;rbs_spacer=5-10bp;gc_cont=0.430,ID=2_211;partial=00;start_type=ATG;rbs_motif=GGAGG;rbs_spacer=5-10bp;gc,13.0
NZ_AUAR01000008.1_93,C,C,C,S,ID=8_93;partial=00;start_type=ATG;rbs_motif=GGAG/GAGG;rbs_spacer=5-10bp;gc_cont=0.652,ID=8_93;partial=00;start_type=ATG;rbs_motif=GGAG/GAGG;rbs_spacer=5-10bp;gc,14.0
NZ_AXAC01000027.1_15,C,C,C,S,ID=17_15;partial=00;start_type=ATG;rbs_motif=AGGAGG;rbs_spacer=5-10bp;gc_cont=0.433,ID=17_15;partial=00;start_type=ATG;rbs_motif=AGGAGG;rbs_spacer=5-10bp;gc,14.0
NZ_KI911559.1_3509,C,C,C,S,ID=1_3509;partial=00;start_type=ATG;rbs_motif=GGAGG;rbs_spacer=5-10bp;gc_cont=0.659,ID=1_3509;partial=00;start_type=ATG;rbs_motif=GGAGG;rbs_spacer=5-10bp;gc,14.0
NZ_CBYL010000024.1_28,C,C,C,G,ID=24_28;partial=00;start_type=ATG;rbs_motif=AGxAGG/AGGxGG;rbs_spacer=5-10bp;gc_cont=0.582,ID=24_28;partial=00;start_type=ATG;rbs_motif=AGxAGG/AGGxGG;rbs_spacer=5-10bp;gc,13.0
NZ_JIAC01000001.1_1168,C,C,C,G,ID=1_1168;partial=00;start_type=ATG;rbs_motif=AGGAGG;rbs_spacer=5-10bp;gc_cont=0.520,ID=1_1168;partial=00;start_type=ATG;rbs_motif=AGGAGG;rbs_spacer=5-10bp;gc,13.0
NZ_JQKJ01000010.1_16,C,C,C,S,ID=9_16;partial=00;start_type=ATG;rbs_motif=GGAG/GAGG;rbs_spacer=5-10bp;gc_cont=0.549,ID=9_16;partial=00;start_type=ATG;rbs_motif=GGAG/GAGG;rbs_spacer=5-10bp;gc,14.0
NZ_JXSL01000020.1_427,C,C,C,S,ID=22_427;partial=00;start_type=ATG;rbs_motif=AGGAG;rbs_spacer=5-10bp;gc_cont=0.617,ID=22_427;partial=00;start_type=ATG;rbs_motif=AGGAG;rbs_spacer=5-10bp;gc,14.0
NZ_CP009517.1_2902,C,C,C,S,ID=1_2902;partial=00;start_type=ATG;rbs_motif=GGA/GAG/AGG;rbs_spacer=5-10bp;gc_cont=0.470,ID=1_2902;partial=00;start_type=ATG;rbs_motif=GGA/GAG/AGG;rbs_spacer=5-10bp;gc,14.0
NZ_CP010802.1_2530,C,C,C,S,ID=1_2530;partial=00;start_type=ATG;rbs_motif=AGGAG;rbs_spacer=5-10bp;gc_cont=0.604,ID=1_2530;partial=00;start_type=ATG;rbs_motif=AGGAG;rbs_spacer=5-10bp;gc,14.0
NZ_LNCI01000005.1_271,C,C,C,A,ID=37_271;partial=00;start_type=ATG;rbs_motif=AGGA;rbs_spacer=5-10bp;gc_cont=0.600,ID=37_271;partial=00;start_type=ATG;rbs_motif=AGGA;rbs_spacer=5-10bp;gc,13.0
NZ_LITT01000023.1_286,C,C,C,S,ID=12_286;partial=00;start_type=ATG;rbs_motif=AGGAGG;rbs_spacer=5-10bp;gc_cont=0.361,ID=12_286;partial=00;start_type=ATG;rbs_motif=AGGAGG;rbs_spacer=5-10bp;gc,14.0
NZ_CP015322.1_412,C,C,C,A,ID=5_412;partial=00;start_type=ATG;rbs_motif=GGAG/GAGG;rbs_spacer=5-10bp;gc_cont=0.610,ID=5_412;partial=00;start_type=ATG;rbs_motif=GGAG/GAGG;rbs_spacer=5-10bp;gc,13.0
NZ_CP017305.1_615,C,C,C,S,ID=1_615;partial=00;start_type=ATG;rbs_motif=None;rbs_spacer=None;gc_cont=0.612,ID=1_615;partial=00;start_type=ATG;rbs_motif=None;rbs_spacer=None;gc,14.0
NZ_MLBF01000024.1_40,C,C,C,S,ID=24_40;partial=00;start_type=ATG;rbs_motif=AGGA;rbs_spacer=5-10bp;gc_cont=0.461,ID=24_40;partial=00;start_type=ATG;rbs_motif=AGGA;rbs_spacer=5-10bp;gc,14.0
NZ_MLJI01000002.1_277,C,C,C,S,ID=2_277;partial=00;start_type=ATG;rbs_motif=GGAGG;rbs_spacer=5-10bp;gc_cont=0.553,ID=2_277;partial=00;start_type=ATG;rbs_motif=GGAGG;rbs_spacer=5-10bp;gc,14.0
NZ_CP022991.1_620,C,C,C,A,ID=3_620;partial=00;start_type=ATG;rbs_motif=AGGAG;rbs_spacer=5-10bp;gc_cont=0.612,ID=3_620;partial=00;start_type=ATG;rbs_motif=AGGAG;rbs_spacer=5-10bp;gc,13.0
NZ_AP018248.1_1947,C,C,C,S,ID=1_1947;partial=00;start_type=ATG;rbs_motif=GGAG/GAGG;rbs_spacer=5-10bp;gc_cont=0.458,ID=1_1947;partial=00;start_type=ATG;rbs_motif=GGAG/GAGG;rbs_spacer=5-10bp;gc,14.0
NZ_PISE01000044.1_45,C,C,C,S,ID=45_45;partial=00;start_type=ATG;rbs_motif=AGGAGG;rbs_spacer=5-10bp;gc_cont=0.361,ID=45_45;partial=00;start_type=ATG;rbs_motif=AGGAGG;rbs_spacer=5-10bp;gc,14.0
NZ_CP024313.1_199,C,C,C,A,ID=3_199;partial=00;start_type=ATG;rbs_motif=GGA/GAG/AGG;rbs_spacer=5-10bp;gc_cont=0.578,ID=3_199;partial=00;start_type=ATG;rbs_motif=GGA/GAG/AGG;rbs_spacer=5-10bp;gc,13.0
NZ_QEOL01000030.1_73,C,C,C,A,ID=30_73;partial=00;start_type=ATG;rbs_motif=AGGAG;rbs_spacer=5-10bp;gc_cont=0.588,ID=30_73;partial=00;start_type=ATG;rbs_motif=AGGAG;rbs_spacer=5-10bp;gc,13.0
NZ_QJTI01000004.1_172,C,C,C,A,ID=4_172;partial=00;start_type=ATG;rbs_motif=GGA/GAG/AGG;rbs_spacer=11-12bp;gc_cont=0.617,ID=4_172;partial=00;start_type=ATG;rbs_motif=GGA/GAG/AGG;rbs_spacer=11-12bp;gc,13.0
NZ_PPTR01000007.1_158,C,C,C,S,ID=30_158;partial=00;start_type=ATG;rbs_motif=GGAGG;rbs_spacer=5-10bp;gc_cont=0.678,ID=30_158;partial=00;start_type=ATG;rbs_motif=GGAGG;rbs_spacer=5-10bp;gc,14.0
NZ_CP032696.1_242,C,C,C,A,ID=3_242;partial=00;start_type=ATG;rbs_motif=GGA/GAG/AGG;rbs_spacer=5-10bp;gc_cont=0.593,ID=3_242;partial=00;start_type=ATG;rbs_motif=GGA/GAG/AGG;rbs_spacer=5-10bp;gc,13.0
NZ_CP034448.1_1303,C,C,C,A,ID=1_1303;partial=00;start_type=ATG;rbs_motif=GGAG/GAGG;rbs_spacer=5-10bp;gc_cont=0.589,ID=1_1303;partial=00;start_type=ATG;rbs_motif=GGAG/GAGG;rbs_spacer=5-10bp;gc,13.0
NZ_CP025746.1_3931,C,C,C,S,ID=1_3931;partial=00;start_type=ATG;rbs_motif=AGGAGG;rbs_spacer=5-10bp;gc_cont=0.363,ID=1_3931;partial=00;start_type=ATG;rbs_motif=AGGAGG;rbs_spacer=5-10bp;gc,14.0
NZ_RXIU01000020.1_3,C,C,C,S,ID=113_3;partial=00;start_type=ATG;rbs_motif=AGGAG;rbs_spacer=5-10bp;gc_cont=0.528,ID=113_3;partial=00;start_type=ATG;rbs_motif=AGGAG;rbs_spacer=5-10bp;gc,14.0
NZ_SLXU01000004.1_158,C,C,C,A,ID=4_158;partial=00;start_type=ATG;rbs_motif=AGGA;rbs_spacer=5-10bp;gc_cont=0.627,ID=4_158;partial=00;start_type=ATG;rbs_motif=AGGA;rbs_spacer=5-10bp;gc,13.0
NZ_SRUU01000042.1_14,C,C,C,A,ID=189_14;partial=00;start_type=ATG;rbs_motif=GGAG/GAGG;rbs_spacer=5-10bp;gc_cont=0.589,ID=189_14;partial=00;start_type=ATG;rbs_motif=GGAG/GAGG;rbs_spacer=5-10bp;gc,13.0
NZ_CP054024.1_148,C,C,C,A,ID=4_148;partial=00;start_type=ATG;rbs_motif=GGAG/GAGG;rbs_spacer=5-10bp;gc_cont=0.542,ID=4_148;partial=00;start_type=ATG;rbs_motif=GGAG/GAGG;rbs_spacer=5-10bp;gc,13.0
NZ_CP041656.1_5038,C,C,C,A,ID=1_5038;partial=00;start_type=ATG;rbs_motif=AGGA;rbs_spacer=5-10bp;gc_cont=0.612,ID=1_5038;partial=00;start_type=ATG;rbs_motif=AGGA;rbs_spacer=5-10bp;gc,13.0
NZ_VSDO01000001.1_596,C,C,C,S,ID=1_596;partial=00;start_type=ATG;rbs_motif=AGxAGG/AGGxGG;rbs_spacer=5-10bp;gc_cont=0.555,ID=1_596;partial=00;start_type=ATG;rbs_motif=AGxAGG/AGGxGG;rbs_spacer=5-10bp;gc,14.0
NZ_WAIE01000001.1_517,C,C,C,S,ID=1_517;partial=00;start_type=ATG;rbs_motif=AGGA;rbs_spacer=5-10bp;gc_cont=0.611,ID=1_517;partial=00;start_type=ATG;rbs_motif=AGGA;rbs_spacer=5-10bp;gc,14.0
NZ_WJFC01000028.1_22,C,C,C,S,ID=28_22;partial=00;start_type=ATG;rbs_motif=GGAG/GAGG;rbs_spacer=5-10bp;gc_cont=0.446,ID=28_22;partial=00;start_type=ATG;rbs_motif=GGAG/GAGG;rbs_spacer=5-10bp;gc,14.0
NZ_CP048000.1_2805,C,C,C,S,ID=1_2805;partial=00;start_type=ATG;rbs_motif=AGGAGG;rbs_spacer=5-10bp;gc_cont=0.421,ID=1_2805;partial=00;start_type=ATG;rbs_motif=AGGAGG;rbs_spacer=5-10bp;gc,14.0
NZ_CP096255.1_9068,C,C,C,A,ID=1_9068;partial=00;start_type=ATG;rbs_motif=AGGA;rbs_spacer=5-10bp;gc_cont=0.569,ID=1_9068;partial=00;start_type=ATG;rbs_motif=AGGA;rbs_spacer=5-10bp;gc,13.0
NZ_JABBGA010000006.1_84,C,C,C,A,ID=56_84;partial=00;start_type=ATG;rbs_motif=AGGAG;rbs_spacer=5-10bp;gc_cont=0.628,ID=56_84;partial=00;start_type=ATG;rbs_motif=AGGAG;rbs_spacer=5-10bp;gc,13.0
NZ_WHOS01000016.1_112,C,C,C,A,ID=63_112;partial=00;start_type=ATG;rbs_motif=AGGAG;rbs_spacer=5-10bp;gc_cont=0.629,ID=63_112;partial=00;start_type=ATG;rbs_motif=AGGAG;rbs_spacer=5-10bp;gc,13.0
NZ_BLXX01000006.1_53,C,C,C,S,ID=6_53;partial=00;start_type=ATG;rbs_motif=AGGAG;rbs_spacer=5-10bp;gc_cont=0.617,ID=6_53;partial=00;start_type=ATG;rbs_motif=AGGAG;rbs_spacer=5-10bp;gc,14.0
NZ_JACHVA010000022.1_29,C,C,C,S,ID=24_29;partial=00;start_type=ATG;rbs_motif=None;rbs_spacer=None;gc_cont=0.579,ID=24_29;partial=00;start_type=ATG;rbs_motif=None;rbs_spacer=None;gc,14.0
NZ_JACJSB010000004.1_61,C,C,C,S,ID=34_61;partial=00;start_type=ATG;rbs_motif=AGGAG;rbs_spacer=5-10bp;gc_cont=0.425,ID=34_61;partial=00;start_type=ATG;rbs_motif=AGGAG;rbs_spacer=5-10bp;gc,14.0
NZ_CP030056.1_546,C,C,C,A,ID=2_546;partial=00;start_type=ATG;rbs_motif=GGA/GAG/AGG;rbs_spacer=5-10bp;gc_cont=0.559,ID=2_546;partial=00;start_type=ATG;rbs_motif=GGA/GAG/AGG;rbs_spacer=5-10bp;gc,13.0
NZ_JABWGZ010000012.1_14,C,C,C,A,ID=3_14;partial=00;start_type=ATG;rbs_motif=AGGAG;rbs_spacer=5-10bp;gc_cont=0.583,ID=3_14;partial=00;start_type=ATG;rbs_motif=AGGAG;rbs_spacer=5-10bp;gc,13.0
NZ_NHSO01000042.1_14,C,C,C,S,ID=42_14;partial=00;start_type=ATG;rbs_motif=GGAG/GAGG;rbs_spacer=5-10bp;gc_cont=0.566,ID=42_14;partial=00;start_type=ATG;rbs_motif=GGAG/GAGG;rbs_spacer=5-10bp;gc,14.0
NZ_CP070492.1_22,C,C,C,A,ID=2_22;partial=00;start_type=ATG;rbs_motif=GGAG/GAGG;rbs_spacer=5-10bp;gc_cont=0.603,ID=2_22;partial=00;start_type=ATG;rbs_motif=GGAG/GAGG;rbs_spacer=5-10bp;gc,13.0
NZ_JAGGLT010000020.1_44,C,C,C,S,ID=20_44;partial=00;start_type=GTG;rbs_motif=GGAG/GAGG;rbs_spacer=5-10bp;gc_cont=0.396,ID=20_44;partial=00;start_type=GTG;rbs_motif=GGAG/GAGG;rbs_spacer=5-10bp;gc,14.0
NZ_CP073653.1_1988,C,C,C,S,ID=1_1988;partial=00;start_type=ATG;rbs_motif=GGAGG;rbs_spacer=5-10bp;gc_cont=0.333,ID=1_1988;partial=00;start_type=ATG;rbs_motif=GGAGG;rbs_spacer=5-10bp;gc,14.0
NZ_JABBDR010000167.1_41,C,C,C,A,ID=76_41;partial=00;start_type=ATG;rbs_motif=GGAG/GAGG;rbs_spacer=5-10bp;gc_cont=0.535,ID=76_41;partial=00;start_type=ATG;rbs_motif=GGAG/GAGG;rbs_spacer=5-10bp;gc,13.0
NZ_JAIEZO010000002.1_35,C,C,C,S,ID=22_35;partial=00;start_type=ATG;rbs_motif=None;rbs_spacer=None;gc_cont=0.642,ID=22_35;partial=00;start_type=ATG;rbs_motif=None;rbs_spacer=None;gc,14.0
NZ_JAGKJK010000007.1_272,C,C,C,A,ID=57_272;partial=00;start_type=ATG;rbs_motif=AGGA;rbs_spacer=5-10bp;gc_cont=0.574,ID=57_272;partial=00;start_type=ATG;rbs_motif=AGGA;rbs_spacer=5-10bp;gc,13.0
NZ_JAINWA010000003.1_651,C,C,C,S,ID=2_651;partial=00;start_type=ATG;rbs_motif=AGGAG;rbs_spacer=5-10bp;gc_cont=0.566,ID=2_651;partial=00;start_type=ATG;rbs_motif=AGGAG;rbs_spacer=5-10bp;gc,14.0
NZ_CP063400.1_1532,C,C,C,A,ID=1_1532;partial=00;start_type=ATG;rbs_motif=GGAG/GAGG;rbs_spacer=5-10bp;gc_cont=0.617,ID=1_1532;partial=00;start_type=ATG;rbs_motif=GGAG/GAGG;rbs_spacer=5-10bp;gc,13.0
NZ_CP076024.1_3287,C,C,C,S,ID=1_3287;partial=00;start_type=ATG;rbs_motif=AGGAG;rbs_spacer=5-10bp;gc_cont=0.447,ID=1_3287;partial=00;start_type=ATG;rbs_motif=AGGAG;rbs_spacer=5-10bp;gc,14.0
NZ_CP082164.1_938,C,C,C,A,ID=1_938;partial=00;start_type=ATG;rbs_motif=GGA/GAG/AGG;rbs_spacer=5-10bp;gc_cont=0.573,ID=1_938;partial=00;start_type=ATG;rbs_motif=GGA/GAG/AGG;rbs_spacer=5-10bp;gc,13.0
NZ_JAKUKE010000001.1_396,C,C,C,S,ID=1_396;partial=00;start_type=ATG;rbs_motif=AGGAG;rbs_spacer=5-10bp;gc_cont=0.598,ID=1_396;partial=00;start_type=ATG;rbs_motif=AGGAG;rbs_spacer=5-10bp;gc,14.0
NZ_CP080523.1_645,C,C,C,A,ID=2_645;partial=00;start_type=ATG;rbs_motif=GGAG/GAGG;rbs_spacer=5-10bp;gc_cont=0.606,ID=2_645;partial=00;start_type=ATG;rbs_motif=GGAG/GAGG;rbs_spacer=5-10bp;gc,13.0
NZ_FNCP01000001.1_337,C,C,C,S,ID=48_337;partial=00;start_type=ATG;rbs_motif=AGGA;rbs_spacer=5-10bp;gc_cont=0.473,ID=48_337;partial=00;start_type=ATG;rbs_motif=AGGA;rbs_spacer=5-10bp;gc,14.0
NZ_FNQN01000010.1_112,C,C,C,S,ID=8_112;partial=00;start_type=ATG;rbs_motif=GGAG/GAGG;rbs_spacer=5-10bp;gc_cont=0.485,ID=8_112;partial=00;start_type=ATG;rbs_motif=GGAG/GAGG;rbs_spacer=5-10bp;gc,14.0
NZ_FOOR01000026.1_22,C,C,C,A,ID=34_22;partial=00;start_type=ATG;rbs_motif=GGAGG;rbs_spacer=5-10bp;gc_cont=0.605,ID=34_22;partial=00;start_type=ATG;rbs_motif=GGAGG;rbs_spacer=5-10bp;gc,13.0
NZ_FQVB01000048.1_10,C,C,C,S,ID=52_10;partial=00;start_type=ATG;rbs_motif=AGGAG;rbs_spacer=5-10bp;gc_cont=0.667,ID=52_10;partial=00;start_type=ATG;rbs_motif=AGGAG;rbs_spacer=5-10bp;gc,14.0
NZ_FRFD01000010.1_265,C,C,C,S,ID=3_265;partial=00;start_type=ATG;rbs_motif=GGAGG;rbs_spacer=5-10bp;gc_cont=0.443,ID=3_265;partial=00;start_type=ATG;rbs_motif=GGAGG;rbs_spacer=5-10bp;gc,14.0
NZ_FXBA01000008.1_75,C,C,C,G,ID=16_75;partial=00;start_type=ATG;rbs_motif=GGA/GAG/AGG;rbs_spacer=5-10bp;gc_cont=0.482,ID=16_75;partial=00;start_type=ATG;rbs_motif=GGA/GAG/AGG;rbs_spacer=5-10bp;gc,13.0
NZ_UFQQ01000008.1_217,C,C,C,A,ID=39_217;partial=00;start_type=ATG;rbs_motif=GGA/GAG/AGG;rbs_spacer=11-12bp;gc_cont=0.621,ID=39_217;partial=00;start_type=ATG;rbs_motif=GGA/GAG/AGG;rbs_spacer=11-12bp;gc,13.0
NZ_LR746525.1_46,C,C,C,S,ID=5_46;partial=00;start_type=ATG;rbs_motif=AGGAG;rbs_spacer=5-10bp;gc_cont=0.648,ID=5_46;partial=00;start_type=ATG;rbs_motif=AGGAG;rbs_spacer=5-10bp;gc,14.0
DBTL01000134.1_17,C,C,C,S,ID=73_17;partial=00;start_type=ATG;rbs_motif=TAAAAA;rbs_spacer=8bp;gc_cont=0.409,ID=73_17;partial=00;start_type=ATG;rbs_motif=TAAAAA;rbs_spacer=8bp;gc,14.0
JAATEU010000056.1_5,C,C,C,S,ID=582_5;partial=00;start_type=ATG;rbs_motif=GGAG/GAGG;rbs_spacer=5-10bp;gc_cont=0.459,ID=582_5;partial=00;start_type=ATG;rbs_motif=GGAG/GAGG;rbs_spacer=5-10bp;gc,14.0
JAEXFN010000018.1_379,C,C,C,S,ID=32_379;partial=00;start_type=ATG;rbs_motif=AGGA;rbs_spacer=5-10bp;gc_cont=0.618,ID=32_379;partial=00;start_type=ATG;rbs_motif=AGGA;rbs_spacer=5-10bp;gc,14.0
JAEZQV010000215.1_20,C,C,C,S,ID=234_20;partial=00;start_type=ATG;rbs_motif=AGGAG;rbs_spacer=5-10bp;gc_cont=0.548,ID=234_20;partial=00;start_type=ATG;rbs_motif=AGGAG;rbs_spacer=5-10bp;gc,14.0
NC_016894.1_703,C,C,C,S,ID=1_703;partial=00;start_type=ATG;rbs_motif=AGGAG;rbs_spacer=5-10bp;gc_cont=0.459,ID=1_703;partial=00;start_type=ATG;rbs_motif=AGGAG;rbs_spacer=5-10bp;gc,14.0
NZ_JSEH01000007.1_160,C,C,C,S,ID=7_160;partial=00;start_type=ATG;rbs_motif=GGAG/GAGG;rbs_spacer=5-10bp;gc_cont=0.591,ID=7_160;partial=00;start_type=ATG;rbs_motif=GGAG/GAGG;rbs_spacer=5-10bp;gc,14.0
NZ_KZ819024.1_93,C,C,C,S,ID=3_93;partial=00;start_type=ATG;rbs_motif=GGAG/GAGG;rbs_spacer=5-10bp;gc_cont=0.520,ID=3_93;partial=00;start_type=ATG;rbs_motif=GGAG/GAGG;rbs_spacer=5-10bp;gc,14.0
NZ_WXEX01000005.1_218,C,C,C,S,ID=45_218;partial=00;start_type=ATG;rbs_motif=AGGA;rbs_spacer=5-10bp;gc_cont=0.541,ID=45_218;partial=00;start_type=ATG;rbs_motif=AGGA;rbs_spacer=5-10bp;gc,14.0
NZ_JAJDOO010000010.1_125,C,C,C,S,ID=4_125;partial=00;start_type=ATG;rbs_motif=GGA/GAG/AGG;rbs_spacer=5-10bp;gc_cont=0.497,ID=4_125;partial=00;start_type=ATG;rbs_motif=GGA/GAG/AGG;rbs_spacer=5-10bp;gc,14.0
NZ_SMAO01000001.1_333,C,C,C,S,ID=1_333;partial=00;start_type=ATG;rbs_motif=GGA/GAG/AGG;rbs_spacer=5-10bp;gc_cont=0.626,ID=1_333;partial=00;start_type=ATG;rbs_motif=GGA/GAG/AGG;rbs_spacer=5-10bp;gc,14.0
JAJOIL010000007.1_12,C,C,C,S,ID=12_12;partial=00;start_type=ATG;rbs_motif=AGGAG;rbs_spacer=5-10bp;gc_cont=0.504,ID=12_12;partial=00;start_type=ATG;rbs_motif=AGGAG;rbs_spacer=5-10bp;gc,14.0
PLTC01000098.1_7,C,C,C,S,ID=297_7;partial=00;start_type=ATG;rbs_motif=GGAG/GAGG;rbs_spacer=5-10bp;gc_cont=0.618,ID=297_7;partial=00;start_type=ATG;rbs_motif=GGAG/GAGG;rbs_spacer=5-10bp;gc,14.0
NZ_CP047242.1_5206,C,C,C,S,ID=1_5206;partial=00;start_type=ATG;rbs_motif=GGAGG;rbs_spacer=5-10bp;gc_cont=0.447,ID=1_5206;partial=00;start_type=ATG;rbs_motif=GGAGG;rbs_spacer=5-10bp;gc,14.0
NZ_AONC01000021.1_85,C,C,C,S,ID=21_85;partial=00;start_type=ATG;rbs_motif=GGAG/GAGG;rbs_spacer=5-10bp;gc_cont=0.638,ID=21_85;partial=00;start_type=ATG;rbs_motif=GGAG/GAGG;rbs_spacer=5-10bp;gc,14.0
CP003083.1_1276,C,C,C,S,ID=1_1276;partial=00;start_type=ATG;rbs_motif=AGGAG;rbs_spacer=5-10bp;gc_cont=0.521,ID=1_1276;partial=00;start_type=ATG;rbs_motif=AGGAG;rbs_spacer=5-10bp;gc,14.0
JROS01000008.1_49,C,C,C,S,ID=42_49;partial=00;start_type=TTG;rbs_motif=GGAG/GAGG;rbs_spacer=5-10bp;gc_cont=0.637,ID=42_49;partial=00;start_type=TTG;rbs_motif=GGAG/GAGG;rbs_spacer=5-10bp;gc,14.0
BBDR01000004.1_123,C,C,C,G,ID=4_123;partial=00;start_type=ATG;rbs_motif=AGGAGG;rbs_spacer=5-10bp;gc_cont=0.488,ID=4_123;partial=00;start_type=ATG;rbs_motif=AGGAGG;rbs_spacer=5-10bp;gc,13.0
LUUF01000077.1_8,C,C,C,S,ID=71_8;partial=00;start_type=ATG;rbs_motif=AGGAG;rbs_spacer=5-10bp;gc_cont=0.490,ID=71_8;partial=00;start_type=ATG;rbs_motif=AGGAG;rbs_spacer=5-10bp;gc,14.0
MGWR01000014.1_2,C,C,C,S,ID=14_2;partial=00;start_type=ATG;rbs_motif=AGGAG;rbs_spacer=5-10bp;gc_cont=0.576,ID=14_2;partial=00;start_type=ATG;rbs_motif=AGGAG;rbs_spacer=5-10bp;gc,14.0
MKRS01000824.1_3,C,C,C,S,ID=824_3;partial=00;start_type=ATG;rbs_motif=TAAA;rbs_spacer=11bp;gc_cont=0.521,ID=824_3;partial=00;start_type=ATG;rbs_motif=TAAA;rbs_spacer=11bp;gc,14.0
NCGJ01000007.1_68,C,C,C,S,ID=19_68;partial=00;start_type=ATG;rbs_motif=AGGAG;rbs_spacer=5-10bp;gc_cont=0.598,ID=19_68;partial=00;start_type=ATG;rbs_motif=AGGAG;rbs_spacer=5-10bp;gc,14.0
DBWR01000008.1_34,C,C,C,G,ID=35_34;partial=00;start_type=ATG;rbs_motif=AGGAG;rbs_spacer=5-10bp;gc_cont=0.461,ID=35_34;partial=00;start_type=ATG;rbs_motif=AGGAG;rbs_spacer=5-10bp;gc,13.0
DEFA01000017.1_36,C,C,C,G,ID=14_36;partial=00;start_type=ATG;rbs_motif=AGGAG;rbs_spacer=5-10bp;gc_cont=0.450,ID=14_36;partial=00;start_type=ATG;rbs_motif=AGGAG;rbs_spacer=5-10bp;gc,13.0
DGHQ01000005.1_29,C,C,C,G,ID=13_29;partial=00;start_type=ATG;rbs_motif=AAA;rbs_spacer=3bp;gc_cont=0.461,ID=13_29;partial=00;start_type=ATG;rbs_motif=AAA;rbs_spacer=3bp;gc,13.0
DHYP01000031.1_12,C,C,C,A,ID=31_12;partial=00;start_type=ATG;rbs_motif=AGGA;rbs_spacer=5-10bp;gc_cont=0.434,ID=31_12;partial=00;start_type=ATG;rbs_motif=AGGA;rbs_spacer=5-10bp;gc,13.0
DIYN01000019.1_89,C,C,C,S,ID=8_89;partial=00;start_type=ATG;rbs_motif=GGA/GAG/AGG;rbs_spacer=5-10bp;gc_cont=0.588,ID=8_89;partial=00;start_type=ATG;rbs_motif=GGA/GAG/AGG;rbs_spacer=5-10bp;gc,14.0
DAQG01000117.1_11,C,C,C,S,ID=52_11;partial=00;start_type=ATG;rbs_motif=GGAG/GAGG;rbs_spacer=5-10bp;gc_cont=0.589,ID=52_11;partial=00;start_type=ATG;rbs_motif=GGAG/GAGG;rbs_spacer=5-10bp;gc,14.0
PEAN01000058.1_26,C,C,C,S,ID=49_26;partial=00;start_type=ATG;rbs_motif=GGA/GAG/AGG;rbs_spacer=5-10bp;gc_cont=0.557,ID=49_26;partial=00;start_type=ATG;rbs_motif=GGA/GAG/AGG;rbs_spacer=5-10bp;gc,14.0
PHSQ01000003.1_276,C,C,C,A,ID=1_276;partial=00;start_type=ATG;rbs_motif=GGA/GAG/AGG;rbs_spacer=5-10bp;gc_cont=0.571,ID=1_276;partial=00;start_type=ATG;rbs_motif=GGA/GAG/AGG;rbs_spacer=5-10bp;gc,13.0
BDTI01000123.1_9,C,C,C,S,ID=123_9;partial=00;start_type=ATG;rbs_motif=GGAGG;rbs_spacer=5-10bp;gc_cont=0.521,ID=123_9;partial=00;start_type=ATG;rbs_motif=GGAGG;rbs_spacer=5-10bp;gc,14.0
PLYK01000104.1_13,C,C,C,S,ID=14_13;partial=00;start_type=ATG;rbs_motif=AGGAG;rbs_spacer=5-10bp;gc_cont=0.552,ID=14_13;partial=00;start_type=ATG;rbs_motif=AGGAG;rbs_spacer=5-10bp;gc,14.0
PMLB01000454.1_2,C,C,C,S,ID=275_2;partial=00;start_type=GTG;rbs_motif=GGAG/GAGG;rbs_spacer=5-10bp;gc_cont=0.665,ID=275_2;partial=00;start_type=GTG;rbs_motif=GGAG/GAGG;rbs_spacer=5-10bp;gc,14.0
QIJG01000140.1_7,C,C,C,S,ID=289_7;partial=00;start_type=ATG;rbs_motif=None;rbs_spacer=None;gc_cont=0.503,ID=289_7;partial=00;start_type=ATG;rbs_motif=None;rbs_spacer=None;gc,14.0
QKJP01000063.1_37,C,C,C,S,ID=69_37;partial=00;start_type=ATG;rbs_motif=None;rbs_spacer=None;gc_cont=0.400,ID=69_37;partial=00;start_type=ATG;rbs_motif=None;rbs_spacer=None;gc,14.0
QVQE01000170.1_10,C,C,C,S,ID=94_10;partial=00;start_type=ATG;rbs_motif=AGGAG;rbs_spacer=5-10bp;gc_cont=0.412,ID=94_10;partial=00;start_type=ATG;rbs_motif=AGGAG;rbs_spacer=5-10bp;gc,14.0
RXJO01000479.1_28,C,C,C,A,ID=474_28;partial=00;start_type=ATG;rbs_motif=GGAG/GAGG;rbs_spacer=5-10bp;gc_cont=0.617,ID=474_28;partial=00;start_type=ATG;rbs_motif=GGAG/GAGG;rbs_spacer=5-10bp;gc,13.0
RDXE01000055.1_41,C,C,C,A,ID=68_41;partial=00;start_type=ATG;rbs_motif=GGAG/GAGG;rbs_spacer=5-10bp;gc_cont=0.612,ID=68_41;partial=00;start_type=ATG;rbs_motif=GGAG/GAGG;rbs_spacer=5-10bp;gc,13.0
SUHQ01000035.1_15,C,C,C,A,ID=54_15;partial=00;start_type=ATG;rbs_motif=GGAG/GAGG;rbs_spacer=5-10bp;gc_cont=0.595,ID=54_15;partial=00;start_type=ATG;rbs_motif=GGAG/GAGG;rbs_spacer=5-10bp;gc,13.0
SKKY01000061.1_4,C,C,C,S,ID=115_4;partial=00;start_type=ATG;rbs_motif=GGA/GAG/AGG;rbs_spacer=11-12bp;gc_cont=0.419,ID=115_4;partial=00;start_type=ATG;rbs_motif=GGA/GAG/AGG;rbs_spacer=11-12bp;gc,14.0
REDX01000195.1_7,C,C,C,S,ID=222_7;partial=00;start_type=ATG;rbs_motif=GGAG/GAGG;rbs_spacer=5-10bp;gc_cont=0.591,ID=222_7;partial=00;start_type=ATG;rbs_motif=GGAG/GAGG;rbs_spacer=5-10bp;gc,14.0
WASS01000015.1_291,C,C,C,S,ID=13_291;partial=00;start_type=ATG;rbs_motif=AGGAGG;rbs_spacer=5-10bp;gc_cont=0.452,ID=13_291;partial=00;start_type=ATG;rbs_motif=AGGAGG;rbs_spacer=5-10bp;gc,14.0
WYCW01000003.1_50,C,C,C,S,ID=10_50;partial=00;start_type=ATG;rbs_motif=AGGAG;rbs_spacer=5-10bp;gc_cont=0.611,ID=10_50;partial=00;start_type=ATG;rbs_motif=AGGAG;rbs_spacer=5-10bp;gc,14.0
JAAZDK010000270.1_15,C,C,C,G,ID=215_15;partial=00;start_type=ATG;rbs_motif=GGAGG;rbs_spacer=5-10bp;gc_cont=0.495,ID=215_15;partial=00;start_type=ATG;rbs_motif=GGAGG;rbs_spacer=5-10bp;gc,13.0
JAAOXG010000093.1_11,C,C,C,S,ID=143_11;partial=00;start_type=ATG;rbs_motif=AGGAGG;rbs_spacer=5-10bp;gc_cont=0.454,ID=143_11;partial=00;start_type=ATG;rbs_motif=AGGAGG;rbs_spacer=5-10bp;gc,14.0
JAADGT010000230.1_3,C,C,C,S,ID=345_3;partial=00;start_type=ATG;rbs_motif=GGAG/GAGG;rbs_spacer=5-10bp;gc_cont=0.672,ID=345_3;partial=00;start_type=ATG;rbs_motif=GGAG/GAGG;rbs_spacer=5-10bp;gc,14.0
JAAXXK010000002.1_60,C,C,C,S,ID=69_60;partial=00;start_type=ATG;rbs_motif=None;rbs_spacer=None;gc_cont=0.585,ID=69_60;partial=00;start_type=ATG;rbs_motif=None;rbs_spacer=None;gc,14.0
DUZF01000016.1_12,C,C,C,S,ID=16_12;partial=00;start_type=ATG;rbs_motif=AGGAG;rbs_spacer=5-10bp;gc_cont=0.618,ID=16_12;partial=00;start_type=ATG;rbs_motif=AGGAG;rbs_spacer=5-10bp;gc,14.0
PNMN01000118.1_11,C,C,C,A,ID=118_11;partial=00;start_type=ATG;rbs_motif=AGGAG;rbs_spacer=5-10bp;gc_cont=0.630,ID=118_11;partial=00;start_type=ATG;rbs_motif=AGGAG;rbs_spacer=5-10bp;gc,13.0
JACZKE010000036.1_38,C,C,C,S,ID=46_38;partial=00;start_type=ATG;rbs_motif=AGGAG;rbs_spacer=5-10bp;gc_cont=0.583,ID=46_38;partial=00;start_type=ATG;rbs_motif=AGGAG;rbs_spacer=5-10bp;gc,14.0
JADGCV010000028.1_20,C,C,C,S,ID=20_20;partial=00;start_type=ATG;rbs_motif=AGGA;rbs_spacer=5-10bp;gc_cont=0.549,ID=20_20;partial=00;start_type=ATG;rbs_motif=AGGA;rbs_spacer=5-10bp;gc,14.0
JADFXV010000031.1_12,C,C,C,S,ID=83_12;partial=00;start_type=ATG;rbs_motif=GGAG/GAGG;rbs_spacer=5-10bp;gc_cont=0.633,ID=83_12;partial=00;start_type=ATG;rbs_motif=GGAG/GAGG;rbs_spacer=5-10bp;gc,14.0
JAATGP010000020.1_103,C,C,C,S,ID=9_103;partial=00;start_type=ATG;rbs_motif=AGGAG;rbs_spacer=5-10bp;gc_cont=0.559,ID=9_103;partial=00;start_type=ATG;rbs_motif=AGGAG;rbs_spacer=5-10bp;gc,14.0
JACQFX010000013.1_121,C,C,C,A,ID=33_121;partial=00;start_type=ATG;rbs_motif=GGAG/GAGG;rbs_spacer=5-10bp;gc_cont=0.583,ID=33_121;partial=00;start_type=ATG;rbs_motif=GGAG/GAGG;rbs_spacer=5-10bp;gc,13.0
JACRMT010000012.1_55,C,C,C,S,ID=22_55;partial=00;start_type=ATG;rbs_motif=AGGAGG;rbs_spacer=5-10bp;gc_cont=0.529,ID=22_55;partial=00;start_type=ATG;rbs_motif=AGGAGG;rbs_spacer=5-10bp;gc,14.0
JADQBV010000231.1_27,C,C,C,S,ID=91_27;partial=00;start_type=ATG;rbs_motif=GGAGG;rbs_spacer=5-10bp;gc_cont=0.373,ID=91_27;partial=00;start_type=ATG;rbs_motif=GGAGG;rbs_spacer=5-10bp;gc,14.0
JAENWA010000031.1_8,C,C,C,S,ID=31_8;partial=00;start_type=ATG;rbs_motif=AGGAG;rbs_spacer=5-10bp;gc_cont=0.562,ID=31_8;partial=00;start_type=ATG;rbs_motif=AGGAG;rbs_spacer=5-10bp;gc,14.0
JADKBN010000029.1_654,C,C,C,S,ID=29_654;partial=00;start_type=ATG;rbs_motif=AGGAG;rbs_spacer=5-10bp;gc_cont=0.623,ID=29_654;partial=00;start_type=ATG;rbs_motif=AGGAG;rbs_spacer=5-10bp;gc,14.0
JAEUPJ010000030.1_3,C,C,C,A,ID=69_3;partial=00;start_type=ATG;rbs_motif=AGGAG;rbs_spacer=5-10bp;gc_cont=0.641,ID=69_3;partial=00;start_type=ATG;rbs_motif=AGGAG;rbs_spacer=5-10bp;gc,13.0
JAFGNK010000019.1_18,C,C,C,S,ID=172_18;partial=00;start_type=ATG;rbs_motif=GGAGG;rbs_spacer=5-10bp;gc_cont=0.552,ID=172_18;partial=00;start_type=ATG;rbs_motif=GGAGG;rbs_spacer=5-10bp;gc,14.0
JAFGXR010000020.1_39,C,C,C,S,ID=42_39;partial=00;start_type=ATG;rbs_motif=GGAGG;rbs_spacer=5-10bp;gc_cont=0.543,ID=42_39;partial=00;start_type=ATG;rbs_motif=GGAGG;rbs_spacer=5-10bp;gc,14.0
JAFLCQ010000007.1_7,C,C,C,S,ID=535_7;partial=00;start_type=ATG;rbs_motif=GGA/GAG/AGG;rbs_spacer=5-10bp;gc_cont=0.666,ID=535_7;partial=00;start_type=ATG;rbs_motif=GGA/GAG/AGG;rbs_spacer=5-10bp;gc,14.0
JAFSQI010000054.1_56,C,C,C,G,ID=4_56;partial=00;start_type=ATG;rbs_motif=GGAGG;rbs_spacer=5-10bp;gc_cont=0.390,ID=4_56;partial=00;start_type=ATG;rbs_motif=GGAGG;rbs_spacer=5-10bp;gc,13.0
JAFVBE010000003.1_63,C,C,C,G,ID=5_63;partial=00;start_type=ATG;rbs_motif=AGGAGG;rbs_spacer=5-10bp;gc_cont=0.423,ID=5_63;partial=00;start_type=ATG;rbs_motif=AGGAGG;rbs_spacer=5-10bp;gc,13.0
JAFZOV010000141.1_68,C,C,C,G,ID=176_68;partial=00;start_type=ATG;rbs_motif=GGA/GAG/AGG;rbs_spacer=5-10bp;gc_cont=0.477,ID=176_68;partial=00;start_type=ATG;rbs_motif=GGA/GAG/AGG;rbs_spacer=5-10bp;gc,13.0
JAGCNW010000006.1_46,C,C,C,G,ID=43_46;partial=00;start_type=ATG;rbs_motif=AGGAG;rbs_spacer=5-10bp;gc_cont=0.506,ID=43_46;partial=00;start_type=ATG;rbs_motif=AGGAG;rbs_spacer=5-10bp;gc,13.0
JAGFZX010000051.1_18,C,C,C,S,ID=45_18;partial=00;start_type=ATG;rbs_motif=AGGAG;rbs_spacer=5-10bp;gc_cont=0.392,ID=45_18;partial=00;start_type=ATG;rbs_motif=AGGAG;rbs_spacer=5-10bp;gc,14.0
JAGCTZ010000222.1_25,C,C,C,G,ID=119_25;partial=00;start_type=ATG;rbs_motif=AGGAG;rbs_spacer=5-10bp;gc_cont=0.419,ID=119_25;partial=00;start_type=ATG;rbs_motif=AGGAG;rbs_spacer=5-10bp;gc,13.0
JAGXQV010000025.1_10,C,C,C,S,ID=25_10;partial=00;start_type=ATG;rbs_motif=AGGAG;rbs_spacer=5-10bp;gc_cont=0.598,ID=25_10;partial=00;start_type=ATG;rbs_motif=AGGAG;rbs_spacer=5-10bp;gc,14.0
JAHJLV010000019.1_5,C,C,C,S,ID=32_5;partial=00;start_type=ATG;rbs_motif=AGGAG;rbs_spacer=5-10bp;gc_cont=0.516,ID=32_5;partial=00;start_type=ATG;rbs_motif=AGGAG;rbs_spacer=5-10bp;gc,14.0
JAHRHW010000315.1_5,C,C,C,S,ID=244_5;partial=01;start_type=ATG;rbs_motif=AGGAG;rbs_spacer=5-10bp;gc_cont=0.486,ID=244_5;partial=01;start_type=ATG;rbs_motif=AGGAG;rbs_spacer=5-10bp;gc,14.0
JAIOJO010000044.1_10,C,C,C,A,ID=293_10;partial=00;start_type=ATG;rbs_motif=AGGAG;rbs_spacer=5-10bp;gc_cont=0.580,ID=293_10;partial=00;start_type=ATG;rbs_motif=AGGAG;rbs_spacer=5-10bp;gc,13.0
JAGVGD010000013.1_9,C,C,C,A,ID=70_9;partial=00;start_type=ATG;rbs_motif=AGGAG;rbs_spacer=5-10bp;gc_cont=0.597,ID=70_9;partial=00;start_type=ATG;rbs_motif=AGGAG;rbs_spacer=5-10bp;gc,13.0
JAGRHI010000035.1_1,C,C,C,S,ID=121_1;partial=10;start_type=ATG;rbs_motif=GGAG/GAGG;rbs_spacer=5-10bp;gc_cont=0.572,ID=121_1;partial=10;start_type=ATG;rbs_motif=GGAG/GAGG;rbs_spacer=5-10bp;gc,14.0
DYJC01000026.1_28,C,C,C,S,ID=19_28;partial=00;start_type=ATG;rbs_motif=AGGAG;rbs_spacer=5-10bp;gc_cont=0.465,ID=19_28;partial=00;start_type=ATG;rbs_motif=AGGAG;rbs_spacer=5-10bp;gc,14.0
JAJQEJ010000043.1_12,C,C,C,G,ID=9_12;partial=00;start_type=ATG;rbs_motif=GGAGG;rbs_spacer=5-10bp;gc_cont=0.591,ID=9_12;partial=00;start_type=ATG;rbs_motif=GGAGG;rbs_spacer=5-10bp;gc,13.0
JAKFXU010000063.1_4,C,C,C,A,ID=292_4;partial=01;start_type=Edge;rbs_motif=None;rbs_spacer=None;gc_cont=0.621,ID=292_4;partial=01;start_type=Edge;rbs_motif=None;rbs_spacer=None;gc,13.0
JAJYAW010000041.1_3,C,C,C,S,ID=488_3;partial=00;start_type=ATG;rbs_motif=AGGAG;rbs_spacer=5-10bp;gc_cont=0.674,ID=488_3;partial=00;start_type=ATG;rbs_motif=AGGAG;rbs_spacer=5-10bp;gc,14.0
JAJYHI010000012.1_1,C,C,C,S,ID=52_1;partial=10;start_type=ATG;rbs_motif=GGAGG;rbs_spacer=5-10bp;gc_cont=0.410,ID=52_1;partial=10;start_type=ATG;rbs_motif=GGAGG;rbs_spacer=5-10bp;gc,14.0
JAJYQA010000029.1_149,C,C,C,S,ID=44_149;partial=00;start_type=ATG;rbs_motif=GGA/GAG/AGG;rbs_spacer=5-10bp;gc_cont=0.471,ID=44_149;partial=00;start_type=ATG;rbs_motif=GGA/GAG/AGG;rbs_spacer=5-10bp;gc,14.0
JAJZQT010000021.1_14,C,C,C,S,ID=62_14;partial=00;start_type=ATG;rbs_motif=GGAGG;rbs_spacer=5-10bp;gc_cont=0.613,ID=62_14;partial=00;start_type=ATG;rbs_motif=GGAGG;rbs_spacer=5-10bp;gc,14.0
JAKAHZ010000006.1_53,C,C,C,S,ID=197_53;partial=00;start_type=ATG;rbs_motif=GGAGG;rbs_spacer=5-10bp;gc_cont=0.586,ID=197_53;partial=00;start_type=ATG;rbs_motif=GGAGG;rbs_spacer=5-10bp;gc,14.0
JAKAFU010000002.1_8,C,C,C,S,ID=16_8;partial=00;start_type=ATG;rbs_motif=AGGAGG;rbs_spacer=5-10bp;gc_cont=0.399,ID=16_8;partial=00;start_type=ATG;rbs_motif=AGGAGG;rbs_spacer=5-10bp;gc,14.0
JAJZRF010000022.1_15,C,C,C,S,ID=13_15;partial=00;start_type=ATG;rbs_motif=GGAG/GAGG;rbs_spacer=5-10bp;gc_cont=0.588,ID=13_15;partial=00;start_type=ATG;rbs_motif=GGAG/GAGG;rbs_spacer=5-10bp;gc,14.0
JAKSBQ010000035.1_33,C,C,C,S,ID=344_33;partial=00;start_type=ATG;rbs_motif=None;rbs_spacer=None;gc_cont=0.521,ID=344_33;partial=00;start_type=ATG;rbs_motif=None;rbs_spacer=None;gc,14.0
JAFLJT010000295.1_2,C,C,C,S,ID=231_2;partial=00;start_type=ATG;rbs_motif=AGGA;rbs_spacer=5-10bp;gc_cont=0.560,ID=231_2;partial=00;start_type=ATG;rbs_motif=AGGA;rbs_spacer=5-10bp;gc,14.0
JAKLKR010000156.1_9,C,C,C,S,ID=62_9;partial=00;start_type=ATG;rbs_motif=GGA/GAG/AGG;rbs_spacer=5-10bp;gc_cont=0.669,ID=62_9;partial=00;start_type=ATG;rbs_motif=GGA/GAG/AGG;rbs_spacer=5-10bp;gc,14.0
JAEWJZ010000029.1_173,C,C,C,S,ID=34_173;partial=00;start_type=ATG;rbs_motif=AGGAGG;rbs_spacer=5-10bp;gc_cont=0.456,ID=34_173;partial=00;start_type=ATG;rbs_motif=AGGAGG;rbs_spacer=5-10bp;gc,14.0
JAEWMS010000076.1_125,C,C,C,S,ID=75_125;partial=00;start_type=ATG;rbs_motif=GGAGG;rbs_spacer=5-10bp;gc_cont=0.431,ID=75_125;partial=00;start_type=ATG;rbs_motif=GGAGG;rbs_spacer=5-10bp;gc,14.0
JAEWQV010000015.1_257,C,C,C,S,ID=11_257;partial=00;start_type=ATG;rbs_motif=AGGAGG;rbs_spacer=5-10bp;gc_cont=0.432,ID=11_257;partial=00;start_type=ATG;rbs_motif=AGGAGG;rbs_spacer=5-10bp;gc,14.0
JAEYPR010000010.1_233,C,C,C,S,ID=37_233;partial=00;start_type=ATG;rbs_motif=AGGAGG;rbs_spacer=5-10bp;gc_cont=0.510,ID=37_233;partial=00;start_type=ATG;rbs_motif=AGGAGG;rbs_spacer=5-10bp;gc,14.0
JAEZOB010000033.1_63,C,C,C,S,ID=53_63;partial=00;start_type=ATG;rbs_motif=AGGAGG;rbs_spacer=5-10bp;gc_cont=0.487,ID=53_63;partial=00;start_type=ATG;rbs_motif=AGGAGG;rbs_spacer=5-10bp;gc,14.0
JAEZZO010000009.1_93,C,C,C,S,ID=74_93;partial=00;start_type=ATG;rbs_motif=AGGAGG;rbs_spacer=5-10bp;gc_cont=0.435,ID=74_93;partial=00;start_type=ATG;rbs_motif=AGGAGG;rbs_spacer=5-10bp;gc,14.0
JAEYWD010000008.1_205,C,C,C,S,ID=13_205;partial=00;start_type=ATG;rbs_motif=TAA;rbs_spacer=11bp;gc_cont=0.472,ID=13_205;partial=00;start_type=ATG;rbs_motif=TAA;rbs_spacer=11bp;gc,14.0
JAEZKA010000033.1_47,C,C,C,S,ID=41_47;partial=00;start_type=ATG;rbs_motif=GGAGG;rbs_spacer=5-10bp;gc_cont=0.484,ID=41_47;partial=00;start_type=ATG;rbs_motif=GGAGG;rbs_spacer=5-10bp;gc,14.0
JAEZOA010000166.1_4,C,C,C,G,ID=179_4;partial=00;start_type=ATG;rbs_motif=GGAG/GAGG;rbs_spacer=5-10bp;gc_cont=0.357,ID=179_4;partial=00;start_type=ATG;rbs_motif=GGAG/GAGG;rbs_spacer=5-10bp;gc,13.0
JAEWVR010000012.1_22,C,C,C,S,ID=12_22;partial=00;start_type=ATG;rbs_motif=AGGAGG;rbs_spacer=5-10bp;gc_cont=0.440,ID=12_22;partial=00;start_type=ATG;rbs_motif=AGGAGG;rbs_spacer=5-10bp;gc,14.0
JAAEMK010000863.1_10,C,C,C,S,ID=863_10;partial=00;start_type=ATG;rbs_motif=AGGA/GGAG/GAGG;rbs_spacer=11-12bp;gc_cont=0.572,ID=863_10;partial=00;start_type=ATG;rbs_motif=AGGA/GGAG/GAGG;rbs_spacer=11-12bp;gc,14.0
JAMBEQ010000210.1_4,C,C,C,A,ID=210_4;partial=00;start_type=ATG;rbs_motif=GGAG/GAGG;rbs_spacer=5-10bp;gc_cont=0.601,ID=210_4;partial=00;start_type=ATG;rbs_motif=GGAG/GAGG;rbs_spacer=5-10bp;gc,13.0
JAIKWF010000048.1_23,C,C,C,G,ID=25_23;partial=00;start_type=ATG;rbs_motif=AGGAGG;rbs_spacer=5-10bp;gc_cont=0.487,ID=25_23;partial=00;start_type=ATG;rbs_motif=AGGAGG;rbs_spacer=5-10bp;gc,13.0
JAILRA010000099.1_16,C,C,C,G,ID=104_16;partial=00;start_type=ATG;rbs_motif=AGGAGG;rbs_spacer=5-10bp;gc_cont=0.423,ID=104_16;partial=00;start_type=ATG;rbs_motif=AGGAGG;rbs_spacer=5-10bp;gc,13.0
FMWZ01000006.1_110,C,C,C,G,ID=9_110;partial=00;start_type=ATG;rbs_motif=AGGAG;rbs_spacer=5-10bp;gc_cont=0.474,ID=9_110;partial=00;start_type=ATG;rbs_motif=AGGAG;rbs_spacer=5-10bp;gc,13.0
ONCF01000001.1_6,C,C,C,G,ID=31_6;partial=00;start_type=ATG;rbs_motif=AGGAGG;rbs_spacer=5-10bp;gc_cont=0.564,ID=31_6;partial=00;start_type=ATG;rbs_motif=AGGAGG;rbs_spacer=5-10bp;gc,13.0
CAADXT010000148.1_5,C,C,C,G,ID=148_5;partial=00;start_type=ATG;rbs_motif=GGA/GAG/AGG;rbs_spacer=5-10bp;gc_cont=0.596,ID=148_5;partial=00;start_type=ATG;rbs_motif=GGA/GAG/AGG;rbs_spacer=5-10bp;gc,13.0
CACXCA010000001.1_31,C,C,C,G,ID=1_31;partial=00;start_type=ATG;rbs_motif=None;rbs_spacer=None;gc_cont=0.460,ID=1_31;partial=00;start_type=ATG;rbs_motif=None;rbs_spacer=None;gc,13.0
CACZAD010000036.1_27,C,C,C,G,ID=36_27;partial=00;start_type=ATG;rbs_motif=AGGAG;rbs_spacer=5-10bp;gc_cont=0.508,ID=36_27;partial=00;start_type=ATG;rbs_motif=AGGAG;rbs_spacer=5-10bp;gc,13.0
CADAEJ010000002.1_27,C,C,C,G,ID=2_27;partial=00;start_type=ATG;rbs_motif=GGA/GAG/AGG;rbs_spacer=5-10bp;gc_cont=0.519,ID=2_27;partial=00;start_type=ATG;rbs_motif=GGA/GAG/AGG;rbs_spacer=5-10bp;gc,13.0
CADBTR010000122.1_12,C,C,C,G,ID=122_12;partial=00;start_type=ATG;rbs_motif=AGGAGG;rbs_spacer=5-10bp;gc_cont=0.402,ID=122_12;partial=00;start_type=ATG;rbs_motif=AGGAGG;rbs_spacer=5-10bp;gc,13.0
CADEDX010000012.1_2,C,C,C,A,ID=12_2;partial=00;start_type=ATG;rbs_motif=GGA/GAG/AGG;rbs_spacer=5-10bp;gc_cont=0.613,ID=12_2;partial=00;start_type=ATG;rbs_motif=GGA/GAG/AGG;rbs_spacer=5-10bp;gc,13.0
CAILXE010000386.1_3,C,C,C,S,ID=386_3;partial=00;start_type=ATG;rbs_motif=AGGAGG;rbs_spacer=5-10bp;gc_cont=0.491,ID=386_3;partial=00;start_type=ATG;rbs_motif=AGGAGG;rbs_spacer=5-10bp;gc,14.0
CAIOMN010000025.1_3,C,C,C,S,ID=25_3;partial=00;start_type=ATG;rbs_motif=AGGAG;rbs_spacer=5-10bp;gc_cont=0.420,ID=25_3;partial=00;start_type=ATG;rbs_motif=AGGAG;rbs_spacer=5-10bp;gc,14.0
CAIQZX010000182.1_38,C,C,C,S,ID=182_38;partial=00;start_type=ATG;rbs_motif=AGGAG;rbs_spacer=5-10bp;gc_cont=0.408,ID=182_38;partial=00;start_type=ATG;rbs_motif=AGGAG;rbs_spacer=5-10bp;gc,14.0
CAIUEN010000270.1_2,C,C,C,S,ID=270_2;partial=00;start_type=ATG;rbs_motif=None;rbs_spacer=None;gc_cont=0.541,ID=270_2;partial=00;start_type=ATG;rbs_motif=None;rbs_spacer=None;gc,14.0
CAIWUU010000156.1_8,C,C,C,S,ID=156_8;partial=00;start_type=ATG;rbs_motif=None;rbs_spacer=None;gc_cont=0.514,ID=156_8;partial=00;start_type=ATG;rbs_motif=None;rbs_spacer=None;gc,14.0
CAIYWF010000191.1_2,C,C,C,S,ID=191_2;partial=00;start_type=ATG;rbs_motif=AGGAG;rbs_spacer=5-10bp;gc_cont=0.499,ID=191_2;partial=00;start_type=ATG;rbs_motif=AGGAG;rbs_spacer=5-10bp;gc,14.0
CAJBRY010000011.1_2,C,C,C,S,ID=11_2;partial=00;start_type=ATG;rbs_motif=AGGAG;rbs_spacer=5-10bp;gc_cont=0.489,ID=11_2;partial=00;start_type=ATG;rbs_motif=AGGAG;rbs_spacer=5-10bp;gc,14.0
CAJPFJ010000024.1_76,C,C,C,S,ID=24_76;partial=00;start_type=ATG;rbs_motif=GGAGG;rbs_spacer=5-10bp;gc_cont=0.470,ID=24_76;partial=00;start_type=ATG;rbs_motif=GGAGG;rbs_spacer=5-10bp;gc,14.0
CAKMKD010000034.1_4,C,C,C,S,ID=34_4;partial=00;start_type=ATG;rbs_motif=AGGAGG;rbs_spacer=5-10bp;gc_cont=0.647,ID=34_4;partial=00;start_type=ATG;rbs_motif=AGGAGG;rbs_spacer=5-10bp;gc,14.0
NC_012796.1_1982,C,C,C,S,ID=1_1982;partial=00;start_type=ATG;rbs_motif=AGGA;rbs_spacer=5-10bp;gc_cont=0.639,ID=1_1982;partial=00;start_type=ATG;rbs_motif=AGGA;rbs_spacer=5-10bp;gc,14.0
NC_009633.1_3530,C,C,C,S,ID=1_3530;partial=00;start_type=ATG;rbs_motif=AGGAGG;rbs_spacer=5-10bp;gc_cont=0.388,ID=1_3530;partial=00;start_type=ATG;rbs_motif=AGGAGG;rbs_spacer=5-10bp;gc,14.0
NC_011830.1_1046,C,C,C,S,ID=1_1046;partial=00;start_type=ATG;rbs_motif=AGGA;rbs_spacer=5-10bp;gc_cont=0.510,ID=1_1046;partial=00;start_type=ATG;rbs_motif=AGGA;rbs_spacer=5-10bp;gc,14.0
NC_014484.1_346,C,C,C,S,ID=1_346;partial=00;start_type=ATG;rbs_motif=AGGAGG;rbs_spacer=5-10bp;gc_cont=0.616,ID=1_346;partial=00;start_type=ATG;rbs_motif=AGGAGG;rbs_spacer=5-10bp;gc,14.0
NC_014828.1_1557,C,C,C,S,ID=1_1557;partial=00;start_type=ATG;rbs_motif=GGAGG;rbs_spacer=5-10bp;gc_cont=0.569,ID=1_1557;partial=00;start_type=ATG;rbs_motif=GGAGG;rbs_spacer=5-10bp;gc,14.0
NC_015589.1_3470,C,C,C,S,ID=1_3470;partial=00;start_type=ATG;rbs_motif=AGGAG;rbs_spacer=5-10bp;gc_cont=0.532,ID=1_3470;partial=00;start_type=ATG;rbs_motif=AGGAG;rbs_spacer=5-10bp;gc,14.0
NZ_CM001442.1_1332,C,C,C,A,ID=1_1332;partial=00;start_type=ATG;rbs_motif=GGA/GAG/AGG;rbs_spacer=5-10bp;gc_cont=0.569,ID=1_1332;partial=00;start_type=ATG;rbs_motif=GGA/GAG/AGG;rbs_spacer=5-10bp;gc,13.0
NC_017094.1_2370,C,C,C,A,ID=1_2370;partial=00;start_type=ATG;rbs_motif=GGAG/GAGG;rbs_spacer=5-10bp;gc_cont=0.543,ID=1_2370;partial=00;start_type=ATG;rbs_motif=GGAG/GAGG;rbs_spacer=5-10bp;gc,13.0
NC_020134.1_1852,C,C,C,G,ID=1_1852;partial=00;start_type=ATG;rbs_motif=AGxAGG/AGGxGG;rbs_spacer=5-10bp;gc_cont=0.496,ID=1_1852;partial=00;start_type=ATG;rbs_motif=AGxAGG/AGGxGG;rbs_spacer=5-10bp;gc,13.0
NZ_AQUR01000058.1_2,C,C,C,A,ID=58_2;partial=00;start_type=ATG;rbs_motif=AGGAG;rbs_spacer=5-10bp;gc_cont=0.509,ID=58_2;partial=00;start_type=ATG;rbs_motif=AGGAG;rbs_spacer=5-10bp;gc,13.0
NZ_ARVV01000001.1_3472,C,C,C,A,ID=1_3472;partial=00;start_type=ATG;rbs_motif=AGGAG;rbs_spacer=5-10bp;gc_cont=0.612,ID=1_3472;partial=00;start_type=ATG;rbs_motif=AGGAG;rbs_spacer=5-10bp;gc,13.0
NZ_KE384157.1_166,C,C,C,G,ID=1_166;partial=00;start_type=ATG;rbs_motif=GGAGG;rbs_spacer=5-10bp;gc_cont=0.441,ID=1_166;partial=00;start_type=ATG;rbs_motif=GGAGG;rbs_spacer=5-10bp;gc,13.0
NZ_AUAZ01000022.1_31,C,C,C,S,ID=21_31;partial=00;start_type=ATG;rbs_motif=GGAGG;rbs_spacer=5-10bp;gc_cont=0.543,ID=21_31;partial=00;start_type=ATG;rbs_motif=GGAGG;rbs_spacer=5-10bp;gc,14.0
NZ_KI421454.1_333,C,C,C,A,ID=13_333;partial=00;start_type=ATG;rbs_motif=None;rbs_spacer=None;gc_cont=0.591,ID=13_333;partial=00;start_type=ATG;rbs_motif=None;rbs_spacer=None;gc,13.0
NZ_KI911783.1_1811,C,C,C,A,ID=1_1811;partial=00;start_type=ATG;rbs_motif=GGA/GAG/AGG;rbs_spacer=5-10bp;gc_cont=0.567,ID=1_1811;partial=00;start_type=ATG;rbs_motif=GGA/GAG/AGG;rbs_spacer=5-10bp;gc,13.0
NZ_HG917869.1_426,C,C,C,S,ID=2_426;partial=00;start_type=ATG;rbs_motif=AGGAGG;rbs_spacer=5-10bp;gc_cont=0.329,ID=2_426;partial=00;start_type=ATG;rbs_motif=AGGAGG;rbs_spacer=5-10bp;gc,14.0
NZ_JHZK01000003.1_95,C,C,C,A,ID=3_95;partial=00;start_type=ATG;rbs_motif=GGA/GAG/AGG;rbs_spacer=5-10bp;gc_cont=0.655,ID=3_95;partial=00;start_type=ATG;rbs_motif=GGA/GAG/AGG;rbs_spacer=5-10bp;gc,13.0
NZ_CP045798.1_392,C,C,C,S,ID=1_392;partial=00;start_type=ATG;rbs_motif=AGGAG;rbs_spacer=5-10bp;gc_cont=0.461,ID=1_392;partial=00;start_type=ATG;rbs_motif=AGGAG;rbs_spacer=5-10bp;gc,14.0
NZ_BBQM01000004.1_90,C,C,C,A,ID=59_90;partial=00;start_type=ATG;rbs_motif=AGGAG;rbs_spacer=5-10bp;gc_cont=0.644,ID=59_90;partial=00;start_type=ATG;rbs_motif=AGGAG;rbs_spacer=5-10bp;gc,13.0
NZ_DF967527.1_144,C,C,C,A,ID=71_144;partial=00;start_type=ATG;rbs_motif=AGGAG;rbs_spacer=5-10bp;gc_cont=0.586,ID=71_144;partial=00;start_type=ATG;rbs_motif=AGGAG;rbs_spacer=5-10bp;gc,13.0
NZ_BCAG01000005.1_122,C,C,C,S,ID=5_122;partial=00;start_type=ATG;rbs_motif=AGGAGG;rbs_spacer=5-10bp;gc_cont=0.645,ID=5_122;partial=00;start_type=ATG;rbs_motif=AGGAGG;rbs_spacer=5-10bp;gc,14.0
NZ_LPWA01000161.1_11,C,C,C,A,ID=161_11;partial=00;start_type=ATG;rbs_motif=GGAG/GAGG;rbs_spacer=5-10bp;gc_cont=0.599,ID=161_11;partial=00;start_type=ATG;rbs_motif=GGAG/GAGG;rbs_spacer=5-10bp;gc,13.0
NZ_CP015285.1_569,C,C,C,A,ID=1_569;partial=00;start_type=ATG;rbs_motif=AGGAG;rbs_spacer=5-10bp;gc_cont=0.629,ID=1_569;partial=00;start_type=ATG;rbs_motif=AGGAG;rbs_spacer=5-10bp;gc,13.0
NZ_CP014595.1_39,C,C,C,A,ID=1_39;partial=00;start_type=ATG;rbs_motif=AGGA;rbs_spacer=5-10bp;gc_cont=0.622,ID=1_39;partial=00;start_type=ATG;rbs_motif=AGGA;rbs_spacer=5-10bp;gc,13.0
NZ_CP017269.1_3674,C,C,C,S,ID=1_3674;partial=00;start_type=ATG;rbs_motif=AGGAGG;rbs_spacer=5-10bp;gc_cont=0.407,ID=1_3674;partial=00;start_type=ATG;rbs_motif=AGGAGG;rbs_spacer=5-10bp;gc,14.0
NZ_MSYM01000011.1_95,C,C,C,A,ID=2_95;partial=00;start_type=ATG;rbs_motif=GGAG/GAGG;rbs_spacer=5-10bp;gc_cont=0.577,ID=2_95;partial=00;start_type=ATG;rbs_motif=GGAG/GAGG;rbs_spacer=5-10bp;gc,13.0
NZ_MUHU01000002.1_115,C,C,C,A,ID=12_115;partial=00;start_type=ATG;rbs_motif=AGGAG;rbs_spacer=5-10bp;gc_cont=0.598,ID=12_115;partial=00;start_type=ATG;rbs_motif=AGGAG;rbs_spacer=5-10bp;gc,13.0
NZ_CP029425.1_891,C,C,C,A,ID=1_891;partial=00;start_type=ATG;rbs_motif=AGGA;rbs_spacer=5-10bp;gc_cont=0.558,ID=1_891;partial=00;start_type=ATG;rbs_motif=AGGA;rbs_spacer=5-10bp;gc,13.0
NZ_AP018290.1_3292,C,C,C,S,ID=1_3292;partial=00;start_type=ATG;rbs_motif=GGA/GAG/AGG;rbs_spacer=5-10bp;gc_cont=0.438,ID=1_3292;partial=00;start_type=ATG;rbs_motif=GGA/GAG/AGG;rbs_spacer=5-10bp;gc,14.0
NZ_MVDE01000017.1_8,C,C,C,S,ID=17_8;partial=00;start_type=ATG;rbs_motif=TAAA;rbs_spacer=13bp;gc_cont=0.396,ID=17_8;partial=00;start_type=ATG;rbs_motif=TAAA;rbs_spacer=13bp;gc,14.0
NZ_CP024309.1_307,C,C,C,A,ID=3_307;partial=00;start_type=ATG;rbs_motif=GGAG/GAGG;rbs_spacer=5-10bp;gc_cont=0.604,ID=3_307;partial=00;start_type=ATG;rbs_motif=GGAG/GAGG;rbs_spacer=5-10bp;gc,13.0
NZ_CP022187.1_2075,C,C,C,S,ID=1_2075;partial=00;start_type=ATG;rbs_motif=AGGAG;rbs_spacer=5-10bp;gc_cont=0.600,ID=1_2075;partial=00;start_type=ATG;rbs_motif=AGGAG;rbs_spacer=5-10bp;gc,14.0
NZ_QJTK01000019.1_5,C,C,C,A,ID=19_5;partial=00;start_type=ATG;rbs_motif=AGGA;rbs_spacer=5-10bp;gc_cont=0.617,ID=19_5;partial=00;start_type=ATG;rbs_motif=AGGA;rbs_spacer=5-10bp;gc,13.0
NZ_PDNY02000071.1_627,C,C,C,S,ID=1_627;partial=00;start_type=ATG;rbs_motif=None;rbs_spacer=None;gc_cont=0.572,ID=1_627;partial=00;start_type=ATG;rbs_motif=None;rbs_spacer=None;gc,14.0
NZ_CP032687.1_272,C,C,C,A,ID=3_272;partial=00;start_type=ATG;rbs_motif=GGA/GAG/AGG;rbs_spacer=5-10bp;gc_cont=0.586,ID=3_272;partial=00;start_type=ATG;rbs_motif=GGA/GAG/AGG;rbs_spacer=5-10bp;gc,13.0
NZ_CP034447.1_7027,C,C,C,A,ID=1_7027;partial=00;start_type=ATG;rbs_motif=GGAG/GAGG;rbs_spacer=5-10bp;gc_cont=0.627,ID=1_7027;partial=00;start_type=ATG;rbs_motif=GGAG/GAGG;rbs_spacer=5-10bp;gc,13.0
NZ_SADT02000011.1_21,C,C,C,A,ID=22_21;partial=00;start_type=ATG;rbs_motif=GGAG/GAGG;rbs_spacer=5-10bp;gc_cont=0.589,ID=22_21;partial=00;start_type=ATG;rbs_motif=GGAG/GAGG;rbs_spacer=5-10bp;gc,13.0
NZ_PSRR01000227.1_7,C,C,C,A,ID=229_7;partial=00;start_type=ATG;rbs_motif=AGGA;rbs_spacer=5-10bp;gc_cont=0.577,ID=229_7;partial=00;start_type=ATG;rbs_motif=AGGA;rbs_spacer=5-10bp;gc,13.0
NZ_PTQW01000022.1_90,C,C,C,S,ID=15_90;partial=00;start_type=ATG;rbs_motif=AGGAG;rbs_spacer=5-10bp;gc_cont=0.512,ID=15_90;partial=00;start_type=ATG;rbs_motif=AGGAG;rbs_spacer=5-10bp;gc,14.0
NZ_CP036295.1_1114,C,C,C,S,ID=1_1114;partial=00;start_type=ATG;rbs_motif=GGAG/GAGG;rbs_spacer=5-10bp;gc_cont=0.604,ID=1_1114;partial=00;start_type=ATG;rbs_motif=GGAG/GAGG;rbs_spacer=5-10bp;gc,14.0
NZ_VATA01000002.1_86,C,C,C,A,ID=112_86;partial=00;start_type=ATG;rbs_motif=AGGA;rbs_spacer=5-10bp;gc_cont=0.637,ID=112_86;partial=00;start_type=ATG;rbs_motif=AGGA;rbs_spacer=5-10bp;gc,13.0
NZ_CP037899.1_421,C,C,C,S,ID=1_421;partial=00;start_type=ATG;rbs_motif=AGGAG;rbs_spacer=5-10bp;gc_cont=0.428,ID=1_421;partial=00;start_type=ATG;rbs_motif=AGGAG;rbs_spacer=5-10bp;gc,14.0
NZ_RXYA01000010.1_8,C,C,C,S,ID=1_8;partial=00;start_type=ATG;rbs_motif=AGGAGG;rbs_spacer=5-10bp;gc_cont=0.422,ID=1_8;partial=00;start_type=ATG;rbs_motif=AGGAGG;rbs_spacer=5-10bp;gc,14.0
NZ_CP030265.1_3413,C,C,C,A,ID=1_3413;partial=00;start_type=ATG;rbs_motif=AGGAG;rbs_spacer=5-10bp;gc_cont=0.631,ID=1_3413;partial=00;start_type=ATG;rbs_motif=AGGAG;rbs_spacer=5-10bp;gc,13.0
NZ_WODC01000006.1_74,C,C,C,S,ID=26_74;partial=00;start_type=ATG;rbs_motif=GGAG/GAGG;rbs_spacer=5-10bp;gc_cont=0.638,ID=26_74;partial=00;start_type=ATG;rbs_motif=GGAG/GAGG;rbs_spacer=5-10bp;gc,14.0
NZ_AP022332.1_1121,C,C,C,A,ID=1_1121;partial=00;start_type=ATG;rbs_motif=GGAG/GAGG;rbs_spacer=5-10bp;gc_cont=0.598,ID=1_1121;partial=00;start_type=ATG;rbs_motif=GGAG/GAGG;rbs_spacer=5-10bp;gc,13.0
NZ_CP088285.1_4459,C,C,C,A,ID=1_4459;partial=00;start_type=ATG;rbs_motif=AGGA;rbs_spacer=5-10bp;gc_cont=0.574,ID=1_4459;partial=00;start_type=ATG;rbs_motif=AGGA;rbs_spacer=5-10bp;gc,13.0
NZ_JAADJU010000003.1_226,C,C,C,S,ID=18_226;partial=00;start_type=ATG;rbs_motif=AGGAG;rbs_spacer=5-10bp;gc_cont=0.530,ID=18_226;partial=00;start_type=ATG;rbs_motif=AGGAG;rbs_spacer=5-10bp;gc,14.0
NZ_CP040094.1_3041,C,C,C,S,ID=1_3041;partial=00;start_type=ATG;rbs_motif=GGAG/GAGG;rbs_spacer=5-10bp;gc_cont=0.458,ID=1_3041;partial=00;start_type=ATG;rbs_motif=GGAG/GAGG;rbs_spacer=5-10bp;gc,14.0
NZ_BLXY01000011.1_56,C,C,C,S,ID=11_56;partial=00;start_type=ATG;rbs_motif=AGGAG;rbs_spacer=5-10bp;gc_cont=0.622,ID=11_56;partial=00;start_type=ATG;rbs_motif=AGGAG;rbs_spacer=5-10bp;gc,14.0
NZ_JACHVB010000012.1_109,C,C,C,S,ID=12_109;partial=00;start_type=ATG;rbs_motif=None;rbs_spacer=None;gc_cont=0.608,ID=12_109;partial=00;start_type=ATG;rbs_motif=None;rbs_spacer=None;gc,14.0
NZ_JACJSG010000004.1_118,C,C,C,S,ID=57_118;partial=00;start_type=ATG;rbs_motif=GGA/GAG/AGG;rbs_spacer=5-10bp;gc_cont=0.463,ID=57_118;partial=00;start_type=ATG;rbs_motif=GGA/GAG/AGG;rbs_spacer=5-10bp;gc,14.0
NZ_CP030049.1_224,C,C,C,A,ID=2_224;partial=00;start_type=ATG;rbs_motif=GGA/GAG/AGG;rbs_spacer=5-10bp;gc_cont=0.559,ID=2_224;partial=00;start_type=ATG;rbs_motif=GGA/GAG/AGG;rbs_spacer=5-10bp;gc,13.0
NZ_JAEMHK010000008.1_132,C,C,C,S,ID=57_132;partial=00;start_type=ATG;rbs_motif=AGGAG;rbs_spacer=5-10bp;gc_cont=0.613,ID=57_132;partial=00;start_type=ATG;rbs_motif=AGGAG;rbs_spacer=5-10bp;gc,14.0
NZ_CP067420.1_1814,C,C,C,A,ID=1_1814;partial=00;start_type=ATG;rbs_motif=AGGAG;rbs_spacer=5-10bp;gc_cont=0.639,ID=1_1814;partial=00;start_type=ATG;rbs_motif=AGGAG;rbs_spacer=5-10bp;gc,13.0
NZ_CP065957.1_813,C,C,C,S,ID=1_813;partial=00;start_type=ATG;rbs_motif=GGAGG;rbs_spacer=5-10bp;gc_cont=0.445,ID=1_813;partial=00;start_type=ATG;rbs_motif=GGAGG;rbs_spacer=5-10bp;gc,14.0
NZ_JAGILA010000010.1_79,C,C,C,A,ID=10_79;partial=00;start_type=ATG;rbs_motif=GGA/GAG/AGG;rbs_spacer=5-10bp;gc_cont=0.578,ID=10_79;partial=00;start_type=ATG;rbs_motif=GGA/GAG/AGG;rbs_spacer=5-10bp;gc,13.0
NZ_JAGTUF010000021.1_43,C,C,C,S,ID=13_43;partial=00;start_type=ATG;rbs_motif=AGGAG;rbs_spacer=5-10bp;gc_cont=0.604,ID=13_43;partial=00;start_type=ATG;rbs_motif=AGGAG;rbs_spacer=5-10bp;gc,14.0
NZ_JAAZTY010000095.1_6,C,C,C,A,ID=275_6;partial=00;start_type=ATG;rbs_motif=GGAG/GAGG;rbs_spacer=5-10bp;gc_cont=0.536,ID=275_6;partial=00;start_type=ATG;rbs_motif=GGAG/GAGG;rbs_spacer=5-10bp;gc,13.0
NZ_AP024355.1_3580,C,C,C,S,ID=1_3580;partial=00;start_type=ATG;rbs_motif=AGGAG;rbs_spacer=5-10bp;gc_cont=0.636,ID=1_3580;partial=00;start_type=ATG;rbs_motif=AGGAG;rbs_spacer=5-10bp;gc,14.0
NZ_JAGKJI010000038.1_3,C,C,C,A,ID=120_3;partial=00;start_type=ATG;rbs_motif=AGGA;rbs_spacer=5-10bp;gc_cont=0.593,ID=120_3;partial=00;start_type=ATG;rbs_motif=AGGA;rbs_spacer=5-10bp;gc,13.0
NZ_PGCK01000003.1_107,C,C,C,S,ID=33_107;partial=00;start_type=ATG;rbs_motif=AGGAG;rbs_spacer=5-10bp;gc_cont=0.560,ID=33_107;partial=00;start_type=ATG;rbs_motif=AGGAG;rbs_spacer=5-10bp;gc,14.0
NZ_CP032674.1_311,C,C,C,A,ID=1_311;partial=00;start_type=ATG;rbs_motif=GGA/GAG/AGG;rbs_spacer=5-10bp;gc_cont=0.626,ID=1_311;partial=00;start_type=ATG;rbs_motif=GGA/GAG/AGG;rbs_spacer=5-10bp;gc,13.0
NZ_JAKZKV010000003.1_214,C,C,C,S,ID=23_214;partial=00;start_type=ATG;rbs_motif=AAA;rbs_spacer=11bp;gc_cont=0.459,ID=23_214;partial=00;start_type=ATG;rbs_motif=AAA;rbs_spacer=11bp;gc,14.0
NZ_BQYJ01000009.1_49,C,C,C,S,ID=9_49;partial=00;start_type=GTG;rbs_motif=AGGAGG;rbs_spacer=5-10bp;gc_cont=0.359,ID=9_49;partial=00;start_type=GTG;rbs_motif=AGGAGG;rbs_spacer=5-10bp;gc,14.0
NZ_JANADK010000001.1_1595,C,C,C,A,ID=1_1595;partial=00;start_type=ATG;rbs_motif=AGGA;rbs_spacer=5-10bp;gc_cont=0.560,ID=1_1595;partial=00;start_type=ATG;rbs_motif=AGGA;rbs_spacer=5-10bp;gc,13.0
NZ_CP080528.1_768,C,C,C,A,ID=5_768;partial=00;start_type=ATG;rbs_motif=GGAG/GAGG;rbs_spacer=5-10bp;gc_cont=0.610,ID=5_768;partial=00;start_type=ATG;rbs_motif=GGAG/GAGG;rbs_spacer=5-10bp;gc,13.0
NZ_FMUX01000042.1_11,C,C,C,S,ID=14_11;partial=00;start_type=ATG;rbs_motif=GGAG/GAGG;rbs_spacer=5-10bp;gc_cont=0.577,ID=14_11;partial=00;start_type=ATG;rbs_motif=GGAG/GAGG;rbs_spacer=5-10bp;gc,14.0
NZ_FNVQ01000001.1_1811,C,C,C,S,ID=18_1811;partial=00;start_type=ATG;rbs_motif=GGAGG;rbs_spacer=5-10bp;gc_cont=0.546,ID=18_1811;partial=00;start_type=ATG;rbs_motif=GGAGG;rbs_spacer=5-10bp;gc,14.0
NZ_FOOX01000003.1_91,C,C,C,S,ID=8_91;partial=00;start_type=ATG;rbs_motif=AGGAGG;rbs_spacer=11-12bp;gc_cont=0.541,ID=8_91;partial=00;start_type=ATG;rbs_motif=AGGAGG;rbs_spacer=11-12bp;gc,14.0
NZ_FQXJ01000004.1_418,C,C,C,S,ID=23_418;partial=00;start_type=ATG;rbs_motif=AGGA;rbs_spacer=5-10bp;gc_cont=0.470,ID=23_418;partial=00;start_type=ATG;rbs_motif=AGGA;rbs_spacer=5-10bp;gc,14.0
NZ_FRFE01000005.1_220,C,C,C,S,ID=52_220;partial=00;start_type=ATG;rbs_motif=GGAG/GAGG;rbs_spacer=5-10bp;gc_cont=0.524,ID=52_220;partial=00;start_type=ATG;rbs_motif=GGAG/GAGG;rbs_spacer=5-10bp;gc,14.0
NZ_FXAX01000001.1_1790,C,C,C,G,ID=10_1790;partial=00;start_type=ATG;rbs_motif=AGGAG;rbs_spacer=5-10bp;gc_cont=0.497,ID=10_1790;partial=00;start_type=ATG;rbs_motif=AGGAG;rbs_spacer=5-10bp;gc,13.0
NZ_OCNJ01000003.1_287,C,C,C,A,ID=36_287;partial=00;start_type=ATG;rbs_motif=AGGAG;rbs_spacer=5-10bp;gc_cont=0.647,ID=36_287;partial=00;start_type=ATG;rbs_motif=AGGAG;rbs_spacer=5-10bp;gc,13.0
NZ_CADCXN010000045.1_32,C,C,C,S,ID=45_32;partial=00;start_type=ATG;rbs_motif=AGGAG;rbs_spacer=5-10bp;gc_cont=0.497,ID=45_32;partial=00;start_type=ATG;rbs_motif=AGGAG;rbs_spacer=5-10bp;gc,14.0
DBTR01000004.1_4,C,C,C,S,ID=62_4;partial=00;start_type=ATG;rbs_motif=GGA/GAG/AGG;rbs_spacer=5-10bp;gc_cont=0.578,ID=62_4;partial=00;start_type=ATG;rbs_motif=GGA/GAG/AGG;rbs_spacer=5-10bp;gc,14.0
JACCQO010000008.1_38,C,C,C,S,ID=52_38;partial=00;start_type=ATG;rbs_motif=GGAG/GAGG;rbs_spacer=5-10bp;gc_cont=0.649,ID=52_38;partial=00;start_type=ATG;rbs_motif=GGAG/GAGG;rbs_spacer=5-10bp;gc,14.0
JAEXFI010000041.1_65,C,C,C,S,ID=1_65;partial=00;start_type=ATG;rbs_motif=GGAGG;rbs_spacer=5-10bp;gc_cont=0.470,ID=1_65;partial=00;start_type=ATG;rbs_motif=GGAGG;rbs_spacer=5-10bp;gc,14.0
JAEXPO010000607.1_7,C,C,C,S,ID=151_7;partial=00;start_type=ATG;rbs_motif=AGGA;rbs_spacer=5-10bp;gc_cont=0.497,ID=151_7;partial=00;start_type=ATG;rbs_motif=AGGA;rbs_spacer=5-10bp;gc,14.0
NZ_AKVN02000001.1_1166,C,C,C,S,ID=1_1166;partial=00;start_type=ATG;rbs_motif=AGGAG;rbs_spacer=5-10bp;gc_cont=0.443,ID=1_1166;partial=00;start_type=ATG;rbs_motif=AGGAG;rbs_spacer=5-10bp;gc,14.0
NZ_CP009268.1_3726,C,C,C,S,ID=1_3726;partial=00;start_type=ATG;rbs_motif=AGGA;rbs_spacer=5-10bp;gc_cont=0.342,ID=1_3726;partial=00;start_type=ATG;rbs_motif=AGGA;rbs_spacer=5-10bp;gc,14.0
NZ_QGTS01000007.1_180,C,C,C,S,ID=7_180;partial=00;start_type=ATG;rbs_motif=GGAGG;rbs_spacer=5-10bp;gc_cont=0.515,ID=7_180;partial=00;start_type=ATG;rbs_motif=GGAGG;rbs_spacer=5-10bp;gc,14.0
NZ_WUBS01000013.1_124,C,C,C,S,ID=5_124;partial=00;start_type=ATG;rbs_motif=GGAG/GAGG;rbs_spacer=5-10bp;gc_cont=0.562,ID=5_124;partial=00;start_type=ATG;rbs_motif=GGAG/GAGG;rbs_spacer=5-10bp;gc,14.0
NZ_JAJNAL010000004.1_22,C,C,C,S,ID=34_22;partial=00;start_type=ATG;rbs_motif=GGA/GAG/AGG;rbs_spacer=5-10bp;gc_cont=0.626,ID=34_22;partial=00;start_type=ATG;rbs_motif=GGA/GAG/AGG;rbs_spacer=5-10bp;gc,14.0
NZ_VLKG01000004.1_30,C,C,C,S,ID=4_30;partial=00;start_type=ATG;rbs_motif=GGAG/GAGG;rbs_spacer=5-10bp;gc_cont=0.519,ID=4_30;partial=00;start_type=ATG;rbs_motif=GGAG/GAGG;rbs_spacer=5-10bp;gc,14.0
JAHFCR010000013.1_30,C,C,C,S,ID=135_30;partial=00;start_type=ATG;rbs_motif=AGGAG;rbs_spacer=5-10bp;gc_cont=0.526,ID=135_30;partial=00;start_type=ATG;rbs_motif=AGGAG;rbs_spacer=5-10bp;gc,14.0
QKFD01000024.1_184,C,C,C,S,ID=85_184;partial=00;start_type=ATG;rbs_motif=AGGAG;rbs_spacer=5-10bp;gc_cont=0.599,ID=85_184;partial=00;start_type=ATG;rbs_motif=AGGAG;rbs_spacer=5-10bp;gc,14.0
NZ_JAAIYP010000026.1_37,C,C,C,S,ID=26_37;partial=00;start_type=ATG;rbs_motif=AGGA;rbs_spacer=5-10bp;gc_cont=0.617,ID=26_37;partial=00;start_type=ATG;rbs_motif=AGGA;rbs_spacer=5-10bp;gc,14.0
NZ_CP011114.1_1428,C,C,C,S,ID=1_1428;partial=00;start_type=ATG;rbs_motif=GGAG/GAGG;rbs_spacer=5-10bp;gc_cont=0.510,ID=1_1428;partial=00;start_type=ATG;rbs_motif=GGAG/GAGG;rbs_spacer=5-10bp;gc,14.0
ALAO01000123.1_5,C,C,C,S,ID=123_5;partial=00;start_type=ATG;rbs_motif=AGGA;rbs_spacer=5-10bp;gc_cont=0.637,ID=123_5;partial=00;start_type=ATG;rbs_motif=AGGA;rbs_spacer=5-10bp;gc,14.0
JQID01000095.1_9,C,C,C,S,ID=39_9;partial=00;start_type=ATG;rbs_motif=AGGA;rbs_spacer=5-10bp;gc_cont=0.471,ID=39_9;partial=00;start_type=ATG;rbs_motif=AGGA;rbs_spacer=5-10bp;gc,14.0
LJZT01000032.1_4,C,C,C,S,ID=50_4;partial=00;start_type=ATG;rbs_motif=None;rbs_spacer=None;gc_cont=0.538,ID=50_4;partial=00;start_type=ATG;rbs_motif=None;rbs_spacer=None;gc,14.0
KV441839.1_731,C,C,C,S,ID=1_731;partial=00;start_type=ATG;rbs_motif=None;rbs_spacer=None;gc_cont=0.645,ID=1_731;partial=00;start_type=ATG;rbs_motif=None;rbs_spacer=None;gc,14.0
MGWS01000033.1_129,C,C,C,S,ID=33_129;partial=00;start_type=ATG;rbs_motif=AGGAG;rbs_spacer=5-10bp;gc_cont=0.589,ID=33_129;partial=00;start_type=ATG;rbs_motif=AGGAG;rbs_spacer=5-10bp;gc,14.0
MQUF01000001.1_33,C,C,C,S,ID=1_33;partial=00;start_type=ATG;rbs_motif=GGAG/GAGG;rbs_spacer=5-10bp;gc_cont=0.571,ID=1_33;partial=00;start_type=ATG;rbs_motif=GGAG/GAGG;rbs_spacer=5-10bp;gc,14.0
NCGK01000014.1_3,C,C,C,S,ID=37_3;partial=00;start_type=ATG;rbs_motif=GGAG/GAGG;rbs_spacer=5-10bp;gc_cont=0.549,ID=37_3;partial=00;start_type=ATG;rbs_motif=GGAG/GAGG;rbs_spacer=5-10bp;gc,14.0
DBYF01000065.1_6,C,C,C,G,ID=101_6;partial=00;start_type=ATG;rbs_motif=AGGAG;rbs_spacer=5-10bp;gc_cont=0.517,ID=101_6;partial=00;start_type=ATG;rbs_motif=AGGAG;rbs_spacer=5-10bp;gc,13.0
AP017605.1_5208,C,C,C,A,ID=1_5208;partial=00;start_type=ATG;rbs_motif=None;rbs_spacer=None;gc_cont=0.595,ID=1_5208;partial=00;start_type=ATG;rbs_motif=None;rbs_spacer=None;gc,13.0
DGIK01000065.1_1,C,C,C,G,ID=68_1;partial=00;start_type=ATG;rbs_motif=TAAAAA;rbs_spacer=11bp;gc_cont=0.487,ID=68_1;partial=00;start_type=ATG;rbs_motif=TAAAAA;rbs_spacer=11bp;gc,13.0
DHYV01000024.1_160,C,C,C,S,ID=55_160;partial=00;start_type=ATG;rbs_motif=GGAG/GAGG;rbs_spacer=5-10bp;gc_cont=0.616,ID=55_160;partial=00;start_type=ATG;rbs_motif=GGAG/GAGG;rbs_spacer=5-10bp;gc,14.0
DIZL01000042.1_14,C,C,C,S,ID=68_14;partial=00;start_type=ATG;rbs_motif=TAAAAA;rbs_spacer=13bp;gc_cont=0.446,ID=68_14;partial=00;start_type=ATG;rbs_motif=TAAAAA;rbs_spacer=13bp;gc,14.0
DASC01000118.1_12,C,C,C,S,ID=45_12;partial=00;start_type=ATG;rbs_motif=GGAG/GAGG;rbs_spacer=5-10bp;gc_cont=0.557,ID=45_12;partial=00;start_type=ATG;rbs_motif=GGAG/GAGG;rbs_spacer=5-10bp;gc,14.0
PHSP01000001.1_61,C,C,C,S,ID=1_61;partial=00;start_type=ATG;rbs_motif=GGAG/GAGG;rbs_spacer=5-10bp;gc_cont=0.465,ID=1_61;partial=00;start_type=ATG;rbs_motif=GGAG/GAGG;rbs_spacer=5-10bp;gc,14.0
PERU01000047.1_21,C,C,C,S,ID=47_21;partial=00;start_type=ATG;rbs_motif=AGGAG;rbs_spacer=5-10bp;gc_cont=0.487,ID=47_21;partial=00;start_type=ATG;rbs_motif=AGGAG;rbs_spacer=5-10bp;gc,14.0
PLYV01000057.1_8,C,C,C,S,ID=170_8;partial=00;start_type=ATG;rbs_motif=None;rbs_spacer=None;gc_cont=0.592,ID=170_8;partial=00;start_type=ATG;rbs_motif=None;rbs_spacer=None;gc,14.0
PLPI01000144.1_18,C,C,C,S,ID=47_18;partial=00;start_type=ATG;rbs_motif=AGGAGG;rbs_spacer=5-10bp;gc_cont=0.536,ID=47_18;partial=00;start_type=ATG;rbs_motif=AGGAGG;rbs_spacer=5-10bp;gc,14.0
QJVM01000189.1_16,C,C,C,S,ID=112_16;partial=00;start_type=ATG;rbs_motif=AGGAG;rbs_spacer=5-10bp;gc_cont=0.589,ID=112_16;partial=00;start_type=ATG;rbs_motif=AGGAG;rbs_spacer=5-10bp;gc,14.0
QKIQ01000031.1_1,C,C,C,S,ID=124_1;partial=10;start_type=ATG;rbs_motif=GGAGG;rbs_spacer=5-10bp;gc_cont=0.533,ID=124_1;partial=10;start_type=ATG;rbs_motif=GGAGG;rbs_spacer=5-10bp;gc,14.0
DNJC01000006.1_82,C,C,C,S,ID=71_82;partial=00;start_type=ATG;rbs_motif=AGGAG;rbs_spacer=5-10bp;gc_cont=0.615,ID=71_82;partial=00;start_type=ATG;rbs_motif=AGGAG;rbs_spacer=5-10bp;gc,14.0
QVQD01000094.1_15,C,C,C,S,ID=7_15;partial=00;start_type=ATG;rbs_motif=AGGAG;rbs_spacer=5-10bp;gc_cont=0.391,ID=7_15;partial=00;start_type=ATG;rbs_motif=AGGAG;rbs_spacer=5-10bp;gc,14.0
RXIW01000037.1_3,C,C,C,S,ID=37_3;partial=00;start_type=ATG;rbs_motif=GGAG/GAGG;rbs_spacer=5-10bp;gc_cont=0.572,ID=37_3;partial=00;start_type=ATG;rbs_motif=GGAG/GAGG;rbs_spacer=5-10bp;gc,14.0
AP018280.1_3528,C,C,C,S,ID=1_3528;partial=00;start_type=ATG;rbs_motif=GGA/GAG/AGG;rbs_spacer=5-10bp;gc_cont=0.438,ID=1_3528;partial=00;start_type=ATG;rbs_motif=GGA/GAG/AGG;rbs_spacer=5-10bp;gc,14.0
SUEO01000142.1_9,C,C,C,A,ID=47_9;partial=00;start_type=ATG;rbs_motif=GGAG/GAGG;rbs_spacer=5-10bp;gc_cont=0.596,ID=47_9;partial=00;start_type=ATG;rbs_motif=GGAG/GAGG;rbs_spacer=5-10bp;gc,13.0
SLEY01000464.1_18,C,C,C,S,ID=338_18;partial=00;start_type=ATG;rbs_motif=AGGAG/GGAGG;rbs_spacer=11-12bp;gc_cont=0.606,ID=338_18;partial=00;start_type=ATG;rbs_motif=AGGAG/GGAGG;rbs_spacer=11-12bp;gc,14.0
VISH01000002.1_1692,C,C,C,S,ID=2_1692;partial=00;start_type=ATG;rbs_motif=AGGAG;rbs_spacer=5-10bp;gc_cont=0.459,ID=2_1692;partial=00;start_type=ATG;rbs_motif=AGGAG;rbs_spacer=5-10bp;gc,14.0
WNKV01000018.1_33,C,C,C,A,ID=9_33;partial=00;start_type=ATG;rbs_motif=AGGAG;rbs_spacer=5-10bp;gc_cont=0.660,ID=9_33;partial=00;start_type=ATG;rbs_motif=AGGAG;rbs_spacer=5-10bp;gc,13.0
JAAFHB010000376.1_5,C,C,C,S,ID=372_5;partial=01;start_type=ATG;rbs_motif=TAAA;rbs_spacer=11bp;gc_cont=0.451,ID=372_5;partial=01;start_type=ATG;rbs_motif=TAAA;rbs_spacer=11bp;gc,14.0
WOZS01000025.1_17,C,C,C,A,ID=3_17;partial=00;start_type=ATG;rbs_motif=GGAGG;rbs_spacer=5-10bp;gc_cont=0.599,ID=3_17;partial=00;start_type=ATG;rbs_motif=GGAGG;rbs_spacer=5-10bp;gc,13.0
JAAZBG010000126.1_7,C,C,C,S,ID=110_7;partial=00;start_type=ATG;rbs_motif=AGGAGG;rbs_spacer=5-10bp;gc_cont=0.456,ID=110_7;partial=00;start_type=ATG;rbs_motif=AGGAGG;rbs_spacer=5-10bp;gc,14.0
JABDRL010000192.1_3,C,C,C,S,ID=163_3;partial=00;start_type=GTG;rbs_motif=GGAG/GAGG;rbs_spacer=5-10bp;gc_cont=0.689,ID=163_3;partial=00;start_type=GTG;rbs_motif=GGAG/GAGG;rbs_spacer=5-10bp;gc,14.0
JAADGP010000120.1_26,C,C,C,S,ID=32_26;partial=00;start_type=ATG;rbs_motif=AGGAG;rbs_spacer=5-10bp;gc_cont=0.490,ID=32_26;partial=00;start_type=ATG;rbs_motif=AGGAG;rbs_spacer=5-10bp;gc,14.0
JAAXXJ010000492.1_2,C,C,C,S,ID=480_2;partial=00;start_type=ATG;rbs_motif=AGGA;rbs_spacer=5-10bp;gc_cont=0.518,ID=480_2;partial=00;start_type=ATG;rbs_motif=AGGA;rbs_spacer=5-10bp;gc,14.0
JACABA010000002.1_1097,C,C,C,A,ID=12_1097;partial=00;start_type=ATG;rbs_motif=GGA/GAG/AGG;rbs_spacer=11-12bp;gc_cont=0.624,ID=12_1097;partial=00;start_type=ATG;rbs_motif=GGA/GAG/AGG;rbs_spacer=11-12bp;gc,13.0
PNOC01000073.1_15,C,C,C,S,ID=73_15;partial=00;start_type=ATG;rbs_motif=GGAGG;rbs_spacer=5-10bp;gc_cont=0.529,ID=73_15;partial=00;start_type=ATG;rbs_motif=GGAGG;rbs_spacer=5-10bp;gc,14.0
CP050848.1_1506,C,C,C,S,ID=1_1506;partial=00;start_type=ATG;rbs_motif=GGA/GAG/AGG;rbs_spacer=5-10bp;gc_cont=0.635,ID=1_1506;partial=00;start_type=ATG;rbs_motif=GGA/GAG/AGG;rbs_spacer=5-10bp;gc,14.0
JADGCQ010000067.1_4,C,C,C,S,ID=183_4;partial=00;start_type=ATG;rbs_motif=GGAG/GAGG;rbs_spacer=5-10bp;gc_cont=0.508,ID=183_4;partial=00;start_type=ATG;rbs_motif=GGAG/GAGG;rbs_spacer=5-10bp;gc,14.0
JADFXP010000003.1_32,C,C,C,S,ID=33_32;partial=00;start_type=ATG;rbs_motif=AGGAG;rbs_spacer=5-10bp;gc_cont=0.395,ID=33_32;partial=00;start_type=ATG;rbs_motif=AGGAG;rbs_spacer=5-10bp;gc,14.0
JAATFX010000136.1_7,C,C,C,S,ID=144_7;partial=00;start_type=ATG;rbs_motif=GGAGG;rbs_spacer=5-10bp;gc_cont=0.563,ID=144_7;partial=00;start_type=ATG;rbs_motif=GGAGG;rbs_spacer=5-10bp;gc,14.0
JACQEX010000062.1_9,C,C,C,S,ID=72_9;partial=00;start_type=ATG;rbs_motif=AGGAG;rbs_spacer=5-10bp;gc_cont=0.557,ID=72_9;partial=00;start_type=ATG;rbs_motif=AGGAG;rbs_spacer=5-10bp;gc,14.0
JACRMN010000017.1_77,C,C,C,S,ID=12_77;partial=00;start_type=ATG;rbs_motif=GGAGG;rbs_spacer=5-10bp;gc_cont=0.680,ID=12_77;partial=00;start_type=ATG;rbs_motif=GGAGG;rbs_spacer=5-10bp;gc,14.0
JACRCD010000018.1_13,C,C,C,S,ID=75_13;partial=00;start_type=ATG;rbs_motif=GGAG/GAGG;rbs_spacer=5-10bp;gc_cont=0.600,ID=75_13;partial=00;start_type=ATG;rbs_motif=GGAG/GAGG;rbs_spacer=5-10bp;gc,14.0
JADQBQ010000019.1_103,C,C,C,S,ID=56_103;partial=00;start_type=ATG;rbs_motif=AGGAGG;rbs_spacer=11-12bp;gc_cont=0.542,ID=56_103;partial=00;start_type=ATG;rbs_motif=AGGAGG;rbs_spacer=11-12bp;gc,14.0
CP064986.1_4220,C,C,C,S,ID=1_4220;partial=00;start_type=ATG;rbs_motif=AGGAG;rbs_spacer=5-10bp;gc_cont=0.622,ID=1_4220;partial=00;start_type=ATG;rbs_motif=AGGAG;rbs_spacer=5-10bp;gc,14.0
JADKAL010000003.1_62,C,C,C,S,ID=3_62;partial=00;start_type=ATG;rbs_motif=AGGAG;rbs_spacer=5-10bp;gc_cont=0.478,ID=3_62;partial=00;start_type=ATG;rbs_motif=AGGAG;rbs_spacer=5-10bp;gc,14.0
JAEUPH010000095.1_21,C,C,C,A,ID=9_21;partial=00;start_type=ATG;rbs_motif=AGGAG;rbs_spacer=5-10bp;gc_cont=0.649,ID=9_21;partial=00;start_type=ATG;rbs_motif=AGGAG;rbs_spacer=5-10bp;gc,13.0
JAFGMZ010000066.1_7,C,C,C,S,ID=64_7;partial=00;start_type=ATG;rbs_motif=None;rbs_spacer=None;gc_cont=0.551,ID=64_7;partial=00;start_type=ATG;rbs_motif=None;rbs_spacer=None;gc,14.0
JAFGXQ010000066.1_7,C,C,C,S,ID=176_7;partial=00;start_type=ATG;rbs_motif=GGAG/GAGG;rbs_spacer=5-10bp;gc_cont=0.506,ID=176_7;partial=00;start_type=ATG;rbs_motif=GGAG/GAGG;rbs_spacer=5-10bp;gc,14.0
JAFKMU010000048.1_86,C,C,C,S,ID=32_86;partial=00;start_type=ATG;rbs_motif=None;rbs_spacer=None;gc_cont=0.635,ID=32_86;partial=00;start_type=ATG;rbs_motif=None;rbs_spacer=None;gc,14.0
JAFSJW010000089.1_32,C,C,C,G,ID=77_32;partial=00;start_type=ATG;rbs_motif=GGAG/GAGG;rbs_spacer=5-10bp;gc_cont=0.474,ID=77_32;partial=00;start_type=ATG;rbs_motif=GGAG/GAGG;rbs_spacer=5-10bp;gc,13.0
JAFUWN010000063.1_10,C,C,C,G,ID=36_10;partial=00;start_type=ATG;rbs_motif=AGGAG;rbs_spacer=5-10bp;gc_cont=0.478,ID=36_10;partial=00;start_type=ATG;rbs_motif=AGGAG;rbs_spacer=5-10bp;gc,13.0
JAFZLJ010000009.1_3,C,C,C,G,ID=88_3;partial=00;start_type=ATG;rbs_motif=None;rbs_spacer=None;gc_cont=0.400,ID=88_3;partial=00;start_type=ATG;rbs_motif=None;rbs_spacer=None;gc,13.0
JAGCGO010000100.1_56,C,C,C,G,ID=116_56;partial=00;start_type=ATG;rbs_motif=GGAG/GAGG;rbs_spacer=5-10bp;gc_cont=0.494,ID=116_56;partial=00;start_type=ATG;rbs_motif=GGAG/GAGG;rbs_spacer=5-10bp;gc,13.0
JAGGAD010000016.1_54,C,C,C,S,ID=59_54;partial=00;start_type=ATG;rbs_motif=AGGAG;rbs_spacer=5-10bp;gc_cont=0.445,ID=59_54;partial=00;start_type=ATG;rbs_motif=AGGAG;rbs_spacer=5-10bp;gc,14.0
JAGCRJ010000255.1_1,C,C,C,S,ID=99_1;partial=00;start_type=ATG;rbs_motif=GGAGG;rbs_spacer=5-10bp;gc_cont=0.492,ID=99_1;partial=00;start_type=ATG;rbs_motif=GGAGG;rbs_spacer=5-10bp;gc,14.0
JAHAJA010000003.1_108,C,C,C,S,ID=70_108;partial=00;start_type=ATG;rbs_motif=AGGAGG;rbs_spacer=5-10bp;gc_cont=0.389,ID=70_108;partial=00;start_type=ATG;rbs_motif=AGGAGG;rbs_spacer=5-10bp;gc,14.0
JAHJLI010000255.1_15,C,C,C,S,ID=308_15;partial=00;start_type=ATG;rbs_motif=AGGA;rbs_spacer=5-10bp;gc_cont=0.576,ID=308_15;partial=00;start_type=ATG;rbs_motif=AGGA;rbs_spacer=5-10bp;gc,14.0
JAGVUB010000109.1_7,C,C,C,S,ID=201_7;partial=00;start_type=ATG;rbs_motif=None;rbs_spacer=None;gc_cont=0.650,ID=201_7;partial=00;start_type=ATG;rbs_motif=None;rbs_spacer=None;gc,14.0
JAGVAH010000085.1_3,C,C,C,S,ID=43_3;partial=00;start_type=ATG;rbs_motif=GGAG/GAGG;rbs_spacer=5-10bp;gc_cont=0.649,ID=43_3;partial=00;start_type=ATG;rbs_motif=GGAG/GAGG;rbs_spacer=5-10bp;gc,14.0
JAGRHA010000290.1_20,C,C,C,S,ID=151_20;partial=00;start_type=ATG;rbs_motif=AGGAG;rbs_spacer=5-10bp;gc_cont=0.590,ID=151_20;partial=00;start_type=ATG;rbs_motif=AGGAG;rbs_spacer=5-10bp;gc,14.0
DYIY01000011.1_34,C,C,C,S,ID=37_34;partial=00;start_type=ATG;rbs_motif=AGGAG;rbs_spacer=5-10bp;gc_cont=0.612,ID=37_34;partial=00;start_type=ATG;rbs_motif=AGGAG;rbs_spacer=5-10bp;gc,14.0
JAJQDL010000088.1_17,C,C,C,G,ID=172_17;partial=00;start_type=ATG;rbs_motif=AGGAGG;rbs_spacer=5-10bp;gc_cont=0.523,ID=172_17;partial=00;start_type=ATG;rbs_motif=AGGAGG;rbs_spacer=5-10bp;gc,13.0
JAKFWS010000136.1_42,C,C,C,A,ID=51_42;partial=00;start_type=ATG;rbs_motif=GGAG/GAGG;rbs_spacer=5-10bp;gc_cont=0.604,ID=51_42;partial=00;start_type=ATG;rbs_motif=GGAG/GAGG;rbs_spacer=5-10bp;gc,13.0
JAJYAS010000921.1_2,C,C,C,S,ID=3_2;partial=00;start_type=ATG;rbs_motif=AGGA;rbs_spacer=5-10bp;gc_cont=0.453,ID=3_2;partial=00;start_type=ATG;rbs_motif=AGGA;rbs_spacer=5-10bp;gc,14.0
JAJYGU010000124.1_3,C,C,C,S,ID=270_3;partial=00;start_type=ATG;rbs_motif=None;rbs_spacer=None;gc_cont=0.644,ID=270_3;partial=00;start_type=ATG;rbs_motif=None;rbs_spacer=None;gc,14.0
JAJYPS010000077.1_6,C,C,C,S,ID=113_6;partial=00;start_type=ATG;rbs_motif=GGAG/GAGG;rbs_spacer=5-10bp;gc_cont=0.646,ID=113_6;partial=00;start_type=ATG;rbs_motif=GGAG/GAGG;rbs_spacer=5-10bp;gc,14.0
JAJZHP010000094.1_6,C,C,C,S,ID=160_6;partial=00;start_type=ATG;rbs_motif=AGGAG;rbs_spacer=5-10bp;gc_cont=0.474,ID=160_6;partial=00;start_type=ATG;rbs_motif=AGGAG;rbs_spacer=5-10bp;gc,14.0
JAKAXT010000006.1_6,C,C,C,A,ID=103_6;partial=00;start_type=ATG;rbs_motif=GGAG/GAGG;rbs_spacer=5-10bp;gc_cont=0.624,ID=103_6;partial=00;start_type=ATG;rbs_motif=GGAG/GAGG;rbs_spacer=5-10bp;gc,13.0
JAKAFN010000004.1_30,C,C,C,A,ID=1_30;partial=00;start_type=ATG;rbs_motif=GGAG/GAGG;rbs_spacer=5-10bp;gc_cont=0.583,ID=1_30;partial=00;start_type=ATG;rbs_motif=GGAG/GAGG;rbs_spacer=5-10bp;gc,13.0
JAJZPZ010000108.1_1,C,C,C,S,ID=5_1;partial=10;start_type=ATG;rbs_motif=GGAGG;rbs_spacer=5-10bp;gc_cont=0.493,ID=5_1;partial=10;start_type=ATG;rbs_motif=GGAGG;rbs_spacer=5-10bp;gc,14.0
JAKSBO010000409.1_2,C,C,C,S,ID=749_2;partial=00;start_type=ATG;rbs_motif=AGGAG;rbs_spacer=5-10bp;gc_cont=0.580,ID=749_2;partial=00;start_type=ATG;rbs_motif=AGGAG;rbs_spacer=5-10bp;gc,14.0
JAFLJO010000020.1_4,C,C,C,S,ID=100_4;partial=00;start_type=ATG;rbs_motif=GGAG/GAGG;rbs_spacer=5-10bp;gc_cont=0.482,ID=100_4;partial=00;start_type=ATG;rbs_motif=GGAG/GAGG;rbs_spacer=5-10bp;gc,14.0
JALOBS010000034.1_11,C,C,C,S,ID=19_11;partial=00;start_type=ATG;rbs_motif=AGGAG;rbs_spacer=5-10bp;gc_cont=0.478,ID=19_11;partial=00;start_type=ATG;rbs_motif=AGGAG;rbs_spacer=5-10bp;gc,14.0
JAEWIZ010000034.1_74,C,C,C,S,ID=25_74;partial=00;start_type=ATG;rbs_motif=AGGAGG;rbs_spacer=5-10bp;gc_cont=0.450,ID=25_74;partial=00;start_type=ATG;rbs_motif=AGGAGG;rbs_spacer=5-10bp;gc,14.0
JAEWMQ010000078.1_16,C,C,C,S,ID=46_16;partial=00;start_type=ATG;rbs_motif=AGGAGG;rbs_spacer=5-10bp;gc_cont=0.371,ID=46_16;partial=00;start_type=ATG;rbs_motif=AGGAGG;rbs_spacer=5-10bp;gc,14.0
JAEWQJ010000036.1_27,C,C,C,S,ID=22_27;partial=00;start_type=ATG;rbs_motif=AGGAG;rbs_spacer=5-10bp;gc_cont=0.462,ID=22_27;partial=00;start_type=ATG;rbs_motif=AGGAG;rbs_spacer=5-10bp;gc,14.0
JAEYPP010000074.1_56,C,C,C,S,ID=41_56;partial=00;start_type=ATG;rbs_motif=AGGAGG;rbs_spacer=5-10bp;gc_cont=0.393,ID=41_56;partial=00;start_type=ATG;rbs_motif=AGGAGG;rbs_spacer=5-10bp;gc,14.0
JAEZMV010000001.1_90,C,C,C,S,ID=23_90;partial=00;start_type=ATG;rbs_motif=GGAGG;rbs_spacer=5-10bp;gc_cont=0.452,ID=23_90;partial=00;start_type=ATG;rbs_motif=GGAGG;rbs_spacer=5-10bp;gc,14.0
JAEZYD010000022.1_126,C,C,C,S,ID=52_126;partial=00;start_type=ATG;rbs_motif=GGAG/GAGG;rbs_spacer=5-10bp;gc_cont=0.595,ID=52_126;partial=00;start_type=ATG;rbs_motif=GGAG/GAGG;rbs_spacer=5-10bp;gc,14.0
JAEZDJ010000054.1_8,C,C,C,S,ID=17_8;partial=00;start_type=ATG;rbs_motif=AGGAGG;rbs_spacer=5-10bp;gc_cont=0.589,ID=17_8;partial=00;start_type=ATG;rbs_motif=AGGAGG;rbs_spacer=5-10bp;gc,14.0
JAEZJQ010000049.1_11,C,C,C,S,ID=108_11;partial=00;start_type=ATG;rbs_motif=AGGAG;rbs_spacer=5-10bp;gc_cont=0.497,ID=108_11;partial=00;start_type=ATG;rbs_motif=AGGAG;rbs_spacer=5-10bp;gc,14.0
JAEZNF010000046.1_1,C,C,C,S,ID=678_1;partial=00;start_type=ATG;rbs_motif=GGAGG;rbs_spacer=5-10bp;gc_cont=0.443,ID=678_1;partial=00;start_type=ATG;rbs_motif=GGAGG;rbs_spacer=5-10bp;gc,14.0
JAEWRI010000036.1_269,C,C,C,S,ID=36_269;partial=00;start_type=ATG;rbs_motif=GGAGG;rbs_spacer=5-10bp;gc_cont=0.566,ID=36_269;partial=00;start_type=ATG;rbs_motif=GGAGG;rbs_spacer=5-10bp;gc,14.0
JAAELO010000714.1_38,C,C,C,S,ID=714_38;partial=00;start_type=GTG;rbs_motif=AGGAG;rbs_spacer=5-10bp;gc_cont=0.365,ID=714_38;partial=00;start_type=GTG;rbs_motif=AGGAG;rbs_spacer=5-10bp;gc,14.0
JAGXIO010000085.1_15,C,C,C,S,ID=163_15;partial=00;start_type=ATG;rbs_motif=TAAA;rbs_spacer=5bp;gc_cont=0.490,ID=163_15;partial=00;start_type=ATG;rbs_motif=TAAA;rbs_spacer=5bp;gc,14.0
JAILEL010000377.1_2,C,C,C,G,ID=174_2;partial=00;start_type=ATG;rbs_motif=GGAG/GAGG;rbs_spacer=5-10bp;gc_cont=0.396,ID=174_2;partial=00;start_type=ATG;rbs_motif=GGAG/GAGG;rbs_spacer=5-10bp;gc,13.0
JAILQF010000113.1_17,C,C,C,G,ID=476_17;partial=00;start_type=ATG;rbs_motif=GGAGG;rbs_spacer=5-10bp;gc_cont=0.427,ID=476_17;partial=00;start_type=ATG;rbs_motif=GGAGG;rbs_spacer=5-10bp;gc,13.0
FNUU01000004.1_123,C,C,C,G,ID=29_123;partial=00;start_type=ATG;rbs_motif=GGAG/GAGG;rbs_spacer=5-10bp;gc_cont=0.452,ID=29_123;partial=00;start_type=ATG;rbs_motif=GGAG/GAGG;rbs_spacer=5-10bp;gc,13.0
ONDD01000006.1_53,C,C,C,G,ID=24_53;partial=00;start_type=ATG;rbs_motif=GGA/GAG/AGG;rbs_spacer=5-10bp;gc_cont=0.484,ID=24_53;partial=00;start_type=ATG;rbs_motif=GGA/GAG/AGG;rbs_spacer=5-10bp;gc,13.0
CAAFCW010000106.1_16,C,C,C,G,ID=106_16;partial=00;start_type=ATG;rbs_motif=AGGAGG;rbs_spacer=11-12bp;gc_cont=0.401,ID=106_16;partial=00;start_type=ATG;rbs_motif=AGGAGG;rbs_spacer=11-12bp;gc,13.0
CACXCG010000046.1_20,C,C,C,G,ID=46_20;partial=00;start_type=ATG;rbs_motif=AGGAG;rbs_spacer=5-10bp;gc_cont=0.426,ID=46_20;partial=00;start_type=ATG;rbs_motif=AGGAG;rbs_spacer=5-10bp;gc,13.0
CACZBM010000023.1_38,C,C,C,S,ID=23_38;partial=00;start_type=ATG;rbs_motif=AGGAG;rbs_spacer=5-10bp;gc_cont=0.431,ID=23_38;partial=00;start_type=ATG;rbs_motif=AGGAG;rbs_spacer=5-10bp;gc,14.0
CADAES010000025.1_21,C,C,C,G,ID=25_21;partial=00;start_type=ATG;rbs_motif=AGGAG;rbs_spacer=5-10bp;gc_cont=0.516,ID=25_21;partial=00;start_type=ATG;rbs_motif=AGGAG;rbs_spacer=5-10bp;gc,13.0
CADBXL010000013.1_37,C,C,C,G,ID=13_37;partial=00;start_type=ATG;rbs_motif=None;rbs_spacer=None;gc_cont=0.502,ID=13_37;partial=00;start_type=ATG;rbs_motif=None;rbs_spacer=None;gc,13.0
CADEEH010000049.1_15,C,C,C,A,ID=49_15;partial=00;start_type=ATG;rbs_motif=AGGAG;rbs_spacer=5-10bp;gc_cont=0.656,ID=49_15;partial=00;start_type=ATG;rbs_motif=AGGAG;rbs_spacer=5-10bp;gc,13.0
CAIMBM010000186.1_18,C,C,C,S,ID=186_18;partial=00;start_type=ATG;rbs_motif=GGAG/GAGG;rbs_spacer=5-10bp;gc_cont=0.670,ID=186_18;partial=00;start_type=ATG;rbs_motif=GGAG/GAGG;rbs_spacer=5-10bp;gc,14.0
CAIOST010000287.1_9,C,C,C,S,ID=287_9;partial=00;start_type=ATG;rbs_motif=AGGA;rbs_spacer=5-10bp;gc_cont=0.621,ID=287_9;partial=00;start_type=ATG;rbs_motif=AGGA;rbs_spacer=5-10bp;gc,14.0
CAIRAO010000136.1_6,C,C,C,S,ID=136_6;partial=00;start_type=ATG;rbs_motif=AGGAG;rbs_spacer=5-10bp;gc_cont=0.495,ID=136_6;partial=00;start_type=ATG;rbs_motif=AGGAG;rbs_spacer=5-10bp;gc,14.0
CAIUKZ010000157.1_4,C,C,C,S,ID=157_4;partial=00;start_type=ATG;rbs_motif=TAA;rbs_spacer=11bp;gc_cont=0.430,ID=157_4;partial=00;start_type=ATG;rbs_motif=TAA;rbs_spacer=11bp;gc,14.0
CAIWXH010000606.1_2,C,C,C,S,ID=606_2;partial=00;start_type=ATG;rbs_motif=AGGAG;rbs_spacer=5-10bp;gc_cont=0.634,ID=606_2;partial=00;start_type=ATG;rbs_motif=AGGAG;rbs_spacer=5-10bp;gc,14.0
CAIYYA010000184.1_10,C,C,C,A,ID=184_10;partial=00;start_type=ATG;rbs_motif=AGGAG;rbs_spacer=5-10bp;gc_cont=0.555,ID=184_10;partial=00;start_type=ATG;rbs_motif=AGGAG;rbs_spacer=5-10bp;gc,13.0
CAJCBL010000106.1_16,C,C,C,S,ID=106_16;partial=00;start_type=ATG;rbs_motif=None;rbs_spacer=None;gc_cont=0.620,ID=106_16;partial=00;start_type=ATG;rbs_motif=None;rbs_spacer=None;gc,14.0
CAJPFK010000001.1_180,C,C,C,A,ID=1_180;partial=00;start_type=ATG;rbs_motif=AGGAG;rbs_spacer=5-10bp;gc_cont=0.576,ID=1_180;partial=00;start_type=ATG;rbs_motif=AGGAG;rbs_spacer=5-10bp;gc,13.0
OV696605.1_1299,C,C,C,S,ID=1_1299;partial=00;start_type=ATG;rbs_motif=AGGAG;rbs_spacer=5-10bp;gc_cont=0.556,ID=1_1299;partial=00;start_type=ATG;rbs_motif=AGGAG;rbs_spacer=5-10bp;gc,14.0
NC_013854.1_810,C,C,C,A,ID=1_810;partial=00;start_type=ATG;rbs_motif=AGGAG;rbs_spacer=5-10bp;gc_cont=0.631,ID=1_810;partial=00;start_type=ATG;rbs_motif=AGGAG;rbs_spacer=5-10bp;gc,13.0
NC_009675.1_3093,C,C,C,S,ID=1_3093;partial=00;start_type=ATG;rbs_motif=AGGA;rbs_spacer=5-10bp;gc_cont=0.670,ID=1_3093;partial=00;start_type=ATG;rbs_motif=AGGA;rbs_spacer=5-10bp;gc,14.0
NC_011832.1_560,C,C,C,S,ID=1_560;partial=00;start_type=ATG;rbs_motif=AGGAG;rbs_spacer=5-10bp;gc_cont=0.569,ID=1_560;partial=00;start_type=ATG;rbs_motif=AGGAG;rbs_spacer=5-10bp;gc,14.0
NC_014501.1_3657,C,C,C,S,ID=1_3657;partial=00;start_type=ATG;rbs_motif=GGAG/GAGG;rbs_spacer=5-10bp;gc_cont=0.454,ID=1_3657;partial=00;start_type=ATG;rbs_motif=GGAG/GAGG;rbs_spacer=5-10bp;gc,14.0
NZ_ADKM02000008.1_9,C,C,C,G,ID=129_9;partial=00;start_type=ATG;rbs_motif=AGGAGG;rbs_spacer=5-10bp;gc_cont=0.442,ID=129_9;partial=00;start_type=ATG;rbs_motif=AGGAGG;rbs_spacer=5-10bp;gc,13.0
NC_015709.1_1307,C,C,C,A,ID=1_1307;partial=00;start_type=ATG;rbs_motif=GGAG/GAGG;rbs_spacer=5-10bp;gc_cont=0.477,ID=1_1307;partial=00;start_type=ATG;rbs_motif=GGAG/GAGG;rbs_spacer=5-10bp;gc,13.0
NZ_BAEV01000046.1_22,C,C,C,S,ID=198_22;partial=00;start_type=ATG;rbs_motif=AGGAGG;rbs_spacer=5-10bp;gc_cont=0.336,ID=198_22;partial=00;start_type=ATG;rbs_motif=AGGAGG;rbs_spacer=5-10bp;gc,14.0
NC_017249.1_7926,C,C,C,A,ID=1_7926;partial=00;start_type=ATG;rbs_motif=AGGA;rbs_spacer=5-10bp;gc_cont=0.559,ID=1_7926;partial=00;start_type=ATG;rbs_motif=AGGA;rbs_spacer=5-10bp;gc,13.0
NZ_ALVZ01000230.1_8,C,C,C,S,ID=230_8;partial=00;start_type=ATG;rbs_motif=None;rbs_spacer=None;gc_cont=0.417,ID=230_8;partial=00;start_type=ATG;rbs_motif=None;rbs_spacer=None;gc,14.0
NZ_KB889963.1_944,C,C,C,A,ID=1_944;partial=00;start_type=ATG;rbs_motif=GGAG/GAGG;rbs_spacer=5-10bp;gc_cont=0.605,ID=1_944;partial=00;start_type=ATG;rbs_motif=GGAG/GAGG;rbs_spacer=5-10bp;gc,13.0
NC_021182.1_3327,C,C,C,S,ID=1_3327;partial=00;start_type=ATG;rbs_motif=AGGAGG;rbs_spacer=5-10bp;gc_cont=0.343,ID=1_3327;partial=00;start_type=ATG;rbs_motif=AGGAGG;rbs_spacer=5-10bp;gc,14.0
NZ_AUJU01000016.1_98,C,C,C,G,ID=15_98;partial=00;start_type=ATG;rbs_motif=AGGAGG;rbs_spacer=5-10bp;gc_cont=0.410,ID=15_98;partial=00;start_type=ATG;rbs_motif=AGGAGG;rbs_spacer=5-10bp;gc,13.0
NZ_AUBP01000007.1_114,C,C,C,S,ID=6_114;partial=00;start_type=ATG;rbs_motif=GGA/GAG/AGG;rbs_spacer=5-10bp;gc_cont=0.547,ID=6_114;partial=00;start_type=ATG;rbs_motif=GGA/GAG/AGG;rbs_spacer=5-10bp;gc,14.0
NZ_AXAL01000020.1_37,C,C,C,A,ID=11_37;partial=00;start_type=ATG;rbs_motif=GGA/GAG/AGG;rbs_spacer=5-10bp;gc_cont=0.593,ID=11_37;partial=00;start_type=ATG;rbs_motif=GGA/GAG/AGG;rbs_spacer=5-10bp;gc,13.0
NZ_KI912105.1_2470,C,C,C,S,ID=5_2470;partial=00;start_type=ATG;rbs_motif=TAAA;rbs_spacer=11bp;gc_cont=0.506,ID=5_2470;partial=00;start_type=ATG;rbs_motif=TAAA;rbs_spacer=11bp;gc,14.0
NZ_KK073873.1_2548,C,C,C,S,ID=1_2548;partial=00;start_type=ATG;rbs_motif=TAAAA;rbs_spacer=14bp;gc_cont=0.412,ID=1_2548;partial=00;start_type=ATG;rbs_motif=TAAAA;rbs_spacer=14bp;gc,14.0
NZ_JNKI01000003.1_86,C,C,C,G,ID=3_86;partial=00;start_type=ATG;rbs_motif=GGAGG;rbs_spacer=5-10bp;gc_cont=0.469,ID=3_86;partial=00;start_type=ATG;rbs_motif=GGAGG;rbs_spacer=5-10bp;gc,13.0
NZ_KN050804.1_45,C,C,C,A,ID=2_45;partial=00;start_type=ATG;rbs_motif=AGGA;rbs_spacer=5-10bp;gc_cont=0.562,ID=2_45;partial=00;start_type=ATG;rbs_motif=AGGA;rbs_spacer=5-10bp;gc,13.0
NZ_JYNS01000019.1_37,C,C,C,A,ID=19_37;partial=00;start_type=ATG;rbs_motif=GGAG/GAGG;rbs_spacer=5-10bp;gc_cont=0.610,ID=19_37;partial=00;start_type=ATG;rbs_motif=GGAG/GAGG;rbs_spacer=5-10bp;gc,13.0
NZ_LATL02000154.1_17,C,C,C,S,ID=154_17;partial=00;start_type=ATG;rbs_motif=GGAG/GAGG;rbs_spacer=5-10bp;gc_cont=0.464,ID=154_17;partial=00;start_type=ATG;rbs_motif=GGAG/GAGG;rbs_spacer=5-10bp;gc,14.0
NZ_LJIC01000031.1_8,C,C,C,A,ID=154_8;partial=00;start_type=ATG;rbs_motif=GGA/GAG/AGG;rbs_spacer=11-12bp;gc_cont=0.619,ID=154_8;partial=00;start_type=ATG;rbs_motif=GGA/GAG/AGG;rbs_spacer=11-12bp;gc,13.0
NZ_LN997848.1_3631,C,C,C,S,ID=1_3631;partial=00;start_type=ATG;rbs_motif=AGGAG;rbs_spacer=5-10bp;gc_cont=0.652,ID=1_3631;partial=00;start_type=ATG;rbs_motif=AGGAG;rbs_spacer=5-10bp;gc,14.0
NZ_LVEM01000003.1_1171,C,C,C,A,ID=16_1171;partial=00;start_type=ATG;rbs_motif=AGGA;rbs_spacer=5-10bp;gc_cont=0.553,ID=16_1171;partial=00;start_type=ATG;rbs_motif=AGGA;rbs_spacer=5-10bp;gc,13.0
NZ_MAGO01000009.1_87,C,C,C,S,ID=9_87;partial=00;start_type=ATG;rbs_motif=AGGAGG;rbs_spacer=5-10bp;gc_cont=0.466,ID=9_87;partial=00;start_type=ATG;rbs_motif=AGGAGG;rbs_spacer=5-10bp;gc,14.0
NZ_CP017448.1_865,C,C,C,S,ID=1_865;partial=00;start_type=ATG;rbs_motif=AGGAG;rbs_spacer=5-10bp;gc_cont=0.595,ID=1_865;partial=00;start_type=ATG;rbs_motif=AGGAG;rbs_spacer=5-10bp;gc,14.0
NZ_LSLJ01000002.1_14,C,C,C,S,ID=2_14;partial=00;start_type=ATG;rbs_motif=AGGAG;rbs_spacer=5-10bp;gc_cont=0.490,ID=2_14;partial=00;start_type=ATG;rbs_motif=AGGAG;rbs_spacer=5-10bp;gc,14.0
NZ_CP020873.1_730,C,C,C,S,ID=1_730;partial=00;start_type=ATG;rbs_motif=None;rbs_spacer=None;gc_cont=0.546,ID=1_730;partial=00;start_type=ATG;rbs_motif=None;rbs_spacer=None;gc,14.0
NZ_NPKH01000001.1_251,C,C,C,A,ID=26_251;partial=00;start_type=ATG;rbs_motif=GGAG/GAGG;rbs_spacer=5-10bp;gc_cont=0.595,ID=26_251;partial=00;start_type=ATG;rbs_motif=GGAG/GAGG;rbs_spacer=5-10bp;gc,13.0
NZ_CP023548.1_732,C,C,C,A,ID=1_732;partial=00;start_type=ATG;rbs_motif=AGGA;rbs_spacer=5-10bp;gc_cont=0.644,ID=1_732;partial=00;start_type=ATG;rbs_motif=AGGA;rbs_spacer=5-10bp;gc,13.0
NZ_PJNW01000023.1_47,C,C,C,S,ID=16_47;partial=00;start_type=ATG;rbs_motif=GGAG/GAGG;rbs_spacer=5-10bp;gc_cont=0.633,ID=16_47;partial=00;start_type=ATG;rbs_motif=GGAG/GAGG;rbs_spacer=5-10bp;gc,14.0
NZ_CP025015.1_218,C,C,C,A,ID=4_218;partial=00;start_type=ATG;rbs_motif=GGAG/GAGG;rbs_spacer=5-10bp;gc_cont=0.540,ID=4_218;partial=00;start_type=ATG;rbs_motif=GGAG/GAGG;rbs_spacer=5-10bp;gc,13.0
NZ_CP022188.1_223,C,C,C,S,ID=1_223;partial=00;start_type=ATG;rbs_motif=AGGAG;rbs_spacer=5-10bp;gc_cont=0.604,ID=1_223;partial=00;start_type=ATG;rbs_motif=AGGAG;rbs_spacer=5-10bp;gc,14.0
NZ_QKQS01000023.1_214,C,C,C,A,ID=23_214;partial=00;start_type=ATG;rbs_motif=GGA/GAG/AGG;rbs_spacer=11-12bp;gc_cont=0.628,ID=23_214;partial=00;start_type=ATG;rbs_motif=GGA/GAG/AGG;rbs_spacer=11-12bp;gc,13.0
NZ_QEII01000297.1_147,C,C,C,A,ID=297_147;partial=00;start_type=ATG;rbs_motif=GGAG/GAGG;rbs_spacer=5-10bp;gc_cont=0.570,ID=297_147;partial=00;start_type=ATG;rbs_motif=GGAG/GAGG;rbs_spacer=5-10bp;gc,13.0
NZ_RBXL01000001.1_521,C,C,C,S,ID=1_521;partial=00;start_type=ATG;rbs_motif=AGGAG;rbs_spacer=5-10bp;gc_cont=0.608,ID=1_521;partial=00;start_type=ATG;rbs_motif=AGGAG;rbs_spacer=5-10bp;gc,14.0
NZ_CP034450.1_4461,C,C,C,A,ID=1_4461;partial=00;start_type=ATG;rbs_motif=GGAG/GAGG;rbs_spacer=5-10bp;gc_cont=0.595,ID=1_4461;partial=00;start_type=ATG;rbs_motif=GGAG/GAGG;rbs_spacer=5-10bp;gc,13.0
NZ_RZOY02000024.1_20,C,C,C,A,ID=76_20;partial=00;start_type=ATG;rbs_motif=GGAG/GAGG;rbs_spacer=5-10bp;gc_cont=0.589,ID=76_20;partial=00;start_type=ATG;rbs_motif=GGAG/GAGG;rbs_spacer=5-10bp;gc,13.0
NZ_SIXC01000007.1_106,C,C,C,S,ID=32_106;partial=00;start_type=ATG;rbs_motif=GGAG/GAGG;rbs_spacer=5-10bp;gc_cont=0.610,ID=32_106;partial=00;start_type=ATG;rbs_motif=GGAG/GAGG;rbs_spacer=5-10bp;gc,14.0
NZ_SLWK01000010.1_131,C,C,C,S,ID=10_131;partial=00;start_type=ATG;rbs_motif=TAAA;rbs_spacer=11bp;gc_cont=0.480,ID=10_131;partial=00;start_type=ATG;rbs_motif=TAAA;rbs_spacer=11bp;gc,14.0
NZ_SSTC01000022.1_3,C,C,C,S,ID=112_3;partial=00;start_type=ATG;rbs_motif=AGGAG;rbs_spacer=5-10bp;gc_cont=0.623,ID=112_3;partial=00;start_type=ATG;rbs_motif=AGGAG;rbs_spacer=5-10bp;gc,14.0
NZ_VAUP01000035.1_65,C,C,C,A,ID=32_65;partial=00;start_type=ATG;rbs_motif=GGA/GAG/AGG;rbs_spacer=5-10bp;gc_cont=0.625,ID=32_65;partial=00;start_type=ATG;rbs_motif=GGA/GAG/AGG;rbs_spacer=5-10bp;gc,13.0
NZ_QMIE01000010.1_9,C,C,C,S,ID=2_9;partial=00;start_type=ATG;rbs_motif=AGGA;rbs_spacer=5-10bp;gc_cont=0.613,ID=2_9;partial=00;start_type=ATG;rbs_motif=AGGA;rbs_spacer=5-10bp;gc,14.0
NZ_RXYB01000019.1_32,C,C,C,S,ID=10_32;partial=00;start_type=ATG;rbs_motif=AGGAGG;rbs_spacer=5-10bp;gc_cont=0.432,ID=10_32;partial=00;start_type=ATG;rbs_motif=AGGAGG;rbs_spacer=5-10bp;gc,14.0
NZ_CP034911.1_418,C,C,C,A,ID=3_418;partial=00;start_type=ATG;rbs_motif=GGA/GAG/AGG;rbs_spacer=5-10bp;gc_cont=0.573,ID=3_418;partial=00;start_type=ATG;rbs_motif=GGA/GAG/AGG;rbs_spacer=5-10bp;gc,13.0
NZ_AP022810.1_2668,C,C,C,S,ID=1_2668;partial=00;start_type=ATG;rbs_motif=AGGAG;rbs_spacer=5-10bp;gc_cont=0.601,ID=1_2668;partial=00;start_type=ATG;rbs_motif=AGGAG;rbs_spacer=5-10bp;gc,14.0
NZ_AP021881.1_421,C,C,C,A,ID=1_421;partial=00;start_type=ATG;rbs_motif=AGGAG;rbs_spacer=5-10bp;gc_cont=0.496,ID=1_421;partial=00;start_type=ATG;rbs_motif=AGGAG;rbs_spacer=5-10bp;gc,13.0
NZ_WOTD01000003.1_25,C,C,C,A,ID=3_25;partial=00;start_type=ATG;rbs_motif=AGGAG;rbs_spacer=5-10bp;gc_cont=0.535,ID=3_25;partial=00;start_type=ATG;rbs_motif=AGGAG;rbs_spacer=5-10bp;gc,13.0
NZ_SPMZ01000036.1_68,C,C,C,S,ID=36_68;partial=00;start_type=ATG;rbs_motif=GGAG/GAGG;rbs_spacer=5-10bp;gc_cont=0.573,ID=36_68;partial=00;start_type=ATG;rbs_motif=GGAG/GAGG;rbs_spacer=5-10bp;gc,14.0
NZ_JABVWW010000006.1_42,C,C,C,A,ID=61_42;partial=00;start_type=ATG;rbs_motif=GGAG/GAGG;rbs_spacer=5-10bp;gc_cont=0.603,ID=61_42;partial=00;start_type=ATG;rbs_motif=GGAG/GAGG;rbs_spacer=5-10bp;gc,13.0
NZ_BLXZ01000001.1_6,C,C,C,S,ID=1_6;partial=00;start_type=ATG;rbs_motif=AGGAG;rbs_spacer=5-10bp;gc_cont=0.606,ID=1_6;partial=00;start_type=ATG;rbs_motif=AGGAG;rbs_spacer=5-10bp;gc,14.0
NZ_JACHVC010000008.1_87,C,C,C,S,ID=8_87;partial=00;start_type=ATG;rbs_motif=None;rbs_spacer=None;gc_cont=0.547,ID=8_87;partial=00;start_type=ATG;rbs_motif=None;rbs_spacer=None;gc,14.0
NZ_JACJSE010000007.1_145,C,C,C,S,ID=67_145;partial=00;start_type=ATG;rbs_motif=GGA/GAG/AGG;rbs_spacer=5-10bp;gc_cont=0.457,ID=67_145;partial=00;start_type=ATG;rbs_motif=GGA/GAG/AGG;rbs_spacer=5-10bp;gc,14.0
NZ_CP030050.1_1656,C,C,C,A,ID=1_1656;partial=00;start_type=ATG;rbs_motif=AGGA;rbs_spacer=5-10bp;gc_cont=0.571,ID=1_1656;partial=00;start_type=ATG;rbs_motif=AGGA;rbs_spacer=5-10bp;gc,13.0
NZ_JAEMHM010000013.1_57,C,C,C,S,ID=4_57;partial=00;start_type=ATG;rbs_motif=AGGAG;rbs_spacer=5-10bp;gc_cont=0.624,ID=4_57;partial=00;start_type=ATG;rbs_motif=AGGAG;rbs_spacer=5-10bp;gc,14.0
NZ_JAERQD010000103.1_4,C,C,C,A,ID=4_4;partial=00;start_type=ATG;rbs_motif=GGAG/GAGG;rbs_spacer=5-10bp;gc_cont=0.611,ID=4_4;partial=00;start_type=ATG;rbs_motif=GGAG/GAGG;rbs_spacer=5-10bp;gc,13.0
NZ_CP066203.1_560,C,C,C,S,ID=1_560;partial=00;start_type=ATG;rbs_motif=GGAG/GAGG;rbs_spacer=5-10bp;gc_cont=0.615,ID=1_560;partial=00;start_type=ATG;rbs_motif=GGAG/GAGG;rbs_spacer=5-10bp;gc,14.0
NZ_JAGGML010000001.1_2010,C,C,C,A,ID=1_2010;partial=00;start_type=ATG;rbs_motif=GGA/GAG/AGG;rbs_spacer=5-10bp;gc_cont=0.619,ID=1_2010;partial=00;start_type=ATG;rbs_motif=GGA/GAG/AGG;rbs_spacer=5-10bp;gc,13.0
NZ_JAGUCO010000002.1_298,C,C,C,S,ID=104_298;partial=00;start_type=ATG;rbs_motif=None;rbs_spacer=None;gc_cont=0.393,ID=104_298;partial=00;start_type=ATG;rbs_motif=None;rbs_spacer=None;gc,14.0
NZ_JAHLDP010000003.1_141,C,C,C,S,ID=3_141;partial=00;start_type=ATG;rbs_motif=GGAGG;rbs_spacer=5-10bp;gc_cont=0.347,ID=3_141;partial=00;start_type=ATG;rbs_motif=GGAGG;rbs_spacer=5-10bp;gc,14.0
NZ_JAILYH010000054.1_1,C,C,C,A,ID=85_1;partial=10;start_type=ATG;rbs_motif=GGA/GAG/AGG;rbs_spacer=5-10bp;gc_cont=0.577,ID=85_1;partial=10;start_type=ATG;rbs_motif=GGA/GAG/AGG;rbs_spacer=5-10bp;gc,13.0
NZ_JAGWCB010000020.1_121,C,C,C,A,ID=19_121;partial=00;start_type=ATG;rbs_motif=GGAG/GAGG;rbs_spacer=5-10bp;gc_cont=0.631,ID=19_121;partial=00;start_type=ATG;rbs_motif=GGAG/GAGG;rbs_spacer=5-10bp;gc,13.0
NZ_JAJNKE010000065.1_5,C,C,C,S,ID=62_5;partial=00;start_type=ATG;rbs_motif=GGAGG;rbs_spacer=5-10bp;gc_cont=0.354,ID=62_5;partial=00;start_type=ATG;rbs_motif=GGAGG;rbs_spacer=5-10bp;gc,14.0
NZ_JABWGX010000016.1_3,C,C,C,A,ID=7_3;partial=00;start_type=ATG;rbs_motif=GGA/GAG/AGG;rbs_spacer=5-10bp;gc_cont=0.612,ID=7_3;partial=00;start_type=ATG;rbs_motif=GGA/GAG/AGG;rbs_spacer=5-10bp;gc,13.0
NZ_JAKZKW010000022.1_37,C,C,C,S,ID=15_37;partial=00;start_type=ATG;rbs_motif=AGGAGG;rbs_spacer=5-10bp;gc_cont=0.659,ID=15_37;partial=00;start_type=ATG;rbs_motif=AGGAGG;rbs_spacer=5-10bp;gc,14.0
NZ_AP025591.1_4805,C,C,C,S,ID=1_4805;partial=00;start_type=ATG;rbs_motif=AGGAG;rbs_spacer=5-10bp;gc_cont=0.669,ID=1_4805;partial=00;start_type=ATG;rbs_motif=AGGAG;rbs_spacer=5-10bp;gc,14.0
NZ_JANADO010000001.1_5445,C,C,C,A,ID=1_5445;partial=00;start_type=ATG;rbs_motif=GGA/GAG/AGG;rbs_spacer=5-10bp;gc_cont=0.559,ID=1_5445;partial=00;start_type=ATG;rbs_motif=GGA/GAG/AGG;rbs_spacer=5-10bp;gc,13.0
NZ_CP080530.1_86,C,C,C,A,ID=4_86;partial=00;start_type=ATG;rbs_motif=GGAG/GAGG;rbs_spacer=5-10bp;gc_cont=0.605,ID=4_86;partial=00;start_type=ATG;rbs_motif=GGAG/GAGG;rbs_spacer=5-10bp;gc,13.0
NZ_FMUR01000007.1_127,C,C,C,G,ID=19_127;partial=00;start_type=ATG;rbs_motif=GGAGG;rbs_spacer=5-10bp;gc_cont=0.416,ID=19_127;partial=00;start_type=ATG;rbs_motif=GGAGG;rbs_spacer=5-10bp;gc,13.0
NZ_FNWO01000006.1_231,C,C,C,S,ID=12_231;partial=00;start_type=ATG;rbs_motif=AGGAG;rbs_spacer=5-10bp;gc_cont=0.620,ID=12_231;partial=00;start_type=ATG;rbs_motif=AGGAG;rbs_spacer=5-10bp;gc,14.0
NZ_FOQM01000030.1_6,C,C,C,A,ID=79_6;partial=00;start_type=ATG;rbs_motif=AGGA;rbs_spacer=5-10bp;gc_cont=0.560,ID=79_6;partial=00;start_type=ATG;rbs_motif=AGGA;rbs_spacer=5-10bp;gc,13.0
NZ_FQXK01000005.1_141,C,C,C,G,ID=40_141;partial=00;start_type=ATG;rbs_motif=GGAGG;rbs_spacer=5-10bp;gc_cont=0.427,ID=40_141;partial=00;start_type=ATG;rbs_motif=GGAGG;rbs_spacer=5-10bp;gc,13.0
NZ_FXAM01000003.1_22,C,C,C,A,ID=4_22;partial=00;start_type=ATG;rbs_motif=AGGAG;rbs_spacer=5-10bp;gc_cont=0.597,ID=4_22;partial=00;start_type=ATG;rbs_motif=AGGAG;rbs_spacer=5-10bp;gc,13.0
NZ_FXWP01000009.1_329,C,C,C,S,ID=18_329;partial=00;start_type=ATG;rbs_motif=GGAGG;rbs_spacer=5-10bp;gc_cont=0.560,ID=18_329;partial=00;start_type=ATG;rbs_motif=GGAGG;rbs_spacer=5-10bp;gc,14.0
NZ_LT960614.1_4349,C,C,C,A,ID=1_4349;partial=00;start_type=ATG;rbs_motif=GGAG/GAGG;rbs_spacer=5-10bp;gc_cont=0.621,ID=1_4349;partial=00;start_type=ATG;rbs_motif=GGAG/GAGG;rbs_spacer=5-10bp;gc,13.0
NZ_CADFGP010000059.1_3,C,C,C,A,ID=59_3;partial=00;start_type=GTG;rbs_motif=AGGAG;rbs_spacer=5-10bp;gc_cont=0.606,ID=59_3;partial=00;start_type=GTG;rbs_motif=AGGAG;rbs_spacer=5-10bp;gc,13.0
DBTT01000042.1_7,C,C,C,S,ID=50_7;partial=00;start_type=ATG;rbs_motif=AAAAA;rbs_spacer=7bp;gc_cont=0.483,ID=50_7;partial=00;start_type=ATG;rbs_motif=AAAAA;rbs_spacer=7bp;gc,14.0
JACQZP010000031.1_38,C,C,C,S,ID=21_38;partial=00;start_type=ATG;rbs_motif=AGGAG;rbs_spacer=5-10bp;gc_cont=0.475,ID=21_38;partial=00;start_type=ATG;rbs_motif=AGGAG;rbs_spacer=5-10bp;gc,14.0
JAEXDA010000039.1_108,C,C,C,S,ID=57_108;partial=00;start_type=ATG;rbs_motif=AGGAG;rbs_spacer=5-10bp;gc_cont=0.486,ID=57_108;partial=00;start_type=ATG;rbs_motif=AGGAG;rbs_spacer=5-10bp;gc,14.0
JAEYGM010000006.1_17,C,C,C,S,ID=34_17;partial=00;start_type=ATG;rbs_motif=AGGA;rbs_spacer=5-10bp;gc_cont=0.485,ID=34_17;partial=00;start_type=ATG;rbs_motif=AGGA;rbs_spacer=5-10bp;gc,14.0
NZ_CP010978.1_1015,C,C,C,S,ID=1_1015;partial=00;start_type=ATG;rbs_motif=AGGAG;rbs_spacer=5-10bp;gc_cont=0.446,ID=1_1015;partial=00;start_type=ATG;rbs_motif=AGGAG;rbs_spacer=5-10bp;gc,14.0
NZ_CP009526.1_3434,C,C,C,S,ID=1_3434;partial=00;start_type=ATG;rbs_motif=AGGA;rbs_spacer=5-10bp;gc_cont=0.428,ID=1_3434;partial=00;start_type=ATG;rbs_motif=AGGA;rbs_spacer=5-10bp;gc,14.0
NZ_QJTK01000011.1_24,C,C,C,S,ID=11_24;partial=00;start_type=ATG;rbs_motif=AGGA;rbs_spacer=5-10bp;gc_cont=0.607,ID=11_24;partial=00;start_type=ATG;rbs_motif=AGGA;rbs_spacer=5-10bp;gc,14.0
NZ_QUMK01000077.1_15,C,C,C,S,ID=134_15;partial=00;start_type=ATG;rbs_motif=GGA/GAG/AGG;rbs_spacer=5-10bp;gc_cont=0.628,ID=134_15;partial=00;start_type=ATG;rbs_motif=GGA/GAG/AGG;rbs_spacer=5-10bp;gc,14.0
NZ_CP059724.1_4289,C,C,C,S,ID=1_4289;partial=00;start_type=ATG;rbs_motif=GGAG/GAGG;rbs_spacer=5-10bp;gc_cont=0.482,ID=1_4289;partial=00;start_type=ATG;rbs_motif=GGAG/GAGG;rbs_spacer=5-10bp;gc,14.0
NZ_JACHXI010000008.1_97,C,C,C,S,ID=8_97;partial=00;start_type=ATG;rbs_motif=GGAG/GAGG;rbs_spacer=5-10bp;gc_cont=0.572,ID=8_97;partial=00;start_type=ATG;rbs_motif=GGAG/GAGG;rbs_spacer=5-10bp;gc,14.0
JAEZJL010000386.1_10,C,C,C,S,ID=110_10;partial=00;start_type=ATG;rbs_motif=AGGA;rbs_spacer=5-10bp;gc_cont=0.525,ID=110_10;partial=00;start_type=ATG;rbs_motif=AGGA;rbs_spacer=5-10bp;gc,14.0
LXQE01000005.1_13,C,C,C,S,ID=5_13;partial=00;start_type=ATG;rbs_motif=AGGAG;rbs_spacer=5-10bp;gc_cont=0.449,ID=5_13;partial=00;start_type=ATG;rbs_motif=AGGAG;rbs_spacer=5-10bp;gc,14.0
NZ_CP040094.1_2464,C,C,C,S,ID=1_2464;partial=00;start_type=ATG;rbs_motif=AGGAG;rbs_spacer=5-10bp;gc_cont=0.442,ID=1_2464;partial=00;start_type=ATG;rbs_motif=AGGAG;rbs_spacer=5-10bp;gc,14.0
NZ_QGTJ01000006.1_7,C,C,C,S,ID=6_7;partial=00;start_type=ATG;rbs_motif=AGGAG;rbs_spacer=5-10bp;gc_cont=0.637,ID=6_7;partial=00;start_type=ATG;rbs_motif=AGGAG;rbs_spacer=5-10bp;gc,14.0
KB904821.1_2325,C,C,C,S,ID=1_2325;partial=00;start_type=ATG;rbs_motif=AGGA/GGAG/GAGG;rbs_spacer=11-12bp;gc_cont=0.455,ID=1_2325;partial=00;start_type=ATG;rbs_motif=AGGA/GGAG/GAGG;rbs_spacer=11-12bp;gc,14.0
JUEB01000015.1_25,C,C,C,S,ID=15_25;partial=00;start_type=ATG;rbs_motif=GGAG/GAGG;rbs_spacer=5-10bp;gc_cont=0.567,ID=15_25;partial=00;start_type=ATG;rbs_motif=GGAG/GAGG;rbs_spacer=5-10bp;gc,14.0
LKPX01000013.1_54,C,C,C,S,ID=24_54;partial=00;start_type=ATG;rbs_motif=AGGAG;rbs_spacer=5-10bp;gc_cont=0.557,ID=24_54;partial=00;start_type=ATG;rbs_motif=AGGAG;rbs_spacer=5-10bp;gc,14.0
LWRO01000008.1_72,C,C,C,S,ID=89_72;partial=00;start_type=ATG;rbs_motif=AGGA;rbs_spacer=5-10bp;gc_cont=0.533,ID=89_72;partial=00;start_type=ATG;rbs_motif=AGGA;rbs_spacer=5-10bp;gc,14.0
MGZB01000002.1_149,C,C,C,S,ID=2_149;partial=00;start_type=ATG;rbs_motif=GGAGG;rbs_spacer=5-10bp;gc_cont=0.612,ID=2_149;partial=00;start_type=ATG;rbs_motif=GGAGG;rbs_spacer=5-10bp;gc,14.0
CP019936.1_1464,C,C,C,S,ID=1_1464;partial=00;start_type=ATG;rbs_motif=GGAG/GAGG;rbs_spacer=5-10bp;gc_cont=0.557,ID=1_1464;partial=00;start_type=ATG;rbs_motif=GGAG/GAGG;rbs_spacer=5-10bp;gc,14.0
DBDL01000061.1_9,K,C,C,G,ID=207_9;partial=00;start_type=ATG;rbs_motif=AGGAGG;rbs_spacer=5-10bp;gc_cont=0.423,ID=207_9;partial=00;start_type=ATG;rbs_motif=AGGAGG;rbs_spacer=5-10bp;gc,10.0
DBYR01000006.1_39,-,C,C,G,ID=35_39;partial=00;start_type=ATG;rbs_motif=TAAA;rbs_spacer=15bp;gc_cont=0.554,ID=35_39;partial=00;start_type=ATG;rbs_motif=TAAA;rbs_spacer=15bp;gc,9.0
DETD01000013.1_31,G,C,C,G,ID=10_31;partial=00;start_type=ATG;rbs_motif=AAAA;rbs_spacer=8bp;gc_cont=0.475,ID=10_31;partial=00;start_type=ATG;rbs_motif=AAAA;rbs_spacer=8bp;gc,10.0
DGUD01000199.1_15,K,C,C,G,ID=90_15;partial=00;start_type=ATG;rbs_motif=AGGAG;rbs_spacer=5-10bp;gc_cont=0.560,ID=90_15;partial=00;start_type=ATG;rbs_motif=AGGAG;rbs_spacer=5-10bp;gc,10.0
DHYT01000192.1_1,C,C,C,S,ID=227_1;partial=10;start_type=ATG;rbs_motif=GGAG/GAGG;rbs_spacer=5-10bp;gc_cont=0.626,ID=227_1;partial=10;start_type=ATG;rbs_motif=GGAG/GAGG;rbs_spacer=5-10bp;gc,14.0
DJBG01000053.1_18,K,C,C,G,ID=56_18;partial=00;start_type=ATG;rbs_motif=AGGAGG;rbs_spacer=5-10bp;gc_cont=0.472,ID=56_18;partial=00;start_type=ATG;rbs_motif=AGGAGG;rbs_spacer=5-10bp;gc,10.0
DASQ01000002.1_30,C,C,C,S,ID=42_30;partial=00;start_type=ATG;rbs_motif=GGAG/GAGG;rbs_spacer=5-10bp;gc_cont=0.604,ID=42_30;partial=00;start_type=ATG;rbs_motif=GGAG/GAGG;rbs_spacer=5-10bp;gc,14.0
PFJY01000119.1_19,C,C,C,S,ID=235_19;partial=00;start_type=ATG;rbs_motif=AGGAG;rbs_spacer=5-10bp;gc_cont=0.589,ID=235_19;partial=00;start_type=ATG;rbs_motif=AGGAG;rbs_spacer=5-10bp;gc,14.0
PKDC01000060.1_17,C,C,C,A,ID=36_17;partial=00;start_type=ATG;rbs_motif=AGGAG;rbs_spacer=5-10bp;gc_cont=0.610,ID=36_17;partial=00;start_type=ATG;rbs_motif=AGGAG;rbs_spacer=5-10bp;gc,13.0
PERY01000011.1_68,C,C,C,A,ID=11_68;partial=00;start_type=ATG;rbs_motif=GGAG/GAGG;rbs_spacer=5-10bp;gc_cont=0.589,ID=11_68;partial=00;start_type=ATG;rbs_motif=GGAG/GAGG;rbs_spacer=5-10bp;gc,13.0
PLZQ01000094.1_8,C,C,C,S,ID=164_8;partial=00;start_type=ATG;rbs_motif=None;rbs_spacer=None;gc_cont=0.649,ID=164_8;partial=00;start_type=ATG;rbs_motif=None;rbs_spacer=None;gc,14.0
PMNP01000108.1_4,C,C,C,S,ID=418_4;partial=00;start_type=ATG;rbs_motif=GGA/GAG/AGG;rbs_spacer=5-10bp;gc_cont=0.522,ID=418_4;partial=00;start_type=ATG;rbs_motif=GGA/GAG/AGG;rbs_spacer=5-10bp;gc,14.0
QKMY01000053.1_36,C,C,C,S,ID=13_36;partial=00;start_type=GTG;rbs_motif=AGGAG;rbs_spacer=5-10bp;gc_cont=0.479,ID=13_36;partial=00;start_type=GTG;rbs_motif=AGGAG;rbs_spacer=5-10bp;gc,14.0
QKGY01000297.1_6,C,C,C,S,ID=333_6;partial=00;start_type=ATG;rbs_motif=AGGAG;rbs_spacer=5-10bp;gc_cont=0.597,ID=333_6;partial=00;start_type=ATG;rbs_motif=AGGAG;rbs_spacer=5-10bp;gc,14.0
DNRQ01000168.1_6,C,C,C,S,ID=70_6;partial=00;start_type=ATG;rbs_motif=AGGAG;rbs_spacer=5-10bp;gc_cont=0.615,ID=70_6;partial=00;start_type=ATG;rbs_motif=AGGAG;rbs_spacer=5-10bp;gc,14.0
QZIL01000075.1_7,C,C,C,S,ID=99_7;partial=00;start_type=ATG;rbs_motif=AGGAGG;rbs_spacer=5-10bp;gc_cont=0.517,ID=99_7;partial=00;start_type=ATG;rbs_motif=AGGAGG;rbs_spacer=5-10bp;gc,14.0
RXIX01000063.1_9,C,C,C,S,ID=63_9;partial=00;start_type=ATG;rbs_motif=GGAG/GAGG;rbs_spacer=5-10bp;gc_cont=0.604,ID=63_9;partial=00;start_type=ATG;rbs_motif=GGAG/GAGG;rbs_spacer=5-10bp;gc,14.0
SCUU01000051.1_8,C,C,C,S,ID=207_8;partial=00;start_type=ATG;rbs_motif=AGGAG;rbs_spacer=5-10bp;gc_cont=0.569,ID=207_8;partial=00;start_type=ATG;rbs_motif=AGGAG;rbs_spacer=5-10bp;gc,14.0
SUGL01000022.1_63,C,C,C,A,ID=144_63;partial=00;start_type=ATG;rbs_motif=GGAG/GAGG;rbs_spacer=5-10bp;gc_cont=0.591,ID=144_63;partial=00;start_type=ATG;rbs_motif=GGAG/GAGG;rbs_spacer=5-10bp;gc,13.0
SLDV01000002.1_40,C,C,C,S,ID=167_40;partial=00;start_type=ATG;rbs_motif=AGGAG;rbs_spacer=5-10bp;gc_cont=0.534,ID=167_40;partial=00;start_type=ATG;rbs_motif=AGGAG;rbs_spacer=5-10bp;gc,14.0
SJPJ01000001.1_4344,C,C,C,S,ID=1_4344;partial=00;start_type=ATG;rbs_motif=AGGA;rbs_spacer=5-10bp;gc_cont=0.528,ID=1_4344;partial=00;start_type=ATG;rbs_motif=AGGA;rbs_spacer=5-10bp;gc,14.0
SRXB01000010.1_3,C,C,C,S,ID=567_3;partial=00;start_type=ATG;rbs_motif=AGGAG;rbs_spacer=5-10bp;gc_cont=0.586,ID=567_3;partial=00;start_type=ATG;rbs_motif=AGGAG;rbs_spacer=5-10bp;gc,14.0
POWB01000011.1_73,C,C,C,S,ID=2_73;partial=00;start_type=ATG;rbs_motif=AGGAG;rbs_spacer=5-10bp;gc_cont=0.594,ID=2_73;partial=00;start_type=ATG;rbs_motif=AGGAG;rbs_spacer=5-10bp;gc,14.0
WOZP01000077.1_7,C,C,C,A,ID=176_7;partial=01;start_type=Edge;rbs_motif=None;rbs_spacer=None;gc_cont=0.551,ID=176_7;partial=01;start_type=Edge;rbs_motif=None;rbs_spacer=None;gc,13.0
JAAYXD010000144.1_23,T,C,C,G,ID=170_23;partial=00;start_type=ATG;rbs_motif=AGGAGG;rbs_spacer=5-10bp;gc_cont=0.467,ID=170_23;partial=00;start_type=ATG;rbs_motif=AGGAGG;rbs_spacer=5-10bp;gc,10.0
JABDRH010000645.1_2,C,C,C,S,ID=562_2;partial=00;start_type=ATG;rbs_motif=AGGAG;rbs_spacer=5-10bp;gc_cont=0.608,ID=562_2;partial=00;start_type=ATG;rbs_motif=AGGAG;rbs_spacer=5-10bp;gc,14.0
JAADGO010000050.1_11,C,C,C,S,ID=35_11;partial=00;start_type=ATG;rbs_motif=AAGAT;rbs_spacer=14bp;gc_cont=0.440,ID=35_11;partial=00;start_type=ATG;rbs_motif=AAGAT;rbs_spacer=14bp;gc,14.0
JAAXXI010000006.1_50,C,C,C,S,ID=18_50;partial=00;start_type=ATG;rbs_motif=None;rbs_spacer=None;gc_cont=0.580,ID=18_50;partial=00;start_type=ATG;rbs_motif=None;rbs_spacer=None;gc,14.0
JACABD010000025.1_13,C,C,C,S,ID=45_13;partial=00;start_type=ATG;rbs_motif=AGGAG;rbs_spacer=5-10bp;gc_cont=0.561,ID=45_13;partial=00;start_type=ATG;rbs_motif=AGGAG;rbs_spacer=5-10bp;gc,14.0
JACERV010000025.1_3,C,C,C,S,ID=31_3;partial=00;start_type=ATG;rbs_motif=AGGAGG;rbs_spacer=5-10bp;gc_cont=0.403,ID=31_3;partial=00;start_type=ATG;rbs_motif=AGGAGG;rbs_spacer=5-10bp;gc,14.0
JACWAM010000126.1_2,C,C,C,S,ID=117_2;partial=00;start_type=GTG;rbs_motif=AGGAGG;rbs_spacer=5-10bp;gc_cont=0.655,ID=117_2;partial=00;start_type=GTG;rbs_motif=AGGAGG;rbs_spacer=5-10bp;gc,14.0
JADGBU010000001.1_65,C,C,C,S,ID=223_65;partial=00;start_type=ATG;rbs_motif=GGAGG;rbs_spacer=5-10bp;gc_cont=0.573,ID=223_65;partial=00;start_type=ATG;rbs_motif=GGAGG;rbs_spacer=5-10bp;gc,14.0
JADFXO010000112.1_4,C,C,C,S,ID=14_4;partial=00;start_type=ATG;rbs_motif=GGAGG;rbs_spacer=5-10bp;gc_cont=0.519,ID=14_4;partial=00;start_type=ATG;rbs_motif=GGAGG;rbs_spacer=5-10bp;gc,14.0
JAATFT010000030.1_8,C,C,C,S,ID=68_8;partial=00;start_type=ATG;rbs_motif=GGAGG;rbs_spacer=5-10bp;gc_cont=0.448,ID=68_8;partial=00;start_type=ATG;rbs_motif=GGAGG;rbs_spacer=5-10bp;gc,14.0
JACQZE010000003.1_431,C,C,C,S,ID=31_431;partial=00;start_type=ATG;rbs_motif=GGAGG;rbs_spacer=5-10bp;gc_cont=0.512,ID=31_431;partial=00;start_type=ATG;rbs_motif=GGAGG;rbs_spacer=5-10bp;gc,14.0
JACRMM010000013.1_1,C,C,C,S,ID=65_1;partial=00;start_type=ATG;rbs_motif=AGGAGG;rbs_spacer=5-10bp;gc_cont=0.632,ID=65_1;partial=00;start_type=ATG;rbs_motif=AGGAGG;rbs_spacer=5-10bp;gc,14.0
JACRBZ010000091.1_25,C,C,C,S,ID=72_25;partial=00;start_type=ATG;rbs_motif=GGAG/GAGG;rbs_spacer=5-10bp;gc_cont=0.521,ID=72_25;partial=00;start_type=ATG;rbs_motif=GGAG/GAGG;rbs_spacer=5-10bp;gc,14.0
JADQBH010000117.1_11,C,C,C,S,ID=7_11;partial=00;start_type=ATG;rbs_motif=None;rbs_spacer=None;gc_cont=0.487,ID=7_11;partial=00;start_type=ATG;rbs_motif=None;rbs_spacer=None;gc,14.0
CP065006.1_2997,C,C,C,S,ID=1_2997;partial=00;start_type=ATG;rbs_motif=AAAAAT;rbs_spacer=7bp;gc_cont=0.453,ID=1_2997;partial=00;start_type=ATG;rbs_motif=AAAAAT;rbs_spacer=7bp;gc,14.0
JADJUP010000003.1_188,C,C,C,S,ID=3_188;partial=00;start_type=ATG;rbs_motif=AGGAG;rbs_spacer=5-10bp;gc_cont=0.609,ID=3_188;partial=00;start_type=ATG;rbs_motif=AGGAG;rbs_spacer=5-10bp;gc,14.0
JAEUOT010000028.1_14,C,C,C,A,ID=45_14;partial=00;start_type=ATG;rbs_motif=AGGAG;rbs_spacer=5-10bp;gc_cont=0.626,ID=45_14;partial=00;start_type=ATG;rbs_motif=AGGAG;rbs_spacer=5-10bp;gc,13.0
JAFGKW010000034.1_6,C,C,C,S,ID=40_6;partial=00;start_type=ATG;rbs_motif=AGGAGG;rbs_spacer=5-10bp;gc_cont=0.497,ID=40_6;partial=00;start_type=ATG;rbs_motif=AGGAGG;rbs_spacer=5-10bp;gc,14.0
JAFGWW010000044.1_8,C,C,C,S,ID=219_8;partial=01;start_type=Edge;rbs_motif=None;rbs_spacer=None;gc_cont=0.598,ID=219_8;partial=01;start_type=Edge;rbs_motif=None;rbs_spacer=None;gc,14.0
JAFLDU010000241.1_10,C,C,C,A,ID=157_10;partial=00;start_type=ATG;rbs_motif=AGGAG;rbs_spacer=5-10bp;gc_cont=0.642,ID=157_10;partial=00;start_type=ATG;rbs_motif=AGGAG;rbs_spacer=5-10bp;gc,13.0
JAFTFE010000027.1_17,K,C,C,G,ID=109_17;partial=00;start_type=ATG;rbs_motif=AGGAGG;rbs_spacer=5-10bp;gc_cont=0.411,ID=109_17;partial=00;start_type=ATG;rbs_motif=AGGAGG;rbs_spacer=5-10bp;gc,10.0
JAFUTU010000042.1_35,T,C,C,G,ID=40_35;partial=00;start_type=ATG;rbs_motif=AGGAGG;rbs_spacer=5-10bp;gc_cont=0.488,ID=40_35;partial=00;start_type=ATG;rbs_motif=AGGAGG;rbs_spacer=5-10bp;gc,10.0
JAFZLF010000028.1_3,K,C,C,G,ID=28_3;partial=00;start_type=ATG;rbs_motif=GGAGG;rbs_spacer=5-10bp;gc_cont=0.506,ID=28_3;partial=00;start_type=ATG;rbs_motif=GGAGG;rbs_spacer=5-10bp;gc,10.0
JAGCGM010000079.1_5,-,C,C,G,ID=97_5;partial=00;start_type=ATG;rbs_motif=TAAA;rbs_spacer=15bp;gc_cont=0.547,ID=97_5;partial=00;start_type=ATG;rbs_motif=TAAA;rbs_spacer=15bp;gc,9.0
JAGGAC010000012.1_18,C,C,C,S,ID=63_18;partial=00;start_type=ATG;rbs_motif=AGGAG;rbs_spacer=5-10bp;gc_cont=0.468,ID=63_18;partial=00;start_type=ATG;rbs_motif=AGGAG;rbs_spacer=5-10bp;gc,14.0
JAGCPZ010000065.1_1,-,C,C,G,ID=65_1;partial=10;start_type=Edge;rbs_motif=None;rbs_spacer=None;gc_cont=0.479,ID=65_1;partial=10;start_type=Edge;rbs_motif=None;rbs_spacer=None;gc,9.0
JAGYPB010000031.1_7,C,C,C,S,ID=79_7;partial=00;start_type=ATG;rbs_motif=AGGAG;rbs_spacer=5-10bp;gc_cont=0.528,ID=79_7;partial=00;start_type=ATG;rbs_motif=AGGAG;rbs_spacer=5-10bp;gc,14.0
JAHJLB010000006.1_43,C,C,C,S,ID=2_43;partial=00;start_type=ATG;rbs_motif=GGAG/GAGG;rbs_spacer=5-10bp;gc_cont=0.650,ID=2_43;partial=00;start_type=ATG;rbs_motif=GGAG/GAGG;rbs_spacer=5-10bp;gc,14.0
JAGVSR010000023.1_9,C,C,C,A,ID=94_9;partial=00;start_type=ATG;rbs_motif=AGGAG;rbs_spacer=5-10bp;gc_cont=0.624,ID=94_9;partial=00;start_type=ATG;rbs_motif=AGGAG;rbs_spacer=5-10bp;gc,13.0
JAIFND010000120.1_2,C,C,C,S,ID=35_2;partial=00;start_type=ATG;rbs_motif=GGA/GAG/AGG;rbs_spacer=5-10bp;gc_cont=0.654,ID=35_2;partial=00;start_type=ATG;rbs_motif=GGA/GAG/AGG;rbs_spacer=5-10bp;gc,14.0
JAGUYQ010000017.1_2,C,C,C,S,ID=129_2;partial=00;start_type=ATG;rbs_motif=AGGAG;rbs_spacer=5-10bp;gc_cont=0.621,ID=129_2;partial=00;start_type=ATG;rbs_motif=AGGAG;rbs_spacer=5-10bp;gc,14.0
JAGRES010000015.1_140,C,C,C,A,ID=10_140;partial=00;start_type=ATG;rbs_motif=AGGAG;rbs_spacer=5-10bp;gc_cont=0.577,ID=10_140;partial=00;start_type=ATG;rbs_motif=AGGAG;rbs_spacer=5-10bp;gc,13.0
DYIL01000064.1_7,C,C,C,A,ID=91_7;partial=00;start_type=ATG;rbs_motif=GGAG/GAGG;rbs_spacer=5-10bp;gc_cont=0.583,ID=91_7;partial=00;start_type=ATG;rbs_motif=GGAG/GAGG;rbs_spacer=5-10bp;gc,13.0
JAJQDE010000041.1_88,T,C,C,G,ID=48_88;partial=00;start_type=ATG;rbs_motif=GGAG/GAGG;rbs_spacer=5-10bp;gc_cont=0.476,ID=48_88;partial=00;start_type=ATG;rbs_motif=GGAG/GAGG;rbs_spacer=5-10bp;gc,10.0
JAIPJC010000009.1_7,C,C,C,S,ID=3_7;partial=00;start_type=ATG;rbs_motif=AGGAG;rbs_spacer=5-10bp;gc_cont=0.613,ID=3_7;partial=00;start_type=ATG;rbs_motif=AGGAG;rbs_spacer=5-10bp;gc,14.0
JAJXYV010000180.1_2,C,C,C,A,ID=255_2;partial=00;start_type=ATG;rbs_motif=GGAG/GAGG;rbs_spacer=5-10bp;gc_cont=0.593,ID=255_2;partial=00;start_type=ATG;rbs_motif=GGAG/GAGG;rbs_spacer=5-10bp;gc,13.0
JAJYHA010000227.1_3,C,C,C,S,ID=178_3;partial=00;start_type=ATG;rbs_motif=AGGAG;rbs_spacer=5-10bp;gc_cont=0.690,ID=178_3;partial=00;start_type=ATG;rbs_motif=AGGAG;rbs_spacer=5-10bp;gc,14.0
JAJYPN010000048.1_10,C,C,C,A,ID=38_10;partial=00;start_type=ATG;rbs_motif=AGGAG;rbs_spacer=5-10bp;gc_cont=0.548,ID=38_10;partial=00;start_type=ATG;rbs_motif=AGGAG;rbs_spacer=5-10bp;gc,13.0
JAJZHJ010000079.1_5,C,C,C,S,ID=47_5;partial=00;start_type=ATG;rbs_motif=TAA;rbs_spacer=11bp;gc_cont=0.439,ID=47_5;partial=00;start_type=ATG;rbs_motif=TAA;rbs_spacer=11bp;gc,14.0
JAKAYF010000064.1_7,C,C,C,A,ID=61_7;partial=00;start_type=ATG;rbs_motif=GGAG/GAGG;rbs_spacer=5-10bp;gc_cont=0.539,ID=61_7;partial=00;start_type=ATG;rbs_motif=GGAG/GAGG;rbs_spacer=5-10bp;gc,13.0
JAKAYA010000091.1_3,C,C,C,A,ID=102_3;partial=00;start_type=ATG;rbs_motif=GGAG/GAGG;rbs_spacer=5-10bp;gc_cont=0.586,ID=102_3;partial=00;start_type=ATG;rbs_motif=GGAG/GAGG;rbs_spacer=5-10bp;gc,13.0
JAJZUU010000023.1_17,C,C,C,A,ID=16_17;partial=00;start_type=ATG;rbs_motif=AGGAG;rbs_spacer=5-10bp;gc_cont=0.642,ID=16_17;partial=00;start_type=ATG;rbs_motif=AGGAG;rbs_spacer=5-10bp;gc,13.0
JAKSBB010000367.1_4,C,C,C,S,ID=287_4;partial=00;start_type=ATG;rbs_motif=AGGA;rbs_spacer=5-10bp;gc_cont=0.580,ID=287_4;partial=00;start_type=ATG;rbs_motif=AGGA;rbs_spacer=5-10bp;gc,14.0
DYZU01000096.1_24,C,C,C,S,ID=67_24;partial=00;start_type=ATG;rbs_motif=AGGAGG;rbs_spacer=5-10bp;gc_cont=0.526,ID=67_24;partial=00;start_type=ATG;rbs_motif=AGGAGG;rbs_spacer=5-10bp;gc,14.0
JALOBP010000043.1_16,C,C,C,S,ID=120_16;partial=00;start_type=ATG;rbs_motif=AGGA;rbs_spacer=5-10bp;gc_cont=0.608,ID=120_16;partial=00;start_type=ATG;rbs_motif=AGGA;rbs_spacer=5-10bp;gc,14.0
JAEWIS010000017.1_67,T,C,C,S,ID=36_67;partial=00;start_type=ATG;rbs_motif=AGGAGG;rbs_spacer=5-10bp;gc_cont=0.579,ID=36_67;partial=00;start_type=ATG;rbs_motif=AGGAGG;rbs_spacer=5-10bp;gc,11.0
JAEWMJ010000048.1_29,C,C,C,S,ID=57_29;partial=00;start_type=ATG;rbs_motif=GGAGG;rbs_spacer=5-10bp;gc_cont=0.541,ID=57_29;partial=00;start_type=ATG;rbs_motif=GGAGG;rbs_spacer=5-10bp;gc,14.0
JAEWQC010000206.1_4,C,C,C,S,ID=65_4;partial=00;start_type=ATG;rbs_motif=AGGAGG;rbs_spacer=5-10bp;gc_cont=0.467,ID=65_4;partial=00;start_type=ATG;rbs_motif=AGGAGG;rbs_spacer=5-10bp;gc,14.0
JAEYPM010000037.1_12,C,C,C,S,ID=25_12;partial=00;start_type=ATG;rbs_motif=AGGAGG;rbs_spacer=5-10bp;gc_cont=0.396,ID=25_12;partial=00;start_type=ATG;rbs_motif=AGGAGG;rbs_spacer=5-10bp;gc,14.0
JAEZLY010000259.1_1,C,C,C,S,ID=162_1;partial=10;start_type=ATG;rbs_motif=GGAGG;rbs_spacer=5-10bp;gc_cont=0.492,ID=162_1;partial=10;start_type=ATG;rbs_motif=GGAGG;rbs_spacer=5-10bp;gc,14.0
JAEZXR010000134.1_73,C,C,C,S,ID=98_73;partial=00;start_type=ATG;rbs_motif=AGxAGG/AGGxGG;rbs_spacer=5-10bp;gc_cont=0.473,ID=98_73;partial=00;start_type=ATG;rbs_motif=AGxAGG/AGGxGG;rbs_spacer=5-10bp;gc,14.0
JAEZDF010000050.1_11,C,C,C,S,ID=106_11;partial=00;start_type=ATG;rbs_motif=AGGA;rbs_spacer=5-10bp;gc_cont=0.556,ID=106_11;partial=00;start_type=ATG;rbs_motif=AGGA;rbs_spacer=5-10bp;gc,14.0
JAEZJJ010000034.1_16,C,C,C,S,ID=49_16;partial=00;start_type=ATG;rbs_motif=AGGAGG;rbs_spacer=5-10bp;gc_cont=0.365,ID=49_16;partial=00;start_type=ATG;rbs_motif=AGGAGG;rbs_spacer=5-10bp;gc,14.0
JAEZNB010000060.1_5,C,C,C,S,ID=47_5;partial=00;start_type=ATG;rbs_motif=GGAGG;rbs_spacer=5-10bp;gc_cont=0.508,ID=47_5;partial=00;start_type=ATG;rbs_motif=GGAGG;rbs_spacer=5-10bp;gc,14.0
JACKPW010000028.1_44,C,C,C,S,ID=28_44;partial=00;start_type=ATG;rbs_motif=None;rbs_spacer=None;gc_cont=0.641,ID=28_44;partial=00;start_type=ATG;rbs_motif=None;rbs_spacer=None;gc,14.0
JAGXIR010000054.1_8,C,C,C,S,ID=113_8;partial=00;start_type=ATG;rbs_motif=None;rbs_spacer=None;gc_cont=0.489,ID=113_8;partial=00;start_type=ATG;rbs_motif=None;rbs_spacer=None;gc,14.0
JAILDQ010000004.1_9,T,C,C,G,ID=276_9;partial=00;start_type=ATG;rbs_motif=AGGAG;rbs_spacer=5-10bp;gc_cont=0.486,ID=276_9;partial=00;start_type=ATG;rbs_motif=AGGAG;rbs_spacer=5-10bp;gc,10.0
JAILPY010000017.1_2,K,C,C,G,ID=15_2;partial=00;start_type=ATG;rbs_motif=GGAG/GAGG;rbs_spacer=5-10bp;gc_cont=0.362,ID=15_2;partial=00;start_type=ATG;rbs_motif=GGAG/GAGG;rbs_spacer=5-10bp;gc,10.0
FOAY01000016.1_69,C,C,C,S,ID=22_69;partial=00;start_type=ATG;rbs_motif=GGAGG;rbs_spacer=5-10bp;gc_cont=0.560,ID=22_69;partial=00;start_type=ATG;rbs_motif=GGAGG;rbs_spacer=5-10bp;gc,14.0
ONEC01000076.1_13,T,C,C,S,ID=181_13;partial=00;start_type=ATG;rbs_motif=GGA/GAG/AGG;rbs_spacer=11-12bp;gc_cont=0.443,ID=181_13;partial=00;start_type=ATG;rbs_motif=GGA/GAG/AGG;rbs_spacer=11-12bp;gc,11.0
CAAFUF010000029.1_12,C,C,C,S,ID=29_12;partial=00;start_type=ATG;rbs_motif=AGGAGG;rbs_spacer=5-10bp;gc_cont=0.596,ID=29_12;partial=00;start_type=ATG;rbs_motif=AGGAGG;rbs_spacer=5-10bp;gc,14.0
CACXDI010000148.1_25,T,C,C,G,ID=148_25;partial=00;start_type=ATG;rbs_motif=AGGAG;rbs_spacer=5-10bp;gc_cont=0.553,ID=148_25;partial=00;start_type=ATG;rbs_motif=AGGAG;rbs_spacer=5-10bp;gc,10.0
CACZDK010000049.1_15,K,C,C,G,ID=49_15;partial=00;start_type=ATG;rbs_motif=AGGAG;rbs_spacer=5-10bp;gc_cont=0.501,ID=49_15;partial=00;start_type=ATG;rbs_motif=AGGAG;rbs_spacer=5-10bp;gc,10.0
CADAGC010000127.1_3,T,C,C,G,ID=127_3;partial=00;start_type=ATG;rbs_motif=AGGAG;rbs_spacer=5-10bp;gc_cont=0.502,ID=127_3;partial=00;start_type=ATG;rbs_motif=AGGAG;rbs_spacer=5-10bp;gc,10.0
CADBYQ010000287.1_2,G,C,C,G,ID=287_2;partial=00;start_type=ATG;rbs_motif=AGGAGG;rbs_spacer=5-10bp;gc_cont=0.512,ID=287_2;partial=00;start_type=ATG;rbs_motif=AGGAGG;rbs_spacer=5-10bp;gc,10.0
CAIFEX010000006.1_25,G,C,C,G,ID=6_25;partial=00;start_type=GTG;rbs_motif=AGGAG;rbs_spacer=5-10bp;gc_cont=0.408,ID=6_25;partial=00;start_type=GTG;rbs_motif=AGGAG;rbs_spacer=5-10bp;gc,10.0
CAIMCD010000005.1_83,C,C,C,S,ID=5_83;partial=00;start_type=ATG;rbs_motif=AGGA/GGAG/GAGG;rbs_spacer=11-12bp;gc_cont=0.545,ID=5_83;partial=00;start_type=ATG;rbs_motif=AGGA/GGAG/GAGG;rbs_spacer=11-12bp;gc,14.0
CAIOXL010000110.1_60,C,C,C,S,ID=110_60;partial=00;start_type=ATG;rbs_motif=AGGAG;rbs_spacer=5-10bp;gc_cont=0.563,ID=110_60;partial=00;start_type=ATG;rbs_motif=AGGAG;rbs_spacer=5-10bp;gc,14.0
CAIRBC010000355.1_7,C,C,C,S,ID=355_7;partial=00;start_type=ATG;rbs_motif=AGGAG;rbs_spacer=5-10bp;gc_cont=0.514,ID=355_7;partial=00;start_type=ATG;rbs_motif=AGGAG;rbs_spacer=5-10bp;gc,14.0
CAIULK010000099.1_4,C,C,C,S,ID=99_4;partial=00;start_type=ATG;rbs_motif=GGAG/GAGG;rbs_spacer=5-10bp;gc_cont=0.607,ID=99_4;partial=00;start_type=ATG;rbs_motif=GGAG/GAGG;rbs_spacer=5-10bp;gc,14.0
CAIXAE010000045.1_124,C,C,C,S,ID=45_124;partial=00;start_type=ATG;rbs_motif=GGAG/GAGG;rbs_spacer=5-10bp;gc_cont=0.399,ID=45_124;partial=00;start_type=ATG;rbs_motif=GGAG/GAGG;rbs_spacer=5-10bp;gc,14.0
CAIYYI010000652.1_7,C,C,C,S,ID=652_7;partial=00;start_type=ATG;rbs_motif=None;rbs_spacer=None;gc_cont=0.614,ID=652_7;partial=00;start_type=ATG;rbs_motif=None;rbs_spacer=None;gc,14.0
CAJEXL010000008.1_13,C,C,C,S,ID=8_13;partial=00;start_type=ATG;rbs_motif=None;rbs_spacer=None;gc_cont=0.513,ID=8_13;partial=00;start_type=ATG;rbs_motif=None;rbs_spacer=None;gc,14.0
OU461276.1_2722,C,C,C,S,ID=1_2722;partial=00;start_type=ATG;rbs_motif=AGGAG;rbs_spacer=5-10bp;gc_cont=0.434,ID=1_2722;partial=00;start_type=ATG;rbs_motif=AGGAG;rbs_spacer=5-10bp;gc,14.0
CAKSBP010000061.1_10,K,C,C,G,ID=61_10;partial=00;start_type=ATG;rbs_motif=AGGAGG;rbs_spacer=11-12bp;gc_cont=0.349,ID=61_10;partial=00;start_type=ATG;rbs_motif=AGGAGG;rbs_spacer=11-12bp;gc,10.0
NC_009712.1_1176,C,C,C,S,ID=1_1176;partial=00;start_type=ATG;rbs_motif=GGA/GAG/AGG;rbs_spacer=5-10bp;gc_cont=0.570,ID=1_1176;partial=00;start_type=ATG;rbs_motif=GGA/GAG/AGG;rbs_spacer=5-10bp;gc,14.0
NC_011894.1_3948,C,C,C,A,ID=1_3948;partial=00;start_type=ATG;rbs_motif=AGGAG;rbs_spacer=5-10bp;gc_cont=0.641,ID=1_3948;partial=00;start_type=ATG;rbs_motif=AGGAG;rbs_spacer=5-10bp;gc,13.0
NC_014507.1_259,C,C,C,S,ID=1_259;partial=00;start_type=ATG;rbs_motif=AGGAG;rbs_spacer=5-10bp;gc_cont=0.545,ID=1_259;partial=00;start_type=ATG;rbs_motif=AGGAG;rbs_spacer=5-10bp;gc,14.0
NC_015275.1_449,C,C,C,S,ID=1_449;partial=00;start_type=ATG;rbs_motif=AGGAGG;rbs_spacer=5-10bp;gc_cont=0.379,ID=1_449;partial=00;start_type=ATG;rbs_motif=AGGAGG;rbs_spacer=5-10bp;gc,14.0
NZ_AFWV01000003.1_363,C,C,C,S,ID=60_363;partial=00;start_type=ATG;rbs_motif=AGGAG;rbs_spacer=5-10bp;gc_cont=0.620,ID=60_363;partial=00;start_type=ATG;rbs_motif=AGGAG;rbs_spacer=5-10bp;gc,14.0
NC_016894.1_796,C,C,C,S,ID=1_796;partial=00;start_type=ATG;rbs_motif=AGGAGG;rbs_spacer=5-10bp;gc_cont=0.442,ID=1_796;partial=00;start_type=ATG;rbs_motif=AGGAGG;rbs_spacer=5-10bp;gc,14.0
NC_017059.1_2844,C,C,C,S,ID=1_2844;partial=00;start_type=ATG;rbs_motif=GGAG/GAGG;rbs_spacer=5-10bp;gc_cont=0.632,ID=1_2844;partial=00;start_type=ATG;rbs_motif=GGAG/GAGG;rbs_spacer=5-10bp;gc,14.0
NZ_KB235896.1_2762,C,C,C,S,ID=2_2762;partial=00;start_type=ATG;rbs_motif=GGAG/GAGG;rbs_spacer=5-10bp;gc_cont=0.431,ID=2_2762;partial=00;start_type=ATG;rbs_motif=GGAG/GAGG;rbs_spacer=5-10bp;gc,14.0
NZ_KB889967.1_3137,C,C,C,A,ID=1_3137;partial=00;start_type=ATG;rbs_motif=AGGAG;rbs_spacer=5-10bp;gc_cont=0.606,ID=1_3137;partial=00;start_type=ATG;rbs_motif=AGGAG;rbs_spacer=5-10bp;gc,13.0
NZ_CM001857.1_491,C,C,C,S,ID=1_491;partial=00;start_type=ATG;rbs_motif=GGAGG;rbs_spacer=5-10bp;gc_cont=0.579,ID=1_491;partial=00;start_type=ATG;rbs_motif=GGAGG;rbs_spacer=5-10bp;gc,14.0
NZ_AUJY01000002.1_228,K,C,C,G,ID=2_228;partial=00;start_type=ATG;rbs_motif=GGAGG;rbs_spacer=5-10bp;gc_cont=0.429,ID=2_228;partial=00;start_type=ATG;rbs_motif=GGAGG;rbs_spacer=5-10bp;gc,10.0
NZ_AUBQ01000013.1_159,C,C,C,S,ID=8_159;partial=00;start_type=ATG;rbs_motif=AGGAGG;rbs_spacer=5-10bp;gc_cont=0.631,ID=8_159;partial=00;start_type=ATG;rbs_motif=AGGAGG;rbs_spacer=5-10bp;gc,14.0
NZ_AXAP01000141.1_12,C,C,C,A,ID=46_12;partial=00;start_type=ATG;rbs_motif=AGGA;rbs_spacer=5-10bp;gc_cont=0.577,ID=46_12;partial=00;start_type=ATG;rbs_motif=AGGA;rbs_spacer=5-10bp;gc,13.0
NZ_KI912107.1_4062,C,C,C,S,ID=3_4062;partial=00;start_type=ATG;rbs_motif=AACAT;rbs_spacer=15bp;gc_cont=0.421,ID=3_4062;partial=00;start_type=ATG;rbs_motif=AACAT;rbs_spacer=15bp;gc,14.0
NZ_CP004078.1_3767,C,C,C,S,ID=1_3767;partial=00;start_type=ATG;rbs_motif=AGxAGG/AGGxGG;rbs_spacer=5-10bp;gc_cont=0.507,ID=1_3767;partial=00;start_type=ATG;rbs_motif=AGxAGG/AGGxGG;rbs_spacer=5-10bp;gc,14.0
NZ_JNKW01000004.1_158,K,C,C,G,ID=3_158;partial=00;start_type=ATG;rbs_motif=GGAG/GAGG;rbs_spacer=5-10bp;gc_cont=0.333,ID=3_158;partial=00;start_type=ATG;rbs_motif=GGAG/GAGG;rbs_spacer=5-10bp;gc,10.0
NZ_BBKT01000028.1_8,C,C,C,S,ID=74_8;partial=00;start_type=TTG;rbs_motif=GGAG/GAGG;rbs_spacer=5-10bp;gc_cont=0.394,ID=74_8;partial=00;start_type=TTG;rbs_motif=GGAG/GAGG;rbs_spacer=5-10bp;gc,14.0
NZ_JYNO01000012.1_55,C,C,C,S,ID=8_55;partial=00;start_type=ATG;rbs_motif=AGGA;rbs_spacer=5-10bp;gc_cont=0.592,ID=8_55;partial=00;start_type=ATG;rbs_motif=AGGA;rbs_spacer=5-10bp;gc,14.0
NZ_BAZW01000003.1_120,C,C,C,S,ID=210_120;partial=00;start_type=ATG;rbs_motif=TAA;rbs_spacer=12bp;gc_cont=0.535,ID=210_120;partial=00;start_type=ATG;rbs_motif=TAA;rbs_spacer=12bp;gc,14.0
NZ_CYSP01000014.1_46,C,C,C,S,ID=14_46;partial=00;start_type=ATG;rbs_motif=AGGAGG;rbs_spacer=11-12bp;gc_cont=0.437,ID=14_46;partial=00;start_type=ATG;rbs_motif=AGGAGG;rbs_spacer=11-12bp;gc,14.0
NZ_LNCD01000005.1_22,C,C,C,A,ID=5_22;partial=00;start_type=ATG;rbs_motif=GGA/GAG/AGG;rbs_spacer=5-10bp;gc_cont=0.586,ID=5_22;partial=00;start_type=ATG;rbs_motif=GGA/GAG/AGG;rbs_spacer=5-10bp;gc,13.0
NZ_LUUB01000073.1_20,C,C,C,A,ID=73_20;partial=00;start_type=ATG;rbs_motif=GGA/GAG/AGG;rbs_spacer=5-10bp;gc_cont=0.573,ID=73_20;partial=00;start_type=ATG;rbs_motif=GGA/GAG/AGG;rbs_spacer=5-10bp;gc,13.0
NZ_CP016428.1_5594,C,C,C,A,ID=1_5594;partial=00;start_type=ATG;rbs_motif=AGGA;rbs_spacer=5-10bp;gc_cont=0.589,ID=1_5594;partial=00;start_type=ATG;rbs_motif=AGGA;rbs_spacer=5-10bp;gc,13.0
NZ_LKEU01000018.1_15,C,C,C,S,ID=18_15;partial=00;start_type=ATG;rbs_motif=AGGAGG;rbs_spacer=5-10bp;gc_cont=0.473,ID=18_15;partial=00;start_type=ATG;rbs_motif=AGGAGG;rbs_spacer=5-10bp;gc,14.0
NZ_MKFI01000003.1_762,C,C,C,A,ID=23_762;partial=00;start_type=ATG;rbs_motif=GGA/GAG/AGG;rbs_spacer=5-10bp;gc_cont=0.583,ID=23_762;partial=00;start_type=ATG;rbs_motif=GGA/GAG/AGG;rbs_spacer=5-10bp;gc,13.0
NZ_CP019948.1_1594,C,C,C,A,ID=1_1594;partial=00;start_type=ATG;rbs_motif=GGA/GAG/AGG;rbs_spacer=5-10bp;gc_cont=0.605,ID=1_1594;partial=00;start_type=ATG;rbs_motif=GGA/GAG/AGG;rbs_spacer=5-10bp;gc,13.0
NZ_NPKI01000050.1_9,C,C,C,A,ID=31_9;partial=00;start_type=ATG;rbs_motif=GGAG/GAGG;rbs_spacer=5-10bp;gc_cont=0.589,ID=31_9;partial=00;start_type=ATG;rbs_motif=GGAG/GAGG;rbs_spacer=5-10bp;gc,13.0
NZ_NTMG01000054.1_58,C,C,C,S,ID=50_58;partial=00;start_type=ATG;rbs_motif=GGAGG;rbs_spacer=5-10bp;gc_cont=0.480,ID=50_58;partial=00;start_type=ATG;rbs_motif=GGAGG;rbs_spacer=5-10bp;gc,14.0
NZ_PIUM01000010.1_29,C,C,C,A,ID=1_29;partial=00;start_type=ATG;rbs_motif=GGAG/GAGG;rbs_spacer=5-10bp;gc_cont=0.613,ID=1_29;partial=00;start_type=ATG;rbs_motif=GGAG/GAGG;rbs_spacer=5-10bp;gc,13.0
NZ_PVBM01000068.1_3,C,C,C,A,ID=111_3;partial=00;start_type=ATG;rbs_motif=GGA/GAG/AGG;rbs_spacer=5-10bp;gc_cont=0.558,ID=111_3;partial=00;start_type=ATG;rbs_motif=GGA/GAG/AGG;rbs_spacer=5-10bp;gc,13.0
NZ_BFBP01000013.1_77,C,C,C,S,ID=13_77;partial=00;start_type=ATG;rbs_motif=AGGAG;rbs_spacer=5-10bp;gc_cont=0.625,ID=13_77;partial=00;start_type=ATG;rbs_motif=AGGAG;rbs_spacer=5-10bp;gc,14.0
NZ_CP029829.1_494,C,C,C,A,ID=1_494;partial=00;start_type=ATG;rbs_motif=AGGAG;rbs_spacer=5-10bp;gc_cont=0.631,ID=1_494;partial=00;start_type=ATG;rbs_motif=AGGAG;rbs_spacer=5-10bp;gc,13.0
NZ_QDGA01000132.1_10,C,C,C,A,ID=38_10;partial=00;start_type=ATG;rbs_motif=GGAG/GAGG;rbs_spacer=5-10bp;gc_cont=0.580,ID=38_10;partial=00;start_type=ATG;rbs_motif=GGAG/GAGG;rbs_spacer=5-10bp;gc,13.0
NZ_MJLZ01000024.1_13,C,C,C,S,ID=24_13;partial=00;start_type=ATG;rbs_motif=GGAGG;rbs_spacer=5-10bp;gc_cont=0.533,ID=24_13;partial=00;start_type=ATG;rbs_motif=GGAGG;rbs_spacer=5-10bp;gc,14.0
NZ_CP034451.1_3578,C,C,C,A,ID=1_3578;partial=00;start_type=ATG;rbs_motif=GGAG/GAGG;rbs_spacer=5-10bp;gc_cont=0.589,ID=1_3578;partial=00;start_type=ATG;rbs_motif=GGAG/GAGG;rbs_spacer=5-10bp;gc,13.0
NZ_SAUF01000001.1_1489,C,C,C,A,ID=4_1489;partial=00;start_type=ATG;rbs_motif=AGGA;rbs_spacer=5-10bp;gc_cont=0.613,ID=4_1489;partial=00;start_type=ATG;rbs_motif=AGGA;rbs_spacer=5-10bp;gc,13.0
NZ_CP036313.1_3067,C,C,C,S,ID=1_3067;partial=00;start_type=ATG;rbs_motif=AGGAG;rbs_spacer=5-10bp;gc_cont=0.554,ID=1_3067;partial=00;start_type=ATG;rbs_motif=AGGAG;rbs_spacer=5-10bp;gc,14.0
NZ_SLXL01000005.1_127,C,C,C,A,ID=5_127;partial=00;start_type=ATG;rbs_motif=AGGA;rbs_spacer=5-10bp;gc_cont=0.621,ID=5_127;partial=00;start_type=ATG;rbs_motif=AGGA;rbs_spacer=5-10bp;gc,13.0
NZ_CP046052.1_3976,C,C,C,A,ID=1_3976;partial=00;start_type=ATG;rbs_motif=GGA/GAG/AGG;rbs_spacer=5-10bp;gc_cont=0.603,ID=1_3976;partial=00;start_type=ATG;rbs_motif=GGA/GAG/AGG;rbs_spacer=5-10bp;gc,13.0
NZ_VCHY01000011.1_101,C,C,C,S,ID=13_101;partial=00;start_type=ATG;rbs_motif=AATAA;rbs_spacer=14bp;gc_cont=0.399,ID=13_101;partial=00;start_type=ATG;rbs_motif=AATAA;rbs_spacer=14bp;gc,14.0
NZ_CP036259.1_4175,C,C,C,S,ID=1_4175;partial=00;start_type=ATG;rbs_motif=AGGAG;rbs_spacer=5-10bp;gc_cont=0.509,ID=1_4175;partial=00;start_type=ATG;rbs_motif=AGGAG;rbs_spacer=5-10bp;gc,14.0
NZ_SDKK01000007.1_180,C,C,C,A,ID=69_180;partial=00;start_type=ATG;rbs_motif=AGGAG;rbs_spacer=5-10bp;gc_cont=0.621,ID=69_180;partial=00;start_type=ATG;rbs_motif=AGGAG;rbs_spacer=5-10bp;gc,13.0
NZ_WBXO01000004.1_21,C,C,C,S,ID=34_21;partial=00;start_type=ATG;rbs_motif=AGGAGG;rbs_spacer=5-10bp;gc_cont=0.487,ID=34_21;partial=00;start_type=ATG;rbs_motif=AGGAGG;rbs_spacer=5-10bp;gc,14.0
NZ_VWXL01000053.1_20,C,C,C,S,ID=63_20;partial=00;start_type=ATG;rbs_motif=GGA/GAG/AGG;rbs_spacer=5-10bp;gc_cont=0.574,ID=63_20;partial=00;start_type=ATG;rbs_motif=GGA/GAG/AGG;rbs_spacer=5-10bp;gc,14.0
NZ_WUBS01000006.1_5,C,C,C,S,ID=53_5;partial=00;start_type=ATG;rbs_motif=GGAGG;rbs_spacer=5-10bp;gc_cont=0.583,ID=53_5;partial=00;start_type=ATG;rbs_motif=GGAGG;rbs_spacer=5-10bp;gc,14.0
NZ_JAAORA010000002.1_570,C,C,C,S,ID=10_570;partial=00;start_type=ATG;rbs_motif=None;rbs_spacer=None;gc_cont=0.534,ID=10_570;partial=00;start_type=ATG;rbs_motif=None;rbs_spacer=None;gc,14.0
NZ_JABCSC020000005.1_185,C,C,C,A,ID=10_185;partial=00;start_type=ATG;rbs_motif=AGGAG;rbs_spacer=5-10bp;gc_cont=0.601,ID=10_185;partial=00;start_type=ATG;rbs_motif=AGGAG;rbs_spacer=5-10bp;gc,13.0
NZ_JAALDK010000003.1_739,C,C,C,A,ID=3_739;partial=00;start_type=ATG;rbs_motif=AGGAG;rbs_spacer=5-10bp;gc_cont=0.544,ID=3_739;partial=00;start_type=ATG;rbs_motif=AGGAG;rbs_spacer=5-10bp;gc,13.0
NZ_JACIEQ010000001.1_483,C,C,C,A,ID=1_483;partial=00;start_type=ATG;rbs_motif=AGGA;rbs_spacer=5-10bp;gc_cont=0.615,ID=1_483;partial=00;start_type=ATG;rbs_motif=AGGA;rbs_spacer=5-10bp;gc,13.0
NZ_WJBC01000012.1_9,C,C,C,S,ID=3_9;partial=00;start_type=ATG;rbs_motif=AGGAGG;rbs_spacer=5-10bp;gc_cont=0.527,ID=3_9;partial=00;start_type=ATG;rbs_motif=AGGAGG;rbs_spacer=5-10bp;gc,14.0
NZ_JACJSM010000006.1_151,C,C,C,S,ID=39_151;partial=00;start_type=ATG;rbs_motif=GGAG/GAGG;rbs_spacer=5-10bp;gc_cont=0.520,ID=39_151;partial=00;start_type=ATG;rbs_motif=GGAG/GAGG;rbs_spacer=5-10bp;gc,14.0
NZ_CP030038.1_2385,C,C,C,A,ID=1_2385;partial=00;start_type=ATG;rbs_motif=GGA/GAG/AGG;rbs_spacer=5-10bp;gc_cont=0.624,ID=1_2385;partial=00;start_type=ATG;rbs_motif=GGA/GAG/AGG;rbs_spacer=5-10bp;gc,13.0
NZ_JAEMHL010000003.1_485,C,C,C,S,ID=33_485;partial=00;start_type=ATG;rbs_motif=AGGAG;rbs_spacer=5-10bp;gc_cont=0.613,ID=33_485;partial=00;start_type=ATG;rbs_motif=AGGAG;rbs_spacer=5-10bp;gc,14.0
NZ_JAERVJ010000007.1_23,C,C,C,A,ID=19_23;partial=00;start_type=ATG;rbs_motif=GGAG/GAGG;rbs_spacer=5-10bp;gc_cont=0.610,ID=19_23;partial=00;start_type=ATG;rbs_motif=GGAG/GAGG;rbs_spacer=5-10bp;gc,13.0
NZ_JAFLRH010000019.1_156,C,C,C,S,ID=5_156;partial=00;start_type=ATG;rbs_motif=AGGAGG;rbs_spacer=5-10bp;gc_cont=0.512,ID=5_156;partial=00;start_type=ATG;rbs_motif=AGGAGG;rbs_spacer=5-10bp;gc,14.0
NZ_JAGGMM010000001.1_498,C,C,C,S,ID=1_498;partial=00;start_type=ATG;rbs_motif=AGxAGG/AGGxGG;rbs_spacer=5-10bp;gc_cont=0.493,ID=1_498;partial=00;start_type=ATG;rbs_motif=AGxAGG/AGGxGG;rbs_spacer=5-10bp;gc,14.0
NZ_BOPZ01000004.1_31,C,C,C,S,ID=4_31;partial=00;start_type=ATG;rbs_motif=GGAGG;rbs_spacer=5-10bp;gc_cont=0.356,ID=4_31;partial=00;start_type=ATG;rbs_motif=GGAGG;rbs_spacer=5-10bp;gc,14.0
NZ_JAHLEB010000046.1_34,C,C,C,S,ID=46_34;partial=00;start_type=ATG;rbs_motif=GGAGG;rbs_spacer=5-10bp;gc_cont=0.348,ID=46_34;partial=00;start_type=ATG;rbs_motif=GGAGG;rbs_spacer=5-10bp;gc,14.0
NZ_JAILYJ010000049.1_1,C,C,C,A,ID=70_1;partial=01;start_type=ATG;rbs_motif=GGA/GAG/AGG;rbs_spacer=5-10bp;gc_cont=0.577,ID=70_1;partial=01;start_type=ATG;rbs_motif=GGA/GAG/AGG;rbs_spacer=5-10bp;gc,13.0
NZ_JAIVEM010000188.1_5,C,C,C,S,ID=162_5;partial=00;start_type=ATG;rbs_motif=GGAGG;rbs_spacer=5-10bp;gc_cont=0.548,ID=162_5;partial=00;start_type=ATG;rbs_motif=GGAGG;rbs_spacer=5-10bp;gc,14.0
NZ_CP087999.1_4091,C,C,C,S,ID=1_4091;partial=00;start_type=ATG;rbs_motif=AGGAG;rbs_spacer=5-10bp;gc_cont=0.618,ID=1_4091;partial=00;start_type=ATG;rbs_motif=AGGAG;rbs_spacer=5-10bp;gc,14.0
NZ_JAKJIC010000006.1_172,C,C,C,A,ID=53_172;partial=00;start_type=ATG;rbs_motif=GGAG/GAGG;rbs_spacer=5-10bp;gc_cont=0.578,ID=53_172;partial=00;start_type=ATG;rbs_motif=GGAG/GAGG;rbs_spacer=5-10bp;gc,13.0
NZ_JAKZKX010000019.1_23,C,C,C,S,ID=11_23;partial=00;start_type=ATG;rbs_motif=AGGAGG;rbs_spacer=5-10bp;gc_cont=0.656,ID=11_23;partial=00;start_type=ATG;rbs_motif=AGGAGG;rbs_spacer=5-10bp;gc,14.0
NZ_AP025592.1_3963,C,C,C,S,ID=1_3963;partial=00;start_type=ATG;rbs_motif=AGGAG;rbs_spacer=5-10bp;gc_cont=0.676,ID=1_3963;partial=00;start_type=ATG;rbs_motif=AGGAG;rbs_spacer=5-10bp;gc,14.0
NZ_JANADR010000001.1_7596,C,C,C,A,ID=3_7596;partial=00;start_type=ATG;rbs_motif=AGGA;rbs_spacer=5-10bp;gc_cont=0.562,ID=3_7596;partial=00;start_type=ATG;rbs_motif=AGGA;rbs_spacer=5-10bp;gc,13.0
NZ_CP077970.1_1607,C,C,C,A,ID=1_1607;partial=00;start_type=ATG;rbs_motif=AGGA;rbs_spacer=5-10bp;gc_cont=0.557,ID=1_1607;partial=00;start_type=ATG;rbs_motif=AGGA;rbs_spacer=5-10bp;gc,13.0
NZ_FNAM01000002.1_33,C,C,C,S,ID=54_33;partial=00;start_type=ATG;rbs_motif=AGGAG;rbs_spacer=5-10bp;gc_cont=0.511,ID=54_33;partial=00;start_type=ATG;rbs_motif=AGGAG;rbs_spacer=5-10bp;gc,14.0
NZ_FNYE01000062.1_2,C,C,C,A,ID=23_2;partial=00;start_type=ATG;rbs_motif=AGGAG;rbs_spacer=5-10bp;gc_cont=0.549,ID=23_2;partial=00;start_type=ATG;rbs_motif=AGGAG;rbs_spacer=5-10bp;gc,13.0
NZ_FORI01000001.1_356,K,C,C,G,ID=13_356;partial=00;start_type=ATG;rbs_motif=AGGAG;rbs_spacer=5-10bp;gc_cont=0.407,ID=13_356;partial=00;start_type=ATG;rbs_motif=AGGAG;rbs_spacer=5-10bp;gc,10.0
NZ_FQXM01000009.1_76,C,C,C,S,ID=42_76;partial=00;start_type=ATG;rbs_motif=AGGAGG;rbs_spacer=5-10bp;gc_cont=0.325,ID=42_76;partial=00;start_type=ATG;rbs_motif=AGGAGG;rbs_spacer=5-10bp;gc,14.0
NZ_LT732525.1_388,C,C,C,S,ID=8_388;partial=00;start_type=ATG;rbs_motif=AGGAGG;rbs_spacer=5-10bp;gc_cont=0.496,ID=8_388;partial=00;start_type=ATG;rbs_motif=AGGAGG;rbs_spacer=5-10bp;gc,14.0
NZ_FXXN01000028.1_31,C,C,C,S,ID=2_31;partial=00;start_type=ATG;rbs_motif=AGGAG;rbs_spacer=5-10bp;gc_cont=0.639,ID=2_31;partial=00;start_type=ATG;rbs_motif=AGGAG;rbs_spacer=5-10bp;gc,14.0
NZ_LT964681.1_637,C,C,C,G,ID=3_637;partial=00;start_type=ATG;rbs_motif=GGA/GAG/AGG;rbs_spacer=5-10bp;gc_cont=0.643,ID=3_637;partial=00;start_type=ATG;rbs_motif=GGA/GAG/AGG;rbs_spacer=5-10bp;gc,13.0
NZ_LR797830.1_915,C,C,C,S,ID=1_915;partial=00;start_type=ATG;rbs_motif=GGA/GAG/AGG;rbs_spacer=5-10bp;gc_cont=0.612,ID=1_915;partial=00;start_type=ATG;rbs_motif=GGA/GAG/AGG;rbs_spacer=5-10bp;gc,14.0
DIVX01000074.1_18,C,C,C,S,ID=36_18;partial=00;start_type=ATG;rbs_motif=AGGAG;rbs_spacer=5-10bp;gc_cont=0.631,ID=36_18;partial=00;start_type=ATG;rbs_motif=AGGAG;rbs_spacer=5-10bp;gc,14.0
JACRJB010000068.1_91,C,C,C,S,ID=52_91;partial=00;start_type=ATG;rbs_motif=GGAG/GAGG;rbs_spacer=5-10bp;gc_cont=0.611,ID=52_91;partial=00;start_type=ATG;rbs_motif=GGAG/GAGG;rbs_spacer=5-10bp;gc,14.0
JAEYGI010000069.1_4,C,C,C,S,ID=62_4;partial=00;start_type=ATG;rbs_motif=AGGA;rbs_spacer=5-10bp;gc_cont=0.582,ID=62_4;partial=00;start_type=ATG;rbs_motif=AGGA;rbs_spacer=5-10bp;gc,14.0
JAEXAS010000034.1_5,C,C,C,S,ID=34_5;partial=00;start_type=GTG;rbs_motif=GGA/GAG/AGG;rbs_spacer=5-10bp;gc_cont=0.624,ID=34_5;partial=00;start_type=GTG;rbs_motif=GGA/GAG/AGG;rbs_spacer=5-10bp;gc,14.0
NZ_CP018016.1_2215,C,C,C,S,ID=1_2215;partial=00;start_type=ATG;rbs_motif=AGxAGG/AGGxGG;rbs_spacer=5-10bp;gc_cont=0.545,ID=1_2215;partial=00;start_type=ATG;rbs_motif=AGxAGG/AGGxGG;rbs_spacer=5-10bp;gc,14.0
NZ_CP009506.1_3112,C,C,C,S,ID=1_3112;partial=00;start_type=ATG;rbs_motif=AGGA;rbs_spacer=5-10bp;gc_cont=0.423,ID=1_3112;partial=00;start_type=ATG;rbs_motif=AGGA;rbs_spacer=5-10bp;gc,14.0
NZ_QKQS01000006.1_446,C,C,C,S,ID=6_446;partial=00;start_type=ATG;rbs_motif=GGA/GAG/AGG;rbs_spacer=5-10bp;gc_cont=0.623,ID=6_446;partial=00;start_type=ATG;rbs_motif=GGA/GAG/AGG;rbs_spacer=5-10bp;gc,14.0
NZ_JAAMOZ010000001.1_2436,C,C,C,S,ID=1_2436;partial=00;start_type=ATG;rbs_motif=AGGAGG;rbs_spacer=5-10bp;gc_cont=0.633,ID=1_2436;partial=00;start_type=ATG;rbs_motif=AGGAGG;rbs_spacer=5-10bp;gc,14.0
NZ_JAKMAJ010000002.1_90,C,C,C,S,ID=2_90;partial=00;start_type=ATG;rbs_motif=GGAG/GAGG;rbs_spacer=5-10bp;gc_cont=0.555,ID=2_90;partial=00;start_type=ATG;rbs_motif=GGAG/GAGG;rbs_spacer=5-10bp;gc,14.0
LQAA01000036.1_6,C,C,C,S,ID=36_6;partial=00;start_type=GTG;rbs_motif=AGGAGG;rbs_spacer=5-10bp;gc_cont=0.469,ID=36_6;partial=00;start_type=GTG;rbs_motif=AGGAGG;rbs_spacer=5-10bp;gc,14.0
RXIW01000090.1_4,C,C,C,S,ID=90_4;partial=00;start_type=ATG;rbs_motif=GGAG/GAGG;rbs_spacer=5-10bp;gc_cont=0.617,ID=90_4;partial=00;start_type=ATG;rbs_motif=GGAG/GAGG;rbs_spacer=5-10bp;gc,14.0
NZ_CP040273.1_284,C,C,C,S,ID=2_284;partial=00;start_type=ATG;rbs_motif=AGGAG;rbs_spacer=5-10bp;gc_cont=0.444,ID=2_284;partial=00;start_type=ATG;rbs_motif=AGGAG;rbs_spacer=5-10bp;gc,14.0
NZ_SJZB01000009.1_16,C,C,C,S,ID=30_16;partial=00;start_type=ATG;rbs_motif=AGGA;rbs_spacer=5-10bp;gc_cont=0.641,ID=30_16;partial=00;start_type=ATG;rbs_motif=AGGA;rbs_spacer=5-10bp;gc,14.0
KB911066.1_379,C,C,C,G,ID=1_379;partial=00;start_type=ATG;rbs_motif=AGxAGG/AGGxGG;rbs_spacer=5-10bp;gc_cont=0.593,ID=1_379;partial=00;start_type=ATG;rbs_motif=AGxAGG/AGGxGG;rbs_spacer=5-10bp;gc,13.0
CCNB01000015.1_34,C,C,C,A,ID=15_34;partial=00;start_type=ATG;rbs_motif=GGAG/GAGG;rbs_spacer=5-10bp;gc_cont=0.596,ID=15_34;partial=00;start_type=ATG;rbs_motif=GGAG/GAGG;rbs_spacer=5-10bp;gc,13.0
LIUG01000026.1_16,C,C,C,S,ID=26_16;partial=00;start_type=ATG;rbs_motif=AGGAGG;rbs_spacer=5-10bp;gc_cont=0.477,ID=26_16;partial=00;start_type=ATG;rbs_motif=AGGAGG;rbs_spacer=5-10bp;gc,14.0
LBCX01000006.1_1,-,C,C,S,ID=446_1;partial=10;start_type=Edge;rbs_motif=None;rbs_spacer=None;gc_cont=0.500,ID=446_1;partial=10;start_type=Edge;rbs_motif=None;rbs_spacer=None;gc,10.0
MGZK01000070.1_2,C,C,C,S,ID=70_2;partial=00;start_type=ATG;rbs_motif=AGGAG;rbs_spacer=5-10bp;gc_cont=0.577,ID=70_2;partial=00;start_type=ATG;rbs_motif=AGGAG;rbs_spacer=5-10bp;gc,14.0
MTOU01000029.1_15,C,C,C,S,ID=26_15;partial=00;start_type=ATG;rbs_motif=AGGAGG;rbs_spacer=5-10bp;gc_cont=0.437,ID=26_15;partial=00;start_type=ATG;rbs_motif=AGGAGG;rbs_spacer=5-10bp;gc,14.0
DBEP01000051.1_52,C,C,C,S,ID=40_52;partial=00;start_type=ATG;rbs_motif=GGAG/GAGG;rbs_spacer=5-10bp;gc_cont=0.457,ID=40_52;partial=00;start_type=ATG;rbs_motif=GGAG/GAGG;rbs_spacer=5-10bp;gc,14.0
DCFX01000053.1_14,C,C,C,S,ID=69_14;partial=00;start_type=ATG;rbs_motif=GGAGG;rbs_spacer=5-10bp;gc_cont=0.479,ID=69_14;partial=00;start_type=ATG;rbs_motif=GGAGG;rbs_spacer=5-10bp;gc,14.0
DFCS01000026.1_36,C,C,C,G,ID=4_36;partial=00;start_type=ATG;rbs_motif=AGGAGG;rbs_spacer=5-10bp;gc_cont=0.460,ID=4_36;partial=00;start_type=ATG;rbs_motif=AGGAGG;rbs_spacer=5-10bp;gc,13.0
DGTU01000141.1_4,C,C,C,G,ID=104_4;partial=00;start_type=ATG;rbs_motif=AGGAGG;rbs_spacer=5-10bp;gc_cont=0.444,ID=104_4;partial=00;start_type=ATG;rbs_motif=AGGAGG;rbs_spacer=5-10bp;gc,13.0
DIDE01000065.1_17,C,C,C,S,ID=57_17;partial=00;start_type=ATG;rbs_motif=AGGAGG;rbs_spacer=5-10bp;gc_cont=0.493,ID=57_17;partial=00;start_type=ATG;rbs_motif=AGGAGG;rbs_spacer=5-10bp;gc,14.0
DJFX01000036.1_10,C,C,C,S,ID=27_10;partial=00;start_type=ATG;rbs_motif=AGGAG;rbs_spacer=5-10bp;gc_cont=0.499,ID=27_10;partial=00;start_type=ATG;rbs_motif=AGGAG;rbs_spacer=5-10bp;gc,14.0
DAVG01000112.1_109,C,C,C,S,ID=110_109;partial=00;start_type=ATG;rbs_motif=GGAG/GAGG;rbs_spacer=5-10bp;gc_cont=0.481,ID=110_109;partial=00;start_type=ATG;rbs_motif=GGAG/GAGG;rbs_spacer=5-10bp;gc,14.0
PEKW01000007.1_405,C,C,C,A,ID=34_405;partial=00;start_type=ATG;rbs_motif=GGAGG;rbs_spacer=5-10bp;gc_cont=0.609,ID=34_405;partial=00;start_type=ATG;rbs_motif=GGAGG;rbs_spacer=5-10bp;gc,13.0
PKCW01000007.1_6,C,C,C,A,ID=111_6;partial=00;start_type=ATG;rbs_motif=AGGAG;rbs_spacer=5-10bp;gc_cont=0.642,ID=111_6;partial=00;start_type=ATG;rbs_motif=AGGAG;rbs_spacer=5-10bp;gc,13.0
CP028514.1_2325,C,C,C,S,ID=1_2325;partial=00;start_type=ATG;rbs_motif=AGGAGG;rbs_spacer=5-10bp;gc_cont=0.489,ID=1_2325;partial=00;start_type=ATG;rbs_motif=AGGAGG;rbs_spacer=5-10bp;gc,14.0
QKDF01000214.1_8,C,C,C,S,ID=193_8;partial=00;start_type=ATG;rbs_motif=GGAGG;rbs_spacer=5-10bp;gc_cont=0.553,ID=193_8;partial=00;start_type=ATG;rbs_motif=GGAGG;rbs_spacer=5-10bp;gc,14.0
QKGS01000086.1_15,C,C,C,S,ID=40_15;partial=00;start_type=ATG;rbs_motif=AAAAAA;rbs_spacer=8bp;gc_cont=0.409,ID=40_15;partial=00;start_type=ATG;rbs_motif=AAAAAA;rbs_spacer=8bp;gc,14.0
DNPP01000068.1_22,C,C,C,S,ID=489_22;partial=00;start_type=ATG;rbs_motif=GGAGG;rbs_spacer=5-10bp;gc_cont=0.448,ID=489_22;partial=00;start_type=ATG;rbs_motif=GGAGG;rbs_spacer=5-10bp;gc,14.0
QZIZ01000129.1_23,C,C,C,S,ID=34_23;partial=00;start_type=ATG;rbs_motif=AGGA;rbs_spacer=5-10bp;gc_cont=0.625,ID=34_23;partial=00;start_type=ATG;rbs_motif=AGGA;rbs_spacer=5-10bp;gc,14.0
RXIV01000001.1_428,C,C,C,S,ID=1_428;partial=00;start_type=ATG;rbs_motif=GGAG/GAGG;rbs_spacer=5-10bp;gc_cont=0.505,ID=1_428;partial=00;start_type=ATG;rbs_motif=GGAG/GAGG;rbs_spacer=5-10bp;gc,14.0
SCTN01000256.1_5,C,C,C,A,ID=218_5;partial=00;start_type=ATG;rbs_motif=AGGAG;rbs_spacer=5-10bp;gc_cont=0.580,ID=218_5;partial=00;start_type=ATG;rbs_motif=AGGAG;rbs_spacer=5-10bp;gc,13.0
SUEG01000023.1_40,C,C,C,A,ID=155_40;partial=00;start_type=ATG;rbs_motif=GGAG/GAGG;rbs_spacer=5-10bp;gc_cont=0.589,ID=155_40;partial=00;start_type=ATG;rbs_motif=GGAG/GAGG;rbs_spacer=5-10bp;gc,13.0
SLCP01000177.1_18,C,C,C,S,ID=146_18;partial=00;start_type=ATG;rbs_motif=AGGAGG;rbs_spacer=5-10bp;gc_cont=0.649,ID=146_18;partial=00;start_type=ATG;rbs_motif=AGGAGG;rbs_spacer=5-10bp;gc,14.0
VIKI01000016.1_31,C,C,C,A,ID=273_31;partial=00;start_type=ATG;rbs_motif=GGAG/GAGG;rbs_spacer=5-10bp;gc_cont=0.550,ID=273_31;partial=00;start_type=ATG;rbs_motif=GGAG/GAGG;rbs_spacer=5-10bp;gc,13.0
WOUP01000008.1_48,C,C,C,S,ID=37_48;partial=00;start_type=ATG;rbs_motif=None;rbs_spacer=None;gc_cont=0.625,ID=37_48;partial=00;start_type=ATG;rbs_motif=None;rbs_spacer=None;gc,14.0
DRDE01000204.1_10,C,C,C,S,ID=204_10;partial=00;start_type=ATG;rbs_motif=GGAGG;rbs_spacer=5-10bp;gc_cont=0.475,ID=204_10;partial=00;start_type=ATG;rbs_motif=GGAGG;rbs_spacer=5-10bp;gc,14.0
WOZN01000033.1_2,C,C,C,A,ID=119_2;partial=00;start_type=ATG;rbs_motif=GGAG/GAGG;rbs_spacer=5-10bp;gc_cont=0.616,ID=119_2;partial=00;start_type=ATG;rbs_motif=GGAG/GAGG;rbs_spacer=5-10bp;gc,13.0
JAAYVT010000660.1_15,C,C,C,A,ID=341_15;partial=00;start_type=ATG;rbs_motif=GGAG/GAGG;rbs_spacer=5-10bp;gc_cont=0.648,ID=341_15;partial=00;start_type=ATG;rbs_motif=GGAG/GAGG;rbs_spacer=5-10bp;gc,13.0
JABDQT010000265.1_2,C,C,C,S,ID=261_2;partial=00;start_type=ATG;rbs_motif=AGGAG;rbs_spacer=5-10bp;gc_cont=0.555,ID=261_2;partial=00;start_type=ATG;rbs_motif=AGGAG;rbs_spacer=5-10bp;gc,14.0
JAADGG010000047.1_7,C,C,C,S,ID=9_7;partial=00;start_type=ATG;rbs_motif=GGAGG;rbs_spacer=5-10bp;gc_cont=0.578,ID=9_7;partial=00;start_type=ATG;rbs_motif=GGAGG;rbs_spacer=5-10bp;gc,14.0
JAAXWY010000004.1_35,C,C,C,S,ID=20_35;partial=00;start_type=ATG;rbs_motif=AGGAGG;rbs_spacer=5-10bp;gc_cont=0.651,ID=20_35;partial=00;start_type=ATG;rbs_motif=AGGAGG;rbs_spacer=5-10bp;gc,14.0
JACAAX010000037.1_45,C,C,C,A,ID=31_45;partial=00;start_type=ATG;rbs_motif=AGGAG;rbs_spacer=5-10bp;gc_cont=0.648,ID=31_45;partial=00;start_type=ATG;rbs_motif=AGGAG;rbs_spacer=5-10bp;gc,13.0
JACESF010000035.1_27,C,C,C,A,ID=62_27;partial=00;start_type=ATG;rbs_motif=GGAG/GAGG;rbs_spacer=5-10bp;gc_cont=0.654,ID=62_27;partial=00;start_type=ATG;rbs_motif=GGAG/GAGG;rbs_spacer=5-10bp;gc,13.0
JACWAG010000209.1_5,C,C,C,S,ID=57_5;partial=00;start_type=ATG;rbs_motif=AGGA;rbs_spacer=5-10bp;gc_cont=0.510,ID=57_5;partial=00;start_type=ATG;rbs_motif=AGGA;rbs_spacer=5-10bp;gc,14.0
JADGBT010000007.1_4,C,C,C,S,ID=92_4;partial=00;start_type=ATG;rbs_motif=AGGAG;rbs_spacer=5-10bp;gc_cont=0.583,ID=92_4;partial=00;start_type=ATG;rbs_motif=AGGAG;rbs_spacer=5-10bp;gc,14.0
JADFXD010000012.1_34,C,C,C,S,ID=82_34;partial=00;start_type=ATG;rbs_motif=GGAGG;rbs_spacer=5-10bp;gc_cont=0.543,ID=82_34;partial=00;start_type=ATG;rbs_motif=GGAGG;rbs_spacer=5-10bp;gc,14.0
JAATFL010000031.1_5,C,C,C,S,ID=3_5;partial=00;start_type=ATG;rbs_motif=AGGAGG;rbs_spacer=5-10bp;gc_cont=0.613,ID=3_5;partial=00;start_type=ATG;rbs_motif=AGGAGG;rbs_spacer=5-10bp;gc,14.0
JACQYS010000027.1_32,C,C,C,S,ID=25_32;partial=00;start_type=ATG;rbs_motif=AGGAGG;rbs_spacer=5-10bp;gc_cont=0.618,ID=25_32;partial=00;start_type=ATG;rbs_motif=AGGAGG;rbs_spacer=5-10bp;gc,14.0
JACRLN010000006.1_46,C,C,C,S,ID=56_46;partial=00;start_type=ATG;rbs_motif=AGGAGG;rbs_spacer=5-10bp;gc_cont=0.481,ID=56_46;partial=00;start_type=ATG;rbs_motif=AGGAGG;rbs_spacer=5-10bp;gc,14.0
JACRBX010000224.1_10,C,C,C,S,ID=131_10;partial=00;start_type=ATG;rbs_motif=AGGAG;rbs_spacer=5-10bp;gc_cont=0.542,ID=131_10;partial=00;start_type=ATG;rbs_motif=AGGAG;rbs_spacer=5-10bp;gc,14.0
JAEEGO010000245.1_6,C,C,C,S,ID=38_6;partial=00;start_type=ATG;rbs_motif=AGGAGG;rbs_spacer=5-10bp;gc_cont=0.490,ID=38_6;partial=00;start_type=ATG;rbs_motif=AGGAGG;rbs_spacer=5-10bp;gc,14.0
CP065007.1_1583,C,C,C,S,ID=1_1583;partial=00;start_type=ATG;rbs_motif=GGAG/GAGG;rbs_spacer=5-10bp;gc_cont=0.570,ID=1_1583;partial=00;start_type=ATG;rbs_motif=GGAG/GAGG;rbs_spacer=5-10bp;gc,14.0
JADKCZ010000003.1_439,C,C,C,S,ID=3_439;partial=00;start_type=ATG;rbs_motif=AGGAG;rbs_spacer=5-10bp;gc_cont=0.681,ID=3_439;partial=00;start_type=ATG;rbs_motif=AGGAG;rbs_spacer=5-10bp;gc,14.0
JAEUNY010000024.1_5,C,C,C,S,ID=7_5;partial=00;start_type=ATG;rbs_motif=AGGAG;rbs_spacer=5-10bp;gc_cont=0.598,ID=7_5;partial=00;start_type=ATG;rbs_motif=AGGAG;rbs_spacer=5-10bp;gc,14.0
JAFGJZ010000012.1_38,C,C,C,S,ID=9_38;partial=00;start_type=ATG;rbs_motif=AGGAGG;rbs_spacer=5-10bp;gc_cont=0.424,ID=9_38;partial=00;start_type=ATG;rbs_motif=AGGAGG;rbs_spacer=5-10bp;gc,14.0
JAFGWT010000002.1_5,C,C,C,S,ID=465_5;partial=00;start_type=ATG;rbs_motif=GGAG/GAGG;rbs_spacer=5-10bp;gc_cont=0.488,ID=465_5;partial=00;start_type=ATG;rbs_motif=GGAG/GAGG;rbs_spacer=5-10bp;gc,14.0
JAFMPN010000006.1_8,C,C,C,S,ID=45_8;partial=00;start_type=ATG;rbs_motif=AGGA;rbs_spacer=5-10bp;gc_cont=0.647,ID=45_8;partial=00;start_type=ATG;rbs_motif=AGGA;rbs_spacer=5-10bp;gc,14.0
JAFSTK010000051.1_5,-,C,C,G,ID=189_5;partial=01;start_type=Edge;rbs_motif=None;rbs_spacer=None;gc_cont=0.445,ID=189_5;partial=01;start_type=Edge;rbs_motif=None;rbs_spacer=None;gc,9.0
JAFWQC010000090.1_46,C,C,C,G,ID=96_46;partial=00;start_type=ATG;rbs_motif=AGGAGG;rbs_spacer=5-10bp;gc_cont=0.472,ID=96_46;partial=00;start_type=ATG;rbs_motif=AGGAGG;rbs_spacer=5-10bp;gc,13.0
JAFZLC010000009.1_12,C,C,C,G,ID=6_12;partial=00;start_type=ATG;rbs_motif=AAAA;rbs_spacer=11bp;gc_cont=0.445,ID=6_12;partial=00;start_type=ATG;rbs_motif=AAAA;rbs_spacer=11bp;gc,13.0
JAGCGE010000027.1_4,C,C,C,G,ID=345_4;partial=00;start_type=ATG;rbs_motif=GGAGG;rbs_spacer=5-10bp;gc_cont=0.476,ID=345_4;partial=00;start_type=ATG;rbs_motif=GGAGG;rbs_spacer=5-10bp;gc,13.0
JAGGAB010000004.1_100,C,C,C,S,ID=128_100;partial=00;start_type=ATG;rbs_motif=AGGAG;rbs_spacer=5-10bp;gc_cont=0.485,ID=128_100;partial=00;start_type=ATG;rbs_motif=AGGAG;rbs_spacer=5-10bp;gc,14.0
JAGNWJ010000062.1_10,C,C,C,A,ID=30_10;partial=00;start_type=ATG;rbs_motif=AGGAG;rbs_spacer=5-10bp;gc_cont=0.614,ID=30_10;partial=00;start_type=ATG;rbs_motif=AGGAG;rbs_spacer=5-10bp;gc,13.0
JAHDLO010000020.1_32,C,C,C,S,ID=50_32;partial=00;start_type=ATG;rbs_motif=AGGAGG;rbs_spacer=5-10bp;gc_cont=0.465,ID=50_32;partial=00;start_type=ATG;rbs_motif=AGGAGG;rbs_spacer=5-10bp;gc,14.0
JAHJKA010000030.1_19,C,C,C,S,ID=23_19;partial=01;start_type=Edge;rbs_motif=None;rbs_spacer=None;gc_cont=0.571,ID=23_19;partial=01;start_type=Edge;rbs_motif=None;rbs_spacer=None;gc,14.0
JAFLLC010000001.1_3,C,C,C,S,ID=233_3;partial=01;start_type=ATG;rbs_motif=AGGAG;rbs_spacer=5-10bp;gc_cont=0.553,ID=233_3;partial=01;start_type=ATG;rbs_motif=AGGAG;rbs_spacer=5-10bp;gc,14.0
JAIFMS010000164.1_5,C,C,C,S,ID=134_5;partial=00;start_type=ATG;rbs_motif=AGGAG;rbs_spacer=5-10bp;gc_cont=0.424,ID=134_5;partial=00;start_type=ATG;rbs_motif=AGGAG;rbs_spacer=5-10bp;gc,14.0
JAGUXX010000267.1_12,C,C,C,S,ID=142_12;partial=00;start_type=ATG;rbs_motif=AGGAG;rbs_spacer=5-10bp;gc_cont=0.602,ID=142_12;partial=00;start_type=ATG;rbs_motif=AGGAG;rbs_spacer=5-10bp;gc,14.0
JAJCKG010000010.1_21,C,C,C,G,ID=2_21;partial=00;start_type=ATG;rbs_motif=AGxAGG/AGGxGG;rbs_spacer=5-10bp;gc_cont=0.463,ID=2_21;partial=00;start_type=ATG;rbs_motif=AGxAGG/AGGxGG;rbs_spacer=5-10bp;gc,13.0
DYHX01000020.1_22,C,C,C,S,ID=46_22;partial=00;start_type=ATG;rbs_motif=GGAGG;rbs_spacer=3-4bp;gc_cont=0.461,ID=46_22;partial=00;start_type=ATG;rbs_motif=GGAGG;rbs_spacer=3-4bp;gc,14.0
JAJQCX010000031.1_6,C,C,C,G,ID=201_6;partial=00;start_type=ATG;rbs_motif=AGGAGG;rbs_spacer=5-10bp;gc_cont=0.461,ID=201_6;partial=00;start_type=ATG;rbs_motif=AGGAGG;rbs_spacer=5-10bp;gc,13.0
JAIPFF010000015.1_34,C,C,C,S,ID=33_34;partial=00;start_type=ATG;rbs_motif=AGGAG;rbs_spacer=5-10bp;gc_cont=0.621,ID=33_34;partial=00;start_type=ATG;rbs_motif=AGGAG;rbs_spacer=5-10bp;gc,14.0
JAJXYO010000032.1_8,C,C,C,S,ID=42_8;partial=00;start_type=ATG;rbs_motif=AGGAG;rbs_spacer=5-10bp;gc_cont=0.582,ID=42_8;partial=00;start_type=ATG;rbs_motif=AGGAG;rbs_spacer=5-10bp;gc,14.0
JAJYEX010000002.1_86,C,C,C,A,ID=3_86;partial=00;start_type=ATG;rbs_motif=GGA/GAG/AGG;rbs_spacer=5-10bp;gc_cont=0.580,ID=3_86;partial=00;start_type=ATG;rbs_motif=GGA/GAG/AGG;rbs_spacer=5-10bp;gc,13.0
JAJYPD010000042.1_9,C,C,C,A,ID=49_9;partial=00;start_type=ATG;rbs_motif=AGGAG;rbs_spacer=5-10bp;gc_cont=0.607,ID=49_9;partial=00;start_type=ATG;rbs_motif=AGGAG;rbs_spacer=5-10bp;gc,13.0
JAJZFH010000031.1_2,C,C,C,A,ID=32_2;partial=00;start_type=ATG;rbs_motif=AGGAG;rbs_spacer=5-10bp;gc_cont=0.558,ID=32_2;partial=00;start_type=ATG;rbs_motif=AGGAG;rbs_spacer=5-10bp;gc,13.0
JAKAGH010000230.1_3,C,C,C,S,ID=158_3;partial=00;start_type=ATG;rbs_motif=GGAG/GAGG;rbs_spacer=5-10bp;gc_cont=0.612,ID=158_3;partial=00;start_type=ATG;rbs_motif=GGAG/GAGG;rbs_spacer=5-10bp;gc,14.0
JAJZUQ010000049.1_10,C,C,C,S,ID=61_10;partial=00;start_type=ATG;rbs_motif=AGGAG;rbs_spacer=5-10bp;gc_cont=0.587,ID=61_10;partial=00;start_type=ATG;rbs_motif=AGGAG;rbs_spacer=5-10bp;gc,14.0
JAKSAX010000441.1_5,C,C,C,S,ID=281_5;partial=00;start_type=ATG;rbs_motif=AGGAG;rbs_spacer=5-10bp;gc_cont=0.572,ID=281_5;partial=00;start_type=ATG;rbs_motif=AGGAG;rbs_spacer=5-10bp;gc,14.0
DZCT01000199.1_3,C,C,C,S,ID=629_3;partial=00;start_type=ATG;rbs_motif=AGGAG;rbs_spacer=5-10bp;gc_cont=0.489,ID=629_3;partial=00;start_type=ATG;rbs_motif=AGGAG;rbs_spacer=5-10bp;gc,14.0
JALNZQ010000156.1_2,C,C,C,S,ID=24_2;partial=00;start_type=ATG;rbs_motif=GGAGG;rbs_spacer=5-10bp;gc_cont=0.565,ID=24_2;partial=00;start_type=ATG;rbs_motif=GGAGG;rbs_spacer=5-10bp;gc,14.0
JAEWGW010000015.1_42,C,C,C,S,ID=30_42;partial=00;start_type=ATG;rbs_motif=GGAGG;rbs_spacer=5-10bp;gc_cont=0.556,ID=30_42;partial=00;start_type=ATG;rbs_motif=GGAGG;rbs_spacer=5-10bp;gc,14.0
JAEWMH010000144.1_27,C,C,C,S,ID=128_27;partial=00;start_type=ATG;rbs_motif=GGAGG;rbs_spacer=5-10bp;gc_cont=0.560,ID=128_27;partial=00;start_type=ATG;rbs_motif=GGAGG;rbs_spacer=5-10bp;gc,14.0
JAEWPX010000060.1_33,C,C,C,S,ID=194_33;partial=00;start_type=ATG;rbs_motif=AGGA;rbs_spacer=5-10bp;gc_cont=0.643,ID=194_33;partial=00;start_type=ATG;rbs_motif=AGGA;rbs_spacer=5-10bp;gc,14.0
JAEYPG010000332.1_1,C,C,C,A,ID=325_1;partial=10;start_type=ATG;rbs_motif=AGGAG;rbs_spacer=5-10bp;gc_cont=0.651,ID=325_1;partial=10;start_type=ATG;rbs_motif=AGGAG;rbs_spacer=5-10bp;gc,13.0
JAEZLR010000045.1_198,C,C,C,S,ID=15_198;partial=00;start_type=ATG;rbs_motif=AGGAGG;rbs_spacer=5-10bp;gc_cont=0.503,ID=15_198;partial=00;start_type=ATG;rbs_motif=AGGAGG;rbs_spacer=5-10bp;gc,14.0
JAEZWL010000030.1_32,C,C,C,G,ID=39_32;partial=00;start_type=ATG;rbs_motif=GGxGG;rbs_spacer=5-10bp;gc_cont=0.506,ID=39_32;partial=00;start_type=ATG;rbs_motif=GGxGG;rbs_spacer=5-10bp;gc,13.0
JAEZCE010000027.1_103,C,C,C,S,ID=3_103;partial=00;start_type=ATG;rbs_motif=AGGAG;rbs_spacer=5-10bp;gc_cont=0.432,ID=3_103;partial=00;start_type=ATG;rbs_motif=AGGAG;rbs_spacer=5-10bp;gc,14.0
JAEZIU010000118.1_3,C,C,C,S,ID=254_3;partial=00;start_type=ATG;rbs_motif=AGGAGG;rbs_spacer=5-10bp;gc_cont=0.415,ID=254_3;partial=00;start_type=ATG;rbs_motif=AGGAGG;rbs_spacer=5-10bp;gc,14.0
JAEZMT010000175.1_3,C,C,C,A,ID=379_3;partial=00;start_type=ATG;rbs_motif=GGA/GAG/AGG;rbs_spacer=5-10bp;gc_cont=0.633,ID=379_3;partial=00;start_type=ATG;rbs_motif=GGA/GAG/AGG;rbs_spacer=5-10bp;gc,13.0
JAEWQO010000125.1_59,C,C,C,S,ID=125_59;partial=00;start_type=ATG;rbs_motif=AGGAGG;rbs_spacer=5-10bp;gc_cont=0.576,ID=125_59;partial=00;start_type=ATG;rbs_motif=AGGAGG;rbs_spacer=5-10bp;gc,14.0
JACKPV010000023.1_321,C,C,C,S,ID=23_321;partial=00;start_type=ATG;rbs_motif=None;rbs_spacer=None;gc_cont=0.651,ID=23_321;partial=00;start_type=ATG;rbs_motif=None;rbs_spacer=None;gc,14.0
JAILOW010000074.1_25,C,C,C,G,ID=84_25;partial=00;start_type=ATG;rbs_motif=AGGAG;rbs_spacer=5-10bp;gc_cont=0.458,ID=84_25;partial=00;start_type=ATG;rbs_motif=AGGAG;rbs_spacer=5-10bp;gc,13.0
JAILPS010000019.1_8,C,C,C,G,ID=12_8;partial=00;start_type=ATG;rbs_motif=AGGAGG;rbs_spacer=5-10bp;gc_cont=0.475,ID=12_8;partial=00;start_type=ATG;rbs_motif=AGGAGG;rbs_spacer=5-10bp;gc,13.0
FOFK01000007.1_26,C,C,C,G,ID=15_26;partial=00;start_type=ATG;rbs_motif=GGAG/GAGG;rbs_spacer=5-10bp;gc_cont=0.344,ID=15_26;partial=00;start_type=ATG;rbs_motif=GGAG/GAGG;rbs_spacer=5-10bp;gc,13.0
ONEQ01000049.1_12,C,C,C,G,ID=136_12;partial=00;start_type=ATG;rbs_motif=AGGAGG;rbs_spacer=5-10bp;gc_cont=0.542,ID=136_12;partial=00;start_type=ATG;rbs_motif=AGGAGG;rbs_spacer=5-10bp;gc,13.0
CAAGIS010000051.1_14,C,C,C,G,ID=51_14;partial=00;start_type=ATG;rbs_motif=GGAG/GAGG;rbs_spacer=5-10bp;gc_cont=0.421,ID=51_14;partial=00;start_type=ATG;rbs_motif=GGAG/GAGG;rbs_spacer=5-10bp;gc,13.0
CACXDK010000379.1_5,C,C,C,G,ID=379_5;partial=00;start_type=ATG;rbs_motif=GGAG/GAGG;rbs_spacer=5-10bp;gc_cont=0.365,ID=379_5;partial=00;start_type=ATG;rbs_motif=GGAG/GAGG;rbs_spacer=5-10bp;gc,13.0
CACZEJ010000132.1_7,C,C,C,G,ID=132_7;partial=00;start_type=ATG;rbs_motif=AGGA/GGAG/GAGG;rbs_spacer=11-12bp;gc_cont=0.465,ID=132_7;partial=00;start_type=ATG;rbs_motif=AGGA/GGAG/GAGG;rbs_spacer=11-12bp;gc,13.0
CADAHS010000002.1_121,C,C,C,G,ID=2_121;partial=00;start_type=ATG;rbs_motif=AGGAG;rbs_spacer=5-10bp;gc_cont=0.468,ID=2_121;partial=00;start_type=ATG;rbs_motif=AGGAG;rbs_spacer=5-10bp;gc,13.0
CADCBQ010000009.1_78,C,C,C,G,ID=9_78;partial=00;start_type=ATG;rbs_motif=GGAG/GAGG;rbs_spacer=5-10bp;gc_cont=0.485,ID=9_78;partial=00;start_type=ATG;rbs_motif=GGAG/GAGG;rbs_spacer=5-10bp;gc,13.0
CAIJGA010000021.1_13,C,C,C,S,ID=21_13;partial=00;start_type=ATG;rbs_motif=TAA;rbs_spacer=3bp;gc_cont=0.532,ID=21_13;partial=00;start_type=ATG;rbs_motif=TAA;rbs_spacer=3bp;gc,14.0
CAIMDR010000707.1_3,C,C,C,S,ID=707_3;partial=00;start_type=ATG;rbs_motif=AGGAG;rbs_spacer=5-10bp;gc_cont=0.439,ID=707_3;partial=00;start_type=ATG;rbs_motif=AGGAG;rbs_spacer=5-10bp;gc,14.0
CAIPEB010000462.1_17,C,C,C,S,ID=462_17;partial=00;start_type=ATG;rbs_motif=AGGAG;rbs_spacer=5-10bp;gc_cont=0.607,ID=462_17;partial=00;start_type=ATG;rbs_motif=AGGAG;rbs_spacer=5-10bp;gc,14.0
CAIRBT010000015.1_19,C,C,C,S,ID=15_19;partial=00;start_type=ATG;rbs_motif=AGGAG;rbs_spacer=5-10bp;gc_cont=0.537,ID=15_19;partial=00;start_type=ATG;rbs_motif=AGGAG;rbs_spacer=5-10bp;gc,14.0
CAIUQR010000122.1_18,C,C,C,S,ID=122_18;partial=00;start_type=ATG;rbs_motif=AGGA;rbs_spacer=5-10bp;gc_cont=0.561,ID=122_18;partial=00;start_type=ATG;rbs_motif=AGGA;rbs_spacer=5-10bp;gc,14.0
CAIXCO010000246.1_5,C,C,C,S,ID=246_5;partial=00;start_type=ATG;rbs_motif=None;rbs_spacer=None;gc_cont=0.534,ID=246_5;partial=00;start_type=ATG;rbs_motif=None;rbs_spacer=None;gc,14.0
CAIYZD010000086.1_26,C,C,C,S,ID=86_26;partial=00;start_type=ATG;rbs_motif=AGGAG;rbs_spacer=5-10bp;gc_cont=0.537,ID=86_26;partial=00;start_type=ATG;rbs_motif=AGGAG;rbs_spacer=5-10bp;gc,14.0
CAJEXI010000041.1_7,C,C,C,S,ID=41_7;partial=00;start_type=ATG;rbs_motif=None;rbs_spacer=None;gc_cont=0.519,ID=41_7;partial=00;start_type=ATG;rbs_motif=None;rbs_spacer=None;gc,14.0
CAKUWD010000045.1_4,C,C,C,G,ID=45_4;partial=00;start_type=ATG;rbs_motif=GGAG/GAGG;rbs_spacer=5-10bp;gc_cont=0.429,ID=45_4;partial=00;start_type=ATG;rbs_motif=GGAG/GAGG;rbs_spacer=5-10bp;gc,13.0
NC_004463.1_1753,C,C,C,A,ID=1_1753;partial=00;start_type=ATG;rbs_motif=AGGA;rbs_spacer=5-10bp;gc_cont=0.558,ID=1_1753;partial=00;start_type=ATG;rbs_motif=AGGA;rbs_spacer=5-10bp;gc,13.0
NC_010546.1_541,C,C,C,S,ID=1_541;partial=00;start_type=ATG;rbs_motif=GGAG/GAGG;rbs_spacer=5-10bp;gc_cont=0.426,ID=1_541;partial=00;start_type=ATG;rbs_motif=GGAG/GAGG;rbs_spacer=5-10bp;gc,14.0
NC_011979.1_2576,C,C,C,S,ID=1_2576;partial=00;start_type=ATG;rbs_motif=AGGAG;rbs_spacer=5-10bp;gc_cont=0.591,ID=1_2576;partial=00;start_type=ATG;rbs_motif=AGGAG;rbs_spacer=5-10bp;gc,14.0
NZ_DS989843.1_32,C,C,C,S,ID=55_32;partial=00;start_type=ATG;rbs_motif=AGGAG;rbs_spacer=5-10bp;gc_cont=0.511,ID=55_32;partial=00;start_type=ATG;rbs_motif=AGGAG;rbs_spacer=5-10bp;gc,14.0
NZ_AECZ01000006.1_8,C,C,C,S,ID=70_8;partial=00;start_type=ATG;rbs_motif=AGGA;rbs_spacer=5-10bp;gc_cont=0.642,ID=70_8;partial=00;start_type=ATG;rbs_motif=AGGA;rbs_spacer=5-10bp;gc,14.0
NZ_CP007031.1_604,C,C,C,S,ID=1_604;partial=00;start_type=ATG;rbs_motif=AGGAG;rbs_spacer=5-10bp;gc_cont=0.631,ID=1_604;partial=00;start_type=ATG;rbs_motif=AGGAG;rbs_spacer=5-10bp;gc,14.0
NC_017034.1_145,C,C,C,S,ID=1_145;partial=00;start_type=ATG;rbs_motif=AGGAG;rbs_spacer=5-10bp;gc_cont=0.595,ID=1_145;partial=00;start_type=ATG;rbs_motif=AGGAG;rbs_spacer=5-10bp;gc,14.0
NZ_AEYF01000053.1_62,C,C,C,A,ID=53_62;partial=00;start_type=ATG;rbs_motif=GGA/GAG/AGG;rbs_spacer=5-10bp;gc_cont=0.592,ID=53_62;partial=00;start_type=ATG;rbs_motif=GGA/GAG/AGG;rbs_spacer=5-10bp;gc,13.0
NZ_BACU01000079.1_32,C,C,C,A,ID=666_32;partial=00;start_type=ATG;rbs_motif=GGA/GAG/AGG;rbs_spacer=5-10bp;gc_cont=0.638,ID=666_32;partial=00;start_type=ATG;rbs_motif=GGA/GAG/AGG;rbs_spacer=5-10bp;gc,13.0
NZ_KB892943.1_4,C,C,C,S,ID=44_4;partial=00;start_type=ATG;rbs_motif=AGGAG;rbs_spacer=5-10bp;gc_cont=0.556,ID=44_4;partial=00;start_type=ATG;rbs_motif=AGGAG;rbs_spacer=5-10bp;gc,14.0
NZ_AQPN01000090.1_37,C,C,C,S,ID=90_37;partial=00;start_type=ATG;rbs_motif=TAA;rbs_spacer=9bp;gc_cont=0.409,ID=90_37;partial=00;start_type=ATG;rbs_motif=TAA;rbs_spacer=9bp;gc,14.0
NZ_AUKJ01000018.1_291,C,C,C,A,ID=4_291;partial=00;start_type=ATG;rbs_motif=GGAG/GAGG;rbs_spacer=5-10bp;gc_cont=0.592,ID=4_291;partial=00;start_type=ATG;rbs_motif=GGAG/GAGG;rbs_spacer=5-10bp;gc,13.0
NZ_KE386928.1_98,C,C,C,A,ID=6_98;partial=00;start_type=ATG;rbs_motif=AGGAG;rbs_spacer=5-10bp;gc_cont=0.640,ID=6_98;partial=00;start_type=ATG;rbs_motif=AGGAG;rbs_spacer=5-10bp;gc,13.0
NZ_AXAS01000093.1_3,C,C,C,A,ID=141_3;partial=00;start_type=ATG;rbs_motif=AGGA;rbs_spacer=5-10bp;gc_cont=0.563,ID=141_3;partial=00;start_type=ATG;rbs_motif=AGGA;rbs_spacer=5-10bp;gc,13.0
NZ_JADZ01000010.1_57,C,C,C,A,ID=6_57;partial=00;start_type=ATG;rbs_motif=GGAG/GAGG;rbs_spacer=5-10bp;gc_cont=0.624,ID=6_57;partial=00;start_type=ATG;rbs_motif=GGAG/GAGG;rbs_spacer=5-10bp;gc,13.0
NZ_BAIO01000032.1_4,C,C,C,A,ID=916_4;partial=00;start_type=ATG;rbs_motif=AGGA/GGAG/GAGG;rbs_spacer=11-12bp;gc_cont=0.590,ID=916_4;partial=00;start_type=ATG;rbs_motif=AGGA/GGAG/GAGG;rbs_spacer=11-12bp;gc,13.0
NZ_JNJA01000004.1_88,C,C,C,S,ID=4_88;partial=00;start_type=ATG;rbs_motif=AGGA;rbs_spacer=5-10bp;gc_cont=0.643,ID=4_88;partial=00;start_type=ATG;rbs_motif=AGGA;rbs_spacer=5-10bp;gc,14.0
NZ_JQSG02000001.1_296,C,C,C,S,ID=1_296;partial=00;start_type=ATG;rbs_motif=AGGAG;rbs_spacer=5-10bp;gc_cont=0.598,ID=1_296;partial=00;start_type=ATG;rbs_motif=AGGAG;rbs_spacer=5-10bp;gc,14.0
NZ_KN882176.1_63,C,C,C,S,ID=3_63;partial=00;start_type=ATG;rbs_motif=AGGAG;rbs_spacer=5-10bp;gc_cont=0.459,ID=3_63;partial=00;start_type=ATG;rbs_motif=AGGAG;rbs_spacer=5-10bp;gc,14.0
NZ_AP018738.1_956,C,C,C,S,ID=1_956;partial=00;start_type=ATG;rbs_motif=AGGAG;rbs_spacer=5-10bp;gc_cont=0.539,ID=1_956;partial=00;start_type=ATG;rbs_motif=AGGAG;rbs_spacer=5-10bp;gc,14.0
NZ_LJYW01000001.1_1022,C,C,C,A,ID=1_1022;partial=00;start_type=ATG;rbs_motif=GGAG/GAGG;rbs_spacer=5-10bp;gc_cont=0.658,ID=1_1022;partial=00;start_type=ATG;rbs_motif=GGAG/GAGG;rbs_spacer=5-10bp;gc,13.0
NZ_LNCU01000039.1_138,C,C,C,A,ID=39_138;partial=00;start_type=ATG;rbs_motif=GGA/GAG/AGG;rbs_spacer=5-10bp;gc_cont=0.576,ID=39_138;partial=00;start_type=ATG;rbs_motif=GGA/GAG/AGG;rbs_spacer=5-10bp;gc,13.0
NZ_LSEF01000026.1_105,C,C,C,A,ID=26_105;partial=00;start_type=ATG;rbs_motif=GGA/GAG/AGG;rbs_spacer=5-10bp;gc_cont=0.572,ID=26_105;partial=00;start_type=ATG;rbs_motif=GGA/GAG/AGG;rbs_spacer=5-10bp;gc,13.0
NZ_MAXC01000053.1_132,C,C,C,A,ID=52_132;partial=00;start_type=ATG;rbs_motif=AGGA;rbs_spacer=5-10bp;gc_cont=0.576,ID=52_132;partial=00;start_type=ATG;rbs_motif=AGGA;rbs_spacer=5-10bp;gc,13.0
NZ_CP017603.1_2429,C,C,C,S,ID=1_2429;partial=00;start_type=ATG;rbs_motif=AGGAGG;rbs_spacer=5-10bp;gc_cont=0.385,ID=1_2429;partial=00;start_type=ATG;rbs_motif=AGGAGG;rbs_spacer=5-10bp;gc,14.0
NZ_MUNZ01000131.1_35,C,C,C,A,ID=110_35;partial=00;start_type=ATG;rbs_motif=GGAG/GAGG;rbs_spacer=5-10bp;gc_cont=0.618,ID=110_35;partial=00;start_type=ATG;rbs_motif=GGAG/GAGG;rbs_spacer=5-10bp;gc,13.0
NZ_CP021031.1_292,C,C,C,A,ID=2_292;partial=00;start_type=ATG;rbs_motif=GGA/GAG/AGG;rbs_spacer=5-10bp;gc_cont=0.585,ID=2_292;partial=00;start_type=ATG;rbs_motif=GGA/GAG/AGG;rbs_spacer=5-10bp;gc,13.0
NZ_NPKJ01000057.1_100,C,C,C,A,ID=67_100;partial=00;start_type=ATG;rbs_motif=GGAG/GAGG;rbs_spacer=5-10bp;gc_cont=0.606,ID=67_100;partial=00;start_type=ATG;rbs_motif=GGAG/GAGG;rbs_spacer=5-10bp;gc,13.0
NZ_NWSQ01000065.1_5,C,C,C,A,ID=61_5;partial=00;start_type=ATG;rbs_motif=GGA/GAG/AGG;rbs_spacer=5-10bp;gc_cont=0.593,ID=61_5;partial=00;start_type=ATG;rbs_motif=GGA/GAG/AGG;rbs_spacer=5-10bp;gc,13.0
NZ_CP025085.1_1030,C,C,C,S,ID=1_1030;partial=00;start_type=ATG;rbs_motif=GGAGG;rbs_spacer=5-10bp;gc_cont=0.523,ID=1_1030;partial=00;start_type=ATG;rbs_motif=GGAGG;rbs_spacer=5-10bp;gc,14.0
NZ_PVEN01000029.1_15,C,C,C,A,ID=29_15;partial=00;start_type=GTG;rbs_motif=AGGAG;rbs_spacer=5-10bp;gc_cont=0.603,ID=29_15;partial=00;start_type=GTG;rbs_motif=AGGAG;rbs_spacer=5-10bp;gc,13.0
NZ_KZ819023.1_385,C,C,C,S,ID=2_385;partial=00;start_type=ATG;rbs_motif=AGGAG;rbs_spacer=5-10bp;gc_cont=0.533,ID=2_385;partial=00;start_type=ATG;rbs_motif=AGGAG;rbs_spacer=5-10bp;gc,14.0
NZ_MZXV01000045.1_5,C,C,C,A,ID=48_5;partial=00;start_type=ATG;rbs_motif=GGAG/GAGG;rbs_spacer=5-10bp;gc_cont=0.604,ID=48_5;partial=00;start_type=ATG;rbs_motif=GGAG/GAGG;rbs_spacer=5-10bp;gc,13.0
NZ_QLKQ01000067.1_34,C,C,C,A,ID=146_34;partial=00;start_type=ATG;rbs_motif=AGGAG;rbs_spacer=5-10bp;gc_cont=0.635,ID=146_34;partial=00;start_type=ATG;rbs_motif=AGGAG;rbs_spacer=5-10bp;gc,13.0
NZ_RCTF01000001.1_337,C,C,C,A,ID=15_337;partial=00;start_type=ATG;rbs_motif=GGA/GAG/AGG;rbs_spacer=5-10bp;gc_cont=0.645,ID=15_337;partial=00;start_type=ATG;rbs_motif=GGA/GAG/AGG;rbs_spacer=5-10bp;gc,13.0
NZ_AP018795.1_2347,C,C,C,S,ID=1_2347;partial=00;start_type=ATG;rbs_motif=AGGAG;rbs_spacer=5-10bp;gc_cont=0.583,ID=1_2347;partial=00;start_type=ATG;rbs_motif=AGGAG;rbs_spacer=5-10bp;gc,14.0
NZ_QTZO01000002.1_173,C,C,C,S,ID=23_173;partial=00;start_type=ATG;rbs_motif=AGGA;rbs_spacer=5-10bp;gc_cont=0.614,ID=23_173;partial=00;start_type=ATG;rbs_motif=AGGA;rbs_spacer=5-10bp;gc,14.0
NZ_QJUO01000007.1_36,C,C,C,S,ID=77_36;partial=00;start_type=ATG;rbs_motif=AGGAG;rbs_spacer=5-10bp;gc_cont=0.622,ID=77_36;partial=00;start_type=ATG;rbs_motif=AGGAG;rbs_spacer=5-10bp;gc,14.0
NZ_SLZZ01000007.1_76,C,C,C,S,ID=7_76;partial=00;start_type=ATG;rbs_motif=AGGAGG;rbs_spacer=5-10bp;gc_cont=0.422,ID=7_76;partial=00;start_type=ATG;rbs_motif=AGGAGG;rbs_spacer=5-10bp;gc,14.0
NZ_SRXN01000093.1_3,C,C,C,A,ID=185_3;partial=00;start_type=ATG;rbs_motif=GGA/GAG/AGG;rbs_spacer=5-10bp;gc_cont=0.617,ID=185_3;partial=00;start_type=ATG;rbs_motif=GGA/GAG/AGG;rbs_spacer=5-10bp;gc,13.0
NZ_SRSH01000010.1_35,C,C,C,A,ID=1_35;partial=00;start_type=ATG;rbs_motif=GGAG/GAGG;rbs_spacer=5-10bp;gc_cont=0.596,ID=1_35;partial=00;start_type=ATG;rbs_motif=GGAG/GAGG;rbs_spacer=5-10bp;gc,13.0
NZ_VMYE01000015.1_49,C,C,C,A,ID=7_49;partial=00;start_type=ATG;rbs_motif=GGAG/GAGG;rbs_spacer=5-10bp;gc_cont=0.626,ID=7_49;partial=00;start_type=ATG;rbs_motif=GGAG/GAGG;rbs_spacer=5-10bp;gc,13.0
NZ_VIRF01000090.1_225,C,C,C,A,ID=90_225;partial=00;start_type=ATG;rbs_motif=GGAGG;rbs_spacer=5-10bp;gc_cont=0.621,ID=90_225;partial=00;start_type=ATG;rbs_motif=GGAGG;rbs_spacer=5-10bp;gc,13.0
NZ_VOSK01000223.1_5,C,C,C,A,ID=161_5;partial=00;start_type=ATG;rbs_motif=GGAG/GAGG;rbs_spacer=5-10bp;gc_cont=0.612,ID=161_5;partial=00;start_type=ATG;rbs_motif=GGAG/GAGG;rbs_spacer=5-10bp;gc,13.0
NZ_WQNE01000007.1_40,C,C,C,A,ID=90_40;partial=00;start_type=ATG;rbs_motif=AGGA;rbs_spacer=5-10bp;gc_cont=0.570,ID=90_40;partial=00;start_type=ATG;rbs_motif=AGGA;rbs_spacer=5-10bp;gc,13.0
NZ_JAAEEH010000003.1_39,C,C,C,S,ID=33_39;partial=00;start_type=ATG;rbs_motif=AGGAG;rbs_spacer=5-10bp;gc_cont=0.584,ID=33_39;partial=00;start_type=ATG;rbs_motif=AGGAG;rbs_spacer=5-10bp;gc,14.0
NZ_VSMK01000127.1_6,C,C,C,S,ID=129_6;partial=00;start_type=ATG;rbs_motif=GGA/GAG/AGG;rbs_spacer=5-10bp;gc_cont=0.645,ID=129_6;partial=00;start_type=ATG;rbs_motif=GGA/GAG/AGG;rbs_spacer=5-10bp;gc,14.0
NZ_BLTE01000002.1_218,C,C,C,S,ID=2_218;partial=00;start_type=ATG;rbs_motif=AGGAGG;rbs_spacer=5-10bp;gc_cont=0.655,ID=2_218;partial=00;start_type=ATG;rbs_motif=AGGAGG;rbs_spacer=5-10bp;gc,14.0
NZ_CP088022.1_5577,C,C,C,A,ID=1_5577;partial=00;start_type=ATG;rbs_motif=AGGA;rbs_spacer=5-10bp;gc_cont=0.572,ID=1_5577;partial=00;start_type=ATG;rbs_motif=AGGA;rbs_spacer=5-10bp;gc,13.0
NZ_JACIFV010000011.1_148,C,C,C,A,ID=11_148;partial=00;start_type=ATG;rbs_motif=GGA/GAG/AGG;rbs_spacer=5-10bp;gc_cont=0.591,ID=11_148;partial=00;start_type=ATG;rbs_motif=GGA/GAG/AGG;rbs_spacer=5-10bp;gc,13.0
NZ_VZQQ01000056.1_12,C,C,C,A,ID=334_12;partial=00;start_type=GTG;rbs_motif=AGGAG;rbs_spacer=5-10bp;gc_cont=0.599,ID=334_12;partial=00;start_type=GTG;rbs_motif=AGGAG;rbs_spacer=5-10bp;gc,13.0
NZ_JACJST010000015.1_9,C,C,C,S,ID=7_9;partial=00;start_type=ATG;rbs_motif=GGAG/GAGG;rbs_spacer=5-10bp;gc_cont=0.439,ID=7_9;partial=00;start_type=ATG;rbs_motif=GGAG/GAGG;rbs_spacer=5-10bp;gc,14.0
NZ_CP030060.1_689,C,C,C,A,ID=2_689;partial=00;start_type=ATG;rbs_motif=GGA/GAG/AGG;rbs_spacer=5-10bp;gc_cont=0.559,ID=2_689;partial=00;start_type=ATG;rbs_motif=GGA/GAG/AGG;rbs_spacer=5-10bp;gc,13.0
NZ_NRRF01000002.1_9,C,C,C,S,ID=2_9;partial=00;start_type=ATG;rbs_motif=AGGAG;rbs_spacer=5-10bp;gc_cont=0.616,ID=2_9;partial=00;start_type=ATG;rbs_motif=AGGAG;rbs_spacer=5-10bp;gc,14.0
NZ_JAERVK010000020.1_3,C,C,C,S,ID=12_3;partial=00;start_type=ATG;rbs_motif=AGGAG;rbs_spacer=5-10bp;gc_cont=0.576,ID=12_3;partial=00;start_type=ATG;rbs_motif=AGGAG;rbs_spacer=5-10bp;gc,14.0
NZ_JAEKIS010000007.1_87,C,C,C,A,ID=7_87;partial=00;start_type=ATG;rbs_motif=AGGA;rbs_spacer=5-10bp;gc_cont=0.613,ID=7_87;partial=00;start_type=ATG;rbs_motif=AGGA;rbs_spacer=5-10bp;gc,13.0
NZ_JAGINM010000011.1_47,C,C,C,A,ID=11_47;partial=00;start_type=ATG;rbs_motif=GGAG/GAGG;rbs_spacer=5-10bp;gc_cont=0.626,ID=11_47;partial=00;start_type=ATG;rbs_motif=GGAG/GAGG;rbs_spacer=5-10bp;gc,13.0
NZ_JAHBCL010000006.1_94,C,C,C,S,ID=66_94;partial=00;start_type=ATG;rbs_motif=AGGAG;rbs_spacer=5-10bp;gc_cont=0.456,ID=66_94;partial=00;start_type=ATG;rbs_motif=AGGAG;rbs_spacer=5-10bp;gc,14.0
NZ_JAHLDU010000006.1_174,C,C,C,S,ID=6_174;partial=00;start_type=ATG;rbs_motif=GGAGG;rbs_spacer=5-10bp;gc_cont=0.338,ID=6_174;partial=00;start_type=ATG;rbs_motif=GGAGG;rbs_spacer=5-10bp;gc,14.0
NZ_JAINDZ010000002.1_56,C,C,C,A,ID=85_56;partial=00;start_type=ATG;rbs_motif=GGAG/GAGG;rbs_spacer=5-10bp;gc_cont=0.600,ID=85_56;partial=00;start_type=ATG;rbs_motif=GGAG/GAGG;rbs_spacer=5-10bp;gc,13.0
NZ_JAIZZK010000011.1_62,C,C,C,S,ID=11_62;partial=00;start_type=ATG;rbs_motif=GGAGG;rbs_spacer=5-10bp;gc_cont=0.346,ID=11_62;partial=00;start_type=ATG;rbs_motif=GGAGG;rbs_spacer=5-10bp;gc,14.0
NZ_CP088014.1_7432,C,C,C,A,ID=1_7432;partial=00;start_type=ATG;rbs_motif=AGGA;rbs_spacer=5-10bp;gc_cont=0.558,ID=1_7432;partial=00;start_type=ATG;rbs_motif=AGGA;rbs_spacer=5-10bp;gc,13.0
NZ_JAKLUA010000026.1_43,C,C,C,A,ID=19_43;partial=00;start_type=ATG;rbs_motif=GGA/GAG/AGG;rbs_spacer=5-10bp;gc_cont=0.559,ID=19_43;partial=00;start_type=ATG;rbs_motif=GGA/GAG/AGG;rbs_spacer=5-10bp;gc,13.0
NZ_JAKZLF010000035.1_28,C,C,C,S,ID=29_28;partial=00;start_type=ATG;rbs_motif=AGGA;rbs_spacer=5-10bp;gc_cont=0.671,ID=29_28;partial=00;start_type=ATG;rbs_motif=AGGA;rbs_spacer=5-10bp;gc,14.0
NZ_CP065800.1_2992,C,C,C,G,ID=1_2992;partial=00;start_type=ATG;rbs_motif=GGAGG;rbs_spacer=5-10bp;gc_cont=0.429,ID=1_2992;partial=00;start_type=ATG;rbs_motif=GGAGG;rbs_spacer=5-10bp;gc,13.0
NZ_JANADP010000001.1_1785,C,C,C,A,ID=1_1785;partial=00;start_type=GTG;rbs_motif=GGAG/GAGG;rbs_spacer=5-10bp;gc_cont=0.566,ID=1_1785;partial=00;start_type=GTG;rbs_motif=GGAG/GAGG;rbs_spacer=5-10bp;gc,13.0
NZ_CYGY02000212.1_2,C,C,C,A,ID=47_2;partial=00;start_type=ATG;rbs_motif=AGGAG;rbs_spacer=5-10bp;gc_cont=0.572,ID=47_2;partial=00;start_type=ATG;rbs_motif=AGGAG;rbs_spacer=5-10bp;gc,13.0
NZ_FNAQ01000008.1_80,C,C,C,S,ID=17_80;partial=00;start_type=ATG;rbs_motif=GGAG/GAGG;rbs_spacer=5-10bp;gc_cont=0.617,ID=17_80;partial=00;start_type=ATG;rbs_motif=GGAG/GAGG;rbs_spacer=5-10bp;gc,14.0
NZ_FNZE01000018.1_39,C,C,C,S,ID=26_39;partial=00;start_type=ATG;rbs_motif=AGGAG;rbs_spacer=5-10bp;gc_cont=0.606,ID=26_39;partial=00;start_type=ATG;rbs_motif=AGGAG;rbs_spacer=5-10bp;gc,14.0
NZ_FORX01000022.1_15,C,C,C,S,ID=38_15;partial=00;start_type=ATG;rbs_motif=GGAG/GAGG;rbs_spacer=5-10bp;gc_cont=0.627,ID=38_15;partial=00;start_type=ATG;rbs_motif=GGAG/GAGG;rbs_spacer=5-10bp;gc,14.0
NZ_FQXS01000023.1_47,C,C,C,S,ID=27_47;partial=00;start_type=ATG;rbs_motif=AGGAG;rbs_spacer=5-10bp;gc_cont=0.584,ID=27_47;partial=00;start_type=ATG;rbs_motif=AGGAG;rbs_spacer=5-10bp;gc,14.0
NZ_FTMD01000016.1_46,C,C,C,A,ID=34_46;partial=00;start_type=ATG;rbs_motif=AGGAG;rbs_spacer=5-10bp;gc_cont=0.644,ID=34_46;partial=00;start_type=ATG;rbs_motif=AGGAG;rbs_spacer=5-10bp;gc,13.0
NZ_LT860098.1_210,C,C,C,S,ID=7_210;partial=00;start_type=ATG;rbs_motif=GGAGG;rbs_spacer=5-10bp;gc_cont=0.420,ID=7_210;partial=00;start_type=ATG;rbs_motif=GGAGG;rbs_spacer=5-10bp;gc,14.0
NZ_LT977072.1_38,C,C,C,A,ID=3_38;partial=00;start_type=ATG;rbs_motif=AGGAG;rbs_spacer=5-10bp;gc_cont=0.515,ID=3_38;partial=00;start_type=ATG;rbs_motif=AGGAG;rbs_spacer=5-10bp;gc,13.0
NZ_CAJGBN010000011.1_21,C,C,C,A,ID=11_21;partial=00;start_type=ATG;rbs_motif=AGGAG;rbs_spacer=5-10bp;gc_cont=0.642,ID=11_21;partial=00;start_type=ATG;rbs_motif=AGGAG;rbs_spacer=5-10bp;gc,13.0
DJJR01000063.1_25,C,C,C,S,ID=36_25;partial=00;start_type=ATG;rbs_motif=AGGAG;rbs_spacer=5-10bp;gc_cont=0.439,ID=36_25;partial=00;start_type=ATG;rbs_motif=AGGAG;rbs_spacer=5-10bp;gc,14.0
JAFNAS010000019.1_47,C,C,C,S,ID=8_47;partial=00;start_type=ATG;rbs_motif=TAA;rbs_spacer=4bp;gc_cont=0.481,ID=8_47;partial=00;start_type=ATG;rbs_motif=TAA;rbs_spacer=4bp;gc,14.0
JAEYMU010000024.1_11,C,C,C,S,ID=30_11;partial=00;start_type=ATG;rbs_motif=AGGAGG;rbs_spacer=5-10bp;gc_cont=0.478,ID=30_11;partial=00;start_type=ATG;rbs_motif=AGGAGG;rbs_spacer=5-10bp;gc,14.0
JAEWQB010000015.1_50,C,C,C,S,ID=15_50;partial=00;start_type=ATG;rbs_motif=AGGA;rbs_spacer=5-10bp;gc_cont=0.541,ID=15_50;partial=00;start_type=ATG;rbs_motif=AGGA;rbs_spacer=5-10bp;gc,14.0
NC_017059.1_562,C,C,C,S,ID=1_562;partial=00;start_type=ATG;rbs_motif=GGAG/GAGG;rbs_spacer=5-10bp;gc_cont=0.597,ID=1_562;partial=00;start_type=ATG;rbs_motif=GGAG/GAGG;rbs_spacer=5-10bp;gc,14.0
NZ_CP009517.1_2003,C,C,C,S,ID=1_2003;partial=00;start_type=ATG;rbs_motif=GGAG/GAGG;rbs_spacer=5-10bp;gc_cont=0.424,ID=1_2003;partial=00;start_type=ATG;rbs_motif=GGAG/GAGG;rbs_spacer=5-10bp;gc,14.0
NZ_QKZO01000014.1_44,C,C,C,S,ID=14_44;partial=00;start_type=ATG;rbs_motif=AGGA;rbs_spacer=5-10bp;gc_cont=0.608,ID=14_44;partial=00;start_type=ATG;rbs_motif=AGGA;rbs_spacer=5-10bp;gc,14.0
NZ_CP045504.1_2413,C,C,C,S,ID=1_2413;partial=00;start_type=ATG;rbs_motif=AGGA;rbs_spacer=5-10bp;gc_cont=0.605,ID=1_2413;partial=00;start_type=ATG;rbs_motif=AGGA;rbs_spacer=5-10bp;gc,14.0
NZ_JAETXJ010000001.1_374,C,C,C,S,ID=1_374;partial=00;start_type=ATG;rbs_motif=AGGA;rbs_spacer=5-10bp;gc_cont=0.565,ID=1_374;partial=00;start_type=ATG;rbs_motif=AGGA;rbs_spacer=5-10bp;gc,14.0
JAEZAV010000106.1_7,C,C,C,S,ID=150_7;partial=01;start_type=TTG;rbs_motif=None;rbs_spacer=None;gc_cont=0.413,ID=150_7;partial=01;start_type=TTG;rbs_motif=None;rbs_spacer=None;gc,14.0
JADQBA010000100.1_27,C,C,C,S,ID=313_27;partial=00;start_type=ATG;rbs_motif=AGGAG;rbs_spacer=5-10bp;gc_cont=0.457,ID=313_27;partial=00;start_type=ATG;rbs_motif=AGGAG;rbs_spacer=5-10bp;gc,14.0
NZ_SMAO01000001.1_575,C,C,C,S,ID=1_575;partial=00;start_type=ATG;rbs_motif=AGGAG;rbs_spacer=5-10bp;gc_cont=0.624,ID=1_575;partial=00;start_type=ATG;rbs_motif=AGGAG;rbs_spacer=5-10bp;gc,14.0
KE159582.1_177,K,C,C,G,ID=12_177;partial=00;start_type=ATG;rbs_motif=AGGAGG;rbs_spacer=5-10bp;gc_cont=0.453,ID=12_177;partial=00;start_type=ATG;rbs_motif=AGGAGG;rbs_spacer=5-10bp;gc,10.0
CCNA01000013.1_20,C,C,C,A,ID=13_20;partial=00;start_type=ATG;rbs_motif=GGAG/GAGG;rbs_spacer=5-10bp;gc_cont=0.593,ID=13_20;partial=00;start_type=ATG;rbs_motif=GGAG/GAGG;rbs_spacer=5-10bp;gc,13.0
LJOT01000008.1_33,C,C,C,S,ID=770_33;partial=00;start_type=ATG;rbs_motif=GGAG/GAGG;rbs_spacer=5-10bp;gc_cont=0.425,ID=770_33;partial=00;start_type=ATG;rbs_motif=GGAG/GAGG;rbs_spacer=5-10bp;gc,14.0
MGZJ01000010.1_37,C,C,C,S,ID=10_37;partial=00;start_type=ATG;rbs_motif=AGGAG;rbs_spacer=5-10bp;gc_cont=0.557,ID=10_37;partial=00;start_type=ATG;rbs_motif=AGGAG;rbs_spacer=5-10bp;gc,14.0
MVQX01000087.1_93,C,C,C,S,ID=87_93;partial=00;start_type=ATG;rbs_motif=AGGAG;rbs_spacer=5-10bp;gc_cont=0.524,ID=87_93;partial=00;start_type=ATG;rbs_motif=AGGAG;rbs_spacer=5-10bp;gc,14.0
DBMP01000029.1_88,C,C,C,S,ID=15_88;partial=00;start_type=ATG;rbs_motif=None;rbs_spacer=None;gc_cont=0.611,ID=15_88;partial=00;start_type=ATG;rbs_motif=None;rbs_spacer=None;gc,14.0
DCHE01000088.1_60,K,C,C,G,ID=29_60;partial=00;start_type=ATG;rbs_motif=AGGAGG;rbs_spacer=5-10bp;gc_cont=0.381,ID=29_60;partial=00;start_type=ATG;rbs_motif=AGGAGG;rbs_spacer=5-10bp;gc,10.0
DFBE01000048.1_7,C,C,C,S,ID=25_7;partial=00;start_type=ATG;rbs_motif=AGGA;rbs_spacer=5-10bp;gc_cont=0.473,ID=25_7;partial=00;start_type=ATG;rbs_motif=AGGA;rbs_spacer=5-10bp;gc,14.0
DGUZ01000024.1_42,K,C,C,G,ID=14_42;partial=00;start_type=ATG;rbs_motif=GGA/GAG/AGG;rbs_spacer=5-10bp;gc_cont=0.485,ID=14_42;partial=00;start_type=ATG;rbs_motif=GGA/GAG/AGG;rbs_spacer=5-10bp;gc,10.0
DIEX01000030.1_44,C,C,C,S,ID=15_44;partial=00;start_type=ATG;rbs_motif=AGGAGG;rbs_spacer=5-10bp;gc_cont=0.468,ID=15_44;partial=00;start_type=ATG;rbs_motif=AGGAGG;rbs_spacer=5-10bp;gc,14.0
DJJR01000052.1_75,C,C,C,S,ID=78_75;partial=00;start_type=ATG;rbs_motif=AGGAG;rbs_spacer=5-10bp;gc_cont=0.418,ID=78_75;partial=00;start_type=ATG;rbs_motif=AGGAG;rbs_spacer=5-10bp;gc,14.0
DAXJ01000034.1_4,C,C,C,S,ID=86_4;partial=00;start_type=ATG;rbs_motif=GGAGG;rbs_spacer=5-10bp;gc_cont=0.559,ID=86_4;partial=00;start_type=ATG;rbs_motif=GGAGG;rbs_spacer=5-10bp;gc,14.0
PIZH01000222.1_2,C,C,C,S,ID=126_2;partial=00;start_type=ATG;rbs_motif=AGGA;rbs_spacer=5-10bp;gc_cont=0.618,ID=126_2;partial=00;start_type=ATG;rbs_motif=AGGA;rbs_spacer=5-10bp;gc,14.0
PKUB01000002.1_44,C,C,C,S,ID=49_44;partial=00;start_type=ATG;rbs_motif=AGGAG;rbs_spacer=5-10bp;gc_cont=0.621,ID=49_44;partial=00;start_type=ATG;rbs_motif=AGGAG;rbs_spacer=5-10bp;gc,14.0
QAYZ01000015.1_116,C,C,C,S,ID=13_116;partial=00;start_type=ATG;rbs_motif=None;rbs_spacer=None;gc_cont=0.622,ID=13_116;partial=00;start_type=ATG;rbs_motif=None;rbs_spacer=None;gc,14.0
PMBV01000139.1_2,C,C,C,A,ID=484_2;partial=00;start_type=GTG;rbs_motif=AGGAG;rbs_spacer=5-10bp;gc_cont=0.648,ID=484_2;partial=00;start_type=GTG;rbs_motif=AGGAG;rbs_spacer=5-10bp;gc,13.0
PLUT01000321.1_3,C,C,C,A,ID=29_3;partial=00;start_type=ATG;rbs_motif=None;rbs_spacer=None;gc_cont=0.570,ID=29_3;partial=00;start_type=ATG;rbs_motif=None;rbs_spacer=None;gc,13.0
QKCO01000110.1_4,C,C,C,S,ID=158_4;partial=00;start_type=ATG;rbs_motif=AGGAG;rbs_spacer=5-10bp;gc_cont=0.655,ID=158_4;partial=00;start_type=ATG;rbs_motif=AGGAG;rbs_spacer=5-10bp;gc,14.0
QKIO01000137.1_17,C,C,C,S,ID=37_17;partial=00;start_type=ATG;rbs_motif=TAA;rbs_spacer=14bp;gc_cont=0.438,ID=37_17;partial=00;start_type=ATG;rbs_motif=TAA;rbs_spacer=14bp;gc,14.0
DNPO01000150.1_2,C,C,C,S,ID=416_2;partial=00;start_type=ATG;rbs_motif=AGGA;rbs_spacer=5-10bp;gc_cont=0.564,ID=416_2;partial=00;start_type=ATG;rbs_motif=AGGA;rbs_spacer=5-10bp;gc,14.0
QZKC01000042.1_5,C,C,C,S,ID=74_5;partial=00;start_type=ATG;rbs_motif=AGGAG;rbs_spacer=5-10bp;gc_cont=0.494,ID=74_5;partial=00;start_type=ATG;rbs_motif=AGGAG;rbs_spacer=5-10bp;gc,14.0
BIFV01000005.1_8,C,C,C,S,ID=5_8;partial=00;start_type=ATG;rbs_motif=AGGAG;rbs_spacer=5-10bp;gc_cont=0.440,ID=5_8;partial=00;start_type=ATG;rbs_motif=AGGAG;rbs_spacer=5-10bp;gc,14.0
SCTZ01000199.1_14,C,C,C,S,ID=256_14;partial=00;start_type=ATG;rbs_motif=GGA/GAG/AGG;rbs_spacer=5-10bp;gc_cont=0.578,ID=256_14;partial=00;start_type=ATG;rbs_motif=GGA/GAG/AGG;rbs_spacer=5-10bp;gc,14.0
SZPQ01000043.1_24,C,C,C,S,ID=113_24;partial=00;start_type=ATG;rbs_motif=AGGAG;rbs_spacer=5-10bp;gc_cont=0.567,ID=113_24;partial=00;start_type=ATG;rbs_motif=AGGAG;rbs_spacer=5-10bp;gc,14.0
SKZT01000016.1_14,C,C,C,S,ID=196_14;partial=00;start_type=ATG;rbs_motif=AGGA;rbs_spacer=5-10bp;gc_cont=0.497,ID=196_14;partial=00;start_type=ATG;rbs_motif=AGGA;rbs_spacer=5-10bp;gc,14.0
VLTH01000002.1_2053,C,C,C,S,ID=2_2053;partial=00;start_type=ATG;rbs_motif=AGGAGG;rbs_spacer=5-10bp;gc_cont=0.361,ID=2_2053;partial=00;start_type=ATG;rbs_motif=AGGAGG;rbs_spacer=5-10bp;gc,14.0
WSNO01000022.1_70,C,C,C,S,ID=50_70;partial=00;start_type=ATG;rbs_motif=GGAGG;rbs_spacer=5-10bp;gc_cont=0.536,ID=50_70;partial=00;start_type=ATG;rbs_motif=GGAGG;rbs_spacer=5-10bp;gc,14.0
DRKX01000122.1_7,C,C,C,S,ID=122_7;partial=00;start_type=ATG;rbs_motif=GGAGG;rbs_spacer=5-10bp;gc_cont=0.588,ID=122_7;partial=00;start_type=ATG;rbs_motif=GGAGG;rbs_spacer=5-10bp;gc,14.0
WOZJ01000062.1_13,C,C,C,S,ID=14_13;partial=00;start_type=ATG;rbs_motif=AGGAGG;rbs_spacer=5-10bp;gc_cont=0.592,ID=14_13;partial=00;start_type=ATG;rbs_motif=AGGAGG;rbs_spacer=5-10bp;gc,14.0
JAAYVM010000153.1_3,C,C,C,S,ID=60_3;partial=00;start_type=ATG;rbs_motif=GGAGG;rbs_spacer=5-10bp;gc_cont=0.415,ID=60_3;partial=00;start_type=ATG;rbs_motif=GGAGG;rbs_spacer=5-10bp;gc,14.0
JABEVH010000176.1_16,C,C,C,S,ID=56_16;partial=00;start_type=ATG;rbs_motif=AGGAG;rbs_spacer=5-10bp;gc_cont=0.490,ID=56_16;partial=00;start_type=ATG;rbs_motif=AGGAG;rbs_spacer=5-10bp;gc,14.0
JAADFS010000266.1_4,C,C,C,S,ID=266_4;partial=00;start_type=ATG;rbs_motif=GGAGG;rbs_spacer=5-10bp;gc_cont=0.519,ID=266_4;partial=00;start_type=ATG;rbs_motif=GGAGG;rbs_spacer=5-10bp;gc,14.0
JAAXWX010000028.1_7,C,C,C,S,ID=7_7;partial=00;start_type=ATG;rbs_motif=TAA;rbs_spacer=3bp;gc_cont=0.532,ID=7_7;partial=00;start_type=ATG;rbs_motif=TAA;rbs_spacer=3bp;gc,14.0
JACAAY010000010.1_16,C,C,C,S,ID=2_16;partial=00;start_type=ATG;rbs_motif=AGGAG;rbs_spacer=5-10bp;gc_cont=0.560,ID=2_16;partial=00;start_type=ATG;rbs_motif=AGGAG;rbs_spacer=5-10bp;gc,14.0
JACGMN010000082.1_9,C,C,C,S,ID=30_9;partial=00;start_type=ATG;rbs_motif=None;rbs_spacer=None;gc_cont=0.472,ID=30_9;partial=00;start_type=ATG;rbs_motif=None;rbs_spacer=None;gc,14.0
JACSSB010000105.1_2,C,C,C,S,ID=134_2;partial=00;start_type=ATG;rbs_motif=GGAG/GAGG;rbs_spacer=5-10bp;gc_cont=0.545,ID=134_2;partial=00;start_type=ATG;rbs_motif=GGAG/GAGG;rbs_spacer=5-10bp;gc,14.0
JADFXG010000040.1_9,C,C,C,S,ID=34_9;partial=00;start_type=ATG;rbs_motif=GGAGG;rbs_spacer=5-10bp;gc_cont=0.447,ID=34_9;partial=00;start_type=ATG;rbs_motif=GGAGG;rbs_spacer=5-10bp;gc,14.0
JAATEU010000146.1_5,C,C,C,S,ID=364_5;partial=00;start_type=ATG;rbs_motif=GGAGG;rbs_spacer=5-10bp;gc_cont=0.458,ID=364_5;partial=00;start_type=ATG;rbs_motif=GGAGG;rbs_spacer=5-10bp;gc,14.0
JACQYR010000035.1_14,C,C,C,S,ID=17_14;partial=00;start_type=ATG;rbs_motif=AGGAG/GGAGG;rbs_spacer=11-12bp;gc_cont=0.657,ID=17_14;partial=00;start_type=ATG;rbs_motif=AGGAG/GGAGG;rbs_spacer=11-12bp;gc,14.0
JACRLQ010000084.1_25,C,C,C,S,ID=7_25;partial=00;start_type=ATG;rbs_motif=GGAGG;rbs_spacer=5-10bp;gc_cont=0.553,ID=7_25;partial=00;start_type=ATG;rbs_motif=GGAGG;rbs_spacer=5-10bp;gc,14.0
JACRNJ010000056.1_43,C,C,C,S,ID=49_43;partial=00;start_type=ATG;rbs_motif=AGGAGG;rbs_spacer=3-4bp;gc_cont=0.501,ID=49_43;partial=00;start_type=ATG;rbs_motif=AGGAGG;rbs_spacer=3-4bp;gc,14.0
JAEEIN010000005.1_7,A,C,C,G,ID=56_7;partial=00;start_type=ATG;rbs_motif=AGxAGG/AGGxGG;rbs_spacer=5-10bp;gc_cont=0.459,ID=56_7;partial=00;start_type=ATG;rbs_motif=AGxAGG/AGGxGG;rbs_spacer=5-10bp;gc,10.0
JADJDQ010000002.1_435,C,C,C,A,ID=2_435;partial=00;start_type=ATG;rbs_motif=AGGAG;rbs_spacer=5-10bp;gc_cont=0.616,ID=2_435;partial=00;start_type=ATG;rbs_motif=AGGAG;rbs_spacer=5-10bp;gc,13.0
JADKAW010000058.1_25,C,C,C,A,ID=58_25;partial=00;start_type=ATG;rbs_motif=AGGAG;rbs_spacer=5-10bp;gc_cont=0.552,ID=58_25;partial=00;start_type=ATG;rbs_motif=AGGAG;rbs_spacer=5-10bp;gc,13.0
JAEULV010000137.1_5,C,C,C,A,ID=39_5;partial=00;start_type=ATG;rbs_motif=GGAG/GAGG;rbs_spacer=5-10bp;gc_cont=0.642,ID=39_5;partial=00;start_type=ATG;rbs_motif=GGAG/GAGG;rbs_spacer=5-10bp;gc,13.0
JAFGIN010000220.1_64,C,C,C,S,ID=77_64;partial=00;start_type=ATG;rbs_motif=GGAGG;rbs_spacer=5-10bp;gc_cont=0.420,ID=77_64;partial=00;start_type=ATG;rbs_motif=GGAGG;rbs_spacer=5-10bp;gc,14.0
JAFGWS010000047.1_22,C,C,C,S,ID=165_22;partial=00;start_type=ATG;rbs_motif=GGAG/GAGG;rbs_spacer=5-10bp;gc_cont=0.602,ID=165_22;partial=00;start_type=ATG;rbs_motif=GGAG/GAGG;rbs_spacer=5-10bp;gc,14.0
CP070233.1_229,C,C,C,S,ID=1_229;partial=00;start_type=ATG;rbs_motif=GGAG/GAGG;rbs_spacer=5-10bp;gc_cont=0.432,ID=1_229;partial=00;start_type=ATG;rbs_motif=GGAG/GAGG;rbs_spacer=5-10bp;gc,14.0
JAFWMQ010000008.1_162,T,C,C,G,ID=4_162;partial=00;start_type=ATG;rbs_motif=GGAGG;rbs_spacer=5-10bp;gc_cont=0.424,ID=4_162;partial=00;start_type=ATG;rbs_motif=GGAGG;rbs_spacer=5-10bp;gc,10.0
JAFZKB010000029.1_66,K,C,C,G,ID=28_66;partial=00;start_type=ATG;rbs_motif=GGAGG;rbs_spacer=5-10bp;gc_cont=0.497,ID=28_66;partial=00;start_type=ATG;rbs_motif=GGAGG;rbs_spacer=5-10bp;gc,10.0
JAGCFH010000072.1_5,G,C,C,G,ID=180_5;partial=00;start_type=ATG;rbs_motif=GGA/GAG/AGG;rbs_spacer=5-10bp;gc_cont=0.435,ID=180_5;partial=00;start_type=ATG;rbs_motif=GGA/GAG/AGG;rbs_spacer=5-10bp;gc,10.0
JAGGAE010000064.1_3,C,C,C,S,ID=102_3;partial=00;start_type=ATG;rbs_motif=AGGAG;rbs_spacer=5-10bp;gc_cont=0.479,ID=102_3;partial=00;start_type=ATG;rbs_motif=AGGAG;rbs_spacer=5-10bp;gc,14.0
JAGNSM010000017.1_26,C,C,C,S,ID=185_26;partial=00;start_type=ATG;rbs_motif=AGGAGG;rbs_spacer=5-10bp;gc_cont=0.336,ID=185_26;partial=00;start_type=ATG;rbs_motif=AGGAGG;rbs_spacer=5-10bp;gc,14.0
JAHDQM010000027.1_29,C,C,C,S,ID=39_29;partial=00;start_type=ATG;rbs_motif=GGAG/GAGG;rbs_spacer=5-10bp;gc_cont=0.599,ID=39_29;partial=00;start_type=ATG;rbs_motif=GGAG/GAGG;rbs_spacer=5-10bp;gc,14.0
JAHJJU010000024.1_41,C,C,C,S,ID=11_41;partial=00;start_type=ATG;rbs_motif=AGGAG;rbs_spacer=5-10bp;gc_cont=0.403,ID=11_41;partial=00;start_type=ATG;rbs_motif=AGGAG;rbs_spacer=5-10bp;gc,14.0
JAFLKR010000027.1_19,C,C,C,S,ID=60_19;partial=00;start_type=ATG;rbs_motif=GGAG/GAGG;rbs_spacer=5-10bp;gc_cont=0.568,ID=60_19;partial=00;start_type=ATG;rbs_motif=GGAG/GAGG;rbs_spacer=5-10bp;gc,14.0
JAIFLU010000191.1_14,C,C,C,S,ID=295_14;partial=00;start_type=ATG;rbs_motif=TAA;rbs_spacer=11bp;gc_cont=0.459,ID=295_14;partial=00;start_type=ATG;rbs_motif=TAA;rbs_spacer=11bp;gc,14.0
JAGUWD010000007.1_208,C,C,C,S,ID=3_208;partial=00;start_type=ATG;rbs_motif=GGAGG;rbs_spacer=5-10bp;gc_cont=0.471,ID=3_208;partial=00;start_type=ATG;rbs_motif=GGAGG;rbs_spacer=5-10bp;gc,14.0
JAHRYZ010000029.1_19,C,C,C,A,ID=339_19;partial=00;start_type=ATG;rbs_motif=GGAGG;rbs_spacer=5-10bp;gc_cont=0.617,ID=339_19;partial=00;start_type=ATG;rbs_motif=GGAGG;rbs_spacer=5-10bp;gc,13.0
DYHD01000041.1_2,C,C,C,S,ID=15_2;partial=00;start_type=ATG;rbs_motif=GGAGG;rbs_spacer=5-10bp;gc_cont=0.400,ID=15_2;partial=00;start_type=ATG;rbs_motif=GGAGG;rbs_spacer=5-10bp;gc,14.0
JAIPEN010000003.1_24,C,C,C,S,ID=22_24;partial=00;start_type=ATG;rbs_motif=AGGA;rbs_spacer=5-10bp;gc_cont=0.646,ID=22_24;partial=00;start_type=ATG;rbs_motif=AGGA;rbs_spacer=5-10bp;gc,14.0
JAJXYD010000044.1_7,C,C,C,S,ID=12_7;partial=00;start_type=ATG;rbs_motif=AGGA;rbs_spacer=5-10bp;gc_cont=0.556,ID=12_7;partial=00;start_type=ATG;rbs_motif=AGGA;rbs_spacer=5-10bp;gc,14.0
JAJYOG010000014.1_30,C,C,C,S,ID=44_30;partial=00;start_type=ATG;rbs_motif=GGAGG;rbs_spacer=5-10bp;gc_cont=0.615,ID=44_30;partial=00;start_type=ATG;rbs_motif=GGAGG;rbs_spacer=5-10bp;gc,14.0
JAJYPA010000015.1_25,C,C,C,A,ID=548_25;partial=00;start_type=ATG;rbs_motif=GGAG/GAGG;rbs_spacer=5-10bp;gc_cont=0.572,ID=548_25;partial=00;start_type=ATG;rbs_motif=GGAG/GAGG;rbs_spacer=5-10bp;gc,13.0
JAJZDM010000119.1_4,C,C,C,A,ID=145_4;partial=00;start_type=ATG;rbs_motif=AGGAG;rbs_spacer=5-10bp;gc_cont=0.590,ID=145_4;partial=00;start_type=ATG;rbs_motif=AGGAG;rbs_spacer=5-10bp;gc,13.0
JAKAFS010000004.1_78,C,C,C,S,ID=96_78;partial=00;start_type=ATG;rbs_motif=GGA/GAG/AGG;rbs_spacer=5-10bp;gc_cont=0.630,ID=96_78;partial=00;start_type=ATG;rbs_motif=GGA/GAG/AGG;rbs_spacer=5-10bp;gc,14.0
JAJZTT010000028.1_23,C,C,C,A,ID=148_23;partial=00;start_type=ATG;rbs_motif=AGGAG;rbs_spacer=5-10bp;gc_cont=0.585,ID=148_23;partial=00;start_type=ATG;rbs_motif=AGGAG;rbs_spacer=5-10bp;gc,13.0
JAKSAU010000874.1_19,C,C,C,S,ID=305_19;partial=00;start_type=ATG;rbs_motif=AGGAG;rbs_spacer=5-10bp;gc_cont=0.516,ID=305_19;partial=00;start_type=ATG;rbs_motif=AGGAG;rbs_spacer=5-10bp;gc,14.0
QYLO01000003.1_97,C,C,C,S,ID=96_97;partial=00;start_type=ATG;rbs_motif=GGAG/GAGG;rbs_spacer=5-10bp;gc_cont=0.521,ID=96_97;partial=00;start_type=ATG;rbs_motif=GGAG/GAGG;rbs_spacer=5-10bp;gc,14.0
JALNYY010000085.1_13,C,C,C,S,ID=17_13;partial=00;start_type=ATG;rbs_motif=AGGAG;rbs_spacer=5-10bp;gc_cont=0.476,ID=17_13;partial=00;start_type=ATG;rbs_motif=AGGAG;rbs_spacer=5-10bp;gc,14.0
JAEWGR010000010.1_27,C,C,C,S,ID=1_27;partial=00;start_type=ATG;rbs_motif=AGGAG;rbs_spacer=5-10bp;gc_cont=0.490,ID=1_27;partial=00;start_type=ATG;rbs_motif=AGGAG;rbs_spacer=5-10bp;gc,14.0
JAEWME010000362.1_2,C,C,C,S,ID=461_2;partial=00;start_type=ATG;rbs_motif=AAAA;rbs_spacer=15bp;gc_cont=0.502,ID=461_2;partial=00;start_type=ATG;rbs_motif=AAAA;rbs_spacer=15bp;gc,14.0
JAEWPN010000090.1_50,C,C,C,S,ID=132_50;partial=00;start_type=GTG;rbs_motif=AGGAGG;rbs_spacer=5-10bp;gc_cont=0.456,ID=132_50;partial=00;start_type=GTG;rbs_motif=AGGAGG;rbs_spacer=5-10bp;gc,14.0
JAEYPE010000263.1_4,C,C,C,A,ID=93_4;partial=00;start_type=ATG;rbs_motif=AGGAG;rbs_spacer=5-10bp;gc_cont=0.628,ID=93_4;partial=00;start_type=ATG;rbs_motif=AGGAG;rbs_spacer=5-10bp;gc,13.0
JAEZKZ010000002.1_37,C,C,C,S,ID=91_37;partial=00;start_type=ATG;rbs_motif=GGAGG;rbs_spacer=5-10bp;gc_cont=0.443,ID=91_37;partial=00;start_type=ATG;rbs_motif=GGAGG;rbs_spacer=5-10bp;gc,14.0
JAEZUR010000049.1_5,C,C,C,S,ID=4_5;partial=00;start_type=ATG;rbs_motif=AGGAGG;rbs_spacer=5-10bp;gc_cont=0.368,ID=4_5;partial=00;start_type=ATG;rbs_motif=AGGAGG;rbs_spacer=5-10bp;gc,14.0
JAEYYB010000037.1_57,C,C,C,S,ID=78_57;partial=00;start_type=ATG;rbs_motif=GGAGG;rbs_spacer=5-10bp;gc_cont=0.399,ID=78_57;partial=00;start_type=ATG;rbs_motif=GGAGG;rbs_spacer=5-10bp;gc,14.0
JAEZIV010000350.1_4,F,C,C,G,ID=98_4;partial=00;start_type=ATG;rbs_motif=AGGAGG;rbs_spacer=5-10bp;gc_cont=0.428,ID=98_4;partial=00;start_type=ATG;rbs_motif=AGGAGG;rbs_spacer=5-10bp;gc,10.0
JAEZZQ010000016.1_375,T,C,C,G,ID=11_375;partial=00;start_type=GTG;rbs_motif=AGGAGG;rbs_spacer=5-10bp;gc_cont=0.483,ID=11_375;partial=00;start_type=GTG;rbs_motif=AGGAGG;rbs_spacer=5-10bp;gc,10.0
JAEWQB010000002.1_10,C,C,C,S,ID=2_10;partial=00;start_type=ATG;rbs_motif=AGGA/GGAG/GAGG;rbs_spacer=11-12bp;gc_cont=0.572,ID=2_10;partial=00;start_type=ATG;rbs_motif=AGGA/GGAG/GAGG;rbs_spacer=11-12bp;gc,14.0
JACKOQ010000003.1_178,C,C,C,A,ID=3_178;partial=00;start_type=ATG;rbs_motif=AGGAG;rbs_spacer=5-10bp;gc_cont=0.619,ID=3_178;partial=00;start_type=ATG;rbs_motif=AGGAG;rbs_spacer=5-10bp;gc,13.0
JAGXHL010000049.1_110,C,C,C,S,ID=81_110;partial=00;start_type=ATG;rbs_motif=AGGAG;rbs_spacer=5-10bp;gc_cont=0.598,ID=81_110;partial=00;start_type=ATG;rbs_motif=AGGAG;rbs_spacer=5-10bp;gc,14.0
JAILON010000156.1_38,-,C,C,G,ID=13_38;partial=00;start_type=ATG;rbs_motif=None;rbs_spacer=None;gc_cont=0.570,ID=13_38;partial=00;start_type=ATG;rbs_motif=None;rbs_spacer=None;gc,9.0
JANQAK010000001.1_1036,C,C,C,A,ID=5_1036;partial=00;start_type=ATG;rbs_motif=GGA/GAG/AGG;rbs_spacer=5-10bp;gc_cont=0.582,ID=5_1036;partial=00;start_type=ATG;rbs_motif=GGA/GAG/AGG;rbs_spacer=5-10bp;gc,13.0
FOIY01000003.1_134,K,C,C,G,ID=5_134;partial=00;start_type=ATG;rbs_motif=GGAG/GAGG;rbs_spacer=5-10bp;gc_cont=0.456,ID=5_134;partial=00;start_type=ATG;rbs_motif=GGAG/GAGG;rbs_spacer=5-10bp;gc,10.0
ONET01000001.1_21,T,C,C,G,ID=54_21;partial=00;start_type=ATG;rbs_motif=AGGAG;rbs_spacer=5-10bp;gc_cont=0.505,ID=54_21;partial=00;start_type=ATG;rbs_motif=AGGAG;rbs_spacer=5-10bp;gc,10.0
CABDWT010000016.1_859,C,C,C,S,ID=16_859;partial=00;start_type=ATG;rbs_motif=GGAGG;rbs_spacer=5-10bp;gc_cont=0.552,ID=16_859;partial=00;start_type=ATG;rbs_motif=GGAGG;rbs_spacer=5-10bp;gc,14.0
CACXEU010000002.1_3,K,C,C,G,ID=2_3;partial=00;start_type=ATG;rbs_motif=AGGAGG;rbs_spacer=5-10bp;gc_cont=0.383,ID=2_3;partial=00;start_type=ATG;rbs_motif=AGGAGG;rbs_spacer=5-10bp;gc,10.0
CACZFN010000023.1_5,T,C,C,G,ID=23_5;partial=00;start_type=ATG;rbs_motif=AGGAG;rbs_spacer=5-10bp;gc_cont=0.483,ID=23_5;partial=00;start_type=ATG;rbs_motif=AGGAG;rbs_spacer=5-10bp;gc,10.0
CADAIP010000006.1_131,T,C,C,G,ID=6_131;partial=00;start_type=ATG;rbs_motif=GGAGG;rbs_spacer=5-10bp;gc_cont=0.447,ID=6_131;partial=00;start_type=ATG;rbs_motif=GGAGG;rbs_spacer=5-10bp;gc,10.0
CADCCO010000095.1_6,T,C,C,G,ID=95_6;partial=00;start_type=ATG;rbs_motif=AGGAG;rbs_spacer=5-10bp;gc_cont=0.515,ID=95_6;partial=00;start_type=ATG;rbs_motif=AGGAG;rbs_spacer=5-10bp;gc,10.0
CAIJNL010000041.1_38,C,C,C,S,ID=41_38;partial=00;start_type=ATG;rbs_motif=GGAGG;rbs_spacer=5-10bp;gc_cont=0.515,ID=41_38;partial=00;start_type=ATG;rbs_motif=GGAGG;rbs_spacer=5-10bp;gc,14.0
CAIMEB010000138.1_8,C,C,C,S,ID=138_8;partial=00;start_type=ATG;rbs_motif=AGGAG;rbs_spacer=5-10bp;gc_cont=0.412,ID=138_8;partial=00;start_type=ATG;rbs_motif=AGGAG;rbs_spacer=5-10bp;gc,14.0
CAIPDT010000001.1_2,C,C,C,S,ID=1_2;partial=00;start_type=ATG;rbs_motif=AGGAG;rbs_spacer=5-10bp;gc_cont=0.397,ID=1_2;partial=00;start_type=ATG;rbs_motif=AGGAG;rbs_spacer=5-10bp;gc,14.0
CAIRCR010000403.1_7,C,C,C,S,ID=403_7;partial=00;start_type=ATG;rbs_motif=AGGAG;rbs_spacer=5-10bp;gc_cont=0.407,ID=403_7;partial=00;start_type=ATG;rbs_motif=AGGAG;rbs_spacer=5-10bp;gc,14.0
CAIUSO010000064.1_2,C,C,C,S,ID=64_2;partial=00;start_type=ATG;rbs_motif=AGGAG;rbs_spacer=5-10bp;gc_cont=0.541,ID=64_2;partial=00;start_type=ATG;rbs_motif=AGGAG;rbs_spacer=5-10bp;gc,14.0
CAIYZZ010000043.1_3,C,C,C,S,ID=43_3;partial=00;start_type=ATG;rbs_motif=AGGAG;rbs_spacer=5-10bp;gc_cont=0.587,ID=43_3;partial=00;start_type=ATG;rbs_motif=AGGAG;rbs_spacer=5-10bp;gc,14.0
CAJEXW010000021.1_13,C,C,C,S,ID=21_13;partial=00;start_type=ATG;rbs_motif=None;rbs_spacer=None;gc_cont=0.529,ID=21_13;partial=00;start_type=ATG;rbs_motif=None;rbs_spacer=None;gc,14.0
CAJVYN010000085.1_4,C,C,C,S,ID=85_4;partial=00;start_type=ATG;rbs_motif=AGGA;rbs_spacer=5-10bp;gc_cont=0.538,ID=85_4;partial=00;start_type=ATG;rbs_motif=AGGA;rbs_spacer=5-10bp;gc,14.0
CAKVFO010000184.1_5,S,C,C,G,ID=184_5;partial=00;start_type=ATG;rbs_motif=AGxAGG/AGGxGG;rbs_spacer=5-10bp;gc_cont=0.343,ID=184_5;partial=00;start_type=ATG;rbs_motif=AGxAGG/AGGxGG;rbs_spacer=5-10bp;gc,10.0
NC_002936.3_1089,C,C,C,S,ID=1_1089;partial=00;start_type=ATG;rbs_motif=AGGAG(G)/GGAGG;rbs_spacer=13-15bp;gc_cont=0.532,ID=1_1089;partial=00;start_type=ATG;rbs_motif=AGGAG(G)/GGAGG;rbs_spacer=13-15bp;gc,14.0
NC_010337.2_991,C,C,C,S,ID=1_991;partial=00;start_type=ATG;rbs_motif=AGGAGG;rbs_spacer=5-10bp;gc_cont=0.621,ID=1_991;partial=00;start_type=ATG;rbs_motif=AGGAGG;rbs_spacer=5-10bp;gc,14.0
NC_012997.1_1366,C,C,C,S,ID=1_1366;partial=00;start_type=ATG;rbs_motif=AGGAG;rbs_spacer=5-10bp;gc_cont=0.473,ID=1_1366;partial=00;start_type=ATG;rbs_motif=AGGAG;rbs_spacer=5-10bp;gc,14.0
NZ_GG700631.1_111,C,C,C,S,ID=1_111;partial=00;start_type=ATG;rbs_motif=GGAGG;rbs_spacer=5-10bp;gc_cont=0.636,ID=1_111;partial=00;start_type=ATG;rbs_motif=GGAGG;rbs_spacer=5-10bp;gc,14.0
NZ_JH556659.1_649,C,C,C,S,ID=9_649;partial=00;start_type=ATG;rbs_motif=AGGAGG;rbs_spacer=5-10bp;gc_cont=0.385,ID=9_649;partial=00;start_type=ATG;rbs_motif=AGGAGG;rbs_spacer=5-10bp;gc,14.0
NZ_AFWT01000020.1_71,C,C,C,S,ID=122_71;partial=00;start_type=ATG;rbs_motif=AGGAG;rbs_spacer=5-10bp;gc_cont=0.601,ID=122_71;partial=00;start_type=ATG;rbs_motif=AGGAG;rbs_spacer=5-10bp;gc,14.0
NC_015717.1_3428,C,C,C,A,ID=1_3428;partial=00;start_type=ATG;rbs_motif=AGxAGG/AGGxGG;rbs_spacer=5-10bp;gc_cont=0.564,ID=1_3428;partial=00;start_type=ATG;rbs_motif=AGxAGG/AGGxGG;rbs_spacer=5-10bp;gc,13.0
NZ_AKZI01000179.1_3,C,C,C,A,ID=179_3;partial=00;start_type=ATG;rbs_motif=AGGAG;rbs_spacer=5-10bp;gc_cont=0.650,ID=179_3;partial=00;start_type=ATG;rbs_motif=AGGAG;rbs_spacer=5-10bp;gc,13.0
NZ_BADD01000366.1_4,C,C,C,A,ID=437_4;partial=00;start_type=ATG;rbs_motif=GGA/GAG/AGG;rbs_spacer=11-12bp;gc_cont=0.621,ID=437_4;partial=00;start_type=ATG;rbs_motif=GGA/GAG/AGG;rbs_spacer=11-12bp;gc,13.0
NZ_KB894582.1_22,C,C,C,S,ID=1_22;partial=00;start_type=ATG;rbs_motif=AGGAGG;rbs_spacer=5-10bp;gc_cont=0.531,ID=1_22;partial=00;start_type=ATG;rbs_motif=AGGAGG;rbs_spacer=5-10bp;gc,14.0
NZ_CM001974.1_416,C,C,C,S,ID=1_416;partial=00;start_type=ATG;rbs_motif=GGAGG;rbs_spacer=5-10bp;gc_cont=0.590,ID=1_416;partial=00;start_type=ATG;rbs_motif=GGAGG;rbs_spacer=5-10bp;gc,14.0
NZ_AULH01000012.1_11,C,C,C,S,ID=10_11;partial=00;start_type=ATG;rbs_motif=GGAG/GAGG;rbs_spacer=5-10bp;gc_cont=0.621,ID=10_11;partial=00;start_type=ATG;rbs_motif=GGAG/GAGG;rbs_spacer=5-10bp;gc,14.0
NZ_AUCG01000004.1_9,C,C,C,A,ID=13_9;partial=00;start_type=ATG;rbs_motif=GGA/GAG/AGG;rbs_spacer=5-10bp;gc_cont=0.605,ID=13_9;partial=00;start_type=ATG;rbs_motif=GGA/GAG/AGG;rbs_spacer=5-10bp;gc,13.0
NZ_AXAU01000021.1_27,C,C,C,A,ID=12_27;partial=00;start_type=ATG;rbs_motif=AGGA;rbs_spacer=5-10bp;gc_cont=0.575,ID=12_27;partial=00;start_type=ATG;rbs_motif=AGGA;rbs_spacer=5-10bp;gc,13.0
NZ_JAEB01000011.1_71,T,C,C,G,ID=7_71;partial=00;start_type=ATG;rbs_motif=GGA/GAG/AGG;rbs_spacer=5-10bp;gc_cont=0.439,ID=7_71;partial=00;start_type=ATG;rbs_motif=GGA/GAG/AGG;rbs_spacer=5-10bp;gc,10.0
NZ_DF820425.1_6222,C,C,C,A,ID=1_6222;partial=00;start_type=ATG;rbs_motif=GGA/GAG/AGG;rbs_spacer=5-10bp;gc_cont=0.617,ID=1_6222;partial=00;start_type=ATG;rbs_motif=GGA/GAG/AGG;rbs_spacer=5-10bp;gc,13.0
NZ_JNLE01000003.1_2667,C,C,C,S,ID=3_2667;partial=00;start_type=ATG;rbs_motif=AGGAGG;rbs_spacer=5-10bp;gc_cont=0.433,ID=3_2667;partial=00;start_type=ATG;rbs_motif=AGGAGG;rbs_spacer=5-10bp;gc,14.0
NZ_JRFE01000060.1_129,C,C,C,S,ID=60_129;partial=00;start_type=ATG;rbs_motif=AGGA/GGAG/GAGG;rbs_spacer=11-12bp;gc_cont=0.452,ID=60_129;partial=00;start_type=ATG;rbs_motif=AGGA/GGAG/GAGG;rbs_spacer=11-12bp;gc,14.0
NZ_CP010836.1_2888,C,C,C,A,ID=1_2888;partial=00;start_type=ATG;rbs_motif=AGGAG;rbs_spacer=5-10bp;gc_cont=0.618,ID=1_2888;partial=00;start_type=ATG;rbs_motif=AGGAG;rbs_spacer=5-10bp;gc,13.0
NZ_CGIH01000027.1_170,C,C,C,S,ID=27_170;partial=00;start_type=ATG;rbs_motif=AGGAGG;rbs_spacer=5-10bp;gc_cont=0.477,ID=27_170;partial=00;start_type=ATG;rbs_motif=AGGAGG;rbs_spacer=5-10bp;gc,14.0
NZ_CP012401.1_99,C,C,C,A,ID=1_99;partial=00;start_type=ATG;rbs_motif=AGGAG;rbs_spacer=5-10bp;gc_cont=0.624,ID=1_99;partial=00;start_type=ATG;rbs_motif=AGGAG;rbs_spacer=5-10bp;gc,13.0
NZ_LSIC01000141.1_8,C,C,C,A,ID=48_8;partial=00;start_type=ATG;rbs_motif=GGAG/GAGG;rbs_spacer=5-10bp;gc_cont=0.608,ID=48_8;partial=00;start_type=ATG;rbs_motif=GGAG/GAGG;rbs_spacer=5-10bp;gc,13.0
NZ_LUUI01000092.1_19,C,C,C,S,ID=92_19;partial=00;start_type=ATG;rbs_motif=AGGAG;rbs_spacer=5-10bp;gc_cont=0.466,ID=92_19;partial=00;start_type=ATG;rbs_motif=AGGAG;rbs_spacer=5-10bp;gc,14.0
NZ_CP042968.1_5135,C,C,C,A,ID=1_5135;partial=00;start_type=ATG;rbs_motif=AGGA;rbs_spacer=5-10bp;gc_cont=0.575,ID=1_5135;partial=00;start_type=ATG;rbs_motif=AGGA;rbs_spacer=5-10bp;gc,13.0
NZ_MDFL01000162.1_22,C,C,C,A,ID=162_22;partial=00;start_type=ATG;rbs_motif=GGAG/GAGG;rbs_spacer=5-10bp;gc_cont=0.593,ID=162_22;partial=00;start_type=ATG;rbs_motif=GGAG/GAGG;rbs_spacer=5-10bp;gc,13.0
NZ_MSCV01000006.1_148,C,C,C,A,ID=6_148;partial=00;start_type=ATG;rbs_motif=GGAG/GAGG;rbs_spacer=5-10bp;gc_cont=0.586,ID=6_148;partial=00;start_type=ATG;rbs_motif=GGAG/GAGG;rbs_spacer=5-10bp;gc,13.0
NZ_MSLT01000006.1_365,C,C,C,S,ID=24_365;partial=00;start_type=ATG;rbs_motif=AGGAG;rbs_spacer=5-10bp;gc_cont=0.464,ID=24_365;partial=00;start_type=ATG;rbs_motif=AGGAG;rbs_spacer=5-10bp;gc,14.0
NZ_NSBT01000037.1_983,C,C,C,A,ID=30_983;partial=00;start_type=ATG;rbs_motif=AGGA;rbs_spacer=5-10bp;gc_cont=0.603,ID=30_983;partial=00;start_type=ATG;rbs_motif=AGGA;rbs_spacer=5-10bp;gc,13.0
NZ_CP034999.1_31,C,C,C,A,ID=2_31;partial=00;start_type=ATG;rbs_motif=GGA/GAG/AGG;rbs_spacer=5-10bp;gc_cont=0.593,ID=2_31;partial=00;start_type=ATG;rbs_motif=GGA/GAG/AGG;rbs_spacer=5-10bp;gc,13.0
NZ_LXFV01000058.1_80,C,C,C,S,ID=58_80;partial=00;start_type=ATG;rbs_motif=GGAGG;rbs_spacer=5-10bp;gc_cont=0.528,ID=58_80;partial=00;start_type=ATG;rbs_motif=GGAGG;rbs_spacer=5-10bp;gc,14.0
NZ_PVXQ01000001.1_142,C,C,C,S,ID=1_142;partial=00;start_type=ATG;rbs_motif=GGAGG;rbs_spacer=5-10bp;gc_cont=0.353,ID=1_142;partial=00;start_type=ATG;rbs_motif=GGAGG;rbs_spacer=5-10bp;gc,14.0
NZ_LGQZ01000027.1_121,C,C,C,S,ID=1_121;partial=00;start_type=ATG;rbs_motif=AGGAG;rbs_spacer=5-10bp;gc_cont=0.641,ID=1_121;partial=00;start_type=ATG;rbs_motif=AGGAG;rbs_spacer=5-10bp;gc,14.0
NZ_QKZK01000008.1_31,C,C,C,S,ID=8_31;partial=00;start_type=ATG;rbs_motif=AAAA;rbs_spacer=10bp;gc_cont=0.586,ID=8_31;partial=00;start_type=ATG;rbs_motif=AAAA;rbs_spacer=10bp;gc,14.0
NZ_QLKU01000010.1_96,C,C,C,A,ID=2_96;partial=00;start_type=ATG;rbs_motif=AGGAG;rbs_spacer=5-10bp;gc_cont=0.622,ID=2_96;partial=00;start_type=ATG;rbs_motif=AGGAG;rbs_spacer=5-10bp;gc,13.0
NZ_CP024996.1_2495,C,C,C,A,ID=1_2495;partial=00;start_type=ATG;rbs_motif=GGA/GAG/AGG;rbs_spacer=5-10bp;gc_cont=0.613,ID=1_2495;partial=00;start_type=ATG;rbs_motif=GGA/GAG/AGG;rbs_spacer=5-10bp;gc,13.0
NZ_AP017378.1_1479,C,C,C,S,ID=1_1479;partial=00;start_type=ATG;rbs_motif=AGGA;rbs_spacer=5-10bp;gc_cont=0.580,ID=1_1479;partial=00;start_type=ATG;rbs_motif=AGGA;rbs_spacer=5-10bp;gc,14.0
NZ_SCHL01000008.1_89,C,C,C,S,ID=54_89;partial=00;start_type=ATG;rbs_motif=AGGAGG;rbs_spacer=5-10bp;gc_cont=0.496,ID=54_89;partial=00;start_type=ATG;rbs_motif=AGGAGG;rbs_spacer=5-10bp;gc,14.0
NZ_SJFN01000013.1_55,C,C,C,A,ID=5_55;partial=00;start_type=ATG;rbs_motif=GGAG/GAGG;rbs_spacer=5-10bp;gc_cont=0.643,ID=5_55;partial=00;start_type=ATG;rbs_motif=GGAG/GAGG;rbs_spacer=5-10bp;gc,13.0
NZ_SMAI01000017.1_41,C,C,C,A,ID=17_41;partial=00;start_type=ATG;rbs_motif=GGAG/GAGG;rbs_spacer=5-10bp;gc_cont=0.627,ID=17_41;partial=00;start_type=ATG;rbs_motif=GGAG/GAGG;rbs_spacer=5-10bp;gc,13.0
NZ_SSYA01000002.1_481,C,C,C,S,ID=7_481;partial=00;start_type=ATG;rbs_motif=AGGAG;rbs_spacer=5-10bp;gc_cont=0.612,ID=7_481;partial=00;start_type=ATG;rbs_motif=AGGAG;rbs_spacer=5-10bp;gc,14.0
NZ_VDMB01000009.1_11,C,C,C,S,ID=41_11;partial=00;start_type=ATG;rbs_motif=AGGA;rbs_spacer=5-10bp;gc_cont=0.577,ID=41_11;partial=00;start_type=ATG;rbs_motif=AGGA;rbs_spacer=5-10bp;gc,14.0
NZ_CP036319.1_2416,C,C,C,S,ID=1_2416;partial=00;start_type=ATG;rbs_motif=GGA/GAG/AGG;rbs_spacer=5-10bp;gc_cont=0.581,ID=1_2416;partial=00;start_type=ATG;rbs_motif=GGA/GAG/AGG;rbs_spacer=5-10bp;gc,14.0
NZ_VSSS01000044.1_10,C,C,C,A,ID=81_10;partial=00;start_type=ATG;rbs_motif=GGA/GAG/AGG;rbs_spacer=5-10bp;gc_cont=0.577,ID=81_10;partial=00;start_type=ATG;rbs_motif=GGA/GAG/AGG;rbs_spacer=5-10bp;gc,13.0
NZ_WHNP01000072.1_3,C,C,C,A,ID=230_3;partial=00;start_type=ATG;rbs_motif=AGGAG;rbs_spacer=5-10bp;gc_cont=0.572,ID=230_3;partial=00;start_type=ATG;rbs_motif=AGGAG;rbs_spacer=5-10bp;gc,13.0
NZ_VIDQ01000160.1_1,C,C,C,A,ID=69_1;partial=10;start_type=ATG;rbs_motif=AGGAG;rbs_spacer=5-10bp;gc_cont=0.657,ID=69_1;partial=10;start_type=ATG;rbs_motif=AGGAG;rbs_spacer=5-10bp;gc,13.0
NZ_WNJL01000030.1_131,C,C,C,A,ID=24_131;partial=00;start_type=ATG;rbs_motif=GGAG/GAGG;rbs_spacer=5-10bp;gc_cont=0.556,ID=24_131;partial=00;start_type=ATG;rbs_motif=GGAG/GAGG;rbs_spacer=5-10bp;gc,13.0
NZ_JAAMOZ010000001.1_1726,C,C,C,S,ID=1_1726;partial=00;start_type=ATG;rbs_motif=AGGAG;rbs_spacer=5-10bp;gc_cont=0.663,ID=1_1726;partial=00;start_type=ATG;rbs_motif=AGGAG;rbs_spacer=5-10bp;gc,14.0
NZ_CP039543.1_2955,C,C,C,S,ID=1_2955;partial=00;start_type=ATG;rbs_motif=AGGA;rbs_spacer=5-10bp;gc_cont=0.616,ID=1_2955;partial=00;start_type=ATG;rbs_motif=AGGA;rbs_spacer=5-10bp;gc,14.0
NZ_CP045504.1_3853,C,C,C,S,ID=1_3853;partial=00;start_type=ATG;rbs_motif=GGAG/GAGG;rbs_spacer=5-10bp;gc_cont=0.636,ID=1_3853;partial=00;start_type=ATG;rbs_motif=GGAG/GAGG;rbs_spacer=5-10bp;gc,14.0
NZ_JACIGI010000045.1_14,C,C,C,A,ID=45_14;partial=00;start_type=ATG;rbs_motif=GGAG/GAGG;rbs_spacer=5-10bp;gc_cont=0.674,ID=45_14;partial=00;start_type=ATG;rbs_motif=GGAG/GAGG;rbs_spacer=5-10bp;gc,13.0
NZ_CP060696.1_1956,I,C,C,G,ID=1_1956;partial=00;start_type=ATG;rbs_motif=AGGAGG;rbs_spacer=5-10bp;gc_cont=0.513,ID=1_1956;partial=00;start_type=ATG;rbs_motif=AGGAGG;rbs_spacer=5-10bp;gc,10.0
NZ_JACJTB010000012.1_108,C,C,C,S,ID=4_108;partial=00;start_type=ATG;rbs_motif=GGA/GAG/AGG;rbs_spacer=5-10bp;gc_cont=0.461,ID=4_108;partial=00;start_type=ATG;rbs_motif=GGA/GAG/AGG;rbs_spacer=5-10bp;gc,14.0
NZ_CP064191.1_158,C,C,C,A,ID=5_158;partial=00;start_type=ATG;rbs_motif=GGAG/GAGG;rbs_spacer=5-10bp;gc_cont=0.573,ID=5_158;partial=00;start_type=ATG;rbs_motif=GGAG/GAGG;rbs_spacer=5-10bp;gc,13.0
NZ_NRRG01000012.1_64,C,C,C,S,ID=12_64;partial=00;start_type=ATG;rbs_motif=AGGAG;rbs_spacer=5-10bp;gc_cont=0.614,ID=12_64;partial=00;start_type=ATG;rbs_motif=AGGAG;rbs_spacer=5-10bp;gc,14.0
NZ_AP023243.1_6450,C,C,C,A,ID=1_6450;partial=00;start_type=ATG;rbs_motif=None;rbs_spacer=None;gc_cont=0.588,ID=1_6450;partial=00;start_type=ATG;rbs_motif=None;rbs_spacer=None;gc,13.0
NZ_BMBA01000015.1_8,C,C,C,S,ID=15_8;partial=00;start_type=ATG;rbs_motif=GGAGG;rbs_spacer=5-10bp;gc_cont=0.360,ID=15_8;partial=00;start_type=ATG;rbs_motif=GGAGG;rbs_spacer=5-10bp;gc,14.0
NZ_JAGINO010000002.1_345,C,C,C,A,ID=2_345;partial=00;start_type=ATG;rbs_motif=GGAG/GAGG;rbs_spacer=5-10bp;gc_cont=0.634,ID=2_345;partial=00;start_type=ATG;rbs_motif=GGAG/GAGG;rbs_spacer=5-10bp;gc,13.0
NZ_JAGWDK010000100.1_2,C,C,C,A,ID=100_2;partial=00;start_type=ATG;rbs_motif=GGA/GAG/AGG;rbs_spacer=5-10bp;gc_cont=0.586,ID=100_2;partial=00;start_type=ATG;rbs_motif=GGA/GAG/AGG;rbs_spacer=5-10bp;gc,13.0
NZ_CP076458.1_990,K,C,C,G,ID=1_990;partial=00;start_type=ATG;rbs_motif=AGGAGG;rbs_spacer=5-10bp;gc_cont=0.400,ID=1_990;partial=00;start_type=ATG;rbs_motif=AGGAGG;rbs_spacer=5-10bp;gc,10.0
NZ_RWIJ01000003.1_56,C,C,C,A,ID=36_56;partial=00;start_type=ATG;rbs_motif=AGGAG;rbs_spacer=5-10bp;gc_cont=0.629,ID=36_56;partial=00;start_type=ATG;rbs_motif=AGGAG;rbs_spacer=5-10bp;gc,13.0
NZ_JAHBAG010000001.1_2412,C,C,C,A,ID=1_2412;partial=00;start_type=ATG;rbs_motif=GGAG/GAGG;rbs_spacer=5-10bp;gc_cont=0.633,ID=1_2412;partial=00;start_type=ATG;rbs_motif=GGAG/GAGG;rbs_spacer=5-10bp;gc,13.0
NZ_CP088081.1_712,C,C,C,A,ID=1_712;partial=00;start_type=ATG;rbs_motif=GGAG/GAGG;rbs_spacer=5-10bp;gc_cont=0.633,ID=1_712;partial=00;start_type=ATG;rbs_motif=GGAG/GAGG;rbs_spacer=5-10bp;gc,13.0
NZ_CP091800.1_211,A,C,C,G,ID=2_211;partial=00;start_type=ATG;rbs_motif=AAAA;rbs_spacer=11bp;gc_cont=0.428,ID=2_211;partial=00;start_type=ATG;rbs_motif=AAAA;rbs_spacer=11bp;gc,10.0
NZ_JAKZFS010000001.1_138,C,C,C,S,ID=1_138;partial=00;start_type=ATG;rbs_motif=AGGAGG;rbs_spacer=5-10bp;gc_cont=0.652,ID=1_138;partial=00;start_type=ATG;rbs_motif=AGGAGG;rbs_spacer=5-10bp;gc,14.0
NZ_JALPRX010000046.1_50,C,C,C,A,ID=250_50;partial=00;start_type=ATG;rbs_motif=GGAG/GAGG;rbs_spacer=5-10bp;gc_cont=0.666,ID=250_50;partial=00;start_type=ATG;rbs_motif=GGAG/GAGG;rbs_spacer=5-10bp;gc,13.0
NZ_CP100351.1_852,C,C,C,S,ID=1_852;partial=00;start_type=ATG;rbs_motif=GGAG/GAGG;rbs_spacer=5-10bp;gc_cont=0.624,ID=1_852;partial=00;start_type=ATG;rbs_motif=GGAG/GAGG;rbs_spacer=5-10bp;gc,14.0
NZ_LN889813.1_36,C,C,C,S,ID=57_36;partial=00;start_type=ATG;rbs_motif=GGAG/GAGG;rbs_spacer=5-10bp;gc_cont=0.460,ID=57_36;partial=00;start_type=ATG;rbs_motif=GGAG/GAGG;rbs_spacer=5-10bp;gc,14.0
NZ_FNAP01000008.1_124,C,C,C,A,ID=13_124;partial=00;start_type=ATG;rbs_motif=GGAG/GAGG;rbs_spacer=5-10bp;gc_cont=0.635,ID=13_124;partial=00;start_type=ATG;rbs_motif=GGAG/GAGG;rbs_spacer=5-10bp;gc,13.0
NZ_FNZK01000009.1_83,C,C,C,S,ID=17_83;partial=00;start_type=ATG;rbs_motif=AGGAGG;rbs_spacer=5-10bp;gc_cont=0.404,ID=17_83;partial=00;start_type=ATG;rbs_motif=AGGAGG;rbs_spacer=5-10bp;gc,14.0
NZ_FOSL01000033.1_18,C,C,C,A,ID=33_18;partial=00;start_type=ATG;rbs_motif=GGAG/GAGG;rbs_spacer=5-10bp;gc_cont=0.621,ID=33_18;partial=00;start_type=ATG;rbs_motif=GGAG/GAGG;rbs_spacer=5-10bp;gc,13.0
NZ_FQXU01000006.1_181,C,C,C,S,ID=16_181;partial=00;start_type=ATG;rbs_motif=AGGAGG;rbs_spacer=5-10bp;gc_cont=0.337,ID=16_181;partial=00;start_type=ATG;rbs_motif=AGGAGG;rbs_spacer=5-10bp;gc,14.0
NZ_FTMZ01000024.1_33,C,C,C,A,ID=37_33;partial=00;start_type=ATG;rbs_motif=GGAG/GAGG;rbs_spacer=5-10bp;gc_cont=0.646,ID=37_33;partial=00;start_type=ATG;rbs_motif=GGAG/GAGG;rbs_spacer=5-10bp;gc,13.0
NZ_FYBH01000269.1_3,C,C,C,S,ID=379_3;partial=00;start_type=ATG;rbs_motif=GGA/GAG/AGG;rbs_spacer=5-10bp;gc_cont=0.426,ID=379_3;partial=00;start_type=ATG;rbs_motif=GGA/GAG/AGG;rbs_spacer=5-10bp;gc,14.0
NZ_LT984805.1_310,C,C,C,A,ID=3_310;partial=00;start_type=ATG;rbs_motif=AGGAG;rbs_spacer=5-10bp;gc_cont=0.510,ID=3_310;partial=00;start_type=ATG;rbs_motif=AGGAG;rbs_spacer=5-10bp;gc,13.0
NZ_CAJHCR010000029.1_50,C,C,C,A,ID=29_50;partial=00;start_type=TTG;rbs_motif=AGGAG;rbs_spacer=5-10bp;gc_cont=0.596,ID=29_50;partial=00;start_type=TTG;rbs_motif=AGGAG;rbs_spacer=5-10bp;gc,13.0
JAGGAC010000077.1_1,C,C,C,S,ID=75_1;partial=10;start_type=ATG;rbs_motif=GGAG/GAGG;rbs_spacer=5-10bp;gc_cont=0.493,ID=75_1;partial=10;start_type=ATG;rbs_motif=GGAG/GAGG;rbs_spacer=5-10bp;gc,14.0
JAEYLX010000019.1_70,C,C,C,S,ID=14_70;partial=00;start_type=ATG;rbs_motif=GGAG/GAGG;rbs_spacer=5-10bp;gc_cont=0.401,ID=14_70;partial=00;start_type=ATG;rbs_motif=GGAG/GAGG;rbs_spacer=5-10bp;gc,14.0
JAMXHR010000009.1_10,C,C,C,S,ID=9_10;partial=00;start_type=ATG;rbs_motif=GGA/GAG/AGG;rbs_spacer=5-10bp;gc_cont=0.486,ID=9_10;partial=00;start_type=ATG;rbs_motif=GGA/GAG/AGG;rbs_spacer=5-10bp;gc,14.0
NZ_AKZI01000081.1_42,C,C,C,S,ID=81_42;partial=00;start_type=ATG;rbs_motif=GGA/GAG/AGG;rbs_spacer=5-10bp;gc_cont=0.629,ID=81_42;partial=00;start_type=ATG;rbs_motif=GGA/GAG/AGG;rbs_spacer=5-10bp;gc,14.0
NZ_LJIC01000158.1_103,C,C,C,S,ID=66_103;partial=00;start_type=ATG;rbs_motif=GGA/GAG/AGG;rbs_spacer=5-10bp;gc_cont=0.625,ID=66_103;partial=00;start_type=ATG;rbs_motif=GGA/GAG/AGG;rbs_spacer=5-10bp;gc,14.0
NZ_QMFA01000024.1_61,C,C,C,S,ID=49_61;partial=00;start_type=ATG;rbs_motif=GGAGG;rbs_spacer=5-10bp;gc_cont=0.547,ID=49_61;partial=00;start_type=ATG;rbs_motif=GGAGG;rbs_spacer=5-10bp;gc,14.0
NZ_CP058907.1_1402,C,C,C,S,ID=1_1402;partial=00;start_type=ATG;rbs_motif=GGA/GAG/AGG;rbs_spacer=5-10bp;gc_cont=0.628,ID=1_1402;partial=00;start_type=ATG;rbs_motif=GGA/GAG/AGG;rbs_spacer=5-10bp;gc,14.0
NZ_FNBG01000001.1_79,C,C,C,S,ID=41_79;partial=00;start_type=ATG;rbs_motif=AGGAGG;rbs_spacer=5-10bp;gc_cont=0.438,ID=41_79;partial=00;start_type=ATG;rbs_motif=AGGAGG;rbs_spacer=5-10bp;gc,14.0
DKFJ01000006.1_207,C,C,C,S,ID=2_207;partial=00;start_type=ATG;rbs_motif=AGGAG;rbs_spacer=5-10bp;gc_cont=0.512,ID=2_207;partial=00;start_type=ATG;rbs_motif=AGGAG;rbs_spacer=5-10bp;gc,14.0
CP099988.1_2317,C,C,C,S,ID=1_2317;partial=00;start_type=TTG;rbs_motif=AGGAG/GGAGG;rbs_spacer=11-12bp;gc_cont=0.407,ID=1_2317;partial=00;start_type=TTG;rbs_motif=AGGAG/GGAGG;rbs_spacer=11-12bp;gc,14.0
JABXKQ010000098.1_16,C,C,C,S,ID=23_16;partial=00;start_type=ATG;rbs_motif=AGGAG;rbs_spacer=5-10bp;gc_cont=0.445,ID=23_16;partial=00;start_type=ATG;rbs_motif=AGGAG;rbs_spacer=5-10bp;gc,14.0
NZ_JACJRU010000011.1_129,C,C,C,S,ID=8_129;partial=00;start_type=ATG;rbs_motif=GGAGG;rbs_spacer=5-10bp;gc_cont=0.428,ID=8_129;partial=00;start_type=ATG;rbs_motif=GGAGG;rbs_spacer=5-10bp;gc,14.0
NZ_SSOD01000026.1_21,C,C,C,S,ID=26_21;partial=00;start_type=ATG;rbs_motif=GGAG/GAGG;rbs_spacer=5-10bp;gc_cont=0.640,ID=26_21;partial=00;start_type=ATG;rbs_motif=GGAG/GAGG;rbs_spacer=5-10bp;gc,14.0
CP005991.1_515,C,C,C,S,ID=1_515;partial=00;start_type=ATG;rbs_motif=GGAGG;rbs_spacer=5-10bp;gc_cont=0.550,ID=1_515;partial=00;start_type=ATG;rbs_motif=GGAGG;rbs_spacer=5-10bp;gc,14.0
LM655202.1_254,C,C,C,A,ID=43_254;partial=00;start_type=ATG;rbs_motif=GGAG/GAGG;rbs_spacer=5-10bp;gc_cont=0.593,ID=43_254;partial=00;start_type=ATG;rbs_motif=GGAG/GAGG;rbs_spacer=5-10bp;gc,13.0
LGFT01000081.1_5,C,C,C,S,ID=55_5;partial=00;start_type=ATG;rbs_motif=AGGAG;rbs_spacer=5-10bp;gc_cont=0.511,ID=55_5;partial=00;start_type=ATG;rbs_motif=AGGAG;rbs_spacer=5-10bp;gc,14.0
MAEO01000128.1_22,C,C,C,S,ID=83_22;partial=00;start_type=ATG;rbs_motif=AGGAG;rbs_spacer=5-10bp;gc_cont=0.504,ID=83_22;partial=00;start_type=ATG;rbs_motif=AGGAG;rbs_spacer=5-10bp;gc,14.0
MGZO01000020.1_18,C,C,C,A,ID=20_18;partial=00;start_type=ATG;rbs_motif=AGGAG;rbs_spacer=5-10bp;gc_cont=0.598,ID=20_18;partial=00;start_type=ATG;rbs_motif=AGGAG;rbs_spacer=5-10bp;gc,13.0
MVRK01000029.1_101,C,C,C,S,ID=29_101;partial=00;start_type=ATG;rbs_motif=GGAGG;rbs_spacer=5-10bp;gc_cont=0.576,ID=29_101;partial=00;start_type=ATG;rbs_motif=GGAGG;rbs_spacer=5-10bp;gc,14.0
DBMI01000028.1_139,C,C,C,S,ID=92_139;partial=00;start_type=ATG;rbs_motif=AGGA;rbs_spacer=5-10bp;gc_cont=0.559,ID=92_139;partial=00;start_type=ATG;rbs_motif=AGGA;rbs_spacer=5-10bp;gc,14.0
DCDZ01000030.1_41,C,C,C,G,ID=54_41;partial=00;start_type=ATG;rbs_motif=GGAGG;rbs_spacer=5-10bp;gc_cont=0.454,ID=54_41;partial=00;start_type=ATG;rbs_motif=GGAGG;rbs_spacer=5-10bp;gc,13.0
AP018180.1_4774,C,C,C,S,ID=1_4774;partial=00;start_type=ATG;rbs_motif=GGAG/GAGG;rbs_spacer=5-10bp;gc_cont=0.463,ID=1_4774;partial=00;start_type=ATG;rbs_motif=GGAG/GAGG;rbs_spacer=5-10bp;gc,14.0
DGTD01000013.1_4,C,C,C,G,ID=89_4;partial=00;start_type=ATG;rbs_motif=AAA;rbs_spacer=11bp;gc_cont=0.463,ID=89_4;partial=00;start_type=ATG;rbs_motif=AAA;rbs_spacer=11bp;gc,13.0
DIFG01000025.1_7,C,C,C,S,ID=17_7;partial=00;start_type=ATG;rbs_motif=AGGAG;rbs_spacer=5-10bp;gc_cont=0.595,ID=17_7;partial=00;start_type=ATG;rbs_motif=AGGAG;rbs_spacer=5-10bp;gc,14.0
DJJW01000023.1_4,C,C,C,S,ID=65_4;partial=00;start_type=ATG;rbs_motif=AGGAGG;rbs_spacer=5-10bp;gc_cont=0.419,ID=65_4;partial=00;start_type=ATG;rbs_motif=AGGAGG;rbs_spacer=5-10bp;gc,14.0
DAZF01000050.1_10,C,C,C,S,ID=34_10;partial=00;start_type=ATG;rbs_motif=GGAGG;rbs_spacer=5-10bp;gc_cont=0.464,ID=34_10;partial=00;start_type=ATG;rbs_motif=GGAGG;rbs_spacer=5-10bp;gc,14.0
PGYM01000001.1_514,C,C,C,S,ID=1_514;partial=00;start_type=ATG;rbs_motif=AGGA;rbs_spacer=5-10bp;gc_cont=0.556,ID=1_514;partial=00;start_type=ATG;rbs_motif=AGGA;rbs_spacer=5-10bp;gc,14.0
PKUC01000046.1_3,C,C,C,S,ID=78_3;partial=00;start_type=ATG;rbs_motif=AGGAG;rbs_spacer=5-10bp;gc_cont=0.551,ID=78_3;partial=00;start_type=ATG;rbs_motif=AGGAG;rbs_spacer=5-10bp;gc,14.0
QAYY01000016.1_23,C,C,C,S,ID=8_23;partial=00;start_type=ATG;rbs_motif=None;rbs_spacer=None;gc_cont=0.624,ID=8_23;partial=00;start_type=ATG;rbs_motif=None;rbs_spacer=None;gc,14.0
PLXX01000039.1_25,C,C,C,S,ID=13_25;partial=00;start_type=ATG;rbs_motif=GGAGG;rbs_spacer=5-10bp;gc_cont=0.528,ID=13_25;partial=00;start_type=ATG;rbs_motif=GGAGG;rbs_spacer=5-10bp;gc,14.0
PLRS01000073.1_94,C,C,C,A,ID=93_94;partial=00;start_type=ATG;rbs_motif=GGAG/GAGG;rbs_spacer=5-10bp;gc_cont=0.601,ID=93_94;partial=00;start_type=ATG;rbs_motif=GGAG/GAGG;rbs_spacer=5-10bp;gc,13.0
QKCJ01000049.1_166,C,C,C,S,ID=45_166;partial=00;start_type=ATG;rbs_motif=AGGAG;rbs_spacer=5-10bp;gc_cont=0.494,ID=45_166;partial=00;start_type=ATG;rbs_motif=AGGAG;rbs_spacer=5-10bp;gc,14.0
QKFI01000437.1_14,C,C,C,S,ID=321_14;partial=00;start_type=ATG;rbs_motif=AGGAG;rbs_spacer=5-10bp;gc_cont=0.460,ID=321_14;partial=00;start_type=ATG;rbs_motif=AGGAG;rbs_spacer=5-10bp;gc,14.0
DNUE01000066.1_22,C,C,C,S,ID=75_22;partial=00;start_type=ATG;rbs_motif=GGAG/GAGG;rbs_spacer=5-10bp;gc_cont=0.584,ID=75_22;partial=00;start_type=ATG;rbs_motif=GGAG/GAGG;rbs_spacer=5-10bp;gc,14.0
SAKE01000029.1_10,C,C,C,A,ID=72_10;partial=00;start_type=ATG;rbs_motif=GGAG/GAGG;rbs_spacer=5-10bp;gc_cont=0.589,ID=72_10;partial=00;start_type=ATG;rbs_motif=GGAG/GAGG;rbs_spacer=5-10bp;gc,13.0
SCSY01000135.1_20,C,C,C,S,ID=352_20;partial=00;start_type=ATG;rbs_motif=GGAGG;rbs_spacer=5-10bp;gc_cont=0.500,ID=352_20;partial=00;start_type=ATG;rbs_motif=GGAGG;rbs_spacer=5-10bp;gc,14.0
SCMV01000067.1_5,C,C,C,A,ID=63_5;partial=00;start_type=ATG;rbs_motif=GGAG/GAGG;rbs_spacer=5-10bp;gc_cont=0.623,ID=63_5;partial=00;start_type=ATG;rbs_motif=GGAG/GAGG;rbs_spacer=5-10bp;gc,13.0
SKYX01000079.1_8,C,C,C,S,ID=298_8;partial=00;start_type=ATG;rbs_motif=AGGA;rbs_spacer=5-10bp;gc_cont=0.592,ID=298_8;partial=00;start_type=ATG;rbs_motif=AGGA;rbs_spacer=5-10bp;gc,14.0
QOKW01000007.1_31,C,C,C,A,ID=82_31;partial=00;start_type=ATG;rbs_motif=AGGAG;rbs_spacer=5-10bp;gc_cont=0.631,ID=82_31;partial=00;start_type=ATG;rbs_motif=AGGAG;rbs_spacer=5-10bp;gc,13.0
WSXV01000005.1_9,C,C,C,S,ID=16_9;partial=00;start_type=ATG;rbs_motif=GGAG/GAGG;rbs_spacer=5-10bp;gc_cont=0.537,ID=16_9;partial=00;start_type=ATG;rbs_motif=GGAG/GAGG;rbs_spacer=5-10bp;gc,14.0
DRKH01000151.1_1,C,C,C,S,ID=151_1;partial=10;start_type=GTG;rbs_motif=None;rbs_spacer=None;gc_cont=0.555,ID=151_1;partial=10;start_type=GTG;rbs_motif=None;rbs_spacer=None;gc,14.0
WOYS01000013.1_13,C,C,C,S,ID=4_13;partial=00;start_type=ATG;rbs_motif=GGAG/GAGG;rbs_spacer=5-10bp;gc_cont=0.641,ID=4_13;partial=00;start_type=ATG;rbs_motif=GGAG/GAGG;rbs_spacer=5-10bp;gc,14.0
JAAYVE010000057.1_9,C,C,C,S,ID=26_9;partial=00;start_type=ATG;rbs_motif=AGGA;rbs_spacer=5-10bp;gc_cont=0.595,ID=26_9;partial=00;start_type=ATG;rbs_motif=AGGA;rbs_spacer=5-10bp;gc,14.0
JABEVD010000195.1_10,C,C,C,A,ID=51_10;partial=00;start_type=ATG;rbs_motif=GGAG/GAGG;rbs_spacer=5-10bp;gc_cont=0.601,ID=51_10;partial=00;start_type=ATG;rbs_motif=GGAG/GAGG;rbs_spacer=5-10bp;gc,13.0
JABLXE010000022.1_12,C,C,C,S,ID=15_12;partial=00;start_type=ATG;rbs_motif=GGAGG;rbs_spacer=5-10bp;gc_cont=0.600,ID=15_12;partial=00;start_type=ATG;rbs_motif=GGAGG;rbs_spacer=5-10bp;gc,14.0
JAAXWU010000037.1_15,C,C,C,S,ID=32_15;partial=00;start_type=ATG;rbs_motif=None;rbs_spacer=None;gc_cont=0.617,ID=32_15;partial=00;start_type=ATG;rbs_motif=None;rbs_spacer=None;gc,14.0
JACAEO010000087.1_17,C,C,C,S,ID=347_17;partial=00;start_type=ATG;rbs_motif=AGGAGG;rbs_spacer=5-10bp;gc_cont=0.653,ID=347_17;partial=00;start_type=ATG;rbs_motif=AGGAGG;rbs_spacer=5-10bp;gc,14.0
CP050295.1_548,C,C,C,A,ID=2_548;partial=00;start_type=ATG;rbs_motif=GGAG/GAGG;rbs_spacer=5-10bp;gc_cont=0.612,ID=2_548;partial=00;start_type=ATG;rbs_motif=GGAG/GAGG;rbs_spacer=5-10bp;gc,13.0
JACSRI010000254.1_15,C,C,C,S,ID=169_15;partial=00;start_type=ATG;rbs_motif=None;rbs_spacer=None;gc_cont=0.631,ID=169_15;partial=00;start_type=ATG;rbs_motif=None;rbs_spacer=None;gc,14.0
JADGBN010000039.1_21,C,C,C,S,ID=156_21;partial=00;start_type=ATG;rbs_motif=GGAGG;rbs_spacer=5-10bp;gc_cont=0.499,ID=156_21;partial=00;start_type=ATG;rbs_motif=GGAGG;rbs_spacer=5-10bp;gc,14.0
JADFXB010000014.1_36,C,C,C,S,ID=55_36;partial=00;start_type=ATG;rbs_motif=AGGAG;rbs_spacer=5-10bp;gc_cont=0.531,ID=55_36;partial=00;start_type=ATG;rbs_motif=AGGAG;rbs_spacer=5-10bp;gc,14.0
JAATGX010000194.1_14,C,C,C,S,ID=83_14;partial=00;start_type=ATG;rbs_motif=AGGAG;rbs_spacer=5-10bp;gc_cont=0.599,ID=83_14;partial=00;start_type=ATG;rbs_motif=AGGAG;rbs_spacer=5-10bp;gc,14.0
JACQYM010000212.1_5,C,C,C,S,ID=153_5;partial=00;start_type=ATG;rbs_motif=GGAG/GAGG;rbs_spacer=5-10bp;gc_cont=0.606,ID=153_5;partial=00;start_type=ATG;rbs_motif=GGAG/GAGG;rbs_spacer=5-10bp;gc,14.0
JACRJC010000029.1_30,C,C,C,S,ID=15_30;partial=00;start_type=ATG;rbs_motif=AGGAG;rbs_spacer=5-10bp;gc_cont=0.594,ID=15_30;partial=00;start_type=ATG;rbs_motif=AGGAG;rbs_spacer=5-10bp;gc,14.0
JACRNC010000021.1_45,C,C,C,A,ID=19_45;partial=00;start_type=ATG;rbs_motif=AGGAG;rbs_spacer=5-10bp;gc_cont=0.669,ID=19_45;partial=00;start_type=ATG;rbs_motif=AGGAG;rbs_spacer=5-10bp;gc,13.0
JAEEIU010000003.1_38,C,C,C,G,ID=37_38;partial=00;start_type=ATG;rbs_motif=GGAG/GAGG;rbs_spacer=5-10bp;gc_cont=0.462,ID=37_38;partial=00;start_type=ATG;rbs_motif=GGAG/GAGG;rbs_spacer=5-10bp;gc,13.0
JADJCP010000012.1_111,C,C,C,S,ID=12_111;partial=00;start_type=ATG;rbs_motif=AGGAG;rbs_spacer=5-10bp;gc_cont=0.602,ID=12_111;partial=00;start_type=ATG;rbs_motif=AGGAG;rbs_spacer=5-10bp;gc,14.0
JADKKR010000002.1_122,C,C,C,S,ID=2_122;partial=00;start_type=ATG;rbs_motif=AGGAG;rbs_spacer=5-10bp;gc_cont=0.565,ID=2_122;partial=00;start_type=ATG;rbs_motif=AGGAG;rbs_spacer=5-10bp;gc,14.0
JAEUMD010000008.1_310,C,C,C,A,ID=17_310;partial=00;start_type=ATG;rbs_motif=GGAG/GAGG;rbs_spacer=5-10bp;gc_cont=0.619,ID=17_310;partial=00;start_type=ATG;rbs_motif=GGAG/GAGG;rbs_spacer=5-10bp;gc,13.0
JAFGIM010000025.1_5,C,C,C,S,ID=49_5;partial=00;start_type=ATG;rbs_motif=AGGAG;rbs_spacer=5-10bp;gc_cont=0.495,ID=49_5;partial=00;start_type=ATG;rbs_motif=AGGAG;rbs_spacer=5-10bp;gc,14.0
JAFGWI010000240.1_9,C,C,C,S,ID=117_9;partial=00;start_type=ATG;rbs_motif=AGGAG;rbs_spacer=5-10bp;gc_cont=0.443,ID=117_9;partial=00;start_type=ATG;rbs_motif=AGGAG;rbs_spacer=5-10bp;gc,14.0
JAFOCI010000001.1_22,C,C,C,G,ID=66_22;partial=00;start_type=ATG;rbs_motif=GGAG/GAGG;rbs_spacer=5-10bp;gc_cont=0.421,ID=66_22;partial=00;start_type=ATG;rbs_motif=GGAG/GAGG;rbs_spacer=5-10bp;gc,13.0
JAFSPU010000012.1_129,C,C,C,G,ID=5_129;partial=00;start_type=ATG;rbs_motif=GGAGG;rbs_spacer=5-10bp;gc_cont=0.507,ID=5_129;partial=00;start_type=ATG;rbs_motif=GGAGG;rbs_spacer=5-10bp;gc,13.0
JAFWDK010000010.1_26,C,C,C,G,ID=5_26;partial=00;start_type=ATG;rbs_motif=GGAGG;rbs_spacer=5-10bp;gc_cont=0.473,ID=5_26;partial=00;start_type=ATG;rbs_motif=GGAGG;rbs_spacer=5-10bp;gc,13.0
JAFZPX010000012.1_21,C,C,C,G,ID=20_21;partial=00;start_type=ATG;rbs_motif=GGAGG;rbs_spacer=5-10bp;gc_cont=0.504,ID=20_21;partial=00;start_type=ATG;rbs_motif=GGAGG;rbs_spacer=5-10bp;gc,13.0
JAGCDP010000037.1_33,C,C,C,G,ID=36_33;partial=00;start_type=ATG;rbs_motif=AGGAG/GGAGG;rbs_spacer=11-12bp;gc_cont=0.404,ID=36_33;partial=00;start_type=ATG;rbs_motif=AGGAG/GGAGG;rbs_spacer=11-12bp;gc,13.0
JAGBIY010000027.1_88,C,C,C,G,ID=29_88;partial=00;start_type=ATG;rbs_motif=GGxGG;rbs_spacer=5-10bp;gc_cont=0.560,ID=29_88;partial=00;start_type=ATG;rbs_motif=GGxGG;rbs_spacer=5-10bp;gc,13.0
JAGOOC010000061.1_3,C,C,C,S,ID=8_3;partial=00;start_type=ATG;rbs_motif=TAA;rbs_spacer=11bp;gc_cont=0.458,ID=8_3;partial=00;start_type=ATG;rbs_motif=TAA;rbs_spacer=11bp;gc,14.0
JAHDPL010000023.1_14,C,C,C,S,ID=26_14;partial=00;start_type=ATG;rbs_motif=AGGAGG;rbs_spacer=5-10bp;gc_cont=0.536,ID=26_14;partial=00;start_type=ATG;rbs_motif=AGGAGG;rbs_spacer=5-10bp;gc,14.0
JAHJJD010000107.1_39,C,C,C,S,ID=101_39;partial=00;start_type=ATG;rbs_motif=GGAGG;rbs_spacer=5-10bp;gc_cont=0.550,ID=101_39;partial=00;start_type=ATG;rbs_motif=GGAGG;rbs_spacer=5-10bp;gc,14.0
JAFLKN010000044.1_36,C,C,C,S,ID=33_36;partial=00;start_type=ATG;rbs_motif=TAAAA;rbs_spacer=15bp;gc_cont=0.475,ID=33_36;partial=00;start_type=ATG;rbs_motif=TAAAA;rbs_spacer=15bp;gc,14.0
JAIFLP010000130.1_15,C,C,C,S,ID=29_15;partial=00;start_type=ATG;rbs_motif=TAA;rbs_spacer=3bp;gc_cont=0.384,ID=29_15;partial=00;start_type=ATG;rbs_motif=TAA;rbs_spacer=3bp;gc,14.0
JAGUVW010000026.1_44,C,C,C,S,ID=82_44;partial=00;start_type=ATG;rbs_motif=AGGAG;rbs_spacer=5-10bp;gc_cont=0.555,ID=82_44;partial=00;start_type=ATG;rbs_motif=AGGAG;rbs_spacer=5-10bp;gc,14.0
JACKCV010000001.1_598,C,C,C,S,ID=1_598;partial=00;start_type=ATG;rbs_motif=AGGAG;rbs_spacer=5-10bp;gc_cont=0.629,ID=1_598;partial=00;start_type=ATG;rbs_motif=AGGAG;rbs_spacer=5-10bp;gc,14.0
DYHB01000182.1_2,C,C,C,S,ID=18_2;partial=00;start_type=ATG;rbs_motif=AGGAG;rbs_spacer=5-10bp;gc_cont=0.619,ID=18_2;partial=00;start_type=ATG;rbs_motif=AGGAG;rbs_spacer=5-10bp;gc,14.0
JAJQBF010000295.1_10,C,C,C,R,ID=215_10;partial=00;start_type=ATG;rbs_motif=AGGAG;rbs_spacer=5-10bp;gc_cont=0.403,ID=215_10;partial=00;start_type=ATG;rbs_motif=AGGAG;rbs_spacer=5-10bp;gc,13.0
JAIPEF010000101.1_9,C,C,C,S,ID=123_9;partial=00;start_type=ATG;rbs_motif=GGAG/GAGG;rbs_spacer=5-10bp;gc_cont=0.502,ID=123_9;partial=00;start_type=ATG;rbs_motif=GGAG/GAGG;rbs_spacer=5-10bp;gc,14.0
JAJXYA010000360.1_2,C,C,C,G,ID=11_2;partial=01;start_type=ATG;rbs_motif=GGAG/GAGG;rbs_spacer=5-10bp;gc_cont=0.301,ID=11_2;partial=01;start_type=ATG;rbs_motif=GGAG/GAGG;rbs_spacer=5-10bp;gc,13.0
JAJYNB010000406.1_7,C,C,C,S,ID=15_7;partial=00;start_type=ATG;rbs_motif=GGAGG;rbs_spacer=5-10bp;gc_cont=0.547,ID=15_7;partial=00;start_type=ATG;rbs_motif=GGAGG;rbs_spacer=5-10bp;gc,14.0
JAKABO010000001.1_160,C,C,C,A,ID=54_160;partial=00;start_type=ATG;rbs_motif=AGGAG;rbs_spacer=5-10bp;gc_cont=0.578,ID=54_160;partial=00;start_type=ATG;rbs_motif=AGGAG;rbs_spacer=5-10bp;gc,13.0
JAJZYC010000170.1_2,C,C,C,S,ID=126_2;partial=00;start_type=ATG;rbs_motif=GGAGG;rbs_spacer=5-10bp;gc_cont=0.414,ID=126_2;partial=00;start_type=ATG;rbs_motif=GGAGG;rbs_spacer=5-10bp;gc,14.0
JAKAFG010000063.1_2,C,C,C,A,ID=12_2;partial=00;start_type=ATG;rbs_motif=GGAG/GAGG;rbs_spacer=5-10bp;gc_cont=0.538,ID=12_2;partial=00;start_type=ATG;rbs_motif=GGAG/GAGG;rbs_spacer=5-10bp;gc,13.0
JAKASB010000043.1_5,C,C,C,S,ID=85_5;partial=00;start_type=ATG;rbs_motif=GGAG/GAGG;rbs_spacer=5-10bp;gc_cont=0.408,ID=85_5;partial=00;start_type=ATG;rbs_motif=GGAG/GAGG;rbs_spacer=5-10bp;gc,14.0
JAKVOI010000001.1_2962,C,C,C,S,ID=1_2962;partial=00;start_type=ATG;rbs_motif=AGGAGG;rbs_spacer=5-10bp;gc_cont=0.389,ID=1_2962;partial=00;start_type=ATG;rbs_motif=AGGAGG;rbs_spacer=5-10bp;gc,14.0
JALEJO010000014.1_6,C,C,C,G,ID=40_6;partial=00;start_type=ATG;rbs_motif=GGAGG;rbs_spacer=5-10bp;gc_cont=0.376,ID=40_6;partial=00;start_type=ATG;rbs_motif=GGAGG;rbs_spacer=5-10bp;gc,13.0
JALNYP010000019.1_24,C,C,C,S,ID=136_24;partial=00;start_type=ATG;rbs_motif=GGAG/GAGG;rbs_spacer=5-10bp;gc_cont=0.606,ID=136_24;partial=00;start_type=ATG;rbs_motif=GGAG/GAGG;rbs_spacer=5-10bp;gc,14.0
JAEWFW010000051.1_16,C,C,C,S,ID=31_16;partial=00;start_type=ATG;rbs_motif=GGAG/GAGG;rbs_spacer=5-10bp;gc_cont=0.478,ID=31_16;partial=00;start_type=ATG;rbs_motif=GGAG/GAGG;rbs_spacer=5-10bp;gc,14.0
JAEWLI010000011.1_17,C,C,C,S,ID=93_17;partial=00;start_type=ATG;rbs_motif=TAAA;rbs_spacer=11bp;gc_cont=0.412,ID=93_17;partial=00;start_type=ATG;rbs_motif=TAAA;rbs_spacer=11bp;gc,14.0
JAEXFN010000017.1_92,C,C,C,S,ID=59_92;partial=00;start_type=ATG;rbs_motif=AGGAGG;rbs_spacer=5-10bp;gc_cont=0.541,ID=59_92;partial=00;start_type=ATG;rbs_motif=AGGAGG;rbs_spacer=5-10bp;gc,14.0
JAEYOY010000019.1_60,C,C,C,S,ID=61_60;partial=00;start_type=ATG;rbs_motif=GGAGG;rbs_spacer=5-10bp;gc_cont=0.476,ID=61_60;partial=00;start_type=ATG;rbs_motif=GGAGG;rbs_spacer=5-10bp;gc,14.0
JAEZKW010000013.1_2,C,C,C,S,ID=326_2;partial=00;start_type=ATG;rbs_motif=AGGAG;rbs_spacer=5-10bp;gc_cont=0.443,ID=326_2;partial=00;start_type=ATG;rbs_motif=AGGAG;rbs_spacer=5-10bp;gc,14.0
JAEZUM010000023.1_157,C,C,C,S,ID=15_157;partial=00;start_type=ATG;rbs_motif=GGAGG;rbs_spacer=5-10bp;gc_cont=0.475,ID=15_157;partial=00;start_type=ATG;rbs_motif=GGAGG;rbs_spacer=5-10bp;gc,14.0
JAEYWA010000242.1_3,C,C,C,S,ID=244_3;partial=00;start_type=ATG;rbs_motif=GGAGG;rbs_spacer=5-10bp;gc_cont=0.438,ID=244_3;partial=00;start_type=ATG;rbs_motif=GGAGG;rbs_spacer=5-10bp;gc,14.0
JAEZHX010000175.1_1,-,C,C,S,ID=43_1;partial=10;start_type=Edge;rbs_motif=None;rbs_spacer=None;gc_cont=0.489,ID=43_1;partial=10;start_type=Edge;rbs_motif=None;rbs_spacer=None;gc,10.0
JAEZXS010000344.1_3,C,C,C,S,ID=151_3;partial=00;start_type=ATG;rbs_motif=GGAGG;rbs_spacer=5-10bp;gc_cont=0.600,ID=151_3;partial=00;start_type=ATG;rbs_motif=GGAGG;rbs_spacer=5-10bp;gc,14.0
JAEWPV010000007.1_112,C,C,C,S,ID=7_112;partial=00;start_type=ATG;rbs_motif=AGGA;rbs_spacer=5-10bp;gc_cont=0.549,ID=7_112;partial=00;start_type=ATG;rbs_motif=AGGA;rbs_spacer=5-10bp;gc,14.0
JACKNF010000004.1_215,C,C,C,S,ID=4_215;partial=00;start_type=ATG;rbs_motif=GGAG/GAGG;rbs_spacer=5-10bp;gc_cont=0.550,ID=4_215;partial=00;start_type=ATG;rbs_motif=GGAG/GAGG;rbs_spacer=5-10bp;gc,14.0
JAGXHK010000056.1_1,C,C,C,S,ID=136_1;partial=10;start_type=ATG;rbs_motif=AGGAG;rbs_spacer=5-10bp;gc_cont=0.601,ID=136_1;partial=10;start_type=ATG;rbs_motif=AGGAG;rbs_spacer=5-10bp;gc,14.0
JAILNY010000101.1_4,C,C,C,G,ID=188_4;partial=00;start_type=ATG;rbs_motif=GGAG/GAGG;rbs_spacer=5-10bp;gc_cont=0.405,ID=188_4;partial=00;start_type=ATG;rbs_motif=GGAG/GAGG;rbs_spacer=5-10bp;gc,13.0
JANJWV010000070.1_32,C,C,C,S,ID=23_32;partial=00;start_type=ATG;rbs_motif=GGAG/GAGG;rbs_spacer=5-10bp;gc_cont=0.655,ID=23_32;partial=00;start_type=ATG;rbs_motif=GGAG/GAGG;rbs_spacer=5-10bp;gc,14.0
FONB01000005.1_281,C,C,C,S,ID=12_281;partial=00;start_type=ATG;rbs_motif=GGAGG;rbs_spacer=5-10bp;gc_cont=0.560,ID=12_281;partial=00;start_type=ATG;rbs_motif=GGAGG;rbs_spacer=5-10bp;gc,14.0
ONFC01000088.1_2,C,C,C,G,ID=135_2;partial=00;start_type=ATG;rbs_motif=GGAGG;rbs_spacer=5-10bp;gc_cont=0.510,ID=135_2;partial=00;start_type=ATG;rbs_motif=GGAGG;rbs_spacer=5-10bp;gc,13.0
CABGHH010000123.1_6,C,C,C,S,ID=123_6;partial=00;start_type=ATG;rbs_motif=AGGAGG;rbs_spacer=5-10bp;gc_cont=0.506,ID=123_6;partial=00;start_type=ATG;rbs_motif=AGGAGG;rbs_spacer=5-10bp;gc,14.0
CACXFB010000018.1_30,C,C,C,G,ID=18_30;partial=00;start_type=ATG;rbs_motif=AGGAGG;rbs_spacer=5-10bp;gc_cont=0.390,ID=18_30;partial=00;start_type=ATG;rbs_motif=AGGAGG;rbs_spacer=5-10bp;gc,13.0
CACZGS010000006.1_148,C,C,C,G,ID=6_148;partial=00;start_type=ATG;rbs_motif=GGAGG;rbs_spacer=5-10bp;gc_cont=0.461,ID=6_148;partial=00;start_type=ATG;rbs_motif=GGAGG;rbs_spacer=5-10bp;gc,13.0
CADAKH010000001.1_143,C,C,C,G,ID=1_143;partial=00;start_type=ATG;rbs_motif=AGGAGG;rbs_spacer=5-10bp;gc_cont=0.473,ID=1_143;partial=00;start_type=ATG;rbs_motif=AGGAGG;rbs_spacer=5-10bp;gc,13.0
CADCDW010000008.1_38,C,C,C,G,ID=8_38;partial=00;start_type=ATG;rbs_motif=AGGAGG;rbs_spacer=5-10bp;gc_cont=0.400,ID=8_38;partial=00;start_type=ATG;rbs_motif=AGGAGG;rbs_spacer=5-10bp;gc,13.0
CAIJOU010000740.1_6,C,C,C,S,ID=740_6;partial=00;start_type=ATG;rbs_motif=AGGAG;rbs_spacer=5-10bp;gc_cont=0.646,ID=740_6;partial=00;start_type=ATG;rbs_motif=AGGAG;rbs_spacer=5-10bp;gc,14.0
CAIMFA010000121.1_17,C,C,C,S,ID=121_17;partial=00;start_type=ATG;rbs_motif=AGGAG;rbs_spacer=5-10bp;gc_cont=0.525,ID=121_17;partial=00;start_type=ATG;rbs_motif=AGGAG;rbs_spacer=5-10bp;gc,14.0
CAIPKT010000119.1_3,C,C,C,S,ID=119_3;partial=00;start_type=ATG;rbs_motif=None;rbs_spacer=None;gc_cont=0.527,ID=119_3;partial=00;start_type=ATG;rbs_motif=None;rbs_spacer=None;gc,14.0
CAIRDL010000120.1_20,C,C,C,S,ID=120_20;partial=00;start_type=ATG;rbs_motif=AGGAG;rbs_spacer=5-10bp;gc_cont=0.607,ID=120_20;partial=00;start_type=ATG;rbs_motif=AGGAG;rbs_spacer=5-10bp;gc,14.0
CAIUSV010000048.1_18,C,C,C,S,ID=48_18;partial=00;start_type=ATG;rbs_motif=AGGAG;rbs_spacer=5-10bp;gc_cont=0.636,ID=48_18;partial=00;start_type=ATG;rbs_motif=AGGAG;rbs_spacer=5-10bp;gc,14.0
CAIZDL010000270.1_3,C,C,C,A,ID=270_3;partial=00;start_type=ATG;rbs_motif=AGGAG;rbs_spacer=5-10bp;gc_cont=0.618,ID=270_3;partial=00;start_type=ATG;rbs_motif=AGGAG;rbs_spacer=5-10bp;gc,13.0
CAJEXQ010000013.1_38,C,C,C,S,ID=13_38;partial=00;start_type=ATG;rbs_motif=AGGAG/GGAGG;rbs_spacer=11-12bp;gc_cont=0.520,ID=13_38;partial=00;start_type=ATG;rbs_motif=AGGAG/GGAGG;rbs_spacer=11-12bp;gc,14.0
CAJVYJ010000038.1_7,C,C,C,S,ID=38_7;partial=00;start_type=ATG;rbs_motif=AGGAG;rbs_spacer=3-4bp;gc_cont=0.448,ID=38_7;partial=00;start_type=ATG;rbs_motif=AGGAG;rbs_spacer=3-4bp;gc,14.0
NC_007512.1_1578,C,C,C,S,ID=1_1578;partial=00;start_type=ATG;rbs_motif=AGGAG;rbs_spacer=5-10bp;gc_cont=0.601,ID=1_1578;partial=00;start_type=ATG;rbs_motif=AGGAG;rbs_spacer=5-10bp;gc,14.0
NC_010794.1_1619,C,C,C,S,ID=1_1619;partial=00;start_type=ATG;rbs_motif=AAA;rbs_spacer=11bp;gc_cont=0.469,ID=1_1619;partial=00;start_type=ATG;rbs_motif=AAA;rbs_spacer=11bp;gc,14.0
NC_012848.1_284,C,C,C,A,ID=2_284;partial=00;start_type=ATG;rbs_motif=AGGA;rbs_spacer=5-10bp;gc_cont=0.552,ID=2_284;partial=00;start_type=ATG;rbs_motif=AGGA;rbs_spacer=5-10bp;gc,13.0
NC_014632.1_1420,C,C,C,S,ID=1_1420;partial=00;start_type=ATG;rbs_motif=AGGAGG;rbs_spacer=5-10bp;gc_cont=0.381,ID=1_1420;partial=00;start_type=ATG;rbs_motif=AGGAGG;rbs_spacer=5-10bp;gc,14.0
NC_014833.1_1966,C,C,C,G,ID=1_1966;partial=00;start_type=ATG;rbs_motif=AGGAGG;rbs_spacer=5-10bp;gc_cont=0.427,ID=1_1966;partial=00;start_type=ATG;rbs_motif=AGGAGG;rbs_spacer=5-10bp;gc,13.0
NZ_AGAF01000125.1_8,C,C,C,S,ID=158_8;partial=00;start_type=ATG;rbs_motif=AGGA;rbs_spacer=5-10bp;gc_cont=0.453,ID=158_8;partial=00;start_type=ATG;rbs_motif=AGGA;rbs_spacer=5-10bp;gc,14.0
NC_018068.1_3912,C,C,C,S,ID=1_3912;partial=00;start_type=ATG;rbs_motif=AGGA;rbs_spacer=5-10bp;gc_cont=0.471,ID=1_3912;partial=00;start_type=ATG;rbs_motif=AGGA;rbs_spacer=5-10bp;gc,14.0
NZ_CAHP01000023.1_52,C,C,C,S,ID=23_52;partial=00;start_type=ATG;rbs_motif=AGGAG;rbs_spacer=5-10bp;gc_cont=0.600,ID=23_52;partial=00;start_type=ATG;rbs_motif=AGGAG;rbs_spacer=5-10bp;gc,14.0
NZ_BADK01000003.1_17,C,C,C,A,ID=1141_17;partial=01;start_type=ATG;rbs_motif=AGGAG;rbs_spacer=5-10bp;gc_cont=0.635,ID=1141_17;partial=01;start_type=ATG;rbs_motif=AGGAG;rbs_spacer=5-10bp;gc,13.0
NZ_AQXE01000007.1_147,C,C,C,S,ID=7_147;partial=00;start_type=ATG;rbs_motif=AGGAG;rbs_spacer=5-10bp;gc_cont=0.629,ID=7_147;partial=00;start_type=ATG;rbs_motif=AGGAG;rbs_spacer=5-10bp;gc,14.0
NZ_CM001976.1_3711,C,C,C,S,ID=1_3711;partial=00;start_type=ATG;rbs_motif=GGAGG;rbs_spacer=5-10bp;gc_cont=0.598,ID=1_3711;partial=00;start_type=ATG;rbs_motif=GGAGG;rbs_spacer=5-10bp;gc,14.0
NZ_KE384343.1_60,C,C,C,S,ID=5_60;partial=00;start_type=ATG;rbs_motif=AGGAG;rbs_spacer=5-10bp;gc_cont=0.469,ID=5_60;partial=00;start_type=ATG;rbs_motif=AGGAG;rbs_spacer=5-10bp;gc,14.0
NZ_AUCT01000001.1_182,C,C,C,S,ID=1_182;partial=00;start_type=ATG;rbs_motif=AGGAG/GGAGG;rbs_spacer=11-12bp;gc_cont=0.596,ID=1_182;partial=00;start_type=ATG;rbs_motif=AGGAG/GGAGG;rbs_spacer=11-12bp;gc,14.0
NZ_AXAY01000035.1_71,C,C,C,A,ID=27_71;partial=00;start_type=ATG;rbs_motif=AGGA;rbs_spacer=5-10bp;gc_cont=0.587,ID=27_71;partial=00;start_type=ATG;rbs_motif=AGGA;rbs_spacer=5-10bp;gc,13.0
NZ_JAEG01000016.1_58,C,C,C,A,ID=13_58;partial=00;start_type=ATG;rbs_motif=GGAGG;rbs_spacer=5-10bp;gc_cont=0.607,ID=13_58;partial=00;start_type=ATG;rbs_motif=GGAGG;rbs_spacer=5-10bp;gc,13.0
NZ_JHVB01000007.1_106,C,C,C,G,ID=6_106;partial=00;start_type=ATG;rbs_motif=AGGAG;rbs_spacer=5-10bp;gc_cont=0.418,ID=6_106;partial=00;start_type=ATG;rbs_motif=AGGAG;rbs_spacer=5-10bp;gc,13.0
NZ_JNLQ01000002.1_736,C,C,C,G,ID=2_736;partial=00;start_type=ATG;rbs_motif=AGGAG;rbs_spacer=5-10bp;gc_cont=0.422,ID=2_736;partial=00;start_type=ATG;rbs_motif=AGGAG;rbs_spacer=5-10bp;gc,13.0
NZ_CP009288.1_4085,C,C,C,S,ID=1_4085;partial=00;start_type=ATG;rbs_motif=AGxAGG/AGGxGG;rbs_spacer=5-10bp;gc_cont=0.502,ID=1_4085;partial=00;start_type=ATG;rbs_motif=AGxAGG/AGGxGG;rbs_spacer=5-10bp;gc,14.0
NZ_JXXE01000460.1_3,C,C,C,A,ID=621_3;partial=00;start_type=ATG;rbs_motif=GGA/GAG/AGG;rbs_spacer=11-12bp;gc_cont=0.620,ID=621_3;partial=00;start_type=ATG;rbs_motif=GGA/GAG/AGG;rbs_spacer=11-12bp;gc,13.0
NZ_CP011412.1_3320,C,C,C,S,ID=1_3320;partial=00;start_type=ATG;rbs_motif=GGAGG;rbs_spacer=5-10bp;gc_cont=0.585,ID=1_3320;partial=00;start_type=ATG;rbs_motif=GGAGG;rbs_spacer=5-10bp;gc,14.0
NZ_BBCB01000009.1_33,C,C,C,S,ID=9_33;partial=00;start_type=ATG;rbs_motif=AGGA;rbs_spacer=5-10bp;gc_cont=0.625,ID=9_33;partial=00;start_type=ATG;rbs_motif=AGGA;rbs_spacer=5-10bp;gc,14.0
NZ_CP014206.1_1523,C,C,C,S,ID=1_1523;partial=00;start_type=ATG;rbs_motif=AGGAG;rbs_spacer=5-10bp;gc_cont=0.652,ID=1_1523;partial=00;start_type=ATG;rbs_motif=AGGAG;rbs_spacer=5-10bp;gc,14.0
NZ_LUUG01000063.1_33,C,C,C,S,ID=63_33;partial=00;start_type=ATG;rbs_motif=AGGAG;rbs_spacer=5-10bp;gc_cont=0.488,ID=63_33;partial=00;start_type=ATG;rbs_motif=AGGAG;rbs_spacer=5-10bp;gc,14.0
NZ_LWDV01000008.1_487,C,C,C,S,ID=8_487;partial=00;start_type=ATG;rbs_motif=AGGAGG;rbs_spacer=5-10bp;gc_cont=0.368,ID=8_487;partial=00;start_type=ATG;rbs_motif=AGGAGG;rbs_spacer=5-10bp;gc,14.0
NZ_MDDV01000014.1_80,C,C,C,A,ID=14_80;partial=00;start_type=ATG;rbs_motif=GGA/GAG/AGG;rbs_spacer=5-10bp;gc_cont=0.581,ID=14_80;partial=00;start_type=ATG;rbs_motif=GGA/GAG/AGG;rbs_spacer=5-10bp;gc,13.0
NZ_CP019698.1_1960,C,C,C,S,ID=1_1960;partial=00;start_type=ATG;rbs_motif=AGxAGG/AGGxGG;rbs_spacer=5-10bp;gc_cont=0.476,ID=1_1960;partial=00;start_type=ATG;rbs_motif=AGxAGG/AGGxGG;rbs_spacer=5-10bp;gc,14.0
NZ_MTAW01000047.1_29,C,C,C,S,ID=155_29;partial=00;start_type=ATG;rbs_motif=GGAG/GAGG;rbs_spacer=5-10bp;gc_cont=0.452,ID=155_29;partial=00;start_type=ATG;rbs_motif=GGAG/GAGG;rbs_spacer=5-10bp;gc,14.0
NZ_LMVP01000001.1_12,C,C,C,S,ID=1_12;partial=00;start_type=ATG;rbs_motif=GGAG/GAGG;rbs_spacer=5-10bp;gc_cont=0.474,ID=1_12;partial=00;start_type=ATG;rbs_motif=GGAG/GAGG;rbs_spacer=5-10bp;gc,14.0
NZ_NWSX01000069.1_15,C,C,C,A,ID=82_15;partial=00;start_type=ATG;rbs_motif=GGA/GAG/AGG;rbs_spacer=5-10bp;gc_cont=0.589,ID=82_15;partial=00;start_type=ATG;rbs_motif=GGA/GAG/AGG;rbs_spacer=5-10bp;gc,13.0
NZ_PNOT02000101.1_12,C,C,C,A,ID=360_12;partial=00;start_type=ATG;rbs_motif=None;rbs_spacer=None;gc_cont=0.594,ID=360_12;partial=00;start_type=ATG;rbs_motif=None;rbs_spacer=None;gc,13.0
NZ_PVXP01000044.1_5,C,C,C,S,ID=44_5;partial=00;start_type=ATG;rbs_motif=AGGAGG;rbs_spacer=5-10bp;gc_cont=0.397,ID=44_5;partial=00;start_type=ATG;rbs_motif=AGGAGG;rbs_spacer=5-10bp;gc,14.0
NZ_LGQW01000015.1_5526,C,C,C,A,ID=1_5526;partial=00;start_type=ATG;rbs_motif=AGGAG;rbs_spacer=5-10bp;gc_cont=0.629,ID=1_5526;partial=00;start_type=ATG;rbs_motif=AGGAG;rbs_spacer=5-10bp;gc,13.0
NZ_QKZO01000014.1_62,C,C,C,A,ID=14_62;partial=00;start_type=ATG;rbs_motif=AGGA;rbs_spacer=5-10bp;gc_cont=0.619,ID=14_62;partial=00;start_type=ATG;rbs_motif=AGGA;rbs_spacer=5-10bp;gc,13.0
NZ_QQAV01000006.1_204,C,C,C,A,ID=6_204;partial=00;start_type=ATG;rbs_motif=GGAG/GAGG;rbs_spacer=5-10bp;gc_cont=0.637,ID=6_204;partial=00;start_type=ATG;rbs_motif=GGAG/GAGG;rbs_spacer=5-10bp;gc,13.0
NZ_RIZI01000178.1_18,C,C,C,A,ID=88_18;partial=00;start_type=ATG;rbs_motif=AGGAG;rbs_spacer=5-10bp;gc_cont=0.547,ID=88_18;partial=00;start_type=ATG;rbs_motif=AGGAG;rbs_spacer=5-10bp;gc,13.0
NZ_AP018449.1_2670,C,C,C,S,ID=1_2670;partial=00;start_type=ATG;rbs_motif=AGGAGG;rbs_spacer=5-10bp;gc_cont=0.564,ID=1_2670;partial=00;start_type=ATG;rbs_motif=AGGAGG;rbs_spacer=5-10bp;gc,14.0
NZ_LHQS01000002.1_297,C,C,C,S,ID=5_297;partial=00;start_type=ATG;rbs_motif=GGAG/GAGG;rbs_spacer=5-10bp;gc_cont=0.591,ID=5_297;partial=00;start_type=ATG;rbs_motif=GGAG/GAGG;rbs_spacer=5-10bp;gc,14.0
NZ_SJOP01000014.1_45,C,C,C,S,ID=13_45;partial=00;start_type=ATG;rbs_motif=GGAGG;rbs_spacer=5-10bp;gc_cont=0.538,ID=13_45;partial=00;start_type=ATG;rbs_motif=GGAGG;rbs_spacer=5-10bp;gc,14.0
NZ_SMOD01000089.1_9,C,C,C,A,ID=162_9;partial=00;start_type=ATG;rbs_motif=AGGAG;rbs_spacer=5-10bp;gc_cont=0.538,ID=162_9;partial=00;start_type=ATG;rbs_motif=AGGAG;rbs_spacer=5-10bp;gc,13.0
NZ_SSYB01000001.1_387,C,C,C,S,ID=1_387;partial=00;start_type=ATG;rbs_motif=AGGAG;rbs_spacer=5-10bp;gc_cont=0.611,ID=1_387;partial=00;start_type=ATG;rbs_motif=AGGAG;rbs_spacer=5-10bp;gc,14.0
NZ_VDCH01000015.1_13,C,C,C,S,ID=6_13;partial=00;start_type=ATG;rbs_motif=None;rbs_spacer=None;gc_cont=0.616,ID=6_13;partial=00;start_type=ATG;rbs_motif=None;rbs_spacer=None;gc,14.0
NZ_VITA01000035.1_17,C,C,C,A,ID=35_17;partial=00;start_type=ATG;rbs_motif=GGAG/GAGG;rbs_spacer=5-10bp;gc_cont=0.562,ID=35_17;partial=00;start_type=ATG;rbs_motif=GGAG/GAGG;rbs_spacer=5-10bp;gc,13.0
NZ_VSSR01000014.1_82,C,C,C,A,ID=46_82;partial=00;start_type=ATG;rbs_motif=GGA/GAG/AGG;rbs_spacer=5-10bp;gc_cont=0.576,ID=46_82;partial=00;start_type=ATG;rbs_motif=GGA/GAG/AGG;rbs_spacer=5-10bp;gc,13.0
NZ_WHNQ01000029.1_67,C,C,C,A,ID=168_67;partial=00;start_type=ATG;rbs_motif=AGGAG;rbs_spacer=5-10bp;gc_cont=0.544,ID=168_67;partial=00;start_type=ATG;rbs_motif=AGGAG;rbs_spacer=5-10bp;gc,13.0
NZ_CP046401.1_3151,C,C,C,S,ID=1_3151;partial=00;start_type=ATG;rbs_motif=None;rbs_spacer=None;gc_cont=0.429,ID=1_3151;partial=00;start_type=ATG;rbs_motif=None;rbs_spacer=None;gc,14.0
NZ_CP048409.1_1072,C,C,C,S,ID=1_1072;partial=00;start_type=ATG;rbs_motif=TAAAAA;rbs_spacer=8bp;gc_cont=0.432,ID=1_1072;partial=00;start_type=ATG;rbs_motif=TAAAAA;rbs_spacer=8bp;gc,14.0
NZ_JAASRM010000001.1_2486,C,C,C,S,ID=1_2486;partial=00;start_type=ATG;rbs_motif=AGxAGG/AGGxGG;rbs_spacer=5-10bp;gc_cont=0.574,ID=1_2486;partial=00;start_type=ATG;rbs_motif=AGxAGG/AGGxGG;rbs_spacer=5-10bp;gc,14.0
NZ_JAAVLX010000005.1_379,C,C,C,A,ID=35_379;partial=00;start_type=ATG;rbs_motif=AGGA;rbs_spacer=5-10bp;gc_cont=0.571,ID=35_379;partial=00;start_type=ATG;rbs_motif=AGGA;rbs_spacer=5-10bp;gc,13.0
NZ_CP045508.1_2575,C,C,C,S,ID=1_2575;partial=00;start_type=ATG;rbs_motif=GGAG/GAGG;rbs_spacer=5-10bp;gc_cont=0.645,ID=1_2575;partial=00;start_type=ATG;rbs_motif=GGAG/GAGG;rbs_spacer=5-10bp;gc,14.0
NZ_JACIGJ010000001.1_64,C,C,C,A,ID=1_64;partial=00;start_type=ATG;rbs_motif=GGAG/GAGG;rbs_spacer=5-10bp;gc_cont=0.633,ID=1_64;partial=00;start_type=ATG;rbs_motif=GGAG/GAGG;rbs_spacer=5-10bp;gc,13.0
NZ_JACVHF010000011.1_43,C,C,C,S,ID=22_43;partial=00;start_type=ATG;rbs_motif=AGGAGG;rbs_spacer=5-10bp;gc_cont=0.550,ID=22_43;partial=00;start_type=ATG;rbs_motif=AGGAGG;rbs_spacer=5-10bp;gc,14.0
NZ_JACJTQ010000073.1_7,C,C,C,S,ID=81_7;partial=00;start_type=ATG;rbs_motif=GGAG/GAGG;rbs_spacer=5-10bp;gc_cont=0.440,ID=81_7;partial=00;start_type=ATG;rbs_motif=GGAG/GAGG;rbs_spacer=5-10bp;gc,14.0
NZ_JADKYR010000001.1_716,C,C,C,A,ID=1_716;partial=00;start_type=ATG;rbs_motif=AGGAG;rbs_spacer=5-10bp;gc_cont=0.528,ID=1_716;partial=00;start_type=ATG;rbs_motif=AGGAG;rbs_spacer=5-10bp;gc,13.0
NZ_NRRN01000024.1_18,C,C,C,S,ID=24_18;partial=00;start_type=ATG;rbs_motif=AGGAG;rbs_spacer=5-10bp;gc_cont=0.598,ID=24_18;partial=00;start_type=ATG;rbs_motif=AGGAG;rbs_spacer=5-10bp;gc,14.0
NZ_AP023247.1_6256,C,C,C,A,ID=1_6256;partial=00;start_type=ATG;rbs_motif=None;rbs_spacer=None;gc_cont=0.594,ID=1_6256;partial=00;start_type=ATG;rbs_motif=None;rbs_spacer=None;gc,13.0
NZ_CP071382.1_1764,C,C,C,S,ID=1_1764;partial=00;start_type=ATG;rbs_motif=AGGAG;rbs_spacer=5-10bp;gc_cont=0.589,ID=1_1764;partial=00;start_type=ATG;rbs_motif=AGGAG;rbs_spacer=5-10bp;gc,14.0
NZ_JAGINP010000014.1_115,C,C,C,A,ID=14_115;partial=00;start_type=ATG;rbs_motif=AGGAG;rbs_spacer=5-10bp;gc_cont=0.636,ID=14_115;partial=00;start_type=ATG;rbs_motif=AGGAG;rbs_spacer=5-10bp;gc,13.0
NZ_JAGWDJ010000064.1_3,C,C,C,A,ID=64_3;partial=00;start_type=ATG;rbs_motif=GGA/GAG/AGG;rbs_spacer=5-10bp;gc_cont=0.587,ID=64_3;partial=00;start_type=ATG;rbs_motif=GGA/GAG/AGG;rbs_spacer=5-10bp;gc,13.0
NZ_CP064782.1_1176,C,C,C,S,ID=1_1176;partial=00;start_type=ATG;rbs_motif=AGGAG;rbs_spacer=5-10bp;gc_cont=0.598,ID=1_1176;partial=00;start_type=ATG;rbs_motif=AGGAG;rbs_spacer=5-10bp;gc,14.0
NZ_JAIOGQ010000046.1_13,C,C,C,S,ID=41_13;partial=00;start_type=ATG;rbs_motif=AGGAGG;rbs_spacer=5-10bp;gc_cont=0.510,ID=41_13;partial=00;start_type=ATG;rbs_motif=AGGAGG;rbs_spacer=5-10bp;gc,14.0
NZ_BLAY01000018.1_37,C,C,C,S,ID=18_37;partial=00;start_type=ATG;rbs_motif=GGAG/GAGG;rbs_spacer=5-10bp;gc_cont=0.468,ID=18_37;partial=00;start_type=ATG;rbs_motif=GGAG/GAGG;rbs_spacer=5-10bp;gc,14.0
NZ_CP088089.1_6756,C,C,C,A,ID=1_6756;partial=00;start_type=ATG;rbs_motif=GGA/GAG/AGG;rbs_spacer=5-10bp;gc_cont=0.570,ID=1_6756;partial=00;start_type=ATG;rbs_motif=GGA/GAG/AGG;rbs_spacer=5-10bp;gc,13.0
NZ_CP085041.1_1862,C,C,C,S,ID=1_1862;partial=00;start_type=ATG;rbs_motif=AGGAG;rbs_spacer=5-10bp;gc_cont=0.515,ID=1_1862;partial=00;start_type=ATG;rbs_motif=AGGAG;rbs_spacer=5-10bp;gc,14.0
NZ_JAKZFT010000010.1_67,C,C,C,S,ID=2_67;partial=00;start_type=ATG;rbs_motif=AGGAG;rbs_spacer=5-10bp;gc_cont=0.592,ID=2_67;partial=00;start_type=ATG;rbs_motif=AGGAG;rbs_spacer=5-10bp;gc,14.0
NZ_CP066356.1_7123,C,C,C,A,ID=1_7123;partial=00;start_type=ATG;rbs_motif=AGGA;rbs_spacer=5-10bp;gc_cont=0.565,ID=1_7123;partial=00;start_type=ATG;rbs_motif=AGGA;rbs_spacer=5-10bp;gc,13.0
NZ_JAMBPR010000138.1_5,C,C,C,A,ID=44_5;partial=00;start_type=ATG;rbs_motif=AGGAG;rbs_spacer=5-10bp;gc_cont=0.535,ID=44_5;partial=00;start_type=ATG;rbs_motif=AGGAG;rbs_spacer=5-10bp;gc,13.0
NZ_CYGX02000044.1_60,C,C,C,A,ID=132_60;partial=00;start_type=ATG;rbs_motif=AGGAG;rbs_spacer=5-10bp;gc_cont=0.565,ID=132_60;partial=00;start_type=ATG;rbs_motif=AGGAG;rbs_spacer=5-10bp;gc,13.0
NZ_FNBG01000009.1_100,C,C,C,S,ID=40_100;partial=00;start_type=ATG;rbs_motif=AGxAGG/AGGxGG;rbs_spacer=5-10bp;gc_cont=0.476,ID=40_100;partial=00;start_type=ATG;rbs_motif=AGxAGG/AGGxGG;rbs_spacer=5-10bp;gc,14.0
NZ_FNZM01000033.1_39,C,C,C,A,ID=9_39;partial=00;start_type=ATG;rbs_motif=AGGAG;rbs_spacer=5-10bp;gc_cont=0.611,ID=9_39;partial=00;start_type=ATG;rbs_motif=AGGAG;rbs_spacer=5-10bp;gc,13.0
NZ_FOSN01000001.1_309,C,C,C,A,ID=46_309;partial=00;start_type=ATG;rbs_motif=AGxAGG/AGGxGG;rbs_spacer=5-10bp;gc_cont=0.568,ID=46_309;partial=00;start_type=ATG;rbs_motif=AGxAGG/AGGxGG;rbs_spacer=5-10bp;gc,13.0
NZ_FQXV01000005.1_195,C,C,C,S,ID=34_195;partial=00;start_type=ATG;rbs_motif=GGAGG;rbs_spacer=5-10bp;gc_cont=0.599,ID=34_195;partial=00;start_type=ATG;rbs_motif=GGAGG;rbs_spacer=5-10bp;gc,14.0
NZ_FTOA01000001.1_303,C,C,C,S,ID=4_303;partial=00;start_type=ATG;rbs_motif=AGGAG;rbs_spacer=5-10bp;gc_cont=0.606,ID=4_303;partial=00;start_type=ATG;rbs_motif=AGGAG;rbs_spacer=5-10bp;gc,14.0
NZ_FYDE01000004.1_713,C,C,C,S,ID=1_713;partial=00;start_type=ATG;rbs_motif=AGGAGG;rbs_spacer=5-10bp;gc_cont=0.529,ID=1_713;partial=00;start_type=ATG;rbs_motif=AGGAGG;rbs_spacer=5-10bp;gc,14.0
NZ_UGSI01000001.1_1809,C,C,C,S,ID=2_1809;partial=00;start_type=ATG;rbs_motif=AGGAGG;rbs_spacer=5-10bp;gc_cont=0.592,ID=2_1809;partial=00;start_type=ATG;rbs_motif=AGGAGG;rbs_spacer=5-10bp;gc,14.0
NZ_CAJHCS010000047.1_21,C,C,C,A,ID=47_21;partial=00;start_type=ATG;rbs_motif=AGGAG;rbs_spacer=5-10bp;gc_cont=0.545,ID=47_21;partial=00;start_type=ATG;rbs_motif=AGGAG;rbs_spacer=5-10bp;gc,13.0
JAGGAE010000092.1_2,C,C,C,S,ID=56_2;partial=00;start_type=ATG;rbs_motif=AGGAG;rbs_spacer=5-10bp;gc_cont=0.461,ID=56_2;partial=00;start_type=ATG;rbs_motif=AGGAG;rbs_spacer=5-10bp;gc,14.0
JAEYKW010000009.1_31,C,C,C,S,ID=22_31;partial=00;start_type=ATG;rbs_motif=GGAGG;rbs_spacer=5-10bp;gc_cont=0.560,ID=22_31;partial=00;start_type=ATG;rbs_motif=GGAGG;rbs_spacer=5-10bp;gc,14.0
OMOF01000020.1_9,C,C,C,S,ID=307_9;partial=00;start_type=ATG;rbs_motif=GGAG/GAGG;rbs_spacer=5-10bp;gc_cont=0.496,ID=307_9;partial=00;start_type=ATG;rbs_motif=GGAG/GAGG;rbs_spacer=5-10bp;gc,14.0
NZ_CAHP01000020.1_249,C,C,C,S,ID=20_249;partial=00;start_type=ATG;rbs_motif=AGGA;rbs_spacer=5-10bp;gc_cont=0.584,ID=20_249;partial=00;start_type=ATG;rbs_motif=AGGA;rbs_spacer=5-10bp;gc,14.0
NZ_CYSP01000025.1_19,C,C,C,S,ID=25_19;partial=00;start_type=ATG;rbs_motif=AGGAG;rbs_spacer=5-10bp;gc_cont=0.473,ID=25_19;partial=00;start_type=ATG;rbs_motif=AGGAG;rbs_spacer=5-10bp;gc,14.0
NZ_QNRY01000002.1_41,C,C,C,S,ID=2_41;partial=00;start_type=ATG;rbs_motif=GGAG/GAGG;rbs_spacer=5-10bp;gc_cont=0.525,ID=2_41;partial=00;start_type=ATG;rbs_motif=GGAG/GAGG;rbs_spacer=5-10bp;gc,14.0
NZ_JACHFH010000040.1_22,C,C,C,S,ID=40_22;partial=00;start_type=ATG;rbs_motif=AGGAGG;rbs_spacer=5-10bp;gc_cont=0.383,ID=40_22;partial=00;start_type=ATG;rbs_motif=AGGAGG;rbs_spacer=5-10bp;gc,14.0
NZ_FNBX01000001.1_164,C,C,C,S,ID=24_164;partial=00;start_type=ATG;rbs_motif=AGGA;rbs_spacer=5-10bp;gc_cont=0.613,ID=24_164;partial=00;start_type=ATG;rbs_motif=AGGA;rbs_spacer=5-10bp;gc,14.0
DKFP01000009.1_221,C,C,C,S,ID=10_221;partial=00;start_type=ATG;rbs_motif=AGGAG;rbs_spacer=5-10bp;gc_cont=0.515,ID=10_221;partial=00;start_type=ATG;rbs_motif=AGGAG;rbs_spacer=5-10bp;gc,14.0
NC_015216.1_1809,C,C,C,S,ID=1_1809;partial=00;start_type=TTG;rbs_motif=None;rbs_spacer=None;gc_cont=0.408,ID=1_1809;partial=00;start_type=TTG;rbs_motif=None;rbs_spacer=None;gc,14.0
JABXKI010000283.1_18,C,C,C,S,ID=124_18;partial=00;start_type=ATG;rbs_motif=AGGAG;rbs_spacer=5-10bp;gc_cont=0.444,ID=124_18;partial=00;start_type=ATG;rbs_motif=AGGAG;rbs_spacer=5-10bp;gc,14.0
NZ_JACJTB010000003.1_85,C,C,C,S,ID=23_85;partial=00;start_type=ATG;rbs_motif=AGGAG;rbs_spacer=5-10bp;gc_cont=0.440,ID=23_85;partial=00;start_type=ATG;rbs_motif=AGGAG;rbs_spacer=5-10bp;gc,14.0
NZ_VLKG01000003.1_120,C,C,C,S,ID=3_120;partial=00;start_type=ATG;rbs_motif=AGGAG;rbs_spacer=5-10bp;gc_cont=0.538,ID=3_120;partial=00;start_type=ATG;rbs_motif=AGGAG;rbs_spacer=5-10bp;gc,14.0
ATWC01000001.1_76,T,C,C,G,ID=1_76;partial=00;start_type=ATG;rbs_motif=GGAG/GAGG;rbs_spacer=5-10bp;gc_cont=0.434,ID=1_76;partial=00;start_type=ATG;rbs_motif=GGAG/GAGG;rbs_spacer=5-10bp;gc,10.0
CCNC01000179.1_52,C,C,C,A,ID=179_52;partial=00;start_type=ATG;rbs_motif=GGAG/GAGG;rbs_spacer=5-10bp;gc_cont=0.595,ID=179_52;partial=00;start_type=ATG;rbs_motif=GGAG/GAGG;rbs_spacer=5-10bp;gc,13.0
LOEW01000092.1_13,C,C,C,S,ID=92_13;partial=00;start_type=ATG;rbs_motif=AGGA;rbs_spacer=5-10bp;gc_cont=0.450,ID=92_13;partial=00;start_type=ATG;rbs_motif=AGGA;rbs_spacer=5-10bp;gc,14.0
MBFK01000144.1_3,C,C,C,A,ID=76_3;partial=01;start_type=ATG;rbs_motif=AGxAGG/AGGxGG;rbs_spacer=5-10bp;gc_cont=0.640,ID=76_3;partial=01;start_type=ATG;rbs_motif=AGxAGG/AGGxGG;rbs_spacer=5-10bp;gc,13.0
MHDU01000080.1_33,C,C,C,S,ID=80_33;partial=00;start_type=ATG;rbs_motif=GGAGG;rbs_spacer=5-10bp;gc_cont=0.504,ID=80_33;partial=00;start_type=ATG;rbs_motif=GGAGG;rbs_spacer=5-10bp;gc,14.0
MVRP01000108.1_11,C,C,C,S,ID=108_11;partial=00;start_type=ATG;rbs_motif=AGGAG;rbs_spacer=5-10bp;gc_cont=0.561,ID=108_11;partial=00;start_type=ATG;rbs_motif=AGGAG;rbs_spacer=5-10bp;gc,14.0
DBNK01000010.1_7,C,C,C,S,ID=5_7;partial=00;start_type=ATG;rbs_motif=GGAGG;rbs_spacer=5-10bp;gc_cont=0.511,ID=5_7;partial=00;start_type=ATG;rbs_motif=GGAGG;rbs_spacer=5-10bp;gc,14.0
DCFU01000034.1_55,C,C,C,S,ID=30_55;partial=00;start_type=ATG;rbs_motif=GGAGG;rbs_spacer=5-10bp;gc_cont=0.474,ID=30_55;partial=00;start_type=ATG;rbs_motif=GGAGG;rbs_spacer=5-10bp;gc,14.0
AP018233.1_2795,C,C,C,S,ID=1_2795;partial=00;start_type=ATG;rbs_motif=GGAG/GAGG;rbs_spacer=5-10bp;gc_cont=0.446,ID=1_2795;partial=00;start_type=ATG;rbs_motif=GGAG/GAGG;rbs_spacer=5-10bp;gc,14.0
DHAA01000074.1_22,C,C,C,S,ID=3_22;partial=00;start_type=ATG;rbs_motif=AGGAGG;rbs_spacer=5-10bp;gc_cont=0.530,ID=3_22;partial=00;start_type=ATG;rbs_motif=AGGAGG;rbs_spacer=5-10bp;gc,14.0
DIFZ01000050.1_93,C,C,C,S,ID=20_93;partial=00;start_type=ATG;rbs_motif=AGGAG;rbs_spacer=5-10bp;gc_cont=0.598,ID=20_93;partial=00;start_type=ATG;rbs_motif=AGGAG;rbs_spacer=5-10bp;gc,14.0
DIWZ01000032.1_46,C,C,C,S,ID=15_46;partial=00;start_type=ATG;rbs_motif=AGGAG;rbs_spacer=5-10bp;gc_cont=0.585,ID=15_46;partial=00;start_type=ATG;rbs_motif=AGGAG;rbs_spacer=5-10bp;gc,14.0
DAKU01000064.1_4,C,C,C,S,ID=60_4;partial=00;start_type=ATG;rbs_motif=GGAGG;rbs_spacer=5-10bp;gc_cont=0.476,ID=60_4;partial=00;start_type=ATG;rbs_motif=GGAGG;rbs_spacer=5-10bp;gc,14.0
PGZN01000004.1_43,C,C,C,S,ID=104_43;partial=00;start_type=ATG;rbs_motif=AGGAGG;rbs_spacer=5-10bp;gc_cont=0.485,ID=104_43;partial=00;start_type=ATG;rbs_motif=AGGAGG;rbs_spacer=5-10bp;gc,14.0
PKUA01000006.1_31,C,C,C,S,ID=6_31;partial=00;start_type=ATG;rbs_motif=AGGAG;rbs_spacer=5-10bp;gc_cont=0.558,ID=6_31;partial=00;start_type=ATG;rbs_motif=AGGAG;rbs_spacer=5-10bp;gc,14.0
QBVC01000041.1_33,C,C,C,S,ID=30_33;partial=01;start_type=ATG;rbs_motif=AGGAG;rbs_spacer=5-10bp;gc_cont=0.596,ID=30_33;partial=01;start_type=ATG;rbs_motif=AGGAG;rbs_spacer=5-10bp;gc,14.0
PMBY01000248.1_8,C,C,C,S,ID=488_8;partial=00;start_type=ATG;rbs_motif=AGGAG;rbs_spacer=5-10bp;gc_cont=0.605,ID=488_8;partial=00;start_type=ATG;rbs_motif=AGGAG;rbs_spacer=5-10bp;gc,14.0
PLTA01000007.1_19,C,C,C,S,ID=48_19;partial=00;start_type=ATG;rbs_motif=AGGAG/GGAGG;rbs_spacer=11-12bp;gc_cont=0.422,ID=48_19;partial=00;start_type=ATG;rbs_motif=AGGAG/GGAGG;rbs_spacer=11-12bp;gc,14.0
QKCE01000036.1_9,C,C,C,S,ID=280_9;partial=00;start_type=ATG;rbs_motif=AGGAG;rbs_spacer=5-10bp;gc_cont=0.637,ID=280_9;partial=00;start_type=ATG;rbs_motif=AGGAG;rbs_spacer=5-10bp;gc,14.0
QKFD01000117.1_28,C,C,C,S,ID=42_28;partial=00;start_type=ATG;rbs_motif=AGGAG;rbs_spacer=5-10bp;gc_cont=0.603,ID=42_28;partial=00;start_type=ATG;rbs_motif=AGGAG;rbs_spacer=5-10bp;gc,14.0
DNTK01000530.1_4,C,C,C,S,ID=108_4;partial=00;start_type=ATG;rbs_motif=TAA;rbs_spacer=12bp;gc_cont=0.397,ID=108_4;partial=00;start_type=ATG;rbs_motif=TAA;rbs_spacer=12bp;gc,14.0
QZKG01000006.1_35,C,C,C,S,ID=4_35;partial=00;start_type=ATG;rbs_motif=AGGAGG;rbs_spacer=5-10bp;gc_cont=0.669,ID=4_35;partial=00;start_type=ATG;rbs_motif=AGGAGG;rbs_spacer=5-10bp;gc,14.0
SAJS01000021.1_51,C,C,C,A,ID=13_51;partial=00;start_type=ATG;rbs_motif=GGAG/GAGG;rbs_spacer=5-10bp;gc_cont=0.590,ID=13_51;partial=00;start_type=ATG;rbs_motif=GGAG/GAGG;rbs_spacer=5-10bp;gc,13.0
SIHH01000161.1_6,C,C,C,S,ID=71_6;partial=00;start_type=ATG;rbs_motif=None;rbs_spacer=None;gc_cont=0.536,ID=71_6;partial=00;start_type=ATG;rbs_motif=None;rbs_spacer=None;gc,14.0
SXIP01000265.1_10,C,C,C,S,ID=261_10;partial=00;start_type=ATG;rbs_motif=AGGAG;rbs_spacer=5-10bp;gc_cont=0.511,ID=261_10;partial=00;start_type=ATG;rbs_motif=AGGAG;rbs_spacer=5-10bp;gc,14.0
SLQH01000560.1_7,C,C,C,S,ID=205_7;partial=00;start_type=ATG;rbs_motif=GGAG/GAGG;rbs_spacer=5-10bp;gc_cont=0.659,ID=205_7;partial=00;start_type=ATG;rbs_motif=GGAG/GAGG;rbs_spacer=5-10bp;gc,14.0
CP032507.1_3091,C,C,C,S,ID=1_3091;partial=00;start_type=ATG;rbs_motif=AGGAG;rbs_spacer=5-10bp;gc_cont=0.508,ID=1_3091;partial=00;start_type=ATG;rbs_motif=AGGAG;rbs_spacer=5-10bp;gc,14.0
WSXZ01000099.1_3,C,C,C,A,ID=97_3;partial=00;start_type=ATG;rbs_motif=GGAG/GAGG;rbs_spacer=5-10bp;gc_cont=0.606,ID=97_3;partial=00;start_type=ATG;rbs_motif=GGAG/GAGG;rbs_spacer=5-10bp;gc,13.0
DRKI01000083.1_5,C,C,C,S,ID=83_5;partial=00;start_type=ATG;rbs_motif=GGAG/GAGG;rbs_spacer=5-10bp;gc_cont=0.615,ID=83_5;partial=00;start_type=ATG;rbs_motif=GGAG/GAGG;rbs_spacer=5-10bp;gc,14.0
WOYM01000080.1_13,C,C,C,S,ID=20_13;partial=00;start_type=ATG;rbs_motif=GGAGG;rbs_spacer=5-10bp;gc_cont=0.549,ID=20_13;partial=00;start_type=ATG;rbs_motif=GGAGG;rbs_spacer=5-10bp;gc,14.0
JAAYUV010000017.1_11,C,C,C,S,ID=36_11;partial=00;start_type=ATG;rbs_motif=AGGAGG;rbs_spacer=5-10bp;gc_cont=0.470,ID=36_11;partial=00;start_type=ATG;rbs_motif=AGGAGG;rbs_spacer=5-10bp;gc,14.0
JABEVC010000190.1_5,C,C,C,A,ID=103_5;partial=00;start_type=ATG;rbs_motif=GGA/GAG/AGG;rbs_spacer=5-10bp;gc_cont=0.572,ID=103_5;partial=00;start_type=ATG;rbs_motif=GGA/GAG/AGG;rbs_spacer=5-10bp;gc,13.0
JABLWZ010000015.1_47,C,C,C,S,ID=7_47;partial=00;start_type=ATG;rbs_motif=AGGAG;rbs_spacer=5-10bp;gc_cont=0.619,ID=7_47;partial=00;start_type=ATG;rbs_motif=AGGAG;rbs_spacer=5-10bp;gc,14.0
JAAXWS010000004.1_86,C,C,C,S,ID=30_86;partial=00;start_type=ATG;rbs_motif=None;rbs_spacer=None;gc_cont=0.621,ID=30_86;partial=00;start_type=ATG;rbs_motif=None;rbs_spacer=None;gc,14.0
JACATZ010000003.1_1632,C,C,C,S,ID=16_1632;partial=00;start_type=GTG;rbs_motif=GGAG/GAGG;rbs_spacer=5-10bp;gc_cont=0.514,ID=16_1632;partial=00;start_type=GTG;rbs_motif=GGAG/GAGG;rbs_spacer=5-10bp;gc,14.0
JAAXOC010000088.1_36,C,C,C,S,ID=3_36;partial=00;start_type=ATG;rbs_motif=GGAG/GAGG;rbs_spacer=5-10bp;gc_cont=0.537,ID=3_36;partial=00;start_type=ATG;rbs_motif=GGAG/GAGG;rbs_spacer=5-10bp;gc,14.0
SVFZ01000074.1_16,T,C,C,S,ID=68_16;partial=00;start_type=ATG;rbs_motif=AGGAGG;rbs_spacer=11-12bp;gc_cont=0.462,ID=68_16;partial=00;start_type=ATG;rbs_motif=AGGAGG;rbs_spacer=11-12bp;gc,11.0
JADGBM010000040.1_15,C,C,C,S,ID=160_15;partial=00;start_type=ATG;rbs_motif=GGAG/GAGG;rbs_spacer=5-10bp;gc_cont=0.482,ID=160_15;partial=00;start_type=ATG;rbs_motif=GGAG/GAGG;rbs_spacer=5-10bp;gc,14.0
JADFWS010000059.1_4,C,C,C,S,ID=131_4;partial=00;start_type=ATG;rbs_motif=AGGAGG;rbs_spacer=3-4bp;gc_cont=0.511,ID=131_4;partial=00;start_type=ATG;rbs_motif=AGGAGG;rbs_spacer=3-4bp;gc,14.0
JACCQO010000001.1_41,C,C,C,S,ID=7_41;partial=00;start_type=ATG;rbs_motif=AGGAG;rbs_spacer=5-10bp;gc_cont=0.664,ID=7_41;partial=00;start_type=ATG;rbs_motif=AGGAG;rbs_spacer=5-10bp;gc,14.0
JACRJB010000078.1_45,C,C,C,A,ID=64_45;partial=00;start_type=GTG;rbs_motif=GGA/GAG/AGG;rbs_spacer=5-10bp;gc_cont=0.627,ID=64_45;partial=00;start_type=GTG;rbs_motif=GGA/GAG/AGG;rbs_spacer=5-10bp;gc,13.0
JACRPZ010000054.1_15,C,C,C,S,ID=27_15;partial=00;start_type=ATG;rbs_motif=AGGAGG;rbs_spacer=5-10bp;gc_cont=0.507,ID=27_15;partial=00;start_type=ATG;rbs_motif=AGGAGG;rbs_spacer=5-10bp;gc,14.0
JAEEJA010000001.1_79,K,C,C,G,ID=49_79;partial=00;start_type=GTG;rbs_motif=AGGAGG;rbs_spacer=5-10bp;gc_cont=0.368,ID=49_79;partial=00;start_type=GTG;rbs_motif=AGGAGG;rbs_spacer=5-10bp;gc,10.0
JADJBR010000004.1_121,C,C,C,A,ID=4_121;partial=00;start_type=ATG;rbs_motif=AGGAG;rbs_spacer=5-10bp;gc_cont=0.617,ID=4_121;partial=00;start_type=ATG;rbs_motif=AGGAG;rbs_spacer=5-10bp;gc,13.0
JADKHC010000021.1_25,C,C,C,S,ID=21_25;partial=00;start_type=ATG;rbs_motif=None;rbs_spacer=None;gc_cont=0.576,ID=21_25;partial=00;start_type=ATG;rbs_motif=None;rbs_spacer=None;gc,14.0
JAEULX010000019.1_3,C,C,C,A,ID=271_3;partial=00;start_type=ATG;rbs_motif=AGGAG;rbs_spacer=5-10bp;gc_cont=0.632,ID=271_3;partial=00;start_type=ATG;rbs_motif=AGGAG;rbs_spacer=5-10bp;gc,13.0
JAFGHA010000149.1_3,C,C,C,S,ID=250_3;partial=00;start_type=ATG;rbs_motif=AGGA;rbs_spacer=5-10bp;gc_cont=0.552,ID=250_3;partial=00;start_type=ATG;rbs_motif=AGGA;rbs_spacer=5-10bp;gc,14.0
JAFGWA010000028.1_19,C,C,C,S,ID=96_19;partial=00;start_type=ATG;rbs_motif=AGGAGG;rbs_spacer=5-10bp;gc_cont=0.461,ID=96_19;partial=00;start_type=ATG;rbs_motif=AGGAGG;rbs_spacer=5-10bp;gc,14.0
JAFOSK010000066.1_42,K,C,C,G,ID=109_42;partial=00;start_type=ATG;rbs_motif=GGAG/GAGG;rbs_spacer=5-10bp;gc_cont=0.439,ID=109_42;partial=00;start_type=ATG;rbs_motif=GGAG/GAGG;rbs_spacer=5-10bp;gc,10.0
JAFSZR010000048.1_22,K,C,C,G,ID=223_22;partial=00;start_type=ATG;rbs_motif=AGGAGG;rbs_spacer=5-10bp;gc_cont=0.396,ID=223_22;partial=00;start_type=ATG;rbs_motif=AGGAGG;rbs_spacer=5-10bp;gc,10.0
JAFWSY010000008.1_5,T,C,C,G,ID=159_5;partial=00;start_type=TTG;rbs_motif=GGAGG;rbs_spacer=5-10bp;gc_cont=0.384,ID=159_5;partial=00;start_type=TTG;rbs_motif=GGAGG;rbs_spacer=5-10bp;gc,10.0
JAFZKQ010000108.1_16,K,C,C,G,ID=115_16;partial=00;start_type=ATG;rbs_motif=None;rbs_spacer=None;gc_cont=0.503,ID=115_16;partial=00;start_type=ATG;rbs_motif=None;rbs_spacer=None;gc,10.0
JAGCDD010000009.1_15,A,C,C,V,ID=93_15;partial=00;start_type=ATG;rbs_motif=TAAA;rbs_spacer=12bp;gc_cont=0.489,ID=93_15;partial=00;start_type=ATG;rbs_motif=TAAA;rbs_spacer=12bp;gc,10.0
JAGBEJ010000012.1_63,A,C,C,G,ID=6_63;partial=00;start_type=ATG;rbs_motif=AAA;rbs_spacer=8bp;gc_cont=0.544,ID=6_63;partial=00;start_type=ATG;rbs_motif=AAA;rbs_spacer=8bp;gc,10.0
JAGOGJ010000064.1_14,C,C,C,A,ID=16_14;partial=00;start_type=ATG;rbs_motif=GGA/GAG/AGG;rbs_spacer=5-10bp;gc_cont=0.617,ID=16_14;partial=00;start_type=ATG;rbs_motif=GGA/GAG/AGG;rbs_spacer=5-10bp;gc,13.0
JAHDOI010000017.1_7,C,C,C,S,ID=66_7;partial=00;start_type=ATG;rbs_motif=AGGAG;rbs_spacer=5-10bp;gc_cont=0.618,ID=66_7;partial=00;start_type=ATG;rbs_motif=AGGAG;rbs_spacer=5-10bp;gc,14.0
JAHJIY010000006.1_57,C,C,C,S,ID=6_57;partial=00;start_type=ATG;rbs_motif=GGAG/GAGG;rbs_spacer=5-10bp;gc_cont=0.539,ID=6_57;partial=00;start_type=ATG;rbs_motif=GGAG/GAGG;rbs_spacer=5-10bp;gc,14.0
JAFLKM010000008.1_56,C,C,C,S,ID=7_56;partial=00;start_type=ATG;rbs_motif=GGAG/GAGG;rbs_spacer=5-10bp;gc_cont=0.535,ID=7_56;partial=00;start_type=ATG;rbs_motif=GGAG/GAGG;rbs_spacer=5-10bp;gc,14.0
JAIFLJ010000159.1_8,C,C,C,S,ID=213_8;partial=00;start_type=ATG;rbs_motif=GGA/GAG/AGG;rbs_spacer=5-10bp;gc_cont=0.568,ID=213_8;partial=00;start_type=ATG;rbs_motif=GGA/GAG/AGG;rbs_spacer=5-10bp;gc,14.0
JAGUVT010000060.1_5,C,C,C,S,ID=95_5;partial=00;start_type=ATG;rbs_motif=AGGAG;rbs_spacer=5-10bp;gc_cont=0.469,ID=95_5;partial=00;start_type=ATG;rbs_motif=AGGAG;rbs_spacer=5-10bp;gc,14.0
JACKCP010000019.1_11,C,C,C,S,ID=11_11;partial=00;start_type=ATG;rbs_motif=GGAG/GAGG;rbs_spacer=5-10bp;gc_cont=0.429,ID=11_11;partial=00;start_type=ATG;rbs_motif=GGAG/GAGG;rbs_spacer=5-10bp;gc,14.0
DYGR01000010.1_11,C,C,C,S,ID=20_11;partial=00;start_type=ATG;rbs_motif=AGGAG;rbs_spacer=5-10bp;gc_cont=0.514,ID=20_11;partial=00;start_type=ATG;rbs_motif=AGGAG;rbs_spacer=5-10bp;gc,14.0
JAJQAB010000072.1_11,K,C,C,G,ID=52_11;partial=00;start_type=ATG;rbs_motif=AGxAGG/AGGxGG;rbs_spacer=5-10bp;gc_cont=0.426,ID=52_11;partial=00;start_type=ATG;rbs_motif=AGxAGG/AGGxGG;rbs_spacer=5-10bp;gc,10.0
JAIPDO010000010.1_12,C,C,C,S,ID=92_12;partial=00;start_type=ATG;rbs_motif=AGGA;rbs_spacer=5-10bp;gc_cont=0.636,ID=92_12;partial=00;start_type=ATG;rbs_motif=AGGA;rbs_spacer=5-10bp;gc,14.0
JAJXXW010000012.1_6,C,C,C,S,ID=48_6;partial=00;start_type=ATG;rbs_motif=None;rbs_spacer=None;gc_cont=0.575,ID=48_6;partial=00;start_type=ATG;rbs_motif=None;rbs_spacer=None;gc,14.0
JAJYMO010000044.1_9,C,C,C,A,ID=100_9;partial=00;start_type=ATG;rbs_motif=AGGAG;rbs_spacer=5-10bp;gc_cont=0.491,ID=100_9;partial=00;start_type=ATG;rbs_motif=AGGAG;rbs_spacer=5-10bp;gc,13.0
JAJZZU010000300.1_1,C,C,C,A,ID=104_1;partial=10;start_type=ATG;rbs_motif=GGAG/GAGG;rbs_spacer=5-10bp;gc_cont=0.622,ID=104_1;partial=10;start_type=ATG;rbs_motif=GGAG/GAGG;rbs_spacer=5-10bp;gc,13.0
JAJZJW010000006.1_80,C,C,C,S,ID=4_80;partial=00;start_type=ATG;rbs_motif=AGGAGG;rbs_spacer=5-10bp;gc_cont=0.387,ID=4_80;partial=00;start_type=ATG;rbs_motif=AGGAGG;rbs_spacer=5-10bp;gc,14.0
JAKASO010000002.1_50,C,C,C,S,ID=5_50;partial=00;start_type=ATG;rbs_motif=GGAGG;rbs_spacer=5-10bp;gc_cont=0.393,ID=5_50;partial=00;start_type=ATG;rbs_motif=GGAGG;rbs_spacer=5-10bp;gc,14.0
JAKARS010000017.1_3,C,C,C,A,ID=11_3;partial=00;start_type=ATG;rbs_motif=GGAG/GAGG;rbs_spacer=5-10bp;gc_cont=0.569,ID=11_3;partial=00;start_type=ATG;rbs_motif=GGAG/GAGG;rbs_spacer=5-10bp;gc,13.0
JAKVOB010000001.1_645,T,C,C,G,ID=1_645;partial=00;start_type=GTG;rbs_motif=GGAGG;rbs_spacer=5-10bp;gc_cont=0.633,ID=1_645;partial=00;start_type=GTG;rbs_motif=GGAGG;rbs_spacer=5-10bp;gc,10.0
JALFCU010000028.1_31,K,C,C,G,ID=27_31;partial=00;start_type=ATG;rbs_motif=AGGAG/GGAGG;rbs_spacer=11-12bp;gc_cont=0.608,ID=27_31;partial=00;start_type=ATG;rbs_motif=AGGAG/GGAGG;rbs_spacer=11-12bp;gc,10.0
JALNYK010000005.1_22,C,C,C,S,ID=6_22;partial=00;start_type=ATG;rbs_motif=AGGAG;rbs_spacer=5-10bp;gc_cont=0.579,ID=6_22;partial=00;start_type=ATG;rbs_motif=AGGAG;rbs_spacer=5-10bp;gc,14.0
JAEWDM010000004.1_57,C,C,C,S,ID=6_57;partial=00;start_type=ATG;rbs_motif=AGGAGG;rbs_spacer=5-10bp;gc_cont=0.450,ID=6_57;partial=00;start_type=ATG;rbs_motif=AGGAGG;rbs_spacer=5-10bp;gc,14.0
JAEXAZ010000120.1_5,C,C,C,S,ID=320_5;partial=00;start_type=ATG;rbs_motif=AGGAGG;rbs_spacer=5-10bp;gc_cont=0.558,ID=320_5;partial=00;start_type=ATG;rbs_motif=AGGAGG;rbs_spacer=5-10bp;gc,14.0
JAEXFI010000024.1_203,C,C,C,S,ID=11_203;partial=00;start_type=ATG;rbs_motif=AGGAGG;rbs_spacer=5-10bp;gc_cont=0.473,ID=11_203;partial=00;start_type=ATG;rbs_motif=AGGAGG;rbs_spacer=5-10bp;gc,14.0
JAEYPA010000146.1_8,K,C,C,G,ID=107_8;partial=00;start_type=ATG;rbs_motif=GGAG/GAGG;rbs_spacer=5-10bp;gc_cont=0.394,ID=107_8;partial=00;start_type=ATG;rbs_motif=GGAG/GAGG;rbs_spacer=5-10bp;gc,10.0
JAEZKL010000017.1_35,C,C,C,S,ID=177_35;partial=00;start_type=ATG;rbs_motif=GGAGG;rbs_spacer=5-10bp;gc_cont=0.476,ID=177_35;partial=00;start_type=ATG;rbs_motif=GGAGG;rbs_spacer=5-10bp;gc,14.0
JAEZUI010000252.1_2,C,C,C,S,ID=123_2;partial=00;start_type=ATG;rbs_motif=AGGAGG;rbs_spacer=5-10bp;gc_cont=0.403,ID=123_2;partial=00;start_type=ATG;rbs_motif=AGGAGG;rbs_spacer=5-10bp;gc,14.0
JAEZCT010000019.1_49,C,C,C,S,ID=73_49;partial=00;start_type=ATG;rbs_motif=GGAGG;rbs_spacer=5-10bp;gc_cont=0.537,ID=73_49;partial=00;start_type=ATG;rbs_motif=GGAGG;rbs_spacer=5-10bp;gc,14.0
JAEZHI010000007.1_28,C,C,C,S,ID=4_28;partial=00;start_type=ATG;rbs_motif=GGAG/GAGG;rbs_spacer=5-10bp;gc_cont=0.625,ID=4_28;partial=00;start_type=ATG;rbs_motif=GGAG/GAGG;rbs_spacer=5-10bp;gc,14.0
JAEZVB010000091.1_19,C,C,C,S,ID=134_19;partial=00;start_type=ATG;rbs_motif=AGGAG;rbs_spacer=5-10bp;gc_cont=0.471,ID=134_19;partial=00;start_type=ATG;rbs_motif=AGGAG;rbs_spacer=5-10bp;gc,14.0
JAEWPQ010000256.1_3,C,C,C,S,ID=256_3;partial=00;start_type=ATG;rbs_motif=AGGAGG;rbs_spacer=5-10bp;gc_cont=0.462,ID=256_3;partial=00;start_type=ATG;rbs_motif=AGGAGG;rbs_spacer=5-10bp;gc,14.0
JACKNC010000003.1_586,C,C,C,S,ID=3_586;partial=00;start_type=ATG;rbs_motif=GGAG/GAGG;rbs_spacer=5-10bp;gc_cont=0.545,ID=3_586;partial=00;start_type=ATG;rbs_motif=GGAG/GAGG;rbs_spacer=5-10bp;gc,14.0
JAGXHG010000032.1_81,C,C,C,S,ID=9_81;partial=00;start_type=ATG;rbs_motif=GGAG/GAGG;rbs_spacer=5-10bp;gc_cont=0.515,ID=9_81;partial=00;start_type=ATG;rbs_motif=GGAG/GAGG;rbs_spacer=5-10bp;gc,14.0
JAILNW010000295.1_7,K,C,C,G,ID=283_7;partial=00;start_type=ATG;rbs_motif=AGGAGG;rbs_spacer=5-10bp;gc_cont=0.355,ID=283_7;partial=00;start_type=ATG;rbs_motif=AGGAGG;rbs_spacer=5-10bp;gc,10.0
JANJUM010000257.1_6,C,C,C,S,ID=139_6;partial=00;start_type=ATG;rbs_motif=AGGA;rbs_spacer=5-10bp;gc_cont=0.656,ID=139_6;partial=00;start_type=ATG;rbs_motif=AGGA;rbs_spacer=5-10bp;gc,14.0
FPJT01000003.1_148,G,C,C,G,ID=25_148;partial=00;start_type=ATG;rbs_motif=GGA/GAG/AGG;rbs_spacer=5-10bp;gc_cont=0.472,ID=25_148;partial=00;start_type=ATG;rbs_motif=GGA/GAG/AGG;rbs_spacer=5-10bp;gc,10.0
ONGS01000197.1_4,A,C,C,G,ID=213_4;partial=00;start_type=ATG;rbs_motif=GGAGG;rbs_spacer=5-10bp;gc_cont=0.416,ID=213_4;partial=00;start_type=ATG;rbs_motif=GGAGG;rbs_spacer=5-10bp;gc,10.0
CABIYE010000009.1_55,K,C,C,G,ID=9_55;partial=00;start_type=ATG;rbs_motif=AGGAGG;rbs_spacer=5-10bp;gc_cont=0.410,ID=9_55;partial=00;start_type=ATG;rbs_motif=AGGAGG;rbs_spacer=5-10bp;gc,10.0
CACXFV010000007.1_16,K,C,C,G,ID=7_16;partial=00;start_type=ATG;rbs_motif=AGGAGG;rbs_spacer=5-10bp;gc_cont=0.443,ID=7_16;partial=00;start_type=ATG;rbs_motif=AGGAGG;rbs_spacer=5-10bp;gc,10.0
CACZHK010000018.1_2,G,C,C,G,ID=18_2;partial=00;start_type=ATG;rbs_motif=AGGAGG;rbs_spacer=5-10bp;gc_cont=0.572,ID=18_2;partial=00;start_type=ATG;rbs_motif=AGGAGG;rbs_spacer=5-10bp;gc,10.0
CADAKQ010000012.1_10,K,C,C,G,ID=12_10;partial=00;start_type=ATG;rbs_motif=AGGAGG;rbs_spacer=5-10bp;gc_cont=0.406,ID=12_10;partial=00;start_type=ATG;rbs_motif=AGGAGG;rbs_spacer=5-10bp;gc,10.0
CAIJPS010000002.1_5,C,C,C,S,ID=2_5;partial=00;start_type=ATG;rbs_motif=None;rbs_spacer=None;gc_cont=0.523,ID=2_5;partial=00;start_type=ATG;rbs_motif=None;rbs_spacer=None;gc,14.0
CAIMPI010000015.1_139,C,C,C,S,ID=15_139;partial=00;start_type=ATG;rbs_motif=None;rbs_spacer=None;gc_cont=0.517,ID=15_139;partial=00;start_type=ATG;rbs_motif=None;rbs_spacer=None;gc,14.0
CAIPMW010000065.1_6,C,C,C,S,ID=65_6;partial=00;start_type=ATG;rbs_motif=None;rbs_spacer=None;gc_cont=0.528,ID=65_6;partial=00;start_type=ATG;rbs_motif=None;rbs_spacer=None;gc,14.0
CAIRFY010000310.1_5,C,C,C,S,ID=310_5;partial=00;start_type=ATG;rbs_motif=AGGAGG;rbs_spacer=5-10bp;gc_cont=0.610,ID=310_5;partial=00;start_type=ATG;rbs_motif=AGGAGG;rbs_spacer=5-10bp;gc,14.0
CAIUUR010000323.1_2,C,C,C,S,ID=323_2;partial=00;start_type=ATG;rbs_motif=AGGAG;rbs_spacer=5-10bp;gc_cont=0.579,ID=323_2;partial=00;start_type=ATG;rbs_motif=AGGAG;rbs_spacer=5-10bp;gc,14.0
CAIXKV010000105.1_8,C,C,C,A,ID=105_8;partial=00;start_type=ATG;rbs_motif=GGAG/GAGG;rbs_spacer=5-10bp;gc_cont=0.569,ID=105_8;partial=00;start_type=ATG;rbs_motif=GGAG/GAGG;rbs_spacer=5-10bp;gc,13.0
CAIZGR010000632.1_2,C,C,C,A,ID=632_2;partial=00;start_type=ATG;rbs_motif=GGAG/GAGG;rbs_spacer=5-10bp;gc_cont=0.648,ID=632_2;partial=00;start_type=ATG;rbs_motif=GGAG/GAGG;rbs_spacer=5-10bp;gc,13.0
CAJFUR010000087.1_11,C,C,C,G,ID=87_11;partial=00;start_type=ATG;rbs_motif=AGxAGG/AGGxGG;rbs_spacer=5-10bp;gc_cont=0.702,ID=87_11;partial=00;start_type=ATG;rbs_motif=AGxAGG/AGGxGG;rbs_spacer=5-10bp;gc,13.0
CAJWHT010000026.1_21,C,C,C,S,ID=26_21;partial=00;start_type=ATG;rbs_motif=GGAG/GAGG;rbs_spacer=5-10bp;gc_cont=0.573,ID=26_21;partial=00;start_type=ATG;rbs_motif=GGAG/GAGG;rbs_spacer=5-10bp;gc,14.0
CALZIH010000101.1_5,C,C,C,S,ID=101_5;partial=00;start_type=ATG;rbs_motif=GGAG/GAGG;rbs_spacer=5-10bp;gc_cont=0.522,ID=101_5;partial=00;start_type=ATG;rbs_motif=GGAG/GAGG;rbs_spacer=5-10bp;gc,14.0
NC_007498.2_2168,C,C,C,S,ID=1_2168;partial=00;start_type=ATG;rbs_motif=AGGAG;rbs_spacer=5-10bp;gc_cont=0.557,ID=1_2168;partial=00;start_type=ATG;rbs_motif=AGGAG;rbs_spacer=5-10bp;gc,14.0
NC_010524.1_1432,C,C,C,A,ID=1_1432;partial=00;start_type=ATG;rbs_motif=GGAG/GAGG;rbs_spacer=5-10bp;gc_cont=0.625,ID=1_1432;partial=00;start_type=ATG;rbs_motif=GGAG/GAGG;rbs_spacer=5-10bp;gc,13.0
NC_013173.1_833,C,C,C,S,ID=1_833;partial=00;start_type=ATG;rbs_motif=GGAG/GAGG;rbs_spacer=5-10bp;gc_cont=0.623,ID=1_833;partial=00;start_type=ATG;rbs_motif=GGAG/GAGG;rbs_spacer=5-10bp;gc,14.0
NC_014664.1_1950,C,C,C,A,ID=1_1950;partial=00;start_type=ATG;rbs_motif=AGGA;rbs_spacer=5-10bp;gc_cont=0.599,ID=1_1950;partial=00;start_type=ATG;rbs_motif=AGGA;rbs_spacer=5-10bp;gc,13.0
NC_014734.1_1436,C,C,C,S,ID=1_1436;partial=00;start_type=ATG;rbs_motif=TAAA;rbs_spacer=11bp;gc_cont=0.428,ID=1_1436;partial=00;start_type=ATG;rbs_motif=TAAA;rbs_spacer=11bp;gc,14.0
NZ_AGFG01000060.1_115,C,C,C,S,ID=25_115;partial=00;start_type=ATG;rbs_motif=GGA/GAG/AGG;rbs_spacer=5-10bp;gc_cont=0.645,ID=25_115;partial=00;start_type=ATG;rbs_motif=GGA/GAG/AGG;rbs_spacer=5-10bp;gc,14.0
NZ_AGRW01000050.1_10,K,C,C,G,ID=7_10;partial=00;start_type=ATG;rbs_motif=GGAG/GAGG;rbs_spacer=5-10bp;gc_cont=0.553,ID=7_10;partial=00;start_type=ATG;rbs_motif=GGAG/GAGG;rbs_spacer=5-10bp;gc,10.0
NZ_CP013949.1_6376,C,C,C,A,ID=1_6376;partial=00;start_type=ATG;rbs_motif=GGA/GAG/AGG;rbs_spacer=5-10bp;gc_cont=0.561,ID=1_6376;partial=00;start_type=ATG;rbs_motif=GGA/GAG/AGG;rbs_spacer=5-10bp;gc,13.0
NZ_BADL01000543.1_36,C,C,C,A,ID=89_36;partial=00;start_type=ATG;rbs_motif=GGAG/GAGG;rbs_spacer=5-10bp;gc_cont=0.629,ID=89_36;partial=00;start_type=ATG;rbs_motif=GGAG/GAGG;rbs_spacer=5-10bp;gc,13.0
NZ_AQWP01000008.1_11,C,C,C,A,ID=8_11;partial=00;start_type=ATG;rbs_motif=GGA/GAG/AGG;rbs_spacer=5-10bp;gc_cont=0.593,ID=8_11;partial=00;start_type=ATG;rbs_motif=GGA/GAG/AGG;rbs_spacer=5-10bp;gc,13.0
NZ_ATTQ01000044.1_15,C,C,C,A,ID=44_15;partial=00;start_type=ATG;rbs_motif=GGAG/GAGG;rbs_spacer=5-10bp;gc_cont=0.575,ID=44_15;partial=00;start_type=ATG;rbs_motif=GGAG/GAGG;rbs_spacer=5-10bp;gc,13.0
NZ_KE384413.1_108,C,C,C,S,ID=10_108;partial=00;start_type=ATG;rbs_motif=AGGAG;rbs_spacer=5-10bp;gc_cont=0.624,ID=10_108;partial=00;start_type=ATG;rbs_motif=AGGAG;rbs_spacer=5-10bp;gc,14.0
NZ_AUCV01000044.1_39,C,C,C,S,ID=38_39;partial=00;start_type=ATG;rbs_motif=AGGAG;rbs_spacer=5-10bp;gc_cont=0.469,ID=38_39;partial=00;start_type=ATG;rbs_motif=AGGAG;rbs_spacer=5-10bp;gc,14.0
NZ_AXAZ01000002.1_171,C,C,C,A,ID=2_171;partial=00;start_type=ATG;rbs_motif=AGGA;rbs_spacer=5-10bp;gc_cont=0.560,ID=2_171;partial=00;start_type=ATG;rbs_motif=AGGA;rbs_spacer=5-10bp;gc,13.0
NZ_JAEX01000002.1_46,C,C,C,S,ID=2_46;partial=00;start_type=ATG;rbs_motif=AGGA;rbs_spacer=5-10bp;gc_cont=0.667,ID=2_46;partial=00;start_type=ATG;rbs_motif=AGGA;rbs_spacer=5-10bp;gc,14.0
NZ_JHZB01000027.1_35,C,C,C,S,ID=26_35;partial=00;start_type=ATG;rbs_motif=GGAG/GAGG;rbs_spacer=5-10bp;gc_cont=0.639,ID=26_35;partial=00;start_type=ATG;rbs_motif=GGAG/GAGG;rbs_spacer=5-10bp;gc,14.0
NZ_JMQN01000047.1_25,C,C,C,S,ID=47_25;partial=00;start_type=ATG;rbs_motif=GGAGG;rbs_spacer=5-10bp;gc_cont=0.557,ID=47_25;partial=00;start_type=ATG;rbs_motif=GGAGG;rbs_spacer=5-10bp;gc,14.0
NZ_JQCR01000003.1_2422,C,C,C,S,ID=3_2422;partial=00;start_type=ATG;rbs_motif=AGGAGG;rbs_spacer=5-10bp;gc_cont=0.475,ID=3_2422;partial=00;start_type=ATG;rbs_motif=AGGAGG;rbs_spacer=5-10bp;gc,14.0
NZ_JXXD01000121.1_3,C,C,C,S,ID=25_3;partial=00;start_type=ATG;rbs_motif=AGGAG;rbs_spacer=5-10bp;gc_cont=0.620,ID=25_3;partial=00;start_type=ATG;rbs_motif=AGGAG;rbs_spacer=5-10bp;gc,14.0
NZ_LCYG01000090.1_10,C,C,C,A,ID=156_10;partial=00;start_type=ATG;rbs_motif=GGAG/GAGG;rbs_spacer=5-10bp;gc_cont=0.609,ID=156_10;partial=00;start_type=ATG;rbs_motif=GGAG/GAGG;rbs_spacer=5-10bp;gc,13.0
NZ_BBCC01000105.1_12,C,C,C,S,ID=105_12;partial=00;start_type=ATG;rbs_motif=GGAG/GAGG;rbs_spacer=5-10bp;gc_cont=0.561,ID=105_12;partial=00;start_type=ATG;rbs_motif=GGAG/GAGG;rbs_spacer=5-10bp;gc,14.0
NZ_BCTC01000221.1_2,C,C,C,A,ID=221_2;partial=01;start_type=ATG;rbs_motif=GGAG/GAGG;rbs_spacer=5-10bp;gc_cont=0.648,ID=221_2;partial=01;start_type=ATG;rbs_motif=GGAG/GAGG;rbs_spacer=5-10bp;gc,13.0
NZ_CP015137.1_1247,C,C,C,S,ID=1_1247;partial=00;start_type=ATG;rbs_motif=GGAGG;rbs_spacer=5-10bp;gc_cont=0.599,ID=1_1247;partial=00;start_type=ATG;rbs_motif=GGAGG;rbs_spacer=5-10bp;gc,14.0
NZ_CP014671.1_50,C,C,C,A,ID=1_50;partial=00;start_type=ATG;rbs_motif=AGGAG;rbs_spacer=5-10bp;gc_cont=0.626,ID=1_50;partial=00;start_type=ATG;rbs_motif=AGGAG;rbs_spacer=5-10bp;gc,13.0
NZ_LZQD01000005.1_184,C,C,C,S,ID=45_184;partial=00;start_type=ATG;rbs_motif=GGAG/GAGG;rbs_spacer=5-10bp;gc_cont=0.439,ID=45_184;partial=00;start_type=ATG;rbs_motif=GGAG/GAGG;rbs_spacer=5-10bp;gc,14.0
NZ_LZZM01000215.1_14,C,C,C,S,ID=215_14;partial=00;start_type=ATG;rbs_motif=GGAGG;rbs_spacer=5-10bp;gc_cont=0.327,ID=215_14;partial=00;start_type=ATG;rbs_motif=GGAGG;rbs_spacer=5-10bp;gc,14.0
NZ_CP021138.1_152,C,C,C,A,ID=1_152;partial=00;start_type=ATG;rbs_motif=AGGAG;rbs_spacer=5-10bp;gc_cont=0.555,ID=1_152;partial=00;start_type=ATG;rbs_motif=AGGAG;rbs_spacer=5-10bp;gc,13.0
NZ_CP023069.1_372,C,C,C,A,ID=2_372;partial=00;start_type=ATG;rbs_motif=AGxAGG/AGGxGG;rbs_spacer=5-10bp;gc_cont=0.636,ID=2_372;partial=00;start_type=ATG;rbs_motif=AGxAGG/AGGxGG;rbs_spacer=5-10bp;gc,13.0
NZ_NWSV01000051.1_7,C,C,C,A,ID=46_7;partial=00;start_type=ATG;rbs_motif=GGA/GAG/AGG;rbs_spacer=5-10bp;gc_cont=0.591,ID=46_7;partial=00;start_type=ATG;rbs_motif=GGA/GAG/AGG;rbs_spacer=5-10bp;gc,13.0
NZ_PNXY01000002.1_313,C,C,C,A,ID=92_313;partial=00;start_type=GTG;rbs_motif=AGGAG;rbs_spacer=5-10bp;gc_cont=0.605,ID=92_313;partial=00;start_type=GTG;rbs_motif=AGGAG;rbs_spacer=5-10bp;gc,13.0
NZ_PVNB01000007.1_61,C,C,C,S,ID=7_61;partial=00;start_type=ATG;rbs_motif=AGGAGG;rbs_spacer=5-10bp;gc_cont=0.352,ID=7_61;partial=00;start_type=ATG;rbs_motif=AGGAGG;rbs_spacer=5-10bp;gc,14.0
NZ_LGRA01000018.1_539,C,C,C,A,ID=3_539;partial=00;start_type=ATG;rbs_motif=AGGAG;rbs_spacer=5-10bp;gc_cont=0.624,ID=3_539;partial=00;start_type=ATG;rbs_motif=AGGAG;rbs_spacer=5-10bp;gc,13.0
NZ_QHHQ01000003.1_352,C,C,C,A,ID=23_352;partial=00;start_type=ATG;rbs_motif=GGAG/GAGG;rbs_spacer=5-10bp;gc_cont=0.646,ID=23_352;partial=00;start_type=ATG;rbs_motif=GGAG/GAGG;rbs_spacer=5-10bp;gc,13.0
NZ_QRCT01000034.1_290,C,C,C,S,ID=34_290;partial=00;start_type=ATG;rbs_motif=GGAGG;rbs_spacer=5-10bp;gc_cont=0.352,ID=34_290;partial=00;start_type=ATG;rbs_motif=GGAGG;rbs_spacer=5-10bp;gc,14.0
NZ_QWDD01000001.1_790,C,C,C,A,ID=1_790;partial=00;start_type=ATG;rbs_motif=GGAG/GAGG;rbs_spacer=5-10bp;gc_cont=0.599,ID=1_790;partial=00;start_type=ATG;rbs_motif=GGAG/GAGG;rbs_spacer=5-10bp;gc,13.0
NZ_RXYK01000004.1_46,C,C,C,S,ID=54_46;partial=00;start_type=ATG;rbs_motif=None;rbs_spacer=None;gc_cont=0.555,ID=54_46;partial=00;start_type=ATG;rbs_motif=None;rbs_spacer=None;gc,14.0
NZ_CP035283.1_2363,T,C,C,G,ID=1_2363;partial=00;start_type=ATG;rbs_motif=AGxAGG/AGGxGG;rbs_spacer=5-10bp;gc_cont=0.552,ID=1_2363;partial=00;start_type=ATG;rbs_motif=AGxAGG/AGGxGG;rbs_spacer=5-10bp;gc,10.0
NZ_SJPA01000001.1_403,C,C,C,S,ID=14_403;partial=00;start_type=ATG;rbs_motif=None;rbs_spacer=None;gc_cont=0.640,ID=14_403;partial=00;start_type=ATG;rbs_motif=None;rbs_spacer=None;gc,14.0
NZ_SNWA01000003.1_174,C,C,C,A,ID=3_174;partial=00;start_type=GTG;rbs_motif=AGGAG;rbs_spacer=5-10bp;gc_cont=0.606,ID=3_174;partial=00;start_type=GTG;rbs_motif=AGGAG;rbs_spacer=5-10bp;gc,13.0
NZ_SMYZ01000081.1_105,C,C,C,A,ID=232_105;partial=00;start_type=ATG;rbs_motif=None;rbs_spacer=None;gc_cont=0.590,ID=232_105;partial=00;start_type=ATG;rbs_motif=None;rbs_spacer=None;gc,13.0
NZ_VDCI01000001.1_513,C,C,C,S,ID=11_513;partial=00;start_type=ATG;rbs_motif=None;rbs_spacer=None;gc_cont=0.561,ID=11_513;partial=00;start_type=ATG;rbs_motif=None;rbs_spacer=None;gc,14.0
NZ_VITI01000001.1_68,C,C,C,A,ID=1_68;partial=00;start_type=ATG;rbs_motif=AGGAG;rbs_spacer=5-10bp;gc_cont=0.634,ID=1_68;partial=00;start_type=ATG;rbs_motif=AGGAG;rbs_spacer=5-10bp;gc,13.0
NZ_VSTH01000052.1_30,C,C,C,A,ID=264_30;partial=00;start_type=ATG;rbs_motif=GGA/GAG/AGG;rbs_spacer=5-10bp;gc_cont=0.573,ID=264_30;partial=00;start_type=ATG;rbs_motif=GGA/GAG/AGG;rbs_spacer=5-10bp;gc,13.0
NZ_WHNX01000037.1_9,C,C,C,S,ID=30_9;partial=00;start_type=ATG;rbs_motif=AGGAG;rbs_spacer=5-10bp;gc_cont=0.349,ID=30_9;partial=00;start_type=ATG;rbs_motif=AGGAG;rbs_spacer=5-10bp;gc,14.0
NZ_CP046400.1_1870,C,C,C,S,ID=1_1870;partial=00;start_type=ATG;rbs_motif=GGAG/GAGG;rbs_spacer=5-10bp;gc_cont=0.638,ID=1_1870;partial=00;start_type=ATG;rbs_motif=GGAG/GAGG;rbs_spacer=5-10bp;gc,14.0
NZ_VOPZ01000006.1_231,C,C,C,S,ID=97_231;partial=00;start_type=ATG;rbs_motif=AGGAG;rbs_spacer=5-10bp;gc_cont=0.555,ID=97_231;partial=00;start_type=ATG;rbs_motif=AGGAG;rbs_spacer=5-10bp;gc,14.0
NZ_JAASQS010000009.1_274,C,C,C,S,ID=9_274;partial=00;start_type=ATG;rbs_motif=GGA/GAG/AGG;rbs_spacer=5-10bp;gc_cont=0.612,ID=9_274;partial=00;start_type=ATG;rbs_motif=GGA/GAG/AGG;rbs_spacer=5-10bp;gc,14.0
NZ_JAAVLW010000001.1_178,C,C,C,A,ID=1_178;partial=00;start_type=ATG;rbs_motif=AGGA;rbs_spacer=5-10bp;gc_cont=0.571,ID=1_178;partial=00;start_type=ATG;rbs_motif=AGGA;rbs_spacer=5-10bp;gc,13.0
NZ_VYGV01000025.1_230,C,C,C,A,ID=27_230;partial=00;start_type=ATG;rbs_motif=GGAG/GAGG;rbs_spacer=5-10bp;gc_cont=0.625,ID=27_230;partial=00;start_type=ATG;rbs_motif=GGAG/GAGG;rbs_spacer=5-10bp;gc,13.0
NZ_JACIGK010000009.1_92,C,C,C,A,ID=9_92;partial=00;start_type=ATG;rbs_motif=GGAG/GAGG;rbs_spacer=5-10bp;gc_cont=0.669,ID=9_92;partial=00;start_type=ATG;rbs_motif=GGAG/GAGG;rbs_spacer=5-10bp;gc,13.0
NZ_JAANIH010000004.1_8,C,C,C,A,ID=426_8;partial=00;start_type=ATG;rbs_motif=GGA/GAG/AGG;rbs_spacer=5-10bp;gc_cont=0.614,ID=426_8;partial=00;start_type=ATG;rbs_motif=GGA/GAG/AGG;rbs_spacer=5-10bp;gc,13.0
NZ_JACJTO010000029.1_5,C,C,C,S,ID=22_5;partial=00;start_type=ATG;rbs_motif=AGGAG;rbs_spacer=5-10bp;gc_cont=0.424,ID=22_5;partial=00;start_type=ATG;rbs_motif=AGGAG;rbs_spacer=5-10bp;gc,14.0
NZ_JADNRQ010000006.1_111,C,C,C,S,ID=104_111;partial=00;start_type=ATG;rbs_motif=AGGAG;rbs_spacer=5-10bp;gc_cont=0.545,ID=104_111;partial=00;start_type=ATG;rbs_motif=AGGAG;rbs_spacer=5-10bp;gc,14.0
NZ_NRRU01000140.1_8,C,C,C,A,ID=140_8;partial=00;start_type=ATG;rbs_motif=AGGAG;rbs_spacer=5-10bp;gc_cont=0.653,ID=140_8;partial=00;start_type=ATG;rbs_motif=AGGAG;rbs_spacer=5-10bp;gc,13.0
NZ_AP023257.1_6126,C,C,C,A,ID=1_6126;partial=00;start_type=ATG;rbs_motif=GGA/GAG/AGG;rbs_spacer=5-10bp;gc_cont=0.592,ID=1_6126;partial=00;start_type=ATG;rbs_motif=GGA/GAG/AGG;rbs_spacer=5-10bp;gc,13.0
NZ_CP071458.1_204,C,C,C,A,ID=5_204;partial=00;start_type=ATG;rbs_motif=GGAG/GAGG;rbs_spacer=5-10bp;gc_cont=0.544,ID=5_204;partial=00;start_type=ATG;rbs_motif=GGAG/GAGG;rbs_spacer=5-10bp;gc,13.0
NZ_JAGINQ010000003.1_306,C,C,C,A,ID=3_306;partial=00;start_type=ATG;rbs_motif=AGGAG;rbs_spacer=5-10bp;gc_cont=0.630,ID=3_306;partial=00;start_type=ATG;rbs_motif=AGGAG;rbs_spacer=5-10bp;gc,13.0
NZ_CP054856.1_1712,C,C,C,A,ID=1_1712;partial=00;start_type=ATG;rbs_motif=GGAGG;rbs_spacer=5-10bp;gc_cont=0.627,ID=1_1712;partial=00;start_type=ATG;rbs_motif=GGAGG;rbs_spacer=5-10bp;gc,13.0
NZ_JAHLQC010000008.1_41,K,C,C,G,ID=8_41;partial=00;start_type=ATG;rbs_motif=AGGAGG;rbs_spacer=5-10bp;gc_cont=0.351,ID=8_41;partial=00;start_type=ATG;rbs_motif=AGGAGG;rbs_spacer=5-10bp;gc,10.0
NZ_JAHCMB010000061.1_26,C,C,C,S,ID=151_26;partial=00;start_type=ATG;rbs_motif=AGxAGG/AGGxGG;rbs_spacer=5-10bp;gc_cont=0.536,ID=151_26;partial=00;start_type=ATG;rbs_motif=AGxAGG/AGGxGG;rbs_spacer=5-10bp;gc,14.0
NZ_JAIVKM010000001.1_958,C,C,C,S,ID=1_958;partial=00;start_type=ATG;rbs_motif=GGAGG;rbs_spacer=5-10bp;gc_cont=0.499,ID=1_958;partial=00;start_type=ATG;rbs_motif=GGAGG;rbs_spacer=5-10bp;gc,14.0
NZ_CP088156.1_6781,C,C,C,A,ID=1_6781;partial=00;start_type=ATG;rbs_motif=GGAG/GAGG;rbs_spacer=5-10bp;gc_cont=0.619,ID=1_6781;partial=00;start_type=ATG;rbs_motif=GGAG/GAGG;rbs_spacer=5-10bp;gc,13.0
NZ_CP091913.1_2922,C,C,C,S,ID=1_2922;partial=00;start_type=ATG;rbs_motif=GGA/GAG/AGG;rbs_spacer=5-10bp;gc_cont=0.452,ID=1_2922;partial=00;start_type=ATG;rbs_motif=GGA/GAG/AGG;rbs_spacer=5-10bp;gc,14.0
NZ_JALHLG010000003.1_223,C,C,C,A,ID=32_223;partial=00;start_type=ATG;rbs_motif=AGGAG;rbs_spacer=5-10bp;gc_cont=0.612,ID=32_223;partial=00;start_type=ATG;rbs_motif=AGGAG;rbs_spacer=5-10bp;gc,13.0
NZ_JAMJXC010000030.1_51,C,C,C,A,ID=27_51;partial=00;start_type=ATG;rbs_motif=GGA/GAG/AGG;rbs_spacer=5-10bp;gc_cont=0.631,ID=27_51;partial=00;start_type=ATG;rbs_motif=GGA/GAG/AGG;rbs_spacer=5-10bp;gc,13.0
NZ_JAMBPQ010000011.1_5,C,C,C,A,ID=3_5;partial=00;start_type=ATG;rbs_motif=AGGAG;rbs_spacer=5-10bp;gc_cont=0.537,ID=3_5;partial=00;start_type=ATG;rbs_motif=AGGAG;rbs_spacer=5-10bp;gc,13.0
NZ_FCOQ01000019.1_2,C,C,C,S,ID=19_2;partial=00;start_type=GTG;rbs_motif=AGGAGG;rbs_spacer=5-10bp;gc_cont=0.599,ID=19_2;partial=00;start_type=GTG;rbs_motif=AGGAGG;rbs_spacer=5-10bp;gc,14.0
NZ_FNBX01000016.1_20,C,C,C,S,ID=31_20;partial=00;start_type=ATG;rbs_motif=GGAG/GAGG;rbs_spacer=5-10bp;gc_cont=0.626,ID=31_20;partial=00;start_type=ATG;rbs_motif=GGAG/GAGG;rbs_spacer=5-10bp;gc,14.0
NZ_FOAT01000004.1_151,T,C,C,G,ID=15_151;partial=00;start_type=ATG;rbs_motif=AGGAG;rbs_spacer=5-10bp;gc_cont=0.470,ID=15_151;partial=00;start_type=ATG;rbs_motif=AGGAG;rbs_spacer=5-10bp;gc,10.0
NZ_FOTI01000014.1_18,C,C,C,S,ID=35_18;partial=00;start_type=ATG;rbs_motif=GGAGG;rbs_spacer=5-10bp;gc_cont=0.371,ID=35_18;partial=00;start_type=ATG;rbs_motif=GGAGG;rbs_spacer=5-10bp;gc,14.0
NZ_FQZD01000024.1_13,C,C,C,S,ID=24_13;partial=00;start_type=ATG;rbs_motif=AGGAGG;rbs_spacer=11-12bp;gc_cont=0.463,ID=24_13;partial=00;start_type=ATG;rbs_motif=AGGAGG;rbs_spacer=11-12bp;gc,14.0
NZ_FTOG01000008.1_111,C,C,C,A,ID=6_111;partial=00;start_type=ATG;rbs_motif=AGGA;rbs_spacer=5-10bp;gc_cont=0.594,ID=6_111;partial=00;start_type=ATG;rbs_motif=AGGA;rbs_spacer=5-10bp;gc,13.0
NZ_FYDG01000006.1_12,C,C,C,A,ID=53_12;partial=00;start_type=ATG;rbs_motif=GGAG/GAGG;rbs_spacer=5-10bp;gc_cont=0.609,ID=53_12;partial=00;start_type=ATG;rbs_motif=GGAG/GAGG;rbs_spacer=5-10bp;gc,13.0
NZ_UPPP01000074.1_56,C,C,C,S,ID=120_56;partial=00;start_type=ATG;rbs_motif=AGGAG;rbs_spacer=5-10bp;gc_cont=0.540,ID=120_56;partial=00;start_type=ATG;rbs_motif=AGGAG;rbs_spacer=5-10bp;gc,14.0
NZ_CAKKNB010000001.1_1434,C,C,C,A,ID=1_1434;partial=00;start_type=ATG;rbs_motif=GGAG/GAGG;rbs_spacer=5-10bp;gc_cont=0.612,ID=1_1434;partial=00;start_type=ATG;rbs_motif=GGAG/GAGG;rbs_spacer=5-10bp;gc,13.0
QKAR01000043.1_9,C,C,C,S,ID=85_9;partial=00;start_type=ATG;rbs_motif=AGGAG;rbs_spacer=5-10bp;gc_cont=0.603,ID=85_9;partial=00;start_type=ATG;rbs_motif=AGGAG;rbs_spacer=5-10bp;gc,14.0
JAHZCJ010000002.1_291,C,C,C,S,ID=7_291;partial=00;start_type=ATG;rbs_motif=AGGA;rbs_spacer=5-10bp;gc_cont=0.569,ID=7_291;partial=00;start_type=ATG;rbs_motif=AGGA;rbs_spacer=5-10bp;gc,14.0
JAEYKI010000006.1_104,C,C,C,S,ID=1_104;partial=00;start_type=ATG;rbs_motif=AGGAGG;rbs_spacer=5-10bp;gc_cont=0.510,ID=1_104;partial=00;start_type=ATG;rbs_motif=AGGAGG;rbs_spacer=5-10bp;gc,14.0
CAIMPI010000031.1_92,C,C,C,S,ID=31_92;partial=00;start_type=ATG;rbs_motif=None;rbs_spacer=None;gc_cont=0.460,ID=31_92;partial=00;start_type=ATG;rbs_motif=None;rbs_spacer=None;gc,14.0
NZ_AEEA01000019.1_83,C,C,C,S,ID=174_83;partial=00;start_type=ATG;rbs_motif=AGGAG;rbs_spacer=5-10bp;gc_cont=0.523,ID=174_83;partial=00;start_type=ATG;rbs_motif=AGGAG;rbs_spacer=5-10bp;gc,14.0
NZ_CP012946.1_2851,C,C,C,S,ID=1_2851;partial=00;start_type=ATG;rbs_motif=GGA/GAG/AGG;rbs_spacer=5-10bp;gc_cont=0.632,ID=1_2851;partial=00;start_type=ATG;rbs_motif=GGA/GAG/AGG;rbs_spacer=5-10bp;gc,14.0
NZ_AP018449.1_647,C,C,C,S,ID=1_647;partial=00;start_type=ATG;rbs_motif=AGGAG;rbs_spacer=5-10bp;gc_cont=0.543,ID=1_647;partial=00;start_type=ATG;rbs_motif=AGGAG;rbs_spacer=5-10bp;gc,14.0
NZ_JACHGO010000001.1_25,C,C,C,S,ID=1_25;partial=00;start_type=ATG;rbs_motif=GGAG/GAGG;rbs_spacer=5-10bp;gc_cont=0.548,ID=1_25;partial=00;start_type=ATG;rbs_motif=GGAG/GAGG;rbs_spacer=5-10bp;gc,14.0
NZ_FNHB01000004.1_37,C,C,C,S,ID=9_37;partial=00;start_type=ATG;rbs_motif=AGGAG;rbs_spacer=5-10bp;gc_cont=0.500,ID=9_37;partial=00;start_type=ATG;rbs_motif=AGGAG;rbs_spacer=5-10bp;gc,14.0
DAGC01000002.1_85,C,C,C,S,ID=11_85;partial=00;start_type=ATG;rbs_motif=AGGA;rbs_spacer=5-10bp;gc_cont=0.473,ID=11_85;partial=00;start_type=ATG;rbs_motif=AGGA;rbs_spacer=5-10bp;gc,14.0
NZ_KB910518.1_2914,C,C,C,S,ID=1_2914;partial=00;start_type=ATG;rbs_motif=GGAGG;rbs_spacer=5-10bp;gc_cont=0.528,ID=1_2914;partial=00;start_type=ATG;rbs_motif=GGAGG;rbs_spacer=5-10bp;gc,14.0
JAFEDJ010000039.1_38,C,C,C,S,ID=32_38;partial=00;start_type=ATG;rbs_motif=GGA/GAG/AGG;rbs_spacer=5-10bp;gc_cont=0.620,ID=32_38;partial=00;start_type=ATG;rbs_motif=GGA/GAG/AGG;rbs_spacer=5-10bp;gc,14.0
NZ_JAECZA010000233.1_6,C,C,C,S,ID=161_6;partial=00;start_type=ATG;rbs_motif=AGGAG;rbs_spacer=5-10bp;gc_cont=0.449,ID=161_6;partial=00;start_type=ATG;rbs_motif=AGGAG;rbs_spacer=5-10bp;gc,14.0
NZ_CP044205.1_362,C,C,C,S,ID=1_362;partial=00;start_type=ATG;rbs_motif=AGGAG;rbs_spacer=5-10bp;gc_cont=0.567,ID=1_362;partial=00;start_type=ATG;rbs_motif=AGGAG;rbs_spacer=5-10bp;gc,14.0
ATWE01000054.1_3,C,C,C,A,ID=54_3;partial=00;start_type=ATG;rbs_motif=GGA/GAG/AGG;rbs_spacer=5-10bp;gc_cont=0.583,ID=54_3;partial=00;start_type=ATG;rbs_motif=GGA/GAG/AGG;rbs_spacer=5-10bp;gc,13.0
AP014683.1_1377,C,C,C,A,ID=1_1377;partial=00;start_type=ATG;rbs_motif=GGAG/GAGG;rbs_spacer=5-10bp;gc_cont=0.608,ID=1_1377;partial=00;start_type=ATG;rbs_motif=GGAG/GAGG;rbs_spacer=5-10bp;gc,13.0
LOEZ01000019.1_86,C,C,C,S,ID=19_86;partial=00;start_type=ATG;rbs_motif=AGGAGG;rbs_spacer=5-10bp;gc_cont=0.432,ID=19_86;partial=00;start_type=ATG;rbs_motif=AGGAGG;rbs_spacer=5-10bp;gc,14.0
LVKA01000021.1_4,C,C,C,S,ID=21_4;partial=00;start_type=ATG;rbs_motif=AGGAG;rbs_spacer=5-10bp;gc_cont=0.497,ID=21_4;partial=00;start_type=ATG;rbs_motif=AGGAG;rbs_spacer=5-10bp;gc,14.0
MHEK01000093.1_2,C,C,C,A,ID=93_2;partial=00;start_type=ATG;rbs_motif=GGAG/GAGG;rbs_spacer=5-10bp;gc_cont=0.641,ID=93_2;partial=00;start_type=ATG;rbs_motif=GGAG/GAGG;rbs_spacer=5-10bp;gc,13.0
MVRL01000089.1_12,C,C,C,S,ID=89_12;partial=00;start_type=ATG;rbs_motif=GGAGG;rbs_spacer=5-10bp;gc_cont=0.563,ID=89_12;partial=00;start_type=ATG;rbs_motif=GGAGG;rbs_spacer=5-10bp;gc,14.0
DBMM01000094.1_4,C,C,C,S,ID=97_4;partial=00;start_type=ATG;rbs_motif=AGGAG;rbs_spacer=5-10bp;gc_cont=0.563,ID=97_4;partial=00;start_type=ATG;rbs_motif=AGGAG;rbs_spacer=5-10bp;gc,14.0
DCFR01000082.1_11,C,C,C,S,ID=69_11;partial=00;start_type=ATG;rbs_motif=AGxAGG/AGGxGG;rbs_spacer=5-10bp;gc_cont=0.484,ID=69_11;partial=00;start_type=ATG;rbs_motif=AGxAGG/AGGxGG;rbs_spacer=5-10bp;gc,14.0
DFEB01000079.1_4,C,C,C,G,ID=15_4;partial=00;start_type=ATG;rbs_motif=GGAG/GAGG;rbs_spacer=5-10bp;gc_cont=0.500,ID=15_4;partial=00;start_type=ATG;rbs_motif=GGAG/GAGG;rbs_spacer=5-10bp;gc,13.0
DHBS01000007.1_79,C,C,C,S,ID=28_79;partial=00;start_type=ATG;rbs_motif=AGGAG;rbs_spacer=5-10bp;gc_cont=0.566,ID=28_79;partial=00;start_type=ATG;rbs_motif=AGGAG;rbs_spacer=5-10bp;gc,14.0
DIGE01000018.1_162,C,C,C,S,ID=3_162;partial=00;start_type=ATG;rbs_motif=AGGA;rbs_spacer=5-10bp;gc_cont=0.593,ID=3_162;partial=00;start_type=ATG;rbs_motif=AGGA;rbs_spacer=5-10bp;gc,14.0
DJPV01000049.1_17,C,C,C,G,ID=16_17;partial=00;start_type=ATG;rbs_motif=AGGAGG;rbs_spacer=5-10bp;gc_cont=0.465,ID=16_17;partial=00;start_type=ATG;rbs_motif=AGGAGG;rbs_spacer=5-10bp;gc,13.0
DAYL01000034.1_76,C,C,C,S,ID=3_76;partial=00;start_type=ATG;rbs_motif=GGAG/GAGG;rbs_spacer=5-10bp;gc_cont=0.616,ID=3_76;partial=00;start_type=ATG;rbs_motif=GGAG/GAGG;rbs_spacer=5-10bp;gc,14.0
PHAA01000005.1_63,C,C,C,S,ID=8_63;partial=00;start_type=ATG;rbs_motif=GGAGG;rbs_spacer=5-10bp;gc_cont=0.419,ID=8_63;partial=00;start_type=ATG;rbs_motif=GGAGG;rbs_spacer=5-10bp;gc,14.0
PKTZ01000161.1_21,C,C,C,S,ID=54_21;partial=00;start_type=ATG;rbs_motif=AGGAG;rbs_spacer=5-10bp;gc_cont=0.595,ID=54_21;partial=00;start_type=ATG;rbs_motif=AGGAG;rbs_spacer=5-10bp;gc,14.0
QBVD01000032.1_18,C,C,C,S,ID=109_18;partial=00;start_type=ATG;rbs_motif=GGAGG;rbs_spacer=5-10bp;gc_cont=0.566,ID=109_18;partial=00;start_type=ATG;rbs_motif=GGAGG;rbs_spacer=5-10bp;gc,14.0
PMCB01000075.1_12,-,C,C,S,ID=87_12;partial=00;start_type=ATG;rbs_motif=GGA/GAG/AGG;rbs_spacer=5-10bp;gc_cont=0.503,ID=87_12;partial=00;start_type=ATG;rbs_motif=GGA/GAG/AGG;rbs_spacer=5-10bp;gc,10.0
QKCC01000018.1_11,C,C,C,S,ID=271_11;partial=00;start_type=ATG;rbs_motif=AGGA;rbs_spacer=5-10bp;gc_cont=0.508,ID=271_11;partial=00;start_type=ATG;rbs_motif=AGGA;rbs_spacer=5-10bp;gc,14.0
DOPM01000048.1_29,C,C,C,S,ID=32_29;partial=00;start_type=ATG;rbs_motif=AGGA;rbs_spacer=5-10bp;gc_cont=0.452,ID=32_29;partial=00;start_type=ATG;rbs_motif=AGGA;rbs_spacer=5-10bp;gc,14.0
QZKS01000054.1_27,C,C,C,S,ID=14_27;partial=00;start_type=ATG;rbs_motif=AGGAG;rbs_spacer=5-10bp;gc_cont=0.507,ID=14_27;partial=00;start_type=ATG;rbs_motif=AGGAG;rbs_spacer=5-10bp;gc,14.0
SAQG01000030.1_62,C,C,C,A,ID=135_62;partial=00;start_type=ATG;rbs_motif=GGAG/GAGG;rbs_spacer=5-10bp;gc_cont=0.596,ID=135_62;partial=00;start_type=ATG;rbs_motif=GGAG/GAGG;rbs_spacer=5-10bp;gc,13.0
SCPZ01000036.1_13,C,C,C,S,ID=50_13;partial=00;start_type=ATG;rbs_motif=AGGAG;rbs_spacer=5-10bp;gc_cont=0.478,ID=50_13;partial=00;start_type=ATG;rbs_motif=AGGAG;rbs_spacer=5-10bp;gc,14.0
VAUL01000018.1_22,C,C,C,S,ID=30_22;partial=00;start_type=ATG;rbs_motif=AGGAG;rbs_spacer=5-10bp;gc_cont=0.641,ID=30_22;partial=00;start_type=ATG;rbs_motif=AGGAG;rbs_spacer=5-10bp;gc,14.0
SLLR01000133.1_8,C,C,C,S,ID=58_8;partial=00;start_type=ATG;rbs_motif=AGGAG;rbs_spacer=5-10bp;gc_cont=0.586,ID=58_8;partial=00;start_type=ATG;rbs_motif=AGGAG;rbs_spacer=5-10bp;gc,14.0
SHMQ01000037.1_12,C,C,C,S,ID=37_12;partial=00;start_type=ATG;rbs_motif=GGAGG;rbs_spacer=5-10bp;gc_cont=0.402,ID=37_12;partial=00;start_type=ATG;rbs_motif=GGAGG;rbs_spacer=5-10bp;gc,14.0
WSYB01000018.1_149,C,C,C,S,ID=43_149;partial=00;start_type=ATG;rbs_motif=AGGAG;rbs_spacer=5-10bp;gc_cont=0.606,ID=43_149;partial=00;start_type=ATG;rbs_motif=AGGAG;rbs_spacer=5-10bp;gc,14.0
DRJN01000053.1_7,C,C,C,S,ID=53_7;partial=00;start_type=ATG;rbs_motif=GGAGG;rbs_spacer=5-10bp;gc_cont=0.452,ID=53_7;partial=00;start_type=ATG;rbs_motif=GGAGG;rbs_spacer=5-10bp;gc,14.0
VEPB01000023.1_1,C,C,C,S,ID=225_1;partial=10;start_type=ATG;rbs_motif=AGGAG;rbs_spacer=5-10bp;gc_cont=0.591,ID=225_1;partial=10;start_type=ATG;rbs_motif=AGGAG;rbs_spacer=5-10bp;gc,14.0
JAAYUU010000154.1_80,C,C,C,S,ID=2_80;partial=00;start_type=ATG;rbs_motif=AGGA;rbs_spacer=5-10bp;gc_cont=0.550,ID=2_80;partial=00;start_type=ATG;rbs_motif=AGGA;rbs_spacer=5-10bp;gc,14.0
WTCF01000161.1_5,C,C,C,S,ID=208_5;partial=00;start_type=ATG;rbs_motif=GGAG/GAGG;rbs_spacer=5-10bp;gc_cont=0.515,ID=208_5;partial=00;start_type=ATG;rbs_motif=GGAG/GAGG;rbs_spacer=5-10bp;gc,14.0
JABLXQ010000029.1_27,C,C,C,S,ID=22_27;partial=00;start_type=ATG;rbs_motif=AGGAG;rbs_spacer=5-10bp;gc_cont=0.561,ID=22_27;partial=00;start_type=ATG;rbs_motif=AGGAG;rbs_spacer=5-10bp;gc,14.0
JAAXWP010000005.1_22,C,C,C,S,ID=22_22;partial=00;start_type=ATG;rbs_motif=None;rbs_spacer=None;gc_cont=0.608,ID=22_22;partial=00;start_type=ATG;rbs_motif=None;rbs_spacer=None;gc,14.0
JACAUB010000001.1_2212,C,C,C,S,ID=1_2212;partial=00;start_type=ATG;rbs_motif=TAAA;rbs_spacer=11bp;gc_cont=0.409,ID=1_2212;partial=00;start_type=ATG;rbs_motif=TAAA;rbs_spacer=11bp;gc,14.0
SVFV01000012.1_16,C,C,C,G,ID=56_16;partial=00;start_type=TTG;rbs_motif=GGAGG;rbs_spacer=5-10bp;gc_cont=0.410,ID=56_16;partial=00;start_type=TTG;rbs_motif=GGAGG;rbs_spacer=5-10bp;gc,13.0
JADGBH010000045.1_7,C,C,C,S,ID=150_7;partial=00;start_type=ATG;rbs_motif=AGGAGG;rbs_spacer=5-10bp;gc_cont=0.383,ID=150_7;partial=00;start_type=ATG;rbs_motif=AGGAGG;rbs_spacer=5-10bp;gc,14.0
CP042469.1_3314,C,C,C,S,ID=1_3314;partial=00;start_type=ATG;rbs_motif=AGGAGG;rbs_spacer=11-12bp;gc_cont=0.471,ID=1_3314;partial=00;start_type=ATG;rbs_motif=AGGAGG;rbs_spacer=11-12bp;gc,14.0
JACCQI010000006.1_17,C,C,C,S,ID=53_17;partial=00;start_type=ATG;rbs_motif=AGGA;rbs_spacer=5-10bp;gc_cont=0.643,ID=53_17;partial=00;start_type=ATG;rbs_motif=AGGA;rbs_spacer=5-10bp;gc,14.0
JACQWY010000037.1_84,C,C,C,A,ID=13_84;partial=00;start_type=ATG;rbs_motif=GGAG/GAGG;rbs_spacer=5-10bp;gc_cont=0.623,ID=13_84;partial=00;start_type=ATG;rbs_motif=GGAG/GAGG;rbs_spacer=5-10bp;gc,13.0
JACRIX010000065.1_2,C,C,C,S,ID=41_2;partial=00;start_type=ATG;rbs_motif=AGGAG;rbs_spacer=5-10bp;gc_cont=0.609,ID=41_2;partial=00;start_type=ATG;rbs_motif=AGGAG;rbs_spacer=5-10bp;gc,14.0
JACRQA010000165.1_5,C,C,C,S,ID=144_5;partial=00;start_type=ATG;rbs_motif=AGGAGG;rbs_spacer=5-10bp;gc_cont=0.518,ID=144_5;partial=00;start_type=ATG;rbs_motif=AGGAGG;rbs_spacer=5-10bp;gc,14.0
JAEELL010000054.1_36,C,C,C,G,ID=80_36;partial=00;start_type=ATG;rbs_motif=GGAG/GAGG;rbs_spacer=5-10bp;gc_cont=0.371,ID=80_36;partial=00;start_type=ATG;rbs_motif=GGAG/GAGG;rbs_spacer=5-10bp;gc,13.0
JADJBS010000002.1_159,C,C,C,A,ID=2_159;partial=00;start_type=ATG;rbs_motif=GGAG/GAGG;rbs_spacer=5-10bp;gc_cont=0.561,ID=2_159;partial=00;start_type=ATG;rbs_motif=GGAG/GAGG;rbs_spacer=5-10bp;gc,13.0
JAEQMT010000021.1_32,C,C,C,S,ID=46_32;partial=00;start_type=ATG;rbs_motif=AGGAGG;rbs_spacer=3-4bp;gc_cont=0.574,ID=46_32;partial=00;start_type=ATG;rbs_motif=AGGAGG;rbs_spacer=3-4bp;gc,14.0
JAEULG010000277.1_12,C,C,C,A,ID=290_12;partial=00;start_type=ATG;rbs_motif=AGGAG;rbs_spacer=5-10bp;gc_cont=0.630,ID=290_12;partial=00;start_type=ATG;rbs_motif=AGGAG;rbs_spacer=5-10bp;gc,13.0
JAFGFM010000203.1_47,C,C,C,S,ID=22_47;partial=00;start_type=ATG;rbs_motif=GGA/GAG/AGG;rbs_spacer=5-10bp;gc_cont=0.467,ID=22_47;partial=00;start_type=ATG;rbs_motif=GGA/GAG/AGG;rbs_spacer=5-10bp;gc,14.0
JAFGVO010000460.1_5,C,C,C,S,ID=284_5;partial=00;start_type=ATG;rbs_motif=GGAG/GAGG;rbs_spacer=5-10bp;gc_cont=0.420,ID=284_5;partial=00;start_type=ATG;rbs_motif=GGAG/GAGG;rbs_spacer=5-10bp;gc,14.0
JAFORL010000177.1_3,C,C,C,G,ID=205_3;partial=00;start_type=ATG;rbs_motif=AGGAGG;rbs_spacer=5-10bp;gc_cont=0.368,ID=205_3;partial=00;start_type=ATG;rbs_motif=AGGAGG;rbs_spacer=5-10bp;gc,13.0
JAFUAR010000261.1_2,C,C,C,G,ID=202_2;partial=00;start_type=GTG;rbs_motif=GGAGG;rbs_spacer=5-10bp;gc_cont=0.551,ID=202_2;partial=00;start_type=GTG;rbs_motif=GGAGG;rbs_spacer=5-10bp;gc,13.0
JAFWSW010000207.1_4,C,C,C,G,ID=233_4;partial=00;start_type=ATG;rbs_motif=AGxAGG/AGGxGG;rbs_spacer=5-10bp;gc_cont=0.529,ID=233_4;partial=00;start_type=ATG;rbs_motif=AGxAGG/AGGxGG;rbs_spacer=5-10bp;gc,13.0
JAFZKN010000019.1_144,C,C,C,G,ID=20_144;partial=00;start_type=ATG;rbs_motif=AGGAGG;rbs_spacer=11-12bp;gc_cont=0.398,ID=20_144;partial=00;start_type=ATG;rbs_motif=AGGAGG;rbs_spacer=11-12bp;gc,13.0
JAGHYV010000095.1_6,C,C,C,S,ID=160_6;partial=00;start_type=ATG;rbs_motif=AGGAGG;rbs_spacer=5-10bp;gc_cont=0.581,ID=160_6;partial=00;start_type=ATG;rbs_motif=AGGAGG;rbs_spacer=5-10bp;gc,14.0
JAGAZB010000054.1_30,C,C,C,G,ID=52_30;partial=00;start_type=ATG;rbs_motif=GGAG/GAGG;rbs_spacer=5-10bp;gc_cont=0.395,ID=52_30;partial=00;start_type=ATG;rbs_motif=GGAG/GAGG;rbs_spacer=5-10bp;gc,13.0
JAGODN010000242.1_5,C,C,C,S,ID=207_5;partial=01;start_type=ATG;rbs_motif=AGGAG;rbs_spacer=5-10bp;gc_cont=0.650,ID=207_5;partial=01;start_type=ATG;rbs_motif=AGGAG;rbs_spacer=5-10bp;gc,14.0
JAGYWI010000039.1_3,C,C,C,S,ID=54_3;partial=00;start_type=ATG;rbs_motif=GGAGG;rbs_spacer=5-10bp;gc_cont=0.425,ID=54_3;partial=00;start_type=ATG;rbs_motif=GGAGG;rbs_spacer=5-10bp;gc,14.0
JAHJIQ010000030.1_113,C,C,C,S,ID=19_113;partial=00;start_type=ATG;rbs_motif=GGAG/GAGG;rbs_spacer=5-10bp;gc_cont=0.592,ID=19_113;partial=00;start_type=ATG;rbs_motif=GGAG/GAGG;rbs_spacer=5-10bp;gc,14.0
JAFLKK010000022.1_16,C,C,C,S,ID=10_16;partial=00;start_type=ATG;rbs_motif=TAA;rbs_spacer=11bp;gc_cont=0.427,ID=10_16;partial=00;start_type=ATG;rbs_motif=TAA;rbs_spacer=11bp;gc,14.0
JAIFKX010000013.1_1,C,C,C,S,ID=145_1;partial=00;start_type=ATG;rbs_motif=TAA;rbs_spacer=11bp;gc_cont=0.434,ID=145_1;partial=00;start_type=ATG;rbs_motif=TAA;rbs_spacer=11bp;gc,14.0
JAICDD010000029.1_7,C,C,C,S,ID=12_7;partial=00;start_type=ATG;rbs_motif=GGAGG;rbs_spacer=5-10bp;gc_cont=0.306,ID=12_7;partial=00;start_type=ATG;rbs_motif=GGAGG;rbs_spacer=5-10bp;gc,14.0
JACKJI010000001.1_62,C,C,C,A,ID=1_62;partial=00;start_type=ATG;rbs_motif=GGAG/GAGG;rbs_spacer=5-10bp;gc_cont=0.602,ID=1_62;partial=00;start_type=ATG;rbs_motif=GGAG/GAGG;rbs_spacer=5-10bp;gc,13.0
DYFK01000009.1_61,C,C,C,S,ID=19_61;partial=00;start_type=ATG;rbs_motif=AGGAG;rbs_spacer=5-10bp;gc_cont=0.609,ID=19_61;partial=00;start_type=ATG;rbs_motif=AGGAG;rbs_spacer=5-10bp;gc,14.0
JAJPYE010000038.1_51,C,C,C,S,ID=59_51;partial=00;start_type=ATG;rbs_motif=AGGAG;rbs_spacer=5-10bp;gc_cont=0.565,ID=59_51;partial=00;start_type=ATG;rbs_motif=AGGAG;rbs_spacer=5-10bp;gc,14.0
JAIOZR010000019.1_29,C,C,C,S,ID=3_29;partial=00;start_type=ATG;rbs_motif=AAA;rbs_spacer=15bp;gc_cont=0.561,ID=3_29;partial=00;start_type=ATG;rbs_motif=AAA;rbs_spacer=15bp;gc,14.0
JAJXXS010000265.1_8,C,C,C,A,ID=63_8;partial=01;start_type=ATG;rbs_motif=AGGAG;rbs_spacer=5-10bp;gc_cont=0.623,ID=63_8;partial=01;start_type=ATG;rbs_motif=AGGAG;rbs_spacer=5-10bp;gc,13.0
JAJYLU010000222.1_2,C,C,C,S,ID=209_2;partial=00;start_type=ATG;rbs_motif=GGAGG;rbs_spacer=5-10bp;gc_cont=0.523,ID=209_2;partial=00;start_type=ATG;rbs_motif=GGAGG;rbs_spacer=5-10bp;gc,14.0
JAJZBP010000054.1_7,C,C,C,S,ID=241_7;partial=00;start_type=GTG;rbs_motif=AGGAGG;rbs_spacer=5-10bp;gc_cont=0.651,ID=241_7;partial=00;start_type=GTG;rbs_motif=AGGAGG;rbs_spacer=5-10bp;gc,14.0
JAKARW010000002.1_33,C,C,C,A,ID=7_33;partial=00;start_type=ATG;rbs_motif=GGAG/GAGG;rbs_spacer=5-10bp;gc_cont=0.606,ID=7_33;partial=00;start_type=ATG;rbs_motif=GGAG/GAGG;rbs_spacer=5-10bp;gc,13.0
JAJZJD010000001.1_37,C,C,C,S,ID=73_37;partial=00;start_type=ATG;rbs_motif=GGAGG;rbs_spacer=5-10bp;gc_cont=0.396,ID=73_37;partial=00;start_type=ATG;rbs_motif=GGAGG;rbs_spacer=5-10bp;gc,14.0
JAJZSN010000031.1_28,C,C,C,S,ID=50_28;partial=00;start_type=ATG;rbs_motif=AGGAG/GGAGG;rbs_spacer=11-12bp;gc_cont=0.461,ID=50_28;partial=00;start_type=ATG;rbs_motif=AGGAG/GGAGG;rbs_spacer=11-12bp;gc,14.0
JAKVKH010000001.1_126,C,C,C,G,ID=1_126;partial=00;start_type=ATG;rbs_motif=AGGAGG;rbs_spacer=5-10bp;gc_cont=0.425,ID=1_126;partial=00;start_type=ATG;rbs_motif=AGGAGG;rbs_spacer=5-10bp;gc,13.0
JALHJD010000041.1_5,C,C,C,S,ID=35_5;partial=00;start_type=ATG;rbs_motif=GGAG/GAGG;rbs_spacer=5-10bp;gc_cont=0.623,ID=35_5;partial=00;start_type=ATG;rbs_motif=GGAG/GAGG;rbs_spacer=5-10bp;gc,14.0
JALNYM010000001.1_435,C,C,C,A,ID=4_435;partial=00;start_type=ATG;rbs_motif=GGAG/GAGG;rbs_spacer=5-10bp;gc_cont=0.537,ID=4_435;partial=00;start_type=ATG;rbs_motif=GGAG/GAGG;rbs_spacer=5-10bp;gc,13.0
JAEWDK010000015.1_172,C,C,C,G,ID=13_172;partial=00;start_type=ATG;rbs_motif=GGAGG;rbs_spacer=5-10bp;gc_cont=0.527,ID=13_172;partial=00;start_type=ATG;rbs_motif=GGAGG;rbs_spacer=5-10bp;gc,13.0
JAEWZA010000442.1_6,C,C,C,S,ID=189_6;partial=00;start_type=ATG;rbs_motif=AGGAGG;rbs_spacer=5-10bp;gc_cont=0.367,ID=189_6;partial=00;start_type=ATG;rbs_motif=AGGAGG;rbs_spacer=5-10bp;gc,14.0
JAEXDA010000043.1_313,C,C,C,S,ID=64_313;partial=00;start_type=ATG;rbs_motif=AGGAG;rbs_spacer=5-10bp;gc_cont=0.458,ID=64_313;partial=00;start_type=ATG;rbs_motif=AGGAG;rbs_spacer=5-10bp;gc,14.0
JAEYOQ010000007.1_52,C,C,C,S,ID=3_52;partial=00;start_type=ATG;rbs_motif=GGAGG;rbs_spacer=5-10bp;gc_cont=0.467,ID=3_52;partial=00;start_type=ATG;rbs_motif=GGAGG;rbs_spacer=5-10bp;gc,14.0
JAEZKI010000097.1_2,C,C,C,S,ID=223_2;partial=00;start_type=ATG;rbs_motif=AGGAGG;rbs_spacer=5-10bp;gc_cont=0.384,ID=223_2;partial=00;start_type=ATG;rbs_motif=AGGAGG;rbs_spacer=5-10bp;gc,14.0
JAEZTJ010000091.1_64,C,C,C,S,ID=32_64;partial=00;start_type=ATG;rbs_motif=GGAGG;rbs_spacer=5-10bp;gc_cont=0.445,ID=32_64;partial=00;start_type=ATG;rbs_motif=GGAGG;rbs_spacer=5-10bp;gc,14.0
JAEZCO010000026.1_28,C,C,C,S,ID=23_28;partial=00;start_type=ATG;rbs_motif=AGGAGG;rbs_spacer=5-10bp;gc_cont=0.517,ID=23_28;partial=00;start_type=ATG;rbs_motif=AGGAGG;rbs_spacer=5-10bp;gc,14.0
JAEZGK010000081.1_104,C,C,C,S,ID=97_104;partial=00;start_type=ATG;rbs_motif=AGGAGG;rbs_spacer=5-10bp;gc_cont=0.492,ID=97_104;partial=00;start_type=ATG;rbs_motif=AGGAGG;rbs_spacer=5-10bp;gc,14.0
JAEZVA010000020.1_3,C,C,C,G,ID=79_3;partial=00;start_type=ATG;rbs_motif=AGGAG;rbs_spacer=5-10bp;gc_cont=0.565,ID=79_3;partial=00;start_type=ATG;rbs_motif=AGGAG;rbs_spacer=5-10bp;gc,13.0
JAEWOH010000040.1_64,C,C,C,S,ID=40_64;partial=00;start_type=ATG;rbs_motif=AGGAGG;rbs_spacer=5-10bp;gc_cont=0.440,ID=40_64;partial=00;start_type=ATG;rbs_motif=AGGAGG;rbs_spacer=5-10bp;gc,14.0
JACKMT010000004.1_395,C,C,C,S,ID=4_395;partial=00;start_type=ATG;rbs_motif=GGAGG;rbs_spacer=5-10bp;gc_cont=0.582,ID=4_395;partial=00;start_type=ATG;rbs_motif=GGAGG;rbs_spacer=5-10bp;gc,14.0
JAGXHH010000236.1_1,C,C,C,S,ID=88_1;partial=10;start_type=ATG;rbs_motif=AGGAG;rbs_spacer=5-10bp;gc_cont=0.587,ID=88_1;partial=10;start_type=ATG;rbs_motif=AGGAG;rbs_spacer=5-10bp;gc,14.0
JAILMW010000024.1_31,C,C,C,G,ID=10_31;partial=00;start_type=ATG;rbs_motif=GGAG/GAGG;rbs_spacer=5-10bp;gc_cont=0.463,ID=10_31;partial=00;start_type=ATG;rbs_motif=GGAG/GAGG;rbs_spacer=5-10bp;gc,13.0
JANTHJ010000050.1_22,C,C,C,S,ID=50_22;partial=00;start_type=ATG;rbs_motif=GGAGG;rbs_spacer=5-10bp;gc_cont=0.594,ID=50_22;partial=00;start_type=ATG;rbs_motif=GGAGG;rbs_spacer=5-10bp;gc,14.0
FWXP01000003.1_229,C,C,C,G,ID=9_229;partial=00;start_type=ATG;rbs_motif=GGAG/GAGG;rbs_spacer=5-10bp;gc_cont=0.462,ID=9_229;partial=00;start_type=ATG;rbs_motif=GGAG/GAGG;rbs_spacer=5-10bp;gc,13.0
ONLC01000005.1_12,C,C,C,G,ID=137_12;partial=00;start_type=ATG;rbs_motif=AGGAG;rbs_spacer=5-10bp;gc_cont=0.486,ID=137_12;partial=00;start_type=ATG;rbs_motif=AGGAG;rbs_spacer=5-10bp;gc,13.0
CABMCA010000102.1_36,C,C,C,S,ID=102_36;partial=00;start_type=ATG;rbs_motif=GGAGG;rbs_spacer=5-10bp;gc_cont=0.494,ID=102_36;partial=00;start_type=ATG;rbs_motif=GGAGG;rbs_spacer=5-10bp;gc,14.0
CACXFU010000131.1_11,C,C,C,G,ID=131_11;partial=00;start_type=ATG;rbs_motif=AGGAGG;rbs_spacer=5-10bp;gc_cont=0.498,ID=131_11;partial=00;start_type=ATG;rbs_motif=AGGAGG;rbs_spacer=5-10bp;gc,13.0
CACZHN010000002.1_11,C,C,C,G,ID=2_11;partial=00;start_type=ATG;rbs_motif=GGA/GAG/AGG;rbs_spacer=5-10bp;gc_cont=0.423,ID=2_11;partial=00;start_type=ATG;rbs_motif=GGA/GAG/AGG;rbs_spacer=5-10bp;gc,13.0
CADALT010000016.1_13,C,C,C,G,ID=16_13;partial=00;start_type=ATG;rbs_motif=AGGAG;rbs_spacer=5-10bp;gc_cont=0.488,ID=16_13;partial=00;start_type=ATG;rbs_motif=AGGAG;rbs_spacer=5-10bp;gc,13.0
CADCFQ010000017.1_16,C,C,C,G,ID=17_16;partial=00;start_type=ATG;rbs_motif=AGGAG;rbs_spacer=5-10bp;gc_cont=0.492,ID=17_16;partial=00;start_type=ATG;rbs_motif=AGGAG;rbs_spacer=5-10bp;gc,13.0
CAIJRK010000061.1_33,C,C,C,A,ID=61_33;partial=00;start_type=ATG;rbs_motif=GGAG/GAGG;rbs_spacer=5-10bp;gc_cont=0.537,ID=61_33;partial=00;start_type=ATG;rbs_motif=GGAG/GAGG;rbs_spacer=5-10bp;gc,13.0
CAIMRY010000029.1_224,C,C,C,S,ID=29_224;partial=00;start_type=ATG;rbs_motif=GGAG/GAGG;rbs_spacer=5-10bp;gc_cont=0.642,ID=29_224;partial=00;start_type=ATG;rbs_motif=GGAG/GAGG;rbs_spacer=5-10bp;gc,14.0
CAIPPE010000256.1_49,C,C,C,S,ID=256_49;partial=00;start_type=ATG;rbs_motif=AGGAG;rbs_spacer=5-10bp;gc_cont=0.410,ID=256_49;partial=00;start_type=ATG;rbs_motif=AGGAG;rbs_spacer=5-10bp;gc,14.0
CAIUVX010000014.1_3,C,C,C,S,ID=14_3;partial=00;start_type=ATG;rbs_motif=AGGAG;rbs_spacer=5-10bp;gc_cont=0.439,ID=14_3;partial=00;start_type=ATG;rbs_motif=AGGAG;rbs_spacer=5-10bp;gc,14.0
CAIXLG010000209.1_2,C,C,C,S,ID=209_2;partial=00;start_type=ATG;rbs_motif=None;rbs_spacer=None;gc_cont=0.504,ID=209_2;partial=00;start_type=ATG;rbs_motif=None;rbs_spacer=None;gc,14.0
CAJFVW010000121.1_29,C,C,C,G,ID=121_29;partial=00;start_type=ATG;rbs_motif=GGAGG;rbs_spacer=5-10bp;gc_cont=0.697,ID=121_29;partial=00;start_type=ATG;rbs_motif=GGAGG;rbs_spacer=5-10bp;gc,13.0
CAJXLI010000002.1_48,C,C,C,S,ID=2_48;partial=00;start_type=ATG;rbs_motif=GGAGG;rbs_spacer=5-10bp;gc_cont=0.649,ID=2_48;partial=00;start_type=ATG;rbs_motif=GGAGG;rbs_spacer=5-10bp;gc,14.0
CALZHR010000022.1_7,C,C,C,S,ID=22_7;partial=00;start_type=ATG;rbs_motif=AGGAG;rbs_spacer=5-10bp;gc_cont=0.602,ID=22_7;partial=00;start_type=ATG;rbs_motif=AGGAG;rbs_spacer=5-10bp;gc,14.0
NC_007493.2_2162,C,C,C,A,ID=1_2162;partial=00;start_type=ATG;rbs_motif=AGGA;rbs_spacer=5-10bp;gc_cont=0.642,ID=1_2162;partial=00;start_type=ATG;rbs_motif=AGGA;rbs_spacer=5-10bp;gc,13.0
NC_010581.1_488,C,C,C,A,ID=1_488;partial=00;start_type=TTG;rbs_motif=AGGAGG;rbs_spacer=3-4bp;gc_cont=0.564,ID=1_488;partial=00;start_type=TTG;rbs_motif=AGGAGG;rbs_spacer=3-4bp;gc,13.0
NC_012881.1_445,C,C,C,S,ID=1_445;partial=00;start_type=ATG;rbs_motif=AGGAG;rbs_spacer=5-10bp;gc_cont=0.548,ID=1_445;partial=00;start_type=ATG;rbs_motif=AGGAG;rbs_spacer=5-10bp;gc,14.0
NZ_AADV02000024.1_17,C,C,C,S,ID=300_17;partial=00;start_type=ATG;rbs_motif=None;rbs_spacer=None;gc_cont=0.441,ID=300_17;partial=00;start_type=ATG;rbs_motif=None;rbs_spacer=None;gc,14.0
NC_014923.1_5781,C,C,C,A,ID=1_5781;partial=00;start_type=ATG;rbs_motif=GGAG/GAGG;rbs_spacer=5-10bp;gc_cont=0.611,ID=1_5781;partial=00;start_type=ATG;rbs_motif=GGAG/GAGG;rbs_spacer=5-10bp;gc,13.0
NC_018012.1_3620,C,C,C,S,ID=1_3620;partial=00;start_type=ATG;rbs_motif=AGGAG;rbs_spacer=5-10bp;gc_cont=0.597,ID=1_3620;partial=00;start_type=ATG;rbs_motif=AGGAG;rbs_spacer=5-10bp;gc,14.0
NZ_JH651384.1_4053,C,C,C,S,ID=4_4053;partial=00;start_type=ATG;rbs_motif=GGAGG;rbs_spacer=5-10bp;gc_cont=0.548,ID=4_4053;partial=00;start_type=ATG;rbs_motif=GGAGG;rbs_spacer=5-10bp;gc,14.0
NZ_AEEA01000066.1_56,C,C,C,S,ID=127_56;partial=00;start_type=ATG;rbs_motif=AGGAG;rbs_spacer=5-10bp;gc_cont=0.540,ID=127_56;partial=00;start_type=ATG;rbs_motif=AGGAG;rbs_spacer=5-10bp;gc,14.0
NC_020291.1_3011,C,C,C,S,ID=1_3011;partial=00;start_type=ATG;rbs_motif=GGAGG;rbs_spacer=5-10bp;gc_cont=0.337,ID=1_3011;partial=00;start_type=ATG;rbs_motif=GGAGG;rbs_spacer=5-10bp;gc,14.0
NZ_AQWN01000004.1_183,C,C,C,S,ID=4_183;partial=00;start_type=ATG;rbs_motif=AGGAG;rbs_spacer=5-10bp;gc_cont=0.599,ID=4_183;partial=00;start_type=ATG;rbs_motif=AGGAG;rbs_spacer=5-10bp;gc,14.0
NZ_ATUG01000002.1_1624,C,C,C,S,ID=2_1624;partial=00;start_type=ATG;rbs_motif=GGAG/GAGG;rbs_spacer=5-10bp;gc_cont=0.572,ID=2_1624;partial=00;start_type=ATG;rbs_motif=GGAG/GAGG;rbs_spacer=5-10bp;gc,14.0
NZ_AUEY01000015.1_15,C,C,C,S,ID=15_15;partial=00;start_type=ATG;rbs_motif=AGGAG;rbs_spacer=5-10bp;gc_cont=0.455,ID=15_15;partial=00;start_type=ATG;rbs_motif=AGGAG;rbs_spacer=5-10bp;gc,14.0
NZ_KE387004.1_212,C,C,C,S,ID=1_212;partial=00;start_type=ATG;rbs_motif=AGxAGG/AGGxGG;rbs_spacer=5-10bp;gc_cont=0.563,ID=1_212;partial=00;start_type=ATG;rbs_motif=AGxAGG/AGGxGG;rbs_spacer=5-10bp;gc,14.0
NZ_AXBA01000014.1_159,C,C,C,A,ID=8_159;partial=00;start_type=ATG;rbs_motif=AGGA;rbs_spacer=5-10bp;gc_cont=0.636,ID=8_159;partial=00;start_type=ATG;rbs_motif=AGGA;rbs_spacer=5-10bp;gc,13.0
NZ_JAFA01000069.1_14,C,C,C,A,ID=77_14;partial=00;start_type=ATG;rbs_motif=AGGAG;rbs_spacer=5-10bp;gc_cont=0.539,ID=77_14;partial=00;start_type=ATG;rbs_motif=AGGAG;rbs_spacer=5-10bp;gc,13.0
NZ_JHYD01000046.1_39,C,C,C,S,ID=34_39;partial=00;start_type=ATG;rbs_motif=AGGAGG;rbs_spacer=5-10bp;gc_cont=0.517,ID=34_39;partial=00;start_type=ATG;rbs_motif=AGGAGG;rbs_spacer=5-10bp;gc,14.0
NZ_JOMG01000002.1_2387,C,C,C,S,ID=2_2387;partial=00;start_type=ATG;rbs_motif=AGGAG;rbs_spacer=5-10bp;gc_cont=0.550,ID=2_2387;partial=00;start_type=ATG;rbs_motif=AGGAG;rbs_spacer=5-10bp;gc,14.0
NZ_CP009428.1_4897,C,C,C,S,ID=1_4897;partial=00;start_type=ATG;rbs_motif=AGGAGG;rbs_spacer=5-10bp;gc_cont=0.471,ID=1_4897;partial=00;start_type=ATG;rbs_motif=AGGAGG;rbs_spacer=5-10bp;gc,14.0
NZ_AVFK01000017.1_101,C,C,C,A,ID=95_101;partial=00;start_type=ATG;rbs_motif=GGAG/GAGG;rbs_spacer=5-10bp;gc_cont=0.619,ID=95_101;partial=00;start_type=ATG;rbs_motif=GGAG/GAGG;rbs_spacer=5-10bp;gc,13.0
NZ_LDZY01000006.1_162,C,C,C,S,ID=6_162;partial=00;start_type=ATG;rbs_motif=AGGA;rbs_spacer=5-10bp;gc_cont=0.486,ID=6_162;partial=00;start_type=ATG;rbs_motif=AGGA;rbs_spacer=5-10bp;gc,14.0
NZ_BBCG01000018.1_64,C,C,C,G,ID=18_64;partial=00;start_type=ATG;rbs_motif=AGGAGG;rbs_spacer=5-10bp;gc_cont=0.346,ID=18_64;partial=00;start_type=ATG;rbs_motif=AGGAGG;rbs_spacer=5-10bp;gc,13.0
NZ_BCTF01000008.1_117,C,C,C,A,ID=8_117;partial=00;start_type=ATG;rbs_motif=AGGAG;rbs_spacer=5-10bp;gc_cont=0.630,ID=8_117;partial=00;start_type=ATG;rbs_motif=AGGAG;rbs_spacer=5-10bp;gc,13.0
NZ_LWQU01000174.1_72,C,C,C,S,ID=174_72;partial=00;start_type=ATG;rbs_motif=AGGAG;rbs_spacer=5-10bp;gc_cont=0.630,ID=174_72;partial=00;start_type=ATG;rbs_motif=AGGAG;rbs_spacer=5-10bp;gc,14.0
NZ_LGSI01000068.1_481,C,C,C,S,ID=1_481;partial=00;start_type=ATG;rbs_motif=AGGAG;rbs_spacer=5-10bp;gc_cont=0.574,ID=1_481;partial=00;start_type=ATG;rbs_motif=AGGAG;rbs_spacer=5-10bp;gc,14.0
NZ_CP017565.2_240,C,C,C,A,ID=4_240;partial=00;start_type=GTG;rbs_motif=AGGAG;rbs_spacer=5-10bp;gc_cont=0.599,ID=4_240;partial=00;start_type=GTG;rbs_motif=AGGAG;rbs_spacer=5-10bp;gc,13.0
NZ_CP096980.1_4230,C,C,C,S,ID=1_4230;partial=00;start_type=ATG;rbs_motif=GGAGG;rbs_spacer=5-10bp;gc_cont=0.338,ID=1_4230;partial=00;start_type=ATG;rbs_motif=GGAGG;rbs_spacer=5-10bp;gc,14.0
NZ_CP021780.1_5206,C,C,C,S,ID=1_5206;partial=00;start_type=ATG;rbs_motif=AGGAGG;rbs_spacer=5-10bp;gc_cont=0.546,ID=1_5206;partial=00;start_type=ATG;rbs_motif=AGGAGG;rbs_spacer=5-10bp;gc,14.0
NZ_NTFS01000494.1_5,C,C,C,S,ID=439_5;partial=00;start_type=ATG;rbs_motif=GGA/GAG/AGG;rbs_spacer=5-10bp;gc_cont=0.423,ID=439_5;partial=00;start_type=ATG;rbs_motif=GGA/GAG/AGG;rbs_spacer=5-10bp;gc,14.0
NZ_NWTG01000003.1_104,C,C,C,A,ID=33_104;partial=00;start_type=ATG;rbs_motif=AGGA;rbs_spacer=5-10bp;gc_cont=0.562,ID=33_104;partial=00;start_type=ATG;rbs_motif=AGGA;rbs_spacer=5-10bp;gc,13.0
NZ_POUT01000003.1_352,C,C,C,S,ID=31_352;partial=00;start_type=ATG;rbs_motif=AGGAG;rbs_spacer=5-10bp;gc_cont=0.620,ID=31_352;partial=00;start_type=ATG;rbs_motif=AGGAG;rbs_spacer=5-10bp;gc,14.0
NZ_PVZB01000034.1_46,C,C,C,A,ID=34_46;partial=00;start_type=GTG;rbs_motif=AGGAG;rbs_spacer=5-10bp;gc_cont=0.605,ID=34_46;partial=00;start_type=GTG;rbs_motif=AGGAG;rbs_spacer=5-10bp;gc,13.0
NZ_CP022364.1_841,C,C,C,A,ID=1_841;partial=00;start_type=ATG;rbs_motif=AGGAG;rbs_spacer=5-10bp;gc_cont=0.635,ID=1_841;partial=00;start_type=ATG;rbs_motif=AGGAG;rbs_spacer=5-10bp;gc,13.0
NZ_NPEX01000005.1_41,C,C,C,A,ID=596_41;partial=00;start_type=ATG;rbs_motif=AGGAG;rbs_spacer=5-10bp;gc_cont=0.652,ID=596_41;partial=00;start_type=ATG;rbs_motif=AGGAG;rbs_spacer=5-10bp;gc,13.0
NZ_QMEK01000004.1_151,C,C,C,A,ID=11_151;partial=00;start_type=ATG;rbs_motif=AGGA;rbs_spacer=5-10bp;gc_cont=0.615,ID=11_151;partial=00;start_type=ATG;rbs_motif=AGGA;rbs_spacer=5-10bp;gc,13.0
NZ_RJVG01000004.1_34,C,C,C,S,ID=4_34;partial=00;start_type=ATG;rbs_motif=AGGAGG;rbs_spacer=5-10bp;gc_cont=0.365,ID=4_34;partial=00;start_type=ATG;rbs_motif=AGGAGG;rbs_spacer=5-10bp;gc,14.0
NZ_ML133611.1_2,C,C,C,A,ID=47_2;partial=00;start_type=ATG;rbs_motif=GGA/GAG/AGG;rbs_spacer=5-10bp;gc_cont=0.597,ID=47_2;partial=00;start_type=ATG;rbs_motif=GGA/GAG/AGG;rbs_spacer=5-10bp;gc,13.0
NZ_RDQF01000014.1_114,C,C,C,A,ID=46_114;partial=00;start_type=ATG;rbs_motif=AGGA;rbs_spacer=5-10bp;gc_cont=0.569,ID=46_114;partial=00;start_type=ATG;rbs_motif=AGGA;rbs_spacer=5-10bp;gc,13.0
NZ_SMGQ01000013.1_371,C,C,C,S,ID=3_371;partial=00;start_type=ATG;rbs_motif=AGGAG;rbs_spacer=5-10bp;gc_cont=0.349,ID=3_371;partial=00;start_type=ATG;rbs_motif=AGGAG;rbs_spacer=5-10bp;gc,14.0
NZ_SNWX01000002.1_29,C,C,C,S,ID=2_29;partial=00;start_type=ATG;rbs_motif=GGAGG;rbs_spacer=5-10bp;gc_cont=0.401,ID=2_29;partial=00;start_type=ATG;rbs_motif=GGAGG;rbs_spacer=5-10bp;gc,14.0
NZ_CP039634.1_1530,C,C,C,A,ID=1_1530;partial=00;start_type=ATG;rbs_motif=AGGAG;rbs_spacer=5-10bp;gc_cont=0.632,ID=1_1530;partial=00;start_type=ATG;rbs_motif=AGGAG;rbs_spacer=5-10bp;gc,13.0
NZ_VFTZ01000004.1_292,C,C,C,A,ID=34_292;partial=00;start_type=ATG;rbs_motif=GGAG/GAGG;rbs_spacer=5-10bp;gc_cont=0.607,ID=34_292;partial=00;start_type=ATG;rbs_motif=GGAG/GAGG;rbs_spacer=5-10bp;gc,13.0
NZ_VITH01000012.1_111,C,C,C,A,ID=12_111;partial=00;start_type=ATG;rbs_motif=AGGAG;rbs_spacer=5-10bp;gc_cont=0.634,ID=12_111;partial=00;start_type=ATG;rbs_motif=AGGAG;rbs_spacer=5-10bp;gc,13.0
NZ_VTOY01000004.1_104,C,C,C,G,ID=34_104;partial=00;start_type=ATG;rbs_motif=GGAGG;rbs_spacer=5-10bp;gc_cont=0.471,ID=34_104;partial=00;start_type=ATG;rbs_motif=GGAGG;rbs_spacer=5-10bp;gc,13.0
NZ_CP045298.1_3127,C,C,C,S,ID=1_3127;partial=00;start_type=ATG;rbs_motif=GGAGG;rbs_spacer=5-10bp;gc_cont=0.541,ID=1_3127;partial=00;start_type=ATG;rbs_motif=GGAGG;rbs_spacer=5-10bp;gc,14.0
NZ_WTCR01000004.1_290,C,C,C,S,ID=32_290;partial=00;start_type=ATG;rbs_motif=TAAA;rbs_spacer=13bp;gc_cont=0.396,ID=32_290;partial=00;start_type=ATG;rbs_motif=TAAA;rbs_spacer=13bp;gc,14.0
NZ_VOIQ01000006.1_170,C,C,C,S,ID=41_170;partial=00;start_type=ATG;rbs_motif=AGGAG;rbs_spacer=5-10bp;gc_cont=0.555,ID=41_170;partial=00;start_type=ATG;rbs_motif=AGGAG;rbs_spacer=5-10bp;gc,14.0
NZ_AP022853.1_964,C,C,C,S,ID=1_964;partial=00;start_type=ATG;rbs_motif=AGGAG;rbs_spacer=5-10bp;gc_cont=0.610,ID=1_964;partial=00;start_type=ATG;rbs_motif=AGGAG;rbs_spacer=5-10bp;gc,14.0
NZ_JABGCB010000025.1_39,C,C,C,A,ID=25_39;partial=00;start_type=ATG;rbs_motif=AGGAG;rbs_spacer=5-10bp;gc_cont=0.584,ID=25_39;partial=00;start_type=ATG;rbs_motif=AGGAG;rbs_spacer=5-10bp;gc,13.0
NZ_CP058215.1_395,C,C,C,S,ID=1_395;partial=00;start_type=ATG;rbs_motif=AGGAGG;rbs_spacer=5-10bp;gc_cont=0.481,ID=1_395;partial=00;start_type=ATG;rbs_motif=AGGAGG;rbs_spacer=5-10bp;gc,14.0
NZ_JACIHE010000007.1_123,C,C,C,A,ID=7_123;partial=00;start_type=ATG;rbs_motif=AGGA;rbs_spacer=5-10bp;gc_cont=0.573,ID=7_123;partial=00;start_type=ATG;rbs_motif=AGGA;rbs_spacer=5-10bp;gc,13.0
NZ_JACCJY010000013.1_86,C,C,C,A,ID=1_86;partial=00;start_type=ATG;rbs_motif=AGGAG;rbs_spacer=5-10bp;gc_cont=0.631,ID=1_86;partial=00;start_type=ATG;rbs_motif=AGGAG;rbs_spacer=5-10bp;gc,13.0
NZ_AP022873.1_257,C,C,C,S,ID=1_257;partial=00;start_type=ATG;rbs_motif=GGAGG;rbs_spacer=5-10bp;gc_cont=0.440,ID=1_257;partial=00;start_type=ATG;rbs_motif=GGAGG;rbs_spacer=5-10bp;gc,14.0
NZ_JADNQW010000005.1_1997,C,C,C,A,ID=5_1997;partial=00;start_type=ATG;rbs_motif=GGAG/GAGG;rbs_spacer=5-10bp;gc_cont=0.594,ID=5_1997;partial=00;start_type=ATG;rbs_motif=GGAG/GAGG;rbs_spacer=5-10bp;gc,13.0
NZ_NRRV01000001.1_67,C,C,C,S,ID=1_67;partial=00;start_type=ATG;rbs_motif=AGGAG;rbs_spacer=5-10bp;gc_cont=0.611,ID=1_67;partial=00;start_type=ATG;rbs_motif=AGGAG;rbs_spacer=5-10bp;gc,14.0
NZ_AP023262.1_6787,C,C,C,A,ID=1_6787;partial=00;start_type=ATG;rbs_motif=GGA/GAG/AGG;rbs_spacer=5-10bp;gc_cont=0.593,ID=1_6787;partial=00;start_type=ATG;rbs_motif=GGA/GAG/AGG;rbs_spacer=5-10bp;gc,13.0
NZ_CP071608.1_113,C,C,C,A,ID=5_113;partial=00;start_type=ATG;rbs_motif=GGAG/GAGG;rbs_spacer=5-10bp;gc_cont=0.545,ID=5_113;partial=00;start_type=ATG;rbs_motif=GGAG/GAGG;rbs_spacer=5-10bp;gc,13.0
NZ_JAGIOR010000001.1_1673,C,C,C,A,ID=1_1673;partial=00;start_type=ATG;rbs_motif=AGGA;rbs_spacer=5-10bp;gc_cont=0.533,ID=1_1673;partial=00;start_type=ATG;rbs_motif=AGGA;rbs_spacer=5-10bp;gc,13.0
NZ_JAAVUS010000002.1_126,C,C,C,A,ID=12_126;partial=00;start_type=ATG;rbs_motif=GGA/GAG/AGG;rbs_spacer=5-10bp;gc_cont=0.595,ID=12_126;partial=00;start_type=ATG;rbs_motif=GGA/GAG/AGG;rbs_spacer=5-10bp;gc,13.0
NZ_JAHLMF010000010.1_64,C,C,C,S,ID=2_64;partial=00;start_type=ATG;rbs_motif=AGGAG;rbs_spacer=5-10bp;gc_cont=0.616,ID=2_64;partial=00;start_type=ATG;rbs_motif=AGGAG;rbs_spacer=5-10bp;gc,14.0
NZ_JAIOTY010000001.1_368,C,C,C,S,ID=1_368;partial=00;start_type=ATG;rbs_motif=GGA/GAG/AGG;rbs_spacer=5-10bp;gc_cont=0.644,ID=1_368;partial=00;start_type=ATG;rbs_motif=GGA/GAG/AGG;rbs_spacer=5-10bp;gc,14.0
NZ_JAIVKX010000009.1_161,C,C,C,A,ID=9_161;partial=00;start_type=ATG;rbs_motif=AGGA;rbs_spacer=5-10bp;gc_cont=0.637,ID=9_161;partial=00;start_type=ATG;rbs_motif=AGGA;rbs_spacer=5-10bp;gc,13.0
NZ_CP089309.1_1617,C,C,C,S,ID=1_1617;partial=00;start_type=ATG;rbs_motif=AGGAG;rbs_spacer=5-10bp;gc_cont=0.603,ID=1_1617;partial=00;start_type=ATG;rbs_motif=AGGAG;rbs_spacer=5-10bp;gc,14.0
NZ_JACBFS010000001.1_1159,C,C,C,A,ID=10_1159;partial=00;start_type=ATG;rbs_motif=GGA/GAG/AGG;rbs_spacer=5-10bp;gc_cont=0.616,ID=10_1159;partial=00;start_type=ATG;rbs_motif=GGA/GAG/AGG;rbs_spacer=5-10bp;gc,13.0
NZ_JALHLE010000015.1_34,C,C,C,A,ID=7_34;partial=00;start_type=ATG;rbs_motif=AGGAG;rbs_spacer=5-10bp;gc_cont=0.623,ID=7_34;partial=00;start_type=ATG;rbs_motif=AGGAG;rbs_spacer=5-10bp;gc,13.0
NZ_JAKLOY010000006.1_91,C,C,C,S,ID=19_91;partial=00;start_type=ATG;rbs_motif=AGGAG;rbs_spacer=5-10bp;gc_cont=0.610,ID=19_91;partial=00;start_type=ATG;rbs_motif=AGGAG;rbs_spacer=5-10bp;gc,14.0
NZ_JANCTC010000023.1_38,C,C,C,A,ID=15_38;partial=00;start_type=ATG;rbs_motif=GGAG/GAGG;rbs_spacer=5-10bp;gc_cont=0.596,ID=15_38;partial=00;start_type=ATG;rbs_motif=GGAG/GAGG;rbs_spacer=5-10bp;gc,13.0
NZ_LT575483.1_2785,C,C,C,S,ID=7_2785;partial=00;start_type=ATG;rbs_motif=GGxGG;rbs_spacer=5-10bp;gc_cont=0.401,ID=7_2785;partial=00;start_type=ATG;rbs_motif=GGxGG;rbs_spacer=5-10bp;gc,14.0
NZ_FMVW01000002.1_554,C,C,C,A,ID=12_554;partial=00;start_type=ATG;rbs_motif=AGGA;rbs_spacer=5-10bp;gc_cont=0.621,ID=12_554;partial=00;start_type=ATG;rbs_motif=AGGA;rbs_spacer=5-10bp;gc,13.0
NZ_FOBS01000018.1_19,C,C,C,S,ID=57_19;partial=00;start_type=ATG;rbs_motif=AGGAG;rbs_spacer=5-10bp;gc_cont=0.577,ID=57_19;partial=00;start_type=ATG;rbs_motif=AGGAG;rbs_spacer=5-10bp;gc,14.0
NZ_FOTS01000010.1_101,C,C,C,S,ID=38_101;partial=00;start_type=ATG;rbs_motif=AGGAG;rbs_spacer=5-10bp;gc_cont=0.421,ID=38_101;partial=00;start_type=ATG;rbs_motif=AGGAG;rbs_spacer=5-10bp;gc,14.0
NZ_FQYT01000018.1_47,C,C,C,S,ID=7_47;partial=00;start_type=ATG;rbs_motif=AGGAGG;rbs_spacer=5-10bp;gc_cont=0.473,ID=7_47;partial=00;start_type=ATG;rbs_motif=AGGAGG;rbs_spacer=5-10bp;gc,14.0
NZ_FTOM01000003.1_169,C,C,C,A,ID=20_169;partial=00;start_type=ATG;rbs_motif=AGGA;rbs_spacer=5-10bp;gc_cont=0.623,ID=20_169;partial=00;start_type=ATG;rbs_motif=AGGA;rbs_spacer=5-10bp;gc,13.0
NZ_LT896716.1_1302,C,C,C,S,ID=1_1302;partial=00;start_type=ATG;rbs_motif=AGGAG;rbs_spacer=5-10bp;gc_cont=0.593,ID=1_1302;partial=00;start_type=ATG;rbs_motif=AGGAG;rbs_spacer=5-10bp;gc,14.0
NZ_LR130778.1_2259,C,C,C,S,ID=1_2259;partial=00;start_type=ATG;rbs_motif=AGGAG;rbs_spacer=5-10bp;gc_cont=0.419,ID=1_2259;partial=00;start_type=ATG;rbs_motif=AGGAG;rbs_spacer=5-10bp;gc,14.0
NZ_CAKXZS010000001.1_171,C,C,C,A,ID=1_171;partial=00;start_type=ATG;rbs_motif=GGAG/GAGG;rbs_spacer=5-10bp;gc_cont=0.603,ID=1_171;partial=00;start_type=ATG;rbs_motif=GGAG/GAGG;rbs_spacer=5-10bp;gc,13.0
DNPP01000004.1_24,C,C,C,S,ID=370_24;partial=00;start_type=ATG;rbs_motif=GGA/GAG/AGG;rbs_spacer=5-10bp;gc_cont=0.474,ID=370_24;partial=00;start_type=ATG;rbs_motif=GGA/GAG/AGG;rbs_spacer=5-10bp;gc,14.0
JAIMKR010000007.1_131,C,C,C,S,ID=7_131;partial=00;start_type=ATG;rbs_motif=AGGAG;rbs_spacer=5-10bp;gc_cont=0.636,ID=7_131;partial=00;start_type=ATG;rbs_motif=AGGAG;rbs_spacer=5-10bp;gc,14.0
JAEYPR010000036.1_115,C,C,C,S,ID=9_115;partial=00;start_type=ATG;rbs_motif=AGGA;rbs_spacer=5-10bp;gc_cont=0.549,ID=9_115;partial=00;start_type=ATG;rbs_motif=AGGA;rbs_spacer=5-10bp;gc,14.0
NZ_CAJE01000013.1_246,C,C,C,S,ID=14_246;partial=00;start_type=ATG;rbs_motif=AGGAGG;rbs_spacer=5-10bp;gc_cont=0.598,ID=14_246;partial=00;start_type=ATG;rbs_motif=AGGAGG;rbs_spacer=5-10bp;gc,14.0
NZ_LN881724.1_1840,C,C,C,S,ID=7_1840;partial=00;start_type=ATG;rbs_motif=GGAGG;rbs_spacer=5-10bp;gc_cont=0.544,ID=7_1840;partial=00;start_type=ATG;rbs_motif=GGAGG;rbs_spacer=5-10bp;gc,14.0
NZ_RZNF01000004.1_67,C,C,C,S,ID=22_67;partial=00;start_type=ATG;rbs_motif=AGGA;rbs_spacer=5-10bp;gc_cont=0.608,ID=22_67;partial=00;start_type=ATG;rbs_motif=AGGA;rbs_spacer=5-10bp;gc,14.0
NZ_JACHIH010000003.1_50,C,C,C,S,ID=3_50;partial=00;start_type=ATG;rbs_motif=AGGAG;rbs_spacer=5-10bp;gc_cont=0.630,ID=3_50;partial=00;start_type=ATG;rbs_motif=AGGAG;rbs_spacer=5-10bp;gc,14.0
NZ_FNWO01000003.1_262,C,C,C,S,ID=14_262;partial=00;start_type=ATG;rbs_motif=AGGA;rbs_spacer=5-10bp;gc_cont=0.601,ID=14_262;partial=00;start_type=ATG;rbs_motif=AGGA;rbs_spacer=5-10bp;gc,14.0
PLXT01000077.1_59,C,C,C,S,ID=143_59;partial=00;start_type=ATG;rbs_motif=GGAG/GAGG;rbs_spacer=5-10bp;gc_cont=0.380,ID=143_59;partial=00;start_type=ATG;rbs_motif=GGAG/GAGG;rbs_spacer=5-10bp;gc,14.0
NZ_CCDG010000021.1_223,C,C,C,S,ID=21_223;partial=00;start_type=ATG;rbs_motif=GGxGG;rbs_spacer=5-10bp;gc_cont=0.567,ID=21_223;partial=00;start_type=ATG;rbs_motif=GGxGG;rbs_spacer=5-10bp;gc,14.0
JAFEDI010000127.1_35,C,C,C,S,ID=30_35;partial=00;start_type=ATG;rbs_motif=GGA/GAG/AGG;rbs_spacer=5-10bp;gc_cont=0.628,ID=30_35;partial=00;start_type=ATG;rbs_motif=GGA/GAG/AGG;rbs_spacer=5-10bp;gc,14.0
NZ_JABXYX010000042.1_1,C,C,C,S,ID=306_1;partial=00;start_type=ATG;rbs_motif=AGGAG;rbs_spacer=5-10bp;gc_cont=0.450,ID=306_1;partial=00;start_type=ATG;rbs_motif=AGGAG;rbs_spacer=5-10bp;gc,14.0
NZ_JACHXI010000006.1_24,C,C,C,S,ID=6_24;partial=00;start_type=ATG;rbs_motif=AGGAG;rbs_spacer=5-10bp;gc_cont=0.583,ID=6_24;partial=00;start_type=ATG;rbs_motif=AGGAG;rbs_spacer=5-10bp;gc,14.0
KI632513.1_2271,C,C,C,A,ID=1_2271;partial=00;start_type=ATG;rbs_motif=GGA/GAG/AGG;rbs_spacer=11-12bp;gc_cont=0.615,ID=1_2271;partial=00;start_type=ATG;rbs_motif=GGA/GAG/AGG;rbs_spacer=11-12bp;gc,13.0
LM995447.1_823,C,C,C,G,ID=1_823;partial=00;start_type=ATG;rbs_motif=AGGAGG;rbs_spacer=5-10bp;gc_cont=0.482,ID=1_823;partial=00;start_type=ATG;rbs_motif=AGGAGG;rbs_spacer=5-10bp;gc,13.0
LUYE01000048.1_18,C,C,C,S,ID=54_18;partial=00;start_type=GTG;rbs_motif=GGAGG;rbs_spacer=5-10bp;gc_cont=0.586,ID=54_18;partial=00;start_type=GTG;rbs_motif=GGAGG;rbs_spacer=5-10bp;gc,14.0
MDTP02000079.1_22,C,C,C,S,ID=79_22;partial=00;start_type=ATG;rbs_motif=AGGAGG;rbs_spacer=5-10bp;gc_cont=0.489,ID=79_22;partial=00;start_type=ATG;rbs_motif=AGGAGG;rbs_spacer=5-10bp;gc,14.0
MHBI01000031.1_8,C,C,C,S,ID=31_8;partial=00;start_type=ATG;rbs_motif=AGGAG;rbs_spacer=5-10bp;gc_cont=0.537,ID=31_8;partial=00;start_type=ATG;rbs_motif=AGGAG;rbs_spacer=5-10bp;gc,14.0
MVQH01000075.1_38,C,C,C,S,ID=75_38;partial=00;start_type=ATG;rbs_motif=GGAGG;rbs_spacer=5-10bp;gc_cont=0.549,ID=75_38;partial=00;start_type=ATG;rbs_motif=GGAGG;rbs_spacer=5-10bp;gc,14.0
NEUU01000012.1_15,C,C,C,S,ID=4_15;partial=00;start_type=ATG;rbs_motif=None;rbs_spacer=None;gc_cont=0.588,ID=4_15;partial=00;start_type=ATG;rbs_motif=None;rbs_spacer=None;gc,14.0
DCUX01000054.1_16,C,C,C,S,ID=1_16;partial=00;start_type=ATG;rbs_motif=AGGA/GGAG/GAGG;rbs_spacer=11-12bp;gc_cont=0.484,ID=1_16;partial=00;start_type=ATG;rbs_motif=AGGA/GGAG/GAGG;rbs_spacer=11-12bp;gc,14.0
DFEO01000118.1_2,C,C,C,G,ID=134_2;partial=00;start_type=ATG;rbs_motif=AGGAG;rbs_spacer=5-10bp;gc_cont=0.497,ID=134_2;partial=00;start_type=ATG;rbs_motif=AGGAG;rbs_spacer=5-10bp;gc,13.0
DHDP01000019.1_196,C,C,C,S,ID=13_196;partial=00;start_type=ATG;rbs_motif=GGAGG;rbs_spacer=5-10bp;gc_cont=0.524,ID=13_196;partial=00;start_type=ATG;rbs_motif=GGAGG;rbs_spacer=5-10bp;gc,14.0
DIUB01000164.1_16,C,C,C,S,ID=202_16;partial=00;start_type=ATG;rbs_motif=AGGAG;rbs_spacer=5-10bp;gc_cont=0.575,ID=202_16;partial=00;start_type=ATG;rbs_motif=AGGAG;rbs_spacer=5-10bp;gc,14.0
DJYC01000112.1_85,C,C,C,G,ID=103_85;partial=00;start_type=ATG;rbs_motif=GGA/GAG/AGG;rbs_spacer=5-10bp;gc_cont=0.430,ID=103_85;partial=00;start_type=ATG;rbs_motif=GGA/GAG/AGG;rbs_spacer=5-10bp;gc,13.0
NSJJ01000007.1_94,C,C,C,S,ID=25_94;partial=00;start_type=ATG;rbs_motif=AGGAG;rbs_spacer=5-10bp;gc_cont=0.596,ID=25_94;partial=00;start_type=ATG;rbs_motif=AGGAG;rbs_spacer=5-10bp;gc,14.0
PHAB01000006.1_16,C,C,C,S,ID=2_16;partial=00;start_type=ATG;rbs_motif=AGGAGG;rbs_spacer=5-10bp;gc_cont=0.514,ID=2_16;partial=00;start_type=ATG;rbs_motif=AGGAGG;rbs_spacer=5-10bp;gc,14.0
PKTX01000037.1_29,C,C,C,S,ID=68_29;partial=00;start_type=ATG;rbs_motif=GGAG/GAGG;rbs_spacer=5-10bp;gc_cont=0.600,ID=68_29;partial=00;start_type=ATG;rbs_motif=GGAG/GAGG;rbs_spacer=5-10bp;gc,14.0
NATV01000056.1_11,C,C,C,S,ID=56_11;partial=00;start_type=ATG;rbs_motif=AGGAG;rbs_spacer=5-10bp;gc_cont=0.571,ID=56_11;partial=00;start_type=ATG;rbs_motif=AGGAG;rbs_spacer=5-10bp;gc,14.0
PMBZ01000105.1_30,C,C,X,A,ID=48_30;partial=00;start_type=ATG;rbs_motif=GGAG/GAGG;rbs_spacer=5-10bp;gc_cont=0.617,ID=48_30;partial=00;start_type=ATG;rbs_motif=GGAG/GAGG;rbs_spacer=5-10bp;gc,10.0
PLTF01000063.1_36,C,C,C,S,ID=49_36;partial=00;start_type=ATG;rbs_motif=AGGAG;rbs_spacer=5-10bp;gc_cont=0.588,ID=49_36;partial=00;start_type=ATG;rbs_motif=AGGAG;rbs_spacer=5-10bp;gc,14.0
QKBZ01000131.1_3,C,C,C,S,ID=307_3;partial=00;start_type=ATG;rbs_motif=AGGAG;rbs_spacer=5-10bp;gc_cont=0.419,ID=307_3;partial=00;start_type=ATG;rbs_motif=AGGAG;rbs_spacer=5-10bp;gc,14.0
QKDO01000127.1_24,C,C,C,S,ID=29_24;partial=00;start_type=ATG;rbs_motif=GGAGG;rbs_spacer=5-10bp;gc_cont=0.555,ID=29_24;partial=00;start_type=ATG;rbs_motif=GGAGG;rbs_spacer=5-10bp;gc,14.0
DOZO01000010.1_7,C,C,C,S,ID=73_7;partial=00;start_type=ATG;rbs_motif=AGGAG;rbs_spacer=5-10bp;gc_cont=0.573,ID=73_7;partial=00;start_type=ATG;rbs_motif=AGGAG;rbs_spacer=5-10bp;gc,14.0
QZKW01000032.1_29,C,C,C,S,ID=51_29;partial=00;start_type=ATG;rbs_motif=AGGAG;rbs_spacer=5-10bp;gc_cont=0.543,ID=51_29;partial=00;start_type=ATG;rbs_motif=AGGAG;rbs_spacer=5-10bp;gc,14.0
SAQR01000020.1_34,C,C,C,A,ID=108_34;partial=00;start_type=ATG;rbs_motif=GGAG/GAGG;rbs_spacer=5-10bp;gc_cont=0.595,ID=108_34;partial=00;start_type=ATG;rbs_motif=GGAG/GAGG;rbs_spacer=5-10bp;gc,13.0
SCST01000456.1_4,C,C,C,S,ID=824_4;partial=00;start_type=ATG;rbs_motif=AGGAG;rbs_spacer=5-10bp;gc_cont=0.494,ID=824_4;partial=00;start_type=ATG;rbs_motif=AGGAG;rbs_spacer=5-10bp;gc,14.0
SXIZ01000135.1_16,-,C,C,S,ID=114_16;partial=00;start_type=ATG;rbs_motif=None;rbs_spacer=None;gc_cont=0.423,ID=114_16;partial=00;start_type=ATG;rbs_motif=None;rbs_spacer=None;gc,10.0
SLIO01000217.1_7,C,C,C,S,ID=320_7;partial=00;start_type=ATG;rbs_motif=AGGAG;rbs_spacer=5-10bp;gc_cont=0.508,ID=320_7;partial=00;start_type=ATG;rbs_motif=AGGAG;rbs_spacer=5-10bp;gc,14.0
RKSL01000116.1_5,C,C,C,S,ID=281_5;partial=00;start_type=ATG;rbs_motif=GGAG/GAGG;rbs_spacer=5-10bp;gc_cont=0.486,ID=281_5;partial=00;start_type=ATG;rbs_motif=GGAG/GAGG;rbs_spacer=5-10bp;gc,14.0
VSNY01000047.1_5,C,C,C,G,ID=296_5;partial=00;start_type=ATG;rbs_motif=AGGAGG;rbs_spacer=5-10bp;gc_cont=0.453,ID=296_5;partial=00;start_type=ATG;rbs_motif=AGGAGG;rbs_spacer=5-10bp;gc,13.0
DROX01000072.1_2,C,C,C,S,ID=72_2;partial=00;start_type=ATG;rbs_motif=AGGAGG;rbs_spacer=5-10bp;gc_cont=0.503,ID=72_2;partial=00;start_type=ATG;rbs_motif=AGGAGG;rbs_spacer=5-10bp;gc,14.0
VEPM01000035.1_32,C,C,C,S,ID=29_32;partial=00;start_type=ATG;rbs_motif=GGAG/GAGG;rbs_spacer=5-10bp;gc_cont=0.477,ID=29_32;partial=00;start_type=ATG;rbs_motif=GGAG/GAGG;rbs_spacer=5-10bp;gc,14.0
JAAYUK010000252.1_5,C,C,C,S,ID=57_5;partial=00;start_type=ATG;rbs_motif=GGAGG;rbs_spacer=5-10bp;gc_cont=0.554,ID=57_5;partial=00;start_type=ATG;rbs_motif=GGAGG;rbs_spacer=5-10bp;gc,14.0
WSZT01000099.1_2,C,C,C,S,ID=114_2;partial=00;start_type=ATG;rbs_motif=AGGAGG;rbs_spacer=5-10bp;gc_cont=0.505,ID=114_2;partial=00;start_type=ATG;rbs_motif=AGGAGG;rbs_spacer=5-10bp;gc,14.0
QBUN01000420.1_23,C,C,C,S,ID=394_23;partial=00;start_type=ATG;rbs_motif=AGGAGG;rbs_spacer=5-10bp;gc_cont=0.513,ID=394_23;partial=00;start_type=ATG;rbs_motif=AGGAGG;rbs_spacer=5-10bp;gc,14.0
JAAXWO010000013.1_10,C,C,C,S,ID=4_10;partial=00;start_type=ATG;rbs_motif=None;rbs_spacer=None;gc_cont=0.596,ID=4_10;partial=00;start_type=ATG;rbs_motif=None;rbs_spacer=None;gc,14.0
JACAUC010000118.1_5,C,C,C,S,ID=22_5;partial=00;start_type=ATG;rbs_motif=AGGAG(G)/GGAGG;rbs_spacer=13-15bp;gc_cont=0.499,ID=22_5;partial=00;start_type=ATG;rbs_motif=AGGAG(G)/GGAGG;rbs_spacer=13-15bp;gc,14.0
JABZFP010000007.1_199,C,C,C,S,ID=27_199;partial=00;start_type=ATG;rbs_motif=GGAG/GAGG;rbs_spacer=5-10bp;gc_cont=0.593,ID=27_199;partial=00;start_type=ATG;rbs_motif=GGAG/GAGG;rbs_spacer=5-10bp;gc,14.0
SVFN01000038.1_17,C,C,C,G,ID=10_17;partial=00;start_type=ATG;rbs_motif=GGAG/GAGG;rbs_spacer=5-10bp;gc_cont=0.445,ID=10_17;partial=00;start_type=ATG;rbs_motif=GGAG/GAGG;rbs_spacer=5-10bp;gc,13.0
JADGBE010000018.1_29,C,C,C,S,ID=99_29;partial=00;start_type=ATG;rbs_motif=GGA/GAG/AGG;rbs_spacer=5-10bp;gc_cont=0.409,ID=99_29;partial=00;start_type=ATG;rbs_motif=GGA/GAG/AGG;rbs_spacer=5-10bp;gc,14.0
JACYMD010000045.1_8,-,C,C,S,ID=56_8;partial=00;start_type=GTG;rbs_motif=None;rbs_spacer=None;gc_cont=0.424,ID=56_8;partial=00;start_type=GTG;rbs_motif=None;rbs_spacer=None;gc,10.0
JAECRO010000012.1_25,C,C,C,A,ID=15_25;partial=00;start_type=ATG;rbs_motif=GGAG/GAGG;rbs_spacer=5-10bp;gc_cont=0.594,ID=15_25;partial=00;start_type=ATG;rbs_motif=GGAG/GAGG;rbs_spacer=5-10bp;gc,13.0
JACQWU010000204.1_8,C,C,C,S,ID=58_8;partial=00;start_type=ATG;rbs_motif=AGGAG;rbs_spacer=5-10bp;gc_cont=0.389,ID=58_8;partial=00;start_type=ATG;rbs_motif=AGGAG;rbs_spacer=5-10bp;gc,14.0
JACRHS010000005.1_145,C,C,C,S,ID=19_145;partial=00;start_type=ATG;rbs_motif=None;rbs_spacer=None;gc_cont=0.639,ID=19_145;partial=00;start_type=ATG;rbs_motif=None;rbs_spacer=None;gc,14.0
JACRPV010000196.1_3,C,C,C,S,ID=149_3;partial=00;start_type=ATG;rbs_motif=AGGAG;rbs_spacer=5-10bp;gc_cont=0.571,ID=149_3;partial=00;start_type=ATG;rbs_motif=AGGAG;rbs_spacer=5-10bp;gc,14.0
JAEENG010000039.1_19,C,C,C,G,ID=203_19;partial=00;start_type=ATG;rbs_motif=GGA/GAG/AGG;rbs_spacer=5-10bp;gc_cont=0.443,ID=203_19;partial=00;start_type=ATG;rbs_motif=GGA/GAG/AGG;rbs_spacer=5-10bp;gc,13.0
JAERRP010000841.1_2,C,C,C,S,ID=87_2;partial=01;start_type=ATG;rbs_motif=GGA/GAG/AGG;rbs_spacer=5-10bp;gc_cont=0.475,ID=87_2;partial=01;start_type=ATG;rbs_motif=GGA/GAG/AGG;rbs_spacer=5-10bp;gc,14.0
JAEULH010000097.1_3,C,C,C,A,ID=13_3;partial=00;start_type=ATG;rbs_motif=AGGAG;rbs_spacer=5-10bp;gc_cont=0.638,ID=13_3;partial=00;start_type=ATG;rbs_motif=AGGAG;rbs_spacer=5-10bp;gc,13.0
JAFGER010000034.1_1,C,C,C,S,ID=60_1;partial=10;start_type=ATG;rbs_motif=AGGAG;rbs_spacer=5-10bp;gc_cont=0.615,ID=60_1;partial=10;start_type=ATG;rbs_motif=AGGAG;rbs_spacer=5-10bp;gc,14.0
JAFGVP010000102.1_94,C,C,C,S,ID=24_94;partial=00;start_type=ATG;rbs_motif=AGGAG;rbs_spacer=5-10bp;gc_cont=0.568,ID=24_94;partial=00;start_type=ATG;rbs_motif=AGGAG;rbs_spacer=5-10bp;gc,14.0
JAFPYR010000130.1_1,C,C,C,G,ID=86_1;partial=10;start_type=ATG;rbs_motif=TAA;rbs_spacer=12bp;gc_cont=0.485,ID=86_1;partial=10;start_type=ATG;rbs_motif=TAA;rbs_spacer=12bp;gc,13.0
JAFUAD010000046.1_11,C,C,C,G,ID=19_11;partial=00;start_type=ATG;rbs_motif=GGAGG;rbs_spacer=5-10bp;gc_cont=0.549,ID=19_11;partial=00;start_type=ATG;rbs_motif=GGAGG;rbs_spacer=5-10bp;gc,13.0
JAFWRL010000151.1_11,C,C,C,G,ID=125_11;partial=00;start_type=ATG;rbs_motif=GGAG/GAGG;rbs_spacer=5-10bp;gc_cont=0.470,ID=125_11;partial=00;start_type=ATG;rbs_motif=GGAG/GAGG;rbs_spacer=5-10bp;gc,13.0
JAGFXX010000001.1_1190,C,C,C,A,ID=1_1190;partial=00;start_type=ATG;rbs_motif=AGGA;rbs_spacer=5-10bp;gc_cont=0.637,ID=1_1190;partial=00;start_type=ATG;rbs_motif=AGGA;rbs_spacer=5-10bp;gc,13.0
JAGHZQ010000053.1_79,C,C,C,S,ID=67_79;partial=00;start_type=ATG;rbs_motif=GGAG/GAGG;rbs_spacer=5-10bp;gc_cont=0.499,ID=67_79;partial=00;start_type=ATG;rbs_motif=GGAG/GAGG;rbs_spacer=5-10bp;gc,14.0
JAGAYD010000135.1_12,C,C,C,S,ID=253_12;partial=00;start_type=ATG;rbs_motif=AGGAGG;rbs_spacer=5-10bp;gc_cont=0.460,ID=253_12;partial=00;start_type=ATG;rbs_motif=AGGAGG;rbs_spacer=5-10bp;gc,14.0
JAGPIY010000055.1_6,C,C,C,S,ID=224_6;partial=00;start_type=ATG;rbs_motif=TAA;rbs_spacer=11bp;gc_cont=0.414,ID=224_6;partial=00;start_type=ATG;rbs_motif=TAA;rbs_spacer=11bp;gc,14.0
JAHHZF010000006.1_226,C,C,C,A,ID=44_226;partial=00;start_type=ATG;rbs_motif=GGAG/GAGG;rbs_spacer=5-10bp;gc_cont=0.657,ID=44_226;partial=00;start_type=ATG;rbs_motif=GGAG/GAGG;rbs_spacer=5-10bp;gc,13.0
JAHJHI010000039.1_119,C,C,C,A,ID=38_119;partial=00;start_type=ATG;rbs_motif=AGGAG;rbs_spacer=5-10bp;gc_cont=0.618,ID=38_119;partial=00;start_type=ATG;rbs_motif=AGGAG;rbs_spacer=5-10bp;gc,13.0
CP076745.1_443,C,C,C,S,ID=1_443;partial=00;start_type=ATG;rbs_motif=GGAG/GAGG;rbs_spacer=5-10bp;gc_cont=0.481,ID=1_443;partial=00;start_type=ATG;rbs_motif=GGAG/GAGG;rbs_spacer=5-10bp;gc,14.0
JAIFKM010000218.1_12,C,C,C,S,ID=181_12;partial=00;start_type=ATG;rbs_motif=GGA/GAG/AGG;rbs_spacer=5-10bp;gc_cont=0.578,ID=181_12;partial=00;start_type=ATG;rbs_motif=GGA/GAG/AGG;rbs_spacer=5-10bp;gc,14.0
JAIWON010000062.1_1,C,C,C,A,ID=68_1;partial=10;start_type=ATG;rbs_motif=GGAG/GAGG;rbs_spacer=5-10bp;gc_cont=0.483,ID=68_1;partial=10;start_type=ATG;rbs_motif=GGAG/GAGG;rbs_spacer=5-10bp;gc,13.0
JACKJC010000003.1_18,C,C,C,A,ID=3_18;partial=00;start_type=ATG;rbs_motif=AGGAG;rbs_spacer=5-10bp;gc_cont=0.623,ID=3_18;partial=00;start_type=ATG;rbs_motif=AGGAG;rbs_spacer=5-10bp;gc,13.0
DYEV01000023.1_79,C,C,C,S,ID=20_79;partial=00;start_type=ATG;rbs_motif=AGGA;rbs_spacer=5-10bp;gc_cont=0.592,ID=20_79;partial=00;start_type=ATG;rbs_motif=AGGA;rbs_spacer=5-10bp;gc,14.0
JAJPXP010000011.1_2,C,C,C,G,ID=6_2;partial=00;start_type=ATG;rbs_motif=AGGAGG;rbs_spacer=5-10bp;gc_cont=0.464,ID=6_2;partial=00;start_type=ATG;rbs_motif=AGGAGG;rbs_spacer=5-10bp;gc,13.0
JAIOYK010000004.1_16,C,C,C,S,ID=78_16;partial=00;start_type=ATG;rbs_motif=GGAG/GAGG;rbs_spacer=5-10bp;gc_cont=0.612,ID=78_16;partial=00;start_type=ATG;rbs_motif=GGAG/GAGG;rbs_spacer=5-10bp;gc,14.0
JAJXXD010000160.1_12,C,C,C,S,ID=98_12;partial=00;start_type=ATG;rbs_motif=AGGAGG;rbs_spacer=11-12bp;gc_cont=0.421,ID=98_12;partial=00;start_type=ATG;rbs_motif=AGGAGG;rbs_spacer=11-12bp;gc,14.0
JAJZBN010000021.1_27,C,C,C,S,ID=113_27;partial=00;start_type=ATG;rbs_motif=GGAGG;rbs_spacer=5-10bp;gc_cont=0.400,ID=113_27;partial=00;start_type=ATG;rbs_motif=GGAGG;rbs_spacer=5-10bp;gc,14.0
JAJZPM010000002.1_125,C,C,C,S,ID=41_125;partial=00;start_type=ATG;rbs_motif=GGAGG;rbs_spacer=5-10bp;gc_cont=0.533,ID=41_125;partial=00;start_type=ATG;rbs_motif=GGAGG;rbs_spacer=5-10bp;gc,14.0
JAKARI010000016.1_49,C,C,C,A,ID=39_49;partial=00;start_type=ATG;rbs_motif=GGAG/GAGG;rbs_spacer=5-10bp;gc_cont=0.602,ID=39_49;partial=00;start_type=ATG;rbs_motif=GGAG/GAGG;rbs_spacer=5-10bp;gc,13.0
JAJZGM010000098.1_3,C,C,C,A,ID=54_3;partial=00;start_type=ATG;rbs_motif=GGAG/GAGG;rbs_spacer=5-10bp;gc_cont=0.605,ID=54_3;partial=00;start_type=ATG;rbs_motif=GGAG/GAGG;rbs_spacer=5-10bp;gc,13.0
JAJZSC010000043.1_12,C,C,C,S,ID=477_12;partial=00;start_type=ATG;rbs_motif=AGGA;rbs_spacer=5-10bp;gc_cont=0.425,ID=477_12;partial=00;start_type=ATG;rbs_motif=AGGA;rbs_spacer=5-10bp;gc,14.0
JAFLVQ010000044.1_8,C,C,C,G,ID=147_8;partial=00;start_type=ATG;rbs_motif=AGGAG;rbs_spacer=5-10bp;gc_cont=0.423,ID=147_8;partial=00;start_type=ATG;rbs_motif=AGGAG;rbs_spacer=5-10bp;gc,13.0
JALHHV010000204.1_6,C,C,C,S,ID=524_6;partial=00;start_type=ATG;rbs_motif=GGA/GAG/AGG;rbs_spacer=5-10bp;gc_cont=0.663,ID=524_6;partial=00;start_type=ATG;rbs_motif=GGA/GAG/AGG;rbs_spacer=5-10bp;gc,14.0
JALNVI010000021.1_18,C,C,C,S,ID=21_18;partial=00;start_type=ATG;rbs_motif=GGAG/GAGG;rbs_spacer=5-10bp;gc_cont=0.498,ID=21_18;partial=00;start_type=ATG;rbs_motif=GGAG/GAGG;rbs_spacer=5-10bp;gc,14.0
JAEWCZ010000066.1_537,C,C,C,S,ID=25_537;partial=00;start_type=ATG;rbs_motif=AGGAGG;rbs_spacer=5-10bp;gc_cont=0.414,ID=25_537;partial=00;start_type=ATG;rbs_motif=AGGAGG;rbs_spacer=5-10bp;gc,14.0
JAEWXF010000023.1_24,C,C,C,S,ID=4_24;partial=00;start_type=ATG;rbs_motif=GGAGG;rbs_spacer=5-10bp;gc_cont=0.567,ID=4_24;partial=00;start_type=ATG;rbs_motif=GGAGG;rbs_spacer=5-10bp;gc,14.0
JAEYGI010000040.1_414,C,C,C,S,ID=39_414;partial=00;start_type=ATG;rbs_motif=GGAGG;rbs_spacer=5-10bp;gc_cont=0.544,ID=39_414;partial=00;start_type=ATG;rbs_motif=GGAGG;rbs_spacer=5-10bp;gc,14.0
JAEYOP010000020.1_101,C,C,C,S,ID=2_101;partial=00;start_type=ATG;rbs_motif=GGxGG;rbs_spacer=5-10bp;gc_cont=0.550,ID=2_101;partial=00;start_type=ATG;rbs_motif=GGxGG;rbs_spacer=5-10bp;gc,14.0
JAEZKF010000011.1_23,C,C,C,G,ID=41_23;partial=00;start_type=ATG;rbs_motif=AGGAGG;rbs_spacer=5-10bp;gc_cont=0.552,ID=41_23;partial=00;start_type=ATG;rbs_motif=AGGAGG;rbs_spacer=5-10bp;gc,13.0
JAEZTC010000013.1_591,C,C,C,S,ID=6_591;partial=00;start_type=ATG;rbs_motif=AGGAGG;rbs_spacer=5-10bp;gc_cont=0.421,ID=6_591;partial=00;start_type=ATG;rbs_motif=AGGAGG;rbs_spacer=5-10bp;gc,14.0
JAEYTP010000094.1_52,C,C,C,S,ID=37_52;partial=00;start_type=ATG;rbs_motif=GGAGG;rbs_spacer=5-10bp;gc_cont=0.418,ID=37_52;partial=00;start_type=ATG;rbs_motif=GGAGG;rbs_spacer=5-10bp;gc,14.0
JAEZFK010000083.1_6,C,C,C,S,ID=65_6;partial=00;start_type=ATG;rbs_motif=AGGAGG;rbs_spacer=5-10bp;gc_cont=0.496,ID=65_6;partial=00;start_type=ATG;rbs_motif=AGGAGG;rbs_spacer=5-10bp;gc,14.0
JAEZUE010000035.1_23,C,C,C,S,ID=70_23;partial=00;start_type=ATG;rbs_motif=None;rbs_spacer=None;gc_cont=0.629,ID=70_23;partial=00;start_type=ATG;rbs_motif=None;rbs_spacer=None;gc,14.0
JAEYLC010000010.1_339,C,C,C,S,ID=10_339;partial=00;start_type=ATG;rbs_motif=GGAGG;rbs_spacer=5-10bp;gc_cont=0.574,ID=10_339;partial=00;start_type=ATG;rbs_motif=GGAGG;rbs_spacer=5-10bp;gc,14.0
JANBVI010000074.1_84,C,C,C,S,ID=74_84;partial=00;start_type=ATG;rbs_motif=GGA/GAG/AGG;rbs_spacer=5-10bp;gc_cont=0.450,ID=74_84;partial=00;start_type=ATG;rbs_motif=GGA/GAG/AGG;rbs_spacer=5-10bp;gc,14.0
JAGXGJ010000082.1_15,C,C,C,S,ID=132_15;partial=00;start_type=ATG;rbs_motif=AGGAG;rbs_spacer=5-10bp;gc_cont=0.456,ID=132_15;partial=00;start_type=ATG;rbs_motif=AGGAG;rbs_spacer=5-10bp;gc,14.0
JAILMR010000031.1_21,C,C,C,G,ID=112_21;partial=00;start_type=ATG;rbs_motif=AGGAGG;rbs_spacer=5-10bp;gc_cont=0.452,ID=112_21;partial=00;start_type=ATG;rbs_motif=AGGAGG;rbs_spacer=5-10bp;gc,13.0
JANTGG010000051.1_14,C,C,C,S,ID=51_14;partial=00;start_type=ATG;rbs_motif=GGAG/GAGG;rbs_spacer=5-10bp;gc_cont=0.484,ID=51_14;partial=00;start_type=ATG;rbs_motif=GGAG/GAGG;rbs_spacer=5-10bp;gc,14.0
FXAI01000004.1_125,C,C,C,S,ID=25_125;partial=00;start_type=ATG;rbs_motif=AGGAG;rbs_spacer=5-10bp;gc_cont=0.459,ID=25_125;partial=00;start_type=ATG;rbs_motif=AGGAG;rbs_spacer=5-10bp;gc,14.0
ONMZ01000011.1_35,C,C,C,G,ID=21_35;partial=00;start_type=ATG;rbs_motif=AGGAG;rbs_spacer=5-10bp;gc_cont=0.476,ID=21_35;partial=00;start_type=ATG;rbs_motif=AGGAG;rbs_spacer=5-10bp;gc,13.0
CABMDX010000290.1_1,C,C,C,S,ID=290_1;partial=10;start_type=ATG;rbs_motif=GGAGG;rbs_spacer=5-10bp;gc_cont=0.585,ID=290_1;partial=10;start_type=ATG;rbs_motif=GGAGG;rbs_spacer=5-10bp;gc,14.0
CACXGK010000155.1_3,C,C,C,G,ID=155_3;partial=00;start_type=ATG;rbs_motif=AGGAGG;rbs_spacer=5-10bp;gc_cont=0.531,ID=155_3;partial=00;start_type=ATG;rbs_motif=AGGAGG;rbs_spacer=5-10bp;gc,13.0
CACZIV010000056.1_7,C,C,C,G,ID=56_7;partial=00;start_type=ATG;rbs_motif=AGGAGG;rbs_spacer=5-10bp;gc_cont=0.520,ID=56_7;partial=00;start_type=ATG;rbs_motif=AGGAGG;rbs_spacer=5-10bp;gc,13.0
CADANF010000012.1_92,C,C,C,G,ID=12_92;partial=00;start_type=ATG;rbs_motif=AGGAGG;rbs_spacer=5-10bp;gc_cont=0.365,ID=12_92;partial=00;start_type=ATG;rbs_motif=AGGAGG;rbs_spacer=5-10bp;gc,13.0
CADCHG010000008.1_14,C,C,C,G,ID=8_14;partial=00;start_type=ATG;rbs_motif=None;rbs_spacer=None;gc_cont=0.503,ID=8_14;partial=00;start_type=ATG;rbs_motif=None;rbs_spacer=None;gc,13.0
CAIJVD010000023.1_206,C,C,C,S,ID=23_206;partial=00;start_type=ATG;rbs_motif=None;rbs_spacer=None;gc_cont=0.573,ID=23_206;partial=00;start_type=ATG;rbs_motif=None;rbs_spacer=None;gc,14.0
CAIMXI010000035.1_33,C,C,C,S,ID=35_33;partial=00;start_type=ATG;rbs_motif=AGGAG;rbs_spacer=5-10bp;gc_cont=0.527,ID=35_33;partial=00;start_type=ATG;rbs_motif=AGGAG;rbs_spacer=5-10bp;gc,14.0
CAIPTY010000060.1_67,C,C,C,S,ID=60_67;partial=00;start_type=ATG;rbs_motif=AGGAG;rbs_spacer=5-10bp;gc_cont=0.546,ID=60_67;partial=00;start_type=ATG;rbs_motif=AGGAG;rbs_spacer=5-10bp;gc,14.0
CAIRXW010000011.1_12,C,C,C,S,ID=11_12;partial=00;start_type=ATG;rbs_motif=None;rbs_spacer=None;gc_cont=0.521,ID=11_12;partial=00;start_type=ATG;rbs_motif=None;rbs_spacer=None;gc,14.0
CAIUWK010000045.1_13,C,C,C,S,ID=45_13;partial=00;start_type=ATG;rbs_motif=AGGAG;rbs_spacer=5-10bp;gc_cont=0.576,ID=45_13;partial=00;start_type=ATG;rbs_motif=AGGAG;rbs_spacer=5-10bp;gc,14.0
CAIXNB010000098.1_10,C,C,C,A,ID=98_10;partial=00;start_type=ATG;rbs_motif=AGGAG;rbs_spacer=5-10bp;gc_cont=0.606,ID=98_10;partial=00;start_type=ATG;rbs_motif=AGGAG;rbs_spacer=5-10bp;gc,13.0
CAIZIZ010000369.1_8,C,C,C,S,ID=369_8;partial=00;start_type=ATG;rbs_motif=AGGAG;rbs_spacer=5-10bp;gc_cont=0.585,ID=369_8;partial=00;start_type=ATG;rbs_motif=AGGAG;rbs_spacer=5-10bp;gc,14.0
CAJHIS010000027.1_13,C,C,C,S,ID=27_13;partial=00;start_type=ATG;rbs_motif=GGAGG;rbs_spacer=5-10bp;gc_cont=0.515,ID=27_13;partial=00;start_type=ATG;rbs_motif=GGAGG;rbs_spacer=5-10bp;gc,14.0
CAJXQR010000014.1_20,C,C,C,S,ID=14_20;partial=00;start_type=ATG;rbs_motif=AGGAG;rbs_spacer=5-10bp;gc_cont=0.469,ID=14_20;partial=00;start_type=ATG;rbs_motif=AGGAG;rbs_spacer=5-10bp;gc,14.0
CALZIZ010000181.1_10,C,C,C,S,ID=181_10;partial=00;start_type=ATG;rbs_motif=AGGAG;rbs_spacer=5-10bp;gc_cont=0.600,ID=181_10;partial=00;start_type=ATG;rbs_motif=AGGAG;rbs_spacer=5-10bp;gc,14.0
NC_007517.1_670,C,C,C,S,ID=1_670;partial=00;start_type=ATG;rbs_motif=AGGAG;rbs_spacer=5-10bp;gc_cont=0.618,ID=1_670;partial=00;start_type=ATG;rbs_motif=AGGAG;rbs_spacer=5-10bp;gc,14.0
NC_010627.1_492,C,C,C,A,ID=4_492;partial=00;start_type=ATG;rbs_motif=AGGAG;rbs_spacer=5-10bp;gc_cont=0.548,ID=4_492;partial=00;start_type=ATG;rbs_motif=AGGAG;rbs_spacer=5-10bp;gc,13.0
NC_013216.1_990,C,C,C,S,ID=1_990;partial=00;start_type=ATG;rbs_motif=GGAGG;rbs_spacer=5-10bp;gc_cont=0.449,ID=1_990;partial=00;start_type=ATG;rbs_motif=GGAGG;rbs_spacer=5-10bp;gc,14.0
NZ_AAEW02000007.1_87,C,C,C,S,ID=45_87;partial=00;start_type=ATG;rbs_motif=GGAG/GAGG;rbs_spacer=5-10bp;gc_cont=0.508,ID=45_87;partial=00;start_type=ATG;rbs_motif=GGAG/GAGG;rbs_spacer=5-10bp;gc,14.0
NC_014972.1_3041,C,C,C,S,ID=1_3041;partial=00;start_type=ATG;rbs_motif=GGAG/GAGG;rbs_spacer=5-10bp;gc_cont=0.620,ID=1_3041;partial=00;start_type=ATG;rbs_motif=GGAG/GAGG;rbs_spacer=5-10bp;gc,14.0
NZ_CM001240.1_3264,C,C,C,S,ID=1_3264;partial=00;start_type=ATG;rbs_motif=GGAGG;rbs_spacer=5-10bp;gc_cont=0.331,ID=1_3264;partial=00;start_type=ATG;rbs_motif=GGAGG;rbs_spacer=5-10bp;gc,14.0
NZ_AJGU01000003.1_177,C,C,C,G,ID=3_177;partial=00;start_type=ATG;rbs_motif=AGGA;rbs_spacer=5-10bp;gc_cont=0.374,ID=3_177;partial=00;start_type=ATG;rbs_motif=AGGA;rbs_spacer=5-10bp;gc,13.0
NZ_AEYE02000038.1_16,C,C,C,A,ID=2_16;partial=00;start_type=ATG;rbs_motif=GGA/GAG/AGG;rbs_spacer=5-10bp;gc_cont=0.588,ID=2_16;partial=00;start_type=ATG;rbs_motif=GGA/GAG/AGG;rbs_spacer=5-10bp;gc,13.0
NC_020304.1_332,C,C,C,S,ID=1_332;partial=00;start_type=ATG;rbs_motif=GGAG/GAGG;rbs_spacer=5-10bp;gc_cont=0.484,ID=1_332;partial=00;start_type=ATG;rbs_motif=GGAG/GAGG;rbs_spacer=5-10bp;gc,14.0
NZ_KB899493.1_264,C,C,C,S,ID=3_264;partial=00;start_type=ATG;rbs_motif=AGGAG;rbs_spacer=5-10bp;gc_cont=0.649,ID=3_264;partial=00;start_type=ATG;rbs_motif=AGGAG;rbs_spacer=5-10bp;gc,14.0
NZ_ATUZ01000015.1_108,C,C,C,S,ID=15_108;partial=00;start_type=ATG;rbs_motif=GGAG/GAGG;rbs_spacer=5-10bp;gc_cont=0.585,ID=15_108;partial=00;start_type=ATG;rbs_motif=GGAG/GAGG;rbs_spacer=5-10bp;gc,14.0
NZ_AUEZ01000097.1_29,C,C,C,A,ID=96_29;partial=00;start_type=ATG;rbs_motif=AGGA;rbs_spacer=5-10bp;gc_cont=0.581,ID=96_29;partial=00;start_type=ATG;rbs_motif=AGGA;rbs_spacer=5-10bp;gc,13.0
NZ_AUCX01000006.1_165,C,C,C,S,ID=4_165;partial=00;start_type=ATG;rbs_motif=AGGAGG;rbs_spacer=5-10bp;gc_cont=0.490,ID=4_165;partial=00;start_type=ATG;rbs_motif=AGGAGG;rbs_spacer=5-10bp;gc,14.0
NZ_AUZM01000010.1_61,C,C,C,S,ID=10_61;partial=00;start_type=ATG;rbs_motif=GGAG/GAGG;rbs_spacer=5-10bp;gc_cont=0.464,ID=10_61;partial=00;start_type=ATG;rbs_motif=GGAG/GAGG;rbs_spacer=5-10bp;gc,14.0
NZ_KI912608.1_866,C,C,C,S,ID=1_866;partial=00;start_type=ATG;rbs_motif=AGGA;rbs_spacer=5-10bp;gc_cont=0.609,ID=1_866;partial=00;start_type=ATG;rbs_motif=AGGA;rbs_spacer=5-10bp;gc,14.0
NZ_KK211305.1_214,C,C,C,G,ID=1_214;partial=00;start_type=ATG;rbs_motif=GGAGG;rbs_spacer=5-10bp;gc_cont=0.438,ID=1_214;partial=00;start_type=ATG;rbs_motif=GGAGG;rbs_spacer=5-10bp;gc,13.0
NZ_JOMJ01000003.1_1750,C,C,C,S,ID=3_1750;partial=00;start_type=ATG;rbs_motif=GGAG/GAGG;rbs_spacer=5-10bp;gc_cont=0.655,ID=3_1750;partial=00;start_type=ATG;rbs_motif=GGAG/GAGG;rbs_spacer=5-10bp;gc,14.0
NZ_JMGA01000028.1_61,C,C,C,S,ID=33_61;partial=00;start_type=ATG;rbs_motif=AGGA;rbs_spacer=5-10bp;gc_cont=0.479,ID=33_61;partial=00;start_type=ATG;rbs_motif=AGGA;rbs_spacer=5-10bp;gc,14.0
NZ_JRHC01000008.1_12,C,C,C,S,ID=18_12;partial=00;start_type=ATG;rbs_motif=TAAAAA;rbs_spacer=8bp;gc_cont=0.442,ID=18_12;partial=00;start_type=ATG;rbs_motif=TAAAAA;rbs_spacer=8bp;gc,14.0
NZ_CP011930.1_2830,C,C,C,A,ID=1_2830;partial=00;start_type=ATG;rbs_motif=GGA/GAG/AGG;rbs_spacer=5-10bp;gc_cont=0.614,ID=1_2830;partial=00;start_type=ATG;rbs_motif=GGA/GAG/AGG;rbs_spacer=5-10bp;gc,13.0
NZ_BCNW01000001.1_1162,C,C,C,G,ID=1_1162;partial=00;start_type=ATG;rbs_motif=GGAGG;rbs_spacer=5-10bp;gc_cont=0.680,ID=1_1162;partial=00;start_type=ATG;rbs_motif=GGAGG;rbs_spacer=5-10bp;gc,13.0
NZ_LWQT01000109.1_132,C,C,C,S,ID=109_132;partial=00;start_type=ATG;rbs_motif=AGGAG;rbs_spacer=5-10bp;gc_cont=0.613,ID=109_132;partial=00;start_type=ATG;rbs_motif=AGGAG;rbs_spacer=5-10bp;gc,14.0
NZ_MCGV01000001.1_1736,C,C,C,S,ID=1_1736;partial=00;start_type=ATG;rbs_motif=AGGAGG;rbs_spacer=5-10bp;gc_cont=0.339,ID=1_1736;partial=00;start_type=ATG;rbs_motif=AGGAGG;rbs_spacer=5-10bp;gc,14.0
NZ_MLQR01000001.1_355,C,C,C,S,ID=1_355;partial=00;start_type=ATG;rbs_motif=GGAG/GAGG;rbs_spacer=5-10bp;gc_cont=0.368,ID=1_355;partial=00;start_type=ATG;rbs_motif=GGAG/GAGG;rbs_spacer=5-10bp;gc,14.0
NZ_MRDM01000012.1_56,C,C,C,A,ID=15_56;partial=00;start_type=ATG;rbs_motif=GGAG/GAGG;rbs_spacer=5-10bp;gc_cont=0.542,ID=15_56;partial=00;start_type=ATG;rbs_motif=GGAG/GAGG;rbs_spacer=5-10bp;gc,13.0
NZ_NADJ01000040.1_390,C,C,C,S,ID=35_390;partial=00;start_type=ATG;rbs_motif=AGGA;rbs_spacer=5-10bp;gc_cont=0.479,ID=35_390;partial=00;start_type=ATG;rbs_motif=AGGA;rbs_spacer=5-10bp;gc,14.0
NZ_CP014137.1_1450,C,C,C,S,ID=1_1450;partial=00;start_type=ATG;rbs_motif=GGAGG;rbs_spacer=5-10bp;gc_cont=0.540,ID=1_1450;partial=00;start_type=ATG;rbs_motif=GGAGG;rbs_spacer=5-10bp;gc,14.0
NZ_MWMO01000010.1_28,C,C,C,A,ID=2_28;partial=00;start_type=ATG;rbs_motif=AGGAG;rbs_spacer=5-10bp;gc_cont=0.631,ID=2_28;partial=00;start_type=ATG;rbs_motif=AGGAG;rbs_spacer=5-10bp;gc,13.0
NZ_PDZR01000001.1_368,C,C,C,A,ID=11_368;partial=00;start_type=ATG;rbs_motif=GGA/GAG/AGG;rbs_spacer=5-10bp;gc_cont=0.587,ID=11_368;partial=00;start_type=ATG;rbs_motif=GGA/GAG/AGG;rbs_spacer=5-10bp;gc,13.0
NZ_PRLH01000006.1_26,C,C,C,S,ID=151_26;partial=00;start_type=ATG;rbs_motif=GGAG/GAGG;rbs_spacer=5-10bp;gc_cont=0.427,ID=151_26;partial=00;start_type=ATG;rbs_motif=GGAG/GAGG;rbs_spacer=5-10bp;gc,14.0
NZ_CP022253.1_2292,C,C,C,A,ID=1_2292;partial=00;start_type=ATG;rbs_motif=AGGAG;rbs_spacer=5-10bp;gc_cont=0.629,ID=1_2292;partial=00;start_type=ATG;rbs_motif=AGGAG;rbs_spacer=5-10bp;gc,13.0
NZ_QLME01000002.1_101,C,C,C,S,ID=2_101;partial=00;start_type=ATG;rbs_motif=GGAGG;rbs_spacer=5-10bp;gc_cont=0.393,ID=2_101;partial=00;start_type=ATG;rbs_motif=GGAGG;rbs_spacer=5-10bp;gc,14.0
NZ_QUWV01000071.1_44,C,C,C,A,ID=226_44;partial=00;start_type=ATG;rbs_motif=AGGA/GGAG/GAGG;rbs_spacer=11-12bp;gc_cont=0.592,ID=226_44;partial=00;start_type=ATG;rbs_motif=AGGA/GGAG/GAGG;rbs_spacer=11-12bp;gc,13.0
NZ_RJLQ01000001.1_9,C,C,C,S,ID=14_9;partial=00;start_type=ATG;rbs_motif=AGGAGG;rbs_spacer=5-10bp;gc_cont=0.436,ID=14_9;partial=00;start_type=ATG;rbs_motif=AGGAGG;rbs_spacer=5-10bp;gc,14.0
NZ_ML133540.1_37,C,C,C,A,ID=20_37;partial=00;start_type=ATG;rbs_motif=GGAG/GAGG;rbs_spacer=5-10bp;gc_cont=0.541,ID=20_37;partial=00;start_type=ATG;rbs_motif=GGAG/GAGG;rbs_spacer=5-10bp;gc,13.0
NZ_LBJC01000002.1_47,C,C,C,A,ID=71_47;partial=00;start_type=ATG;rbs_motif=AGGA;rbs_spacer=5-10bp;gc_cont=0.558,ID=71_47;partial=00;start_type=ATG;rbs_motif=AGGA;rbs_spacer=5-10bp;gc,13.0
NZ_SMGD01000011.1_7,C,C,C,S,ID=1_7;partial=00;start_type=ATG;rbs_motif=AGGAG;rbs_spacer=5-10bp;gc_cont=0.426,ID=1_7;partial=00;start_type=ATG;rbs_motif=AGGAG;rbs_spacer=5-10bp;gc,14.0
NZ_SNXY01000009.1_56,C,C,C,A,ID=4_56;partial=00;start_type=ATG;rbs_motif=AGGA;rbs_spacer=5-10bp;gc_cont=0.667,ID=4_56;partial=00;start_type=ATG;rbs_motif=AGGA;rbs_spacer=5-10bp;gc,13.0
NZ_CP039650.1_1852,C,C,C,A,ID=1_1852;partial=00;start_type=ATG;rbs_motif=AGGAG;rbs_spacer=5-10bp;gc_cont=0.627,ID=1_1852;partial=00;start_type=ATG;rbs_motif=AGGAG;rbs_spacer=5-10bp;gc,13.0
NZ_VHLG01000012.1_114,C,C,C,A,ID=55_114;partial=00;start_type=ATG;rbs_motif=GGAG/GAGG;rbs_spacer=5-10bp;gc_cont=0.588,ID=55_114;partial=00;start_type=ATG;rbs_motif=GGAG/GAGG;rbs_spacer=5-10bp;gc,13.0
NZ_VITR01000011.1_138,C,C,C,A,ID=11_138;partial=00;start_type=ATG;rbs_motif=GGAG/GAGG;rbs_spacer=5-10bp;gc_cont=0.646,ID=11_138;partial=00;start_type=ATG;rbs_motif=GGAG/GAGG;rbs_spacer=5-10bp;gc,13.0
NZ_CP035807.1_1548,C,C,C,S,ID=1_1548;partial=00;start_type=ATG;rbs_motif=AGGAG;rbs_spacer=5-10bp;gc_cont=0.373,ID=1_1548;partial=00;start_type=ATG;rbs_motif=AGGAG;rbs_spacer=5-10bp;gc,14.0
NZ_CP045302.1_2297,C,C,C,S,ID=1_2297;partial=00;start_type=ATG;rbs_motif=AGGAG;rbs_spacer=5-10bp;gc_cont=0.590,ID=1_2297;partial=00;start_type=ATG;rbs_motif=AGGAG;rbs_spacer=5-10bp;gc,14.0
NZ_BGJX01000002.1_82,C,C,C,A,ID=2_82;partial=00;start_type=ATG;rbs_motif=GGAG/GAGG;rbs_spacer=5-10bp;gc_cont=0.603,ID=2_82;partial=00;start_type=ATG;rbs_motif=GGAG/GAGG;rbs_spacer=5-10bp;gc,13.0
NZ_JAAAGB010000016.1_51,C,C,C,S,ID=7_51;partial=00;start_type=ATG;rbs_motif=AAAA;rbs_spacer=3bp;gc_cont=0.419,ID=7_51;partial=00;start_type=ATG;rbs_motif=AAAA;rbs_spacer=3bp;gc,14.0
NZ_WXUB01000007.1_11,C,C,C,S,ID=11_11;partial=00;start_type=ATG;rbs_motif=TAA;rbs_spacer=15bp;gc_cont=0.469,ID=11_11;partial=00;start_type=ATG;rbs_motif=TAA;rbs_spacer=15bp;gc,14.0
NZ_JABJXS010000001.1_19,C,C,C,S,ID=1_19;partial=00;start_type=ATG;rbs_motif=GGAGG;rbs_spacer=5-10bp;gc_cont=0.555,ID=1_19;partial=00;start_type=ATG;rbs_motif=GGAGG;rbs_spacer=5-10bp;gc,14.0
NZ_JACADJ010000027.1_27,C,C,C,S,ID=219_27;partial=00;start_type=ATG;rbs_motif=GGAG/GAGG;rbs_spacer=5-10bp;gc_cont=0.567,ID=219_27;partial=00;start_type=ATG;rbs_motif=GGAG/GAGG;rbs_spacer=5-10bp;gc,14.0
NZ_JACIHH010000019.1_9,C,C,C,A,ID=19_9;partial=00;start_type=ATG;rbs_motif=GGA/GAG/AGG;rbs_spacer=5-10bp;gc_cont=0.591,ID=19_9;partial=00;start_type=ATG;rbs_motif=GGA/GAG/AGG;rbs_spacer=5-10bp;gc,13.0
NZ_BMCT01000010.1_136,C,C,C,A,ID=10_136;partial=00;start_type=ATG;rbs_motif=AGGA;rbs_spacer=5-10bp;gc_cont=0.624,ID=10_136;partial=00;start_type=ATG;rbs_motif=AGGA;rbs_spacer=5-10bp;gc,13.0
NZ_JACWUN010000003.1_100,C,C,C,S,ID=33_100;partial=00;start_type=ATG;rbs_motif=AGGAG;rbs_spacer=5-10bp;gc_cont=0.537,ID=33_100;partial=00;start_type=ATG;rbs_motif=AGGAG;rbs_spacer=5-10bp;gc,14.0
NZ_JADNQZ010000033.1_3,C,C,C,A,ID=33_3;partial=00;start_type=ATG;rbs_motif=GGAG/GAGG;rbs_spacer=5-10bp;gc_cont=0.601,ID=33_3;partial=00;start_type=ATG;rbs_motif=GGAG/GAGG;rbs_spacer=5-10bp;gc,13.0
NZ_NRRY01000026.1_49,C,C,C,S,ID=26_49;partial=00;start_type=ATG;rbs_motif=AGGAG;rbs_spacer=5-10bp;gc_cont=0.606,ID=26_49;partial=00;start_type=ATG;rbs_motif=AGGAG;rbs_spacer=5-10bp;gc,14.0
NZ_JAESWA010000020.1_119,C,C,C,S,ID=13_119;partial=00;start_type=ATG;rbs_motif=AGGAGG;rbs_spacer=5-10bp;gc_cont=0.352,ID=13_119;partial=00;start_type=ATG;rbs_motif=AGGAGG;rbs_spacer=5-10bp;gc,14.0
NZ_CP071615.1_6,C,C,C,A,ID=4_6;partial=00;start_type=ATG;rbs_motif=GGAG/GAGG;rbs_spacer=5-10bp;gc_cont=0.545,ID=4_6;partial=00;start_type=ATG;rbs_motif=GGAG/GAGG;rbs_spacer=5-10bp;gc,13.0
NZ_JAGIOS010000003.1_578,C,C,C,A,ID=3_578;partial=00;start_type=ATG;rbs_motif=GGAG/GAGG;rbs_spacer=5-10bp;gc_cont=0.560,ID=3_578;partial=00;start_type=ATG;rbs_motif=GGAG/GAGG;rbs_spacer=5-10bp;gc,13.0
NZ_JAAVUT010000010.1_92,C,C,C,S,ID=2_92;partial=00;start_type=ATG;rbs_motif=GGAGG;rbs_spacer=5-10bp;gc_cont=0.556,ID=2_92;partial=00;start_type=ATG;rbs_motif=GGAGG;rbs_spacer=5-10bp;gc,14.0
NZ_JAHLME010000003.1_817,C,C,C,S,ID=12_817;partial=00;start_type=ATG;rbs_motif=AGGAG;rbs_spacer=5-10bp;gc_cont=0.616,ID=12_817;partial=00;start_type=ATG;rbs_motif=AGGAG;rbs_spacer=5-10bp;gc,14.0
NZ_BLJA01000001.1_370,C,C,C,S,ID=1_370;partial=00;start_type=ATG;rbs_motif=AGGAG;rbs_spacer=5-10bp;gc_cont=0.591,ID=1_370;partial=00;start_type=ATG;rbs_motif=AGGAG;rbs_spacer=5-10bp;gc,14.0
NZ_JAIVLF010000003.1_479,C,C,C,A,ID=3_479;partial=00;start_type=ATG;rbs_motif=GGAGG;rbs_spacer=5-10bp;gc_cont=0.621,ID=3_479;partial=00;start_type=ATG;rbs_motif=GGAGG;rbs_spacer=5-10bp;gc,13.0
NZ_JAJSLX010000003.1_201,C,C,C,S,ID=3_201;partial=00;start_type=ATG;rbs_motif=AGGAG;rbs_spacer=5-10bp;gc_cont=0.439,ID=3_201;partial=00;start_type=ATG;rbs_motif=AGGAG;rbs_spacer=5-10bp;gc,14.0
NZ_JAIEUI010000007.1_149,C,C,C,S,ID=55_149;partial=00;start_type=ATG;rbs_motif=AGGAGG;rbs_spacer=5-10bp;gc_cont=0.573,ID=55_149;partial=00;start_type=ATG;rbs_motif=AGGAGG;rbs_spacer=5-10bp;gc,14.0
NZ_JALHLF010000009.1_45,C,C,C,A,ID=274_45;partial=00;start_type=ATG;rbs_motif=AGGAG;rbs_spacer=5-10bp;gc_cont=0.624,ID=274_45;partial=00;start_type=ATG;rbs_motif=AGGAG;rbs_spacer=5-10bp;gc,13.0
NZ_JAMHGA010000038.1_205,C,C,C,S,ID=38_205;partial=00;start_type=ATG;rbs_motif=GGA/GAG/AGG;rbs_spacer=5-10bp;gc_cont=0.671,ID=38_205;partial=00;start_type=ATG;rbs_motif=GGA/GAG/AGG;rbs_spacer=5-10bp;gc,14.0
NZ_VOUA01000001.1_363,C,C,C,S,ID=1_363;partial=00;start_type=ATG;rbs_motif=AGGAGG;rbs_spacer=5-10bp;gc_cont=0.540,ID=1_363;partial=00;start_type=ATG;rbs_motif=AGGAGG;rbs_spacer=5-10bp;gc,14.0
NZ_LT607803.1_1233,C,C,C,A,ID=1_1233;partial=00;start_type=ATG;rbs_motif=AGGAG;rbs_spacer=5-10bp;gc_cont=0.635,ID=1_1233;partial=00;start_type=ATG;rbs_motif=AGGAG;rbs_spacer=5-10bp;gc,13.0
NZ_FMXM01000054.1_4,C,C,C,A,ID=99_4;partial=00;start_type=ATG;rbs_motif=GGAG/GAGG;rbs_spacer=5-10bp;gc_cont=0.612,ID=99_4;partial=00;start_type=ATG;rbs_motif=GGAG/GAGG;rbs_spacer=5-10bp;gc,13.0
NZ_FOCV01000063.1_13,C,C,C,A,ID=124_13;partial=00;start_type=ATG;rbs_motif=GGA/GAG/AGG;rbs_spacer=5-10bp;gc_cont=0.561,ID=124_13;partial=00;start_type=ATG;rbs_motif=GGA/GAG/AGG;rbs_spacer=5-10bp;gc,13.0
NZ_FOUJ01000005.1_130,C,C,C,S,ID=15_130;partial=00;start_type=ATG;rbs_motif=AGGAGG;rbs_spacer=5-10bp;gc_cont=0.472,ID=15_130;partial=00;start_type=ATG;rbs_motif=AGGAGG;rbs_spacer=5-10bp;gc,14.0
NZ_FQZL01000005.1_299,C,C,C,S,ID=46_299;partial=00;start_type=ATG;rbs_motif=AGGAG;rbs_spacer=5-10bp;gc_cont=0.433,ID=46_299;partial=00;start_type=ATG;rbs_motif=AGGAG;rbs_spacer=5-10bp;gc,14.0
NZ_FTPD01000017.1_143,C,C,C,A,ID=22_143;partial=00;start_type=ATG;rbs_motif=GGAG/GAGG;rbs_spacer=5-10bp;gc_cont=0.606,ID=22_143;partial=00;start_type=ATG;rbs_motif=GGAG/GAGG;rbs_spacer=5-10bp;gc,13.0
NZ_FZOJ01000004.1_265,C,C,C,S,ID=53_265;partial=00;start_type=ATG;rbs_motif=AGGAGG;rbs_spacer=5-10bp;gc_cont=0.383,ID=53_265;partial=00;start_type=ATG;rbs_motif=AGGAGG;rbs_spacer=5-10bp;gc,14.0
NZ_LR213770.1_8,C,C,C,S,ID=5_8;partial=00;start_type=ATG;rbs_motif=GGAG/GAGG;rbs_spacer=5-10bp;gc_cont=0.428,ID=5_8;partial=00;start_type=ATG;rbs_motif=GGAG/GAGG;rbs_spacer=5-10bp;gc,14.0
NZ_CAKXZT010000116.1_86,C,C,C,A,ID=116_86;partial=00;start_type=ATG;rbs_motif=GGAG/GAGG;rbs_spacer=5-10bp;gc_cont=0.607,ID=116_86;partial=00;start_type=ATG;rbs_motif=GGAG/GAGG;rbs_spacer=5-10bp;gc,13.0
DNPO01000431.1_6,C,C,C,S,ID=367_6;partial=00;start_type=ATG;rbs_motif=GGA/GAG/AGG;rbs_spacer=5-10bp;gc_cont=0.543,ID=367_6;partial=00;start_type=ATG;rbs_motif=GGA/GAG/AGG;rbs_spacer=5-10bp;gc,14.0
JAJTBJ010000005.1_1,C,C,C,S,ID=132_1;partial=00;start_type=GTG;rbs_motif=AGGA;rbs_spacer=5-10bp;gc_cont=0.639,ID=132_1;partial=00;start_type=GTG;rbs_motif=AGGA;rbs_spacer=5-10bp;gc,14.0
JAEZFP010000059.1_129,C,C,C,S,ID=70_129;partial=00;start_type=ATG;rbs_motif=AGGA;rbs_spacer=5-10bp;gc_cont=0.554,ID=70_129;partial=00;start_type=ATG;rbs_motif=AGGA;rbs_spacer=5-10bp;gc,14.0
CAIXLG010000001.1_11,C,C,C,S,ID=1_11;partial=00;start_type=ATG;rbs_motif=None;rbs_spacer=None;gc_cont=0.480,ID=1_11;partial=00;start_type=ATG;rbs_motif=None;rbs_spacer=None;gc,14.0
NZ_CP014007.2_2183,C,C,C,S,ID=1_2183;partial=00;start_type=ATG;rbs_motif=AGxAGG/AGGxGG;rbs_spacer=5-10bp;gc_cont=0.544,ID=1_2183;partial=00;start_type=ATG;rbs_motif=AGxAGG/AGGxGG;rbs_spacer=5-10bp;gc,14.0
NZ_SMAA01000010.1_75,C,C,C,S,ID=10_75;partial=00;start_type=ATG;rbs_motif=GGA/GAG/AGG;rbs_spacer=11-12bp;gc_cont=0.461,ID=10_75;partial=00;start_type=ATG;rbs_motif=GGA/GAG/AGG;rbs_spacer=11-12bp;gc,14.0
NZ_WIQM01000007.1_45,C,C,C,S,ID=13_45;partial=00;start_type=ATG;rbs_motif=AGxAGG/AGGxGG;rbs_spacer=5-10bp;gc_cont=0.437,ID=13_45;partial=00;start_type=ATG;rbs_motif=AGxAGG/AGGxGG;rbs_spacer=5-10bp;gc,14.0
NZ_FNZK01000024.1_36,C,C,C,S,ID=11_36;partial=00;start_type=ATG;rbs_motif=GGAG/GAGG;rbs_spacer=5-10bp;gc_cont=0.410,ID=11_36;partial=00;start_type=ATG;rbs_motif=GGAG/GAGG;rbs_spacer=5-10bp;gc,14.0
PMGM01000034.1_10,C,C,C,S,ID=6_10;partial=00;start_type=ATG;rbs_motif=GGAG/GAGG;rbs_spacer=5-10bp;gc_cont=0.384,ID=6_10;partial=00;start_type=ATG;rbs_motif=GGAG/GAGG;rbs_spacer=5-10bp;gc,14.0
NZ_CP009241.1_2657,C,C,C,S,ID=1_2657;partial=00;start_type=ATG;rbs_motif=GGAGG;rbs_spacer=5-10bp;gc_cont=0.513,ID=1_2657;partial=00;start_type=ATG;rbs_motif=GGAGG;rbs_spacer=5-10bp;gc,14.0
JAHHHH010000012.1_66,C,C,C,S,ID=21_66;partial=00;start_type=ATG;rbs_motif=AGGAG;rbs_spacer=5-10bp;gc_cont=0.450,ID=21_66;partial=00;start_type=ATG;rbs_motif=AGGAG;rbs_spacer=5-10bp;gc,14.0
NZ_PJIZ01000082.1_9,C,C,C,S,ID=82_9;partial=00;start_type=ATG;rbs_motif=GGAGG;rbs_spacer=5-10bp;gc_cont=0.431,ID=82_9;partial=00;start_type=ATG;rbs_motif=GGAGG;rbs_spacer=5-10bp;gc,14.0
NZ_JAIVFR010000293.1_3,C,C,C,S,ID=415_3;partial=00;start_type=ATG;rbs_motif=AGGAG;rbs_spacer=5-10bp;gc_cont=0.447,ID=415_3;partial=00;start_type=ATG;rbs_motif=AGGAG;rbs_spacer=5-10bp;gc,14.0
KI911947.1_175,C,C,C,A,ID=16_175;partial=00;start_type=ATG;rbs_motif=GGAG/GAGG;rbs_spacer=5-10bp;gc_cont=0.611,ID=16_175;partial=00;start_type=ATG;rbs_motif=GGAG/GAGG;rbs_spacer=5-10bp;gc,13.0
LM997411.1_2059,C,C,C,S,ID=1_2059;partial=00;start_type=ATG;rbs_motif=AGGAG;rbs_spacer=5-10bp;gc_cont=0.424,ID=1_2059;partial=00;start_type=ATG;rbs_motif=AGGAG;rbs_spacer=5-10bp;gc,14.0
LUZT01000011.1_100,C,C,C,S,ID=15_100;partial=00;start_type=ATG;rbs_motif=AGGAG;rbs_spacer=5-10bp;gc_cont=0.605,ID=15_100;partial=00;start_type=ATG;rbs_motif=AGGAG;rbs_spacer=5-10bp;gc,14.0
MHBK01000027.1_24,C,C,C,S,ID=27_24;partial=00;start_type=ATG;rbs_motif=AGGAG;rbs_spacer=5-10bp;gc_cont=0.615,ID=27_24;partial=00;start_type=ATG;rbs_motif=AGGAG;rbs_spacer=5-10bp;gc,14.0
MVRN01000118.1_14,C,C,C,S,ID=118_14;partial=00;start_type=ATG;rbs_motif=AGGAG;rbs_spacer=5-10bp;gc_cont=0.519,ID=118_14;partial=00;start_type=ATG;rbs_motif=AGGAG;rbs_spacer=5-10bp;gc,14.0
NCEH01000083.1_3,C,C,C,A,ID=1_3;partial=00;start_type=ATG;rbs_motif=GGAG/GAGG;rbs_spacer=5-10bp;gc_cont=0.617,ID=1_3;partial=00;start_type=ATG;rbs_motif=GGAG/GAGG;rbs_spacer=5-10bp;gc,13.0
DCVO01000092.1_33,C,C,C,A,ID=10_33;partial=00;start_type=ATG;rbs_motif=AGGAG;rbs_spacer=5-10bp;gc_cont=0.628,ID=10_33;partial=00;start_type=ATG;rbs_motif=AGGAG;rbs_spacer=5-10bp;gc,13.0
DFDU01000003.1_22,C,C,C,G,ID=57_22;partial=00;start_type=ATG;rbs_motif=AGGAGG;rbs_spacer=5-10bp;gc_cont=0.387,ID=57_22;partial=00;start_type=ATG;rbs_motif=AGGAGG;rbs_spacer=5-10bp;gc,13.0
DHGV01000056.1_8,C,C,C,S,ID=100_8;partial=00;start_type=ATG;rbs_motif=GGAGG;rbs_spacer=5-10bp;gc_cont=0.568,ID=100_8;partial=00;start_type=ATG;rbs_motif=GGAGG;rbs_spacer=5-10bp;gc,14.0
DIUY01000011.1_171,C,C,C,S,ID=20_171;partial=00;start_type=ATG;rbs_motif=AGGAG;rbs_spacer=5-10bp;gc_cont=0.492,ID=20_171;partial=00;start_type=ATG;rbs_motif=AGGAG;rbs_spacer=5-10bp;gc,14.0
DKBO01000139.1_14,C,C,C,S,ID=59_14;partial=00;start_type=ATG;rbs_motif=GGAGG;rbs_spacer=5-10bp;gc_cont=0.553,ID=59_14;partial=00;start_type=ATG;rbs_motif=GGAGG;rbs_spacer=5-10bp;gc,14.0
NZXG01000008.1_73,C,C,C,S,ID=51_73;partial=00;start_type=ATG;rbs_motif=AGGAG;rbs_spacer=5-10bp;gc_cont=0.528,ID=51_73;partial=00;start_type=ATG;rbs_motif=AGGAG;rbs_spacer=5-10bp;gc,14.0
PHAR01000004.1_14,C,C,C,S,ID=3_14;partial=00;start_type=ATG;rbs_motif=GGAG/GAGG;rbs_spacer=5-10bp;gc_cont=0.635,ID=3_14;partial=00;start_type=ATG;rbs_motif=GGAG/GAGG;rbs_spacer=5-10bp;gc,14.0
PKTU01000188.1_14,C,C,C,S,ID=81_14;partial=01;start_type=ATG;rbs_motif=GGAG/GAGG;rbs_spacer=5-10bp;gc_cont=0.580,ID=81_14;partial=01;start_type=ATG;rbs_motif=GGAG/GAGG;rbs_spacer=5-10bp;gc,14.0
NATW01000155.1_14,C,C,C,S,ID=155_14;partial=00;start_type=ATG;rbs_motif=AGGAG;rbs_spacer=5-10bp;gc_cont=0.557,ID=155_14;partial=00;start_type=ATG;rbs_motif=AGGAG;rbs_spacer=5-10bp;gc,14.0
PMCK01000275.1_1,C,C,C,S,ID=631_1;partial=10;start_type=Edge;rbs_motif=None;rbs_spacer=None;gc_cont=0.521,ID=631_1;partial=10;start_type=Edge;rbs_motif=None;rbs_spacer=None;gc,14.0
QKAU01000017.1_76,C,C,C,S,ID=22_76;partial=00;start_type=ATG;rbs_motif=AGGAG;rbs_spacer=5-10bp;gc_cont=0.645,ID=22_76;partial=00;start_type=ATG;rbs_motif=AGGAG;rbs_spacer=5-10bp;gc,14.0
QKDK01000232.1_12,C,C,C,S,ID=267_12;partial=00;start_type=ATG;rbs_motif=AGGAGG;rbs_spacer=5-10bp;gc_cont=0.443,ID=267_12;partial=00;start_type=ATG;rbs_motif=AGGAGG;rbs_spacer=5-10bp;gc,14.0
DOVG01000019.1_13,C,C,C,G,ID=71_13;partial=00;start_type=ATG;rbs_motif=GGA/GAG/AGG;rbs_spacer=5-10bp;gc_cont=0.404,ID=71_13;partial=00;start_type=ATG;rbs_motif=GGA/GAG/AGG;rbs_spacer=5-10bp;gc,13.0
QZJD01000092.1_10,C,C,C,S,ID=48_10;partial=00;start_type=ATG;rbs_motif=GGAG/GAGG;rbs_spacer=5-10bp;gc_cont=0.599,ID=48_10;partial=00;start_type=ATG;rbs_motif=GGAG/GAGG;rbs_spacer=5-10bp;gc,14.0
SAQE01000027.1_52,C,C,C,A,ID=108_52;partial=00;start_type=ATG;rbs_motif=GGAG/GAGG;rbs_spacer=5-10bp;gc_cont=0.595,ID=108_52;partial=00;start_type=ATG;rbs_motif=GGAG/GAGG;rbs_spacer=5-10bp;gc,13.0
CP036201.1_2463,C,C,C,S,ID=1_2463;partial=00;start_type=ATG;rbs_motif=GGAG/GAGG;rbs_spacer=5-10bp;gc_cont=0.569,ID=1_2463;partial=00;start_type=ATG;rbs_motif=GGAG/GAGG;rbs_spacer=5-10bp;gc,14.0
SZXY01000114.1_9,C,C,C,S,ID=151_9;partial=00;start_type=ATG;rbs_motif=None;rbs_spacer=None;gc_cont=0.530,ID=151_9;partial=00;start_type=ATG;rbs_motif=None;rbs_spacer=None;gc,14.0
QYQD01000010.1_21,C,C,C,S,ID=9_21;partial=00;start_type=ATG;rbs_motif=AGGAG;rbs_spacer=5-10bp;gc_cont=0.531,ID=9_21;partial=00;start_type=ATG;rbs_motif=AGGAG;rbs_spacer=5-10bp;gc,14.0
WBUQ01000084.1_4,C,C,C,S,ID=40_4;partial=00;start_type=ATG;rbs_motif=AGxAGG/AGGxGG;rbs_spacer=5-10bp;gc_cont=0.637,ID=40_4;partial=00;start_type=ATG;rbs_motif=AGxAGG/AGGxGG;rbs_spacer=5-10bp;gc,14.0
WQSZ01000060.1_6,C,C,C,S,ID=60_6;partial=00;start_type=ATG;rbs_motif=AGGAG;rbs_spacer=5-10bp;gc_cont=0.478,ID=60_6;partial=00;start_type=ATG;rbs_motif=AGGAG;rbs_spacer=5-10bp;gc,14.0
DRPV01000044.1_2,C,C,C,S,ID=44_2;partial=00;start_type=ATG;rbs_motif=AGGAG;rbs_spacer=5-10bp;gc_cont=0.521,ID=44_2;partial=00;start_type=ATG;rbs_motif=AGGAG;rbs_spacer=5-10bp;gc,14.0
VEPN01000005.1_78,C,C,C,S,ID=64_78;partial=00;start_type=ATG;rbs_motif=GGAGG;rbs_spacer=5-10bp;gc_cont=0.493,ID=64_78;partial=00;start_type=ATG;rbs_motif=GGAGG;rbs_spacer=5-10bp;gc,14.0
JAAYRK010000073.1_19,C,C,C,G,ID=22_19;partial=00;start_type=ATG;rbs_motif=AGGAGG;rbs_spacer=5-10bp;gc_cont=0.380,ID=22_19;partial=00;start_type=ATG;rbs_motif=AGGAGG;rbs_spacer=5-10bp;gc,13.0
JABFSV010000253.1_23,C,C,C,S,ID=107_23;partial=00;start_type=ATG;rbs_motif=AGGAG;rbs_spacer=5-10bp;gc_cont=0.449,ID=107_23;partial=00;start_type=ATG;rbs_motif=AGGAG;rbs_spacer=5-10bp;gc,14.0
QBUM01000235.1_9,C,C,C,S,ID=79_9;partial=00;start_type=ATG;rbs_motif=AGGAGG;rbs_spacer=5-10bp;gc_cont=0.510,ID=79_9;partial=00;start_type=ATG;rbs_motif=AGGAGG;rbs_spacer=5-10bp;gc,14.0
JAAXWQ010000001.1_235,C,C,C,S,ID=25_235;partial=00;start_type=ATG;rbs_motif=AAC;rbs_spacer=15bp;gc_cont=0.610,ID=25_235;partial=00;start_type=ATG;rbs_motif=AAC;rbs_spacer=15bp;gc,14.0
CP058705.1_3115,C,C,C,S,ID=1_3115;partial=00;start_type=ATG;rbs_motif=GGAGG;rbs_spacer=5-10bp;gc_cont=0.617,ID=1_3115;partial=00;start_type=ATG;rbs_motif=GGAGG;rbs_spacer=5-10bp;gc,14.0
JACIZD010000016.1_58,C,C,C,A,ID=8_58;partial=00;start_type=ATG;rbs_motif=AGGAG;rbs_spacer=5-10bp;gc_cont=0.622,ID=8_58;partial=00;start_type=ATG;rbs_motif=AGGAG;rbs_spacer=5-10bp;gc,13.0
SVFB01000036.1_66,C,C,C,G,ID=30_66;partial=00;start_type=ATG;rbs_motif=GGA/GAG/AGG;rbs_spacer=5-10bp;gc_cont=0.400,ID=30_66;partial=00;start_type=ATG;rbs_motif=GGA/GAG/AGG;rbs_spacer=5-10bp;gc,13.0
JADGAZ010000008.1_88,C,C,C,S,ID=43_88;partial=00;start_type=ATG;rbs_motif=GGAG/GAGG;rbs_spacer=5-10bp;gc_cont=0.577,ID=43_88;partial=00;start_type=ATG;rbs_motif=GGAG/GAGG;rbs_spacer=5-10bp;gc,14.0
DVEB01000153.1_20,C,C,C,S,ID=203_20;partial=00;start_type=ATG;rbs_motif=GGA/GAG/AGG;rbs_spacer=5-10bp;gc_cont=0.527,ID=203_20;partial=00;start_type=ATG;rbs_motif=GGA/GAG/AGG;rbs_spacer=5-10bp;gc,14.0
WGNO01000026.1_30,C,C,C,S,ID=41_30;partial=00;start_type=ATG;rbs_motif=GGAG/GAGG;rbs_spacer=5-10bp;gc_cont=0.445,ID=41_30;partial=00;start_type=ATG;rbs_motif=GGAG/GAGG;rbs_spacer=5-10bp;gc,14.0
JACRHL010000011.1_57,C,C,C,A,ID=6_57;partial=00;start_type=ATG;rbs_motif=GGA/GAG/AGG;rbs_spacer=5-10bp;gc_cont=0.658,ID=6_57;partial=00;start_type=ATG;rbs_motif=GGA/GAG/AGG;rbs_spacer=5-10bp;gc,13.0
JACRHF010000025.1_11,C,C,C,A,ID=111_11;partial=00;start_type=ATG;rbs_motif=None;rbs_spacer=None;gc_cont=0.561,ID=111_11;partial=00;start_type=ATG;rbs_motif=None;rbs_spacer=None;gc,13.0
JACRPO010000005.1_738,C,C,C,A,ID=20_738;partial=00;start_type=ATG;rbs_motif=AGGAG;rbs_spacer=5-10bp;gc_cont=0.651,ID=20_738;partial=00;start_type=ATG;rbs_motif=AGGAG;rbs_spacer=5-10bp;gc,13.0
JAEEQC010000038.1_11,C,C,C,G,ID=43_11;partial=00;start_type=ATG;rbs_motif=AGGA;rbs_spacer=5-10bp;gc_cont=0.527,ID=43_11;partial=00;start_type=ATG;rbs_motif=AGGA;rbs_spacer=5-10bp;gc,13.0
JADJJI010000015.1_358,C,C,C,A,ID=15_358;partial=00;start_type=ATG;rbs_motif=AGGAG;rbs_spacer=5-10bp;gc_cont=0.650,ID=15_358;partial=00;start_type=ATG;rbs_motif=AGGAG;rbs_spacer=5-10bp;gc,13.0
JADGEH010000034.1_20,C,C,C,S,ID=230_20;partial=00;start_type=ATG;rbs_motif=AGGAG;rbs_spacer=5-10bp;gc_cont=0.414,ID=230_20;partial=00;start_type=ATG;rbs_motif=AGGAG;rbs_spacer=5-10bp;gc,14.0
JAEUHG010000004.1_21,C,C,C,S,ID=239_21;partial=00;start_type=ATG;rbs_motif=None;rbs_spacer=None;gc_cont=0.604,ID=239_21;partial=00;start_type=ATG;rbs_motif=None;rbs_spacer=None;gc,14.0
JAFGEO010000164.1_7,C,C,C,S,ID=49_7;partial=00;start_type=ATG;rbs_motif=TAA;rbs_spacer=10bp;gc_cont=0.475,ID=49_7;partial=00;start_type=ATG;rbs_motif=TAA;rbs_spacer=10bp;gc,14.0
JAFGVA010000017.1_23,C,C,C,S,ID=239_23;partial=00;start_type=ATG;rbs_motif=TAA;rbs_spacer=11bp;gc_cont=0.396,ID=239_23;partial=00;start_type=ATG;rbs_motif=TAA;rbs_spacer=11bp;gc,14.0
JAFPYB010000091.1_2,C,C,C,G,ID=227_2;partial=00;start_type=ATG;rbs_motif=GGA/GAG/AGG;rbs_spacer=5-10bp;gc_cont=0.504,ID=227_2;partial=00;start_type=ATG;rbs_motif=GGA/GAG/AGG;rbs_spacer=5-10bp;gc,13.0
JAFUEG010000283.1_17,C,C,C,G,ID=208_17;partial=00;start_type=ATG;rbs_motif=AGGAGG;rbs_spacer=5-10bp;gc_cont=0.396,ID=208_17;partial=00;start_type=ATG;rbs_motif=AGGAGG;rbs_spacer=5-10bp;gc,13.0
JAFWUY010000122.1_7,C,C,C,S,ID=84_7;partial=00;start_type=ATG;rbs_motif=GGAGG;rbs_spacer=5-10bp;gc_cont=0.499,ID=84_7;partial=00;start_type=ATG;rbs_motif=GGAGG;rbs_spacer=5-10bp;gc,14.0
JAGAAO010000058.1_12,C,C,C,G,ID=28_12;partial=00;start_type=ATG;rbs_motif=GGAGG;rbs_spacer=5-10bp;gc_cont=0.430,ID=28_12;partial=00;start_type=ATG;rbs_motif=GGAGG;rbs_spacer=5-10bp;gc,13.0
CP051234.1_1092,C,C,C,S,ID=1_1092;partial=00;start_type=ATG;rbs_motif=GGAGG;rbs_spacer=5-10bp;gc_cont=0.567,ID=1_1092;partial=00;start_type=ATG;rbs_motif=GGAGG;rbs_spacer=5-10bp;gc,14.0
JAGAXM010000005.1_42,C,C,C,G,ID=31_42;partial=00;start_type=ATG;rbs_motif=GGAGG;rbs_spacer=5-10bp;gc_cont=0.500,ID=31_42;partial=00;start_type=ATG;rbs_motif=GGAGG;rbs_spacer=5-10bp;gc,13.0
JAGTVF010000014.1_1,C,C,C,S,ID=14_1;partial=10;start_type=ATG;rbs_motif=AGGAG;rbs_spacer=5-10bp;gc_cont=0.593,ID=14_1;partial=10;start_type=ATG;rbs_motif=AGGAG;rbs_spacer=5-10bp;gc,14.0
JADMKB010000003.1_165,C,C,C,A,ID=38_165;partial=00;start_type=ATG;rbs_motif=GGAG/GAGG;rbs_spacer=5-10bp;gc_cont=0.619,ID=38_165;partial=00;start_type=ATG;rbs_motif=GGAG/GAGG;rbs_spacer=5-10bp;gc,13.0
JAFDBS010000221.1_8,C,C,C,S,ID=221_8;partial=00;start_type=ATG;rbs_motif=AGGAG;rbs_spacer=5-10bp;gc_cont=0.528,ID=221_8;partial=00;start_type=ATG;rbs_motif=AGGAG;rbs_spacer=5-10bp;gc,14.0
JAIFKN010000242.1_2,C,C,C,S,ID=193_2;partial=00;start_type=ATG;rbs_motif=GGA/GAG/AGG;rbs_spacer=5-10bp;gc_cont=0.662,ID=193_2;partial=00;start_type=ATG;rbs_motif=GGA/GAG/AGG;rbs_spacer=5-10bp;gc,14.0
JAIWOG010000205.1_3,C,C,C,S,ID=295_3;partial=00;start_type=ATG;rbs_motif=AGGAG;rbs_spacer=5-10bp;gc_cont=0.617,ID=295_3;partial=00;start_type=ATG;rbs_motif=AGGAG;rbs_spacer=5-10bp;gc,14.0
JACKIG010000013.1_94,C,C,C,A,ID=5_94;partial=00;start_type=ATG;rbs_motif=GGAG/GAGG;rbs_spacer=5-10bp;gc_cont=0.659,ID=5_94;partial=00;start_type=ATG;rbs_motif=GGAG/GAGG;rbs_spacer=5-10bp;gc,13.0
JADLEK010000017.1_113,C,C,C,S,ID=17_113;partial=00;start_type=ATG;rbs_motif=GGAG/GAGG;rbs_spacer=5-10bp;gc_cont=0.509,ID=17_113;partial=00;start_type=ATG;rbs_motif=GGAG/GAGG;rbs_spacer=5-10bp;gc,14.0
JAJTBO010000003.1_346,C,C,C,A,ID=40_346;partial=00;start_type=ATG;rbs_motif=GGAG/GAGG;rbs_spacer=5-10bp;gc_cont=0.651,ID=40_346;partial=00;start_type=ATG;rbs_motif=GGAG/GAGG;rbs_spacer=5-10bp;gc,13.0
JAASSS010000065.1_1,C,C,C,A,ID=100_1;partial=10;start_type=ATG;rbs_motif=AGGAG;rbs_spacer=5-10bp;gc_cont=0.647,ID=100_1;partial=10;start_type=ATG;rbs_motif=AGGAG;rbs_spacer=5-10bp;gc,13.0
JAJXWO010000001.1_138,C,C,C,S,ID=21_138;partial=00;start_type=ATG;rbs_motif=AGGAG;rbs_spacer=5-10bp;gc_cont=0.547,ID=21_138;partial=00;start_type=ATG;rbs_motif=AGGAG;rbs_spacer=5-10bp;gc,14.0
JAJYJN010000060.1_2,C,C,C,S,ID=34_2;partial=00;start_type=ATG;rbs_motif=GGAGG;rbs_spacer=5-10bp;gc_cont=0.405,ID=34_2;partial=00;start_type=ATG;rbs_motif=GGAGG;rbs_spacer=5-10bp;gc,14.0
JAJYZM010000020.1_1,C,C,C,S,ID=6_1;partial=10;start_type=ATG;rbs_motif=GGAGG;rbs_spacer=5-10bp;gc_cont=0.408,ID=6_1;partial=10;start_type=ATG;rbs_motif=GGAGG;rbs_spacer=5-10bp;gc,14.0
JAJZPJ010000016.1_25,C,C,C,S,ID=160_25;partial=01;start_type=ATG;rbs_motif=AGGAG;rbs_spacer=5-10bp;gc_cont=0.625,ID=160_25;partial=01;start_type=ATG;rbs_motif=AGGAG;rbs_spacer=5-10bp;gc,14.0
JAKARB010000003.1_43,C,C,C,A,ID=4_43;partial=00;start_type=ATG;rbs_motif=GGAG/GAGG;rbs_spacer=5-10bp;gc_cont=0.627,ID=4_43;partial=00;start_type=ATG;rbs_motif=GGAG/GAGG;rbs_spacer=5-10bp;gc,13.0
JAKBNN010000020.1_2,C,C,C,S,ID=60_2;partial=00;start_type=ATG;rbs_motif=AGGAGG;rbs_spacer=11-12bp;gc_cont=0.425,ID=60_2;partial=00;start_type=ATG;rbs_motif=AGGAGG;rbs_spacer=11-12bp;gc,14.0
JAJZQI010000031.1_3,C,C,C,A,ID=48_3;partial=00;start_type=ATG;rbs_motif=AGGAG;rbs_spacer=5-10bp;gc_cont=0.573,ID=48_3;partial=00;start_type=ATG;rbs_motif=AGGAG;rbs_spacer=5-10bp;gc,13.0
JAFLUR010000007.1_5,C,C,C,G,ID=439_5;partial=00;start_type=ATG;rbs_motif=AGxAGG/AGGxGG;rbs_spacer=5-10bp;gc_cont=0.465,ID=439_5;partial=00;start_type=ATG;rbs_motif=AGxAGG/AGGxGG;rbs_spacer=5-10bp;gc,13.0
JALHDI010000010.1_7,C,C,C,S,ID=205_7;partial=00;start_type=ATG;rbs_motif=AGGAG;rbs_spacer=5-10bp;gc_cont=0.651,ID=205_7;partial=00;start_type=ATG;rbs_motif=AGGAG;rbs_spacer=5-10bp;gc,14.0
JALNVF010000039.1_11,C,C,C,S,ID=39_11;partial=00;start_type=ATG;rbs_motif=GGAGG;rbs_spacer=5-10bp;gc_cont=0.464,ID=39_11;partial=00;start_type=ATG;rbs_motif=GGAGG;rbs_spacer=5-10bp;gc,14.0
JAEWCY010000115.1_18,C,C,C,S,ID=70_18;partial=00;start_type=ATG;rbs_motif=AGGA;rbs_spacer=5-10bp;gc_cont=0.657,ID=70_18;partial=00;start_type=ATG;rbs_motif=AGGA;rbs_spacer=5-10bp;gc,14.0
JAEWWF010000177.1_6,C,C,C,A,ID=282_6;partial=00;start_type=ATG;rbs_motif=AGGAG;rbs_spacer=5-10bp;gc_cont=0.637,ID=282_6;partial=00;start_type=ATG;rbs_motif=AGGAG;rbs_spacer=5-10bp;gc,13.0
JAEYFP010000045.1_201,C,C,C,S,ID=32_201;partial=00;start_type=ATG;rbs_motif=GGAGG;rbs_spacer=5-10bp;gc_cont=0.438,ID=32_201;partial=00;start_type=ATG;rbs_motif=GGAGG;rbs_spacer=5-10bp;gc,14.0
JAEYON010000068.1_58,C,C,C,G,ID=73_58;partial=00;start_type=ATG;rbs_motif=GGAGG;rbs_spacer=5-10bp;gc_cont=0.501,ID=73_58;partial=00;start_type=ATG;rbs_motif=GGAGG;rbs_spacer=5-10bp;gc,13.0
JAEZJW010000192.1_1,-,C,C,S,ID=167_1;partial=10;start_type=Edge;rbs_motif=None;rbs_spacer=None;gc_cont=0.491,ID=167_1;partial=10;start_type=Edge;rbs_motif=None;rbs_spacer=None;gc,10.0
JAFAFU010000024.1_19,C,C,C,S,ID=63_19;partial=00;start_type=ATG;rbs_motif=GGAGG;rbs_spacer=5-10bp;gc_cont=0.516,ID=63_19;partial=00;start_type=ATG;rbs_motif=GGAGG;rbs_spacer=5-10bp;gc,14.0
JAEYSV010000002.1_65,C,C,C,S,ID=23_65;partial=00;start_type=ATG;rbs_motif=AGGAGG;rbs_spacer=5-10bp;gc_cont=0.384,ID=23_65;partial=00;start_type=ATG;rbs_motif=AGGAGG;rbs_spacer=5-10bp;gc,14.0
JAEXRH010000008.1_127,C,C,C,S,ID=10_127;partial=00;start_type=ATG;rbs_motif=GGAGG;rbs_spacer=5-10bp;gc_cont=0.621,ID=10_127;partial=00;start_type=ATG;rbs_motif=GGAGG;rbs_spacer=5-10bp;gc,14.0
JAEZUC010000158.1_42,C,C,C,S,ID=32_42;partial=00;start_type=ATG;rbs_motif=AGGAGG;rbs_spacer=5-10bp;gc_cont=0.421,ID=32_42;partial=00;start_type=ATG;rbs_motif=AGGAGG;rbs_spacer=5-10bp;gc,14.0
JAMCYH010000319.1_19,C,C,C,S,ID=328_19;partial=00;start_type=ATG;rbs_motif=AGGA;rbs_spacer=5-10bp;gc_cont=0.510,ID=328_19;partial=00;start_type=ATG;rbs_motif=AGGA;rbs_spacer=5-10bp;gc,14.0
JAJRZW010000048.1_23,C,C,C,S,ID=27_23;partial=00;start_type=ATG;rbs_motif=GGAGG;rbs_spacer=5-10bp;gc_cont=0.591,ID=27_23;partial=00;start_type=ATG;rbs_motif=GGAGG;rbs_spacer=5-10bp;gc,14.0
JAGXGC010000022.1_135,C,C,C,S,ID=3_135;partial=00;start_type=ATG;rbs_motif=AGGAG;rbs_spacer=5-10bp;gc_cont=0.535,ID=3_135;partial=00;start_type=ATG;rbs_motif=AGGAG;rbs_spacer=5-10bp;gc,14.0
JAILLP010000020.1_59,C,C,C,G,ID=7_59;partial=00;start_type=ATG;rbs_motif=TAA;rbs_spacer=4bp;gc_cont=0.555,ID=7_59;partial=00;start_type=ATG;rbs_motif=TAA;rbs_spacer=4bp;gc,13.0
JANTGH010000040.1_15,C,C,C,S,ID=40_15;partial=00;start_type=ATG;rbs_motif=GGAG/GAGG;rbs_spacer=5-10bp;gc_cont=0.549,ID=40_15;partial=00;start_type=ATG;rbs_motif=GGAG/GAGG;rbs_spacer=5-10bp;gc,14.0
OMOE01000136.1_15,C,C,C,S,ID=23_15;partial=00;start_type=ATG;rbs_motif=GGAG/GAGG;rbs_spacer=5-10bp;gc_cont=0.543,ID=23_15;partial=00;start_type=ATG;rbs_motif=GGAG/GAGG;rbs_spacer=5-10bp;gc,14.0
ONNL01000121.1_7,C,C,C,G,ID=90_7;partial=00;start_type=ATG;rbs_motif=GGAGG;rbs_spacer=5-10bp;gc_cont=0.501,ID=90_7;partial=00;start_type=ATG;rbs_motif=GGAGG;rbs_spacer=5-10bp;gc,13.0
CABMIB010000093.1_6,C,C,C,S,ID=93_6;partial=00;start_type=ATG;rbs_motif=GGAG/GAGG;rbs_spacer=5-10bp;gc_cont=0.490,ID=93_6;partial=00;start_type=ATG;rbs_motif=GGAG/GAGG;rbs_spacer=5-10bp;gc,14.0
CACXGE010000151.1_11,C,C,C,G,ID=151_11;partial=00;start_type=ATG;rbs_motif=AGGAGG;rbs_spacer=5-10bp;gc_cont=0.388,ID=151_11;partial=00;start_type=ATG;rbs_motif=AGGAGG;rbs_spacer=5-10bp;gc,13.0
CACZJT010000011.1_22,C,C,C,G,ID=11_22;partial=00;start_type=ATG;rbs_motif=AGGAG;rbs_spacer=5-10bp;gc_cont=0.561,ID=11_22;partial=00;start_type=ATG;rbs_motif=AGGAG;rbs_spacer=5-10bp;gc,13.0
CADANN010000032.1_10,C,C,C,G,ID=32_10;partial=00;start_type=ATG;rbs_motif=AGGAG;rbs_spacer=5-10bp;gc_cont=0.409,ID=32_10;partial=00;start_type=ATG;rbs_motif=AGGAG;rbs_spacer=5-10bp;gc,13.0
CADCJM010000016.1_26,C,C,C,G,ID=16_26;partial=00;start_type=ATG;rbs_motif=AGGAGG;rbs_spacer=5-10bp;gc_cont=0.467,ID=16_26;partial=00;start_type=ATG;rbs_motif=AGGAGG;rbs_spacer=5-10bp;gc,13.0
CAIJWE010000055.1_7,C,C,C,S,ID=55_7;partial=00;start_type=ATG;rbs_motif=AGGA/GGAG/GAGG;rbs_spacer=11-12bp;gc_cont=0.537,ID=55_7;partial=00;start_type=ATG;rbs_motif=AGGA/GGAG/GAGG;rbs_spacer=11-12bp;gc,14.0
CAIMZI010000125.1_69,C,C,C,A,ID=125_69;partial=00;start_type=ATG;rbs_motif=AGGAG;rbs_spacer=5-10bp;gc_cont=0.591,ID=125_69;partial=00;start_type=ATG;rbs_motif=AGGAG;rbs_spacer=5-10bp;gc,13.0
CAIPYE010000007.1_15,C,C,C,S,ID=7_15;partial=00;start_type=ATG;rbs_motif=GGAG/GAGG;rbs_spacer=5-10bp;gc_cont=0.581,ID=7_15;partial=00;start_type=ATG;rbs_motif=GGAG/GAGG;rbs_spacer=5-10bp;gc,14.0
CAISFO010000066.1_12,C,C,C,S,ID=66_12;partial=00;start_type=ATG;rbs_motif=GGAG/GAGG;rbs_spacer=5-10bp;gc_cont=0.659,ID=66_12;partial=00;start_type=ATG;rbs_motif=GGAG/GAGG;rbs_spacer=5-10bp;gc,14.0
CAIUWU010000075.1_12,C,C,C,S,ID=75_12;partial=00;start_type=ATG;rbs_motif=AGGAG;rbs_spacer=5-10bp;gc_cont=0.496,ID=75_12;partial=00;start_type=ATG;rbs_motif=AGGAG;rbs_spacer=5-10bp;gc,14.0
CAIYCT010000370.1_19,C,C,C,A,ID=370_19;partial=00;start_type=ATG;rbs_motif=AGGAG;rbs_spacer=5-10bp;gc_cont=0.575,ID=370_19;partial=00;start_type=ATG;rbs_motif=AGGAG;rbs_spacer=5-10bp;gc,13.0
CAJAAV010000278.1_14,C,C,C,S,ID=278_14;partial=00;start_type=ATG;rbs_motif=None;rbs_spacer=None;gc_cont=0.514,ID=278_14;partial=00;start_type=ATG;rbs_motif=None;rbs_spacer=None;gc,14.0
CAJMNR010000015.1_10,C,C,C,G,ID=15_10;partial=00;start_type=ATG;rbs_motif=AGGAGG;rbs_spacer=11-12bp;gc_cont=0.391,ID=15_10;partial=00;start_type=ATG;rbs_motif=AGGAGG;rbs_spacer=11-12bp;gc,13.0
CAJXSB010000257.1_2,C,C,C,S,ID=257_2;partial=00;start_type=ATG;rbs_motif=AGGAG;rbs_spacer=5-10bp;gc_cont=0.634,ID=257_2;partial=00;start_type=ATG;rbs_motif=AGGAG;rbs_spacer=5-10bp;gc,14.0
CAMBBS010000002.1_163,C,C,C,S,ID=2_163;partial=00;start_type=ATG;rbs_motif=GGA/GAG/AGG;rbs_spacer=11-12bp;gc_cont=0.563,ID=2_163;partial=00;start_type=ATG;rbs_motif=GGA/GAG/AGG;rbs_spacer=11-12bp;gc,14.0
NC_007643.1_1038,C,C,C,S,ID=1_1038;partial=00;start_type=ATG;rbs_motif=GGAG/GAGG;rbs_spacer=5-10bp;gc_cont=0.611,ID=1_1038;partial=00;start_type=ATG;rbs_motif=GGAG/GAGG;rbs_spacer=5-10bp;gc,14.0
NC_012108.1_975,C,C,C,S,ID=1_975;partial=00;start_type=ATG;rbs_motif=AGGAG;rbs_spacer=5-10bp;gc_cont=0.522,ID=1_975;partial=00;start_type=ATG;rbs_motif=AGGAG;rbs_spacer=5-10bp;gc,14.0
NC_013771.1_567,C,C,C,S,ID=1_567;partial=00;start_type=ATG;rbs_motif=GGAG/GAGG;rbs_spacer=5-10bp;gc_cont=0.387,ID=1_567;partial=00;start_type=ATG;rbs_motif=GGAG/GAGG;rbs_spacer=5-10bp;gc,14.0
NZ_AASE01000001.1_48,C,C,C,S,ID=47_48;partial=00;start_type=ATG;rbs_motif=None;rbs_spacer=None;gc_cont=0.528,ID=47_48;partial=00;start_type=ATG;rbs_motif=None;rbs_spacer=None;gc,14.0
NZ_KE124774.1_3716,C,C,C,A,ID=6_3716;partial=00;start_type=ATG;rbs_motif=GGA/GAG/AGG;rbs_spacer=5-10bp;gc_cont=0.571,ID=6_3716;partial=00;start_type=ATG;rbs_motif=GGA/GAG/AGG;rbs_spacer=5-10bp;gc,13.0
NC_019973.1_5725,C,C,C,A,ID=1_5725;partial=00;start_type=ATG;rbs_motif=GGAG/GAGG;rbs_spacer=5-10bp;gc_cont=0.611,ID=1_5725;partial=00;start_type=ATG;rbs_motif=GGAG/GAGG;rbs_spacer=5-10bp;gc,13.0
NZ_AJQE01000393.1_3,C,C,C,A,ID=393_3;partial=00;start_type=ATG;rbs_motif=AGGA;rbs_spacer=5-10bp;gc_cont=0.558,ID=393_3;partial=00;start_type=ATG;rbs_motif=AGGA;rbs_spacer=5-10bp;gc,13.0
NZ_CP007215.2_2371,C,C,C,S,ID=1_2371;partial=00;start_type=ATG;rbs_motif=GGAGG;rbs_spacer=5-10bp;gc_cont=0.552,ID=1_2371;partial=00;start_type=ATG;rbs_motif=GGAGG;rbs_spacer=5-10bp;gc,14.0
NZ_AOBS01000009.1_52,C,C,C,S,ID=9_52;partial=00;start_type=ATG;rbs_motif=AGGAG;rbs_spacer=5-10bp;gc_cont=0.626,ID=9_52;partial=00;start_type=ATG;rbs_motif=AGGAG;rbs_spacer=5-10bp;gc,14.0
NZ_KB905371.1_276,C,C,C,A,ID=2_276;partial=00;start_type=ATG;rbs_motif=GGAG/GAGG;rbs_spacer=5-10bp;gc_cont=0.593,ID=2_276;partial=00;start_type=ATG;rbs_motif=GGAG/GAGG;rbs_spacer=5-10bp;gc,13.0
NZ_ATVA01000015.1_104,C,C,C,S,ID=15_104;partial=00;start_type=ATG;rbs_motif=AGGA;rbs_spacer=5-10bp;gc_cont=0.642,ID=15_104;partial=00;start_type=ATG;rbs_motif=AGGA;rbs_spacer=5-10bp;gc,14.0
NZ_AUFB01000050.1_13,C,C,C,A,ID=49_13;partial=00;start_type=ATG;rbs_motif=GGA/GAG/AGG;rbs_spacer=5-10bp;gc_cont=0.584,ID=49_13;partial=00;start_type=ATG;rbs_motif=GGA/GAG/AGG;rbs_spacer=5-10bp;gc,13.0
NZ_KE387171.1_233,C,C,C,S,ID=1_233;partial=00;start_type=TTG;rbs_motif=GGAG/GAGG;rbs_spacer=5-10bp;gc_cont=0.448,ID=1_233;partial=00;start_type=TTG;rbs_motif=GGAG/GAGG;rbs_spacer=5-10bp;gc,14.0
NZ_AXWS01000007.1_488,C,C,C,A,ID=1_488;partial=00;start_type=ATG;rbs_motif=AGGAG;rbs_spacer=5-10bp;gc_cont=0.617,ID=1_488;partial=00;start_type=ATG;rbs_motif=AGGAG;rbs_spacer=5-10bp;gc,13.0
NZ_JHXX01000004.1_19,C,C,C,G,ID=4_19;partial=00;start_type=GTG;rbs_motif=AGGAG;rbs_spacer=5-10bp;gc_cont=0.475,ID=4_19;partial=00;start_type=GTG;rbs_motif=AGGAG;rbs_spacer=5-10bp;gc,13.0
NZ_JONL01000005.1_27,C,C,C,S,ID=5_27;partial=00;start_type=ATG;rbs_motif=AGGAG;rbs_spacer=5-10bp;gc_cont=0.488,ID=5_27;partial=00;start_type=ATG;rbs_motif=AGGAG;rbs_spacer=5-10bp;gc,14.0
NZ_JRKM01000001.1_3636,C,C,C,A,ID=1_3636;partial=00;start_type=ATG;rbs_motif=GGAG/GAGG;rbs_spacer=5-10bp;gc_cont=0.601,ID=1_3636;partial=00;start_type=ATG;rbs_motif=GGAG/GAGG;rbs_spacer=5-10bp;gc,13.0
NZ_CP009632.1_495,C,C,C,A,ID=3_495;partial=00;start_type=ATG;rbs_motif=AGGAG;rbs_spacer=5-10bp;gc_cont=0.631,ID=3_495;partial=00;start_type=ATG;rbs_motif=AGGAG;rbs_spacer=5-10bp;gc,13.0
NZ_CP009687.1_1356,C,C,C,S,ID=1_1356;partial=00;start_type=ATG;rbs_motif=AGGAGG;rbs_spacer=5-10bp;gc_cont=0.385,ID=1_1356;partial=00;start_type=ATG;rbs_motif=AGGAGG;rbs_spacer=5-10bp;gc,14.0
NZ_CP012914.1_934,C,C,C,A,ID=1_934;partial=00;start_type=ATG;rbs_motif=AGGAG;rbs_spacer=5-10bp;gc_cont=0.632,ID=1_934;partial=00;start_type=ATG;rbs_motif=AGGAG;rbs_spacer=5-10bp;gc,13.0
NZ_LRVM01000004.1_234,C,C,C,S,ID=4_234;partial=00;start_type=ATG;rbs_motif=AGGAGG;rbs_spacer=5-10bp;gc_cont=0.426,ID=4_234;partial=00;start_type=ATG;rbs_motif=AGGAGG;rbs_spacer=5-10bp;gc,14.0
NZ_LNQC01000073.1_31,C,C,C,A,ID=73_31;partial=00;start_type=ATG;rbs_motif=GGAG/GAGG;rbs_spacer=5-10bp;gc_cont=0.589,ID=73_31;partial=00;start_type=ATG;rbs_motif=GGAG/GAGG;rbs_spacer=5-10bp;gc,13.0
NZ_MASS01000070.1_11,C,C,C,S,ID=70_11;partial=00;start_type=ATG;rbs_motif=AGGA;rbs_spacer=5-10bp;gc_cont=0.462,ID=70_11;partial=00;start_type=ATG;rbs_motif=AGGA;rbs_spacer=5-10bp;gc,14.0
NZ_LNDC01000078.1_37,C,C,C,S,ID=78_37;partial=00;start_type=ATG;rbs_motif=AGGAG/GGAGG;rbs_spacer=11-12bp;gc_cont=0.517,ID=78_37;partial=00;start_type=ATG;rbs_motif=AGGAG/GGAGG;rbs_spacer=11-12bp;gc,14.0
NZ_MRDL01000009.1_36,C,C,C,A,ID=42_36;partial=00;start_type=ATG;rbs_motif=GGAG/GAGG;rbs_spacer=5-10bp;gc_cont=0.544,ID=42_36;partial=00;start_type=ATG;rbs_motif=GGAG/GAGG;rbs_spacer=5-10bp;gc,13.0
NZ_MWLO01000146.1_69,C,C,C,A,ID=53_69;partial=00;start_type=ATG;rbs_motif=GGAG/GAGG;rbs_spacer=5-10bp;gc_cont=0.644,ID=53_69;partial=00;start_type=ATG;rbs_motif=GGAG/GAGG;rbs_spacer=5-10bp;gc,13.0
NZ_NSFT01000033.1_13,C,C,C,A,ID=27_13;partial=00;start_type=ATG;rbs_motif=GGAG/GAGG;rbs_spacer=5-10bp;gc_cont=0.592,ID=27_13;partial=00;start_type=ATG;rbs_motif=GGAG/GAGG;rbs_spacer=5-10bp;gc,13.0
NZ_CP021375.1_114,C,C,C,A,ID=2_114;partial=00;start_type=ATG;rbs_motif=GGAGG;rbs_spacer=5-10bp;gc_cont=0.602,ID=2_114;partial=00;start_type=ATG;rbs_motif=GGAGG;rbs_spacer=5-10bp;gc,13.0
NZ_CP021850.1_1014,C,C,C,S,ID=1_1014;partial=00;start_type=ATG;rbs_motif=AGGAG;rbs_spacer=5-10bp;gc_cont=0.476,ID=1_1014;partial=00;start_type=ATG;rbs_motif=AGGAG;rbs_spacer=5-10bp;gc,14.0
NZ_CP019966.1_4580,C,C,C,A,ID=1_4580;partial=00;start_type=ATG;rbs_motif=GGA/GAG/AGG;rbs_spacer=11-12bp;gc_cont=0.623,ID=1_4580;partial=00;start_type=ATG;rbs_motif=GGA/GAG/AGG;rbs_spacer=11-12bp;gc,13.0
NZ_QEWP01000002.1_7,C,C,C,S,ID=12_7;partial=00;start_type=ATG;rbs_motif=None;rbs_spacer=None;gc_cont=0.457,ID=12_7;partial=00;start_type=ATG;rbs_motif=None;rbs_spacer=None;gc,14.0
NZ_CP030040.1_2954,C,C,C,S,ID=1_2954;partial=00;start_type=ATG;rbs_motif=AGGAGG;rbs_spacer=5-10bp;gc_cont=0.433,ID=1_2954;partial=00;start_type=ATG;rbs_motif=AGGAGG;rbs_spacer=5-10bp;gc,14.0
NZ_QOHO01000025.1_79,C,C,C,S,ID=94_79;partial=00;start_type=ATG;rbs_motif=AGGAGG;rbs_spacer=5-10bp;gc_cont=0.463,ID=94_79;partial=00;start_type=ATG;rbs_motif=AGGAGG;rbs_spacer=5-10bp;gc,14.0
NZ_RQIT01000031.1_35,C,C,C,A,ID=24_35;partial=00;start_type=ATG;rbs_motif=AGGA;rbs_spacer=5-10bp;gc_cont=0.568,ID=24_35;partial=00;start_type=ATG;rbs_motif=AGGA;rbs_spacer=5-10bp;gc,13.0
NZ_ML133721.1_2,C,C,C,A,ID=36_2;partial=00;start_type=ATG;rbs_motif=GGA/GAG/AGG;rbs_spacer=5-10bp;gc_cont=0.591,ID=36_2;partial=00;start_type=ATG;rbs_motif=GGA/GAG/AGG;rbs_spacer=5-10bp;gc,13.0
NZ_CP022219.1_5348,C,C,C,A,ID=1_5348;partial=00;start_type=ATG;rbs_motif=GGA/GAG/AGG;rbs_spacer=5-10bp;gc_cont=0.613,ID=1_5348;partial=00;start_type=ATG;rbs_motif=GGA/GAG/AGG;rbs_spacer=5-10bp;gc,13.0
NZ_SMMU01000020.1_44,C,C,C,S,ID=20_44;partial=00;start_type=ATG;rbs_motif=AGGAG;rbs_spacer=5-10bp;gc_cont=0.592,ID=20_44;partial=00;start_type=ATG;rbs_motif=AGGAG;rbs_spacer=5-10bp;gc,14.0
NZ_SOEB01000001.1_237,C,C,C,A,ID=1_237;partial=00;start_type=ATG;rbs_motif=AGGA;rbs_spacer=5-10bp;gc_cont=0.634,ID=1_237;partial=00;start_type=ATG;rbs_motif=AGGA;rbs_spacer=5-10bp;gc,13.0
NZ_SSHH01000001.1_799,C,C,C,A,ID=1_799;partial=00;start_type=ATG;rbs_motif=AGGAG;rbs_spacer=5-10bp;gc_cont=0.606,ID=1_799;partial=00;start_type=ATG;rbs_motif=AGGAG;rbs_spacer=5-10bp;gc,13.0
NZ_VIDT01000045.1_16,C,C,C,A,ID=610_16;partial=00;start_type=ATG;rbs_motif=AGGAG;rbs_spacer=5-10bp;gc_cont=0.635,ID=610_16;partial=00;start_type=ATG;rbs_motif=AGGAG;rbs_spacer=5-10bp;gc,13.0
NZ_VITV01000008.1_287,C,C,C,A,ID=8_287;partial=00;start_type=ATG;rbs_motif=GGA/GAG/AGG;rbs_spacer=5-10bp;gc_cont=0.642,ID=8_287;partial=00;start_type=ATG;rbs_motif=GGA/GAG/AGG;rbs_spacer=5-10bp;gc,13.0
NZ_CP042466.1_3365,C,C,C,S,ID=1_3365;partial=00;start_type=ATG;rbs_motif=AGGAG;rbs_spacer=5-10bp;gc_cont=0.590,ID=1_3365;partial=00;start_type=ATG;rbs_motif=AGGAG;rbs_spacer=5-10bp;gc,14.0
NZ_WIDQ01000016.1_37,C,C,C,A,ID=8_37;partial=00;start_type=ATG;rbs_motif=GGA/GAG/AGG;rbs_spacer=5-10bp;gc_cont=0.610,ID=8_37;partial=00;start_type=ATG;rbs_motif=GGA/GAG/AGG;rbs_spacer=5-10bp;gc,13.0
NZ_WUTY02000001.1_4134,C,C,C,S,ID=1_4134;partial=00;start_type=ATG;rbs_motif=AGGAG;rbs_spacer=5-10bp;gc_cont=0.475,ID=1_4134;partial=00;start_type=ATG;rbs_motif=AGGAG;rbs_spacer=5-10bp;gc,14.0
NZ_WIAA01000004.1_191,C,C,C,S,ID=64_191;partial=00;start_type=ATG;rbs_motif=GGA/GAG/AGG;rbs_spacer=5-10bp;gc_cont=0.528,ID=64_191;partial=00;start_type=ATG;rbs_motif=GGA/GAG/AGG;rbs_spacer=5-10bp;gc,14.0
NZ_JAAXKX010000021.1_42,C,C,C,S,ID=14_42;partial=00;start_type=ATG;rbs_motif=AGGAG;rbs_spacer=5-10bp;gc_cont=0.634,ID=14_42;partial=00;start_type=ATG;rbs_motif=AGGAG;rbs_spacer=5-10bp;gc,14.0
NZ_CP033334.1_6351,C,C,C,A,ID=1_6351;partial=00;start_type=ATG;rbs_motif=None;rbs_spacer=None;gc_cont=0.588,ID=1_6351;partial=00;start_type=ATG;rbs_motif=None;rbs_spacer=None;gc,13.0
NZ_CP040272.1_862,C,C,C,S,ID=1_862;partial=00;start_type=ATG;rbs_motif=GGAG/GAGG;rbs_spacer=5-10bp;gc_cont=0.457,ID=1_862;partial=00;start_type=ATG;rbs_motif=GGAG/GAGG;rbs_spacer=5-10bp;gc,14.0
NZ_JACHBD010000013.1_118,C,C,C,A,ID=13_118;partial=00;start_type=ATG;rbs_motif=GGA/GAG/AGG;rbs_spacer=5-10bp;gc_cont=0.593,ID=13_118;partial=00;start_type=ATG;rbs_motif=GGA/GAG/AGG;rbs_spacer=5-10bp;gc,13.0
NZ_BMIJ01000004.1_158,C,C,C,S,ID=4_158;partial=00;start_type=ATG;rbs_motif=GGAGG;rbs_spacer=5-10bp;gc_cont=0.556,ID=4_158;partial=00;start_type=ATG;rbs_motif=GGAGG;rbs_spacer=5-10bp;gc,14.0
NZ_QVLR01000056.1_61,C,C,C,A,ID=56_61;partial=00;start_type=ATG;rbs_motif=AGGAG;rbs_spacer=5-10bp;gc_cont=0.644,ID=56_61;partial=00;start_type=ATG;rbs_motif=AGGAG;rbs_spacer=5-10bp;gc,13.0
NZ_JADNRA010000034.1_170,C,C,C,A,ID=34_170;partial=00;start_type=ATG;rbs_motif=GGAG/GAGG;rbs_spacer=5-10bp;gc_cont=0.599,ID=34_170;partial=00;start_type=ATG;rbs_motif=GGAG/GAGG;rbs_spacer=5-10bp;gc,13.0
NZ_NRSH01000046.1_7,C,C,C,S,ID=46_7;partial=00;start_type=ATG;rbs_motif=GGAGG;rbs_spacer=5-10bp;gc_cont=0.675,ID=46_7;partial=00;start_type=ATG;rbs_motif=GGAGG;rbs_spacer=5-10bp;gc,14.0
NZ_CP053482.1_2669,C,C,C,S,ID=1_2669;partial=00;start_type=ATG;rbs_motif=GGAGG;rbs_spacer=5-10bp;gc_cont=0.518,ID=1_2669;partial=00;start_type=ATG;rbs_motif=GGAGG;rbs_spacer=5-10bp;gc,14.0
NZ_CP071635.1_86,C,C,C,A,ID=4_86;partial=00;start_type=ATG;rbs_motif=GGAG/GAGG;rbs_spacer=5-10bp;gc_cont=0.542,ID=4_86;partial=00;start_type=ATG;rbs_motif=GGAG/GAGG;rbs_spacer=5-10bp;gc,13.0
NZ_CP072801.1_1413,C,C,C,S,ID=1_1413;partial=00;start_type=ATG;rbs_motif=GGAGG;rbs_spacer=5-10bp;gc_cont=0.519,ID=1_1413;partial=00;start_type=ATG;rbs_motif=GGAGG;rbs_spacer=5-10bp;gc,14.0
NZ_JAHCVJ010000007.1_149,C,C,C,S,ID=1_149;partial=00;start_type=ATG;rbs_motif=AGGAG;rbs_spacer=5-10bp;gc_cont=0.570,ID=1_149;partial=00;start_type=ATG;rbs_motif=AGGAG;rbs_spacer=5-10bp;gc,14.0
NZ_CP076607.1_5021,C,C,C,S,ID=1_5021;partial=00;start_type=ATG;rbs_motif=AGxAGG/AGGxGG;rbs_spacer=5-10bp;gc_cont=0.515,ID=1_5021;partial=00;start_type=ATG;rbs_motif=AGxAGG/AGGxGG;rbs_spacer=5-10bp;gc,14.0
NZ_BLIZ01000001.1_1121,C,C,C,S,ID=1_1121;partial=00;start_type=ATG;rbs_motif=AGGAG;rbs_spacer=5-10bp;gc_cont=0.576,ID=1_1121;partial=00;start_type=ATG;rbs_motif=AGGAG;rbs_spacer=5-10bp;gc,14.0
NZ_CP084876.1_1635,C,C,C,S,ID=1_1635;partial=00;start_type=ATG;rbs_motif=GGAGG;rbs_spacer=5-10bp;gc_cont=0.596,ID=1_1635;partial=00;start_type=ATG;rbs_motif=GGAGG;rbs_spacer=5-10bp;gc,14.0
NZ_JAIWOU010000001.1_1290,C,C,C,A,ID=1_1290;partial=00;start_type=ATG;rbs_motif=AGGA/GGAG/GAGG;rbs_spacer=11-12bp;gc_cont=0.585,ID=1_1290;partial=00;start_type=ATG;rbs_motif=AGGA/GGAG/GAGG;rbs_spacer=11-12bp;gc,13.0
NZ_JAIKLE010000035.1_39,C,C,C,S,ID=130_39;partial=00;start_type=ATG;rbs_motif=TAAAA;rbs_spacer=15bp;gc_cont=0.432,ID=130_39;partial=00;start_type=ATG;rbs_motif=TAAAA;rbs_spacer=15bp;gc,14.0
NZ_BQXM01000005.1_77,C,C,C,S,ID=5_77;partial=00;start_type=ATG;rbs_motif=AGGA;rbs_spacer=5-10bp;gc_cont=0.590,ID=5_77;partial=00;start_type=ATG;rbs_motif=AGGA;rbs_spacer=5-10bp;gc,14.0
NZ_JABAEF010000007.1_247,C,C,C,A,ID=51_247;partial=00;start_type=ATG;rbs_motif=GGAGG;rbs_spacer=5-10bp;gc_cont=0.610,ID=51_247;partial=00;start_type=ATG;rbs_motif=GGAGG;rbs_spacer=5-10bp;gc,13.0
NZ_JAMRYX010000242.1_41,C,C,C,A,ID=242_41;partial=00;start_type=ATG;rbs_motif=GGAG/GAGG;rbs_spacer=5-10bp;gc_cont=0.599,ID=242_41;partial=00;start_type=ATG;rbs_motif=GGAG/GAGG;rbs_spacer=5-10bp;gc,13.0
NZ_FLUY01000103.1_3,C,C,C,S,ID=543_3;partial=00;start_type=ATG;rbs_motif=AGGAG;rbs_spacer=5-10bp;gc_cont=0.606,ID=543_3;partial=00;start_type=ATG;rbs_motif=AGGAG;rbs_spacer=5-10bp;gc,14.0
NZ_FNJQ01000024.1_45,C,C,C,G,ID=36_45;partial=00;start_type=ATG;rbs_motif=AGGAGG;rbs_spacer=5-10bp;gc_cont=0.538,ID=36_45;partial=00;start_type=ATG;rbs_motif=AGGAGG;rbs_spacer=5-10bp;gc,13.0
NZ_FODT01000002.1_78,C,C,C,A,ID=12_78;partial=00;start_type=GTG;rbs_motif=GGA/GAG/AGG;rbs_spacer=5-10bp;gc_cont=0.618,ID=12_78;partial=00;start_type=GTG;rbs_motif=GGA/GAG/AGG;rbs_spacer=5-10bp;gc,13.0
NZ_FOUS01000026.1_43,C,C,C,A,ID=20_43;partial=00;start_type=ATG;rbs_motif=AGGA;rbs_spacer=5-10bp;gc_cont=0.557,ID=20_43;partial=00;start_type=ATG;rbs_motif=AGGA;rbs_spacer=5-10bp;gc,13.0
NZ_FQZP01000045.1_15,C,C,C,S,ID=45_15;partial=00;start_type=ATG;rbs_motif=AGGAGG;rbs_spacer=5-10bp;gc_cont=0.575,ID=45_15;partial=00;start_type=ATG;rbs_motif=AGGAGG;rbs_spacer=5-10bp;gc,14.0
NZ_FUXX01000010.1_52,C,C,C,G,ID=22_52;partial=00;start_type=ATG;rbs_motif=GGA/GAG/AGG;rbs_spacer=5-10bp;gc_cont=0.418,ID=22_52;partial=00;start_type=ATG;rbs_motif=GGA/GAG/AGG;rbs_spacer=5-10bp;gc,13.0
NZ_FZOC01000004.1_403,C,C,C,S,ID=9_403;partial=00;start_type=ATG;rbs_motif=GGAG/GAGG;rbs_spacer=5-10bp;gc_cont=0.637,ID=9_403;partial=00;start_type=ATG;rbs_motif=GGAG/GAGG;rbs_spacer=5-10bp;gc,14.0
NZ_CAADFC020000008.1_58,C,C,C,A,ID=8_58;partial=00;start_type=ATG;rbs_motif=AGGA;rbs_spacer=5-10bp;gc_cont=0.560,ID=8_58;partial=00;start_type=ATG;rbs_motif=AGGA;rbs_spacer=5-10bp;gc,13.0
NZ_OW485601.1_861,C,C,C,A,ID=1_861;partial=00;start_type=ATG;rbs_motif=AGGAG;rbs_spacer=5-10bp;gc_cont=0.656,ID=1_861;partial=00;start_type=ATG;rbs_motif=AGGAG;rbs_spacer=5-10bp;gc,13.0
PJFB01000002.1_330,C,C,C,S,ID=12_330;partial=00;start_type=ATG;rbs_motif=GGA/GAG/AGG;rbs_spacer=5-10bp;gc_cont=0.515,ID=12_330;partial=00;start_type=ATG;rbs_motif=GGA/GAG/AGG;rbs_spacer=5-10bp;gc,14.0
JAKVOI010000001.1_157,C,C,C,S,ID=1_157;partial=00;start_type=ATG;rbs_motif=AGGAGG;rbs_spacer=5-10bp;gc_cont=0.393,ID=1_157;partial=00;start_type=ATG;rbs_motif=AGGAGG;rbs_spacer=5-10bp;gc,14.0
JAEZEM010000176.1_3,C,C,C,S,ID=538_3;partial=00;start_type=ATG;rbs_motif=AGGA;rbs_spacer=5-10bp;gc_cont=0.618,ID=538_3;partial=00;start_type=ATG;rbs_motif=AGGA;rbs_spacer=5-10bp;gc,14.0
NC_003552.1_1243,C,C,C,S,ID=1_1243;partial=00;start_type=ATG;rbs_motif=AGGA;rbs_spacer=5-10bp;gc_cont=0.428,ID=1_1243;partial=00;start_type=ATG;rbs_motif=AGGA;rbs_spacer=5-10bp;gc,14.0
NC_020291.1_3022,C,C,C,S,ID=1_3022;partial=00;start_type=ATG;rbs_motif=AGGAG;rbs_spacer=5-10bp;gc_cont=0.336,ID=1_3022;partial=00;start_type=ATG;rbs_motif=AGGAG;rbs_spacer=5-10bp;gc,14.0
NZ_LKAQ01000004.1_2350,C,C,C,S,ID=4_2350;partial=00;start_type=ATG;rbs_motif=AGGA;rbs_spacer=5-10bp;gc_cont=0.642,ID=4_2350;partial=00;start_type=ATG;rbs_motif=AGGA;rbs_spacer=5-10bp;gc,14.0
NZ_SPQQ01000003.1_30,C,C,C,S,ID=32_30;partial=00;start_type=ATG;rbs_motif=GGAG/GAGG;rbs_spacer=5-10bp;gc_cont=0.490,ID=32_30;partial=00;start_type=ATG;rbs_motif=GGAG/GAGG;rbs_spacer=5-10bp;gc,14.0
NZ_WIQU01000056.1_15,C,C,C,S,ID=10_15;partial=00;start_type=ATG;rbs_motif=GGA/GAG/AGG;rbs_spacer=11-12bp;gc_cont=0.416,ID=10_15;partial=00;start_type=ATG;rbs_motif=GGA/GAG/AGG;rbs_spacer=11-12bp;gc,14.0
NZ_FODY01000003.1_26,C,C,C,S,ID=30_26;partial=00;start_type=ATG;rbs_motif=AGGA;rbs_spacer=5-10bp;gc_cont=0.473,ID=30_26;partial=00;start_type=ATG;rbs_motif=AGGA;rbs_spacer=5-10bp;gc,14.0
PLTK01000024.1_9,C,C,C,S,ID=3_9;partial=00;start_type=ATG;rbs_motif=GGAG/GAGG;rbs_spacer=5-10bp;gc_cont=0.380,ID=3_9;partial=00;start_type=ATG;rbs_motif=GGAG/GAGG;rbs_spacer=5-10bp;gc,14.0
NZ_CP009285.1_2704,C,C,C,S,ID=1_2704;partial=00;start_type=ATG;rbs_motif=GGAGG;rbs_spacer=5-10bp;gc_cont=0.521,ID=1_2704;partial=00;start_type=ATG;rbs_motif=GGAGG;rbs_spacer=5-10bp;gc,14.0
JAHHHC010000032.1_21,C,C,C,S,ID=94_21;partial=00;start_type=ATG;rbs_motif=AGGAG;rbs_spacer=5-10bp;gc_cont=0.449,ID=94_21;partial=00;start_type=ATG;rbs_motif=AGGAG;rbs_spacer=5-10bp;gc,14.0
NZ_FNWO01000012.1_11,C,C,C,S,ID=25_11;partial=00;start_type=ATG;rbs_motif=GGAG/GAGG;rbs_spacer=5-10bp;gc_cont=0.621,ID=25_11;partial=00;start_type=ATG;rbs_motif=GGAG/GAGG;rbs_spacer=5-10bp;gc,14.0
JAFS01000001.1_951,C,C,C,S,ID=1_951;partial=00;start_type=ATG;rbs_motif=GGAG/GAGG;rbs_spacer=5-10bp;gc_cont=0.605,ID=1_951;partial=00;start_type=ATG;rbs_motif=GGAG/GAGG;rbs_spacer=5-10bp;gc,14.0
LADP01000032.1_47,C,C,C,S,ID=10_47;partial=00;start_type=ATG;rbs_motif=AGGAGG;rbs_spacer=11-12bp;gc_cont=0.572,ID=10_47;partial=00;start_type=ATG;rbs_motif=AGGAGG;rbs_spacer=11-12bp;gc,14.0
LVAS01000062.1_10,C,C,C,S,ID=62_10;partial=00;start_type=ATG;rbs_motif=GGAGG;rbs_spacer=5-10bp;gc_cont=0.485,ID=62_10;partial=00;start_type=ATG;rbs_motif=GGAGG;rbs_spacer=5-10bp;gc,14.0
JWTM01000549.1_51,C,C,C,S,ID=546_51;partial=00;start_type=ATG;rbs_motif=GGAGG;rbs_spacer=5-10bp;gc_cont=0.582,ID=546_51;partial=00;start_type=ATG;rbs_motif=GGAGG;rbs_spacer=5-10bp;gc,14.0
MHDZ01000067.1_13,C,C,C,S,ID=67_13;partial=00;start_type=ATG;rbs_motif=GGAG/GAGG;rbs_spacer=5-10bp;gc_cont=0.585,ID=67_13;partial=00;start_type=ATG;rbs_motif=GGAG/GAGG;rbs_spacer=5-10bp;gc,14.0
MWCJ01000005.1_4,C,C,C,S,ID=5_4;partial=00;start_type=ATG;rbs_motif=TAAA;rbs_spacer=11bp;gc_cont=0.426,ID=5_4;partial=00;start_type=ATG;rbs_motif=TAAA;rbs_spacer=11bp;gc,14.0
DBRO01000109.1_36,C,C,C,S,ID=84_36;partial=00;start_type=ATG;rbs_motif=AGGA;rbs_spacer=5-10bp;gc_cont=0.507,ID=84_36;partial=00;start_type=ATG;rbs_motif=AGGA;rbs_spacer=5-10bp;gc,14.0
DFGT01000027.1_35,C,C,C,G,ID=11_35;partial=00;start_type=ATG;rbs_motif=AAA;rbs_spacer=3bp;gc_cont=0.463,ID=11_35;partial=00;start_type=ATG;rbs_motif=AAA;rbs_spacer=3bp;gc,13.0
DHHQ01000008.1_150,C,C,C,S,ID=6_150;partial=00;start_type=ATG;rbs_motif=AGGAG;rbs_spacer=5-10bp;gc_cont=0.627,ID=6_150;partial=00;start_type=ATG;rbs_motif=AGGAG;rbs_spacer=5-10bp;gc,14.0
DIVX01000078.1_13,C,C,C,S,ID=47_13;partial=00;start_type=ATG;rbs_motif=GGAGG;rbs_spacer=5-10bp;gc_cont=0.676,ID=47_13;partial=00;start_type=ATG;rbs_motif=GGAGG;rbs_spacer=5-10bp;gc,14.0
DKDL01000108.1_20,C,C,C,G,ID=13_20;partial=00;start_type=ATG;rbs_motif=GGAG/GAGG;rbs_spacer=5-10bp;gc_cont=0.415,ID=13_20;partial=00;start_type=ATG;rbs_motif=GGAG/GAGG;rbs_spacer=5-10bp;gc,13.0
PAIY01000058.1_5,C,C,C,S,ID=76_5;partial=00;start_type=ATG;rbs_motif=GGA/GAG/AGG;rbs_spacer=5-10bp;gc_cont=0.561,ID=76_5;partial=00;start_type=ATG;rbs_motif=GGA/GAG/AGG;rbs_spacer=5-10bp;gc,14.0
PHEY01000006.1_193,C,C,C,S,ID=4_193;partial=00;start_type=ATG;rbs_motif=GGAG/GAGG;rbs_spacer=5-10bp;gc_cont=0.654,ID=4_193;partial=00;start_type=ATG;rbs_motif=GGAG/GAGG;rbs_spacer=5-10bp;gc,14.0
PKTT01000037.1_27,C,C,C,S,ID=29_27;partial=00;start_type=ATG;rbs_motif=GGAG/GAGG;rbs_spacer=5-10bp;gc_cont=0.552,ID=29_27;partial=00;start_type=ATG;rbs_motif=GGAG/GAGG;rbs_spacer=5-10bp;gc,14.0
PLUB01000010.1_104,C,C,C,S,ID=80_104;partial=00;start_type=ATG;rbs_motif=AGGAGG;rbs_spacer=5-10bp;gc_cont=0.460,ID=80_104;partial=00;start_type=ATG;rbs_motif=AGGAGG;rbs_spacer=5-10bp;gc,14.0
QKAR01000145.1_53,C,C,C,S,ID=96_53;partial=00;start_type=ATG;rbs_motif=AGGAG;rbs_spacer=5-10bp;gc_cont=0.612,ID=96_53;partial=00;start_type=ATG;rbs_motif=AGGAG;rbs_spacer=5-10bp;gc,14.0
QKFE01000054.1_4,C,C,C,S,ID=245_4;partial=00;start_type=ATG;rbs_motif=AGGAG;rbs_spacer=5-10bp;gc_cont=0.577,ID=245_4;partial=00;start_type=ATG;rbs_motif=AGGAG;rbs_spacer=5-10bp;gc,14.0
DQED01000211.1_13,C,C,C,S,ID=19_13;partial=00;start_type=ATG;rbs_motif=AGGA;rbs_spacer=5-10bp;gc_cont=0.644,ID=19_13;partial=00;start_type=ATG;rbs_motif=AGGA;rbs_spacer=5-10bp;gc,14.0
QZKY01000011.1_52,C,C,C,S,ID=2_52;partial=00;start_type=ATG;rbs_motif=AGGA;rbs_spacer=5-10bp;gc_cont=0.528,ID=2_52;partial=00;start_type=ATG;rbs_motif=AGGA;rbs_spacer=5-10bp;gc,14.0
SAQL01000028.1_38,C,C,C,A,ID=164_38;partial=00;start_type=ATG;rbs_motif=GGAG/GAGG;rbs_spacer=5-10bp;gc_cont=0.604,ID=164_38;partial=00;start_type=ATG;rbs_motif=GGAG/GAGG;rbs_spacer=5-10bp;gc,13.0
SCQE01000003.1_13,C,C,C,S,ID=63_13;partial=00;start_type=ATG;rbs_motif=AGGAGG;rbs_spacer=5-10bp;gc_cont=0.530,ID=63_13;partial=00;start_type=ATG;rbs_motif=AGGAGG;rbs_spacer=5-10bp;gc,14.0
SZYA01000008.1_13,C,C,C,S,ID=61_13;partial=01;start_type=Edge;rbs_motif=None;rbs_spacer=None;gc_cont=0.531,ID=61_13;partial=01;start_type=Edge;rbs_motif=None;rbs_spacer=None;gc,14.0
QYQN01000104.1_1,C,C,C,S,ID=108_1;partial=00;start_type=ATG;rbs_motif=AGGAG;rbs_spacer=5-10bp;gc_cont=0.478,ID=108_1;partial=00;start_type=ATG;rbs_motif=AGGAG;rbs_spacer=5-10bp;gc,14.0
WBUJ01000008.1_14,C,C,C,S,ID=185_14;partial=00;start_type=ATG;rbs_motif=AGGAG;rbs_spacer=5-10bp;gc_cont=0.600,ID=185_14;partial=00;start_type=ATG;rbs_motif=AGGAG;rbs_spacer=5-10bp;gc,14.0
VFJM01000430.1_3,C,C,C,S,ID=379_3;partial=00;start_type=ATG;rbs_motif=AGGAG;rbs_spacer=5-10bp;gc_cont=0.582,ID=379_3;partial=00;start_type=ATG;rbs_motif=AGGAG;rbs_spacer=5-10bp;gc,14.0
DRSQ01000040.1_10,C,C,C,S,ID=40_10;partial=00;start_type=ATG;rbs_motif=AGGAG;rbs_spacer=5-10bp;gc_cont=0.605,ID=40_10;partial=00;start_type=ATG;rbs_motif=AGGAG;rbs_spacer=5-10bp;gc,14.0
VEPG01000099.1_17,C,C,C,S,ID=79_17;partial=00;start_type=ATG;rbs_motif=AGGAG;rbs_spacer=5-10bp;gc_cont=0.635,ID=79_17;partial=00;start_type=ATG;rbs_motif=AGGAG;rbs_spacer=5-10bp;gc,14.0
JAAYPT010000046.1_8,C,C,C,G,ID=101_8;partial=00;start_type=ATG;rbs_motif=GGAGG;rbs_spacer=5-10bp;gc_cont=0.393,ID=101_8;partial=00;start_type=ATG;rbs_motif=GGAGG;rbs_spacer=5-10bp;gc,13.0
JABFST010000402.1_17,C,C,C,S,ID=113_17;partial=00;start_type=ATG;rbs_motif=AGGAG;rbs_spacer=5-10bp;gc_cont=0.477,ID=113_17;partial=00;start_type=ATG;rbs_motif=AGGAG;rbs_spacer=5-10bp;gc,14.0
QBUL01000168.1_6,C,C,C,S,ID=105_6;partial=00;start_type=ATG;rbs_motif=AGGAGG;rbs_spacer=5-10bp;gc_cont=0.508,ID=105_6;partial=00;start_type=ATG;rbs_motif=AGGAGG;rbs_spacer=5-10bp;gc,14.0
JAAXVR010000032.1_17,C,C,C,S,ID=1_17;partial=00;start_type=ATG;rbs_motif=None;rbs_spacer=None;gc_cont=0.547,ID=1_17;partial=00;start_type=ATG;rbs_motif=None;rbs_spacer=None;gc,14.0
JAAEEW010000100.1_5,C,C,C,S,ID=58_5;partial=00;start_type=ATG;rbs_motif=GGAGG;rbs_spacer=5-10bp;gc_cont=0.640,ID=58_5;partial=00;start_type=ATG;rbs_motif=GGAGG;rbs_spacer=5-10bp;gc,14.0
JACIYQ010000244.1_17,C,C,C,A,ID=162_17;partial=00;start_type=ATG;rbs_motif=GGAG/GAGG;rbs_spacer=5-10bp;gc_cont=0.608,ID=162_17;partial=00;start_type=ATG;rbs_motif=GGAG/GAGG;rbs_spacer=5-10bp;gc,13.0
SVDZ01000001.1_267,C,C,C,G,ID=22_267;partial=00;start_type=ATG;rbs_motif=GGAG/GAGG;rbs_spacer=5-10bp;gc_cont=0.367,ID=22_267;partial=00;start_type=ATG;rbs_motif=GGAG/GAGG;rbs_spacer=5-10bp;gc,13.0
JADGAX010000001.1_68,C,C,C,S,ID=11_68;partial=00;start_type=ATG;rbs_motif=AGGAG;rbs_spacer=5-10bp;gc_cont=0.594,ID=11_68;partial=00;start_type=ATG;rbs_motif=AGGAG;rbs_spacer=5-10bp;gc,14.0
JADMLA020000022.1_97,C,C,C,S,ID=30_97;partial=00;start_type=ATG;rbs_motif=AAAA;rbs_spacer=15bp;gc_cont=0.499,ID=30_97;partial=00;start_type=ATG;rbs_motif=AAAA;rbs_spacer=15bp;gc,14.0
WGNK01000004.1_134,C,C,C,A,ID=17_134;partial=00;start_type=ATG;rbs_motif=AGGAG;rbs_spacer=5-10bp;gc_cont=0.592,ID=17_134;partial=00;start_type=ATG;rbs_motif=AGGAG;rbs_spacer=5-10bp;gc,13.0
JACRHH010000004.1_34,C,C,C,S,ID=36_34;partial=00;start_type=ATG;rbs_motif=AGGA;rbs_spacer=5-10bp;gc_cont=0.578,ID=36_34;partial=00;start_type=ATG;rbs_motif=AGGA;rbs_spacer=5-10bp;gc,14.0
JACRHC010000049.1_17,C,C,C,S,ID=139_17;partial=00;start_type=ATG;rbs_motif=AGGAGG;rbs_spacer=5-10bp;gc_cont=0.526,ID=139_17;partial=00;start_type=ATG;rbs_motif=AGGAGG;rbs_spacer=5-10bp;gc,14.0
JACRHD010000067.1_126,C,C,C,S,ID=53_126;partial=00;start_type=ATG;rbs_motif=AGGAGG;rbs_spacer=5-10bp;gc_cont=0.504,ID=53_126;partial=00;start_type=ATG;rbs_motif=AGGAGG;rbs_spacer=5-10bp;gc,14.0
JAEEQL010000050.1_12,C,C,C,S,ID=31_12;partial=00;start_type=ATG;rbs_motif=GGAGG;rbs_spacer=5-10bp;gc_cont=0.497,ID=31_12;partial=00;start_type=ATG;rbs_motif=GGAGG;rbs_spacer=5-10bp;gc,14.0
JADJFE010000013.1_144,C,C,C,A,ID=13_144;partial=00;start_type=ATG;rbs_motif=GGAG/GAGG;rbs_spacer=5-10bp;gc_cont=0.562,ID=13_144;partial=00;start_type=ATG;rbs_motif=GGAG/GAGG;rbs_spacer=5-10bp;gc,13.0
JADGEB010000001.1_67,C,C,C,S,ID=17_67;partial=00;start_type=ATG;rbs_motif=AGGAG;rbs_spacer=5-10bp;gc_cont=0.453,ID=17_67;partial=00;start_type=ATG;rbs_motif=AGGAG;rbs_spacer=5-10bp;gc,14.0
JAENZX010000059.1_4,C,C,C,S,ID=11_4;partial=00;start_type=ATG;rbs_motif=AGGAGG;rbs_spacer=5-10bp;gc_cont=0.470,ID=11_4;partial=00;start_type=ATG;rbs_motif=AGGAGG;rbs_spacer=5-10bp;gc,14.0
JAFGEL010000115.1_1,C,C,C,S,ID=32_1;partial=10;start_type=Edge;rbs_motif=None;rbs_spacer=None;gc_cont=0.536,ID=32_1;partial=10;start_type=Edge;rbs_motif=None;rbs_spacer=None;gc,14.0
JAFGUF010000032.1_6,C,C,C,S,ID=2_6;partial=00;start_type=TTG;rbs_motif=AGGAG;rbs_spacer=5-10bp;gc_cont=0.446,ID=2_6;partial=00;start_type=TTG;rbs_motif=AGGAG;rbs_spacer=5-10bp;gc,14.0
JAFPWY010000007.1_56,C,C,C,G,ID=6_56;partial=00;start_type=ATG;rbs_motif=GGA/GAG/AGG;rbs_spacer=5-10bp;gc_cont=0.483,ID=6_56;partial=00;start_type=ATG;rbs_motif=GGA/GAG/AGG;rbs_spacer=5-10bp;gc,13.0
JAFUAG010000003.1_130,C,C,C,G,ID=39_130;partial=00;start_type=ATG;rbs_motif=AGxAGG/AGGxGG;rbs_spacer=5-10bp;gc_cont=0.538,ID=39_130;partial=00;start_type=ATG;rbs_motif=AGxAGG/AGGxGG;rbs_spacer=5-10bp;gc,13.0
JAFXSM010000002.1_2,C,C,C,G,ID=38_2;partial=00;start_type=ATG;rbs_motif=GGAG/GAGG;rbs_spacer=5-10bp;gc_cont=0.550,ID=38_2;partial=00;start_type=ATG;rbs_motif=GGAG/GAGG;rbs_spacer=5-10bp;gc,13.0
JAFZXD010000143.1_3,C,C,C,G,ID=302_3;partial=00;start_type=ATG;rbs_motif=AGGAG;rbs_spacer=5-10bp;gc_cont=0.403,ID=302_3;partial=00;start_type=ATG;rbs_motif=AGGAG;rbs_spacer=5-10bp;gc,13.0
JAGDDO010000021.1_3,C,C,C,G,ID=161_3;partial=00;start_type=TTG;rbs_motif=AGGAG;rbs_spacer=5-10bp;gc_cont=0.453,ID=161_3;partial=00;start_type=TTG;rbs_motif=AGGAG;rbs_spacer=5-10bp;gc,13.0
JAGDCV010000081.1_26,C,C,C,G,ID=70_26;partial=00;start_type=ATG;rbs_motif=AGGAGG;rbs_spacer=5-10bp;gc_cont=0.463,ID=70_26;partial=00;start_type=ATG;rbs_motif=AGGAGG;rbs_spacer=5-10bp;gc,13.0
JAGTVD010000177.1_4,C,C,C,S,ID=177_4;partial=00;start_type=ATG;rbs_motif=AGGAG;rbs_spacer=5-10bp;gc_cont=0.639,ID=177_4;partial=00;start_type=ATG;rbs_motif=AGGAG;rbs_spacer=5-10bp;gc,14.0
JADMKC010000006.1_2,C,C,C,A,ID=34_2;partial=00;start_type=ATG;rbs_motif=AGGAG;rbs_spacer=5-10bp;gc_cont=0.604,ID=34_2;partial=00;start_type=ATG;rbs_motif=AGGAG;rbs_spacer=5-10bp;gc,13.0
JAHJTI010000341.1_2,C,C,C,S,ID=95_2;partial=00;start_type=ATG;rbs_motif=GGAG/GAGG;rbs_spacer=5-10bp;gc_cont=0.586,ID=95_2;partial=00;start_type=ATG;rbs_motif=GGAG/GAGG;rbs_spacer=5-10bp;gc,14.0
JABBNX010000017.1_15,C,C,C,S,ID=194_15;partial=00;start_type=ATG;rbs_motif=AGGAG;rbs_spacer=5-10bp;gc_cont=0.533,ID=194_15;partial=00;start_type=ATG;rbs_motif=AGGAG;rbs_spacer=5-10bp;gc,14.0
JAGVPN010000198.1_3,C,C,C,S,ID=207_3;partial=00;start_type=ATG;rbs_motif=GGAG/GAGG;rbs_spacer=5-10bp;gc_cont=0.609,ID=207_3;partial=00;start_type=ATG;rbs_motif=GGAG/GAGG;rbs_spacer=5-10bp;gc,14.0
JAIWOE010000057.1_7,C,C,C,S,ID=192_7;partial=00;start_type=ATG;rbs_motif=AGGAG;rbs_spacer=5-10bp;gc_cont=0.633,ID=192_7;partial=00;start_type=ATG;rbs_motif=AGGAG;rbs_spacer=5-10bp;gc,14.0
JAIMKR010000026.1_6,C,C,C,S,ID=4_6;partial=00;start_type=ATG;rbs_motif=GGAG/GAGG;rbs_spacer=5-10bp;gc_cont=0.650,ID=4_6;partial=00;start_type=ATG;rbs_motif=GGAG/GAGG;rbs_spacer=5-10bp;gc,14.0
JADLHU010000102.1_20,C,C,C,A,ID=102_20;partial=00;start_type=ATG;rbs_motif=AGGAG;rbs_spacer=5-10bp;gc_cont=0.617,ID=102_20;partial=00;start_type=ATG;rbs_motif=AGGAG;rbs_spacer=5-10bp;gc,13.0
JAJTBI010000001.1_43,C,C,C,S,ID=120_43;partial=00;start_type=ATG;rbs_motif=AGGAG;rbs_spacer=5-10bp;gc_cont=0.531,ID=120_43;partial=00;start_type=ATG;rbs_motif=AGGAG;rbs_spacer=5-10bp;gc,14.0
JAASSR010000086.1_5,C,C,C,S,ID=86_5;partial=00;start_type=ATG;rbs_motif=AGGAGG;rbs_spacer=5-10bp;gc_cont=0.444,ID=86_5;partial=00;start_type=ATG;rbs_motif=AGGAGG;rbs_spacer=5-10bp;gc,14.0
JAJYJM010000043.1_12,C,C,C,S,ID=49_12;partial=00;start_type=ATG;rbs_motif=GGAGG;rbs_spacer=3-4bp;gc_cont=0.570,ID=49_12;partial=00;start_type=ATG;rbs_motif=GGAGG;rbs_spacer=3-4bp;gc,14.0
JAJYYS010000001.1_47,C,C,C,S,ID=99_47;partial=00;start_type=ATG;rbs_motif=GGAGG;rbs_spacer=5-10bp;gc_cont=0.415,ID=99_47;partial=00;start_type=ATG;rbs_motif=GGAGG;rbs_spacer=5-10bp;gc,14.0
JAJZPG010000046.1_9,C,C,C,S,ID=16_9;partial=00;start_type=ATG;rbs_motif=AGGAG;rbs_spacer=5-10bp;gc_cont=0.611,ID=16_9;partial=00;start_type=ATG;rbs_motif=AGGAG;rbs_spacer=5-10bp;gc,14.0
JAKAQS010000186.1_6,C,C,C,A,ID=17_6;partial=00;start_type=ATG;rbs_motif=AGGAG;rbs_spacer=5-10bp;gc_cont=0.590,ID=17_6;partial=00;start_type=ATG;rbs_motif=AGGAG;rbs_spacer=5-10bp;gc,13.0
JAKBJU010000001.1_7,C,C,C,A,ID=17_7;partial=00;start_type=ATG;rbs_motif=AGGAG;rbs_spacer=5-10bp;gc_cont=0.574,ID=17_7;partial=00;start_type=ATG;rbs_motif=AGGAG;rbs_spacer=5-10bp;gc,13.0
JAKLQL010000627.1_2,C,C,C,G,ID=607_2;partial=00;start_type=ATG;rbs_motif=AGGAGG;rbs_spacer=5-10bp;gc_cont=0.420,ID=607_2;partial=00;start_type=ATG;rbs_motif=AGGAGG;rbs_spacer=5-10bp;gc,13.0
JAFLTB010000032.1_26,C,C,C,G,ID=50_26;partial=00;start_type=ATG;rbs_motif=AGGAGG;rbs_spacer=11-12bp;gc_cont=0.505,ID=50_26;partial=00;start_type=ATG;rbs_motif=AGGAGG;rbs_spacer=11-12bp;gc,13.0
JALHJW010000008.1_127,C,C,C,S,ID=53_127;partial=00;start_type=ATG;rbs_motif=GGAG/GAGG;rbs_spacer=5-10bp;gc_cont=0.646,ID=53_127;partial=00;start_type=ATG;rbs_motif=GGAG/GAGG;rbs_spacer=5-10bp;gc,14.0
JAHFDG010000038.1_2,C,C,C,S,ID=126_2;partial=00;start_type=ATG;rbs_motif=GGAGG;rbs_spacer=5-10bp;gc_cont=0.488,ID=126_2;partial=00;start_type=ATG;rbs_motif=GGAGG;rbs_spacer=5-10bp;gc,14.0
JAEWCQ010000016.1_117,C,C,C,S,ID=20_117;partial=00;start_type=ATG;rbs_motif=AGGAGG;rbs_spacer=5-10bp;gc_cont=0.449,ID=20_117;partial=00;start_type=ATG;rbs_motif=AGGAGG;rbs_spacer=5-10bp;gc,14.0
JAEWVM010000215.1_3,C,C,C,S,ID=15_3;partial=00;start_type=ATG;rbs_motif=GGAGG;rbs_spacer=5-10bp;gc_cont=0.443,ID=15_3;partial=00;start_type=ATG;rbs_motif=GGAGG;rbs_spacer=5-10bp;gc,14.0
JAEYAW010000027.1_2,C,C,C,A,ID=20_2;partial=00;start_type=ATG;rbs_motif=GGAG/GAGG;rbs_spacer=5-10bp;gc_cont=0.611,ID=20_2;partial=00;start_type=ATG;rbs_motif=GGAG/GAGG;rbs_spacer=5-10bp;gc,13.0
JAEYOM010000185.1_12,C,C,C,S,ID=182_12;partial=00;start_type=ATG;rbs_motif=GGAGG;rbs_spacer=5-10bp;gc_cont=0.516,ID=182_12;partial=00;start_type=ATG;rbs_motif=GGAGG;rbs_spacer=5-10bp;gc,14.0
JAEZJV010000008.1_43,C,C,C,S,ID=83_43;partial=00;start_type=ATG;rbs_motif=AGGAGG;rbs_spacer=5-10bp;gc_cont=0.480,ID=83_43;partial=00;start_type=ATG;rbs_motif=AGGAGG;rbs_spacer=5-10bp;gc,14.0
JAFAFA010000051.1_22,C,C,C,A,ID=16_22;partial=00;start_type=ATG;rbs_motif=AGGAG;rbs_spacer=5-10bp;gc_cont=0.626,ID=16_22;partial=00;start_type=ATG;rbs_motif=AGGAG;rbs_spacer=5-10bp;gc,13.0
JAEYSJ010000044.1_16,C,C,C,S,ID=245_16;partial=01;start_type=ATG;rbs_motif=AGGAGG;rbs_spacer=5-10bp;gc_cont=0.521,ID=245_16;partial=01;start_type=ATG;rbs_motif=AGGAGG;rbs_spacer=5-10bp;gc,14.0
JAEXRD010000044.1_10,C,C,C,S,ID=21_10;partial=00;start_type=ATG;rbs_motif=GGAG/GAGG;rbs_spacer=5-10bp;gc_cont=0.653,ID=21_10;partial=00;start_type=ATG;rbs_motif=GGAG/GAGG;rbs_spacer=5-10bp;gc,14.0
JAEZST010000022.1_11,C,C,C,S,ID=23_11;partial=00;start_type=ATG;rbs_motif=AGGAG;rbs_spacer=5-10bp;gc_cont=0.629,ID=23_11;partial=00;start_type=ATG;rbs_motif=AGGAG;rbs_spacer=5-10bp;gc,14.0
JAMCVT010000152.1_6,C,C,C,S,ID=161_6;partial=01;start_type=ATG;rbs_motif=GGAG/GAGG;rbs_spacer=5-10bp;gc_cont=0.574,ID=161_6;partial=01;start_type=ATG;rbs_motif=GGAG/GAGG;rbs_spacer=5-10bp;gc,14.0
JAJRZR010000108.1_26,C,C,C,S,ID=95_26;partial=00;start_type=ATG;rbs_motif=AGGAG;rbs_spacer=5-10bp;gc_cont=0.547,ID=95_26;partial=00;start_type=ATG;rbs_motif=AGGAG;rbs_spacer=5-10bp;gc,14.0
JAGXFU010000005.1_219,C,C,C,S,ID=9_219;partial=00;start_type=ATG;rbs_motif=AGGAGG;rbs_spacer=5-10bp;gc_cont=0.601,ID=9_219;partial=00;start_type=ATG;rbs_motif=AGGAGG;rbs_spacer=5-10bp;gc,14.0
JAILKC010000071.1_7,C,C,C,G,ID=50_7;partial=00;start_type=ATG;rbs_motif=AGGAGG;rbs_spacer=5-10bp;gc_cont=0.476,ID=50_7;partial=00;start_type=ATG;rbs_motif=AGGAGG;rbs_spacer=5-10bp;gc,13.0
JANTGB010000026.1_9,C,C,C,S,ID=26_9;partial=00;start_type=ATG;rbs_motif=GGAG/GAGG;rbs_spacer=5-10bp;gc_cont=0.514,ID=26_9;partial=00;start_type=ATG;rbs_motif=GGAG/GAGG;rbs_spacer=5-10bp;gc,14.0
OMOF01000277.1_5,C,C,C,S,ID=333_5;partial=00;start_type=ATG;rbs_motif=AGGAGG;rbs_spacer=5-10bp;gc_cont=0.443,ID=333_5;partial=00;start_type=ATG;rbs_motif=AGGAGG;rbs_spacer=5-10bp;gc,14.0
ONPD01000009.1_40,C,C,C,G,ID=19_40;partial=00;start_type=ATG;rbs_motif=GGA/GAG/AGG;rbs_spacer=5-10bp;gc_cont=0.410,ID=19_40;partial=00;start_type=ATG;rbs_motif=GGA/GAG/AGG;rbs_spacer=5-10bp;gc,13.0
CABMIH010000075.1_112,C,C,C,S,ID=75_112;partial=00;start_type=ATG;rbs_motif=GGAGG;rbs_spacer=5-10bp;gc_cont=0.493,ID=75_112;partial=00;start_type=ATG;rbs_motif=GGAGG;rbs_spacer=5-10bp;gc,14.0
CACXGG010000233.1_8,C,C,C,G,ID=233_8;partial=00;start_type=ATG;rbs_motif=AGGAGG;rbs_spacer=5-10bp;gc_cont=0.505,ID=233_8;partial=00;start_type=ATG;rbs_motif=AGGAGG;rbs_spacer=5-10bp;gc,13.0
CACZML010000003.1_10,C,C,C,G,ID=3_10;partial=00;start_type=ATG;rbs_motif=GGAGG;rbs_spacer=5-10bp;gc_cont=0.465,ID=3_10;partial=00;start_type=ATG;rbs_motif=GGAGG;rbs_spacer=5-10bp;gc,13.0
CADAPI010000234.1_3,C,C,C,G,ID=234_3;partial=00;start_type=TTG;rbs_motif=AGGAG;rbs_spacer=5-10bp;gc_cont=0.435,ID=234_3;partial=00;start_type=TTG;rbs_motif=AGGAG;rbs_spacer=5-10bp;gc,13.0
CADCLV010000069.1_3,C,C,C,G,ID=69_3;partial=00;start_type=ATG;rbs_motif=GGAGG;rbs_spacer=5-10bp;gc_cont=0.485,ID=69_3;partial=00;start_type=ATG;rbs_motif=GGAGG;rbs_spacer=5-10bp;gc,13.0
CAIJXJ010000050.1_47,C,C,C,A,ID=50_47;partial=00;start_type=ATG;rbs_motif=AGGAG;rbs_spacer=5-10bp;gc_cont=0.542,ID=50_47;partial=00;start_type=ATG;rbs_motif=AGGAG;rbs_spacer=5-10bp;gc,13.0
CAINCU010000043.1_20,C,C,C,S,ID=43_20;partial=00;start_type=ATG;rbs_motif=AGGAG;rbs_spacer=5-10bp;gc_cont=0.554,ID=43_20;partial=00;start_type=ATG;rbs_motif=AGGAG;rbs_spacer=5-10bp;gc,14.0
CAIPYV010000127.1_37,C,C,C,S,ID=127_37;partial=00;start_type=ATG;rbs_motif=None;rbs_spacer=None;gc_cont=0.513,ID=127_37;partial=00;start_type=ATG;rbs_motif=None;rbs_spacer=None;gc,14.0
CAISPW010000164.1_11,C,C,C,S,ID=164_11;partial=00;start_type=ATG;rbs_motif=AGGAGG;rbs_spacer=5-10bp;gc_cont=0.620,ID=164_11;partial=00;start_type=ATG;rbs_motif=AGGAGG;rbs_spacer=5-10bp;gc,14.0
CAIUXT010000127.1_2,C,C,C,A,ID=127_2;partial=00;start_type=ATG;rbs_motif=GGAG/GAGG;rbs_spacer=5-10bp;gc_cont=0.595,ID=127_2;partial=00;start_type=ATG;rbs_motif=GGAG/GAGG;rbs_spacer=5-10bp;gc,13.0
CAIYDK010000047.1_30,C,C,C,A,ID=47_30;partial=01;start_type=ATG;rbs_motif=GGAG/GAGG;rbs_spacer=5-10bp;gc_cont=0.580,ID=47_30;partial=01;start_type=ATG;rbs_motif=GGAG/GAGG;rbs_spacer=5-10bp;gc,13.0
CAJAFV010000065.1_35,C,C,C,S,ID=65_35;partial=00;start_type=ATG;rbs_motif=AGGAG;rbs_spacer=5-10bp;gc_cont=0.528,ID=65_35;partial=00;start_type=ATG;rbs_motif=AGGAG;rbs_spacer=5-10bp;gc,14.0
CAJMPJ010000011.1_87,C,C,C,S,ID=11_87;partial=00;start_type=ATG;rbs_motif=AGGAGG;rbs_spacer=5-10bp;gc_cont=0.461,ID=11_87;partial=00;start_type=ATG;rbs_motif=AGGAGG;rbs_spacer=5-10bp;gc,14.0
CAJXRQ010000024.1_20,C,C,C,S,ID=24_20;partial=00;start_type=ATG;rbs_motif=AGGA;rbs_spacer=5-10bp;gc_cont=0.568,ID=24_20;partial=00;start_type=ATG;rbs_motif=AGGA;rbs_spacer=5-10bp;gc,14.0
CAMBSB010000259.1_4,C,C,C,S,ID=259_4;partial=00;start_type=ATG;rbs_motif=TAA;rbs_spacer=12bp;gc_cont=0.438,ID=259_4;partial=00;start_type=ATG;rbs_motif=TAA;rbs_spacer=12bp;gc,14.0
NC_007778.1_975,C,C,C,A,ID=1_975;partial=00;start_type=GTG;rbs_motif=GGA/GAG/AGG;rbs_spacer=5-10bp;gc_cont=0.624,ID=1_975;partial=00;start_type=GTG;rbs_motif=GGA/GAG/AGG;rbs_spacer=5-10bp;gc,13.0
NC_010814.1_642,C,C,C,S,ID=1_642;partial=00;start_type=ATG;rbs_motif=AGGAG;rbs_spacer=5-10bp;gc_cont=0.536,ID=1_642;partial=00;start_type=ATG;rbs_motif=AGGAG;rbs_spacer=5-10bp;gc,14.0
NZ_AAVU01000012.1_52,C,C,C,S,ID=99_52;partial=00;start_type=ATG;rbs_motif=GGAG/GAGG;rbs_spacer=5-10bp;gc_cont=0.459,ID=99_52;partial=00;start_type=ATG;rbs_motif=GGAG/GAGG;rbs_spacer=5-10bp;gc,14.0
NC_016803.1_1292,C,C,C,S,ID=1_1292;partial=00;start_type=ATG;rbs_motif=AGGA;rbs_spacer=5-10bp;gc_cont=0.648,ID=1_1292;partial=00;start_type=ATG;rbs_motif=AGGA;rbs_spacer=5-10bp;gc,14.0
NC_018515.1_3855,C,C,C,S,ID=1_3855;partial=00;start_type=ATG;rbs_motif=AGGA;rbs_spacer=5-10bp;gc_cont=0.471,ID=1_3855;partial=00;start_type=ATG;rbs_motif=AGGA;rbs_spacer=5-10bp;gc,14.0
NZ_JH660636.1_130,C,C,C,A,ID=4_130;partial=00;start_type=ATG;rbs_motif=GGAG/GAGG;rbs_spacer=5-10bp;gc_cont=0.612,ID=4_130;partial=00;start_type=ATG;rbs_motif=GGAG/GAGG;rbs_spacer=5-10bp;gc,13.0
NZ_AEEC02000010.1_120,C,C,C,A,ID=84_120;partial=00;start_type=ATG;rbs_motif=GGA/GAG/AGG;rbs_spacer=5-10bp;gc_cont=0.607,ID=84_120;partial=00;start_type=ATG;rbs_motif=GGA/GAG/AGG;rbs_spacer=5-10bp;gc,13.0
NZ_KB455575.1_3988,C,C,C,S,ID=1_3988;partial=00;start_type=ATG;rbs_motif=AGGAG;rbs_spacer=5-10bp;gc_cont=0.532,ID=1_3988;partial=00;start_type=ATG;rbs_motif=AGGAG;rbs_spacer=5-10bp;gc,14.0
NZ_KB900617.1_254,C,C,C,S,ID=1_254;partial=00;start_type=ATG;rbs_motif=AGxAGG/AGGxGG;rbs_spacer=5-10bp;gc_cont=0.352,ID=1_254;partial=00;start_type=ATG;rbs_motif=AGxAGG/AGGxGG;rbs_spacer=5-10bp;gc,14.0
NZ_ATVS01000060.1_3,C,C,C,G,ID=60_3;partial=00;start_type=GTG;rbs_motif=AGGAG;rbs_spacer=5-10bp;gc_cont=0.463,ID=60_3;partial=00;start_type=GTG;rbs_motif=AGGAG;rbs_spacer=5-10bp;gc,13.0
NZ_AUFE01000097.1_13,C,C,C,A,ID=96_13;partial=00;start_type=ATG;rbs_motif=AGGAG;rbs_spacer=5-10bp;gc_cont=0.517,ID=96_13;partial=00;start_type=ATG;rbs_motif=AGGAG;rbs_spacer=5-10bp;gc,13.0
NZ_KE387211.1_33,C,C,C,A,ID=11_33;partial=00;start_type=ATG;rbs_motif=AGGAG;rbs_spacer=5-10bp;gc_cont=0.649,ID=11_33;partial=00;start_type=ATG;rbs_motif=AGGAG;rbs_spacer=5-10bp;gc,13.0
NZ_AXUN02000180.1_26,C,C,C,S,ID=62_26;partial=00;start_type=ATG;rbs_motif=AGGAGG;rbs_spacer=5-10bp;gc_cont=0.501,ID=62_26;partial=00;start_type=ATG;rbs_motif=AGGAGG;rbs_spacer=5-10bp;gc,14.0
NZ_ASSD01000277.1_2,C,C,C,S,ID=277_2;partial=00;start_type=ATG;rbs_motif=AGxAGG/AGGxGG;rbs_spacer=5-10bp;gc_cont=0.497,ID=277_2;partial=00;start_type=ATG;rbs_motif=AGxAGG/AGGxGG;rbs_spacer=5-10bp;gc,14.0
NZ_JHXQ01000006.1_109,C,C,C,A,ID=6_109;partial=00;start_type=ATG;rbs_motif=GGAG/GAGG;rbs_spacer=5-10bp;gc_cont=0.576,ID=6_109;partial=00;start_type=ATG;rbs_motif=GGAG/GAGG;rbs_spacer=5-10bp;gc,13.0
NZ_JOOA01000002.1_1100,C,C,C,G,ID=2_1100;partial=00;start_type=TTG;rbs_motif=AGGAG;rbs_spacer=5-10bp;gc_cont=0.453,ID=2_1100;partial=00;start_type=TTG;rbs_motif=AGGAG;rbs_spacer=5-10bp;gc,13.0
NZ_CP053444.1_111,C,C,C,A,ID=3_111;partial=00;start_type=ATG;rbs_motif=AGGA;rbs_spacer=5-10bp;gc_cont=0.547,ID=3_111;partial=00;start_type=ATG;rbs_motif=AGGA;rbs_spacer=5-10bp;gc,13.0
NZ_JYNH01000002.1_57,C,C,C,S,ID=2_57;partial=00;start_type=ATG;rbs_motif=AGGA;rbs_spacer=5-10bp;gc_cont=0.454,ID=2_57;partial=00;start_type=ATG;rbs_motif=AGGA;rbs_spacer=5-10bp;gc,14.0
NZ_LEKT01000018.1_17,C,C,C,S,ID=80_17;partial=00;start_type=ATG;rbs_motif=GGAG/GAGG;rbs_spacer=5-10bp;gc_cont=0.439,ID=80_17;partial=00;start_type=ATG;rbs_motif=GGAG/GAGG;rbs_spacer=5-10bp;gc,14.0
NZ_LKET01000021.1_308,C,C,C,S,ID=21_308;partial=00;start_type=ATG;rbs_motif=AGGAGG;rbs_spacer=5-10bp;gc_cont=0.435,ID=21_308;partial=00;start_type=ATG;rbs_motif=AGGAGG;rbs_spacer=5-10bp;gc,14.0
NZ_LUFH02000075.1_22,C,C,C,S,ID=227_22;partial=00;start_type=ATG;rbs_motif=GGAG/GAGG;rbs_spacer=5-10bp;gc_cont=0.446,ID=227_22;partial=00;start_type=ATG;rbs_motif=GGAG/GAGG;rbs_spacer=5-10bp;gc,14.0
NZ_LPUX01000056.1_23,C,C,C,A,ID=56_23;partial=00;start_type=ATG;rbs_motif=AGxAGG/AGGxGG;rbs_spacer=5-10bp;gc_cont=0.637,ID=56_23;partial=00;start_type=ATG;rbs_motif=AGxAGG/AGGxGG;rbs_spacer=5-10bp;gc,13.0
NZ_LVJW01000003.1_1566,C,C,C,S,ID=3_1566;partial=00;start_type=ATG;rbs_motif=AGGAG;rbs_spacer=5-10bp;gc_cont=0.492,ID=3_1566;partial=00;start_type=ATG;rbs_motif=AGGAG;rbs_spacer=5-10bp;gc,14.0
NZ_LKAQ01000001.1_765,C,C,C,S,ID=1_765;partial=00;start_type=ATG;rbs_motif=AGGAG;rbs_spacer=5-10bp;gc_cont=0.646,ID=1_765;partial=00;start_type=ATG;rbs_motif=AGGAG;rbs_spacer=5-10bp;gc,14.0
NZ_MTJN01000002.1_2622,C,C,C,A,ID=2_2622;partial=00;start_type=ATG;rbs_motif=AGGAG;rbs_spacer=5-10bp;gc_cont=0.592,ID=2_2622;partial=00;start_type=ATG;rbs_motif=AGGAG;rbs_spacer=5-10bp;gc,13.0
NZ_MXPU01000050.1_2,C,C,C,A,ID=45_2;partial=00;start_type=ATG;rbs_motif=GGA/GAG/AGG;rbs_spacer=5-10bp;gc_cont=0.591,ID=45_2;partial=00;start_type=ATG;rbs_motif=GGA/GAG/AGG;rbs_spacer=5-10bp;gc,13.0
NZ_NSGE01000010.1_80,C,C,C,A,ID=2_80;partial=00;start_type=ATG;rbs_motif=GGA/GAG/AGG;rbs_spacer=5-10bp;gc_cont=0.591,ID=2_80;partial=00;start_type=ATG;rbs_motif=GGA/GAG/AGG;rbs_spacer=5-10bp;gc,13.0
NZ_PPFX01000045.1_20,C,C,C,S,ID=39_20;partial=00;start_type=ATG;rbs_motif=AGGAG;rbs_spacer=5-10bp;gc_cont=0.611,ID=39_20;partial=00;start_type=ATG;rbs_motif=AGGAG;rbs_spacer=5-10bp;gc,14.0
NZ_PZJX01000070.1_27,C,C,C,A,ID=70_27;partial=00;start_type=ATG;rbs_motif=GGA/GAG/AGG;rbs_spacer=5-10bp;gc_cont=0.593,ID=70_27;partial=00;start_type=ATG;rbs_motif=GGA/GAG/AGG;rbs_spacer=5-10bp;gc,13.0
NZ_CP029353.1_1753,C,C,C,A,ID=2_1753;partial=00;start_type=ATG;rbs_motif=AGGAG;rbs_spacer=5-10bp;gc_cont=0.642,ID=2_1753;partial=00;start_type=ATG;rbs_motif=AGGAG;rbs_spacer=5-10bp;gc,13.0
NZ_QLSU01000022.1_105,C,C,C,A,ID=22_105;partial=00;start_type=ATG;rbs_motif=AGGAG;rbs_spacer=5-10bp;gc_cont=0.591,ID=22_105;partial=00;start_type=ATG;rbs_motif=AGGAG;rbs_spacer=5-10bp;gc,13.0
NZ_QUFB01000049.1_16,C,C,C,G,ID=99_16;partial=00;start_type=ATG;rbs_motif=AGGA;rbs_spacer=5-10bp;gc_cont=0.454,ID=99_16;partial=00;start_type=ATG;rbs_motif=AGGA;rbs_spacer=5-10bp;gc,13.0
NZ_BEXT01000001.1_2738,C,C,C,S,ID=1_2738;partial=00;start_type=ATG;rbs_motif=AGGAG;rbs_spacer=5-10bp;gc_cont=0.581,ID=1_2738;partial=00;start_type=ATG;rbs_motif=AGGAG;rbs_spacer=5-10bp;gc,14.0
NZ_RJZE01000003.1_151,C,C,C,A,ID=76_151;partial=00;start_type=ATG;rbs_motif=AGGAG;rbs_spacer=5-10bp;gc_cont=0.617,ID=76_151;partial=00;start_type=ATG;rbs_motif=AGGAG;rbs_spacer=5-10bp;gc,13.0
NZ_CP022221.1_1999,C,C,C,A,ID=1_1999;partial=00;start_type=ATG;rbs_motif=AGGA;rbs_spacer=5-10bp;gc_cont=0.573,ID=1_1999;partial=00;start_type=ATG;rbs_motif=AGGA;rbs_spacer=5-10bp;gc,13.0
NZ_SLVM01000008.1_76,C,C,C,A,ID=8_76;partial=00;start_type=ATG;rbs_motif=AGGA;rbs_spacer=5-10bp;gc_cont=0.643,ID=8_76;partial=00;start_type=ATG;rbs_motif=AGGA;rbs_spacer=5-10bp;gc,13.0
NZ_QFGA01000001.1_1033,C,C,C,S,ID=1_1033;partial=00;start_type=ATG;rbs_motif=AGGAGG;rbs_spacer=5-10bp;gc_cont=0.556,ID=1_1033;partial=00;start_type=ATG;rbs_motif=AGGAGG;rbs_spacer=5-10bp;gc,14.0
NZ_SWCN01000012.1_69,C,C,C,S,ID=8_69;partial=00;start_type=ATG;rbs_motif=GGA/GAG/AGG;rbs_spacer=5-10bp;gc_cont=0.484,ID=8_69;partial=00;start_type=ATG;rbs_motif=GGA/GAG/AGG;rbs_spacer=5-10bp;gc,14.0
NZ_BJMV01000010.1_38,C,C,C,A,ID=10_38;partial=00;start_type=ATG;rbs_motif=AGGAG;rbs_spacer=5-10bp;gc_cont=0.562,ID=10_38;partial=00;start_type=ATG;rbs_motif=AGGAG;rbs_spacer=5-10bp;gc,13.0
NZ_VITN01000004.1_25,C,C,C,A,ID=4_25;partial=00;start_type=ATG;rbs_motif=GGA/GAG/AGG;rbs_spacer=5-10bp;gc_cont=0.644,ID=4_25;partial=00;start_type=ATG;rbs_motif=GGA/GAG/AGG;rbs_spacer=5-10bp;gc,13.0
NZ_VTTL01000006.1_99,C,C,C,A,ID=32_99;partial=00;start_type=ATG;rbs_motif=GGA/GAG/AGG;rbs_spacer=5-10bp;gc_cont=0.621,ID=32_99;partial=00;start_type=ATG;rbs_motif=GGA/GAG/AGG;rbs_spacer=5-10bp;gc,13.0
NZ_WIVE01000064.1_6,C,C,C,A,ID=158_6;partial=00;start_type=ATG;rbs_motif=GGAG/GAGG;rbs_spacer=5-10bp;gc_cont=0.650,ID=158_6;partial=00;start_type=ATG;rbs_motif=GGAG/GAGG;rbs_spacer=5-10bp;gc,13.0
NZ_ML776472.1_4171,C,C,C,S,ID=1_4171;partial=00;start_type=ATG;rbs_motif=None;rbs_spacer=None;gc_cont=0.534,ID=1_4171;partial=00;start_type=ATG;rbs_motif=None;rbs_spacer=None;gc,14.0
NZ_WUFT01000009.1_253,C,C,C,A,ID=169_253;partial=00;start_type=ATG;rbs_motif=GGAG/GAGG;rbs_spacer=5-10bp;gc_cont=0.540,ID=169_253;partial=00;start_type=ATG;rbs_motif=GGAG/GAGG;rbs_spacer=5-10bp;gc,13.0
NZ_JAAXMM010000001.1_52,C,C,C,A,ID=47_52;partial=00;start_type=ATG;rbs_motif=GGAGG;rbs_spacer=5-10bp;gc_cont=0.610,ID=47_52;partial=00;start_type=ATG;rbs_motif=GGAGG;rbs_spacer=5-10bp;gc,13.0
NZ_CP051293.1_6909,C,C,C,A,ID=1_6909;partial=00;start_type=ATG;rbs_motif=None;rbs_spacer=None;gc_cont=0.590,ID=1_6909;partial=00;start_type=ATG;rbs_motif=None;rbs_spacer=None;gc,13.0
NZ_CP058907.1_4602,C,C,C,A,ID=1_4602;partial=00;start_type=ATG;rbs_motif=GGA/GAG/AGG;rbs_spacer=11-12bp;gc_cont=0.621,ID=1_4602;partial=00;start_type=ATG;rbs_motif=GGA/GAG/AGG;rbs_spacer=11-12bp;gc,13.0
NZ_JACHFH010000001.1_142,C,C,C,S,ID=1_142;partial=00;start_type=ATG;rbs_motif=AGGAG;rbs_spacer=5-10bp;gc_cont=0.402,ID=1_142;partial=00;start_type=ATG;rbs_motif=AGGAG;rbs_spacer=5-10bp;gc,14.0
NZ_BMKR01000001.1_94,C,C,C,S,ID=1_94;partial=00;start_type=ATG;rbs_motif=AGxAGG/AGGxGG;rbs_spacer=5-10bp;gc_cont=0.557,ID=1_94;partial=00;start_type=ATG;rbs_motif=AGxAGG/AGGxGG;rbs_spacer=5-10bp;gc,14.0
NZ_JACSRA010000003.1_121,C,C,C,S,ID=33_121;partial=00;start_type=ATG;rbs_motif=GGAGG;rbs_spacer=5-10bp;gc_cont=0.340,ID=33_121;partial=00;start_type=ATG;rbs_motif=GGAGG;rbs_spacer=5-10bp;gc,14.0
NZ_CP064653.1_1556,C,C,C,S,ID=1_1556;partial=00;start_type=ATG;rbs_motif=AGGAG;rbs_spacer=5-10bp;gc_cont=0.489,ID=1_1556;partial=00;start_type=ATG;rbs_motif=AGGAG;rbs_spacer=5-10bp;gc,14.0
NZ_NRSJ01000006.1_90,C,C,C,S,ID=6_90;partial=00;start_type=ATG;rbs_motif=AGGAG;rbs_spacer=5-10bp;gc_cont=0.627,ID=6_90;partial=00;start_type=ATG;rbs_motif=AGGAG;rbs_spacer=5-10bp;gc,14.0
NZ_CP086111.1_3287,C,C,C,A,ID=1_3287;partial=00;start_type=ATG;rbs_motif=AGGAG;rbs_spacer=5-10bp;gc_cont=0.636,ID=1_3287;partial=00;start_type=ATG;rbs_motif=AGGAG;rbs_spacer=5-10bp;gc,13.0
NZ_CP061799.1_5158,C,C,C,S,ID=1_5158;partial=00;start_type=ATG;rbs_motif=AGGAG;rbs_spacer=5-10bp;gc_cont=0.415,ID=1_5158;partial=00;start_type=ATG;rbs_motif=AGGAG;rbs_spacer=5-10bp;gc,14.0
NZ_CP072793.1_1970,C,C,C,S,ID=1_1970;partial=00;start_type=ATG;rbs_motif=GGAGG;rbs_spacer=5-10bp;gc_cont=0.517,ID=1_1970;partial=00;start_type=ATG;rbs_motif=GGAGG;rbs_spacer=5-10bp;gc,14.0
NZ_JAHCVK010000001.1_145,C,C,C,S,ID=11_145;partial=00;start_type=ATG;rbs_motif=AGGAG;rbs_spacer=5-10bp;gc_cont=0.601,ID=11_145;partial=00;start_type=ATG;rbs_motif=AGGAG;rbs_spacer=5-10bp;gc,14.0
NZ_CP076723.1_1823,C,C,C,S,ID=1_1823;partial=00;start_type=ATG;rbs_motif=AGGAG;rbs_spacer=5-10bp;gc_cont=0.604,ID=1_1823;partial=00;start_type=ATG;rbs_motif=AGGAG;rbs_spacer=5-10bp;gc,14.0
NZ_AP024238.1_687,C,C,C,A,ID=1_687;partial=00;start_type=ATG;rbs_motif=GGAG/GAGG;rbs_spacer=5-10bp;gc_cont=0.542,ID=1_687;partial=00;start_type=ATG;rbs_motif=GGAG/GAGG;rbs_spacer=5-10bp;gc,13.0
NZ_JAJCTD010000003.1_181,C,C,C,S,ID=3_181;partial=00;start_type=ATG;rbs_motif=AGGA;rbs_spacer=5-10bp;gc_cont=0.641,ID=3_181;partial=00;start_type=ATG;rbs_motif=AGGA;rbs_spacer=5-10bp;gc,14.0
NZ_JAJTWT010000004.1_230,C,C,C,A,ID=34_230;partial=00;start_type=ATG;rbs_motif=AGGAG;rbs_spacer=5-10bp;gc_cont=0.653,ID=34_230;partial=00;start_type=ATG;rbs_motif=AGGAG;rbs_spacer=5-10bp;gc,13.0
NZ_JAJNAL010000010.1_17,C,C,C,A,ID=2_17;partial=00;start_type=ATG;rbs_motif=GGA/GAG/AGG;rbs_spacer=11-12bp;gc_cont=0.620,ID=2_17;partial=00;start_type=ATG;rbs_motif=GGA/GAG/AGG;rbs_spacer=11-12bp;gc,13.0
NZ_JAGGCS010000008.1_107,C,C,C,A,ID=33_107;partial=00;start_type=ATG;rbs_motif=GGAGG;rbs_spacer=5-10bp;gc_cont=0.599,ID=33_107;partial=00;start_type=ATG;rbs_motif=GGAGG;rbs_spacer=5-10bp;gc,13.0
NZ_JAMBOE010000001.1_282,C,C,C,S,ID=49_282;partial=00;start_type=ATG;rbs_motif=AGxAGG/AGGxGG;rbs_spacer=5-10bp;gc_cont=0.584,ID=49_282;partial=00;start_type=ATG;rbs_motif=AGxAGG/AGGxGG;rbs_spacer=5-10bp;gc,14.0
NZ_JANGEY010000002.1_281,C,C,C,S,ID=12_281;partial=00;start_type=ATG;rbs_motif=AGGAG;rbs_spacer=5-10bp;gc_cont=0.626,ID=12_281;partial=00;start_type=ATG;rbs_motif=AGGAG;rbs_spacer=5-10bp;gc,14.0
NZ_FMAF01000052.1_11,C,C,C,A,ID=63_11;partial=00;start_type=ATG;rbs_motif=GGA/GAG/AGG;rbs_spacer=5-10bp;gc_cont=0.584,ID=63_11;partial=00;start_type=ATG;rbs_motif=GGA/GAG/AGG;rbs_spacer=5-10bp;gc,13.0
NZ_FMXO01000011.1_76,C,C,C,S,ID=32_76;partial=00;start_type=ATG;rbs_motif=GGAG/GAGG;rbs_spacer=5-10bp;gc_cont=0.603,ID=32_76;partial=00;start_type=ATG;rbs_motif=GGAG/GAGG;rbs_spacer=5-10bp;gc,14.0
NZ_FODY01000019.1_8,C,C,C,S,ID=19_8;partial=00;start_type=ATG;rbs_motif=AGGAGG;rbs_spacer=11-12bp;gc_cont=0.467,ID=19_8;partial=00;start_type=ATG;rbs_motif=AGGAGG;rbs_spacer=11-12bp;gc,14.0
NZ_FOVU01000015.1_85,C,C,C,A,ID=35_85;partial=00;start_type=ATG;rbs_motif=AGGA;rbs_spacer=5-10bp;gc_cont=0.568,ID=35_85;partial=00;start_type=ATG;rbs_motif=AGGA;rbs_spacer=5-10bp;gc,13.0
NZ_FQZT01000024.1_27,C,C,C,S,ID=15_27;partial=00;start_type=ATG;rbs_motif=AGGAG;rbs_spacer=5-10bp;gc_cont=0.550,ID=15_27;partial=00;start_type=ATG;rbs_motif=AGGAG;rbs_spacer=5-10bp;gc,14.0
NZ_FUXA01000004.1_89,C,C,C,G,ID=13_89;partial=00;start_type=ATG;rbs_motif=AGGAGG;rbs_spacer=5-10bp;gc_cont=0.375,ID=13_89;partial=00;start_type=ATG;rbs_motif=AGGAGG;rbs_spacer=5-10bp;gc,13.0
NZ_FZNT01000008.1_165,C,C,C,S,ID=19_165;partial=00;start_type=ATG;rbs_motif=TAAA;rbs_spacer=11bp;gc_cont=0.367,ID=19_165;partial=00;start_type=ATG;rbs_motif=TAAA;rbs_spacer=11bp;gc,14.0
NZ_CAADHO010000014.1_11,C,C,C,S,ID=14_11;partial=00;start_type=ATG;rbs_motif=AGGA;rbs_spacer=5-10bp;gc_cont=0.606,ID=14_11;partial=00;start_type=ATG;rbs_motif=AGGA;rbs_spacer=5-10bp;gc,14.0
CP007053.1_262,C,C,C,S,ID=1_262;partial=00;start_type=ATG;rbs_motif=None;rbs_spacer=None;gc_cont=0.602,ID=1_262;partial=00;start_type=ATG;rbs_motif=None;rbs_spacer=None;gc,14.0
BIFV01000009.1_40,C,C,C,S,ID=9_40;partial=00;start_type=ATG;rbs_motif=AGGAG;rbs_spacer=5-10bp;gc_cont=0.456,ID=9_40;partial=00;start_type=ATG;rbs_motif=AGGAG;rbs_spacer=5-10bp;gc,14.0
JALHHV010000156.1_1,C,C,C,S,ID=467_1;partial=10;start_type=ATG;rbs_motif=AGGA;rbs_spacer=5-10bp;gc_cont=0.638,ID=467_1;partial=10;start_type=ATG;rbs_motif=AGGA;rbs_spacer=5-10bp;gc,14.0
JAEZYD010000024.1_26,C,C,C,S,ID=38_26;partial=00;start_type=ATG;rbs_motif=AGGA;rbs_spacer=5-10bp;gc_cont=0.575,ID=38_26;partial=00;start_type=ATG;rbs_motif=AGGA;rbs_spacer=5-10bp;gc,14.0
NC_007643.1_1426,C,C,C,S,ID=1_1426;partial=00;start_type=ATG;rbs_motif=GGA/GAG/AGG;rbs_spacer=5-10bp;gc_cont=0.603,ID=1_1426;partial=00;start_type=ATG;rbs_motif=GGA/GAG/AGG;rbs_spacer=5-10bp;gc,14.0
NZ_AORV01000040.1_16,C,C,C,S,ID=40_16;partial=00;start_type=ATG;rbs_motif=AGGAGG;rbs_spacer=5-10bp;gc_cont=0.468,ID=40_16;partial=00;start_type=ATG;rbs_motif=AGGAGG;rbs_spacer=5-10bp;gc,14.0
NZ_MLBG01000023.1_3,C,C,C,S,ID=23_3;partial=00;start_type=ATG;rbs_motif=AGxAGG/AGGxGG;rbs_spacer=5-10bp;gc_cont=0.603,ID=23_3;partial=00;start_type=ATG;rbs_motif=AGxAGG/AGGxGG;rbs_spacer=5-10bp;gc,14.0
NZ_CP036295.1_2435,C,C,C,S,ID=1_2435;partial=00;start_type=ATG;rbs_motif=AGGA;rbs_spacer=5-10bp;gc_cont=0.583,ID=1_2435;partial=00;start_type=ATG;rbs_motif=AGGA;rbs_spacer=5-10bp;gc,14.0
NZ_PEHF01000066.1_127,C,C,C,S,ID=24_127;partial=00;start_type=ATG;rbs_motif=GGAG/GAGG;rbs_spacer=5-10bp;gc_cont=0.536,ID=24_127;partial=00;start_type=ATG;rbs_motif=GGAG/GAGG;rbs_spacer=5-10bp;gc,14.0
NZ_FOTS01000037.1_21,C,C,C,S,ID=43_21;partial=00;start_type=ATG;rbs_motif=AGGAG;rbs_spacer=5-10bp;gc_cont=0.451,ID=43_21;partial=00;start_type=ATG;rbs_motif=AGGAG;rbs_spacer=5-10bp;gc,14.0
QKGW01000496.1_5,C,C,C,S,ID=545_5;partial=00;start_type=ATG;rbs_motif=AGGAG;rbs_spacer=5-10bp;gc_cont=0.627,ID=545_5;partial=00;start_type=ATG;rbs_motif=AGGAG;rbs_spacer=5-10bp;gc,14.0
NZ_CP009286.1_2183,C,C,C,S,ID=1_2183;partial=00;start_type=ATG;rbs_motif=GGAG/GAGG;rbs_spacer=5-10bp;gc_cont=0.545,ID=1_2183;partial=00;start_type=ATG;rbs_motif=GGAG/GAGG;rbs_spacer=5-10bp;gc,14.0
CAIULK010000262.1_14,C,C,C,S,ID=262_14;partial=00;start_type=ATG;rbs_motif=GGAG/GAGG;rbs_spacer=5-10bp;gc_cont=0.606,ID=262_14;partial=00;start_type=ATG;rbs_motif=GGAG/GAGG;rbs_spacer=5-10bp;gc,14.0
NZ_FOFJ01000009.1_59,C,C,C,S,ID=115_59;partial=00;start_type=ATG;rbs_motif=AGGAG;rbs_spacer=5-10bp;gc_cont=0.645,ID=115_59;partial=00;start_type=ATG;rbs_motif=AGGAG;rbs_spacer=5-10bp;gc,14.0
JAGI01000003.1_529,C,C,C,S,ID=3_529;partial=00;start_type=ATG;rbs_motif=AGGAGG;rbs_spacer=5-10bp;gc_cont=0.457,ID=3_529;partial=00;start_type=ATG;rbs_motif=AGGAGG;rbs_spacer=5-10bp;gc,14.0
LADN01000053.1_45,C,C,C,S,ID=29_45;partial=00;start_type=ATG;rbs_motif=AGGAG;rbs_spacer=5-10bp;gc_cont=0.523,ID=29_45;partial=00;start_type=ATG;rbs_motif=AGGAG;rbs_spacer=5-10bp;gc,14.0
LVAZ01000212.1_8,C,C,C,S,ID=125_8;partial=00;start_type=ATG;rbs_motif=GGAG/GAGG;rbs_spacer=5-10bp;gc_cont=0.655,ID=125_8;partial=00;start_type=ATG;rbs_motif=GGAG/GAGG;rbs_spacer=5-10bp;gc,14.0
MAXM01000301.1_12,C,C,C,S,ID=301_12;partial=00;start_type=ATG;rbs_motif=AGGA;rbs_spacer=5-10bp;gc_cont=0.468,ID=301_12;partial=00;start_type=ATG;rbs_motif=AGGA;rbs_spacer=5-10bp;gc,14.0
MHEA01000247.1_18,C,C,C,S,ID=247_18;partial=00;start_type=ATG;rbs_motif=GGAGG;rbs_spacer=5-10bp;gc_cont=0.578,ID=247_18;partial=00;start_type=ATG;rbs_motif=GGAGG;rbs_spacer=5-10bp;gc,14.0
MWDT01000019.1_5,C,C,C,S,ID=19_5;partial=00;start_type=ATG;rbs_motif=None;rbs_spacer=None;gc_cont=0.619,ID=19_5;partial=00;start_type=ATG;rbs_motif=None;rbs_spacer=None;gc,14.0
DBTH01000001.1_18,C,C,C,S,ID=253_18;partial=00;start_type=ATG;rbs_motif=None;rbs_spacer=None;gc_cont=0.580,ID=253_18;partial=00;start_type=ATG;rbs_motif=None;rbs_spacer=None;gc,14.0
DDLS01000181.1_12,C,C,C,S,ID=99_12;partial=00;start_type=ATG;rbs_motif=GGAG/GAGG;rbs_spacer=5-10bp;gc_cont=0.467,ID=99_12;partial=00;start_type=ATG;rbs_motif=GGAG/GAGG;rbs_spacer=5-10bp;gc,14.0
DFJD01000024.1_5,C,C,C,G,ID=12_5;partial=00;start_type=ATG;rbs_motif=AGGAGG;rbs_spacer=5-10bp;gc_cont=0.434,ID=12_5;partial=00;start_type=ATG;rbs_motif=AGGAGG;rbs_spacer=5-10bp;gc,13.0
DHHR01000071.1_17,C,C,C,S,ID=42_17;partial=00;start_type=ATG;rbs_motif=GGAGG;rbs_spacer=5-10bp;gc_cont=0.513,ID=42_17;partial=00;start_type=ATG;rbs_motif=GGAGG;rbs_spacer=5-10bp;gc,14.0
DIUT01000028.1_22,C,C,C,S,ID=33_22;partial=00;start_type=ATG;rbs_motif=AGGAG;rbs_spacer=5-10bp;gc_cont=0.569,ID=33_22;partial=00;start_type=ATG;rbs_motif=AGGAG;rbs_spacer=5-10bp;gc,14.0
DJXD01000083.1_5,C,C,C,G,ID=19_5;partial=00;start_type=ATG;rbs_motif=GGA/GAG/AGG;rbs_spacer=5-10bp;gc_cont=0.419,ID=19_5;partial=00;start_type=ATG;rbs_motif=GGA/GAG/AGG;rbs_spacer=5-10bp;gc,13.0
PAJK01000083.1_64,C,C,C,S,ID=82_64;partial=00;start_type=ATG;rbs_motif=AGGAGG;rbs_spacer=5-10bp;gc_cont=0.490,ID=82_64;partial=00;start_type=ATG;rbs_motif=AGGAGG;rbs_spacer=5-10bp;gc,14.0
PHFB01000002.1_259,C,C,C,S,ID=21_259;partial=00;start_type=ATG;rbs_motif=GGAGG;rbs_spacer=5-10bp;gc_cont=0.642,ID=21_259;partial=00;start_type=ATG;rbs_motif=GGAGG;rbs_spacer=5-10bp;gc,14.0
PKUI01000208.1_7,C,C,C,S,ID=167_7;partial=00;start_type=ATG;rbs_motif=AGGAG;rbs_spacer=5-10bp;gc_cont=0.594,ID=167_7;partial=00;start_type=ATG;rbs_motif=AGGAG;rbs_spacer=5-10bp;gc,14.0
PKWL01000107.1_4,C,C,C,A,ID=115_4;partial=00;start_type=ATG;rbs_motif=AGGAG;rbs_spacer=5-10bp;gc_cont=0.604,ID=115_4;partial=00;start_type=ATG;rbs_motif=AGGAG;rbs_spacer=5-10bp;gc,13.0
PMEV01000065.1_17,C,C,C,S,ID=222_17;partial=00;start_type=ATG;rbs_motif=GGAGG;rbs_spacer=5-10bp;gc_cont=0.626,ID=222_17;partial=00;start_type=ATG;rbs_motif=GGAGG;rbs_spacer=5-10bp;gc,14.0
PLRT01000253.1_2,C,C,C,S,ID=85_2;partial=00;start_type=ATG;rbs_motif=AGGAG;rbs_spacer=5-10bp;gc_cont=0.637,ID=85_2;partial=00;start_type=ATG;rbs_motif=AGGAG;rbs_spacer=5-10bp;gc,14.0
QKAL01000020.1_9,C,C,C,S,ID=214_9;partial=00;start_type=ATG;rbs_motif=AGGA;rbs_spacer=5-10bp;gc_cont=0.559,ID=214_9;partial=00;start_type=ATG;rbs_motif=AGGA;rbs_spacer=5-10bp;gc,14.0
QKEJ01000123.1_7,C,C,C,S,ID=184_7;partial=00;start_type=ATG;rbs_motif=AGGA/GGAG/GAGG;rbs_spacer=11-12bp;gc_cont=0.601,ID=184_7;partial=00;start_type=ATG;rbs_motif=AGGA/GGAG/GAGG;rbs_spacer=11-12bp;gc,14.0
DQBD01000297.1_2,C,C,C,A,ID=172_2;partial=00;start_type=ATG;rbs_motif=AGGAG;rbs_spacer=5-10bp;gc_cont=0.628,ID=172_2;partial=00;start_type=ATG;rbs_motif=AGGAG;rbs_spacer=5-10bp;gc,13.0
CP021731.1_1657,C,C,C,S,ID=1_1657;partial=00;start_type=ATG;rbs_motif=AGGAG;rbs_spacer=5-10bp;gc_cont=0.654,ID=1_1657;partial=00;start_type=ATG;rbs_motif=AGGAG;rbs_spacer=5-10bp;gc,14.0
SAPZ01000036.1_8,C,C,C,A,ID=35_8;partial=00;start_type=ATG;rbs_motif=GGAG/GAGG;rbs_spacer=5-10bp;gc_cont=0.592,ID=35_8;partial=00;start_type=ATG;rbs_motif=GGAG/GAGG;rbs_spacer=5-10bp;gc,13.0
SCQH01000040.1_21,C,C,C,S,ID=46_21;partial=00;start_type=ATG;rbs_motif=GGAGG;rbs_spacer=5-10bp;gc_cont=0.559,ID=46_21;partial=00;start_type=ATG;rbs_motif=GGAGG;rbs_spacer=5-10bp;gc,14.0
SZXX01000015.1_81,C,C,C,S,ID=51_81;partial=00;start_type=ATG;rbs_motif=None;rbs_spacer=None;gc_cont=0.503,ID=51_81;partial=00;start_type=ATG;rbs_motif=None;rbs_spacer=None;gc,14.0
REBL01000127.1_8,C,C,C,S,ID=284_8;partial=00;start_type=ATG;rbs_motif=GGAG/GAGG;rbs_spacer=5-10bp;gc_cont=0.442,ID=284_8;partial=00;start_type=ATG;rbs_motif=GGAG/GAGG;rbs_spacer=5-10bp;gc,14.0
WBUE01000001.1_165,C,C,C,A,ID=1_165;partial=00;start_type=ATG;rbs_motif=AGGA;rbs_spacer=5-10bp;gc_cont=0.622,ID=1_165;partial=00;start_type=ATG;rbs_motif=AGGA;rbs_spacer=5-10bp;gc,13.0
VFJK01000052.1_6,C,C,C,S,ID=120_6;partial=00;start_type=ATG;rbs_motif=AGGAG;rbs_spacer=5-10bp;gc_cont=0.577,ID=120_6;partial=00;start_type=ATG;rbs_motif=AGGAG;rbs_spacer=5-10bp;gc,14.0
DSAE01000145.1_6,C,C,C,S,ID=86_6;partial=00;start_type=ATG;rbs_motif=None;rbs_spacer=None;gc_cont=0.632,ID=86_6;partial=00;start_type=ATG;rbs_motif=None;rbs_spacer=None;gc,14.0
JAAUTT010000914.1_1,C,C,C,S,ID=331_1;partial=00;start_type=ATG;rbs_motif=TAAAA;rbs_spacer=9bp;gc_cont=0.469,ID=331_1;partial=00;start_type=ATG;rbs_motif=TAAAA;rbs_spacer=9bp;gc,14.0
JAAYPK010000100.1_13,C,C,C,G,ID=56_13;partial=00;start_type=ATG;rbs_motif=GGA/GAG/AGG;rbs_spacer=5-10bp;gc_cont=0.303,ID=56_13;partial=00;start_type=ATG;rbs_motif=GGA/GAG/AGG;rbs_spacer=5-10bp;gc,13.0
JABFSH010000001.1_116,C,C,C,S,ID=9_116;partial=00;start_type=ATG;rbs_motif=AGGAG;rbs_spacer=5-10bp;gc_cont=0.462,ID=9_116;partial=00;start_type=ATG;rbs_motif=AGGAG;rbs_spacer=5-10bp;gc,14.0
JABMPC010000075.1_73,C,C,C,S,ID=62_73;partial=00;start_type=ATG;rbs_motif=AAC;rbs_spacer=15bp;gc_cont=0.564,ID=62_73;partial=00;start_type=ATG;rbs_motif=AAC;rbs_spacer=15bp;gc,14.0
JAAXVQ010000190.1_5,C,C,C,S,ID=45_5;partial=00;start_type=ATG;rbs_motif=AGGA;rbs_spacer=5-10bp;gc_cont=0.575,ID=45_5;partial=00;start_type=ATG;rbs_motif=AGGA;rbs_spacer=5-10bp;gc,14.0
JACDZI010000015.1_25,C,C,C,S,ID=208_25;partial=00;start_type=ATG;rbs_motif=AGGAG;rbs_spacer=5-10bp;gc_cont=0.603,ID=208_25;partial=00;start_type=ATG;rbs_motif=AGGAG;rbs_spacer=5-10bp;gc,14.0
JACIYN010000036.1_23,C,C,C,S,ID=50_23;partial=00;start_type=ATG;rbs_motif=AGGAG;rbs_spacer=5-10bp;gc_cont=0.666,ID=50_23;partial=00;start_type=ATG;rbs_motif=AGGAG;rbs_spacer=5-10bp;gc,14.0
SVDU01000009.1_63,C,C,C,S,ID=9_63;partial=00;start_type=ATG;rbs_motif=AGGAGG;rbs_spacer=5-10bp;gc_cont=0.445,ID=9_63;partial=00;start_type=ATG;rbs_motif=AGGAGG;rbs_spacer=5-10bp;gc,14.0
JADGAR010000021.1_37,C,C,C,S,ID=47_37;partial=00;start_type=ATG;rbs_motif=GGAGG;rbs_spacer=5-10bp;gc_cont=0.601,ID=47_37;partial=00;start_type=ATG;rbs_motif=GGAGG;rbs_spacer=5-10bp;gc,14.0
WFUT01000007.1_18,C,C,C,S,ID=7_18;partial=00;start_type=ATG;rbs_motif=GGAG/GAGG;rbs_spacer=5-10bp;gc_cont=0.631,ID=7_18;partial=00;start_type=ATG;rbs_motif=GGAG/GAGG;rbs_spacer=5-10bp;gc,14.0
WGNC01000010.1_187,C,C,C,S,ID=2_187;partial=00;start_type=ATG;rbs_motif=AGGAG;rbs_spacer=5-10bp;gc_cont=0.607,ID=2_187;partial=00;start_type=ATG;rbs_motif=AGGAG;rbs_spacer=5-10bp;gc,14.0
JACRHJ010000001.1_11,C,C,C,S,ID=60_11;partial=00;start_type=ATG;rbs_motif=GGA/GAG/AGG;rbs_spacer=5-10bp;gc_cont=0.622,ID=60_11;partial=00;start_type=ATG;rbs_motif=GGA/GAG/AGG;rbs_spacer=5-10bp;gc,14.0
JACRHE010000068.1_16,C,C,C,S,ID=13_16;partial=00;start_type=ATG;rbs_motif=AGGAGG;rbs_spacer=5-10bp;gc_cont=0.519,ID=13_16;partial=00;start_type=ATG;rbs_motif=AGGAGG;rbs_spacer=5-10bp;gc,14.0
JACRGN010000129.1_10,C,C,C,S,ID=2_10;partial=00;start_type=ATG;rbs_motif=AGGAG;rbs_spacer=8bp;gc_cont=0.442,ID=2_10;partial=00;start_type=ATG;rbs_motif=AGGAG;rbs_spacer=8bp;gc,14.0
JAEERP010000002.1_155,-,C,C,G,ID=7_155;partial=00;start_type=ATG;rbs_motif=TAAA;rbs_spacer=15bp;gc_cont=0.552,ID=7_155;partial=00;start_type=ATG;rbs_motif=TAAA;rbs_spacer=15bp;gc,9.0
JADJEV010000004.1_486,C,C,C,A,ID=4_486;partial=00;start_type=ATG;rbs_motif=AGGAG;rbs_spacer=5-10bp;gc_cont=0.602,ID=4_486;partial=00;start_type=ATG;rbs_motif=AGGAG;rbs_spacer=5-10bp;gc,13.0
JADGDX010000016.1_16,C,C,C,S,ID=74_16;partial=00;start_type=ATG;rbs_motif=AGGAG;rbs_spacer=5-10bp;gc_cont=0.477,ID=74_16;partial=00;start_type=ATG;rbs_motif=AGGAG;rbs_spacer=5-10bp;gc,14.0
JAENZP010000001.1_248,C,C,C,S,ID=13_248;partial=00;start_type=ATG;rbs_motif=AGGAG;rbs_spacer=5-10bp;gc_cont=0.532,ID=13_248;partial=00;start_type=ATG;rbs_motif=AGGAG;rbs_spacer=5-10bp;gc,14.0
JAFGDW010000180.1_28,C,C,C,S,ID=315_28;partial=00;start_type=ATG;rbs_motif=GGAG/GAGG;rbs_spacer=5-10bp;gc_cont=0.509,ID=315_28;partial=00;start_type=ATG;rbs_motif=GGAG/GAGG;rbs_spacer=5-10bp;gc,14.0
JAFGTV010000065.1_15,C,C,C,A,ID=21_15;partial=00;start_type=ATG;rbs_motif=AGGA;rbs_spacer=5-10bp;gc_cont=0.621,ID=21_15;partial=00;start_type=ATG;rbs_motif=AGGA;rbs_spacer=5-10bp;gc,13.0
JAFPVA010000043.1_25,C,C,C,S,ID=316_25;partial=00;start_type=ATG;rbs_motif=AGGAGG;rbs_spacer=5-10bp;gc_cont=0.445,ID=316_25;partial=00;start_type=ATG;rbs_motif=AGGAGG;rbs_spacer=5-10bp;gc,14.0
JAFUGT010000108.1_1,C,C,C,G,ID=124_1;partial=00;start_type=ATG;rbs_motif=AGGAGG;rbs_spacer=5-10bp;gc_cont=0.383,ID=124_1;partial=00;start_type=ATG;rbs_motif=AGGAGG;rbs_spacer=5-10bp;gc,13.0
JAFXQR010000075.1_31,C,C,C,G,ID=153_31;partial=00;start_type=ATG;rbs_motif=AGGAGG;rbs_spacer=5-10bp;gc_cont=0.418,ID=153_31;partial=00;start_type=ATG;rbs_motif=AGGAGG;rbs_spacer=5-10bp;gc,13.0
JAFZWW010000054.1_5,C,C,C,S,ID=117_5;partial=00;start_type=ATG;rbs_motif=GGAGG;rbs_spacer=5-10bp;gc_cont=0.481,ID=117_5;partial=00;start_type=ATG;rbs_motif=GGAGG;rbs_spacer=5-10bp;gc,14.0
JAFIHR010000331.1_3,C,C,C,A,ID=444_3;partial=00;start_type=ATG;rbs_motif=GGA/GAG/AGG;rbs_spacer=5-10bp;gc_cont=0.626,ID=444_3;partial=00;start_type=ATG;rbs_motif=GGA/GAG/AGG;rbs_spacer=5-10bp;gc,13.0
JAGDBH010000262.1_3,C,C,C,G,ID=239_3;partial=00;start_type=ATG;rbs_motif=GGA/GAG/AGG;rbs_spacer=5-10bp;gc_cont=0.427,ID=239_3;partial=00;start_type=ATG;rbs_motif=GGA/GAG/AGG;rbs_spacer=5-10bp;gc,13.0
JAFEGB010000035.1_20,C,C,C,A,ID=279_20;partial=00;start_type=ATG;rbs_motif=GGAG/GAGG;rbs_spacer=5-10bp;gc_cont=0.630,ID=279_20;partial=00;start_type=ATG;rbs_motif=GGAG/GAGG;rbs_spacer=5-10bp;gc,13.0
JADMKA010000267.1_33,C,C,C,A,ID=23_33;partial=00;start_type=ATG;rbs_motif=AGGAG;rbs_spacer=5-10bp;gc_cont=0.634,ID=23_33;partial=00;start_type=ATG;rbs_motif=AGGAG;rbs_spacer=5-10bp;gc,13.0
JAHJRQ010000015.1_13,C,C,C,S,ID=13_13;partial=00;start_type=ATG;rbs_motif=GGAG/GAGG;rbs_spacer=5-10bp;gc_cont=0.595,ID=13_13;partial=00;start_type=ATG;rbs_motif=GGAG/GAGG;rbs_spacer=5-10bp;gc,14.0
JAHHHW010000089.1_38,C,C,C,S,ID=89_38;partial=00;start_type=ATG;rbs_motif=GGA/GAG/AGG;rbs_spacer=5-10bp;gc_cont=0.435,ID=89_38;partial=00;start_type=ATG;rbs_motif=GGA/GAG/AGG;rbs_spacer=5-10bp;gc,14.0
JAGVPM010000161.1_4,C,C,C,S,ID=85_4;partial=00;start_type=ATG;rbs_motif=AGGAGG;rbs_spacer=5-10bp;gc_cont=0.521,ID=85_4;partial=00;start_type=ATG;rbs_motif=AGGAGG;rbs_spacer=5-10bp;gc,14.0
CP075902.1_2997,C,C,C,S,ID=1_2997;partial=00;start_type=ATG;rbs_motif=None;rbs_spacer=None;gc_cont=0.538,ID=1_2997;partial=00;start_type=ATG;rbs_motif=None;rbs_spacer=None;gc,14.0
JAIMKP010000069.1_9,C,C,C,S,ID=83_9;partial=00;start_type=ATG;rbs_motif=AGGA;rbs_spacer=5-10bp;gc_cont=0.515,ID=83_9;partial=00;start_type=ATG;rbs_motif=AGGA;rbs_spacer=5-10bp;gc,14.0
JADZCD010000028.1_27,C,C,C,S,ID=28_27;partial=00;start_type=ATG;rbs_motif=AGGA;rbs_spacer=5-10bp;gc_cont=0.643,ID=28_27;partial=00;start_type=ATG;rbs_motif=AGGA;rbs_spacer=5-10bp;gc,14.0
JAJTBJ010000071.1_4,C,C,C,S,ID=12_4;partial=00;start_type=ATG;rbs_motif=GGAG/GAGG;rbs_spacer=5-10bp;gc_cont=0.663,ID=12_4;partial=00;start_type=ATG;rbs_motif=GGAG/GAGG;rbs_spacer=5-10bp;gc,14.0
JAIZVX010000016.1_21,C,C,C,A,ID=107_21;partial=00;start_type=ATG;rbs_motif=AGGAG;rbs_spacer=5-10bp;gc_cont=0.617,ID=107_21;partial=00;start_type=ATG;rbs_motif=AGGAG;rbs_spacer=5-10bp;gc,13.0
JAJXWJ010000032.1_19,C,C,C,S,ID=44_19;partial=00;start_type=ATG;rbs_motif=GGAGG;rbs_spacer=5-10bp;gc_cont=0.347,ID=44_19;partial=00;start_type=ATG;rbs_motif=GGAGG;rbs_spacer=5-10bp;gc,14.0
JAJYJJ010000024.1_23,C,C,C,S,ID=17_23;partial=00;start_type=ATG;rbs_motif=GGAGG;rbs_spacer=5-10bp;gc_cont=0.462,ID=17_23;partial=00;start_type=ATG;rbs_motif=GGAGG;rbs_spacer=5-10bp;gc,14.0
JAJYYK010000002.1_191,C,C,C,A,ID=11_191;partial=00;start_type=ATG;rbs_motif=AGGAG;rbs_spacer=5-10bp;gc_cont=0.495,ID=11_191;partial=00;start_type=ATG;rbs_motif=AGGAG;rbs_spacer=5-10bp;gc,13.0
JAJZPC010000088.1_5,C,C,C,S,ID=19_5;partial=00;start_type=ATG;rbs_motif=GGAG/GAGG;rbs_spacer=5-10bp;gc_cont=0.592,ID=19_5;partial=00;start_type=ATG;rbs_motif=GGAG/GAGG;rbs_spacer=5-10bp;gc,14.0
CP074382.1_382,C,C,C,A,ID=3_382;partial=00;start_type=ATG;rbs_motif=AGGAG;rbs_spacer=5-10bp;gc_cont=0.529,ID=3_382;partial=00;start_type=ATG;rbs_motif=AGGAG;rbs_spacer=5-10bp;gc,13.0
JAFLTA010000075.1_3,C,C,C,G,ID=76_3;partial=00;start_type=ATG;rbs_motif=AGxAGG/AGGxGG;rbs_spacer=11-12bp;gc_cont=0.412,ID=76_3;partial=00;start_type=ATG;rbs_motif=AGxAGG/AGGxGG;rbs_spacer=11-12bp;gc,13.0
JALHPY010000022.1_24,C,C,C,A,ID=22_24;partial=00;start_type=ATG;rbs_motif=AGGAG;rbs_spacer=5-10bp;gc_cont=0.639,ID=22_24;partial=00;start_type=ATG;rbs_motif=AGGAG;rbs_spacer=5-10bp;gc,13.0
JAHEYT010000020.1_58,C,C,C,S,ID=39_58;partial=00;start_type=ATG;rbs_motif=TAAA;rbs_spacer=15bp;gc_cont=0.466,ID=39_58;partial=00;start_type=ATG;rbs_motif=TAAA;rbs_spacer=15bp;gc,14.0
JAEWCM010000154.1_3,C,C,C,S,ID=206_3;partial=00;start_type=ATG;rbs_motif=AGxAGG/AGGxGG;rbs_spacer=11-12bp;gc_cont=0.451,ID=206_3;partial=00;start_type=ATG;rbs_motif=AGxAGG/AGGxGG;rbs_spacer=11-12bp;gc,14.0
JAEWVY010000026.1_7,C,C,C,A,ID=191_7;partial=01;start_type=ATG;rbs_motif=AGGAG;rbs_spacer=5-10bp;gc_cont=0.615,ID=191_7;partial=01;start_type=ATG;rbs_motif=AGGAG;rbs_spacer=5-10bp;gc,13.0
JAEXXM010000066.1_16,C,C,C,A,ID=77_16;partial=00;start_type=ATG;rbs_motif=AGGA;rbs_spacer=5-10bp;gc_cont=0.612,ID=77_16;partial=00;start_type=ATG;rbs_motif=AGGA;rbs_spacer=5-10bp;gc,13.0
JAEYOJ010000070.1_1,C,C,C,S,ID=130_1;partial=00;start_type=ATG;rbs_motif=AGGA;rbs_spacer=5-10bp;gc_cont=0.649,ID=130_1;partial=00;start_type=ATG;rbs_motif=AGGA;rbs_spacer=5-10bp;gc,14.0
JAEZJM010000014.1_55,C,C,C,S,ID=3_55;partial=00;start_type=ATG;rbs_motif=AGGAG;rbs_spacer=5-10bp;gc_cont=0.619,ID=3_55;partial=00;start_type=ATG;rbs_motif=AGGAG;rbs_spacer=5-10bp;gc,14.0
JAFADM010000033.1_5,C,C,C,S,ID=294_5;partial=00;start_type=ATG;rbs_motif=AGGAGG;rbs_spacer=5-10bp;gc_cont=0.504,ID=294_5;partial=00;start_type=ATG;rbs_motif=AGGAGG;rbs_spacer=5-10bp;gc,14.0
JAEYRX010000032.1_50,C,C,C,S,ID=22_50;partial=00;start_type=ATG;rbs_motif=AGxAGG/AGGxGG;rbs_spacer=5-10bp;gc_cont=0.431,ID=22_50;partial=00;start_type=ATG;rbs_motif=AGxAGG/AGGxGG;rbs_spacer=5-10bp;gc,14.0
JAEXQJ010000161.1_6,C,C,C,S,ID=224_6;partial=00;start_type=ATG;rbs_motif=AGGAG;rbs_spacer=5-10bp;gc_cont=0.622,ID=224_6;partial=00;start_type=ATG;rbs_motif=AGGAG;rbs_spacer=5-10bp;gc,14.0
JAEZSL010000398.1_5,C,C,C,S,ID=318_5;partial=00;start_type=ATG;rbs_motif=AGxAGG/AGGxGG;rbs_spacer=5-10bp;gc_cont=0.456,ID=318_5;partial=00;start_type=ATG;rbs_motif=AGxAGG/AGGxGG;rbs_spacer=5-10bp;gc,14.0
JAMCWM010000012.1_48,C,C,C,A,ID=52_48;partial=00;start_type=ATG;rbs_motif=GGAG/GAGG;rbs_spacer=5-10bp;gc_cont=0.606,ID=52_48;partial=00;start_type=ATG;rbs_motif=GGAG/GAGG;rbs_spacer=5-10bp;gc,13.0
JAGXFQ010000025.1_12,C,C,C,S,ID=38_12;partial=00;start_type=ATG;rbs_motif=GGAG/GAGG;rbs_spacer=5-10bp;gc_cont=0.600,ID=38_12;partial=00;start_type=ATG;rbs_motif=GGAG/GAGG;rbs_spacer=5-10bp;gc,14.0
JAILHZ010000194.1_3,C,C,C,G,ID=30_3;partial=01;start_type=Edge;rbs_motif=None;rbs_spacer=None;gc_cont=0.503,ID=30_3;partial=01;start_type=Edge;rbs_motif=None;rbs_spacer=None;gc,13.0
JANTGD010000143.1_2,C,C,C,S,ID=143_2;partial=00;start_type=ATG;rbs_motif=AGGAG;rbs_spacer=5-10bp;gc_cont=0.475,ID=143_2;partial=00;start_type=ATG;rbs_motif=AGGAG;rbs_spacer=5-10bp;gc,14.0
OMSV01000080.1_5,C,C,C,S,ID=104_5;partial=00;start_type=ATG;rbs_motif=GGAG/GAGG;rbs_spacer=5-10bp;gc_cont=0.549,ID=104_5;partial=00;start_type=ATG;rbs_motif=GGAG/GAGG;rbs_spacer=5-10bp;gc,14.0
ONVE01000181.1_8,C,C,C,G,ID=102_8;partial=00;start_type=ATG;rbs_motif=AGGAGG;rbs_spacer=5-10bp;gc_cont=0.429,ID=102_8;partial=00;start_type=ATG;rbs_motif=AGGAGG;rbs_spacer=5-10bp;gc,13.0
CABMII010000067.1_7,C,C,C,S,ID=67_7;partial=00;start_type=ATG;rbs_motif=GGAGG;rbs_spacer=5-10bp;gc_cont=0.500,ID=67_7;partial=00;start_type=ATG;rbs_motif=GGAGG;rbs_spacer=5-10bp;gc,14.0
CACXXH010000047.1_20,C,C,C,G,ID=47_20;partial=00;start_type=ATG;rbs_motif=GGAG/GAGG;rbs_spacer=5-10bp;gc_cont=0.496,ID=47_20;partial=00;start_type=ATG;rbs_motif=GGAG/GAGG;rbs_spacer=5-10bp;gc,13.0
CACZOA010000074.1_7,C,C,C,G,ID=74_7;partial=00;start_type=ATG;rbs_motif=AAA;rbs_spacer=3bp;gc_cont=0.446,ID=74_7;partial=00;start_type=ATG;rbs_motif=AAA;rbs_spacer=3bp;gc,13.0
CADARM010000129.1_3,C,C,C,G,ID=129_3;partial=00;start_type=ATG;rbs_motif=AGGAGG;rbs_spacer=5-10bp;gc_cont=0.407,ID=129_3;partial=00;start_type=ATG;rbs_motif=AGGAGG;rbs_spacer=5-10bp;gc,13.0
CADCMM010000018.1_9,C,C,C,G,ID=18_9;partial=00;start_type=ATG;rbs_motif=GGA/GAG/AGG;rbs_spacer=5-10bp;gc_cont=0.477,ID=18_9;partial=00;start_type=ATG;rbs_motif=GGA/GAG/AGG;rbs_spacer=5-10bp;gc,13.0
CAIKAA010000130.1_2,C,C,C,S,ID=130_2;partial=00;start_type=ATG;rbs_motif=AGGAG;rbs_spacer=5-10bp;gc_cont=0.596,ID=130_2;partial=00;start_type=ATG;rbs_motif=AGGAG;rbs_spacer=5-10bp;gc,14.0
CAINGU010000048.1_47,C,C,C,S,ID=48_47;partial=00;start_type=ATG;rbs_motif=GGAG/GAGG;rbs_spacer=5-10bp;gc_cont=0.444,ID=48_47;partial=00;start_type=ATG;rbs_motif=GGAG/GAGG;rbs_spacer=5-10bp;gc,14.0
CAIQGA010000081.1_6,C,C,C,S,ID=81_6;partial=00;start_type=ATG;rbs_motif=None;rbs_spacer=None;gc_cont=0.538,ID=81_6;partial=00;start_type=ATG;rbs_motif=None;rbs_spacer=None;gc,14.0
CAISPV010000119.1_21,C,C,C,S,ID=119_21;partial=00;start_type=ATG;rbs_motif=GGAG/GAGG;rbs_spacer=5-10bp;gc_cont=0.556,ID=119_21;partial=00;start_type=ATG;rbs_motif=GGAG/GAGG;rbs_spacer=5-10bp;gc,14.0
CAIUYS010000349.1_10,C,C,C,S,ID=349_10;partial=00;start_type=ATG;rbs_motif=AGGAG;rbs_spacer=5-10bp;gc_cont=0.441,ID=349_10;partial=00;start_type=ATG;rbs_motif=AGGAG;rbs_spacer=5-10bp;gc,14.0
CAIYDX010000130.1_28,C,C,C,S,ID=130_28;partial=00;start_type=ATG;rbs_motif=AGGAG;rbs_spacer=5-10bp;gc_cont=0.531,ID=130_28;partial=00;start_type=ATG;rbs_motif=AGGAG;rbs_spacer=5-10bp;gc,14.0
CAJAIK010000120.1_2,C,C,C,S,ID=120_2;partial=00;start_type=ATG;rbs_motif=None;rbs_spacer=None;gc_cont=0.528,ID=120_2;partial=00;start_type=ATG;rbs_motif=None;rbs_spacer=None;gc,14.0
CAJOIN010000224.1_3,C,C,C,G,ID=224_3;partial=01;start_type=Edge;rbs_motif=None;rbs_spacer=None;gc_cont=0.560,ID=224_3;partial=01;start_type=Edge;rbs_motif=None;rbs_spacer=None;gc,13.0
CAJXUY010000002.1_352,C,C,C,S,ID=2_352;partial=00;start_type=ATG;rbs_motif=AGGAG;rbs_spacer=5-10bp;gc_cont=0.423,ID=2_352;partial=00;start_type=ATG;rbs_motif=AGGAG;rbs_spacer=5-10bp;gc,14.0
CAMCAC010000146.1_2,C,C,C,S,ID=146_2;partial=00;start_type=ATG;rbs_motif=GGA/GAG/AGG;rbs_spacer=5-10bp;gc_cont=0.679,ID=146_2;partial=00;start_type=ATG;rbs_motif=GGA/GAG/AGG;rbs_spacer=5-10bp;gc,14.0
NC_007952.1_1549,C,C,C,A,ID=2_1549;partial=00;start_type=ATG;rbs_motif=AGGAG;rbs_spacer=5-10bp;gc_cont=0.610,ID=2_1549;partial=00;start_type=ATG;rbs_motif=AGGAG;rbs_spacer=5-10bp;gc,13.0
NC_010803.1_691,C,C,C,S,ID=1_691;partial=00;start_type=ATG;rbs_motif=None;rbs_spacer=None;gc_cont=0.543,ID=1_691;partial=00;start_type=ATG;rbs_motif=None;rbs_spacer=None;gc,14.0
NC_014008.1_2847,C,C,C,S,ID=1_2847;partial=00;start_type=ATG;rbs_motif=None;rbs_spacer=None;gc_cont=0.536,ID=1_2847;partial=00;start_type=ATG;rbs_motif=None;rbs_spacer=None;gc,14.0
NZ_AAXW01000004.1_157,C,C,C,S,ID=160_157;partial=00;start_type=ATG;rbs_motif=GGAG/GAGG;rbs_spacer=5-10bp;gc_cont=0.428,ID=160_157;partial=00;start_type=ATG;rbs_motif=GGAG/GAGG;rbs_spacer=5-10bp;gc,14.0
NZ_KI912183.1_842,C,C,C,G,ID=1_842;partial=00;start_type=TTG;rbs_motif=AGGAGG;rbs_spacer=5-10bp;gc_cont=0.493,ID=1_842;partial=00;start_type=TTG;rbs_motif=AGGAGG;rbs_spacer=5-10bp;gc,13.0
NZ_CM001488.1_3184,C,C,C,S,ID=1_3184;partial=00;start_type=ATG;rbs_motif=AGGAG;rbs_spacer=5-10bp;gc_cont=0.564,ID=1_3184;partial=00;start_type=ATG;rbs_motif=AGGAG;rbs_spacer=5-10bp;gc,14.0
NT_187151.1_118,C,C,C,A,ID=13_118;partial=00;start_type=ATG;rbs_motif=AGxAGG/AGGxGG;rbs_spacer=5-10bp;gc_cont=0.637,ID=13_118;partial=00;start_type=ATG;rbs_motif=AGxAGG/AGGxGG;rbs_spacer=5-10bp;gc,13.0
NC_018485.1_2598,C,C,C,A,ID=1_2598;partial=00;start_type=ATG;rbs_motif=GGAG/GAGG;rbs_spacer=5-10bp;gc_cont=0.602,ID=1_2598;partial=00;start_type=ATG;rbs_motif=GGAG/GAGG;rbs_spacer=5-10bp;gc,13.0
NC_020409.1_2874,C,C,C,S,ID=1_2874;partial=00;start_type=ATG;rbs_motif=GGAG/GAGG;rbs_spacer=5-10bp;gc_cont=0.546,ID=1_2874;partial=00;start_type=ATG;rbs_motif=GGAG/GAGG;rbs_spacer=5-10bp;gc,14.0
NZ_KB900609.1_1168,C,C,C,A,ID=1_1168;partial=00;start_type=ATG;rbs_motif=AGGAG;rbs_spacer=5-10bp;gc_cont=0.673,ID=1_1168;partial=00;start_type=ATG;rbs_motif=AGGAG;rbs_spacer=5-10bp;gc,13.0
NZ_ATWO01000001.1_3718,C,C,C,S,ID=1_3718;partial=00;start_type=ATG;rbs_motif=AGGA/GGAG/GAGG;rbs_spacer=11-12bp;gc_cont=0.501,ID=1_3718;partial=00;start_type=ATG;rbs_motif=AGGA/GGAG/GAGG;rbs_spacer=11-12bp;gc,14.0
NZ_AUFL01000011.1_120,C,C,C,S,ID=8_120;partial=00;start_type=ATG;rbs_motif=TAAA;rbs_spacer=11bp;gc_cont=0.408,ID=8_120;partial=00;start_type=ATG;rbs_motif=TAAA;rbs_spacer=11bp;gc,14.0
NZ_AUMW01000018.1_55,C,C,C,S,ID=16_55;partial=00;start_type=ATG;rbs_motif=AGGAGG;rbs_spacer=11-12bp;gc_cont=0.562,ID=16_55;partial=00;start_type=ATG;rbs_motif=AGGAGG;rbs_spacer=11-12bp;gc,14.0
NZ_AYLO01000018.1_31,C,C,C,A,ID=18_31;partial=00;start_type=ATG;rbs_motif=AGGAG;rbs_spacer=5-10bp;gc_cont=0.484,ID=18_31;partial=00;start_type=ATG;rbs_motif=AGGAG;rbs_spacer=5-10bp;gc,13.0
NZ_ASSC01000098.1_2,C,C,C,S,ID=98_2;partial=00;start_type=ATG;rbs_motif=AGxAGG/AGGxGG;rbs_spacer=5-10bp;gc_cont=0.503,ID=98_2;partial=00;start_type=ATG;rbs_motif=AGxAGG/AGGxGG;rbs_spacer=5-10bp;gc,14.0
NZ_KK211339.1_47,C,C,C,S,ID=12_47;partial=00;start_type=ATG;rbs_motif=GGAGG;rbs_spacer=5-10bp;gc_cont=0.332,ID=12_47;partial=00;start_type=ATG;rbs_motif=GGAGG;rbs_spacer=5-10bp;gc,14.0
NZ_JPIK01000011.1_116,C,C,C,S,ID=11_116;partial=00;start_type=ATG;rbs_motif=GGAG/GAGG;rbs_spacer=5-10bp;gc_cont=0.608,ID=11_116;partial=00;start_type=ATG;rbs_motif=GGAG/GAGG;rbs_spacer=5-10bp;gc,14.0
NZ_KN360939.1_47,C,C,C,S,ID=32_47;partial=00;start_type=ATG;rbs_motif=AGGAG;rbs_spacer=5-10bp;gc_cont=0.546,ID=32_47;partial=00;start_type=ATG;rbs_motif=AGGAG;rbs_spacer=5-10bp;gc,14.0
NZ_CP010803.1_3101,C,C,C,S,ID=1_3101;partial=00;start_type=ATG;rbs_motif=AGGAG;rbs_spacer=5-10bp;gc_cont=0.590,ID=1_3101;partial=00;start_type=ATG;rbs_motif=AGGAG;rbs_spacer=5-10bp;gc,14.0
NZ_JVDT01000116.1_9,C,C,C,S,ID=89_9;partial=00;start_type=ATG;rbs_motif=AGGAGG;rbs_spacer=5-10bp;gc_cont=0.350,ID=89_9;partial=00;start_type=ATG;rbs_motif=AGGAGG;rbs_spacer=5-10bp;gc,14.0
NZ_CP012946.1_2229,C,C,C,A,ID=1_2229;partial=00;start_type=ATG;rbs_motif=AGGA;rbs_spacer=5-10bp;gc_cont=0.650,ID=1_2229;partial=00;start_type=ATG;rbs_motif=AGGA;rbs_spacer=5-10bp;gc,13.0
NZ_JXDL01000001.1_2181,C,C,C,A,ID=1_2181;partial=00;start_type=ATG;rbs_motif=GGA/GAG/AGG;rbs_spacer=5-10bp;gc_cont=0.609,ID=1_2181;partial=00;start_type=ATG;rbs_motif=GGA/GAG/AGG;rbs_spacer=5-10bp;gc,13.0
NZ_LNQB01000089.1_42,C,C,C,A,ID=89_42;partial=00;start_type=ATG;rbs_motif=GGA/GAG/AGG;rbs_spacer=5-10bp;gc_cont=0.573,ID=89_42;partial=00;start_type=ATG;rbs_motif=GGA/GAG/AGG;rbs_spacer=5-10bp;gc,13.0
NZ_CP016448.1_1200,C,C,C,A,ID=1_1200;partial=00;start_type=ATG;rbs_motif=AGGAG;rbs_spacer=5-10bp;gc_cont=0.608,ID=1_1200;partial=00;start_type=ATG;rbs_motif=AGGAG;rbs_spacer=5-10bp;gc,13.0
NZ_CP015756.1_1236,C,C,C,S,ID=1_1236;partial=00;start_type=ATG;rbs_motif=GGAGG;rbs_spacer=5-10bp;gc_cont=0.342,ID=1_1236;partial=00;start_type=ATG;rbs_motif=GGAGG;rbs_spacer=5-10bp;gc,14.0
NZ_MPRJ01000024.1_23,C,C,C,S,ID=45_23;partial=00;start_type=ATG;rbs_motif=GGAGG;rbs_spacer=5-10bp;gc_cont=0.559,ID=45_23;partial=00;start_type=ATG;rbs_motif=GGAGG;rbs_spacer=5-10bp;gc,14.0
NZ_MWQH01000001.1_199,C,C,C,G,ID=1_199;partial=00;start_type=ATG;rbs_motif=GGA/GAG/AGG;rbs_spacer=5-10bp;gc_cont=0.471,ID=1_199;partial=00;start_type=ATG;rbs_motif=GGA/GAG/AGG;rbs_spacer=5-10bp;gc,13.0
NZ_NSGF01000031.1_12,C,C,C,A,ID=25_12;partial=00;start_type=ATG;rbs_motif=None;rbs_spacer=None;gc_cont=0.587,ID=25_12;partial=00;start_type=ATG;rbs_motif=None;rbs_spacer=None;gc,13.0
NZ_PDYG01000007.1_6,C,C,C,G,ID=7_6;partial=00;start_type=ATG;rbs_motif=GGA/GAG/AGG;rbs_spacer=5-10bp;gc_cont=0.422,ID=7_6;partial=00;start_type=ATG;rbs_motif=GGA/GAG/AGG;rbs_spacer=5-10bp;gc,13.0
NZ_CVTD020000010.1_203,C,C,C,G,ID=10_203;partial=00;start_type=TTG;rbs_motif=AGGAGG;rbs_spacer=5-10bp;gc_cont=0.383,ID=10_203;partial=00;start_type=TTG;rbs_motif=AGGAGG;rbs_spacer=5-10bp;gc,13.0
NZ_PZKE01000003.1_261,C,C,C,S,ID=3_261;partial=00;start_type=ATG;rbs_motif=AGGA;rbs_spacer=5-10bp;gc_cont=0.633,ID=3_261;partial=00;start_type=ATG;rbs_motif=AGGA;rbs_spacer=5-10bp;gc,14.0
NZ_QGGH01000015.1_81,C,C,C,A,ID=15_81;partial=00;start_type=ATG;rbs_motif=GGA/GAG/AGG;rbs_spacer=5-10bp;gc_cont=0.590,ID=15_81;partial=00;start_type=ATG;rbs_motif=GGA/GAG/AGG;rbs_spacer=5-10bp;gc,13.0
NZ_PGTO01000005.1_219,C,C,C,S,ID=54_219;partial=00;start_type=ATG;rbs_motif=AGGAG;rbs_spacer=5-10bp;gc_cont=0.611,ID=54_219;partial=00;start_type=ATG;rbs_motif=AGGAG;rbs_spacer=5-10bp;gc,14.0
NZ_QXMG01000050.1_36,C,C,C,A,ID=42_36;partial=00;start_type=ATG;rbs_motif=GGAG/GAGG;rbs_spacer=5-10bp;gc_cont=0.665,ID=42_36;partial=00;start_type=ATG;rbs_motif=GGAG/GAGG;rbs_spacer=5-10bp;gc,13.0
NZ_BGOW01000006.1_93,C,C,C,A,ID=6_93;partial=00;start_type=ATG;rbs_motif=AGGAG;rbs_spacer=5-10bp;gc_cont=0.586,ID=6_93;partial=00;start_type=ATG;rbs_motif=AGGAG;rbs_spacer=5-10bp;gc,13.0
NZ_RZIJ01000004.1_148,C,C,C,A,ID=50_148;partial=00;start_type=ATG;rbs_motif=AGGAG;rbs_spacer=5-10bp;gc_cont=0.634,ID=50_148;partial=00;start_type=ATG;rbs_motif=AGGAG;rbs_spacer=5-10bp;gc,13.0
NZ_CP030054.1_490,C,C,C,A,ID=2_490;partial=00;start_type=ATG;rbs_motif=GGA/GAG/AGG;rbs_spacer=5-10bp;gc_cont=0.560,ID=2_490;partial=00;start_type=ATG;rbs_motif=GGA/GAG/AGG;rbs_spacer=5-10bp;gc,13.0
NZ_SMGP01000001.1_1158,C,C,C,A,ID=1_1158;partial=00;start_type=GTG;rbs_motif=AGGAG;rbs_spacer=5-10bp;gc_cont=0.603,ID=1_1158;partial=00;start_type=GTG;rbs_motif=AGGAG;rbs_spacer=5-10bp;gc,13.0
NZ_SWCM01000012.1_7,C,C,C,S,ID=3_7;partial=00;start_type=ATG;rbs_motif=AGGA;rbs_spacer=5-10bp;gc_cont=0.527,ID=3_7;partial=00;start_type=ATG;rbs_motif=AGGA;rbs_spacer=5-10bp;gc,14.0
NZ_BJNO01000001.1_336,C,C,C,S,ID=1_336;partial=00;start_type=ATG;rbs_motif=GGAGG;rbs_spacer=5-10bp;gc_cont=0.587,ID=1_336;partial=00;start_type=ATG;rbs_motif=GGAGG;rbs_spacer=5-10bp;gc,14.0
NZ_VLKC01000002.1_1167,C,C,C,S,ID=1_1167;partial=00;start_type=ATG;rbs_motif=AGGAG;rbs_spacer=5-10bp;gc_cont=0.480,ID=1_1167;partial=00;start_type=ATG;rbs_motif=AGGAG;rbs_spacer=5-10bp;gc,14.0
NZ_VTTM01000001.1_882,C,C,C,A,ID=11_882;partial=00;start_type=ATG;rbs_motif=AGGAG;rbs_spacer=5-10bp;gc_cont=0.621,ID=11_882;partial=00;start_type=ATG;rbs_motif=AGGAG;rbs_spacer=5-10bp;gc,13.0
NZ_WITC01000126.1_19,C,C,C,A,ID=31_19;partial=00;start_type=ATG;rbs_motif=GGA/GAG/AGG;rbs_spacer=5-10bp;gc_cont=0.577,ID=31_19;partial=00;start_type=ATG;rbs_motif=GGA/GAG/AGG;rbs_spacer=5-10bp;gc,13.0
NZ_WVEM01000015.1_78,C,C,C,S,ID=6_78;partial=00;start_type=ATG;rbs_motif=AAAAA;rbs_spacer=14bp;gc_cont=0.430,ID=6_78;partial=00;start_type=ATG;rbs_motif=AAAAA;rbs_spacer=14bp;gc,14.0
NZ_CP048649.1_194,C,C,C,G,ID=1_194;partial=00;start_type=ATG;rbs_motif=AGxAGG/AGGxGG;rbs_spacer=11-12bp;gc_cont=0.432,ID=1_194;partial=00;start_type=ATG;rbs_motif=AGxAGG/AGGxGG;rbs_spacer=11-12bp;gc,13.0
NZ_JAAXMS010000004.1_271,C,C,C,S,ID=34_271;partial=00;start_type=ATG;rbs_motif=GGA/GAG/AGG;rbs_spacer=5-10bp;gc_cont=0.582,ID=34_271;partial=00;start_type=ATG;rbs_motif=GGA/GAG/AGG;rbs_spacer=5-10bp;gc,14.0
NZ_CP033365.1_6518,C,C,C,A,ID=1_6518;partial=00;start_type=ATG;rbs_motif=None;rbs_spacer=None;gc_cont=0.596,ID=1_6518;partial=00;start_type=ATG;rbs_motif=None;rbs_spacer=None;gc,13.0
NZ_SZVI01000001.1_266,C,C,C,A,ID=10_266;partial=00;start_type=ATG;rbs_motif=GGAG/GAGG;rbs_spacer=5-10bp;gc_cont=0.586,ID=10_266;partial=00;start_type=ATG;rbs_motif=GGAG/GAGG;rbs_spacer=5-10bp;gc,13.0
NZ_JACHGO010000003.1_22,C,C,C,S,ID=3_22;partial=00;start_type=ATG;rbs_motif=GGAG/GAGG;rbs_spacer=5-10bp;gc_cont=0.585,ID=3_22;partial=00;start_type=ATG;rbs_motif=GGAG/GAGG;rbs_spacer=5-10bp;gc,14.0
NZ_BMLK01000002.1_175,C,C,C,A,ID=2_175;partial=00;start_type=ATG;rbs_motif=AGGAG;rbs_spacer=5-10bp;gc_cont=0.613,ID=2_175;partial=00;start_type=ATG;rbs_motif=AGGAG;rbs_spacer=5-10bp;gc,13.0
NZ_JACYXI010000012.1_86,C,C,C,A,ID=3_86;partial=00;start_type=ATG;rbs_motif=GGA/GAG/AGG;rbs_spacer=5-10bp;gc_cont=0.593,ID=3_86;partial=00;start_type=ATG;rbs_motif=GGA/GAG/AGG;rbs_spacer=5-10bp;gc,13.0
NZ_VRYY01000094.1_6,C,C,C,S,ID=96_6;partial=00;start_type=ATG;rbs_motif=GGA/GAG/AGG;rbs_spacer=5-10bp;gc_cont=0.644,ID=96_6;partial=00;start_type=ATG;rbs_motif=GGA/GAG/AGG;rbs_spacer=5-10bp;gc,14.0
NZ_AP024109.1_1374,C,C,C,A,ID=1_1374;partial=00;start_type=ATG;rbs_motif=GGAG/GAGG;rbs_spacer=5-10bp;gc_cont=0.591,ID=1_1374;partial=00;start_type=ATG;rbs_motif=GGAG/GAGG;rbs_spacer=5-10bp;gc,13.0
NZ_CP063362.1_852,C,C,C,A,ID=1_852;partial=00;start_type=ATG;rbs_motif=GGA/GAG/AGG;rbs_spacer=5-10bp;gc_cont=0.621,ID=1_852;partial=00;start_type=ATG;rbs_motif=GGA/GAG/AGG;rbs_spacer=5-10bp;gc,13.0
NZ_CP083372.1_91,C,C,C,A,ID=3_91;partial=00;start_type=ATG;rbs_motif=GGAG/GAGG;rbs_spacer=5-10bp;gc_cont=0.561,ID=3_91;partial=00;start_type=ATG;rbs_motif=GGAG/GAGG;rbs_spacer=5-10bp;gc,13.0
NZ_CP072869.1_82,C,C,C,A,ID=5_82;partial=00;start_type=ATG;rbs_motif=GGAG/GAGG;rbs_spacer=5-10bp;gc_cont=0.544,ID=5_82;partial=00;start_type=ATG;rbs_motif=GGAG/GAGG;rbs_spacer=5-10bp;gc,13.0
NZ_JABWCU010000006.1_248,C,C,C,A,ID=56_248;partial=00;start_type=ATG;rbs_motif=AGGAG;rbs_spacer=5-10bp;gc_cont=0.638,ID=56_248;partial=00;start_type=ATG;rbs_motif=AGGAG;rbs_spacer=5-10bp;gc,13.0
NZ_CP077683.1_1161,C,C,C,S,ID=1_1161;partial=00;start_type=ATG;rbs_motif=AGGAG;rbs_spacer=5-10bp;gc_cont=0.615,ID=1_1161;partial=00;start_type=ATG;rbs_motif=AGGAG;rbs_spacer=5-10bp;gc,14.0
NZ_AP024849.1_3480,C,C,C,S,ID=1_3480;partial=00;start_type=ATG;rbs_motif=GGAGG;rbs_spacer=5-10bp;gc_cont=0.326,ID=1_3480;partial=00;start_type=ATG;rbs_motif=GGAGG;rbs_spacer=5-10bp;gc,14.0
NZ_JAJCTH010000015.1_37,C,C,C,A,ID=15_37;partial=00;start_type=ATG;rbs_motif=GGAG/GAGG;rbs_spacer=5-10bp;gc_cont=0.577,ID=15_37;partial=00;start_type=ATG;rbs_motif=GGAG/GAGG;rbs_spacer=5-10bp;gc,13.0
NZ_JAJTWU010000008.1_275,C,C,C,A,ID=28_275;partial=00;start_type=ATG;rbs_motif=AGGAG;rbs_spacer=5-10bp;gc_cont=0.624,ID=28_275;partial=00;start_type=ATG;rbs_motif=AGGAG;rbs_spacer=5-10bp;gc,13.0
NZ_CP059724.1_1415,C,C,C,S,ID=1_1415;partial=00;start_type=ATG;rbs_motif=AGxAGG/AGGxGG;rbs_spacer=5-10bp;gc_cont=0.460,ID=1_1415;partial=00;start_type=ATG;rbs_motif=AGxAGG/AGGxGG;rbs_spacer=5-10bp;gc,14.0
NZ_JALJRB010000001.1_11,C,C,C,S,ID=1_11;partial=00;start_type=ATG;rbs_motif=AGGAG;rbs_spacer=5-10bp;gc_cont=0.644,ID=1_11;partial=00;start_type=ATG;rbs_motif=AGGAG;rbs_spacer=5-10bp;gc,14.0
NZ_JAMDLH010000002.1_791,C,C,C,S,ID=21_791;partial=00;start_type=ATG;rbs_motif=GGAG/GAGG;rbs_spacer=5-10bp;gc_cont=0.624,ID=21_791;partial=00;start_type=ATG;rbs_motif=GGAG/GAGG;rbs_spacer=5-10bp;gc,14.0
NZ_JANGAD010000005.1_112,C,C,C,G,ID=45_112;partial=00;start_type=ATG;rbs_motif=GGAG/GAGG;rbs_spacer=5-10bp;gc_cont=0.418,ID=45_112;partial=00;start_type=ATG;rbs_motif=GGAG/GAGG;rbs_spacer=5-10bp;gc,13.0
NZ_FMAE01000013.1_9,C,C,C,A,ID=60_9;partial=00;start_type=ATG;rbs_motif=AGGA;rbs_spacer=5-10bp;gc_cont=0.567,ID=60_9;partial=00;start_type=ATG;rbs_motif=AGGA;rbs_spacer=5-10bp;gc,13.0
NZ_FMXR01000014.1_83,C,C,C,G,ID=27_83;partial=00;start_type=ATG;rbs_motif=AGGAG;rbs_spacer=5-10bp;gc_cont=0.394,ID=27_83;partial=00;start_type=ATG;rbs_motif=AGGAG;rbs_spacer=5-10bp;gc,13.0
NZ_FOFJ01000003.1_47,C,C,C,S,ID=108_47;partial=00;start_type=ATG;rbs_motif=AGGAG;rbs_spacer=5-10bp;gc_cont=0.592,ID=108_47;partial=00;start_type=ATG;rbs_motif=AGGAG;rbs_spacer=5-10bp;gc,14.0
NZ_FOYM01000036.1_8,C,C,C,S,ID=53_8;partial=00;start_type=ATG;rbs_motif=AGGAGG;rbs_spacer=11-12bp;gc_cont=0.580,ID=53_8;partial=00;start_type=ATG;rbs_motif=AGGAGG;rbs_spacer=11-12bp;gc,14.0
NZ_FQZU01000040.1_15,C,C,C,S,ID=53_15;partial=00;start_type=ATG;rbs_motif=AGGAG/GGAGG;rbs_spacer=11-12bp;gc_cont=0.591,ID=53_15;partial=00;start_type=ATG;rbs_motif=AGGAG/GGAGG;rbs_spacer=11-12bp;gc,14.0
NZ_FUXZ01000006.1_15,C,C,C,G,ID=19_15;partial=00;start_type=ATG;rbs_motif=AGGAGG;rbs_spacer=5-10bp;gc_cont=0.332,ID=19_15;partial=00;start_type=ATG;rbs_motif=AGGAGG;rbs_spacer=5-10bp;gc,13.0
NZ_FZOB01000004.1_87,C,C,C,S,ID=20_87;partial=00;start_type=ATG;rbs_motif=GGAGG;rbs_spacer=5-10bp;gc_cont=0.423,ID=20_87;partial=00;start_type=ATG;rbs_motif=GGAGG;rbs_spacer=5-10bp;gc,14.0
NZ_CAAHFG010000003.1_186,C,C,C,S,ID=3_186;partial=00;start_type=ATG;rbs_motif=AGGAG;rbs_spacer=5-10bp;gc_cont=0.607,ID=3_186;partial=00;start_type=ATG;rbs_motif=AGGAG;rbs_spacer=5-10bp;gc,14.0
ALAO01000189.1_10,C,C,C,S,ID=189_10;partial=00;start_type=ATG;rbs_motif=AGGA;rbs_spacer=5-10bp;gc_cont=0.621,ID=189_10;partial=00;start_type=ATG;rbs_motif=AGGA;rbs_spacer=5-10bp;gc,14.0
SZPQ01000006.1_129,C,C,C,S,ID=138_129;partial=00;start_type=ATG;rbs_motif=GGA/GAG/AGG;rbs_spacer=5-10bp;gc_cont=0.564,ID=138_129;partial=00;start_type=ATG;rbs_motif=GGA/GAG/AGG;rbs_spacer=5-10bp;gc,14.0
JAEWGR010000043.1_30,C,C,C,S,ID=105_30;partial=00;start_type=ATG;rbs_motif=AGGAG;rbs_spacer=5-10bp;gc_cont=0.508,ID=105_30;partial=00;start_type=ATG;rbs_motif=AGGAG;rbs_spacer=5-10bp;gc,14.0
JAFAFU010000074.1_62,C,C,C,S,ID=73_62;partial=00;start_type=ATG;rbs_motif=GGAGG;rbs_spacer=5-10bp;gc_cont=0.434,ID=73_62;partial=00;start_type=ATG;rbs_motif=GGAGG;rbs_spacer=5-10bp;gc,14.0
NC_009706.1_338,C,C,C,S,ID=1_338;partial=00;start_type=ATG;rbs_motif=AGGA;rbs_spacer=5-10bp;gc_cont=0.390,ID=1_338;partial=00;start_type=ATG;rbs_motif=AGGA;rbs_spacer=5-10bp;gc,14.0
NC_021149.1_4509,C,C,C,S,ID=1_4509;partial=00;start_type=ATG;rbs_motif=GGAG/GAGG;rbs_spacer=5-10bp;gc_cont=0.593,ID=1_4509;partial=00;start_type=ATG;rbs_motif=GGAG/GAGG;rbs_spacer=5-10bp;gc,14.0
NZ_MZGX01000002.1_104,C,C,C,S,ID=2_104;partial=00;start_type=ATG;rbs_motif=GGAGG;rbs_spacer=5-10bp;gc_cont=0.462,ID=2_104;partial=00;start_type=ATG;rbs_motif=GGAGG;rbs_spacer=5-10bp;gc,14.0
NZ_SWJZ01000010.1_23,C,C,C,S,ID=6_23;partial=00;start_type=ATG;rbs_motif=AGGA;rbs_spacer=5-10bp;gc_cont=0.606,ID=6_23;partial=00;start_type=ATG;rbs_motif=AGGA;rbs_spacer=5-10bp;gc,14.0
NZ_NRRU01000136.1_8,C,C,C,S,ID=136_8;partial=00;start_type=ATG;rbs_motif=GGAG/GAGG;rbs_spacer=5-10bp;gc_cont=0.645,ID=136_8;partial=00;start_type=ATG;rbs_motif=GGAG/GAGG;rbs_spacer=5-10bp;gc,14.0
NZ_FPAU01000007.1_153,C,C,C,S,ID=8_153;partial=00;start_type=ATG;rbs_motif=AGxAGG/AGGxGG;rbs_spacer=5-10bp;gc_cont=0.523,ID=8_153;partial=00;start_type=ATG;rbs_motif=AGxAGG/AGGxGG;rbs_spacer=5-10bp;gc,14.0
WASR01000091.1_4,C,C,C,S,ID=224_4;partial=00;start_type=TTG;rbs_motif=None;rbs_spacer=None;gc_cont=0.397,ID=224_4;partial=00;start_type=TTG;rbs_motif=None;rbs_spacer=None;gc,14.0
NZ_LN831776.1_2649,C,C,C,S,ID=1_2649;partial=00;start_type=ATG;rbs_motif=GGAGG;rbs_spacer=5-10bp;gc_cont=0.539,ID=1_2649;partial=00;start_type=ATG;rbs_motif=GGAGG;rbs_spacer=5-10bp;gc,14.0
CAIVAU010000083.1_2,C,C,C,S,ID=83_2;partial=00;start_type=ATG;rbs_motif=AGGAG;rbs_spacer=5-10bp;gc_cont=0.449,ID=83_2;partial=00;start_type=ATG;rbs_motif=AGGAG;rbs_spacer=5-10bp;gc,14.0
CBZS010000430.1_18,C,C,C,S,ID=430_18;partial=00;start_type=ATG;rbs_motif=GGA/GAG/AGG;rbs_spacer=5-10bp;gc_cont=0.437,ID=430_18;partial=00;start_type=ATG;rbs_motif=GGA/GAG/AGG;rbs_spacer=5-10bp;gc,14.0
LADO01000055.1_82,C,C,C,S,ID=21_82;partial=00;start_type=ATG;rbs_motif=AGGAG;rbs_spacer=5-10bp;gc_cont=0.523,ID=21_82;partial=00;start_type=ATG;rbs_motif=AGGAG;rbs_spacer=5-10bp;gc,14.0
LVBI01000043.1_9,C,C,C,G,ID=41_9;partial=00;start_type=ATG;rbs_motif=AGGAG;rbs_spacer=5-10bp;gc_cont=0.467,ID=41_9;partial=00;start_type=ATG;rbs_motif=AGGAG;rbs_spacer=5-10bp;gc,13.0
MEMX01000094.1_2,C,C,C,S,ID=94_2;partial=00;start_type=ATG;rbs_motif=AGGAG;rbs_spacer=5-10bp;gc_cont=0.648,ID=94_2;partial=00;start_type=ATG;rbs_motif=AGGAG;rbs_spacer=5-10bp;gc,14.0
MHEE01000009.1_170,C,C,C,S,ID=9_170;partial=00;start_type=ATG;rbs_motif=GGAGG;rbs_spacer=5-10bp;gc_cont=0.462,ID=9_170;partial=00;start_type=ATG;rbs_motif=GGAGG;rbs_spacer=5-10bp;gc,14.0
MSXO01000027.1_3,C,C,C,S,ID=17_3;partial=00;start_type=ATG;rbs_motif=AGGAG;rbs_spacer=5-10bp;gc_cont=0.475,ID=17_3;partial=00;start_type=ATG;rbs_motif=AGGAG;rbs_spacer=5-10bp;gc,14.0
DBTI01000098.1_16,C,C,C,S,ID=267_16;partial=00;start_type=ATG;rbs_motif=GGAGG;rbs_spacer=5-10bp;gc_cont=0.478,ID=267_16;partial=00;start_type=ATG;rbs_motif=GGAGG;rbs_spacer=5-10bp;gc,14.0
DDLW01000155.1_3,C,C,C,A,ID=208_3;partial=00;start_type=ATG;rbs_motif=GGAG/GAGG;rbs_spacer=5-10bp;gc_cont=0.485,ID=208_3;partial=00;start_type=ATG;rbs_motif=GGAG/GAGG;rbs_spacer=5-10bp;gc,13.0
DFJS01000090.1_10,C,C,C,G,ID=98_10;partial=00;start_type=ATG;rbs_motif=GGA/GAG/AGG;rbs_spacer=5-10bp;gc_cont=0.478,ID=98_10;partial=00;start_type=ATG;rbs_motif=GGA/GAG/AGG;rbs_spacer=5-10bp;gc,13.0
DHIM01000144.1_9,C,C,C,S,ID=378_9;partial=00;start_type=ATG;rbs_motif=GGAGG;rbs_spacer=5-10bp;gc_cont=0.351,ID=378_9;partial=00;start_type=ATG;rbs_motif=GGAGG;rbs_spacer=5-10bp;gc,14.0
DIVU01000153.1_8,C,C,C,S,ID=193_8;partial=00;start_type=ATG;rbs_motif=AGGAG;rbs_spacer=5-10bp;gc_cont=0.598,ID=193_8;partial=00;start_type=ATG;rbs_motif=AGGAG;rbs_spacer=5-10bp;gc,14.0
DKEW01000084.1_2,C,C,C,S,ID=12_2;partial=00;start_type=ATG;rbs_motif=AGGAG;rbs_spacer=5-10bp;gc_cont=0.562,ID=12_2;partial=00;start_type=ATG;rbs_motif=AGGAG;rbs_spacer=5-10bp;gc,14.0
PAPM01000038.1_19,C,C,C,S,ID=37_19;partial=00;start_type=ATG;rbs_motif=AGGAG;rbs_spacer=5-10bp;gc_cont=0.496,ID=37_19;partial=00;start_type=ATG;rbs_motif=AGGAG;rbs_spacer=5-10bp;gc,14.0
PGZO01000004.1_50,C,C,C,S,ID=35_50;partial=00;start_type=ATG;rbs_motif=GGAG/GAGG;rbs_spacer=5-10bp;gc_cont=0.364,ID=35_50;partial=00;start_type=ATG;rbs_motif=GGAG/GAGG;rbs_spacer=5-10bp;gc,14.0
PKUH01000036.1_18,C,C,C,S,ID=22_18;partial=00;start_type=ATG;rbs_motif=AGGAG;rbs_spacer=5-10bp;gc_cont=0.566,ID=22_18;partial=00;start_type=ATG;rbs_motif=AGGAG;rbs_spacer=5-10bp;gc,14.0
PKWM01000026.1_64,C,C,C,A,ID=40_64;partial=00;start_type=ATG;rbs_motif=GGAG/GAGG;rbs_spacer=5-10bp;gc_cont=0.574,ID=40_64;partial=00;start_type=ATG;rbs_motif=GGAG/GAGG;rbs_spacer=5-10bp;gc,13.0
PMCR01000532.1_25,C,C,C,S,ID=250_25;partial=00;start_type=ATG;rbs_motif=GGAGG;rbs_spacer=5-10bp;gc_cont=0.587,ID=250_25;partial=00;start_type=ATG;rbs_motif=GGAGG;rbs_spacer=5-10bp;gc,14.0
PLSJ01000395.1_2,C,C,C,S,ID=240_2;partial=00;start_type=ATG;rbs_motif=AGGAG;rbs_spacer=5-10bp;gc_cont=0.600,ID=240_2;partial=00;start_type=ATG;rbs_motif=AGGAG;rbs_spacer=5-10bp;gc,14.0
QKAI01000063.1_8,C,C,C,S,ID=237_8;partial=00;start_type=ATG;rbs_motif=AGGAG;rbs_spacer=5-10bp;gc_cont=0.610,ID=237_8;partial=00;start_type=ATG;rbs_motif=AGGAG;rbs_spacer=5-10bp;gc,14.0
QKEH01000151.1_9,C,C,C,S,ID=142_9;partial=00;start_type=ATG;rbs_motif=AAAAA;rbs_spacer=8bp;gc_cont=0.506,ID=142_9;partial=00;start_type=ATG;rbs_motif=AAAAA;rbs_spacer=8bp;gc,14.0
DPXI01000135.1_14,C,C,C,S,ID=51_14;partial=00;start_type=ATG;rbs_motif=AGGAG;rbs_spacer=5-10bp;gc_cont=0.630,ID=51_14;partial=00;start_type=ATG;rbs_motif=AGGAG;rbs_spacer=5-10bp;gc,14.0
RCHN01000001.1_65,C,C,C,S,ID=1_65;partial=00;start_type=ATG;rbs_motif=AGGAG;rbs_spacer=5-10bp;gc_cont=0.531,ID=1_65;partial=00;start_type=ATG;rbs_motif=AGGAG;rbs_spacer=5-10bp;gc,14.0
MTKO01000069.1_43,C,C,C,S,ID=55_43;partial=00;start_type=ATG;rbs_motif=AGGAG;rbs_spacer=5-10bp;gc_cont=0.518,ID=55_43;partial=00;start_type=ATG;rbs_motif=AGGAG;rbs_spacer=5-10bp;gc,14.0
SCTA01000001.1_11,C,C,C,S,ID=3_11;partial=00;start_type=ATG;rbs_motif=AGGAG;rbs_spacer=5-10bp;gc_cont=0.624,ID=3_11;partial=00;start_type=ATG;rbs_motif=AGGAG;rbs_spacer=5-10bp;gc,14.0
SZXZ01000084.1_5,C,C,C,S,ID=70_5;partial=00;start_type=ATG;rbs_motif=None;rbs_spacer=None;gc_cont=0.495,ID=70_5;partial=00;start_type=ATG;rbs_motif=None;rbs_spacer=None;gc,14.0
REDP01000239.1_7,C,C,C,S,ID=161_7;partial=00;start_type=ATG;rbs_motif=GGAG/GAGG;rbs_spacer=5-10bp;gc_cont=0.534,ID=161_7;partial=00;start_type=ATG;rbs_motif=GGAG/GAGG;rbs_spacer=5-10bp;gc,14.0
WBTZ01000190.1_3,C,C,C,A,ID=175_3;partial=00;start_type=ATG;rbs_motif=AGGAG;rbs_spacer=5-10bp;gc_cont=0.631,ID=175_3;partial=00;start_type=ATG;rbs_motif=AGGAG;rbs_spacer=5-10bp;gc,13.0
JAAAPF010000227.1_15,C,C,C,A,ID=23_15;partial=00;start_type=ATG;rbs_motif=AGGA;rbs_spacer=5-10bp;gc_cont=0.674,ID=23_15;partial=00;start_type=ATG;rbs_motif=AGGA;rbs_spacer=5-10bp;gc,13.0
JAABTQ010000009.1_35,C,C,C,S,ID=80_35;partial=00;start_type=ATG;rbs_motif=AGGA;rbs_spacer=5-10bp;gc_cont=0.505,ID=80_35;partial=00;start_type=ATG;rbs_motif=AGGA;rbs_spacer=5-10bp;gc,14.0
JAAYPC010000346.1_7,C,C,C,S,ID=171_7;partial=00;start_type=ATG;rbs_motif=AGGA;rbs_spacer=5-10bp;gc_cont=0.420,ID=171_7;partial=00;start_type=ATG;rbs_motif=AGGA;rbs_spacer=5-10bp;gc,14.0
JABFRO010000001.1_649,C,C,C,A,ID=4_649;partial=00;start_type=ATG;rbs_motif=AGGAG;rbs_spacer=5-10bp;gc_cont=0.504,ID=4_649;partial=00;start_type=ATG;rbs_motif=AGGAG;rbs_spacer=5-10bp;gc,13.0
JABSNM010000029.1_23,C,C,C,A,ID=29_23;partial=00;start_type=ATG;rbs_motif=GGAG/GAGG;rbs_spacer=5-10bp;gc_cont=0.654,ID=29_23;partial=00;start_type=ATG;rbs_motif=GGAG/GAGG;rbs_spacer=5-10bp;gc,13.0
JAAXVP010000115.1_1,C,C,C,S,ID=309_1;partial=10;start_type=ATG;rbs_motif=AGGAG;rbs_spacer=5-10bp;gc_cont=0.617,ID=309_1;partial=10;start_type=ATG;rbs_motif=AGGAG;rbs_spacer=5-10bp;gc,14.0
JACDZF010000053.1_15,C,C,C,S,ID=177_15;partial=00;start_type=ATG;rbs_motif=GGAG/GAGG;rbs_spacer=5-10bp;gc_cont=0.555,ID=177_15;partial=00;start_type=ATG;rbs_motif=GGAG/GAGG;rbs_spacer=5-10bp;gc,14.0
JACMLV010000598.1_2,C,C,C,A,ID=805_2;partial=00;start_type=ATG;rbs_motif=AGGA;rbs_spacer=5-10bp;gc_cont=0.618,ID=805_2;partial=00;start_type=ATG;rbs_motif=AGGA;rbs_spacer=5-10bp;gc,13.0
SVDS01000056.1_6,C,C,C,S,ID=30_6;partial=00;start_type=ATG;rbs_motif=AGGAGG;rbs_spacer=5-10bp;gc_cont=0.451,ID=30_6;partial=00;start_type=ATG;rbs_motif=AGGAGG;rbs_spacer=5-10bp;gc,14.0
JADFZV010000004.1_57,C,C,C,S,ID=44_57;partial=00;start_type=ATG;rbs_motif=AGGAG;rbs_spacer=5-10bp;gc_cont=0.578,ID=44_57;partial=00;start_type=ATG;rbs_motif=AGGAG;rbs_spacer=5-10bp;gc,14.0
WFOD01000145.1_3,C,C,C,S,ID=145_3;partial=00;start_type=ATG;rbs_motif=AGGAG;rbs_spacer=5-10bp;gc_cont=0.635,ID=145_3;partial=00;start_type=ATG;rbs_motif=AGGAG;rbs_spacer=5-10bp;gc,14.0
WGLP01000003.1_119,C,C,C,S,ID=6_119;partial=00;start_type=ATG;rbs_motif=AGGAGG;rbs_spacer=5-10bp;gc_cont=0.552,ID=6_119;partial=00;start_type=ATG;rbs_motif=AGGAGG;rbs_spacer=5-10bp;gc,14.0
JACRGY010000106.1_18,C,C,C,S,ID=55_18;partial=00;start_type=ATG;rbs_motif=GGAGG;rbs_spacer=5-10bp;gc_cont=0.472,ID=55_18;partial=00;start_type=ATG;rbs_motif=GGAGG;rbs_spacer=5-10bp;gc,14.0
JACRHB010000075.1_2,C,C,C,S,ID=12_2;partial=00;start_type=ATG;rbs_motif=AGGAG;rbs_spacer=5-10bp;gc_cont=0.498,ID=12_2;partial=00;start_type=ATG;rbs_motif=AGGAG;rbs_spacer=5-10bp;gc,14.0
JACRAU010000004.1_208,C,C,C,S,ID=30_208;partial=00;start_type=ATG;rbs_motif=AGGAG;rbs_spacer=5-10bp;gc_cont=0.607,ID=30_208;partial=00;start_type=ATG;rbs_motif=AGGAG;rbs_spacer=5-10bp;gc,14.0
JAEERW010000003.1_5,C,C,C,G,ID=5_5;partial=00;start_type=ATG;rbs_motif=TAAA;rbs_spacer=12bp;gc_cont=0.462,ID=5_5;partial=00;start_type=ATG;rbs_motif=TAAA;rbs_spacer=12bp;gc,13.0
JADJLP010000001.1_117,C,C,C,A,ID=1_117;partial=00;start_type=ATG;rbs_motif=GGAG/GAGG;rbs_spacer=5-10bp;gc_cont=0.630,ID=1_117;partial=00;start_type=ATG;rbs_motif=GGAG/GAGG;rbs_spacer=5-10bp;gc,13.0
JADGDW010000162.1_2,C,C,C,S,ID=251_2;partial=00;start_type=ATG;rbs_motif=AGGAG;rbs_spacer=5-10bp;gc_cont=0.398,ID=251_2;partial=00;start_type=ATG;rbs_motif=AGGAG;rbs_spacer=5-10bp;gc,14.0
JAENZN010000005.1_119,C,C,C,S,ID=24_119;partial=00;start_type=ATG;rbs_motif=GGA/GAG/AGG;rbs_spacer=5-10bp;gc_cont=0.473,ID=24_119;partial=00;start_type=ATG;rbs_motif=GGA/GAG/AGG;rbs_spacer=5-10bp;gc,14.0
JAFGDQ010000034.1_5,C,C,C,S,ID=63_5;partial=00;start_type=ATG;rbs_motif=GGAG/GAGG;rbs_spacer=5-10bp;gc_cont=0.409,ID=63_5;partial=00;start_type=ATG;rbs_motif=GGAG/GAGG;rbs_spacer=5-10bp;gc,14.0
JAFOIV010000026.1_35,C,C,C,G,ID=2_35;partial=00;start_type=ATG;rbs_motif=AGGAGG;rbs_spacer=5-10bp;gc_cont=0.359,ID=2_35;partial=00;start_type=ATG;rbs_motif=AGGAGG;rbs_spacer=5-10bp;gc,13.0
JAFUGL010000135.1_10,C,C,C,G,ID=85_10;partial=00;start_type=ATG;rbs_motif=AGGAGG;rbs_spacer=5-10bp;gc_cont=0.392,ID=85_10;partial=00;start_type=ATG;rbs_motif=AGGAGG;rbs_spacer=5-10bp;gc,13.0
JAFXPK010000001.1_103,-,C,C,G,ID=47_103;partial=00;start_type=ATG;rbs_motif=TAAA;rbs_spacer=15bp;gc_cont=0.553,ID=47_103;partial=00;start_type=ATG;rbs_motif=TAAA;rbs_spacer=15bp;gc,9.0
JAFZWX010000061.1_3,C,C,C,G,ID=163_3;partial=00;start_type=ATG;rbs_motif=GGAG/GAGG;rbs_spacer=5-10bp;gc_cont=0.413,ID=163_3;partial=00;start_type=ATG;rbs_motif=GGAG/GAGG;rbs_spacer=5-10bp;gc,13.0
JAFIGT010000017.1_85,C,C,C,S,ID=41_85;partial=00;start_type=ATG;rbs_motif=AGGA;rbs_spacer=5-10bp;gc_cont=0.585,ID=41_85;partial=00;start_type=ATG;rbs_motif=AGGA;rbs_spacer=5-10bp;gc,14.0
JAGDBD010000107.1_4,C,C,C,G,ID=100_4;partial=00;start_type=ATG;rbs_motif=AGGAG;rbs_spacer=5-10bp;gc_cont=0.479,ID=100_4;partial=00;start_type=ATG;rbs_motif=AGGAG;rbs_spacer=5-10bp;gc,13.0
JAFEFW010000654.1_14,C,C,C,A,ID=615_14;partial=00;start_type=ATG;rbs_motif=AGGAG;rbs_spacer=5-10bp;gc_cont=0.607,ID=615_14;partial=00;start_type=ATG;rbs_motif=AGGAG;rbs_spacer=5-10bp;gc,13.0
JAHJBC010000009.1_198,C,C,C,S,ID=2_198;partial=00;start_type=ATG;rbs_motif=AGGAG;rbs_spacer=5-10bp;gc_cont=0.596,ID=2_198;partial=00;start_type=ATG;rbs_motif=AGGAG;rbs_spacer=5-10bp;gc,14.0
JAAOMR010000125.1_34,C,C,C,A,ID=30_34;partial=00;start_type=ATG;rbs_motif=GGAG/GAGG;rbs_spacer=5-10bp;gc_cont=0.527,ID=30_34;partial=00;start_type=ATG;rbs_motif=GGAG/GAGG;rbs_spacer=5-10bp;gc,13.0
JAHHHH010000004.1_163,C,C,C,S,ID=127_163;partial=00;start_type=ATG;rbs_motif=GGAG/GAGG;rbs_spacer=5-10bp;gc_cont=0.460,ID=127_163;partial=00;start_type=ATG;rbs_motif=GGAG/GAGG;rbs_spacer=5-10bp;gc,14.0
JAGVOW010000060.1_23,C,C,C,S,ID=9_23;partial=00;start_type=ATG;rbs_motif=GGAG/GAGG;rbs_spacer=5-10bp;gc_cont=0.493,ID=9_23;partial=00;start_type=ATG;rbs_motif=GGAG/GAGG;rbs_spacer=5-10bp;gc,14.0
JAGQRV010000003.1_93,C,C,C,A,ID=45_93;partial=00;start_type=ATG;rbs_motif=AGGA;rbs_spacer=5-10bp;gc_cont=0.622,ID=45_93;partial=00;start_type=ATG;rbs_motif=AGGA;rbs_spacer=5-10bp;gc,13.0
DYDL01000051.1_1,C,C,C,S,ID=441_1;partial=00;start_type=ATG;rbs_motif=GGAG/GAGG;rbs_spacer=5-10bp;gc_cont=0.603,ID=441_1;partial=00;start_type=ATG;rbs_motif=GGAG/GAGG;rbs_spacer=5-10bp;gc,14.0
JADZBU010000087.1_9,C,C,C,S,ID=87_9;partial=00;start_type=ATG;rbs_motif=GGAG/GAGG;rbs_spacer=5-10bp;gc_cont=0.605,ID=87_9;partial=00;start_type=ATG;rbs_motif=GGAG/GAGG;rbs_spacer=5-10bp;gc,14.0
JAJTBG010000005.1_203,C,C,C,S,ID=22_203;partial=00;start_type=ATG;rbs_motif=AGGAG;rbs_spacer=5-10bp;gc_cont=0.650,ID=22_203;partial=00;start_type=ATG;rbs_motif=AGGAG;rbs_spacer=5-10bp;gc,14.0
JAIZVZ010000028.1_24,C,C,C,A,ID=231_24;partial=00;start_type=ATG;rbs_motif=GGAG/GAGG;rbs_spacer=5-10bp;gc_cont=0.592,ID=231_24;partial=00;start_type=ATG;rbs_motif=GGAG/GAGG;rbs_spacer=5-10bp;gc,13.0
JAJXWH010000032.1_45,C,C,C,S,ID=108_45;partial=00;start_type=ATG;rbs_motif=GGAGG;rbs_spacer=5-10bp;gc_cont=0.342,ID=108_45;partial=00;start_type=ATG;rbs_motif=GGAGG;rbs_spacer=5-10bp;gc,14.0
JAJYJA010000025.1_6,C,C,C,S,ID=158_6;partial=00;start_type=ATG;rbs_motif=GGAG/GAGG;rbs_spacer=5-10bp;gc_cont=0.630,ID=158_6;partial=00;start_type=ATG;rbs_motif=GGAG/GAGG;rbs_spacer=5-10bp;gc,14.0
JAJYYE010000011.1_105,C,C,C,A,ID=7_105;partial=00;start_type=ATG;rbs_motif=GGAG/GAGG;rbs_spacer=5-10bp;gc_cont=0.530,ID=7_105;partial=00;start_type=ATG;rbs_motif=GGAG/GAGG;rbs_spacer=5-10bp;gc,13.0
JAJZPA010000018.1_8,C,C,C,S,ID=109_8;partial=00;start_type=ATG;rbs_motif=AGGAGG;rbs_spacer=5-10bp;gc_cont=0.507,ID=109_8;partial=00;start_type=ATG;rbs_motif=AGGAGG;rbs_spacer=5-10bp;gc,14.0
JAKAEG010000153.1_9,C,C,C,S,ID=74_9;partial=00;start_type=ATG;rbs_motif=GGA/GAG/AGG;rbs_spacer=11-12bp;gc_cont=0.545,ID=74_9;partial=00;start_type=ATG;rbs_motif=GGA/GAG/AGG;rbs_spacer=11-12bp;gc,14.0
JAKCCX010000003.1_30,C,C,C,A,ID=18_30;partial=00;start_type=ATG;rbs_motif=GGAG/GAGG;rbs_spacer=5-10bp;gc_cont=0.595,ID=18_30;partial=00;start_type=ATG;rbs_motif=GGAG/GAGG;rbs_spacer=5-10bp;gc,13.0
JAJVIJ010000006.1_26,C,C,C,A,ID=18_26;partial=00;start_type=ATG;rbs_motif=AGGAG;rbs_spacer=5-10bp;gc_cont=0.638,ID=18_26;partial=00;start_type=ATG;rbs_motif=AGGAG;rbs_spacer=5-10bp;gc,13.0
JAFLSP010000013.1_7,C,C,C,G,ID=35_7;partial=00;start_type=ATG;rbs_motif=GGAGG;rbs_spacer=5-10bp;gc_cont=0.653,ID=35_7;partial=00;start_type=ATG;rbs_motif=GGAGG;rbs_spacer=5-10bp;gc,13.0
CP072107.1_203,C,C,C,S,ID=1_203;partial=00;start_type=ATG;rbs_motif=AGGAGG;rbs_spacer=5-10bp;gc_cont=0.552,ID=1_203;partial=00;start_type=ATG;rbs_motif=AGGAGG;rbs_spacer=5-10bp;gc,14.0
JAGDVS010000093.1_27,C,C,C,A,ID=188_27;partial=00;start_type=ATG;rbs_motif=GGAG/GAGG;rbs_spacer=5-10bp;gc_cont=0.535,ID=188_27;partial=00;start_type=ATG;rbs_motif=GGAG/GAGG;rbs_spacer=5-10bp;gc,13.0
JAEWBO010000037.1_8,C,C,C,S,ID=20_8;partial=00;start_type=ATG;rbs_motif=GGAGG;rbs_spacer=5-10bp;gc_cont=0.544,ID=20_8;partial=00;start_type=ATG;rbs_motif=GGAGG;rbs_spacer=5-10bp;gc,14.0
JAEWVL010000484.1_9,C,C,C,S,ID=49_9;partial=00;start_type=ATG;rbs_motif=AGGAGG;rbs_spacer=5-10bp;gc_cont=0.530,ID=49_9;partial=00;start_type=ATG;rbs_motif=AGGAGG;rbs_spacer=5-10bp;gc,14.0
JAEXTK010000206.1_5,C,C,C,S,ID=27_5;partial=00;start_type=ATG;rbs_motif=AGGA;rbs_spacer=5-10bp;gc_cont=0.675,ID=27_5;partial=00;start_type=ATG;rbs_motif=AGGA;rbs_spacer=5-10bp;gc,14.0
JAEYOE010000012.1_193,C,C,C,S,ID=1_193;partial=00;start_type=ATG;rbs_motif=AGGAGG;rbs_spacer=5-10bp;gc_cont=0.547,ID=1_193;partial=00;start_type=ATG;rbs_motif=AGGAGG;rbs_spacer=5-10bp;gc,14.0
JAEZJG010000006.1_84,C,C,C,G,ID=19_84;partial=00;start_type=ATG;rbs_motif=GGAG/GAGG;rbs_spacer=5-10bp;gc_cont=0.552,ID=19_84;partial=00;start_type=ATG;rbs_motif=GGAG/GAGG;rbs_spacer=5-10bp;gc,13.0
JAFADI010000049.1_28,C,C,C,S,ID=159_28;partial=00;start_type=ATG;rbs_motif=AGGAGG;rbs_spacer=5-10bp;gc_cont=0.546,ID=159_28;partial=00;start_type=ATG;rbs_motif=AGGAGG;rbs_spacer=5-10bp;gc,14.0
JAEYRV010000015.1_7,C,C,C,S,ID=28_7;partial=00;start_type=ATG;rbs_motif=AGxAGG/AGGxGG;rbs_spacer=5-10bp;gc_cont=0.477,ID=28_7;partial=00;start_type=ATG;rbs_motif=AGxAGG/AGGxGG;rbs_spacer=5-10bp;gc,14.0
JAEXPS010000217.1_36,C,C,C,S,ID=84_36;partial=00;start_type=ATG;rbs_motif=GGAG/GAGG;rbs_spacer=5-10bp;gc_cont=0.717,ID=84_36;partial=00;start_type=ATG;rbs_motif=GGAG/GAGG;rbs_spacer=5-10bp;gc,14.0
JAEZRV010000041.1_66,C,C,C,S,ID=52_66;partial=00;start_type=ATG;rbs_motif=AGGAGG;rbs_spacer=5-10bp;gc_cont=0.387,ID=52_66;partial=00;start_type=ATG;rbs_motif=AGGAGG;rbs_spacer=5-10bp;gc,14.0
JAMCWL010000089.1_3,C,C,C,S,ID=18_3;partial=00;start_type=ATG;rbs_motif=AGGAGG;rbs_spacer=5-10bp;gc_cont=0.616,ID=18_3;partial=00;start_type=ATG;rbs_motif=AGGAGG;rbs_spacer=5-10bp;gc,14.0
JAJRYC010000090.1_59,C,C,C,S,ID=62_59;partial=00;start_type=ATG;rbs_motif=GGAGG;rbs_spacer=5-10bp;gc_cont=0.502,ID=62_59;partial=00;start_type=ATG;rbs_motif=GGAGG;rbs_spacer=5-10bp;gc,14.0
JAGXFP010000053.1_25,C,C,C,S,ID=7_25;partial=00;start_type=ATG;rbs_motif=GGAG/GAGG;rbs_spacer=5-10bp;gc_cont=0.581,ID=7_25;partial=00;start_type=ATG;rbs_motif=GGAG/GAGG;rbs_spacer=5-10bp;gc,14.0
JAILHX010000148.1_4,C,C,C,G,ID=127_4;partial=00;start_type=ATG;rbs_motif=GGAGG;rbs_spacer=5-10bp;gc_cont=0.454,ID=127_4;partial=00;start_type=ATG;rbs_motif=GGAGG;rbs_spacer=5-10bp;gc,13.0
JANTFJ010000059.1_2,C,C,C,S,ID=59_2;partial=00;start_type=ATG;rbs_motif=GGAG/GAGG;rbs_spacer=5-10bp;gc_cont=0.526,ID=59_2;partial=00;start_type=ATG;rbs_motif=GGAG/GAGG;rbs_spacer=5-10bp;gc,14.0
OMIK01000052.1_11,C,C,C,S,ID=52_11;partial=00;start_type=ATG;rbs_motif=None;rbs_spacer=None;gc_cont=0.644,ID=52_11;partial=00;start_type=ATG;rbs_motif=None;rbs_spacer=None;gc,14.0
ONWL01000168.1_4,C,C,C,G,ID=161_4;partial=00;start_type=ATG;rbs_motif=AGGAGG;rbs_spacer=5-10bp;gc_cont=0.445,ID=161_4;partial=00;start_type=ATG;rbs_motif=AGGAGG;rbs_spacer=5-10bp;gc,13.0
CACUVI010000001.1_70,C,C,C,S,ID=1_70;partial=00;start_type=ATG;rbs_motif=AGGAG;rbs_spacer=5-10bp;gc_cont=0.586,ID=1_70;partial=00;start_type=ATG;rbs_motif=AGGAG;rbs_spacer=5-10bp;gc,14.0
CACYBG010000245.1_13,C,C,C,G,ID=245_13;partial=00;start_type=ATG;rbs_motif=None;rbs_spacer=None;gc_cont=0.509,ID=245_13;partial=00;start_type=ATG;rbs_motif=None;rbs_spacer=None;gc,13.0
CACZOG010000283.1_2,C,C,C,G,ID=283_2;partial=00;start_type=ATG;rbs_motif=AGGAG;rbs_spacer=5-10bp;gc_cont=0.439,ID=283_2;partial=00;start_type=ATG;rbs_motif=AGGAG;rbs_spacer=5-10bp;gc,13.0
CADAWC010000018.1_27,C,C,C,G,ID=18_27;partial=00;start_type=ATG;rbs_motif=AGGAG;rbs_spacer=5-10bp;gc_cont=0.495,ID=18_27;partial=00;start_type=ATG;rbs_motif=AGGAG;rbs_spacer=5-10bp;gc,13.0
CADCOE010000048.1_24,C,C,C,G,ID=48_24;partial=00;start_type=ATG;rbs_motif=AGxAGG/AGGxGG;rbs_spacer=5-10bp;gc_cont=0.448,ID=48_24;partial=00;start_type=ATG;rbs_motif=AGxAGG/AGGxGG;rbs_spacer=5-10bp;gc,13.0
CAIKKU010000757.1_5,C,C,C,S,ID=757_5;partial=00;start_type=ATG;rbs_motif=AGGAG;rbs_spacer=5-10bp;gc_cont=0.617,ID=757_5;partial=00;start_type=ATG;rbs_motif=AGGAG;rbs_spacer=5-10bp;gc,14.0
CAINND010000060.1_31,C,C,C,S,ID=60_31;partial=00;start_type=ATG;rbs_motif=GGA/GAG/AGG;rbs_spacer=5-10bp;gc_cont=0.628,ID=60_31;partial=00;start_type=ATG;rbs_motif=GGA/GAG/AGG;rbs_spacer=5-10bp;gc,14.0
CAIQHB010000022.1_13,C,C,C,S,ID=22_13;partial=00;start_type=ATG;rbs_motif=GGAGG;rbs_spacer=5-10bp;gc_cont=0.559,ID=22_13;partial=00;start_type=ATG;rbs_motif=GGAGG;rbs_spacer=5-10bp;gc,14.0
CAISRC010000142.1_19,C,C,C,S,ID=142_19;partial=00;start_type=ATG;rbs_motif=None;rbs_spacer=None;gc_cont=0.518,ID=142_19;partial=00;start_type=ATG;rbs_motif=None;rbs_spacer=None;gc,14.0
CAIVAU010000241.1_47,C,C,C,S,ID=241_47;partial=00;start_type=ATG;rbs_motif=GGA/GAG/AGG;rbs_spacer=5-10bp;gc_cont=0.484,ID=241_47;partial=00;start_type=ATG;rbs_motif=GGA/GAG/AGG;rbs_spacer=5-10bp;gc,14.0
CAIYDQ010000034.1_4,C,C,C,S,ID=34_4;partial=00;start_type=ATG;rbs_motif=AGGAG;rbs_spacer=5-10bp;gc_cont=0.624,ID=34_4;partial=00;start_type=ATG;rbs_motif=AGGAG;rbs_spacer=5-10bp;gc,14.0
CAJAJL010000079.1_42,C,C,C,S,ID=79_42;partial=00;start_type=ATG;rbs_motif=AGGA/GGAG/GAGG;rbs_spacer=11-12bp;gc_cont=0.497,ID=79_42;partial=00;start_type=ATG;rbs_motif=AGGA/GGAG/GAGG;rbs_spacer=11-12bp;gc,14.0
CAJOLO010000024.1_7,C,C,C,G,ID=24_7;partial=00;start_type=ATG;rbs_motif=GGA/GAG/AGG;rbs_spacer=5-10bp;gc_cont=0.405,ID=24_7;partial=00;start_type=ATG;rbs_motif=GGA/GAG/AGG;rbs_spacer=5-10bp;gc,13.0
CAJXTC010000045.1_26,C,C,C,S,ID=45_26;partial=00;start_type=ATG;rbs_motif=AAA;rbs_spacer=4bp;gc_cont=0.421,ID=45_26;partial=00;start_type=ATG;rbs_motif=AAA;rbs_spacer=4bp;gc,14.0
CAMDGD010000026.1_19,C,C,C,S,ID=26_19;partial=00;start_type=ATG;rbs_motif=AAAAA;rbs_spacer=9bp;gc_cont=0.406,ID=26_19;partial=00;start_type=ATG;rbs_motif=AAAAA;rbs_spacer=9bp;gc,14.0
NC_008554.1_1037,C,C,C,S,ID=1_1037;partial=00;start_type=ATG;rbs_motif=AGGAGG;rbs_spacer=5-10bp;gc_cont=0.603,ID=1_1037;partial=00;start_type=ATG;rbs_motif=AGGAGG;rbs_spacer=5-10bp;gc,14.0
NC_011027.1_1626,C,C,C,S,ID=1_1626;partial=00;start_type=ATG;rbs_motif=AGGAG;rbs_spacer=5-10bp;gc_cont=0.612,ID=1_1626;partial=00;start_type=ATG;rbs_motif=AGGAG;rbs_spacer=5-10bp;gc,14.0
NC_009445.1_5086,C,C,C,A,ID=1_5086;partial=00;start_type=ATG;rbs_motif=GGAG/GAGG;rbs_spacer=5-10bp;gc_cont=0.623,ID=1_5086;partial=00;start_type=ATG;rbs_motif=GGAG/GAGG;rbs_spacer=5-10bp;gc,13.0
NZ_ABEA03000004.1_49,C,C,C,S,ID=222_49;partial=00;start_type=ATG;rbs_motif=None;rbs_spacer=None;gc_cont=0.635,ID=222_49;partial=00;start_type=ATG;rbs_motif=None;rbs_spacer=None;gc,14.0
NZ_AEWG01000097.1_5,C,C,C,A,ID=68_5;partial=00;start_type=ATG;rbs_motif=AGGAG;rbs_spacer=5-10bp;gc_cont=0.654,ID=68_5;partial=00;start_type=ATG;rbs_motif=AGGAG;rbs_spacer=5-10bp;gc,13.0
NC_021184.1_2325,C,C,C,S,ID=1_2325;partial=00;start_type=ATG;rbs_motif=AGGAG;rbs_spacer=5-10bp;gc_cont=0.535,ID=1_2325;partial=00;start_type=ATG;rbs_motif=AGGAG;rbs_spacer=5-10bp;gc,14.0
NC_018025.1_5448,C,C,C,S,ID=1_5448;partial=00;start_type=ATG;rbs_motif=GGAG/GAGG;rbs_spacer=5-10bp;gc_cont=0.515,ID=1_5448;partial=00;start_type=ATG;rbs_motif=GGAG/GAGG;rbs_spacer=5-10bp;gc,14.0
NZ_KK020677.1_673,C,C,C,S,ID=3_673;partial=00;start_type=ATG;rbs_motif=AGGAG;rbs_spacer=5-10bp;gc_cont=0.608,ID=3_673;partial=00;start_type=ATG;rbs_motif=AGGAG;rbs_spacer=5-10bp;gc,14.0
NZ_AONQ01000082.1_12,C,C,C,S,ID=82_12;partial=00;start_type=ATG;rbs_motif=AGGAG;rbs_spacer=5-10bp;gc_cont=0.642,ID=82_12;partial=00;start_type=ATG;rbs_motif=AGGAG;rbs_spacer=5-10bp;gc,14.0
NZ_KB900626.1_3667,C,C,C,A,ID=1_3667;partial=00;start_type=ATG;rbs_motif=GGAG/GAGG;rbs_spacer=5-10bp;gc_cont=0.601,ID=1_3667;partial=00;start_type=ATG;rbs_motif=GGAG/GAGG;rbs_spacer=5-10bp;gc,13.0
NZ_ATWV01000008.1_61,C,C,C,G,ID=8_61;partial=00;start_type=ATG;rbs_motif=GGxGG;rbs_spacer=5-10bp;gc_cont=0.417,ID=8_61;partial=00;start_type=ATG;rbs_motif=GGxGG;rbs_spacer=5-10bp;gc,13.0
NZ_AUFO01000017.1_24,C,C,C,S,ID=13_24;partial=00;start_type=ATG;rbs_motif=GGAGG;rbs_spacer=5-10bp;gc_cont=0.541,ID=13_24;partial=00;start_type=ATG;rbs_motif=GGAGG;rbs_spacer=5-10bp;gc,14.0
NZ_AQPH01000002.1_94,C,C,C,S,ID=2_94;partial=00;start_type=ATG;rbs_motif=AGGAG;rbs_spacer=5-10bp;gc_cont=0.617,ID=2_94;partial=00;start_type=ATG;rbs_motif=AGGAG;rbs_spacer=5-10bp;gc,14.0
NZ_AYVL01000031.1_18,C,C,C,A,ID=31_18;partial=00;start_type=ATG;rbs_motif=GGAG/GAGG;rbs_spacer=5-10bp;gc_cont=0.601,ID=31_18;partial=00;start_type=ATG;rbs_motif=GGAG/GAGG;rbs_spacer=5-10bp;gc,13.0
NZ_ASRY01000109.1_14,C,C,C,S,ID=109_14;partial=00;start_type=ATG;rbs_motif=GGAGG;rbs_spacer=5-10bp;gc_cont=0.548,ID=109_14;partial=00;start_type=ATG;rbs_motif=GGAGG;rbs_spacer=5-10bp;gc,14.0
NZ_JIBU02000079.1_3,C,C,C,G,ID=79_3;partial=00;start_type=GTG;rbs_motif=AGGAG;rbs_spacer=5-10bp;gc_cont=0.339,ID=79_3;partial=00;start_type=GTG;rbs_motif=AGGAG;rbs_spacer=5-10bp;gc,13.0
NZ_CP008852.1_37,C,C,C,S,ID=1_37;partial=00;start_type=ATG;rbs_motif=AGGAG;rbs_spacer=5-10bp;gc_cont=0.398,ID=1_37;partial=00;start_type=ATG;rbs_motif=AGGAG;rbs_spacer=5-10bp;gc,14.0
NZ_JSYG01000043.1_6,C,C,C,S,ID=38_6;partial=00;start_type=ATG;rbs_motif=GGAGG;rbs_spacer=5-10bp;gc_cont=0.591,ID=38_6;partial=00;start_type=ATG;rbs_motif=GGAGG;rbs_spacer=5-10bp;gc,14.0
NZ_LAJX01000044.1_10,C,C,C,S,ID=329_10;partial=00;start_type=ATG;rbs_motif=AGGAG;rbs_spacer=5-10bp;gc_cont=0.429,ID=329_10;partial=00;start_type=ATG;rbs_motif=AGGAG;rbs_spacer=5-10bp;gc,14.0
NZ_LFIO01001160.1_16,C,C,C,A,ID=1593_16;partial=00;start_type=ATG;rbs_motif=GGA/GAG/AGG;rbs_spacer=5-10bp;gc_cont=0.596,ID=1593_16;partial=00;start_type=ATG;rbs_motif=GGA/GAG/AGG;rbs_spacer=5-10bp;gc,13.0
NZ_LJYG01000013.1_26,C,C,C,A,ID=13_26;partial=00;start_type=ATG;rbs_motif=AGGA;rbs_spacer=5-10bp;gc_cont=0.554,ID=13_26;partial=00;start_type=ATG;rbs_motif=AGGA;rbs_spacer=5-10bp;gc,13.0
NZ_BCTX01000033.1_40,C,C,C,A,ID=33_40;partial=00;start_type=ATG;rbs_motif=AGGAG;rbs_spacer=5-10bp;gc_cont=0.625,ID=33_40;partial=00;start_type=ATG;rbs_motif=AGGAG;rbs_spacer=5-10bp;gc,13.0
NZ_LWBS01000418.1_43,C,C,C,A,ID=418_43;partial=00;start_type=ATG;rbs_motif=GGA/GAG/AGG;rbs_spacer=5-10bp;gc_cont=0.540,ID=418_43;partial=00;start_type=ATG;rbs_motif=GGA/GAG/AGG;rbs_spacer=5-10bp;gc,13.0
NZ_MARB01000010.1_40,C,C,C,S,ID=10_40;partial=00;start_type=ATG;rbs_motif=GGAGG;rbs_spacer=5-10bp;gc_cont=0.559,ID=10_40;partial=00;start_type=ATG;rbs_motif=GGAGG;rbs_spacer=5-10bp;gc,14.0
NZ_CP015519.1_175,C,C,C,S,ID=1_175;partial=00;start_type=ATG;rbs_motif=AGGAG;rbs_spacer=5-10bp;gc_cont=0.565,ID=1_175;partial=00;start_type=ATG;rbs_motif=AGGAG;rbs_spacer=5-10bp;gc,14.0
NZ_MWUM01000001.1_407,C,C,C,S,ID=110_407;partial=00;start_type=ATG;rbs_motif=GGAG/GAGG;rbs_spacer=5-10bp;gc_cont=0.601,ID=110_407;partial=00;start_type=ATG;rbs_motif=GGAG/GAGG;rbs_spacer=5-10bp;gc,14.0
NZ_MWQK01000005.1_182,C,C,C,G,ID=11_182;partial=00;start_type=ATG;rbs_motif=AGGAG;rbs_spacer=5-10bp;gc_cont=0.494,ID=11_182;partial=00;start_type=ATG;rbs_motif=AGGAG;rbs_spacer=5-10bp;gc,13.0
NZ_NSGG01000015.1_101,C,C,C,A,ID=7_101;partial=00;start_type=ATG;rbs_motif=None;rbs_spacer=None;gc_cont=0.590,ID=7_101;partial=00;start_type=ATG;rbs_motif=None;rbs_spacer=None;gc,13.0
NZ_CP023737.1_1727,C,C,C,A,ID=1_1727;partial=00;start_type=ATG;rbs_motif=GGAG/GAGG;rbs_spacer=5-10bp;gc_cont=0.592,ID=1_1727;partial=00;start_type=ATG;rbs_motif=GGAG/GAGG;rbs_spacer=5-10bp;gc,13.0
NZ_PPCN01000001.1_285,C,C,C,A,ID=1_285;partial=00;start_type=ATG;rbs_motif=GGA/GAG/AGG;rbs_spacer=5-10bp;gc_cont=0.593,ID=1_285;partial=00;start_type=ATG;rbs_motif=GGA/GAG/AGG;rbs_spacer=5-10bp;gc,13.0
NZ_PZKG01000009.1_25,C,C,C,A,ID=9_25;partial=00;start_type=ATG;rbs_motif=AGGA;rbs_spacer=5-10bp;gc_cont=0.641,ID=9_25;partial=00;start_type=ATG;rbs_motif=AGGA;rbs_spacer=5-10bp;gc,13.0
NZ_QGDS01000018.1_34,C,C,C,S,ID=18_34;partial=00;start_type=ATG;rbs_motif=AGGAGG;rbs_spacer=5-10bp;gc_cont=0.402,ID=18_34;partial=00;start_type=ATG;rbs_motif=AGGAGG;rbs_spacer=5-10bp;gc,14.0
NZ_QMFA01000024.1_80,C,C,C,S,ID=49_80;partial=00;start_type=ATG;rbs_motif=AGGAGG;rbs_spacer=5-10bp;gc_cont=0.577,ID=49_80;partial=00;start_type=ATG;rbs_motif=AGGAGG;rbs_spacer=5-10bp;gc,14.0
NZ_AP018341.1_1625,C,C,C,S,ID=1_1625;partial=00;start_type=ATG;rbs_motif=AGGAG/GGAGG;rbs_spacer=11-12bp;gc_cont=0.434,ID=1_1625;partial=00;start_type=ATG;rbs_motif=AGGAG/GGAGG;rbs_spacer=11-12bp;gc,14.0
NZ_RQPI01000003.1_255,C,C,C,S,ID=23_255;partial=00;start_type=ATG;rbs_motif=AGxAGG/AGGxGG;rbs_spacer=5-10bp;gc_cont=0.514,ID=23_255;partial=00;start_type=ATG;rbs_motif=AGxAGG/AGGxGG;rbs_spacer=5-10bp;gc,14.0
NZ_RSCL01000005.1_299,C,C,C,S,ID=5_299;partial=00;start_type=ATG;rbs_motif=GGA/GAG/AGG;rbs_spacer=5-10bp;gc_cont=0.444,ID=5_299;partial=00;start_type=ATG;rbs_motif=GGA/GAG/AGG;rbs_spacer=5-10bp;gc,14.0
NZ_CP030052.1_324,C,C,C,A,ID=2_324;partial=00;start_type=ATG;rbs_motif=GGA/GAG/AGG;rbs_spacer=5-10bp;gc_cont=0.560,ID=2_324;partial=00;start_type=ATG;rbs_motif=GGA/GAG/AGG;rbs_spacer=5-10bp;gc,13.0
NZ_SLUI01000005.1_198,C,C,C,S,ID=5_198;partial=00;start_type=ATG;rbs_motif=AGGAG;rbs_spacer=5-10bp;gc_cont=0.477,ID=5_198;partial=00;start_type=ATG;rbs_motif=AGGAG;rbs_spacer=5-10bp;gc,14.0
NZ_LXQB01000023.1_66,C,C,C,S,ID=23_66;partial=00;start_type=ATG;rbs_motif=AGGAG;rbs_spacer=5-10bp;gc_cont=0.423,ID=23_66;partial=00;start_type=ATG;rbs_motif=AGGAG;rbs_spacer=5-10bp;gc,14.0
NZ_CP050698.1_4540,C,C,C,S,ID=1_4540;partial=00;start_type=ATG;rbs_motif=AGxAGG/AGGxGG;rbs_spacer=5-10bp;gc_cont=0.496,ID=1_4540;partial=00;start_type=ATG;rbs_motif=AGxAGG/AGGxGG;rbs_spacer=5-10bp;gc,14.0
NZ_VIAQ01000015.1_116,C,C,C,S,ID=15_116;partial=00;start_type=ATG;rbs_motif=AGGAGG;rbs_spacer=5-10bp;gc_cont=0.460,ID=15_116;partial=00;start_type=ATG;rbs_motif=AGGAGG;rbs_spacer=5-10bp;gc,14.0
NZ_VLLC01000023.1_14,C,C,C,S,ID=25_14;partial=00;start_type=ATG;rbs_motif=AGGA;rbs_spacer=5-10bp;gc_cont=0.590,ID=25_14;partial=00;start_type=ATG;rbs_motif=AGGA;rbs_spacer=5-10bp;gc,14.0
NZ_VTTO01000003.1_52,C,C,C,A,ID=33_52;partial=00;start_type=ATG;rbs_motif=AGGAG;rbs_spacer=5-10bp;gc_cont=0.626,ID=33_52;partial=00;start_type=ATG;rbs_motif=AGGAG;rbs_spacer=5-10bp;gc,13.0
NZ_WJPO01000054.1_9,C,C,C,A,ID=49_9;partial=00;start_type=ATG;rbs_motif=AGGA;rbs_spacer=5-10bp;gc_cont=0.647,ID=49_9;partial=00;start_type=ATG;rbs_motif=AGGA;rbs_spacer=5-10bp;gc,13.0
NZ_CP047242.1_5103,C,C,C,S,ID=1_5103;partial=00;start_type=ATG;rbs_motif=GGA/GAG/AGG;rbs_spacer=5-10bp;gc_cont=0.460,ID=1_5103;partial=00;start_type=ATG;rbs_motif=GGA/GAG/AGG;rbs_spacer=5-10bp;gc,14.0
NZ_VKHP01000057.1_3,C,C,C,A,ID=846_3;partial=00;start_type=ATG;rbs_motif=AGGA;rbs_spacer=5-10bp;gc_cont=0.579,ID=846_3;partial=00;start_type=ATG;rbs_motif=AGGA;rbs_spacer=5-10bp;gc,13.0
NZ_PQIG01000115.1_22,C,C,C,A,ID=115_22;partial=00;start_type=ATG;rbs_motif=GGAG/GAGG;rbs_spacer=5-10bp;gc_cont=0.549,ID=115_22;partial=00;start_type=ATG;rbs_motif=GGAG/GAGG;rbs_spacer=5-10bp;gc,13.0
NZ_CP033367.1_6614,C,C,C,A,ID=1_6614;partial=00;start_type=ATG;rbs_motif=GGA/GAG/AGG;rbs_spacer=5-10bp;gc_cont=0.593,ID=1_6614;partial=00;start_type=ATG;rbs_motif=GGA/GAG/AGG;rbs_spacer=5-10bp;gc,13.0
NZ_JABFFR010000048.1_16,C,C,C,A,ID=70_16;partial=00;start_type=ATG;rbs_motif=AGGAG;rbs_spacer=5-10bp;gc_cont=0.642,ID=70_16;partial=00;start_type=ATG;rbs_motif=AGGAG;rbs_spacer=5-10bp;gc,13.0
NZ_JACHIH010000016.1_87,C,C,C,A,ID=16_87;partial=00;start_type=ATG;rbs_motif=GGA/GAG/AGG;rbs_spacer=11-12bp;gc_cont=0.633,ID=16_87;partial=00;start_type=ATG;rbs_motif=GGA/GAG/AGG;rbs_spacer=11-12bp;gc,13.0
NZ_CP053923.1_3682,C,C,C,S,ID=1_3682;partial=00;start_type=ATG;rbs_motif=AGGAG;rbs_spacer=5-10bp;gc_cont=0.603,ID=1_3682;partial=00;start_type=ATG;rbs_motif=AGGAG;rbs_spacer=5-10bp;gc,14.0
NZ_JHQR01000154.1_7,C,C,C,A,ID=127_7;partial=00;start_type=ATG;rbs_motif=GGAG/GAGG;rbs_spacer=5-10bp;gc_cont=0.602,ID=127_7;partial=00;start_type=ATG;rbs_motif=GGAG/GAGG;rbs_spacer=5-10bp;gc,13.0
NZ_WIQK01000001.1_1599,C,C,C,S,ID=2_1599;partial=00;start_type=ATG;rbs_motif=AGGAG;rbs_spacer=5-10bp;gc_cont=0.411,ID=2_1599;partial=00;start_type=ATG;rbs_motif=AGGAG;rbs_spacer=5-10bp;gc,14.0
NZ_JAENHM010000073.1_210,C,C,C,A,ID=71_210;partial=00;start_type=ATG;rbs_motif=AGGAG;rbs_spacer=5-10bp;gc_cont=0.625,ID=71_210;partial=00;start_type=ATG;rbs_motif=AGGAG;rbs_spacer=5-10bp;gc,13.0
NZ_JAFCGY010000047.1_14,C,C,C,A,ID=112_14;partial=00;start_type=ATG;rbs_motif=GGAG/GAGG;rbs_spacer=5-10bp;gc_cont=0.601,ID=112_14;partial=00;start_type=ATG;rbs_motif=GGAG/GAGG;rbs_spacer=5-10bp;gc,13.0
NZ_CP050854.1_2257,C,C,C,S,ID=1_2257;partial=00;start_type=ATG;rbs_motif=GGAGG;rbs_spacer=5-10bp;gc_cont=0.560,ID=1_2257;partial=00;start_type=ATG;rbs_motif=GGAGG;rbs_spacer=5-10bp;gc,14.0
NZ_JABXYX010000133.1_3,C,C,C,S,ID=118_3;partial=00;start_type=ATG;rbs_motif=GGAG/GAGG;rbs_spacer=5-10bp;gc_cont=0.463,ID=118_3;partial=00;start_type=ATG;rbs_motif=GGAG/GAGG;rbs_spacer=5-10bp;gc,14.0
NZ_JAHCZI010000001.1_647,C,C,C,S,ID=11_647;partial=00;start_type=ATG;rbs_motif=AGGAG;rbs_spacer=5-10bp;gc_cont=0.610,ID=11_647;partial=00;start_type=ATG;rbs_motif=AGGAG;rbs_spacer=5-10bp;gc,14.0
NZ_JAHREP010000023.1_46,C,C,C,S,ID=15_46;partial=00;start_type=ATG;rbs_motif=GGAGG;rbs_spacer=5-10bp;gc_cont=0.570,ID=15_46;partial=00;start_type=ATG;rbs_motif=GGAGG;rbs_spacer=5-10bp;gc,14.0
NZ_NRRD01000017.1_69,C,C,C,A,ID=17_69;partial=00;start_type=ATG;rbs_motif=AGGA;rbs_spacer=5-10bp;gc_cont=0.597,ID=17_69;partial=00;start_type=ATG;rbs_motif=AGGA;rbs_spacer=5-10bp;gc,13.0
NZ_JAJDOO010000001.1_316,C,C,C,S,ID=26_316;partial=00;start_type=ATG;rbs_motif=AGGA;rbs_spacer=5-10bp;gc_cont=0.469,ID=26_316;partial=00;start_type=ATG;rbs_motif=AGGA;rbs_spacer=5-10bp;gc,14.0
NZ_CP090097.1_70,C,C,C,A,ID=3_70;partial=00;start_type=ATG;rbs_motif=GGA/GAG/AGG;rbs_spacer=5-10bp;gc_cont=0.529,ID=3_70;partial=00;start_type=ATG;rbs_motif=GGA/GAG/AGG;rbs_spacer=5-10bp;gc,13.0
NZ_JAKMAJ010000003.1_181,C,C,C,S,ID=3_181;partial=00;start_type=ATG;rbs_motif=GGAGG;rbs_spacer=5-10bp;gc_cont=0.556,ID=3_181;partial=00;start_type=ATG;rbs_motif=GGAGG;rbs_spacer=5-10bp;gc,14.0
NZ_JADPJL010000036.1_59,C,C,C,A,ID=49_59;partial=00;start_type=ATG;rbs_motif=GGA/GAG/AGG;rbs_spacer=5-10bp;gc_cont=0.577,ID=49_59;partial=00;start_type=ATG;rbs_motif=GGA/GAG/AGG;rbs_spacer=5-10bp;gc,13.0
NZ_JAMDLI010000007.1_846,C,C,C,S,ID=26_846;partial=00;start_type=ATG;rbs_motif=GGAG/GAGG;rbs_spacer=5-10bp;gc_cont=0.623,ID=26_846;partial=00;start_type=ATG;rbs_motif=GGAG/GAGG;rbs_spacer=5-10bp;gc,14.0
NZ_JTEO01000002.1_124,C,C,C,S,ID=11_124;partial=00;start_type=ATG;rbs_motif=GGAGG;rbs_spacer=5-10bp;gc_cont=0.546,ID=11_124;partial=00;start_type=ATG;rbs_motif=GGAGG;rbs_spacer=5-10bp;gc,14.0
NZ_FMAI01000005.1_246,C,C,C,A,ID=11_246;partial=00;start_type=ATG;rbs_motif=AGGA;rbs_spacer=5-10bp;gc_cont=0.573,ID=11_246;partial=00;start_type=ATG;rbs_motif=AGGA;rbs_spacer=5-10bp;gc,13.0
NZ_FNJI01000011.1_32,C,C,C,S,ID=60_32;partial=00;start_type=ATG;rbs_motif=GGA/GAG/AGG;rbs_spacer=5-10bp;gc_cont=0.538,ID=60_32;partial=00;start_type=ATG;rbs_motif=GGA/GAG/AGG;rbs_spacer=5-10bp;gc,14.0
NZ_FOFS01000010.1_91,C,C,C,A,ID=13_91;partial=00;start_type=ATG;rbs_motif=GGAG/GAGG;rbs_spacer=5-10bp;gc_cont=0.631,ID=13_91;partial=00;start_type=ATG;rbs_motif=GGAG/GAGG;rbs_spacer=5-10bp;gc,13.0
NZ_FOZW01000002.1_325,C,C,C,A,ID=21_325;partial=00;start_type=ATG;rbs_motif=AGGA;rbs_spacer=5-10bp;gc_cont=0.634,ID=21_325;partial=00;start_type=ATG;rbs_motif=AGGA;rbs_spacer=5-10bp;gc,13.0
NZ_FRAC01000032.1_40,C,C,C,S,ID=55_40;partial=00;start_type=ATG;rbs_motif=GGAGG;rbs_spacer=5-10bp;gc_cont=0.464,ID=55_40;partial=00;start_type=ATG;rbs_motif=GGAGG;rbs_spacer=5-10bp;gc,14.0
NZ_FUXL01000009.1_111,C,C,C,A,ID=6_111;partial=00;start_type=ATG;rbs_motif=AGGA;rbs_spacer=5-10bp;gc_cont=0.646,ID=6_111;partial=00;start_type=ATG;rbs_motif=AGGA;rbs_spacer=5-10bp;gc,13.0
NZ_FZMP01000244.1_9,C,C,C,S,ID=4_9;partial=00;start_type=ATG;rbs_motif=GGAGG;rbs_spacer=5-10bp;gc_cont=0.513,ID=4_9;partial=00;start_type=ATG;rbs_motif=GGAGG;rbs_spacer=5-10bp;gc,14.0
NZ_CAAHFH010000002.1_1771,C,C,C,S,ID=2_1771;partial=00;start_type=ATG;rbs_motif=GGAG/GAGG;rbs_spacer=5-10bp;gc_cont=0.542,ID=2_1771;partial=00;start_type=ATG;rbs_motif=GGAG/GAGG;rbs_spacer=5-10bp;gc,14.0
LKPX01000006.1_64,C,C,C,S,ID=140_64;partial=00;start_type=ATG;rbs_motif=AGGAG;rbs_spacer=5-10bp;gc_cont=0.496,ID=140_64;partial=00;start_type=ATG;rbs_motif=AGGAG;rbs_spacer=5-10bp;gc,14.0
JAAXXY010000035.1_18,C,C,C,S,ID=99_18;partial=00;start_type=ATG;rbs_motif=None;rbs_spacer=None;gc_cont=0.564,ID=99_18;partial=00;start_type=ATG;rbs_motif=None;rbs_spacer=None;gc,14.0
JAEWDM010000016.1_120,C,C,C,S,ID=41_120;partial=00;start_type=ATG;rbs_motif=AGGA;rbs_spacer=5-10bp;gc_cont=0.472,ID=41_120;partial=00;start_type=ATG;rbs_motif=AGGA;rbs_spacer=5-10bp;gc,14.0
JAFADM010000112.1_10,C,C,C,S,ID=191_10;partial=00;start_type=ATG;rbs_motif=AGGA;rbs_spacer=5-10bp;gc_cont=0.497,ID=191_10;partial=00;start_type=ATG;rbs_motif=AGGA;rbs_spacer=5-10bp;gc,14.0
NC_011026.1_1874,C,C,C,S,ID=1_1874;partial=00;start_type=ATG;rbs_motif=AGGAG;rbs_spacer=5-10bp;gc_cont=0.485,ID=1_1874;partial=00;start_type=ATG;rbs_motif=AGGAG;rbs_spacer=5-10bp;gc,14.0
NZ_KB905840.1_21,C,C,C,S,ID=2_21;partial=00;start_type=ATG;rbs_motif=GGAG/GAGG;rbs_spacer=5-10bp;gc_cont=0.415,ID=2_21;partial=00;start_type=ATG;rbs_motif=GGAG/GAGG;rbs_spacer=5-10bp;gc,14.0
NZ_CP020384.1_3356,C,C,C,S,ID=1_3356;partial=00;start_type=ATG;rbs_motif=AGGA;rbs_spacer=5-10bp;gc_cont=0.634,ID=1_3356;partial=00;start_type=ATG;rbs_motif=AGGA;rbs_spacer=5-10bp;gc,14.0
NZ_CP034035.1_2722,C,C,C,S,ID=1_2722;partial=00;start_type=ATG;rbs_motif=GGAG/GAGG;rbs_spacer=5-10bp;gc_cont=0.537,ID=1_2722;partial=00;start_type=ATG;rbs_motif=GGAG/GAGG;rbs_spacer=5-10bp;gc,14.0
NZ_AP024469.1_3338,C,C,C,S,ID=1_3338;partial=00;start_type=ATG;rbs_motif=AGGA;rbs_spacer=5-10bp;gc_cont=0.592,ID=1_3338;partial=00;start_type=ATG;rbs_motif=AGGA;rbs_spacer=5-10bp;gc,14.0
NZ_FQXU01000020.1_44,C,C,C,S,ID=31_44;partial=00;start_type=ATG;rbs_motif=AGGA;rbs_spacer=5-10bp;gc_cont=0.338,ID=31_44;partial=00;start_type=ATG;rbs_motif=AGGA;rbs_spacer=5-10bp;gc,14.0
JABDHL010000026.1_126,C,C,C,S,ID=26_126;partial=00;start_type=ATG;rbs_motif=None;rbs_spacer=None;gc_cont=0.482,ID=26_126;partial=00;start_type=ATG;rbs_motif=None;rbs_spacer=None;gc,14.0
NZ_AP018907.1_605,C,C,C,S,ID=1_605;partial=00;start_type=ATG;rbs_motif=GGA/GAG/AGG;rbs_spacer=5-10bp;gc_cont=0.626,ID=1_605;partial=00;start_type=ATG;rbs_motif=GGA/GAG/AGG;rbs_spacer=5-10bp;gc,14.0
NZ_AJTV01000023.1_15,C,C,C,S,ID=23_15;partial=00;start_type=ATG;rbs_motif=AGGA;rbs_spacer=5-10bp;gc_cont=0.587,ID=23_15;partial=00;start_type=ATG;rbs_motif=AGGA;rbs_spacer=5-10bp;gc,14.0
DIDB01000039.1_8,C,C,C,S,ID=161_8;partial=00;start_type=ATG;rbs_motif=AGGAG;rbs_spacer=5-10bp;gc_cont=0.594,ID=161_8;partial=00;start_type=ATG;rbs_motif=AGGAG;rbs_spacer=5-10bp;gc,14.0
JJNX02000025.1_8,C,C,C,S,ID=25_8;partial=00;start_type=ATG;rbs_motif=AGGAG;rbs_spacer=5-10bp;gc_cont=0.504,ID=25_8;partial=00;start_type=ATG;rbs_motif=AGGAG;rbs_spacer=5-10bp;gc,14.0
LADR01000085.1_7,C,C,C,S,ID=67_7;partial=00;start_type=ATG;rbs_motif=AGGAG;rbs_spacer=5-10bp;gc_cont=0.589,ID=67_7;partial=00;start_type=ATG;rbs_motif=AGGAG;rbs_spacer=5-10bp;gc,14.0
LUZZ01000315.1_6,C,C,C,S,ID=209_6;partial=00;start_type=ATG;rbs_motif=GGAGG;rbs_spacer=5-10bp;gc_cont=0.605,ID=209_6;partial=00;start_type=ATG;rbs_motif=GGAGG;rbs_spacer=5-10bp;gc,14.0
MERU01000006.1_363,C,C,C,A,ID=6_363;partial=00;start_type=ATG;rbs_motif=GGAG/GAGG;rbs_spacer=5-10bp;gc_cont=0.622,ID=6_363;partial=00;start_type=ATG;rbs_motif=GGAG/GAGG;rbs_spacer=5-10bp;gc,13.0
MHZX01000029.1_6,C,C,C,S,ID=29_6;partial=00;start_type=ATG;rbs_motif=AGGAG;rbs_spacer=5-10bp;gc_cont=0.609,ID=29_6;partial=00;start_type=ATG;rbs_motif=AGGAG;rbs_spacer=5-10bp;gc,14.0
AP017913.1_205,C,C,C,S,ID=1_205;partial=00;start_type=ATG;rbs_motif=TAA;rbs_spacer=9bp;gc_cont=0.330,ID=1_205;partial=00;start_type=ATG;rbs_motif=TAA;rbs_spacer=9bp;gc,14.0
DBTJ01000037.1_48,-,C,C,S,ID=87_48;partial=00;start_type=ATG;rbs_motif=None;rbs_spacer=None;gc_cont=0.599,ID=87_48;partial=00;start_type=ATG;rbs_motif=None;rbs_spacer=None;gc,10.0
DDOS01000126.1_21,C,C,C,S,ID=112_21;partial=00;start_type=ATG;rbs_motif=GGAGG;rbs_spacer=5-10bp;gc_cont=0.364,ID=112_21;partial=00;start_type=ATG;rbs_motif=GGAGG;rbs_spacer=5-10bp;gc,14.0
DFJV01000113.1_9,C,C,C,G,ID=116_9;partial=00;start_type=ATG;rbs_motif=GGAG/GAGG;rbs_spacer=5-10bp;gc_cont=0.448,ID=116_9;partial=00;start_type=ATG;rbs_motif=GGAG/GAGG;rbs_spacer=5-10bp;gc,13.0
DHMX01000005.1_30,C,C,C,G,ID=15_30;partial=00;start_type=ATG;rbs_motif=AGGAGG;rbs_spacer=5-10bp;gc_cont=0.400,ID=15_30;partial=00;start_type=ATG;rbs_motif=AGGAGG;rbs_spacer=5-10bp;gc,13.0
DIWE01000032.1_46,C,C,C,S,ID=30_46;partial=00;start_type=ATG;rbs_motif=GGAGG;rbs_spacer=5-10bp;gc_cont=0.579,ID=30_46;partial=00;start_type=ATG;rbs_motif=GGAGG;rbs_spacer=5-10bp;gc,14.0
DKEU01000071.1_5,C,C,C,S,ID=188_5;partial=00;start_type=ATG;rbs_motif=GGAG/GAGG;rbs_spacer=5-10bp;gc_cont=0.670,ID=188_5;partial=00;start_type=ATG;rbs_motif=GGAG/GAGG;rbs_spacer=5-10bp;gc,14.0
PAQV01000018.1_41,C,C,C,A,ID=17_41;partial=00;start_type=ATG;rbs_motif=AGGA;rbs_spacer=5-10bp;gc_cont=0.614,ID=17_41;partial=00;start_type=ATG;rbs_motif=AGGA;rbs_spacer=5-10bp;gc,13.0
PGZR01000154.1_1,C,C,C,S,ID=185_1;partial=00;start_type=ATG;rbs_motif=AGGAGG;rbs_spacer=5-10bp;gc_cont=0.473,ID=185_1;partial=00;start_type=ATG;rbs_motif=AGGAGG;rbs_spacer=5-10bp;gc,14.0
PKUF01000099.1_9,C,C,C,S,ID=129_9;partial=00;start_type=ATG;rbs_motif=AGGAG;rbs_spacer=5-10bp;gc_cont=0.560,ID=129_9;partial=00;start_type=ATG;rbs_motif=AGGAG;rbs_spacer=5-10bp;gc,14.0
PLAI01000141.1_62,C,C,C,A,ID=364_62;partial=00;start_type=ATG;rbs_motif=GGA/GAG/AGG;rbs_spacer=5-10bp;gc_cont=0.583,ID=364_62;partial=00;start_type=ATG;rbs_motif=GGA/GAG/AGG;rbs_spacer=5-10bp;gc,13.0
PMDM01000077.1_5,C,C,C,S,ID=135_5;partial=00;start_type=ATG;rbs_motif=AGGAG;rbs_spacer=5-10bp;gc_cont=0.469,ID=135_5;partial=00;start_type=ATG;rbs_motif=AGGAG;rbs_spacer=5-10bp;gc,14.0
PLSP01000031.1_7,C,C,C,S,ID=46_7;partial=00;start_type=ATG;rbs_motif=GGAG/GAGG;rbs_spacer=5-10bp;gc_cont=0.489,ID=46_7;partial=00;start_type=ATG;rbs_motif=GGAG/GAGG;rbs_spacer=5-10bp;gc,14.0
QJZR01000004.1_24,C,C,C,S,ID=17_24;partial=00;start_type=ATG;rbs_motif=AGGAG;rbs_spacer=5-10bp;gc_cont=0.629,ID=17_24;partial=00;start_type=ATG;rbs_motif=AGGAG;rbs_spacer=5-10bp;gc,14.0
QKEL01000008.1_529,C,C,C,S,ID=2_529;partial=00;start_type=ATG;rbs_motif=AGGAG;rbs_spacer=5-10bp;gc_cont=0.622,ID=2_529;partial=00;start_type=ATG;rbs_motif=AGGAG;rbs_spacer=5-10bp;gc,14.0
DPJA01000039.1_225,C,C,C,S,ID=40_225;partial=00;start_type=ATG;rbs_motif=AGGAGG;rbs_spacer=5-10bp;gc_cont=0.362,ID=40_225;partial=00;start_type=ATG;rbs_motif=AGGAGG;rbs_spacer=5-10bp;gc,14.0
NAUB01000026.1_143,C,C,C,S,ID=4_143;partial=00;start_type=ATG;rbs_motif=AGGAG;rbs_spacer=5-10bp;gc_cont=0.487,ID=4_143;partial=00;start_type=ATG;rbs_motif=AGGAG;rbs_spacer=5-10bp;gc,14.0
SCTQ01000281.1_1,C,C,C,A,ID=259_1;partial=00;start_type=ATG;rbs_motif=GGAG/GAGG;rbs_spacer=5-10bp;gc_cont=0.646,ID=259_1;partial=00;start_type=ATG;rbs_motif=GGAG/GAGG;rbs_spacer=5-10bp;gc,13.0
SZXV01000003.1_210,C,C,C,S,ID=2_210;partial=00;start_type=ATG;rbs_motif=None;rbs_spacer=None;gc_cont=0.519,ID=2_210;partial=00;start_type=ATG;rbs_motif=None;rbs_spacer=None;gc,14.0
REDL01000067.1_18,C,C,C,S,ID=87_18;partial=00;start_type=ATG;rbs_motif=AGGA;rbs_spacer=5-10bp;gc_cont=0.590,ID=87_18;partial=00;start_type=ATG;rbs_motif=AGGA;rbs_spacer=5-10bp;gc,14.0
WBOU01000025.1_34,C,C,C,S,ID=18_34;partial=00;start_type=ATG;rbs_motif=AGGAG;rbs_spacer=5-10bp;gc_cont=0.668,ID=18_34;partial=00;start_type=ATG;rbs_motif=AGGAG;rbs_spacer=5-10bp;gc,14.0
JAAAOQ010000017.1_17,C,C,C,S,ID=205_17;partial=00;start_type=ATG;rbs_motif=AGGAG;rbs_spacer=5-10bp;gc_cont=0.625,ID=205_17;partial=00;start_type=ATG;rbs_motif=AGGAG;rbs_spacer=5-10bp;gc,14.0
JAABTP010000024.1_24,C,C,C,S,ID=146_24;partial=00;start_type=ATG;rbs_motif=GGAG/GAGG;rbs_spacer=5-10bp;gc_cont=0.521,ID=146_24;partial=00;start_type=ATG;rbs_motif=GGAG/GAGG;rbs_spacer=5-10bp;gc,14.0
JAAUTD010000083.1_6,C,C,C,S,ID=130_6;partial=00;start_type=ATG;rbs_motif=GGAG/GAGG;rbs_spacer=5-10bp;gc_cont=0.560,ID=130_6;partial=00;start_type=ATG;rbs_motif=GGAG/GAGG;rbs_spacer=5-10bp;gc,14.0
JAAYNW010000080.1_38,C,C,C,G,ID=49_38;partial=00;start_type=GTG;rbs_motif=GGAGG;rbs_spacer=5-10bp;gc_cont=0.458,ID=49_38;partial=00;start_type=GTG;rbs_motif=GGAGG;rbs_spacer=5-10bp;gc,13.0
JABFRC010000182.1_5,C,C,C,S,ID=192_5;partial=00;start_type=ATG;rbs_motif=AGGAG;rbs_spacer=5-10bp;gc_cont=0.443,ID=192_5;partial=00;start_type=ATG;rbs_motif=AGGAG;rbs_spacer=5-10bp;gc,14.0
JABUEY010000013.1_5,C,C,C,S,ID=12_5;partial=00;start_type=ATG;rbs_motif=GGAG/GAGG;rbs_spacer=5-10bp;gc_cont=0.582,ID=12_5;partial=00;start_type=ATG;rbs_motif=GGAG/GAGG;rbs_spacer=5-10bp;gc,14.0
JAAXUU010000183.1_3,C,C,C,S,ID=101_3;partial=00;start_type=ATG;rbs_motif=AGGAGG;rbs_spacer=5-10bp;gc_cont=0.576,ID=101_3;partial=00;start_type=ATG;rbs_motif=AGGAGG;rbs_spacer=5-10bp;gc,14.0
JACDZG010000096.1_16,C,C,C,S,ID=69_16;partial=00;start_type=ATG;rbs_motif=AGGAG;rbs_spacer=5-10bp;gc_cont=0.597,ID=69_16;partial=00;start_type=ATG;rbs_motif=AGGAG;rbs_spacer=5-10bp;gc,14.0
JACMKN010000012.1_1,C,C,C,S,ID=168_1;partial=10;start_type=ATG;rbs_motif=AGGAG;rbs_spacer=5-10bp;gc_cont=0.586,ID=168_1;partial=10;start_type=ATG;rbs_motif=AGGAG;rbs_spacer=5-10bp;gc,14.0
SVDT01000061.1_7,C,C,C,S,ID=81_7;partial=00;start_type=ATG;rbs_motif=AGGAGG;rbs_spacer=5-10bp;gc_cont=0.451,ID=81_7;partial=00;start_type=ATG;rbs_motif=AGGAGG;rbs_spacer=5-10bp;gc,14.0
JADFZS010000089.1_10,C,C,C,S,ID=323_10;partial=00;start_type=ATG;rbs_motif=AGGAG;rbs_spacer=5-10bp;gc_cont=0.480,ID=323_10;partial=00;start_type=ATG;rbs_motif=AGGAG;rbs_spacer=5-10bp;gc,14.0
WFZW01000167.1_5,C,C,C,S,ID=167_5;partial=00;start_type=ATG;rbs_motif=AGGAG;rbs_spacer=5-10bp;gc_cont=0.530,ID=167_5;partial=00;start_type=ATG;rbs_motif=AGGAG;rbs_spacer=5-10bp;gc,14.0
JACOUQ010000027.1_54,C,C,C,S,ID=10_54;partial=00;start_type=ATG;rbs_motif=AGGAG;rbs_spacer=5-10bp;gc_cont=0.601,ID=10_54;partial=00;start_type=ATG;rbs_motif=AGGAG;rbs_spacer=5-10bp;gc,14.0
JACREW010000217.1_2,C,C,C,S,ID=156_2;partial=00;start_type=ATG;rbs_motif=GGAGG;rbs_spacer=5-10bp;gc_cont=0.508,ID=156_2;partial=00;start_type=ATG;rbs_motif=GGAGG;rbs_spacer=5-10bp;gc,14.0
JACREG010000092.1_4,C,C,C,A,ID=48_4;partial=00;start_type=ATG;rbs_motif=AGGAG;rbs_spacer=5-10bp;gc_cont=0.604,ID=48_4;partial=00;start_type=ATG;rbs_motif=AGGAG;rbs_spacer=5-10bp;gc,13.0
JACRAR010000026.1_34,C,C,C,S,ID=2_34;partial=00;start_type=ATG;rbs_motif=AGGAG;rbs_spacer=5-10bp;gc_cont=0.606,ID=2_34;partial=00;start_type=ATG;rbs_motif=AGGAG;rbs_spacer=5-10bp;gc,14.0
JAEESZ010000003.1_188,C,C,C,G,ID=14_188;partial=00;start_type=ATG;rbs_motif=AGGAG;rbs_spacer=5-10bp;gc_cont=0.409,ID=14_188;partial=00;start_type=ATG;rbs_motif=AGGAG;rbs_spacer=5-10bp;gc,13.0
JADJXQ010000026.1_53,C,C,C,A,ID=26_53;partial=00;start_type=ATG;rbs_motif=AGGAG;rbs_spacer=5-10bp;gc_cont=0.637,ID=26_53;partial=00;start_type=ATG;rbs_motif=AGGAG;rbs_spacer=5-10bp;gc,13.0
JADGDF010000152.1_8,C,C,C,S,ID=278_8;partial=00;start_type=ATG;rbs_motif=GGAG/GAGG;rbs_spacer=5-10bp;gc_cont=0.417,ID=278_8;partial=00;start_type=ATG;rbs_motif=GGAG/GAGG;rbs_spacer=5-10bp;gc,14.0
JAENZL010000011.1_66,C,C,C,S,ID=2_66;partial=00;start_type=ATG;rbs_motif=AGGAGG;rbs_spacer=5-10bp;gc_cont=0.539,ID=2_66;partial=00;start_type=ATG;rbs_motif=AGGAGG;rbs_spacer=5-10bp;gc,14.0
JAFGAQ010000442.1_4,C,C,C,S,ID=424_4;partial=00;start_type=ATG;rbs_motif=None;rbs_spacer=None;gc_cont=0.554,ID=424_4;partial=00;start_type=ATG;rbs_motif=None;rbs_spacer=None;gc,14.0
JABXKQ010000108.1_48,C,C,C,S,ID=66_48;partial=00;start_type=ATG;rbs_motif=GGAG/GAGG;rbs_spacer=5-10bp;gc_cont=0.461,ID=66_48;partial=00;start_type=ATG;rbs_motif=GGAG/GAGG;rbs_spacer=5-10bp;gc,14.0
JAFOTA010000076.1_6,C,C,C,G,ID=109_6;partial=00;start_type=ATG;rbs_motif=GGAG/GAGG;rbs_spacer=5-10bp;gc_cont=0.454,ID=109_6;partial=00;start_type=ATG;rbs_motif=GGAG/GAGG;rbs_spacer=5-10bp;gc,13.0
JAFUFU010000049.1_4,C,C,C,G,ID=54_4;partial=00;start_type=ATG;rbs_motif=GGAG/GAGG;rbs_spacer=5-10bp;gc_cont=0.481,ID=54_4;partial=00;start_type=ATG;rbs_motif=GGAG/GAGG;rbs_spacer=5-10bp;gc,13.0
JAFXMJ010000546.1_3,-,C,C,G,ID=566_3;partial=00;start_type=ATG;rbs_motif=TAAA;rbs_spacer=15bp;gc_cont=0.459,ID=566_3;partial=00;start_type=ATG;rbs_motif=TAAA;rbs_spacer=15bp;gc,9.0
JAFZQT010000099.1_8,C,C,C,G,ID=123_8;partial=00;start_type=ATG;rbs_motif=GGAGG;rbs_spacer=5-10bp;gc_cont=0.411,ID=123_8;partial=00;start_type=ATG;rbs_motif=GGAGG;rbs_spacer=5-10bp;gc,13.0
JAFNAB010000032.1_23,C,C,C,S,ID=219_23;partial=00;start_type=ATG;rbs_motif=GGAG/GAGG;rbs_spacer=5-10bp;gc_cont=0.631,ID=219_23;partial=00;start_type=ATG;rbs_motif=GGAG/GAGG;rbs_spacer=5-10bp;gc,14.0
JAFEDK010000030.1_49,C,C,C,S,ID=23_49;partial=00;start_type=ATG;rbs_motif=GGAG/GAGG;rbs_spacer=5-10bp;gc_cont=0.605,ID=23_49;partial=00;start_type=ATG;rbs_motif=GGAG/GAGG;rbs_spacer=5-10bp;gc,14.0
JAHIVT010000103.1_5,C,C,C,S,ID=159_5;partial=00;start_type=ATG;rbs_motif=GGAG/GAGG;rbs_spacer=5-10bp;gc_cont=0.584,ID=159_5;partial=00;start_type=ATG;rbs_motif=GGAG/GAGG;rbs_spacer=5-10bp;gc,14.0
JAHIND010000002.1_40,C,C,C,S,ID=12_40;partial=00;start_type=ATG;rbs_motif=AGGA;rbs_spacer=5-10bp;gc_cont=0.637,ID=12_40;partial=00;start_type=ATG;rbs_motif=AGGA;rbs_spacer=5-10bp;gc,14.0
JAHHHC010000005.1_32,C,C,C,S,ID=52_32;partial=00;start_type=ATG;rbs_motif=GGAG/GAGG;rbs_spacer=5-10bp;gc_cont=0.443,ID=52_32;partial=00;start_type=ATG;rbs_motif=GGAG/GAGG;rbs_spacer=5-10bp;gc,14.0
JAGVOT010000030.1_17,C,C,C,S,ID=87_17;partial=00;start_type=ATG;rbs_motif=GGAGG;rbs_spacer=5-10bp;gc_cont=0.591,ID=87_17;partial=00;start_type=ATG;rbs_motif=GGAGG;rbs_spacer=5-10bp;gc,14.0
JAGQRL010000254.1_14,C,C,C,A,ID=80_14;partial=00;start_type=ATG;rbs_motif=AGGA;rbs_spacer=5-10bp;gc_cont=0.653,ID=80_14;partial=00;start_type=ATG;rbs_motif=AGGA;rbs_spacer=5-10bp;gc,13.0
JAJTBB010000078.1_154,C,C,C,A,ID=49_154;partial=00;start_type=ATG;rbs_motif=AGGAG;rbs_spacer=5-10bp;gc_cont=0.619,ID=49_154;partial=00;start_type=ATG;rbs_motif=AGGAG;rbs_spacer=5-10bp;gc,13.0
JAJYDX010000001.1_211,C,C,C,S,ID=54_211;partial=00;start_type=ATG;rbs_motif=AGGAG;rbs_spacer=5-10bp;gc_cont=0.411,ID=54_211;partial=00;start_type=ATG;rbs_motif=AGGAG;rbs_spacer=5-10bp;gc,14.0
JAJXWD010000007.1_97,C,C,C,A,ID=29_97;partial=00;start_type=ATG;rbs_motif=GGA/GAG/AGG;rbs_spacer=5-10bp;gc_cont=0.554,ID=29_97;partial=00;start_type=ATG;rbs_motif=GGA/GAG/AGG;rbs_spacer=5-10bp;gc,13.0
JAJYYA010000020.1_6,C,C,C,A,ID=68_6;partial=00;start_type=ATG;rbs_motif=GGAG/GAGG;rbs_spacer=5-10bp;gc_cont=0.597,ID=68_6;partial=00;start_type=ATG;rbs_motif=GGAG/GAGG;rbs_spacer=5-10bp;gc,13.0
JAKAOK010000008.1_57,C,C,C,S,ID=36_57;partial=00;start_type=ATG;rbs_motif=AGGAGG;rbs_spacer=11-12bp;gc_cont=0.420,ID=36_57;partial=00;start_type=ATG;rbs_motif=AGGAGG;rbs_spacer=11-12bp;gc,14.0
JAKADN010000070.1_8,C,C,C,A,ID=82_8;partial=00;start_type=ATG;rbs_motif=GGAG/GAGG;rbs_spacer=5-10bp;gc_cont=0.608,ID=82_8;partial=00;start_type=ATG;rbs_motif=GGAG/GAGG;rbs_spacer=5-10bp;gc,13.0
JAKBYX010000015.1_33,C,C,C,S,ID=2_33;partial=00;start_type=ATG;rbs_motif=AGGAG;rbs_spacer=5-10bp;gc_cont=0.559,ID=2_33;partial=00;start_type=ATG;rbs_motif=AGGAG;rbs_spacer=5-10bp;gc,14.0
JAJDNY010000179.1_6,C,C,C,S,ID=5_6;partial=00;start_type=ATG;rbs_motif=GGA/GAG/AGG;rbs_spacer=5-10bp;gc_cont=0.657,ID=5_6;partial=00;start_type=ATG;rbs_motif=GGA/GAG/AGG;rbs_spacer=5-10bp;gc,14.0
JAFLSN010000013.1_37,C,C,C,G,ID=5_37;partial=00;start_type=ATG;rbs_motif=AGGAG;rbs_spacer=5-10bp;gc_cont=0.501,ID=5_37;partial=00;start_type=ATG;rbs_motif=AGGAG;rbs_spacer=5-10bp;gc,13.0
JAGLYT010000216.1_2,C,C,C,G,ID=131_2;partial=00;start_type=ATG;rbs_motif=AGGAGG;rbs_spacer=5-10bp;gc_cont=0.411,ID=131_2;partial=00;start_type=ATG;rbs_motif=AGGAGG;rbs_spacer=5-10bp;gc,13.0
JAHFQC010000014.1_62,C,C,C,S,ID=13_62;partial=00;start_type=ATG;rbs_motif=GGA/GAG/AGG;rbs_spacer=5-10bp;gc_cont=0.618,ID=13_62;partial=00;start_type=ATG;rbs_motif=GGA/GAG/AGG;rbs_spacer=5-10bp;gc,14.0
JAEWAX010000133.1_76,C,C,C,S,ID=137_76;partial=00;start_type=ATG;rbs_motif=GGAGG;rbs_spacer=5-10bp;gc_cont=0.374,ID=137_76;partial=00;start_type=ATG;rbs_motif=GGAGG;rbs_spacer=5-10bp;gc,14.0
JAEWUH010000073.1_12,C,C,C,G,ID=191_12;partial=00;start_type=ATG;rbs_motif=GGAG/GAGG;rbs_spacer=5-10bp;gc_cont=0.557,ID=191_12;partial=00;start_type=ATG;rbs_motif=GGAG/GAGG;rbs_spacer=5-10bp;gc,13.0
JAEYMU010000026.1_44,C,C,C,S,ID=53_44;partial=00;start_type=ATG;rbs_motif=GGAGG;rbs_spacer=5-10bp;gc_cont=0.489,ID=53_44;partial=00;start_type=ATG;rbs_motif=GGAGG;rbs_spacer=5-10bp;gc,14.0
JAEYNX010000015.1_31,C,C,C,S,ID=18_31;partial=00;start_type=ATG;rbs_motif=AGGA;rbs_spacer=5-10bp;gc_cont=0.588,ID=18_31;partial=00;start_type=ATG;rbs_motif=AGGA;rbs_spacer=5-10bp;gc,14.0
JAEZJK010000069.1_35,C,C,C,S,ID=51_35;partial=00;start_type=ATG;rbs_motif=AGGAGG;rbs_spacer=5-10bp;gc_cont=0.459,ID=51_35;partial=00;start_type=ATG;rbs_motif=AGGAGG;rbs_spacer=5-10bp;gc,14.0
JAFADH010000019.1_16,C,C,C,S,ID=2_16;partial=00;start_type=ATG;rbs_motif=AGGAGG;rbs_spacer=5-10bp;gc_cont=0.500,ID=2_16;partial=00;start_type=ATG;rbs_motif=AGGAGG;rbs_spacer=5-10bp;gc,14.0
JAEYRK010000002.1_3,C,C,C,S,ID=94_3;partial=00;start_type=ATG;rbs_motif=AGGAGG;rbs_spacer=5-10bp;gc_cont=0.500,ID=94_3;partial=00;start_type=ATG;rbs_motif=AGGAGG;rbs_spacer=5-10bp;gc,14.0
JAEXOY010000015.1_199,C,C,C,S,ID=15_199;partial=00;start_type=ATG;rbs_motif=GGAGG;rbs_spacer=5-10bp;gc_cont=0.418,ID=15_199;partial=00;start_type=ATG;rbs_motif=GGAGG;rbs_spacer=5-10bp;gc,14.0
JAEXPO010000687.1_1,C,C,C,G,ID=263_1;partial=10;start_type=ATG;rbs_motif=GGAG/GAGG;rbs_spacer=5-10bp;gc_cont=0.481,ID=263_1;partial=10;start_type=ATG;rbs_motif=GGAG/GAGG;rbs_spacer=5-10bp;gc,13.0
JAMDCP010000007.1_169,C,C,C,S,ID=8_169;partial=00;start_type=ATG;rbs_motif=GGAGG;rbs_spacer=5-10bp;gc_cont=0.429,ID=8_169;partial=00;start_type=ATG;rbs_motif=GGAGG;rbs_spacer=5-10bp;gc,14.0
JAJRUT010000135.1_7,C,C,C,S,ID=118_7;partial=00;start_type=ATG;rbs_motif=GGAG/GAGG;rbs_spacer=5-10bp;gc_cont=0.500,ID=118_7;partial=00;start_type=ATG;rbs_motif=GGAG/GAGG;rbs_spacer=5-10bp;gc,14.0
JAGXFL010000005.1_74,C,C,C,S,ID=9_74;partial=00;start_type=ATG;rbs_motif=GGA/GAG/AGG;rbs_spacer=5-10bp;gc_cont=0.433,ID=9_74;partial=00;start_type=ATG;rbs_motif=GGA/GAG/AGG;rbs_spacer=5-10bp;gc,14.0
JAILHV010000221.1_10,C,C,C,G,ID=82_10;partial=00;start_type=ATG;rbs_motif=AGxAGG/AGGxGG;rbs_spacer=5-10bp;gc_cont=0.432,ID=82_10;partial=00;start_type=ATG;rbs_motif=AGxAGG/AGGxGG;rbs_spacer=5-10bp;gc,13.0
CP092282.1_599,C,C,C,S,ID=1_599;partial=00;start_type=GTG;rbs_motif=AGGAGG;rbs_spacer=5-10bp;gc_cont=0.460,ID=1_599;partial=00;start_type=GTG;rbs_motif=AGGAGG;rbs_spacer=5-10bp;gc,14.0
OMQY01000199.1_12,C,C,C,G,ID=190_12;partial=00;start_type=ATG;rbs_motif=AGGAG/GGAGG;rbs_spacer=11-12bp;gc_cont=0.493,ID=190_12;partial=00;start_type=ATG;rbs_motif=AGGAG/GGAGG;rbs_spacer=11-12bp;gc,13.0
UEGQ01000002.1_61,C,C,C,A,ID=27_61;partial=00;start_type=ATG;rbs_motif=GGAGG;rbs_spacer=5-10bp;gc_cont=0.599,ID=27_61;partial=00;start_type=ATG;rbs_motif=GGAGG;rbs_spacer=5-10bp;gc,13.0
CACVCF010000223.1_144,C,C,C,S,ID=224_144;partial=00;start_type=ATG;rbs_motif=AGGAG;rbs_spacer=5-10bp;gc_cont=0.612,ID=224_144;partial=00;start_type=ATG;rbs_motif=AGGAG;rbs_spacer=5-10bp;gc,14.0
CACYCX010000089.1_4,C,C,C,G,ID=89_4;partial=00;start_type=ATG;rbs_motif=GGAG/GAGG;rbs_spacer=5-10bp;gc_cont=0.425,ID=89_4;partial=00;start_type=ATG;rbs_motif=GGAG/GAGG;rbs_spacer=5-10bp;gc,13.0
CACZPJ010000011.1_37,C,C,C,G,ID=11_37;partial=00;start_type=ATG;rbs_motif=AGGAGG;rbs_spacer=5-10bp;gc_cont=0.427,ID=11_37;partial=00;start_type=ATG;rbs_motif=AGGAGG;rbs_spacer=5-10bp;gc,13.0
CADBBB010000030.1_22,C,C,C,G,ID=30_22;partial=00;start_type=ATG;rbs_motif=AGGAG;rbs_spacer=5-10bp;gc_cont=0.517,ID=30_22;partial=00;start_type=ATG;rbs_motif=AGGAG;rbs_spacer=5-10bp;gc,13.0
CADCPU010000033.1_2,C,C,C,G,ID=33_2;partial=00;start_type=ATG;rbs_motif=GGAGG;rbs_spacer=5-10bp;gc_cont=0.458,ID=33_2;partial=00;start_type=ATG;rbs_motif=GGAGG;rbs_spacer=5-10bp;gc,13.0
CAIKVZ010000113.1_2,C,C,C,A,ID=113_2;partial=00;start_type=ATG;rbs_motif=GGAG/GAGG;rbs_spacer=5-10bp;gc_cont=0.613,ID=113_2;partial=00;start_type=ATG;rbs_motif=GGAG/GAGG;rbs_spacer=5-10bp;gc,13.0
CAINOC010000045.1_126,C,C,C,S,ID=45_126;partial=00;start_type=ATG;rbs_motif=None;rbs_spacer=None;gc_cont=0.509,ID=45_126;partial=00;start_type=ATG;rbs_motif=None;rbs_spacer=None;gc,14.0
CAIQMJ010000476.1_2,C,C,C,A,ID=476_2;partial=00;start_type=ATG;rbs_motif=GGAG/GAGG;rbs_spacer=5-10bp;gc_cont=0.640,ID=476_2;partial=00;start_type=ATG;rbs_motif=GGAG/GAGG;rbs_spacer=5-10bp;gc,13.0
CAISUK010000629.1_4,C,C,C,S,ID=629_4;partial=01;start_type=ATG;rbs_motif=AGGAG;rbs_spacer=5-10bp;gc_cont=0.569,ID=629_4;partial=01;start_type=ATG;rbs_motif=AGGAG;rbs_spacer=5-10bp;gc,14.0
CAIVDC010000144.1_24,C,C,C,S,ID=144_24;partial=00;start_type=ATG;rbs_motif=AGGAG;rbs_spacer=5-10bp;gc_cont=0.618,ID=144_24;partial=00;start_type=ATG;rbs_motif=AGGAG;rbs_spacer=5-10bp;gc,14.0
CAIYNU010000059.1_3,C,C,C,A,ID=59_3;partial=00;start_type=ATG;rbs_motif=GGAG/GAGG;rbs_spacer=5-10bp;gc_cont=0.602,ID=59_3;partial=00;start_type=ATG;rbs_motif=GGAG/GAGG;rbs_spacer=5-10bp;gc,13.0
CAJANN010000168.1_3,C,C,C,S,ID=168_3;partial=00;start_type=ATG;rbs_motif=AGGAG;rbs_spacer=5-10bp;gc_cont=0.604,ID=168_3;partial=00;start_type=ATG;rbs_motif=AGGAG;rbs_spacer=5-10bp;gc,14.0
CAJOLL010000010.1_12,C,C,C,G,ID=10_12;partial=00;start_type=ATG;rbs_motif=GGAGG;rbs_spacer=5-10bp;gc_cont=0.507,ID=10_12;partial=00;start_type=ATG;rbs_motif=GGAGG;rbs_spacer=5-10bp;gc,13.0
CAJXSL010000014.1_83,C,C,C,S,ID=14_83;partial=00;start_type=ATG;rbs_motif=AGGAG;rbs_spacer=5-10bp;gc_cont=0.596,ID=14_83;partial=00;start_type=ATG;rbs_motif=AGGAG;rbs_spacer=5-10bp;gc,14.0
CAMDGQ010000028.1_11,C,C,C,S,ID=28_11;partial=00;start_type=ATG;rbs_motif=AGGAG;rbs_spacer=5-10bp;gc_cont=0.600,ID=28_11;partial=00;start_type=ATG;rbs_motif=AGGAG;rbs_spacer=5-10bp;gc,14.0
NC_008609.1_3430,C,C,C,S,ID=1_3430;partial=00;start_type=ATG;rbs_motif=AGGAG;rbs_spacer=5-10bp;gc_cont=0.594,ID=1_3430;partial=00;start_type=ATG;rbs_motif=AGGAG;rbs_spacer=5-10bp;gc,14.0
NC_011026.1_1060,C,C,C,S,ID=1_1060;partial=00;start_type=ATG;rbs_motif=AGGA/GGAG/GAGG;rbs_spacer=11-12bp;gc_cont=0.482,ID=1_1060;partial=00;start_type=ATG;rbs_motif=AGGA/GGAG/GAGG;rbs_spacer=11-12bp;gc,14.0
NC_009464.1_1399,C,C,C,S,ID=1_1399;partial=00;start_type=ATG;rbs_motif=AGGAG;rbs_spacer=5-10bp;gc_cont=0.601,ID=1_1399;partial=00;start_type=ATG;rbs_motif=AGGAG;rbs_spacer=5-10bp;gc,14.0
NZ_CP020950.1_281,C,C,C,A,ID=4_281;partial=00;start_type=ATG;rbs_motif=GGA/GAG/AGG;rbs_spacer=5-10bp;gc_cont=0.592,ID=4_281;partial=00;start_type=ATG;rbs_motif=GGA/GAG/AGG;rbs_spacer=5-10bp;gc,13.0
NC_015172.1_2809,C,C,C,S,ID=1_2809;partial=00;start_type=ATG;rbs_motif=AGGAGG;rbs_spacer=5-10bp;gc_cont=0.474,ID=1_2809;partial=00;start_type=ATG;rbs_motif=AGGAGG;rbs_spacer=5-10bp;gc,14.0
NC_016641.1_2550,C,C,C,S,ID=1_2550;partial=00;start_type=ATG;rbs_motif=GGAGG;rbs_spacer=5-10bp;gc_cont=0.546,ID=1_2550;partial=00;start_type=ATG;rbs_motif=GGAGG;rbs_spacer=5-10bp;gc,14.0
NZ_AKVN02000001.1_4467,C,C,C,S,ID=1_4467;partial=00;start_type=ATG;rbs_motif=AGGAG;rbs_spacer=5-10bp;gc_cont=0.430,ID=1_4467;partial=00;start_type=ATG;rbs_motif=AGGAG;rbs_spacer=5-10bp;gc,14.0
NZ_CAJE01000024.1_43,C,C,C,S,ID=3_43;partial=00;start_type=ATG;rbs_motif=AGGAG;rbs_spacer=5-10bp;gc_cont=0.651,ID=3_43;partial=00;start_type=ATG;rbs_motif=AGGAG;rbs_spacer=5-10bp;gc,14.0
NC_020453.1_2239,C,C,C,A,ID=1_2239;partial=00;start_type=ATG;rbs_motif=GGAG/GAGG;rbs_spacer=5-10bp;gc_cont=0.617,ID=1_2239;partial=00;start_type=ATG;rbs_motif=GGAG/GAGG;rbs_spacer=5-10bp;gc,13.0
NZ_KB900674.1_135,C,C,C,S,ID=46_135;partial=00;start_type=ATG;rbs_motif=AGGAG;rbs_spacer=5-10bp;gc_cont=0.462,ID=46_135;partial=00;start_type=ATG;rbs_motif=AGGAG;rbs_spacer=5-10bp;gc,14.0
NZ_ATAY01000031.1_22,C,C,C,S,ID=31_22;partial=00;start_type=ATG;rbs_motif=AGGAGG;rbs_spacer=5-10bp;gc_cont=0.425,ID=31_22;partial=00;start_type=ATG;rbs_motif=AGGAGG;rbs_spacer=5-10bp;gc,14.0
NZ_AUFW01000017.1_139,C,C,C,S,ID=9_139;partial=00;start_type=ATG;rbs_motif=AGGAG;rbs_spacer=5-10bp;gc_cont=0.390,ID=9_139;partial=00;start_type=ATG;rbs_motif=AGGAG;rbs_spacer=5-10bp;gc,14.0
NZ_ASXP01000002.1_35,C,C,C,S,ID=2_35;partial=00;start_type=ATG;rbs_motif=AGGAG;rbs_spacer=5-10bp;gc_cont=0.480,ID=2_35;partial=00;start_type=ATG;rbs_motif=AGGAG;rbs_spacer=5-10bp;gc,14.0
NZ_AYWX01000023.1_12,C,C,C,A,ID=23_12;partial=00;start_type=ATG;rbs_motif=GGAG/GAGG;rbs_spacer=5-10bp;gc_cont=0.606,ID=23_12;partial=00;start_type=ATG;rbs_motif=GGAG/GAGG;rbs_spacer=5-10bp;gc,13.0
NZ_BAVR01000011.1_59,C,C,C,G,ID=185_59;partial=00;start_type=ATG;rbs_motif=AGGAGG;rbs_spacer=5-10bp;gc_cont=0.467,ID=185_59;partial=00;start_type=ATG;rbs_motif=AGGAGG;rbs_spacer=5-10bp;gc,13.0
NZ_JFZJ01000075.1_3,C,C,C,A,ID=75_3;partial=00;start_type=ATG;rbs_motif=GGA/GAG/AGG;rbs_spacer=5-10bp;gc_cont=0.595,ID=75_3;partial=00;start_type=ATG;rbs_motif=GGA/GAG/AGG;rbs_spacer=5-10bp;gc,13.0
NZ_CP022110.1_1036,C,C,C,A,ID=1_1036;partial=00;start_type=ATG;rbs_motif=GGA/GAG/AGG;rbs_spacer=5-10bp;gc_cont=0.642,ID=1_1036;partial=00;start_type=ATG;rbs_motif=GGA/GAG/AGG;rbs_spacer=5-10bp;gc,13.0
NZ_JSEH01000002.1_101,C,C,C,S,ID=2_101;partial=00;start_type=ATG;rbs_motif=AGGA;rbs_spacer=5-10bp;gc_cont=0.623,ID=2_101;partial=00;start_type=ATG;rbs_motif=AGGA;rbs_spacer=5-10bp;gc,14.0
NZ_BAZG01000015.1_36,C,C,C,S,ID=330_36;partial=00;start_type=ATG;rbs_motif=GGAGG;rbs_spacer=5-10bp;gc_cont=0.694,ID=330_36;partial=00;start_type=ATG;rbs_motif=GGAGG;rbs_spacer=5-10bp;gc,14.0
NZ_LFIP02000006.1_90,C,C,C,A,ID=6_90;partial=00;start_type=ATG;rbs_motif=AGGA;rbs_spacer=5-10bp;gc_cont=0.579,ID=6_90;partial=00;start_type=ATG;rbs_motif=AGGA;rbs_spacer=5-10bp;gc,13.0
NZ_LLXZ01000159.1_14,C,C,C,A,ID=159_14;partial=00;start_type=ATG;rbs_motif=GGA/GAG/AGG;rbs_spacer=5-10bp;gc_cont=0.583,ID=159_14;partial=00;start_type=ATG;rbs_motif=GGA/GAG/AGG;rbs_spacer=5-10bp;gc,13.0
NZ_BCWR01000011.1_157,C,C,C,A,ID=11_157;partial=00;start_type=ATG;rbs_motif=GGAG/GAGG;rbs_spacer=5-10bp;gc_cont=0.626,ID=11_157;partial=00;start_type=ATG;rbs_motif=GGAG/GAGG;rbs_spacer=5-10bp;gc,13.0
NZ_LYRP01000050.1_87,C,C,C,S,ID=50_87;partial=00;start_type=ATG;rbs_motif=GGAGG;rbs_spacer=5-10bp;gc_cont=0.509,ID=50_87;partial=00;start_type=ATG;rbs_motif=GGAGG;rbs_spacer=5-10bp;gc,14.0
NZ_MCNV01000028.1_20,C,C,C,A,ID=21_20;partial=00;start_type=ATG;rbs_motif=AGGAG;rbs_spacer=5-10bp;gc_cont=0.531,ID=21_20;partial=00;start_type=ATG;rbs_motif=AGGAG;rbs_spacer=5-10bp;gc,13.0
NZ_CP015455.1_977,C,C,C,S,ID=1_977;partial=00;start_type=ATG;rbs_motif=AGGAG;rbs_spacer=5-10bp;gc_cont=0.598,ID=1_977;partial=00;start_type=ATG;rbs_motif=AGGAG;rbs_spacer=5-10bp;gc,14.0
NZ_MZGV01000018.1_14,C,C,C,S,ID=18_14;partial=00;start_type=ATG;rbs_motif=AGGAGG;rbs_spacer=5-10bp;gc_cont=0.375,ID=18_14;partial=00;start_type=ATG;rbs_motif=AGGAGG;rbs_spacer=5-10bp;gc,14.0
NZ_CP022423.1_579,C,C,C,A,ID=1_579;partial=00;start_type=ATG;rbs_motif=GGAG/GAGG;rbs_spacer=5-10bp;gc_cont=0.621,ID=1_579;partial=00;start_type=ATG;rbs_motif=GGAG/GAGG;rbs_spacer=5-10bp;gc,13.0
NZ_AUUU01000066.1_19,C,C,C,S,ID=227_19;partial=00;start_type=ATG;rbs_motif=GGAGG;rbs_spacer=5-10bp;gc_cont=0.329,ID=227_19;partial=00;start_type=ATG;rbs_motif=GGAGG;rbs_spacer=5-10bp;gc,14.0
NZ_LODW01000108.1_3,C,C,C,A,ID=108_3;partial=00;start_type=ATG;rbs_motif=GGA/GAG/AGG;rbs_spacer=5-10bp;gc_cont=0.591,ID=108_3;partial=00;start_type=ATG;rbs_motif=GGA/GAG/AGG;rbs_spacer=5-10bp;gc,13.0
NZ_PZKF01000026.1_7,C,C,C,A,ID=26_7;partial=00;start_type=ATG;rbs_motif=AGGA;rbs_spacer=5-10bp;gc_cont=0.608,ID=26_7;partial=00;start_type=ATG;rbs_motif=AGGA;rbs_spacer=5-10bp;gc,13.0
NZ_QGLE01000002.1_393,C,C,C,A,ID=12_393;partial=00;start_type=ATG;rbs_motif=AGGA;rbs_spacer=5-10bp;gc_cont=0.628,ID=12_393;partial=00;start_type=ATG;rbs_motif=AGGA;rbs_spacer=5-10bp;gc,13.0
NZ_QMBP01000030.1_33,C,C,C,A,ID=23_33;partial=00;start_type=ATG;rbs_motif=GGAG/GAGG;rbs_spacer=5-10bp;gc_cont=0.583,ID=23_33;partial=00;start_type=ATG;rbs_motif=GGAG/GAGG;rbs_spacer=5-10bp;gc,13.0
NZ_AP017928.1_5262,C,C,C,A,ID=1_5262;partial=00;start_type=ATG;rbs_motif=GGAG/GAGG;rbs_spacer=5-10bp;gc_cont=0.556,ID=1_5262;partial=00;start_type=ATG;rbs_motif=GGAG/GAGG;rbs_spacer=5-10bp;gc,13.0
NZ_RQXT01000042.1_44,C,C,C,A,ID=241_44;partial=00;start_type=ATG;rbs_motif=GGAG/GAGG;rbs_spacer=5-10bp;gc_cont=0.591,ID=241_44;partial=00;start_type=ATG;rbs_motif=GGAG/GAGG;rbs_spacer=5-10bp;gc,13.0
NZ_RZNF01000007.1_248,C,C,C,A,ID=25_248;partial=00;start_type=ATG;rbs_motif=AGGA;rbs_spacer=5-10bp;gc_cont=0.606,ID=25_248;partial=00;start_type=ATG;rbs_motif=AGGA;rbs_spacer=5-10bp;gc,13.0
NZ_RAHW01000002.1_110,C,C,C,S,ID=11_110;partial=00;start_type=ATG;rbs_motif=AGGAG;rbs_spacer=5-10bp;gc_cont=0.617,ID=11_110;partial=00;start_type=ATG;rbs_motif=AGGAG;rbs_spacer=5-10bp;gc,14.0
NZ_SLUN01000019.1_25,C,C,C,S,ID=19_25;partial=00;start_type=ATG;rbs_motif=AGGAGG;rbs_spacer=5-10bp;gc_cont=0.555,ID=19_25;partial=00;start_type=ATG;rbs_motif=AGGAGG;rbs_spacer=5-10bp;gc,14.0
NZ_SPPK01000008.1_21,C,C,C,S,ID=158_21;partial=00;start_type=ATG;rbs_motif=TAAAAA;rbs_spacer=7bp;gc_cont=0.412,ID=158_21;partial=00;start_type=ATG;rbs_motif=TAAAAA;rbs_spacer=7bp;gc,14.0
NZ_CP050699.1_223,C,C,C,S,ID=1_223;partial=00;start_type=ATG;rbs_motif=GGA/GAG/AGG;rbs_spacer=5-10bp;gc_cont=0.523,ID=1_223;partial=00;start_type=ATG;rbs_motif=GGA/GAG/AGG;rbs_spacer=5-10bp;gc,14.0
NZ_VATK01000011.1_33,C,C,C,S,ID=10_33;partial=00;start_type=ATG;rbs_motif=AGxAGG/AGGxGG;rbs_spacer=5-10bp;gc_cont=0.369,ID=10_33;partial=00;start_type=ATG;rbs_motif=AGxAGG/AGGxGG;rbs_spacer=5-10bp;gc,14.0
NZ_VLKT01000071.1_23,C,C,C,A,ID=71_23;partial=00;start_type=ATG;rbs_motif=GGAG/GAGG;rbs_spacer=5-10bp;gc_cont=0.606,ID=71_23;partial=00;start_type=ATG;rbs_motif=GGAG/GAGG;rbs_spacer=5-10bp;gc,13.0
NZ_QOKV01000016.1_85,C,C,C,A,ID=7_85;partial=00;start_type=ATG;rbs_motif=AGGAG;rbs_spacer=5-10bp;gc_cont=0.631,ID=7_85;partial=00;start_type=ATG;rbs_motif=AGGAG;rbs_spacer=5-10bp;gc,13.0
NZ_CP045875.1_2190,C,C,C,S,ID=1_2190;partial=00;start_type=ATG;rbs_motif=AGGAGG;rbs_spacer=5-10bp;gc_cont=0.493,ID=1_2190;partial=00;start_type=ATG;rbs_motif=AGGAGG;rbs_spacer=5-10bp;gc,14.0
NZ_WVUD01000010.1_62,C,C,C,S,ID=11_62;partial=00;start_type=ATG;rbs_motif=AGGA;rbs_spacer=5-10bp;gc_cont=0.612,ID=11_62;partial=00;start_type=ATG;rbs_motif=AGGA;rbs_spacer=5-10bp;gc,14.0
NZ_JAAIJQ010000044.1_9,C,C,C,S,ID=328_9;partial=00;start_type=ATG;rbs_motif=AGGAG;rbs_spacer=5-10bp;gc_cont=0.616,ID=328_9;partial=00;start_type=ATG;rbs_motif=AGGAG;rbs_spacer=5-10bp;gc,14.0
NZ_CP051206.1_470,C,C,C,S,ID=1_470;partial=00;start_type=ATG;rbs_motif=GGAG/GAGG;rbs_spacer=5-10bp;gc_cont=0.439,ID=1_470;partial=00;start_type=ATG;rbs_motif=GGAG/GAGG;rbs_spacer=5-10bp;gc,14.0
NZ_JABFDM010000023.1_42,C,C,C,A,ID=16_42;partial=00;start_type=ATG;rbs_motif=GGAG/GAGG;rbs_spacer=5-10bp;gc_cont=0.621,ID=16_42;partial=00;start_type=ATG;rbs_motif=GGAG/GAGG;rbs_spacer=5-10bp;gc,13.0
NZ_CP041240.1_233,C,C,C,A,ID=3_233;partial=00;start_type=ATG;rbs_motif=GGAG/GAGG;rbs_spacer=5-10bp;gc_cont=0.594,ID=3_233;partial=00;start_type=ATG;rbs_motif=GGAG/GAGG;rbs_spacer=5-10bp;gc,13.0
NZ_JACIIZ010000017.1_145,C,C,C,A,ID=17_145;partial=00;start_type=ATG;rbs_motif=GGA/GAG/AGG;rbs_spacer=5-10bp;gc_cont=0.634,ID=17_145;partial=00;start_type=ATG;rbs_motif=GGA/GAG/AGG;rbs_spacer=5-10bp;gc,13.0
NZ_JACJPV010000015.1_74,C,C,C,S,ID=7_74;partial=00;start_type=ATG;rbs_motif=GGAG/GAGG;rbs_spacer=5-10bp;gc_cont=0.425,ID=7_74;partial=00;start_type=ATG;rbs_motif=GGAG/GAGG;rbs_spacer=5-10bp;gc,14.0
NZ_JHQS01000013.1_63,C,C,C,A,ID=75_63;partial=00;start_type=ATG;rbs_motif=GGAG/GAGG;rbs_spacer=5-10bp;gc_cont=0.604,ID=75_63;partial=00;start_type=ATG;rbs_motif=GGAG/GAGG;rbs_spacer=5-10bp;gc,13.0
NZ_WIQM01000016.1_509,C,C,C,S,ID=1_509;partial=00;start_type=ATG;rbs_motif=GGAG/GAGG;rbs_spacer=5-10bp;gc_cont=0.444,ID=1_509;partial=00;start_type=ATG;rbs_motif=GGAG/GAGG;rbs_spacer=5-10bp;gc,14.0
NZ_CP067041.1_1251,C,C,C,A,ID=1_1251;partial=00;start_type=ATG;rbs_motif=AGGA;rbs_spacer=5-10bp;gc_cont=0.582,ID=1_1251;partial=00;start_type=ATG;rbs_motif=AGGA;rbs_spacer=5-10bp;gc,13.0
NZ_CP033381.1_3993,C,C,C,S,ID=1_3993;partial=00;start_type=ATG;rbs_motif=AGGAG;rbs_spacer=5-10bp;gc_cont=0.485,ID=1_3993;partial=00;start_type=ATG;rbs_motif=AGGAG;rbs_spacer=5-10bp;gc,14.0
NZ_JAAKGC010000011.1_21,C,C,C,S,ID=79_21;partial=00;start_type=ATG;rbs_motif=GGA/GAG/AGG;rbs_spacer=5-10bp;gc_cont=0.439,ID=79_21;partial=00;start_type=ATG;rbs_motif=GGA/GAG/AGG;rbs_spacer=5-10bp;gc,14.0
NZ_JAGQDE010000023.1_4,C,C,C,A,ID=15_4;partial=00;start_type=ATG;rbs_motif=GGAG/GAGG;rbs_spacer=5-10bp;gc_cont=0.640,ID=15_4;partial=00;start_type=ATG;rbs_motif=GGAG/GAGG;rbs_spacer=5-10bp;gc,13.0
NZ_JAHDYS010000007.1_68,C,C,C,S,ID=58_68;partial=00;start_type=ATG;rbs_motif=AGGAG;rbs_spacer=5-10bp;gc_cont=0.545,ID=58_68;partial=00;start_type=ATG;rbs_motif=AGGAG;rbs_spacer=5-10bp;gc,14.0
NZ_JAHRGL010000020.1_32,C,C,C,S,ID=20_32;partial=00;start_type=ATG;rbs_motif=AGGAG;rbs_spacer=5-10bp;gc_cont=0.615,ID=20_32;partial=00;start_type=ATG;rbs_motif=AGGAG;rbs_spacer=5-10bp;gc,14.0
NZ_JAAHBQ010000054.1_20,C,C,C,S,ID=56_20;partial=00;start_type=ATG;rbs_motif=AGGAG;rbs_spacer=5-10bp;gc_cont=0.452,ID=56_20;partial=00;start_type=ATG;rbs_motif=AGGAG;rbs_spacer=5-10bp;gc,14.0
NZ_WJBI01000001.1_574,C,C,C,S,ID=25_574;partial=00;start_type=ATG;rbs_motif=AGGAGG;rbs_spacer=5-10bp;gc_cont=0.513,ID=25_574;partial=00;start_type=ATG;rbs_motif=AGGAGG;rbs_spacer=5-10bp;gc,14.0
NZ_JACBFQ010000014.1_134,C,C,C,A,ID=5_134;partial=00;start_type=ATG;rbs_motif=GGA/GAG/AGG;rbs_spacer=5-10bp;gc_cont=0.621,ID=5_134;partial=00;start_type=ATG;rbs_motif=GGA/GAG/AGG;rbs_spacer=5-10bp;gc,13.0
NZ_JAKNBL010000052.1_15,C,C,C,S,ID=48_15;partial=00;start_type=ATG;rbs_motif=AGGAG;rbs_spacer=5-10bp;gc_cont=0.519,ID=48_15;partial=00;start_type=ATG;rbs_motif=AGGAG;rbs_spacer=5-10bp;gc,14.0
NZ_JADPKA010000016.1_35,C,C,C,A,ID=36_35;partial=00;start_type=ATG;rbs_motif=GGA/GAG/AGG;rbs_spacer=5-10bp;gc_cont=0.570,ID=36_35;partial=00;start_type=ATG;rbs_motif=GGA/GAG/AGG;rbs_spacer=5-10bp;gc,13.0
NZ_JAMHFY010000004.1_43,C,C,C,S,ID=44_43;partial=00;start_type=ATG;rbs_motif=AGGA;rbs_spacer=5-10bp;gc_cont=0.464,ID=44_43;partial=00;start_type=ATG;rbs_motif=AGGA;rbs_spacer=5-10bp;gc,14.0
NZ_JANIBL010000026.1_15,C,C,C,S,ID=26_15;partial=00;start_type=ATG;rbs_motif=AGGAG;rbs_spacer=5-10bp;gc_cont=0.489,ID=26_15;partial=00;start_type=ATG;rbs_motif=AGGAG;rbs_spacer=5-10bp;gc,14.0
NZ_FMAJ01000062.1_1,C,C,C,A,ID=1_1;partial=01;start_type=ATG;rbs_motif=GGA/GAG/AGG;rbs_spacer=5-10bp;gc_cont=0.578,ID=1_1;partial=01;start_type=ATG;rbs_motif=GGA/GAG/AGG;rbs_spacer=5-10bp;gc,13.0
NZ_FNHB01000005.1_236,C,C,C,S,ID=4_236;partial=00;start_type=ATG;rbs_motif=AGGAG;rbs_spacer=5-10bp;gc_cont=0.492,ID=4_236;partial=00;start_type=ATG;rbs_motif=AGGAG;rbs_spacer=5-10bp;gc,14.0
NZ_FOFU01000003.1_132,C,C,C,G,ID=11_132;partial=00;start_type=ATG;rbs_motif=AGGAG;rbs_spacer=5-10bp;gc_cont=0.410,ID=11_132;partial=00;start_type=ATG;rbs_motif=AGGAG;rbs_spacer=5-10bp;gc,13.0
NZ_FPAU01000001.1_1273,C,C,C,S,ID=6_1273;partial=00;start_type=ATG;rbs_motif=GGAGG;rbs_spacer=5-10bp;gc_cont=0.550,ID=6_1273;partial=00;start_type=ATG;rbs_motif=GGAGG;rbs_spacer=5-10bp;gc,14.0
NZ_FRAR01000012.1_96,C,C,C,S,ID=14_96;partial=00;start_type=ATG;rbs_motif=AGGAGG;rbs_spacer=5-10bp;gc_cont=0.482,ID=14_96;partial=00;start_type=ATG;rbs_motif=AGGAGG;rbs_spacer=5-10bp;gc,14.0
NZ_FUWR01000012.1_79,C,C,C,S,ID=33_79;partial=00;start_type=ATG;rbs_motif=AGGAG;rbs_spacer=5-10bp;gc_cont=0.544,ID=33_79;partial=00;start_type=ATG;rbs_motif=AGGAG;rbs_spacer=5-10bp;gc,14.0
NZ_FZQR01000063.1_2,C,C,C,A,ID=196_2;partial=00;start_type=ATG;rbs_motif=GGAG/GAGG;rbs_spacer=5-10bp;gc_cont=0.601,ID=196_2;partial=00;start_type=ATG;rbs_motif=GGAG/GAGG;rbs_spacer=5-10bp;gc,13.0
NZ_CABDUX010000001.1_965,C,C,C,G,ID=1_965;partial=00;start_type=ATG;rbs_motif=AGGAG;rbs_spacer=5-10bp;gc_cont=0.643,ID=1_965;partial=00;start_type=ATG;rbs_motif=AGGAG;rbs_spacer=5-10bp;gc,13.0
LUZT01000006.1_400,C,C,C,S,ID=10_400;partial=00;start_type=ATG;rbs_motif=None;rbs_spacer=None;gc_cont=0.603,ID=10_400;partial=00;start_type=ATG;rbs_motif=None;rbs_spacer=None;gc,14.0
JAAXXR010000070.1_7,C,C,C,S,ID=100_7;partial=00;start_type=ATG;rbs_motif=None;rbs_spacer=None;gc_cont=0.576,ID=100_7;partial=00;start_type=ATG;rbs_motif=None;rbs_spacer=None;gc,14.0
JAEWCY010000132.1_47,C,C,C,S,ID=273_47;partial=00;start_type=ATG;rbs_motif=AGGA;rbs_spacer=5-10bp;gc_cont=0.644,ID=273_47;partial=00;start_type=ATG;rbs_motif=AGGA;rbs_spacer=5-10bp;gc,14.0
JAFADI010000210.1_13,C,C,C,S,ID=248_13;partial=00;start_type=ATG;rbs_motif=AGGA;rbs_spacer=5-10bp;gc_cont=0.526,ID=248_13;partial=00;start_type=ATG;rbs_motif=AGGA;rbs_spacer=5-10bp;gc,14.0
NC_014034.1_584,C,C,C,S,ID=1_584;partial=00;start_type=ATG;rbs_motif=AGGA;rbs_spacer=5-10bp;gc_cont=0.601,ID=1_584;partial=00;start_type=ATG;rbs_motif=AGGA;rbs_spacer=5-10bp;gc,14.0
NZ_CM001857.1_2654,C,C,C,S,ID=1_2654;partial=00;start_type=ATG;rbs_motif=AGGAG;rbs_spacer=5-10bp;gc_cont=0.604,ID=1_2654;partial=00;start_type=ATG;rbs_motif=AGGAG;rbs_spacer=5-10bp;gc,14.0
NZ_MLJI01000002.1_203,C,C,C,S,ID=2_203;partial=00;start_type=ATG;rbs_motif=GGA/GAG/AGG;rbs_spacer=5-10bp;gc_cont=0.540,ID=2_203;partial=00;start_type=ATG;rbs_motif=GGA/GAG/AGG;rbs_spacer=5-10bp;gc,14.0
NZ_VFOF01000001.1_273,C,C,C,S,ID=1_273;partial=00;start_type=ATG;rbs_motif=GGA/GAG/AGG;rbs_spacer=5-10bp;gc_cont=0.464,ID=1_273;partial=00;start_type=ATG;rbs_motif=GGA/GAG/AGG;rbs_spacer=5-10bp;gc,14.0
NZ_CP075169.1_88,C,C,C,S,ID=1_88;partial=00;start_type=ATG;rbs_motif=GGAG/GAGG;rbs_spacer=5-10bp;gc_cont=0.551,ID=1_88;partial=00;start_type=ATG;rbs_motif=GGAG/GAGG;rbs_spacer=5-10bp;gc,14.0
NZ_FQZD01000006.1_94,C,C,C,S,ID=6_94;partial=00;start_type=ATG;rbs_motif=AGGA;rbs_spacer=5-10bp;gc_cont=0.479,ID=6_94;partial=00;start_type=ATG;rbs_motif=AGGA;rbs_spacer=5-10bp;gc,14.0
JAATGT010000298.1_6,C,C,C,S,ID=42_6;partial=00;start_type=ATG;rbs_motif=TAA;rbs_spacer=11bp;gc_cont=0.407,ID=42_6;partial=00;start_type=ATG;rbs_motif=TAA;rbs_spacer=11bp;gc,14.0
NZ_SSOC01000003.1_582,C,C,C,S,ID=3_582;partial=00;start_type=ATG;rbs_motif=GGAG/GAGG;rbs_spacer=5-10bp;gc_cont=0.624,ID=3_582;partial=00;start_type=ATG;rbs_motif=GGAG/GAGG;rbs_spacer=5-10bp;gc,14.0
NC_021149.1_242,C,C,C,S,ID=1_242;partial=00;start_type=ATG;rbs_motif=AGGAG;rbs_spacer=5-10bp;gc_cont=0.639,ID=1_242;partial=00;start_type=ATG;rbs_motif=AGGAG;rbs_spacer=5-10bp;gc,14.0
DISD01000051.1_27,C,C,C,S,ID=54_27;partial=00;start_type=ATG;rbs_motif=AGGAG;rbs_spacer=5-10bp;gc_cont=0.592,ID=54_27;partial=00;start_type=ATG;rbs_motif=AGGAG;rbs_spacer=5-10bp;gc,14.0
JNJK01000002.1_266,C,C,C,G,ID=2_266;partial=00;start_type=ATG;rbs_motif=AGGAGG;rbs_spacer=5-10bp;gc_cont=0.450,ID=2_266;partial=00;start_type=ATG;rbs_motif=AGGAGG;rbs_spacer=5-10bp;gc,13.0
LADS01000004.1_71,C,C,C,S,ID=33_71;partial=00;start_type=ATG;rbs_motif=GGA/GAG/AGG;rbs_spacer=5-10bp;gc_cont=0.576,ID=33_71;partial=00;start_type=ATG;rbs_motif=GGA/GAG/AGG;rbs_spacer=5-10bp;gc,14.0
LVAE01000048.1_48,C,C,C,G,ID=31_48;partial=00;start_type=ATG;rbs_motif=GGAG/GAGG;rbs_spacer=5-10bp;gc_cont=0.487,ID=31_48;partial=00;start_type=ATG;rbs_motif=GGAG/GAGG;rbs_spacer=5-10bp;gc,13.0
MFNE01000038.1_25,C,C,C,S,ID=38_25;partial=00;start_type=ATG;rbs_motif=AGGAG;rbs_spacer=3-4bp;gc_cont=0.496,ID=38_25;partial=00;start_type=ATG;rbs_motif=AGGAG;rbs_spacer=3-4bp;gc,14.0
MIAN01000268.1_28,C,C,C,S,ID=268_28;partial=00;start_type=ATG;rbs_motif=AGGAG;rbs_spacer=5-10bp;gc_cont=0.354,ID=268_28;partial=00;start_type=ATG;rbs_motif=AGGAG;rbs_spacer=5-10bp;gc,14.0
NEED01000049.1_254,C,C,C,S,ID=49_254;partial=00;start_type=ATG;rbs_motif=AGGAG;rbs_spacer=5-10bp;gc_cont=0.441,ID=49_254;partial=00;start_type=ATG;rbs_motif=AGGAG;rbs_spacer=5-10bp;gc,14.0
DBTL01000044.1_76,C,C,C,S,ID=159_76;partial=00;start_type=ATG;rbs_motif=TAA;rbs_spacer=12bp;gc_cont=0.428,ID=159_76;partial=00;start_type=ATG;rbs_motif=TAA;rbs_spacer=12bp;gc,14.0
DDQW01000093.1_15,C,C,C,S,ID=82_15;partial=00;start_type=ATG;rbs_motif=AGGAG;rbs_spacer=5-10bp;gc_cont=0.383,ID=82_15;partial=00;start_type=ATG;rbs_motif=AGGAG;rbs_spacer=5-10bp;gc,14.0
DFKO01000041.1_7,C,C,C,G,ID=15_7;partial=00;start_type=ATG;rbs_motif=AGGAGG;rbs_spacer=5-10bp;gc_cont=0.425,ID=15_7;partial=00;start_type=ATG;rbs_motif=AGGAGG;rbs_spacer=5-10bp;gc,13.0
DHQI01000129.1_14,C,C,C,S,ID=71_14;partial=00;start_type=ATG;rbs_motif=AAAAA;rbs_spacer=8bp;gc_cont=0.423,ID=71_14;partial=00;start_type=ATG;rbs_motif=AAAAA;rbs_spacer=8bp;gc,14.0
DINM01000099.1_5,C,C,C,S,ID=129_5;partial=00;start_type=ATG;rbs_motif=AGGAG;rbs_spacer=5-10bp;gc_cont=0.575,ID=129_5;partial=00;start_type=ATG;rbs_motif=AGGAG;rbs_spacer=5-10bp;gc,14.0
DKQK01000029.1_124,C,C,C,S,ID=32_124;partial=00;start_type=ATG;rbs_motif=AGGAG;rbs_spacer=5-10bp;gc_cont=0.501,ID=32_124;partial=00;start_type=ATG;rbs_motif=AGGAG;rbs_spacer=5-10bp;gc,14.0
NVXR01000005.1_144,C,C,C,S,ID=6_144;partial=00;start_type=ATG;rbs_motif=GGA/GAG/AGG;rbs_spacer=11-12bp;gc_cont=0.478,ID=6_144;partial=00;start_type=ATG;rbs_motif=GGA/GAG/AGG;rbs_spacer=11-12bp;gc,14.0
PGZV01000004.1_92,C,C,C,S,ID=14_92;partial=00;start_type=ATG;rbs_motif=AGGAG;rbs_spacer=5-10bp;gc_cont=0.415,ID=14_92;partial=00;start_type=ATG;rbs_motif=AGGAG;rbs_spacer=5-10bp;gc,14.0
PKUG01000177.1_11,C,C,C,S,ID=25_11;partial=00;start_type=ATG;rbs_motif=AGGAG;rbs_spacer=5-10bp;gc_cont=0.564,ID=25_11;partial=00;start_type=ATG;rbs_motif=AGGAG;rbs_spacer=5-10bp;gc,14.0
PLAY01000022.1_14,C,C,C,S,ID=85_14;partial=00;start_type=ATG;rbs_motif=None;rbs_spacer=None;gc_cont=0.587,ID=85_14;partial=00;start_type=ATG;rbs_motif=None;rbs_spacer=None;gc,14.0
PMGP01000092.1_5,C,C,C,A,ID=100_5;partial=00;start_type=ATG;rbs_motif=AGGAG;rbs_spacer=5-10bp;gc_cont=0.539,ID=100_5;partial=00;start_type=ATG;rbs_motif=AGGAG;rbs_spacer=5-10bp;gc,13.0
QKDG01000042.1_4,C,C,C,S,ID=145_4;partial=00;start_type=ATG;rbs_motif=GGAGG;rbs_spacer=5-10bp;gc_cont=0.407,ID=145_4;partial=00;start_type=ATG;rbs_motif=GGAGG;rbs_spacer=5-10bp;gc,14.0
POSG01000002.1_349,C,C,C,S,ID=2_349;partial=00;start_type=ATG;rbs_motif=AGGAG;rbs_spacer=5-10bp;gc_cont=0.576,ID=2_349;partial=00;start_type=ATG;rbs_motif=AGGAG;rbs_spacer=5-10bp;gc,14.0
RHLS01000040.1_11,C,C,C,S,ID=86_11;partial=00;start_type=ATG;rbs_motif=AGGAG;rbs_spacer=5-10bp;gc_cont=0.617,ID=86_11;partial=00;start_type=ATG;rbs_motif=AGGAG;rbs_spacer=5-10bp;gc,14.0
SEYW01000003.1_191,C,C,C,A,ID=30_191;partial=00;start_type=ATG;rbs_motif=GGAG/GAGG;rbs_spacer=5-10bp;gc_cont=0.596,ID=30_191;partial=00;start_type=ATG;rbs_motif=GGAG/GAGG;rbs_spacer=5-10bp;gc,13.0
SCTW01000147.1_10,C,C,C,S,ID=126_10;partial=00;start_type=ATG;rbs_motif=AGGAG;rbs_spacer=5-10bp;gc_cont=0.471,ID=126_10;partial=00;start_type=ATG;rbs_motif=AGGAG;rbs_spacer=5-10bp;gc,14.0
SZXW01000010.1_275,C,C,C,S,ID=1_275;partial=00;start_type=ATG;rbs_motif=None;rbs_spacer=None;gc_cont=0.573,ID=1_275;partial=00;start_type=ATG;rbs_motif=None;rbs_spacer=None;gc,14.0
REDK01000175.1_10,C,C,C,S,ID=94_10;partial=00;start_type=ATG;rbs_motif=AGGAG;rbs_spacer=5-10bp;gc_cont=0.599,ID=94_10;partial=00;start_type=ATG;rbs_motif=AGGAG;rbs_spacer=5-10bp;gc,14.0
PYCK01000054.1_5,C,C,C,S,ID=208_5;partial=00;start_type=ATG;rbs_motif=AGGAGG;rbs_spacer=5-10bp;gc_cont=0.484,ID=208_5;partial=00;start_type=ATG;rbs_motif=AGGAGG;rbs_spacer=5-10bp;gc,14.0
JAAAOM010000072.1_6,C,C,C,S,ID=31_6;partial=00;start_type=ATG;rbs_motif=TAAA;rbs_spacer=11bp;gc_cont=0.474,ID=31_6;partial=00;start_type=ATG;rbs_motif=TAAA;rbs_spacer=11bp;gc,14.0
JAABTD010000050.1_23,C,C,C,S,ID=433_23;partial=00;start_type=ATG;rbs_motif=AGGAG;rbs_spacer=5-10bp;gc_cont=0.631,ID=433_23;partial=00;start_type=ATG;rbs_motif=AGGAG;rbs_spacer=5-10bp;gc,14.0
JAAUSZ010000160.1_12,C,C,C,S,ID=118_12;partial=00;start_type=ATG;rbs_motif=AGGAG;rbs_spacer=5-10bp;gc_cont=0.586,ID=118_12;partial=00;start_type=ATG;rbs_motif=AGGAG;rbs_spacer=5-10bp;gc,14.0
JAAYAG010000022.1_7,C,C,C,S,ID=5_7;partial=00;start_type=ATG;rbs_motif=TAA;rbs_spacer=11bp;gc_cont=0.469,ID=5_7;partial=00;start_type=ATG;rbs_motif=TAA;rbs_spacer=11bp;gc,14.0
JABFQX010000009.1_22,C,C,C,S,ID=80_22;partial=00;start_type=ATG;rbs_motif=AGGAG;rbs_spacer=5-10bp;gc_cont=0.451,ID=80_22;partial=00;start_type=ATG;rbs_motif=AGGAG;rbs_spacer=5-10bp;gc,14.0
DUKH01000219.1_7,C,C,C,S,ID=7_7;partial=00;start_type=ATG;rbs_motif=AGGAGG;rbs_spacer=5-10bp;gc_cont=0.543,ID=7_7;partial=00;start_type=ATG;rbs_motif=AGGAGG;rbs_spacer=5-10bp;gc,14.0
JAAXUP010000107.1_5,C,C,C,S,ID=201_5;partial=00;start_type=ATG;rbs_motif=AGGAG;rbs_spacer=5-10bp;gc_cont=0.477,ID=201_5;partial=00;start_type=ATG;rbs_motif=AGGAG;rbs_spacer=5-10bp;gc,14.0
QBUV01000135.1_11,C,C,C,S,ID=176_11;partial=00;start_type=ATG;rbs_motif=GGAG/GAGG;rbs_spacer=5-10bp;gc_cont=0.552,ID=176_11;partial=00;start_type=ATG;rbs_motif=GGAG/GAGG;rbs_spacer=5-10bp;gc,14.0
JACMJL010000081.1_12,C,C,C,S,ID=143_12;partial=00;start_type=GTG;rbs_motif=GGAGG;rbs_spacer=5-10bp;gc_cont=0.362,ID=143_12;partial=00;start_type=GTG;rbs_motif=GGAGG;rbs_spacer=5-10bp;gc,14.0
SVCL01000141.1_10,C,C,C,G,ID=126_10;partial=00;start_type=ATG;rbs_motif=AGGAGG;rbs_spacer=5-10bp;gc_cont=0.306,ID=126_10;partial=00;start_type=ATG;rbs_motif=AGGAGG;rbs_spacer=5-10bp;gc,13.0
JADFZQ010000002.1_174,C,C,C,S,ID=22_174;partial=00;start_type=ATG;rbs_motif=GGA/GAG/AGG;rbs_spacer=5-10bp;gc_cont=0.410,ID=22_174;partial=00;start_type=ATG;rbs_motif=GGA/GAG/AGG;rbs_spacer=5-10bp;gc,14.0
WFVQ01000026.1_2,C,C,C,S,ID=26_2;partial=00;start_type=ATG;rbs_motif=AGGAG;rbs_spacer=5-10bp;gc_cont=0.523,ID=26_2;partial=00;start_type=ATG;rbs_motif=AGGAG;rbs_spacer=5-10bp;gc,14.0
JACOUB010000010.1_9,C,C,C,A,ID=19_9;partial=00;start_type=ATG;rbs_motif=AGGAG;rbs_spacer=5-10bp;gc_cont=0.592,ID=19_9;partial=00;start_type=ATG;rbs_motif=AGGAG;rbs_spacer=5-10bp;gc,13.0
JACRDF010000024.1_65,C,C,C,S,ID=15_65;partial=00;start_type=ATG;rbs_motif=AGGA;rbs_spacer=5-10bp;gc_cont=0.569,ID=15_65;partial=00;start_type=ATG;rbs_motif=AGGA;rbs_spacer=5-10bp;gc,14.0
JACRDM010000046.1_9,C,C,C,S,ID=5_9;partial=00;start_type=ATG;rbs_motif=AGGAG;rbs_spacer=5-10bp;gc_cont=0.502,ID=5_9;partial=00;start_type=ATG;rbs_motif=AGGAG;rbs_spacer=5-10bp;gc,14.0
JAEEWG010000012.1_21,C,C,C,G,ID=39_21;partial=00;start_type=ATG;rbs_motif=GGAGG;rbs_spacer=5-10bp;gc_cont=0.492,ID=39_21;partial=00;start_type=ATG;rbs_motif=GGAGG;rbs_spacer=5-10bp;gc,13.0
CP050890.1_1949,C,C,C,S,ID=1_1949;partial=00;start_type=ATG;rbs_motif=AGGAG;rbs_spacer=5-10bp;gc_cont=0.570,ID=1_1949;partial=00;start_type=ATG;rbs_motif=AGGAG;rbs_spacer=5-10bp;gc,14.0
JAENYV010000001.1_353,C,C,C,S,ID=30_353;partial=00;start_type=ATG;rbs_motif=AGGAGG;rbs_spacer=5-10bp;gc_cont=0.539,ID=30_353;partial=00;start_type=ATG;rbs_motif=AGGAGG;rbs_spacer=5-10bp;gc,14.0
JAFGRW010000109.1_12,C,C,C,S,ID=11_12;partial=00;start_type=ATG;rbs_motif=AGGAGG;rbs_spacer=5-10bp;gc_cont=0.450,ID=11_12;partial=00;start_type=ATG;rbs_motif=AGGAGG;rbs_spacer=5-10bp;gc,14.0
JABXKL010000004.1_55,C,C,C,S,ID=4_55;partial=00;start_type=ATG;rbs_motif=GGAG/GAGG;rbs_spacer=5-10bp;gc_cont=0.455,ID=4_55;partial=00;start_type=ATG;rbs_motif=GGAG/GAGG;rbs_spacer=5-10bp;gc,14.0
JAFRQR010000020.1_186,C,C,C,G,ID=16_186;partial=00;start_type=ATG;rbs_motif=GGAGG;rbs_spacer=5-10bp;gc_cont=0.501,ID=16_186;partial=00;start_type=ATG;rbs_motif=GGAGG;rbs_spacer=5-10bp;gc,13.0
JAFUYP010000009.1_29,C,C,C,G,ID=50_29;partial=00;start_type=ATG;rbs_motif=AGGAG;rbs_spacer=5-10bp;gc_cont=0.476,ID=50_29;partial=00;start_type=ATG;rbs_motif=AGGAG;rbs_spacer=5-10bp;gc,13.0
JAFXLS010000151.1_9,C,C,C,G,ID=142_9;partial=00;start_type=ATG;rbs_motif=GGA/GAG/AGG;rbs_spacer=5-10bp;gc_cont=0.486,ID=142_9;partial=00;start_type=ATG;rbs_motif=GGA/GAG/AGG;rbs_spacer=5-10bp;gc,13.0
JAGASC010000237.1_11,C,C,C,G,ID=151_11;partial=00;start_type=ATG;rbs_motif=AGGAGG;rbs_spacer=5-10bp;gc_cont=0.413,ID=151_11;partial=00;start_type=ATG;rbs_motif=AGGAGG;rbs_spacer=5-10bp;gc,13.0
JAFNAS010000013.1_23,C,C,C,S,ID=25_23;partial=00;start_type=ATG;rbs_motif=TAA;rbs_spacer=12bp;gc_cont=0.446,ID=25_23;partial=00;start_type=ATG;rbs_motif=TAA;rbs_spacer=12bp;gc,14.0
JAGCZE010000237.1_7,C,C,C,G,ID=14_7;partial=00;start_type=ATG;rbs_motif=GGAGG;rbs_spacer=5-10bp;gc_cont=0.464,ID=14_7;partial=00;start_type=ATG;rbs_motif=GGAGG;rbs_spacer=5-10bp;gc,13.0
JAFEDJ010000013.1_162,C,C,C,S,ID=4_162;partial=00;start_type=ATG;rbs_motif=GGAG/GAGG;rbs_spacer=5-10bp;gc_cont=0.602,ID=4_162;partial=00;start_type=ATG;rbs_motif=GGAG/GAGG;rbs_spacer=5-10bp;gc,14.0
JAHIVH010000061.1_303,C,C,C,S,ID=132_303;partial=00;start_type=ATG;rbs_motif=GGAG/GAGG;rbs_spacer=5-10bp;gc_cont=0.491,ID=132_303;partial=00;start_type=ATG;rbs_motif=GGAG/GAGG;rbs_spacer=5-10bp;gc,14.0
JAHILF010000141.1_19,C,C,C,S,ID=110_19;partial=00;start_type=ATG;rbs_motif=GGAG/GAGG;rbs_spacer=5-10bp;gc_cont=0.578,ID=110_19;partial=00;start_type=ATG;rbs_motif=GGAG/GAGG;rbs_spacer=5-10bp;gc,14.0
JAHHHB010000003.1_39,C,C,C,S,ID=161_39;partial=00;start_type=ATG;rbs_motif=GGAG/GAGG;rbs_spacer=5-10bp;gc_cont=0.464,ID=161_39;partial=00;start_type=ATG;rbs_motif=GGAG/GAGG;rbs_spacer=5-10bp;gc,14.0
JAGVNQ010000200.1_14,C,C,C,S,ID=177_14;partial=00;start_type=ATG;rbs_motif=AGGAG;rbs_spacer=5-10bp;gc_cont=0.563,ID=177_14;partial=00;start_type=ATG;rbs_motif=AGGAG;rbs_spacer=5-10bp;gc,14.0
JAGRBZ010000755.1_2,C,C,C,S,ID=978_2;partial=00;start_type=ATG;rbs_motif=AGGA;rbs_spacer=5-10bp;gc_cont=0.548,ID=978_2;partial=00;start_type=ATG;rbs_motif=AGGA;rbs_spacer=5-10bp;gc,14.0
DYRK01000042.1_7,C,C,C,S,ID=754_7;partial=00;start_type=ATG;rbs_motif=GGA/GAG/AGG;rbs_spacer=5-10bp;gc_cont=0.485,ID=754_7;partial=00;start_type=ATG;rbs_motif=GGA/GAG/AGG;rbs_spacer=5-10bp;gc,14.0
JAJBTG010000173.1_2,C,C,C,G,ID=127_2;partial=00;start_type=ATG;rbs_motif=AGGA;rbs_spacer=5-10bp;gc_cont=0.447,ID=127_2;partial=00;start_type=ATG;rbs_motif=AGGA;rbs_spacer=5-10bp;gc,13.0
JAJAAK010000007.1_399,C,C,C,S,ID=15_399;partial=00;start_type=ATG;rbs_motif=AGGAG;rbs_spacer=5-10bp;gc_cont=0.643,ID=15_399;partial=00;start_type=ATG;rbs_motif=AGGAG;rbs_spacer=5-10bp;gc,14.0
JAJYDQ010000042.1_8,C,C,C,S,ID=39_8;partial=00;start_type=ATG;rbs_motif=AGGA;rbs_spacer=5-10bp;gc_cont=0.500,ID=39_8;partial=00;start_type=ATG;rbs_motif=AGGA;rbs_spacer=5-10bp;gc,14.0
JAJXVO010000114.1_8,C,C,C,S,ID=416_8;partial=00;start_type=ATG;rbs_motif=None;rbs_spacer=None;gc_cont=0.631,ID=416_8;partial=00;start_type=ATG;rbs_motif=None;rbs_spacer=None;gc,14.0
JAJYGL010000134.1_5,C,C,C,A,ID=50_5;partial=00;start_type=ATG;rbs_motif=GGAG/GAGG;rbs_spacer=5-10bp;gc_cont=0.574,ID=50_5;partial=00;start_type=ATG;rbs_motif=GGAG/GAGG;rbs_spacer=5-10bp;gc,13.0
JAJYXP010000044.1_30,C,C,C,S,ID=70_30;partial=00;start_type=ATG;rbs_motif=AGGAG;rbs_spacer=5-10bp;gc_cont=0.604,ID=70_30;partial=00;start_type=ATG;rbs_motif=AGGAG;rbs_spacer=5-10bp;gc,14.0
JAKANO010000010.1_79,C,C,C,A,ID=6_79;partial=00;start_type=ATG;rbs_motif=AGGAG;rbs_spacer=5-10bp;gc_cont=0.571,ID=6_79;partial=00;start_type=ATG;rbs_motif=AGGAG;rbs_spacer=5-10bp;gc,13.0
JAKACU010000049.1_14,C,C,C,S,ID=139_14;partial=00;start_type=ATG;rbs_motif=AGGAG/GGAGG;rbs_spacer=11-12bp;gc_cont=0.477,ID=139_14;partial=00;start_type=ATG;rbs_motif=AGGAG/GGAGG;rbs_spacer=11-12bp;gc,14.0
JAKBXW010000041.1_10,C,C,C,A,ID=113_10;partial=00;start_type=ATG;rbs_motif=GGAG/GAGG;rbs_spacer=5-10bp;gc_cont=0.609,ID=113_10;partial=00;start_type=ATG;rbs_motif=GGAG/GAGG;rbs_spacer=5-10bp;gc,13.0
JAJDNA010000107.1_37,C,C,C,S,ID=3_37;partial=00;start_type=ATG;rbs_motif=AGGAG;rbs_spacer=5-10bp;gc_cont=0.603,ID=3_37;partial=00;start_type=ATG;rbs_motif=AGGAG;rbs_spacer=5-10bp;gc,14.0
JAIUMY010000064.1_12,C,C,C,S,ID=64_12;partial=00;start_type=ATG;rbs_motif=None;rbs_spacer=None;gc_cont=0.567,ID=64_12;partial=00;start_type=ATG;rbs_motif=None;rbs_spacer=None;gc,14.0
JAGLRT010000148.1_5,C,C,C,S,ID=55_5;partial=00;start_type=ATG;rbs_motif=GGAGG;rbs_spacer=5-10bp;gc_cont=0.486,ID=55_5;partial=00;start_type=ATG;rbs_motif=GGAGG;rbs_spacer=5-10bp;gc,14.0
JAHFTI010000342.1_4,C,C,C,S,ID=450_4;partial=00;start_type=ATG;rbs_motif=None;rbs_spacer=None;gc_cont=0.639,ID=450_4;partial=00;start_type=ATG;rbs_motif=None;rbs_spacer=None;gc,14.0
JAEWAK010000042.1_56,C,C,C,S,ID=48_56;partial=00;start_type=ATG;rbs_motif=AGGAGG;rbs_spacer=5-10bp;gc_cont=0.462,ID=48_56;partial=00;start_type=ATG;rbs_motif=AGGAGG;rbs_spacer=5-10bp;gc,14.0
JAEWUD010000027.1_96,C,C,C,S,ID=36_96;partial=00;start_type=ATG;rbs_motif=GGAGG;rbs_spacer=5-10bp;gc_cont=0.542,ID=36_96;partial=00;start_type=ATG;rbs_motif=GGAGG;rbs_spacer=5-10bp;gc,14.0
JAEYLX010000018.1_21,C,C,C,S,ID=62_21;partial=00;start_type=ATG;rbs_motif=AGGAGG;rbs_spacer=5-10bp;gc_cont=0.423,ID=62_21;partial=00;start_type=ATG;rbs_motif=AGGAGG;rbs_spacer=5-10bp;gc,14.0
JAEYNY010000127.1_2,C,C,C,S,ID=108_2;partial=00;start_type=ATG;rbs_motif=AGGAGG;rbs_spacer=5-10bp;gc_cont=0.418,ID=108_2;partial=00;start_type=ATG;rbs_motif=AGGAGG;rbs_spacer=5-10bp;gc,14.0
JAEZIB010000112.1_7,C,C,C,S,ID=81_7;partial=00;start_type=ATG;rbs_motif=AGGAGG;rbs_spacer=5-10bp;gc_cont=0.374,ID=81_7;partial=00;start_type=ATG;rbs_motif=AGGAGG;rbs_spacer=5-10bp;gc,14.0
JAFABO010000021.1_4,C,C,C,G,ID=149_4;partial=00;start_type=ATG;rbs_motif=AGGAGG;rbs_spacer=5-10bp;gc_cont=0.480,ID=149_4;partial=00;start_type=ATG;rbs_motif=AGGAGG;rbs_spacer=5-10bp;gc,13.0
JAEYRD010000116.1_94,C,C,C,A,ID=77_94;partial=00;start_type=ATG;rbs_motif=GGA/GAG/AGG;rbs_spacer=5-10bp;gc_cont=0.612,ID=77_94;partial=00;start_type=ATG;rbs_motif=GGA/GAG/AGG;rbs_spacer=5-10bp;gc,13.0
JAEXOU010000005.1_28,C,C,C,G,ID=3_28;partial=00;start_type=ATG;rbs_motif=AGGAGG;rbs_spacer=5-10bp;gc_cont=0.380,ID=3_28;partial=00;start_type=ATG;rbs_motif=AGGAGG;rbs_spacer=5-10bp;gc,13.0
JAEXPQ010000230.1_3,C,C,C,S,ID=215_3;partial=00;start_type=ATG;rbs_motif=CCACC;rbs_spacer=14bp;gc_cont=0.644,ID=215_3;partial=00;start_type=ATG;rbs_motif=CCACC;rbs_spacer=14bp;gc,14.0
JAILZT010000013.1_75,C,C,C,S,ID=5_75;partial=00;start_type=ATG;rbs_motif=AGGAGG;rbs_spacer=5-10bp;gc_cont=0.482,ID=5_75;partial=00;start_type=ATG;rbs_motif=AGGAGG;rbs_spacer=5-10bp;gc,14.0
JAJRUS010000056.1_11,C,C,C,S,ID=35_11;partial=00;start_type=ATG;rbs_motif=AGGAG;rbs_spacer=5-10bp;gc_cont=0.535,ID=35_11;partial=00;start_type=ATG;rbs_motif=AGGAG;rbs_spacer=5-10bp;gc,14.0
JAHEEB010000338.1_5,C,C,C,S,ID=1117_5;partial=00;start_type=ATG;rbs_motif=AAAAA;rbs_spacer=10bp;gc_cont=0.415,ID=1117_5;partial=00;start_type=ATG;rbs_motif=AAAAA;rbs_spacer=10bp;gc,14.0
JAILHD010000046.1_12,C,C,C,G,ID=20_12;partial=00;start_type=ATG;rbs_motif=GGAGG;rbs_spacer=3-4bp;gc_cont=0.525,ID=20_12;partial=00;start_type=ATG;rbs_motif=GGAGG;rbs_spacer=3-4bp;gc,13.0
JANWXL010000350.1_4,C,C,C,S,ID=185_4;partial=00;start_type=ATG;rbs_motif=AGGAGG;rbs_spacer=5-10bp;gc_cont=0.608,ID=185_4;partial=00;start_type=ATG;rbs_motif=AGGAGG;rbs_spacer=5-10bp;gc,14.0
OMVJ01000012.1_56,C,C,C,G,ID=17_56;partial=00;start_type=ATG;rbs_motif=AGGAGG;rbs_spacer=5-10bp;gc_cont=0.648,ID=17_56;partial=00;start_type=ATG;rbs_motif=AGGAGG;rbs_spacer=5-10bp;gc,13.0
UBMP01000007.1_145,C,C,C,A,ID=20_145;partial=00;start_type=ATG;rbs_motif=GGAG/GAGG;rbs_spacer=5-10bp;gc_cont=0.573,ID=20_145;partial=00;start_type=ATG;rbs_motif=GGAG/GAGG;rbs_spacer=5-10bp;gc,13.0
CACVQR010000001.1_201,C,C,C,G,ID=1_201;partial=00;start_type=ATG;rbs_motif=GGA/GAG/AGG;rbs_spacer=5-10bp;gc_cont=0.491,ID=1_201;partial=00;start_type=ATG;rbs_motif=GGA/GAG/AGG;rbs_spacer=5-10bp;gc,13.0
CACYDD010000246.1_5,C,C,C,G,ID=246_5;partial=00;start_type=ATG;rbs_motif=AGGAGG;rbs_spacer=5-10bp;gc_cont=0.437,ID=246_5;partial=00;start_type=ATG;rbs_motif=AGGAGG;rbs_spacer=5-10bp;gc,13.0
CACZPI010000073.1_17,C,C,C,G,ID=73_17;partial=00;start_type=ATG;rbs_motif=GGAGG;rbs_spacer=5-10bp;gc_cont=0.527,ID=73_17;partial=00;start_type=ATG;rbs_motif=GGAGG;rbs_spacer=5-10bp;gc,13.0
CADCQA010000168.1_9,C,C,C,G,ID=168_9;partial=00;start_type=ATG;rbs_motif=AGGAGG;rbs_spacer=5-10bp;gc_cont=0.492,ID=168_9;partial=00;start_type=ATG;rbs_motif=AGGAGG;rbs_spacer=5-10bp;gc,13.0
CAIKYI010000265.1_4,C,C,C,-,ID=265_4;partial=01;start_type=ATG;rbs_motif=AGGAG;rbs_spacer=5-10bp;gc_cont=0.493,ID=265_4;partial=01;start_type=ATG;rbs_motif=AGGAG;rbs_spacer=5-10bp;gc,12.0
CAIQND010000322.1_3,C,C,C,S,ID=322_3;partial=00;start_type=ATG;rbs_motif=AGGAG;rbs_spacer=5-10bp;gc_cont=0.452,ID=322_3;partial=00;start_type=ATG;rbs_motif=AGGAG;rbs_spacer=5-10bp;gc,14.0
CAISZB010000095.1_8,-,C,C,S,ID=95_8;partial=00;start_type=ATG;rbs_motif=None;rbs_spacer=None;gc_cont=0.667,ID=95_8;partial=00;start_type=ATG;rbs_motif=None;rbs_spacer=None;gc,10.0
CAIVHU010000001.1_39,C,C,C,A,ID=1_39;partial=00;start_type=ATG;rbs_motif=GGAG/GAGG;rbs_spacer=5-10bp;gc_cont=0.577,ID=1_39;partial=00;start_type=ATG;rbs_motif=GGAG/GAGG;rbs_spacer=5-10bp;gc,13.0
CAIYOB010000766.1_14,C,C,C,S,ID=766_14;partial=00;start_type=ATG;rbs_motif=AGGAG;rbs_spacer=5-10bp;gc_cont=0.642,ID=766_14;partial=00;start_type=ATG;rbs_motif=AGGAG;rbs_spacer=5-10bp;gc,14.0
CAJOMI010000021.1_15,C,C,C,G,ID=21_15;partial=00;start_type=ATG;rbs_motif=AGGAG;rbs_spacer=5-10bp;gc_cont=0.421,ID=21_15;partial=00;start_type=ATG;rbs_motif=AGGAG;rbs_spacer=5-10bp;gc,13.0
CAJXYQ010000003.1_291,C,C,C,S,ID=3_291;partial=00;start_type=ATG;rbs_motif=AAA;rbs_spacer=5bp;gc_cont=0.437,ID=3_291;partial=00;start_type=ATG;rbs_motif=AAA;rbs_spacer=5bp;gc,14.0
CAMDNO010000063.1_2,C,C,C,S,ID=63_2;partial=00;start_type=ATG;rbs_motif=TAA;rbs_spacer=11bp;gc_cont=0.420,ID=63_2;partial=00;start_type=ATG;rbs_motif=TAA;rbs_spacer=11bp;gc,14.0
NC_008639.1_768,C,C,C,S,ID=1_768;partial=00;start_type=ATG;rbs_motif=None;rbs_spacer=None;gc_cont=0.517,ID=1_768;partial=00;start_type=ATG;rbs_motif=None;rbs_spacer=None;gc,14.0
NC_011059.1_1625,C,C,C,S,ID=1_1625;partial=00;start_type=ATG;rbs_motif=None;rbs_spacer=None;gc_cont=0.539,ID=1_1625;partial=00;start_type=ATG;rbs_motif=None;rbs_spacer=None;gc,14.0
NC_010529.1_273,C,C,C,A,ID=3_273;partial=00;start_type=ATG;rbs_motif=AGGAG;rbs_spacer=5-10bp;gc_cont=0.510,ID=3_273;partial=00;start_type=ATG;rbs_motif=AGGAG;rbs_spacer=5-10bp;gc,13.0
NZ_ACJM01000023.1_7,C,C,C,S,ID=12_7;partial=00;start_type=ATG;rbs_motif=AGGAGG;rbs_spacer=5-10bp;gc_cont=0.513,ID=12_7;partial=00;start_type=ATG;rbs_motif=AGGAGG;rbs_spacer=5-10bp;gc,14.0
NZ_JH109153.1_257,C,C,C,S,ID=2_257;partial=00;start_type=ATG;rbs_motif=AGGAG;rbs_spacer=5-10bp;gc_cont=0.478,ID=2_257;partial=00;start_type=ATG;rbs_motif=AGGAG;rbs_spacer=5-10bp;gc,14.0
NC_016584.1_4826,C,C,C,S,ID=1_4826;partial=00;start_type=ATG;rbs_motif=AGGA;rbs_spacer=5-10bp;gc_cont=0.457,ID=1_4826;partial=00;start_type=ATG;rbs_motif=AGGA;rbs_spacer=5-10bp;gc,14.0
NZ_CP010978.1_4464,C,C,C,S,ID=1_4464;partial=00;start_type=ATG;rbs_motif=AGGAG;rbs_spacer=5-10bp;gc_cont=0.421,ID=1_4464;partial=00;start_type=ATG;rbs_motif=AGGAG;rbs_spacer=5-10bp;gc,14.0
NZ_HF536778.1_75,C,C,C,A,ID=7_75;partial=00;start_type=ATG;rbs_motif=GGA/GAG/AGG;rbs_spacer=5-10bp;gc_cont=0.585,ID=7_75;partial=00;start_type=ATG;rbs_motif=GGA/GAG/AGG;rbs_spacer=5-10bp;gc,13.0
NZ_KQ976354.1_7333,C,C,C,S,ID=1_7333;partial=00;start_type=ATG;rbs_motif=GGAG/GAGG;rbs_spacer=5-10bp;gc_cont=0.448,ID=1_7333;partial=00;start_type=ATG;rbs_motif=GGAG/GAGG;rbs_spacer=5-10bp;gc,14.0
NZ_KB901877.1_193,C,C,C,S,ID=3_193;partial=00;start_type=ATG;rbs_motif=None;rbs_spacer=None;gc_cont=0.587,ID=3_193;partial=00;start_type=ATG;rbs_motif=None;rbs_spacer=None;gc,14.0
NZ_ATHV01000020.1_6,C,C,C,S,ID=20_6;partial=00;start_type=ATG;rbs_motif=GGAG/GAGG;rbs_spacer=5-10bp;gc_cont=0.652,ID=20_6;partial=00;start_type=ATG;rbs_motif=GGAG/GAGG;rbs_spacer=5-10bp;gc,14.0
NZ_AUGE01000002.1_63,C,C,C,S,ID=2_63;partial=00;start_type=ATG;rbs_motif=AGGAG;rbs_spacer=5-10bp;gc_cont=0.613,ID=2_63;partial=00;start_type=ATG;rbs_motif=AGGAG;rbs_spacer=5-10bp;gc,14.0
NZ_HG005141.1_496,C,C,C,S,ID=3_496;partial=00;start_type=ATG;rbs_motif=AGGAGG;rbs_spacer=5-10bp;gc_cont=0.586,ID=3_496;partial=00;start_type=ATG;rbs_motif=AGGAGG;rbs_spacer=5-10bp;gc,14.0
NZ_AYWO01000056.1_8,C,C,C,A,ID=56_8;partial=00;start_type=ATG;rbs_motif=GGAG/GAGG;rbs_spacer=5-10bp;gc_cont=0.608,ID=56_8;partial=00;start_type=ATG;rbs_motif=GGAG/GAGG;rbs_spacer=5-10bp;gc,13.0
NZ_JAFN01000001.1_2212,C,C,C,S,ID=1_2212;partial=00;start_type=ATG;rbs_motif=GGAG/GAGG;rbs_spacer=5-10bp;gc_cont=0.673,ID=1_2212;partial=00;start_type=ATG;rbs_motif=GGAG/GAGG;rbs_spacer=5-10bp;gc,14.0
NZ_BAYB01000013.1_180,C,C,C,A,ID=85_180;partial=00;start_type=ATG;rbs_motif=AGGAG;rbs_spacer=5-10bp;gc_cont=0.612,ID=85_180;partial=00;start_type=ATG;rbs_motif=AGGAG;rbs_spacer=5-10bp;gc,13.0
NZ_HG938354.1_1041,C,C,C,A,ID=2_1041;partial=00;start_type=ATG;rbs_motif=GGA/GAG/AGG;rbs_spacer=5-10bp;gc_cont=0.528,ID=2_1041;partial=00;start_type=ATG;rbs_motif=GGA/GAG/AGG;rbs_spacer=5-10bp;gc,13.0
NZ_JTDI01000004.1_228,C,C,C,A,ID=34_228;partial=00;start_type=ATG;rbs_motif=AGGAG;rbs_spacer=5-10bp;gc_cont=0.617,ID=34_228;partial=00;start_type=ATG;rbs_motif=AGGAG;rbs_spacer=5-10bp;gc,13.0
NZ_CP009933.1_243,C,C,C,G,ID=1_243;partial=00;start_type=GTG;rbs_motif=AGGAG;rbs_spacer=5-10bp;gc_cont=0.337,ID=1_243;partial=00;start_type=GTG;rbs_motif=AGGAG;rbs_spacer=5-10bp;gc,13.0
NZ_LFIQ01000027.1_78,C,C,C,A,ID=66_78;partial=00;start_type=ATG;rbs_motif=AGGA;rbs_spacer=5-10bp;gc_cont=0.559,ID=66_78;partial=00;start_type=ATG;rbs_motif=AGGA;rbs_spacer=5-10bp;gc,13.0
NZ_LLXX01000122.1_45,C,C,C,A,ID=122_45;partial=00;start_type=ATG;rbs_motif=GGA/GAG/AGG;rbs_spacer=5-10bp;gc_cont=0.588,ID=122_45;partial=00;start_type=ATG;rbs_motif=GGA/GAG/AGG;rbs_spacer=5-10bp;gc,13.0
NZ_LXFU01000028.1_115,C,C,C,A,ID=28_115;partial=00;start_type=ATG;rbs_motif=AGGA;rbs_spacer=5-10bp;gc_cont=0.547,ID=28_115;partial=00;start_type=ATG;rbs_motif=AGGA;rbs_spacer=5-10bp;gc,13.0
NZ_CP013421.1_218,C,C,C,A,ID=3_218;partial=00;start_type=ATG;rbs_motif=AGGAG;rbs_spacer=5-10bp;gc_cont=0.631,ID=3_218;partial=00;start_type=ATG;rbs_motif=AGGAG;rbs_spacer=5-10bp;gc,13.0
NZ_MRCB01000006.1_65,C,C,C,S,ID=56_65;partial=00;start_type=ATG;rbs_motif=AGGAG;rbs_spacer=5-10bp;gc_cont=0.504,ID=56_65;partial=00;start_type=ATG;rbs_motif=AGGAG;rbs_spacer=5-10bp;gc,14.0
NZ_MZGT01000078.1_10,C,C,C,S,ID=78_10;partial=00;start_type=ATG;rbs_motif=GGAGG;rbs_spacer=5-10bp;gc_cont=0.342,ID=78_10;partial=00;start_type=ATG;rbs_motif=GGAGG;rbs_spacer=5-10bp;gc,14.0
NZ_CP022571.1_1536,C,C,C,S,ID=1_1536;partial=00;start_type=ATG;rbs_motif=AAAA;rbs_spacer=14bp;gc_cont=0.596,ID=1_1536;partial=00;start_type=ATG;rbs_motif=AAAA;rbs_spacer=14bp;gc,14.0
NZ_CP017481.1_3764,C,C,C,S,ID=1_3764;partial=00;start_type=ATG;rbs_motif=GGAGG;rbs_spacer=5-10bp;gc_cont=0.539,ID=1_3764;partial=00;start_type=ATG;rbs_motif=GGAGG;rbs_spacer=5-10bp;gc,14.0
NZ_NQVN01000038.1_19,C,C,C,S,ID=31_19;partial=00;start_type=ATG;rbs_motif=GGAG/GAGG;rbs_spacer=5-10bp;gc_cont=0.656,ID=31_19;partial=00;start_type=ATG;rbs_motif=GGAG/GAGG;rbs_spacer=5-10bp;gc,14.0
NZ_PGFZ01000025.1_11,C,C,C,S,ID=18_11;partial=00;start_type=ATG;rbs_motif=AGGAG;rbs_spacer=5-10bp;gc_cont=0.487,ID=18_11;partial=00;start_type=ATG;rbs_motif=AGGAG;rbs_spacer=5-10bp;gc,14.0
NZ_QAAD01000014.1_55,C,C,C,S,ID=14_55;partial=00;start_type=ATG;rbs_motif=AATAA;rbs_spacer=12bp;gc_cont=0.492,ID=14_55;partial=00;start_type=ATG;rbs_motif=AATAA;rbs_spacer=12bp;gc,14.0
NZ_QGMZ01000051.1_13,C,C,C,S,ID=47_13;partial=00;start_type=ATG;rbs_motif=GGA/GAG/AGG;rbs_spacer=5-10bp;gc_cont=0.491,ID=47_13;partial=00;start_type=ATG;rbs_motif=GGA/GAG/AGG;rbs_spacer=5-10bp;gc,14.0
NZ_QMBQ01000012.1_27,C,C,C,A,ID=4_27;partial=00;start_type=ATG;rbs_motif=GGAG/GAGG;rbs_spacer=5-10bp;gc_cont=0.597,ID=4_27;partial=00;start_type=ATG;rbs_motif=GGAG/GAGG;rbs_spacer=5-10bp;gc,13.0
NZ_QYUL01000001.1_1609,C,C,C,A,ID=1_1609;partial=00;start_type=ATG;rbs_motif=AGGA;rbs_spacer=5-10bp;gc_cont=0.606,ID=1_1609;partial=00;start_type=ATG;rbs_motif=AGGA;rbs_spacer=5-10bp;gc,13.0
NZ_RRCN01000001.1_5460,C,C,C,S,ID=1_5460;partial=00;start_type=ATG;rbs_motif=AGGAGG;rbs_spacer=5-10bp;gc_cont=0.594,ID=1_5460;partial=00;start_type=ATG;rbs_motif=AGGAGG;rbs_spacer=5-10bp;gc,14.0
NZ_RWKV01000001.1_78,C,C,C,A,ID=2_78;partial=00;start_type=ATG;rbs_motif=GGAG/GAGG;rbs_spacer=5-10bp;gc_cont=0.638,ID=2_78;partial=00;start_type=ATG;rbs_motif=GGAG/GAGG;rbs_spacer=5-10bp;gc,13.0
NZ_SDGU01000072.1_7,C,C,C,S,ID=113_7;partial=00;start_type=ATG;rbs_motif=None;rbs_spacer=None;gc_cont=0.620,ID=113_7;partial=00;start_type=ATG;rbs_motif=None;rbs_spacer=None;gc,14.0
NZ_SLXD01000012.1_79,C,C,C,A,ID=12_79;partial=00;start_type=ATG;rbs_motif=AGGAG;rbs_spacer=5-10bp;gc_cont=0.654,ID=12_79;partial=00;start_type=ATG;rbs_motif=AGGAG;rbs_spacer=5-10bp;gc,13.0
NZ_SPQS01000036.1_51,C,C,C,A,ID=75_51;partial=00;start_type=ATG;rbs_motif=AGGA;rbs_spacer=5-10bp;gc_cont=0.568,ID=75_51;partial=00;start_type=ATG;rbs_motif=AGGA;rbs_spacer=5-10bp;gc,13.0
NZ_SWJZ01000010.1_5,C,C,C,A,ID=6_5;partial=00;start_type=ATG;rbs_motif=AGGA;rbs_spacer=5-10bp;gc_cont=0.619,ID=6_5;partial=00;start_type=ATG;rbs_motif=AGGA;rbs_spacer=5-10bp;gc,13.0
NZ_CP041247.1_3160,C,C,C,S,ID=1_3160;partial=00;start_type=ATG;rbs_motif=GGAGG;rbs_spacer=5-10bp;gc_cont=0.575,ID=1_3160;partial=00;start_type=ATG;rbs_motif=GGAGG;rbs_spacer=5-10bp;gc,14.0
NZ_VLLA01000047.1_36,C,C,C,A,ID=47_36;partial=00;start_type=ATG;rbs_motif=AGGA;rbs_spacer=5-10bp;gc_cont=0.559,ID=47_36;partial=00;start_type=ATG;rbs_motif=AGGA;rbs_spacer=5-10bp;gc,13.0
NZ_ML703276.1_43,C,C,C,A,ID=24_43;partial=00;start_type=ATG;rbs_motif=GGA/GAG/AGG;rbs_spacer=5-10bp;gc_cont=0.581,ID=24_43;partial=00;start_type=ATG;rbs_motif=GGA/GAG/AGG;rbs_spacer=5-10bp;gc,13.0
NZ_WJXB01000012.1_103,C,C,C,S,ID=1_103;partial=00;start_type=ATG;rbs_motif=AGxAGG/AGGxGG;rbs_spacer=5-10bp;gc_cont=0.470,ID=1_103;partial=00;start_type=ATG;rbs_motif=AGxAGG/AGGxGG;rbs_spacer=5-10bp;gc,14.0
NZ_WVVW01000001.1_782,C,C,C,S,ID=1_782;partial=00;start_type=ATG;rbs_motif=GGAGG;rbs_spacer=5-10bp;gc_cont=0.532,ID=1_782;partial=00;start_type=ATG;rbs_motif=GGAGG;rbs_spacer=5-10bp;gc,14.0
NZ_WKLH01000003.1_669,C,C,C,S,ID=10_669;partial=00;start_type=ATG;rbs_motif=TAA;rbs_spacer=12bp;gc_cont=0.441,ID=10_669;partial=00;start_type=ATG;rbs_motif=TAA;rbs_spacer=12bp;gc,14.0
NZ_CP051216.1_2065,C,C,C,S,ID=1_2065;partial=00;start_type=ATG;rbs_motif=GGAG/GAGG;rbs_spacer=5-10bp;gc_cont=0.599,ID=1_2065;partial=00;start_type=ATG;rbs_motif=GGAG/GAGG;rbs_spacer=5-10bp;gc,14.0
NZ_JAAOJA010000007.1_17,C,C,C,S,ID=7_17;partial=00;start_type=ATG;rbs_motif=AGGAG;rbs_spacer=5-10bp;gc_cont=0.606,ID=7_17;partial=00;start_type=ATG;rbs_motif=AGGAG;rbs_spacer=5-10bp;gc,14.0
NZ_JACDTY010000017.1_46,C,C,C,A,ID=8_46;partial=00;start_type=ATG;rbs_motif=GGAG/GAGG;rbs_spacer=5-10bp;gc_cont=0.651,ID=8_46;partial=00;start_type=ATG;rbs_motif=GGAG/GAGG;rbs_spacer=5-10bp;gc,13.0
NZ_JACHBG010000031.1_59,C,C,C,A,ID=31_59;partial=00;start_type=ATG;rbs_motif=GGA/GAG/AGG;rbs_spacer=5-10bp;gc_cont=0.584,ID=31_59;partial=00;start_type=ATG;rbs_motif=GGA/GAG/AGG;rbs_spacer=5-10bp;gc,13.0
NZ_JACJPX010000006.1_61,C,C,C,S,ID=122_61;partial=00;start_type=ATG;rbs_motif=GGAG/GAGG;rbs_spacer=5-10bp;gc_cont=0.455,ID=122_61;partial=00;start_type=ATG;rbs_motif=GGAG/GAGG;rbs_spacer=5-10bp;gc,14.0
NZ_CP041403.1_79,C,C,C,S,ID=1_79;partial=00;start_type=ATG;rbs_motif=GGAG/GAGG;rbs_spacer=5-10bp;gc_cont=0.368,ID=1_79;partial=00;start_type=ATG;rbs_motif=GGAG/GAGG;rbs_spacer=5-10bp;gc,14.0
NZ_WIQU01000042.1_29,C,C,C,S,ID=62_29;partial=00;start_type=ATG;rbs_motif=GGAG/GAGG;rbs_spacer=5-10bp;gc_cont=0.445,ID=62_29;partial=00;start_type=ATG;rbs_motif=GGAG/GAGG;rbs_spacer=5-10bp;gc,14.0
NZ_JAENXS010000001.1_3195,C,C,C,A,ID=1_3195;partial=00;start_type=ATG;rbs_motif=AGGA;rbs_spacer=5-10bp;gc_cont=0.584,ID=1_3195;partial=00;start_type=ATG;rbs_motif=AGGA;rbs_spacer=5-10bp;gc,13.0
NZ_AP024469.1_4003,C,C,C,S,ID=1_4003;partial=00;start_type=ATG;rbs_motif=AGGAG;rbs_spacer=5-10bp;gc_cont=0.605,ID=1_4003;partial=00;start_type=ATG;rbs_motif=AGGAG;rbs_spacer=5-10bp;gc,14.0
NZ_CP072392.1_753,C,C,C,A,ID=1_753;partial=00;start_type=ATG;rbs_motif=AGGAG;rbs_spacer=5-10bp;gc_cont=0.615,ID=1_753;partial=00;start_type=ATG;rbs_motif=AGGAG;rbs_spacer=5-10bp;gc,13.0
NZ_JAGQDF010000014.1_163,C,C,C,A,ID=5_163;partial=00;start_type=ATG;rbs_motif=GGAG/GAGG;rbs_spacer=5-10bp;gc_cont=0.644,ID=5_163;partial=00;start_type=ATG;rbs_motif=GGAG/GAGG;rbs_spacer=5-10bp;gc,13.0
NZ_JAFLWW010000007.1_123,C,C,C,A,ID=28_123;partial=00;start_type=ATG;rbs_motif=None;rbs_spacer=None;gc_cont=0.594,ID=28_123;partial=00;start_type=ATG;rbs_motif=None;rbs_spacer=None;gc,13.0
NZ_JAFNIH010000051.1_30,C,C,C,A,ID=13_30;partial=00;start_type=ATG;rbs_motif=GGAG/GAGG;rbs_spacer=5-10bp;gc_cont=0.637,ID=13_30;partial=00;start_type=ATG;rbs_motif=GGAG/GAGG;rbs_spacer=5-10bp;gc,13.0
NZ_NSLC01000012.1_72,C,C,C,A,ID=12_72;partial=00;start_type=ATG;rbs_motif=GGA/GAG/AGG;rbs_spacer=5-10bp;gc_cont=0.646,ID=12_72;partial=00;start_type=ATG;rbs_motif=GGA/GAG/AGG;rbs_spacer=5-10bp;gc,13.0
NZ_JAIVFT010000013.1_126,C,C,C,S,ID=43_126;partial=00;start_type=ATG;rbs_motif=GGAG/GAGG;rbs_spacer=5-10bp;gc_cont=0.464,ID=43_126;partial=00;start_type=ATG;rbs_motif=GGAG/GAGG;rbs_spacer=5-10bp;gc,14.0
NZ_JACBFY010000001.1_890,C,C,C,A,ID=11_890;partial=00;start_type=ATG;rbs_motif=GGAG/GAGG;rbs_spacer=5-10bp;gc_cont=0.646,ID=11_890;partial=00;start_type=ATG;rbs_motif=GGAG/GAGG;rbs_spacer=5-10bp;gc,13.0
NZ_JAKSXN010000001.1_163,C,C,C,S,ID=1_163;partial=00;start_type=ATG;rbs_motif=AGGAGG;rbs_spacer=5-10bp;gc_cont=0.597,ID=1_163;partial=00;start_type=ATG;rbs_motif=AGGAGG;rbs_spacer=5-10bp;gc,14.0
NZ_JADPKR010000094.1_267,C,C,C,A,ID=64_267;partial=00;start_type=ATG;rbs_motif=GGA/GAG/AGG;rbs_spacer=5-10bp;gc_cont=0.572,ID=64_267;partial=00;start_type=ATG;rbs_motif=GGA/GAG/AGG;rbs_spacer=5-10bp;gc,13.0
NZ_JALHRX010000039.1_2,C,C,C,A,ID=97_2;partial=00;start_type=ATG;rbs_motif=AGGAG;rbs_spacer=5-10bp;gc_cont=0.509,ID=97_2;partial=00;start_type=ATG;rbs_motif=AGGAG;rbs_spacer=5-10bp;gc,13.0
NZ_JANIBK010000020.1_17,C,C,C,S,ID=20_17;partial=00;start_type=ATG;rbs_motif=AGGAG;rbs_spacer=5-10bp;gc_cont=0.494,ID=20_17;partial=00;start_type=ATG;rbs_motif=AGGAG;rbs_spacer=5-10bp;gc,14.0
NZ_FMBC01000012.1_38,C,C,C,S,ID=68_38;partial=00;start_type=ATG;rbs_motif=GGAGG;rbs_spacer=5-10bp;gc_cont=0.549,ID=68_38;partial=00;start_type=ATG;rbs_motif=GGAGG;rbs_spacer=5-10bp;gc,14.0
NZ_FNVX01000005.1_986,C,C,C,S,ID=3_986;partial=00;start_type=ATG;rbs_motif=TAAA;rbs_spacer=11bp;gc_cont=0.422,ID=3_986;partial=00;start_type=ATG;rbs_motif=TAAA;rbs_spacer=11bp;gc,14.0
NZ_FOJI01000013.1_53,C,C,C,S,ID=7_53;partial=00;start_type=ATG;rbs_motif=AGGAGG;rbs_spacer=5-10bp;gc_cont=0.360,ID=7_53;partial=00;start_type=ATG;rbs_motif=AGGAGG;rbs_spacer=5-10bp;gc,14.0
NZ_FPBY01000145.1_5,C,C,C,G,ID=275_5;partial=00;start_type=ATG;rbs_motif=AGGAGG;rbs_spacer=5-10bp;gc_cont=0.330,ID=275_5;partial=00;start_type=ATG;rbs_motif=AGGAGG;rbs_spacer=5-10bp;gc,13.0
NZ_FRAY01000002.1_215,C,C,C,G,ID=14_215;partial=00;start_type=ATG;rbs_motif=GGAG/GAGG;rbs_spacer=5-10bp;gc_cont=0.473,ID=14_215;partial=00;start_type=ATG;rbs_motif=GGAG/GAGG;rbs_spacer=5-10bp;gc,13.0
NZ_FUYV01000010.1_54,C,C,C,S,ID=56_54;partial=00;start_type=ATG;rbs_motif=TAAA;rbs_spacer=11bp;gc_cont=0.494,ID=56_54;partial=00;start_type=ATG;rbs_motif=TAAA;rbs_spacer=11bp;gc,14.0
NZ_LT962670.1_207,C,C,C,G,ID=8_207;partial=00;start_type=ATG;rbs_motif=AGxAGG/AGGxGG;rbs_spacer=5-10bp;gc_cont=0.648,ID=8_207;partial=00;start_type=ATG;rbs_motif=AGxAGG/AGGxGG;rbs_spacer=5-10bp;gc,13.0
NZ_CABFMQ020000001.1_409,C,C,C,A,ID=1_409;partial=00;start_type=ATG;rbs_motif=AGGA;rbs_spacer=5-10bp;gc_cont=0.588,ID=1_409;partial=00;start_type=ATG;rbs_motif=AGGA;rbs_spacer=5-10bp;gc,13.0
KV441839.1_714,C,C,C,S,ID=1_714;partial=00;start_type=ATG;rbs_motif=None;rbs_spacer=None;gc_cont=0.624,ID=1_714;partial=00;start_type=ATG;rbs_motif=None;rbs_spacer=None;gc,14.0
JAAXWP010000011.1_21,C,C,C,S,ID=49_21;partial=00;start_type=ATG;rbs_motif=None;rbs_spacer=None;gc_cont=0.573,ID=49_21;partial=00;start_type=ATG;rbs_motif=None;rbs_spacer=None;gc,14.0
JAEWCQ010000016.1_13,C,C,C,S,ID=20_13;partial=00;start_type=ATG;rbs_motif=AGGAGG;rbs_spacer=5-10bp;gc_cont=0.467,ID=20_13;partial=00;start_type=ATG;rbs_motif=AGGAGG;rbs_spacer=5-10bp;gc,14.0
JAFADH010000279.1_14,C,C,C,S,ID=18_14;partial=00;start_type=ATG;rbs_motif=AGGAGG;rbs_spacer=5-10bp;gc_cont=0.497,ID=18_14;partial=00;start_type=ATG;rbs_motif=AGGAGG;rbs_spacer=5-10bp;gc,14.0
NC_014664.1_3346,C,C,C,S,ID=1_3346;partial=00;start_type=ATG;rbs_motif=AGGA;rbs_spacer=5-10bp;gc_cont=0.608,ID=1_3346;partial=00;start_type=ATG;rbs_motif=AGGA;rbs_spacer=5-10bp;gc,14.0
NZ_AUFL01000008.1_100,C,C,C,S,ID=5_100;partial=00;start_type=ATG;rbs_motif=TAAA;rbs_spacer=11bp;gc_cont=0.410,ID=5_100;partial=00;start_type=ATG;rbs_motif=TAAA;rbs_spacer=11bp;gc,14.0
NZ_NADJ01000015.1_12,C,C,C,S,ID=7_12;partial=00;start_type=ATG;rbs_motif=GGAG/GAGG;rbs_spacer=5-10bp;gc_cont=0.475,ID=7_12;partial=00;start_type=ATG;rbs_motif=GGAG/GAGG;rbs_spacer=5-10bp;gc,14.0
NZ_CP041387.1_1498,C,C,C,S,ID=1_1498;partial=00;start_type=ATG;rbs_motif=GGA/GAG/AGG;rbs_spacer=5-10bp;gc_cont=0.635,ID=1_1498;partial=00;start_type=ATG;rbs_motif=GGA/GAG/AGG;rbs_spacer=5-10bp;gc,14.0
NZ_CP050854.1_830,C,C,C,S,ID=1_830;partial=00;start_type=ATG;rbs_motif=AGxAGG/AGGxGG;rbs_spacer=5-10bp;gc_cont=0.546,ID=1_830;partial=00;start_type=ATG;rbs_motif=AGxAGG/AGGxGG;rbs_spacer=5-10bp;gc,14.0
NZ_FRAC01000010.1_255,C,C,C,S,ID=32_255;partial=00;start_type=ATG;rbs_motif=GGAG/GAGG;rbs_spacer=5-10bp;gc_cont=0.469,ID=32_255;partial=00;start_type=ATG;rbs_motif=GGAG/GAGG;rbs_spacer=5-10bp;gc,14.0
JAATGH010000045.1_5,C,C,C,S,ID=40_5;partial=00;start_type=ATG;rbs_motif=GGAG/GAGG;rbs_spacer=5-10bp;gc_cont=0.522,ID=40_5;partial=00;start_type=ATG;rbs_motif=GGAG/GAGG;rbs_spacer=5-10bp;gc,14.0
NZ_WIXJ01000009.1_25,C,C,C,S,ID=27_25;partial=00;start_type=ATG;rbs_motif=AGGAG;rbs_spacer=5-10bp;gc_cont=0.609,ID=27_25;partial=00;start_type=ATG;rbs_motif=AGGAG;rbs_spacer=5-10bp;gc,14.0
NZ_AQPH01000008.1_67,C,C,C,S,ID=8_67;partial=00;start_type=ATG;rbs_motif=GGAG/GAGG;rbs_spacer=5-10bp;gc_cont=0.622,ID=8_67;partial=00;start_type=ATG;rbs_motif=GGAG/GAGG;rbs_spacer=5-10bp;gc,14.0
JAGTRU010000040.1_21,C,C,C,S,ID=27_21;partial=00;start_type=ATG;rbs_motif=AGGA;rbs_spacer=5-10bp;gc_cont=0.618,ID=27_21;partial=00;start_type=ATG;rbs_motif=AGGA;rbs_spacer=5-10bp;gc,14.0
