PMIH01000288.1_16	PMIH01000288.1_16
PMIH01000288.1_16	JAHJPX010000003.1_114
PMIX01000254.1_39	PMIX01000254.1_39
PMIX01000254.1_39	PLNW01000118.1_41
PMIX01000254.1_39	CAIQRS010000269.1_10
PMIX01000254.1_39	JACRMN010000017.1_75
PMIX01000254.1_39	JADKCZ010000003.1_441
PMIX01000254.1_39	JAJYAW010000041.1_1
PMIX01000254.1_39	JAJXVM010000245.1_4
PMIX01000254.1_39	JAJYHA010000227.1_1
PMIX01000254.1_39	NC_009675.1_3095
PMIX01000254.1_39	NZ_BJTG01000009.1_200
PMIX01000254.1_39	NZ_BLJA01000001.1_368
PMIX01000254.1_39	NZ_JALCZA010000009.1_87
PMIX01000254.1_39	NZ_JAKZLF010000035.1_26
PMIX01000254.1_39	NZ_AP025591.1_4803
PMIX01000254.1_39	NZ_AP025592.1_3961
PMIX01000254.1_39	NZ_AP027151.1_3128
PMIX01000254.1_39	PMCR01000532.1_23
PMIX01000254.1_39	JAEYZK010000392.1_13
PMIX01000254.1_39	JARKPN010000018.1_85
PMIX01000254.1_39	CALABV010000158.1_4
PMIX01000254.1_39	NZ_CP015455.1_980
PMMG01000005.1_13	PMMG01000005.1_13
PLTA01000007.1_16	PLTA01000007.1_16
PLTA01000007.1_16	PLSP01000031.1_4
PLTA01000007.1_16	JAOZIA010000024.1_273
PLTA01000007.1_16	JAOZHS010000001.1_566
PLTF01000106.1_9	PLTF01000106.1_9
PLTK01000099.1_1	PLTK01000099.1_1
PLSJ01000083.1_2	PLSJ01000083.1_2
QIDP01000121.1_19	QIDP01000121.1_19
QIGD01000051.1_2	QIGD01000051.1_2
QIGD01000051.1_2	BDTY01000116.1_7
QJVM01000189.1_14	QJVM01000189.1_14
QJVM01000189.1_14	JACRHH010000004.1_36
QJVM01000189.1_14	JACRHJ010000001.1_9
QJVM01000189.1_14	JAJYJM010000043.1_14
QKCP01000121.1_33	QKCP01000121.1_33
QKCP01000121.1_33	JAICDD010000029.1_3
QKCP01000121.1_33	NC_014632.1_1424
QKGW01000110.1_6	QKGW01000110.1_6
QKGW01000110.1_6	JARLJJ010000568.1_24
QKGW01000110.1_6	JAATFX010000136.1_5
QKGW01000110.1_6	JADMXW010000007.1_98
QKGW01000110.1_6	JAGTSE010000006.1_11
QKGW01000110.1_6	CP036163.1_964
QKGW01000110.1_6	JAKMAJ010000003.1_183
QKGW01000110.1_6	FOAY01000016.1_71
QKGW01000110.1_6	NC_014840.1_298
QKGW01000110.1_6	NZ_CP018016.1_2719
QKGW01000110.1_6	NZ_CM001841.1_3556
QKGW01000110.1_6	NZ_CP010523.2_1673
QKGW01000110.1_6	NZ_LYRP01000050.1_89
QKGW01000110.1_6	NZ_CP014007.2_2644
QKGW01000110.1_6	NZ_MLJI01000002.1_279
QKGW01000110.1_6	NZ_CP022823.1_1795
QKGW01000110.1_6	NZ_NISF01000006.1_288
QKGW01000110.1_6	NZ_CP014137.1_1448
QKGW01000110.1_6	NZ_CP017481.1_3766
QKGW01000110.1_6	NZ_LXFV01000058.1_82
QKGW01000110.1_6	NZ_PRDB01000002.1_556
QKGW01000110.1_6	NZ_KZ819023.1_383
QKGW01000110.1_6	NZ_QGTS01000004.1_41
QKGW01000110.1_6	NZ_QNRY01000004.1_76
QKGW01000110.1_6	NZ_MJLZ01000024.1_11
QKGW01000110.1_6	NZ_SOMG01000030.1_655
QKGW01000110.1_6	NZ_CP034036.1_1924
QKGW01000110.1_6	NZ_VCHQ01000020.1_14
QKGW01000110.1_6	NZ_BJNO01000001.1_334
QKGW01000110.1_6	NZ_CP041247.1_3158
QKGW01000110.1_6	NZ_CP024639.1_195
QKGW01000110.1_6	NZ_WUBS01000006.1_3
QKGW01000110.1_6	NZ_CP024770.1_442
QKGW01000110.1_6	NZ_JABJXS010000001.1_17
QKGW01000110.1_6	NZ_CP055930.1_4948
QKGW01000110.1_6	NZ_PEHF01000026.1_143
QKGW01000110.1_6	NZ_CP075169.1_2760
QKGW01000110.1_6	NZ_JAAVUT010000010.1_90
QKGW01000110.1_6	NZ_JAFJYB010000003.1_625
QKGW01000110.1_6	NZ_CP084876.1_1637
QKGW01000110.1_6	NZ_JAKPCB010000103.1_624
QKGW01000110.1_6	NZ_JAMPJU010000001.1_297
QKGW01000110.1_6	NZ_JAGFPE010000001.1_156
QKGW01000110.1_6	NZ_FMBC01000012.1_40
QKGW01000110.1_6	NZ_FPAU01000001.1_1275
QKGW01000110.1_6	NZ_FZTC01000021.1_30
DNIT01000196.1_17	DNIT01000196.1_17
DNPQ01000338.1_8	DNPQ01000338.1_8
DNPQ01000338.1_8	DNPP01000131.1_19
DNPQ01000338.1_8	MVRN01000057.1_19
DPJA01000039.1_229	DPJA01000039.1_229
DPJA01000039.1_229	LIUG01000026.1_12
DPJA01000039.1_229	LIUG01000033.1_59
DPJA01000039.1_229	JAIRUQ010000057.1_7
DPJA01000039.1_229	JAITFO010000096.1_19
DPJA01000039.1_229	JAITFN010000026.1_6
DPJA01000039.1_229	JAITFI010000102.1_2
DPJA01000039.1_229	JAITCM010000099.1_22
DPJA01000039.1_229	LVAS01000062.1_6
DPJA01000039.1_229	DBTU01000011.1_44
DPJA01000039.1_229	DCFU01000034.1_51
DPJA01000039.1_229	WQSZ01000060.1_2
DPJA01000039.1_229	JAHZFJ010000023.1_10
DPJA01000039.1_229	JAHAJA010000003.1_104
DPJA01000039.1_229	JAEWUD010000027.1_100
DPJA01000039.1_229	JAEZPG010000012.1_37
DPJA01000039.1_229	JAEZGY010000030.1_39
DPJA01000039.1_229	JAEZGM010000042.1_41
DPJA01000039.1_229	JAISJC010000003.1_35
DPJA01000039.1_229	JAITQY010000149.1_6
DPJA01000039.1_229	JAITDM010000187.1_8
DPJA01000039.1_229	NZ_AXUN02000180.1_30
DPJA01000039.1_229	NZ_VWXL01000053.1_24
DPJA01000039.1_229	NZ_QRCT01000034.1_294
DPJA01000039.1_229	NZ_JAMXWM010000003.1_155
DPJA01000039.1_229	NZ_FOJI01000013.1_57
QZIR01000026.1_3	QZIR01000026.1_3
QZIR01000026.1_3	JAHRFU010000088.1_3
QZIR01000026.1_3	NC_010424.1_149
JAGTRJ010000011.1_61	JAGTRJ010000011.1_61
JAGTRJ010000011.1_61	QZKY01000011.1_54
JADFDO010000016.1_17	JADFDO010000016.1_17
JADFDO010000016.1_17	DAWU01000006.1_11
JAFDVZ010000014.1_135	JAFDVZ010000014.1_135
JAFDVZ010000014.1_135	DLFY01000306.1_15
JAFDVZ010000014.1_135	PMEV01000065.1_15
JAFDVZ010000014.1_135	PLHP01000198.1_2
JAFDVZ010000014.1_135	PLOR01000108.1_36
JAFDVZ010000014.1_135	JAEYQK010000101.1_18
JAFDVZ010000014.1_135	QKCJ01000049.1_162
JAFDVZ010000014.1_135	JAAYCU010000081.1_4
JAFDVZ010000014.1_135	JANQFY010000072.1_20
JAFDVZ010000014.1_135	JARLGJ010000055.1_4
JAFDVZ010000014.1_135	CALARR010000214.1_45
JAGYPB010000031.1_9	JAGYPB010000031.1_9
JAGYPB010000031.1_9	SLDV01000002.1_38
JAGYPB010000031.1_9	JACRCO010000071.1_85
JAGYPB010000031.1_9	JAGXHK010000056.1_3
JAGYPB010000031.1_9	NZ_AP024355.1_3582
JAGYPB010000031.1_9	JARUHP010000001.1_55
JAGYPB010000031.1_9	NZ_ARWE01000001.1_3416
JAGYPB010000031.1_9	NZ_KI421420.1_83
JAGYPB010000031.1_9	NZ_JOMG01000002.1_2389
JAGYPB010000031.1_9	NZ_JWJD01000005.1_120
JAGYPB010000031.1_9	NZ_CP010802.1_2532
JAGYPB010000031.1_9	JACZKE010000036.1_40
JAGYPB010000031.1_9	NZ_NAAD01000014.1_77
JAGYPB010000031.1_9	NZ_FNQN01000010.1_114
JAGYPB010000031.1_9	JADGEB010000001.1_65
JAHDPL010000023.1_10	JAHDPL010000023.1_10
JAHDPL010000023.1_10	BIFV01000001.1_62
JAHDPL010000023.1_10	BIFV01000005.1_12
JAHDPL010000023.1_10	JAIHAN010000010.1_39
JAHDPL010000023.1_10	JALHDI010000010.1_11
JAHDPL010000023.1_10	NZ_CP045798.1_388
JAHDPL010000023.1_10	NZ_QGMZ01000051.1_9
JAHDPL010000023.1_10	NZ_SLUI01000005.1_202
JAHDPL010000023.1_10	NZ_JAGGKR010000001.1_829
JAHDPL010000023.1_10	NZ_CP077107.1_404
JAHDPL010000023.1_10	NZ_PGCK01000003.1_111
JAHDPL010000023.1_10	NZ_JAUSCG010000065.1_12
JAGYWI010000039.1_1	JAGYWI010000039.1_1
JAGYWI010000039.1_1	JADFXO010000112.1_2
JAGYWI010000039.1_1	JADFYO010000021.1_15
JAGYWI010000039.1_1	JADFXG010000040.1_11
JAHIFE010000121.1_54	JAHIFE010000121.1_54
JAHIFE010000121.1_54	JAHITX010000079.1_100
JAHRFX010000110.1_81	JAHRFX010000110.1_81
JAHHIA010000001.1_361	JAHHIA010000001.1_361
JAHHIA010000001.1_361	CM001633.1_4871
JAHHIA010000001.1_361	KL662192.1_73
JAHHIA010000001.1_361	LWRO01000008.1_70
JAHHIA010000001.1_361	DCSN01000058.1_42
JAHHIA010000001.1_361	QBLS01000001.1_119
JAHHIA010000001.1_361	CAKZHE010000156.1_6
JAHHIA010000001.1_361	NZ_NDHW01000087.1_48
JAHHIA010000001.1_361	NZ_PDDM01000014.1_85
JAHHIA010000001.1_361	NZ_AP017564.1_45
JAHHIA010000001.1_361	NZ_JAAVJL010000002.1_641
JAHHIA010000001.1_361	NZ_CP112874.1_1025
JAHHIA010000001.1_361	MBRE01000094.1_20
JAHHIA010000001.1_361	JACYLU010000015.1_148
JAHHIA010000001.1_361	JAAUUJ010000001.1_5
JAHHIA010000001.1_361	CAJAQB010000001.1_56
JAHHIA010000001.1_361	NC_019695.1_4580
JAHHIA010000001.1_361	NZ_MVDI01000001.1_159
JAHHIA010000001.1_361	CAITND010000175.1_18
JAHHIA010000001.1_361	NZ_KB235903.1_597
JAHHIA010000001.1_361	NZ_LR734823.1_6
JAHHIA010000001.1_361	NC_019738.1_1269
JAHHIA010000001.1_361	MUGG01000119.1_44
JAHHIA010000001.1_361	JACJNX010000044.1_17
JAHHIA010000001.1_361	JANWZG010000088.1_3
JAHHIA010000001.1_361	NZ_MRCC01000005.1_254
JAHHIA010000001.1_361	NZ_JACJRC010000011.1_89
JAHHIA010000001.1_361	NZ_JADEWN010000041.1_21
JAHHIA010000001.1_361	NZ_JAFIRA010000004.1_119
JAHHIA010000001.1_361	NZ_KB235914.1_584
JAHHIA010000001.1_361	DOIX01000162.1_21
JAHHIA010000001.1_361	NZ_MRCE01000006.1_229
JAHHIA010000001.1_361	NZ_MJGC01000099.1_94
JAHHIA010000001.1_361	NZ_NQLA01000040.1_17
JAHHIA010000001.1_361	CAINZT010000139.1_17
JAHHIA010000001.1_361	NZ_JACJSC010000026.1_39
JAHHIA010000001.1_361	NZ_LN889813.1_38
JAHHIA010000001.1_361	AP018180.1_4772
JAHHIA010000001.1_361	JACJPX010000003.1_115
JAHHIA010000001.1_361	JACJQJ010000046.1_40
JAHHIA010000001.1_361	NZ_AP018172.1_4194
JAHHIA010000001.1_361	NZ_JACJQG010000005.1_29
JAHHIA010000001.1_361	JAAUUT010000052.1_29
JAHHIA010000001.1_361	DVEB01000153.1_22
JAHHIA010000001.1_361	JALOOO010000016.1_33
JAHHIA010000001.1_361	JALOOL010000022.1_16
JAHHIA010000001.1_361	NZ_KB731324.1_3509
JAHHIA010000001.1_361	JAAUUE010000097.1_10
JAHHIA010000001.1_361	LUGL01000012.1_68
JAHHIA010000001.1_361	JAAUPF010000091.1_17
JAHHIA010000001.1_361	DVDV01000047.1_13
JAHHIA010000001.1_361	JACQYI010000009.1_80
JAHHIA010000001.1_361	WGLZ01000090.1_24
JAHHIA010000001.1_361	VRZD01000015.1_53
JAHHIA010000001.1_361	JAHHHV010000080.1_71
JAHHIA010000001.1_361	JALOOM010000031.1_23
JAHHIA010000001.1_361	JALOON010000032.1_81
JAHHIA010000001.1_361	JAIXVO010000623.1_2
JAHHIA010000001.1_361	CALHCP010000024.1_17
JAHHIA010000001.1_361	CALIDI010000021.1_94
JAHHIA010000001.1_361	NZ_JJML01000003.1_107
JAHHIA010000001.1_361	NZ_MQTZ01000047.1_56
JAHHIA010000001.1_361	NZ_NKFP01000006.1_208
JAHHIA010000001.1_361	NZ_JACJPW010000009.1_96
JAHHIA010000001.1_361	NZ_JACJSA010000001.1_497
JAHHIA010000001.1_361	NZ_CP072600.1_2930
JAHHIA010000001.1_361	NZ_JALAAD010000001.1_1058
JAHHIA010000001.1_361	JANWWT010000006.1_40
JAHHIA010000001.1_361	JANXAM010000015.1_17
JAHHIA010000001.1_361	JANWVM010000010.1_13
JAHHIA010000001.1_361	NZ_KB235948.1_1852
JAHHIA010000001.1_361	NZ_WJFC01000112.1_5
JAHHIA010000001.1_361	NZ_JACJRE010000037.1_51
JAHHIA010000001.1_361	NZ_AP018207.1_6303
JAHHIA010000001.1_361	NZ_CP075171.1_4942
JAHHIA010000001.1_361	NZ_CP113797.1_2911
JAHHHH010000012.1_74	JAHHHH010000012.1_74
JAHHHH010000012.1_74	WVID01000015.1_166
JAHHHH010000012.1_74	JAHHID010000001.1_31
JAHHHH010000012.1_74	JAHHHK010000004.1_245
JAHHHH010000012.1_74	JAQYWN010000091.1_6
JAHHHH010000012.1_74	CAKZGI010000346.1_13
JAHHHH010000012.1_74	CASBQC010000485.1_7
JAHHHH010000012.1_74	NZ_CP040094.1_3043
JAHHHH010000012.1_74	NZ_JACXAE010000118.1_76
JAHHHH010000012.1_74	NZ_VJXY01000030.1_77
JAHHHH010000012.1_74	NZ_JACXXN010000003.1_223
JAHHHH010000012.1_74	NZ_JADEXR010000134.1_13
JAHHHH010000012.1_74	NZ_CP063311.1_3359
JAHHHH010000012.1_74	NZ_CP060140.1_179
JAHHHH010000012.1_74	NZ_WWFG01000001.1_288
JAHHHH010000012.1_74	JAAHII010000001.1_5304
JAHHHH010000012.1_74	DVEE01000194.1_14
JAHHHH010000012.1_74	JAHHIC010000008.1_10
JAHHHH010000012.1_74	KB235926.1_1288
JAHHHH010000012.1_74	JXCA02000002.1_422
JAHHHH010000012.1_74	AP018318.1_3459
JAHHHH010000012.1_74	DVDT01000071.1_3
JAHHHH010000012.1_74	JABXYX010000133.1_5
JAHHHH010000012.1_74	JAHHHN010000007.1_177
JAHHHH010000012.1_74	JAHHHH010000004.1_165
JAHHHH010000012.1_74	JAHHGV010000021.1_38
JAHHHH010000012.1_74	JAIVFW010000001.1_159
JAHHHH010000012.1_74	OMJF01000156.1_8
JAHHHH010000012.1_74	NC_014248.1_1660
JAHHHH010000012.1_74	NZ_AJLK01000041.1_8
JAHHHH010000012.1_74	NZ_AJLL01000081.1_61
JAHHHH010000012.1_74	NZ_AJLJ01000270.1_13
JAHHHH010000012.1_74	NZ_KE650771.1_4042
JAHHHH010000012.1_74	NZ_ALVT01000034.1_261
JAHHHH010000012.1_74	NZ_CP011382.1_5044
JAHHHH010000012.1_74	NZ_JHEG04000001.1_4854
JAHHHH010000012.1_74	NZ_CP012036.1_2687
JAHHHH010000012.1_74	NZ_CP065936.1_2315
JAHHHH010000012.1_74	NZ_CP030118.1_2257
JAHHHH010000012.1_74	NZ_QMEA01000002.1_120
JAHHHH010000012.1_74	NZ_CP060822.1_1815
JAHHHH010000012.1_74	NZ_JACJRV010000002.1_48
JAHHHH010000012.1_74	NZ_JACJTB010000012.1_110
JAHHHH010000012.1_74	NZ_JADEXZ010000015.1_53
JAHHHH010000012.1_74	NZ_JAUDRH010000001.1_601
JAHHHH010000012.1_74	NZ_JQFA01000002.1_562
JAHHHH010000012.1_74	NZ_AP017367.1_4694
JAHHHH010000012.1_74	NZ_QVFV01000002.1_1358
JAHHHH010000012.1_74	NZ_CP053661.1_2363
JAHHHH010000012.1_74	NZ_CP110848.1_3553
JAHHHH010000012.1_74	NZ_JAQKQJ010000010.1_884
JAGVOW010000060.1_27	JAGVOW010000060.1_27
JAGVOW010000060.1_27	MVRP01000108.1_7
JAGVOW010000060.1_27	DIEX01000030.1_48
JAGVOW010000060.1_27	JAJFUM010000209.1_11
JAGVOW010000060.1_27	JAKQPD010000225.1_1
JAGVOW010000060.1_27	JAKJGA010000032.1_13
JAGVOW010000060.1_27	JAEWVM010000215.1_7
JAGVOW010000060.1_27	JAEWVL010000484.1_5
JAGVOW010000060.1_27	JAKPJF010000169.1_39
JAGVOW010000060.1_27	NZ_FOBS01000018.1_23
JAGVOW010000060.1_27	JACRBX010000224.1_6
JAIHAR010000004.1_96	JAIHAR010000004.1_96
JAIHAR010000004.1_96	JAOAHS010000021.1_27
JAIHAR010000004.1_96	NC_014758.1_683
JAIHAR010000004.1_96	NC_014836.1_694
JAIHAR010000004.1_96	NZ_JACHID010000010.1_13
JAIHAR010000004.1_96	DKFJ01000012.1_378
JAIHAR010000004.1_96	NC_013943.1_1043
JAIHAR010000004.1_96	NZ_ATWF01000001.1_763
JAIHAR010000004.1_96	NZ_KI273144.1_225
JAIHAR010000004.1_96	NZ_JAJAPB010000002.1_178
JAIHAR010000004.1_96	LUZY01000003.1_128
JAIHAR010000004.1_96	NZ_CP035108.1_1931
BNUH01000008.1_34	BNUH01000008.1_34
BNUX01000006.1_19	BNUX01000006.1_19
BNUX01000006.1_19	BNVD01000177.1_4
BNUX01000006.1_19	JAIROG010000036.1_23
BNUX01000006.1_19	JAISEB010000205.1_1
BNUX01000006.1_19	JAISAQ010000085.1_19
BNUX01000006.1_19	JAIRXH010000197.1_1
BNUX01000006.1_19	JAISYA010000155.1_4
JAOZID010000010.1_660	JAOZID010000010.1_660
JAPLST010000160.1_5	JAPLST010000160.1_5
JAOAHQ010000035.1_29	JAOAHQ010000035.1_29
JAOAHQ010000035.1_29	AP014633.1_1781
JAOAHQ010000035.1_29	NZ_CP048029.1_2422
JAOAHQ010000035.1_29	MFNF01000004.1_35
JAOAHQ010000035.1_29	DDKS01000006.1_108
JAOAHQ010000035.1_29	QKBZ01000131.1_1
JAOAHQ010000035.1_29	VEPB01000023.1_3
JAOAHQ010000035.1_29	JACPEH010000010.1_181
JAOAHQ010000035.1_29	JANJVS010000078.1_8
JAOAHQ010000035.1_29	JAQUAX010000011.1_85
JAOAHQ010000035.1_29	CP107246.1_362
JAOAHQ010000035.1_29	NZ_CP029331.1_1581
JAOAHQ010000035.1_29	NZ_CP039268.1_1845
JAOAHQ010000035.1_29	NZ_CP064781.1_1279
JAOAHQ010000035.1_29	JACRCH010000097.1_8
JAOAHQ010000035.1_29	JACQEX010000062.1_7
JAOAHQ010000035.1_29	JAITQD010000120.1_13
JAOAHQ010000035.1_29	DBMG01000129.1_7
JAOAHQ010000035.1_29	PHCE01000006.1_130
JAOAHQ010000035.1_29	JACAEF010000013.1_30
JAOAHQ010000035.1_29	JAGNOM010000008.1_13
JAOAHQ010000035.1_29	JAGTRM010000007.1_58
JAOAHQ010000035.1_29	JACKMA010000002.1_514
JAOAHQ010000035.1_29	BNUB01000026.1_19
JAOAHQ010000035.1_29	JAQVHL010000042.1_20
JAOAHQ010000035.1_29	JARFTZ010000039.1_79
JAOAHQ010000035.1_29	JARFTX010000016.1_24
JAOAHQ010000035.1_29	JARKPC010000165.1_4
JAOAHQ010000035.1_29	JAOTRT010000007.1_7
JAOAHQ010000035.1_29	JAUYSK010000024.1_219
JAOAHQ010000035.1_29	JAVBYI010000005.1_89
JAOAHQ010000035.1_29	JAVHXQ010000047.1_20
JAOAHQ010000035.1_29	JAIRNL010000255.1_5
JAOAHQ010000035.1_29	JAISSY010000168.1_20
JAOAHQ010000035.1_29	JAITLI010000002.1_3
JAOAHQ010000035.1_29	JAITJU010000074.1_10
JAOAHQ010000035.1_29	JAITSU010000090.1_66
JAOAHQ010000035.1_29	JAITNI010000315.1_12
JAOAHQ010000035.1_29	LT599022.1_2164
JAOAHQ010000035.1_29	CAMFLH010000043.1_11
JAOAHQ010000035.1_29	NZ_JH600070.1_1603
JAOAHQ010000035.1_29	NZ_KB892846.1_315
JAOAHQ010000035.1_29	NZ_CP007142.1_1680
JAOAHQ010000035.1_29	NZ_CP012373.2_746
JAOAHQ010000035.1_29	NZ_QWEZ01000002.1_753
JAOAHQ010000035.1_29	NZ_AP018724.1_1920
JAOAHQ010000035.1_29	NZ_SSOC01000004.1_227
JAOAHQ010000035.1_29	NZ_WIXJ01000007.1_77
JAOAHQ010000035.1_29	NZ_JABCSC020000001.1_1324
JAOAHQ010000035.1_29	NZ_JACJFM010000007.1_89
JAOAHQ010000035.1_29	NZ_JACIET010000001.1_1039
JAOAHQ010000035.1_29	NZ_JACIZI010000004.1_122
JAOAHQ010000035.1_29	NZ_JACUUA010000032.1_20
JAOAHQ010000035.1_29	NZ_CP071060.1_2309
JAOAHQ010000035.1_29	NZ_JAEMGS010000002.1_330
JAOAHQ010000035.1_29	NZ_JAERQK010000001.1_186
JAOAHQ010000035.1_29	NZ_JAHBAH010000001.1_2856
JAOAHQ010000035.1_29	NZ_CP075188.1_946
JAOAHQ010000035.1_29	NZ_JANZKY010000007.1_48
JAOAHQ010000035.1_29	NZ_JAPFHA010000001.1_167
JAOAHQ010000035.1_29	NZ_BSFG01000019.1_74
JAOAHQ010000035.1_29	NZ_JAVALZ010000001.1_164
JAOAHQ010000035.1_29	NZ_FLQY01000050.1_18
JAOAHQ010000035.1_29	NZ_FNCY01000001.1_182
JAOAHQ010000035.1_29	NZ_FOFJ01000009.1_66
JAOAHQ010000035.1_29	NZ_FPJW01000008.1_68
JAOAHQ010000035.1_29	NZ_CAJQTX010000004.1_51
JAOAHQ010000035.1_29	JAFEDJ010000039.1_33
JAOAHQ010000035.1_29	SSTA01000101.1_10
JAOAHQ010000035.1_29	CP054864.1_488
JAOAHQ010000035.1_29	JAQUHG010000020.1_1
JAOAHQ010000035.1_29	JAOAUC010000086.1_75
JAOAHQ010000035.1_29	NZ_SSXX01000002.1_419
JAOAHQ010000035.1_29	NZ_JACHXI010000010.1_82
JAOAHQ010000035.1_29	JAOADW010000008.1_39
JAOAHQ010000035.1_29	NZ_CP016210.1_541
JAOAHQ010000035.1_29	JAABQV010000010.1_86
JAOAHQ010000035.1_29	VEPL01000007.1_119
JAOAHQ010000035.1_29	JADJLT010000002.1_117
JAOAHQ010000035.1_29	JAEWVQ010000240.1_3
JAOAHQ010000035.1_29	JAUYEI010000085.1_3
JAOAHQ010000035.1_29	NZ_SNVV01000014.1_104
JAOAHQ010000035.1_29	NZ_CP022958.1_717
JAOAHQ010000035.1_29	NZ_WUEI01000044.1_17
JAOAHQ010000035.1_29	NZ_CP075190.1_1450
JAOAHQ010000035.1_29	NZ_CP075185.1_1576
JAOAHQ010000035.1_29	NZ_JACBFO010000003.1_147
JAOAHQ010000035.1_29	NZ_MSLT01000006.1_367
JAOAHQ010000035.1_29	NZ_MDUX01000005.1_11
JAOAHQ010000035.1_29	NZ_FOVE01000009.1_54
JAOAHQ010000035.1_29	CAIZDF010000178.1_5
JAOAHQ010000035.1_29	SMDE01000005.1_47
JAOAHQ010000035.1_29	JAQUHG010000110.1_7
JAOAHQ010000035.1_29	FONB01000005.1_279
JAOAHQ010000035.1_29	CABDWT010000016.1_861
JAOAHQ010000035.1_29	CAMFKP010000012.1_58
JAOAHQ010000035.1_29	NC_012691.1_659
JAOAHQ010000035.1_29	NC_016819.1_109
JAOAHQ010000035.1_29	NZ_CP007215.2_2369
JAOAHQ010000035.1_29	NZ_CM001974.1_414
JAOAHQ010000035.1_29	NZ_CM001976.1_3713
JAOAHQ010000035.1_29	NC_021500.1_513
JAOAHQ010000035.1_29	NZ_AZUK01000001.1_2242
JAOAHQ010000035.1_29	NZ_JSYG01000043.1_4
JAOAHQ010000035.1_29	NZ_CP015137.1_1249
JAOAHQ010000035.1_29	NZ_CP025003.1_3778
JAOAHQ010000035.1_29	NZ_PITQ01000003.1_168
JAOAHQ010000035.1_29	NZ_CP025085.1_1028
JAOAHQ010000035.1_29	NZ_SJOP01000014.1_43
JAOAHQ010000035.1_29	NZ_SZPQ01000043.1_26
JAOAHQ010000035.1_29	NZ_VYKJ01000018.1_9
JAOAHQ010000035.1_29	NZ_JAADJU010000003.1_224
JAOAHQ010000035.1_29	NZ_JACHGR010000001.1_110
JAOAHQ010000035.1_29	NZ_CP109947.1_2089
JAOAHQ010000035.1_29	NZ_FMAY01000009.1_170
JAOAHQ010000035.1_29	NZ_FXWP01000009.1_327
JAOABH010000004.1_352	JAOABH010000004.1_352
JAOABH010000004.1_352	DDOS01000126.1_23
JAPMTS010000049.1_11	JAPMTS010000049.1_11
JALSPN010000227.1_3	JALSPN010000227.1_3
JALSPN010000227.1_3	DROK01000170.1_3
JALSPN010000227.1_3	JAADEG010000047.1_26
JALSPN010000227.1_3	WGCA01000002.1_11
JALSPN010000227.1_3	JALSKZ010000026.1_5
JALSPN010000227.1_3	NC_015681.1_1056
JALSPN010000227.1_3	NZ_ATXH01000010.1_34
JALSPN010000227.1_3	NZ_LSFI01000005.1_34
JALSPN010000227.1_3	NZ_LWLG01000003.1_42
JALSPN010000227.1_3	NZ_CP042909.1_824
JALSPN010000227.1_3	NZ_JAIFYA010000002.1_237
JALSPN010000227.1_3	NZ_FOUU01000006.1_27
JALSLT010000086.1_6	JALSLT010000086.1_6
JALSLT010000086.1_6	NZ_FZOB01000004.1_89
JALSKY010000089.1_7	JALSKY010000089.1_7
JALUTR010000086.1_24	JALUTR010000086.1_24
JALUTR010000086.1_24	JAADGP010000120.1_22
JALVYA010000080.1_4	JALVYA010000080.1_4
JALVYA010000080.1_4	QNXS01000077.1_20
JALWFG010000008.1_99	JALWFG010000008.1_99
JAMOMT010000077.1_8	JAMOMT010000077.1_8
JAMOMT010000077.1_8	JALSQI010000027.1_49
JAMOMT010000077.1_8	JALSLC010000024.1_4
DAHWJX010000074.1_7	DAHWJX010000074.1_7
DAHWJX010000074.1_7	JASBVN010000002.1_7
DAHWJX010000074.1_7	NZ_CP024955.1_1592
JAISZW010000069.1_1	JAISZW010000069.1_1
JAITSS010000046.1_34	JAITSS010000046.1_34
JAITSS010000046.1_34	QKEJ01000123.1_11
JAITSS010000046.1_34	JAEWQB010000002.1_14
JAITSS010000046.1_34	JAITSV010000076.1_10
JAITSS010000046.1_34	NZ_AGFG01000060.1_111
JAITSS010000046.1_34	NZ_KI632512.1_2811
JAITSS010000046.1_34	NZ_VSMK01000127.1_2
JAITSS010000046.1_34	NZ_BLVP01000002.1_186
JAITSS010000046.1_34	NZ_VRYY01000094.1_2
JAITSS010000046.1_34	NZ_JAIOTY010000001.1_364
JAITSS010000046.1_34	DNUE01000066.1_18
JAITSS010000046.1_34	JAABQY010000182.1_2
JAITSS010000046.1_34	JACRCN010000010.1_12
JAITSS010000046.1_34	NC_014365.1_443
JAITSS010000046.1_34	NZ_CP050699.1_219
JAITSS010000046.1_34	JAHIND010000002.1_36
JAITSS010000046.1_34	JAHLKT010000004.1_570
JAITSS010000046.1_34	JAIPEN010000003.1_28
JAITSS010000046.1_34	JAIPDO010000010.1_16
JAITSS010000046.1_34	JACKCP010000019.1_7
JAITSS010000046.1_34	JAKITW010000014.1_12
JAITSS010000046.1_34	NVXR01000005.1_140
JAITSS010000046.1_34	JAIFKM010000218.1_16
JAITSS010000046.1_34	JAUYSF010000299.1_2
JAITSS010000046.1_34	NZ_FRFE01000005.1_216
JAITSS010000046.1_34	JANJUM010000257.1_2
JAITSS010000046.1_34	DHYV01000024.1_164
JAITSS010000046.1_34	QZJD01000092.1_6
JAITSS010000046.1_34	DSAE01000145.1_2
JAITSS010000046.1_34	JALHJD010000041.1_9
JAITSS010000046.1_34	CALGIJ010000021.1_178
JAITSS010000046.1_34	NZ_JAFFQC010000020.1_60
JAITSS010000046.1_34	CAIQWD010000027.1_48
JAITSS010000046.1_34	CAMBBS010000002.1_159
JAITSS010000046.1_34	JAEQMT010000021.1_44
JAITSS010000046.1_34	JAUVWB010000046.1_8
JAITSS010000046.1_34	NZ_KE387004.1_216
JAITSS010000046.1_34	NZ_SWCN01000012.1_65
JAITSS010000046.1_34	NZ_SWCM01000012.1_11
JAITSS010000046.1_34	NZ_FQXS01000023.1_43
JAITSS010000046.1_34	NC_012881.1_449
JAITSS010000046.1_34	JASJDT010000016.1_32
JAITSS010000046.1_34	NZ_LT907975.1_3389
JAITSS010000046.1_34	NC_016803.1_1296
JAITSS010000046.1_34	JACCQI010000006.1_21
JAITSS010000046.1_34	NC_005863.1_15
JAITSS010000046.1_34	JAVBYL010000316.1_12
JAITSS010000046.1_34	MGTN01000127.1_57
JAITSS010000046.1_34	MNUQ01000182.1_5
JAITSS010000046.1_34	DHWB01000004.1_481
JAITSS010000046.1_34	PHAR01000004.1_10
JAITSS010000046.1_34	PHBE01000015.1_83
JAITSS010000046.1_34	QZKZ01000234.1_5
JAITSS010000046.1_34	JACRDI010000026.1_83
JAITSS010000046.1_34	JAHIUD010000076.1_11
JAITSS010000046.1_34	JAHJLI010000255.1_11
JAITSS010000046.1_34	JAHJLB010000006.1_39
JAITSS010000046.1_34	JAHIQM010000004.1_185
JAITSS010000046.1_34	JAEXRD010000044.1_6
JAITSS010000046.1_34	JANJWV010000070.1_28
JAITSS010000046.1_34	JARLHQ010000022.1_18
JAITSS010000046.1_34	CAIMRY010000029.1_220
JAITSS010000046.1_34	CAJXRQ010000024.1_16
JAITSS010000046.1_34	CAJXYU010000006.1_182
JAITSS010000046.1_34	NC_013173.1_829
JAITSS010000046.1_34	NZ_AQXE01000007.1_143
JAITSS010000046.1_34	NZ_AUAR01000008.1_97
JAITSS010000046.1_34	NZ_AUCX01000006.1_169
JAITSS010000046.1_34	NZ_CP040751.1_1626
JAITSS010000046.1_34	NZ_CP051216.1_2061
JAITSS010000046.1_34	NZ_JADBGG010000010.1_50
JAITSS010000046.1_34	NZ_JAMHGA010000038.1_201
JAITSS010000046.1_34	NZ_CP100351.1_848
JAITSS010000046.1_34	NZ_CP104208.1_1433
JAITSS010000046.1_34	NZ_JAVHLD010000015.1_47
JAITSS010000046.1_34	NZ_FORX01000022.1_19
JAITSS010000046.1_34	NZ_FZOC01000004.1_407
JAITSS010000046.1_34	NZ_AP017378.1_1483
JAITSS010000046.1_34	NZ_JAEX01000002.1_42
JAITSS010000046.1_34	JACCQO010000001.1_37
JAITSS010000046.1_34	JAJXUT010000009.1_14
JAITSS010000046.1_34	NZ_QTZO01000002.1_177
JAITSS010000046.1_34	NZ_WODC01000006.1_70
JAITSS010000046.1_34	NZ_WYDS01000003.1_146
JAITSS010000046.1_34	NZ_ARQF01000021.1_486
JAITSS010000046.1_34	NZ_AP027130.1_791
JAITSS010000046.1_34	NZ_FWZU01000001.1_912
JAITSS010000046.1_34	JAQYWK010000003.1_600
JAITSS010000046.1_34	NZ_JONL01000005.1_23
JAITSS010000046.1_34	NZ_VCNC01000006.1_76
JAITSQ010000030.1_13	JAITSQ010000030.1_13
JAITRO010000137.1_17	JAITRO010000137.1_17
JAITRL010000323.1_3	JAITRL010000323.1_3
JAITRH010000051.1_13	JAITRH010000051.1_13
JAITRH010000051.1_13	JAITBO010000410.1_10
JAITRD010000305.1_1	JAITRD010000305.1_1
JAITRD010000305.1_1	JAIRNA010000077.1_20
JAITRD010000305.1_1	JAIRMT010000013.1_3
JAITRD010000305.1_1	JAISAE010000060.1_29
JAITRD010000305.1_1	JAIRYT010000017.1_14
JAITRD010000305.1_1	JAISRD010000151.1_6
JAITRD010000305.1_1	JAITIX010000110.1_4
JAITRD010000305.1_1	JAITAM010000073.1_3
JAITRD010000305.1_1	BNVE01000065.1_14
JAITRD010000305.1_1	BOBW01000007.1_15
JAITRD010000305.1_1	JAIRLU010000151.1_13
JAITRD010000305.1_1	JAIRNP010000100.1_16
JAITRD010000305.1_1	JAISGE010000014.1_9
JAITRD010000305.1_1	JAISQV010000006.1_6
JAITRD010000305.1_1	JAITRH010000092.1_9
JAITRD010000305.1_1	JAISJS010000051.1_10
JAITPR010000059.1_49	JAITPR010000059.1_49
JAITOZ010000183.1_9	JAITOZ010000183.1_9
JAITOZ010000183.1_9	JAITQJ010000199.1_15
JAITOZ010000183.1_9	BNZC01000006.1_31
JAITOZ010000183.1_9	JAITBS010000218.1_23
JAITOU010000035.1_11	JAITOU010000035.1_11
JAITOY010000038.1_83	JAITOY010000038.1_83
JAITOY010000038.1_83	JAISLO010000130.1_12
JAITOY010000038.1_83	JAIRWR010000092.1_22
JAITOY010000057.1_13	JAITOY010000057.1_13
JAITOY010000057.1_13	JAITGK010000057.1_1
JAITOY010000057.1_13	JAITGX010000044.1_10
JAITOS010000156.1_2	JAITOS010000156.1_2
JAITOS010000156.1_8	JAITOS010000156.1_8
JAITOM010000270.1_4	JAITOM010000270.1_4
JAITOM010000270.1_4	NZ_LWMT01000264.1_9
JAITOM010000270.1_4	WRMT01000062.1_3
JAITOM010000270.1_4	JAISIT010000144.1_18
JAITOM010000270.1_4	JAISIQ010000013.1_7
JAITOM010000270.1_4	JAISTD010000122.1_4
JAITOM010000270.1_4	NZ_LWMW01000147.1_32
JAITOM010000270.1_4	NZ_JXMW01000016.1_9
JAITOM010000270.1_4	NZ_JAHLZE010000007.1_5
JAITOM010000270.1_4	NZ_CALGFC010000003.1_17
JAITOF010000018.1_14	JAITOF010000018.1_14
JAITOF010000018.1_14	CP076745.1_439
JAITOC010000047.1_7	JAITOC010000047.1_7
JAITOC010000047.1_7	JAISMZ010000161.1_3
JAITOC010000047.1_7	JAITRZ010000035.1_12
JAITOC010000047.1_7	JAIRXA010000129.1_4
JAITOC010000047.1_7	JAISLY010000061.1_1
JAISLQ010000072.1_47	JAISLQ010000072.1_47
JAISLQ010000072.1_47	JAISPA010000024.1_4
JARLIO010000041.1_90	JARLIO010000041.1_90
JARLIO010000041.1_90	DBTS01000029.1_5
JARLIO010000041.1_90	JARLJB010000007.1_44
JARLIH010000002.1_20	JARLIH010000002.1_20
JARLHR010000095.1_21	JARLHR010000095.1_21
JARLHR010000095.1_21	JAJXWH010000032.1_27
NC_005090.1_1301	NC_005090.1_1301
NC_005090.1_1301	JAISMA010000080.1_4
NC_005090.1_1301	JAITEA010000191.1_2
NC_005090.1_1301	DIZY01000068.1_11
NC_005090.1_1301	DZAY01000002.1_13
NC_005090.1_1301	JAIRNH010000026.1_41
NC_005090.1_1301	JAISRI010000142.1_5
NC_005090.1_1301	JAISOU010000021.1_13
NZ_GL891979.1_631	NZ_GL891979.1_631
NZ_GL891979.1_631	AP017913.1_201
NZ_GL891979.1_631	DBTL01000044.1_80
NZ_GL891979.1_631	DBTT01000046.1_83
NZ_GL891979.1_631	DHVH01000231.1_5
NZ_GL891979.1_631	DIZI01000008.1_199
NZ_GL891979.1_631	JAATGU010000055.1_16
NZ_GL891979.1_631	JAFNAS010000013.1_19
NZ_GL891979.1_631	JAFNAV010000009.1_58
NZ_GL891979.1_631	JAGPIY010000055.1_10
NZ_GL891979.1_631	JAFLKK010000022.1_12
NZ_GL891979.1_631	JAIFKX010000013.1_5
NZ_GL891979.1_631	JAJYBB010000001.1_79
NZ_GL891979.1_631	JAFABG010000020.1_17
NZ_GL891979.1_631	BNTV01000017.1_29
NZ_GL891979.1_631	DAIDKM010000023.1_6
NZ_GL891979.1_631	JAQVAV010000003.1_280
NZ_GL891979.1_631	JAQUWU010000019.1_57
NZ_GL891979.1_631	JAQTUE010000005.1_46
NZ_GL891979.1_631	JAQTTH010000006.1_98
NZ_GL891979.1_631	JAUZOL010000055.1_7
NZ_GL891979.1_631	JAUZOM010000020.1_3
NZ_GL891979.1_631	JAUZOF010000065.1_8
NZ_GL891979.1_631	JAIRNV010000226.1_2
NZ_GL891979.1_631	JAIRMH010000150.1_15
NZ_GL891979.1_631	JAIRKO010000011.1_75
NZ_GL891979.1_631	JAIRKG010000065.1_3
NZ_GL891979.1_631	JAISJU010000040.1_9
NZ_GL891979.1_631	JAISYY010000288.1_9
NZ_GL891979.1_631	JAISWR010000023.1_17
NZ_GL891979.1_631	JAISUX010000004.1_7
NZ_GL891979.1_631	JAISRX010000250.1_6
NZ_GL891979.1_631	JAISQD010000125.1_4
NZ_GL891979.1_631	JAISNS010000209.1_12
NZ_GL891979.1_631	JAISMO010000142.1_2
NZ_GL891979.1_631	JAITAY010000378.1_5
NZ_GL891979.1_631	JAITAD010000039.1_16
NZ_GL891979.1_631	JAISZV010000315.1_8
NZ_GL891979.1_631	JAITRW010000001.1_12
NZ_GL891979.1_631	JAITPL010000124.1_2
NZ_GL891979.1_631	JAISLN010000127.1_3
NZ_GL891979.1_631	JARLGW010000001.1_187
NZ_GL891979.1_631	JARLGX010000033.1_45
NZ_GL891979.1_631	LR026962.1_650
NZ_GL891979.1_631	CAIUKZ010000157.1_8
NZ_GL891979.1_631	CAIWCC010000038.1_12
NZ_GL891979.1_631	CAIYOZ010000087.1_6
NZ_GL891979.1_631	CALEUX010000052.1_64
NZ_GL891979.1_631	CAMTON010000017.1_29
NZ_GL891979.1_631	CAMTOJ010000017.1_42
NZ_GL891979.1_631	CAMTOT010000057.1_6
NZ_GL891979.1_631	CAMTOS010000002.1_64
NZ_GL891979.1_631	CAMTOQ010000020.1_8
NZ_GL891979.1_631	CAMTOV010000014.1_5
NZ_GL891979.1_631	CAMTPA010000018.1_17
NZ_GL891979.1_631	CAMTPC010000044.1_3
NZ_GL891979.1_631	NC_011565.1_637
NZ_GL891979.1_631	NZ_AUFL01000011.1_116
NZ_GL891979.1_631	NZ_KE386627.1_200
NZ_GL891979.1_631	NZ_KI912105.1_2466
NZ_GL891979.1_631	NZ_KK073873.1_2552
NZ_GL891979.1_631	NZ_BAZW01000003.1_124
NZ_GL891979.1_631	NZ_BDCR01000002.1_21
NZ_GL891979.1_631	NZ_QKZK01000008.1_27
NZ_GL891979.1_631	NZ_SLWK01000010.1_127
NZ_GL891979.1_631	NZ_SPPK01000008.1_17
NZ_GL891979.1_631	NZ_WASO01000010.1_170
NZ_GL891979.1_631	NZ_JAGOOC010000061.1_7
NZ_GL891979.1_631	NZ_JAKZKV010000003.1_218
NZ_GL891979.1_631	NZ_FNVX01000005.1_990
NZ_GL891979.1_631	NZ_FQTV01000005.1_101
NZ_GL891979.1_631	NZ_FUYV01000010.1_58
NC_015589.1_3474	NC_015589.1_3474
NC_015589.1_3474	VENI01000005.1_308
NC_015589.1_3474	DYZU01000096.1_28
NC_015589.1_3474	MVRN01000118.1_10
NC_015589.1_3474	NZ_ACJM01000023.1_11
NC_015589.1_3474	NC_009253.1_3002
NC_015589.1_3474	VENG01000008.1_181
NC_015589.1_3474	JADQBQ010000019.1_99
NC_015589.1_3474	JAJZSN010000031.1_24
NC_015589.1_3474	NZ_CYSP01000014.1_42
NC_015589.1_3474	NZ_AQWN01000004.1_179
NZ_KI912268.1_870	NZ_KI912268.1_870
NZ_KI912268.1_870	JAFNAB010000032.1_19
NZ_KI912268.1_870	JAEYWD010000008.1_209
NZ_AKZI01000081.1_39	NZ_AKZI01000081.1_39
NZ_AKZI01000081.1_39	CAMFKP010000030.1_24
NZ_AKZI01000081.1_39	NZ_CAHP01000020.1_252
NZ_AKZI01000081.1_39	NZ_AQPH01000081.1_15
NZ_AKZI01000081.1_39	NZ_JFZJ01000001.1_78
NZ_AKZI01000081.1_39	NZ_LJIC01000158.1_106
NZ_AKZI01000081.1_39	NZ_QKQS01000006.1_443
NZ_AKZI01000081.1_39	NZ_RZNF01000004.1_64
NZ_AKZI01000081.1_39	NZ_SZPQ01000006.1_132
NZ_AKZI01000081.1_39	NZ_CP041387.1_1501
NZ_AKZI01000081.1_39	NZ_QUMK01000077.1_18
NZ_AKZI01000081.1_39	NZ_JAJNAL010000004.1_19
NZ_AKZI01000081.1_39	NZ_FNWO01000003.1_259
NZ_AKZI01000081.1_39	JADMXW010000009.1_77
NZ_AKZI01000081.1_39	JAKMAJ010000002.1_93
NZ_AKZI01000081.1_39	NZ_CM001857.1_2651
NZ_AKZI01000081.1_39	NZ_MLJI01000002.1_200
NZ_AKZI01000081.1_39	NZ_NISF01000001.1_803
NZ_AKZI01000081.1_39	NZ_KZ819024.1_96
NZ_AKZI01000081.1_39	NZ_QGTS01000007.1_183
NZ_AKZI01000081.1_39	NZ_QNRY01000002.1_44
NZ_AKZI01000081.1_39	NZ_CP034035.1_2725
NZ_AKZI01000081.1_39	NZ_PEHF01000066.1_131
NZ_AKZI01000081.1_39	NZ_CP050854.1_827
NZ_AKZI01000081.1_39	NZ_CP081864.1_3392
NZ_AKZI01000081.1_39	NZ_JAIVKM010000001.1_395
NZ_AKZI01000081.1_39	NZ_JAGFPE010000009.1_77
NZ_AKZI01000081.1_39	NZ_FPAU01000007.1_156
NZ_AKZI01000081.1_39	JACRJB010000068.1_88
NZ_AKZI01000081.1_39	JAGTRY010000045.1_32
NZ_AKZI01000081.1_39	NZ_CP020384.1_3359
NZ_AKZI01000081.1_39	NZ_QJTK01000011.1_21
NZ_AKZI01000081.1_39	NZ_QKZO01000014.1_47
NZ_AKZI01000081.1_39	NZ_SWJZ01000010.1_20
NZ_AKZI01000081.1_39	NZ_JACHIH010000003.1_47
NZ_AKZI01000081.1_39	NZ_OBMT01000007.1_53
NZ_AEEA01000037.1_44	NZ_AEEA01000037.1_44
NZ_AEEA01000037.1_44	JAISAN010000084.1_5
NC_018664.1_2187	NC_018664.1_2187
NC_018664.1_2187	JAUZPI010000032.1_5
NC_018664.1_2187	NZ_JAFJZZ010000002.1_390
NZ_AJLK01000109.1_10	NZ_AJLK01000109.1_10
NZ_NHSJ01000070.1_43	NZ_NHSJ01000070.1_43
NZ_NHSJ01000070.1_43	NZ_JAOQNX010000014.1_25
NZ_NHSJ01000070.1_43	NZ_FYDG01000003.1_238
NZ_NHSJ01000070.1_43	NZ_FYDG01000006.1_10
NZ_PVXQ01000001.1_146	NZ_PVXQ01000001.1_146
NZ_PVXQ01000001.1_146	NC_020291.1_3007
NZ_PVXQ01000001.1_146	NZ_LZZM01000215.1_10
NZ_PVXQ01000001.1_146	NZ_JAABNP010000002.1_176
NZ_PVXQ01000001.1_146	NZ_JABTAE010000001.1_3970
NZ_PVXQ01000001.1_146	NZ_MZGT01000078.1_6
NZ_PVXQ01000001.1_146	NZ_AP024849.1_3484
NZ_PVXQ01000001.1_146	NZ_JAJFUC010000052.1_36
NZ_QAAD01000014.1_51	NZ_QAAD01000014.1_51
NZ_QAAD01000014.1_51	DHQI01000129.1_10
NZ_QAAD01000014.1_51	QKJP01000063.1_33
NZ_QAAD01000014.1_51	QKGS01000086.1_11
NZ_QAAD01000014.1_51	QKIO01000137.1_13
NZ_QAAD01000014.1_51	VCHY01000011.1_97
NZ_QAAD01000014.1_51	JAAYAG010000022.1_11
NZ_QAAD01000014.1_51	JAGXIO010000085.1_11
NZ_QAAD01000014.1_51	JAFMVE010000020.1_68
NZ_QAAD01000014.1_51	JAQICC010000107.1_10
NZ_QAAD01000014.1_51	JAQQAK010000098.1_12
NZ_QAAD01000014.1_51	JAQQAP010000008.1_106
NZ_QAAD01000014.1_51	JAJUGZ010000022.1_6
NZ_QAAD01000014.1_51	CAJXZG010000068.1_15
NZ_QAAD01000014.1_51	NZ_JRHC01000008.1_16
NZ_QAAD01000014.1_51	NZ_LXYE02000053.1_76
NZ_QAAD01000014.1_51	NZ_LYBV02000034.1_12
NZ_QAAD01000014.1_51	NZ_RAPN01000001.1_3236
NZ_QAAD01000014.1_51	NZ_CP048409.1_1068
NZ_QAAD01000014.1_51	NZ_JAAAGB010000016.1_47
NZ_QAAD01000014.1_51	NZ_JAGUCO010000002.1_302
NZ_QAAD01000014.1_51	NZ_JAPDPJ010000005.1_43
NZ_QAAD01000014.1_51	NZ_JAPDPI010000040.1_36
NZ_QAAD01000014.1_51	NZ_CAJXTC010000045.1_22
NZ_QAAD01000014.1_51	NZ_CAJXYQ010000003.1_287
NZ_QAAD01000014.1_51	JADHTF010000033.1_18
NZ_QAAD01000014.1_51	NC_011059.1_1621
NZ_QAAD01000014.1_51	NZ_VDCI01000001.1_509
NZ_QAAD01000014.1_51	JAFGRW010000109.1_16
NZ_QAAD01000014.1_51	JAFGQL010000107.1_6
NZ_QAAD01000014.1_51	NZ_WKLH01000003.1_665
NZ_QAAD01000014.1_51	QKCF01000252.1_2
NZ_QAAD01000014.1_51	NZ_KI912107.1_4066
NZ_QAAD01000014.1_51	NZ_WVEM01000015.1_74
NZ_QFWT01000003.1_71	NZ_QFWT01000003.1_71
NZ_QFWT01000003.1_71	PAPM01000038.1_21
NZ_QFWT01000003.1_71	CAMYJU010000007.1_35
NZ_QFWT01000003.1_71	JAHXHI010000261.1_8
NZ_QFWT01000003.1_71	CAMYJD010000021.1_55
NZ_QFWT01000003.1_71	NZ_ATFJ01000012.1_97
NZ_QFWT01000003.1_71	NZ_AUBY01000017.1_11
NZ_QFWT01000003.1_71	NZ_AUBZ01000007.1_111
NZ_QFWT01000003.1_71	NZ_JACVEG010000002.1_353
NZ_QFWT01000003.1_71	NZ_AP026764.1_1055
NZ_QFWT01000003.1_71	NZ_CP013021.1_348
NZ_QFWT01000003.1_71	NZ_AP014636.1_484
NZ_QFWT01000003.1_71	NZ_NGNS01000022.1_46
NZ_QFWT01000003.1_71	NZ_SLZR01000012.1_22
NZ_QFWT01000003.1_71	NZ_JACXAF010000002.1_31
NZ_QFWT01000003.1_71	NZ_JADPMR010000004.1_361
NZ_QFWT01000003.1_71	NZ_MCUV01000011.1_82
NZ_QFWT01000003.1_71	SDWN01000811.1_3
NZ_QFWT01000003.1_71	CANNGN010000003.1_314
NZ_QFWT01000003.1_71	NZ_JXQD01000002.1_64
NZ_QFWT01000003.1_71	NZ_JAFEUM010000001.1_823
NZ_QFWT01000003.1_71	NZ_JAHXZR010000004.1_114
NZ_QFWT01000003.1_71	NZ_JARQZP010000003.1_206
NZ_QFWT01000003.1_71	NZ_FNVG01000002.1_264
NZ_QFWT01000003.1_71	NZ_QPID01000001.1_115
NZ_QFWT01000003.1_71	PEAN01000058.1_24
NZ_QFWT01000003.1_71	JADGCV010000028.1_18
NZ_QFWT01000003.1_71	JACKNC010000003.1_584
NZ_QFWT01000003.1_71	JANQHG010000128.1_11
NZ_QFWT01000003.1_71	NZ_BJEQ01000006.1_157
NZ_QFWT01000003.1_71	NZ_VKAD01000001.1_66
NZ_QFWT01000003.1_71	NZ_CP047475.1_1189
NZ_QFWT01000003.1_71	NZ_AP023032.1_2185
NZ_QFWT01000003.1_71	NZ_BLPI01000001.1_3780
NZ_QFWT01000003.1_71	NZ_AP023033.1_2196
NZ_QFWT01000003.1_71	NZ_JAJSLX010000003.1_203
NZ_QFWT01000003.1_71	NZ_CP096670.1_1700
NZ_QFWT01000003.1_71	NZ_JAMQGP010000006.1_101
NZ_QFWT01000003.1_71	NZ_AP024861.1_446
NZ_QFWT01000003.1_71	NZ_AP024883.1_1568
NZ_QFWT01000003.1_71	NZ_JANEYT010000021.1_2
NZ_QFWT01000003.1_71	NZ_JAQLOI010000001.1_2228
NZ_QFWT01000003.1_71	NZ_CP092107.1_1610
NZ_QFWT01000003.1_71	NZ_JAUFQF010000004.1_2300
NZ_QFWT01000003.1_71	NZ_FOAA01000001.1_336
NZ_QFWT01000003.1_71	NZ_KK214997.1_322
NZ_QFWT01000003.1_71	NZ_CP011994.1_3122
NZ_QFWT01000003.1_71	NZ_FUXB01000001.1_37
NZ_QFWT01000003.1_71	NZ_UNRE01000008.1_52
NZ_QFWT01000003.1_71	NZ_CAKLCM010000003.1_427
NZ_QGDS01000004.1_53	NZ_QGDS01000004.1_53
NZ_QGDS01000004.1_53	JACERV010000023.1_70
NZ_QGMY01000009.1_81	NZ_QGMY01000009.1_81
NZ_QJTK01000019.1_7	NZ_QJTK01000019.1_7
NZ_QJTK01000019.1_7	NZ_CP012661.1_1541
NZ_QJTK01000019.1_7	NZ_NRRD01000017.1_71
NZ_QJTK01000019.1_7	NZ_FTOG01000008.1_109
NZ_QJTK01000019.1_7	NZ_OBMT01000006.1_80
NZ_QJTK01000019.1_7	NZ_CP015418.1_3010
NZ_QJTK01000019.1_7	NZ_PZKF01000026.1_9
NZ_QJTK01000019.1_7	JAAYVT010000660.1_17
NZ_QJTK01000019.1_7	NZ_SLXO01000005.1_135
JAAAPF010000227.1_13	JAAAPF010000227.1_13
JAAAOG010000158.1_6	JAAAOG010000158.1_6
VMEE01000076.1_33	VMEE01000076.1_33
VMEE01000076.1_33	CP092282.1_597
VMEE01000076.1_33	NC_015172.1_2811
VMEE01000076.1_33	NC_018866.1_1974
VMEE01000076.1_33	DHRA01000077.1_20
VMEE01000076.1_33	NZ_QFGA01000001.1_1035
JAAHHJ010000020.1_90	JAAHHJ010000020.1_90
JAAHHJ010000020.1_90	JAAHGS010000011.1_5
JAAHHJ010000020.1_90	NZ_JAAHHT010000019.1_85
JAAHHJ010000020.1_90	JAGGDU010000046.1_142
JAAHHJ010000020.1_90	JAKQYE010000039.1_14
JAAHHJ010000020.1_90	JASJEE010000055.1_4
JAAHHJ010000020.1_90	NZ_RCBY01000011.1_56
JAAHHJ010000020.1_90	NZ_JAAHGO010000012.1_329
JAAHHJ010000020.1_90	NZ_JAAHGH010000008.1_287
JAAHHJ010000020.1_90	NZ_JAAHGF010000022.1_32
JAAHHJ010000020.1_90	NZ_JAAHHG010000009.1_22
JAAHHJ010000020.1_90	NZ_BLZO01000144.1_21
DUFD01000045.1_67	DUFD01000045.1_67
DUFA01000145.1_11	DUFA01000145.1_11
WOZJ01000062.1_15	WOZJ01000062.1_15
WOYS01000013.1_11	WOYS01000013.1_11
WOYS01000013.1_11	JADGHD010000118.1_4
WOYS01000013.1_11	NZ_JAIVFL010000001.1_232
JAABYK010000162.1_17	JAABYK010000162.1_17
VEPM01000035.1_36	VEPM01000035.1_36
VEPM01000035.1_36	VEPN01000005.1_82
VEPM01000035.1_36	DYGR01000010.1_7
VEPM01000035.1_36	JAGFND010000012.1_6
VEPM01000035.1_36	JAHFDG010000038.1_6
VEPM01000035.1_36	JAPZAV010000065.1_23
VEPM01000035.1_36	JAPZAS010000036.1_122
VEPM01000035.1_36	JAPZAP010000080.1_11
VEPM01000035.1_36	JAJRAP010000098.1_9
VEPM01000035.1_36	JAQUNZ010000003.1_71
VEPM01000035.1_36	JAUSDC010000004.1_14
VEPM01000035.1_36	CABMCA010000102.1_32
VEPM01000035.1_36	CABMIB010000093.1_2
VEPM01000035.1_36	CABMII010000067.1_3
VEPM01000035.1_36	CAJPFJ010000024.1_72
VEPM01000035.1_36	NZ_JMIY01000001.1_759
VEPM01000035.1_36	NZ_NTMG01000054.1_54
VEPM01000035.1_36	NZ_FZMP01000244.1_5
VEPN01000001.1_12	VEPN01000001.1_12
JAAUSQ010000036.1_6	JAAUSQ010000036.1_6
JAAXQB010000082.1_3	JAAXQB010000082.1_3
JAAXZX010000029.1_1	JAAXZX010000029.1_1
JAAXZX010000029.1_1	JAEYOK010000013.1_15
JAAXZX010000029.1_1	JAEZLR010000043.1_36
JAAXZX010000029.1_1	JAKIML020000019.1_40
JAAXZX010000029.1_1	JAEXNT010000062.1_32
JAAXZX010000029.1_1	JAEYOM010000087.1_25
JAAXZX010000029.1_1	JAISDG010000080.1_10
JAAXZX010000029.1_1	NZ_LKET01000014.1_108
JAAYHY010000160.1_66	JAAYHY010000160.1_66
JAAYHY010000160.1_66	JAAYXD010000144.1_16
JAAYHY010000160.1_66	JAAYRK010000073.1_16
JAAYHY010000160.1_66	JAEYPM010000044.1_18
JAAYHY010000160.1_66	NZ_BAVR01000011.1_49
JAAYHY010000160.1_66	NZ_CVTD020000028.1_61
JAAYHY010000160.1_66	NZ_JAFBEP010000007.1_27
CP070659.1_860	CP070659.1_860
JAHLLK010000028.1_38	JAHLLK010000028.1_38
JACKIG010000013.1_96	JACKIG010000013.1_96
JACKIG010000013.1_96	JANQIX010000026.1_31
JACKIG010000013.1_96	JANQQD010000065.1_17
JADZCD010000028.1_29	JADZCD010000028.1_29
JADZCD010000028.1_29	SKKK01000483.1_2
JADZCD010000028.1_29	SLEY01000464.1_20
JADZCD010000028.1_29	REEF01001100.1_8
JADZCD010000028.1_29	JANYKD010000055.1_60
JADZCD010000028.1_29	CAIPEB010000462.1_19
JADZCD010000028.1_29	CP050848.1_1508
JADZCD010000028.1_29	NZ_SJPV01000001.1_559
JADZCD010000028.1_29	JAHDXO010000115.1_7
JADZCD010000028.1_29	SJPJ01000001.1_4346
JADZCD010000028.1_29	CAIYOB010000766.1_12
JADZCD010000028.1_29	NZ_SJPY01000001.1_314
JADZCD010000028.1_29	JANQFR010000004.1_31
JADZCD010000028.1_29	PAIY01000058.1_3
JADZCD010000028.1_29	CP087563.1_4211
JADZCD010000028.1_29	NZ_CP036319.1_2418
JADZCD010000028.1_29	NZ_JAAXMS010000004.1_273
JADZCD010000028.1_29	JANQHJ010000106.1_8
JAIORP010000047.1_28	JAIORP010000047.1_28
JAIORP010000047.1_28	JAGLNJ010000006.1_9
JAIORP010000047.1_28	JAGLIU010000205.1_4
JAIORP010000047.1_28	SKJJ01000113.1_2
JAIORP010000047.1_28	JAFGHA010000149.1_7
JAIORP010000047.1_28	JARUKZ010000034.1_8
JAIORP010000047.1_28	JAUVLC010000007.1_24
JAJOKM010000070.1_8	JAJOKM010000070.1_8
JAJQIK010000043.1_83	JAJQIK010000043.1_83
JAJQEJ010000043.1_10	JAJQEJ010000043.1_10
JAIPJC010000009.1_11	JAIPJC010000009.1_11
JAIPJC010000009.1_11	JAFGWS010000047.1_26
JAIPJC010000009.1_11	JAFGVP010000102.1_90
JAIPJC010000009.1_11	CP036201.1_2459
JAIPJC010000009.1_11	JAROAZ010000006.1_74
JAIPJC010000009.1_11	JARNMJ010000024.1_45
JAIPJC010000009.1_11	JAROBA010000037.1_4
JAIPJC010000009.1_11	NZ_CAAHFG010000003.1_190
JAIPJC010000009.1_11	NZ_CAAHFH010000002.1_1775
JAIPJC010000009.1_11	JAHITY010000070.1_33
JAIPJC010000009.1_11	JARLGO010000407.1_3
JAIPJC010000009.1_11	PMJK01000033.1_30
JAIPJC010000009.1_11	CAIMBM010000186.1_20
JAIPJC010000009.1_11	CAISFO010000066.1_10
JAIPJC010000009.1_11	CAMCMZ010000009.1_7
JAIPJC010000009.1_11	JAFLCQ010000007.1_5
JAEZAV010000103.1_5	JAEZAV010000103.1_5
JAEZAV010000103.1_5	PLXT01000078.1_8
JAEYYB010000182.1_24	JAEYYB010000182.1_24
JAEYYB010000182.1_24	JAEYYB010000037.1_53
JAEYYB010000182.1_24	JAEWSG010000067.1_12
JAEYYB010000182.1_24	NZ_JH556659.1_645
JAEYYB010000182.1_24	JAEYGM010000032.1_240
JAEYYB010000182.1_24	JAOAIJ010000042.1_109
JAEYYB010000182.1_24	JAUZPS010000379.1_2
JAEYYB010000182.1_24	JAEYOP010000020.1_97
JAEYYB010000182.1_24	NZ_LGTC01000001.1_5337
JAEYYB010000182.1_24	JAEWDM010000004.1_61
JAEZKS010000250.1_8	JAEZKS010000250.1_8
JAEZKP010000047.1_106	JAEZKP010000047.1_106
JAEZKE010000018.1_31	JAEZKE010000018.1_31
JAEZSL010000137.1_7	JAEZSL010000137.1_7
JAEZSL010000137.1_7	DBTU01000019.1_247
JAEZSL010000137.1_7	JAAYAD010000012.1_19
JAEZSL010000137.1_7	JAEYPZ010000075.1_41
JAEZSL010000137.1_7	JAEZMV010000028.1_231
JAEZSL010000137.1_7	JAEZOA010000017.1_16
JAEZSL010000137.1_7	JAEZTQ010000011.1_15
JAEYGM010000020.1_133	JAEYGM010000020.1_133
JAEYGM010000020.1_133	DNPP01000004.1_42
JAEYGM010000020.1_133	JAEWDM010000011.1_80
JAEYGM010000020.1_133	NZ_LT906662.1_2612
JAEXAS010000045.1_49	JAEXAS010000045.1_49
JAEXAS010000045.1_49	PHEY01000006.1_195
JAEXAS010000045.1_49	JAJTBJ010000071.1_6
JAEXAS010000045.1_49	JAEXPS010000217.1_38
JAEXAS010000045.1_49	NZ_VMSW01000007.1_45
JAEXAS010000045.1_49	NZ_JAOVZU010000003.1_94
JAEXAS010000045.1_49	NZ_FOGZ01000032.1_5
JAISKU010000109.1_8	JAISKU010000109.1_8
JAISKU010000109.1_8	JAISKH010000065.1_14
JAISKU010000109.1_8	JAITKI010000054.1_4
JAISKU010000109.1_8	JAISXU010000088.1_16
JAISKU010000109.1_8	JAITKN010000043.1_9
JAISJT010000104.1_16	JAISJT010000104.1_16
JAISJR010000017.1_15	JAISJR010000017.1_15
JAISJM010000154.1_11	JAISJM010000154.1_11
JAISJK010000083.1_7	JAISJK010000083.1_7
JAISJC010000062.1_27	JAISJC010000062.1_27
JAISFR010000090.1_14	JAISFR010000090.1_14
JAISER010000050.1_6	JAISER010000050.1_6
JAISET010000274.1_17	JAISET010000274.1_17
JAISEQ010000437.1_16	JAISEQ010000437.1_16
JAISEK010000115.1_21	JAISEK010000115.1_21
JAISED010000057.1_27	JAISED010000057.1_27
JAISED010000059.1_15	JAISED010000059.1_15
JAIRZX010000302.1_9	JAIRZX010000302.1_9
JAIRYI010000080.1_43	JAIRYI010000080.1_43
JAIRWR010000132.1_8	JAIRWR010000132.1_8
JAIRWR010000132.1_8	JAISFV010000197.1_5
JAISZM010000126.1_9	JAISZM010000126.1_9
JAISZE010000139.1_10	JAISZE010000139.1_10
JAISZE010000139.1_10	JAITLF010000115.1_12
JAISZB010000292.1_11	JAISZB010000292.1_11
JAISYP010000027.1_1	JAISYP010000027.1_1
JAISYP010000027.1_1	JAISWW010000200.1_1
JAISYP010000027.1_1	JAISMU010000131.1_7
JAISYP010000027.1_1	JAAYVM010000153.1_7
JAISYP010000027.1_1	JAAYAE010000064.1_9
JAISYP010000027.1_1	JAIROO010000093.1_30
JAISYP010000027.1_1	JAISWF010000076.1_10
JAISYP010000027.1_1	JAQSXD010000115.1_6
JAISYP010000027.1_1	CP042469.1_3318
JAISYP010000027.1_1	JAEWJR010000090.1_43
JAISYP010000027.1_1	JAEWBO010000037.1_12
JAISYP010000027.1_1	JAEWAX010000133.1_80
JAISYP010000027.1_1	JAEVZU010000326.1_10
JAISYP010000027.1_1	JAEWMS010000076.1_121
JAISYP010000027.1_1	JAEWZA010000442.1_2
JAISYP010000027.1_1	JAEWTW010000012.1_124
JAISYP010000027.1_1	JAEWST010000054.1_6
JAISYP010000027.1_1	JAEXFI010000024.1_207
JAISYP010000027.1_1	JAEYKW010000033.1_42
JAISYP010000027.1_1	JAEYHZ010000004.1_7
JAISYP010000027.1_1	JAEYOE010000012.1_189
JAISYP010000027.1_1	JAEZKZ010000002.1_33
JAISYP010000027.1_1	JAEZIB010000112.1_3
JAISYP010000027.1_1	JAEYWA010000242.1_7
JAISYP010000027.1_1	JAEZUC010000158.1_46
JAISYP010000027.1_1	JAEZRV010000041.1_62
JAISYP010000027.1_1	JAEWRI010000036.1_273
JAISYP010000027.1_1	JAEWOH010000040.1_68
JAISYP010000027.1_1	JAEYLC010000010.1_335
JAISYP010000027.1_1	JAJUJH010000052.1_13
JAISYP010000027.1_1	JAQSXC010000011.1_19
JAISYP010000027.1_1	JASUTA010000042.1_5
JAISYP010000027.1_1	JAISNW010000217.1_6
JAISYP010000027.1_1	JAITKN010000035.1_13
JAISYP010000027.1_1	NC_016791.1_2540
JAISYP010000027.1_1	NZ_KB905847.1_69
JAISYP010000027.1_1	NZ_JAGE01000001.1_356
JAISYP010000027.1_1	NZ_MZGX01000024.1_42
JAISYP010000027.1_1	NZ_QKMR01000030.1_3
JAISYP010000027.1_1	NZ_CP061336.1_249
JAISYP010000027.1_1	NZ_JAGSND010000004.1_42
JAISYP010000027.1_1	NZ_CP119677.1_2867
JAISYP010000027.1_1	NZ_LT575483.1_2781
JAISYP010000027.1_1	NZ_FNZK01000009.1_79
JAISYP010000027.1_1	JAISRZ010000065.1_11
JAISYP010000027.1_1	JAISOL010000070.1_61
JAISYP010000027.1_1	JAISMF010000062.1_12
JAISYP010000027.1_1	JAITKA010000060.1_14
JAISYP010000027.1_1	JAITLH010000065.1_16
JAISYP010000027.1_1	JAITEZ010000129.1_14
JAISYP010000027.1_1	JAITJB010000338.1_2
JAISYP010000027.1_1	JAITII010000037.1_62
JAISYP010000027.1_1	JAITRL010000028.1_6
JAISYP010000027.1_1	JAISLI010000038.1_21
JAISYP010000027.1_1	NZ_WIQK01000001.1_1595
JAISYP010000027.1_1	JAEXUW010000005.1_187
JAISYP010000027.1_1	NZ_JAUSUE010000003.1_82
JAISYP010000027.1_1	JAJUGN010000005.1_43
JAISYP010000027.1_1	NZ_SMAA01000011.1_56
JAISYP010000027.1_1	NZ_JACHFH010000001.1_146
JAISYP010000027.1_1	NZ_WIQU01000042.1_25
JAISXG010000037.1_7	JAISXG010000037.1_7
JAISWI010000010.1_18	JAISWI010000010.1_18
JAISUW010000020.1_18	JAISUW010000020.1_18
JAISTD010000161.1_2	JAISTD010000161.1_2
JAISTD010000161.1_2	JAITGU010000090.1_12
JAISTD010000161.1_2	JAITEE010000061.1_28
JAISTD010000161.1_2	JAISZW010000195.1_13
JAISTD010000161.1_2	NZ_JXMW01000001.1_71
JAISTD010000161.1_2	NZ_AP019779.1_888
JAISTD010000161.1_2	NZ_CALGFC010000006.1_29
JAISTD010000161.1_2	NZ_LWMT01000054.1_5
JAISTD010000161.1_2	NZ_LWMW01000115.1_2
JAISTD010000161.1_2	NZ_JAHLZE010000020.1_50
JAISTD010000161.1_2	NZ_LWMV01000018.1_7
JAISTB010000027.1_33	JAISTB010000027.1_33
JAISSA010000072.1_14	JAISSA010000072.1_14
JAISSA010000072.1_14	JAISQE010000091.1_14
JAISRV010000303.1_7	JAISRV010000303.1_7
JAISRV010000303.1_7	JAISYD010000130.1_15
JAISRV010000303.1_7	JAITKH010000301.1_1
JAISRZ010000156.1_9	JAISRZ010000156.1_9
JAISRB010000041.1_6	JAISRB010000041.1_6
CANQKM010000003.1_62	CANQKM010000003.1_62
CANQKM010000003.1_62	JAFLUR010000007.1_11
CANQKM010000003.1_62	DCDZ01000030.1_42
CANQKM010000003.1_62	NZ_JANGAD010000005.1_113
CANQKM010000003.1_62	DGVV01000170.1_15
CANQKM010000003.1_62	JAFUAD010000046.1_13
CANQKM010000003.1_62	JAAYBK010000074.1_5
CANQKM010000003.1_62	DFJS01000090.1_6
CANQKM010000003.1_62	DGHF01000158.1_8
CANQKM010000003.1_62	DJXD01000083.1_2
CANQKM010000003.1_62	JAEEVL010000007.1_12
CANQKM010000003.1_62	JAFRUS010000063.1_15
CANQKM010000003.1_62	JAFRXL010000034.1_53
CANQKM010000003.1_62	JAFVBU010000074.1_7
CANQKM010000003.1_62	JAFUWN010000063.1_6
CANQKM010000003.1_62	JAGDBH010000332.1_4
CANQKM010000003.1_62	FPJT01000003.1_151
CANQKM010000003.1_62	CACZPI010000073.1_25
CANQKM010000003.1_62	CADBOP010000009.1_7
CANQKM010000003.1_62	NZ_JOOA01000002.1_1094
CANQKM010000003.1_62	NZ_JAGCFH010000072.1_2
CANQKM010000003.1_62	NZ_JAGCWY010000148.1_7
CANQKM010000003.1_62	NZ_JAIKXF010000082.1_9
CANQKM010000003.1_62	NZ_CAMYUE010000019.1_33
CANQKM010000003.1_62	SVBX01000003.1_20
CANQKM010000003.1_62	JAFUTU010000042.1_37
CANQKM010000003.1_62	CACXFU010000131.1_13
CANQKM010000003.1_62	CADCFQ010000017.1_14
CANQKM010000003.1_62	CAMOPY010000009.1_33
CANQKM010000003.1_62	JAGBEJ010000012.1_64
CANQKM010000003.1_62	CAJOPE010000159.1_10
CANQKM010000003.1_62	CAMHCZ010000052.1_5
CANQKM010000003.1_62	JAJCKG010000010.1_11
CANQKM010000003.1_62	OMZC01000123.1_8
CANQKM010000003.1_62	DKDL01000108.1_21
CANQKM010000003.1_62	CACZHK010000018.1_4
CANQKM010000003.1_62	JNIO01000007.1_158
CANQKM010000003.1_62	CADCOE010000048.1_20
CANQKM010000003.1_62	JAFVEY010000049.1_39
CANQKM010000003.1_62	CADCRH010000056.1_16
CANQKM010000003.1_62	CAMNDM010000061.1_6
CANQKM010000003.1_62	CAMOJU010000028.1_6
CANQKM010000003.1_62	CAMIZL010000028.1_5
CANQKM010000003.1_62	CAMVGU010000038.1_7
CANQKM010000003.1_62	CADAAS010000015.1_3
CANQKM010000003.1_62	CAMVPV010000095.1_5
CANQKM010000003.1_62	JAFUYP010000009.1_27
CANQKM010000003.1_62	JAGBNQ010000052.1_9
CANQKM010000003.1_62	JAILFN010000038.1_27
CANQKM010000003.1_62	JAILFF010000074.1_14
CANQKM010000003.1_62	OMXI01000001.1_29
CANQKM010000003.1_62	ONLC01000005.1_10
CANQKM010000003.1_62	ONMZ01000011.1_33
CANQKM010000003.1_62	CACXDI010000148.1_27
CANQKM010000003.1_62	CACYSH010000001.1_54
CANQKM010000003.1_62	CACZFN010000023.1_7
CANQKM010000003.1_62	CACZJT010000011.1_20
CANQKM010000003.1_62	CADAEJ010000002.1_29
CANQKM010000003.1_62	CADAES010000025.1_23
CANQKM010000003.1_62	CADAHS010000002.1_123
CANQKM010000003.1_62	CADALT010000016.1_15
CANQKM010000003.1_62	CADBTD010000242.1_5
CANQKM010000003.1_62	CAMNMO010000039.1_10
CANQKM010000003.1_62	CAMVRM010000019.1_24
CANQKM010000003.1_62	CAMZIK010000142.1_2
CANQKM010000003.1_62	NZ_ADKM02000112.1_8
CANQKM010000003.1_62	NC_014833.1_2466
CANQKM010000003.1_62	NZ_JAFUAG010000003.1_132
CANQKM010000003.1_62	NZ_JAILMR010000036.1_48
CANQKM010000003.1_62	NZ_FOAT01000004.1_149
CANQKM010000003.1_62	NZ_FOKQ01000005.1_27
CANQKM010000003.1_62	NZ_CACWPP010000036.1_14
CANQKM010000003.1_62	CAMVNV010000033.1_12
CANQKM010000003.1_62	ATWC01000001.1_73
CANQKM010000003.1_62	NZ_CP065800.1_2989
CANQKM010000003.1_62	NZ_JAILQF010000113.1_20
CANQKM010000003.1_62	NZ_FQXK01000005.1_138
CANQKM010000003.1_62	NZ_JALFCU010000028.1_27
CANRBP010000102.1_3	CANRBP010000102.1_3
CANRBP010000102.1_3	KE159582.1_174
CANRBP010000102.1_3	LVAV01000054.1_59
CANRBP010000102.1_3	DBDL01000061.1_12
CANRBP010000102.1_3	DCHE01000088.1_57
CANRBP010000102.1_3	DFCS01000026.1_34
CANRBP010000102.1_3	DFDU01000003.1_25
CANRBP010000102.1_3	DFGT01000027.1_21
CANRBP010000102.1_3	DFJV01000113.1_27
CANRBP010000102.1_3	DGRX01000006.1_63
CANRBP010000102.1_3	DGHQ01000005.1_14
CANRBP010000102.1_3	DOVG01000019.1_11
CANRBP010000102.1_3	SVFN01000038.1_19
CANRBP010000102.1_3	SVDZ01000001.1_270
CANRBP010000102.1_3	JAEEGO010000245.1_11
CANRBP010000102.1_3	JAEEJA010000001.1_82
CANRBP010000102.1_3	JAEELL010000054.1_33
CANRBP010000102.1_3	JAEEQC010000038.1_8
CANRBP010000102.1_3	JAEEWG010000012.1_24
CANRBP010000102.1_3	JAFOIV010000026.1_32
CANRBP010000102.1_3	JAFRQR010000020.1_189
CANRBP010000102.1_3	JAFRNH010000041.1_48
CANRBP010000102.1_3	JAFSQI010000054.1_58
CANRBP010000102.1_3	JAFTFE010000027.1_19
CANRBP010000102.1_3	JAFUEG010000283.1_14
CANRBP010000102.1_3	JAFUGL010000135.1_7
CANRBP010000102.1_3	JAFUYH010000018.1_84
CANRBP010000102.1_3	JAFUQX010000058.1_148
CANRBP010000102.1_3	JAFUVQ010000057.1_9
CANRBP010000102.1_3	JAFVBE010000003.1_61
CANRBP010000102.1_3	JAFWDK010000010.1_23
CANRBP010000102.1_3	JAFXTN010000037.1_97
CANRBP010000102.1_3	JAFWPB010000036.1_10
CANRBP010000102.1_3	JAFZPM010000008.1_17
CANRBP010000102.1_3	JAFZLC010000009.1_15
CANRBP010000102.1_3	JAFZKB010000029.1_63
CANRBP010000102.1_3	JAFZKQ010000084.1_15
CANRBP010000102.1_3	JAFZKN010000019.1_147
CANRBP010000102.1_3	JAGAAO010000058.1_15
CANRBP010000102.1_3	JAFZQT010000099.1_11
CANRBP010000102.1_3	JAGASC010000237.1_8
CANRBP010000102.1_3	JAGCNW010000006.1_52
CANRBP010000102.1_3	JAGDCV010000081.1_24
CANRBP010000102.1_3	JAGCWQ010000231.1_13
CANRBP010000102.1_3	JAGCVX010000017.1_19
CANRBP010000102.1_3	JAJQGO010000011.1_94
CANRBP010000102.1_3	JAJQDL010000088.1_19
CANRBP010000102.1_3	JAKVKH010000001.1_123
CANRBP010000102.1_3	JAFLVQ010000044.1_5
CANRBP010000102.1_3	JAFLTB010000032.1_18
CANRBP010000102.1_3	JAFLTA010000075.1_6
CANRBP010000102.1_3	JAEYPP010000016.1_19
CANRBP010000102.1_3	JAEYPA010000146.1_5
CANRBP010000102.1_3	JAEZPG010000113.1_31
CANRBP010000102.1_3	JAEZLY010000139.1_4
CANRBP010000102.1_3	JAEXOU010000005.1_25
CANRBP010000102.1_3	JAMPGO010000038.1_6
CANRBP010000102.1_3	JAMPAU010000005.1_89
CANRBP010000102.1_3	JAIKXN010000080.1_19
CANRBP010000102.1_3	JAILDQ010000004.1_3
CANRBP010000102.1_3	JAILNY010000101.1_14
CANRBP010000102.1_3	JAILNW010000295.1_9
CANRBP010000102.1_3	JAILMW010000024.1_34
CANRBP010000102.1_3	JAILLP010000020.1_42
CANRBP010000102.1_3	JAILFK010000055.1_6
CANRBP010000102.1_3	JAILRZ010000055.1_37
CANRBP010000102.1_3	JAILRO010000057.1_42
CANRBP010000102.1_3	JAILRA010000099.1_13
CANRBP010000102.1_3	JAILPW010000005.1_143
CANRBP010000102.1_3	JAIDHZ010000362.1_16
CANRBP010000102.1_3	JAUISW010000001.1_534
CANRBP010000102.1_3	JAUNGB010000112.1_10
CANRBP010000102.1_3	JAUUSJ010000062.1_15
CANRBP010000102.1_3	FOFK01000007.1_23
CANRBP010000102.1_3	FOIY01000003.1_137
CANRBP010000102.1_3	FWXP01000003.1_226
CANRBP010000102.1_3	OMVQ01000059.1_5
CANRBP010000102.1_3	OMZA01000014.1_15
CANRBP010000102.1_3	ONEC01000048.1_13
CANRBP010000102.1_3	ONFC01000088.1_5
CANRBP010000102.1_3	ONPD01000009.1_30
CANRBP010000102.1_3	ONVE01000181.1_6
CANRBP010000102.1_3	URYB01000079.1_7
CANRBP010000102.1_3	CACWQH010000033.1_7
CANRBP010000102.1_3	CACWRR010000048.1_22
CANRBP010000102.1_3	CACXCA010000001.1_47
CANRBP010000102.1_3	CACXEU010000002.1_6
CANRBP010000102.1_3	CACXFB010000018.1_32
CANRBP010000102.1_3	CACXFV010000007.1_13
CANRBP010000102.1_3	CACYDQ010000277.1_12
CANRBP010000102.1_3	CACZBM010000023.1_30
CANRBP010000102.1_3	CACZHN010000002.1_8
CANRBP010000102.1_3	CACZHN010000214.1_5
CANRBP010000102.1_3	CACZPJ010000011.1_34
CANRBP010000102.1_3	CACZPR010000118.1_84
CANRBP010000102.1_3	CACZSE010000048.1_6
CANRBP010000102.1_3	CACZUS010000017.1_24
CANRBP010000102.1_3	CADACD010000009.1_34
CANRBP010000102.1_3	CADAKQ010000012.1_7
CANRBP010000102.1_3	CADANF010000012.1_89
CANRBP010000102.1_3	CADBSK010000042.1_23
CANRBP010000102.1_3	CADBTR010000122.1_9
CANRBP010000102.1_3	CADCBK010000019.1_47
CANRBP010000102.1_3	CADCDW010000008.1_40
CANRBP010000102.1_3	CADCQA010000168.1_6
CANRBP010000102.1_3	CAJMNR010000015.1_7
CANRBP010000102.1_3	CAJMPJ010000062.1_9
CANRBP010000102.1_3	CAJOLL010000010.1_15
CANRBP010000102.1_3	CAJONG010000009.1_34
CANRBP010000102.1_3	CAKSBP010000061.1_7
CANRBP010000102.1_3	CAKZZR010000124.1_8
CANRBP010000102.1_3	CALCRU010000026.1_20
CANRBP010000102.1_3	CALAWD010000093.1_9
CANRBP010000102.1_3	CAMHLZ010000019.1_18
CANRBP010000102.1_3	CAMHMG010000007.1_22
CANRBP010000102.1_3	CAMKEG010000002.1_129
CANRBP010000102.1_3	CAMKQB010000032.1_13
CANRBP010000102.1_3	CAMNPJ010000026.1_6
CANRBP010000102.1_3	CAMOGH010000050.1_13
CANRBP010000102.1_3	CAMVBS010000024.1_13
CANRBP010000102.1_3	CAMVCB010000002.1_40
CANRBP010000102.1_3	CAMWHJ010000009.1_32
CANRBP010000102.1_3	CAMWUK010000029.1_19
CANRBP010000102.1_3	CAMWWJ010000001.1_18
CANRBP010000102.1_3	CAMWXG010000077.1_9
CANRBP010000102.1_3	CAMWXM010000024.1_13
CANRBP010000102.1_3	CAMWYJ010000087.1_4
CANRBP010000102.1_3	CAMYXL010000013.1_15
CANRBP010000102.1_3	CANPXP010000020.1_42
CANRBP010000102.1_3	CANPYZ010000024.1_14
CANRBP010000102.1_3	CANQCY010000002.1_23
CANRBP010000102.1_3	CANQJO010000005.1_110
CANRBP010000102.1_3	CANQNN010000007.1_100
CANRBP010000102.1_3	CANQPS010000018.1_16
CANRBP010000102.1_3	CANQWA010000036.1_16
CANRBP010000102.1_3	CANQWR010000024.1_6
CANRBP010000102.1_3	CANRJM010000026.1_13
CANRBP010000102.1_3	CAUDDP010000084.1_4
CANRBP010000102.1_3	NZ_ATVS01000038.1_25
CANRBP010000102.1_3	NZ_ATWV01000008.1_64
CANRBP010000102.1_3	NZ_KE384114.1_214
CANRBP010000102.1_3	NZ_AUJG01000012.1_19
CANRBP010000102.1_3	NZ_AUJY01000002.1_225
CANRBP010000102.1_3	NZ_KK211305.1_211
CANRBP010000102.1_3	NZ_JHXX01000004.1_22
CANRBP010000102.1_3	NZ_JHWJ01000003.1_331
CANRBP010000102.1_3	NZ_JPME01000012.1_39
CANRBP010000102.1_3	NZ_MZGX01000021.1_48
CANRBP010000102.1_3	NZ_PTJA01000011.1_18
CANRBP010000102.1_3	NZ_QUFB01000049.1_11
CANRBP010000102.1_3	NZ_SULJ01000001.1_783
CANRBP010000102.1_3	NZ_CP076458.1_988
CANRBP010000102.1_3	NZ_JAHLQC010000005.1_40
CANRBP010000102.1_3	NZ_CP091800.1_209
CANRBP010000102.1_3	NZ_JAOQJU010000009.1_52
CANRBP010000102.1_3	NZ_FMUR01000007.1_124
CANRBP010000102.1_3	NZ_FOIP01000002.1_2010
CANRBP010000102.1_3	NZ_LT630003.1_2105
CANRBP010000102.1_3	NZ_FOHN01000005.1_44
CANRBP010000102.1_3	NZ_FPCD01000004.1_204
CANRBP010000102.1_3	NZ_FPCC01000005.1_151
CANRBP010000102.1_3	NZ_FUXA01000004.1_86
CANRBP010000102.1_3	NZ_FUXZ01000006.1_18
CANRBP010000102.1_3	NZ_LT860097.1_138
CANRBP010000102.1_3	CACYXH010000065.1_10
CANRBP010000102.1_3	CADCMM010000018.1_11
CANRBP010000102.1_3	CALAVC010000147.1_2
CANRBP010000102.1_3	JAEERW010000021.1_19
CANRBP010000102.1_3	JAFSVK010000041.1_15
CANRBP010000102.1_3	JAFYEE010000163.1_2
CANRBP010000102.1_3	JAGCGM010000291.1_9
CANRBP010000102.1_3	JAGCWA010000012.1_44
CANRBP010000102.1_3	JAKSTR010000008.1_4
CANRBP010000102.1_3	JAILKC010000071.1_5
CANRBP010000102.1_3	JAILPS010000019.1_11
CANRBP010000102.1_3	OMXJ01000034.1_22
CANRBP010000102.1_3	OMXX01000006.1_97
CANRBP010000102.1_3	CACXGE010000151.1_14
CANRBP010000102.1_3	CACZOA010000061.1_9
CANRBP010000102.1_3	CACZSI010000131.1_5
CANRBP010000102.1_3	CADABQ010000011.1_60
CANRBP010000102.1_3	CADBXL010000013.1_40
CANRBP010000102.1_3	CADCHG010000008.1_11
CANRBP010000102.1_3	CALCEL010000102.1_51
CANRBP010000102.1_3	CAMJKP010000004.1_82
CANRBP010000102.1_3	CAMOSO010000014.1_22
CANRBP010000102.1_3	CANREB010000046.1_12
CANRBP010000102.1_3	CANRHR010000014.1_15
CANRBP010000102.1_3	CAMVIN010000005.1_35
NC_000916.1_1523	NC_000916.1_1523
NC_000916.1_1523	DAVZ01000055.1_101
NC_000916.1_1523	CP022705.1_1262
NC_000916.1_1523	JAHRFX010000026.1_15
NC_000916.1_1523	JAHFBZ010000001.1_1
NC_000916.1_1523	JAUSNX010000012.1_65
NC_000916.1_1523	CAMYKT010000016.1_24
NC_000916.1_1523	NC_014408.1_143
NC_000916.1_1523	NZ_QKOF01000005.1_194
NC_000916.1_1523	NZ_CP058560.1_930
NC_000916.1_1523	NZ_JAKLTD010000001.1_198
NC_000916.1_1523	NZ_JASFYG010000002.1_163
NC_013665.1_923	NC_013665.1_923
NC_002936.3_1093	NC_002936.3_1093
NC_002936.3_1093	PMCB01000075.1_16
NC_009135.1_667	NC_009135.1_667
NC_009135.1_667	NC_009634.1_67
NC_009135.1_667	NZ_CP026606.1_143
NC_009135.1_667	NZ_JACDUL010000002.1_136
NC_009437.1_2544	NC_009437.1_2544
NC_009437.1_2544	NC_014652.1_2160
NC_009437.1_2544	NC_014720.1_2128
NC_009437.1_2544	NZ_LACM01000001.1_683
NC_009437.1_2544	NZ_CP034791.1_2640
NC_009437.1_2544	NZ_AP024480.1_1917
NC_009437.1_2544	NZ_CP113865.1_427
NC_009437.1_2544	NZ_CP113864.1_2292
NC_009437.1_2544	NZ_CP113866.1_2116
NZ_MVDE01000017.1_12	NZ_MVDE01000017.1_12
NZ_MVDE01000017.1_12	DIZL01000042.1_18
NZ_MVDE01000017.1_12	JAESUW010000044.1_7
NZ_MVDE01000017.1_12	JAFGYE010000026.1_59
NZ_MVDE01000017.1_12	JAFLKN010000044.1_32
NZ_MVDE01000017.1_12	JAIBEY010000039.1_117
NZ_MVDE01000017.1_12	JAHEYT010000020.1_62
NZ_MVDE01000017.1_12	JANXYV010000130.1_4
NZ_MVDE01000017.1_12	JAPOHD010000069.1_16
NZ_MVDE01000017.1_12	JAQUIJ010000003.1_359
NZ_MVDE01000017.1_12	JAUYMU010000063.1_18
NZ_MVDE01000017.1_12	CALGIG010000108.1_16
NZ_MVDE01000017.1_12	CANNEA010000003.1_438
NZ_MVDE01000017.1_12	NZ_AP018042.1_881
NZ_MVDE01000017.1_12	NZ_WTCR01000004.1_286
NZ_MVDE01000017.1_12	NZ_JAFMVC010000015.1_61
NZ_MVDE01000017.1_12	NZ_JAPAAF010000002.1_274
NZ_MVDE01000017.1_12	NZ_JAUCMW010000009.1_93
NZ_MVDE01000017.1_12	NZ_CP046401.1_3147
NZ_MVDE01000017.1_12	NZ_WXUB01000007.1_15
NZ_MVDE01000017.1_12	NZ_JAIKLE010000035.1_35
NZ_MVDE01000017.1_12	NZ_JADQBH010000117.1_7
NZ_MVDE01000017.1_12	NZ_QEWP01000002.1_11
NZ_WHNX01000037.1_13	NZ_WHNX01000037.1_13
NZ_WHNX01000037.1_13	NZ_FQTU01000001.1_9
NZ_WHNX01000037.1_13	JAAXUP010000107.1_1
NZ_WHYR01000032.1_12	NZ_WHYR01000032.1_12
NZ_WHYR01000032.1_12	JAJYZD010000028.1_12
NZ_WHYR01000032.1_12	NZ_LYVF01000002.1_40
NZ_JAABNO010000010.1_55	NZ_JAABNO010000010.1_55
NZ_JAABNO010000010.1_55	NZ_CP025746.1_3935
NZ_JAABNO010000010.1_55	DHIM01000108.1_2
NZ_JAABNO010000010.1_55	NZ_JAIZZK010000006.1_105
NZ_JAABNO010000010.1_55	NZ_JAIZZK010000011.1_66
NZ_JAABNO010000010.1_55	JACMJL010000081.1_16
NZ_JAABNO010000010.1_55	JAJXWJ010000032.1_21
NZ_JAABNO010000010.1_55	JAUZPN010000017.1_4
NZ_JAABNO010000010.1_55	NZ_BAEV01000023.1_20
NZ_JAABNO010000010.1_55	NZ_BAEV01000046.1_24
NZ_JAABNO010000010.1_55	NZ_BAEV01000114.1_9
NZ_JAABNO010000010.1_55	NC_021182.1_3329
NZ_JAABNO010000010.1_55	NC_021182.1_3330
NZ_JAABNO010000010.1_55	NZ_CP009268.1_1372
NZ_JAABNO010000010.1_55	NZ_CP009268.1_1381
NZ_JAABNO010000010.1_55	NZ_CP009268.1_1382
NZ_JAABNO010000010.1_55	NZ_LWAE01000003.1_286
NZ_JAABNO010000010.1_55	NZ_BOPZ01000004.1_35
NZ_JAABNO010000010.1_55	NZ_JAEEGC010000053.1_19
NZ_JAABNO010000010.1_55	NZ_JAEEGC010000054.1_7
NZ_JAABNO010000010.1_55	NZ_FWXH01000008.1_49
NZ_JAABNO010000010.1_55	NZ_FWXH01000019.1_3
NZ_JAABNO010000010.1_55	JAJXWJ010000037.1_17
NZ_JAABNO010000010.1_55	JAJYBA010000030.1_7
NZ_JAABNO010000010.1_55	JAEZDX010000282.1_7
NZ_JAABNO010000010.1_55	JAUZPI010000032.1_31
NZ_JAABNO010000010.1_55	NZ_JMLK01000008.1_199
NZ_JAABNO010000010.1_55	NZ_JMLK01000019.1_66
NZ_JAABNO010000010.1_55	NZ_LHUR01000010.1_74
NZ_JAABNO010000010.1_55	NZ_MZGV01000018.1_18
NZ_JAABNO010000010.1_55	NZ_BMBA01000015.1_12
NZ_JAABNO010000010.1_55	NZ_JAHLDM010000008.1_71
NZ_JAABNO010000010.1_55	NZ_JAHLDU010000006.1_178
NZ_JAABNO010000010.1_55	NZ_CP015756.1_1232
NZ_JAABNO010000010.1_55	NZ_CP086239.1_2434
NZ_JAABNO010000010.1_55	NZ_FQXM01000009.1_72
NZ_JAAEEH010000003.1_35	NZ_JAAEEH010000003.1_35
NZ_JAAEEH010000003.1_35	DDQW01000093.1_19
NZ_JAAEEH010000003.1_35	PGZV01000004.1_88
NZ_JAAEEH010000003.1_35	NZ_JARGDP010000013.1_4
NZ_JAAEEH010000003.1_35	NZ_LR130778.1_2255
NZ_JAAEEH010000003.1_35	PHAG01000007.1_75
NZ_JAAEEH010000003.1_35	PGZO01000004.1_46
NZ_JAAEEH010000003.1_35	JAFGUF010000032.1_2
NZ_JAAEEH010000003.1_35	JAEWMJ010000048.1_33
NZ_JAAEEH010000003.1_35	JAEYKI010000019.1_172
NZ_JAAEEH010000003.1_35	NZ_JWID01000003.1_205
NZ_JAAEEH010000003.1_35	NZ_CP021850.1_1009
NZ_JAAEEH010000003.1_35	NZ_FQZL01000005.1_295
NZ_JAAEEH010000003.1_35	NZ_SMAL01000003.1_12
NZ_JAAEEH010000003.1_35	NZ_SMGQ01000013.1_367
NZ_JAAEEH010000003.1_35	NZ_CP058649.1_3188
NZ_JAAEEH010000003.1_35	NZ_JAHBCL010000006.1_98
NZ_JAAEEH010000003.1_35	JASUSA010000002.1_14
NZ_CP085041.1_1866	NZ_CP085041.1_1866
NZ_CP085041.1_1866	DIFG01000025.1_3
NZ_JAJNAL010000002.1_128	NZ_JAJNAL010000002.1_128
NZ_JAJNAL010000002.1_128	NZ_JACHIH010000007.1_115
NZ_CP054699.1_2251	NZ_CP054699.1_2251
NZ_JAKZFT010000024.1_7	NZ_JAKZFT010000024.1_7
NZ_JAKZFT010000024.1_7	NZ_JAEMHK010000017.1_107
NZ_JAMXLY010000014.1_1	NZ_JAMXLY010000014.1_1
MGTJ01000180.1_11	MGTJ01000180.1_11
MGTJ01000180.1_11	JAAUSZ010000160.1_8
MGTJ01000180.1_11	JAHJLV010000019.1_1
MGTJ01000180.1_11	JAMPXP010000016.1_68
MGTJ01000180.1_11	JAFGFM010000203.1_51
MGTJ01000180.1_11	JAQYWJ010000007.1_14
MGTJ01000180.1_11	JAUPKI010000165.1_8
MGTJ01000180.1_11	NZ_CM001488.1_3182
MGTJ01000180.1_11	NZ_JQKJ01000010.1_12
MGTJ01000180.1_11	NZ_CP036313.1_3063
MGTJ01000180.1_11	NZ_CP036313.1_697
MGTJ01000180.1_11	NZ_ATWO01000001.1_3710
MGTJ01000180.1_11	JAEINR010000051.1_31
MGTJ01000180.1_11	JAFLJU010000546.1_4
MGTJ01000180.1_11	JAQYWC010000071.1_35
MGTJ01000180.1_11	DAOVTW010000064.1_2
MGTJ01000180.1_11	CAKZLA010000131.1_21
MGTJ01000180.1_11	NC_012108.1_971
MGTJ01000180.1_11	JAKSAX010000441.1_9
MGTJ01000180.1_11	JAKSAU010000874.1_15
MGTJ01000180.1_11	CP054837.1_2498
MGTJ01000180.1_11	JAAEMK010000863.1_14
MGTJ01000180.1_11	JANQML010000270.1_11
MGTJ01000180.1_11	NZ_ATUG01000002.1_1628
MGTJ01000180.1_11	NZ_JACADJ010000027.1_31
MGTJ01000180.1_11	NZ_LT828541.1_362
MIAO01000074.1_30	MIAO01000074.1_30
MIAY01000010.1_75	MIAY01000010.1_75
MDDC01000003.1_36	MDDC01000003.1_36
LLYS01000005.1_139	LLYS01000005.1_139
LLYS01000005.1_139	JALSLU010000025.1_8
LLYS01000005.1_139	JQIS01000066.1_23
LLYS01000005.1_139	FAXN01000036.1_9
LLYS01000005.1_139	LVAC01000011.1_56
LLYS01000005.1_139	DCUJ01000012.1_130
LLYS01000005.1_139	DFZK01000002.1_52
LLYS01000005.1_139	DGAG01000011.1_42
LLYS01000005.1_139	DHVW01000018.1_73
LLYS01000005.1_139	DISL01000037.1_19
LLYS01000005.1_139	DIKI01000005.1_143
LLYS01000005.1_139	DKFS01000031.1_42
LLYS01000005.1_139	DLIG01000011.1_25
LLYS01000005.1_139	PKUJ01000002.1_111
LLYS01000005.1_139	QKDL01000057.1_1
LLYS01000005.1_139	QKDN01000025.1_47
LLYS01000005.1_139	JAGDMU010000001.1_125
LLYS01000005.1_139	JAGYNS010000012.1_9
LLYS01000005.1_139	JAHIWE010000181.1_18
LLYS01000005.1_139	JAHJJU010000024.1_38
LLYS01000005.1_139	JAIELU010000219.1_8
LLYS01000005.1_139	JAIFNA010000007.1_110
LLYS01000005.1_139	DYMA01000150.1_5
LLYS01000005.1_139	JAIOSF010000026.1_4
LLYS01000005.1_139	DZAZ01000026.1_7
LLYS01000005.1_139	JALNYH010000006.1_98
LLYS01000005.1_139	JANTFF010000001.1_16
LLYS01000005.1_139	JAPHSI010000030.1_12
LLYS01000005.1_139	JAQUGO010000001.1_119
LLYS01000005.1_139	JAQUAG010000011.1_22
LLYS01000005.1_139	JAQTXB010000001.1_257
LLYS01000005.1_139	JAQTXA010000003.1_148
LLYS01000005.1_139	JAQWCT010000029.1_12
LLYS01000005.1_139	JAQTLV010000002.1_160
LLYS01000005.1_139	JAQTLE010000003.1_357
LLYS01000005.1_139	JAIROK010000034.1_1
LLYS01000005.1_139	JAISQB010000025.1_35
LLYS01000005.1_139	JAISNG010000002.1_18
LLYS01000005.1_139	JAITEH010000113.1_1
LLYS01000005.1_139	JAITNC010000060.1_1
LLYS01000005.1_139	CAKZQQ010000003.1_233
LLYS01000005.1_139	NC_014166.1_49
LLYS01000005.1_139	NC_018002.1_1012
LLYS01000005.1_139	NZ_CP007201.1_1275
LLYS01000005.1_139	NZ_JFBL01000001.1_72
LLYS01000005.1_139	NZ_JQGK01000001.1_298
LLYS01000005.1_139	NZ_BBQE01000012.1_107
LLYS01000005.1_139	NZ_BBQF01000004.1_56
LLYS01000005.1_139	NZ_AP014723.1_1135
LLYS01000005.1_139	NZ_BDIR01000001.1_245
LLYS01000005.1_139	NZ_CP021416.1_1325
LLYS01000005.1_139	NZ_CP032100.1_27
LLYS01000005.1_139	NZ_CP032097.1_25
LLYS01000005.1_139	NZ_CP032098.1_2217
LLYS01000005.1_139	NZ_PDKN01000003.1_261
LLYS01000005.1_139	NZ_PDJV01000005.1_124
LLYS01000005.1_139	NZ_PDKC01000002.1_67
LLYS01000005.1_139	NZ_PDKG01000003.1_253
LLYS01000005.1_139	NZ_VANU01000002.1_276
LLYS01000005.1_139	NZ_CP041070.1_83
LLYS01000005.1_139	NZ_CP043617.1_660
LLYS01000005.1_139	NZ_CP039734.2_1105
LLYS01000005.1_139	NZ_CP042652.1_26
LLYS01000005.1_139	NZ_CP053840.1_38
LLYS01000005.1_139	NZ_CP053835.1_45
LLYS01000005.1_139	NZ_CP053836.1_64
LLYS01000005.1_139	NZ_CP041403.1_76
LLYS01000005.1_139	NZ_CP041165.1_557
LLYS01000005.1_139	NZ_CP054492.1_1115
LLYS01000005.1_139	NZ_CP054493.1_1538
LLYS01000005.1_139	NZ_JANZKZ010000002.1_169
LLYS01000005.1_139	NZ_JARXNQ010000006.1_67
LLYS01000005.1_139	NZ_JAUIRR010000006.1_33
MVQY01000165.1_35	MVQY01000165.1_35
MVQY01000165.1_35	DAGC01000013.1_93
MVQY01000165.1_35	PMNN01000144.1_10
MVQY01000165.1_35	WOYJ01000090.1_10
MVQY01000165.1_35	JACRPY010000002.1_606
MVQY01000165.1_35	JAEYPF010000020.1_31
MVQY01000165.1_35	JASEIM010000001.1_60
MVQY01000165.1_35	NZ_JAGGKL010000001.1_308
DBMP01000016.1_3	DBMP01000016.1_3
DBMP01000016.1_3	DBMP01000017.1_46
DBMP01000017.1_58	DBMP01000017.1_58
DBMP01000029.1_90	DBMP01000029.1_90
DBMP01000029.1_90	JAQTMF010000004.1_27
DBTI01000098.1_20	DBTI01000098.1_20
DBUB01000010.1_153	DBUB01000010.1_153
DBUB01000010.1_153	JAATGP010000020.1_101
DBUB01000010.1_153	DBTZ01000062.1_3
DBUB01000010.1_153	NZ_JAASQS010000009.1_272
DBUB01000010.1_153	NZ_JAASRM010000001.1_2484
DCSM01000168.1_13	DCSM01000168.1_13
DCUX01000015.1_14	DCUX01000015.1_14
DCUX01000015.1_14	DMDI01000155.1_4
DDKK01000010.1_70	DDKK01000010.1_70
DDKK01000010.1_70	DYFF01000012.1_2
DDKK01000010.1_70	CAKZQH010000011.1_63
DDKK01000010.1_70	NC_011296.1_1645
DDKK01000010.1_70	NZ_BCNO01000003.1_17
DDUX01000054.1_23	DDUX01000054.1_23
DDUX01000054.1_23	MHZX01000029.1_4
DDUX01000054.1_23	DDFG01000004.1_270
DDUX01000054.1_23	DDXB01000046.1_49
DDUX01000054.1_23	PHCV01000001.1_234
DDUX01000054.1_23	PLYB01000275.1_51
DDUX01000054.1_23	QJWJ01000429.1_38
DDUX01000054.1_23	DMCN01000089.1_17
DDUX01000054.1_23	QXPY01000013.1_93
DDUX01000054.1_23	SCUU01000051.1_10
DDUX01000054.1_23	SSXW01000017.1_30
DDUX01000054.1_23	CP054595.1_1820
DDUX01000054.1_23	CP058708.1_1627
DDUX01000054.1_23	VMTA01000004.1_18
DDUX01000054.1_23	JACQYW010000013.1_22
DDUX01000054.1_23	JACQYA010000118.1_31
DDUX01000054.1_23	JACRNY010000007.1_89
DDUX01000054.1_23	JACRME010000015.1_28
DDUX01000054.1_23	JACRLX010000049.1_22
DDUX01000054.1_23	JACRIY010000083.1_38
DDUX01000054.1_23	WYCU01000010.1_25
DDUX01000054.1_23	JADJCP010000012.1_113
DDUX01000054.1_23	JADJNC010000018.1_53
DDUX01000054.1_23	JADJMH010000005.1_135
DDUX01000054.1_23	JADJOT010000009.1_469
DDUX01000054.1_23	JADJUP010000003.1_190
DDUX01000054.1_23	JADJXY010000002.1_2160
DDUX01000054.1_23	JAFLDL010000013.1_80
DDUX01000054.1_23	JADGRL010000026.1_45
DDUX01000054.1_23	JAGOBB010000023.1_18
DDUX01000054.1_23	JAFEDK010000030.1_51
DDUX01000054.1_23	JAFEDJ010000013.1_160
DDUX01000054.1_23	JAGTRY010000011.1_47
DDUX01000054.1_23	JAHJBC010000009.1_196
DDUX01000054.1_23	JAHIZO010000003.1_19
DDUX01000054.1_23	JAHJNJ010000024.1_61
DDUX01000054.1_23	JAGVNQ010000200.1_16
DDUX01000054.1_23	DYRG01000064.1_8
DDUX01000054.1_23	DYJI01000002.1_223
DDUX01000054.1_23	DYFV01000005.1_8
DDUX01000054.1_23	DYFK01000009.1_63
DDUX01000054.1_23	JAJZRT010000330.1_2
DDUX01000054.1_23	JAJZPJ010000016.1_23
DDUX01000054.1_23	JAJZUP010000001.1_71
DDUX01000054.1_23	JAKLLO010000089.1_6
DDUX01000054.1_23	JALNZB010000013.1_26
DDUX01000054.1_23	JALNYK010000005.1_20
DDUX01000054.1_23	JALNXH010000001.1_13
DDUX01000054.1_23	JAGXGC010000022.1_137
DDUX01000054.1_23	JAPLQK010000044.1_17
DDUX01000054.1_23	DAIDAJ010000006.1_27
DDUX01000054.1_23	JAQTYU010000003.1_308
DDUX01000054.1_23	JAQTYN010000019.1_18
DDUX01000054.1_23	JAQTUV010000005.1_170
DDUX01000054.1_23	JAQTUP010000009.1_66
DDUX01000054.1_23	JAQTTV010000015.1_23
DDUX01000054.1_23	JAQTTU010000011.1_109
DDUX01000054.1_23	JAQTNK010000020.1_29
DDUX01000054.1_23	JAQTNA010000039.1_2
DDUX01000054.1_23	JANLJE010000024.1_30
DDUX01000054.1_23	JAKOZI010000190.1_22
DDUX01000054.1_23	JAUSNM010000016.1_71
DDUX01000054.1_23	JAUSBR010000011.1_91
DDUX01000054.1_23	JAUXXJ010000005.1_18
DDUX01000054.1_23	JAUXOM010000132.1_2
DDUX01000054.1_23	JAUXOL010000004.1_164
DDUX01000054.1_23	JAUYFI010000084.1_54
DDUX01000054.1_23	JAVBXY010000009.1_131
DDUX01000054.1_23	JAITCV010000179.1_13
DDUX01000054.1_23	CAILCO010000073.1_49
DDUX01000054.1_23	CAINCU010000043.1_18
DDUX01000054.1_23	CAINHS010000071.1_13
DDUX01000054.1_23	CAIRAO010000136.1_4
DDUX01000054.1_23	CAIRBC010000355.1_9
DDUX01000054.1_23	CAJBYR010000042.1_10
DDUX01000054.1_23	CAMDMZ010000008.1_29
DDUX01000054.1_23	NC_013959.1_878
DDUX01000054.1_23	NZ_AUCH01000018.1_25
DDUX01000054.1_23	NZ_AP018738.1_954
DDUX01000054.1_23	NZ_LODL01000005.1_151
DDUX01000054.1_23	NZ_MTHD01000006.1_100
DDUX01000054.1_23	NZ_MWUM01000001.1_409
DDUX01000054.1_23	NZ_PZKC01000002.1_263
DDUX01000054.1_23	NZ_CP022187.1_2077
DDUX01000054.1_23	NZ_CP022188.1_225
DDUX01000054.1_23	NZ_QKOE01000003.1_87
DDUX01000054.1_23	NZ_CP031842.1_1321
DDUX01000054.1_23	NZ_RBXP01000019.1_108
DDUX01000054.1_23	NZ_SSOD01000019.1_89
DDUX01000054.1_23	NZ_SSOD01000026.1_25
DDUX01000054.1_23	NZ_CP044222.1_50
DDUX01000054.1_23	NZ_SSSR01000001.1_94
DDUX01000054.1_23	NZ_SSSQ01000002.1_468
DDUX01000054.1_23	NZ_WUAF01000001.1_81
DDUX01000054.1_23	NZ_VYTY01000004.1_83
DDUX01000054.1_23	NZ_SPMX01000053.1_69
DDUX01000054.1_23	NZ_JACIGE010000013.1_66
DDUX01000054.1_23	NZ_JACTAH010000002.1_828
DDUX01000054.1_23	NZ_JAEUOI010000160.1_7
DDUX01000054.1_23	NZ_JAFLDO010000009.1_6
DDUX01000054.1_23	NZ_JAGRRD010000001.1_3976
DDUX01000054.1_23	NZ_AP019536.1_1060
DDUX01000054.1_23	NZ_CP075191.1_1756
DDUX01000054.1_23	NZ_AP023423.1_790
DDUX01000054.1_23	NZ_JAKLTN010000001.1_1586
DDUX01000054.1_23	NZ_JAMTDQ010000029.1_68
DDUX01000054.1_23	NZ_CP102486.1_2223
DDUX01000054.1_23	NZ_BSPX01000010.1_78
DDUX01000054.1_23	NZ_LR699166.1_2555
DDUX01000054.1_23	NZ_CALJNI010000009.1_5
DDUX01000054.1_23	NZ_CAMFKO010000015.1_57
DDUX01000054.1_23	NCGK01000014.1_5
DDUX01000054.1_23	PMIH01000030.1_57
DDUX01000054.1_23	JAUSOD010000045.1_23
DDUX01000054.1_23	NZ_CP019509.1_2578
DDUX01000054.1_23	DJFX01000036.1_8
DDUX01000054.1_23	JANQMN010000058.1_4
DDUX01000054.1_23	DKAS01000152.1_15
DDUX01000054.1_23	SPJS01000197.1_8
DDUX01000054.1_23	JACDZI010000015.1_27
DDUX01000054.1_23	WGLP01000003.1_121
DDUX01000054.1_23	JADKBU010000062.1_19
DDUX01000054.1_23	JAGREA010000112.1_17
DDUX01000054.1_23	JAKPQE010000055.1_24
DDUX01000054.1_23	NZ_JAALJH010000043.1_55
DDUX01000054.1_23	NZ_JAJKFT010000004.1_1318
DDUX01000054.1_23	NZ_FLQX01000127.1_107
DDUX01000054.1_23	DILW01000024.1_25
DDUX01000054.1_23	JAAXVL010000004.1_33
DDUX01000054.1_23	JAFIHA010000051.1_20
DDUX01000054.1_23	JAHJVE010000010.1_20
DDUX01000054.1_23	NZ_KE386926.1_120
DDUX01000054.1_23	NZ_QJKI01000003.1_215
DDUX01000054.1_23	NZ_CP048836.1_3744
DDUX01000054.1_23	NZ_CP071321.1_4139
DDUX01000054.1_23	NZ_JAEKFT010000004.1_136
DDUX01000054.1_23	NZ_CP075189.1_1707
DDUX01000054.1_23	NZ_NRRW01000075.1_7
DDUX01000054.1_23	NC_019940.1_3184
JADJXQ010000026.1_55	JADJXQ010000026.1_55
JADJXQ010000026.1_55	JAEULH010000097.1_1
JADJXQ010000026.1_55	JAHCKI010000004.1_22
JADJXQ010000026.1_55	JANQFP010000190.1_14
JADJXQ010000026.1_55	JANQSN010000025.1_45
JADJXQ010000026.1_55	CAKZLS010000224.1_12
JADJXQ010000026.1_55	REES01000041.1_55
JADJPE010000005.1_5303	JADJPE010000005.1_5303
JADHXD010000145.1_7	JADHXD010000145.1_7
JAENZN010000005.1_115	JAENZN010000005.1_115
JAENYV010000001.1_349	JAENYV010000001.1_349
JAFGDQ010000034.1_1	JAFGDQ010000034.1_1
JAFGDQ010000034.1_1	DF820458.1_517
JAFGDQ010000034.1_1	QKCO01000110.1_8
JAFGDQ010000034.1_1	QKCL01000069.1_14
JAFGDQ010000034.1_1	DPXI01000135.1_18
JAFGDQ010000034.1_1	QZKS01000054.1_31
JAFGDQ010000034.1_1	QZLA01000161.1_6
JAFGDQ010000034.1_1	SKZT01000016.1_18
JAFGDQ010000034.1_1	JAABTQ010000009.1_31
JAFGDQ010000034.1_1	JAABSP010000032.1_8
JAFGDQ010000034.1_1	JAABRU010000096.1_13
JAFGDQ010000034.1_1	JAABRJ010000485.1_2
JAFGDQ010000034.1_1	JAAZBG010000126.1_3
JAFGDQ010000034.1_1	JAAYVE010000057.1_13
JAFGDQ010000034.1_1	JAAYPC010000346.1_3
JAFGDQ010000034.1_1	JABZFP010000007.1_203
JAFGDQ010000034.1_1	JACRDF010000024.1_69
JAFGDQ010000034.1_1	JACRDG010000112.1_73
JAFGDQ010000034.1_1	JAFGIN010000220.1_60
JAFGDQ010000034.1_1	JAHIVH010000061.1_307
JAFGDQ010000034.1_1	JAHIRD010000037.1_3
JAFGDQ010000034.1_1	JAGVAH010000085.1_9
JAFGDQ010000034.1_1	DYRK01000042.1_2
JAFGDQ010000034.1_1	DYJE01000004.1_158
JAFGDQ010000034.1_1	DYJC01000026.1_32
JAFGDQ010000034.1_1	DYEV01000023.1_84
JAFGDQ010000034.1_1	JAKAKP010000064.1_29
JAFGDQ010000034.1_1	JAKALP010000042.1_12
JAFGDQ010000034.1_1	JAJDNY010000179.1_2
JAFGDQ010000034.1_1	JAKJHH010000105.1_6
JAFGDQ010000034.1_1	DZCT01000199.1_8
JAFGDQ010000034.1_1	JALNYP010000019.1_28
JAFGDQ010000034.1_1	JAMCQY010000369.1_27
JAFGDQ010000034.1_1	JAEYOJ010000070.1_5
JAFGDQ010000034.1_1	JAEZXS010000344.1_7
JAFGDQ010000034.1_1	JAEWVR010000012.1_26
JAFGDQ010000034.1_1	JALOOX010000002.1_98
JAFGDQ010000034.1_1	JANQIE010000146.1_2
JAFGDQ010000034.1_1	JAQULO010000031.1_17
JAFGDQ010000034.1_1	JASJCV010000013.1_10
JAFGDQ010000034.1_1	JASJCL010000004.1_120
JAFGDQ010000034.1_1	JASJCD010000033.1_5
JAFGDQ010000034.1_1	JAQYVU010000001.1_151
JAFGDQ010000034.1_1	JARLHO010000125.1_1
JAFGDQ010000034.1_1	CAJXSL010000014.1_87
JAFGDQ010000034.1_1	CALMIS010000306.1_10
JAFGDQ010000034.1_1	CALMNL010000007.1_136
JAFGDQ010000034.1_1	CALFXO010000013.1_6
JAFGDQ010000034.1_1	NZ_AUCT01000001.1_186
JAFGDQ010000034.1_1	NZ_BCAG01000005.1_116
JAFGDQ010000034.1_1	NZ_AP021875.1_3043
JAFGDQ010000034.1_1	NZ_JAIBKA010000006.1_251
JAFGDQ010000034.1_1	NZ_BQXM01000005.1_73
JAFGDQ010000034.1_1	NZ_JALJRB010000001.1_15
JAFGDQ010000034.1_1	NZ_BSDR01000001.1_1154
JAFGDQ010000034.1_1	NZ_FQZU01000040.1_11
JAFGDQ010000034.1_1	JADGBH010000045.1_11
JAFGDQ010000034.1_1	JAMCYH010000319.1_15
JAFGDQ010000034.1_1	JAJYDQ010000042.1_12
JAFGDQ010000034.1_1	JAPLJJ010000204.1_5
JAFGDQ010000034.1_1	JASEFS010000010.1_12
JAFGDQ010000034.1_1	QZIZ01000129.1_18
JAFGRV010000395.1_22	JAFGRV010000395.1_22
JAFGRV010000395.1_22	NC_014364.1_2995
JAFGRV010000395.1_22	NZ_CP039543.1_2951
JAFGWA010000028.1_15	JAFGWA010000028.1_15
JAFGWA010000028.1_15	PLPI01000144.1_14
JAEYHP010000122.1_5	JAEYHP010000122.1_5
JAEYHP010000122.1_5	JAEWCL010000003.1_327
JAEYOY010000035.1_5	JAEYOY010000035.1_5
JAEYOY010000035.1_5	JAEYOQ010000041.1_8
JAEYOY010000035.1_5	JAEZKL010000174.1_58
JAEYOY010000035.1_5	JAEZKA010000010.1_51
JAEYOY010000035.1_5	DBEP01000075.1_41
JAEYOY010000035.1_5	JAEWAK010000027.1_155
JAEYOY010000035.1_5	JAEYGZ010000027.1_340
JAEYOY010000035.1_5	JAEZSL010000189.1_15
JAEYOY010000035.1_5	CABTYG010000022.1_56
JAEYOY010000035.1_5	NZ_FJVE01000007.1_1219
JAEYOY010000035.1_5	NZ_FOWD01000022.1_13
JAEYOY010000035.1_5	JAISJJ010000133.1_23
JAEYOY010000035.1_5	JAITCL010000088.1_33
JAEYON010000068.1_64	JAEYON010000068.1_64
JAEYON010000068.1_64	CALASN010000149.1_16
JAEYON010000068.1_64	JAEYLC010000034.1_34
JAEYON010000068.1_64	JAISKB010000016.1_20
JAEYON010000068.1_64	JAEZDF010000059.1_15
JAEYON010000068.1_64	JAEZZQ010000016.1_368
JAEYON010000068.1_64	KB911066.1_386
JAEYON010000068.1_64	JAEWPN010000027.1_11
JAEZCA010000042.1_11	JAEZCA010000042.1_11
JAEZCA010000042.1_11	JAEYFP010000019.1_51
JAEZCA010000042.1_11	JAEZBW010000651.1_8
JAEZCA010000042.1_11	JAEYRV010000024.1_143
JAEZCA010000042.1_11	JAIRTA010000034.1_2
JAEZCA010000042.1_11	JAIRSA010000009.1_10
JAEZCA010000042.1_11	JAIRLZ010000055.1_3
JAEZCA010000042.1_11	JAISOV010000004.1_11
JAEZCA010000042.1_11	JAITJS010000015.1_9
JAEZCA010000042.1_11	JAFAGA010000013.1_24
JAEZCA010000042.1_11	JAISLF010000040.1_19
JAEZCA010000042.1_11	JAISFB010000074.1_10
JAEZCA010000042.1_11	JAKOPX010000087.1_6
JAEZCA010000042.1_11	JAITPM010000040.1_41
JAEZZO010000070.1_61	JAEZZO010000070.1_61
JAFAFU010000084.1_72	JAFAFU010000084.1_72
JAFAFU010000084.1_72	JAEYRK010000001.1_15
JAFAFU010000084.1_72	JAEZNB010000094.1_26
JAFABO010000021.1_2	JAFABO010000021.1_2
JASEFH010000042.1_3	JASEFH010000042.1_3
JASEER010000002.1_71	JASEER010000002.1_71
JASJDJ010000051.1_25	JASJDJ010000051.1_25
JASJDJ010000051.1_25	JASJCW010000055.1_12
JASJDJ010000051.1_25	JASJDA010000010.1_16
JASJDJ010000051.1_25	NC_019689.1_3482
JASJDJ010000051.1_25	NZ_MRCB01000006.1_63
JASJDJ010000051.1_25	JAAANX010000187.1_29
JASJDJ010000051.1_25	NC_019779.1_1778
JASJDJ010000051.1_25	NZ_CP042326.1_423
JASJDJ010000051.1_25	JADQBC010000070.1_12
JASJDJ010000051.1_25	NZ_JACJSM010000006.1_149
JASJDJ010000051.1_25	JASJDB010000344.1_1
JASJDJ010000051.1_25	KB904821.1_2327
JASJDJ010000051.1_25	JAAURB010000022.1_22
JASJDJ010000051.1_25	JADEXJ010000075.1_18
JASJDJ010000051.1_25	JASJEI010000273.1_14
JASJDJ010000051.1_25	JASJEK010000004.1_39
JASJDJ010000051.1_25	JASJDI010000020.1_35
JASJDJ010000051.1_25	JASJDR010000028.1_35
JASJDJ010000051.1_25	JASJCP010000001.1_36
JASJDJ010000051.1_25	NZ_ALVZ01000230.1_6
JASJDJ010000051.1_25	NZ_JRFE01000060.1_127
JASJDJ010000051.1_25	NZ_LR213770.1_6
JASGMV010000058.1_1	JASGMV010000058.1_1
JAJSZT010000040.1_16	JAJSZT010000040.1_16
JAJSZT010000040.1_16	RPGQ01000013.1_50
JAJSZT010000040.1_16	JAJSZW010000038.1_14
JAJSZT010000040.1_16	ADZZ01000138.1_15
JAJSZT010000040.1_16	JAJSZO010000038.1_8
CP128400.1_1730	CP128400.1_1730
CP128400.1_1730	JACAUC010000118.1_10
CP128401.1_48	CP128401.1_48
JASUSO010000003.1_35	JASUSO010000003.1_35
JASUSO010000003.1_35	NZ_BCNX01000007.1_244
CP130741.1_558	CP130741.1_558
CP130741.1_558	JASGLP010000001.1_156
CP130741.1_558	JACQZP010000031.1_132
CP130741.1_558	JAHIQT010000088.1_6
CP130741.1_558	NC_016894.1_800
CP130741.1_558	NZ_AXAC01000027.1_11
CP130741.1_558	NZ_LGYO01000022.1_259
CP130741.1_558	NZ_LKEU01000018.1_11
CP130741.1_558	NZ_CP030040.1_2958
CP130741.1_558	NZ_RXYA01000010.1_12
CP130741.1_558	NZ_RXYB01000019.1_36
CP130741.1_558	NZ_JAIPPU010000001.1_270
CP130741.1_558	NZ_JAUSPS010000042.1_8
JAUWHP010000012.1_14	JAUWHP010000012.1_14
JAUWOH010000014.1_6	JAUWOH010000014.1_6
JAUWOH010000014.1_6	MAXM01000301.1_17
JAUXDR010000106.1_1	JAUXDR010000106.1_1
JAUXDR010000106.1_1	PQXE01000038.1_17
JAUXDR010000106.1_1	WTCF01000161.1_9
DAOUOW010000010.1_5	DAOUOW010000010.1_5
DAOWGI010000087.1_35	DAOWGI010000087.1_35
DAOWGI010000087.1_35	JAUVAV010000030.1_30
DAOWOF010000073.1_2	DAOWOF010000073.1_2
CAITNO010000037.1_65	CAITNO010000037.1_65
CAITNO010000037.1_65	CAIJOU010000740.1_2
CAITYL010000375.1_16	CAITYL010000375.1_16
CAITYL010000375.1_16	CAIOST010000287.1_5
CAIUEN010000270.1_6	CAIUEN010000270.1_6
CAIUEN010000270.1_6	QAYZ01000015.1_118
CAIUEN010000270.1_6	JAFKMU010000048.1_88
CAIUEN010000270.1_6	NZ_BDCO01000002.1_1283
CAIUEN010000270.1_6	JAQTQB010000004.1_21
CAIUEN010000270.1_6	PLAY01000022.1_18
CAIUEN010000270.1_6	JAJXXW010000012.1_4
CAIUEN010000270.1_6	JARLJW010000031.1_27
CAIUEN010000270.1_6	JAISUT010000033.1_11
CAIUEN010000270.1_6	CAIYYI010000652.1_11
CAIWAN010000057.1_12	CAIWAN010000057.1_12
CAIWAN010000057.1_12	CAIUUT010000114.1_2
CAIYQO010000184.1_33	CAIYQO010000184.1_33
CAIYZD010000586.1_26	CAIYZD010000586.1_26
CAJBLH010000269.1_1	CAJBLH010000269.1_1
CAJBLH010000269.1_1	LKPX01000013.1_58
CAJBLH010000269.1_1	JABDRH010000645.1_6
CAJBLH010000269.1_1	JACRBZ010000091.1_21
CAJBLH010000269.1_1	JAJXYD010000044.1_11
CAJBLH010000269.1_1	DAIEFO010000093.1_7
CAJBLH010000269.1_1	OMOE01000136.1_19
CAJBLH010000269.1_1	LUZZ01000315.1_2
CAJBLH010000269.1_1	JAVHLK010000022.1_12
CAJBLH010000269.1_1	NC_015388.1_352
CAJBLH010000269.1_1	NZ_BBCC01000105.1_16
CAJOQA010000364.1_5	CAJOQA010000364.1_5
CAJVYN010000085.1_8	CAJVYN010000085.1_8
CAJVYJ010000038.1_11	CAJVYJ010000038.1_11
NC_022444.1_1199	NC_022444.1_1199
NC_022444.1_1199	JAIWOE010000057.1_11
NC_022444.1_1199	JALHJW010000008.1_123
NZ_KI911559.1_3507	NZ_KI911559.1_3507
NZ_KI912098.1_112	NZ_KI912098.1_112
NZ_KI912098.1_112	NC_012848.1_282
NZ_KI912098.1_112	NZ_CP053444.1_109
NZ_KI912098.1_112	NZ_LXFU01000028.1_113
NZ_KI912098.1_112	NZ_LYPL01000004.1_250
NZ_KI912098.1_112	NZ_SILG01000005.1_51
NZ_KI912098.1_112	NZ_JAGIOR010000001.1_1671
NZ_KI912098.1_112	NZ_JH719395.1_2320
NZ_KI912098.1_112	NZ_LJYW01000001.1_1024
NZ_KI912098.1_112	KI911947.1_177
NZ_KI912098.1_112	CCNB01000015.1_36
NZ_KI912098.1_112	CCNA01000013.1_18
NZ_KI912098.1_112	LM655202.1_252
NZ_KI912098.1_112	CCNC01000179.1_54
NZ_KI912098.1_112	LAEA01000099.1_22
NZ_KI912098.1_112	CCRI01000031.1_17
NZ_KI912098.1_112	LPWA01000161.1_14
NZ_KI912098.1_112	MBFK01000144.1_1
NZ_KI912098.1_112	DDLW01000155.1_1
NZ_KI912098.1_112	AP017605.1_5206
NZ_KI912098.1_112	DISD01000044.1_49
NZ_KI912098.1_112	PDZW01000001.1_57
NZ_KI912098.1_112	PEKW01000007.1_407
NZ_KI912098.1_112	RXJK01000217.1_29
NZ_KI912098.1_112	SAKE01000029.1_12
NZ_KI912098.1_112	SAQG01000030.1_60
NZ_KI912098.1_112	SAQL01000028.1_40
NZ_KI912098.1_112	RDXE01000055.1_43
NZ_KI912098.1_112	SRUQ01000021.1_16
NZ_KI912098.1_112	SRXN01000093.1_1
NZ_KI912098.1_112	DUZF01000016.1_10
NZ_KI912098.1_112	JACESF010000035.1_25
NZ_KI912098.1_112	CP050295.1_550
NZ_KI912098.1_112	JADGDA010000015.1_18
NZ_KI912098.1_112	JADGAX010000001.1_66
NZ_KI912098.1_112	JADFZV010000004.1_55
NZ_KI912098.1_112	JACQAD010000102.1_20
NZ_KI912098.1_112	JACRJC010000029.1_28
NZ_KI912098.1_112	JACRJB010000078.1_47
NZ_KI912098.1_112	JAEULV010000137.1_3
NZ_KI912098.1_112	JAEUMD010000008.1_312
NZ_KI912098.1_112	JADYVE010000055.1_3
NZ_KI912098.1_112	JAHRYZ010000029.1_17
NZ_KI912098.1_112	JACKJC010000003.1_16
NZ_KI912098.1_112	JAIOYK010000004.1_18
NZ_KI912098.1_112	JAKAJL010000016.1_55
NZ_KI912098.1_112	JAKAFA010000132.1_10
NZ_KI912098.1_112	JAJZVW010000033.1_21
NZ_KI912098.1_112	JAEWWF010000177.1_4
NZ_KI912098.1_112	JAEYPE010000263.1_6
NZ_KI912098.1_112	JAFAFA010000051.1_24
NZ_KI912098.1_112	JAFAAW010000122.1_57
NZ_KI912098.1_112	JAEZHI010000007.1_30
NZ_KI912098.1_112	JAEXAH010000113.1_64
NZ_KI912098.1_112	JANQAI010000011.1_1003
NZ_KI912098.1_112	JARKNW010000137.1_3
NZ_KI912098.1_112	JASLCK010000025.1_4
NZ_KI912098.1_112	JAOTSD010000042.1_35
NZ_KI912098.1_112	JAUVXG010000019.1_24
NZ_KI912098.1_112	JAVBXM010000088.1_13
NZ_KI912098.1_112	JARLIM010000010.1_27
NZ_KI912098.1_112	JARLIJ010000136.1_23
NZ_KI912098.1_112	UEGQ01000002.1_63
NZ_KI912098.1_112	UBMP01000007.1_147
NZ_KI912098.1_112	CACUVI010000001.1_68
NZ_KI912098.1_112	CAIUSV010000048.1_16
NZ_KI912098.1_112	CAIVPZ010000109.1_146
NZ_KI912098.1_112	CALMFH010000065.1_30
NZ_KI912098.1_112	CALMPK010000355.1_21
NZ_KI912098.1_112	CALCDN010000075.1_7
NZ_KI912098.1_112	NC_002678.2_4644
NZ_KI912098.1_112	NC_007626.1_1587
NZ_KI912098.1_112	NC_013854.1_812
NZ_KI912098.1_112	NC_007643.1_1036
NZ_KI912098.1_112	NC_007778.1_973
NZ_KI912098.1_112	NC_000914.2_117
NZ_KI912098.1_112	NC_011365.1_1575
NZ_KI912098.1_112	NC_011894.1_3950
NZ_KI912098.1_112	NZ_CP020950.1_376
NZ_KI912098.1_112	NC_015675.1_6350
NZ_KI912098.1_112	NC_015709.1_1309
NZ_KI912098.1_112	NC_019973.1_5727
NZ_KI912098.1_112	NZ_JH660636.1_132
NZ_KI912098.1_112	NT_187151.1_120
NZ_KI912098.1_112	NC_016622.1_582
NZ_KI912098.1_112	NC_017059.1_2846
NZ_KI912098.1_112	NZ_AEYF01000053.1_64
NZ_KI912098.1_112	NZ_AKZI01000179.1_1
NZ_KI912098.1_112	NZ_AEYE02000038.1_18
NZ_KI912098.1_112	NC_020061.1_289
NZ_KI912098.1_112	NZ_BADD01000366.1_2
NZ_KI912098.1_112	NZ_BADK01000003.1_15
NZ_KI912098.1_112	NZ_AONQ01000082.1_10
NZ_KI912098.1_112	NZ_CAUM01000170.1_24
NZ_KI912098.1_112	NZ_CAAF010000045.1_52
NZ_KI912098.1_112	NZ_AQHN01000086.1_85
NZ_KI912098.1_112	NZ_AQWP01000008.1_13
NZ_KI912098.1_112	NZ_KB905371.1_278
NZ_KI912098.1_112	NZ_ATTQ01000044.1_13
NZ_KI912098.1_112	NZ_AUHB01000005.1_232
NZ_KI912098.1_112	NZ_AULH01000012.1_9
NZ_KI912098.1_112	NZ_AUFB01000050.1_11
NZ_KI912098.1_112	NZ_KE386497.1_81
NZ_KI912098.1_112	NZ_ATYO01000023.1_63
NZ_KI912098.1_112	NZ_KI421454.1_335
NZ_KI912098.1_112	NZ_AXAL01000020.1_39
NZ_KI912098.1_112	NZ_AYWS01000018.1_29
NZ_KI912098.1_112	NZ_AYWX01000023.1_14
NZ_KI912098.1_112	NZ_AYWO01000056.1_6
NZ_KI912098.1_112	NZ_AYVY01000043.1_17
NZ_KI912098.1_112	NC_023065.1_334
NZ_KI912098.1_112	NZ_AZUW01000052.1_20
NZ_KI912098.1_112	NZ_AZUY01000029.1_49
NZ_KI912098.1_112	NZ_JAEG01000016.1_56
NZ_KI912098.1_112	NZ_AVFL01000012.1_169
NZ_KI912098.1_112	NZ_CBYB010000054.1_17
NZ_KI912098.1_112	NZ_BAIO01000032.1_2
NZ_KI912098.1_112	NZ_JHXQ01000006.1_111
NZ_KI912098.1_112	NZ_HG938354.1_1039
NZ_KI912098.1_112	NZ_CP006879.1_258
NZ_KI912098.1_112	NZ_JXSL01000020.1_429
NZ_KI912098.1_112	NZ_AVFK01000017.1_99
NZ_KI912098.1_112	NZ_LCYG01000090.1_12
NZ_KI912098.1_112	NZ_LJIC01000031.1_10
NZ_KI912098.1_112	NZ_CP012401.1_97
NZ_KI912098.1_112	NZ_CP012914.1_936
NZ_KI912098.1_112	NZ_LN997848.1_3629
NZ_KI912098.1_112	NZ_LNCD01000005.1_24
NZ_KI912098.1_112	NZ_CP015285.1_571
NZ_KI912098.1_112	NZ_LWQU01000174.1_70
NZ_KI912098.1_112	NZ_LNQC01000073.1_33
NZ_KI912098.1_112	NZ_LPUX01000056.1_21
NZ_KI912098.1_112	NZ_LNQB01000089.1_40
NZ_KI912098.1_112	NZ_LWBS01000418.1_45
NZ_KI912098.1_112	NZ_CP013633.1_256
NZ_KI912098.1_112	NZ_CP013633.1_349
NZ_KI912098.1_112	NZ_CP016290.1_445
NZ_KI912098.1_112	NZ_MDFL01000007.1_4
NZ_KI912098.1_112	NZ_MDDV01000014.1_82
NZ_KI912098.1_112	NZ_MKVK01000018.1_21
NZ_KI912098.1_112	NZ_CP017243.1_367
NZ_KI912098.1_112	NZ_MSIG01000034.1_8
NZ_KI912098.1_112	NZ_MRDM01000012.1_54
NZ_KI912098.1_112	NZ_MRDL01000009.1_34
NZ_KI912098.1_112	NZ_LUAV01000021.1_43
NZ_KI912098.1_112	NZ_CP015848.1_1724
NZ_KI912098.1_112	NZ_CP021031.1_290
NZ_KI912098.1_112	NZ_NNRI01000021.1_560
NZ_KI912098.1_112	NZ_NPKH01000001.1_249
NZ_KI912098.1_112	NZ_NPKI01000050.1_7
NZ_KI912098.1_112	NZ_NPKJ01000057.1_98
NZ_KI912098.1_112	NZ_CP023069.1_374
NZ_KI912098.1_112	NZ_NSFT01000033.1_11
NZ_KI912098.1_112	NZ_NSGE01000010.1_78
NZ_KI912098.1_112	NZ_NSGF01000031.1_10
NZ_KI912098.1_112	NZ_NSGG01000015.1_99
NZ_KI912098.1_112	NZ_NSFV01000032.1_11
NZ_KI912098.1_112	NZ_NWQG01000012.1_1
NZ_KI912098.1_112	NZ_CP034999.1_33
NZ_KI912098.1_112	NZ_CP034999.1_619
NZ_KI912098.1_112	NZ_NWSX01000069.1_17
NZ_KI912098.1_112	NZ_NWSV01000051.1_5
NZ_KI912098.1_112	NZ_CP021375.1_112
NZ_KI912098.1_112	NZ_NQVN01000038.1_21
NZ_KI912098.1_112	NZ_PJNW01000023.1_45
NZ_KI912098.1_112	NZ_LODW01000108.1_1
NZ_KI912098.1_112	NZ_NHRY01000072.1_41
NZ_KI912098.1_112	NZ_CP024313.1_197
NZ_KI912098.1_112	NZ_CP024309.1_309
NZ_KI912098.1_112	NZ_PVBM01000068.1_1
NZ_KI912098.1_112	NZ_CP019966.1_4582
NZ_KI912098.1_112	NZ_PZJX01000070.1_29
NZ_KI912098.1_112	NZ_QBKZ01000024.1_185
NZ_KI912098.1_112	NZ_QDAH01000069.1_16
NZ_KI912098.1_112	NZ_LGQW01000015.1_5524
NZ_KI912098.1_112	NZ_LGRA01000018.1_537
NZ_KI912098.1_112	NZ_CP022364.1_839
NZ_KI912098.1_112	NZ_CP022253.1_2290
NZ_KI912098.1_112	NZ_CP029353.1_1751
NZ_KI912098.1_112	NZ_QGGH01000015.1_79
NZ_KI912098.1_112	NZ_QGLE01000002.1_391
NZ_KI912098.1_112	NZ_NKUB01000017.1_29
NZ_KI912098.1_112	NZ_QJTI01000004.1_174
NZ_KI912098.1_112	NZ_QKQS01000023.1_216
NZ_KI912098.1_112	NZ_CP029829.1_496
NZ_KI912098.1_112	NZ_NPEX01000005.1_39
NZ_KI912098.1_112	NZ_QMBP01000030.1_31
NZ_KI912098.1_112	NZ_QMBQ01000012.1_29
NZ_KI912098.1_112	NZ_QNRK01000044.1_29
NZ_KI912098.1_112	NZ_QPIX01000006.1_172
NZ_KI912098.1_112	NZ_QDGA01000132.1_12
NZ_KI912098.1_112	NZ_QLKQ01000067.1_32
NZ_KI912098.1_112	NZ_QUWV01000071.1_46
NZ_KI912098.1_112	NZ_QYUL01000001.1_1607
NZ_KI912098.1_112	NZ_QYUK01000011.1_343
NZ_KI912098.1_112	NZ_QYYD01000039.1_30
NZ_KI912098.1_112	NZ_QZWZ01000047.1_20
NZ_KI912098.1_112	NZ_CP032696.1_240
NZ_KI912098.1_112	NZ_CP032687.1_270
NZ_KI912098.1_112	NZ_RQXT01000042.1_42
NZ_KI912098.1_112	NZ_CP034443.1_2400
NZ_KI912098.1_112	NZ_CP034448.1_1301
NZ_KI912098.1_112	NZ_CP034447.1_6
NZ_KI912098.1_112	NZ_CP034450.1_4459
NZ_KI912098.1_112	NZ_CP034451.1_3576
NZ_KI912098.1_112	NZ_ML133540.1_35
NZ_KI912098.1_112	NZ_RWKV01000001.1_80
NZ_KI912098.1_112	NZ_RZTT01000173.1_7
NZ_KI912098.1_112	NZ_RZRU01000010.1_11
NZ_KI912098.1_112	NZ_RZQL01000165.1_11
NZ_KI912098.1_112	NZ_SADR02000028.1_50
NZ_KI912098.1_112	NZ_SADR02000029.1_35
NZ_KI912098.1_112	NZ_SADT02000011.1_19
NZ_KI912098.1_112	NZ_SAJS01000021.1_53
NZ_KI912098.1_112	NZ_SAQR01000020.1_36
NZ_KI912098.1_112	NZ_SAQE01000027.1_50
NZ_KI912098.1_112	NZ_RZOY02000024.1_18
NZ_KI912098.1_112	NZ_SAUF01000001.1_1487
NZ_KI912098.1_112	NZ_SDVB01000191.1_139
NZ_KI912098.1_112	NZ_SJFN01000013.1_53
NZ_KI912098.1_112	NZ_SNXY01000009.1_54
NZ_KI912098.1_112	NZ_SRUO01000023.1_50
NZ_KI912098.1_112	NZ_SRUZ01000002.1_567
NZ_KI912098.1_112	NZ_SRUU01000042.1_16
NZ_KI912098.1_112	NZ_SMYZ01000081.1_103
NZ_KI912098.1_112	NZ_CP039634.1_1532
NZ_KI912098.1_112	NZ_CP039650.1_1854
NZ_KI912098.1_112	NZ_SUHQ01000035.1_17
NZ_KI912098.1_112	NZ_SUEO01000142.1_7
NZ_KI912098.1_112	NZ_SUGA01000056.1_14
NZ_KI912098.1_112	NZ_SUEG01000023.1_38
NZ_KI912098.1_112	NZ_CP032345.1_2261
NZ_KI912098.1_112	NZ_CP054024.1_150
NZ_KI912098.1_112	NZ_VFTZ01000004.1_290
NZ_KI912098.1_112	NZ_VHLG01000012.1_112
NZ_KI912098.1_112	NZ_BJMV01000010.1_40
NZ_KI912098.1_112	NZ_VFTC01000029.1_57
NZ_KI912098.1_112	NZ_VITA01000035.1_15
NZ_KI912098.1_112	NZ_VITH01000012.1_113
NZ_KI912098.1_112	NZ_VTTM01000001.1_880
NZ_KI912098.1_112	NZ_VTTO01000003.1_54
NZ_KI912098.1_112	NZ_QOKV01000016.1_87
NZ_KI912098.1_112	NZ_ML703276.1_45
NZ_KI912098.1_112	NZ_VWPL01000010.1_90
NZ_KI912098.1_112	NZ_CP034911.1_420
NZ_KI912098.1_112	NZ_VOSK01000223.1_3
NZ_KI912098.1_112	NZ_WNKV01000018.1_35
NZ_KI912098.1_112	NZ_WUEN01000006.1_125
NZ_KI912098.1_112	NZ_WUFT01000009.1_255
NZ_KI912098.1_112	NZ_QUMK01000012.1_39
NZ_KI912098.1_112	NZ_JAAIYP010000011.1_68
NZ_KI912098.1_112	NZ_JAAIYP010000026.1_41
NZ_KI912098.1_112	NZ_JAAKZF010000030.1_62
NZ_KI912098.1_112	NZ_WOTD01000003.1_27
NZ_KI912098.1_112	NZ_WIEU01000008.1_164
NZ_KI912098.1_112	NZ_WIEV01000034.1_51
NZ_KI912098.1_112	NZ_JAAXMM010000001.1_54
NZ_KI912098.1_112	NZ_PQIG01000115.1_20
NZ_KI912098.1_112	NZ_CP033334.1_6353
NZ_KI912098.1_112	NZ_CP051293.1_6911
NZ_KI912098.1_112	NZ_CP033365.1_6520
NZ_KI912098.1_112	NZ_CP033367.1_6616
NZ_KI912098.1_112	NZ_JAATVV010000010.1_109
NZ_KI912098.1_112	NZ_JABEKU010000005.1_43
NZ_KI912098.1_112	NZ_WHOR01000113.1_10
NZ_KI912098.1_112	NZ_WHOS01000016.1_110
NZ_KI912098.1_112	NZ_JACABA010000002.1_1095
NZ_KI912098.1_112	NZ_JACAAX010000037.1_43
NZ_KI912098.1_112	NZ_JABFFR010000048.1_14
NZ_KI912098.1_112	NZ_CP041240.1_235
NZ_KI912098.1_112	NZ_JACDTY010000002.1_35
NZ_KI912098.1_112	NZ_JACDTY010000017.1_48
NZ_KI912098.1_112	NZ_CP050299.1_425
NZ_KI912098.1_112	NZ_JACHYN010000010.1_159
NZ_KI912098.1_112	NZ_JACIFV010000011.1_146
NZ_KI912098.1_112	NZ_JACIGI010000045.1_16
NZ_KI912098.1_112	NZ_JACIGJ010000001.1_62
NZ_KI912098.1_112	NZ_JACIGK010000009.1_94
NZ_KI912098.1_112	NZ_JACIHU010000025.1_2
NZ_KI912098.1_112	NZ_JACHBD010000013.1_116
NZ_KI912098.1_112	NZ_JACHIH010000016.1_89
NZ_KI912098.1_112	NZ_JACHBG010000031.1_57
NZ_KI912098.1_112	NZ_JACHEF010000011.1_59
NZ_KI912098.1_112	NZ_JACHIE010000004.1_75
NZ_KI912098.1_112	NZ_JACCJY010000013.1_88
NZ_KI912098.1_112	NZ_JHQR01000154.1_9
NZ_KI912098.1_112	NZ_JHQS01000013.1_61
NZ_KI912098.1_112	NZ_CP064191.1_156
NZ_KI912098.1_112	NZ_AP024109.1_1372
NZ_KI912098.1_112	NZ_JAENHM010000073.1_212
NZ_KI912098.1_112	NZ_JAEPIV010000002.1_64
NZ_KI912098.1_112	NZ_NHSK01000090.1_51
NZ_KI912098.1_112	NZ_CP067420.1_1812
NZ_KI912098.1_112	NZ_JAERQD010000103.1_2
NZ_KI912098.1_112	NZ_AP023243.1_6452
NZ_KI912098.1_112	NZ_AP023247.1_6258
NZ_KI912098.1_112	NZ_AP023257.1_6128
NZ_KI912098.1_112	NZ_AP023262.1_6789
NZ_KI912098.1_112	NZ_CP086111.1_3289
NZ_KI912098.1_112	NZ_JAFCGY010000047.1_12
NZ_KI912098.1_112	NZ_JAEKIS010000007.1_85
NZ_KI912098.1_112	NZ_CP071458.1_202
NZ_KI912098.1_112	NZ_CP071608.1_115
NZ_KI912098.1_112	NZ_CP071615.1_8
NZ_KI912098.1_112	NZ_CP071635.1_88
NZ_KI912098.1_112	NZ_CP083372.1_93
NZ_KI912098.1_112	NZ_JAGILA010000010.1_81
NZ_KI912098.1_112	NZ_JAGINM010000011.1_49
NZ_KI912098.1_112	NZ_JAGINO010000002.1_343
NZ_KI912098.1_112	NZ_JAGINP010000014.1_117
NZ_KI912098.1_112	NZ_JAGINQ010000003.1_304
NZ_KI912098.1_112	NZ_JAGIOS010000003.1_580
NZ_KI912098.1_112	NZ_CP072869.1_84
NZ_KI912098.1_112	NZ_JAGTUF010000021.1_45
NZ_KI912098.1_112	NZ_JAFLWW010000007.1_121
NZ_KI912098.1_112	NZ_JAFFIW010000044.1_36
NZ_KI912098.1_112	NZ_JAHHZF010000006.1_228
NZ_KI912098.1_112	NZ_JAFNIH010000051.1_32
NZ_KI912098.1_112	NZ_JAAXDD010000014.1_93
NZ_KI912098.1_112	NZ_RWIJ01000003.1_58
NZ_KI912098.1_112	NZ_NSLC01000012.1_70
NZ_KI912098.1_112	NZ_JAIUGV010000032.1_11
NZ_KI912098.1_112	NZ_JADYVD010000095.1_3
NZ_KI912098.1_112	NZ_JAJCTD010000003.1_183
NZ_KI912098.1_112	NZ_JAIWOU010000001.1_1292
NZ_KI912098.1_112	NZ_CP090097.1_72
NZ_KI912098.1_112	NZ_JAKGSB010000001.1_789
NZ_KI912098.1_112	NZ_JAKJIC010000006.1_170
NZ_KI912098.1_112	NZ_CP059449.1_191
NZ_KI912098.1_112	NZ_JAJNAL010000010.1_15
NZ_KI912098.1_112	NZ_JAGGCS010000008.1_105
NZ_KI912098.1_112	NZ_JALPRX010000046.1_48
NZ_KI912098.1_112	NZ_JABAEF010000007.1_245
NZ_KI912098.1_112	NZ_JAMDLH010000002.1_793
NZ_KI912098.1_112	NZ_JAMDLI010000007.1_844
NZ_KI912098.1_112	NZ_JAMXLX010000012.1_54
NZ_KI912098.1_112	NZ_JALJXJ010000001.1_199
NZ_KI912098.1_112	NZ_JANCTC010000023.1_36
NZ_KI912098.1_112	NZ_CP062229.1_6904
NZ_KI912098.1_112	NZ_CP099398.1_368
NZ_KI912098.1_112	NZ_CP080523.1_643
NZ_KI912098.1_112	NZ_CP080528.1_770
NZ_KI912098.1_112	NZ_CP080530.1_88
NZ_KI912098.1_112	NZ_CP104042.1_278
NZ_KI912098.1_112	NZ_CP104145.1_280
NZ_KI912098.1_112	NZ_JAMXFJ010000051.1_11
NZ_KI912098.1_112	NZ_JAOWPS010000014.1_28
NZ_KI912098.1_112	NZ_JAOWPT010000022.1_14
NZ_KI912098.1_112	NZ_JAPCZO010000028.1_40
NZ_KI912098.1_112	NZ_JAOQNG010000001.1_715
NZ_KI912098.1_112	NZ_BAQG01000081.1_20
NZ_KI912098.1_112	NZ_BAQK01000050.1_69
NZ_KI912098.1_112	NZ_JARBFX010000004.1_373
NZ_KI912098.1_112	NZ_JARIYC010000026.1_39
NZ_KI912098.1_112	NZ_JARTVT010000050.1_11
NZ_KI912098.1_112	NZ_CP121354.1_1215
NZ_KI912098.1_112	NZ_CP121648.1_3525
NZ_KI912098.1_112	NZ_CP121664.1_263
NZ_KI912098.1_112	NZ_CP121661.1_314
NZ_KI912098.1_112	NZ_CP120369.1_28
NZ_KI912098.1_112	NZ_CP120375.1_419
NZ_KI912098.1_112	NZ_CP125650.1_187
NZ_KI912098.1_112	NZ_CP125643.1_162
NZ_KI912098.1_112	NZ_JASKLR010000021.1_25
NZ_KI912098.1_112	NZ_JASKLS010000019.1_9
NZ_KI912098.1_112	NZ_BSON01000021.1_34
NZ_KI912098.1_112	NZ_BSPF01000063.1_8
NZ_KI912098.1_112	NZ_JARFYN010000059.1_13
NZ_KI912098.1_112	NZ_JARFYM010000029.1_34
NZ_KI912098.1_112	NZ_JAUSUK010000002.1_773
NZ_KI912098.1_112	NZ_JAUSUJ010000017.1_78
NZ_KI912098.1_112	NZ_JAUSWE010000045.1_6
NZ_KI912098.1_112	NZ_JAUJFI010000037.1_26
NZ_KI912098.1_112	NZ_FMAF01000052.1_13
NZ_KI912098.1_112	NZ_FNEE01000025.1_27
NZ_KI912098.1_112	NZ_FNCV01000009.1_3
NZ_KI912098.1_112	NZ_FMVW01000002.1_552
NZ_KI912098.1_112	NZ_FMXM01000054.1_2
NZ_KI912098.1_112	NZ_FOCV01000063.1_15
NZ_KI912098.1_112	NZ_FODT01000002.1_76
NZ_KI912098.1_112	NZ_FOSL01000033.1_16
NZ_KI912098.1_112	NZ_FUIG01000049.1_26
NZ_KI912098.1_112	NZ_FTOA01000001.1_301
NZ_KI912098.1_112	NZ_FTPD01000017.1_141
NZ_KI912098.1_112	NZ_FXAK01000007.1_788
NZ_KI912098.1_112	NZ_FXXN01000028.1_29
NZ_KI912098.1_112	NZ_UFQQ01000008.1_219
NZ_KI912098.1_112	NZ_OCNJ01000003.1_289
NZ_KI912098.1_112	NZ_LT960614.1_4351
NZ_KI912098.1_112	NZ_LR746525.1_44
NZ_KI912098.1_112	NZ_CACVCE010000003.1_87
NZ_KI912098.1_112	NZ_CAIWTY010000013.1_26
NZ_KI912098.1_112	NZ_CAJATU010000063.1_25
NZ_KI912098.1_112	NZ_CAKXZS010000001.1_169
NZ_KI912098.1_112	NZ_CAKXZT010000116.1_84
NZ_KI912098.1_112	NZ_CAKZOT010000057.1_66
NZ_KI912098.1_112	NZ_OW485601.1_267
NZ_KI912098.1_112	NZ_CAMLJP010000007.1_76
NZ_KI912098.1_112	NZ_CATNLY010000023.1_454
NZ_KI912098.1_112	JAUILL010000010.1_71
NZ_KI912098.1_112	CAIULK010000099.1_2
NZ_KI912098.1_112	NZ_ACYY01000009.1_49
NZ_KI912098.1_112	NZ_KE386928.1_100
NZ_KI912098.1_112	NZ_RZIJ01000004.1_146
NZ_KI912098.1_112	NZ_NSBT01000037.1_981
NZ_KI912098.1_112	PAQV01000018.1_43
NZ_KI912098.1_112	CP031585.1_2217
NZ_KI912098.1_112	RECO01000158.1_7
NZ_KI912098.1_112	JAFGTV010000065.1_17
NZ_KI912098.1_112	JAGQRV010000003.1_91
NZ_KI912098.1_112	JAGQRL010000254.1_16
NZ_KI912098.1_112	JAGRMP010000179.1_14
NZ_KI912098.1_112	JAOXSB010000238.1_14
NZ_KI912098.1_112	JANQNY010000031.1_141
NZ_KI912098.1_112	JANQPC010000102.1_23
NZ_KI912098.1_112	CANMTD010000002.1_811
NZ_KI912098.1_112	NC_007493.2_2164
NZ_KI912098.1_112	NZ_LNCI01000005.1_273
NZ_KI912098.1_112	NZ_CP014595.1_37
NZ_KI912098.1_112	NZ_MABH01000172.1_11
NZ_KI912098.1_112	NZ_CP023548.1_730
NZ_KI912098.1_112	NZ_CP021913.1_3314
NZ_KI912098.1_112	NZ_PZKE01000003.1_259
NZ_KI912098.1_112	NZ_PZKG01000009.1_27
NZ_KI912098.1_112	NZ_QAOT01000006.1_21
NZ_KI912098.1_112	NZ_QAYC01000001.1_256
NZ_KI912098.1_112	NZ_QMEK01000004.1_149
NZ_KI912098.1_112	NZ_SLWW01000003.1_24
NZ_KI912098.1_112	NZ_SOEB01000001.1_239
NZ_KI912098.1_112	NZ_VATA01000002.1_84
NZ_KI912098.1_112	NZ_SBHN01000005.1_120
NZ_KI912098.1_112	NZ_BJZO01000086.1_9
NZ_KI912098.1_112	NZ_WJPO01000054.1_7
NZ_KI912098.1_112	NZ_JAATVU010000009.1_140
NZ_KI912098.1_112	NZ_JACIEQ010000001.1_485
NZ_KI912098.1_112	NZ_JAIUZP010000004.1_483
NZ_KI912098.1_112	NZ_JAIVKX010000009.1_163
NZ_KI912098.1_112	NZ_JAMYDV010000003.1_216
NZ_KI912098.1_112	NZ_JAMDHK010000003.1_96
NZ_KI912098.1_112	NZ_JAUYTT010000008.1_877
NZ_KI912098.1_112	NZ_FNAP01000008.1_126
NZ_KI912098.1_112	NZ_FOLG01000003.1_26
NZ_KI912098.1_112	NZ_FTOM01000003.1_171
NZ_KI912098.1_112	NZ_FUXL01000009.1_109
NZ_KI912098.1_112	NZ_OAOQ01000003.1_188
NZ_KI912098.1_112	NZ_CP034444.1_2162
NZ_KI912098.1_112	NZ_SLVM01000008.1_78
NZ_KI912098.1_112	NZ_SLXU01000004.1_160
NZ_KI912098.1_112	NZ_SLXP01000002.1_556
NZ_KI912098.1_112	NZ_WIVE01000064.1_4
NZ_KI912098.1_112	NZ_CACVCH010000042.1_45
NZ_KI912098.1_112	JAJZVW010000064.1_5
NZ_KI912098.1_112	JAUSFB010000068.1_130
NZ_KI912098.1_112	CACVCF010000223.1_142
NZ_KI912098.1_112	NZ_CAHP01000023.1_50
NZ_KI912098.1_112	NZ_AQPH01000002.1_92
NZ_KI912098.1_112	NZ_LWQT01000109.1_134
NZ_KI912098.1_112	NZ_PGTO01000005.1_217
NZ_KI912098.1_112	NZ_FNWO01000012.1_7
NZ_KI912098.1_112	NZ_CAINTR010000186.1_73
NZ_HG917868.1_282	NZ_HG917868.1_282
NZ_HG917868.1_282	SVCL01000070.1_57
NZ_HG917868.1_282	JAATFT010000084.1_116
NZ_HG917868.1_282	JAEWDM010000040.1_232
NZ_HG917868.1_282	JAEYMU010000012.1_165
NZ_HG917868.1_282	JAEZLH010000010.1_102
NZ_HG917868.1_282	JAEXNR010000021.1_36
NZ_HG917868.1_282	JAEWCQ010000040.1_30
NZ_HG917868.1_282	JAEWMQ010000095.1_173
NZ_HG917868.1_282	JAEZJJ010000027.1_25
NZ_HG917868.1_282	JAEXBC010000165.1_5
NZ_HG917868.1_282	NZ_PEDL01000009.1_13
NZ_HG917868.1_282	JAEZKY010000275.1_2
NZ_HG917868.1_282	CAMNZV010000059.1_3
NZ_HG917868.1_282	NC_014393.1_2841
NZ_HG917868.1_282	NZ_MZGT01000015.1_6
NZ_HG917868.1_282	NZ_AUUU01000066.1_15
NZ_HG917868.1_282	JARLHR010000111.1_27
NZ_HG917868.1_282	NC_020291.1_1359
NZ_HG917868.1_282	CAKVFO010000184.1_6
NZ_HG917868.1_282	CANPZO010000015.1_12
NZ_HG917868.1_282	NZ_LN890327.1_474
NZ_HG917868.1_282	NZ_FPBY01000048.1_7
NZ_HG917868.1_282	NZ_JHXK01000012.1_40
NZ_HG917868.1_282	NZ_AUUU01000014.1_76
NZ_HG917868.1_282	NZ_MZGT01000029.1_3
NZ_HG917868.1_282	NZ_AUUU01000006.1_101
NZ_HG917868.1_282	NZ_LT575483.1_3013
NZ_KK211376.1_65	NZ_KK211376.1_65
NZ_KK211376.1_65	NZ_MRCT01000071.1_6
DFBE01000048.1_3	DFBE01000048.1_3
DGTU01000141.1_1	DGTU01000141.1_1
DGTU01000141.1_1	JAEENG010000039.1_16
DGTU01000141.1_1	LVAE01000048.1_50
DGTU01000141.1_1	JAFOSK010000066.1_50
DGTU01000141.1_1	JAFPWY010000007.1_54
DGTU01000141.1_1	JAFVDR010000064.1_4
DGTU01000141.1_1	JAFWRL010000151.1_13
DGTU01000141.1_1	JAFXSM010000002.1_5
DGTU01000141.1_1	JAGAHT010000068.1_28
DGTU01000141.1_1	JAGCGO010000100.1_54
DGTU01000141.1_1	JAGBIY010000027.1_90
DGTU01000141.1_1	JAILFZ010000134.1_2
DGTU01000141.1_1	CAAGIS010000051.1_17
DGTU01000141.1_1	CADAWC010000018.1_16
DGTU01000141.1_1	CADAWC010000018.1_29
DGTU01000141.1_1	CADBLC010000050.1_5
DGTU01000141.1_1	CAMVHR010000015.1_30
DGTU01000141.1_1	NC_017448.1_1464
DGTU01000141.1_1	NC_017448.1_1477
DGTU01000141.1_1	NZ_AGRW01000050.1_16
DGTU01000141.1_1	NZ_MWQH01000001.1_201
DGTU01000141.1_1	NZ_MWQK01000005.1_180
DGTU01000141.1_1	NZ_MWQK01000005.1_194
DGTU01000141.1_1	NZ_JAFUFU010000003.1_79
DGTU01000141.1_1	NZ_JAFWOM010000078.1_21
DGTU01000141.1_1	NZ_JAGCPF010000063.1_66
DGTU01000141.1_1	NZ_FRAY01000002.1_217
DGTU01000141.1_1	NZ_FSRT01000003.1_163
DGTU01000141.1_1	NZ_FSRT01000003.1_178
DGTU01000141.1_1	NZ_FXBA01000008.1_73
DGTU01000141.1_1	NZ_FXAX01000001.1_1788
DGTU01000141.1_1	NZ_FXAX01000001.1_1802
DGTU01000141.1_1	NZ_FXUE01000001.1_694
DGTU01000141.1_1	NZ_OCMS01000004.1_16
DGTU01000141.1_1	NZ_OCMS01000004.1_2
DGTU01000141.1_1	NZ_ONDD01000006.1_51
DGTU01000141.1_1	NZ_CACXXH010000047.1_22
DGTU01000141.1_1	NZ_CAMVDO010000012.1_57
DGTU01000141.1_1	NZ_CAMZCS010000043.1_8
DHBS01000007.1_83	DHBS01000007.1_83
DHIM01000379.1_25	DHIM01000379.1_25
DHIM01000379.1_25	JAUZPN010000003.1_31
DHIM01000379.1_25	NZ_JAIZZK010000022.1_16
DIXN01000004.1_67	DIXN01000004.1_67
DJVQ01000069.1_9	DJVQ01000069.1_9
DKFP01000009.1_218	DKFP01000009.1_218
DKFP01000009.1_218	DKFJ01000006.1_210
DKFP01000009.1_218	NZ_JAJOIL010000007.1_15
DKFP01000009.1_218	NZ_JAJUIS010000005.1_163
DLCK01000088.1_21	DLCK01000088.1_21
DAQG01000117.1_15	DAQG01000117.1_15
DAQG01000117.1_15	LUYE01000048.1_22
DAQG01000117.1_15	WOYM01000080.1_17
DAQG01000117.1_15	MVRK01000029.1_105
DAQG01000117.1_15	MVRL01000089.1_8
DAQG01000117.1_15	MVQH01000075.1_42
DAQG01000117.1_15	DAIO01000092.1_6
DAQG01000117.1_15	JABLXE010000022.1_16
DAQG01000117.1_15	JAFGNK010000019.1_14
DAQG01000117.1_15	JAPKXZ010000023.1_44
DAQG01000117.1_15	JAJRAX010000194.1_3
DAQG01000117.1_15	JAQVZT010000001.1_38
DAQG01000117.1_15	JARFPL010000016.1_5
DAQG01000117.1_15	JAUCQD010000250.1_10
DAQG01000117.1_15	CABMDX010000198.1_5
DAQG01000117.1_15	CABMDX010000290.1_5
DAQG01000117.1_15	CAIQHB010000022.1_9
DAQG01000117.1_15	NC_015416.1_538
DASC01000118.1_8	DASC01000118.1_8
DASC01000118.1_8	PQXF01000004.1_158
DASC01000118.1_8	RPGO01000033.1_46
DASC01000118.1_8	QBUV01000135.1_7
DASC01000118.1_8	JAAXOC010000088.1_32
DASC01000118.1_8	JAUVWP010000082.1_6
DASC01000118.1_8	JAUWGA010000043.1_11
DASC01000118.1_8	JAUWRA010000008.1_25
DASC01000118.1_8	JAUWQD010000002.1_19
DASC01000118.1_8	CAJHIS010000027.1_17
DAWB01000028.1_11	DAWB01000028.1_11
DAWB01000028.1_11	JAJRAX010000153.1_5
DAKU01000064.1_8	DAKU01000064.1_8
DAQQ01000136.1_42	DAQQ01000136.1_42
DAQQ01000136.1_42	DAQQ01000252.1_1
DAQQ01000136.1_42	JAEWQJ010000031.1_70
DAQQ01000136.1_42	JAUPKV010000232.1_14
DAQQ01000136.1_42	NC_003552.1_1240
DAQQ01000136.1_42	NC_003552.1_1248
DAQQ01000136.1_42	NZ_CP009506.1_3110
DAQQ01000136.1_42	NZ_CP009506.1_3117
DAQQ01000136.1_42	NZ_CP009517.1_1119
DAQQ01000136.1_42	NZ_LMVP01000035.1_28
DAQQ01000136.1_42	NZ_LMVP01000090.1_19
JACJRQ010000001.1_353	JACJRQ010000001.1_353
JACJRQ010000001.1_353	JAHHHC010000032.1_23
JACJRQ010000001.1_353	NZ_JAECZA010000233.1_8
JACJRQ010000001.1_353	NZ_WWFG01000002.1_284
JACJRQ010000001.1_353	NZ_JABXKQ010000098.1_18
JACUTV010000115.1_6	JACUTV010000115.1_6
JACUTV010000115.1_6	NZ_JAFHKK010000037.1_6
JACUTV010000115.1_6	JAHZKW010000124.1_33
JACUTV010000115.1_6	JQIT01000005.1_265
JACUTV010000115.1_6	DJAA01000008.1_6
JACUTV010000115.1_6	PETN01000062.1_31
JACUTV010000115.1_6	PPDH01000028.1_227
JACUTV010000115.1_6	QKCD01000094.1_7
JACUTV010000115.1_6	DSDW01000100.1_12
JACUTV010000115.1_6	VMSZ01000021.1_10
JACUTV010000115.1_6	JADGEC010000072.1_18
JACUTV010000115.1_6	JAFGVE010000028.1_82
JACUTV010000115.1_6	JAFGUB010000052.1_115
JACUTV010000115.1_6	JAHJJX010000027.1_436
JACUTV010000115.1_6	JAGGTH010000026.1_5
JACUTV010000115.1_6	JAGXIA010000048.1_5
JACUTV010000115.1_6	JANTHT010000014.1_5
JACUTV010000115.1_6	JANTHE010000024.1_10
JACUTV010000115.1_6	JANTGR010000093.1_2
JACUTV010000115.1_6	JANTGA010000031.1_2
JACUTV010000115.1_6	JAPLGP010000020.1_22
JACUTV010000115.1_6	JAQIBF010000068.1_1
JACUTV010000115.1_6	JAQUHB010000003.1_11
JACUTV010000115.1_6	JAQUCZ010000061.1_3
JACUTV010000115.1_6	JAQTZE010000020.1_4
JACUTV010000115.1_6	JAQTWZ010000046.1_4
JACUTV010000115.1_6	JAQVHV010000002.1_48
JACUTV010000115.1_6	CAITKP010000080.1_26
JACUTV010000115.1_6	CANMJR010000011.1_76
JACUTV010000115.1_6	NZ_MICF01000001.1_207
JACUTV010000115.1_6	NZ_CP087998.1_1594
JACUTV010000115.1_6	NZ_JAQIBD010000001.1_314
JACUTV010000115.1_6	JAABTA010000022.1_5
JACUTP010000077.1_1	JACUTP010000077.1_1
JACWAM010000126.1_6	JACWAM010000126.1_6
JACWAM010000126.1_6	QZKG01000006.1_39
JACWAM010000126.1_6	JACRMB010000010.1_257
JACWAM010000126.1_6	JAJYOG010000014.1_34
JACWAM010000126.1_6	JAJYXB010000019.1_128
SVFZ01000074.1_18	SVFZ01000074.1_18
SVFZ01000074.1_18	JAEEQL010000050.1_10
SVFZ01000074.1_18	JAFPVA010000043.1_27
SVFZ01000074.1_18	JAFZWW010000054.1_7
SVFZ01000074.1_18	CAMNEB010000031.1_16
SVFZ01000074.1_18	CAMVJI010000083.1_3
SUTR01000003.1_74	SUTR01000003.1_74
JADEWQ010000072.1_16	JADEWQ010000072.1_16
JADEWQ010000072.1_16	LJZT01000032.1_8
JADEWQ010000072.1_16	LSZA01000060.1_4
JADEWQ010000072.1_16	SIHH01000161.1_1
JADEWQ010000072.1_16	CP075902.1_3001
JADEWQ010000072.1_16	NZ_ML776472.1_4175
JADEWQ010000072.1_16	NZ_SMDP01000020.1_25
JADEWQ010000072.1_16	NZ_CP098611.1_3395
JADEWQ010000072.1_16	NZ_JAQMUE010000031.1_30
JADEWQ010000072.1_16	NZ_DS989843.1_36
JADEWQ010000072.1_16	NZ_LNDC01000078.1_33
JADEWQ010000072.1_16	NZ_MRCB01000004.1_91
JADEWQ010000072.1_16	JALOOL010000051.1_7
JADEWQ010000072.1_16	NZ_JAQOSP010000104.1_110
JADEWQ010000072.1_16	DDLS01000181.1_16
JADFVG010000194.1_7	JADFVG010000194.1_7
JADFXV010000031.1_16	JADFXV010000031.1_16
JADFXP010000003.1_30	JADFXP010000003.1_30
JADFXD010000012.1_36	JADFXD010000012.1_36
JADFWS010000059.1_8	JADFWS010000059.1_8
JADFWS010000059.1_8	JAHFSX010000025.1_8
JADFWS010000059.1_8	JANYBJ010000085.1_25
JADFWS010000059.1_8	CAJARJ010000012.1_15
JADFWS010000059.1_8	MGVN01000251.1_7
JADFWS010000059.1_8	MGVF01000039.1_6
JADFWS010000059.1_8	MWCJ01000005.1_8
JADFWS010000059.1_8	JAJUFK010000041.1_16
JADFWS010000059.1_8	NZ_ATHI01000027.1_73
JADFWS010000059.1_8	QKAL01000020.1_13
JADFWS010000059.1_8	JAFGYD010000195.1_7
JADFWS010000059.1_8	JAFGXT010000019.1_4
JADFWS010000059.1_8	JAFGVO010000460.1_1
JADFWS010000059.1_8	JARGGF010000040.1_6
JADFWS010000059.1_8	JWTM01000549.1_47
JADFWS010000059.1_8	JAFGEO010000164.1_11
JADFWS010000059.1_8	JAQQAL010000033.1_5
JADFWS010000059.1_8	NZ_RHLN01000159.1_34
JADFWS010000059.1_8	NZ_CP114289.2_1339
JADFWS010000059.1_8	NZ_JACHGJ010000002.1_799
JADFWS010000059.1_8	JAFGXR010000020.1_35
DVDX01000023.1_44	DVDX01000023.1_44
DVDX01000023.1_44	NC_007775.1_1743
DVDX01000023.1_44	NC_007776.1_416
WFOD01000145.1_9	WFOD01000145.1_9
WAQR01000070.1_6	WAQR01000070.1_6
JAATGG010000122.1_24	JAATGG010000122.1_24
JAATGG010000122.1_24	LKPX01000006.1_69
JAATGG010000122.1_24	ALAO01000189.1_15
JAATGG010000122.1_24	KV441839.1_711
JAATGG010000122.1_24	MNUQ01000086.1_5
JAATGG010000122.1_24	DBTH01000319.1_13
JAATGG010000122.1_24	DIVX01000074.1_13
JAATGG010000122.1_24	QKAR01000043.1_14
JAATGG010000122.1_24	PJFB01000002.1_333
JAATGG010000122.1_24	JAATFE010000358.1_14
JAATGG010000122.1_24	JACCQO010000008.1_43
JAATGG010000122.1_24	JAIMKR010000007.1_126
JAATGG010000122.1_24	JAEWJR010000083.1_20
JAATGG010000122.1_24	JAEVZU010000095.1_1
JAATGG010000122.1_24	JAEWQB010000015.1_55
JAATGG010000122.1_24	JAQUHM010000027.1_16
JAATGG010000122.1_24	JAITSV010000032.1_71
JAATGG010000122.1_24	JARLHL010000048.1_10
JAATGG010000122.1_24	NZ_AORV01000040.1_21
JAATGG010000122.1_24	NZ_JSEH01000007.1_155
JAATGG010000122.1_24	NZ_CP045504.1_2408
JAATGG010000122.1_24	NZ_JACIGE010000001.1_48
JAATGG010000122.1_24	NZ_NRRU01000136.1_5
JAATGG010000122.1_24	JAEVYT010000017.1_389
JAATGG010000122.1_24	JAQSXC010000001.1_38
JAATFL010000018.1_6	JAATFL010000018.1_6
WGNK01000004.1_132	WGNK01000004.1_132
WGNK01000004.1_132	JARLIO010000079.1_16
WGNK01000004.1_132	NZ_LGQZ01000027.1_123
WGNK01000004.1_132	CALBDS010000004.1_13
WGNK01000004.1_132	NZ_ANHY01000007.1_47
WGNK01000004.1_132	NZ_CP030265.1_3415
WGNK01000004.1_132	NZ_JABWGX010000011.1_86
WGNK01000004.1_132	CALGOL010000337.1_6
JAKSDJ010000199.1_12	JAKSDJ010000199.1_12
JAKSDJ010000199.1_12	JANQID010000067.1_17
JAKSDJ010000199.1_12	CAKZQX010000080.1_1
JAKSDJ010000199.1_12	CALANA010000142.1_1
JAKVOB010000001.1_648	JAKVOB010000001.1_648
JAFLSP010000013.1_8	JAFLSP010000013.1_8
JAFLSP010000013.1_8	JAFLSN010000013.1_32
JAIUMY010000064.1_14	JAIUMY010000064.1_14
JAKIML020000098.1_75	JAKIML020000098.1_75
JAKIML020000098.1_75	SKGK01000158.1_14
JAKIML020000098.1_75	JAKSBV010000465.1_13
JAKIML020000098.1_75	JAEWQV010000015.1_253
JAKIML020000098.1_75	DBEP01000051.1_48
JAKIML020000098.1_75	DBTM01000036.1_119
JAKIML020000098.1_75	DBTU01000053.1_108
JAKIML020000098.1_75	DCFR01000082.1_7
JAKIML020000098.1_75	DIWE01000032.1_42
JAKIML020000098.1_75	DJJW01000023.1_8
JAKIML020000098.1_75	QKDK01000232.1_16
JAKIML020000098.1_75	SAAX01000026.1_6
JAKIML020000098.1_75	JAATFT010000030.1_12
JAKIML020000098.1_75	JAATFT010000047.1_10
JAKIML020000098.1_75	JAATEU010000146.1_1
JAKIML020000098.1_75	JADGQQ010000030.1_1
JAKIML020000098.1_75	JAIHAL010000002.1_184
JAKIML020000098.1_75	CP072107.1_207
JAKIML020000098.1_75	JAEWKM010000029.1_24
JAKIML020000098.1_75	JAEWIZ010000034.1_70
JAKIML020000098.1_75	JAEWCZ010000066.1_533
JAKIML020000098.1_75	JAEWAK010000042.1_60
JAKIML020000098.1_75	JAEWAB010000004.1_34
JAKIML020000098.1_75	JAEVYY010000014.1_152
JAKIML020000098.1_75	JAEVYT010000002.1_291
JAKIML020000098.1_75	JAEWMZ010000313.1_10
JAKIML020000098.1_75	JAEXAZ010000120.1_9
JAKIML020000098.1_75	JAEWSH010000042.1_380
JAKIML020000098.1_75	JAEWSD010000176.1_20
JAKIML020000098.1_75	JAEWSD010000222.1_20
JAKIML020000098.1_75	JAEYMU010000026.1_40
JAKIML020000098.1_75	JAEYLX010000018.1_17
JAKIML020000098.1_75	JAEYHP010000168.1_19
JAKIML020000098.1_75	JAEYGZ010000012.1_111
JAKIML020000098.1_75	JAEYQV010000038.1_15
JAKIML020000098.1_75	JAEYPZ010000142.1_41
JAKIML020000098.1_75	JAEYOY010000019.1_55
JAKIML020000098.1_75	JAEYOQ010000007.1_56
JAKIML020000098.1_75	JAEYOM010000185.1_16
JAKIML020000098.1_75	JAEYNX010000015.1_35
JAKIML020000098.1_75	JAEYNY010000127.1_6
JAKIML020000098.1_75	JAEZRE010000010.1_34
JAKIML020000098.1_75	JAEZQD010000154.1_13
JAKIML020000098.1_75	JAEZOB010000033.1_67
JAKIML020000098.1_75	JAEZMV010000001.1_94
JAKIML020000098.1_75	JAEZKL010000017.1_39
JAKIML020000098.1_75	JAEZJV010000008.1_39
JAKIML020000098.1_75	JAEZYD010000022.1_122
JAKIML020000098.1_75	JAEZUM010000023.1_153
JAKIML020000098.1_75	JAEZTJ010000091.1_60
JAKIML020000098.1_75	JAFAFU010000024.1_15
JAKIML020000098.1_75	JAFADH010000019.1_12
JAKIML020000098.1_75	JAEZDF010000050.1_15
JAKIML020000098.1_75	JAEYSV010000002.1_69
JAKIML020000098.1_75	JAEYRV010000015.1_3
JAKIML020000098.1_75	JAEZLH010000029.1_32
JAKIML020000098.1_75	JAEZKU010000030.1_46
JAKIML020000098.1_75	JAEZKA010000033.1_51
JAKIML020000098.1_75	JAEZGK010000081.1_100
JAKIML020000098.1_75	JAEXNR010000005.1_80
JAKIML020000098.1_75	JAEXNT010000068.1_40
JAKIML020000098.1_75	JAEZSL010000398.1_1
JAKIML020000098.1_75	JAEXSP010000008.1_155
JAKIML020000098.1_75	JAEWPV010000007.1_108
JAKIML020000098.1_75	JAOACY010000016.1_1
JAKIML020000098.1_75	JAOAAU010000022.1_26
JAKIML020000098.1_75	JAOAAV010000030.1_8
JAKIML020000098.1_75	JARBUI010000004.1_122
JAKIML020000098.1_75	JARBTX010000016.1_10
JAKIML020000098.1_75	JARBTJ010000004.1_156
JAKIML020000098.1_75	JAQSXJ010000063.1_7
JAKIML020000098.1_75	JAJUHI010000066.1_7
JAKIML020000098.1_75	JAJUHH010000028.1_10
JAKIML020000098.1_75	JARKQP010000061.1_10
JAKIML020000098.1_75	JAISJK010000092.1_10
JAKIML020000098.1_75	JAISZB010000155.1_4
JAKIML020000098.1_75	JAISYL010000237.1_11
JAKIML020000098.1_75	JAISWZ010000171.1_6
JAKIML020000098.1_75	JAISWB010000019.1_10
JAKIML020000098.1_75	JAISTW010000046.1_34
JAKIML020000098.1_75	JAISTH010000073.1_71
JAKIML020000098.1_75	JAISSU010000017.1_28
JAKIML020000098.1_75	JAISRC010000151.1_10
JAKIML020000098.1_75	JAISMY010000033.1_7
JAKIML020000098.1_75	JAITJC010000022.1_28
JAKIML020000098.1_75	JAITGC010000005.1_3
JAKIML020000098.1_75	JAITRH010000199.1_7
JAKIML020000098.1_75	JAITQT010000033.1_8
JAKIML020000098.1_75	JAITNA010000150.1_1
JAKIML020000098.1_75	UREO01000034.1_13
JAKIML020000098.1_75	CALJNR010000107.1_22
JAKIML020000098.1_75	CAMTOM010000032.1_1
JAKIML020000098.1_75	NZ_ATUZ01000015.1_112
JAKIML020000098.1_75	NZ_ATAY01000031.1_26
JAKIML020000098.1_75	NZ_HG917869.1_430
JAKIML020000098.1_75	NZ_KK211339.1_43
JAKIML020000098.1_75	NZ_JNLE01000003.1_2663
JAKIML020000098.1_75	NZ_MJUZ01000014.1_9
JAKIML020000098.1_75	NZ_RJVG01000004.1_38
JAKIML020000098.1_75	NZ_SIXC01000007.1_102
JAKIML020000098.1_75	NZ_CP036295.1_1118
JAKIML020000098.1_75	NZ_AP019717.1_418
JAKIML020000098.1_75	NZ_WAGX01000005.1_851
JAKIML020000098.1_75	NZ_WASP01000006.1_131
JAKIML020000098.1_75	NZ_CP048000.1_2801
JAKIML020000098.1_75	NZ_JACEGA010000001.1_1420
JAKIML020000098.1_75	NZ_JACHGO010000003.1_26
JAKIML020000098.1_75	NZ_AP023367.1_2350
JAKIML020000098.1_75	NZ_WJBC01000012.1_13
JAKIML020000098.1_75	NZ_JACSRA010000003.1_117
JAKIML020000098.1_75	NZ_JAEAGR010000013.1_113
JAKIML020000098.1_75	NZ_AP024169.1_4150
JAKIML020000098.1_75	NZ_JAESWA010000020.1_115
JAKIML020000098.1_75	NZ_CP073653.1_1984
JAKIML020000098.1_75	NZ_JAHZCJ010000010.1_79
JAKIML020000098.1_75	NZ_JAETXJ010000003.1_372
JAKIML020000098.1_75	NZ_JANFYZ010000001.1_473
JAKIML020000098.1_75	NZ_JAQYUU010000005.1_213
JAKIML020000098.1_75	NZ_CP121445.1_3406
JAKIML020000098.1_75	NZ_FMMP01000015.1_254
JAKIML020000098.1_75	NZ_FNBX01000016.1_16
JAKIML020000098.1_75	NZ_FOYZ01000001.1_324
JAKIML020000098.1_75	NZ_FQXV01000005.1_191
JAKIML020000098.1_75	NZ_FQYT01000018.1_43
JAKIML020000098.1_75	NZ_FRAC01000032.1_36
JAKIML020000098.1_75	NZ_LT860098.1_214
JAKIML020000098.1_75	NZ_CABSIF010000016.1_64
JAKIML020000098.1_75	NZ_LR738849.1_1813
JAKIML020000098.1_75	DBRO01000109.1_32
JAKIML020000098.1_75	QKJQ01000027.1_185
JAKIML020000098.1_75	JAEYPP010000074.1_60
JAKIML020000098.1_75	JAIRPR010000191.1_8
JAKIML020000098.1_75	JAISIJ010000083.1_14
JAKIML020000098.1_75	JAISWS010000003.1_18
JAKIML020000098.1_75	JAISUG010000045.1_16
JAKIML020000098.1_75	JAITLA010000113.1_8
JAKIML020000098.1_75	JAITEK010000009.1_3
JAKIML020000098.1_75	JAITOE010000134.1_2
JAKIML020000098.1_75	JAJQIK010000045.1_79
JAKIML020000098.1_75	JAIRPE010000126.1_20
JAKIML020000098.1_75	JAISOT010000039.1_4
JAKIML020000098.1_75	JAISZH010000064.1_10
JAKIML020000098.1_75	JAISXC010000123.1_7
JAKIML020000098.1_75	JAISZT010000070.1_14
JAKIML020000098.1_75	NC_016627.1_1263
JAKIML020000098.1_75	JAFADI010000049.1_32
JAKIML020000098.1_75	NZ_JHYD01000046.1_43
JAKIML020000098.1_75	NZ_AORV01000038.1_18
JAKIML020000098.1_75	JAEYPM010000037.1_8
JAKIML020000098.1_75	JAEZLR010000045.1_194
JAKIML020000098.1_75	JAISLV010000091.1_7
JAKIML020000098.1_75	NZ_FQZP01000045.1_11
JAKIML020000098.1_75	JAEXOY010000015.1_203
JAKIML020000098.1_75	JAEYTP010000094.1_56
JAKIML020000098.1_75	NZ_LKET01000021.1_304
JAKIML020000098.1_75	NZ_NPML01000019.1_408
JAKIML020000098.1_75	NZ_CP058648.1_420
JAKIML020000098.1_75	NZ_CP124862.1_2760
JALNVF010000039.1_7	JALNVF010000039.1_7
JALNVF010000039.1_7	DCFX01000053.1_10
JALNVF010000039.1_7	DHDP01000019.1_200
JALNVF010000039.1_7	JALCCK010000048.1_9
JAHFCR010000027.1_28	JAHFCR010000027.1_28
JAHFCR010000035.1_17	JAHFCR010000035.1_17
JAHFBZ010000078.1_7	JAHFBZ010000078.1_7
JAEWHU010000308.1_6	JAEWHU010000308.1_6
JAQWFM010000010.1_18	JAQWFM010000010.1_18
JAQWFM010000010.1_18	JAAVLZ010000004.1_104
JAQWFM010000010.1_18	QKDF01000214.1_4
JAQTTG010000005.1_204	JAQTTG010000005.1_204
JAQTTG010000005.1_204	DYMK01000004.1_157
JAQTTG010000005.1_204	JAGXFN010000010.1_108
JAQTTG010000005.1_204	JAGXFL010000005.1_77
JAQTTG010000005.1_204	JAPLGN010000047.1_18
JAQTTG010000005.1_204	JAQULP010000025.1_11
JAQTTG010000005.1_204	JAUYUB010000001.1_86
JAQTTG010000005.1_204	JAUYAU010000012.1_64
JAQTTG010000005.1_204	JAUXYP010000001.1_538
JAQTTG010000005.1_204	JAUYSQ010000068.1_28
JAQTTG010000005.1_204	JAUYRN010000012.1_120
JAQTTG010000005.1_204	NC_014762.1_1501
JAQTTG010000005.1_204	NC_020505.1_1317
JAQTTG010000005.1_204	NZ_JQGL01000045.1_4
JAQTTG010000005.1_204	NZ_NSIU01000013.1_19
JAQTTG010000005.1_204	NZ_SLTI01000007.1_4
JAQTTG010000005.1_204	NZ_JALNYS010000003.1_20
JAQTTG010000005.1_204	NZ_JAHFAQ010000047.1_11
JAQTTG010000005.1_204	NZ_JAQUHV010000006.1_1
JAQTTG010000005.1_204	NZ_JAQTUH010000011.1_24
JAQTTG010000005.1_204	NZ_JAQTNN010000001.1_325
JAQTTG010000005.1_204	NZ_JAQTNN010000009.1_13
JAQTTG010000005.1_204	NZ_JAUYFF010000014.1_48
JAQTTG010000005.1_204	NZ_CALDDG010000107.1_8
JAQTSI010000028.1_17	JAQTSI010000028.1_17
JAQTSI010000028.1_17	QVLR01000106.1_58
JAQTSI010000028.1_17	NZ_CP021731.1_1655
JAQTSI010000028.1_17	NZ_WTVN01000004.1_1
JAQTSI010000028.1_17	NZ_WTVQ01000001.1_189
JAQTSI010000028.1_17	NZ_WTVS01000014.1_64
JAQTSI010000028.1_17	JADFZP010000129.1_7
JAQTSI010000028.1_17	JACPEG010000012.1_30
JAQTSI010000028.1_17	JACRAR010000026.1_36
JAQTSI010000028.1_17	NZ_CP011072.1_704
JAQTSI010000028.1_17	NZ_FTMD01000004.1_254
JAQTSI010000028.1_17	JAGUYQ010000017.1_4
JAQTSI010000028.1_17	DDYH01000026.1_20
JAQTSI010000028.1_17	JAIZVZ010000028.1_22
JAQTSI010000028.1_17	JAKFXX010000002.1_20
JAQTSI010000028.1_17	JAJZVC010000012.1_31
JAQTSI010000028.1_17	MGWS01000033.1_131
JAQTSI010000028.1_17	JARLIR010000159.1_5
JAQTSI010000028.1_17	NZ_KB899493.1_262
JAQTSI010000028.1_17	NZ_PIUM01000041.1_21
JAQTSI010000028.1_17	DAIDLH010000019.1_17
JAQTSI010000028.1_17	NZ_JAALDK010000003.1_741
JAQTSI010000028.1_17	NC_010627.1_490
JAQTSI010000028.1_17	NZ_CP064782.1_1178
JAQSYC010000031.1_14	JAQSYC010000031.1_14
JAQSYC010000031.1_14	NZ_BAVR01000001.1_86
JAQSYC010000031.1_14	NZ_JAFJZZ010000001.1_507
JAJUHI010000155.1_2	JAJUHI010000155.1_2
JAJUHI010000155.1_2	JAEYKI010000011.1_32
JAJUHI010000155.1_2	JAIRMO010000187.1_9
JAJUHI010000155.1_2	JAITKD010000016.1_3
JAJUHI010000155.1_2	JAEZIB010000120.1_46
JAJUHI010000155.1_2	JAIROG010000037.1_7
JAJUHI010000155.1_2	JAISQR010000476.1_10
JAJUHI010000155.1_2	JAITAI010000066.1_14
JAJUHI010000155.1_2	NZ_CP061336.1_1815
JAJUHI010000155.1_2	JAEWZA010000051.1_10
JAKPSJ010000033.1_13	JAKPSJ010000033.1_13
JARSSP010000058.1_43	JARSSP010000058.1_43
JAOUFE010000039.1_17	JAOUFE010000039.1_17
JAOUFE010000039.1_17	JAOUFE010000079.1_14
LR778114.1_405	LR778114.1_405
CAIJNL010000041.1_36	CAIJNL010000041.1_36
CAIMFA010000121.1_21	CAIMFA010000121.1_21
CAIMFA010000121.1_21	MHBI01000031.1_4
CAIMFA010000121.1_21	MHBK01000027.1_28
CAINND010000060.1_29	CAINND010000060.1_29
CAIOGM010000169.1_4	CAIOGM010000169.1_4
CAIRBT010000015.1_22	CAIRBT010000015.1_22
CAIRBT010000015.1_22	MGTO01000132.1_39
CAIRBT010000015.1_22	MGZK01000070.1_4
CAIRBT010000015.1_22	MGZJ01000010.1_39
CAIRBT010000015.1_22	DBMM01000094.1_6
CAIRBT010000015.1_22	DIGE01000018.1_160
CAIRBT010000015.1_22	DIUB01000164.1_14
CAIRBT010000015.1_22	DIUT01000028.1_20
CAIRBT010000015.1_22	PHAV01000014.1_65
CAIRBT010000015.1_22	PLYK01000104.1_11
CAIRBT010000015.1_22	DNJC01000006.1_80
CAIRBT010000015.1_22	PJFC01000003.1_29
CAIRBT010000015.1_22	PJFB01000002.1_339
CAIRBT010000015.1_22	RHLS01000040.1_9
CAIRBT010000015.1_22	RPRC01000133.1_1
CAIRBT010000015.1_22	SBEG01000017.1_47
CAIRBT010000015.1_22	WKKS01000001.1_773
CAIRBT010000015.1_22	WKKR01000002.1_636
CAIRBT010000015.1_22	WSYB01000018.1_147
CAIRBT010000015.1_22	VFJM01000430.1_5
CAIRBT010000015.1_22	VFJK01000052.1_8
CAIRBT010000015.1_22	JAAXTM010000002.1_333
CAIRBT010000015.1_22	DUZX01000002.1_36
CAIRBT010000015.1_22	DUZS01000026.1_18
CAIRBT010000015.1_22	JACABD010000025.1_11
CAIRBT010000015.1_22	JACAAY010000010.1_18
CAIRBT010000015.1_22	JACMKN010000012.1_3
CAIRBT010000015.1_22	JACUTW010000040.1_19
CAIRBT010000015.1_22	JACZKF010000051.1_2
CAIRBT010000015.1_22	JAATGX010000194.1_12
CAIRBT010000015.1_22	JACOUQ010000027.1_52
CAIRBT010000015.1_22	JACPFJ010000023.1_140
CAIRBT010000015.1_22	JAENWA010000031.1_6
CAIRBT010000015.1_22	JADKKR010000002.1_124
CAIRBT010000015.1_22	JAGFXO010000075.1_3
CAIRBT010000015.1_22	JABBNX010000017.1_18
CAIRBT010000015.1_22	JAJTBI010000001.1_45
CAIRBT010000015.1_22	JAJYBI010000036.1_8
CAIRBT010000015.1_22	JAJYBH010000002.1_58
CAIRBT010000015.1_22	JAJXYO010000032.1_10
CAIRBT010000015.1_22	JAJXWO010000001.1_135
CAIRBT010000015.1_22	JAJZUC010000055.1_10
CAIRBT010000015.1_22	JAJZUQ010000049.1_8
CAIRBT010000015.1_22	JAMPXI010000012.1_26
CAIRBT010000015.1_22	JANXYR010000082.1_90
CAIRBT010000015.1_22	JANXYN010000089.1_29
CAIRBT010000015.1_22	DAIEGL010000194.1_2
CAIRBT010000015.1_22	JAQUIT010000001.1_74
CAIRBT010000015.1_22	JAQUHN010000002.1_59
CAIRBT010000015.1_22	JAQUHM010000010.1_19
CAIRBT010000015.1_22	JAQUHA010000002.1_60
CAIRBT010000015.1_22	JAQUCU010000052.1_11
CAIRBT010000015.1_22	JAQTZV010000004.1_78
CAIRBT010000015.1_22	JAQTZV010000004.1_82
CAIRBT010000015.1_22	JAQTXD010000004.1_3
CAIRBT010000015.1_22	JAQTQX010000034.1_16
CAIRBT010000015.1_22	JAURXC010000259.1_4
CAIRBT010000015.1_22	JARLHN010000016.1_82
CAIRBT010000015.1_22	CAIMXI010000035.1_35
CAIRBT010000015.1_22	CAINRC010000039.1_7
CAIRBT010000015.1_22	CAIOXL010000110.1_62
CAIRBT010000015.1_22	CAIPTY010000060.1_65
CAIRBT010000015.1_22	CAIQWT010000007.1_37
CAIRBT010000015.1_22	CAIRBT010000015.1_21
CAIRBT010000015.1_22	CAIUWK010000045.1_11
CAIRBT010000015.1_22	CAIWTU010000024.1_16
CAIRBT010000015.1_22	CAIYDX010000130.1_30
CAIRBT010000015.1_22	CAIYDQ010000034.1_2
CAIRBT010000015.1_22	CAIYUY010000173.1_44
CAIRBT010000015.1_22	CAIYZD010000086.1_24
CAIRBT010000015.1_22	CAJAFV010000065.1_37
CAIRBT010000015.1_22	CALMBF010000200.1_23
CAIRBT010000015.1_22	CALMOE010000201.1_3
CAIRBT010000015.1_22	NC_007517.1_668
CAIRBT010000015.1_22	NC_008609.1_3428
CAIRBT010000015.1_22	NC_009483.1_1215
CAIRBT010000015.1_22	NC_010814.1_644
CAIRBT010000015.1_22	NC_011146.1_2064
CAIRBT010000015.1_22	NC_011979.1_2573
CAIRBT010000015.1_22	NZ_AUGE01000002.1_65
CAIRBT010000015.1_22	NZ_BAZF01000016.1_53
CAIRBT010000015.1_22	NZ_CP009788.1_2620
CAIRBT010000015.1_22	NZ_RAHW01000002.1_112
CAIRBT010000015.1_22	NZ_SSYA01000002.1_479
CAIRBT010000015.1_22	NZ_SSYB01000001.1_385
CAIRBT010000015.1_22	NZ_VLLN01000017.1_40
CAIRBT010000015.1_22	NZ_CP042466.1_3367
CAIRBT010000015.1_22	NZ_VZRA01000001.1_899
CAIRBT010000015.1_22	NZ_VZQZ01000001.1_284
CAIRBT010000015.1_22	NZ_BLXX01000006.1_51
CAIRBT010000015.1_22	NZ_BLXY01000011.1_54
CAIRBT010000015.1_22	NZ_BLXZ01000001.1_8
CAIRBT010000015.1_22	NZ_AP023213.1_1134
CAIRBT010000015.1_22	NZ_CP058409.1_510
CAIRBT010000015.1_22	NZ_JAEMHK010000008.1_134
CAIRBT010000015.1_22	NZ_JAEMHL010000003.1_487
CAIRBT010000015.1_22	NZ_AP024469.1_4005
CAIRBT010000015.1_22	NZ_CP071382.1_1762
CAIRBT010000015.1_22	NZ_JAHCVJ010000007.1_147
CAIRBT010000015.1_22	NZ_JAHCVK010000001.1_147
CAIRBT010000015.1_22	NZ_JAHCZI010000001.1_649
CAIRBT010000015.1_22	NZ_JAHDYS010000007.1_70
CAIRBT010000015.1_22	NZ_JAHLMF010000010.1_66
CAIRBT010000015.1_22	NZ_JAHLME010000003.1_819
CAIRBT010000015.1_22	NZ_CP076723.1_1821
CAIRBT010000015.1_22	NZ_CP077683.1_1163
CAIRBT010000015.1_22	NZ_BLIZ01000001.1_1119
CAIRBT010000015.1_22	NZ_JAINZO010000001.1_1154
CAIRBT010000015.1_22	NZ_CP087999.1_4093
CAIRBT010000015.1_22	NZ_JAKZFT010000010.1_65
CAIRBT010000015.1_22	NZ_JAKLOY010000006.1_89
CAIRBT010000015.1_22	NZ_DAHVYG010000018.1_12
CAIRBT010000015.1_22	NZ_JAOTRZ010000039.1_12
CAIRBT010000015.1_22	NZ_FUWR01000012.1_77
CAIRBT010000015.1_22	NZ_LT896716.1_1304
CAIRBT010000015.1_22	NZ_OW150024.1_48
CAIRBT010000015.1_22	PKUA01000006.1_33
CAIRBT010000015.1_22	DIWZ01000032.1_44
CAIRBT010000015.1_22	PKTZ01000161.1_19
CAIRBT010000015.1_22	PKUH01000036.1_20
CAIRBT010000015.1_22	PKUG01000177.1_9
CAIRBT010000015.1_22	PKUE01000007.1_73
CAIRBT010000015.1_22	PKUD01000114.1_5
CAIRBT010000015.1_22	PKTY01000309.1_3
CAIRBT010000015.1_22	QKGY01000297.1_4
CAIRBT010000015.1_22	PWVL01000125.1_7
CAIRBT010000015.1_22	SLLR01000133.1_10
CAIRBT010000015.1_22	JAADGW010000228.1_6
CAIRBT010000015.1_22	JABXKU010000001.1_22
CAIRBT010000015.1_22	JADGDX010000016.1_14
CAIRBT010000015.1_22	JAFGEL010000109.1_8
CAIRBT010000015.1_22	JAFGXV010000031.1_8
CAIRBT010000015.1_22	JAFDBS010000221.1_6
CAIRBT010000015.1_22	JAGXHL010000049.1_108
CAIRBT010000015.1_22	JAMONP010000008.1_28
CAIRBT010000015.1_22	JARUHJ010000004.1_61
CAIRBT010000015.1_22	JAOUDB010000027.1_7
CAIRBT010000015.1_22	JAQYVY010000026.1_27
CAIRBT010000015.1_22	JASKKK010000079.1_2
CAIRBT010000015.1_22	CALFFB010000219.1_21
CAIRBT010000015.1_22	CALJLX010000255.1_19
CAIRBT010000015.1_22	CAMYME010000039.1_47
CAIRBT010000015.1_22	CAMYNC010000141.1_15
CAIRBT010000015.1_22	CAMYNR010000001.1_10
CAIRBT010000015.1_22	NC_007498.2_2166
CAIRBT010000015.1_22	NZ_AAEW02000007.1_89
CAIRBT010000015.1_22	NZ_CP015080.1_104
CAIRBT010000015.1_22	NZ_CP015519.1_173
CAIRBT010000015.1_22	NZ_PKUB01000002.1_42
CAIRBT010000015.1_22	NZ_PPFX01000045.1_22
CAIRBT010000015.1_22	NZ_AP022810.1_2670
CAIRBT010000015.1_22	NZ_JACWUN010000003.1_98
CAIRBT010000015.1_22	NZ_JAFCIY020000028.1_66
CAIRBT010000015.1_22	NZ_JAKUKE010000001.1_398
CAIRBT010000015.1_22	NZ_CP092109.1_253
CAIRBT010000015.1_22	NZ_JAUWAV010000010.1_25
CAIRBT010000015.1_22	NZ_FNAQ01000008.1_78
CAIRBT010000015.1_22	NZ_FOJJ01000001.1_369
CAIRBT010000015.1_22	NZ_FQZT01000024.1_29
CAIRBT010000015.1_22	POSG01000002.1_347
CAIRBT010000015.1_22	DIFZ01000050.1_91
CAIRBT010000015.1_22	VEPG01000099.1_15
CAIRBT010000015.1_22	VAUL01000018.1_24
CAIRBT010000015.1_22	JARFUG010000001.1_49
CAIRBT010000015.1_22	NC_002939.5_2781
CAIRBT010000015.1_22	NZ_QKAP01000041.1_5
CAIRBT010000015.1_22	PKUF01000099.1_11
CAIRBT010000015.1_22	NZ_JAEMHM010000013.1_55
NZ_LATL02000154.1_15	NZ_LATL02000154.1_15
NZ_LATL02000154.1_15	NEED01000049.1_256
NZ_LATL02000154.1_15	DLXW01000100.1_19
NZ_LATL02000154.1_15	JASJBX010000037.1_41
NZ_LATL02000154.1_15	NC_011726.1_1778
NZ_LATL02000154.1_15	NC_011729.1_2117
NZ_LATL02000154.1_15	NC_014501.1_3655
NZ_LATL02000154.1_15	NZ_AADV02000024.1_15
NZ_LATL02000154.1_15	NZ_AAVU01000012.1_54
NZ_LATL02000154.1_15	NZ_AUZM01000010.1_63
NZ_LATL02000154.1_15	NZ_BDQK01000001.1_425
NZ_LATL02000154.1_15	NZ_JASJEB010000046.1_21
NZ_LEKT01000060.1_16	NZ_LEKT01000060.1_16
NZ_JVDT01000116.1_11	NZ_JVDT01000116.1_11
NZ_JVDT01000116.1_11	NC_016641.1_2548
NZ_JVDT01000116.1_11	NZ_ASRY01000109.1_16
NZ_JVDT01000116.1_11	NZ_MCBP01000003.1_151
NZ_JVDT01000116.1_11	NZ_CP015423.1_3581
NZ_JVDT01000116.1_11	NZ_CP020028.1_3987
NZ_JVDT01000116.1_11	NZ_JAIVEM010000188.1_3
NZ_JVDT01000116.1_11	NZ_CP092831.1_1047
NZ_JVDT01000116.1_11	NZ_JAUSWA010000025.1_39
NZ_JVDT01000116.1_11	NZ_CBQR020000141.1_35
NZ_JVDT01000116.1_11	NZ_KI783301.1_243
NZ_JVDT01000116.1_11	NZ_MLQS01000001.1_57
NZ_JVDT01000116.1_11	NZ_MLQR01000001.1_357
NZ_JVDT01000116.1_11	NZ_QPJW01000002.1_341
NZ_JVDT01000116.1_11	CAAFUF010000029.1_14
NZ_JVDT01000116.1_11	NZ_HG005141.1_498
NZ_JVDT01000116.1_11	NZ_LN909065.1_290
NZ_JVDT01000116.1_11	NZ_RRCN01000001.1_5462
NZ_JVDT01000116.1_11	NZ_RZNY01000006.1_227
NZ_JVDT01000116.1_11	NZ_VSDO01000001.1_598
NZ_JVDT01000116.1_11	NZ_JAIOGQ010000046.1_11
NZ_JVDT01000116.1_11	NZ_JAKSXN010000001.1_165
NZ_JVDT01000116.1_11	NZ_JAMBOE010000001.1_284
NZ_JVDT01000116.1_11	NZ_FNBG01000009.1_102
NZ_JVDT01000116.1_11	NZ_UGSI01000001.1_1811
NZ_JVDT01000116.1_11	NZ_VATK01000011.1_31
NZ_JVDT01000116.1_11	NZ_WJXB01000012.1_101
NZ_JVDT01000116.1_11	NZ_KB910518.1_542
NZ_JVDT01000116.1_11	NZ_AUFO01000017.1_22
NZ_JVDT01000116.1_11	NZ_CCDG010000076.1_19
NZ_JVDT01000116.1_11	NZ_CP009241.1_5528
NZ_JVDT01000116.1_11	NZ_CP009282.1_5405
NZ_JVDT01000116.1_11	NZ_CP009283.1_5135
NZ_JVDT01000116.1_11	NZ_CP009285.1_5674
NZ_JVDT01000116.1_11	NZ_CP009287.1_5069
NZ_JVDT01000116.1_11	NZ_LN831776.1_5467
NZ_JVDT01000116.1_11	NZ_LRAC01000151.1_33
NZ_JVDT01000116.1_11	NZ_LVWI01000030.1_49
NZ_JVDT01000116.1_11	NZ_MRTX01000021.1_78
NZ_JVDT01000116.1_11	NZ_VWRQ01000007.1_128
NZ_JVDT01000116.1_11	NZ_WACP01000012.1_145
NZ_JVDT01000116.1_11	NZ_WHOB01000061.1_15
NZ_JVDT01000116.1_11	NZ_JABMKX010000005.1_208
NZ_JVDT01000116.1_11	NZ_BMKR01000001.1_96
NZ_JVDT01000116.1_11	NZ_CP068595.1_547
NZ_JVDT01000116.1_11	NZ_CP070969.1_4711
NZ_JVDT01000116.1_11	NZ_JAGGLV010000013.1_176
NZ_JVDT01000116.1_11	NZ_JACBYI010000002.1_79
NZ_JVDT01000116.1_11	NZ_JACBYI010000004.1_180
NZ_JVDT01000116.1_11	NZ_JAIEUI010000007.1_151
NZ_JVDT01000116.1_11	NZ_CP026029.1_1285
NZ_JVDT01000116.1_11	NZ_JARXXP010000023.1_42
NZ_JVDT01000116.1_11	NZ_FNDX01000013.1_79
NZ_JVDT01000116.1_11	NZ_FNGM01000011.1_159
NZ_JVDT01000116.1_11	NZ_FOIK01000004.1_104
NZ_JVDT01000116.1_11	NZ_CAKMMG010000005.1_72
NZ_JVDT01000116.1_11	NZ_BQYJ01000009.1_51
NZ_JVDT01000116.1_11	NZ_PISE01000044.1_47
NZ_JVDT01000116.1_11	NZ_JAUSTK010000013.1_98
NZ_JVDT01000116.1_11	JAILZT010000013.1_73
NZ_JVDT01000116.1_11	NZ_JQCR01000003.1_2424
NZ_JVDT01000116.1_11	NZ_FNPI01000001.1_745
NZ_LJIC01000011.1_22	NZ_LJIC01000011.1_22
NZ_LJIC01000011.1_22	KI632513.1_1533
NZ_LJIC01000011.1_22	NZ_RZNF01000003.1_178
NZ_LJIC01000011.1_22	NZ_QUMK01000057.1_15
NZ_LJIC01000011.1_22	NZ_JACHIH010000007.1_105
NZ_LJIC01000011.1_22	NZ_JAJNAL010000002.1_118
NZ_LJIC01000011.1_22	CAIXDS010000385.1_7
NZ_CP061336.1_1822	NZ_CP061336.1_1822
NZ_CP061336.1_1822	DEDT01000054.1_39
NZ_CP061336.1_1822	FNCM01000001.1_106
NZ_CP061336.1_1822	ONCF01000001.1_8
NZ_CP061336.1_1822	NC_017068.1_2777
NZ_CP061336.1_1822	NZ_JIAC01000001.1_1166
NZ_CP061336.1_1822	NZ_JNKI01000003.1_88
NZ_CP061336.1_1822	NZ_VTOY01000004.1_106
NZ_CP061336.1_1822	NZ_SVCA01000002.1_338
NZ_CP061336.1_1822	NZ_FRBC01000015.1_47
NZ_CP061336.1_1822	NZ_CACZIV010000056.1_9
NZ_CP061336.1_1822	DFJD01000057.1_8
NZ_CP061336.1_1822	JAEWZA010000051.1_18
NZ_CP061336.1_1822	JAEZIB010000120.1_54
NZ_CP061336.1_1822	JAEXSP010000007.1_36
NZ_CP061336.1_1822	JAAYPK010000100.1_11
NZ_CP061336.1_1822	JARBTT010000048.1_8
NZ_CP061336.1_1822	NZ_FOJI01000005.1_219
NZ_VDMB01000009.1_15	NZ_VDMB01000009.1_15
NZ_VDMB01000009.1_15	NZ_VLLC01000023.1_18
NZ_VDMB01000009.1_15	NZ_JAPFPW010000011.1_67
NZ_VWRQ01000003.1_209	NZ_VWRQ01000003.1_209
NZ_JAIOUQ010000003.1_642	NZ_JAIOUQ010000003.1_642
NZ_JAIOUQ010000003.1_642	NZ_JQLY01000001.1_93
NZ_JAIOUQ010000003.1_642	PMGM01000034.1_5
NZ_JAIOUQ010000003.1_642	PLXT01000077.1_54
NZ_BLAY01000018.1_39	NZ_BLAY01000018.1_39
NZ_JAJNKE010000063.1_2	NZ_JAJNKE010000063.1_2
NZ_JACIIZ010000017.1_147	NZ_JACIIZ010000017.1_147
NZ_JACIIZ010000017.1_147	CP000781.1_90
NZ_JACIIZ010000017.1_147	CM001438.1_1010
NZ_JACIIZ010000017.1_147	JMKQ01000006.1_1883
NZ_JACIIZ010000017.1_147	AP014683.1_1379
NZ_JACIIZ010000017.1_147	MERU01000006.1_361
NZ_JACIIZ010000017.1_147	DHYP01000031.1_10
NZ_JACIIZ010000017.1_147	PFJY01000119.1_21
NZ_JACIIZ010000017.1_147	PHCX01000007.1_9
NZ_JACIIZ010000017.1_147	PHSQ01000003.1_278
NZ_JACIIZ010000017.1_147	PKDC01000060.1_15
NZ_JACIIZ010000017.1_147	PERY01000011.1_66
NZ_JACIIZ010000017.1_147	PQAN01000100.1_14
NZ_JACIIZ010000017.1_147	PKWL01000107.1_2
NZ_JACIIZ010000017.1_147	PLAI01000141.1_64
NZ_JACIIZ010000017.1_147	PLRS01000073.1_92
NZ_JACIIZ010000017.1_147	DQBD01000297.1_4
NZ_JACIIZ010000017.1_147	RXJQ01000015.1_21
NZ_JACIIZ010000017.1_147	SEYW01000003.1_189
NZ_JACIIZ010000017.1_147	CP024846.1_2445
NZ_JACIIZ010000017.1_147	SCMV01000067.1_7
NZ_JACIIZ010000017.1_147	WASQ01000002.1_36
NZ_JACIIZ010000017.1_147	JABFRO010000001.1_647
NZ_JACIIZ010000017.1_147	PNML01000059.1_21
NZ_JACIIZ010000017.1_147	JACIYQ010000244.1_15
NZ_JACIIZ010000017.1_147	WGLP01000005.1_39
NZ_JACIIZ010000017.1_147	JACPZO010000030.1_21
NZ_JACIIZ010000017.1_147	JACQFX010000013.1_123
NZ_JACIIZ010000017.1_147	JACRHF010000025.1_9
NZ_JACIIZ010000017.1_147	JACRNC010000021.1_43
NZ_JACIIZ010000017.1_147	JACRPO010000005.1_740
NZ_JACIIZ010000017.1_147	JADJEV010000004.1_484
NZ_JACIIZ010000017.1_147	JAEUPB010000020.1_65
NZ_JACIIZ010000017.1_147	JAFLDI010000086.1_8
NZ_JACIIZ010000017.1_147	JAFEGB010000035.1_18
NZ_JACIIZ010000017.1_147	JAAOMR010000125.1_36
NZ_JACIIZ010000017.1_147	JAHBZL010000017.1_54
NZ_JACIIZ010000017.1_147	JAGRES010000015.1_138
NZ_JACIIZ010000017.1_147	DYIL01000064.1_5
NZ_JACIIZ010000017.1_147	JADLHU010000102.1_22
NZ_JACIIZ010000017.1_147	JAASSS010000065.1_3
NZ_JACIIZ010000017.1_147	JAJYCZ010000027.1_33
NZ_JACIIZ010000017.1_147	JAJYBQ010000001.1_23
NZ_JACIIZ010000017.1_147	JAJXYV010000180.1_4
NZ_JACIIZ010000017.1_147	JAJXXS010000265.1_6
NZ_JACIIZ010000017.1_147	JAJXWD010000007.1_99
NZ_JACIIZ010000017.1_147	JAJXUP010000018.1_25
NZ_JACIIZ010000017.1_147	JAJYHM010000058.1_34
NZ_JACIIZ010000017.1_147	JAJYEX010000002.1_84
NZ_JACIIZ010000017.1_147	JAJYGL010000134.1_3
NZ_JACIIZ010000017.1_147	JAJYRD010000046.1_61
NZ_JACIIZ010000017.1_147	JAJYPD010000042.1_11
NZ_JACIIZ010000017.1_147	JAJZZU010000300.1_3
NZ_JACIIZ010000017.1_147	JAJZRU010000021.1_23
NZ_JACIIZ010000017.1_147	JAKARW010000002.1_35
NZ_JACIIZ010000017.1_147	JAKARI010000016.1_51
NZ_JACIIZ010000017.1_147	JAKARB010000003.1_45
NZ_JACIIZ010000017.1_147	JAKAFN010000004.1_28
NZ_JACIIZ010000017.1_147	JAKBHV010000048.1_19
NZ_JACIIZ010000017.1_147	JAKBHV010000165.1_20
NZ_JACIIZ010000017.1_147	JAKCCX010000003.1_32
NZ_JACIIZ010000017.1_147	JAKBUS010000028.1_14
NZ_JACIIZ010000017.1_147	JAKBZN010000003.1_20
NZ_JACIIZ010000017.1_147	JAJZVB010000077.1_7
NZ_JACIIZ010000017.1_147	JAJZTT010000028.1_21
NZ_JACIIZ010000017.1_147	JAJZQI010000031.1_5
NZ_JACIIZ010000017.1_147	JAJVIJ010000006.1_28
NZ_JACIIZ010000017.1_147	JAMCRJ010000079.1_5
NZ_JACIIZ010000017.1_147	JAEXXM010000066.1_18
NZ_JACIIZ010000017.1_147	JAEYPG010000332.1_3
NZ_JACIIZ010000017.1_147	JACKOQ010000003.1_176
NZ_JACIIZ010000017.1_147	JALJOM010000008.1_383
NZ_JACIIZ010000017.1_147	JAMBEQ010000210.1_6
NZ_JACIIZ010000017.1_147	JAHECZ010000025.1_11
NZ_JACIIZ010000017.1_147	JAOAHI010000015.1_3
NZ_JACIIZ010000017.1_147	DAIDAH010000026.1_6
NZ_JACIIZ010000017.1_147	DAICZK010000098.1_6
NZ_JACIIZ010000017.1_147	DAHWGZ010000012.1_16
NZ_JACIIZ010000017.1_147	DAIESR010000537.1_8
NZ_JACIIZ010000017.1_147	DAIDMD010000170.1_15
NZ_JACIIZ010000017.1_147	JAPTWR010000129.1_35
NZ_JACIIZ010000017.1_147	JAPWJW010000002.1_509
NZ_JACIIZ010000017.1_147	JAQUAC010000025.1_5
NZ_JACIIZ010000017.1_147	JAQTYA010000024.1_10
NZ_JACIIZ010000017.1_147	JAQTXH010000002.1_111
NZ_JACIIZ010000017.1_147	JAQTWT010000012.1_6
NZ_JACIIZ010000017.1_147	JAQVDP010000017.1_88
NZ_JACIIZ010000017.1_147	JAKQIT010000074.1_25
NZ_JACIIZ010000017.1_147	JAUXNQ010000044.1_26
NZ_JACIIZ010000017.1_147	JARLIW010000203.1_11
NZ_JACIIZ010000017.1_147	JARLIO010000045.1_7
NZ_JACIIZ010000017.1_147	CADDYU010000065.1_8
NZ_JACIIZ010000017.1_147	CADEEH010000049.1_17
NZ_JACIIZ010000017.1_147	CAIJXJ010000050.1_45
NZ_JACIIZ010000017.1_147	CAIWPS010000536.1_3
NZ_JACIIZ010000017.1_147	CAJPFK010000001.1_178
NZ_JACIIZ010000017.1_147	CAKKSE010000046.1_22
NZ_JACIIZ010000017.1_147	CALBTT010000093.1_6
NZ_JACIIZ010000017.1_147	CAMLJY010000007.1_127
NZ_JACIIZ010000017.1_147	NC_009937.1_1061
NZ_JACIIZ010000017.1_147	NC_007952.1_1551
NZ_JACIIZ010000017.1_147	NC_009485.1_5589
NZ_JACIIZ010000017.1_147	NC_010581.1_486
NZ_JACIIZ010000017.1_147	NC_011761.1_1404
NZ_JACIIZ010000017.1_147	NC_011666.1_3628
NZ_JACIIZ010000017.1_147	NC_009445.1_5088
NZ_JACIIZ010000017.1_147	NZ_KE124774.1_3718
NZ_JACIIZ010000017.1_147	NZ_GL876925.1_61
NZ_JACIIZ010000017.1_147	NC_015717.1_3430
NZ_JACIIZ010000017.1_147	NZ_AKFJ01000028.1_60
NZ_JACIIZ010000017.1_147	NC_018485.1_2596
NZ_JACIIZ010000017.1_147	NZ_BACU01000079.1_34
NZ_JACIIZ010000017.1_147	NC_020453.1_2237
NZ_JACIIZ010000017.1_147	NZ_KB889967.1_3135
NZ_JACIIZ010000017.1_147	NZ_KB900626.1_3665
NZ_JACIIZ010000017.1_147	NZ_KB906253.1_581
NZ_JACIIZ010000017.1_147	NZ_ARVV01000001.1_3474
NZ_JACIIZ010000017.1_147	NZ_AUGZ01000010.1_50
NZ_JACIIZ010000017.1_147	NZ_AUKJ01000018.1_289
NZ_JACIIZ010000017.1_147	NZ_KE386496.1_2138
NZ_JACIIZ010000017.1_147	NZ_AUCG01000004.1_7
NZ_JACIIZ010000017.1_147	NZ_KE387211.1_31
NZ_JACIIZ010000017.1_147	NZ_AWZT01000045.1_39
NZ_JACIIZ010000017.1_147	NZ_AXWS01000007.1_490
NZ_JACIIZ010000017.1_147	NZ_AYLO01000018.1_29
NZ_JACIIZ010000017.1_147	NZ_JADZ01000010.1_55
NZ_JACIIZ010000017.1_147	NZ_AZUP01000001.1_3307
NZ_JACIIZ010000017.1_147	NZ_BAYB01000013.1_182
NZ_JACIIZ010000017.1_147	NZ_JGVW01000086.1_118
NZ_JACIIZ010000017.1_147	NZ_CP022110.1_1034
NZ_JACIIZ010000017.1_147	NZ_JPOQ01000010.1_45
NZ_JACIIZ010000017.1_147	NZ_JQNK01000009.1_1441
NZ_JACIIZ010000017.1_147	NZ_JQJH01000001.1_172
NZ_JACIIZ010000017.1_147	NZ_KN050804.1_47
NZ_JACIIZ010000017.1_147	NZ_JRKM01000001.1_3634
NZ_JACIIZ010000017.1_147	NZ_JTDI01000004.1_230
NZ_JACIIZ010000017.1_147	NZ_JYNS01000019.1_39
NZ_JACIIZ010000017.1_147	NZ_LJYG01000013.1_28
NZ_JACIIZ010000017.1_147	NZ_BCTX01000033.1_42
NZ_JACIIZ010000017.1_147	NZ_LVEM01000003.1_1173
NZ_JACIIZ010000017.1_147	NZ_LUUB01000073.1_18
NZ_JACIIZ010000017.1_147	NZ_LSEF01000026.1_107
NZ_JACIIZ010000017.1_147	NZ_CP016027.1_324
NZ_JACIIZ010000017.1_147	NZ_LPWE01000011.1_287
NZ_JACIIZ010000017.1_147	NZ_CP017562.2_1325
NZ_JACIIZ010000017.1_147	NZ_CP017565.2_238
NZ_JACIIZ010000017.1_147	NZ_MSCV01000006.1_146
NZ_JACIIZ010000017.1_147	NZ_BCTR01000001.1_122
NZ_JACIIZ010000017.1_147	NZ_MUHU01000002.1_117
NZ_JACIIZ010000017.1_147	NZ_MWMO01000010.1_26
NZ_JACIIZ010000017.1_147	NZ_CP023737.1_1729
NZ_JACIIZ010000017.1_147	NZ_PNXY01000002.1_311
NZ_JACIIZ010000017.1_147	NZ_PDZR01000001.1_370
NZ_JACIIZ010000017.1_147	NZ_PPCN01000001.1_283
NZ_JACIIZ010000017.1_147	NZ_PVEN01000029.1_17
NZ_JACIIZ010000017.1_147	NZ_PVZB01000034.1_44
NZ_JACIIZ010000017.1_147	NZ_CP028960.1_685
NZ_JACIIZ010000017.1_147	NZ_CP027663.1_2962
NZ_JACIIZ010000017.1_147	NZ_QHHQ01000003.1_354
NZ_JACIIZ010000017.1_147	NZ_QLSU01000022.1_103
NZ_JACIIZ010000017.1_147	NZ_PSYR01000002.1_1293
NZ_JACIIZ010000017.1_147	NZ_QQAV01000006.1_202
NZ_JACIIZ010000017.1_147	NZ_QXMG01000050.1_38
NZ_JACIIZ010000017.1_147	NZ_AP017928.1_5260
NZ_JACIIZ010000017.1_147	NZ_RAPV01000001.1_1603
NZ_JACIIZ010000017.1_147	NZ_RCTF01000001.1_339
NZ_JACIIZ010000017.1_147	NZ_RIZI01000178.1_20
NZ_JACIIZ010000017.1_147	NZ_QWDD01000001.1_788
NZ_JACIIZ010000017.1_147	NZ_CP034086.1_3339
NZ_JACIIZ010000017.1_147	NZ_RZNF01000007.1_246
NZ_JACIIZ010000017.1_147	NZ_RCHJ01000015.1_60
NZ_JACIIZ010000017.1_147	NZ_CP022220.1_698
NZ_JACIIZ010000017.1_147	NZ_CP030054.1_501
NZ_JACIIZ010000017.1_147	NZ_CP025086.1_1596
NZ_JACIIZ010000017.1_147	NZ_SCTN01000256.1_3
NZ_JACIIZ010000017.1_147	NZ_SMGP01000001.1_1156
NZ_JACIIZ010000017.1_147	NZ_SNWA01000003.1_172
NZ_JACIIZ010000017.1_147	NZ_SRIO01000011.1_10
NZ_JACIIZ010000017.1_147	NZ_SSHH01000001.1_797
NZ_JACIIZ010000017.1_147	NZ_CP039740.1_560
NZ_JACIIZ010000017.1_147	NZ_VAUP01000035.1_67
NZ_JACIIZ010000017.1_147	NZ_SRSH01000010.1_33
NZ_JACIIZ010000017.1_147	NZ_VJZF01000003.1_1161
NZ_JACIIZ010000017.1_147	NZ_CP041656.1_5036
NZ_JACIIZ010000017.1_147	NZ_VMYE01000015.1_51
NZ_JACIIZ010000017.1_147	NZ_VITR01000011.1_136
NZ_JACIIZ010000017.1_147	NZ_VITV01000008.1_289
NZ_JACIIZ010000017.1_147	NZ_VITN01000004.1_23
NZ_JACIIZ010000017.1_147	NZ_SDKK01000007.1_182
NZ_JACIIZ010000017.1_147	NZ_VIRF01000090.1_227
NZ_JACIIZ010000017.1_147	NZ_VTTL01000006.1_97
NZ_JACIIZ010000017.1_147	NZ_WBUE01000001.1_167
NZ_JACIIZ010000017.1_147	NZ_WIDQ01000016.1_35
NZ_JACIIZ010000017.1_147	NZ_VIDQ01000160.1_3
NZ_JACIIZ010000017.1_147	NZ_BGJX01000002.1_84
NZ_JACIIZ010000017.1_147	NZ_AP022332.1_1119
NZ_JACIIZ010000017.1_147	NZ_WNJL01000030.1_129
NZ_JACIIZ010000017.1_147	NZ_CP046565.1_770
NZ_JACIIZ010000017.1_147	NZ_JABBFW010000008.1_245
NZ_JACIIZ010000017.1_147	NZ_JABBGA010000006.1_82
NZ_JACIIZ010000017.1_147	NZ_JABCSC020000005.1_187
NZ_JACIIZ010000017.1_147	NZ_JABEVC010000190.1_3
NZ_JACIIZ010000017.1_147	NZ_JABGCB010000025.1_41
NZ_JACIIZ010000017.1_147	NZ_JABSNM010000029.1_21
NZ_JACIIZ010000017.1_147	NZ_JABVWW010000006.1_44
NZ_JACIIZ010000017.1_147	NZ_VZQQ01000056.1_10
NZ_JACIIZ010000017.1_147	NZ_JACYXI010000012.1_84
NZ_JACIIZ010000017.1_147	NZ_CP030060.1_678
NZ_JACIIZ010000017.1_147	NZ_JADKYR010000001.1_718
NZ_JACIIZ010000017.1_147	NZ_JADNQW010000005.1_1995
NZ_JACIIZ010000017.1_147	NZ_JADNRA010000034.1_172
NZ_JACIIZ010000017.1_147	NZ_JABWGZ010000012.1_16
NZ_JACIIZ010000017.1_147	NZ_JACPYU010000006.1_5
NZ_JACIIZ010000017.1_147	NZ_NRRU01000140.1_6
NZ_JACIIZ010000017.1_147	NZ_JADJBR010000004.1_119
NZ_JACIIZ010000017.1_147	NZ_CP063362.1_854
NZ_JACIIZ010000017.1_147	NZ_CP070492.1_20
NZ_JACIIZ010000017.1_147	NZ_JAFLDT010000008.1_29
NZ_JACIIZ010000017.1_147	NZ_JAGGML010000001.1_2012
NZ_JACIIZ010000017.1_147	NZ_JAGOPN010000005.1_96
NZ_JACIIZ010000017.1_147	NZ_JAGOGJ010000064.1_12
NZ_JACIIZ010000017.1_147	NZ_JAGQDE010000023.1_6
NZ_JACIIZ010000017.1_147	NZ_JAGQDD010000023.1_6
NZ_JACIIZ010000017.1_147	NZ_JAFCLU010000037.1_82
NZ_JACIIZ010000017.1_147	NZ_CP054856.1_1714
NZ_JACIIZ010000017.1_147	NZ_JABWCU010000006.1_246
NZ_JACIIZ010000017.1_147	NZ_JAHFZG010000006.1_133
NZ_JACIIZ010000017.1_147	NZ_CP076134.1_1650
NZ_JACIIZ010000017.1_147	NZ_JADMJL010000004.1_14
NZ_JACIIZ010000017.1_147	NZ_JAAZTY010000095.1_4
NZ_JACIIZ010000017.1_147	NZ_CP079095.1_960
NZ_JACIIZ010000017.1_147	NZ_CP073764.1_1557
NZ_JACIIZ010000017.1_147	NZ_JAGRPM010000022.1_60
NZ_JACIIZ010000017.1_147	NZ_JAINDZ010000002.1_58
NZ_JACIIZ010000017.1_147	NZ_JAIVLF010000003.1_481
NZ_JACIIZ010000017.1_147	NZ_CP088081.1_710
NZ_JACIIZ010000017.1_147	NZ_CP088156.1_6779
NZ_JACIIZ010000017.1_147	NZ_JAJTBB010000078.1_152
NZ_JACIIZ010000017.1_147	NZ_JAJTWT010000004.1_228
NZ_JACIIZ010000017.1_147	NZ_JAJTWU010000008.1_273
NZ_JACIIZ010000017.1_147	NZ_JACBFY010000001.1_892
NZ_JACIIZ010000017.1_147	NZ_JAKFGN010000003.1_8
NZ_JACIIZ010000017.1_147	NZ_JAIZVX010000016.1_23
NZ_JACIIZ010000017.1_147	NZ_JAIVFP010000001.1_3379
NZ_JACIIZ010000017.1_147	NZ_JALHAT010000012.1_128
NZ_JACIIZ010000017.1_147	NZ_JALHLE010000015.1_32
NZ_JACIIZ010000017.1_147	NZ_JALHLF010000009.1_47
NZ_JACIIZ010000017.1_147	NZ_JAKLLN010000005.1_94
NZ_JACIIZ010000017.1_147	NZ_JALNYM010000001.1_437
NZ_JACIIZ010000017.1_147	NZ_JAGDVS010000093.1_29
NZ_JACIIZ010000017.1_147	NZ_JAMXMC010000006.1_108
NZ_JACIIZ010000017.1_147	NZ_CP028908.1_811
NZ_JACIIZ010000017.1_147	NZ_JANADK010000001.1_1593
NZ_JACIIZ010000017.1_147	NZ_JANADR010000001.1_7594
NZ_JACIIZ010000017.1_147	NZ_CP077970.1_1605
NZ_JACIIZ010000017.1_147	NZ_JANZXA010000007.1_194
NZ_JACIIZ010000017.1_147	NZ_CP110389.1_1239
NZ_JACIIZ010000017.1_147	NZ_CP110921.1_2229
NZ_JACIIZ010000017.1_147	NZ_CP107558.1_2162
NZ_JACIIZ010000017.1_147	NZ_DAHVHY010000010.1_14
NZ_JACIIZ010000017.1_147	NZ_CP092968.1_2159
NZ_JACIIZ010000017.1_147	NZ_BSEC01000001.1_3060
NZ_JACIIZ010000017.1_147	NZ_AP027142.1_2344
NZ_JACIIZ010000017.1_147	NZ_AP027149.1_4167
NZ_JACIIZ010000017.1_147	NZ_JAQVCN010000022.1_53
NZ_JACIIZ010000017.1_147	NZ_JARESE010000031.1_25
NZ_JACIIZ010000017.1_147	NZ_JARGEN010000013.1_36
NZ_JACIIZ010000017.1_147	NZ_JARGEL010000032.1_150
NZ_JACIIZ010000017.1_147	NZ_CP121650.1_7369
NZ_JACIIZ010000017.1_147	NZ_CP121634.1_7754
NZ_JACIIZ010000017.1_147	NZ_CP123229.1_2262
NZ_JACIIZ010000017.1_147	NZ_JAQSDR010000033.1_69
NZ_JACIIZ010000017.1_147	NZ_JAQSDZ010000026.1_28
NZ_JACIIZ010000017.1_147	NZ_JASHHX010000001.1_229
NZ_JACIIZ010000017.1_147	NZ_BSCT01000053.1_8
NZ_JACIIZ010000017.1_147	NZ_BSOW01000030.1_56
NZ_JACIIZ010000017.1_147	NZ_CP129212.1_6859
NZ_JACIIZ010000017.1_147	NZ_JAUSAR010000116.1_118
NZ_JACIIZ010000017.1_147	NZ_JAUTWS010000009.1_44
NZ_JACIIZ010000017.1_147	NZ_JAVHJP010000002.1_106
NZ_JACIIZ010000017.1_147	NZ_FNZM01000033.1_41
NZ_JACIIZ010000017.1_147	NZ_FOFS01000010.1_93
NZ_JACIIZ010000017.1_147	NZ_FOOR01000026.1_24
NZ_JACIIZ010000017.1_147	NZ_FOSN01000001.1_307
NZ_JACIIZ010000017.1_147	NZ_FPEJ01000001.1_754
NZ_JACIIZ010000017.1_147	NZ_FXAM01000003.1_20
NZ_JACIIZ010000017.1_147	NZ_FTMZ01000024.1_35
NZ_JACIIZ010000017.1_147	NZ_LT859959.1_1539
NZ_JACIIZ010000017.1_147	NZ_CABFMQ020000001.1_411
NZ_JACIIZ010000017.1_147	NZ_LR699554.1_1479
NZ_JACIIZ010000017.1_147	NZ_CAJHCR010000029.1_48
NZ_JACIIZ010000017.1_147	NZ_CAJYGK010000029.1_11
NZ_JACIIZ010000017.1_147	NZ_CAKKNB010000001.1_1432
NZ_JACIIZ010000017.1_147	NZ_CALFYO010000019.1_469
NZ_JACIIZ010000017.1_147	DILC01000068.1_41
NZ_JACIIZ010000017.1_147	JAPLQT010000117.1_75
NZ_JACIIZ010000017.1_147	PLHC01000066.1_108
NZ_JACIIZ010000017.1_147	PLOT01000076.1_3
NZ_JACIIZ010000017.1_147	PMGP01000092.1_8
NZ_JACIIZ010000017.1_147	JAJYBU010000006.1_89
NZ_JACIIZ010000017.1_147	JAJZDM010000119.1_6
NZ_JACIIZ010000017.1_147	QVLR01000056.1_63
NZ_JACIIZ010000017.1_147	NZ_BFBP01000013.1_75
NZ_JACIIZ010000017.1_147	NZ_SHKM01000002.1_333
NZ_JACIIZ010000017.1_147	NZ_WTVN01000011.1_11
NZ_JACIIZ010000017.1_147	NZ_FTMD01000016.1_48
NZ_JACIIZ010000017.1_147	JACQWY010000037.1_86
NZ_JACIIZ010000017.1_147	NZ_CP046052.1_3978
NZ_JACIIZ010000017.1_147	JAGXQV010000025.1_8
NZ_JACIIZ010000017.1_147	JABEVD010000195.1_8
NZ_JACIIZ010000017.1_147	JAJYYE010000011.1_107
NZ_JACIIZ010000017.1_147	JAJZRT010000001.1_28
NZ_JACIIZ010000017.1_147	NZ_DF967527.1_142
NZ_JACIIZ010000017.1_147	JAKBJA010000175.1_7
NZ_JACIIZ010000017.1_147	JAKAVW010000005.1_23
NZ_JACIIZ010000017.1_147	JAUYNR010000028.1_21
NZ_JACIIZ010000017.1_147	NZ_AEEC02000010.1_118
NZ_JACIIZ010000017.1_147	JAIOJO010000044.1_12
NZ_JACIIZ010000017.1_147	JAKAIB010000015.1_8
NZ_JACIIZ010000017.1_147	NZ_CP011930.1_2832
NZ_JACIIZ010000017.1_147	NZ_CP024996.1_2497
NZ_JACIIZ010000017.1_147	NZ_JADWMY010000001.1_267
NZ_JACIIZ010000017.1_147	NZ_ARWA01000001.1_1497
NZ_JACIIZ010000017.1_147	NZ_LPWG01000014.1_92
NZ_JACIIZ010000017.1_147	NZ_NHSJ01000034.1_144
NZ_JACIIZ010000017.1_147	NZ_AP018795.1_2349
NZ_JACIIZ010000017.1_147	NZ_WTVK01000037.1_35
NZ_JACIIZ010000017.1_147	NZ_JABBDR010000167.1_43
NZ_JACIIZ010000017.1_147	JAJYQY010000121.1_22
NZ_JACIIZ010000017.1_147	JAMCRJ010000025.1_125
NZ_JACIIZ010000017.1_147	NZ_JAJTBG010000005.1_201
NZ_JACIIZ010000017.1_147	NC_020516.1_771
NZ_JACIIZ010000017.1_147	NZ_JAMBPQ010000011.1_7
NZ_JACIIZ010000017.1_147	JAGVGD010000013.1_11
NZ_JACIIZ010000017.1_147	NZ_JAFA01000069.1_16
NZ_JACIIZ010000017.1_147	NZ_JAOQNX010000051.1_3
NZ_JACIIZ010000017.1_147	NZ_JFZJ01000075.1_5
NZ_JACIIZ010000017.1_147	NZ_DAIESY010000034.1_16
NZ_CP060696.1_1960	NZ_CP060696.1_1960
NZ_WAKW01000012.1_25	NZ_WAKW01000012.1_25
NZ_WAKW01000012.1_25	JAHEPY010000058.1_16
NZ_WAKW01000012.1_25	NC_015636.1_1144
NZ_WAKW01000012.1_25	NZ_CP022242.1_323
NZ_WAKW01000012.1_25	NZ_OX296583.1_1636
NZ_WAKW01000012.1_25	NC_013887.1_32
NZ_WAKW01000012.1_25	NC_013407.1_1081
NZ_WAKW01000012.1_25	NC_015562.1_1756
NZ_WAKW01000012.1_25	NZ_AGJL01000038.1_2
NZ_WIQU01000016.1_97	NZ_WIQU01000016.1_97
NZ_WIQU01000016.1_97	NZ_SMAA01000015.1_20
NZ_CP133190.1_946	NZ_CP133190.1_946
NZ_CP133190.1_946	JAEZZO010000009.1_97
NZ_CP133264.1_2830	NZ_CP133264.1_2830
NZ_CP133264.1_2830	CAAEXF010000131.1_14
NZ_CP133264.1_2830	NZ_JAEEGB010000005.1_21
NZ_FNHB01000007.1_57	NZ_FNHB01000007.1_57
JH993797.1_1067	JH993797.1_1067
JH993797.1_1067	LJZR01000021.1_66
JH993797.1_1067	PYER01000373.1_4
JH993797.1_1067	SLIY01000219.1_10
JH993797.1_1067	JAAUTY010000072.1_16
JH993797.1_1067	JAAUPS010000056.1_14
JH993797.1_1067	CALDSK010000023.1_8
JH993797.1_1067	NZ_DS989904.1_209
JH993797.1_1067	NZ_KI913949.1_3327
JH993797.1_1067	NZ_QXHD01000004.1_2173
JH993797.1_1067	NZ_SMDQ01000031.1_28
JH993797.1_1067	NZ_JADEXE010000433.1_1
JH993797.1_1067	NZ_JACSWB010000129.1_23
JH993797.1_1067	JANQPU010000018.1_22
JH993797.1_1067	NZ_AWNH01000073.1_3
HG425166.1_129	HG425166.1_129
HG425166.1_129	MVPY01000087.1_17
HG425166.1_129	JAUNXM010000034.1_10
HG425166.1_129	JAITPS010000206.1_2
HG425166.1_129	NZ_CP022706.1_1282
HG425166.1_129	NZ_AP027738.1_936
HG425166.1_129	AMGN01000049.1_12
HG425166.1_129	PGYO01000007.1_88
HG425166.1_129	JAEZAV010000106.1_4
HG425166.1_129	NC_015216.1_1812
HG425166.1_129	NZ_CP017768.1_2081
HG425166.1_129	NZ_JAGGLN010000004.1_96
HG425166.1_129	NZ_JALKIF010000010.1_52
HG425166.1_129	NZ_LT607756.1_1900
HG425166.1_129	JACBOA010000001.1_34
HG425166.1_129	NZ_AMPO01000001.1_482
HG425166.1_129	JAEYQZ010000253.1_11
HG425166.1_129	NZ_JQJK01000015.1_201
HG425166.1_129	NZ_LMVM01000041.1_88
HG425166.1_129	JAEZKE010000037.1_6
HG425166.1_129	NC_015574.1_2019
HG425166.1_129	WASR01000091.1_1
HG425166.1_129	NZ_JACRGA010000025.1_7
JNJK01000002.1_267	JNJK01000002.1_267
JNKP01000004.1_19	JNKP01000004.1_19
JNKP01000004.1_19	JNJD01000007.1_360
JNKP01000004.1_19	CAMOIX010000009.1_50
JNKP01000004.1_19	NZ_JAGBLU010000015.1_51
JNKP01000004.1_19	NZ_FRDH01000004.1_111
LADR01000085.1_11	LADR01000085.1_11
LADR01000085.1_11	NZ_AP021874.1_4878
LADR01000085.1_11	NZ_CP061799.1_5162
CP011392.1_604	CP011392.1_604
LGFT01000081.1_1	LGFT01000081.1_1
LGFT01000081.1_1	JJNX02000025.1_4
LGFT01000081.1_1	DHHR01000071.1_13
MAEO01000128.1_17	MAEO01000128.1_17
MAEO01000128.1_17	DFBQ01000120.1_3
MAEO01000128.1_17	RPGP01000029.1_177
MAEO01000128.1_17	JALTHV010000232.1_1
MAEO01000128.1_17	NZ_CP040098.1_2459
MFNE01000038.1_27	MFNE01000038.1_27
JABDRL010000192.1_5	JABDRL010000192.1_5
JAADIV010000184.1_7	JAADIV010000184.1_7
JAADIV010000184.1_7	DRPV01000044.1_6
JAADGO010000050.1_15	JAADGO010000050.1_15
JABLXR010000031.1_88	JABLXR010000031.1_88
QBUN01000420.1_27	QBUN01000420.1_27
QBUN01000420.1_27	QENH01000146.1_17
QBUN01000420.1_27	QBUM01000235.1_5
QBUN01000420.1_27	QBUL01000168.1_2
QBUN01000420.1_27	JAODGH010000033.1_12
QBUN01000420.1_27	JAUWNY010000073.1_7
QBUN01000420.1_27	CABGHH010000072.1_4
DUJX01000116.1_6	DUJX01000116.1_6
DUJX01000116.1_6	DACJ01000072.1_29
DUJX01000116.1_6	RXIL01000115.1_7
JAAXUL010000107.1_10	JAAXUL010000107.1_10
CP058705.1_3113	CP058705.1_3113
CP058705.1_3113	JADJRE010000011.1_37
CP058705.1_3113	JADJQT010000002.1_444
CP058705.1_3113	JAEULG010000277.1_10
CP058705.1_3113	JARSSM010000001.1_200
CP058705.1_3113	UXAT02000012.1_135
CP058705.1_3113	NZ_CP053923.1_3684
JACERV010000025.1_7	JACERV010000025.1_7
JACERV010000025.1_7	JAEWCQ010000016.1_113
JACERV010000025.1_7	JAQUUB010000078.1_2
JACERV010000025.1_7	NZ_LRVM01000004.1_230
JACERV010000025.1_7	NZ_QGDS01000018.1_30
JACERV010000025.1_7	NZ_SLZZ01000007.1_80
JACERV010000025.1_7	NZ_AP023368.1_643
JACERV010000025.1_7	DGRE01000019.1_14
JACERV010000025.1_7	WASS01000015.1_295
JACERV010000025.1_7	JAAOXG010000093.1_15
JACERV010000025.1_7	SVDU01000009.1_67
JACERV010000025.1_7	SVDS01000056.1_2
JACERV010000025.1_7	SVDT01000061.1_3
JACERV010000025.1_7	JAEWJZ010000029.1_169
JACERV010000025.1_7	JAEWPN010000090.1_46
JACERV010000025.1_7	JAEYJO010000061.1_74
JACERV010000025.1_7	JAEZFK010000083.1_2
JACERV010000025.1_7	JAEWPQ010000256.1_7
JACERV010000025.1_7	JAQSYE010000136.1_7
JACERV010000025.1_7	NZ_AZUI01000001.1_5343
JACERV010000025.1_7	NZ_JHWJ01000012.1_127
JACERV010000025.1_7	NZ_PTJA01000002.1_67
JACERV010000025.1_7	NZ_QOHO01000025.1_83
JACERV010000025.1_7	NZ_SULJ01000002.1_48
JACERV010000025.1_7	NZ_CP113524.1_3267
JACERV010000025.1_7	NZ_LT732525.1_392
JACERV010000025.1_7	NZ_OAOF01000001.1_57
JACERV010000025.1_7	QKDG01000042.1_8
JACERV010000025.1_7	JAEWMQ010000078.1_12
JACERV010000025.1_7	JAEYNQ010000184.1_25
JACERV010000025.1_7	JAEZJJ010000034.1_12
JACERV010000025.1_7	JAQVIB010000001.1_6
JACERV010000025.1_7	CAMJWQ010000008.1_23
JACERV010000025.1_7	NC_015275.1_445
JACERV010000025.1_7	NZ_FRCP01000009.1_180
JACERV010000025.1_7	NZ_FYDE01000004.1_709
JACERV010000025.1_7	JAEYFP010000045.1_205
JACERV010000025.1_7	CAJMPJ010000011.1_91
JACERV010000025.1_7	NZ_MCIA01000016.1_20
JACERV010000025.1_7	NZ_RJLQ01000001.1_5
JACERV010000025.1_7	NZ_FRFD01000010.1_269
JACERV010000025.1_7	JAEXGM010000033.1_27
JAJXWP010000021.1_16	JAJXWP010000021.1_16
JAJXWP010000021.1_16	JAJYTF010000020.1_70
JAJXWP010000021.1_16	JAJZGK010000148.1_5
JAJXWP010000021.1_16	CALABS010000009.1_40
JAJXWP010000021.1_16	JANQIP010000172.1_13
JAJXWP010000021.1_16	NZ_JHZK01000003.1_93
JAJXWP010000021.1_16	CAIXKV010000105.1_10
JAJXWP010000021.1_16	NZ_RWGU01000040.1_19
JAJXWP010000021.1_16	NZ_CP015039.1_2215
JAJXWP010000021.1_16	NZ_FSRS01000001.1_101
JAJXWP010000021.1_16	NZ_SLXL01000005.1_129
JAJXVO010000114.1_10	JAJXVO010000114.1_10
JAJXUE010000011.1_36	JAJXUE010000011.1_36
JAJXUE010000011.1_36	NZ_CP019698.1_1964
JAJYPS010000077.1_4	JAJYPS010000077.1_4
JAJZBP010000054.1_5	JAJZBP010000054.1_5
JAJZBN010000021.1_22	JAJZBN010000021.1_22
JAJZBN010000021.1_22	QIJE01000001.1_91
JAJZBN010000021.1_22	SGBD01000001.1_814
JAJZBN010000021.1_22	SHMQ01000037.1_17
JAJZBN010000021.1_22	JAKASO010000002.1_46
JAJZBN010000021.1_22	DAHVNW010000014.1_20
JAJZIM010000031.1_15	JAJZIM010000031.1_15
JAKAFS010000036.1_11	JAKAFS010000036.1_11
JAKARS010000017.1_1	JAKARS010000017.1_1
JAKARS010000017.1_1	DGKK01000015.1_34
JAKARS010000017.1_1	JAJYYA010000020.1_4
JAKARS010000017.1_1	JAJYYA010000068.1_12
JAKARS010000017.1_1	JAKAYF010000064.1_5
JAKARS010000017.1_1	JAKADN010000070.1_6
JAKARS010000017.1_1	JAKBXW010000041.1_12
JAKARS010000017.1_1	JAKBXW010000122.1_3
JAKARS010000017.1_1	JAMCWM010000012.1_46
JAKARS010000017.1_1	DAHWBS010000004.1_36
JAKARS010000017.1_1	DAIBTC010000044.1_5
JAKARS010000017.1_1	DAIBSV010000064.1_4
JAKARS010000017.1_1	NC_017094.1_2368
JAKARS010000017.1_1	JAJFTF010000032.1_18
JAKARS010000017.1_1	JAJYUW010000130.1_3
JAKARS010000017.1_1	JAJYXP010000044.1_28
JAKARS010000017.1_1	JAHFRP010000001.1_252
JAKARS010000017.1_1	JAKARO010000010.1_50
JAKARS010000017.1_1	JAJXTT010000002.1_6
JAKARS010000017.1_1	DAHXMJ010000013.1_39
JAKARS010000017.1_1	JAKOWL010000187.1_39
JAKARS010000017.1_1	WBTZ01000190.1_1
JAPUES010000132.1_11	JAPUES010000132.1_11
JAPUES010000132.1_11	LOEZ01000019.1_90
JAPUES010000132.1_11	PMDE01000028.1_23
JAPUES010000132.1_11	JANXYM010000106.1_18
JAPUES010000132.1_11	JAURZP010000061.1_17
JAPUES010000132.1_11	NZ_CAJE01000024.1_39
JAPUES010000132.1_11	NZ_UPPP01000074.1_60
JAPUES010000132.1_11	SKKY01000061.1_8
JAPUES010000132.1_11	JAGGAD010000016.1_58
JAPUES010000132.1_11	JAGGAC010000012.1_22
JAPUES010000132.1_11	JAEZVB010000091.1_23
JAPUES010000132.1_11	JARKNV010000012.1_39
JAPUES010000132.1_11	NZ_LSLK01000061.1_20
JAPUES010000132.1_11	JALOBP010000043.1_12
JAPUES010000132.1_11	JAEWXF010000023.1_28
JAPUES010000132.1_11	NZ_JAPTGB010000021.1_28
JAPUES010000132.1_11	NZ_JAUSPQ010000004.1_145
JAPUES010000132.1_11	JAJUGR010000018.1_34
JAPUES010000132.1_11	JARLHX010000277.1_61
JAPUES010000132.1_11	JAGGAE010000064.1_7
JAPUES010000132.1_11	CAMJML010000010.1_77
JAPUES010000132.1_11	JAUAOA010000004.1_126
JAPUES010000132.1_11	NC_009464.1_1403
JAPUES010000132.1_11	DAYL01000034.1_80
JAPUES010000132.1_11	DJJR01000052.1_79
JAPUES010000132.1_11	DJJR01000061.1_9
JAPUES010000132.1_11	PGYM01000001.1_510
JAPUES010000132.1_11	SAAJ01000047.1_19
JAPUES010000132.1_11	JAFGKW010000034.1_10
JAPUES010000132.1_11	JAGFZV010000013.1_61
JAPUES010000132.1_11	JAGFZX010000051.1_14
JAPUES010000132.1_11	JAHDOI010000017.1_3
JAPUES010000132.1_11	JAEZJM010000014.1_59
JAPUES010000132.1_11	JAEZQV010000197.1_7
JAPUES010000132.1_11	JAEZQV010000473.1_5
JAPUES010000132.1_11	JARBUM010000009.1_42
JAPUES010000132.1_11	JASKKI010000005.1_60
JAPUES010000132.1_11	JASGMW010000001.1_41
JAPUES010000132.1_11	JARLHY010000023.1_79
JAPUES010000132.1_11	UQPB01000008.1_24
JAPUES010000132.1_11	URQW01000020.1_13
JAPUES010000132.1_11	CAMKSY010000014.1_3
JAPUES010000132.1_11	NC_011832.1_564
JAPUES010000132.1_11	NC_014507.1_263
JAPUES010000132.1_11	NC_017034.1_141
JAPUES010000132.1_11	NZ_AKVN02000001.1_4471
JAPUES010000132.1_11	NZ_CM001555.1_533
JAPUES010000132.1_11	NZ_KB894582.1_18
JAPUES010000132.1_11	NZ_ASXP01000002.1_39
JAPUES010000132.1_11	NZ_KN360939.1_51
JAPUES010000132.1_11	NZ_LSGP01000001.1_112
JAPUES010000132.1_11	NZ_DASQ01000002.1_34
JAPUES010000132.1_11	NZ_LHQS01000002.1_293
JAPUES010000132.1_11	NZ_VLKC01000002.1_1171
JAPUES010000132.1_11	NZ_JAGGMM010000001.1_494
JAPUES010000132.1_11	NZ_JAHDQM010000027.1_25
JAPUES010000132.1_11	NZ_JAHGVE010000013.1_66
JAPUES010000132.1_11	NZ_JAJHJB010000026.1_37
JAPUES010000132.1_11	NZ_CP113361.1_1042
JAPUES010000132.1_11	NZ_CP091277.1_1733
JAPUES010000132.1_11	NZ_BSVC01000003.1_29
JAPUES010000132.1_11	NZ_FNAM01000002.1_37
JAPUES010000132.1_11	NZ_FNHB01000005.1_232
JAPUES010000132.1_11	NZ_FOTS01000001.1_71
JAPUES010000132.1_11	NZ_FOTS01000010.1_105
JAPUES010000132.1_11	NZ_FWXI01000023.1_75
JAPUES010000132.1_11	NZ_LSLJ01000002.1_18
JAPUES010000132.1_11	JAGGAB010000004.1_96
JAPUES010000132.1_11	JAQSXM010000146.1_7
JAPUES010000132.1_11	NZ_DAQC01000001.1_533
JAPUES010000132.1_11	JAQWDG010000020.1_16
JAPUES010000132.1_11	NC_009712.1_1172
JAPUES010000132.1_11	NZ_QGMY01000002.1_550
JAPUES010000132.1_11	JAEWGR010000010.1_23
JAPUES010000132.1_11	NZ_JAJRBM010000074.1_3
JAPUES010000132.1_11	NZ_FQZD01000024.1_17
JAPUES010000132.1_11	NZ_FODY01000019.1_4
JANQJV010000411.1_7	JANQJV010000411.1_7
JANQIY010000092.1_63	JANQIY010000092.1_63
JANQQN010000557.1_17	JANQQN010000557.1_17
JANQPP010000127.1_79	JANQPP010000127.1_79
JANQPP010000127.1_79	WYCW01000003.1_53
JANQPP010000127.1_79	JAADJE010000012.1_3
JANQPP010000127.1_79	BDTD01000018.1_18
JANQPP010000127.1_79	JADGBT010000007.1_6
JANQPP010000127.1_79	PDZX01000045.1_12
JANQPP010000127.1_79	PEAP01000018.1_11
JANQPP010000127.1_79	WBUJ01000008.1_12
JANQPP010000127.1_79	JADGBU010000001.1_63
JANQPP010000127.1_79	JADGAZ010000008.1_86
JANQPP010000127.1_79	JADGAR010000021.1_35
JANQPP010000127.1_79	JADGAQ010000149.1_5
JANQPP010000127.1_79	JADFYY010000116.1_8
JANQPP010000127.1_79	JADFXB010000014.1_34
JANQPP010000127.1_79	JAOAEZ010000009.1_16
JANQPP010000127.1_79	JARSSH010000045.1_16
JANQPP010000127.1_79	JAIXHJ010000001.1_170
JANQPP010000127.1_79	NZ_SPMZ01000036.1_70
JANQPP010000127.1_79	JADFZS010000089.1_8
JANQPP010000127.1_79	JADJQQ010000018.1_70
JANQPP010000127.1_79	DGFE01000100.1_9
JANQPP010000127.1_79	RXIV01000001.1_426
JANQPP010000127.1_79	REEE01000267.1_18
JANQPP010000127.1_79	JAAUTD010000083.1_4
JANQPP010000127.1_79	CP065007.1_1581
JANQPP010000127.1_79	JAEUPW010000145.1_23
JANQPP010000127.1_79	JAGRHI010000035.1_3
JANQPP010000127.1_79	JADLEK010000017.1_115
JANQPP010000127.1_79	JAJHPN010000371.1_22
JANQPP010000127.1_79	JAKLIY010000025.1_33
JANQPP010000127.1_79	JAPUDV010000067.1_3
JANQPP010000127.1_79	JAUPTV010000173.1_11
JANQPP010000127.1_79	NZ_CBTK010000250.1_35
JANQPP010000127.1_79	JAGTVB010000061.1_10
JANQPP010000127.1_79	OU461276.1_2720
JANQPP010000127.1_79	NZ_MU255056.1_499
JANQPP010000127.1_79	NZ_JAHZSS010000011.1_98
JANQPP010000127.1_79	CADDZF010000053.1_13
JANQPP010000127.1_79	JASBTJ010000039.1_99
JANQPP010000127.1_79	NZ_JH651384.1_4051
JAQQAM010000057.1_22	JAQQAM010000057.1_22
JAQQAM010000057.1_22	DHQL01000018.1_134
JAQQAM010000057.1_22	QKAW01000031.1_15
JAQQAM010000057.1_22	JAEINM010000009.1_28
JAQQAM010000057.1_22	JAFGWI010000240.1_13
JAQQAM010000057.1_22	JAQIBV010000054.1_106
JAQQAM010000057.1_22	NZ_AUFW01000017.1_143
JAQQAM010000057.1_22	JANQGG010000018.1_2
JAQQAM010000057.1_22	QKEH01000151.1_5
JAQQAM010000057.1_22	JAKSDC010000019.1_5
JAQQAM010000057.1_22	JANQHB010000053.1_73
JAQQAM010000057.1_22	JANQMO010000005.1_10
JAQQAM010000057.1_22	JANQKB010000046.1_48
JAQQAM010000057.1_22	NC_011026.1_1064
JAQQAM010000057.1_22	NZ_PDNZ01000007.1_87
JAQQAM010000057.1_22	NZ_JADMLA020000022.1_101
JAQQAM010000057.1_22	NZ_FMXO01000011.1_72
JAQQAM010000057.1_22	JAFGJZ010000012.1_34
JAQQAM010000057.1_22	JAAAOM010000072.1_2
JAQQAM010000057.1_22	QKCC01000018.1_7
JAQQAM010000057.1_22	QKAI01000063.1_4
JAQQAM010000057.1_22	JAAUQL010000095.1_12
JAQQAM010000057.1_22	CP065006.1_2993
JAQQAM010000057.1_22	JADKDL010000007.1_65
JAQQAM010000057.1_22	JAFGDW010000180.1_32
JAQQAM010000057.1_22	JAFGQN010000244.1_65
JAQQAM010000057.1_22	JAFGXQ010000066.1_11
JAQQAM010000057.1_22	JAFGWT010000002.1_1
JAQQAM010000057.1_22	JAEWLI010000011.1_12
JAQQAM010000057.1_22	JAEYGI010000040.1_410
JAQQAM010000057.1_22	NZ_AULZ01000001.1_399
JAQQAM010000057.1_22	NZ_QMIE01000010.1_13
JAQQAM010000057.1_22	NZ_FZNT01000008.1_161
JAQQAM010000057.1_22	NZ_CP035807.1_1552
JAJRCP010000079.1_1	JAJRCP010000079.1_1
JAJRBZ010000082.1_21	JAJRBZ010000082.1_21
JAJRBZ010000082.1_21	DAEV01000038.1_13
JAJRBZ010000082.1_21	JAGPMN010000029.1_3
JAJRBZ010000082.1_21	JAPKXY010000040.1_19
JAJRBZ010000082.1_21	NZ_DAVG01000034.1_17
JAJRBZ010000082.1_21	NZ_PMZU01000035.1_25
JAJRBK010000063.1_4	JAJRBK010000063.1_4
JAQUWM010000014.1_27	JAQUWM010000014.1_27
JARLGU010000019.1_73	JARLGU010000019.1_73
JARLGP010000117.1_15	JARLGP010000117.1_15
JARLFY010000068.1_11	JARLFY010000068.1_11
JAVDPD010000002.1_18	JAVDPD010000002.1_18
JAVDPD010000002.1_18	LFCU01000132.1_6
JAVDPD010000002.1_18	LVBW01000006.1_5
JAVDPD010000002.1_18	QAYY01000016.1_21
JAVDPD010000002.1_18	WOUP01000008.1_46
JAVDPD010000002.1_18	JADKHC010000021.1_23
JAVDPD010000002.1_18	JAEUHG010000004.1_19
JAVDPD010000002.1_18	JAGVUB010000109.1_5
JAVDPD010000002.1_18	JAEXPQ010000230.1_1
JAVDPD010000002.1_18	JAEWNN010000135.1_21
JAVDPD010000002.1_18	JACKPW010000028.1_48
JAVDPD010000002.1_18	JACKPV010000023.1_317
JAVDPD010000002.1_18	JAOAAX010000058.1_4
JAVDPD010000002.1_18	JAUIHT010000003.1_184
JAVDPD010000002.1_18	JAUTCS010000115.1_12
JAVDPD010000002.1_18	JAUTCQ010000012.1_26
JAVDPD010000002.1_18	JAVDPC010000013.1_85
JAVDPD010000002.1_18	CALFVM010000302.1_8
JAVDPD010000002.1_18	NC_014008.1_2849
JAVDPD010000002.1_18	NZ_JACHVA010000022.1_31
JAVDPD010000002.1_18	NZ_JACHVB010000012.1_111
JAVDPD010000002.1_18	NZ_CP080649.1_2723
JAVDPD010000002.1_18	NZ_JAPZEI010000003.1_172
JAVDPD010000002.1_18	NZ_JARXHW010000028.1_36
JAVDPD010000002.1_18	NZ_JARXHY010000007.1_89
JAVDPD010000002.1_18	NZ_JARXIC010000005.1_159
JAVDPD010000002.1_18	NZ_CACVBO010000001.1_215
JAVDPD010000002.1_18	DS990592.1_4258
JAVDPD010000002.1_18	CAIQXC010000936.1_5
JAVDPD010000002.1_18	NZ_JACHVC010000008.1_89
JAVDPD010000002.1_18	NEUU01000012.1_19
JAVDPD010000002.1_18	CP007053.1_198
JAVDPD010000002.1_18	KV441839.1_729
JAVDPD010000002.1_18	JAFIGT010000017.1_81
JAVDPD010000002.1_18	NZ_ABEA03000004.1_51
JAVDPD010000002.1_18	NZ_JAIEZO010000002.1_33
JAVDPD010000002.1_18	JADJTK010000052.1_194
JAVDPD010000002.1_18	MWDT01000019.1_3
JAVDPD010000002.1_18	JACRHS010000005.1_143
JAVDPD010000002.1_18	JAEYWP010000016.1_289
JAVDPD010000002.1_18	JAEZUE010000035.1_25
JAVDPD010000002.1_18	CAJCBL010000106.1_14
JAVDPD010000002.1_18	JAHFTC010000043.1_6
JAVDPD010000002.1_18	JAQVLM010000042.1_4
JAVDPD010000002.1_18	JAIRPN010000010.1_28
JAVDPD010000002.1_18	JAITPT010000143.1_18
JAVDPD010000002.1_18	CAISZB010000095.1_12
LT599017.1_836	LT599017.1_836
LT599017.1_836	JAJPYE010000038.1_47
LT599017.1_836	JAJQFY010000159.1_18
LT599017.1_836	JAEZFK010000024.1_30
FMTN01000009.1_120	FMTN01000009.1_120
FMTN01000009.1_120	JAIKZQ010000021.1_51
FMTN01000009.1_120	SVFV01000012.1_13
FMTN01000009.1_120	JAFWSY010000008.1_8
FMTN01000009.1_120	JAILGE010000006.1_23
FMTN01000009.1_120	FMVK01000010.1_15
FMTN01000009.1_120	CACWJQ010000026.1_5
FMTN01000009.1_120	CAMNAQ010000012.1_10
FMTN01000009.1_120	JAISOV010000035.1_20
FMTN01000009.1_120	CALDIB010000012.1_14
FMTN01000009.1_120	CADBBB010000030.1_19
FMTN01000009.1_120	LM995447.1_827
FMTN01000009.1_120	JAEYPZ010000069.1_3
FMTN01000009.1_120	JAEZHM010000142.1_10
FMTN01000009.1_120	JAFADH010000362.1_30
FMTN01000009.1_120	JAISCI010000096.1_9
FMTN01000009.1_120	NZ_FRAC01000008.1_111
FMTN01000009.1_120	CAMNGC010000031.1_1
FMTN01000009.1_120	JAILDL010000137.1_5
FMTN01000009.1_120	OMQY01000199.1_9
FNUU01000004.1_121	FNUU01000004.1_121
FNUU01000004.1_121	CAMNMC010000112.1_40
FXYJ02000005.1_70	FXYJ02000005.1_70
FXYJ02000005.1_70	JAEWRF010000136.1_4
OMVJ01000012.1_54	OMVJ01000012.1_54
OMYO01000017.1_30	OMYO01000017.1_30
UQRJ01000161.1_1	UQRJ01000161.1_1
URPR01000011.1_8	URPR01000011.1_8
CAAAFO010000111.1_43	CAAAFO010000111.1_43
CAAAFO010000111.1_43	CAKJTL010000122.1_13
CAAAFO010000111.1_43	CAKKTM010000311.1_4
CAAAFO010000111.1_43	NZ_JWIO01000004.1_126
CAAAFO010000111.1_43	NZ_CAKKTK010000097.1_8
CAAAFO010000111.1_43	NZ_FAOZ01000004.1_313
CAAAFO010000111.1_43	NC_007777.1_4721
CAAAFO010000111.1_43	NC_008278.1_6022
CAAAFO010000111.1_43	NZ_ADGX01000041.1_51
CAAAFO010000111.1_43	NZ_CM001489.1_4808
CAAAFO010000111.1_43	NZ_KB891181.1_18
CAAAFO010000111.1_43	NZ_KB893720.1_65
CAAAFO010000111.1_43	NZ_JYFN01000021.1_16
CAAAFO010000111.1_43	NZ_LRTK01000011.1_59
CAAAFO010000111.1_43	NZ_MBLM01000120.1_34
CAAAFO010000111.1_43	NZ_MAXA01000279.1_44
CAAAFO010000111.1_43	NZ_JALKFT010000003.1_60
CAAAFO010000111.1_43	NZ_JALKFU020000019.1_6
CAAAFO010000111.1_43	NZ_JALKFX010000002.1_78
CAAAFO010000111.1_43	NZ_JALKFZ020000137.1_3
CAAAFO010000111.1_43	NZ_JAMQQG010000281.1_44
CAAAFO010000111.1_43	NZ_JAMQQF010000131.1_5
CAAAFO010000111.1_43	NZ_JAMPTM010000176.1_5
CAAAFO010000111.1_43	NZ_JANEZT010000250.1_5
CAAAFO010000111.1_43	NZ_FZMO01000203.1_4
CAAAFO010000111.1_43	NZ_CADCWT010000060.1_2
NZ_APMH01000045.1_12	NZ_APMH01000045.1_12
NZ_APMH01000045.1_12	NZ_PVXP01000044.1_1
NZ_APMH01000045.1_12	NZ_PVXP01000083.1_10
NZ_APMH01000045.1_12	NZ_JACGAG010000012.1_17
NZ_APMH01000045.1_12	NZ_JAGGLM010000003.1_32
NZ_APMH01000045.1_12	NZ_JAHHUY010000019.1_5
NZ_APMH01000045.1_12	NZ_JAJJPB010000006.1_16
NZ_APMH01000045.1_12	NZ_JAKVOI010000001.1_2958
NZ_APMH01000045.1_12	NC_009706.1_3067
NZ_APMH01000045.1_12	NZ_CP018335.1_3425
NZ_APMH01000045.1_12	NZ_JAHHUY010000010.1_68
NZ_APMH01000045.1_12	NZ_CP096980.1_4232
NZ_APMH01000045.1_12	NC_003030.1_260
NZ_APMH01000045.1_12	NC_014328.1_462
NZ_APMH01000045.1_12	NZ_LITT01000023.1_282
NZ_APMH01000045.1_12	NZ_LROS01000077.1_65
NZ_APMH01000045.1_12	NZ_MCGV01000001.1_1740
NZ_APMH01000045.1_12	NZ_CP029758.2_387
NZ_APMH01000045.1_12	NZ_JAJNKE010000065.1_1
NZ_APMH01000045.1_12	NZ_JAEACT010000003.1_95
NZ_KB893046.1_39	NZ_KB893046.1_39
NZ_AUIX01000009.1_99	NZ_AUIX01000009.1_99
NZ_AUIX01000009.1_99	JAGBMP010000013.1_8
NZ_AUIX01000009.1_99	NZ_ATVT01000005.1_26
NZ_KE386494.1_453	NZ_KE386494.1_453
NZ_PPTR01000007.1_162	NZ_PPTR01000007.1_162
NZ_PPTR01000007.1_162	DIDE01000065.1_21
NZ_PPTR01000007.1_162	JAEWQO010000125.1_63
NZ_PPTR01000007.1_162	JAEZDJ010000054.1_4
NZ_PPTR01000007.1_162	JAIRPR010000106.1_7
NZ_PPTR01000007.1_162	JAISUQ010000173.1_10
NZ_PPTR01000007.1_162	JAISLY010000007.1_16
NZ_PPTR01000007.1_162	JAITNB010000026.1_1
NZ_PPTR01000007.1_162	JAITDU010000007.1_9
NZ_PPTR01000007.1_162	JAITTM010000102.1_6
NZ_MCIA01000006.1_190	NZ_MCIA01000006.1_190
NZ_MCIA01000006.1_190	WASS01000020.1_841
NZ_MCIA01000006.1_190	NZ_LT732526.1_454
NZ_MCIA01000006.1_190	JAEZGY010000094.1_41
NZ_MCIA01000006.1_190	CAMVRW010000025.1_10
NZ_MCIA01000006.1_190	JAEEIN010000005.1_13
NZ_MCIA01000006.1_190	NZ_ATVX01000002.1_131
NZ_MCIA01000006.1_190	NZ_AUJI01000034.1_10
NZ_MCIA01000006.1_190	NZ_JHWL01000004.1_182
NZ_MCIA01000006.1_190	NZ_JAFRGN010000043.1_78
NZ_MCIA01000006.1_190	NZ_FMYB01000018.1_76
NZ_BEXT01000001.1_2734	NZ_BEXT01000001.1_2734
NZ_BEXT01000001.1_2734	NZ_AP021879.1_5395
NZ_RQPI01000001.1_951	NZ_RQPI01000001.1_951
NZ_RQPI01000001.1_951	NZ_VWRQ01000004.1_264
NZ_RQPI01000001.1_951	NZ_JACBYI010000002.1_73
NZ_RQPI01000001.1_951	NZ_JAHCMB010000191.1_78
NZ_AP018449.1_452	NZ_AP018449.1_452
NZ_AP018449.1_452	NZ_UPPP01000127.1_89
NZ_JACRGA010000027.1_68	NZ_JACRGA010000027.1_68
NZ_NHSN01000005.1_21	NZ_NHSN01000005.1_21
NZ_NHSN01000005.1_21	NC_008789.1_281
NZ_NHSN01000005.1_21	NZ_NRSH01000046.1_9
NZ_NHSN01000005.1_21	NZ_NRRN01000024.1_16
NZ_NHSN01000005.1_21	NZ_AP017372.2_1211
NZ_FYDG01000041.1_5	NZ_FYDG01000041.1_5
NZ_CAADHO010000014.1_7	NZ_CAADHO010000014.1_7
NZ_CAADHO010000014.1_7	JABXKT010000061.1_28
NZ_CAADHO010000014.1_7	NZ_AP024488.1_1563
NZ_CAADHO010000014.1_7	NZ_FMUX01000042.1_7
NZ_CAADHO010000014.1_7	JAAELO010000714.1_34
NZ_CAADHO010000014.1_7	NZ_AUEY01000015.1_19
DAWO01000104.1_31	DAWO01000104.1_31
DAWO01000104.1_31	DASP01000009.1_52
PEAK01000081.1_7	PEAK01000081.1_7
PEAK01000081.1_7	NZXG01000008.1_75
PEAK01000081.1_7	PEAO01000169.1_1
PEAK01000081.1_7	BDTW01000015.1_65
PEAK01000081.1_7	JABFRC010000182.1_3
PEAK01000081.1_7	JAAXVP010000115.1_3
PEAK01000081.1_7	JADGCQ010000067.1_2
PEAK01000081.1_7	JADFZF010000036.1_6
PEAK01000081.1_7	JADFYU010000008.1_12
PEAK01000081.1_7	DYIY01000011.1_36
PEAK01000081.1_7	JANQHX010000081.1_14
PEAK01000081.1_7	JAQTQZ010000012.1_14
PEAK01000081.1_7	JAQTLU010000009.1_111
PEAK01000081.1_7	JAQUOU010000002.1_128
PEAK01000081.1_7	JAUWAC010000003.1_182
PEAK01000081.1_7	JAURYI010000087.1_9
PEAK01000081.1_7	JAUYBL010000001.1_2
PEAK01000081.1_7	JAUYBJ010000204.1_37
PEAK01000081.1_7	FXAI01000004.1_123
PEAK01000081.1_7	CAJAQT010000063.1_1
PEAK01000081.1_7	CAMYII010000085.1_53
PEAK01000081.1_7	NC_008576.1_1246
PEAK01000081.1_7	NZ_KB913025.1_1520
PEAK01000081.1_7	NZ_KE386569.1_2081
PEAK01000081.1_7	NZ_LVJN01000019.1_95
PEAK01000081.1_7	NZ_NKQJ01000002.1_146
PEAK01000081.1_7	NZ_PGFZ01000025.1_13
PEAK01000081.1_7	NZ_JADMKV010000102.1_3
PEAK01000081.1_7	NZ_NRRS01000032.1_19
PEAK01000081.1_7	NZ_NRSM01000036.1_1
PEAK01000081.1_7	NZ_JAJMLZ010000011.1_70
PEAK01000081.1_7	NZ_JAJNQM010000028.1_17
PEAK01000081.1_7	NZ_JAPNOA010000028.1_12
PEAK01000081.1_7	NZ_CP091424.1_953
PEAK01000081.1_7	NZ_JAQTZU010000012.1_102
PEAK01000081.1_7	NZ_FOFO01000003.1_57
PEAK01000081.1_7	CAJXTI010000004.1_40
PEAK01000081.1_7	CAJXUY010000002.1_354
PEAK01000081.1_7	NZ_JQSG02000001.1_294
PEAK01000081.1_7	NZ_CP017448.1_863
PEAK01000081.1_7	NZ_CP060084.1_2016
PEAK01000081.1_7	NZ_FOUO01000009.1_19
PEAK01000081.1_7	NZ_NRSD01000001.1_92
PEAK01000081.1_7	SPJM01000249.1_24
PEAK01000081.1_7	NZ_SJZB01000053.1_50
PEAK01000081.1_7	QYQN01000104.1_3
PEAK01000081.1_7	CAIYRS010000050.1_50
PEAK01000081.1_7	CAMAUL010000003.1_12
PEAK01000081.1_7	JAGXGJ010000082.1_17
PEAK01000081.1_7	QVQE01000170.1_12
PEAK01000081.1_7	JAIFMS010000164.1_3
PEAK01000081.1_7	JAPLRU010000085.1_23
PEAK01000081.1_7	JAQTMV010000158.1_7
PEAK01000081.1_7	JAURZI010000159.1_22
PEAK01000081.1_7	CAIMEB010000138.1_10
PEAK01000081.1_7	CAIPPE010000256.1_51
PEAK01000081.1_7	CAJAVP010000005.1_31
PEAK01000081.1_7	NZ_CADCXN010000045.1_30
PEAK01000081.1_7	JALOTB010000014.1_54
PKTU01000030.1_7	PKTU01000030.1_7
PKTU01000030.1_7	PKTT01000037.1_25
PKTU01000030.1_7	SRXB01000010.1_4
PKTU01000030.1_7	SCTA01000001.1_12
PKTU01000030.1_7	NZ_JAFN01000001.1_2219
PKTU01000030.1_7	JALUTY010000077.1_26
BDTI01000123.1_4	BDTI01000123.1_4
PLGI01000198.1_18	PLGI01000198.1_18
PLGI01000198.1_18	JQDQ01000073.1_12
PLMF01000033.1_9	PLMF01000033.1_9
PLXX01000039.1_27	PLXX01000039.1_27
PLXX01000039.1_27	MHDZ01000067.1_11
PLXX01000039.1_27	MHEA01000247.1_16
PLXX01000039.1_27	QKDO01000127.1_26
PLXX01000039.1_27	QZIL01000075.1_9
PLXX01000039.1_27	QZKC01000042.1_3
PLXX01000039.1_27	SCQE01000003.1_11
PLXX01000039.1_27	SCQH01000040.1_23
PLXX01000039.1_27	PNOC01000073.1_17
PLXX01000039.1_27	JACQZE010000003.1_429
PLXX01000039.1_27	JACQZF010000039.1_8
PLXX01000039.1_27	JACRMS010000039.1_78
PLXX01000039.1_27	JACRMT010000012.1_57
PLXX01000039.1_27	JACRLN010000006.1_44
PLXX01000039.1_27	JACRLQ010000084.1_23
PLXX01000039.1_27	JACRHC010000049.1_15
PLXX01000039.1_27	JACRPZ010000054.1_13
PLXX01000039.1_27	JACRQA010000165.1_3
PLXX01000039.1_27	JAGVOT010000030.1_19
PLXX01000039.1_27	JAKAIE010000047.1_17
PLXX01000039.1_27	JAOUEV010000009.1_53
PLXX01000039.1_27	CAKKPG010000203.1_25
PLXX01000039.1_27	CAKKRC010000045.1_52
PMJN01000498.1_27	PMJN01000498.1_27
JACOUQ010000015.1_254	JACOUQ010000015.1_254
JACOUB010000010.1_11	JACOUB010000010.1_11
JACPEP010000042.1_135	JACPEP010000042.1_135
JACPEP010000042.1_136	JACPEP010000042.1_136
JACQON010000018.1_39	JACQON010000018.1_39
JACQZB010000109.1_3	JACQZB010000109.1_3
JACQYS010000027.1_36	JACQYS010000027.1_36
JACQYS010000027.1_36	NZ_KE386885.1_360
JACQYS010000027.1_36	NZ_BLTE01000002.1_222
JACQYS010000027.1_36	NZ_JAKZKW010000022.1_33
JACQYS010000027.1_36	NZ_JAKZKX010000019.1_27
JACQYS010000027.1_36	NZ_JAKZFS010000001.1_134
JACQWU010000204.1_3	JACQWU010000204.1_3
JACQWU010000204.1_3	JAADIA010000013.1_4
JACQTX010000099.1_3	JACQTX010000099.1_3
JACRHL010000011.1_59	JACRHL010000011.1_59
JACRDE010000486.1_5	JACRDE010000486.1_5
JACRDE010000486.1_5	PLTF01000063.1_40
JACRDE010000486.1_5	PLSV01000141.1_133
JACRDE010000486.1_5	DBMI01000028.1_135
JACRDE010000486.1_5	JAJYDE010000020.1_45
JACRDE010000486.1_5	JAJYTC010000041.1_1
JACRDE010000486.1_5	JAEZHY010000164.1_16
JACRDE010000486.1_5	JARLHP010000026.1_28
JACRDE010000486.1_5	NC_008554.1_1041
JACRDE010000486.1_5	JAEZKP010000087.1_39
JACRDE010000486.1_5	CAJBEZ010000070.1_9
JACQZP010000019.1_145	JACQZP010000019.1_145
JACRDM010000046.1_13	JACRDM010000046.1_13
JACRDC010000009.1_39	JACRDC010000009.1_39
JACRDC010000009.1_39	JACQYR010000035.1_10
JACRLM010000031.1_15	JACRLM010000031.1_15
JACRLM010000031.1_15	JACQXA010000004.1_788
NRRR01000002.1_121	NRRR01000002.1_121
NRRR01000002.1_121	LUYR01000161.1_3
NRRR01000002.1_121	LVKA01000021.1_2
NRRR01000002.1_121	MGZB01000002.1_147
NRRR01000002.1_121	MNWR01000108.1_9
NRRR01000002.1_121	CP019936.1_1462
NRRR01000002.1_121	MSXO01000027.1_1
NRRR01000002.1_121	NQJI01000041.1_2
NRRR01000002.1_121	NCGJ01000007.1_66
NRRR01000002.1_121	DBNK01000010.1_5
NRRR01000002.1_121	DDRS01000008.1_81
NRRR01000002.1_121	DEIQ01000101.1_3
NRRR01000002.1_121	DHHQ01000008.1_148
NRRR01000002.1_121	DIUY01000011.1_169
NRRR01000002.1_121	PAJK01000083.1_62
NRRR01000002.1_121	PEWE01000002.1_185
NRRR01000002.1_121	PFXI01000096.1_2
NRRR01000002.1_121	PHSP01000001.1_59
NRRR01000002.1_121	QBVC01000041.1_31
NRRR01000002.1_121	QBVD01000032.1_20
NRRR01000002.1_121	NATV01000056.1_13
NRRR01000002.1_121	NATW01000155.1_16
NRRR01000002.1_121	QJPH01000359.1_31
NRRR01000002.1_121	PWTO01000197.1_14
NRRR01000002.1_121	QVQD01000094.1_17
NRRR01000002.1_121	NAUB01000026.1_145
NRRR01000002.1_121	CP024202.1_3443
NRRR01000002.1_121	SCQD01000219.1_11
NRRR01000002.1_121	SCPZ01000036.1_15
NRRR01000002.1_121	SKYD01000028.1_3
NRRR01000002.1_121	SLIO01000217.1_5
NRRR01000002.1_121	REDK01000175.1_12
NRRR01000002.1_121	REEU01000229.1_19
NRRR01000002.1_121	CP032507.1_3093
NRRR01000002.1_121	JAAAOQ010000017.1_20
NRRR01000002.1_121	RFQK01000005.1_5
NRRR01000002.1_121	RZZN01000072.1_7
NRRR01000002.1_121	POWB01000011.1_71
NRRR01000002.1_121	JAABQU010000246.1_8
NRRR01000002.1_121	JABFST010000402.1_19
NRRR01000002.1_121	JABFSH010000001.1_118
NRRR01000002.1_121	JABLXQ010000029.1_25
NRRR01000002.1_121	JABXIG010000005.1_35
NRRR01000002.1_121	JABXIC010000192.1_32
NRRR01000002.1_121	JACDZG010000096.1_14
NRRR01000002.1_121	CP059265.1_2629
NRRR01000002.1_121	JADGBN010000039.1_23
NRRR01000002.1_121	JADGBG010000006.1_18
NRRR01000002.1_121	JADFYS010000075.1_3
NRRR01000002.1_121	WGNC01000010.1_185
NRRR01000002.1_121	JACRNB010000007.1_242
NRRR01000002.1_121	JAEHNX010000052.1_19
NRRR01000002.1_121	JADKCI010000001.1_1066
NRRR01000002.1_121	JADKAL010000003.1_60
NRRR01000002.1_121	JADGEH010000034.1_22
NRRR01000002.1_121	JADGDG010000005.1_124
NRRR01000002.1_121	JADGDF010000152.1_10
NRRR01000002.1_121	CP050890.1_1951
NRRR01000002.1_121	JAEPDS010000035.1_41
NRRR01000002.1_121	JAFGWD010000287.1_8
NRRR01000002.1_121	JAFGTZ010000106.1_14
NRRR01000002.1_121	JAFOOX010000004.1_9
NRRR01000002.1_121	JAGXSU010000059.1_2
NRRR01000002.1_121	JAHJJD010000107.1_37
NRRR01000002.1_121	JAHRHW010000315.1_3
NRRR01000002.1_121	JAIBFA010000047.1_52
NRRR01000002.1_121	JAGUXX010000267.1_14
NRRR01000002.1_121	JAGUVW010000026.1_46
NRRR01000002.1_121	JAGRHA010000290.1_18
NRRR01000002.1_121	DYNM01000009.1_11
NRRR01000002.1_121	JADZBU010000087.1_11
NRRR01000002.1_121	JAIPFF010000015.1_36
NRRR01000002.1_121	JAKOGG010000010.1_7
NRRR01000002.1_121	JALNYY010000085.1_11
NRRR01000002.1_121	JACKMT010000004.1_393
NRRR01000002.1_121	JANGEY010000002.1_283
NRRR01000002.1_121	JANLGW010000149.1_22
NRRR01000002.1_121	JANTHJ010000050.1_20
NRRR01000002.1_121	JAHXIO010000006.1_162
NRRR01000002.1_121	JAPLRW010000023.1_3
NRRR01000002.1_121	JAQAZG010000008.1_81
NRRR01000002.1_121	JANQGL010000189.1_2
NRRR01000002.1_121	JANQGF010000248.1_10
NRRR01000002.1_121	JANQFX010000031.1_8
NRRR01000002.1_121	JANQLO010000006.1_32
NRRR01000002.1_121	JAQTYP010000001.1_3
NRRR01000002.1_121	JAQTUW010000027.1_32
NRRR01000002.1_121	JAQTPT010000042.1_25
NRRR01000002.1_121	JAQTLN010000019.1_59
NRRR01000002.1_121	JAQTLI010000101.1_10
NRRR01000002.1_121	JARGFJ010000052.1_6
NRRR01000002.1_121	JARFQK010000197.1_9
NRRR01000002.1_121	JASJCU010000007.1_34
NRRR01000002.1_121	JASBTR010000100.1_46
NRRR01000002.1_121	JASBSR010000041.1_71
NRRR01000002.1_121	JASBSN010000027.1_2
NRRR01000002.1_121	JAUVUZ010000014.1_18
NRRR01000002.1_121	JAURZV010000034.1_19
NRRR01000002.1_121	JAUXXQ010000024.1_52
NRRR01000002.1_121	JAUYCF010000008.1_3
NRRR01000002.1_121	JAUYMY010000052.1_22
NRRR01000002.1_121	CAILJB010000047.1_15
NRRR01000002.1_121	CAILNT010000007.1_11
NRRR01000002.1_121	CAIMDR010000707.1_1
NRRR01000002.1_121	CAINDC010000220.1_14
NRRR01000002.1_121	CAINHO010000027.1_41
NRRR01000002.1_121	CAIOOA010000190.1_15
NRRR01000002.1_121	CAIPQN010000082.1_32
NRRR01000002.1_121	CAIQND010000322.1_1
NRRR01000002.1_121	CAIQNQ010000260.1_8
NRRR01000002.1_121	CAIQWF010000006.1_18
NRRR01000002.1_121	CAIQZX010000182.1_36
NRRR01000002.1_121	CAIRCR010000403.1_9
NRRR01000002.1_121	CAIUWU010000075.1_14
NRRR01000002.1_121	CAIWDB010000049.1_6
NRRR01000002.1_121	CAIXAE010000045.1_122
NRRR01000002.1_121	CAIYOW010000038.1_5
NRRR01000002.1_121	CAIYSZ010000031.1_17
NRRR01000002.1_121	CAIYXP010000271.1_7
NRRR01000002.1_121	CAIZPP010000213.1_6
NRRR01000002.1_121	CAJAWH010000133.1_32
NRRR01000002.1_121	CAJXQR010000014.1_22
NRRR01000002.1_121	CAKZJE010000105.1_1
NRRR01000002.1_121	CALEGN010000194.1_22
NRRR01000002.1_121	CAMDHJ010000062.1_23
NRRR01000002.1_121	CAMDGQ010000028.1_9
NRRR01000002.1_121	CANNKG010000046.1_36
NRRR01000002.1_121	NC_013851.1_1867
NRRR01000002.1_121	NC_015572.1_1471
NRRR01000002.1_121	NZ_AFWV01000003.1_365
NRRR01000002.1_121	NZ_CP007031.1_602
NRRR01000002.1_121	NZ_AFWT01000020.1_73
NRRR01000002.1_121	NC_018012.1_3618
NRRR01000002.1_121	NZ_JH603170.1_746
NRRR01000002.1_121	NZ_KK020677.1_671
NRRR01000002.1_121	NZ_AOBS01000009.1_54
NRRR01000002.1_121	NZ_KB455575.1_3990
NRRR01000002.1_121	NZ_AQOV01000001.1_2168
NRRR01000002.1_121	NZ_KB902496.1_32
NRRR01000002.1_121	NZ_KB912877.1_2890
NRRR01000002.1_121	NZ_KE384413.1_110
NRRR01000002.1_121	NZ_AUAZ01000022.1_29
NRRR01000002.1_121	NZ_KI911557.1_3659
NRRR01000002.1_121	NZ_AONC01000029.1_94
NRRR01000002.1_121	NZ_JMQN01000047.1_23
NRRR01000002.1_121	NZ_JPEO01000004.1_166
NRRR01000002.1_121	NZ_JXXD01000121.1_5
NRRR01000002.1_121	NZ_CP010803.1_3099
NRRR01000002.1_121	NZ_CP011412.1_3318
NRRR01000002.1_121	NZ_JABX01000006.1_45
NRRR01000002.1_121	NZ_LN848257.1_3503
NRRR01000002.1_121	NZ_LUUI01000092.1_17
NRRR01000002.1_121	NZ_LUUG01000063.1_31
NRRR01000002.1_121	NZ_LUUF01000077.1_10
NRRR01000002.1_121	NZ_LGSI01000068.1_483
NRRR01000002.1_121	NZ_LVJW01000003.1_1568
NRRR01000002.1_121	NZ_MARB01000010.1_42
NRRR01000002.1_121	NZ_MPRJ01000024.1_25
NRRR01000002.1_121	NZ_LPUF01000003.1_52
NRRR01000002.1_121	NZ_CP020370.1_1811
NRRR01000002.1_121	NZ_PNRF01000032.1_63
NRRR01000002.1_121	NZ_POUT01000003.1_350
NRRR01000002.1_121	NZ_PTIY01000019.1_18
NRRR01000002.1_121	NZ_NPEV01000041.1_22
NRRR01000002.1_121	NZ_QODK01000005.1_206
NRRR01000002.1_121	NZ_QNUM01000005.1_141
NRRR01000002.1_121	NZ_RBXL01000001.1_519
NRRR01000002.1_121	NZ_RJVQ01000007.1_45
NRRR01000002.1_121	NZ_SCTW01000147.1_12
NRRR01000002.1_121	NZ_QJUO01000007.1_34
NRRR01000002.1_121	NZ_SMFU01000007.1_262
NRRR01000002.1_121	NZ_SMMU01000020.1_46
NRRR01000002.1_121	NZ_SMMU01000027.1_45
NRRR01000002.1_121	NZ_SMAO01000007.1_113
NRRR01000002.1_121	NZ_SMDC01000010.1_102
NRRR01000002.1_121	NZ_SRLE01000004.1_32
NRRR01000002.1_121	NZ_SSTC01000022.1_5
NRRR01000002.1_121	NZ_VLKG01000001.1_334
NRRR01000002.1_121	NZ_CP043929.1_920
NRRR01000002.1_121	NZ_WNKT01000026.1_11
NRRR01000002.1_121	NZ_WUTY02000001.1_4132
NRRR01000002.1_121	NZ_WVVW01000001.1_784
NRRR01000002.1_121	NZ_JAAIJQ010000044.1_11
NRRR01000002.1_121	NZ_JAAIJR010000020.1_7
NRRR01000002.1_121	NZ_CP049332.1_438
NRRR01000002.1_121	NZ_JAAXKX010000021.1_40
NRRR01000002.1_121	NZ_JABEQC010000001.1_389
NRRR01000002.1_121	NZ_RCST01000001.1_4548
NRRR01000002.1_121	NZ_JAAOJA010000007.1_15
NRRR01000002.1_121	NZ_JABZEO010000004.1_152
NRRR01000002.1_121	NZ_JABVCQ010000013.1_80
NRRR01000002.1_121	NZ_JACXSS010000001.1_3849
NRRR01000002.1_121	NZ_JACXST010000001.1_1551
NRRR01000002.1_121	NZ_JADDIX010000091.1_92
NRRR01000002.1_121	NZ_CP064653.1_1558
NRRR01000002.1_121	NZ_NRRF01000002.1_7
NRRR01000002.1_121	NZ_NRRG01000012.1_66
NRRR01000002.1_121	NZ_NRRQ01000004.1_101
NRRR01000002.1_121	NZ_NRRV01000001.1_65
NRRR01000002.1_121	NZ_NRRY01000026.1_51
NRRR01000002.1_121	NZ_NHSF01000063.1_40
NRRR01000002.1_121	NZ_NHSH01000057.1_65
NRRR01000002.1_121	NZ_NHSO01000042.1_12
NRRR01000002.1_121	NZ_NHSQ01000145.1_18
NRRR01000002.1_121	NZ_JAERVK010000020.1_1
NRRR01000002.1_121	NZ_CP053482.1_2671
NRRR01000002.1_121	NZ_CP033381.1_3991
NRRR01000002.1_121	NZ_JAFFZO010000019.1_36
NRRR01000002.1_121	NZ_CP071503.1_514
NRRR01000002.1_121	NZ_CP072801.1_1411
NRRR01000002.1_121	NZ_CP072793.1_1972
NRRR01000002.1_121	NZ_CP073587.1_2778
NRRR01000002.1_121	NZ_CP073760.1_2523
NRRR01000002.1_121	NZ_CP073754.1_75
NRRR01000002.1_121	NZ_JAHRGL010000020.1_34
NRRR01000002.1_121	NZ_AP019777.1_3372
NRRR01000002.1_121	NZ_AP019782.1_2617
NRRR01000002.1_121	NZ_CP089309.1_1615
NRRR01000002.1_121	NZ_JAJSDZ010000010.1_567
NRRR01000002.1_121	NZ_JAHNZV010000015.1_8
NRRR01000002.1_121	NZ_JAJDNQ010000111.1_18
NRRR01000002.1_121	NZ_JAJDNA010000107.1_35
NRRR01000002.1_121	NZ_JALOBS010000034.1_9
NRRR01000002.1_121	NZ_JANIBM010000012.1_8
NRRR01000002.1_121	NZ_JANIBL010000026.1_17
NRRR01000002.1_121	NZ_JANIBK010000020.1_19
NRRR01000002.1_121	NZ_JANIBJ010000001.1_138
NRRR01000002.1_121	NZ_AP024897.1_3226
NRRR01000002.1_121	NZ_JANIOA010000055.1_14
NRRR01000002.1_121	NZ_JAOQNS010000003.1_198
NRRR01000002.1_121	NZ_BSFG01000004.1_46
NRRR01000002.1_121	NZ_JAQTLS010000017.1_57
NRRR01000002.1_121	NZ_JAQGEI010000024.1_15
NRRR01000002.1_121	NZ_CP116398.1_3824
NRRR01000002.1_121	NZ_CP123897.1_840
NRRR01000002.1_121	NZ_BSPQ01000026.1_10
NRRR01000002.1_121	NZ_CP129884.1_3455
NRRR01000002.1_121	NZ_JAUSMX010000005.1_163
NRRR01000002.1_121	NZ_JAUSCC010000140.1_78
NRRR01000002.1_121	NZ_JAUSBX010000152.1_7
NRRR01000002.1_121	NZ_CP133217.1_1457
NRRR01000002.1_121	NZ_FNDD01000018.1_33
NRRR01000002.1_121	NZ_FNCT01000006.1_72
NRRR01000002.1_121	NZ_FNNZ01000011.1_120
NRRR01000002.1_121	NZ_FNNU01000007.1_46
NRRR01000002.1_121	NZ_FNOW01000025.1_25
NRRR01000002.1_121	NZ_FNQP01000037.1_7
NRRR01000002.1_121	NZ_FNVQ01000001.1_1813
NRRR01000002.1_121	NZ_FNZE01000018.1_41
NRRR01000002.1_121	NZ_FOFJ01000003.1_49
NRRR01000002.1_121	NZ_FOGB01000004.1_10
NRRR01000002.1_121	NZ_FOVR01000001.1_500
NRRR01000002.1_121	NZ_FOXM01000010.1_9
NRRR01000002.1_121	NZ_LT907844.1_3192
NRRR01000002.1_121	NZ_CAIKKU010000757.1_3
NRRR01000002.1_121	NZ_CAILVI010000142.1_24
NRRR01000002.1_121	NZ_CAIPNF010000211.1_2
NRRR01000002.1_121	NZ_CAIZIZ010000369.1_10
NRRR01000002.1_121	NZ_CAJAXH010000151.1_25
NRRR01000002.1_121	NZ_CAKZLP010000060.1_68
NRRR01000002.1_121	DCCG01000017.1_96
NRRR01000002.1_121	DKQK01000029.1_122
NRRR01000002.1_121	PBNY01000093.1_39
NRRR01000002.1_121	JAABSM010000061.1_12
NRRR01000002.1_121	JANQJR010000035.1_132
NRRR01000002.1_121	CAMYJI010000014.1_35
NRRR01000002.1_121	DRJN01000053.1_5
NRRR01000002.1_121	JAADGZ010000052.1_12
NRRR01000002.1_121	CP051234.1_1094
NRRR01000002.1_121	JABSQP010000043.1_7
NRRR01000002.1_121	DDLV01000032.1_14
NRRR01000002.1_121	PABJ01000122.1_5
NRRR01000002.1_121	VISH01000002.1_1690
NRRR01000002.1_121	JABEVH010000176.1_18
NRRR01000002.1_121	JAJZHP010000094.1_4
NRRR01000002.1_121	JALVOC010000006.1_101
NRRR01000002.1_121	NZ_BMIJ01000004.1_160
NRRR01000002.1_121	NZ_JAHREP010000023.1_48
NRRR01000002.1_121	NZ_JAJHPU010000039.1_154
NRRR01000002.1_121	NZ_JAUYWA010000004.1_131
NRRR01000002.1_121	NZ_LT629751.1_2346
NRRR01000002.1_121	NC_012997.1_1364
NRRR01000002.1_121	NZ_KB900674.1_137
NRRR01000002.1_121	NZ_BBJY01000001.1_148
NRRR01000002.1_121	NZ_MCGG01000036.1_73
NRRR01000002.1_121	NZ_PFXK01000001.1_60
NRRR01000002.1_121	JAOFNL010000023.1_1
NRRR01000002.1_121	NZ_RCHN01000001.1_67
NRRR01000002.1_121	NZ_SMGD01000011.1_9
NRRR01000002.1_121	NZ_AP024896.1_1187
NRRR01000002.1_121	NZ_JAOEGU010000002.1_173
NRRR01000002.1_121	MBQZ01000010.1_27
NRRR01000002.1_121	JABFQX010000009.1_20
NRRR01000002.1_121	JAUYEP010000096.1_7
NRRR01000002.1_121	NZ_JH109153.1_255
NRRR01000002.1_121	NZ_CP076024.1_3285
NRRR01000002.1_121	NZ_JAUXVR010000011.1_44
NRRR01000002.1_121	NZ_CP119676.1_1355
CP064986.1_4218	CP064986.1_4218
CP064986.1_4218	CP064986.1_4222
CP064986.1_4218	JADKBN010000029.1_652
CP064986.1_4218	JADKBN010000029.1_656
CP064986.1_4218	JACKCV010000001.1_596
JAMCVT010000152.1_2	JAMCVT010000152.1_2
JAMCVT010000152.1_2	JUEB01000015.1_21
JAMCVT010000152.1_2	LADN01000053.1_49
JAMCVT010000152.1_2	LADP01000032.1_43
JAMCVT010000152.1_2	LADO01000055.1_78
JAMCVT010000152.1_2	DHAA01000074.1_26
JAMCVT010000152.1_2	PGZN01000004.1_39
JAMCVT010000152.1_2	PHAB01000006.1_12
JAMCVT010000152.1_2	JAENZP010000001.1_252
JAMCVT010000152.1_2	JAEXOR010000055.1_91
JAMCVT010000152.1_2	DAHVYW010000054.1_8
JAMCVT010000152.1_2	CAMKDG010000070.1_9
JAMCVT010000152.1_2	NZ_KI912183.1_849
JAMCVT010000152.1_2	NC_021184.1_2329
JAMCVT010000152.1_2	NZ_CAOS01000003.1_446
JAMCVT010000152.1_2	NZ_AUMW01000018.1_51
JAMCVT010000152.1_2	NZ_LGTE01000008.1_57
JAMCVT010000152.1_2	NZ_AWQQ01000020.1_77
JAMCVT010000152.1_2	NZ_BFAV01000073.1_47
JAMCVT010000152.1_2	NZ_JADNRQ010000006.1_107
JAMCVT010000152.1_2	NZ_FOOX01000003.1_87
JAMCVT010000152.1_2	NZ_FOYM01000036.1_12
JAMCVT010000152.1_2	NZ_FQUY01000008.1_83
JAMCVT010000152.1_2	NZ_FRAR01000012.1_92
JAMCVT010000152.1_2	JABLWZ010000015.1_43
JAMCWL010000089.1_6	JAMCWL010000089.1_6
JAILZL010000033.1_5	JAILZL010000033.1_5
JACKMZ010000001.1_544	JACKMZ010000001.1_544
JAJRUS010000056.1_6	JAJRUS010000056.1_6
JAJRQC010000094.1_20	JAJRQC010000094.1_20
JAJRQC010000094.1_20	JANTGB010000026.1_5
JAJRQC010000094.1_20	JAJRUT010000135.1_11
JAJRQC010000094.1_20	JAMOMO010000123.1_12
JAGXIR010000054.1_12	JAGXIR010000054.1_12
JAGXFQ010000025.1_8	JAGXFQ010000025.1_8
JAGXFQ010000025.1_8	JALNVI010000021.1_22
JAGXFQ010000025.1_8	NC_020304.1_328
JAGXFQ010000025.1_8	JAABTP010000024.1_20
JAGXFQ010000025.1_8	CP130629.1_1842
JAGXFQ010000025.1_8	NZ_KE384343.1_64
JAGXFQ010000025.1_8	NZ_JAFFPZ010000001.1_22
JAGXFQ010000025.1_8	JADGBM010000040.1_11
JAGXFQ010000025.1_8	MGTC01000080.1_6
JAGXFQ010000025.1_8	MQUF01000001.1_37
JAGXFQ010000025.1_8	DIKT01000095.1_21
JAGXFQ010000025.1_8	NQJD01000006.1_21
JAGXFQ010000025.1_8	JAABPV010000013.1_17
JAGXFQ010000025.1_8	JAADIK010000036.1_5
JAGXFQ010000025.1_8	DUZW01000040.1_11
JAGXFQ010000025.1_8	VMSP01000123.1_6
JAGXFQ010000025.1_8	JACNJZ010000081.1_4
JAGXFQ010000025.1_8	JACRCD010000018.1_17
JAGXFQ010000025.1_8	JADHUV010000007.1_59
JAGXFQ010000025.1_8	JAHIUA010000100.1_4
JAGXFQ010000025.1_8	JAHJRQ010000015.1_17
JAGXFQ010000025.1_8	JAFLKR010000027.1_23
JAGXFQ010000025.1_8	JAFLJW010000200.1_8
JAGXFQ010000025.1_8	QYLO01000003.1_101
JAGXFQ010000025.1_8	JAGXHG010000032.1_85
JAGXFQ010000025.1_8	JANTGH010000040.1_19
JAGXFQ010000025.1_8	JAPLJF010000011.1_14
JAGXFQ010000025.1_8	JAPEVH010000002.1_7
JAGXFQ010000025.1_8	JAQUEZ010000057.1_13
JAGXFQ010000025.1_8	JAQVER010000008.1_3
JAGXFQ010000025.1_8	JAUSAB010000016.1_15
JAGXFQ010000025.1_8	DAOVJK010000022.1_17
JAGXFQ010000025.1_8	CAISPV010000119.1_25
JAGXFQ010000025.1_8	CAITZN010000516.1_4
JAGXFQ010000025.1_8	CAIUQR010000122.1_22
JAGXFQ010000025.1_8	CAMYKS010000006.1_173
JAGXFQ010000025.1_8	CAMYND010000069.1_4
JAGXFQ010000025.1_8	NC_014972.1_3037
JAGXFQ010000025.1_8	NZ_JHZB01000027.1_31
JAGXFQ010000025.1_8	NZ_BLVO01000016.1_652
JAGXFQ010000025.1_8	NZ_JAFFQD010000001.1_284
JAGXFQ010000025.1_8	NZ_AP024233.1_241
JAGXFQ010000025.1_8	NZ_JAVBXR010000075.1_21
JAGXFQ010000025.1_8	CAMYND010000072.1_25
JAGXFQ010000025.1_8	JAESPV010000032.1_39
JAGXFQ010000025.1_8	JAJRQL010000136.1_12
JAGXFQ010000025.1_8	JROS01000008.1_53
JAGXFQ010000025.1_8	LADS01000004.1_67
JAGXFQ010000025.1_8	MGTI01000009.1_2
JAGXFQ010000025.1_8	PHAW01000089.1_7
JAGXFQ010000025.1_8	PKTX01000037.1_33
JAGXFQ010000025.1_8	DUZU01000023.1_7
JAGXFQ010000025.1_8	JACDZF010000053.1_11
JAGXFQ010000025.1_8	JADGBE010000018.1_33
JAGXFQ010000025.1_8	JADFZQ010000002.1_178
JAGXFQ010000025.1_8	WGBG01000092.1_5
JAGXFQ010000025.1_8	JAHJNL010000086.1_59
JAGXFQ010000025.1_8	JAHILF010000141.1_23
JAGXFQ010000025.1_8	JAJYJA010000025.1_2
JAGXFQ010000025.1_8	JAJZRO010000017.1_13
JAGXFQ010000025.1_8	JAJZPC010000088.1_9
JAGXFQ010000025.1_8	JAJZRF010000022.1_19
JAGXFQ010000025.1_8	JAEYNP010000108.1_136
JAGXFQ010000025.1_8	JANTGG010000051.1_10
JAGXFQ010000025.1_8	JAPLJH010000092.1_54
JAGXFQ010000025.1_8	JAPLJG010000091.1_37
JAGXFQ010000025.1_8	JALSNW010000005.1_8
JAGXFQ010000025.1_8	JALSMA010000057.1_19
JAGXFQ010000025.1_8	JALWJV010000102.1_1
JAGXFQ010000025.1_8	CAIPYE010000007.1_11
JAGXFQ010000025.1_8	CAMZKT010000132.1_14
JAGXFQ010000025.1_8	NC_014844.1_1019
JAGXFQ010000025.1_8	NC_020409.1_2870
JAGXFQ010000025.1_8	NZ_ATVA01000015.1_100
JAGXFQ010000025.1_8	NZ_CP014206.1_1519
JAGXFQ010000025.1_8	NZ_LKAQ01000001.1_769
JAGXFQ010000025.1_8	NZ_WAIE01000001.1_513
JAGXFQ010000025.1_8	NZ_CP046400.1_1866
JAGXFQ010000025.1_8	NZ_VOPZ01000006.1_227
JAGXFQ010000025.1_8	NZ_VOIQ01000006.1_166
JAGXFQ010000025.1_8	NZ_CP050700.1_4209
JAGXFQ010000025.1_8	NZ_JAFFQE010000012.1_20
JAGXFQ010000025.1_8	NZ_JAFMPN010000006.1_12
JAGXFQ010000025.1_8	NZ_AP024485.1_1245
JAGXFQ010000025.1_8	NZ_CP120635.1_2705
JAGXFQ010000025.1_8	NZ_AP026708.1_978
JAGXFQ010000025.1_8	NZ_JAQKGU010000002.1_359
JAGXFQ010000025.1_8	NZ_JAQUWN010000015.1_25
JAGXFQ010000025.1_8	NZ_JARGDQ010000003.1_47
JAGXFQ010000025.1_8	NZ_JAPHEH010000001.1_406
JAGXFQ010000025.1_8	NZ_JASTWE010000027.1_24
JAGXFQ010000025.1_8	NZ_FNJI01000011.1_36
JAGXFQ010000025.1_8	LBMP01000004.1_396
JAGXFQ010000025.1_8	DAOUUW010000032.1_5
JAGXFQ010000025.1_8	MGTD01000048.1_38
JAGXFQ010000025.1_8	BDTX01000021.1_40
JAGXFQ010000025.1_8	VMSS01000216.1_2
JAGXFQ010000025.1_8	WFUT01000007.1_22
JAGXFQ010000025.1_8	JAHJIQ010000030.1_109
JAGXFQ010000025.1_8	JAGVGT010000080.1_32
JAGXFQ010000025.1_8	JAHLLM010000043.1_39
JAGXFQ010000025.1_8	JAIPEF010000101.1_5
JAGXFQ010000025.1_8	JAMJFO010000002.1_31
JAGXFQ010000025.1_8	JAGXFP010000053.1_21
JAGXFQ010000025.1_8	JALSNC010000013.1_21
JAGXFQ010000025.1_8	JALXDL010000080.1_16
JAGXFQ010000025.1_8	JAQUKQ010000059.1_14
JAGXFQ010000025.1_8	JAOUHH010000025.1_11
JAGXFQ010000025.1_8	JAQYVF010000062.1_12
JAGXFQ010000025.1_8	CALENA010000069.1_9
JAGXFQ010000025.1_8	CAMZLK010000198.1_3
JAGXFQ010000025.1_8	NZ_JAFFQA010000017.1_82
JAILMY010000063.1_19	JAILMY010000063.1_19
JANQAI010000003.1_210	JANQAI010000003.1_210
JAISQM010000041.1_8	JAISQM010000041.1_8
JAISQM010000041.1_8	JAISKC010000053.1_71
JAISQM010000041.1_8	JAISED010000071.1_6
JAISQF010000002.1_76	JAISQF010000002.1_76
JAISNN010000045.1_9	JAISNN010000045.1_9
JAISMZ010000140.1_6	JAISMZ010000140.1_6
JAISMM010000064.1_5	JAISMM010000064.1_5
JAISMF010000009.1_11	JAISMF010000009.1_11
JAISLZ010000070.1_29	JAISLZ010000070.1_29
JAISLX010000131.1_5	JAISLX010000131.1_5
JAISLX010000131.1_5	JAITQR010000166.1_7
JAITLC010000092.1_28	JAITLC010000092.1_28
JAITLA010000250.1_12	JAITLA010000250.1_12
JAITLA010000250.1_12	JAISDM010000081.1_6
JAITLA010000250.1_12	JAITEX010000067.1_16
JAITLA010000250.1_12	JAISBV010000049.1_2
JAITLA010000250.1_12	JAISXZ010000004.1_15
JAITLA010000250.1_12	JAITOE010000159.1_4
JAITJW010000120.1_10	JAITJW010000120.1_10
JAITJW010000120.1_10	JAIRND010000044.1_10
JAITII010000034.1_13	JAITII010000034.1_13
JAITII010000034.1_13	JAISWF010000225.1_29
JAITII010000034.1_13	JAITKA010000139.1_13
JAITII010000034.1_13	JAITRL010000173.1_5
JAITHH010000037.1_2	JAITHH010000037.1_2
JAITER010000053.1_6	JAITER010000053.1_6
JAITEE010000014.1_11	JAITEE010000014.1_11
JAITDJ010000042.1_22	JAITDJ010000042.1_22
JAITDJ010000042.1_28	JAITDJ010000042.1_28
JAITCL010000088.1_24	JAITCL010000088.1_24
JAITAY010000333.1_9	JAITAY010000333.1_9
JAITAY010000333.1_9	JAIRLL010000343.1_13
JAITAY010000333.1_9	LBCX01000005.1_26
JAITAY010000333.1_9	DBTL01000134.1_23
JAITAY010000333.1_9	DBTT01000042.1_12
JAITAY010000333.1_9	JAATGU010000114.1_33
JAITAY010000333.1_9	JAFNAS010000019.1_52
JAITAY010000333.1_9	JAIRKG010000065.1_12
JAITAY010000333.1_9	JAITNQ010000273.1_16
JAITAY010000333.1_9	JARLGW010000005.1_211
JAITAY010000333.1_9	NC_014734.1_1374
JAITAY010000333.1_9	NZ_AUFL01000008.1_105
JAITAY010000333.1_9	NZ_LT799418.1_3679
NC_009633.1_3534	NC_009633.1_3534
NC_009633.1_3534	JAHDLO010000020.1_28
NC_009633.1_3534	NZ_CP009687.1_1352
NC_009633.1_3534	NZ_CP017269.1_3670
NC_009633.1_3534	NZ_CP017603.1_2425
NC_009635.1_1450	NC_009635.1_1450
NC_010546.1_539	NC_010546.1_539
NC_010546.1_539	NETF01000165.1_37
NC_010546.1_539	RECR01000099.1_10
NC_010546.1_539	JAAHFU020000002.1_465
NC_010546.1_539	JAGHZQ010000053.1_77
NC_010546.1_539	JAKSDM010001827.1_2
NC_010546.1_539	JASJEA010000044.1_11
NC_010546.1_539	JASJDN010000006.1_28
NC_010546.1_539	CALGKL010000173.1_5
NC_010546.1_539	NC_013771.1_565
NC_010546.1_539	NZ_AAXW01000004.1_155
NC_010546.1_539	NZ_AP012549.1_1444
NC_010546.1_539	NZ_PRLH01000006.1_24
NC_010546.1_539	NZ_AP018341.1_1623
NC_010546.1_539	NZ_JAAHBQ010000054.1_22
NC_010546.1_539	NZ_AP024987.1_881
NC_010546.1_539	NZ_CP123991.1_1549
NC_010546.1_539	NZ_OX373462.1_201
NC_010546.1_539	NZ_JH976537.1_2376
NC_010546.1_539	CALCCA010000016.1_51
NC_010546.1_539	NZ_JANQOP010000046.1_35
NC_010546.1_539	LWRO01000015.1_117
NC_010546.1_539	JADEXA010000026.1_52
NC_010546.1_539	NZ_JAQMUB010000027.1_71
NC_010337.2_989	NC_010337.2_989
NC_010337.2_989	NZ_WXEY01000004.1_9
NC_010337.2_989	NZ_WXEX01000020.1_21
NC_010337.2_989	JAAYUK010000252.1_3
NC_010337.2_989	WSNO01000022.1_72
NC_010337.2_989	JACRGN010000129.1_12
NC_010337.2_989	JACQBS010000135.1_20
NC_010337.2_989	JAJZSC010000043.1_10
NC_010337.2_989	LDXJ01000058.1_156
NC_010337.2_989	JAIMKP010000069.1_7
NC_010337.2_989	JAEWCM010000154.1_5
NC_010337.2_989	JQID01000095.1_11
NC_010337.2_989	LOEW01000092.1_15
NC_010337.2_989	DHWG01000082.1_9
NC_010337.2_989	DOPM01000048.1_31
NC_010337.2_989	JAJYAS010000005.1_12
NC_010337.2_989	JAJZPA010000018.1_6
NC_010337.2_989	DAIEHY010000046.1_4
NC_010337.2_989	JARLHW010000143.1_23
NC_010337.2_989	JARLHU010000193.1_15
NC_010337.2_989	CAKMJS010000111.1_43
NC_010337.2_989	NC_011830.1_1044
NC_010337.2_989	NZ_AGAF01000125.1_10
NC_010337.2_989	NC_018515.1_3857
NC_010337.2_989	NC_016584.1_4828
NC_010337.2_989	NZ_CM001441.1_4629
NC_010337.2_989	NC_018068.1_3914
NC_010337.2_989	NZ_JMGA01000028.1_63
NC_010337.2_989	NZ_JYNH01000002.1_55
NC_010337.2_989	NZ_LDZY01000006.1_164
NC_010337.2_989	NZ_MASS01000070.1_13
NC_010337.2_989	NZ_MLBF01000024.1_42
NC_010337.2_989	NZ_NADJ01000040.1_392
NC_010337.2_989	NZ_SPQQ01000001.1_445
NC_010337.2_989	NZ_SPQR01000006.1_23
NC_010337.2_989	NZ_JAFLRH010000019.1_154
NC_010337.2_989	NZ_JAJDOO010000001.1_318
NC_010337.2_989	NZ_JAMJEV010000002.1_307
NC_010337.2_989	NZ_FNCP01000001.1_339
NC_010337.2_989	NZ_FQXJ01000004.1_420
NC_010337.2_989	NZ_FRDN01000005.1_77
NC_010337.2_989	JAEYSJ010000044.1_14
NC_010337.2_989	JAAYUV010000017.1_9
NC_010337.2_989	NZ_WBXO01000004.1_19
NC_010337.2_989	NZ_CP045875.1_2188
NC_010337.2_989	NZ_WNKU01000009.1_56
NC_010337.2_989	NZ_JACVHF010000011.1_41
NC_011026.1_1869	NC_011026.1_1869
NC_011026.1_1869	JAAXUM010000012.1_9
NC_011026.1_1869	LUZT01000006.1_395
NC_011026.1_1869	JABDHL010000026.1_121
NC_011026.1_1869	JAAXXY010000035.1_13
NC_011026.1_1869	JAAXXR010000070.1_2
NC_011026.1_1869	JAAXWP010000011.1_16
NC_011026.1_1869	JAPLFE010000079.1_37
NC_011026.1_1869	CAIMPI010000031.1_87
NC_011026.1_1869	CAIXLG010000001.1_6
NC_013216.1_986	NC_013216.1_986
NC_014410.1_1865	NC_014410.1_1865
NC_014410.1_1865	NZ_BBKT01000028.1_10
NC_014410.1_1865	NZ_CP047602.1_1009
NC_014410.1_1865	NZ_JAGGLT010000020.1_46
NC_014410.1_1865	NZ_CP130558.1_695
NC_014410.1_1865	NZ_JAIHAU010000030.1_15
NC_014484.1_350	NC_014484.1_350
NC_014828.1_1561	NC_014828.1_1561
NZ_LROS01000005.1_90	NZ_LROS01000005.1_90
NZ_LROS01000005.1_90	NZ_LITT01000063.1_112
NZ_MAGO01000009.1_83	NZ_MAGO01000009.1_83
NZ_MAGO01000009.1_83	WGBU01000055.1_14
NZ_MAGO01000009.1_83	JAJRZR010000108.1_30
NZ_MAGO01000009.1_83	WFZW01000167.1_1
NZ_LWDV01000008.1_483	NZ_LWDV01000008.1_483
NZ_LWDV01000008.1_483	JADQBV010000231.1_31
NZ_LWDV01000008.1_483	NZ_KB900617.1_258
NZ_LWDV01000008.1_483	NZ_PVNB01000007.1_65
NZ_LWDV01000008.1_483	NZ_SNWX01000002.1_25
NZ_LWDV01000008.1_483	NZ_QAXS01000013.1_47
NZ_LWDV01000008.1_483	NZ_QLME01000002.1_97
NZ_LWDV01000008.1_483	NZ_FOTI01000014.1_22
NZ_MJAT01000037.1_128	NZ_MJAT01000037.1_128
NZ_MJAT01000037.1_128	JAEWFW010000051.1_20
NZ_MJAT01000037.1_128	NZ_MIJE01000032.1_125
NZ_CP018335.1_1298	NZ_CP018335.1_1298
NZ_CP018335.1_1298	NZ_CP018335.1_1286
NZ_CP018335.1_1298	NZ_CP009933.1_241
NZ_CP018335.1_1298	NZ_PVXP01000016.1_47
NZ_CP018335.1_1298	NZ_PVXP01000020.1_32
NZ_CP018335.1_2103	NZ_CP018335.1_2103
NZ_BDJL01000005.1_22	NZ_BDJL01000005.1_22
NZ_BDJL01000005.1_22	MDDC01000001.1_82
NZ_BDJL01000005.1_22	JAJOKN010000014.1_13
NZ_BDJL01000005.1_22	JANLFO010000021.1_5
NZ_BDJL01000005.1_22	JARYLU010000033.1_24
NZ_BDJL01000005.1_22	CP002770.1_3333
NZ_BDJL01000005.1_22	DFNH01000026.1_38
NZ_BDJL01000005.1_22	QZIW01000024.1_19
NZ_BDJL01000005.1_22	DYEX01000124.1_3
NZ_BDJL01000005.1_22	JAIMBK010000006.1_25
NZ_BDJL01000005.1_22	CADDZA010000032.1_12
NZ_BDJL01000005.1_22	NC_014220.1_2147
NZ_BDJL01000005.1_22	NC_018870.1_850
NZ_BDJL01000005.1_22	NZ_AUBR01000070.1_3
NZ_BDJL01000005.1_22	NZ_BDJK01000055.1_53
NZ_BDJL01000005.1_22	NZ_PVXL01000046.1_282
NZ_BDJL01000005.1_22	NZ_RBWE01000001.1_707
NZ_BDJL01000005.1_22	NZ_RKRE01000001.1_590
NZ_BDJL01000005.1_22	NZ_BJKN01000001.1_1105
NZ_BDJL01000005.1_22	NZ_JAFBCW010000006.1_12
NZ_BDJL01000005.1_22	NZ_AP024620.1_541
NZ_BDJL01000005.1_22	NZ_JAUSUX010000013.1_22
NZ_BDJL01000005.1_22	NZ_FQZM01000006.1_6
NZ_MZGX01000018.1_69	NZ_MZGX01000018.1_69
NZ_MZGX01000018.1_69	DBTI01000267.1_30
NZ_MZGX01000018.1_69	JAEWQC010000274.1_4
NZ_MZGX01000018.1_69	CALFXO010000064.1_7
NZ_CP045508.1_2571	NZ_CP045508.1_2571
NZ_CP045508.1_2571	JAVHLG010000009.1_18
NZ_CP045508.1_2571	JAEWCY010000115.1_14
NZ_CP045508.1_2571	JAEWPX010000060.1_29
NZ_CP045508.1_2571	JAFABC010000259.1_10
NZ_CP045508.1_2571	JAEZMB010000313.1_8
NZ_CP045508.1_2571	CALBYZ010000269.1_18
NZ_CP045508.1_2571	NZ_CM001368.1_475
NZ_CP045508.1_2571	NZ_AECZ01000006.1_4
NZ_CP045508.1_2571	NZ_JNJA01000004.1_92
NZ_CP045508.1_2571	JAEZEM010000192.1_17
NZ_CP045508.1_2571	NC_012796.1_1986
NZ_CP045508.1_2571	NZ_JSEH01000002.1_105
NZ_CP045508.1_2571	NZ_MLBG01000001.1_81
NZ_CP045508.1_2571	NZ_WVUD01000010.1_58
NZ_JAOTIF010000018.1_14	NZ_JAOTIF010000018.1_14
NZ_JAOTIF010000018.1_14	CANCKV010000001.1_13
NZ_JAOTIF010000018.1_14	NZ_AQPN01000090.1_41
NZ_JAOTIF010000018.1_14	LUZT01000011.1_96
NZ_JAOTIF010000018.1_14	SZXY01000114.1_5
NZ_JAOTIF010000018.1_14	SZXX01000015.1_85
NZ_JAOTIF010000018.1_14	SZXZ01000084.1_1
NZ_JAOTIF010000018.1_14	SZXV01000003.1_214
NZ_JAOTIF010000018.1_14	SZXW01000010.1_271
NZ_JAOTIF010000018.1_14	DRSQ01000040.1_14
NZ_JAOTIF010000018.1_14	JABDHK010000043.1_32
NZ_JAOTIF010000018.1_14	JABMPC010000075.1_77
NZ_JAOTIF010000018.1_14	JAAXXY010000015.1_21
NZ_JAOTIF010000018.1_14	JAAXXR010000002.1_58
NZ_JAOTIF010000018.1_14	JAAXXP010000043.1_3
NZ_JAOTIF010000018.1_14	JAAXXK010000002.1_56
NZ_JAOTIF010000018.1_14	JAAXXI010000006.1_46
NZ_JAOTIF010000018.1_14	JAAXWX010000028.1_11
NZ_JAOTIF010000018.1_14	JAAXWS010000004.1_90
NZ_JAOTIF010000018.1_14	JAAXWP010000005.1_26
NZ_JAOTIF010000018.1_14	JAAXWO010000013.1_14
NZ_JAOTIF010000018.1_14	JAAXWQ010000001.1_231
NZ_JAOTIF010000018.1_14	JAAXVR010000032.1_21
NZ_JAOTIF010000018.1_14	JAAXUM010000013.1_9
NZ_JAOTIF010000018.1_14	VGMX01000001.1_29
NZ_JAOTIF010000018.1_14	VGGK01000015.1_28
NZ_JAOTIF010000018.1_14	JAFGMZ010000066.1_3
NZ_JAOTIF010000018.1_14	JAFGER010000034.1_5
NZ_JAOTIF010000018.1_14	DYNE01000003.1_78
NZ_JAOTIF010000018.1_14	DYND01000002.1_92
NZ_JAOTIF010000018.1_14	JAPLFE010000079.1_26
NZ_JAOTIF010000018.1_14	JANQHQ010000003.1_71
NZ_JAOTIF010000018.1_14	JAVCDF010000002.1_156
NZ_JAOTIF010000018.1_14	OMIK01000052.1_7
NZ_JAOTIF010000018.1_14	CAIJGA010000021.1_17
NZ_JAOTIF010000018.1_14	CAIJVD010000023.1_210
NZ_JAOTIF010000018.1_14	CAIJWE010000055.1_11
NZ_JAOTIF010000018.1_14	CAILRB010000025.1_5
NZ_JAOTIF010000018.1_14	CAIMPI010000015.1_135
NZ_JAOTIF010000018.1_14	CAIMPI010000031.1_99
NZ_JAOTIF010000018.1_14	CAIOLC010000177.1_13
NZ_JAOTIF010000018.1_14	CAIPMW010000065.1_10
NZ_JAOTIF010000018.1_14	CAIPYV010000127.1_33
NZ_JAOTIF010000018.1_14	CAIQGA010000081.1_2
NZ_JAOTIF010000018.1_14	CAIQSY010000120.1_5
NZ_JAOTIF010000018.1_14	CAIRXW010000011.1_16
NZ_JAOTIF010000018.1_14	CAISRC010000142.1_23
NZ_JAOTIF010000018.1_14	CAITSZ010000047.1_151
NZ_JAOTIF010000018.1_14	CAIWUU010000156.1_12
NZ_JAOTIF010000018.1_14	CAIXCO010000246.1_1
NZ_JAOTIF010000018.1_14	CAIXLG010000001.1_18
NZ_JAOTIF010000018.1_14	CAIYTH010000014.1_118
NZ_JAOTIF010000018.1_14	CAJAAV010000278.1_10
NZ_JAOTIF010000018.1_14	CAJAJL010000079.1_38
NZ_JAOTIF010000018.1_14	CAJEXL010000008.1_17
NZ_JAOTIF010000018.1_14	CAJEXI010000041.1_11
NZ_JAOTIF010000018.1_14	CAJEXW010000021.1_9
NZ_JAOTIF010000018.1_14	CAJEXQ010000013.1_34
NZ_JAOTIF010000018.1_14	NC_002932.3_1331
NZ_JAOTIF010000018.1_14	NC_007512.1_1574
NZ_JAOTIF010000018.1_14	NC_008639.1_772
NZ_JAOTIF010000018.1_14	NC_010803.1_695
NZ_JAOTIF010000018.1_14	NC_011027.1_1622
NZ_JAOTIF010000018.1_14	NC_011060.1_1961
NZ_JAOTIF010000018.1_14	NZ_AASE01000001.1_44
NZ_JAOTIF010000018.1_14	NZ_LMBR01000001.1_63
NZ_JAOTIF010000018.1_14	NZ_LVWG01000032.1_130
NZ_JAOTIF010000018.1_14	NZ_CP017305.1_619
NZ_JAOTIF010000018.1_14	NZ_MPJE01000052.1_15
NZ_JAOTIF010000018.1_14	NZ_CP022571.1_1532
NZ_JAOTIF010000018.1_14	NZ_RXYK01000004.1_50
NZ_JAOTIF010000018.1_14	NZ_SDGU01000072.1_3
NZ_JAOTIF010000018.1_14	NZ_SJPA01000001.1_399
NZ_JAOTIF010000018.1_14	NZ_VDCH01000015.1_9
NZ_JAOTIF010000018.1_14	NZ_JAAORA010000002.1_574
NZ_JAOTIF010000018.1_14	NZ_JAIOZR010000019.1_25
NZ_JAOTIF010000018.1_14	NZ_CP104202.1_1225
NZ_JAOTIF010000018.1_14	QKAU01000017.1_72
NZ_JAOTIF010000018.1_14	QKFE01000054.1_8
NZ_JAOTIF010000018.1_14	JAFGVA010000017.1_27
NZ_JAOTIF010000018.1_14	LVAZ01000212.1_12
NZ_JAOTIF010000018.1_14	JAIFLU010000191.1_10
NZ_JAOTIF010000018.1_14	JACAUB010000001.1_2216
NZ_JAOTIF010000018.1_14	JAIFLP010000130.1_19
NZ_JAOTIF010000018.1_14	JAUZOO010000003.1_156
NZ_JAOTIF010000018.1_14	JAEWUC010000003.1_43
NZ_JAOTIF010000018.1_14	MIAN01000268.1_24
NZ_JAOTIF010000018.1_14	CAJWHT010000026.1_17
NZ_JAOTIF010000018.1_14	JAKPQD010000143.1_112
NZ_JAOTIF010000018.1_14	CAMDBI010000027.1_26
NZ_JAPRAT010000021.1_47	NZ_JAPRAT010000021.1_47
NZ_JAPRAT010000021.1_47	NZ_JAFBDS010000006.1_229
SGBC01000001.1_688	SGBC01000001.1_688
SGBC01000001.1_688	SGBB01000018.1_23
SGBC01000001.1_688	JAJYDX010000001.1_206
SGBC01000001.1_688	JAJXXD010000160.1_17
SGBC01000001.1_688	JAJYHI010000012.1_6
SGBC01000001.1_688	JAJYJN010000060.1_7
SGBC01000001.1_688	JAJYZM010000020.1_6
SGBC01000001.1_688	JAJYYS010000001.1_42
SGBC01000001.1_688	JAJZJW010000006.1_85
SGBC01000001.1_688	JAKAOK010000008.1_62
SGBC01000001.1_688	JAKAKK010000073.1_10
SGBC01000001.1_688	JAKAKF010000258.1_17
SGBC01000001.1_688	JAKAQP010000041.1_8
SGBC01000001.1_688	JAKAQK010000030.1_4
SGBC01000001.1_688	JAKAFU010000002.1_3
SGBC01000001.1_688	JAJZJD010000001.1_32
SGBC01000001.1_688	JAJZVN010000019.1_8
SGBC01000001.1_688	JAMDCP010000007.1_174
SCTZ01000123.1_12	SCTZ01000123.1_12
SCTZ01000199.1_10	SCTZ01000199.1_10
SLTJ01000006.1_15	SLTJ01000006.1_15
SLTJ01000030.1_7	SLTJ01000030.1_7
SLTJ01000030.1_8	SLTJ01000030.1_8
SZYA01000008.1_8	SZYA01000008.1_8
SLDE01000172.1_4	SLDE01000172.1_4
SLDE01000172.1_4	PGZL01000003.1_31
SLDE01000172.1_4	SLIM01000147.1_9
SLDE01000172.1_4	JAABTK010000021.1_16
SLDE01000172.1_4	JACRAU010000004.1_210
SLDE01000172.1_4	NZ_QFWJ01000009.1_91
SLDE01000172.1_4	NZ_QPJY01000002.1_343
SLDE01000172.1_4	NZ_NRSJ01000006.1_88
SLDE01000172.1_4	NZ_NRSK01000027.1_5
SLDE01000172.1_4	DYNP01000009.1_75
SLDE01000172.1_4	WBUO01000103.1_10
SLDE01000172.1_4	NKXK01000031.1_68
SLDE01000172.1_4	JASBUE010000189.1_19
SLCP01000177.1_20	SLCP01000177.1_20
SLCP01000177.1_20	PHFB01000002.1_257
SLCP01000177.1_20	JAJUJM010000006.1_68
SLCP01000177.1_20	JAAXUF010000009.1_33
SLCP01000177.1_20	JAGXFU010000005.1_221
SLCP01000177.1_20	JARLGT010000073.1_6
SLCP01000177.1_20	CAKMKD010000034.1_2
REEM01000134.1_18	REEM01000134.1_18
REEM01000134.1_18	PXEI01000352.1_7
REDX01000195.1_9	REDX01000195.1_9
REDX01000195.1_9	REDP01000239.1_5
VLTH01000002.1_2057	VLTH01000002.1_2057
VLTH01000002.1_2057	DBTX01000018.1_24
VLTH01000002.1_2057	JAFABI010000011.1_109
VLTH01000002.1_2057	JAEZCO010000026.1_24
VLTH01000002.1_2057	JANLFN010000013.1_36
VLTH01000002.1_2057	JAQUXM010000024.1_4
VLTH01000002.1_2057	NZ_CGIH01000027.1_174
VLTH01000002.1_2057	NZ_JAVDDS010000031.1_16
VLTH01000002.1_2057	JAEZXR010000134.1_77
VLTH01000002.1_2057	JAEZTC010000013.1_587
VLTH01000002.1_2057	JAOAEJ010000004.1_47
VLTH01000002.1_2057	NZ_QPJT01000020.1_28
VLTH01000002.1_2057	JAEXRM010000053.1_18
VLTH01000002.1_2057	JAEZCA010000035.1_219
VLTH01000002.1_2057	JANQLN010000087.1_5
PYCK01000054.1_1	PYCK01000054.1_1
PYCK01000054.1_1	JACUTQ010000054.1_12
PYCK01000054.1_1	DAOUWY010000084.1_6
JAFUBZ010000017.1_49	JAFUBZ010000017.1_49
JAFUBZ010000017.1_49	SVDH01000025.1_12
JAFUBZ010000017.1_49	JAFWOE010000023.1_105
JAFUBZ010000017.1_49	CADBRG010000019.1_4
JAFUBV010000177.1_1	JAFUBV010000177.1_1
JAFUBV010000177.1_1	CAJOMK010000074.1_19
JAFUBV010000177.1_1	NZ_JAFUHT010000009.1_8
JAFUBV010000177.1_1	NZ_JAGAXX010000085.1_5
JAFUBV010000177.1_1	NZ_CACZTX010000002.1_66
JAGHYV010000095.1_3	JAGHYV010000095.1_3
JAGHYV010000095.1_3	JANWYD010000017.1_12
JAGHYV010000095.1_3	JANXAL010000009.1_17
JAGHYV010000095.1_3	JALONX010000261.1_2
JAGHYV010000095.1_3	JAOACN010000483.1_6
JAGHYV010000095.1_3	JAUQOW010000155.1_4
JAGHYV010000095.1_3	CAKZKA010000157.1_28
JAGHYV010000095.1_3	CAKZSI010000074.1_49
JAGHYV010000095.1_3	CALGYB010000010.1_17
JAGHYV010000095.1_3	NC_009523.1_1294
JAGHYV010000095.1_3	NC_009767.1_4472
JAGHYV010000095.1_3	WBOU01000025.1_31
JAGHYV010000095.1_3	JAAXUL010000259.1_3
JAGHYV010000095.1_3	RYFE02000016.1_14
JAGHYV010000095.1_3	CAIRDL010000120.1_17
JAGHYV010000095.1_3	CAIWXH010000606.1_5
JAGHYV010000095.1_3	NZ_GL501401.1_8
JAGHYV010000095.1_3	NZ_NQWI01000003.1_50
JAGHYV010000095.1_3	NZ_RYFD01000021.1_9
JAGHYV010000095.1_3	JACAEO010000087.1_14
JAGHYV010000095.1_3	CAISPW010000164.1_8
JAGGAE010000039.1_3	JAGGAE010000039.1_3
JAGGAE010000039.1_3	DHRA01000016.1_22
JAGGAE010000039.1_3	JAGFZX010000002.1_32
JAGGAE010000039.1_3	JAEWGR010000192.1_14
JAGGAE010000039.1_3	UQPB01000007.1_89
JAGGAE010000039.1_3	NZ_FQZD01000008.1_10
JAGNSM010000017.1_22	JAGNSM010000017.1_22
JAEWGD010000040.1_37	JAEWGD010000040.1_37
JAEWGD010000040.1_37	JAEWXO010000026.1_12
JAEWGD010000040.1_37	NZ_JAGSND010000013.1_66
JAEWCZ010000013.1_137	JAEWCZ010000013.1_137
JAEWCZ010000013.1_137	JAEVZU010000297.1_9
JAEWCZ010000013.1_137	JAEWMS010000066.1_45
JAEWCZ010000013.1_137	JAEYHZ010000008.1_7
JAEWCZ010000013.1_137	JAEYOP010000067.1_37
JAEWCZ010000013.1_137	JAEZKZ010000110.1_97
JAEWCZ010000013.1_137	JAEZUC010000029.1_68
JAEWCZ010000013.1_137	JAEWOH010000083.1_44
JAEWCZ010000013.1_137	JAQSXC010000120.1_4
JAEWCZ010000013.1_137	NZ_AORV01000043.1_69
JAEWCZ010000013.1_137	NZ_ATAY01000019.1_13
JAEWCZ010000013.1_137	NZ_JHYD01000009.1_82
JAEWCZ010000013.1_137	JAJZSN010000074.1_13
JAEWCZ010000013.1_137	JAEWGW010000004.1_35
JAEWCZ010000013.1_137	JAEWIS010000017.1_69
JAEWCZ010000013.1_137	JAEZXR010000119.1_108
JAEWCZ010000013.1_137	JAOAEJ010000087.1_44
JAEWCZ010000013.1_137	NZ_CP017634.1_5517
JAEWCZ010000013.1_137	JAEZTC010000001.1_246
JAEWCZ010000013.1_137	JAFABI010000103.1_87
JAEWCZ010000013.1_137	JAEWQC010000349.1_15
JAEWCZ010000013.1_137	JAOABQ010000006.1_38
JAEWCZ010000013.1_137	CP128401.1_37
JAEWCZ010000013.1_137	JAEYTP010000023.1_47
JAEWCZ010000013.1_137	JAEZFR010000282.1_1
JAEWCZ010000013.1_137	JAEXOY010000032.1_76
JAEWCZ010000013.1_137	JAEXSP010000019.1_121
JAEWCZ010000013.1_137	MVRP01000006.1_14
JAEWCZ010000013.1_137	JAEWDM010000012.1_45
JAEWCZ010000013.1_137	NZ_LGSS01000006.1_142
JAEWCZ010000013.1_137	NZ_RLII01000015.1_45
JAEWCZ010000013.1_137	JAEXRM010000054.1_6
JAEWCZ010000013.1_137	NZ_WXEX01000002.1_51
JAEWCZ010000013.1_137	NZ_SLXT01000007.1_99
JAEWCZ010000013.1_137	NZ_JACVHF010000005.1_115
JAEWCZ010000013.1_137	JAQSYT010000046.1_11
JAEWCZ010000013.1_137	NZ_CBQR020000152.1_62
JAEWCZ010000013.1_137	NZ_QMFA01000005.1_152
JAEWCZ010000013.1_137	JAISDD010000035.1_5
JAEWCZ010000013.1_137	NZ_BOPZ01000028.1_18
JAEWCZ010000013.1_137	JAEYLX010000034.1_106
JAEWCZ010000032.1_90	JAEWCZ010000032.1_90
JAEWCZ010000032.1_90	VLTH01000001.1_294
JAEWCZ010000032.1_90	WRNV01000002.1_16
JAEWCM010000105.1_3	JAEWCM010000105.1_3
JAEVZU010000051.1_11	JAEVZU010000051.1_11
JAEWUH010000073.1_5	JAEWUH010000073.1_5
JAEWUH010000073.1_5	JAEWDK010000015.1_179
JAEWUH010000073.1_5	JAEYJO010000037.1_7
JAEWUH010000073.1_5	JAEZWL010000030.1_39
JAEWUH010000073.1_5	JAEZCT010000039.1_16
JAEWUH010000073.1_5	NZ_JPNB01000001.1_551
JAEWSZ010000134.1_79	JAEWSZ010000134.1_79
JAEWSZ010000134.1_79	LQAA01000036.1_11
JAEWSZ010000134.1_79	JAATFT010000093.1_9
JAEWSZ010000134.1_79	JAGGAC010000077.1_4
JAEWSZ010000134.1_79	DJJR01000063.1_30
JAEWSZ010000134.1_79	JAGGAE010000092.1_7
JAEWSZ010000134.1_79	JAEZQV010000215.1_23
JAEWSZ010000134.1_79	JAITSE010000092.1_2
JAEWSZ010000134.1_79	NZ_AEEA01000019.1_78
JAEWSZ010000134.1_79	NC_020291.1_3019
JAEWSZ010000134.1_79	NZ_CBQR020000141.1_50
JAEWSZ010000134.1_79	NZ_JAHGVE010000002.1_34
JAEWSZ010000134.1_79	NZ_FODY01000003.1_29
JAEWSZ010000134.1_79	NZ_FQZD01000006.1_91
JAEWSZ010000134.1_79	JAEWKM010000045.1_14
JAEWSZ010000134.1_79	NZ_JACHGO010000001.1_30
JAEWSZ010000134.1_79	NZ_LR738849.1_694
JAEWSZ010000134.1_79	JAEWSD010000210.1_4
JAEWSZ010000134.1_79	JAEYMU010000024.1_6
JAEWSZ010000134.1_79	JAEYKI010000006.1_109
JAEWSZ010000134.1_79	JAEYPZ010000059.1_15
JAEWSZ010000134.1_79	JAFAFU010000074.1_67
JAEWSZ010000134.1_79	JAFADH010000279.1_9
JAEWSZ010000134.1_79	JAEXNR010000001.1_16
JAEWSZ010000134.1_79	JAQSXJ010000016.1_20
JAEWSZ010000134.1_79	NZ_FRAC01000010.1_250
JAEWSZ010000134.1_79	JAEZYD010000024.1_31
JAEWSZ010000134.1_79	NZ_CP036295.1_2440
JAEWSZ010000134.1_79	NZ_JAHZCJ010000002.1_296
JAEWSZ010000134.1_79	NZ_JAETXJ010000001.1_369
JAEWSZ010000134.1_79	NZ_JANFYZ010000004.1_26
JAEWSZ010000134.1_79	NZ_FNBX01000001.1_169
JAEWSZ010000134.1_79	JAIRYX010000448.1_35
JAEWSZ010000134.1_79	NZ_JHZB01000015.1_69
JAEWSZ010000134.1_79	JAISWZ010000225.1_10
JAEWSZ010000134.1_79	JAJTBJ010000005.1_4
JAEWSZ010000134.1_79	JAITBS010000254.1_2
JAEWSZ010000134.1_79	JAITOS010000079.1_10
JAEWSZ010000134.1_79	NZ_WXEX01000005.1_221
JAEWSZ010000134.1_79	BIFV01000009.1_35
JAEWSZ010000134.1_79	JAGFXW010000087.1_7
JAEWSZ010000134.1_79	JAEWGR010000043.1_27
JAEWSZ010000134.1_79	JAEWDM010000016.1_117
JAEWSZ010000134.1_79	JAEWCY010000132.1_52
JAEWSZ010000134.1_79	JAEWAK010000045.1_37
JAEWSZ010000134.1_79	JAEVYU010000055.1_48
JAEWSZ010000134.1_79	JAEXFN010000018.1_382
JAEWSZ010000134.1_79	JAEXFI010000041.1_68
JAEWSZ010000134.1_79	JAEXDA010000039.1_111
JAEWSZ010000134.1_79	JAEYGI010000069.1_7
JAEWSZ010000134.1_79	JAEYLX010000019.1_75
JAEWSZ010000134.1_79	JAEYPR010000036.1_118
JAEWSZ010000134.1_79	JAEZFP010000059.1_126
JAEWSZ010000134.1_79	JAFADM010000112.1_7
JAEWSZ010000134.1_79	JAFABI010000007.1_19
JAEWSZ010000134.1_79	JAFABB010000050.1_27
JAEWSZ010000134.1_79	JAEZCE010000028.1_16
JAEWSZ010000134.1_79	JAEZMB010000328.1_6
JAEWSZ010000134.1_79	JAEZKY010000376.1_15
JAEWSZ010000134.1_79	JAEXPO010000607.1_10
JAEWSZ010000134.1_79	JAEYGM010000006.1_20
JAEWSZ010000134.1_79	JAEXAS010000034.1_8
JAEWSZ010000134.1_79	JAQSYT010000047.1_14
JAEWSZ010000134.1_79	JARKQY010000031.1_29
JAEWSZ010000134.1_79	JARLHY010000131.1_7
JAEWSZ010000134.1_79	JARLHW010000172.1_30
JAEWSZ010000134.1_79	JARLHU010000002.1_13
JAEWSZ010000134.1_79	OMOF01000020.1_14
JAEWSZ010000134.1_79	NC_015172.1_2823
JAEWSZ010000134.1_79	NZ_AGAF01000212.1_35
JAEWSZ010000134.1_79	NZ_CM001240.1_4217
JAEWSZ010000134.1_79	NZ_AKVN02000001.1_1161
JAEWSZ010000134.1_79	NZ_KB905840.1_16
JAEWSZ010000134.1_79	NZ_ASSC01000067.1_6
JAEWSZ010000134.1_79	NZ_CCDG010000021.1_226
JAEWSZ010000134.1_79	NZ_CP008852.1_3864
JAEWSZ010000134.1_79	NZ_CYSP01000025.1_16
JAEWSZ010000134.1_79	NZ_LN881724.1_1843
JAEWSZ010000134.1_79	NZ_MZGX01000002.1_101
JAEWSZ010000134.1_79	NZ_NADJ01000015.1_7
JAEWSZ010000134.1_79	NZ_QMFA01000024.1_64
JAEWSZ010000134.1_79	NZ_SMAA01000010.1_78
JAEWSZ010000134.1_79	NZ_SPQQ01000003.1_25
JAEWSZ010000134.1_79	NZ_CP036259.1_1127
JAEWSZ010000134.1_79	NZ_VLKC01000002.1_733
JAEWSZ010000134.1_79	NZ_RXYA01000003.1_83
JAEWSZ010000134.1_79	NZ_AP023239.1_2217
JAEWSZ010000134.1_79	NZ_JACHFH010000040.1_25
JAEWSZ010000134.1_79	NZ_WIQU01000056.1_12
JAEWSZ010000134.1_79	NZ_JACBYI010000014.1_104
JAEWSZ010000134.1_79	NZ_JAHCMB010000070.1_22
JAEWSZ010000134.1_79	NZ_JAJDOO010000010.1_130
JAEWSZ010000134.1_79	NZ_JAJHJB010000029.1_23
JAEWSZ010000134.1_79	NZ_CP059724.1_4292
JAEWSZ010000134.1_79	NZ_JARKOZ010000014.1_23
JAEWSZ010000134.1_79	NZ_BSVC01000010.1_161
JAEWSZ010000134.1_79	NZ_JAUSUE010000023.1_48
JAEWSZ010000134.1_79	NZ_JAVHUW010000070.1_148
JAEWSZ010000134.1_79	NZ_FNBG01000001.1_82
JAEWSZ010000134.1_79	NZ_FNHB01000004.1_32
JAEWSZ010000134.1_79	NZ_FNZK01000024.1_41
JAEWSZ010000134.1_79	NZ_FOTS01000037.1_16
JAEWSZ010000134.1_79	NZ_FQXU01000020.1_41
JAEWSZ010000134.1_79	NZ_FUWR01000020.1_35
JAEWSZ010000134.1_79	NZ_FRDN01000007.1_291
JAEWRL010000147.1_45	JAEWRL010000147.1_45
JAEXTK010000206.1_1	JAEXTK010000206.1_1
JAEYKI010000015.1_48	JAEYKI010000015.1_48
JAUXNY010000099.1_19	JAUXNY010000099.1_19
JAUXNY010000099.1_19	JAGXSZ010000017.1_21
JAUXNY010000099.1_19	JACRHD010000067.1_124
JAUXNY010000099.1_19	MHDU01000080.1_35
JAUXNY010000099.1_19	MHEE01000009.1_172
JAUXNY010000099.1_19	BDTQ01000100.1_1
JAUXNY010000099.1_19	BDTQ01000234.1_2
JAUXNY010000099.1_19	DMNE01000122.1_1
JAUXNY010000099.1_19	SCSY01000135.1_22
JAUXNY010000099.1_19	DRDE01000204.1_8
JAUXNY010000099.1_19	DRKX01000122.1_9
JAUXNY010000099.1_19	JAADIE010000098.1_20
JAUXNY010000099.1_19	JAADFS010000266.1_2
JAUXNY010000099.1_19	JADFXU010000038.1_9
JAUXNY010000099.1_19	WGER01000001.1_9
JAUXNY010000099.1_19	JACPZK010000022.1_60
JAUXNY010000099.1_19	JACRGY010000106.1_16
JAUXNY010000099.1_19	JACREW010000217.1_4
JAUXNY010000099.1_19	JACROP010000056.1_4
JAUXNY010000099.1_19	JACRHE010000068.1_18
JAUXNY010000099.1_19	JAGVHR010000064.1_2
JAUXNY010000099.1_19	JAGUWD010000007.1_206
JAUXNY010000099.1_19	DYHX01000020.1_24
JAUXNY010000099.1_19	DYHD01000041.1_4
JAUXNY010000099.1_19	JAJXTV010000007.1_88
JAUXNY010000099.1_19	JAJYJJ010000024.1_25
JAUXNY010000099.1_19	JAJYGJ010000146.1_9
JAUXNY010000099.1_19	JAJYXI010000038.1_43
JAUXNY010000099.1_19	JAJYVD010000002.1_72
JAUXNY010000099.1_19	JAJYQA010000029.1_146
JAUXNY010000099.1_19	JAJZPM010000002.1_127
JAUXNY010000099.1_19	JAKAMR010000044.1_5
JAUXNY010000099.1_19	JAKAKS010000022.1_100
JAUXNY010000099.1_19	JAKAHZ010000006.1_51
JAUXNY010000099.1_19	JAKAHV010000031.1_20
JAUXNY010000099.1_19	JAKBYX010000015.1_31
JAUXNY010000099.1_19	JAOAGP010000122.1_1
JAUXNY010000099.1_19	JALSHG010000058.1_4
JAUXNY010000099.1_19	NZ_AP022873.1_255
JAUXNY010000099.1_19	JAADGG010000047.1_9
JAUXNY010000099.1_19	MTOU01000029.1_17
JAUXNY010000099.1_19	JAJRYC010000090.1_56
JAUXNY010000099.1_19	CALEDV010000012.1_20
JAUPKQ010000238.1_4	JAUPKQ010000238.1_4
JAUPKJ010000284.1_2	JAUPKJ010000284.1_2
JAUPKJ010000290.1_7	JAUPKJ010000290.1_7
JAUPKJ010000290.1_7	JAUPKQ010000072.1_5
JAIRWC010000010.1_8	JAIRWC010000010.1_8
JAIRWC010000010.1_8	JAIRWE010000079.1_3
JAIRSO010000082.1_1	JAIRSO010000082.1_1
JAIRRS010000071.1_5	JAIRRS010000071.1_5
JAIRRS010000071.1_5	JAIRRS010000098.1_10
JAIRRS010000071.1_5	JAISDK010000099.1_3
JAIRRS010000071.1_5	JAIRXI010000036.1_5
JAIRRS010000071.1_5	DCFW01000034.1_23
JAIRRS010000071.1_5	JAITUU010000001.1_11
JAIRRS010000071.1_5	JAATGU010000151.1_12
JAIRRS010000071.1_5	JAUZOO010000013.1_26
JAIRRS010000071.1_5	JARLGW010000005.1_33
JAIRRS010000071.1_5	JAITPV010000013.1_6
JAIRPZ010000212.1_3	JAIRPZ010000212.1_3
JAIRPZ010000212.1_3	LVBL01000030.1_11
JAIRPZ010000212.1_3	QKAR01000145.1_49
JAIRPZ010000212.1_3	QJZS01000199.1_1
JAIRPZ010000212.1_3	QKEL01000008.1_525
JAIRPZ010000212.1_3	JAEWMY010000028.1_7
JAIRPZ010000212.1_3	JAEZST010000022.1_15
JAIRPZ010000212.1_3	JAKPSR010000432.1_2
JAIRPZ010000212.1_3	JAIRMP010000172.1_5
JAIRPZ010000212.1_3	JAIRLU010000039.1_10
JAIRPZ010000212.1_3	JAIRKM010000080.1_10
JAIRPZ010000212.1_3	JAISJZ010000398.1_2
JAIRPZ010000212.1_3	JAISZO010000340.1_5
JAIRPZ010000212.1_3	JAISRD010000102.1_1
JAIRPZ010000212.1_3	JAISQV010000092.1_3
JAIRPZ010000212.1_3	JAISQU010000240.1_10
JAIRPZ010000212.1_3	JAISQS010000039.1_1
JAIRPZ010000212.1_3	JAISQH010000579.1_2
JAIRPZ010000212.1_3	JAISPY010000277.1_5
JAIRPZ010000212.1_3	JAISOX010000121.1_10
JAIRPZ010000212.1_3	JAITLF010000069.1_4
JAIRPZ010000212.1_3	JAITKS010000452.1_8
JAIRPZ010000212.1_3	JAITJW010000076.1_2
JAIRPZ010000212.1_3	JAITHL010000210.1_16
JAIRPZ010000212.1_3	JAITDV010000225.1_4
JAIRPZ010000212.1_3	JAITSE010000027.1_15
JAIRPZ010000212.1_3	JAITRJ010000007.1_10
JAIRPZ010000212.1_3	JAITQV010000187.1_2
JAIRPZ010000212.1_3	JAITQR010000168.1_2
JAIRPZ010000212.1_3	JAITQJ010000256.1_15
JAIRPZ010000212.1_3	JAITOZ010000133.1_6
JAIRPZ010000212.1_3	NC_015577.1_2585
JAIRPZ010000212.1_3	NC_015578.1_1133
JAIRPZ010000212.1_3	NZ_AEEA01000066.1_60
JAIRPZ010000212.1_3	NZ_JAINWA010000003.1_647
JAIRPZ010000212.1_3	JAEXRH010000008.1_131
JAIRPZ010000212.1_3	LVBK01000047.1_4
JAIRPZ010000212.1_3	QKCE01000036.1_13
JAIRPZ010000212.1_3	JAITKQ010000189.1_15
JAIRPZ010000212.1_3	JAITPE010000027.1_1
JAIRPP010000008.1_194	JAIRPP010000008.1_194
JAIRPP010000008.1_194	JAITQH010000039.1_2
JAIRPP010000008.1_194	JAISJG010000011.1_9
JAIRPP010000008.1_194	JAISJG010000014.1_22
JAIRPP010000008.1_194	JAITTK010000076.1_12
JAIRPP010000008.1_194	JAITOF010000023.1_25
JAIRPE010000068.1_4	JAIRPE010000068.1_4
JAIRNQ010000098.1_2	JAIRNQ010000098.1_2
JAIRNN010000224.1_4	JAIRNN010000224.1_4
JAIRLW010000088.1_4	JAIRLW010000088.1_4
JAIRLW010000088.1_4	JAISZO010000249.1_4
JAIRLW010000088.1_4	JAITKS010000394.1_9
JAIRLW010000088.1_4	JAITIP010000043.1_3
JAIRLW010000088.1_4	JAITDV010000633.1_5
JAIRLW010000088.1_4	NZ_CP009498.1_694
CAKZLZ010000094.1_14	CAKZLZ010000094.1_14
CAKZLZ010000094.1_14	DIYN01000019.1_87
CAKZLZ010000094.1_14	CP120722.1_2082
CAKZLZ010000094.1_14	PXDP01000002.1_5
CALEGN010000204.1_7	CALEGN010000204.1_7
CALEGN010000204.1_7	JAEWPX010000116.1_1
CALEGN010000204.1_7	NZ_AFWT01000026.1_4
CALEGN010000204.1_7	NZ_JACHXI010000008.1_100
CALEGN010000204.1_7	NZ_BSFG01000061.1_26
CALEGN010000204.1_7	JAATGP010000008.1_10
CALEGN010000204.1_7	QKGW01000496.1_2
CALEGN010000204.1_7	JAATGN010000040.1_18
CALEGN010000204.1_7	JARLJB010000007.1_51
CALEGN010000204.1_7	CALMMQ010000017.1_8
CALEGN010000204.1_7	NZ_NQVN01000002.1_272
CALEGN010000204.1_7	NZ_PIUM01000009.1_80
CALEGN010000204.1_7	NZ_NHSJ01000060.1_17
CALEGN010000204.1_7	NZ_AP018907.1_608
CALEGN010000204.1_7	NZ_BJZO01000043.1_21
CALEGN010000204.1_7	NZ_VYKJ01000004.1_85
CALEGN010000204.1_7	NZ_WNKS01000020.1_64
CALEGN010000204.1_7	NZ_JAOQNX010000010.1_41
CALEGN010000204.1_7	NZ_FYDG01000013.1_78
CALEGN010000204.1_7	NZ_CP012946.1_2848
CALEGN010000204.1_7	NZ_VWPL01000005.1_51
CALEGN010000204.1_7	JAATGH010000045.1_8
CALEGN010000204.1_7	JAATFX010000033.1_123
CALEGN010000204.1_7	NZ_WUBS01000013.1_127
CALEGN010000204.1_7	NZ_JAAVUT010000006.1_97
CALEGN010000204.1_7	JASGMV010000030.1_18
CALEGN010000204.1_7	NZ_LKAQ01000004.1_2355
CALEGN010000204.1_7	NZ_PITQ01000001.1_492
CALEGN010000204.1_7	NZ_VFOF01000001.1_270
CALEGN010000204.1_7	NZ_VLKG01000004.1_33
CALEGN010000204.1_7	NZ_JAHFZF010000004.1_75
CALEGN010000204.1_7	NZ_SSOC01000003.1_585
CALEGN010000204.1_7	NZ_WIXJ01000009.1_22
CALELU010000006.1_59	CALELU010000006.1_59
CALCXE010000066.1_32	CALCXE010000066.1_32
CALCXE010000066.1_32	NZ_CP009501.1_94
CALCXE010000066.1_32	NZ_DAVG01000122.1_12
CALCXE010000066.1_32	NZ_JTEO01000006.1_247
CALGLN010000124.1_27	CALGLN010000124.1_27
CALGLN010000124.1_27	CAITZA010000458.1_6
CALGLN010000124.1_27	CALDNG010000494.1_1
CALGLN010000124.1_27	NZ_CP048877.1_540
CALGLN010000124.1_27	NC_018025.1_5444
CALGYL010000180.1_23	CALGYL010000180.1_23
CAMJHQ010000006.1_17	CAMJHQ010000006.1_17
CAMJHQ010000006.1_17	JAGBNF010000007.1_20
CAMJHQ010000006.1_17	JAFWRC010000194.1_11
CAMJHQ010000006.1_17	LVAT01000020.1_22
CAMJHQ010000006.1_17	SVFB01000036.1_67
CAMJHQ010000006.1_17	JAFOVD010000051.1_8
CAMJHQ010000006.1_17	JAFSPU010000012.1_130
CAMJHQ010000006.1_17	JAFUXA010000005.1_40
CAMJHQ010000006.1_17	JAFVDI010000029.1_6
CAMJHQ010000006.1_17	JAFWMQ010000008.1_163
CAMJHQ010000006.1_17	JAFXQR010000075.1_11
CAMJHQ010000006.1_17	JAFZPX010000012.1_22
CAMJHQ010000006.1_17	JAGBNK010000006.1_9
CAMJHQ010000006.1_17	JAGBMJ010000020.1_4
CAMJHQ010000006.1_17	JAGAXM010000005.1_43
CAMJHQ010000006.1_17	JAILOW010000074.1_26
CAMJHQ010000006.1_17	JAILHX010000148.1_5
CAMJHQ010000006.1_17	OMWK01000001.1_212
CAMJHQ010000006.1_17	CACWXL010000004.1_12
CAMJHQ010000006.1_17	CACYRM010000092.1_7
CAMJHQ010000006.1_17	CACZGS010000006.1_149
CAMJHQ010000006.1_17	CACZML010000003.1_9
CAMJHQ010000006.1_17	CADAKH010000001.1_144
CAMJHQ010000006.1_17	CADAOK010000050.1_7
CAMJHQ010000006.1_17	CAKZZH010000012.1_3
CAMJHQ010000006.1_17	CAMVGO010000074.1_2
CAMJHQ010000006.1_17	CAMVID010000015.1_16
CAMJHQ010000006.1_17	CAMYXF010000009.1_68
CAMJHQ010000006.1_17	NZ_AUJO01000002.1_210
CAMJHQ010000006.1_17	NZ_KE384157.1_165
CAMJHQ010000006.1_17	NZ_PDYG01000007.1_5
CAMLDI010000045.1_16	CAMLDI010000045.1_16
CAMLDI010000045.1_16	CALNBV010000093.1_5
CAMLDI010000045.1_16	NZ_LN881723.1_317
CAMLDI010000045.1_16	NZ_KE387171.1_235
CAMLDI010000045.1_16	JAEWGW010000015.1_44
CAMLDI010000045.1_16	JAEWGW010000013.1_53
CAMLDI010000045.1_16	JAEWMH010000144.1_29
CAMLDI010000045.1_16	JAQSYT010000082.1_6
CAMLDI010000045.1_16	JAQSYI010000041.1_29
CAMLDI010000045.1_16	NZ_CP004078.1_3769
CAMLDI010000045.1_16	NZ_CP009288.1_4087
CAMLDI010000045.1_16	NZ_CP009286.1_4038
CAMLDI010000045.1_16	NZ_CP009428.1_4899
CAMLDI010000045.1_16	NZ_CP011114.1_3302
CAMLDI010000045.1_16	NZ_CP021780.1_5208
CAMLDI010000045.1_16	NZ_QMFA01000008.1_138
CAMLDI010000045.1_16	NZ_RQPI01000003.1_253
CAMLDI010000045.1_16	NZ_VYKK01000021.1_17
CAMLDI010000045.1_16	NZ_JAHCMB010000061.1_28
NZ_JMKT01000002.1_27	NZ_JMKT01000002.1_27
NZ_JMKT01000002.1_27	NZ_ACJN02000001.1_320
NZ_JMKT01000002.1_27	PWGS01000305.1_5
NZ_JMKT01000002.1_27	NZ_KN882176.1_59
NZ_JNLQ01000002.1_739	NZ_JNLQ01000002.1_739
NZ_JNLQ01000002.1_739	JAEEVF010000014.1_19
NZ_JNLQ01000002.1_739	CAMKQH010000003.1_107
NZ_JNLQ01000002.1_739	NZ_FOKR01000003.1_167
NZ_JNLQ01000002.1_739	NZ_CAMVPU010000001.1_24
NZ_JNLQ01000002.1_739	JAEYMU010000007.1_58
NZ_CP009288.1_2261	NZ_CP009288.1_2261
NZ_CP009288.1_2261	NZ_ASSD01000655.1_6
NZ_JYNO01000012.1_51	NZ_JYNO01000012.1_51
NZ_JYNO01000012.1_51	SKYX01000079.1_12
NZ_JYNO01000012.1_51	REDL01000067.1_22
NZ_JYNO01000012.1_51	JAGVGH010000044.1_7
NZ_JYNO01000012.1_51	JAHEEB010000338.1_1
NZ_JYNO01000012.1_51	CAILNX010000043.1_127
NZ_JYNO01000012.1_51	NZ_ATHV01000020.1_10
NZ_JYNO01000012.1_51	NZ_AUBP01000007.1_118
NZ_JYNO01000012.1_51	NZ_KI912608.1_870
NZ_JYNO01000012.1_51	NZ_JPIK01000011.1_120
NZ_JYNO01000012.1_51	NZ_PZKN01000004.1_114
NZ_CP005974.1_2543	NZ_CP005974.1_2543
NZ_BAZG01000015.1_38	NZ_BAZG01000015.1_38
NZ_BAZG01000015.1_38	NZ_JALCYY010000010.1_53
NZ_CP009503.1_860	NZ_CP009503.1_860
NZ_CP009503.1_860	MDTP02000079.1_26
NZ_CP009503.1_860	DAQQ01000257.1_20
NZ_CP009503.1_860	PLUB01000010.1_109
NZ_CP009503.1_860	JAENZL010000011.1_62
NZ_CP009503.1_860	JADGNM010000057.1_1
NZ_CP009503.1_860	JAEWQJ010000036.1_31
NZ_CP009503.1_860	JAMXHR010000001.1_451
NZ_CP009503.1_860	JAMXLQ010000113.1_20
NZ_CP009503.1_860	DAOUSW010000006.1_3
NZ_CP009503.1_860	JAUPKV010000694.1_9
NZ_CP009503.1_860	CALCXE010000011.1_9
NZ_CP009503.1_860	NC_003552.1_4100
NZ_CP009503.1_860	NZ_CP009526.1_860
NZ_CP009503.1_860	NZ_CP009528.1_3032
NZ_CP009503.1_860	NZ_CP009506.1_3465
NZ_CP009503.1_860	NZ_CP009512.1_621
NZ_CP009503.1_860	NZ_CP009516.1_737
NZ_CP009503.1_860	NZ_LMVP01000001.1_8
NZ_CP009503.1_860	NZ_DAVG01000112.1_113
NZ_CP009503.1_860	NZ_SCHL01000008.1_93
NZ_CP009503.1_860	NZ_WJBI01000001.1_578
NZ_CP009503.1_860	NZ_VOUA01000001.1_367
NZ_CP009503.1_860	NZ_JAQUVZ010000006.1_11
NZ_SJFN01000007.1_48	NZ_SJFN01000007.1_48
NZ_SJFN01000007.1_48	JARLIT010000233.1_18
NZ_SJFN01000007.1_48	JAEZHI010000020.1_11
NZ_SJFN01000007.1_48	CALMMQ010000115.1_20
NZ_SJFN01000007.1_48	NZ_NQVN01000013.1_37
NZ_SJFN01000007.1_48	NZ_QNRK01000002.1_90
NZ_SMGG01000003.1_743	NZ_SMGG01000003.1_743
NZ_SMGG01000003.1_743	DKFP01000008.1_6
NZ_SMGG01000003.1_743	NZ_JAJOIL010000001.1_141
NZ_SMGG01000003.1_743	NZ_JAJUIS010000007.1_43
NZ_SMGG01000003.1_743	PKTM01000026.1_24
NZ_SMGG01000003.1_743	PKTN01000001.1_166
NZ_SMGG01000004.1_639	NZ_SMGG01000004.1_639
NZ_SLUN01000019.1_21	NZ_SLUN01000019.1_21
NZ_SLUN01000019.1_21	QKMY01000053.1_32
NZ_SLUN01000019.1_21	DNPP01000068.1_28
NZ_SLUN01000019.1_21	JAEVYU010000029.1_35
NZ_SLUN01000019.1_21	JAEXFN010000017.1_88
NZ_SLUN01000019.1_21	JAEXDA010000043.1_309
NZ_SLUN01000019.1_21	JAEZKW010000013.1_6
NZ_SLUN01000019.1_21	JAFABB010000014.1_111
NZ_SLUN01000019.1_21	JAEZCE010000027.1_99
NZ_SLUN01000019.1_21	SKJB01000067.1_16
NZ_SLUN01000019.1_21	JACRCS010000009.1_4
NZ_SLUN01000019.1_21	JAEZFP010000068.1_314
NZ_SLUN01000019.1_21	JAEYPR010000010.1_237
NZ_SLUN01000019.1_21	JAEYRX010000032.1_46
NZ_SLUN01000019.1_21	JAEZKC010000002.1_107
NZ_SLUN01000019.1_21	JAEZJQ010000049.1_7
NZ_SLUN01000019.1_21	JAKPCT010000207.1_26
NZ_SLUN01000019.1_21	JAKOTQ010000001.1_55
NZ_SLUN01000019.1_21	JAKOSX010000085.1_12
NZ_SLUN01000019.1_21	JARKQY010000046.1_30
NZ_SLUN01000019.1_21	NZ_FQVB01000048.1_6
NZ_SLUN01000019.1_21	JACIYN010000036.1_27
NZ_PTQW01000022.1_86	NZ_PTQW01000022.1_86
NZ_QFFZ01000025.1_39	NZ_QFFZ01000025.1_39
NZ_QFFZ01000025.1_39	DHGV01000056.1_12
NZ_LXQB01000023.1_68	NZ_LXQB01000023.1_68
NZ_LXQB01000023.1_68	JAFS01000001.1_953
NZ_LXQB01000023.1_68	LM997411.1_2061
NZ_LXQB01000023.1_68	JAQTUK010000015.1_9
NZ_LXQB01000023.1_68	NC_010794.1_1621
NZ_LXQB01000023.1_68	NZ_AEWG01000097.1_7
NZ_LXQB01000023.1_68	NZ_CP037899.1_419
NZ_LXQB01000023.1_68	NZ_CP065957.1_815
NZ_LXQB01000023.1_68	NZ_CP066203.1_562
NZ_LXQB01000023.1_68	NZ_LR797830.1_913
NZ_LXQB01000023.1_68	NSJJ01000007.1_96
NZ_LXQB01000023.1_68	JAUSBJ010000033.1_63
NZ_LXQB01000023.1_68	NZ_CP014671.1_48
NZ_LXQB01000023.1_68	NZ_AP022853.1_966
NZ_LXQB01000023.1_68	NZ_MTJN01000002.1_2620
NZ_LXQB01000023.1_68	MERT01000015.1_81
NZ_LXQB01000023.1_68	MGZO01000020.1_16
NZ_LXQB01000023.1_68	NCGX01000016.1_44
NZ_LXQB01000023.1_68	DHWX01000009.1_50
NZ_LXQB01000023.1_68	PHCC01000012.1_60
NZ_LXQB01000023.1_68	PKWM01000026.1_66
NZ_LXQB01000023.1_68	WOZS01000025.1_15
NZ_LXQB01000023.1_68	JAECRO010000012.1_27
NZ_LXQB01000023.1_68	JADJDQ010000002.1_437
NZ_LXQB01000023.1_68	JADJBS010000002.1_157
NZ_LXQB01000023.1_68	JADJFE010000013.1_146
NZ_LXQB01000023.1_68	JADJLP010000001.1_115
NZ_LXQB01000023.1_68	JADKAW010000058.1_23
NZ_LXQB01000023.1_68	JADGQO010000200.1_23
NZ_LXQB01000023.1_68	JAGNWJ010000062.1_12
NZ_LXQB01000023.1_68	JAHJNN010000008.1_299
NZ_LXQB01000023.1_68	JAHJHI010000039.1_121
NZ_LXQB01000023.1_68	JAHJRA010000031.1_76
NZ_LXQB01000023.1_68	JAJYMO010000044.1_11
NZ_LXQB01000023.1_68	JAJYPN010000048.1_8
NZ_LXQB01000023.1_68	JAKABO010000001.1_158
NZ_LXQB01000023.1_68	JAJYYK010000002.1_193
NZ_LXQB01000023.1_68	JAJZRS010000027.1_6
NZ_LXQB01000023.1_68	JAJZRP010000015.1_24
NZ_LXQB01000023.1_68	JAJZRE010000004.1_21
NZ_LXQB01000023.1_68	JAJZFH010000031.1_4
NZ_LXQB01000023.1_68	JAKANO010000010.1_81
NZ_LXQB01000023.1_68	JAKBJU010000001.1_9
NZ_LXQB01000023.1_68	JAJZUU010000023.1_15
NZ_LXQB01000023.1_68	JALHPY010000022.1_26
NZ_LXQB01000023.1_68	JAEWVY010000026.1_5
NZ_LXQB01000023.1_68	JAQTSL010000032.1_1
NZ_LXQB01000023.1_68	JAGWTU010000060.1_11
NZ_LXQB01000023.1_68	JAURYH010000021.1_61
NZ_LXQB01000023.1_68	JAVBXK010000036.1_25
NZ_LXQB01000023.1_68	JAISNB010000203.1_4
NZ_LXQB01000023.1_68	JARLJL010000009.1_261
NZ_LXQB01000023.1_68	CAIJRK010000061.1_31
NZ_LXQB01000023.1_68	CAIMZI010000125.1_67
NZ_LXQB01000023.1_68	CAIOAQ010000105.1_9
NZ_LXQB01000023.1_68	CAIVHU010000001.1_41
NZ_LXQB01000023.1_68	CAIVLG010000099.1_34
NZ_LXQB01000023.1_68	CAIXNB010000098.1_8
NZ_LXQB01000023.1_68	CAIYDK010000047.1_28
NZ_LXQB01000023.1_68	CAIYYA010000184.1_8
NZ_LXQB01000023.1_68	CAJAVE010000221.1_26
NZ_LXQB01000023.1_68	CALMQI010000445.1_22
NZ_LXQB01000023.1_68	NC_008781.1_2354
NZ_LXQB01000023.1_68	NC_010524.1_1430
NZ_LXQB01000023.1_68	NZ_AQUR01000058.1_4
NZ_LXQB01000023.1_68	NZ_KB901877.1_195
NZ_LXQB01000023.1_68	NZ_AUFE01000097.1_11
NZ_LXQB01000023.1_68	NZ_BBJH01000048.1_50
NZ_LXQB01000023.1_68	NZ_BBJJ01000077.1_9
NZ_LXQB01000023.1_68	NZ_BBQM01000004.1_88
NZ_LXQB01000023.1_68	NZ_CP009632.1_493
NZ_LXQB01000023.1_68	NZ_BCTF01000008.1_119
NZ_LXQB01000023.1_68	NZ_BCWR01000011.1_159
NZ_LXQB01000023.1_68	NZ_CP016448.1_1198
NZ_LXQB01000023.1_68	NZ_MCNV01000028.1_18
NZ_LXQB01000023.1_68	NZ_CP013421.1_216
NZ_LXQB01000023.1_68	NZ_MSYM01000011.1_93
NZ_LXQB01000023.1_68	NZ_MUNZ01000131.1_37
NZ_LXQB01000023.1_68	NZ_CP021138.1_150
NZ_LXQB01000023.1_68	NZ_CP022423.1_581
NZ_LXQB01000023.1_68	NZ_PIUM01000010.1_27
NZ_LXQB01000023.1_68	NZ_PTIR01000032.1_44
NZ_LXQB01000023.1_68	NZ_PYUC01000021.1_22
NZ_LXQB01000023.1_68	NZ_QEOL01000030.1_71
NZ_LXQB01000023.1_68	NZ_QJJS01000014.1_56
NZ_LXQB01000023.1_68	NZ_QEII01000297.1_145
NZ_LXQB01000023.1_68	NZ_QLKU01000010.1_98
NZ_LXQB01000023.1_68	NZ_BGOW01000006.1_91
NZ_LXQB01000023.1_68	NZ_RJZE01000003.1_153
NZ_LXQB01000023.1_68	NZ_SELS01000114.1_8
NZ_LXQB01000023.1_68	NZ_SMBU01000003.1_111
NZ_LXQB01000023.1_68	NZ_SMOD01000089.1_7
NZ_LXQB01000023.1_68	NZ_VIDT01000045.1_14
NZ_LXQB01000023.1_68	NZ_WHNQ01000029.1_65
NZ_LXQB01000023.1_68	NZ_AP021881.1_419
NZ_LXQB01000023.1_68	NZ_VYGV01000025.1_232
NZ_LXQB01000023.1_68	NZ_SZVI01000001.1_268
NZ_LXQB01000023.1_68	NZ_JACIZD010000016.1_56
NZ_LXQB01000023.1_68	NZ_BMLK01000002.1_173
NZ_LXQB01000023.1_68	NZ_JADJJI010000015.1_356
NZ_LXQB01000023.1_68	NZ_JAGIQA010000076.1_4
NZ_LXQB01000023.1_68	NZ_JAHFZF010000007.1_17
NZ_LXQB01000023.1_68	NZ_JADMKB010000003.1_167
NZ_LXQB01000023.1_68	NZ_AP024238.1_689
NZ_LXQB01000023.1_68	NZ_JAHBAG010000001.1_2410
NZ_LXQB01000023.1_68	NZ_JAJCTH010000015.1_39
NZ_LXQB01000023.1_68	NZ_CP063400.1_1530
NZ_LXQB01000023.1_68	NZ_JALHLG010000003.1_225
NZ_LXQB01000023.1_68	NZ_JALHRX010000039.1_4
NZ_LXQB01000023.1_68	NZ_JAMBPR010000138.1_7
NZ_LXQB01000023.1_68	NZ_JANINI010000006.1_113
NZ_LXQB01000023.1_68	NZ_JANINH010000001.1_123
NZ_LXQB01000023.1_68	NZ_BSPB01000020.1_3
NZ_LXQB01000023.1_68	NZ_CP125297.1_511
NZ_LXQB01000023.1_68	NZ_JAUSOO010000047.1_27
NZ_LXQB01000023.1_68	NZ_JAUYRO010000052.1_46
NZ_LXQB01000023.1_68	NZ_JAUYQD010000034.1_31
NZ_LXQB01000023.1_68	NZ_JAUSRO010000021.1_28
NZ_LXQB01000023.1_68	NZ_CYGX02000044.1_58
NZ_LXQB01000023.1_68	NZ_LT607803.1_1235
NZ_LXQB01000023.1_68	NZ_FMYQ01000010.1_34
NZ_LXQB01000023.1_68	NZ_FNSR01000003.1_624
NZ_LXQB01000023.1_68	NZ_LT977072.1_36
NZ_LXQB01000023.1_68	NZ_LT984805.1_308
NZ_LXQB01000023.1_68	NZ_CAJGBN010000011.1_19
NZ_LXQB01000023.1_68	NZ_SLXD01000012.1_77
NZ_PGGK01000004.1_118	NZ_PGGK01000004.1_118
NZ_PGGK01000004.1_118	CP003083.1_1272
NZ_PGGK01000004.1_118	DANZ01000141.1_28
NZ_PGGK01000004.1_118	DAZF01000050.1_6
NZ_PGGK01000004.1_118	JAIPUR010000017.1_22
NZ_PGGK01000004.1_118	JARVGJ010000003.1_81
NZ_PGGK01000004.1_118	CP133594.1_1600
NZ_PGGK01000004.1_118	CP133592.1_948
NZ_PGGK01000004.1_118	NZ_AZAJ01000001.1_1878
NZ_PGGK01000004.1_118	NZ_MVQX01000087.1_97
NZ_PGGK01000004.1_118	NZ_MBKP01000025.1_21
NZ_PGGK01000004.1_118	NZ_VIAQ01000015.1_120
NZ_PGGK01000004.1_118	NZ_CP058215.1_399
NZ_PGGK01000004.1_118	NZ_JADQBZ010000002.1_299
NZ_PGGK01000004.1_118	NZ_JADQBY010000002.1_214
NZ_PGGK01000004.1_118	NZ_JAGGKD010000007.1_28
NZ_PGGK01000004.1_118	NZ_JTEO01000002.1_128
NZ_PGGK01000004.1_118	NZ_JAUXNK010000015.1_31
NZ_PGGK01000004.1_118	NZ_FNCA01000003.1_233
NZ_PGGK01000004.1_118	NZ_FOUJ01000005.1_126
NZ_SPQQ01000003.1_20	NZ_SPQQ01000003.1_20
NZ_CP046640.1_700	NZ_CP046640.1_700
NZ_JAGINQ010000034.1_16	NZ_JAGINQ010000034.1_16
NZ_JAGINQ010000034.1_16	NZ_VITH01000001.1_750
NZ_JAGAYD010000135.1_14	NZ_JAGAYD010000135.1_14
NZ_CP107254.1_579	NZ_CP107254.1_579
NZ_JAJUIS010000005.1_176	NZ_JAJUIS010000005.1_176
NZ_JAKOAV010000020.1_52	NZ_JAKOAV010000020.1_52
NZ_JAKOAV010000020.1_52	NZ_JAKNBL010000052.1_19
NZ_FQXU01000006.1_177	NZ_FQXU01000006.1_177
NZ_FQXU01000006.1_177	NZ_BAEV01000114.1_1
NZ_FUXM01000011.1_31	NZ_FUXM01000011.1_31
