,C62,C88,C154,Q191,H195,C275,H442,hit,contig,score
1207_alt4,C,C,C,Q,H,C,H,1207_alt4,1207,24
1214_alt3,C,C,C,Q,H,C,H,1214_alt3,1214,24
1216_alt2,C,C,C,Q,H,C,H,1216_alt2,1216,24
1218_alt4,C,C,C,Q,H,C,H,1218_alt4,1218,24
1210_alt4,C,C,C,Q,H,C,H,1210_alt4,1210,24
1221_altall,C,C,C,Q,H,C,H,1221_altall,1221,24
1209_altall,C,C,C,Q,H,C,H,1209_altall,1209,24
1226_alt5,C,C,C,Q,H,C,H,1226_alt5,1226,24
1229_alt5,C,C,C,Q,H,C,H,1229_alt5,1229,24
1231_alt2,C,C,C,Q,H,C,H,1231_alt2,1231,24
1244_map,C,C,C,Q,H,C,H,1244_map,1244,24
1240_map,C,C,C,Q,H,C,H,1240_map,1240,24
1241_altall,C,C,C,Q,H,C,H,1241_altall,1241,24
1239_map,C,C,C,Q,H,C,H,1239_map,1239,24
1248_map,C,C,C,Q,H,C,H,1248_map,1248,24
1263_map,C,C,C,Q,H,C,H,1263_map,1263,24
1262_alt3,C,C,C,Q,H,C,H,1262_alt3,1262,24
1260_alt2,C,C,C,Q,H,C,H,1260_alt2,1260,24
1258_map,C,C,C,Q,H,C,H,1258_map,1258,24
1254_alt5,C,C,C,Q,H,C,H,1254_alt5,1254,24
1253_alt4,C,C,C,Q,H,C,H,1253_alt4,1253,24
1265_alt5,C,C,C,Q,H,C,H,1265_alt5,1265,24
1266_alt5,C,C,C,Q,H,C,H,1266_alt5,1266,24
1270_alt3,C,C,C,Q,H,C,H,1270_alt3,1270,24
1273_alt5,C,C,C,Q,H,C,H,1273_alt5,1273,24
1277_alt3,C,C,C,Q,H,C,H,1277_alt3,1277,24
1272_alt2,C,C,C,Q,H,C,H,1272_alt2,1272,24
1271_map,C,C,C,Q,H,C,H,1271_map,1271,24
1283_alt5,C,C,C,Q,H,C,H,1283_alt5,1283,24
1281_alt4,C,C,C,Q,H,C,H,1281_alt4,1281,24
1269_alt5,C,C,C,Q,H,C,H,1269_alt5,1269,24
1233_map,C,C,C,Q,H,C,H,1233_map,1233,24
1233_alt3,C,C,C,Q,H,C,H,1233_alt3,1233,24
1291_alt4,C,C,C,Q,H,C,H,1291_alt4,1291,24
1296_alt2,C,C,C,Q,H,C,H,1296_alt2,1296,24
1301_alt3,C,C,C,Q,H,C,H,1301_alt3,1301,24
1299_alt4,C,C,C,Q,H,C,H,1299_alt4,1299,24
1295_alt3,C,C,C,Q,H,C,H,1295_alt3,1295,24
1305_map,C,C,C,Q,H,C,H,1305_map,1305,24
1328_alt2,C,C,C,Q,H,C,H,1328_alt2,1328,24
1319_alt5,C,C,C,Q,H,C,H,1319_alt5,1319,24
1322_alt3,C,C,C,Q,H,C,H,1322_alt3,1322,24
1323_alt3,C,C,C,Q,H,C,H,1323_alt3,1323,24
1327_alt3,C,C,C,Q,H,C,H,1327_alt3,1327,24
1318_alt3,C,C,C,Q,H,C,H,1318_alt3,1318,24
1311_alt3,C,C,C,Q,H,C,H,1311_alt3,1311,24
1314_map,C,C,C,Q,H,C,H,1314_map,1314,24
1316_alt4,C,C,C,Q,H,C,H,1316_alt4,1316,24
1331_alt5,C,C,C,Q,H,C,H,1331_alt5,1331,24
1334_alt2,C,C,C,Q,H,C,H,1334_alt2,1334,24
1336_alt3,C,C,C,Q,H,C,H,1336_alt3,1336,24
1308_alt4,C,C,C,Q,H,C,H,1308_alt4,1308,24
1293_altall,C,C,C,Q,H,C,H,1293_altall,1293,24
1292_alt4,C,C,C,Q,H,C,H,1292_alt4,1292,24
1288_alt5,C,C,C,Q,H,C,H,1288_alt5,1288,24
1231_alt4,C,C,C,Q,H,C,H,1231_alt4,1231,24
1341_alt3,C,C,C,Q,H,C,H,1341_alt3,1341,24
1343_map,C,C,C,Q,H,C,H,1343_map,1343,24
1339_alt5,C,C,C,Q,H,C,H,1339_alt5,1339,24
1208_alt2,C,C,C,Q,H,C,H,1208_alt2,1208,24
1346_alt2,C,C,C,Q,H,C,H,1346_alt2,1346,24
1351_alt5,C,C,C,Q,H,C,H,1351_alt5,1351,24
1345_map,C,C,C,Q,H,C,H,1345_map,1345,24
1451_map,C,C,C,Q,H,C,H,1451_map,1451,24
1451_alt5,C,C,C,Q,H,C,H,1451_alt5,1451,24
1450_altall,C,C,C,Q,H,C,H,1450_altall,1450,24
1446_alt3,C,C,C,Q,H,C,H,1446_alt3,1446,24
1441_alt2,C,C,C,Q,H,C,H,1441_alt2,1441,24
1445_alt5,C,C,C,Q,H,C,H,1445_alt5,1445,24
1442_map,C,C,C,Q,H,C,H,1442_map,1442,24
1363_alt2,C,C,C,Q,H,C,H,1363_alt2,1363,24
1368_alt2,C,C,C,Q,H,C,H,1368_alt2,1368,24
1371_alt4,C,C,C,Q,H,C,H,1371_alt4,1371,24
1365_map,C,C,C,Q,H,C,H,1365_map,1365,24
1402_altall,C,C,C,Q,H,C,H,1402_altall,1402,24
1405_alt4,C,C,C,Q,H,C,H,1405_alt4,1405,24
1382_map,C,C,C,Q,H,C,H,1382_map,1382,24
1388_altall,C,C,C,Q,H,C,H,1388_altall,1388,24
1392_alt5,C,C,C,Q,H,C,H,1392_alt5,1392,24
1395_map,C,C,C,Q,H,C,H,1395_map,1395,24
1398_alt5,C,C,C,Q,H,C,H,1398_alt5,1398,24
1400_alt3,C,C,C,Q,H,C,H,1400_alt3,1400,24
1390_altall,C,C,C,Q,H,C,H,1390_altall,1390,24
1385_alt4,C,C,C,Q,H,C,H,1385_alt4,1385,24
1372_alt4,C,C,C,Q,H,C,H,1372_alt4,1372,24
1381_alt4,C,C,C,Q,H,C,H,1381_alt4,1381,24
1376_map,C,C,C,Q,H,C,H,1376_map,1376,24
1379_altall,C,C,C,Q,H,C,H,1379_altall,1379,24
1373_alt5,C,C,C,Q,H,C,H,1373_alt5,1373,24
1362_map,C,C,C,Q,H,C,H,1362_map,1362,24
1358_alt5,C,C,C,Q,H,C,H,1358_alt5,1358,24
1407_alt2,C,C,C,Q,H,C,H,1407_alt2,1407,24
1425_alt4,C,C,C,Q,H,C,H,1425_alt4,1425,24
1429_altall,C,C,C,Q,H,C,H,1429_altall,1429,24
1426_alt3,C,C,C,Q,H,C,H,1426_alt3,1426,24
1416_alt4,C,C,C,Q,H,C,H,1416_alt4,1416,24
1419_alt3,C,C,C,Q,H,C,H,1419_alt3,1419,24
1421_map,C,C,C,Q,H,C,H,1421_map,1421,24
1415_alt2,C,C,C,Q,H,C,H,1415_alt2,1415,24
1430_alt3,C,C,C,Q,H,C,H,1430_alt3,1430,24
1410_alt2,C,C,C,Q,H,C,H,1410_alt2,1410,24
1357_alt2,C,C,C,Q,H,C,H,1357_alt2,1357,24
1434_alt2,C,C,C,Q,H,C,H,1434_alt2,1434,24
1436_alt2,C,C,C,Q,H,C,H,1436_alt2,1436,24
1433_alt2,C,C,C,Q,H,C,H,1433_alt2,1433,24
1357_alt3,C,C,C,Q,H,C,H,1357_alt3,1357,24
1494_alt5,C,C,C,Q,H,C,H,1494_alt5,1494,24
1488_alt5,C,C,C,Q,H,C,H,1488_alt5,1488,24
1490_alt3,C,C,C,Q,H,C,H,1490_alt3,1490,24
1491_alt3,C,C,C,Q,H,C,H,1491_alt3,1491,24
1504_alt4,C,C,C,Q,H,C,H,1504_alt4,1504,24
1508_alt4,C,C,C,Q,H,C,H,1508_alt4,1508,24
1506_alt5,C,C,C,Q,H,C,H,1506_alt5,1506,24
1496_map,C,C,C,Q,H,C,H,1496_map,1496,24
1503_altall,C,C,C,Q,H,C,H,1503_altall,1503,24
1497_map,C,C,C,Q,H,C,H,1497_map,1497,24
1500_map,C,C,C,Q,H,C,H,1500_map,1500,24
1518_alt3,C,C,C,Q,H,C,H,1518_alt3,1518,24
1524_alt5,C,C,C,Q,H,C,H,1524_alt5,1524,24
1521_alt3,C,C,C,Q,H,C,H,1521_alt3,1521,24
1513_alt5,C,C,C,Q,H,C,H,1513_alt5,1513,24
1516_altall,C,C,C,Q,H,C,H,1516_altall,1516,24
1514_map,C,C,C,Q,H,C,H,1514_map,1514,24
1456_alt3,C,C,C,Q,H,C,H,1456_alt3,1456,24
1456_altall,C,C,C,Q,H,C,H,1456_altall,1456,24
1460_alt4,C,C,C,Q,H,C,H,1460_alt4,1460,24
1482_altall,C,C,C,Q,H,C,H,1482_altall,1482,24
1473_alt3,C,C,C,Q,H,C,H,1473_alt3,1473,24
1470_alt4,C,C,C,Q,H,C,H,1470_alt4,1470,24
1469_alt3,C,C,C,Q,H,C,H,1469_alt3,1469,24
1467_altall,C,C,C,Q,H,C,H,1467_altall,1467,24
1463_alt2,C,C,C,Q,H,C,H,1463_alt2,1463,24
1481_altall,C,C,C,Q,H,C,H,1481_altall,1481,24
1479_map,C,C,C,Q,H,C,H,1479_map,1479,24
1480_alt5,C,C,C,Q,H,C,H,1480_alt5,1480,24
1461_alt5,C,C,C,Q,H,C,H,1461_alt5,1461,24
1485_alt5,C,C,C,Q,H,C,H,1485_alt5,1485,24
820_alt3,C,C,C,Q,H,C,H,820_alt3,820,24
819_alt3,C,C,C,Q,H,C,H,819_alt3,819,24
817_alt3,C,C,C,Q,H,C,H,817_alt3,817,24
815_alt5,C,C,C,Q,H,C,H,815_alt5,815,24
812_alt2,C,C,C,Q,H,C,H,812_alt2,812,24
808_alt2,C,C,C,Q,H,C,H,808_alt2,808,24
788_alt2,C,C,C,Q,H,C,H,788_alt2,788,24
790_alt5,C,C,C,Q,H,C,H,790_alt5,790,24
785_altall,C,C,C,Q,H,C,H,785_altall,785,24
782_alt5,C,C,C,Q,H,C,H,782_alt5,782,24
775_altall,C,C,C,Q,H,C,H,775_altall,775,24
777_altall,C,C,C,Q,H,C,H,777_altall,777,24
780_alt4,C,C,C,Q,H,C,H,780_alt4,780,24
772_map,C,C,C,Q,H,C,H,772_map,772,24
783_alt3,C,C,C,Q,H,C,H,783_alt3,783,24
1538_alt5,C,C,C,Q,H,C,H,1538_alt5,1538,24
795_alt5,C,C,C,Q,H,C,H,795_alt5,795,24
800_map,C,C,C,Q,H,C,H,800_map,800,24
796_altall,C,C,C,Q,H,C,H,796_altall,796,24
794_alt4,C,C,C,Q,H,C,H,794_alt4,794,24
806_alt5,C,C,C,Q,H,C,H,806_alt5,806,24
807_alt4,C,C,C,Q,H,C,H,807_alt4,807,24
1525_alt5,C,C,C,Q,H,C,H,1525_alt5,1525,24
1527_alt5,C,C,C,Q,H,C,H,1527_alt5,1527,24
1532_altall,C,C,C,Q,H,C,H,1532_altall,1532,24
1529_altall,C,C,C,Q,H,C,H,1529_altall,1529,24
1535_alt4,C,C,C,Q,H,C,H,1535_alt4,1535,24
1534_alt4,C,C,C,Q,H,C,H,1534_alt4,1534,24
Anf_Thiorhodococcus_drewsii,C,C,C,Q,H,C,H,Anf_Thiorhodococcus_drewsii,Anf_Thiorhodococcus,24
Vnf_Paenibacillus_durus,C,C,C,Q,H,C,H,Vnf_Paenibacillus_durus,Vnf_Paenibacillus,24
Nif_ANME-2_cluster_archaeon,C,C,C,Q,H,C,H,Nif_ANME-2_cluster_archaeon,Nif_ANME-2_cluster,24
Nif_Natranaerovirga_hydrolytica,C,C,C,Q,H,C,H,Nif_Natranaerovirga_hydrolytica,Nif_Natranaerovirga,24
Nif_Petroclostridium_xylanilyticum,C,C,C,Q,H,C,H,Nif_Petroclostridium_xylanilyticum,Nif_Petroclostridium,24
Nif_Anaerobacterium_chartisolvens,C,C,C,Q,H,C,H,Nif_Anaerobacterium_chartisolvens,Nif_Anaerobacterium,24
Nif_Methanomicrobiales_archaeon_HGW-Methanomicrobiales-1,C,C,C,Q,H,C,H,Nif_Methanomicrobiales_archaeon_HGW-Methanomicrobiales-1,Nif_Methanomicrobiales_archaeon,24
Nif_Methanomassiliicoccus_luminyensis,C,C,C,Q,H,C,H,Nif_Methanomassiliicoccus_luminyensis,Nif_Methanomassiliicoccus,24
Nif_Gaiellales_bacterium,C,C,C,Q,H,C,H,Nif_Gaiellales_bacterium,Nif_Gaiellales,24
Nif_Candidatus_Azobacteroides_pseudotrichonymphae,C,C,C,Q,H,C,H,Nif_Candidatus_Azobacteroides_pseudotrichonymphae,Nif_Candidatus_Azobacteroides,24
Nif_Fibrobacteres_bacterium,C,C,C,Q,H,C,H,Nif_Fibrobacteres_bacterium,Nif_Fibrobacteres,24
Nif_Hydrogenispora_ethanolica,C,C,C,Q,H,C,H,Nif_Hydrogenispora_ethanolica,Nif_Hydrogenispora,24
Nif_Deltaproteobacteria_bacterium,C,C,C,Q,H,C,H,Nif_Deltaproteobacteria_bacterium,Nif_Deltaproteobacteria,24
Nif_Desulfobulbaceae_bacterium_DB1,C,C,C,Q,H,C,H,Nif_Desulfobulbaceae_bacterium_DB1,Nif_Desulfobulbaceae_bacterium,24
Nif_Coraliomargarita_akajimensis,C,C,C,Q,H,C,H,Nif_Coraliomargarita_akajimensis,Nif_Coraliomargarita,24
Nif_Verrucomicrobia_bacterium_S94,C,C,C,Q,H,C,H,Nif_Verrucomicrobia_bacterium_S94,Nif_Verrucomicrobia_bacterium,24
Nif_Methanothermococcus_okinawensis,C,C,C,Q,H,C,H,Nif_Methanothermococcus_okinawensis,Nif_Methanothermococcus,24
Nif_Rhodopseudomonas_palustris,C,C,C,Q,H,C,H,Nif_Rhodopseudomonas_palustris,Nif_Rhodopseudomonas,24
Nif_Acuticoccus_sp_PTG4-2,C,C,C,Q,H,C,H,Nif_Acuticoccus_sp_PTG4-2,Nif_Acuticoccus_sp,24
Nif_Telmatospirillum_siberiense,C,C,C,Q,H,C,H,Nif_Telmatospirillum_siberiense,Nif_Telmatospirillum,24
Vnf_Azomonas_agilis,C,C,C,Q,H,C,H,Vnf_Azomonas_agilis,Vnf_Azomonas,24
Nif_Oceanospirillaceae_bacterium,C,C,C,Q,H,C,H,Nif_Oceanospirillaceae_bacterium,Nif_Oceanospirillaceae,24
Nif_Blastopirellula_marina,C,C,C,Q,H,C,H,Nif_Blastopirellula_marina,Nif_Blastopirellula,24
Nif_Candidatus_Lambdaproteobacteria_bacterium_RIFOXYC1_FULL_56_13,C,C,C,Q,H,C,H,Nif_Candidatus_Lambdaproteobacteria_bacterium_RIFOXYC1_FULL_56_13,Nif_Candidatus_Lambdaproteobacteria_bacterium_RIFOXYC1_FULL_56,24
Nif_Thermodesulfovibrio_aggregans,C,C,C,Q,H,C,H,Nif_Thermodesulfovibrio_aggregans,Nif_Thermodesulfovibrio,24
Nif_Frankia_canadensis,C,C,C,Q,H,C,H,Nif_Frankia_canadensis,Nif_Frankia,24
Nif_Gorillibacterium_timonense,C,C,C,Q,H,C,H,Nif_Gorillibacterium_timonense,Nif_Gorillibacterium,24
Nif_Roseiflexus_castenholzii,C,C,C,Q,H,C,H,Nif_Roseiflexus_castenholzii,Nif_Roseiflexus,24
1207_alt5,C,C,C,Q,H,C,H,1207_alt5,1207,24
1215_alt2,C,C,C,Q,H,C,H,1215_alt2,1215,24
1216_map,C,C,C,Q,H,C,H,1216_map,1216,24
1216_altall,C,C,C,Q,H,C,H,1216_altall,1216,24
1210_alt2,C,C,C,Q,H,C,H,1210_alt2,1210,24
1221_alt5,C,C,C,Q,H,C,H,1221_alt5,1221,24
1223_altall,C,C,C,Q,H,C,H,1223_altall,1223,24
1226_alt2,C,C,C,Q,H,C,H,1226_alt2,1226,24
1229_map,C,C,C,Q,H,C,H,1229_map,1229,24
1232_alt2,C,C,C,Q,H,C,H,1232_alt2,1232,24
1244_alt2,C,C,C,Q,H,C,H,1244_alt2,1244,24
1240_alt2,C,C,C,Q,H,C,H,1240_alt2,1240,24
1239_alt2,C,C,C,Q,H,C,H,1239_alt2,1239,24
1239_alt3,C,C,C,Q,H,C,H,1239_alt3,1239,24
1248_alt4,C,C,C,Q,H,C,H,1248_alt4,1248,24
1263_alt5,C,C,C,Q,H,C,H,1263_alt5,1263,24
1262_alt4,C,C,C,Q,H,C,H,1262_alt4,1262,24
1260_map,C,C,C,Q,H,C,H,1260_map,1260,24
1258_alt5,C,C,C,Q,H,C,H,1258_alt5,1258,24
1254_altall,C,C,C,Q,H,C,H,1254_altall,1254,24
1253_alt3,C,C,C,Q,H,C,H,1253_alt3,1253,24
1265_alt2,C,C,C,Q,H,C,H,1265_alt2,1265,24
1266_map,C,C,C,Q,H,C,H,1266_map,1266,24
1270_alt2,C,C,C,Q,H,C,H,1270_alt2,1270,24
1273_map,C,C,C,Q,H,C,H,1273_map,1273,24
1277_altall,C,C,C,Q,H,C,H,1277_altall,1277,24
1279_map,C,C,C,Q,H,C,H,1279_map,1279,24
1280_map,C,C,C,Q,H,C,H,1280_map,1280,24
1283_alt4,C,C,C,Q,H,C,H,1283_alt4,1283,24
1281_alt5,C,C,C,Q,H,C,H,1281_alt5,1281,24
1268_altall,C,C,C,Q,H,C,H,1268_altall,1268,24
1233_alt5,C,C,C,Q,H,C,H,1233_alt5,1233,24
1233_alt4,C,C,C,Q,H,C,H,1233_alt4,1233,24
1290_alt4,C,C,C,Q,H,C,H,1290_alt4,1290,24
1297_alt3,C,C,C,Q,H,C,H,1297_alt3,1297,24
1301_altall,C,C,C,Q,H,C,H,1301_altall,1301,24
1298_alt4,C,C,C,Q,H,C,H,1298_alt4,1298,24
1295_alt5,C,C,C,Q,H,C,H,1295_alt5,1295,24
1305_alt2,C,C,C,Q,H,C,H,1305_alt2,1305,24
1328_alt3,C,C,C,Q,H,C,H,1328_alt3,1328,24
1319_alt4,C,C,C,Q,H,C,H,1319_alt4,1319,24
1322_alt4,C,C,C,Q,H,C,H,1322_alt4,1322,24
1323_alt2,C,C,C,Q,H,C,H,1323_alt2,1323,24
1327_altall,C,C,C,Q,H,C,H,1327_altall,1327,24
1317_alt5,C,C,C,Q,H,C,H,1317_alt5,1317,24
1311_altall,C,C,C,Q,H,C,H,1311_altall,1311,24
1313_map,C,C,C,Q,H,C,H,1313_map,1313,24
1315_alt2,C,C,C,Q,H,C,H,1315_alt2,1315,24
1331_alt2,C,C,C,Q,H,C,H,1331_alt2,1331,24
1334_alt5,C,C,C,Q,H,C,H,1334_alt5,1334,24
1336_altall,C,C,C,Q,H,C,H,1336_altall,1336,24
1306_alt2,C,C,C,Q,H,C,H,1306_alt2,1306,24
1293_alt3,C,C,C,Q,H,C,H,1293_alt3,1293,24
1292_alt2,C,C,C,Q,H,C,H,1292_alt2,1292,24
1288_map,C,C,C,Q,H,C,H,1288_map,1288,24
1231_map,C,C,C,Q,H,C,H,1231_map,1231,24
1341_map,C,C,C,Q,H,C,H,1341_map,1341,24
1343_alt4,C,C,C,Q,H,C,H,1343_alt4,1343,24
1230_alt3,C,C,C,Q,H,C,H,1230_alt3,1230,24
1207_altall,C,C,C,Q,H,C,H,1207_altall,1207,24
1350_altall,C,C,C,Q,H,C,H,1350_altall,1350,24
1349_alt4,C,C,C,Q,H,C,H,1349_alt4,1349,24
1345_alt2,C,C,C,Q,H,C,H,1345_alt2,1345,24
1452_alt3,C,C,C,Q,H,C,H,1452_alt3,1452,24
1451_alt2,C,C,C,Q,H,C,H,1451_alt2,1451,24
1450_alt5,C,C,C,Q,H,C,H,1450_alt5,1450,24
1353_alt3,C,C,C,Q,H,C,H,1353_alt3,1353,24
1441_alt4,C,C,C,Q,H,C,H,1441_alt4,1441,24
1445_alt3,C,C,C,Q,H,C,H,1445_alt3,1445,24
1440_altall,C,C,C,Q,H,C,H,1440_altall,1440,24
1363_map,C,C,C,Q,H,C,H,1363_map,1363,24
1368_altall,C,C,C,Q,H,C,H,1368_altall,1368,24
1370_map,C,C,C,Q,H,C,H,1370_map,1370,24
1367_map,C,C,C,Q,H,C,H,1367_map,1367,24
1403_altall,C,C,C,Q,H,C,H,1403_altall,1403,24
1405_alt2,C,C,C,Q,H,C,H,1405_alt2,1405,24
1382_alt2,C,C,C,Q,H,C,H,1382_alt2,1382,24
1389_alt2,C,C,C,Q,H,C,H,1389_alt2,1389,24
1392_alt3,C,C,C,Q,H,C,H,1392_alt3,1392,24
1395_alt3,C,C,C,Q,H,C,H,1395_alt3,1395,24
1398_altall,C,C,C,Q,H,C,H,1398_altall,1398,24
1400_map,C,C,C,Q,H,C,H,1400_map,1400,24
1389_altall,C,C,C,Q,H,C,H,1389_altall,1389,24
1385_map,C,C,C,Q,H,C,H,1385_map,1385,24
1372_alt2,C,C,C,Q,H,C,H,1372_alt2,1372,24
1381_alt3,C,C,C,Q,H,C,H,1381_alt3,1381,24
1377_map,C,C,C,Q,H,C,H,1377_map,1377,24
1379_alt4,C,C,C,Q,H,C,H,1379_alt4,1379,24
1373_map,C,C,C,Q,H,C,H,1373_map,1373,24
1362_alt5,C,C,C,Q,H,C,H,1362_alt5,1362,24
1358_map,C,C,C,Q,H,C,H,1358_map,1358,24
1406_alt5,C,C,C,Q,H,C,H,1406_alt5,1406,24
1425_alt5,C,C,C,Q,H,C,H,1425_alt5,1425,24
1429_alt4,C,C,C,Q,H,C,H,1429_alt4,1429,24
1414_altall,C,C,C,Q,H,C,H,1414_altall,1414,24
1416_altall,C,C,C,Q,H,C,H,1416_altall,1416,24
1419_alt4,C,C,C,Q,H,C,H,1419_alt4,1419,24
1421_alt4,C,C,C,Q,H,C,H,1421_alt4,1421,24
1415_map,C,C,C,Q,H,C,H,1415_map,1415,24
1430_alt5,C,C,C,Q,H,C,H,1430_alt5,1430,24
1410_alt5,C,C,C,Q,H,C,H,1410_alt5,1410,24
1431_alt3,C,C,C,Q,H,C,H,1431_alt3,1431,24
1434_alt5,C,C,C,Q,H,C,H,1434_alt5,1434,24
1436_map,C,C,C,Q,H,C,H,1436_map,1436,24
1432_alt5,C,C,C,Q,H,C,H,1432_alt5,1432,24
1354_alt5,C,C,C,Q,H,C,H,1354_alt5,1354,24
1494_alt2,C,C,C,Q,H,C,H,1494_alt2,1494,24
1488_alt3,C,C,C,Q,H,C,H,1488_alt3,1488,24
1490_alt4,C,C,C,Q,H,C,H,1490_alt4,1490,24
1491_map,C,C,C,Q,H,C,H,1491_map,1491,24
1504_alt2,C,C,C,Q,H,C,H,1504_alt2,1504,24
1508_map,C,C,C,Q,H,C,H,1508_map,1508,24
1506_altall,C,C,C,Q,H,C,H,1506_altall,1506,24
1496_alt3,C,C,C,Q,H,C,H,1496_alt3,1496,24
1503_alt2,C,C,C,Q,H,C,H,1503_alt2,1503,24
1497_alt5,C,C,C,Q,H,C,H,1497_alt5,1497,24
1500_alt3,C,C,C,Q,H,C,H,1500_alt3,1500,24
1522_altall,C,C,C,Q,H,C,H,1522_altall,1522,24
1523_altall,C,C,C,Q,H,C,H,1523_altall,1523,24
1519_altall,C,C,C,Q,H,C,H,1519_altall,1519,24
1517_alt4,C,C,C,Q,H,C,H,1517_alt4,1517,24
1516_alt3,C,C,C,Q,H,C,H,1516_alt3,1516,24
1514_alt3,C,C,C,Q,H,C,H,1514_alt3,1514,24
1456_map,C,C,C,Q,H,C,H,1456_map,1456,24
1455_altall,C,C,C,Q,H,C,H,1455_altall,1455,24
1460_map,C,C,C,Q,H,C,H,1460_map,1460,24
1482_alt2,C,C,C,Q,H,C,H,1482_alt2,1482,24
1473_map,C,C,C,Q,H,C,H,1473_map,1473,24
1470_alt5,C,C,C,Q,H,C,H,1470_alt5,1470,24
1469_alt4,C,C,C,Q,H,C,H,1469_alt4,1469,24
1468_altall,C,C,C,Q,H,C,H,1468_altall,1468,24
1463_alt3,C,C,C,Q,H,C,H,1463_alt3,1463,24
1481_alt2,C,C,C,Q,H,C,H,1481_alt2,1481,24
1479_alt5,C,C,C,Q,H,C,H,1479_alt5,1479,24
1480_map,C,C,C,Q,H,C,H,1480_map,1480,24
1460_altall,C,C,C,Q,H,C,H,1460_altall,1460,24
1485_alt4,C,C,C,Q,H,C,H,1485_alt4,1485,24
820_alt2,C,C,C,Q,H,C,H,820_alt2,820,24
819_alt5,C,C,C,Q,H,C,H,819_alt5,819,24
817_alt2,C,C,C,Q,H,C,H,817_alt2,817,24
815_alt4,C,C,C,Q,H,C,H,815_alt4,815,24
812_map,C,C,C,Q,H,C,H,812_map,812,24
803_map,C,C,C,Q,H,C,H,803_map,803,24
788_map,C,C,C,Q,H,C,H,788_map,788,24
790_alt2,C,C,C,Q,H,C,H,790_alt2,790,24
785_alt4,C,C,C,Q,H,C,H,785_alt4,785,24
782_altall,C,C,C,Q,H,C,H,782_altall,782,24
776_map,C,C,C,Q,H,C,H,776_map,776,24
777_alt4,C,C,C,Q,H,C,H,777_alt4,777,24
780_altall,C,C,C,Q,H,C,H,780_altall,780,24
772_alt2,C,C,C,Q,H,C,H,772_alt2,772,24
783_altall,C,C,C,Q,H,C,H,783_altall,783,24
1538_map,C,C,C,Q,H,C,H,1538_map,1538,24
795_altall,C,C,C,Q,H,C,H,795_altall,795,24
800_alt3,C,C,C,Q,H,C,H,800_alt3,800,24
797_altall,C,C,C,Q,H,C,H,797_altall,797,24
794_alt2,C,C,C,Q,H,C,H,794_alt2,794,24
806_alt3,C,C,C,Q,H,C,H,806_alt3,806,24
807_alt2,C,C,C,Q,H,C,H,807_alt2,807,24
1525_alt4,C,C,C,Q,H,C,H,1525_alt4,1525,24
1527_map,C,C,C,Q,H,C,H,1527_map,1527,24
1531_altall,C,C,C,Q,H,C,H,1531_altall,1531,24
1526_altall,C,C,C,Q,H,C,H,1526_altall,1526,24
1535_map,C,C,C,Q,H,C,H,1535_map,1535,24
1534_alt3,C,C,C,Q,H,C,H,1534_alt3,1534,24
Anf_Dickeya_paradisiaca,C,C,C,Q,H,C,H,Anf_Dickeya_paradisiaca,Anf_Dickeya,24
Vnf_Ethanoligenens_harbinense,C,C,C,Q,H,C,H,Vnf_Ethanoligenens_harbinense,Vnf_Ethanoligenens,24
Nif_Candidatus_Argoarchaeum_ethanivorans,C,C,C,Q,H,C,H,Nif_Candidatus_Argoarchaeum_ethanivorans,Nif_Candidatus_Argoarchaeum,24
Nif_Firmicutes_bacterium_HGW-Firmicutes-1,C,C,C,Q,H,C,H,Nif_Firmicutes_bacterium_HGW-Firmicutes-1,Nif_Firmicutes_bacterium,24
Nif_Anaerosporobacter_mobilis,C,C,C,Q,H,C,H,Nif_Anaerosporobacter_mobilis,Nif_Anaerosporobacter,24
Nif_Hungateiclostridium_cellulolyticum,C,C,C,Q,H,C,H,Nif_Hungateiclostridium_cellulolyticum,Nif_Hungateiclostridium,24
Nif_Methanoculleus_taiwanensis,C,C,C,Q,H,C,H,Nif_Methanoculleus_taiwanensis,Nif_Methanoculleus,24
Nif_Gracilibacter_sp_BRH_c7a,C,C,C,Q,H,C,H,Nif_Gracilibacter_sp_BRH_c7a,Nif_Gracilibacter_sp_BRH,24
Nif_Methanolobus_psychrotolerans,C,C,C,Q,H,C,H,Nif_Methanolobus_psychrotolerans,Nif_Methanolobus,24
Nif_Prevotella_oryzae,C,C,C,Q,H,C,H,Nif_Prevotella_oryzae,Nif_Prevotella,24
Nif_Spirochaetes_bacterium_GWB1_27_13,C,C,C,Q,H,C,H,Nif_Spirochaetes_bacterium_GWB1_27_13,Nif_Spirochaetes_bacterium_GWB1_27,24
Nif_Elusimicrobia_bacterium_RIFOXYA2_FULL_50_26,C,C,C,Q,H,C,H,Nif_Elusimicrobia_bacterium_RIFOXYA2_FULL_50_26,Nif_Elusimicrobia_bacterium_RIFOXYA2_FULL_50,24
Nif_Spirochaetes_bacterium_GWB1_36_13,C,C,C,Q,H,C,H,Nif_Spirochaetes_bacterium_GWB1_36_13,Nif_Spirochaetes_bacterium_GWB1_36,24
Nif_Desulfopila_aestuarii,C,C,C,Q,H,C,H,Nif_Desulfopila_aestuarii,Nif_Desulfopila,24
Nif_Terrimicrobium_sacchariphilum,C,C,C,Q,H,C,H,Nif_Terrimicrobium_sacchariphilum,Nif_Terrimicrobium,24
Nif_Spirochaetaceae_bacterium,C,C,C,Q,H,C,H,Nif_Spirochaetaceae_bacterium,Nif_Spirochaetaceae,24
Vnf_Archaeoglobus_sp,C,C,C,Q,H,C,H,Vnf_Archaeoglobus_sp,Vnf_Archaeoglobus,24
Nif_Rhodospirillaceae_bacterium_BRH_c57,C,C,C,Q,H,C,H,Nif_Rhodospirillaceae_bacterium_BRH_c57,Nif_Rhodospirillaceae_bacterium_BRH,24
Vnf_Methylocystaceae_bacterium,C,C,C,Q,H,C,H,Vnf_Methylocystaceae_bacterium,Vnf_Methylocystaceae,24
Nif_Methyloferula_stellata,C,C,C,Q,H,C,H,Nif_Methyloferula_stellata,Nif_Methyloferula,24
Vnf_Azotobacter_vinelandii,C,C,C,Q,H,C,H,Vnf_Azotobacter_vinelandii,Vnf_Azotobacter,24
Nif_Chromatiaceae_bacterium_2141TSTBD0c01a,C,C,C,Q,H,C,H,Nif_Chromatiaceae_bacterium_2141TSTBD0c01a,Nif_Chromatiaceae_bacterium,24
Nif_Gammaproteobacteria_bacterium_28-57-27,C,C,C,Q,H,C,H,Nif_Gammaproteobacteria_bacterium_28-57-27,Nif_Gammaproteobacteria_bacterium,24
Nif_Candidatus_Lambdaproteobacteria_bacterium_RIFOXYD2_FULL_50_16,C,C,C,Q,H,C,H,Nif_Candidatus_Lambdaproteobacteria_bacterium_RIFOXYD2_FULL_50_16,Nif_Candidatus_Lambdaproteobacteria_bacterium_RIFOXYD2_FULL_50,24
Nif_Candidatus_Magnetoovum_chiemensis,C,C,C,Q,H,C,H,Nif_Candidatus_Magnetoovum_chiemensis,Nif_Candidatus_Magnetoovum,24
Nif_cyanobacterium_endosymbiont_of_Epithemia_turgida,C,C,C,Q,H,C,H,Nif_cyanobacterium_endosymbiont_of_Epithemia_turgida,Nif_cyanobacterium_endosymbiont_of_Epithemia,24
Nif_Bacillus_caseinilyticus,C,C,C,Q,H,C,H,Nif_Bacillus_caseinilyticus,Nif_Bacillus,24
1207_map,C,C,C,Q,H,C,H,1207_map,1207,24
1215_alt3,C,C,C,Q,H,C,H,1215_alt3,1215,24
1216_alt3,C,C,C,Q,H,C,H,1216_alt3,1216,24
1212_alt3,C,C,C,Q,H,C,H,1212_alt3,1212,24
1210_altall,C,C,C,Q,H,C,H,1210_altall,1210,24
1220_alt5,C,C,C,Q,H,C,H,1220_alt5,1220,24
1223_alt5,C,C,C,Q,H,C,H,1223_alt5,1223,24
1226_altall,C,C,C,Q,H,C,H,1226_altall,1226,24
1229_alt2,C,C,C,Q,H,C,H,1229_alt2,1229,24
1237_map,C,C,C,Q,H,C,H,1237_map,1237,24
1244_altall,C,C,C,Q,H,C,H,1244_altall,1244,24
1240_alt3,C,C,C,Q,H,C,H,1240_alt3,1240,24
1246_alt3,C,C,C,Q,H,C,H,1246_alt3,1246,24
1239_alt5,C,C,C,Q,H,C,H,1239_alt5,1239,24
1248_alt5,C,C,C,Q,H,C,H,1248_alt5,1248,24
1264_altall,C,C,C,Q,H,C,H,1264_altall,1264,24
1262_alt2,C,C,C,Q,H,C,H,1262_alt2,1262,24
1260_alt3,C,C,C,Q,H,C,H,1260_alt3,1260,24
1258_alt2,C,C,C,Q,H,C,H,1258_alt2,1258,24
1254_alt2,C,C,C,Q,H,C,H,1254_alt2,1254,24
1252_alt4,C,C,C,Q,H,C,H,1252_alt4,1252,24
1265_alt3,C,C,C,Q,H,C,H,1265_alt3,1265,24
1250_alt3,C,C,C,Q,H,C,H,1250_alt3,1250,24
1270_map,C,C,C,Q,H,C,H,1270_map,1270,24
1273_alt4,C,C,C,Q,H,C,H,1273_alt4,1273,24
1277_alt5,C,C,C,Q,H,C,H,1277_alt5,1277,24
1279_alt3,C,C,C,Q,H,C,H,1279_alt3,1279,24
1280_alt4,C,C,C,Q,H,C,H,1280_alt4,1280,24
1283_altall,C,C,C,Q,H,C,H,1283_altall,1283,24
1280_alt5,C,C,C,Q,H,C,H,1280_alt5,1280,24
1232_alt5,C,C,C,Q,H,C,H,1232_alt5,1232,24
1235_alt2,C,C,C,Q,H,C,H,1235_alt2,1235,24
1232_altall,C,C,C,Q,H,C,H,1232_altall,1232,24
1290_altall,C,C,C,Q,H,C,H,1290_altall,1290,24
1297_map,C,C,C,Q,H,C,H,1297_map,1297,24
1301_alt2,C,C,C,Q,H,C,H,1301_alt2,1301,24
1298_map,C,C,C,Q,H,C,H,1298_map,1298,24
1295_alt4,C,C,C,Q,H,C,H,1295_alt4,1295,24
1304_alt5,C,C,C,Q,H,C,H,1304_alt5,1304,24
1328_altall,C,C,C,Q,H,C,H,1328_altall,1328,24
1320_alt2,C,C,C,Q,H,C,H,1320_alt2,1320,24
1322_alt5,C,C,C,Q,H,C,H,1322_alt5,1322,24
1323_alt5,C,C,C,Q,H,C,H,1323_alt5,1323,24
1327_map,C,C,C,Q,H,C,H,1327_map,1327,24
1317_alt3,C,C,C,Q,H,C,H,1317_alt3,1317,24
1311_alt5,C,C,C,Q,H,C,H,1311_alt5,1311,24
1313_alt3,C,C,C,Q,H,C,H,1313_alt3,1313,24
1313_alt2,C,C,C,Q,H,C,H,1313_alt2,1313,24
1332_map,C,C,C,Q,H,C,H,1332_map,1332,24
1334_map,C,C,C,Q,H,C,H,1334_map,1334,24
1336_alt2,C,C,C,Q,H,C,H,1336_alt2,1336,24
1307_alt5,C,C,C,Q,H,C,H,1307_alt5,1307,24
1338_map,C,C,C,Q,H,C,H,1338_map,1338,24
1292_map,C,C,C,Q,H,C,H,1292_map,1292,24
1288_alt2,C,C,C,Q,H,C,H,1288_alt2,1288,24
1231_alt3,C,C,C,Q,H,C,H,1231_alt3,1231,24
1341_alt4,C,C,C,Q,H,C,H,1341_alt4,1341,24
1343_alt2,C,C,C,Q,H,C,H,1343_alt2,1343,24
1230_altall,C,C,C,Q,H,C,H,1230_altall,1230,24
1206_alt2,C,C,C,Q,H,C,H,1206_alt2,1206,24
1350_alt2,C,C,C,Q,H,C,H,1350_alt2,1350,24
1349_map,C,C,C,Q,H,C,H,1349_map,1349,24
1345_alt3,C,C,C,Q,H,C,H,1345_alt3,1345,24
1452_alt4,C,C,C,Q,H,C,H,1452_alt4,1452,24
1447_alt2,C,C,C,Q,H,C,H,1447_alt2,1447,24
1450_map,C,C,C,Q,H,C,H,1450_map,1450,24
1353_alt2,C,C,C,Q,H,C,H,1353_alt2,1353,24
1441_alt3,C,C,C,Q,H,C,H,1441_alt3,1441,24
1445_alt4,C,C,C,Q,H,C,H,1445_alt4,1445,24
1442_altall,C,C,C,Q,H,C,H,1442_altall,1442,24
1363_alt3,C,C,C,Q,H,C,H,1363_alt3,1363,24
1369_altall,C,C,C,Q,H,C,H,1369_altall,1369,24
1370_alt3,C,C,C,Q,H,C,H,1370_alt3,1370,24
1366_map,C,C,C,Q,H,C,H,1366_map,1366,24
1403_alt3,C,C,C,Q,H,C,H,1403_alt3,1403,24
1405_map,C,C,C,Q,H,C,H,1405_map,1405,24
1382_alt5,C,C,C,Q,H,C,H,1382_alt5,1382,24
1389_alt3,C,C,C,Q,H,C,H,1389_alt3,1389,24
1392_map,C,C,C,Q,H,C,H,1392_map,1392,24
1396_map,C,C,C,Q,H,C,H,1396_map,1396,24
1398_alt3,C,C,C,Q,H,C,H,1398_alt3,1398,24
1400_alt4,C,C,C,Q,H,C,H,1400_alt4,1400,24
1389_alt4,C,C,C,Q,H,C,H,1389_alt4,1389,24
1385_alt5,C,C,C,Q,H,C,H,1385_alt5,1385,24
1372_alt3,C,C,C,Q,H,C,H,1372_alt3,1372,24
1381_altall,C,C,C,Q,H,C,H,1381_altall,1381,24
1377_alt4,C,C,C,Q,H,C,H,1377_alt4,1377,24
1379_map,C,C,C,Q,H,C,H,1379_map,1379,24
1373_alt4,C,C,C,Q,H,C,H,1373_alt4,1373,24
1361_alt5,C,C,C,Q,H,C,H,1361_alt5,1361,24
1406_alt2,C,C,C,Q,H,C,H,1406_alt2,1406,24
1406_map,C,C,C,Q,H,C,H,1406_map,1406,24
1425_alt3,C,C,C,Q,H,C,H,1425_alt3,1425,24
1429_alt3,C,C,C,Q,H,C,H,1429_alt3,1429,24
1417_alt4,C,C,C,Q,H,C,H,1417_alt4,1417,24
1423_alt3,C,C,C,Q,H,C,H,1423_alt3,1423,24
1420_alt2,C,C,C,Q,H,C,H,1420_alt2,1420,24
1420_alt5,C,C,C,Q,H,C,H,1420_alt5,1420,24
1415_alt3,C,C,C,Q,H,C,H,1415_alt3,1415,24
1430_alt2,C,C,C,Q,H,C,H,1430_alt2,1430,24
1410_altall,C,C,C,Q,H,C,H,1410_altall,1410,24
1431_alt2,C,C,C,Q,H,C,H,1431_alt2,1431,24
1437_altall,C,C,C,Q,H,C,H,1437_altall,1437,24
1436_alt4,C,C,C,Q,H,C,H,1436_alt4,1436,24
1432_map,C,C,C,Q,H,C,H,1432_map,1432,24
1354_map,C,C,C,Q,H,C,H,1354_map,1354,24
1495_altall,C,C,C,Q,H,C,H,1495_altall,1495,24
1489_alt2,C,C,C,Q,H,C,H,1489_alt2,1489,24
1490_map,C,C,C,Q,H,C,H,1490_map,1490,24
1489_map,C,C,C,Q,H,C,H,1489_map,1489,24
1504_map,C,C,C,Q,H,C,H,1504_map,1504,24
1508_alt3,C,C,C,Q,H,C,H,1508_alt3,1508,24
1506_alt4,C,C,C,Q,H,C,H,1506_alt4,1506,24
1486_alt5,C,C,C,Q,H,C,H,1486_alt5,1486,24
1503_alt5,C,C,C,Q,H,C,H,1503_alt5,1503,24
1497_alt3,C,C,C,Q,H,C,H,1497_alt3,1497,24
1500_altall,C,C,C,Q,H,C,H,1500_altall,1500,24
1522_alt4,C,C,C,Q,H,C,H,1522_alt4,1522,24
1523_alt2,C,C,C,Q,H,C,H,1523_alt2,1523,24
1520_altall,C,C,C,Q,H,C,H,1520_altall,1520,24
1517_alt5,C,C,C,Q,H,C,H,1517_alt5,1517,24
1516_alt4,C,C,C,Q,H,C,H,1516_alt4,1516,24
1512_alt2,C,C,C,Q,H,C,H,1512_alt2,1512,24
1457_alt4,C,C,C,Q,H,C,H,1457_alt4,1457,24
1455_alt5,C,C,C,Q,H,C,H,1455_alt5,1455,24
1460_alt2,C,C,C,Q,H,C,H,1460_alt2,1460,24
1482_alt3,C,C,C,Q,H,C,H,1482_alt3,1482,24
1473_alt2,C,C,C,Q,H,C,H,1473_alt2,1473,24
1470_map,C,C,C,Q,H,C,H,1470_map,1470,24
1469_altall,C,C,C,Q,H,C,H,1469_altall,1469,24
1468_alt2,C,C,C,Q,H,C,H,1468_alt2,1468,24
1474_alt5,C,C,C,Q,H,C,H,1474_alt5,1474,24
1481_alt4,C,C,C,Q,H,C,H,1481_alt4,1481,24
1479_altall,C,C,C,Q,H,C,H,1479_altall,1479,24
1480_alt4,C,C,C,Q,H,C,H,1480_alt4,1480,24
1460_alt3,C,C,C,Q,H,C,H,1460_alt3,1460,24
1485_map,C,C,C,Q,H,C,H,1485_map,1485,24
808_alt3,C,C,C,Q,H,C,H,808_alt3,808,24
819_alt4,C,C,C,Q,H,C,H,819_alt4,819,24
816_alt5,C,C,C,Q,H,C,H,816_alt5,816,24
815_altall,C,C,C,Q,H,C,H,815_altall,815,24
812_alt4,C,C,C,Q,H,C,H,812_alt4,812,24
803_altall,C,C,C,Q,H,C,H,803_altall,803,24
788_alt5,C,C,C,Q,H,C,H,788_alt5,788,24
790_altall,C,C,C,Q,H,C,H,790_altall,790,24
785_alt5,C,C,C,Q,H,C,H,785_alt5,785,24
782_alt3,C,C,C,Q,H,C,H,782_alt3,782,24
776_alt2,C,C,C,Q,H,C,H,776_alt2,776,24
777_alt3,C,C,C,Q,H,C,H,777_alt3,777,24
778_altall,C,C,C,Q,H,C,H,778_altall,778,24
772_altall,C,C,C,Q,H,C,H,772_altall,772,24
783_alt4,C,C,C,Q,H,C,H,783_alt4,783,24
1538_alt2,C,C,C,Q,H,C,H,1538_alt2,1538,24
795_alt3,C,C,C,Q,H,C,H,795_alt3,795,24
800_alt2,C,C,C,Q,H,C,H,800_alt2,800,24
797_alt3,C,C,C,Q,H,C,H,797_alt3,797,24
794_map,C,C,C,Q,H,C,H,794_map,794,24
806_alt4,C,C,C,Q,H,C,H,806_alt4,806,24
807_map,C,C,C,Q,H,C,H,807_map,807,24
1526_alt5,C,C,C,Q,H,C,H,1526_alt5,1526,24
1527_alt3,C,C,C,Q,H,C,H,1527_alt3,1527,24
1531_alt5,C,C,C,Q,H,C,H,1531_alt5,1531,24
1525_altall,C,C,C,Q,H,C,H,1525_altall,1525,24
1537_alt3,C,C,C,Q,H,C,H,1537_alt3,1537,24
1534_alt5,C,C,C,Q,H,C,H,1534_alt5,1534,24
Anf_Rahnella_sp_AA,C,C,C,Q,H,C,H,Anf_Rahnella_sp_AA,Anf_Rahnella_sp,24
Nif_Ammonifex_sp,C,C,C,Q,H,C,H,Nif_Ammonifex_sp,Nif_Ammonifex,24
Nif_Candidatus_Methanolliviera_hydrocarbonicum,C,C,C,Q,H,C,H,Nif_Candidatus_Methanolliviera_hydrocarbonicum,Nif_Candidatus_Methanolliviera,24
Nif_Defluviitalea_phaphyphila,C,C,C,Q,H,C,H,Nif_Defluviitalea_phaphyphila,Nif_Defluviitalea,24
Nif_Cellulosilyticum_lentocellum,C,C,C,Q,H,C,H,Nif_Cellulosilyticum_lentocellum,Nif_Cellulosilyticum,24
Nif_Pseudobacteroides_cellulosolvens,C,C,C,Q,H,C,H,Nif_Pseudobacteroides_cellulosolvens,Nif_Pseudobacteroides,24
Nif_Methanolacinia_paynteri,C,C,C,Q,H,C,H,Nif_Methanolacinia_paynteri,Nif_Methanolacinia,24
Nif_Methanocella_arvoryzae,C,C,C,Q,H,C,H,Nif_Methanocella_arvoryzae,Nif_Methanocella,24
Nif_Methanosarcina_acetivorans_C2A,C,C,C,Q,H,C,H,Nif_Methanosarcina_acetivorans_C2A,Nif_Methanosarcina_acetivorans,24
Nif_bacterium_BMS3Abin10,C,C,C,Q,H,C,H,Nif_bacterium_BMS3Abin10,Nif_bacterium,24
Nif_Bacteroidales_bacterium,C,C,C,Q,H,C,H,Nif_Bacteroidales_bacterium,Nif_Bacteroidales,24
Nif_Sediminispirochaeta_smaragdinae,C,C,C,Q,H,C,H,Nif_Sediminispirochaeta_smaragdinae,Nif_Sediminispirochaeta,24
Nif_Desulfacinum_infernum,C,C,C,Q,H,C,H,Nif_Desulfacinum_infernum,Nif_Desulfacinum,24
Nif_Desulforhopalus_singaporensis,C,C,C,Q,H,C,H,Nif_Desulforhopalus_singaporensis,Nif_Desulforhopalus,24
Nif_Verrucomicrobiae_bacterium_DG1235,C,C,C,Q,H,C,H,Nif_Verrucomicrobiae_bacterium_DG1235,Nif_Verrucomicrobiae_bacterium,24
Nif_Arcticibacter_svalbardensis,C,C,C,Q,H,C,H,Nif_Arcticibacter_svalbardensis,Nif_Arcticibacter,24
Nif_Candidatus_Acididesulfobacter_diazotrophicus,C,C,C,Q,H,C,H,Nif_Candidatus_Acididesulfobacter_diazotrophicus,Nif_Candidatus_Acididesulfobacter,24
Nif_Rhodopila_globiformis,C,C,C,Q,H,C,H,Nif_Rhodopila_globiformis,Nif_Rhodopila,24
Vnf_Methylocystis_parvus,C,C,C,Q,H,C,H,Vnf_Methylocystis_parvus,Vnf_Methylocystis,24
Nif_Gallionellales_bacterium_GWA2_60_18,C,C,C,Q,H,C,H,Nif_Gallionellales_bacterium_GWA2_60_18,Nif_Gallionellales_bacterium_GWA2_60,24
Nif_Biostraticola_sp_BGMRC_2031,C,C,C,Q,H,C,H,Nif_Biostraticola_sp_BGMRC_2031,Nif_Biostraticola_sp_BGMRC,24
Nif_Ectothiorhodospiraceae_bacterium,C,C,C,Q,H,C,H,Nif_Ectothiorhodospiraceae_bacterium,Nif_Ectothiorhodospiraceae,24
Nif_Aliagarivorans_marinus,C,C,C,Q,H,C,H,Nif_Aliagarivorans_marinus,Nif_Aliagarivorans,24
Nif_Halorhodospira_halochloris,C,C,C,Q,H,C,H,Nif_Halorhodospira_halochloris,Nif_Halorhodospira,24
Nif_Nitrospirae_bacterium_GWC2_57_13,C,C,C,Q,H,C,H,Nif_Nitrospirae_bacterium_GWC2_57_13,Nif_Nitrospirae_bacterium_GWC2_57,24
Nif_Gloeocapsa_sp_DLM2Bin57,C,C,C,Q,H,C,H,Nif_Gloeocapsa_sp_DLM2Bin57,Nif_Gloeocapsa_sp,24
Nif_Thermicanus_aegyptius,C,C,C,Q,H,C,H,Nif_Thermicanus_aegyptius,Nif_Thermicanus,24
1207_alt2,C,C,C,Q,H,C,H,1207_alt2,1207,24
1215_altall,C,C,C,Q,H,C,H,1215_altall,1215,24
1217_alt3,C,C,C,Q,H,C,H,1217_alt3,1217,24
1212_map,C,C,C,Q,H,C,H,1212_map,1212,24
1219_alt3,C,C,C,Q,H,C,H,1219_alt3,1219,24
1220_map,C,C,C,Q,H,C,H,1220_map,1220,24
1223_alt3,C,C,C,Q,H,C,H,1223_alt3,1223,24
1227_alt4,C,C,C,Q,H,C,H,1227_alt4,1227,24
1228_alt3,C,C,C,Q,H,C,H,1228_alt3,1228,24
1237_alt4,C,C,C,Q,H,C,H,1237_alt4,1237,24
1245_altall,C,C,C,Q,H,C,H,1245_altall,1245,24
1242_alt4,C,C,C,Q,H,C,H,1242_alt4,1242,24
1247_altall,C,C,C,Q,H,C,H,1247_altall,1247,24
1239_alt4,C,C,C,Q,H,C,H,1239_alt4,1239,24
1249_altall,C,C,C,Q,H,C,H,1249_altall,1249,24
1264_alt3,C,C,C,Q,H,C,H,1264_alt3,1264,24
1262_map,C,C,C,Q,H,C,H,1262_map,1262,24
1259_alt5,C,C,C,Q,H,C,H,1259_alt5,1259,24
1258_altall,C,C,C,Q,H,C,H,1258_altall,1258,24
1254_alt3,C,C,C,Q,H,C,H,1254_alt3,1254,24
1252_alt3,C,C,C,Q,H,C,H,1252_alt3,1252,24
1267_altall,C,C,C,Q,H,C,H,1267_altall,1267,24
1250_alt4,C,C,C,Q,H,C,H,1250_alt4,1250,24
1271_alt3,C,C,C,Q,H,C,H,1271_alt3,1271,24
1273_alt3,C,C,C,Q,H,C,H,1273_alt3,1273,24
1276_alt5,C,C,C,Q,H,C,H,1276_alt5,1276,24
1279_alt5,C,C,C,Q,H,C,H,1279_alt5,1279,24
1280_altall,C,C,C,Q,H,C,H,1280_altall,1280,24
1284_altall,C,C,C,Q,H,C,H,1284_altall,1284,24
1270_alt5,C,C,C,Q,H,C,H,1270_alt5,1270,24
1232_alt3,C,C,C,Q,H,C,H,1232_alt3,1232,24
1235_map,C,C,C,Q,H,C,H,1235_map,1235,24
1231_altall,C,C,C,Q,H,C,H,1231_altall,1231,24
1292_alt3,C,C,C,Q,H,C,H,1292_alt3,1292,24
1297_alt5,C,C,C,Q,H,C,H,1297_alt5,1297,24
1302_altall,C,C,C,Q,H,C,H,1302_altall,1302,24
1298_alt5,C,C,C,Q,H,C,H,1298_alt5,1298,24
1295_alt2,C,C,C,Q,H,C,H,1295_alt2,1295,24
1304_alt4,C,C,C,Q,H,C,H,1304_alt4,1304,24
1329_alt3,C,C,C,Q,H,C,H,1329_alt3,1329,24
1320_alt5,C,C,C,Q,H,C,H,1320_alt5,1320,24
1322_alt2,C,C,C,Q,H,C,H,1322_alt2,1322,24
1320_altall,C,C,C,Q,H,C,H,1320_altall,1320,24
1327_alt4,C,C,C,Q,H,C,H,1327_alt4,1327,24
1317_alt4,C,C,C,Q,H,C,H,1317_alt4,1317,24
1312_alt2,C,C,C,Q,H,C,H,1312_alt2,1312,24
1313_alt4,C,C,C,Q,H,C,H,1313_alt4,1313,24
1312_map,C,C,C,Q,H,C,H,1312_map,1312,24
1332_alt4,C,C,C,Q,H,C,H,1332_alt4,1332,24
1334_alt4,C,C,C,Q,H,C,H,1334_alt4,1334,24
1336_map,C,C,C,Q,H,C,H,1336_map,1336,24
1307_alt3,C,C,C,Q,H,C,H,1307_alt3,1307,24
1338_alt4,C,C,C,Q,H,C,H,1338_alt4,1338,24
1292_alt5,C,C,C,Q,H,C,H,1292_alt5,1292,24
1287_map,C,C,C,Q,H,C,H,1287_map,1287,24
1230_alt2,C,C,C,Q,H,C,H,1230_alt2,1230,24
1342_map,C,C,C,Q,H,C,H,1342_map,1342,24
1344_altall,C,C,C,Q,H,C,H,1344_altall,1344,24
1224_map,C,C,C,Q,H,C,H,1224_map,1224,24
1206_alt4,C,C,C,Q,H,C,H,1206_alt4,1206,24
1350_alt4,C,C,C,Q,H,C,H,1350_alt4,1350,24
1349_alt3,C,C,C,Q,H,C,H,1349_alt3,1349,24
1345_alt4,C,C,C,Q,H,C,H,1345_alt4,1345,24
1453_altall,C,C,C,Q,H,C,H,1453_altall,1453,24
1447_map,C,C,C,Q,H,C,H,1447_map,1447,24
1450_alt3,C,C,C,Q,H,C,H,1450_alt3,1450,24
1353_alt4,C,C,C,Q,H,C,H,1353_alt4,1353,24
1441_map,C,C,C,Q,H,C,H,1441_map,1441,24
1445_map,C,C,C,Q,H,C,H,1445_map,1445,24
1440_alt2,C,C,C,Q,H,C,H,1440_alt2,1440,24
1364_altall,C,C,C,Q,H,C,H,1364_altall,1364,24
1369_alt3,C,C,C,Q,H,C,H,1369_alt3,1369,24
1370_alt2,C,C,C,Q,H,C,H,1370_alt2,1370,24
1366_alt3,C,C,C,Q,H,C,H,1366_alt3,1366,24
1403_alt5,C,C,C,Q,H,C,H,1403_alt5,1403,24
1405_alt5,C,C,C,Q,H,C,H,1405_alt5,1405,24
1383_map,C,C,C,Q,H,C,H,1383_map,1383,24
1389_map,C,C,C,Q,H,C,H,1389_map,1389,24
1392_alt4,C,C,C,Q,H,C,H,1392_alt4,1392,24
1396_alt5,C,C,C,Q,H,C,H,1396_alt5,1396,24
1398_alt2,C,C,C,Q,H,C,H,1398_alt2,1398,24
1399_map,C,C,C,Q,H,C,H,1399_map,1399,24
1388_alt4,C,C,C,Q,H,C,H,1388_alt4,1388,24
1385_alt3,C,C,C,Q,H,C,H,1385_alt3,1385,24
1372_map,C,C,C,Q,H,C,H,1372_map,1372,24
1380_alt5,C,C,C,Q,H,C,H,1380_alt5,1380,24
1377_alt2,C,C,C,Q,H,C,H,1377_alt2,1377,24
1379_alt3,C,C,C,Q,H,C,H,1379_alt3,1379,24
1363_altall,C,C,C,Q,H,C,H,1363_altall,1363,24
1361_alt4,C,C,C,Q,H,C,H,1361_alt4,1361,24
1407_alt5,C,C,C,Q,H,C,H,1407_alt5,1407,24
1406_alt3,C,C,C,Q,H,C,H,1406_alt3,1406,24
1425_alt2,C,C,C,Q,H,C,H,1425_alt2,1425,24
1429_map,C,C,C,Q,H,C,H,1429_map,1429,24
1417_alt3,C,C,C,Q,H,C,H,1417_alt3,1417,24
1423_alt5,C,C,C,Q,H,C,H,1423_alt5,1423,24
1420_altall,C,C,C,Q,H,C,H,1420_altall,1420,24
1420_alt3,C,C,C,Q,H,C,H,1420_alt3,1420,24
1415_alt5,C,C,C,Q,H,C,H,1415_alt5,1415,24
1430_map,C,C,C,Q,H,C,H,1430_map,1430,24
1411_alt5,C,C,C,Q,H,C,H,1411_alt5,1411,24
1432_alt2,C,C,C,Q,H,C,H,1432_alt2,1432,24
1437_alt5,C,C,C,Q,H,C,H,1437_alt5,1437,24
1436_alt5,C,C,C,Q,H,C,H,1436_alt5,1436,24
1431_map,C,C,C,Q,H,C,H,1431_map,1431,24
1354_alt3,C,C,C,Q,H,C,H,1354_alt3,1354,24
1495_alt2,C,C,C,Q,H,C,H,1495_alt2,1495,24
1489_altall,C,C,C,Q,H,C,H,1489_altall,1489,24
1490_alt2,C,C,C,Q,H,C,H,1490_alt2,1490,24
1489_alt3,C,C,C,Q,H,C,H,1489_alt3,1489,24
1504_alt3,C,C,C,Q,H,C,H,1504_alt3,1504,24
1508_alt2,C,C,C,Q,H,C,H,1508_alt2,1508,24
1506_alt3,C,C,C,Q,H,C,H,1506_alt3,1506,24
1486_alt3,C,C,C,Q,H,C,H,1486_alt3,1486,24
1503_alt3,C,C,C,Q,H,C,H,1503_alt3,1503,24
1497_altall,C,C,C,Q,H,C,H,1497_altall,1497,24
1500_alt2,C,C,C,Q,H,C,H,1500_alt2,1500,24
1522_alt2,C,C,C,Q,H,C,H,1522_alt2,1522,24
1523_map,C,C,C,Q,H,C,H,1523_map,1523,24
1520_alt5,C,C,C,Q,H,C,H,1520_alt5,1520,24
1517_alt2,C,C,C,Q,H,C,H,1517_alt2,1517,24
1516_alt2,C,C,C,Q,H,C,H,1516_alt2,1516,24
1512_alt5,C,C,C,Q,H,C,H,1512_alt5,1512,24
1457_alt2,C,C,C,Q,H,C,H,1457_alt2,1457,24
1459_alt3,C,C,C,Q,H,C,H,1459_alt3,1459,24
1461_altall,C,C,C,Q,H,C,H,1461_altall,1461,24
1482_alt5,C,C,C,Q,H,C,H,1482_alt5,1482,24
1472_alt2,C,C,C,Q,H,C,H,1472_alt2,1472,24
1470_alt3,C,C,C,Q,H,C,H,1470_alt3,1470,24
1465_alt4,C,C,C,Q,H,C,H,1465_alt4,1465,24
1468_alt5,C,C,C,Q,H,C,H,1468_alt5,1468,24
1474_alt4,C,C,C,Q,H,C,H,1474_alt4,1474,24
1481_alt5,C,C,C,Q,H,C,H,1481_alt5,1481,24
1479_alt2,C,C,C,Q,H,C,H,1479_alt2,1479,24
1477_alt2,C,C,C,Q,H,C,H,1477_alt2,1477,24
1460_alt5,C,C,C,Q,H,C,H,1460_alt5,1460,24
1485_alt3,C,C,C,Q,H,C,H,1485_alt3,1485,24
809_alt5,C,C,C,Q,H,C,H,809_alt5,809,24
819_map,C,C,C,Q,H,C,H,819_map,819,24
816_alt2,C,C,C,Q,H,C,H,816_alt2,816,24
815_alt3,C,C,C,Q,H,C,H,815_alt3,815,24
812_alt3,C,C,C,Q,H,C,H,812_alt3,812,24
802_map,C,C,C,Q,H,C,H,802_map,802,24
789_alt2,C,C,C,Q,H,C,H,789_alt2,789,24
789_alt5,C,C,C,Q,H,C,H,789_alt5,789,24
785_map,C,C,C,Q,H,C,H,785_map,785,24
782_map,C,C,C,Q,H,C,H,782_map,782,24
776_alt4,C,C,C,Q,H,C,H,776_alt4,776,24
779_altall,C,C,C,Q,H,C,H,779_altall,779,24
778_alt3,C,C,C,Q,H,C,H,778_alt3,778,24
771_altall,C,C,C,Q,H,C,H,771_altall,771,24
783_map,C,C,C,Q,H,C,H,783_map,783,24
792_altall,C,C,C,Q,H,C,H,792_altall,792,24
795_alt4,C,C,C,Q,H,C,H,795_alt4,795,24
800_alt4,C,C,C,Q,H,C,H,800_alt4,800,24
797_alt2,C,C,C,Q,H,C,H,797_alt2,797,24
793_alt2,C,C,C,Q,H,C,H,793_alt2,793,24
806_map,C,C,C,Q,H,C,H,806_map,806,24
807_alt5,C,C,C,Q,H,C,H,807_alt5,807,24
1526_alt4,C,C,C,Q,H,C,H,1526_alt4,1526,24
1527_alt2,C,C,C,Q,H,C,H,1527_alt2,1527,24
1531_map,C,C,C,Q,H,C,H,1531_map,1531,24
1533_alt4,C,C,C,Q,H,C,H,1533_alt4,1533,24
1537_alt5,C,C,C,Q,H,C,H,1537_alt5,1537,24
1534_map,C,C,C,Q,H,C,H,1534_map,1534,24
Anf_Phaeospirillum_fulvum,C,C,C,Q,H,C,H,Anf_Phaeospirillum_fulvum,Anf_Phaeospirillum,24
Nif_Syntrophothermus_lipocalidus,C,C,C,Q,H,C,H,Nif_Syntrophothermus_lipocalidus,Nif_Syntrophothermus,24
Nif_Candidatus_Methanolliviera_sp_GoM_asphalt,C,C,C,Q,H,C,H,Nif_Candidatus_Methanolliviera_sp_GoM_asphalt,Nif_Candidatus_Methanolliviera_sp_GoM,24
Nif_Dethiosulfatibacter_aminovorans,C,C,C,Q,H,C,H,Nif_Dethiosulfatibacter_aminovorans,Nif_Dethiosulfatibacter,24
Nif_Lachnospiraceae_bacterium,C,C,C,Q,H,C,H,Nif_Lachnospiraceae_bacterium,Nif_Lachnospiraceae,24
Nif_Syntrophomonas_zehnderi,C,C,C,Q,H,C,H,Nif_Syntrophomonas_zehnderi,Nif_Syntrophomonas,24
Nif_Anaerosporomusa_subterranea,C,C,C,Q,H,C,H,Nif_Anaerosporomusa_subterranea,Nif_Anaerosporomusa,24
Nif_Desulfofarcimen_acetoxidans,C,C,C,Q,H,C,H,Nif_Desulfofarcimen_acetoxidans,Nif_Desulfofarcimen,24
Nif_Ethanoligenens_harbinense,C,C,C,Q,H,C,H,Nif_Ethanoligenens_harbinense,Nif_Ethanoligenens,24
Nif_delta_proteobacterium_NaphS2,C,C,C,Q,H,C,H,Nif_delta_proteobacterium_NaphS2,Nif_delta_proteobacterium,24
Nif_Draconibacterium_sediminis,C,C,C,Q,H,C,H,Nif_Draconibacterium_sediminis,Nif_Draconibacterium,24
Nif_Desulfohalovibrio_alkalitolerans,C,C,C,Q,H,C,H,Nif_Desulfohalovibrio_alkalitolerans,Nif_Desulfohalovibrio,24
Nif_Desulfomonile_tiedjei,C,C,C,Q,H,C,H,Nif_Desulfomonile_tiedjei,Nif_Desulfomonile,24
Nif_Desulfofustis_glycolicus,C,C,C,Q,H,C,H,Nif_Desulfofustis_glycolicus,Nif_Desulfofustis,24
Nif_Phycisphaeraceae_bacterium,C,C,C,Q,H,C,H,Nif_Phycisphaeraceae_bacterium,Nif_Phycisphaeraceae,24
Nif_Desulfobacterales_bacterium_C00003106,C,C,C,Q,H,C,H,Nif_Desulfobacterales_bacterium_C00003106,Nif_Desulfobacterales_bacterium,24
Nif_Candidatus_Acidulodesulfobacterium_acidiphilum,C,C,C,Q,H,C,H,Nif_Candidatus_Acidulodesulfobacterium_acidiphilum,Nif_Candidatus_Acidulodesulfobacterium,24
Nif_Phaeospirillum_fulvum,C,C,C,Q,H,C,H,Nif_Phaeospirillum_fulvum,Nif_Phaeospirillum,24
Nif_Cupriavidus_sp_amp6,C,C,C,Q,H,C,H,Nif_Cupriavidus_sp_amp6,Nif_Cupriavidus_sp,24
Nif_Oxalobacter_sp,C,C,C,Q,H,C,H,Nif_Oxalobacter_sp,Nif_Oxalobacter,24
Nif_Klebsiella_pneumoniae,C,C,C,Q,H,C,H,Nif_Klebsiella_pneumoniae,Nif_Klebsiella,24
Nif_Amphritea_atlantica,C,C,C,Q,H,C,H,Nif_Amphritea_atlantica,Nif_Amphritea,24
Nif_Vibrio_aerogenes,C,C,C,Q,H,C,H,Nif_Vibrio_aerogenes,Nif_Vibrio,24
Nif_Anaeromyxobacter_sp_Fw109-5,C,C,C,Q,H,C,H,Nif_Anaeromyxobacter_sp_Fw109-5,Nif_Anaeromyxobacter_sp,24
Nif_Dehalobacter,C,C,C,Q,H,C,H,Nif_Dehalobacter,Nif,24
Nif_Euhalothece_natronophila,C,C,C,Q,H,C,H,Nif_Euhalothece_natronophila,Nif_Euhalothece,24
Nif_Fontibacillus_panacisegetis,C,C,C,Q,H,C,H,Nif_Fontibacillus_panacisegetis,Nif_Fontibacillus,24
1207_alt3,C,C,C,Q,H,C,H,1207_alt3,1207,24
1215_map,C,C,C,Q,H,C,H,1215_map,1215,24
1217_alt2,C,C,C,Q,H,C,H,1217_alt2,1217,24
1212_alt5,C,C,C,Q,H,C,H,1212_alt5,1212,24
1219_alt5,C,C,C,Q,H,C,H,1219_alt5,1219,24
1220_alt3,C,C,C,Q,H,C,H,1220_alt3,1220,24
1223_alt4,C,C,C,Q,H,C,H,1223_alt4,1223,24
1227_alt2,C,C,C,Q,H,C,H,1227_alt2,1227,24
1228_alt5,C,C,C,Q,H,C,H,1228_alt5,1228,24
1237_alt3,C,C,C,Q,H,C,H,1237_alt3,1237,24
1245_alt4,C,C,C,Q,H,C,H,1245_alt4,1245,24
1242_alt2,C,C,C,Q,H,C,H,1242_alt2,1242,24
1247_alt4,C,C,C,Q,H,C,H,1247_alt4,1247,24
1238_map,C,C,C,Q,H,C,H,1238_map,1238,24
1249_alt5,C,C,C,Q,H,C,H,1249_alt5,1249,24
1264_alt2,C,C,C,Q,H,C,H,1264_alt2,1264,24
1262_alt5,C,C,C,Q,H,C,H,1262_alt5,1262,24
1259_alt2,C,C,C,Q,H,C,H,1259_alt2,1259,24
1258_alt4,C,C,C,Q,H,C,H,1258_alt4,1258,24
1253_altall,C,C,C,Q,H,C,H,1253_altall,1253,24
1252_alt5,C,C,C,Q,H,C,H,1252_alt5,1252,24
1267_alt3,C,C,C,Q,H,C,H,1267_alt3,1267,24
1249_alt2,C,C,C,Q,H,C,H,1249_alt2,1249,24
1271_altall,C,C,C,Q,H,C,H,1271_altall,1271,24
1275_altall,C,C,C,Q,H,C,H,1275_altall,1275,24
1275_alt4,C,C,C,Q,H,C,H,1275_alt4,1275,24
1279_alt4,C,C,C,Q,H,C,H,1279_alt4,1279,24
1280_alt2,C,C,C,Q,H,C,H,1280_alt2,1280,24
1284_alt2,C,C,C,Q,H,C,H,1284_alt2,1284,24
1285_altall,C,C,C,Q,H,C,H,1285_altall,1285,24
1232_map,C,C,C,Q,H,C,H,1232_map,1232,24
1235_alt4,C,C,C,Q,H,C,H,1235_alt4,1235,24
1286_altall,C,C,C,Q,H,C,H,1286_altall,1286,24
1293_alt2,C,C,C,Q,H,C,H,1293_alt2,1293,24
1298_altall,C,C,C,Q,H,C,H,1298_altall,1298,24
1302_alt3,C,C,C,Q,H,C,H,1302_alt3,1302,24
1298_alt3,C,C,C,Q,H,C,H,1298_alt3,1298,24
1294_alt2,C,C,C,Q,H,C,H,1294_alt2,1294,24
1304_map,C,C,C,Q,H,C,H,1304_map,1304,24
1329_alt4,C,C,C,Q,H,C,H,1329_alt4,1329,24
1320_alt3,C,C,C,Q,H,C,H,1320_alt3,1320,24
1322_altall,C,C,C,Q,H,C,H,1322_altall,1322,24
1319_altall,C,C,C,Q,H,C,H,1319_altall,1319,24
1325_alt4,C,C,C,Q,H,C,H,1325_alt4,1325,24
1317_altall,C,C,C,Q,H,C,H,1317_altall,1317,24
1312_altall,C,C,C,Q,H,C,H,1312_altall,1312,24
1315_map,C,C,C,Q,H,C,H,1315_map,1315,24
1312_alt5,C,C,C,Q,H,C,H,1312_alt5,1312,24
1332_alt2,C,C,C,Q,H,C,H,1332_alt2,1332,24
1333_alt3,C,C,C,Q,H,C,H,1333_alt3,1333,24
1336_alt5,C,C,C,Q,H,C,H,1336_alt5,1336,24
1307_altall,C,C,C,Q,H,C,H,1307_altall,1307,24
1338_alt3,C,C,C,Q,H,C,H,1338_alt3,1338,24
1292_altall,C,C,C,Q,H,C,H,1292_altall,1292,24
1289_alt2,C,C,C,Q,H,C,H,1289_alt2,1289,24
1230_alt5,C,C,C,Q,H,C,H,1230_alt5,1230,24
1342_alt3,C,C,C,Q,H,C,H,1342_alt3,1342,24
1344_alt4,C,C,C,Q,H,C,H,1344_alt4,1344,24
1224_alt4,C,C,C,Q,H,C,H,1224_alt4,1224,24
1206_alt5,C,C,C,Q,H,C,H,1206_alt5,1206,24
1350_alt5,C,C,C,Q,H,C,H,1350_alt5,1350,24
1349_alt5,C,C,C,Q,H,C,H,1349_alt5,1349,24
1345_altall,C,C,C,Q,H,C,H,1345_altall,1345,24
1453_alt3,C,C,C,Q,H,C,H,1453_alt3,1453,24
1447_alt4,C,C,C,Q,H,C,H,1447_alt4,1447,24
1449_alt3,C,C,C,Q,H,C,H,1449_alt3,1449,24
1353_map,C,C,C,Q,H,C,H,1353_map,1353,24
1441_alt5,C,C,C,Q,H,C,H,1441_alt5,1441,24
1445_alt2,C,C,C,Q,H,C,H,1445_alt2,1445,24
1440_map,C,C,C,Q,H,C,H,1440_map,1440,24
1364_alt3,C,C,C,Q,H,C,H,1364_alt3,1364,24
1369_map,C,C,C,Q,H,C,H,1369_map,1369,24
1370_alt4,C,C,C,Q,H,C,H,1370_alt4,1370,24
1366_alt4,C,C,C,Q,H,C,H,1366_alt4,1366,24
1403_alt2,C,C,C,Q,H,C,H,1403_alt2,1403,24
1405_altall,C,C,C,Q,H,C,H,1405_altall,1405,24
1383_alt3,C,C,C,Q,H,C,H,1383_alt3,1383,24
1389_alt5,C,C,C,Q,H,C,H,1389_alt5,1389,24
1392_alt2,C,C,C,Q,H,C,H,1392_alt2,1392,24
1396_alt2,C,C,C,Q,H,C,H,1396_alt2,1396,24
1398_alt4,C,C,C,Q,H,C,H,1398_alt4,1398,24
1397_alt2,C,C,C,Q,H,C,H,1397_alt2,1397,24
1386_map,C,C,C,Q,H,C,H,1386_map,1386,24
1385_alt2,C,C,C,Q,H,C,H,1385_alt2,1385,24
1372_alt5,C,C,C,Q,H,C,H,1372_alt5,1372,24
1374_alt2,C,C,C,Q,H,C,H,1374_alt2,1374,24
1377_altall,C,C,C,Q,H,C,H,1377_altall,1377,24
1379_alt5,C,C,C,Q,H,C,H,1379_alt5,1379,24
1359_alt2,C,C,C,Q,H,C,H,1359_alt2,1359,24
1361_alt2,C,C,C,Q,H,C,H,1361_alt2,1361,24
1407_alt3,C,C,C,Q,H,C,H,1407_alt3,1407,24
1406_alt4,C,C,C,Q,H,C,H,1406_alt4,1406,24
1425_altall,C,C,C,Q,H,C,H,1425_altall,1425,24
1429_alt5,C,C,C,Q,H,C,H,1429_alt5,1429,24
1417_alt2,C,C,C,Q,H,C,H,1417_alt2,1417,24
1424_altall,C,C,C,Q,H,C,H,1424_altall,1424,24
1421_altall,C,C,C,Q,H,C,H,1421_altall,1421,24
1420_map,C,C,C,Q,H,C,H,1420_map,1420,24
1415_alt4,C,C,C,Q,H,C,H,1415_alt4,1415,24
1430_alt4,C,C,C,Q,H,C,H,1430_alt4,1430,24
1411_map,C,C,C,Q,H,C,H,1411_map,1411,24
1432_alt3,C,C,C,Q,H,C,H,1432_alt3,1432,24
1437_alt3,C,C,C,Q,H,C,H,1437_alt3,1437,24
1436_altall,C,C,C,Q,H,C,H,1436_altall,1436,24
1431_alt4,C,C,C,Q,H,C,H,1431_alt4,1431,24
1354_alt2,C,C,C,Q,H,C,H,1354_alt2,1354,24
1495_alt4,C,C,C,Q,H,C,H,1495_alt4,1495,24
1489_alt5,C,C,C,Q,H,C,H,1489_alt5,1489,24
1491_altall,C,C,C,Q,H,C,H,1491_altall,1491,24
1488_altall,C,C,C,Q,H,C,H,1488_altall,1488,24
1505_map,C,C,C,Q,H,C,H,1505_map,1505,24
1507_alt5,C,C,C,Q,H,C,H,1507_alt5,1507,24
1506_map,C,C,C,Q,H,C,H,1506_map,1506,24
1486_map,C,C,C,Q,H,C,H,1486_map,1486,24
1503_map,C,C,C,Q,H,C,H,1503_map,1503,24
1501_alt3,C,C,C,Q,H,C,H,1501_alt3,1501,24
1499_alt3,C,C,C,Q,H,C,H,1499_alt3,1499,24
1522_map,C,C,C,Q,H,C,H,1522_map,1522,24
1522_alt5,C,C,C,Q,H,C,H,1522_alt5,1522,24
1520_alt3,C,C,C,Q,H,C,H,1520_alt3,1520,24
1517_map,C,C,C,Q,H,C,H,1517_map,1517,24
1516_map,C,C,C,Q,H,C,H,1516_map,1516,24
1512_alt3,C,C,C,Q,H,C,H,1512_alt3,1512,24
1457_altall,C,C,C,Q,H,C,H,1457_altall,1457,24
1459_altall,C,C,C,Q,H,C,H,1459_altall,1459,24
1483_altall,C,C,C,Q,H,C,H,1483_altall,1483,24
1482_map,C,C,C,Q,H,C,H,1482_map,1482,24
1472_map,C,C,C,Q,H,C,H,1472_map,1472,24
1470_alt2,C,C,C,Q,H,C,H,1470_alt2,1470,24
1465_altall,C,C,C,Q,H,C,H,1465_altall,1465,24
1468_alt3,C,C,C,Q,H,C,H,1468_alt3,1468,24
1474_map,C,C,C,Q,H,C,H,1474_map,1474,24
1481_map,C,C,C,Q,H,C,H,1481_map,1481,24
1479_alt4,C,C,C,Q,H,C,H,1479_alt4,1479,24
1476_map,C,C,C,Q,H,C,H,1476_map,1476,24
1459_alt4,C,C,C,Q,H,C,H,1459_alt4,1459,24
1352_alt4,C,C,C,Q,H,C,H,1352_alt4,1352,24
809_alt4,C,C,C,Q,H,C,H,809_alt4,809,24
819_alt2,C,C,C,Q,H,C,H,819_alt2,819,24
816_map,C,C,C,Q,H,C,H,816_map,816,24
815_map,C,C,C,Q,H,C,H,815_map,815,24
812_alt5,C,C,C,Q,H,C,H,812_alt5,812,24
802_alt4,C,C,C,Q,H,C,H,802_alt4,802,24
789_altall,C,C,C,Q,H,C,H,789_altall,789,24
789_alt4,C,C,C,Q,H,C,H,789_alt4,789,24
785_alt2,C,C,C,Q,H,C,H,785_alt2,785,24
782_alt2,C,C,C,Q,H,C,H,782_alt2,782,24
776_alt3,C,C,C,Q,H,C,H,776_alt3,776,24
779_alt2,C,C,C,Q,H,C,H,779_alt2,779,24
778_alt4,C,C,C,Q,H,C,H,778_alt4,778,24
771_alt2,C,C,C,Q,H,C,H,771_alt2,771,24
783_alt5,C,C,C,Q,H,C,H,783_alt5,783,24
792_alt5,C,C,C,Q,H,C,H,792_alt5,792,24
798_altall,C,C,C,Q,H,C,H,798_altall,798,24
801_alt2,C,C,C,Q,H,C,H,801_alt2,801,24
797_alt4,C,C,C,Q,H,C,H,797_alt4,797,24
793_altall,C,C,C,Q,H,C,H,793_altall,793,24
806_alt2,C,C,C,Q,H,C,H,806_alt2,806,24
803_alt5,C,C,C,Q,H,C,H,803_alt5,803,24
1526_map,C,C,C,Q,H,C,H,1526_map,1526,24
1526_alt2,C,C,C,Q,H,C,H,1526_alt2,1526,24
1531_alt4,C,C,C,Q,H,C,H,1531_alt4,1531,24
1533_alt5,C,C,C,Q,H,C,H,1533_alt5,1533,24
1537_map,C,C,C,Q,H,C,H,1537_map,1537,24
1534_alt2,C,C,C,Q,H,C,H,1534_alt2,1534,24
Anf_Rhodopseudomonas_palustris,C,C,C,Q,H,C,H,Anf_Rhodopseudomonas_palustris,Anf_Rhodopseudomonas,24
Nif_Thermacetogenium_phaeum,C,C,C,Q,H,C,H,Nif_Thermacetogenium_phaeum,Nif_Thermacetogenium,24
Nif_Methanophagales_archaeon,C,C,C,Q,H,C,H,Nif_Methanophagales_archaeon,Nif_Methanophagales,24
Nif_Pseudoclostridium_thermosuccinogenes,C,C,C,Q,H,C,H,Nif_Pseudoclostridium_thermosuccinogenes,Nif_Pseudoclostridium,24
Nif_Clostridium_populeti,C,C,C,Q,H,C,H,Nif_Clostridium_populeti,Nif_Clostridium,24
Nif_Alkaliphilus_metalliredigens,C,C,C,Q,H,C,H,Nif_Alkaliphilus_metalliredigens,Nif_Alkaliphilus,24
Nif_Dendrosporobacter_quercicolus,C,C,C,Q,H,C,H,Nif_Dendrosporobacter_quercicolus,Nif_Dendrosporobacter,24
Nif_Clostridium_pasteurianum,C,C,C,Q,H,C,H,Nif_Clostridium_pasteurianum,Nif_Clostridium,24
Nif_Actinobacteria_bacterium_HGW-Actinobacteria-2,C,C,C,Q,H,C,H,Nif_Actinobacteria_bacterium_HGW-Actinobacteria-2,Nif_Actinobacteria_bacterium,24
Nif_Desulfobacteraceae_bacterium_Eth-SRB2,C,C,C,Q,H,C,H,Nif_Desulfobacteraceae_bacterium_Eth-SRB2,Nif_Desulfobacteraceae_bacterium,24
Nif_Marinilabilia_sp_WTE,C,C,C,Q,H,C,H,Nif_Marinilabilia_sp_WTE,Nif_Marinilabilia_sp,24
Nif_Spirochaeta_cellobiosiphila,C,C,C,Q,H,C,H,Nif_Spirochaeta_cellobiosiphila,Nif_Spirochaeta,24
Nif_Desulfonatronospira_thiodismutans,C,C,C,Q,H,C,H,Nif_Desulfonatronospira_thiodismutans,Nif_Desulfonatronospira,24
Nif_Desulfobulbus_elongatus,C,C,C,Q,H,C,H,Nif_Desulfobulbus_elongatus,Nif_Desulfobulbus,24
Nif_Planctomycetes_bacterium_Q31b,C,C,C,Q,H,C,H,Nif_Planctomycetes_bacterium_Q31b,Nif_Planctomycetes_bacterium,24
Nif_Coleofasciculus_chthonoplastes,C,C,C,Q,H,C,H,Nif_Coleofasciculus_chthonoplastes,Nif_Coleofasciculus,24
Nif_Acetobacter_peroxydans,C,C,C,Q,H,C,H,Nif_Acetobacter_peroxydans,Nif_Acetobacter,24
Vnf_Phaeospirillum_fulvum,C,C,C,Q,H,C,H,Vnf_Phaeospirillum_fulvum,Vnf_Phaeospirillum,24
Nif_Pelomonas_saccharophila,C,C,C,Q,H,C,H,Nif_Pelomonas_saccharophila,Nif_Pelomonas,24
Nif_Leptospirillum_ferriphilum,C,C,C,Q,H,C,H,Nif_Leptospirillum_ferriphilum,Nif_Leptospirillum,24
Nif_Mangrovibacter_sp_MFB070,C,C,C,Q,H,C,H,Nif_Mangrovibacter_sp_MFB070,Nif_Mangrovibacter_sp,24
Nif_Thiorhodococcus_drewsii,C,C,C,Q,H,C,H,Nif_Thiorhodococcus_drewsii,Nif_Thiorhodococcus,24
Nif_Candidatus_Competibacteraceae_bacterium,C,C,C,Q,H,C,H,Nif_Candidatus_Competibacteraceae_bacterium,Nif_Candidatus_Competibacteraceae,24
Nif_Deltaproteobacteria_bacterium_HGW-Deltaproteobacteria-4,C,C,C,Q,H,C,H,Nif_Deltaproteobacteria_bacterium_HGW-Deltaproteobacteria-4,Nif_Deltaproteobacteria_bacterium,24
Nif_Pelotomaculum_sp_FP,C,C,C,Q,H,C,H,Nif_Pelotomaculum_sp_FP,Nif_Pelotomaculum_sp,24
Nif_filamentous_cyanobacterium_ESFC-1,C,C,C,Q,H,C,H,Nif_filamentous_cyanobacterium_ESFC-1,Nif_filamentous_cyanobacterium,24
Nif_Lebetimonas_sp_JS032,C,C,C,Q,H,C,H,Nif_Lebetimonas_sp_JS032,Nif_Lebetimonas_sp,24
1210_alt3,C,C,C,Q,H,C,H,1210_alt3,1210,24
1215_alt4,C,C,C,Q,H,C,H,1215_alt4,1215,24
1217_alt4,C,C,C,Q,H,C,H,1217_alt4,1217,24
1212_alt2,C,C,C,Q,H,C,H,1212_alt2,1212,24
1219_alt2,C,C,C,Q,H,C,H,1219_alt2,1219,24
1219_alt4,C,C,C,Q,H,C,H,1219_alt4,1219,24
1223_alt2,C,C,C,Q,H,C,H,1223_alt2,1223,24
1227_map,C,C,C,Q,H,C,H,1227_map,1227,24
1227_alt3,C,C,C,Q,H,C,H,1227_alt3,1227,24
1237_alt5,C,C,C,Q,H,C,H,1237_alt5,1237,24
1245_alt2,C,C,C,Q,H,C,H,1245_alt2,1245,24
1242_alt3,C,C,C,Q,H,C,H,1242_alt3,1242,24
1247_alt2,C,C,C,Q,H,C,H,1247_alt2,1247,24
1238_alt5,C,C,C,Q,H,C,H,1238_alt5,1238,24
1249_alt3,C,C,C,Q,H,C,H,1249_alt3,1249,24
1264_alt5,C,C,C,Q,H,C,H,1264_alt5,1264,24
1251_map,C,C,C,Q,H,C,H,1251_map,1251,24
1259_alt4,C,C,C,Q,H,C,H,1259_alt4,1259,24
1258_alt3,C,C,C,Q,H,C,H,1258_alt3,1258,24
1255_altall,C,C,C,Q,H,C,H,1255_altall,1255,24
1251_alt4,C,C,C,Q,H,C,H,1251_alt4,1251,24
1267_alt5,C,C,C,Q,H,C,H,1267_alt5,1267,24
1248_alt3,C,C,C,Q,H,C,H,1248_alt3,1248,24
1272_map,C,C,C,Q,H,C,H,1272_map,1272,24
1275_alt5,C,C,C,Q,H,C,H,1275_alt5,1275,24
1275_map,C,C,C,Q,H,C,H,1275_map,1275,24
1279_altall,C,C,C,Q,H,C,H,1279_altall,1279,24
1280_alt3,C,C,C,Q,H,C,H,1280_alt3,1280,24
1284_alt4,C,C,C,Q,H,C,H,1284_alt4,1284,24
1285_alt5,C,C,C,Q,H,C,H,1285_alt5,1285,24
1232_alt4,C,C,C,Q,H,C,H,1232_alt4,1232,24
1235_altall,C,C,C,Q,H,C,H,1235_altall,1235,24
1286_alt3,C,C,C,Q,H,C,H,1286_alt3,1286,24
1293_alt4,C,C,C,Q,H,C,H,1293_alt4,1293,24
1299_alt5,C,C,C,Q,H,C,H,1299_alt5,1299,24
1302_alt4,C,C,C,Q,H,C,H,1302_alt4,1302,24
1298_alt2,C,C,C,Q,H,C,H,1298_alt2,1298,24
1294_map,C,C,C,Q,H,C,H,1294_map,1294,24
1304_alt2,C,C,C,Q,H,C,H,1304_alt2,1304,24
1329_map,C,C,C,Q,H,C,H,1329_map,1329,24
1321_alt3,C,C,C,Q,H,C,H,1321_alt3,1321,24
1323_alt4,C,C,C,Q,H,C,H,1323_alt4,1323,24
1326_alt4,C,C,C,Q,H,C,H,1326_alt4,1326,24
1325_alt3,C,C,C,Q,H,C,H,1325_alt3,1325,24
1317_alt2,C,C,C,Q,H,C,H,1317_alt2,1317,24
1312_alt4,C,C,C,Q,H,C,H,1312_alt4,1312,24
1315_alt5,C,C,C,Q,H,C,H,1315_alt5,1315,24
1311_alt2,C,C,C,Q,H,C,H,1311_alt2,1311,24
1332_alt3,C,C,C,Q,H,C,H,1332_alt3,1332,24
1332_altall,C,C,C,Q,H,C,H,1332_altall,1332,24
1336_alt4,C,C,C,Q,H,C,H,1336_alt4,1336,24
1307_alt4,C,C,C,Q,H,C,H,1307_alt4,1307,24
1338_alt5,C,C,C,Q,H,C,H,1338_alt5,1338,24
1290_alt5,C,C,C,Q,H,C,H,1290_alt5,1290,24
1289_alt4,C,C,C,Q,H,C,H,1289_alt4,1289,24
1230_map,C,C,C,Q,H,C,H,1230_map,1230,24
1342_alt2,C,C,C,Q,H,C,H,1342_alt2,1342,24
1344_alt2,C,C,C,Q,H,C,H,1344_alt2,1344,24
1209_alt2,C,C,C,Q,H,C,H,1209_alt2,1209,24
1206_map,C,C,C,Q,H,C,H,1206_map,1206,24
1350_map,C,C,C,Q,H,C,H,1350_map,1350,24
1348_alt3,C,C,C,Q,H,C,H,1348_alt3,1348,24
1352_altall,C,C,C,Q,H,C,H,1352_altall,1352,24
1453_alt4,C,C,C,Q,H,C,H,1453_alt4,1453,24
1447_altall,C,C,C,Q,H,C,H,1447_altall,1447,24
1449_map,C,C,C,Q,H,C,H,1449_map,1449,24
1353_alt5,C,C,C,Q,H,C,H,1353_alt5,1353,24
1440_alt4,C,C,C,Q,H,C,H,1440_alt4,1440,24
1444_alt5,C,C,C,Q,H,C,H,1444_alt5,1444,24
1440_alt3,C,C,C,Q,H,C,H,1440_alt3,1440,24
1364_map,C,C,C,Q,H,C,H,1364_map,1364,24
1369_alt5,C,C,C,Q,H,C,H,1369_alt5,1369,24
1369_alt4,C,C,C,Q,H,C,H,1369_alt4,1369,24
1366_alt5,C,C,C,Q,H,C,H,1366_alt5,1366,24
1403_map,C,C,C,Q,H,C,H,1403_map,1403,24
1405_alt3,C,C,C,Q,H,C,H,1405_alt3,1405,24
1383_alt2,C,C,C,Q,H,C,H,1383_alt2,1383,24
1390_alt3,C,C,C,Q,H,C,H,1390_alt3,1390,24
1393_alt3,C,C,C,Q,H,C,H,1393_alt3,1393,24
1396_alt3,C,C,C,Q,H,C,H,1396_alt3,1396,24
1398_map,C,C,C,Q,H,C,H,1398_map,1398,24
1397_alt3,C,C,C,Q,H,C,H,1397_alt3,1397,24
1386_alt5,C,C,C,Q,H,C,H,1386_alt5,1386,24
1384_map,C,C,C,Q,H,C,H,1384_map,1384,24
1373_alt3,C,C,C,Q,H,C,H,1373_alt3,1373,24
1375_map,C,C,C,Q,H,C,H,1375_map,1375,24
1377_alt3,C,C,C,Q,H,C,H,1377_alt3,1377,24
1379_alt2,C,C,C,Q,H,C,H,1379_alt2,1379,24
1359_map,C,C,C,Q,H,C,H,1359_map,1359,24
1361_map,C,C,C,Q,H,C,H,1361_map,1361,24
1407_map,C,C,C,Q,H,C,H,1407_map,1407,24
1409_alt5,C,C,C,Q,H,C,H,1409_alt5,1409,24
1427_alt3,C,C,C,Q,H,C,H,1427_alt3,1427,24
1429_alt2,C,C,C,Q,H,C,H,1429_alt2,1429,24
1417_map,C,C,C,Q,H,C,H,1417_map,1417,24
1424_alt3,C,C,C,Q,H,C,H,1424_alt3,1424,24
1421_alt3,C,C,C,Q,H,C,H,1421_alt3,1421,24
1420_alt4,C,C,C,Q,H,C,H,1420_alt4,1420,24
1415_altall,C,C,C,Q,H,C,H,1415_altall,1415,24
1413_altall,C,C,C,Q,H,C,H,1413_altall,1413,24
1411_alt4,C,C,C,Q,H,C,H,1411_alt4,1411,24
1434_alt4,C,C,C,Q,H,C,H,1434_alt4,1434,24
1437_map,C,C,C,Q,H,C,H,1437_map,1437,24
1436_alt3,C,C,C,Q,H,C,H,1436_alt3,1436,24
1439_alt5,C,C,C,Q,H,C,H,1439_alt5,1439,24
1354_alt4,C,C,C,Q,H,C,H,1354_alt4,1354,24
1495_map,C,C,C,Q,H,C,H,1495_map,1495,24
1489_alt4,C,C,C,Q,H,C,H,1489_alt4,1489,24
1492_altall,C,C,C,Q,H,C,H,1492_altall,1492,24
1487_alt3,C,C,C,Q,H,C,H,1487_alt3,1487,24
1505_alt4,C,C,C,Q,H,C,H,1505_alt4,1505,24
1507_alt4,C,C,C,Q,H,C,H,1507_alt4,1507,24
1505_alt5,C,C,C,Q,H,C,H,1505_alt5,1505,24
1486_alt4,C,C,C,Q,H,C,H,1486_alt4,1486,24
1503_alt4,C,C,C,Q,H,C,H,1503_alt4,1503,24
1501_altall,C,C,C,Q,H,C,H,1501_altall,1501,24
1499_map,C,C,C,Q,H,C,H,1499_map,1499,24
1522_alt3,C,C,C,Q,H,C,H,1522_alt3,1522,24
1518_altall,C,C,C,Q,H,C,H,1518_altall,1518,24
1520_alt4,C,C,C,Q,H,C,H,1520_alt4,1520,24
1517_alt3,C,C,C,Q,H,C,H,1517_alt3,1517,24
1516_alt5,C,C,C,Q,H,C,H,1516_alt5,1516,24
1512_map,C,C,C,Q,H,C,H,1512_map,1512,24
1458_altall,C,C,C,Q,H,C,H,1458_altall,1458,24
1459_alt2,C,C,C,Q,H,C,H,1459_alt2,1459,24
1483_alt2,C,C,C,Q,H,C,H,1483_alt2,1483,24
1482_alt4,C,C,C,Q,H,C,H,1482_alt4,1482,24
1472_alt3,C,C,C,Q,H,C,H,1472_alt3,1472,24
1471_alt2,C,C,C,Q,H,C,H,1471_alt2,1471,24
1465_alt3,C,C,C,Q,H,C,H,1465_alt3,1465,24
1468_map,C,C,C,Q,H,C,H,1468_map,1468,24
1474_alt3,C,C,C,Q,H,C,H,1474_alt3,1474,24
1481_alt3,C,C,C,Q,H,C,H,1481_alt3,1481,24
1478_alt3,C,C,C,Q,H,C,H,1478_alt3,1478,24
1476_alt5,C,C,C,Q,H,C,H,1476_alt5,1476,24
1455_alt2,C,C,C,Q,H,C,H,1455_alt2,1455,24
1352_map,C,C,C,Q,H,C,H,1352_map,1352,24
809_alt2,C,C,C,Q,H,C,H,809_alt2,809,24
818_map,C,C,C,Q,H,C,H,818_map,818,24
816_alt4,C,C,C,Q,H,C,H,816_alt4,816,24
815_alt2,C,C,C,Q,H,C,H,815_alt2,815,24
811_alt4,C,C,C,Q,H,C,H,811_alt4,811,24
802_alt5,C,C,C,Q,H,C,H,802_alt5,802,24
790_alt3,C,C,C,Q,H,C,H,790_alt3,790,24
789_map,C,C,C,Q,H,C,H,789_map,789,24
785_alt3,C,C,C,Q,H,C,H,785_alt3,785,24
773_alt3,C,C,C,Q,H,C,H,773_alt3,773,24
776_alt5,C,C,C,Q,H,C,H,776_alt5,776,24
779_alt4,C,C,C,Q,H,C,H,779_alt4,779,24
778_alt5,C,C,C,Q,H,C,H,778_alt5,778,24
771_alt3,C,C,C,Q,H,C,H,771_alt3,771,24
784_alt5,C,C,C,Q,H,C,H,784_alt5,784,24
792_alt3,C,C,C,Q,H,C,H,792_alt3,792,24
799_altall,C,C,C,Q,H,C,H,799_altall,799,24
801_altall,C,C,C,Q,H,C,H,801_altall,801,24
797_map,C,C,C,Q,H,C,H,797_map,797,24
803_alt3,C,C,C,Q,H,C,H,803_alt3,803,24
805_alt4,C,C,C,Q,H,C,H,805_alt4,805,24
808_map,C,C,C,Q,H,C,H,808_map,808,24
1526_alt3,C,C,C,Q,H,C,H,1526_alt3,1526,24
1529_map,C,C,C,Q,H,C,H,1529_map,1529,24
1531_alt2,C,C,C,Q,H,C,H,1531_alt2,1531,24
1533_map,C,C,C,Q,H,C,H,1533_map,1533,24
1537_alt2,C,C,C,Q,H,C,H,1537_alt2,1537,24
1525_alt3,C,C,C,Q,H,C,H,1525_alt3,1525,24
Anf_Rhodobacter_capsulatus,C,C,C,Q,H,C,H,Anf_Rhodobacter_capsulatus,Anf_Rhodobacter,24
Nif_Thermodesulfitimonas_autotrophica,C,C,C,Q,H,C,H,Nif_Thermodesulfitimonas_autotrophica,Nif_Thermodesulfitimonas,24
Nif_Candidatus_Methanoperedens_nitroreducens,C,C,C,Q,H,C,H,Nif_Candidatus_Methanoperedens_nitroreducens,Nif_Candidatus_Methanoperedens,24
Nif_Petrocella_atlantisensis,C,C,C,Q,H,C,H,Nif_Petrocella_atlantisensis,Nif_Petrocella,24
Nif_Robinsoniella_sp_MCWD5,C,C,C,Q,H,C,H,Nif_Robinsoniella_sp_MCWD5,Nif_Robinsoniella_sp,24
Nif_Geosporobacter_ferrireducens,C,C,C,Q,H,C,H,Nif_Geosporobacter_ferrireducens,Nif_Geosporobacter,24
Nif_Desulfallas_arcticus,C,C,C,Q,H,C,H,Nif_Desulfallas_arcticus,Nif_Desulfallas,24
Vnf_Clostridium_pasteurianum,C,C,C,Q,H,C,H,Vnf_Clostridium_pasteurianum,Vnf_Clostridium,24
Nif_Propionibacterium_cyclohexanicum,C,C,C,Q,H,C,H,Nif_Propionibacterium_cyclohexanicum,Nif_Propionibacterium,24
Nif_Desulfamplus_magnetovallimortis,C,C,C,Q,H,C,H,Nif_Desulfamplus_magnetovallimortis,Nif_Desulfamplus,24
Nif_Labilibacter_aurantiacus,C,C,C,Q,H,C,H,Nif_Labilibacter_aurantiacus,Nif_Labilibacter,24
Nif_Lutibacter_agarilyticus,C,C,C,Q,H,C,H,Nif_Lutibacter_agarilyticus,Nif_Lutibacter,24
Nif_Desulfonatronovibrio_hydrogenovorans,C,C,C,Q,H,C,H,Nif_Desulfonatronovibrio_hydrogenovorans,Nif_Desulfonatronovibrio,24
Nif_Desulfotalea_sp,C,C,C,Q,H,C,H,Nif_Desulfotalea_sp,Nif_Desulfotalea,24
Nif_Planctomycetes_bacterium_V7,C,C,C,Q,H,C,H,Nif_Planctomycetes_bacterium_V7,Nif_Planctomycetes_bacterium,24
Nif_Roseofilum_reptotaenium_AO1-A,C,C,C,Q,H,C,H,Nif_Roseofilum_reptotaenium_AO1-A,Nif_Roseofilum_reptotaenium,24
Nif_Hartmannibacter_diazotrophicus,C,C,C,Q,H,C,H,Nif_Hartmannibacter_diazotrophicus,Nif_Hartmannibacter,24
Nif_Actibacterium_ureilyticum,C,C,C,Q,H,C,H,Nif_Actibacterium_ureilyticum,Nif_Actibacterium,24
Nif_Polaromonas_naphthalenivorans,C,C,C,Q,H,C,H,Nif_Polaromonas_naphthalenivorans,Nif_Polaromonas,24
Nif_Rhodovibrio_salinarum,C,C,C,Q,H,C,H,Nif_Rhodovibrio_salinarum,Nif_Rhodovibrio,24
Nif_Pantoea_cypripedii,C,C,C,Q,H,C,H,Nif_Pantoea_cypripedii,Nif_Pantoea,24
Nif_Hydrogenophilales_bacterium_28-61-23,C,C,C,Q,H,C,H,Nif_Hydrogenophilales_bacterium_28-61-23,Nif_Hydrogenophilales_bacterium,24
Nif_Celerinatantimonas_diazotrophica,C,C,C,Q,H,C,H,Nif_Celerinatantimonas_diazotrophica,Nif_Celerinatantimonas,24
Nif_Desulfuromonadales_bacterium_GWC2_61_20,C,C,C,Q,H,C,H,Nif_Desulfuromonadales_bacterium_GWC2_61_20,Nif_Desulfuromonadales_bacterium_GWC2_61,24
Nif_Heliobacterium_modesticaldum,C,C,C,Q,H,C,H,Nif_Heliobacterium_modesticaldum,Nif_Heliobacterium,24
Nif_Desertifilum_sp_IPPAS_B-1220,C,C,C,Q,H,C,H,Nif_Desertifilum_sp_IPPAS_B-1220,Nif_Desertifilum_sp_IPPAS,24
Nif_Sulfurimonas_sp_RIFOXYD12_FULL_33_39,C,C,C,Q,H,C,H,Nif_Sulfurimonas_sp_RIFOXYD12_FULL_33_39,Nif_Sulfurimonas_sp_RIFOXYD12_FULL_33,24
1211_altall,C,C,C,Q,H,C,H,1211_altall,1211,24
1215_alt5,C,C,C,Q,H,C,H,1215_alt5,1215,24
1217_altall,C,C,C,Q,H,C,H,1217_altall,1217,24
1212_alt4,C,C,C,Q,H,C,H,1212_alt4,1212,24
1219_map,C,C,C,Q,H,C,H,1219_map,1219,24
1222_alt4,C,C,C,Q,H,C,H,1222_alt4,1222,24
1223_map,C,C,C,Q,H,C,H,1223_map,1223,24
1227_alt5,C,C,C,Q,H,C,H,1227_alt5,1227,24
1227_altall,C,C,C,Q,H,C,H,1227_altall,1227,24
1239_altall,C,C,C,Q,H,C,H,1239_altall,1239,24
1245_alt5,C,C,C,Q,H,C,H,1245_alt5,1245,24
1242_altall,C,C,C,Q,H,C,H,1242_altall,1242,24
1247_map,C,C,C,Q,H,C,H,1247_map,1247,24
1238_alt4,C,C,C,Q,H,C,H,1238_alt4,1238,24
1249_map,C,C,C,Q,H,C,H,1249_map,1249,24
1264_map,C,C,C,Q,H,C,H,1264_map,1264,24
1251_alt2,C,C,C,Q,H,C,H,1251_alt2,1251,24
1259_map,C,C,C,Q,H,C,H,1259_map,1259,24
1256_alt5,C,C,C,Q,H,C,H,1256_alt5,1256,24
1255_alt3,C,C,C,Q,H,C,H,1255_alt3,1255,24
1251_alt5,C,C,C,Q,H,C,H,1251_alt5,1251,24
1267_map,C,C,C,Q,H,C,H,1267_map,1267,24
1268_alt3,C,C,C,Q,H,C,H,1268_alt3,1268,24
1273_alt2,C,C,C,Q,H,C,H,1273_alt2,1273,24
1276_altall,C,C,C,Q,H,C,H,1276_altall,1276,24
1275_alt2,C,C,C,Q,H,C,H,1275_alt2,1275,24
1279_alt2,C,C,C,Q,H,C,H,1279_alt2,1279,24
1282_map,C,C,C,Q,H,C,H,1282_map,1282,24
1284_alt5,C,C,C,Q,H,C,H,1284_alt5,1284,24
1285_alt4,C,C,C,Q,H,C,H,1285_alt4,1285,24
1233_altall,C,C,C,Q,H,C,H,1233_altall,1233,24
1236_altall,C,C,C,Q,H,C,H,1236_altall,1236,24
1286_alt5,C,C,C,Q,H,C,H,1286_alt5,1286,24
1295_map,C,C,C,Q,H,C,H,1295_map,1295,24
1300_alt3,C,C,C,Q,H,C,H,1300_alt3,1300,24
1302_map,C,C,C,Q,H,C,H,1302_map,1302,24
1297_altall,C,C,C,Q,H,C,H,1297_altall,1297,24
1294_alt3,C,C,C,Q,H,C,H,1294_alt3,1294,24
1306_alt4,C,C,C,Q,H,C,H,1306_alt4,1306,24
1329_alt2,C,C,C,Q,H,C,H,1329_alt2,1329,24
1321_alt2,C,C,C,Q,H,C,H,1321_alt2,1321,24
1323_altall,C,C,C,Q,H,C,H,1323_altall,1323,24
1326_alt2,C,C,C,Q,H,C,H,1326_alt2,1326,24
1325_alt5,C,C,C,Q,H,C,H,1325_alt5,1325,24
1309_map,C,C,C,Q,H,C,H,1309_map,1309,24
1312_alt3,C,C,C,Q,H,C,H,1312_alt3,1312,24
1315_alt3,C,C,C,Q,H,C,H,1315_alt3,1315,24
1311_map,C,C,C,Q,H,C,H,1311_map,1311,24
1332_alt5,C,C,C,Q,H,C,H,1332_alt5,1332,24
1331_alt3,C,C,C,Q,H,C,H,1331_alt3,1331,24
1335_map,C,C,C,Q,H,C,H,1335_map,1335,24
1307_map,C,C,C,Q,H,C,H,1307_map,1307,24
1338_alt2,C,C,C,Q,H,C,H,1338_alt2,1338,24
1290_alt2,C,C,C,Q,H,C,H,1290_alt2,1290,24
1289_altall,C,C,C,Q,H,C,H,1289_altall,1289,24
1230_alt4,C,C,C,Q,H,C,H,1230_alt4,1230,24
1342_alt4,C,C,C,Q,H,C,H,1342_alt4,1342,24
1344_alt3,C,C,C,Q,H,C,H,1344_alt3,1344,24
1209_map,C,C,C,Q,H,C,H,1209_map,1209,24
1346_alt4,C,C,C,Q,H,C,H,1346_alt4,1346,24
1350_alt3,C,C,C,Q,H,C,H,1350_alt3,1350,24
1348_alt5,C,C,C,Q,H,C,H,1348_alt5,1348,24
1352_alt5,C,C,C,Q,H,C,H,1352_alt5,1352,24
1453_alt2,C,C,C,Q,H,C,H,1453_alt2,1453,24
1448_altall,C,C,C,Q,H,C,H,1448_altall,1448,24
1449_alt4,C,C,C,Q,H,C,H,1449_alt4,1449,24
1354_altall,C,C,C,Q,H,C,H,1354_altall,1354,24
1442_alt4,C,C,C,Q,H,C,H,1442_alt4,1442,24
1443_alt5,C,C,C,Q,H,C,H,1443_alt5,1443,24
1356_alt5,C,C,C,Q,H,C,H,1356_alt5,1356,24
1364_alt5,C,C,C,Q,H,C,H,1364_alt5,1364,24
1369_alt2,C,C,C,Q,H,C,H,1369_alt2,1369,24
1368_map,C,C,C,Q,H,C,H,1368_map,1368,24
1366_alt2,C,C,C,Q,H,C,H,1366_alt2,1366,24
1403_alt4,C,C,C,Q,H,C,H,1403_alt4,1403,24
1404_alt5,C,C,C,Q,H,C,H,1404_alt5,1404,24
1383_alt4,C,C,C,Q,H,C,H,1383_alt4,1383,24
1390_alt2,C,C,C,Q,H,C,H,1390_alt2,1390,24
1393_alt4,C,C,C,Q,H,C,H,1393_alt4,1393,24
1396_alt4,C,C,C,Q,H,C,H,1396_alt4,1396,24
1399_alt3,C,C,C,Q,H,C,H,1399_alt3,1399,24
1397_alt4,C,C,C,Q,H,C,H,1397_alt4,1397,24
1386_alt2,C,C,C,Q,H,C,H,1386_alt2,1386,24
1384_alt4,C,C,C,Q,H,C,H,1384_alt4,1384,24
1380_alt4,C,C,C,Q,H,C,H,1380_alt4,1380,24
1375_alt3,C,C,C,Q,H,C,H,1375_alt3,1375,24
1377_alt5,C,C,C,Q,H,C,H,1377_alt5,1377,24
1378_alt2,C,C,C,Q,H,C,H,1378_alt2,1378,24
1359_alt3,C,C,C,Q,H,C,H,1359_alt3,1359,24
1361_alt3,C,C,C,Q,H,C,H,1361_alt3,1361,24
1407_alt4,C,C,C,Q,H,C,H,1407_alt4,1407,24
1409_map,C,C,C,Q,H,C,H,1409_map,1409,24
1427_alt5,C,C,C,Q,H,C,H,1427_alt5,1427,24
1428_map,C,C,C,Q,H,C,H,1428_map,1428,24
1417_alt5,C,C,C,Q,H,C,H,1417_alt5,1417,24
1424_alt4,C,C,C,Q,H,C,H,1424_alt4,1424,24
1422_altall,C,C,C,Q,H,C,H,1422_altall,1422,24
1419_map,C,C,C,Q,H,C,H,1419_map,1419,24
1414_alt5,C,C,C,Q,H,C,H,1414_alt5,1414,24
1412_alt4,C,C,C,Q,H,C,H,1412_alt4,1412,24
1411_altall,C,C,C,Q,H,C,H,1411_altall,1411,24
1434_alt3,C,C,C,Q,H,C,H,1434_alt3,1434,24
1437_alt4,C,C,C,Q,H,C,H,1437_alt4,1437,24
1434_altall,C,C,C,Q,H,C,H,1434_altall,1434,24
1439_alt3,C,C,C,Q,H,C,H,1439_alt3,1439,24
1355_altall,C,C,C,Q,H,C,H,1355_altall,1355,24
1495_alt5,C,C,C,Q,H,C,H,1495_alt5,1495,24
1490_alt5,C,C,C,Q,H,C,H,1490_alt5,1490,24
1492_alt4,C,C,C,Q,H,C,H,1492_alt4,1492,24
1487_altall,C,C,C,Q,H,C,H,1487_altall,1487,24
1508_altall,C,C,C,Q,H,C,H,1508_altall,1508,24
1507_map,C,C,C,Q,H,C,H,1507_map,1507,24
1504_alt5,C,C,C,Q,H,C,H,1504_alt5,1504,24
1486_alt2,C,C,C,Q,H,C,H,1486_alt2,1486,24
1502_alt5,C,C,C,Q,H,C,H,1502_alt5,1502,24
1501_alt4,C,C,C,Q,H,C,H,1501_alt4,1501,24
1499_alt2,C,C,C,Q,H,C,H,1499_alt2,1499,24
1523_alt5,C,C,C,Q,H,C,H,1523_alt5,1523,24
1519_alt5,C,C,C,Q,H,C,H,1519_alt5,1519,24
1520_map,C,C,C,Q,H,C,H,1520_map,1520,24
1517_altall,C,C,C,Q,H,C,H,1517_altall,1517,24
1515_alt2,C,C,C,Q,H,C,H,1515_alt2,1515,24
1512_alt4,C,C,C,Q,H,C,H,1512_alt4,1512,24
1458_alt3,C,C,C,Q,H,C,H,1458_alt3,1458,24
1459_map,C,C,C,Q,H,C,H,1459_map,1459,24
1483_alt3,C,C,C,Q,H,C,H,1483_alt3,1483,24
1462_altall,C,C,C,Q,H,C,H,1462_altall,1462,24
1472_alt5,C,C,C,Q,H,C,H,1472_alt5,1472,24
1471_alt3,C,C,C,Q,H,C,H,1471_alt3,1471,24
1466_alt3,C,C,C,Q,H,C,H,1466_alt3,1466,24
1468_alt4,C,C,C,Q,H,C,H,1468_alt4,1468,24
1474_alt2,C,C,C,Q,H,C,H,1474_alt2,1474,24
1476_alt2,C,C,C,Q,H,C,H,1476_alt2,1476,24
1478_altall,C,C,C,Q,H,C,H,1478_altall,1478,24
1476_alt3,C,C,C,Q,H,C,H,1476_alt3,1476,24
1455_alt4,C,C,C,Q,H,C,H,1455_alt4,1455,24
1352_alt2,C,C,C,Q,H,C,H,1352_alt2,1352,24
809_altall,C,C,C,Q,H,C,H,809_altall,809,24
818_alt4,C,C,C,Q,H,C,H,818_alt4,818,24
813_alt4,C,C,C,Q,H,C,H,813_alt4,813,24
814_alt2,C,C,C,Q,H,C,H,814_alt2,814,24
811_alt5,C,C,C,Q,H,C,H,811_alt5,811,24
802_alt2,C,C,C,Q,H,C,H,802_alt2,802,24
790_map,C,C,C,Q,H,C,H,790_map,790,24
789_alt3,C,C,C,Q,H,C,H,789_alt3,789,24
784_alt3,C,C,C,Q,H,C,H,784_alt3,784,24
773_alt5,C,C,C,Q,H,C,H,773_alt5,773,24
776_altall,C,C,C,Q,H,C,H,776_altall,776,24
779_alt5,C,C,C,Q,H,C,H,779_alt5,779,24
778_map,C,C,C,Q,H,C,H,778_map,778,24
771_alt4,C,C,C,Q,H,C,H,771_alt4,771,24
786_alt5,C,C,C,Q,H,C,H,786_alt5,786,24
792_alt4,C,C,C,Q,H,C,H,792_alt4,792,24
799_alt2,C,C,C,Q,H,C,H,799_alt2,799,24
801_alt4,C,C,C,Q,H,C,H,801_alt4,801,24
797_alt5,C,C,C,Q,H,C,H,797_alt5,797,24
803_alt4,C,C,C,Q,H,C,H,803_alt4,803,24
805_alt3,C,C,C,Q,H,C,H,805_alt3,805,24
808_alt4,C,C,C,Q,H,C,H,808_alt4,808,24
1527_alt4,C,C,C,Q,H,C,H,1527_alt4,1527,24
1529_alt2,C,C,C,Q,H,C,H,1529_alt2,1529,24
1529_alt5,C,C,C,Q,H,C,H,1529_alt5,1529,24
1533_alt2,C,C,C,Q,H,C,H,1533_alt2,1533,24
1537_alt4,C,C,C,Q,H,C,H,1537_alt4,1537,24
821_alt4,C,C,C,Q,H,C,H,821_alt4,821,24
Anf_Rhodoblastus_acidophilus,C,C,C,Q,H,C,H,Anf_Rhodoblastus_acidophilus,Anf_Rhodoblastus,24
Nif_Moorella_thermoacetica,C,C,C,Q,H,C,H,Nif_Moorella_thermoacetica,Nif_Moorella,24
Nif_Candidatus_Methanoperedens_sp_BLZ2,C,C,C,Q,H,C,H,Nif_Candidatus_Methanoperedens_sp_BLZ2,Nif_Candidatus_Methanoperedens_sp,24
Nif_Anaerocolumna_jejuensis,C,C,C,Q,H,C,H,Nif_Anaerocolumna_jejuensis,Nif_Anaerocolumna,24
Nif_Parasporobacterium_paucivorans,C,C,C,Q,H,C,H,Nif_Parasporobacterium_paucivorans,Nif_Parasporobacterium,24
Nif_Serpentinicella_alkaliphila,C,C,C,Q,H,C,H,Nif_Serpentinicella_alkaliphila,Nif_Serpentinicella,24
Nif_Firmicutes_bacterium_HGW-Firmicutes-8,C,C,C,Q,H,C,H,Nif_Firmicutes_bacterium_HGW-Firmicutes-8,Nif_Firmicutes_bacterium,24
Nif_Gordonibacter_sp_28C,C,C,C,Q,H,C,H,Nif_Gordonibacter_sp_28C,Nif_Gordonibacter_sp,24
Nif_Alkaliflexus_imshenetskii,C,C,C,Q,H,C,H,Nif_Alkaliflexus_imshenetskii,Nif_Alkaliflexus,24
Nif_Desulfospira_joergensenii,C,C,C,Q,H,C,H,Nif_Desulfospira_joergensenii,Nif_Desulfospira,24
Nif_Mangrovibacterium_diazotrophicum,C,C,C,Q,H,C,H,Nif_Mangrovibacterium_diazotrophicum,Nif_Mangrovibacterium,24
Nif_Smithella_sp_SC_K08D17,C,C,C,Q,H,C,H,Nif_Smithella_sp_SC_K08D17,Nif_Smithella_sp_SC,24
Nif_Dissulfuribacter_thermophilus,C,C,C,Q,H,C,H,Nif_Dissulfuribacter_thermophilus,Nif_Dissulfuribacter,24
Nif_Desulfocarbo_indianensis,C,C,C,Q,H,C,H,Nif_Desulfocarbo_indianensis,Nif_Desulfocarbo,24
Nif_Planctomycetaceae_bacterium,C,C,C,Q,H,C,H,Nif_Planctomycetaceae_bacterium,Nif_Planctomycetaceae,24
Nif_Phormidium_sp_HE10JO,C,C,C,Q,H,C,H,Nif_Phormidium_sp_HE10JO,Nif_Phormidium_sp,24
Nif_Martelella_sp_BGMRC2036,C,C,C,Q,H,C,H,Nif_Martelella_sp_BGMRC2036,Nif_Martelella_sp,24
Nif_Rhodobacteraceae_bacterium,C,C,C,Q,H,C,H,Nif_Rhodobacteraceae_bacterium,Nif_Rhodobacteraceae,24
Nif_Solimonas_aquatica,C,C,C,Q,H,C,H,Nif_Solimonas_aquatica,Nif_Solimonas,24
Nif_Acidihalobacter_prosperus,C,C,C,Q,H,C,H,Nif_Acidihalobacter_prosperus,Nif_Acidihalobacter,24
Nif_Serratia_sp_ATCC_39006,C,C,C,Q,H,C,H,Nif_Serratia_sp_ATCC_39006,Nif_Serratia_sp_ATCC,24
Nif_Proteobacteria_bacterium_CG1_02_64_396,C,C,C,Q,H,C,H,Nif_Proteobacteria_bacterium_CG1_02_64_396,Nif_Proteobacteria_bacterium_CG1_02_64,24
Nif_Varunaivibrio_sulfuroxidans,C,C,C,Q,H,C,H,Nif_Varunaivibrio_sulfuroxidans,Nif_Varunaivibrio,24
Nif_Geobacter_thiogenes,C,C,C,Q,H,C,H,Nif_Geobacter_thiogenes,Nif_Geobacter,24
Nif_Peptococcaceae_bacterium_CEB3,C,C,C,Q,H,C,H,Nif_Peptococcaceae_bacterium_CEB3,Nif_Peptococcaceae_bacterium,24
Nif_Kamptonema,C,C,C,Q,H,C,H,Nif_Kamptonema,Nif,24
Nif_Sulfuricurvum_kujiense,C,C,C,Q,H,C,H,Nif_Sulfuricurvum_kujiense,Nif_Sulfuricurvum,24
1212_altall,C,C,C,Q,H,C,H,1212_altall,1212,24
1214_map,C,C,C,Q,H,C,H,1214_map,1214,24
1217_map,C,C,C,Q,H,C,H,1217_map,1217,24
1211_alt3,C,C,C,Q,H,C,H,1211_alt3,1211,24
1220_alt4,C,C,C,Q,H,C,H,1220_alt4,1220,24
1222_alt5,C,C,C,Q,H,C,H,1222_alt5,1222,24
1224_alt5,C,C,C,Q,H,C,H,1224_alt5,1224,24
1228_alt2,C,C,C,Q,H,C,H,1228_alt2,1228,24
1225_alt2,C,C,C,Q,H,C,H,1225_alt2,1225,24
1240_altall,C,C,C,Q,H,C,H,1240_altall,1240,24
1245_map,C,C,C,Q,H,C,H,1245_map,1245,24
1242_map,C,C,C,Q,H,C,H,1242_map,1242,24
1247_alt3,C,C,C,Q,H,C,H,1247_alt3,1247,24
1238_alt2,C,C,C,Q,H,C,H,1238_alt2,1238,24
1249_alt4,C,C,C,Q,H,C,H,1249_alt4,1249,24
1264_alt4,C,C,C,Q,H,C,H,1264_alt4,1264,24
1252_map,C,C,C,Q,H,C,H,1252_map,1252,24
1259_alt3,C,C,C,Q,H,C,H,1259_alt3,1259,24
1256_alt2,C,C,C,Q,H,C,H,1256_alt2,1256,24
1255_alt5,C,C,C,Q,H,C,H,1255_alt5,1255,24
1251_alt3,C,C,C,Q,H,C,H,1251_alt3,1251,24
1267_alt2,C,C,C,Q,H,C,H,1267_alt2,1267,24
1268_alt4,C,C,C,Q,H,C,H,1268_alt4,1268,24
1273_altall,C,C,C,Q,H,C,H,1273_altall,1273,24
1276_alt2,C,C,C,Q,H,C,H,1276_alt2,1276,24
1275_alt3,C,C,C,Q,H,C,H,1275_alt3,1275,24
1272_alt3,C,C,C,Q,H,C,H,1272_alt3,1272,24
1282_alt3,C,C,C,Q,H,C,H,1282_alt3,1282,24
1284_map,C,C,C,Q,H,C,H,1284_map,1284,24
1285_alt2,C,C,C,Q,H,C,H,1285_alt2,1285,24
1234_altall,C,C,C,Q,H,C,H,1234_altall,1234,24
1236_alt3,C,C,C,Q,H,C,H,1236_alt3,1236,24
1286_map,C,C,C,Q,H,C,H,1286_map,1286,24
1303_altall,C,C,C,Q,H,C,H,1303_altall,1303,24
1300_alt4,C,C,C,Q,H,C,H,1300_alt4,1300,24
1302_alt2,C,C,C,Q,H,C,H,1302_alt2,1302,24
1297_alt2,C,C,C,Q,H,C,H,1297_alt2,1297,24
1294_alt5,C,C,C,Q,H,C,H,1294_alt5,1294,24
1306_alt5,C,C,C,Q,H,C,H,1306_alt5,1306,24
1329_alt5,C,C,C,Q,H,C,H,1329_alt5,1329,24
1321_altall,C,C,C,Q,H,C,H,1321_altall,1321,24
1324_altall,C,C,C,Q,H,C,H,1324_altall,1324,24
1326_map,C,C,C,Q,H,C,H,1326_map,1326,24
1325_map,C,C,C,Q,H,C,H,1325_map,1325,24
1309_alt4,C,C,C,Q,H,C,H,1309_alt4,1309,24
1313_alt5,C,C,C,Q,H,C,H,1313_alt5,1313,24
1315_alt4,C,C,C,Q,H,C,H,1315_alt4,1315,24
1310_alt4,C,C,C,Q,H,C,H,1310_alt4,1310,24
1333_altall,C,C,C,Q,H,C,H,1333_altall,1333,24
1331_map,C,C,C,Q,H,C,H,1331_map,1331,24
1335_alt5,C,C,C,Q,H,C,H,1335_alt5,1335,24
1307_alt2,C,C,C,Q,H,C,H,1307_alt2,1307,24
1338_altall,C,C,C,Q,H,C,H,1338_altall,1338,24
1290_alt3,C,C,C,Q,H,C,H,1290_alt3,1290,24
1289_alt3,C,C,C,Q,H,C,H,1289_alt3,1289,24
1339_alt4,C,C,C,Q,H,C,H,1339_alt4,1339,24
1342_altall,C,C,C,Q,H,C,H,1342_altall,1342,24
1344_map,C,C,C,Q,H,C,H,1344_map,1344,24
1209_alt5,C,C,C,Q,H,C,H,1209_alt5,1209,24
1346_alt3,C,C,C,Q,H,C,H,1346_alt3,1346,24
1349_altall,C,C,C,Q,H,C,H,1349_altall,1349,24
1348_map,C,C,C,Q,H,C,H,1348_map,1348,24
1352_alt3,C,C,C,Q,H,C,H,1352_alt3,1352,24
1453_map,C,C,C,Q,H,C,H,1453_map,1453,24
1448_alt4,C,C,C,Q,H,C,H,1448_alt4,1448,24
1448_alt5,C,C,C,Q,H,C,H,1448_alt5,1448,24
1356_altall,C,C,C,Q,H,C,H,1356_altall,1356,24
1443_altall,C,C,C,Q,H,C,H,1443_altall,1443,24
1443_alt2,C,C,C,Q,H,C,H,1443_alt2,1443,24
1357_altall,C,C,C,Q,H,C,H,1357_altall,1357,24
1364_alt4,C,C,C,Q,H,C,H,1364_alt4,1364,24
1370_altall,C,C,C,Q,H,C,H,1370_altall,1370,24
1368_alt5,C,C,C,Q,H,C,H,1368_alt5,1368,24
1366_altall,C,C,C,Q,H,C,H,1366_altall,1366,24
1402_alt2,C,C,C,Q,H,C,H,1402_alt2,1402,24
1404_map,C,C,C,Q,H,C,H,1404_map,1404,24
1385_altall,C,C,C,Q,H,C,H,1385_altall,1385,24
1390_alt4,C,C,C,Q,H,C,H,1390_alt4,1390,24
1394_alt5,C,C,C,Q,H,C,H,1394_alt5,1394,24
1396_altall,C,C,C,Q,H,C,H,1396_altall,1396,24
1399_alt4,C,C,C,Q,H,C,H,1399_alt4,1399,24
1393_alt2,C,C,C,Q,H,C,H,1393_alt2,1393,24
1387_map,C,C,C,Q,H,C,H,1387_map,1387,24
1384_alt5,C,C,C,Q,H,C,H,1384_alt5,1384,24
1380_map,C,C,C,Q,H,C,H,1380_map,1380,24
1375_alt2,C,C,C,Q,H,C,H,1375_alt2,1375,24
1376_alt5,C,C,C,Q,H,C,H,1376_alt5,1376,24
1378_alt3,C,C,C,Q,H,C,H,1378_alt3,1378,24
1359_altall,C,C,C,Q,H,C,H,1359_altall,1359,24
1360_alt5,C,C,C,Q,H,C,H,1360_alt5,1360,24
1408_altall,C,C,C,Q,H,C,H,1408_altall,1408,24
1412_alt3,C,C,C,Q,H,C,H,1412_alt3,1412,24
1427_alt4,C,C,C,Q,H,C,H,1427_alt4,1427,24
1427_map,C,C,C,Q,H,C,H,1427_map,1427,24
1417_altall,C,C,C,Q,H,C,H,1417_altall,1417,24
1424_alt2,C,C,C,Q,H,C,H,1424_alt2,1424,24
1422_alt5,C,C,C,Q,H,C,H,1422_alt5,1422,24
1419_alt2,C,C,C,Q,H,C,H,1419_alt2,1419,24
1414_alt2,C,C,C,Q,H,C,H,1414_alt2,1414,24
1412_map,C,C,C,Q,H,C,H,1412_map,1412,24
1411_alt3,C,C,C,Q,H,C,H,1411_alt3,1411,24
1434_map,C,C,C,Q,H,C,H,1434_map,1434,24
1438_alt2,C,C,C,Q,H,C,H,1438_alt2,1438,24
1432_alt4,C,C,C,Q,H,C,H,1432_alt4,1432,24
1439_map,C,C,C,Q,H,C,H,1439_map,1439,24
1355_alt5,C,C,C,Q,H,C,H,1355_alt5,1355,24
1495_alt3,C,C,C,Q,H,C,H,1495_alt3,1495,24
1490_altall,C,C,C,Q,H,C,H,1490_altall,1490,24
1492_alt2,C,C,C,Q,H,C,H,1492_alt2,1492,24
1487_alt4,C,C,C,Q,H,C,H,1487_alt4,1487,24
1509_altall,C,C,C,Q,H,C,H,1509_altall,1509,24
1507_alt3,C,C,C,Q,H,C,H,1507_alt3,1507,24
1510_altall,C,C,C,Q,H,C,H,1510_altall,1510,24
1486_altall,C,C,C,Q,H,C,H,1486_altall,1486,24
1498_alt2,C,C,C,Q,H,C,H,1498_alt2,1498,24
1501_map,C,C,C,Q,H,C,H,1501_map,1501,24
1499_alt4,C,C,C,Q,H,C,H,1499_alt4,1499,24
1523_alt4,C,C,C,Q,H,C,H,1523_alt4,1523,24
1519_alt3,C,C,C,Q,H,C,H,1519_alt3,1519,24
1520_alt2,C,C,C,Q,H,C,H,1520_alt2,1520,24
1513_alt4,C,C,C,Q,H,C,H,1513_alt4,1513,24
1515_alt3,C,C,C,Q,H,C,H,1515_alt3,1515,24
1512_altall,C,C,C,Q,H,C,H,1512_altall,1512,24
1458_alt5,C,C,C,Q,H,C,H,1458_alt5,1458,24
1459_alt5,C,C,C,Q,H,C,H,1459_alt5,1459,24
1483_alt4,C,C,C,Q,H,C,H,1483_alt4,1483,24
1463_alt4,C,C,C,Q,H,C,H,1463_alt4,1463,24
1472_alt4,C,C,C,Q,H,C,H,1472_alt4,1472,24
1471_map,C,C,C,Q,H,C,H,1471_map,1471,24
1466_altall,C,C,C,Q,H,C,H,1466_altall,1466,24
1467_alt3,C,C,C,Q,H,C,H,1467_alt3,1467,24
1475_altall,C,C,C,Q,H,C,H,1475_altall,1475,24
1476_alt4,C,C,C,Q,H,C,H,1476_alt4,1476,24
1478_alt4,C,C,C,Q,H,C,H,1478_alt4,1478,24
1474_altall,C,C,C,Q,H,C,H,1474_altall,1474,24
1455_alt3,C,C,C,Q,H,C,H,1455_alt3,1455,24
1345_alt5,C,C,C,Q,H,C,H,1345_alt5,1345,24
810_altall,C,C,C,Q,H,C,H,810_altall,810,24
818_alt5,C,C,C,Q,H,C,H,818_alt5,818,24
813_map,C,C,C,Q,H,C,H,813_map,813,24
814_alt5,C,C,C,Q,H,C,H,814_alt5,814,24
811_map,C,C,C,Q,H,C,H,811_map,811,24
802_alt3,C,C,C,Q,H,C,H,802_alt3,802,24
790_alt4,C,C,C,Q,H,C,H,790_alt4,790,24
787_altall,C,C,C,Q,H,C,H,787_altall,787,24
784_alt2,C,C,C,Q,H,C,H,784_alt2,784,24
773_map,C,C,C,Q,H,C,H,773_map,773,24
775_alt3,C,C,C,Q,H,C,H,775_alt3,775,24
779_map,C,C,C,Q,H,C,H,779_map,779,24
774_alt3,C,C,C,Q,H,C,H,774_alt3,774,24
771_map,C,C,C,Q,H,C,H,771_map,771,24
786_map,C,C,C,Q,H,C,H,786_map,786,24
792_alt2,C,C,C,Q,H,C,H,792_alt2,792,24
799_map,C,C,C,Q,H,C,H,799_map,799,24
801_alt5,C,C,C,Q,H,C,H,801_alt5,801,24
796_alt3,C,C,C,Q,H,C,H,796_alt3,796,24
803_alt2,C,C,C,Q,H,C,H,803_alt2,803,24
805_alt5,C,C,C,Q,H,C,H,805_alt5,805,24
808_altall,C,C,C,Q,H,C,H,808_altall,808,24
1527_altall,C,C,C,Q,H,C,H,1527_altall,1527,24
1529_alt4,C,C,C,Q,H,C,H,1529_alt4,1529,24
1529_alt3,C,C,C,Q,H,C,H,1529_alt3,1529,24
1533_alt3,C,C,C,Q,H,C,H,1533_alt3,1533,24
1537_altall,C,C,C,Q,H,C,H,1537_altall,1537,24
821_alt3,C,C,C,Q,H,C,H,821_alt3,821,24
Anf_Geobacter_thiogenes,C,C,C,Q,H,C,H,Anf_Geobacter_thiogenes,Anf_Geobacter,24
Vnf_Desulfobacter_curvatus,C,C,C,Q,H,C,H,Vnf_Desulfobacter_curvatus,Vnf_Desulfobacter,24
Nif_uncultured_archaeon,C,C,C,Q,H,C,H,Nif_uncultured_archaeon,Nif_uncultured,24
Nif_Lachnospiraceae_bacterium_Marseille-P3773,C,C,C,Q,H,C,H,Nif_Lachnospiraceae_bacterium_Marseille-P3773,Nif_Lachnospiraceae_bacterium,24
Nif_Clostridium_fimetarium,C,C,C,Q,H,C,H,Nif_Clostridium_fimetarium,Nif_Clostridium,24
Nif_Anaeroarcus_burkinensis,C,C,C,Q,H,C,H,Nif_Anaeroarcus_burkinensis,Nif_Anaeroarcus,24
Nif_Desulfotomaculum_ferrireducens,C,C,C,Q,H,C,H,Nif_Desulfotomaculum_ferrireducens,Nif_Desulfotomaculum,24
Nif_Desulfuribacillus_alkaliarsenatis,C,C,C,Q,H,C,H,Nif_Desulfuribacillus_alkaliarsenatis,Nif_Desulfuribacillus,24
Nif_Natronoflexus_pectinivorans,C,C,C,Q,H,C,H,Nif_Natronoflexus_pectinivorans,Nif_Natronoflexus,24
Nif_Desulfatibacillum_aliphaticivorans,C,C,C,Q,H,C,H,Nif_Desulfatibacillum_aliphaticivorans,Nif_Desulfatibacillum,24
Nif_Candidatus_Margulisbacteria_bacterium_GWD2_39_127,C,C,C,Q,H,C,H,Nif_Candidatus_Margulisbacteria_bacterium_GWD2_39_127,Nif_Candidatus_Margulisbacteria_bacterium_GWD2_39,24
Nif_Syntrophorhabdaceae_bacterium_PtaU1Bin034,C,C,C,Q,H,C,H,Nif_Syntrophorhabdaceae_bacterium_PtaU1Bin034,Nif_Syntrophorhabdaceae_bacterium,24
Nif_Spirochaeta_thermophila,C,C,C,Q,H,C,H,Nif_Spirochaeta_thermophila,Nif_Spirochaeta,24
Nif_Desulfomicrobium_apsheronum,C,C,C,Q,H,C,H,Nif_Desulfomicrobium_apsheronum,Nif_Desulfomicrobium,24
Nif_Lentisphaerae_bacterium_GWF2_50_93,C,C,C,Q,H,C,H,Nif_Lentisphaerae_bacterium_GWF2_50_93,Nif_Lentisphaerae_bacterium_GWF2_50,24
Nif_Geitlerinema_sp_PCC_9228,C,C,C,Q,H,C,H,Nif_Geitlerinema_sp_PCC_9228,Nif_Geitlerinema_sp_PCC,24
Nif_Zymomonas_mobilis,C,C,C,Q,H,C,H,Nif_Zymomonas_mobilis,Nif_Zymomonas,24
Nif_Rhodothalassium_salexigens,C,C,C,Q,H,C,H,Nif_Rhodothalassium_salexigens,Nif_Rhodothalassium,24
Nif_Hydrogenophilales_bacterium_16-64-40,C,C,C,Q,H,C,H,Nif_Hydrogenophilales_bacterium_16-64-40,Nif_Hydrogenophilales_bacterium,24
Nif_Thioflavicoccus_mobilis,C,C,C,Q,H,C,H,Nif_Thioflavicoccus_mobilis,Nif_Thioflavicoccus,24
Nif_Sodalis_sp_159R,C,C,C,Q,H,C,H,Nif_Sodalis_sp_159R,Nif_Sodalis_sp,24
Nif_Mariprofundus_ferrooxydans,C,C,C,Q,H,C,H,Nif_Mariprofundus_ferrooxydans,Nif_Mariprofundus,24
Nif_Magnetovibrio_blakemorei,C,C,C,Q,H,C,H,Nif_Magnetovibrio_blakemorei,Nif_Magnetovibrio,24
Nif_Desulfuromonas_acetexigens,C,C,C,Q,H,C,H,Nif_Desulfuromonas_acetexigens,Nif_Desulfuromonas,24
Nif_Desulfosporosinus_fructosivorans,C,C,C,Q,H,C,H,Nif_Desulfosporosinus_fructosivorans,Nif_Desulfosporosinus,24
Nif_Vulcanococcus_limneticus,C,C,C,Q,H,C,H,Nif_Vulcanococcus_limneticus,Nif_Vulcanococcus,24
Nif_Wolinella_succinogenes,C,C,C,Q,H,C,H,Nif_Wolinella_succinogenes,Nif_Wolinella,24
1213_alt5,C,C,C,Q,H,C,H,1213_alt5,1213,24
1214_alt4,C,C,C,Q,H,C,H,1214_alt4,1214,24
1217_alt5,C,C,C,Q,H,C,H,1217_alt5,1217,24
1211_alt4,C,C,C,Q,H,C,H,1211_alt4,1211,24
1220_alt2,C,C,C,Q,H,C,H,1220_alt2,1220,24
1222_map,C,C,C,Q,H,C,H,1222_map,1222,24
1224_alt3,C,C,C,Q,H,C,H,1224_alt3,1224,24
1228_map,C,C,C,Q,H,C,H,1228_map,1228,24
1225_map,C,C,C,Q,H,C,H,1225_map,1225,24
1240_alt4,C,C,C,Q,H,C,H,1240_alt4,1240,24
1245_alt3,C,C,C,Q,H,C,H,1245_alt3,1245,24
1242_alt5,C,C,C,Q,H,C,H,1242_alt5,1242,24
1247_alt5,C,C,C,Q,H,C,H,1247_alt5,1247,24
1238_altall,C,C,C,Q,H,C,H,1238_altall,1238,24
1251_altall,C,C,C,Q,H,C,H,1251_altall,1251,24
1263_altall,C,C,C,Q,H,C,H,1263_altall,1263,24
1256_map,C,C,C,Q,H,C,H,1256_map,1256,24
1259_altall,C,C,C,Q,H,C,H,1259_altall,1259,24
1256_alt3,C,C,C,Q,H,C,H,1256_alt3,1256,24
1255_alt4,C,C,C,Q,H,C,H,1255_alt4,1255,24
1250_altall,C,C,C,Q,H,C,H,1250_altall,1250,24
1267_alt4,C,C,C,Q,H,C,H,1267_alt4,1267,24
1268_map,C,C,C,Q,H,C,H,1268_map,1268,24
1278_altall,C,C,C,Q,H,C,H,1278_altall,1278,24
1276_alt3,C,C,C,Q,H,C,H,1276_alt3,1276,24
1274_altall,C,C,C,Q,H,C,H,1274_altall,1274,24
1272_alt5,C,C,C,Q,H,C,H,1272_alt5,1272,24
1282_alt2,C,C,C,Q,H,C,H,1282_alt2,1282,24
1284_alt3,C,C,C,Q,H,C,H,1284_alt3,1284,24
1285_map,C,C,C,Q,H,C,H,1285_map,1285,24
1234_alt3,C,C,C,Q,H,C,H,1234_alt3,1234,24
1236_alt5,C,C,C,Q,H,C,H,1236_alt5,1236,24
1290_map,C,C,C,Q,H,C,H,1290_map,1290,24
1303_alt3,C,C,C,Q,H,C,H,1303_alt3,1303,24
1300_alt2,C,C,C,Q,H,C,H,1300_alt2,1300,24
1302_alt5,C,C,C,Q,H,C,H,1302_alt5,1302,24
1297_alt4,C,C,C,Q,H,C,H,1297_alt4,1297,24
1294_alt4,C,C,C,Q,H,C,H,1294_alt4,1294,24
1306_altall,C,C,C,Q,H,C,H,1306_altall,1306,24
1329_altall,C,C,C,Q,H,C,H,1329_altall,1329,24
1321_alt5,C,C,C,Q,H,C,H,1321_alt5,1321,24
1324_alt3,C,C,C,Q,H,C,H,1324_alt3,1324,24
1326_alt5,C,C,C,Q,H,C,H,1326_alt5,1326,24
1325_alt2,C,C,C,Q,H,C,H,1325_alt2,1325,24
1309_alt3,C,C,C,Q,H,C,H,1309_alt3,1309,24
1313_altall,C,C,C,Q,H,C,H,1313_altall,1313,24
1315_altall,C,C,C,Q,H,C,H,1315_altall,1315,24
1310_map,C,C,C,Q,H,C,H,1310_map,1310,24
1333_alt2,C,C,C,Q,H,C,H,1333_alt2,1333,24
1331_alt4,C,C,C,Q,H,C,H,1331_alt4,1331,24
1330_alt3,C,C,C,Q,H,C,H,1330_alt3,1330,24
1306_map,C,C,C,Q,H,C,H,1306_map,1306,24
1337_altall,C,C,C,Q,H,C,H,1337_altall,1337,24
1286_alt2,C,C,C,Q,H,C,H,1286_alt2,1286,24
1289_alt5,C,C,C,Q,H,C,H,1289_alt5,1289,24
1339_map,C,C,C,Q,H,C,H,1339_map,1339,24
1342_alt5,C,C,C,Q,H,C,H,1342_alt5,1342,24
1344_alt5,C,C,C,Q,H,C,H,1344_alt5,1344,24
1209_alt4,C,C,C,Q,H,C,H,1209_alt4,1209,24
1347_alt3,C,C,C,Q,H,C,H,1347_alt3,1347,24
1349_alt2,C,C,C,Q,H,C,H,1349_alt2,1349,24
1348_alt4,C,C,C,Q,H,C,H,1348_alt4,1348,24
1353_altall,C,C,C,Q,H,C,H,1353_altall,1353,24
1453_alt5,C,C,C,Q,H,C,H,1453_alt5,1453,24
1448_alt2,C,C,C,Q,H,C,H,1448_alt2,1448,24
1448_map,C,C,C,Q,H,C,H,1448_map,1448,24
1356_alt4,C,C,C,Q,H,C,H,1356_alt4,1356,24
1444_alt2,C,C,C,Q,H,C,H,1444_alt2,1444,24
1443_alt4,C,C,C,Q,H,C,H,1443_alt4,1443,24
1358_alt3,C,C,C,Q,H,C,H,1358_alt3,1358,24
1364_alt2,C,C,C,Q,H,C,H,1364_alt2,1364,24
1370_alt5,C,C,C,Q,H,C,H,1370_alt5,1370,24
1368_alt3,C,C,C,Q,H,C,H,1368_alt3,1368,24
1365_alt4,C,C,C,Q,H,C,H,1365_alt4,1365,24
1402_alt4,C,C,C,Q,H,C,H,1402_alt4,1402,24
1404_alt2,C,C,C,Q,H,C,H,1404_alt2,1404,24
1386_alt3,C,C,C,Q,H,C,H,1386_alt3,1386,24
1391_map,C,C,C,Q,H,C,H,1391_map,1391,24
1394_alt2,C,C,C,Q,H,C,H,1394_alt2,1394,24
1395_alt4,C,C,C,Q,H,C,H,1395_alt4,1395,24
1399_alt5,C,C,C,Q,H,C,H,1399_alt5,1399,24
1393_altall,C,C,C,Q,H,C,H,1393_altall,1393,24
1387_alt5,C,C,C,Q,H,C,H,1387_alt5,1387,24
1384_alt3,C,C,C,Q,H,C,H,1384_alt3,1384,24
1380_alt3,C,C,C,Q,H,C,H,1380_alt3,1380,24
1375_alt4,C,C,C,Q,H,C,H,1375_alt4,1375,24
1376_alt2,C,C,C,Q,H,C,H,1376_alt2,1376,24
1378_map,C,C,C,Q,H,C,H,1378_map,1378,24
1360_altall,C,C,C,Q,H,C,H,1360_altall,1360,24
1360_alt4,C,C,C,Q,H,C,H,1360_alt4,1360,24
1408_alt5,C,C,C,Q,H,C,H,1408_alt5,1408,24
1412_alt2,C,C,C,Q,H,C,H,1412_alt2,1412,24
1427_alt2,C,C,C,Q,H,C,H,1427_alt2,1427,24
1427_altall,C,C,C,Q,H,C,H,1427_altall,1427,24
1418_altall,C,C,C,Q,H,C,H,1418_altall,1418,24
1424_map,C,C,C,Q,H,C,H,1424_map,1424,24
1422_alt3,C,C,C,Q,H,C,H,1422_alt3,1422,24
1419_altall,C,C,C,Q,H,C,H,1419_altall,1419,24
1414_map,C,C,C,Q,H,C,H,1414_map,1414,24
1412_alt5,C,C,C,Q,H,C,H,1412_alt5,1412,24
1411_alt2,C,C,C,Q,H,C,H,1411_alt2,1411,24
1435_alt3,C,C,C,Q,H,C,H,1435_alt3,1435,24
1438_alt5,C,C,C,Q,H,C,H,1438_alt5,1438,24
1432_altall,C,C,C,Q,H,C,H,1432_altall,1432,24
1439_alt2,C,C,C,Q,H,C,H,1439_alt2,1439,24
1355_alt4,C,C,C,Q,H,C,H,1355_alt4,1355,24
1494_alt3,C,C,C,Q,H,C,H,1494_alt3,1494,24
1493_alt2,C,C,C,Q,H,C,H,1493_alt2,1493,24
1492_map,C,C,C,Q,H,C,H,1492_map,1492,24
1487_map,C,C,C,Q,H,C,H,1487_map,1487,24
1509_alt4,C,C,C,Q,H,C,H,1509_alt4,1509,24
1507_alt2,C,C,C,Q,H,C,H,1507_alt2,1507,24
1510_alt4,C,C,C,Q,H,C,H,1510_alt4,1510,24
1498_alt4,C,C,C,Q,H,C,H,1498_alt4,1498,24
1498_alt3,C,C,C,Q,H,C,H,1498_alt3,1498,24
1501_alt2,C,C,C,Q,H,C,H,1501_alt2,1501,24
1511_alt2,C,C,C,Q,H,C,H,1511_alt2,1511,24
1523_alt3,C,C,C,Q,H,C,H,1523_alt3,1523,24
1519_alt4,C,C,C,Q,H,C,H,1519_alt4,1519,24
1519_map,C,C,C,Q,H,C,H,1519_map,1519,24
1513_map,C,C,C,Q,H,C,H,1513_map,1513,24
1515_alt5,C,C,C,Q,H,C,H,1515_alt5,1515,24
1454_altall,C,C,C,Q,H,C,H,1454_altall,1454,24
1458_alt2,C,C,C,Q,H,C,H,1458_alt2,1458,24
1484_alt4,C,C,C,Q,H,C,H,1484_alt4,1484,24
1483_map,C,C,C,Q,H,C,H,1483_map,1483,24
1463_map,C,C,C,Q,H,C,H,1463_map,1463,24
1464_alt4,C,C,C,Q,H,C,H,1464_alt4,1464,24
1471_alt4,C,C,C,Q,H,C,H,1471_alt4,1471,24
1466_alt5,C,C,C,Q,H,C,H,1466_alt5,1466,24
1467_map,C,C,C,Q,H,C,H,1467_map,1467,24
1475_alt3,C,C,C,Q,H,C,H,1475_alt3,1475,24
1477_alt5,C,C,C,Q,H,C,H,1477_alt5,1477,24
1478_map,C,C,C,Q,H,C,H,1478_map,1478,24
1463_altall,C,C,C,Q,H,C,H,1463_altall,1463,24
1455_map,C,C,C,Q,H,C,H,1455_map,1455,24
1206_alt3,C,C,C,Q,H,C,H,1206_alt3,1206,24
813_altall,C,C,C,Q,H,C,H,813_altall,813,24
818_alt3,C,C,C,Q,H,C,H,818_alt3,818,24
813_alt3,C,C,C,Q,H,C,H,813_alt3,813,24
810_alt5,C,C,C,Q,H,C,H,810_alt5,810,24
811_alt3,C,C,C,Q,H,C,H,811_alt3,811,24
802_altall,C,C,C,Q,H,C,H,802_altall,802,24
791_alt4,C,C,C,Q,H,C,H,791_alt4,791,24
787_alt5,C,C,C,Q,H,C,H,787_alt5,787,24
784_altall,C,C,C,Q,H,C,H,784_altall,784,24
773_alt4,C,C,C,Q,H,C,H,773_alt4,773,24
774_map,C,C,C,Q,H,C,H,774_map,774,24
779_alt3,C,C,C,Q,H,C,H,779_alt3,779,24
774_alt4,C,C,C,Q,H,C,H,774_alt4,774,24
771_alt5,C,C,C,Q,H,C,H,771_alt5,771,24
787_map,C,C,C,Q,H,C,H,787_map,787,24
792_map,C,C,C,Q,H,C,H,792_map,792,24
799_alt4,C,C,C,Q,H,C,H,799_alt4,799,24
801_map,C,C,C,Q,H,C,H,801_map,801,24
796_alt4,C,C,C,Q,H,C,H,796_alt4,796,24
804_alt5,C,C,C,Q,H,C,H,804_alt5,804,24
805_alt2,C,C,C,Q,H,C,H,805_alt2,805,24
820_altall,C,C,C,Q,H,C,H,820_altall,820,24
1528_map,C,C,C,Q,H,C,H,1528_map,1528,24
1531_alt3,C,C,C,Q,H,C,H,1531_alt3,1531,24
1530_alt5,C,C,C,Q,H,C,H,1530_alt5,1530,24
1533_altall,C,C,C,Q,H,C,H,1533_altall,1533,24
1536_altall,C,C,C,Q,H,C,H,1536_altall,1536,24
Anf_Anaerocolumna_jejuensis,C,C,C,Q,H,C,H,Anf_Anaerocolumna_jejuensis,Anf_Anaerocolumna,24
Anf_Desulfovibrio_desulfuricans,C,C,C,Q,H,C,H,Anf_Desulfovibrio_desulfuricans,Anf_Desulfovibrio,24
Nif_Methanococcus_maripaludis,C,C,C,Q,H,C,H,Nif_Methanococcus_maripaludis,Nif_Methanococcus,24
Nif_Caldicellulosiruptor_saccharolyticus,C,C,C,Q,H,C,H,Nif_Caldicellulosiruptor_saccharolyticus,Nif_Caldicellulosiruptor,24
Nif_Massilibacillus_massiliensis,C,C,C,Q,H,C,H,Nif_Massilibacillus_massiliensis,Nif_Massilibacillus,24
Nif_Youngiibacter_fragilis,C,C,C,Q,H,C,H,Nif_Youngiibacter_fragilis,Nif_Youngiibacter,24
Nif_Anaerospora_hongkongensis,C,C,C,Q,H,C,H,Nif_Anaerospora_hongkongensis,Nif_Anaerospora,24
Nif_Dethiobacter_alkaliphilus,C,C,C,Q,H,C,H,Nif_Dethiobacter_alkaliphilus,Nif_Dethiobacter,24
Nif_Halocella_sp_SP3-1,C,C,C,Q,H,C,H,Nif_Halocella_sp_SP3-1,Nif_Halocella_sp,24
Nif_Bacteroidales_bacterium_Barb6XT,C,C,C,Q,H,C,H,Nif_Bacteroidales_bacterium_Barb6XT,Nif_Bacteroidales_bacterium,24
Nif_Desulfatitalea_sp_BRH_c12,C,C,C,Q,H,C,H,Nif_Desulfatitalea_sp_BRH_c12,Nif_Desulfatitalea_sp_BRH,24
Nif_Candidatus_Marispirochaeta_associata,C,C,C,Q,H,C,H,Nif_Candidatus_Marispirochaeta_associata,Nif_Candidatus_Marispirochaeta,24
Nif_Syntrophus_gentianae,C,C,C,Q,H,C,H,Nif_Syntrophus_gentianae,Nif_Syntrophus,24
Nif_Spirochaetes_bacterium_GWE1_32_154,C,C,C,Q,H,C,H,Nif_Spirochaetes_bacterium_GWE1_32_154,Nif_Spirochaetes_bacterium_GWE1_32,24
Nif_Pseudodesulfovibrio_hydrargyri,C,C,C,Q,H,C,H,Nif_Pseudodesulfovibrio_hydrargyri,Nif_Pseudodesulfovibrio,24
Nif_Lentisphaerae_bacterium_GWF2_57_35,C,C,C,Q,H,C,H,Nif_Lentisphaerae_bacterium_GWF2_57_35,Nif_Lentisphaerae_bacterium_GWF2_57,24
Nif_Clostridiales_bacterium_43-6,C,C,C,Q,H,C,H,Nif_Clostridiales_bacterium_43-6,Nif_Clostridiales_bacterium,24
Nif_Rhizobiales_bacterium,C,C,C,Q,H,C,H,Nif_Rhizobiales_bacterium,Nif_Rhizobiales,24
Nif_Geminicoccaceae_bacterium,C,C,C,Q,H,C,H,Nif_Geminicoccaceae_bacterium,Nif_Geminicoccaceae,24
Nif_Methyloglobulus_morosus,C,C,C,Q,H,C,H,Nif_Methyloglobulus_morosus,Nif_Methyloglobulus,24
Nif_Azoarcus_sp_CC-YHH838,C,C,C,Q,H,C,H,Nif_Azoarcus_sp_CC-YHH838,Nif_Azoarcus_sp,24
Nif_Tolumonas_lignilytica,C,C,C,Q,H,C,H,Nif_Tolumonas_lignilytica,Nif_Tolumonas,24
Nif_Methylomonas_koyamae,C,C,C,Q,H,C,H,Nif_Methylomonas_koyamae,Nif_Methylomonas,24
Nif_bacterium_BMS3Abin12,C,C,C,Q,H,C,H,Nif_bacterium_BMS3Abin12,Nif_bacterium,24
Nif_Geothermobacter_sp_EPR-M,C,C,C,Q,H,C,H,Nif_Geothermobacter_sp_EPR-M,Nif_Geothermobacter_sp,24
Nif_Desulfurobacterium_atlanticum,C,C,C,Q,H,C,H,Nif_Desulfurobacterium_atlanticum,Nif_Desulfurobacterium,24
Nif_Planktothrix_tepida,C,C,C,Q,H,C,H,Nif_Planktothrix_tepida,Nif_Planktothrix,24
Nif_Sulfurovum_sp_FS08-3,C,C,C,Q,H,C,H,Nif_Sulfurovum_sp_FS08-3,Nif_Sulfurovum_sp,24
1213_map,C,C,C,Q,H,C,H,1213_map,1213,24
1214_alt2,C,C,C,Q,H,C,H,1214_alt2,1214,24
1218_altall,C,C,C,Q,H,C,H,1218_altall,1218,24
1211_alt2,C,C,C,Q,H,C,H,1211_alt2,1211,24
1220_altall,C,C,C,Q,H,C,H,1220_altall,1220,24
1222_alt2,C,C,C,Q,H,C,H,1222_alt2,1222,24
1225_alt5,C,C,C,Q,H,C,H,1225_alt5,1225,24
1228_alt4,C,C,C,Q,H,C,H,1228_alt4,1228,24
1225_alt3,C,C,C,Q,H,C,H,1225_alt3,1225,24
1243_altall,C,C,C,Q,H,C,H,1243_altall,1243,24
1243_alt2,C,C,C,Q,H,C,H,1243_alt2,1243,24
1241_alt5,C,C,C,Q,H,C,H,1241_alt5,1241,24
1246_altall,C,C,C,Q,H,C,H,1246_altall,1246,24
1238_alt3,C,C,C,Q,H,C,H,1238_alt3,1238,24
1261_alt2,C,C,C,Q,H,C,H,1261_alt2,1261,24
1263_alt2,C,C,C,Q,H,C,H,1263_alt2,1263,24
1256_altall,C,C,C,Q,H,C,H,1256_altall,1256,24
1257_alt3,C,C,C,Q,H,C,H,1257_alt3,1257,24
1256_alt4,C,C,C,Q,H,C,H,1256_alt4,1256,24
1255_map,C,C,C,Q,H,C,H,1255_map,1255,24
1250_alt5,C,C,C,Q,H,C,H,1250_alt5,1250,24
1265_altall,C,C,C,Q,H,C,H,1265_altall,1265,24
1268_alt5,C,C,C,Q,H,C,H,1268_alt5,1268,24
1278_alt3,C,C,C,Q,H,C,H,1278_alt3,1278,24
1276_map,C,C,C,Q,H,C,H,1276_map,1276,24
1274_map,C,C,C,Q,H,C,H,1274_map,1274,24
1272_alt4,C,C,C,Q,H,C,H,1272_alt4,1272,24
1282_alt5,C,C,C,Q,H,C,H,1282_alt5,1282,24
1282_alt4,C,C,C,Q,H,C,H,1282_alt4,1282,24
1285_alt3,C,C,C,Q,H,C,H,1285_alt3,1285,24
1234_alt2,C,C,C,Q,H,C,H,1234_alt2,1234,24
1236_alt2,C,C,C,Q,H,C,H,1236_alt2,1236,24
1291_altall,C,C,C,Q,H,C,H,1291_altall,1291,24
1303_alt2,C,C,C,Q,H,C,H,1303_alt2,1303,24
1300_map,C,C,C,Q,H,C,H,1300_map,1300,24
1300_altall,C,C,C,Q,H,C,H,1300_altall,1300,24
1296_alt3,C,C,C,Q,H,C,H,1296_alt3,1296,24
1304_altall,C,C,C,Q,H,C,H,1304_altall,1304,24
1308_alt5,C,C,C,Q,H,C,H,1308_alt5,1308,24
1328_alt5,C,C,C,Q,H,C,H,1328_alt5,1328,24
1321_alt4,C,C,C,Q,H,C,H,1321_alt4,1321,24
1324_alt2,C,C,C,Q,H,C,H,1324_alt2,1324,24
1326_alt3,C,C,C,Q,H,C,H,1326_alt3,1326,24
1319_alt2,C,C,C,Q,H,C,H,1319_alt2,1319,24
1309_alt5,C,C,C,Q,H,C,H,1309_alt5,1309,24
1314_altall,C,C,C,Q,H,C,H,1314_altall,1314,24
1316_alt5,C,C,C,Q,H,C,H,1316_alt5,1316,24
1310_alt3,C,C,C,Q,H,C,H,1310_alt3,1310,24
1333_alt5,C,C,C,Q,H,C,H,1333_alt5,1333,24
1330_alt4,C,C,C,Q,H,C,H,1330_alt4,1330,24
1330_map,C,C,C,Q,H,C,H,1330_map,1330,24
1306_alt3,C,C,C,Q,H,C,H,1306_alt3,1306,24
1337_alt3,C,C,C,Q,H,C,H,1337_alt3,1337,24
1286_alt4,C,C,C,Q,H,C,H,1286_alt4,1286,24
1289_map,C,C,C,Q,H,C,H,1289_map,1289,24
1339_alt3,C,C,C,Q,H,C,H,1339_alt3,1339,24
1341_alt2,C,C,C,Q,H,C,H,1341_alt2,1341,24
1341_alt5,C,C,C,Q,H,C,H,1341_alt5,1341,24
1208_alt3,C,C,C,Q,H,C,H,1208_alt3,1208,24
1347_map,C,C,C,Q,H,C,H,1347_map,1347,24
1351_altall,C,C,C,Q,H,C,H,1351_altall,1351,24
1348_alt2,C,C,C,Q,H,C,H,1348_alt2,1348,24
1446_altall,C,C,C,Q,H,C,H,1446_altall,1446,24
1452_alt5,C,C,C,Q,H,C,H,1452_alt5,1452,24
1449_altall,C,C,C,Q,H,C,H,1449_altall,1449,24
1448_alt3,C,C,C,Q,H,C,H,1448_alt3,1448,24
1356_alt2,C,C,C,Q,H,C,H,1356_alt2,1356,24
1444_alt3,C,C,C,Q,H,C,H,1444_alt3,1444,24
1443_map,C,C,C,Q,H,C,H,1443_map,1443,24
1358_altall,C,C,C,Q,H,C,H,1358_altall,1358,24
1365_altall,C,C,C,Q,H,C,H,1365_altall,1365,24
1371_alt5,C,C,C,Q,H,C,H,1371_alt5,1371,24
1367_alt4,C,C,C,Q,H,C,H,1367_alt4,1367,24
1372_altall,C,C,C,Q,H,C,H,1372_altall,1372,24
1402_alt5,C,C,C,Q,H,C,H,1402_alt5,1402,24
1404_alt4,C,C,C,Q,H,C,H,1404_alt4,1404,24
1386_alt4,C,C,C,Q,H,C,H,1386_alt4,1386,24
1391_alt5,C,C,C,Q,H,C,H,1391_alt5,1391,24
1394_altall,C,C,C,Q,H,C,H,1394_altall,1394,24
1394_map,C,C,C,Q,H,C,H,1394_map,1394,24
1399_altall,C,C,C,Q,H,C,H,1399_altall,1399,24
1393_map,C,C,C,Q,H,C,H,1393_map,1393,24
1387_alt2,C,C,C,Q,H,C,H,1387_alt2,1387,24
1384_altall,C,C,C,Q,H,C,H,1384_altall,1384,24
1380_altall,C,C,C,Q,H,C,H,1380_altall,1380,24
1375_alt5,C,C,C,Q,H,C,H,1375_alt5,1375,24
1374_alt5,C,C,C,Q,H,C,H,1374_alt5,1374,24
1378_alt4,C,C,C,Q,H,C,H,1378_alt4,1378,24
1361_altall,C,C,C,Q,H,C,H,1361_altall,1361,24
1360_map,C,C,C,Q,H,C,H,1360_map,1360,24
1408_alt4,C,C,C,Q,H,C,H,1408_alt4,1408,24
1412_altall,C,C,C,Q,H,C,H,1412_altall,1412,24
1428_alt2,C,C,C,Q,H,C,H,1428_alt2,1428,24
1426_altall,C,C,C,Q,H,C,H,1426_altall,1426,24
1418_alt2,C,C,C,Q,H,C,H,1418_alt2,1418,24
1424_alt5,C,C,C,Q,H,C,H,1424_alt5,1424,24
1422_alt2,C,C,C,Q,H,C,H,1422_alt2,1422,24
1419_alt5,C,C,C,Q,H,C,H,1419_alt5,1419,24
1413_map,C,C,C,Q,H,C,H,1413_map,1413,24
1409_alt4,C,C,C,Q,H,C,H,1409_alt4,1409,24
1409_alt2,C,C,C,Q,H,C,H,1409_alt2,1409,24
1435_alt4,C,C,C,Q,H,C,H,1435_alt4,1435,24
1438_altall,C,C,C,Q,H,C,H,1438_altall,1438,24
1433_altall,C,C,C,Q,H,C,H,1433_altall,1433,24
1439_alt4,C,C,C,Q,H,C,H,1439_alt4,1439,24
1355_map,C,C,C,Q,H,C,H,1355_map,1355,24
1494_altall,C,C,C,Q,H,C,H,1494_altall,1494,24
1493_alt3,C,C,C,Q,H,C,H,1493_alt3,1493,24
1492_alt5,C,C,C,Q,H,C,H,1492_alt5,1492,24
1487_alt2,C,C,C,Q,H,C,H,1487_alt2,1487,24
1509_alt5,C,C,C,Q,H,C,H,1509_alt5,1509,24
1507_altall,C,C,C,Q,H,C,H,1507_altall,1507,24
1510_alt2,C,C,C,Q,H,C,H,1510_alt2,1510,24
1502_alt3,C,C,C,Q,H,C,H,1502_alt3,1502,24
1498_map,C,C,C,Q,H,C,H,1498_map,1498,24
1501_alt5,C,C,C,Q,H,C,H,1501_alt5,1501,24
1511_alt5,C,C,C,Q,H,C,H,1511_alt5,1511,24
1524_altall,C,C,C,Q,H,C,H,1524_altall,1524,24
1521_altall,C,C,C,Q,H,C,H,1521_altall,1521,24
1519_alt2,C,C,C,Q,H,C,H,1519_alt2,1519,24
1513_alt2,C,C,C,Q,H,C,H,1513_alt2,1513,24
1515_map,C,C,C,Q,H,C,H,1515_map,1515,24
1454_alt2,C,C,C,Q,H,C,H,1454_alt2,1454,24
1458_map,C,C,C,Q,H,C,H,1458_map,1458,24
1484_alt3,C,C,C,Q,H,C,H,1484_alt3,1484,24
1483_alt5,C,C,C,Q,H,C,H,1483_alt5,1483,24
1464_altall,C,C,C,Q,H,C,H,1464_altall,1464,24
1464_alt5,C,C,C,Q,H,C,H,1464_alt5,1464,24
1471_alt5,C,C,C,Q,H,C,H,1471_alt5,1471,24
1466_alt4,C,C,C,Q,H,C,H,1466_alt4,1466,24
1467_alt5,C,C,C,Q,H,C,H,1467_alt5,1467,24
1475_alt2,C,C,C,Q,H,C,H,1475_alt2,1475,24
1477_alt4,C,C,C,Q,H,C,H,1477_alt4,1477,24
1477_alt3,C,C,C,Q,H,C,H,1477_alt3,1477,24
1462_alt2,C,C,C,Q,H,C,H,1462_alt2,1462,24
1454_alt4,C,C,C,Q,H,C,H,1454_alt4,1454,24
1206_altall,C,C,C,Q,H,C,H,1206_altall,1206,24
813_alt2,C,C,C,Q,H,C,H,813_alt2,813,24
818_alt2,C,C,C,Q,H,C,H,818_alt2,818,24
813_alt5,C,C,C,Q,H,C,H,813_alt5,813,24
810_map,C,C,C,Q,H,C,H,810_map,810,24
810_alt2,C,C,C,Q,H,C,H,810_alt2,810,24
793_alt3,C,C,C,Q,H,C,H,793_alt3,793,24
791_altall,C,C,C,Q,H,C,H,791_altall,791,24
787_alt3,C,C,C,Q,H,C,H,787_alt3,787,24
784_alt4,C,C,C,Q,H,C,H,784_alt4,784,24
773_alt2,C,C,C,Q,H,C,H,773_alt2,773,24
774_alt2,C,C,C,Q,H,C,H,774_alt2,774,24
778_alt2,C,C,C,Q,H,C,H,778_alt2,778,24
774_altall,C,C,C,Q,H,C,H,774_altall,774,24
781_map,C,C,C,Q,H,C,H,781_map,781,24
787_alt4,C,C,C,Q,H,C,H,787_alt4,787,24
793_alt5,C,C,C,Q,H,C,H,793_alt5,793,24
799_alt5,C,C,C,Q,H,C,H,799_alt5,799,24
801_alt3,C,C,C,Q,H,C,H,801_alt3,801,24
796_alt5,C,C,C,Q,H,C,H,796_alt5,796,24
804_alt2,C,C,C,Q,H,C,H,804_alt2,804,24
804_alt4,C,C,C,Q,H,C,H,804_alt4,804,24
820_alt4,C,C,C,Q,H,C,H,820_alt4,820,24
1528_alt3,C,C,C,Q,H,C,H,1528_alt3,1528,24
1532_alt4,C,C,C,Q,H,C,H,1532_alt4,1532,24
1530_map,C,C,C,Q,H,C,H,1530_map,1530,24
1534_altall,C,C,C,Q,H,C,H,1534_altall,1534,24
1536_alt4,C,C,C,Q,H,C,H,1536_alt4,1536,24
Anf_Clostridium_pasteurianum,C,C,C,Q,H,C,H,Anf_Clostridium_pasteurianum,Anf_Clostridium,24
Anf_Methanosarcina_acetivorans_C2A,C,C,C,Q,H,C,H,Anf_Methanosarcina_acetivorans_C2A,Anf_Methanosarcina_acetivorans,24
Nif_Methanothermobacter_thermautotrophicus,C,C,C,Q,H,C,H,Nif_Methanothermobacter_thermautotrophicus,Nif_Methanothermobacter,24
Nif_Desulfobacteraceae_bacterium_Eth-SRB1,C,C,C,Q,H,C,H,Nif_Desulfobacteraceae_bacterium_Eth-SRB1,Nif_Desulfobacteraceae_bacterium,24
Nif_Propionispira_arboris,C,C,C,Q,H,C,H,Nif_Propionispira_arboris,Nif_Propionispira,24
Nif_Oxobacter_pfennigii,C,C,C,Q,H,C,H,Nif_Oxobacter_pfennigii,Nif_Oxobacter,24
Nif_Clostridiales_bacterium_DRI-13,C,C,C,Q,H,C,H,Nif_Clostridiales_bacterium_DRI-13,Nif_Clostridiales_bacterium,24
Nif_Desulfocucumis_palustris,C,C,C,Q,H,C,H,Nif_Desulfocucumis_palustris,Nif_Desulfocucumis,24
Nif_Halanaerobium_salsuginis,C,C,C,Q,H,C,H,Nif_Halanaerobium_salsuginis,Nif_Halanaerobium,24
Nif_Dysgonomonas_capnocytophagoides,C,C,C,Q,H,C,H,Nif_Dysgonomonas_capnocytophagoides,Nif_Dysgonomonas,24
Nif_Desulfobacteraceae_bacterium,C,C,C,Q,H,C,H,Nif_Desulfobacteraceae_bacterium,Nif_Desulfobacteraceae,24
Nif_Chlorobium_chlorochromatii,C,C,C,Q,H,C,H,Nif_Chlorobium_chlorochromatii,Nif_Chlorobium,24
Nif_Holophaga_foetida,C,C,C,Q,H,C,H,Nif_Holophaga_foetida,Nif_Holophaga,24
Nif_Treponema_primitia,C,C,C,Q,H,C,H,Nif_Treponema_primitia,Nif_Treponema,24
Nif_Deltaproteobacteria_bacterium_HGW-Deltaproteobacteria-8,C,C,C,Q,H,C,H,Nif_Deltaproteobacteria_bacterium_HGW-Deltaproteobacteria-8,Nif_Deltaproteobacteria_bacterium,24
Nif_Dehalococcoides_mccartyi,C,C,C,Q,H,C,H,Nif_Dehalococcoides_mccartyi,Nif_Dehalococcoides,24
Nif_Ilyobacter_polytropus,C,C,C,Q,H,C,H,Nif_Ilyobacter_polytropus,Nif_Ilyobacter,24
Nif_Pleomorphomonas_carboxyditropha,C,C,C,Q,H,C,H,Nif_Pleomorphomonas_carboxyditropha,Nif_Pleomorphomonas,24
Nif_Defluviimonas_alba,C,C,C,Q,H,C,H,Nif_Defluviimonas_alba,Nif_Defluviimonas,24
Nif_Derxia_gummosa,C,C,C,Q,H,C,H,Nif_Derxia_gummosa,Nif_Derxia,24
Nif_Betaproteobacteria_bacterium_HGW-Betaproteobacteria-11,C,C,C,Q,H,C,H,Nif_Betaproteobacteria_bacterium_HGW-Betaproteobacteria-11,Nif_Betaproteobacteria_bacterium,24
Vnf_Tolumonas_lignilytica,C,C,C,Q,H,C,H,Vnf_Tolumonas_lignilytica,Vnf_Tolumonas,24
Nif_Candidatus_Thiosymbion_oneisti,C,C,C,Q,H,C,H,Nif_Candidatus_Thiosymbion_oneisti,Nif_Candidatus_Thiosymbion,24
Nif_Alphaproteobacteria_bacterium,C,C,C,Q,H,C,H,Nif_Alphaproteobacteria_bacterium,Nif_Alphaproteobacteria,24
Nif_Geoalkalibacter_ferrihydriticus,C,C,C,Q,H,C,H,Nif_Geoalkalibacter_ferrihydriticus,Nif_Geoalkalibacter,24
Nif_Actinobacteria_bacterium_HGW-Actinobacteria-10,C,C,C,Q,H,C,H,Nif_Actinobacteria_bacterium_HGW-Actinobacteria-10,Nif_Actinobacteria_bacterium,24
Nif_Leptolyngbya_sp_JSC-1,C,C,C,Q,H,C,H,Nif_Leptolyngbya_sp_JSC-1,Nif_Leptolyngbya_sp,24
Nif_archaeon_BMS3Abin16,C,C,C,Q,H,C,H,Nif_archaeon_BMS3Abin16,Nif_archaeon,24
1213_alt3,C,C,C,Q,H,C,H,1213_alt3,1213,24
1213_alt4,C,C,C,Q,H,C,H,1213_alt4,1213,24
1218_alt2,C,C,C,Q,H,C,H,1218_alt2,1218,24
1211_map,C,C,C,Q,H,C,H,1211_map,1211,24
1221_alt3,C,C,C,Q,H,C,H,1221_alt3,1221,24
1222_altall,C,C,C,Q,H,C,H,1222_altall,1222,24
1225_alt4,C,C,C,Q,H,C,H,1225_alt4,1225,24
1228_altall,C,C,C,Q,H,C,H,1228_altall,1228,24
1225_altall,C,C,C,Q,H,C,H,1225_altall,1225,24
1243_alt3,C,C,C,Q,H,C,H,1243_alt3,1243,24
1243_alt4,C,C,C,Q,H,C,H,1243_alt4,1243,24
1241_map,C,C,C,Q,H,C,H,1241_map,1241,24
1246_alt4,C,C,C,Q,H,C,H,1246_alt4,1246,24
1237_alt2,C,C,C,Q,H,C,H,1237_alt2,1237,24
1261_alt3,C,C,C,Q,H,C,H,1261_alt3,1261,24
1261_alt4,C,C,C,Q,H,C,H,1261_alt4,1261,24
1257_altall,C,C,C,Q,H,C,H,1257_altall,1257,24
1257_alt4,C,C,C,Q,H,C,H,1257_alt4,1257,24
1252_alt2,C,C,C,Q,H,C,H,1252_alt2,1252,24
1255_alt2,C,C,C,Q,H,C,H,1255_alt2,1255,24
1250_alt2,C,C,C,Q,H,C,H,1250_alt2,1250,24
1266_alt3,C,C,C,Q,H,C,H,1266_alt3,1266,24
1268_alt2,C,C,C,Q,H,C,H,1268_alt2,1268,24
1278_alt2,C,C,C,Q,H,C,H,1278_alt2,1278,24
1276_alt4,C,C,C,Q,H,C,H,1276_alt4,1276,24
1274_alt3,C,C,C,Q,H,C,H,1274_alt3,1274,24
1272_altall,C,C,C,Q,H,C,H,1272_altall,1272,24
1282_altall,C,C,C,Q,H,C,H,1282_altall,1282,24
1281_map,C,C,C,Q,H,C,H,1281_map,1281,24
1269_alt2,C,C,C,Q,H,C,H,1269_alt2,1269,24
1234_map,C,C,C,Q,H,C,H,1234_map,1234,24
1236_map,C,C,C,Q,H,C,H,1236_map,1236,24
1291_alt5,C,C,C,Q,H,C,H,1291_alt5,1291,24
1303_map,C,C,C,Q,H,C,H,1303_map,1303,24
1300_alt5,C,C,C,Q,H,C,H,1300_alt5,1300,24
1299_altall,C,C,C,Q,H,C,H,1299_altall,1299,24
1296_alt4,C,C,C,Q,H,C,H,1296_alt4,1296,24
1305_altall,C,C,C,Q,H,C,H,1305_altall,1305,24
1308_alt2,C,C,C,Q,H,C,H,1308_alt2,1308,24
1328_alt4,C,C,C,Q,H,C,H,1328_alt4,1328,24
1321_map,C,C,C,Q,H,C,H,1321_map,1321,24
1324_map,C,C,C,Q,H,C,H,1324_map,1324,24
1326_altall,C,C,C,Q,H,C,H,1326_altall,1326,24
1319_map,C,C,C,Q,H,C,H,1319_map,1319,24
1309_altall,C,C,C,Q,H,C,H,1309_altall,1309,24
1314_alt2,C,C,C,Q,H,C,H,1314_alt2,1314,24
1316_altall,C,C,C,Q,H,C,H,1316_altall,1316,24
1310_altall,C,C,C,Q,H,C,H,1310_altall,1310,24
1333_map,C,C,C,Q,H,C,H,1333_map,1333,24
1335_alt3,C,C,C,Q,H,C,H,1335_alt3,1335,24
1330_alt5,C,C,C,Q,H,C,H,1330_alt5,1330,24
1304_alt3,C,C,C,Q,H,C,H,1304_alt3,1304,24
1337_alt4,C,C,C,Q,H,C,H,1337_alt4,1337,24
1287_altall,C,C,C,Q,H,C,H,1287_altall,1287,24
1287_alt4,C,C,C,Q,H,C,H,1287_alt4,1287,24
1339_alt2,C,C,C,Q,H,C,H,1339_alt2,1339,24
1341_altall,C,C,C,Q,H,C,H,1341_altall,1341,24
1340_alt3,C,C,C,Q,H,C,H,1340_alt3,1340,24
1208_alt5,C,C,C,Q,H,C,H,1208_alt5,1208,24
1347_alt4,C,C,C,Q,H,C,H,1347_alt4,1347,24
1351_alt3,C,C,C,Q,H,C,H,1351_alt3,1351,24
1348_altall,C,C,C,Q,H,C,H,1348_altall,1348,24
1447_alt3,C,C,C,Q,H,C,H,1447_alt3,1447,24
1452_alt2,C,C,C,Q,H,C,H,1452_alt2,1452,24
1449_alt2,C,C,C,Q,H,C,H,1449_alt2,1449,24
1446_alt5,C,C,C,Q,H,C,H,1446_alt5,1446,24
1356_map,C,C,C,Q,H,C,H,1356_map,1356,24
1444_map,C,C,C,Q,H,C,H,1444_map,1444,24
1443_alt3,C,C,C,Q,H,C,H,1443_alt3,1443,24
1359_alt4,C,C,C,Q,H,C,H,1359_alt4,1359,24
1367_alt2,C,C,C,Q,H,C,H,1367_alt2,1367,24
1371_alt2,C,C,C,Q,H,C,H,1371_alt2,1371,24
1367_altall,C,C,C,Q,H,C,H,1367_altall,1367,24
1382_alt4,C,C,C,Q,H,C,H,1382_alt4,1382,24
1402_map,C,C,C,Q,H,C,H,1402_map,1402,24
1404_alt3,C,C,C,Q,H,C,H,1404_alt3,1404,24
1388_map,C,C,C,Q,H,C,H,1388_map,1388,24
1391_alt3,C,C,C,Q,H,C,H,1391_alt3,1391,24
1394_alt3,C,C,C,Q,H,C,H,1394_alt3,1394,24
1394_alt4,C,C,C,Q,H,C,H,1394_alt4,1394,24
1399_alt2,C,C,C,Q,H,C,H,1399_alt2,1399,24
1393_alt5,C,C,C,Q,H,C,H,1393_alt5,1393,24
1387_alt4,C,C,C,Q,H,C,H,1387_alt4,1387,24
1384_alt2,C,C,C,Q,H,C,H,1384_alt2,1384,24
1380_alt2,C,C,C,Q,H,C,H,1380_alt2,1380,24
1375_altall,C,C,C,Q,H,C,H,1375_altall,1375,24
1374_map,C,C,C,Q,H,C,H,1374_map,1374,24
1378_alt5,C,C,C,Q,H,C,H,1378_alt5,1378,24
1362_altall,C,C,C,Q,H,C,H,1362_altall,1362,24
1360_alt2,C,C,C,Q,H,C,H,1360_alt2,1360,24
1408_alt3,C,C,C,Q,H,C,H,1408_alt3,1408,24
1413_alt5,C,C,C,Q,H,C,H,1413_alt5,1413,24
1428_alt5,C,C,C,Q,H,C,H,1428_alt5,1428,24
1426_alt4,C,C,C,Q,H,C,H,1426_alt4,1426,24
1418_alt4,C,C,C,Q,H,C,H,1418_alt4,1418,24
1423_altall,C,C,C,Q,H,C,H,1423_altall,1423,24
1422_map,C,C,C,Q,H,C,H,1422_map,1422,24
1416_map,C,C,C,Q,H,C,H,1416_map,1416,24
1413_alt3,C,C,C,Q,H,C,H,1413_alt3,1413,24
1409_alt3,C,C,C,Q,H,C,H,1409_alt3,1409,24
1406_altall,C,C,C,Q,H,C,H,1406_altall,1406,24
1435_alt5,C,C,C,Q,H,C,H,1435_alt5,1435,24
1438_alt4,C,C,C,Q,H,C,H,1438_alt4,1438,24
1433_map,C,C,C,Q,H,C,H,1433_map,1433,24
1439_altall,C,C,C,Q,H,C,H,1439_altall,1439,24
1355_alt3,C,C,C,Q,H,C,H,1355_alt3,1355,24
1494_alt4,C,C,C,Q,H,C,H,1494_alt4,1494,24
1493_altall,C,C,C,Q,H,C,H,1493_altall,1493,24
1492_alt3,C,C,C,Q,H,C,H,1492_alt3,1492,24
1496_alt2,C,C,C,Q,H,C,H,1496_alt2,1496,24
1509_alt3,C,C,C,Q,H,C,H,1509_alt3,1509,24
1505_alt2,C,C,C,Q,H,C,H,1505_alt2,1505,24
1510_alt5,C,C,C,Q,H,C,H,1510_alt5,1510,24
1502_map,C,C,C,Q,H,C,H,1502_map,1502,24
1498_alt5,C,C,C,Q,H,C,H,1498_alt5,1498,24
1499_altall,C,C,C,Q,H,C,H,1499_altall,1499,24
1511_alt4,C,C,C,Q,H,C,H,1511_alt4,1511,24
1524_alt2,C,C,C,Q,H,C,H,1524_alt2,1524,24
1521_alt4,C,C,C,Q,H,C,H,1521_alt4,1521,24
1518_alt5,C,C,C,Q,H,C,H,1518_alt5,1518,24
1513_alt3,C,C,C,Q,H,C,H,1513_alt3,1513,24
1515_alt4,C,C,C,Q,H,C,H,1515_alt4,1515,24
1454_alt5,C,C,C,Q,H,C,H,1454_alt5,1454,24
1458_alt4,C,C,C,Q,H,C,H,1458_alt4,1458,24
1484_map,C,C,C,Q,H,C,H,1484_map,1484,24
1461_alt2,C,C,C,Q,H,C,H,1461_alt2,1461,24
1472_altall,C,C,C,Q,H,C,H,1472_altall,1472,24
1464_alt3,C,C,C,Q,H,C,H,1464_alt3,1464,24
1471_altall,C,C,C,Q,H,C,H,1471_altall,1471,24
1466_map,C,C,C,Q,H,C,H,1466_map,1466,24
1465_map,C,C,C,Q,H,C,H,1465_map,1465,24
1475_alt4,C,C,C,Q,H,C,H,1475_alt4,1475,24
1477_map,C,C,C,Q,H,C,H,1477_map,1477,24
1477_altall,C,C,C,Q,H,C,H,1477_altall,1477,24
1462_map,C,C,C,Q,H,C,H,1462_map,1462,24
1454_map,C,C,C,Q,H,C,H,1454_map,1454,24
821_altall,C,C,C,Q,H,C,H,821_altall,821,24
816_alt3,C,C,C,Q,H,C,H,816_alt3,816,24
818_altall,C,C,C,Q,H,C,H,818_altall,818,24
814_altall,C,C,C,Q,H,C,H,814_altall,814,24
810_alt4,C,C,C,Q,H,C,H,810_alt4,810,24
810_alt3,C,C,C,Q,H,C,H,810_alt3,810,24
793_alt4,C,C,C,Q,H,C,H,793_alt4,793,24
791_alt5,C,C,C,Q,H,C,H,791_alt5,791,24
786_alt4,C,C,C,Q,H,C,H,786_alt4,786,24
784_map,C,C,C,Q,H,C,H,784_map,784,24
775_map,C,C,C,Q,H,C,H,775_map,775,24
774_alt5,C,C,C,Q,H,C,H,774_alt5,774,24
780_map,C,C,C,Q,H,C,H,780_map,780,24
773_altall,C,C,C,Q,H,C,H,773_altall,773,24
781_alt3,C,C,C,Q,H,C,H,781_alt3,781,24
787_alt2,C,C,C,Q,H,C,H,787_alt2,787,24
793_map,C,C,C,Q,H,C,H,793_map,793,24
799_alt3,C,C,C,Q,H,C,H,799_alt3,799,24
800_altall,C,C,C,Q,H,C,H,800_altall,800,24
796_map,C,C,C,Q,H,C,H,796_map,796,24
804_map,C,C,C,Q,H,C,H,804_map,804,24
804_alt3,C,C,C,Q,H,C,H,804_alt3,804,24
820_alt5,C,C,C,Q,H,C,H,820_alt5,820,24
1528_alt5,C,C,C,Q,H,C,H,1528_alt5,1528,24
1532_alt3,C,C,C,Q,H,C,H,1532_alt3,1532,24
1530_alt2,C,C,C,Q,H,C,H,1530_alt2,1530,24
1535_alt2,C,C,C,Q,H,C,H,1535_alt2,1535,24
1536_alt3,C,C,C,Q,H,C,H,1536_alt3,1536,24
Anf_Desulfosporosinus_fructosivorans,C,C,C,Q,H,C,H,Anf_Desulfosporosinus_fructosivorans,Anf_Desulfosporosinus,24
Vnf_Methanosarcina_acetivorans_C2A,C,C,C,Q,H,C,H,Vnf_Methanosarcina_acetivorans_C2A,Vnf_Methanosarcina_acetivorans,24
Nif_Methanobacteriales_archaeon_HGW-Methanobacteriales-1,C,C,C,Q,H,C,H,Nif_Methanobacteriales_archaeon_HGW-Methanobacteriales-1,Nif_Methanobacteriales_archaeon,24
Nif_Desulfoglaeba_alkanexedens,C,C,C,Q,H,C,H,Nif_Desulfoglaeba_alkanexedens,Nif_Desulfoglaeba,24
Nif_Ruminiclostridium_hungatei,C,C,C,Q,H,C,H,Nif_Ruminiclostridium_hungatei,Nif_Ruminiclostridium,24
Nif_Sporolactobacillus_terrae,C,C,C,Q,H,C,H,Nif_Sporolactobacillus_terrae,Nif_Sporolactobacillus,24
Nif_Lucifera_butyrica,C,C,C,Q,H,C,H,Nif_Lucifera_butyrica,Nif_Lucifera,24
Nif_Desulfurispora_thermophila,C,C,C,Q,H,C,H,Nif_Desulfurispora_thermophila,Nif_Desulfurispora,24
Nif_Orenia_marismortui,C,C,C,Q,H,C,H,Nif_Orenia_marismortui,Nif_Orenia,24
Nif_Bacteroides_graminisolvens,C,C,C,Q,H,C,H,Nif_Bacteroides_graminisolvens,Nif_Bacteroides,24
Nif_Desulfosarcina_cetonica,C,C,C,Q,H,C,H,Nif_Desulfosarcina_cetonica,Nif_Desulfosarcina,24
Nif_Chloroherpeton_thalassium,C,C,C,Q,H,C,H,Nif_Chloroherpeton_thalassium,Nif_Chloroherpeton,24
Nif_Desulfobotulus_alkaliphilus,C,C,C,Q,H,C,H,Nif_Desulfobotulus_alkaliphilus,Nif_Desulfobotulus,24
Nif_bacterium_BMS3Abin13,C,C,C,Q,H,C,H,Nif_bacterium_BMS3Abin13,Nif_bacterium,24
Nif_Candidatus_Achromatium_palustre,C,C,C,Q,H,C,H,Nif_Candidatus_Achromatium_palustre,Nif_Candidatus_Achromatium,24
Nif_Chloroflexi_bacterium,C,C,C,Q,H,C,H,Nif_Chloroflexi_bacterium,Nif_Chloroflexi,24
Nif_Methanothrix_soehngenii,C,C,C,Q,H,C,H,Nif_Methanothrix_soehngenii,Nif_Methanothrix,24
Nif_Neorhizobium_galegae,C,C,C,Q,H,C,H,Nif_Neorhizobium_galegae,Nif_Neorhizobium,24
Nif_Skermanella_aerolata,C,C,C,Q,H,C,H,Nif_Skermanella_aerolata,Nif_Skermanella,24
Nif_Bradyrhizobium_oligotrophicum,C,C,C,Q,H,C,H,Nif_Bradyrhizobium_oligotrophicum,Nif_Bradyrhizobium,24
Nif_Sulfurivermis_fontis,C,C,C,Q,H,C,H,Nif_Sulfurivermis_fontis,Nif_Sulfurivermis,24
Nif_Agaribacterium_haliotis,C,C,C,Q,H,C,H,Nif_Agaribacterium_haliotis,Nif_Agaribacterium,24
Nif_Candidatus_Accumulibacter_aalborgensis,C,C,C,Q,H,C,H,Nif_Candidatus_Accumulibacter_aalborgensis,Nif_Candidatus_Accumulibacter,24
Nif_magneto-ovoid_bacterium_MO-1,C,C,C,Q,H,C,H,Nif_magneto-ovoid_bacterium_MO-1,Nif_magneto-ovoid_bacterium,24
Nif_Malonomonas_rubra,C,C,C,Q,H,C,H,Nif_Malonomonas_rubra,Nif_Malonomonas,24
Nif_Calditerrivibrio_nitroreducens,C,C,C,Q,H,C,H,Nif_Calditerrivibrio_nitroreducens,Nif_Calditerrivibrio,24
Nif_Fischerella_sp_PCC_9605,C,C,C,Q,H,C,H,Nif_Fischerella_sp_PCC_9605,Nif_Fischerella_sp_PCC,24
Nif_archaeon_BMS3Bbin15,C,C,C,Q,H,C,H,Nif_archaeon_BMS3Bbin15,Nif_archaeon,24
1213_alt2,C,C,C,Q,H,C,H,1213_alt2,1213,24
1213_altall,C,C,C,Q,H,C,H,1213_altall,1213,24
1218_alt3,C,C,C,Q,H,C,H,1218_alt3,1218,24
1211_alt5,C,C,C,Q,H,C,H,1211_alt5,1211,24
1221_alt4,C,C,C,Q,H,C,H,1221_alt4,1221,24
1222_alt3,C,C,C,Q,H,C,H,1222_alt3,1222,24
1226_alt3,C,C,C,Q,H,C,H,1226_alt3,1226,24
1229_altall,C,C,C,Q,H,C,H,1229_altall,1229,24
1224_alt2,C,C,C,Q,H,C,H,1224_alt2,1224,24
1244_alt3,C,C,C,Q,H,C,H,1244_alt3,1244,24
1243_map,C,C,C,Q,H,C,H,1243_map,1243,24
1241_alt3,C,C,C,Q,H,C,H,1241_alt3,1241,24
1246_alt5,C,C,C,Q,H,C,H,1246_alt5,1246,24
1237_altall,C,C,C,Q,H,C,H,1237_altall,1237,24
1261_map,C,C,C,Q,H,C,H,1261_map,1261,24
1261_alt5,C,C,C,Q,H,C,H,1261_alt5,1261,24
1260_altall,C,C,C,Q,H,C,H,1260_altall,1260,24
1257_alt5,C,C,C,Q,H,C,H,1257_alt5,1257,24
1252_altall,C,C,C,Q,H,C,H,1252_altall,1252,24
1253_alt2,C,C,C,Q,H,C,H,1253_alt2,1253,24
1250_map,C,C,C,Q,H,C,H,1250_map,1250,24
1266_altall,C,C,C,Q,H,C,H,1266_altall,1266,24
1269_altall,C,C,C,Q,H,C,H,1269_altall,1269,24
1278_map,C,C,C,Q,H,C,H,1278_map,1278,24
1277_alt4,C,C,C,Q,H,C,H,1277_alt4,1277,24
1274_alt5,C,C,C,Q,H,C,H,1274_alt5,1274,24
1271_alt4,C,C,C,Q,H,C,H,1271_alt4,1271,24
1283_alt3,C,C,C,Q,H,C,H,1283_alt3,1283,24
1281_alt3,C,C,C,Q,H,C,H,1281_alt3,1281,24
1269_alt4,C,C,C,Q,H,C,H,1269_alt4,1269,24
1234_alt5,C,C,C,Q,H,C,H,1234_alt5,1234,24
1236_alt4,C,C,C,Q,H,C,H,1236_alt4,1236,24
1291_alt3,C,C,C,Q,H,C,H,1291_alt3,1291,24
1303_alt5,C,C,C,Q,H,C,H,1303_alt5,1303,24
1301_alt5,C,C,C,Q,H,C,H,1301_alt5,1301,24
1299_map,C,C,C,Q,H,C,H,1299_map,1299,24
1296_map,C,C,C,Q,H,C,H,1296_map,1296,24
1305_alt3,C,C,C,Q,H,C,H,1305_alt3,1305,24
1308_alt3,C,C,C,Q,H,C,H,1308_alt3,1308,24
1318_alt2,C,C,C,Q,H,C,H,1318_alt2,1318,24
1320_map,C,C,C,Q,H,C,H,1320_map,1320,24
1324_alt5,C,C,C,Q,H,C,H,1324_alt5,1324,24
1325_altall,C,C,C,Q,H,C,H,1325_altall,1325,24
1319_alt3,C,C,C,Q,H,C,H,1319_alt3,1319,24
1310_alt2,C,C,C,Q,H,C,H,1310_alt2,1310,24
1314_alt3,C,C,C,Q,H,C,H,1314_alt3,1314,24
1316_alt2,C,C,C,Q,H,C,H,1316_alt2,1316,24
1309_alt2,C,C,C,Q,H,C,H,1309_alt2,1309,24
1333_alt4,C,C,C,Q,H,C,H,1333_alt4,1333,24
1335_altall,C,C,C,Q,H,C,H,1335_altall,1335,24
1330_alt2,C,C,C,Q,H,C,H,1330_alt2,1330,24
1294_altall,C,C,C,Q,H,C,H,1294_altall,1294,24
1337_map,C,C,C,Q,H,C,H,1337_map,1337,24
1288_altall,C,C,C,Q,H,C,H,1288_altall,1288,24
1287_alt2,C,C,C,Q,H,C,H,1287_alt2,1287,24
1339_altall,C,C,C,Q,H,C,H,1339_altall,1339,24
1343_altall,C,C,C,Q,H,C,H,1343_altall,1343,24
1340_alt2,C,C,C,Q,H,C,H,1340_alt2,1340,24
1208_altall,C,C,C,Q,H,C,H,1208_altall,1208,24
1347_alt2,C,C,C,Q,H,C,H,1347_alt2,1347,24
1351_alt2,C,C,C,Q,H,C,H,1351_alt2,1351,24
1346_altall,C,C,C,Q,H,C,H,1346_altall,1346,24
1447_alt5,C,C,C,Q,H,C,H,1447_alt5,1447,24
1452_map,C,C,C,Q,H,C,H,1452_map,1452,24
1449_alt5,C,C,C,Q,H,C,H,1449_alt5,1449,24
1446_map,C,C,C,Q,H,C,H,1446_map,1446,24
1356_alt3,C,C,C,Q,H,C,H,1356_alt3,1356,24
1444_alt4,C,C,C,Q,H,C,H,1444_alt4,1444,24
1442_alt5,C,C,C,Q,H,C,H,1442_alt5,1442,24
1359_alt5,C,C,C,Q,H,C,H,1359_alt5,1359,24
1367_alt3,C,C,C,Q,H,C,H,1367_alt3,1367,24
1371_altall,C,C,C,Q,H,C,H,1371_altall,1371,24
1365_alt3,C,C,C,Q,H,C,H,1365_alt3,1365,24
1382_alt3,C,C,C,Q,H,C,H,1382_alt3,1382,24
1402_alt3,C,C,C,Q,H,C,H,1402_alt3,1402,24
1401_alt3,C,C,C,Q,H,C,H,1401_alt3,1401,24
1388_alt2,C,C,C,Q,H,C,H,1388_alt2,1388,24
1391_alt2,C,C,C,Q,H,C,H,1391_alt2,1391,24
1395_altall,C,C,C,Q,H,C,H,1395_altall,1395,24
1397_altall,C,C,C,Q,H,C,H,1397_altall,1397,24
1400_alt5,C,C,C,Q,H,C,H,1400_alt5,1400,24
1392_altall,C,C,C,Q,H,C,H,1392_altall,1392,24
1387_alt3,C,C,C,Q,H,C,H,1387_alt3,1387,24
1383_altall,C,C,C,Q,H,C,H,1383_altall,1383,24
1381_map,C,C,C,Q,H,C,H,1381_map,1381,24
1376_altall,C,C,C,Q,H,C,H,1376_altall,1376,24
1374_alt3,C,C,C,Q,H,C,H,1374_alt3,1374,24
1374_alt4,C,C,C,Q,H,C,H,1374_alt4,1374,24
1362_alt3,C,C,C,Q,H,C,H,1362_alt3,1362,24
1360_alt3,C,C,C,Q,H,C,H,1360_alt3,1360,24
1408_map,C,C,C,Q,H,C,H,1408_map,1408,24
1414_alt3,C,C,C,Q,H,C,H,1414_alt3,1414,24
1428_alt4,C,C,C,Q,H,C,H,1428_alt4,1428,24
1426_alt2,C,C,C,Q,H,C,H,1426_alt2,1426,24
1418_alt5,C,C,C,Q,H,C,H,1418_alt5,1418,24
1423_alt2,C,C,C,Q,H,C,H,1423_alt2,1423,24
1422_alt4,C,C,C,Q,H,C,H,1422_alt4,1422,24
1416_alt5,C,C,C,Q,H,C,H,1416_alt5,1416,24
1413_alt2,C,C,C,Q,H,C,H,1413_alt2,1413,24
1410_map,C,C,C,Q,H,C,H,1410_map,1410,24
1409_altall,C,C,C,Q,H,C,H,1409_altall,1409,24
1435_altall,C,C,C,Q,H,C,H,1435_altall,1435,24
1438_map,C,C,C,Q,H,C,H,1438_map,1438,24
1433_alt4,C,C,C,Q,H,C,H,1433_alt4,1433,24
1431_altall,C,C,C,Q,H,C,H,1431_altall,1431,24
1355_alt2,C,C,C,Q,H,C,H,1355_alt2,1355,24
1494_map,C,C,C,Q,H,C,H,1494_map,1494,24
1493_alt5,C,C,C,Q,H,C,H,1493_alt5,1493,24
1491_alt5,C,C,C,Q,H,C,H,1491_alt5,1491,24
1496_alt4,C,C,C,Q,H,C,H,1496_alt4,1496,24
1509_map,C,C,C,Q,H,C,H,1509_map,1509,24
1505_altall,C,C,C,Q,H,C,H,1505_altall,1505,24
1510_map,C,C,C,Q,H,C,H,1510_map,1510,24
1502_alt2,C,C,C,Q,H,C,H,1502_alt2,1502,24
1498_altall,C,C,C,Q,H,C,H,1498_altall,1498,24
1499_alt5,C,C,C,Q,H,C,H,1499_alt5,1499,24
1511_map,C,C,C,Q,H,C,H,1511_map,1511,24
1524_alt4,C,C,C,Q,H,C,H,1524_alt4,1524,24
1521_alt2,C,C,C,Q,H,C,H,1521_alt2,1521,24
1518_map,C,C,C,Q,H,C,H,1518_map,1518,24
1513_altall,C,C,C,Q,H,C,H,1513_altall,1513,24
1514_alt4,C,C,C,Q,H,C,H,1514_alt4,1514,24
1456_alt5,C,C,C,Q,H,C,H,1456_alt5,1456,24
1457_alt3,C,C,C,Q,H,C,H,1457_alt3,1457,24
1484_alt2,C,C,C,Q,H,C,H,1484_alt2,1484,24
1461_alt4,C,C,C,Q,H,C,H,1461_alt4,1461,24
1473_altall,C,C,C,Q,H,C,H,1473_altall,1473,24
1465_alt5,C,C,C,Q,H,C,H,1465_alt5,1465,24
1469_alt2,C,C,C,Q,H,C,H,1469_alt2,1469,24
1466_alt2,C,C,C,Q,H,C,H,1466_alt2,1466,24
1464_map,C,C,C,Q,H,C,H,1464_map,1464,24
1475_map,C,C,C,Q,H,C,H,1475_map,1475,24
1478_alt2,C,C,C,Q,H,C,H,1478_alt2,1478,24
1480_altall,C,C,C,Q,H,C,H,1480_altall,1480,24
1462_alt4,C,C,C,Q,H,C,H,1462_alt4,1462,24
1454_alt3,C,C,C,Q,H,C,H,1454_alt3,1454,24
821_alt5,C,C,C,Q,H,C,H,821_alt5,821,24
816_altall,C,C,C,Q,H,C,H,816_altall,816,24
817_alt5,C,C,C,Q,H,C,H,817_alt5,817,24
814_alt4,C,C,C,Q,H,C,H,814_alt4,814,24
811_altall,C,C,C,Q,H,C,H,811_altall,811,24
809_map,C,C,C,Q,H,C,H,809_map,809,24
788_altall,C,C,C,Q,H,C,H,788_altall,788,24
791_alt3,C,C,C,Q,H,C,H,791_alt3,791,24
786_alt2,C,C,C,Q,H,C,H,786_alt2,786,24
783_alt2,C,C,C,Q,H,C,H,783_alt2,783,24
775_alt4,C,C,C,Q,H,C,H,775_alt4,775,24
777_map,C,C,C,Q,H,C,H,777_map,777,24
780_alt3,C,C,C,Q,H,C,H,780_alt3,780,24
772_alt3,C,C,C,Q,H,C,H,772_alt3,772,24
781_alt2,C,C,C,Q,H,C,H,781_alt2,781,24
1538_altall,C,C,C,Q,H,C,H,1538_altall,1538,24
794_alt3,C,C,C,Q,H,C,H,794_alt3,794,24
798_alt4,C,C,C,Q,H,C,H,798_alt4,798,24
800_alt5,C,C,C,Q,H,C,H,800_alt5,800,24
796_alt2,C,C,C,Q,H,C,H,796_alt2,796,24
805_map,C,C,C,Q,H,C,H,805_map,805,24
804_altall,C,C,C,Q,H,C,H,804_altall,804,24
820_map,C,C,C,Q,H,C,H,820_map,820,24
1528_alt4,C,C,C,Q,H,C,H,1528_alt4,1528,24
1532_map,C,C,C,Q,H,C,H,1532_map,1532,24
1530_alt3,C,C,C,Q,H,C,H,1530_alt3,1530,24
1535_altall,C,C,C,Q,H,C,H,1535_altall,1535,24
1536_alt5,C,C,C,Q,H,C,H,1536_alt5,1536,24
Anf_Sporomusa_termitida,C,C,C,Q,H,C,H,Anf_Sporomusa_termitida,Anf_Sporomusa,24
Vnf_Lucifera_butyrica,C,C,C,Q,H,C,H,Vnf_Lucifera_butyrica,Vnf_Lucifera,24
Nif_Methanobacterium_paludis,C,C,C,Q,H,C,H,Nif_Methanobacterium_paludis,Nif_Methanobacterium,24
Nif_Thermodesulforhabdus_norvegica,C,C,C,Q,H,C,H,Nif_Thermodesulforhabdus_norvegica,Nif_Thermodesulforhabdus,24
Nif_Sporobacter_termitidis,C,C,C,Q,H,C,H,Nif_Sporobacter_termitidis,Nif_Sporobacter,24
Nif_Megasphaera_cerevisiae,C,C,C,Q,H,C,H,Nif_Megasphaera_cerevisiae,Nif_Megasphaera,24
Nif_Sporomusa_termitida,C,C,C,Q,H,C,H,Nif_Sporomusa_termitida,Nif_Sporomusa,24
Nif_Peptococcaceae_bacterium_BICA1-7,C,C,C,Q,H,C,H,Nif_Peptococcaceae_bacterium_BICA1-7,Nif_Peptococcaceae_bacterium,24
Nif_Orenia_metallireducens,C,C,C,Q,H,C,H,Nif_Orenia_metallireducens,Nif_Orenia,24
Nif_Bacteroides_luti,C,C,C,Q,H,C,H,Nif_Bacteroides_luti,Nif_Bacteroides,24
Nif_Desulfobacterium_autotrophicum,C,C,C,Q,H,C,H,Nif_Desulfobacterium_autotrophicum,Nif_Desulfobacterium,24
Nif_Prosthecochloris_sp_GSB1,C,C,C,Q,H,C,H,Nif_Prosthecochloris_sp_GSB1,Nif_Prosthecochloris_sp,24
Nif_Desulfoluna_spongiiphila,C,C,C,Q,H,C,H,Nif_Desulfoluna_spongiiphila,Nif_Desulfoluna,24
Nif_Candidatus_Electronema_sp_GS,C,C,C,Q,H,C,H,Nif_Candidatus_Electronema_sp_GS,Nif_Candidatus_Electronema_sp,24
Nif_Geminisphaera_colitermitum,C,C,C,Q,H,C,H,Nif_Geminisphaera_colitermitum,Nif_Geminisphaera,24
Nif_Dehalogenimonas_sp_WBC-2,C,C,C,Q,H,C,H,Nif_Dehalogenimonas_sp_WBC-2,Nif_Dehalogenimonas_sp,24
Nif_Peptococcaceae_bacterium_SCADC1_2_3,C,C,C,Q,H,C,H,Nif_Peptococcaceae_bacterium_SCADC1_2_3,Nif_Peptococcaceae_bacterium_SCADC1_2,24
Nif_Afifella_pfennigii,C,C,C,Q,H,C,H,Nif_Afifella_pfennigii,Nif_Afifella,24
Nif_Roseospirillum_parvum,C,C,C,Q,H,C,H,Nif_Roseospirillum_parvum,Nif_Roseospirillum,24
Nif_Rhodoblastus_acidophilus,C,C,C,Q,H,C,H,Nif_Rhodoblastus_acidophilus,Nif_Rhodoblastus,24
Nif_Propionivibrio_dicarboxylicus,C,C,C,Q,H,C,H,Nif_Propionivibrio_dicarboxylicus,Nif_Propionivibrio,24
Nif_Alteromonadaceae_bacterium_Bs31,C,C,C,Q,H,C,H,Nif_Alteromonadaceae_bacterium_Bs31,Nif_Alteromonadaceae_bacterium,24
Nif_Rhodocyclaceae_bacterium,C,C,C,Q,H,C,H,Nif_Rhodocyclaceae_bacterium,Nif_Rhodocyclaceae,24
Nif_Methyloprofundus_sedimenti,C,C,C,Q,H,C,H,Nif_Methyloprofundus_sedimenti,Nif_Methyloprofundus,24
Nif_Pelobacter_acetylenicus,C,C,C,Q,H,C,H,Nif_Pelobacter_acetylenicus,Nif_Pelobacter,24
Nif_Chrysiogenes_arsenatis,C,C,C,Q,H,C,H,Nif_Chrysiogenes_arsenatis,Nif_Chrysiogenes,24
Nif_Lyngbya_sp_PCC_8106,C,C,C,Q,H,C,H,Nif_Lyngbya_sp_PCC_8106,Nif_Lyngbya_sp_PCC,24
Nif_Candidatus_Viridilinea_mediisalina,C,C,C,Q,H,C,H,Nif_Candidatus_Viridilinea_mediisalina,Nif_Candidatus_Viridilinea,24
1214_altall,C,C,C,Q,H,C,H,1214_altall,1214,24
1216_alt4,C,C,C,Q,H,C,H,1216_alt4,1216,24
1218_alt5,C,C,C,Q,H,C,H,1218_alt5,1218,24
1210_map,C,C,C,Q,H,C,H,1210_map,1210,24
1221_map,C,C,C,Q,H,C,H,1221_map,1221,24
1219_altall,C,C,C,Q,H,C,H,1219_altall,1219,24
1226_map,C,C,C,Q,H,C,H,1226_map,1226,24
1229_alt4,C,C,C,Q,H,C,H,1229_alt4,1229,24
1224_altall,C,C,C,Q,H,C,H,1224_altall,1224,24
1244_alt4,C,C,C,Q,H,C,H,1244_alt4,1244,24
1243_alt5,C,C,C,Q,H,C,H,1243_alt5,1243,24
1241_alt2,C,C,C,Q,H,C,H,1241_alt2,1241,24
1246_map,C,C,C,Q,H,C,H,1246_map,1246,24
1248_altall,C,C,C,Q,H,C,H,1248_altall,1248,24
1263_alt3,C,C,C,Q,H,C,H,1263_alt3,1263,24
1261_altall,C,C,C,Q,H,C,H,1261_altall,1261,24
1260_alt4,C,C,C,Q,H,C,H,1260_alt4,1260,24
1257_map,C,C,C,Q,H,C,H,1257_map,1257,24
1254_alt4,C,C,C,Q,H,C,H,1254_alt4,1254,24
1253_alt5,C,C,C,Q,H,C,H,1253_alt5,1253,24
1265_map,C,C,C,Q,H,C,H,1265_map,1265,24
1266_alt4,C,C,C,Q,H,C,H,1266_alt4,1266,24
1270_altall,C,C,C,Q,H,C,H,1270_altall,1270,24
1278_alt5,C,C,C,Q,H,C,H,1278_alt5,1278,24
1277_alt2,C,C,C,Q,H,C,H,1277_alt2,1277,24
1274_alt2,C,C,C,Q,H,C,H,1274_alt2,1274,24
1271_alt2,C,C,C,Q,H,C,H,1271_alt2,1271,24
1283_alt2,C,C,C,Q,H,C,H,1283_alt2,1283,24
1281_alt2,C,C,C,Q,H,C,H,1281_alt2,1281,24
1269_alt3,C,C,C,Q,H,C,H,1269_alt3,1269,24
1234_alt4,C,C,C,Q,H,C,H,1234_alt4,1234,24
1235_alt5,C,C,C,Q,H,C,H,1235_alt5,1235,24
1291_alt2,C,C,C,Q,H,C,H,1291_alt2,1291,24
1303_alt4,C,C,C,Q,H,C,H,1303_alt4,1303,24
1301_alt4,C,C,C,Q,H,C,H,1301_alt4,1301,24
1299_alt2,C,C,C,Q,H,C,H,1299_alt2,1299,24
1296_alt5,C,C,C,Q,H,C,H,1296_alt5,1296,24
1305_alt5,C,C,C,Q,H,C,H,1305_alt5,1305,24
1317_map,C,C,C,Q,H,C,H,1317_map,1317,24
1318_alt4,C,C,C,Q,H,C,H,1318_alt4,1318,24
1320_alt4,C,C,C,Q,H,C,H,1320_alt4,1320,24
1324_alt4,C,C,C,Q,H,C,H,1324_alt4,1324,24
1327_alt2,C,C,C,Q,H,C,H,1327_alt2,1327,24
1318_map,C,C,C,Q,H,C,H,1318_map,1318,24
1310_alt5,C,C,C,Q,H,C,H,1310_alt5,1310,24
1314_alt4,C,C,C,Q,H,C,H,1314_alt4,1314,24
1316_alt3,C,C,C,Q,H,C,H,1316_alt3,1316,24
1330_altall,C,C,C,Q,H,C,H,1330_altall,1330,24
1334_altall,C,C,C,Q,H,C,H,1334_altall,1334,24
1335_alt4,C,C,C,Q,H,C,H,1335_alt4,1335,24
1308_map,C,C,C,Q,H,C,H,1308_map,1308,24
1293_map,C,C,C,Q,H,C,H,1293_map,1293,24
1337_alt5,C,C,C,Q,H,C,H,1337_alt5,1337,24
1288_alt4,C,C,C,Q,H,C,H,1288_alt4,1288,24
1287_alt5,C,C,C,Q,H,C,H,1287_alt5,1287,24
1340_map,C,C,C,Q,H,C,H,1340_map,1340,24
1343_alt3,C,C,C,Q,H,C,H,1343_alt3,1343,24
1340_alt4,C,C,C,Q,H,C,H,1340_alt4,1340,24
1208_alt4,C,C,C,Q,H,C,H,1208_alt4,1208,24
1347_altall,C,C,C,Q,H,C,H,1347_altall,1347,24
1351_alt4,C,C,C,Q,H,C,H,1351_alt4,1351,24
1346_alt5,C,C,C,Q,H,C,H,1346_alt5,1346,24
1451_alt4,C,C,C,Q,H,C,H,1451_alt4,1451,24
1451_altall,C,C,C,Q,H,C,H,1451_altall,1451,24
1450_alt4,C,C,C,Q,H,C,H,1450_alt4,1450,24
1446_alt2,C,C,C,Q,H,C,H,1446_alt2,1446,24
1440_alt5,C,C,C,Q,H,C,H,1440_alt5,1440,24
1444_altall,C,C,C,Q,H,C,H,1444_altall,1444,24
1442_alt3,C,C,C,Q,H,C,H,1442_alt3,1442,24
1363_alt5,C,C,C,Q,H,C,H,1363_alt5,1363,24
1367_alt5,C,C,C,Q,H,C,H,1367_alt5,1367,24
1371_alt3,C,C,C,Q,H,C,H,1371_alt3,1371,24
1365_alt2,C,C,C,Q,H,C,H,1365_alt2,1365,24
1401_map,C,C,C,Q,H,C,H,1401_map,1401,24
1401_altall,C,C,C,Q,H,C,H,1401_altall,1401,24
1401_alt4,C,C,C,Q,H,C,H,1401_alt4,1401,24
1388_alt3,C,C,C,Q,H,C,H,1388_alt3,1388,24
1391_alt4,C,C,C,Q,H,C,H,1391_alt4,1391,24
1395_alt5,C,C,C,Q,H,C,H,1395_alt5,1395,24
1397_alt5,C,C,C,Q,H,C,H,1397_alt5,1397,24
1400_alt2,C,C,C,Q,H,C,H,1400_alt2,1400,24
1390_map,C,C,C,Q,H,C,H,1390_map,1390,24
1387_altall,C,C,C,Q,H,C,H,1387_altall,1387,24
1383_alt5,C,C,C,Q,H,C,H,1383_alt5,1383,24
1381_alt5,C,C,C,Q,H,C,H,1381_alt5,1381,24
1376_alt3,C,C,C,Q,H,C,H,1376_alt3,1376,24
1374_altall,C,C,C,Q,H,C,H,1374_altall,1374,24
1373_altall,C,C,C,Q,H,C,H,1373_altall,1373,24
1362_alt4,C,C,C,Q,H,C,H,1362_alt4,1362,24
1358_alt2,C,C,C,Q,H,C,H,1358_alt2,1358,24
1408_alt2,C,C,C,Q,H,C,H,1408_alt2,1408,24
1414_alt4,C,C,C,Q,H,C,H,1414_alt4,1414,24
1428_alt3,C,C,C,Q,H,C,H,1428_alt3,1428,24
1426_alt5,C,C,C,Q,H,C,H,1426_alt5,1426,24
1418_map,C,C,C,Q,H,C,H,1418_map,1418,24
1423_map,C,C,C,Q,H,C,H,1423_map,1423,24
1421_alt2,C,C,C,Q,H,C,H,1421_alt2,1421,24
1416_alt3,C,C,C,Q,H,C,H,1416_alt3,1416,24
1413_alt4,C,C,C,Q,H,C,H,1413_alt4,1413,24
1410_alt4,C,C,C,Q,H,C,H,1410_alt4,1410,24
1357_alt4,C,C,C,Q,H,C,H,1357_alt4,1357,24
1435_alt2,C,C,C,Q,H,C,H,1435_alt2,1435,24
1438_alt3,C,C,C,Q,H,C,H,1438_alt3,1438,24
1433_alt5,C,C,C,Q,H,C,H,1433_alt5,1433,24
1431_alt5,C,C,C,Q,H,C,H,1431_alt5,1431,24
1487_alt5,C,C,C,Q,H,C,H,1487_alt5,1487,24
1488_map,C,C,C,Q,H,C,H,1488_map,1488,24
1493_alt4,C,C,C,Q,H,C,H,1493_alt4,1493,24
1491_alt4,C,C,C,Q,H,C,H,1491_alt4,1491,24
1496_alt5,C,C,C,Q,H,C,H,1496_alt5,1496,24
1509_alt2,C,C,C,Q,H,C,H,1509_alt2,1509,24
1505_alt3,C,C,C,Q,H,C,H,1505_alt3,1505,24
1510_alt3,C,C,C,Q,H,C,H,1510_alt3,1510,24
1502_alt4,C,C,C,Q,H,C,H,1502_alt4,1502,24
1497_alt4,C,C,C,Q,H,C,H,1497_alt4,1497,24
1500_alt4,C,C,C,Q,H,C,H,1500_alt4,1500,24
1511_alt3,C,C,C,Q,H,C,H,1511_alt3,1511,24
1524_alt3,C,C,C,Q,H,C,H,1524_alt3,1524,24
1521_alt5,C,C,C,Q,H,C,H,1521_alt5,1521,24
1518_alt2,C,C,C,Q,H,C,H,1518_alt2,1518,24
1514_altall,C,C,C,Q,H,C,H,1514_altall,1514,24
1514_alt5,C,C,C,Q,H,C,H,1514_alt5,1514,24
1456_alt2,C,C,C,Q,H,C,H,1456_alt2,1456,24
1457_alt5,C,C,C,Q,H,C,H,1457_alt5,1457,24
1484_alt5,C,C,C,Q,H,C,H,1484_alt5,1484,24
1462_alt3,C,C,C,Q,H,C,H,1462_alt3,1462,24
1473_alt4,C,C,C,Q,H,C,H,1473_alt4,1473,24
1465_alt2,C,C,C,Q,H,C,H,1465_alt2,1465,24
1469_alt5,C,C,C,Q,H,C,H,1469_alt5,1469,24
1467_alt2,C,C,C,Q,H,C,H,1467_alt2,1467,24
1464_alt2,C,C,C,Q,H,C,H,1464_alt2,1464,24
1475_alt5,C,C,C,Q,H,C,H,1475_alt5,1475,24
1478_alt5,C,C,C,Q,H,C,H,1478_alt5,1478,24
1480_alt3,C,C,C,Q,H,C,H,1480_alt3,1480,24
1461_map,C,C,C,Q,H,C,H,1461_map,1461,24
1485_altall,C,C,C,Q,H,C,H,1485_altall,1485,24
821_alt2,C,C,C,Q,H,C,H,821_alt2,821,24
817_altall,C,C,C,Q,H,C,H,817_altall,817,24
817_map,C,C,C,Q,H,C,H,817_map,817,24
814_alt3,C,C,C,Q,H,C,H,814_alt3,814,24
811_alt2,C,C,C,Q,H,C,H,811_alt2,811,24
809_alt3,C,C,C,Q,H,C,H,809_alt3,809,24
788_alt4,C,C,C,Q,H,C,H,788_alt4,788,24
791_map,C,C,C,Q,H,C,H,791_map,791,24
786_alt3,C,C,C,Q,H,C,H,786_alt3,786,24
781_alt4,C,C,C,Q,H,C,H,781_alt4,781,24
775_alt2,C,C,C,Q,H,C,H,775_alt2,775,24
777_alt5,C,C,C,Q,H,C,H,777_alt5,777,24
780_alt2,C,C,C,Q,H,C,H,780_alt2,780,24
772_alt4,C,C,C,Q,H,C,H,772_alt4,772,24
781_alt5,C,C,C,Q,H,C,H,781_alt5,781,24
1538_alt3,C,C,C,Q,H,C,H,1538_alt3,1538,24
795_alt2,C,C,C,Q,H,C,H,795_alt2,795,24
798_alt5,C,C,C,Q,H,C,H,798_alt5,798,24
798_map,C,C,C,Q,H,C,H,798_map,798,24
794_alt5,C,C,C,Q,H,C,H,794_alt5,794,24
805_altall,C,C,C,Q,H,C,H,805_altall,805,24
807_altall,C,C,C,Q,H,C,H,807_altall,807,24
1525_map,C,C,C,Q,H,C,H,1525_map,1525,24
1528_altall,C,C,C,Q,H,C,H,1528_altall,1528,24
1532_alt5,C,C,C,Q,H,C,H,1532_alt5,1532,24
1530_altall,C,C,C,Q,H,C,H,1530_altall,1530,24
1535_alt3,C,C,C,Q,H,C,H,1535_alt3,1535,24
1536_map,C,C,C,Q,H,C,H,1536_map,1536,24
Anf_Pectinatus_cerevisiiphilus,C,C,C,Q,H,C,H,Anf_Pectinatus_cerevisiiphilus,Anf_Pectinatus,24
Vnf_Ruminiclostridium_hungatei,C,C,C,Q,H,C,H,Vnf_Ruminiclostridium_hungatei,Vnf_Ruminiclostridium,24
Nif_Methanobrevibacter_curvatus,C,C,C,Q,H,C,H,Nif_Methanobrevibacter_curvatus,Nif_Methanobrevibacter,24
Nif_Acetobacterium_woodii,C,C,C,Q,H,C,H,Nif_Acetobacterium_woodii,Nif_Acetobacterium,24
Nif_Desulfovibrio_desulfuricans,C,C,C,Q,H,C,H,Nif_Desulfovibrio_desulfuricans,Nif_Desulfovibrio,24
Nif_Anaerotignum_neopropionicum,C,C,C,Q,H,C,H,Nif_Anaerotignum_neopropionicum,Nif_Anaerotignum,24
Nif_Methanoregula_boonei,C,C,C,Q,H,C,H,Nif_Methanoregula_boonei,Nif_Methanoregula,24
Nif_Peptococcaceae_bacterium_BRH_c4a,C,C,C,Q,H,C,H,Nif_Peptococcaceae_bacterium_BRH_c4a,Nif_Peptococcaceae_bacterium_BRH,24
Nif_Carboxydocella_sp_ULO1,C,C,C,Q,H,C,H,Nif_Carboxydocella_sp_ULO1,Nif_Carboxydocella_sp,24
Nif_Paludibacter_propionicigenes,C,C,C,Q,H,C,H,Nif_Paludibacter_propionicigenes,Nif_Paludibacter,24
Nif_Syntrophobacter_fumaroxidans,C,C,C,Q,H,C,H,Nif_Syntrophobacter_fumaroxidans,Nif_Syntrophobacter,24
Nif_Desulfocurvibacter_africanus,C,C,C,Q,H,C,H,Nif_Desulfocurvibacter_africanus,Nif_Desulfocurvibacter,24
Nif_Desulforegula_conservatrix,C,C,C,Q,H,C,H,Nif_Desulforegula_conservatrix,Nif_Desulforegula,24
Nif_Desulfobulbaceae_bacterium_A2,C,C,C,Q,H,C,H,Nif_Desulfobulbaceae_bacterium_A2,Nif_Desulfobulbaceae_bacterium,24
Nif_Opitutaceae_bacterium_EW11,C,C,C,Q,H,C,H,Nif_Opitutaceae_bacterium_EW11,Nif_Opitutaceae_bacterium,24
Nif_Planctomycetes_bacterium,C,C,C,Q,H,C,H,Nif_Planctomycetes_bacterium,Nif_Planctomycetes,24
Nif_Methanocaldococcus_infernus,C,C,C,Q,H,C,H,Nif_Methanocaldococcus_infernus,Nif_Methanocaldococcus,24
Nif_Blastochloris_sp_GI,C,C,C,Q,H,C,H,Nif_Blastochloris_sp_GI,Nif_Blastochloris_sp,24
Nif_Acidiferrobacter_sp_SPIII_3,C,C,C,Q,H,C,H,Nif_Acidiferrobacter_sp_SPIII_3,Nif_Acidiferrobacter_sp_SPIII,24
Vnf_Rhodoblastus_acidophilus,C,C,C,Q,H,C,H,Vnf_Rhodoblastus_acidophilus,Vnf_Rhodoblastus,24
Nif_Beggiatoa_alba,C,C,C,Q,H,C,H,Nif_Beggiatoa_alba,Nif_Beggiatoa,24
Nif_Alteromonadales_bacterium_BS08,C,C,C,Q,H,C,H,Nif_Alteromonadales_bacterium_BS08,Nif_Alteromonadales_bacterium,24
Nif_Cohaesibacter_haloalkalitolerans,C,C,C,Q,H,C,H,Nif_Cohaesibacter_haloalkalitolerans,Nif_Cohaesibacter,24
Nif_Ectothiorhodospira_haloalkaliphila,C,C,C,Q,H,C,H,Nif_Ectothiorhodospira_haloalkaliphila,Nif_Ectothiorhodospira,24
Nif_bacterium_BMS3Bbin07,C,C,C,Q,H,C,H,Nif_bacterium_BMS3Bbin07,Nif_bacterium,24
Nif_Geovibrio_sp_L21-Ace-BES,C,C,C,Q,H,C,H,Nif_Geovibrio_sp_L21-Ace-BES,Nif_Geovibrio_sp,24
Nif_Anaerobacillus_alkalidiazotrophicus,C,C,C,Q,H,C,H,Nif_Anaerobacillus_alkalidiazotrophicus,Nif_Anaerobacillus,24
Nif_Chloroflexales_bacterium_ZM16-3,C,C,C,Q,H,C,H,Nif_Chloroflexales_bacterium_ZM16-3,Nif_Chloroflexales_bacterium,24
1214_alt5,C,C,C,Q,H,C,H,1214_alt5,1214,24
1216_alt5,C,C,C,Q,H,C,H,1216_alt5,1216,24
1218_map,C,C,C,Q,H,C,H,1218_map,1218,24
1210_alt5,C,C,C,Q,H,C,H,1210_alt5,1210,24
1221_alt2,C,C,C,Q,H,C,H,1221_alt2,1221,24
1209_alt3,C,C,C,Q,H,C,H,1209_alt3,1209,24
1226_alt4,C,C,C,Q,H,C,H,1226_alt4,1226,24
1229_alt3,C,C,C,Q,H,C,H,1229_alt3,1229,24
1231_alt5,C,C,C,Q,H,C,H,1231_alt5,1231,24
1244_alt5,C,C,C,Q,H,C,H,1244_alt5,1244,24
1240_alt5,C,C,C,Q,H,C,H,1240_alt5,1240,24
1241_alt4,C,C,C,Q,H,C,H,1241_alt4,1241,24
1246_alt2,C,C,C,Q,H,C,H,1246_alt2,1246,24
1248_alt2,C,C,C,Q,H,C,H,1248_alt2,1248,24
1263_alt4,C,C,C,Q,H,C,H,1263_alt4,1263,24
1262_altall,C,C,C,Q,H,C,H,1262_altall,1262,24
1260_alt5,C,C,C,Q,H,C,H,1260_alt5,1260,24
1257_alt2,C,C,C,Q,H,C,H,1257_alt2,1257,24
1254_map,C,C,C,Q,H,C,H,1254_map,1254,24
1253_map,C,C,C,Q,H,C,H,1253_map,1253,24
1265_alt4,C,C,C,Q,H,C,H,1265_alt4,1265,24
1266_alt2,C,C,C,Q,H,C,H,1266_alt2,1266,24
1270_alt4,C,C,C,Q,H,C,H,1270_alt4,1270,24
1278_alt4,C,C,C,Q,H,C,H,1278_alt4,1278,24
1277_map,C,C,C,Q,H,C,H,1277_map,1277,24
1274_alt4,C,C,C,Q,H,C,H,1274_alt4,1274,24
1271_alt5,C,C,C,Q,H,C,H,1271_alt5,1271,24
1283_map,C,C,C,Q,H,C,H,1283_map,1283,24
1281_altall,C,C,C,Q,H,C,H,1281_altall,1281,24
1269_map,C,C,C,Q,H,C,H,1269_map,1269,24
1233_alt2,C,C,C,Q,H,C,H,1233_alt2,1233,24
1235_alt3,C,C,C,Q,H,C,H,1235_alt3,1235,24
1291_map,C,C,C,Q,H,C,H,1291_map,1291,24
1295_altall,C,C,C,Q,H,C,H,1295_altall,1295,24
1301_map,C,C,C,Q,H,C,H,1301_map,1301,24
1299_alt3,C,C,C,Q,H,C,H,1299_alt3,1299,24
1296_altall,C,C,C,Q,H,C,H,1296_altall,1296,24
1305_alt4,C,C,C,Q,H,C,H,1305_alt4,1305,24
1328_map,C,C,C,Q,H,C,H,1328_map,1328,24
1318_altall,C,C,C,Q,H,C,H,1318_altall,1318,24
1322_map,C,C,C,Q,H,C,H,1322_map,1322,24
1323_map,C,C,C,Q,H,C,H,1323_map,1323,24
1327_alt5,C,C,C,Q,H,C,H,1327_alt5,1327,24
1318_alt5,C,C,C,Q,H,C,H,1318_alt5,1318,24
1311_alt4,C,C,C,Q,H,C,H,1311_alt4,1311,24
1314_alt5,C,C,C,Q,H,C,H,1314_alt5,1314,24
1316_map,C,C,C,Q,H,C,H,1316_map,1316,24
1331_altall,C,C,C,Q,H,C,H,1331_altall,1331,24
1334_alt3,C,C,C,Q,H,C,H,1334_alt3,1334,24
1335_alt2,C,C,C,Q,H,C,H,1335_alt2,1335,24
1308_altall,C,C,C,Q,H,C,H,1308_altall,1308,24
1293_alt5,C,C,C,Q,H,C,H,1293_alt5,1293,24
1337_alt2,C,C,C,Q,H,C,H,1337_alt2,1337,24
1288_alt3,C,C,C,Q,H,C,H,1288_alt3,1288,24
1287_alt3,C,C,C,Q,H,C,H,1287_alt3,1287,24
1340_alt5,C,C,C,Q,H,C,H,1340_alt5,1340,24
1343_alt5,C,C,C,Q,H,C,H,1343_alt5,1343,24
1340_altall,C,C,C,Q,H,C,H,1340_altall,1340,24
1208_map,C,C,C,Q,H,C,H,1208_map,1208,24
1347_alt5,C,C,C,Q,H,C,H,1347_alt5,1347,24
1351_map,C,C,C,Q,H,C,H,1351_map,1351,24
1346_map,C,C,C,Q,H,C,H,1346_map,1346,24
1451_alt3,C,C,C,Q,H,C,H,1451_alt3,1451,24
1452_altall,C,C,C,Q,H,C,H,1452_altall,1452,24
1450_alt2,C,C,C,Q,H,C,H,1450_alt2,1450,24
1446_alt4,C,C,C,Q,H,C,H,1446_alt4,1446,24
1441_altall,C,C,C,Q,H,C,H,1441_altall,1441,24
1445_altall,C,C,C,Q,H,C,H,1445_altall,1445,24
1442_alt2,C,C,C,Q,H,C,H,1442_alt2,1442,24
1363_alt4,C,C,C,Q,H,C,H,1363_alt4,1363,24
1368_alt4,C,C,C,Q,H,C,H,1368_alt4,1368,24
1371_map,C,C,C,Q,H,C,H,1371_map,1371,24
1365_alt5,C,C,C,Q,H,C,H,1365_alt5,1365,24
1401_alt2,C,C,C,Q,H,C,H,1401_alt2,1401,24
1404_altall,C,C,C,Q,H,C,H,1404_altall,1404,24
1401_alt5,C,C,C,Q,H,C,H,1401_alt5,1401,24
1388_alt5,C,C,C,Q,H,C,H,1388_alt5,1388,24
1391_altall,C,C,C,Q,H,C,H,1391_altall,1391,24
1395_alt2,C,C,C,Q,H,C,H,1395_alt2,1395,24
1397_map,C,C,C,Q,H,C,H,1397_map,1397,24
1400_altall,C,C,C,Q,H,C,H,1400_altall,1400,24
1390_alt5,C,C,C,Q,H,C,H,1390_alt5,1390,24
1386_altall,C,C,C,Q,H,C,H,1386_altall,1386,24
1382_altall,C,C,C,Q,H,C,H,1382_altall,1382,24
1381_alt2,C,C,C,Q,H,C,H,1381_alt2,1381,24
1376_alt4,C,C,C,Q,H,C,H,1376_alt4,1376,24
1378_altall,C,C,C,Q,H,C,H,1378_altall,1378,24
1373_alt2,C,C,C,Q,H,C,H,1373_alt2,1373,24
1362_alt2,C,C,C,Q,H,C,H,1362_alt2,1362,24
1358_alt4,C,C,C,Q,H,C,H,1358_alt4,1358,24
1407_altall,C,C,C,Q,H,C,H,1407_altall,1407,24
1425_map,C,C,C,Q,H,C,H,1425_map,1425,24
1428_altall,C,C,C,Q,H,C,H,1428_altall,1428,24
1426_map,C,C,C,Q,H,C,H,1426_map,1426,24
1418_alt3,C,C,C,Q,H,C,H,1418_alt3,1418,24
1423_alt4,C,C,C,Q,H,C,H,1423_alt4,1423,24
1421_alt5,C,C,C,Q,H,C,H,1421_alt5,1421,24
1416_alt2,C,C,C,Q,H,C,H,1416_alt2,1416,24
1430_altall,C,C,C,Q,H,C,H,1430_altall,1430,24
1410_alt3,C,C,C,Q,H,C,H,1410_alt3,1410,24
1357_map,C,C,C,Q,H,C,H,1357_map,1357,24
1435_map,C,C,C,Q,H,C,H,1435_map,1435,24
1437_alt2,C,C,C,Q,H,C,H,1437_alt2,1437,24
1433_alt3,C,C,C,Q,H,C,H,1433_alt3,1433,24
1357_alt5,C,C,C,Q,H,C,H,1357_alt5,1357,24
1488_alt2,C,C,C,Q,H,C,H,1488_alt2,1488,24
1488_alt4,C,C,C,Q,H,C,H,1488_alt4,1488,24
1493_map,C,C,C,Q,H,C,H,1493_map,1493,24
1491_alt2,C,C,C,Q,H,C,H,1491_alt2,1491,24
1496_altall,C,C,C,Q,H,C,H,1496_altall,1496,24
1508_alt5,C,C,C,Q,H,C,H,1508_alt5,1508,24
1506_alt2,C,C,C,Q,H,C,H,1506_alt2,1506,24
1504_altall,C,C,C,Q,H,C,H,1504_altall,1504,24
1502_altall,C,C,C,Q,H,C,H,1502_altall,1502,24
1497_alt2,C,C,C,Q,H,C,H,1497_alt2,1497,24
1500_alt5,C,C,C,Q,H,C,H,1500_alt5,1500,24
1518_alt4,C,C,C,Q,H,C,H,1518_alt4,1518,24
1524_map,C,C,C,Q,H,C,H,1524_map,1524,24
1521_map,C,C,C,Q,H,C,H,1521_map,1521,24
1511_altall,C,C,C,Q,H,C,H,1511_altall,1511,24
1515_altall,C,C,C,Q,H,C,H,1515_altall,1515,24
1514_alt2,C,C,C,Q,H,C,H,1514_alt2,1514,24
1456_alt4,C,C,C,Q,H,C,H,1456_alt4,1456,24
1457_map,C,C,C,Q,H,C,H,1457_map,1457,24
1484_altall,C,C,C,Q,H,C,H,1484_altall,1484,24
1462_alt5,C,C,C,Q,H,C,H,1462_alt5,1462,24
1473_alt5,C,C,C,Q,H,C,H,1473_alt5,1473,24
1470_altall,C,C,C,Q,H,C,H,1470_altall,1470,24
1469_map,C,C,C,Q,H,C,H,1469_map,1469,24
1467_alt4,C,C,C,Q,H,C,H,1467_alt4,1467,24
1463_alt5,C,C,C,Q,H,C,H,1463_alt5,1463,24
1476_altall,C,C,C,Q,H,C,H,1476_altall,1476,24
1479_alt3,C,C,C,Q,H,C,H,1479_alt3,1479,24
1480_alt2,C,C,C,Q,H,C,H,1480_alt2,1480,24
1461_alt3,C,C,C,Q,H,C,H,1461_alt3,1461,24
1485_alt2,C,C,C,Q,H,C,H,1485_alt2,1485,24
821_map,C,C,C,Q,H,C,H,821_map,821,24
819_altall,C,C,C,Q,H,C,H,819_altall,819,24
817_alt4,C,C,C,Q,H,C,H,817_alt4,817,24
814_map,C,C,C,Q,H,C,H,814_map,814,24
812_altall,C,C,C,Q,H,C,H,812_altall,812,24
808_alt5,C,C,C,Q,H,C,H,808_alt5,808,24
788_alt3,C,C,C,Q,H,C,H,788_alt3,788,24
791_alt2,C,C,C,Q,H,C,H,791_alt2,791,24
786_altall,C,C,C,Q,H,C,H,786_altall,786,24
782_alt4,C,C,C,Q,H,C,H,782_alt4,782,24
775_alt5,C,C,C,Q,H,C,H,775_alt5,775,24
777_alt2,C,C,C,Q,H,C,H,777_alt2,777,24
780_alt5,C,C,C,Q,H,C,H,780_alt5,780,24
772_alt5,C,C,C,Q,H,C,H,772_alt5,772,24
781_altall,C,C,C,Q,H,C,H,781_altall,781,24
1538_alt4,C,C,C,Q,H,C,H,1538_alt4,1538,24
795_map,C,C,C,Q,H,C,H,795_map,795,24
798_alt2,C,C,C,Q,H,C,H,798_alt2,798,24
798_alt3,C,C,C,Q,H,C,H,798_alt3,798,24
794_altall,C,C,C,Q,H,C,H,794_altall,794,24
806_altall,C,C,C,Q,H,C,H,806_altall,806,24
807_alt3,C,C,C,Q,H,C,H,807_alt3,807,24
1525_alt2,C,C,C,Q,H,C,H,1525_alt2,1525,24
1528_alt2,C,C,C,Q,H,C,H,1528_alt2,1528,24
1532_alt2,C,C,C,Q,H,C,H,1532_alt2,1532,24
1530_alt4,C,C,C,Q,H,C,H,1530_alt4,1530,24
1535_alt5,C,C,C,Q,H,C,H,1535_alt5,1535,24
1536_alt2,C,C,C,Q,H,C,H,1536_alt2,1536,24
Anf_Azotobacter_vinelandii,C,C,C,Q,H,C,H,Anf_Azotobacter_vinelandii,Anf_Azotobacter,24
Vnf_Methylomusa_anaerophila,C,C,C,Q,H,C,H,Vnf_Methylomusa_anaerophila,Vnf_Methylomusa,24
Anf_Dysgonomonas_capnocytophagoides,C,C,C,Q,H,C,H,Anf_Dysgonomonas_capnocytophagoides,Anf_Dysgonomonas,24
Nif_Alkalibacter_saccharofermentans,C,C,C,Q,H,C,H,Nif_Alkalibacter_saccharofermentans,Nif_Alkalibacter,24
Nif_Pectinatus_cerevisiiphilus,C,C,C,Q,H,C,H,Nif_Pectinatus_cerevisiiphilus,Nif_Pectinatus,24
Nif_Clostridium_algidixylanolyticum,C,C,C,Q,H,C,H,Nif_Clostridium_algidixylanolyticum,Nif_Clostridium,24
Nif_Methanosphaerula_palustris,C,C,C,Q,H,C,H,Nif_Methanosphaerula_palustris,Nif_Methanosphaerula,24
Nif_Methanospirillum_lacunae,C,C,C,Q,H,C,H,Nif_Methanospirillum_lacunae,Nif_Methanospirillum,24
Nif_Thermoanaerobacterium_thermosaccharolyticum,C,C,C,Q,H,C,H,Nif_Thermoanaerobacterium_thermosaccharolyticum,Nif_Thermoanaerobacterium,24
Nif_Cytophaga_xylanolytica,C,C,C,Q,H,C,H,Nif_Cytophaga_xylanolytica,Nif_Cytophaga,24
Nif_Desulfobacca_acetoxidans,C,C,C,Q,H,C,H,Nif_Desulfobacca_acetoxidans,Nif_Desulfobacca,24
Nif_Desulfonatronum_lacustre,C,C,C,Q,H,C,H,Nif_Desulfonatronum_lacustre,Nif_Desulfonatronum,24
Nif_Candidatus_Dadabacteria_bacterium,C,C,C,Q,H,C,H,Nif_Candidatus_Dadabacteria_bacterium,Nif_Candidatus_Dadabacteria,24
Nif_Desulfobulbaceae_bacterium,C,C,C,Q,H,C,H,Nif_Desulfobulbaceae_bacterium,Nif_Desulfobulbaceae,24
Nif_Verrucomicrobia_bacterium_Tous-C9LFEB,C,C,C,Q,H,C,H,Nif_Verrucomicrobia_bacterium_Tous-C9LFEB,Nif_Verrucomicrobia_bacterium,24
Nif_Kiritimatiellales_bacterium,C,C,C,Q,H,C,H,Nif_Kiritimatiellales_bacterium,Nif_Kiritimatiellales,24
Nif_Methanotorris_igneus,C,C,C,Q,H,C,H,Nif_Methanotorris_igneus,Nif_Methanotorris,24
Vnf_Rhodopseudomonas_palustris,C,C,C,Q,H,C,H,Vnf_Rhodopseudomonas_palustris,Vnf_Rhodopseudomonas,24
Nif_Herbaspirillum_frisingense,C,C,C,Q,H,C,H,Nif_Herbaspirillum_frisingense,Nif_Herbaspirillum,24
Nif_Acidithiobacillus_ferridurans,C,C,C,Q,H,C,H,Nif_Acidithiobacillus_ferridurans,Nif_Acidithiobacillus,24
Nif_Azotobacter_vinelandii,C,C,C,Q,H,C,H,Nif_Azotobacter_vinelandii,Nif_Azotobacter,24
Nif_Haliea_sp_SAOS-164,C,C,C,Q,H,C,H,Nif_Haliea_sp_SAOS-164,Nif_Haliea_sp,24
Nif_Marinobacter_sp_ES-1,C,C,C,Q,H,C,H,Nif_Marinobacter_sp_ES-1,Nif_Marinobacter_sp,24
Nif_Thioploca_ingrica,C,C,C,Q,H,C,H,Nif_Thioploca_ingrica,Nif_Thioploca,24
Nif_Nitrospirae_bacterium,C,C,C,Q,H,C,H,Nif_Nitrospirae_bacterium,Nif_Nitrospirae,24
Nif_Seleniivibrio_woodruffii,C,C,C,Q,H,C,H,Nif_Seleniivibrio_woodruffii,Nif_Seleniivibrio,24
Nif_Aneurinibacillus_terranovensis,C,C,C,Q,H,C,H,Nif_Aneurinibacillus_terranovensis,Nif_Aneurinibacillus,24
Nif_Oscillochloris_trichoides,C,C,C,Q,H,C,H,Nif_Oscillochloris_trichoides,Nif_Oscillochloris,24
