,GenomeID,Gene,Hit,E-value,Bit Score,Bias,Domain Start,Domain End,Location,Orientation,Flag_Bias,contig,pos_num,operon,top_hit,GTDB,Seq,residue_match
205422,GB_GCA_002495625.1,anfG,DAGC01000002.1_84_A,3.2e-54,179.1,2.9,0,116,69595-69945,1,0,DAGC01000002.1,84,2,anfG,d__Archaea;p__Methanobacteriota;c__Methanobacteria;o__Methanobacteriales;f__Methanobacteriaceae;g__Methanobacterium_A;s__Methanobacterium_A sp002495625,,anfG
205423,GB_GCA_002508465.1,anfG,DAQQ01000136.1_38_A,4.9e-32,108.1,0.4,0,112,44296-44634,-1,0,DAQQ01000136.1,38,1,vnfG,d__Archaea;p__Halobacteriota;c__Methanosarcinia;o__Methanosarcinales;f__Methanosarcinaceae;g__Methanosarcina;s__Methanosarcina sp002508465,,anfG
205424,GB_GCA_002508465.1,anfG,DAQQ01000252.1_5_A,4.9e-64,211.3,1.1,0,116,5080-5430,-1,0,DAQQ01000252.1,5,1,anfG,d__Archaea;p__Halobacteriota;c__Methanosarcinia;o__Methanosarcinales;f__Methanosarcinaceae;g__Methanosarcina;s__Methanosarcina sp002508465,,anfG
205425,GB_GCA_003151535.1,anfG,PLXT01000077.1_58_A,1e-60,200.6,1.7,0,116,59070-59420,1,0,PLXT01000077.1,58,1,anfG,d__Archaea;p__Methanobacteriota;c__Methanobacteria;o__Methanobacteriales;f__Methanobacteriaceae;g__Methanobacterium_B;s__Methanobacterium_B sp003151535,,anfG
205426,GB_GCA_003158115.1,anfG,PMGM01000034.1_9_A,1.3e-61,203.0,2.9,0,116,5626-5976,1,0,PMGM01000034.1,9,1,anfG,d__Archaea;p__Methanobacteriota;c__Methanobacteria;o__Methanobacteriales;f__Methanobacteriaceae;g__Methanobacterium_B;s__Methanobacterium_B sp003158115,,anfG
205427,GB_GCA_003164415.1,anfG,PLTK01000024.1_10_A,3.4e-61,201.6,2.4,0,116,6287-6637,-1,0,PLTK01000024.1,10,1,anfG,d__Archaea;p__Methanobacteriota;c__Methanobacteria;o__Methanobacteriales;f__Methanobacteriaceae;g__Methanobacterium_B;s__Methanobacterium_B sp003164415,,anfG
205428,GB_GCA_003164755.1,anfG,PLUB01000010.1_87_A,1.9e-62,206.0,1.8,0,116,99842-100192,1,0,PLUB01000010.1,87,2,anfG,d__Archaea;p__Halobacteriota;c__Methanosarcinia;o__Methanosarcinales;f__Methanosarcinaceae;g__Methanosarcina;s__Methanosarcina sp003164755,,anfG
205429,GB_GCA_003978865.1,anfG,QNXS01000077.1_16_A,2.6e-29,97.8,0.3,0,113,12824-13165,-1,0,QNXS01000077.1,16,1,vnfG,d__Archaea;p__Halobacteriota;c__Archaeoglobi;o__Archaeoglobales;f__Archaeoglobaceae;g__WAPX01;s__WAPX01 sp003978865,,anfG
205430,GB_GCA_009712615.1,anfG,WASR01000091.1_3_A,9.599999999999998e-53,174.2,6.1,0,116,2945-3295,1,0,WASR01000091.1,3,1,anfG,d__Archaea;p__Methanobacteriota;c__Methanobacteria;o__Methanobacteriales;f__Methanobacteriaceae;g__Methanobacterium_B;s__Methanobacterium_B sp009712615,,anfG
205431,GB_GCA_015520485.1,anfG,WAPX01000068.1_27_A,4.8e-28,94.2,0.1,0,113,21452-21793,-1,0,WAPX01000068.1,27,1,vnfG,d__Archaea;p__Halobacteriota;c__Archaeoglobi;o__Archaeoglobales;f__Archaeoglobaceae;g__WAPX01;s__WAPX01 sp015520485,,anfG
205432,GB_GCA_015661405.1,anfG,JACWMK010000023.1_15_A,1e-60,200.3,3.2,0,116,14685-15035,-1,0,JACWMK010000023.1,15,1,anfG,d__Archaea;p__Methanobacteriota;c__Methanobacteria;o__Methanobacteriales;f__Methanobacteriaceae;g__Methanobacterium_A;s__Methanobacterium_A sp015661405,,anfG
205433,GB_GCA_023399215.1,anfG,JAEWQJ010000031.1_66_A,1.3e-31,106.7,0.1,0,112,89181-89519,-1,0,JAEWQJ010000031.1,66,1,vnfG,d__Archaea;p__Halobacteriota;c__Methanosarcinia;o__Methanosarcinales;f__Methanosarcinaceae;g__Methanosarcina;s__Methanosarcina sp023399215,,anfG
205434,GB_GCA_023430285.1,anfG,JAEZAV010000106.1_6_A,5.4e-54,178.2,7.6,1,117,7396-7749,1,0,JAEZAV010000106.1,6,1,anfG,d__Archaea;p__Methanobacteriota;c__Methanobacteria;o__Methanobacteriales;f__Methanobacteriaceae;g__Methanobacterium_B;s__Methanobacterium_B sp023430285,,anfG
205435,GB_GCA_024167805.1,anfG,CP099988.1_2316_A,1.0999999999999999e-53,177.7,7.1,0,116,2054477-2054827,1,0,CP099988.1,2316,9,anfG,d__Archaea;p__Methanobacteriota;c__Methanobacteria;o__Methanobacteriales;f__Methanobacteriaceae;g__Methanobacterium_B;s__Methanobacterium_B sp024167805,,anfG
205436,GB_GCA_027066965.1,anfG,JAMOMT010000139.1_7_A,7.000000000000001e-23,77.5,0.0,3,120,7487-7849,-1,0,JAMOMT010000139.1,7,1,vnfG,d__Archaea;p__Halobacteriota;c__Archaeoglobi;o__Archaeoglobales;f__Archaeoglobaceae;g__WAPX01;s__WAPX01 sp027066965,,anfG
205437,GB_GCA_028679775.1,anfG,JAJRAX010000194.1_7_A,6.7e-17,58.9,0.2,0,77,4277-4510,1,0,JAJRAX010000194.1,7,1,vnfG,d__Archaea;p__Halobacteriota;c__Methanosarcinia;o__Methanotrichales;f__Methanotrichaceae;g__Methanothrix;s__Methanothrix sp028679775,,anfG
205438,GB_GCA_028688175.1,anfG,JAQTYS010000031.1_11_A,1.2e-32,110.0,0.1,0,114,10828-11172,-1,0,JAQTYS010000031.1,11,1,vnfG,d__Archaea;p__Halobacteriota;c__Methanosarcinia;o__Methanotrichales;f__Methanotrichaceae;g__Methanothrix;s__Methanothrix sp028688175,,anfG
205439,GB_GCA_035402785.1,anfG,DAONDW010000081.1_4_A,4.3e-31,104.2,0.3,0,114,3596-3940,-1,0,DAONDW010000081.1,4,1,vnfG,d__Archaea;p__Halobacteriota;c__Methanosarcinia;o__Methanotrichales;f__Methanotrichaceae;g__Methanothrix;s__Methanothrix sp035402785,,anfG
205440,GB_GCA_035560835.1,anfG,DATMYS010000534.1_5_A,3.4e-63,208.3,1.0,0,116,3426-3776,1,0,DATMYS010000534.1,5,1,anfG,d__Archaea;p__Halobacteriota;c__Methanosarcinia;o__Methanosarcinales;f__Methanosarcinaceae;g__Methanosarcina;s__Methanosarcina sp035560835,,anfG
205441,GB_GCA_039666455.1,anfG,JAVSLW010000019.1_51_A,1.3e-59,196.3,2.7,0,116,38699-39049,1,0,JAVSLW010000019.1,51,1,anfG,d__Archaea;p__Methanobacteriota;c__Methanobacteria;o__Methanobacteriales;f__Methanobacteriaceae;g__Methanobacterium_D;s__Methanobacterium_D sp039666455,,anfG
205442,GB_GCA_963703015.1,anfG,OY969779.1_440_A,2e-53,176.6,6.9,0,116,469837-470187,-1,0,OY969779.1,440,5,anfG,d__Archaea;p__Methanobacteriota;c__Methanobacteria;o__Methanobacteriales;f__Methanobacteriaceae;g__Methanobacterium_B;s__Methanobacterium_B sp963703015,,anfG
205443,GB_GCA_963704525.1,anfG,OY969914.1_880_A,3.8e-56,185.3,7.3,0,116,901175-901525,-1,0,OY969914.1,880,4,anfG,d__Archaea;p__Methanobacteriota;c__Methanobacteria;o__Methanobacteriales;f__Methanobacteriaceae;g__Methanobacterium_B;s__Methanobacterium_B sp963704525,,anfG
205444,GB_GCA_963707035.1,anfG,CAVPON010000009.1_254_A,2.4e-61,202.2,4.9,0,116,231700-232050,-1,0,CAVPON010000009.1,254,1,anfG,d__Archaea;p__Methanobacteriota;c__Methanobacteria;o__Methanobacteriales;f__Methanobacteriaceae;g__Methanobacterium_A;s__Methanobacterium_A sp963707035,,anfG
205445,GB_GCA_963727895.1,anfG,CAVSHT010000007.1_61_A,4.799999999999998e-41,137.3,1.1,0,77,51337-51573,-1,0,CAVSHT010000007.1,61,1,anfG,d__Archaea;p__Halobacteriota;c__Methanosarcinia;o__Methanosarcinales;f__Methanosarcinaceae;g__Methanosarcina;s__Methanosarcina sp963727895,,anfG
205446,GB_GCA_963727895.1,anfG,CAVSHT010000011.1_28_A,1.4000000000000001e-33,113.2,0.7,0,112,30211-30549,-1,0,CAVSHT010000011.1,28,1,vnfG,d__Archaea;p__Halobacteriota;c__Methanosarcinia;o__Methanosarcinales;f__Methanosarcinaceae;g__Methanosarcina;s__Methanosarcina sp963727895,,anfG
205447,GB_GCA_963733675.1,anfG,CAVTET010000004.1_148_A,2.5e-62,205.7,2.3,0,116,162766-163116,-1,0,CAVTET010000004.1,148,1,anfG,d__Archaea;p__Halobacteriota;c__Methanosarcinia;o__Methanosarcinales;f__Methanosarcinaceae;g__Methanosarcina;s__Methanosarcina sp963733675,,anfG
205448,GB_GCA_963763235.1,anfG,CAVXNY010000013.1_170_A,6.6e-64,210.5,1.7,0,116,187533-187883,1,0,CAVXNY010000013.1,170,2,anfG,d__Archaea;p__Halobacteriota;c__Methanosarcinia;o__Methanosarcinales;f__Methanosarcinaceae;g__Methanosarcina;s__Methanosarcina sp963763235,,anfG
205449,GB_GCA_963775495.1,anfG,CAVZIM010000003.1_252_A,4e-61,201.5,3.0,0,116,253968-254318,1,0,CAVZIM010000003.1,252,4,anfG,d__Archaea;p__Methanobacteriota;c__Methanobacteria;o__Methanobacteriales;f__Methanobacteriaceae;g__Methanobacterium_B;s__Methanobacterium_B sp963775495,,anfG
205450,GB_GCA_963788665.1,anfG,CAWBHV010000050.1_17_A,4.6e-62,203.7,3.3,0,116,16161-16511,-1,0,CAWBHV010000050.1,17,1,anfG,d__Archaea;p__Methanobacteriota;c__Methanobacteria;o__Methanobacteriales;f__Methanobacteriaceae;g__Methanobacterium_B;s__Methanobacterium_B sp963788665,,anfG
205451,GB_GCA_963818955.1,anfG,CAWFUY010000034.1_65_A,2.3e-62,205.9,2.9,0,116,63170-63520,-1,0,CAWFUY010000034.1,65,1,anfG,d__Archaea;p__Halobacteriota;c__Methanosarcinia;o__Methanosarcinales;f__Methanosarcinaceae;g__Methanosarcina;s__Methanosarcina sp963818955,,anfG
205452,GB_GCA_963818955.1,anfG,CAWFUY010000034.1_74_A,2.3e-34,115.6,0.1,0,112,69940-70278,1,0,CAWFUY010000034.1,74,2,vnfG,d__Archaea;p__Halobacteriota;c__Methanosarcinia;o__Methanosarcinales;f__Methanosarcinaceae;g__Methanosarcina;s__Methanosarcina sp963818955,,anfG
205453,GB_GCA_963825335.1,anfG,CAWGSP010000001.1_1002_A,1.4e-61,203.0,3.2,0,116,1011421-1011771,1,0,CAWGSP010000001.1,1002,8,anfG,d__Archaea;p__Methanobacteriota;c__Methanobacteria;o__Methanobacteriales;f__Methanobacteriaceae;g__Methanobacterium_B;s__Methanobacterium_B sp963825335,,anfG
205454,GB_GCA_963845285.1,anfG,CAWJRO010000011.1_22_A,3.4e-61,201.6,2.1,0,116,18378-18728,1,0,CAWJRO010000011.1,22,1,anfG,d__Archaea;p__Methanobacteriota;c__Methanobacteria;o__Methanobacteriales;f__Methanobacteriaceae;g__Methanobacterium_C;s__Methanobacterium_C sp963845285,,anfG
205455,GB_GCA_963848985.1,anfG,CAWKGG010000020.1_41_A,4.3e-63,208.3,1.7,0,116,47437-47787,-1,0,CAWKGG010000020.1,41,1,anfG,d__Archaea;p__Halobacteriota;c__Methanosarcinia;o__Methanosarcinales;f__Methanosarcinaceae;g__Methanosarcina;s__Methanosarcina sp963848985,,anfG
205456,RS_GCF_000007345.1,anfG,NC_003552.1_1244_A,4e-64,212.0,1.1,0,116,1441807-1442157,-1,0,NC_003552.1,1244,5,anfG,d__Archaea;p__Halobacteriota;c__Methanosarcinia;o__Methanosarcinales;f__Methanosarcinaceae;g__Methanosarcina;s__Methanosarcina acetivorans,,anfG
205457,RS_GCF_000007345.1,anfG,NC_003552.1_1252_A,3.2e-32,109.1,0.1,0,112,1449399-1449737,1,0,NC_003552.1,1252,9,vnfG,d__Archaea;p__Halobacteriota;c__Methanosarcinia;o__Methanosarcinales;f__Methanosarcinaceae;g__Methanosarcina;s__Methanosarcina acetivorans,,anfG
205458,RS_GCF_000191585.1,anfG,NC_015216.1_1810_A,2.5e-53,176.3,7.2,0,116,1860515-1860865,-1,0,NC_015216.1,1810,4,anfG,d__Archaea;p__Methanobacteriota;c__Methanobacteria;o__Methanobacteriales;f__Methanobacteriaceae;g__Methanobacterium_B;s__Methanobacterium_B lacus,,anfG
205459,RS_GCF_000308215.1,anfG,NZ_CAJE01000013.1_247_A,2.4e-62,205.4,3.0,0,116,225624-225974,-1,0,NZ_CAJE01000013.1,247,1,anfG,d__Archaea;p__Thermoplasmatota;c__Thermoplasmata;o__Methanomassiliicoccales;f__Methanomassiliicoccaceae;g__Methanomassiliicoccus;s__Methanomassiliicoccus luminyensis,,anfG
205460,RS_GCF_000969905.1,anfG,NZ_CP009520.1_2331_A,5.9e-32,107.9,0.1,0,112,2849544-2849882,-1,0,NZ_CP009520.1,2331,4,vnfG,d__Archaea;p__Halobacteriota;c__Methanosarcinia;o__Methanosarcinales;f__Methanosarcinaceae;g__Methanosarcina;s__Methanosarcina vacuolata,,anfG
205461,RS_GCF_000969985.1,anfG,NZ_CP009526.1_2663_A,7.6e-34,114.1,1.2,0,112,3177852-3178190,1,0,NZ_CP009526.1,2663,6,vnfG,d__Archaea;p__Halobacteriota;c__Methanosarcinia;o__Methanosarcinales;f__Methanosarcinaceae;g__Methanosarcina;s__Methanosarcina barkeri_B,,anfG
205462,RS_GCF_000969985.1,anfG,NZ_CP009526.1_3433_A,3.4e-62,205.5,2.9,0,116,4151518-4151868,1,0,NZ_CP009526.1,3433,10,anfG,d__Archaea;p__Halobacteriota;c__Methanosarcinia;o__Methanosarcinales;f__Methanosarcinaceae;g__Methanosarcina;s__Methanosarcina barkeri_B,,anfG
205463,RS_GCF_000970025.1,anfG,NZ_CP009528.1_1462_A,1.5e-32,109.9,0.2,0,112,1786440-1786778,1,0,NZ_CP009528.1,1462,6,vnfG,d__Archaea;p__Halobacteriota;c__Methanosarcinia;o__Methanosarcinales;f__Methanosarcinaceae;g__Methanosarcina;s__Methanosarcina barkeri,,anfG
205464,RS_GCF_000970085.1,anfG,NZ_CP009506.1_3113_A,2.1e-64,212.7,1.0,0,116,3708948-3709298,-1,0,NZ_CP009506.1,3113,1,anfG,d__Archaea;p__Halobacteriota;c__Methanosarcinia;o__Methanosarcinales;f__Methanosarcinaceae;g__Methanosarcina;s__Methanosarcina siciliae,,anfG
205465,RS_GCF_000970085.1,anfG,NZ_CP009506.1_3121_A,2.8e-32,109.1,0.1,0,112,3715993-3716331,1,0,NZ_CP009506.1,3121,9,vnfG,d__Archaea;p__Halobacteriota;c__Methanosarcinia;o__Methanosarcinales;f__Methanosarcinaceae;g__Methanosarcina;s__Methanosarcina siciliae,,anfG
205466,RS_GCF_000970305.1,anfG,NZ_CP009517.1_2004_A,7.1e-63,207.6,1.7,0,116,2481096-2481446,-1,0,NZ_CP009517.1,2004,8,anfG,d__Archaea;p__Halobacteriota;c__Methanosarcinia;o__Methanosarcinales;f__Methanosarcinaceae;g__Methanosarcina;s__Methanosarcina barkeri_A,,anfG
205467,RS_GCF_000970305.1,anfG,NZ_CP009517.1_1123_A,5.7e-33,111.2,0.3,0,112,1366390-1366728,1,0,NZ_CP009517.1,1123,12,vnfG,d__Archaea;p__Halobacteriota;c__Methanosarcinia;o__Methanosarcinales;f__Methanosarcinaceae;g__Methanosarcina;s__Methanosarcina barkeri_A,,anfG
205468,RS_GCF_002287235.1,anfG,NZ_LMVP01000035.1_32_A,1.2e-32,110.4,0.3,0,112,38853-39191,1,0,NZ_LMVP01000035.1,32,1,vnfG,d__Archaea;p__Halobacteriota;c__Methanosarcinia;o__Methanosarcinales;f__Methanosarcinaceae;g__Methanosarcina;s__Methanosarcina spelaei,,anfG
205469,RS_GCF_002287235.1,anfG,NZ_LMVP01000090.1_22_A,4e-61,202.2,0.9,0,116,30406-30756,-1,0,NZ_LMVP01000090.1,22,1,anfG,d__Archaea;p__Halobacteriota;c__Methanosarcinia;o__Methanosarcinales;f__Methanosarcinaceae;g__Methanosarcina;s__Methanosarcina spelaei,,anfG
205470,RS_GCF_031461075.1,anfG,NZ_JAVKPK010000082.1_9_A,3.4e-64,211.6,2.2,0,116,8099-8449,1,0,NZ_JAVKPK010000082.1,9,1,anfG,d__Archaea;p__Halobacteriota;c__Methanosarcinia;o__Methanosarcinales;f__Methanosarcinaceae;g__Methanosarcina;s__Methanosarcina baikalica,,anfG
205471,RS_GCF_041447285.1,anfG,NZ_JBGMEB010000014.1_127_A,1.8e-62,205.8,4.3,0,116,138054-138404,-1,0,NZ_JBGMEB010000014.1,127,1,anfG,d__Archaea;p__Halobacteriota;c__Methanosarcinia;o__Methanosarcinales;f__Methanosarcinaceae;g__Methanomethylovorans;s__Methanomethylovorans sp041447285,,anfG
205472,RS_GCF_049688275.1,anfG,NZ_JBAVKK010000007.1_6_A,3e-61,201.7,3.4,0,116,5239-5589,-1,0,NZ_JBAVKK010000007.1,6,1,anfG,d__Archaea;p__Methanobacteriota;c__Methanobacteria;o__Methanobacteriales;f__Methanobacteriaceae;g__Methanobacterium_B;s__Methanobacterium_B sp049688275,,anfG
205473,RS_GCF_052057765.1,anfG,NZ_CP195120.1_2856_A,3.3e-32,108.9,0.3,0,112,3317209-3317547,-1,0,NZ_CP195120.1,2856,3,vnfG,d__Archaea;p__Halobacteriota;c__Methanosarcinia;o__Methanosarcinales;f__Methanosarcinaceae;g__Methanosarcina;s__Methanosarcina sp052057765,,anfG
205474,RS_GCF_052057765.1,anfG,NZ_CP195120.1_2864_A,5e-64,211.5,1.7,0,116,3324737-3325087,1,0,NZ_CP195120.1,2864,10,anfG,d__Archaea;p__Halobacteriota;c__Methanosarcinia;o__Methanosarcinales;f__Methanosarcinaceae;g__Methanosarcina;s__Methanosarcina sp052057765,,anfG
205475,RS_GCF_963665055.2,anfG,NZ_CAXXRN010000004.1_577_A,5.1e-57,188.4,1.2,5,121,627846-628211,-1,0,NZ_CAXXRN010000004.1,577,2,anfG,d__Archaea;p__Methanobacteriota;c__Methanobacteria;o__Methanobacteriales;f__Methanobacteriaceae;g__Methanobacterium;s__Methanobacterium sp963665055,,anfG
205476,RS_GCF_963678545.2,anfG,NZ_OY782867.2_1788_A,5.2e-64,211.0,3.2,0,116,1797074-1797424,1,0,NZ_OY782867.2,1788,7,anfG,d__Archaea;p__Halobacteriota;c__Methanosarcinia;o__Methanosarcinales;f__Methanosarcinaceae;g__Methanomethylovorans;s__Methanomethylovorans sp963678545,,anfG
205477,GB_GCA_000242935.3,anfG,CP007053.1_261_A,3.3e-64,212.6,1.6,0,116,329899-330249,1,0,CP007053.1,261,5,anfG,d__Bacteria;p__Verrucomicrobiota;c__Verrucomicrobiia;o__Opitutales;f__Opitutaceae;g__Geminisphaera;s__Geminisphaera sp000242935,,anfG
205478,GB_GCA_000307955.1,anfG,ALAO01000189.1_11_A,4.8e-62,205.0,0.8,0,116,21084-21434,-1,0,ALAO01000189.1,11,1,anfG,d__Bacteria;p__Desulfobacterota;c__Desulfovibrionia;o__Desulfovibrionales;f__Desulfovibrionaceae;g__Solidesulfovibrio;s__Solidesulfovibrio magneticus_A,,anfG
205479,GB_GCA_000332255.1,anfG,KB235926.1_3150_A,2.5e-34,115.8,1.3,16,143,3590826-3591257,-1,0,KB235926.1,3150,1,anfG,d__Bacteria;p__Cyanobacteriota;c__Cyanobacteriia;o__Cyanobacteriales;f__Nostocaceae;g__Chlorogloeopsis;s__Chlorogloeopsis sp000332255,,anfG
205480,GB_GCA_001443525.1,anfG,LKPX01000006.1_65_A,5.3e-65,214.4,3.3,0,116,67581-67931,-1,0,LKPX01000006.1,65,1,anfG,d__Bacteria;p__Desulfobacterota;c__Desulfobacteria;o__Desulfobacterales;f__Desulfatirhabdiaceae;g__RAAP-1;s__RAAP-1 sp001443525,,anfG
205481,GB_GCA_001577715.1,anfG,LQAA01000036.1_7_A,2.8e-54,178.6,3.2,0,116,7054-7404,-1,0,LQAA01000036.1,7,1,anfG,d__Bacteria;p__Desulfobacterota;c__Desulfarculia;o__Adiutricales;f__Adiutricaceae;g__Adiutrix;s__Adiutrix intracellularis,,anfG
205482,GB_GCA_001602925.1,anfG,LUZT01000006.1_399_A,4.1e-57,188.2,1.5,0,115,410606-410953,1,0,LUZT01000006.1,399,3,anfG,d__Bacteria;p__Bacteroidota;c__Chlorobiia;o__Chlorobiales;f__Chlorobiaceae;g__Chlorobaculum;s__Chlorobaculum sp001602925,,anfG
205483,GB_GCA_001602955.1,anfG,LVAC01000002.1_320_A,1.1e-58,193.6,0.5,1,117,333354-333707,1,0,LVAC01000002.1,320,1,anfG,d__Bacteria;p__Campylobacterota;c__Campylobacteria;o__Campylobacterales;f__Sulfurospirillaceae;g__Sulfurospirillum;s__Sulfurospirillum sp001602955,,anfG
205484,GB_GCA_001657575.1,anfG,LBCX01000005.1_30_A,1.2e-43,145.4,7.1,0,118,34732-35088,1,0,LBCX01000005.1,30,1,anfG,d__Bacteria;p__Bacteroidota;c__Bacteroidia;o__Bacteroidales;f__Tannerellaceae;g__Barb7;s__Barb7 sp001657575,,anfG
205485,GB_GCA_001871085.1,anfG,MNUQ01000086.1_9_A,2.9e-59,195.5,0.7,4,120,13415-13777,1,0,MNUQ01000086.1,9,1,anfG,d__Bacteria;p__Desulfobacterota;c__Desulfovibrionia;o__Desulfovibrionales;f__Desulfovibrionaceae;g__Humidesulfovibrio;s__Humidesulfovibrio sp001871085,,anfG
205486,GB_GCA_002163975.1,anfG,CP019636.1_4006_B,3e-07,29.0,0.1,127,183,4880251-4880802,-1,0,CP019636.1,4006,3,vnfG,d__Bacteria;p__Cyanobacteriota;c__Cyanobacteriia;o__Cyanobacteriales;f__Nostocaceae;g__HT-58-2;s__HT-58-2 sp002163975,,anfG
205487,GB_GCA_002294045.1,anfG,DBEP01000066.1_117_A,4.900000000000001e-65,215.0,1.4,0,116,129736-130086,-1,0,DBEP01000066.1,117,1,anfG,d__Bacteria;p__Bacillota;c__Clostridia;o__Lachnospirales;f__Lachnospiraceae;g__Anaerocolumna;s__Anaerocolumna sp002294045,,anfG
205488,GB_GCA_002298145.1,anfG,DBMP01000016.1_5_A,5.9e-29,98.1,0.3,0,112,4588-4926,1,0,DBMP01000016.1,5,1,vnfG,d__Bacteria;p__Verrucomicrobiota;c__Verrucomicrobiia;o__Chthoniobacterales;f__Chthoniobacteraceae;g__UBA695;s__UBA695 sp002298145,,anfG
205489,GB_GCA_002298145.1,anfG,DBMP01000017.1_48_A,1e-51,171.5,0.4,0,116,52135-52485,1,0,DBMP01000017.1,48,2,anfG,d__Bacteria;p__Verrucomicrobiota;c__Verrucomicrobiia;o__Chthoniobacterales;f__Chthoniobacteraceae;g__UBA695;s__UBA695 sp002298145,,anfG
205490,GB_GCA_002306005.1,anfG,DBRO01000033.1_8_B,8.499999999999999e-53,174.1,2.4,244,361,3839-4924,-1,0,DBRO01000033.1,8,1,anfG,d__Bacteria;p__Bacillota;c__Clostridia;o__Oscillospirales;f__Ruminococcaceae;g__UBA1366;s__UBA1366 sp002306005,,anfG
205491,GB_GCA_002306945.1,anfG,DBTH01000319.1_17_A,1.1e-63,210.0,1.9,0,114,17514-17858,1,0,DBTH01000319.1,17,2,anfG,d__Bacteria;p__Verrucomicrobiota;c__Verrucomicrobiia;o__Methylacidiphilales;f__UBA1321;g__UBA1321;s__UBA1321 sp002306945,,anfG
205492,GB_GCA_002306975.1,anfG,DBTI01000114.1_49_A,2.9e-57,189.4,2.2,0,116,51366-51716,-1,0,DBTI01000114.1,49,2,anfG,d__Bacteria;p__Bacillota;c__Clostridia;o__Oscillospirales;f__Ethanoligenentaceae;g__Ruminiclostridium_D;s__Ruminiclostridium_D sp002306975,,anfG
205493,GB_GCA_002306975.1,anfG,DBTI01000267.1_34_A,3e-32,108.7,1.1,0,112,33256-33594,1,0,DBTI01000267.1,34,2,vnfG,d__Bacteria;p__Bacillota;c__Clostridia;o__Oscillospirales;f__Ethanoligenentaceae;g__Ruminiclostridium_D;s__Ruminiclostridium_D sp002306975,,anfG
205494,GB_GCA_002307035.1,anfG,DBTL01000134.1_19_A,1.1e-41,139.0,4.7,0,118,20536-20892,-1,0,DBTL01000134.1,19,1,anfG,d__Bacteria;p__Bacteroidota;c__Bacteroidia;o__Bacteroidales;f__Bacteroidaceae;g__Bacteroides;s__Bacteroides sp002307035,,anfG
205495,GB_GCA_002307145.1,anfG,DBTR01000004.1_3_A,3e-60,199.1,0.2,0,116,2256-2606,1,0,DBTR01000004.1,3,1,anfG,d__Bacteria;p__Pseudomonadota;c__Alphaproteobacteria;o__Rhodospirillales;f__Rhodospirillaceae;g__Oleispirillum;s__Oleispirillum sp002307145,,anfG
205496,GB_GCA_002307175.1,anfG,DBTS01000093.1_14_A,1.1e-56,188.1,4.6,0,115,14772-15119,1,0,DBTS01000093.1,14,1,anfG,d__Bacteria;p__Pseudomonadota;c__Gammaproteobacteria;o__Burkholderiales;f__Rhodocyclaceae;g__Uliginosibacterium;s__Uliginosibacterium sp002307175,,anfG
205497,GB_GCA_002307185.1,anfG,DBTT01000042.1_8_A,1.1e-39,132.6,6.3,0,118,6570-6926,-1,0,DBTT01000042.1,8,1,anfG,d__Bacteria;p__Bacteroidota;c__Bacteroidia;o__Bacteroidales;f__Dysgonomonadaceae;g__UBA1309;s__UBA1309 sp002307185,,anfG
205498,GB_GCA_002307215.1,anfG,DBTU01000011.1_39_A,6.3999999999999995e-31,104.7,3.7,0,112,49598-49936,-1,0,DBTU01000011.1,39,1,vnfG,d__Bacteria;p__Bacillota;c__Clostridia;o__Lachnospirales;f__Lachnospiraceae;g__Mobilitalea;s__Mobilitalea sp002307215,,anfG
205499,GB_GCA_002307315.1,anfG,DBTZ01000067.1_14_A,4.9e-29,98.0,0.8,0,116,14464-14814,1,0,DBTZ01000067.1,14,2,vnfG,d__Bacteria;p__Pseudomonadota;c__Alphaproteobacteria;o__Micropepsales;f__Micropepsaceae;g__Rhizomicrobium;s__Rhizomicrobium sp002307315,,anfG
205500,GB_GCA_002307725.1,anfG,DBUB01000018.1_88_A,1.6000000000000002e-22,77.4,0.1,0,116,111766-112116,-1,0,DBUB01000018.1,88,1,vnfG,d__Bacteria;p__Pseudomonadota;c__Alphaproteobacteria;o__Micropepsales;f__Micropepsaceae;g__Rhizomicrobium;s__Rhizomicrobium sp002307725,,anfG
205501,GB_GCA_002367995.1,anfG,AP018207.1_6557_C,6.800000000000001e-27,92.5,0.3,482,598,8361166-8362962,-1,0,AP018207.1,6557,10,anfG,d__Bacteria;p__Cyanobacteriota;c__Cyanobacteriia;o__Cyanobacteriales;f__Nostocaceae;g__Aulosira;s__Aulosira brevissima,,anfG
205502,GB_GCA_002368155.1,anfG,AP018180.1_807_C,7.300000000000001e-27,92.5,0.3,482,598,1006875-1008671,1,0,AP018180.1,807,11,anfG,d__Bacteria;p__Cyanobacteriota;c__Cyanobacteriia;o__Cyanobacteriales;f__Nostocaceae;g__Aulosira;s__Aulosira carnea,,anfG
205503,GB_GCA_002368295.1,anfG,AP018248.1_3871_C,7.1e-27,92.5,0.3,482,598,4919857-4921653,1,0,AP018248.1,3871,10,anfG,d__Bacteria;p__Cyanobacteriota;c__Cyanobacteriia;o__Cyanobacteriales;f__Nostocaceae;g__Aulosira;s__Aulosira tenue,,anfG
205504,GB_GCA_002382085.1,anfG,DFZK01000005.1_71_A,8.800000000000001e-59,193.9,0.5,1,117,74367-74720,1,0,DFZK01000005.1,71,1,anfG,d__Bacteria;p__Campylobacterota;c__Campylobacteria;o__Campylobacterales;f__Sulfurospirillaceae;g__Sulfurospirillum;s__Sulfurospirillum sp002382085,,anfG
205505,GB_GCA_002403785.1,anfG,DHIM01000108.1_6_A,1.1e-31,107.2,0.2,0,112,3975-4313,1,0,DHIM01000108.1,6,1,vnfG,d__Bacteria;p__Bacillota;c__Clostridia;o__Clostridiales;f__Clostridiaceae;g__Clostridium_AD;s__Clostridium_AD sp002403785,,anfG
205506,GB_GCA_002413345.1,anfG,DHWU01000023.1_42_A,8.5e-51,168.1,1.8,13,130,34035-34427,-1,0,DHWU01000023.1,42,1,anfG,d__Bacteria;p__Actinomycetota;c__Actinomycetes;o__Propionibacteriales;f__Propionibacteriaceae;g__Propionicimonas;s__Propionicimonas sp002413345,,anfG
205507,GB_GCA_002422505.1,anfG,DIVX01000074.1_17_A,3e-57,189.2,2.0,0,116,21367-21717,1,0,DIVX01000074.1,17,1,anfG,d__Bacteria;p__Desulfobacterota;c__Desulfovibrionia;o__Desulfovibrionales;f__Desulfovibrionaceae;g__Humidesulfovibrio;s__Humidesulfovibrio sp002422505,,anfG
205508,GB_GCA_002435715.1,anfG,DISD01000051.1_28_A,9.599999999999999e-35,117.0,0.0,0,113,22588-22929,-1,0,DISD01000051.1,28,1,vnfG,d__Bacteria;p__Pseudomonadota;c__Alphaproteobacteria;o__Rhodospirillales;f__Magnetospirillaceae;g__Magnetospirillum;s__Magnetospirillum sp002435715,,anfG
205509,GB_GCA_002452335.1,anfG,DKFJ01000006.1_208_A,1.8e-53,176.7,0.2,11,132,236378-236776,-1,0,DKFJ01000006.1,208,1,anfG,d__Bacteria;p__Chrysiogenota;c__Deferribacteres;o__Deferribacterales;f__Geovibrionaceae;g__Seleniivibrio;s__Seleniivibrio sp002452335,,anfG
205510,GB_GCA_002452405.1,anfG,DKFP01000009.1_220_A,6.6e-52,171.8,0.5,16,132,245407-245805,1,0,DKFP01000009.1,220,2,anfG,d__Bacteria;p__Chrysiogenota;c__Deferribacteres;o__Deferribacterales;f__Geovibrionaceae;g__Seleniivibrio;s__Seleniivibrio sp002452405,,anfG
205511,GB_GCA_002886105.1,anfG,CP025776.1_4903_A,7.6e-40,134.9,0.5,0,79,2246811-2247050,1,0,CP025776.1,4903,1,anfG,d__Bacteria;p__Pseudomonadota;c__Gammaproteobacteria;o__Enterobacterales;f__Enterobacteriaceae;g__G002886105;s__G002886105 sp002886105,,anfG
205512,GB_GCA_003105285.1,anfG,PQAN01000100.1_11_A,7.2e-32,107.8,0.3,0,113,9885-10226,-1,0,PQAN01000100.1,11,1,vnfG,d__Bacteria;p__Pseudomonadota;c__Alphaproteobacteria;o__Rhizobiales;f__Beijerinckiaceae;g__Methylosinus;s__Methylosinus sp003105285,,anfG
205513,GB_GCA_003154095.1,anfG,PMCK01000589.1_65_A,3.4000000000000004e-27,93.7,0.0,0,113,62347-62688,-1,0,PMCK01000589.1,65,1,vnfG,d__Bacteria;p__Myxococcota_A;c__Polyangia;o__Polyangiales;f__Polyangiaceae;g__FEN-1139;s__FEN-1139 sp003154095,,anfG
205514,GB_GCA_003158255.1,anfG,PMIH01000030.1_61_A,6.7e-34,114.2,0.1,0,112,61425-61763,1,0,PMIH01000030.1,61,1,vnfG,d__Bacteria;p__Pseudomonadota;c__Gammaproteobacteria;o__Burkholderiales;f__Rhodocyclaceae;g__Fen-999;s__Fen-999 sp003158255,,anfG
205515,GB_GCA_003165295.1,anfG,PLTC01000098.1_8_A,3.7e-35,118.3,0.1,0,113,5687-6028,-1,0,PLTC01000098.1,8,1,vnfG,d__Bacteria;p__Pseudomonadota;c__Alphaproteobacteria;o__Azospirillales;f__Azospirillaceae;g__BOG-933;s__BOG-933 sp003165295,,anfG
205516,GB_GCA_003246335.1,anfG,QKAR01000043.1_10_A,7.5e-60,197.5,0.7,0,117,8547-8900,-1,0,QKAR01000043.1,10,1,anfG,d__Bacteria;p__Spirochaetota;c__Spirochaetia;o__Treponematales;f__Treponemataceae;g__Teretinema;s__Teretinema sp003246335,,anfG
205517,GB_GCA_003250275.1,anfG,QKGW01000496.1_4_A,1.4e-51,171.0,0.0,24,140,3037-3459,1,0,QKGW01000496.1,4,1,anfG,d__Bacteria;p__Pseudomonadota;c__Alphaproteobacteria;o__Rhodospirillales;f__Rhodospirillaceae;g__Oleispirillum;s__Oleispirillum sp003250275,,anfG
205518,GB_GCA_003251535.1,anfG,QKFD01000024.1_185_A,1.4000000000000001e-33,113.3,0.3,1,117,204230-204583,-1,0,QKFD01000024.1,185,1,vnfG,d__Bacteria;p__Pseudomonadota;c__Gammaproteobacteria;o__Thiohalomonadales;f__Thiohalomonadaceae;g__SZUA-493;s__SZUA-493 sp003251535,,anfG
205519,GB_GCA_003326195.1,anfG,LXQE01000005.1_14_D,1.7000000000000002e-27,94.6,0.5,672,788,16794-19160,-1,0,LXQE01000005.1,14,1,anfG,d__Bacteria;p__Cyanobacteriota;c__Cyanobacteriia;o__Cyanobacteriales;f__Nostocaceae;g__Nostoc;s__Nostoc punctiforme_A,,anfG
205520,GB_GCA_003501365.1,anfG,DNPP01000004.1_25_A,1.7e-59,197.1,0.7,0,116,29824-30174,-1,0,DNPP01000004.1,25,1,anfG,d__Bacteria;p__Bacillota;c__UBA4882;o__UBA8346;f__UBA8346;g__UBA8346;s__UBA8346 sp003501365,,anfG
205521,GB_GCA_003501365.1,anfG,DNPP01000004.1_38_A,6.800000000000001e-27,92.0,0.3,0,115,44005-44352,-1,0,DNPP01000004.1,38,1,vnfG,d__Bacteria;p__Bacillota;c__UBA4882;o__UBA8346;f__UBA8346;g__UBA8346;s__UBA8346 sp003501365,,anfG
205522,GB_GCA_003501375.1,anfG,DNPO01000431.1_5_A,1.9e-62,205.8,3.1,0,116,2571-2921,1,0,DNPO01000431.1,5,1,anfG,d__Bacteria;p__Sumerlaeota;c__Sumerlaeia;o__UBA8349;f__UBA8349;g__UBA8349;s__UBA8349 sp003501375,,anfG
205523,GB_GCA_003574895.1,anfG,PJFB01000002.1_331_A,4.5e-59,195.4,4.0,0,112,359251-359589,-1,0,PJFB01000002.1,331,1,anfG,d__Bacteria;p__Desulfobacterota;c__Desulfuromonadia;o__Geobacterales;f__Pseudopelobacteraceae;g__JACPFJ01;s__JACPFJ01 sp003574895,,anfG
205524,GB_GCA_003989065.1,anfG,RXIW01000090.1_3_A,2.4e-33,112.2,0.1,0,112,2158-2496,1,0,RXIW01000090.1,3,1,vnfG,d__Bacteria;p__Pseudomonadota;c__Gammaproteobacteria;o__Competibacterales;f__Competibacteraceae;g__RXIW01;s__RXIW01 sp003989065,,anfG
205525,GB_GCA_003990955.1,anfG,BIFV01000009.1_39_A,1.1e-65,216.7,2.2,0,116,43865-44215,1,0,BIFV01000009.1,39,1,anfG,d__Bacteria;p__Bacillota;c__Negativicutes;o__DSM-1736;f__Dendrosporobacteraceae;g__BIFV01;s__BIFV01 sp003990955,,anfG
205526,GB_GCA_012031845.1,anfG,JAAUTD010000318.1_3_A,8.5e-36,120.6,0.6,8,124,1428-1802,-1,0,JAAUTD010000318.1,3,1,vnfG,d__Bacteria;p__Pseudomonadota;c__Gammaproteobacteria;o__Competibacterales;f__Competibacteraceae;g__Contendibacter;s__Contendibacter sp012031845,,anfG
205527,GB_GCA_012972825.1,anfG,JABDHL010000026.1_125_A,7.7e-58,190.9,0.4,0,115,137130-137477,1,0,JABDHL010000026.1,125,2,anfG,d__Bacteria;p__Bacteroidota;c__Chlorobiia;o__Chlorobiales;f__Chlorobiaceae;g__Chlorobium;s__Chlorobium sp012972825,,anfG
205528,GB_GCA_013334225.1,anfG,JAAXXY010000035.1_17_A,1.6e-56,186.8,0.7,0,115,16110-16457,1,0,JAAXXY010000035.1,17,1,anfG,d__Bacteria;p__Bacteroidota;c__Chlorobiia;o__Chlorobiales;f__Chlorobiaceae;g__Chlorobium;s__Chlorobium sp013334225,,anfG
205529,GB_GCA_013334335.1,anfG,JAAXXR010000070.1_6_A,6.6e-56,184.3,1.2,0,115,3732-4079,1,0,JAAXXR010000070.1,6,1,anfG,d__Bacteria;p__Bacteroidota;c__Chlorobiia;o__Chlorobiales;f__Chlorobiaceae;g__Chlorobaculum;s__Chlorobaculum sp013334335,,anfG
205530,GB_GCA_013334435.1,anfG,JAAXXP010000007.1_45_A,3.3e-37,123.9,0.1,0,85,48698-48955,-1,0,JAAXXP010000007.1,45,1,anfG,d__Bacteria;p__Bacteroidota;c__Chlorobiia;o__Chlorobiales;f__Chlorobiaceae;g__Chlorobium;s__Chlorobium sp013334435,,anfG
205531,GB_GCA_013334925.1,anfG,JAAXWP010000011.1_20_A,9.1e-56,184.1,0.8,0,115,20251-20598,1,0,JAAXWP010000011.1,20,1,anfG,d__Bacteria;p__Bacteroidota;c__Chlorobiia;o__Chlorobiales;f__Chlorobiaceae;g__Chlorobaculum;s__Chlorobaculum sp013334925,,anfG
205532,GB_GCA_013336025.1,anfG,JAAXUM010000012.1_5_A,5.3e-59,194.5,1.7,0,115,3123-3470,-1,0,JAAXUM010000012.1,5,1,anfG,d__Bacteria;p__Bacteroidota;c__Chlorobiia;o__Chlorobiales;f__Chlorobiaceae;g__Chlorobium;s__Chlorobium sp013336025,,anfG
205533,GB_GCA_013426805.1,anfG,JACDZG010000014.1_54_A,1.2e-31,107.7,0.1,0,116,69478-69828,1,0,JACDZG010000014.1,54,1,vnfG,d__Bacteria;p__Pseudomonadota;c__Gammaproteobacteria;o__Chromatiales;f__Chromatiaceae;g__Thiodictyon;s__Thiodictyon sp013426805,,anfG
205534,GB_GCA_014697355.1,anfG,JACJRQ010000001.1_352_D,1.2e-29,101.4,0.9,594,710,450592-452724,-1,0,JACJRQ010000001.1,352,1,anfG,d__Bacteria;p__Cyanobacteriota;c__Cyanobacteriia;o__Cyanobacteriales;f__Nostocaceae;g__Nostoc;s__Nostoc calcicola,,anfG
205535,GB_GCA_015548865.1,anfG,JADMXW010000009.1_75_A,3.5e-59,196.1,1.1,0,114,75434-75778,-1,0,JADMXW010000009.1,75,1,anfG,d__Bacteria;p__Pseudomonadota;c__Gammaproteobacteria;o__Enterobacterales;f__Enterobacteriaceae;g__Symbiopectobacterium;s__Symbiopectobacterium marcescens_A,,anfG
205536,GB_GCA_015654525.1,anfG,JAATGT010000298.1_5_A,5.5e-39,130.5,5.6,0,118,3027-3383,1,0,JAATGT010000298.1,5,1,anfG,d__Bacteria;p__Bacteroidota;c__Bacteroidia;o__Bacteroidales;f__Paludibacteraceae;g__Paludibacter;s__Paludibacter sp015654525,,anfG
205537,GB_GCA_015654535.1,anfG,JAATGU010000114.1_29_A,2.3e-41,138.0,5.3,0,118,31042-31398,-1,0,JAATGU010000114.1,29,1,anfG,d__Bacteria;p__Bacteroidota;c__Bacteroidia;o__Bacteroidales;f__Bacteroidaceae;g__Bacteroides;s__Bacteroides sp015654535,,anfG
205538,GB_GCA_015654615.1,anfG,JAATGN010000040.1_16_A,9.1e-59,194.8,2.1,0,114,13493-13837,-1,0,JAATGN010000040.1,16,1,anfG,d__Bacteria;p__Pseudomonadota;c__Alphaproteobacteria;o__Rhodospirillales;f__Magnetospirillaceae;g__Telmatospirillum;s__Telmatospirillum sp015654615,,anfG
205539,GB_GCA_015654615.1,anfG,JAATGN010000058.1_2_A,3.6e-31,105.8,0.2,0,112,1629-1967,1,0,JAATGN010000058.1,2,1,vnfG,d__Bacteria;p__Pseudomonadota;c__Alphaproteobacteria;o__Rhodospirillales;f__Magnetospirillaceae;g__Telmatospirillum;s__Telmatospirillum sp015654615,,anfG
205540,GB_GCA_015654615.1,anfG,JAATGN010000138.1_5_A,2e-31,106.7,0.2,0,112,4254-4592,1,0,JAATGN010000138.1,5,2,vnfG,d__Bacteria;p__Pseudomonadota;c__Alphaproteobacteria;o__Rhodospirillales;f__Magnetospirillaceae;g__Telmatospirillum;s__Telmatospirillum sp015654615,,anfG
205541,GB_GCA_015654635.1,anfG,JAATGP010000008.1_8_A,2.2e-51,170.5,0.3,25,141,4339-4764,-1,0,JAATGP010000008.1,8,1,anfG,d__Bacteria;p__Pseudomonadota;c__Alphaproteobacteria;o__Micropepsales;f__Micropepsaceae;g__Rhizomicrobium;s__Rhizomicrobium sp015654635,,anfG
205542,GB_GCA_015654715.1,anfG,JAATGK010000504.1_2_A,2.5000000000000002e-22,76.6,0.0,0,116,1705-2055,1,0,JAATGK010000504.1,2,1,vnfG,d__Bacteria;p__Pseudomonadota;c__Alphaproteobacteria;o__Micropepsales;f__Micropepsaceae;g__Rhizomicrobium;s__Rhizomicrobium sp015654715,,anfG
205543,GB_GCA_015654745.1,anfG,JAATGH010000045.1_6_A,3.9e-57,189.5,0.1,0,116,5560-5910,-1,0,JAATGH010000045.1,6,1,anfG,d__Bacteria;p__Pseudomonadota;c__Gammaproteobacteria;o__Enterobacterales;f__Enterobacteriaceae;g__Acerihabitans;s__Acerihabitans sp015654745,,anfG
205544,GB_GCA_015654835.1,anfG,JAATGG010000122.1_22_A,1e-57,191.1,2.1,0,116,25877-26227,-1,0,JAATGG010000122.1,22,1,anfG,d__Bacteria;p__Acidobacteriota;c__Terriglobia;o__Terriglobales;f__Acidobacteriaceae;g__Telmatobacter;s__Telmatobacter sp015654835,,anfG
205545,GB_GCA_015654985.1,anfG,JAATFW010000214.1_3_A,2.3e-54,180.3,1.0,0,115,1855-2202,1,0,JAATFW010000214.1,3,1,anfG,d__Bacteria;p__Bacteroidota;c__Bacteroidia;o__Sphingobacteriales;f__Sphingobacteriaceae;g__Arcticibacter;s__Arcticibacter sp015654985,,anfG
205546,GB_GCA_015655075.1,anfG,JAATFT010000093.1_13_A,4.9e-56,185.6,1.8,6,122,11833-12201,1,0,JAATFT010000093.1,13,1,anfG,d__Bacteria;p__Bacillota;c__Clostridia;o__Lachnospirales;f__Lachnospiraceae;g__Anaerocolumna;s__Anaerocolumna sp015655075,,anfG
205547,GB_GCA_015655365.1,anfG,JAATFE010000358.1_12_A,5.0999999999999995e-53,175.2,1.3,0,112,13697-14035,-1,0,JAATFE010000358.1,12,1,anfG,d__Bacteria;p__Acidobacteriota;c__Terriglobia;o__Terriglobales;f__Acidobacteriaceae;g__Telmatobacter;s__Telmatobacter sp015655365,,anfG
205548,GB_GCA_015655565.1,anfG,JAATEU010000056.1_6_A,3.5e-62,205.2,2.4,0,116,4224-4574,-1,0,JAATEU010000056.1,6,1,anfG,d__Bacteria;p__Bacillota;c__Clostridia;o__Lachnospirales;f__Lachnospiraceae;g__Anaerocolumna;s__Anaerocolumna sp015655565,,anfG
205549,GB_GCA_015709205.1,anfG,JACCQO010000008.1_39_A,5.700000000000002e-57,188.5,0.3,0,116,44161-44511,-1,0,JACCQO010000008.1,39,1,anfG,d__Bacteria;p__Desulfobacterota;c__Desulfovibrionia;o__Desulfovibrionales;f__Desulfovibrionaceae;g__JACCQO01;s__JACCQO01 sp015709205,,anfG
205550,GB_GCA_016213825.1,anfG,JACQZP010000031.1_39_A,3.1e-61,202.2,4.5,0,116,45654-46004,-1,0,JACQZP010000031.1,39,1,anfG,d__Bacteria;p__Bacillota;c__Clostridia;o__Eubacteriales;f__Eubacteriaceae;g__Acetobacterium;s__Acetobacterium woodii_A,,anfG
205551,GB_GCA_016215605.1,anfG,JACRJB010000068.1_90_A,1.1e-52,175.2,0.4,25,141,96702-97127,1,0,JACRJB010000068.1,90,4,anfG,d__Bacteria;p__Pseudomonadota;c__Alphaproteobacteria;o__Rhizobiales;f__Xanthobacteraceae;g__Rhodopseudomonas;s__Rhodopseudomonas palustris_L,,anfG
205552,GB_GCA_016215605.1,anfG,JACRJB010000068.1_116_A,8.3e-32,107.9,0.0,0,113,126469-126810,1,0,JACRJB010000068.1,116,5,vnfG,d__Bacteria;p__Pseudomonadota;c__Alphaproteobacteria;o__Rhizobiales;f__Xanthobacteraceae;g__Rhodopseudomonas;s__Rhodopseudomonas palustris_L,,anfG
205553,GB_GCA_016793875.1,anfG,JAEULG010000021.1_13_A,1.7e-34,115.9,0.0,0,112,12555-12893,-1,0,JAEULG010000021.1,13,1,vnfG,d__Bacteria;p__Pseudomonadota;c__Alphaproteobacteria;o__Rhodospirillales;f__Defluviicoccaceae;g__Defluviicoccus;s__Defluviicoccus sp016793875,,anfG
205554,GB_GCA_016903675.1,anfG,JADQBA010000100.1_26_D,1.1e-29,101.8,0.7,580,696,23080-25170,1,0,JADQBA010000100.1,26,1,anfG,d__Bacteria;p__Cyanobacteriota;c__Cyanobacteriia;o__Cyanobacteriales;f__Nostocaceae;g__Stigonema;s__Stigonema ocellatum,,anfG
205555,GB_GCA_017860295.1,anfG,JAFNAS010000019.1_48_A,5.8e-40,133.4,4.2,0,118,54197-54553,-1,0,JAFNAS010000019.1,48,1,anfG,d__Bacteria;p__Bacteroidota;c__Bacteroidia;o__Bacteroidales;f__Paludibacteraceae;g__Microbacter;s__Microbacter sp017860295,,anfG
205556,GB_GCA_017889635.1,anfG,JAGGAC010000077.1_2_A,5.2e-65,214.7,1.1,0,116,959-1309,-1,0,JAGGAC010000077.1,2,1,anfG,d__Bacteria;p__Bacillota;c__Negativicutes;o__Sporomusales;f__CTSoil-080;g__CTSoil-080;s__CTSoil-080 sp017889635,,anfG
205557,GB_GCA_017889725.1,anfG,JAGGAE010000092.1_3_A,1.9e-63,208.5,4.8,0,112,1955-2293,-1,0,JAGGAE010000092.1,3,1,anfG,d__Bacteria;p__Bacillota;c__Negativicutes;o__Sporomusales;f__CTSoil-080;g__CTSoil-081;s__CTSoil-081 sp017889725,,anfG
205558,GB_GCA_017982655.1,anfG,JABXYX010000042.1_2_C,8.400000000000001e-33,111.6,0.1,483,599,1899-3698,-1,0,JABXYX010000042.1,2,1,anfG,d__Bacteria;p__Cyanobacteriota;c__Cyanobacteriia;o__Cyanobacteriales;f__Nostocaceae;g__Brasilonema;s__Brasilonema sp017982655,,anfG
205559,GB_GCA_018241685.1,anfG,JAFEDJ010000039.1_37_A,1.9999999999999997e-28,97.1,0.1,0,113,36168-36509,1,0,JAFEDJ010000039.1,37,1,vnfG,d__Bacteria;p__Pseudomonadota;c__Gammaproteobacteria;o__Burkholderiales;f__Rhodocyclaceae;g__Zoogloea;s__Zoogloea sp018241685,,anfG
205560,GB_GCA_018241725.1,anfG,JAFEDI010000127.1_36_A,9.7e-29,98.1,0.1,0,113,31719-32060,-1,0,JAFEDI010000127.1,36,1,vnfG,d__Bacteria;p__Pseudomonadota;c__Gammaproteobacteria;o__Burkholderiales;f__Rhodocyclaceae;g__Zoogloea;s__Zoogloea sp018241725,,anfG
205561,GB_GCA_018261905.1,anfG,JAGTRU010000040.1_20_A,3.5e-30,102.5,0.2,0,113,18028-18369,1,0,JAGTRU010000040.1,20,1,vnfG,d__Bacteria;p__Pseudomonadota;c__Gammaproteobacteria;o__Burkholderiales;f__Rhodocyclaceae;g__Azonexus;s__Azonexus sp018261905,,anfG
205562,GB_GCA_018262235.1,anfG,JAGTRY010000045.1_34_A,5.3e-49,162.9,0.1,0,117,40413-40766,1,0,JAGTRY010000045.1,34,1,anfG,d__Bacteria;p__Pseudomonadota;c__Gammaproteobacteria;o__Burkholderiales;f__Rhodocyclaceae;g__Uliginosibacterium;s__Uliginosibacterium sp018262235,,anfG
205563,GB_GCA_018262505.1,anfG,JAGSYV010000023.1_37_A,4.3e-53,176.5,0.3,25,141,38720-39145,-1,0,JAGSYV010000023.1,37,1,anfG,d__Bacteria;p__Pseudomonadota;c__Alphaproteobacteria;o__Rhizobiales;f__Pleomorphomonadaceae;g__Pleomorphomonas;s__Pleomorphomonas sp018262505,,anfG
205564,GB_GCA_018262505.1,anfG,JAGSYV010000169.1_6_A,1.5e-50,168.3,0.1,25,141,4824-5249,-1,0,JAGSYV010000169.1,6,1,anfG,d__Bacteria;p__Pseudomonadota;c__Alphaproteobacteria;o__Rhizobiales;f__Pleomorphomonadaceae;g__Pleomorphomonas;s__Pleomorphomonas sp018262505,,anfG
205565,GB_GCA_019359415.1,anfG,JAHHHH010000012.1_67_C,4.1e-32,109.2,0.2,483,599,57187-58986,-1,0,JAHHHH010000012.1,67,1,anfG,d__Bacteria;p__Cyanobacteriota;c__Cyanobacteriia;o__Cyanobacteriales;f__Nostocaceae;g__Brasilonema;s__Brasilonema sp019359415,,anfG
205566,GB_GCA_019359515.1,anfG,JAHHHC010000032.1_22_D,3.5e-29,99.7,0.7,584,700,21770-23872,-1,0,JAHHHC010000032.1,22,1,anfG,d__Bacteria;p__Cyanobacteriota;c__Cyanobacteriia;o__Cyanobacteriales;f__Nostocaceae;g__Desmonostoc;s__Desmonostoc vinosum,,anfG
205567,GB_GCA_019359695.1,anfG,JAHHGV010000017.1_1_A,7.2e-34,115.0,0.1,85,201,3-608,1,0,JAHHGV010000017.1,1,1,vnfG,d__Bacteria;p__Cyanobacteriota;c__Cyanobacteriia;o__Cyanobacteriales;f__Nostocaceae;g__Brasilonema;s__Brasilonema angustatum,,anfG
205568,GB_GCA_020692325.1,anfG,JAIMKR010000007.1_130_A,1.5999999999999999e-55,183.4,0.2,10,126,149100-149480,1,0,JAIMKR010000007.1,130,1,anfG,d__Bacteria;p__Desulfobacterota;c__Desulfovibrionia;o__Desulfovibrionales;f__Desulfovibrionaceae;g__Humidesulfovibrio;s__Humidesulfovibrio sp020692325,,anfG
205569,GB_GCA_021286985.1,anfG,JAJTBJ010000005.1_2_A,3.1e-51,169.6,1.0,10,126,1703-2083,-1,0,JAJTBJ010000005.1,2,1,anfG,d__Bacteria;p__Actinomycetota;c__Actinomycetes;o__Propionibacteriales;f__Propionibacteriaceae;g__Propionicimonas;s__Propionicimonas sp021286985,,anfG
205570,GB_GCA_021779235.1,anfG,JAJYBA010000030.1_5_A,5.8e-26,87.5,3.1,0,112,4879-5217,-1,0,JAJYBA010000030.1,5,1,vnfG,d__Bacteria;p__Bacillota;c__Clostridia;o__Clostridiales;f__Clostridiaceae;g__Clostridium_AD;s__Clostridium_AD sp021779235,,anfG
205571,GB_GCA_021781655.1,anfG,JAJXWJ010000037.1_15_A,1.2e-25,87.5,3.1,0,112,16571-16909,-1,0,JAJXWJ010000037.1,15,1,vnfG,d__Bacteria;p__Bacillota;c__Clostridia;o__Clostridiales;f__Clostridiaceae;g__JAJXWJ01;s__JAJXWJ01 sp021781655,,anfG
205572,GB_GCA_021781745.1,anfG,JAJXWH010000032.1_25_A,1.2e-23,81.7,0.3,0,113,22602-22943,-1,0,JAJXWH010000032.1,25,2,vnfG,d__Bacteria;p__Bacillota;c__Clostridia;o__Clostridiales;f__Clostridiaceae;g__Clostridium;s__Clostridium sp021781745,,anfG
205573,GB_GCA_021782815.1,anfG,JAJXUO010000019.1_8_A,8.3e-35,116.9,0.0,0,113,4716-5057,-1,0,JAJXUO010000019.1,8,1,vnfG,d__Bacteria;p__Pseudomonadota;c__Alphaproteobacteria;o__Rhodospirillales;f__Magnetospirillaceae;g__JAJZGK01;s__JAJZGK01 sp021782815,,anfG
205574,GB_GCA_021798485.1,anfG,JAJZGK010000067.1_9_A,7.9e-35,116.9,0.0,0,113,8350-8691,1,0,JAJZGK010000067.1,9,2,vnfG,d__Bacteria;p__Pseudomonadota;c__Alphaproteobacteria;o__Rhodospirillales;f__Magnetospirillaceae;g__JAJZGK01;s__JAJZGK01 sp021798485,,anfG
205575,GB_GCA_021827445.1,anfG,JAKAVW010000005.1_25_A,4.2e-29,98.7,0.1,0,116,22976-23326,1,0,JAKAVW010000005.1,25,2,vnfG,d__Bacteria;p__Pseudomonadota;c__Gammaproteobacteria;o__Acidithiobacillales;f__Acidithiobacillaceae;g__Acidithiobacillus;s__Acidithiobacillus sp021827445,,anfG
205576,GB_GCA_022378355.1,anfG,JAKMAJ010000002.1_91_A,3.3e-61,202.5,1.7,2,118,97513-97869,-1,0,JAKMAJ010000002.1,91,1,anfG,d__Bacteria;p__Pseudomonadota;c__Gammaproteobacteria;o__Enterobacterales;f__Enterobacteriaceae;g__Brenneria;s__Brenneria bubanii,,anfG
205577,GB_GCA_023249405.1,anfG,JAHFCR010000013.1_29_A,2.8e-60,199.1,2.7,0,112,29441-29779,1,0,JAHFCR010000013.1,29,1,anfG,d__Bacteria;p__Bacillota;c__DSM-12270;o__Thermacetogeniales;f__Thermacetogeniaceae;g__Palsa-1188;s__Palsa-1188 sp023249405,,anfG
205578,GB_GCA_023386035.1,anfG,JAEWKM010000045.1_10_A,5.4e-50,165.5,0.6,1,117,9316-9669,-1,0,JAEWKM010000045.1,10,1,anfG,d__Bacteria;p__Desulfobacterota;c__Desulfovibrionia;o__Desulfovibrionales;f__Desulfovibrionaceae;g__Desulfovibrio;s__Desulfovibrio sp023386035,,anfG
205579,GB_GCA_023386445.1,anfG,JAEWJR010000083.1_16_A,9.7e-57,188.0,1.7,0,117,20381-20734,-1,0,JAEWJR010000083.1,16,1,anfG,d__Bacteria;p__Bacillota;c__Clostridia;o__Acetivibrionales;f__DSM-1351;g__Ruminiclostridium;s__Ruminiclostridium sp023386445,,anfG
205580,GB_GCA_023388195.1,anfG,JAEWGR010000043.1_29_A,6.2e-65,214.5,1.2,0,116,28361-28711,1,0,JAEWGR010000043.1,29,1,anfG,d__Bacteria;p__Bacillota;c__Negativicutes;o__Sporomusales;f__Sporomusaceae;g__Sporomusa;s__Sporomusa sp023388195,,anfG
205581,GB_GCA_023390115.1,anfG,JAEWDM010000011.1_84_A,1.9e-29,99.8,0.3,0,113,80674-81015,1,0,JAEWDM010000011.1,84,1,vnfG,d__Bacteria;p__Bacillota;c__Clostridia;o__Acetivibrionales;f__DSM-27016;g__Anaerobacterium;s__Anaerobacterium sp023390115,,anfG
205582,GB_GCA_023390115.1,anfG,JAEWDM010000016.1_119_A,7.1e-65,214.1,3.0,0,116,144531-144881,1,0,JAEWDM010000016.1,119,1,anfG,d__Bacteria;p__Bacillota;c__Clostridia;o__Acetivibrionales;f__DSM-27016;g__Anaerobacterium;s__Anaerobacterium sp023390115,,anfG
205583,GB_GCA_023390395.1,anfG,JAEWCY010000132.1_48_A,2.3e-61,202.9,3.2,0,116,54199-54549,-1,0,JAEWCY010000132.1,48,1,anfG,d__Bacteria;p__Desulfobacterota;c__Desulfovibrionia;o__Desulfovibrionales;f__Desulfovibrionaceae;g__Solidesulfovibrio;s__Solidesulfovibrio sp023390395,,anfG
205584,GB_GCA_023390555.1,anfG,JAEWCQ010000016.1_12_A,3.9e-56,186.0,1.2,0,117,10671-11024,1,0,JAEWCQ010000016.1,12,1,anfG,d__Bacteria;p__Bacillota;c__Clostridia;o__Lachnospirales;f__Lachnospiraceae;g__Roseburia_C;s__Roseburia_C sp023390555,,anfG
205585,GB_GCA_023391695.1,anfG,JAEWAK010000045.1_41_A,6.9e-63,208.2,1.3,0,112,37538-37876,1,0,JAEWAK010000045.1,41,1,anfG,d__Bacteria;p__Bacillota;c__Clostridia;o__Lachnospirales;f__Lachnospiraceae;g__Anaerocolumna;s__Anaerocolumna sp023391695,,anfG
205586,GB_GCA_023392075.1,anfG,JAEVZU010000095.1_5_A,1.4999999999999999e-55,184.4,1.3,0,117,4345-4698,1,0,JAEVZU010000095.1,5,1,anfG,d__Bacteria;p__Bacillota;c__Clostridia;o__Acetivibrionales;f__DSM-1351;g__Ruminiclostridium;s__Ruminiclostridium sp023392075,,anfG
205587,GB_GCA_023392595.1,anfG,JAEVYU010000055.1_50_A,4.9e-62,205.5,1.3,3,119,57371-57730,1,0,JAEVYU010000055.1,50,1,anfG,d__Bacteria;p__Bacillota;c__UBA4882;o__UBA8346;f__UBA8346;g__UBA8346;s__UBA8346 sp023392595,,anfG
205588,GB_GCA_023392615.1,anfG,JAEVYT010000017.1_393_A,4.7e-59,195.3,1.6,0,117,441802-442155,1,0,JAEVYT010000017.1,393,2,anfG,d__Bacteria;p__Bacillota;c__Clostridia;o__Lachnospirales;f__Lachnospiraceae;g__Mobilitalea;s__Mobilitalea sp023392615,,anfG
205589,GB_GCA_023397905.1,anfG,JAEWSZ010000134.1_75_A,6.2e-56,185.8,1.5,0,117,81831-82184,-1,0,JAEWSZ010000134.1,75,1,anfG,d__Bacteria;p__Bacillota;c__Clostridia;o__Acetivibrionales;f__DSM-1351;g__Ruminiclostridium;s__Ruminiclostridium sp023397905,,anfG
205590,GB_GCA_023398615.1,anfG,JAEWSD010000210.1_8_A,4e-55,182.6,2.9,0,117,5927-6280,1,0,JAEWSD010000210.1,8,1,anfG,d__Bacteria;p__Bacillota;c__Clostridia;o__Lachnospirales;f__Lachnospiraceae;g__Anaerocolumna;s__Anaerocolumna sp023398615,,anfG
205591,GB_GCA_023398615.1,anfG,JAEWSD010000222.1_15_A,1.8e-32,109.6,1.1,0,112,15901-16239,-1,0,JAEWSD010000222.1,15,1,vnfG,d__Bacteria;p__Bacillota;c__Clostridia;o__Lachnospirales;f__Lachnospiraceae;g__Anaerocolumna;s__Anaerocolumna sp023398615,,anfG
205592,GB_GCA_023399355.1,anfG,JAEWQC010000274.1_8_A,5.5e-27,92.3,0.2,0,113,5588-5929,1,0,JAEWQC010000274.1,8,1,vnfG,d__Bacteria;p__Bacillota;c__Clostridia;o__Acetivibrionales;f__DTU013;g__UBA1305;s__UBA1305 sp023399355,,anfG
205593,GB_GCA_023399375.1,anfG,JAEWPX010000116.1_5_A,1.3000000000000002e-60,200.5,3.9,0,116,3318-3668,1,0,JAEWPX010000116.1,5,1,anfG,d__Bacteria;p__Desulfobacterota;c__Desulfovibrionia;o__Desulfovibrionales;f__Desulfovibrionaceae;g__Solidesulfovibrio;s__Solidesulfovibrio sp023399375,,anfG
205594,GB_GCA_023400055.1,anfG,JAEXFN010000018.1_380_A,1.4e-61,203.9,0.0,1,117,453315-453668,-1,0,JAEXFN010000018.1,380,1,anfG,d__Bacteria;p__Bacillota;c__UBA4882;o__UBA8346;f__UBA8346;g__Hydrogenispora;s__Hydrogenispora sp023400055,,anfG
205595,GB_GCA_023400235.1,anfG,JAEXFI010000041.1_66_A,5.8e-60,198.4,2.6,0,116,76888-77238,-1,0,JAEXFI010000041.1,66,1,anfG,d__Bacteria;p__Bacillota;c__Clostridia;o__Acetivibrionales;f__DSM-1351;g__Ruminiclostridium;s__Ruminiclostridium sp023400235,,anfG
205596,GB_GCA_023401925.1,anfG,JAEXDA010000039.1_109_A,4.1e-62,205.7,0.7,3,119,107265-107624,-1,0,JAEXDA010000039.1,109,1,anfG,d__Bacteria;p__Bacillota;c__UBA4882;o__UBA8346;f__UBA8346;g__UBA8346;s__UBA8346 sp023401925,,anfG
205597,GB_GCA_023402395.1,anfG,JAEYGI010000069.1_5_A,1.2e-62,207.1,0.2,0,116,3319-3669,-1,0,JAEYGI010000069.1,5,1,anfG,d__Bacteria;p__Bacillota;c__UBA4882;o__UBA8346;f__UBA8346;g__JAEYGI01;s__JAEYGI01 sp023402395,,anfG
205598,GB_GCA_023407575.1,anfG,JAEYLX010000019.1_71_A,2.6e-55,183.6,0.8,0,117,103289-103642,-1,0,JAEYLX010000019.1,71,1,anfG,d__Bacteria;p__Bacillota;c__Clostridia;o__Lachnospirales;f__Lachnospiraceae;g__Mobilitalea;s__Mobilitalea sp023407575,,anfG
205599,GB_GCA_023408075.1,anfG,JAEYKW010000009.1_30_A,9.2e-57,187.9,0.8,1,115,29097-29444,1,0,JAEYKW010000009.1,30,1,anfG,d__Bacteria;p__Bacillota;c__Clostridia;o__Christensenellales;f__SZUA-584;g__SZUA-584;s__SZUA-584 sp023408075,,anfG
205600,GB_GCA_023408315.1,anfG,JAEYKI010000006.1_105_A,1.9000000000000002e-58,193.3,1.9,0,112,120363-120701,-1,0,JAEYKI010000006.1,105,1,anfG,d__Bacteria;p__Bacillota;c__Clostridia;o__Christensenellales;f__Christensenellaceae;g__JAEYKI01;s__JAEYKI01 sp023408315,,anfG
205601,GB_GCA_023410275.1,anfG,JAEYPZ010000059.1_19_A,1.9e-55,184.2,0.4,0,117,18580-18933,1,0,JAEYPZ010000059.1,19,1,anfG,d__Bacteria;p__Bacillota;c__Clostridia;o__Lachnospirales;f__Lachnospiraceae;g__Anaerocolumna;s__Anaerocolumna sp023410275,,anfG
205602,GB_GCA_023410535.1,anfG,JAEYPR010000036.1_116_A,1.3e-65,216.3,1.1,0,116,123779-124129,-1,0,JAEYPR010000036.1,116,1,anfG,d__Bacteria;p__Bacillota;c__UBA4882;o__UBA8346;f__UBA8346;g__JAEYPR01;s__JAEYPR01 sp023410535,,anfG
205603,GB_GCA_023415815.1,anfG,JAEZJL010000386.1_11_A,3.4e-62,205.5,1.1,2,118,9538-9894,-1,0,JAEZJL010000386.1,11,1,anfG,d__Bacteria;p__Bacillota;c__Clostridia;o__Acetivibrionales;f__DTU013;g__JAEZJL01;s__JAEZJL01 sp023415815,,anfG
205604,GB_GCA_023415815.1,anfG,JAEZJL010000433.1_6_A,2.2e-26,90.0,0.2,0,113,5792-6133,-1,0,JAEZJL010000433.1,6,1,vnfG,d__Bacteria;p__Bacillota;c__Clostridia;o__Acetivibrionales;f__DTU013;g__JAEZJL01;s__JAEZJL01 sp023415815,,anfG
205605,GB_GCA_023417475.1,anfG,JAEZFP010000059.1_128_A,1.7000000000000001e-65,216.2,1.4,0,116,117345-117695,1,0,JAEZFP010000059.1,128,1,anfG,d__Bacteria;p__Bacillota;c__UBA4882;o__UBA8346;f__UBA8346;g__JAEYPR01;s__JAEYPR01 sp023417475,,anfG
205606,GB_GCA_023417745.1,anfG,JAEZEM010000176.1_4_A,5.2e-62,204.8,1.7,0,116,2590-2940,-1,0,JAEZEM010000176.1,4,1,anfG,d__Bacteria;p__Desulfobacterota;c__Desulfovibrionia;o__Desulfovibrionales;f__Desulfovibrionaceae;g__Solidesulfovibrio;s__Solidesulfovibrio sp023417745,,anfG
205607,GB_GCA_023419375.1,anfG,JAEZYD010000024.1_27_A,5.0999999999999995e-53,175.5,0.1,1,117,32643-32996,-1,0,JAEZYD010000024.1,27,1,anfG,d__Bacteria;p__Desulfobacterota;c__Desulfovibrionia;o__Desulfovibrionales;f__Desulfovibrionaceae;g__Desulfovibrio;s__Desulfovibrio sp023419375,,anfG
205608,GB_GCA_023423335.1,anfG,JAFAFU010000074.1_63_A,9.500000000000001e-59,194.3,0.9,0,116,65755-66105,-1,0,JAFAFU010000074.1,63,1,anfG,d__Bacteria;p__Bacillota;c__Clostridia;o__Lachnospirales;f__Lachnospiraceae;g__Mobilitalea;s__Mobilitalea sp023423335,,anfG
205609,GB_GCA_023424965.1,anfG,JAFADI010000182.1_57_A,5.6e-65,214.8,0.8,0,116,66291-66641,1,0,JAFADI010000182.1,57,1,anfG,d__Bacteria;p__Bacillota;c__Clostridia;o__Acetivibrionales;f__JAFADI01;g__JAFADI01;s__JAFADI01 sp023424965,,anfG
205610,GB_GCA_023424995.1,anfG,JAFADH010000279.1_13_A,2.9999999999999998e-55,183.4,1.3,0,117,11788-12141,1,0,JAFADH010000279.1,13,1,anfG,d__Bacteria;p__Bacillota;c__Clostridia;o__Lachnospirales;f__Lachnospiraceae;g__Mobilitalea;s__Mobilitalea sp023424995,,anfG
205611,GB_GCA_023425485.1,anfG,JAFACO010000583.1_2_A,5.2e-55,182.4,1.4,0,117,313-666,-1,0,JAFACO010000583.1,2,1,anfG,d__Bacteria;p__Bacillota;c__Clostridia;o__Lachnospirales;f__Lachnospiraceae;g__Mobilitalea;s__Mobilitalea sp023425485,,anfG
205612,GB_GCA_023426125.1,anfG,JAFABI010000007.1_21_A,3.8e-65,215.8,2.1,0,116,18321-18671,1,0,JAFABI010000007.1,21,1,anfG,d__Bacteria;p__Bacillota;c__Clostridia;o__Acetivibrionales;f__DTU013;g__MnB-11;s__MnB-11 sp023426125,,anfG
205613,GB_GCA_023426245.1,anfG,JAFABB010000050.1_29_A,5.8999999999999995e-62,205.3,0.7,3,119,35474-35833,1,0,JAFABB010000050.1,29,1,anfG,d__Bacteria;p__Bacillota;c__UBA4882;o__UBA8346;f__UBA8346;g__UBA8346;s__UBA8346 sp023426245,,anfG
205614,GB_GCA_023429995.1,anfG,JAEZCE010000028.1_14_A,1.4999999999999998e-62,207.3,0.7,3,119,10828-11187,-1,0,JAEZCE010000028.1,14,1,anfG,d__Bacteria;p__Bacillota;c__UBA4882;o__UBA8346;f__UBA8346;g__UBA8346;s__UBA8346 sp023429995,,anfG
205615,GB_GCA_023433405.1,anfG,JAEZCT010000019.1_8_A,1.2e-59,196.7,3.3,0,117,7951-8304,-1,0,JAEZCT010000019.1,8,1,anfG,d__Bacteria;p__Bacillota;c__Clostridia;o__Oscillospirales;f__Ruminococcaceae;g__Acetanaerobacterium;s__Acetanaerobacterium sp023433405,,anfG
205616,GB_GCA_023435825.1,anfG,JAEZMB010000328.1_2_A,8.2e-62,204.2,0.5,0,116,1583-1933,-1,0,JAEZMB010000328.1,2,1,anfG,d__Bacteria;p__Desulfobacterota;c__Desulfovibrionia;o__Desulfovibrionales;f__Desulfovibrionaceae;g__Solidesulfovibrio;s__Solidesulfovibrio sp023435825,,anfG
205617,GB_GCA_023435985.1,anfG,JAEZKY010000376.1_13_A,1.9e-60,200.4,3.9,0,116,11487-11837,-1,0,JAEZKY010000376.1,13,1,anfG,d__Bacteria;p__Bacillota;c__Clostridia;o__Clostridiales;f__Clostridiaceae;g__Clostridium;s__Clostridium sp023435985,,anfG
205618,GB_GCA_023439505.1,anfG,JAEXNR010000001.1_12_A,7.7e-55,182.1,3.4,0,117,12060-12413,-1,0,JAEXNR010000001.1,12,1,anfG,d__Bacteria;p__Bacillota;c__Clostridia;o__Lachnospirales;f__Lachnospiraceae;g__Mobilitalea;s__Mobilitalea sp023439505,,anfG
205619,GB_GCA_023441965.1,anfG,JAEZNB010000112.1_2_A,4.2e-66,217.8,1.0,1,117,970-1323,1,0,JAEZNB010000112.1,2,1,anfG,d__Bacteria;p__Bacillota;c__Clostridia;o__Lachnospirales;f__Lachnospiraceae;g__Mobilitalea;s__Mobilitalea sp023441965,,anfG
205620,GB_GCA_023446675.1,anfG,JAEXPO010000607.1_8_A,2.5e-61,202.5,1.4,0,116,5306-5656,-1,0,JAEXPO010000607.1,8,1,anfG,d__Bacteria;p__Bacillota;c__Clostridia;o__DSM-8532;f__DSM-8532;g__DTU059;s__DTU059 sp023446675,,anfG
205621,GB_GCA_023454275.1,anfG,JAEYGM010000006.1_18_A,3.4000000000000007e-65,215.0,0.5,7,123,17150-17521,-1,0,JAEYGM010000006.1,18,1,anfG,d__Bacteria;p__Bacillota;c__Clostridia;o__Acetivibrionales;f__DSM-2933;g__JAEYGM01;s__JAEYGM01 sp023454275,,anfG
205622,GB_GCA_023454275.1,anfG,JAEYGM010000020.1_137_A,5.7e-26,88.6,0.5,0,113,160494-160835,1,0,JAEYGM010000020.1,137,1,vnfG,d__Bacteria;p__Bacillota;c__Clostridia;o__Acetivibrionales;f__DSM-2933;g__JAEYGM01;s__JAEYGM01 sp023454275,,anfG
205623,GB_GCA_023458095.1,anfG,JAEXAS010000034.1_6_A,8.2e-50,164.9,1.4,11,127,4295-4678,-1,0,JAEXAS010000034.1,6,1,anfG,d__Bacteria;p__Actinomycetota;c__Actinomycetes;o__Propionibacteriales;f__Propionibacteriaceae;g__Propionicimonas;s__Propionicimonas sp023458095,,anfG
205624,GB_GCA_023460395.1,anfG,JAEWQB010000015.1_51_A,1.7e-61,202.7,5.6,0,116,68888-69238,-1,0,JAEWQB010000015.1,51,1,anfG,d__Bacteria;p__Desulfobacterota;c__Desulfovibrionia;o__Desulfovibrionales;f__Desulfovibrionaceae;g__Halodesulfovibrio;s__Halodesulfovibrio sp023460395,,anfG
205625,GB_GCA_024707145.1,anfG,JANQAI010000003.1_208_A,5.3000000000000004e-33,111.7,0.0,0,113,201767-202108,-1,0,JANQAI010000003.1,208,1,vnfG,d__Bacteria;p__Pseudomonadota;c__Alphaproteobacteria;o__Rhodospirillales;f__Magnetospirillaceae;g__Magnetospirillum;s__Magnetospirillum sp024707145,,anfG
205626,GB_GCA_026390855.1,anfG,JAPLFE010000079.1_33_A,2.3e-60,199.0,1.2,0,115,40474-40821,-1,0,JAPLFE010000079.1,33,1,anfG,d__Bacteria;p__Bacteroidota;c__Chlorobiia;o__Chlorobiales;f__Chlorobiaceae;g__Chlorobium;s__Chlorobium sp026390855,,anfG
205627,GB_GCA_028681335.1,anfG,JAQUIT010000001.1_58_A,1.9000000000000002e-58,193.3,2.4,0,112,64588-64926,-1,0,JAQUIT010000001.1,58,1,anfG,d__Bacteria;p__Desulfobacterota;c__Desulfuromonadia;o__Geobacterales;f__Pseudopelobacteraceae;g__JACRCG01;s__JACRCG01 sp028681335,,anfG
205628,GB_GCA_028683595.1,anfG,JAQUHM010000027.1_14_A,2e-60,199.8,2.1,0,112,11797-12135,-1,0,JAQUHM010000027.1,14,1,anfG,d__Bacteria;p__Desulfobacterota;c__Desulfuromonadia;o__Geobacterales;f__Geobacteraceae;g__RPRC01;s__RPRC01 sp028683595,,anfG
205629,GB_GCA_028688525.1,anfG,JAQTYA010000126.1_10_A,7.2e-29,97.9,0.0,1,117,6179-6532,-1,0,JAQTYA010000126.1,10,1,vnfG,d__Bacteria;p__Pseudomonadota;c__Gammaproteobacteria;o__Methylococcales;f__Methylococcaceae;g__Methylococcus;s__Methylococcus sp028688525,,anfG
205630,GB_GCA_029256065.1,anfG,JAQSYT010000047.1_16_A,9.400000000000001e-60,197.8,0.9,0,117,14854-15207,1,0,JAQSYT010000047.1,16,2,anfG,d__Bacteria;p__Bacillota;c__Bacilli;o__Paenibacillales;f__NBRC-103111;g__Paenibacillus_AR;s__Paenibacillus_AR sp029256065,,anfG
205631,GB_GCA_029256185.1,anfG,JAQSYI010000041.1_54_A,1e-63,211.1,1.3,0,116,53278-53628,1,0,JAQSYI010000041.1,54,1,anfG,d__Bacteria;p__Bacillota;c__Bacilli;o__Paenibacillales;f__NBRC-103111;g__Paenibacillus_AR;s__Paenibacillus_AR sp029256185,,anfG
205632,GB_GCA_029256725.1,anfG,JAQSXJ010000016.1_24_A,8.6e-56,185.1,1.9,0,117,23393-23746,1,0,JAQSXJ010000016.1,24,1,anfG,d__Bacteria;p__Bacillota;c__Clostridia;o__Lachnospirales;f__Lachnospiraceae;g__Anaerocolumna;s__Anaerocolumna sp029256725,,anfG
205633,GB_GCA_029266335.1,anfG,JAQSXC010000001.1_42_A,1.2e-56,187.9,2.3,0,117,54873-55226,1,0,JAQSXC010000001.1,42,1,anfG,d__Bacteria;p__Bacillota;c__Clostridia;o__Acetivibrionales;f__DSM-1351;g__Ruminiclostridium;s__Ruminiclostridium sp029266335,,anfG
205634,GB_GCA_029379215.1,anfG,JAQYWO010000377.1_1_A,1.6e-29,101.1,0.4,33,149,2-451,1,0,JAQYWO010000377.1,1,1,vnfG,d__Bacteria;p__Cyanobacteriota;c__Cyanobacteriia;o__Cyanobacteriales;f__Nostocaceae;g__Rhizonema;s__Rhizonema sp029379215,,anfG
205635,GB_GCA_029379265.1,anfG,JAQYWN010000512.1_4_A,1.4999999999999998e-29,101.0,0.4,31,147,5608-6051,-1,0,JAQYWN010000512.1,4,1,vnfG,d__Bacteria;p__Cyanobacteriota;c__Cyanobacteriia;o__Cyanobacteriales;f__Nostocaceae;g__Rhizonema;s__Rhizonema sp029379265,,anfG
205636,GB_GCA_029379285.1,anfG,JAQYWP010000242.1_1_C,5.7e-28,96.2,0.3,617,733,212-2413,1,0,JAQYWP010000242.1,1,1,anfG,d__Bacteria;p__Cyanobacteriota;c__Cyanobacteriia;o__Cyanobacteriales;f__Nostocaceae;g__Rhizonema;s__Rhizonema sp029379285,,anfG
205637,GB_GCA_029624735.1,anfG,JARSSM010000003.1_16_A,4.0000000000000006e-34,114.6,0.0,0,112,19064-19402,1,0,JARSSM010000003.1,16,2,vnfG,d__Bacteria;p__Pseudomonadota;c__Alphaproteobacteria;o__Rhodospirillales;f__Defluviicoccaceae;g__Defluviicoccus;s__Defluviicoccus sp029624735,,anfG
205638,GB_GCA_029974635.1,anfG,JARKQY010000031.1_31_A,4.4e-64,211.5,0.6,1,117,31794-32147,1,0,JARKQY010000031.1,31,1,anfG,d__Bacteria;p__Bacillota;c__UBA4882;o__UBA8346;f__UBA8346;g__JAEZJQ01;s__JAEZJQ01 sp029974635,,anfG
205639,GB_GCA_030156255.1,anfG,JASGMV010000030.1_22_A,1.4e-57,190.4,2.2,0,116,27404-27754,1,0,JASGMV010000030.1,22,2,anfG,d__Bacteria;p__Desulfobacterota;c__Desulfovibrionia;o__Desulfovibrionales;f__Desulfovibrionaceae;g__JASGMV01;s__JASGMV01 sp030156255,,anfG
205640,GB_GCA_030705885.1,anfG,JAUZPN010000018.1_5_A,4.1e-32,108.0,1.6,0,112,3121-3459,1,0,JAUZPN010000018.1,5,1,vnfG,d__Bacteria;p__Bacillota;c__Clostridia;o__Clostridiales;f__Clostridiaceae;g__JAUZPN01;s__JAUZPN01 sp030705885,,anfG
205641,GB_GCA_030837315.1,anfG,JAUPKS010000251.1_1_A,6e-29,97.9,1.8,6,58,2-175,-1,0,JAUPKS010000251.1,1,1,anfG,d__Bacteria;p__Planctomycetota;c__Brocadiia;o__Brocadiales;f__Brocadiaceae;g__Brocadia;s__Brocadia sp030837315,,anfG
205642,GB_GCA_030837445.1,anfG,JAUPKM010000030.1_5_A,4.9e-50,166.5,1.1,23,139,2550-2969,-1,0,JAUPKM010000030.1,5,1,anfG,d__Bacteria;p__Actinomycetota;c__Actinomycetes;o__S36-B12;f__UBA10799;g__JACJWR01;s__JACJWR01 sp030837445,,anfG
205643,GB_GCA_030837505.1,anfG,JAUPKJ010000284.1_4_A,1.9e-49,164.4,2.4,24,140,2865-3287,1,0,JAUPKJ010000284.1,4,1,anfG,d__Bacteria;p__Actinomycetota;c__Actinomycetes;o__Actinomycetales;f__Kineosporiaceae;g__JAUPKJ01;s__JAUPKJ01 sp030837505,,anfG
205644,GB_GCA_031258965.1,anfG,JAIRMC010000018.1_3_A,9.9e-33,109.9,0.0,0,113,1587-1928,1,0,JAIRMC010000018.1,3,1,vnfG,d__Bacteria;p__Pseudomonadota;c__Gammaproteobacteria;o__Burkholderiales;f__Rhodocyclaceae;g__WRNU01;s__WRNU01 sp031258965,,anfG
205645,GB_GCA_031259505.1,anfG,JAIRLL010000343.1_9_A,5.199999999999999e-43,142.9,6.6,0,118,6341-6697,-1,0,JAIRLL010000343.1,9,1,anfG,d__Bacteria;p__Bacteroidota;c__Bacteroidia;o__Bacteroidales;f__Tannerellaceae;g__Tannerella;s__Tannerella sp031259505,,anfG
205646,GB_GCA_031260045.1,anfG,JAIRKO010000051.1_106_A,4.5e-43,142.7,6.5,0,118,112835-113191,-1,0,JAIRKO010000051.1,106,1,anfG,d__Bacteria;p__Bacteroidota;c__Bacteroidia;o__Bacteroidales;f__Azobacteroidaceae;g__Azobacteroides;s__Azobacteroides sp031260045,,anfG
205647,GB_GCA_031260235.1,anfG,JAIRKG010000065.1_16_A,9.899999999999998e-43,141.2,6.0,0,118,12820-13176,1,0,JAIRKG010000065.1,16,1,anfG,d__Bacteria;p__Bacteroidota;c__Bacteroidia;o__Bacteroidales;f__Azobacteroidaceae;g__Azobacteroides;s__Azobacteroides sp031260235,,anfG
205648,GB_GCA_031267635.1,anfG,JAIRYX010000448.1_39_A,4.8e-56,185.7,0.5,0,116,38380-38730,1,0,JAIRYX010000448.1,39,1,anfG,d__Bacteria;p__Planctomycetota;c__Planctomycetia;o__Pirellulales;f__Thermoguttaceae;g__WRMR01;s__WRMR01 sp031267635,,anfG
205649,GB_GCA_031269465.1,anfG,JAISZB010000292.1_15_A,6e-24,82.9,0.6,0,112,10388-10726,1,0,JAISZB010000292.1,15,1,vnfG,d__Bacteria;p__Bacillota;c__Clostridia;o__Lachnospirales;f__WQUN01;g__JAISWZ01;s__JAISWZ01 sp031269465,,anfG
205650,GB_GCA_031270945.1,anfG,JAISWZ010000225.1_14_A,7.8e-54,179.2,2.9,0,115,13549-13896,1,0,JAISWZ010000225.1,14,1,anfG,d__Bacteria;p__Bacillota;c__Clostridia;o__Lachnospirales;f__WQUN01;g__JAISWZ01;s__JAISWZ01 sp031270945,,anfG
205651,GB_GCA_031275395.1,anfG,JAISOU010000021.1_17_A,3.4e-54,178.8,0.5,27,143,22588-23019,-1,0,JAISOU010000021.1,17,1,anfG,d__Bacteria;p__Campylobacterota;c__Campylobacteria;o__Campylobacterales;f__SZUA-545;g__JAIRNH01;s__JAIRNH01 sp031275395,,anfG
205652,GB_GCA_031276985.1,anfG,JAISMA010000080.1_8_A,4.8999999999999996e-55,181.6,0.2,27,143,7244-7675,-1,0,JAISMA010000080.1,8,1,anfG,d__Bacteria;p__Campylobacterota;c__Campylobacteria;o__Campylobacterales;f__SZUA-545;g__JAIRNH01;s__JAIRNH01 sp031276985,,anfG
205653,GB_GCA_031282925.1,anfG,JAITCT010000152.1_7_A,2.4e-43,143.8,7.4,0,118,4362-4718,-1,0,JAITCT010000152.1,7,1,anfG,d__Bacteria;p__Bacteroidota;c__Bacteroidia;o__Bacteroidales;f__Azobacteroidaceae;g__Azobacteroides;s__Azobacteroides sp031282925,,anfG
205654,GB_GCA_031283515.1,anfG,JAITBS010000254.1_6_A,6.2e-52,172.4,3.3,0,116,4047-4397,1,0,JAITBS010000254.1,6,1,anfG,d__Bacteria;p__Planctomycetota;c__Planctomycetia;o__Pirellulales;f__Thermoguttaceae;g__WRKP01;s__WRKP01 sp031283515,,anfG
205655,GB_GCA_031283755.1,anfG,JAITBE010000261.1_4_A,7.400000000000001e-22,74.8,0.3,0,51,2774-2929,1,0,JAITBE010000261.1,4,1,anfG,d__Bacteria;p__Spirochaetota;c__Spirochaetia;o__Treponematales;f__Breznakiellaceae;g__JAIRMO01;s__JAIRMO01 sp031283755,,anfG
205656,GB_GCA_031283755.1,anfG,JAITBE010000261.1_5_A,8.2e-29,97.2,0.0,0,66,2926-3126,1,0,JAITBE010000261.1,5,1,anfG,d__Bacteria;p__Spirochaetota;c__Spirochaetia;o__Treponematales;f__Breznakiellaceae;g__JAIRMO01;s__JAIRMO01 sp031283755,,anfG
205657,GB_GCA_031283915.1,anfG,JAITAY010000333.1_5_A,2.9e-42,140.6,5.3,0,118,3225-3581,-1,0,JAITAY010000333.1,5,1,anfG,d__Bacteria;p__Bacteroidota;c__Bacteroidia;o__Bacteroidales;f__Tannerellaceae;g__Tannerella;s__Tannerella sp031283915,,anfG
205658,GB_GCA_031287575.1,anfG,JAITSV010000032.1_75_A,2e-62,206.0,1.7,14,130,68101-68493,1,0,JAITSV010000032.1,75,2,anfG,d__Bacteria;p__Desulfobacterota;c__Desulfovibrionia;o__Desulfovibrionales;f__Desulfovibrionaceae;g__Cupidesulfovibrio;s__Cupidesulfovibrio sp031287575,,anfG
205659,GB_GCA_031288415.1,anfG,JAITRL010000323.1_7_A,4.4e-44,146.8,0.0,0,116,6712-7062,1,0,JAITRL010000323.1,7,1,anfG,d__Bacteria;p__Desulfobacterota;c__Desulfarculia;o__Adiutricales;f__Adiutricaceae;g__JAIRZX01;s__JAIRZX01 sp031288415,,anfG
205660,GB_GCA_031289735.1,anfG,JAITOV010000166.1_2_A,4.2e-27,91.4,1.1,0,112,1513-1851,-1,0,JAITOV010000166.1,2,1,vnfG,d__Bacteria;p__Bacillota;c__Desulfitobacteriia;o__Desulfitobacteriales;f__Desulfitobacteriaceae;g__JAITOS01;s__JAITOS01 sp031289735,,anfG
205661,GB_GCA_031289815.1,anfG,JAITOS010000079.1_6_A,1.6e-58,192.6,3.5,0,116,4181-4531,-1,0,JAITOS010000079.1,6,1,anfG,d__Bacteria;p__Bacillota;c__Desulfitobacteriia;o__Desulfitobacteriales;f__Desulfitobacteriaceae;g__JAITOS01;s__JAITOS01 sp031289815,,anfG
205662,GB_GCA_031290435.1,anfG,JAITNQ010000273.1_12_A,1.7e-42,141.5,6.2,0,118,12359-12715,-1,0,JAITNQ010000273.1,12,1,anfG,d__Bacteria;p__Bacteroidota;c__Bacteroidia;o__Bacteroidales;f__Azobacteroidaceae;g__Azobacteroides;s__Azobacteroides sp031290435,,anfG
205663,GB_GCA_031291185.1,anfG,JARLJM010000034.1_9_A,3.4e-30,101.7,0.0,1,117,6453-6806,-1,0,JARLJM010000034.1,9,1,vnfG,d__Bacteria;p__Pseudomonadota;c__Gammaproteobacteria;o__Burkholderiales;f__Thiobacillaceae;g__Parasulfuritortus;s__Parasulfuritortus sp031291185,,anfG
205664,GB_GCA_031291675.1,anfG,JARLIO010000079.1_13_A,2.2e-33,112.9,0.1,0,113,10741-11082,-1,0,JARLIO010000079.1,13,1,vnfG,d__Bacteria;p__Pseudomonadota;c__Alphaproteobacteria;o__Azospirillales;f__Azospirillaceae;g__JARLIO01;s__JARLIO01 sp031291675,,anfG
205665,GB_GCA_031292075.1,anfG,JARLHW010000172.1_26_A,1.4999999999999998e-62,206.9,1.4,6,122,27146-27514,-1,0,JARLHW010000172.1,26,1,anfG,d__Bacteria;p__Bacillota;c__Desulfitobacteriia;o__Desulfitobacteriales;f__Desulfitobacteriaceae;g__Desulfosporosinus;s__Desulfosporosinus sp031292075,,anfG
205666,GB_GCA_031292095.1,anfG,JARLHU010000002.1_9_A,1.9e-63,209.7,1.7,8,124,7370-7744,-1,0,JARLHU010000002.1,9,1,anfG,d__Bacteria;p__Bacillota;c__Desulfitobacteriia;o__Desulfitobacteriales;f__Desulfitobacteriaceae;g__Desulfosporosinus;s__Desulfosporosinus sp031292095,,anfG
205667,GB_GCA_031292275.1,anfG,JARLHL010000048.1_6_A,1.8e-63,209.4,1.8,0,114,3690-4034,-1,0,JARLHL010000048.1,6,1,anfG,d__Bacteria;p__Desulfobacterota;c__Desulfobulbia;o__Desulfobulbales;f__Desulfocapsaceae;g__CAIUQR01;s__CAIUQR01 sp031292275,,anfG
205668,GB_GCA_031292565.1,anfG,JARLGW010000005.1_215_A,7e-39,129.6,6.3,0,118,232053-232409,1,0,JARLGW010000005.1,215,4,anfG,d__Bacteria;p__Bacteroidota;c__Bacteroidia;o__Bacteroidales;f__Paludibacteraceae;g__JAFGVL01;s__JAFGVL01 sp031292565,,anfG
205669,GB_GCA_031296325.1,anfG,JARLFY010000068.1_13_A,2.2e-25,85.9,0.0,0,112,15295-15633,1,0,JARLFY010000068.1,13,1,vnfG,d__Bacteria;p__Acidobacteriota;c__Terriglobia;o__Terriglobales;f__Acidobacteriaceae;g__Edaphobacter;s__Edaphobacter sp031296325,,anfG
205670,GB_GCA_031732755.1,anfG,JAVMKI010000051.1_102_A,2.9e-34,115.1,0.1,0,112,106452-106790,1,0,JAVMKI010000051.1,102,2,vnfG,d__Bacteria;p__Pseudomonadota;c__Gammaproteobacteria;o__Competibacterales;f__Competibacteraceae;g__Contendibacter;s__Contendibacter sp031732755,,anfG
205671,GB_GCA_032079965.1,anfG,DAMATJ010000028.1_53_A,2.4e-65,215.9,2.3,0,116,60162-60512,-1,0,DAMATJ010000028.1,53,1,anfG,d__Bacteria;p__Bacillota;c__Negativicutes;o__DSM-13327;f__DSM-13327;g__Pelosinus;s__Pelosinus fermentans_B,,anfG
205672,GB_GCA_034926235.1,anfG,JAYFRE010000132.1_3_A,1.2e-57,190.3,0.3,26,142,2045-2473,1,0,JAYFRE010000132.1,3,1,anfG,d__Bacteria;p__Pseudomonadota;c__Alphaproteobacteria;o__Rhodospirillales;f__Magnetospirillaceae;g__JAYFRE01;s__JAYFRE01 sp034926235,,anfG
205673,GB_GCA_035297005.1,anfG,DATGZW010000175.1_7_A,1e-30,104.0,0.2,0,112,5644-5982,-1,0,DATGZW010000175.1,7,1,vnfG,d__Bacteria;p__Pseudomonadota;c__Alphaproteobacteria;o__Rhodospirillales;f__Magnetospirillaceae;g__DATGZW01;s__DATGZW01 sp035297005,,anfG
205674,GB_GCA_035470605.1,anfG,DATIQS010000060.1_9_A,1.2e-37,125.8,0.6,0,112,8369-8707,1,0,DATIQS010000060.1,9,2,vnfG,d__Bacteria;p__Fibrobacterota;c__Fibrobacteria;o__Fibrobacterales;f__Fibrobacteraceae;g__CAIRAY01;s__CAIRAY01 sp035470605,,anfG
205675,GB_GCA_035538795.1,anfG,DATLJS010000003.1_11_A,5.3000000000000004e-33,111.3,0.2,0,112,9896-10234,1,0,DATLJS010000003.1,11,2,vnfG,d__Bacteria;p__Pseudomonadota;c__Alphaproteobacteria;o__Rhodospirillales;f__Magnetospirillaceae;g__JAJZGK01;s__JAJZGK01 sp035538795,,anfG
205676,GB_GCA_035538795.1,anfG,DATLJS010000017.1_33_A,1.5e-52,174.4,0.7,30,146,37576-38016,1,0,DATLJS010000017.1,33,1,anfG,d__Bacteria;p__Pseudomonadota;c__Alphaproteobacteria;o__Rhodospirillales;f__Magnetospirillaceae;g__JAJZGK01;s__JAJZGK01 sp035538795,,anfG
205677,GB_GCA_035560775.1,anfG,DATMYU010000225.1_3_A,1e-60,200.6,1.2,4,120,2184-2546,-1,0,DATMYU010000225.1,3,1,anfG,d__Bacteria;p__Bacillota;c__Desulfitobacteriia;o__Desulfitobacteriales;f__Desulfitobacteriaceae;g__Desulfosporosinus;s__Desulfosporosinus sp035560775,,anfG
205678,GB_GCA_035560935.1,anfG,DATMYQ010000163.1_7_A,1.8e-60,199.8,0.2,0,116,5365-5715,-1,0,DATMYQ010000163.1,7,1,anfG,d__Bacteria;p__Bacillota;c__Negativicutes;o__Sporomusales;f__Sporomusaceae;g__DATMYQ01;s__DATMYQ01 sp035560935,,anfG
205679,GB_GCA_035561035.1,anfG,DATMYI010000113.1_5_A,2.1e-56,186.0,0.9,0,115,3321-3668,1,0,DATMYI010000113.1,5,1,anfG,d__Bacteria;p__Bacteroidota;c__Chlorobiia;o__Chlorobiales;f__Chlorobiaceae;g__Chlorobaculum;s__Chlorobaculum sp035561035,,anfG
205680,GB_GCA_035561215.1,anfG,DATMYB010000015.1_7_A,8.2e-57,188.0,3.6,0,116,4876-5226,1,0,DATMYB010000015.1,7,1,anfG,d__Bacteria;p__Bacillota;c__Syntrophomonadia;o__Syntrophomonadales;f__Syntrophomonadaceae;g__Syntrophomonas_B;s__Syntrophomonas_B sp035561215,,anfG
205681,GB_GCA_035561335.1,anfG,DATMXV010000234.1_5_A,1.3e-23,80.7,1.2,0,113,3551-3892,1,0,DATMXV010000234.1,5,1,vnfG,d__Bacteria;p__Bacillota;c__Desulfitobacteriia;o__Desulfitobacteriales;f__Desulfitobacteriaceae;g__UBA2264;s__UBA2264 sp035561335,,anfG
205682,GB_GCA_036171535.1,anfG,JAVHRG010000139.1_7_A,5.4e-60,197.8,1.5,9,125,7654-8031,-1,0,JAVHRG010000139.1,7,1,anfG,d__Bacteria;p__Campylobacterota;c__Campylobacteria;o__Campylobacterales;f__Sulfurospirillaceae;g__Sulfurospirillum;s__Sulfurospirillum sp036171535,,anfG
205683,GB_GCA_036722275.1,anfG,DAIMJJ010000245.1_2_A,5.5e-54,179.1,0.4,26,142,521-949,1,0,DAIMJJ010000245.1,2,1,anfG,d__Bacteria;p__Pseudomonadota;c__Alphaproteobacteria;o__Rhizobiales;f__Rhizobiaceae;g__Allorhizobium;s__Allorhizobium sp036722275,,anfG
205684,GB_GCA_036746815.1,anfG,DAIODL010000100.1_8_A,2.2e-57,189.2,3.6,1,117,5835-6188,1,0,DAIODL010000100.1,8,2,anfG,d__Bacteria;p__Desulfobacterota;c__Desulfobulbia;o__Desulfobulbales;f__Desulfobulbaceae;g__Desulfobulbus;s__Desulfobulbus sp036746815,,anfG
205685,GB_GCA_036771135.1,anfG,DAIPHW010000062.1_10_A,1.3e-17,61.2,0.0,0,112,9961-10299,1,0,DAIPHW010000062.1,10,1,vnfG,d__Bacteria;p__Fibrobacterota;c__Fibrobacteria;o__UBA5070;f__UBA5070;g__JBDKGV01;s__JBDKGV01 sp036771135,,anfG
205686,GB_GCA_036771135.1,anfG,DAIPHW010000103.1_6_A,2.0000000000000006e-45,150.9,1.9,0,118,5804-6160,1,0,DAIPHW010000103.1,6,1,anfG,d__Bacteria;p__Fibrobacterota;c__Fibrobacteria;o__UBA5070;f__UBA5070;g__JBDKGV01;s__JBDKGV01 sp036771135,,anfG
205687,GB_GCA_036787795.1,anfG,DAIQOQ010000139.1_8_A,4.7000000000000005e-38,127.0,5.3,0,118,5564-5920,1,0,DAIQOQ010000139.1,8,1,anfG,d__Bacteria;p__Bacteroidota;c__Bacteroidia;o__Bacteroidales;f__Paludibacteraceae;g__Paludibacter;s__Paludibacter sp036787795,,anfG
205688,GB_GCA_038247115.1,anfG,JBBRVG010000007.1_27_A,1.5e-60,200.0,0.9,0,112,28394-28732,-1,0,JBBRVG010000007.1,27,1,anfG,d__Bacteria;p__Pseudomonadota;c__Gammaproteobacteria;o__Enterobacterales;f__Aeromonadaceae;g__Pseudaeromonas;s__Pseudaeromonas sp038247115,,anfG
205689,GB_GCA_038248065.1,anfG,JBBRUD010000106.1_3_A,1.2e-59,197.2,4.1,0,116,1055-1405,1,0,JBBRUD010000106.1,3,1,anfG,d__Bacteria;p__Desulfobacterota;c__Desulfovibrionia;o__Desulfovibrionales;f__Desulfovibrionaceae;g__Fundidesulfovibrio;s__Fundidesulfovibrio sp038248065,,anfG
205690,GB_GCA_039594245.1,anfG,JBCNNT010000012.1_1387_A,3e-58,193.4,0.8,0,114,1245371-1245715,-1,0,JBCNNT010000012.1,1387,2,anfG,d__Bacteria;p__Pseudomonadota;c__Gammaproteobacteria;o__Enterobacterales;f__Enterobacteriaceae;g__Enterobacter;s__Enterobacter sp039594245,,anfG
205691,GB_GCA_039594335.1,anfG,JBCNNS010000023.1_31_A,2.2000000000000008e-59,196.6,1.6,0,114,25549-25893,-1,0,JBCNNS010000023.1,31,1,anfG,d__Bacteria;p__Pseudomonadota;c__Gammaproteobacteria;o__Enterobacterales;f__Enterobacteriaceae;g__Klebsiella;s__Klebsiella sp039594335,,anfG
205692,GB_GCA_039804805.1,anfG,JBDLVO010000366.1_2_A,1e-58,193.8,3.4,0,116,889-1239,1,0,JBDLVO010000366.1,2,1,anfG,d__Bacteria;p__Pseudomonadota;c__Alphaproteobacteria;o__Rhodospirillales;f__Magnetospirillaceae;g__Phaeospirillum;s__Phaeospirillum sp039804805,,anfG
205693,GB_GCA_040208185.1,anfG,CP157947.1_5787_A,2.2000000000000008e-59,197.0,0.6,0,116,5291858-5292208,-1,0,CP157947.1,5787,1,anfG,d__Bacteria;p__Pseudomonadota;c__Gammaproteobacteria;o__Enterobacterales;f__Enterobacteriaceae;g__Acerihabitans;s__Acerihabitans sp040208185,,anfG
205694,GB_GCA_041223105.1,anfG,JBCLPO010000001.1_6_A,1.9999999999999998e-54,181.0,1.8,0,117,4993-5346,1,0,JBCLPO010000001.1,6,1,anfG,d__Bacteria;p__Bacillota;c__Clostridia;o__Lachnospirales;f__Lachnospiraceae;g__Lacrimispora;s__Lacrimispora sp041223105,,anfG
205695,GB_GCA_041639455.1,anfG,JBEQCC010000103.1_6_A,2e-65,215.7,2.0,0,116,4903-5253,1,0,JBEQCC010000103.1,6,1,anfG,d__Bacteria;p__Bacillota;c__Negativicutes;o__DSM-13327;f__DSM-13327;g__Pelosinus;s__Pelosinus sp041639455,,anfG
205696,GB_GCA_041669965.1,anfG,JBAYAD010000057.1_5_A,1.5e-48,161.0,3.1,0,116,4640-4990,1,0,JBAYAD010000057.1,5,1,anfG,d__Bacteria;p__Bacillota;c__Negativicutes;o__Selenomonadales;f__Selenomonadaceae;g__UBA1792;s__UBA1792 sp041669965,,anfG
205697,GB_GCA_041672425.1,anfG,JBAYZR010000039.1_7_A,2.5e-61,202.5,4.3,0,112,6354-6692,-1,0,JBAYZR010000039.1,7,1,anfG,d__Bacteria;p__Desulfobacterota;c__Desulfuromonadia;o__Geobacterales;f__Pseudopelobacteraceae;g__JACPFJ01;s__JACPFJ01 sp041672425,,anfG
205698,GB_GCA_041821265.1,anfG,JBGUEQ010000028.1_34_A,4.1e-56,186.0,4.4,6,122,36253-36621,1,0,JBGUEQ010000028.1,34,1,anfG,d__Bacteria;p__Bacillota;c__Clostridia;o__Lachnospirales;f__Lachnospiraceae;g__Lachnotalea;s__Lachnotalea sp041821265,,anfG
205699,GB_GCA_041907765.1,anfG,JAYRGQ010000018.1_17_A,1.9e-37,125.3,0.2,0,112,17793-18131,1,0,JAYRGQ010000018.1,17,1,vnfG,d__Bacteria;p__Pseudomonadota;c__Gammaproteobacteria;o__Burkholderiales;f__Rhodocyclaceae;g__Azospira;s__Azospira sp041907765,,anfG
205700,GB_GCA_041907765.1,anfG,JAYRGQ010000026.1_17_A,9e-54,177.9,0.1,26,142,18245-18673,1,0,JAYRGQ010000026.1,17,1,anfG,d__Bacteria;p__Pseudomonadota;c__Gammaproteobacteria;o__Burkholderiales;f__Rhodocyclaceae;g__Azospira;s__Azospira sp041907765,,anfG
205701,GB_GCA_041911695.1,anfG,JAYROM010000209.1_2_A,7.499999999999999e-61,200.8,2.6,0,116,954-1304,1,0,JAYROM010000209.1,2,1,anfG,d__Bacteria;p__Pseudomonadota;c__Gammaproteobacteria;o__Enterobacterales;f__Aeromonadaceae;g__Pseudaeromonas;s__Pseudaeromonas sp041911695,,anfG
205702,GB_GCA_041915065.1,anfG,JAYSCC010000013.1_14_A,3.8e-35,118.3,0.0,0,113,11573-11914,-1,0,JAYSCC010000013.1,14,1,vnfG,d__Bacteria;p__Pseudomonadota;c__Alphaproteobacteria;o__Zavarziniales;f__Zavarziniaceae;g__Zavarzinia;s__Zavarzinia sp041915065,,anfG
205703,GB_GCA_041915545.1,anfG,JAYSBF010000064.1_16_A,4.6e-34,114.5,0.0,0,112,14912-15250,-1,0,JAYSBF010000064.1,16,1,vnfG,d__Bacteria;p__Pseudomonadota;c__Alphaproteobacteria;o__Rhodospirillales;f__Magnetospirillaceae;g__Magnetospirillum;s__Magnetospirillum sp041915545,,anfG
205704,GB_GCA_042691655.1,anfG,CP170506.1_2659_A,5.600000000000001e-30,101.9,0.2,0,112,3121385-3121723,-1,0,CP170506.1,2659,2,vnfG,d__Bacteria;p__Verrucomicrobiota;c__Verrucomicrobiia;o__Chthoniobacterales;f__Chthoniobacteraceae;g__UBA695;s__UBA695 sp042691655,,anfG
205705,GB_GCA_042691655.1,anfG,CP170506.1_261_A,4.1e-50,166.8,0.2,0,112,279158-279496,1,0,CP170506.1,261,3,anfG,d__Bacteria;p__Verrucomicrobiota;c__Verrucomicrobiia;o__Chthoniobacterales;f__Chthoniobacteraceae;g__UBA695;s__UBA695 sp042691655,,anfG
205706,GB_GCA_046533095.1,anfG,JAJQRA010000025.1_16_A,6.099999999999999e-25,85.3,0.8,0,112,12790-13128,-1,0,JAJQRA010000025.1,16,1,vnfG,d__Bacteria;p__Bacillota;c__Clostridia;o__Lachnospirales;f__Lachnospiraceae;g__ZAX-1;s__ZAX-1 sp046533095,,anfG
205707,GB_GCA_047600785.1,anfG,JASGKH010000002.1_2120_A,3.5e-37,124.9,7.1,1,119,2669926-2670285,1,0,JASGKH010000002.1,2120,2,anfG,d__Bacteria;p__Bacteroidota;c__Bacteroidia;o__Bacteroidales;f__Marinilabiliaceae;g__Breznakibacter;s__Breznakibacter sp047600785,,anfG
205708,GB_GCA_047600885.1,anfG,JASGKE010000002.1_1078_A,1.8e-52,174.0,0.1,1,117,1166348-1166701,1,0,JASGKE010000002.1,1078,1,anfG,d__Bacteria;p__Pseudomonadota;c__Gammaproteobacteria;o__Xanthomonadales;f__Xanthomonadaceae;g__Pseudoxanthomonas_A;s__Pseudoxanthomonas_A sp047600885,,anfG
205709,GB_GCA_047605645.1,anfG,JASGFJ010000031.1_25_A,7.9e-39,130.1,1.7,0,118,34641-34997,-1,0,JASGFJ010000031.1,25,1,anfG,d__Bacteria;p__Bacteroidota;c__Bacteroidia;o__Bacteroidales;f__Dysgonomonadaceae;g__UBA1309;s__UBA1309 sp047605645,,anfG
205710,GB_GCA_047605765.1,anfG,JASGFB010000143.1_8_A,1.1e-58,194.2,0.5,1,117,6837-7190,-1,0,JASGFB010000143.1,8,1,anfG,d__Bacteria;p__Pseudomonadota;c__Gammaproteobacteria;o__Burkholderiales;f__Rhodocyclaceae;g__JBGVSA01;s__JBGVSA01 sp047605765,,anfG
205711,GB_GCA_047606065.1,anfG,JASGEU010000176.1_6_A,3.4e-55,183.0,1.4,0,117,3829-4182,1,0,JASGEU010000176.1,6,1,anfG,d__Bacteria;p__Bacillota;c__Clostridia;o__Lachnospirales;f__Lachnospiraceae;g__Mobilitalea;s__Mobilitalea sp047606065,,anfG
205712,GB_GCA_047722935.1,anfG,JBDNZS010000006.1_3_A,1.4e-43,145.1,0.2,2,117,2684-3037,1,0,JBDNZS010000006.1,3,1,anfG,d__Bacteria;p__Bacillota;c__Clostridia;o__Oscillospirales;f__Ethanoligenentaceae;g__Ethanoligenens;s__Ethanoligenens sp047722935,,anfG
205713,GB_GCA_047974135.1,anfG,JBKECC010000031.1_3_A,2e-58,192.5,2.2,4,119,1140-1499,-1,0,JBKECC010000031.1,3,1,anfG,d__Bacteria;p__Campylobacterota;c__Campylobacteria;o__Campylobacterales;f__Campylobacteraceae;g__JAIRQK01;s__JAIRQK01 sp047974135,,anfG
205714,GB_GCA_047974325.1,anfG,JBKECE010000070.1_2_A,7.1e-54,178.4,3.0,0,115,1200-1547,1,0,JBKECE010000070.1,2,1,anfG,d__Bacteria;p__Bacteroidota;c__Bacteroidia;o__Bacteroidales;f__Dysgonomonadaceae;g__QVMP01;s__QVMP01 sp047974325,,anfG
205715,GB_GCA_047975025.1,anfG,JBKECY010000028.1_21_A,8.5e-56,184.3,4.9,6,122,18664-19032,1,0,JBKECY010000028.1,21,1,anfG,d__Bacteria;p__Bacillota;c__Clostridia;o__Lachnospirales;f__Lachnospiraceae;g__JBKECY01;s__JBKECY01 sp047975025,,anfG
205716,GB_GCA_049512415.1,anfG,JBEKXD010000083.1_1_A,3.9e-30,102.4,0.0,0,113,32-373,1,0,JBEKXD010000083.1,1,2,vnfG,d__Bacteria;p__Myxococcota_A;c__Polyangia;o__Polyangiales;f__Polyangiaceae;g__Palsa-1150;s__Palsa-1150 sp049512415,,anfG
205717,GB_GCA_049587335.1,anfG,JBAVDS010000055.1_7_A,7.399999999999998e-25,85.1,0.0,0,112,7107-7445,-1,0,JBAVDS010000055.1,7,1,vnfG,d__Bacteria;p__Acidobacteriota;c__Terriglobia;o__Terriglobales;f__Acidobacteriaceae;g__Telmatobacter;s__Telmatobacter sp049587335,,anfG
205718,GB_GCA_049692775.1,anfG,JBAVPE010000186.1_25_A,1e-61,204.4,1.6,0,112,19070-19408,-1,0,JBAVPE010000186.1,25,1,anfG,d__Bacteria;p__Bacillota;c__Clostridia;o__Lachnospirales;f__Lachnospiraceae;g__Anaerocolumna;s__Anaerocolumna sp049692775,,anfG
205719,GB_GCA_049840475.1,anfG,JASGKX010000001.1_1996_A,5.3e-50,166.3,0.2,25,141,2093321-2093746,-1,0,JASGKX010000001.1,1996,1,anfG,d__Bacteria;p__Pseudomonadota;c__Gammaproteobacteria;o__Burkholderiales;f__Rhodocyclaceae;g__JBGVSA01;s__JBGVSA01 sp049840475,,anfG
205720,GB_GCA_049841175.1,anfG,JASGHA010000005.1_11_A,1.2e-52,175.1,0.1,26,142,11346-11774,1,0,JASGHA010000005.1,11,1,anfG,d__Bacteria;p__Pseudomonadota;c__Gammaproteobacteria;o__Burkholderiales;f__Burkholderiaceae_C;g__Rubrivivax;s__Rubrivivax sp049841175,,anfG
205721,GB_GCA_050115405.1,anfG,JASFQO010000068.1_5_A,5.5e-21,72.1,0.1,0,112,4919-5257,1,0,JASFQO010000068.1,5,1,vnfG,d__Bacteria;p__Bacillota;c__UBA4882;o__UBA8346;f__UBA8346;g__DATCLA01;s__DATCLA01 sp050115405,,anfG
205722,GB_GCA_050251875.1,anfG,JBFWMA010000009.1_33_A,2e-53,176.6,0.2,0,114,37326-37670,-1,0,JBFWMA010000009.1,33,1,anfG,d__Bacteria;p__Chrysiogenota;c__Deferribacteres;o__Deferribacterales;f__Geovibrionaceae;g__Seleniivibrio;s__Seleniivibrio sp050251875,,anfG
205723,GB_GCA_050251945.1,anfG,JBFWLW010000004.1_212_A,3.2e-51,169.6,0.2,17,133,206434-206835,-1,0,JBFWLW010000004.1,212,1,anfG,d__Bacteria;p__Chrysiogenota;c__Deferribacteres;o__Deferribacterales;f__Geovibrionaceae;g__Seleniivibrio;s__Seleniivibrio sp050251945,,anfG
205724,GB_GCA_050252135.1,anfG,JBFWLN010000005.1_52_A,9.300000000000001e-67,220.2,4.3,0,116,75827-76177,1,0,JBFWLN010000005.1,52,1,anfG,d__Bacteria;p__Desulfobacterota;c__Desulfobulbia;o__Desulfobulbales;f__Desulfobulbaceae;g__Desulfobulbus;s__Desulfobulbus sp050252135,,anfG
205725,GB_GCA_050255935.1,anfG,JBFWIP010000053.1_1_A,1.4e-36,122.4,0.1,0,112,8-346,1,0,JBFWIP010000053.1,1,2,vnfG,d__Bacteria;p__Desulfobacterota;c__Desulfobulbia;o__Desulfobulbales;f__Desulfobulbaceae;g__Desulfobulbus;s__Desulfobulbus sp050255935,,anfG
205726,GB_GCA_050633005.1,anfG,JBODRP010000134.1_3_C,2.6999999999999997e-31,106.2,0.2,474,590,4024-5796,1,0,JBODRP010000134.1,3,1,anfG,d__Bacteria;p__Cyanobacteriota;c__Cyanobacteriia;o__Cyanobacteriales;f__Nostocaceae;g__Trichormus;s__Trichormus sp050633005,,anfG
205727,GB_GCA_052139735.1,anfG,JBKQWB010000064.1_75_A,1.1e-65,216.5,1.7,0,116,80414-80764,-1,0,JBKQWB010000064.1,75,1,anfG,d__Bacteria;p__Desulfobacterota;c__Syntrophia;o__Syntrophales;f__Smithellaceae;g__Smithella;s__Smithella sp052139735,,anfG
205728,GB_GCA_052146555.1,anfG,JBKQMU010000042.1_10_A,3.1e-55,183.6,0.1,26,142,8187-8615,-1,0,JBKQMU010000042.1,10,1,anfG,d__Bacteria;p__Planctomycetota;c__Planctomycetia;o__Isosphaerales;f__Isosphaeraceae;g__Aquisphaera;s__Aquisphaera sp052146555,,anfG
205729,GB_GCA_052146775.1,anfG,JBKQMI010000195.1_2_A,9.999999999999999e-29,97.2,0.0,0,113,328-669,-1,0,JBKQMI010000195.1,2,1,vnfG,d__Bacteria;p__Pseudomonadota;c__Alphaproteobacteria;o__Rhizobiales;f__Beijerinckiaceae;g__Methylocapsa;s__Methylocapsa sp052146775,,anfG
205730,GB_GCA_052445935.1,anfG,JBQTCH010000003.1_468_A,2.2999999999999997e-53,177.2,0.2,25,141,531213-531638,1,0,JBQTCH010000003.1,468,1,anfG,d__Bacteria;p__Pseudomonadota;c__Alphaproteobacteria;o__Rhizobiales;f__Xanthobacteraceae;g__Rhodopseudomonas;s__Rhodopseudomonas sp052445935,,anfG
205731,GB_GCA_900290375.1,anfG,OMOF01000020.1_10_A,3.3e-63,209.3,1.5,8,124,7725-8099,-1,0,OMOF01000020.1,10,1,anfG,d__Bacteria;p__Bacillota;c__Desulfitobacteriia;o__Desulfitobacteriales;f__Desulfitobacteriaceae;g__Desulfosporosinus;s__Desulfosporosinus infrequens,,anfG
205732,GB_GCA_903843305.1,anfG,CAIMPI010000031.1_91_A,4.2e-59,194.9,1.8,0,115,92574-92921,1,0,CAIMPI010000031.1,91,2,anfG,d__Bacteria;p__Bacteroidota;c__Chlorobiia;o__Chlorobiales;f__Chlorobiaceae;g__Chlorobium;s__Chlorobium sp903843305,,anfG
205733,GB_GCA_903851385.1,anfG,CAINOC010000018.1_16_A,9.800000000000001e-59,193.9,1.5,0,115,14774-15121,1,0,CAINOC010000018.1,16,1,anfG,d__Bacteria;p__Bacteroidota;c__Chlorobiia;o__Chlorobiales;f__Chlorobiaceae;g__Chlorobium;s__Chlorobium sp903851385,,anfG
205734,GB_GCA_903851415.1,anfG,CAINOE010000124.1_80_A,3.3e-30,103.1,0.0,1,117,89774-90127,-1,0,CAINOE010000124.1,80,1,vnfG,d__Bacteria;p__Pseudomonadota;c__Alphaproteobacteria;o__Acetobacterales;f__Acetobacteraceae;g__Rhodopila;s__Rhodopila sp903851415,,anfG
205735,GB_GCA_903899885.1,anfG,CAIULK010000262.1_15_A,4.3e-37,124.3,0.1,0,113,10710-11051,-1,0,CAIULK010000262.1,15,1,vnfG,d__Bacteria;p__Pseudomonadota;c__Alphaproteobacteria;o__Rhodospirillales;f__Magnetospirillaceae;g__CAIULK01;s__CAIULK01 sp903899885,,anfG
205736,GB_GCA_903903925.1,anfG,CAIVAU010000083.1_1_B,1.4e-30,104.3,0.8,167,283,2-853,1,0,CAIVAU010000083.1,1,1,anfG,d__Bacteria;p__Cyanobacteriota;c__Cyanobacteriia;o__Cyanobacteriales;f__Nostocaceae;g__Stigonema;s__Stigonema sp903903925,,anfG
205737,GB_GCA_903915725.1,anfG,CAIWTY010000033.1_58_A,1.0000000000000001e-29,101.4,0.0,1,117,59770-60123,-1,0,CAIWTY010000033.1,58,1,vnfG,d__Bacteria;p__Pseudomonadota;c__Alphaproteobacteria;o__Acetobacterales;f__Acetobacteraceae;g__Rhodopila;s__Rhodopila sp903915725,,anfG
205738,GB_GCA_903918195.1,anfG,CAIXDS010000051.1_12_A,3.1e-34,115.9,0.0,0,112,11075-11413,-1,0,CAIXDS010000051.1,12,1,vnfG,d__Bacteria;p__Pseudomonadota;c__Alphaproteobacteria;o__Acetobacterales;f__Acetobacteraceae;g__Rhodovastum;s__Rhodovastum sp903918195,,anfG
205739,GB_GCA_903920145.1,anfG,CAIXKV010000218.1_19_A,2.6e-35,118.8,0.2,0,113,18332-18673,-1,0,CAIXKV010000218.1,19,1,vnfG,d__Bacteria;p__Pseudomonadota;c__Alphaproteobacteria;o__Azospirillales;f__Azospirillaceae;g__BOG-933;s__BOG-933 sp903920145,,anfG
205740,GB_GCA_903920215.1,anfG,CAIXLG010000001.1_10_A,1.1e-58,193.8,1.1,0,115,7222-7569,1,0,CAIXLG010000001.1,10,2,anfG,d__Bacteria;p__Bacteroidota;c__Chlorobiia;o__Chlorobiales;f__Chlorobiaceae;g__Chlorobium;s__Chlorobium sp903920215,,anfG
205741,GB_GCA_903927615.1,anfG,CAIYNU010000054.1_18_A,1.2e-33,113.5,0.1,0,113,22082-22423,1,0,CAIYNU010000054.1,18,2,vnfG,d__Bacteria;p__Pseudomonadota;c__Alphaproteobacteria;o__Azospirillales;f__Azospirillaceae;g__BOG-933;s__BOG-933 sp903927615,,anfG
205742,GB_GCA_903931645.1,anfG,CAIZDF010000566.1_3_A,4.3e-31,105.0,0.1,0,112,2397-2735,1,0,CAIZDF010000566.1,3,1,vnfG,d__Bacteria;p__Pseudomonadota;c__Gammaproteobacteria;o__Enterobacterales;f__Aeromonadaceae;g__Tolumonas;s__Tolumonas sp903931645,,anfG
205743,GB_GCA_903932535.1,anfG,CAIZGR010000455.1_4_A,1.2e-33,114.4,0.2,0,113,3002-3343,1,0,CAIZGR010000455.1,4,2,vnfG,d__Bacteria;p__Pseudomonadota;c__Alphaproteobacteria;o__Rhizobiales;f__Beijerinckiaceae;g__Roseiarcus;s__Roseiarcus sp903932535,,anfG
205744,GB_GCA_903944925.1,anfG,CAJATU010000064.1_10_A,4.7e-29,99.4,0.0,1,117,6640-6993,-1,0,CAJATU010000064.1,10,1,vnfG,d__Bacteria;p__Pseudomonadota;c__Alphaproteobacteria;o__Acetobacterales;f__Acetobacteraceae;g__Rhodopila;s__Rhodopila sp903944925,,anfG
205745,GB_GCA_937868725.1,anfG,CALMMQ010000017.1_6_A,9.5e-54,178.2,0.1,25,141,4666-5091,-1,0,CALMMQ010000017.1,6,1,anfG,d__Bacteria;p__Pseudomonadota;c__Alphaproteobacteria;o__Rhizobiales;f__Pleomorphomonadaceae;g__Pleomorphomonas;s__Pleomorphomonas sp937868725,,anfG
205746,GB_GCA_937873135.1,anfG,CALMVQ010000359.1_12_A,9.2e-29,98.7,0.4,146,262,14036-14824,-1,0,CALMVQ010000359.1,12,1,anfG,d__Bacteria;p__Cyanobacteriota;c__Cyanobacteriia;o__Cyanobacteriales;f__Nostocaceae;g__Rhizonema;s__Rhizonema sp937873135,,anfG
205747,GB_GCA_937876625.1,anfG,CALEGN010000204.1_9_A,3.200000000000001e-59,195.3,1.0,9,126,7193-7573,1,0,CALEGN010000204.1,9,1,anfG,d__Bacteria;p__Pseudomonadota;c__Gammaproteobacteria;o__Pseudomonadales;f__Pseudomonadaceae;g__Azomonas;s__Azomonas sp002417905,,anfG
205748,GB_GCA_937876625.1,anfG,CALEGN010000277.1_16_A,6.299999999999999e-31,104.1,0.1,0,114,15957-16301,1,0,CALEGN010000277.1,16,1,vnfG,d__Bacteria;p__Pseudomonadota;c__Gammaproteobacteria;o__Pseudomonadales;f__Pseudomonadaceae;g__Azomonas;s__Azomonas sp002417905,,anfG
205749,GB_GCA_937958025.1,anfG,CALFXO010000064.1_5_A,3.8e-30,102.1,0.0,0,112,4907-5245,-1,0,CALFXO010000064.1,5,1,vnfG,d__Bacteria;p__Desulfobacterota;c__Syntrophobacteria;o__Syntrophobacterales;f__Syntrophobacteraceae;g__CALFXO01;s__CALFXO01 sp937958025,,anfG
205750,GB_GCA_945957385.1,anfG,CAMFKP010000030.1_26_A,2.1e-60,199.6,0.4,2,118,28691-29047,1,0,CAMFKP010000030.1,26,1,anfG,d__Bacteria;p__Pseudomonadota;c__Gammaproteobacteria;o__Enterobacterales;f__Aeromonadaceae;g__Pseudaeromonas;s__Pseudaeromonas sp945957385,,anfG
205751,GB_GCA_963526485.1,anfG,CAURNS010000003.1_34_A,2.3e-65,215.9,2.7,0,116,37360-37710,-1,0,CAURNS010000003.1,34,1,anfG,d__Bacteria;p__Bacillota;c__Negativicutes;o__DSM-13327;f__DSM-13327;g__Pelosinus;s__Pelosinus sp963526485,,anfG
205752,GB_GCA_963662365.2,anfG,CAXXPA010000021.1_15_A,2e-38,128.9,4.8,0,118,13671-14027,1,0,CAXXPA010000021.1,15,1,anfG,d__Bacteria;p__Bacteroidota;c__Bacteroidia;o__Bacteroidales;f__UBA7332;g__CAXXIC01;s__CAXXIC01 sp963662365,,anfG
205753,GB_GCA_963662595.1,anfG,OY759748.1_214_A,1.3e-32,110.4,2.7,0,113,259127-259468,1,0,OY759748.1,214,7,vnfG,d__Bacteria;p__Desulfobacterota;c__Desulfobacteria;o__Desulfobacterales;f__Desulfobacteraceae;g__Desulfobacter;s__Desulfobacter sp963662595,,anfG
205754,GB_GCA_963664135.1,anfG,OY760905.1_2644_A,1.5e-61,203.3,4.7,0,116,2944568-2944918,-1,0,OY760905.1,2644,1,anfG,d__Bacteria;p__Bacillota;c__Clostridia;o__Eubacteriales;f__Eubacteriaceae;g__Acetobacterium;s__Acetobacterium sp022013395,,anfG
205755,GB_GCA_963666145.1,anfG,OY762614.1_4522_A,7.400000000000002e-59,195.2,4.2,1,117,5194413-5194766,-1,0,OY762614.1,4522,2,anfG,d__Bacteria;p__Desulfobacterota;c__Desulfobacteria;o__Desulfobacterales;f__Desulfobacteraceae;g__Desulfobacter;s__Desulfobacter sp963666145,,anfG
205756,GB_GCA_963666685.2,anfG,CAXXHZ010000003.1_141_A,2.1e-64,212.6,3.7,0,116,156391-156741,1,0,CAXXHZ010000003.1,141,2,anfG,d__Bacteria;p__Desulfobacterota;c__Desulfobulbia;o__Desulfobulbales;f__Desulfobulbaceae;g__Desulfobulbus;s__Desulfobulbus sp963666685,,anfG
205757,GB_GCA_963666745.1,anfG,OY762961.1_1337_A,2.6e-52,173.4,1.0,25,141,1551445-1551870,1,0,OY762961.1,1337,6,anfG,d__Bacteria;p__Desulfobacterota;c__Desulfuromonadia;o__Desulfuromonadales;f__Desulfuromonadaceae;g__Desulfuromonas;s__Desulfuromonas sp963666745,,anfG
205758,GB_GCA_963667185.2,anfG,OY762953.2_275_A,5.8e-57,188.3,0.2,0,117,313698-314051,-1,0,OY762953.2,275,1,anfG,d__Bacteria;p__Spirochaetota;c__Spirochaetia;o__Treponematales;f__Treponemataceae;g__Teretinema;s__Teretinema sp963667185,,anfG
205759,GB_GCA_963676095.1,anfG,OY781040.1_2197_A,1.8e-42,142.5,7.2,0,118,2756199-2756555,1,0,OY781040.1,2197,4,anfG,d__Bacteria;p__Bacteroidota;c__Bacteroidia;o__Bacteroidales;f__Prolixibacteraceae;g__G963676095;s__G963676095 sp963676095,,anfG
205760,GB_GCA_963676955.1,anfG,OY781461.1_2310_A,1.3e-52,174.3,0.7,25,141,2682028-2682453,-1,0,OY781461.1,2310,1,anfG,d__Bacteria;p__Desulfobacterota;c__Desulfuromonadia;o__Desulfuromonadales;f__Desulfuromonadaceae;g__Desulfuromonas;s__Desulfuromonas sp963676955,,anfG
205761,GB_GCA_963677015.1,anfG,OY781533.1_723_A,2.6000000000000004e-57,189.3,4.7,0,116,941850-942200,1,0,OY781533.1,723,2,anfG,d__Bacteria;p__Planctomycetota;c__SZUA-567;o__SZUA-567;f__SZUA-567;g__G963556115;s__G963556115 sp963677015,,anfG
205762,GB_GCA_963677095.1,anfG,OY781875.1_3231_A,2.1e-40,135.1,3.8,0,118,4026682-4027038,-1,0,OY781875.1,3231,1,anfG,d__Bacteria;p__Bacteroidota;c__Bacteroidia;o__Bacteroidales;f__Bacteroidaceae;g__Bacteroides;s__Bacteroides sp963677095,,anfG
205763,GB_GCA_963677305.1,anfG,OY781925.1_968_A,3e-32,108.7,0.1,2,95,1059387-1059674,1,0,OY781925.1,968,3,anfG,d__Bacteria;p__Acidobacteriota;c__Holophagae;o__Holophagales;f__Holophagaceae;g__Holophaga;s__Holophaga sp963677305,,anfG
205764,GB_GCA_963677375.2,anfG,CAXXIF010000019.1_184_A,4.8e-62,204.9,0.9,0,116,199012-199362,-1,0,CAXXIF010000019.1,184,1,anfG,d__Bacteria;p__Pseudomonadota;c__Gammaproteobacteria;o__Enterobacterales;f__Aeromonadaceae;g__Pseudaeromonas;s__Pseudaeromonas sp963677375,,anfG
205765,GB_GCA_963678185.1,anfG,OY782757.1_474_A,4.8e-31,104.9,0.1,0,112,525446-525784,-1,0,OY782757.1,474,2,vnfG,d__Bacteria;p__Pseudomonadota;c__Gammaproteobacteria;o__Enterobacterales;f__Aeromonadaceae;g__Tolumonas;s__Tolumonas sp963678185,,anfG
205766,GB_GCA_963678265.1,anfG,OY782761.1_2314_A,4.7999999999999997e-39,130.4,5.5,0,118,2797278-2797634,-1,0,OY782761.1,2314,2,anfG,d__Bacteria;p__Bacteroidota;c__Bacteroidia;o__Bacteroidales;f__Paludibacteraceae;g__Microbacter;s__Microbacter sp963678265,,anfG
205767,GB_GCA_963709085.1,anfG,CAVPVB010000018.1_118_A,5.4e-34,115.2,0.0,0,112,129734-130072,1,0,CAVPVB010000018.1,118,2,vnfG,d__Bacteria;p__Pseudomonadota;c__Alphaproteobacteria;o__Acetobacterales;f__Acetobacteraceae;g__Rhodovastum;s__Rhodovastum sp963709085,,anfG
205768,GB_GCA_963709085.1,anfG,CAVPVB010000022.1_43_A,3.1e-34,116.0,0.0,0,112,42123-42461,-1,0,CAVPVB010000022.1,43,1,vnfG,d__Bacteria;p__Pseudomonadota;c__Alphaproteobacteria;o__Acetobacterales;f__Acetobacteraceae;g__Rhodovastum;s__Rhodovastum sp963709085,,anfG
205769,GB_GCA_963710875.1,anfG,CAVQBW010000006.1_421_A,3.6e-34,115.2,0.1,0,112,468393-468731,-1,0,CAVQBW010000006.1,421,1,vnfG,d__Bacteria;p__Acidobacteriota;c__Terriglobia;o__Terriglobales;f__Acidobacteriaceae;g__Telmatobacter;s__Telmatobacter sp963710875,,anfG
205770,GB_GCA_963724785.1,anfG,CAVRWC010000014.1_223_A,3.1e-28,96.7,0.1,0,112,193529-193867,1,0,CAVRWC010000014.1,223,3,vnfG,d__Bacteria;p__Pseudomonadota;c__Alphaproteobacteria;o__Rhizobiales;f__Beijerinckiaceae;g__Roseiarcus;s__Roseiarcus sp963724785,,anfG
205771,GB_GCA_963725425.1,anfG,CAVRYJ010000020.1_8_A,8.5e-56,185.5,1.5,8,124,6403-6777,-1,0,CAVRYJ010000020.1,8,1,anfG,d__Bacteria;p__Bacillota;c__Clostridia;o__Clostridiales;f__Clostridiaceae;g__Clostridium_I;s__Clostridium_I sp963725425,,anfG
205772,GB_GCA_963733265.1,anfG,CAVTCF010000003.1_416_A,1.6999999999999996e-31,106.6,0.4,0,114,399453-399797,1,0,CAVTCF010000003.1,416,1,vnfG,d__Bacteria;p__Pseudomonadota;c__Gammaproteobacteria;o__Burkholderiales;f__Gallionellaceae;g__PALSA-1006;s__PALSA-1006 sp963733265,,anfG
205773,GB_GCA_963741035.1,anfG,CAVUGX010000058.1_65_A,1.5e-64,213.6,1.3,0,116,57760-58110,-1,0,CAVUGX010000058.1,65,1,anfG,d__Bacteria;p__Desulfobacterota;c__Syntrophobacteria;o__Syntrophobacterales;f__Syntrophobacteraceae;g__SbD1;s__SbD1 sp963741035,,anfG
205774,GB_GCA_963747865.1,anfG,CAVVHK010000060.1_17_A,3e-57,190.5,3.2,0,117,14437-14790,1,0,CAVVHK010000060.1,17,3,anfG,d__Bacteria;p__Desulfobacterota;c__Desulfomonilia;o__Desulfomonilales;f__Desulfomonilaceae;g__JBBSBY01;s__JBBSBY01 sp963747865,,anfG
205775,GB_GCA_963748525.1,anfG,CAVVJJ010000018.1_444_A,1.3e-35,119.7,0.0,0,113,448592-448933,-1,0,CAVVJJ010000018.1,444,1,vnfG,d__Bacteria;p__Pseudomonadota;c__Alphaproteobacteria;o__Rhizobiales;f__Rhodomicrobiaceae;g__Rhodomicrobium;s__Rhodomicrobium sp963748525,,anfG
205776,GB_GCA_963756335.1,anfG,CAVWOB010000010.1_195_A,5.7000000000000006e-36,121.3,0.0,0,113,188860-189201,-1,0,CAVWOB010000010.1,195,1,vnfG,d__Bacteria;p__Pseudomonadota;c__Alphaproteobacteria;o__Rhizobiales;f__Rhodomicrobiaceae;g__Rhodomicrobium;s__Rhodomicrobium sp963756335,,anfG
205777,GB_GCA_963756335.1,anfG,CAVWOB010000014.1_172_A,5.7000000000000006e-36,121.3,0.0,0,113,176499-176840,-1,0,CAVWOB010000014.1,172,1,vnfG,d__Bacteria;p__Pseudomonadota;c__Alphaproteobacteria;o__Rhizobiales;f__Rhodomicrobiaceae;g__Rhodomicrobium;s__Rhodomicrobium sp963756335,,anfG
205778,GB_GCA_963757945.1,anfG,CAVWTN010000002.1_147_A,1e-62,206.9,2.1,0,116,158125-158475,-1,0,CAVWTN010000002.1,147,5,anfG,d__Bacteria;p__Vulcanimicrobiota;c__Vulcanimicrobiia;o__Vulcanimicrobiales;f__Vulcanimicrobiaceae;g__CAVWTN01;s__CAVWTN01 sp963757945,,anfG
205779,GB_GCA_963757985.1,anfG,CAVWTQ010000008.1_755_A,6.8999999999999995e-31,104.6,0.1,0,113,657859-658200,-1,0,CAVWTQ010000008.1,755,1,vnfG,d__Bacteria;p__Pseudomonadota;c__Alphaproteobacteria;o__Rhizobiales;f__Beijerinckiaceae;g__Methylocapsa;s__Methylocapsa sp963757985,,anfG
205780,GB_GCA_963765965.1,anfG,CAVXZR010000046.1_56_A,9.6e-31,104.4,0.1,1,117,52518-52871,1,0,CAVXZR010000046.1,56,2,vnfG,d__Bacteria;p__Pseudomonadota;c__Gammaproteobacteria;o__Methylococcales;f__Methylomonadaceae;g__Methylomonas;s__Methylomonas sp963765965,,anfG
205781,GB_GCA_963766815.1,anfG,CAVYBZ010000022.1_178_A,3.7e-35,118.6,0.1,0,113,161542-161883,-1,0,CAVYBZ010000022.1,178,1,vnfG,d__Bacteria;p__Pseudomonadota;c__Alphaproteobacteria;o__Rhizobiales;f__Rhodomicrobiaceae;g__Rhodomicrobium;s__Rhodomicrobium sp963766815,,anfG
205782,GB_GCA_963767435.1,anfG,CAVYEY010000043.1_424_A,3.3e-35,118.5,0.2,0,113,427613-427954,1,0,CAVYEY010000043.1,424,2,vnfG,d__Bacteria;p__Pseudomonadota;c__Alphaproteobacteria;o__Rhizobiales;f__Rhodomicrobiaceae;g__Rhodomicrobium;s__Rhodomicrobium sp963767435,,anfG
205783,GB_GCA_963767805.1,anfG,CAVYFP010000013.1_51_A,8.7e-29,97.9,0.0,0,113,58248-58589,1,0,CAVYFP010000013.1,51,2,vnfG,d__Bacteria;p__Pseudomonadota;c__Alphaproteobacteria;o__Rhizobiales;f__Beijerinckiaceae;g__Methylocapsa;s__Methylocapsa sp963767805,,anfG
205784,GB_GCA_963772225.1,anfG,CAVYWD010000001.1_853_A,2.6999999999999997e-31,106.7,0.1,0,113,1010166-1010507,-1,0,CAVYWD010000001.1,853,2,vnfG,d__Bacteria;p__Myxococcota;c__Myxococcia;o__Myxococcales;f__UBA5297;g__CAVYWD01;s__CAVYWD01 sp963772225,,anfG
205785,GB_GCA_963790715.1,anfG,CAWBPN010000016.1_50_A,2.7e-40,134.4,3.8,0,118,56426-56782,1,0,CAWBPN010000016.1,50,1,anfG,d__Bacteria;p__Bacteroidota;c__Bacteroidia;o__Bacteroidales;f__Bacteroidaceae;g__DCFW01;s__DCFW01 sp963790715,,anfG
205786,GB_GCA_963791805.1,anfG,CAWBTU010000004.1_105_A,5.4e-18,63.1,0.0,1,53,86420-86782,-1,0,CAWBTU010000004.1,105,1,nifK,d__Bacteria;p__Bacillota;c__Clostridia;o__Clostridiales;f__Clostridiaceae;g__JACMJL01;s__JACMJL01 sp963791805,,anfG
205787,GB_GCA_963791805.1,anfG,CAWBTU010000004.1_106_A,3.1e-36,121.9,2.8,0,64,86763-86960,-1,0,CAWBTU010000004.1,106,1,anfG,d__Bacteria;p__Bacillota;c__Clostridia;o__Clostridiales;f__Clostridiaceae;g__JACMJL01;s__JACMJL01 sp963791805,,anfG
205788,GB_GCA_963797305.1,anfG,CAWCOW010000002.1_1417_A,4.1e-30,102.6,0.0,1,117,1520235-1520588,1,0,CAWCOW010000002.1,1417,4,vnfG,d__Bacteria;p__Pseudomonadota;c__Alphaproteobacteria;o__Acetobacterales;f__Acetobacteraceae;g__Rhodopila;s__Rhodopila sp963797305,,anfG
205789,GB_GCA_963804045.1,anfG,CAWDOR010000004.1_231_A,9.700000000000002e-28,94.3,0.3,0,113,231236-231577,-1,0,CAWDOR010000004.1,231,1,vnfG,d__Bacteria;p__Pseudomonadota;c__Alphaproteobacteria;o__Rhizobiales;f__Beijerinckiaceae;g__Rhodoblastus;s__Rhodoblastus sp963804045,,anfG
205790,GB_GCA_963804495.1,anfG,CAWDQN010000012.1_91_A,5.2e-34,114.6,0.0,0,112,85148-85486,-1,0,CAWDQN010000012.1,91,1,vnfG,d__Bacteria;p__Pseudomonadota;c__Alphaproteobacteria;o__Acetobacterales;f__Acetobacteraceae;g__Rhodovastum;s__Rhodovastum sp963804495,,anfG
205791,GB_GCA_963805085.1,anfG,CAWDTA010000005.1_311_A,7e-63,207.6,2.0,4,120,347087-347449,1,0,CAWDTA010000005.1,311,1,anfG,d__Bacteria;p__Bacillota;c__Negativicutes;o__JARBTT01;f__JARBTT01;g__JARBTT01;s__JARBTT01 sp963805085,,anfG
205792,GB_GCA_963808505.1,anfG,CAWEFZ010000007.1_205_A,9.3e-36,120.4,0.1,0,113,211007-211348,1,0,CAWEFZ010000007.1,205,3,vnfG,d__Bacteria;p__Pseudomonadota;c__Alphaproteobacteria;o__Rhizobiales;f__Rhodomicrobiaceae;g__Rhodomicrobium;s__Rhodomicrobium sp963808505,,anfG
205793,GB_GCA_963813955.1,anfG,CAWFBN010000050.1_22_A,7.9e-12,43.5,0.0,2,61,11441-11626,1,0,CAWFBN010000050.1,22,2,vnfG,d__Bacteria;p__Pseudomonadota;c__Alphaproteobacteria;o__Rhizobiales;f__Beijerinckiaceae;g__Rhodoblastus;s__Rhodoblastus sp963813955,,anfG
205794,GB_GCA_963817705.1,anfG,CAWFPF010000001.1_2735_A,9.1e-36,120.5,0.1,0,113,2782748-2783089,1,0,CAWFPF010000001.1,2735,5,vnfG,d__Bacteria;p__Pseudomonadota;c__Alphaproteobacteria;o__Rhizobiales;f__Rhodomicrobiaceae;g__Rhodomicrobium;s__Rhodomicrobium sp963817705,,anfG
205795,GB_GCA_963829495.1,anfG,CAWHIT010000018.1_7_A,1.5999999999999999e-31,106.8,0.1,0,113,3934-4275,1,0,CAWHIT010000018.1,7,2,vnfG,d__Bacteria;p__Pseudomonadota;c__Alphaproteobacteria;o__Rhizobiales;f__Rhodomicrobiaceae;g__Rhodomicrobium;s__Rhodomicrobium sp963829495,,anfG
205796,GB_GCA_963833565.1,anfG,CAWHYO010000039.1_266_A,3.0000000000000003e-31,105.7,0.0,0,113,258623-258964,-1,0,CAWHYO010000039.1,266,1,vnfG,d__Bacteria;p__Pseudomonadota;c__Alphaproteobacteria;o__Rhizobiales;f__Rhodomicrobiaceae;g__Rhodomicrobium;s__Rhodomicrobium sp963833565,,anfG
205797,GB_GCA_963834165.1,anfG,CAWIAL010000015.1_51_A,3.4e-35,118.5,0.1,0,113,47628-47969,-1,0,CAWIAL010000015.1,51,1,vnfG,d__Bacteria;p__Pseudomonadota;c__Alphaproteobacteria;o__Rhizobiales;f__Rhodomicrobiaceae;g__Rhodomicrobium;s__Rhodomicrobium sp963834165,,anfG
205798,GB_GCA_963849665.1,anfG,CAWKJW010000080.1_33_A,2.2e-27,93.1,0.3,0,113,30859-31200,1,0,CAWKJW010000080.1,33,2,vnfG,d__Bacteria;p__Pseudomonadota;c__Alphaproteobacteria;o__Rhizobiales;f__Beijerinckiaceae;g__Rhodoblastus;s__Rhodoblastus sp963849665,,anfG
205799,GB_GCA_964250845.1,anfG,CAXUIG010000037.1_21_A,4.2e-35,118.9,0.2,0,112,25617-25955,-1,0,CAXUIG010000037.1,21,1,vnfG,d__Bacteria;p__Cyanobacteriota;c__Cyanobacteriia;o__Cyanobacteriales;f__Chroococcidiopsidaceae;g__CAXUIG01;s__CAXUIG01 sp964250845,,anfG
205800,GB_GCA_964250845.1,anfG,CAXUIG010000086.1_20_A,2.1e-35,119.9,0.3,0,112,17489-17827,1,0,CAXUIG010000086.1,20,1,vnfG,d__Bacteria;p__Cyanobacteriota;c__Cyanobacteriia;o__Cyanobacteriales;f__Chroococcidiopsidaceae;g__CAXUIG01;s__CAXUIG01 sp964250845,,anfG
205801,GB_GCA_964292275.1,anfG,CAXYUZ010000018.1_10_A,1.1e-58,193.9,3.8,0,112,10285-10623,1,0,CAXYUZ010000018.1,10,1,anfG,d__Bacteria;p__Desulfobacterota;c__Desulfuromonadia;o__Geobacterales;f__Pseudopelobacteraceae;g__CAXYUZ01;s__CAXYUZ01 sp964292275,,anfG
205802,GB_GCA_964292325.1,anfG,CAXYVG010000043.1_23_A,2.8e-35,118.6,1.9,0,112,20573-20911,1,0,CAXYVG010000043.1,23,1,vnfG,d__Bacteria;p__Bacillota;c__Negativicutes;o__DSM-13327;f__DSM-13327;g__CTSoil-075;s__CTSoil-075 sp964292325,,anfG
205803,GB_GCA_964402355.1,anfG,CAYOCB010000001.1_402_A,4.7e-31,105.3,2.3,0,112,464844-465182,-1,0,CAYOCB010000001.1,402,1,vnfG,d__Bacteria;p__Bacillota;c__Clostridia;o__Lachnospirales;f__Lachnospiraceae;g__Lacrimispora;s__Lacrimispora sp964402355,,anfG
205804,GB_GCA_964402645.1,anfG,CAYOCV010000001.1_94_A,1.3e-62,206.5,1.7,5,121,136061-136426,-1,0,CAYOCV010000001.1,94,1,anfG,d__Bacteria;p__Desulfobacterota;c__Desulfovibrionia;o__Desulfovibrionales;f__Desulfovibrionaceae;g__Cupidesulfovibrio;s__Cupidesulfovibrio sp964402645,,anfG
205805,GB_GCA_964413315.1,anfG,CAYPRZ010000021.1_17_A,5.1e-54,178.5,0.1,1,117,15446-15799,1,0,CAYPRZ010000021.1,17,1,anfG,d__Bacteria;p__Desulfobacterota;c__Desulfovibrionia;o__Desulfovibrionales;f__Desulfovibrionaceae;g__Desulfovibrio;s__Desulfovibrio sp964413315,,anfG
205806,GB_GCA_964435365.1,anfG,CAYSZM010000022.1_9_A,2.4e-61,202.7,1.4,0,117,8428-8781,-1,0,CAYSZM010000022.1,9,2,anfG,d__Bacteria;p__Verrucomicrobiota;c__Lentisphaeria;o__Victivallales;f__Victivallaceae;g__Victivallis;s__Victivallis sp964435365,,anfG
205807,GB_GCA_964458365.1,anfG,CAYWIN010000101.1_7_A,5.9e-51,168.3,0.7,11,127,5876-6259,-1,0,CAYWIN010000101.1,7,1,anfG,d__Bacteria;p__Actinomycetota;c__Actinomycetes;o__Propionibacteriales;f__Propionibacteriaceae;g__Propionicimonas;s__Propionicimonas sp964458365,,anfG
205808,GB_GCA_964500775.1,anfG,CAZCQG010000012.1_10_A,2.1e-52,173.1,2.0,6,122,7655-8023,-1,0,CAZCQG010000012.1,10,1,anfG,d__Bacteria;p__Campylobacterota;c__Campylobacteria;o__Campylobacterales;f__CAZCQG01;g__CAZCQG01;s__CAZCQG01 sp964500775,,anfG
205809,GB_GCA_964509755.1,anfG,CAZDYU010000004.1_31_A,1.3e-25,87.5,0.0,0,112,38327-38665,1,0,CAZDYU010000004.1,31,1,vnfG,d__Bacteria;p__Acidobacteriota;c__Terriglobia;o__Terriglobales;f__Acidobacteriaceae;g__Telmatobacter;s__Telmatobacter sp964509755,,anfG
205810,GB_GCA_964523045.1,anfG,CAZFXO010000038.1_12_A,3.9999999999999997e-32,108.5,0.4,0,114,10706-11050,1,0,CAZFXO010000038.1,12,1,vnfG,d__Bacteria;p__Pseudomonadota;c__Gammaproteobacteria;o__Burkholderiales;f__Rhodocyclaceae;g__Azonexus;s__Azonexus sp964523045,,anfG
205811,GB_GCA_964548535.1,anfG,CAZJRQ010000009.1_54_A,5.3e-16,55.9,0.7,0,116,57152-57502,1,0,CAZJRQ010000009.1,54,3,vnfG,d__Bacteria;p__Bacillota;c__Clostridia;o__Oscillospirales;f__Ruminococcaceae;g__CAZJRQ01;s__CAZJRQ01 sp964548535,,anfG
205812,GB_GCA_964595345.1,anfG,CAZQPY010000012.1_22_A,2.2e-32,109.6,0.0,0,112,25175-25513,-1,0,CAZQPY010000012.1,22,1,vnfG,d__Bacteria;p__Acidobacteriota;c__Terriglobia;o__Terriglobales;f__Acidobacteriaceae;g__Telmatobacter;s__Telmatobacter sp964595345,,anfG
205813,GB_GCA_964610975.1,anfG,CAZSYN010000005.1_280_A,1.8e-62,206.4,3.4,0,117,323246-323599,1,0,CAZSYN010000005.1,280,2,anfG,d__Bacteria;p__Planctomycetota;c__Phycisphaerae;o__WQYP01;f__WQYP01;g__CAZSYN01;s__CAZSYN01 sp964610975,,anfG
205814,GB_GCA_964611215.1,anfG,CAZSXF010000011.1_11_A,1.4999999999999999e-55,183.1,1.6,0,115,7386-7733,1,0,CAZSXF010000011.1,11,1,anfG,d__Bacteria;p__Bacteroidota;c__Chlorobiia;o__Chlorobiales;f__Chlorobiaceae;g__Chlorobaculum;s__Chlorobaculum sp964611215,,anfG
205815,GB_GCA_964618545.1,anfG,CAZUBG010000032.1_10_A,2.2e-64,212.7,2.2,0,116,8578-8928,1,0,CAZUBG010000032.1,10,1,anfG,d__Bacteria;p__Verrucomicrobiota;c__Verrucomicrobiia;o__Limisphaerales;f__UBA11358;g__UBA11358;s__UBA11358 sp964618545,,anfG
205816,GB_GCA_964632255.1,anfG,CAZWCA010000009.1_66_A,7.600000000000001e-58,191.1,1.3,0,117,68421-68774,1,0,CAZWCA010000009.1,66,2,anfG,d__Bacteria;p__Desulfobacterota;c__Syntrophia;o__Syntrophales;f__Smithellaceae;g__MVRV01;s__MVRV01 sp964632255,,anfG
205817,GB_GCA_964645305.1,anfG,CAZYCV010000033.1_24_A,1.3e-22,78.0,0.0,0,112,23863-24201,1,0,CAZYCV010000033.1,24,1,vnfG,d__Bacteria;p__Acidobacteriota;c__Terriglobia;o__Terriglobales;f__Acidobacteriaceae;g__Telmatobacter;s__Telmatobacter sp964645305,,anfG
205818,GB_GCA_964651515.1,anfG,CAZYYB010000009.1_9_A,4.8e-33,111.1,0.1,0,112,9087-9425,-1,0,CAZYYB010000009.1,9,1,vnfG,d__Bacteria;p__Fibrobacterota;c__Chitinivibrionia;o__Chitinivibrionales;f__Chitinispirillaceae;g__BOG-1184;s__BOG-1184 sp964651515,,anfG
205819,GB_GCA_964657295.1,anfG,CAZZVG010001064.1_1_A,1.1e-29,101.6,0.4,32,148,1-447,1,0,CAZZVG010001064.1,1,1,vnfG,d__Bacteria;p__Cyanobacteriota;c__Cyanobacteriia;o__Cyanobacteriales;f__Nostocaceae;g__Rhizonema;s__Rhizonema sp964657295,,anfG
205820,GB_GCA_964657905.1,anfG,CAZZXJ010000417.1_5_A,2.5e-34,116.3,0.1,2,118,5747-6103,-1,0,CAZZXJ010000417.1,5,1,vnfG,d__Bacteria;p__Cyanobacteriota;c__Cyanobacteriia;o__Cyanobacteriales;f__Nostocaceae;g__Stigonema;s__Stigonema sp964657905,,anfG
205821,GB_GCA_964658145.1,anfG,CAZZYE010000530.1_1_A,1.9999999999999998e-32,110.6,1.9,2,118,2-358,1,0,CAZZYE010000530.1,1,1,vnfG,d__Bacteria;p__Cyanobacteriota;c__Cyanobacteriia;o__Cyanobacteriales;f__Nostocaceae;g__Stigonema;s__Stigonema sp964658145,,anfG
205822,GB_GCA_964658545.1,anfG,CAZZZY010000205.1_1_A,1.4e-28,97.8,0.5,10,126,1-381,1,0,CAZZZY010000205.1,1,1,anfG,d__Bacteria;p__Cyanobacteriota;c__Cyanobacteriia;o__Cyanobacteriales;f__Nostocaceae;g__Nostoc;s__Nostoc sp964658545,,anfG
205823,GB_GCA_965363355.1,anfG,CBDTTM010000028.1_11_A,1.1e-51,171.1,2.1,0,116,8539-8889,-1,0,CBDTTM010000028.1,11,1,anfG,d__Bacteria;p__Bacillota;c__Negativicutes;o__Selenomonadales;f__Selenomonadaceae;g__CBDTTM01;s__CBDTTM01 sp965363355,,anfG
205824,RS_GCF_000013085.1,anfG,NC_007643.1_1427_A,1.7000000000000001e-65,216.1,1.6,0,116,1644687-1645037,-1,0,NC_007643.1,1427,2,anfG,d__Bacteria;p__Pseudomonadota;c__Alphaproteobacteria;o__Rhodospirillales;f__Rhodospirillaceae;g__Rhodospirillum;s__Rhodospirillum rubrum,,anfG
205825,RS_GCF_000013745.1,anfG,NC_007925.1_4718_A,1.9e-52,174.4,0.3,26,142,5241047-5241475,-1,0,NC_007925.1,4718,1,anfG,d__Bacteria;p__Pseudomonadota;c__Alphaproteobacteria;o__Rhizobiales;f__Xanthobacteraceae;g__Rhodopseudomonas_A;s__Rhodopseudomonas_A palustris_F,,anfG
205826,RS_GCF_000016505.1,anfG,NC_009706.1_1716_A,4.1e-27,92.4,0.9,0,112,1846319-1846657,-1,0,NC_009706.1,1716,1,vnfG,d__Bacteria;p__Bacillota;c__Clostridia;o__Clostridiales;f__Clostridiaceae;g__Clostridium_B;s__Clostridium_B kluyveri,,anfG
205827,RS_GCF_000016505.1,anfG,NC_009706.1_337_A,6.9e-64,210.9,2.9,0,116,341696-342046,1,0,NC_009706.1,337,8,anfG,d__Bacteria;p__Bacillota;c__Clostridia;o__Clostridiales;f__Clostridiaceae;g__Clostridium_B;s__Clostridium_B kluyveri,,anfG
205828,RS_GCF_000020525.1,anfG,NC_011026.1_1873_A,4.9e-57,188.4,2.9,2,118,2169287-2169643,1,0,NC_011026.1,1873,7,anfG,d__Bacteria;p__Bacteroidota;c__Chlorobiia;o__Chlorobiales;f__Chloroherpetonaceae;g__Chloroherpeton;s__Chloroherpeton thalassium,,anfG
205829,RS_GCF_000021865.1,anfG,NC_014034.1_583_A,1.2e-55,184.2,0.1,0,115,628548-628895,1,0,NC_014034.1,583,7,anfG,d__Bacteria;p__Pseudomonadota;c__Alphaproteobacteria;o__Rhodobacterales;f__Rhodobacteraceae;g__Rhodobacter;s__Rhodobacter capsulatus_B,,anfG
205830,RS_GCF_000166055.1,anfG,NC_014664.1_3347_A,2.4e-60,199.4,0.9,0,116,3661281-3661631,-1,0,NC_014664.1,3347,4,anfG,d__Bacteria;p__Pseudomonadota;c__Alphaproteobacteria;o__Rhizobiales;f__Rhodomicrobiaceae;g__Rhodomicrobium;s__Rhodomicrobium vannielii,,anfG
205831,RS_GCF_000166055.1,anfG,NC_014664.1_514_A,9.1e-34,113.7,0.2,0,111,589963-590298,1,0,NC_014664.1,514,10,vnfG,d__Bacteria;p__Pseudomonadota;c__Alphaproteobacteria;o__Rhizobiales;f__Rhodomicrobiaceae;g__Rhodomicrobium;s__Rhodomicrobium vannielii,,anfG
205832,RS_GCF_000171235.2,anfG,NZ_ABEA03000203.1_51_A,5.699999999999999e-63,208.3,2.0,0,117,53828-54181,-1,0,NZ_ABEA03000203.1,51,1,anfG,d__Bacteria;p__Verrucomicrobiota;c__Verrucomicrobiia;o__Opitutales;f__Opitutaceae;g__Geminisphaera;s__Geminisphaera colitermitum,,anfG
205833,RS_GCF_000178115.2,anfG,NC_014828.1_2301_A,3.5e-31,105.0,1.1,0,112,2484967-2485305,1,0,NC_014828.1,2301,7,vnfG,d__Bacteria;p__Bacillota;c__Clostridia;o__Oscillospirales;f__Ethanoligenentaceae;g__Ethanoligenens;s__Ethanoligenens harbinense,,anfG
205834,RS_GCF_000183135.1,anfG,NC_014734.1_1370_A,7.4e-37,123.4,5.8,1,118,1638935-1639291,-1,0,NC_014734.1,1370,1,anfG,d__Bacteria;p__Bacteroidota;c__Bacteroidia;o__Bacteroidales;f__Paludibacteraceae;g__Paludibacter;s__Paludibacter propionicigenes,,anfG
205835,RS_GCF_000190635.1,anfG,NC_015172.1_2819_A,8.100000000000001e-65,213.7,2.3,0,116,2886820-2887170,-1,0,NC_015172.1,2819,3,anfG,d__Bacteria;p__Bacillota;c__Desulfitobacteriia;o__Desulfitobacteriales;f__Syntrophobotulaceae;g__Syntrophobotulus;s__Syntrophobotulus glycolicus,,anfG
205836,RS_GCF_000218875.1,anfG,NC_015709.1_962_A,3.2e-51,169.0,0.2,0,116,1125667-1126017,-1,0,NC_015709.1,962,2,anfG,d__Bacteria;p__Pseudomonadota;c__Alphaproteobacteria;o__Sphingomonadales;f__Sphingomonadaceae;g__Zymomonas;s__Zymomonas pomaceae,,anfG
205837,RS_GCF_000224065.1,anfG,NZ_AFWT01000026.1_8_A,1.4e-61,203.7,1.0,0,116,7445-7795,1,0,NZ_AFWT01000026.1,8,1,anfG,d__Bacteria;p__Pseudomonadota;c__Gammaproteobacteria;o__Chromatiales;f__Chromatiaceae;g__Imhoffiella;s__Imhoffiella drewsii,,anfG
205838,RS_GCF_000224515.1,anfG,NZ_AGAF01000212.1_39_A,5.699999999999999e-63,208.5,1.7,8,124,39781-40155,1,0,NZ_AGAF01000212.1,39,1,anfG,d__Bacteria;p__Bacillota;c__Desulfitobacteriia;o__Desulfitobacteriales;f__Desulfitobacteriaceae;g__Desulfosporosinus;s__Desulfosporosinus sp000224515,,anfG
205839,RS_GCF_000230835.1,anfG,NZ_CM001240.1_4215_A,9.9e-59,194.9,2.4,0,116,4502562-4502912,-1,0,NZ_CM001240.1,4215,1,anfG,d__Bacteria;p__Bacillota;c__Clostridia;o__Clostridiales;f__Clostridiaceae;g__Clostridium;s__Clostridium sp000230835,,anfG
205840,RS_GCF_000246895.1,anfG,NZ_BAEV01000114.1_7_A,1.8e-25,87.0,0.1,0,114,8716-9060,-1,0,NZ_BAEV01000114.1,7,1,vnfG,d__Bacteria;p__Bacillota;c__Clostridia;o__Clostridiales;f__Clostridiaceae;g__Clostridium_I;s__Clostridium_I arbusti,,anfG
205841,RS_GCF_000247605.1,anfG,NC_016894.1_704_A,4.7e-62,204.9,2.1,0,116,797743-798093,-1,0,NC_016894.1,704,1,anfG,d__Bacteria;p__Bacillota;c__Clostridia;o__Eubacteriales;f__Eubacteriaceae;g__Acetobacterium;s__Acetobacterium woodii,,anfG
205842,RS_GCF_000271485.2,anfG,NZ_AKVN02000001.1_1165_A,8.300000000000002e-66,217.3,3.3,0,116,1308543-1308893,1,0,NZ_AKVN02000001.1,1165,12,anfG,d__Bacteria;p__Bacillota;c__Negativicutes;o__DSM-13327;f__DSM-13327;g__Pelosinus;s__Pelosinus fermentans,,anfG
205843,RS_GCF_000280495.2,anfG,NZ_CP018016.1_2214_A,2.8e-58,193.4,0.8,0,114,2339444-2339788,1,0,NZ_CP018016.1,2214,2,anfG,d__Bacteria;p__Pseudomonadota;c__Gammaproteobacteria;o__Enterobacterales;f__Enterobacteriaceae;g__Kosakonia;s__Kosakonia radicincitans,,anfG
205844,RS_GCF_000284415.1,anfG,NC_017059.1_563_A,9.7e-62,203.8,1.8,0,116,635066-635416,-1,0,NC_017059.1,563,5,anfG,d__Bacteria;p__Pseudomonadota;c__Alphaproteobacteria;o__Rhodospirillales;f__Rhodospirillaceae;g__Pararhodospirillum;s__Pararhodospirillum photometricum,,anfG
205845,RS_GCF_000293785.1,anfG,NZ_AKZI01000081.1_41_A,1.1999999999999998e-53,178.1,0.9,30,146,45542-45982,1,0,NZ_AKZI01000081.1,41,1,anfG,d__Bacteria;p__Pseudomonadota;c__Alphaproteobacteria;o__Rhizobiales;f__Xanthobacteraceae;g__Rhodoplanes;s__Rhodoplanes sp000293785,,anfG
205846,RS_GCF_000294655.1,anfG,NZ_CAHP01000020.1_250_A,7.1e-61,201.1,0.7,0,116,281392-281742,-1,0,NZ_CAHP01000020.1,250,1,anfG,d__Bacteria;p__Pseudomonadota;c__Alphaproteobacteria;o__Rhodospirillales;f__Magnetospirillaceae;g__Phaeospirillum;s__Phaeospirillum molischianum,,anfG
205847,RS_GCF_000297095.1,anfG,NZ_AEEA01000019.1_82_A,9.6e-58,190.9,2.3,1,117,90736-91089,1,0,NZ_AEEA01000019.1,82,1,anfG,d__Bacteria;p__Spirochaetota;c__Spirochaetia;o__Treponematales;f__Breznakiellaceae;g__Termitinema;s__Termitinema primitia_A,,anfG
205848,RS_GCF_000317205.1,anfG,NZ_AJLK01000109.1_16_C,1.2e-30,104.3,1.6,483,599,16194-17993,1,0,NZ_AJLK01000109.1,16,3,anfG,d__Bacteria;p__Cyanobacteriota;c__Cyanobacteriia;o__Cyanobacteriales;f__Nostocaceae;g__Fischerella;s__Fischerella muscicola,,anfG
205849,RS_GCF_000333455.1,anfG,NZ_BADD01000438.1_2_A,6.5e-54,179.3,0.2,25,141,607-1032,-1,0,NZ_BADD01000438.1,2,1,anfG,d__Bacteria;p__Pseudomonadota;c__Alphaproteobacteria;o__Rhizobiales;f__Xanthobacteraceae;g__Rhodopseudomonas;s__Rhodopseudomonas sp000333455,,anfG
205850,RS_GCF_000340885.1,anfG,NC_020291.1_3021_A,3.2e-58,193.2,4.4,0,116,3372157-3372507,1,0,NC_020291.1,3021,2,anfG,d__Bacteria;p__Bacillota;c__Clostridia;o__Clostridiales;f__Clostridiaceae;g__Clostridium;s__Clostridium saccharoperbutylacetonicum,,anfG
205851,RS_GCF_000350485.1,anfG,NZ_AORV01000040.1_17_A,7e-57,188.8,1.9,0,117,20683-21036,-1,0,NZ_AORV01000040.1,17,1,anfG,d__Bacteria;p__Bacillota;c__Clostridia;o__Acetivibrionales;f__DSM-1351;g__Ruminiclostridium;s__Ruminiclostridium termitidis,,anfG
205852,RS_GCF_000373985.1,anfG,NZ_KB893046.1_37_A,1.1e-32,110.6,3.0,0,113,43036-43377,-1,0,NZ_KB893046.1,37,1,vnfG,d__Bacteria;p__Desulfobacterota;c__Desulfobacteria;o__Desulfobacterales;f__Desulfobacteraceae;g__Desulfobacter;s__Desulfobacter curvatus,,anfG
205853,RS_GCF_000374185.1,anfG,NZ_KB910518.1_2915_A,1.7e-61,203.8,1.7,0,116,3283511-3283861,-1,0,NZ_KB910518.1,2915,1,anfG,d__Bacteria;p__Bacillota;c__Bacilli;o__Paenibacillales;f__Paenibacillaceae;g__Paenibacillus_AQ;s__Paenibacillus_AQ sp000374185,,anfG
205854,RS_GCF_000381065.1,anfG,NZ_KB905840.1_20_A,1.3e-62,206.7,4.8,0,116,22650-23000,1,0,NZ_KB905840.1,20,1,anfG,d__Bacteria;p__Bacillota;c__Negativicutes;o__Selenomonadales;f__Selenomonadaceae;g__Propionispira;s__Propionispira raffinosivorans,,anfG
205855,RS_GCF_000389635.1,anfG,NC_021182.1_3337_A,6.199999999999998e-29,98.5,0.3,0,114,3461936-3462280,-1,0,NC_021182.1,3337,8,vnfG,d__Bacteria;p__Bacillota;c__Clostridia;o__Clostridiales;f__Clostridiaceae;g__Clostridium_I;s__Clostridium_I pasteurianum_A,,anfG
205856,RS_GCF_000400505.1,anfG,NZ_CM001857.1_2653_A,5.8e-60,198.3,0.4,8,124,3037144-3037518,1,0,NZ_CM001857.1,2653,1,anfG,d__Bacteria;p__Pseudomonadota;c__Gammaproteobacteria;o__Enterobacterales;f__Enterobacteriaceae;g__Musicola;s__Musicola paradisiaca,,anfG
205857,RS_GCF_000426485.1,anfG,NZ_AUFL01000008.1_101_A,1.6e-40,135.4,6.0,0,118,131310-131666,-1,0,NZ_AUFL01000008.1,101,1,anfG,d__Bacteria;p__Bacteroidota;c__Bacteroidia;o__Bacteroidales;f__Dysgonomonadaceae;g__Dysgonomonas_A;s__Dysgonomonas_A capnocytophagoides,,anfG
205858,RS_GCF_000442515.1,anfG,NZ_AQPH01000008.1_68_A,4.4e-31,105.0,0.0,0,113,71185-71526,-1,0,NZ_AQPH01000008.1,68,1,vnfG,d__Bacteria;p__Pseudomonadota;c__Alphaproteobacteria;o__Rhodospirillales;f__Magnetospirillaceae;g__Phaeospirillum;s__Phaeospirillum fulvum_B,,anfG
205859,RS_GCF_000442515.1,anfG,NZ_AQPH01000081.1_13_A,1.4e-60,200.1,1.7,0,116,9686-10036,-1,0,NZ_AQPH01000081.1,13,1,anfG,d__Bacteria;p__Pseudomonadota;c__Alphaproteobacteria;o__Rhodospirillales;f__Magnetospirillaceae;g__Phaeospirillum;s__Phaeospirillum fulvum_B,,anfG
205860,RS_GCF_000455485.1,anfG,NZ_CBQR020000141.1_52_A,1.6e-58,194.0,0.3,24,140,59403-59825,1,0,NZ_CBQR020000141.1,52,1,anfG,d__Bacteria;p__Bacillota;c__Bacilli;o__Paenibacillales;f__NBRC-103111;g__Gorillibacterium;s__Gorillibacterium massiliense,,anfG
205861,RS_GCF_000504305.1,anfG,NZ_KI632512.1_82_A,7.699999999999999e-63,207.3,1.9,5,121,87741-88106,-1,0,NZ_KI632512.1,82,1,anfG,d__Bacteria;p__Desulfobacterota;c__Desulfovibrionia;o__Desulfovibrionales;f__Desulfovibrionaceae;g__Cupidesulfovibrio;s__Cupidesulfovibrio termitidis,,anfG
205862,RS_GCF_000520715.1,anfG,NZ_ASSD01000655.1_8_A,1.4e-30,103.9,0.0,0,112,7300-7638,1,0,NZ_ASSD01000655.1,8,1,vnfG,d__Bacteria;p__Bacillota;c__Bacilli;o__Paenibacillales;f__Paenibacillaceae;g__Paenibacillus_AQ;s__Paenibacillus_AQ zanthoxyli,,anfG
205863,RS_GCF_000527035.1,anfG,NZ_AZUK01000001.1_2827_A,5.400000000000001e-32,107.9,0.1,0,112,3121063-3121401,1,0,NZ_AZUK01000001.1,2827,5,vnfG,d__Bacteria;p__Pseudomonadota;c__Gammaproteobacteria;o__Enterobacterales;f__Aeromonadaceae;g__Tolumonas;s__Tolumonas lignilytica,,anfG
205864,RS_GCF_000568815.1,anfG,NZ_CP007201.1_1640_A,1.7000000000000002e-58,193.3,2.6,9,125,1600878-1601255,-1,0,NZ_CP007201.1,1640,1,anfG,d__Bacteria;p__Campylobacterota;c__Campylobacteria;o__Campylobacterales;f__Sulfurospirillaceae;g__Sulfurospirillum;s__Sulfurospirillum multivorans,,anfG
205865,RS_GCF_000585215.1,anfG,NZ_AONC01000021.1_84_A,1.1000000000000001e-30,104.0,0.0,0,116,89072-89422,1,0,NZ_AONC01000021.1,84,2,vnfG,d__Bacteria;p__Pseudomonadota;c__Gammaproteobacteria;o__Chromatiales;f__Chromatiaceae;g__Imhoffiella;s__Imhoffiella purpurea,,anfG
205866,RS_GCF_000621145.1,anfG,NZ_JHZB01000015.1_73_A,5.500000000000002e-60,198.2,4.4,0,117,56097-56450,1,0,NZ_JHZB01000015.1,73,1,anfG,d__Bacteria;p__Desulfobacterota;c__Desulfobulbia;o__Desulfobulbales;f__Desulfobulbaceae;g__Desulfobulbus;s__Desulfobulbus elongatus,,anfG
205867,RS_GCF_000636015.1,anfG,NZ_JFZJ01000001.1_76_A,2.5e-60,199.3,0.8,0,116,89123-89473,-1,0,NZ_JFZJ01000001.1,76,1,anfG,d__Bacteria;p__Pseudomonadota;c__Alphaproteobacteria;o__Rhizobiales;f__Rhodomicrobiaceae;g__Rhodomicrobium;s__Rhodomicrobium udaipurense,,anfG
205868,RS_GCF_000686725.1,anfG,NZ_JMLK01000019.1_64_A,4.5000000000000003e-57,189.1,0.5,0,116,66415-66765,-1,0,NZ_JMLK01000019.1,64,1,anfG,d__Bacteria;p__Bacillota;c__Clostridia;o__Clostridiales;f__Clostridiaceae;g__Clostridium_I;s__Clostridium_I akagii,,anfG
205869,RS_GCF_000723885.1,anfG,NZ_CCDG010000021.1_224_A,4e-58,193.0,0.8,1,117,248482-248835,-1,0,NZ_CCDG010000021.1,224,1,anfG,d__Bacteria;p__Bacillota;c__Bacilli;o__Paenibacillales;f__Paenibacillaceae;g__Paenibacillus_AQ;s__Paenibacillus_AQ camerounensis,,anfG
205870,RS_GCF_000725345.1,anfG,NZ_CP008852.1_3860_A,3.5e-66,218.6,2.3,0,116,4062573-4062923,-1,0,NZ_CP008852.1,3860,1,anfG,d__Bacteria;p__Bacillota;c__Negativicutes;o__DSM-13327;f__DSM-13327;g__Pelosinus;s__Pelosinus sp000725345,,anfG
205871,RS_GCF_000756615.1,anfG,NZ_CP009288.1_2263_A,1.4e-30,103.9,0.0,0,112,2667838-2668176,1,0,NZ_CP009288.1,2263,14,vnfG,d__Bacteria;p__Bacillota;c__Bacilli;o__Paenibacillales;f__Paenibacillaceae;g__Paenibacillus_AQ;s__Paenibacillus_AQ durus,,anfG
205872,RS_GCF_000758525.1,anfG,NZ_CP009241.1_2656_A,1.2e-61,204.5,2.1,0,116,3110643-3110993,1,0,NZ_CP009241.1,2656,6,anfG,d__Bacteria;p__Bacillota;c__Bacilli;o__Paenibacillales;f__Paenibacillaceae;g__Paenibacillus_AQ;s__Paenibacillus_AQ sp000758525,,anfG
205873,RS_GCF_000758665.1,anfG,NZ_CP009285.1_2703_A,1.1000000000000004e-59,198.2,3.9,0,116,3299141-3299491,1,0,NZ_CP009285.1,2703,7,anfG,d__Bacteria;p__Bacillota;c__Bacilli;o__Paenibacillales;f__Paenibacillaceae;g__Paenibacillus_AQ;s__Paenibacillus_AQ borealis,,anfG
205874,RS_GCF_000758685.1,anfG,NZ_CP009286.1_2182_A,8.299999999999999e-55,182.0,3.3,0,117,2421589-2421942,1,0,NZ_CP009286.1,2182,11,anfG,d__Bacteria;p__Bacillota;c__Bacilli;o__Paenibacillales;f__Paenibacillaceae;g__Paenibacillus_AQ;s__Paenibacillus_AQ stellifer,,anfG
205875,RS_GCF_000801335.2,anfG,NZ_JSEH01000007.1_159_A,2.2e-60,199.8,1.0,0,116,169991-170341,1,0,NZ_JSEH01000007.1,159,2,anfG,d__Bacteria;p__Desulfobacterota;c__Desulfovibrionia;o__Desulfovibrionales;f__Desulfovibrionaceae;g__Solidesulfovibrio;s__Solidesulfovibrio sp000801335,,anfG
205876,RS_GCF_000807255.1,anfG,NZ_CP009268.1_3727_A,2.5e-60,199.4,1.3,0,116,4071571-4071921,-1,0,NZ_CP009268.1,3727,10,anfG,d__Bacteria;p__Bacillota;c__Clostridia;o__Clostridiales;f__Clostridiaceae;g__Clostridium_I;s__Clostridium_I pasteurianum,,anfG
205877,RS_GCF_000807255.1,anfG,NZ_CP009268.1_1374_A,3.3e-27,92.7,0.1,0,114,1516701-1517045,1,0,NZ_CP009268.1,1374,20,vnfG,d__Bacteria;p__Bacillota;c__Clostridia;o__Clostridiales;f__Clostridiaceae;g__Clostridium_I;s__Clostridium_I pasteurianum,,anfG
205878,RS_GCF_000813325.1,anfG,NZ_BBQE01000001.1_135_A,2.1000000000000002e-58,192.8,0.5,1,117,136483-136836,1,0,NZ_BBQE01000001.1,135,1,anfG,d__Bacteria;p__Campylobacterota;c__Campylobacteria;o__Campylobacterales;f__Sulfurospirillaceae;g__Sulfurospirillum;s__Sulfurospirillum cavolei,,anfG
205879,RS_GCF_000981585.1,anfG,NZ_LN831776.1_2648_A,3.4e-62,206.2,3.4,0,116,3267328-3267678,1,0,NZ_LN831776.1,2648,7,anfG,d__Bacteria;p__Bacillota;c__Bacilli;o__Paenibacillales;f__Paenibacillaceae;g__Paenibacillus_AQ;s__Paenibacillus_AQ riograndensis,,anfG
205880,RS_GCF_000993825.1,anfG,NZ_CP011114.1_1427_A,1.1000000000000001e-30,104.2,0.0,0,112,1587025-1587363,1,0,NZ_CP011114.1,1427,13,vnfG,d__Bacteria;p__Bacillota;c__Bacilli;o__Paenibacillales;f__Paenibacillaceae;g__Paenibacillus_AQ;s__Paenibacillus_AQ durus_B,,anfG
205881,RS_GCF_001045675.1,anfG,NZ_LEKT01000060.1_14_A,2.3e-40,134.8,7.3,0,115,13829-14176,1,0,NZ_LEKT01000060.1,14,1,anfG,d__Bacteria;p__Bacillota;c__Negativicutes;o__Veillonellales;f__Megasphaeraceae;g__Megasphaera;s__Megasphaera cerevisiae,,anfG
205882,RS_GCF_001295845.1,anfG,NZ_LJIC01000158.1_104_A,3.1999999999999998e-55,183.5,0.3,30,146,108193-108633,-1,0,NZ_LJIC01000158.1,104,1,anfG,d__Bacteria;p__Pseudomonadota;c__Alphaproteobacteria;o__Rhizobiales;f__Xanthobacteraceae;g__Rhodopseudomonas;s__Rhodopseudomonas sp001295845,,anfG
205883,RS_GCF_001298735.1,anfG,NZ_CYSP01000025.1_18_A,9.3e-61,200.8,1.2,0,116,19105-19455,1,0,NZ_CYSP01000025.1,18,1,anfG,d__Bacteria;p__Bacillota;c__Negativicutes;o__Propionisporales;f__Propionisporaceae;g__Propionispora;s__Propionispora sp001298735,,anfG
205884,RS_GCF_001402875.1,anfG,NZ_CP012946.1_2850_A,2.3e-54,180.0,0.2,22,138,3245974-3246390,1,0,NZ_CP012946.1,2850,8,anfG,d__Bacteria;p__Pseudomonadota;c__Alphaproteobacteria;o__Rhizobiales;f__Xanthobacteraceae;g__Blastochloris;s__Blastochloris viridis,,anfG
205885,RS_GCF_001457415.1,anfG,NZ_LN881724.1_1841_A,1.6e-61,203.5,3.5,0,116,2039719-2040069,-1,0,NZ_LN881724.1,1841,1,anfG,d__Bacteria;p__Bacillota;c__Bacilli;o__Paenibacillales;f__NBRC-103111;g__Gorillibacterium;s__Gorillibacterium timonense,,anfG
205886,RS_GCF_001571105.1,anfG,NZ_BCTD01000003.1_26_A,1.6999999999999996e-31,106.8,0.0,0,113,25253-25594,-1,0,NZ_BCTD01000003.1,26,1,vnfG,d__Bacteria;p__Pseudomonadota;c__Gammaproteobacteria;o__Pseudomonadales;f__Pseudomonadaceae;g__Azotobacter;s__Azotobacter vinelandii,,anfG
205887,RS_GCF_001571105.1,anfG,NZ_BCTD01000006.1_74_A,6.7e-62,204.8,1.0,17,132,76107-76505,-1,0,NZ_BCTD01000006.1,74,1,anfG,d__Bacteria;p__Pseudomonadota;c__Gammaproteobacteria;o__Pseudomonadales;f__Pseudomonadaceae;g__Azotobacter;s__Azotobacter vinelandii,,anfG
205888,RS_GCF_001658025.2,anfG,NZ_CP014007.2_2182_A,1.4e-58,194.2,0.8,0,114,2317177-2317521,1,0,NZ_CP014007.2,2182,1,anfG,d__Bacteria;p__Pseudomonadota;c__Gammaproteobacteria;o__Enterobacterales;f__Enterobacteriaceae;g__Kosakonia;s__Kosakonia oryzae,,anfG
205889,RS_GCF_001723605.1,anfG,NZ_CP017111.1_1611_A,5.600000000000001e-59,194.7,2.5,9,125,1611874-1612251,-1,0,NZ_CP017111.1,1611,1,anfG,d__Bacteria;p__Campylobacterota;c__Campylobacteria;o__Campylobacterales;f__Sulfurospirillaceae;g__Sulfurospirillum;s__Sulfurospirillum halorespirans,,anfG
205890,RS_GCF_001874525.1,anfG,NZ_LKAQ01000004.1_2351_A,1.2e-55,184.2,0.6,0,116,2581340-2581690,-1,0,NZ_LKAQ01000004.1,2351,1,anfG,d__Bacteria;p__Desulfobacterota;c__Desulfovibrionia;o__Desulfovibrionales;f__Desulfovibrionaceae;g__Pseudodesulfovibrio;s__Pseudodesulfovibrio hydrargyri,,anfG
205891,RS_GCF_001902295.1,anfG,NZ_CP018335.1_2101_A,1.1e-26,91.2,0.7,0,112,2203771-2204109,-1,0,NZ_CP018335.1,2101,2,vnfG,d__Bacteria;p__Bacillota;c__Clostridia;o__Clostridiales;f__Clostridiaceae;g__Clostridium_B;s__Clostridium_B kluyveri_B,,anfG
205892,RS_GCF_001902295.1,anfG,NZ_CP018335.1_436_A,6.8e-64,211.1,2.7,0,116,405096-405446,1,0,NZ_CP018335.1,436,11,anfG,d__Bacteria;p__Bacillota;c__Clostridia;o__Clostridiales;f__Clostridiaceae;g__Clostridium_B;s__Clostridium_B kluyveri_B,,anfG
205893,RS_GCF_002051585.1,anfG,NZ_MZGX01000002.1_103_A,2.9e-61,202.6,2.6,0,116,110545-110895,1,0,NZ_MZGX01000002.1,103,1,anfG,d__Bacteria;p__Bacillota;c__Clostridia;o__Acetivibrionales;f__DSM-1351;g__Ruminiclostridium;s__Ruminiclostridium hungatei,,anfG
205894,RS_GCF_002051585.1,anfG,NZ_MZGX01000018.1_65_A,3.3e-24,83.1,0.2,0,113,78242-78583,-1,0,NZ_MZGX01000018.1,65,1,vnfG,d__Bacteria;p__Bacillota;c__Clostridia;o__Acetivibrionales;f__DSM-1351;g__Ruminiclostridium;s__Ruminiclostridium hungatei,,anfG
205895,RS_GCF_002073975.1,anfG,NZ_CP020384.1_3357_A,5.9e-55,182.1,0.1,0,115,3585591-3585938,-1,0,NZ_CP020384.1,3357,3,anfG,d__Bacteria;p__Pseudomonadota;c__Alphaproteobacteria;o__Rhodobacterales;f__Rhodobacteraceae;g__Rhodovulum;s__Rhodovulum sp002073975,,anfG
205896,RS_GCF_002095535.1,anfG,NZ_MLJI01000002.1_202_A,2.3e-60,200.2,1.1,0,114,208097-208441,1,0,NZ_MLJI01000002.1,202,3,anfG,d__Bacteria;p__Pseudomonadota;c__Gammaproteobacteria;o__Enterobacterales;f__Enterobacteriaceae;g__Pantoea;s__Pantoea cypripedii,,anfG
205897,RS_GCF_002162315.1,anfG,NZ_CP021416.1_1688_A,6.600000000000001e-59,194.5,2.3,9,125,1627183-1627560,-1,0,NZ_CP021416.1,1688,1,anfG,d__Bacteria;p__Campylobacterota;c__Campylobacteria;o__Campylobacterales;f__Sulfurospirillaceae;g__Sulfurospirillum;s__Sulfurospirillum sp002162315,,anfG
205898,RS_GCF_002196705.1,anfG,NZ_NADJ01000015.1_11_A,4.3e-62,205.5,0.6,4,120,9991-10353,1,0,NZ_NADJ01000015.1,11,1,anfG,d__Bacteria;p__Bacillota;c__Desulfitobacteriia;o__Desulfitobacteriales;f__Desulfitobacteriaceae;g__Desulfosporosinus;s__Desulfosporosinus sp002196705,,anfG
205899,RS_GCF_002245985.1,anfG,NZ_NOLK01000303.1_1_A,1.2e-27,95.1,0.4,213,329,3-992,1,0,NZ_NOLK01000303.1,1,1,vnfG,d__Bacteria;p__Cyanobacteriota;c__Cyanobacteriia;o__Cyanobacteriales;f__Nostocaceae;g__Nostoc;s__Nostoc sp002245985,,anfG
205900,RS_GCF_002246015.1,anfG,NZ_NOLJ01000009.1_300_D,3e-27,93.6,0.6,549,665,303283-305280,1,0,NZ_NOLJ01000009.1,300,1,anfG,d__Bacteria;p__Cyanobacteriota;c__Cyanobacteriia;o__Cyanobacteriales;f__Nostocaceae;g__Nostoc;s__Nostoc sp002246015,,anfG
205901,RS_GCF_002291445.1,anfG,NZ_CP014137.1_60_A,3.4e-63,208.9,1.2,0,116,63848-64198,1,0,NZ_CP014137.1,60,1,anfG,d__Bacteria;p__Pseudomonadota;c__Gammaproteobacteria;o__Enterobacterales;f__Enterobacteriaceae;g__Brenneria;s__Brenneria goodwinii,,anfG
205902,RS_GCF_002760435.1,anfG,NZ_AUUU01000066.1_42_A,8.1e-24,82.3,0.6,0,113,46622-46963,1,0,NZ_AUUU01000066.1,42,2,vnfG,d__Bacteria;p__Bacillota;c__Clostridia;o__Clostridiales;f__Clostridiaceae;g__Clostridium;s__Clostridium sp002760435,,anfG
205903,RS_GCF_002770725.1,anfG,NZ_NQVN01000002.1_270_A,1.2e-52,175.1,0.2,25,141,308683-309108,-1,0,NZ_NQVN01000002.1,270,2,anfG,d__Bacteria;p__Pseudomonadota;c__Alphaproteobacteria;o__Rhizobiales;f__Pleomorphomonadaceae;g__Pleomorphomonas;s__Pleomorphomonas carboxyditropha,,anfG
205904,RS_GCF_002834385.1,anfG,NZ_PITQ01000001.1_494_A,7.299999999999999e-55,182.2,0.2,1,117,570256-570609,1,0,NZ_PITQ01000001.1,494,1,anfG,d__Bacteria;p__Pseudomonadota;c__Gammaproteobacteria;o__Enterobacterales;f__Enterobacteriaceae;g__Rahnella;s__Rahnella sp002834385,,anfG
205905,RS_GCF_002845745.1,anfG,NZ_PIUM01000009.1_78_A,4.1e-58,192.8,2.5,0,114,108362-108706,-1,0,NZ_PIUM01000009.1,78,1,anfG,d__Bacteria;p__Pseudomonadota;c__Alphaproteobacteria;o__Rhodospirillales;f__Magnetospirillaceae;g__Telmatospirillum;s__Telmatospirillum siberiense,,anfG
205906,RS_GCF_002937075.1,anfG,NZ_NHSJ01000060.1_15_A,1.4e-52,174.7,0.4,26,142,16279-16707,-1,0,NZ_NHSJ01000060.1,15,1,anfG,d__Bacteria;p__Pseudomonadota;c__Alphaproteobacteria;o__Rhizobiales;f__Beijerinckiaceae;g__Rhodoblastus;s__Rhodoblastus sphagnicola,,anfG
205907,RS_GCF_002937075.1,anfG,NZ_NHSJ01000070.1_40_A,2.7e-29,99.7,0.4,0,113,40303-40644,-1,0,NZ_NHSJ01000070.1,40,1,vnfG,d__Bacteria;p__Pseudomonadota;c__Alphaproteobacteria;o__Rhizobiales;f__Beijerinckiaceae;g__Rhodoblastus;s__Rhodoblastus sphagnicola,,anfG
205908,RS_GCF_002937115.1,anfG,NZ_NHRY01000045.1_16_A,5.4e-35,118.5,0.0,1,117,14397-14750,-1,0,NZ_NHRY01000045.1,16,1,vnfG,d__Bacteria;p__Pseudomonadota;c__Alphaproteobacteria;o__Acetobacterales;f__Acetobacteraceae;g__Rhodopila;s__Rhodopila globiformis,,anfG
205909,RS_GCF_002995845.1,anfG,NZ_PVXP01000083.1_8_A,3.1e-31,105.6,1.3,0,114,9031-9375,-1,0,NZ_PVXP01000083.1,8,1,vnfG,d__Bacteria;p__Bacillota;c__Clostridia;o__Clostridiales;f__Clostridiaceae;g__Clostridium_B;s__Clostridium_B luticellarii,,anfG
205910,RS_GCF_003031265.1,anfG,NZ_CP019966.1_1410_A,3.7e-57,189.5,0.5,30,146,1537369-1537809,-1,0,NZ_CP019966.1,1410,2,anfG,d__Bacteria;p__Pseudomonadota;c__Alphaproteobacteria;o__Rhizobiales;f__Xanthobacteraceae;g__Rhodopseudomonas;s__Rhodopseudomonas palustris_H,,anfG
205911,RS_GCF_003115845.1,anfG,NZ_KZ819024.1_94_A,1.7e-63,209.7,0.9,0,116,107981-108331,-1,0,NZ_KZ819024.1,94,1,anfG,d__Bacteria;p__Pseudomonadota;c__Gammaproteobacteria;o__Enterobacterales;f__Enterobacteriaceae;g__Brenneria;s__Brenneria roseae,,anfG
205912,RS_GCF_003116015.1,anfG,NZ_LGQZ01000083.1_37_A,1.5999999999999999e-31,107.4,0.0,0,114,32377-32721,1,0,NZ_LGQZ01000083.1,37,2,vnfG,d__Bacteria;p__Pseudomonadota;c__Alphaproteobacteria;o__Azospirillales;f__Azospirillaceae;g__Azospirillum;s__Azospirillum sp003116015,,anfG
205913,RS_GCF_003119195.2,anfG,NZ_CP022255.1_593_A,5.1e-34,115.4,0.0,4,120,691879-692241,-1,0,NZ_CP022255.1,593,1,vnfG,d__Bacteria;p__Pseudomonadota;c__Alphaproteobacteria;o__Azospirillales;f__Azospirillaceae;g__Azospirillum;s__Azospirillum baldaniorum,,anfG
205914,RS_GCF_003182095.1,anfG,NZ_QGTJ01000006.1_6_A,4.3e-34,114.8,0.0,0,116,3916-4266,1,0,NZ_QGTJ01000006.1,6,1,vnfG,d__Bacteria;p__Pseudomonadota;c__Gammaproteobacteria;o__Competibacterales;f__Competibacteraceae;g__Plasticicumulans;s__Plasticicumulans acidivorans,,anfG
205915,RS_GCF_003182475.1,anfG,NZ_QGTS01000007.1_181_A,2.1e-60,200.0,2.4,0,114,204364-204708,-1,0,NZ_QGTS01000007.1,181,1,anfG,d__Bacteria;p__Pseudomonadota;c__Gammaproteobacteria;o__Enterobacterales;f__Enterobacteriaceae;g__Mangrovibacter;s__Mangrovibacter plantisponsor,,anfG
205916,RS_GCF_003217355.1,anfG,NZ_QJTK01000011.1_23_A,2.8e-55,183.0,0.1,0,115,20959-21306,1,0,NZ_QJTK01000011.1,23,1,anfG,d__Bacteria;p__Pseudomonadota;c__Alphaproteobacteria;o__Rhodobacterales;f__Rhodobacteraceae;g__Rhodobacter;s__Rhodobacter viridis,,anfG
205917,RS_GCF_003226555.1,anfG,NZ_QKQS01000006.1_445_A,6e-57,188.9,0.5,30,146,505768-506208,1,0,NZ_QKQS01000006.1,445,3,anfG,d__Bacteria;p__Pseudomonadota;c__Alphaproteobacteria;o__Rhizobiales;f__Xanthobacteraceae;g__Rhodopseudomonas;s__Rhodopseudomonas palustris_I,,anfG
205918,RS_GCF_003254295.1,anfG,NZ_QKZO01000014.1_45_A,1.2e-55,184.2,0.1,0,115,56293-56640,-1,0,NZ_QKZO01000014.1,45,1,anfG,d__Bacteria;p__Pseudomonadota;c__Alphaproteobacteria;o__Rhodobacterales;f__Rhodobacteraceae;g__Rhodobacter;s__Rhodobacter capsulatus,,anfG
205919,RS_GCF_003285005.1,anfG,NZ_QMFA01000024.1_62_A,1e-59,198.1,1.7,0,117,72008-72361,-1,0,NZ_QMFA01000024.1,62,1,anfG,d__Bacteria;p__Bacillota;c__Bacilli;o__Paenibacillales;f__NBRC-103111;g__Paenibacillus_AR;s__Paenibacillus_AR sp003285005,,anfG
205920,RS_GCF_003315515.1,anfG,NZ_QNRY01000002.1_42_A,1.1e-63,210.1,0.6,0,116,43050-43400,-1,0,NZ_QNRY01000002.1,42,1,anfG,d__Bacteria;p__Pseudomonadota;c__Gammaproteobacteria;o__Enterobacterales;f__Enterobacteriaceae;g__Brenneria;s__Brenneria salicis,,anfG
205921,RS_GCF_003966715.1,anfG,NZ_AP018907.1_606_A,2.3e-51,170.4,0.1,22,138,687330-687746,-1,0,NZ_AP018907.1,606,1,anfG,d__Bacteria;p__Pseudomonadota;c__Alphaproteobacteria;o__Rhizobiales;f__Xanthobacteraceae;g__Blastochloris;s__Blastochloris tepida,,anfG
205922,RS_GCF_003966895.1,anfG,NZ_AP018449.1_448_A,1.6000000000000002e-33,113.1,0.0,0,112,508802-509140,-1,0,NZ_AP018449.1,448,3,vnfG,d__Bacteria;p__Bacillota;c__Negativicutes;o__Sporomusales;f__Sporomusaceae;g__Methylomusa;s__Methylomusa anaerophila,,anfG
205923,RS_GCF_003966895.1,anfG,NZ_AP018449.1_648_A,7.099999999999999e-62,204.5,0.5,0,112,722833-723171,-1,0,NZ_AP018449.1,648,1,anfG,d__Bacteria;p__Bacillota;c__Negativicutes;o__Sporomusales;f__Sporomusaceae;g__Methylomusa;s__Methylomusa anaerophila,,anfG
205924,RS_GCF_003992725.1,anfG,NZ_RZNF01000004.1_66_A,1.6000000000000004e-59,196.7,1.1,0,116,68834-69184,1,0,NZ_RZNF01000004.1,66,1,anfG,d__Bacteria;p__Pseudomonadota;c__Alphaproteobacteria;o__Rhizobiales;f__Rhodomicrobiaceae;g__Rhodomicrobium;s__Rhodomicrobium lacus,,anfG
205925,RS_GCF_003994235.2,anfG,NZ_RYFG02000121.1_132_A,6.599999999999998e-29,98.3,0.1,1,117,131582-131935,1,0,NZ_RYFG02000121.1,132,4,vnfG,d__Bacteria;p__Pseudomonadota;c__Gammaproteobacteria;o__Methylococcales;f__Methylomonadaceae;g__Methylobacter_A;s__Methylobacter_A oryzae,,anfG
205926,RS_GCF_004337445.1,anfG,NZ_SJZB01000009.1_15_A,3.4e-33,111.6,0.0,1,117,16177-16530,1,0,NZ_SJZB01000009.1,15,1,vnfG,d__Bacteria;p__Pseudomonadota;c__Gammaproteobacteria;o__Burkholderiales;f__Thiobacillaceae;g__Parasulfuritortus;s__Parasulfuritortus cantonensis,,anfG
205927,RS_GCF_004339665.1,anfG,NZ_SMMU01000027.1_42_A,5.799999999999999e-31,104.9,0.0,0,113,32529-32870,-1,0,NZ_SMMU01000027.1,42,1,vnfG,d__Bacteria;p__Pseudomonadota;c__Gammaproteobacteria;o__Pseudomonadales;f__Pseudomonadaceae;g__Azotobacter;s__Azotobacter chroococcum,,anfG
205928,RS_GCF_004341685.1,anfG,NZ_SMAA01000010.1_76_A,1.1999999999999999e-41,138.6,5.6,0,115,93913-94260,-1,0,NZ_SMAA01000010.1,76,1,anfG,d__Bacteria;p__Bacillota;c__Negativicutes;o__Selenomonadales;f__Selenomonadaceae;g__Pectinatus;s__Pectinatus cerevisiiphilus,,anfG
205929,RS_GCF_004342175.1,anfG,NZ_SMAO01000001.1_576_A,4.5000000000000004e-30,101.8,0.1,1,117,649856-650209,-1,0,NZ_SMAO01000001.1,576,1,vnfG,d__Bacteria;p__Pseudomonadota;c__Gammaproteobacteria;o__Chromatiales;f__Chromatiaceae;g__Thiobaca;s__Thiobaca trueperi,,anfG
205930,RS_GCF_004342175.1,anfG,NZ_SMAO01000001.1_332_A,7.8e-60,197.7,0.7,0,116,372361-372711,1,0,NZ_SMAO01000001.1,332,2,anfG,d__Bacteria;p__Pseudomonadota;c__Gammaproteobacteria;o__Chromatiales;f__Chromatiaceae;g__Thiobaca;s__Thiobaca trueperi,,anfG
205931,RS_GCF_004766045.1,anfG,NZ_SPQQ01000003.1_29_A,2.6e-63,209.6,1.9,8,124,28294-28668,1,0,NZ_SPQQ01000003.1,29,2,anfG,d__Bacteria;p__Bacillota;c__Desulfitobacteriia;o__Desulfitobacteriales;f__Desulfitobacteriaceae;g__Desulfosporosinus;s__Desulfosporosinus fructosivorans,,anfG
205932,RS_GCF_004801255.1,anfG,NZ_CP036295.1_2436_A,2.8e-53,176.2,0.1,1,117,2950484-2950837,-1,0,NZ_CP036295.1,2436,1,anfG,d__Bacteria;p__Desulfobacterota;c__Desulfovibrionia;o__Desulfovibrionales;f__Desulfovibrionaceae;g__Desulfovibrio;s__Desulfovibrio desulfuricans_C,,anfG
205933,RS_GCF_004801295.1,anfG,NZ_SSOC01000003.1_583_A,1.3e-53,177.9,0.2,25,141,654531-654956,-1,0,NZ_SSOC01000003.1,583,1,anfG,d__Bacteria;p__Pseudomonadota;c__Gammaproteobacteria;o__Burkholderiales;f__Rhodocyclaceae;g__Pseudothauera;s__Pseudothauera nasutitermitis,,anfG
205934,RS_GCF_004801305.1,anfG,NZ_SSOD01000026.1_22_A,8.3e-35,117.3,0.0,0,113,21182-21523,-1,0,NZ_SSOD01000026.1,22,1,vnfG,d__Bacteria;p__Pseudomonadota;c__Gammaproteobacteria;o__Burkholderiales;f__Rhodocyclaceae;g__Pseudothauera;s__Pseudothauera rhizosphaerae,,anfG
205935,RS_GCF_004802635.2,anfG,NZ_CP046052.1_67_A,9.999999999999999e-29,97.6,0.1,0,113,84748-85089,-1,0,NZ_CP046052.1,67,1,vnfG,d__Bacteria;p__Pseudomonadota;c__Alphaproteobacteria;o__Rhizobiales;f__Beijerinckiaceae;g__Methylocystis;s__Methylocystis heyeri,,anfG
205936,RS_GCF_005144475.1,anfG,NZ_SWJZ01000010.1_22_A,2.9e-55,183.2,0.1,0,115,21033-21380,1,0,NZ_SWJZ01000010.1,22,2,anfG,d__Bacteria;p__Pseudomonadota;c__Alphaproteobacteria;o__Rhodobacterales;f__Rhodobacteraceae;g__Rhodobacter;s__Rhodobacter capsulatus_C,,anfG
205937,RS_GCF_005217455.1,anfG,NZ_SZPQ01000006.1_130_A,1.2e-62,207.3,1.7,0,115,149143-149490,-1,0,NZ_SZPQ01000006.1,130,1,anfG,d__Bacteria;p__Pseudomonadota;c__Gammaproteobacteria;o__Enterobacterales;f__Enterobacteriaceae;g__Acerihabitans;s__Acerihabitans sp005217455,,anfG
205938,RS_GCF_006715975.1,anfG,NZ_VFOF01000001.1_272_A,2.2e-49,163.1,0.4,0,116,315177-315527,1,0,NZ_VFOF01000001.1,272,2,anfG,d__Bacteria;p__Pseudomonadota;c__Alphaproteobacteria;o__Sphingomonadales;f__Sphingomonadaceae;g__Zymomonas;s__Zymomonas mobilis_B,,anfG
205939,RS_GCF_007005445.1,anfG,NZ_CP041387.1_1499_A,2.1e-56,187.0,0.6,30,146,1653962-1654402,-1,0,NZ_CP041387.1,1499,1,anfG,d__Bacteria;p__Pseudomonadota;c__Alphaproteobacteria;o__Rhizobiales;f__Xanthobacteraceae;g__Rhodopseudomonas;s__Rhodopseudomonas palustris_G,,anfG
205940,RS_GCF_007641255.1,anfG,NZ_CP036259.1_1129_A,1.3e-65,216.8,1.8,0,116,1281868-1282218,1,0,NZ_CP036259.1,1129,14,anfG,d__Bacteria;p__Bacillota;c__Negativicutes;o__Sporomusales;f__Sporomusaceae;g__Sporomusa;s__Sporomusa termitida,,anfG
205941,RS_GCF_007830255.1,anfG,NZ_VLKG01000003.1_121_A,5.9e-29,97.9,0.0,0,113,131593-131934,-1,0,NZ_VLKG01000003.1,121,1,vnfG,d__Bacteria;p__Pseudomonadota;c__Gammaproteobacteria;o__Pseudomonadales;f__Pseudomonadaceae;g__Azomonas;s__Azomonas agilis,,anfG
205942,RS_GCF_007830255.1,anfG,NZ_VLKG01000004.1_31_A,3.1e-59,195.6,0.5,18,133,32944-33345,-1,0,NZ_VLKG01000004.1,31,1,anfG,d__Bacteria;p__Pseudomonadota;c__Gammaproteobacteria;o__Pseudomonadales;f__Pseudomonadaceae;g__Azomonas;s__Azomonas agilis,,anfG
205943,RS_GCF_007830295.1,anfG,NZ_VLKC01000002.1_731_A,2.5e-64,212.8,1.5,0,116,786382-786732,-1,0,NZ_VLKC01000002.1,731,4,anfG,d__Bacteria;p__Bacillota;c__Negativicutes;o__Sporomusales;f__Sporomusaceae;g__Sporomusa;s__Sporomusa sp007830295,,anfG
205944,RS_GCF_007992075.1,anfG,NZ_BJZO01000002.1_78_A,4.2e-34,114.6,0.3,0,113,82994-83335,-1,0,NZ_BJZO01000002.1,78,1,vnfG,d__Bacteria;p__Pseudomonadota;c__Alphaproteobacteria;o__Rhodospirillales;f__Rhodospirillaceae;g__Pararhodospirillum;s__Pararhodospirillum oryzae,,anfG
205945,RS_GCF_007992075.1,anfG,NZ_BJZO01000043.1_23_A,1.1e-62,206.8,1.5,0,116,33367-33717,1,0,NZ_BJZO01000043.1,23,1,anfG,d__Bacteria;p__Pseudomonadota;c__Alphaproteobacteria;o__Rhodospirillales;f__Rhodospirillaceae;g__Pararhodospirillum;s__Pararhodospirillum oryzae,,anfG
205946,RS_GCF_008086595.1,anfG,NZ_RXYA01000003.1_87_A,9.6e-58,190.9,6.1,0,116,104967-105317,1,0,NZ_RXYA01000003.1,87,1,anfG,d__Bacteria;p__Bacillota;c__Clostridia;o__Eubacteriales;f__Eubacteriaceae;g__Acetobacterium;s__Acetobacterium paludosum,,anfG
205947,RS_GCF_008630065.1,anfG,NZ_VWPL01000005.1_53_A,4.6999999999999986e-55,182.2,0.1,22,138,69754-70170,1,0,NZ_VWPL01000005.1,53,1,anfG,d__Bacteria;p__Pseudomonadota;c__Alphaproteobacteria;o__Rhizobiales;f__Xanthobacteraceae;g__Blastochloris;s__Blastochloris sulfoviridis,,anfG
205948,RS_GCF_009363155.1,anfG,NZ_CP045302.1_675_A,3.9e-32,108.8,0.1,0,113,799742-800083,1,0,NZ_CP045302.1,675,7,vnfG,d__Bacteria;p__Pseudomonadota;c__Gammaproteobacteria;o__Pseudomonadales;f__Pseudomonadaceae;g__Azotobacter;s__Azotobacter salinestris,,anfG
205949,RS_GCF_009498235.1,anfG,NZ_CP044205.1_363_A,1.1e-29,100.8,0.2,0,114,445821-446165,-1,0,NZ_CP044205.1,363,2,vnfG,d__Bacteria;p__Pseudomonadota;c__Gammaproteobacteria;o__Methylococcales;f__Methylococcaceae;g__Methylospira;s__Methylospira mobilis,,anfG
205950,RS_GCF_009617575.1,anfG,NZ_WIXJ01000009.1_24_A,8.5e-56,184.3,0.0,26,142,24529-24957,1,0,NZ_WIXJ01000009.1,24,2,anfG,d__Bacteria;p__Pseudomonadota;c__Gammaproteobacteria;o__Burkholderiales;f__Rhodocyclaceae;g__Rhodocyclus;s__Rhodocyclus gracilis,,anfG
205951,RS_GCF_009720655.1,anfG,NZ_WNKS01000005.1_234_A,3.7e-28,95.8,0.5,0,113,244351-244692,-1,0,NZ_WNKS01000005.1,234,1,vnfG,d__Bacteria;p__Pseudomonadota;c__Alphaproteobacteria;o__Rhizobiales;f__Beijerinckiaceae;g__Rhodoblastus;s__Rhodoblastus acidophilus_A,,anfG
205952,RS_GCF_009720655.1,anfG,NZ_WNKS01000020.1_62_A,1.1e-54,181.3,0.5,26,142,61360-61788,-1,0,NZ_WNKS01000020.1,62,1,anfG,d__Bacteria;p__Pseudomonadota;c__Alphaproteobacteria;o__Rhizobiales;f__Beijerinckiaceae;g__Rhodoblastus;s__Rhodoblastus acidophilus_A,,anfG
205953,RS_GCF_009856605.1,anfG,NZ_CP047242.1_5205_C,1.6e-30,103.9,0.2,472,587,6323868-6325631,1,0,NZ_CP047242.1,5205,9,anfG,d__Bacteria;p__Cyanobacteriota;c__Cyanobacteriia;o__Cyanobacteriales;f__Nostocaceae;g__Trichormus;s__Trichormus variabilis,,anfG
205954,RS_GCF_009877435.1,anfG,NZ_WXEX01000005.1_219_A,5.1e-65,214.4,2.8,0,116,253310-253660,-1,0,NZ_WXEX01000005.1,219,2,anfG,d__Bacteria;p__Bacillota;c__Desulfitobacteriia;o__Heliobacteriales;f__Heliobacteriaceae;g__Heliomicrobium;s__Heliomicrobium gestii,,anfG
205955,RS_GCF_010131535.1,anfG,NZ_WUBS01000013.1_125_A,3.4e-56,186.5,0.1,0,116,146484-146834,-1,0,NZ_WUBS01000013.1,125,1,anfG,d__Bacteria;p__Pseudomonadota;c__Gammaproteobacteria;o__Enterobacterales;f__Enterobacteriaceae;g__Acerihabitans;s__Acerihabitans arboris,,anfG
205956,RS_GCF_010907035.1,anfG,NZ_QUMK01000077.1_16_A,3.2e-57,189.7,0.5,30,146,15743-16183,-1,0,NZ_QUMK01000077.1,16,1,anfG,d__Bacteria;p__Pseudomonadota;c__Alphaproteobacteria;o__Rhizobiales;f__Xanthobacteraceae;g__Rhodopseudomonas;s__Rhodopseudomonas sp010907035,,anfG
205957,RS_GCF_011022235.1,anfG,NZ_JAAIYP010000026.1_38_A,1e-34,116.9,0.0,0,113,36441-36782,-1,0,NZ_JAAIYP010000026.1,38,1,vnfG,d__Bacteria;p__Pseudomonadota;c__Alphaproteobacteria;o__Rhodospirillales;f__Magnetospirillaceae;g__Magnetospirillum;s__Magnetospirillum aberrantis,,anfG
205958,RS_GCF_011758645.1,anfG,NZ_JAAMOZ010000001.1_2437_A,1.9e-52,173.9,1.3,1,117,2666839-2667192,-1,0,NZ_JAAMOZ010000001.1,2437,1,anfG,d__Bacteria;p__Actinomycetota;c__Actinomycetes;o__Propionibacteriales;f__Propionibacteriaceae;g__Brooklawnia;s__Brooklawnia cerclae,,anfG
205959,RS_GCF_011769985.2,anfG,NZ_CP039734.2_1469_A,6.3e-59,194.5,2.3,9,125,1425500-1425877,-1,0,NZ_CP039734.2,1469,1,anfG,d__Bacteria;p__Campylobacterota;c__Campylobacteria;o__Campylobacterales;f__Sulfurospirillaceae;g__Sulfurospirillum;s__Sulfurospirillum diekertiae,,anfG
205960,RS_GCF_013343235.1,anfG,NZ_CP040094.1_2465_C,7.3e-29,98.8,0.3,240,356,2870403-2871473,-1,0,NZ_CP040094.1,2465,2,anfG,d__Bacteria;p__Cyanobacteriota;c__Cyanobacteriia;o__Cyanobacteriales;f__Nostocaceae;g__Nostoc;s__Nostoc sp013343235,,anfG
205961,RS_GCF_013376455.1,anfG,NZ_CP045504.1_2412_A,9.1e-62,204.1,2.1,0,116,2704575-2704925,1,0,NZ_CP045504.1,2412,4,anfG,d__Bacteria;p__Desulfobacterota;c__Desulfovibrionia;o__Desulfovibrionales;f__Desulfovibrionaceae;g__Desulfolutivibrio;s__Desulfolutivibrio sulfodismutans,,anfG
205962,RS_GCF_013393385.1,anfG,NZ_AP023239.1_2219_A,5.800000000000001e-58,192.2,2.1,0,117,2498529-2498882,1,0,NZ_AP023239.1,2219,14,anfG,d__Bacteria;p__Bacillota;c__Bacilli;o__Paenibacillales;f__Paenibacillaceae;g__Paenibacillus_AQ;s__Paenibacillus_AQ sp013393385,,anfG
205963,RS_GCF_013393905.1,anfG,NZ_CP040273.1_285_D,2.7000000000000003e-28,97.2,0.3,562,678,300671-302707,-1,0,NZ_CP040273.1,285,1,anfG,d__Bacteria;p__Cyanobacteriota;c__Cyanobacteriia;o__Cyanobacteriales;f__Nostocaceae;g__Nostoc;s__Nostoc sp013393905,,anfG
205964,RS_GCF_013415845.1,anfG,NZ_CP058907.1_1403_A,1.7e-54,180.9,0.1,30,146,1505456-1505896,-1,0,NZ_CP058907.1,1403,2,anfG,d__Bacteria;p__Pseudomonadota;c__Alphaproteobacteria;o__Rhizobiales;f__Xanthobacteraceae;g__Rhodopseudomonas;s__Rhodopseudomonas palustris_F,,anfG
205965,RS_GCF_014191985.1,anfG,NZ_JACHXI010000006.1_25_A,3.1e-31,105.6,0.2,0,113,29593-29934,-1,0,NZ_JACHXI010000006.1,25,1,vnfG,d__Bacteria;p__Pseudomonadota;c__Gammaproteobacteria;o__Pseudomonadales;f__Pseudomonadaceae;g__Azomonas;s__Azomonas macrocytogenes,,anfG
205966,RS_GCF_014191985.1,anfG,NZ_JACHXI010000008.1_98_A,1.3e-58,193.9,1.6,15,130,106903-107295,-1,0,NZ_JACHXI010000008.1,98,1,anfG,d__Bacteria;p__Pseudomonadota;c__Gammaproteobacteria;o__Pseudomonadales;f__Pseudomonadaceae;g__Azomonas;s__Azomonas macrocytogenes,,anfG
205967,RS_GCF_014197755.1,anfG,NZ_JACIGE010000001.1_50_A,1.4e-54,180.7,0.0,26,142,59791-60219,1,0,NZ_JACIGE010000001.1,50,1,anfG,d__Bacteria;p__Pseudomonadota;c__Gammaproteobacteria;o__Burkholderiales;f__Rhodocyclaceae;g__Rhodocyclus;s__Rhodocyclus tenuis,,anfG
205968,RS_GCF_014201835.1,anfG,NZ_JACHFH010000040.1_23_A,2.4e-42,140.9,5.1,0,115,17349-17696,-1,0,NZ_JACHFH010000040.1,23,1,anfG,d__Bacteria;p__Bacillota;c__Negativicutes;o__Selenomonadales;f__Selenomonadaceae;g__Pectinatus;s__Pectinatus brassicae,,anfG
205969,RS_GCF_014202345.1,anfG,NZ_JACHGO010000001.1_26_A,6.8e-50,165.3,0.6,1,117,34738-35091,-1,0,NZ_JACHGO010000001.1,26,1,anfG,d__Bacteria;p__Desulfobacterota;c__Desulfovibrionia;o__Desulfovibrionales;f__Desulfovibrionaceae;g__Desulfovibrio;s__Desulfovibrio intestinalis,,anfG
205970,RS_GCF_014203125.1,anfG,NZ_JACHIH010000003.1_49_A,8.4e-53,175.4,0.1,25,141,53585-54010,1,0,NZ_JACHIH010000003.1,49,1,anfG,d__Bacteria;p__Pseudomonadota;c__Alphaproteobacteria;o__Rhizobiales;f__Xanthobacteraceae;g__Rhodopseudomonas_A;s__Rhodopseudomonas_A rhenobacensis,,anfG
205971,RS_GCF_014672695.1,anfG,NZ_CP053923.1_2839_A,9.3e-31,104.1,0.0,0,101,3131552-3131857,-1,0,NZ_CP053923.1,2839,1,vnfG,d__Bacteria;p__Pseudomonadota;c__Alphaproteobacteria;o__Rhodospirillales;f__Defluviicoccaceae;g__Defluviicoccus;s__Defluviicoccus vanus,,anfG
205972,RS_GCF_014697425.1,anfG,NZ_JACJRU010000011.1_130_C,6.5e-31,105.3,0.3,472,587,159999-161762,-1,0,NZ_JACJRU010000011.1,130,1,anfG,d__Bacteria;p__Cyanobacteriota;c__Cyanobacteriia;o__Cyanobacteriales;f__Nostocaceae;g__Nostoc_B;s__Nostoc_B sp014697425,,anfG
205973,RS_GCF_014698475.1,anfG,NZ_JACJTB010000003.1_86_C,1.7e-30,103.9,0.2,472,587,91807-93570,-1,0,NZ_JACJTB010000003.1,86,2,anfG,d__Bacteria;p__Cyanobacteriota;c__Cyanobacteriia;o__Cyanobacteriales;f__Nostocaceae;g__Nostoc_B;s__Nostoc_B spongiaeforme,,anfG
205974,RS_GCF_015207245.1,anfG,NZ_JADEXF010000046.1_1_A,2.2000000000000004e-28,96.8,0.6,98,214,2-646,1,0,NZ_JADEXF010000046.1,1,1,anfG,d__Bacteria;p__Cyanobacteriota;c__Cyanobacteriia;o__Cyanobacteriales;f__Nostocaceae;g__Nostoc;s__Nostoc edaphicum_B,,anfG
205975,RS_GCF_015732285.1,anfG,NZ_WIQU01000056.1_14_A,7.6e-41,136.1,5.5,0,115,14355-14702,1,0,NZ_WIQU01000056.1,14,1,anfG,d__Bacteria;p__Bacillota;c__Negativicutes;o__Selenomonadales;f__Selenomonadaceae;g__Pectinatus;s__Pectinatus frisingensis,,anfG
205976,RS_GCF_015762685.1,anfG,NZ_PEHF01000066.1_128_A,3.1000000000000006e-58,193.2,1.3,0,114,89037-89381,-1,0,NZ_PEHF01000066.1,128,1,anfG,d__Bacteria;p__Pseudomonadota;c__Gammaproteobacteria;o__Enterobacterales;f__Enterobacteriaceae;g__Symbiopectobacterium;s__Symbiopectobacterium sp015762685,,anfG
205977,RS_GCF_016056275.1,anfG,NZ_JAECZA010000233.1_7_C,5.9e-29,99.2,1.2,567,682,6050-8098,-1,0,NZ_JAECZA010000233.1,7,2,anfG,d__Bacteria;p__Cyanobacteriota;c__Cyanobacteriia;o__Cyanobacteriales;f__Nostocaceae;g__Dendronalium;s__Dendronalium phyllosphericum,,anfG
205978,RS_GCF_016583785.1,anfG,NZ_NRRU01000136.1_7_A,5.2999999999999996e-55,182.6,0.1,26,142,8829-9257,1,0,NZ_NRRU01000136.1,7,1,anfG,d__Bacteria;p__Pseudomonadota;c__Gammaproteobacteria;o__Burkholderiales;f__Burkholderiaceae_C;g__Rubrivivax;s__Rubrivivax gelatinosus_B,,anfG
205979,RS_GCF_016865365.1,anfG,NZ_AP024469.1_3339_A,7.199999999999999e-55,182.0,1.1,26,142,3609584-3610012,-1,0,NZ_AP024469.1,3339,5,anfG,d__Bacteria;p__Desulfobacterota;c__Desulfuromonadia;o__Geobacterales;f__Pseudopelobacteraceae;g__Pelotalea;s__Pelotalea sp012556225,,anfG
205980,RS_GCF_016865525.2,anfG,NZ_CP075169.1_87_A,2e-58,194.0,0.5,0,116,99371-99721,1,0,NZ_CP075169.1,87,3,anfG,d__Bacteria;p__Pseudomonadota;c__Gammaproteobacteria;o__Enterobacterales;f__Enterobacteriaceae;g__Acerihabitans;s__Acerihabitans ligni,,anfG
205981,RS_GCF_016919065.1,anfG,NZ_JAFFQA010000010.1_68_A,1.5e-35,119.8,0.3,0,112,82975-83313,1,0,NZ_JAFFQA010000010.1,68,1,vnfG,d__Bacteria;p__Desulfobacterota;c__Desulfobulbia;o__Desulfobulbales;f__Desulfobulbaceae;g__Desulfobulbus;s__Desulfobulbus rhabdoformis,,anfG
205982,RS_GCF_017114945.1,anfG,NZ_JABXKQ010000098.1_17_D,3.3e-27,93.4,0.3,549,665,21523-23520,-1,0,NZ_JABXKQ010000098.1,17,1,anfG,d__Bacteria;p__Cyanobacteriota;c__Cyanobacteriia;o__Cyanobacteriales;f__Nostocaceae;g__Nostoc;s__Nostoc sp017114945,,anfG
205983,RS_GCF_017115025.1,anfG,NZ_JABXKM010000242.1_1_C,1.3e-27,94.7,0.3,128,244,3-737,1,0,NZ_JABXKM010000242.1,1,1,anfG,d__Bacteria;p__Cyanobacteriota;c__Cyanobacteriia;o__Cyanobacteriales;f__Nostocaceae;g__Nostoc;s__Nostoc sp017115025,,anfG
205984,RS_GCF_017115085.1,anfG,NZ_JABXKJ010000250.1_1_A,8.300000000000001e-28,95.6,0.6,203,319,1-960,1,0,NZ_JABXKJ010000250.1,1,1,anfG,d__Bacteria;p__Cyanobacteriota;c__Cyanobacteriia;o__Cyanobacteriales;f__Nostocaceae;g__Nostoc;s__Nostoc sp017115085,,anfG
205985,RS_GCF_017115095.1,anfG,NZ_JABXKI010000283.1_19_A,7.000000000000001e-29,98.8,0.5,65,181,22700-23245,-1,0,NZ_JABXKI010000283.1,19,1,vnfG,d__Bacteria;p__Cyanobacteriota;c__Cyanobacteriia;o__Cyanobacteriales;f__Nostocaceae;g__Nostoc;s__Nostoc sp017115095,,anfG
205986,RS_GCF_017115105.1,anfG,NZ_JABXKH010000140.1_13_A,3.4e-29,99.8,0.5,126,242,11782-12510,-1,0,NZ_JABXKH010000140.1,13,1,anfG,d__Bacteria;p__Cyanobacteriota;c__Cyanobacteriia;o__Cyanobacteriales;f__Nostocaceae;g__Nostoc;s__Nostoc sp017115105,,anfG
205987,RS_GCF_017115165.1,anfG,NZ_JABXKF010000058.1_59_A,5.6000000000000005e-28,96.0,0.3,217,333,64389-65390,-1,0,NZ_JABXKF010000058.1,59,1,anfG,d__Bacteria;p__Cyanobacteriota;c__Cyanobacteriia;o__Cyanobacteriales;f__Nostocaceae;g__Nostoc;s__Nostoc sp017115165,,anfG
205988,RS_GCF_017569925.1,anfG,NZ_CP050854.1_829_A,1.4999999999999998e-62,206.9,1.5,0,116,952331-952681,1,0,NZ_CP050854.1,829,4,anfG,d__Bacteria;p__Pseudomonadota;c__Gammaproteobacteria;o__Enterobacterales;f__Enterobacteriaceae;g__Brenneria;s__Brenneria izadpanahii,,anfG
205989,RS_GCF_018224925.1,anfG,NZ_JAGTUF010000023.1_4_A,2.3e-36,122.2,0.0,0,113,3083-3424,1,0,NZ_JAGTUF010000023.1,4,3,vnfG,d__Bacteria;p__Pseudomonadota;c__Alphaproteobacteria;o__Rhodospirillales;f__Magnetospirillaceae;g__Magnetospirillum;s__Magnetospirillum sulfuroxidans,,anfG
205990,RS_GCF_018449575.1,anfG,NZ_JAAVUT010000006.1_99_A,3e-58,193.2,0.5,0,116,105917-106267,1,0,NZ_JAAVUT010000006.1,99,1,anfG,d__Bacteria;p__Pseudomonadota;c__Gammaproteobacteria;o__Enterobacterales;f__Enterobacteriaceae;g__Acerihabitans;s__Acerihabitans sp018449575,,anfG
205991,RS_GCF_018619435.1,anfG,NZ_JAHFZF010000004.1_77_A,3.4e-56,186.2,0.4,27,143,70532-70963,1,0,NZ_JAHFZF010000004.1,77,1,anfG,d__Bacteria;p__Pseudomonadota;c__Gammaproteobacteria;o__Burkholderiales;f__Burkholderiaceae_C;g__Rhodoferax;s__Rhodoferax sp018619435,,anfG
205992,RS_GCF_018835585.1,anfG,NZ_JAHGVE010000002.1_36_A,1.4e-57,191.0,2.4,6,122,42224-42592,1,0,NZ_JAHGVE010000002.1,36,1,anfG,d__Bacteria;p__Bacillota;c__Negativicutes;o__UMGS1260;f__UMGS1260;g__Pelorhabdus;s__Pelorhabdus rhamnosifermentans,,anfG
205993,RS_GCF_018861295.1,anfG,NZ_JAHLDM010000008.1_78_A,1.0999999999999999e-53,178.4,2.4,0,112,87234-87572,-1,0,NZ_JAHLDM010000008.1,78,1,anfG,d__Bacteria;p__Bacillota;c__Clostridia;o__Clostridiales;f__Clostridiaceae;g__Clostridium_AD;s__Clostridium_AD estertheticum_D,,anfG
205994,RS_GCF_018905915.1,anfG,NZ_CP064782.1_65_A,4.6e-37,124.0,0.2,0,112,72110-72448,-1,0,NZ_CP064782.1,65,1,vnfG,d__Bacteria;p__Pseudomonadota;c__Gammaproteobacteria;o__Burkholderiales;f__Rhodocyclaceae;g__Azospira;s__Azospira inquinata,,anfG
205995,RS_GCF_018905915.1,anfG,NZ_CP064782.1_249_A,4.7e-54,178.8,0.3,26,142,284677-285105,1,0,NZ_CP064782.1,249,4,anfG,d__Bacteria;p__Pseudomonadota;c__Gammaproteobacteria;o__Burkholderiales;f__Rhodocyclaceae;g__Azospira;s__Azospira inquinata,,anfG
205996,RS_GCF_018966525.1,anfG,NZ_CP076607.1_2899_A,5.5e-58,192.4,2.3,0,117,3151688-3152041,1,0,NZ_CP076607.1,2899,16,anfG,d__Bacteria;p__Bacillota;c__Bacilli;o__Paenibacillales;f__Paenibacillaceae;g__Paenibacillus_AQ;s__Paenibacillus_AQ sophorae,,anfG
205997,RS_GCF_019207025.1,anfG,NZ_JAEEGC010000053.1_15_A,1.6e-32,110.4,1.0,0,115,15911-16258,-1,0,NZ_JAEEGC010000053.1,15,1,vnfG,d__Bacteria;p__Bacillota;c__Clostridia;o__Clostridiales;f__Clostridiaceae;g__Clostridium_AM;s__Clostridium_AM thailandense,,anfG
205998,RS_GCF_019352175.1,anfG,NZ_JACBYI010000014.1_106_A,1.6e-61,204.0,2.8,0,116,131688-132038,1,0,NZ_JACBYI010000014.1,106,1,anfG,d__Bacteria;p__Bacillota;c__Bacilli;o__Paenibacillales;f__Paenibacillaceae;g__Paenibacillus_AQ;s__Paenibacillus_AQ sp019352175,,anfG
205999,RS_GCF_019797845.1,anfG,NZ_CP081864.1_3390_A,9.9e-59,194.6,1.2,0,114,3488376-3488720,-1,0,NZ_CP081864.1,3390,1,anfG,d__Bacteria;p__Pseudomonadota;c__Gammaproteobacteria;o__Enterobacterales;f__Enterobacteriaceae;g__Symbiopectobacterium;s__Symbiopectobacterium purcellii,,anfG
206000,RS_GCF_019904155.1,anfG,NZ_JAHCMB010000070.1_20_A,4.8e-55,183.0,3.3,0,117,15745-16098,-1,0,NZ_JAHCMB010000070.1,20,1,anfG,d__Bacteria;p__Bacillota;c__Bacilli;o__Paenibacillales;f__Paenibacillaceae;g__Paenibacillus_AQ;s__Paenibacillus_AQ sinensis,,anfG
206001,RS_GCF_020443705.1,anfG,NZ_JAIZZK010000006.1_109_A,3.0000000000000003e-31,105.8,0.5,0,112,103547-103885,1,0,NZ_JAIZZK010000006.1,109,1,vnfG,d__Bacteria;p__Bacillota;c__Clostridia;o__Clostridiales;f__Clostridiaceae;g__Clostridium_AD;s__Clostridium_AD algoriphilum,,anfG
206002,RS_GCF_020523985.1,anfG,NZ_JAIVKM010000001.1_397_A,1.7e-60,200.2,2.5,0,114,429013-429357,1,0,NZ_JAIVKM010000001.1,397,1,anfG,d__Bacteria;p__Pseudomonadota;c__Gammaproteobacteria;o__Enterobacterales;f__Enterobacteriaceae;g__Mangrovibacter;s__Mangrovibacter yixingensis,,anfG
206003,RS_GCF_020595055.1,anfG,NZ_JAJDOO010000010.1_126_A,5.2e-64,211.7,1.6,4,120,123478-123840,-1,0,NZ_JAJDOO010000010.1,126,1,anfG,d__Bacteria;p__Bacillota;c__Desulfitobacteriia;o__Desulfitobacteriales;f__Desulfitobacteriaceae;g__Desulfosporosinus;s__Desulfosporosinus shakirovi,,anfG
206004,RS_GCF_020819555.1,anfG,NZ_JAJHJB010000029.1_19_A,1.7000000000000001e-65,216.5,4.6,0,116,17466-17816,-1,0,NZ_JAJHJB010000029.1,19,1,anfG,d__Bacteria;p__Bacillota;c__Negativicutes;o__DSM-13327;f__DSM-13327;g__Pelosinus;s__Pelosinus baikalensis,,anfG
206005,RS_GCF_020829685.1,anfG,NZ_JAIVFR010000293.1_4_C,2.8e-28,97.0,0.3,582,698,3265-5361,-1,0,NZ_JAIVFR010000293.1,4,1,anfG,d__Bacteria;p__Cyanobacteriota;c__Cyanobacteriia;o__Cyanobacteriales;f__Nostocaceae;g__Nostoc;s__Nostoc sp020829685,,anfG
206006,RS_GCF_021209385.1,anfG,NZ_JAJOIL010000007.1_13_A,8.5e-52,171.5,0.2,0,114,12880-13224,-1,0,NZ_JAJOIL010000007.1,13,1,anfG,d__Bacteria;p__Chrysiogenota;c__Deferribacteres;o__Deferribacterales;f__Geovibrionaceae;g__Seleniivibrio;s__Seleniivibrio sp021209385,,anfG
206007,RS_GCF_021596505.1,anfG,NZ_PJIZ01000082.1_8_C,3.0000000000000003e-31,106.2,0.2,474,590,9361-11133,1,0,NZ_PJIZ01000082.1,8,1,anfG,d__Bacteria;p__Cyanobacteriota;c__Cyanobacteriia;o__Cyanobacteriales;f__Nostocaceae;g__Trichormus;s__Trichormus sp021596505,,anfG
206008,RS_GCF_021730435.1,anfG,NZ_JABWGX010000011.1_89_A,6e-34,114.5,0.0,0,113,116618-116959,1,0,NZ_JABWGX010000011.1,89,2,vnfG,d__Bacteria;p__Pseudomonadota;c__Alphaproteobacteria;o__Rhizobiales;f__Xanthobacteraceae;g__Xanthobacter;s__Xanthobacter agilis,,anfG
206009,RS_GCF_022271405.1,anfG,NZ_JAJNAL010000004.1_21_A,4.6e-56,186.0,0.8,30,146,24577-25017,1,0,NZ_JAJNAL010000004.1,21,1,anfG,d__Bacteria;p__Pseudomonadota;c__Alphaproteobacteria;o__Rhizobiales;f__Xanthobacteraceae;g__Rhodopseudomonas;s__Rhodopseudomonas infernalis,,anfG
206010,RS_GCF_022369515.1,anfG,NZ_CP059724.1_4290_A,8.1e-63,208.1,2.3,0,116,4597466-4597816,-1,0,NZ_CP059724.1,4290,1,anfG,d__Bacteria;p__Bacillota;c__Bacilli;o__Paenibacillales;f__Paenibacillaceae;g__Paenibacillus_AQ;s__Paenibacillus_AQ sp022369515,,anfG
206011,RS_GCF_022482905.1,anfG,NZ_JAKVOI010000001.1_156_A,2.5e-57,189.6,2.6,0,116,144119-144469,1,0,NZ_JAKVOI010000001.1,156,9,anfG,d__Bacteria;p__Bacillota;c__Clostridia;o__Clostridiales;f__Clostridiaceae;g__Clostridium_B;s__Clostridium_B sp022482905,,anfG
206012,RS_GCF_022508225.1,anfG,NZ_JAETXJ010000001.1_373_A,5.0999999999999995e-53,175.5,0.1,1,117,433717-434070,1,0,NZ_JAETXJ010000001.1,373,1,anfG,d__Bacteria;p__Desulfobacterota;c__Desulfovibrionia;o__Desulfovibrionales;f__Desulfovibrionaceae;g__Desulfovibrio;s__Desulfovibrio sp022508225,,anfG
206013,RS_GCF_024125445.1,anfG,NZ_JAMXWM010000003.1_153_A,3.4999999999999995e-55,183.1,3.3,0,116,152827-153177,-1,0,NZ_JAMXWM010000003.1,153,1,anfG,d__Bacteria;p__Bacillota;c__Bacilli;o__Bacillales;f__Sporolactobacillaceae;g__Sporolactobacillus;s__Sporolactobacillus shoreicorticis,,anfG
206014,RS_GCF_024460775.1,anfG,NZ_JANFYZ010000004.1_22_A,4.599999999999999e-53,175.7,0.1,1,117,28105-28458,-1,0,NZ_JANFYZ010000004.1,22,1,anfG,d__Bacteria;p__Desulfobacterota;c__Desulfovibrionia;o__Desulfovibrionales;f__Desulfovibrionaceae;g__Desulfovibrio;s__Desulfovibrio desulfuricans_E,,anfG
206015,RS_GCF_025860405.1,anfG,NZ_CP063785.1_5662_C,2.5e-26,90.8,0.2,478,594,7126005-7127789,1,0,NZ_CP063785.1,5662,8,anfG,d__Bacteria;p__Cyanobacteriota;c__Cyanobacteriia;o__Cyanobacteriales;f__Nostocaceae;g__Aulosira;s__Aulosira diplosiphon,,anfG
206016,RS_GCF_025961575.1,anfG,NZ_JAOQNX010000010.1_39_A,6.9e-55,182.1,0.4,26,142,38017-38445,-1,0,NZ_JAOQNX010000010.1,39,1,anfG,d__Bacteria;p__Pseudomonadota;c__Alphaproteobacteria;o__Rhizobiales;f__Beijerinckiaceae;g__Rhodoblastus;s__Rhodoblastus acidophilus_C,,anfG
206017,RS_GCF_025961575.1,anfG,NZ_JAOQNX010000014.1_28_A,2.8e-29,99.5,0.5,0,113,34619-34960,1,0,NZ_JAOQNX010000014.1,28,2,vnfG,d__Bacteria;p__Pseudomonadota;c__Alphaproteobacteria;o__Rhizobiales;f__Beijerinckiaceae;g__Rhodoblastus;s__Rhodoblastus acidophilus_C,,anfG
206018,RS_GCF_025962655.1,anfG,NZ_JAGFPE010000009.1_75_A,2.4e-58,193.3,1.2,0,114,76794-77138,-1,0,NZ_JAGFPE010000009.1,75,1,anfG,d__Bacteria;p__Pseudomonadota;c__Gammaproteobacteria;o__Enterobacterales;f__Enterobacteriaceae;g__Symbiopectobacterium;s__Symbiopectobacterium sp025962655,,anfG
206019,RS_GCF_026127265.1,anfG,NZ_WWFG01000002.1_283_C,2.1e-27,94.3,0.5,569,685,395148-397205,-1,0,NZ_WWFG01000002.1,283,2,anfG,d__Bacteria;p__Cyanobacteriota;c__Cyanobacteriia;o__Cyanobacteriales;f__Nostocaceae;g__Nostoc;s__Nostoc sp026127265,,anfG
206020,RS_GCF_026650985.1,anfG,NZ_CP086239.1_2430_A,1.0999999999999999e-53,178.4,2.1,0,112,2517999-2518337,-1,0,NZ_CP086239.1,2430,1,anfG,d__Bacteria;p__Bacillota;c__Clostridia;o__Clostridiales;f__Clostridiaceae;g__Clostridium_AD;s__Clostridium_AD estertheticum_C,,anfG
206021,RS_GCF_027571405.1,anfG,NZ_CP092968.1_2156_A,2.6e-31,106.0,0.5,0,113,2245730-2246071,-1,0,NZ_CP092968.1,2156,1,vnfG,d__Bacteria;p__Pseudomonadota;c__Alphaproteobacteria;o__Rhizobiales;f__Beijerinckiaceae;g__Methylocystis;s__Methylocystis parva,,anfG
206022,RS_GCF_027925445.1,anfG,NZ_AP027149.1_4170_A,3.1999999999999997e-31,105.7,1.3,0,113,4465762-4466103,1,0,NZ_AP027149.1,4170,8,vnfG,d__Bacteria;p__Pseudomonadota;c__Alphaproteobacteria;o__Rhizobiales;f__Beijerinckiaceae;g__Methylocystis;s__Methylocystis bryophila,,anfG
206023,RS_GCF_027943965.1,anfG,NZ_AP027151.1_538_A,5.5e-51,169.3,0.3,26,142,574048-574476,-1,0,NZ_AP027151.1,538,1,anfG,d__Bacteria;p__Desulfobacterota;c__Desulfuromonadia;o__Geobacterales;f__Geobacteraceae;g__Geobacter;s__Geobacter uraniireducens,,anfG
206024,RS_GCF_028623165.1,anfG,NZ_CP117772.1_708_D,7.300000000000001e-27,92.4,0.5,647,762,980492-982780,-1,0,NZ_CP117772.1,708,1,anfG,d__Bacteria;p__Cyanobacteriota;c__Cyanobacteriia;o__Cyanobacteriales;f__Nostocaceae;g__Nostoc;s__Nostoc sp028623165,,anfG
206025,RS_GCF_029267515.1,anfG,NZ_JAJUIS010000005.1_165_A,8.2e-52,171.4,0.5,16,132,190666-191064,1,0,NZ_JAJUIS010000005.1,165,3,anfG,d__Bacteria;p__Chrysiogenota;c__Deferribacteres;o__Deferribacterales;f__Geovibrionaceae;g__Seleniivibrio;s__Seleniivibrio woodruffii_A,,anfG
206026,RS_GCF_029379315.1,anfG,NZ_JAQYWQ010000199.1_6_B,1.2e-27,94.8,0.6,111,226,6418-7098,-1,0,NZ_JAQYWQ010000199.1,6,1,vnfG,d__Bacteria;p__Cyanobacteriota;c__Cyanobacteriia;o__Cyanobacteriales;f__Nostocaceae;g__Nostoc;s__Nostoc sp029379315,,anfG
206027,RS_GCF_029689925.1,anfG,NZ_CP121445.1_1295_A,1.8e-63,210.1,2.8,0,112,1620793-1621131,1,0,NZ_CP121445.1,1295,9,anfG,d__Bacteria;p__Bacillota;c__Clostridia;o__Lachnospirales;f__Lachnospiraceae;g__Anaerocolumna;s__Anaerocolumna sp029689925,,anfG
206028,RS_GCF_029978005.1,anfG,NZ_JARKOZ010000014.1_27_A,3.7e-61,202.3,3.5,0,116,30823-31173,1,0,NZ_JARKOZ010000014.1,27,1,anfG,d__Bacteria;p__Desulfobacterota;c__Desulfovibrionia;o__Desulfovibrionales;f__Desulfovibrionaceae;g__Solidesulfovibrio;s__Solidesulfovibrio sp029978005,,anfG
206029,RS_GCF_030269905.1,anfG,NZ_BSVC01000010.1_157_A,2.2e-65,216.1,2.3,0,116,169650-170000,-1,0,NZ_BSVC01000010.1,157,1,anfG,d__Bacteria;p__Bacillota;c__Negativicutes;o__DSM-13327;f__DSM-13327;g__Pelosinus;s__Pelosinus sp030269905,,anfG
206030,RS_GCF_030813505.1,anfG,NZ_JAUSUE010000023.1_46_A,3.8e-43,143.6,4.7,0,115,50423-50770,-1,0,NZ_JAUSUE010000023.1,46,1,anfG,d__Bacteria;p__Bacillota;c__Negativicutes;o__Selenomonadales;f__Selenomonadaceae;g__Pectinatus;s__Pectinatus haikarae,,anfG
206031,RS_GCF_030824455.1,anfG,NZ_JAVBXR010000107.1_22_A,2.5000000000000003e-67,221.8,3.6,0,116,27774-28124,-1,0,NZ_JAVBXR010000107.1,22,1,anfG,d__Bacteria;p__Desulfobacterota;c__Desulfobulbia;o__Desulfobulbales;f__Desulfobulbaceae;g__Desulfobulbus;s__Desulfobulbus sp030824455,,anfG
206032,RS_GCF_030954495.1,anfG,NZ_JAVHUW010000070.1_152_A,3.9e-63,208.9,1.1,4,120,141425-141787,1,0,NZ_JAVHUW010000070.1,152,1,anfG,d__Bacteria;p__Bacillota;c__Desulfitobacteriia;o__Desulfitobacteriales;f__Desulfitobacteriaceae;g__Desulfosporosinus;s__Desulfosporosinus nitrosoreducens,,anfG
206033,RS_GCF_031291415.1,anfG,NZ_JARLJB010000007.1_53_A,2.3e-57,190.6,2.3,0,114,58251-58595,1,0,NZ_JARLJB010000007.1,53,2,anfG,d__Bacteria;p__Pseudomonadota;c__Alphaproteobacteria;o__Rhodospirillales;f__Magnetospirillaceae;g__Telmatospirillum;s__Telmatospirillum sp031291415,,anfG
206034,RS_GCF_031292145.1,anfG,NZ_JARLHR010000095.1_23_A,9.9e-24,82.0,0.7,0,113,26324-26665,1,0,NZ_JARLHR010000095.1,23,2,vnfG,d__Bacteria;p__Bacillota;c__Clostridia;o__Clostridiales;f__Clostridiaceae;g__Clostridium;s__Clostridium sp031292145,,anfG
206035,RS_GCF_031954385.1,anfG,NZ_JAUSUY010000004.1_228_A,4.600000000000001e-58,192.4,2.3,0,117,231749-232102,-1,0,NZ_JAUSUY010000004.1,228,1,anfG,d__Bacteria;p__Bacillota;c__Bacilli;o__Paenibacillales;f__Paenibacillaceae;g__Paenibacillus_AQ;s__Paenibacillus_AQ forsythiae,,anfG
206036,RS_GCF_034006445.1,anfG,NZ_JAVESS010000009.1_20_A,4.8e-49,162.7,0.2,1,117,29628-29981,-1,0,NZ_JAVESS010000009.1,20,1,anfG,d__Bacteria;p__Desulfobacterota;c__Desulfovibrionia;o__Desulfovibrionales;f__Desulfovibrionaceae;g__Desulfovibrio;s__Desulfovibrio sp034006445,,anfG
206037,RS_GCF_034531155.1,anfG,NZ_JAVRBS010000049.1_33_A,3.2e-29,100.0,0.5,115,231,36266-36961,-1,0,NZ_JAVRBS010000049.1,33,1,anfG,d__Bacteria;p__Cyanobacteriota;c__Cyanobacteriia;o__Cyanobacteriales;f__Nostocaceae;g__Nostoc;s__Nostoc sp034531155,,anfG
206038,RS_GCF_034931845.1,anfG,NZ_JAYGHN010000059.1_17_A,4.6e-34,115.2,0.4,94,210,20501-21133,-1,0,NZ_JAYGHN010000059.1,17,1,vnfG,d__Bacteria;p__Cyanobacteriota;c__Cyanobacteriia;o__Cyanobacteriales;f__Nostocaceae;g__Brunnivagina;s__Brunnivagina sp034931845,,anfG
206039,RS_GCF_035561255.1,anfG,NZ_DATMXX010000238.1_6_A,9.3e-63,207.6,1.9,0,116,4284-4634,1,0,NZ_DATMXX010000238.1,6,1,anfG,d__Bacteria;p__Bacillota;c__Negativicutes;o__Sporomusales;f__Sporomusaceae;g__Sporomusa;s__Sporomusa sp035561255,,anfG
206040,RS_GCF_035644575.1,anfG,NZ_DASQOG010000095.1_31_A,4.9e-53,175.5,0.1,1,117,33508-33861,1,0,NZ_DASQOG010000095.1,31,1,anfG,d__Bacteria;p__Desulfobacterota;c__Desulfovibrionia;o__Desulfovibrionales;f__Desulfovibrionaceae;g__Desulfovibrio;s__Desulfovibrio sp035644575,,anfG
206041,RS_GCF_036016195.1,anfG,NZ_JAYWTM010000022.1_64_A,1.2e-61,203.8,2.6,0,116,71842-72192,1,0,NZ_JAYWTM010000022.1,64,1,anfG,d__Bacteria;p__Pseudomonadota;c__Gammaproteobacteria;o__Enterobacterales;f__Enterobacteriaceae;g__Brenneria;s__Brenneria populi,,anfG
206042,RS_GCF_036398755.1,anfG,NZ_DASWOM010000129.1_9_A,3.4e-56,186.3,0.3,0,116,5792-6142,-1,0,NZ_DASWOM010000129.1,9,1,anfG,d__Bacteria;p__Pseudomonadota;c__Gammaproteobacteria;o__Enterobacterales;f__Enterobacteriaceae;g__Acerihabitans;s__Acerihabitans sp036398755,,anfG
206043,RS_GCF_036404135.1,anfG,NZ_DASWPE010000143.1_4_A,2.2999999999999997e-53,177.2,0.2,26,142,2872-3300,-1,0,NZ_DASWPE010000143.1,4,1,anfG,d__Bacteria;p__Pseudomonadota;c__Alphaproteobacteria;o__Rhizobiales;f__Xanthobacteraceae;g__Rhodopseudomonas_A;s__Rhodopseudomonas_A sp036404135,,anfG
206044,RS_GCF_036562005.2,anfG,NZ_JARXNH020000057.1_800_A,7.5e-58,191.6,1.2,0,114,846774-847118,-1,0,NZ_JARXNH020000057.1,800,1,anfG,d__Bacteria;p__Pseudomonadota;c__Gammaproteobacteria;o__Enterobacterales;f__Enterobacteriaceae;g__Klebsiella;s__Klebsiella scottii,,anfG
206045,RS_GCF_036781005.1,anfG,NZ_DAIQBT010000001.1_27_A,9.1e-32,107.0,1.9,0,112,28680-29018,1,0,NZ_DAIQBT010000001.1,27,1,vnfG,d__Bacteria;p__Bacillota;c__Clostridia;o__Clostridiales;f__Clostridiaceae;g__Clostridium_B;s__Clostridium_B sp036781005,,anfG
206046,RS_GCF_036781005.1,anfG,NZ_DAIQBT010000016.1_36_A,9.2e-61,200.5,6.0,0,115,36090-36437,-1,0,NZ_DAIQBT010000016.1,36,1,anfG,d__Bacteria;p__Bacillota;c__Clostridia;o__Clostridiales;f__Clostridiaceae;g__Clostridium_B;s__Clostridium_B sp036781005,,anfG
206047,RS_GCF_036824685.1,anfG,NZ_DAISZR010000034.1_6_A,3.2e-30,102.7,0.2,1,117,7993-8346,1,0,NZ_DAISZR010000034.1,6,2,vnfG,d__Bacteria;p__Pseudomonadota;c__Gammaproteobacteria;o__Methylococcales;f__Methylomonadaceae;g__Methylobacter_A;s__Methylobacter_A sp036824685,,anfG
206048,RS_GCF_036916575.1,anfG,NZ_JBALGC010000143.1_29_B,1.7000000000000003e-28,97.6,0.5,674,790,33097-35469,-1,0,NZ_JBALGC010000143.1,29,1,anfG,d__Bacteria;p__Cyanobacteriota;c__Cyanobacteriia;o__Cyanobacteriales;f__Nostocaceae;g__Nostoc;s__Nostoc sp036916575,,anfG
206049,RS_GCF_036916655.1,anfG,NZ_JBALFY010000108.1_6_B,4.1e-29,99.5,0.2,128,244,6498-7232,-1,0,NZ_JBALFY010000108.1,6,1,vnfG,d__Bacteria;p__Cyanobacteriota;c__Cyanobacteriia;o__Cyanobacteriales;f__Nostocaceae;g__Nostoc;s__Nostoc sp036916655,,anfG
206050,RS_GCF_036916735.1,anfG,NZ_JBALFV010000076.1_11_A,1.3e-28,97.9,0.7,86,201,13622-14227,-1,0,NZ_JBALFV010000076.1,11,1,vnfG,d__Bacteria;p__Cyanobacteriota;c__Cyanobacteriia;o__Cyanobacteriales;f__Nostocaceae;g__Nostoc;s__Nostoc sp036916735,,anfG
206051,RS_GCF_036916975.1,anfG,NZ_JBALFF010000013.1_5_B,7.600000000000001e-28,95.3,0.6,225,341,5847-6872,-1,0,NZ_JBALFF010000013.1,5,1,anfG,d__Bacteria;p__Cyanobacteriota;c__Cyanobacteriia;o__Cyanobacteriales;f__Nostocaceae;g__Nostoc;s__Nostoc sp036916975,,anfG
206052,RS_GCF_036916985.1,anfG,NZ_JBALFD010000025.1_141_A,3.9e-29,99.6,0.3,146,262,173642-174430,-1,0,NZ_JBALFD010000025.1,141,1,anfG,d__Bacteria;p__Cyanobacteriota;c__Cyanobacteriia;o__Cyanobacteriales;f__Nostocaceae;g__Nostoc;s__Nostoc sp036916985,,anfG
206053,RS_GCF_036917135.1,anfG,NZ_JBALEA010000023.1_138_D,1.8e-27,94.1,0.4,604,720,162851-165013,1,0,NZ_JBALEA010000023.1,138,1,anfG,d__Bacteria;p__Cyanobacteriota;c__Cyanobacteriia;o__Cyanobacteriales;f__Nostocaceae;g__Nostoc;s__Nostoc sp036917135,,anfG
206054,RS_GCF_036917155.1,anfG,NZ_JBALDZ010000215.1_86_D,2.2000000000000004e-28,97.2,0.3,569,685,95919-97976,-1,0,NZ_JBALDZ010000215.1,86,1,anfG,d__Bacteria;p__Cyanobacteriota;c__Cyanobacteriia;o__Cyanobacteriales;f__Nostocaceae;g__Nostoc;s__Nostoc sp036917155,,anfG
206055,RS_GCF_036917195.1,anfG,NZ_JBALDG010000101.1_23_A,3.8000000000000005e-28,96.4,0.5,218,334,23263-24267,-1,0,NZ_JBALDG010000101.1,23,1,anfG,d__Bacteria;p__Cyanobacteriota;c__Cyanobacteriia;o__Cyanobacteriales;f__Nostocaceae;g__Nostoc;s__Nostoc sp036917195,,anfG
206056,RS_GCF_036917275.1,anfG,NZ_JBALDF010000017.1_1_A,5.200000000000001e-28,95.8,0.3,233,349,1-1050,1,0,NZ_JBALDF010000017.1,1,1,anfG,d__Bacteria;p__Cyanobacteriota;c__Cyanobacteriia;o__Cyanobacteriales;f__Nostocaceae;g__Nostoc;s__Nostoc sp036917275,,anfG
206057,RS_GCF_036917415.1,anfG,NZ_JBALDJ010000064.1_1_A,5.6e-27,92.6,0.6,199,314,2-946,1,0,NZ_JBALDJ010000064.1,1,1,anfG,d__Bacteria;p__Cyanobacteriota;c__Cyanobacteriia;o__Cyanobacteriales;f__Nostocaceae;g__Nostoc;s__Nostoc sp036917415,,anfG
206058,RS_GCF_036917435.1,anfG,NZ_JBALDM010000031.1_29_C,1.6e-26,90.9,0.5,580,696,35782-37872,-1,0,NZ_JBALDM010000031.1,29,1,anfG,d__Bacteria;p__Cyanobacteriota;c__Cyanobacteriia;o__Cyanobacteriales;f__Nostocaceae;g__Nostoc;s__Nostoc sp036917435,,anfG
206059,RS_GCF_036917465.1,anfG,NZ_JBALDL010000030.1_1_A,1e-27,94.9,0.3,58,174,1-525,1,0,NZ_JBALDL010000030.1,1,1,vnfG,d__Bacteria;p__Cyanobacteriota;c__Cyanobacteriia;o__Cyanobacteriales;f__Nostocaceae;g__Nostoc;s__Nostoc sp036917465,,anfG
206060,RS_GCF_036917515.1,anfG,NZ_JBALDE010000281.1_1_A,2.1e-28,97.3,0.5,96,212,1-639,1,0,NZ_JBALDE010000281.1,1,1,vnfG,d__Bacteria;p__Cyanobacteriota;c__Cyanobacteriia;o__Cyanobacteriales;f__Nostocaceae;g__Nostoc;s__Nostoc sp036917515,,anfG
206061,RS_GCF_036917535.1,anfG,NZ_JBALDA010000087.1_7_B,3.3e-29,100.0,0.8,228,344,8738-9772,-1,0,NZ_JBALDA010000087.1,7,1,vnfG,d__Bacteria;p__Cyanobacteriota;c__Cyanobacteriia;o__Cyanobacteriales;f__Nostocaceae;g__Nostoc;s__Nostoc sp036917535,,anfG
206062,RS_GCF_036917615.1,anfG,NZ_JBALCZ010000026.1_186_A,3.7e-28,96.6,0.5,70,186,220697-221257,-1,0,NZ_JBALCZ010000026.1,186,1,vnfG,d__Bacteria;p__Cyanobacteriota;c__Cyanobacteriia;o__Cyanobacteriales;f__Nostocaceae;g__Nostoc;s__Nostoc sp036917615,,anfG
206063,RS_GCF_036917675.1,anfG,NZ_JBALCT010000064.1_265_A,2.7e-26,90.3,0.6,228,343,334849-335880,-1,0,NZ_JBALCT010000064.1,265,1,anfG,d__Bacteria;p__Cyanobacteriota;c__Cyanobacteriia;o__Cyanobacteriales;f__Nostocaceae;g__Nostoc;s__Nostoc sp036917675,,anfG
206064,RS_GCF_036917755.1,anfG,NZ_JBALFC010000090.1_1_B,1.3e-27,94.7,0.4,128,244,2-736,1,0,NZ_JBALFC010000090.1,1,1,vnfG,d__Bacteria;p__Cyanobacteriota;c__Cyanobacteriia;o__Cyanobacteriales;f__Nostocaceae;g__Nostoc;s__Nostoc sp036917755,,anfG
206065,RS_GCF_036917815.1,anfG,NZ_JBALEK010000068.1_103_A,8.4e-28,95.2,0.5,161,277,98431-99264,-1,0,NZ_JBALEK010000068.1,103,1,anfG,d__Bacteria;p__Cyanobacteriota;c__Cyanobacteriia;o__Cyanobacteriales;f__Nostocaceae;g__Nostoc;s__Nostoc sp036917815,,anfG
206066,RS_GCF_036917935.1,anfG,NZ_JBALEL010000060.1_80_C,1.5e-26,91.2,0.3,652,768,99946-102252,-1,0,NZ_JBALEL010000060.1,80,2,vnfG,d__Bacteria;p__Cyanobacteriota;c__Cyanobacteriia;o__Cyanobacteriales;f__Nostocaceae;g__Nostoc;s__Nostoc sp036917935,,anfG
206067,RS_GCF_036917975.1,anfG,NZ_JBALEJ010000057.1_11_A,6.800000000000001e-28,95.6,0.4,221,337,10272-11285,-1,0,NZ_JBALEJ010000057.1,11,1,anfG,d__Bacteria;p__Cyanobacteriota;c__Cyanobacteriia;o__Cyanobacteriales;f__Nostocaceae;g__Nostoc;s__Nostoc sp036917975,,anfG
206068,RS_GCF_036919555.1,anfG,NZ_JBALCS010000005.1_1_A,6.3e-27,92.5,0.6,206,321,2-967,1,0,NZ_JBALCS010000005.1,1,1,anfG,d__Bacteria;p__Cyanobacteriota;c__Cyanobacteriia;o__Cyanobacteriales;f__Nostocaceae;g__Nostoc;s__Nostoc sp036919555,,anfG
206069,RS_GCF_036919575.1,anfG,NZ_JBALBY010000023.1_1_B,2.9e-29,100.1,0.2,183,299,2-901,1,0,NZ_JBALBY010000023.1,1,1,vnfG,d__Bacteria;p__Cyanobacteriota;c__Cyanobacteriia;o__Cyanobacteriales;f__Nostocaceae;g__Nostoc;s__Nostoc sp036919575,,anfG
206070,RS_GCF_036919595.1,anfG,NZ_JBALCO010000003.1_6_B,8.6e-28,95.1,0.5,161,277,9156-9989,-1,0,NZ_JBALCO010000003.1,6,1,vnfG,d__Bacteria;p__Cyanobacteriota;c__Cyanobacteriia;o__Cyanobacteriales;f__Nostocaceae;g__Nostoc;s__Nostoc sp036919595,,anfG
206071,RS_GCF_036919615.1,anfG,NZ_JBALCN010000068.1_26_A,1.4e-27,94.6,0.5,195,310,30637-31569,-1,0,NZ_JBALCN010000068.1,26,1,anfG,d__Bacteria;p__Cyanobacteriota;c__Cyanobacteriia;o__Cyanobacteriales;f__Nostocaceae;g__Nostoc;s__Nostoc sp036919615,,anfG
206072,RS_GCF_036919675.1,anfG,NZ_JBALCP010000004.1_20_B,1.6e-27,94.4,0.6,206,321,21597-22562,-1,0,NZ_JBALCP010000004.1,20,1,vnfG,d__Bacteria;p__Cyanobacteriota;c__Cyanobacteriia;o__Cyanobacteriales;f__Nostocaceae;g__Nostoc;s__Nostoc sp036919675,,anfG
206073,RS_GCF_036919815.1,anfG,NZ_JBALCE010000109.1_63_B,7.4e-27,92.1,0.3,229,345,68768-69805,-1,0,NZ_JBALCE010000109.1,63,1,anfG,d__Bacteria;p__Cyanobacteriota;c__Cyanobacteriia;o__Cyanobacteriales;f__Nostocaceae;g__Nostoc;s__Nostoc sp036919815,,anfG
206074,RS_GCF_038725785.1,anfG,NZ_CP109796.1_4546_A,6.9e-62,205.0,1.5,0,116,6479693-6480043,-1,0,NZ_CP109796.1,4546,2,anfG,d__Bacteria;p__Verrucomicrobiota;c__Verrucomicrobiia;o__Opitutales;f__Opitutaceae;g__Termitidicoccus;s__Termitidicoccus mucosus,,anfG
206075,RS_GCF_040373385.1,anfG,NZ_JBDXXH010000002.1_114_A,2.6999999999999998e-62,205.6,1.4,5,121,138841-139206,-1,0,NZ_JBDXXH010000002.1,114,1,anfG,d__Bacteria;p__Desulfobacterota;c__Desulfovibrionia;o__Desulfovibrionales;f__Desulfovibrionaceae;g__Cupidesulfovibrio;s__Cupidesulfovibrio sp040373385,,anfG
206076,RS_GCF_040939125.1,anfG,NZ_CP162495.1_563_A,8.3e-65,213.9,1.8,0,116,544397-544747,1,0,NZ_CP162495.1,563,11,anfG,d__Bacteria;p__Bacillota;c__Clostridia;o__Clostridiales;f__Clostridiaceae;g__Clostridium_B;s__Clostridium_B sp040939125,,anfG
206077,RS_GCF_040939125.1,anfG,NZ_CP162495.1_1848_A,2e-27,93.5,1.3,0,112,1826811-1827149,1,0,NZ_CP162495.1,1848,10,vnfG,d__Bacteria;p__Bacillota;c__Clostridia;o__Clostridiales;f__Clostridiaceae;g__Clostridium_B;s__Clostridium_B sp040939125,,anfG
206078,RS_GCF_041320595.1,anfG,NZ_CP166625.1_4333_A,3.1e-50,167.2,0.2,25,141,4727450-4727875,1,0,NZ_CP166625.1,4333,4,anfG,d__Bacteria;p__Pseudomonadota;c__Alphaproteobacteria;o__Rhizobiales;f__Pleomorphomonadaceae;g__Pleomorphomonas;s__Pleomorphomonas sp041320595,,anfG
206079,RS_GCF_041414475.1,anfG,NZ_JBGLYH010000002.1_47_A,8.500000000000002e-57,188.0,1.0,0,116,48622-48972,1,0,NZ_JBGLYH010000002.1,47,1,anfG,d__Bacteria;p__Desulfobacterota;c__Desulfovibrionia;o__Desulfovibrionales;f__Desulfovibrionaceae;g__Pseudodesulfovibrio;s__Pseudodesulfovibrio karagichevae,,anfG
206080,RS_GCF_041428895.1,anfG,NZ_CP156926.1_890_A,1.8e-62,207.0,5.3,0,114,1002487-1002831,1,0,NZ_CP156926.1,890,10,anfG,d__Bacteria;p__Bacillota;c__Negativicutes;o__Sporomusales;f__Sporomusaceae;g__Sporomusa;s__Sporomusa aerivorans,,anfG
206081,RS_GCF_042432815.1,anfG,NZ_JBHLWM010000001.1_38_A,1.3e-56,187.8,0.5,30,146,38804-39244,-1,0,NZ_JBHLWM010000001.1,38,1,anfG,d__Bacteria;p__Pseudomonadota;c__Alphaproteobacteria;o__Rhizobiales;f__Xanthobacteraceae;g__Rhodopseudomonas;s__Rhodopseudomonas telluris,,anfG
206082,RS_GCF_042434745.1,anfG,NZ_JBHLSS010000027.1_11_A,1.5999999999999999e-31,106.8,0.0,0,113,7128-7469,-1,0,NZ_JBHLSS010000027.1,11,1,vnfG,d__Bacteria;p__Pseudomonadota;c__Gammaproteobacteria;o__Pseudomonadales;f__Pseudomonadaceae;g__Azotobacter;s__Azotobacter paspali,,anfG
206083,RS_GCF_042610375.1,anfG,NZ_JBGJZL010000004.1_73_A,3.6e-63,208.7,0.9,0,116,78289-78639,1,0,NZ_JBGJZL010000004.1,73,1,anfG,d__Bacteria;p__Bacillota;c__Negativicutes;o__DSM-13327;f__DSM-13327;g__CTSoil-075;s__CTSoil-075 sp042610375,,anfG
206084,RS_GCF_042647235.1,anfG,NZ_JBHRVE010000003.1_3258_A,3.4e-64,211.8,0.9,0,116,3615236-3615586,-1,0,NZ_JBHRVE010000003.1,3258,1,anfG,d__Bacteria;p__Pseudomonadota;c__Gammaproteobacteria;o__Enterobacterales;f__Enterobacteriaceae;g__Brenneria;s__Brenneria rubrifaciens,,anfG
206085,RS_GCF_042649925.1,anfG,NZ_JBHSAF010000014.1_110_A,1.8e-60,199.6,0.4,2,118,129074-129430,1,0,NZ_JBHSAF010000014.1,110,1,anfG,d__Bacteria;p__Pseudomonadota;c__Gammaproteobacteria;o__Enterobacterales;f__Aeromonadaceae;g__Pseudaeromonas;s__Pseudaeromonas sharmana,,anfG
206086,RS_GCF_042682685.1,anfG,NZ_JBHUHX010000058.1_7_A,6.1e-62,204.6,1.2,0,116,7106-7456,-1,0,NZ_JBHUHX010000058.1,7,1,anfG,d__Bacteria;p__Pseudomonadota;c__Gammaproteobacteria;o__Chromatiales;f__Chromatiaceae;g__Imhoffiella;s__Imhoffiella fuscus,,anfG
206087,RS_GCF_042683065.1,anfG,NZ_JBHUIX010000013.1_76_A,5.3e-56,185.3,0.0,0,115,78652-78999,1,0,NZ_JBHUIX010000013.1,76,2,anfG,d__Bacteria;p__Pseudomonadota;c__Alphaproteobacteria;o__Rhodobacterales;f__Rhodobacteraceae;g__Rhodobacter;s__Rhodobacter lacus,,anfG
206088,RS_GCF_042683125.1,anfG,NZ_JBHUIY010000001.1_95_A,1.3e-58,193.8,3.4,0,116,108142-108492,-1,0,NZ_JBHUIY010000001.1,95,1,anfG,d__Bacteria;p__Pseudomonadota;c__Alphaproteobacteria;o__Rhodospirillales;f__Magnetospirillaceae;g__Phaeospirillum;s__Phaeospirillum tilakii,,anfG
206089,RS_GCF_043194945.1,anfG,NZ_JBAFWG010000010.1_89_A,1.3e-32,110.1,0.0,0,113,99080-99421,1,0,NZ_JBAFWG010000010.1,89,2,vnfG,d__Bacteria;p__Pseudomonadota;c__Alphaproteobacteria;o__Rhizobiales;f__Xanthobacteraceae;g__Xanthobacter;s__Xanthobacter sp043194945,,anfG
206090,RS_GCF_043195065.1,anfG,NZ_JBAFWM010000004.1_216_A,4.4e-33,111.7,0.0,0,113,274235-274576,-1,0,NZ_JBAFWM010000004.1,216,1,vnfG,d__Bacteria;p__Pseudomonadota;c__Alphaproteobacteria;o__Rhizobiales;f__Xanthobacteraceae;g__Xanthobacter;s__Xanthobacter sp043195065,,anfG
206091,RS_GCF_045310515.1,anfG,NZ_JBJHZX010000007.1_41_A,7.8e-29,98.3,1.5,0,112,44042-44380,-1,0,NZ_JBJHZX010000007.1,41,1,vnfG,d__Bacteria;p__Bacillota;c__Clostridia;o__Clostridiales;f__Clostridiaceae;g__Clostridium_B;s__Clostridium_B eludens,,anfG
206092,RS_GCF_045310515.1,anfG,NZ_JBJHZX010000027.1_36_A,3.4e-64,212.3,3.0,0,116,34809-35159,1,0,NZ_JBJHZX010000027.1,36,1,anfG,d__Bacteria;p__Bacillota;c__Clostridia;o__Clostridiales;f__Clostridiaceae;g__Clostridium_B;s__Clostridium_B eludens,,anfG
206093,RS_GCF_045865695.1,anfG,NZ_BAACAP010000128.1_19_C,2.1e-32,110.8,0.1,483,599,19808-21607,-1,0,NZ_BAACAP010000128.1,19,1,anfG,d__Bacteria;p__Cyanobacteriota;c__Cyanobacteriia;o__Cyanobacteriales;f__Nostocaceae;g__Scytonema;s__Scytonema sp045865695,,anfG
206094,RS_GCF_046054165.1,anfG,NZ_JBFNXK010000012.1_85_A,7.1e-37,123.8,0.8,0,112,93195-93533,1,0,NZ_JBFNXK010000012.1,85,1,vnfG,d__Bacteria;p__Pseudomonadota;c__Gammaproteobacteria;o__Enterobacterales;f__Celerinatantimonadaceae;g__Celerinatantimonas;s__Celerinatantimonas sp046054165,,anfG
206095,RS_GCF_046098205.1,anfG,NZ_JBJURJ010000003.1_107_A,1.1e-57,191.5,1.5,0,117,122058-122411,-1,0,NZ_JBJURJ010000003.1,107,1,anfG,d__Bacteria;p__Bacillota;c__Bacilli;o__Paenibacillales;f__NBRC-103111;g__Paenibacillus_AR;s__Paenibacillus_AR mesotrionivorans,,anfG
206096,RS_GCF_046254905.1,anfG,NZ_CP158016.1_2788_A,6.8e-61,201.0,0.8,0,116,3104611-3104961,-1,0,NZ_CP158016.1,2788,3,anfG,d__Bacteria;p__Pseudomonadota;c__Gammaproteobacteria;o__Enterobacterales;f__Aeromonadaceae;g__Pseudaeromonas;s__Pseudaeromonas aegiceratis,,anfG
206097,RS_GCF_046603805.1,anfG,NZ_CP176628.1_1836_A,6.3e-53,175.1,0.0,2,117,2113248-2113601,-1,0,NZ_CP176628.1,1836,2,anfG,d__Bacteria;p__Desulfobacterota;c__Desulfovibrionia;o__Desulfovibrionales;f__Desulfovibrionaceae;g__Desulfovibrio;s__Desulfovibrio sp019422935,,anfG
206098,RS_GCF_047308185.1,anfG,NZ_JAHXPU010000027.1_71_A,1.5e-58,194.1,0.5,0,116,76932-77282,-1,0,NZ_JAHXPU010000027.1,71,1,anfG,d__Bacteria;p__Pseudomonadota;c__Gammaproteobacteria;o__Enterobacterales;f__Enterobacteriaceae;g__Erwinia;s__Erwinia sp047308185,,anfG
206099,RS_GCF_047324175.1,anfG,NZ_CP178732.1_5012_A,5.1e-58,192.4,0.1,0,116,5610327-5610677,-1,0,NZ_CP178732.1,5012,1,anfG,d__Bacteria;p__Pseudomonadota;c__Gammaproteobacteria;o__Enterobacterales;f__Enterobacteriaceae;g__Acerihabitans;s__Acerihabitans sp015654925,,anfG
206100,RS_GCF_047324305.1,anfG,NZ_CP178740.1_1540_A,7e-57,188.7,0.2,0,116,1752158-1752508,-1,0,NZ_CP178740.1,1540,3,anfG,d__Bacteria;p__Pseudomonadota;c__Gammaproteobacteria;o__Enterobacterales;f__Enterobacteriaceae;g__Acerihabitans;s__Acerihabitans sp047324305,,anfG
206101,RS_GCF_047602565.1,anfG,NZ_JASGGX010000001.1_2694_A,8.9e-51,168.8,0.0,26,142,2995252-2995680,1,0,NZ_JASGGX010000001.1,2694,4,anfG,d__Bacteria;p__Pseudomonadota;c__Gammaproteobacteria;o__Burkholderiales;f__Rhodocyclaceae;g__Propionivibrio;s__Propionivibrio sp047602565,,anfG
206102,RS_GCF_047607245.1,anfG,NZ_JASGDK010000168.1_2_A,1.6e-50,167.3,0.2,1,117,454-807,1,0,NZ_JASGDK010000168.1,2,1,anfG,d__Bacteria;p__Desulfobacterota;c__Desulfovibrionia;o__Desulfovibrionales;f__Desulfovibrionaceae;g__Desulfovibrio;s__Desulfovibrio sp047607245,,anfG
206103,RS_GCF_047692315.1,anfG,NZ_JBLLJS010000011.1_99_A,8.3e-19,65.9,0.2,0,50,71781-71933,-1,0,NZ_JBLLJS010000011.1,99,1,anfG,d__Bacteria;p__Pseudomonadota;c__Gammaproteobacteria;o__Enterobacterales;f__Enterobacteriaceae;g__Symbiopectobacterium;s__Symbiopectobacterium sp047692315,,anfG
206104,RS_GCF_047692315.1,anfG,NZ_JBLLJS010000011.1_100_A,8.1e-25,85.2,0.5,0,51,71970-72125,-1,0,NZ_JBLLJS010000011.1,100,1,anfG,d__Bacteria;p__Pseudomonadota;c__Gammaproteobacteria;o__Enterobacterales;f__Enterobacteriaceae;g__Symbiopectobacterium;s__Symbiopectobacterium sp047692315,,anfG
206105,RS_GCF_047718555.1,anfG,NZ_JBDNRK010000027.1_19_A,9.5e-29,97.7,1.1,0,114,24168-24512,-1,0,NZ_JBDNRK010000027.1,19,1,vnfG,d__Bacteria;p__Bacillota;c__Clostridia;o__Clostridiales;f__Clostridiaceae;g__Clostridium_I;s__Clostridium_I sp047718555,,anfG
206106,RS_GCF_047719395.1,anfG,NZ_JBDNTB010000001.1_5_A,3.5e-48,159.6,4.9,1,117,4481-4834,-1,0,NZ_JBDNTB010000001.1,5,1,anfG,d__Bacteria;p__Actinomycetota;c__Actinomycetes;o__Propionibacteriales;f__Propionibacteriaceae;g__Propionibacterium;s__Propionibacterium sp047719395,,anfG
206107,RS_GCF_048571275.1,anfG,NZ_CP182357.1_807_A,1.6e-50,167.2,4.2,6,122,795784-796152,1,0,NZ_CP182357.1,807,4,anfG,d__Bacteria;p__Campylobacterota;c__Campylobacteria;o__Campylobacterales;f__Arcobacteraceae;g__Marinarcus;s__Marinarcus sediminis,,anfG
206108,RS_GCF_048594845.1,anfG,NZ_JBMDXE010000078.1_3_A,2.2e-56,187.2,0.9,30,146,2042-2482,1,0,NZ_JBMDXE010000078.1,3,1,anfG,d__Bacteria;p__Pseudomonadota;c__Alphaproteobacteria;o__Rhizobiales;f__Xanthobacteraceae;g__Rhodopseudomonas;s__Rhodopseudomonas sp048594845,,anfG
206109,RS_GCF_048629425.1,anfG,NZ_CP184532.1_2223_A,2.3999999999999996e-53,177.0,2.1,0,112,2700785-2701123,-1,0,NZ_CP184532.1,2223,1,anfG,d__Bacteria;p__Acidobacteriota;c__Terriglobia;o__Terriglobales;f__Acidobacteriaceae;g__Telmatobacter;s__Telmatobacter bradus,,anfG
206110,RS_GCF_048629425.1,anfG,NZ_CP184532.1_3828_A,2.5e-29,99.6,0.0,0,112,4632393-4632731,-1,0,NZ_CP184532.1,3828,2,vnfG,d__Bacteria;p__Acidobacteriota;c__Terriglobia;o__Terriglobales;f__Acidobacteriaceae;g__Telmatobacter;s__Telmatobacter bradus,,anfG
206111,RS_GCF_050058015.1,anfG,NZ_CP170111.1_398_A,5.000000000000001e-58,192.7,1.6,0,114,381604-381948,-1,0,NZ_CP170111.1,398,1,anfG,d__Bacteria;p__Pseudomonadota;c__Gammaproteobacteria;o__Enterobacterales;f__Enterobacteriaceae;g__Klebsiella;s__Klebsiella sp050058015,,anfG
206112,RS_GCF_050235535.1,anfG,NZ_CP189852.1_2244_C,3.1e-31,106.2,0.2,474,590,2689243-2691015,1,0,NZ_CP189852.1,2244,10,anfG,d__Bacteria;p__Cyanobacteriota;c__Cyanobacteriia;o__Cyanobacteriales;f__Nostocaceae;g__Trichormus;s__Trichormus sp050235535,,anfG
206113,RS_GCF_052363175.1,anfG,NZ_CP198946.1_695_A,1.5999999999999999e-55,183.9,0.0,0,115,704468-704815,1,0,NZ_CP198946.1,695,6,anfG,d__Bacteria;p__Pseudomonadota;c__Alphaproteobacteria;o__Rhodobacterales;f__Rhodobacteraceae;g__Rhodobacter;s__Rhodobacter capsulatus_D,,anfG
206114,RS_GCF_052363185.1,anfG,NZ_CP198955.1_2200_A,2.8e-55,183.0,0.1,0,115,2300052-2300399,-1,0,NZ_CP198955.1,2200,3,anfG,d__Bacteria;p__Pseudomonadota;c__Alphaproteobacteria;o__Rhodobacterales;f__Rhodobacteraceae;g__Rhodobacter;s__Rhodobacter capsulatus_E,,anfG
206115,RS_GCF_900102215.1,anfG,NZ_FNBG01000001.1_80_A,5.8e-61,201.8,0.7,1,117,91681-92034,-1,0,NZ_FNBG01000001.1,80,1,anfG,d__Bacteria;p__Bacillota;c__Bacilli;o__Paenibacillales;f__Paenibacillaceae;g__Fontibacillus;s__Fontibacillus panacisegetis,,anfG
206116,RS_GCF_900102485.1,anfG,NZ_FNBX01000001.1_165_A,7.499999999999999e-55,181.0,0.1,2,118,189577-189933,-1,0,NZ_FNBX01000001.1,165,1,anfG,d__Bacteria;p__Desulfobacterota;c__Desulfovibrionia;o__Desulfovibrionales;f__Desulfovibrionaceae;g__Desulfovibrio;s__Desulfovibrio legallii_A,,anfG
206117,RS_GCF_900104455.1,anfG,NZ_FNHB01000004.1_36_A,4.5000000000000003e-66,217.9,1.3,0,116,39583-39933,1,0,NZ_FNHB01000004.1,36,1,anfG,d__Bacteria;p__Bacillota;c__Negativicutes;o__DSM-1736;f__Dendrosporobacteraceae;g__Dendrosporobacter;s__Dendrosporobacter quercicolus,,anfG
206118,RS_GCF_900108475.1,anfG,NZ_FNWO01000003.1_261_A,1.2e-61,203.5,1.3,0,116,310432-310782,1,0,NZ_FNWO01000003.1,261,1,anfG,d__Bacteria;p__Pseudomonadota;c__Alphaproteobacteria;o__Rhodospirillales;f__Magnetospirillaceae;g__Phaeospirillum;s__Phaeospirillum fulvum_A,,anfG
206119,RS_GCF_900108475.1,anfG,NZ_FNWO01000012.1_10_A,5.8999999999999994e-31,104.5,0.0,0,113,9845-10186,1,0,NZ_FNWO01000012.1,10,2,vnfG,d__Bacteria;p__Pseudomonadota;c__Alphaproteobacteria;o__Rhodospirillales;f__Magnetospirillaceae;g__Phaeospirillum;s__Phaeospirillum fulvum_A,,anfG
206120,RS_GCF_900109225.1,anfG,NZ_FNZK01000024.1_37_A,6.9e-63,207.7,4.8,0,116,38276-38626,-1,0,NZ_FNZK01000024.1,37,1,anfG,d__Bacteria;p__Bacillota;c__Negativicutes;o__Selenomonadales;f__Selenomonadaceae;g__Propionispira;s__Propionispira arboris,,anfG
206121,RS_GCF_900110485.1,anfG,NZ_FODY01000003.1_27_A,1.3e-64,213.3,3.3,0,116,20178-20528,-1,0,NZ_FODY01000003.1,27,1,anfG,d__Bacteria;p__Bacillota;c__Negativicutes;o__Propionisporales;f__Propionisporaceae;g__Propionispora;s__Propionispora vibrioides,,anfG
206122,RS_GCF_900110885.1,anfG,NZ_FOFJ01000009.1_60_A,9.7e-31,104.3,0.0,0,113,52448-52789,-1,0,NZ_FOFJ01000009.1,60,1,vnfG,d__Bacteria;p__Pseudomonadota;c__Gammaproteobacteria;o__Pseudomonadales;f__Pseudomonadaceae;g__Azotobacter;s__Azotobacter beijerinckii,,anfG
206123,RS_GCF_900114615.1,anfG,NZ_FOTS01000037.1_20_A,3.4e-64,212.3,2.1,0,116,18516-18866,1,0,NZ_FOTS01000037.1,20,1,anfG,d__Bacteria;p__Bacillota;c__Negativicutes;o__DSM-13327;f__DSM-13327;g__Pelosinus;s__Pelosinus propionicus,,anfG
206124,RS_GCF_900116535.1,anfG,NZ_FPAU01000007.1_154_A,8.9e-59,194.7,0.6,0,114,163285-163629,-1,0,NZ_FPAU01000007.1,154,1,anfG,d__Bacteria;p__Pseudomonadota;c__Gammaproteobacteria;o__Enterobacterales;f__Enterobacteriaceae;g__Kosakonia;s__Kosakonia arachidis,,anfG
206125,RS_GCF_900130055.1,anfG,NZ_FQXU01000020.1_43_A,1.1e-62,207.2,2.2,0,116,36044-36394,1,0,NZ_FQXU01000020.1,43,1,anfG,d__Bacteria;p__Bacillota;c__Clostridia;o__Clostridiales;f__Clostridiaceae;g__Clostridium_T;s__Clostridium_T intestinale,,anfG
206126,RS_GCF_900141835.1,anfG,NZ_FQZD01000006.1_93_A,1.1e-64,213.5,3.4,0,116,94347-94697,1,0,NZ_FQZD01000006.1,93,1,anfG,d__Bacteria;p__Bacillota;c__Negativicutes;o__Propionisporales;f__Propionisporaceae;g__Propionispora;s__Propionispora hippei,,anfG
206127,RS_GCF_900142215.1,anfG,NZ_FRAC01000010.1_254_A,1.9e-55,184.2,0.4,0,117,312267-312620,1,0,NZ_FRAC01000010.1,254,1,anfG,d__Bacteria;p__Bacillota;c__Clostridia;o__Lachnospirales;f__Lachnospiraceae;g__Anaerocolumna;s__Anaerocolumna jejuensis,,anfG
206128,RS_GCF_900143285.1,anfG,NZ_FRDN01000007.1_287_A,3.1e-54,180.2,5.9,1,117,287662-288015,-1,0,NZ_FRDN01000007.1,287,1,anfG,d__Bacteria;p__Bacillota;c__Desulfitobacteriia;o__Desulfitobacteriales;f__Desulfitobacteriaceae;g__Desulfitobacterium;s__Desulfitobacterium chlororespirans,,anfG
206129,RS_GCF_900162725.1,anfG,NZ_LT799418.1_3675_A,2.7999999999999997e-41,138.0,6.3,0,118,4588930-4589286,-1,0,NZ_LT799418.1,3675,1,anfG,d__Bacteria;p__Bacteroidota;c__Bacteroidia;o__Bacteroidales;f__Tannerellaceae;g__Marseille-P3160;s__Marseille-P3160 sp900162725,,anfG
206130,RS_GCF_900167465.1,anfG,NZ_FUWR01000020.1_37_A,6.2e-60,197.9,3.2,0,112,38609-38947,1,0,NZ_FUWR01000020.1,37,1,anfG,d__Bacteria;p__Desulfobacterota;c__Desulfuromonadia;o__Geobacterales;f__Pseudopelobacteraceae;g__Trichlorobacter;s__Trichlorobacter thiogenes,,anfG
206131,RS_GCF_900187365.1,anfG,NZ_FYDG01000003.1_241_A,1.5e-28,97.2,0.4,0,113,250467-250808,1,0,NZ_FYDG01000003.1,241,3,vnfG,d__Bacteria;p__Pseudomonadota;c__Alphaproteobacteria;o__Rhizobiales;f__Beijerinckiaceae;g__Rhodoblastus;s__Rhodoblastus acidophilus,,anfG
206132,RS_GCF_900187365.1,anfG,NZ_FYDG01000013.1_80_A,1.0999999999999999e-53,178.2,0.5,26,142,77199-77627,1,0,NZ_FYDG01000013.1,80,1,anfG,d__Bacteria;p__Pseudomonadota;c__Alphaproteobacteria;o__Rhizobiales;f__Beijerinckiaceae;g__Rhodoblastus;s__Rhodoblastus acidophilus,,anfG
206133,RS_GCF_900217815.1,anfG,NZ_OBMT01000007.1_51_A,5.8e-54,178.8,0.1,0,115,54333-54680,-1,0,NZ_OBMT01000007.1,51,1,anfG,d__Bacteria;p__Pseudomonadota;c__Alphaproteobacteria;o__Rhodobacterales;f__Rhodobacteraceae;g__Rhodobacter;s__Rhodobacter maris,,anfG
206134,RS_GCF_900476375.1,anfG,NZ_UPPP01000127.1_93_A,1.3000000000000001e-33,113.7,0.5,0,112,88020-88358,1,0,NZ_UPPP01000127.1,93,1,vnfG,d__Bacteria;p__Bacillota;c__Negativicutes;o__Sporomusales;f__UPPP01;g__Lucifera;s__Lucifera butyrica,,anfG
206135,RS_GCF_902702915.1,anfG,NZ_LR738849.1_698_A,2.1e-49,163.8,0.2,1,117,809674-810027,1,0,NZ_LR738849.1,698,6,anfG,d__Bacteria;p__Desulfobacterota;c__Desulfovibrionia;o__Desulfovibrionales;f__Desulfovibrionaceae;g__Desulfovibrio;s__Desulfovibrio sp900095395,,anfG
206136,RS_GCF_937425535.1,anfG,NZ_OW485601.1_271_A,1.1e-32,111.1,0.0,0,112,334047-334385,1,0,NZ_OW485601.1,271,8,vnfG,d__Bacteria;p__Pseudomonadota;c__Alphaproteobacteria;o__Acetobacterales;f__Acetobacteraceae;g__Rhodovastum;s__Rhodovastum atsumiense,,anfG
206137,RS_GCF_937425535.1,anfG,NZ_OW485601.1_4736_A,9.899999999999999e-56,185.4,0.5,2,118,5359016-5359372,1,0,NZ_OW485601.1,4736,7,anfG,d__Bacteria;p__Pseudomonadota;c__Alphaproteobacteria;o__Acetobacterales;f__Acetobacteraceae;g__Rhodovastum;s__Rhodovastum atsumiense,,anfG
206138,RS_GCF_937863485.1,anfG,NZ_CALMFY010000211.1_9_A,2.4e-28,97.1,0.5,41,156,9628-10098,-1,0,NZ_CALMFY010000211.1,9,1,vnfG,d__Bacteria;p__Cyanobacteriota;c__Cyanobacteriia;o__Cyanobacteriales;f__Nostocaceae;g__Nostoc;s__Nostoc sp937863485,,anfG
206139,RS_GCF_963556105.3,anfG,NZ_CAUVYG020000001.1_1897_A,9.999999999999999e-55,181.2,0.7,24,140,1981062-1981484,1,0,NZ_CAUVYG020000001.1,1897,6,anfG,d__Bacteria;p__Pseudomonadota;c__Gammaproteobacteria;o__Enterobacterales;f__Aeromonadaceae;g__Tolumonas;s__Tolumonas sp963556105,,anfG
206140,RS_GCF_963556105.3,anfG,NZ_CAUVYG020000001.1_1915_A,7.5e-31,104.3,0.1,0,112,2000502-2000840,1,0,NZ_CAUVYG020000001.1,1915,6,vnfG,d__Bacteria;p__Pseudomonadota;c__Gammaproteobacteria;o__Enterobacterales;f__Aeromonadaceae;g__Tolumonas;s__Tolumonas sp963556105,,anfG
206141,RS_GCF_963664415.2,anfG,NZ_CAXXPY010000006.1_2445_A,3.4000000000000003e-32,109.4,2.7,0,112,2880619-2880957,1,0,NZ_CAXXPY010000006.1,2445,5,vnfG,d__Bacteria;p__Desulfobacterota;c__Desulfobacteria;o__Desulfobacterales;f__Desulfobacteraceae;g__Desulfobacter;s__Desulfobacter sp963664415,,anfG
206142,RS_GCF_963665355.2,anfG,NZ_OY762228.2_2772_A,1.8e-56,187.4,5.2,1,117,3177767-3178120,1,0,NZ_OY762228.2,2772,8,anfG,d__Bacteria;p__Desulfobacterota;c__Desulfobacteria;o__Desulfobacterales;f__Desulfobacteraceae;g__Desulfobacter;s__Desulfobacter sp963665355,,anfG
206143,RS_GCF_963676665.2,anfG,NZ_CAXXNL010000010.1_16_A,3.5999999999999986e-55,182.8,0.6,24,140,8112-8534,-1,0,NZ_CAXXNL010000010.1,16,1,anfG,d__Bacteria;p__Pseudomonadota;c__Gammaproteobacteria;o__Enterobacterales;f__Aeromonadaceae;g__Tolumonas;s__Tolumonas sp028683735,,anfG
206144,RS_GCF_963677005.1,anfG,NZ_OY781616.1_3493_A,1.7999999999999997e-55,183.7,2.3,0,116,4018314-4018664,-1,0,NZ_OY781616.1,3493,4,anfG,d__Bacteria;p__Desulfobacterota;c__Desulfovibrionia;o__Desulfovibrionales;f__Desulfovibrionaceae;g__Maridesulfovibrio;s__Maridesulfovibrio sp963677005,,anfG
206145,RS_GCF_963678835.2,anfG,NZ_CAXXCH010000001.1_1992_A,1.7e-39,132.3,0.0,0,112,2315108-2315446,-1,0,NZ_CAXXCH010000001.1,1992,1,vnfG,d__Bacteria;p__Desulfobacterota;c__Desulfuromonadia;o__Desulfuromonadales;f__Desulfuromonadaceae;g__Desulfuromonas;s__Desulfuromonas sp963678835,,anfG
206146,RS_GCF_963920915.1,anfG,NZ_CAWUDN010000054.1_1_A,7.4e-30,102.0,0.3,25,141,3-428,1,0,NZ_CAWUDN010000054.1,1,1,vnfG,d__Bacteria;p__Cyanobacteriota;c__Cyanobacteriia;o__Cyanobacteriales;f__Nostocaceae;g__Nostoc;s__Nostoc sp963920915,,anfG
206147,RS_GCF_963920935.1,anfG,NZ_CAWUDO010000051.1_54_A,2.2e-29,100.7,0.5,107,223,60299-60970,-1,0,NZ_CAWUDO010000051.1,54,1,anfG,d__Bacteria;p__Cyanobacteriota;c__Cyanobacteriia;o__Cyanobacteriales;f__Nostocaceae;g__Nostoc;s__Nostoc sp034531055,,anfG
206148,RS_GCF_964245445.1,anfG,NZ_CAXTNE010000332.1_8_A,5.7e-29,99.3,0.5,18,134,7517-7921,-1,0,NZ_CAXTNE010000332.1,8,1,vnfG,d__Bacteria;p__Cyanobacteriota;c__Cyanobacteriia;o__Cyanobacteriales;f__Nostocaceae;g__Nostoc;s__Nostoc sp964245445,,anfG
206149,RS_GCF_964245575.1,anfG,NZ_CAXTNP010000367.1_4_A,2.0000000000000002e-29,100.7,0.5,10,126,6129-6509,-1,0,NZ_CAXTNP010000367.1,4,1,anfG,d__Bacteria;p__Cyanobacteriota;c__Cyanobacteriia;o__Cyanobacteriales;f__Nostocaceae;g__Nostoc;s__Nostoc sp964245575,,anfG
206150,RS_GCF_964247315.1,anfG,NZ_CAXTTT010000145.1_15_A,1.2e-28,98.0,0.3,51,167,15849-16352,-1,0,NZ_CAXTTT010000145.1,15,1,anfG,d__Bacteria;p__Cyanobacteriota;c__Cyanobacteriia;o__Cyanobacteriales;f__Nostocaceae;g__Nostoc;s__Nostoc sp964247315,,anfG
206151,RS_GCF_965644225.1,anfG,NZ_CBFFRJ010000167.1_8_A,5.400000000000001e-58,192.3,2.6,0,114,6503-6847,-1,0,NZ_CBFFRJ010000167.1,8,1,anfG,d__Bacteria;p__Pseudomonadota;c__Gammaproteobacteria;o__Enterobacterales;f__Enterobacteriaceae;g__CBFFRJ01;s__CBFFRJ01 sp965644225,,anfG
