,GenomeID,Gene,Hit,E-value,Bit Score,Bias,Domain Start,Domain End,Location,Orientation,Flag_Bias,contig,pos_num,operon,top_hit,GTDB,Seq,residue_match
204173,GB_GCA_001563305.1,anfO,CP013703.1_1244_A,1.6e-07,27.3,0.0,304,406,1292013-1293245,1,0,CP013703.1,1244,6,nifB,d__Archaea;p__Thermoplasmatota;c__Thermoplasmata;o__Methanomassiliicoccales;f__Methanomethylophilaceae;g__Methanoprimaticola;s__Methanoprimaticola sp001563305,,anfO
204174,GB_GCA_002503885.1,anfO,DASQ01000002.1_26_A,4.6e-50,167.0,0.0,11,215,23662-24312,-1,0,DASQ01000002.1,26,1,anfO,d__Archaea;p__Halobacteriota;c__Methanomicrobia;o__Methanomicrobiales;f__Methanoculleaceae;g__Methanoculleus;s__Methanoculleus marisnigri_B,,anfO
204175,GB_GCA_002506425.1,anfO,DAXO01000070.1_2_A,8.6e-10,34.7,0.0,302,414,568-3642,1,0,DAXO01000070.1,2,1,nifB,d__Archaea;p__Thermoplasmatota;c__Thermoplasmata;o__Methanomassiliicoccales;f__Methanomethylophilaceae;g__Methanoprimaticola;s__Methanoprimaticola sp002506425,,anfO
204176,GB_GCA_002506905.1,anfO,DAYM01000013.1_2_A,4.2e-06,22.6,0.0,307,410,2000-3232,-1,0,DAYM01000013.1,2,2,nifB,d__Archaea;p__Thermoplasmatota;c__Thermoplasmata;o__Methanomassiliicoccales;f__Methanomethylophilaceae;g__Methanogranum;s__Methanogranum sp002506905,,anfO
204177,GB_GCA_002508465.1,anfO,DAQQ01000252.1_3_A,7e-54,179.9,0.0,7,201,2513-3118,-1,0,DAQQ01000252.1,3,1,anfO,d__Archaea;p__Halobacteriota;c__Methanosarcinia;o__Methanosarcinales;f__Methanosarcinaceae;g__Methanosarcina;s__Methanosarcina sp002508465,,anfO
204178,GB_GCA_002839675.1,anfO,PGYM01000001.1_518_A,3e-53,177.3,0.0,10,217,488775-489437,1,0,PGYM01000001.1,518,4,anfO,d__Archaea;p__Halobacteriota;c__Methanomicrobia;o__Methanomicrobiales;f__Methanospirillaceae;g__Methanoregula;s__Methanoregula sp002839675,,anfO
204179,GB_GCA_003154335.1,anfO,PMDE01000028.1_13_A,2.5e-48,161.2,0.0,3,210,9971-10609,-1,0,PMDE01000028.1,13,1,anfO,d__Archaea;p__Halobacteriota;c__Methanomicrobia;o__Methanomicrobiales;f__Methanospirillaceae;g__Methanoregula;s__Methanoregula sp003154335,,anfO
204180,GB_GCA_003164755.1,anfO,PLUB01000010.1_90_A,2.6e-68,226.9,0.2,0,208,101910-102539,1,0,PLUB01000010.1,90,2,anfO,d__Archaea;p__Halobacteriota;c__Methanosarcinia;o__Methanosarcinales;f__Methanosarcinaceae;g__Methanosarcina;s__Methanosarcina sp003164755,,anfO
204181,GB_GCA_003315675.1,anfO,NIZU01000043.1_12_A,1.9e-38,128.7,0.0,2,208,7694-8329,1,0,NIZU01000043.1,12,1,anfO,d__Archaea;p__Halobacteriota;c__Methanomicrobia;o__Methanomicrobiales;f__Methanocorpusculaceae;g__Methanocorpusculum;s__Methanocorpusculum sp003315675,,anfO
204182,GB_GCA_006954465.1,anfO,LVVU01000031.1_11_A,2.6e-09,33.3,0.0,315,419,11638-12897,-1,0,LVVU01000031.1,11,1,nifB,d__Archaea;p__Thermoplasmatota;c__Thermoplasmata;o__Methanomassiliicoccales;f__Methanomethylophilaceae;g__Methanoprimaticola;s__Methanoprimaticola hominis,,anfO
204183,GB_GCA_009777615.1,anfO,WRLM01000001.1_311_A,4.8e-05,19.1,0.0,301,397,342908-344125,-1,0,WRLM01000001.1,311,1,nifB,d__Archaea;p__Thermoplasmatota;c__Thermoplasmata;o__Methanomassiliicoccales;f__Methanomethylophilaceae;g__Methanoplasma;s__Methanoplasma cognatum,,anfO
204184,GB_GCA_009911715.1,anfO,CP047880.1_1499_A,7.8e-09,31.9,0.0,308,412,1505532-1506791,1,0,CP047880.1,1499,3,nifB,d__Archaea;p__Thermoplasmatota;c__Thermoplasmata;o__Methanomassiliicoccales;f__Methanomethylophilaceae;g__Methanoprimaticola;s__Methanoprimaticola sp006954425,,anfO
204185,GB_GCA_013331215.1,anfO,DUGU01000033.1_14_A,3.7e-47,157.5,0.0,16,219,8390-9058,-1,0,DUGU01000033.1,14,1,anfO,d__Archaea;p__Halobacteriota;c__Methanomicrobia;o__Methanomicrobiales;f__Methanospirillaceae;g__UBA288;s__UBA288 sp11384u,,anfO
204186,GB_GCA_015062825.1,anfO,SUTR01000074.1_2_A,7.1e-06,22.4,1.3,1,111,1555-1896,-1,0,SUTR01000074.1,2,1,nifB,d__Archaea;p__Methanobacteriota;c__Methanobacteria;o__Methanobacteriales;f__Methanobacteriaceae;g__Methanosphaera;s__Methanosphaera stadtmanae_A,,anfO
204187,GB_GCA_015063165.1,anfO,SUSZ01000024.1_13_A,1.2e-06,25.0,0.0,309,409,16922-18154,-1,0,SUSZ01000024.1,13,1,nifB,d__Archaea;p__Thermoplasmatota;c__Thermoplasmata;o__Methanomassiliicoccales;f__Methanomethylophilaceae;g__Methanoprimaticola;s__Methanoprimaticola sp015063165,,anfO
204188,GB_GCA_016284295.1,anfO,JAEEOP010000045.1_16_A,2.4e-09,33.5,0.0,304,409,11273-12505,-1,0,JAEEOP010000045.1,16,1,nifB,d__Archaea;p__Thermoplasmatota;c__Thermoplasmata;o__Methanomassiliicoccales;f__Methanomethylophilaceae;g__Methanoprimaticola;s__Methanoprimaticola sp016284295,,anfO
204189,GB_GCA_016296195.1,anfO,JAEDJU010000072.1_2_A,8.2e-06,21.9,0.0,307,408,695-1927,1,0,JAEDJU010000072.1,2,1,nifB,d__Archaea;p__Thermoplasmatota;c__Thermoplasmata;o__Methanomassiliicoccales;f__Methanomethylophilaceae;g__Methanoprimaticola;s__Methanoprimaticola sp016296195,,anfO
204190,GB_GCA_016928355.1,anfO,JAFGKW010000034.1_2_A,6.400000000000001e-48,159.6,0.0,11,218,765-1421,-1,0,JAFGKW010000034.1,2,1,anfO,d__Archaea;p__Halobacteriota;c__Methanomicrobia;o__Methanomicrobiales;f__Methanomicrobiaceae;g__Methanolacinia;s__Methanolacinia sp016928355,,anfO
204191,GB_GCA_017475875.1,anfO,JAFVET010000159.1_1_A,7.8e-07,25.1,0.0,29,139,2-466,1,0,JAFVET010000159.1,1,1,nifB,d__Archaea;p__Thermoplasmatota;c__Thermoplasmata;o__Methanomassiliicoccales;f__Methanomethylophilaceae;g__Methanoprimaticola;s__Methanoprimaticola sp017475875,,anfO
204192,GB_GCA_017540825.1,anfO,JAFYAH010000006.1_8_A,3.2e-06,23.6,0.0,308,414,9297-10547,-1,0,JAFYAH010000006.1,8,1,nifB,d__Archaea;p__Thermoplasmatota;c__Thermoplasmata;o__Methanomassiliicoccales;f__Methanomethylophilaceae;g__Methanoprimaticola;s__Methanoprimaticola sp017540825,,anfO
204193,GB_GCA_017935945.1,anfO,JAGBGN010000039.1_2_A,6.2e-07,25.5,0.0,308,407,3818-5047,1,0,JAGBGN010000039.1,2,1,nifB,d__Archaea;p__Thermoplasmatota;c__Thermoplasmata;o__Methanomassiliicoccales;f__Methanomethylophilaceae;g__Methanoprimaticola;s__Methanoprimaticola sp017935945,,anfO
204194,GB_GCA_019262145.1,anfO,CP076745.1_345_A,6.3e-07,25.3,0.0,307,410,323552-324784,-1,0,CP076745.1,345,1,nifB,d__Archaea;p__Thermoplasmatota;c__Thermoplasmata;o__Methanomassiliicoccales;f__Methanomethylophilaceae;g__Methanogranum;s__Methanogranum gryphiswaldense,,anfO
204195,GB_GCA_020356005.1,anfO,CP070629.1_976_A,1.6e-06,24.6,0.0,315,421,1405044-1406309,1,0,CP070629.1,976,5,nifB,d__Archaea;p__Thermoplasmatota;c__Penumbrarchaeia;o__JAEHCK01;f__GCA-020356005;g__GCA-020356005;s__GCA-020356005 sp020356005,,anfO
204196,GB_GCA_023228295.1,anfO,JALOBP010000043.1_20_A,2e-50,168.5,0.0,3,211,18386-19027,1,0,JALOBP010000043.1,20,1,anfO,d__Archaea;p__Halobacteriota;c__Methanomicrobia;o__Methanomicrobiales;f__Methanospirillaceae;g__Methanoregula;s__Methanoregula sp023228295,,anfO
204197,GB_GCA_023396065.1,anfO,JAEWXF010000023.1_20_A,4.2e-38,127.6,0.0,2,208,27094-27729,-1,0,JAEWXF010000023.1,20,1,anfO,d__Archaea;p__Halobacteriota;c__Methanomicrobia;o__Methanomicrobiales;f__Methanocorpusculaceae;g__Methanocorpusculum;s__Methanocorpusculum sp023396065,,anfO
204198,GB_GCA_023436075.1,anfO,JAEZKS010000164.1_4_A,8.1e-54,179.4,0.0,2,209,2908-3537,1,0,JAEZKS010000164.1,4,1,anfO,d__Archaea;p__Halobacteriota;c__Methanocellia;o__Methanocellales;f__Methanocellaceae;g__Methanocella_A;s__Methanocella_A sp023436075,,anfO
204199,GB_GCA_024399175.1,anfO,JAKSHU010000141.1_2_A,5.6e-07,25.6,0.0,309,414,2138-3382,-1,0,JAKSHU010000141.1,2,1,nifB,d__Archaea;p__Thermoplasmatota;c__Thermoplasmata;o__Methanomassiliicoccales;f__Methanomethylophilaceae;g__Methanomethylophilus;s__Methanomethylophilus sp024399175,,anfO
204200,GB_GCA_024399225.1,anfO,JAKSHV010000127.1_2_A,1.8e-06,23.6,0.0,309,414,2069-3313,-1,0,JAKSHV010000127.1,2,1,nifB,d__Archaea;p__Thermoplasmatota;c__Thermoplasmata;o__Methanomassiliicoccales;f__Methanomethylophilaceae;g__Methanomethylophilus;s__Methanomethylophilus sp024399225,,anfO
204201,GB_GCA_025350045.1,anfO,JANXYM010000106.1_10_A,1.2e-52,175.5,0.0,10,217,9453-10115,-1,0,JANXYM010000106.1,10,1,anfO,d__Archaea;p__Halobacteriota;c__Methanomicrobia;o__Methanomicrobiales;f__Methanospirillaceae;g__Methanoregula;s__Methanoregula sp025350045,,anfO
204202,GB_GCA_025358115.1,anfO,JANYKQ010000029.1_27_A,1.1999999999999998e-53,178.5,0.0,2,209,27943-28578,-1,0,JANYKQ010000029.1,27,1,anfO,d__Archaea;p__Halobacteriota;c__Methanomicrobia;o__Methanomicrobiales;f__Methanospirillaceae;g__Methanoregula;s__Methanoregula sp025358115,,anfO
204203,GB_GCA_028679075.1,anfO,JAJRCF010000030.1_5_A,2.9999999999999995e-54,180.7,0.0,3,210,4330-4971,1,0,JAJRCF010000030.1,5,1,anfO,d__Archaea;p__Halobacteriota;c__Methanomicrobia;o__Methanomicrobiales;f__Methanospirillaceae;g__Methanoregula;s__Methanoregula sp028679075,,anfO
204204,GB_GCA_028679485.1,anfO,JAJRBL010000228.1_8_A,3.8e-53,176.6,0.0,2,208,6905-7537,1,0,JAJRBL010000228.1,8,1,anfO,d__Archaea;p__Halobacteriota;c__Methanomicrobia;o__Methanomicrobiales;f__Methanospirillaceae;g__Methanospirillum;s__Methanospirillum sp028679485,,anfO
204205,GB_GCA_028705545.1,anfO,JAQWDG010000020.1_8_A,3e-48,161.0,0.0,3,209,5449-6078,-1,0,JAQWDG010000020.1,8,1,anfO,d__Archaea;p__Halobacteriota;c__Methanomicrobia;o__Methanomicrobiales;f__Methanospirillaceae;g__Methanoregula;s__Methanoregula sp028705545,,anfO
204206,GB_GCA_030156225.1,anfO,JASGMW010000001.1_49_A,1e-50,168.7,0.0,2,210,47357-47989,1,0,JASGMW010000001.1,49,1,anfO,d__Archaea;p__Halobacteriota;c__Methanomicrobia;o__Methanomicrobiales;f__Methanofollaceae;g__Methanofollis;s__Methanofollis sp030156225,,anfO
204207,GB_GCA_030168575.1,anfO,CP115555.1_122_A,4.2e-08,29.3,0.0,304,409,147397-148629,1,0,CP115555.1,122,3,nifB,d__Archaea;p__Thermoplasmatota;c__Thermoplasmata;o__Methanomassiliicoccales;f__Methanomethylophilaceae;g__Methanoprimaticola;s__Methanoprimaticola sp015063125,,anfO
204208,GB_GCA_030168595.1,anfO,CP115556.1_691_B,1.7e-05,20.8,0.0,309,413,743835-745076,1,0,CP115556.1,691,5,nifB,d__Archaea;p__Thermoplasmatota;c__Thermoplasmata;o__Methanomassiliicoccales;f__Methanomethylophilaceae;g__Methanomethylophilus;s__Methanomethylophilus sp001481295,,anfO
204209,GB_GCA_030539515.1,anfO,JAUNXZ010000060.1_2_A,4.6e-07,26.0,0.0,304,415,896-2155,1,0,JAUNXZ010000060.1,2,1,nifB,d__Archaea;p__Thermoplasmatota;c__Thermoplasmata;o__Methanomassiliicoccales;f__Methanomethylophilaceae;g__Methanoprimaticola;s__Methanoprimaticola sp030539515,,anfO
204210,GB_GCA_030653335.1,anfO,JAURZP010000061.1_9_A,1.5e-51,172.2,0.0,10,216,5632-6294,-1,0,JAURZP010000061.1,9,1,anfO,d__Archaea;p__Halobacteriota;c__Methanomicrobia;o__Methanomicrobiales;f__Methanospirillaceae;g__Methanoregula;s__Methanoregula sp030653335,,anfO
204211,GB_GCA_031256955.1,anfO,JAIRPP010000008.1_191_A,1.5e-05,20.8,0.0,10,113,220724-221068,-1,0,JAIRPP010000008.1,191,1,nifB,d__Archaea;p__Thermoplasmatota;c__Thermoplasmata;o__Methanomassiliicoccales;f__Methanomethylophilaceae;g__Methanoplasma;s__Methanoplasma sp031256955,,anfO
204212,GB_GCA_031267895.1,anfO,JAIRYF010000057.1_3_A,1.5e-06,24.2,0.0,6,114,3716-4066,-1,0,JAIRYF010000057.1,3,2,nifB,d__Archaea;p__Thermoplasmatota;c__Thermoplasmata;o__Methanomassiliicoccales;f__Methanomethylophilaceae;g__Methanoplasma;s__Methanoplasma glyptotermitis,,anfO
204213,GB_GCA_031271555.1,anfO,JAISVN010000066.1_1_A,7.7e-07,24.5,0.0,308,404,225-1460,-1,0,JAISVN010000066.1,1,1,nifB,d__Archaea;p__Thermoplasmatota;c__Thermoplasmata;o__Methanomassiliicoccales;f__Methanomethylophilaceae;g__Methanoplasma;s__Methanoplasma sp031271555,,anfO
204214,GB_GCA_031287135.1,anfO,JAITTK010000076.1_9_A,4.9e-06,22.2,0.0,0,113,9523-9867,-1,0,JAITTK010000076.1,9,1,nifB,d__Archaea;p__Thermoplasmatota;c__Thermoplasmata;o__Methanomassiliicoccales;f__Methanomethylophilaceae;g__Methanoplasma;s__Methanoplasma reticulitermitis,,anfO
204215,GB_GCA_031288985.1,anfO,JAITQH010000006.1_7_A,2.7e-05,19.7,0.0,306,399,5182-6417,-1,0,JAITQH010000006.1,7,1,nifB,d__Archaea;p__Thermoplasmatota;c__Thermoplasmata;o__Methanomassiliicoccales;f__Methanomethylophilaceae;g__Methanoplasma;s__Methanoplasma sp031288985,,anfO
204216,GB_GCA_031288985.1,anfO,JAITQH010000039.1_5_A,4e-07,25.7,0.0,4,112,5462-5806,1,0,JAITQH010000039.1,5,1,nifB,d__Archaea;p__Thermoplasmatota;c__Thermoplasmata;o__Methanomassiliicoccales;f__Methanomethylophilaceae;g__Methanoplasma;s__Methanoplasma sp031288985,,anfO
204217,GB_GCA_031290095.1,anfO,JAITOF010000023.1_22_A,9.7e-08,28.1,0.0,3,112,20617-20961,-1,0,JAITOF010000023.1,22,1,nifB,d__Archaea;p__Thermoplasmatota;c__Thermoplasmata;o__Methanomassiliicoccales;f__Methanomethylophilaceae;g__Methanoplasma;s__Methanoplasma porotermitis,,anfO
204218,GB_GCA_031290095.1,anfO,JAITOF010000079.1_11_A,1e-05,21.5,0.0,319,422,11312-12589,1,0,JAITOF010000079.1,11,1,nifB,d__Archaea;p__Thermoplasmatota;c__Thermoplasmata;o__Methanomassiliicoccales;f__Methanomethylophilaceae;g__Methanoplasma;s__Methanoplasma porotermitis,,anfO
204219,GB_GCA_033485155.1,anfO,JAWQJJ010000001.1_241_A,1.3e-36,123.2,0.0,0,164,246974-247468,1,0,JAWQJJ010000001.1,241,1,anfO,d__Archaea;p__Thermoplasmatota;c__Thermoplasmata;o__Methanomassiliicoccales;f__Methanomassiliicoccaceae;g__UBA6;s__UBA6 sp033485155,,anfO
204220,GB_GCA_034006405.1,anfO,JAVESW010000043.1_9_A,7.7e-08,28.3,0.0,305,411,5084-6322,-1,0,JAVESW010000043.1,9,1,nifB,d__Archaea;p__Thermoplasmatota;c__Thermoplasmata;o__Methanomassiliicoccales;f__Methanomethylophilaceae;g__JALNYB01;s__JALNYB01 sp023230065,,anfO
204221,GB_GCA_035319305.1,anfO,DATHCY010000003.1_4_A,3.6999999999999997e-54,180.8,0.0,2,205,2915-3532,1,0,DATHCY010000003.1,4,1,anfO,d__Archaea;p__Halobacteriota;c__Methanocellia;o__Methanocellales;f__Methanocellaceae;g__Methanocella_A;s__Methanocella_A sp035319305,,anfO
204222,GB_GCA_035561295.1,anfO,DATMXW010000137.1_31_A,7.2e-49,163.4,0.0,2,208,36842-37480,-1,0,DATMXW010000137.1,31,1,anfO,d__Archaea;p__Halobacteriota;c__Methanomicrobia;o__Methanomicrobiales;f__Methanospirillaceae;g__Methanospirillum;s__Methanospirillum sp035561295,,anfO
204223,GB_GCA_036504055.1,anfO,DASXVU010000030.1_42_A,1.1e-48,162.5,0.0,6,209,36146-36778,-1,0,DASXVU010000030.1,42,1,anfO,d__Archaea;p__Thermoplasmatota;c__Thermoplasmata;o__Methanomassiliicoccales;f__UBA472;g__DASXVU01;s__DASXVU01 sp036504055,,anfO
204224,GB_GCA_039679395.1,anfO,JBDKUZ010000070.1_5_A,3.2e-45,151.3,0.0,18,222,3480-4157,1,0,JBDKUZ010000070.1,5,1,anfO,d__Archaea;p__Halobacteriota;c__Methanomicrobia;o__Methanomicrobiales;f__Methanospirillaceae;g__UBA288;s__UBA288 sp039679395,,anfO
204225,GB_GCA_039683275.1,anfO,JBDKRP010000004.1_21_A,8.6e-50,166.2,0.0,7,211,22431-23072,1,0,JBDKRP010000004.1,21,1,anfO,d__Archaea;p__Halobacteriota;c__Methanomicrobia;o__Methanomicrobiales;f__Methanospirillaceae;g__JBDKRP01;s__JBDKRP01 sp039683275,,anfO
204226,GB_GCA_039698055.1,anfO,JBDKTL010000004.1_15_A,5.5e-51,169.9,0.0,3,211,12685-13329,1,0,JBDKTL010000004.1,15,1,anfO,d__Archaea;p__Halobacteriota;c__Methanomicrobia;o__Methanomicrobiales;f__Methanospirillaceae;g__Methanoregula;s__Methanoregula sp039698055,,anfO
204227,GB_GCA_041645055.1,anfO,JBAZQT010000025.1_5_A,2.2999999999999997e-53,177.9,0.0,10,217,3900-4562,1,0,JBAZQT010000025.1,5,1,anfO,d__Archaea;p__Halobacteriota;c__Methanomicrobia;o__Methanomicrobiales;f__Methanospirillaceae;g__Methanoregula;s__Methanoregula sp041645055,,anfO
204228,GB_GCA_041645355.1,anfO,JBAZQF010000011.1_54_A,4.4e-50,167.1,0.0,3,211,54881-55519,1,0,JBAZQF010000011.1,54,1,anfO,d__Archaea;p__Halobacteriota;c__Methanomicrobia;o__Methanomicrobiales;f__Methanospirillaceae;g__Methanoregula;s__Methanoregula sp041645355,,anfO
204229,GB_GCA_041645435.1,anfO,JBAZQB010000006.1_206_A,3.9e-52,174.1,0.0,10,217,196325-196987,-1,0,JBAZQB010000006.1,206,1,anfO,d__Archaea;p__Halobacteriota;c__Methanomicrobia;o__Methanomicrobiales;f__Methanospirillaceae;g__Methanoregula;s__Methanoregula sp041645435,,anfO
204230,GB_GCA_041652515.1,anfO,JBAZHD010000041.1_13_A,8.4e-52,173.2,0.0,3,211,9673-10314,-1,0,JBAZHD010000041.1,13,1,anfO,d__Archaea;p__Halobacteriota;c__Methanomicrobia;o__Methanomicrobiales;f__Methanospirillaceae;g__Methanoregula;s__Methanoregula sp041652515,,anfO
204231,GB_GCA_041652515.1,anfO,JBAZHD010000057.1_20_A,1.9e-51,172.1,0.0,2,208,15726-16364,1,0,JBAZHD010000057.1,20,1,anfO,d__Archaea;p__Halobacteriota;c__Methanomicrobia;o__Methanomicrobiales;f__Methanospirillaceae;g__Methanoregula;s__Methanoregula sp041652515,,anfO
204232,GB_GCA_041653075.1,anfO,JBAZFZ010000028.1_18_A,2.7e-51,170.8,0.0,2,207,19366-19992,1,0,JBAZFZ010000028.1,18,1,anfO,d__Archaea;p__Halobacteriota;c__Methanomicrobia;o__Methanomicrobiales;f__Methanospirillaceae;g__Methanoregula;s__Methanoregula sp041653075,,anfO
204233,GB_GCA_041653075.1,anfO,JBAZFZ010000067.1_4_A,3.4e-52,173.7,0.0,10,214,2836-3480,1,0,JBAZFZ010000067.1,4,1,anfO,d__Archaea;p__Halobacteriota;c__Methanomicrobia;o__Methanomicrobiales;f__Methanospirillaceae;g__Methanoregula;s__Methanoregula sp041653075,,anfO
204234,GB_GCA_045588265.1,anfO,JAZNDX010000001.1_2_A,9.7e-09,31.6,0.0,304,408,2986-4215,1,0,JAZNDX010000001.1,2,1,nifB,d__Archaea;p__Thermoplasmatota;c__Thermoplasmata;o__Methanomassiliicoccales;f__Methanomethylophilaceae;g__Methanoprimaticola;s__Methanoprimaticola sp045588265,,anfO
204235,GB_GCA_049975245.1,anfO,JBNGDB010000007.1_95_A,5.3e-06,22.7,0.1,0,107,90548-90886,1,0,JBNGDB010000007.1,95,1,nifB,d__Archaea;p__Methanobacteriota;c__Methanobacteria;o__Methanobacteriales;f__Methanobacteriaceae;g__UBA117;s__UBA117 sp049975245,,anfO
204236,GB_GCA_050014375.1,anfO,JBEKDM010000014.1_6_A,3.0999999999999997e-46,154.4,0.0,6,209,4620-5252,1,0,JBEKDM010000014.1,6,1,anfO,d__Archaea;p__Thermoplasmatota;c__Thermoplasmata;o__Methanomassiliicoccales;f__UBA472;g__DASXVU01;s__DASXVU01 sp050014375,,anfO
204237,GB_GCA_050309445.1,anfO,JBNRMI010000023.1_85_A,3.7e-07,25.7,0.0,308,415,86550-87800,1,0,JBNRMI010000023.1,85,1,nifB,d__Archaea;p__Thermoplasmatota;c__Thermoplasmata;o__Methanomassiliicoccales;f__Methanomethylophilaceae;g__Methanogranum;s__Methanogranum sp050309445,,anfO
204238,GB_GCA_050944155.1,anfO,JBMNQN010000002.1_58_A,6.5e-06,21.5,0.0,313,419,56422-57690,-1,0,JBMNQN010000002.1,58,1,nifB,d__Archaea;p__Thermoplasmatota;c__Thermoplasmata;o__Methanomassiliicoccales;f__Methanomethylophilaceae;g__VadinCA11;s__VadinCA11 sp050944155,,anfO
204239,GB_GCA_052325125.1,anfO,JBKQWO010000034.1_69_A,3.3e-45,151.1,0.0,3,208,82699-83325,1,0,JBKQWO010000034.1,69,1,anfO,d__Archaea;p__Halobacteriota;c__Methanomicrobia;o__Methanomicrobiales;f__Methanospirillaceae;g__Methanoregula;s__Methanoregula sp052325125,,anfO
204240,GB_GCA_903832665.1,anfO,CAILCG010000025.1_24_A,7.800000000000001e-28,94.6,0.0,2,160,17889-18494,1,0,CAILCG010000025.1,24,1,anfO,d__Archaea;p__Halobacteriota;c__Methanomicrobia;o__Methanomicrobiales;f__Methanospirillaceae;g__Methanoregula;s__Methanoregula sp903832665,,anfO
204241,GB_GCA_934702355.1,anfO,CAKUXX010000012.1_23_A,1.4e-06,24.3,0.0,310,414,26394-27647,-1,0,CAKUXX010000012.1,23,1,nifB,d__Archaea;p__Thermoplasmatota;c__Thermoplasmata;o__Methanomassiliicoccales;f__Methanomethylophilaceae;g__Methanoprimaticola;s__Methanoprimaticola sp934702355,,anfO
204242,GB_GCA_937892275.1,anfO,CALAVG010000294.1_3_A,9.6e-08,28.9,0.0,304,407,3208-4437,1,0,CALAVG010000294.1,3,1,nifB,d__Archaea;p__Thermoplasmatota;c__Thermoplasmata;o__Methanomassiliicoccales;f__Methanomethylophilaceae;g__Methanoprimaticola;s__Methanoprimaticola sp937892275,,anfO
204243,GB_GCA_944320495.1,anfO,CALUHR010000011.1_2_A,9e-07,25.0,0.0,302,410,754-2007,1,0,CALUHR010000011.1,2,1,nifB,d__Archaea;p__Thermoplasmatota;c__Thermoplasmata;o__Methanomassiliicoccales;f__Methanomethylophilaceae;g__Methanoprimaticola;s__Methanoprimaticola sp944320495,,anfO
204244,GB_GCA_947259185.1,anfO,CAMYKT010000001.1_111_A,2.2e-06,23.9,0.2,0,108,116913-117248,-1,0,CAMYKT010000001.1,111,1,anfO,d__Archaea;p__Methanobacteriota;c__Methanobacteria;o__Methanobacteriales;f__Methanobacteriaceae;g__Methanobacterium_F;s__Methanobacterium_F sp947259185,,anfO
204245,GB_GCA_949295765.1,anfO,CASFMM010000043.1_4_A,2.9e-07,26.8,0.0,306,406,3724-4944,-1,0,CASFMM010000043.1,4,1,nifB,d__Archaea;p__Thermoplasmatota;c__Thermoplasmata;o__Methanomassiliicoccales;f__Methanomethylophilaceae;g__Methanoprimaticola;s__Methanoprimaticola sp949295765,,anfO
204246,GB_GCA_959597175.1,anfO,CAUFXM010000012.1_2_A,6.4e-09,32.1,0.0,305,409,1005-2237,1,0,CAUFXM010000012.1,2,1,nifB,d__Archaea;p__Thermoplasmatota;c__Thermoplasmata;o__Methanomassiliicoccales;f__Methanomethylophilaceae;g__Methanoprimaticola;s__Methanoprimaticola sp959597175,,anfO
204247,GB_GCA_963586845.1,anfO,CAVABN010000001.1_3_A,1.8e-05,20.9,0.0,303,409,721-1953,1,0,CAVABN010000001.1,3,1,nifB,d__Archaea;p__Thermoplasmatota;c__Thermoplasmata;o__Methanomassiliicoccales;f__Methanomethylophilaceae;g__Methanoprimaticola;s__Methanoprimaticola sp963586845,,anfO
204248,GB_GCA_963591575.1,anfO,CAVATL010000032.1_2_A,1.1e-07,27.7,0.0,315,419,2230-3489,1,0,CAVATL010000032.1,2,1,nifB,d__Archaea;p__Thermoplasmatota;c__Thermoplasmata;o__Methanomassiliicoccales;f__Methanomethylophilaceae;g__Methanomethylophilus;s__Methanomethylophilus sp963591575,,anfO
204249,GB_GCA_963611065.1,anfO,CAVDQR010000018.1_11_A,5.5e-06,22.4,0.0,302,410,12000-13232,-1,0,CAVDQR010000018.1,11,1,nifB,d__Archaea;p__Thermoplasmatota;c__Thermoplasmata;o__Methanomassiliicoccales;f__Methanomethylophilaceae;g__Methanoprimaticola;s__Methanoprimaticola sp963611065,,anfO
204250,GB_GCA_963631655.1,anfO,CAVGRR010000110.1_2_A,6.2e-08,28.8,0.0,310,414,751-1995,1,0,CAVGRR010000110.1,2,1,nifB,d__Archaea;p__Thermoplasmatota;c__Thermoplasmata;o__Methanomassiliicoccales;f__Methanomethylophilaceae;g__Methanomethylophilus;s__Methanomethylophilus sp963631655,,anfO
204251,GB_GCA_963635855.1,anfO,CAVHHN010000045.1_3_A,2.1e-05,20.6,0.0,309,413,4792-6036,1,0,CAVHHN010000045.1,3,1,nifB,d__Archaea;p__Thermoplasmatota;c__Thermoplasmata;o__Methanomassiliicoccales;f__Methanomethylophilaceae;g__Methanomethylophilus;s__Methanomethylophilus sp963635855,,anfO
204252,GB_GCA_963637895.1,anfO,CAVHQB010000033.1_2_A,3.5e-09,33.1,0.0,310,415,656-1906,1,0,CAVHQB010000033.1,2,1,nifB,d__Archaea;p__Thermoplasmatota;c__Thermoplasmata;o__Methanomassiliicoccales;f__Methanomethylophilaceae;g__Methanoprimaticola;s__Methanoprimaticola sp963637895,,anfO
204253,GB_GCA_963640995.1,anfO,CAVICI010000028.1_22_A,9.2e-09,31.8,0.0,310,414,25079-26326,-1,0,CAVICI010000028.1,22,1,nifB,d__Archaea;p__Thermoplasmatota;c__Thermoplasmata;o__Methanomassiliicoccales;f__Methanomethylophilaceae;g__Methanoprimaticola;s__Methanoprimaticola sp963640995,,anfO
204254,GB_GCA_963645865.1,anfO,CAVIUM010000035.1_2_A,5.3e-06,22.9,0.0,303,409,820-2052,1,0,CAVIUM010000035.1,2,1,nifB,d__Archaea;p__Thermoplasmatota;c__Thermoplasmata;o__Methanomassiliicoccales;f__Methanomethylophilaceae;g__Methanoprimaticola;s__Methanoprimaticola sp963645865,,anfO
204255,GB_GCA_963650175.1,anfO,CAVJLK010000103.1_2_A,2.3e-06,23.8,0.0,303,409,1549-2778,-1,0,CAVJLK010000103.1,2,1,nifB,d__Archaea;p__Thermoplasmatota;c__Thermoplasmata;o__Methanomassiliicoccales;f__Methanomethylophilaceae;g__Methanoprimaticola;s__Methanoprimaticola sp963650175,,anfO
204256,GB_GCA_963656905.1,anfO,CAVKKO010000252.1_2_A,2.1e-08,30.8,0.0,318,424,1325-2599,-1,0,CAVKKO010000252.1,2,1,nifB,d__Archaea;p__Thermoplasmatota;c__Thermoplasmata;o__Methanomassiliicoccales;f__Methanomethylophilaceae;g__Methanoprimaticola;s__Methanoprimaticola sp963656905,,anfO
204257,GB_GCA_963662735.1,anfO,OY759744.1_517_A,1.3e-49,165.6,0.0,3,210,499745-500380,-1,0,OY759744.1,517,4,anfO,d__Archaea;p__Halobacteriota;c__Methanomicrobia;o__Methanomicrobiales;f__Methanospirillaceae;g__Methanoregula;s__Methanoregula sp963662735,,anfO
204258,GB_GCA_963667735.1,anfO,OY763919.1_204_A,3.9e-50,167.4,0.0,3,210,204490-205125,1,0,OY763919.1,204,5,anfO,d__Archaea;p__Halobacteriota;c__Methanomicrobia;o__Methanomicrobiales;f__Methanospirillaceae;g__Methanoregula;s__Methanoregula sp963667735,,anfO
204259,GB_GCA_963667985.1,anfO,OY764081.1_955_A,1.3e-39,132.5,0.0,2,209,878183-878818,-1,0,OY764081.1,955,1,anfO,d__Archaea;p__Halobacteriota;c__Methanomicrobia;o__Methanomicrobiales;f__Methanocorpusculaceae;g__Methanocorpusculum;s__Methanocorpusculum sp963667985,,anfO
204260,GB_GCA_963668475.1,anfO,OY764544.1_447_A,8.599999999999999e-49,163.3,0.0,2,208,523096-523734,-1,0,OY764544.1,447,5,anfO,d__Archaea;p__Halobacteriota;c__Methanomicrobia;o__Methanomicrobiales;f__Methanospirillaceae;g__Methanospirillum;s__Methanospirillum sp963668475,,anfO
204261,GB_GCA_963676045.1,anfO,OY780938.1_1546_A,4.5e-06,22.6,0.0,307,410,1490242-1491474,-1,0,OY780938.1,1546,1,nifB,d__Archaea;p__Thermoplasmatota;c__Thermoplasmata;o__Methanomassiliicoccales;f__Methanomethylophilaceae;g__Methanogranum;s__Methanogranum sp963676045,,anfO
204262,GB_GCA_963676235.1,anfO,OY781044.1_927_A,4.7e-08,29.0,0.0,305,411,988273-989511,-1,0,OY781044.1,927,1,nifB,d__Archaea;p__Thermoplasmatota;c__Thermoplasmata;o__Methanomassiliicoccales;f__Methanomethylophilaceae;g__JALNYB01;s__JALNYB01 sp963676235,,anfO
204263,GB_GCA_963676575.1,anfO,OY781078.1_258_A,1.4e-38,129.0,0.0,2,209,236448-237083,-1,0,OY781078.1,258,3,anfO,d__Archaea;p__Halobacteriota;c__Methanomicrobia;o__Methanomicrobiales;f__Methanocorpusculaceae;g__Methanocorpusculum;s__Methanocorpusculum sp963676575,,anfO
204264,GB_GCA_963676675.2,anfO,OY781161.1_1111_A,3.8999999999999997e-53,177.2,0.0,2,209,1094141-1094779,1,0,OY781161.1,1111,6,anfO,d__Archaea;p__Halobacteriota;c__Methanomicrobia;o__Methanomicrobiales;f__Methanospirillaceae;g__Methanoregula;s__Methanoregula sp963676675,,anfO
204265,GB_GCA_963677065.1,anfO,OY781872.1_258_A,5.1e-48,160.6,0.0,3,210,301877-302512,1,0,OY781872.1,258,4,anfO,d__Archaea;p__Halobacteriota;c__Methanomicrobia;o__Methanomicrobiales;f__Methanospirillaceae;g__Methanoregula;s__Methanoregula sp963677065,,anfO
204266,GB_GCA_963701095.1,anfO,OY969564.1_326_A,4.3e-48,160.7,0.0,2,212,277175-277813,1,0,OY969564.1,326,5,anfO,d__Archaea;p__Halobacteriota;c__Methanomicrobia;o__Methanomicrobiales;f__Methanospirillaceae;g__Methanoregula;s__Methanoregula sp963701095,,anfO
204267,GB_GCA_963727895.1,anfO,CAVSHT010000007.1_58_A,7.9e-34,114.6,0.1,0,142,48995-49426,-1,0,CAVSHT010000007.1,58,1,anfO,d__Archaea;p__Halobacteriota;c__Methanosarcinia;o__Methanosarcinales;f__Methanosarcinaceae;g__Methanosarcina;s__Methanosarcina sp963727895,,anfO
204268,GB_GCA_963733675.1,anfO,CAVTET010000004.1_146_A,3.6e-67,223.3,0.1,0,209,160419-161048,-1,0,CAVTET010000004.1,146,1,anfO,d__Archaea;p__Halobacteriota;c__Methanosarcinia;o__Methanosarcinales;f__Methanosarcinaceae;g__Methanosarcina;s__Methanosarcina sp963733675,,anfO
204269,GB_GCA_963733675.1,anfO,CAVTET010000012.1_27_A,2.1e-70,233.9,0.7,0,209,20606-21235,-1,0,CAVTET010000012.1,27,1,anfO,d__Archaea;p__Halobacteriota;c__Methanosarcinia;o__Methanosarcinales;f__Methanosarcinaceae;g__Methanosarcina;s__Methanosarcina sp963733675,,anfO
204270,GB_GCA_963737635.1,anfO,CAVTTL010000001.1_1217_A,2.9e-47,158.0,0.0,3,213,1029733-1030374,1,0,CAVTTL010000001.1,1217,5,anfO,d__Archaea;p__Halobacteriota;c__Methanomicrobia;o__Methanomicrobiales;f__Methanospirillaceae;g__Methanoregula;s__Methanoregula sp963737635,,anfO
204271,GB_GCA_963738255.1,anfO,CAVTVW010000004.1_479_A,5e-53,176.8,0.0,2,209,472082-472711,1,0,CAVTVW010000004.1,479,1,anfO,d__Archaea;p__Halobacteriota;c__Methanocellia;o__Methanocellales;f__Methanocellaceae;g__Methanocella;s__Methanocella sp963738255,,anfO
204272,GB_GCA_963758935.1,anfO,CAVWXD010000008.1_295_A,1.5999999999999998e-49,165.3,0.0,3,210,215316-215954,1,0,CAVWXD010000008.1,295,1,anfO,d__Archaea;p__Halobacteriota;c__Methanomicrobia;o__Methanomicrobiales;f__Methanospirillaceae;g__Methanoregula;s__Methanoregula sp963758935,,anfO
204273,GB_GCA_963761105.1,anfO,CAVXFW010000023.1_547_A,3e-48,161.3,0.0,2,208,541878-542504,1,0,CAVXFW010000023.1,547,2,anfO,d__Archaea;p__Halobacteriota;c__Methanomicrobia;o__Methanomicrobiales;f__Methanomicrobiaceae;g__Methanogenium;s__Methanogenium sp963761105,,anfO
204274,GB_GCA_963763235.1,anfO,CAVXNY010000013.1_173_A,2.4e-69,230.2,0.1,0,209,189603-190232,1,0,CAVXNY010000013.1,173,2,anfO,d__Archaea;p__Halobacteriota;c__Methanosarcinia;o__Methanosarcinales;f__Methanosarcinaceae;g__Methanosarcina;s__Methanosarcina sp963763235,,anfO
204275,GB_GCA_963780625.1,anfO,CAWACH010000002.1_385_A,9.9e-52,172.6,0.0,2,208,375793-376422,-1,0,CAWACH010000002.1,385,1,anfO,d__Archaea;p__Halobacteriota;c__Methanocellia;o__Methanocellales;f__Methanocellaceae;g__Methanocella;s__Methanocella sp963780625,,anfO
204276,GB_GCA_963780665.1,anfO,CAWACJ010000006.1_80_A,9.1e-53,176.0,0.0,2,209,72220-72849,-1,0,CAWACJ010000006.1,80,1,anfO,d__Archaea;p__Halobacteriota;c__Methanocellia;o__Methanocellales;f__Methanocellaceae;g__Methanocella;s__Methanocella sp963780665,,anfO
204277,GB_GCA_963788665.1,anfO,CAWBHV010000043.1_3_A,1.2e-05,21.1,0.0,19,127,1645-2037,1,0,CAWBHV010000043.1,3,1,anfO,d__Archaea;p__Methanobacteriota;c__Methanobacteria;o__Methanobacteriales;f__Methanobacteriaceae;g__Methanobacterium_B;s__Methanobacterium_B sp963788665,,anfO
204278,GB_GCA_963790005.1,anfO,CAWBMY010000005.1_2_A,6.9e-51,169.7,0.0,1,207,616-1239,-1,0,CAWBMY010000005.1,2,1,anfO,d__Archaea;p__Halobacteriota;c__Methanomicrobia;o__Methanomicrobiales;f__Methanospirillaceae;g__Methanoregula;s__Methanoregula sp963790005,,anfO
204279,GB_GCA_963815625.1,anfO,CAWFHG010000003.1_471_A,1.1e-38,129.9,0.0,0,170,399269-399784,1,0,CAWFHG010000003.1,471,4,anfO,d__Archaea;p__Halobacteriota;c__Methanomicrobia;o__Methanomicrobiales;f__Methanospirillaceae;g__CAIKOD01;s__CAIKOD01 sp963815625,,anfO
204280,GB_GCA_963818955.1,anfO,CAWFUY010000034.1_63_A,3.5e-64,213.6,0.3,10,219,60883-61542,-1,0,CAWFUY010000034.1,63,1,anfO,d__Archaea;p__Halobacteriota;c__Methanosarcinia;o__Methanosarcinales;f__Methanosarcinaceae;g__Methanosarcina;s__Methanosarcina sp963818955,,anfO
204281,GB_GCA_963825335.1,anfO,CAWGSP010000001.1_384_A,5.6e-05,19.8,0.0,23,131,386012-386416,1,0,CAWGSP010000001.1,384,5,anfO,d__Archaea;p__Methanobacteriota;c__Methanobacteria;o__Methanobacteriales;f__Methanobacteriaceae;g__Methanobacterium_B;s__Methanobacterium_B sp963825335,,anfO
204282,GB_GCA_963826525.1,anfO,CAWGXH010000004.1_190_A,3.9e-41,138.3,0.0,0,170,157874-158386,-1,0,CAWGXH010000004.1,190,1,anfO,d__Archaea;p__Halobacteriota;c__Methanomicrobia;o__Methanomicrobiales;f__Methanoculleaceae;g__Methanoculleus_A;s__Methanoculleus_A sp963826525,,anfO
204283,GB_GCA_963848985.1,anfO,CAWKGG010000020.1_38_A,2.4e-61,204.4,0.1,0,187,45154-45717,-1,0,CAWKGG010000020.1,38,1,anfO,d__Archaea;p__Halobacteriota;c__Methanosarcinia;o__Methanosarcinales;f__Methanosarcinaceae;g__Methanosarcina;s__Methanosarcina sp963848985,,anfO
204284,GB_GCA_964409915.1,anfO,CAYPEQ010000001.1_107_A,1.6e-47,158.5,0.0,2,212,115313-115951,-1,0,CAYPEQ010000001.1,107,1,anfO,d__Archaea;p__Halobacteriota;c__Methanomicrobia;o__Methanomicrobiales;f__Methanospirillaceae;g__Methanoregula;s__Methanoregula sp964409915,,anfO
204285,GB_GCA_964409915.1,anfO,CAYPEQ010000003.1_47_A,2.2e-48,161.3,0.0,3,209,42149-42778,1,0,CAYPEQ010000003.1,47,2,anfO,d__Archaea;p__Halobacteriota;c__Methanomicrobia;o__Methanomicrobiales;f__Methanospirillaceae;g__Methanoregula;s__Methanoregula sp964409915,,anfO
204286,GB_GCA_964445265.1,anfO,CAYUPU010000086.1_2_A,5.5e-10,35.3,0.0,301,402,651-1871,1,0,CAYUPU010000086.1,2,1,nifB,d__Archaea;p__Thermoplasmatota;c__Thermoplasmata;o__Methanomassiliicoccales;f__Methanomethylophilaceae;g__Methanoprimaticola;s__Methanoprimaticola sp964445265,,anfO
204287,GB_GCA_964454995.1,anfO,CAYVTY010000002.1_76_A,7.8e-51,169.4,0.0,2,209,83594-84223,-1,0,CAYVTY010000002.1,76,1,anfO,d__Archaea;p__Halobacteriota;c__Methanomicrobia;o__Methanomicrobiales;f__Methanospirillaceae;g__Methanoregula;s__Methanoregula sp964454995,,anfO
204288,GB_GCA_964479785.1,anfO,CAYZSQ010000031.1_10_A,9.5e-06,21.6,0.0,306,416,9707-11005,-1,0,CAYZSQ010000031.1,10,1,nifB,d__Archaea;p__Thermoplasmatota;c__Thermoplasmata;o__Methanomassiliicoccales;f__Methanomethylophilaceae;g__Methanoprimaticola;s__Methanoprimaticola sp964479785,,anfO
204289,GB_GCA_964499845.1,anfO,CAZCMJ010000081.1_2_A,9.5e-07,24.8,0.0,307,410,2151-3383,-1,0,CAZCMJ010000081.1,2,1,nifB,d__Archaea;p__Thermoplasmatota;c__Thermoplasmata;o__Methanomassiliicoccales;f__Methanomethylophilaceae;g__Methanoprimaticola;s__Methanoprimaticola sp964499845,,anfO
204290,GB_GCA_964501255.1,anfO,CAZCSN010000056.1_5_A,2e-48,161.4,0.0,2,204,5397-6011,-1,0,CAZCSN010000056.1,5,1,anfO,d__Archaea;p__Halobacteriota;c__Methanomicrobia;o__Methanomicrobiales;f__Methanospirillaceae;g__Methanospirillum;s__Methanospirillum sp964501255,,anfO
204291,GB_GCA_964515765.1,anfO,CAZEWE010000056.1_13_A,3e-51,171.0,0.0,2,208,14059-14685,1,0,CAZEWE010000056.1,13,1,anfO,d__Archaea;p__Halobacteriota;c__Methanomicrobia;o__Methanomicrobiales;f__Methanospirillaceae;g__Methanospirillum;s__Methanospirillum sp964515765,,anfO
204292,GB_GCA_964548585.1,anfO,CAZJRS010000106.1_4_A,1e-53,179.3,0.0,2,206,2556-3176,-1,0,CAZJRS010000106.1,4,1,anfO,d__Archaea;p__Halobacteriota;c__Methanocellia;o__Methanocellales;f__Methanocellaceae;g__Methanocella_A;s__Methanocella_A sp964548585,,anfO
204293,GB_GCA_964550065.1,anfO,CAZJWD010000001.1_487_A,5.6e-06,22.3,0.0,306,408,471936-473162,-1,0,CAZJWD010000001.1,487,1,nifB,d__Archaea;p__Thermoplasmatota;c__Thermoplasmata;o__Methanomassiliicoccales;f__Methanomethylophilaceae;g__Methanoprimaticola;s__Methanoprimaticola sp964550065,,anfO
204294,GB_GCA_964592875.1,anfO,CAZQGG010000006.1_163_A,2.5999999999999998e-46,154.9,0.0,3,211,157117-157755,1,0,CAZQGG010000006.1,163,1,anfO,d__Archaea;p__Halobacteriota;c__Methanomicrobia;o__Methanomicrobiales;f__Methanospirillaceae;g__Methanoregula;s__Methanoregula sp964592875,,anfO
204295,GB_GCA_964620455.1,anfO,CAZUIU010000001.1_182_A,3e-06,23.2,0.0,307,415,168709-169959,-1,0,CAZUIU010000001.1,182,1,nifB,d__Archaea;p__Thermoplasmatota;c__Thermoplasmata;o__Methanomassiliicoccales;f__Methanomethylophilaceae;g__Methanogranum;s__Methanogranum sp964620455,,anfO
204296,GB_GCA_964624045.1,anfO,CAZUXC010000016.1_4_A,2e-48,162.1,0.0,2,208,2798-3436,1,0,CAZUXC010000016.1,4,1,anfO,d__Archaea;p__Halobacteriota;c__Methanomicrobia;o__Methanomicrobiales;f__Methanospirillaceae;g__Methanospirillum;s__Methanospirillum sp964624045,,anfO
204297,GB_GCA_964625165.1,anfO,CAZVAS010000058.1_5_A,2.8e-49,164.4,0.0,2,208,4676-5314,-1,0,CAZVAS010000058.1,5,1,anfO,d__Archaea;p__Halobacteriota;c__Methanomicrobia;o__Methanomicrobiales;f__Methanospirillaceae;g__Methanospirillum;s__Methanospirillum sp964625165,,anfO
204298,GB_GCA_964642535.1,anfO,CAZXRT010000095.1_6_A,2.3e-45,151.6,0.0,0,201,6112-6720,1,0,CAZXRT010000095.1,6,1,anfO,d__Archaea;p__Halobacteriota;c__Methanomicrobia;o__Methanomicrobiales;f__Methanospirillaceae;g__Methanospirillum;s__Methanospirillum sp964642535,,anfO
204299,GB_GCA_965229365.1,anfO,OZ245878.1_1280_A,2.1e-31,105.8,0.0,0,158,1090372-1090848,-1,0,OZ245878.1,1280,2,anfO,d__Archaea;p__Halobacteriota;c__Methanomicrobia;o__Methanomicrobiales;f__Methanocorpusculaceae;g__Methanocorpusculum;s__Methanocorpusculum sp965229365,,anfO
204300,RS_GCF_000007345.1,anfO,NC_003552.1_1238_A,7.200000000000001e-44,147.7,0.0,0,129,1434095-1434484,-1,0,NC_003552.1,1238,5,anfO,d__Archaea;p__Halobacteriota;c__Methanosarcinia;o__Methanosarcinales;f__Methanosarcinaceae;g__Methanosarcina;s__Methanosarcina acetivorans,,anfO
204301,RS_GCF_000007345.1,anfO,NC_003552.1_1242_A,3e-69,230.6,0.0,0,212,1439308-1439997,-1,0,NC_003552.1,1242,5,anfO,d__Archaea;p__Halobacteriota;c__Methanosarcinia;o__Methanosarcinales;f__Methanosarcinaceae;g__Methanosarcina;s__Methanosarcina acetivorans,,anfO
204302,RS_GCF_000017165.1,anfO,NC_009634.1_60_A,1.4e-05,21.1,0.0,3,104,56858-57178,-1,0,NC_009634.1,60,6,nifB,d__Archaea;p__AGJL01;c__Methanococci;o__Methanococcales;f__Methanococcaceae;g__Methanococcus;s__Methanococcus vannielii,,anfO
204303,RS_GCF_000017625.1,anfO,NC_009712.1_2057_A,8.2e-48,159.6,0.0,3,213,2070699-2071340,-1,0,NC_009712.1,2057,2,anfO,d__Archaea;p__Halobacteriota;c__Methanomicrobia;o__Methanomicrobiales;f__Methanospirillaceae;g__Methanoregula;s__Methanoregula boonei,,anfO
204304,RS_GCF_000017625.1,anfO,NC_009712.1_1180_A,1.3e-49,165.5,0.0,2,208,1152605-1153231,1,0,NC_009712.1,1180,10,anfO,d__Archaea;p__Halobacteriota;c__Methanomicrobia;o__Methanomicrobiales;f__Methanospirillaceae;g__Methanoregula;s__Methanoregula boonei,,anfO
204305,RS_GCF_000021965.1,anfO,NC_011832.1_556_A,2.3e-49,164.8,0.0,9,216,546269-546928,-1,0,NC_011832.1,556,2,anfO,d__Archaea;p__Halobacteriota;c__Methanomicrobia;o__Methanomicrobiales;f__Methanospirillaceae;g__Methanosphaerula;s__Methanosphaerula palustris,,anfO
204306,RS_GCF_000024185.1,anfO,NC_013790.1_461_A,9.1e-07,25.3,0.1,0,108,650676-651014,-1,0,NC_013790.1,461,1,nifB,d__Archaea;p__Methanobacteriota;c__Methanobacteria;o__Methanobacteriales;f__Methanobacteriaceae;g__Methanobrevibacter;s__Methanobrevibacter ruminantium,,anfO
204307,RS_GCF_000063445.1,anfO,NC_009464.1_1395_A,1.8e-52,175.1,0.0,2,208,1384493-1385122,-1,0,NC_009464.1,1395,3,anfO,d__Archaea;p__Halobacteriota;c__Methanocellia;o__Methanocellales;f__Methanocellaceae;g__Methanocella_A;s__Methanocella_A arvoryzae,,anfO
204308,RS_GCF_000147875.1,anfO,NC_014507.1_255_A,3.2000000000000004e-48,161.1,0.0,11,217,269089-269742,-1,0,NC_014507.1,255,2,anfO,d__Archaea;p__Halobacteriota;c__Methanomicrobia;o__Methanomicrobiales;f__Methanomicrobiaceae;g__Methanolacinia;s__Methanolacinia petrolearia,,anfO
204309,RS_GCF_000251105.1,anfO,NC_017034.1_148_A,2.6e-49,164.5,0.0,2,209,145023-145652,1,0,NC_017034.1,148,5,anfO,d__Archaea;p__Halobacteriota;c__Methanocellia;o__Methanocellales;f__Methanocellaceae;g__Methanocella;s__Methanocella conradii,,anfO
204310,RS_GCF_000275865.1,anfO,NZ_CM001555.1_525_A,2.1e-50,168.0,0.0,2,207,533777-534400,-1,0,NZ_CM001555.1,525,4,anfO,d__Archaea;p__Halobacteriota;c__Methanomicrobia;o__Methanomicrobiales;f__Methanofollaceae;g__Methanofollis;s__Methanofollis liminatans,,anfO
204311,RS_GCF_000300255.2,anfO,NC_020913.1_328_A,2.5e-06,23.4,0.0,335,440,302653-303975,-1,0,NC_020913.1,328,2,nifB,d__Archaea;p__Thermoplasmatota;c__Thermoplasmata;o__Methanomassiliicoccales;f__Methanomethylophilaceae;g__Methanomethylophilus;s__Methanomethylophilus alvi,,anfO
204312,RS_GCF_000308215.1,anfO,NZ_CAJE01000024.1_47_A,9e-55,182.4,0.0,2,207,43695-44321,1,0,NZ_CAJE01000024.1,47,3,anfO,d__Archaea;p__Thermoplasmatota;c__Thermoplasmata;o__Methanomassiliicoccales;f__Methanomassiliicoccaceae;g__Methanomassiliicoccus;s__Methanomassiliicoccus luminyensis,,anfO
204313,RS_GCF_000621965.1,anfO,NZ_KK211375.1_122_A,4.9e-06,22.6,0.1,0,107,148125-148460,1,0,NZ_KK211375.1,122,4,nifB,d__Archaea;p__Methanobacteriota;c__Methanobacteria;o__Methanobacteriales;f__Methanobacteriaceae;g__Methanarmilla;s__Methanarmilla wolinii,,anfO
204314,RS_GCF_000784355.1,anfO,NZ_KN360939.1_43_A,7.400000000000001e-48,159.9,0.0,11,217,40498-41151,-1,0,NZ_KN360939.1,43,1,anfO,d__Archaea;p__Halobacteriota;c__Methanomicrobia;o__Methanomicrobiales;f__Methanomicrobiaceae;g__Methanolacinia;s__Methanolacinia paynteri,,anfO
204315,RS_GCF_000800805.1,anfO,NZ_CP010070.1_133_A,8.9e-07,24.7,0.0,310,408,149131-150372,-1,0,NZ_CP010070.1,133,2,nifB,d__Archaea;p__Thermoplasmatota;c__Thermoplasmata;o__Methanomassiliicoccales;f__Methanomethylophilaceae;g__Methanoplasma;s__Methanoplasma termitum,,anfO
204316,RS_GCF_000969985.1,anfO,NZ_CP009526.1_3435_B,9.4e-17,58.8,0.1,29,80,4153698-4153940,1,0,NZ_CP009526.1,3435,10,anfO,d__Archaea;p__Halobacteriota;c__Methanosarcinia;o__Methanosarcinales;f__Methanosarcinaceae;g__Methanosarcina;s__Methanosarcina barkeri_B,,anfO
204317,RS_GCF_001729965.1,anfO,NZ_JRWK01000002.1_84_A,3e-05,19.9,0.9,1,112,91807-92151,-1,0,NZ_JRWK01000002.1,84,1,nifB,d__Archaea;p__Methanobacteriota;c__Methanobacteria;o__Methanobacteriales;f__Methanobacteriaceae;g__Methanosphaera;s__Methanosphaera sp001729965,,anfO
204318,RS_GCF_002208625.1,anfO,NZ_MRCT01000039.1_8_A,1.7e-05,20.8,0.1,0,107,7169-7504,1,0,NZ_MRCT01000039.1,8,1,nifB,d__Archaea;p__Methanobacteriota;c__Methanobacteria;o__Methanobacteriales;f__Methanobacteriaceae;g__Methanarmilla;s__Methanarmilla sp002208625,,anfO
204319,RS_GCF_002502735.1,anfO,NZ_DAQC01000001.1_541_A,2.4e-48,161.3,0.0,2,208,565101-565727,1,0,NZ_DAQC01000001.1,541,2,anfO,d__Archaea;p__Halobacteriota;c__Methanomicrobia;o__Methanomicrobiales;f__Methanospirillaceae;g__Methanoregula;s__Methanoregula sp002502735,,anfO
204320,RS_GCF_003268005.1,anfO,NZ_CP014213.1_1853_A,1e-05,21.9,0.5,1,111,2459083-2459424,-1,0,NZ_CP014213.1,1853,1,anfO,d__Archaea;p__Methanobacteriota;c__Methanobacteria;o__Methanobacteriales;f__Methanobacteriaceae;g__Methanosphaera;s__Methanosphaera sp003268005,,anfO
204321,RS_GCF_004102725.1,anfO,NZ_LHQS01000002.1_301_A,2.9e-49,164.4,0.0,11,217,292193-292846,1,0,NZ_LHQS01000002.1,301,3,anfO,d__Archaea;p__Halobacteriota;c__Methanomicrobia;o__Methanomicrobiales;f__Methanoculleaceae;g__Methanoculleus_A;s__Methanoculleus_A taiwanensis,,anfO
204322,RS_GCF_016294135.1,anfO,NZ_JAEDCO010000002.1_92_A,8e-05,18.6,0.1,4,111,89071-89421,1,0,NZ_JAEDCO010000002.1,92,1,nifB,d__Archaea;p__Methanobacteriota;c__Methanobacteria;o__Methanobacteriales;f__Methanobacteriaceae;g__Methanobrevibacter;s__Methanobrevibacter ruminantium_A,,anfO
204323,RS_GCF_017873855.1,anfO,NZ_JAGGKR010000001.1_837_A,1.9e-50,168.2,0.0,3,210,910288-910920,1,0,NZ_JAGGKR010000001.1,837,3,anfO,d__Archaea;p__Halobacteriota;c__Methanomicrobia;o__Methanomicrobiales;f__Methanospirillaceae;g__Methanolinea_B;s__Methanolinea_B mesophila,,anfO
204324,RS_GCF_017875315.1,anfO,NZ_JAGGMM010000001.1_502_A,3.8e-53,177.0,0.0,9,212,492820-493458,1,0,NZ_JAGGMM010000001.1,502,4,anfO,d__Archaea;p__Halobacteriota;c__Methanomicrobia;o__Methanomicrobiales;f__Methanomicrobiaceae;g__Methanomicrobium;s__Methanomicrobium sp017875315,,anfO
204325,RS_GCF_018141185.1,anfO,NZ_CP058560.1_1448_A,1.1e-06,25.0,0.2,0,108,1501963-1502295,-1,0,NZ_CP058560.1,1448,1,anfO,d__Archaea;p__Methanobacteriota;c__Methanobacteria;o__Methanobacteriales;f__Methanobacteriaceae;g__Methanobacterium_F;s__Methanobacterium_F alkalithermotolerans,,anfO
204326,RS_GCF_018433835.1,anfO,NZ_JAHDQM010000027.1_33_A,2e-51,171.6,0.0,11,216,23967-24617,1,0,NZ_JAHDQM010000027.1,33,1,anfO,d__Archaea;p__Halobacteriota;c__Methanomicrobia;o__Methanomicrobiales;f__Methanoculleaceae;g__Methanoculleus;s__Methanoculleus sp018433835,,anfO
204327,RS_GCF_018502485.1,anfO,NZ_CP075546.1_1942_A,2.3e-51,171.6,0.0,2,208,2062538-2063170,1,0,NZ_CP075546.1,1942,4,anfO,d__Archaea;p__Halobacteriota;c__Methanomicrobia;o__Methanomicrobiales;f__Methanospirillaceae;g__Methanospirillum;s__Methanospirillum purgamenti,,anfO
204328,RS_GCF_021023085.1,anfO,NZ_PGCK01000003.1_103_A,2.4e-48,161.6,0.0,2,208,101335-101961,-1,0,NZ_PGCK01000003.1,103,1,anfO,d__Archaea;p__Halobacteriota;c__Methanocellia;o__Methanocellales;f__Methanocellaceae;g__Methanooceanicella;s__Methanooceanicella nereidis,,anfO
204329,RS_GCF_022768985.1,anfO,NZ_JALEKL010000009.1_266_A,8.7e-05,18.2,0.0,1,106,295518-295838,-1,0,NZ_JALEKL010000009.1,266,1,nifB,d__Archaea;p__Methanobacteriota;c__Methanobacteria;o__Methanobacteriales;f__Methanobacteriaceae;g__Methanosphaera;s__Methanosphaera sp022768985,,anfO
204330,RS_GCF_023167465.1,anfO,NZ_AP025698.1_1255_A,9.7e-05,18.3,0.1,0,105,1144119-1144442,1,0,NZ_AP025698.1,1255,8,nifB,d__Archaea;p__Methanobacteriota;c__Methanobacteria;o__Methanobacteriales;f__DSM-23052;g__Methanothermobacter_A;s__Methanothermobacter_A tenebrarum,,anfO
204331,RS_GCF_025397995.1,anfO,NZ_CP104550.1_153_A,2.8e-05,20.2,0.0,0,104,147486-147812,-1,0,NZ_CP104550.1,153,1,nifB,d__Archaea;p__Methanobacteriota;c__Methanobacteria;o__Methanobacteriales;f__Methanothermobacteraceae;g__Methanothermobacter;s__Methanothermobacter wolfei,,anfO
204332,RS_GCF_026684035.1,anfO,NZ_CP113361.1_1050_A,5.6e-53,176.5,0.0,2,207,1040601-1041227,1,0,NZ_CP113361.1,1050,6,anfO,d__Archaea;p__Halobacteriota;c__Methanomicrobia;o__Methanomicrobiales;f__Methanomicrobiaceae;g__Methanogenium;s__Methanogenium organophilum,,anfO
204333,RS_GCF_026891975.1,anfO,NZ_JAPTGB010000021.1_36_A,2.6e-40,134.9,0.0,2,209,31708-32346,1,0,NZ_JAPTGB010000021.1,36,1,anfO,d__Archaea;p__Halobacteriota;c__Methanomicrobia;o__Methanomicrobiales;f__Methanocorpusculaceae;g__Methanocorpusculum;s__Methanocorpusculum petauri,,anfO
204334,RS_GCF_028679125.1,anfO,NZ_JAJRCG010000012.1_5_A,1.1e-45,152.7,0.0,3,210,4426-5064,1,0,NZ_JAJRCG010000012.1,5,1,anfO,d__Archaea;p__Halobacteriota;c__Methanomicrobia;o__Methanomicrobiales;f__Methanospirillaceae;g__Methanoregula;s__Methanoregula sp028679125,,anfO
204335,RS_GCF_028679455.1,anfO,NZ_JAJRBM010000074.1_11_A,3.8999999999999986e-49,164.3,0.0,2,207,13023-13658,1,0,NZ_JAJRBM010000074.1,11,1,anfO,d__Archaea;p__Halobacteriota;c__Methanomicrobia;o__Methanomicrobiales;f__Methanospirillaceae;g__Methanospirillum;s__Methanospirillum sp028679455,,anfO
204336,RS_GCF_029633965.1,anfO,NZ_CP091277.1_1741_A,1.4e-51,171.8,0.0,2,208,1819474-1820100,1,0,NZ_CP091277.1,1741,6,anfO,d__Archaea;p__Halobacteriota;c__Methanomicrobia;o__Methanomicrobiales;f__Methanomicrobiaceae;g__Methanogenium;s__Methanogenium sp029633965,,anfO
204337,RS_GCF_030651615.1,anfO,NZ_JAUSCG010000065.1_4_A,1.8e-46,154.9,0.0,10,217,2197-2853,-1,0,NZ_JAUSCG010000065.1,4,1,anfO,d__Archaea;p__Halobacteriota;c__Methanomicrobia;o__Methanomicrobiales;f__Methanocorpusculaceae;g__Methanocalculus;s__Methanocalculus sp030651615,,anfO
204338,RS_GCF_030655665.1,anfO,NZ_JAUSPQ010000004.1_137_A,5.4e-40,133.6,0.0,2,209,139180-139815,-1,0,NZ_JAUSPQ010000004.1,137,1,anfO,d__Archaea;p__Halobacteriota;c__Methanomicrobia;o__Methanomicrobiales;f__Methanocorpusculaceae;g__Methanocorpusculum;s__Methanocorpusculum sp030655665,,anfO
204339,RS_GCF_031461075.1,anfO,NZ_JAVKPK010000082.1_11_A,1.5e-73,244.0,0.1,0,208,10172-10801,1,0,NZ_JAVKPK010000082.1,11,1,anfO,d__Archaea;p__Halobacteriota;c__Methanosarcinia;o__Methanosarcinales;f__Methanosarcinaceae;g__Methanosarcina;s__Methanosarcina baikalica,,anfO
204340,RS_GCF_032842345.1,anfO,NZ_WBKO01000003.1_104_A,6.3e-46,153.5,0.0,11,215,96820-97470,-1,0,NZ_WBKO01000003.1,104,2,anfO,d__Archaea;p__Halobacteriota;c__Methanomicrobia;o__Methanomicrobiales;f__Methanoculleaceae;g__Methanoculleus;s__Methanoculleus caldifontis,,anfO
204341,RS_GCF_035543475.1,anfO,NZ_DATKKA010000022.1_13_A,5.8e-50,166.4,0.0,2,212,11429-12067,1,0,NZ_DATKKA010000022.1,13,1,anfO,d__Archaea;p__Halobacteriota;c__Methanomicrobia;o__Methanomicrobiales;f__Methanospirillaceae;g__Methanoregula;s__Methanoregula sp035543475,,anfO
204342,RS_GCF_035560735.1,anfO,NZ_DATMYY010000063.1_9_A,2.5e-49,164.5,0.0,2,208,8196-8834,1,0,NZ_DATMYY010000063.1,9,1,anfO,d__Archaea;p__Halobacteriota;c__Methanomicrobia;o__Methanomicrobiales;f__Methanospirillaceae;g__Methanospirillum;s__Methanospirillum sp035560735,,anfO
204343,RS_GCF_041645475.1,anfO,NZ_JBAZQA010000001.1_361_A,1.1e-46,156.2,0.0,3,211,368040-368678,1,0,NZ_JBAZQA010000001.1,361,1,anfO,d__Archaea;p__Halobacteriota;c__Methanomicrobia;o__Methanomicrobiales;f__Methanospirillaceae;g__Methanoregula;s__Methanoregula sp041645475,,anfO
204344,RS_GCF_041663825.1,anfO,NZ_JBAYLY010000024.1_28_A,2.2e-48,161.8,0.0,2,208,28028-28654,1,0,NZ_JBAYLY010000024.1,28,1,anfO,d__Archaea;p__Halobacteriota;c__Methanomicrobia;o__Methanomicrobiales;f__Methanospirillaceae;g__Methanoregula;s__Methanoregula sp041663825,,anfO
204345,RS_GCF_046195335.1,anfO,NZ_CP176093.1_2532_A,2.0000000000000003e-49,165.3,0.0,2,208,2745004-2745642,1,0,NZ_CP176093.1,2532,8,anfO,d__Archaea;p__Halobacteriota;c__Methanomicrobia;o__Methanomicrobiales;f__Methanospirillaceae;g__Methanospirillum;s__Methanospirillum lacunae,,anfO
204346,RS_GCF_046244385.1,anfO,NZ_CP176366.1_572_A,1.7e-51,172.2,0.0,2,207,602271-602894,-1,0,NZ_CP176366.1,572,10,anfO,d__Archaea;p__Halobacteriota;c__Methanomicrobia;o__Methanomicrobiales;f__Methanospirillaceae;g__Methanospirillum;s__Methanospirillum stamsii,,anfO
204347,RS_GCF_047501175.1,anfO,NZ_JBEQWH010000015.1_25_A,1.3e-06,24.5,0.0,318,421,26430-27701,-1,0,NZ_JBEQWH010000015.1,25,1,nifB,d__Archaea;p__Thermoplasmatota;c__Thermoplasmata;o__Methanomassiliicoccales;f__Methanomethylophilaceae;g__Methanoprimaticola;s__Methanoprimaticola sp047501175,,anfO
204348,RS_GCF_049518935.1,anfO,NZ_JBEKRH010000020.1_21_A,5.1e-51,170.1,0.0,3,210,17642-18280,-1,0,NZ_JBEKRH010000020.1,21,1,anfO,d__Archaea;p__Halobacteriota;c__Methanomicrobia;o__Methanomicrobiales;f__Methanospirillaceae;g__Methanoregula;s__Methanoregula sp049518935,,anfO
204349,RS_GCF_049676595.1,anfO,NZ_CP187259.1_772_A,5.7e-56,186.8,0.0,2,206,779197-779817,-1,0,NZ_CP187259.1,772,2,anfO,d__Archaea;p__Halobacteriota;c__Methanocellia;o__Methanocellales;f__Methanocellaceae;g__Methanocella_A;s__Methanocella_A sp049676595,,anfO
204350,RS_GCF_049686655.1,anfO,NZ_JBAVIG010000045.1_12_A,5.9e-48,160.1,0.0,3,210,10003-10641,1,0,NZ_JBAVIG010000045.1,12,1,anfO,d__Archaea;p__Halobacteriota;c__Methanomicrobia;o__Methanomicrobiales;f__Methanospirillaceae;g__Methanoregula;s__Methanoregula sp049686655,,anfO
204351,RS_GCF_050010295.1,anfO,NZ_JBEKLH010000004.1_82_A,2.7e-47,158.0,0.0,3,210,117653-118288,-1,0,NZ_JBEKLH010000004.1,82,1,anfO,d__Archaea;p__Halobacteriota;c__Methanomicrobia;o__Methanomicrobiales;f__Methanospirillaceae;g__Methanoregula;s__Methanoregula sp050010295,,anfO
204352,RS_GCF_052055875.1,anfO,NZ_CP170508.1_1256_A,1.2e-49,165.7,0.0,3,211,1416026-1416667,1,0,NZ_CP170508.1,1256,4,anfO,d__Archaea;p__Halobacteriota;c__Methanomicrobia;o__Methanomicrobiales;f__Methanospirillaceae;g__Methanosphaerula;s__Methanosphaerula subterraneus,,anfO
204353,RS_GCF_052057765.1,anfO,NZ_CP195120.1_2869_A,2.9e-27,93.2,0.0,0,101,3332272-3332577,1,0,NZ_CP195120.1,2869,10,anfO,d__Archaea;p__Halobacteriota;c__Methanosarcinia;o__Methanosarcinales;f__Methanosarcinaceae;g__Methanosarcina;s__Methanosarcina sp052057765,,anfO
204354,RS_GCF_902784195.1,anfO,NZ_CACZTX010000008.1_15_A,4.5e-05,19.5,0.1,4,111,15436-15786,-1,0,NZ_CACZTX010000008.1,15,1,nifB,d__Archaea;p__Methanobacteriota;c__Methanobacteria;o__Methanobacteriales;f__Methanobacteriaceae;g__Methanobrevibacter;s__Methanobrevibacter sp902784195,,anfO
204355,RS_GCF_963678795.2,anfO,NZ_CAXXIR010000001.1_151_A,5.5e-51,170.2,0.0,3,210,152283-152927,-1,0,NZ_CAXXIR010000001.1,151,1,anfO,d__Archaea;p__Halobacteriota;c__Methanomicrobia;o__Methanomicrobiales;f__Methanospirillaceae;g__Methanoregula;s__Methanoregula sp963678795,,anfO
204356,GB_GCA_000242935.3,anfO,CP007053.1_265_A,1.6e-67,225.3,0.0,0,206,333024-333725,1,0,CP007053.1,265,5,anfO,d__Bacteria;p__Verrucomicrobiota;c__Verrucomicrobiia;o__Opitutales;f__Opitutaceae;g__Geminisphaera;s__Geminisphaera sp000242935,,anfO
204357,GB_GCA_000802095.1,anfO,JUEB01000015.1_30_A,2.8e-50,168.5,0.0,2,207,27205-27828,1,0,JUEB01000015.1,30,1,anfO,d__Bacteria;p__Bacillota;c__Desulfotomaculia;o__Desulfotomaculales;f__Desulfocucumaceae;g__BRHc4a;s__BRHc4a sp000802095,,anfO
204358,GB_GCA_000961575.1,anfO,LADP01000032.1_52_A,1.1999999999999998e-53,179.4,0.0,2,208,52142-52771,1,0,LADP01000032.1,52,1,anfO,d__Bacteria;p__Bacillota;c__Desulfotomaculia;o__Desulfotomaculales;f__Desulfallaceae;g__BRH-c8a;s__BRH-c8a sp000961575,,anfO
204359,GB_GCA_000961585.1,anfO,LADN01000053.1_41_A,3.9e-55,184.0,0.0,2,208,41249-41875,-1,0,LADN01000053.1,41,1,anfO,d__Bacteria;p__Bacillota;c__Desulfotomaculia;o__Desulfotomaculales;f__Desulfocucumaceae;g__BRHc4a;s__BRHc4a sp000961585,,anfO
204360,GB_GCA_000961595.1,anfO,LADO01000055.1_87_A,3.800000000000001e-58,193.9,0.0,2,210,87020-87658,1,0,LADO01000055.1,87,1,anfO,d__Bacteria;p__Bacillota;c__Desulfotomaculia;o__Desulfotomaculales;f__Desulfocucumaceae;g__Desulfocucumis;s__Desulfocucumis sp000961595,,anfO
204361,GB_GCA_001516055.1,anfO,LOEZ01000019.1_81_A,1.8e-60,201.6,0.1,2,206,78240-78872,-1,0,LOEZ01000019.1,81,1,anfO,d__Bacteria;p__Bacillota;c__Desulfitobacteriia;o__Desulfitobacteriales;f__Syntrophobotulaceae;g__Gracilibacter;s__Gracilibacter sp001516055,,anfO
204362,GB_GCA_001602925.1,anfO,LUZT01000006.1_402_A,1.1e-62,207.9,0.0,0,217,413087-413770,1,0,LUZT01000006.1,402,3,anfO,d__Bacteria;p__Bacteroidota;c__Chlorobiia;o__Chlorobiales;f__Chlorobiaceae;g__Chlorobaculum;s__Chlorobaculum sp001602925,,anfO
204363,GB_GCA_001603035.1,anfO,LVAS01000062.1_16_A,3.9e-37,124.0,0.0,5,208,16975-17604,1,0,LVAS01000062.1,16,1,anfO,d__Bacteria;p__Bacillota;c__Clostridia;o__Saccharofermentanales;f__Saccharofermentanaceae;g__Firm-13;s__Firm-13 sp001603035,,anfO
204364,GB_GCA_001603145.1,anfO,LVBI01000002.1_19_A,5.5e-05,19.6,0.0,88,151,21082-21537,-1,0,LVBI01000002.1,19,1,anfO,d__Bacteria;p__Spirochaetota;c__Spirochaetia;o__Treponematales;f__Treponemataceae;g__UBA1240;s__UBA1240 sp001603145,,anfO
204365,GB_GCA_001604185.1,anfO,LVAV01000054.1_58_A,5e-06,23.4,0.0,6,116,75096-75452,1,0,LVAV01000054.1,58,2,nifB,d__Bacteria;p__Bacillota;c__Clostridia;o__Saccharofermentanales;f__Saccharofermentanaceae;g__Scatonaster;s__Scatonaster sp001604185,,anfO
204366,GB_GCA_001657575.1,anfO,LBCX01000005.1_34_A,1.9e-52,175.1,0.0,0,224,37672-38346,1,0,LBCX01000005.1,34,1,anfO,d__Bacteria;p__Bacteroidota;c__Bacteroidia;o__Bacteroidales;f__Tannerellaceae;g__Barb7;s__Barb7 sp001657575,,anfO
204367,GB_GCA_001803645.1,anfO,MHDW01000183.1_2_A,5.1e-06,23.2,0.0,0,129,2880-3281,1,0,MHDW01000183.1,2,1,anfO,d__Bacteria;p__Nitrospirota;c__Thermodesulfovibrionia;o__Thermodesulfovibrionales;f__UBA6898;g__GWC2-42-7;s__GWC2-42-7 sp001803645,,anfO
204368,GB_GCA_001805055.1,anfO,MHDZ01000067.1_15_A,2.7e-05,21.0,0.0,0,118,13582-13977,1,0,MHDZ01000067.1,15,1,nifB,d__Bacteria;p__Nitrospirota;c__UBA9217;o__UBA9217;f__UBA9217;g__GWC2-57-13;s__GWC2-57-13 sp001805055,,anfO
204369,GB_GCA_002011745.1,anfO,MTOU01000029.1_13_A,1.1e-05,21.9,0.0,0,121,5051-5452,-1,0,MTOU01000029.1,13,1,nifB,d__Bacteria;p__Nitrospirota;c__Thermodesulfovibrionia;o__Thermodesulfovibrionales;f__JdFR-85;g__JdFR-85;s__JdFR-85 sp002011745,,anfO
204370,GB_GCA_002067205.1,anfO,MVQL01000253.1_3_A,1.3000000000000002e-57,192.6,0.0,2,210,1793-2428,1,0,MVQL01000253.1,3,1,anfO,d__Bacteria;p__Bacillota;c__Desulfotomaculia;o__Desulfotomaculales;f__Pelotomaculaceae;g__MVQL01;s__MVQL01 sp002067205,,anfO
204371,GB_GCA_002067965.1,anfO,MVRN01000118.1_19_A,1.1e-55,185.3,0.0,2,205,17692-18321,1,0,MVRN01000118.1,19,1,anfO,d__Bacteria;p__Bacillota;c__Desulfotomaculia;o__Desulfotomaculales;f__Pelotomaculaceae;g__MVRN01;s__MVRN01 sp002067965,,anfO
204372,GB_GCA_002294045.1,anfO,DBEP01000075.1_40_A,2.3e-05,21.9,0.0,2,105,34707-35024,1,0,DBEP01000075.1,40,1,nifB,d__Bacteria;p__Bacillota;c__Clostridia;o__Lachnospirales;f__Lachnospiraceae;g__Anaerocolumna;s__Anaerocolumna sp002294045,,anfO
204373,GB_GCA_002294045.1,anfO,DBEP01000075.1_46_A,4.2e-08,30.8,0.0,43,121,40731-41102,1,0,DBEP01000075.1,46,1,nifB,d__Bacteria;p__Bacillota;c__Clostridia;o__Lachnospirales;f__Lachnospiraceae;g__Anaerocolumna;s__Anaerocolumna sp002294045,,anfO
204374,GB_GCA_002298145.1,anfO,DBMP01000016.1_10_A,5.3e-17,59.4,0.0,0,92,9760-10062,1,0,DBMP01000016.1,10,1,anfO,d__Bacteria;p__Verrucomicrobiota;c__Verrucomicrobiia;o__Chthoniobacterales;f__Chthoniobacteraceae;g__UBA695;s__UBA695 sp002298145,,anfO
204375,GB_GCA_002298925.1,anfO,DBMM01000093.1_24_A,1.9e-06,25.1,0.0,10,118,29550-29909,1,0,DBMM01000093.1,24,1,nifB,d__Bacteria;p__Desulfobacterota;c__Desulfuromonadia;o__Geobacterales;f__Pseudopelobacteraceae;g__Pelotalea;s__Pelotalea sp002298925,,anfO
204376,GB_GCA_002306975.1,anfO,DBTI01000098.1_8_A,1.4e-48,162.5,0.0,2,214,6121-6786,-1,0,DBTI01000098.1,8,1,anfO,d__Bacteria;p__Bacillota;c__Clostridia;o__Oscillospirales;f__Ethanoligenentaceae;g__Ruminiclostridium_D;s__Ruminiclostridium_D sp002306975,,anfO
204377,GB_GCA_002306975.1,anfO,DBTI01000114.1_25_A,5.3e-05,20.2,0.0,12,111,22832-23167,-1,0,DBTI01000114.1,25,1,nifB,d__Bacteria;p__Bacillota;c__Clostridia;o__Oscillospirales;f__Ethanoligenentaceae;g__Ruminiclostridium_D;s__Ruminiclostridium_D sp002306975,,anfO
204378,GB_GCA_002306975.1,anfO,DBTI01000267.1_41_A,5.7e-62,206.3,0.0,0,208,41408-42034,1,0,DBTI01000267.1,41,2,anfO,d__Bacteria;p__Bacillota;c__Clostridia;o__Oscillospirales;f__Ethanoligenentaceae;g__Ruminiclostridium_D;s__Ruminiclostridium_D sp002306975,,anfO
204379,GB_GCA_002307035.1,anfO,DBTL01000134.1_14_A,1.1000000000000004e-59,198.7,0.0,0,215,17416-18072,-1,0,DBTL01000134.1,14,1,anfO,d__Bacteria;p__Bacteroidota;c__Bacteroidia;o__Bacteroidales;f__Bacteroidaceae;g__Bacteroides;s__Bacteroides sp002307035,,anfO
204380,GB_GCA_002307145.1,anfO,DBTR01000004.1_5_A,1.8e-56,188.4,0.0,0,226,4066-4797,1,0,DBTR01000004.1,5,1,anfO,d__Bacteria;p__Pseudomonadota;c__Alphaproteobacteria;o__Rhodospirillales;f__Rhodospirillaceae;g__Oleispirillum;s__Oleispirillum sp002307145,,anfO
204381,GB_GCA_002307175.1,anfO,DBTS01000093.1_17_A,5.3e-51,171.1,0.0,0,218,16962-17708,1,0,DBTS01000093.1,17,1,anfO,d__Bacteria;p__Pseudomonadota;c__Gammaproteobacteria;o__Burkholderiales;f__Rhodocyclaceae;g__Uliginosibacterium;s__Uliginosibacterium sp002307175,,anfO
204382,GB_GCA_002307185.1,anfO,DBTT01000042.1_3_A,1.7e-42,142.5,0.0,2,218,2459-3118,-1,0,DBTT01000042.1,3,1,anfO,d__Bacteria;p__Bacteroidota;c__Bacteroidia;o__Bacteroidales;f__Dysgonomonadaceae;g__UBA1309;s__UBA1309 sp002307185,,anfO
204383,GB_GCA_002307185.1,anfO,DBTT01000042.1_4_A,1.8e-54,181.6,0.2,0,206,3153-3839,-1,0,DBTT01000042.1,4,1,anfO,d__Bacteria;p__Bacteroidota;c__Bacteroidia;o__Bacteroidales;f__Dysgonomonadaceae;g__UBA1309;s__UBA1309 sp002307185,,anfO
204384,GB_GCA_002307215.1,anfO,DBTU01000011.1_32_A,4.5e-64,213.5,0.1,1,203,41725-42351,-1,0,DBTU01000011.1,32,1,anfO,d__Bacteria;p__Bacillota;c__Clostridia;o__Lachnospirales;f__Lachnospiraceae;g__Mobilitalea;s__Mobilitalea sp002307215,,anfO
204385,GB_GCA_002339745.1,anfO,DDKP01000095.1_11_A,1.2e-62,207.6,0.0,2,210,9439-10074,1,0,DDKP01000095.1,11,1,anfO,d__Bacteria;p__Bacillota;c__Thermincolia;o__Thermincolales;f__UBA2595;g__UBA2595;s__UBA2595 sp002339745,,anfO
204386,GB_GCA_002348905.1,anfO,DEBW01000034.1_27_A,9.7e-05,19.1,0.3,2,118,27019-27375,-1,0,DEBW01000034.1,27,1,anfO,d__Bacteria;p__Bacillota;c__Clostridia;o__Oscillospirales;f__Ruminococcaceae;g__Ruminococcus;s__Ruminococcus flavefaciens_O,,anfO
204387,GB_GCA_002371265.1,anfO,DFGT01000027.1_20_A,5.9e-06,23.1,0.0,10,121,15161-15532,1,0,DFGT01000027.1,20,1,nifB,d__Bacteria;p__Bacteroidota;c__Bacteroidia;o__Bacteroidales;f__Paludibacteraceae;g__UBA1723;s__UBA1723 sp002371265,,anfO
204388,GB_GCA_002389905.1,anfO,DGRE01000019.1_26_A,1.5e-32,110.5,0.0,1,203,26425-27036,1,0,DGRE01000019.1,26,1,anfO,d__Bacteria;p__Bacillota;c__Clostridia;o__Lachnospirales;f__Lachnospiraceae;g__Lacrimispora;s__Lacrimispora sp002389905,,anfO
204389,GB_GCA_002391235.1,anfO,DGRX01000006.1_64_A,1.4e-08,31.3,0.0,3,123,67907-68281,1,0,DGRX01000006.1,64,1,nifB,d__Bacteria;p__Spirochaetota;c__Spirochaetia;o__Treponematales;f__Treponemataceae;g__Treponema_D;s__Treponema_D sp002391235,,anfO
204390,GB_GCA_002392915.1,anfO,DGHQ01000005.1_13_A,6e-06,23.1,0.0,10,121,8117-8488,1,0,DGHQ01000005.1,13,1,nifB,d__Bacteria;p__Bacteroidota;c__Bacteroidia;o__Bacteroidales;f__Paludibacteraceae;g__UBA1723;s__UBA1723 sp002392915,,anfO
204391,GB_GCA_002397275.1,anfO,DHAA01000074.1_18_A,1.7e-52,175.1,0.0,2,201,17422-18033,-1,0,DHAA01000074.1,18,1,anfO,d__Bacteria;p__Bacillota;c__DSM-12270;o__Thermacetogeniales;f__Thermacetogeniaceae;g__Syntrophaceticus;s__Syntrophaceticus sp002397275,,anfO
204392,GB_GCA_002398825.1,anfO,DHBS01000007.1_75_A,1.1e-44,149.4,0.0,2,206,80636-81256,-1,0,DHBS01000007.1,75,1,anfO,d__Bacteria;p__Bacillota;c__Syntrophomonadia;o__Syntrophomonadales;f__Syntrophomonadaceae;g__DTU019;s__DTU019 sp002398825,,anfO
204393,GB_GCA_002402945.1,anfO,DHGV01000056.1_3_A,1.6e-56,187.7,0.0,2,209,1108-1749,-1,0,DHGV01000056.1,3,1,anfO,d__Bacteria;p__Bacillota;c__Desulfotomaculia;o__Desulfotomaculales;f__Pelotomaculaceae;g__Syntrophopropionicum;s__Syntrophopropionicum sp002402945,,anfO
204394,GB_GCA_002403785.1,anfO,DHIM01000108.1_16_A,3.1e-71,236.8,0.2,2,207,14246-15055,1,0,DHIM01000108.1,16,1,anfO,d__Bacteria;p__Bacillota;c__Clostridia;o__Clostridiales;f__Clostridiaceae;g__Clostridium_AD;s__Clostridium_AD sp002403785,,anfO
204395,GB_GCA_002403785.1,anfO,DHIM01000144.1_3_A,8.4e-78,258.3,0.1,0,212,2426-3064,-1,0,DHIM01000144.1,3,1,anfO,d__Bacteria;p__Bacillota;c__Clostridia;o__Clostridiales;f__Clostridiaceae;g__Clostridium_AD;s__Clostridium_AD sp002403785,,anfO
204396,GB_GCA_002410325.1,anfO,DHRK01000019.1_76_A,1e-51,172.9,0.0,0,202,81005-81613,1,0,DHRK01000019.1,76,2,anfO,d__Bacteria;p__Bacillota;c__Syntrophomonadia;o__Syntrophomonadales;f__Syntrophomonadaceae;g__UBA5314;s__UBA5314 sp002410325,,anfO
204397,GB_GCA_002413345.1,anfO,DHWU01000023.1_36_A,6e-59,196.0,0.0,0,209,30000-30713,-1,0,DHWU01000023.1,36,1,anfO,d__Bacteria;p__Actinomycetota;c__Actinomycetes;o__Propionibacteriales;f__Propionibacteriaceae;g__Propionicimonas;s__Propionicimonas sp002413345,,anfO
204398,GB_GCA_002419465.1,anfO,DIGE01000018.1_168_A,6e-06,22.8,0.0,0,110,180713-181045,1,0,DIGE01000018.1,168,1,nifB,d__Bacteria;p__Desulfobacterota;c__Desulfuromonadia;o__Geobacterales;f__Pseudopelobacteraceae;g__Trichlorobacter;s__Trichlorobacter sp002419465,,anfO
204399,GB_GCA_002422265.1,anfO,DIUB01000170.1_4_A,4.4e-05,20.2,0.0,0,110,3216-3548,1,0,DIUB01000170.1,4,1,nifB,d__Bacteria;p__Desulfobacterota;c__Desulfuromonadia;o__Geobacterales;f__Pseudopelobacteraceae;g__Trichlorobacter;s__Trichlorobacter sp002422265,,anfO
204400,GB_GCA_002423105.1,anfO,DIUT01000007.1_32_A,2.1e-05,21.4,0.0,54,134,33216-33620,1,0,DIUT01000007.1,32,1,nifB,d__Bacteria;p__Desulfobacterota;c__Desulfuromonadia;o__Geobacterales;f__Pseudopelobacteraceae;g__Trichlorobacter;s__Trichlorobacter sp002423105,,anfO
204401,GB_GCA_002423105.1,anfO,DIUT01000018.1_6_B,3e-05,21.0,0.0,74,134,2461-2865,1,0,DIUT01000018.1,6,1,anfO,d__Bacteria;p__Desulfobacterota;c__Desulfuromonadia;o__Geobacterales;f__Pseudopelobacteraceae;g__Trichlorobacter;s__Trichlorobacter sp002423105,,anfO
204402,GB_GCA_002452325.1,anfO,DKFG01000158.1_2_A,4.4e-06,23.8,0.0,0,110,881-1213,-1,0,DKFG01000158.1,2,1,nifB,d__Bacteria;p__Desulfobacterota;c__Desulfuromonadia;o__Geobacterales;f__Pseudopelobacteraceae;g__Trichlorobacter;s__Trichlorobacter sp002452325,,anfO
204403,GB_GCA_002452335.1,anfO,DKFJ01000006.1_205_A,3.4e-56,187.0,0.0,0,207,233709-234398,-1,0,DKFJ01000006.1,205,1,anfO,d__Bacteria;p__Chrysiogenota;c__Deferribacteres;o__Deferribacterales;f__Geovibrionaceae;g__Seleniivibrio;s__Seleniivibrio sp002452335,,anfO
204404,GB_GCA_002452405.1,anfO,DKFP01000009.1_223_A,2.8e-66,220.1,0.0,0,206,247858-248559,1,0,DKFP01000009.1,223,2,anfO,d__Bacteria;p__Chrysiogenota;c__Deferribacteres;o__Deferribacterales;f__Geovibrionaceae;g__Seleniivibrio;s__Seleniivibrio sp002452405,,anfO
204405,GB_GCA_002840165.1,anfO,PGZN01000004.1_48_A,3.5e-58,193.5,0.0,2,209,57312-57941,1,0,PGZN01000004.1,48,1,anfO,d__Bacteria;p__Bacillota;c__Thermincolia;o__Thermincolales;f__UBA2595;g__GW-Firmicutes-8;s__GW-Firmicutes-8 sp002840165,,anfO
204406,GB_GCA_002840275.1,anfO,PHAB01000006.1_19_A,2.9e-56,187.7,0.0,303,512,14476-16017,1,0,PHAB01000006.1,19,1,nifB,d__Bacteria;p__Bacillota;c__Thermincolia;o__Thermincolales;f__UBA2595;g__W-Firmicutes-14;s__W-Firmicutes-14 sp002840275,,anfO
204407,GB_GCA_002897855.1,anfO,BDTO01000027.1_2_A,2.6e-05,20.7,0.0,0,111,2732-3124,1,0,BDTO01000027.1,2,1,nifB,d__Bacteria;p__Nitrospirota;c__Thermodesulfovibrionia;o__Thermodesulfovibrionales;f__BMS3Bbin05;g__BMS3Bbin05;s__BMS3Bbin05 sp002897855,,anfO
204408,GB_GCA_002897935.1,anfO,BDTA01000079.1_2_A,2.3e-05,21.0,0.0,0,121,2786-3178,1,0,BDTA01000079.1,2,1,nifB,d__Bacteria;p__Nitrospirota;c__Thermodesulfovibrionia;o__Thermodesulfovibrionales;f__JdFR-85;g__BMS3Abin08;s__BMS3Abin08 sp002897935,,anfO
204409,GB_GCA_002898135.1,anfO,BDTQ01000254.1_5_A,1.4e-05,21.2,0.1,0,121,1956-2351,-1,0,BDTQ01000254.1,5,1,nifB,d__Bacteria;p__Nitrospirota;c__Thermodesulfovibrionia;o__Thermodesulfovibrionales;f__JdFR-85;g__BMS3Bbin07;s__BMS3Bbin07 sp002898135,,anfO
204410,GB_GCA_003153275.1,anfO,PLXX01000039.1_23_A,3.7e-05,20.3,0.0,0,120,14736-15131,-1,0,PLXX01000039.1,23,1,nifB,d__Bacteria;p__Nitrospirota;c__Thermodesulfovibrionia;o__Thermodesulfovibrionales;f__UBA6898;g__PALSA-1316;s__PALSA-1316 sp003153275,,anfO
204411,GB_GCA_003246335.1,anfO,QKAR01000043.1_8_A,9.4e-46,153.1,0.0,0,261,6337-7134,-1,0,QKAR01000043.1,8,1,anfO,d__Bacteria;p__Spirochaetota;c__Spirochaetia;o__Treponematales;f__Treponemataceae;g__Teretinema;s__Teretinema sp003246335,,anfO
204412,GB_GCA_003250275.1,anfO,QKGW01000496.1_6_A,6.1000000000000005e-30,101.7,0.0,0,109,4874-5200,1,0,QKGW01000496.1,6,1,anfO,d__Bacteria;p__Pseudomonadota;c__Alphaproteobacteria;o__Rhodospirillales;f__Rhodospirillaceae;g__Oleispirillum;s__Oleispirillum sp003250275,,anfO
204413,GB_GCA_003252385.1,anfO,QKEH01000151.1_14_A,1.9e-07,28.1,0.1,0,104,13828-14148,1,0,QKEH01000151.1,14,1,anfO,d__Bacteria;p__Bacteroidota;c__Bacteroidia;o__Bacteroidales;f__UBA10428;g__UBA10428;s__UBA10428 sp003252385,,anfO
204414,GB_GCA_003501365.1,anfO,DNPP01000252.1_4_A,4.0000000000000004e-72,240.0,0.1,0,207,3643-4266,-1,0,DNPP01000252.1,4,1,anfO,d__Bacteria;p__Bacillota;c__UBA4882;o__UBA8346;f__UBA8346;g__UBA8346;s__UBA8346 sp003501365,,anfO
204415,GB_GCA_003543235.1,anfO,DPJA01000039.1_219_A,2.1e-38,128.6,0.1,2,220,232810-233472,-1,0,DPJA01000039.1,219,1,anfO,d__Bacteria;p__Bacillota;c__Clostridia;o__Lachnospirales;f__Anaerotignaceae;g__UBA8514;s__UBA8514 sp003543235,,anfO
204416,GB_GCA_003561875.1,anfO,PWVL01000034.1_1_A,7.6e-07,25.5,0.0,0,105,147-491,1,0,PWVL01000034.1,1,1,nifB,d__Bacteria;p__Desulfobacterota;c__Desulfuromonadia;o__Desulfuromonadales;f__Syntrophotaleaceae;g__SLLR01;s__SLLR01 sp003561875,,anfO
204417,GB_GCA_003574895.1,anfO,PJFB01000002.1_329_A,5.8e-69,229.3,0.0,0,251,357008-357772,-1,0,PJFB01000002.1,329,1,anfO,d__Bacteria;p__Desulfobacterota;c__Desulfuromonadia;o__Geobacterales;f__Pseudopelobacteraceae;g__JACPFJ01;s__JACPFJ01 sp003574895,,anfO
204418,GB_GCA_003990955.1,anfO,BIFV01000005.1_3_A,2.3999999999999996e-53,178.3,0.2,2,207,2632-3255,-1,0,BIFV01000005.1,3,1,anfO,d__Bacteria;p__Bacillota;c__Negativicutes;o__DSM-1736;f__Dendrosporobacteraceae;g__BIFV01;s__BIFV01 sp003990955,,anfO
204419,GB_GCA_004143605.1,anfO,AWVY01000037.1_113_A,3.8e-46,155.4,0.0,3,175,66984-67514,-1,0,AWVY01000037.1,113,1,anfO,d__Bacteria;p__Bacillota;c__Desulfotomaculia;o__Desulfotomaculales;f__Desulfotomaculaceae;g__Desulfotomaculum;s__Desulfotomaculum aquiferis,,anfO
204420,GB_GCA_004321915.1,anfO,SCQE01000003.1_15_A,5.9e-05,20.1,0.0,0,127,17568-17963,1,0,SCQE01000003.1,15,1,nifB,d__Bacteria;p__Nitrospirota;c__Thermodesulfovibrionia;o__Thermodesulfovibrionales;f__Dissulfurispiraceae;g__MYbin3;s__MYbin3 sp004321915,,anfO
204421,GB_GCA_007123515.1,anfO,SKKY01000079.1_3_A,9.3e-54,178.5,0.0,2,215,598-1263,1,0,SKKY01000079.1,3,1,anfO,d__Bacteria;p__Bacillota;c__Peptococcia;o__Peptococcales;f__SKKY01;g__SKKY01;s__SKKY01 sp007123515,,anfO
204422,GB_GCA_007134025.1,anfO,SLLR01000133.1_5_A,3.6e-06,23.3,0.0,0,105,3966-4310,-1,0,SLLR01000133.1,5,1,nifB,d__Bacteria;p__Desulfobacterota;c__Desulfuromonadia;o__Desulfuromonadales;f__Syntrophotaleaceae;g__SLLR01;s__SLLR01 sp007134025,,anfO
204423,GB_GCA_007693455.1,anfO,REDP01000239.1_10_A,4.4e-05,20.3,0.0,334,401,14196-15458,1,0,REDP01000239.1,10,1,nifB,d__Bacteria;p__Planctomycetota;c__UBA11346;o__UBA11346;f__UBA11346;g__REDP01;s__REDP01 sp007693455,,anfO
204424,GB_GCA_007695355.1,anfO,REDX01000195.1_4_A,6e-05,19.8,0.0,309,403,1626-2882,-1,0,REDX01000195.1,4,1,nifB,d__Bacteria;p__Planctomycetota;c__UBA11346;o__UBA11346;f__UBA11346;g__REDP01;s__REDP01 sp007695355,,anfO
204425,GB_GCA_008125075.1,anfO,VLTH01000002.1_2062_A,1e-58,196.0,0.5,2,211,2530573-2531208,-1,0,VLTH01000002.1,2062,3,anfO,d__Bacteria;p__Bacillota;c__Clostridia;o__Acetivibrionales;f__Acetivibrionaceae;g__Herbivorax;s__Herbivorax alkalicellulosi,,anfO
204426,GB_GCA_009668975.1,anfO,SBEG01000017.1_32_A,2.8e-06,24.6,0.0,0,109,44064-44393,-1,0,SBEG01000017.1,32,1,nifB,d__Bacteria;p__Desulfobacterota;c__Desulfuromonadia;o__Geobacterales;f__Geobacteraceae;g__RPRC01;s__RPRC01 sp009668975,,anfO
204427,GB_GCA_009711615.1,anfO,VENI01000005.1_299_A,3.6e-58,193.8,0.1,2,212,304635-305276,-1,0,VENI01000005.1,299,2,anfO,d__Bacteria;p__Bacillota;c__Desulfotomaculia;o__Desulfotomaculales;f__Desulfohalotomaculaceae;g__Desulforadius;s__Desulforadius sp009711615,,anfO
204428,GB_GCA_009711705.1,anfO,VENG01000008.1_190_A,1.4e-51,172.7,0.0,2,209,181410-182039,1,0,VENG01000008.1,190,1,anfO,d__Bacteria;p__Bacillota;c__Desulfotomaculia;o__Desulfotomaculales;f__VENG01;g__VENG01;s__VENG01 sp009711705,,anfO
204429,GB_GCA_009712635.1,anfO,WASS01000015.1_283_A,2.1e-38,129.9,0.1,0,202,303454-304065,-1,0,WASS01000015.1,283,1,anfO,d__Bacteria;p__Bacillota;c__Clostridia;o__Lachnospirales;f__Lachnospiraceae;g__Lacrimispora;s__Lacrimispora sp009712635,,anfO
204430,GB_GCA_009886125.1,anfO,VFJK01000131.1_9_A,8.9e-05,19.4,0.0,0,109,11035-11364,1,0,VFJK01000131.1,9,1,nifB,d__Bacteria;p__Desulfobacterota;c__Desulfuromonadia;o__Geobacterales;f__DSM-12255;g__VEOV01;s__VEOV01 sp009886125,,anfO
204431,GB_GCA_009929215.1,anfO,SAAX01000026.1_15_A,4.6e-39,131.2,0.0,3,210,18296-18946,1,0,SAAX01000026.1,15,1,anfO,d__Bacteria;p__Desulfobacterota;c__Desulfovibrionia;o__Desulfovibrionales;f__Desulfovibrionaceae;g__Desulfovibrio;s__Desulfovibrio sp009929215,,anfO
204432,GB_GCA_011040095.1,anfO,DRDE01000098.1_5_A,3e-05,20.7,0.0,0,120,1444-1842,-1,0,DRDE01000098.1,5,1,nifB,d__Bacteria;p__Nitrospirota;c__Thermodesulfovibrionia;o__UBA6902;f__UBA6902;g__BMS3ABIN06;s__BMS3ABIN06 sp011040095,,anfO
204433,GB_GCA_011051565.1,anfO,DRKX01000122.1_5_A,2.5e-05,20.7,0.0,0,126,2141-2536,-1,0,DRKX01000122.1,5,1,nifB,d__Bacteria;p__Nitrospirota;c__Thermodesulfovibrionia;o__Thermodesulfovibrionales;f__JdFR-85;g__BMS3Bbin07;s__BMS3Bbin07 sp011051565,,anfO
204434,GB_GCA_012517475.1,anfO,JAAYUV010000017.1_17_A,6.3e-55,183.4,0.1,2,209,14474-15160,1,0,JAAYUV010000017.1,17,1,anfO,d__Bacteria;p__Bacillota;c__Desulfitobacteriia;o__Desulfitobacteriales;f__Syntrophobotulaceae;g__Dichloromethanomonas;s__Dichloromethanomonas sp012517475,,anfO
204435,GB_GCA_012517475.1,anfO,JAAYUV010000017.1_18_A,4.2e-21,72.9,0.2,0,113,15165-15509,1,0,JAAYUV010000017.1,18,1,anfO,d__Bacteria;p__Bacillota;c__Desulfitobacteriia;o__Desulfitobacteriales;f__Syntrophobotulaceae;g__Dichloromethanomonas;s__Dichloromethanomonas sp012517475,,anfO
204436,GB_GCA_012519695.1,anfO,JAAYPT010000046.1_1_A,1.9e-06,24.8,0.0,2,114,175-519,1,0,JAAYPT010000046.1,1,1,nifB,d__Bacteria;p__Bacillota;c__Clostridia;o__Lachnospirales;f__Lachnospiraceae;g__Petralouisia;s__Petralouisia sp012519695,,anfO
204437,GB_GCA_012972825.1,anfO,JABDHL010000026.1_128_A,2.4e-67,223.5,0.1,0,207,139548-140171,1,0,JABDHL010000026.1,128,2,anfO,d__Bacteria;p__Bacteroidota;c__Chlorobiia;o__Chlorobiales;f__Chlorobiaceae;g__Chlorobium;s__Chlorobium sp012972825,,anfO
204438,GB_GCA_013151495.1,anfO,JAADIE010000098.1_24_A,1e-05,21.7,0.0,0,118,23597-23989,1,0,JAADIE010000098.1,24,1,nifB,d__Bacteria;p__Nitrospirota;c__Thermodesulfovibrionia;o__Thermodesulfovibrionales;f__JdFR-85;g__JAADIE01;s__JAADIE01 sp013151495,,anfO
204439,GB_GCA_013152195.1,anfO,JAADGU010000141.1_2_A,1.7e-05,20.8,0.1,0,120,1148-1543,1,0,JAADGU010000141.1,2,1,nifB,d__Bacteria;p__Nitrospirota;c__Thermodesulfovibrionia;o__Thermodesulfovibrionales;f__JdFR-85;g__BMS3Bbin07;s__BMS3Bbin07 sp013152195,,anfO
204440,GB_GCA_013152485.1,anfO,JAADGG010000047.1_5_A,5.2e-06,22.7,0.1,0,122,2243-2638,-1,0,JAADGG010000047.1,5,1,nifB,d__Bacteria;p__Nitrospirota;c__Thermodesulfovibrionia;o__Thermodesulfovibrionales;f__JdFR-85;g__BMS3Bbin07;s__BMS3Bbin07 sp013152485,,anfO
204441,GB_GCA_013178275.1,anfO,JABLWZ010000015.1_52_A,4.9e-49,164.4,0.0,0,202,52986-53606,1,0,JABLWZ010000015.1,52,1,anfO,d__Bacteria;p__Bacillota;c__Ch66;o__Ch66;f__Ch109;g__Ch109;s__Ch109 sp013178275,,anfO
204442,GB_GCA_013334225.1,anfO,JAAXXY010000035.1_20_A,6.4e-64,212.5,0.0,0,217,18750-19433,1,0,JAAXXY010000035.1,20,1,anfO,d__Bacteria;p__Bacteroidota;c__Chlorobiia;o__Chlorobiales;f__Chlorobiaceae;g__Chlorobium;s__Chlorobium sp013334225,,anfO
204443,GB_GCA_013334335.1,anfO,JAAXXR010000070.1_9_A,9.4e-64,211.4,0.0,0,214,6175-6843,1,0,JAAXXR010000070.1,9,1,anfO,d__Bacteria;p__Bacteroidota;c__Chlorobiia;o__Chlorobiales;f__Chlorobiaceae;g__Chlorobaculum;s__Chlorobaculum sp013334335,,anfO
204444,GB_GCA_013334435.1,anfO,JAAXXP010000007.1_42_A,2.5e-60,200.2,0.0,0,216,45914-46594,-1,0,JAAXXP010000007.1,42,1,anfO,d__Bacteria;p__Bacteroidota;c__Chlorobiia;o__Chlorobiales;f__Chlorobiaceae;g__Chlorobium;s__Chlorobium sp013334435,,anfO
204445,GB_GCA_013334925.1,anfO,JAAXWP010000011.1_23_A,1.8e-66,220.6,0.0,0,217,22789-23475,1,0,JAAXWP010000011.1,23,1,anfO,d__Bacteria;p__Bacteroidota;c__Chlorobiia;o__Chlorobiales;f__Chlorobiaceae;g__Chlorobaculum;s__Chlorobaculum sp013334925,,anfO
204446,GB_GCA_013336025.1,anfO,JAAXUM010000012.1_2_A,3.3e-67,222.9,0.0,0,207,362-985,-1,0,JAAXUM010000012.1,2,1,anfO,d__Bacteria;p__Bacteroidota;c__Chlorobiia;o__Chlorobiales;f__Chlorobiaceae;g__Chlorobium;s__Chlorobium sp013336025,,anfO
204447,GB_GCA_013377095.1,anfO,JACAAY010000010.1_5_A,3.2e-05,21.4,0.0,0,108,2832-3161,-1,0,JACAAY010000010.1,5,1,nifB,d__Bacteria;p__Desulfobacterota;c__Desulfuromonadia;o__Geobacterales;f__Pseudopelobacteraceae;g__Pseudopelobacter;s__Pseudopelobacter sp013377095,,anfO
204448,GB_GCA_013619105.1,anfO,JABXKU010000001.1_27_A,6.8e-09,32.7,0.0,0,107,27001-27345,1,0,JABXKU010000001.1,27,1,nifB,d__Bacteria;p__Desulfobacterota;c__Desulfuromonadia;o__Desulfuromonadales;f__Syntrophotaleaceae;g__Syntrophotalea_A;s__Syntrophotalea_A sp013619105,,anfO
204449,GB_GCA_015057705.1,anfO,SVDU01000009.1_55_A,6.2e-41,137.9,0.1,0,203,60037-60648,-1,0,SVDU01000009.1,55,1,anfO,d__Bacteria;p__Bacillota;c__Clostridia;o__Lachnospirales;f__Lachnospiraceae;g__Lacrimispora;s__Lacrimispora sp015057705,,anfO
204450,GB_GCA_015057715.1,anfO,SVDS01000056.1_14_A,2.2e-37,126.5,0.0,0,203,12981-13592,1,0,SVDS01000056.1,14,1,anfO,d__Bacteria;p__Bacillota;c__Clostridia;o__Lachnospirales;f__Lachnospiraceae;g__Lacrimispora;s__Lacrimispora sp015057715,,anfO
204451,GB_GCA_015061115.1,anfO,SUXE01000001.1_252_A,1.6e-05,21.8,0.0,10,120,246129-246500,-1,0,SUXE01000001.1,252,1,nifB,d__Bacteria;p__Bacteroidota;c__Bacteroidia;o__Bacteroidales;f__Paludibacteraceae;g__UBA1723;s__UBA1723 sp015061115,,anfO
204452,GB_GCA_015233365.1,anfO,JADFXU010000038.1_5_A,2.8e-05,20.4,0.1,0,120,1438-1839,-1,0,JADFXU010000038.1,5,1,nifB,d__Bacteria;p__Nitrospirota;c__Thermodesulfovibrionia;o__Thermodesulfovibrionales;f__Dissulfurispiraceae;g__JADFXI01;s__JADFXI01 sp015233365,,anfO
204453,GB_GCA_015233655.1,anfO,JADFXI010000125.1_8_A,9.9e-05,19.3,0.0,0,119,6120-6518,-1,0,JADFXI010000125.1,8,1,nifB,d__Bacteria;p__Nitrospirota;c__Thermodesulfovibrionia;o__Thermodesulfovibrionales;f__Dissulfurispiraceae;g__JADFXI01;s__JADFXI01 sp015233655,,anfO
204454,GB_GCA_015233895.1,anfO,JADFXG010000040.1_7_A,4.2e-05,20.5,0.0,0,133,3468-3887,-1,0,JADFXG010000040.1,7,1,nifB,d__Bacteria;p__Nitrospirota;c__Thermodesulfovibrionia;o__Thermodesulfovibrionales;f__Magnetobacteriaceae;g__Magnetomonas;s__Magnetomonas sp015233895,,anfO
204455,GB_GCA_015548865.1,anfO,JADMXW010000009.1_71_A,1.1e-48,163.4,0.0,10,213,72241-72882,-1,0,JADMXW010000009.1,71,1,anfO,d__Bacteria;p__Pseudomonadota;c__Gammaproteobacteria;o__Enterobacterales;f__Enterobacteriaceae;g__Symbiopectobacterium;s__Symbiopectobacterium marcescens_A,,anfO
204456,GB_GCA_015654525.1,anfO,JAATGT010000298.1_9_A,2.9e-53,178.0,0.0,0,207,6108-6797,1,0,JAATGT010000298.1,9,1,anfO,d__Bacteria;p__Bacteroidota;c__Bacteroidia;o__Bacteroidales;f__Paludibacteraceae;g__Paludibacter;s__Paludibacter sp015654525,,anfO
204457,GB_GCA_015654525.1,anfO,JAATGT010000298.1_10_A,1.4e-47,159.3,0.0,0,208,6912-7685,1,0,JAATGT010000298.1,10,1,anfO,d__Bacteria;p__Bacteroidota;c__Bacteroidia;o__Bacteroidales;f__Paludibacteraceae;g__Paludibacter;s__Paludibacter sp015654525,,anfO
204458,GB_GCA_015654535.1,anfO,JAATGU010000114.1_25_A,7.3e-57,189.6,0.0,0,213,27858-28508,-1,0,JAATGU010000114.1,25,1,anfO,d__Bacteria;p__Bacteroidota;c__Bacteroidia;o__Bacteroidales;f__Bacteroidaceae;g__Bacteroides;s__Bacteroides sp015654535,,anfO
204459,GB_GCA_015654615.1,anfO,JAATGN010000040.1_14_A,5.4999999999999994e-68,226.6,0.0,0,232,11294-11992,-1,0,JAATGN010000040.1,14,1,anfO,d__Bacteria;p__Pseudomonadota;c__Alphaproteobacteria;o__Rhodospirillales;f__Magnetospirillaceae;g__Telmatospirillum;s__Telmatospirillum sp015654615,,anfO
204460,GB_GCA_015654635.1,anfO,JAATGP010000008.1_6_A,1.6e-57,191.9,0.0,0,223,2221-2892,-1,0,JAATGP010000008.1,6,1,anfO,d__Bacteria;p__Pseudomonadota;c__Alphaproteobacteria;o__Micropepsales;f__Micropepsaceae;g__Rhizomicrobium;s__Rhizomicrobium sp015654635,,anfO
204461,GB_GCA_015654745.1,anfO,JAATGH010000045.1_2_A,6.3e-58,193.6,0.0,0,206,2439-3062,-1,0,JAATGH010000045.1,2,1,anfO,d__Bacteria;p__Pseudomonadota;c__Gammaproteobacteria;o__Enterobacterales;f__Enterobacteriaceae;g__Acerihabitans;s__Acerihabitans sp015654745,,anfO
204462,GB_GCA_015654835.1,anfO,JAATGG010000122.1_19_A,3.5e-59,197.4,0.0,6,214,23067-23762,-1,0,JAATGG010000122.1,19,1,anfO,d__Bacteria;p__Acidobacteriota;c__Terriglobia;o__Terriglobales;f__Acidobacteriaceae;g__Telmatobacter;s__Telmatobacter sp015654835,,anfO
204463,GB_GCA_015654985.1,anfO,JAATFW010000214.1_7_A,1.9e-63,211.4,0.0,57,260,4723-5505,1,0,JAATFW010000214.1,7,1,anfO,d__Bacteria;p__Bacteroidota;c__Bacteroidia;o__Sphingobacteriales;f__Sphingobacteriaceae;g__Arcticibacter;s__Arcticibacter sp015654985,,anfO
204464,GB_GCA_015655075.1,anfO,JAATFT010000093.1_17_A,1.3000000000000002e-57,192.3,0.4,0,203,16201-16812,1,0,JAATFT010000093.1,17,1,anfO,d__Bacteria;p__Bacillota;c__Clostridia;o__Lachnospirales;f__Lachnospiraceae;g__Anaerocolumna;s__Anaerocolumna sp015655075,,anfO
204465,GB_GCA_015655365.1,anfO,JAATFE010000358.1_9_A,7e-58,192.4,0.0,0,211,10843-11526,-1,0,JAATFE010000358.1,9,1,anfO,d__Bacteria;p__Acidobacteriota;c__Terriglobia;o__Terriglobales;f__Acidobacteriaceae;g__Telmatobacter;s__Telmatobacter sp015655365,,anfO
204466,GB_GCA_016195565.1,anfO,JACPZK010000022.1_56_A,3.2e-05,20.4,0.0,0,127,60321-60716,-1,0,JACPZK010000022.1,56,1,nifB,d__Bacteria;p__Nitrospirota;c__Thermodesulfovibrionia;o__Thermodesulfovibrionales;f__UBA1546;g__UBA1546;s__UBA1546 sp016195565,,anfO
204467,GB_GCA_016213825.1,anfO,JACQZP010000031.1_35_A,1.9e-62,207.9,0.0,0,204,41952-42575,-1,0,JACQZP010000031.1,35,1,anfO,d__Bacteria;p__Bacillota;c__Clostridia;o__Eubacteriales;f__Eubacteriaceae;g__Acetobacterium;s__Acetobacterium woodii_A,,anfO
204468,GB_GCA_016213825.1,anfO,JACQZP010000031.1_134_A,3.1e-48,161.5,0.0,5,215,161978-162631,-1,0,JACQZP010000031.1,134,2,anfO,d__Bacteria;p__Bacillota;c__Clostridia;o__Eubacteriales;f__Eubacteriaceae;g__Acetobacterium;s__Acetobacterium woodii_A,,anfO
204469,GB_GCA_016215155.1,anfO,JACRLQ010000084.1_27_A,5.3e-05,20.1,0.0,0,118,30062-30460,1,0,JACRLQ010000084.1,27,1,nifB,d__Bacteria;p__Nitrospirota;c__Thermodesulfovibrionia;o__Thermodesulfovibrionales;f__UBA6898;g__PALSA-1316;s__PALSA-1316 sp016215155,,anfO
204470,GB_GCA_016215605.1,anfO,JACRJB010000068.1_92_A,3.6e-60,201.1,0.0,0,239,98612-99340,1,0,JACRJB010000068.1,92,4,anfO,d__Bacteria;p__Pseudomonadota;c__Alphaproteobacteria;o__Rhizobiales;f__Xanthobacteraceae;g__Rhodopseudomonas;s__Rhodopseudomonas palustris_L,,anfO
204471,GB_GCA_016234115.1,anfO,JACRHD010000067.1_128_A,4.9e-05,20.2,0.0,0,119,137090-137494,1,0,JACRHD010000067.1,128,1,nifB,d__Bacteria;p__Nitrospirota;c__Thermodesulfovibrionia;o__UBA6902;f__UBA6902;g__SURF-23;s__SURF-23 sp016234115,,anfO
204472,GB_GCA_016278505.1,anfO,JADQBQ010000019.1_107_A,7.4e-52,173.4,0.0,2,209,96231-96860,1,0,JADQBQ010000019.1,107,1,anfO,d__Bacteria;p__Bacillota;c__Desulfotomaculia;o__Desulfotomaculales;f__VENG01;g__VENG01;s__VENG01 sp016278505,,anfO
204473,GB_GCA_016281385.1,anfO,JAEEIN010000005.1_5_B,3.3e-05,20.3,0.0,76,145,2187-2627,-1,0,JAEEIN010000005.1,5,1,anfO,d__Bacteria;p__Bacillota;c__Clostridia;o__Lachnospirales;f__Lachnospiraceae;g__UBA1258;s__UBA1258 sp016281385,,anfO
204474,GB_GCA_016285135.1,anfO,JAEEQC010000038.1_7_A,3.3e-05,20.2,0.0,6,115,6151-6507,1,0,JAEEQC010000038.1,7,1,nifB,d__Bacteria;p__Bacillota;c__Clostridia;o__Lachnospirales;f__Lachnospiraceae;g__RUG11977;s__RUG11977 sp016285135,,anfO
204475,GB_GCA_016286055.1,anfO,JAEERW010000006.1_222_A,3.6e-05,20.8,0.1,12,121,260060-260434,1,0,JAEERW010000006.1,222,1,nifB,d__Bacteria;p__Bacteroidota;c__Bacteroidia;o__Bacteroidales;f__UBA3824;g__UBA3824;s__UBA3824 sp016286055,,anfO
204476,GB_GCA_016287245.1,anfO,JAEEWG010000012.1_25_A,1.1e-06,25.2,0.0,7,116,29992-30348,-1,0,JAEEWG010000012.1,25,1,nifB,d__Bacteria;p__Bacillota;c__Clostridia;o__Saccharofermentanales;f__Saccharofermentanaceae;g__Scatonaster;s__Scatonaster sp016287245,,anfO
204477,GB_GCA_016290995.1,anfO,JAEEVR010000028.1_19_A,8.6e-06,22.2,0.1,3,123,22327-22701,-1,0,JAEEVR010000028.1,19,1,nifB,d__Bacteria;p__Spirochaetota;c__Spirochaetia;o__Treponematales;f__Treponemataceae;g__Treponema_D;s__Treponema_D sp016290995,,anfO
204478,GB_GCA_016291375.1,anfO,JAEEXE010000077.1_6_A,1.5e-05,21.7,0.0,26,120,5155-5529,1,0,JAEEXE010000077.1,6,1,nifB,d__Bacteria;p__Bacillota;c__Clostridia;o__Lachnospirales;f__Lachnospiraceae;g__Butyrivibrio;s__Butyrivibrio sp016291375,,anfO
204479,GB_GCA_016342325.1,anfO,JAEINR010000051.1_38_B,2.2e-05,22.2,0.0,308,411,36416-37690,1,0,JAEINR010000051.1,38,1,nifB,d__Bacteria;p__Desulfobacterota;c__Desulfobacteria;o__Desulfobacterales;f__Desulfobacteraceae;g__Desulforapulum;s__Desulforapulum sp016342325,,anfO
204480,GB_GCA_016841045.1,anfO,JAENZX010000017.1_78_A,1.5e-59,198.6,0.0,2,209,71125-71760,-1,0,JAENZX010000017.1,78,1,anfO,d__Bacteria;p__Bacillota;c__Thermincolia;o__Thermincolales;f__UBA2595;g__JAENZX01;s__JAENZX01 sp016841045,,anfO
204481,GB_GCA_016841205.1,anfO,JAENZP010000001.1_243_A,6.8e-52,173.3,0.0,2,204,253789-254406,-1,0,JAENZP010000001.1,243,1,anfO,d__Bacteria;p__Bacillota;c__Desulfotomaculia;o__Desulfotomaculales;f__Desulfallaceae;g__Sporotomaculum;s__Sporotomaculum geothermicum_A,,anfO
204482,GB_GCA_016841245.1,anfO,JAENZN010000005.1_123_A,8.1e-54,179.7,0.0,0,206,132678-133307,1,0,JAENZN010000005.1,123,1,anfO,d__Bacteria;p__Bacillota;c__Syntrophomonadia;o__Syntrophomonadales;f__Syntrophomonadaceae;g__JAAYJK01;s__JAAYJK01 sp016841245,,anfO
204483,GB_GCA_016841605.1,anfO,JAENYV010000001.1_357_A,6.6e-51,170.3,0.0,5,209,449651-450292,1,0,JAENYV010000001.1,357,1,anfO,d__Bacteria;p__Bacillota;c__Dethiobacteria;o__DTU022;f__UBA8154;g__DUNV01;s__DUNV01 sp016841605,,anfO
204484,GB_GCA_016931575.1,anfO,JAFGEO010000164.1_2_A,7.3e-06,23.2,0.0,0,104,116-430,-1,0,JAFGEO010000164.1,2,1,nifB,d__Bacteria;p__Bacteroidota;c__Bacteroidia;o__Bacteroidales;f__UBA10428;g__UBA10428;s__UBA10428 sp016931575,,anfO
204485,GB_GCA_016931575.1,anfO,JAFGEO010000164.1_3_A,4.7e-05,20.6,0.0,0,104,488-802,-1,0,JAFGEO010000164.1,3,1,nifB,d__Bacteria;p__Bacteroidota;c__Bacteroidia;o__Bacteroidales;f__UBA10428;g__UBA10428;s__UBA10428 sp016931575,,anfO
204486,GB_GCA_016936495.1,anfO,JAFGXT010000334.1_8_A,5.6e-05,20.3,0.0,0,105,11266-11598,-1,0,JAFGXT010000334.1,8,1,nifB,d__Bacteria;p__Verrucomicrobiota;c__Lentisphaeria;o__Victivallales;f__SZUA-371;g__JAFGXT01;s__JAFGXT01 sp016936495,,anfO
204487,GB_GCA_017412115.1,anfO,JAFPYR010000059.1_3_A,9e-06,22.7,0.0,7,117,2008-2370,1,0,JAFPYR010000059.1,3,1,nifB,d__Bacteria;p__Bacteroidota;c__Bacteroidia;o__Bacteroidales;f__UBA3824;g__UBA3824;s__UBA3824 sp017412115,,anfO
204488,GB_GCA_017420535.1,anfO,JAFOIV010000026.1_31_A,6.4e-05,19.4,0.0,6,115,34949-35305,1,0,JAFOIV010000026.1,31,1,nifB,d__Bacteria;p__Bacillota;c__Clostridia;o__Lachnospirales;f__Lachnospiraceae;g__Eubacterium_Q;s__Eubacterium_Q sp017420535,,anfO
204489,GB_GCA_017428545.1,anfO,JAFRQR010000020.1_190_A,5.7e-06,22.9,0.0,6,116,221167-221523,-1,0,JAFRQR010000020.1,190,2,nifB,d__Bacteria;p__Bacillota;c__Clostridia;o__Saccharofermentanales;f__Saccharofermentanaceae;g__Scatonaster;s__Scatonaster sp017428545,,anfO
204490,GB_GCA_017442845.1,anfO,JAFRYW010000184.1_9_A,4.2e-05,19.7,0.0,1,108,7910-8239,1,0,JAFRYW010000184.1,9,1,nifB,d__Bacteria;p__Bacillota;c__Clostridia;o__Oscillospirales;f__Ruminococcaceae;g__NK3A76;s__NK3A76 sp017442845,,anfO
204491,GB_GCA_017453705.1,anfO,JAFTEK010000035.1_6_B,5.2e-06,22.9,0.0,77,134,3711-4118,-1,0,JAFTEK010000035.1,6,1,anfO,d__Bacteria;p__Spirochaetota;c__Spirochaetia;o__Treponematales;f__Treponemataceae;g__Treponema_D;s__Treponema_D sp017453705,,anfO
204492,GB_GCA_017470535.1,anfO,JAFUYP010000009.1_30_A,4.9e-06,22.7,0.0,1,108,33863-34195,1,0,JAFUYP010000009.1,30,1,nifB,d__Bacteria;p__Bacillota;c__Clostridia;o__Oscillospirales;f__Ruminococcaceae;g__NK3A76;s__NK3A76 sp017470535,,anfO
204493,GB_GCA_017484095.1,anfO,JAFUTU010000042.1_34_A,6.1e-05,19.3,0.0,4,111,32569-32907,-1,0,JAFUTU010000042.1,34,1,nifB,d__Bacteria;p__Bacillota;c__Clostridia;o__Oscillospirales;f__Ruminococcaceae;g__Hominimerdicola;s__Hominimerdicola sp017484095,,anfO
204494,GB_GCA_017513085.1,anfO,JAFWDK010000010.1_22_A,3.4e-06,23.7,0.0,6,116,20547-20903,1,0,JAFWDK010000010.1,22,1,nifB,d__Bacteria;p__Bacillota;c__Clostridia;o__Saccharofermentanales;f__Saccharofermentanaceae;g__Scatonaster;s__Scatonaster sp017513085,,anfO
204495,GB_GCA_017544125.1,anfO,JAFYET010000108.1_2_A,1.2e-05,21.8,0.0,5,108,1060-1392,1,0,JAFYET010000108.1,2,1,nifB,d__Bacteria;p__Bacillota;c__Clostridia;o__Oscillospirales;f__Ruminococcaceae;g__NK3A76;s__NK3A76 sp017544125,,anfO
204496,GB_GCA_017545245.1,anfO,JAFWPB010000036.1_11_A,8e-06,22.5,0.0,5,116,10556-10912,-1,0,JAFWPB010000036.1,11,1,nifB,d__Bacteria;p__Bacillota;c__Clostridia;o__Saccharofermentanales;f__Saccharofermentanaceae;g__Scatonaster;s__Scatonaster sp017545245,,anfO
204497,GB_GCA_017551865.1,anfO,JAFZKB010000029.1_62_A,1e-06,25.2,0.0,7,116,54848-55204,1,0,JAFZKB010000029.1,62,1,nifB,d__Bacteria;p__Bacillota;c__Clostridia;o__Saccharofermentanales;f__Saccharofermentanaceae;g__Scatonaster;s__Scatonaster sp017551865,,anfO
204498,GB_GCA_017634275.1,anfO,JAGBNQ010000052.1_6_A,1.7e-07,27.3,0.0,1,110,5030-5365,-1,0,JAGBNQ010000052.1,6,1,nifB,d__Bacteria;p__Bacillota;c__Clostridia;o__Oscillospirales;f__Ruminococcaceae;g__NK3A76;s__NK3A76 sp017634275,,anfO
204499,GB_GCA_017634555.1,anfO,JAGBNF010000007.1_28_A,1.5e-06,24.5,0.0,39,119,27706-28065,-1,0,JAGBNF010000007.1,28,1,anfO,d__Bacteria;p__Bacillota;c__Clostridia;o__Lachnospirales;f__Lachnospiraceae;g__Eubacterium_Q;s__Eubacterium_Q sp017634555,,anfO
204500,GB_GCA_017645785.1,anfO,JAGCNW010000006.1_53_A,3.2e-06,23.7,0.1,3,124,55487-55864,1,0,JAGCNW010000006.1,53,1,nifB,d__Bacteria;p__Spirochaetota;c__Spirochaetia;o__Treponematales;f__Treponemataceae;g__Treponema_D;s__Treponema_D sp017645785,,anfO
204501,GB_GCA_017651345.1,anfO,JAGCDD010000468.1_4_A,1.2e-05,22.6,0.1,8,117,1931-2293,1,0,JAGCDD010000468.1,4,1,nifB,d__Bacteria;p__Bacteroidota;c__Bacteroidia;o__Bacteroidales;f__UBA3824;g__UBA3824;s__UBA3824 sp017651345,,anfO
204502,GB_GCA_017860295.1,anfO,JAFNAS010000019.1_43_A,2.2e-54,181.3,0.0,0,206,50851-51552,-1,0,JAFNAS010000019.1,43,1,anfO,d__Bacteria;p__Bacteroidota;c__Bacteroidia;o__Bacteroidales;f__Paludibacteraceae;g__Microbacter;s__Microbacter sp017860295,,anfO
204503,GB_GCA_017861285.1,anfO,JAGFXO010000093.1_5_A,1.7e-05,21.3,0.0,0,108,6248-6577,1,0,JAGFXO010000093.1,5,1,nifB,d__Bacteria;p__Desulfobacterota;c__Desulfuromonadia;o__Geobacterales;f__Geobacteraceae;g__CAIWTU01;s__CAIWTU01 sp017861285,,anfO
204504,GB_GCA_017889545.1,anfO,JAGFZV010000013.1_52_A,1.3e-51,172.3,0.0,2,209,53108-53749,-1,0,JAGFZV010000013.1,52,1,anfO,d__Bacteria;p__Bacillota;c__Negativicutes;o__CTSoil-072;f__CTSoil-072;g__CTSoil-072;s__CTSoil-072 sp017889545,,anfO
204505,GB_GCA_017889585.1,anfO,JAGFZX010000051.1_23_A,1.8e-51,172.2,0.0,2,209,23466-24095,1,0,JAGFZX010000051.1,23,1,anfO,d__Bacteria;p__Bacillota;c__Negativicutes;o__DSM-13327;f__DSM-13327;g__CTSoil-075;s__CTSoil-075 sp017889585,,anfO
204506,GB_GCA_017889625.1,anfO,JAGGAD010000016.1_49_A,1.3e-49,165.8,0.0,2,209,46737-47375,-1,0,JAGGAD010000016.1,49,1,anfO,d__Bacteria;p__Bacillota;c__Negativicutes;o__Sporomusales;f__CTSoil-080;g__CTSoil-081;s__CTSoil-081 sp017889625,,anfO
204507,GB_GCA_017889635.1,anfO,JAGGAC010000012.1_13_A,1.1999999999999999e-54,182.8,0.0,2,207,13245-13868,-1,0,JAGGAC010000012.1,13,1,anfO,d__Bacteria;p__Bacillota;c__Negativicutes;o__Sporomusales;f__CTSoil-080;g__CTSoil-080;s__CTSoil-080 sp017889635,,anfO
204508,GB_GCA_017889675.1,anfO,JAGGAA010000357.1_2_A,2.9e-40,135.2,0.0,0,166,1729-2229,-1,0,JAGGAA010000357.1,2,1,anfO,d__Bacteria;p__Bacillota;c__Negativicutes;o__Sporomusales;f__Sporomusaceae;g__Sporomusa;s__Sporomusa sp017889675,,anfO
204509,GB_GCA_017889705.1,anfO,JAGGAB010000004.1_104_A,9e-51,170.2,0.0,2,205,103462-104079,1,0,JAGGAB010000004.1,104,1,anfO,d__Bacteria;p__Bacillota;c__Negativicutes;o__Sporomusales;f__Sporomusaceae;g__Sporomusa;s__Sporomusa sp017889705,,anfO
204510,GB_GCA_017889725.1,anfO,JAGGAE010000027.1_4_A,1.5999999999999999e-55,184.3,0.0,2,209,2675-3310,1,0,JAGGAE010000027.1,4,1,anfO,d__Bacteria;p__Bacillota;c__Negativicutes;o__Sporomusales;f__CTSoil-080;g__CTSoil-081;s__CTSoil-081 sp017889725,,anfO
204511,GB_GCA_017958365.1,anfO,JAGDCV010000081.1_23_A,7.3e-05,18.8,0.0,6,117,20295-20654,1,0,JAGDCV010000081.1,23,1,nifB,d__Bacteria;p__Bacillota;c__Clostridia;o__Saccharofermentanales;f__Saccharofermentanaceae;g__Saccharofermentans;s__Saccharofermentans sp017958365,,anfO
204512,GB_GCA_017961235.1,anfO,JAGCXQ010000022.1_2_A,5.3e-06,22.9,0.0,6,116,954-1310,-1,0,JAGCXQ010000022.1,2,1,nifB,d__Bacteria;p__Bacillota;c__Clostridia;o__Saccharofermentanales;f__Saccharofermentanaceae;g__Scatonaster;s__Scatonaster sp017961235,,anfO
204513,GB_GCA_017962145.1,anfO,JAGCVX010000017.1_18_A,1e-05,21.9,0.0,5,116,14836-15192,1,0,JAGCVX010000017.1,18,1,nifB,d__Bacteria;p__Bacillota;c__Clostridia;o__Saccharofermentanales;f__Saccharofermentanaceae;g__Scatonaster;s__Scatonaster sp017962145,,anfO
204514,GB_GCA_018262235.1,anfO,JAGTRY010000045.1_36_A,3.9e-51,171.1,0.0,0,209,42229-42927,1,0,JAGTRY010000045.1,36,1,anfO,d__Bacteria;p__Pseudomonadota;c__Gammaproteobacteria;o__Burkholderiales;f__Rhodocyclaceae;g__Uliginosibacterium;s__Uliginosibacterium sp018262235,,anfO
204515,GB_GCA_018262505.1,anfO,JAGSYV010000023.1_35_A,8.9e-61,203.0,0.0,0,228,36563-37249,-1,0,JAGSYV010000023.1,35,1,anfO,d__Bacteria;p__Pseudomonadota;c__Alphaproteobacteria;o__Rhizobiales;f__Pleomorphomonadaceae;g__Pleomorphomonas;s__Pleomorphomonas sp018262505,,anfO
204516,GB_GCA_018262505.1,anfO,JAGSYV010000169.1_4_A,9.899999999999999e-61,202.8,0.0,0,227,2672-3358,-1,0,JAGSYV010000169.1,4,1,anfO,d__Bacteria;p__Pseudomonadota;c__Alphaproteobacteria;o__Rhizobiales;f__Pleomorphomonadaceae;g__Pleomorphomonas;s__Pleomorphomonas sp018262505,,anfO
204517,GB_GCA_018372435.1,anfO,JAHAJA010000003.1_114_A,3.7e-30,102.7,0.0,0,208,126456-127103,1,0,JAHAJA010000003.1,114,1,anfO,d__Bacteria;p__Bacillota;c__Clostridia;o__Lachnospirales;f__Lachnospiraceae;g__Anaerosporobacter;s__Anaerosporobacter sp018372435,,anfO
204518,GB_GCA_018434355.1,anfO,JAHDPL010000023.1_19_A,3.7e-53,177.7,0.0,2,207,19429-20052,1,0,JAHDPL010000023.1,19,1,anfO,d__Bacteria;p__Bacillota;c__Negativicutes;o__UBA1444;f__UBA1444;g__UBA1444;s__UBA1444 sp018434355,,anfO
204519,GB_GCA_018434945.1,anfO,JAHDOI010000017.1_12_A,5e-53,177.2,0.0,2,209,11013-11690,1,0,JAHDOI010000017.1,12,1,anfO,d__Bacteria;p__Bacillota;c__Negativicutes;o__Sporomusales;f__UBA7701;g__Anaeroselena;s__Anaeroselena sp018434945,,anfO
204520,GB_GCA_018903255.1,anfO,JAHIQT010000088.1_8_A,7.799999999999999e-53,176.1,0.0,6,212,6958-7596,-1,0,JAHIQT010000088.1,8,1,anfO,d__Bacteria;p__Bacillota;c__Clostridia;o__Eubacteriales;f__Eubacteriaceae;g__Acetobacterium;s__Acetobacterium sp018903255,,anfO
204521,GB_GCA_019313105.1,anfO,JAFDBW010000321.1_13_A,6.1e-05,19.6,0.0,4,74,14518-14745,-1,0,JAFDBW010000321.1,13,1,anfO,d__Bacteria;p__Desulfobacterota;c__Desulfuromonadia;o__Desulfuromonadales;f__BM103;g__JAFDBW01;s__JAFDBW01 sp019313105,,anfO
204522,GB_GCA_019421365.1,anfO,JAHZFJ010000023.1_21_A,2e-27,93.6,0.0,0,207,23453-24097,1,0,JAHZFJ010000023.1,21,1,anfO,d__Bacteria;p__Bacillota;c__Clostridia;o__Lachnospirales;f__Lachnospiraceae;g__Anaerosporobacter;s__Anaerosporobacter sp019421365,,anfO
204523,GB_GCA_020054815.1,anfO,JAIHAN010000010.1_32_A,1.2e-58,195.1,0.4,2,210,27290-27940,-1,0,JAIHAN010000010.1,32,1,anfO,d__Bacteria;p__Bacillota;c__Peptococcia;o__DRI-13;f__DRI-13;g__Thermanaerosceptrum;s__Thermanaerosceptrum sp020054815,,anfO
204524,GB_GCA_020062545.1,anfO,JAGUWD010000007.1_210_A,3.8e-05,20.4,0.0,0,119,203530-203922,1,0,JAGUWD010000007.1,210,1,nifB,d__Bacteria;p__Nitrospirota;c__Thermodesulfovibrionia;o__Thermodesulfovibrionales;f__Dissulfurispiraceae;g__Dissulfurispira;s__Dissulfurispira sp020062545,,anfO
204525,GB_GCA_020062745.1,anfO,JAGUVT010000060.1_2_A,7.900000000000002e-59,195.8,0.1,2,206,389-1009,-1,0,JAGUVT010000060.1,2,1,anfO,d__Bacteria;p__Bacillota;c__Desulfotomaculia;o__Desulfotomaculales;f__JAGUVT01;g__JAGUVT01;s__JAGUVT01 sp020062745,,anfO
204526,GB_GCA_021107335.1,anfO,JAIOSZ010000015.1_4_A,3.9e-08,29.8,0.0,0,107,2914-3258,1,0,JAIOSZ010000015.1,4,1,nifB,d__Bacteria;p__Desulfobacterota;c__Desulfuromonadia;o__Desulfuromonadales;f__Syntrophotaleaceae;g__Syntrophotalea_A;s__Syntrophotalea_A sp021107335,,anfO
204527,GB_GCA_021199255.1,anfO,JAJQIK010000045.1_83_A,2.3e-31,106.0,0.0,2,208,87967-88593,1,0,JAJQIK010000045.1,83,1,anfO,d__Bacteria;p__Bacillota;c__Clostridia;o__Lachnospirales;f__Lachnospiraceae;g__UBA3282;s__UBA3282 sp021199255,,anfO
204528,GB_GCA_021202335.1,anfO,JAJQDE010000041.1_87_A,5.5e-05,19.7,0.0,29,128,78182-78568,-1,0,JAJQDE010000041.1,87,1,nifB,d__Bacteria;p__Bacillota;c__Clostridia;o__Lachnospirales;f__Lachnospiraceae;g__COE1;s__COE1 sp021202335,,anfO
204529,GB_GCA_021286935.1,anfO,JAJTBI010000001.1_32_A,3.1e-05,20.8,0.0,0,110,40079-40411,-1,0,JAJTBI010000001.1,32,1,nifB,d__Bacteria;p__Desulfobacterota;c__Desulfuromonadia;o__Geobacterales;f__Pseudopelobacteraceae;g__Trichlorobacter;s__Trichlorobacter sp021286935,,anfO
204530,GB_GCA_021372375.1,anfO,JAJFUN010000087.1_10_A,1.5e-56,188.6,0.0,2,206,8899-9519,1,0,JAJFUN010000087.1,10,1,anfO,d__Bacteria;p__Bacillota;c__Negativicutes;o__Propionisporales;f__Propionisporaceae;g__JAJFUN01;s__JAJFUN01 sp021372375,,anfO
204531,GB_GCA_021781655.1,anfO,JAJXWJ010000032.1_16_A,1.7000000000000001e-65,217.9,0.2,0,205,19043-19660,-1,0,JAJXWJ010000032.1,16,1,anfO,d__Bacteria;p__Bacillota;c__Clostridia;o__Clostridiales;f__Clostridiaceae;g__JAJXWJ01;s__JAJXWJ01 sp021781655,,anfO
204532,GB_GCA_021781655.1,anfO,JAJXWJ010000037.1_6_A,1.6e-64,214.7,0.4,0,200,7693-8295,-1,0,JAJXWJ010000037.1,6,1,anfO,d__Bacteria;p__Bacillota;c__Clostridia;o__Clostridiales;f__Clostridiaceae;g__JAJXWJ01;s__JAJXWJ01 sp021781655,,anfO
204533,GB_GCA_021781745.1,anfO,JAJXWH010000032.1_51_A,3.7e-46,155.3,1.2,1,203,53220-53831,-1,0,JAJXWH010000032.1,51,1,anfO,d__Bacteria;p__Bacillota;c__Clostridia;o__Clostridiales;f__Clostridiaceae;g__Clostridium;s__Clostridium sp021781745,,anfO
204534,GB_GCA_021782105.1,anfO,JAJXVO010000114.1_4_A,8.3e-05,19.6,0.0,313,423,2002-3333,-1,0,JAJXVO010000114.1,4,1,nifB,d__Bacteria;p__Verrucomicrobiota;c__Verrucomicrobiia;o__Opitutales;f__Opitutaceae;g__MWDT01;s__MWDT01 sp021782105,,anfO
204535,GB_GCA_021782545.1,anfO,JAJXUW010000080.1_4_A,3.8e-05,19.9,0.0,0,110,1418-1750,1,0,JAJXUW010000080.1,4,1,nifB,d__Bacteria;p__Desulfobacterota;c__Desulfuromonadia;o__Geobacterales;f__Pseudopelobacteraceae;g__Trichlorobacter;s__Trichlorobacter sp021782545,,anfO
204536,GB_GCA_021783135.1,anfO,JAJXUE010000011.1_27_A,3.6e-57,190.2,0.0,2,205,29337-29954,-1,0,JAJXUE010000011.1,27,1,anfO,d__Bacteria;p__Bacillota;c__Desulfitobacteriia;o__Desulfitobacteriales;f__JAJXUE01;g__JAJXUE01;s__JAJXUE01 sp021783135,,anfO
204537,GB_GCA_021786555.1,anfO,JAJYNB010000406.1_3_A,7.9e-57,189.4,0.0,2,206,1512-2132,-1,0,JAJYNB010000406.1,3,1,anfO,d__Bacteria;p__Bacillota;c__Desulfitobacteriia;o__Desulfitobacteriales;f__JAJXUE01;g__JAJZPO01;s__JAJZPO01 sp021786555,,anfO
204538,GB_GCA_021789595.1,anfO,JAJYJJ010000024.1_21_A,2.8e-05,20.5,0.0,0,129,15284-15679,-1,0,JAJYJJ010000024.1,21,1,nifB,d__Bacteria;p__Nitrospirota;c__Thermodesulfovibrionia;o__UBA6902;f__JAJYJJ01;g__JAJYJJ01;s__JAJYJJ01 sp021789595,,anfO
204539,GB_GCA_021791055.1,anfO,JAJYXI010000038.1_39_A,2.5e-05,20.9,0.0,0,128,37669-38064,-1,0,JAJYXI010000038.1,39,1,nifB,d__Bacteria;p__Nitrospirota;c__Thermodesulfovibrionia;o__Thermodesulfovibrionales;f__Dissulfurispiraceae;g__Dissulfurispira;s__Dissulfurispira sp021791055,,anfO
204540,GB_GCA_021810985.1,anfO,JAJZQA010000284.1_2_A,4.6e-07,26.5,0.0,0,109,762-1091,-1,0,JAJZQA010000284.1,2,1,nifB,d__Bacteria;p__Desulfobacterota;c__Desulfuromonadia;o__Geobacterales;f__Geobacteraceae;g__RPRC01;s__RPRC01 sp021810985,,anfO
204541,GB_GCA_021849745.1,anfO,JAJZSN010000031.1_33_A,2.1e-63,210.9,0.1,2,210,27821-28456,1,0,JAJZSN010000031.1,33,1,anfO,d__Bacteria;p__Bacillota;c__GCA-003054495;o__Carboxydocellales;f__JAJZSN01;g__JAJZSN01;s__JAJZSN01 sp021849745,,anfO
204542,GB_GCA_022360435.1,anfO,JAKSCU010000109.1_33_A,6.6e-50,167.0,0.0,13,215,33765-34415,-1,0,JAKSCU010000109.1,33,1,anfO,d__Bacteria;p__Bacillota;c__Desulfotomaculia;o__Desulfotomaculales;f__Desulfallaceae;g__BRH-c8a;s__BRH-c8a sp022360435,,anfO
204543,GB_GCA_022378355.1,anfO,JAKMAJ010000002.1_87_A,4.3e-60,200.6,0.0,0,206,94435-95055,-1,0,JAKMAJ010000002.1,87,1,anfO,d__Bacteria;p__Pseudomonadota;c__Gammaproteobacteria;o__Enterobacterales;f__Enterobacteriaceae;g__Brenneria;s__Brenneria bubanii,,anfO
204544,GB_GCA_022508725.1,anfO,JAFLUR010000007.1_6_A,1.4e-05,21.5,0.0,2,109,5803-6138,1,0,JAFLUR010000007.1,6,1,nifB,d__Bacteria;p__Bacillota;c__Clostridia;o__UBA1381;f__UBA1381;g__JAFLUR01;s__JAFLUR01 sp022508725,,anfO
204545,GB_GCA_022508725.1,anfO,JAFLUR010000007.1_9_A,9.9e-06,22.0,0.0,1,108,6952-7278,1,0,JAFLUR010000007.1,9,1,nifB,d__Bacteria;p__Bacillota;c__Clostridia;o__UBA1381;f__UBA1381;g__JAFLUR01;s__JAFLUR01 sp022508725,,anfO
204546,GB_GCA_022735835.1,anfO,DYZU01000096.1_20_A,2.2e-60,200.5,0.0,2,209,17134-17772,-1,0,DYZU01000096.1,20,1,anfO,d__Bacteria;p__Bacillota;c__Thermincolia;o__Thermincolales;f__UBA2595;g__UBA2595;s__UBA2595 sp022735835,,anfO
204547,GB_GCA_023249405.1,anfO,JAHFCR010000013.1_31_A,2.6999999999999998e-62,207.4,0.0,0,207,31439-32062,1,0,JAHFCR010000013.1,31,1,anfO,d__Bacteria;p__Bacillota;c__DSM-12270;o__Thermacetogeniales;f__Thermacetogeniaceae;g__Palsa-1188;s__Palsa-1188 sp023249405,,anfO
204548,GB_GCA_023386035.1,anfO,JAEWKM010000029.1_15_A,8.8e-38,126.8,0.0,4,219,18825-19514,-1,0,JAEWKM010000029.1,15,1,anfO,d__Bacteria;p__Desulfobacterota;c__Desulfovibrionia;o__Desulfovibrionales;f__Desulfovibrionaceae;g__Desulfovibrio;s__Desulfovibrio sp023386035,,anfO
204549,GB_GCA_023386445.1,anfO,JAEWJR010000083.1_11_A,1.3e-56,189.1,0.2,0,204,15954-16589,-1,0,JAEWJR010000083.1,11,1,anfO,d__Bacteria;p__Bacillota;c__Clostridia;o__Acetivibrionales;f__DSM-1351;g__Ruminiclostridium;s__Ruminiclostridium sp023386445,,anfO
204550,GB_GCA_023387635.1,anfO,JAEWHU010000308.1_5_A,2.8e-07,27.8,0.0,47,117,5198-5557,1,0,JAEWHU010000308.1,5,1,nifB,d__Bacteria;p__Bacillota;c__Clostridia;o__Lachnospirales;f__Lachnospiraceae;g__Anaerocolumna;s__Anaerocolumna sp023387635,,anfO
204551,GB_GCA_023388195.1,anfO,JAEWGR010000147.1_8_A,3.4e-49,164.9,0.0,2,205,5690-6307,-1,0,JAEWGR010000147.1,8,1,anfO,d__Bacteria;p__Bacillota;c__Negativicutes;o__Sporomusales;f__Sporomusaceae;g__Sporomusa;s__Sporomusa sp023388195,,anfO
204552,GB_GCA_023388635.1,anfO,JAEWFW010000051.1_11_A,6.3e-52,173.3,0.0,2,212,7276-7914,-1,0,JAEWFW010000051.1,11,1,anfO,d__Bacteria;p__Bacillota;c__Bacilli;o__Desulfuribacillales;f__Desulfuribacillaceae;g__JAEWFW01;s__JAEWFW01 sp023388635,,anfO
204553,GB_GCA_023390335.1,anfO,JAEWCZ010000013.1_136_A,5.3e-06,23.8,0.1,2,115,136998-137345,1,0,JAEWCZ010000013.1,136,1,nifB,d__Bacteria;p__Bacillota;c__Clostridia;o__Acetivibrionales;f__DSM-1351;g__Ruminiclostridium;s__Ruminiclostridium sp023390335,,anfO
204554,GB_GCA_023390555.1,anfO,JAEWCQ010000016.1_18_A,2.2e-58,194.8,0.2,0,200,16024-16626,1,0,JAEWCQ010000016.1,18,1,anfO,d__Bacteria;p__Bacillota;c__Clostridia;o__Lachnospirales;f__Lachnospiraceae;g__Roseburia_C;s__Roseburia_C sp023390555,,anfO
204555,GB_GCA_023390555.1,anfO,JAEWCQ010000016.1_124_A,2.2e-42,142.5,0.0,1,207,129789-130418,1,0,JAEWCQ010000016.1,124,2,anfO,d__Bacteria;p__Bacillota;c__Clostridia;o__Lachnospirales;f__Lachnospiraceae;g__Roseburia_C;s__Roseburia_C sp023390555,,anfO
204556,GB_GCA_023391105.1,anfO,JAEWBO010000037.1_13_A,4.4e-34,114.8,0.0,2,200,14318-14923,-1,0,JAEWBO010000037.1,13,1,anfO,d__Bacteria;p__Bacillota;c__Clostridia;o__Christensenellales;f__SZUA-584;g__SZUA-584;s__SZUA-584 sp023391105,,anfO
204557,GB_GCA_023391695.1,anfO,JAEWAK010000027.1_150_A,6.1e-06,23.9,0.0,13,120,184079-184450,-1,0,JAEWAK010000027.1,150,1,nifB,d__Bacteria;p__Bacillota;c__Clostridia;o__Lachnospirales;f__Lachnospiraceae;g__Anaerocolumna;s__Anaerocolumna sp023391695,,anfO
204558,GB_GCA_023392075.1,anfO,JAEVZU010000095.1_10_A,1.1e-41,140.6,0.1,0,167,8777-9319,1,0,JAEVZU010000095.1,10,1,anfO,d__Bacteria;p__Bacillota;c__Clostridia;o__Acetivibrionales;f__DSM-1351;g__Ruminiclostridium;s__Ruminiclostridium sp023392075,,anfO
204559,GB_GCA_023392535.1,anfO,JAEVYY010000014.1_162_A,8.799999999999999e-47,156.6,0.1,1,203,166958-167572,1,0,JAEVYY010000014.1,162,1,anfO,d__Bacteria;p__Bacillota;c__Clostridia;o__Lachnospirales;f__Lachnospiraceae;g__SZUA-378;s__SZUA-378 sp023392535,,anfO
204560,GB_GCA_023392595.1,anfO,JAEVYU010000053.1_97_A,7.3e-06,23.7,0.0,2,119,96316-96675,-1,0,JAEVYU010000053.1,97,1,nifB,d__Bacteria;p__Bacillota;c__UBA4882;o__UBA8346;f__UBA8346;g__UBA8346;s__UBA8346 sp023392595,,anfO
204561,GB_GCA_023392595.1,anfO,JAEVYU010000055.1_59_A,1.9e-51,172.6,0.0,2,208,64319-64945,1,0,JAEVYU010000055.1,59,1,anfO,d__Bacteria;p__Bacillota;c__UBA4882;o__UBA8346;f__UBA8346;g__UBA8346;s__UBA8346 sp023392595,,anfO
204562,GB_GCA_023392615.1,anfO,JAEVYT010000017.1_399_A,2.3e-60,201.2,0.7,0,203,447358-447972,1,0,JAEVYT010000017.1,399,2,anfO,d__Bacteria;p__Bacillota;c__Clostridia;o__Lachnospirales;f__Lachnospiraceae;g__Mobilitalea;s__Mobilitalea sp023392615,,anfO
204563,GB_GCA_023393125.1,anfO,JAEWMQ010000078.1_22_A,8.100000000000001e-38,127.6,0.0,2,225,20803-21480,1,0,JAEWMQ010000078.1,22,1,anfO,d__Bacteria;p__Bacillota;c__Clostridia;o__Lachnospirales;f__Cellulosilyticaceae;g__Cellulosilyticum;s__Cellulosilyticum sp023393125,,anfO
204564,GB_GCA_023397475.1,anfO,JAEWUD010000027.1_90_A,4.9e-42,140.8,0.0,5,220,108829-109497,-1,0,JAEWUD010000027.1,90,1,anfO,d__Bacteria;p__Bacillota;c__Clostridia;o__Saccharofermentanales;f__Saccharofermentanaceae;g__Firm-13;s__Firm-13 sp023397475,,anfO
204565,GB_GCA_023397655.1,anfO,JAEWTW010000012.1_123_A,5.799999999999998e-35,118.3,0.0,2,201,142979-143584,1,0,JAEWTW010000012.1,123,1,anfO,d__Bacteria;p__Bacillota;c__Clostridia;o__Christensenellales;f__SZUA-584;g__SZUA-584;s__SZUA-584 sp023397655,,anfO
204566,GB_GCA_023397905.1,anfO,JAEWSZ010000134.1_69_A,9.500000000000001e-30,101.7,0.2,0,116,77399-77758,-1,0,JAEWSZ010000134.1,69,1,anfO,d__Bacteria;p__Bacillota;c__Clostridia;o__Acetivibrionales;f__DSM-1351;g__Ruminiclostridium;s__Ruminiclostridium sp023397905,,anfO
204567,GB_GCA_023397905.1,anfO,JAEWSZ010000134.1_70_A,1.9e-13,48.5,0.0,0,65,77822-78019,-1,0,JAEWSZ010000134.1,70,1,anfO,d__Bacteria;p__Bacillota;c__Clostridia;o__Acetivibrionales;f__DSM-1351;g__Ruminiclostridium;s__Ruminiclostridium sp023397905,,anfO
204568,GB_GCA_023398375.1,anfO,JAEWSH010000042.1_390_A,3.5e-45,151.9,0.3,1,212,416803-417441,1,0,JAEWSH010000042.1,390,1,anfO,d__Bacteria;p__Bacillota;c__Clostridia;o__Lachnospirales;f__Lachnospiraceae;g__SZUA-378;s__SZUA-378 sp023398375,,anfO
204569,GB_GCA_023398615.1,anfO,JAEWSD010000176.1_10_A,1.4e-44,149.6,0.0,1,210,9191-9823,-1,0,JAEWSD010000176.1,10,1,anfO,d__Bacteria;p__Bacillota;c__Clostridia;o__Lachnospirales;f__Lachnospiraceae;g__Anaerocolumna;s__Anaerocolumna sp023398615,,anfO
204570,GB_GCA_023398615.1,anfO,JAEWSD010000210.1_13_A,8.4e-59,196.1,0.1,0,201,10569-11174,1,0,JAEWSD010000210.1,13,1,anfO,d__Bacteria;p__Bacillota;c__Clostridia;o__Lachnospirales;f__Lachnospiraceae;g__Anaerocolumna;s__Anaerocolumna sp023398615,,anfO
204571,GB_GCA_023398615.1,anfO,JAEWSD010000222.1_5_A,2.3e-64,214.3,0.0,2,205,5036-5653,-1,0,JAEWSD010000222.1,5,1,anfO,d__Bacteria;p__Bacillota;c__Clostridia;o__Lachnospirales;f__Lachnospiraceae;g__Anaerocolumna;s__Anaerocolumna sp023398615,,anfO
204572,GB_GCA_023398815.1,anfO,JAEWRW010000037.1_44_A,8.2e-05,19.5,0.0,6,111,41929-42273,-1,0,JAEWRW010000037.1,44,1,nifB,d__Bacteria;p__Bacillota;c__Clostridia;o__Christensenellales;f__UMGS416;g__JAEYRA01;s__JAEYRA01 sp023398815,,anfO
204573,GB_GCA_023399375.1,anfO,JAEWPX010000116.1_9_A,2.3e-54,181.7,0.0,0,229,6358-7047,1,0,JAEWPX010000116.1,9,1,anfO,d__Bacteria;p__Desulfobacterota;c__Desulfovibrionia;o__Desulfovibrionales;f__Desulfovibrionaceae;g__Solidesulfovibrio;s__Solidesulfovibrio sp023399375,,anfO
204574,GB_GCA_023401925.1,anfO,JAEXDA010000039.1_100_A,6.4e-54,180.7,0.0,2,208,100041-100667,-1,0,JAEXDA010000039.1,100,1,anfO,d__Bacteria;p__Bacillota;c__UBA4882;o__UBA8346;f__UBA8346;g__UBA8346;s__UBA8346 sp023401925,,anfO
204575,GB_GCA_023401925.1,anfO,JAEXDA010000044.1_117_A,5.2e-05,20.9,0.0,2,119,126725-127084,-1,0,JAEXDA010000044.1,117,1,nifB,d__Bacteria;p__Bacillota;c__UBA4882;o__UBA8346;f__UBA8346;g__UBA8346;s__UBA8346 sp023401925,,anfO
204576,GB_GCA_023402395.1,anfO,JAEYGI010000042.1_155_A,2.5e-05,21.7,0.0,3,119,183877-184236,1,0,JAEYGI010000042.1,155,1,nifB,d__Bacteria;p__Bacillota;c__UBA4882;o__UBA8346;f__UBA8346;g__JAEYGI01;s__JAEYGI01 sp023402395,,anfO
204577,GB_GCA_023402845.1,anfO,JAEYFP010000045.1_195_A,1.1e-41,140.3,0.0,1,204,216228-216842,-1,0,JAEYFP010000045.1,195,1,anfO,d__Bacteria;p__Bacillota;c__Clostridia;o__Lachnospirales;f__Lachnospiraceae;g__JAEYFP01;s__JAEYFP01 sp023402845,,anfO
204578,GB_GCA_023407575.1,anfO,JAEYLX010000019.1_65_A,2.6000000000000003e-60,201.4,1.3,0,202,97551-98174,-1,0,JAEYLX010000019.1,65,1,anfO,d__Bacteria;p__Bacillota;c__Clostridia;o__Lachnospirales;f__Lachnospiraceae;g__Mobilitalea;s__Mobilitalea sp023407575,,anfO
204579,GB_GCA_023408075.1,anfO,JAEYKW010000009.1_35_A,1.1000000000000004e-59,198.9,0.0,0,200,33085-33690,1,0,JAEYKW010000009.1,35,1,anfO,d__Bacteria;p__Bacillota;c__Clostridia;o__Christensenellales;f__SZUA-584;g__SZUA-584;s__SZUA-584 sp023408075,,anfO
204580,GB_GCA_023408075.1,anfO,JAEYKW010000033.1_41_A,1.4e-37,126.7,0.0,2,205,39580-40197,1,0,JAEYKW010000033.1,41,1,anfO,d__Bacteria;p__Bacillota;c__Clostridia;o__Christensenellales;f__SZUA-584;g__SZUA-584;s__SZUA-584 sp023408075,,anfO
204581,GB_GCA_023408315.1,anfO,JAEYKI010000006.1_99_A,8.8e-61,202.5,0.0,0,201,114737-115342,-1,0,JAEYKI010000006.1,99,1,anfO,d__Bacteria;p__Bacillota;c__Clostridia;o__Christensenellales;f__Christensenellaceae;g__JAEYKI01;s__JAEYKI01 sp023408315,,anfO
204582,GB_GCA_023408315.1,anfO,JAEYKI010000019.1_186_A,6.399999999999999e-53,176.8,0.0,0,208,192801-193430,1,0,JAEYKI010000019.1,186,1,anfO,d__Bacteria;p__Bacillota;c__Clostridia;o__Christensenellales;f__Christensenellaceae;g__JAEYKI01;s__JAEYKI01 sp023408315,,anfO
204583,GB_GCA_023408815.1,anfO,JAEYJO010000061.1_86_A,3.1e-32,109.4,0.0,1,203,84851-85462,1,0,JAEYJO010000061.1,86,1,anfO,d__Bacteria;p__Bacillota;c__Clostridia;o__Lachnospirales;f__Lachnospiraceae;g__Kineothrix;s__Kineothrix sp023408815,,anfO
204584,GB_GCA_023409265.1,anfO,JAEYHZ010000008.1_8_A,2.8e-05,21.7,0.0,2,119,7107-7466,-1,0,JAEYHZ010000008.1,8,1,nifB,d__Bacteria;p__Bacillota;c__Clostridia;o__Acetivibrionales;f__DSM-1351;g__Ruminiclostridium;s__Ruminiclostridium sp023409265,,anfO
204585,GB_GCA_023409435.1,anfO,JAEYHP010000168.1_20_A,2.8000000000000002e-33,112.5,0.0,0,182,25727-26275,-1,0,JAEYHP010000168.1,20,1,anfO,d__Bacteria;p__Bacillota;c__Clostridia;o__Christensenellales;f__CAG-138;g__JAEYLA01;s__JAEYLA01 sp023409435,,anfO
204586,GB_GCA_023409535.1,anfO,JAEYGZ010000027.1_339_A,3.3e-08,31.3,0.0,2,107,417919-418242,1,0,JAEYGZ010000027.1,339,1,nifB,d__Bacteria;p__Bacillota;c__Clostridia;o__Lachnospirales;f__Lachnospiraceae;g__Mobilitalea;s__Mobilitalea sp023409535,,anfO
204587,GB_GCA_023409535.1,anfO,JAEYGZ010000027.1_345_A,1e-08,32.9,0.4,6,126,423312-423698,1,0,JAEYGZ010000027.1,345,1,nifB,d__Bacteria;p__Bacillota;c__Clostridia;o__Lachnospirales;f__Lachnospiraceae;g__Mobilitalea;s__Mobilitalea sp023409535,,anfO
204588,GB_GCA_023410275.1,anfO,JAEYPZ010000059.1_25_A,1.5e-58,195.8,0.2,0,203,24448-25059,1,0,JAEYPZ010000059.1,25,1,anfO,d__Bacteria;p__Bacillota;c__Clostridia;o__Lachnospirales;f__Lachnospiraceae;g__Anaerocolumna;s__Anaerocolumna sp023410275,,anfO
204589,GB_GCA_023410445.1,anfO,JAEYPT010000004.1_45_A,6.4e-05,19.4,0.0,4,126,49347-49730,-1,0,JAEYPT010000004.1,45,1,nifB,d__Bacteria;p__Bacillota;c__Clostridia;o__Oscillospirales;f__Acutalibacteraceae;g__Caproicibacter;s__Caproicibacter sp023410445,,anfO
204590,GB_GCA_023410535.1,anfO,JAEYPR010000010.1_352_A,5.3e-06,23.5,0.0,2,119,378652-379035,-1,0,JAEYPR010000010.1,352,2,nifB,d__Bacteria;p__Bacillota;c__UBA4882;o__UBA8346;f__UBA8346;g__JAEYPR01;s__JAEYPR01 sp023410535,,anfO
204591,GB_GCA_023411575.1,anfO,JAEYOP010000030.1_242_A,1.7e-06,25.3,0.0,2,115,298156-298506,1,0,JAEYOP010000030.1,242,1,anfO,d__Bacteria;p__Bacillota;c__Clostridia;o__Acetivibrionales;f__DTU013;g__UBA1305;s__UBA1305 sp023411575,,anfO
204592,GB_GCA_023412005.1,anfO,JAEYOE010000012.1_188_A,3.2e-35,118.5,0.0,0,198,213822-214424,1,0,JAEYOE010000012.1,188,1,anfO,d__Bacteria;p__Bacillota;c__Clostridia;o__Christensenellales;f__SZUA-584;g__SZUA-584;s__SZUA-584 sp023412005,,anfO
204593,GB_GCA_023412275.1,anfO,JAEYNY010000136.1_8_A,9.4e-05,19.5,0.1,2,115,3287-3634,1,0,JAEYNY010000136.1,8,1,nifB,d__Bacteria;p__Bacillota;c__Clostridia;o__Acetivibrionales;f__DSM-1351;g__Ruminiclostridium;s__Ruminiclostridium sp023412275,,anfO
204594,GB_GCA_023412455.1,anfO,JAEYNQ010000184.1_15_A,9.7e-40,133.9,0.1,2,207,14359-14988,-1,0,JAEYNQ010000184.1,15,1,anfO,d__Bacteria;p__Bacillota;c__Clostridia;o__Lachnospirales;f__Cellulosilyticaceae;g__Sporanaerobium;s__Sporanaerobium sp023412455,,anfO
204595,GB_GCA_023412635.1,anfO,JAEYNI010000204.1_5_A,1.5e-06,25.0,0.0,2,110,4880-5218,-1,0,JAEYNI010000204.1,5,1,nifB,d__Bacteria;p__Bacillota;c__Clostridia;o__Acetivibrionales;f__DSM-1351;g__Ruminiclostridium;s__Ruminiclostridium sp023412635,,anfO
204596,GB_GCA_023412715.1,anfO,JAEZCC010000019.1_46_A,2.9e-05,20.3,0.0,3,132,55130-55534,-1,0,JAEZCC010000019.1,46,1,nifB,d__Bacteria;p__Bacillota;c__Clostridia;o__Oscillospirales;f__Acutalibacteraceae;g__Thermocaproicibacter;s__Thermocaproicibacter sp023412715,,anfO
204597,GB_GCA_023415305.1,anfO,JAEZKZ010000110.1_103_A,2.3e-05,21.6,0.0,2,110,109552-109890,1,0,JAEZKZ010000110.1,103,1,nifB,d__Bacteria;p__Bacillota;c__Clostridia;o__Acetivibrionales;f__DSM-1351;g__Ruminiclostridium;s__Ruminiclostridium sp023415305,,anfO
204598,GB_GCA_023415475.1,anfO,JAEZKL010000174.1_54_A,3e-05,21.2,0.1,24,122,60635-61006,-1,0,JAEZKL010000174.1,54,1,nifB,d__Bacteria;p__Bacillota;c__Clostridia;o__Lachnospirales;f__Lachnospiraceae;g__Mobilitalea;s__Mobilitalea sp023415475,,anfO
204599,GB_GCA_023415525.1,anfO,JAEZKI010000097.1_8_A,1.6e-18,64.2,0.0,2,154,8848-9309,1,0,JAEZKI010000097.1,8,1,anfO,d__Bacteria;p__Bacillota;c__Clostridia;o__Lachnospirales;f__Cellulosilyticaceae;g__Sporanaerobium;s__Sporanaerobium sp023415525,,anfO
204600,GB_GCA_023415775.1,anfO,JAEZJM010000014.1_50_A,4.3e-52,174.2,0.0,2,210,47902-48582,-1,0,JAEZJM010000014.1,50,1,anfO,d__Bacteria;p__Bacillota;c__Negativicutes;o__Sporomusales;f__UBA7701;g__Anaeroselena;s__Anaeroselena sp023415775,,anfO
204601,GB_GCA_023416695.1,anfO,JAEZGY010000030.1_49_A,7.1e-27,91.5,0.2,3,208,53064-54566,1,0,JAEZGY010000030.1,49,1,anfO,d__Bacteria;p__Bacillota;c__Clostridia;o__Lachnospirales;f__Lachnospiraceae;g__KM106-2;s__KM106-2 sp023416695,,anfO
204602,GB_GCA_023417285.1,anfO,JAEZFR010000447.1_1_C,6.9e-05,19.9,0.0,304,417,36-1289,-1,0,JAEZFR010000447.1,1,1,anfO,d__Bacteria;p__Bacillota;c__Clostridia;o__Acetivibrionales;f__DSM-1351;g__Ruminiclostridium;s__Ruminiclostridium sp023417285,,anfO
204603,GB_GCA_023417475.1,anfO,JAEZFP010000045.1_4_A,2.9e-05,21.3,0.0,3,120,3444-3827,1,0,JAEZFP010000045.1,4,2,nifB,d__Bacteria;p__Bacillota;c__UBA4882;o__UBA8346;f__UBA8346;g__JAEYPR01;s__JAEYPR01 sp023417475,,anfO
204604,GB_GCA_023418475.1,anfO,JAEZZO010000009.1_87_A,3.0000000000000003e-31,106.4,0.0,5,210,107302-107934,-1,0,JAEZZO010000009.1,87,1,anfO,d__Bacteria;p__Bacillota;c__Clostridia;o__Lachnospirales;f__Lachnospiraceae;g__Mobilitalea;s__Mobilitalea sp023418475,,anfO
204605,GB_GCA_023419375.1,anfO,JAEZYD010000022.1_131_A,4.5e-36,121.5,0.0,3,210,157975-158625,1,0,JAEZYD010000022.1,131,1,anfO,d__Bacteria;p__Desulfobacterota;c__Desulfovibrionia;o__Desulfovibrionales;f__Desulfovibrionaceae;g__Desulfovibrio;s__Desulfovibrio sp023419375,,anfO
204606,GB_GCA_023420935.1,anfO,JAEZUR010000049.1_11_A,8.6e-44,147.0,0.2,1,214,10641-11285,1,0,JAEZUR010000049.1,11,1,anfO,d__Bacteria;p__Bacillota;c__Clostridia;o__Lachnospirales;f__Lachnospiraceae;g__Mobilisporobacter;s__Mobilisporobacter sp023420935,,anfO
204607,GB_GCA_023423045.1,anfO,JAFAGA010000013.1_14_A,9.8e-05,19.7,0.0,2,112,13333-13698,1,0,JAFAGA010000013.1,14,1,nifB,d__Bacteria;p__Bacillota;c__Clostridia;o__Lachnospirales;f__Lachnospiraceae;g__Mobilitalea;s__Mobilitalea sp023423045,,anfO
204608,GB_GCA_023423335.1,anfO,JAFAFU010000074.1_56_A,1.9e-60,201.5,1.2,0,204,59703-60317,-1,0,JAFAFU010000074.1,56,1,anfO,d__Bacteria;p__Bacillota;c__Clostridia;o__Lachnospirales;f__Lachnospiraceae;g__Mobilitalea;s__Mobilitalea sp023423335,,anfO
204609,GB_GCA_023424995.1,anfO,JAFADH010000181.1_9_A,8.8e-07,26.5,0.1,2,120,10139-10528,-1,0,JAFADH010000181.1,9,1,nifB,d__Bacteria;p__Bacillota;c__Clostridia;o__Lachnospirales;f__Lachnospiraceae;g__Mobilitalea;s__Mobilitalea sp023424995,,anfO
204610,GB_GCA_023424995.1,anfO,JAFADH010000181.1_14_A,2.3e-06,25.1,0.0,3,108,15468-15794,-1,0,JAFADH010000181.1,14,1,nifB,d__Bacteria;p__Bacillota;c__Clostridia;o__Lachnospirales;f__Lachnospiraceae;g__Mobilitalea;s__Mobilitalea sp023424995,,anfO
204611,GB_GCA_023424995.1,anfO,JAFADH010000279.1_19_A,2.5e-59,198.2,0.1,0,204,17188-17802,1,0,JAFADH010000279.1,19,1,anfO,d__Bacteria;p__Bacillota;c__Clostridia;o__Lachnospirales;f__Lachnospiraceae;g__Mobilitalea;s__Mobilitalea sp023424995,,anfO
204612,GB_GCA_023426245.1,anfO,JAFABB010000050.1_38_A,2.3999999999999996e-53,178.9,0.0,2,208,42647-43273,1,0,JAFABB010000050.1,38,1,anfO,d__Bacteria;p__Bacillota;c__UBA4882;o__UBA8346;f__UBA8346;g__UBA8346;s__UBA8346 sp023426245,,anfO
204613,GB_GCA_023428885.1,anfO,JAEYWQ010000039.1_11_A,1.4e-31,107.0,0.0,2,208,10856-12448,1,0,JAEYWQ010000039.1,11,1,anfO,d__Bacteria;p__Bacillota;c__Clostridia;o__Lachnospirales;f__Lachnospiraceae;g__Lachnoclostridium;s__Lachnoclostridium sp023428885,,anfO
204614,GB_GCA_023429995.1,anfO,JAEZCE010000027.1_135_A,2.4e-06,25.4,0.0,2,119,142373-142732,1,0,JAEZCE010000027.1,135,3,nifB,d__Bacteria;p__Bacillota;c__UBA4882;o__UBA8346;f__UBA8346;g__UBA8346;s__UBA8346 sp023429995,,anfO
204615,GB_GCA_023429995.1,anfO,JAEZCE010000028.1_9_A,6e-50,167.9,0.0,2,208,6321-6947,-1,0,JAEZCE010000028.1,9,1,anfO,d__Bacteria;p__Bacillota;c__UBA4882;o__UBA8346;f__UBA8346;g__UBA8346;s__UBA8346 sp023429995,,anfO
204616,GB_GCA_023431385.1,anfO,JAEYWA010000154.1_1_A,6.5e-06,23.4,0.0,2,110,35-373,1,0,JAEYWA010000154.1,1,1,nifB,d__Bacteria;p__Bacillota;c__Clostridia;o__Acetivibrionales;f__DSM-1351;g__Ruminiclostridium;s__Ruminiclostridium sp023431385,,anfO
204617,GB_GCA_023433405.1,anfO,JAEZCT010000019.1_2_A,9.999999999999999e-55,182.3,0.0,0,209,1708-2337,-1,0,JAEZCT010000019.1,2,1,anfO,d__Bacteria;p__Bacillota;c__Clostridia;o__Oscillospirales;f__Ruminococcaceae;g__Acetanaerobacterium;s__Acetanaerobacterium sp023433405,,anfO
204618,GB_GCA_023433945.1,anfO,JAEYTP010000023.1_48_C,6.4e-05,19.7,0.0,304,416,52822-54075,-1,0,JAEYTP010000023.1,48,1,anfO,d__Bacteria;p__Bacillota;c__Clostridia;o__Acetivibrionales;f__DSM-1351;g__Ruminiclostridium;s__Ruminiclostridium sp023433945,,anfO
204619,GB_GCA_023433945.1,anfO,JAEYTP010000102.1_2_C,3.9e-06,23.7,0.0,304,416,98-1351,-1,0,JAEYTP010000102.1,2,1,anfO,d__Bacteria;p__Bacillota;c__Clostridia;o__Acetivibrionales;f__DSM-1351;g__Ruminiclostridium;s__Ruminiclostridium sp023433945,,anfO
204620,GB_GCA_023435895.1,anfO,JAEZLH010000010.1_104_A,3.6e-05,21.1,0.0,2,110,129476-129811,1,0,JAEZLH010000010.1,104,1,nifB,d__Bacteria;p__Bacillota;c__Clostridia;o__Lachnospirales;f__Lachnospiraceae;g__Mobilitalea;s__Mobilitalea sp023435895,,anfO
204621,GB_GCA_023436145.1,anfO,JAEZKP010000087.1_32_B,2e-05,21.9,0.0,308,402,37294-38529,-1,0,JAEZKP010000087.1,32,1,anfO,d__Bacteria;p__Fibrobacterota;c__Chitinivibrionia;o__Chitinivibrionales;f__Chitinispirillaceae;g__JAAYPC01;s__JAAYPC01 sp023436145,,anfO
204622,GB_GCA_023436395.1,anfO,JAEZJJ010000034.1_22_A,8e-37,124.2,0.0,2,210,20809-21441,1,0,JAEZJJ010000034.1,22,1,anfO,d__Bacteria;p__Bacillota;c__Clostridia;o__Lachnospirales;f__Cellulosilyticaceae;g__Cellulosilyticum;s__Cellulosilyticum sp023436395,,anfO
204623,GB_GCA_023436485.1,anfO,JAEZIU010000326.1_6_A,1e-05,22.6,0.1,2,115,6204-6551,-1,0,JAEZIU010000326.1,6,1,nifB,d__Bacteria;p__Bacillota;c__Clostridia;o__Acetivibrionales;f__DSM-1351;g__Ruminiclostridium;s__Ruminiclostridium sp023436485,,anfO
204624,GB_GCA_023437715.1,anfO,JAEZFK010000083.1_14_A,2e-31,106.7,0.0,1,203,13542-14153,1,0,JAEZFK010000083.1,14,1,anfO,d__Bacteria;p__Bacillota;c__Clostridia;o__Lachnospirales;f__Lachnospiraceae;g__Lacrimispora;s__Lacrimispora sp023437715,,anfO
204625,GB_GCA_023439185.1,anfO,JAEXOR010000055.1_100_A,2.4e-51,171.8,0.0,2,209,110827-111456,1,0,JAEXOR010000055.1,100,1,anfO,d__Bacteria;p__Bacillota;c__Desulfotomaculia;o__Desulfotomaculales;f__Desulfallaceae;g__BRH-c8a;s__BRH-c8a sp023439185,,anfO
204626,GB_GCA_023439505.1,anfO,JAEXNR010000001.1_6_A,4.8e-58,194.0,0.3,0,204,6192-6842,-1,0,JAEXNR010000001.1,6,1,anfO,d__Bacteria;p__Bacillota;c__Clostridia;o__Lachnospirales;f__Lachnospiraceae;g__Mobilitalea;s__Mobilitalea sp023439505,,anfO
204627,GB_GCA_023441145.1,anfO,JAEZQN010000393.1_7_A,2.9e-28,96.0,0.3,0,205,7646-9139,1,0,JAEZQN010000393.1,7,1,anfO,d__Bacteria;p__Bacillota;c__Clostridia;o__Lachnospirales;f__Lachnospiraceae;g__KM106-2;s__KM106-2 sp023441145,,anfO
204628,GB_GCA_023443285.1,anfO,JAEZVB010000091.1_14_A,3.1e-51,171.4,0.0,2,205,12958-13575,-1,0,JAEZVB010000091.1,14,1,anfO,d__Bacteria;p__Bacillota;c__Negativicutes;o__Sporomusales;f__Sporomusaceae;g__Sporomusa;s__Sporomusa sp023443285,,anfO
204629,GB_GCA_023443515.1,anfO,JAEZUC010000029.1_67_A,9.2e-05,19.6,0.1,2,115,75367-75714,1,0,JAEZUC010000029.1,67,1,nifB,d__Bacteria;p__Bacillota;c__Clostridia;o__Acetivibrionales;f__DSM-1351;g__Ruminiclostridium;s__Ruminiclostridium sp023443515,,anfO
204630,GB_GCA_023450835.1,anfO,JAEXGM010000033.1_16_A,7.2e-52,173.7,0.0,5,209,15843-16472,-1,0,JAEXGM010000033.1,16,1,anfO,d__Bacteria;p__Bacillota;c__Clostridia;o__Lachnospirales;f__Lachnospiraceae;g__Anaerocolumna;s__Anaerocolumna sp023450835,,anfO
204631,GB_GCA_023458095.1,anfO,JAEXAS010000034.1_2_A,1.4e-56,188.2,0.0,0,210,566-1246,-1,0,JAEXAS010000034.1,2,1,anfO,d__Bacteria;p__Actinomycetota;c__Actinomycetes;o__Propionibacteriales;f__Propionibacteriaceae;g__Propionicimonas;s__Propionicimonas sp023458095,,anfO
204632,GB_GCA_023460085.1,anfO,JAEWRI010000036.1_274_A,5.8e-36,121.4,0.1,2,201,303139-303747,-1,0,JAEWRI010000036.1,274,1,anfO,d__Bacteria;p__Bacillota;c__Clostridia;o__Christensenellales;f__SZUA-584;g__JAEWCC01;s__JAEWCC01 sp023460085,,anfO
204633,GB_GCA_023461435.1,anfO,JAEYLC010000010.1_334_A,3.7e-38,128.6,0.0,2,205,340794-341411,1,0,JAEYLC010000010.1,334,1,anfO,d__Bacteria;p__Bacillota;c__Clostridia;o__Christensenellales;f__SZUA-584;g__SZUA-584;s__SZUA-584 sp023461435,,anfO
204634,GB_GCA_023475565.1,anfO,JAMCVT010000110.1_40_A,1.2e-52,175.6,0.0,2,207,46145-46768,-1,0,JAMCVT010000110.1,40,1,anfO,d__Bacteria;p__Bacillota;c__Desulfotomaculia;o__Desulfotomaculales;f__Desulfocucumaceae;g__BRHc4a;s__BRHc4a sp023475565,,anfO
204635,GB_GCA_023701135.1,anfO,JAMPXP010000016.1_61_A,3.8e-05,21.0,0.0,339,411,59655-60929,-1,0,JAMPXP010000016.1,61,1,nifB,d__Bacteria;p__Desulfobacterota;c__Desulfobacteria;o__Desulfobacterales;f__Desulfobacteraceae;g__Desulfobacula;s__Desulfobacula sp023701135,,anfO
204636,GB_GCA_024275975.1,anfO,JAJRYC010000090.1_62_A,3.4e-05,20.4,0.0,0,122,49421-49816,1,0,JAJRYC010000090.1,62,1,nifB,d__Bacteria;p__Nitrospirota;c__Thermodesulfovibrionia;o__Thermodesulfovibrionales;f__UBA6898;g__JAJRYC01;s__JAJRYC01 sp024275975,,anfO
204637,GB_GCA_024689365.1,anfO,JAILDQ010000004.1_2_A,5.1e-06,23.0,0.1,3,123,487-861,-1,0,JAILDQ010000004.1,2,1,nifB,d__Bacteria;p__Spirochaetota;c__Spirochaetia;o__Treponematales;f__Treponemataceae;g__Treponema_D;s__Treponema_D sp024689365,,anfO
204638,GB_GCA_025355325.1,anfO,JANXZX010000088.1_8_A,9.1e-05,19.7,0.0,0,108,6798-7127,1,0,JANXZX010000088.1,8,1,nifB,d__Bacteria;p__Desulfobacterota;c__Desulfuromonadia;o__Geobacterales;f__Pseudopelobacteraceae;g__JACRCG01;s__JACRCG01 sp025355325,,anfO
204639,GB_GCA_026000755.1,anfO,BNZC01000006.1_32_A,6e-05,18.8,0.0,7,117,30815-31171,1,0,BNZC01000006.1,32,1,nifB,d__Bacteria;p__Bacillota;c__Clostridia;o__Lachnospirales;f__Lachnospiraceae;g__BNZC01;s__BNZC01 sp026000755,,anfO
204640,GB_GCA_026002715.1,anfO,BOCC01000074.1_8_A,4.3e-05,20.4,0.0,4,159,7705-9027,-1,0,BOCC01000074.1,8,1,anfO,d__Bacteria;p__Synergistota;c__Synergistia;o__Synergistales;f__Aminobacteriaceae;g__BNVG01;s__BNVG01 sp026002715,,anfO
204641,GB_GCA_026390855.1,anfO,JAPLFE010000079.1_30_A,3.8e-65,216.3,0.0,0,206,37787-38407,-1,0,JAPLFE010000079.1,30,1,anfO,d__Bacteria;p__Bacteroidota;c__Chlorobiia;o__Chlorobiales;f__Chlorobiaceae;g__Chlorobium;s__Chlorobium sp026390855,,anfO
204642,GB_GCA_026982355.1,anfO,JALSHG010000055.1_3_A,9.9e-05,18.8,0.0,1,129,3765-4166,1,0,JALSHG010000055.1,3,1,nifB,d__Bacteria;p__Nitrospirota;c__Thermodesulfovibrionia;o__UBA6902;f__UBA6902;g__JAADFS01;s__JAADFS01 sp026982355,,anfO
204643,GB_GCA_027324025.1,anfO,DAHVYW010000054.1_17_A,3.7e-57,190.2,0.0,5,214,16708-17355,1,0,DAHVYW010000054.1,17,1,anfO,d__Bacteria;p__Bacillota;c__Thermincolia;o__Thermincolales;f__UBA2595;g__JAJZQD01;s__JAJZQD01 sp021847735,,anfO
204644,GB_GCA_027492445.1,anfO,JAPUES010000132.1_3_A,3.2e-51,170.8,0.2,0,202,1998-2606,-1,0,JAPUES010000132.1,3,1,anfO,d__Bacteria;p__Bacillota;c__Negativicutes;o__DSM-13327;f__DSM-13327;g__CTSoil-075;s__CTSoil-075 sp027492445,,anfO
204645,GB_GCA_028681335.1,anfO,JAQUIT010000001.1_56_A,5.7e-66,219.5,0.0,0,247,62429-63172,-1,0,JAQUIT010000001.1,56,1,anfO,d__Bacteria;p__Desulfobacterota;c__Desulfuromonadia;o__Geobacterales;f__Pseudopelobacteraceae;g__JACRCG01;s__JACRCG01 sp028681335,,anfO
204646,GB_GCA_028683555.1,anfO,JAQUHN010000098.1_1_A,6.4e-05,20.0,0.0,0,108,272-601,-1,0,JAQUHN010000098.1,1,1,nifB,d__Bacteria;p__Desulfobacterota;c__Desulfuromonadia;o__Geobacterales;f__Geobacteraceae;g__RPRC01;s__RPRC01 sp028683555,,anfO
204647,GB_GCA_028683595.1,anfO,JAQUHM010000027.1_12_A,3e-64,214.0,0.0,0,249,9509-10258,-1,0,JAQUHM010000027.1,12,1,anfO,d__Bacteria;p__Desulfobacterota;c__Desulfuromonadia;o__Geobacterales;f__Geobacteraceae;g__RPRC01;s__RPRC01 sp028683595,,anfO
204648,GB_GCA_028683595.1,anfO,JAQUHM010000122.1_6_A,1.5e-06,25.4,0.0,0,109,5607-5936,1,0,JAQUHM010000122.1,6,1,nifB,d__Bacteria;p__Desulfobacterota;c__Desulfuromonadia;o__Geobacterales;f__Geobacteraceae;g__RPRC01;s__RPRC01 sp028683595,,anfO
204649,GB_GCA_028692415.1,anfO,JAQUXM010000024.1_13_A,5.4e-48,160.4,0.0,0,203,15206-15820,1,0,JAQUXM010000024.1,13,1,anfO,d__Bacteria;p__Bacillota;c__Syntrophomonadia;o__Syntrophomonadales;f__Syntrophomonadaceae;g__JAQUBU01;s__JAQUBU01 sp028692415,,anfO
204650,GB_GCA_029239675.1,anfO,JARBUM010000009.1_33_A,9.1e-56,186.2,0.0,2,209,34093-34722,-1,0,JARBUM010000009.1,33,1,anfO,d__Bacteria;p__Bacillota;c__Negativicutes;o__DSM-13327;f__DSM-13327;g__Pelosinus;s__Pelosinus sp029239675,,anfO
204651,GB_GCA_029239975.1,anfO,JARBTX010000039.1_13_A,2e-06,25.1,0.0,12,111,11986-12327,1,0,JARBTX010000039.1,13,1,nifB,d__Bacteria;p__Bacillota;c__Clostridia;o__Lachnospirales;f__Lachnospiraceae;g__Anaerocolumna;s__Anaerocolumna sp029239975,,anfO
204652,GB_GCA_029256305.1,anfO,JAQSYE010000096.1_8_A,4e-37,125.3,0.1,0,203,7280-7891,1,0,JAQSYE010000096.1,8,1,anfO,d__Bacteria;p__Bacillota;c__Clostridia;o__Lachnospirales;f__Lachnospiraceae;g__Lacrimispora;s__Lacrimispora sp029256305,,anfO
204653,GB_GCA_029256725.1,anfO,JAQSXJ010000016.1_30_A,1e-57,192.9,0.2,0,203,29311-29922,1,0,JAQSXJ010000016.1,30,1,anfO,d__Bacteria;p__Bacillota;c__Clostridia;o__Lachnospirales;f__Lachnospiraceae;g__Anaerocolumna;s__Anaerocolumna sp029256725,,anfO
204654,GB_GCA_029265905.1,anfO,JAJUGR010000018.1_42_A,1.5e-46,155.4,0.0,2,208,44784-45422,1,0,JAJUGR010000018.1,42,1,anfO,d__Bacteria;p__Bacillota;c__Negativicutes;o__Acidaminococcales;f__JAJUGR01;g__JAJUGR01;s__JAJUGR01 sp029265905,,anfO
204655,GB_GCA_029266295.1,anfO,JAQSXD010000115.1_8_A,1.1e-46,156.5,0.0,21,232,6897-7598,-1,0,JAQSXD010000115.1,8,1,anfO,d__Bacteria;p__Bacillota;c__Clostridia;o__Peptostreptococcales;f__Anaerovoracaceae;g__Anoxybacterium;s__Anoxybacterium sp029266295,,anfO
204656,GB_GCA_029266335.1,anfO,JAQSXC010000001.1_47_A,2.3e-54,182.0,0.1,24,225,59346-60023,1,0,JAQSXC010000001.1,47,1,anfO,d__Bacteria;p__Bacillota;c__Clostridia;o__Acetivibrionales;f__DSM-1351;g__Ruminiclostridium;s__Ruminiclostridium sp029266335,,anfO
204657,GB_GCA_029266335.1,anfO,JAQSXC010000120.1_3_A,3.1e-05,21.5,0.0,2,117,1731-2090,1,0,JAQSXC010000120.1,3,1,nifB,d__Bacteria;p__Bacillota;c__Clostridia;o__Acetivibrionales;f__DSM-1351;g__Ruminiclostridium;s__Ruminiclostridium sp029266335,,anfO
204658,GB_GCA_029974635.1,anfO,JARKQY010000044.1_83_A,3.3e-05,21.0,0.0,2,118,73243-73602,-1,0,JARKQY010000044.1,83,3,nifB,d__Bacteria;p__Bacillota;c__UBA4882;o__UBA8346;f__UBA8346;g__JAEZJQ01;s__JAEZJQ01 sp029974635,,anfO
204659,GB_GCA_029975275.1,anfO,JARKPN010000027.1_26_A,2.6e-08,31.0,0.0,0,109,33796-34125,1,0,JARKPN010000027.1,26,1,nifB,d__Bacteria;p__Desulfobacterota;c__Desulfuromonadia;o__Geobacterales;f__Geobacteraceae;g__RPRC01;s__RPRC01 sp029975275,,anfO
204660,GB_GCA_029976065.1,anfO,JARKNV010000012.1_48_A,5.7999999999999986e-55,183.4,0.0,2,209,48471-49145,1,0,JARKNV010000012.1,48,1,anfO,d__Bacteria;p__Bacillota;c__Negativicutes;o__Sporomusales;f__UBA7701;g__Anaeroselena;s__Anaeroselena sp029976065,,anfO
204661,GB_GCA_030154225.1,anfO,JASKKI010000005.1_51_A,5.6999999999999995e-55,183.1,0.4,2,208,43414-44040,-1,0,JASKKI010000005.1,51,1,anfO,d__Bacteria;p__Bacillota;c__Peptococcia;o__Peptococcales;f__BICA1-8;g__JASKKI01;s__JASKKI01 sp030154225,,anfO
204662,GB_GCA_030156895.1,anfO,JASGLP010000001.1_158_A,5.2e-49,163.7,0.0,6,213,166096-166737,-1,0,JASGLP010000001.1,158,1,anfO,d__Bacteria;p__Bacillota;c__Clostridia;o__Eubacteriales;f__Eubacteriaceae;g__Acetobacterium;s__Acetobacterium sp030156895,,anfO
204663,GB_GCA_030445805.1,anfO,JASUTA010000042.1_3_A,5.5e-45,150.2,0.0,0,204,5998-6618,1,0,JASUTA010000042.1,3,1,anfO,d__Bacteria;p__Bacillota;c__Clostridia;o__Peptostreptococcales;f__Acidaminobacteraceae;g__JASUTA01;s__JASUTA01 sp030445805,,anfO
204664,GB_GCA_030586155.1,anfO,CP130741.1_560_A,9.4e-53,176.0,0.0,6,213,632435-633076,-1,0,CP130741.1,560,1,anfO,d__Bacteria;p__Bacillota;c__Clostridia;o__Eubacteriales;f__Eubacteriaceae;g__Acetobacterium;s__Acetobacterium sp030586155,,anfO
204665,GB_GCA_030705885.1,anfO,JAUZPN010000018.1_9_A,1e-65,218.2,0.1,0,205,8003-8623,1,0,JAUZPN010000018.1,9,1,anfO,d__Bacteria;p__Bacillota;c__Clostridia;o__Clostridiales;f__Clostridiaceae;g__JAUZPN01;s__JAUZPN01 sp030705885,,anfO
204666,GB_GCA_031222025.1,anfO,CP130740.1_815_A,1.4e-48,162.6,0.0,6,213,875480-876121,-1,0,CP130740.1,815,1,anfO,d__Bacteria;p__Bacillota;c__Clostridia;o__Eubacteriales;f__Eubacteriaceae;g__Acetobacterium;s__Acetobacterium sp031222025,,anfO
204667,GB_GCA_031257175.1,anfO,JAIRPE010000126.1_7_A,5.4e-33,110.6,0.0,3,193,9356-9994,-1,0,JAIRPE010000126.1,7,1,anfO,d__Bacteria;p__Bacillota;c__Clostridia;o__Peptostreptococcales;f__Anaerovoracaceae;g__JAIRPE01;s__JAIRPE01 sp031257175,,anfO
204668,GB_GCA_031257535.1,anfO,JAIROO010000093.1_21_A,9.2e-23,77.8,0.0,74,234,31604-32311,-1,0,JAIROO010000093.1,21,1,anfO,d__Bacteria;p__Desulfobacterota;c__Desulfarculia;o__Adiutricales;f__Adiutricaceae;g__JAIROO01;s__JAIROO01 sp031257535,,anfO
204669,GB_GCA_031259505.1,anfO,JAIRLL010000343.1_5_A,1.1999999999999998e-53,178.6,0.0,0,213,3196-3858,-1,0,JAIRLL010000343.1,5,1,anfO,d__Bacteria;p__Bacteroidota;c__Bacteroidia;o__Bacteroidales;f__Tannerellaceae;g__Tannerella;s__Tannerella sp031259505,,anfO
204670,GB_GCA_031260235.1,anfO,JAIRKG010000065.1_20_A,3.4e-30,101.1,0.0,0,133,15483-15887,1,0,JAIRKG010000065.1,20,1,anfO,d__Bacteria;p__Bacteroidota;c__Bacteroidia;o__Bacteroidales;f__Azobacteroidaceae;g__Azobacteroides;s__Azobacteroides sp031260235,,anfO
204671,GB_GCA_031261245.1,anfO,JAISKU010000109.1_17_A,8.4e-05,18.6,0.0,0,147,17665-18891,1,0,JAISKU010000109.1,17,1,nifB,d__Bacteria;p__Bacillota;c__Clostridia;o__Oscillospirales;f__Oscillospiraceae;g__JAIRRO01;s__JAIRRO01 sp031261245,,anfO
204672,GB_GCA_031261325.1,anfO,JAISKH010000065.1_25_A,2.9e-05,20.4,0.0,0,158,24092-25378,1,0,JAISKH010000065.1,25,2,nifB,d__Bacteria;p__Bacillota;c__Clostridia;o__Oscillospirales;f__Oscillospiraceae;g__JAIRRO01;s__JAIRRO01 sp031261325,,anfO
204673,GB_GCA_031261445.1,anfO,JAISJQ010000022.1_19_A,7e-06,22.1,0.0,9,110,17904-18242,-1,0,JAISJQ010000022.1,19,1,nifB,d__Bacteria;p__Bacillota;c__Clostridia;o__Oscillospirales;f__Acutalibacteraceae;g__WRKY01;s__WRKY01 sp031261445,,anfO
204674,GB_GCA_031261565.1,anfO,JAISJK010000092.1_2_A,8.7e-35,116.8,0.0,3,203,181-792,-1,0,JAISJK010000092.1,2,1,anfO,d__Bacteria;p__Desulfobacterota;c__Desulfarculia;o__Adiutricales;f__Adiutricaceae;g__Adiutrix;s__Adiutrix sp031261565,,anfO
204675,GB_GCA_031261585.1,anfO,JAISJJ010000053.1_8_A,6.4e-06,22.5,0.0,19,119,7669-8028,-1,0,JAISJJ010000053.1,8,1,nifB,d__Bacteria;p__Bacillota;c__Clostridia;o__Oscillospirales;f__Oscillospiraceae;g__JAIRRO01;s__JAIRRO01 sp031261585,,anfO
204676,GB_GCA_031261745.1,anfO,JAISJC010000003.1_44_A,1.7000000000000002e-32,109.5,0.0,0,191,43309-43920,1,0,JAISJC010000003.1,44,1,anfO,d__Bacteria;p__Bacillota;c__Clostridia;o__Oscillospirales;f__Oscillospiraceae;g__JAIRRO01;s__JAIRRO01 sp031261745,,anfO
204677,GB_GCA_031262245.1,anfO,JAISIJ010000083.1_27_A,8.1e-45,150.2,0.1,0,204,24976-25596,1,0,JAISIJ010000083.1,27,1,anfO,d__Bacteria;p__Bacillota;c__Clostridia;o__Oscillospirales;f__Ruminococcaceae;g__BNZF01;s__BNZF01 sp031262245,,anfO
204678,GB_GCA_031267115.1,anfO,JAIRZS010000070.1_5_B,6.6e-05,19.3,0.0,327,428,3887-5173,-1,0,JAIRZS010000070.1,5,1,nifB,d__Bacteria;p__Spirochaetota;c__Spirochaetia;o__Treponematales;f__Breznakiellaceae;g__JAIRRR01;s__JAIRRR01 sp031267115,,anfO
204679,GB_GCA_031267965.1,anfO,JAIRYC010000003.1_24_A,1.1e-05,21.6,0.0,6,110,24502-24840,-1,0,JAIRYC010000003.1,24,1,nifB,d__Bacteria;p__Bacillota;c__Clostridia;o__Oscillospirales;f__Acutalibacteraceae;g__WRKY01;s__WRKY01 sp031267965,,anfO
204680,GB_GCA_031269465.1,anfO,JAISZB010000292.1_25_A,8.9e-56,187.1,0.0,15,216,21895-22548,1,0,JAISZB010000292.1,25,1,anfO,d__Bacteria;p__Bacillota;c__Clostridia;o__Lachnospirales;f__WQUN01;g__JAISWZ01;s__JAISWZ01 sp031269465,,anfO
204681,GB_GCA_031269825.1,anfO,JAISYP010000027.1_10_A,3.1e-21,72.6,0.0,74,233,12226-12930,1,0,JAISYP010000027.1,10,1,anfO,d__Bacteria;p__Desulfobacterota;c__Desulfarculia;o__Adiutricales;f__Adiutricaceae;g__JAIROO01;s__JAIROO01 sp031269825,,anfO
204682,GB_GCA_031270275.1,anfO,JAISXZ010000004.1_16_A,4.8e-05,19.4,0.0,2,113,15785-16138,1,0,JAISXZ010000004.1,16,1,nifB,d__Bacteria;p__Bacillota;c__Clostridia;o__Peptostreptococcales;f__Anaerovoracaceae;g__JAISXZ01;s__JAISXZ01 sp031270275,,anfO
204683,GB_GCA_031270605.1,anfO,JAISXG010000037.1_13_A,5.2e-05,19.9,0.0,6,113,13053-13394,1,0,JAISXG010000037.1,13,1,nifB,d__Bacteria;p__Bacillota;c__Clostridia;o__Oscillospirales;f__Acutalibacteraceae;g__JAISXG01;s__JAISXG01 sp031270605,,anfO
204684,GB_GCA_031270705.1,anfO,JAISWW010000200.1_10_A,2.6e-21,73.0,0.0,67,235,11626-12333,1,0,JAISWW010000200.1,10,1,anfO,d__Bacteria;p__Desulfobacterota;c__Desulfarculia;o__Adiutricales;f__Adiutricaceae;g__JAIROO01;s__JAIROO01 sp031270705,,anfO
204685,GB_GCA_031270725.1,anfO,JAISWS010000003.1_6_A,3.2e-35,118.2,0.0,1,204,4016-4630,-1,0,JAISWS010000003.1,6,1,anfO,d__Bacteria;p__Bacillota;c__Syntrophomonadia;o__Syntrophomonadales;f__Syntrophomonadaceae;g__JAISDD01;s__JAISDD01 sp031270725,,anfO
204686,GB_GCA_031271165.1,anfO,JAISWF010000076.1_3_A,5.3e-29,98.4,0.0,0,203,2008-2622,-1,0,JAISWF010000076.1,3,1,anfO,d__Bacteria;p__Desulfobacterota;c__Desulfarculia;o__Adiutricales;f__Adiutricaceae;g__JAISWF01;s__JAISWF01 sp031271165,,anfO
204687,GB_GCA_031271265.1,anfO,JAISWB010000019.1_19_B,8.6e-31,103.8,0.0,64,226,22250-22933,1,0,JAISWB010000019.1,19,1,anfO,d__Bacteria;p__Desulfobacterota;c__Desulfovibrionia;o__Desulfovibrionales;f__Desulfovibrionaceae;g__Frigididesulfovibrio;s__Frigididesulfovibrio sp031271265,,anfO
204688,GB_GCA_031272185.1,anfO,JAISUG010000045.1_26_A,3.8e-34,114.9,0.0,1,204,35154-35771,1,0,JAISUG010000045.1,26,1,anfO,d__Bacteria;p__Bacillota;c__Clostridia;o__Lachnospirales;f__Lachnospiraceae;g__JAISUG01;s__JAISUG01 sp031272185,,anfO
204689,GB_GCA_031272405.1,anfO,JAISTW010000046.1_41_A,2.9e-37,124.8,0.0,3,207,42378-43010,1,0,JAISTW010000046.1,41,1,anfO,d__Bacteria;p__Desulfobacterota;c__Desulfovibrionia;o__Desulfovibrionales;f__Desulfovibrionaceae;g__Desulfovibrio;s__Desulfovibrio sp031272405,,anfO
204690,GB_GCA_031272715.1,anfO,JAISTH010000073.1_80_A,2.9e-35,118.6,0.0,7,207,91694-92323,1,0,JAISTH010000073.1,80,1,anfO,d__Bacteria;p__Desulfobacterota;c__Desulfovibrionia;o__Desulfovibrionales;f__Desulfovibrionaceae;g__Desulfovibrio;s__Desulfovibrio sp031272715,,anfO
204691,GB_GCA_031272745.1,anfO,JAISTF010000115.1_4_A,5.3000000000000004e-33,110.6,0.0,1,216,1867-2520,-1,0,JAISTF010000115.1,4,1,anfO,d__Bacteria;p__Bacillota;c__Clostridia;o__Peptostreptococcales;f__Anaerovoracaceae;g__WRFF01;s__WRFF01 sp031272745,,anfO
204692,GB_GCA_031273265.1,anfO,JAISSH010000039.1_28_A,1.1e-07,28.2,0.0,7,124,30264-30644,-1,0,JAISSH010000039.1,28,1,nifB,d__Bacteria;p__Spirochaetota;c__Spirochaetia;o__Treponematales;f__Breznakiellaceae;g__WQXQ01;s__WQXQ01 sp031273265,,anfO
204693,GB_GCA_031273455.1,anfO,JAISRZ010000065.1_20_A,5.4e-21,72.3,0.0,75,239,26820-27539,1,0,JAISRZ010000065.1,20,1,anfO,d__Bacteria;p__Desulfobacterota;c__Desulfarculia;o__Adiutricales;f__Adiutricaceae;g__JAIROO01;s__JAIROO01 sp031273455,,anfO
204694,GB_GCA_031273805.1,anfO,JAISRE010000078.1_15_A,3.4e-06,23.6,0.0,2,120,13008-13376,1,0,JAISRE010000078.1,15,1,nifB,d__Bacteria;p__Synergistota;c__Synergistia;o__Synergistales;f__Synergistaceae;g__JAIRKI01;s__JAIRKI01 sp031273805,,anfO
204695,GB_GCA_031273845.1,anfO,JAISRC010000151.1_1_A,1.8e-41,138.7,0.0,3,205,588-1205,-1,0,JAISRC010000151.1,1,1,anfO,d__Bacteria;p__Desulfobacterota;c__Desulfovibrionia;o__Desulfovibrionales;f__Desulfovibrionaceae;g__Frigididesulfovibrio;s__Frigididesulfovibrio sp031273845,,anfO
204696,GB_GCA_031273905.1,anfO,JAISQZ010000141.1_6_A,8.9e-39,129.4,0.0,0,194,3334-3942,-1,0,JAISQZ010000141.1,6,1,anfO,d__Bacteria;p__Bacillota;c__Clostridia;o__Oscillospirales;f__Acutalibacteraceae;g__WRMQ01;s__WRMQ01 sp031273905,,anfO
204697,GB_GCA_031274195.1,anfO,JAISQM010000041.1_7_A,2.6e-05,20.1,0.0,1,123,8298-8675,1,0,JAISQM010000041.1,7,1,nifB,d__Bacteria;p__Bacillota;c__Clostridia;o__Peptostreptococcales;f__Anaerovoracaceae;g__JAISGB01;s__JAISGB01 sp031274195,,anfO
204698,GB_GCA_031274425.1,anfO,JAISQE010000139.1_10_A,7e-08,29.4,0.0,4,123,6846-7217,-1,0,JAISQE010000139.1,10,1,nifB,d__Bacteria;p__Synergistota;c__Synergistia;o__Synergistales;f__Aminobacteriaceae;g__JAISLU01;s__JAISLU01 sp031274425,,anfO
204699,GB_GCA_031275395.1,anfO,JAISOU010000021.1_14_A,1.6e-61,204.2,0.0,0,207,19827-20450,-1,0,JAISOU010000021.1,14,1,anfO,d__Bacteria;p__Campylobacterota;c__Campylobacteria;o__Campylobacterales;f__SZUA-545;g__JAIRNH01;s__JAIRNH01 sp031275395,,anfO
204700,GB_GCA_031275405.1,anfO,JAISOV010000006.1_99_A,2.2e-05,21.1,0.0,3,129,101231-101620,1,0,JAISOV010000006.1,99,1,nifB,d__Bacteria;p__Bacillota;c__Clostridia;o__Lachnospirales;f__Lachnospiraceae;g__JAISOV01;s__JAISOV01 sp031275405,,anfO
204701,GB_GCA_031275465.1,anfO,JAISOT010000039.1_13_A,3.6999999999999997e-41,137.9,0.0,3,206,24869-25489,1,0,JAISOT010000039.1,13,1,anfO,d__Bacteria;p__Desulfobacterota;c__Desulfovibrionia;o__Desulfovibrionales;f__Desulfovibrionaceae;g__Desulfovibrio;s__Desulfovibrio sp031275465,,anfO
204702,GB_GCA_031275645.1,anfO,JAISOL010000070.1_70_A,1.3e-39,132.3,0.0,3,204,81301-81915,1,0,JAISOL010000070.1,70,1,anfO,d__Bacteria;p__Desulfobacterota;c__Desulfovibrionia;o__Desulfovibrionales;f__Desulfovibrionaceae;g__WRHT01;s__WRHT01 sp031275645,,anfO
204703,GB_GCA_031276485.1,anfO,JAISMY010000033.1_16_A,1.1e-38,129.3,0.0,3,209,18310-18939,1,0,JAISMY010000033.1,16,1,anfO,d__Bacteria;p__Desulfobacterota;c__Desulfovibrionia;o__Desulfovibrionales;f__Desulfovibrionaceae;g__Frigididesulfovibrio;s__Frigididesulfovibrio sp031276485,,anfO
204704,GB_GCA_031276635.1,anfO,JAISMU010000131.1_17_A,7.899999999999999e-24,81.3,0.0,78,240,18650-19372,1,0,JAISMU010000131.1,17,1,anfO,d__Bacteria;p__Desulfobacterota;c__Desulfarculia;o__Adiutricales;f__Adiutricaceae;g__JAIROO01;s__JAIROO01 sp031276635,,anfO
204705,GB_GCA_031276855.1,anfO,JAISMH010000045.1_3_A,1.4e-06,24.6,0.0,4,119,1033-1398,-1,0,JAISMH010000045.1,3,1,nifB,d__Bacteria;p__Synergistota;c__Synergistia;o__Synergistales;f__Aminobacteriaceae;g__JAISMH01;s__JAISMH01 sp031276855,,anfO
204706,GB_GCA_031276865.1,anfO,JAISMF010000062.1_21_A,1.7e-38,129.3,0.0,5,207,24745-25371,1,0,JAISMF010000062.1,21,1,anfO,d__Bacteria;p__Desulfobacterota;c__Desulfarculia;o__Adiutricales;f__Adiutricaceae;g__JAISMF01;s__JAISMF01 sp031276865,,anfO
204707,GB_GCA_031276985.1,anfO,JAISMA010000080.1_5_A,6.1e-64,212.2,0.0,7,209,4537-5166,-1,0,JAISMA010000080.1,5,1,anfO,d__Bacteria;p__Campylobacterota;c__Campylobacteria;o__Campylobacterales;f__SZUA-545;g__JAIRNH01;s__JAIRNH01 sp031276985,,anfO
204708,GB_GCA_031277075.1,anfO,JAISLV010000070.1_2_A,5.1e-05,19.2,0.1,2,110,1677-2009,1,0,JAISLV010000070.1,2,1,nifB,d__Bacteria;p__Elusimicrobiota;c__Endomicrobiia;o__Endomicrobiales;f__Endomicrobiaceae;g__JAISLV01;s__JAISLV01 sp031277075,,anfO
204709,GB_GCA_031277095.1,anfO,JAISLU010000002.1_7_A,2.8e-08,30.4,0.0,3,129,5836-6225,1,0,JAISLU010000002.1,7,1,nifB,d__Bacteria;p__Synergistota;c__Synergistia;o__Synergistales;f__Aminobacteriaceae;g__JAISLU01;s__JAISLU01 sp031277095,,anfO
204710,GB_GCA_031277995.1,anfO,JAITLH010000065.1_6_A,1.7e-35,119.4,0.0,5,221,6225-6914,-1,0,JAITLH010000065.1,6,1,anfO,d__Bacteria;p__Desulfobacterota;c__Desulfarculia;o__Adiutricales;f__Adiutricaceae;g__JAIRNQ01;s__JAIRNQ01 sp031277995,,anfO
204711,GB_GCA_031278225.1,anfO,JAITKT010000008.1_2_A,3e-35,118.5,0.0,5,213,638-1279,-1,0,JAITKT010000008.1,2,1,anfO,d__Bacteria;p__Desulfobacterota;c__Desulfarculia;o__Adiutricales;f__Adiutricaceae;g__JAITII01;s__JAITII01 sp031278225,,anfO
204712,GB_GCA_031278635.1,anfO,JAITKA010000060.1_5_A,2.6e-36,122.1,0.0,5,204,4484-5125,-1,0,JAITKA010000060.1,5,1,anfO,d__Bacteria;p__Desulfobacterota;c__Desulfarculia;o__Adiutricales;f__Adiutricaceae;g__JAIRNQ01;s__JAIRNQ01 sp031278635,,anfO
204713,GB_GCA_031279125.1,anfO,JAITJC010000038.1_14_A,4.7e-05,18.9,0.0,53,155,18177-19352,1,0,JAITJC010000038.1,14,1,nifB,d__Bacteria;p__Bacillota;c__Clostridia;o__Oscillospirales;f__Oscillospiraceae;g__JAIRRO01;s__JAIRRO01 sp031279125,,anfO
204714,GB_GCA_031279155.1,anfO,JAITJB010000095.1_3_A,2.7e-36,122.0,0.0,6,208,4346-4975,-1,0,JAITJB010000095.1,3,1,anfO,d__Bacteria;p__Desulfobacterota;c__Desulfarculia;o__Adiutricales;f__Adiutricaceae;g__JAISWF01;s__JAISWF01 sp031279155,,anfO
204715,GB_GCA_031279515.1,anfO,JAITII010000037.1_53_A,1.9e-34,115.9,0.0,4,207,69956-70582,-1,0,JAITII010000037.1,53,1,anfO,d__Bacteria;p__Desulfobacterota;c__Desulfarculia;o__Adiutricales;f__Adiutricaceae;g__JAITII01;s__JAITII01 sp031279515,,anfO
204716,GB_GCA_031279525.1,anfO,JAITIH010000351.1_4_A,2e-22,75.8,0.0,81,241,4072-4800,1,0,JAITIH010000351.1,4,1,anfO,d__Bacteria;p__Desulfobacterota;c__Desulfarculia;o__Adiutricales;f__Adiutricaceae;g__JAIROO01;s__JAIROO01 sp031279525,,anfO
204717,GB_GCA_031280275.1,anfO,JAITGX010000044.1_8_A,1.1e-05,21.5,0.0,3,121,7033-7398,1,0,JAITGX010000044.1,8,1,nifB,d__Bacteria;p__Synergistota;c__Synergistia;o__Synergistales;f__Aminobacteriaceae;g__JAITGK01;s__JAITGK01 sp031280275,,anfO
204718,GB_GCA_031280635.1,anfO,JAITGK010000057.1_3_A,5.2e-05,19.8,0.0,5,120,2175-2537,-1,0,JAITGK010000057.1,3,1,nifB,d__Bacteria;p__Synergistota;c__Synergistia;o__Synergistales;f__Aminobacteriaceae;g__JAITGK01;s__JAITGK01 sp031280635,,anfO
204719,GB_GCA_031280855.1,anfO,JAITGH010000092.1_4_A,7.8e-05,18.3,0.0,29,155,2065-3000,1,0,JAITGH010000092.1,4,1,nifB,d__Bacteria;p__Bacillota;c__Clostridia;o__Oscillospirales;f__Oscillospiraceae;g__JAISJH01;s__JAISJH01 sp031280855,,anfO
204720,GB_GCA_031280915.1,anfO,JAITGC010000005.1_12_A,4.9e-39,130.7,0.0,3,200,11341-11943,1,0,JAITGC010000005.1,12,1,anfO,d__Bacteria;p__Desulfobacterota;c__Desulfovibrionia;o__Desulfovibrionales;f__Desulfovibrionaceae;g__Desulfovibrio;s__Desulfovibrio sp031280915,,anfO
204721,GB_GCA_031281265.1,anfO,JAITFO010000096.1_9_A,1.4e-35,119.5,0.0,1,203,6667-7281,-1,0,JAITFO010000096.1,9,1,anfO,d__Bacteria;p__Fibrobacterota;c__Fibrobacteria;o__Fibrobacterales;f__Fibrobacteraceae;g__Fibrimonas;s__Fibrimonas sp031281265,,anfO
204722,GB_GCA_031281345.1,anfO,JAITFN010000026.1_16_A,1.2e-37,126.5,0.0,1,203,14084-14698,1,0,JAITFN010000026.1,16,1,anfO,d__Bacteria;p__Fibrobacterota;c__Fibrobacteria;o__Fibrobacterales;f__Fibrobacteraceae;g__Fibrimonas;s__Fibrimonas sp031281345,,anfO
204723,GB_GCA_031281735.1,anfO,JAITEZ010000129.1_7_A,3.6e-30,102.1,0.0,4,206,8284-8907,-1,0,JAITEZ010000129.1,7,1,anfO,d__Bacteria;p__Desulfobacterota;c__Desulfarculia;o__Adiutricales;f__Adiutricaceae;g__JAIRZX01;s__JAIRZX01 sp031281735,,anfO
204724,GB_GCA_031282085.1,anfO,JAITEK010000009.1_11_A,1.3e-38,128.5,0.0,1,201,10105-10716,1,0,JAITEK010000009.1,11,1,anfO,d__Bacteria;p__Actinomycetota;c__Coriobacteriia;o__Coriobacteriales;f__UBA8131;g__JAITEK01;s__JAITEK01 sp031282085,,anfO
204725,GB_GCA_031282925.1,anfO,JAITCT010000152.1_3_A,3.5e-29,98.5,0.0,0,126,1643-2038,-1,0,JAITCT010000152.1,3,1,anfO,d__Bacteria;p__Bacteroidota;c__Bacteroidia;o__Bacteroidales;f__Azobacteroidaceae;g__Azobacteroides;s__Azobacteroides sp031282925,,anfO
204726,GB_GCA_031283515.1,anfO,JAITBS010000254.1_10_A,7.9e-61,202.8,0.0,0,206,7620-8240,1,0,JAITBS010000254.1,10,1,anfO,d__Bacteria;p__Planctomycetota;c__Planctomycetia;o__Pirellulales;f__Thermoguttaceae;g__WRKP01;s__WRKP01 sp031283515,,anfO
204727,GB_GCA_031283915.1,anfO,JAITAY010000333.1_1_A,3.2e-54,180.6,0.0,0,212,100-738,-1,0,JAITAY010000333.1,1,1,anfO,d__Bacteria;p__Bacteroidota;c__Bacteroidia;o__Bacteroidales;f__Tannerellaceae;g__Tannerella;s__Tannerella sp031283915,,anfO
204728,GB_GCA_031284485.1,anfO,JAISZT010000070.1_5_A,1e-39,133.1,0.0,3,205,4072-4710,-1,0,JAISZT010000070.1,5,1,anfO,d__Bacteria;p__Desulfobacterota;c__Desulfovibrionia;o__Desulfovibrionales;f__Desulfovibrionaceae;g__Desulfovibrio;s__Desulfovibrio sp031284485,,anfO
204729,GB_GCA_031288415.1,anfO,JAITRL010000323.1_13_A,5.6e-05,20.0,0.0,5,84,13372-14130,1,0,JAITRL010000323.1,13,1,anfO,d__Bacteria;p__Desulfobacterota;c__Desulfarculia;o__Adiutricales;f__Adiutricaceae;g__JAIRZX01;s__JAIRZX01 sp031288415,,anfO
204730,GB_GCA_031288415.1,anfO,JAITRL010000323.1_13_B,2.4e-24,83.2,0.0,106,252,13372-14130,1,0,JAITRL010000323.1,13,1,anfO,d__Bacteria;p__Desulfobacterota;c__Desulfarculia;o__Adiutricales;f__Adiutricaceae;g__JAIRZX01;s__JAIRZX01 sp031288415,,anfO
204731,GB_GCA_031288535.1,anfO,JAITRF010000106.1_1_A,1.3e-34,116.5,0.0,3,173,3-521,-1,0,JAITRF010000106.1,1,1,anfO,d__Bacteria;p__Desulfobacterota;c__Desulfovibrionia;o__Desulfovibrionales;f__Desulfovibrionaceae;g__Frigididesulfovibrio;s__Frigididesulfovibrio sp031288535,,anfO
204732,GB_GCA_031288745.1,anfO,JAITQT010000033.1_1_A,4e-12,43.0,0.0,9,123,2-394,-1,0,JAITQT010000033.1,1,1,anfO,d__Bacteria;p__Desulfobacterota;c__Desulfarculia;o__Adiutricales;f__Adiutricaceae;g__JAITQT01;s__JAITQT01 sp031288745,,anfO
204733,GB_GCA_031288955.1,anfO,JAITQJ010000199.1_16_A,2.3e-05,21.0,0.0,4,118,16205-16564,1,0,JAITQJ010000199.1,16,1,nifB,d__Bacteria;p__Planctomycetota;c__Planctomycetia;o__Pirellulales;f__Thermoguttaceae;g__WRKP01;s__WRKP01 sp031288955,,anfO
204734,GB_GCA_031289165.1,anfO,JAITPZ010000292.1_3_A,6e-05,19.4,0.0,60,137,1109-1522,1,0,JAITPZ010000292.1,3,1,nifB,d__Bacteria;p__Synergistota;c__Synergistia;o__Synergistales;f__Aminobacteriaceae;g__JAISSA01;s__JAISSA01 sp031289165,,anfO
204735,GB_GCA_031289675.1,anfO,JAITOZ010000183.1_8_A,2.5e-05,21.1,0.0,13,120,6569-6931,-1,0,JAITOZ010000183.1,8,1,nifB,d__Bacteria;p__Planctomycetota;c__Planctomycetia;o__Pirellulales;f__Thermoguttaceae;g__WRKP01;s__WRKP01 sp031289675,,anfO
204736,GB_GCA_031289735.1,anfO,JAITOV010000141.1_12_A,1.4e-57,191.2,0.0,0,201,10728-11336,-1,0,JAITOV010000141.1,12,1,anfO,d__Bacteria;p__Bacillota;c__Desulfitobacteriia;o__Desulfitobacteriales;f__Desulfitobacteriaceae;g__JAITOS01;s__JAITOS01 sp031289735,,anfO
204737,GB_GCA_031289735.1,anfO,JAITOV010000166.1_15_A,3.700000000000001e-22,75.5,0.0,0,71,12785-13009,-1,0,JAITOV010000166.1,15,1,anfO,d__Bacteria;p__Bacillota;c__Desulfitobacteriia;o__Desulfitobacteriales;f__Desulfitobacteriaceae;g__JAITOS01;s__JAITOS01 sp031289735,,anfO
204738,GB_GCA_031289755.1,anfO,JAITOU010000035.1_10_A,5.3e-05,19.2,0.0,51,118,8831-9187,1,0,JAITOU010000035.1,10,1,nifB,d__Bacteria;p__Bacillota;c__Clostridia;o__Christensenellales;f__JAISNN01;g__JAISNN01;s__JAISNN01 sp031289755,,anfO
204739,GB_GCA_031289815.1,anfO,JAITOS010000079.1_2_A,3.6e-61,202.9,0.0,0,202,409-1017,-1,0,JAITOS010000079.1,2,1,anfO,d__Bacteria;p__Bacillota;c__Desulfitobacteriia;o__Desulfitobacteriales;f__Desulfitobacteriaceae;g__JAITOS01;s__JAITOS01 sp031289815,,anfO
204740,GB_GCA_031290135.1,anfO,JAITOE010000134.1_11_A,1.3e-32,109.9,0.0,1,201,10269-10895,1,0,JAITOE010000134.1,11,1,anfO,d__Bacteria;p__Bacillota;c__Clostridia;o__Peptostreptococcales;f__Anaerovoracaceae;g__JAITOE01;s__JAITOE01 sp031290135,,anfO
204741,GB_GCA_031290235.1,anfO,JAITNX010000196.1_14_A,1.5e-05,21.4,0.0,28,107,14869-15201,1,0,JAITNX010000196.1,14,1,nifB,d__Bacteria;p__Synergistota;c__Synergistia;o__Synergistales;f__Synergistaceae;g__JAIRWR01;s__JAIRWR01 sp031290235,,anfO
204742,GB_GCA_031290435.1,anfO,JAITNQ010000273.1_8_A,3.2e-61,203.6,0.1,0,212,9403-10044,-1,0,JAITNQ010000273.1,8,1,anfO,d__Bacteria;p__Bacteroidota;c__Bacteroidia;o__Bacteroidales;f__Azobacteroidaceae;g__Azobacteroides;s__Azobacteroides sp031290435,,anfO
204743,GB_GCA_031290515.1,anfO,JAITNK010000001.1_5_A,1.9e-33,112.2,0.0,4,205,4072-4695,-1,0,JAITNK010000001.1,5,1,anfO,d__Bacteria;p__Bacillota;c__Clostridia;o__Oscillospirales;f__Oscillospiraceae;g__JAIRRO01;s__JAIRRO01 sp031290515,,anfO
204744,GB_GCA_031290775.1,anfO,JAITMX010000014.1_4_A,3.3999999999999997e-31,105.0,0.0,3,208,2212-2838,1,0,JAITMX010000014.1,4,1,anfO,d__Bacteria;p__Bacillota;c__Clostridia;o__Peptostreptococcales;f__Anaerovoracaceae;g__WRMW01;s__WRMW01 sp031290775,,anfO
204745,GB_GCA_031291035.1,anfO,JAISLI010000038.1_30_A,3.700000000000001e-44,147.2,0.0,3,207,27457-28086,1,0,JAISLI010000038.1,30,1,anfO,d__Bacteria;p__Desulfobacterota;c__Desulfovibrionia;o__Desulfovibrionales;f__Desulfovibrionaceae;g__Desulfovibrio;s__Desulfovibrio sp031291035,,anfO
204746,GB_GCA_031292275.1,anfO,JARLHL010000048.1_4_A,7.300000000000001e-65,215.8,0.0,0,245,1432-2169,-1,0,JARLHL010000048.1,4,1,anfO,d__Bacteria;p__Desulfobacterota;c__Desulfobulbia;o__Desulfobulbales;f__Desulfocapsaceae;g__CAIUQR01;s__CAIUQR01 sp031292275,,anfO
204747,GB_GCA_031292565.1,anfO,JARLGW010000005.1_219_A,2.4e-55,184.2,0.0,0,206,235060-236955,1,0,JARLGW010000005.1,219,4,nifB,d__Bacteria;p__Bacteroidota;c__Bacteroidia;o__Bacteroidales;f__Paludibacteraceae;g__JAFGVL01;s__JAFGVL01 sp031292565,,anfO
204748,GB_GCA_031401815.1,anfO,JANNRW010000103.1_1_A,1.7e-05,22.1,0.0,0,108,99-428,1,0,JANNRW010000103.1,1,1,nifB,d__Bacteria;p__Desulfobacterota;c__Desulfuromonadia;o__Geobacterales;f__DSM-12255;g__JANNRW01;s__JANNRW01 sp031401815,,anfO
204749,GB_GCA_031401815.1,anfO,JANNRW010000263.1_5_A,1.1e-05,22.7,0.0,51,134,6113-6517,-1,0,JANNRW010000263.1,5,1,anfO,d__Bacteria;p__Desulfobacterota;c__Desulfuromonadia;o__Geobacterales;f__DSM-12255;g__JANNRW01;s__JANNRW01 sp031401815,,anfO
204750,GB_GCA_031460455.1,anfO,JAVKTQ010000010.1_127_A,1.9e-53,178.7,0.0,2,210,128810-129490,-1,0,JAVKTQ010000010.1,127,1,anfO,d__Bacteria;p__Bacillota;c__Negativicutes;o__Sporomusales;f__UBA7701;g__Anaeroselena;s__Anaeroselena sp031460455,,anfO
204751,GB_GCA_031548405.1,anfO,JAVBRC010000143.1_11_A,3.4e-06,23.4,0.1,4,112,10830-11171,-1,0,JAVBRC010000143.1,11,1,nifB,d__Bacteria;p__Bacillota;c__Clostridia;o__Oscillospirales;f__Ruminococcaceae;g__Porcipelethomonas;s__Porcipelethomonas sp031548405,,anfO
204752,GB_GCA_031548405.1,anfO,JAVBRC010000143.1_15_A,1e-05,21.8,0.0,5,117,15229-15585,1,0,JAVBRC010000143.1,15,2,nifB,d__Bacteria;p__Bacillota;c__Clostridia;o__Oscillospirales;f__Ruminococcaceae;g__Porcipelethomonas;s__Porcipelethomonas sp031548405,,anfO
204753,GB_GCA_031555415.1,anfO,JAVBUL010000046.1_2_A,1.1e-05,22.2,0.1,2,133,634-1056,1,0,JAVBUL010000046.1,2,1,nifB,d__Bacteria;p__Bacillota;c__Clostridia;o__Lachnospirales;f__Lachnospiraceae;g__CAG-303;s__CAG-303 sp031555415,,anfO
204754,GB_GCA_031975295.1,anfO,DALYNO010000232.1_5_A,7.6e-05,19.9,0.0,2,119,4348-4707,-1,0,DALYNO010000232.1,5,1,nifB,d__Bacteria;p__Bacillota;c__Clostridia;o__Lachnospirales;f__Lachnospiraceae;g__Anaerocolumna;s__Anaerocolumna sp031975295,,anfO
204755,GB_GCA_032079965.1,anfO,DAMATJ010000013.1_43_A,6.8e-55,183.6,0.0,2,211,50714-51349,1,0,DAMATJ010000013.1,43,1,anfO,d__Bacteria;p__Bacillota;c__Negativicutes;o__DSM-13327;f__DSM-13327;g__Pelosinus;s__Pelosinus fermentans_B,,anfO
204756,GB_GCA_032469775.1,anfO,JAWDJY010000023.1_17_A,8.6e-05,19.7,0.0,0,108,19334-19663,-1,0,JAWDJY010000023.1,17,2,nifB,d__Bacteria;p__Desulfobacterota;c__Desulfuromonadia;o__Geobacterales;f__Pseudopelobacteraceae;g__JACRCG01;s__JACRCG01 sp032469775,,anfO
204757,GB_GCA_034429935.1,anfO,DAOUFJ010000017.1_13_A,8.6e-05,18.6,0.0,53,125,12649-13050,-1,0,DAOUFJ010000017.1,13,1,nifB,d__Bacteria;p__Chloroflexota;c__Dehalococcoidia;o__Dehalococcoidales;f__UBA5627;g__UBA5627;s__UBA5627 sp034429935,,anfO
204758,GB_GCA_034927445.1,anfO,JAYFPZ010000001.1_20_A,1.7e-45,152.5,0.0,0,206,20850-21473,1,0,JAYFPZ010000001.1,20,1,anfO,d__Bacteria;p__Bacillota;c__Syntrophomonadia;o__Syntrophomonadales;f__Syntrophomonadaceae;g__PHAA01;s__PHAA01 sp034927445,,anfO
204759,GB_GCA_034927755.1,anfO,JAYFPN010000006.1_673_A,1.1e-42,142.9,0.0,2,204,685347-685961,-1,0,JAYFPN010000006.1,673,1,anfO,d__Bacteria;p__Bacillota;c__Clostridia;o__Lachnospirales;f__Anaerotignaceae;g__Metalachnospira;s__Metalachnospira sp034927755,,anfO
204760,GB_GCA_034933685.1,anfO,JAYFNB010000011.1_77_A,2.3e-38,129.0,0.1,0,210,65670-66305,1,0,JAYFNB010000011.1,77,1,anfO,d__Bacteria;p__Bacillota;c__Clostridia;o__Lachnospirales;f__Anaerotignaceae;g__UBA8514;s__UBA8514 sp034933685,,anfO
204761,GB_GCA_035281865.1,anfO,DATEVI010000481.1_5_A,6.5e-05,19.6,0.0,0,108,1358-1687,1,0,DATEVI010000481.1,5,1,nifB,d__Bacteria;p__Desulfobacterota;c__Desulfuromonadia;o__Geobacterales;f__Geobacteraceae;g__CAIWTU01;s__CAIWTU01 sp035281865,,anfO
204762,GB_GCA_035298825.1,anfO,DATGXR010000094.1_4_A,8.2e-05,19.8,0.0,296,409,3978-5243,1,0,DATGXR010000094.1,4,1,nifB,d__Bacteria;p__Bacteroidota;c__Ignavibacteria;o__UBA10030;f__UBA8401;g__CAISDA01;s__CAISDA01 sp035298825,,anfO
204763,GB_GCA_035399245.1,anfO,DAOPIR010000126.1_6_A,1.1e-31,107.0,0.0,0,185,4259-4825,1,0,DAOPIR010000126.1,6,1,anfO,d__Bacteria;p__Bacillota;c__Clostridia;o__Christensenellales;f__Aristaeellaceae;g__CAXXOK01;s__CAXXOK01 sp035399245,,anfO
204764,GB_GCA_035470605.1,anfO,DATIQS010000044.1_4_A,1.2e-74,247.4,0.0,0,207,3592-4215,-1,0,DATIQS010000044.1,4,1,anfO,d__Bacteria;p__Fibrobacterota;c__Fibrobacteria;o__Fibrobacterales;f__Fibrobacteraceae;g__CAIRAY01;s__CAIRAY01 sp035470605,,anfO
204765,GB_GCA_035490915.1,anfO,DATJLB010000083.1_7_A,1.2e-05,22.1,0.0,0,108,5444-5773,-1,0,DATJLB010000083.1,7,1,nifB,d__Bacteria;p__Desulfobacterota;c__Desulfuromonadia;o__Geobacterales;f__Geobacteraceae;g__JAMPXD01;s__JAMPXD01 sp035490915,,anfO
204766,GB_GCA_035538795.1,anfO,DATLJS010000017.1_35_A,7.7e-51,170.1,0.0,0,248,39499-40257,1,0,DATLJS010000017.1,35,1,anfO,d__Bacteria;p__Pseudomonadota;c__Alphaproteobacteria;o__Rhodospirillales;f__Magnetospirillaceae;g__JAJZGK01;s__JAJZGK01 sp035538795,,anfO
204767,GB_GCA_035560815.1,anfO,DATMYR010000045.1_44_A,2.5e-46,155.3,0.0,2,202,43748-44356,-1,0,DATMYR010000045.1,44,1,anfO,d__Bacteria;p__Bacillota;c__Syntrophomonadia;o__Syntrophomonadales;f__Syntrophomonadaceae;g__UBA5314;s__UBA5314 sp035560815,,anfO
204768,GB_GCA_035560855.1,anfO,DATMYT010000102.1_11_A,3.1e-49,164.8,0.0,2,206,10415-11038,1,0,DATMYT010000102.1,11,1,anfO,d__Bacteria;p__Bacillota;c__Negativicutes;o__UBA1444;f__UBA1444;g__UBA1444;s__UBA1444 sp035560855,,anfO
204769,GB_GCA_035560935.1,anfO,DATMYQ010000185.1_9_A,3.6e-52,174.4,0.0,2,208,9597-10232,-1,0,DATMYQ010000185.1,9,1,anfO,d__Bacteria;p__Bacillota;c__Negativicutes;o__Sporomusales;f__Sporomusaceae;g__DATMYQ01;s__DATMYQ01 sp035560935,,anfO
204770,GB_GCA_035561035.1,anfO,DATMYI010000113.1_8_A,3.4000000000000007e-65,216.2,0.0,0,215,5765-6433,1,0,DATMYI010000113.1,8,1,anfO,d__Bacteria;p__Bacteroidota;c__Chlorobiia;o__Chlorobiales;f__Chlorobiaceae;g__Chlorobaculum;s__Chlorobaculum sp035561035,,anfO
204771,GB_GCA_035561215.1,anfO,DATMYB010000015.1_11_A,2.9e-64,213.9,0.0,0,200,8273-8875,1,0,DATMYB010000015.1,11,1,anfO,d__Bacteria;p__Bacillota;c__Syntrophomonadia;o__Syntrophomonadales;f__Syntrophomonadaceae;g__Syntrophomonas_B;s__Syntrophomonas_B sp035561215,,anfO
204772,GB_GCA_035561215.1,anfO,DATMYB010000174.1_19_A,3.9e-37,125.3,0.0,2,204,18294-18908,-1,0,DATMYB010000174.1,19,1,anfO,d__Bacteria;p__Bacillota;c__Syntrophomonadia;o__Syntrophomonadales;f__Syntrophomonadaceae;g__Syntrophomonas_B;s__Syntrophomonas_B sp035561215,,anfO
204773,GB_GCA_035686205.1,anfO,DASRZQ010000174.1_4_A,2.6e-05,21.3,0.0,0,108,4226-4555,1,0,DASRZQ010000174.1,4,1,nifB,d__Bacteria;p__Desulfobacterota;c__Desulfuromonadia;o__Geobacterales;f__Geobacteraceae;g__CAIWTU01;s__CAIWTU01 sp035686205,,anfO
204774,GB_GCA_035873375.1,anfO,JAYWMQ010000048.1_42_A,1.8e-05,21.3,0.1,0,120,36041-36436,-1,0,JAYWMQ010000048.1,42,1,nifB,d__Bacteria;p__Nitrospirota;c__Thermodesulfovibrionia;o__Thermodesulfovibrionales;f__JdFR-85;g__BMS3Bbin07;s__BMS3Bbin07 sp035873375,,anfO
204775,GB_GCA_036244995.1,anfO,BTTF01000071.1_7_A,1.2e-05,21.7,0.1,0,121,3439-3834,-1,0,BTTF01000071.1,7,1,nifB,d__Bacteria;p__Nitrospirota;c__Thermodesulfovibrionia;o__Thermodesulfovibrionales;f__JdFR-85;g__BMS3Bbin07;s__BMS3Bbin07 sp036244995,,anfO
204776,GB_GCA_036260765.1,anfO,DATAMA010000030.1_1_A,9.800000000000001e-57,188.1,0.0,2,206,95-715,-1,0,DATAMA010000030.1,1,1,anfO,d__Bacteria;p__Bacillota;c__Desulfitobacteriia;o__Desulfitobacteriales;f__JAJXUE01;g__DATAMA01;s__DATAMA01 sp036260765,,anfO
204777,GB_GCA_036261135.1,anfO,DATALJ010000044.1_32_A,2.7e-05,21.3,0.0,305,409,30877-32139,1,0,DATALJ010000044.1,32,1,nifB,d__Bacteria;p__Bacteroidota;c__Bacteroidia;o__Bacteroidales;f__JAAUTT01;g__JAAUTT01;s__JAAUTT01 sp036261135,,anfO
204778,GB_GCA_036677675.1,anfO,JAVBWC010000001.1_58_A,8.3e-72,238.2,0.6,2,207,71498-72121,1,0,JAVBWC010000001.1,58,1,anfO,d__Bacteria;p__Bacillota;c__Clostridia;o__Clostridiales;f__Clostridiaceae;g__Clostridium_H;s__Clostridium_H sp036677675,,anfO
204779,GB_GCA_036677675.1,anfO,JAVBWC010000001.1_62_A,6.9e-71,235.2,0.5,2,212,75694-76335,1,0,JAVBWC010000001.1,62,1,anfO,d__Bacteria;p__Bacillota;c__Clostridia;o__Clostridiales;f__Clostridiaceae;g__Clostridium_H;s__Clostridium_H sp036677675,,anfO
204780,GB_GCA_036677685.1,anfO,JAVBWA010000020.1_25_A,1.8e-52,175.4,0.0,2,207,30835-31473,-1,0,JAVBWA010000020.1,25,1,anfO,d__Bacteria;p__Bacillota;c__Syntrophomonadia;o__Syntrophomonadales;f__Syntrophomonadaceae;g__JAQUBU01;s__JAQUBU01 sp036677685,,anfO
204781,GB_GCA_036722275.1,anfO,DAIMJJ010000245.1_4_A,2.2e-60,201.4,0.0,0,240,2425-3147,1,0,DAIMJJ010000245.1,4,1,anfO,d__Bacteria;p__Pseudomonadota;c__Alphaproteobacteria;o__Rhizobiales;f__Rhizobiaceae;g__Allorhizobium;s__Allorhizobium sp036722275,,anfO
204782,GB_GCA_036771135.1,anfO,DAIPHW010000103.1_9_A,1.2e-08,31.7,0.0,0,63,8222-8410,1,0,DAIPHW010000103.1,9,1,anfO,d__Bacteria;p__Fibrobacterota;c__Fibrobacteria;o__UBA5070;f__UBA5070;g__JBDKGV01;s__JBDKGV01 sp036771135,,anfO
204783,GB_GCA_036771135.1,anfO,DAIPHW010000264.1_1_A,6.500000000000001e-38,127.4,0.0,1,165,3-551,1,0,DAIPHW010000264.1,1,1,anfO,d__Bacteria;p__Fibrobacterota;c__Fibrobacteria;o__UBA5070;f__UBA5070;g__JBDKGV01;s__JBDKGV01 sp036771135,,anfO
204784,GB_GCA_036824225.1,anfO,DAITAP010000119.1_4_A,2.1e-05,20.7,0.0,0,136,3523-3936,-1,0,DAITAP010000119.1,4,1,nifB,d__Bacteria;p__Bacillota;c__Clostridia;o__Oscillospirales;f__Acutalibacteraceae;g__Thermocaproicibacter;s__Thermocaproicibacter sp036824225,,anfO
204785,GB_GCA_036833715.1,anfO,DAITPG010000041.1_7_A,1e-39,133.4,0.0,2,207,4047-4673,-1,0,DAITPG010000041.1,7,1,anfO,d__Bacteria;p__Bacillota;c__Clostridia;o__Eubacteriales;f__Anaerofustaceae;g__JBGMEA01;s__JBGMEA01 sp036833715,,anfO
204786,GB_GCA_037381085.1,anfO,JARRRD010000091.1_12_A,9.4e-06,22.4,0.0,0,124,12417-12815,1,0,JARRRD010000091.1,12,1,nifB,d__Bacteria;p__Nitrospirota;c__Thermodesulfovibrionia;o__Thermodesulfovibrionales;f__UBA6898;g__JARRRD01;s__JARRRD01 sp037381085,,anfO
204787,GB_GCA_037440605.1,anfO,JBBITU010000017.1_25_A,2.1e-06,24.0,0.1,0,121,24553-24957,-1,0,JBBITU010000017.1,25,1,nifB,d__Bacteria;p__Nitrospirota;c__Thermodesulfovibrionia;o__Thermodesulfovibrionales;f__Dissulfurispiraceae;g__DYHD01;s__DYHD01 sp037440605,,anfO
204788,GB_GCA_037441185.1,anfO,JBBISP010000025.1_24_A,9.8e-07,25.0,0.0,0,127,22817-23212,-1,0,JBBISP010000025.1,24,1,nifB,d__Bacteria;p__Nitrospirota;c__Thermodesulfovibrionia;o__Thermodesulfovibrionales;f__Dissulfurispiraceae;g__JBBISP01;s__JBBISP01 sp037441185,,anfO
204789,GB_GCA_038247115.1,anfO,JBBRVG010000007.1_22_A,1.1e-54,182.5,0.0,0,205,25245-25862,-1,0,JBBRVG010000007.1,22,1,anfO,d__Bacteria;p__Pseudomonadota;c__Gammaproteobacteria;o__Enterobacterales;f__Aeromonadaceae;g__Pseudaeromonas;s__Pseudaeromonas sp038247115,,anfO
204790,GB_GCA_039594245.1,anfO,JBCNNT010000012.1_1383_A,9e-48,160.8,0.0,0,203,1242390-1243001,-1,0,JBCNNT010000012.1,1383,2,anfO,d__Bacteria;p__Pseudomonadota;c__Gammaproteobacteria;o__Enterobacterales;f__Enterobacteriaceae;g__Enterobacter;s__Enterobacter sp039594245,,anfO
204791,GB_GCA_039594335.1,anfO,JBCNNS010000023.1_27_A,3.1e-52,174.9,0.0,0,204,22529-23149,-1,0,JBCNNS010000023.1,27,1,anfO,d__Bacteria;p__Pseudomonadota;c__Gammaproteobacteria;o__Enterobacterales;f__Enterobacteriaceae;g__Klebsiella;s__Klebsiella sp039594335,,anfO
204792,GB_GCA_039679805.1,anfO,JBDKUD010000103.1_6_A,1.3e-55,185.8,0.0,2,208,6171-6812,-1,0,JBDKUD010000103.1,6,1,anfO,d__Bacteria;p__Bacillota;c__Syntrophomonadia;o__Syntrophomonadales;f__Syntrophomonadaceae;g__JBDKUD01;s__JBDKUD01 sp039679805,,anfO
204793,GB_GCA_039680175.1,anfO,JBDKTO010000111.1_11_A,7.9e-54,179.9,0.0,2,209,10152-10790,-1,0,JBDKTO010000111.1,11,1,anfO,d__Bacteria;p__Bacillota;c__Negativicutes;o__JAAYSF01;f__JAAYSF01;g__JBDKTO01;s__JBDKTO01 sp039680175,,anfO
204794,GB_GCA_039804805.1,anfO,JBDLVO010000366.1_4_A,2.9999999999999995e-54,180.8,0.0,0,246,2748-3497,1,0,JBDLVO010000366.1,4,1,anfO,d__Bacteria;p__Pseudomonadota;c__Alphaproteobacteria;o__Rhodospirillales;f__Magnetospirillaceae;g__Phaeospirillum;s__Phaeospirillum sp039804805,,anfO
204795,GB_GCA_040208185.1,anfO,CP157947.1_5782_A,5.5e-64,213.7,0.0,0,205,5288702-5289319,-1,0,CP157947.1,5782,1,anfO,d__Bacteria;p__Pseudomonadota;c__Gammaproteobacteria;o__Enterobacterales;f__Enterobacteriaceae;g__Acerihabitans;s__Acerihabitans sp040208185,,anfO
204796,GB_GCA_040500365.1,anfO,CP148031.1_363_A,1.3e-48,162.6,0.0,2,208,370424-371053,1,0,CP148031.1,363,1,anfO,d__Bacteria;p__Bacillota;c__Desulfitobacteriia;o__Desulfitobacteriales;f__Syntrophobotulaceae;g__Dehalobacter;s__Dehalobacter alkaniphilus,,anfO
204797,GB_GCA_040500365.1,anfO,CP148031.1_364_A,3.1e-24,83.0,0.0,4,148,371071-371529,1,0,CP148031.1,364,1,anfO,d__Bacteria;p__Bacillota;c__Desulfitobacteriia;o__Desulfitobacteriales;f__Syntrophobotulaceae;g__Dehalobacter;s__Dehalobacter alkaniphilus,,anfO
204798,GB_GCA_040753155.1,anfO,JBFMEU010000042.1_3_A,8.8e-58,192.3,0.0,2,209,2243-2872,-1,0,JBFMEU010000042.1,3,1,anfO,d__Bacteria;p__Bacillota;c__Desulfotomaculia;o__Desulfotomaculales;f__JBFMEU01;g__JBFMEU01;s__JBFMEU01 sp040753155,,anfO
204799,GB_GCA_040753635.1,anfO,JBFMDL010000036.1_5_A,2.5e-05,21.0,0.0,0,127,6112-6507,1,0,JBFMDL010000036.1,5,1,nifB,d__Bacteria;p__Nitrospirota;c__Thermodesulfovibrionia;o__Thermodesulfovibrionales;f__UBA6898;g__JBFMDL01;s__JBFMDL01 sp040753635,,anfO
204800,GB_GCA_040754455.1,anfO,JBFMCP010000001.1_66_A,4.3e-06,23.7,0.0,0,119,77120-77515,1,0,JBFMCP010000001.1,66,1,nifB,d__Bacteria;p__Nitrospirota;c__Thermodesulfovibrionia;o__Thermodesulfovibrionales;f__Dissulfurispiraceae;g__JBFMCP01;s__JBFMCP01 sp040754455,,anfO
204801,GB_GCA_040754595.1,anfO,JBFMCH010000096.1_76_A,1e-57,192.3,0.0,2,208,62595-63221,1,0,JBFMCH010000096.1,76,1,anfO,d__Bacteria;p__Bacillota;c__Desulfotomaculia;o__Desulfotomaculales;f__Desulfotomaculaceae;g__Desulfotomaculum;s__Desulfotomaculum profundi,,anfO
204802,GB_GCA_040758255.1,anfO,JBFLVX010000128.1_2_A,1.7e-05,21.3,0.0,0,120,562-963,1,0,JBFLVX010000128.1,2,1,nifB,d__Bacteria;p__Nitrospirota;c__Thermodesulfovibrionia;o__UBA6902;f__UBA6902;g__JACRPZ01;s__JACRPZ01 sp040758255,,anfO
204803,GB_GCA_040758355.1,anfO,JBFLWF010000045.1_10_A,1.6e-05,21.6,0.0,0,141,9285-9713,1,0,JBFLWF010000045.1,10,1,nifB,d__Bacteria;p__Nitrospirota;c__Thermodesulfovibrionia;o__Thermodesulfovibrionales;f__Dissulfurispiraceae;g__Dissulfurispira;s__Dissulfurispira sp040758355,,anfO
204804,GB_GCA_040767305.1,anfO,JAXGOV010000003.1_95_A,3.4e-44,147.9,0.0,1,204,84637-85251,1,0,JAXGOV010000003.1,95,1,anfO,d__Bacteria;p__Bacillota;c__Clostridia;o__Lachnospirales;f__Anaerotignaceae;g__Metalachnospira;s__Metalachnospira sp040767305,,anfO
204805,GB_GCA_040773465.1,anfO,JAXGWF010000009.1_54_A,9.7e-07,25.8,0.0,0,109,63235-63564,-1,0,JAXGWF010000009.1,54,1,nifB,d__Bacteria;p__Desulfobacterota;c__Desulfuromonadia;o__Geobacterales;f__Geobacteraceae;g__RPRC01;s__RPRC01 sp040773465,,anfO
204806,GB_GCA_040882925.1,anfO,JBFLJZ010000056.1_2_A,1.8e-05,21.3,0.0,0,120,337-717,1,0,JBFLJZ010000056.1,2,1,nifB,d__Bacteria;p__Desulfobacterota;c__Desulfuromonadia;o__Desulfuromonadales;f__BM103;g__JAFDBW01;s__JAFDBW01 sp040882925,,anfO
204807,GB_GCA_041223105.1,anfO,JBCLPO010000001.1_12_A,5.8e-60,200.5,0.0,0,202,10301-10909,1,0,JBCLPO010000001.1,12,1,anfO,d__Bacteria;p__Bacillota;c__Clostridia;o__Lachnospirales;f__Lachnospiraceae;g__Lacrimispora;s__Lacrimispora sp041223105,,anfO
204808,GB_GCA_041223105.1,anfO,JBCLPO010000003.1_211_A,1.1e-37,127.6,0.0,2,206,212069-212728,-1,0,JBCLPO010000003.1,211,1,anfO,d__Bacteria;p__Bacillota;c__Clostridia;o__Lachnospirales;f__Lachnospiraceae;g__Lacrimispora;s__Lacrimispora sp041223105,,anfO
204809,GB_GCA_041390365.1,anfO,JAWKQB010000002.1_805_A,5.3e-05,20.3,0.0,0,106,929444-929815,1,0,JAWKQB010000002.1,805,3,nifB,d__Bacteria;p__Desulfobacterota;c__Desulfuromonadia;o__Desulfuromonadales;f__Syntrophotaleaceae;g__JAWKQB01;s__JAWKQB01 sp041390365,,anfO
204810,GB_GCA_041447245.1,anfO,JBGMEA010000012.1_151_A,2.9e-46,154.6,0.0,2,209,157367-157999,1,0,JBGMEA010000012.1,151,1,anfO,d__Bacteria;p__Bacillota;c__Clostridia;o__Eubacteriales;f__Anaerofustaceae;g__JBGMEA01;s__JBGMEA01 sp041447245,,anfO
204811,GB_GCA_041583675.1,anfO,JBFHFI010000020.1_9_A,1.2e-42,142.6,0.1,1,204,7098-7715,-1,0,JBFHFI010000020.1,9,1,anfO,d__Bacteria;p__Bacillota;c__Clostridia;o__Lachnospirales;f__Lachnospiraceae;g__Eshraghiella;s__Eshraghiella sp041583675,,anfO
204812,GB_GCA_041639455.1,anfO,JBEQCC010000035.1_6_A,3.8e-54,180.7,0.0,2,209,5942-6571,1,0,JBEQCC010000035.1,6,1,anfO,d__Bacteria;p__Bacillota;c__Negativicutes;o__DSM-13327;f__DSM-13327;g__Pelosinus;s__Pelosinus sp041639455,,anfO
204813,GB_GCA_041653135.1,anfO,JBAZGB010000029.1_9_A,5.6999999999999995e-55,183.3,0.9,2,211,7971-8606,1,0,JBAZGB010000029.1,9,1,anfO,d__Bacteria;p__Bacillota;c__Desulfotomaculia;o__Desulfotomaculales;f__Nap2-2B;g__46-80;s__46-80 sp041653135,,anfO
204814,GB_GCA_041672425.1,anfO,JBAYZR010000039.1_5_A,2.5e-69,230.4,0.0,0,251,4117-4875,-1,0,JBAYZR010000039.1,5,1,anfO,d__Bacteria;p__Desulfobacterota;c__Desulfuromonadia;o__Geobacterales;f__Pseudopelobacteraceae;g__JACPFJ01;s__JACPFJ01 sp041672425,,anfO
204815,GB_GCA_041741355.1,anfO,JBGSKE010000304.1_2_A,1.6e-52,175.6,0.0,2,207,190-813,-1,0,JBGSKE010000304.1,2,1,anfO,d__Bacteria;p__Bacillota;c__Negativicutes;o__UBA1444;f__UBA1444;g__UBA1444;s__UBA1444 sp041741355,,anfO
204816,GB_GCA_041821265.1,anfO,JBGUEQ010000052.1_33_A,6.8e-46,154.1,0.1,1,211,34311-34946,1,0,JBGUEQ010000052.1,33,1,anfO,d__Bacteria;p__Bacillota;c__Clostridia;o__Lachnospirales;f__Lachnospiraceae;g__Lachnotalea;s__Lachnotalea sp041821265,,anfO
204817,GB_GCA_041907765.1,anfO,JAYRGQ010000026.1_19_A,7.400000000000001e-65,215.6,0.0,0,222,20156-20932,1,0,JAYRGQ010000026.1,19,1,anfO,d__Bacteria;p__Pseudomonadota;c__Gammaproteobacteria;o__Burkholderiales;f__Rhodocyclaceae;g__Azospira;s__Azospira sp041907765,,anfO
204818,GB_GCA_041911695.1,anfO,JAYROM010000209.1_6_A,2e-42,142.3,0.0,0,235,3947-4657,1,0,JAYROM010000209.1,6,1,anfO,d__Bacteria;p__Pseudomonadota;c__Gammaproteobacteria;o__Enterobacterales;f__Aeromonadaceae;g__Pseudaeromonas;s__Pseudaeromonas sp041911695,,anfO
204819,GB_GCA_042691655.1,anfO,CP170506.1_2654_A,6.7e-16,56.3,0.0,0,92,3116248-3116550,-1,0,CP170506.1,2654,2,anfO,d__Bacteria;p__Verrucomicrobiota;c__Verrucomicrobiia;o__Chthoniobacterales;f__Chthoniobacteraceae;g__UBA695;s__UBA695 sp042691655,,anfO
204820,GB_GCA_044426345.1,anfO,JAWXUP010000010.1_45_A,2.4e-37,125.6,0.1,4,206,35185-35808,-1,0,JAWXUP010000010.1,45,1,anfO,d__Bacteria;p__Bacillota;c__Clostridia;o__Oscillospirales;f__Butyricicoccaceae;g__CAYJLC01;s__CAYJLC01 sp044426345,,anfO
204821,GB_GCA_045131275.1,anfO,JBGUQT010000043.1_52_A,2.7e-05,20.7,0.0,3,122,53962-54333,1,0,JBGUQT010000043.1,52,1,nifB,d__Bacteria;p__Spirochaetota;c__Spirochaetia;o__Treponematales;f__Treponemataceae;g__Treponema_D;s__Treponema_D sp045131275,,anfO
204822,GB_GCA_046290845.1,anfO,JBKBUA010000009.1_27_A,3.6e-05,20.4,0.0,0,126,28151-28546,1,0,JBKBUA010000009.1,27,1,nifB,d__Bacteria;p__Nitrospirota;c__Thermodesulfovibrionia;o__Thermodesulfovibrionales;f__UBA9159;g__JBBIPQ01;s__JBBIPQ01 sp046290845,,anfO
204823,GB_GCA_046533095.1,anfO,JAJQRA010000025.1_5_A,1.7e-20,71.0,0.0,11,116,1888-2241,-1,0,JAJQRA010000025.1,5,1,anfO,d__Bacteria;p__Bacillota;c__Clostridia;o__Lachnospirales;f__Lachnospiraceae;g__ZAX-1;s__ZAX-1 sp046533095,,anfO
204824,GB_GCA_046533095.1,anfO,JAJQRA010000025.1_6_A,1.1e-56,189.1,0.0,0,201,2251-2859,-1,0,JAJQRA010000025.1,6,1,anfO,d__Bacteria;p__Bacillota;c__Clostridia;o__Lachnospirales;f__Lachnospiraceae;g__ZAX-1;s__ZAX-1 sp046533095,,anfO
204825,GB_GCA_046533095.1,anfO,JAJQRA010000038.1_227_A,5.1e-37,124.9,0.0,0,201,296104-296712,1,0,JAJQRA010000038.1,227,1,anfO,d__Bacteria;p__Bacillota;c__Clostridia;o__Lachnospirales;f__Lachnospiraceae;g__ZAX-1;s__ZAX-1 sp046533095,,anfO
204826,GB_GCA_046704045.1,anfO,JBJKSM010000174.1_8_A,3.8e-06,23.7,0.1,0,121,3436-3831,-1,0,JBJKSM010000174.1,8,1,nifB,d__Bacteria;p__Nitrospirota;c__Thermodesulfovibrionia;o__Thermodesulfovibrionales;f__UBA6898;g__JAWOKY01;s__JAWOKY01 sp046704045,,anfO
204827,GB_GCA_046706685.1,anfO,JBJKPE010000072.1_6_A,5.1e-06,23.5,0.0,0,127,2294-2689,-1,0,JBJKPE010000072.1,6,1,nifB,d__Bacteria;p__Nitrospirota;c__Thermodesulfovibrionia;o__Thermodesulfovibrionales;f__UBA6898;g__JARRRD01;s__JARRRD01 sp046706685,,anfO
204828,GB_GCA_046719235.1,anfO,JBDNDH010000053.1_6_A,5.1e-05,19.4,0.0,0,120,3926-4321,-1,0,JBDNDH010000053.1,6,1,nifB,d__Bacteria;p__Nitrospirota;c__Thermodesulfovibrionia;o__Thermodesulfovibrionales;f__Dissulfurispiraceae;g__DUZI01;s__DUZI01 sp046719235,,anfO
204829,GB_GCA_047178765.1,anfO,JBCQTG010000118.1_3_A,3.5e-05,19.9,0.0,295,407,2189-3451,1,0,JBCQTG010000118.1,3,1,nifB,d__Bacteria;p__Bacteroidota;c__Bacteroidia;o__Bacteroidales;f__Rikenellaceae;g__Alistipes;s__Alistipes sp047178765,,anfO
204830,GB_GCA_047600785.1,anfO,JASGKH010000002.1_2124_A,8.5e-52,173.3,0.0,0,206,2672972-2673661,1,0,JASGKH010000002.1,2124,2,anfO,d__Bacteria;p__Bacteroidota;c__Bacteroidia;o__Bacteroidales;f__Marinilabiliaceae;g__Breznakibacter;s__Breznakibacter sp047600785,,anfO
204831,GB_GCA_047600785.1,anfO,JASGKH010000002.1_2125_A,8.2e-47,157.1,0.0,0,209,2673720-2674496,1,0,JASGKH010000002.1,2125,2,anfO,d__Bacteria;p__Bacteroidota;c__Bacteroidia;o__Bacteroidales;f__Marinilabiliaceae;g__Breznakibacter;s__Breznakibacter sp047600785,,anfO
204832,GB_GCA_047602645.1,anfO,JASGGU010000075.1_14_A,6.1e-41,137.7,0.0,1,204,13719-14333,1,0,JASGGU010000075.1,14,1,anfO,d__Bacteria;p__Bacillota;c__Clostridia;o__Lachnospirales;f__Lachnospiraceae;g__JAEYFP01;s__JAEYFP01 sp047602645,,anfO
204833,GB_GCA_047602655.1,anfO,JASGGT010000077.1_10_A,5.1e-36,121.1,0.0,3,210,8338-8988,-1,0,JASGGT010000077.1,10,1,anfO,d__Bacteria;p__Desulfobacterota;c__Desulfovibrionia;o__Desulfovibrionales;f__Desulfovibrionaceae;g__Desulfovibrio;s__Desulfovibrio sp047602655,,anfO
204834,GB_GCA_047604985.1,anfO,JASGGP010000060.1_9_A,2.8e-31,106.5,0.0,1,203,5586-6197,-1,0,JASGGP010000060.1,9,1,anfO,d__Bacteria;p__Bacillota;c__Clostridia;o__Lachnospirales;f__Lachnospiraceae;g__Lacrimispora;s__Lacrimispora sp047604985,,anfO
204835,GB_GCA_047605645.1,anfO,JASGFJ010000031.1_20_A,5e-27,92.3,0.0,0,211,30583-31218,-1,0,JASGFJ010000031.1,20,1,anfO,d__Bacteria;p__Bacteroidota;c__Bacteroidia;o__Bacteroidales;f__Dysgonomonadaceae;g__UBA1309;s__UBA1309 sp047605645,,anfO
204836,GB_GCA_047605645.1,anfO,JASGFJ010000031.1_21_A,2e-48,162.2,0.0,0,204,31358-32041,-1,0,JASGFJ010000031.1,21,1,anfO,d__Bacteria;p__Bacteroidota;c__Bacteroidia;o__Bacteroidales;f__Dysgonomonadaceae;g__UBA1309;s__UBA1309 sp047605645,,anfO
204837,GB_GCA_047605765.1,anfO,JASGFB010000143.1_6_A,8.899999999999999e-49,163.4,0.0,0,207,4699-5385,-1,0,JASGFB010000143.1,6,1,anfO,d__Bacteria;p__Pseudomonadota;c__Gammaproteobacteria;o__Burkholderiales;f__Rhodocyclaceae;g__JBGVSA01;s__JBGVSA01 sp047605765,,anfO
204838,GB_GCA_047718855.1,anfO,JBDNRY010000003.1_128_A,8.6e-42,140.0,0.2,1,201,140773-141378,1,0,JBDNRY010000003.1,128,1,anfO,d__Bacteria;p__Bacillota;c__Bacilli;o__Bacillales;f__Sporolactobacillaceae;g__Sporolactobacillus;s__Sporolactobacillus sp047718855,,anfO
204839,GB_GCA_047722935.1,anfO,JBDNZS010000006.1_16_A,1.3e-51,172.3,0.0,2,213,16776-17417,1,0,JBDNZS010000006.1,16,1,anfO,d__Bacteria;p__Bacillota;c__Clostridia;o__Oscillospirales;f__Ethanoligenentaceae;g__Ethanoligenens;s__Ethanoligenens sp047722935,,anfO
204840,GB_GCA_047777345.1,anfO,JBKEEJ010000009.1_24_A,6.5e-08,29.5,0.0,13,119,23012-23371,1,0,JBKEEJ010000009.1,24,1,anfO,d__Bacteria;p__Bacillota;c__Clostridia;o__Lachnospirales;f__Lachnospiraceae;g__Anaerocolumna;s__Anaerocolumna sp047777345,,anfO
204841,GB_GCA_047974325.1,anfO,JBKECE010000070.1_6_A,4.2e-67,223.0,0.1,0,213,4010-4651,1,0,JBKECE010000070.1,6,1,anfO,d__Bacteria;p__Bacteroidota;c__Bacteroidia;o__Bacteroidales;f__Dysgonomonadaceae;g__QVMP01;s__QVMP01 sp047974325,,anfO
204842,GB_GCA_047974745.1,anfO,JBKECO010000021.1_154_A,7.5e-37,124.0,0.0,1,204,167172-167789,1,0,JBKECO010000021.1,154,1,anfO,d__Bacteria;p__Bacillota;c__Clostridia;o__Lachnospirales;f__Lachnospiraceae;g__JBKECO01;s__JBKECO01 sp047974745,,anfO
204843,GB_GCA_047975025.1,anfO,JBKECY010000035.1_33_A,7.2e-05,19.4,0.0,27,111,32109-32459,1,0,JBKECY010000035.1,33,1,nifB,d__Bacteria;p__Bacillota;c__Clostridia;o__Lachnospirales;f__Lachnospiraceae;g__JBKECY01;s__JBKECY01 sp047975025,,anfO
204844,GB_GCA_047975025.1,anfO,JBKECY010000069.1_42_A,9.8e-70,231.4,0.3,0,202,45873-46481,-1,0,JBKECY010000069.1,42,1,anfO,d__Bacteria;p__Bacillota;c__Clostridia;o__Lachnospirales;f__Lachnospiraceae;g__JBKECY01;s__JBKECY01 sp047975025,,anfO
204845,GB_GCA_049302075.1,anfO,JBAQLS010000042.1_24_A,1.7e-60,201.2,0.0,2,212,30926-31603,-1,0,JBAQLS010000042.1,24,1,anfO,d__Bacteria;p__Bacillota;c__GCA-003054495;o__Carboxydocellales;f__JAJZTU01;g__JBAQLS01;s__JBAQLS01 sp049302075,,anfO
204846,GB_GCA_049323755.1,anfO,JBMOPE010000007.1_22_A,1.3e-52,176.0,0.0,2,208,20384-21010,1,0,JBMOPE010000007.1,22,1,anfO,d__Bacteria;p__Bacillota;c__Desulfotomaculia;o__Desulfotomaculales;f__Desulfocucumaceae;g__BRHc4a;s__BRHc4a sp049323755,,anfO
204847,GB_GCA_049323915.1,anfO,JBMOPC010000114.1_38_A,1.5999999999999999e-55,185.3,0.0,2,206,38262-38882,-1,0,JBMOPC010000114.1,38,1,anfO,d__Bacteria;p__Bacillota;c__Desulfotomaculia;o__Desulfotomaculales;f__Desulfocucumaceae;g__BRHc4a;s__BRHc4a sp049323915,,anfO
204848,GB_GCA_049324975.1,anfO,JBMOPI010000013.1_10_A,4.1e-63,209.8,0.0,2,210,7602-8237,-1,0,JBMOPI010000013.1,10,1,anfO,d__Bacteria;p__Bacillota;c__Thermincolia;o__Thermincolales;f__CAZWUW01;g__JBMOPI01;s__JBMOPI01 sp049324975,,anfO
204849,GB_GCA_049325055.1,anfO,JBMOPB010000111.1_22_A,6.9e-58,192.9,0.0,2,206,25460-26080,-1,0,JBMOPB010000111.1,22,1,anfO,d__Bacteria;p__Bacillota;c__Desulfotomaculia;o__Desulfotomaculales;f__Desulfocucumaceae;g__BRHc4a;s__BRHc4a sp049325055,,anfO
204850,GB_GCA_049325075.1,anfO,JBMOPF010000098.1_11_A,1.8e-54,181.4,0.0,2,207,10498-11136,1,0,JBMOPF010000098.1,11,1,anfO,d__Bacteria;p__Bacillota;c__Desulfotomaculia;o__Desulfotomaculales;f__Desulfocucumaceae;g__BRHc4a;s__BRHc4a sp049325075,,anfO
204851,GB_GCA_049366715.1,anfO,JBMNCQ010000068.1_8_A,4.0999999999999996e-53,177.6,0.2,2,208,6599-7225,-1,0,JBMNCQ010000068.1,8,1,anfO,d__Bacteria;p__Bacillota;c__Peptococcia;o__Peptococcales;f__BICA1-8;g__JBMNCQ01;s__JBMNCQ01 sp049366715,,anfO
204852,GB_GCA_049508975.1,anfO,JBELAI010000043.1_19_A,1.4e-05,22.9,0.0,2,108,25924-26256,-1,0,JBELAI010000043.1,19,1,nifB,d__Bacteria;p__Acidobacteriota;c__Terriglobia;o__Terriglobales;f__Acidobacteriaceae;g__Telmatobacter;s__Telmatobacter sp049508975,,anfO
204853,GB_GCA_049513815.1,anfO,JBEKVR010000163.1_9_A,2.1e-05,22.0,0.0,10,123,7093-7470,1,0,JBEKVR010000163.1,9,1,nifB,d__Bacteria;p__Pseudomonadota;c__Alphaproteobacteria;o__Rhizobiales;f__Beijerinckiaceae;g__Roseiarcus;s__Roseiarcus sp049513815,,anfO
204854,GB_GCA_049840475.1,anfO,JASGKX010000001.1_1994_A,1.9e-55,185.3,0.0,0,221,2091117-2091899,-1,0,JASGKX010000001.1,1994,1,anfO,d__Bacteria;p__Pseudomonadota;c__Gammaproteobacteria;o__Burkholderiales;f__Rhodocyclaceae;g__JBGVSA01;s__JBGVSA01 sp049840475,,anfO
204855,GB_GCA_049840955.1,anfO,JASGIX010000034.1_79_B,6.3e-05,21.3,0.0,273,377,90889-92085,1,0,JASGIX010000034.1,79,1,nifB,d__Bacteria;p__Myxococcota_A;c__Polyangia;o__Polyangiales;f__Polyangiaceae;g__FEN-1139;s__FEN-1139 sp049840955,,anfO
204856,GB_GCA_049841175.1,anfO,JASGHA010000005.1_13_A,2.1999999999999997e-47,159.2,0.0,0,220,13192-13971,1,0,JASGHA010000005.1,13,1,anfO,d__Bacteria;p__Pseudomonadota;c__Gammaproteobacteria;o__Burkholderiales;f__Burkholderiaceae_C;g__Rubrivivax;s__Rubrivivax sp049841175,,anfO
204857,GB_GCA_050031985.1,anfO,JBNAIG010000019.1_99_B,8e-06,23.0,0.0,311,411,104388-105653,-1,0,JBNAIG010000019.1,99,1,nifB,d__Bacteria;p__Spirochaetota;c__Spirochaetia;o__DSM-2461;f__DSM-2461;g__SZUA-368;s__SZUA-368 sp028533045,,anfO
204858,GB_GCA_050049665.1,anfO,JASFVU010000112.1_1_A,2.4e-05,21.1,0.0,0,104,55-369,1,0,JASFVU010000112.1,1,1,nifB,d__Bacteria;p__Bacteroidota;c__Bacteroidia;o__Bacteroidales;f__UBA10428;g__UBA10428;s__UBA10428 sp050049665,,anfO
204859,GB_GCA_050049665.1,anfO,JASFVU010000112.1_2_A,5.8e-05,19.8,0.0,0,114,403-747,1,0,JASFVU010000112.1,2,1,nifB,d__Bacteria;p__Bacteroidota;c__Bacteroidia;o__Bacteroidales;f__UBA10428;g__UBA10428;s__UBA10428 sp050049665,,anfO
204860,GB_GCA_050251415.1,anfO,JBFWMT010000052.1_15_A,1.2e-35,119.8,0.1,0,211,15505-16140,1,0,JBFWMT010000052.1,15,1,anfO,d__Bacteria;p__Bacillota;c__Clostridia;o__Lachnospirales;f__Anaerotignaceae;g__UBA8514;s__UBA8514 sp050251415,,anfO
204861,GB_GCA_050251875.1,anfO,JBFWMA010000009.1_30_A,3.0999999999999997e-53,177.3,0.0,0,207,34657-35346,-1,0,JBFWMA010000009.1,30,1,anfO,d__Bacteria;p__Chrysiogenota;c__Deferribacteres;o__Deferribacterales;f__Geovibrionaceae;g__Seleniivibrio;s__Seleniivibrio sp050251875,,anfO
204862,GB_GCA_050251945.1,anfO,JBFWLW010000004.1_209_A,2.9e-66,220.1,0.0,0,206,203682-204383,-1,0,JBFWLW010000004.1,209,1,anfO,d__Bacteria;p__Chrysiogenota;c__Deferribacteres;o__Deferribacterales;f__Geovibrionaceae;g__Seleniivibrio;s__Seleniivibrio sp050251945,,anfO
204863,GB_GCA_050252135.1,anfO,JBFWLN010000005.1_54_A,8.9e-60,199.4,0.0,0,241,77689-78414,1,0,JBFWLN010000005.1,54,1,anfO,d__Bacteria;p__Desulfobacterota;c__Desulfobulbia;o__Desulfobulbales;f__Desulfobulbaceae;g__Desulfobulbus;s__Desulfobulbus sp050252135,,anfO
204864,GB_GCA_050253535.1,anfO,JBFWIW010000039.1_10_A,5.5e-37,124.4,0.0,21,223,10867-11541,1,0,JBFWIW010000039.1,10,1,anfO,d__Bacteria;p__Bacillota;c__Clostridia;o__Oscillospirales;f__Oscillospiraceae;g__JBFWIW01;s__JBFWIW01 sp050253535,,anfO
204865,GB_GCA_050263495.1,anfO,JBLNFG010000686.1_2_B,1.2e-05,23.3,0.0,307,400,2158-3411,1,0,JBLNFG010000686.1,2,1,nifB,d__Bacteria;p__Myxococcota_A;c__Polyangia;o__Polyangiales;f__Polyangiaceae;g__FEN-1139;s__FEN-1139 sp050263495,,anfO
204866,GB_GCA_050288525.1,anfO,JBNKDZ010000641.1_8_B,1.8e-05,21.9,0.0,300,409,7120-8385,1,0,JBNKDZ010000641.1,8,1,nifB,d__Bacteria;p__Bacteroidota;c__Bacteroidia;o__Cytophagales;f__Cyclobacteriaceae;g__JBNKDZ01;s__JBNKDZ01 sp050288525,,anfO
204867,GB_GCA_051305875.1,anfO,JBPPMD010000011.1_5_A,8.8e-05,19.3,0.0,0,112,3953-4345,1,0,JBPPMD010000011.1,5,1,nifB,d__Bacteria;p__Desulfobacterota;c__Desulfuromonadia;o__Desulfuromonadales;f__BM103;g__M0040;s__M0040 sp051305875,,anfO
204868,GB_GCA_051874315.1,anfO,JBJEFT010000086.1_2_A,3.8e-07,26.7,0.0,1,109,1093-1425,-1,0,JBJEFT010000086.1,2,1,nifB,d__Bacteria;p__Bacillota;c__Clostridia;o__UBA1381;f__UBA1381;g__Ornithomonoglobus;s__Ornithomonoglobus sp051874315,,anfO
204869,GB_GCA_051879955.1,anfO,JBJENA010000080.1_17_A,1.6e-05,21.0,0.0,6,117,17998-18357,1,0,JBJENA010000080.1,17,1,nifB,d__Bacteria;p__Bacillota;c__Clostridia;o__Lachnospirales;f__Lachnospiraceae;g__Coprococcus_C;s__Coprococcus_C sp051879955,,anfO
204870,GB_GCA_052139735.1,anfO,JBKQWB010000064.1_73_A,7.300000000000001e-65,215.8,0.0,0,239,78179-78898,-1,0,JBKQWB010000064.1,73,1,anfO,d__Bacteria;p__Desulfobacterota;c__Syntrophia;o__Syntrophales;f__Smithellaceae;g__Smithella;s__Smithella sp052139735,,anfO
204871,GB_GCA_052146555.1,anfO,JBKQMU010000042.1_8_A,1.7e-57,192.4,0.0,0,245,5937-6698,-1,0,JBKQMU010000042.1,8,1,anfO,d__Bacteria;p__Planctomycetota;c__Planctomycetia;o__Isosphaerales;f__Isosphaeraceae;g__Aquisphaera;s__Aquisphaera sp052146555,,anfO
204872,GB_GCA_052445935.1,anfO,JBQTCH010000003.1_470_A,1.1e-60,202.5,0.0,0,238,533129-533848,1,0,JBQTCH010000003.1,470,1,anfO,d__Bacteria;p__Pseudomonadota;c__Alphaproteobacteria;o__Rhizobiales;f__Xanthobacteraceae;g__Rhodopseudomonas;s__Rhodopseudomonas sp052445935,,anfO
204873,GB_GCA_900108205.1,anfO,FNUU01000004.1_132_B,5.4e-05,19.9,0.0,110,181,180921-181466,-1,0,FNUU01000004.1,132,1,anfO,d__Bacteria;p__Bacillota;c__Clostridia;o__Lachnospirales;f__Lachnospiraceae;g__Eubacterium_Q;s__Eubacterium_Q ruminantium_A,,anfO
204874,GB_GCA_900315285.1,anfO,OMYO01000017.1_31_A,2.5e-05,20.4,0.0,5,117,33467-33832,-1,0,OMYO01000017.1,31,1,nifB,d__Bacteria;p__Bacillota;c__Clostridia;o__Oscillospirales;f__Acutalibacteraceae;g__RUG420;s__RUG420 sp900315285,,anfO
204875,GB_GCA_900316715.1,anfO,ONEC01000059.1_7_A,2.2e-06,24.3,0.0,7,117,6431-6802,1,0,ONEC01000059.1,7,1,nifB,d__Bacteria;p__Bacillota;c__Clostridia;o__Lachnospirales;f__Lachnospiraceae;g__Eubacterium_Q;s__Eubacterium_Q sp900316715,,anfO
204876,GB_GCA_900317035.1,anfO,ONFC01000088.1_6_A,4.1e-05,20.1,0.0,6,116,4949-5305,-1,0,ONFC01000088.1,6,1,nifB,d__Bacteria;p__Bacillota;c__Clostridia;o__Saccharofermentanales;f__Saccharofermentanaceae;g__Scatonaster;s__Scatonaster sp900317035,,anfO
204877,GB_GCA_900321215.1,anfO,ONVE01000082.1_3_A,3.3e-06,23.3,0.0,106,174,2490-3014,1,0,ONVE01000082.1,3,1,anfO,d__Bacteria;p__Bacillota;c__Clostridia;o__Lachnospirales;f__Lachnospiraceae;g__Eubacterium_Q;s__Eubacterium_Q sp900321215,,anfO
204878,GB_GCA_900542835.1,anfO,UQPB01000008.1_15_A,2.8e-50,168.1,0.0,2,208,12427-13059,-1,0,UQPB01000008.1,15,1,anfO,d__Bacteria;p__Bacillota;c__Negativicutes;o__Sporomusales;f__Acetonemataceae;g__Anaerosporomusa;s__Anaerosporomusa sp900542835,,anfO
204879,GB_GCA_900543345.1,anfO,UQRJ01000120.1_3_A,1.5e-35,119.8,0.0,1,201,3905-4510,-1,0,UQRJ01000120.1,3,1,anfO,d__Bacteria;p__Bacillota;c__Bacilli;o__Bacillales;f__Sporolactobacillaceae;g__Sporolactobacillus;s__Sporolactobacillus sp900543345,,anfO
204880,GB_GCA_900550105.1,anfO,URQW01000020.1_22_A,2e-52,175.2,0.0,2,209,24418-25047,1,0,URQW01000020.1,22,1,anfO,d__Bacteria;p__Bacillota;c__Negativicutes;o__UMGS1260;f__UMGS1260;g__UMGS1260;s__UMGS1260 sp900550105,,anfO
204881,GB_GCA_902766335.1,anfO,CACXDI010000148.1_24_A,9.4e-05,18.8,0.0,1,108,25920-26252,-1,0,CACXDI010000148.1,24,1,nifB,d__Bacteria;p__Bacillota;c__Clostridia;o__Oscillospirales;f__Ruminococcaceae;g__YE71;s__YE71 sp902766335,,anfO
204882,GB_GCA_902776945.1,anfO,CACYSH010000001.1_51_A,5.8e-05,20.1,0.0,1,109,60958-61290,-1,0,CACYSH010000001.1,51,1,nifB,d__Bacteria;p__Bacillota;c__Clostridia;o__Oscillospirales;f__Ruminococcaceae;g__YE71;s__YE71 sp902776945,,anfO
204883,GB_GCA_902780505.1,anfO,CACZFN010000023.1_4_A,1.1e-05,22.0,0.0,1,109,5340-5675,-1,0,CACZFN010000023.1,4,1,nifB,d__Bacteria;p__Bacillota;c__Clostridia;o__Oscillospirales;f__Ruminococcaceae;g__NK3A76;s__NK3A76 sp902780505,,anfO
204884,GB_GCA_902781565.1,anfO,CACZJT010000011.1_23_A,2.8e-05,20.7,0.0,0,109,25000-25332,1,0,CACZJT010000011.1,23,1,nifB,d__Bacteria;p__Bacillota;c__Clostridia;o__Oscillospirales;f__Ruminococcaceae;g__YE71;s__YE71 sp902781565,,anfO
204885,GB_GCA_902782665.1,anfO,CACZOA010000061.1_10_A,1.2e-05,21.9,0.0,9,120,8612-8983,-1,0,CACZOA010000061.1,10,1,nifB,d__Bacteria;p__Bacteroidota;c__Bacteroidia;o__Bacteroidales;f__Paludibacteraceae;g__UBA1723;s__UBA1723 sp902782665,,anfO
204886,GB_GCA_902782695.1,anfO,CACZOE010000097.1_1_A,5.8e-06,22.7,0.0,31,120,268-630,1,0,CACZOE010000097.1,1,1,anfO,d__Bacteria;p__Bacillota;c__Clostridia;o__Lachnospirales;f__Lachnospiraceae;g__Eubacterium_Q;s__Eubacterium_Q sp902782695,,anfO
204887,GB_GCA_902786975.1,anfO,CADAES010000025.1_20_A,8.3e-05,18.9,0.0,1,108,23419-23751,-1,0,CADAES010000025.1,20,1,nifB,d__Bacteria;p__Bacillota;c__Clostridia;o__Oscillospirales;f__Ruminococcaceae;g__Hominimerdicola;s__Hominimerdicola sp902786975,,anfO
204888,GB_GCA_902787365.1,anfO,CADAGC010000127.1_4_A,5.1e-06,23.2,0.0,2,109,2987-3319,1,0,CADAGC010000127.1,4,1,nifB,d__Bacteria;p__Bacillota;c__Clostridia;o__Oscillospirales;f__Ruminococcaceae;g__NK3A76;s__NK3A76 sp902787365,,anfO
204889,GB_GCA_902797535.1,anfO,CADBTD010000242.1_8_A,4.5e-05,20.1,0.0,2,109,7321-7653,1,0,CADBTD010000242.1,8,1,nifB,d__Bacteria;p__Bacillota;c__Clostridia;o__Oscillospirales;f__Ruminococcaceae;g__YE71;s__YE71 sp902797535,,anfO
204890,GB_GCA_902799665.1,anfO,CADCBK010000019.1_46_A,1.3e-05,21.7,0.0,3,118,48060-48434,-1,0,CADCBK010000019.1,46,1,nifB,d__Bacteria;p__Spirochaetota;c__Spirochaetia;o__Treponematales;f__Treponemataceae;g__Treponema_D;s__Treponema_D sp902799665,,anfO
204891,GB_GCA_902800795.1,anfO,CADCFQ010000017.1_17_A,6.3e-05,19.3,0.0,1,109,15612-15944,1,0,CADCFQ010000017.1,17,1,nifB,d__Bacteria;p__Bacillota;c__Clostridia;o__Oscillospirales;f__Ruminococcaceae;g__Hominimerdicola;s__Hominimerdicola sp902800795,,anfO
204892,GB_GCA_903851385.1,anfO,CAINOC010000046.1_4_A,2.6e-65,217.0,0.0,0,207,2207-2830,1,0,CAINOC010000046.1,4,2,anfO,d__Bacteria;p__Bacteroidota;c__Chlorobiia;o__Chlorobiales;f__Chlorobiaceae;g__Chlorobium;s__Chlorobium sp903851385,,anfO
204893,GB_GCA_903902345.1,anfO,CAIUUR010000323.1_7_A,1.2e-05,22.7,0.0,0,108,6060-6389,1,0,CAIUUR010000323.1,7,1,nifB,d__Bacteria;p__Desulfobacterota;c__Desulfuromonadia;o__Geobacterales;f__CAIOGM01;g__CAIOGM01;s__CAIOGM01 sp903902345,,anfO
204894,GB_GCA_903902855.1,anfO,CAIUWK010000045.1_18_A,4.5e-06,23.6,0.0,0,108,17189-17518,1,0,CAIUWK010000045.1,18,1,nifB,d__Bacteria;p__Desulfobacterota;c__Desulfuromonadia;o__Geobacterales;f__CAIOGM01;g__CAIOGM01;s__CAIOGM01 sp903902855,,anfO
204895,GB_GCA_903929485.1,anfO,CAIYUY010000173.1_37_A,4.6e-06,24.2,0.0,0,108,31153-31482,-1,0,CAIYUY010000173.1,37,1,nifB,d__Bacteria;p__Desulfobacterota;c__Desulfuromonadia;o__Geobacterales;f__CAIOGM01;g__CAIOGM01;s__CAIOGM01 sp903929485,,anfO
204896,GB_GCA_905235345.1,anfO,CAJOLO010000024.1_6_A,8.7e-05,18.8,0.0,4,125,4698-5078,-1,0,CAJOLO010000024.1,6,1,nifB,d__Bacteria;p__Bacillota;c__Clostridia;o__Lachnospirales;f__Lachnospiraceae;g__CAG-590;s__CAG-590 sp905235345,,anfO
204897,GB_GCA_905235455.1,anfO,CAJOLL010000010.1_16_A,3.8e-06,23.1,0.0,5,116,18598-18954,-1,0,CAJOLL010000010.1,16,1,nifB,d__Bacteria;p__Bacillota;c__Clostridia;o__Saccharofermentanales;f__Saccharofermentanaceae;g__Scatonaster;s__Scatonaster sp905235455,,anfO
204898,GB_GCA_905235955.1,anfO,CAJONN010000043.1_8_A,5.8e-07,25.7,0.0,7,115,6552-6908,1,0,CAJONN010000043.1,8,1,anfO,d__Bacteria;p__Bacteroidota;c__Bacteroidia;o__Bacteroidales;f__Marinilabiliaceae;g__W3P20-009;s__W3P20-009 sp905235955,,anfO
204899,GB_GCA_905235955.1,anfO,CAJONN010000043.1_10_B,2.1e-06,23.9,0.0,72,141,7787-8212,1,0,CAJONN010000043.1,10,1,anfO,d__Bacteria;p__Bacteroidota;c__Bacteroidia;o__Bacteroidales;f__Marinilabiliaceae;g__W3P20-009;s__W3P20-009 sp905235955,,anfO
204900,GB_GCA_919903585.1,anfO,CAKKST010000393.1_5_A,1.9e-05,21.3,0.0,0,117,2156-2548,-1,0,CAKKST010000393.1,5,1,nifB,d__Bacteria;p__Nitrospirota;c__CAKKRA01;o__9FT-COMBO-42-15;f__9FT-COMBO-42-15;g__JACPZJ01;s__JACPZJ01 sp919903585,,anfO
204901,GB_GCA_937860145.1,anfO,CALMBF010000011.1_15_A,4.6e-06,23.7,0.0,0,108,24434-24763,-1,0,CALMBF010000011.1,15,1,nifB,d__Bacteria;p__Desulfobacterota;c__Desulfuromonadia;o__Geobacterales;f__DSM-12255;g__CALMBF01;s__CALMBF01 sp937860145,,anfO
204902,GB_GCA_937868725.1,anfO,CALMMQ010000017.1_4_A,1.7e-59,198.3,0.0,0,226,2496-3176,-1,0,CALMMQ010000017.1,4,1,anfO,d__Bacteria;p__Pseudomonadota;c__Alphaproteobacteria;o__Rhizobiales;f__Pleomorphomonadaceae;g__Pleomorphomonas;s__Pleomorphomonas sp937868725,,anfO
204903,GB_GCA_937876625.1,anfO,CALEGN010000204.1_11_A,8.2e-63,208.7,0.1,0,233,9090-9803,1,0,CALEGN010000204.1,11,1,anfO,d__Bacteria;p__Pseudomonadota;c__Gammaproteobacteria;o__Pseudomonadales;f__Pseudomonadaceae;g__Azomonas;s__Azomonas sp002417905,,anfO
204904,GB_GCA_937885475.1,anfO,CAKZZR010000124.1_9_A,4.1e-05,19.9,0.0,8,117,8250-8621,-1,0,CAKZZR010000124.1,9,1,nifB,d__Bacteria;p__Spirochaetota;c__Spirochaetia;o__Treponematales;f__Treponemataceae;g__Treponema_D;s__Treponema_D sp937885475,,anfO
204905,GB_GCA_937894905.1,anfO,CALAWD010000093.1_10_A,1.3e-05,21.9,0.0,8,117,9093-9455,-1,0,CALAWD010000093.1,10,1,nifB,d__Bacteria;p__Bacillota;c__Clostridia;o__Lachnospirales;f__Lachnospiraceae;g__Coprococcus;s__Coprococcus sp002437435,,anfO
204906,GB_GCA_937900485.1,anfO,CALCEL010000102.1_50_A,1.1e-05,21.8,0.0,9,121,55819-56193,1,0,CALCEL010000102.1,50,1,nifB,d__Bacteria;p__Bacteroidota;c__Bacteroidia;o__Bacteroidales;f__Bacteroidaceae;g__Minthosoma;s__Minthosoma sp937900485,,anfO
204907,GB_GCA_945948775.1,anfO,CAMFCK010000147.1_4_A,1.1e-05,21.2,0.0,1,111,2939-3274,-1,0,CAMFCK010000147.1,4,1,nifB,d__Bacteria;p__Bacillota;c__Clostridia;o__UBA1381;f__UBA1381;g__HGM11525;s__HGM11525 sp945948775,,anfO
204908,GB_GCA_945957385.1,anfO,CAMFKP010000030.1_30_A,4.1e-40,135.0,0.0,0,230,31498-32193,1,0,CAMFKP010000030.1,30,1,anfO,d__Bacteria;p__Pseudomonadota;c__Gammaproteobacteria;o__Enterobacterales;f__Aeromonadaceae;g__Pseudaeromonas;s__Pseudaeromonas sp945957385,,anfO
204909,GB_GCA_946405045.1,anfO,CAMJFV010000375.1_4_A,1.1e-05,21.9,0.0,9,120,1870-2241,-1,0,CAMJFV010000375.1,4,1,nifB,d__Bacteria;p__Bacteroidota;c__Bacteroidia;o__Bacteroidales;f__Paludibacteraceae;g__UBA1723;s__UBA1723 sp946405045,,anfO
204910,GB_GCA_946405625.1,anfO,CAMJHQ010000006.1_24_A,1e-05,22.3,0.0,38,119,24215-24574,-1,0,CAMJHQ010000006.1,24,1,anfO,d__Bacteria;p__Bacillota;c__Clostridia;o__Lachnospirales;f__Lachnospiraceae;g__Eubacterium_Q;s__Eubacterium_Q sp946405625,,anfO
204911,GB_GCA_946407015.1,anfO,CAMJML010000009.1_96_A,3.4e-24,83.1,0.0,2,128,85253-85651,-1,0,CAMJML010000009.1,96,1,anfO,d__Bacteria;p__Bacillota;c__Negativicutes;o__DSM-1736;f__Dendrosporobacteraceae;g__CAMJML01;s__CAMJML01 sp946407015,,anfO
204912,GB_GCA_946407015.1,anfO,CAMJML010000009.1_102_A,1e-51,173.0,0.0,1,205,90412-91029,-1,0,CAMJML010000009.1,102,1,anfO,d__Bacteria;p__Bacillota;c__Negativicutes;o__DSM-1736;f__Dendrosporobacteraceae;g__CAMJML01;s__CAMJML01 sp946407015,,anfO
204913,GB_GCA_946407015.1,anfO,CAMJML010000010.1_86_A,5.9999999999999996e-55,183.5,0.1,2,207,95114-95737,1,0,CAMJML010000010.1,86,1,anfO,d__Bacteria;p__Bacillota;c__Negativicutes;o__DSM-1736;f__Dendrosporobacteraceae;g__CAMJML01;s__CAMJML01 sp946407015,,anfO
204914,GB_GCA_946409405.1,anfO,CAMJWL010000117.1_7_A,1.8e-07,28.1,0.0,10,119,5505-5873,-1,0,CAMJWL010000117.1,7,1,nifB,d__Bacteria;p__Bacteroidota;c__Bacteroidia;o__Bacteroidales;f__UBA3824;g__UBA3824;s__UBA3824 sp946409405,,anfO
204915,GB_GCA_946409405.1,anfO,CAMJWL010000263.1_2_A,6.7e-06,23.0,0.1,12,122,1546-1920,-1,0,CAMJWL010000263.1,2,1,nifB,d__Bacteria;p__Bacteroidota;c__Bacteroidia;o__Bacteroidales;f__UBA3824;g__UBA3824;s__UBA3824 sp946409405,,anfO
204916,GB_GCA_946409475.1,anfO,CAMJWQ010000008.1_13_A,1.6e-34,116.6,0.1,2,208,10873-11523,-1,0,CAMJWQ010000008.1,13,1,anfO,d__Bacteria;p__Bacillota;c__Clostridia;o__Lachnospirales;f__Lachnospiraceae;g__CAMJWQ01;s__CAMJWQ01 sp946409475,,anfO
204917,GB_GCA_946415545.1,anfO,CAMKSY010000014.1_12_A,2.9999999999999995e-54,181.2,0.0,2,208,11025-11654,1,0,CAMKSY010000014.1,12,1,anfO,d__Bacteria;p__Bacillota;c__Negativicutes;o__DSM-13327;f__DSM-13327;g__Pelosinus;s__Pelosinus sp946415545,,anfO
204918,GB_GCA_946536145.1,anfO,CAMNEA010000042.1_15_A,4.6e-06,23.2,0.0,2,120,15881-16246,-1,0,CAMNEA010000042.1,15,1,nifB,d__Bacteria;p__Bacillota;c__Clostridia;o__Lachnospirales;f__Lachnospiraceae;g__Butyrivibrio;s__Butyrivibrio sp946536145,,anfO
204919,GB_GCA_946544235.1,anfO,CAMNMC010000112.1_29_B,4.6e-05,19.8,0.0,121,191,32764-33339,1,0,CAMNMC010000112.1,29,1,anfO,d__Bacteria;p__Bacillota;c__Clostridia;o__Lachnospirales;f__Lachnospiraceae;g__Eubacterium_Q;s__Eubacterium_Q sp946544235,,anfO
204920,GB_GCA_947085825.1,anfO,CAMTXX010000005.1_24_A,6.3e-05,19.3,0.0,0,129,17980-18378,-1,0,CAMTXX010000005.1,24,1,nifB,d__Bacteria;p__Nitrospirota;c__Thermodesulfovibrionia;o__Thermodesulfovibrionales;f__UBA6898;g__JAOUFP01;s__JAOUFP01 sp947085825,,anfO
204921,GB_GCA_947165785.1,anfO,CAMVBS010000024.1_14_A,8e-05,19.0,0.0,8,116,14666-15022,-1,0,CAMVBS010000024.1,14,1,nifB,d__Bacteria;p__Bacillota;c__Clostridia;o__Saccharofermentanales;f__Saccharofermentanaceae;g__Saccharofermentans;s__Saccharofermentans sp947165785,,anfO
204922,GB_GCA_947165895.1,anfO,CAMVCB010000002.1_41_A,4.6e-07,26.5,0.0,11,121,40240-40617,-1,0,CAMVCB010000002.1,41,1,nifB,d__Bacteria;p__Spirochaetota;c__Spirochaetia;o__Treponematales;f__Treponemataceae;g__Treponema_D;s__Treponema_D sp947165895,,anfO
204923,GB_GCA_947167535.1,anfO,CAMVIL010000005.1_14_A,2.4e-05,20.3,0.0,1,109,16601-16933,-1,0,CAMVIL010000005.1,14,1,nifB,d__Bacteria;p__Bacillota;c__Clostridia;o__Oscillospirales;f__Ruminococcaceae;g__YE71;s__YE71 sp947167535,,anfO
204924,GB_GCA_947167565.1,anfO,CAMVIN010000005.1_32_A,1.6e-07,28.2,0.0,2,109,32473-32802,1,0,CAMVIN010000005.1,32,1,nifB,d__Bacteria;p__Bacillota;c__Clostridia;o__Lachnospirales;f__Lachnospiraceae;g__Eubacterium_F;s__Eubacterium_F sp947167565,,anfO
204925,GB_GCA_947168365.1,anfO,CAMVLO010000020.1_44_A,1.1e-05,22.4,0.1,7,117,52922-53281,-1,0,CAMVLO010000020.1,44,1,nifB,d__Bacteria;p__Bacteroidota;c__Bacteroidia;o__Bacteroidales;f__UBA3824;g__UBA3824;s__UBA3824 sp017541145,,anfO
204926,GB_GCA_947169885.1,anfO,CAMVRM010000019.1_27_A,1.6e-06,24.8,0.0,1,108,44247-44573,1,0,CAMVRM010000019.1,27,1,nifB,d__Bacteria;p__Bacillota;c__Clostridia;o__Oscillospirales;f__Ruminococcaceae;g__YE71;s__YE71 sp947169885,,anfO
204927,GB_GCA_947307175.1,anfO,CAMZIK010000001.1_32_A,9.2e-05,19.4,0.0,2,109,38390-38722,1,0,CAMZIK010000001.1,32,1,nifB,d__Bacteria;p__Bacillota;c__Clostridia;o__Oscillospirales;f__Ruminococcaceae;g__Hominimerdicola;s__Hominimerdicola sp947307175,,anfO
204928,GB_GCA_947307175.1,anfO,CAMZIK010000142.1_5_A,4.1e-05,20.5,0.0,1,108,4155-4487,1,0,CAMZIK010000142.1,5,1,nifB,d__Bacteria;p__Bacillota;c__Clostridia;o__Oscillospirales;f__Ruminococcaceae;g__Hominimerdicola;s__Hominimerdicola sp947307175,,anfO
204929,GB_GCA_947585795.1,anfO,CANPXG010000011.1_3_A,4.8e-05,19.7,0.0,2,108,2572-2904,1,0,CANPXG010000011.1,3,1,nifB,d__Bacteria;p__Bacillota;c__Clostridia;o__UBA1381;f__UBA1381;g__Hominilimicola;s__Hominilimicola sp947585795,,anfO
204930,GB_GCA_947624485.1,anfO,CANQKM010000003.1_56_A,2.7e-05,20.5,0.0,2,109,67867-68199,-1,0,CANQKM010000003.1,56,1,nifB,d__Bacteria;p__Bacillota;c__Clostridia;o__UBA1381;f__UBA1381;g__Hominilimicola;s__Hominilimicola sp947624485,,anfO
204931,GB_GCA_947628795.1,anfO,CANRBF010000008.1_102_A,9.8e-05,18.4,0.0,0,113,124121-124462,-1,0,CANRBF010000008.1,102,1,nifB,d__Bacteria;p__Bacillota;c__Clostridia;o__Monoglobales;f__Monoglobaceae;g__Monoglobus;s__Monoglobus sp947628795,,anfO
204932,GB_GCA_947628795.1,anfO,CANRBF010000008.1_106_A,1.1e-05,21.6,0.0,1,108,127943-128275,1,0,CANRBF010000008.1,106,2,nifB,d__Bacteria;p__Bacillota;c__Clostridia;o__Monoglobales;f__Monoglobaceae;g__Monoglobus;s__Monoglobus sp947628795,,anfO
204933,GB_GCA_947630925.1,anfO,CANRJM010000026.1_14_A,1.8e-06,24.3,0.0,16,126,12705-13091,-1,0,CANRJM010000026.1,14,1,nifB,d__Bacteria;p__Bacillota;c__Clostridia;o__Lachnospirales;f__Lachnospiraceae;g__Butyribacter;s__Butyribacter sp947630925,,anfO
204934,GB_GCA_963517115.1,anfO,CAUQEW010000020.1_36_A,1.3999999999999998e-41,140.2,0.0,1,209,31856-32485,-1,0,CAUQEW010000020.1,36,1,anfO,d__Bacteria;p__Bacillota;c__Clostridia;o__Lachnospirales;f__Lachnospiraceae;g__Anaerocolumna;s__Anaerocolumna sp963517115,,anfO
204935,GB_GCA_963519465.1,anfO,CAUQMY010000008.1_199_A,4.3e-37,125.5,0.2,1,203,206641-207252,-1,0,CAUQMY010000008.1,199,1,anfO,d__Bacteria;p__Bacillota;c__Clostridia;o__Lachnospirales;f__Lachnospiraceae;g__Lacrimispora;s__Lacrimispora sp963519465,,anfO
204936,GB_GCA_963523055.1,anfO,CAURBV010000013.1_70_A,4e-38,128.9,0.1,0,203,76316-76927,1,0,CAURBV010000013.1,70,1,anfO,d__Bacteria;p__Bacillota;c__Clostridia;o__Lachnospirales;f__Lachnospiraceae;g__Lacrimispora;s__Lacrimispora sp963523055,,anfO
204937,GB_GCA_963523075.1,anfO,CAURBW010000014.1_81_A,8.4e-38,127.9,0.1,0,203,93708-94319,1,0,CAURBW010000014.1,81,1,anfO,d__Bacteria;p__Bacillota;c__Clostridia;o__Lachnospirales;f__Lachnospiraceae;g__Lacrimispora;s__Lacrimispora sp963523075,,anfO
204938,GB_GCA_963526485.1,anfO,CAURNS010000004.1_16_A,1.1999999999999998e-53,179.5,0.0,2,212,14708-15346,1,0,CAURNS010000004.1,16,1,anfO,d__Bacteria;p__Bacillota;c__Negativicutes;o__DSM-13327;f__DSM-13327;g__Pelosinus;s__Pelosinus sp963526485,,anfO
204939,GB_GCA_963526645.1,anfO,CAUROG010000029.1_10_A,6.7e-54,180.1,0.0,2,209,8692-9321,-1,0,CAUROG010000029.1,10,1,anfO,d__Bacteria;p__Bacillota;c__Negativicutes;o__DSM-13327;f__DSM-13327;g__Pelosinus;s__Pelosinus sp963526645,,anfO
204940,GB_GCA_963528005.1,anfO,CAURSM010000004.1_28_A,7.699999999999998e-35,118.0,0.0,0,202,31636-32247,1,0,CAURSM010000004.1,28,1,anfO,d__Bacteria;p__Bacillota;c__Clostridia;o__Lachnospirales;f__Lachnospiraceae;g__Lacrimispora;s__Lacrimispora sp963528005,,anfO
204941,GB_GCA_963662365.2,anfO,CAXXPA010000021.1_19_A,2.6e-52,175.0,0.0,0,206,16667-17353,1,0,CAXXPA010000021.1,19,1,anfO,d__Bacteria;p__Bacteroidota;c__Bacteroidia;o__Bacteroidales;f__UBA7332;g__CAXXIC01;s__CAXXIC01 sp963662365,,anfO
204942,GB_GCA_963662365.2,anfO,CAXXPA010000021.1_20_A,4.2e-22,76.3,0.0,0,146,17397-17867,1,0,CAXXPA010000021.1,20,1,anfO,d__Bacteria;p__Bacteroidota;c__Bacteroidia;o__Bacteroidales;f__UBA7332;g__CAXXIC01;s__CAXXIC01 sp963662365,,anfO
204943,GB_GCA_963662595.1,anfO,OY759748.1_219_A,1.3e-63,212.1,0.0,0,202,263875-264483,1,0,OY759748.1,219,7,anfO,d__Bacteria;p__Desulfobacterota;c__Desulfobacteria;o__Desulfobacterales;f__Desulfobacteraceae;g__Desulfobacter;s__Desulfobacter sp963662595,,anfO
204944,GB_GCA_963663285.2,anfO,CAXXNI010000004.1_871_A,3e-38,128.8,0.0,3,206,1000139-1000765,1,0,CAXXNI010000004.1,871,1,anfO,d__Bacteria;p__Bacillota;c__Clostridia;o__Christensenellales;f__Aristaeellaceae;g__CAXXOK01;s__CAXXOK01 sp963663285,,anfO
204945,GB_GCA_963664135.1,anfO,OY760905.1_2641_A,8.699999999999999e-62,205.8,0.0,0,201,2941284-2941892,-1,0,OY760905.1,2641,1,anfO,d__Bacteria;p__Bacillota;c__Clostridia;o__Eubacteriales;f__Eubacteriaceae;g__Acetobacterium;s__Acetobacterium sp022013395,,anfO
204946,GB_GCA_963664135.1,anfO,OY760905.1_2737_A,2.4e-49,165.2,0.0,5,209,3059458-3060126,-1,0,OY760905.1,2737,2,anfO,d__Bacteria;p__Bacillota;c__Clostridia;o__Eubacteriales;f__Eubacteriaceae;g__Acetobacterium;s__Acetobacterium sp022013395,,anfO
204947,GB_GCA_963665275.2,anfO,CAXXIN010000018.1_74_A,6.7999999999999986e-49,163.8,0.0,2,208,87916-88545,1,0,CAXXIN010000018.1,74,1,anfO,d__Bacteria;p__Bacillota;c__Negativicutes;o__UBA1444;f__UBA1444;g__UBA1444;s__UBA1444 sp963665275,,anfO
204948,GB_GCA_963665495.1,anfO,OY762289.1_2882_A,4.2e-06,24.4,0.0,329,391,3467416-3468591,1,0,OY762289.1,2882,3,nifB,d__Bacteria;p__Desulfobacterota;c__Desulfovibrionia;o__Desulfovibrionales;f__Desulfovibrionaceae;g__G963665495;s__G963665495 sp963665495,,anfO
204949,GB_GCA_963665865.2,anfO,CAXXWF010000001.1_2260_A,5.799999999999999e-49,163.9,0.0,0,207,2385299-2385922,1,0,CAXXWF010000001.1,2260,9,anfO,d__Bacteria;p__Bacillota;c__Syntrophomonadia;o__Syntrophomonadales;f__Syntrophomonadaceae;g__PHAA01;s__PHAA01 sp963665865,,anfO
204950,GB_GCA_963666475.2,anfO,OY762821.2_737_A,1.6000000000000002e-44,149.1,0.0,0,200,758895-759500,1,0,OY762821.2,737,1,anfO,d__Bacteria;p__Bacillota;c__Clostridia;o__Lachnospirales;f__Lachnospiraceae;g__JBFHIZ01;s__JBFHIZ01 sp963666475,,anfO
204951,GB_GCA_963666745.1,anfO,OY762961.1_1339_A,1.3000000000000002e-60,201.9,0.0,0,244,1554138-1554872,1,0,OY762961.1,1339,6,anfO,d__Bacteria;p__Desulfobacterota;c__Desulfuromonadia;o__Desulfuromonadales;f__Desulfuromonadaceae;g__Desulfuromonas;s__Desulfuromonas sp963666745,,anfO
204952,GB_GCA_963667185.2,anfO,OY762953.2_273_A,5.4e-47,157.3,0.0,0,259,311431-312222,-1,0,OY762953.2,273,1,anfO,d__Bacteria;p__Spirochaetota;c__Spirochaetia;o__Treponematales;f__Treponemataceae;g__Teretinema;s__Teretinema sp963667185,,anfO
204953,GB_GCA_963667825.1,anfO,OY764022.1_2422_A,7.2e-56,186.4,0.0,2,207,2605188-2605811,1,0,OY764022.1,2422,1,anfO,d__Bacteria;p__Bacillota;c__Negativicutes;o__SG130;f__SG130;g__Azotosporobacter;s__Azotosporobacter sp963667825,,anfO
204954,GB_GCA_963674895.2,anfO,CAXXCY010000003.1_964_A,1.8e-34,116.6,0.0,21,226,1087239-1087928,1,0,CAXXCY010000003.1,964,1,anfO,d__Bacteria;p__Bacillota;c__Clostridia;o__Christensenellales;f__Aristaeellaceae;g__CAXXOK01;s__CAXXOK01 sp963674895,,anfO
204955,GB_GCA_963675365.2,anfO,CAXXVA010000003.1_438_A,1.7e-34,116.4,0.0,0,202,521697-522323,-1,0,CAXXVA010000003.1,438,1,anfO,d__Bacteria;p__Bacillota;c__Clostridia;o__Christensenellales;f__Aristaeellaceae;g__CAXXOK01;s__CAXXOK01 sp963675365,,anfO
204956,GB_GCA_963675515.1,anfO,OY776328.1_398_A,8.2e-34,114.0,0.1,1,207,427208-427837,1,0,OY776328.1,398,1,anfO,d__Bacteria;p__Bacillota_I;c__Bacilli_A;o__Erysipelotrichales;f__Coprobacillaceae;g__JAQVDW01;s__JAQVDW01 sp963675515,,anfO
204957,GB_GCA_963675655.1,anfO,OY776489.1_1558_A,1.1e-37,126.7,0.0,2,205,1861320-1861943,1,0,OY776489.1,1558,1,anfO,d__Bacteria;p__Bacillota;c__Clostridia;o__Christensenellales;f__Aristaeellaceae;g__CAXXOK01;s__CAXXOK01 sp963675655,,anfO
204958,GB_GCA_963675915.1,anfO,OY780959.1_154_A,2e-38,128.9,0.1,1,205,166900-167517,1,0,OY780959.1,154,1,anfO,d__Bacteria;p__Bacillota_I;c__Bacilli_A;o__Erysipelotrichales;f__Coprobacillaceae;g__JAQVDW01;s__JAQVDW01 sp963675915,,anfO
204959,GB_GCA_963675925.2,anfO,CAXXIB010000002.1_55_A,1.5e-28,96.7,0.0,1,154,53011-53487,1,0,CAXXIB010000002.1,55,1,anfO,d__Bacteria;p__Bacillota;c__Clostridia;o__Christensenellales;f__Aristaeellaceae;g__CAXXOK01;s__CAXXOK01 sp963675925,,anfO
204960,GB_GCA_963676095.1,anfO,OY781040.1_2201_A,4.200000000000001e-57,191.2,0.0,0,207,2759086-2759787,1,0,OY781040.1,2201,4,anfO,d__Bacteria;p__Bacteroidota;c__Bacteroidia;o__Bacteroidales;f__Prolixibacteraceae;g__G963676095;s__G963676095 sp963676095,,anfO
204961,GB_GCA_963676435.2,anfO,CAXXOZ010000013.1_3_A,9.699999999999999e-35,116.9,0.2,3,181,936-1493,-1,0,CAXXOZ010000013.1,3,1,anfO,d__Bacteria;p__Bacillota;c__Clostridia;o__Lachnospirales;f__Lachnospiraceae;g__CAXXOZ01;s__CAXXOZ01 sp963676435,,anfO
204962,GB_GCA_963676855.1,anfO,OY781460.1_458_A,1.9e-48,162.1,0.0,2,206,512041-512661,-1,0,OY781460.1,458,3,anfO,d__Bacteria;p__Bacillota;c__Negativicutes;o__Anaeromusales;f__Anaeromusaceae;g__Anaeromusa;s__Anaeromusa sp963676855,,anfO
204963,GB_GCA_963676955.1,anfO,OY781461.1_2308_A,1.2e-61,205.3,0.0,0,244,2679328-2680062,-1,0,OY781461.1,2308,1,anfO,d__Bacteria;p__Desulfobacterota;c__Desulfuromonadia;o__Desulfuromonadales;f__Desulfuromonadaceae;g__Desulfuromonas;s__Desulfuromonas sp963676955,,anfO
204964,GB_GCA_963677095.1,anfO,OY781875.1_3227_A,2.5e-56,187.9,0.4,0,214,4023513-4024157,-1,0,OY781875.1,3227,1,anfO,d__Bacteria;p__Bacteroidota;c__Bacteroidia;o__Bacteroidales;f__Bacteroidaceae;g__Bacteroides;s__Bacteroides sp963677095,,anfO
204965,GB_GCA_963677305.1,anfO,OY781925.1_971_A,1.3e-45,152.8,0.0,0,206,1061690-1062364,1,0,OY781925.1,971,3,anfO,d__Bacteria;p__Acidobacteriota;c__Holophagae;o__Holophagales;f__Holophagaceae;g__Holophaga;s__Holophaga sp963677305,,anfO
204966,GB_GCA_963677375.2,anfO,CAXXIF010000019.1_180_A,1.4e-54,182.2,0.0,0,201,195850-196455,-1,0,CAXXIF010000019.1,180,1,anfO,d__Bacteria;p__Pseudomonadota;c__Gammaproteobacteria;o__Enterobacterales;f__Aeromonadaceae;g__Pseudaeromonas;s__Pseudaeromonas sp963677375,,anfO
204967,GB_GCA_963677785.2,anfO,CAXXDH010000001.1_224_A,9.8e-05,19.9,0.0,329,391,240827-242002,-1,0,CAXXDH010000001.1,224,1,nifB,d__Bacteria;p__Desulfobacterota;c__Desulfovibrionia;o__Desulfovibrionales;f__Desulfovibrionaceae;g__G963665495;s__G963665495 sp963677785,,anfO
204968,GB_GCA_963677915.2,anfO,CAXXGE010000021.1_127_A,4.3e-50,167.3,0.0,2,207,118873-119505,1,0,CAXXGE010000021.1,127,1,anfO,d__Bacteria;p__Bacillota;c__Clostridia;o__Lachnospirales;f__Vallitaleaceae;g__G963677915;s__G963677915 sp963677915,,anfO
204969,GB_GCA_963678055.1,anfO,OY782679.1_1703_A,6.7e-30,101.0,0.0,2,190,1942904-1943488,1,0,OY782679.1,1703,1,anfO,d__Bacteria;p__Bacillota;c__Clostridia;o__Christensenellales;f__Aristaeellaceae;g__CAXXOK01;s__CAXXOK01 sp963678055,,anfO
204970,GB_GCA_963678265.1,anfO,OY782761.1_2309_A,1.8e-54,181.6,0.0,0,206,2793940-2794641,-1,0,OY782761.1,2309,2,anfO,d__Bacteria;p__Bacteroidota;c__Bacteroidia;o__Bacteroidales;f__Paludibacteraceae;g__Microbacter;s__Microbacter sp963678265,,anfO
204971,GB_GCA_963715335.1,anfO,CAVQRZ010000005.1_166_A,1.8e-05,21.6,0.0,0,123,174012-174386,-1,0,CAVQRZ010000005.1,166,1,nifB,d__Bacteria;p__Desulfobacterota;c__Desulfuromonadia;o__Desulfuromonadales;f__BM103;g__JAFDBW01;s__JAFDBW01 sp963715335,,anfO
204972,GB_GCA_963717775.1,anfO,CAVQWZ010000025.1_130_A,4.2e-07,27.2,0.0,0,109,132087-132416,1,0,CAVQWZ010000025.1,130,1,nifB,d__Bacteria;p__Desulfobacterota;c__Desulfuromonadia;o__Geobacterales;f__Geobacteraceae;g__RPRC01;s__RPRC01 sp963717775,,anfO
204973,GB_GCA_963725425.1,anfO,CAVRYJ010000009.1_146_A,9.4e-66,219.5,0.1,2,211,132035-132670,-1,0,CAVRYJ010000009.1,146,1,anfO,d__Bacteria;p__Bacillota;c__Clostridia;o__Clostridiales;f__Clostridiaceae;g__Clostridium_I;s__Clostridium_I sp963725425,,anfO
204974,GB_GCA_963746935.1,anfO,CAVVDU010000032.1_99_A,1.2e-05,22.5,0.0,0,109,104907-105236,-1,0,CAVVDU010000032.1,99,1,nifB,d__Bacteria;p__Desulfobacterota;c__Desulfuromonadia;o__Geobacterales;f__Geobacteraceae;g__RPRC01;s__RPRC01 sp963746935,,anfO
204975,GB_GCA_963748325.1,anfO,CAVVIJ010000004.1_1711_A,6.1e-07,26.5,0.0,0,109,1870176-1870505,-1,0,CAVVIJ010000004.1,1711,1,nifB,d__Bacteria;p__Desulfobacterota;c__Desulfuromonadia;o__Geobacterales;f__Geobacteraceae;g__RPRC01;s__RPRC01 sp963748325,,anfO
204976,GB_GCA_963755075.1,anfO,CAVWKL010000144.1_11_A,8.1e-05,20.0,0.0,13,127,10283-10669,-1,0,CAVWKL010000144.1,11,1,nifB,d__Bacteria;p__Pseudomonadota;c__Alphaproteobacteria;o__Rhizobiales;f__Beijerinckiaceae;g__Roseiarcus;s__Roseiarcus sp963755075,,anfO
204977,GB_GCA_963757945.1,anfO,CAVWTN010000002.1_144_A,1.9e-17,60.7,0.0,0,89,155743-156027,-1,0,CAVWTN010000002.1,144,5,anfO,d__Bacteria;p__Vulcanimicrobiota;c__Vulcanimicrobiia;o__Vulcanimicrobiales;f__Vulcanimicrobiaceae;g__CAVWTN01;s__CAVWTN01 sp963757945,,anfO
204978,GB_GCA_963780885.1,anfO,CAWAEO010000002.1_1642_A,2.7e-05,21.4,0.0,0,119,1738600-1739016,1,0,CAWAEO010000002.1,1642,1,nifB,d__Bacteria;p__Nitrospirota;c__Thermodesulfovibrionia;o__Thermodesulfovibrionales;f__Dissulfurispiraceae;g__JADFXI01;s__JADFXI01 sp963780885,,anfO
204979,GB_GCA_963784135.1,anfO,CAWAQG010000008.1_349_A,1.6e-05,21.8,0.0,0,119,357024-357425,-1,0,CAWAQG010000008.1,349,1,nifB,d__Bacteria;p__Nitrospirota;c__Thermodesulfovibrionia;o__Thermodesulfovibrionales;f__Dissulfurispiraceae;g__JADFXI01;s__JADFXI01 sp963784135,,anfO
204980,GB_GCA_963787125.1,anfO,CAWBBV010000023.1_80_A,8.1e-06,23.0,0.0,0,108,96412-96741,1,0,CAWBBV010000023.1,80,1,nifB,d__Bacteria;p__Desulfobacterota;c__Desulfuromonadia;o__Geobacterales;f__DSM-12255;g__VEOV01;s__VEOV01 sp963787125,,anfO
204981,GB_GCA_963790715.1,anfO,CAWBPN010000016.1_54_A,3.5e-58,193.7,0.2,0,212,59232-59870,1,0,CAWBPN010000016.1,54,1,anfO,d__Bacteria;p__Bacteroidota;c__Bacteroidia;o__Bacteroidales;f__Bacteroidaceae;g__DCFW01;s__DCFW01 sp963790715,,anfO
204982,GB_GCA_963791805.1,anfO,CAWBTU010000004.1_99_A,7.9e-17,59.1,0.0,0,62,83571-83762,-1,0,CAWBTU010000004.1,99,1,anfO,d__Bacteria;p__Bacillota;c__Clostridia;o__Clostridiales;f__Clostridiaceae;g__JACMJL01;s__JACMJL01 sp963791805,,anfO
204983,GB_GCA_963796345.1,anfO,CAWCLI010000008.1_201_A,3.1e-05,20.9,0.0,0,119,191357-191758,1,0,CAWCLI010000008.1,201,1,anfO,d__Bacteria;p__Nitrospirota;c__Thermodesulfovibrionia;o__Thermodesulfovibrionales;f__Dissulfurispiraceae;g__JADFXI01;s__JADFXI01 sp963796345,,anfO
204984,GB_GCA_963810975.1,anfO,CAWEPN010000004.1_81_A,6.8e-06,22.9,0.0,56,134,73860-74264,-1,0,CAWEPN010000004.1,81,1,anfO,d__Bacteria;p__Desulfobacterota;c__Desulfuromonadia;o__Geobacterales;f__DSM-12255;g__VEOV01;s__VEOV01 sp963810975,,anfO
204985,GB_GCA_963811985.1,anfO,CAWEUH010000030.1_58_A,1.9e-05,22.8,0.0,337,399,61708-62961,1,0,CAWEUH010000030.1,58,1,nifB,d__Bacteria;p__Myxococcota_A;c__Polyangia;o__Polyangiales;f__Polyangiaceae;g__FEN-1139;s__FEN-1139 sp963811985,,anfO
204986,GB_GCA_963849485.1,anfO,CAWKIF010000127.1_9_A,1.7e-05,22.1,0.0,311,409,6337-7614,-1,0,CAWKIF010000127.1,9,1,nifB,d__Bacteria;p__Oederibacteriota;c__Muellerivitia;o__Muellerivitales;f__Muellerivitaceae;g__CAVTWJ01;s__CAVTWJ01 sp963849485,,anfO
204987,GB_GCA_964292275.1,anfO,CAXYUZ010000018.1_12_A,2.9e-64,213.8,0.0,0,245,12129-12869,1,0,CAXYUZ010000018.1,12,1,anfO,d__Bacteria;p__Desulfobacterota;c__Desulfuromonadia;o__Geobacterales;f__Pseudopelobacteraceae;g__CAXYUZ01;s__CAXYUZ01 sp964292275,,anfO
204988,GB_GCA_964292325.1,anfO,CAXYVG010000064.1_9_A,2.4e-57,191.3,0.0,2,209,9389-10018,-1,0,CAXYVG010000064.1,9,1,anfO,d__Bacteria;p__Bacillota;c__Negativicutes;o__DSM-13327;f__DSM-13327;g__CTSoil-075;s__CTSoil-075 sp964292325,,anfO
204989,GB_GCA_964385235.1,anfO,CAYLOD010000020.1_3_A,9.7e-06,21.5,0.0,1,109,1543-1875,1,0,CAYLOD010000020.1,3,1,nifB,d__Bacteria;p__Bacillota;c__Clostridia;o__Oscillospirales;f__Acutalibacteraceae;g__Pseudoruminococcus;s__Pseudoruminococcus sp964385235,,anfO
204990,GB_GCA_964385235.1,anfO,CAYLOD010000020.1_5_A,6.1e-05,18.9,0.0,0,110,2113-2445,1,0,CAYLOD010000020.1,5,1,nifB,d__Bacteria;p__Bacillota;c__Clostridia;o__Oscillospirales;f__Acutalibacteraceae;g__Pseudoruminococcus;s__Pseudoruminococcus sp964385235,,anfO
204991,GB_GCA_964391545.1,anfO,CAYMMR010000021.1_12_A,6.4e-05,19.7,0.0,0,110,12348-12680,1,0,CAYMMR010000021.1,12,1,nifB,d__Bacteria;p__Nitrospinota;c__Nitrospinia;o__UBA9942;f__UBA9942;g__JACQEW01;s__JACQEW01 sp964391545,,anfO
204992,GB_GCA_964402355.1,anfO,CAYOCB010000001.1_392_A,1.4000000000000001e-59,199.0,0.1,0,204,453771-454385,-1,0,CAYOCB010000001.1,392,1,anfO,d__Bacteria;p__Bacillota;c__Clostridia;o__Lachnospirales;f__Lachnospiraceae;g__Lacrimispora;s__Lacrimispora sp964402355,,anfO
204993,GB_GCA_964402355.1,anfO,CAYOCB010000003.1_377_A,1.2e-38,130.6,0.3,0,203,423331-423942,1,0,CAYOCB010000003.1,377,1,anfO,d__Bacteria;p__Bacillota;c__Clostridia;o__Lachnospirales;f__Lachnospiraceae;g__Lacrimispora;s__Lacrimispora sp964402355,,anfO
204994,GB_GCA_964405715.1,anfO,CAYOOW010000019.1_9_A,2.2e-06,24.1,0.0,30,113,5169-5522,1,0,CAYOOW010000019.1,9,1,nifB,d__Bacteria;p__Bacillota;c__Clostridia;o__Lachnospirales;f__Lachnospiraceae;g__Coprococcus_C;s__Coprococcus_C sp964405715,,anfO
204995,GB_GCA_964413315.1,anfO,CAYPRZ010000051.1_2_A,4.4e-39,131.1,0.0,3,210,842-1492,-1,0,CAYPRZ010000051.1,2,1,anfO,d__Bacteria;p__Desulfobacterota;c__Desulfovibrionia;o__Desulfovibrionales;f__Desulfovibrionaceae;g__Desulfovibrio;s__Desulfovibrio sp964413315,,anfO
204996,GB_GCA_964414745.1,anfO,CAYPXB010000005.1_7_A,1.3e-07,27.4,0.0,1,109,7757-8089,1,0,CAYPXB010000005.1,7,1,nifB,d__Bacteria;p__Bacillota;c__Clostridia;o__Oscillospirales;f__Ruminococcaceae;g__Ruminococcus;s__Ruminococcus sp964414745,,anfO
204997,GB_GCA_964414745.1,anfO,CAYPXB010000005.1_8_A,5.6e-06,22.0,0.0,2,110,8130-8465,1,0,CAYPXB010000005.1,8,1,nifB,d__Bacteria;p__Bacillota;c__Clostridia;o__Oscillospirales;f__Ruminococcaceae;g__Ruminococcus;s__Ruminococcus sp964414745,,anfO
204998,GB_GCA_964414835.1,anfO,CAYPWY010000041.1_8_A,1.2e-05,21.4,0.0,1,113,3513-3863,1,0,CAYPWY010000041.1,8,1,nifB,d__Bacteria;p__Bacillota;c__Clostridia;o__Lachnospirales;f__Lachnospiraceae;g__Eshraghiella;s__Eshraghiella sp964414835,,anfO
204999,GB_GCA_964418735.1,anfO,CAYQMY010000013.1_7_A,3.1e-34,115.1,0.0,22,224,5663-6346,-1,0,CAYQMY010000013.1,7,1,anfO,d__Bacteria;p__Bacillota;c__Clostridia;o__Oscillospirales;f__Oscillospiraceae;g__DUPK01;s__DUPK01 sp964418735,,anfO
205000,GB_GCA_964424695.1,anfO,CAYRKE010000127.1_6_B,7.6e-05,20.7,0.0,331,394,4923-6179,-1,0,CAYRKE010000127.1,6,1,nifB,d__Bacteria;p__Myxococcota_A;c__Polyangia;o__Polyangiales;f__Polyangiaceae;g__JAEWRL01;s__JAEWRL01 sp964424695,,anfO
205001,GB_GCA_964426655.1,anfO,CAYRQT010000012.1_11_A,2.1e-38,128.7,0.0,12,188,10994-11620,1,0,CAYRQT010000012.1,11,1,anfO,d__Bacteria;p__Bacillota;c__Clostridia;o__Lachnospirales;f__Lachnospiraceae;g__RGIG8306;s__RGIG8306 sp964426655,,anfO
205002,GB_GCA_964428015.1,anfO,CAYRWR010000004.1_51_B,2.7e-05,21.2,0.0,325,414,47996-49276,-1,0,CAYRWR010000004.1,51,1,nifB,d__Bacteria;p__Spirochaetota;c__Brevinematia;o__Brevinematales;f__CAYRWR01;g__CAYRWR01;s__CAYRWR01 sp964428015,,anfO
205003,GB_GCA_964431365.1,anfO,CAYSJJ010000096.1_1_A,1.5e-05,22.1,0.0,0,108,156-485,-1,0,CAYSJJ010000096.1,1,1,nifB,d__Bacteria;p__Desulfobacterota;c__Desulfuromonadia;o__Geobacterales;f__DSM-12255;g__Geomobilibacter;s__Geomobilibacter sp964431365,,anfO
205004,GB_GCA_964434465.1,anfO,CAYSWG010000095.1_4_A,2.6e-05,20.9,0.0,1,108,3608-3937,-1,0,CAYSWG010000095.1,4,1,nifB,d__Bacteria;p__Desulfobacterota;c__Desulfuromonadia;o__Geobacterales;f__Geobacteraceae;g__RPRC01;s__RPRC01 sp964434465,,anfO
205005,GB_GCA_964442605.1,anfO,CAYTZR010000051.1_4_A,5.8e-06,22.2,0.0,0,112,2622-2960,1,0,CAYTZR010000051.1,4,1,nifB,d__Bacteria;p__Bacillota;c__Clostridia;o__Monoglobales;f__Monoglobaceae;g__Monoglobus;s__Monoglobus sp964442605,,anfO
205006,GB_GCA_964444065.1,anfO,CAYUFL010000001.1_68_A,1.6e-46,155.1,0.1,2,209,63960-64589,-1,0,CAYUFL010000001.1,68,1,anfO,d__Bacteria;p__Bacillota;c__Clostridia;o__Eubacteriales;f__Anaerofustaceae;g__JBGMEA01;s__JBGMEA01 sp964444065,,anfO
205007,GB_GCA_964446265.1,anfO,CAYUNV010000073.1_11_A,3.9e-48,161.1,0.0,2,209,10429-11058,1,0,CAYUNV010000073.1,11,1,anfO,d__Bacteria;p__Bacillota;c__Negativicutes;o__CTSoil-072;f__CTSoil-072;g__CTSoil-072;s__CTSoil-072 sp964446265,,anfO
205008,GB_GCA_964454195.1,anfO,CAYVRD010000023.1_6_A,2.3e-50,167.9,0.0,2,217,5401-6054,-1,0,CAYVRD010000023.1,6,1,anfO,d__Bacteria;p__Bacillota;c__Desulfitisporia;o__Desulfitisporales;f__JAWSUQ01;g__CAYVRD01;s__CAYVRD01 sp964454195,,anfO
205009,GB_GCA_964457945.1,anfO,CAYWFX010000006.1_72_A,1.7e-62,208.1,0.0,2,212,73047-73688,-1,0,CAYWFX010000006.1,72,1,anfO,d__Bacteria;p__Bacillota;c__Syntrophomonadia;o__Syntrophomonadales;f__Syntrophomonadaceae;g__PHAA01;s__PHAA01 sp964457945,,anfO
205010,GB_GCA_964458365.1,anfO,CAYWIN010000101.1_3_A,8.900000000000002e-57,188.6,0.0,0,210,2067-2759,-1,0,CAYWIN010000101.1,3,1,anfO,d__Bacteria;p__Actinomycetota;c__Actinomycetes;o__Propionibacteriales;f__Propionibacteriaceae;g__Propionicimonas;s__Propionicimonas sp964458365,,anfO
205011,GB_GCA_964466295.1,anfO,CAYXRC010000005.1_14_A,1.3e-05,21.0,0.0,1,111,10066-10401,1,0,CAYXRC010000005.1,14,1,nifB,d__Bacteria;p__Bacillota;c__Clostridia;o__CAKSNL01;f__HGM11501;g__HGM11501;s__HGM11501 sp964466295,,anfO
205012,GB_GCA_964475485.1,anfO,CAYYWY010000006.1_7_A,8.6e-05,19.1,0.0,0,129,3433-3828,-1,0,CAYYWY010000006.1,7,1,nifB,d__Bacteria;p__Nitrospirota;c__Thermodesulfovibrionia;o__Thermodesulfovibrionales;f__UBA9159;g__CAYYWY01;s__CAYYWY01 sp964475485,,anfO
205013,GB_GCA_964477085.1,anfO,CAYZDF010000007.1_56_A,9.099999999999997e-55,182.7,0.3,4,211,51301-51936,-1,0,CAYZDF010000007.1,56,1,anfO,d__Bacteria;p__Bacillota;c__Desulfitobacteriia;o__Desulfitobacteriales;f__Syntrophobotulaceae;g__Dichloromethanomonas;s__Dichloromethanomonas sp964477085,,anfO
205014,GB_GCA_964484555.1,anfO,CAZAHK010000233.1_3_A,3.7e-05,21.0,0.0,339,411,903-2177,-1,0,CAZAHK010000233.1,3,1,nifB,d__Bacteria;p__Desulfobacterota;c__Desulfobacteria;o__Desulfobacterales;f__Desulfobacteraceae;g__Desulfobacula;s__Desulfobacula sp964484555,,anfO
205015,GB_GCA_964490805.1,anfO,CAZBEB010000001.1_183_A,5.3e-06,23.4,0.0,0,109,204883-205212,-1,0,CAZBEB010000001.1,183,1,nifB,d__Bacteria;p__Desulfobacterota;c__Desulfuromonadia;o__Geobacterales;f__Geobacteraceae;g__Geobacter;s__Geobacter sp964490805,,anfO
205016,GB_GCA_964501655.1,anfO,CAZCTN010000018.1_12_A,2.5e-51,171.3,0.0,0,206,13268-13894,1,0,CAZCTN010000018.1,12,1,anfO,d__Bacteria;p__Bacillota;c__Syntrophomonadia;o__Syntrophomonadales;f__Syntrophomonadaceae;g__JAAYJK01;s__JAAYJK01 sp964501655,,anfO
205017,GB_GCA_964510795.1,anfO,CAZEDT010000078.1_10_A,3e-50,168.2,0.0,0,202,9625-10239,1,0,CAZEDT010000078.1,10,1,anfO,d__Bacteria;p__Bacillota;c__Syntrophomonadia;o__Syntrophomonadales;f__Syntrophomonadaceae;g__Syntrophomonas_B;s__Syntrophomonas_B sp964510795,,anfO
205018,GB_GCA_964513965.1,anfO,CAZEOO010000001.1_318_A,4.4e-05,20.3,0.0,297,408,391437-392717,1,0,CAZEOO010000001.1,318,1,nifB,d__Bacteria;p__Verrucomicrobiota;c__Verrucomicrobiia;o__Chthoniobacterales;f__Chthoniobacteraceae;g__UBA695;s__UBA695 sp964513965,,anfO
205019,GB_GCA_964515925.1,anfO,CAZEYP010000052.1_3_A,2.7e-05,20.6,0.0,0,129,3442-3837,1,0,CAZEYP010000052.1,3,1,nifB,d__Bacteria;p__Nitrospirota;c__Thermodesulfovibrionia;o__Thermodesulfovibrionales;f__JdFR-85;g__JAADIE01;s__JAADIE01 sp964515925,,anfO
205020,GB_GCA_964520475.1,anfO,CAZFNS010000003.1_51_A,5.3e-07,25.5,0.0,1,109,56630-56965,-1,0,CAZFNS010000003.1,51,1,nifB,d__Bacteria;p__Pseudomonadota;c__Gammaproteobacteria;o__Enterobacterales;f__Succinivibrionaceae;g__Ruminobacter;s__Ruminobacter sp964520475,,anfO
205021,GB_GCA_964528755.1,anfO,CAZGWN010000082.1_6_A,1.1e-05,22.4,0.0,322,416,6169-7458,1,0,CAZGWN010000082.1,6,1,nifB,d__Bacteria;p__Actinomycetota;c__Actinomycetes;o__Propionibacteriales;f__Propionibacteriaceae;g__Raineyella;s__Raineyella sp964528755,,anfO
205022,GB_GCA_964538245.1,anfO,CAZIFO010000019.1_28_A,1.9e-06,24.4,0.2,2,127,32801-33184,1,0,CAZIFO010000019.1,28,1,nifB,d__Bacteria;p__Spirochaetota;c__Spirochaetia;o__Treponematales;f__Treponemataceae;g__Treponema_D;s__Treponema_D sp964538245,,anfO
205023,GB_GCA_964540275.1,anfO,CAZIMB010000018.1_5_A,2e-05,20.6,0.0,18,144,1929-2378,-1,0,CAZIMB010000018.1,5,1,nifB,d__Bacteria;p__Nitrospirota;c__Thermodesulfovibrionia;o__Thermodesulfovibrionales;f__Dissulfurispiraceae;g__CAZIMB01;s__CAZIMB01 sp964540275,,anfO
205024,GB_GCA_964541505.1,anfO,CAZIRG010000033.1_10_A,3.2e-05,20.2,0.0,0,113,11918-12262,1,0,CAZIRG010000033.1,10,1,nifB,d__Bacteria;p__Bacillota;c__Dethiobacteria;o__PWVN01;f__PWVN01;g__CAZLTH01;s__CAZLTH01 sp964541505,,anfO
205025,GB_GCA_964542535.1,anfO,CAZIUE010000005.1_170_A,3.4e-06,24.0,0.0,0,108,189573-189902,-1,0,CAZIUE010000005.1,170,1,nifB,d__Bacteria;p__Desulfobacterota;c__Desulfuromonadia;o__Geobacterales;f__Pseudopelobacteraceae;g__Pseudopelobacter;s__Pseudopelobacter sp964542535,,anfO
205026,GB_GCA_964543575.1,anfO,CAZIYV010000086.1_7_A,2.2e-58,194.5,0.0,2,210,9061-9702,-1,0,CAZIYV010000086.1,7,1,anfO,d__Bacteria;p__Bacillota;c__Desulfotomaculia;o__Desulfotomaculales;f__Pelotomaculaceae;g__Pelotomaculum_B;s__Pelotomaculum_B sp964543575,,anfO
205027,GB_GCA_964548535.1,anfO,CAZJRQ010000009.1_58_A,2.3e-46,154.9,0.1,6,211,61923-62558,1,0,CAZJRQ010000009.1,58,3,anfO,d__Bacteria;p__Bacillota;c__Clostridia;o__Oscillospirales;f__Ruminococcaceae;g__CAZJRQ01;s__CAZJRQ01 sp964548535,,anfO
205028,GB_GCA_964549435.1,anfO,CAZJVB010000033.1_19_A,9.3e-07,25.3,0.0,1,109,19516-19848,1,0,CAZJVB010000033.1,19,1,nifB,d__Bacteria;p__Bacillota;c__Clostridia;o__Oscillospirales;f__CAG-382;g__Coliplasma;s__Coliplasma sp964549435,,anfO
205029,GB_GCA_964551055.1,anfO,CAZKCR010000094.1_5_A,5.5e-50,166.6,0.0,2,206,4620-5240,1,0,CAZKCR010000094.1,5,1,anfO,d__Bacteria;p__Bacillota;c__Negativicutes;o__Anaeromusales;f__Anaeromusaceae;g__Anaeromusa;s__Anaeromusa sp964551055,,anfO
205030,GB_GCA_964559815.1,anfO,CAZLJN010000083.1_1_A,5.8e-05,19.8,0.0,63,134,3-428,1,0,CAZLJN010000083.1,1,1,nifB,d__Bacteria;p__Actinomycetota;c__Actinomycetes;o__Propionibacteriales;f__Propionibacteriaceae;g__Propionicimonas;s__Propionicimonas sp964559815,,anfO
205031,GB_GCA_964559815.1,anfO,CAZLJN010000290.1_4_A,9.099999999999997e-55,182.5,0.0,0,209,2682-3368,1,0,CAZLJN010000290.1,4,1,anfO,d__Bacteria;p__Actinomycetota;c__Actinomycetes;o__Propionibacteriales;f__Propionibacteriaceae;g__Propionicimonas;s__Propionicimonas sp964559815,,anfO
205032,GB_GCA_964576485.1,anfO,CAZNWF010000004.1_40_A,9.9e-05,19.2,0.0,0,110,52027-52359,-1,0,CAZNWF010000004.1,40,1,nifB,d__Bacteria;p__Desulfobacterota;c__Desulfuromonadia;o__Geobacterales;f__Pseudopelobacteraceae;g__Trichlorobacter;s__Trichlorobacter sp964576485,,anfO
205033,GB_GCA_964584415.1,anfO,CAZOZX010000138.1_4_A,1.2999999999999999e-46,155.6,0.0,0,202,3447-4055,1,0,CAZOZX010000138.1,4,1,anfO,d__Bacteria;p__Bacillota;c__Syntrophomonadia;o__Syntrophomonadales;f__Syntrophomonadaceae;g__PHAA01;s__PHAA01 sp964584415,,anfO
205034,GB_GCA_964601085.1,anfO,CAZRLN010000009.1_41_A,8.100000000000002e-44,146.8,0.0,2,206,44359-44979,1,0,CAZRLN010000009.1,41,1,anfO,d__Bacteria;p__Bacillota;c__Negativicutes;o__UBA1444;f__UBA1444;g__UBA1444;s__UBA1444 sp964601085,,anfO
205035,GB_GCA_964601865.1,anfO,CAZRPI010000143.1_3_A,3.4e-06,24.0,0.0,0,109,1225-1554,-1,0,CAZRPI010000143.1,3,1,nifB,d__Bacteria;p__Desulfobacterota;c__Desulfuromonadia;o__Geobacterales;f__Pseudopelobacteraceae;g__Pseudopelobacter;s__Pseudopelobacter sp964601865,,anfO
205036,GB_GCA_964609115.1,anfO,CAZSRN010000003.1_2_A,3e-50,167.7,0.0,2,207,249-872,-1,0,CAZSRN010000003.1,2,1,anfO,d__Bacteria;p__Bacillota;c__Negativicutes;o__UBA1444;f__UBA1444;g__UBA1444;s__UBA1444 sp964609115,,anfO
205037,GB_GCA_964611215.1,anfO,CAZSXF010000011.1_14_A,2.1e-61,203.7,0.0,0,217,9796-10479,1,0,CAZSXF010000011.1,14,1,anfO,d__Bacteria;p__Bacteroidota;c__Chlorobiia;o__Chlorobiales;f__Chlorobiaceae;g__Chlorobaculum;s__Chlorobaculum sp964611215,,anfO
205038,GB_GCA_964612345.1,anfO,CAZTEH010000087.1_7_A,4.2e-48,161.3,0.2,2,210,4499-5137,1,0,CAZTEH010000087.1,7,1,anfO,d__Bacteria;p__Bacillota;c__Clostridia;o__Peptostreptococcales;f__Anaerovoracaceae;g__Anoxybacterium;s__Anoxybacterium sp964612345,,anfO
205039,GB_GCA_964612995.1,anfO,CAZTGE010000044.1_5_A,5.3e-05,20.3,0.0,344,415,3580-4866,-1,0,CAZTGE010000044.1,5,1,nifB,d__Bacteria;p__Planctomycetota;c__UBA11346;o__UBA11346;f__UBA11346;g__SLQH01;s__SLQH01 sp964612995,,anfO
205040,GB_GCA_964614465.1,anfO,CAZTLF010000055.1_5_A,7e-05,18.9,0.0,0,127,2100-2501,-1,0,CAZTLF010000055.1,5,1,nifB,d__Bacteria;p__Nitrospirota;c__Thermodesulfovibrionia;o__Thermodesulfovibrionales;f__Thermodesulfovibrionaceae;g__Thermodesulfovibrio;s__Thermodesulfovibrio sp964614465,,anfO
205041,GB_GCA_964618545.1,anfO,CAZUBG010000032.1_12_A,1.2e-63,212.2,0.0,0,207,10457-11092,1,0,CAZUBG010000032.1,12,1,anfO,d__Bacteria;p__Verrucomicrobiota;c__Verrucomicrobiia;o__Limisphaerales;f__UBA11358;g__UBA11358;s__UBA11358 sp964618545,,anfO
205042,GB_GCA_964622705.1,anfO,CAZUSH010000093.1_3_A,3.6e-07,27.3,0.0,48,111,2030-2365,-1,0,CAZUSH010000093.1,3,1,nifB,d__Bacteria;p__Desulfobacterota;c__Desulfuromonadia;o__Geobacterales;f__Pseudopelobacteraceae;g__Trichlorobacter;s__Trichlorobacter sp964622705,,anfO
205043,GB_GCA_964632255.1,anfO,CAZWCA010000009.1_70_A,1.2e-44,149.6,0.0,0,215,71160-71876,1,0,CAZWCA010000009.1,70,2,anfO,d__Bacteria;p__Desulfobacterota;c__Syntrophia;o__Syntrophales;f__Smithellaceae;g__MVRV01;s__MVRV01 sp964632255,,anfO
205044,GB_GCA_964637385.1,anfO,CAZWTM010000046.1_14_A,2.4e-58,194.2,0.4,2,210,11024-11674,-1,0,CAZWTM010000046.1,14,1,anfO,d__Bacteria;p__Bacillota;c__Peptococcia;o__DRI-13;f__DRI-13;g__Thermanaerosceptrum;s__Thermanaerosceptrum sp964637385,,anfO
205045,GB_GCA_964639515.1,anfO,CAZXDE010000124.1_5_A,8.9e-06,21.7,0.1,0,121,2108-2503,-1,0,CAZXDE010000124.1,5,1,nifB,d__Bacteria;p__Nitrospirota;c__Thermodesulfovibrionia;o__Thermodesulfovibrionales;f__JdFR-85;g__BMS3Bbin07;s__BMS3Bbin07 sp964639515,,anfO
205046,GB_GCA_964643075.1,anfO,CAZXQO010000017.1_26_A,1.6e-57,192.0,0.0,2,210,24917-25555,-1,0,CAZXQO010000017.1,26,1,anfO,d__Bacteria;p__Bacillota;c__Desulfotomaculia;o__Desulfotomaculales;f__Desulfocucumaceae;g__Desulfocucumis;s__Desulfocucumis sp964643075,,anfO
205047,GB_GCA_964644275.1,anfO,CAZXVI010000037.1_5_A,7.8e-05,19.0,0.0,7,122,3222-3593,1,0,CAZXVI010000037.1,5,1,nifB,d__Bacteria;p__Bacillota;c__Clostridia;o__Oscillospirales;f__Ruminococcaceae;g__UBA3855;s__UBA3855 sp964644275,,anfO
205048,GB_GCA_964648885.1,anfO,CAZYMK010000142.1_5_A,6.6e-05,20.1,0.0,0,110,5028-5360,-1,0,CAZYMK010000142.1,5,1,nifB,d__Bacteria;p__Desulfobacterota;c__Desulfuromonadia;o__Geobacterales;f__Pseudopelobacteraceae;g__Trichlorobacter;s__Trichlorobacter sp964648885,,anfO
205049,GB_GCA_964651515.1,anfO,CAZYYB010000009.1_4_A,1e-66,221.6,0.0,0,205,3261-3878,-1,0,CAZYYB010000009.1,4,1,anfO,d__Bacteria;p__Fibrobacterota;c__Chitinivibrionia;o__Chitinivibrionales;f__Chitinispirillaceae;g__BOG-1184;s__BOG-1184 sp964651515,,anfO
205050,GB_GCA_965140355.1,anfO,OZ223193.1_421_A,3.4e-52,174.4,0.0,6,213,444165-444806,1,0,OZ223193.1,421,2,anfO,d__Bacteria;p__Bacillota;c__Clostridia;o__Eubacteriales;f__Eubacteriaceae;g__Acetobacterium;s__Acetobacterium sp965140355,,anfO
205051,GB_GCA_965140735.1,anfO,OZ223306.1_1180_A,4.2e-56,187.5,0.1,2,208,1313920-1314546,-1,0,OZ223306.1,1180,1,anfO,d__Bacteria;p__Bacillota;c__Clostridia;o__Peptostreptococcales;f__Acidaminobacteraceae;g__Fusibacter_A;s__Fusibacter_A sp965140735,,anfO
205052,GB_GCA_965366475.1,anfO,CBDUFN010000022.1_19_A,3.6e-05,20.6,0.0,0,123,18301-18678,-1,0,CBDUFN010000022.1,19,1,nifB,d__Bacteria;p__Desulfobacterota;c__Desulfuromonadia;o__Desulfuromonadales;f__BM103;g__M0040;s__M0040 sp965366475,,anfO
205053,GB_GCA_965543975.1,anfO,CBEULQ010000019.1_3_A,9.400000000000001e-57,189.5,0.0,2,210,4242-4880,-1,0,CBEULQ010000019.1,3,1,anfO,d__Bacteria;p__Bacillota;c__Desulfotomaculia;o__Desulfotomaculales;f__Desulfocucumaceae;g__Desulfocucumis;s__Desulfocucumis sp965543975,,anfO
205054,RS_GCF_000013085.1,anfO,NC_007643.1_1425_A,1.6e-63,211.5,0.0,0,233,1642476-1643198,-1,0,NC_007643.1,1425,2,anfO,d__Bacteria;p__Pseudomonadota;c__Alphaproteobacteria;o__Rhodospirillales;f__Rhodospirillaceae;g__Rhodospirillum;s__Rhodospirillum rubrum,,anfO
205055,RS_GCF_000013745.1,anfO,NC_007925.1_4716_A,2.3e-56,188.5,0.0,23,239,5238894-5239643,-1,0,NC_007925.1,4716,1,anfO,d__Bacteria;p__Pseudomonadota;c__Alphaproteobacteria;o__Rhizobiales;f__Xanthobacteraceae;g__Rhodopseudomonas_A;s__Rhodopseudomonas_A palustris_F,,anfO
205056,RS_GCF_000015045.1,anfO,NC_008609.1_3450_A,9.4e-06,22.8,0.0,0,108,3852934-3853263,-1,0,NC_008609.1,3450,1,nifB,d__Bacteria;p__Desulfobacterota;c__Desulfuromonadia;o__Geobacterales;f__Pseudopelobacteraceae;g__Pseudopelobacter;s__Pseudopelobacter propionicus,,anfO
205057,RS_GCF_000016165.1,anfO,NC_009253.1_2994_A,4.5e-55,183.8,0.0,2,207,3053656-3054279,-1,0,NC_009253.1,2994,1,anfO,d__Bacteria;p__Bacillota;c__Desulfotomaculia;o__Desulfotomaculales;f__Desulfotomaculaceae;g__Desulfotomaculum;s__Desulfotomaculum reducens,,anfO
205058,RS_GCF_000016505.1,anfO,NC_009706.1_1725_A,7.400000000000001e-65,216.0,0.4,2,212,1854230-1854868,-1,0,NC_009706.1,1725,1,anfO,d__Bacteria;p__Bacillota;c__Clostridia;o__Clostridiales;f__Clostridiaceae;g__Clostridium_B;s__Clostridium_B kluyveri,,anfO
205059,RS_GCF_000020525.1,anfO,NC_011026.1_1876_A,1.6e-73,243.8,0.0,0,209,2171786-2172421,1,0,NC_011026.1,1876,7,anfO,d__Bacteria;p__Bacteroidota;c__Chlorobiia;o__Chlorobiales;f__Chloroherpetonaceae;g__Chloroherpeton;s__Chloroherpeton thalassium,,anfO
205060,RS_GCF_000021865.1,anfO,NC_014034.1_585_A,5.3e-61,203.2,0.0,0,225,630362-631042,1,0,NC_014034.1,585,7,anfO,d__Bacteria;p__Pseudomonadota;c__Alphaproteobacteria;o__Rhodobacterales;f__Rhodobacteraceae;g__Rhodobacter;s__Rhodobacter capsulatus_B,,anfO
205061,RS_GCF_000024205.1,anfO,NC_013216.1_995_A,1.1e-55,186.1,0.1,2,211,1054193-1054831,1,0,NC_013216.1,995,7,anfO,d__Bacteria;p__Bacillota;c__Desulfotomaculia;o__Desulfotomaculales;f__Desulfofarciminaceae;g__Desulfofarcimen;s__Desulfofarcimen acetoxidans,,anfO
205062,RS_GCF_000145275.1,anfO,NC_014393.1_2842_A,6.8e-57,190.1,1.5,2,202,3485138-3485746,-1,0,NC_014393.1,2842,2,anfO,d__Bacteria;p__Bacillota;c__Clostridia;o__Clostridiales;f__Clostridiaceae;g__Clostridium_K;s__Clostridium_K cellulovorans,,anfO
205063,RS_GCF_000166055.1,anfO,NC_014664.1_3345_A,3.9e-58,193.9,0.0,0,235,3658950-3659702,-1,0,NC_014664.1,3345,4,anfO,d__Bacteria;p__Pseudomonadota;c__Alphaproteobacteria;o__Rhizobiales;f__Rhodomicrobiaceae;g__Rhodomicrobium;s__Rhodomicrobium vannielii,,anfO
205064,RS_GCF_000171235.2,anfO,NZ_ABEA03000203.1_47_A,4.7e-66,220.2,0.0,0,206,50190-50891,-1,0,NZ_ABEA03000203.1,47,1,anfO,d__Bacteria;p__Verrucomicrobiota;c__Verrucomicrobiia;o__Opitutales;f__Opitutaceae;g__Geminisphaera;s__Geminisphaera colitermitum,,anfO
205065,RS_GCF_000174415.1,anfO,NZ_ACJM01000023.1_2_A,3.8000000000000003e-59,196.9,0.0,2,206,408-1028,-1,0,NZ_ACJM01000023.1,2,1,anfO,d__Bacteria;p__Bacillota;c__Dethiobacteria;o__Dethiobacterales;f__Dethiobacteraceae;g__Dethiobacter;s__Dethiobacter alkaliphilus,,anfO
205066,RS_GCF_000178115.2,anfO,NC_014828.1_1551_A,1.4e-52,175.3,0.0,8,219,1693019-1693678,-1,0,NC_014828.1,1551,2,anfO,d__Bacteria;p__Bacillota;c__Clostridia;o__Oscillospirales;f__Ethanoligenentaceae;g__Ethanoligenens;s__Ethanoligenens harbinense,,anfO
205067,RS_GCF_000178115.2,anfO,NC_014828.1_2309_A,1.3e-63,211.4,0.1,0,208,2493845-2494471,1,0,NC_014828.1,2309,7,anfO,d__Bacteria;p__Bacillota;c__Clostridia;o__Oscillospirales;f__Ethanoligenentaceae;g__Ethanoligenens;s__Ethanoligenens harbinense,,anfO
205068,RS_GCF_000178835.2,anfO,NC_015275.1_455_A,4.1e-34,115.6,0.1,2,222,564156-564827,1,0,NC_015275.1,455,2,anfO,d__Bacteria;p__Bacillota;c__Clostridia;o__Lachnospirales;f__Cellulosilyticaceae;g__Cellulosilyticum;s__Cellulosilyticum lentocellum,,anfO
205069,RS_GCF_000183135.1,anfO,NC_014734.1_1365_A,5.3000000000000003e-45,150.7,0.0,0,208,1634691-1635440,-1,0,NC_014734.1,1365,1,anfO,d__Bacteria;p__Bacteroidota;c__Bacteroidia;o__Bacteroidales;f__Paludibacteraceae;g__Paludibacter;s__Paludibacter propionicigenes,,anfO
205070,RS_GCF_000183135.1,anfO,NC_014734.1_1366_A,2e-52,174.9,0.1,0,205,1635537-1636226,-1,0,NC_014734.1,1366,1,anfO,d__Bacteria;p__Bacteroidota;c__Bacteroidia;o__Bacteroidales;f__Paludibacteraceae;g__Paludibacter;s__Paludibacter propionicigenes,,anfO
205071,RS_GCF_000189755.2,anfO,NZ_KI912183.1_840_A,7.4e-60,199.2,0.0,2,209,831984-832613,-1,0,NZ_KI912183.1,840,1,anfO,d__Bacteria;p__Bacillota;c__Desulfotomaculia;o__Desulfotomaculales;f__Desulfotomaculaceae;g__Desulfotomaculum;s__Desulfotomaculum nigrificans,,anfO
205072,RS_GCF_000190635.1,anfO,NC_015172.1_2803_A,1.9e-54,181.7,0.4,10,231,2873142-2873840,-1,0,NC_015172.1,2803,3,anfO,d__Bacteria;p__Bacillota;c__Desulfitobacteriia;o__Desulfitobacteriales;f__Syntrophobotulaceae;g__Syntrophobotulus;s__Syntrophobotulus glycolicus,,anfO
205073,RS_GCF_000215085.1,anfO,NC_015589.1_3465_A,3.1e-60,200.8,0.0,2,209,3501041-3501670,-1,0,NC_015589.1,3465,1,anfO,d__Bacteria;p__Bacillota;c__Desulfotomaculia;o__Desulfotomaculales;f__Desulfotomaculaceae;g__Desulfotomaculum;s__Desulfotomaculum ruminis,,anfO
205074,RS_GCF_000218875.1,anfO,NC_015709.1_960_A,1e-62,207.8,0.0,0,232,1123468-1124166,-1,0,NC_015709.1,960,2,anfO,d__Bacteria;p__Pseudomonadota;c__Alphaproteobacteria;o__Sphingomonadales;f__Sphingomonadaceae;g__Zymomonas;s__Zymomonas pomaceae,,anfO
205075,RS_GCF_000224065.1,anfO,NZ_AFWT01000026.1_12_A,4.799999999999999e-53,177.6,0.0,0,204,10320-11030,1,0,NZ_AFWT01000026.1,12,1,anfO,d__Bacteria;p__Pseudomonadota;c__Gammaproteobacteria;o__Chromatiales;f__Chromatiaceae;g__Imhoffiella;s__Imhoffiella drewsii,,anfO
205076,RS_GCF_000230835.1,anfO,NZ_CM001240.1_3258_A,1.5e-46,156.7,1.6,1,200,3503714-3504316,1,0,NZ_CM001240.1,3258,6,anfO,d__Bacteria;p__Bacillota;c__Clostridia;o__Clostridiales;f__Clostridiaceae;g__Clostridium;s__Clostridium sp000230835,,anfO
205077,RS_GCF_000233715.2,anfO,NC_021184.1_2320_A,3e-50,168.4,0.0,2,200,2451786-2452397,-1,0,NC_021184.1,2320,3,anfO,d__Bacteria;p__Bacillota;c__Desulfotomaculia;o__Desulfotomaculales;f__Desulfallaceae;g__Sporotomaculum;s__Sporotomaculum gibsoniae,,anfO
205078,RS_GCF_000244875.1,anfO,NC_016791.1_1755_A,3.2e-05,21.1,0.1,2,115,2068325-2068672,1,0,NC_016791.1,1755,6,nifB,d__Bacteria;p__Bacillota;c__Clostridia;o__Acetivibrionales;f__DSM-1351;g__Ruminiclostridium;s__Ruminiclostridium sp000244875,,anfO
205079,RS_GCF_000246895.1,anfO,NZ_BAEV01000023.1_15_A,9.3e-07,26.0,0.1,2,114,18131-18475,-1,0,NZ_BAEV01000023.1,15,1,nifB,d__Bacteria;p__Bacillota;c__Clostridia;o__Clostridiales;f__Clostridiaceae;g__Clostridium_I;s__Clostridium_I arbusti,,anfO
205080,RS_GCF_000246895.1,anfO,NZ_BAEV01000023.1_16_A,1.5e-05,22.1,0.0,3,112,18527-18868,-1,0,NZ_BAEV01000023.1,16,1,nifB,d__Bacteria;p__Bacillota;c__Clostridia;o__Clostridiales;f__Clostridiaceae;g__Clostridium_I;s__Clostridium_I arbusti,,anfO
205081,RS_GCF_000247605.1,anfO,NC_016894.1_701_A,1.9e-62,207.9,0.0,0,202,794695-795303,-1,0,NC_016894.1,701,1,anfO,d__Bacteria;p__Bacillota;c__Clostridia;o__Eubacteriales;f__Eubacteriaceae;g__Acetobacterium;s__Acetobacterium woodii,,anfO
205082,RS_GCF_000247605.1,anfO,NC_016894.1_802_A,2.5e-52,174.9,0.1,6,212,915945-916583,-1,0,NC_016894.1,802,2,anfO,d__Bacteria;p__Bacillota;c__Clostridia;o__Eubacteriales;f__Eubacteriaceae;g__Acetobacterium;s__Acetobacterium woodii,,anfO
205083,RS_GCF_000260795.1,anfO,NZ_AJGU01000011.1_22_A,6.2e-05,19.6,0.0,15,124,29650-30051,-1,0,NZ_AJGU01000011.1,22,2,nifB,d__Bacteria;p__Spirochaetota;c__Spirochaetia;o__Treponematales;f__Treponemataceae;g__Treponema_D;s__Treponema_D sp000260795,,anfO
205084,RS_GCF_000271485.2,anfO,NZ_AKVN02000001.1_4462_A,9.4e-56,186.4,0.1,2,211,4828791-4829426,-1,0,NZ_AKVN02000001.1,4462,2,anfO,d__Bacteria;p__Bacillota;c__Negativicutes;o__DSM-13327;f__DSM-13327;g__Pelosinus;s__Pelosinus fermentans,,anfO
205085,RS_GCF_000280495.2,anfO,NZ_CP018016.1_2218_A,2e-48,162.8,0.0,0,203,2342158-2342769,1,0,NZ_CP018016.1,2218,2,anfO,d__Bacteria;p__Pseudomonadota;c__Gammaproteobacteria;o__Enterobacterales;f__Enterobacteriaceae;g__Kosakonia;s__Kosakonia radicincitans,,anfO
205086,RS_GCF_000284415.1,anfO,NC_017059.1_561_A,1.2e-50,169.4,0.0,0,222,632880-633566,-1,0,NC_017059.1,561,5,anfO,d__Bacteria;p__Pseudomonadota;c__Alphaproteobacteria;o__Rhodospirillales;f__Rhodospirillaceae;g__Pararhodospirillum;s__Pararhodospirillum photometricum,,anfO
205087,RS_GCF_000293785.1,anfO,NZ_AKZI01000081.1_43_A,3.6e-56,187.7,0.0,0,235,47540-48250,1,0,NZ_AKZI01000081.1,43,1,anfO,d__Bacteria;p__Pseudomonadota;c__Alphaproteobacteria;o__Rhizobiales;f__Xanthobacteraceae;g__Rhodoplanes;s__Rhodoplanes sp000293785,,anfO
205088,RS_GCF_000294655.1,anfO,NZ_CAHP01000020.1_248_A,3.9e-52,174.3,0.0,0,232,279218-279916,-1,0,NZ_CAHP01000020.1,248,1,anfO,d__Bacteria;p__Pseudomonadota;c__Alphaproteobacteria;o__Rhodospirillales;f__Magnetospirillaceae;g__Phaeospirillum;s__Phaeospirillum molischianum,,anfO
205089,RS_GCF_000297095.1,anfO,NZ_AEEA01000019.1_87_A,5.4999999999999994e-68,226.0,0.0,0,209,94755-95384,1,0,NZ_AEEA01000019.1,87,1,anfO,d__Bacteria;p__Spirochaetota;c__Spirochaetia;o__Treponematales;f__Breznakiellaceae;g__Termitinema;s__Termitinema primitia_A,,anfO
205090,RS_GCF_000315365.1,anfO,NZ_CAOS01000003.1_438_A,1.3e-59,198.2,0.0,2,208,463819-464445,-1,0,NZ_CAOS01000003.1,438,1,anfO,d__Bacteria;p__Bacillota;c__Desulfotomaculia;o__Desulfotomaculales;f__Desulfotomaculaceae;g__Desulfotomaculum;s__Desulfotomaculum hydrothermale,,anfO
205091,RS_GCF_000317435.1,anfO,NC_019751.1_203_A,3e-05,21.7,0.0,0,130,244707-245120,1,0,NC_019751.1,203,8,nifB,d__Bacteria;p__Cyanobacteriota;c__Cyanobacteriia;o__Cyanobacteriales;f__Nostocaceae;g__PCC-6303;s__PCC-6303 sp000317435,,anfO
205092,RS_GCF_000340885.1,anfO,NC_020291.1_2995_A,8.899999999999999e-49,164.0,2.0,2,211,3343806-3344441,1,0,NC_020291.1,2995,2,anfO,d__Bacteria;p__Bacillota;c__Clostridia;o__Clostridiales;f__Clostridiaceae;g__Clostridium;s__Clostridium saccharoperbutylacetonicum,,anfO
205093,RS_GCF_000340885.1,anfO,NC_020291.1_3005_A,2e-41,139.9,0.5,1,201,3354294-3354899,1,0,NC_020291.1,3005,2,anfO,d__Bacteria;p__Bacillota;c__Clostridia;o__Clostridiales;f__Clostridiaceae;g__Clostridium;s__Clostridium saccharoperbutylacetonicum,,anfO
205094,RS_GCF_000350105.1,anfO,NZ_CAIY01000015.1_25_A,2.4e-05,20.7,0.0,0,124,27383-27787,1,0,NZ_CAIY01000015.1,25,1,nifB,d__Bacteria;p__Cyanobacteriota;c__Cyanobacteriia;o__Cyanobacteriales;f__Nostocaceae;g__Richelia;s__Richelia intracellularis,,anfO
205095,RS_GCF_000350485.1,anfO,NZ_AORV01000038.1_31_A,4.4e-35,119.1,0.0,1,203,41344-41958,1,0,NZ_AORV01000038.1,31,1,anfO,d__Bacteria;p__Bacillota;c__Clostridia;o__Acetivibrionales;f__DSM-1351;g__Ruminiclostridium;s__Ruminiclostridium termitidis,,anfO
205096,RS_GCF_000350485.1,anfO,NZ_AORV01000040.1_12_A,2.5e-56,188.5,0.1,4,208,16222-16887,-1,0,NZ_AORV01000040.1,12,1,anfO,d__Bacteria;p__Bacillota;c__Clostridia;o__Acetivibrionales;f__DSM-1351;g__Ruminiclostridium;s__Ruminiclostridium termitidis,,anfO
205097,RS_GCF_000373985.1,anfO,NZ_KB893046.1_33_A,2.8e-63,211.1,0.0,0,202,37844-38452,-1,0,NZ_KB893046.1,33,1,anfO,d__Bacteria;p__Desulfobacterota;c__Desulfobacteria;o__Desulfobacterales;f__Desulfobacteraceae;g__Desulfobacter;s__Desulfobacter curvatus,,anfO
205098,RS_GCF_000374545.1,anfO,NZ_KB894582.1_27_A,2.1e-49,165.2,0.0,2,206,23213-23833,1,0,NZ_KB894582.1,27,1,anfO,d__Bacteria;p__Bacillota;c__Negativicutes;o__Anaeromusales;f__Anaeromusaceae;g__Anaeromusa;s__Anaeromusa acidaminophila,,anfO
205099,RS_GCF_000376385.1,anfO,NZ_AQWN01000004.1_187_A,4.7e-53,176.8,0.0,2,210,205126-205758,1,0,NZ_AQWN01000004.1,187,1,anfO,d__Bacteria;p__Bacillota;c__Desulfotomaculia;o__Desulfotomaculales;f__Desulfurisporaceae;g__Desulfurispora;s__Desulfurispora thermophila,,anfO
205100,RS_GCF_000389635.1,anfO,NC_021182.1_3342_A,6.5e-60,200.1,0.0,2,212,3467652-3468314,-1,0,NC_021182.1,3342,8,anfO,d__Bacteria;p__Bacillota;c__Clostridia;o__Clostridiales;f__Clostridiaceae;g__Clostridium_I;s__Clostridium_I pasteurianum_A,,anfO
205101,RS_GCF_000389635.1,anfO,NC_021182.1_3344_A,1.5e-64,215.2,1.2,2,212,3469920-3470558,-1,0,NC_021182.1,3344,8,anfO,d__Bacteria;p__Bacillota;c__Clostridia;o__Clostridiales;f__Clostridiaceae;g__Clostridium_I;s__Clostridium_I pasteurianum_A,,anfO
205102,RS_GCF_000389635.1,anfO,NC_021182.1_4028_A,1.7e-05,22.3,0.0,2,112,4238847-4239191,-1,0,NC_021182.1,4028,4,nifB,d__Bacteria;p__Bacillota;c__Clostridia;o__Clostridiales;f__Clostridiaceae;g__Clostridium_I;s__Clostridium_I pasteurianum_A,,anfO
205103,RS_GCF_000400505.1,anfO,NZ_CM001857.1_2656_A,1.5e-56,188.8,0.0,0,206,3039967-3040593,1,0,NZ_CM001857.1,2656,1,anfO,d__Bacteria;p__Pseudomonadota;c__Gammaproteobacteria;o__Enterobacterales;f__Enterobacteriaceae;g__Musicola;s__Musicola paradisiaca,,anfO
205104,RS_GCF_000420465.1,anfO,NZ_ATUZ01000015.1_103_A,9.6e-37,123.6,0.0,3,210,130178-130828,-1,0,NZ_ATUZ01000015.1,103,1,anfO,d__Bacteria;p__Desulfobacterota;c__Desulfovibrionia;o__Desulfovibrionales;f__Desulfovibrionaceae;g__Desulfovibrio;s__Desulfovibrio desulfuricans,,anfO
205105,RS_GCF_000421965.1,anfO,NZ_ATAY01000019.1_12_A,1e-05,22.7,0.1,2,115,8989-9336,1,0,NZ_ATAY01000019.1,12,1,nifB,d__Bacteria;p__Bacillota;c__Clostridia;o__Acetivibrionales;f__DSM-1351;g__Ruminiclostridium;s__Ruminiclostridium papyrosolvens_A,,anfO
205106,RS_GCF_000426485.1,anfO,NZ_AUFL01000008.1_97_A,5.9999999999999996e-55,183.4,0.0,0,214,128162-128806,-1,0,NZ_AUFL01000008.1,97,1,anfO,d__Bacteria;p__Bacteroidota;c__Bacteroidia;o__Bacteroidales;f__Dysgonomonadaceae;g__Dysgonomonas_A;s__Dysgonomonas_A capnocytophagoides,,anfO
205107,RS_GCF_000430885.1,anfO,NZ_AUMW01000018.1_60_A,2.9e-52,174.6,0.0,2,204,51347-51964,1,0,NZ_AUMW01000018.1,60,1,anfO,d__Bacteria;p__Bacillota;c__Desulfotomaculia;o__Desulfotomaculales;f__Desulfallaceae;g__Desulfotruncus;s__Desulfotruncus alcoholivorax,,anfO
205108,RS_GCF_000442515.1,anfO,NZ_AQPH01000081.1_11_A,5.3e-49,164.0,0.0,0,246,7466-8206,-1,0,NZ_AQPH01000081.1,11,1,anfO,d__Bacteria;p__Pseudomonadota;c__Alphaproteobacteria;o__Rhodospirillales;f__Magnetospirillaceae;g__Phaeospirillum;s__Phaeospirillum fulvum_B,,anfO
205109,RS_GCF_000445445.2,anfO,NZ_CP146301.1_4602_A,5e-53,177.7,0.0,2,205,4894182-4894799,-1,0,NZ_CP146301.1,4602,1,anfO,d__Bacteria;p__Bacillota;c__Negativicutes;o__Sporomusales;f__Sporomusaceae;g__Sporomusa;s__Sporomusa ovata,,anfO
205110,RS_GCF_000472285.1,anfO,NZ_KI421420.1_78_A,6.7e-05,20.1,0.0,0,110,86937-87308,-1,0,NZ_KI421420.1,78,1,nifB,d__Bacteria;p__Desulfobacterota;c__Desulfuromonadia;o__Desulfuromonadales;f__ATBO01;g__ATBO01;s__ATBO01 sp000472285,,anfO
205111,RS_GCF_000518685.1,anfO,NZ_JAEB01000011.1_74_A,2.5e-05,20.6,0.0,4,114,96944-97297,-1,0,NZ_JAEB01000011.1,74,1,nifB,d__Bacteria;p__Bacillota;c__Clostridia;o__Lachnospirales;f__Lachnospiraceae;g__Eubacterium_F;s__Eubacterium_F xylanophilum,,anfO
205112,RS_GCF_000520715.1,anfO,NZ_ASSD01000595.1_4_A,5.8e-06,23.9,0.0,3,123,3508-3882,-1,0,NZ_ASSD01000595.1,4,1,nifB,d__Bacteria;p__Bacillota;c__Bacilli;o__Paenibacillales;f__Paenibacillaceae;g__Paenibacillus_AQ;s__Paenibacillus_AQ zanthoxyli,,anfO
205113,RS_GCF_000521465.1,anfO,NZ_BAVR01000001.1_85_A,1e-05,22.9,0.0,2,110,83725-84060,1,0,NZ_BAVR01000001.1,85,1,nifB,d__Bacteria;p__Bacillota;c__Clostridia;o__Acetivibrionales;f__Acetivibrionaceae;g__Hungateiclostridium;s__Hungateiclostridium straminisolvens,,anfO
205114,RS_GCF_000526495.1,anfO,NZ_JAGE01000002.1_588_A,1.1e-05,22.6,0.1,2,115,703124-703471,-1,0,NZ_JAGE01000002.1,588,1,nifB,d__Bacteria;p__Bacillota;c__Clostridia;o__Acetivibrionales;f__DSM-1351;g__Ruminiclostridium;s__Ruminiclostridium josui,,anfO
205115,RS_GCF_000526775.1,anfO,NZ_JAGS01000001.1_1452_A,1.8e-05,21.8,0.0,1,109,1712635-1712967,1,0,NZ_JAGS01000001.1,1452,4,nifB,d__Bacteria;p__Bacillota;c__Clostridia;o__Oscillospirales;f__Ruminococcaceae;g__Hominimerdicola;s__Hominimerdicola alba_A,,anfO
205116,RS_GCF_000526995.1,anfO,NZ_AZUI01000001.1_5331_A,3.3e-33,113.0,0.0,1,203,5950436-5951047,-1,0,NZ_AZUI01000001.1,5331,1,anfO,d__Bacteria;p__Bacillota;c__Clostridia;o__Lachnospirales;f__Lachnospiraceae;g__Lacrimispora;s__Lacrimispora indolis,,anfO
205117,RS_GCF_000577895.1,anfO,NZ_HG917869.1_433_A,6.8e-48,160.3,0.4,1,201,452586-453194,-1,0,NZ_HG917869.1,433,1,anfO,d__Bacteria;p__Bacillota;c__Clostridia;o__Clostridiales;f__Clostridiaceae;g__Clostridium_AN;s__Clostridium_AN bornimense,,anfO
205118,RS_GCF_000612505.1,anfO,NZ_CP004078.1_3121_A,1.8e-06,25.5,0.0,17,137,3380976-3381392,-1,0,NZ_CP004078.1,3121,3,nifB,d__Bacteria;p__Bacillota;c__Bacilli;o__Paenibacillales;f__Paenibacillaceae;g__Paenibacillus_AQ;s__Paenibacillus_AQ sabinae,,anfO
205119,RS_GCF_000621505.1,anfO,NZ_JHYD01000009.1_83_A,9.5e-05,19.9,0.0,2,116,82778-83134,-1,0,NZ_JHYD01000009.1,83,1,nifB,d__Bacteria;p__Bacillota;c__Clostridia;o__Acetivibrionales;f__DSM-1351;g__Ruminiclostridium;s__Ruminiclostridium cellobioparum,,anfO
205120,RS_GCF_000621505.1,anfO,NZ_JHYD01000046.1_30_A,2.5e-35,119.8,0.0,1,204,34251-34865,-1,0,NZ_JHYD01000046.1,30,1,anfO,d__Bacteria;p__Bacillota;c__Clostridia;o__Acetivibrionales;f__DSM-1351;g__Ruminiclostridium;s__Ruminiclostridium cellobioparum,,anfO
205121,RS_GCF_000621745.1,anfO,NZ_KK211339.1_41_A,3.700000000000001e-44,148.8,1.0,1,204,47348-47962,1,0,NZ_KK211339.1,41,1,anfO,d__Bacteria;p__Bacillota;c__Clostridia;o__Clostridiales;f__Clostridiaceae;g__Clostridium;s__Clostridium beijerinckii_A,,anfO
205122,RS_GCF_000622085.1,anfO,NZ_JHWL01000004.1_185_A,3e-05,21.0,0.0,4,122,223689-224057,1,0,NZ_JHWL01000004.1,185,1,anfO,d__Bacteria;p__Bacillota;c__Clostridia;o__Lachnospirales;f__Lachnospiraceae;g__Butyrivibrio;s__Butyrivibrio proteoclasticus_A,,anfO
205123,RS_GCF_000636015.1,anfO,NZ_JFZJ01000001.1_74_A,3.1000000000000006e-58,194.1,0.0,0,235,86795-87544,-1,0,NZ_JFZJ01000001.1,74,1,anfO,d__Bacteria;p__Pseudomonadota;c__Alphaproteobacteria;o__Rhizobiales;f__Rhodomicrobiaceae;g__Rhodomicrobium;s__Rhodomicrobium udaipurense,,anfO
205124,RS_GCF_000686125.1,anfO,NZ_JMMA01000002.1_734_A,9.7e-06,22.5,0.0,1,112,840377-840721,-1,0,NZ_JMMA01000002.1,734,1,nifB,d__Bacteria;p__Bacillota;c__Clostridia;o__Oscillospirales;f__Ruminococcaceae;g__NK3A76;s__NK3A76 sp000686125,,anfO
205125,RS_GCF_000686725.1,anfO,NZ_JMLK01000008.1_190_A,5.3e-71,236.2,0.2,2,212,189696-190337,-1,0,NZ_JMLK01000008.1,190,1,anfO,d__Bacteria;p__Bacillota;c__Clostridia;o__Clostridiales;f__Clostridiaceae;g__Clostridium_I;s__Clostridium_I akagii,,anfO
205126,RS_GCF_000687555.1,anfO,NZ_JHWJ01000012.1_115_A,7.7e-36,121.3,0.0,0,203,113740-114351,-1,0,NZ_JHWJ01000012.1,115,1,anfO,d__Bacteria;p__Bacillota;c__Clostridia;o__Lachnospirales;f__Lachnospiraceae;g__Lacrimispora;s__Lacrimispora aerotolerans,,anfO
205127,RS_GCF_000702205.1,anfO,NZ_JNKW01000004.1_162_A,3.3e-05,20.3,0.0,4,114,169793-170149,-1,0,NZ_JNKW01000004.1,162,1,nifB,d__Bacteria;p__Bacillota;c__Clostridia;o__Lachnospirales;f__Lachnospiraceae;g__Lachnospira;s__Lachnospira multipara_A,,anfO
205128,RS_GCF_000725345.1,anfO,NZ_CP008852.1_42_A,2.8e-57,191.4,0.0,2,209,50285-50914,1,0,NZ_CP008852.1,42,5,anfO,d__Bacteria;p__Bacillota;c__Negativicutes;o__DSM-13327;f__DSM-13327;g__Pelosinus;s__Pelosinus sp000725345,,anfO
205129,RS_GCF_000746025.2,anfO,NZ_CP045798.1_396_A,1.4e-58,195.4,0.4,2,210,384379-385029,1,0,NZ_CP045798.1,396,6,anfO,d__Bacteria;p__Bacillota;c__Peptococcia;o__DRI-13;f__DRI-13;g__Thermanaerosceptrum;s__Thermanaerosceptrum fracticalcis,,anfO
205130,RS_GCF_000756615.1,anfO,NZ_CP009288.1_3307_A,4.1e-06,24.5,0.0,3,123,3863280-3863654,-1,0,NZ_CP009288.1,3307,4,nifB,d__Bacteria;p__Bacillota;c__Bacilli;o__Paenibacillales;f__Paenibacillaceae;g__Paenibacillus_AQ;s__Paenibacillus_AQ durus,,anfO
205131,RS_GCF_000758685.1,anfO,NZ_CP009286.1_3308_A,6.4e-06,23.8,0.0,3,123,3564364-3564738,-1,0,NZ_CP009286.1,3308,2,nifB,d__Bacteria;p__Bacillota;c__Bacilli;o__Paenibacillales;f__Paenibacillaceae;g__Paenibacillus_AQ;s__Paenibacillus_AQ stellifer,,anfO
205132,RS_GCF_000807255.1,anfO,NZ_CP009268.1_3285_A,2.1e-05,21.7,0.0,2,118,3614962-3615318,-1,0,NZ_CP009268.1,3285,7,nifB,d__Bacteria;p__Bacillota;c__Clostridia;o__Clostridiales;f__Clostridiaceae;g__Clostridium_I;s__Clostridium_I pasteurianum,,anfO
205133,RS_GCF_000807255.1,anfO,NZ_CP009268.1_264_A,6.9e-64,212.8,0.6,0,202,314766-315374,1,0,NZ_CP009268.1,264,12,anfO,d__Bacteria;p__Bacillota;c__Clostridia;o__Clostridiales;f__Clostridiaceae;g__Clostridium_I;s__Clostridium_I pasteurianum,,anfO
205134,RS_GCF_000807255.1,anfO,NZ_CP009268.1_1367_A,1.8e-59,198.4,0.6,2,213,1508516-1509163,1,0,NZ_CP009268.1,1367,20,anfO,d__Bacteria;p__Bacillota;c__Clostridia;o__Clostridiales;f__Clostridiaceae;g__Clostridium_I;s__Clostridium_I pasteurianum,,anfO
205135,RS_GCF_000807255.1,anfO,NZ_CP009268.1_1369_A,6e-60,199.9,0.1,2,212,1510817-1511473,1,0,NZ_CP009268.1,1369,20,anfO,d__Bacteria;p__Bacillota;c__Clostridia;o__Clostridiales;f__Clostridiaceae;g__Clostridium_I;s__Clostridium_I pasteurianum,,anfO
205136,RS_GCF_000983115.1,anfO,NZ_CGIH01000027.1_166_A,1.5999999999999998e-49,165.3,0.0,0,201,176071-176676,-1,0,NZ_CGIH01000027.1,166,1,anfO,d__Bacteria;p__Bacillota;c__Syntrophomonadia;o__Syntrophomonadales;f__Syntrophomonadaceae;g__Syntrophomonas_B;s__Syntrophomonas_B zehnderi,,anfO
205137,RS_GCF_000993825.1,anfO,NZ_CP011114.1_2605_A,4.5e-06,24.3,0.0,3,123,2802242-2802616,-1,0,NZ_CP011114.1,2605,3,nifB,d__Bacteria;p__Bacillota;c__Bacilli;o__Paenibacillales;f__Paenibacillaceae;g__Paenibacillus_AQ;s__Paenibacillus_AQ durus_B,,anfO
205138,RS_GCF_001027545.1,anfO,NZ_CP009498.1_689_A,1.7e-05,20.4,0.1,42,112,845539-845877,1,0,NZ_CP009498.1,689,1,nifB,d__Bacteria;p__Elusimicrobiota;c__Endomicrobiia;o__Endomicrobiales;f__Endomicrobiaceae;g__Endomicrobium;s__Endomicrobium proavitum,,anfO
205139,RS_GCF_001045675.1,anfO,NZ_LEKT01000018.1_9_A,4.3e-39,131.5,0.1,8,215,7905-8585,-1,0,NZ_LEKT01000018.1,9,1,anfO,d__Bacteria;p__Bacillota;c__Negativicutes;o__Veillonellales;f__Megasphaeraceae;g__Megasphaera;s__Megasphaera cerevisiae,,anfO
205140,RS_GCF_001263355.1,anfO,NZ_LGYO01000022.1_261_A,7.9e-49,163.5,0.0,6,212,282628-283266,-1,0,NZ_LGYO01000022.1,261,1,anfO,d__Bacteria;p__Bacillota;c__Clostridia;o__Eubacteriales;f__Eubacteriaceae;g__Acetobacterium;s__Acetobacterium bakii,,anfO
205141,RS_GCF_001263415.1,anfO,NZ_LGTE01000008.1_66_A,1.6e-58,194.9,0.0,2,210,60735-61370,1,0,NZ_LGTE01000008.1,66,1,anfO,d__Bacteria;p__Bacillota;c__Thermincolia;o__Thermincolales;f__Thermincolaceae;g__Thermincola;s__Thermincola ferriacetica,,anfO
205142,RS_GCF_001295845.1,anfO,NZ_LJIC01000158.1_102_A,2.8000000000000002e-59,198.2,0.0,0,227,106023-106712,-1,0,NZ_LJIC01000158.1,102,1,anfO,d__Bacteria;p__Pseudomonadota;c__Alphaproteobacteria;o__Rhizobiales;f__Xanthobacteraceae;g__Rhodopseudomonas;s__Rhodopseudomonas sp001295845,,anfO
205143,RS_GCF_001298735.1,anfO,NZ_CYSP01000014.1_51_A,1.1999999999999999e-54,182.6,0.0,2,209,54128-54757,1,0,NZ_CYSP01000014.1,51,2,anfO,d__Bacteria;p__Bacillota;c__Negativicutes;o__Propionisporales;f__Propionisporaceae;g__Propionispora;s__Propionispora sp001298735,,anfO
205144,RS_GCF_001402875.1,anfO,NZ_CP012946.1_2852_A,1.2999999999999999e-46,156.0,0.0,0,211,3247881-3248522,1,0,NZ_CP012946.1,2852,8,anfO,d__Bacteria;p__Pseudomonadota;c__Alphaproteobacteria;o__Rhizobiales;f__Xanthobacteraceae;g__Blastochloris;s__Blastochloris viridis,,anfO
205145,RS_GCF_001571105.1,anfO,NZ_BCTD01000006.1_72_A,1.1e-68,228.7,0.0,0,242,73804-74541,-1,0,NZ_BCTD01000006.1,72,1,anfO,d__Bacteria;p__Pseudomonadota;c__Gammaproteobacteria;o__Pseudomonadales;f__Pseudomonadaceae;g__Azotobacter;s__Azotobacter vinelandii,,anfO
205146,RS_GCF_001571775.1,anfO,NZ_LRVM01000004.1_241_A,2.4e-45,151.8,0.1,2,203,271329-271943,1,0,NZ_LRVM01000004.1,241,1,anfO,d__Bacteria;p__Bacillota;c__Clostridia;o__Lachnospirales;f__Anaerotignaceae;g__Chakrabartyella;s__Chakrabartyella neopropionicum,,anfO
205147,RS_GCF_001611555.1,anfO,NZ_LSGP01000001.1_121_A,2.6e-55,184.7,0.0,2,209,140971-141600,1,0,NZ_LSGP01000001.1,121,1,anfO,d__Bacteria;p__Bacillota;c__Negativicutes;o__Sporomusales;f__Acetonemataceae;g__Anaerosporomusa;s__Anaerosporomusa subterranea,,anfO
205148,RS_GCF_001623875.1,anfO,NZ_LWAE01000003.1_277_A,2.8e-63,211.4,1.2,2,212,300382-301023,-1,0,NZ_LWAE01000003.1,277,1,anfO,d__Bacteria;p__Bacillota;c__Clostridia;o__Clostridiales;f__Clostridiaceae;g__Clostridium_AM;s__Clostridium_AM magnum,,anfO
205149,RS_GCF_001623875.1,anfO,NZ_LWAE01000003.1_298_A,1.6e-29,101.1,0.0,0,92,327462-327743,-1,0,NZ_LWAE01000003.1,298,1,anfO,d__Bacteria;p__Bacillota;c__Clostridia;o__Clostridiales;f__Clostridiaceae;g__Clostridium_AM;s__Clostridium_AM magnum,,anfO
205150,RS_GCF_001658025.2,anfO,NZ_CP014007.2_2186_A,9.7e-50,166.9,0.0,0,203,2319891-2320502,1,0,NZ_CP014007.2,2186,1,anfO,d__Bacteria;p__Pseudomonadota;c__Gammaproteobacteria;o__Enterobacterales;f__Enterobacteriaceae;g__Kosakonia;s__Kosakonia oryzae,,anfO
205151,RS_GCF_001730225.1,anfO,NZ_MIJE01000032.1_116_A,2.0999999999999998e-55,184.6,0.0,2,213,111235-111876,-1,0,NZ_MIJE01000032.1,116,1,anfO,d__Bacteria;p__Bacillota;c__Bacilli;o__Desulfuribacillales;f__Desulfuribacillaceae;g__Desulfuribacillus;s__Desulfuribacillus alkaliarsenatis,,anfO
205152,RS_GCF_001742305.1,anfO,NZ_MJAT01000037.1_137_A,3.4e-51,170.9,0.3,2,213,146797-147438,1,0,NZ_MJAT01000037.1,137,1,anfO,d__Bacteria;p__Bacillota;c__Bacilli;o__Desulfuribacillales;f__Desulfuribacillaceae;g__Desulfuribacillus_A;s__Desulfuribacillus_A stibiiarsenatis,,anfO
205153,RS_GCF_001766835.1,anfO,NZ_LKEU01000018.1_9_A,2.5e-54,181.4,0.0,6,212,6210-6848,1,0,NZ_LKEU01000018.1,9,1,anfO,d__Bacteria;p__Bacillota;c__Clostridia;o__Eubacteriales;f__Eubacteriaceae;g__Acetobacterium;s__Acetobacterium wieringae,,anfO
205154,RS_GCF_001877035.1,anfO,NZ_CP015756.1_1242_A,5.500000000000001e-71,236.1,0.2,0,208,1360153-1360779,1,0,NZ_CP015756.1,1242,1,anfO,d__Bacteria;p__Bacillota;c__Clostridia;o__Clostridiales;f__Clostridiaceae;g__Clostridium_AD;s__Clostridium_AD estertheticum,,anfO
205155,RS_GCF_001887775.1,anfO,NZ_CP015519.1_178_A,2e-06,24.6,0.0,0,107,190055-190399,1,0,NZ_CP015519.1,178,4,nifB,d__Bacteria;p__Desulfobacterota;c__Desulfuromonadia;o__Desulfuromonadales;f__Syntrophotaleaceae;g__Syntrophotalea_A;s__Syntrophotalea_A acetylenivorans,,anfO
205156,RS_GCF_001902295.1,anfO,NZ_CP018335.1_2110_A,7.2e-66,219.4,0.4,2,212,2211678-2212316,-1,0,NZ_CP018335.1,2110,2,anfO,d__Bacteria;p__Bacillota;c__Clostridia;o__Clostridiales;f__Clostridiaceae;g__Clostridium_B;s__Clostridium_B kluyveri_B,,anfO
205157,RS_GCF_001941975.2,anfO,NZ_CP146991.1_4027_A,3e-52,175.0,0.0,2,205,4464466-4465083,-1,0,NZ_CP146991.1,4027,3,anfO,d__Bacteria;p__Bacillota;c__Negativicutes;o__Sporomusales;f__Sporomusaceae;g__Sporomusa;s__Sporomusa sphaeroides,,anfO
205158,RS_GCF_002005145.1,anfO,NZ_CP019698.1_1956_A,1.8e-58,194.7,0.0,2,209,2055141-2055773,-1,0,NZ_CP019698.1,1956,1,anfO,d__Bacteria;p__Bacillota;c__Desulfotomaculia;o__Desulfotomaculales;f__Desulfotomaculaceae;g__Desulfotomaculum;s__Desulfotomaculum ferrireducens,,anfO
205159,RS_GCF_002006345.1,anfO,NZ_LZZM01000215.1_8_A,1.1e-42,143.9,2.7,1,202,7236-7844,1,0,NZ_LZZM01000215.1,8,1,anfO,d__Bacteria;p__Bacillota;c__Clostridia;o__Clostridiales;f__Clostridiaceae;g__Clostridium;s__Clostridium puniceum,,anfO
205160,RS_GCF_002029235.1,anfO,NZ_MZGV01000018.1_8_A,7.6e-76,252.0,0.1,0,205,7432-8067,-1,0,NZ_MZGV01000018.1,8,1,anfO,d__Bacteria;p__Bacillota;c__Clostridia;o__Clostridiales;f__Clostridiaceae;g__Clostridium_AE;s__Clostridium_AE oryzae,,anfO
205161,RS_GCF_002029255.1,anfO,NZ_MZGT01000078.1_4_A,1.3000000000000002e-44,150.0,1.5,1,201,4071-4676,1,0,NZ_MZGT01000078.1,4,1,anfO,d__Bacteria;p__Bacillota;c__Clostridia;o__Clostridiales;f__Clostridiaceae;g__Clostridium;s__Clostridium chromiireducens,,anfO
205162,RS_GCF_002051585.1,anfO,NZ_MZGX01000028.1_75_A,1.3e-05,22.5,0.0,2,122,65588-65971,-1,0,NZ_MZGX01000028.1,75,2,nifB,d__Bacteria;p__Bacillota;c__Clostridia;o__Acetivibrionales;f__DSM-1351;g__Ruminiclostridium;s__Ruminiclostridium hungatei,,anfO
205163,RS_GCF_002073975.1,anfO,NZ_CP020384.1_3355_A,8.400000000000001e-57,189.6,0.0,0,225,3583442-3584122,-1,0,NZ_CP020384.1,3355,3,anfO,d__Bacteria;p__Pseudomonadota;c__Alphaproteobacteria;o__Rhodobacterales;f__Rhodobacteraceae;g__Rhodovulum;s__Rhodovulum sp002073975,,anfO
205164,RS_GCF_002095535.1,anfO,NZ_MLJI01000002.1_206_A,2.1e-20,71.3,0.0,1,89,211142-211414,1,0,NZ_MLJI01000002.1,206,3,anfO,d__Bacteria;p__Pseudomonadota;c__Gammaproteobacteria;o__Enterobacterales;f__Enterobacteriaceae;g__Pantoea;s__Pantoea cypripedii,,anfO
205165,RS_GCF_002237645.1,anfO,NZ_MJUZ01000014.1_18_A,5.8e-34,114.5,0.0,52,230,25546-26268,1,0,NZ_MJUZ01000014.1,18,1,anfO,d__Bacteria;p__Desulfobacterota;c__Desulfovibrionia;o__Desulfovibrionales;f__Desulfovibrionaceae;g__Desulfovibrio;s__Desulfovibrio sp002237645,,anfO
205166,RS_GCF_002245985.1,anfO,NZ_NOLK01000003.1_9_A,5.2e-05,21.5,0.0,0,112,10282-10695,1,0,NZ_NOLK01000003.1,9,1,nifB,d__Bacteria;p__Cyanobacteriota;c__Cyanobacteriia;o__Cyanobacteriales;f__Nostocaceae;g__Nostoc;s__Nostoc sp002245985,,anfO
205167,RS_GCF_002257695.2,anfO,NZ_CP155571.1_5103_A,9e-50,167.2,0.0,2,205,5408083-5408700,-1,0,NZ_CP155571.1,5103,3,anfO,d__Bacteria;p__Bacillota;c__Negativicutes;o__Sporomusales;f__Sporomusaceae;g__Sporomusa;s__Sporomusa acidovorans,,anfO
205168,RS_GCF_002257705.2,anfO,NZ_CP155573.1_4983_A,1.3e-53,179.8,0.0,2,205,5254020-5254637,-1,0,NZ_CP155573.1,4983,5,anfO,d__Bacteria;p__Bacillota;c__Negativicutes;o__Sporomusales;f__Sporomusaceae;g__Sporomusa;s__Sporomusa silvacetica,,anfO
205169,RS_GCF_002291445.1,anfO,NZ_CP014137.1_64_A,4.2e-63,210.4,0.0,0,204,66662-67279,1,0,NZ_CP014137.1,64,1,anfO,d__Bacteria;p__Pseudomonadota;c__Gammaproteobacteria;o__Enterobacterales;f__Enterobacteriaceae;g__Brenneria;s__Brenneria goodwinii,,anfO
205170,RS_GCF_002760435.1,anfO,NZ_AUUU01000066.1_13_A,8.5e-47,157.5,1.8,1,203,12174-12785,1,0,NZ_AUUU01000066.1,13,1,anfO,d__Bacteria;p__Bacillota;c__Clostridia;o__Clostridiales;f__Clostridiaceae;g__Clostridium;s__Clostridium sp002760435,,anfO
205171,RS_GCF_002770725.1,anfO,NZ_NQVN01000002.1_268_A,1.5e-61,205.5,0.0,0,228,306523-307209,-1,0,NZ_NQVN01000002.1,268,2,anfO,d__Bacteria;p__Pseudomonadota;c__Alphaproteobacteria;o__Rhizobiales;f__Pleomorphomonadaceae;g__Pleomorphomonas;s__Pleomorphomonas carboxyditropha,,anfO
205172,RS_GCF_002834385.1,anfO,NZ_PITQ01000001.1_498_A,7.7999999999999985e-56,186.9,0.0,0,207,573051-573674,1,0,NZ_PITQ01000001.1,498,1,anfO,d__Bacteria;p__Pseudomonadota;c__Gammaproteobacteria;o__Enterobacterales;f__Enterobacteriaceae;g__Rahnella;s__Rahnella sp002834385,,anfO
205173,RS_GCF_002845745.1,anfO,NZ_PIUM01000009.1_76_A,1.5e-71,238.3,0.0,0,232,106167-106865,-1,0,NZ_PIUM01000009.1,76,1,anfO,d__Bacteria;p__Pseudomonadota;c__Alphaproteobacteria;o__Rhodospirillales;f__Magnetospirillaceae;g__Telmatospirillum;s__Telmatospirillum siberiense,,anfO
205174,RS_GCF_002933875.1,anfO,NZ_BFAV01000073.1_56_A,2.2e-57,191.4,0.0,2,210,57735-58373,1,0,NZ_BFAV01000073.1,56,1,anfO,d__Bacteria;p__Bacillota;c__Desulfotomaculia;o__Desulfotomaculales;f__Desulfocucumaceae;g__Desulfocucumis;s__Desulfocucumis palustris,,anfO
205175,RS_GCF_002933875.1,anfO,NZ_BFAV01000157.1_123_A,2.1e-56,188.1,0.0,2,208,129526-130152,-1,0,NZ_BFAV01000157.1,123,1,anfO,d__Bacteria;p__Bacillota;c__Desulfotomaculia;o__Desulfotomaculales;f__Desulfocucumaceae;g__Desulfocucumis;s__Desulfocucumis palustris,,anfO
205176,RS_GCF_002934545.1,anfO,NZ_PTJA01000002.1_79_A,2.9e-37,126.2,0.1,0,202,84609-85220,1,0,NZ_PTJA01000002.1,79,1,anfO,d__Bacteria;p__Bacillota;c__Clostridia;o__Lachnospirales;f__Lachnospiraceae;g__Lacrimispora;s__Lacrimispora xylanisolvens,,anfO
205177,RS_GCF_002937075.1,anfO,NZ_NHSJ01000060.1_13_A,2.8e-46,155.5,0.0,0,238,14111-14827,-1,0,NZ_NHSJ01000060.1,13,1,anfO,d__Bacteria;p__Pseudomonadota;c__Alphaproteobacteria;o__Rhizobiales;f__Beijerinckiaceae;g__Rhodoblastus;s__Rhodoblastus sphagnicola,,anfO
205178,RS_GCF_002995745.1,anfO,NZ_PVXQ01000001.1_148_A,1.6e-51,172.1,1.3,1,204,152793-153407,-1,0,NZ_PVXQ01000001.1,148,1,anfO,d__Bacteria;p__Bacillota;c__Clostridia;o__Clostridiales;f__Clostridiaceae;g__Clostridium;s__Clostridium vincentii,,anfO
205179,RS_GCF_003031265.1,anfO,NZ_CP019966.1_1408_A,3.6e-61,204.2,0.0,0,228,1535196-1535888,-1,0,NZ_CP019966.1,1408,2,anfO,d__Bacteria;p__Pseudomonadota;c__Alphaproteobacteria;o__Rhizobiales;f__Xanthobacteraceae;g__Rhodopseudomonas;s__Rhodopseudomonas palustris_H,,anfO
205180,RS_GCF_003115845.1,anfO,NZ_KZ819024.1_90_A,8.4e-65,215.8,0.0,0,205,104797-105414,-1,0,NZ_KZ819024.1,90,1,anfO,d__Bacteria;p__Pseudomonadota;c__Gammaproteobacteria;o__Enterobacterales;f__Enterobacteriaceae;g__Brenneria;s__Brenneria roseae,,anfO
205181,RS_GCF_003149105.1,anfO,NZ_QGDS01000018.1_41_A,2.5e-42,142.4,0.1,1,206,39256-39885,1,0,NZ_QGDS01000018.1,41,1,anfO,d__Bacteria;p__Bacillota;c__Clostridia;o__Lachnospirales;f__Lachnospiraceae;g__Muricomes;s__Muricomes contortus_C,,anfO
205182,RS_GCF_003182475.1,anfO,NZ_QGTS01000007.1_177_A,3.5e-52,174.8,0.0,0,205,201304-201933,-1,0,NZ_QGTS01000007.1,177,1,anfO,d__Bacteria;p__Pseudomonadota;c__Gammaproteobacteria;o__Enterobacterales;f__Enterobacteriaceae;g__Mangrovibacter;s__Mangrovibacter plantisponsor,,anfO
205183,RS_GCF_003217355.1,anfO,NZ_QJTK01000011.1_25_A,3.4e-59,197.3,0.0,0,225,22766-23443,1,0,NZ_QJTK01000011.1,25,1,anfO,d__Bacteria;p__Pseudomonadota;c__Alphaproteobacteria;o__Rhodobacterales;f__Rhodobacteraceae;g__Rhodobacter;s__Rhodobacter viridis,,anfO
205184,RS_GCF_003226555.1,anfO,NZ_QKQS01000006.1_447_A,1.7e-61,205.3,0.0,0,228,507690-508382,1,0,NZ_QKQS01000006.1,447,3,anfO,d__Bacteria;p__Pseudomonadota;c__Alphaproteobacteria;o__Rhizobiales;f__Xanthobacteraceae;g__Rhodopseudomonas;s__Rhodopseudomonas palustris_I,,anfO
205185,RS_GCF_003254295.1,anfO,NZ_QKZO01000014.1_43_A,4.7000000000000005e-60,200.1,0.0,0,225,54146-54826,-1,0,NZ_QKZO01000014.1,43,1,anfO,d__Bacteria;p__Pseudomonadota;c__Alphaproteobacteria;o__Rhodobacterales;f__Rhodobacteraceae;g__Rhodobacter;s__Rhodobacter capsulatus,,anfO
205186,RS_GCF_003315515.1,anfO,NZ_QNRY01000002.1_38_A,5.3999999999999995e-62,206.5,0.0,1,205,40015-40632,-1,0,NZ_QNRY01000002.1,38,1,anfO,d__Bacteria;p__Pseudomonadota;c__Gammaproteobacteria;o__Enterobacterales;f__Enterobacteriaceae;g__Brenneria;s__Brenneria salicis,,anfO
205187,RS_GCF_003363435.1,anfO,NZ_QRCT01000034.1_285_A,2.1e-34,116.3,0.1,2,207,300933-301556,-1,0,NZ_QRCT01000034.1,285,1,anfO,d__Bacteria;p__Bacillota;c__Clostridia;o__Lachnospirales;f__Lachnospiraceae;g__Anaerosacchariphilus;s__Anaerosacchariphilus polymeriproducens,,anfO
205188,RS_GCF_003609635.1,anfO,NZ_MCIA01000016.1_8_A,3e-33,112.8,0.0,0,203,7461-8072,-1,0,NZ_MCIA01000016.1,8,1,anfO,d__Bacteria;p__Bacillota;c__Clostridia;o__Lachnospirales;f__Lachnospiraceae;g__Lacrimispora;s__Lacrimispora algidixylanolytica,,anfO
205189,RS_GCF_003833015.1,anfO,NZ_RJLQ01000001.1_16_A,1.7e-38,129.8,0.1,3,206,16305-16937,1,0,NZ_RJLQ01000001.1,16,1,anfO,d__Bacteria;p__Bacillota;c__Clostridia;o__Lachnospirales;f__Lachnospiraceae;g__Lacrimispora;s__Lacrimispora sp003833015,,anfO
205190,RS_GCF_003854965.1,anfO,NZ_RQPI01000001.1_160_A,2.9e-06,24.8,0.0,3,123,163584-163958,1,0,NZ_RQPI01000001.1,160,7,nifB,d__Bacteria;p__Bacillota;c__Bacilli;o__Paenibacillales;f__Paenibacillaceae;g__Paenibacillus_AQ;s__Paenibacillus_AQ rhizophilus,,anfO
205191,RS_GCF_003966715.1,anfO,NZ_AP018907.1_604_A,1.2e-47,159.5,0.0,0,211,685213-685854,-1,0,NZ_AP018907.1,604,1,anfO,d__Bacteria;p__Pseudomonadota;c__Alphaproteobacteria;o__Rhizobiales;f__Xanthobacteraceae;g__Blastochloris;s__Blastochloris tepida,,anfO
205192,RS_GCF_003966895.1,anfO,NZ_AP018449.1_441_A,4.899999999999999e-31,105.5,0.0,2,205,500444-501082,-1,0,NZ_AP018449.1,441,3,anfO,d__Bacteria;p__Bacillota;c__Negativicutes;o__Sporomusales;f__Sporomusaceae;g__Methylomusa;s__Methylomusa anaerophila,,anfO
205193,RS_GCF_003966895.1,anfO,NZ_AP018449.1_2676_A,2.6e-55,184.8,0.0,2,208,2971057-2971683,1,0,NZ_AP018449.1,2676,10,anfO,d__Bacteria;p__Bacillota;c__Negativicutes;o__Sporomusales;f__Sporomusaceae;g__Methylomusa;s__Methylomusa anaerophila,,anfO
205194,RS_GCF_003992725.1,anfO,NZ_RZNF01000004.1_68_A,7.2e-59,196.2,0.0,0,238,70721-71482,1,0,NZ_RZNF01000004.1,68,1,anfO,d__Bacteria;p__Pseudomonadota;c__Alphaproteobacteria;o__Rhizobiales;f__Rhodomicrobiaceae;g__Rhodomicrobium;s__Rhodomicrobium lacus,,anfO
205195,RS_GCF_004102745.1,anfO,NZ_RLII01000015.1_44_A,3.3e-05,20.9,0.0,2,109,44213-44548,1,0,NZ_RLII01000015.1,44,1,nifB,d__Bacteria;p__Bacillota;c__Clostridia;o__Acetivibrionales;f__Acetivibrionaceae;g__Hungateiclostridium;s__Hungateiclostridium mesophilum,,anfO
205196,RS_GCF_004309735.1,anfO,NZ_SIXC01000007.1_111_A,3.2e-35,118.3,0.0,3,209,128136-128780,1,0,NZ_SIXC01000007.1,111,2,anfO,d__Bacteria;p__Desulfobacterota;c__Desulfovibrionia;o__Desulfovibrionales;f__Desulfovibrionaceae;g__Desulfovibrio;s__Desulfovibrio legallii,,anfO
205197,RS_GCF_004339805.1,anfO,NZ_SLUI01000005.1_193_A,5.7e-58,193.6,0.0,2,212,204505-205143,-1,0,NZ_SLUI01000005.1,193,1,anfO,d__Bacteria;p__Bacillota;c__Negativicutes;o__Sporomusales;f__DSM-15969;g__Anaerospora;s__Anaerospora hongkongensis,,anfO
205198,RS_GCF_004341685.1,anfO,NZ_SMAA01000010.1_71_A,8.5e-46,153.0,0.1,0,210,89795-90430,-1,0,NZ_SMAA01000010.1,71,1,anfO,d__Bacteria;p__Bacillota;c__Negativicutes;o__Selenomonadales;f__Selenomonadaceae;g__Pectinatus;s__Pectinatus cerevisiiphilus,,anfO
205199,RS_GCF_004342175.1,anfO,NZ_SMAO01000001.1_336_A,2.2e-50,168.5,0.0,0,203,375420-376112,1,0,NZ_SMAO01000001.1,336,2,anfO,d__Bacteria;p__Pseudomonadota;c__Gammaproteobacteria;o__Chromatiales;f__Chromatiaceae;g__Thiobaca;s__Thiobaca trueperi,,anfO
205200,RS_GCF_004369225.1,anfO,NZ_QFFZ01000025.1_48_A,2.5e-38,129.3,0.0,0,154,44733-45206,1,0,NZ_QFFZ01000025.1,48,1,anfO,d__Bacteria;p__Bacillota;c__Desulfotomaculia;o__Desulfotomaculales;f__Pelotomaculaceae;g__Pelotomaculum_B;s__Pelotomaculum_B propionicicum,,anfO
205201,RS_GCF_004801255.1,anfO,NZ_CP036295.1_1109_A,4.7000000000000005e-38,127.8,0.0,3,210,1353373-1354038,-1,0,NZ_CP036295.1,1109,3,anfO,d__Bacteria;p__Desulfobacterota;c__Desulfovibrionia;o__Desulfovibrionales;f__Desulfovibrionaceae;g__Desulfovibrio;s__Desulfovibrio desulfuricans_C,,anfO
205202,RS_GCF_004801295.1,anfO,NZ_SSOC01000003.1_581_A,4e-66,220.2,0.0,0,221,652260-653069,-1,0,NZ_SSOC01000003.1,581,1,anfO,d__Bacteria;p__Pseudomonadota;c__Gammaproteobacteria;o__Burkholderiales;f__Rhodocyclaceae;g__Pseudothauera;s__Pseudothauera nasutitermitis,,anfO
205203,RS_GCF_005144475.1,anfO,NZ_SWJZ01000010.1_24_A,7.400000000000002e-59,196.4,0.0,0,225,22846-23526,1,0,NZ_SWJZ01000010.1,24,2,anfO,d__Bacteria;p__Pseudomonadota;c__Alphaproteobacteria;o__Rhodobacterales;f__Rhodobacteraceae;g__Rhodobacter;s__Rhodobacter capsulatus_C,,anfO
205204,RS_GCF_005217455.1,anfO,NZ_SZPQ01000006.1_126_A,2.8e-62,207.9,0.0,0,207,145895-146575,-1,0,NZ_SZPQ01000006.1,126,1,anfO,d__Bacteria;p__Pseudomonadota;c__Gammaproteobacteria;o__Enterobacterales;f__Enterobacteriaceae;g__Acerihabitans;s__Acerihabitans sp005217455,,anfO
205205,RS_GCF_006715975.1,anfO,NZ_VFOF01000001.1_274_A,4.2e-62,205.9,0.0,0,231,317033-317731,1,0,NZ_VFOF01000001.1,274,2,anfO,d__Bacteria;p__Pseudomonadota;c__Alphaproteobacteria;o__Sphingomonadales;f__Sphingomonadaceae;g__Zymomonas;s__Zymomonas mobilis_B,,anfO
205206,RS_GCF_006742065.1,anfO,NZ_AP019717.1_415_A,2.3e-49,165.4,3.4,1,205,480999-481616,1,0,NZ_AP019717.1,415,1,anfO,d__Bacteria;p__Bacillota;c__Clostridia;o__Clostridiales;f__Clostridiaceae;g__Clostridium;s__Clostridium butyricum,,anfO
205207,RS_GCF_007005445.1,anfO,NZ_CP041387.1_1497_A,1.1e-60,202.5,0.0,16,244,1651788-1652528,-1,0,NZ_CP041387.1,1497,1,anfO,d__Bacteria;p__Pseudomonadota;c__Alphaproteobacteria;o__Rhizobiales;f__Xanthobacteraceae;g__Rhodopseudomonas;s__Rhodopseudomonas palustris_G,,anfO
205208,RS_GCF_007115105.1,anfO,NZ_SULJ01000002.1_36_A,4.2e-37,125.2,0.0,1,203,34051-34674,-1,0,NZ_SULJ01000002.1,36,1,anfO,d__Bacteria;p__Bacillota;c__Clostridia;o__Lachnospirales;f__Lachnospiraceae;g__Lacrimispora;s__Lacrimispora sp007115105,,anfO
205209,RS_GCF_007641255.1,anfO,NZ_CP036259.1_4171_A,2.6e-49,165.4,0.0,2,206,4536465-4537109,-1,0,NZ_CP036259.1,4171,1,anfO,d__Bacteria;p__Bacillota;c__Negativicutes;o__Sporomusales;f__Sporomusaceae;g__Sporomusa;s__Sporomusa termitida,,anfO
205210,RS_GCF_007830255.1,anfO,NZ_VLKG01000004.1_29_A,9.7e-60,198.9,0.0,0,244,30639-31382,-1,0,NZ_VLKG01000004.1,29,1,anfO,d__Bacteria;p__Pseudomonadota;c__Gammaproteobacteria;o__Pseudomonadales;f__Pseudomonadaceae;g__Azomonas;s__Azomonas agilis,,anfO
205211,RS_GCF_007830295.1,anfO,NZ_VLKC01000002.1_1163_A,1.9e-54,182.5,0.0,2,205,1251837-1252454,-1,0,NZ_VLKC01000002.1,1163,3,anfO,d__Bacteria;p__Bacillota;c__Negativicutes;o__Sporomusales;f__Sporomusaceae;g__Sporomusa;s__Sporomusa sp007830295,,anfO
205212,RS_GCF_007992075.1,anfO,NZ_BJZO01000043.1_25_A,5.5e-22,75.6,0.0,0,137,35212-35754,1,0,NZ_BJZO01000043.1,25,1,anfO,d__Bacteria;p__Pseudomonadota;c__Alphaproteobacteria;o__Rhodospirillales;f__Rhodospirillaceae;g__Pararhodospirillum;s__Pararhodospirillum oryzae,,anfO
205213,RS_GCF_008086595.1,anfO,NZ_RXYA01000003.1_90_A,2.8e-65,217.1,0.1,0,200,107739-108341,1,0,NZ_RXYA01000003.1,90,1,anfO,d__Bacteria;p__Bacillota;c__Clostridia;o__Eubacteriales;f__Eubacteriaceae;g__Acetobacterium;s__Acetobacterium paludosum,,anfO
205214,RS_GCF_008086595.1,anfO,NZ_RXYA01000010.1_14_A,9.8e-53,176.1,0.0,6,213,14113-14754,-1,0,NZ_RXYA01000010.1,14,1,anfO,d__Bacteria;p__Bacillota;c__Clostridia;o__Eubacteriales;f__Eubacteriaceae;g__Acetobacterium;s__Acetobacterium paludosum,,anfO
205215,RS_GCF_008086615.1,anfO,NZ_RXYB01000019.1_38_A,9.5e-53,176.1,0.0,6,213,43179-43820,-1,0,NZ_RXYB01000019.1,38,1,anfO,d__Bacteria;p__Bacillota;c__Clostridia;o__Eubacteriales;f__Eubacteriaceae;g__Acetobacterium;s__Acetobacterium tundrae,,anfO
205216,RS_GCF_008330225.1,anfO,NZ_CP042466.1_3425_A,5.5e-05,20.3,0.0,0,108,3630274-3630603,1,0,NZ_CP042466.1,3425,7,nifB,d__Bacteria;p__Desulfobacterota;c__Desulfuromonadia;o__Geobacterales;f__Pseudopelobacteraceae;g__Oryzomonas;s__Oryzomonas sp008330225,,anfO
205217,RS_GCF_008630065.1,anfO,NZ_VWPL01000005.1_55_A,4.5000000000000005e-48,160.9,0.0,1,211,71829-72470,1,0,NZ_VWPL01000005.1,55,1,anfO,d__Bacteria;p__Pseudomonadota;c__Alphaproteobacteria;o__Rhizobiales;f__Xanthobacteraceae;g__Blastochloris;s__Blastochloris sulfoviridis,,anfO
205218,RS_GCF_008802355.1,anfO,NZ_VZRA01000001.1_843_A,7.4e-06,22.9,0.0,0,108,947668-947997,-1,0,NZ_VZRA01000001.1,843,1,nifB,d__Bacteria;p__Desulfobacterota;c__Desulfuromonadia;o__Geobacterales;f__Pseudopelobacteraceae;g__Oryzomonas;s__Oryzomonas sagensis,,anfO
205219,RS_GCF_008802365.1,anfO,NZ_VZQZ01000001.1_229_A,1.5e-05,22.0,0.0,0,108,254593-254922,-1,0,NZ_VZQZ01000001.1,229,1,nifB,d__Bacteria;p__Desulfobacterota;c__Desulfuromonadia;o__Geobacterales;f__Pseudopelobacteraceae;g__Oryzomonas;s__Oryzomonas japonica,,anfO
205220,RS_GCF_008830185.1,anfO,NZ_WAGX01000005.1_841_A,2.0999999999999999e-41,139.2,0.2,1,212,863138-863779,-1,0,NZ_WAGX01000005.1,841,2,anfO,d__Bacteria;p__Bacillota;c__Clostridia;o__Lachnospirales;f__Lachnospiraceae;g__Lachnotalea;s__Lachnotalea soehngenii,,anfO
205221,RS_GCF_009617575.1,anfO,NZ_WIXJ01000009.1_26_A,1.4e-56,188.3,0.0,2,233,26443-27261,1,0,NZ_WIXJ01000009.1,26,2,anfO,d__Bacteria;p__Pseudomonadota;c__Gammaproteobacteria;o__Burkholderiales;f__Rhodocyclaceae;g__Rhodocyclus;s__Rhodocyclus gracilis,,anfO
205222,RS_GCF_009712225.1,anfO,NZ_WASP01000006.1_122_A,2.9e-39,132.0,0.0,3,210,150039-150689,-1,0,NZ_WASP01000006.1,122,1,anfO,d__Bacteria;p__Desulfobacterota;c__Desulfovibrionia;o__Desulfovibrionales;f__Desulfovibrionaceae;g__Desulfovibrio;s__Desulfovibrio sp009712225,,anfO
205223,RS_GCF_009720655.1,anfO,NZ_WNKS01000020.1_59_A,6.100000000000001e-48,160.7,0.0,0,238,59098-59814,-1,0,NZ_WNKS01000020.1,59,1,anfO,d__Bacteria;p__Pseudomonadota;c__Alphaproteobacteria;o__Rhizobiales;f__Beijerinckiaceae;g__Rhodoblastus;s__Rhodoblastus acidophilus_A,,anfO
205224,RS_GCF_009928485.1,anfO,NZ_JAABNP010000002.1_178_A,4.7e-47,158.2,2.9,1,204,164326-164946,-1,0,NZ_JAABNP010000002.1,178,1,anfO,d__Bacteria;p__Bacillota;c__Clostridia;o__Clostridiales;f__Clostridiaceae;g__Clostridium;s__Clostridium sp009928485,,anfO
205225,RS_GCF_009928485.1,anfO,NZ_JAABNP010000002.1_184_A,3e-51,172.0,1.4,2,213,170865-171506,-1,0,NZ_JAABNP010000002.1,184,1,anfO,d__Bacteria;p__Bacillota;c__Clostridia;o__Clostridiales;f__Clostridiaceae;g__Clostridium;s__Clostridium sp009928485,,anfO
205226,RS_GCF_010131535.1,anfO,NZ_WUBS01000013.1_121_A,1.6e-68,228.2,0.0,0,205,143478-144098,-1,0,NZ_WUBS01000013.1,121,1,anfO,d__Bacteria;p__Pseudomonadota;c__Gammaproteobacteria;o__Enterobacterales;f__Enterobacteriaceae;g__Acerihabitans;s__Acerihabitans arboris,,anfO
205227,RS_GCF_010907035.1,anfO,NZ_QUMK01000077.1_14_A,1.7e-61,205.3,0.0,0,228,13569-14261,-1,0,NZ_QUMK01000077.1,14,1,anfO,d__Bacteria;p__Pseudomonadota;c__Alphaproteobacteria;o__Rhizobiales;f__Xanthobacteraceae;g__Rhodopseudomonas;s__Rhodopseudomonas sp010907035,,anfO
205228,RS_GCF_011758645.1,anfO,NZ_JAAMOZ010000001.1_1826_B,4.8e-05,20.3,0.0,352,422,2014490-2015944,-1,0,NZ_JAAMOZ010000001.1,1826,3,anfO,d__Bacteria;p__Actinomycetota;c__Actinomycetes;o__Propionibacteriales;f__Propionibacteriaceae;g__Brooklawnia;s__Brooklawnia cerclae,,anfO
205229,RS_GCF_011758645.1,anfO,NZ_JAAMOZ010000001.1_2433_A,5.4999999999999994e-68,226.0,0.0,0,208,2663092-2663718,-1,0,NZ_JAAMOZ010000001.1,2433,1,anfO,d__Bacteria;p__Actinomycetota;c__Actinomycetes;o__Propionibacteriales;f__Propionibacteriaceae;g__Brooklawnia;s__Brooklawnia cerclae,,anfO
205230,RS_GCF_012912135.1,anfO,NZ_QMEB01000001.1_16_A,9.6e-05,20.1,0.1,0,128,8836-9249,-1,0,NZ_QMEB01000001.1,16,1,nifB,d__Bacteria;p__Cyanobacteriota;c__Cyanobacteriia;o__Cyanobacteriales;f__Nostocaceae;g__Brasilonema;s__Brasilonema bromeliae,,anfO
205231,RS_GCF_013036995.1,anfO,NZ_JAAOXG010000093.1_3_A,1.1999999999999999e-39,134.0,0.0,0,186,2844-3455,-1,0,NZ_JAAOXG010000093.1,3,1,anfO,d__Bacteria;p__Bacillota;c__Clostridia;o__Lachnospirales;f__Lachnospiraceae;g__Lacrimispora;s__Lacrimispora defluvii,,anfO
205232,RS_GCF_013393385.1,anfO,NZ_AP023239.1_3233_A,3.5e-06,24.6,0.0,3,123,3573649-3574023,-1,0,NZ_AP023239.1,3233,2,nifB,d__Bacteria;p__Bacillota;c__Bacilli;o__Paenibacillales;f__Paenibacillaceae;g__Paenibacillus_AQ;s__Paenibacillus_AQ sp013393385,,anfO
205233,RS_GCF_013415845.1,anfO,NZ_CP058907.1_1401_A,5.5e-61,203.6,0.0,0,228,1503286-1503978,-1,0,NZ_CP058907.1,1401,2,anfO,d__Bacteria;p__Pseudomonadota;c__Alphaproteobacteria;o__Rhizobiales;f__Xanthobacteraceae;g__Rhodopseudomonas;s__Rhodopseudomonas palustris_F,,anfO
205234,RS_GCF_014191985.1,anfO,NZ_JACHXI010000008.1_96_A,4.3e-64,213.4,0.3,0,242,104634-105377,-1,0,NZ_JACHXI010000008.1,96,1,anfO,d__Bacteria;p__Pseudomonadota;c__Gammaproteobacteria;o__Pseudomonadales;f__Pseudomonadaceae;g__Azomonas;s__Azomonas macrocytogenes,,anfO
205235,RS_GCF_014197755.1,anfO,NZ_JACIGE010000001.1_52_A,1.2e-63,211.8,0.0,0,219,61711-62469,1,0,NZ_JACIGE010000001.1,52,1,anfO,d__Bacteria;p__Pseudomonadota;c__Gammaproteobacteria;o__Burkholderiales;f__Rhodocyclaceae;g__Rhodocyclus;s__Rhodocyclus tenuis,,anfO
205236,RS_GCF_014201835.1,anfO,NZ_JACHFH010000040.1_17_A,2.0000000000000003e-49,165.0,0.7,0,206,13221-13844,-1,0,NZ_JACHFH010000040.1,17,1,anfO,d__Bacteria;p__Bacillota;c__Negativicutes;o__Selenomonadales;f__Selenomonadaceae;g__Pectinatus;s__Pectinatus brassicae,,anfO
205237,RS_GCF_014202345.1,anfO,NZ_JACHGO010000003.1_17_A,1.1e-37,126.7,0.0,3,217,18596-19279,-1,0,NZ_JACHGO010000003.1,17,1,anfO,d__Bacteria;p__Desulfobacterota;c__Desulfovibrionia;o__Desulfovibrionales;f__Desulfovibrionaceae;g__Desulfovibrio;s__Desulfovibrio intestinalis,,anfO
205238,RS_GCF_014203125.1,anfO,NZ_JACHIH010000003.1_51_A,1.2e-56,189.3,0.0,23,244,55414-56154,1,0,NZ_JACHIH010000003.1,51,1,anfO,d__Bacteria;p__Pseudomonadota;c__Alphaproteobacteria;o__Rhizobiales;f__Xanthobacteraceae;g__Rhodopseudomonas_A;s__Rhodopseudomonas_A rhenobacensis,,anfO
205239,RS_GCF_014218355.1,anfO,NZ_AP023368.1_654_A,5.2e-52,174.3,0.0,0,192,780964-781542,1,0,NZ_AP023368.1,654,5,anfO,d__Bacteria;p__Bacillota;c__Clostridia;o__Lachnospirales;f__Lachnospiraceae;g__Anaerocolumna;s__Anaerocolumna chitinilytica,,anfO
205240,RS_GCF_014284475.1,anfO,NZ_WJBC01000012.1_15_A,1.2e-50,169.2,0.0,6,213,15377-16018,-1,0,NZ_WJBC01000012.1,15,1,anfO,d__Bacteria;p__Bacillota;c__Clostridia;o__Eubacteriales;f__Eubacteriaceae;g__Acetobacterium;s__Acetobacterium fimetarium,,anfO
205241,RS_GCF_014284495.1,anfO,NZ_WJBE01000020.1_51_A,1e-50,169.7,0.0,6,216,59327-59980,-1,0,NZ_WJBE01000020.1,51,1,anfO,d__Bacteria;p__Bacillota;c__Clostridia;o__Eubacteriales;f__Eubacteriaceae;g__Acetobacterium;s__Acetobacterium malicum,,anfO
205242,RS_GCF_015239775.1,anfO,NZ_CP058409.1_496_A,3.2e-07,27.6,0.0,0,110,545761-546093,-1,0,NZ_CP058409.1,496,3,nifB,d__Bacteria;p__Desulfobacterota;c__Desulfuromonadia;o__Geobacterales;f__Pseudopelobacteraceae;g__Trichlorobacter;s__Trichlorobacter lovleyi_B,,anfO
205243,RS_GCF_015243575.1,anfO,NZ_CP042469.1_3320_A,4.4e-43,144.9,0.0,2,213,3744748-3745392,-1,0,NZ_CP042469.1,3320,1,anfO,d__Bacteria;p__Bacillota;c__Clostridia;o__Peptostreptococcales;f__Anaerovoracaceae;g__Anoxybacterium;s__Anoxybacterium hadale,,anfO
205244,RS_GCF_015594625.1,anfO,NZ_JADNRQ010000006.1_115_A,9.9e-55,182.7,0.0,2,208,116994-117620,1,0,NZ_JADNRQ010000006.1,115,1,anfO,d__Bacteria;p__Bacillota;c__Desulfotomaculia;o__Desulfotomaculales;f__Desulfallaceae;g__JADNRQ01;s__JADNRQ01 sp015594625,,anfO
205245,RS_GCF_015762685.1,anfO,NZ_PEHF01000066.1_124_A,4.3e-48,161.7,0.0,10,213,86000-86641,-1,0,NZ_PEHF01000066.1,124,1,anfO,d__Bacteria;p__Pseudomonadota;c__Gammaproteobacteria;o__Enterobacterales;f__Enterobacteriaceae;g__Symbiopectobacterium;s__Symbiopectobacterium sp015762685,,anfO
205246,RS_GCF_016583785.1,anfO,NZ_NRRU01000136.1_9_A,1e-50,170.1,0.0,0,221,10675-11394,1,0,NZ_NRRU01000136.1,9,1,anfO,d__Bacteria;p__Pseudomonadota;c__Gammaproteobacteria;o__Burkholderiales;f__Burkholderiaceae_C;g__Rubrivivax;s__Rubrivivax gelatinosus_B,,anfO
205247,RS_GCF_016591975.1,anfO,NZ_AP024169.1_4140_A,1.3999999999999998e-41,140.0,0.3,2,212,4886745-4887386,-1,0,NZ_AP024169.1,4140,1,anfO,d__Bacteria;p__Bacillota;c__Clostridia;o__Lachnospirales;f__Lachnospiraceae;g__Anaeromicropila;s__Anaeromicropila herbilytica,,anfO
205248,RS_GCF_016865365.1,anfO,NZ_AP024469.1_3337_A,3.2e-60,200.9,0.0,0,249,3607236-3607997,-1,0,NZ_AP024469.1,3337,5,anfO,d__Bacteria;p__Desulfobacterota;c__Desulfuromonadia;o__Geobacterales;f__Pseudopelobacteraceae;g__Pelotalea;s__Pelotalea sp012556225,,anfO
205249,RS_GCF_016865525.2,anfO,NZ_CP075169.1_91_A,3.1000000000000003e-66,221.0,0.0,0,205,102185-102802,1,0,NZ_CP075169.1,91,3,anfO,d__Bacteria;p__Pseudomonadota;c__Gammaproteobacteria;o__Enterobacterales;f__Enterobacteriaceae;g__Acerihabitans;s__Acerihabitans ligni,,anfO
205250,RS_GCF_017084465.1,anfO,NZ_CP070896.1_4880_A,4e-22,77.1,0.0,0,173,3921788-3922321,1,0,NZ_CP070896.1,4880,6,anfO,d__Bacteria;p__Bacillota;c__Clostridia;o__Lachnospirales;f__Lachnospiraceae;g__Lacrimispora;s__Lacrimispora xylanolytica_B,,anfO
205251,RS_GCF_017338855.1,anfO,NZ_CP071382.1_1777_A,9.9e-06,22.5,0.0,0,109,1913438-1913767,1,0,NZ_CP071382.1,1777,1,nifB,d__Bacteria;p__Desulfobacterota;c__Desulfuromonadia;o__Geobacterales;f__Geobacteraceae;g__Geobacter;s__Geobacter benzoatilyticus,,anfO
205252,RS_GCF_017569925.1,anfO,NZ_CP050854.1_833_A,8.2e-65,216.0,0.0,0,206,955138-955758,1,0,NZ_CP050854.1,833,4,anfO,d__Bacteria;p__Pseudomonadota;c__Gammaproteobacteria;o__Enterobacterales;f__Enterobacteriaceae;g__Brenneria;s__Brenneria izadpanahii,,anfO
205253,RS_GCF_017874415.1,anfO,NZ_JAGGLM010000008.1_63_A,3.5e-07,27.0,0.1,1,118,81907-82263,1,0,NZ_JAGGLM010000008.1,63,1,nifB,d__Bacteria;p__Bacillota;c__Clostridia;o__Clostridiales;f__Clostridiaceae;g__Clostridium_B;s__Clostridium_B algifaecis,,anfO
205254,RS_GCF_018128545.1,anfO,NZ_JAGSND010000004.1_43_A,2.9e-45,152.1,0.0,2,208,42786-43412,-1,0,NZ_JAGSND010000004.1,43,1,anfO,d__Bacteria;p__Bacillota;c__Clostridia;o__Peptostreptococcales;f__Anaerovoracaceae;g__Sinanaerobacter;s__Sinanaerobacter chloroacetimidivorans,,anfO
205255,RS_GCF_018223745.1,anfO,NZ_CP073653.1_1982_A,1.4e-43,146.8,1.1,1,202,2241874-2242482,1,0,NZ_CP073653.1,1982,5,anfO,d__Bacteria;p__Bacillota;c__Clostridia;o__Clostridiales;f__Clostridiaceae;g__Clostridium;s__Clostridium beijerinckii,,anfO
205256,RS_GCF_018449575.1,anfO,NZ_JAAVUT010000006.1_104_A,8.4e-67,222.7,0.0,0,205,108730-109347,1,0,NZ_JAAVUT010000006.1,104,1,anfO,d__Bacteria;p__Pseudomonadota;c__Gammaproteobacteria;o__Enterobacterales;f__Enterobacteriaceae;g__Acerihabitans;s__Acerihabitans sp018449575,,anfO
205257,RS_GCF_018619435.1,anfO,NZ_JAHFZF010000004.1_79_A,1e-65,218.8,0.0,0,221,72432-73244,1,0,NZ_JAHFZF010000004.1,79,1,anfO,d__Bacteria;p__Pseudomonadota;c__Gammaproteobacteria;o__Burkholderiales;f__Burkholderiaceae_C;g__Rhodoferax;s__Rhodoferax sp018619435,,anfO
205258,RS_GCF_018835585.1,anfO,NZ_JAHGVE010000013.1_75_A,4.3e-51,171.4,0.0,2,210,92173-92820,1,0,NZ_JAHGVE010000013.1,75,1,anfO,d__Bacteria;p__Bacillota;c__Negativicutes;o__UMGS1260;f__UMGS1260;g__Pelorhabdus;s__Pelorhabdus rhamnosifermentans,,anfO
205259,RS_GCF_018861295.1,anfO,NZ_JAHLDM010000008.1_61_A,8.1e-73,242.3,0.4,0,208,69203-69829,-1,0,NZ_JAHLDM010000008.1,61,1,anfO,d__Bacteria;p__Bacillota;c__Clostridia;o__Clostridiales;f__Clostridiaceae;g__Clostridium_AD;s__Clostridium_AD estertheticum_D,,anfO
205260,RS_GCF_018861295.1,anfO,NZ_JAHLDM010000008.1_75_A,6.999999999999998e-69,229.5,0.1,2,207,84533-85165,-1,0,NZ_JAHLDM010000008.1,75,1,anfO,d__Bacteria;p__Bacillota;c__Clostridia;o__Clostridiales;f__Clostridiaceae;g__Clostridium_AD;s__Clostridium_AD estertheticum_D,,anfO
205261,RS_GCF_018861735.1,anfO,NZ_JAHLEB010000046.1_28_A,5.6e-70,233.0,0.1,0,208,32152-32784,-1,0,NZ_JAHLEB010000046.1,28,1,anfO,d__Bacteria;p__Bacillota;c__Clostridia;o__Clostridiales;f__Clostridiaceae;g__Clostridium_AD;s__Clostridium_AD lacusfryxellense,,anfO
205262,RS_GCF_018905915.1,anfO,NZ_CP064782.1_251_A,4e-64,213.1,0.0,0,222,286588-287364,1,0,NZ_CP064782.1,251,4,anfO,d__Bacteria;p__Pseudomonadota;c__Gammaproteobacteria;o__Burkholderiales;f__Rhodocyclaceae;g__Azospira;s__Azospira inquinata,,anfO
205263,RS_GCF_018918265.1,anfO,NZ_JAHLQC010000005.1_39_A,6.5e-06,23.1,0.0,5,114,45472-45834,1,0,NZ_JAHLQC010000005.1,39,1,nifB,d__Bacteria;p__Bacillota;c__Clostridia;o__Lachnospirales;f__Lachnospiraceae;g__Falcatimonas;s__Falcatimonas sp018918265,,anfO
205264,RS_GCF_018966525.1,anfO,NZ_CP076607.1_4350_A,3e-06,25.0,0.0,3,122,4533086-4533460,-1,0,NZ_CP076607.1,4350,6,nifB,d__Bacteria;p__Bacillota;c__Bacilli;o__Paenibacillales;f__Paenibacillaceae;g__Paenibacillus_AQ;s__Paenibacillus_AQ sophorae,,anfO
205265,RS_GCF_019144085.1,anfO,NZ_JAHHUY010000019.1_19_A,4e-62,206.6,0.6,2,210,23658-24290,1,0,NZ_JAHHUY010000019.1,19,1,anfO,d__Bacteria;p__Bacillota;c__Clostridia;o__Clostridiales;f__Clostridiaceae;g__Clostridium_B;s__Clostridium_B tyrobutyricum_A,,anfO
205266,RS_GCF_019207025.1,anfO,NZ_JAEEGC010000053.1_7_A,6.9e-71,236.2,0.1,0,205,5633-6250,-1,0,NZ_JAEEGC010000053.1,7,1,anfO,d__Bacteria;p__Bacillota;c__Clostridia;o__Clostridiales;f__Clostridiaceae;g__Clostridium_AM;s__Clostridium_AM thailandense,,anfO
205267,RS_GCF_019704135.1,anfO,NZ_AP024355.1_3577_A,3.7e-07,27.5,0.0,0,110,4070450-4070809,-1,0,NZ_AP024355.1,3577,1,nifB,d__Bacteria;p__Desulfobacterota;c__Desulfuromonadia;o__Desulfuromonadales;f__NIT-T3;g__Desulfuromonas_A;s__Desulfuromonas_A versatilis,,anfO
205268,RS_GCF_019797845.1,anfO,NZ_CP081864.1_3386_A,1.9e-46,156.0,0.0,10,213,3485332-3485973,-1,0,NZ_CP081864.1,3386,1,anfO,d__Bacteria;p__Pseudomonadota;c__Gammaproteobacteria;o__Enterobacterales;f__Enterobacteriaceae;g__Symbiopectobacterium;s__Symbiopectobacterium purcellii,,anfO
205269,RS_GCF_019904155.1,anfO,NZ_JAHCMB010000046.1_133_A,2.6e-05,22.0,0.0,3,122,136358-136732,1,0,NZ_JAHCMB010000046.1,133,2,nifB,d__Bacteria;p__Bacillota;c__Bacilli;o__Paenibacillales;f__Paenibacillaceae;g__Paenibacillus_AQ;s__Paenibacillus_AQ sinensis,,anfO
205270,RS_GCF_019972295.1,anfO,NZ_BLJA01000001.1_283_A,4.2e-05,20.6,0.0,0,108,328934-329263,1,0,NZ_BLJA01000001.1,283,4,nifB,d__Bacteria;p__Desulfobacterota;c__Desulfuromonadia;o__Geobacterales;f__Pseudopelobacteraceae;g__Oryzomonas;s__Oryzomonas sp019972295,,anfO
205271,RS_GCF_019977655.1,anfO,NZ_AP024849.1_3486_A,8.7e-49,163.9,4.0,1,202,3866966-3867574,-1,0,NZ_AP024849.1,3486,1,anfO,d__Bacteria;p__Bacillota;c__Clostridia;o__Clostridiales;f__Clostridiaceae;g__Clostridium;s__Clostridium gelidum,,anfO
205272,RS_GCF_020194955.2,anfO,NZ_JAFCIY020000028.1_61_A,2.3e-06,24.4,0.0,0,109,78595-78930,-1,0,NZ_JAFCIY020000028.1,61,1,nifB,d__Bacteria;p__Desulfobacterota;c__Desulfuromonadia;o__Desulfuromonadales;f__Syntrophotaleaceae;g__JAFCIY02;s__JAFCIY02 sp020194955,,anfO
205273,RS_GCF_020443705.1,anfO,NZ_JAIZZK010000006.1_121_A,5.4000000000000005e-73,242.7,0.1,2,207,116589-117398,1,0,NZ_JAIZZK010000006.1,121,1,anfO,d__Bacteria;p__Bacillota;c__Clostridia;o__Clostridiales;f__Clostridiaceae;g__Clostridium_AD;s__Clostridium_AD algoriphilum,,anfO
205274,RS_GCF_020443705.1,anfO,NZ_JAIZZK010000011.1_56_A,1.7e-78,260.6,0.0,0,208,68249-68875,-1,0,NZ_JAIZZK010000011.1,56,1,anfO,d__Bacteria;p__Bacillota;c__Clostridia;o__Clostridiales;f__Clostridiaceae;g__Clostridium_AD;s__Clostridium_AD algoriphilum,,anfO
205275,RS_GCF_020523985.1,anfO,NZ_JAIVKM010000001.1_401_A,1e-51,173.2,0.0,0,205,431791-432408,1,0,NZ_JAIVKM010000001.1,401,1,anfO,d__Bacteria;p__Pseudomonadota;c__Gammaproteobacteria;o__Enterobacterales;f__Enterobacteriaceae;g__Mangrovibacter;s__Mangrovibacter yixingensis,,anfO
205276,RS_GCF_020819555.1,anfO,NZ_JAJHJB010000026.1_28_A,2.1e-54,182.2,0.1,2,211,31779-32414,-1,0,NZ_JAJHJB010000026.1,28,1,anfO,d__Bacteria;p__Bacillota;c__Negativicutes;o__DSM-13327;f__DSM-13327;g__Pelosinus;s__Pelosinus baikalensis,,anfO
205277,RS_GCF_021209385.1,anfO,NZ_JAJOIL010000007.1_10_A,1.3e-67,224.5,0.0,0,206,10100-10801,-1,0,NZ_JAJOIL010000007.1,10,1,anfO,d__Bacteria;p__Chrysiogenota;c__Deferribacteres;o__Deferribacterales;f__Geovibrionaceae;g__Seleniivibrio;s__Seleniivibrio sp021209385,,anfO
205278,RS_GCF_021372645.1,anfO,NZ_JAJFUC010000052.1_34_A,2.9e-49,164.6,3.0,1,202,29499-30107,1,0,NZ_JAJFUC010000052.1,34,1,anfO,d__Bacteria;p__Bacillota;c__Clostridia;o__Clostridiales;f__Clostridiaceae;g__Clostridium;s__Clostridium sp021372645,,anfO
205279,RS_GCF_022271405.1,anfO,NZ_JAJNAL010000004.1_23_A,7.6e-33,111.7,0.0,0,133,26498-26899,1,0,NZ_JAJNAL010000004.1,23,1,anfO,d__Bacteria;p__Pseudomonadota;c__Alphaproteobacteria;o__Rhizobiales;f__Xanthobacteraceae;g__Rhodopseudomonas;s__Rhodopseudomonas infernalis,,anfO
205280,RS_GCF_022410535.1,anfO,NZ_JAKNBL010000052.1_10_A,7.1e-54,180.0,0.0,2,210,7923-8576,-1,0,NZ_JAKNBL010000052.1,10,1,anfO,d__Bacteria;p__Bacillota;c__Desulfotomaculia;o__Desulfotomaculales;f__Pelotomaculaceae;g__Pelotomaculum_D;s__Pelotomaculum_D terephthalicicum,,anfO
205281,RS_GCF_022482905.1,anfO,NZ_JAKVOI010000001.1_1081_A,6.7e-05,19.8,0.0,1,115,1093051-1093407,1,0,NZ_JAKVOI010000001.1,1081,13,nifB,d__Bacteria;p__Bacillota;c__Clostridia;o__Clostridiales;f__Clostridiaceae;g__Clostridium_B;s__Clostridium_B sp022482905,,anfO
205282,RS_GCF_022482905.1,anfO,NZ_JAKVOI010000001.1_2972_A,3.3e-64,213.6,0.6,2,211,3067225-3067860,1,0,NZ_JAKVOI010000001.1,2972,7,anfO,d__Bacteria;p__Bacillota;c__Clostridia;o__Clostridiales;f__Clostridiaceae;g__Clostridium_B;s__Clostridium_B sp022482905,,anfO
205283,RS_GCF_022508225.1,anfO,NZ_JAETXJ010000003.1_381_A,2.8e-36,122.2,0.0,3,210,475762-476412,1,0,NZ_JAETXJ010000003.1,381,1,anfO,d__Bacteria;p__Desulfobacterota;c__Desulfovibrionia;o__Desulfovibrionales;f__Desulfovibrionaceae;g__Desulfovibrio;s__Desulfovibrio sp022508225,,anfO
205284,RS_GCF_022558445.1,anfO,NZ_CP054699.1_2242_A,2e-55,185.0,0.0,2,210,2276756-2277391,-1,0,NZ_CP054699.1,2242,1,anfO,d__Bacteria;p__Bacillota;c__Dethiobacteria;o__SKNC01;f__SKNC01;g__Contubernalis;s__Contubernalis alkaliaceticus,,anfO
205285,RS_GCF_024125445.1,anfO,NZ_JAMXWM010000003.1_142_A,1.2e-37,127.2,0.3,1,203,139761-140372,-1,0,NZ_JAMXWM010000003.1,142,1,anfO,d__Bacteria;p__Bacillota;c__Bacilli;o__Bacillales;f__Sporolactobacillaceae;g__Sporolactobacillus;s__Sporolactobacillus shoreicorticis,,anfO
205286,RS_GCF_024460775.1,anfO,NZ_JANFYZ010000001.1_482_A,8.9e-37,123.8,0.0,3,210,595700-596350,1,0,NZ_JANFYZ010000001.1,482,1,anfO,d__Bacteria;p__Desulfobacterota;c__Desulfovibrionia;o__Desulfovibrionales;f__Desulfovibrionaceae;g__Desulfovibrio;s__Desulfovibrio desulfuricans_E,,anfO
205287,RS_GCF_024692365.1,anfO,NZ_JAILMR010000036.1_45_A,2.1e-05,21.5,0.0,1,108,59810-60142,-1,0,NZ_JAILMR010000036.1,45,1,nifB,d__Bacteria;p__Bacillota;c__Clostridia;o__Oscillospirales;f__Ruminococcaceae;g__Hominimerdicola;s__Hominimerdicola sp024692365,,anfO
205288,RS_GCF_024972775.1,anfO,NZ_CP092282.1_605_A,4.4e-49,164.4,0.3,2,213,641860-642501,1,0,NZ_CP092282.1,605,3,anfO,d__Bacteria;p__Bacillota;c__Desulfitobacteriia;o__Desulfitobacteriales;f__Syntrophobotulaceae;g__Dehalobacter;s__Dehalobacter sp024972775,,anfO
205289,RS_GCF_025961575.1,anfO,NZ_JAOQNX010000010.1_37_A,7.9e-46,154.0,0.0,0,238,35785-36501,-1,0,NZ_JAOQNX010000010.1,37,1,anfO,d__Bacteria;p__Pseudomonadota;c__Alphaproteobacteria;o__Rhizobiales;f__Beijerinckiaceae;g__Rhodoblastus;s__Rhodoblastus acidophilus_C,,anfO
205290,RS_GCF_025962655.1,anfO,NZ_JAGFPE010000009.1_71_A,9.6e-47,157.0,0.0,10,213,73750-74391,-1,0,NZ_JAGFPE010000009.1,71,1,anfO,d__Bacteria;p__Pseudomonadota;c__Gammaproteobacteria;o__Enterobacterales;f__Enterobacteriaceae;g__Symbiopectobacterium;s__Symbiopectobacterium sp025962655,,anfO
205291,RS_GCF_026646375.1,anfO,NZ_JAIPPU010000001.1_272_A,4.1999999999999996e-55,183.9,0.0,6,212,309375-310013,-1,0,NZ_JAIPPU010000001.1,272,1,anfO,d__Bacteria;p__Bacillota;c__Clostridia;o__Eubacteriales;f__Eubacteriaceae;g__Acetobacterium;s__Acetobacterium wieringae_A,,anfO
205292,RS_GCF_026650985.1,anfO,NZ_CP086239.1_2413_A,3.8e-72,240.1,0.1,0,208,2499969-2500595,-1,0,NZ_CP086239.1,2413,1,anfO,d__Bacteria;p__Bacillota;c__Clostridia;o__Clostridiales;f__Clostridiaceae;g__Clostridium_AD;s__Clostridium_AD estertheticum_C,,anfO
205293,RS_GCF_026650985.1,anfO,NZ_CP086239.1_2427_A,1e-69,232.1,0.1,2,207,2515298-2515930,-1,0,NZ_CP086239.1,2427,1,anfO,d__Bacteria;p__Bacillota;c__Clostridia;o__Clostridiales;f__Clostridiaceae;g__Clostridium_AD;s__Clostridium_AD estertheticum_C,,anfO
205294,RS_GCF_026723765.1,anfO,NZ_CP113524.1_3255_A,1.8e-38,129.8,0.0,0,202,3546468-3547079,-1,0,NZ_CP113524.1,3255,2,anfO,d__Bacteria;p__Bacillota;c__Clostridia;o__Lachnospirales;f__Lachnospiraceae;g__Lacrimispora;s__Lacrimispora xylanolytica,,anfO
205295,RS_GCF_027943965.1,anfO,NZ_AP027151.1_536_A,1.5999999999999999e-62,208.3,0.0,0,243,571832-572575,-1,0,NZ_AP027151.1,536,1,anfO,d__Bacteria;p__Desulfobacterota;c__Desulfuromonadia;o__Geobacterales;f__Geobacteraceae;g__Geobacter;s__Geobacter uraniireducens,,anfO
205296,RS_GCF_029267515.1,anfO,NZ_JAJUIS010000005.1_168_A,9.2e-67,221.6,0.0,0,206,193117-193818,1,0,NZ_JAJUIS010000005.1,168,3,anfO,d__Bacteria;p__Chrysiogenota;c__Deferribacteres;o__Deferribacterales;f__Geovibrionaceae;g__Seleniivibrio;s__Seleniivibrio woodruffii_A,,anfO
205297,RS_GCF_029478095.1,anfO,NZ_JAKOAV010000020.1_44_A,1.4999999999999999e-55,185.4,0.0,2,210,41977-42612,-1,0,NZ_JAKOAV010000020.1,44,1,anfO,d__Bacteria;p__Bacillota;c__Desulfotomaculia;o__Desulfotomaculales;f__Pelotomaculaceae;g__Pelotomaculum_D;s__Pelotomaculum_D isophthalicicum,,anfO
205298,RS_GCF_029689925.1,anfO,NZ_CP121445.1_2823_A,1e-06,26.5,0.1,15,125,3482082-3482462,-1,0,NZ_CP121445.1,2823,2,nifB,d__Bacteria;p__Bacillota;c__Clostridia;o__Lachnospirales;f__Lachnospiraceae;g__Anaerocolumna;s__Anaerocolumna sp029689925,,anfO
205299,RS_GCF_030247655.1,anfO,NZ_JAOTRZ010000098.1_12_A,8.9e-05,19.4,0.0,0,110,9266-9598,1,0,NZ_JAOTRZ010000098.1,12,1,nifB,d__Bacteria;p__Desulfobacterota;c__Desulfuromonadia;o__Geobacterales;f__Pseudopelobacteraceae;g__Trichlorobacter;s__Trichlorobacter sp030247655,,anfO
205300,RS_GCF_030269905.1,anfO,NZ_BSVC01000003.1_38_A,2.9000000000000006e-58,194.7,0.0,2,209,46368-46997,1,0,NZ_BSVC01000003.1,38,1,anfO,d__Bacteria;p__Bacillota;c__Negativicutes;o__DSM-13327;f__DSM-13327;g__Pelosinus;s__Pelosinus sp030269905,,anfO
205301,RS_GCF_030542965.1,anfO,NZ_JAUAOA010000004.1_135_A,8.500000000000002e-57,189.4,0.0,2,207,159174-159797,1,0,NZ_JAUAOA010000004.1,135,1,anfO,d__Bacteria;p__Bacillota;c__Negativicutes;o__SG130;f__SG130;g__Azotosporobacter;s__Azotosporobacter soli,,anfO
205302,RS_GCF_030652775.1,anfO,NZ_JAUSPS010000042.1_10_A,2.6e-52,174.8,0.0,6,212,10792-11430,-1,0,NZ_JAUSPS010000042.1,10,1,anfO,d__Bacteria;p__Bacillota;c__Clostridia;o__Eubacteriales;f__Eubacteriaceae;g__Acetobacterium;s__Acetobacterium sp030652775,,anfO
205303,RS_GCF_030813505.1,anfO,NZ_JAUSUE010000023.1_41_A,6.3e-48,160.2,0.1,0,200,46690-47292,-1,0,NZ_JAUSUE010000023.1,41,1,anfO,d__Bacteria;p__Bacillota;c__Negativicutes;o__Selenomonadales;f__Selenomonadaceae;g__Pectinatus;s__Pectinatus haikarae,,anfO
205304,RS_GCF_030824455.1,anfO,NZ_JAVBXR010000107.1_20_A,1.3000000000000002e-60,201.9,0.0,0,241,25533-26258,-1,0,NZ_JAVBXR010000107.1,20,1,anfO,d__Bacteria;p__Desulfobacterota;c__Desulfobulbia;o__Desulfobulbales;f__Desulfobulbaceae;g__Desulfobulbus;s__Desulfobulbus sp030824455,,anfO
205305,RS_GCF_030913705.1,anfO,NZ_CP133190.1_936_A,3.3e-32,109.8,0.0,1,210,1057297-1057932,-1,0,NZ_CP133190.1,936,4,anfO,d__Bacteria;p__Bacillota;c__Clostridia;o__Lachnospirales;f__Lachnospiraceae;g__Anaerocolumna;s__Anaerocolumna sp030913705,,anfO
205306,RS_GCF_031291415.1,anfO,NZ_JARLJB010000007.1_55_A,2.3e-66,221.6,0.0,0,230,60124-60816,1,0,NZ_JARLJB010000007.1,55,2,anfO,d__Bacteria;p__Pseudomonadota;c__Alphaproteobacteria;o__Rhodospirillales;f__Magnetospirillaceae;g__Telmatospirillum;s__Telmatospirillum sp031291415,,anfO
205307,RS_GCF_031292145.1,anfO,NZ_JARLHR010000026.1_107_A,4.5e-45,151.9,0.6,1,201,103091-103696,1,0,NZ_JARLHR010000026.1,107,1,anfO,d__Bacteria;p__Bacillota;c__Clostridia;o__Clostridiales;f__Clostridiaceae;g__Clostridium;s__Clostridium sp031292145,,anfO
205308,RS_GCF_031954385.1,anfO,NZ_JAUSUY010000008.1_76_A,1.7e-06,25.5,0.0,3,122,76783-77157,-1,0,NZ_JAUSUY010000008.1,76,1,nifB,d__Bacteria;p__Bacillota;c__Bacilli;o__Paenibacillales;f__Paenibacillaceae;g__Paenibacillus_AQ;s__Paenibacillus_AQ forsythiae,,anfO
205309,RS_GCF_031982545.1,anfO,NZ_DALYXB010000002.1_252_A,4.7e-40,135.3,0.0,0,205,263563-264180,-1,0,NZ_DALYXB010000002.1,252,1,anfO,d__Bacteria;p__Bacillota;c__Clostridia;o__Lachnospirales;f__Lachnospiraceae;g__Lacrimispora;s__Lacrimispora sp031982545,,anfO
205310,RS_GCF_032064125.1,anfO,NZ_DAMBNZ010000003.1_318_A,3.6e-34,115.8,0.0,0,202,349900-350511,-1,0,NZ_DAMBNZ010000003.1,318,1,anfO,d__Bacteria;p__Bacillota;c__Clostridia;o__Lachnospirales;f__Lachnospiraceae;g__Lacrimispora;s__Lacrimispora sp002478865,,anfO
205311,RS_GCF_032334055.1,anfO,NZ_JAUOZS010000001.1_2542_A,4.1999999999999996e-55,184.3,0.0,2,209,2439839-2440516,-1,0,NZ_JAUOZS010000001.1,2542,2,anfO,d__Bacteria;p__Bacillota;c__Negativicutes;o__Sporomusales;f__UBA7701;g__Anaeroselena;s__Anaeroselena agilis,,anfO
205312,RS_GCF_032335695.1,anfO,NZ_JACTOJ010000010.1_109_A,5.300000000000001e-74,246.1,0.2,0,204,129549-130163,1,0,NZ_JACTOJ010000010.1,109,1,anfO,d__Bacteria;p__Bacillota;c__Clostridia;o__Clostridiales;f__Clostridiaceae;g__JACTOJ01;s__JACTOJ01 sp032335695,,anfO
205313,RS_GCF_032393985.1,anfO,NZ_CP135918.1_1706_A,7.6e-05,20.5,0.0,0,124,2039599-2039979,1,0,NZ_CP135918.1,1706,5,nifB,d__Bacteria;p__Cyanobacteriota;c__Cyanobacteriia;o__Cyanobacteriales;f__Nostocaceae;g__Fischerella;s__Fischerella sp032393985,,anfO
205314,RS_GCF_033110965.1,anfO,NZ_CP137003.1_1691_A,2.1e-05,21.4,0.0,314,415,1975494-1976780,-1,0,NZ_CP137003.1,1691,3,nifB,d__Bacteria;p__Actinomycetota;c__Actinomycetes;o__Propionibacteriales;f__Propionibacteriaceae;g__Raineyella;s__Raineyella sp033110965,,anfO
205315,RS_GCF_033342255.1,anfO,NZ_JAWONS010000290.1_64_A,6.8e-37,124.9,0.0,0,203,69670-70281,-1,0,NZ_JAWONS010000290.1,64,1,anfO,d__Bacteria;p__Bacillota;c__Clostridia;o__Lachnospirales;f__Lachnospiraceae;g__Lacrimispora;s__Lacrimispora boliviensis,,anfO
205316,RS_GCF_034006445.1,anfO,NZ_JAVESS010000012.1_59_A,5e-34,114.8,0.0,53,229,76212-76934,1,0,NZ_JAVESS010000012.1,59,1,anfO,d__Bacteria;p__Desulfobacterota;c__Desulfovibrionia;o__Desulfovibrionales;f__Desulfovibrionaceae;g__Desulfovibrio;s__Desulfovibrio sp034006445,,anfO
205317,RS_GCF_035561155.1,anfO,NZ_DATMYD010000126.1_8_A,6.2e-51,170.7,0.0,2,205,5460-6077,-1,0,NZ_DATMYD010000126.1,8,1,anfO,d__Bacteria;p__Bacillota;c__Negativicutes;o__Sporomusales;f__Sporomusaceae;g__Sporomusa;s__Sporomusa sp035561155,,anfO
205318,RS_GCF_035561255.1,anfO,NZ_DATMXX010000359.1_23_A,1.8e-49,166.0,0.0,2,205,17684-18301,1,0,NZ_DATMXX010000359.1,23,1,anfO,d__Bacteria;p__Bacillota;c__Negativicutes;o__Sporomusales;f__Sporomusaceae;g__Sporomusa;s__Sporomusa sp035561255,,anfO
205319,RS_GCF_035644575.1,anfO,NZ_DASQOG010000146.1_14_A,3.6e-37,125.1,0.0,3,210,16927-17577,1,0,NZ_DASQOG010000146.1,14,1,anfO,d__Bacteria;p__Desulfobacterota;c__Desulfovibrionia;o__Desulfovibrionales;f__Desulfovibrionaceae;g__Desulfovibrio;s__Desulfovibrio sp035644575,,anfO
205320,RS_GCF_036016195.1,anfO,NZ_JAYWTM010000022.1_68_A,5.999999999999999e-62,206.6,0.0,0,206,74648-75268,1,0,NZ_JAYWTM010000022.1,68,1,anfO,d__Bacteria;p__Pseudomonadota;c__Gammaproteobacteria;o__Enterobacterales;f__Enterobacteriaceae;g__Brenneria;s__Brenneria populi,,anfO
205321,RS_GCF_036398755.1,anfO,NZ_DASWOM010000129.1_5_A,2.6999999999999998e-70,233.9,0.0,0,206,2788-3408,-1,0,NZ_DASWOM010000129.1,5,1,anfO,d__Bacteria;p__Pseudomonadota;c__Gammaproteobacteria;o__Enterobacterales;f__Enterobacteriaceae;g__Acerihabitans;s__Acerihabitans sp036398755,,anfO
205322,RS_GCF_036404135.1,anfO,NZ_DASWPE010000143.1_2_A,4.5e-56,187.5,0.0,23,245,725-1468,-1,0,NZ_DASWPE010000143.1,2,1,anfO,d__Bacteria;p__Pseudomonadota;c__Alphaproteobacteria;o__Rhizobiales;f__Xanthobacteraceae;g__Rhodopseudomonas_A;s__Rhodopseudomonas_A sp036404135,,anfO
205323,RS_GCF_036508315.1,anfO,NZ_DATCHP010000002.1_11_A,1.9e-51,171.6,0.0,7,214,10405-11049,1,0,NZ_DATCHP010000002.1,11,1,anfO,d__Bacteria;p__Bacillota;c__Clostridia;o__Eubacteriales;f__Eubacteriaceae;g__Acetobacterium;s__Acetobacterium sp036508315,,anfO
205324,RS_GCF_036541405.1,anfO,NZ_JAZHFS010000006.1_168_A,2.1e-72,240.9,0.4,0,208,194486-195112,-1,0,NZ_JAZHFS010000006.1,168,1,anfO,d__Bacteria;p__Bacillota;c__Clostridia;o__Clostridiales;f__Clostridiaceae;g__Clostridium_AD;s__Clostridium_AD frigoriphilum,,anfO
205325,RS_GCF_036562005.2,anfO,NZ_JARXNH020000057.1_796_A,1.5e-51,172.7,0.0,0,201,843787-844392,-1,0,NZ_JARXNH020000057.1,796,1,anfO,d__Bacteria;p__Pseudomonadota;c__Gammaproteobacteria;o__Enterobacterales;f__Enterobacteriaceae;g__Klebsiella;s__Klebsiella scottii,,anfO
205326,RS_GCF_036569345.1,anfO,NZ_DATCQT010000047.1_14_A,5e-74,246.1,0.3,0,208,13932-14558,-1,0,NZ_DATCQT010000047.1,14,1,anfO,d__Bacteria;p__Bacillota;c__Clostridia;o__Clostridiales;f__Clostridiaceae;g__Clostridium_AD;s__Clostridium_AD sp036569345,,anfO
205327,RS_GCF_036758025.1,anfO,NZ_DAIOXM010000004.1_121_A,8.8e-32,108.0,0.0,1,203,121551-122162,-1,0,NZ_DAIOXM010000004.1,121,1,anfO,d__Bacteria;p__Bacillota;c__Clostridia;o__Lachnospirales;f__Lachnospiraceae;g__Lacrimispora;s__Lacrimispora sp036758025,,anfO
205328,RS_GCF_036763085.1,anfO,NZ_JBAIYU010000033.1_3_A,1e-51,172.6,0.3,2,208,2839-3465,-1,0,NZ_JBAIYU010000033.1,3,1,anfO,d__Bacteria;p__Bacillota;c__Negativicutes;o__DSM-1736;f__Dendrosporobacteraceae;g__JBAIYU01;s__JBAIYU01 sp036763085,,anfO
205329,RS_GCF_036781005.1,anfO,NZ_DAIQBT010000001.1_18_A,7.7e-67,222.1,0.4,2,212,20389-21027,1,0,NZ_DAIQBT010000001.1,18,1,anfO,d__Bacteria;p__Bacillota;c__Clostridia;o__Clostridiales;f__Clostridiaceae;g__Clostridium_B;s__Clostridium_B sp036781005,,anfO
205330,RS_GCF_038725785.1,anfO,NZ_CP109796.1_4541_A,3.9e-56,187.9,0.0,0,206,6476082-6476765,-1,0,NZ_CP109796.1,4541,2,anfO,d__Bacteria;p__Verrucomicrobiota;c__Verrucomicrobiia;o__Opitutales;f__Opitutaceae;g__Termitidicoccus;s__Termitidicoccus mucosus,,anfO
205331,RS_GCF_039134705.1,anfO,NZ_CP146256.1_1348_A,2.7e-30,103.2,0.0,1,203,1467418-1468029,1,0,NZ_CP146256.1,1348,7,anfO,d__Bacteria;p__Bacillota;c__Clostridia;o__Lachnospirales;f__Lachnospiraceae;g__Kineothrix;s__Kineothrix sedimenti,,anfO
205332,RS_GCF_039545435.1,anfO,NZ_BRPJ01000010.1_64_A,6.500000000000001e-38,128.2,0.0,0,203,68724-69335,-1,0,NZ_BRPJ01000010.1,64,1,anfO,d__Bacteria;p__Bacillota;c__Clostridia;o__Lachnospirales;f__Lachnospiraceae;g__Lacrimispora;s__Lacrimispora amygdalina,,anfO
205333,RS_GCF_039830195.1,anfO,NZ_JBDODG010000031.1_9_A,3e-52,174.4,0.0,6,212,6274-6912,1,0,NZ_JBDODG010000031.1,9,1,anfO,d__Bacteria;p__Bacillota;c__Clostridia;o__Eubacteriales;f__Eubacteriaceae;g__Acetobacterium;s__Acetobacterium sp039830195,,anfO
205334,RS_GCF_040939125.1,anfO,NZ_CP162495.1_1839_A,4.1e-65,216.8,0.9,2,212,1818617-1819255,1,0,NZ_CP162495.1,1839,10,anfO,d__Bacteria;p__Bacillota;c__Clostridia;o__Clostridiales;f__Clostridiaceae;g__Clostridium_B;s__Clostridium_B sp040939125,,anfO
205335,RS_GCF_041320595.1,anfO,NZ_CP166625.1_4335_A,1.3000000000000002e-60,202.4,0.0,0,228,4729342-4730028,1,0,NZ_CP166625.1,4335,4,anfO,d__Bacteria;p__Pseudomonadota;c__Alphaproteobacteria;o__Rhizobiales;f__Pleomorphomonadaceae;g__Pleomorphomonas;s__Pleomorphomonas sp041320595,,anfO
205336,RS_GCF_041428575.1,anfO,NZ_CP155570.1_3337_A,1.1e-57,192.5,0.0,2,210,3387411-3388049,-1,0,NZ_CP155570.1,3337,5,anfO,d__Bacteria;p__Bacillota;c__Negativicutes;o__Sporomusales;f__Sporomusaceae;g__Sporomusa_D;s__Sporomusa_D carbonis,,anfO
205337,RS_GCF_041428715.1,anfO,NZ_CP155572.1_609_A,1.4e-51,172.9,0.0,2,205,682948-683565,1,0,NZ_CP155572.1,609,8,anfO,d__Bacteria;p__Bacillota;c__Negativicutes;o__Sporomusales;f__Sporomusaceae;g__Sporomusa;s__Sporomusa malonica,,anfO
205338,RS_GCF_041428895.1,anfO,NZ_CP156926.1_5507_A,6.5e-54,180.8,0.0,2,205,5878461-5879078,-1,0,NZ_CP156926.1,5507,5,anfO,d__Bacteria;p__Bacillota;c__Negativicutes;o__Sporomusales;f__Sporomusaceae;g__Sporomusa;s__Sporomusa aerivorans,,anfO
205339,RS_GCF_041752335.1,anfO,NZ_JBGSHG010000006.1_9_A,4.5e-54,180.4,0.0,5,212,7830-8468,1,0,NZ_JBGSHG010000006.1,9,1,anfO,d__Bacteria;p__Bacillota;c__Clostridia;o__Eubacteriales;f__Eubacteriaceae;g__Acetobacterium;s__Acetobacterium sp041752335,,anfO
205340,RS_GCF_041907885.1,anfO,NZ_JAYRGM010000006.1_8_A,1.6e-37,125.9,0.0,3,210,9582-10232,1,0,NZ_JAYRGM010000006.1,8,1,anfO,d__Bacteria;p__Desulfobacterota;c__Desulfovibrionia;o__Desulfovibrionales;f__Desulfovibrionaceae;g__Desulfovibrio;s__Desulfovibrio sp041907885,,anfO
205341,RS_GCF_042432815.1,anfO,NZ_JBHLWM010000001.1_36_A,1.2e-61,205.8,0.0,0,228,36632-37324,-1,0,NZ_JBHLWM010000001.1,36,1,anfO,d__Bacteria;p__Pseudomonadota;c__Alphaproteobacteria;o__Rhizobiales;f__Xanthobacteraceae;g__Rhodopseudomonas;s__Rhodopseudomonas telluris,,anfO
205342,RS_GCF_042434745.1,anfO,NZ_JBHLSS010000032.1_25_A,4.5e-68,226.6,0.0,0,242,26348-27085,1,0,NZ_JBHLSS010000032.1,25,1,anfO,d__Bacteria;p__Pseudomonadota;c__Gammaproteobacteria;o__Pseudomonadales;f__Pseudomonadaceae;g__Azotobacter;s__Azotobacter paspali,,anfO
205343,RS_GCF_042610375.1,anfO,NZ_JBGJZL010000016.1_12_A,8.4e-53,176.7,0.0,2,209,10578-11207,1,0,NZ_JBGJZL010000016.1,12,1,anfO,d__Bacteria;p__Bacillota;c__Negativicutes;o__DSM-13327;f__DSM-13327;g__CTSoil-075;s__CTSoil-075 sp042610375,,anfO
205344,RS_GCF_042647235.1,anfO,NZ_JBHRVE010000003.1_3254_A,7e-68,225.7,0.0,0,205,3612202-3612825,-1,0,NZ_JBHRVE010000003.1,3254,1,anfO,d__Bacteria;p__Pseudomonadota;c__Gammaproteobacteria;o__Enterobacterales;f__Enterobacteriaceae;g__Brenneria;s__Brenneria rubrifaciens,,anfO
205345,RS_GCF_042649925.1,anfO,NZ_JBHSAF010000014.1_114_A,1.8e-40,136.0,0.0,0,232,131882-132580,1,0,NZ_JBHSAF010000014.1,114,1,anfO,d__Bacteria;p__Pseudomonadota;c__Gammaproteobacteria;o__Enterobacterales;f__Aeromonadaceae;g__Pseudaeromonas;s__Pseudaeromonas sharmana,,anfO
205346,RS_GCF_042682685.1,anfO,NZ_JBHUHX010000058.1_3_A,6.8e-51,170.3,0.0,0,203,3879-4586,-1,0,NZ_JBHUHX010000058.1,3,1,anfO,d__Bacteria;p__Pseudomonadota;c__Gammaproteobacteria;o__Chromatiales;f__Chromatiaceae;g__Imhoffiella;s__Imhoffiella fuscus,,anfO
205347,RS_GCF_042683065.1,anfO,NZ_JBHUIX010000013.1_78_A,1.1999999999999998e-53,179.1,0.0,0,229,80467-81165,1,0,NZ_JBHUIX010000013.1,78,2,anfO,d__Bacteria;p__Pseudomonadota;c__Alphaproteobacteria;o__Rhodobacterales;f__Rhodobacteraceae;g__Rhodobacter;s__Rhodobacter lacus,,anfO
205348,RS_GCF_042683125.1,anfO,NZ_JBHUIY010000001.1_93_A,1e-55,186.0,0.0,0,244,105887-106630,-1,0,NZ_JBHUIY010000001.1,93,1,anfO,d__Bacteria;p__Pseudomonadota;c__Alphaproteobacteria;o__Rhodospirillales;f__Magnetospirillaceae;g__Phaeospirillum;s__Phaeospirillum tilakii,,anfO
205349,RS_GCF_043633585.1,anfO,NZ_CP141832.1_720_A,3.2e-37,125.5,0.2,1,201,819852-820463,1,0,NZ_CP141832.1,720,3,anfO,d__Bacteria;p__Bacillota;c__Clostridia;o__Lachnospirales;f__Lachnospiraceae;g__Lacrimispora;s__Lacrimispora sinapis,,anfO
205350,RS_GCF_045310515.1,anfO,NZ_JBJHZX010000007.1_50_A,3.4e-66,220.7,0.6,2,212,51954-52592,-1,0,NZ_JBJHZX010000007.1,50,1,anfO,d__Bacteria;p__Bacillota;c__Clostridia;o__Clostridiales;f__Clostridiaceae;g__Clostridium_B;s__Clostridium_B eludens,,anfO
205351,RS_GCF_045310695.1,anfO,NZ_JBJIAA010000006.1_98_A,7.6e-05,20.1,0.1,3,113,96755-97096,-1,0,NZ_JBJIAA010000006.1,98,1,nifB,d__Bacteria;p__Bacillota;c__Clostridia;o__Clostridiales;f__Clostridiaceae;g__Clostridium_S;s__Clostridium_S neuense,,anfO
205352,RS_GCF_045310795.1,anfO,NZ_JBJIAB010000028.1_26_A,6.6e-44,148.0,1.1,1,202,28516-29124,-1,0,NZ_JBJIAB010000028.1,26,1,anfO,d__Bacteria;p__Bacillota;c__Clostridia;o__Clostridiales;f__Clostridiaceae;g__Clostridium;s__Clostridium helianthi,,anfO
205353,RS_GCF_046254905.1,anfO,NZ_CP158016.1_2784_A,2.6e-41,138.7,0.0,7,237,3101499-3102215,-1,0,NZ_CP158016.1,2784,3,anfO,d__Bacteria;p__Pseudomonadota;c__Gammaproteobacteria;o__Enterobacterales;f__Aeromonadaceae;g__Pseudaeromonas;s__Pseudaeromonas aegiceratis,,anfO
205354,RS_GCF_046603805.1,anfO,NZ_CP176628.1_323_A,2.6e-36,122.2,0.0,3,210,379149-379799,-1,0,NZ_CP176628.1,323,1,anfO,d__Bacteria;p__Desulfobacterota;c__Desulfovibrionia;o__Desulfovibrionales;f__Desulfovibrionaceae;g__Desulfovibrio;s__Desulfovibrio sp019422935,,anfO
205355,RS_GCF_046972725.1,anfO,NZ_JBKVXF010000001.1_1501_A,2.7e-39,132.4,0.0,1,201,1593611-1594222,-1,0,NZ_JBKVXF010000001.1,1501,1,anfO,d__Bacteria;p__Bacillota;c__Clostridia;o__Lachnospirales;f__Lachnospiraceae;g__Lacrimispora;s__Lacrimispora sp046972725,,anfO
205356,RS_GCF_047308185.1,anfO,NZ_JAHXPU010000027.1_67_A,1.2e-52,176.4,0.0,0,207,73850-74485,-1,0,NZ_JAHXPU010000027.1,67,1,anfO,d__Bacteria;p__Pseudomonadota;c__Gammaproteobacteria;o__Enterobacterales;f__Enterobacteriaceae;g__Erwinia;s__Erwinia sp047308185,,anfO
205357,RS_GCF_047324175.1,anfO,NZ_CP178732.1_5008_A,7.300000000000001e-65,216.4,0.0,0,208,5607253-5607882,-1,0,NZ_CP178732.1,5008,1,anfO,d__Bacteria;p__Pseudomonadota;c__Gammaproteobacteria;o__Enterobacterales;f__Enterobacteriaceae;g__Acerihabitans;s__Acerihabitans sp015654925,,anfO
205358,RS_GCF_047324305.1,anfO,NZ_CP178740.1_1533_A,2.4e-35,119.9,0.0,0,118,1746650-1747006,-1,0,NZ_CP178740.1,1533,3,anfO,d__Bacteria;p__Pseudomonadota;c__Gammaproteobacteria;o__Enterobacterales;f__Enterobacteriaceae;g__Acerihabitans;s__Acerihabitans sp047324305,,anfO
205359,RS_GCF_047324305.1,anfO,NZ_CP178740.1_1536_A,1e-68,228.9,0.0,0,206,1749150-1749770,-1,0,NZ_CP178740.1,1536,3,anfO,d__Bacteria;p__Pseudomonadota;c__Gammaproteobacteria;o__Enterobacterales;f__Enterobacteriaceae;g__Acerihabitans;s__Acerihabitans sp047324305,,anfO
205360,RS_GCF_047456275.1,anfO,NZ_CP173357.1_3086_A,1.3e-50,169.3,0.0,6,212,3394439-3395077,1,0,NZ_CP173357.1,3086,5,anfO,d__Bacteria;p__Bacillota;c__Clostridia;o__Eubacteriales;f__Eubacteriaceae;g__Acetobacterium;s__Acetobacterium carbinolicum,,anfO
205361,RS_GCF_047602565.1,anfO,NZ_JASGGX010000001.1_2696_A,3.6e-62,207.3,0.0,0,218,2997135-2997953,1,0,NZ_JASGGX010000001.1,2696,4,anfO,d__Bacteria;p__Pseudomonadota;c__Gammaproteobacteria;o__Burkholderiales;f__Rhodocyclaceae;g__Propionivibrio;s__Propionivibrio sp047602565,,anfO
205362,RS_GCF_047607245.1,anfO,NZ_JASGDK010000111.1_14_A,4.7e-37,124.6,0.0,4,221,18327-19022,1,0,NZ_JASGDK010000111.1,14,1,anfO,d__Bacteria;p__Desulfobacterota;c__Desulfovibrionia;o__Desulfovibrionales;f__Desulfovibrionaceae;g__Desulfovibrio;s__Desulfovibrio sp047607245,,anfO
205363,RS_GCF_047652685.1,anfO,NZ_CP157399.1_191_A,2e-47,158.5,0.9,2,213,206358-206999,1,0,NZ_CP157399.1,191,1,anfO,d__Bacteria;p__Bacillota;c__Desulfitobacteriia;o__Desulfitobacteriales;f__Syntrophobotulaceae;g__Dehalobacter;s__Dehalobacter sp023667845,,anfO
205364,RS_GCF_047692315.1,anfO,NZ_JBLLJS010000011.1_95_A,1.8000000000000002e-44,149.6,0.0,10,213,68737-69378,-1,0,NZ_JBLLJS010000011.1,95,1,anfO,d__Bacteria;p__Pseudomonadota;c__Gammaproteobacteria;o__Enterobacterales;f__Enterobacteriaceae;g__Symbiopectobacterium;s__Symbiopectobacterium sp047692315,,anfO
205365,RS_GCF_047718555.1,anfO,NZ_JBDNRK010000013.1_29_A,1.6e-05,22.1,0.0,10,120,30347-30715,1,0,NZ_JBDNRK010000013.1,29,1,nifB,d__Bacteria;p__Bacillota;c__Clostridia;o__Clostridiales;f__Clostridiaceae;g__Clostridium_I;s__Clostridium_I sp047718555,,anfO
205366,RS_GCF_047718555.1,anfO,NZ_JBDNRK010000013.1_34_A,1.9e-07,28.4,0.2,2,112,36160-36501,1,0,NZ_JBDNRK010000013.1,34,1,nifB,d__Bacteria;p__Bacillota;c__Clostridia;o__Clostridiales;f__Clostridiaceae;g__Clostridium_I;s__Clostridium_I sp047718555,,anfO
205367,RS_GCF_047718555.1,anfO,NZ_JBDNRK010000013.1_35_A,1.5e-06,25.4,0.1,2,115,36687-37034,1,0,NZ_JBDNRK010000013.1,35,1,nifB,d__Bacteria;p__Bacillota;c__Clostridia;o__Clostridiales;f__Clostridiaceae;g__Clostridium_I;s__Clostridium_I sp047718555,,anfO
205368,RS_GCF_047718555.1,anfO,NZ_JBDNRK010000027.1_24_A,1.6e-60,201.8,0.0,2,211,30377-31039,-1,0,NZ_JBDNRK010000027.1,24,1,anfO,d__Bacteria;p__Bacillota;c__Clostridia;o__Clostridiales;f__Clostridiaceae;g__Clostridium_I;s__Clostridium_I sp047718555,,anfO
205369,RS_GCF_047718555.1,anfO,NZ_JBDNRK010000027.1_26_A,4.1e-63,210.3,1.0,2,211,32625-33260,-1,0,NZ_JBDNRK010000027.1,26,1,anfO,d__Bacteria;p__Bacillota;c__Clostridia;o__Clostridiales;f__Clostridiaceae;g__Clostridium_I;s__Clostridium_I sp047718555,,anfO
205370,RS_GCF_047718555.1,anfO,NZ_JBDNRK010000036.1_2_A,2e-68,227.6,0.9,0,202,2052-2660,1,0,NZ_JBDNRK010000036.1,2,1,anfO,d__Bacteria;p__Bacillota;c__Clostridia;o__Clostridiales;f__Clostridiaceae;g__Clostridium_I;s__Clostridium_I sp047718555,,anfO
205371,RS_GCF_047718555.1,anfO,NZ_JBDNRK010000044.1_3_A,2.5e-62,207.7,0.2,2,207,3245-3868,1,0,NZ_JBDNRK010000044.1,3,1,anfO,d__Bacteria;p__Bacillota;c__Clostridia;o__Clostridiales;f__Clostridiaceae;g__Clostridium_I;s__Clostridium_I sp047718555,,anfO
205372,RS_GCF_047719395.1,anfO,NZ_JBDNTB010000001.1_1_A,1e-59,198.4,0.0,1,213,2-1039,-1,0,NZ_JBDNTB010000001.1,1,1,anfO,d__Bacteria;p__Actinomycetota;c__Actinomycetes;o__Propionibacteriales;f__Propionibacteriaceae;g__Propionibacterium;s__Propionibacterium sp047719395,,anfO
205373,RS_GCF_048594845.1,anfO,NZ_JBMDXE010000078.1_5_A,1e-61,206.1,0.0,0,228,3964-4656,1,0,NZ_JBMDXE010000078.1,5,1,anfO,d__Bacteria;p__Pseudomonadota;c__Alphaproteobacteria;o__Rhizobiales;f__Xanthobacteraceae;g__Rhodopseudomonas;s__Rhodopseudomonas sp048594845,,anfO
205374,RS_GCF_048627165.1,anfO,NZ_JBMBWP010000001.1_304_A,6.3e-41,138.1,0.1,0,203,336510-337121,1,0,NZ_JBMBWP010000001.1,304,1,anfO,d__Bacteria;p__Bacillota;c__Clostridia;o__Lachnospirales;f__Lachnospiraceae;g__Lacrimispora;s__Lacrimispora sp015057775,,anfO
205375,RS_GCF_048629425.1,anfO,NZ_CP184532.1_2220_A,1.5e-57,192.1,0.0,0,211,2697925-2698608,-1,0,NZ_CP184532.1,2220,1,anfO,d__Bacteria;p__Acidobacteriota;c__Terriglobia;o__Terriglobales;f__Acidobacteriaceae;g__Telmatobacter;s__Telmatobacter bradus,,anfO
205376,RS_GCF_049890855.1,anfO,NZ_JBANEW010000027.1_224_A,1.2e-37,127.4,0.0,0,203,216295-216906,1,0,NZ_JBANEW010000027.1,224,2,anfO,d__Bacteria;p__Bacillota;c__Clostridia;o__Lachnospirales;f__Lachnospiraceae;g__Lacrimispora;s__Lacrimispora sp023386315,,anfO
205377,RS_GCF_050058015.1,anfO,NZ_CP170111.1_394_A,3.8e-53,178.3,0.0,0,201,378606-379211,-1,0,NZ_CP170111.1,394,1,anfO,d__Bacteria;p__Pseudomonadota;c__Gammaproteobacteria;o__Enterobacterales;f__Enterobacteriaceae;g__Klebsiella;s__Klebsiella sp050058015,,anfO
205378,RS_GCF_052363175.1,anfO,NZ_CP198946.1_697_A,2.1e-57,191.6,0.0,0,225,706281-706958,1,0,NZ_CP198946.1,697,6,anfO,d__Bacteria;p__Pseudomonadota;c__Alphaproteobacteria;o__Rhodobacterales;f__Rhodobacteraceae;g__Rhodobacter;s__Rhodobacter capsulatus_D,,anfO
205379,RS_GCF_052363185.1,anfO,NZ_CP198955.1_2198_A,3.5e-56,187.5,0.0,0,224,2297912-2298592,-1,0,NZ_CP198955.1,2198,3,anfO,d__Bacteria;p__Pseudomonadota;c__Alphaproteobacteria;o__Rhodobacterales;f__Rhodobacteraceae;g__Rhodobacter;s__Rhodobacter capsulatus_E,,anfO
205380,RS_GCF_900078195.1,anfO,NZ_FJVE01000007.1_1223_A,9.2e-05,19.6,0.0,36,132,1492678-1493085,1,0,NZ_FJVE01000007.1,1223,1,anfO,d__Bacteria;p__Bacillota;c__Clostridia;o__Lachnospirales;f__Lachnospiraceae;g__Lachnoclostridium;s__Lachnoclostridium sp900078195,,anfO
205381,RS_GCF_900102485.1,anfO,NZ_FNBX01000016.1_25_A,1.5e-32,109.6,0.0,3,210,27300-27947,1,0,NZ_FNBX01000016.1,25,1,anfO,d__Bacteria;p__Desulfobacterota;c__Desulfovibrionia;o__Desulfovibrionales;f__Desulfovibrionaceae;g__Desulfovibrio;s__Desulfovibrio legallii_A,,anfO
205382,RS_GCF_900104455.1,anfO,NZ_FNHB01000005.1_241_A,2.8e-53,178.0,0.4,2,206,256739-257359,1,0,NZ_FNHB01000005.1,241,2,anfO,d__Bacteria;p__Bacillota;c__Negativicutes;o__DSM-1736;f__Dendrosporobacteraceae;g__Dendrosporobacter;s__Dendrosporobacter quercicolus,,anfO
205383,RS_GCF_900108475.1,anfO,NZ_FNWO01000003.1_263_A,1.4e-49,165.8,0.0,0,245,312261-312998,1,0,NZ_FNWO01000003.1,263,1,anfO,d__Bacteria;p__Pseudomonadota;c__Alphaproteobacteria;o__Rhodospirillales;f__Magnetospirillaceae;g__Phaeospirillum;s__Phaeospirillum fulvum_A,,anfO
205384,RS_GCF_900109655.1,anfO,NZ_FOAT01000004.1_152_A,1.3e-05,22.2,0.0,1,109,180892-181224,1,0,NZ_FOAT01000004.1,152,1,nifB,d__Bacteria;p__Bacillota;c__Clostridia;o__Oscillospirales;f__Ruminococcaceae;g__Hominimerdicola;s__Hominimerdicola alba_B,,anfO
205385,RS_GCF_900110485.1,anfO,NZ_FODY01000019.1_13_A,6.6e-56,186.8,0.3,2,207,11539-12162,1,0,NZ_FODY01000019.1,13,1,anfO,d__Bacteria;p__Bacillota;c__Negativicutes;o__Propionisporales;f__Propionisporaceae;g__Propionispora;s__Propionispora vibrioides,,anfO
205386,RS_GCF_900111235.1,anfO,NZ_FOJI01000013.1_47_A,8.6e-40,134.1,0.1,0,216,47232-47882,-1,0,NZ_FOJI01000013.1,47,1,anfO,d__Bacteria;p__Bacillota;c__Clostridia;o__Lachnospirales;f__Lachnospiraceae;g__Clostridium_N;s__Clostridium_N fimetarium,,anfO
205387,RS_GCF_900112155.1,anfO,NZ_FOKQ01000005.1_30_A,1.6e-05,22.0,0.0,1,109,32820-33152,1,0,NZ_FOKQ01000005.1,30,1,nifB,d__Bacteria;p__Bacillota;c__Clostridia;o__Oscillospirales;f__Ruminococcaceae;g__Hominimerdicola;s__Hominimerdicola alba_D,,anfO
205388,RS_GCF_900112775.1,anfO,NZ_FOYZ01000001.1_314_A,9.4e-40,133.8,0.1,2,214,347956-348600,-1,0,NZ_FOYZ01000001.1,314,1,anfO,d__Bacteria;p__Bacillota;c__Clostridia;o__Lachnospirales;f__Lachnospiraceae;g__Anaeromicropila_A;s__Anaeromicropila_A populeti,,anfO
205389,RS_GCF_900113335.1,anfO,NZ_FOOX01000003.1_96_A,2.7e-52,175.3,0.0,2,206,101752-102375,1,0,NZ_FOOX01000003.1,96,1,anfO,d__Bacteria;p__Bacillota;c__Desulfotomaculia;o__Desulfotomaculales;f__Desulfallaceae;g__Desulfotruncus;s__Desulfotruncus arcticus,,anfO
205390,RS_GCF_900114615.1,anfO,NZ_FOTS01000010.1_96_A,2e-53,179.0,0.0,2,211,104790-105425,-1,0,NZ_FOTS01000010.1,96,1,anfO,d__Bacteria;p__Bacillota;c__Negativicutes;o__DSM-13327;f__DSM-13327;g__Pelosinus;s__Pelosinus propionicus,,anfO
205391,RS_GCF_900115365.1,anfO,NZ_FOWD01000022.1_17_A,6.5e-06,23.4,0.0,3,119,14497-14856,1,0,NZ_FOWD01000022.1,17,1,nifB,d__Bacteria;p__Bacillota;c__Clostridia;o__Lachnospirales;f__Lachnospiraceae;g__Anaerocolumna;s__Anaerocolumna aminovalerica,,anfO
205392,RS_GCF_900115975.1,anfO,NZ_FOYM01000036.1_3_A,1.3000000000000002e-57,192.2,0.0,2,209,1816-2448,-1,0,NZ_FOYM01000036.1,3,1,anfO,d__Bacteria;p__Bacillota;c__Desulfotomaculia;o__Desulfotomaculales;f__Desulfallaceae;g__Desulfoscipio;s__Desulfoscipio geothermicus,,anfO
205393,RS_GCF_900116535.1,anfO,NZ_FPAU01000007.1_150_A,7.1e-49,164.0,0.0,0,203,160304-160915,-1,0,NZ_FPAU01000007.1,150,1,anfO,d__Bacteria;p__Pseudomonadota;c__Gammaproteobacteria;o__Enterobacterales;f__Enterobacteriaceae;g__Kosakonia;s__Kosakonia arachidis,,anfO
205394,RS_GCF_900129195.1,anfO,NZ_FQUY01000008.1_75_A,1.2e-56,188.8,0.0,2,208,68550-69176,-1,0,NZ_FQUY01000008.1,75,1,anfO,d__Bacteria;p__Bacillota;c__Desulfotomaculia;o__Desulfotomaculales;f__Desulfotomaculaceae;g__Desulfotomaculum;s__Desulfotomaculum putei,,anfO
205395,RS_GCF_900130055.1,anfO,NZ_FQXU01000020.1_40_A,2.3e-60,201.5,0.1,0,201,32208-32813,1,0,NZ_FQXU01000020.1,40,1,anfO,d__Bacteria;p__Bacillota;c__Clostridia;o__Clostridiales;f__Clostridiaceae;g__Clostridium_T;s__Clostridium_T intestinale,,anfO
205396,RS_GCF_900141835.1,anfO,NZ_FQZD01000024.1_8_A,1.4e-55,185.6,0.3,2,207,5605-6228,-1,0,NZ_FQZD01000024.1,8,1,anfO,d__Bacteria;p__Bacillota;c__Negativicutes;o__Propionisporales;f__Propionisporaceae;g__Propionispora;s__Propionispora hippei,,anfO
205397,RS_GCF_900141895.1,anfO,NZ_FQYT01000018.1_53_A,1.9e-38,128.9,0.0,1,210,56711-57364,1,0,NZ_FQYT01000018.1,53,1,anfO,d__Bacteria;p__Bacillota;c__Clostridia;o__Lachnospirales;f__Lachnospiraceae;g__Parasporobacterium;s__Parasporobacterium paucivorans,,anfO
205398,RS_GCF_900142215.1,anfO,NZ_FRAC01000010.1_260_A,1.3e-58,196.0,0.2,0,203,318137-318748,1,0,NZ_FRAC01000010.1,260,1,anfO,d__Bacteria;p__Bacillota;c__Clostridia;o__Lachnospirales;f__Lachnospiraceae;g__Anaerocolumna;s__Anaerocolumna jejuensis,,anfO
205399,RS_GCF_900142375.1,anfO,NZ_FRAR01000012.1_101_A,3.9e-55,184.2,0.0,2,209,110160-110789,1,0,NZ_FRAR01000012.1,101,1,anfO,d__Bacteria;p__Bacillota;c__Desulfotomaculia;o__Desulfotomaculales;f__Desulfotomaculaceae;g__Desulfotomaculum;s__Desulfotomaculum aeronauticum,,anfO
205400,RS_GCF_900142955.1,anfO,NZ_FRCP01000009.1_191_A,8.000000000000001e-28,95.2,0.0,0,208,197570-198217,1,0,NZ_FRCP01000009.1,191,1,anfO,d__Bacteria;p__Bacillota;c__Clostridia;o__Lachnospirales;f__Lachnospiraceae;g__Anaerosporobacter;s__Anaerosporobacter mobilis,,anfO
205401,RS_GCF_900143285.1,anfO,NZ_FRDN01000007.1_282_A,7.899999999999999e-63,209.7,0.0,0,200,283359-283961,-1,0,NZ_FRDN01000007.1,282,1,anfO,d__Bacteria;p__Bacillota;c__Desulfitobacteriia;o__Desulfitobacteriales;f__Desulfitobacteriaceae;g__Desulfitobacterium;s__Desulfitobacterium chlororespirans,,anfO
205402,RS_GCF_900143645.1,anfO,NZ_FRFD01000010.1_259_A,5.199999999999998e-47,157.9,0.0,1,204,294089-294706,-1,0,NZ_FRFD01000010.1,259,1,anfO,d__Bacteria;p__Bacillota;c__Clostridia;o__Lachnospirales;f__Lachnospiraceae;g__Anaerocolumna;s__Anaerocolumna xylanovorans,,anfO
205403,RS_GCF_900155545.1,anfO,NZ_LT732525.1_380_A,1e-38,130.8,0.1,0,203,423099-423710,-1,0,NZ_LT732525.1,380,1,anfO,d__Bacteria;p__Bacillota;c__Clostridia;o__Lachnospirales;f__Lachnospiraceae;g__Lacrimispora;s__Lacrimispora sp900155545,,anfO
205404,RS_GCF_900162725.1,anfO,NZ_LT799418.1_3671_A,1.5e-60,201.9,0.1,0,215,4585742-4586389,-1,0,NZ_LT799418.1,3671,1,anfO,d__Bacteria;p__Bacteroidota;c__Bacteroidia;o__Bacteroidales;f__Tannerellaceae;g__Marseille-P3160;s__Marseille-P3160 sp900162725,,anfO
205405,RS_GCF_900167465.1,anfO,NZ_FUWR01000020.1_39_A,7.400000000000001e-65,215.7,0.0,0,245,40455-41192,1,0,NZ_FUWR01000020.1,39,1,anfO,d__Bacteria;p__Desulfobacterota;c__Desulfuromonadia;o__Geobacterales;f__Pseudopelobacteraceae;g__Trichlorobacter;s__Trichlorobacter thiogenes,,anfO
205406,RS_GCF_900176305.1,anfO,NZ_FWXH01000008.1_60_A,1.5e-58,195.3,0.5,1,203,74833-75447,1,0,NZ_FWXH01000008.1,60,2,anfO,d__Bacteria;p__Bacillota;c__Clostridia;o__Clostridiales;f__Clostridiaceae;g__Clostridium_I;s__Clostridium_I acidisoli,,anfO
205407,RS_GCF_900184995.1,anfO,NZ_LT860098.1_204_A,1.4e-40,136.6,0.2,1,212,224862-225500,-1,0,NZ_LT860098.1,204,1,anfO,d__Bacteria;p__Bacillota;c__Clostridia;o__Lachnospirales;f__Lachnospiraceae;g__Lachnotalea;s__Lachnotalea massiliensis,,anfO
205408,RS_GCF_900187365.1,anfO,NZ_FYDG01000013.1_82_A,1.4999999999999998e-43,146.5,0.0,0,238,79078-79794,1,0,NZ_FYDG01000013.1,82,1,anfO,d__Bacteria;p__Pseudomonadota;c__Alphaproteobacteria;o__Rhizobiales;f__Beijerinckiaceae;g__Rhodoblastus;s__Rhodoblastus acidophilus,,anfO
205409,RS_GCF_900205965.1,anfO,NZ_OAOF01000001.1_45_A,5.2e-34,115.5,0.0,0,203,47836-48447,-1,0,NZ_OAOF01000001.1,45,2,anfO,d__Bacteria;p__Bacillota;c__Clostridia;o__Lachnospirales;f__Lachnospiraceae;g__Lacrimispora;s__Lacrimispora amygdalina_A,,anfO
205410,RS_GCF_900217815.1,anfO,NZ_OBMT01000007.1_49_A,6.2e-54,180.1,0.0,0,228,52151-52849,-1,0,NZ_OBMT01000007.1,49,1,anfO,d__Bacteria;p__Pseudomonadota;c__Alphaproteobacteria;o__Rhodobacterales;f__Rhodobacteraceae;g__Rhodobacter;s__Rhodobacter maris,,anfO
205411,RS_GCF_900476375.1,anfO,NZ_UPPP01000074.1_51_A,1.1e-54,183.1,0.0,2,210,52768-53406,-1,0,NZ_UPPP01000074.1,51,1,anfO,d__Bacteria;p__Bacillota;c__Negativicutes;o__Sporomusales;f__UPPP01;g__Lucifera;s__Lucifera butyrica,,anfO
205412,RS_GCF_902477725.1,anfO,NZ_CABSIF010000016.1_55_A,1.4e-36,123.2,0.0,3,210,67345-67995,-1,0,NZ_CABSIF010000016.1,55,1,anfO,d__Bacteria;p__Desulfobacterota;c__Desulfovibrionia;o__Desulfovibrionales;f__Desulfovibrionaceae;g__Desulfovibrio;s__Desulfovibrio sp902477725,,anfO
205413,RS_GCF_902702915.1,anfO,NZ_LR738849.1_1804_A,6.9e-33,111.0,0.0,53,229,2204367-2205089,-1,0,NZ_LR738849.1,1804,3,anfO,d__Bacteria;p__Desulfobacterota;c__Desulfovibrionia;o__Desulfovibrionales;f__Desulfovibrionaceae;g__Desulfovibrio;s__Desulfovibrio sp900095395,,anfO
205414,RS_GCF_946187255.1,anfO,NZ_CAMHRZ010000316.1_5_A,3.1e-05,20.8,0.0,2,108,3125-3457,-1,0,NZ_CAMHRZ010000316.1,5,1,nifB,d__Bacteria;p__Bacillota;c__Clostridia;o__Oscillospirales;f__Ruminococcaceae;g__Hominimerdicola;s__Hominimerdicola sp946187255,,anfO
205415,RS_GCF_963556105.3,anfO,NZ_CAUVYG020000001.1_1901_A,2.7e-55,184.6,0.0,0,201,1983936-1984541,1,0,NZ_CAUVYG020000001.1,1901,6,anfO,d__Bacteria;p__Pseudomonadota;c__Gammaproteobacteria;o__Enterobacterales;f__Aeromonadaceae;g__Tolumonas;s__Tolumonas sp963556105,,anfO
205416,RS_GCF_963664155.2,anfO,NZ_CAXXXH010000001.1_778_B,5.1e-05,21.0,0.0,324,411,888011-889285,-1,0,NZ_CAXXXH010000001.1,778,1,nifB,d__Bacteria;p__Desulfobacterota;c__Desulfobacteria;o__Desulfobacterales;f__Desulfosarcinaceae;g__Desulfosarcina;s__Desulfosarcina sp963664155,,anfO
205417,RS_GCF_963664415.2,anfO,NZ_CAXXPY010000006.1_2449_A,8.2e-64,213.2,0.0,0,202,2885452-2886060,1,0,NZ_CAXXPY010000006.1,2449,5,anfO,d__Bacteria;p__Desulfobacterota;c__Desulfobacteria;o__Desulfobacterales;f__Desulfobacteraceae;g__Desulfobacter;s__Desulfobacter sp963664415,,anfO
205418,RS_GCF_963668665.2,anfO,NZ_CAXXLU010000002.1_1499_A,2.7e-47,158.3,0.0,2,204,1557377-1557994,1,0,NZ_CAXXLU010000002.1,1499,6,anfO,d__Bacteria;p__Bacillota;c__Negativicutes;o__Anaeromusales;f__Anaeromusaceae;g__Anaeromusa;s__Anaeromusa sp009929485,,anfO
205419,RS_GCF_963676665.2,anfO,NZ_CAXXNL010000010.1_11_A,3.8e-33,112.3,0.0,0,132,5050-5448,-1,0,NZ_CAXXNL010000010.1,11,1,anfO,d__Bacteria;p__Pseudomonadota;c__Gammaproteobacteria;o__Enterobacterales;f__Aeromonadaceae;g__Tolumonas;s__Tolumonas sp028683735,,anfO
205420,RS_GCF_963676665.2,anfO,NZ_CAXXNL010000010.1_12_A,1.9e-13,48.0,0.0,0,62,5465-5656,-1,0,NZ_CAXXNL010000010.1,12,1,anfO,d__Bacteria;p__Pseudomonadota;c__Gammaproteobacteria;o__Enterobacterales;f__Aeromonadaceae;g__Tolumonas;s__Tolumonas sp028683735,,anfO
205421,RS_GCF_965644225.1,anfO,NZ_CBFFRJ010000167.1_4_A,5.2e-54,180.9,0.0,0,201,3513-4118,-1,0,NZ_CBFFRJ010000167.1,4,1,anfO,d__Bacteria;p__Pseudomonadota;c__Gammaproteobacteria;o__Enterobacterales;f__Enterobacteriaceae;g__CBFFRJ01;s__CBFFRJ01 sp965644225,,anfO
