,hit,C62,C88,C154,Q191,H195,C275,H442,contig,score
GB_GCA_000306725.1,CP003083.1_1275_A,C,C,C,Q,H,C,H,CP003083.1_1275,24.0
GB_GCA_019262145.1,CP076745.1_442_A,C,C,C,Q,H,C,H,CP076745.1_442,24.0
GB_GCA_033854095.1,JAWOKW010000050.1_7_A,C,C,C,Q,H,C,H,JAWOKW010000050.1_7,24.0
RS_GCF_000017165.1,NC_009634.1_64_A,C,C,C,Q,H,C,H,NC_009634.1_64,24.0
GB_GCA_003158395.1,PMIX01000254.1_38_A,C,C,C,Q,H,C,H,PMIX01000254.1_38,24.0
GB_GCA_007693955.1,RECR01000099.1_11_A,C,C,C,Q,H,C,H,RECR01000099.1_11,24.0
GB_GCA_021781285.1,JAJXXD010000160.1_13_A,C,C,C,Q,H,C,H,JAJXXD010000160.1_13,24.0
GB_GCA_023139575.1,JAGLNJ010000006.1_12_A,C,C,C,Q,H,C,H,JAGLNJ010000006.1_12,24.0
GB_GCA_023391105.1,JAEWBO010000037.1_9_A,C,C,C,Q,H,C,H,JAEWBO010000037.1_9,24.0
GB_GCA_028690665.1,JAQVAV010000003.1_283_A,C,C,C,Q,H,C,H,JAQVAV010000003.1_283,24.0
GB_GCA_030653435.1,JAURZI010000159.1_21_A,C,C,C,Q,H,C,H,JAURZI010000159.1_21,24.0
GB_GCA_031269935.1,JAISYL010000237.1_14_A,C,C,C,Q,H,C,H,JAISYL010000237.1_14,24.0
GB_GCA_034189325.1,JAXHUM010000081.1_10_A,C,C,C,Q,H,C,H,JAXHUM010000081.1_10,24.0
GB_GCA_035285565.1,JAYKGX010000024.1_22_A,C,C,C,Q,H,C,H,JAYKGX010000024.1_22,24.0
GB_GCA_037127995.1,JBAXXH010000044.1_19_A,C,C,C,Q,H,C,H,JBAXXH010000044.1_19,24.0
GB_GCA_040275425.1,JBEOKB010000129.1_11_A,C,C,C,Q,H,C,H,JBEOKB010000129.1_11,24.0
GB_GCA_040755915.1,JBFLWM010000017.1_73_A,C,C,C,Q,H,C,H,JBFLWM010000017.1_73,24.0
GB_GCA_041666155.1,JBAYHM010000165.1_8_A,C,C,C,Q,H,C,H,JBAYHM010000165.1_8,24.0
GB_GCA_046295755.1,JBKBMR010000094.1_4_A,C,C,C,Q,H,C,H,JBKBMR010000094.1_4,24.0
GB_GCA_046704745.1,JBJKRL010000133.1_59_A,C,C,C,Q,H,C,H,JBJKRL010000133.1_59,24.0
GB_GCA_049793155.1,JBARBN010000108.1_8_A,C,C,C,Q,H,C,H,JBARBN010000108.1_8,24.0
GB_GCA_900321215.1,ONVE01000181.1_7_A,C,C,C,W,F,C,A,ONVE01000181.1_7,19.0
GB_GCA_903859815.1,CAIOOA010000190.1_14_A,C,C,C,Q,H,C,H,CAIOOA010000190.1_14,24.0
GB_GCA_903898185.1,CAIUEN010000270.1_3_A,C,C,C,Q,H,C,H,CAIUEN010000270.1_3,24.0
GB_GCA_937864185.1,CALMIS010000306.1_11_A,C,C,C,Q,H,C,H,CALMIS010000306.1_11,24.0
GB_GCA_963676275.1,OY781091.1_1724_A,C,C,C,Q,H,C,H,OY781091.1_1724,24.0
GB_GCA_963828235.1,CAWHDY010000011.1_222_A,C,C,C,Q,H,C,H,CAWHDY010000011.1_222,24.0
GB_GCA_964455745.1,CAYWBK010000231.1_6_A,C,C,C,Q,H,C,H,CAYWBK010000231.1_6,24.0
GB_GCA_964632305.1,CAZWBR010000010.1_16_A,C,C,C,Q,H,C,H,CAZWBR010000010.1_16,24.0
RS_GCF_000019785.1,NC_010524.1_1431_A,C,C,C,Q,H,C,H,NC_010524.1_1431,24.0
RS_GCF_000526495.1,NZ_JAGE01000001.1_353_A,C,C,C,Q,H,C,H,NZ_JAGE01000001.1_353,24.0
RS_GCF_001263795.1,NZ_LHUR01000010.1_71_A,C,C,C,Q,H,C,H,NZ_LHUR01000010.1_71,24.0
RS_GCF_001908235.1,NZ_LGHK01000001.1_80_A,C,C,C,Q,H,C,H,NZ_LGHK01000001.1_80,24.0
RS_GCF_004341685.1,NZ_SMAA01000015.1_6_A,C,C,C,W,F,C,G,NZ_SMAA01000015.1_6,19.0
RS_GCF_005377625.1,NZ_CP040098.1_2453_A,C,C,C,Q,H,C,P,NZ_CP040098.1_2453,22.0
RS_GCF_016907915.1,NZ_JAFBCW010000006.1_8_A,-,C,C,Q,H,C,H,NZ_JAFBCW010000006.1_8,20.0
RS_GCF_018271995.1,NZ_JAGUCO010000002.1_299_A,C,C,C,Q,H,C,H,NZ_JAGUCO010000002.1_299,24.0
RS_GCF_018966525.1,NZ_CP076607.1_5022_A,C,C,C,Q,H,C,H,NZ_CP076607.1_5022,24.0
RS_GCF_020054945.1,NZ_JAIHAU010000030.1_14_A,C,C,C,Q,H,C,H,NZ_JAIHAU010000030.1_14,24.0
RS_GCF_029892065.1,NZ_CP120375.1_420_A,C,C,C,Q,H,C,H,NZ_CP120375.1_420,24.0
RS_GCF_030500275.1,NZ_JAMJEV010000002.1_306_A,C,C,C,Q,H,C,H,NZ_JAMJEV010000002.1_306,24.0
RS_GCF_036824685.1,NZ_DAISZR010000017.1_43_A,C,C,C,Q,H,C,H,NZ_DAISZR010000017.1_43,24.0
RS_GCF_038002825.1,NZ_JBBODF010000001.1_5163_A,C,C,C,Q,H,C,H,NZ_JBBODF010000001.1_5163,24.0
RS_GCF_040318085.1,NZ_JAMYLP010000013.1_71_A,C,C,C,Q,H,C,H,NZ_JAMYLP010000013.1_71,24.0
RS_GCF_963676935.1,NZ_OY781470.1_2927_A,C,C,C,Q,H,C,H,NZ_OY781470.1_2927,24.0
GB_GCA_049299895.1,JBAQYF010000014.1_20_A,C,C,C,Q,H,C,L,JBAQYF010000014.1_20,22.0
RS_GCF_002487355.1,NZ_NTMG01000054.1_57_A,C,C,C,Q,H,C,H,NZ_NTMG01000054.1_57,24.0
GB_GCA_001799285.1,MGTD01000048.1_41_A,C,C,C,Q,H,C,H,MGTD01000048.1_41,24.0
GB_GCA_002435955.1,DIWZ01000032.1_45_A,C,C,C,Q,H,C,H,DIWZ01000032.1_45,24.0
GB_GCA_002842435.1,PHCX01000007.1_10_A,C,C,C,Q,H,C,H,PHCX01000007.1_10,24.0
GB_GCA_004297765.1,SCTZ01000199.1_13_A,C,C,C,Q,H,C,H,SCTZ01000199.1_13,24.0
GB_GCA_013823635.1,PNML01000059.1_22_A,C,C,C,Q,H,C,H,PNML01000059.1_22,24.0
GB_GCA_020890855.1,JAJHPN010000371.1_23_A,C,C,C,Q,H,C,H,JAJHPN010000371.1_23,24.0
GB_GCA_021781535.1,JAJXWO010000001.1_136_A,C,C,C,Q,H,C,H,JAJXWO010000001.1_136,24.0
GB_GCA_021848325.1,JAJZUU010000023.1_16_A,C,C,C,Q,H,C,H,JAJZUU010000023.1_16,24.0
GB_GCA_029859485.1,JAOUDB010000027.1_8_A,C,C,C,Q,H,C,H,JAOUDB010000027.1_8,24.0
GB_GCA_031261395.1,JAISJT010000104.1_19_A,C,C,C,V,Y,C,F,JAISJT010000104.1_19,19.0
GB_GCA_031732875.1,JAVMKL010000282.1_4_A,C,C,C,Q,H,C,H,JAVMKL010000282.1_4,24.0
GB_GCA_035285585.1,JAYKGU010000289.1_16_A,C,C,C,Q,H,C,H,JAYKGU010000289.1_16,24.0
GB_GCA_035719345.1,DASTGH010000052.1_3_A,C,C,C,Q,H,C,H,DASTGH010000052.1_3,24.0
GB_GCA_036560465.1,DATBRD010000030.1_81_A,C,C,C,Q,H,C,H,DATBRD010000030.1_81,24.0
GB_GCA_041546305.1,JBFEWO010000117.1_9_A,C,C,C,Q,H,C,H,JBFEWO010000117.1_9,24.0
GB_GCA_043826925.1,JBDRPN010000066.1_18_A,C,C,C,Q,H,C,H,JBDRPN010000066.1_18,24.0
GB_GCA_045046665.1,JASFYZ010000165.1_16_A,C,C,C,Q,H,C,H,JASFYZ010000165.1_16,24.0
GB_GCA_051061015.1,JBPFEG010000017.1_100_A,C,C,C,Q,H,C,H,JBPFEG010000017.1_100,24.0
GB_GCA_903823025.1,CAIJRK010000061.1_32_A,C,C,C,Q,H,C,H,CAIJRK010000061.1_32,24.0
GB_GCA_903928965.1,CAIYSZ010000031.1_18_A,C,C,C,Q,H,C,H,CAIYSZ010000031.1_18,24.0
GB_GCA_949127805.1,CASBQC010000485.1_8_A,C,C,C,Q,H,C,H,CASBQC010000485.1_8,24.0
GB_GCA_963678185.1,OY782757.1_3073_A,C,C,C,Q,H,C,H,OY782757.1_3073,24.0
GB_GCA_964430285.1,CAYSFY010000011.1_28_A,C,C,C,Q,H,C,H,CAYSFY010000011.1_28,24.0
GB_GCA_964517355.1,CAZFCK010000018.1_17_A,C,C,C,Q,H,C,H,CAZFCK010000018.1_17,24.0
GB_GCA_967755175.1,CBRAFO010000056.1_4_A,C,C,C,Q,H,C,H,CBRAFO010000056.1_4,24.0
RS_GCF_000429985.1,NZ_AUCX01000006.1_166_A,C,C,C,Q,H,C,H,NZ_AUCX01000006.1_166,24.0
RS_GCF_003837805.1,NZ_RQIT01000031.1_34_A,C,C,C,Q,H,C,H,NZ_RQIT01000031.1_34,24.0
RS_GCF_005377625.1,NZ_CP040098.1_2455_A,C,C,C,Q,H,C,H,NZ_CP040098.1_2455,24.0
RS_GCF_014197855.1,NZ_JACIGJ010000001.1_63_A,C,C,C,Q,H,C,H,NZ_JACIGJ010000001.1_63,24.0
RS_GCF_017553635.1,NZ_JAFZKN010000019.1_145_A,C,C,C,W,F,C,V,NZ_JAFZKN010000019.1_145,19.0
RS_GCF_018324385.1,NZ_AP019536.1_1061_A,C,C,C,Q,H,C,H,NZ_AP019536.1_1061,24.0
RS_GCF_031427015.1,NZ_JASJOW010000003.1_642_A,C,C,C,Q,H,C,H,NZ_JASJOW010000003.1_642,24.0
RS_GCF_034057115.1,NZ_CP139195.1_1818_A,C,C,C,Q,H,C,H,NZ_CP139195.1_1818,24.0
RS_GCF_900167465.1,NZ_FUWR01000012.1_78_A,C,C,C,Q,H,C,H,NZ_FUWR01000012.1_78,24.0
GB_GCA_049299895.1,JBAQYF010000014.1_23_A,C,C,C,Q,H,C,H,JBAQYF010000014.1_23,24.0
GB_GCA_963704695.1,OY969932.1_1031_A,C,C,C,Q,H,C,H,OY969932.1_1031,24.0
RS_GCF_030655665.1,NZ_JAUSPQ010000004.1_142_A,C,C,C,Q,H,C,H,NZ_JAUSPQ010000004.1_142,24.0
RS_GCF_963674485.2,NZ_CAXXKW010000002.1_614_A,C,C,C,Q,H,C,H,NZ_CAXXKW010000002.1_614,24.0
GB_GCA_001799365.1,MGTI01000009.1_5_A,C,C,C,Q,H,C,H,MGTI01000009.1_5,24.0
GB_GCA_002341805.1,DDOS01000126.1_22_A,C,C,C,Q,H,C,H,DDOS01000126.1_22,24.0
GB_GCA_019359695.1,JAHHGV010000021.1_37_A,C,C,C,Q,H,C,H,JAHHGV010000021.1_37,24.0
GB_GCA_020974905.1,CP087563.1_4212_A,C,C,C,Q,H,C,H,CP087563.1_4212,24.0
GB_GCA_023481285.1,JAMCWL010000089.1_4_A,-,C,C,Q,H,C,H,JAMCWL010000089.1_4,20.0
GB_GCA_028692415.1,JAQUXM010000024.1_7_A,C,C,C,Q,H,C,H,JAQUXM010000024.1_7,24.0
GB_GCA_030154225.1,JASKKI010000005.1_57_A,C,C,C,Q,H,C,H,JASKKI010000005.1_57,24.0
GB_GCA_031289775.1,JAITOY010000038.1_85_A,C,C,C,W,F,C,G,JAITOY010000038.1_85,19.0
GB_GCA_039794885.1,JAUQVI010000045.1_11_A,C,C,C,Q,H,C,H,JAUQVI010000045.1_11,24.0
GB_GCA_040306945.1,JAWRKM010000062.1_13_A,C,C,C,Q,H,C,H,JAWRKM010000062.1_13,24.0
GB_GCA_050252135.1,JBFWLN010000001.1_106_A,C,C,C,Q,H,C,H,JBFWLN010000001.1_106,24.0
GB_GCA_052145875.1,JBKQNQ010000428.1_19_A,C,C,C,Q,H,C,H,JBKQNQ010000428.1_19,24.0
GB_GCA_963666685.2,CAXXHZ010000003.1_2315_A,C,C,C,Q,H,C,H,CAXXHZ010000003.1_2315,24.0
GB_GCA_963710375.1,CAVPZX010000005.1_128_A,C,C,C,Q,H,C,H,CAVPZX010000005.1_128,24.0
GB_GCA_963780725.1,CAWACV010000001.1_798_A,C,C,C,Q,H,C,H,CAWACV010000001.1_798,24.0
GB_GCA_964542535.1,CAZIUE010000005.1_149_A,C,C,C,Q,H,C,H,CAZIUE010000005.1_149,24.0
GB_GCA_964575975.1,CAZNTU010000076.1_22_A,C,C,C,Q,H,C,H,CAZNTU010000076.1_22,24.0
RS_GCF_000019845.1,NC_010581.1_487_A,C,C,C,Q,H,C,H,NC_010581.1_487,24.0
RS_GCF_000215085.1,NC_015589.1_3471_A,C,C,C,Q,H,C,H,NC_015589.1_3471,24.0
RS_GCF_000712055.1,NZ_JOOA01000002.1_1101_A,C,C,C,W,F,C,G,NZ_JOOA01000002.1_1101,19.0
RS_GCF_002356555.2,NZ_AP017372.2_1212_A,C,C,C,Q,H,C,H,NZ_AP017372.2_1212,24.0
RS_GCF_004341685.1,NZ_SMAA01000015.1_13_A,C,C,C,W,F,C,G,NZ_SMAA01000015.1_13,19.0
RS_GCF_013340205.1,NZ_BJTG01000009.1_201_A,C,C,C,Q,H,C,H,NZ_BJTG01000009.1_201,24.0
RS_GCF_016195855.1,NZ_JACPYU010000006.1_6_A,C,C,C,Q,H,C,H,NZ_JACPYU010000006.1_6,24.0
RS_GCF_022271405.1,NZ_JAJNAL010000010.1_16_A,C,C,C,Q,H,C,H,NZ_JAJNAL010000010.1_16,24.0
RS_GCF_024505055.1,NZ_JANIBL010000026.1_16_A,C,C,C,Q,H,C,H,NZ_JANIBL010000026.1_16,24.0
RS_GCF_028285745.1,NZ_JANQOP010000046.1_34_A,C,C,C,Q,H,C,H,NZ_JANQOP010000046.1_34,24.0
RS_GCF_038024855.1,NZ_CP139089.1_1951_A,C,C,C,Q,H,C,H,NZ_CP139089.1_1951,24.0
RS_GCF_050626875.1,NZ_CP192445.1_1771_A,C,C,C,Q,H,C,H,NZ_CP192445.1_1771,24.0
RS_GCF_900116875.1,NZ_FPCC01000005.1_149_A,C,C,C,W,F,C,A,NZ_FPCC01000005.1_149,19.0
RS_GCF_900659865.1,NZ_LR213770.1_7_A,C,C,C,Q,H,C,H,NZ_LR213770.1_7,24.0
RS_GCF_937936435.1,NZ_CALDDG010000107.1_6_A,C,C,C,Q,H,C,H,NZ_CALDDG010000107.1_6,24.0
GB_GCA_049301735.1,JBAQLI010000086.1_15_A,C,C,C,Q,H,C,H,JBAQLI010000086.1_15,24.0
RS_GCF_000017185.1,NC_009635.1_1443_A,C,C,C,Q,H,C,N,NC_009635.1_1443,22.0
GB_GCA_000961655.1,LADR01000085.1_8_A,C,C,C,Q,H,C,H,LADR01000085.1_8,24.0
GB_GCA_002387725.1,DGKK01000015.1_33_A,C,C,C,Q,H,C,H,DGKK01000015.1_33,24.0
GB_GCA_015231435.1,JADGBN010000039.1_22_A,C,C,C,Q,H,C,H,JADGBN010000039.1_22,24.0
GB_GCA_016938735.1,JAFGUB010000052.1_113_A,C,C,C,Q,H,C,H,JAFGUB010000052.1_113,24.0
GB_GCA_021804355.1,JAJZHP010000094.1_5_A,C,C,C,Q,H,C,H,JAJZHP010000094.1_5,24.0
GB_GCA_021848385.1,JAJZUQ010000049.1_9_A,C,C,C,Q,H,C,H,JAJZUQ010000049.1_9,24.0
GB_GCA_023142805.1,JAGLIU010000205.1_7_A,C,C,C,Q,H,C,H,JAGLIU010000205.1_7,24.0
GB_GCA_030653975.1,JAURYH010000021.1_60_A,C,C,C,Q,H,C,H,JAURYH010000021.1_60,24.0
GB_GCA_031289775.1,JAITOY010000057.1_20_A,C,C,C,W,F,C,L,JAITOY010000057.1_20,19.0
GB_GCA_034189505.1,JAXHUR010000016.1_17_A,C,C,C,Q,H,C,H,JAXHUR010000016.1_17,24.0
GB_GCA_036561025.1,DATBQB010000070.1_15_A,C,C,C,Q,H,C,H,DATBQB010000070.1_15,24.0
GB_GCA_046705065.1,JBJKQT010000061.1_17_A,C,C,C,Q,H,C,H,JBJKQT010000061.1_17,24.0
GB_GCA_048820955.1,JBMERE010000007.1_138_A,C,C,C,Q,H,C,H,JBMERE010000007.1_138,24.0
GB_GCA_049799335.1,JBARHR010000103.1_3_A,C,C,C,Q,H,C,H,JBARHR010000103.1_3,24.0
GB_GCA_050296935.1,JBNKRV010000310.1_2_A,C,C,C,Q,H,C,H,JBNKRV010000310.1_2,24.0
GB_GCA_052145975.1,JBKQNN010000478.1_6_A,C,C,C,Q,H,C,H,JBKQNN010000478.1_6,24.0
GB_GCA_903861045.1,CAIOST010000287.1_8_A,C,C,C,Q,H,C,H,CAIOST010000287.1_8,24.0
GB_GCA_903899865.1,CAIUKZ010000157.1_5_A,C,C,C,Q,H,C,H,CAIUKZ010000157.1_5,24.0
GB_GCA_937935075.1,CALGYB010000010.1_19_A,C,C,C,Q,H,C,H,CALGYB010000010.1_19,24.0
GB_GCA_947085875.1,CAMTYG010000179.1_8_A,C,C,C,Q,H,C,H,CAMTYG010000179.1_8,24.0
GB_GCA_963676345.2,CAXXTS010000005.1_35_A,C,C,C,Q,H,C,H,CAXXTS010000005.1_35,24.0
GB_GCA_963828255.1,CAWHDZ010000034.1_90_A,C,C,C,Q,H,C,H,CAWHDZ010000034.1_90,24.0
GB_GCA_964403345.1,CAYOGU010000043.1_4_A,C,C,C,Q,H,C,H,CAYOGU010000043.1_4,24.0
GB_GCA_964609825.1,CAZSSH010000003.1_20_A,C,C,C,Q,H,C,H,CAZSSH010000003.1_20,24.0
RS_GCF_000217795.1,NC_015681.1_1061_A,-,C,C,Q,H,C,H,NC_015681.1_1061,20.0
RS_GCF_000284255.1,NC_017075.1_4175_A,C,C,C,Q,H,C,H,NC_017075.1_4175,24.0
RS_GCF_000430625.1,NZ_KE387171.1_234_A,C,C,C,Q,H,C,H,NZ_KE387171.1_234,24.0
RS_GCF_001908375.1,NZ_CP017243.1_260_A,C,C,C,Q,H,C,H,NZ_CP017243.1_260,24.0
RS_GCF_002904165.1,NZ_CVTD020000028.1_52_A,C,C,C,W,F,C,L,NZ_CVTD020000028.1_52,19.0
RS_GCF_003289945.1,NZ_QMBP01000030.1_32_A,C,C,C,Q,H,C,H,NZ_QMBP01000030.1_32,24.0
RS_GCF_020144665.1,NZ_JAAHBQ010000054.1_21_A,C,C,C,Q,H,C,H,NZ_JAAHBQ010000054.1_21,24.0
RS_GCF_021043395.1,NZ_JAJNKE010000065.1_4_A,C,C,C,Q,H,C,H,NZ_JAJNKE010000065.1_4,24.0
RS_GCF_023150065.1,NZ_JAKLLN010000005.1_95_A,C,C,C,Q,H,C,H,NZ_JAKLLN010000005.1_95,24.0
RS_GCF_030534315.2,NZ_CP130558.2_2637_A,C,C,C,Q,H,C,H,NZ_CP130558.2_2637,24.0
RS_GCF_040318115.1,NZ_JAMYLQ010000010.1_82_A,C,C,C,Q,H,C,H,NZ_JAMYLQ010000010.1_82,24.0
RS_GCF_900089945.1,NZ_FLQY01000050.1_17_A,C,C,C,Q,H,C,H,NZ_FLQY01000050.1_17,24.0
RS_GCF_900109175.1,NZ_FNZE01000018.1_40_A,C,C,C,Q,H,C,H,NZ_FNZE01000018.1_40,24.0
RS_GCF_963677005.1,NZ_OY781616.1_3162_A,C,C,C,Q,H,C,H,NZ_OY781616.1_3162,24.0
GB_GCA_000309865.1,AMGN01000049.1_9_A,C,C,C,Q,H,C,H,AMGN01000049.1_9,24.0
GB_GCA_049303315.1,JBAQMZ010000015.1_152_A,C,C,C,Q,H,C,H,JBAQMZ010000015.1_152,24.0
GB_GCA_964424395.1,CAYRIP010000023.1_6_A,C,C,C,M,E,S,-,CAYRIP010000023.1_6,15.0
RS_GCF_000017185.1,NC_009635.1_1447_A,C,C,C,Q,H,C,H,NC_009635.1_1447,24.0
RS_GCF_002502735.1,NZ_DAQC01000001.1_536_A,C,C,C,Q,H,C,H,NZ_DAQC01000001.1_536,24.0
GB_GCA_000961725.1,LADS01000004.1_70_A,C,C,C,Q,H,C,H,LADS01000004.1_70,24.0
GB_GCA_015231515.1,JADGBM010000040.1_14_A,C,C,C,Q,H,C,H,JADGBM010000040.1_14,24.0
GB_GCA_016213825.1,JACQZP010000031.1_129_A,C,C,C,Q,H,C,H,JACQZP010000031.1_129,24.0
GB_GCA_016938795.1,JAFGTZ010000106.1_13_A,C,C,C,Q,H,C,H,JAFGTZ010000106.1_13,24.0
GB_GCA_018822665.1,JAHJJX010000027.1_434_A,C,C,C,Q,H,C,H,JAHJJX010000027.1_434,24.0
GB_GCA_021107755.1,JAIOSF010000026.1_6_A,C,C,C,Q,H,C,H,JAIOSF010000026.1_6,24.0
GB_GCA_023391425.1,JAEWAX010000133.1_77_A,C,C,C,Q,H,C,H,JAEWAX010000133.1_77,24.0
GB_GCA_023437715.1,JAEZFK010000083.1_5_A,C,C,C,Q,H,C,H,JAEZFK010000083.1_5,24.0
GB_GCA_035549515.1,DASZQT010000199.1_13_A,C,C,C,Q,H,C,H,DASZQT010000199.1_13,24.0
GB_GCA_035873255.1,JAYWMP010000306.1_32_A,C,C,C,Q,H,C,H,JAYWMP010000306.1_32,24.0
GB_GCA_040307025.1,JAWRKJ010000213.1_5_A,C,C,C,Q,H,C,H,JAWRKJ010000213.1_5,24.0
GB_GCA_041669965.1,JBAYAD010000010.1_5_A,C,C,C,Q,H,C,H,JBAYAD010000010.1_5,24.0
GB_GCA_046295975.1,JBKBMG010000038.1_12_A,C,C,C,Q,H,C,H,JBKBMG010000038.1_12,24.0
GB_GCA_046706325.1,JBJKPM010000006.1_159_A,C,C,C,Q,H,C,H,JBJKPM010000006.1_159,24.0
GB_GCA_049509275.1,JBELAB010000069.1_5_A,C,C,C,Q,H,C,H,JBELAB010000069.1_5,24.0
GB_GCA_049801375.1,JBARKJ010000085.1_6_A,C,C,C,Q,H,C,H,JBARKJ010000085.1_6,24.0
GB_GCA_051061095.1,JBPFEE010000038.1_11_A,C,C,C,Q,H,C,H,JBPFEE010000038.1_11,24.0
GB_GCA_900466005.1,UEGQ01000002.1_62_A,C,C,C,Q,H,C,H,UEGQ01000002.1_62,24.0
GB_GCA_937864925.1,CALMFH010000065.1_31_A,C,C,C,Q,H,C,H,CALMFH010000065.1_31,24.0
GB_GCA_937936705.1,CALHCP010000024.1_18_A,C,C,C,Q,H,C,H,CALHCP010000024.1_18,24.0
GB_GCA_963710555.1,CAVQAT010000008.1_1273_A,C,C,C,Q,H,C,H,CAVQAT010000008.1_1273,24.0
GB_GCA_963735945.1,CAVTMV010000016.1_277_A,C,C,C,Q,H,C,P,CAVTMV010000016.1_277,22.0
GB_GCA_963780775.1,CAWADO010000001.1_43_A,C,C,C,Q,H,C,H,CAWADO010000001.1_43,24.0
GB_GCA_964430315.1,CAYSGY010000027.1_10_A,C,C,C,Q,H,C,H,CAYSGY010000027.1_10,24.0
GB_GCA_964543575.1,CAZIYV010000130.1_9_A,C,C,C,Q,H,C,H,CAZIYV010000130.1_9,24.0
RS_GCF_000006985.1,NC_002932.3_1334_A,C,C,C,Q,H,C,H,NC_002932.3_1334,24.0
RS_GCF_000217795.1,NC_015681.1_1064_A,C,C,C,Q,H,C,P,NC_015681.1_1064,22.0
RS_GCF_000430725.1,NZ_KE387211.1_32_A,C,C,C,Q,H,C,H,NZ_KE387211.1_32,24.0
RS_GCF_001693735.1,NZ_LWDV01000008.1_486_A,C,C,C,Q,H,C,H,NZ_LWDV01000008.1_486,24.0
RS_GCF_002162315.1,NZ_CP021416.1_1327_A,C,C,C,Q,H,C,H,NZ_CP021416.1_1327,24.0
RS_GCF_003838195.1,NZ_RCBY01000011.1_57_A,C,C,C,Q,H,C,H,NZ_RCBY01000011.1_57,24.0
RS_GCF_004342165.1,NZ_SMAL01000003.1_9_A,C,C,C,Q,H,C,H,NZ_SMAL01000003.1_9,24.0
RS_GCF_009428905.1,NZ_WHYR01000032.1_15_A,C,C,C,Q,H,C,H,NZ_WHYR01000032.1_15,24.0
RS_GCF_014197915.1,NZ_JACIGK010000009.1_93_A,C,C,C,Q,H,C,H,NZ_JACIGK010000009.1_93,24.0
RS_GCF_015070855.1,NZ_JADDIX010000091.1_91_A,C,C,C,Q,H,C,H,NZ_JADDIX010000091.1_91,24.0
RS_GCF_016908375.1,NZ_JAFBDS010000006.1_228_A,C,C,C,Q,H,C,H,NZ_JAFBDS010000006.1_228,24.0
RS_GCF_025994355.1,NZ_BAQG01000081.1_21_A,C,C,C,Q,H,C,H,NZ_BAQG01000081.1_21,24.0
RS_GCF_031455875.1,NZ_JAVDTO010000002.1_766_A,C,C,C,Q,H,C,H,NZ_JAVDTO010000002.1_766,24.0
RS_GCF_048612815.1,NZ_JBLZNE010000003.1_89_A,C,C,C,Q,H,C,H,NZ_JBLZNE010000003.1_89,24.0
RS_GCF_900109225.1,NZ_FNZK01000009.1_82_A,C,C,C,Q,H,C,H,NZ_FNZK01000009.1_82,24.0
RS_GCF_900117445.1,NZ_FPEJ01000001.1_755_A,C,C,C,Q,H,C,H,NZ_FPEJ01000001.1_755,24.0
RS_GCF_937952055.1,NZ_CALFYO010000019.1_470_A,C,C,C,Q,H,C,H,NZ_CALFYO010000019.1_470,24.0
GB_GCA_019561565.1,JAHEPY010000058.1_13_A,C,C,C,Q,H,C,H,JAHEPY010000058.1_13,24.0
GB_GCA_001799395.1,MGTJ01000180.1_8_A,C,C,C,Q,H,C,H,MGTJ01000180.1_8,24.0
GB_GCA_002389905.1,DGRE01000019.1_17_A,C,C,C,Q,H,C,H,DGRE01000019.1_17,24.0
GB_GCA_007694015.1,RECO01000158.1_8_A,C,C,C,Q,H,C,H,RECO01000158.1_8,24.0
GB_GCA_016213945.1,JACQZF010000039.1_9_A,C,C,C,Q,H,C,H,JACQZF010000039.1_9,24.0
GB_GCA_021108075.1,JAIORP010000047.1_31_A,C,C,C,Q,H,C,H,JAIORP010000047.1_31,24.0
GB_GCA_023426125.1,JAFABI010000011.1_112_A,C,C,C,Q,H,C,H,JAFABI010000011.1_112,24.0
GB_GCA_024689365.1,JAILDQ010000004.1_10_A,C,C,C,W,F,C,-,JAILDQ010000004.1_10,18.0
GB_GCA_028692715.1,JAQUWU010000019.1_60_A,C,C,C,Q,H,C,H,JAQUWU010000019.1_60,24.0
GB_GCA_030156255.1,JASGMV010000058.1_4_A,C,C,C,Q,H,C,H,JASGMV010000058.1_4,24.0
GB_GCA_031261525.1,JAISJM010000154.1_4_A,C,C,C,W,F,C,-,JAISJM010000154.1_4,18.0
GB_GCA_035285965.1,JAYKIZ010000011.1_3_A,C,C,C,Q,H,C,H,JAYKIZ010000011.1_3,24.0
GB_GCA_036561105.1,DATBPZ010000089.1_40_A,C,C,C,Q,H,C,H,DATBPZ010000089.1_40,24.0
GB_GCA_039797295.1,JBDKID010000016.1_19_A,C,C,C,Q,H,C,H,JBDKID010000016.1_19,24.0
GB_GCA_040755955.1,JBFMAA010000002.1_81_A,C,C,C,Q,H,C,H,JBFMAA010000002.1_81,24.0
GB_GCA_041553195.1,JBFEJN010000093.1_2_A,C,C,C,Q,H,C,H,JBFEJN010000093.1_2,24.0
GB_GCA_903899885.1,CAIULK010000099.1_3_A,C,C,C,Q,H,C,H,CAIULK010000099.1_3,24.0
GB_GCA_949292425.1,CASEZK010000039.1_40_A,C,C,C,Q,H,C,-,CASEZK010000039.1_40,21.0
GB_GCA_963662675.2,CAXXHP010000005.1_13_A,C,C,C,Q,H,C,H,CAXXHP010000005.1_13,24.0
GB_GCA_963666745.1,OY762961.1_1279_A,C,C,C,Q,H,C,H,OY762961.1_1279,24.0
GB_GCA_963676355.1,OY781093.1_2233_A,C,C,C,Q,H,C,H,OY781093.1_2233,24.0
GB_GCA_963804035.1,CAWDOO010000008.1_519_A,-,C,C,Q,H,C,H,CAWDOO010000008.1_519,20.0
GB_GCA_964014335.1,CAXGZT010000036.1_10_A,C,C,C,Q,H,C,H,CAXGZT010000036.1_10,24.0
GB_GCA_964484105.1,CAZAEN010000001.1_180_A,C,C,C,Q,H,C,H,CAZAEN010000001.1_180,24.0
GB_GCA_964632505.1,CAZWCE010000004.1_107_A,C,C,C,Q,H,C,H,CAZWCE010000004.1_107,24.0
RS_GCF_001547935.1,NZ_AP014636.1_485_A,C,C,C,Q,H,C,H,NZ_AP014636.1_485,24.0
RS_GCF_001908375.1,NZ_CP017243.1_366_A,C,C,C,Q,H,C,H,NZ_CP017243.1_366,24.0
RS_GCF_002906165.1,NZ_PPCN01000001.1_284_A,C,C,C,Q,H,C,H,NZ_PPCN01000001.1_284,24.0
RS_GCF_009428905.1,NZ_WHYR01000032.1_17_A,C,C,C,Q,H,C,F,NZ_WHYR01000032.1_17,22.0
RS_GCF_013340285.1,NZ_BLVO01000016.1_649_A,C,C,C,Q,H,C,H,NZ_BLVO01000016.1_649,24.0
RS_GCF_014672695.1,NZ_CP053923.1_3683_A,C,C,C,Q,H,C,H,NZ_CP053923.1_3683,24.0
RS_GCF_016908775.1,NZ_JAFBEP010000007.1_19_A,C,C,C,W,F,C,-,NZ_JAFBEP010000007.1_19,18.0
RS_GCF_022321485.1,NZ_JAKOGG010000010.1_8_A,C,C,C,Q,H,C,H,NZ_JAKOGG010000010.1_8,24.0
RS_GCF_024505165.1,NZ_JANIBK010000020.1_18_A,C,C,C,Q,H,C,H,NZ_JANIBK010000020.1_18,24.0
RS_GCF_036864765.1,NZ_JBAGJC010000001.1_536_A,C,C,C,Q,H,C,H,NZ_JBAGJC010000001.1_536,24.0
RS_GCF_048627165.1,NZ_JBMBWP010000001.1_295_A,C,C,C,Q,H,C,H,NZ_JBMBWP010000001.1_295,24.0
RS_GCF_050632175.1,NZ_CP192576.1_5378_A,C,C,C,Q,H,C,H,NZ_CP192576.1_5378,24.0
RS_GCF_030682845.1,NZ_JAUXNK010000015.1_26_A,-,-,C,Q,H,C,H,NZ_JAUXNK010000015.1_26,16.0
RS_GCF_963678545.2,NZ_OY782867.2_228_A,C,C,C,Q,H,C,H,NZ_OY782867.2_228,24.0
GB_GCA_002448445.1,DJYC01000061.1_31_A,C,C,C,W,F,C,G,DJYC01000061.1_31,19.0
GB_GCA_003158505.1,PMJK01000033.1_29_A,C,C,C,Q,H,C,H,PMJK01000033.1_29,24.0
GB_GCA_010091925.1,WVID01000015.1_165_A,C,C,C,Q,H,C,H,WVID01000015.1_165,24.0
GB_GCA_016938875.1,JAFGTV010000065.1_16_A,C,C,C,Q,H,C,H,JAFGTV010000065.1_16,24.0
GB_GCA_018822805.1,JAHJJU010000024.1_40_A,C,C,C,Q,H,C,H,JAHJJU010000024.1_40,24.0
GB_GCA_021781575.1,JAJXWP010000021.1_15_A,C,C,C,Q,H,C,H,JAJXWP010000021.1_15,24.0
GB_GCA_021848465.1,JAJZUP010000001.1_70_A,C,C,C,Q,H,C,H,JAJZUP010000001.1_70,24.0
GB_GCA_023401925.1,JAEXDA010000043.1_312_A,C,C,C,Q,H,C,H,JAEXDA010000043.1_312,24.0
GB_GCA_023414355.1,JAEZOB010000033.1_64_A,C,C,C,Q,H,C,H,JAEZOB010000033.1_64,24.0
GB_GCA_030654015.1,JAURYI010000087.1_8_A,C,C,C,Q,H,C,H,JAURYI010000087.1_8,24.0
GB_GCA_030837345.1,JAUPKQ010000072.1_4_A,C,C,C,Q,H,C,H,JAUPKQ010000072.1_4,24.0
GB_GCA_031261525.1,JAISJM010000154.1_5_A,C,C,C,W,F,C,S,JAISJM010000154.1_5,19.0
GB_GCA_031281945.1,JAITER010000053.1_8_A,C,C,C,W,F,C,A,JAITER010000053.1_8,19.0
GB_GCA_034189805.1,JAXHUC010000030.1_4_A,C,C,C,Q,H,C,H,JAXHUC010000030.1_4,24.0
GB_GCA_037129245.1,JBAXVE010000099.1_5_A,C,C,C,Q,H,C,H,JBAXVE010000099.1_5,24.0
GB_GCA_040756315.1,JBFLZI010000007.1_32_A,C,C,C,Q,H,C,H,JBFLZI010000007.1_32,24.0
GB_GCA_041915365.1,JAYSBP010000002.1_150_A,C,C,C,Q,H,C,H,JAYSBP010000002.1_150,24.0
GB_GCA_043827005.1,JBDRPM010000084.1_27_A,C,C,C,Q,H,C,H,JBDRPM010000084.1_27,24.0
GB_GCA_050297075.1,JBNKSC010000026.1_444_A,C,C,C,Q,H,C,H,JBNKSC010000026.1_444,24.0
GB_GCA_963662685.1,OY759745.1_357_A,C,C,C,Q,H,C,H,OY759745.1_357,24.0
GB_GCA_963676375.2,CAXXPT010000012.1_168_A,C,C,C,Q,H,C,H,CAXXPT010000012.1_168,24.0
GB_GCA_963678205.1,OY782760.1_2670_A,C,C,C,Q,H,C,H,OY782760.1_2670,24.0
GB_GCA_963710755.1,CAVQBK010000007.1_55_A,C,C,C,Q,H,C,H,CAVQBK010000007.1_55,24.0
GB_GCA_963756335.1,CAVWOB010000025.1_21_A,C,C,C,Q,H,C,H,CAVWOB010000025.1_21,24.0
GB_GCA_963780885.1,CAWAEO010000002.1_1639_A,C,C,C,Q,H,C,H,CAWAEO010000002.1_1639,24.0
GB_GCA_964457945.1,CAYWFX010000006.1_74_A,C,C,C,Q,H,C,H,CAYWFX010000006.1_74,24.0
GB_GCA_964519135.1,CAZFJT010000200.1_4_A,C,C,C,Q,H,C,H,CAZFJT010000200.1_4,24.0
GB_GCA_964576235.1,CAZNUQ010000024.1_31_A,C,C,C,Q,H,C,H,CAZNUQ010000024.1_31,24.0
RS_GCF_000284315.1,NC_017094.1_2369_A,C,C,C,Q,H,C,H,NC_017094.1_2369,24.0
RS_GCF_000526775.1,NZ_JAGS01000001.1_1450_A,C,C,C,W,F,C,G,NZ_JAGS01000001.1_1450,19.0
RS_GCF_001909055.1,NZ_LVWI01000030.1_50_A,C,C,C,Q,H,C,H,NZ_LVWI01000030.1_50,24.0
RS_GCF_003289965.1,NZ_QMBQ01000012.1_28_A,C,C,C,Q,H,C,H,NZ_QMBQ01000012.1_28,24.0
RS_GCF_004025585.1,NZ_QTZO01000002.1_174_A,C,C,C,Q,H,C,H,NZ_QTZO01000002.1_174,24.0
RS_GCF_013340305.1,NZ_BLVP01000002.1_189_A,C,C,C,Q,H,C,H,NZ_BLVP01000002.1_189,24.0
RS_GCF_018332455.1,NZ_BOPZ01000004.1_32_A,C,C,C,Q,H,C,H,NZ_BOPZ01000004.1_32,24.0
RS_GCF_020144925.1,NZ_NSLC01000012.1_71_A,C,C,C,Q,H,C,H,NZ_NSLC01000012.1_71,24.0
RS_GCF_029893965.1,NZ_JARXXP010000023.1_41_A,C,C,C,Q,H,C,H,NZ_JARXXP010000023.1_41,24.0
RS_GCF_030542965.1,NZ_JAUAOA010000004.1_129_A,C,C,C,Q,H,C,H,NZ_JAUAOA010000004.1_129,24.0
RS_GCF_040320745.1,NZ_JAMYQF010000050.1_20_A,C,C,C,Q,H,C,H,NZ_JAMYQF010000050.1_20,24.0
RS_GCF_900089955.1,NZ_FLQX01000127.1_106_A,C,C,C,Q,H,C,H,NZ_FLQX01000127.1_106,24.0
RS_GCF_963677565.2,NZ_CAXXWI010000001.1_1644_A,C,C,C,Q,H,C,H,NZ_CAXXWI010000001.1_1644,24.0
GB_GCA_000499765.1,HG425166.1_126_A,C,C,C,Q,H,C,H,HG425166.1_126,24.0
GB_GCA_020055655.1,JAIPUR010000017.1_19_A,C,C,C,Q,H,C,H,JAIPUR010000017.1_19,24.0
RS_GCF_000017625.1,NC_009712.1_1175_A,C,C,C,Q,H,C,H,NC_009712.1_1175,24.0
RS_GCF_031312535.1,NZ_CP133594.1_1603_A,C,C,C,Q,H,C,H,NZ_CP133594.1_1603,24.0
GB_GCA_004298625.1,SCSY01000135.1_21_A,C,C,C,Q,H,C,H,SCSY01000135.1_21,24.0
GB_GCA_012513915.1,JAAZBG010000126.1_6_A,C,C,C,Q,H,C,H,JAAZBG010000126.1_6,24.0
GB_GCA_013334225.1,JAAXXY010000015.1_18_A,C,C,C,Q,H,C,H,JAAXXY010000015.1_18,24.0
GB_GCA_015231595.1,JADGBH010000045.1_8_A,C,C,C,Q,H,C,H,JADGBH010000045.1_8,24.0
GB_GCA_016214385.1,JACROP010000056.1_7_A,C,C,C,Q,H,C,H,JACROP010000056.1_7,24.0
GB_GCA_018261615.1,JAGTSE010000006.1_10_A,C,C,C,Q,H,C,H,JAGTSE010000006.1_10,24.0
GB_GCA_021129815.1,JAJOKN010000014.1_7_A,C,C,C,Q,Q,C,F,JAJOKN010000014.1_7,20.0
GB_GCA_021805445.1,JAJZFH010000031.1_3_A,C,C,C,Q,H,C,H,JAJZFH010000031.1_3,24.0
GB_GCA_023489335.1,JAMDCP010000007.1_170_A,C,C,C,Q,H,C,H,JAMDCP010000007.1_170,24.0
GB_GCA_028281345.1,JANQKB010000046.1_45_A,C,C,C,Q,H,C,H,JANQKB010000046.1_45,24.0
GB_GCA_029865195.1,JAOUHH010000025.1_8_A,C,C,C,Q,H,C,H,JAOUHH010000025.1_8,24.0
GB_GCA_031282085.1,JAITEK010000009.1_6_A,C,C,C,Q,H,C,H,JAITEK010000009.1_6,24.0
GB_GCA_035559395.1,DATMAX010000040.1_24_A,C,C,C,Q,H,C,H,DATMAX010000040.1_24,24.0
GB_GCA_041671085.1,JBAZCG010000042.1_20_A,C,C,C,Q,H,C,H,JBAZCG010000042.1_20,24.0
GB_GCA_900466575.1,UBMP01000007.1_146_A,C,C,C,Q,H,C,H,UBMP01000007.1_146,24.0
GB_GCA_963678235.1,OY782766.1_3470_A,C,C,C,Q,H,C,H,OY782766.1_3470,24.0
GB_GCA_963736075.1,CAVTNW010000006.1_95_A,C,C,C,Q,H,C,H,CAVTNW010000006.1_95,24.0
RS_GCF_000165505.1,NC_014632.1_1421_A,C,C,C,Q,H,C,H,NC_014632.1_1421,24.0
RS_GCF_000340885.1,NC_020291.1_1345_A,C,C,C,P,F,C,-,NC_020291.1_1345,18.0
RS_GCF_000430885.1,NZ_AUMW01000018.1_54_A,C,C,C,Q,H,C,H,NZ_AUMW01000018.1_54,24.0
RS_GCF_000717475.1,NZ_JPIK01000011.1_117_A,C,C,C,Q,H,C,H,NZ_JPIK01000011.1_117,24.0
RS_GCF_001697225.1,NZ_CP014671.1_49_A,C,C,C,Q,H,C,H,NZ_CP014671.1_49,24.0
RS_GCF_002165625.1,NZ_NGNS01000022.1_45_A,C,C,C,Q,H,C,H,NZ_NGNS01000022.1_45,24.0
RS_GCF_005473905.2,NZ_CP061336.1_252_A,C,C,C,Q,H,C,H,NZ_CP061336.1_252,24.0
RS_GCF_009469615.1,NZ_SSXX01000002.1_418_A,C,C,C,Q,H,C,H,NZ_SSXX01000002.1_418,24.0
RS_GCF_011769985.2,NZ_CP039734.2_1107_A,C,C,C,Q,H,C,H,NZ_CP039734.2_1107,24.0
RS_GCF_017565645.3,NZ_CP086136.1_9228_A,C,C,C,Q,H,C,H,NZ_CP086136.1_9228,24.0
RS_GCF_022340605.1,NZ_JAJDNQ010000111.1_17_A,C,C,C,Q,H,C,H,NZ_JAJDNQ010000111.1_17,24.0
RS_GCF_025994435.1,NZ_BAQK01000050.1_68_A,C,C,C,Q,H,C,H,NZ_BAQK01000050.1_68,24.0
RS_GCF_036864975.1,NZ_CP104311.1_1318_A,C,C,C,Q,H,C,H,NZ_CP104311.1_1318,24.0
RS_GCF_038051945.1,NZ_CP150302.1_2565_A,C,C,C,Q,H,C,H,NZ_CP150302.1_2565,24.0
RS_GCF_041737845.1,NZ_JBGSQX010000046.1_30_A,C,C,C,Q,H,C,H,NZ_JBGSQX010000046.1_30,24.0
RS_GCF_042676145.1,NZ_JBHTJW010000003.1_115_A,C,C,C,Q,H,C,H,NZ_JBHTJW010000003.1_115,24.0
RS_GCF_045310515.1,NZ_JBJHZX010000021.1_48_A,C,C,C,W,F,C,-,NZ_JBJHZX010000021.1_48,18.0
RS_GCF_900168165.1,NZ_FUYV01000010.1_55_A,C,C,C,Q,H,C,H,NZ_FUYV01000010.1_55,24.0
RS_GCF_900696085.1,NZ_CAADFC020000008.1_59_A,C,C,C,Q,H,C,H,NZ_CAADFC020000008.1_59,24.0
GB_GCA_964435275.1,CAYSZA010000007.1_9_A,C,C,C,Q,H,C,H,CAYSZA010000007.1_9,24.0
GB_GCA_000961745.1,LAEA01000099.1_21_A,C,C,C,Q,H,C,H,LAEA01000099.1_21,24.0
GB_GCA_001799485.1,MGTO01000132.1_38_A,C,C,C,Q,H,C,H,MGTO01000132.1_38,24.0
GB_GCA_002391235.1,DGRX01000006.1_56_A,C,C,C,W,F,C,G,DGRX01000006.1_56,19.0
GB_GCA_003527485.1,DPXI01000135.1_15_A,C,C,C,Q,H,C,H,DPXI01000135.1_15,24.0
GB_GCA_007694905.1,REEU01000229.1_20_A,C,C,C,Q,H,C,H,REEU01000229.1_20,24.0
GB_GCA_015231605.1,JADGBG010000006.1_19_A,C,C,C,Q,H,C,H,JADGBG010000006.1_19,24.0
GB_GCA_017859955.1,JAFNAB010000032.1_22_A,C,C,C,Q,H,C,H,JAFNAB010000032.1_22,24.0
GB_GCA_021129815.1,JAJOKN010000014.1_10_A,C,C,C,Q,H,C,H,JAJOKN010000014.1_10,24.0
GB_GCA_023438065.1,JAEXRH010000008.1_128_A,C,C,C,Q,H,C,H,JAEXRH010000008.1_128,24.0
GB_GCA_031275405.1,JAISOV010000035.1_13_A,C,C,C,W,F,C,G,JAISOV010000035.1_13,19.0
GB_GCA_041555595.1,JBFFKD010000173.1_3_A,C,C,C,Q,H,C,H,JBFFKD010000173.1_3,24.0
GB_GCA_041671725.1,JBAZAY010000031.1_27_A,C,C,C,Q,H,C,H,JBAZAY010000031.1_27,24.0
GB_GCA_050252455.1,JBFWKW010000029.1_17_A,C,C,C,Q,H,C,H,JBFWKW010000029.1_17,24.0
GB_GCA_052146665.1,JBKQMP010000004.1_6_A,C,C,C,Q,H,C,H,JBKQMP010000004.1_6,24.0
GB_GCA_903862245.1,CAIOXL010000110.1_61_A,C,C,C,Q,H,C,H,CAIOXL010000110.1_61,24.0
GB_GCA_963666825.2,OY763044.2_3024_A,C,C,C,Q,H,C,H,OY763044.2_3024,24.0
GB_GCA_964458015.1,CAYWGR010000075.1_2_A,C,C,C,Q,H,C,H,CAYWGR010000075.1_2,24.0
GB_GCA_964519265.1,CAZFHX010000023.1_22_A,C,C,C,Q,H,C,H,CAZFHX010000023.1_22,24.0
RS_GCF_002914525.1,NZ_LODW01000108.1_2_A,C,C,C,Q,H,C,H,NZ_LODW01000108.1_2,24.0
RS_GCF_003851005.1,NZ_BEXT01000001.1_2737_A,C,C,C,Q,H,C,H,NZ_BEXT01000001.1_2737,24.0
RS_GCF_015206815.1,NZ_JADEXZ010000015.1_52_A,C,C,C,Q,H,C,H,NZ_JADEXZ010000015.1_52,24.0
RS_GCF_016918505.1,NZ_JAFFPZ010000001.1_19_A,C,C,C,Q,H,C,H,NZ_JAFFPZ010000001.1_19,24.0
RS_GCF_020164745.1,NZ_JAIUGV010000032.1_12_A,C,C,C,Q,H,C,H,NZ_JAIUGV010000032.1_12,24.0
RS_GCF_021044585.1,NZ_CP087998.1_1592_A,C,C,C,Q,H,C,H,NZ_CP087998.1_1592,24.0
RS_GCF_023168165.1,NZ_BQYJ01000009.1_50_A,C,C,C,Q,H,C,H,NZ_BQYJ01000009.1_50,24.0
RS_GCF_024505185.1,NZ_JANIBJ010000001.1_139_A,C,C,C,Q,H,C,H,NZ_JANIBJ010000001.1_139,24.0
RS_GCF_031470375.1,NZ_JAVFHT010000011.1_27_A,C,C,C,Q,H,C,H,NZ_JAVFHT010000011.1_27,24.0
RS_GCF_035615515.1,NZ_JAJENT010000357.1_16_A,C,C,C,Q,H,C,H,NZ_JAJENT010000357.1_16,24.0
RS_GCF_040320945.1,NZ_JAMYQP010000018.1_41_A,C,C,C,Q,H,C,H,NZ_JAMYQP010000018.1_41,24.0
RS_GCF_045310515.1,NZ_JBJHZX010000021.1_52_A,C,C,C,W,F,C,G,NZ_JBJHZX010000021.1_52,19.0
RS_GCF_937982035.1,NZ_CALJNI010000009.1_6_A,C,C,C,Q,H,C,H,NZ_CALJNI010000009.1_6,24.0
GB_GCA_049690315.1,JBAVMS010000036.1_7_A,C,C,C,Q,H,C,H,JBAVMS010000036.1_7,24.0
GB_GCA_000985875.1,CCRI01000031.1_18_A,C,C,C,Q,H,C,H,CCRI01000031.1_18,24.0
GB_GCA_002342805.1,DDQW01000093.1_16_A,C,C,C,Q,H,C,H,DDQW01000093.1_16,24.0
GB_GCA_002448875.1,DKAS01000152.1_14_A,C,C,C,Q,H,C,H,DKAS01000152.1_14,24.0
GB_GCA_016214695.1,JACRNY010000007.1_90_A,C,C,C,Q,H,C,H,JACRNY010000007.1_90,24.0
GB_GCA_018261735.1,JAGTRM010000007.1_59_A,C,C,C,Q,H,C,H,JAGTRM010000007.1_59,24.0
GB_GCA_019421365.1,JAHZFJ010000023.1_13_A,C,C,C,Q,H,C,H,JAHZFJ010000023.1_13,24.0
GB_GCA_021781655.1,JAJXWJ010000032.1_20_A,C,C,C,Q,H,C,H,JAJXWJ010000032.1_20,24.0
GB_GCA_021848705.1,JAJZTT010000028.1_22_A,C,C,C,Q,H,C,H,JAJZTT010000028.1_22,24.0
GB_GCA_023414875.1,JAEZMV010000001.1_91_A,C,C,C,Q,H,C,H,JAEZMV010000001.1_91,24.0
GB_GCA_023438245.1,JAEXRD010000044.1_9_A,C,C,C,Q,H,C,H,JAEXRD010000044.1_9,24.0
GB_GCA_024689465.1,JAILDL010000137.1_9_A,C,C,C,W,F,C,-,JAILDL010000137.1_9,18.0
GB_GCA_029255645.1,JANLJE010000024.1_31_A,C,C,C,Q,H,C,H,JANLJE010000024.1_31,24.0
GB_GCA_030156895.1,JASGLP010000001.1_153_A,C,C,C,Q,H,C,H,JASGLP010000001.1_153,24.0
GB_GCA_030654645.1,JAURXC010000259.1_3_A,C,C,C,Q,H,C,H,JAURXC010000259.1_3,24.0
GB_GCA_031275465.1,JAISOT010000039.1_7_A,C,C,C,Q,H,C,H,JAISOT010000039.1_7,24.0
GB_GCA_031282125.1,JAITEH010000113.1_3_A,C,C,C,Q,H,C,H,JAITEH010000113.1_3,24.0
GB_GCA_037129255.1,JBAXVG010000028.1_3_A,C,C,C,Q,H,C,H,JBAXVG010000028.1_3,24.0
GB_GCA_040756375.1,JBFLZC010000005.1_166_A,C,C,C,Q,H,C,H,JBFLZC010000005.1_166,24.0
GB_GCA_041671745.1,JBAZBC010000016.1_22_A,C,C,C,Q,H,C,H,JBAZBC010000016.1_22,24.0
GB_GCA_049276435.1,JBASWK010000061.1_56_A,C,C,C,Q,H,C,H,JBASWK010000061.1_56,24.0
GB_GCA_050252955.1,JBFWJY010000005.1_97_A,C,C,C,Q,H,C,H,JBFWJY010000005.1_97,24.0
GB_GCA_051061385.1,JBPFDX010000044.1_42_A,C,C,C,Q,H,C,H,JBPFDX010000044.1_42,24.0
GB_GCA_903824045.1,CAIJVD010000023.1_207_A,C,C,C,Q,H,C,H,CAIJVD010000023.1_207,24.0
GB_GCA_943370025.1,CALRPI020000049.1_15_A,C,C,C,Q,H,C,H,CALRPI020000049.1_15,24.0
GB_GCA_945957295.1,CAMFLH010000043.1_12_A,C,C,C,Q,H,C,H,CAMFLH010000043.1_12,24.0
GB_GCA_963662695.2,CAXXDC010000001.1_407_A,C,C,C,Q,H,C,H,CAXXDC010000001.1_407,24.0
GB_GCA_963676435.2,CAXXOZ010000013.1_12_A,C,C,C,Q,H,C,H,CAXXOZ010000013.1_12,24.0
GB_GCA_963736105.1,CAVTNL010000002.1_331_A,C,C,C,Q,H,C,H,CAVTNL010000002.1_331,24.0
GB_GCA_963829075.1,CAWHHH010000004.1_58_A,C,C,C,Q,H,C,H,CAWHHH010000004.1_58,24.0
GB_GCA_964016105.1,CAXHEX010000009.1_86_A,C,C,C,Q,H,C,H,CAXHEX010000009.1_86,24.0
GB_GCA_964633135.1,CAZWFJ010000032.1_17_A,C,C,C,Q,H,C,H,CAZWFJ010000032.1_17,24.0
GB_GCA_965247565.1,CBDFHF010000003.1_687_A,C,C,C,Q,H,C,H,CBDFHF010000003.1_687,24.0
RS_GCF_000218875.1,NC_015709.1_1308_A,C,C,C,Q,H,C,H,NC_015709.1_1308,24.0
RS_GCF_000340885.1,NC_020291.1_1348_A,C,C,C,W,F,C,-,NC_020291.1_1348,18.0
RS_GCF_001548035.1,NZ_AP014723.1_1137_A,C,C,C,Q,H,C,H,NZ_AP014723.1_1137,24.0
RS_GCF_001927285.1,NZ_MSIG01000034.1_7_A,C,C,C,Q,H,C,H,NZ_MSIG01000034.1_7,24.0
RS_GCF_002192415.1,NZ_CP021780.1_5207_A,C,C,C,Q,H,C,H,NZ_CP021780.1_5207,24.0
RS_GCF_011799805.1,NZ_WXUB01000007.1_12_A,C,C,C,Q,H,C,H,NZ_WXUB01000007.1_12,24.0
RS_GCF_013340925.1,NZ_WHOR01000113.1_9_A,C,C,C,Q,H,C,H,NZ_WHOR01000113.1_9,24.0
RS_GCF_014198245.1,NZ_JACIHE010000007.1_124_A,C,C,C,Q,H,C,H,NZ_JACIHE010000007.1_124,24.0
RS_GCF_017569925.1,NZ_CP050854.1_2259_A,C,C,C,Q,H,C,-,NZ_CP050854.1_2259,21.0
RS_GCF_018986915.1,NZ_CP076723.1_1822_A,C,C,C,Q,H,C,H,NZ_CP076723.1_1822,24.0
RS_GCF_028330965.1,NZ_JAQMUB010000027.1_70_A,C,C,C,Q,H,C,H,NZ_JAQMUB010000027.1_70,24.0
RS_GCF_029909975.1,NZ_CP094516.1_6474_A,C,C,C,Q,H,C,H,NZ_CP094516.1_6474,24.0
RS_GCF_045310515.1,NZ_JBJHZX010000021.1_53_A,C,C,C,W,F,C,-,NZ_JBJHZX010000021.1_53,18.0
RS_GCF_050644135.1,NZ_CP098442.1_107_A,C,C,C,Q,H,C,H,NZ_CP098442.1_107,24.0
RS_GCF_900090195.1,NZ_LT607803.1_1234_A,C,C,C,Q,H,C,H,NZ_LT607803.1_1234,24.0
RS_GCF_900119155.1,NZ_FPIR01000022.1_48_A,C,C,C,W,F,C,-,NZ_FPIR01000022.1_48,18.0
RS_GCF_900170035.1,NZ_LT828541.1_359_A,C,C,C,Q,H,C,H,NZ_LT828541.1_359,24.0
RS_GCF_900699765.1,NZ_CAADHO010000014.1_10_A,C,C,C,Q,H,C,H,NZ_CAADHO010000014.1_10,24.0
RS_GCF_963677715.2,NZ_CAXXKL010000003.1_205_A,C,C,C,Q,H,C,H,NZ_CAXXKL010000003.1_205,24.0
GB_GCA_020724545.1,DYGR01000010.1_10_A,C,C,C,Q,H,C,H,DYGR01000010.1_10,24.0
RS_GCF_031312595.1,NZ_CP133592.1_951_A,C,C,C,Q,H,C,H,NZ_CP133592.1_951,24.0
GB_GCA_002391235.1,DGRX01000006.1_66_A,C,C,C,W,F,C,G,DGRX01000006.1_66,19.0
GB_GCA_004299145.1,SCQD01000219.1_10_A,C,C,C,Q,H,C,H,SCQD01000219.1_10,24.0
GB_GCA_012516065.1,JAAYXD010000144.1_24_A,C,C,C,W,F,C,G,JAAYXD010000144.1_24,19.0
GB_GCA_016292235.1,JAEHNX010000052.1_20_A,C,C,C,Q,H,C,H,JAEHNX010000052.1_20,24.0
GB_GCA_017860295.1,JAFNAS010000013.1_22_A,C,C,C,Q,H,C,H,JAFNAS010000013.1_22,24.0
GB_GCA_018822845.1,JAHJJD010000107.1_38_A,C,C,C,Q,H,C,H,JAHJJD010000107.1_38,24.0
GB_GCA_021129835.1,JAJOKM010000070.1_12_A,C,C,C,Q,H,C,H,JAJOKM010000070.1_12,24.0
GB_GCA_021806005.1,JAJZDM010000119.1_5_A,C,C,C,Q,H,C,H,JAJZDM010000119.1_5,24.0
GB_GCA_023150095.1,JAKLLO010000089.1_5_A,C,C,C,Q,H,C,H,JAKLLO010000089.1_5,24.0
GB_GCA_023414875.1,JAEZMV010000028.1_232_A,C,C,C,W,F,C,A,JAEZMV010000028.1_232,19.0
GB_GCA_023511535.1,JAIMBK010000006.1_19_A,C,C,C,Q,H,C,-,JAIMBK010000006.1_19,21.0
GB_GCA_028281465.1,JANQJV010000411.1_6_A,C,C,C,Q,H,C,H,JANQJV010000411.1_6,24.0
GB_GCA_034189865.1,JAXHTV010000005.1_104_A,C,C,C,Q,H,C,H,JAXHTV010000005.1_104,24.0
GB_GCA_035873375.1,JAYWMQ010000048.1_45_A,C,C,C,Q,H,C,H,JAYWMQ010000048.1_45,24.0
GB_GCA_903929135.1,CAIYTH010000014.1_115_A,C,C,C,Q,H,C,H,CAIYTH010000014.1_115,24.0
GB_GCA_963678265.1,OY782761.1_357_A,C,C,C,Q,H,C,H,OY782761.1_357,24.0
GB_GCA_964354425.1,CAYGZV010000070.1_11_A,C,C,C,Q,H,C,H,CAYGZV010000070.1_11,24.0
GB_GCA_964458105.1,CAYWJJ010000017.1_17_A,C,C,C,Q,H,C,H,CAYWJJ010000017.1_17,24.0
GB_GCA_964484395.1,CAZAFM010000011.1_15_A,C,C,C,Q,H,C,H,CAZAFM010000011.1_15,24.0
RS_GCF_000007985.2,NC_002939.5_2780_A,C,C,C,Q,H,C,H,NC_002939.5_2780,24.0
RS_GCF_000400505.1,NZ_CM001857.1_490_A,C,C,C,Q,H,C,H,NZ_CM001857.1_490,24.0
RS_GCF_001936595.1,NZ_MLBG01000001.1_78_A,C,C,C,Q,H,C,H,NZ_MLBG01000001.1_78,24.0
RS_GCF_003071365.1,NZ_CP028960.1_684_A,C,C,C,Q,H,C,H,NZ_CP028960.1_684,24.0
RS_GCF_003851125.1,NZ_BGOW01000006.1_92_A,C,C,C,Q,H,C,H,NZ_BGOW01000006.1_92,24.0
RS_GCF_004087915.1,NZ_CP035108.1_1930_A,C,C,C,Q,H,C,H,NZ_CP035108.1_1930,24.0
RS_GCF_007830435.1,NZ_VLLC01000023.1_15_A,C,C,C,Q,H,C,H,NZ_VLLC01000023.1_15,24.0
RS_GCF_013340935.1,NZ_WHOS01000016.1_111_A,C,C,C,Q,H,C,H,NZ_WHOS01000016.1_111,24.0
RS_GCF_014198605.1,NZ_JACIHU010000025.1_3_A,C,C,C,Q,H,C,H,NZ_JACIHU010000025.1_3,24.0
RS_GCF_016918545.1,NZ_JAFFQC010000020.1_63_A,C,C,C,Q,H,C,H,NZ_JAFFQC010000020.1_63,24.0
RS_GCF_021044625.1,NZ_CP087999.1_4092_A,C,C,C,Q,H,C,H,NZ_CP087999.1_4092,24.0
RS_GCF_023169945.1,NZ_AP025591.1_4804_A,C,C,C,Q,H,C,H,NZ_AP025591.1_4804,24.0
RS_GCF_025998535.1,NZ_AP024233.1_238_A,C,C,C,Q,H,C,H,NZ_AP024233.1_238,24.0
RS_GCF_028330985.1,NZ_JAQMUE010000031.1_33_A,C,C,C,Q,H,C,H,NZ_JAQMUE010000031.1_33,24.0
RS_GCF_036885195.1,NZ_CP133656.1_2089_A,C,C,C,Q,H,C,H,NZ_CP133656.1_2089,24.0
RS_GCF_038066555.1,NZ_JBBUTG010000016.1_18_A,C,C,C,Q,H,C,H,NZ_JBBUTG010000016.1_18,24.0
RS_GCF_040320985.1,NZ_JAMYQT010000031.1_26_A,C,C,C,Q,H,C,H,NZ_JAMYQT010000031.1_26,24.0
RS_GCF_047303955.1,NZ_JBGLYM010000024.1_37_A,C,C,C,Q,H,C,H,NZ_JBGLYM010000024.1_37,24.0
RS_GCF_963678225.2,NZ_CAXXID010000002.1_2854_A,C,C,C,Q,H,C,H,NZ_CAXXID010000002.1_2854,24.0
GB_GCA_964444115.1,CAYUFT010000005.1_5_A,C,C,C,Q,H,C,H,CAYUFT010000005.1_5,24.0
GB_GCA_002449335.1,DKDL01000108.1_19_A,C,C,C,W,F,C,G,DKDL01000108.1_19,19.0
GB_GCA_007694935.1,REES01000041.1_56_A,C,C,C,Q,H,C,H,REES01000041.1_56,24.0
GB_GCA_010671905.1,JAAHII010000001.1_5305_A,C,C,C,Q,H,C,H,JAAHII010000001.1_5305,24.0
GB_GCA_013824615.1,PNOC01000073.1_16_A,C,C,C,Q,H,C,H,PNOC01000073.1_16,24.0
GB_GCA_015231615.1,JADGBE010000018.1_30_A,C,C,C,Q,H,C,H,JADGBE010000018.1_30,24.0
GB_GCA_018261755.1,JAGTRJ010000011.1_62_A,C,C,C,Q,H,C,H,JAGTRJ010000011.1_62,24.0
GB_GCA_023511535.1,JAIMBK010000006.1_22_A,C,C,C,Q,H,C,H,JAIMBK010000006.1_22,24.0
GB_GCA_028281525.1,JANQJR010000035.1_133_A,C,C,C,Q,H,C,H,JANQJR010000035.1_133,24.0
GB_GCA_030157785.1,JAOAUC010000086.1_76_A,C,C,C,Q,H,C,H,JAOAUC010000086.1_76,24.0
GB_GCA_031282285.1,JAITEA010000191.1_4_A,C,C,C,Q,H,C,H,JAITEA010000191.1_4,24.0
GB_GCA_034189905.1,JAXHTY010000002.1_21_A,C,C,C,Q,H,C,H,JAXHTY010000002.1_21,24.0
GB_GCA_039798065.1,JBDKGS010000097.1_7_A,C,C,C,Q,H,C,H,JBDKGS010000097.1_7,24.0
GB_GCA_046719255.1,JBDNDG010000100.1_6_A,C,C,C,Q,H,C,H,JBDNDG010000100.1_6,24.0
GB_GCA_050253075.1,JBFWJS010000003.1_250_A,C,C,C,Q,H,C,H,JBFWJS010000003.1_250,24.0
GB_GCA_050297855.1,JBNKTC010000008.1_72_A,C,C,C,Q,H,C,H,JBNKTC010000008.1_72,24.0
GB_GCA_051117335.1,JBNPEB010000063.1_20_A,C,C,C,Q,H,C,H,JBNPEB010000063.1_20,24.0
GB_GCA_903863885.1,CAIPEB010000462.1_18_A,C,C,C,Q,H,C,H,CAIPEB010000462.1_18,24.0
GB_GCA_905236465.1,CAJOQA010000364.1_1_A,C,C,C,W,F,C,G,CAJOQA010000364.1_1,19.0
GB_GCA_963662945.1,OY759974.1_478_A,C,C,C,Q,H,C,H,OY759974.1_478,24.0
GB_GCA_963666985.2,CAXXIA010000001.1_628_A,C,C,C,Q,H,C,H,CAXXIA010000001.1_628,24.0
GB_GCA_964021475.1,CAXHYW010000014.1_15_A,C,C,C,Q,H,C,H,CAXHYW010000014.1_15,24.0
GB_GCA_964519915.1,CAZFMI010000022.1_23_A,C,C,C,Q,H,C,H,CAZFMI010000022.1_23,24.0
GB_GCA_965247625.1,CBDFHL010000007.1_383_A,C,C,C,Q,H,C,H,CBDFHL010000007.1_383,24.0
RS_GCF_000008765.1,NC_003030.1_263_A,C,C,C,Q,H,C,H,NC_003030.1_263,24.0
RS_GCF_000020045.1,NC_010627.1_491_A,C,C,C,Q,H,C,H,NC_010627.1_491,24.0
RS_GCF_000284375.1,NC_017249.1_7927_A,C,C,C,Q,H,C,H,NC_017249.1_7927,24.0
RS_GCF_001278055.1,NZ_CP010802.1_2531_A,C,C,C,Q,H,C,H,NZ_CP010802.1_2531,24.0
RS_GCF_009877435.1,NZ_WXEX01000020.1_20_A,C,C,C,Q,H,C,H,NZ_WXEX01000020.1_20,24.0
RS_GCF_016918565.1,NZ_JAFFQD010000001.1_281_A,C,C,C,Q,H,C,H,NZ_JAFFQD010000001.1_281,24.0
RS_GCF_030577135.1,NZ_JAUIRR010000006.1_35_A,C,C,C,Q,H,C,H,NZ_JAUIRR010000006.1_35,24.0
RS_GCF_031551385.1,NZ_JAVBNS010000024.1_11_A,C,C,C,Q,H,C,H,NZ_JAVBNS010000024.1_11,24.0
RS_GCF_040362925.1,NZ_BAABRI010000005.1_23_A,C,C,C,Q,H,C,H,NZ_BAABRI010000005.1_23,24.0
RS_GCF_900119535.1,NZ_FPJT01000003.1_147_A,C,C,C,W,F,C,G,NZ_FPJT01000003.1_147,19.0
GB_GCA_028679855.1,JAJRAP010000098.1_6_A,C,C,C,Q,H,C,H,JAJRAP010000098.1_6,24.0
GB_GCA_049706495.1,JBNAKO010000268.1_4_A,C,C,C,Q,H,C,H,JBNAKO010000268.1_4,24.0
GB_GCA_963716035.1,OY970286.1_1427_A,C,C,C,Q,H,C,H,OY970286.1_1427,24.0
GB_GCA_002391525.1,DGFE01000100.1_8_A,C,C,C,Q,H,C,H,DGFE01000100.1_8,24.0
GB_GCA_003159495.1,PLPI01000144.1_17_A,C,C,C,Q,H,C,H,PLPI01000144.1_17,24.0
GB_GCA_003217735.2,CP031585.1_2216_A,C,C,C,Q,H,C,H,CP031585.1_2216,24.0
GB_GCA_003543235.1,DPJA01000039.1_226_A,C,C,C,Q,H,C,H,DPJA01000039.1_226,24.0
GB_GCA_004299305.1,SCPZ01000036.1_14_A,C,C,C,Q,H,C,H,SCPZ01000036.1_14,24.0
GB_GCA_012517025.1,JAAYVT010000660.1_16_A,C,C,C,Q,H,C,H,JAAYVT010000660.1_16,24.0
GB_GCA_016793065.1,JAEULV010000137.1_4_A,C,C,C,Q,H,C,H,JAEULV010000137.1_4,24.0
GB_GCA_017302435.1,JAFLDL010000013.1_81_A,C,C,C,Q,H,C,H,JAFLDL010000013.1_81,24.0
GB_GCA_018823175.1,JAHJIY010000006.1_58_A,C,C,C,Q,H,C,H,JAHJIY010000006.1_58,24.0
GB_GCA_019459325.1,JAIBFA010000047.1_51_A,C,C,C,Q,H,C,H,JAIBFA010000047.1_51,24.0
GB_GCA_023414875.1,JAEZMV010000028.1_241_A,C,C,C,C,F,C,H,JAEZMV010000028.1_241,21.0
GB_GCA_023426145.1,JAFABG010000020.1_14_A,C,C,C,Q,H,C,H,JAFABG010000020.1_14,24.0
GB_GCA_031261565.1,JAISJK010000092.1_7_A,C,C,C,Q,H,C,H,JAISJK010000092.1_7,24.0
GB_GCA_031970015.1,DALYJE010000386.1_3_A,C,C,C,Q,H,C,H,DALYJE010000386.1_3,24.0
GB_GCA_035293245.1,DATDOO010000042.1_6_A,C,C,C,Q,H,C,H,DATDOO010000042.1_6,24.0
GB_GCA_035913415.1,JAMIIV010000202.1_20_A,C,C,C,Q,H,C,H,JAMIIV010000202.1_20,24.0
GB_GCA_037129415.1,JBAXVB010000017.1_16_A,C,C,C,Q,H,C,H,JBAXVB010000017.1_16,24.0
GB_GCA_040756475.1,JBFLZB010000069.1_3_A,C,C,C,Q,H,C,H,JBFLZB010000069.1_3,24.0
GB_GCA_041916775.1,JAYRYZ010000012.1_55_A,C,C,C,Q,H,C,H,JAYRYZ010000012.1_55,24.0
GB_GCA_046726235.1,JBKPAD010000002.1_283_A,C,C,C,Q,H,C,H,JBKPAD010000002.1_283,24.0
GB_GCA_052146735.1,JBKQMK010000403.1_9_A,C,C,C,Q,H,C,H,JBKQMK010000403.1_9,24.0
GB_GCA_902783155.1,CACZPR010000118.1_73_A,C,C,C,C,F,C,H,CACZPR010000118.1_73,21.0
GB_GCA_903824295.1,CAIJWE010000055.1_8_A,C,C,C,Q,H,C,H,CAIJWE010000055.1_8,24.0
GB_GCA_903901335.1,CAIUQR010000122.1_19_A,C,C,C,Q,H,C,H,CAIUQR010000122.1_19,24.0
GB_GCA_963804045.1,CAWDOR010000011.1_6_A,C,C,C,Q,H,C,H,CAWDOR010000011.1_6,24.0
GB_GCA_964633305.1,CAZWGG010000163.1_8_A,C,C,C,Q,H,C,H,CAZWGG010000163.1_8,24.0
RS_GCF_000526995.1,NZ_AZUI01000001.1_5340_A,C,C,C,Q,H,C,H,NZ_AZUI01000001.1_5340,24.0
RS_GCF_000723885.1,NZ_CCDG010000076.1_18_A,C,C,C,Q,H,C,H,NZ_CCDG010000076.1_18,24.0
RS_GCF_001698815.1,NZ_LGSI01000068.1_482_A,C,C,C,Q,H,C,H,NZ_LGSI01000068.1_482,24.0
RS_GCF_009469695.1,NZ_SSSR01000001.1_93_A,C,C,C,Q,H,C,H,NZ_SSSR01000001.1_93,24.0
RS_GCF_009905255.1,NZ_CP047602.1_1010_A,C,C,C,Q,H,C,H,NZ_CP047602.1_1010,24.0
RS_GCF_014696265.1,NZ_JACJPW010000009.1_95_A,C,C,C,Q,H,C,H,NZ_JACJPW010000009.1_95,24.0
RS_GCF_016458235.1,NZ_JAEMHK010000008.1_133_A,C,C,C,Q,H,C,H,NZ_JAEMHK010000008.1_133,24.0
RS_GCF_018390735.1,NZ_JAHBCL010000006.1_95_A,C,C,C,Q,H,C,H,NZ_JAHBCL010000006.1_95,24.0
RS_GCF_020171315.1,NZ_JAIUZP010000004.1_482_A,C,C,C,Q,H,C,H,NZ_JAIUZP010000004.1_482,24.0
RS_GCF_034111725.1,NZ_JAWUWR010000001.1_23_A,C,C,C,Q,H,C,H,NZ_JAWUWR010000001.1_23,24.0
RS_GCF_038066575.1,NZ_JBBUTF010000008.1_205_A,C,C,C,Q,H,C,H,NZ_JBBUTF010000008.1_205,24.0
RS_GCF_042679665.1,NZ_JBHTMV010000009.1_144_A,C,C,C,Q,H,C,H,NZ_JBHTMV010000009.1_144,24.0
RS_GCF_050753385.1,NZ_JBLZFZ010000009.1_15_A,C,C,C,Q,H,C,H,NZ_JBLZFZ010000009.1_15,24.0
RS_GCF_900176205.1,NZ_LT859959.1_1540_A,C,C,C,Q,H,C,H,NZ_LT859959.1_1540,24.0
GB_GCA_002392275.1,DGGQ01000104.1_5_A,C,C,C,W,F,C,A,DGGQ01000104.1_5,19.0
GB_GCA_002449585.1,DJXD01000083.1_6_A,C,C,C,W,F,C,-,DJXD01000083.1_6,18.0
GB_GCA_002862095.1,PHSQ01000003.1_277_A,C,C,C,Q,H,C,H,PHSQ01000003.1_277,24.0
GB_GCA_013334335.1,JAAXXR010000002.1_55_A,C,C,C,Q,H,C,H,JAAXXR010000002.1_55,24.0
GB_GCA_015655565.1,JAATEU010000146.1_4_A,C,C,C,Q,H,C,H,JAATEU010000146.1_4,24.0
GB_GCA_016342325.1,JAEINR010000051.1_34_A,C,C,C,Q,H,C,H,JAEINR010000051.1_34,24.0
GB_GCA_023438885.1,JAEXPS010000217.1_37_A,C,C,C,Q,H,C,H,JAEXPS010000217.1_37,24.0
GB_GCA_023512345.1,JAILZT010000013.1_74_A,C,C,C,Q,H,C,H,JAILZT010000013.1_74,24.0
GB_GCA_030837505.1,JAUPKJ010000290.1_6_A,C,C,C,Q,H,C,H,JAUPKJ010000290.1_6,24.0
GB_GCA_031270275.1,JAISXZ010000004.1_7_A,C,C,C,V,Y,C,-,JAISXZ010000004.1_7,18.0
GB_GCA_031275645.1,JAISOL010000070.1_64_A,C,C,C,Q,H,C,H,JAISOL010000070.1_64,24.0
GB_GCA_031282385.1,JAITDV010000225.1_7_A,C,C,C,Q,H,C,H,JAITDV010000225.1_7,24.0
GB_GCA_040377375.1,JBEIOV010000006.1_135_A,C,C,C,Q,H,C,H,JBEIOV010000006.1_135,24.0
GB_GCA_041556995.1,JBFFHJ010000057.1_11_A,C,C,C,Q,H,C,H,JBFFHJ010000057.1_11,24.0
GB_GCA_049511435.1,JBEKYB010000028.1_11_A,C,C,C,Q,H,C,H,JBEKYB010000028.1_11,24.0
GB_GCA_900498215.1,LR026962.1_653_A,C,C,C,Q,H,C,H,LR026962.1_653,24.0
GB_GCA_903929485.1,CAIYUY010000173.1_43_A,C,C,C,Q,H,C,H,CAIYUY010000173.1_43,24.0
GB_GCA_963663165.1,OY760175.1_4572_A,C,C,C,Q,H,C,H,OY760175.1_4572,24.0
GB_GCA_963666995.1,OY762941.1_1792_A,C,C,C,Q,H,C,H,OY762941.1_1792,24.0
GB_GCA_963676455.1,OY781113.1_1717_A,C,C,C,Q,H,C,H,OY781113.1_1717,24.0
GB_GCA_963710875.1,CAVQBW010000007.1_72_A,C,C,C,Q,H,C,H,CAVQBW010000007.1_72,24.0
GB_GCA_963757915.1,CAVWTD010000002.1_6_A,C,C,C,Q,H,C,H,CAVWTD010000002.1_6,24.0
GB_GCA_963829495.1,CAWHIT010000017.1_138_A,C,C,C,Q,H,C,H,CAWHIT010000017.1_138,24.0
RS_GCF_000009625.1,NC_002678.2_4645_A,C,C,C,Q,H,C,H,NC_002678.2_4645,24.0
RS_GCF_000020365.1,NC_012108.1_974_A,C,C,C,Q,H,C,H,NC_012108.1_974,24.0
RS_GCF_000223985.1,NZ_AFWV01000003.1_364_A,C,C,C,Q,H,C,H,NZ_AFWV01000003.1_364,24.0
RS_GCF_000526995.1,NZ_AZUI01000001.1_3740_A,C,C,C,C,F,C,-,NZ_AZUI01000001.1_3740,18.0
RS_GCF_002407205.1,NZ_CP023548.1_731_A,C,C,C,Q,H,C,H,NZ_CP023548.1_731,24.0
RS_GCF_002914585.1,NZ_PDDM01000014.1_84_A,C,C,C,Q,H,C,H,NZ_PDDM01000014.1_84,24.0
RS_GCF_003075415.1,NZ_QDAH01000069.1_17_A,C,C,C,Q,H,C,H,NZ_QDAH01000069.1_17,24.0
RS_GCF_003315135.1,NZ_QNRK01000044.1_30_A,C,C,C,Q,H,C,H,NZ_QNRK01000044.1_30,24.0
RS_GCF_004342175.1,NZ_SMAO01000007.1_114_A,C,C,C,Q,H,C,H,NZ_SMAO01000007.1_114,24.0
RS_GCF_023169965.1,NZ_AP025592.1_3962_A,C,C,C,Q,H,C,H,NZ_AP025592.1_3962,24.0
RS_GCF_026000375.1,NZ_AP026708.1_975_A,C,C,C,Q,H,C,H,NZ_AP026708.1_975,24.0
RS_GCF_028532725.1,NZ_JAQKGU010000002.1_362_A,C,C,C,Q,H,C,H,NZ_JAQKGU010000002.1_362,24.0
RS_GCF_029910095.1,NZ_CP094526.1_6347_A,C,C,C,Q,H,C,H,NZ_CP094526.1_6347,24.0
GB_GCA_001509375.1,LGFT01000081.1_4_A,C,C,C,Q,H,C,H,LGFT01000081.1_4,24.0
GB_GCA_049706655.1,JBNAKM010000004.1_172_A,C,C,C,Q,H,C,H,JBNAKM010000004.1_172,24.0
RS_GCF_002505485.1,NZ_DAVG01000112.1_110_A,C,C,C,Q,H,C,H,NZ_DAVG01000112.1_110,24.0
RS_GCF_963678795.2,NZ_CAXXIR010000001.1_156_A,C,C,C,Q,H,C,H,NZ_CAXXIR010000001.1_156,24.0
GB_GCA_002343685.1,DDRS01000008.1_82_A,C,C,C,Q,H,C,H,DDRS01000008.1_82,24.0
GB_GCA_002449585.1,DJXD01000083.1_12_A,C,C,C,W,F,C,-,DJXD01000083.1_12,18.0
GB_GCA_012517145.1,JAAYVM010000153.1_4_A,C,C,C,Q,H,C,H,JAAYVM010000153.1_4,24.0
GB_GCA_016214845.1,JACRMS010000039.1_77_A,C,C,C,Q,H,C,H,JACRMS010000039.1_77,24.0
GB_GCA_018823285.1,JAHJIQ010000030.1_112_A,C,C,C,Q,H,C,H,JAHJIQ010000030.1_112,24.0
GB_GCA_019459525.1,JAIBEY010000039.1_120_A,C,C,C,Q,H,C,H,JAIBEY010000039.1_120,24.0
GB_GCA_021163845.1,JAGGTH010000026.1_3_A,C,C,C,Q,H,C,H,JAGGTH010000026.1_3,24.0
GB_GCA_023391695.1,JAEWAK010000042.1_57_A,C,C,C,Q,H,C,H,JAEWAK010000042.1_57,24.0
GB_GCA_026417115.1,JAOADW010000008.1_38_A,C,C,C,Q,H,C,H,JAOADW010000008.1_38,24.0
GB_GCA_028281925.1,JANQIX010000026.1_30_A,C,C,C,Q,H,C,H,JANQIX010000026.1_30,24.0
GB_GCA_029907475.1,JARYLU010000033.1_19_A,C,C,C,Q,H,C,-,JARYLU010000033.1_19,21.0
GB_GCA_031270275.1,JAISXZ010000004.1_9_A,C,C,C,W,F,C,-,JAISXZ010000004.1_9,18.0
GB_GCA_040756495.1,JBFLYY010000261.1_6_A,C,C,C,Q,H,C,H,JBFLYY010000261.1_6,24.0
GB_GCA_044006015.1,JBIPDF010000011.1_30_A,C,C,C,Q,H,C,H,JBIPDF010000011.1_30,24.0
GB_GCA_049276455.1,JBASWL010000026.1_92_A,C,C,C,Q,H,C,H,JBASWL010000026.1_92,24.0
GB_GCA_050298035.1,JBNKTK010000004.1_45_A,C,C,C,Q,H,C,H,JBNKTK010000004.1_45,24.0
GB_GCA_902783155.1,CACZPR010000118.1_82_A,C,C,C,W,F,C,-,CACZPR010000118.1_82,18.0
GB_GCA_903824575.1,CAIJXJ010000050.1_46_A,C,C,C,Q,H,C,H,CAIJXJ010000050.1_46,24.0
GB_GCA_937949555.1,CALEDV010000012.1_19_A,C,C,C,Q,H,C,H,CALEDV010000012.1_19,24.0
GB_GCA_963663285.2,CAXXNI010000004.1_876_A,C,C,C,Q,H,C,H,CAXXNI010000004.1_876,24.0
GB_GCA_963667015.2,CAXXJJ010000001.1_529_A,C,C,C,Q,H,C,H,CAXXJJ010000001.1_529,24.0
GB_GCA_963676525.2,CAXXNB010000009.1_806_A,C,C,C,Q,H,C,H,CAXXNB010000009.1_806,24.0
GB_GCA_963678305.2,CAXXVV010000015.1_188_A,C,C,C,Q,H,C,H,CAXXVV010000015.1_188,24.0
GB_GCA_963711095.1,CAVQCX010000006.1_122_A,C,C,C,Q,H,C,H,CAVQCX010000006.1_122,24.0
GB_GCA_963736175.1,CAVTNU010000029.1_24_A,C,C,C,Q,H,C,H,CAVTNU010000029.1_24,24.0
GB_GCA_963781195.1,CAWAEZ010000002.1_88_A,C,C,C,Q,H,C,H,CAWAEZ010000002.1_88,24.0
GB_GCA_963804345.1,CAWDPX010000017.1_83_A,C,C,C,Q,H,C,H,CAWDPX010000017.1_83,24.0
GB_GCA_964546035.1,CAZJIO010000004.1_49_A,C,C,C,Q,H,C,H,CAZJIO010000004.1_49,24.0
RS_GCF_001936615.1,NZ_MLBF01000024.1_41_A,C,C,C,Q,H,C,H,NZ_MLBF01000024.1_41,24.0
RS_GCF_005484965.1,NZ_CP034036.1_1925_A,C,C,C,Q,H,C,H,NZ_CP034036.1_1925,24.0
RS_GCF_009469765.1,NZ_SSSQ01000002.1_467_A,C,C,C,Q,H,C,H,NZ_SSSQ01000002.1_467,24.0
RS_GCF_016919005.1,NZ_JAFFQE010000012.1_17_A,C,C,C,Q,H,C,H,NZ_JAFFQE010000012.1_17,24.0
RS_GCF_021044685.1,NZ_CP088014.1_7433_A,C,C,C,Q,H,C,H,NZ_CP088014.1_7433,24.0
RS_GCF_022369515.1,NZ_CP059724.1_1414_A,C,C,C,Q,H,C,H,NZ_CP059724.1_1414,24.0
RS_GCF_024529975.1,NZ_AP024897.1_3225_A,C,C,C,Q,H,C,H,NZ_AP024897.1_3225,24.0
RS_GCF_026000435.1,NZ_AP026764.1_1056_A,C,C,C,Q,H,C,H,NZ_AP026764.1_1056,24.0
RS_GCF_030605225.1,NZ_JAUWAV010000010.1_24_A,C,C,C,Q,H,C,H,NZ_JAUWAV010000010.1_24,24.0
RS_GCF_035621455.1,NZ_CP141823.1_216_A,C,C,C,Q,H,C,H,NZ_CP141823.1_216,24.0
RS_GCF_045310515.1,NZ_JBJHZX010000053.1_13_A,C,C,C,Q,H,C,H,NZ_JBJHZX010000053.1_13,24.0
RS_GCF_900094565.1,NZ_FMAF01000052.1_12_A,C,C,C,Q,H,C,H,NZ_FMAF01000052.1_12,24.0
GB_GCA_049860595.1,CP187551.1_1311_A,C,C,C,Q,H,C,F,CP187551.1_1311,22.0
RS_GCF_000021965.1,NC_011832.1_561_A,C,C,C,Q,H,C,H,NC_011832.1_561,24.0
RS_GCF_031461075.1,NZ_JAVKPK010000003.1_23_A,C,C,C,Q,H,C,H,NZ_JAVKPK010000003.1_23,24.0
GB_GCA_001800355.1,MGVF01000039.1_3_A,C,C,C,Q,H,C,H,MGVF01000039.1_3,24.0
GB_GCA_002298145.1,DBMP01000029.1_89_A,C,C,C,Q,H,C,H,DBMP01000029.1_89,24.0
GB_GCA_002862125.1,PHSP01000001.1_60_A,C,C,C,Q,H,C,H,PHSP01000001.1_60,24.0
GB_GCA_003229375.1,QIDP01000121.1_18_A,C,C,C,Q,H,C,H,QIDP01000121.1_18,24.0
GB_GCA_004299845.1,CP036201.1_2462_A,C,C,C,Q,H,C,H,CP036201.1_2462,24.0
GB_GCA_015231755.1,JADGAZ010000008.1_87_A,C,C,C,Q,H,C,H,JADGAZ010000008.1_87,24.0
GB_GCA_016793635.1,JAEUMD010000008.1_311_A,C,C,C,Q,H,C,H,JAEUMD010000008.1_311,24.0
GB_GCA_017302485.1,JAFLDI010000086.1_7_A,C,C,C,Q,H,C,H,JAFLDI010000086.1_7,24.0
GB_GCA_017860345.1,JAFNAV010000009.1_55_A,C,C,C,Q,H,C,H,JAFNAV010000009.1_55,24.0
GB_GCA_023229545.1,JALNZB010000013.1_27_A,C,C,C,Q,H,C,H,JALNZB010000013.1_27,24.0
GB_GCA_023512475.1,JAILZL010000033.1_8_A,C,C,C,Q,H,C,H,JAILZL010000033.1_8,24.0
GB_GCA_026417615.1,JAOACY010000016.1_4_A,C,C,C,Q,H,C,H,JAOACY010000016.1_4,24.0
GB_GCA_029907475.1,JARYLU010000033.1_21_A,C,C,C,Q,H,C,H,JARYLU010000033.1_21,24.0
GB_GCA_030246985.1,CP107246.1_363_A,C,C,C,Q,H,C,H,CP107246.1_363,24.0
GB_GCA_030656215.1,JAUSOD010000045.1_24_A,C,C,C,Q,H,C,H,JAUSOD010000045.1_24,24.0
GB_GCA_031290135.1,JAITOE010000134.1_5_A,C,C,C,Q,H,C,H,JAITOE010000134.1_5,24.0
GB_GCA_031970155.1,DALYIW010000271.1_5_A,C,C,C,Q,H,C,H,DALYIW010000271.1_5,24.0
GB_GCA_037130115.1,JBAXTQ010000008.1_2_A,C,C,C,Q,H,C,H,JBAXTQ010000008.1_2,24.0
GB_GCA_040756595.1,JBFLYR010000001.1_166_A,C,C,C,Q,H,C,H,JBFLYR010000001.1_166,24.0
GB_GCA_041672515.1,JBAYZM010000112.1_4_A,C,C,C,Q,H,C,H,JBAYZM010000112.1_4,24.0
GB_GCA_050253205.1,JBFWJM010000040.1_10_A,C,C,C,Q,H,C,H,JBFWJM010000040.1_10,24.0
GB_GCA_050298055.1,JBNKTL010000003.1_4_A,C,C,C,Q,H,C,H,JBNKTL010000003.1_4,24.0
GB_GCA_052146775.1,JBKQMI010000241.1_27_A,C,C,C,Q,H,C,H,JBKQMI010000241.1_27,24.0
GB_GCA_964520475.1,CAZFNS010000001.1_196_A,C,C,C,W,F,C,-,CAZFNS010000001.1_196,18.0
GB_GCA_964634325.1,CAZWJF010000014.1_62_A,C,C,C,Q,H,C,H,CAZWJF010000014.1_62,24.0
RS_GCF_000166055.1,NC_014664.1_1949_A,C,C,C,Q,H,C,H,NC_014664.1_1949,24.0
RS_GCF_000284415.1,NC_017059.1_2845_A,C,C,C,Q,H,C,H,NC_017059.1_2845,24.0
RS_GCF_000403135.1,NZ_AQPN01000090.1_38_A,C,C,C,Q,H,C,H,NZ_AQPN01000090.1_38,24.0
RS_GCF_000442515.1,NZ_AQPH01000002.1_93_A,C,C,C,Q,H,C,H,NZ_AQPH01000002.1_93,24.0
RS_GCF_000526995.1,NZ_AZUI01000001.1_3744_A,C,C,C,W,F,C,-,NZ_AZUI01000001.1_3744,18.0
RS_GCF_001548395.1,NZ_AP017367.1_4693_A,C,C,C,Q,H,C,H,NZ_AP017367.1_4693,24.0
RS_GCF_001938565.1,NZ_MSYM01000011.1_94_A,C,C,C,Q,H,C,H,NZ_MSYM01000011.1_94,24.0
RS_GCF_002196705.1,NZ_NADJ01000040.1_391_A,C,C,C,Q,H,C,H,NZ_NADJ01000040.1_391,24.0
RS_GCF_004342445.1,NZ_SLWW01000003.1_25_A,C,C,C,Q,H,C,H,NZ_SLWW01000003.1_25,24.0
RS_GCF_012276115.1,NZ_WIEU01000008.1_163_A,C,C,C,Q,H,C,H,NZ_WIEU01000008.1_163,24.0
RS_GCF_014696435.1,NZ_JACJQG010000005.1_30_A,C,C,C,Q,H,C,H,NZ_JACJQG010000005.1_30,24.0
RS_GCF_021049305.1,NZ_CP088081.1_711_A,C,C,C,Q,H,C,H,NZ_CP088081.1_711,24.0
RS_GCF_023206215.1,NZ_CP065800.1_2993_A,C,C,C,W,F,C,-,NZ_CP065800.1_2993,18.0
RS_GCF_029910235.1,NZ_CP112874.1_1024_A,C,C,C,Q,H,C,H,NZ_CP112874.1_1024,24.0
RS_GCF_041752335.1,NZ_JBGSHG010000006.1_14_A,C,C,C,Q,H,C,H,NZ_JBGSHG010000006.1_14,24.0
RS_GCF_900109265.1,NZ_FNZM01000033.1_40_A,C,C,C,Q,H,C,H,NZ_FNZM01000033.1_40,24.0
RS_GCF_900176305.1,NZ_FWXH01000008.1_52_A,C,C,C,Q,H,C,H,NZ_FWXH01000008.1_52,24.0
GB_GCA_049860595.1,CP187551.1_1318_A,C,C,C,Q,H,C,H,CP187551.1_1318,24.0
GB_GCA_963719565.1,CAVRCP010000051.1_1036_A,C,C,C,Q,H,C,H,CAVRCP010000051.1_1036,24.0
GB_GCA_000017645.1,CP000781.1_91_A,C,C,C,Q,H,C,H,CP000781.1_91,24.0
GB_GCA_001005265.1,CP011392.1_601_A,C,C,C,Q,H,C,H,CP011392.1_601,24.0
GB_GCA_002298165.1,DBMI01000028.1_138_A,C,C,C,Q,H,C,H,DBMI01000028.1_138,24.0
GB_GCA_002345025.1,DDUX01000054.1_24_A,C,C,C,Q,H,C,H,DDUX01000054.1_24,24.0
GB_GCA_002392545.1,DGHF01000158.1_12_A,C,C,C,W,F,C,M,DGHF01000158.1_12,19.0
GB_GCA_007695055.1,REEM01000134.1_17_A,C,C,C,Q,H,C,H,REEM01000134.1_17,24.0
GB_GCA_012517315.1,JAAYVE010000057.1_10_A,C,C,C,Q,H,C,H,JAAYVE010000057.1_10,24.0
GB_GCA_013911065.1,JACERV010000025.1_4_A,C,C,C,Q,H,C,H,JACERV010000025.1_4,24.0
GB_GCA_016214855.1,JACRMT010000012.1_56_A,C,C,C,Q,H,C,H,JACRMT010000012.1_56,24.0
GB_GCA_016342385.1,JAEINM010000009.1_25_A,C,C,C,Q,H,C,H,JAEINM010000009.1_25,24.0
GB_GCA_016793685.1,JAEULX010000019.1_2_A,C,C,C,Q,H,C,H,JAEULX010000019.1_2,24.0
GB_GCA_017302815.1,JAFLCQ010000007.1_6_A,C,C,C,Q,H,C,H,JAFLCQ010000007.1_6,24.0
GB_GCA_017860615.1,JAGDMU010000001.1_127_A,C,C,C,Q,H,C,H,JAGDMU010000001.1_127,24.0
GB_GCA_023439045.1,JAEXOY010000015.1_200_A,C,C,C,Q,H,C,H,JAEXOY010000015.1_200,24.0
GB_GCA_030837545.1,JAUPKI010000165.1_5_A,C,C,C,Q,H,C,H,JAUPKI010000165.1_5,24.0
GB_GCA_031270395.1,JAISXU010000088.1_18_A,C,C,C,W,F,C,V,JAISXU010000088.1_18,19.0
GB_GCA_034190295.1,JAXHSW010000005.1_14_A,C,C,C,Q,H,C,H,JAXHSW010000005.1_14,24.0
GB_GCA_035913795.1,JAMIIA010000180.1_63_A,C,C,C,Q,H,C,H,JAMIIA010000180.1_63,24.0
GB_GCA_036567405.1,DATCUL010000532.1_5_A,C,C,C,Q,H,C,H,DATCUL010000532.1_5,24.0
GB_GCA_049277435.1,JBASYJ010000061.1_4_A,C,C,C,Q,H,C,H,JBASYJ010000061.1_4,24.0
GB_GCA_051117555.1,JBNPEG010000113.1_27_A,C,C,C,Q,H,C,H,JBNPEG010000113.1_27,24.0
GB_GCA_902783735.1,CACZSE010000048.1_7_A,C,C,C,W,F,C,V,CACZSE010000048.1_7,19.0
GB_GCA_945957385.1,CAMFKP010000012.1_59_A,C,C,C,Q,H,C,H,CAMFKP010000012.1_59,24.0
GB_GCA_947165895.1,CAMVCB010000002.1_9_A,C,C,C,C,F,C,D,CAMVCB010000002.1_9,19.0
GB_GCA_963678335.1,OY782822.1_1897_A,C,C,C,Q,H,C,H,OY782822.1_1897,24.0
GB_GCA_964201165.1,CAXNFJ010000093.1_2_A,C,C,C,Q,H,C,H,CAXNFJ010000093.1_2,24.0
GB_GCA_964431545.1,CAYSLC010000062.1_17_A,C,C,C,Q,H,C,H,CAYSLC010000062.1_17,24.0
RS_GCF_000341395.1,NC_020304.1_331_A,C,C,C,Q,H,C,H,NC_020304.1_331,24.0
RS_GCF_000406105.1,NZ_CM001974.1_415_A,C,C,C,Q,H,C,H,NZ_CM001974.1_415,24.0
RS_GCF_000813145.1,NZ_BAZF01000016.1_52_A,C,C,C,Q,H,C,H,NZ_BAZF01000016.1_52,24.0
RS_GCF_003111645.1,NZ_CP022187.1_2076_A,C,C,C,Q,H,C,H,NZ_CP022187.1_2076,24.0
RS_GCF_007830635.1,NZ_VLLA01000047.1_37_A,C,C,C,Q,H,C,H,NZ_VLLA01000047.1_37,24.0
RS_GCF_009495745.1,NZ_WIDQ01000016.1_36_A,C,C,C,Q,H,C,H,NZ_WIDQ01000016.1_36,24.0
RS_GCF_012276155.1,NZ_WIEV01000034.1_52_A,C,C,C,Q,H,C,H,NZ_WIEV01000034.1_52,24.0
RS_GCF_023223525.1,NZ_JALPRX010000046.1_49_A,C,C,C,Q,H,C,H,NZ_JALPRX010000046.1_49,24.0
RS_GCF_900119735.1,NZ_FPJW01000008.1_69_A,C,C,C,Q,H,C,H,NZ_FPJW01000008.1_69,24.0
GB_GCA_004193545.1,RPGO01000033.1_49_A,C,C,C,Q,H,C,H,RPGO01000033.1_49,24.0
GB_GCA_021409285.1,JAGFND010000012.1_9_A,C,C,C,Q,H,C,H,JAGFND010000012.1_9,24.0
RS_GCF_002813695.1,NZ_CP017768.1_2078_A,C,C,C,Q,H,C,H,NZ_CP017768.1_2078,24.0
GB_GCA_002392915.1,DGHQ01000005.1_16_A,C,C,C,W,F,C,G,DGHQ01000005.1_16,19.0
GB_GCA_002862435.1,PKDC01000060.1_16_A,C,C,C,Q,H,C,H,PKDC01000060.1_16,24.0
GB_GCA_004321915.1,SCQE01000003.1_12_A,C,C,C,Q,H,C,H,SCQE01000003.1_12,24.0
GB_GCA_012517475.1,JAAYUV010000017.1_10_A,C,C,C,Q,H,C,H,JAAYUV010000017.1_10,24.0
GB_GCA_016214955.1,JACRMN010000017.1_76_A,C,C,C,Q,H,C,H,JACRMN010000017.1_76,24.0
GB_GCA_021849745.1,JAJZSN010000031.1_27_A,C,C,C,Q,H,C,H,JAJZSN010000031.1_27,24.0
GB_GCA_023391875.1,JAEWAB010000004.1_37_A,C,C,C,Q,H,C,H,JAEWAB010000004.1_37,24.0
GB_GCA_023402395.1,JAEYGI010000040.1_413_A,C,C,C,Q,H,C,H,JAEYGI010000040.1_413,24.0
GB_GCA_024691145.1,JAILNW010000295.1_5_A,-,C,C,C,F,C,L,JAILNW010000295.1_5,15.0
GB_GCA_029961045.1,JASBVN010000002.1_8_A,C,C,C,Q,H,C,H,JASBVN010000002.1_8,24.0
GB_GCA_031282405.1,JAITDU010000003.1_4_A,C,C,C,W,F,C,G,JAITDU010000003.1_4,19.0
GB_GCA_036568085.1,DATCTE010000102.1_3_A,C,C,C,Q,H,C,H,DATCTE010000102.1_3,24.0
GB_GCA_041562955.1,JBFFNY010000001.1_2_A,C,C,C,Q,H,C,H,JBFFNY010000001.1_2,24.0
GB_GCA_041917165.1,JAYRYB010000001.1_129_A,C,C,C,Q,H,C,H,JAYRYB010000001.1_129,24.0
GB_GCA_049840735.1,JASGJN010000014.1_196_A,C,C,C,Q,H,C,H,JASGJN010000014.1_196,24.0
GB_GCA_050298295.1,JBNKTW010000131.1_21_A,C,C,C,Q,H,C,H,JBNKTW010000131.1_21,24.0
GB_GCA_905339275.1,CAJPFK010000001.1_179_A,C,C,C,Q,H,C,H,CAJPFK010000001.1_179,24.0
GB_GCA_963663295.2,CAXXLA010000002.1_279_A,C,C,C,Q,H,C,H,CAXXLA010000002.1_279,24.0
GB_GCA_963676555.2,CAXXGL010000011.1_82_A,C,C,C,Q,H,C,H,CAXXGL010000011.1_82,24.0
GB_GCA_963711335.1,CAVQDX010000046.1_104_A,C,C,C,Q,H,C,H,CAVQDX010000046.1_104,24.0
GB_GCA_963736795.1,CAVTRF010000006.1_151_A,C,C,C,Q,H,C,H,CAVTRF010000006.1_151,24.0
GB_GCA_963804375.1,CAWDQE010000014.1_1832_A,C,C,C,Q,H,C,H,CAWDQE010000014.1_1832,24.0
GB_GCA_964458305.1,CAYWIH010000005.1_26_A,C,C,C,Q,H,C,H,CAYWIH010000005.1_26,24.0
GB_GCA_964578595.1,CAZODP010000053.1_19_A,C,C,C,Q,H,C,H,CAZODP010000053.1_19,24.0
RS_GCF_000020385.1,NC_010814.1_643_A,C,C,C,Q,H,C,H,NC_010814.1_643,24.0
RS_GCF_000526995.1,NZ_AZUI01000001.1_3760_A,C,C,C,H,Y,C,L,NZ_AZUI01000001.1_3760,19.0
RS_GCF_001551835.1,NZ_LODL01000005.1_150_A,C,C,C,Q,H,C,H,NZ_LODL01000005.1_150,24.0
RS_GCF_001705235.1,NZ_MCGV01000001.1_1737_A,C,C,C,Q,H,C,H,NZ_MCGV01000001.1_1737,24.0
RS_GCF_002923755.1,NZ_PGFZ01000025.1_12_A,C,C,C,Q,H,C,H,NZ_PGFZ01000025.1_12,24.0
RS_GCF_004342485.1,NZ_SMBU01000003.1_112_A,C,C,C,Q,H,C,H,NZ_SMBU01000003.1_112,24.0
RS_GCF_007830735.1,NZ_VLLN01000017.1_41_A,C,C,C,Q,H,C,H,NZ_VLLN01000017.1_41,24.0
RS_GCF_016458275.1,NZ_JAEMHM010000013.1_56_A,C,C,C,Q,H,C,H,NZ_JAEMHM010000013.1_56,24.0
RS_GCF_020179605.1,NZ_JAINZO010000001.1_1153_A,C,C,C,Q,H,C,H,NZ_JAINZO010000001.1_1153,24.0
RS_GCF_038066595.1,NZ_JBBUTH010000010.1_438_A,C,C,C,Q,H,C,H,NZ_JBBUTH010000010.1_438,24.0
RS_GCF_040373385.1,NZ_JBDXXH010000003.1_210_A,C,C,C,Q,H,C,H,NZ_JBDXXH010000003.1_210,24.0
RS_GCF_042682005.1,NZ_JBHUGR010000001.1_36_A,C,C,C,Q,H,C,H,NZ_JBHUGR010000001.1_36,24.0
RS_GCF_900128885.1,NZ_FQTU01000001.1_12_A,C,C,C,Q,H,C,H,NZ_FQTU01000001.1_12,24.0
RS_GCF_900890425.1,NZ_CAAHFG010000003.1_187_A,C,C,C,Q,H,C,H,NZ_CAAHFG010000003.1_187,24.0
RS_GCF_963678835.2,NZ_CAXXCH010000001.1_2046_A,C,C,C,Q,H,C,H,NZ_CAXXCH010000001.1_2046,24.0
GB_GCA_034659315.1,JAYEGZ010000035.1_2_A,C,C,C,Q,H,C,H,JAYEGZ010000035.1_2,24.0
RS_GCF_000024625.1,NC_013407.1_1084_A,C,C,C,Q,H,C,H,NC_013407.1_1084,24.0
GB_GCA_000023185.1,CP001623.1_283_A,C,C,C,Q,H,C,H,CP001623.1_283,24.0
GB_GCA_002298335.1,DBNK01000010.1_6_A,C,C,C,Q,H,C,H,DBNK01000010.1_6,24.0
GB_GCA_003554505.1,PWGS01000305.1_8_A,C,C,C,Q,H,C,H,PWGS01000305.1_8,24.0
GB_GCA_015231795.1,JADGAX010000001.1_67_A,C,C,C,Q,H,C,H,JADGAX010000001.1_67,24.0
GB_GCA_018824085.1,JAHJHI010000039.1_120_A,C,C,C,Q,H,C,H,JAHJHI010000039.1_120,24.0
GB_GCA_020386575.1,CP075902.1_2998_A,C,C,C,Q,H,C,H,CP075902.1_2998,24.0
GB_GCA_030667965.1,DAOUUW010000032.1_8_A,C,C,C,Q,H,C,H,DAOUUW010000032.1_8,24.0
GB_GCA_041562995.1,JBFFNX010000049.1_12_A,C,C,C,Q,H,C,H,JBFFNX010000049.1_12,24.0
GB_GCA_047173185.1,JBCQVH010000011.1_54_A,C,C,C,Q,H,C,H,JBCQVH010000011.1_54,24.0
GB_GCA_049281435.1,JBAPSB010000168.1_28_A,C,C,C,Q,H,C,H,JBAPSB010000168.1_28,24.0
GB_GCA_049840955.1,JASGIX010000034.1_85_A,C,C,C,Q,H,C,H,JASGIX010000034.1_85,24.0
GB_GCA_902783735.1,CACZSE010000048.1_10_A,C,C,C,C,F,C,-,CACZSE010000048.1_10,18.0
GB_GCA_937868765.1,CALMNL010000007.1_133_A,C,C,C,Q,H,C,H,CALMNL010000007.1_133,24.0
GB_GCA_963667045.1,OY762934.1_725_A,C,C,C,Q,H,C,H,OY762934.1_725,24.0
GB_GCA_963678345.2,CAXXIM010000001.1_3290_A,C,C,C,Q,H,C,H,CAXXIM010000001.1_3290,24.0
GB_GCA_963757945.1,CAVWTN010000002.1_219_A,C,C,C,Q,H,C,H,CAVWTN010000002.1_219,24.0
GB_GCA_964546335.1,CAZJJN010000002.1_4_A,C,C,C,Q,H,C,H,CAZJJN010000002.1_4,24.0
RS_GCF_000009705.1,NC_003272.1_1469_A,C,C,C,Q,H,C,H,NC_003272.1_1469,24.0
RS_GCF_000224005.2,NZ_CP007031.1_603_A,C,C,C,Q,H,C,H,NZ_CP007031.1_603,24.0
RS_GCF_001705305.1,NZ_MCBP01000003.1_152_A,C,C,C,Q,H,C,H,NZ_MCBP01000003.1_152,24.0
RS_GCF_002925905.1,NZ_PRDB01000002.1_557_A,C,C,C,Q,H,C,H,NZ_PRDB01000002.1_557,24.0
RS_GCF_003854965.1,NZ_RQPI01000003.1_254_A,C,C,C,Q,H,C,H,NZ_RQPI01000003.1_254,24.0
RS_GCF_024580145.1,NZ_JANINI010000006.1_112_A,C,C,C,Q,H,C,H,NZ_JANINI010000006.1_112,24.0
RS_GCF_026013605.1,NZ_JAPDPJ010000005.1_40_A,C,C,C,Q,H,C,H,NZ_JAPDPJ010000005.1_40,24.0
RS_GCF_038070105.1,NZ_JBBPBZ010000005.1_216_A,C,C,C,Q,H,C,H,NZ_JBBPBZ010000005.1_216,24.0
RS_GCF_045310695.1,NZ_JBJIAA010000006.1_88_A,C,C,C,Q,H,C,H,NZ_JBJIAA010000006.1_88,24.0
RS_GCF_050870875.2,NZ_CP194041.2_2069_A,C,C,C,Q,H,C,H,NZ_CP194041.2_2069,24.0
RS_GCF_900094605.1,NZ_FMAI01000005.1_245_A,C,C,C,Q,H,C,H,NZ_FMAI01000005.1_245,24.0
RS_GCF_900109495.1,NZ_FOAA01000001.1_337_A,C,C,C,Q,H,C,H,NZ_FOAA01000001.1_337,24.0
RS_GCF_900176305.1,NZ_FWXH01000008.1_71_A,C,C,C,W,F,C,-,NZ_FWXH01000008.1_71,18.0
RS_GCF_963678845.2,NZ_CAXXOR010000005.1_278_A,C,C,C,Q,H,C,H,NZ_CAXXOR010000005.1_278,24.0
GB_GCA_004212085.1,RXIL01000115.1_4_A,C,C,C,Q,H,C,H,RXIL01000115.1_4,24.0
GB_GCA_964452085.1,CAYVKL010000001.1_101_A,C,C,C,Q,H,C,H,CAYVKL010000001.1_101,24.0
RS_GCF_000025525.1,NC_013887.1_35_A,C,C,C,Q,H,C,H,NC_013887.1_35,24.0
GB_GCA_001029295.1,LDXJ01000058.1_157_A,C,C,C,Q,H,C,H,LDXJ01000058.1_157,24.0
GB_GCA_001801995.1,MGZB01000002.1_148_A,C,C,C,Q,H,C,H,MGZB01000002.1_148,24.0
GB_GCA_002392915.1,DGHQ01000005.1_28_A,C,C,C,W,F,C,A,DGHQ01000005.1_28,19.0
GB_GCA_003232385.1,QIJE01000001.1_87_A,C,C,C,Q,H,C,H,QIJE01000001.1_87,24.0
GB_GCA_007695205.1,REEF01001100.1_7_A,C,C,C,Q,H,C,H,REEF01001100.1_7,24.0
GB_GCA_010672825.2,JAAHFU020000002.1_466_A,C,C,C,Q,H,C,H,JAAHFU020000002.1_466,24.0
GB_GCA_013334435.1,JAAXXP010000043.1_6_A,C,C,C,Q,H,C,H,JAAXXP010000043.1_6,24.0
GB_GCA_013911975.1,JACESF010000035.1_26_A,C,C,C,Q,H,C,H,JACESF010000035.1_26,24.0
GB_GCA_017305195.1,JAFKMU010000048.1_87_A,C,C,C,Q,H,C,H,JAFKMU010000048.1_87,24.0
GB_GCA_017861285.1,JAGFXO010000075.1_2_A,C,C,C,Q,H,C,H,JAGFXO010000075.1_2,24.0
GB_GCA_019635485.1,JAHBZL010000017.1_53_A,C,C,C,Q,H,C,H,JAHBZL010000017.1_53,24.0
GB_GCA_023229605.1,JALNYY010000085.1_12_A,C,C,C,Q,H,C,H,JALNYY010000085.1_12,24.0
GB_GCA_023392075.1,JAEVZU010000051.1_12_A,C,C,C,W,Y,C,H,JAEVZU010000051.1_12,21.0
GB_GCA_024691145.1,JAILNW010000295.1_8_A,C,C,C,W,F,C,A,JAILNW010000295.1_8,19.0
GB_GCA_025454175.1,JALOOX010000002.1_95_A,C,C,C,Q,H,C,H,JALOOX010000002.1_95,24.0
GB_GCA_028281965.1,JANQIY010000092.1_60_A,C,C,C,Q,H,C,H,JANQIY010000092.1_60,24.0
GB_GCA_028695945.1,JAQVIB010000001.1_3_A,C,C,C,Q,H,C,H,JAQVIB010000001.1_3,24.0
GB_GCA_029256065.1,JAQSYT010000082.1_7_A,C,C,C,Q,H,C,H,JAQSYT010000082.1_7,24.0
GB_GCA_030247555.1,JAOTSD010000042.1_34_A,C,C,C,Q,H,C,H,JAOTSD010000042.1_34,24.0
GB_GCA_031261745.1,JAISJC010000003.1_38_A,C,C,C,Q,H,C,H,JAISJC010000003.1_38,24.0
GB_GCA_031282405.1,JAITDU010000007.1_6_A,C,C,C,Q,H,C,H,JAITDU010000007.1_6,24.0
GB_GCA_031388695.1,JANMRY010000067.1_8_A,C,C,C,Q,H,C,H,JANMRY010000067.1_8,24.0
GB_GCA_034370465.1,JAXMLA010000080.1_12_A,C,C,C,Q,H,C,H,JAXMLA010000080.1_12,24.0
GB_GCA_041563315.1,JBFFNE010000052.1_6_A,C,C,C,Q,H,C,H,JBFFNE010000052.1_6,24.0
GB_GCA_047173645.1,JBCQUZ010000008.1_31_A,C,C,C,Q,H,C,H,JBCQUZ010000008.1_31,24.0
GB_GCA_050298555.1,JBNKUL010000084.1_6_A,C,C,C,Q,H,C,H,JBNKUL010000084.1_6,24.0
GB_GCA_052147195.1,JBKQLC010000211.1_25_A,C,C,C,Q,H,C,H,JBKQLC010000211.1_25,24.0
GB_GCA_903901915.1,CAIUSV010000048.1_17_A,C,C,C,Q,H,C,H,CAIUSV010000048.1_17,24.0
GB_GCA_903930145.1,CAIYXP010000271.1_6_A,C,C,C,Q,H,C,H,CAIYXP010000271.1_6,24.0
GB_GCA_937958025.1,CALFXO010000013.1_9_A,C,C,C,Q,H,C,H,CALFXO010000013.1_9,24.0
GB_GCA_947165895.1,CAMVCB010000002.1_33_A,C,C,C,W,F,C,A,CAMVCB010000002.1_33,19.0
GB_GCA_963663335.2,CAXXLN010000002.1_769_A,C,C,C,Q,H,C,H,CAXXLN010000002.1_769,24.0
GB_GCA_963667095.1,OY762960.1_1674_A,C,C,C,Q,H,C,H,OY762960.1_1674,24.0
GB_GCA_964521005.1,CAZFPT010000037.1_14_A,C,C,C,Q,H,C,H,CAZFPT010000037.1_14,24.0
GB_GCA_964578785.1,CAZOEH010000043.1_7_A,C,C,C,Q,H,C,H,CAZOEH010000043.1_7,24.0
GB_GCA_964635665.1,CAZWNR010000102.1_7_A,C,C,C,Q,H,C,H,CAZWNR010000102.1_7,24.0
GB_GCA_965140355.1,OZ223193.1_426_A,C,C,C,Q,H,C,H,OZ223193.1_426,24.0
GB_GCA_965249805.1,CBDFMX010000002.1_2254_A,C,C,C,Q,H,C,H,CBDFMX010000002.1_2254,24.0
RS_GCF_000341735.1,NZ_KB455575.1_3989_A,C,C,C,Q,H,C,H,NZ_KB455575.1_3989,24.0
RS_GCF_003111665.1,NZ_CP022188.1_224_A,C,C,C,Q,H,C,H,NZ_CP022188.1_224,24.0
RS_GCF_003315515.1,NZ_QNRY01000004.1_75_A,C,C,C,Q,H,C,H,NZ_QNRY01000004.1_75,24.0
RS_GCF_015206995.1,NZ_JADEXR010000134.1_12_A,C,C,C,Q,H,C,H,NZ_JADEXR010000134.1_12,24.0
RS_GCF_016919065.1,NZ_JAFFQA010000017.1_79_A,C,C,C,Q,H,C,H,NZ_JAFFQA010000017.1_79,24.0
RS_GCF_026013615.1,NZ_JAPDPI010000040.1_39_A,C,C,C,Q,H,C,H,NZ_JAPDPI010000040.1_39,24.0
RS_GCF_029910655.1,NZ_CP123897.1_841_A,C,C,C,Q,H,C,H,NZ_CP123897.1_841,24.0
RS_GCF_030646115.1,NZ_JAUSMX010000005.1_164_A,C,C,C,Q,H,C,H,NZ_JAUSMX010000005.1_164,24.0
RS_GCF_031599675.1,NZ_CP134223.1_4592_A,C,C,C,Q,H,C,H,NZ_CP134223.1_4592,24.0
RS_GCF_045310695.1,NZ_JBJIAA010000006.1_101_A,C,C,C,W,F,C,G,NZ_JBJIAA010000006.1_101,19.0
RS_GCF_049277495.1,NZ_JBASYM010000051.1_60_A,C,C,C,Q,H,C,H,NZ_JBASYM010000051.1_60,24.0
RS_GCF_900890705.1,NZ_CAAHFH010000002.1_1772_A,C,C,C,Q,H,C,H,NZ_CAAHFH010000002.1_1772,24.0
RS_GCF_000025525.1,NC_013887.1_42_A,C,C,C,Q,H,C,F,NC_013887.1_42,22.0
RS_GCF_032842345.1,NZ_WBKO01000003.1_109_A,C,C,C,Q,H,C,H,NZ_WBKO01000003.1_109,24.0
GB_GCA_002347405.1,DDXB01000046.1_48_A,C,C,C,Q,H,C,H,DDXB01000046.1_48,24.0
GB_GCA_002452335.1,DKFJ01000012.1_377_A,C,C,C,Q,H,C,H,DKFJ01000012.1_377,24.0
GB_GCA_004321925.1,SCQH01000040.1_22_A,C,C,C,Q,H,C,H,SCQH01000040.1_22,24.0
GB_GCA_012517735.1,JAAYUK010000252.1_4_A,C,C,C,Q,H,C,H,JAAYUK010000252.1_4,24.0
GB_GCA_021200415.1,JAJQGO010000011.1_96_A,C,C,C,W,F,C,Y,JAJQGO010000011.1_96,19.0
GB_GCA_021809845.1,JAJZJW010000006.1_81_A,C,C,C,Q,H,C,H,JAJZJW010000006.1_81,24.0
GB_GCA_023415205.1,JAEZLR010000045.1_197_A,C,C,C,Q,H,C,H,JAEZLR010000045.1_197,24.0
GB_GCA_026417815.1,JAOACN010000483.1_4_A,C,C,C,Q,H,C,H,JAOACN010000483.1_4,24.0
GB_GCA_028696055.1,JAQVHV010000002.1_50_A,C,C,C,Q,H,C,H,JAQVHV010000002.1_50,24.0
GB_GCA_031276055.1,JAISNW010000217.1_3_A,C,C,C,Q,H,C,H,JAISNW010000217.1_3,24.0
GB_GCA_031290175.1,JAITOC010000047.1_6_A,C,C,C,W,F,C,L,JAITOC010000047.1_6,19.0
GB_GCA_035560775.1,DATMYU010000529.1_8_A,C,C,C,Q,H,C,H,DATMYU010000529.1_8,24.0
GB_GCA_044070495.1,JBIPSI010000004.1_79_A,C,C,C,Q,H,C,H,JBIPSI010000004.1_79,24.0
GB_GCA_049282355.1,JBAPTW010000329.1_7_A,C,C,C,Q,H,C,H,JBAPTW010000329.1_7,24.0
GB_GCA_937871715.1,CALMOE010000201.1_2_A,C,C,C,Q,H,C,H,CALMOE010000201.1_2,24.0
GB_GCA_963676565.1,OY781089.1_715_A,C,C,C,Q,H,C,H,OY781089.1_715,24.0
GB_GCA_963711525.1,CAVQEO010000029.1_53_A,C,C,C,Q,H,C,H,CAVQEO010000029.1_53,24.0
GB_GCA_963737085.1,CAVTRR010000002.1_278_A,C,C,C,Q,H,C,H,CAVTRR010000002.1_278,24.0
GB_GCA_964611665.1,CAZTAP010000009.1_9_A,C,C,C,Q,H,C,H,CAZTAP010000009.1_9,24.0
RS_GCF_000009985.1,NC_007626.1_1586_A,C,C,C,Q,H,C,H,NC_007626.1_1586,24.0
RS_GCF_000020465.1,NC_010803.1_692_A,C,C,C,Q,H,C,H,NC_010803.1_692,24.0
RS_GCF_000406145.1,NZ_CM001976.1_3712_A,C,C,C,Q,H,C,H,NZ_CM001976.1_3712,24.0
RS_GCF_000527035.1,NZ_AZUK01000001.1_2243_A,C,C,C,Q,H,C,H,NZ_AZUK01000001.1_2243,24.0
RS_GCF_002529485.1,NZ_NWQG01000012.1_2_A,C,C,C,Q,H,C,H,NZ_NWQG01000012.1_2,24.0
RS_GCF_002933875.1,NZ_BFAV01000073.1_50_A,C,C,C,Q,H,C,H,NZ_BFAV01000073.1_50,24.0
RS_GCF_005771535.1,NZ_VANU01000002.1_278_A,C,C,C,Q,H,C,H,NZ_VANU01000002.1_278,24.0
RS_GCF_007859835.1,NZ_SJPJ01000001.1_4345_A,C,C,C,Q,H,C,H,NZ_SJPJ01000001.1_4345,24.0
RS_GCF_018399035.1,NZ_CP073760.1_2524_A,C,C,C,Q,H,C,H,NZ_CP073760.1_2524,24.0
RS_GCF_020194955.2,NZ_JAFCIY020000028.1_65_A,C,C,C,Q,H,C,H,NZ_JAFCIY020000028.1_65,24.0
RS_GCF_022376295.1,NZ_CP060140.1_178_A,C,C,C,Q,H,C,H,NZ_CP060140.1_178,24.0
RS_GCF_041903755.1,NZ_JBBWVE010000012.1_8_A,C,C,C,Q,H,C,H,NZ_JBBWVE010000012.1_8,24.0
RS_GCF_900128905.1,NZ_FQTV01000005.1_104_A,C,C,C,Q,H,C,H,NZ_FQTV01000005.1_104,24.0
RS_GCF_963678865.1,NZ_OY787459.1_1839_A,C,C,C,Q,H,C,H,NZ_OY787459.1_1839,24.0
GB_GCA_009649835.1,PYCK01000054.1_4_A,C,C,C,Q,H,C,H,PYCK01000054.1_4,24.0
GB_GCA_001044195.1,LFCU01000132.1_3_A,C,C,C,Q,H,C,H,LFCU01000132.1_3,24.0
GB_GCA_002298925.1,DBMM01000094.1_5_A,C,C,C,Q,H,C,H,DBMM01000094.1_5,24.0
GB_GCA_002347615.1,DDYH01000026.1_21_A,C,C,C,Q,H,C,H,DDYH01000026.1_21,24.0
GB_GCA_002452405.1,DKFP01000008.1_7_A,C,C,C,Q,H,C,H,DKFP01000008.1_7,24.0
GB_GCA_003235365.1,QJWJ01000429.1_39_A,C,C,C,Q,H,C,H,QJWJ01000429.1_39,24.0
GB_GCA_004322275.1,SCTA01000001.1_10_A,C,C,C,Q,H,C,H,SCTA01000001.1_10,24.0
GB_GCA_007695245.1,REEE01000267.1_17_A,C,C,C,Q,H,C,H,REEE01000267.1_17,24.0
GB_GCA_016471375.1,WGLZ01000090.1_23_A,C,C,C,Q,H,C,H,WGLZ01000090.1_23,24.0
GB_GCA_019689615.1,JADGHD010000118.1_3_A,C,C,C,Q,H,C,H,JADGHD010000118.1_3,24.0
GB_GCA_021849995.1,JAJZSC010000043.1_11_A,C,C,C,Q,H,C,H,JAJZSC010000043.1_11,24.0
GB_GCA_023229795.1,JALNYP010000019.1_25_A,C,C,C,Q,H,C,H,JALNYP010000019.1_25,24.0
GB_GCA_023426245.1,JAFABB010000014.1_114_A,C,C,C,Q,H,C,H,JAFABB010000014.1_114,24.0
GB_GCA_023544645.1,JAMJFO010000002.1_28_A,C,C,C,Q,H,C,H,JAMJFO010000002.1_28,24.0
GB_GCA_030247675.1,JAOTRX010000003.1_235_A,C,C,C,Q,H,C,H,JAOTRX010000003.1_235,24.0
GB_GCA_030917925.1,JAUPTV010000173.1_12_A,C,C,C,Q,H,C,H,JAUPTV010000173.1_12,24.0
GB_GCA_036569365.1,DATCQU010000034.1_41_A,C,C,C,Q,H,C,H,DATCQU010000034.1_41,24.0
GB_GCA_040757055.1,JBFLXY010000018.1_23_A,C,C,C,Q,H,C,H,JBFLXY010000018.1_23,24.0
GB_GCA_041917255.1,JAYRYA010000019.1_9_A,C,C,C,Q,H,C,H,JAYRYA010000019.1_9,24.0
GB_GCA_050253335.1,JBFWJG010000033.1_10_A,C,C,C,Q,H,C,H,JBFWJG010000033.1_10,24.0
GB_GCA_050298595.1,JBNKUM010000051.1_36_A,C,C,C,Q,H,C,H,JBNKUM010000051.1_36,24.0
GB_GCA_052147395.1,JBKQKS010000246.1_5_A,C,C,C,Q,H,C,H,JBKQKS010000246.1_5,24.0
GB_GCA_903930255.1,CAIYYA010000184.1_9_A,C,C,C,Q,H,C,H,CAIYYA010000184.1_9,24.0
GB_GCA_963782495.1,CAWAJU010000006.1_162_A,C,C,C,Q,H,C,H,CAWAJU010000006.1_162,24.0
GB_GCA_964405325.1,CAYONM010000098.1_12_A,C,C,C,Q,H,C,H,CAYONM010000098.1_12,24.0
GB_GCA_964546365.1,CAZJJR010000029.1_11_A,C,C,C,Q,H,C,H,CAZJJR010000029.1_11,24.0
GB_GCA_964578835.1,CAZOEL010000011.1_39_A,C,C,C,Q,H,C,H,CAZOEL010000011.1_39,24.0
RS_GCF_000224065.1,NZ_AFWT01000020.1_72_A,C,C,C,Q,H,C,H,NZ_AFWT01000020.1_72,24.0
RS_GCF_000292525.1,NZ_AEYF01000053.1_63_A,C,C,C,Q,H,C,H,NZ_AEYF01000053.1_63,24.0
RS_GCF_000341895.1,NC_020409.1_2873_A,C,C,C,Q,H,C,H,NC_020409.1_2873,24.0
RS_GCF_000410515.1,NC_021500.1_514_A,C,C,C,Q,H,C,H,NC_021500.1_514,24.0
RS_GCF_000813325.1,NZ_BBQE01000012.1_105_A,C,C,C,Q,H,C,H,NZ_BBQE01000012.1_105,24.0
RS_GCF_004114535.1,NZ_LBJC01000002.1_48_A,C,C,C,Q,H,C,H,NZ_LBJC01000002.1_48,24.0
RS_GCF_004343075.1,NZ_SLXP01000002.1_555_A,C,C,C,Q,H,C,H,NZ_SLXP01000002.1_555,24.0
RS_GCF_009914765.1,NZ_WYDS01000003.1_143_A,C,C,C,Q,H,C,H,NZ_WYDS01000003.1_143,24.0
RS_GCF_013343235.1,NZ_CP040094.1_3042_A,C,C,C,Q,H,C,H,NZ_CP040094.1_3042,24.0
RS_GCF_021088345.1,NZ_CP088156.1_6780_A,C,C,C,Q,H,C,H,NZ_CP088156.1_6780,24.0
RS_GCF_022410535.1,NZ_JAKNBL010000004.1_121_A,C,C,C,-,Y,S,N,NZ_JAKNBL010000004.1_121,15.0
RS_GCF_034424375.1,NZ_CP139965.1_126_A,C,C,C,Q,H,C,H,NZ_CP139965.1_126,24.0
RS_GCF_035627495.1,NZ_DASPLO010000187.1_20_A,C,C,C,Q,H,C,H,NZ_DASPLO010000187.1_20,24.0
RS_GCF_045310695.1,NZ_JBJIAA010000018.1_97_A,C,C,C,K,F,C,G,NZ_JBJIAA010000018.1_97,19.0
RS_GCF_049302455.1,NZ_JBAQMD010000028.1_9_A,C,C,C,Q,H,C,H,NZ_JBAQMD010000028.1_9,24.0
RS_GCF_900109655.1,NZ_FOAT01000004.1_150_A,C,C,C,K,F,C,G,NZ_FOAT01000004.1_150,19.0
RS_GCF_002945325.1,NZ_CP026606.1_140_A,C,C,C,Q,H,C,H,NZ_CP026606.1_140,24.0
GB_GCA_001802125.1,MGZK01000070.1_3_A,C,C,C,Q,H,C,H,MGZK01000070.1_3,24.0
GB_GCA_016215115.1,JACRLN010000006.1_45_A,C,C,C,Q,H,C,H,JACRLN010000006.1_45,24.0
GB_GCA_021781745.1,JAJXWH010000032.1_46_A,C,C,C,Q,H,C,H,JAJXWH010000032.1_46,24.0
GB_GCA_021810565.1,JAJZIM010000031.1_14_A,C,C,C,Q,H,C,H,JAJZIM010000031.1_14,24.0
GB_GCA_023229845.1,JALNYK010000005.1_21_A,C,C,C,Q,H,C,H,JALNYK010000005.1_21,24.0
GB_GCA_025454375.1,JALOOO010000016.1_34_A,C,C,C,Q,H,C,H,JALOOO010000016.1_34,24.0
GB_GCA_030247725.1,JAOTRT010000007.1_8_A,C,C,C,Q,H,C,H,JAOTRT010000007.1_8,24.0
GB_GCA_030673265.1,DAOVJK010000022.1_14_A,C,C,C,Q,H,C,H,DAOVJK010000022.1_14,24.0
GB_GCA_031276105.1,JAISNS010000209.1_9_A,C,C,C,Q,H,C,H,JAISNS010000209.1_9,24.0
GB_GCA_031389785.1,JANMSX010000029.1_46_A,C,C,C,Q,H,C,H,JANMSX010000029.1_46,24.0
GB_GCA_044220545.1,JBGAQX010000010.1_64_A,C,C,C,Q,H,C,H,JBGAQX010000010.1_64,24.0
GB_GCA_047173955.1,JBCQUO010000009.1_28_A,C,C,C,Q,H,C,H,JBCQUO010000009.1_28,24.0
GB_GCA_051155735.1,DAXETX010000026.1_19_A,C,C,C,Q,H,C,H,DAXETX010000026.1_19,24.0
GB_GCA_947166545.1,CAMVEQ010000033.1_8_A,C,C,C,W,F,C,A,CAMVEQ010000033.1_8,19.0
GB_GCA_963667185.2,OY762953.2_226_A,C,C,C,Q,H,C,H,OY762953.2_226,24.0
GB_GCA_963757985.1,CAVWTQ010000008.1_94_A,C,C,C,Q,H,C,H,CAVWTQ010000008.1_94,24.0
GB_GCA_964405715.1,CAYOOW010000019.1_12_A,C,C,C,W,F,C,A,CAYOOW010000019.1_12,19.0
GB_GCA_964458775.1,CAYWLQ010000014.1_33_A,C,C,C,Q,H,C,H,CAYWLQ010000014.1_33,24.0
GB_GCA_964486145.1,CAZAMT010000048.1_6_A,C,C,C,Q,H,C,H,CAZAMT010000048.1_6,24.0
RS_GCF_000166355.1,NC_014652.1_2153_A,C,C,C,Q,H,C,P,NC_014652.1_2153,22.0
RS_GCF_000813345.1,NZ_BBQF01000004.1_54_A,C,C,C,Q,H,C,H,NZ_BBQF01000004.1_54,24.0
RS_GCF_001707885.1,NZ_MASS01000070.1_12_A,C,C,C,Q,H,C,H,NZ_MASS01000070.1_12,24.0
RS_GCF_001939115.1,NZ_MQTZ01000047.1_55_A,C,C,C,Q,H,C,H,NZ_MQTZ01000047.1_55,24.0
RS_GCF_003112695.1,NZ_BFBP01000013.1_76_A,C,C,C,Q,H,C,H,NZ_BFBP01000013.1_76,24.0
RS_GCF_003324485.1,NZ_QODK01000005.1_205_A,C,C,C,Q,H,C,H,NZ_QODK01000005.1_205,24.0
RS_GCF_007860135.1,NZ_SJPV01000001.1_558_A,C,C,C,Q,H,C,H,NZ_SJPV01000001.1_558,24.0
RS_GCF_009498235.1,NZ_CP044205.1_987_A,C,C,C,Q,H,C,H,NZ_CP044205.1_987,24.0
RS_GCF_012276755.1,NZ_JAAXKX010000021.1_41_A,C,C,C,Q,H,C,H,NZ_JAAXKX010000021.1_41,24.0
RS_GCF_014201835.1,NZ_JACHFH010000001.1_143_A,C,C,C,Q,H,C,H,NZ_JACHFH010000001.1_143,24.0
RS_GCF_016924145.1,NZ_JAFFZO010000019.1_37_A,C,C,C,Q,H,C,H,NZ_JAFFZO010000019.1_37,24.0
RS_GCF_017650195.1,NZ_JAGCFH010000072.1_6_A,C,C,C,W,F,C,G,NZ_JAGCFH010000072.1_6,19.0
RS_GCF_023228165.1,NZ_JALOBS010000034.1_10_A,C,C,C,Q,H,C,H,NZ_JALOBS010000034.1_10,24.0
RS_GCF_034424545.1,NZ_CP139971.1_1648_A,C,C,C,Q,H,C,H,NZ_CP139971.1_1648,24.0
RS_GCF_041904905.1,NZ_JAYRMI010000023.1_10_A,C,C,C,Q,H,C,H,NZ_JAYRMI010000023.1_10,24.0
RS_GCF_042682105.1,NZ_JBHUGY010000016.1_255_A,C,C,C,Q,H,C,H,NZ_JBHUGY010000016.1_255,24.0
GB_GCA_001602645.1,LUYE01000048.1_19_A,C,C,C,Q,H,C,H,LUYE01000048.1_19,24.0
GB_GCA_028705545.1,JAQWDG010000020.1_13_A,C,C,C,Q,H,C,H,JAQWDG010000020.1_13,24.0
RS_GCF_000063445.1,NC_009464.1_1400_A,C,C,C,Q,H,C,H,NC_009464.1_1400,24.0
RS_GCF_035390745.1,NZ_DAOOUJ010000024.1_7_A,C,C,C,Q,H,C,H,NZ_DAOOUJ010000024.1_7,24.0
GB_GCA_000152145.1,GL501401.1_6_A,C,C,C,Q,H,C,H,GL501401.1_6,24.0
GB_GCA_001802645.1,MGZJ01000010.1_38_A,C,C,C,Q,H,C,H,MGZJ01000010.1_38,24.0
GB_GCA_002868905.1,PKUA01000006.1_32_A,C,C,C,Q,H,C,H,PKUA01000006.1_32,24.0
GB_GCA_003235715.1,QJVM01000189.1_15_A,C,C,C,Q,H,C,H,QJVM01000189.1_15,24.0
GB_GCA_003561875.1,PWVL01000125.1_8_A,C,C,C,Q,H,C,H,PWVL01000125.1_8,24.0
GB_GCA_010692425.1,JAAHHJ010000020.1_89_A,C,C,C,Q,H,C,H,JAAHHJ010000020.1_89,24.0
GB_GCA_014189435.1,CP050295.1_549_A,C,C,C,Q,H,C,H,CP050295.1_549,24.0
GB_GCA_015231915.1,JADGAR010000021.1_36_A,C,C,C,Q,H,C,H,JADGAR010000021.1_36,24.0
GB_GCA_015688915.1,JAATGX010000194.1_13_A,C,C,C,Q,H,C,H,JAATGX010000194.1_13,24.0
GB_GCA_016583765.1,NRRR01000002.1_122_A,C,C,C,Q,H,C,H,NRRR01000002.1_122,24.0
GB_GCA_016793875.1,JAEULG010000277.1_11_A,C,C,C,Q,H,C,H,JAEULG010000277.1_11,24.0
GB_GCA_018828385.1,JAHJVE010000010.1_19_A,C,C,C,Q,H,C,H,JAHJVE010000010.1_19,24.0
GB_GCA_023415305.1,JAEZKZ010000002.1_36_A,C,C,C,Q,H,C,H,JAEZKZ010000002.1_36,24.0
GB_GCA_028282095.1,JANQIP010000172.1_12_A,C,C,C,Q,H,C,H,JANQIP010000172.1_12,24.0
GB_GCA_031082225.1,JAVHLG010000009.1_21_A,C,C,C,Q,H,C,H,JAVHLG010000009.1_21,24.0
GB_GCA_031270705.1,JAISWW010000200.1_4_A,C,C,C,Q,H,C,H,JAISWW010000200.1_4,24.0
GB_GCA_034371155.1,JAXMKV010000023.1_6_A,C,C,C,Q,H,C,H,JAXMKV010000023.1_6,24.0
GB_GCA_038317685.1,JBBQBQ010000133.1_6_A,C,C,C,Q,H,C,H,JBBQBQ010000133.1_6,24.0
GB_GCA_041675465.1,JBAYTU010000009.1_5_A,C,C,C,Q,H,C,H,JBAYTU010000009.1_5,24.0
GB_GCA_041918675.1,JAYRVF010000008.1_86_A,C,C,C,Q,H,C,H,JAYRVF010000008.1_86,24.0
GB_GCA_044221805.1,JBGAOK010000046.1_5_A,C,C,C,Q,H,C,H,JBGAOK010000046.1_5,24.0
GB_GCA_049841175.1,JASGHA010000012.1_579_A,C,C,C,Q,H,C,H,JASGHA010000012.1_579,24.0
GB_GCA_050298955.1,JBNKVA010000004.1_24_A,C,C,C,Q,H,C,H,JBNKVA010000004.1_24,24.0
GB_GCA_052147455.1,JBKQKO010000124.1_17_A,C,C,C,Q,H,C,H,JBKQKO010000124.1_17,24.0
GB_GCA_903866255.1,CAIPMW010000065.1_7_A,C,C,C,Q,H,C,H,CAIPMW010000065.1_7,24.0
GB_GCA_937871935.1,CALMQI010000445.1_21_A,C,C,C,Q,H,C,H,CALMQI010000445.1_21,24.0
GB_GCA_946182825.1,CAMGZH010000010.1_46_A,C,C,C,W,F,C,G,CAMGZH010000010.1_46,19.0
GB_GCA_963676655.2,CAXXKX010000002.1_168_A,C,C,C,Q,H,C,H,CAXXKX010000002.1_168,24.0
GB_GCA_963678465.1,OY782858.1_1946_A,C,C,C,Q,H,C,H,OY782858.1_1946,24.0
GB_GCA_963737155.1,CAVTRN010000001.1_955_A,C,C,C,Q,H,C,H,CAVTRN010000001.1_955,24.0
GB_GCA_963829695.1,CAWHJQ010000018.1_364_A,C,C,C,Q,H,C,H,CAWHJQ010000018.1_364,24.0
RS_GCF_000010525.1,NC_009937.1_1060_A,C,C,C,Q,H,C,H,NC_009937.1_1060,24.0
RS_GCF_000020505.1,NC_011027.1_1625_A,C,C,C,Q,H,C,H,NC_011027.1_1625,24.0
RS_GCF_000166355.1,NC_014652.1_2155_A,C,C,C,Q,H,C,H,NC_014652.1_2155,24.0
RS_GCF_000342045.1,NZ_AONQ01000082.1_11_A,C,C,C,Q,H,C,H,NZ_AONQ01000082.1_11,24.0
RS_GCF_005860775.1,NZ_VCHQ01000020.1_13_A,C,C,C,Q,H,C,H,NZ_VCHQ01000020.1_13,24.0
RS_GCF_007860185.1,NZ_SJPY01000001.1_315_A,C,C,C,Q,H,C,H,NZ_SJPY01000001.1_315,24.0
RS_GCF_009928445.1,NZ_JAABNO010000010.1_58_A,C,C,C,Q,H,C,H,NZ_JAABNO010000010.1_58,24.0
RS_GCF_013350005.1,NZ_JABVWW010000006.1_43_A,C,C,C,Q,H,C,H,NZ_JABVWW010000006.1_43,24.0
RS_GCF_026015985.1,NZ_CP110389.1_1240_A,C,C,C,Q,H,C,H,NZ_CP110389.1_1240,24.0
RS_GCF_031626875.1,NZ_JANDMF010000031.1_52_A,C,C,C,Q,H,C,H,NZ_JANDMF010000031.1_52,24.0
RS_GCF_049305995.1,NZ_JBAQPS010000278.1_4_A,C,C,C,Q,H,C,H,NZ_JBAQPS010000278.1_4,24.0
RS_GCF_900094795.1,NZ_FMBC01000012.1_39_A,C,C,C,Q,H,C,H,NZ_FMBC01000012.1_39,24.0
RS_GCF_902143375.2,NZ_CABFVA020000117.1_4_A,C,C,C,Q,H,C,H,NZ_CABFVA020000117.1_4,24.0
RS_GCF_963920835.1,NZ_CAWUDP010000001.1_160_A,C,C,C,Q,H,C,H,NZ_CAWUDP010000001.1_160,24.0
GB_GCA_023228295.1,JALOBP010000043.1_15_A,C,C,C,Q,H,C,H,JALOBP010000043.1_15,24.0
RS_GCF_000092305.1,NC_014122.1_32_A,C,C,C,Q,H,C,F,NC_014122.1_32,22.0
GB_GCA_002395085.1,DGVV01000170.1_16_A,C,C,C,W,F,C,G,DGVV01000170.1_16,19.0
GB_GCA_002868925.1,PKTZ01000161.1_20_A,C,C,C,Q,H,C,H,PKTZ01000161.1_20,24.0
GB_GCA_003164035.1,PLRS01000073.1_93_A,C,C,C,Q,H,C,H,PLRS01000073.1_93,24.0
GB_GCA_003562815.1,PWTO01000197.1_15_A,C,C,C,Q,H,C,H,PWTO01000197.1_15,24.0
GB_GCA_007695355.1,REDX01000195.1_8_A,C,C,C,Q,H,C,H,REDX01000195.1_8,24.0
GB_GCA_010692645.1,JAAHGS010000011.1_6_A,C,C,C,Q,H,C,H,JAAHGS010000011.1_6,24.0
GB_GCA_012518815.1,JAAYRK010000073.1_20_A,C,C,C,W,F,C,G,JAAYRK010000073.1_20,19.0
GB_GCA_015231925.1,JADGAQ010000149.1_4_A,C,C,C,Q,H,C,H,JADGAQ010000149.1_4,24.0
GB_GCA_016215155.1,JACRLQ010000084.1_24_A,C,C,C,Q,H,C,H,JACRLQ010000084.1_24,24.0
GB_GCA_023439185.1,JAEXOR010000055.1_94_A,C,C,C,Q,H,C,H,JAEXOR010000055.1_94,24.0
GB_GCA_028696185.1,JAQVHL010000042.1_21_A,C,C,C,Q,H,C,H,JAQVHL010000042.1_21,24.0
GB_GCA_030262795.1,JAJSZO010000038.1_11_A,C,C,C,Q,H,C,H,JAJSZO010000038.1_11,24.0
GB_GCA_031262245.1,JAISIJ010000083.1_17_A,C,C,C,Q,H,C,H,JAISIJ010000083.1_17,24.0
GB_GCA_031276135.1,JAISNR010000192.1_3_A,C,C,C,W,F,C,E,JAISNR010000192.1_3,19.0
GB_GCA_031282535.1,JAITDM010000187.1_11_A,C,C,C,Q,H,C,H,JAITDM010000187.1_11,24.0
GB_GCA_031390685.1,JANMTN010000165.1_13_A,C,C,C,Q,H,C,H,JANMTN010000165.1_13,24.0
GB_GCA_035560815.1,DATMYR010000045.1_50_A,C,C,C,Q,H,C,H,DATMYR010000045.1_50,24.0
GB_GCA_040757175.1,JBFLXM010000020.1_19_A,C,C,C,Q,H,C,H,JBFLXM010000020.1_19,24.0
GB_GCA_047174185.1,JBCQUH010000005.1_55_A,C,C,C,Q,H,C,H,JBCQUH010000005.1_55,24.0
GB_GCA_943370595.1,CALRRO020000003.1_180_A,C,C,C,Q,H,C,H,CALRRO020000003.1_180,24.0
GB_GCA_963678475.2,CAXXGX010000026.1_27_A,C,C,C,Q,H,C,H,CAXXGX010000026.1_27,24.0
GB_GCA_964405715.1,CAYOOW010000019.1_16_A,C,C,C,C,F,C,L,CAYOOW010000019.1_16,19.0
GB_GCA_964432205.1,CAYSMK010000012.1_46_A,C,C,C,Q,H,C,H,CAYSMK010000012.1_46,24.0
GB_GCA_964486425.1,CAZANF010000083.1_7_A,C,C,C,Q,H,C,H,CAZANF010000083.1_7,24.0
GB_GCA_965140405.1,OZ223208.1_2564_A,C,C,C,Q,H,C,H,OZ223208.1_2564,24.0
RS_GCF_000010645.1,NC_011565.1_640_A,C,C,C,Q,H,C,H,NC_011565.1_640,24.0
RS_GCF_000166775.1,NC_014720.1_2123_A,C,C,C,Q,H,C,F,NC_014720.1_2123,22.0
RS_GCF_000725345.1,NZ_CP008852.1_36_A,C,C,C,Q,H,C,H,NZ_CP008852.1_36,24.0
RS_GCF_002531755.2,NZ_CP034999.1_32_A,C,C,C,Q,H,C,H,NZ_CP034999.1_32,24.0
RS_GCF_003333315.1,NZ_PSYR01000002.1_1292_A,C,C,C,Q,H,C,H,NZ_PSYR01000002.1_1292,24.0
RS_GCF_004343155.1,NZ_SMDC01000010.1_101_A,C,C,C,Q,H,C,H,NZ_SMDC01000010.1_101,24.0
RS_GCF_012276985.1,NZ_JAAXMM010000001.1_53_A,C,C,C,Q,H,C,H,NZ_JAAXMM010000001.1_53,24.0
RS_GCF_016925495.1,NZ_CP070492.1_21_A,C,C,C,Q,H,C,H,NZ_CP070492.1_21,24.0
RS_GCF_020216885.1,NZ_JAIWON010000062.1_2_A,C,C,C,Q,H,C,H,NZ_JAIWON010000062.1_2,24.0
RS_GCF_024580155.1,NZ_JANINH010000001.1_122_A,C,C,C,Q,H,C,H,NZ_JANINH010000001.1_122,24.0
RS_GCF_030651835.1,NZ_JAUSBX010000152.1_8_A,C,C,C,Q,H,C,H,NZ_JAUSBX010000152.1_8,24.0
RS_GCF_035628975.1,NZ_DASPIS010000072.1_55_A,C,C,C,Q,H,C,H,NZ_DASPIS010000072.1_55,24.0
RS_GCF_045310795.1,NZ_JBJIAB010000028.1_21_A,C,C,C,Q,H,C,H,NZ_JBJIAB010000028.1_21,24.0
RS_GCF_050908845.1,NZ_CP194171.1_1762_A,C,C,C,Q,H,C,H,NZ_CP194171.1_1762,24.0
GB_GCA_028708055.1,JAQVZT010000001.1_35_A,C,C,C,Q,H,C,H,JAQVZT010000001.1_35,24.0
GB_GCA_050108095.1,JBNIDO010000092.1_4_A,C,C,C,Q,H,C,H,JBNIDO010000092.1_4,24.0
GB_GCA_964454995.1,CAYVTY010000002.1_81_A,C,C,C,Q,H,C,H,CAYVTY010000002.1_81,24.0
RS_GCF_000092305.1,NC_014122.1_37_A,C,C,C,Q,H,C,H,NC_014122.1_37,24.0
GB_GCA_001184205.1,LBMP01000004.1_393_A,C,C,C,Q,H,C,H,LBMP01000004.1_393,24.0
GB_GCA_001802655.1,MGZO01000020.1_17_A,C,C,C,Q,H,C,H,MGZO01000020.1_17,24.0
GB_GCA_007827375.1,VISH01000002.1_1691_A,C,C,C,Q,H,C,H,VISH01000002.1_1691,24.0
GB_GCA_021781835.1,JAJXWD010000007.1_98_A,C,C,C,Q,H,C,H,JAJXWD010000007.1_98,24.0
GB_GCA_021811105.1,JAJZPM010000002.1_126_A,C,C,C,Q,H,C,H,JAJZPM010000002.1_126,24.0
GB_GCA_023229945.1,JALNYH010000006.1_100_A,C,C,C,Q,H,C,H,JALNYH010000006.1_100,24.0
GB_GCA_023392075.1,JAEVZU010000326.1_13_A,C,C,C,Q,H,C,H,JAEVZU010000326.1_13,24.0
GB_GCA_025454395.1,JALOOM010000031.1_22_A,C,C,C,Q,H,C,H,JALOOM010000031.1_22,24.0
GB_GCA_030673825.1,JAUTCS010000115.1_11_A,C,C,C,Q,H,C,H,JAUTCS010000115.1_11,24.0
GB_GCA_031082285.1,JAVHLK010000022.1_15_A,C,C,C,Q,H,C,H,JAVHLK010000022.1_15,24.0
GB_GCA_034376265.1,JAXMJU010000239.1_11_A,C,C,C,Q,H,C,H,JAXMJU010000239.1_11,24.0
GB_GCA_037132835.1,JBAHZW010000064.1_13_A,C,C,C,Q,H,C,H,JBAHZW010000064.1_13,24.0
GB_GCA_041582935.1,JBFHGU010000049.1_9_A,C,C,C,Q,H,C,H,JBFHGU010000049.1_9,24.0
GB_GCA_041675485.1,JBAYTT010000006.1_42_A,C,C,C,Q,H,C,H,JBAYTT010000006.1_42,24.0
GB_GCA_041918795.1,JAYRUZ010000046.1_2_A,C,C,C,Q,H,C,H,JAYRUZ010000046.1_2,24.0
GB_GCA_049283795.1,JBAPWQ010000292.1_14_A,C,C,C,Q,H,C,H,JBAPWQ010000292.1_14,24.0
GB_GCA_903930345.1,CAIYYI010000652.1_8_A,C,C,C,Q,H,C,H,CAIYYI010000652.1_8,24.0
GB_GCA_937958075.1,CALFFB010000219.1_22_A,C,C,C,Q,H,C,H,CALFFB010000219.1_22,24.0
GB_GCA_963667375.1,OY763323.1_1313_A,C,C,C,Q,H,C,H,OY763323.1_1313,24.0
GB_GCA_963804605.1,CAWDRB010000019.1_62_A,C,C,C,Q,H,C,H,CAWDRB010000019.1_62,24.0
GB_GCA_964547135.1,CAZJMK010000017.1_12_A,C,C,C,Q,H,C,H,CAZJMK010000017.1_12,24.0
RS_GCF_000166775.1,NC_014720.1_2125_A,C,C,C,Q,H,C,H,NC_014720.1_2125,24.0
RS_GCF_000419765.1,NZ_ATTQ01000044.1_14_A,C,C,C,Q,H,C,H,NZ_ATTQ01000044.1_14,24.0
RS_GCF_000527135.1,NZ_AZUP01000001.1_3308_A,C,C,C,Q,H,C,H,NZ_AZUP01000001.1_3308,24.0
RS_GCF_001295845.1,NZ_LJIC01000031.1_9_A,C,C,C,Q,H,C,H,NZ_LJIC01000031.1_9,24.0
RS_GCF_001563225.1,NZ_CP014206.1_1522_A,C,C,C,Q,H,C,H,NZ_CP014206.1_1522,24.0
RS_GCF_001708965.1,NZ_LVJW01000003.1_1567_A,C,C,C,Q,H,C,H,NZ_LVJW01000003.1_1567,24.0
RS_GCF_001941975.2,NZ_CP146991.1_4032_A,C,C,C,Q,H,C,H,NZ_CP146991.1_4032,24.0
RS_GCF_002934365.1,NZ_PTIY01000019.1_19_A,C,C,C,Q,H,C,H,NZ_PTIY01000019.1_19,24.0
RS_GCF_003336225.1,NZ_QPID01000001.1_116_A,C,C,C,Q,H,C,H,NZ_QPID01000001.1_116,24.0
RS_GCF_003855495.1,NZ_CP034086.1_3340_A,C,C,C,Q,H,C,H,NZ_CP034086.1_3340,24.0
RS_GCF_004114915.1,NZ_CP022220.1_686_A,C,C,C,Q,H,C,H,NZ_CP022220.1_686,24.0
RS_GCF_007904085.1,NZ_CP042326.1_424_A,C,C,C,Q,H,C,H,NZ_CP042326.1_424,24.0
RS_GCF_009601025.1,NZ_WIVE01000064.1_5_A,C,C,C,Q,H,C,H,NZ_WIVE01000064.1_5,24.0
RS_GCF_013366925.1,NZ_JAALDK010000003.1_740_A,C,C,C,Q,H,C,H,NZ_JAALDK010000003.1_740,24.0
RS_GCF_019063845.1,NZ_CP077683.1_1162_A,C,C,C,Q,H,C,H,NZ_CP077683.1_1162,24.0
RS_GCF_022410535.1,NZ_JAKNBL010000052.1_16_A,C,C,C,Q,H,C,H,NZ_JAKNBL010000052.1_16,24.0
RS_GCF_023229695.1,NZ_JALNYS010000003.1_18_A,C,C,C,Q,H,C,H,NZ_JALNYS010000003.1_18,24.0
RS_GCF_029919255.1,NZ_CP123991.1_1548_A,C,C,C,Q,H,C,H,NZ_CP123991.1_1548,24.0
RS_GCF_034427435.1,NZ_JAXQNP010000004.1_107_A,C,C,C,Q,H,C,H,NZ_JAXQNP010000004.1_107,24.0
RS_GCF_042682145.1,NZ_JBHUGZ010000012.1_453_A,C,C,C,Q,H,C,H,NZ_JBHUGZ010000012.1_453,24.0
RS_GCF_047308185.1,NZ_JAHXPU010000043.1_24_A,C,C,C,Q,H,C,H,NZ_JAHXPU010000043.1_24,24.0
RS_GCF_900094925.1,NZ_FMAY01000009.1_169_A,C,C,C,Q,H,C,H,NZ_FMAY01000009.1_169,24.0
RS_GCF_900129195.1,NZ_FQUY01000008.1_80_A,C,C,C,Q,H,C,H,NZ_FQUY01000008.1_80,24.0
RS_GCF_945957265.1,NZ_CAMFKO010000015.1_58_A,C,C,C,Q,H,C,H,NZ_CAMFKO010000015.1_58,24.0
GB_GCA_035319305.1,DATHCY010000052.1_6_A,C,C,C,Q,H,C,H,DATHCY010000052.1_6,24.0
RS_GCF_000145295.1,NC_014408.1_146_A,C,C,C,Q,H,C,H,NC_014408.1_146,24.0
RS_GCF_035543475.1,NZ_DATKKA010000022.1_8_A,C,C,C,Q,H,C,H,NZ_DATKKA010000022.1_8,24.0
GB_GCA_000155695.1,DS990592.1_4257_A,C,C,C,Q,H,C,H,DS990592.1_4257,24.0
GB_GCA_002868945.1,PKTX01000037.1_30_A,C,C,C,Q,H,C,H,PKTX01000037.1_30,24.0
GB_GCA_017880865.1,JADGRL010000026.1_44_A,C,C,C,Q,H,C,H,JADGRL010000026.1_44,24.0
GB_GCA_018262235.1,JAGTRY010000011.1_46_A,C,C,C,Q,H,C,H,JAGTRY010000011.1_46,24.0
GB_GCA_018830485.1,JAHJRQ010000015.1_14_A,C,C,C,Q,H,C,H,JAHJRQ010000015.1_14,24.0
GB_GCA_020425485.1,JAGQRL010000254.1_15_A,C,C,C,Q,H,C,H,JAGQRL010000254.1_15,24.0
GB_GCA_021811225.1,JAJZPJ010000016.1_24_A,C,C,C,Q,H,C,H,JAJZPJ010000016.1_24,24.0
GB_GCA_023402845.1,JAEYFP010000045.1_202_A,C,C,C,Q,H,C,H,JAEYFP010000045.1_202,24.0
GB_GCA_023426275.1,JAFABC010000259.1_7_A,C,C,C,Q,H,C,H,JAFABC010000259.1_7,24.0
GB_GCA_023660105.1,JAMHGA010000038.1_204_A,C,C,C,Q,H,C,H,JAMHGA010000038.1_204,24.0
GB_GCA_030673845.1,JAUTCQ010000012.1_27_A,C,C,C,Q,H,C,H,JAUTCQ010000012.1_27,24.0
GB_GCA_031282635.1,JAITDJ010000042.1_18_A,C,C,C,W,F,C,F,JAITDJ010000042.1_18,19.0
GB_GCA_031396105.1,JANNKC010000149.1_11_A,C,C,C,Q,H,C,H,JANNKC010000149.1_11,24.0
GB_GCA_031975295.1,DALYNO010000052.1_8_A,C,C,C,Q,H,C,H,DALYNO010000052.1_8,24.0
GB_GCA_035560855.1,DATMYT010000102.1_5_A,C,C,C,Q,H,C,H,DATMYT010000102.1_5,24.0
GB_GCA_036625225.1,JAZKUF010000003.1_224_A,C,C,C,Q,H,C,H,JAZKUF010000003.1_224,24.0
GB_GCA_038318485.1,JBBQCH010000105.1_11_A,C,C,C,Q,H,C,H,JBBQCH010000105.1_11,24.0
GB_GCA_040757205.1,JBFLXL010000004.1_188_A,C,C,C,Q,H,C,V,JBFLXL010000004.1_188,22.0
GB_GCA_047174275.1,JBCQUC010000004.1_16_A,C,C,C,Q,H,C,H,JBCQUC010000004.1_16,24.0
GB_GCA_050253415.1,JBFWJC010000003.1_53_A,C,C,C,Q,H,C,H,JBFWJC010000003.1_53,24.0
GB_GCA_050299175.1,JBNKVM010000074.1_76_A,C,C,C,Q,H,C,H,JBNKVM010000074.1_76,24.0
GB_GCA_903930585.1,CAIYZD010000086.1_25_A,C,C,C,Q,H,C,H,CAIYZD010000086.1_25,24.0
GB_GCA_963663605.2,CAXXVF010000002.1_1633_A,C,C,C,Q,H,C,H,CAXXVF010000002.1_1633,24.0
GB_GCA_963676775.2,CAXXDA010000010.1_83_A,C,C,C,Q,H,C,H,CAXXDA010000010.1_83,24.0
GB_GCA_963678525.2,CAXXDG010000001.1_235_A,C,C,C,Q,H,C,H,CAXXDG010000001.1_235,24.0
RS_GCF_000167355.1,NZ_AAEW02000007.1_88_A,C,C,C,Q,H,C,H,NZ_AAEW02000007.1_88,24.0
RS_GCF_000293785.1,NZ_AKZI01000179.1_2_A,C,C,C,Q,H,C,H,NZ_AKZI01000179.1_2,24.0
RS_GCF_002531755.2,NZ_CP034999.1_525_A,C,C,C,Q,H,C,H,NZ_CP034999.1_525,24.0
RS_GCF_004343505.1,NZ_SLXU01000004.1_159_A,C,C,C,Q,H,C,H,NZ_SLXU01000004.1_159,24.0
RS_GCF_012290005.1,NZ_JAAXMS010000004.1_272_A,C,C,C,Q,H,C,H,NZ_JAAXMS010000004.1_272,24.0
RS_GCF_016458305.1,NZ_JAEMHL010000003.1_486_A,C,C,C,Q,H,C,H,NZ_JAEMHL010000003.1_486,24.0
RS_GCF_029946005.1,NZ_JAQSDR010000033.1_70_A,C,C,C,Q,H,C,H,NZ_JAQSDR010000033.1_70,24.0
RS_GCF_041909095.1,NZ_JAYREB010000005.1_143_A,C,C,C,Q,H,C,H,NZ_JAYREB010000005.1_143,24.0
RS_GCF_042682685.1,NZ_JBHUHX010000001.1_88_A,C,C,C,Q,H,C,H,NZ_JBHUHX010000001.1_88,24.0
RS_GCF_047323245.1,NZ_CP178826.1_3534_A,C,C,C,Q,H,C,H,NZ_CP178826.1_3534,24.0
RS_GCF_049316945.1,NZ_JBMOJE010000045.1_26_A,C,C,C,Q,H,C,H,NZ_JBMOJE010000045.1_26,24.0
RS_GCF_050916235.1,NZ_CP104854.1_1316_A,C,C,C,Q,H,C,H,NZ_CP104854.1_1316,24.0
GB_GCA_001714685.2,MDTP02000079.1_23_A,C,C,C,Q,H,C,H,MDTP02000079.1_23,24.0
RS_GCF_003351865.1,NZ_CP022242.1_320_A,C,C,C,Q,H,C,H,NZ_CP022242.1_320,24.0
GB_GCA_003164335.1,PLTF01000063.1_37_A,C,C,C,Q,H,C,H,PLTF01000063.1_37,24.0
GB_GCA_004346725.1,SMDE01000005.1_46_A,C,C,C,Q,H,C,H,SMDE01000005.1_46,24.0
GB_GCA_013334525.1,JAAXXK010000002.1_59_A,C,C,C,Q,H,C,H,JAAXXK010000002.1_59,24.0
GB_GCA_015709205.1,JACCQO010000001.1_40_A,C,C,C,Q,H,C,H,JACCQO010000001.1_40,24.0
GB_GCA_016215555.1,JACRJC010000029.1_29_A,C,C,C,Q,H,C,H,JACRJC010000029.1_29,24.0
GB_GCA_030262895.1,JAJSZW010000038.1_11_A,C,C,C,Q,H,C,H,JAJSZW010000038.1_11,24.0
GB_GCA_031270725.1,JAISWS010000003.1_15_A,C,C,C,Q,H,C,H,JAISWS010000003.1_15,24.0
GB_GCA_034382075.1,JAXMOZ010000012.1_19_A,C,C,C,Q,H,C,H,JAXMOZ010000012.1_19,24.0
GB_GCA_036172385.1,JAXKWB010000025.1_15_A,C,C,C,Q,H,C,H,JAXKWB010000025.1_15,24.0
GB_GCA_040757205.1,JBFLXL010000004.1_190_A,C,C,C,Q,H,C,H,JBFLXL010000004.1_190,24.0
GB_GCA_041582995.1,JBFHGS010000063.1_3_A,C,C,C,Q,H,C,H,JBFHGS010000063.1_3,24.0
GB_GCA_047174325.1,JBCQUE010000011.1_23_A,C,C,C,Q,H,C,H,JBCQUE010000011.1_23,24.0
GB_GCA_051175575.1,CP195092.1_2734_A,C,C,C,Q,H,C,H,CP195092.1_2734,24.0
GB_GCA_946186125.1,CAMHLZ010000019.1_20_A,C,C,C,W,F,C,-,CAMHLZ010000019.1_20,18.0
GB_GCA_963667435.1,OY763414.1_3009_A,C,C,C,Q,H,C,H,OY763414.1_3009,24.0
GB_GCA_964547345.1,CAZJMX010000031.1_25_A,C,C,C,Q,H,C,H,CAZJMX010000031.1_25,24.0
GB_GCA_965140475.1,OZ223245.1_202_A,C,C,C,Q,H,C,H,OZ223245.1_202,24.0
RS_GCF_000010665.1,NC_012796.1_1983_A,C,C,C,Q,H,C,H,NC_012796.1_1983,24.0
RS_GCF_000168715.1,NZ_AASE01000001.1_47_A,C,C,C,Q,H,C,H,NZ_AASE01000001.1_47,24.0
RS_GCF_000224515.1,NZ_AGAF01000125.1_9_A,C,C,C,Q,H,C,H,NZ_AGAF01000125.1_9,24.0
RS_GCF_000344805.1,NC_020453.1_2238_A,C,C,C,Q,H,C,H,NC_020453.1_2238,24.0
RS_GCF_000731315.1,NZ_HG938354.1_1040_A,C,C,C,Q,H,C,H,NZ_HG938354.1_1040,24.0
RS_GCF_002531755.2,NZ_CP034999.1_618_A,C,C,C,Q,H,C,H,NZ_CP034999.1_618,24.0
RS_GCF_009928485.1,NZ_JAABNP010000002.1_173_A,C,C,C,Q,H,C,H,NZ_JAABNP010000002.1_173,24.0
RS_GCF_016937535.1,NZ_JAFHKK010000037.1_8_A,C,C,C,Q,H,C,H,NZ_JAFHKK010000037.1_8,24.0
RS_GCF_026127265.1,NZ_WWFG01000001.1_287_A,C,C,C,Q,H,C,H,NZ_WWFG01000001.1_287,24.0
RS_GCF_030652515.1,NZ_JAUSAR010000116.1_119_A,C,C,C,Q,H,C,H,NZ_JAUSAR010000116.1_119,24.0
RS_GCF_036917755.1,NZ_JBALFC010000057.1_72_A,C,C,C,Q,H,C,H,NZ_JBALFC010000057.1_72,24.0
RS_GCF_900095725.1,NZ_FMMP01000015.1_257_A,C,C,C,Q,H,C,H,NZ_FMMP01000015.1_257,24.0
RS_GCF_900109885.1,NZ_FOBS01000018.1_20_A,C,C,C,Q,H,C,H,NZ_FOBS01000018.1_20,24.0
RS_GCF_900129305.1,NZ_FQVB01000048.1_9_A,C,C,C,Q,H,C,H,NZ_FQVB01000048.1_9,24.0
GB_GCA_028717345.1,JAQUNZ010000003.1_68_A,C,C,C,Q,H,C,H,JAQUNZ010000003.1_68,24.0
GB_GCA_000179315.1,ADZZ01000138.1_18_A,C,C,C,Q,H,C,H,ADZZ01000138.1_18,24.0
GB_GCA_001803635.1,MHDU01000080.1_34_A,C,C,C,Q,H,C,H,MHDU01000080.1_34,24.0
GB_GCA_004347685.1,SLTJ01000006.1_18_A,C,C,C,Q,H,C,H,SLTJ01000006.1_18,24.0
GB_GCA_008080565.1,VIKE01000064.1_6_A,-,-,C,Q,H,C,H,VIKE01000064.1_6,16.0
GB_GCA_015232335.1,JADFZV010000004.1_56_A,C,C,C,Q,H,C,H,JADFZV010000004.1_56,24.0
GB_GCA_017519155.1,JAFWSY010000008.1_4_A,C,C,C,W,F,C,-,JAFWSY010000008.1_4,18.0
GB_GCA_021782105.1,JAJXVO010000114.1_9_A,C,C,C,Q,H,C,H,JAJXVO010000114.1_9,24.0
GB_GCA_021851875.1,JAJZQI010000031.1_4_A,C,C,C,Q,H,C,H,JAJZQI010000031.1_4,24.0
GB_GCA_023230455.1,JALNXH010000001.1_14_A,C,C,C,Q,H,C,H,JALNXH010000001.1_14,24.0
GB_GCA_023392535.1,JAEVYY010000014.1_155_A,C,C,C,Q,H,C,H,JAEVYY010000014.1_155,24.0
GB_GCA_028282295.1,JANQIE010000146.1_5_A,C,C,C,Q,H,C,H,JANQIE010000146.1_5,24.0
GB_GCA_028697885.1,JAQVER010000008.1_6_A,C,C,C,Q,H,C,H,JAQVER010000008.1_6,24.0
GB_GCA_031263105.1,JAISGJ010000033.1_3_A,C,C,C,W,F,C,G,JAISGJ010000033.1_3,19.0
GB_GCA_037132845.1,JBAHZV010000030.1_7_A,C,C,C,Q,H,C,H,JBAHZV010000030.1_7,24.0
GB_GCA_039804805.1,JBDLVO010000412.1_7_A,C,C,C,Q,H,C,H,JBDLVO010000412.1_7,24.0
GB_GCA_044224175.1,JBGAKY010000027.1_47_A,C,C,C,Q,H,C,H,JBGAKY010000027.1_47,24.0
GB_GCA_049513095.1,JBEKWL010000018.1_5_A,C,C,C,Q,H,C,H,JBEKWL010000018.1_5,24.0
GB_GCA_050300215.1,JBNKXG010000016.1_35_A,C,C,C,Q,H,C,H,JBNKXG010000016.1_35,24.0
GB_GCA_963676795.2,CAXXTB010000001.1_1030_A,C,C,C,Q,H,C,H,CAXXTB010000001.1_1030,24.0
GB_GCA_963678565.1,OY782875.1_3153_A,C,C,C,Q,H,C,H,OY782875.1_3153,24.0
GB_GCA_963804965.1,CAWDST010000009.1_222_A,C,C,C,Q,H,C,-,CAWDST010000009.1_222,21.0
GB_GCA_963831265.1,CAWHPQ010000027.1_183_A,C,C,C,Q,H,C,H,CAWHPQ010000027.1_183,24.0
GB_GCA_964433455.1,CAYSSF010000088.1_13_A,C,C,C,Q,H,C,H,CAYSSF010000088.1_13,24.0
GB_GCA_965140555.1,OZ223259.1_3109_A,C,C,C,Q,H,C,H,OZ223259.1_3109,24.0
RS_GCF_000020525.1,NC_011026.1_1061_A,C,C,C,Q,H,C,H,NC_011026.1_1061,24.0
RS_GCF_000420085.1,NZ_ATUG01000002.1_1625_A,C,C,C,Q,H,C,H,NZ_ATUG01000002.1_1625,24.0
RS_GCF_002934455.1,NZ_PTIR01000032.1_45_A,C,C,C,Q,H,C,H,NZ_PTIR01000032.1_45,24.0
RS_GCF_003115845.1,NZ_KZ819023.1_384_A,C,C,C,Q,H,C,H,NZ_KZ819023.1_384,24.0
RS_GCF_003336805.1,NZ_QFWJ01000009.1_90_A,C,C,C,Q,H,C,H,NZ_QFWJ01000009.1_90,24.0
RS_GCF_003856525.1,NZ_RJVQ01000007.1_46_A,C,C,C,Q,H,C,H,NZ_RJVQ01000007.1_46,24.0
RS_GCF_004114935.1,NZ_CP022221.1_1998_A,C,C,C,Q,H,C,H,NZ_CP022221.1_1998,24.0
RS_GCF_004343725.1,NZ_PTQW01000022.1_89_A,C,C,C,Q,H,C,H,NZ_PTQW01000022.1_89,24.0
RS_GCF_005862305.2,NZ_CP054024.1_149_A,C,C,C,Q,H,C,H,NZ_CP054024.1_149,24.0
RS_GCF_009617575.1,NZ_WIXJ01000007.1_78_A,C,C,C,Q,H,C,H,NZ_WIXJ01000007.1_78,24.0
RS_GCF_014202345.1,NZ_JACHGO010000003.1_23_A,C,C,C,Q,H,C,H,NZ_JACHGO010000003.1_23,24.0
RS_GCF_014697025.1,NZ_JACJRC010000011.1_88_A,C,C,C,Q,H,C,H,NZ_JACJRC010000011.1_88,24.0
RS_GCF_018417475.1,NZ_CP054856.1_1713_A,C,C,C,Q,H,C,H,NZ_CP054856.1_1713,24.0
RS_GCF_021209385.1,NZ_JAJOIL010000001.1_140_A,C,C,C,Q,H,C,H,NZ_JAJOIL010000001.1_140,24.0
RS_GCF_022427145.1,NZ_JAKSXN010000001.1_164_A,C,C,C,Q,H,C,H,NZ_JAKSXN010000001.1_164,24.0
RS_GCF_023229925.1,NZ_JALNYM010000001.1_436_A,C,C,C,Q,H,C,H,NZ_JALNYM010000001.1_436,24.0
RS_GCF_024585265.1,NZ_CP036533.1_6557_A,C,C,C,Q,H,C,H,NZ_CP036533.1_6557,24.0
RS_GCF_028681615.1,NZ_JAQUHV010000006.1_3_A,C,C,C,Q,H,C,H,NZ_JAQUHV010000006.1_3,24.0
RS_GCF_038235435.1,NZ_CP151275.1_2447_A,C,C,C,Q,H,C,H,NZ_CP151275.1_2447,24.0
RS_GCF_041909175.1,NZ_JAYRDZ010000003.1_212_A,C,C,C,Q,H,C,H,NZ_JAYRDZ010000003.1_212,24.0
GB_GCA_023249105.1,JAHFDG010000038.1_3_A,C,C,C,Q,H,C,H,JAHFDG010000038.1_3,24.0
GB_GCA_050108115.1,JBNIDP010000001.1_1221_A,C,C,C,Q,H,C,H,JBNIDP010000001.1_1221,24.0
RS_GCF_003491305.1,NZ_CP022706.1_1285_A,C,C,C,Q,H,C,H,NZ_CP022706.1_1285,24.0
RS_GCF_035560735.1,NZ_DATMYY010000063.1_4_A,C,C,C,Q,H,C,H,NZ_DATMYY010000063.1_4,24.0
GB_GCA_002304345.1,NEUU01000012.1_16_A,C,C,C,Q,H,C,H,NEUU01000012.1_16,24.0
GB_GCA_010912705.1,POWB01000011.1_72_A,C,C,C,Q,H,C,H,POWB01000011.1_72,24.0
GB_GCA_012519695.1,JAAYPT010000046.1_7_A,C,C,C,W,F,C,-,JAAYPT010000046.1_7,18.0
GB_GCA_014237395.1,JABZFP010000007.1_200_A,C,C,C,Q,H,C,H,JABZFP010000007.1_200,24.0
GB_GCA_018831045.1,JAHJRA010000031.1_75_A,C,C,C,Q,H,C,H,JAHJRA010000031.1_75,24.0
GB_GCA_021782135.1,JAJXVM010000245.1_3_A,C,C,C,Q,H,C,H,JAJXVM010000245.1_3,24.0
GB_GCA_022072095.1,JAJVIJ010000006.1_27_A,C,C,C,Q,H,C,H,JAJVIJ010000006.1_27,24.0
GB_GCA_023426365.1,JAFAAW010000122.1_56_A,C,C,C,Q,H,C,H,JAFAAW010000122.1_56,24.0
GB_GCA_023439505.1,JAEXNR010000005.1_83_A,C,C,C,Q,H,C,H,JAEXNR010000005.1_83,24.0
GB_GCA_025454405.1,JALOON010000032.1_80_A,C,C,C,Q,H,C,H,JALOON010000032.1_80,24.0
GB_GCA_028698335.1,JAQVDP010000017.1_89_A,C,C,C,Q,H,C,H,JAQVDP010000017.1_89,24.0
GB_GCA_029974635.1,JARKQY010000046.1_33_A,C,C,C,Q,H,C,H,JARKQY010000046.1_33,24.0
GB_GCA_031276365.1,JAISNG010000002.1_20_A,C,C,C,Q,H,C,H,JAISNG010000002.1_20,24.0
GB_GCA_031282635.1,JAITDJ010000042.1_26_A,C,C,C,M,Y,C,-,JAITDJ010000042.1_26,18.0
GB_GCA_035298965.1,DATGXO010000080.1_9_A,C,C,C,Q,H,C,H,DATGXO010000080.1_9,24.0
GB_GCA_041583235.1,JBFHGG010000023.1_28_A,C,C,C,Q,H,C,H,JBFHGG010000023.1_28,24.0
GB_GCA_050253535.1,JBFWIW010000039.1_5_A,C,C,C,Q,H,C,H,JBFWIW010000039.1_5,24.0
GB_GCA_052148755.1,JBKQHN010000131.1_42_A,C,C,C,Q,H,C,H,JBKQHN010000131.1_42,24.0
GB_GCA_903866825.1,CAIPPE010000256.1_50_A,C,C,C,Q,H,C,H,CAIPPE010000256.1_50,24.0
GB_GCA_947167345.1,CAMVHR010000015.1_33_A,C,C,C,W,F,C,-,CAMVHR010000015.1_33,18.0
GB_GCA_963678595.2,CAXXWE010000001.1_752_A,C,C,C,Q,H,C,H,CAXXWE010000001.1_752,24.0
GB_GCA_963712895.1,CAVQJR010000021.1_76_A,C,C,C,Q,H,C,H,CAVQJR010000021.1_76,24.0
GB_GCA_963737265.1,CAVTRY010000012.1_238_A,C,C,C,Q,H,C,H,CAVTRY010000012.1_238,24.0
GB_GCA_963758145.1,CAVWUK010000008.1_478_A,C,C,C,Q,H,C,H,CAVWUK010000008.1_478,24.0
GB_GCA_963783845.1,CAWAPL010000015.1_20_A,-,C,C,Q,H,C,H,CAWAPL010000015.1_20,20.0
GB_GCA_963832405.1,CAWHUG010000015.1_232_A,C,C,C,Q,H,C,-,CAWHUG010000015.1_232,21.0
GB_GCA_964406045.1,CAYOQD010000050.1_13_A,C,C,C,Q,H,C,H,CAYOQD010000050.1_13,24.0
GB_GCA_964433645.1,CAYSSK010000039.1_9_A,C,C,C,Q,H,C,H,CAYSSK010000039.1_9,24.0
GB_GCA_964612345.1,CAZTEH010000087.1_11_A,C,C,C,Q,H,C,H,CAZTEH010000087.1_11,24.0
RS_GCF_000227725.2,NZ_MU255056.1_498_A,C,C,C,Q,H,C,H,NZ_MU255056.1_498,24.0
RS_GCF_000531125.1,NZ_CBTK010000250.1_34_A,C,C,C,Q,H,C,H,NZ_CBTK010000250.1_34,24.0
RS_GCF_000732725.1,NZ_JPNB01000001.1_543_A,C,C,C,W,F,C,-,NZ_JPNB01000001.1_543,18.0
RS_GCF_000816845.1,NZ_CP006879.1_259_A,C,C,C,Q,H,C,H,NZ_CP006879.1_259,24.0
RS_GCF_005869855.1,NZ_SZNH01000001.1_169_A,C,C,C,Q,H,C,-,NZ_SZNH01000001.1_169,21.0
RS_GCF_012317585.1,NZ_CP042909.1_817_A,C,C,C,Q,H,C,P,NZ_CP042909.1_817,22.0
RS_GCF_023238625.1,NZ_CP096670.1_1701_A,C,C,C,Q,H,C,H,NZ_CP096670.1_1701,24.0
RS_GCF_029946165.1,NZ_JAQSDZ010000026.1_29_A,C,C,C,Q,H,C,H,NZ_JAQSDZ010000026.1_29,24.0
RS_GCF_045571415.1,NZ_CP120691.1_7215_A,C,C,C,Q,H,C,H,NZ_CP120691.1_7215,24.0
RS_GCF_049330835.1,NZ_CP186262.1_1768_A,C,C,C,Q,H,C,H,NZ_CP186262.1_1768,24.0
RS_GCF_963920885.1,NZ_CAWUDG010000003.1_83_A,C,C,C,Q,H,C,H,NZ_CAWUDG010000003.1_83,24.0
GB_GCA_002067065.1,MVPY01000087.1_14_A,C,C,C,Q,H,C,H,MVPY01000087.1_14,24.0
GB_GCA_023249725.1,JAHFBZ010000001.1_4_A,C,C,C,Q,H,C,H,JAHFBZ010000001.1_4,24.0
GB_GCA_035319465.1,DATHCQ010000375.1_5_A,C,C,C,Q,H,C,H,DATHCQ010000375.1_5,24.0
RS_GCF_000147875.1,NC_014507.1_260_A,C,C,C,Q,H,C,H,NC_014507.1_260,24.0
GB_GCA_003564775.1,PXEI01000352.1_6_A,C,C,C,Q,H,C,H,PXEI01000352.1_6,24.0
GB_GCA_004347685.1,SLTJ01000006.1_20_A,C,C,C,Q,H,C,-,SLTJ01000006.1_20,21.0
GB_GCA_012519845.1,JAAYPK010000100.1_12_A,C,C,C,W,F,C,-,JAAYPK010000100.1_12,18.0
GB_GCA_015232405.1,JADFZS010000089.1_9_A,C,C,C,Q,H,C,H,JADFZS010000089.1_9,24.0
GB_GCA_016795425.1,JAEUHG010000004.1_20_A,C,C,C,Q,H,C,H,JAEUHG010000004.1_20,24.0
GB_GCA_017881725.1,JADGQO010000200.1_22_A,C,C,C,Q,H,C,H,JADGQO010000200.1_22,24.0
GB_GCA_025454425.1,JALOOL010000022.1_15_A,C,C,C,Q,H,C,H,JALOOL010000022.1_15,24.0
GB_GCA_028282325.1,JANQID010000067.1_21_A,C,C,C,Q,H,C,H,JANQID010000067.1_21,24.0
GB_GCA_030263805.2,CP136010.1_1279_A,C,C,C,Q,H,C,H,CP136010.1_1279,24.0
GB_GCA_031119555.1,JAVHXQ010000047.1_19_A,C,C,C,Q,H,C,H,JAVHXQ010000047.1_19,24.0
GB_GCA_031976315.1,DALYLM010000107.1_18_A,C,C,C,Q,H,C,H,DALYLM010000107.1_18,24.0
GB_GCA_036244935.1,BTTC01000142.1_3_A,C,C,C,Q,H,C,H,BTTC01000142.1_3,24.0
GB_GCA_041675545.1,JBAYTS010000046.1_11_A,C,C,C,Q,H,C,H,JBAYTS010000046.1_11,24.0
GB_GCA_041937185.1,CP166621.1_1851_A,C,C,C,Q,H,C,H,CP166621.1_1851,24.0
GB_GCA_047174605.1,JBCQTX010000040.1_13_A,C,C,C,Q,H,C,H,JBCQTX010000040.1_13,24.0
GB_GCA_049284695.1,JBAPYK010000007.1_13_A,C,C,C,Q,H,C,H,JBAPYK010000007.1_13,24.0
GB_GCA_050300815.1,JBNKYI010000123.1_5_A,C,C,C,Q,H,C,H,JBNKYI010000123.1_5,24.0
GB_GCA_051209135.1,JBPJGA010000004.1_195_A,C,C,C,Q,H,C,H,JBPJGA010000004.1_195,24.0
GB_GCA_903832735.1,CAILCO010000073.1_50_A,C,C,C,Q,H,C,H,CAILCO010000073.1_50,24.0
GB_GCA_903867225.1,CAIPQN010000082.1_33_A,C,C,C,Q,H,C,H,CAIPQN010000082.1_33,24.0
GB_GCA_911810475.1,OU461276.1_2721_A,C,C,C,Q,H,C,H,OU461276.1_2721,24.0
GB_GCA_963713085.1,CAVQKQ010000026.1_19_A,C,C,C,Q,H,C,H,CAVQKQ010000026.1_19,24.0
GB_GCA_964369335.1,CAYJFR010000045.1_7_A,C,C,C,Q,H,C,H,CAYJFR010000045.1_7,24.0
GB_GCA_964487445.1,CAZAQG010000067.1_7_A,C,C,C,Q,H,C,H,CAZAQG010000067.1_7,24.0
GB_GCA_964521835.1,CAZFTY010000056.1_7_A,C,C,C,Q,H,C,H,CAZFTY010000056.1_7,24.0
GB_GCA_964581005.1,CAZONZ010000008.1_19_A,C,C,C,Q,H,C,H,CAZONZ010000008.1_19,24.0
RS_GCF_000010725.1,NC_013854.1_811_A,C,C,C,Q,H,C,H,NC_013854.1_811,24.0
RS_GCF_000420465.1,NZ_ATUZ01000015.1_109_A,C,C,C,Q,H,C,H,NZ_ATUZ01000015.1_109,24.0
RS_GCF_002531825.1,NZ_NWSX01000069.1_16_A,C,C,C,Q,H,C,H,NZ_NWSX01000069.1_16,24.0
RS_GCF_003337355.1,NZ_QPJW01000002.1_340_A,C,C,C,Q,H,C,H,NZ_QPJW01000002.1_340,24.0
RS_GCF_004345615.1,NZ_SLWK01000010.1_130_A,C,C,C,Q,H,C,H,NZ_SLWK01000010.1_130,24.0
RS_GCF_012317585.1,NZ_CP042909.1_819_A,-,C,C,Q,H,C,H,NZ_CP042909.1_819,20.0
RS_GCF_016583565.1,NZ_NRRF01000002.1_8_A,C,C,C,Q,H,C,H,NZ_NRRF01000002.1_8,24.0
RS_GCF_047324175.1,NZ_CP178732.1_2705_A,C,C,C,Q,H,C,H,NZ_CP178732.1_2705,24.0
RS_GCF_900110205.1,NZ_FOCV01000063.1_14_A,C,C,C,Q,H,C,H,NZ_FOCV01000063.1_14,24.0
RS_GCF_963920895.1,NZ_CAWUDE010000004.1_288_A,C,C,C,Q,H,C,H,NZ_CAWUDE010000004.1_288,24.0
GB_GCA_002067325.1,MVQY01000165.1_38_A,C,C,C,Q,H,C,H,MVQY01000165.1_38,24.0
GB_GCA_002397275.1,DHAA01000074.1_23_A,C,C,C,Q,H,C,H,DHAA01000074.1_23,24.0
GB_GCA_003565035.1,PXDP01000002.1_4_A,C,C,C,Q,H,C,H,PXDP01000002.1_4,24.0
GB_GCA_014359855.1,JACIYQ010000244.1_16_A,C,C,C,Q,H,C,H,JACIYQ010000244.1_16,24.0
GB_GCA_016617495.1,WYCU01000010.1_24_A,C,C,C,Q,H,C,H,WYCU01000010.1_24,24.0
GB_GCA_020444175.1,JAHLLM010000043.1_42_A,C,C,C,Q,H,C,H,JAHLLM010000043.1_42,24.0
GB_GCA_023415375.1,JAEZKW010000013.1_3_A,C,C,C,Q,H,C,H,JAEZKW010000013.1_3,24.0
GB_GCA_023428025.1,JAEYZN010000028.1_76_A,C,C,C,W,F,C,-,JAEYZN010000028.1_76,18.0
GB_GCA_029975275.1,JARKPN010000018.1_84_A,C,C,C,Q,H,C,H,JARKPN010000018.1_84,24.0
GB_GCA_030681195.1,JAUXXJ010000005.1_19_A,C,C,C,Q,H,C,H,JAUXXJ010000005.1_19,24.0
GB_GCA_038319065.1,JBBQCU010000106.1_3_A,C,C,C,Q,H,C,H,JBBQCU010000106.1_3,24.0
GB_GCA_039030815.1,JBCCDL010000013.1_13_A,C,C,C,Q,H,C,H,JBCCDL010000013.1_13,24.0
GB_GCA_039808105.1,JBDHSN010000007.1_30_A,C,C,C,Q,H,C,H,JBDHSN010000007.1_30,24.0
GB_GCA_044224855.1,JBGAJP010000027.1_11_A,C,C,C,Q,H,C,H,JBGAJP010000027.1_11,24.0
GB_GCA_047174765.1,JBCQTT010000007.1_64_A,C,C,C,Q,H,C,H,JBCQTT010000007.1_64,24.0
GB_GCA_050301035.1,JBNKYT010000003.1_60_A,C,C,C,Q,H,C,H,JBNKYT010000003.1_60,24.0
GB_GCA_963663685.2,CAXXDT010000006.1_390_A,C,C,C,Q,H,C,H,CAXXDT010000006.1_390,24.0
GB_GCA_963667575.2,CAXXHY010000054.1_30_A,C,C,C,Q,H,C,-,CAXXHY010000054.1_30,21.0
GB_GCA_963676815.1,OY781365.1_977_A,C,C,C,Q,H,C,H,OY781365.1_977,24.0
GB_GCA_963678815.1,OY787460.1_3962_A,C,C,C,Q,H,C,H,OY787460.1_3962,24.0
GB_GCA_963758155.1,CAVWUP010000015.1_323_A,C,C,C,Q,H,C,H,CAVWUP010000015.1_323,24.0
GB_GCA_963805085.1,CAWDTA010000002.1_1618_A,C,C,C,Q,H,C,H,CAWDTA010000002.1_1618,24.0
GB_GCA_964487625.1,CAZARS010000089.1_6_A,C,C,C,Q,H,C,X,CAZARS010000089.1_6,22.0
GB_GCA_965140575.1,OZ223261.1_706_A,C,C,C,Q,H,C,H,OZ223261.1_706,24.0
RS_GCF_000020625.1,NC_011059.1_1624_A,C,C,C,Q,H,C,H,NC_011059.1_1624,24.0
RS_GCF_000420485.1,NZ_ATVA01000015.1_103_A,C,C,C,Q,H,C,H,NZ_ATVA01000015.1_103,24.0
RS_GCF_001713355.1,NZ_CP016448.1_1199_A,C,C,C,Q,H,C,H,NZ_CP016448.1_1199,24.0
RS_GCF_002531935.1,NZ_NWSV01000051.1_6_A,C,C,C,Q,H,C,H,NZ_NWSV01000051.1_6,24.0
RS_GCF_003863365.1,NZ_RQXT01000042.1_43_A,C,C,C,Q,H,C,H,NZ_RQXT01000042.1_43,24.0
RS_GCF_012349115.1,NZ_PQIG01000115.1_21_A,C,C,C,Q,H,C,H,NZ_PQIG01000115.1_21,24.0
RS_GCF_013373795.3,NZ_CP088022.1_5578_A,C,C,C,Q,H,C,H,NZ_CP088022.1_5578,24.0
RS_GCF_014202415.1,NZ_JACHGR010000001.1_109_A,C,C,C,Q,H,C,H,NZ_JACHGR010000001.1_109,24.0
RS_GCF_014697075.1,NZ_JACJRE010000037.1_52_A,C,C,C,Q,H,C,H,NZ_JACJRE010000037.1_52,24.0
RS_GCF_019084545.1,NZ_JAHREP010000023.1_47_A,C,C,C,Q,H,C,H,NZ_JAHREP010000023.1_47,24.0
RS_GCF_028687615.1,NZ_JAQTZU010000012.1_101_A,C,C,C,Q,H,C,H,NZ_JAQTZU010000012.1_101,24.0
RS_GCF_034479375.1,NZ_CP140155.1_3084_A,C,C,C,Q,H,C,H,NZ_CP140155.1_3084,24.0
RS_GCF_040436315.1,NZ_AP031572.1_287_A,C,C,C,Q,H,C,H,NZ_AP031572.1_287,24.0
RS_GCF_900110435.1,NZ_FODT01000002.1_77_A,C,C,C,Q,H,C,H,NZ_FODT01000002.1_77,24.0
RS_GCF_900177375.1,NZ_FWZU01000001.1_915_A,C,C,C,Q,H,C,H,NZ_FWZU01000001.1_915,24.0
RS_GCF_902459525.1,NZ_LR699166.1_2554_A,C,C,C,Q,H,C,H,NZ_LR699166.1_2554,24.0
GB_GCA_964465515.1,CAYXIP010000087.1_5_A,C,C,C,Q,H,C,H,CAYXIP010000087.1_5,24.0
GB_GCA_001804815.1,MHBI01000031.1_7_A,C,C,C,Q,H,C,H,MHBI01000031.1_7,24.0
GB_GCA_002869015.1,PKTT01000037.1_28_A,C,C,C,Q,H,C,H,PKTT01000037.1_28,24.0
GB_GCA_011040095.1,DRDE01000204.1_9_A,C,C,C,Q,H,C,H,DRDE01000204.1_9,24.0
GB_GCA_012519985.1,JAAYPC010000346.1_6_A,C,C,C,Q,H,C,H,JAAYPC010000346.1_6,24.0
GB_GCA_015709315.1,JACCQI010000006.1_18_A,C,C,C,Q,H,C,H,JACCQI010000006.1_18,24.0
GB_GCA_018853935.1,JAAOMR010000125.1_35_A,C,C,C,Q,H,C,H,JAAOMR010000125.1_35,24.0
GB_GCA_021782655.1,JAJXUT010000009.1_11_A,C,C,C,Q,H,C,H,JAJXUT010000009.1_11,24.0
GB_GCA_023415375.1,JAEZKW010000109.1_14_A,C,C,C,W,F,C,G,JAEZKW010000109.1_14,19.0
GB_GCA_023428085.1,JAEYZK010000392.1_14_A,C,C,C,Q,H,C,H,JAEYZK010000392.1_14,24.0
GB_GCA_024695625.1,JAILHV010000102.1_17_A,C,C,C,W,F,C,G,JAILHV010000102.1_17,19.0
GB_GCA_030272815.1,JAJSZT010000040.1_13_A,C,C,C,Q,H,C,H,JAJSZT010000040.1_13,24.0
GB_GCA_037132875.1,JBAHZU010000070.1_15_A,C,C,C,Q,H,C,H,JBAHZU010000070.1_15,24.0
GB_GCA_040757335.1,JBFLXB010000008.1_23_A,C,C,C,Q,H,C,H,JBFLXB010000008.1_23,24.0
GB_GCA_041675585.1,JBAYTO010000015.1_47_A,C,C,C,Q,H,C,H,JBAYTO010000015.1_47,24.0
GB_GCA_045131275.1,JBGUQT010000043.1_44_A,C,C,C,W,F,C,G,JBGUQT010000043.1_44,19.0
GB_GCA_049286265.1,JBAQDF010000071.1_9_A,C,C,C,Q,H,C,H,JBAQDF010000071.1_9,24.0
GB_GCA_049513195.1,JBEKWJ010000037.1_38_A,C,C,C,Q,H,C,H,JBEKWJ010000037.1_38,24.0
GB_GCA_900542835.1,UQPB01000008.1_21_A,C,C,C,Q,H,C,H,UQPB01000008.1_21,24.0
GB_GCA_903902855.1,CAIUWK010000045.1_12_A,C,C,C,Q,H,C,H,CAIUWK010000045.1_12,24.0
GB_GCA_963667715.1,OY763926.1_300_A,C,C,C,Q,H,C,H,OY763926.1_300,24.0
GB_GCA_963676835.2,CAXXFF010000002.1_1215_A,C,C,C,Q,H,C,H,CAXXFF010000002.1_1215,24.0
GB_GCA_963713275.1,CAVQLG010000021.1_53_A,C,C,C,Q,H,C,H,CAVQLG010000021.1_53,24.0
GB_GCA_964460435.1,CAYWRH010000010.1_15_A,C,C,C,Q,H,C,H,CAYWRH010000010.1_15,24.0
GB_GCA_964548515.1,CAZJSF010000023.1_20_A,C,C,C,Q,H,C,H,CAZJSF010000023.1_20,24.0
GB_GCA_964581565.1,CAZOOZ010000005.1_115_A,C,C,C,Q,H,C,H,CAZOOZ010000005.1_115,24.0
RS_GCF_000169095.1,NZ_AAVU01000012.1_53_A,C,C,C,Q,H,C,H,NZ_AAVU01000012.1_53,24.0
RS_GCF_000445445.2,NZ_CP146301.1_4607_A,C,C,C,Q,H,C,H,NZ_CP146301.1_4607,24.0
RS_GCF_002934545.1,NZ_PTJA01000002.1_70_A,C,C,C,Q,H,C,H,NZ_PTJA01000002.1_70,24.0
RS_GCF_003115855.1,NZ_KZ819097.1_14_A,C,C,C,Q,H,C,H,NZ_KZ819097.1_14,24.0
RS_GCF_003337415.1,NZ_QPJT01000020.1_25_A,C,C,C,Q,H,C,H,NZ_QPJT01000020.1_25,24.0
RS_GCF_004114955.1,NZ_CP030054.1_489_A,C,C,C,Q,H,C,H,NZ_CP030054.1_489,24.0
RS_GCF_022482905.1,NZ_JAKVOI010000001.1_1079_A,C,C,C,W,F,C,G,NZ_JAKVOI010000001.1_1079,19.0
RS_GCF_023242945.1,NZ_JALKFT010000003.1_59_A,C,C,C,Q,H,C,H,NZ_JALKFT010000003.1_59,24.0
RS_GCF_028689785.1,NZ_JAQVCN010000022.1_54_A,C,C,C,Q,H,C,H,NZ_JAQVCN010000022.1_54,24.0
RS_GCF_030652775.1,NZ_JAUSPS010000042.1_5_A,C,C,C,Q,H,C,H,NZ_JAUSPS010000042.1_5,24.0
RS_GCF_038404745.2,NZ_JAYKTT020000005.1_203_A,C,C,C,Q,H,C,H,NZ_JAYKTT020000005.1_203,24.0
RS_GCF_040438645.1,NZ_CP159253.1_772_A,C,C,C,Q,H,C,H,NZ_CP159253.1_772,24.0
RS_GCF_042682915.1,NZ_JBHUIW010000006.1_35_A,C,C,C,Q,H,C,H,NZ_JBHUIW010000006.1_35,24.0
RS_GCF_900096975.1,NZ_FMYQ01000010.1_33_A,C,C,C,Q,H,C,H,NZ_FMYQ01000010.1_33,24.0
GB_GCA_029762595.1,JARVGJ010000003.1_84_A,C,C,C,Q,H,C,H,JARVGJ010000003.1_84,24.0
GB_GCA_963730455.1,CAVSRS010000011.1_627_A,C,C,C,Q,H,C,H,CAVSRS010000011.1_627,24.0
GB_GCA_002471665.1,DKQK01000029.1_123_A,C,C,C,Q,H,C,H,DKQK01000029.1_123,24.0
GB_GCA_003566995.1,PXBG01000112.1_5_A,C,C,C,Q,H,C,H,PXBG01000112.1_5,24.0
GB_GCA_015232455.1,JADFZQ010000002.1_175_A,C,C,C,Q,H,C,H,JADFZQ010000002.1_175,24.0
GB_GCA_020444545.1,JAHLKT010000004.1_567_A,C,C,C,Q,H,C,H,JAHLKT010000004.1_567,24.0
GB_GCA_021811385.1,JAJZPC010000088.1_6_A,C,C,C,Q,H,C,H,JAJZPC010000088.1_6,24.0
GB_GCA_023405815.1,JAEXXM010000066.1_17_A,C,C,C,Q,H,C,H,JAEXXM010000066.1_17,24.0
GB_GCA_024697065.1,JAILGE010000006.1_19_A,C,C,C,W,F,C,V,JAILGE010000006.1_19,19.0
GB_GCA_028704125.1,JAQVLM010000042.1_3_A,C,C,C,Q,H,C,H,JAQVLM010000042.1_3,24.0
GB_GCA_036244995.1,BTTF01000071.1_10_A,C,C,C,Q,H,C,H,BTTF01000071.1_10,24.0
GB_GCA_036677085.1,JAKFFI010000004.1_272_A,C,C,C,Q,H,C,H,JAKFFI010000004.1_272,24.0
GB_GCA_038320545.1,JBBQEI010000026.1_2_A,C,C,C,Q,H,C,H,JBBQEI010000026.1_2,24.0
GB_GCA_047178625.1,JBCQTJ010000008.1_59_A,C,C,C,Q,H,C,H,JBCQTJ010000008.1_59,24.0
GB_GCA_049513815.1,JBEKVR010000056.1_16_A,C,C,C,Q,H,C,H,JBEKVR010000056.1_16,24.0
GB_GCA_050255935.1,JBFWIP010000031.1_11_A,C,C,C,Q,H,C,H,JBFWIP010000031.1_11,24.0
GB_GCA_963663775.1,OY760624.1_1470_A,C,C,C,Q,H,C,H,OY760624.1_1470,24.0
GB_GCA_963833985.1,CAWIAD010000001.1_2684_A,C,C,C,Q,H,C,H,CAWIAD010000001.1_2684,24.0
GB_GCA_965140585.1,OZ223269.1_761_A,C,C,C,Q,H,C,H,OZ223269.1_761,24.0
RS_GCF_000169335.1,NZ_AAXW01000004.1_156_A,C,C,C,Q,H,C,H,NZ_AAXW01000004.1_156,24.0
RS_GCF_000568815.1,NZ_CP007201.1_1277_A,C,C,C,Q,H,C,H,NZ_CP007201.1_1277,24.0
RS_GCF_000817955.1,NZ_CP009788.1_2619_A,C,C,C,Q,H,C,H,NZ_CP009788.1_2619,24.0
RS_GCF_001950255.1,NZ_BDJK01000055.1_57_A,-,C,C,Q,H,C,H,NZ_BDJK01000055.1_57,20.0
RS_GCF_018449575.1,NZ_JAAVUT010000010.1_91_A,C,C,C,Q,H,C,H,NZ_JAAVUT010000010.1_91,24.0
RS_GCF_022482905.1,NZ_JAKVOI010000001.1_1083_A,C,C,C,W,F,C,M,NZ_JAKVOI010000001.1_1083,19.0
RS_GCF_045571485.1,NZ_CP120701.1_1882_A,C,C,C,Q,H,C,H,NZ_CP120701.1_1882,24.0
RS_GCF_049347105.1,NZ_CP186334.1_4094_A,C,C,C,Q,H,C,H,NZ_CP186334.1_4094,24.0
RS_GCF_900129935.1,NZ_FQXJ01000004.1_419_A,C,C,C,Q,H,C,H,NZ_FQXJ01000004.1_419,24.0
RS_GCF_000179575.2,NC_015636.1_1138_A,C,C,C,Q,H,C,-,NC_015636.1_1138,21.0
GB_GCA_002304785.1,DBMG01000129.1_8_A,C,C,C,Q,H,C,H,DBMG01000129.1_8,24.0
GB_GCA_013334565.1,JAAXXI010000006.1_49_A,C,C,C,Q,H,C,H,JAAXXI010000006.1_49,24.0
GB_GCA_016650295.1,JAENWA010000031.1_7_A,C,C,C,Q,H,C,H,JAENWA010000031.1_7,24.0
GB_GCA_017889545.1,JAGFZV010000013.1_58_A,C,C,C,Q,H,C,H,JAGFZV010000013.1_58,24.0
GB_GCA_021811425.1,JAJZPA010000018.1_7_A,C,C,C,Q,H,C,H,JAJZPA010000018.1_7,24.0
GB_GCA_023231425.1,JALNVI010000021.1_19_A,C,C,C,Q,H,C,H,JALNVI010000021.1_19,24.0
GB_GCA_023392595.1,JAEVYU010000029.1_32_A,C,C,C,Q,H,C,H,JAEVYU010000029.1_32,24.0
GB_GCA_023415375.1,JAEZKW010000109.1_18_A,C,C,C,W,Y,C,-,JAEZKW010000109.1_18,18.0
GB_GCA_023701135.1,JAMPXP010000016.1_65_A,C,C,C,Q,H,C,H,JAMPXP010000016.1_65,24.0
GB_GCA_028282465.1,JANQHX010000081.1_13_A,C,C,C,Q,H,C,H,JANQHX010000081.1_13,24.0
GB_GCA_028704415.1,JAQWFM010000010.1_21_A,C,C,C,Q,H,C,H,JAQWFM010000010.1_21,24.0
GB_GCA_030682175.1,JAUXOM010000132.1_3_A,C,C,C,Q,H,C,H,JAUXOM010000132.1_3,24.0
GB_GCA_031222025.1,CP130740.1_810_A,C,C,C,Q,H,C,H,CP130740.1_810,24.0
GB_GCA_031282905.1,JAITCV010000179.1_12_A,C,C,C,Q,H,C,H,JAITCV010000179.1_12,24.0
GB_GCA_036245275.1,BTID01000001.1_44_A,C,C,C,W,F,C,-,BTID01000001.1_44,18.0
GB_GCA_037133675.1,JBAXNR010000029.1_20_A,C,C,C,Q,H,C,H,JBAXNR010000029.1_20,24.0
GB_GCA_038205495.1,JBBRBT010000005.1_6_A,C,C,C,Q,H,C,H,JBBRBT010000005.1_6,24.0
GB_GCA_041583495.1,JBFHFS010000004.1_52_A,C,C,C,Q,H,C,H,JBFHFS010000004.1_52,24.0
GB_GCA_041678045.1,JBAYOV010000060.1_5_A,C,C,C,Q,H,C,H,JBAYOV010000060.1_5,24.0
GB_GCA_045131275.1,JBGUQT010000043.1_54_A,C,C,C,W,F,C,-,JBGUQT010000043.1_54,18.0
GB_GCA_050008735.1,JBEKMB010000056.1_4_A,C,C,C,Q,H,C,H,JBEKMB010000056.1_4,24.0
GB_GCA_051305855.1,JBPPMB010000078.1_14_A,C,C,C,Q,H,C,H,JBPPMB010000078.1_14,24.0
GB_GCA_902786205.1,CADABQ010000011.1_58_A,C,C,C,W,F,C,-,CADABQ010000011.1_58,18.0
GB_GCA_903931645.1,CAIZDF010000178.1_4_A,C,C,C,Q,H,C,H,CAIZDF010000178.1_4,24.0
GB_GCA_963676845.2,CAXXKK010000017.1_46_A,C,C,C,Q,H,C,H,CAXXKK010000017.1_46,24.0
GB_GCA_963784075.1,CAWAQW010000057.1_158_A,C,C,C,Q,H,C,H,CAWAQW010000057.1_158,24.0
GB_GCA_963805125.1,CAWDTD010000014.1_119_A,C,C,C,Q,H,C,H,CAWDTD010000014.1_119,24.0
GB_GCA_964636985.1,CAZWSX010000034.1_23_A,C,C,C,Q,H,C,H,CAZWSX010000034.1_23,24.0
RS_GCF_000011365.1,NC_004463.1_1752_A,C,C,C,Q,H,C,H,NC_004463.1_1752,24.0
RS_GCF_000020645.1,NC_011060.1_1964_A,C,C,C,Q,H,C,H,NC_011060.1_1964,24.0
RS_GCF_000227745.2,NC_018012.1_3619_A,C,C,C,Q,H,C,H,NC_018012.1_3619,24.0
RS_GCF_000294655.1,NZ_CAHP01000023.1_51_A,C,C,C,Q,H,C,H,NZ_CAHP01000023.1_51,24.0
RS_GCF_001950255.1,NZ_BDJK01000055.1_59_A,C,C,C,Q,H,C,F,NZ_BDJK01000055.1_59,22.0
RS_GCF_003337715.1,NZ_QPIX01000006.1_171_A,C,C,C,Q,H,C,H,NZ_QPIX01000006.1_171,24.0
RS_GCF_005870025.1,NZ_VATA01000002.1_85_A,C,C,C,Q,H,C,H,NZ_VATA01000002.1_85,24.0
RS_GCF_013376455.1,NZ_CP045504.1_3854_A,C,C,C,Q,H,C,H,NZ_CP045504.1_3854,24.0
RS_GCF_014697105.1,NZ_JACJRF010000027.1_7_A,C,C,C,Q,H,C,H,NZ_JACJRF010000027.1_7,24.0
RS_GCF_019097855.1,NZ_JAHRGL010000020.1_33_A,C,C,C,Q,H,C,H,NZ_JAHRGL010000020.1_33,24.0
RS_GCF_021228795.1,NZ_CP089309.1_1616_A,C,C,C,Q,H,C,H,NZ_CP089309.1_1616,24.0
RS_GCF_022482905.1,NZ_JAKVOI010000001.1_1085_A,C,C,C,W,F,C,-,NZ_JAKVOI010000001.1_1085,18.0
RS_GCF_023242965.2,NZ_JALKFU020000019.1_5_A,C,C,C,Q,H,C,H,NZ_JALKFU020000019.1_5,24.0
RS_GCF_035644555.1,NZ_DASQOH010000045.1_13_A,C,C,C,Q,H,C,H,NZ_DASQOH010000045.1_13,24.0
RS_GCF_051027545.1,NZ_CP194902.1_2632_A,C,C,C,Q,H,C,H,NZ_CP194902.1_2632,24.0
RS_GCF_900099695.1,NZ_FNCY01000001.1_183_A,C,C,C,Q,H,C,H,NZ_FNCY01000001.1_183,24.0
RS_GCF_900129965.1,NZ_FQXM01000009.1_75_A,C,C,C,Q,H,C,H,NZ_FQXM01000009.1_75,24.0
RS_GCF_902459535.1,NZ_LR699554.1_1478_A,C,C,C,Q,H,C,H,NZ_LR699554.1_1478,24.0
GB_GCA_002067365.1,MVRK01000029.1_102_A,C,C,C,Q,H,C,H,MVRK01000029.1_102,24.0
RS_GCF_000179575.2,NC_015636.1_1141_A,C,C,C,Q,H,C,H,NC_015636.1_1141,24.0
RS_GCF_004099695.1,NZ_SCHL01000008.1_90_A,C,C,C,Q,H,C,H,NZ_SCHL01000008.1_90,24.0
GB_GCA_001314865.1,LJZR01000021.1_67_A,C,C,C,Q,H,C,H,LJZR01000021.1_67,24.0
GB_GCA_001804865.1,MHBK01000027.1_25_A,C,C,C,Q,H,C,H,MHBK01000027.1_25,24.0
GB_GCA_002398825.1,DHBS01000007.1_80_A,C,C,C,Q,H,C,H,DHBS01000007.1_80,24.0
GB_GCA_003242895.1,QKMY01000053.1_35_A,C,C,C,Q,H,C,H,QKMY01000053.1_35,24.0
GB_GCA_011048515.1,DSDW01000100.1_14_A,C,C,C,Q,H,C,H,DSDW01000100.1_14,24.0
GB_GCA_016000195.1,JAECRO010000012.1_26_A,C,C,C,Q,H,C,H,JAECRO010000012.1_26,24.0
GB_GCA_021782795.1,JAJXUP010000018.1_24_A,C,C,C,Q,H,C,H,JAJXUP010000018.1_24,24.0
GB_GCA_023231445.1,JALNVF010000039.1_10_A,C,C,C,Q,H,C,H,JALNVF010000039.1_10,24.0
GB_GCA_023406985.1,JAEXTK010000206.1_4_A,C,C,C,Q,H,C,H,JAEXTK010000206.1_4,24.0
GB_GCA_025454695.1,JALONX010000261.1_4_A,C,C,C,Q,H,C,H,JALONX010000261.1_4,24.0
GB_GCA_031276435.1,JAISNB010000203.1_3_A,C,C,C,Q,H,C,H,JAISNB010000203.1_3,24.0
GB_GCA_035299105.1,DATGXD010000207.1_3_A,C,C,C,Q,H,C,H,DATGXD010000207.1_3,24.0
GB_GCA_040757575.1,JBFLXA010000012.1_42_A,C,C,C,Q,H,C,H,JBFLXA010000012.1_42,24.0
GB_GCA_050301235.1,JBNKZD010000097.1_7_A,C,C,C,Q,H,C,H,JBNKZD010000097.1_7,24.0
GB_GCA_900543345.1,UQRJ01000161.1_2_A,C,C,C,Q,H,C,H,UQRJ01000161.1_2,24.0
GB_GCA_963678885.2,CAXXFG010000006.1_188_A,C,C,C,Q,H,C,H,CAXXFG010000006.1_188,24.0
GB_GCA_963713645.1,CAVQMQ010000041.1_23_A,C,C,C,Q,H,C,H,CAVQMQ010000041.1_23,24.0
GB_GCA_963738165.1,CAVTVE010000016.1_134_A,C,C,C,Q,H,C,H,CAVTVE010000016.1_134,24.0
GB_GCA_964407285.1,CAYOVG010000293.1_4_A,C,C,C,Q,H,C,H,CAYOVG010000293.1_4,24.0
GB_GCA_964460745.1,CAYWUR010000060.1_3_A,C,C,C,Q,H,C,H,CAYWUR010000060.1_3,24.0
RS_GCF_000349945.1,NC_020516.1_770_A,C,C,C,Q,H,C,H,NC_020516.1_770,24.0
RS_GCF_000734895.2,NZ_CP011382.1_5043_A,C,C,C,Q,H,C,H,NZ_CP011382.1_5043,24.0
RS_GCF_001571105.1,NZ_BCTD01000027.1_45_A,C,C,C,Q,H,C,H,NZ_BCTD01000027.1_45,24.0
RS_GCF_001950325.1,NZ_BDJL01000005.1_16_A,C,C,C,Q,H,C,F,NZ_BDJL01000005.1_16,22.0
RS_GCF_003337735.1,NZ_QPJY01000002.1_344_A,C,C,C,Q,H,C,H,NZ_QPJY01000002.1_344,24.0
RS_GCF_003863965.1,NZ_RRCN01000001.1_5461_A,C,C,C,Q,H,C,H,NZ_RRCN01000001.1_5461,24.0
RS_GCF_004114975.1,NZ_CP030052.1_323_A,C,C,C,Q,H,C,H,NZ_CP030052.1_323,24.0
RS_GCF_014203025.1,NZ_JACHID010000010.1_12_A,C,C,C,Q,H,C,H,NZ_JACHID010000010.1_12,24.0
RS_GCF_016583575.1,NZ_NRRG01000012.1_65_A,C,C,C,Q,H,C,H,NZ_NRRG01000012.1_65,24.0
RS_GCF_018476885.1,NZ_JAHCVJ010000007.1_148_A,C,C,C,Q,H,C,H,NZ_JAHCVJ010000007.1_148,24.0
RS_GCF_028692895.1,NZ_JAQUWN010000015.1_28_A,C,C,C,Q,H,C,H,NZ_JAQUWN010000015.1_28,24.0
RS_GCF_030656115.1,NZ_JAUSOO010000047.1_26_A,C,C,C,Q,H,C,H,NZ_JAUSOO010000047.1_26,24.0
RS_GCF_040500525.1,NZ_CP159402.1_567_A,C,C,C,Q,H,C,H,NZ_CP159402.1_567,24.0
RS_GCF_900177515.1,NZ_FXAK01000007.1_787_A,C,C,C,Q,H,C,H,NZ_FXAK01000007.1_787,24.0
GB_GCA_023396065.1,JAEWXF010000023.1_25_A,C,C,C,Q,H,C,H,JAEWXF010000023.1_25,24.0
GB_GCA_963733675.1,CAVTET010000001.1_755_A,C,C,C,Q,H,C,H,CAVTET010000001.1_755,24.0
GB_GCA_964467095.1,CAYXSJ010000062.1_10_A,C,C,C,Q,H,C,H,CAYXSJ010000062.1_10,24.0
RS_GCF_004102725.1,NZ_LHQS01000002.1_296_A,C,C,C,Q,H,C,H,NZ_LHQS01000002.1_296,24.0
GB_GCA_001805055.1,MHDZ01000067.1_12_A,C,C,C,Q,H,C,H,MHDZ01000067.1_12,24.0
GB_GCA_002306005.1,DBRO01000109.1_35_A,C,C,C,Q,H,C,H,DBRO01000109.1_35,24.0
GB_GCA_008125075.1,VLTH01000002.1_2054_A,C,C,C,Q,H,C,H,VLTH01000002.1_2054,24.0
GB_GCA_014359885.1,JACIYN010000036.1_24_A,C,C,C,Q,H,C,H,JACIYN010000036.1_24,24.0
GB_GCA_022340425.1,JAJDNY010000179.1_5_A,C,C,C,Q,H,C,H,JAJDNY010000179.1_5,24.0
GB_GCA_023428905.1,JAEYWP010000016.1_290_A,C,C,C,Q,H,C,H,JAEYWP010000016.1_290,24.0
GB_GCA_023701265.1,JAMPXI010000012.1_27_A,C,C,C,Q,H,C,H,JAMPXI010000012.1_27,24.0
GB_GCA_024697545.1,JAILFN010000038.1_28_A,C,C,C,W,F,C,L,JAILFN010000038.1_28,19.0
GB_GCA_028705785.1,JAQWCT010000029.1_10_A,C,C,C,Q,H,C,H,JAQWCT010000029.1_10,24.0
GB_GCA_031283085.1,JAITCM010000099.1_19_A,C,C,C,Q,H,C,H,JAITCM010000099.1_19,24.0
GB_GCA_036677645.1,JAVBWB010000004.1_37_A,C,C,C,Q,H,C,H,JAVBWB010000004.1_37,24.0
GB_GCA_041685045.1,JAWLGP010000035.1_17_A,C,C,C,Q,H,C,H,JAWLGP010000035.1_17,24.0
GB_GCA_042218725.1,JBDGQV010000017.1_13_A,C,C,C,Q,H,C,H,JBDGQV010000017.1_13,24.0
GB_GCA_047178665.1,JBCQTK010000007.1_39_A,C,C,C,Q,H,C,H,JBCQTK010000007.1_39,24.0
GB_GCA_052168235.1,JBQLZK010000032.1_43_A,C,C,C,Q,H,C,H,JBQLZK010000032.1_43,24.0
GB_GCA_903834465.1,CAILJB010000047.1_14_A,C,C,C,Q,H,C,H,CAILJB010000047.1_14,24.0
GB_GCA_903868145.1,CAIPTY010000060.1_66_A,C,C,C,Q,H,C,H,CAIPTY010000060.1_66,24.0
GB_GCA_946403295.1,CAMIZL010000028.1_3_A,C,C,C,W,F,C,L,CAMIZL010000028.1_3,19.0
GB_GCA_963663805.2,CAXXMR010000002.1_62_A,C,C,C,Q,H,C,H,CAXXMR010000002.1_62,24.0
GB_GCA_964434815.1,CAYSXF010000179.1_3_A,C,C,C,Q,H,C,H,CAYSXF010000179.1_3,24.0
GB_GCA_964487695.1,CAZASC010000010.1_46_A,C,C,C,Q,H,C,H,CAZASC010000010.1_46,24.0
GB_GCA_964522605.1,CAZFWV010000224.1_5_A,C,C,C,Q,H,C,H,CAZFWV010000224.1_5,24.0
GB_GCA_965140635.1,OZ223289.1_846_A,C,C,C,Q,H,C,H,OZ223289.1_846,24.0
RS_GCF_000020725.1,NC_011146.1_2065_A,C,C,C,Q,H,C,H,NC_011146.1_2065,24.0
RS_GCF_000349945.1,NC_020516.1_4003_A,C,C,C,Q,H,C,H,NC_020516.1_4003,24.0
RS_GCF_000576635.1,NZ_AVFL01000012.1_170_A,C,C,C,Q,H,C,H,NZ_AVFL01000012.1_170,24.0
RS_GCF_000735045.1,NZ_JPOQ01000010.1_46_A,C,C,C,Q,H,C,H,NZ_JPOQ01000010.1_46,24.0
RS_GCF_001950325.1,NZ_BDJL01000005.1_18_A,-,C,C,Q,H,C,H,NZ_BDJL01000005.1_18,20.0
RS_GCF_002215035.1,NZ_NKFP01000006.1_207_A,C,C,C,Q,H,C,H,NZ_NKFP01000006.1_207,24.0
RS_GCF_002532045.1,NZ_NWTG01000003.1_105_A,C,C,C,Q,H,C,H,NZ_NWTG01000003.1_105,24.0
RS_GCF_009649175.1,NZ_WJPO01000054.1_8_A,C,C,C,Q,H,C,H,NZ_WJPO01000054.1_8,24.0
RS_GCF_022482905.1,NZ_JAKVOI010000001.1_1089_A,C,C,C,W,F,C,M,NZ_JAKVOI010000001.1_1089,19.0
RS_GCF_023243045.1,NZ_JALKFX010000002.1_77_A,C,C,C,Q,H,C,H,NZ_JALKFX010000002.1_77,24.0
RS_GCF_024691105.1,NZ_JAILNY010000101.1_12_A,C,C,C,W,F,C,Y,NZ_JAILNY010000101.1_12,19.0
RS_GCF_026155325.1,NZ_JAPFPW010000011.1_64_A,C,C,C,Q,H,C,H,NZ_JAPFPW010000011.1_64,24.0
RS_GCF_030657435.1,NZ_JAUTWS010000009.1_45_A,C,C,C,Q,H,C,H,NZ_JAUTWS010000009.1_45,24.0
RS_GCF_031954385.1,NZ_JAUSUY010000035.1_3_A,C,C,C,Q,H,C,H,NZ_JAUSUY010000035.1_3,24.0
RS_GCF_041914405.1,NZ_JAYSDK010000054.1_13_A,C,C,C,Q,H,C,H,NZ_JAYSDK010000054.1_13,24.0
RS_GCF_045571495.1,NZ_CP120703.1_6126_A,C,C,C,Q,H,C,H,NZ_CP120703.1_6126,24.0
RS_GCF_047324305.1,NZ_CP178740.1_4312_A,C,C,C,Q,H,C,H,NZ_CP178740.1_4312,24.0
RS_GCF_038022665.1,NZ_CP150629.1_951_A,C,C,C,Q,H,C,H,NZ_CP150629.1_951,24.0
GB_GCA_002869145.1,PKTM01000026.1_23_A,C,C,C,Q,H,C,H,PKTM01000026.1_23,24.0
GB_GCA_003574885.1,PJFC01000003.1_28_A,C,C,C,Q,H,C,H,PJFC01000003.1_28,24.0
GB_GCA_015232485.1,JADFZP010000129.1_6_A,C,C,C,Q,H,C,H,JADFZP010000129.1_6,24.0
GB_GCA_020445045.1,JAGRHI010000035.1_2_A,C,C,C,Q,H,C,H,JAGRHI010000035.1_2,24.0
GB_GCA_021782815.1,JAJXUO010000015.1_44_A,C,C,C,Q,H,C,H,JAJXUO010000015.1_44,24.0
GB_GCA_026418455.1,JAOABH010000004.1_351_A,C,C,C,Q,H,C,H,JAOABH010000004.1_351,24.0
GB_GCA_030388725.1,CP128857.1_3988_A,C,C,C,Q,H,C,H,CP128857.1_3988,24.0
GB_GCA_031290535.1,JAITNI010000315.1_11_A,C,C,C,Q,H,C,H,JAITNI010000315.1_11,24.0
GB_GCA_034429935.1,DAOUFJ010000017.1_17_A,C,C,C,Q,H,C,H,DAOUFJ010000017.1_17,24.0
GB_GCA_035560935.1,DATMYQ010000185.1_15_A,C,C,C,Q,H,C,H,DATMYQ010000185.1_15,24.0
GB_GCA_038205805.1,JBBRBO010000064.1_12_A,C,C,C,Q,H,C,H,JBBRBO010000064.1_12,24.0
GB_GCA_046347475.1,JAXMGD010000001.1_936_A,C,C,C,Q,H,C,H,JAXMGD010000001.1_936,24.0
GB_GCA_047178765.1,JBCQTG010000116.1_3_A,C,C,C,Q,H,C,H,JBCQTG010000116.1_3,24.0
GB_GCA_913009355.1,CAJVYN010000085.1_5_A,C,C,C,Q,H,C,H,CAJVYN010000085.1_5,24.0
GB_GCA_937967645.1,CALBTT010000093.1_7_A,C,C,C,Q,H,C,H,CALBTT010000093.1_7,24.0
GB_GCA_963667815.1,OY764021.1_2659_A,C,C,C,Q,H,C,H,OY764021.1_2659,24.0
GB_GCA_963676855.1,OY781460.1_464_A,C,C,C,Q,H,C,H,OY781460.1_464,24.0
GB_GCA_963682105.1,OY821638.1_3162_A,C,C,C,Q,H,C,H,OY821638.1_3162,24.0
GB_GCA_963713695.1,CAVQMU010000002.1_477_A,C,C,C,Q,H,C,H,CAVQMU010000002.1_477,24.0
GB_GCA_963759215.1,CAVWYG010000006.1_178_A,C,C,C,Q,H,C,H,CAVWYG010000006.1_178,24.0
GB_GCA_963784135.1,CAWAQG010000008.1_352_A,C,C,C,Q,H,C,H,CAWAQG010000008.1_352,24.0
GB_GCA_964434865.1,CAYSWV010000035.1_25_A,C,C,C,Q,H,C,H,CAYSWV010000035.1_25,24.0
GB_GCA_964612995.1,CAZTGE010000044.1_9_A,C,C,C,Q,H,C,H,CAZTGE010000044.1_9,24.0
RS_GCF_000296215.2,NZ_CP013949.1_6377_A,C,C,C,Q,H,C,H,NZ_CP013949.1_6377,24.0
RS_GCF_000820505.1,NZ_JWJD01000005.1_121_A,C,C,C,Q,H,C,H,NZ_JWJD01000005.1_121,24.0
RS_GCF_002532535.1,NZ_NQWI01000003.1_52_A,C,C,C,Q,H,C,H,NZ_NQWI01000003.1_52,24.0
RS_GCF_003864255.1,NZ_QWEZ01000002.1_752_A,C,C,C,Q,H,C,H,NZ_QWEZ01000002.1_752,24.0
RS_GCF_004346165.1,NZ_SLZZ01000007.1_77_A,C,C,C,Q,H,C,H,NZ_SLZZ01000007.1_77,24.0
RS_GCF_007992075.1,NZ_BJZO01000086.1_10_A,C,C,C,Q,H,C,H,NZ_BJZO01000086.1_10,24.0
RS_GCF_009931695.1,NZ_CP048000.1_2804_A,C,C,C,Q,H,C,H,NZ_CP048000.1_2804,24.0
RS_GCF_013376475.1,NZ_CP045508.1_2574_A,C,C,C,Q,H,C,H,NZ_CP045508.1_2574,24.0
RS_GCF_014697195.1,NZ_JACJRJ010000010.1_79_A,C,C,C,Q,H,C,-,NZ_JACJRJ010000010.1_79,21.0
RS_GCF_016583625.1,NZ_NRRN01000024.1_17_A,C,C,C,Q,H,C,H,NZ_NRRN01000024.1_17,24.0
RS_GCF_017086365.1,NZ_CP070969.1_4710_A,C,C,C,Q,H,C,H,NZ_CP070969.1_4710,24.0
RS_GCF_019144085.1,NZ_JAHHUY010000010.1_50_A,C,C,C,W,F,C,G,NZ_JAHHUY010000010.1_50,19.0
RS_GCF_020387415.1,NZ_JAGWCB010000020.1_120_A,C,C,C,Q,H,C,H,NZ_JAGWCB010000020.1_120,24.0
RS_GCF_021272385.1,NZ_JAJSDZ010000010.1_568_A,C,C,C,Q,H,C,H,NZ_JAJSDZ010000010.1_568,24.0
RS_GCF_035644575.1,NZ_DASQOG010000146.1_8_A,C,C,C,Q,H,C,H,NZ_DASQOG010000146.1_8,24.0
RS_GCF_041915215.1,NZ_JAYSBV010000002.1_307_A,C,C,C,Q,H,C,H,NZ_JAYSBV010000002.1_307,24.0
RS_GCF_049514155.1,NZ_JBEKVH010000031.1_29_A,C,C,C,Q,H,C,H,NZ_JBEKVH010000031.1_29,24.0
RS_GCF_900099765.1,NZ_FNDX01000013.1_78_A,C,C,C,Q,H,C,H,NZ_FNDX01000013.1_78,24.0
RS_GCF_900130015.1,NZ_FQXS01000023.1_46_A,C,C,C,Q,H,C,H,NZ_FQXS01000023.1_46,24.0
GB_GCA_052325125.1,JBKQWO010000034.1_64_A,C,C,C,Q,H,C,H,JBKQWO010000034.1_64,24.0
GB_GCA_964472955.1,CAYYMO010000160.1_5_A,C,C,C,Q,H,C,H,CAYYMO010000160.1_5,24.0
GB_GCA_000242935.3,CP007053.1_199_A,C,C,C,Q,H,C,H,CP007053.1_199,24.0
GB_GCA_001805085.1,MHEA01000247.1_17_A,C,C,C,Q,H,C,H,MHEA01000247.1_17,24.0
GB_GCA_003242955.1,QJPH01000359.1_30_A,C,C,C,Q,H,C,H,QJPH01000359.1_30,24.0
GB_GCA_008375315.1,CP032507.1_3092_A,C,C,C,Q,H,C,H,CP032507.1_3092,24.0
GB_GCA_015232645.1,JADFZF010000036.1_7_A,C,C,C,Q,H,C,H,JADFZF010000036.1_7,24.0
GB_GCA_029256305.1,JAQSYE010000136.1_10_A,C,C,C,Q,H,C,H,JAQSYE010000136.1_10,24.0
GB_GCA_031270945.1,JAISWZ010000171.1_9_A,C,C,C,Q,H,C,H,JAISWZ010000171.1_9,24.0
GB_GCA_031276475.1,JAISMZ010000140.1_3_A,C,C,C,Q,H,C,H,JAISMZ010000140.1_3,24.0
GB_GCA_034431835.1,DAOUDA010000191.1_3_A,C,C,C,Q,H,C,H,DAOUDA010000191.1_3,24.0
GB_GCA_036260705.1,DATAMG010000109.1_8_A,C,C,C,Q,H,C,H,DATAMG010000109.1_8,24.0
GB_GCA_040385425.1,JAZKHK010000026.1_83_A,C,C,C,Q,H,C,H,JAZKHK010000026.1_83,24.0
GB_GCA_040757715.1,JBFLWS010000002.1_217_A,C,C,C,Q,H,C,H,JBFLWS010000002.1_217,24.0
GB_GCA_044226255.1,JBGAHJ010000020.1_59_A,C,C,C,Q,H,C,H,JBGAHJ010000020.1_59,24.0
GB_GCA_045159875.1,CP067995.1_444_A,C,C,C,Q,H,C,H,CP067995.1_444,24.0
GB_GCA_963663865.1,OY760686.1_947_A,C,C,C,Q,H,C,H,OY760686.1_947,24.0
GB_GCA_963738245.1,CAVTWB010000006.1_101_A,C,C,C,Q,H,C,H,CAVTWB010000006.1_101,24.0
GB_GCA_964408275.1,CAYOYX010000005.1_71_A,C,C,C,Q,H,C,H,CAYOYX010000005.1_71,24.0
GB_GCA_964522695.1,CAZFWX010000118.1_10_A,C,C,C,Q,H,C,H,CAZFWX010000118.1_10,24.0
GB_GCA_964582245.1,CAZOSQ010000203.1_6_A,C,C,C,Q,H,C,H,CAZOSQ010000203.1_6,24.0
GB_GCA_964637385.1,CAZWTM010000046.1_19_A,C,C,C,Q,H,C,H,CAZWTM010000046.1_19,24.0
GB_GCA_965140695.1,OZ223297.1_2071_A,C,C,C,Q,H,C,H,OZ223297.1_2071,24.0
RS_GCF_000171235.2,NZ_ABEA03000004.1_50_A,C,C,C,Q,H,C,H,NZ_ABEA03000004.1_50,24.0
RS_GCF_001571145.1,NZ_BCTF01000008.1_118_A,C,C,C,Q,H,C,H,NZ_BCTF01000008.1_118,24.0
RS_GCF_001956855.1,NZ_MTHD01000006.1_101_A,C,C,C,Q,H,C,H,NZ_MTHD01000006.1_101,24.0
RS_GCF_002556635.1,NZ_MWMO01000010.1_27_A,C,C,C,Q,H,C,H,NZ_MWMO01000010.1_27,24.0
RS_GCF_003339845.1,NZ_PPTR01000007.1_159_A,C,C,C,Q,H,C,H,NZ_PPTR01000007.1_159,24.0
RS_GCF_003864295.1,NZ_BDQK01000001.1_426_A,C,C,C,Q,H,C,H,NZ_BDQK01000001.1_426,24.0
RS_GCF_006175985.1,NZ_SRSH01000010.1_34_A,C,C,C,Q,H,C,H,NZ_SRSH01000010.1_34,24.0
RS_GCF_009649955.1,NZ_CP045875.1_2189_A,C,C,C,Q,H,C,H,NZ_CP045875.1_2189,24.0
RS_GCF_012516435.1,NZ_CP051216.1_2064_A,C,C,C,Q,H,C,H,NZ_CP051216.1_2064,24.0
RS_GCF_015207265.1,NZ_JADEXE010000433.1_2_A,C,C,C,Q,H,C,H,NZ_JADEXE010000433.1_2,24.0
RS_GCF_022482905.1,NZ_JAKVOI010000001.1_1095_A,C,C,C,W,F,C,A,NZ_JAKVOI010000001.1_1095,19.0
RS_GCF_023243075.1,NZ_JALKFZ020000137.1_2_A,C,C,C,Q,H,C,H,NZ_JALKFZ020000137.1_2,24.0
RS_GCF_030680395.1,NZ_JAUXVR010000011.1_45_A,C,C,C,Q,H,C,H,NZ_JAUXVR010000011.1_45,24.0
RS_GCF_040537815.1,NZ_JBEWSZ010000013.1_53_A,C,C,C,Q,H,C,H,NZ_JBEWSZ010000013.1_53,24.0
RS_GCF_051061225.1,NZ_JBPFEB010000031.1_35_A,C,C,C,Q,H,C,H,NZ_JBPFEB010000031.1_35,24.0
RS_GCF_004745425.1,NZ_PGGK01000004.1_121_A,C,C,C,Q,H,C,H,NZ_PGGK01000004.1_121,24.0
GB_GCA_002352565.1,DEIQ01000101.1_2_A,C,C,C,Q,H,C,H,DEIQ01000101.1_2,24.0
GB_GCA_002480565.1,DLCK01000088.1_20_A,C,C,C,Q,H,C,H,DLCK01000088.1_20,24.0
GB_GCA_003245395.1,QKDF01000214.1_7_A,C,C,C,Q,H,C,H,QKDF01000214.1_7,24.0
GB_GCA_004379165.1,NKXK01000031.1_69_A,C,C,C,Q,H,C,H,NKXK01000031.1_69,24.0
GB_GCA_016124535.1,WGNK01000004.1_133_A,C,C,C,Q,H,C,H,WGNK01000004.1_133,24.0
GB_GCA_016699655.1,CP064986.1_4221_A,C,C,C,Q,H,C,H,CP064986.1_4221,24.0
GB_GCA_017889585.1,JAGFZX010000051.1_17_A,C,C,C,Q,H,C,H,JAGFZX010000051.1_17,24.0
GB_GCA_018896025.1,JAHIND010000002.1_39_A,C,C,C,Q,H,C,H,JAHIND010000002.1_39,24.0
GB_GCA_020445205.1,JAGRHA010000290.1_19_A,C,C,C,Q,H,C,H,JAGRHA010000290.1_19,24.0
GB_GCA_022340925.1,JAJDNA010000107.1_36_A,C,C,C,Q,H,C,H,JAJDNA010000107.1_36,24.0
GB_GCA_023407575.1,JAEYLX010000018.1_20_A,C,C,C,Q,H,C,H,JAEYLX010000018.1_20,24.0
GB_GCA_026418675.1,JAOAAX010000058.1_5_A,C,C,C,Q,H,C,H,JAOAAX010000058.1_5,24.0
GB_GCA_030682375.1,JAUXOL010000004.1_163_A,C,C,C,Q,H,C,H,JAUXOL010000004.1_163,24.0
GB_GCA_031290675.1,JAITNC010000060.1_3_A,C,C,C,Q,H,C,H,JAITNC010000060.1_3,24.0
GB_GCA_034432515.1,DAOUBZ010000023.1_6_A,C,C,C,Q,H,C,H,DAOUBZ010000023.1_6,24.0
GB_GCA_036677665.1,JAVBVX010000037.1_31_A,C,C,C,Q,H,C,H,JAVBVX010000037.1_31,24.0
GB_GCA_041583675.1,JBFHFI010000020.1_17_A,C,C,C,Q,H,C,H,JBFHFI010000020.1_17,24.0
GB_GCA_049288935.1,JBAQIQ010000100.1_41_A,C,C,C,Q,H,C,H,JBAQIQ010000100.1_41,24.0
GB_GCA_049515795.1,JBEKTT010000075.1_16_A,C,C,C,Q,H,C,H,JBEKTT010000075.1_16,24.0
GB_GCA_963517115.1,CAUQEW010000020.1_44_A,C,C,C,Q,H,C,H,CAUQEW010000020.1_44,24.0
GB_GCA_963667825.1,OY764022.1_2416_A,C,C,C,Q,H,C,H,OY764022.1_2416,24.0
GB_GCA_963682185.1,OY821667.1_4343_A,C,C,C,Q,H,C,H,OY821667.1_4343,24.0
GB_GCA_963834165.1,CAWIAL010000019.1_248_A,C,C,C,Q,H,C,H,CAWIAL010000019.1_248,24.0
GB_GCA_964434975.1,CAYSWY010000013.1_5_A,C,C,C,Q,H,C,H,CAYSWY010000013.1_5,24.0
GB_GCA_964460955.1,CAYWRP010000030.1_26_A,C,C,C,Q,H,C,H,CAYWRP010000030.1_26,24.0
GB_GCA_964522775.1,CAZFWL010000145.1_3_A,C,C,C,Q,H,C,H,CAZFWL010000145.1_3,24.0
GB_GCA_964582525.1,CAZOSP010000048.1_6_A,C,C,C,Q,H,C,H,CAZOSP010000048.1_6,24.0
RS_GCF_000828055.2,NZ_CP010523.2_1672_A,C,C,C,Q,H,C,H,NZ_CP010523.2_1672,24.0
RS_GCF_001298445.1,NZ_CP012036.1_2686_A,C,C,C,Q,H,C,H,NZ_CP012036.1_2686,24.0
RS_GCF_001715975.1,NZ_MARB01000010.1_41_A,C,C,C,Q,H,C,H,NZ_MARB01000010.1_41,24.0
RS_GCF_003345255.1,NZ_CP029331.1_1582_A,C,C,C,Q,H,C,H,NZ_CP029331.1_1582,24.0
RS_GCF_018476905.1,NZ_JAHCVK010000001.1_146_A,C,C,C,Q,H,C,H,NZ_JAHCVK010000001.1_146,24.0
RS_GCF_019144085.1,NZ_JAHHUY010000010.1_60_A,C,C,C,W,F,C,A,NZ_JAHHUY010000010.1_60,19.0
RS_GCF_028710345.1,NZ_JAQTUH010000011.1_26_A,C,C,C,Q,H,C,H,NZ_JAQTUH010000011.1_26,24.0
RS_GCF_031982545.1,NZ_DALYXB010000001.1_222_A,C,C,C,W,F,C,A,NZ_DALYXB010000001.1_222,19.0
RS_GCF_038442745.1,NZ_JARVCN010000055.1_21_A,C,C,C,Q,H,C,H,NZ_JARVCN010000055.1_21,24.0
RS_GCF_042683065.1,NZ_JBHUIX010000013.1_373_A,C,C,C,Q,H,C,H,NZ_JBHUIX010000013.1_373,24.0
RS_GCF_047421495.1,NZ_CP175559.1_1340_A,C,C,C,Q,H,C,H,NZ_CP175559.1_1340,24.0
RS_GCF_900099905.1,NZ_FNEE01000025.1_26_A,C,C,C,Q,H,C,H,NZ_FNEE01000025.1_26,24.0
RS_GCF_900130055.1,NZ_FQXU01000006.1_180_A,C,C,C,Q,H,C,H,NZ_FQXU01000006.1_180,24.0
GB_GCA_963737635.1,CAVTTL010000001.1_1211_A,C,C,C,Q,H,C,H,CAVTTL010000001.1_1211,24.0
GB_GCA_002399405.1,DHDP01000019.1_197_A,C,C,C,Q,H,C,H,DHDP01000019.1_197,24.0
GB_GCA_002482415.1,DLFY01000306.1_12_A,C,C,C,Q,H,C,H,DLFY01000306.1_12,24.0
GB_GCA_015232825.1,JADFYY010000116.1_7_A,C,C,C,Q,H,C,H,JADFYY010000116.1_7,24.0
GB_GCA_016699695.1,CP065006.1_2996_A,C,C,C,Q,H,C,H,CP065006.1_2996,24.0
GB_GCA_016841205.1,JAENZP010000001.1_249_A,C,C,C,Q,H,C,H,JAENZP010000001.1_249,24.0
GB_GCA_022360135.1,JAKSDM010001827.1_3_A,C,C,C,Q,H,C,H,JAKSDM010001827.1_3,24.0
GB_GCA_023429135.1,JAEYWD010000008.1_206_A,C,C,C,Q,H,C,H,JAEYWD010000008.1_206,24.0
GB_GCA_025458165.1,JALOTB010000014.1_53_A,C,C,C,Q,H,C,H,JALOTB010000014.1_53,24.0
GB_GCA_026418695.1,JAOAAU010000022.1_29_A,C,C,C,Q,H,C,H,JAOAAU010000022.1_29,24.0
GB_GCA_028282595.1,JANQHQ010000003.1_74_A,C,C,C,Q,H,C,H,JANQHQ010000003.1_74,24.0
GB_GCA_031276475.1,JAISMZ010000161.1_2_A,C,C,C,W,F,C,G,JAISMZ010000161.1_2,19.0
GB_GCA_032079965.1,DAMATJ010000013.1_37_A,C,C,C,Q,H,C,H,DAMATJ010000013.1_37,24.0
GB_GCA_036677675.1,JAVBWC010000001.1_66_A,C,C,C,Q,H,C,H,JAVBWC010000001.1_66,24.0
GB_GCA_041583785.1,JBFHFE010000042.1_36_A,C,C,C,Q,H,C,H,JBFHFE010000042.1_36,24.0
GB_GCA_041685265.1,JAWLGC010000088.1_6_A,C,C,C,Q,H,C,H,JAWLGC010000088.1_6,24.0
GB_GCA_044226775.1,JBGAGI010000004.1_252_A,C,C,C,Q,H,C,H,JBGAGI010000004.1_252,24.0
GB_GCA_046347485.1,JAXMGB010000010.1_210_A,C,C,C,Q,H,C,H,JAXMGB010000010.1_210,24.0
GB_GCA_050256135.1,JBFWIF010000082.1_3_A,C,C,C,Q,H,C,H,JBFWIF010000082.1_3,24.0
GB_GCA_050301795.1,JBNKZU010000015.1_132_A,C,C,C,Q,H,C,H,JBNKZU010000015.1_132,24.0
GB_GCA_902786965.1,CADAEJ010000002.1_28_A,C,C,C,W,F,C,G,CADAEJ010000002.1_28,19.0
GB_GCA_903902945.1,CAIUWU010000075.1_13_A,C,C,C,Q,H,C,H,CAIUWU010000075.1_13,24.0
GB_GCA_913009475.1,CAJVYJ010000038.1_8_A,C,C,C,Q,H,C,H,CAJVYJ010000038.1_8,24.0
GB_GCA_963663905.2,OY760657.1_3021_A,C,C,C,Q,H,C,H,OY760657.1_3021,24.0
RS_GCF_000350085.1,NZ_CAUM01000170.1_23_A,C,C,C,Q,H,C,H,NZ_CAUM01000170.1_23,24.0
RS_GCF_000577275.2,NZ_CBYB010000054.1_16_A,C,C,C,Q,H,C,H,NZ_CBYB010000054.1_16,24.0
RS_GCF_001298735.1,NZ_CYSP01000014.1_45_A,C,C,C,Q,H,C,H,NZ_CYSP01000014.1_45,24.0
RS_GCF_001571775.1,NZ_LRVM01000004.1_233_A,C,C,C,Q,H,C,H,NZ_LRVM01000004.1_233,24.0
RS_GCF_004116335.1,NZ_PDKN01000003.1_263_A,C,C,C,Q,H,C,H,NZ_PDKN01000003.1_263,24.0
RS_GCF_009936375.1,NZ_AP022332.1_1120_A,C,C,C,Q,H,C,H,NZ_AP022332.1_1120,24.0
RS_GCF_012769535.1,NZ_CP046565.1_771_A,C,C,C,Q,H,C,H,NZ_CP046565.1_771,24.0
RS_GCF_013377015.1,NZ_JACABA010000002.1_1096_A,C,C,C,Q,H,C,H,NZ_JACABA010000002.1_1096,24.0
RS_GCF_018491765.1,NZ_JABWCU010000006.1_247_A,C,C,C,Q,H,C,H,NZ_JABWCU010000006.1_247,24.0
RS_GCF_020404765.1,NZ_JAIVEM010000188.1_4_A,C,C,C,Q,H,C,H,NZ_JAIVEM010000188.1_4,24.0
RS_GCF_022482905.1,NZ_JAKVOI010000001.1_1100_A,C,C,C,W,F,C,G,NZ_JAKVOI010000001.1_1100,19.0
RS_GCF_030689025.1,NZ_JAUYWA010000004.1_130_A,C,C,C,Q,H,C,H,NZ_JAUYWA010000004.1_130,24.0
RS_GCF_031982545.1,NZ_DALYXB010000001.1_227_A,C,C,C,C,F,C,L,NZ_DALYXB010000001.1_227,19.0
RS_GCF_051061285.1,NZ_JBPFEA010000035.1_2_A,C,C,C,Q,H,C,H,NZ_JBPFEA010000035.1_2,24.0
RS_GCF_902477725.1,NZ_CABSIF010000016.1_61_A,C,C,C,Q,H,C,H,NZ_CABSIF010000016.1_61,24.0
RS_GCF_947301925.1,NZ_CAMYUE010000019.1_37_A,C,C,C,W,F,C,G,NZ_CAMYUE010000019.1_37,19.0
GB_GCA_002067705.1,MVRL01000089.1_11_A,C,C,C,Q,H,C,H,MVRL01000089.1_11,24.0
GB_GCA_001314905.1,LJZT01000032.1_5_A,C,C,C,Q,H,C,H,LJZT01000032.1_5,24.0
GB_GCA_001805105.1,MHEE01000009.1_171_A,C,C,C,Q,H,C,H,MHEE01000009.1_171,24.0
GB_GCA_002869185.1,PKTN01000001.1_165_A,C,C,C,Q,H,C,H,PKTN01000001.1_165,24.0
GB_GCA_008534395.1,SHMQ01000037.1_13_A,C,C,C,Q,H,C,H,SHMQ01000037.1_13,24.0
GB_GCA_011051565.1,DRKX01000122.1_8_A,C,C,C,Q,H,C,H,DRKX01000122.1_8,24.0
GB_GCA_013334745.1,JAAXWY010000004.1_34_A,C,C,C,Q,H,C,H,JAAXWY010000004.1_34,24.0
GB_GCA_018268715.1,JAFDVZ010000014.1_136_A,C,C,C,Q,H,C,H,JAFDVZ010000014.1_136,24.0
GB_GCA_023439545.1,JAEXNT010000068.1_37_A,C,C,C,Q,H,C,H,JAEXNT010000068.1_37,24.0
GB_GCA_031276485.1,JAISMY010000033.1_10_A,C,C,C,Q,H,C,H,JAISMY010000033.1_10,24.0
GB_GCA_031290715.1,JAITNA010000150.1_4_A,C,C,C,Q,H,C,H,JAITNA010000150.1_4,24.0
GB_GCA_034434655.1,DAOTYR010000351.1_8_A,C,C,C,Q,H,C,H,DAOTYR010000351.1_8,24.0
GB_GCA_035319125.1,DATHDG010000013.1_13_A,C,C,C,Q,H,C,H,DATHDG010000013.1_13,24.0
GB_GCA_036260755.1,DATAMD010000034.1_16_A,C,C,C,Q,H,C,H,DATAMD010000034.1_16,24.0
GB_GCA_038206285.1,JBBRBA010000048.1_12_A,C,C,C,Q,H,C,H,JBBRBA010000048.1_12,24.0
GB_GCA_040758155.1,JBFLWB010000135.1_31_A,C,C,C,Q,H,C,H,JBFLWB010000135.1_31,24.0
GB_GCA_049516015.1,JBEKTN010000156.1_10_A,C,C,C,Q,H,C,H,JBEKTN010000156.1_10,24.0
GB_GCA_050010455.1,JBEKLA010000057.1_8_A,C,C,C,Q,H,C,H,JBEKLA010000057.1_8,24.0
GB_GCA_903835655.1,CAILNT010000007.1_10_A,C,C,C,Q,H,C,H,CAILNT010000007.1_10,24.0
GB_GCA_937873575.1,CALMPK010000355.1_20_A,C,C,C,Q,H,C,H,CALMPK010000355.1_20,24.0
GB_GCA_947168935.1,CAMVNV010000033.1_16_A,C,C,C,W,F,C,E,CAMVNV010000033.1_16,19.0
GB_GCA_963676905.2,CAXXVE010000002.1_174_A,C,C,C,Q,H,C,H,CAXXVE010000002.1_174,24.0
GB_GCA_963713845.1,CAVQNJ010000019.1_122_A,C,C,C,Q,H,C,H,CAVQNJ010000019.1_122,24.0
GB_GCA_963785265.1,CAWAUN010000006.1_8_A,C,C,C,Q,H,C,H,CAWAUN010000006.1_8,24.0
GB_GCA_964461065.1,CAYWRK010000004.1_181_A,C,C,C,Q,H,C,H,CAYWRK010000004.1_181,24.0
GB_GCA_964582705.1,CAZOTE010000021.1_12_A,C,C,C,Q,H,C,H,CAZOTE010000021.1_12,24.0
GB_GCA_964637565.1,CAZWTY010000123.1_3_A,C,C,C,Q,H,C,H,CAZWTY010000123.1_3,24.0
GB_GCA_965140705.1,OZ223300.1_136_A,C,C,C,Q,H,C,H,OZ223300.1_136,24.0
RS_GCF_000020985.1,NC_011296.1_1644_A,C,C,C,Q,H,C,H,NC_011296.1_1644,24.0
RS_GCF_000577335.1,NZ_CBYL010000024.1_29_A,C,C,C,W,F,C,G,NZ_CBYL010000024.1_29,19.0
RS_GCF_003116035.1,NZ_LGQW01000015.1_5525_A,C,C,C,Q,H,C,H,NZ_LGQW01000015.1_5525,24.0
RS_GCF_015207365.1,NZ_JADEXA010000026.1_53_A,C,C,C,Q,H,C,H,NZ_JADEXA010000026.1_53,24.0
RS_GCF_016583745.1,NZ_NRRQ01000004.1_102_A,C,C,C,Q,H,C,H,NZ_NRRQ01000004.1_102,24.0
RS_GCF_019144085.1,NZ_JAHHUY010000019.1_8_A,C,C,C,Q,H,C,H,NZ_JAHHUY010000019.1_8,24.0
RS_GCF_021287045.1,NZ_JAJTBG010000005.1_202_A,C,C,C,Q,H,C,H,NZ_JAJTBG010000005.1_202,24.0
RS_GCF_040544975.1,NZ_JBEPKY010000008.1_172_A,C,C,C,Q,H,C,H,NZ_JBEPKY010000008.1_172,24.0
RS_GCF_900100015.1,NZ_FNDD01000018.1_34_A,C,C,C,Q,H,C,H,NZ_FNDD01000018.1_34,24.0
RS_GCF_000204415.1,NC_015416.1_541_A,C,C,C,Q,H,C,H,NC_015416.1_541,24.0
RS_GCF_038446525.1,NZ_CP151792.1_2027_A,C,C,C,Q,H,C,H,NZ_CP151792.1_2027,24.0
GB_GCA_001828935.1,MHZX01000029.1_5_A,C,C,C,Q,H,C,H,MHZX01000029.1_5,24.0
GB_GCA_003574895.1,PJFB01000002.1_340_A,C,C,C,Q,H,C,H,PJFB01000002.1_340,24.0
GB_GCA_016215605.1,JACRJB010000078.1_46_A,C,C,C,Q,H,C,H,JACRJB010000078.1_46,24.0
GB_GCA_016699715.1,CP065007.1_1582_A,C,C,C,Q,H,C,H,CP065007.1_1582,24.0
GB_GCA_016841245.1,JAENZN010000005.1_118_A,C,C,C,Q,H,C,H,JAENZN010000005.1_118,24.0
GB_GCA_018897105.1,JAHILF010000141.1_20_A,C,C,C,Q,H,C,H,JAHILF010000141.1_20,24.0
GB_GCA_022360155.1,JAKSDJ010000199.1_10_A,C,C,C,Q,H,C,H,JAKSDJ010000199.1_10,24.0
GB_GCA_023415475.1,JAEZKL010000017.1_36_A,C,C,C,Q,H,C,H,JAEZKL010000017.1_36,24.0
GB_GCA_023429565.1,JAEZDJ010000054.1_7_A,C,C,C,Q,H,C,H,JAEZDJ010000054.1_7,24.0
GB_GCA_024225635.1,JAAEMK010000863.1_11_A,C,C,C,Q,H,C,H,JAAEMK010000863.1_11,24.0
GB_GCA_024697705.1,JAILFF010000074.1_15_A,C,C,C,W,F,C,-,JAILFF010000074.1_15,18.0
GB_GCA_028707085.1,JAQTUW010000027.1_33_A,C,C,C,Q,H,C,H,JAQTUW010000027.1_33,24.0
GB_GCA_029975435.1,JARKPC010000165.1_5_A,C,C,C,Q,H,C,H,JARKPC010000165.1_5,24.0
GB_GCA_031254315.1,JAIRUQ010000057.1_4_A,C,C,C,Q,H,C,H,JAIRUQ010000057.1_4,24.0
GB_GCA_040758355.1,JBFLWF010000045.1_7_A,C,C,C,Q,H,C,H,JBFLWF010000045.1_7,24.0
GB_GCA_041584055.1,JBFHER010000078.1_8_A,C,C,C,Q,H,C,H,JBFHER010000078.1_8,24.0
GB_GCA_050010575.1,JBEKKU010000086.1_5_A,C,C,C,Q,H,C,H,JBEKKU010000086.1_5,24.0
GB_GCA_051418015.1,JBPRGF010000019.1_82_A,C,C,C,Q,H,C,H,JBPRGF010000019.1_82,24.0
GB_GCA_902786975.1,CADAES010000025.1_22_A,C,C,C,W,F,C,-,CADAES010000025.1_22,18.0
GB_GCA_903869265.1,CAIPYE010000007.1_14_A,C,C,C,Q,H,C,H,CAIPYE010000007.1_14,24.0
GB_GCA_963519465.1,CAUQMY010000007.1_27_A,C,C,C,W,F,C,-,CAUQMY010000007.1_27,18.0
GB_GCA_963663915.1,OY760648.1_1112_A,C,C,C,Q,H,C,H,OY760648.1_1112,24.0
GB_GCA_963668015.2,CAXXCR010000032.1_13_A,C,C,C,Q,H,C,H,CAXXCR010000032.1_13,24.0
GB_GCA_963759955.1,CAVXCA010000079.1_71_A,C,C,C,Q,H,C,H,CAVXCA010000079.1_71,24.0
GB_GCA_963835305.1,CAWIEU010000009.1_537_A,C,C,C,Q,H,C,H,CAWIEU010000009.1_537,24.0
GB_GCA_964549265.1,CAZJWE010000034.1_14_A,C,C,C,Q,H,C,H,CAZJWE010000034.1_14,24.0
RS_GCF_000829235.1,NZ_AP012549.1_1443_A,C,C,C,Q,H,C,H,NZ_AP012549.1_1443,24.0
RS_GCF_001718195.1,NZ_MCNV01000028.1_19_A,C,C,C,Q,H,C,H,NZ_MCNV01000028.1_19,24.0
RS_GCF_002937075.1,NZ_NHSJ01000034.1_143_A,C,C,C,Q,H,C,H,NZ_NHSJ01000034.1_143,24.0
RS_GCF_003347515.1,NZ_QEII01000297.1_146_A,C,C,C,Q,H,C,H,NZ_QEII01000297.1_146,24.0
RS_GCF_004347735.1,NZ_SLTI01000007.1_2_A,C,C,C,Q,H,C,H,NZ_SLTI01000007.1_2,24.0
RS_GCF_009937995.1,NZ_AP021881.1_420_A,C,C,C,Q,H,C,H,NZ_AP021881.1_420,24.0
RS_GCF_013377085.1,NZ_JACAAX010000037.1_44_A,C,C,C,Q,H,C,H,NZ_JACAAX010000037.1_44,24.0
RS_GCF_021287135.1,NZ_JAJTBB010000078.1_153_A,C,C,C,Q,H,C,H,NZ_JAJTBB010000078.1_153,24.0
RS_GCF_022482905.1,NZ_JAKVOI010000001.1_1102_A,C,C,C,W,F,C,-,NZ_JAKVOI010000001.1_1102,18.0
RS_GCF_023250475.1,NZ_JAHFAQ010000047.1_9_A,C,C,C,Q,H,C,H,NZ_JAHFAQ010000047.1_9,24.0
RS_GCF_028713855.1,NZ_JAQTNN010000001.1_327_A,C,C,C,Q,H,C,H,NZ_JAQTNN010000001.1_327,24.0
RS_GCF_031982545.1,NZ_DALYXB010000002.1_261_A,C,C,C,Q,H,C,H,NZ_DALYXB010000002.1_261,24.0
RS_GCF_035668035.1,NZ_JAYMYJ010000152.1_12_A,C,C,C,Q,H,C,H,NZ_JAYMYJ010000152.1_12,24.0
RS_GCF_045689225.1,NZ_CP136862.1_1845_A,C,C,C,Q,H,C,H,NZ_CP136862.1_1845,24.0
RS_GCF_047444035.1,NZ_JBLAOA010000001.1_427_A,C,C,C,Q,H,C,H,NZ_JBLAOA010000001.1_427,24.0
RS_GCF_900184035.1,NZ_FXWP01000009.1_328_A,C,C,C,Q,H,C,H,NZ_FXWP01000009.1_328,24.0
RS_GCF_947331815.1,NZ_OX373462.1_202_A,C,C,C,Q,H,C,H,NZ_OX373462.1_202,24.0
GB_GCA_902158745.1,CABGHH010000072.1_7_A,C,C,C,Q,H,C,H,CABGHH010000072.1_7,24.0
GB_GCA_963738255.1,CAVTVW010000004.1_474_A,C,C,C,Q,H,C,H,CAVTVW010000004.1_474,24.0
RS_GCF_038562635.1,NZ_JBCFBO010000001.1_2367_A,C,C,C,Q,H,C,H,NZ_JBCFBO010000001.1_2367,24.0
GB_GCA_002869535.1,PKUK01000002.1_109_A,-,C,C,Q,H,C,H,PKUK01000002.1_109,20.0
GB_GCA_003245635.1,QKCO01000110.1_5_A,C,C,C,Q,H,C,H,QKCO01000110.1_5,24.0
GB_GCA_011052165.1,DRJN01000053.1_6_A,C,C,C,Q,H,C,H,DRJN01000053.1_6,24.0
GB_GCA_015232955.1,JADFYS010000075.1_2_A,C,C,C,Q,H,C,H,JADFYS010000075.1_2,24.0
GB_GCA_017425245.1,JAFOOX010000004.1_8_A,C,C,C,Q,H,C,H,JAFOOX010000004.1_8,24.0
GB_GCA_018333515.1,JAGXSZ010000017.1_23_A,-,C,C,Q,H,C,H,JAGXSZ010000017.1_23,20.0
GB_GCA_021783135.1,JAJXUE010000011.1_33_A,C,C,C,Q,H,C,H,JAJXUE010000011.1_33,24.0
GB_GCA_022360275.1,JAKSDC010000019.1_8_A,C,C,C,Q,H,C,H,JAKSDC010000019.1_8,24.0
GB_GCA_023407575.1,JAEYLX010000032.1_347_A,C,C,C,W,F,C,-,JAEYLX010000032.1_347,18.0
GB_GCA_024226555.1,JAAELO010000714.1_37_A,C,C,C,Q,H,C,H,JAAELO010000714.1_37,24.0
GB_GCA_026418715.1,JAOAAV010000030.1_11_A,C,C,C,Q,H,C,H,JAOAAV010000030.1_11,24.0
GB_GCA_028282745.1,JANQHJ010000106.1_11_A,C,C,C,Q,H,C,H,JANQHJ010000106.1_11,24.0
GB_GCA_030682615.1,JAUXNY010000099.1_17_A,-,C,C,Q,H,C,H,JAUXNY010000099.1_17,20.0
GB_GCA_034435975.1,DAOTWD010000014.1_47_A,C,C,C,Q,H,C,H,DAOTWD010000014.1_47,24.0
GB_GCA_041686715.1,JAWLDI010000035.1_5_A,C,C,C,Q,H,C,H,JAWLDI010000035.1_5,24.0
GB_GCA_049290615.1,JBATNZ010000255.1_14_A,C,C,C,Q,H,C,H,JBATNZ010000255.1_14,24.0
GB_GCA_049517075.1,JBEKSM010000027.1_30_A,C,C,C,Q,H,C,H,JBEKSM010000027.1_30,24.0
GB_GCA_050010575.1,JBEKKU010000086.1_7_A,C,C,C,Q,H,C,F,JBEKKU010000086.1_7,22.0
GB_GCA_052244495.1,JBQPXH010000004.1_102_A,C,C,C,Q,H,C,H,JBQPXH010000004.1_102,24.0
GB_GCA_903835685.1,CAILNX010000043.1_124_A,C,C,C,Q,H,C,H,CAILNX010000043.1_124,24.0
GB_GCA_964371235.1,CAYJMW010000003.1_74_A,C,C,C,Q,H,C,H,CAYJMW010000003.1_74,24.0
GB_GCA_964582755.1,CAZOTR010000110.1_12_A,C,C,C,Q,H,C,H,CAZOTR010000110.1_12,24.0
RS_GCF_000172795.2,NZ_CP020950.1_282_A,C,C,C,Q,H,C,H,NZ_CP020950.1_282,24.0
RS_GCF_000421105.1,NZ_ATWF01000001.1_762_A,C,C,C,Q,H,C,H,NZ_ATWF01000001.1_762,24.0
RS_GCF_001975465.1,NZ_MPJE01000052.1_12_A,C,C,C,Q,H,C,H,NZ_MPJE01000052.1_12,24.0
RS_GCF_004116495.1,NZ_PDKC01000002.1_69_A,C,C,C,Q,H,C,H,NZ_PDKC01000002.1_69,24.0
RS_GCF_006175995.1,NZ_VDMB01000009.1_12_A,C,C,C,Q,H,C,H,NZ_VDMB01000009.1_12,24.0
RS_GCF_009664085.1,NZ_CP039268.1_1846_A,C,C,C,Q,H,C,H,NZ_CP039268.1_1846,24.0
RS_GCF_018501225.1,NZ_JAHCZI010000001.1_648_A,C,C,C,Q,H,C,H,NZ_JAHCZI010000001.1_648,24.0
RS_GCF_022482905.1,NZ_JAKVOI010000001.1_1107_A,C,C,C,W,F,C,-,NZ_JAKVOI010000001.1_1107,18.0
RS_GCF_024692365.1,NZ_JAILMR010000036.1_47_A,C,C,C,W,F,C,-,NZ_JAILMR010000036.1_47,18.0
RS_GCF_026226615.1,NZ_JAJAPB010000002.1_177_A,C,C,C,Q,H,C,H,NZ_JAJAPB010000002.1_177,24.0
RS_GCF_030691015.1,NZ_JAUYFF010000014.1_50_A,C,C,C,Q,H,C,H,NZ_JAUYFF010000014.1_50,24.0
RS_GCF_038452265.1,NZ_CP151843.1_1162_A,C,C,C,Q,H,C,H,NZ_CP151843.1_1162,24.0
RS_GCF_041916735.1,NZ_JAYRYY010000003.1_90_A,C,C,C,Q,H,C,H,NZ_JAYRYY010000003.1_90,24.0
RS_GCF_047444045.1,NZ_JBLAOB010000003.1_3329_A,C,C,C,Q,H,C,H,NZ_JBLAOB010000003.1_3329,24.0
RS_GCF_900110485.1,NZ_FODY01000019.1_7_A,C,C,C,Q,H,C,H,NZ_FODY01000019.1_7,24.0
GB_GCA_964497545.1,CAZCCY010000013.1_22_A,C,C,C,Q,H,C,H,CAZCCY010000013.1_22,24.0
RS_GCF_006546655.1,NZ_VIAQ01000015.1_117_A,C,C,C,Q,H,C,H,NZ_VIAQ01000015.1_117,24.0
GB_GCA_000244995.1,CM001438.1_1009_A,C,C,C,Q,H,C,H,CM001438.1_1009,24.0
GB_GCA_002356515.1,AP017605.1_5207_A,C,C,C,Q,H,C,H,AP017605.1_5207,24.0
GB_GCA_003245715.1,QKCJ01000049.1_165_A,C,C,C,Q,H,C,H,QKCJ01000049.1_165,24.0
GB_GCA_003583745.1,QXPY01000013.1_92_A,C,C,C,Q,H,C,H,QXPY01000013.1_92,24.0
GB_GCA_016124745.1,WGNC01000010.1_186_A,C,C,C,Q,H,C,H,WGNC01000010.1_186,24.0
GB_GCA_017889625.1,JAGGAD010000016.1_55_A,C,C,C,Q,H,C,H,JAGGAD010000016.1_55,24.0
GB_GCA_019752775.1,JAIELU010000219.1_6_A,C,C,C,Q,H,C,H,JAIELU010000219.1_6,24.0
GB_GCA_021812385.1,JAKANO010000010.1_80_A,C,C,C,Q,H,C,H,JAKANO010000010.1_80,24.0
GB_GCA_023249405.1,JAHFCR010000035.1_20_A,C,C,C,Q,H,C,H,JAHFCR010000035.1_20,24.0
GB_GCA_023439835.1,JAEXUW010000005.1_184_A,C,C,C,Q,H,C,H,JAEXUW010000005.1_184,24.0
GB_GCA_024697845.1,JAILRZ010000055.1_23_A,C,C,C,C,F,C,H,JAILRZ010000055.1_23,21.0
GB_GCA_030682715.1,JAUXNQ010000044.1_27_A,C,C,C,Q,H,C,H,JAUXNQ010000044.1_27,24.0
GB_GCA_031270985.1,JAISWR010000023.1_14_A,C,C,C,Q,H,C,H,JAISWR010000023.1_14,24.0
GB_GCA_038327925.1,JBBQLM010000013.1_70_A,C,C,C,Q,H,C,H,JBBQLM010000013.1_70,24.0
GB_GCA_046347625.1,JAXMFU010000003.1_712_A,C,C,C,Q,H,C,H,JAXMFU010000003.1_712,24.0
GB_GCA_049518535.1,JBEKRS010000095.1_12_A,C,C,C,Q,H,C,H,JBEKRS010000095.1_12,24.0
GB_GCA_051418075.1,JBPRGG010000127.1_74_A,C,C,C,Q,H,C,H,JBPRGG010000127.1_74,24.0
GB_GCA_052267165.1,JBKQHO010000050.1_42_A,C,C,C,Q,H,C,H,JBKQHO010000050.1_42,24.0
GB_GCA_903836465.1,CAILRB010000025.1_8_A,C,C,C,Q,H,C,H,CAILRB010000025.1_8,24.0
GB_GCA_963785365.1,CAWAUZ010000005.1_168_A,C,C,C,Q,H,C,H,CAWAUZ010000005.1_168,24.0
GB_GCA_963806685.1,CAWDZB010000014.1_74_A,C,C,C,Q,H,C,H,CAWDZB010000014.1_74,24.0
GB_GCA_964435245.1,CAYSYU010000014.1_15_A,C,C,C,Q,H,C,H,CAYSYU010000014.1_15,24.0
GB_GCA_964462255.1,CAYWXO010000062.1_4_A,C,C,C,Q,H,C,H,CAYWXO010000062.1_4,24.0
GB_GCA_964583095.1,CAZOVB010000038.1_21_A,C,C,C,Q,H,C,H,CAZOVB010000038.1_21,24.0
GB_GCA_965140735.1,OZ223306.1_1176_A,C,C,C,Q,H,C,H,OZ223306.1_1176,24.0
RS_GCF_000011905.1,NC_002936.3_1090_A,C,C,C,Q,H,C,H,NC_002936.3_1090,24.0
RS_GCF_000021485.1,NC_011761.1_1403_A,C,C,C,Q,H,C,H,NC_011761.1_1403,24.0
RS_GCF_000739775.1,NZ_BBJH01000048.1_51_A,C,C,C,Q,H,C,H,NZ_BBJH01000048.1_51,24.0
RS_GCF_000829825.1,NZ_JXSL01000020.1_428_A,C,C,C,Q,H,C,H,NZ_JXSL01000020.1_428,24.0
RS_GCF_003952365.1,NZ_CP034443.1_2401_A,C,C,C,Q,H,C,H,NZ_CP034443.1_2401,24.0
RS_GCF_022482905.1,NZ_JAKVOI010000001.1_2961_A,C,C,C,Q,H,C,H,NZ_JAKVOI010000001.1_2961,24.0
RS_GCF_026230175.1,NZ_CP104208.1_1436_A,C,C,C,Q,H,C,H,NZ_CP104208.1_1436,24.0
RS_GCF_028713855.1,NZ_JAQTNN010000009.1_11_A,C,C,C,Q,H,C,H,NZ_JAQTNN010000009.1_11,24.0
RS_GCF_040545255.1,NZ_JBEPLM010000018.1_59_A,C,C,C,Q,H,C,H,NZ_JBEPLM010000018.1_59,24.0
RS_GCF_900184795.1,NZ_FXXN01000028.1_30_A,C,C,C,Q,H,C,H,NZ_FXXN01000028.1_30,24.0
GB_GCA_023399215.1,JAEWQJ010000036.1_28_A,C,C,C,Q,H,C,H,JAEWQJ010000036.1_28,24.0
GB_GCA_001443525.1,LKPX01000013.1_55_A,C,C,C,Q,H,C,H,LKPX01000013.1_55,24.0
GB_GCA_001829125.1,MIAN01000268.1_27_A,C,C,C,Q,H,C,H,MIAN01000268.1_27,24.0
GB_GCA_002402945.1,DHGV01000056.1_9_A,C,C,C,Q,H,C,H,DHGV01000056.1_9,24.0
GB_GCA_004564215.1,CP024846.1_2446_A,C,C,C,Q,H,C,H,CP024846.1_2446,24.0
GB_GCA_012719495.1,JAAYAG010000022.1_8_A,C,C,C,Q,H,C,H,JAAYAG010000022.1_8,24.0
GB_GCA_013334755.1,JAAXWX010000028.1_8_A,C,C,C,Q,H,C,H,JAAXWX010000028.1_8,24.0
GB_GCA_016702605.1,JADJDQ010000002.1_436_A,C,C,C,Q,H,C,H,JADJDQ010000002.1_436,24.0
GB_GCA_016841605.1,JAENYV010000001.1_352_A,C,C,C,Q,H,C,H,JAENYV010000001.1_352,24.0
GB_GCA_018901125.1,JAHIFE010000121.1_51_A,C,C,C,Q,H,C,H,JAHIFE010000121.1_51,24.0
GB_GCA_021813405.1,JAKAKS010000022.1_101_A,C,C,C,Q,H,C,H,JAKAKS010000022.1_101,24.0
GB_GCA_023249405.1,JAHFCR010000035.1_22_A,C,C,C,Q,H,C,F,JAHFCR010000035.1_22,22.0
GB_GCA_023429685.1,JAEZDF010000050.1_12_A,C,C,C,Q,H,C,H,JAEZDF010000050.1_12,24.0
GB_GCA_023440865.1,JAEXRM010000053.1_21_A,C,C,C,Q,H,C,H,JAEXRM010000053.1_21,24.0
GB_GCA_029976065.1,JARKNV010000012.1_42_A,C,C,C,Q,H,C,H,JARKNV010000012.1_42,24.0
GB_GCA_031276635.1,JAISMU010000131.1_10_A,C,C,C,Q,H,C,H,JAISMU010000131.1_10,24.0
GB_GCA_034436075.1,DAOTWI010000632.1_2_A,C,C,C,Q,H,C,H,DAOTWI010000632.1_2,24.0
GB_GCA_036677685.1,JAVBWA010000020.1_30_A,C,C,C,Q,H,C,H,JAVBWA010000020.1_30,24.0
GB_GCA_040758395.1,JBFLVP010000020.1_61_A,C,C,C,Q,H,C,H,JBFLVP010000020.1_61,24.0
GB_GCA_041584215.1,JBFHEM010000017.1_58_A,C,C,C,Q,H,C,H,JBFHEM010000017.1_58,24.0
GB_GCA_041686745.1,JAWLDH010000001.1_765_A,C,C,C,Q,H,C,H,JAWLDH010000001.1_765,24.0
GB_GCA_050257935.1,JBLMXV010000112.1_9_A,C,C,C,Q,H,C,H,JBLMXV010000112.1_9,24.0
GB_GCA_050302275.1,JBNLAT010000009.1_63_A,C,C,C,Q,H,C,H,JBNLAT010000009.1_63,24.0
GB_GCA_913041495.1,CAJWHT010000026.1_20_A,C,C,C,Q,H,C,H,CAJWHT010000026.1_20,24.0
GB_GCA_963519465.1,CAUQMY010000008.1_208_A,C,C,C,Q,H,C,H,CAUQMY010000008.1_208,24.0
GB_GCA_963663935.2,CAXXIT010000010.1_71_A,C,C,C,Q,H,C,H,CAXXIT010000010.1_71,24.0
GB_GCA_963676925.1,OY781473.1_1020_A,C,C,C,Q,H,C,H,OY781473.1_1020,24.0
GB_GCA_964489465.1,CAZAYV010000017.1_28_A,C,C,C,Q,H,C,H,CAZAYV010000017.1_28,24.0
GB_GCA_964549435.1,CAZJVB010000033.1_17_A,C,C,C,W,F,C,F,CAZJVB010000033.1_17,19.0
RS_GCF_000172795.2,NZ_CP020950.1_375_A,C,C,C,Q,H,C,H,NZ_CP020950.1_375,24.0
RS_GCF_000230835.1,NZ_CM001240.1_3263_A,C,C,C,Q,H,C,H,NZ_CM001240.1_3263,24.0
RS_GCF_000297095.1,NZ_AEEA01000066.1_57_A,C,C,C,Q,H,C,H,NZ_AEEA01000066.1_57,24.0
RS_GCF_001718695.1,NZ_CP013421.1_217_A,C,C,C,Q,H,C,H,NZ_CP013421.1_217,24.0
RS_GCF_006210265.1,NZ_VCNC01000006.1_73_A,C,C,C,Q,H,C,H,NZ_VCNC01000006.1_73,24.0
RS_GCF_017742835.1,NZ_CP072392.1_752_A,C,C,C,Q,H,C,H,NZ_CP072392.1_752,24.0
RS_GCF_023255755.1,NZ_JAGDVS010000093.1_28_A,C,C,C,Q,H,C,H,NZ_JAGDVS010000093.1_28,24.0
RS_GCF_029989365.1,NZ_JAPRAQ010000021.1_91_A,C,C,C,Q,H,C,H,NZ_JAPRAQ010000021.1_91,24.0
GB_GCA_902384525.1,CABMCA010000102.1_35_A,C,C,C,Q,H,C,H,CABMCA010000102.1_35,24.0
GB_GCA_963741475.1,CAVUHZ010000002.1_37_A,C,C,C,Q,H,C,H,CAVUHZ010000002.1_37,24.0
RS_GCF_011620785.1,NZ_WOYM01000080.1_14_A,C,C,C,Q,H,C,H,NZ_WOYM01000080.1_14,24.0
GB_GCA_001462245.1,LIUG01000026.1_15_A,C,C,C,Q,H,C,H,LIUG01000026.1_15,24.0
GB_GCA_002306975.1,DBTI01000098.1_17_A,C,C,C,Q,H,C,H,DBTI01000098.1_17,24.0
GB_GCA_002483605.1,DLIG01000011.1_23_A,C,C,C,Q,H,C,H,DLIG01000011.1_23,24.0
GB_GCA_002869565.1,PKUJ01000002.1_113_A,C,C,C,Q,H,C,H,PKUJ01000002.1_113,24.0
GB_GCA_016217595.1,JACRHS010000005.1_144_A,C,C,C,Q,H,C,H,JACRHS010000005.1_144,24.0
GB_GCA_023429685.1,JAEZDF010000059.1_7_A,C,C,C,W,F,C,I,JAEZDF010000059.1_7,19.0
GB_GCA_024697845.1,JAILRZ010000055.1_39_A,C,C,C,W,F,C,V,JAILRZ010000055.1_39,19.0
GB_GCA_029256725.1,JAQSXJ010000063.1_10_A,C,C,C,Q,H,C,H,JAQSXJ010000063.1_10,24.0
GB_GCA_031290815.1,JAISLO010000130.1_14_A,C,C,C,W,F,C,M,JAISLO010000130.1_14,19.0
GB_GCA_035319185.1,DATHDF010000102.1_6_A,C,C,C,Q,H,C,H,DATHDF010000102.1_6,24.0
GB_GCA_038206935.1,JBBRAJ010000011.1_56_A,C,C,C,Q,H,C,H,JBBRAJ010000011.1_56,24.0
GB_GCA_040388965.1,JAZKAV010000048.1_13_A,C,C,C,Q,H,C,H,JAZKAV010000048.1_13,24.0
GB_GCA_042691655.1,CP170506.1_383_A,C,C,C,Q,H,C,H,CP170506.1_383,24.0
GB_GCA_044227195.1,JBGAFQ010000057.1_8_A,C,C,C,Q,H,C,H,JBGAFQ010000057.1_8,24.0
GB_GCA_049291695.1,JBATPX010000011.1_18_A,C,C,C,Q,H,C,H,JBATPX010000011.1_18,24.0
GB_GCA_052318935.1,JBQRKO010000004.1_155_A,C,C,C,Q,H,C,H,JBQRKO010000004.1_155,24.0
GB_GCA_903869365.1,CAIPYV010000127.1_36_A,C,C,C,Q,H,C,H,CAIPYV010000127.1_36,24.0
GB_GCA_937874515.1,CALNBV010000093.1_4_A,C,C,C,Q,H,C,H,CALNBV010000093.1_4,24.0
GB_GCA_963668125.1,OY764215.1_528_A,C,C,C,Q,H,C,H,OY764215.1_528,24.0
GB_GCA_963714255.1,CAVQNU010000018.1_159_A,C,C,C,Q,H,C,H,CAVQNU010000018.1_159,24.0
GB_GCA_963760455.1,CAVXDM010000026.1_22_A,C,C,C,Q,H,C,H,CAVXDM010000026.1_22,24.0
GB_GCA_963806835.1,CAWEAR010000059.1_12_A,C,C,C,Q,H,C,H,CAWEAR010000059.1_12,24.0
GB_GCA_964583605.1,CAZOWL010000004.1_47_A,C,C,C,Q,H,C,H,CAZOWL010000004.1_47,24.0
GB_GCA_964613745.1,CAZTJA010000066.1_5_A,C,C,C,Q,H,C,H,CAZTJA010000066.1_5,24.0
RS_GCF_000876015.1,NZ_BBQM01000004.1_89_A,C,C,C,Q,H,C,H,NZ_BBQM01000004.1_89,24.0
RS_GCF_004116725.1,NZ_PDKG01000003.1_251_A,C,C,C,Q,H,C,H,NZ_PDKG01000003.1_251,24.0
RS_GCF_006265165.1,NZ_VDCH01000015.1_12_A,C,C,C,Q,H,C,H,NZ_VDCH01000015.1_12,24.0
RS_GCF_010131535.1,NZ_WUBS01000006.1_4_A,C,C,C,Q,H,C,H,NZ_WUBS01000006.1_4,24.0
RS_GCF_013385175.1,NZ_JABZEO010000004.1_153_A,C,C,C,Q,H,C,H,NZ_JABZEO010000004.1_153,24.0
RS_GCF_019160155.1,NZ_JAFNIH010000051.1_31_A,C,C,C,Q,H,C,H,NZ_JAFNIH010000051.1_31,24.0
RS_GCF_021290925.1,NZ_JAJSLX010000003.1_202_A,C,C,C,Q,H,C,H,NZ_JAJSLX010000003.1_202,24.0
RS_GCF_024707545.1,NZ_CP062229.1_6903_A,C,C,C,Q,H,C,H,NZ_CP062229.1_6903,24.0
RS_GCF_032064125.1,NZ_DAMBNZ010000003.1_327_A,C,C,C,Q,H,C,H,NZ_DAMBNZ010000003.1_327,24.0
RS_GCF_038562415.1,NZ_JBCFBA010000002.1_253_A,C,C,C,Q,H,C,H,NZ_JBCFBA010000002.1_253,24.0
RS_GCF_051124815.1,NZ_CP118485.1_631_A,C,C,C,Q,H,C,H,NZ_CP118485.1_631,24.0
RS_GCF_900100455.1,NZ_FNCV01000009.1_2_A,C,C,C,Q,H,C,H,NZ_FNCV01000009.1_2,24.0
GB_GCA_902385025.1,CABMDX010000198.1_2_A,C,C,C,Q,H,C,H,CABMDX010000198.1_2,24.0
GB_GCA_964501085.1,CAZCRM010000001.1_7_A,C,C,C,Q,H,C,H,CAZCRM010000001.1_7,24.0
RS_GCF_000214415.1,NC_015562.1_1759_A,C,C,C,Q,H,C,H,NC_015562.1_1759,24.0
GB_GCA_002403375.1,DHHQ01000008.1_149_A,C,C,C,Q,H,C,H,DHHQ01000008.1_149,24.0
GB_GCA_015233015.1,JADFYO010000021.1_14_A,C,C,C,Q,H,C,H,JADFYO010000021.1_14,24.0
GB_GCA_018902545.1,JAHIQM010000004.1_182_A,C,C,C,Q,H,C,H,JAHIQM010000004.1_182,24.0
GB_GCA_019753155.1,JAIELG010000009.1_62_A,C,C,C,Q,H,C,H,JAIELG010000009.1_62,24.0
GB_GCA_023392615.1,JAEVYT010000002.1_294_A,C,C,C,Q,H,C,H,JAEVYT010000002.1_294,24.0
GB_GCA_023408075.1,JAEYKW010000033.1_45_A,C,C,C,Q,H,C,H,JAEYKW010000033.1_45,24.0
GB_GCA_028707175.1,JAQTUV010000005.1_169_A,C,C,C,Q,H,C,H,JAQTUV010000005.1_169,24.0
GB_GCA_030432235.1,JAUIHT010000003.1_185_A,C,C,C,Q,H,C,H,JAUIHT010000003.1_185,24.0
GB_GCA_031290835.1,JAISLN010000127.1_6_A,C,C,C,Q,H,C,H,JAISLN010000127.1_6,24.0
GB_GCA_036261135.1,DATALJ010000044.1_28_A,C,C,C,Q,H,C,H,DATALJ010000044.1_28,24.0
GB_GCA_037134395.1,JBAXMH010000146.1_5_A,C,C,C,Q,H,C,H,JBAXMH010000146.1_5,24.0
GB_GCA_038207155.1,JBBRAB010000002.1_14_A,C,C,C,Q,H,C,H,JBBRAB010000002.1_14,24.0
GB_GCA_039815185.1,JBCBZT010000028.1_101_A,C,C,C,Q,H,C,H,JBCBZT010000028.1_101,24.0
GB_GCA_040758635.1,JBFLVI010000012.1_9_A,-,C,C,Q,H,C,P,JBFLVI010000012.1_9,18.0
GB_GCA_041586615.1,JBFGZS010000003.1_48_A,C,C,C,Q,H,C,H,JBFGZS010000003.1_48,24.0
GB_GCA_046348145.1,JAXMET010000010.1_143_A,C,C,C,Q,H,C,H,JAXMET010000010.1_143,24.0
GB_GCA_049294595.1,JBAQDE010000013.1_100_A,C,C,C,Q,H,C,H,JBAQDE010000013.1_100,24.0
GB_GCA_050010735.1,JBEKKL010000094.1_9_A,C,C,C,Q,H,C,H,JBEKKL010000094.1_9,24.0
GB_GCA_050259735.1,JBLNBE010000007.1_3_A,C,C,C,Q,H,C,H,JBLNBE010000007.1_3,24.0
GB_GCA_050302315.1,JBNLAV010000169.1_51_A,C,C,C,Q,H,C,H,JBNLAV010000169.1_51,24.0
GB_GCA_902787825.1,CADAHS010000002.1_122_A,C,C,C,W,F,C,L,CADAHS010000002.1_122,19.0
GB_GCA_964462565.1,CAYWYC010000130.1_7_A,C,C,C,Q,H,C,H,CAYWYC010000130.1_7,24.0
GB_GCA_964490805.1,CAZBEB010000001.1_197_A,C,C,C,Q,H,C,H,CAZBEB010000001.1_197,24.0
GB_GCA_964523045.1,CAZFXO010000058.1_21_A,C,C,C,Q,H,C,H,CAZFXO010000058.1_21,24.0
RS_GCF_000012485.1,NC_007512.1_1577_A,C,C,C,Q,H,C,H,NC_007512.1_1577,24.0
RS_GCF_000350485.1,NZ_AORV01000038.1_21_A,C,C,C,Q,H,C,H,NZ_AORV01000038.1_21,24.0
RS_GCF_002222655.1,NZ_CP022423.1_580_A,C,C,C,Q,H,C,H,NZ_CP022423.1_580,24.0
RS_GCF_003119115.1,NZ_CP022364.1_840_A,C,C,C,Q,H,C,H,NZ_CP022364.1_840,24.0
RS_GCF_003347665.1,NZ_QDGA01000132.1_11_A,C,C,C,Q,H,C,H,NZ_QDGA01000132.1_11,24.0
RS_GCF_009664975.1,NZ_WJXB01000012.1_102_A,C,C,C,Q,H,C,H,NZ_WJXB01000012.1_102,24.0
RS_GCF_012863495.1,NZ_JAAVJL010000002.1_642_A,C,C,C,Q,H,C,H,NZ_JAAVJL010000002.1_642,24.0
RS_GCF_014203125.1,NZ_JACHIH010000016.1_88_A,C,C,C,Q,H,C,H,NZ_JACHIH010000016.1_88,24.0
RS_GCF_028714775.1,NZ_JAQTLS010000017.1_58_A,C,C,C,Q,H,C,H,NZ_JAQTLS010000017.1_58,24.0
RS_GCF_900130065.1,NZ_FQXV01000005.1_194_A,C,C,C,Q,H,C,H,NZ_FQXV01000005.1_194,24.0
GB_GCA_030017655.1,JASEIM010000001.1_63_A,C,C,C,Q,H,C,H,JASEIM010000001.1_63,24.0
GB_GCA_902385025.1,CABMDX010000290.1_2_A,C,C,C,Q,H,C,H,CABMDX010000290.1_2,24.0
RS_GCF_000214415.1,NC_015562.1_1765_A,C,C,C,Q,H,C,P,NC_015562.1_1765,22.0
RS_GCF_041305605.1,NZ_JBFYLB010000090.1_2_A,C,C,C,Q,H,C,H,NZ_JBFYLB010000090.1_2,24.0
GB_GCA_003245785.1,QKCE01000036.1_10_A,C,C,C,Q,H,C,H,QKCE01000036.1_10,24.0
GB_GCA_003584865.1,QVQE01000170.1_11_A,C,C,C,Q,H,C,H,QVQE01000170.1_11,24.0
GB_GCA_008933675.1,WBUO01000103.1_9_A,C,C,C,Q,H,C,H,WBUO01000103.1_9,24.0
GB_GCA_012719555.1,JAAYAE010000064.1_6_A,C,C,C,Q,H,C,H,JAAYAE010000064.1_6,24.0
GB_GCA_014380135.1,JACMKN010000012.1_2_A,C,C,C,Q,H,C,H,JACMKN010000012.1_2,24.0
GB_GCA_018333785.1,JAGXSU010000059.1_3_A,C,C,C,Q,H,C,H,JAGXSU010000059.1_3,24.0
GB_GCA_023251455.1,JAHEYT010000020.1_59_A,C,C,C,Q,H,C,H,JAHEYT010000020.1_59,24.0
GB_GCA_024233215.1,JACKPW010000028.1_45_A,C,C,C,Q,H,C,H,JACKPW010000028.1_45,24.0
GB_GCA_024698145.1,JAILRO010000057.1_52_A,C,C,C,V,Y,C,F,JAILRO010000057.1_52,19.0
GB_GCA_028282825.1,JANQGZ010000123.1_126_A,C,C,C,Q,H,C,H,JANQGZ010000123.1_126,24.0
GB_GCA_029976075.1,JARKNW010000137.1_2_A,C,C,C,Q,H,C,H,JARKNW010000137.1_2,24.0
GB_GCA_031271165.1,JAISWF010000076.1_7_A,C,C,C,Q,H,C,H,JAISWF010000076.1_7,24.0
GB_GCA_034436755.1,DAOTVB010000190.1_9_A,C,C,C,Q,H,C,H,DAOTVB010000190.1_9,24.0
GB_GCA_040758635.1,JBFLVI010000012.1_12_A,C,C,C,Q,H,C,H,JBFLVI010000012.1_12,24.0
GB_GCA_051439425.1,JBFRWD010000182.1_22_A,C,C,C,Q,H,C,H,JBFRWD010000182.1_22,24.0
GB_GCA_937876625.1,CALEGN010000194.1_23_A,C,C,C,Q,H,C,H,CALEGN010000194.1_23,24.0
GB_GCA_947169885.1,CAMVRM010000019.1_25_A,C,C,C,W,F,C,G,CAMVRM010000019.1_25,19.0
GB_GCA_963521185.1,CAUQTV010000001.1_822_A,C,C,C,Q,H,C,H,CAUQTV010000001.1_822,24.0
GB_GCA_963668145.2,CAXXJU010000029.1_16_A,C,C,C,Q,H,C,H,CAXXJU010000029.1_16,24.0
GB_GCA_963676955.1,OY781461.1_2362_A,C,C,C,Q,H,C,H,OY781461.1_2362,24.0
GB_GCA_963714805.1,CAVQPO010000004.1_204_A,C,C,C,Q,H,C,H,CAVQPO010000004.1_204,24.0
GB_GCA_963760695.1,CAVXEI010000026.1_80_A,C,C,C,Q,H,C,H,CAVXEI010000026.1_80,24.0
GB_GCA_963786435.1,CAWAZK010000002.1_1653_A,C,C,C,Q,H,C,H,CAWAZK010000002.1_1653,24.0
GB_GCA_963807205.1,CAWEAQ010000002.1_4139_A,C,C,C,Q,H,C,H,CAWEAQ010000002.1_4139,24.0
GB_GCA_964410555.1,CAYPHM010000016.1_29_A,C,C,C,Q,H,C,H,CAYPHM010000016.1_29,24.0
GB_GCA_964490985.1,CAZBER010000028.1_15_A,C,C,C,Q,H,C,H,CAZBER010000028.1_15,24.0
GB_GCA_964523295.1,CAZGAH010000043.1_23_A,C,C,C,Q,H,C,H,CAZGAH010000043.1_23,24.0
GB_GCA_965140765.1,OZ223308.1_248_A,C,C,C,Q,H,C,H,OZ223308.1_248,24.0
RS_GCF_000174415.1,NZ_ACJM01000023.1_8_A,C,C,C,Q,H,C,H,NZ_ACJM01000023.1_8,24.0
RS_GCF_000230995.2,NC_019973.1_5726_A,C,C,C,Q,H,C,H,NC_019973.1_5726,24.0
RS_GCF_000577895.1,NZ_HG917869.1_427_A,C,C,C,Q,H,C,H,NZ_HG917869.1_427,24.0
RS_GCF_000739815.1,NZ_BBJJ01000077.1_10_A,C,C,C,Q,H,C,H,NZ_BBJJ01000077.1_10,24.0
RS_GCF_001719045.1,NZ_CP015423.1_3582_A,C,C,C,Q,H,C,H,NZ_CP015423.1_3582,24.0
RS_GCF_002633015.1,NZ_NSIU01000013.1_17_A,C,C,C,Q,H,C,H,NZ_NSIU01000013.1_17,24.0
RS_GCF_003349955.1,NZ_QLKQ01000067.1_33_A,C,C,C,Q,H,C,H,NZ_QLKQ01000067.1_33,24.0
RS_GCF_003952385.1,NZ_CP034444.1_2161_A,C,C,C,Q,H,C,H,NZ_CP034444.1_2161,24.0
RS_GCF_004353905.1,NZ_SMOD01000089.1_8_A,C,C,C,Q,H,C,H,NZ_SMOD01000089.1_8,24.0
RS_GCF_008001235.1,NZ_CP040751.1_1629_A,C,C,C,Q,H,C,H,NZ_CP040751.1_1629,24.0
RS_GCF_016583785.1,NZ_NRRU01000140.1_7_A,C,C,C,Q,H,C,H,NZ_NRRU01000140.1_7,24.0
RS_GCF_018524365.1,NZ_JAEKFT010000004.1_135_A,C,C,C,Q,H,C,H,NZ_JAEKFT010000004.1_135,24.0
RS_GCF_021295395.1,NZ_JAIWOU010000001.1_1291_A,C,C,C,Q,H,C,H,NZ_JAIWOU010000001.1_1291,24.0
RS_GCF_023278185.1,NZ_CP066356.1_7124_A,C,C,C,Q,H,C,H,NZ_CP066356.1_7124,24.0
RS_GCF_026240635.1,NZ_CP110848.1_3554_A,C,C,C,Q,H,C,H,NZ_CP110848.1_3554,24.0
RS_GCF_047456275.1,NZ_CP173357.1_3091_A,C,C,C,Q,H,C,H,NZ_CP173357.1_3091,24.0
RS_GCF_900110885.1,NZ_FOFJ01000003.1_48_A,C,C,C,Q,H,C,H,NZ_FOFJ01000003.1_48,24.0
GB_GCA_011620845.1,WOYJ01000090.1_7_A,C,C,C,Q,H,C,H,WOYJ01000090.1_7,24.0
GB_GCA_902386135.1,CABMIB010000093.1_5_A,C,C,C,Q,H,C,H,CABMIB010000093.1_5,24.0
GB_GCA_964501105.1,CAZCRG010000008.1_17_A,C,C,C,Q,H,C,H,CAZCRG010000008.1_17,24.0
GB_GCA_000309945.1,CM001633.1_4872_A,C,C,C,Q,H,C,H,CM001633.1_4872,24.0
GB_GCA_001462245.1,LIUG01000033.1_62_A,C,C,C,Q,H,C,H,LIUG01000033.1_62,24.0
GB_GCA_002403385.1,DHHR01000071.1_16_A,C,C,C,Q,H,C,H,DHHR01000071.1_16,24.0
GB_GCA_002869615.1,PKUH01000036.1_19_A,C,C,C,Q,H,C,H,PKUH01000036.1_19,24.0
GB_GCA_003194495.1,PQXE01000038.1_20_A,C,C,C,Q,H,C,H,PQXE01000038.1_20,24.0
GB_GCA_003245815.1,QKCD01000094.1_5_A,C,C,C,Q,H,C,H,QKCD01000094.1_5,24.0
GB_GCA_008933795.1,WBUJ01000008.1_13_A,C,C,C,Q,H,C,H,WBUJ01000008.1_13,24.0
GB_GCA_016217665.1,JACRHF010000025.1_10_A,C,C,C,Q,H,C,H,JACRHF010000025.1_10,24.0
GB_GCA_016842065.1,JAEPDS010000035.1_40_A,C,C,C,Q,H,C,H,JAEPDS010000035.1_40,24.0
GB_GCA_021783515.1,JAJXTV010000007.1_87_A,C,C,C,Q,H,C,H,JAJXTV010000007.1_87,24.0
GB_GCA_021813445.1,JAKAKP010000064.1_26_A,C,C,C,Q,H,C,H,JAKAKP010000064.1_26,24.0
GB_GCA_023408315.1,JAEYKI010000001.1_180_A,C,C,C,-,F,S,E,JAEYKI010000001.1_180,15.0
GB_GCA_023429995.1,JAEZCE010000027.1_102_A,C,C,C,Q,H,C,H,JAEZCE010000027.1_102,24.0
GB_GCA_024233305.1,JACKPV010000023.1_320_A,C,C,C,Q,H,C,H,JACKPV010000023.1_320,24.0
GB_GCA_028707275.1,JAQTUP010000009.1_65_A,C,C,C,Q,H,C,H,JAQTUP010000009.1_65,24.0
GB_GCA_030684815.1,JAUXXQ010000024.1_53_A,C,C,C,Q,H,C,H,JAUXXQ010000024.1_53,24.0
GB_GCA_034436975.1,DAOTUE010000133.1_19_A,C,C,C,Q,H,C,H,DAOTUE010000133.1_19,24.0
GB_GCA_035319325.1,DATHCX010000007.1_3_A,C,C,C,Q,H,C,H,DATHCX010000007.1_3,24.0
GB_GCA_038329115.1,JBBQMQ010000089.1_10_A,C,C,C,Q,H,C,H,JBBQMQ010000089.1_10,24.0
GB_GCA_049519075.1,JBEKRD010000074.1_41_A,C,C,C,Q,H,C,H,JBEKRD010000074.1_41,24.0
GB_GCA_900546895.1,UREO01000034.1_10_A,C,C,C,Q,H,C,H,UREO01000034.1_10,24.0
GB_GCA_903934875.1,CAIZPP010000213.1_7_A,C,C,C,Q,H,C,H,CAIZPP010000213.1_7,24.0
GB_GCA_963739145.1,CAVTZO010000043.1_30_A,C,C,C,Q,H,C,H,CAVTZO010000043.1_30,24.0
RS_GCF_000021745.1,NC_011666.1_3627_A,C,C,C,Q,H,C,H,NC_011666.1_3627,24.0
RS_GCF_000174435.1,NZ_ACJN02000001.1_323_A,C,C,C,Q,H,C,H,NZ_ACJN02000001.1_323,24.0
RS_GCF_000297415.1,NZ_CAHT01000076.1_38_A,C,C,C,Q,H,C,H,NZ_CAHT01000076.1_38,24.0
RS_GCF_002237645.1,NZ_MJUZ01000014.1_12_A,C,C,C,Q,H,C,H,NZ_MJUZ01000014.1_12,24.0
RS_GCF_003119195.2,NZ_CP022253.1_2291_A,C,C,C,Q,H,C,H,NZ_CP022253.1_2291,24.0
RS_GCF_003952385.1,NZ_CP034444.1_3698_A,C,C,C,Q,H,C,H,NZ_CP034444.1_3698,24.0
RS_GCF_009688945.1,NZ_AP021874.1_4881_A,C,C,C,Q,H,C,H,NZ_AP021874.1_4881,24.0
RS_GCF_012910805.1,NZ_WTVK01000037.1_36_A,C,C,C,Q,H,C,H,NZ_WTVK01000037.1_36,24.0
RS_GCF_024721115.1,NZ_JAMDHK010000003.1_95_A,C,C,C,Q,H,C,H,NZ_JAMDHK010000003.1_95,24.0
RS_GCF_028728205.1,NZ_JAQYUU010000005.1_210_A,C,C,C,Q,H,C,H,NZ_JAQYUU010000005.1_210,24.0
RS_GCF_040545535.1,NZ_JBEPMC010000021.1_52_A,C,C,C,Q,H,C,H,NZ_JBEPMC010000021.1_52,24.0
RS_GCF_042683125.1,NZ_JBHUIY010000038.1_30_A,C,C,C,Q,H,C,H,NZ_JBHUIY010000038.1_30,24.0
RS_GCF_049675895.1,NZ_CP183834.1_830_A,C,C,C,Q,H,C,H,NZ_CP183834.1_830,24.0
RS_GCF_051167555.1,NZ_JBNPTH010000002.1_509_A,C,C,C,Q,H,C,H,NZ_JBNPTH010000002.1_509,24.0
RS_GCF_900184995.1,NZ_LT860097.1_139_A,C,C,C,W,F,C,Y,NZ_LT860097.1_139,19.0
GB_GCA_012026795.1,VEPM01000035.1_33_A,C,C,C,Q,H,C,H,VEPM01000035.1_33,24.0
GB_GCA_023409695.1,JAEYQZ010000253.1_8_A,C,C,C,Q,H,C,H,JAEYQZ010000253.1_8,24.0
GB_GCA_963748825.1,CAVVKN010000003.1_25_A,C,C,C,Q,H,C,H,CAVVKN010000003.1_25,24.0
RS_GCF_013388255.1,NZ_CP058215.1_396_A,C,C,C,Q,H,C,H,NZ_CP058215.1_396,24.0
GB_GCA_001829155.1,MIAO01000074.1_27_A,C,C,C,Q,H,C,H,MIAO01000074.1_27,24.0
GB_GCA_002600635.1,CP021375.1_113_A,C,C,C,Q,H,C,H,CP021375.1_113,24.0
GB_GCA_003245835.1,QKCC01000018.1_10_A,C,C,C,Q,H,C,H,QKCC01000018.1_10,24.0
GB_GCA_003584875.1,QVQD01000094.1_16_A,C,C,C,Q,H,C,H,QVQD01000094.1_16,24.0
GB_GCA_004791255.1,SRUQ01000021.1_15_A,C,C,C,Q,H,C,H,SRUQ01000021.1_15,24.0
GB_GCA_016703155.1,JADJCP010000012.1_112_A,C,C,C,Q,H,C,H,JADJCP010000012.1_112,24.0
GB_GCA_020446425.1,JAGRES010000015.1_139_A,C,C,C,Q,H,C,H,JAGRES010000015.1_139,24.0
GB_GCA_021783525.1,JAJXTT010000002.1_7_A,C,C,C,Q,H,C,H,JAJXTT010000002.1_7,24.0
GB_GCA_024698145.1,JAILRO010000057.1_56_A,C,C,C,W,Y,C,T,JAILRO010000057.1_56,19.0
GB_GCA_028283825.1,JAPWJW010000002.1_510_A,C,C,C,Q,H,C,H,JAPWJW010000002.1_510,24.0
GB_GCA_031271265.1,JAISWB010000019.1_13_A,C,C,C,Q,H,C,H,JAISWB010000019.1_13,24.0
GB_GCA_034437035.1,DAOTUI010000013.1_26_A,C,C,C,Q,H,C,H,DAOTUI010000013.1_26,24.0
GB_GCA_037134935.1,JBAXLG010000005.1_51_A,C,C,C,Q,H,C,H,JBAXLG010000005.1_51,24.0
GB_GCA_039177645.1,JBCDFS010000008.1_197_A,C,C,C,Q,H,C,H,JBCDFS010000008.1_197,24.0
GB_GCA_040390265.1,JAZJYS010000064.1_2_A,C,C,C,Q,H,C,H,JAZJYS010000064.1_2,24.0
GB_GCA_044227325.1,JBGAFI010000012.1_59_A,C,C,C,Q,H,C,-,JBGAFI010000012.1_59,21.0
GB_GCA_052325505.1,JBKQUS010000023.1_47_A,C,C,C,Q,H,C,H,JBKQUS010000023.1_47,24.0
GB_GCA_963668315.1,OY764216.1_139_A,C,C,C,Q,H,C,H,OY764216.1_139,24.0
GB_GCA_963714915.1,CAVQQM010000025.1_17_A,C,C,C,Q,H,C,H,CAVQQM010000025.1_17,24.0
GB_GCA_963837635.1,CAWINY010000004.1_390_A,C,C,C,Q,H,C,H,CAWINY010000004.1_390,24.0
GB_GCA_964491035.1,CAZBIR010000055.1_8_A,C,C,C,Q,H,C,H,CAZBIR010000055.1_8,24.0
GB_GCA_964523415.1,CAZFZB010000020.1_12_A,C,C,C,Q,H,C,H,CAZFZB010000020.1_12,24.0
RS_GCF_000021805.1,NC_011726.1_1779_A,C,C,C,Q,H,C,H,NC_011726.1_1779,24.0
RS_GCF_000421585.1,NZ_ATXH01000010.1_26_A,C,C,C,Q,H,C,P,NZ_ATXH01000010.1_26,22.0
RS_GCF_000468495.1,NC_022444.1_1196_A,C,C,C,Q,H,C,H,NC_022444.1_1196,24.0
RS_GCF_000743525.1,NZ_JQGK01000001.1_296_A,C,C,C,Q,H,C,H,NZ_JQGK01000001.1_296,24.0
RS_GCF_001590985.1,NZ_BCTX01000033.1_41_A,C,C,C,Q,H,C,H,NZ_BCTX01000033.1_41,24.0
RS_GCF_003350475.1,NZ_QQAV01000006.1_203_A,C,C,C,Q,H,C,H,NZ_QQAV01000006.1_203,24.0
RS_GCF_004117875.1,NZ_RAHW01000002.1_111_A,C,C,C,Q,H,C,H,NZ_RAHW01000002.1_111,24.0
RS_GCF_017751145.1,NZ_CP046640.1_703_A,C,C,C,Q,H,C,H,NZ_CP046640.1_703,24.0
RS_GCF_020443705.1,NZ_JAIZZK010000011.1_63_A,C,C,C,Q,H,C,H,NZ_JAIZZK010000011.1_63,24.0
RS_GCF_022508225.1,NZ_JAETXJ010000003.1_375_A,C,C,C,Q,H,C,H,NZ_JAETXJ010000003.1_375,24.0
RS_GCF_030695035.1,NZ_JAUYTT010000008.1_876_A,C,C,C,Q,H,C,H,NZ_JAUYTT010000008.1_876,24.0
RS_GCF_038595055.1,NZ_CP152002.1_4873_A,C,C,C,Q,H,C,H,NZ_CP152002.1_4873,24.0
RS_GCF_042683445.1,NZ_JBHUJK010000003.1_303_A,C,C,C,Q,H,C,H,NZ_JBHUJK010000003.1_303,24.0
GB_GCA_002494765.1,DACJ01000072.1_26_A,C,C,C,Q,H,C,H,DACJ01000072.1_26,24.0
GB_GCA_023411115.1,JAEYPF010000020.1_34_A,C,C,C,Q,H,C,H,JAEYPF010000020.1_34,24.0
GB_GCA_902386255.1,CABMII010000067.1_6_A,C,C,C,Q,H,C,H,CABMII010000067.1_6,24.0
RS_GCF_000214725.1,NC_015574.1_2016_A,C,C,C,Q,H,C,H,NC_015574.1_2016,24.0
RS_GCF_013760955.1,NZ_JACDUL010000002.1_139_A,C,C,C,Q,H,C,H,NZ_JACDUL010000002.1_139,24.0
RS_GCF_041645475.1,NZ_JBAZQA010000001.1_356_A,C,C,C,Q,H,C,H,NZ_JBAZQA010000001.1_356,24.0
GB_GCA_002869635.1,PKUF01000099.1_10_A,C,C,C,Q,H,C,H,PKUF01000099.1_10,24.0
GB_GCA_009268125.1,WBOU01000025.1_33_A,C,C,C,Q,H,C,H,WBOU01000025.1_33,24.0
GB_GCA_014380625.1,JACMJL010000081.1_13_A,C,C,C,Q,H,C,H,JACMJL010000081.1_13,24.0
GB_GCA_016217675.1,JACRHC010000049.1_16_A,C,C,C,Q,H,C,H,JACRHC010000049.1_16,24.0
GB_GCA_018903255.1,JAHIQT010000088.1_3_A,C,C,C,Q,H,C,H,JAHIQT010000088.1_3,24.0
GB_GCA_024234215.1,JACKOQ010000003.1_177_A,C,C,C,Q,H,C,H,JACKOQ010000003.1_177,24.0
GB_GCA_026645415.1,JAPEVH010000002.1_10_A,C,C,C,Q,H,C,H,JAPEVH010000002.1_10,24.0
GB_GCA_031290985.1,JARLJW010000031.1_26_A,C,C,C,Q,H,C,H,JARLJW010000031.1_26,24.0
GB_GCA_031407875.1,JANOIV010000236.1_6_A,C,C,C,Q,H,C,H,JANOIV010000236.1_6,24.0
GB_GCA_036261255.1,DATALD010000005.1_23_A,C,C,C,Q,H,C,H,DATALD010000005.1_23,24.0
GB_GCA_038329265.1,JBBQMW010000151.1_2_A,C,C,C,Q,H,C,H,JBBQMW010000151.1_2,24.0
GB_GCA_041586895.1,JBFGZH010000060.1_10_A,C,C,C,Q,H,C,H,JBFGZH010000060.1_10,24.0
GB_GCA_046348465.1,JAXMEE010000006.1_183_A,C,C,C,Q,H,C,H,JAXMEE010000006.1_183,24.0
GB_GCA_047600405.1,JASGLA010000002.1_731_A,C,C,C,Q,H,C,H,JASGLA010000002.1_731,24.0
GB_GCA_049294655.1,JBAQDI010000050.1_20_A,C,C,C,Q,H,C,H,JBAQDI010000050.1_20,24.0
GB_GCA_937981575.1,CALJNR010000107.1_19_A,C,C,C,Q,H,C,H,CALJNR010000107.1_19,24.0
GB_GCA_943372425.1,CALRYR010000041.1_14_A,C,C,C,Q,H,C,H,CALRYR010000041.1_14,24.0
GB_GCA_963663965.2,CAXXFK010000024.1_78_A,C,C,C,Q,H,C,H,CAXXFK010000024.1_78,24.0
GB_GCA_963676965.2,CAXXSO010000006.1_45_A,C,C,C,Q,H,C,H,CAXXSO010000006.1_45,24.0
GB_GCA_963693055.1,OY843751.1_245_A,C,C,C,Q,H,C,H,OY843751.1_245,24.0
GB_GCA_964410645.1,CAYPHV010000011.1_22_A,C,C,C,Q,H,C,H,CAYPHV010000011.1_22,24.0
GB_GCA_964491625.1,CAZBIU010000147.1_10_A,C,C,C,Q,H,C,H,CAZBIU010000147.1_10,24.0
RS_GCF_000231385.2,NC_018515.1_3856_A,C,C,C,Q,H,C,H,NC_018515.1_3856,24.0
RS_GCF_000298315.2,NZ_AEYE02000038.1_17_A,C,C,C,Q,H,C,H,NZ_AEYE02000038.1_17,24.0
RS_GCF_000421585.1,NZ_ATXH01000010.1_29_A,-,C,C,Q,H,C,H,NZ_ATXH01000010.1_29,20.0
RS_GCF_000934725.1,NZ_JYNS01000019.1_38_A,C,C,C,Q,H,C,H,NZ_JYNS01000019.1_38,24.0
RS_GCF_002001205.1,NZ_MUNZ01000131.1_36_A,C,C,C,Q,H,C,H,NZ_MUNZ01000131.1_36,24.0
RS_GCF_002240205.1,NZ_CP022571.1_1535_A,C,C,C,Q,H,C,H,NZ_CP022571.1_1535,24.0
RS_GCF_006265245.1,NZ_VDCI01000001.1_512_A,C,C,C,Q,H,C,H,NZ_VDCI01000001.1_512,24.0
RS_GCF_010179735.1,NZ_JAAEEH010000003.1_38_A,C,C,C,Q,H,C,H,NZ_JAAEEH010000003.1_38,24.0
RS_GCF_015207655.1,NZ_JADEWN010000041.1_20_A,C,C,C,Q,H,C,H,NZ_JADEWN010000041.1_20,24.0
RS_GCF_016583795.1,NZ_NRRS01000032.1_20_A,C,C,C,Q,H,C,H,NZ_NRRS01000032.1_20,24.0
RS_GCF_018531195.1,NZ_JAHDYS010000007.1_69_A,C,C,C,Q,H,C,H,NZ_JAHDYS010000007.1_69,24.0
RS_GCF_021353235.1,NZ_JAJTWT010000004.1_229_A,C,C,C,Q,H,C,H,NZ_JAJTWT010000004.1_229,24.0
RS_GCF_028863665.1,NZ_JARBFX010000004.1_372_A,C,C,C,Q,H,C,H,NZ_JARBFX010000004.1_372,24.0
RS_GCF_030013905.1,NZ_CP124862.1_2757_A,C,C,C,Q,H,C,H,NZ_CP124862.1_2757,24.0
RS_GCF_032078915.1,NZ_DAMAUN010000015.1_39_A,C,C,C,C,F,C,L,NZ_DAMAUN010000015.1_39,19.0
RS_GCF_041929135.1,NZ_JBHFNS010000094.1_160_A,C,C,C,Q,H,C,H,NZ_JBHFNS010000094.1_160,24.0
RS_GCF_045865675.1,NZ_BAAFGK010000002.1_167_A,C,C,C,Q,H,C,H,NZ_BAAFGK010000002.1_167,24.0
GB_GCA_012026835.1,VEPN01000001.1_11_A,C,C,C,V,W,C,F,VEPN01000001.1_11,19.0
GB_GCA_963754945.1,CAVWIG010000027.1_23_A,C,C,C,Q,H,C,H,CAVWIG010000027.1_23,24.0
GB_GCA_000316115.1,JH993797.1_1068_A,C,C,C,Q,H,C,H,JH993797.1_1068,24.0
GB_GCA_003245895.1,QKBZ01000131.1_2_A,C,C,C,Q,H,C,H,QKBZ01000131.1_2,24.0
GB_GCA_003599025.1,QZIL01000075.1_8_A,C,C,C,Q,H,C,H,QZIL01000075.1_8,24.0
GB_GCA_004796375.1,QZLA01000161.1_9_A,C,C,C,Q,H,C,H,QZLA01000161.1_9,24.0
GB_GCA_014382295.1,JACNJZ010000081.1_7_A,C,C,C,Q,H,C,H,JACNJZ010000081.1_7,24.0
GB_GCA_016125505.1,WGLP01000003.1_120_A,C,C,C,Q,H,C,H,WGLP01000003.1_120,24.0
GB_GCA_016703665.1,JADJBS010000002.1_158_A,C,C,C,Q,H,C,H,JADJBS010000002.1_158,24.0
GB_GCA_021813525.1,JAKAKK010000073.1_6_A,C,C,C,Q,H,C,H,JAKAKK010000073.1_6,24.0
GB_GCA_023415635.1,JAEZJV010000008.1_42_A,C,C,C,Q,H,C,H,JAEZJV010000008.1_42,24.0
GB_GCA_024698345.1,JAILRH010000069.1_17_A,C,C,C,W,F,C,A,JAILRH010000069.1_17,19.0
GB_GCA_031271805.1,JAISUX010000004.1_10_A,C,C,C,Q,H,C,H,JAISUX010000004.1_10,24.0
GB_GCA_031291035.1,JAISLI010000038.1_24_A,C,C,C,Q,H,C,H,JAISLI010000038.1_24,24.0
GB_GCA_034437175.1,DAOTUJ010000176.1_55_A,C,C,C,Q,H,C,H,DAOTUJ010000176.1_55,24.0
GB_GCA_035328505.1,DAOLIO010000028.1_8_A,C,C,C,Q,H,C,H,DAOLIO010000028.1_8,24.0
GB_GCA_040393525.1,JBEBTY010000004.1_141_A,C,C,C,W,F,C,G,JBEBTY010000004.1_141,19.0
GB_GCA_046348725.1,JAXMDR010000023.1_5_A,C,C,C,Q,H,C,H,JAXMDR010000023.1_5,24.0
GB_GCA_047600785.1,JASGKH010000002.1_1954_A,C,C,C,Q,H,C,H,JASGKH010000002.1_1954,24.0
GB_GCA_050303415.1,JBNLBS010000009.1_26_A,C,C,C,Q,H,C,H,JBNLBS010000009.1_26,24.0
GB_GCA_937982495.1,CALJLX010000255.1_20_A,C,C,C,Q,H,C,H,CALJLX010000255.1_20,24.0
GB_GCA_963668385.1,OY764327.1_3450_A,C,C,C,Q,H,C,H,OY764327.1_3450,24.0
GB_GCA_963677015.1,OY781533.1_530_A,C,C,C,Q,H,C,H,OY781533.1_530,24.0
GB_GCA_963715335.1,CAVQRZ010000005.1_170_A,C,C,C,Q,H,C,H,CAVQRZ010000005.1_170,24.0
GB_GCA_963807225.1,CAWEAD010000005.1_446_A,C,C,C,Q,H,C,H,CAWEAD010000005.1_446,24.0
GB_GCA_963838135.1,CAWIPV010000008.1_1247_A,C,C,C,Q,H,C,H,CAWIPV010000008.1_1247,24.0
GB_GCA_964462885.1,CAYWZR010000158.1_3_A,C,C,C,Q,H,C,H,CAYWZR010000158.1_3,24.0
GB_GCA_964639515.1,CAZXDE010000078.1_2_A,C,C,C,Q,H,C,H,CAZXDE010000078.1_2,24.0
RS_GCF_000233695.2,NZ_CM001488.1_3183_A,C,C,C,Q,H,C,H,NZ_CM001488.1_3183,24.0
RS_GCF_000934745.1,NZ_JYNO01000012.1_54_A,C,C,C,Q,H,C,H,NZ_JYNO01000012.1_54,24.0
RS_GCF_001305515.1,NZ_LJYW01000001.1_1023_A,C,C,C,Q,H,C,H,NZ_LJYW01000001.1_1023,24.0
RS_GCF_002735925.1,NZ_PEDL01000009.1_10_A,C,C,C,W,F,C,G,NZ_PEDL01000009.1_10,19.0
RS_GCF_008041945.1,NZ_VKAD01000001.1_65_A,C,C,C,Q,H,C,H,NZ_VKAD01000001.1_65,24.0
RS_GCF_009688965.1,NZ_AP021875.1_3040_A,C,C,C,Q,H,C,H,NZ_AP021875.1_3040,24.0
RS_GCF_012910905.1,NZ_WTVN01000004.1_2_A,C,C,C,Q,H,C,H,NZ_WTVN01000004.1_2,24.0
RS_GCF_013387465.1,NZ_VYGV01000025.1_231_A,C,C,C,Q,H,C,H,NZ_VYGV01000025.1_231,24.0
RS_GCF_014205765.1,NZ_JACIIZ010000017.1_146_A,C,C,C,Q,H,C,H,NZ_JACIIZ010000017.1_146,24.0
RS_GCF_018555685.1,NZ_JAFLWW010000007.1_122_A,C,C,C,Q,H,C,H,NZ_JAFLWW010000007.1_122,24.0
RS_GCF_022531965.1,NZ_CP092831.1_1048_A,C,C,C,Q,H,C,H,NZ_CP092831.1_1048,24.0
RS_GCF_029016485.1,NZ_CP092107.1_1611_A,C,C,C,Q,H,C,H,NZ_CP092107.1_1611,24.0
RS_GCF_041929145.1,NZ_JBHFNU010000066.1_49_A,C,C,C,Q,H,C,H,NZ_JBHFNU010000066.1_49,24.0
RS_GCF_047553425.1,NZ_CP180219.1_148_A,C,C,C,Q,H,C,H,NZ_CP180219.1_148,24.0
RS_GCF_900100785.1,NZ_FNCP01000001.1_338_A,C,C,C,Q,H,C,H,NZ_FNCP01000001.1_338,24.0
RS_GCF_900110965.1,NZ_FOFO01000003.1_58_A,C,C,C,Q,H,C,H,NZ_FOFO01000003.1_58,24.0
GB_GCA_012026835.1,VEPN01000005.1_79_A,C,C,C,Q,H,C,H,VEPN01000005.1_79,24.0
GB_GCA_964501255.1,CAZCSN010000056.1_9_A,C,C,C,Q,H,C,H,CAZCSN010000056.1_9,24.0
GB_GCA_001829315.1,MIAY01000010.1_72_A,C,C,C,Q,H,C,H,MIAY01000010.1_72,24.0
GB_GCA_002869665.1,PKUG01000177.1_10_A,C,C,C,Q,H,C,H,PKUG01000177.1_10,24.0
GB_GCA_003599195.1,QZIZ01000129.1_22_A,C,C,C,Q,H,C,H,QZIZ01000129.1_22,24.0
GB_GCA_009469585.1,SSXW01000017.1_29_A,C,C,C,Q,H,C,H,SSXW01000017.1_29,24.0
GB_GCA_011321895.1,DROK01000170.1_8_A,-,C,C,Q,H,C,H,DROK01000170.1_8,20.0
GB_GCA_016125505.1,WGLP01000005.1_38_A,C,C,C,Q,H,C,H,WGLP01000005.1_38,24.0
GB_GCA_016866305.1,VGMX01000001.1_32_A,C,C,C,Q,H,C,H,VGMX01000001.1_32,24.0
GB_GCA_028284045.1,JANQSN010000025.1_46_A,C,C,C,Q,H,C,H,JANQSN010000025.1_46,24.0
GB_GCA_028710285.1,JAQTUK010000015.1_8_A,C,C,C,Q,H,C,H,JAQTUK010000015.1_8,24.0
GB_GCA_029265125.1,JAJUJX010000002.1_234_A,C,C,C,Q,H,C,H,JAJUJX010000002.1_234,24.0
GB_GCA_030005635.1,JARUHP010000001.1_54_A,C,C,C,Q,H,C,H,JARUHP010000001.1_54,24.0
GB_GCA_030433335.1,JAUILL010000010.1_70_A,C,C,C,Q,H,C,H,JAUILL010000010.1_70,24.0
GB_GCA_030689765.1,JAUYEP010000096.1_6_A,C,C,C,Q,H,C,H,JAUYEP010000096.1_6,24.0
GB_GCA_041592975.1,JBFHOZ010000031.1_16_A,C,C,C,Q,H,C,H,JBFHOZ010000031.1_16,24.0
GB_GCA_043421945.1,JBHOGO010000058.1_2_A,C,C,C,Q,H,C,H,JBHOGO010000058.1_2,24.0
GB_GCA_044228695.1,JBGAUK010000083.1_6_A,C,C,C,Q,H,C,H,JBGAUK010000083.1_6,24.0
GB_GCA_051439545.1,JBFRWK010000168.1_4_A,C,C,C,Q,H,C,H,JBFRWK010000168.1_4,24.0
GB_GCA_900549775.1,URPR01000011.1_7_A,C,C,C,Q,H,C,-,URPR01000011.1_7,21.0
GB_GCA_946407015.1,CAMJML010000010.1_80_A,C,C,C,Q,H,C,H,CAMJML010000010.1_80,24.0
GB_GCA_963523055.1,CAURBV010000013.1_61_A,C,C,C,Q,H,C,H,CAURBV010000013.1_61,24.0
GB_GCA_963695105.1,CAVOGC010000029.1_23_A,C,C,C,Q,H,C,H,CAVOGC010000029.1_23,24.0
GB_GCA_963786905.1,CAWBBA010000033.1_74_A,C,C,C,Q,H,C,H,CAWBBA010000033.1_74,24.0
GB_GCA_964373965.1,CAYJXE010000008.1_146_A,C,C,C,Q,H,C,H,CAYJXE010000008.1_146,24.0
GB_GCA_964410675.1,CAYPIB010000001.1_84_A,C,C,C,W,F,C,A,CAYPIB010000001.1_84,19.0
GB_GCA_964437215.1,CAYTFZ010000152.1_4_A,C,C,C,Q,H,C,H,CAYTFZ010000152.1_4,24.0
GB_GCA_964550405.1,CAZJZD010000075.1_3_A,C,C,C,Q,H,C,H,CAZJZD010000075.1_3,24.0
GB_GCA_964583765.1,CAZOWW010000044.1_20_A,C,C,C,Q,H,C,H,CAZOWW010000044.1_20,24.0
GB_GCA_964614465.1,CAZTLF010000055.1_8_A,C,C,C,Q,H,C,H,CAZTLF010000055.1_8,24.0
GB_GCA_964639845.1,CAZXHS010000001.1_912_A,C,C,C,Q,H,C,H,CAZXHS010000001.1_912,24.0
RS_GCF_000745215.1,NZ_JQNK01000009.1_1440_A,C,C,C,Q,H,C,H,NZ_JQNK01000009.1_1440,24.0
RS_GCF_001305575.3,NZ_CP012373.2_747_A,C,C,C,Q,H,C,H,NZ_CP012373.2_747,24.0
RS_GCF_001592305.1,NZ_BCWR01000011.1_158_A,C,C,C,Q,H,C,H,NZ_BCWR01000011.1_158,24.0
RS_GCF_002002905.1,NZ_CP019509.1_2579_A,C,C,C,Q,H,C,H,NZ_CP019509.1_2579,24.0
RS_GCF_003952425.1,NZ_CP034449.1_1318_A,C,C,C,Q,H,C,H,NZ_CP034449.1_1318,24.0
RS_GCF_004118635.1,NZ_SDGU01000072.1_6_A,C,C,C,Q,H,C,H,NZ_SDGU01000072.1_6,24.0
RS_GCF_014207095.1,NZ_JACHBG010000031.1_58_A,C,C,C,Q,H,C,H,NZ_JACHBG010000031.1_58,24.0
RS_GCF_023520895.1,NZ_CP026029.1_1284_A,C,C,C,Q,H,C,H,NZ_CP026029.1_1284,24.0
RS_GCF_024721175.1,NZ_CP099398.1_367_A,C,C,C,Q,H,C,H,NZ_CP099398.1_367,24.0
RS_GCF_030696805.1,NZ_JAUYRO010000052.1_47_A,C,C,C,Q,H,C,H,NZ_JAUYRO010000052.1_47,24.0
RS_GCF_032078915.1,NZ_DAMAUN010000015.1_43_A,C,C,C,W,F,C,A,NZ_DAMAUN010000015.1_43,19.0
RS_GCF_036016195.1,NZ_JAYWTM010000001.1_471_A,C,C,C,Q,H,C,H,NZ_JAYWTM010000001.1_471,24.0
RS_GCF_900184995.1,NZ_LT860098.1_211_A,C,C,C,Q,H,C,H,NZ_LT860098.1_211,24.0
GB_GCA_035527135.1,DATLBD010000100.1_16_A,C,C,C,Q,H,C,H,DATLBD010000100.1_16,24.0
GB_GCA_002367275.1,DFBE01000048.1_6_A,C,C,C,Q,H,C,H,DFBE01000048.1_6,24.0
GB_GCA_002632355.1,NSJJ01000007.1_95_A,C,C,C,Q,H,C,H,NSJJ01000007.1_95,24.0
GB_GCA_011321895.1,DROK01000170.1_10_A,C,C,C,Q,H,C,P,DROK01000170.1_10,22.0
GB_GCA_012729595.1,JAAYCU010000081.1_7_A,C,C,C,Q,H,C,H,JAAYCU010000081.1_7,24.0
GB_GCA_013334865.1,JAAXWS010000004.1_87_A,C,C,C,Q,H,C,H,JAAXWS010000004.1_87,24.0
GB_GCA_017889635.1,JAGGAC010000012.1_19_A,C,C,C,Q,H,C,H,JAGGAC010000012.1_19,24.0
GB_GCA_020446745.1,JAGREA010000112.1_16_A,C,C,C,Q,H,C,H,JAGREA010000112.1_16,24.0
GB_GCA_029265315.1,JAJUJM010000006.1_69_A,C,C,C,Q,H,C,H,JAJUJM010000006.1_69,24.0
GB_GCA_038329855.1,JBBQNL010000023.1_12_A,C,C,C,Q,H,C,H,JBBQNL010000023.1_12,24.0
GB_GCA_040396995.1,JBBAWV010000060.1_23_A,C,C,C,Q,H,C,H,JBBAWV010000060.1_23,24.0
GB_GCA_040767305.1,JAXGOV010000003.1_87_A,C,C,C,Q,H,C,H,JAXGOV010000003.1_87,24.0
GB_GCA_049296695.1,JBAQSX010000100.1_110_A,C,C,C,Q,H,C,H,JBAQSX010000100.1_110,24.0
GB_GCA_050012215.1,JBEKHO010000024.1_26_A,C,C,C,Q,H,C,H,JBEKHO010000024.1_26,24.0
GB_GCA_050303615.1,JBNLCC010000033.1_13_A,C,C,C,Q,H,C,H,JBNLCC010000033.1_13,24.0
GB_GCA_052326585.1,JBKQLU010000064.1_14_A,C,C,C,Q,H,C,H,JBKQLU010000064.1_14,24.0
GB_GCA_900550105.1,URQW01000020.1_16_A,C,C,C,Q,H,C,H,URQW01000020.1_16,24.0
GB_GCA_963664075.1,OY760916.1_3033_A,C,C,C,Q,H,C,H,OY760916.1_3033,24.0
RS_GCF_000021825.1,NC_011729.1_2116_A,C,C,C,Q,H,C,H,NC_011729.1_2116,24.0
RS_GCF_000421965.1,NZ_ATAY01000031.1_23_A,C,C,C,Q,H,C,H,NZ_ATAY01000031.1_23,24.0
RS_GCF_000934755.1,NZ_KN882176.1_62_A,C,C,C,Q,H,C,H,NZ_KN882176.1_62,24.0
RS_GCF_002937115.1,NZ_NHRY01000072.1_40_A,C,C,C,Q,H,C,H,NZ_NHRY01000072.1_40,24.0
RS_GCF_003952425.1,NZ_CP034449.1_3327_A,C,C,C,Q,H,C,H,NZ_CP034449.1_3327,24.0
RS_GCF_004361735.1,NZ_SNVV01000014.1_103_A,C,C,C,Q,H,C,H,NZ_SNVV01000014.1_103,24.0
RS_GCF_008084145.1,NZ_VSDO01000001.1_597_A,C,C,C,Q,H,C,H,NZ_VSDO01000001.1_597,24.0
RS_GCF_009689005.1,NZ_AP021879.1_5398_A,C,C,C,Q,H,C,H,NZ_AP021879.1_5398,24.0
RS_GCF_010378095.2,NZ_CP127523.1_1522_A,C,C,C,Q,H,C,H,NZ_CP127523.1_1522,24.0
RS_GCF_013389365.1,NZ_JACADJ010000027.1_28_A,C,C,C,Q,H,C,H,NZ_JACADJ010000027.1_28,24.0
RS_GCF_017795745.1,NZ_CP059067.1_4819_A,C,C,C,Q,H,C,H,NZ_CP059067.1_4819,24.0
RS_GCF_018588885.1,NZ_JAFFIW010000044.1_37_A,C,C,C,Q,H,C,H,NZ_JAFFIW010000044.1_37,24.0
RS_GCF_026247885.1,NZ_CP110921.1_2228_A,C,C,C,Q,H,C,H,NZ_CP110921.1_2228,24.0
RS_GCF_030053155.1,NZ_CP125643.1_69_A,C,C,C,Q,H,C,H,NZ_CP125643.1_69,24.0
RS_GCF_051167715.1,NZ_JBNPTO010000002.1_466_A,C,C,C,Q,H,C,H,NZ_JBNPTO010000002.1_466,24.0
RS_GCF_902702915.1,NZ_LR738849.1_1810_A,C,C,C,Q,H,C,H,NZ_LR738849.1_1810,24.0
GB_GCA_030156225.1,JASGMW010000001.1_44_A,C,C,C,Q,H,C,H,JASGMW010000001.1_44,24.0
RS_GCF_015523155.1,NZ_WAKW01000012.1_28_A,C,C,C,Q,H,C,H,NZ_WAKW01000012.1_28,24.0
RS_GCF_041663825.1,NZ_JBAYLY010000024.1_23_A,C,C,C,Q,H,C,H,NZ_JBAYLY010000024.1_23,24.0
GB_GCA_000317245.1,AJLJ01000270.1_14_A,C,C,C,Q,H,C,H,AJLJ01000270.1_14,24.0
GB_GCA_002367275.1,DFBE01000048.1_8_A,C,C,C,E,H,C,L,DFBE01000048.1_8,21.0
GB_GCA_002869685.1,PKUE01000007.1_72_A,C,C,C,Q,H,C,H,PKUE01000007.1_72,24.0
GB_GCA_003246265.1,QKAU01000017.1_75_A,C,C,C,Q,H,C,H,QKAU01000017.1_75,24.0
GB_GCA_003599425.1,QZKC01000042.1_4_A,C,C,C,Q,H,C,H,QZKC01000042.1_4,24.0
GB_GCA_021813805.1,JAKAJL010000016.1_54_A,C,C,C,Q,H,C,H,JAKAJL010000016.1_54,24.0
GB_GCA_022360955.1,JAKSBV010000465.1_10_A,C,C,C,Q,H,C,H,JAKSBV010000465.1_10,24.0
GB_GCA_024235095.1,JACKNC010000003.1_585_A,C,C,C,Q,H,C,H,JACKNC010000003.1_585,24.0
GB_GCA_025655595.1,JAHXIO010000006.1_163_A,C,C,C,Q,H,C,H,JAHXIO010000006.1_163,24.0
GB_GCA_028710415.1,JAQTUE010000005.1_43_A,C,C,C,Q,H,C,H,JAQTUE010000005.1_43,24.0
GB_GCA_034437375.1,DAOTUK010000048.1_28_A,C,C,C,Q,H,C,H,DAOTUK010000048.1_28,24.0
GB_GCA_036704025.1,DATNQL010000224.1_2_A,C,C,C,Q,H,C,H,DATNQL010000224.1_2,24.0
GB_GCA_041690535.1,JAWLHA010000011.1_48_A,C,C,C,Q,H,C,H,JAWLHA010000011.1_48,24.0
GB_GCA_046348775.1,JAXMDO010000002.1_467_A,C,C,C,Q,H,C,H,JAXMDO010000002.1_467,24.0
GB_GCA_049297315.1,JBAQUE010000316.1_8_A,C,C,C,Q,H,C,H,JBAQUE010000316.1_8,24.0
GB_GCA_050259835.1,JBLNBJ010000049.1_17_A,C,C,C,Q,H,C,H,JBLNBJ010000049.1_17,24.0
GB_GCA_903937835.1,CAJAAV010000278.1_13_A,C,C,C,Q,H,C,H,CAJAAV010000278.1_13,24.0
GB_GCA_963668395.2,CAXXPF010000003.1_279_A,C,C,C,Q,H,C,H,CAXXPF010000003.1_279,24.0
GB_GCA_963787125.1,CAWBBV010000023.1_56_A,C,C,C,Q,H,C,H,CAWBBV010000023.1_56,24.0
GB_GCA_963808505.1,CAWEFZ010000005.1_691_A,C,C,C,Q,H,C,H,CAWEFZ010000005.1_691,24.0
GB_GCA_964463135.1,CAYXBA010000020.1_17_A,C,C,C,Q,H,C,H,CAYXBA010000020.1_17,24.0
RS_GCF_000012885.1,NC_007498.2_2167_A,C,C,C,Q,H,C,H,NC_007498.2_2167,24.0
RS_GCF_000021865.1,NC_014034.1_567_A,C,C,C,Q,H,C,H,NC_014034.1_567,24.0
RS_GCF_000175255.2,NC_017262.1_1333_A,C,C,C,Q,H,C,H,NC_017262.1_1333,24.0
RS_GCF_000472285.1,NZ_KI421420.1_82_A,C,C,C,Q,H,C,H,NZ_KI421420.1_82,24.0
RS_GCF_001305595.1,NZ_CP012401.1_98_A,C,C,C,Q,H,C,H,NZ_CP012401.1_98,24.0
RS_GCF_002752655.1,NZ_CP023737.1_1728_A,C,C,C,Q,H,C,H,NZ_CP023737.1_1728,24.0
RS_GCF_004361815.1,NZ_SNWA01000003.1_173_A,C,C,C,Q,H,C,H,NZ_SNWA01000003.1_173,24.0
RS_GCF_014207355.1,NZ_JACHEF010000011.1_60_A,C,C,C,Q,H,C,H,NZ_JACHEF010000011.1_60,24.0
RS_GCF_014697475.1,NZ_JACJRV010000002.1_49_A,C,C,C,Q,H,C,H,NZ_JACJRV010000002.1_49,24.0
RS_GCF_015207705.1,NZ_JADEWI010000004.1_154_A,C,C,C,Q,H,C,H,NZ_JADEWI010000004.1_154,24.0
RS_GCF_016583825.1,NZ_NRRV01000001.1_66_A,C,C,C,Q,H,C,H,NZ_NRRV01000001.1_66,24.0
RS_GCF_029017505.1,NZ_JAQGEI010000024.1_16_A,C,C,C,Q,H,C,H,NZ_JAQGEI010000024.1_16,24.0
RS_GCF_032078915.1,NZ_DAMAUN010000015.1_54_A,C,C,C,H,Y,C,L,NZ_DAMAUN010000015.1_54,19.0
RS_GCF_041929205.1,NZ_JBHFNT010000054.1_33_A,C,C,C,Q,H,C,H,NZ_JBHFNT010000054.1_33,24.0
RS_GCF_042788235.1,NZ_JBHZOL010000067.1_3_A,C,C,C,Q,H,C,H,NZ_JBHZOL010000067.1_3,24.0
RS_GCF_900111015.1,NZ_FOFS01000010.1_92_A,C,C,C,Q,H,C,H,NZ_FOFS01000010.1_92,24.0
GB_GCA_964506745.1,CAZDLZ010000006.1_8_A,C,C,C,Q,H,C,H,CAZDLZ010000006.1_8,24.0
GB_GCA_001871085.1,MNUQ01000182.1_2_A,C,C,C,Q,H,C,H,MNUQ01000182.1_2,24.0
GB_GCA_002367355.1,DFBQ01000120.1_7_A,C,C,C,Q,H,C,H,DFBQ01000120.1_7,24.0
GB_GCA_016217695.1,JACRHE010000068.1_17_A,C,C,C,Q,H,C,H,JACRHE010000068.1_17,24.0
GB_GCA_017889705.1,JAGGAB010000004.1_99_A,C,C,C,Q,H,C,H,JAGGAB010000004.1_99,24.0
GB_GCA_019805165.1,RWIJ01000003.1_57_A,C,C,C,Q,H,C,H,RWIJ01000003.1_57,24.0
GB_GCA_020558355.1,JAJCKG010000010.1_20_A,C,C,C,W,F,C,-,JAJCKG010000010.1_20,18.0
GB_GCA_021784755.1,JAJYHM010000058.1_33_A,C,C,C,Q,H,C,H,JAJYHM010000058.1_33,24.0
GB_GCA_023392995.1,JAEWMZ010000159.1_4_A,C,C,C,W,F,C,-,JAEWMZ010000159.1_4,18.0
GB_GCA_030018495.1,JASEFS010000010.1_16_A,C,C,C,Q,H,C,H,JASEFS010000010.1_16,24.0
GB_GCA_031271905.1,JAISUT010000033.1_12_A,C,C,C,Q,H,C,H,JAISUT010000033.1_12,24.0
GB_GCA_031276865.1,JAISMF010000062.1_15_A,C,C,C,Q,H,C,H,JAISMF010000062.1_15,24.0
GB_GCA_038405045.1,JBBZIV010000003.1_131_A,C,C,C,Q,H,C,H,JBBZIV010000003.1_131,24.0
GB_GCA_045403145.1,JAXIPA010000036.1_17_A,C,C,C,Q,H,C,H,JAXIPA010000036.1_17,24.0
GB_GCA_902788785.1,CADALT010000016.1_14_A,C,C,C,W,F,C,-,CADALT010000016.1_14,18.0
GB_GCA_903871235.1,CAIQGA010000081.1_5_A,C,C,C,Q,H,C,H,CAIQGA010000081.1_5,24.0
GB_GCA_963677055.2,CAXXLW010000004.1_573_A,C,C,C,Q,H,C,H,CAXXLW010000004.1_573,24.0
GB_GCA_964492475.1,CAZBKS010000070.1_7_A,C,C,C,Q,H,C,H,CAZBKS010000070.1_7,24.0
RS_GCF_000233715.2,NC_021184.1_2326_A,C,C,C,Q,H,C,H,NC_021184.1_2326,24.0
RS_GCF_000353285.1,NZ_KB731324.1_3510_A,C,C,C,Q,H,C,H,NZ_KB731324.1_3510,24.0
RS_GCF_000422205.1,NZ_ATHV01000020.1_7_A,C,C,C,Q,H,C,H,NZ_ATHV01000020.1_7,24.0
RS_GCF_000745425.1,NZ_JQJH01000001.1_171_A,C,C,C,Q,H,C,H,NZ_JQJH01000001.1_171,24.0
RS_GCF_002240415.1,NZ_CP020028.1_3986_A,C,C,C,Q,H,C,H,NZ_CP020028.1_3986,24.0
RS_GCF_003121985.1,NZ_QEWP01000002.1_8_A,C,C,C,Q,H,C,H,NZ_QEWP01000002.1_8,24.0
RS_GCF_006440775.1,NZ_VFTZ01000004.1_291_A,C,C,C,Q,H,C,H,NZ_VFTZ01000004.1_291,24.0
RS_GCF_019207025.1,NZ_JAEEGC010000054.1_11_A,C,C,C,Q,H,C,H,NZ_JAEEGC010000054.1_11,24.0
RS_GCF_021353265.1,NZ_JAJTWU010000008.1_274_A,C,C,C,Q,H,C,H,NZ_JAJTWU010000008.1_274,24.0
RS_GCF_024746795.1,NZ_CP080523.1_644_A,C,C,C,Q,H,C,H,NZ_CP080523.1_644,24.0
RS_GCF_026261605.1,NZ_CP102486.1_2222_A,C,C,C,Q,H,C,H,NZ_CP102486.1_2222,24.0
RS_GCF_030053155.1,NZ_CP125643.1_161_A,C,C,C,Q,H,C,H,NZ_CP125643.1_161,24.0
RS_GCF_049723905.1,NZ_JBJKFD010000001.1_1862_A,C,C,C,Q,H,C,H,NZ_JBJKFD010000001.1_1862,24.0
GB_GCA_963761105.1,CAVXFW010000023.1_542_A,C,C,C,Q,H,C,H,CAVXFW010000023.1_542,24.0
RS_GCF_000243455.1,NZ_AGJL01000038.1_5_A,C,C,C,Q,H,C,H,NZ_AGJL01000038.1_5,24.0
RS_GCF_016217785.1,NZ_JACRGA010000025.1_10_A,C,C,C,Q,H,C,H,NZ_JACRGA010000025.1_10,24.0
GB_GCA_001872725.1,MNWR01000108.1_10_A,C,C,C,Q,H,C,H,MNWR01000108.1_10,24.0
GB_GCA_002367355.1,DFBQ01000120.1_9_A,C,C,C,Q,H,C,-,DFBQ01000120.1_9,21.0
GB_GCA_002869695.1,PKUD01000114.1_4_A,C,C,C,Q,H,C,H,PKUD01000114.1_4,24.0
GB_GCA_004796465.1,QZKZ01000234.1_8_A,C,C,C,Q,H,C,H,QZKZ01000234.1_8,24.0
GB_GCA_014695255.1,JACJNX010000044.1_19_A,C,C,C,Q,H,C,H,JACJNX010000044.1_19,24.0
GB_GCA_015233355.1,JADFXY010000155.1_5_A,C,C,C,Q,H,C,H,JADFXY010000155.1_5,24.0
GB_GCA_018336195.1,JAGXQV010000025.1_9_A,C,C,C,Q,H,C,H,JAGXQV010000025.1_9,24.0
GB_GCA_023408315.1,JAEYKI010000019.1_175_A,C,C,C,Q,H,C,H,JAEYKI010000019.1_175,24.0
GB_GCA_028710565.1,JAQTTV010000015.1_22_A,C,C,C,Q,H,C,H,JAQTTV010000015.1_22,24.0
GB_GCA_029265435.1,JAJUJH010000052.1_10_A,C,C,C,Q,H,C,H,JAJUJH010000052.1_10,24.0
GB_GCA_030691075.1,JAUYFI010000084.1_55_A,C,C,C,Q,H,C,H,JAUYFI010000084.1_55,24.0
GB_GCA_031255855.1,JAIRRS010000098.1_8_A,C,C,C,W,F,C,-,JAIRRS010000098.1_8,18.0
GB_GCA_035561215.1,DATMYB010000174.1_14_A,C,C,C,Q,H,C,H,DATMYB010000174.1_14,24.0
GB_GCA_041595355.1,JBFHKO010000016.1_15_A,C,C,C,Q,H,C,H,JBFHKO010000016.1_15,24.0
GB_GCA_050012475.1,JBEKHC010000043.1_28_A,C,C,C,Q,H,C,H,JBEKHC010000043.1_28,24.0
GB_GCA_050259955.1,JBLNBM010000021.1_69_A,C,C,C,Q,H,C,H,JBLNBM010000021.1_69,24.0
GB_GCA_963668455.2,CAXXOY010000011.1_652_A,C,C,C,Q,H,C,H,CAXXOY010000011.1_652,24.0
GB_GCA_964411655.1,CAYPMS010000051.1_4_A,C,C,C,Q,H,C,H,CAYPMS010000051.1_4,24.0
GB_GCA_964524185.1,CAZGCI010000050.1_20_A,C,C,C,Q,H,C,H,CAZGCI010000050.1_20,24.0
GB_GCA_964640245.1,CAZXGR010000010.1_18_A,C,C,C,Q,H,C,H,CAZXGR010000010.1_18,24.0
RS_GCF_000175935.2,NC_014840.1_297_A,C,C,C,Q,H,C,H,NC_014840.1_297,24.0
RS_GCF_000585215.1,NZ_AONC01000029.1_93_A,C,C,C,Q,H,C,H,NZ_AONC01000029.1_93,24.0
RS_GCF_001720585.1,NZ_MABH01000172.1_10_A,C,C,C,Q,H,C,H,NZ_MABH01000172.1_10,24.0
RS_GCF_002939305.1,NZ_MVDI01000001.1_160_A,C,C,C,Q,H,C,H,NZ_MVDI01000001.1_160,24.0
RS_GCF_003363435.1,NZ_QRCT01000034.1_291_A,C,C,C,Q,H,C,H,NZ_QRCT01000034.1_291,24.0
RS_GCF_008086595.1,NZ_RXYA01000004.1_246_A,C,C,C,K,W,S,T,NZ_RXYA01000004.1_246,16.0
RS_GCF_010448835.1,NZ_CP048409.1_1071_A,C,C,C,Q,H,C,H,NZ_CP048409.1_1071,24.0
RS_GCF_012910905.1,NZ_WTVN01000011.1_10_A,C,C,C,Q,H,C,H,NZ_WTVN01000011.1_10,24.0
RS_GCF_014207565.1,NZ_JACHGJ010000002.1_802_A,C,C,C,Q,H,C,H,NZ_JACHGJ010000002.1_802,24.0
RS_GCF_016583835.1,NZ_NRRW01000075.1_8_A,C,C,C,Q,H,C,H,NZ_NRRW01000075.1_8,24.0
RS_GCF_030056575.1,NZ_JASHHX010000001.1_230_A,C,C,C,Q,H,C,H,NZ_JASHHX010000001.1_230,24.0
RS_GCF_038784515.1,NZ_CP152376.1_645_A,C,C,C,Q,H,C,H,NZ_CP152376.1_645,24.0
RS_GCF_040566545.1,NZ_JBEWZI010000005.1_88_A,C,C,C,Q,H,C,H,NZ_JBEWZI010000005.1_88,24.0
RS_GCF_900111095.1,NZ_FOGB01000004.1_11_A,C,C,C,Q,H,C,H,NZ_FOGB01000004.1_11,24.0
RS_GCF_963921165.1,NZ_CAWUEO010000044.1_40_A,C,C,C,Q,H,C,H,NZ_CAWUEO010000044.1_40,24.0
GB_GCA_964515765.1,CAZEWE010000056.1_8_A,C,C,C,Q,H,C,H,CAZEWE010000056.1_8,24.0
RS_GCF_000251105.1,NC_017034.1_144_A,C,C,C,Q,H,C,H,NC_017034.1_144,24.0
GB_GCA_011330685.1,DRPV01000044.1_3_A,C,C,C,Q,H,C,H,DRPV01000044.1_3,24.0
GB_GCA_014696315.1,JACJPX010000003.1_116_A,C,C,C,Q,H,C,H,JACJPX010000003.1_116,24.0
GB_GCA_016708725.1,JADJFE010000013.1_145_A,C,C,C,Q,H,C,H,JADJFE010000013.1_145,24.0
GB_GCA_017534445.1,JAFXWC010000064.1_43_A,C,C,C,W,F,C,L,JAFXWC010000064.1_43,19.0
GB_GCA_020621905.1,JAHRYZ010000029.1_18_A,C,C,C,Q,H,C,H,JAHRYZ010000029.1_18,24.0
GB_GCA_023415775.1,JAEZJM010000014.1_56_A,C,C,C,Q,H,C,H,JAEZJM010000014.1_56,24.0
GB_GCA_024235135.1,JACKMZ010000001.1_543_A,C,C,C,Q,H,C,H,JACKMZ010000001.1_543,24.0
GB_GCA_025656775.1,JAHXHI010000261.1_7_A,C,C,C,Q,H,C,H,JAHXHI010000261.1_7,24.0
GB_GCA_029265715.1,JAJUGZ010000022.1_9_A,C,C,C,Q,H,C,H,JAJUGZ010000022.1_9,24.0
GB_GCA_031276945.1,JAISMB010000012.1_41_A,C,C,C,W,F,C,L,JAISMB010000012.1_41,19.0
GB_GCA_031283915.1,JAITAY010000378.1_2_A,C,C,C,Q,H,C,H,JAITAY010000378.1_2,24.0
GB_GCA_036704065.1,DATNQK010000322.1_21_A,C,C,C,Q,H,C,H,DATNQK010000322.1_21,24.0
GB_GCA_040775095.1,JAXGTD010000167.1_5_A,C,C,C,Q,H,C,H,JAXGTD010000167.1_5,24.0
GB_GCA_041690635.1,JAWLGZ010000004.1_314_A,C,C,C,Q,H,C,H,JAWLGZ010000004.1_314,24.0
GB_GCA_045534325.1,JAZSJM010000084.1_15_A,C,C,C,H,Y,C,H,JAZSJM010000084.1_15,21.0
GB_GCA_046348835.1,JAXMDM010000002.1_465_A,C,C,C,Q,H,C,H,JAXMDM010000002.1_465,24.0
GB_GCA_047600805.1,JASGKG010000001.1_2692_A,C,C,C,Q,H,C,H,JASGKG010000001.1_2692,24.0
GB_GCA_052353105.1,JBBWFK010000002.1_119_A,C,C,C,Q,H,C,H,JBBWFK010000002.1_119,24.0
GB_GCA_963677085.2,CAXXFH010000004.1_2722_A,C,C,C,Q,H,C,H,CAXXFH010000004.1_2722,24.0
GB_GCA_963695225.1,OY968762.1_1027_A,C,C,C,Q,H,C,H,OY968762.1_1027,24.0
RS_GCF_000012905.2,NC_007493.2_2163_A,C,C,C,Q,H,C,H,NC_007493.2_2163,24.0
RS_GCF_000300455.3,NZ_CP007215.2_2370_A,C,C,C,Q,H,C,H,NZ_CP007215.2_2370,24.0
RS_GCF_000359125.1,NZ_CAAF010000045.1_51_A,C,C,C,Q,H,C,H,NZ_CAAF010000045.1_51,24.0
RS_GCF_000422245.1,NZ_ATHI01000027.1_70_A,C,C,C,Q,H,C,H,NZ_ATHI01000027.1_70,24.0
RS_GCF_000745975.1,NZ_JQKJ01000010.1_15_A,C,C,C,Q,H,C,H,NZ_JQKJ01000010.1_15,24.0
RS_GCF_001723285.1,NZ_LPWG01000014.1_93_A,C,C,C,Q,H,C,H,NZ_LPWG01000014.1_93,24.0
RS_GCF_002005145.1,NZ_CP019698.1_1961_A,C,C,C,Q,H,C,H,NZ_CP019698.1_1961,24.0
RS_GCF_003952485.1,NZ_CP034447.1_5_A,C,C,C,Q,H,C,H,NZ_CP034447.1_5,24.0
RS_GCF_004121075.1,NZ_RHLN01000159.1_31_A,C,C,C,Q,H,C,H,NZ_RHLN01000159.1_31,24.0
RS_GCF_004362045.1,NZ_SNWX01000002.1_28_A,C,C,C,Q,H,C,H,NZ_SNWX01000002.1_28,24.0
RS_GCF_012910955.1,NZ_WTVQ01000001.1_190_A,C,C,C,Q,H,C,H,NZ_WTVQ01000001.1_190,24.0
RS_GCF_020510425.1,NZ_JAHBAH010000001.1_2855_A,C,C,C,Q,H,C,H,NZ_JAHBAH010000001.1_2855,24.0
RS_GCF_022558445.1,NZ_CP054699.1_2248_A,C,C,C,Q,H,C,H,NZ_CP054699.1_2248,24.0
RS_GCF_026427715.1,NZ_CP107558.1_2163_A,C,C,C,Q,H,C,H,NZ_CP107558.1_2163,24.0
RS_GCF_049800675.1,NZ_JBLOOT010000001.1_167_A,C,C,C,Q,H,C,H,NZ_JBLOOT010000001.1_167,24.0
RS_GCF_900101345.1,NZ_FMUX01000042.1_10_A,C,C,C,Q,H,C,H,NZ_FMUX01000042.1_10,24.0
GB_GCA_003246335.1,QKAR01000145.1_52_A,C,C,C,Q,H,C,H,QKAR01000145.1_52,24.0
GB_GCA_012735135.1,JAAYHY010000160.1_59_A,C,C,C,W,F,C,L,JAAYHY010000160.1_59,19.0
GB_GCA_016708905.1,JADJEV010000004.1_485_A,C,C,C,Q,H,C,H,JADJEV010000004.1_485,24.0
GB_GCA_019911985.1,JAIOJO010000044.1_11_A,C,C,C,Q,H,C,H,JAIOJO010000044.1_11,24.0
GB_GCA_021814475.1,JAKAIE010000047.1_16_A,C,C,C,Q,H,C,H,JAKAIE010000047.1_16,24.0
GB_GCA_026982355.1,JALSHG010000058.1_3_A,C,C,C,Q,H,C,H,JALSHG010000058.1_3,24.0
GB_GCA_030019475.1,JASEER010000002.1_74_A,C,C,C,Q,H,C,H,JASEER010000002.1_74,24.0
GB_GCA_031256755.1,JAIRPZ010000212.1_6_A,C,C,C,Q,H,C,H,JAIRPZ010000212.1_6,24.0
GB_GCA_031272005.1,JAISUQ010000173.1_7_A,C,C,C,Q,H,C,H,JAISUQ010000173.1_7,24.0
GB_GCA_031284085.1,JAITAM010000073.1_7_A,C,C,C,W,F,C,L,JAITAM010000073.1_7,19.0
GB_GCA_035338675.1,DAOQGS010000165.1_6_A,C,C,C,Q,H,C,H,DAOQGS010000165.1_6,24.0
GB_GCA_049297395.1,JBAQUG010000010.1_14_A,C,C,C,Q,H,C,H,JBAQUG010000010.1_14,24.0
GB_GCA_049521655.1,JBEKOO010000014.1_8_A,C,C,C,Q,H,C,H,JBEKOO010000014.1_8,24.0
GB_GCA_050260215.1,JBLNBU010000103.1_9_A,C,C,C,Q,H,C,H,JBLNBU010000103.1_9,24.0
GB_GCA_903839205.1,CAIMBM010000186.1_19_A,C,C,C,Q,H,C,H,CAIMBM010000186.1_19,24.0
GB_GCA_963523075.1,CAURBW010000014.1_72_A,C,C,C,Q,H,C,H,CAURBW010000014.1_72,24.0
GB_GCA_963664135.1,OY760905.1_2732_A,C,C,C,Q,H,C,H,OY760905.1_2732,24.0
GB_GCA_963668555.2,CAXXIC010000001.1_2468_A,C,C,C,Q,H,C,H,CAXXIC010000001.1_2468,24.0
GB_GCA_963787675.1,CAWBDV010000011.1_160_A,C,C,C,Q,H,C,H,CAWBDV010000011.1_160,24.0
GB_GCA_964384915.1,CAYLMA010000009.1_3_A,C,C,C,Q,H,C,H,CAYLMA010000009.1_3,24.0
GB_GCA_964411985.1,CAYPNF010000002.1_9_A,C,C,C,Q,H,C,H,CAYPNF010000002.1_9,24.0
GB_GCA_964437865.1,CAYTJG010000243.1_3_A,C,C,C,Q,H,C,H,CAYTJG010000243.1_3,24.0
RS_GCF_000176015.1,NZ_ACYY01000009.1_48_A,C,C,C,Q,H,C,H,NZ_ACYY01000009.1_48,24.0
RS_GCF_000235585.1,NC_016641.1_2549_A,C,C,C,Q,H,C,H,NC_016641.1_2549,24.0
RS_GCF_000422545.1,NZ_AULZ01000001.1_402_A,C,C,C,Q,H,C,H,NZ_AULZ01000001.1_402,24.0
RS_GCF_000935025.1,NZ_CP010836.1_2889_A,C,C,C,Q,H,C,H,NZ_CP010836.1_2889,24.0
RS_GCF_001611275.1,NZ_CP015080.1_103_A,C,C,C,Q,H,C,H,NZ_CP015080.1_103,24.0
RS_GCF_003367075.2,NZ_CP065936.1_2314_A,C,C,C,Q,H,C,H,NZ_CP065936.1_2314,24.0
RS_GCF_004135935.1,NZ_CP025086.1_1597_A,C,C,C,Q,H,C,H,NZ_CP025086.1_1597,24.0
RS_GCF_010470665.1,NZ_VOPZ01000006.1_230_A,C,C,C,Q,H,C,H,NZ_VOPZ01000006.1_230,24.0
RS_GCF_013393385.1,NZ_AP023239.1_3985_A,C,C,C,Q,H,C,H,NZ_AP023239.1_3985,24.0
RS_GCF_023652955.1,NZ_JAKLOY010000006.1_90_A,C,C,C,Q,H,C,H,NZ_JAKLOY010000006.1_90,24.0
RS_GCF_036208045.1,NZ_CP121472.1_4783_A,C,C,C,Q,H,C,H,NZ_CP121472.1_4783,24.0
RS_GCF_038900635.1,NZ_JAYMRX010000038.1_39_A,C,C,C,Q,H,C,H,NZ_JAYMRX010000038.1_39,24.0
RS_GCF_041929235.1,NZ_JBHFNP010000041.1_103_A,C,C,C,Q,H,C,H,NZ_JBHFNP010000041.1_103,24.0
RS_GCF_900101605.1,NZ_FMUR01000007.1_126_A,C,C,C,W,F,C,Y,NZ_FMUR01000007.1_126,19.0
RS_GCF_902728235.1,NZ_CACVBO010000001.1_216_A,C,C,C,Q,H,C,H,NZ_CACVBO010000001.1_216,24.0
GB_GCA_903871465.1,CAIQHB010000022.1_12_A,C,C,C,Q,H,C,H,CAIQHB010000022.1_12,24.0
GB_GCA_964518035.1,CAZFFD010000003.1_43_A,C,C,C,Q,H,C,H,CAZFFD010000003.1_43,24.0
GB_GCA_002869725.1,PKTY01000309.1_4_A,C,C,C,Q,H,C,H,PKTY01000309.1_4,24.0
GB_GCA_004827385.1,SRXN01000093.1_2_A,C,C,C,Q,H,C,H,SRXN01000093.1_2,24.0
GB_GCA_009668975.1,SBEG01000017.1_46_A,C,C,C,Q,H,C,H,SBEG01000017.1_46,24.0
GB_GCA_013334925.1,JAAXWP010000005.1_23_A,C,C,C,Q,H,C,H,JAAXWP010000005.1_23,24.0
GB_GCA_015233365.1,JADFXU010000038.1_8_A,C,C,C,Q,H,C,H,JADFXU010000038.1_8,24.0
GB_GCA_016177775.1,JACOUQ010000027.1_53_A,C,C,C,Q,H,C,H,JACOUQ010000027.1_53,24.0
GB_GCA_026985945.1,JALSPN010000227.1_8_A,-,C,C,Q,H,C,H,JALSPN010000227.1_8,20.0
GB_GCA_028710605.1,JAQTTU010000011.1_108_A,C,C,C,Q,H,C,H,JAQTTU010000011.1_108,24.0
GB_GCA_029265905.1,JAJUGR010000018.1_37_A,C,C,C,Q,H,C,H,JAJUGR010000018.1_37,24.0
GB_GCA_030019475.1,JASEER010000002.1_76_A,C,C,C,Q,H,C,V,JASEER010000002.1_76,22.0
GB_GCA_031291235.1,JARLJL010000009.1_260_A,C,C,C,Q,H,C,H,JARLJL010000009.1_260,24.0
GB_GCA_036277315.1,DASUNE010000089.1_36_A,C,C,C,Q,H,C,H,DASUNE010000089.1_36,24.0
GB_GCA_038520475.1,JBCBLF010000012.1_17_A,C,C,C,Q,H,C,H,JBCBLF010000012.1_17,24.0
GB_GCA_041595535.1,JBFHKA010000004.1_86_A,C,C,C,Q,H,C,H,JBFHKA010000004.1_86,24.0
GB_GCA_041695105.1,JBGFRN010000051.1_3_A,C,C,C,Q,H,C,H,JBGFRN010000051.1_3,24.0
GB_GCA_051439565.1,JBFRWL010000236.1_4_A,C,C,C,Q,H,C,H,JBFRWL010000236.1_4,24.0
GB_GCA_946409475.1,CAMJWQ010000008.1_20_A,C,C,C,Q,H,C,H,CAMJWQ010000008.1_20,24.0
GB_GCA_963664225.1,OY760937.1_3135_A,C,C,C,Q,H,C,H,OY760937.1_3135,24.0
GB_GCA_963668575.2,OY764894.2_252_A,C,C,C,Q,H,C,H,OY764894.2_252,24.0
GB_GCA_963717485.1,OY970341.1_2018_A,C,C,C,Q,H,C,H,OY970341.1_2018,24.0
GB_GCA_964640465.1,CAZXHR010000012.1_15_A,C,C,C,Q,H,C,H,CAZXHR010000012.1_15,24.0
RS_GCF_000012925.1,NC_007517.1_669_A,C,C,C,Q,H,C,H,NC_007517.1_669,24.0
RS_GCF_000746025.2,NZ_CP045798.1_391_A,C,C,C,Q,H,C,H,NZ_CP045798.1_391,24.0
RS_GCF_001611555.1,NZ_LSGP01000001.1_115_A,C,C,C,Q,H,C,H,NZ_LSGP01000001.1_115,24.0
RS_GCF_001723355.1,NZ_LPWE01000011.1_288_A,C,C,C,Q,H,C,H,NZ_LPWE01000011.1_288,24.0
RS_GCF_002944315.1,NZ_CP024313.1_198_A,C,C,C,Q,H,C,H,NZ_CP024313.1_198,24.0
RS_GCF_003144035.1,NZ_QFWT01000003.1_72_A,C,C,C,Q,H,C,H,NZ_QFWT01000003.1_72,24.0
RS_GCF_003952485.1,NZ_CP034447.1_421_A,C,C,C,Q,H,C,H,NZ_CP034447.1_421,24.0
RS_GCF_006459125.1,NZ_CP041070.1_81_A,C,C,C,Q,H,C,H,NZ_CP041070.1_81,24.0
RS_GCF_008086595.1,NZ_RXYA01000010.1_9_A,C,C,C,Q,H,C,H,NZ_RXYA01000010.1_9,24.0
RS_GCF_014207635.1,NZ_JACHIE010000004.1_74_A,C,C,C,Q,H,C,H,NZ_JACHIE010000004.1_74,24.0
RS_GCF_020510445.1,NZ_JAHBAG010000001.1_2411_A,C,C,C,Q,H,C,H,NZ_JAHBAG010000001.1_2411,24.0
RS_GCF_021353295.2,NZ_CP120635.1_2702_A,C,C,C,Q,H,C,H,NZ_CP120635.1_2702,24.0
RS_GCF_024746815.1,NZ_CP080528.1_769_A,C,C,C,Q,H,C,H,NZ_CP080528.1_769,24.0
RS_GCF_030064895.1,NZ_JASJEB010000046.1_22_A,C,C,C,Q,H,C,H,NZ_JASJEB010000046.1_22,24.0
RS_GCF_040678635.1,NZ_JBFATZ010000005.1_54_A,C,C,C,Q,H,C,H,NZ_JBFATZ010000005.1_54,24.0
RS_GCF_047602565.1,NZ_JASGGX010000001.1_3992_A,C,C,C,Q,H,C,H,NZ_JASGGX010000001.1_3992,24.0
RS_GCF_049800835.1,NZ_JBNAFU010000001.1_738_A,C,C,C,Q,H,C,H,NZ_JBNAFU010000001.1_738,24.0
RS_GCF_051168495.1,NZ_JBNPVB010000015.1_35_A,C,C,C,Q,H,C,H,NZ_JBNPVB010000015.1_35,24.0
RS_GCF_900186535.1,NZ_FYDE01000004.1_712_A,C,C,C,Q,H,C,H,NZ_FYDE01000004.1_712,24.0
GB_GCA_002495625.1,DAGC01000013.1_90_A,C,C,C,Q,H,C,H,DAGC01000013.1_90,24.0
GB_GCA_030372945.1,JAUCQD010000250.1_7_A,C,C,C,Q,H,C,H,JAUCQD010000250.1_7,24.0
GB_GCA_035560655.1,DATMZB010000530.1_6_A,C,C,C,Q,H,C,H,DATMZB010000530.1_6,24.0
GB_GCA_002897615.1,BDTX01000021.1_43_A,C,C,C,Q,H,C,H,BDTX01000021.1_43,24.0
GB_GCA_003599855.1,QZKG01000006.1_36_A,C,C,C,Q,H,C,H,QZKG01000006.1_36,24.0
GB_GCA_017535785.1,JAFXTN010000037.1_99_A,C,C,C,W,F,C,A,JAFXTN010000037.1_99,19.0
GB_GCA_021286935.1,JAJTBI010000001.1_44_A,C,C,C,Q,H,C,H,JAJTBI010000001.1_44,24.0
GB_GCA_021814605.1,JAKAIB010000015.1_7_A,C,C,C,Q,H,C,H,JAKAIB010000015.1_7,24.0
GB_GCA_023266195.1,JAHFRP010000001.1_253_A,C,C,C,Q,H,C,H,JAHFRP010000001.1_253,24.0
GB_GCA_024235255.1,JACKMT010000004.1_394_A,C,C,C,Q,H,C,H,JACKMT010000004.1_394,24.0
GB_GCA_028710885.1,JAQTTG010000005.1_206_A,C,C,C,Q,H,C,H,JAQTTG010000005.1_206,24.0
GB_GCA_030445805.1,JASUTA010000042.1_8_A,C,C,C,Q,H,C,H,JASUTA010000042.1_8,24.0
GB_GCA_031272005.1,JAISUQ010000178.1_14_A,C,C,C,W,F,C,G,JAISUQ010000178.1_14,19.0
GB_GCA_036704825.1,JAUBSN010000070.1_20_A,C,C,C,Q,H,C,H,JAUBSN010000070.1_20,24.0
GB_GCA_037139375.1,JBAXGL010000046.1_3_A,C,C,C,Q,H,C,H,JBAXGL010000046.1_3,24.0
GB_GCA_040797825.1,JBFNEZ010000057.1_5_A,C,C,C,Q,H,C,H,JBFNEZ010000057.1_5,24.0
GB_GCA_049297455.1,JBAQUK010000056.1_4_A,C,C,C,Q,H,C,H,JBAQUK010000056.1_4,24.0
GB_GCA_050012775.1,JBEKGN010000017.1_16_A,C,C,C,Q,H,C,H,JBEKGN010000017.1_16,24.0
GB_GCA_050261455.1,JBLNDH010000509.1_15_A,C,C,C,Q,H,C,H,JBLNDH010000509.1_15,24.0
GB_GCA_050304135.1,JBNLDC010000048.1_24_A,C,C,C,Q,H,C,H,JBNLDC010000048.1_24,24.0
GB_GCA_903905735.1,CAIVHU010000001.1_40_A,C,C,C,Q,H,C,H,CAIVHU010000001.1_40,24.0
GB_GCA_963741035.1,CAVUGX010000046.1_12_A,C,C,C,Q,H,C,H,CAVUGX010000046.1_12,24.0
GB_GCA_963762945.1,CAVXOO010000231.1_10_A,C,C,C,Q,H,C,H,CAVXOO010000231.1_10,24.0
GB_GCA_963787965.1,CAWBES010000007.1_276_A,C,C,C,Q,H,C,H,CAWBES010000007.1_276,24.0
GB_GCA_964463555.1,CAYXCW010000004.1_70_A,C,C,C,Q,H,C,H,CAYXCW010000004.1_70,24.0
GB_GCA_964615995.1,CAZTSR010000009.1_71_A,C,C,C,Q,H,C,H,CAZTSR010000009.1_71,24.0
RS_GCF_000021925.1,NC_011830.1_1045_A,C,C,C,Q,H,C,H,NC_011830.1_1045,24.0
RS_GCF_000176035.2,NC_015675.1_6349_A,C,C,C,Q,H,C,H,NC_015675.1_6349,24.0
RS_GCF_000585355.1,NZ_KK073873.1_2549_A,C,C,C,Q,H,C,H,NZ_KK073873.1_2549,24.0
RS_GCF_001311845.1,NZ_BBCC01000105.1_13_A,C,C,C,Q,H,C,H,NZ_BBCC01000105.1_13,24.0
RS_GCF_003390845.1,NZ_QMEK01000004.1_150_A,C,C,C,Q,H,C,H,NZ_QMEK01000004.1_150,24.0
RS_GCF_010470675.1,NZ_VOIQ01000006.1_169_A,C,C,C,Q,H,C,H,NZ_VOIQ01000006.1_169,24.0
RS_GCF_012911005.2,NZ_WTVS01000014.1_65_A,C,C,C,Q,H,C,H,NZ_WTVS01000014.1_65,24.0
RS_GCF_014697545.1,NZ_JACJSA010000001.1_498_A,C,C,C,Q,H,C,H,NZ_JACJSA010000001.1_498,24.0
RS_GCF_016583905.1,NZ_NRRY01000026.1_50_A,C,C,C,Q,H,C,H,NZ_NRRY01000026.1_50,24.0
RS_GCF_021372645.1,NZ_JAJFUC010000052.1_39_A,C,C,C,Q,H,C,H,NZ_JAJFUC010000052.1_39,24.0
RS_GCF_026586805.1,NZ_JAPFHA010000001.1_168_A,C,C,C,Q,H,C,H,NZ_JAPFHA010000001.1_168,24.0
RS_GCF_030698125.1,NZ_JAUYNV010000013.1_14_A,C,C,C,Q,H,C,H,NZ_JAUYNV010000013.1_14,24.0
RS_GCF_036279655.1,NZ_DASUIT010000127.1_21_A,C,C,C,Q,H,C,H,NZ_DASUIT010000127.1_21,24.0
RS_GCF_041929235.1,NZ_JBHFNP010000103.1_3_A,C,C,C,Q,H,C,H,NZ_JBHFNP010000103.1_3,24.0
RS_GCF_902729425.1,NZ_CACVCH010000042.1_46_A,C,C,C,Q,H,C,H,NZ_CACVCH010000042.1_46,24.0
RS_GCF_963923915.1,NZ_CAWUOL010000008.1_8_A,C,C,C,Q,H,C,H,NZ_CAWUOL010000008.1_8,24.0
GB_GCA_963763235.1,CAVXNY010000009.1_6_A,C,C,C,Q,H,C,H,CAVXNY010000009.1_6,24.0
RS_GCF_016278365.1,NZ_JADQBZ010000002.1_302_A,C,C,C,Q,H,C,H,NZ_JADQBZ010000002.1_302,24.0
RS_GCF_045291185.1,NZ_CP146980.1_1394_A,C,C,C,Q,H,C,H,NZ_CP146980.1_1394,24.0
GB_GCA_000332255.1,KB235926.1_1287_A,C,C,C,Q,H,C,H,KB235926.1_1287,24.0
GB_GCA_002367995.1,AP018207.1_6302_A,C,C,C,Q,H,C,H,AP018207.1_6302,24.0
GB_GCA_003246475.1,QKAL01000020.1_10_A,C,C,C,Q,H,C,H,QKAL01000020.1_10,24.0
GB_GCA_011372505.1,DRSQ01000040.1_11_A,C,C,C,Q,H,C,H,DRSQ01000040.1_11,24.0
GB_GCA_023392995.1,JAEWMZ010000313.1_7_A,C,C,C,Q,H,C,H,JAEWMZ010000313.1_7,24.0
GB_GCA_023408815.1,JAEYJO010000037.1_15_A,C,C,C,W,F,C,-,JAEYJO010000037.1_15,18.0
GB_GCA_026986785.1,JALSNW010000005.1_11_A,C,C,C,Q,H,C,H,JALSNW010000005.1_11,24.0
GB_GCA_028285185.1,JANQQD010000065.1_18_A,C,C,C,Q,H,C,H,JANQQD010000065.1_18,24.0
GB_GCA_031272185.1,JAISUG010000045.1_19_A,C,C,C,Q,H,C,H,JAISUG010000045.1_19,24.0
GB_GCA_031291275.1,JARLJJ010000568.1_25_A,C,C,C,Q,H,C,H,JARLJJ010000568.1_25,24.0
GB_GCA_035561275.1,DATMXY010000536.1_4_A,C,C,C,Q,H,C,H,DATMXY010000536.1_4,24.0
GB_GCA_036306585.1,JAXJZF010000006.1_282_A,C,C,C,Q,H,C,H,JAXJZF010000006.1_282,24.0
GB_GCA_041595735.1,JBFHJU010000126.1_5_A,C,C,C,Q,H,C,H,JBFHJU010000126.1_5,24.0
GB_GCA_963695845.1,CAVOIA010000007.1_128_A,C,C,C,Q,H,C,-,CAVOIA010000007.1_128,21.0
GB_GCA_964463555.1,CAYXCW010000064.1_4_A,C,C,C,Q,H,C,H,CAYXCW010000064.1_4,24.0
GB_GCA_964585615.1,CAZPEN010000002.1_25_A,C,C,C,Q,H,C,H,CAZPEN010000002.1_25,24.0
RS_GCF_000176915.2,NC_014844.1_1022_A,C,C,C,Q,H,C,H,NC_014844.1_1022,24.0
RS_GCF_000300975.2,NZ_AEEC02000010.1_119_A,C,C,C,Q,H,C,H,NZ_AEEC02000010.1_119,24.0
RS_GCF_000936425.1,NZ_AVFK01000017.1_100_A,C,C,C,Q,H,C,H,NZ_AVFK01000017.1_100,24.0
RS_GCF_004135975.1,NZ_CP026538.1_1959_A,C,C,C,Q,H,C,H,NZ_CP026538.1_1959,24.0
RS_GCF_004362745.1,NZ_SNXY01000009.1_55_A,C,C,C,Q,H,C,H,NZ_SNXY01000009.1_55,24.0
RS_GCF_014211975.1,NZ_CP060084.1_2015_A,C,C,C,Q,H,C,H,NZ_CP060084.1_2015,24.0
RS_GCF_016583985.1,NZ_NRSD01000001.1_93_A,C,C,C,Q,H,C,H,NZ_NRSD01000001.1_93,24.0
RS_GCF_017814975.1,NZ_JAGIQA010000076.1_3_A,C,C,C,Q,H,C,H,NZ_JAGIQA010000076.1_3,24.0
RS_GCF_022603395.1,NZ_JAIBKA010000006.1_248_A,C,C,C,Q,H,C,H,NZ_JAIBKA010000006.1_248,24.0
RS_GCF_024746835.1,NZ_CP080530.1_87_A,C,C,C,Q,H,C,H,NZ_CP080530.1_87,24.0
RS_GCF_041929275.1,NZ_JBHFNR010000295.1_85_A,C,C,C,Q,H,C,H,NZ_JBHFNR010000295.1_85,24.0
RS_GCF_043099315.1,NZ_CP170746.1_5137_A,C,C,C,Q,H,C,H,NZ_CP170746.1_5137,24.0
RS_GCF_900101955.1,NZ_FNAQ01000008.1_79_A,C,C,C,Q,H,C,H,NZ_FNAQ01000008.1_79,24.0
RS_GCF_963974515.1,NZ_CAXBDD010000046.1_15_A,C,C,C,Q,H,C,H,NZ_CAXBDD010000046.1_15,24.0
RS_GCF_000275865.1,NZ_CM001555.1_530_A,C,C,C,Q,H,C,H,NZ_CM001555.1_530,24.0
GB_GCA_001875325.1,MDDC01000001.1_85_A,C,C,C,Q,H,C,H,MDDC01000001.1_85,24.0
GB_GCA_002307035.1,DBTL01000044.1_77_A,C,C,C,Q,H,C,H,DBTL01000044.1_77,24.0
GB_GCA_002897635.1,BDTD01000018.1_19_A,C,C,C,Q,H,C,H,BDTD01000018.1_19,24.0
GB_GCA_003246505.1,QKAI01000063.1_7_A,C,C,C,Q,H,C,H,QKAI01000063.1_7,24.0
GB_GCA_009684515.1,WKKS01000001.1_772_A,C,C,C,Q,H,C,H,WKKS01000001.1_772,24.0
GB_GCA_015233395.1,JADFXV010000031.1_13_A,C,C,C,Q,H,C,H,JADFXV010000031.1_13,24.0
GB_GCA_018372435.1,JAHAJA010000003.1_107_A,C,C,C,Q,H,C,H,JAHAJA010000003.1_107,24.0
GB_GCA_021785515.1,JAJYEX010000002.1_85_A,C,C,C,Q,H,C,H,JAJYEX010000002.1_85,24.0
GB_GCA_021814615.1,JAKAHZ010000006.1_52_A,C,C,C,Q,H,C,H,JAKAHZ010000006.1_52,24.0
GB_GCA_023408815.1,JAEYJO010000061.1_77_A,C,C,C,Q,H,C,H,JAEYJO010000061.1_77,24.0
GB_GCA_025800345.1,JAOXSB010000238.1_13_A,C,C,C,Q,H,C,H,JAOXSB010000238.1_13,24.0
GB_GCA_028710895.1,JAQTTH010000006.1_101_A,C,C,C,Q,H,C,H,JAQTTH010000006.1_101,24.0
GB_GCA_030446305.1,JASUSA010000002.1_17_A,C,C,C,Q,H,C,H,JASUSA010000002.1_17,24.0
GB_GCA_030691385.1,JAUYEI010000085.1_2_A,C,C,C,Q,H,C,H,JAUYEI010000085.1_2,24.0
GB_GCA_031256895.1,JAIRPR010000191.1_5_A,C,C,C,Q,H,C,H,JAIRPR010000191.1_5,24.0
GB_GCA_034522365.1,JAXHLI010000012.1_194_A,C,C,C,Q,H,C,H,JAXHLI010000012.1_194,24.0
GB_GCA_039817185.1,JBCBWI010000013.1_91_A,C,C,C,Q,H,C,H,JBCBWI010000013.1_91,24.0
GB_GCA_041736275.1,JBGSUC010000077.1_8_A,C,C,C,Q,H,C,H,JBGSUC010000077.1_8,24.0
GB_GCA_047602265.1,JASGHU010000001.1_2527_A,C,C,C,Q,H,C,H,JASGHU010000001.1_2527,24.0
GB_GCA_050262755.1,JBLNEP010000071.1_30_A,C,C,C,Q,H,C,H,JBLNEP010000071.1_30,24.0
GB_GCA_050304295.1,JBNLDK010000172.1_28_A,C,C,C,Q,H,C,H,JBNLDK010000172.1_28,24.0
GB_GCA_903939115.1,CAJAFV010000065.1_36_A,C,C,C,Q,H,C,H,CAJAFV010000065.1_36,24.0
GB_GCA_963664225.1,OY760937.1_4614_A,C,C,C,Q,H,C,H,OY760937.1_4614,24.0
GB_GCA_964385275.1,CAYLOK010000035.1_12_A,C,C,C,Q,H,C,H,CAYLOK010000035.1_12,24.0
GB_GCA_964524835.1,CAZGEG010000003.1_43_A,C,C,C,Q,H,C,H,CAZGEG010000003.1_43,24.0
GB_GCA_964586075.1,CAZPGZ010000005.1_134_A,C,C,C,Q,H,C,H,CAZPGZ010000005.1_134,24.0
RS_GCF_000359585.1,NZ_APMH01000029.1_7_A,C,C,C,W,F,C,G,NZ_APMH01000029.1_7,19.0
RS_GCF_000422925.1,NZ_AUGZ01000010.1_49_A,C,C,C,Q,H,C,H,NZ_AUGZ01000010.1_49,24.0
RS_GCF_000472525.1,NZ_AWZT01000045.1_40_A,C,C,C,Q,H,C,H,NZ_AWZT01000045.1_40,24.0
RS_GCF_001613545.1,NZ_BDCO01000002.1_1284_A,C,C,C,Q,H,C,H,NZ_BDCO01000002.1_1284,24.0
RS_GCF_004137355.1,NZ_SDVB01000191.1_140_A,C,C,C,Q,H,C,H,NZ_SDVB01000191.1_140,24.0
RS_GCF_006496635.1,NZ_CP022958.1_718_A,C,C,C,Q,H,C,H,NZ_CP022958.1_718,24.0
RS_GCF_010586825.1,NZ_JAAAGB010000016.1_50_A,C,C,C,Q,H,C,H,NZ_JAAAGB010000016.1_50,24.0
RS_GCF_014697575.1,NZ_JACJSC010000026.1_40_A,C,C,C,Q,H,C,H,NZ_JACJSC010000026.1_40,24.0
RS_GCF_019285515.1,NZ_CP079095.1_959_A,C,C,C,Q,H,C,H,NZ_CP079095.1_959,24.0
RS_GCF_021379005.1,NZ_CP075171.1_4943_A,C,C,C,Q,H,C,H,NZ_CP075171.1_4943,24.0
RS_GCF_022690685.1,NZ_JALCYY010000010.1_54_A,C,C,C,Q,H,C,H,NZ_JALCYY010000010.1_54,24.0
RS_GCF_024758505.1,NZ_CP077970.1_1606_A,C,C,C,Q,H,C,H,NZ_CP077970.1_1606,24.0
RS_GCF_040687965.1,NZ_CP156084.1_2644_A,C,C,C,Q,H,C,H,NZ_CP156084.1_2644,24.0
RS_GCF_051201515.1,NZ_CP195153.1_740_A,C,C,C,Q,H,C,H,NZ_CP195153.1_740,24.0
GB_GCA_002498745.1,DAIO01000092.1_9_A,C,C,C,Q,H,C,H,DAIO01000092.1_9,24.0
GB_GCA_905067555.1,CAJHIS010000027.1_14_A,C,C,C,Q,H,C,H,CAJHIS010000027.1_14,24.0
GB_GCA_963763925.1,CAVXQG010000004.1_949_A,C,C,C,Q,H,C,H,CAVXQG010000004.1_949,24.0
GB_GCA_001493195.1,FAXN01000036.1_11_A,C,C,C,Q,H,C,H,FAXN01000036.1_11,24.0
GB_GCA_001875325.1,MDDC01000001.1_87_A,C,C,C,Q,H,C,P,MDDC01000001.1_87,22.0
GB_GCA_003599865.1,QZKS01000054.1_28_A,C,C,C,Q,H,C,H,QZKS01000054.1_28,24.0
GB_GCA_015233465.1,JADFXP010000003.1_31_A,C,C,C,Q,H,C,H,JADFXP010000003.1_31,24.0
GB_GCA_016178015.1,JACOUB010000010.1_10_A,C,C,C,Q,H,C,H,JACOUB010000010.1_10,24.0
GB_GCA_016218565.1,JACRDM010000046.1_10_A,C,C,C,Q,H,C,H,JACRDM010000046.1_10,24.0
GB_GCA_016709335.1,JADJNC010000018.1_52_A,C,C,C,Q,H,C,H,JADJNC010000018.1_52,24.0
GB_GCA_022361395.1,JAKSAX010000441.1_6_A,C,C,C,Q,H,C,H,JAKSAX010000441.1_6,24.0
GB_GCA_023393015.1,JAEWMY010000028.1_4_A,C,C,C,Q,H,C,H,JAEWMY010000028.1_4,24.0
GB_GCA_024235635.1,JACKMA010000002.1_513_A,C,C,C,Q,H,C,H,JACKMA010000002.1_513,24.0
GB_GCA_029265975.1,JAJUGN010000005.1_40_A,C,C,C,Q,H,C,H,JAJUGN010000005.1_40,24.0
GB_GCA_030064835.1,JASJEE010000055.1_3_A,C,C,C,Q,H,C,H,JASJEE010000055.1_3,24.0
GB_GCA_030692355.1,JAUYCF010000008.1_4_A,C,C,C,Q,H,C,H,JAUYCF010000008.1_4,24.0
GB_GCA_031256975.1,JAIRPN010000010.1_31_A,C,C,C,Q,H,C,H,JAIRPN010000010.1_31,24.0
GB_GCA_035352715.1,DAOPYE010000053.1_7_A,C,C,C,Q,H,C,H,DAOPYE010000053.1_7,24.0
GB_GCA_037139415.1,JBAXGN010000170.1_4_A,C,C,C,Q,H,C,H,JBAXGN010000170.1_4,24.0
GB_GCA_041596355.1,JBFHIS010000003.1_203_A,C,C,C,Q,H,C,H,JBFHIS010000003.1_203,24.0
GB_GCA_041736365.1,JBGSTR010000555.1_15_A,C,C,C,Q,H,C,H,JBGSTR010000555.1_15,24.0
GB_GCA_047602365.1,JASGHM010000002.1_1696_A,C,C,C,Q,H,C,H,JASGHM010000002.1_1696,24.0
GB_GCA_049299935.1,JBAQYH010000101.1_9_A,C,C,C,Q,H,C,H,JBAQYH010000101.1_9,24.0
GB_GCA_050304335.1,JBNLDM010000002.1_8_A,C,C,C,Q,H,C,H,JBNLDM010000002.1_8,24.0
GB_GCA_963717775.1,CAVQWZ010000025.1_112_A,C,C,C,Q,H,C,H,CAVQWZ010000025.1_112,24.0
GB_GCA_963763035.1,CAVXMS010000004.1_921_A,C,C,C,Q,H,C,H,CAVXMS010000004.1_921,24.0
GB_GCA_964412455.1,CAYPOT010000016.1_13_A,C,C,C,Q,H,C,H,CAYPOT010000016.1_13,24.0
GB_GCA_964438605.1,CAYTKT010000031.1_5_A,C,C,C,W,F,C,-,CAYTKT010000031.1_5,18.0
RS_GCF_000235605.1,NC_016584.1_4827_A,C,C,C,Q,H,C,H,NC_016584.1_4827,24.0
RS_GCF_000422965.1,NZ_AUHB01000005.1_233_A,C,C,C,Q,H,C,H,NZ_AUHB01000005.1_233,24.0
RS_GCF_000597725.1,NZ_JFBL01000001.1_70_A,C,C,C,Q,H,C,H,NZ_JFBL01000001.1_70,24.0
RS_GCF_002760435.1,NZ_AUUU01000014.1_62_A,C,C,C,P,F,C,-,NZ_AUUU01000014.1_62,18.0
RS_GCF_002944405.1,NZ_CP024309.1_308_A,C,C,C,Q,H,C,H,NZ_CP024309.1_308,24.0
RS_GCF_003148495.1,NZ_QGGH01000015.1_80_A,C,C,C,Q,H,C,H,NZ_QGGH01000015.1_80,24.0
RS_GCF_003402415.2,NZ_AP036014.1_2645_A,C,C,C,Q,H,C,H,NZ_AP036014.1_2645,24.0
RS_GCF_003952505.1,NZ_CP034450.1_4460_A,C,C,C,Q,H,C,H,NZ_CP034450.1_4460,24.0
RS_GCF_020510525.1,NZ_CP075188.1_945_A,C,C,C,Q,H,C,H,NZ_CP075188.1_945,24.0
RS_GCF_032250635.1,NZ_JAVVFL010000143.1_2_A,C,C,C,Q,H,C,H,NZ_JAVVFL010000143.1_2,24.0
RS_GCF_038900775.1,NZ_JAYMSC010000040.1_46_A,C,C,C,Q,H,C,H,NZ_JAYMSC010000040.1_46,24.0
RS_GCF_040702925.2,NZ_JBFCXX020000006.1_109_A,C,C,C,Q,H,C,H,NZ_JBFCXX020000006.1_109,24.0
RS_GCF_900141835.1,NZ_FQZD01000024.1_14_A,C,C,C,Q,H,C,H,NZ_FQZD01000024.1_14,24.0
RS_GCF_949769195.1,NZ_OX458333.1_4123_A,C,C,C,Q,H,C,H,NZ_OX458333.1_4123,24.0
RS_GCF_964023245.1,NZ_OZ026884.1_1688_A,C,C,C,Q,H,C,H,NZ_OZ026884.1_1688,24.0
RS_GCF_016278385.1,NZ_JADQBY010000002.1_217_A,C,C,C,Q,H,C,H,NZ_JADQBY010000002.1_217,24.0
GB_GCA_002408065.1,DHQI01000129.1_13_A,C,C,C,Q,H,C,H,DHQI01000129.1_13,24.0
GB_GCA_011372855.1,DSAE01000145.1_5_A,C,C,C,Q,H,C,H,DSAE01000145.1_5,24.0
GB_GCA_013334965.1,JAAXWO010000013.1_11_A,C,C,C,Q,H,C,H,JAAXWO010000013.1_11,24.0
GB_GCA_016218665.1,JACRDI010000026.1_86_A,C,C,C,Q,H,C,H,JACRDI010000026.1_86,24.0
GB_GCA_021286985.1,JAJTBJ010000071.1_5_A,C,C,C,Q,H,C,H,JAJTBJ010000071.1_5,24.0
GB_GCA_023430975.1,JAEYYB010000037.1_56_A,C,C,C,Q,H,C,H,JAEYYB010000037.1_56,24.0
GB_GCA_026988015.1,JALSMA010000057.1_22_A,C,C,C,Q,H,C,H,JALSMA010000057.1_22,24.0
GB_GCA_031277015.1,JAISLZ010000070.1_34_A,C,C,C,W,F,C,G,JAISLZ010000070.1_34,19.0
GB_GCA_036720575.1,DAIMMR010000145.1_3_A,C,C,C,Q,H,C,H,DAIMMR010000145.1_3,24.0
GB_GCA_039180345.1,JBCDDK010000063.1_24_A,C,C,C,Q,H,C,H,JBCDDK010000063.1_24,24.0
GB_GCA_040882925.1,JBFLJZ010000060.1_4_A,C,C,C,Q,H,C,H,JBFLJZ010000060.1_4,24.0
GB_GCA_049300095.1,JBAQYM010000033.1_4_A,C,C,C,Q,H,C,H,JBAQYM010000033.1_4,24.0
GB_GCA_049578545.1,JBAUMF010000006.1_8_A,C,C,C,Q,H,C,H,JBAUMF010000006.1_8,24.0
GB_GCA_050013235.1,JBEKFQ010000006.1_24_A,C,C,C,Q,H,C,H,JBEKFQ010000006.1_24,24.0
GB_GCA_051439665.1,JBFRWQ010000319.1_17_A,C,C,C,Q,H,C,H,JBFRWQ010000319.1_17,24.0
GB_GCA_963677125.1,OY781882.1_1338_A,C,C,C,Q,H,C,H,OY781882.1_1338,24.0
GB_GCA_963696195.1,OY968826.1_2141_A,C,C,C,Q,H,C,H,OY968826.1_2141,24.0
GB_GCA_964526565.1,CAZGMC010000038.1_7_A,C,C,C,Q,H,C,H,CAZGMC010000038.1_7,24.0
RS_GCF_000177215.2,NZ_CM001368.1_472_A,C,C,C,Q,H,C,H,NZ_CM001368.1_472,24.0
RS_GCF_000304315.1,NC_018485.1_2597_A,C,C,C,Q,H,C,H,NC_018485.1_2597,24.0
RS_GCF_000359585.1,NZ_APMH01000029.1_28_A,C,C,C,W,F,C,A,NZ_APMH01000029.1_28,19.0
RS_GCF_000746085.1,NZ_KN050804.1_46_A,C,C,C,Q,H,C,H,NZ_KN050804.1_46,24.0
RS_GCF_000940805.1,NZ_CP007142.1_1681_A,C,C,C,Q,H,C,H,NZ_CP007142.1_1681,24.0
RS_GCF_001618385.1,NZ_BDCR01000002.1_24_A,C,C,C,Q,H,C,H,NZ_BDCR01000002.1_24,24.0
RS_GCF_001723605.1,NZ_CP017111.1_1266_A,C,C,C,Q,H,C,H,NZ_CP017111.1_1266,24.0
RS_GCF_002006345.1,NZ_LZZM01000215.1_13_A,C,C,C,Q,H,C,H,NZ_LZZM01000215.1_13,24.0
RS_GCF_004365965.1,NZ_SOEB01000001.1_238_A,C,C,C,Q,H,C,H,NZ_SOEB01000001.1_238,24.0
RS_GCF_006516955.1,NZ_VHLG01000012.1_113_A,C,C,C,Q,H,C,H,NZ_VHLG01000012.1_113,24.0
RS_GCF_008086615.1,NZ_RXYB01000019.1_33_A,C,C,C,Q,H,C,H,NZ_RXYB01000019.1_33,24.0
RS_GCF_010587385.1,NZ_CP047475.1_1190_A,C,C,C,Q,H,C,H,NZ_CP047475.1_1190,24.0
RS_GCF_012911025.1,NZ_WUEI01000044.1_18_A,C,C,C,Q,H,C,H,NZ_WUEI01000044.1_18,24.0
RS_GCF_018619435.1,NZ_JAHFZF010000007.1_16_A,C,C,C,Q,H,C,H,NZ_JAHFZF010000007.1_16,24.0
RS_GCF_029076845.1,NZ_JARESE010000031.1_26_A,C,C,C,Q,H,C,H,NZ_JARESE010000031.1_26,24.0
RS_GCF_041929345.1,NZ_JBHFNQ010000105.1_28_A,C,C,C,Q,H,C,H,NZ_JBHFNQ010000105.1_28,24.0
RS_GCF_047607245.1,NZ_JASGDK010000111.1_8_A,C,C,C,Q,H,C,H,NZ_JASGDK010000111.1_8,24.0
RS_GCF_900141895.1,NZ_FQYT01000018.1_46_A,C,C,C,Q,H,C,H,NZ_FQYT01000018.1_46,24.0
RS_GCF_900187365.1,NZ_FYDG01000006.1_11_A,C,C,C,Q,H,C,H,NZ_FYDG01000006.1_11,24.0
RS_GCF_902729435.1,NZ_LR746525.1_45_A,C,C,C,Q,H,C,H,NZ_LR746525.1_45,24.0
GB_GCA_964520335.1,CAZFNE010000039.1_12_A,C,C,C,W,Y,C,-,CAZFNE010000039.1_12,18.0
GB_GCA_005502875.1,SCMV01000067.1_6_A,C,C,C,Q,H,C,H,SCMV01000067.1_6,24.0
GB_GCA_009684525.1,WKKR01000002.1_635_A,C,C,C,Q,H,C,H,WKKR01000002.1_635,24.0
GB_GCA_011389745.1,JAABTQ010000009.1_34_A,C,C,C,Q,H,C,H,JAABTQ010000009.1_34,24.0
GB_GCA_014696615.1,JACJQJ010000046.1_41_A,C,C,C,Q,H,C,H,JACJQJ010000046.1_41,24.0
GB_GCA_015233485.1,JADFXO010000112.1_3_A,C,C,C,Q,H,C,H,JADFXO010000112.1_3,24.0
GB_GCA_019056595.1,CP036163.1_963_A,C,C,C,Q,H,C,H,CP036163.1_963,24.0
GB_GCA_020633825.1,JACKCV010000001.1_597_A,C,C,C,Q,H,C,H,JACKCV010000001.1_597,24.0
GB_GCA_024699325.1,JAILPS010000019.1_9_A,C,C,C,W,F,C,-,JAILPS010000019.1_9,18.0
GB_GCA_028711355.1,JAQTSL010000032.1_2_A,C,C,C,Q,H,C,H,JAQTSL010000032.1_2,24.0
GB_GCA_029266015.1,JAJUFK010000041.1_13_A,C,C,C,Q,H,C,H,JAJUFK010000041.1_13,24.0
GB_GCA_031284475.1,JAISZV010000315.1_5_A,C,C,C,Q,H,C,H,JAISZV010000315.1_5,24.0
GB_GCA_032250835.1,JAVVEA010000004.1_166_A,C,C,C,Q,H,C,H,JAVVEA010000004.1_166,24.0
GB_GCA_035352735.1,DAOPYF010000005.1_11_A,C,C,C,Q,H,C,H,DAOPYF010000005.1_11,24.0
GB_GCA_903839795.1,CAIMDR010000707.1_2_A,C,C,C,Q,H,C,H,CAIMDR010000707.1_2,24.0
GB_GCA_903906695.1,CAIVLG010000099.1_35_A,C,C,C,Q,H,C,H,CAIVLG010000099.1_35,24.0
GB_GCA_963696315.1,CAVOJU010000032.1_31_A,C,C,C,Q,H,C,H,CAVOJU010000032.1_31,24.0
GB_GCA_963717985.1,CAVQYC010000001.1_558_A,C,C,C,Q,H,C,H,CAVQYC010000001.1_558,24.0
GB_GCA_964385695.1,CAYLQA010000004.1_94_A,C,C,C,Q,H,C,H,CAYLQA010000004.1_94,24.0
GB_GCA_964463655.1,CAYXDG010000094.1_4_A,C,C,C,Q,H,C,H,CAYXDG010000094.1_4,24.0
RS_GCF_002760435.1,NZ_AUUU01000014.1_65_A,C,C,C,W,F,C,-,NZ_AUUU01000014.1_65,18.0
RS_GCF_004138135.1,NZ_RYFD01000021.1_7_A,C,C,C,Q,H,C,H,NZ_RYFD01000021.1_7,24.0
RS_GCF_012911965.1,NZ_SMDP01000020.1_28_A,C,C,C,Q,H,C,H,NZ_SMDP01000020.1_28,24.0
RS_GCF_016584055.1,NZ_NRSH01000046.1_8_A,C,C,C,Q,H,C,H,NZ_NRSH01000046.1_8,24.0
RS_GCF_019343105.1,NZ_CP073764.1_1556_A,C,C,C,Q,H,C,H,NZ_CP073764.1_1556,24.0
RS_GCF_026626885.1,NZ_JAPNOA010000028.1_13_A,C,C,C,Q,H,C,H,NZ_JAPNOA010000028.1_13,24.0
RS_GCF_036279675.1,NZ_DASUIS010000148.1_59_A,C,C,C,Q,H,C,H,NZ_DASUIS010000148.1_59,24.0
RS_GCF_049818055.1,NZ_CP187479.1_1638_A,C,C,C,Q,H,C,-,NZ_CP187479.1_1638,21.0
RS_GCF_900101965.1,NZ_FNAP01000008.1_125_A,C,C,C,Q,H,C,H,NZ_FNAP01000008.1_125,24.0
GB_GCA_002501695.1,DANZ01000141.1_25_A,C,C,C,Q,H,C,H,DANZ01000141.1_25,24.0
GB_GCA_013178225.1,JABLXE010000022.1_13_A,C,C,C,Q,H,C,H,JABLXE010000022.1_13,24.0
GB_GCA_023436175.1,JAEZKE010000037.1_3_A,C,C,C,Q,H,C,H,JAEZKE010000037.1_3,24.0
GB_GCA_035560835.1,DATMYS010000084.1_9_A,C,C,C,Q,H,C,H,DATMYS010000084.1_9,24.0
RS_GCF_000302455.1,NZ_AMPO01000001.1_479_A,C,C,C,Q,H,C,H,NZ_AMPO01000001.1_479,24.0
RS_GCF_045291275.1,NZ_CP146982.1_2465_A,C,C,C,Q,H,C,H,NZ_CP146982.1_2465,24.0
GB_GCA_001499735.1,LN848257.1_3505_A,C,C,C,Q,H,C,H,LN848257.1_3505,24.0
GB_GCA_002307055.1,DBTM01000036.1_116_A,C,C,C,Q,H,C,H,DBTM01000036.1_116,24.0
GB_GCA_002699105.1,PABJ01000122.1_6_A,C,C,C,Q,H,C,H,PABJ01000122.1_6,24.0
GB_GCA_003246805.1,QKDG01000042.1_5_A,C,C,C,Q,H,C,H,QKDG01000042.1_5,24.0
GB_GCA_003604975.1,QZIR01000026.1_7_A,-,C,C,Q,H,C,H,QZIR01000026.1_7,20.0
GB_GCA_016868665.1,VGGK01000015.1_31_A,C,C,C,Q,H,C,H,VGGK01000015.1_31,24.0
GB_GCA_018399135.1,JAGYPB010000031.1_8_A,C,C,C,Q,H,C,H,JAGYPB010000031.1_8,24.0
GB_GCA_021785935.1,JAJYOG010000014.1_31_A,C,C,C,Q,H,C,H,JAJYOG010000014.1_31,24.0
GB_GCA_023409265.1,JAEYHZ010000004.1_10_A,C,C,C,Q,H,C,H,JAEYHZ010000004.1_10,24.0
GB_GCA_023442465.1,JAEZZQ010000016.1_376_A,C,C,C,W,F,C,G,JAEZZQ010000016.1_376,19.0
GB_GCA_025996865.1,BNTV01000017.1_26_A,C,C,C,Q,H,C,H,BNTV01000017.1_26,24.0
GB_GCA_026988125.1,JALSLU010000025.1_6_A,C,C,C,Q,H,C,H,JALSLU010000025.1_6,24.0
GB_GCA_047602425.1,JASGHG010000001.1_2686_A,C,C,C,Q,H,C,H,JASGHG010000001.1_2686,24.0
GB_GCA_050304475.1,JBNLDQ010000041.1_78_A,C,C,C,Q,H,C,H,JBNLDQ010000041.1_78,24.0
GB_GCA_963526485.1,CAURNS010000004.1_10_A,C,C,C,Q,H,C,H,CAURNS010000004.1_10,24.0
GB_GCA_963668645.2,CAXXWC010000021.1_901_A,C,C,C,Q,H,C,H,CAXXWC010000021.1_901,24.0
GB_GCA_963677125.1,OY781882.1_1346_A,C,C,C,Q,H,C,H,OY781882.1_1346,24.0
GB_GCA_963840255.1,CAWIYB010000004.1_6_A,-,-,C,Q,H,C,H,CAWIYB010000004.1_6,16.0
GB_GCA_964412665.1,CAYPPR010000017.1_54_A,C,C,C,Q,H,C,H,CAYPPR010000017.1_54,24.0
GB_GCA_964586285.1,CAZPHU010000131.1_6_A,C,C,C,Q,H,C,H,CAZPHU010000131.1_6,24.0
RS_GCF_000305935.1,NC_018870.1_853_A,C,C,C,Q,H,C,H,NC_018870.1_853,24.0
RS_GCF_000359585.1,NZ_APMH01000045.1_9_A,C,C,C,Q,H,C,H,NZ_APMH01000045.1_9,24.0
RS_GCF_001620265.1,NZ_CP012661.1_1542_A,C,C,C,Q,H,C,H,NZ_CP012661.1_1542,24.0
RS_GCF_003952525.1,NZ_CP034451.1_3577_A,C,C,C,Q,H,C,H,NZ_CP034451.1_3577,24.0
RS_GCF_008107625.1,NZ_SDKK01000007.1_181_A,C,C,C,Q,H,C,H,NZ_SDKK01000007.1_181,24.0
RS_GCF_015234275.1,NZ_JADGII010000025.1_13_A,C,C,C,Q,H,C,H,NZ_JADGII010000025.1_13,24.0
RS_GCF_018619475.1,NZ_JAHFZG010000006.1_134_A,C,C,C,Q,H,C,H,NZ_JAHFZG010000006.1_134,24.0
RS_GCF_020510565.1,NZ_CP075189.1_1706_A,C,C,C,Q,H,C,H,NZ_CP075189.1_1706,24.0
RS_GCF_021391675.1,NZ_CP090097.1_71_A,C,C,C,Q,H,C,H,NZ_CP090097.1_71,24.0
RS_GCF_022690765.1,NZ_JALCZA010000009.1_86_A,C,C,C,Q,H,C,H,NZ_JALCZA010000009.1_86,24.0
RS_GCF_029109325.2,NZ_JAQKQJ020000007.1_88_A,C,C,C,Q,H,C,H,NZ_JAQKQJ020000007.1_88,24.0
RS_GCF_049818055.1,NZ_CP187479.1_1640_A,-,-,C,Q,H,C,H,NZ_CP187479.1_1640,16.0
RS_GCF_900111235.1,NZ_FOJI01000013.1_54_A,C,C,C,Q,H,C,H,NZ_FOJI01000013.1_54,24.0
RS_GCF_902729445.1,NZ_CACVCE010000003.1_86_A,C,C,C,Q,H,C,H,NZ_CACVCE010000003.1_86,24.0
GB_GCA_013180585.1,QBUM01000235.1_8_A,C,C,C,Q,H,C,H,QBUM01000235.1_8,24.0
GB_GCA_000380225.1,KB904821.1_2326_A,C,C,C,Q,H,C,H,KB904821.1_2326,24.0
GB_GCA_003604975.1,QZIR01000026.1_9_A,C,C,C,Q,H,C,P,QZIR01000026.1_9,22.0
GB_GCA_005774545.1,VAUL01000018.1_23_A,C,C,C,Q,H,C,H,VAUL01000018.1_23,24.0
GB_GCA_011389815.1,JAABTP010000024.1_23_A,C,C,C,Q,H,C,H,JAABTP010000024.1_23,24.0
GB_GCA_016709675.1,JADJMH010000005.1_136_A,C,C,C,Q,H,C,H,JADJMH010000005.1_136,24.0
GB_GCA_019084485.1,JAHRFU010000088.1_6_A,C,C,C,Q,H,C,H,JAHRFU010000088.1_6,24.0
GB_GCA_021816425.1,JAKAXT010000006.1_5_A,C,C,C,Q,H,C,H,JAKAXT010000006.1_5,24.0
GB_GCA_022378355.1,JAKMAJ010000003.1_182_A,C,C,C,Q,H,C,H,JAKMAJ010000003.1_182,24.0
GB_GCA_029266295.1,JAQSXD010000115.1_3_A,C,C,C,Q,H,C,H,JAQSXD010000115.1_3,24.0
GB_GCA_030692765.1,JAUYUB010000001.1_84_A,C,C,C,Q,H,C,H,JAUYUB010000001.1_84,24.0
GB_GCA_031272405.1,JAISTW010000046.1_37_A,C,C,C,Q,H,C,H,JAISTW010000046.1_37,24.0
GB_GCA_031284485.1,JAISZT010000070.1_11_A,C,C,C,Q,H,C,H,JAISZT010000070.1_11,24.0
GB_GCA_035352895.1,DAOPYN010000007.1_62_A,C,C,C,Q,H,C,H,DAOPYN010000007.1_62,24.0
GB_GCA_040883315.1,JBFLKU010000004.1_14_A,C,C,C,Q,H,C,H,JBFLKU010000004.1_14,24.0
GB_GCA_050304615.1,JBNLDW010000007.1_40_A,C,C,C,Q,H,C,H,JBNLDW010000007.1_40,24.0
GB_GCA_052400685.1,JBQTGJ010000004.1_146_A,C,C,C,Q,H,C,H,JBQTGJ010000004.1_146,24.0
GB_GCA_903839855.1,CAIMEB010000138.1_9_A,C,C,C,Q,H,C,H,CAIMEB010000138.1_9,24.0
GB_GCA_946411205.1,CAMKDG010000070.1_6_A,C,C,C,Q,H,C,H,CAMKDG010000070.1_6,24.0
GB_GCA_963664255.1,OY760938.1_1004_A,C,C,C,Q,H,C,H,OY760938.1_1004,24.0
GB_GCA_963696385.1,CAVOKF010000004.1_984_A,C,C,C,Q,H,C,H,CAVOKF010000004.1_984,24.0
GB_GCA_963718195.1,CAVQYQ010000006.1_700_A,C,C,C,Q,H,C,H,CAVQYQ010000006.1_700,24.0
GB_GCA_963741375.1,CAVUMJ010000184.1_2_A,C,C,C,Q,H,C,H,CAVUMJ010000184.1_2,24.0
GB_GCA_964386405.1,CAYLRW010000029.1_10_A,C,C,C,Q,H,C,H,CAYLRW010000029.1_10,24.0
GB_GCA_964439325.1,CAYTNW010000002.1_173_A,C,C,C,Q,H,C,H,CAYTNW010000002.1_173,24.0
GB_GCA_964494165.1,CAZBSJ010000002.1_11_A,C,C,C,Q,H,C,H,CAZBSJ010000002.1_11,24.0
GB_GCA_964526735.1,CAZGLO010000063.1_10_A,C,C,C,Q,H,C,H,CAZGLO010000063.1_10,24.0
GB_GCA_964554655.1,CAZKPN010000035.1_33_A,C,C,C,Q,H,C,H,CAZKPN010000035.1_33,24.0
RS_GCF_000305935.1,NC_018870.1_855_A,C,C,C,Q,H,C,P,NC_018870.1_855,22.0
RS_GCF_000359745.1,NZ_AQHN01000086.1_86_A,C,C,C,Q,H,C,H,NZ_AQHN01000086.1_86,24.0
RS_GCF_000472705.1,NZ_KI421454.1_334_A,C,C,C,Q,H,C,H,NZ_KI421454.1_334,24.0
RS_GCF_001730225.1,NZ_MIJE01000032.1_122_A,C,C,C,Q,H,C,H,NZ_MIJE01000032.1_122,24.0
RS_GCF_002760435.1,NZ_AUUU01000014.1_73_A,C,C,C,W,F,C,G,NZ_AUUU01000014.1_73,19.0
RS_GCF_003403295.1,NZ_QUWV01000071.1_45_A,C,C,C,Q,H,C,H,NZ_QUWV01000071.1_45,24.0
RS_GCF_010646885.2,NZ_CP050700.1_4212_A,C,C,C,Q,H,C,H,NZ_CP050700.1_4212,24.0
RS_GCF_012911975.1,NZ_SMDQ01000031.1_30_A,C,C,C,Q,H,C,H,NZ_SMDQ01000031.1_30,24.0
RS_GCF_016584085.1,NZ_NRSJ01000006.1_89_A,C,C,C,Q,H,C,H,NZ_NRSJ01000006.1_89,24.0
RS_GCF_023701945.1,NZ_JABAEF010000007.1_246_A,C,C,C,Q,H,C,H,NZ_JABAEF010000007.1_246,24.0
RS_GCF_024972775.1,NZ_CP092282.1_598_A,C,C,C,Q,H,C,H,NZ_CP092282.1_598,24.0
RS_GCF_032302195.1,NZ_CP135275.1_6256_A,C,C,C,Q,H,C,H,NZ_CP135275.1_6256,24.0
RS_GCF_034531395.1,NZ_JARVCO010000010.1_925_A,C,C,C,Q,H,C,H,NZ_JARVCO010000010.1_925,24.0
RS_GCF_038957035.1,NZ_CP152412.1_6756_A,C,C,C,Q,H,C,H,NZ_CP152412.1_6756,24.0
RS_GCF_046000175.1,NZ_JBEOMB010000021.1_2_A,C,C,C,Q,H,C,H,NZ_JBEOMB010000021.1_2,24.0
RS_GCF_047622445.1,NZ_JBLHOE010000013.1_20_A,C,C,C,Q,H,C,H,NZ_JBLHOE010000013.1_20,24.0
RS_GCF_051225715.1,NZ_JBPJSP010000013.1_86_A,C,C,C,Q,H,C,H,NZ_JBPJSP010000013.1_86,24.0
RS_GCF_900142005.1,NZ_FQZL01000005.1_298_A,C,C,C,Q,H,C,H,NZ_FQZL01000005.1_298,24.0
RS_GCF_902762735.1,NZ_CACWPP010000036.1_15_A,C,C,C,W,F,C,G,NZ_CACWPP010000036.1_15,19.0
GB_GCA_963765255.1,CAVXVI010000001.1_908_A,C,C,C,Q,H,C,H,CAVXVI010000001.1_908,24.0
GB_GCA_964520335.1,CAZFNE010000231.1_5_A,C,C,C,Q,H,C,H,CAZFNE010000231.1_5,24.0
GB_GCA_001510895.1,LPWA01000161.1_13_A,C,C,C,Q,H,C,-,LPWA01000161.1_13,21.0
GB_GCA_002408085.1,DHQL01000018.1_131_A,C,C,C,Q,H,C,H,DHQL01000018.1_131,24.0
GB_GCA_002897735.1,BDTW01000015.1_66_A,C,C,C,Q,H,C,H,BDTW01000015.1_66,24.0
GB_GCA_003246855.1,QKCP01000121.1_36_A,C,C,C,Q,H,C,H,QKCP01000121.1_36,24.0
GB_GCA_005779525.1,SXIZ01000135.1_14_A,C,C,C,Q,H,C,H,SXIZ01000135.1_14,24.0
GB_GCA_016182975.1,JACPFJ010000023.1_139_A,C,C,C,Q,H,C,H,JACPFJ010000023.1_139,24.0
GB_GCA_016218705.1,JACRDC010000009.1_36_A,C,C,C,Q,H,C,H,JACRDC010000009.1_36,24.0
GB_GCA_018399655.1,JAGYNS010000012.1_11_A,C,C,C,Q,H,C,H,JAGYNS010000012.1_11,24.0
GB_GCA_019084485.1,JAHRFU010000088.1_8_A,C,C,C,Q,H,C,F,JAHRFU010000088.1_8,22.0
GB_GCA_023269585.1,JAHFTC010000043.1_5_A,C,C,C,Q,H,C,H,JAHFTC010000043.1_5,24.0
GB_GCA_023442755.1,JAEZXS010000344.1_4_A,C,C,C,Q,H,C,H,JAEZXS010000344.1_4,24.0
GB_GCA_028285315.1,JANQPU010000018.1_21_A,C,C,C,Q,H,C,H,JANQPU010000018.1_21,24.0
GB_GCA_028711365.1,JAQTSI010000028.1_15_A,C,C,C,Q,H,C,H,JAQTSI010000028.1_15,24.0
GB_GCA_031291515.1,JARLIW010000203.1_12_A,C,C,C,Q,H,C,H,JARLIW010000203.1_12,24.0
GB_GCA_038211245.1,JBBQVT010000074.1_5_A,C,C,C,Q,H,C,H,JBBQVT010000074.1_5,24.0
GB_GCA_041736455.1,JBGSTN010000957.1_3_A,C,C,C,Q,H,C,H,JBGSTN010000957.1_3,24.0
GB_GCA_046349215.1,JAXMCV010000002.1_202_A,C,C,C,Q,H,C,H,JAXMCV010000002.1_202,24.0
GB_GCA_050013275.1,JBEKFO010000002.1_12_A,C,C,C,Q,H,C,H,JBEKFO010000002.1_12,24.0
GB_GCA_051531915.1,JAOPTQ010000141.1_23_A,C,C,C,Q,H,C,H,JAOPTQ010000141.1_23,24.0
GB_GCA_903873045.1,CAIQND010000322.1_2_A,C,C,C,Q,H,C,H,CAIQND010000322.1_2,24.0
GB_GCA_963788415.1,CAWBHO010000015.1_11_A,C,C,C,Q,H,C,H,CAWBHO010000015.1_11,24.0
RS_GCF_000022085.1,NC_011894.1_3949_A,C,C,C,Q,H,C,H,NC_011894.1_3949,24.0
RS_GCF_000177635.2,NC_014836.1_695_A,C,C,C,Q,H,C,H,NC_014836.1_695,24.0
RS_GCF_000237085.1,NC_016627.1_1266_A,C,C,C,Q,H,C,H,NC_016627.1_1266,24.0
RS_GCF_000307775.2,NZ_KK020677.1_672_A,C,C,C,Q,H,C,H,NZ_KK020677.1_672,24.0
RS_GCF_000423945.1,NZ_KE384114.1_217_A,C,C,C,C,F,C,L,NZ_KE384114.1_217,19.0
RS_GCF_000747095.1,NZ_JQGL01000045.1_2_A,C,C,C,Q,H,C,H,NZ_JQGL01000045.1_2,24.0
RS_GCF_000948395.1,NZ_JYFN01000021.1_15_A,C,C,C,Q,H,C,H,NZ_JYFN01000021.1_15,24.0
RS_GCF_001622165.1,NZ_LVWG01000032.1_133_A,C,C,C,Q,H,C,H,NZ_LVWG01000032.1_133,24.0
RS_GCF_001742305.1,NZ_MJAT01000037.1_131_A,C,C,C,Q,H,C,H,NZ_MJAT01000037.1_131,24.0
RS_GCF_002006355.2,NZ_CP096980.1_4231_A,C,C,C,Q,H,C,H,NZ_CP096980.1_4231,24.0
RS_GCF_002760435.1,NZ_AUUU01000066.1_18_A,C,C,C,Q,H,C,H,NZ_AUUU01000066.1_18,24.0
RS_GCF_004369205.1,NZ_QFGA01000001.1_1034_A,C,C,C,Q,H,C,H,NZ_QFGA01000001.1_1034,24.0
RS_GCF_006538365.1,NZ_BJKN01000001.1_1108_A,C,C,C,Q,H,C,H,NZ_BJKN01000001.1_1108,24.0
RS_GCF_014218275.1,NZ_AP023213.1_1133_A,C,C,C,Q,H,C,H,NZ_AP023213.1_1133,24.0
RS_GCF_016584105.1,NZ_NRSM01000036.1_2_A,C,C,C,Q,H,C,H,NZ_NRSM01000036.1_2,24.0
RS_GCF_030730865.1,NZ_JAVALZ010000001.1_165_A,C,C,C,Q,H,C,H,NZ_JAVALZ010000001.1_165,24.0
RS_GCF_034627025.1,NZ_CP141049.1_803_A,C,C,C,Q,H,C,H,NZ_CP141049.1_803,24.0
RS_GCF_036345015.1,NZ_CP084098.1_3226_A,C,C,C,Q,H,C,H,NZ_CP084098.1_3226,24.0
RS_GCF_900111365.1,NZ_FOGZ01000032.1_6_A,C,C,C,Q,H,C,H,NZ_FOGZ01000032.1_6,24.0
GB_GCA_002502785.1,DAQG01000117.1_12_A,C,C,C,Q,H,C,H,DAQG01000117.1_12,24.0
GB_GCA_030539815.1,JAUNXM010000034.1_7_A,C,C,C,Q,H,C,H,JAUNXM010000034.1_7,24.0
GB_GCA_905339155.1,CAJPFJ010000024.1_75_A,C,C,C,Q,H,C,H,CAJPFJ010000024.1_75,24.0
GB_GCA_003604985.1,QZIW01000024.1_14_A,C,C,C,Q,H,C,-,QZIW01000024.1_14,21.0
GB_GCA_009711615.1,VENI01000005.1_303_A,-,C,C,K,Y,C,H,VENI01000005.1_303,17.0
GB_GCA_016218715.1,JACRDG010000112.1_76_A,C,C,C,Q,H,C,H,JACRDG010000112.1_76,24.0
GB_GCA_021816465.1,JAKAYF010000064.1_6_A,C,C,C,Q,H,C,H,JAKAYF010000064.1_6,24.0
GB_GCA_022483015.1,JAKVOB010000001.1_644_A,C,C,C,W,F,C,L,JAKVOB010000001.1_644,19.0
GB_GCA_025997045.1,BNUB01000026.1_18_A,C,C,C,Q,H,C,H,BNUB01000026.1_18,24.0
GB_GCA_027492445.1,JAPUES010000132.1_8_A,C,C,C,Q,H,C,H,JAPUES010000132.1_8,24.0
GB_GCA_030064915.1,JASJEK010000004.1_38_A,C,C,C,Q,H,C,H,JASJEK010000004.1_38,24.0
GB_GCA_030693065.1,JAUYBL010000001.1_3_A,C,C,C,Q,H,C,H,JAUYBL010000001.1_3,24.0
GB_GCA_031272485.1,JAISTV010000002.1_4_A,C,C,C,F,Y,C,A,JAISTV010000002.1_4,19.0
GB_GCA_035352975.1,DAOPYP010000028.1_18_A,C,C,C,W,F,C,L,DAOPYP010000028.1_18,19.0
GB_GCA_036337295.1,JAYZEN010000001.1_1057_A,C,C,C,Q,H,C,H,JAYZEN010000001.1_1057,24.0
GB_GCA_037140315.1,JBAXES010000019.1_4_A,C,C,C,Q,H,C,H,JBAXES010000019.1_4,24.0
GB_GCA_049579985.1,JBAUOX010000939.1_7_A,C,C,C,Q,H,C,H,JBAUOX010000939.1_7,24.0
GB_GCA_050013355.1,JBEKFJ010000002.1_8_A,C,C,C,Q,H,C,H,JBEKFJ010000002.1_8,24.0
GB_GCA_937886325.1,CALABV010000158.1_3_A,C,C,C,Q,H,C,H,CALABV010000158.1_3,24.0
GB_GCA_938023035.1,CALIDI010000021.1_93_A,C,C,C,Q,H,C,H,CALIDI010000021.1_93,24.0
GB_GCA_946411505.1,CAMKEG010000002.1_136_A,C,C,C,W,F,C,L,CAMKEG010000002.1_136,19.0
GB_GCA_963664305.2,CAXXLV010000001.1_719_A,C,C,C,Q,H,C,H,CAXXLV010000001.1_719,24.0
GB_GCA_963668675.2,CAXXMB010000002.1_2869_A,C,C,C,Q,H,C,H,CAXXMB010000002.1_2869,24.0
GB_GCA_963677125.1,OY781882.1_2802_A,C,C,C,Q,H,C,H,OY781882.1_2802,24.0
GB_GCA_963696505.1,CAVOKN010000014.1_2_A,C,C,C,Q,H,C,H,CAVOKN010000014.1_2,24.0
GB_GCA_963718345.1,CAVQZH010000011.1_30_A,C,C,C,Q,H,C,H,CAVQZH010000011.1_30,24.0
GB_GCA_963741425.1,CAVUHP010000014.1_140_A,C,C,C,Q,H,C,H,CAVUHP010000014.1_140,24.0
GB_GCA_963809365.1,CAWEJR010000013.1_20_A,C,C,C,Q,H,C,H,CAWEJR010000013.1_20,24.0
GB_GCA_964588325.1,CAZPOR010000002.1_130_A,C,C,C,Q,H,C,H,CAZPOR010000002.1_130,24.0
GB_GCA_964642175.1,CAZXOK010000005.1_112_A,C,C,C,Q,H,C,H,CAZXOK010000005.1_112,24.0
RS_GCF_000013085.1,NC_007643.1_1037_A,C,C,C,Q,H,C,H,NC_007643.1_1037,24.0
RS_GCF_000753795.1,NZ_JPEO01000004.1_167_A,C,C,C,Q,H,C,H,NZ_JPEO01000004.1_167,24.0
RS_GCF_003149105.1,NZ_QGDS01000018.1_33_A,C,C,C,Q,H,C,H,NZ_QGDS01000018.1_33,24.0
RS_GCF_004197395.1,NZ_SELS01000114.1_7_A,C,C,C,Q,H,C,H,NZ_SELS01000114.1_7,24.0
RS_GCF_006538365.1,NZ_BJKN01000001.1_1110_A,C,C,C,Q,H,C,-,NZ_BJKN01000001.1_1110,21.0
RS_GCF_008107685.1,NZ_VIRF01000090.1_226_A,C,C,C,Q,H,C,H,NZ_VIRF01000090.1_226,24.0
RS_GCF_017874415.1,NZ_JAGGLM010000003.1_29_A,C,C,C,Q,H,C,H,NZ_JAGGLM010000003.1_29,24.0
RS_GCF_022760755.1,NZ_JAIVFP010000001.1_3378_A,C,C,C,Q,H,C,H,NZ_JAIVFP010000001.1_3378,24.0
RS_GCF_046044395.1,NZ_JBJUSG010000128.1_2_A,C,C,C,Q,H,C,H,NZ_JBJUSG010000128.1_2,24.0
RS_GCF_051233685.1,NZ_JBAMMY010000185.1_10_A,C,C,C,Q,H,C,H,NZ_JBAMMY010000185.1_10,24.0
RS_GCF_950100655.1,NZ_CATNLY010000023.1_453_A,C,C,C,Q,H,C,H,NZ_CATNLY010000023.1_453,24.0
GB_GCA_000421045.1,ATWC01000001.1_77_A,C,C,C,W,F,C,E,ATWC01000001.1_77,19.0
GB_GCA_003604985.1,QZIW01000024.1_16_A,C,C,C,Q,H,C,H,QZIW01000024.1_16,24.0
GB_GCA_011389885.1,JAABTK010000021.1_17_A,C,C,C,Q,H,C,H,JAABTK010000021.1_17,24.0
GB_GCA_013335115.1,JAAXWQ010000001.1_234_A,C,C,C,Q,H,C,H,JAAXWQ010000001.1_234,24.0
GB_GCA_017544125.1,JAFYET010000390.1_7_A,C,C,C,W,F,C,G,JAFYET010000390.1_7,19.0
GB_GCA_019100305.1,JAHRHW010000315.1_4_A,C,C,C,Q,H,C,H,JAHRHW010000315.1_4,24.0
GB_GCA_023269675.1,JAHFSX010000025.1_5_A,C,C,C,Q,H,C,H,JAHFSX010000025.1_5,24.0
GB_GCA_023443285.1,JAEZVB010000091.1_20_A,C,C,C,Q,H,C,H,JAEZVB010000091.1_20,24.0
GB_GCA_026988135.1,JALSLT010000086.1_7_A,C,C,C,Q,H,C,H,JALSLT010000086.1_7,24.0
GB_GCA_028285485.1,JANQPC010000102.1_24_A,C,C,C,Q,H,C,H,JANQPC010000102.1_24,24.0
GB_GCA_030064935.1,JASJEA010000044.1_12_A,C,C,C,Q,H,C,H,JASJEA010000044.1_12,24.0
GB_GCA_031277035.1,JAISLY010000061.1_2_A,C,C,C,W,F,C,G,JAISLY010000061.1_2,19.0
GB_GCA_032251255.1,JAVVDY010000033.1_4_A,C,C,C,Q,H,C,H,JAVVDY010000033.1_4,24.0
GB_GCA_041083665.1,JBFPGZ010000010.1_131_A,C,C,C,Q,H,C,H,JBFPGZ010000010.1_131,24.0
GB_GCA_041599275.1,JBFHWX010000001.1_9_A,C,C,C,Q,H,C,H,JBFHWX010000001.1_9,24.0
GB_GCA_049302035.1,JBAQLR010000029.1_7_A,C,C,C,Q,H,C,H,JBAQLR010000029.1_7,24.0
GB_GCA_050304695.1,JBNLEB010000004.1_28_A,C,C,C,Q,H,C,H,JBNLEB010000004.1_28,24.0
GB_GCA_051531975.1,JAOPTT010000003.1_233_A,C,C,C,Q,H,C,H,JAOPTT010000003.1_233,24.0
GB_GCA_903840185.1,CAIMFA010000121.1_18_A,C,C,C,Q,H,C,H,CAIMFA010000121.1_18,24.0
GB_GCA_903873165.1,CAIQNQ010000260.1_9_A,C,C,C,Q,H,C,H,CAIQNQ010000260.1_9,24.0
GB_GCA_903940125.1,CAJAJL010000079.1_41_A,C,C,C,Q,H,C,H,CAJAJL010000079.1_41,24.0
GB_GCA_963841065.1,CAWJBI010000008.1_19_A,C,C,C,Q,H,C,H,CAWJBI010000008.1_19,24.0
GB_GCA_964527085.1,CAZGON010000025.1_21_A,C,C,C,Q,H,C,H,CAZGON010000025.1_21,24.0
GB_GCA_965363355.1,CBDTTM010000040.1_9_A,C,C,C,Q,H,C,H,CBDTTM010000040.1_9,24.0
RS_GCF_000013205.1,NC_007775.1_1742_A,C,C,C,Q,H,C,H,NC_007775.1_1742,24.0
RS_GCF_000423945.1,NZ_KE384114.1_219_A,C,C,C,W,F,C,A,NZ_KE384114.1_219,19.0
RS_GCF_000612505.1,NZ_CP004078.1_3768_A,C,C,C,Q,H,C,H,NZ_CP004078.1_3768,24.0
RS_GCF_000949475.1,NZ_JRHC01000008.1_13_A,C,C,C,Q,H,C,H,NZ_JRHC01000008.1_13,24.0
RS_GCF_003966655.1,NZ_AP018795.1_2348_A,C,C,C,Q,H,C,H,NZ_AP018795.1_2348,24.0
RS_GCF_017874415.1,NZ_JAGGLM010000008.1_53_A,C,C,C,W,F,C,G,NZ_JAGGLM010000008.1_53,19.0
RS_GCF_020510585.1,NZ_CP075190.1_1449_A,C,C,C,Q,H,C,H,NZ_CP075190.1_1449,24.0
RS_GCF_026646375.1,NZ_JAIPPU010000001.1_267_A,C,C,C,Q,H,C,H,NZ_JAIPPU010000001.1_267,24.0
RS_GCF_049843555.1,NZ_JBBHZK010000003.1_409_A,C,C,C,Q,H,C,H,NZ_JBBHZK010000003.1_409,24.0
RS_GCF_900142025.1,NZ_FQZM01000006.1_10_A,-,C,C,Q,H,C,H,NZ_FQZM01000006.1_10,20.0
RS_GCF_045690325.1,NZ_CP146981.1_2209_A,C,C,C,Q,H,C,H,NZ_CP146981.1_2209,24.0
GB_GCA_001516045.1,LOEW01000092.1_14_A,C,C,C,Q,H,C,H,LOEW01000092.1_14,24.0
GB_GCA_003246895.1,QKCL01000069.1_17_A,C,C,C,Q,H,C,H,QKCL01000069.1_17,24.0
GB_GCA_003604995.1,QZJD01000092.1_9_A,C,C,C,Q,H,C,H,QZJD01000092.1_9,24.0
GB_GCA_009711615.1,VENI01000005.1_305_A,C,C,C,Q,H,C,H,VENI01000005.1_305,24.0
GB_GCA_015233725.1,JADFXD010000012.1_35_A,C,C,C,Q,H,C,H,JADFXD010000012.1_35,24.0
GB_GCA_016709965.1,JADJLT010000002.1_118_A,C,C,C,Q,H,C,H,JADJLT010000002.1_118,24.0
GB_GCA_019136515.1,JAGVUB010000109.1_6_A,C,C,C,Q,H,C,H,JAGVUB010000109.1_6,24.0
GB_GCA_023393115.1,JAEWMS010000076.1_124_A,C,C,C,Q,H,C,H,JAEWMS010000076.1_124,24.0
GB_GCA_023416275.1,JAEZIB010000112.1_6_A,C,C,C,Q,H,C,H,JAEZIB010000112.1_6,24.0
GB_GCA_024707145.1,JANQAI010000011.1_1004_A,C,C,C,Q,H,C,H,JANQAI010000011.1_1004,24.0
GB_GCA_025997195.1,BNUG01000015.1_33_A,C,C,C,W,F,C,-,BNUG01000015.1_33,18.0
GB_GCA_027492875.1,JAPUDV010000067.1_4_A,C,C,C,Q,H,C,H,JAPUDV010000067.1_4,24.0
GB_GCA_028712075.1,JAQTQX010000034.1_15_A,C,C,C,Q,H,C,H,JAQTQX010000034.1_15,24.0
GB_GCA_029266335.1,JAQSXC010000011.1_22_A,C,C,C,Q,H,C,H,JAQSXC010000011.1_22,24.0
GB_GCA_035359995.1,DAORZT010000020.1_31_A,C,C,C,Q,H,C,H,DAORZT010000020.1_31,24.0
GB_GCA_047602505.1,JASGHD010000001.1_941_A,C,C,C,Q,H,C,H,JASGHD010000001.1_941,24.0
GB_GCA_049580385.1,JBAUPV010000005.1_316_A,C,C,C,Q,H,C,H,JBAUPV010000005.1_316,24.0
GB_GCA_902792795.1,CADBBB010000030.1_23_A,C,C,C,W,F,C,-,CADBBB010000030.1_23,18.0
GB_GCA_913058345.1,CAJXQR010000014.1_21_A,C,C,C,Q,H,C,H,CAJXQR010000014.1_21,24.0
GB_GCA_963718615.1,OY970368.1_3593_A,C,C,C,Q,H,C,H,OY970368.1_3593,24.0
GB_GCA_963788485.1,CAWBIS010000128.1_5_A,C,C,C,Q,H,C,H,CAWBIS010000128.1_5,24.0
GB_GCA_963809985.1,CAWELW010000004.1_1569_A,C,C,C,Q,H,C,H,CAWELW010000004.1_1569,24.0
RS_GCF_000177675.1,NZ_ADGX01000041.1_50_A,C,C,C,Q,H,C,H,NZ_ADGX01000041.1_50,24.0
RS_GCF_000365305.1,NZ_CM001841.1_3555_A,C,C,C,Q,H,C,H,NZ_CM001841.1_3555,24.0
RS_GCF_000472785.1,NZ_AXAL01000020.1_38_A,C,C,C,Q,H,C,H,NZ_AXAL01000020.1_38,24.0
RS_GCF_001315015.1,NZ_CP012914.1_935_A,C,C,C,Q,H,C,H,NZ_CP012914.1_935,24.0
RS_GCF_001746755.1,NZ_MCGG01000036.1_74_A,C,C,C,Q,H,C,H,NZ_MCGG01000036.1_74,24.0
RS_GCF_003441615.1,NZ_CP031842.1_1320_A,C,C,C,Q,H,C,H,NZ_CP031842.1_1320,24.0
RS_GCF_006539345.1,NZ_BJMV01000010.1_39_A,C,C,C,Q,H,C,H,NZ_BJMV01000010.1_39,24.0
RS_GCF_015239775.1,NZ_CP058409.1_509_A,C,C,C,Q,H,C,H,NZ_CP058409.1_509,24.0
RS_GCF_022760805.1,NZ_JAIVFL010000001.1_231_A,C,C,C,Q,H,C,H,NZ_JAIVFL010000001.1_231,24.0
RS_GCF_023703465.1,NZ_JAMQGP010000006.1_100_A,C,C,C,Q,H,C,H,NZ_JAMQGP010000006.1_100,24.0
RS_GCF_029167105.1,NZ_JARFML010000025.1_77_A,C,C,C,Q,H,C,H,NZ_JARFML010000025.1_77,24.0
RS_GCF_032334055.1,NZ_JAUOZS010000001.1_2548_A,C,C,C,Q,H,C,H,NZ_JAUOZS010000001.1_2548,24.0
RS_GCF_039134705.1,NZ_CP146256.1_3074_A,C,C,C,W,F,C,-,NZ_CP146256.1_3074,18.0
RS_GCF_900102215.1,NZ_FNBG01000009.1_101_A,C,C,C,Q,H,C,H,NZ_FNBG01000009.1_101,24.0
RS_GCF_900142025.1,NZ_FQZM01000006.1_12_A,C,C,C,Q,H,C,P,NZ_FQZM01000006.1_12,22.0
GB_GCA_001914235.1,MQUF01000001.1_34_A,C,C,C,Q,H,C,H,MQUF01000001.1_34,24.0
GB_GCA_002898135.1,BDTQ01000100.1_2_A,C,C,C,Q,H,C,H,BDTQ01000100.1_2,24.0
GB_GCA_005843805.1,SZXY01000114.1_8_A,C,C,C,Q,H,C,H,SZXY01000114.1_8,24.0
GB_GCA_009711705.1,VENG01000008.1_184_A,C,C,C,Q,H,C,H,VENG01000008.1_184,24.0
GB_GCA_017438745.1,JAFRUS010000063.1_22_A,C,C,C,W,F,C,-,JAFRUS010000063.1_22,18.0
GB_GCA_021786845.1,JAJYMO010000044.1_10_A,C,C,C,Q,H,C,H,JAJYMO010000044.1_10,24.0
GB_GCA_024275145.1,JAJRZR010000108.1_27_A,C,C,C,Q,H,C,H,JAJRZR010000108.1_27,24.0
GB_GCA_026988575.1,JALSKZ010000026.1_9_A,C,C,C,Q,H,C,H,JALSKZ010000026.1_9,24.0
GB_GCA_031257175.1,JAIRPE010000126.1_17_A,C,C,C,Q,H,C,H,JAIRPE010000126.1_17,24.0
GB_GCA_031272485.1,JAISTV010000002.1_20_A,C,C,C,W,F,C,-,JAISTV010000002.1_20,18.0
GB_GCA_047602575.1,JASGGY010000003.1_447_A,C,C,C,W,F,C,-,JASGGY010000003.1_447,18.0
GB_GCA_050304755.1,JBNLED010000186.1_46_A,C,C,C,Q,H,C,H,JBNLED010000186.1_46,24.0
GB_GCA_963810515.1,CAWENG010000005.1_699_A,C,C,C,Q,H,C,H,CAWENG010000005.1_699,24.0
GB_GCA_963841635.1,CAWJDO010000002.1_721_A,C,C,C,Q,H,C,H,CAWJDO010000002.1_721,24.0
GB_GCA_964413275.1,CAYPSO010000119.1_5_A,C,C,C,Q,H,C,H,CAYPSO010000119.1_5,24.0
GB_GCA_964642855.1,CAZXSK010000006.1_7_A,C,C,C,Q,H,C,H,CAZXSK010000006.1_7,24.0
RS_GCF_000365425.1,NZ_AQOV01000001.1_2169_A,C,C,C,Q,H,C,H,NZ_AQOV01000001.1_2169,24.0
RS_GCF_000754095.2,NZ_JQSG02000001.1_295_A,C,C,C,Q,H,C,H,NZ_JQSG02000001.1_295,24.0
RS_GCF_006539725.1,NZ_BJNO01000001.1_335_A,C,C,C,Q,H,C,H,NZ_BJNO01000001.1_335,24.0
RS_GCF_010668065.1,NZ_WUEN01000006.1_124_A,C,C,C,Q,H,C,H,NZ_WUEN01000006.1_124,24.0
RS_GCF_012912105.1,NZ_QMEA01000002.1_119_A,C,C,C,Q,H,C,H,NZ_QMEA01000002.1_119,24.0
RS_GCF_014218335.1,NZ_AP023367.1_2347_A,C,C,C,Q,H,C,H,NZ_AP023367.1_2347,24.0
RS_GCF_015243575.1,NZ_CP042469.1_1494_A,C,C,C,W,F,C,-,NZ_CP042469.1_1494,18.0
RS_GCF_016584115.1,NZ_NRSK01000027.1_6_A,C,C,C,Q,H,C,H,NZ_NRSK01000027.1_6,24.0
RS_GCF_017874415.1,NZ_JAGGLM010000008.1_61_A,C,C,C,W,F,C,-,NZ_JAGGLM010000008.1_61,18.0
RS_GCF_019352175.1,NZ_JACBYI010000004.1_181_A,C,C,C,Q,H,C,H,NZ_JACBYI010000004.1_181,24.0
RS_GCF_032335695.1,NZ_JACTOJ010000010.1_102_A,C,C,C,Q,H,C,H,NZ_JACTOJ010000010.1_102,24.0
RS_GCF_034653275.1,NZ_JAYEES010000003.1_2137_A,C,C,C,Q,H,C,H,NZ_JAYEES010000003.1_2137,24.0
RS_GCF_040884245.1,NZ_JBEVTN010000009.1_66_A,C,C,C,Q,H,C,H,NZ_JBEVTN010000009.1_66,24.0
RS_GCF_042214795.1,NZ_CP090177.1_1350_A,C,C,C,Q,H,C,H,NZ_CP090177.1_1350,24.0
RS_GCF_047652685.1,NZ_CP157399.1_184_A,C,C,C,Q,H,C,H,NZ_CP157399.1_184,24.0
RS_GCF_049860565.1,NZ_CP172056.1_14_A,C,C,C,Q,H,C,H,NZ_CP172056.1_14,24.0
RS_GCF_051306965.1,NZ_CP195519.1_6306_A,C,C,C,Q,H,C,H,NZ_CP195519.1_6306,24.0
RS_GCF_900111565.1,NZ_FOIK01000004.1_103_A,C,C,C,Q,H,C,H,NZ_FOIK01000004.1_103,24.0
RS_GCF_900142095.1,NZ_FQZP01000045.1_14_A,C,C,C,Q,H,C,H,NZ_FQZP01000045.1_14,24.0
GB_GCA_002503595.1,DASC01000118.1_11_A,C,C,C,Q,H,C,H,DASC01000118.1_11,24.0
RS_GCF_000308215.1,NZ_CAJE01000024.1_42_A,C,C,C,Q,H,C,H,NZ_CAJE01000024.1_42,24.0
RS_GCF_017873415.1,NZ_JAGGKD010000007.1_25_A,C,C,C,Q,H,C,H,NZ_JAGGKD010000007.1_25,24.0
RS_GCF_046195335.1,NZ_CP176093.1_2527_A,C,C,C,Q,H,C,H,NZ_CP176093.1_2527,24.0
GB_GCA_002701845.1,NZXG01000008.1_74_A,C,C,C,Q,H,C,H,NZXG01000008.1_74,24.0
GB_GCA_002898135.1,BDTQ01000234.1_3_A,C,C,C,Q,H,C,H,BDTQ01000234.1_3,24.0
GB_GCA_015233895.1,JADFXG010000040.1_10_A,C,C,C,Q,H,C,H,JADFXG010000040.1_10,24.0
GB_GCA_017889725.1,JAGGAE010000064.1_4_A,C,C,C,Q,H,C,H,JAGGAE010000064.1_4,24.0
GB_GCA_023409435.1,JAEYHP010000168.1_16_A,C,C,C,Q,H,C,H,JAEYHP010000168.1_16,24.0
GB_GCA_023431385.1,JAEYWA010000242.1_4_A,C,C,C,Q,H,C,H,JAEYWA010000242.1_4,24.0
GB_GCA_026988575.1,JALSKZ010000026.1_12_A,C,C,C,Q,H,C,P,JALSKZ010000026.1_12,22.0
GB_GCA_028712475.1,JAQTQB010000004.1_20_A,C,C,C,Q,H,C,H,JAQTQB010000004.1_20,24.0
GB_GCA_030693155.1,JAUYBJ010000204.1_36_A,C,C,C,Q,H,C,H,JAUYBJ010000204.1_36,24.0
GB_GCA_035562135.1,DATMWS010000113.1_7_A,C,C,C,Q,H,C,H,DATMWS010000113.1_7,24.0
GB_GCA_036350815.1,JAZBNU010000263.1_21_A,C,C,C,Q,H,C,H,JAZBNU010000263.1_21,24.0
GB_GCA_036732025.1,DAINDE010000023.1_30_A,C,C,C,Q,H,C,H,DAINDE010000023.1_30,24.0
GB_GCA_038212305.1,JBBQUP010000063.1_10_A,C,C,C,Q,H,C,H,JBBQUP010000063.1_10,24.0
GB_GCA_041600795.1,JBFIJJ010000042.1_8_A,C,C,C,Q,H,C,H,JBFIJJ010000042.1_8,24.0
GB_GCA_043731245.1,JAYTJI010000214.1_13_A,C,C,C,Q,H,C,H,JAYTJI010000214.1_13,24.0
GB_GCA_049302075.1,JBAQLS010000042.1_30_A,C,C,C,Q,H,C,H,JBAQLS010000042.1_30,24.0
GB_GCA_050268805.1,JBLNHB010000302.1_8_A,C,C,C,Q,H,C,H,JBLNHB010000302.1_8,24.0
GB_GCA_051531995.1,JAOPTU010000018.1_11_A,C,C,C,Q,H,C,H,JAOPTU010000018.1_11,24.0
GB_GCA_052445935.1,JBQTCH010000007.1_196_A,C,C,C,Q,H,C,H,JBQTCH010000007.1_196,24.0
GB_GCA_903907955.1,CAIVPZ010000109.1_145_A,C,C,C,Q,H,C,H,CAIVPZ010000109.1_145,24.0
GB_GCA_937887565.1,CALABS010000009.1_39_A,C,C,C,Q,H,C,H,CALABS010000009.1_39,24.0
GB_GCA_947258385.1,CAMYII010000085.1_52_A,C,C,C,Q,H,C,H,CAMYII010000085.1_52,24.0
GB_GCA_963664385.1,OY761157.1_240_A,C,C,C,Q,H,C,H,OY761157.1_240,24.0
GB_GCA_963674505.2,CAXXIG010000003.1_2116_A,C,C,C,Q,H,C,H,CAXXIG010000003.1_2116,24.0
GB_GCA_963677135.2,CAXXLS010000004.1_28_A,C,C,C,Q,H,C,H,CAXXLS010000004.1_28,24.0
GB_GCA_963696525.1,CAVOKO010000009.1_949_A,C,C,C,Q,H,C,H,CAVOKO010000009.1_949,24.0
GB_GCA_963719395.1,CAVRCC010000028.1_16_A,C,C,C,Q,H,C,H,CAVRCC010000028.1_16,24.0
GB_GCA_964527565.1,CAZGOY010000032.1_16_A,C,C,C,Q,H,C,H,CAZGOY010000032.1_16,24.0
GB_GCA_965363495.1,CBDTUM010000093.1_6_A,C,C,C,Q,H,C,H,CBDTUM010000093.1_6,24.0
RS_GCF_000178115.2,NC_014828.1_1558_A,C,C,C,Q,H,C,H,NC_014828.1_1558,24.0
RS_GCF_000959445.1,NZ_CP009632.1_494_A,C,C,C,Q,H,C,H,NZ_CP009632.1_494,24.0
RS_GCF_002008165.1,NZ_MRDM01000012.1_55_A,C,C,C,Q,H,C,H,NZ_MRDM01000012.1_55,24.0
RS_GCF_004212215.1,NZ_QVFV01000002.1_1359_A,C,C,C,Q,H,C,H,NZ_QVFV01000002.1_1359,24.0
RS_GCF_004421185.1,NZ_LXQB01000023.1_67_A,C,C,C,Q,H,C,H,NZ_LXQB01000023.1_67,24.0
RS_GCF_020510625.1,NZ_CP075191.1_1755_A,C,C,C,Q,H,C,H,NZ_CP075191.1_1755,24.0
RS_GCF_030124325.1,NZ_JASKLR010000021.1_24_A,C,C,C,Q,H,C,H,NZ_JASKLR010000021.1_24,24.0
RS_GCF_039134705.1,NZ_CP146256.1_1339_A,C,C,C,Q,H,C,H,NZ_CP146256.1_1339,24.0
RS_GCF_046054155.1,NZ_JBEQCT010000001.1_832_A,C,C,C,Q,H,C,H,NZ_JBEQCT010000001.1_832,24.0
RS_GCF_051306965.1,NZ_CP195519.1_6421_A,C,C,C,Q,H,C,H,NZ_CP195519.1_6421,24.0
GB_GCA_002503825.1,DASP01000009.1_55_A,C,C,C,Q,H,C,H,DASP01000009.1_55,24.0
GB_GCA_002410325.1,DHRK01000019.1_71_A,C,C,C,Q,H,C,H,DHRK01000019.1_71,24.0
GB_GCA_016710065.1,JADJLP010000001.1_116_A,C,C,C,Q,H,C,H,JADJLP010000001.1_116,24.0
GB_GCA_020638195.1,JACKJC010000003.1_17_A,C,C,C,Q,H,C,H,JACKJC010000003.1_17,24.0
GB_GCA_024275975.1,JAJRYC010000090.1_58_A,-,-,C,Q,H,C,H,JAJRYC010000090.1_58,16.0
GB_GCA_026988585.1,JALSKY010000089.1_3_A,C,C,C,Q,H,C,H,JALSKY010000089.1_3,24.0
GB_GCA_028712695.1,JAQTQZ010000012.1_13_A,C,C,C,Q,H,C,H,JAQTQZ010000012.1_13,24.0
GB_GCA_031257535.1,JAIROO010000093.1_27_A,C,C,C,Q,H,C,H,JAIROO010000093.1_27,24.0
GB_GCA_031277075.1,JAISLV010000091.1_4_A,C,C,C,Q,H,C,H,JAISLV010000091.1_4,24.0
GB_GCA_032334235.1,JAVSGI010000003.1_700_A,C,C,C,Q,H,C,H,JAVSGI010000003.1_700,24.0
GB_GCA_043731355.1,JAYTJE010000057.1_19_A,C,C,C,Q,H,C,H,JAYTJE010000057.1_19,24.0
GB_GCA_047602575.1,JASGGY010000003.1_769_A,C,C,C,Q,H,C,H,JASGGY010000003.1_769,24.0
GB_GCA_049302315.1,JBAQLX010000016.1_2_A,C,C,C,Q,H,C,H,JBAQLX010000016.1_2,24.0
GB_GCA_050014275.1,JBEKDQ010000040.1_8_A,C,C,C,Q,H,C,H,JBEKDQ010000040.1_8,24.0
GB_GCA_963674525.2,CAXXRV010000024.1_205_A,C,C,C,Q,H,C,H,CAXXRV010000024.1_205,24.0
GB_GCA_964388455.1,CAYMAN010000063.1_5_A,C,C,C,Q,H,C,H,CAYMAN010000063.1_5,24.0
GB_GCA_964494755.1,CAZBTL010000096.1_10_A,C,C,C,Q,H,C,H,CAZBTL010000096.1_10,24.0
GB_GCA_964619055.1,CAZUDB010000004.1_24_A,C,C,C,Q,H,C,H,CAZUDB010000004.1_24,24.0
RS_GCF_001317355.1,NZ_LKET01000021.1_307_A,C,C,C,Q,H,C,H,NZ_LKET01000021.1_307,24.0
RS_GCF_003966715.1,NZ_AP018907.1_1155_A,C,C,C,Q,H,C,H,NZ_AP018907.1_1155,24.0
RS_GCF_016591715.1,NZ_AP024109.1_1373_A,C,C,C,Q,H,C,H,NZ_AP024109.1_1373,24.0
RS_GCF_017874415.1,NZ_JAGGLM010000008.1_68_A,C,C,C,W,F,C,-,NZ_JAGGLM010000008.1_68,18.0
RS_GCF_034653355.1,NZ_JAYEER010000004.1_608_A,C,C,C,Q,H,C,H,NZ_JAYEER010000004.1_608,24.0
RS_GCF_036398755.1,NZ_DASWOM010000123.1_79_A,C,C,C,Q,H,C,H,NZ_DASWOM010000123.1_79,24.0
RS_GCF_043194675.1,NZ_JBAFVU010000009.1_153_A,C,C,C,Q,H,C,H,NZ_JBAFVU010000009.1_153,24.0
RS_GCF_046054165.1,NZ_JBFNXK010000007.1_160_A,C,C,C,Q,H,C,H,NZ_JBFNXK010000007.1_160,24.0
RS_GCF_900102485.1,NZ_FNBX01000016.1_19_A,C,C,C,Q,H,C,H,NZ_FNBX01000016.1_19,24.0
RS_GCF_900187405.1,NZ_LT896716.1_1303_A,C,C,C,Q,H,C,H,NZ_LT896716.1_1303,24.0
GB_GCA_030604085.1,JAUVWP010000082.1_3_A,C,C,C,Q,H,C,H,JAUVWP010000082.1_3,24.0
GB_GCA_035561295.1,DATMXW010000137.1_36_A,C,C,C,Q,H,C,H,DATMXW010000137.1_36,24.0
GB_GCA_964534145.1,CAZHNU010000014.1_59_A,C,C,C,Q,H,C,H,CAZHNU010000014.1_59,24.0
GB_GCA_001516055.1,LOEZ01000019.1_87_A,C,C,C,Q,H,C,H,LOEZ01000019.1_87,24.0
GB_GCA_003246935.1,QKCF01000252.1_6_A,C,C,C,Q,H,C,H,QKCF01000252.1_6,24.0
GB_GCA_003605115.1,QZKY01000011.1_53_A,C,C,C,Q,H,C,H,QZKY01000011.1_53,24.0
GB_GCA_009712185.1,WASQ01000002.1_37_A,C,C,C,Q,H,C,H,WASQ01000002.1_37,24.0
GB_GCA_011390075.1,JAABTA010000022.1_7_A,C,C,C,Q,H,C,H,JAABTA010000022.1_7,24.0
GB_GCA_015233935.1,JADFXB010000014.1_35_A,C,C,C,Q,H,C,H,JADFXB010000014.1_35,24.0
GB_GCA_016183615.1,JACPEG010000012.1_31_A,C,C,C,Q,H,C,H,JACPEG010000012.1_31,24.0
GB_GCA_023393125.1,JAEWMQ010000078.1_15_A,C,C,C,Q,H,C,H,JAEWMQ010000078.1_15,24.0
GB_GCA_023409535.1,JAEYGZ010000012.1_108_A,C,C,C,Q,H,C,H,JAEYGZ010000012.1_108,24.0
GB_GCA_024709365.1,JANJWV010000070.1_31_A,C,C,C,Q,H,C,H,JANJWV010000070.1_31,24.0
GB_GCA_026990385.1,JALXDL010000080.1_13_A,C,C,C,Q,H,C,H,JALXDL010000080.1_13,24.0
GB_GCA_030693335.1,JAUYAU010000012.1_66_A,C,C,C,Q,H,C,H,JAUYAU010000012.1_66,24.0
GB_GCA_031257555.1,JAIROK010000034.1_3_A,C,C,C,Q,H,C,H,JAIROK010000034.1_3,24.0
GB_GCA_031272715.1,JAISTH010000073.1_74_A,C,C,C,Q,H,C,H,JAISTH010000073.1_74,24.0
GB_GCA_031286975.1,JAITTM010000102.1_3_A,C,C,C,Q,H,C,H,JAITTM010000102.1_3,24.0
GB_GCA_035370245.1,DAOOVO010000049.1_17_A,C,C,C,Q,H,C,H,DAOOVO010000049.1_17,24.0
GB_GCA_036732725.1,DAINBV010000021.1_19_A,C,C,C,Q,H,C,H,DAINBV010000021.1_19,24.0
GB_GCA_037142155.1,JBAXBE010000008.1_59_A,C,C,C,Q,H,C,H,JBAXBE010000008.1_59,24.0
GB_GCA_038523235.1,JBCBJQ010000019.1_25_A,C,C,C,Q,H,C,H,JBCBJQ010000019.1_25,24.0
GB_GCA_041737765.1,JBGSRA010000096.1_15_A,C,C,C,Q,H,C,H,JBGSRA010000096.1_15,24.0
GB_GCA_045597465.1,JAZLKG010000071.1_45_A,C,C,C,W,F,C,-,JAZLKG010000071.1_45,18.0
GB_GCA_050287085.1,JBNKBE010000010.1_154_A,C,C,C,Q,H,C,H,JBNKBE010000010.1_154,24.0
GB_GCA_913060505.1,CAJXRQ010000024.1_19_A,C,C,C,Q,H,C,H,CAJXRQ010000024.1_19,24.0
GB_GCA_937888735.1,CALASN010000149.1_8_A,C,C,C,W,F,C,-,CALASN010000149.1_8,18.0
GB_GCA_946415545.1,CAMKSY010000014.1_6_A,C,C,C,Q,H,C,H,CAMKSY010000014.1_6,24.0
GB_GCA_947258545.1,CAMYJI010000014.1_34_A,C,C,C,Q,H,C,H,CAMYJI010000014.1_34,24.0
GB_GCA_963697475.1,CAVOOG010000019.1_463_A,C,C,C,Q,H,C,H,CAVOOG010000019.1_463,24.0
GB_GCA_963719655.1,CAVRDQ010000098.1_12_A,C,C,C,Q,H,C,H,CAVRDQ010000098.1_12,24.0
GB_GCA_963742165.1,CAVUKX010000003.1_198_A,C,C,C,Q,H,C,H,CAVUKX010000003.1_198,24.0
GB_GCA_964494985.1,CAZBUB010000022.1_24_A,C,C,C,Q,H,C,H,CAZBUB010000022.1_24,24.0
GB_GCA_964554875.1,CAZKQJ010000003.1_108_A,C,C,C,Q,H,C,H,CAZKQJ010000003.1_108,24.0
GB_GCA_964619205.1,CAZUDE010000001.1_152_A,C,C,C,Q,H,C,H,CAZUDE010000001.1_152,24.0
RS_GCF_000013225.1,NC_007776.1_417_A,C,C,C,Q,H,C,H,NC_007776.1_417,24.0
RS_GCF_000309385.1,NZ_JH976537.1_2375_A,C,C,C,Q,H,C,H,NZ_JH976537.1_2375,24.0
RS_GCF_000756305.1,NZ_JRFE01000060.1_128_A,C,C,C,Q,H,C,H,NZ_JRFE01000060.1_128,24.0
RS_GCF_001623875.1,NZ_LWAE01000003.1_283_A,C,C,C,Q,H,C,H,NZ_LWAE01000003.1_283,24.0
RS_GCF_001746915.2,NZ_CM124774.1_1749_A,C,C,C,Q,H,C,H,NZ_CM124774.1_1749,24.0
RS_GCF_003173035.1,NZ_QGLE01000002.1_392_A,C,C,C,Q,H,C,H,NZ_QGLE01000002.1_392,24.0
RS_GCF_004569505.1,NZ_SPPK01000008.1_20_A,C,C,C,Q,H,C,H,NZ_SPPK01000008.1_20,24.0
RS_GCF_006546985.1,NZ_VATK01000011.1_32_A,C,C,C,Q,H,C,H,NZ_VATK01000011.1_32,24.0
RS_GCF_009712225.1,NZ_WASP01000006.1_128_A,C,C,C,Q,H,C,H,NZ_WASP01000006.1_128,24.0
RS_GCF_010668805.1,NZ_WUFT01000009.1_254_A,C,C,C,Q,H,C,H,NZ_WUFT01000009.1_254,24.0
RS_GCF_014218355.1,NZ_AP023368.1_646_A,C,C,C,Q,H,C,H,NZ_AP023368.1_646,24.0
RS_GCF_015243575.1,NZ_CP042469.1_3315_A,C,C,C,Q,H,C,H,NZ_CP042469.1_3315,24.0
RS_GCF_017874415.1,NZ_JAGGLM010000008.1_75_A,C,C,C,W,F,C,-,NZ_JAGGLM010000008.1_75,18.0
RS_GCF_021401135.1,NZ_JACBFO010000003.1_146_A,C,C,C,Q,H,C,H,NZ_JACBFO010000003.1_146,24.0
RS_GCF_029210385.1,NZ_JARGDQ010000003.1_50_A,C,C,C,Q,H,C,H,NZ_JARGDQ010000003.1_50,24.0
RS_GCF_902806485.1,NZ_CADCWT010000060.1_3_A,C,C,C,Q,H,C,H,NZ_CADCWT010000060.1_3,24.0
GB_GCA_013180605.1,QBUL01000168.1_5_A,C,C,C,Q,H,C,H,QBUL01000168.1_5,24.0
GB_GCA_963774465.1,CAVZFI010000037.1_11_A,C,C,C,Q,H,C,H,CAVZFI010000037.1_11,24.0
RS_GCF_017873625.1,NZ_JAGGKL010000001.1_305_A,C,C,C,Q,H,C,H,NZ_JAGGKL010000001.1_305,24.0
GB_GCA_002704825.1,PAIY01000058.1_4_A,C,C,C,Q,H,C,H,PAIY01000058.1_4,24.0
GB_GCA_002899765.1,PPDH01000028.1_225_A,C,C,C,Q,H,C,H,PPDH01000028.1_225,24.0
GB_GCA_013335405.1,JAAXVR010000032.1_18_A,C,C,C,Q,H,C,H,JAAXVR010000032.1_18,24.0
GB_GCA_023433405.1,JAEZCT010000019.1_48_A,C,C,C,Q,H,C,H,JAEZCT010000019.1_48,24.0
GB_GCA_023443455.1,JAEZUE010000035.1_24_A,C,C,C,Q,H,C,H,JAEZUE010000035.1_24,24.0
GB_GCA_032469775.1,JAWDJY010000008.1_50_A,C,C,C,Q,H,C,H,JAWDJY010000008.1_50,24.0
GB_GCA_047602645.1,JASGGU010000075.1_7_A,C,C,C,Q,H,C,H,JASGGU010000075.1_7,24.0
GB_GCA_049582805.1,JBAUUR010000091.1_17_A,C,C,C,Q,H,C,H,JBAUUR010000091.1_17,24.0
GB_GCA_050014695.1,JBEKCV010000073.1_8_A,C,C,C,Q,H,C,H,JBEKCV010000073.1_8,24.0
GB_GCA_963664445.2,CAXXUM010000005.1_642_A,C,C,C,Q,H,C,H,CAXXUM010000005.1_642,24.0
GB_GCA_963677155.1,OY781884.1_1238_A,C,C,C,Q,H,C,H,OY781884.1_1238,24.0
GB_GCA_963765965.1,CAVXZR010000044.1_28_A,C,C,C,Q,H,C,H,CAVXZR010000044.1_28,24.0
GB_GCA_963789265.1,CAWBKB010000006.1_418_A,C,C,C,Q,H,C,H,CAWBKB010000006.1_418,24.0
GB_GCA_963811075.1,CAWEPY010000009.1_147_A,-,C,C,Q,H,C,H,CAWEPY010000009.1_147,20.0
GB_GCA_963843145.1,CAWJJC010000020.1_345_A,C,C,C,Q,H,C,H,CAWJJC010000020.1_345,24.0
GB_GCA_964440345.1,CAYTSA010000003.1_77_A,C,C,C,Q,H,C,H,CAYTSA010000003.1_77,24.0
GB_GCA_964466195.1,CAYXMQ010000002.1_52_A,C,C,C,Q,H,C,H,CAYXMQ010000002.1_52,24.0
GB_GCA_964527805.1,CAZGNT010000001.1_131_A,C,C,C,Q,H,C,H,CAZGNT010000001.1_131,24.0
GB_GCA_964555005.1,CAZKQY010000403.1_4_A,C,C,C,Q,H,C,H,CAZKQY010000403.1_4,24.0
GB_GCA_964643075.1,CAZXQO010000017.1_32_A,C,C,C,Q,H,C,H,CAZXQO010000017.1_32,24.0
RS_GCF_000022265.1,NC_011979.1_2574_A,C,C,C,Q,H,C,H,NC_011979.1_2574,24.0
RS_GCF_000372525.1,NZ_AQUR01000058.1_3_A,C,C,C,Q,H,C,H,NZ_AQUR01000058.1_3,24.0
RS_GCF_000960765.1,NZ_JYNH01000002.1_56_A,C,C,C,Q,H,C,H,NZ_JYNH01000002.1_56,24.0
RS_GCF_002008365.1,NZ_MRDL01000009.1_35_A,C,C,C,Q,H,C,H,NZ_MRDL01000009.1_35,24.0
RS_GCF_015245355.1,NZ_CP063311.1_3360_A,C,C,C,Q,H,C,H,NZ_CP063311.1_3360,24.0
RS_GCF_020510685.1,NZ_CP075185.1_1575_A,C,C,C,Q,H,C,H,NZ_CP075185.1_1575,24.0
RS_GCF_042219825.1,NZ_JBHJHQ010000009.1_135_A,C,C,C,Q,H,C,H,NZ_JBHJHQ010000009.1_135,24.0
RS_GCF_049887195.1,NZ_JARAKC010000028.1_13_A,C,C,C,Q,H,C,H,NZ_JARAKC010000028.1_13,24.0
RS_GCF_051520985.1,NZ_CP150344.1_2202_A,C,C,C,Q,H,C,H,NZ_CP150344.1_2202,24.0
RS_GCF_900102695.1,NZ_FMVW01000002.1_553_A,C,C,C,Q,H,C,H,NZ_FMVW01000002.1_553,24.0
RS_GCF_900142125.1,NZ_FQZT01000024.1_28_A,C,C,C,Q,H,C,H,NZ_FQZT01000024.1_28,24.0
RS_GCF_963455295.1,NZ_OY734020.1_1425_A,C,C,C,Q,H,C,H,NZ_OY734020.1_1425,24.0
GB_GCA_002503885.1,DASQ01000002.1_31_A,C,C,C,Q,H,C,H,DASQ01000002.1_31,24.0
RS_GCF_017873855.1,NZ_JAGGKR010000001.1_832_A,C,C,C,Q,H,C,H,NZ_JAGGKR010000001.1_832,24.0
GB_GCA_000447295.1,KE650771.1_4041_A,C,C,C,Q,H,C,H,KE650771.1_4041,24.0
GB_GCA_002307175.1,DBTS01000024.1_55_A,C,C,C,Q,H,C,H,DBTS01000024.1_55,24.0
GB_GCA_003247135.1,QKAW01000031.1_18_A,C,C,C,Q,H,C,H,QKAW01000031.1_18,24.0
GB_GCA_020638595.1,JACKIG010000013.1_95_A,C,C,C,Q,H,C,H,JACKIG010000013.1_95,24.0
GB_GCA_022508725.1,JAFLUR010000007.1_4_A,C,C,C,W,F,C,-,JAFLUR010000007.1_4,18.0
GB_GCA_023393125.1,JAEWMQ010000095.1_168_A,C,C,C,W,F,C,-,JAEWMQ010000095.1_168,18.0
GB_GCA_026996955.1,JALWJV010000102.1_4_A,C,C,C,Q,H,C,H,JALWJV010000102.1_4,24.0
GB_GCA_028712795.1,JAQTPT010000042.1_26_A,C,C,C,Q,H,C,H,JAQTPT010000042.1_26,24.0
GB_GCA_031291635.1,JARLIR010000159.1_4_A,C,C,C,Q,H,C,H,JARLIR010000159.1_4,24.0
GB_GCA_031412995.1,JANOEC010000049.1_4_A,C,C,C,Q,H,C,H,JANOEC010000049.1_4,24.0
GB_GCA_038213375.1,JBBQTB010000046.1_22_A,C,C,C,Q,H,C,H,JBBQTB010000046.1_22,24.0
GB_GCA_041738055.1,JBGSQO010000217.1_8_A,C,C,C,Q,H,C,H,JBGSQO010000217.1_8,24.0
GB_GCA_049302535.1,JBAQME010000109.1_6_A,C,C,C,Q,H,C,H,JBAQME010000109.1_6,24.0
GB_GCA_900079695.1,LT599022.1_2163_A,C,C,C,Q,H,C,H,LT599022.1_2163,24.0
GB_GCA_937889015.1,CALARR010000214.1_42_A,C,C,C,Q,H,C,H,CALARR010000214.1_42,24.0
GB_GCA_947258655.1,CAMYJD010000021.1_53_A,C,C,C,Q,H,C,H,CAMYJD010000021.1_53,24.0
GB_GCA_963674555.1,OY771429.1_949_A,C,C,C,Q,H,C,H,OY771429.1_949,24.0
GB_GCA_963697595.1,CAVOON010000003.1_369_A,C,C,C,Q,H,C,H,CAVOON010000003.1_369,24.0
GB_GCA_963719785.1,CAVRCX010000010.1_120_A,C,C,C,Q,H,C,H,CAVRCX010000010.1_120,24.0
GB_GCA_964555165.1,CAZKRN010000010.1_93_A,C,C,C,Q,H,C,H,CAZKRN010000010.1_93,24.0
RS_GCF_000013345.1,NC_007777.1_4720_A,C,C,C,Q,H,C,H,NC_007777.1_4720,24.0
RS_GCF_000310245.1,NC_020505.1_1315_A,C,C,C,Q,H,C,H,NC_020505.1_1315,24.0
RS_GCF_001747405.1,NZ_CP017305.1_616_A,C,C,C,Q,H,C,H,NZ_CP017305.1_616,24.0
RS_GCF_003966735.1,NZ_AP017378.1_1480_A,C,C,C,Q,H,C,H,NZ_AP017378.1_1480,24.0
RS_GCF_004212635.1,NZ_PSRT01000006.1_33_A,C,C,C,Q,H,C,H,NZ_PSRT01000006.1_33,24.0
RS_GCF_009712605.1,NZ_WASO01000010.1_167_A,C,C,C,Q,H,C,H,NZ_WASO01000010.1_167,24.0
RS_GCF_023716925.1,NZ_JAMQQG010000281.1_45_A,C,C,C,Q,H,C,H,NZ_JAMQQG010000281.1_45,24.0
RS_GCF_025152745.1,NZ_CP104042.1_279_A,C,C,C,Q,H,C,H,NZ_CP104042.1_279,24.0
RS_GCF_029210395.1,NZ_JARGDP010000013.1_7_A,C,C,C,Q,H,C,H,NZ_JARGDP010000013.1_7,24.0
RS_GCF_030124375.1,NZ_JASKLS010000019.1_8_A,C,C,C,Q,H,C,H,NZ_JASKLS010000019.1_8,24.0
RS_GCF_030811835.1,NZ_JAUSRO010000021.1_29_A,C,C,C,Q,H,C,H,NZ_JAUSRO010000021.1_29,24.0
RS_GCF_902806695.1,NZ_CADCXN010000045.1_31_A,C,C,C,Q,H,C,H,NZ_CADCXN010000045.1_31,24.0
GB_GCA_013329575.1,DUJX01000116.1_3_A,C,C,C,Q,H,C,H,DUJX01000116.1_3,24.0
GB_GCA_937906725.1,CALCXE010000011.1_6_A,C,C,C,Q,H,C,H,CALCXE010000011.1_6,24.0
GB_GCA_015234065.1,JADFWS010000059.1_5_A,C,C,C,Q,H,C,H,JADFWS010000059.1_5,24.0
GB_GCA_016183655.1,JACPEH010000010.1_182_A,C,C,C,Q,H,C,H,JACPEH010000010.1_182,24.0
GB_GCA_019163135.1,JAFLKR010000027.1_20_A,C,C,C,Q,H,C,H,JAFLKR010000027.1_20,24.0
GB_GCA_023393125.1,JAEWMQ010000095.1_176_A,C,C,C,W,F,C,L,JAEWMQ010000095.1_176,19.0
GB_GCA_023416585.1,JAEZHM010000142.1_19_A,C,C,C,W,F,C,L,JAEZHM010000142.1_19,19.0
GB_GCA_027004315.1,JALTHV010000232.1_5_A,C,C,C,Q,H,C,H,JALTHV010000232.1_5,24.0
GB_GCA_030694265.1,JAUXYP010000001.1_536_A,C,C,C,Q,H,C,H,JAUXYP010000001.1_536,24.0
GB_GCA_035374585.1,DAOSPF010000001.1_71_A,C,C,C,Q,H,C,H,DAOSPF010000001.1_71,24.0
GB_GCA_035562535.1,DATMWM010000211.1_5_A,C,C,C,Q,H,C,H,DATMWM010000211.1_5,24.0
GB_GCA_037143555.1,JBAWYL010000009.1_34_A,C,C,C,Q,H,C,H,JBAWYL010000009.1_34,24.0
GB_GCA_039181265.1,JBCDCU010000004.1_35_A,C,C,C,Q,H,C,H,JBCDCU010000004.1_35,24.0
GB_GCA_039818825.1,JBCBTD010000014.1_39_A,C,C,C,Q,H,C,H,JBCBTD010000014.1_39,24.0
GB_GCA_050287105.1,JBNKBG010000015.1_33_A,C,C,C,Q,H,C,H,JBNKBG010000015.1_33,24.0
GB_GCA_903943975.1,CAJAQB010000001.1_55_A,C,C,C,Q,H,C,H,CAJAQB010000001.1_55,24.0
GB_GCA_913060665.1,CAJXUY010000002.1_353_A,C,C,C,Q,H,C,H,CAJXUY010000002.1_353,24.0
GB_GCA_947258795.1,CAMYJU010000007.1_36_A,C,C,C,Q,H,C,H,CAMYJU010000007.1_36,24.0
GB_GCA_963664565.1,OY761460.1_1443_A,C,C,C,Q,H,C,H,OY761460.1_1443,24.0
GB_GCA_963843465.1,CAWJKP010000004.1_588_A,C,C,C,Q,H,C,H,CAWJKP010000004.1_588,24.0
GB_GCA_964413315.1,CAYPRZ010000051.1_8_A,C,C,C,Q,H,C,H,CAYPRZ010000051.1_8,24.0
GB_GCA_964643645.1,CAZXTZ010000194.1_3_A,C,C,C,Q,H,C,H,CAZXTZ010000194.1_3,24.0
RS_GCF_000013365.1,NC_007778.1_974_A,C,C,C,Q,H,C,H,NC_007778.1_974,24.0
RS_GCF_001632845.1,NZ_CP011994.1_3121_A,C,C,C,Q,H,C,H,NZ_CP011994.1_3121,24.0
RS_GCF_004570865.1,NZ_SPQS01000036.1_52_A,C,C,C,Q,H,C,H,NZ_SPQS01000036.1_52,24.0
RS_GCF_010672085.1,NZ_JAAHHT010000019.1_86_A,C,C,C,Q,H,C,H,NZ_JAAHHT010000019.1_86,24.0
RS_GCF_017874545.1,NZ_JAGGLT010000020.1_45_A,C,C,C,Q,H,C,H,NZ_JAGGLT010000020.1_45,24.0
RS_GCF_021401245.1,NZ_JACBFY010000001.1_891_A,C,C,C,Q,H,C,H,NZ_JACBFY010000001.1_891,24.0
RS_GCF_022788635.1,NZ_CP076024.1_3286_A,C,C,C,Q,H,C,H,NZ_CP076024.1_3286,24.0
RS_GCF_047716755.1,NZ_CP180409.1_1875_A,C,C,C,Q,H,C,H,NZ_CP180409.1_1875,24.0
GB_GCA_024280975.1,JAMXLQ010000113.1_23_A,C,C,C,Q,H,C,H,JAMXLQ010000113.1_23,24.0
GB_GCA_035626195.1,DASPOC010000076.1_11_A,C,C,C,Q,H,C,H,DASPOC010000076.1_11,24.0
GB_GCA_942493015.1,OW818660.1_1806_A,C,C,C,Q,H,C,H,OW818660.1_1806,24.0
GB_GCA_963774795.1,CAVZGI010000009.1_302_A,C,C,C,Q,H,C,H,CAVZGI010000009.1_302,24.0
RS_GCF_000504205.1,NZ_AZAJ01000001.1_1875_A,C,C,C,Q,H,C,H,NZ_AZAJ01000001.1_1875,24.0
GB_GCA_003247345.1,QJZS01000199.1_4_A,C,C,C,Q,H,C,H,QJZS01000199.1_4,24.0
GB_GCA_016218975.1,JACRCO010000071.1_84_A,C,C,C,Q,H,C,H,JACRCO010000071.1_84,24.0
GB_GCA_017441505.1,JAFRXL010000034.1_57_A,C,C,C,W,F,C,-,JAFRXL010000034.1_57,18.0
GB_GCA_021789495.1,JAJYJM010000043.1_13_A,C,C,C,Q,H,C,H,JAJYJM010000043.1_13,24.0
GB_GCA_021818185.1,JAKAFA010000132.1_9_A,C,C,C,Q,H,C,H,JAKAFA010000132.1_9,24.0
GB_GCA_023356605.1,JAKQYE010000039.1_15_A,C,C,C,Q,H,C,H,JAKQYE010000039.1_15,24.0
GB_GCA_023416695.1,JAEZGY010000030.1_42_A,C,C,C,Q,H,C,H,JAEZGY010000030.1_42,24.0
GB_GCA_023433405.1,JAEZCT010000039.1_24_A,C,C,C,W,F,C,-,JAEZCT010000039.1_24,18.0
GB_GCA_024709955.1,JANJVS010000078.1_7_A,C,C,C,Q,H,C,H,JANJVS010000078.1_7,24.0
GB_GCA_027004315.1,JALTHV010000232.1_7_A,C,C,C,Q,H,C,P,JALTHV010000232.1_7,22.0
GB_GCA_028289325.1,JANQQN010000557.1_16_A,C,C,C,Q,H,C,H,JANQQN010000557.1_16,24.0
GB_GCA_031287525.1,JAITSU010000090.1_65_A,C,C,C,Q,H,C,H,JAITSU010000090.1_65,24.0
GB_GCA_032595675.1,JAVQMD010000002.1_1076_A,C,C,C,Q,H,C,H,JAVQMD010000002.1_1076,24.0
GB_GCA_041622895.1,JBFJXW010000021.1_19_A,C,C,C,Q,H,C,H,JBFJXW010000021.1_19,24.0
GB_GCA_047602655.1,JASGGT010000047.1_4_A,C,C,C,Q,H,C,H,JASGGT010000047.1_4,24.0
GB_GCA_049302575.1,JBAQMG010000077.1_27_A,C,C,C,Q,H,C,H,JBAQMG010000077.1_27,24.0
GB_GCA_049585595.1,JBAVAG010000039.1_24_A,C,C,C,Q,H,C,H,JBAVAG010000039.1_24,24.0
GB_GCA_050015115.1,JBEKCA010000073.1_13_A,C,C,C,Q,H,C,H,JBEKCA010000073.1_13,24.0
GB_GCA_050305515.1,JBNLFL010000024.1_107_A,C,C,C,Q,H,C,H,JBNLFL010000024.1_107,24.0
GB_GCA_903911085.1,CAIWCC010000038.1_15_A,C,C,C,Q,H,C,H,CAIWCC010000038.1_15,24.0
GB_GCA_963677165.2,CAXXSX010000001.1_323_A,C,C,C,Q,H,C,H,CAXXSX010000001.1_323,24.0
GB_GCA_963697965.1,OY969108.1_2671_A,C,C,C,Q,H,C,H,OY969108.1_2671,24.0
GB_GCA_963789395.1,CAWBKP010000014.1_430_A,C,C,C,Q,H,C,H,CAWBKP010000014.1_430,24.0
GB_GCA_963811165.1,CAWEQH010000004.1_474_A,C,C,C,Q,H,C,H,CAWEQH010000004.1_474,24.0
GB_GCA_964466455.1,CAYXNL010000019.1_22_A,C,C,C,Q,H,C,H,CAYXNL010000019.1_22,24.0
GB_GCA_964527905.1,CAZGQL010000056.1_12_A,C,C,C,Q,H,C,H,CAZGQL010000056.1_12,24.0
GB_GCA_964589645.1,CAZPSN010000015.1_51_A,C,C,C,Q,H,C,H,CAZPSN010000015.1_51,24.0
GB_GCA_964619285.1,CAZUCT010000069.1_15_A,C,C,C,Q,H,C,H,CAZUCT010000069.1_15,24.0
RS_GCF_000023025.1,NC_012997.1_1365_A,C,C,C,Q,H,C,H,NC_012997.1_1365,24.0
RS_GCF_000178155.2,NZ_ADKM02000112.1_9_A,C,C,C,W,F,C,-,NZ_ADKM02000112.1_9,18.0
RS_GCF_000372845.1,NZ_KB889963.1_943_A,C,C,C,Q,H,C,H,NZ_KB889963.1_943,24.0
RS_GCF_000960975.1,NZ_CP010803.1_3100_A,C,C,C,Q,H,C,H,NZ_CP010803.1_3100,24.0
RS_GCF_001633165.1,NZ_CP015418.1_3011_A,C,C,C,Q,H,C,H,NZ_CP015418.1_3011,24.0
RS_GCF_002009425.1,NZ_CP019936.1_1463_A,C,C,C,Q,H,C,H,NZ_CP019936.1_1463,24.0
RS_GCF_016591975.1,NZ_AP024169.1_4147_A,C,C,C,Q,H,C,H,NZ_AP024169.1_4147,24.0
RS_GCF_029211125.1,NZ_JARGEN010000013.1_37_A,C,C,C,Q,H,C,H,NZ_JARGEN010000013.1_37,24.0
RS_GCF_032381175.1,NZ_JAUHJJ010000017.1_19_A,C,C,C,Q,H,C,H,NZ_JAUHJJ010000017.1_19,24.0
RS_GCF_034860625.1,NZ_JAYESN010000015.1_53_A,C,C,C,Q,H,C,H,NZ_JAYESN010000015.1_53,24.0
RS_GCF_039523075.1,NZ_BAAAEP010000005.1_101_A,C,C,C,Q,H,C,H,NZ_BAAAEP010000005.1_101,24.0
RS_GCF_042219855.1,NZ_JBHJHP010000009.1_145_A,C,C,C,Q,H,C,H,NZ_JBHJHP010000009.1_145,24.0
RS_GCF_049890855.1,NZ_JBANEW010000027.1_215_A,C,C,C,Q,H,C,H,NZ_JBANEW010000027.1_215,24.0
RS_GCF_046244385.1,NZ_CP176366.1_577_A,C,C,C,Q,H,C,H,NZ_CP176366.1_577,24.0
GB_GCA_002706025.1,PAJK01000083.1_63_A,C,C,C,Q,H,C,H,PAJK01000083.1_63,24.0
GB_GCA_013335435.1,JAAXVP010000115.1_2_A,C,C,C,Q,H,C,H,JAAXVP010000115.1_2,24.0
GB_GCA_017442845.1,JAFRYW010000184.1_7_A,C,C,C,W,F,C,-,JAFRYW010000184.1_7,18.0
GB_GCA_018432235.1,JAHDLO010000020.1_31_A,C,C,C,Q,H,C,H,JAHDLO010000020.1_31,24.0
GB_GCA_019163175.1,JAFLKN010000044.1_35_A,C,C,C,Q,H,C,H,JAFLKN010000044.1_35,24.0
GB_GCA_021818985.1,JAKASO010000002.1_49_A,C,C,C,Q,H,C,H,JAKASO010000002.1_49,24.0
GB_GCA_023409835.1,JAEYQV010000038.1_12_A,C,C,C,Q,H,C,H,JAEYQV010000038.1_12,24.0
GB_GCA_023433505.1,JAEZCO010000026.1_27_A,C,C,C,Q,H,C,H,JAEZCO010000026.1_27,24.0
GB_GCA_024277655.1,JAJRUT010000135.1_8_A,C,C,C,Q,H,C,H,JAJRUT010000135.1_8,24.0
GB_GCA_029267955.1,JAJUHI010000066.1_4_A,C,C,C,Q,H,C,H,JAJUHI010000066.1_4,24.0
GB_GCA_031287565.1,JAITSS010000046.1_31_A,C,C,C,Q,H,C,H,JAITSS010000046.1_31,24.0
GB_GCA_032595685.2,CP159373.1_2365_A,C,C,C,Q,H,C,H,CP159373.1_2365,24.0
GB_GCA_903874275.1,CAIQRS010000269.1_9_A,C,C,C,Q,H,C,H,CAIQRS010000269.1_9,24.0
GB_GCA_937889575.1,CALBYZ010000269.1_15_A,C,C,C,Q,H,C,H,CALBYZ010000269.1_15,24.0
GB_GCA_963674565.1,OY771430.1_1159_A,C,C,C,Q,H,C,H,OY771430.1_1159,24.0
GB_GCA_963677175.2,CAXXES010000003.1_207_A,C,C,C,Q,H,C,H,CAXXES010000003.1_207,24.0
GB_GCA_963698165.1,CAVOPT010000007.1_648_A,C,C,C,Q,H,C,H,CAVOPT010000007.1_648,24.0
RS_GCF_001750685.1,NZ_CP017269.1_3673_A,C,C,C,Q,H,C,H,NZ_CP017269.1_3673,24.0
RS_GCF_004571025.1,NZ_SPQT01000005.1_228_A,C,C,C,Q,H,C,H,NZ_SPQT01000005.1_228,24.0
RS_GCF_015265455.1,NZ_CP054492.1_1117_A,C,C,C,Q,H,C,H,NZ_CP054492.1_1117,24.0
RS_GCF_017874595.1,NZ_JAGILA010000010.1_80_A,C,C,C,Q,H,C,H,NZ_JAGILA010000010.1_80,24.0
RS_GCF_023716945.1,NZ_JAMQQF010000131.1_4_A,C,C,C,Q,H,C,H,NZ_JAMQQF010000131.1_4,24.0
RS_GCF_030812855.1,NZ_JAUSTK010000013.1_99_A,C,C,C,Q,H,C,H,NZ_JAUSTK010000013.1_99,24.0
RS_GCF_036404135.1,NZ_DASWPE010000086.1_40_A,C,C,C,Q,H,C,H,NZ_DASWPE010000086.1_40,24.0
RS_GCF_047718555.1,NZ_JBDNRK010000013.1_19_A,C,C,C,W,F,C,-,NZ_JBDNRK010000013.1_19,18.0
RS_GCF_900111775.1,NZ_FOJJ01000001.1_370_A,C,C,C,Q,H,C,H,NZ_FOJJ01000001.1_370,24.0
RS_GCF_900142135.1,NZ_FQZU01000040.1_14_A,C,C,C,Q,H,C,H,NZ_FQZU01000040.1_14,24.0
GB_GCA_000502395.1,AYWS01000018.1_30_A,C,C,C,Q,H,C,H,AYWS01000018.1_30,24.0
GB_GCA_002411145.1,DHRA01000077.1_21_A,C,C,C,Q,H,C,H,DHRA01000077.1_21,24.0
GB_GCA_003712145.1,RHLS01000040.1_10_A,C,C,C,Q,H,C,H,RHLS01000040.1_10,24.0
GB_GCA_005843825.1,SZXX01000015.1_82_A,C,C,C,Q,H,C,H,SZXX01000015.1_82,24.0
GB_GCA_009712635.1,WASS01000015.1_292_A,C,C,C,Q,H,C,H,WASS01000015.1_292,24.0
GB_GCA_016219005.1,JACRCN010000010.1_9_A,C,C,C,Q,H,C,H,JACRCN010000010.1_9,24.0
GB_GCA_016711225.1,JADJTK010000052.1_193_A,C,C,C,Q,H,C,H,JADJTK010000052.1_193,24.0
GB_GCA_021789595.1,JAJYJJ010000024.1_24_A,C,C,C,Q,H,C,H,JAJYJJ010000024.1_24,24.0
GB_GCA_023393165.1,JAEWMJ010000048.1_30_A,C,C,C,Q,H,C,H,JAEWMJ010000048.1_30,24.0
GB_GCA_023443515.1,JAEZUC010000158.1_43_A,C,C,C,Q,H,C,H,JAEZUC010000158.1_43,24.0
GB_GCA_024277675.1,JAJRUS010000056.1_10_A,C,C,C,Q,H,C,H,JAJRUS010000056.1_10,24.0
GB_GCA_024710585.1,JANJUM010000257.1_5_A,C,C,C,Q,H,C,H,JANJUM010000257.1_5,24.0
GB_GCA_028289405.1,JANQPP010000127.1_78_A,C,C,C,Q,H,C,H,JANQPP010000127.1_78,24.0
GB_GCA_031277975.1,JAITLI010000002.1_4_A,C,C,C,Q,H,C,H,JAITLI010000002.1_4,24.0
GB_GCA_031291675.1,JARLIO010000045.1_8_A,C,C,C,Q,H,C,H,JARLIO010000045.1_8,24.0
GB_GCA_033283175.1,JAWMQM010000002.1_309_A,C,C,C,Q,H,C,H,JAWMQM010000002.1_309,24.0
GB_GCA_035564175.1,DATMUM010000265.1_59_A,C,C,C,Q,H,C,H,DATMUM010000265.1_59,24.0
GB_GCA_041623325.1,JBFJXC010000104.1_5_A,C,C,C,Q,H,C,H,JBFJXC010000104.1_5,24.0
GB_GCA_041738275.1,JBGSQD010000280.1_6_A,C,C,C,Q,H,C,H,JBGSQD010000280.1_6,24.0
GB_GCA_046351695.1,JAXLYA010000007.1_196_A,C,C,C,Q,H,C,H,JAXLYA010000007.1_196,24.0
GB_GCA_049586815.1,JBAVCR010000294.1_4_A,C,C,C,Q,H,C,H,JBAVCR010000294.1_4,24.0
GB_GCA_050015355.1,JBEKBO010000054.1_3_A,C,C,C,Q,H,C,H,JBEKBO010000054.1_3,24.0
GB_GCA_900100095.1,FMTN01000009.1_124_A,C,C,C,W,F,C,-,FMTN01000009.1_124,18.0
GB_GCA_903911305.1,CAIWDB010000049.1_5_A,C,C,C,Q,H,C,H,CAIWDB010000049.1_5,24.0
GB_GCA_913060875.1,CAJXSL010000014.1_84_A,C,C,C,Q,H,C,H,CAJXSL010000014.1_84,24.0
GB_GCA_947498025.1,CANMJR010000011.1_74_A,C,C,C,Q,H,C,H,CANMJR010000011.1_74,24.0
GB_GCA_963674575.2,CAXXQT010000009.1_544_A,C,C,C,Q,H,C,H,CAXXQT010000009.1_544,24.0
GB_GCA_963719855.1,CAVRDK010000001.1_253_A,C,C,C,Q,H,C,H,CAVRDK010000001.1_253,24.0
GB_GCA_963766075.1,CAVYAN010000125.1_4_A,C,C,C,Q,H,C,H,CAVYAN010000125.1_4,24.0
GB_GCA_963811555.1,CAWESG010000008.1_30_A,C,C,C,Q,H,C,H,CAWESG010000008.1_30,24.0
GB_GCA_964555395.1,CAZKST010000161.1_2_A,C,C,C,Q,H,C,H,CAZKST010000161.1_2,24.0
RS_GCF_000315365.1,NZ_CAOS01000003.1_443_A,C,C,C,Q,H,C,H,NZ_CAOS01000003.1_443,24.0
RS_GCF_000756615.1,NZ_CP009288.1_4086_A,C,C,C,Q,H,C,H,NZ_CP009288.1_4086,24.0
RS_GCF_003544815.1,NZ_CP032100.1_25_A,C,C,C,Q,H,C,H,NZ_CP032100.1_25,24.0
RS_GCF_006711645.1,NZ_CP041247.1_3159_A,C,C,C,Q,H,C,H,NZ_CP041247.1_3159,24.0
RS_GCF_017874735.1,NZ_JAGGLV010000013.1_177_A,C,C,C,Q,H,C,H,NZ_JAGGLV010000013.1_177,24.0
RS_GCF_022808675.1,NZ_JAKZKV010000003.1_215_A,C,C,C,Q,H,C,H,NZ_JAKZKV010000003.1_215,24.0
RS_GCF_043194795.1,NZ_JBAFVY010000002.1_190_A,C,C,C,Q,H,C,H,NZ_JBAFVY010000002.1_190,24.0
RS_GCF_046054195.1,NZ_JBEQCS010000013.1_86_A,C,C,C,Q,H,C,H,NZ_JBEQCS010000013.1_86,24.0
RS_GCF_902833905.1,NZ_CADFGP010000059.1_4_A,C,C,C,Q,H,C,H,NZ_CADFGP010000059.1_4,24.0
GB_GCA_963775495.1,CAVZIM010000005.1_5_A,C,C,C,Q,H,C,H,CAVZIM010000005.1_5,24.0
RS_GCF_017874455.1,NZ_JAGGLN010000004.1_93_A,C,C,C,Q,H,C,H,NZ_JAGGLN010000004.1_93,24.0
GB_GCA_002011745.1,MTOU01000029.1_16_A,C,C,C,Q,H,C,H,MTOU01000029.1_16,24.0
GB_GCA_019163335.1,JAFLKM010000008.1_55_A,C,C,C,Q,H,C,H,JAFLKM010000008.1_55,24.0
GB_GCA_023410055.1,JAEYQK010000101.1_17_A,C,C,C,Q,H,C,H,JAEYQK010000101.1_17,24.0
GB_GCA_026000755.1,BNZC01000005.1_20_A,C,C,C,W,F,C,-,BNZC01000005.1_20,18.0
GB_GCA_027021615.1,JALUTY010000077.1_20_A,C,C,C,Q,H,C,H,JALUTY010000077.1_20,24.0
GB_GCA_030065155.1,JASJDI010000020.1_36_A,C,C,C,Q,H,C,H,JASJDI010000020.1_36,24.0
GB_GCA_036734105.1,DAIMZH010000011.1_55_A,C,C,C,Q,H,C,H,DAIMZH010000011.1_55,24.0
GB_GCA_041161065.1,JBEAVE010000022.1_22_A,C,C,C,Q,H,C,H,JBEAVE010000022.1_22,24.0
GB_GCA_046481675.1,JAWOJJ010000082.1_9_A,C,C,C,Q,H,C,H,JAWOJJ010000082.1_9,24.0
GB_GCA_049303455.1,JBAQND010000225.1_4_A,C,C,C,Q,H,C,H,JBAQND010000225.1_4,24.0
GB_GCA_050305555.1,JBNLFN010000040.1_16_A,C,C,C,Q,H,C,H,JBNLFN010000040.1_16,24.0
GB_GCA_051652045.1,JBOFTL010000759.1_2_A,C,C,C,Q,H,C,H,JBOFTL010000759.1_2,24.0
GB_GCA_900100495.1,FNCT01000006.1_71_A,C,C,C,Q,H,C,H,FNCT01000006.1_71,24.0
GB_GCA_903843305.1,CAIMPI010000015.1_138_A,C,C,C,Q,H,C,H,CAIMPI010000015.1_138,24.0
GB_GCA_963664605.1,OY761536.1_929_A,C,C,C,Q,H,C,H,OY761536.1_929,24.0
GB_GCA_963677185.1,OY781889.1_1188_A,C,C,C,-,Y,S,N,OY781889.1_1188,15.0
GB_GCA_963790025.1,CAWBMP010000004.1_901_A,C,C,C,Q,H,C,H,CAWBMP010000004.1_901,24.0
GB_GCA_964441345.1,CAYTVF010000008.1_21_A,C,C,C,Q,H,C,H,CAYTVF010000008.1_21,24.0
GB_GCA_964466465.1,CAYXNJ010000032.1_11_A,C,C,C,Q,H,C,H,CAYXNJ010000032.1_11,24.0
RS_GCF_000023065.1,NC_012691.1_660_A,C,C,C,Q,H,C,H,NC_012691.1_660,24.0
RS_GCF_001636565.1,NZ_LRTK01000011.1_60_A,C,C,C,Q,H,C,H,NZ_LRTK01000011.1_60,24.0
RS_GCF_001753165.1,NZ_CP017448.1_864_A,C,C,C,Q,H,C,H,NZ_CP017448.1_864,24.0
RS_GCF_002251945.1,NZ_NDHW01000087.1_47_A,C,C,C,Q,H,C,H,NZ_NDHW01000087.1_47,24.0
RS_GCF_002968575.1,NZ_PVBM01000068.1_2_A,C,C,C,Q,H,C,H,NZ_PVBM01000068.1_2,24.0
RS_GCF_004684205.1,NZ_SRIO01000011.1_9_A,C,C,C,Q,H,C,H,NZ_SRIO01000011.1_9,24.0
RS_GCF_014698145.1,NZ_JACJSM010000006.1_150_A,C,C,C,Q,H,C,H,NZ_JACJSM010000006.1_150,24.0
RS_GCF_016595245.1,NZ_JAENHM010000073.1_211_A,C,C,C,Q,H,C,H,NZ_JAENHM010000073.1_211,24.0
RS_GCF_022808695.1,NZ_JAKZKW010000022.1_36_A,C,C,C,Q,H,C,H,NZ_JAKZKW010000022.1_36,24.0
RS_GCF_023721755.1,NZ_JAMDLH010000002.1_792_A,C,C,C,Q,H,C,H,NZ_JAMDLH010000002.1_792,24.0
RS_GCF_034927365.1,NZ_JAYFQD010000010.1_252_A,C,C,C,Q,H,C,H,NZ_JAYFQD010000010.1_252,24.0
RS_GCF_039523215.1,NZ_BAAAEW010000007.1_75_A,C,C,C,Q,H,C,H,NZ_BAAAEW010000007.1_75,24.0
RS_GCF_047718555.1,NZ_JBDNRK010000013.1_25_A,C,C,C,W,F,C,-,NZ_JBDNRK010000013.1_25,18.0
RS_GCF_900102965.1,NZ_FNGM01000011.1_158_A,C,C,C,Q,H,C,H,NZ_FNGM01000011.1_158,24.0
RS_GCF_900188225.1,NZ_FZOC01000004.1_404_A,C,C,C,Q,H,C,H,NZ_FZOC01000004.1_404,24.0
RS_GCF_000685155.1,NZ_JMIY01000001.1_756_A,C,C,C,Q,H,C,H,NZ_JMIY01000001.1_756,24.0
RS_GCF_017875315.1,NZ_JAGGMM010000001.1_497_A,C,C,C,Q,H,C,H,NZ_JAGGMM010000001.1_497,24.0
GB_GCA_002708905.1,PAPM01000038.1_20_A,C,C,C,Q,H,C,H,PAPM01000038.1_20,24.0
GB_GCA_005843835.1,SZXZ01000084.1_4_A,C,C,C,Q,H,C,H,SZXZ01000084.1_4,24.0
GB_GCA_011390345.1,JAABSP010000032.1_12_A,C,C,C,Q,H,C,H,JAABSP010000032.1_12,24.0
GB_GCA_013335535.1,JAAXVL010000004.1_32_A,C,C,C,Q,H,C,H,JAAXVL010000004.1_32,24.0
GB_GCA_015272325.1,JACYLU010000015.1_149_A,C,C,C,Q,H,C,H,JACYLU010000015.1_149,24.0
GB_GCA_016712375.1,JADJRE010000011.1_38_A,C,C,C,Q,H,C,H,JADJRE010000011.1_38,24.0
GB_GCA_021819125.1,JAKARW010000002.1_34_A,C,C,C,Q,H,C,H,JAKARW010000002.1_34,24.0
GB_GCA_023382975.1,JAHDXO010000115.1_6_A,C,C,C,Q,H,C,H,JAHDXO010000115.1_6,24.0
GB_GCA_023443865.1,JAEZST010000022.1_12_A,C,C,C,Q,H,C,H,JAEZST010000022.1_12,24.0
GB_GCA_028713915.1,JAQTNK010000020.1_28_A,C,C,C,Q,H,C,H,JAQTNK010000020.1_28,24.0
GB_GCA_029267975.1,JAJUHH010000028.1_7_A,C,C,C,Q,H,C,H,JAJUHH010000028.1_7,24.0
GB_GCA_030696285.1,JAUYSQ010000068.1_26_A,C,C,C,Q,H,C,H,JAUYSQ010000068.1_26,24.0
GB_GCA_035393325.1,DAOOXC010000022.1_48_A,C,C,C,Q,H,C,H,DAOOXC010000022.1_48,24.0
GB_GCA_036351435.1,JAZBPA010000280.1_11_A,C,C,C,Q,H,C,H,JAZBPA010000280.1_11,24.0
GB_GCA_041738515.1,JBGSPP010000156.1_13_A,C,C,C,Q,H,C,H,JBGSPP010000156.1_13,24.0
GB_GCA_050287785.1,JBNKCO010000064.1_99_A,C,C,C,Q,H,C,H,JBNKCO010000064.1_99,24.0
GB_GCA_900609035.2,UXAT02000012.1_136_A,C,C,C,Q,H,C,H,UXAT02000012.1_136,24.0
GB_GCA_903874585.1,CAIQSY010000120.1_8_A,C,C,C,Q,H,C,H,CAIQSY010000120.1_8,24.0
GB_GCA_947259115.1,CAMYKS010000006.1_176_A,C,C,C,Q,H,C,H,CAMYKS010000006.1_176,24.0
GB_GCA_963743565.1,CAVUQD010000001.1_297_A,C,C,C,Q,H,C,H,CAVUQD010000001.1_297,24.0
GB_GCA_964414315.1,CAYPWB010000143.1_4_A,C,C,C,Q,H,C,H,CAYPWB010000143.1_4,24.0
GB_GCA_964495295.1,CAZBWP010000007.1_15_A,C,C,C,Q,H,C,H,CAZBWP010000007.1_15,24.0
GB_GCA_964528055.1,CAZGQM010000007.1_48_A,C,C,C,Q,H,C,H,CAZGQM010000007.1_48,24.0
RS_GCF_000013645.1,NC_007952.1_1550_A,C,C,C,Q,H,C,H,NC_007952.1_1550,24.0
RS_GCF_000473065.1,NZ_AXAZ01000002.1_172_A,C,C,C,Q,H,C,H,NZ_AXAZ01000002.1_172,24.0
RS_GCF_008329945.1,NZ_CP035807.1_1549_A,C,C,C,Q,H,C,H,NZ_CP035807.1_1549,24.0
RS_GCF_010672455.1,NZ_JAAHGO010000012.1_328_A,C,C,C,Q,H,C,H,NZ_JAAHGO010000012.1_328,24.0
RS_GCF_012927045.1,NZ_JABBFW010000008.1_244_A,C,C,C,Q,H,C,H,NZ_JABBFW010000008.1_244,24.0
RS_GCF_015265475.1,NZ_CP054493.1_1536_A,C,C,C,Q,H,C,H,NZ_CP054493.1_1536,24.0
RS_GCF_021432385.1,NZ_JAEACT010000003.1_92_A,C,C,C,Q,H,C,H,NZ_JAEACT010000003.1_92,24.0
RS_GCF_023721815.1,NZ_JAMDLI010000007.1_845_A,C,C,C,Q,H,C,H,NZ_JAMDLI010000007.1_845,24.0
RS_GCF_025153475.1,NZ_JANZXA010000007.1_193_A,C,C,C,Q,H,C,H,NZ_JANZXA010000007.1_193,24.0
RS_GCF_030813505.1,NZ_JAUSUE010000003.1_79_A,C,C,C,Q,H,C,H,NZ_JAUSUE010000003.1_79,24.0
RS_GCF_900188235.1,NZ_FZNT01000008.1_164_A,C,C,C,Q,H,C,H,NZ_FZNT01000008.1_164,24.0
RS_GCF_903064525.1,NZ_LR797830.1_914_A,C,C,C,Q,H,C,H,NZ_LR797830.1_914,24.0
GB_GCA_002505765.1,DAVZ01000055.1_98_A,C,C,C,Q,H,C,H,DAVZ01000055.1_98,24.0
GB_GCA_013403005.1,JACBOA010000001.1_31_A,C,C,C,Q,H,C,H,JACBOA010000001.1_31,24.0
RS_GCF_046529725.1,NZ_CP136241.1_2495_A,C,C,C,Q,H,C,H,NZ_CP136241.1_2495,24.0
GB_GCA_002412555.1,DHVH01000231.1_2_A,C,C,C,Q,H,C,H,DHVH01000231.1_2,24.0
GB_GCA_016219115.1,JACRCH010000097.1_9_A,C,C,C,Q,H,C,H,JACRCH010000097.1_9,24.0
GB_GCA_019163375.1,JAFLKK010000022.1_15_A,C,C,C,Q,H,C,H,JAFLKK010000022.1_15,24.0
GB_GCA_020692355.1,JAIMKP010000069.1_8_A,C,C,C,Q,H,C,H,JAIMKP010000069.1_8,24.0
GB_GCA_023393235.1,JAEWMH010000144.1_28_A,C,C,C,Q,H,C,H,JAEWMH010000144.1_28,24.0
GB_GCA_023444055.1,JAEZRV010000041.1_65_A,C,C,C,Q,H,C,H,JAEZRV010000041.1_65,24.0
GB_GCA_024280265.1,JAJRQL010000136.1_9_A,C,C,C,Q,H,C,H,JAJRQL010000136.1_9,24.0
GB_GCA_035395685.1,DAOPBR010000013.1_22_A,C,C,C,Q,H,C,H,DAOPBR010000013.1_22,24.0
GB_GCA_038215455.1,JBBQQW010000066.1_6_A,C,C,C,Q,H,C,H,JBBQQW010000066.1_6,24.0
GB_GCA_039181635.1,JBCDCO010000099.1_23_A,C,C,C,Q,H,C,H,JBCDCO010000099.1_23,24.0
GB_GCA_046481705.1,JAWOJK010000116.1_6_A,C,C,C,Q,H,C,H,JAWOJK010000116.1_6,24.0
GB_GCA_051744465.1,JBNJDB010000089.1_4_A,C,C,C,Q,H,C,H,JBNJDB010000089.1_4,24.0
GB_GCA_900102065.1,FMVK01000010.1_19_A,C,C,C,W,F,C,-,FMVK01000010.1_19,18.0
GB_GCA_946528545.1,CAMMYU010000156.1_12_A,C,C,C,W,F,C,-,CAMMYU010000156.1_12,18.0
GB_GCA_963664655.2,OY761554.1_1826_A,C,C,C,Q,H,C,H,OY761554.1_1826,24.0
GB_GCA_963674605.1,OY771474.1_3210_A,C,C,C,Q,H,C,H,OY771474.1_3210,24.0
GB_GCA_963811985.1,CAWEUH010000030.1_64_A,C,C,C,Q,H,C,H,CAWEUH010000030.1_64,24.0
GB_GCA_964245695.1,CAXTNZ010000064.1_22_A,C,C,C,Q,H,C,H,CAXTNZ010000064.1_22,24.0
GB_GCA_964389115.1,CAYMDE010000039.1_15_A,C,C,C,Q,H,C,H,CAYMDE010000039.1_15,24.0
GB_GCA_964441765.1,CAYTVI010000057.1_2_A,C,C,C,Q,H,C,H,CAYTVI010000057.1_2,24.0
RS_GCF_000178835.2,NC_015275.1_448_A,C,C,C,Q,H,C,H,NC_015275.1_448,24.0
RS_GCF_000372885.1,NZ_KB889967.1_3136_A,C,C,C,Q,H,C,H,NZ_KB889967.1_3136,24.0
RS_GCF_000621145.1,NZ_JHZB01000027.1_34_A,C,C,C,Q,H,C,H,NZ_JHZB01000027.1_34,24.0
RS_GCF_001402875.1,NZ_CP012946.1_2228_A,C,C,C,Q,H,C,H,NZ_CP012946.1_2228,24.0
RS_GCF_002017865.1,NZ_MTJN01000002.1_2621_A,C,C,C,Q,H,C,H,NZ_MTJN01000002.1_2621,24.0
RS_GCF_004745945.1,NZ_SRLE01000004.1_33_A,C,C,C,Q,H,C,H,NZ_SRLE01000004.1_33,24.0
RS_GCF_012927165.1,NZ_JABBGA010000006.1_83_A,C,C,C,Q,H,C,H,NZ_JABBGA010000006.1_83,24.0
RS_GCF_019449565.1,NZ_JAGRPM010000022.1_61_A,C,C,C,Q,H,C,H,NZ_JAGRPM010000022.1_61,24.0
RS_GCF_021458635.1,NZ_JAIRDQ010000013.1_195_A,C,C,C,Q,H,C,H,NZ_JAIRDQ010000013.1_195,24.0
RS_GCF_026671195.1,NZ_JAPOHD010000069.1_13_A,C,C,C,Q,H,C,H,NZ_JAPOHD010000069.1_13,24.0
RS_GCF_029211265.1,NZ_JARGEL010000032.1_149_A,C,C,C,Q,H,C,H,NZ_JARGEL010000032.1_149,24.0
RS_GCF_030159255.1,NZ_BSCT01000053.1_9_A,C,C,C,Q,H,C,H,NZ_BSCT01000053.1_9,24.0
RS_GCF_900103325.1,NZ_FMXM01000054.1_3_A,C,C,C,Q,H,C,H,NZ_FMXM01000054.1_3,24.0
GB_GCA_030606635.1,JAUWGA010000043.1_8_A,C,C,C,Q,H,C,H,JAUWGA010000043.1_8,24.0
GB_GCA_036504055.1,DASXVU010000030.1_47_A,C,C,C,Q,H,C,H,DASXVU010000030.1_47,24.0
RS_GCF_000744455.1,NZ_JQLY01000001.1_96_A,C,C,C,Q,H,C,H,NZ_JQLY01000001.1_96,24.0
GB_GCA_021789795.1,JAJYJA010000025.1_5_A,C,C,C,Q,H,C,H,JAJYJA010000025.1_5,24.0
GB_GCA_021819245.1,JAKARI010000016.1_50_A,C,C,C,Q,H,C,H,JAKARI010000016.1_50,24.0
GB_GCA_023386035.1,JAEWKM010000029.1_21_A,C,C,C,Q,H,C,H,JAEWKM010000029.1_21,24.0
GB_GCA_023416955.1,JAEZGM010000042.1_44_A,C,C,C,Q,H,C,H,JAEZGM010000042.1_44,24.0
GB_GCA_027021785.1,JALUTR010000086.1_21_A,C,C,C,Q,H,C,H,JALUTR010000086.1_21,24.0
GB_GCA_028714035.1,JAQTNA010000039.1_3_A,C,C,C,Q,H,C,H,JAQTNA010000039.1_3,24.0
GB_GCA_030696345.1,JAUYSK010000024.1_220_A,C,C,C,Q,H,C,H,JAUYSK010000024.1_220,24.0
GB_GCA_031272985.1,JAISSU010000017.1_25_A,C,C,C,Q,H,C,H,JAISSU010000017.1_25,24.0
GB_GCA_033283265.1,JAWMQN010000002.1_393_A,C,C,C,Q,H,C,H,JAWMQN010000002.1_393,24.0
GB_GCA_041164445.1,JBEAPM010000317.1_7_A,C,C,C,Q,H,C,H,JBEAPM010000317.1_7,24.0
GB_GCA_050031985.1,JBNAIG010000019.1_104_A,C,C,C,Q,H,C,H,JBNAIG010000019.1_104,24.0
GB_GCA_050305935.1,JBNLGG010000003.1_71_A,C,C,C,Q,H,C,H,JBNLGG010000003.1_71,24.0
GB_GCA_903944165.1,CAJAQT010000063.1_2_A,C,C,C,Q,H,C,H,CAJAQT010000063.1_2,24.0
GB_GCA_913063155.1,CAJXYU010000006.1_179_A,C,C,C,Q,H,C,H,CAJXYU010000006.1_179,24.0
GB_GCA_942490675.1,CALNYB010000058.1_72_A,C,C,C,Q,H,C,H,CALNYB010000058.1_72,24.0
GB_GCA_963526645.1,CAUROG010000029.1_16_A,C,C,C,Q,H,C,H,CAUROG010000029.1_16,24.0
GB_GCA_963677205.1,OY781917.1_2402_A,C,C,C,Q,H,C,H,OY781917.1_2402,24.0
GB_GCA_963766185.1,CAVXZU010000028.1_22_A,C,C,C,Q,H,C,-,CAVXZU010000028.1_22,21.0
GB_GCA_963790205.1,CAWBNQ010000003.1_413_A,C,C,C,Q,H,C,H,CAWBNQ010000003.1_413,24.0
GB_GCA_964414745.1,CAYPXB010000005.1_5_A,C,C,C,W,F,C,G,CAYPXB010000005.1_5,19.0
GB_GCA_964441875.1,CAYTVV010000041.1_5_A,C,C,C,Q,H,C,H,CAYTVV010000041.1_5,24.0
GB_GCA_964467305.1,CAYXQU010000060.1_7_A,C,C,C,Q,H,C,H,CAYXQU010000060.1_7,24.0
GB_GCA_964495485.1,CAZBVJ010000002.1_19_A,C,C,C,Q,H,C,H,CAZBVJ010000002.1_19,24.0
GB_GCA_964556895.1,CAZKYC010000067.1_14_A,C,C,C,Q,H,C,H,CAZKYC010000067.1_14,24.0
RS_GCF_000013745.1,NC_007925.1_4494_A,C,C,C,Q,H,C,H,NC_007925.1_4494,24.0
RS_GCF_000023225.1,NC_013173.1_832_A,C,C,C,Q,H,C,H,NC_013173.1_832,24.0
RS_GCF_001636845.1,NZ_LITT01000023.1_285_A,C,C,C,Q,H,C,H,NZ_LITT01000023.1_285,24.0
RS_GCF_001766835.1,NZ_LKEU01000018.1_14_A,C,C,C,Q,H,C,H,NZ_LKEU01000018.1_14,24.0
RS_GCF_002973525.1,NZ_PVEN01000029.1_16_A,C,C,C,Q,H,C,H,NZ_PVEN01000029.1_16,24.0
RS_GCF_003544915.1,NZ_CP032097.1_23_A,C,C,C,Q,H,C,H,NZ_CP032097.1_23,24.0
RS_GCF_004217225.1,NZ_SHKM01000002.1_332_A,C,C,C,Q,H,C,H,NZ_SHKM01000002.1_332,24.0
RS_GCF_006715975.1,NZ_VFOF01000001.1_1680_A,C,C,C,Q,H,C,H,NZ_VFOF01000001.1_1680,24.0
RS_GCF_010672525.1,NZ_JAAHGH010000008.1_286_A,C,C,C,Q,H,C,H,NZ_JAAHGH010000008.1_286,24.0
RS_GCF_014230055.1,NZ_JACHVA010000022.1_30_A,C,C,C,Q,H,C,H,NZ_JACHVA010000022.1_30,24.0
RS_GCF_017875275.1,NZ_JAGGML010000001.1_2011_A,C,C,C,Q,H,C,H,NZ_JAGGML010000001.1_2011,24.0
RS_GCF_023734095.1,NZ_AP024620.1_544_A,C,C,C,Q,H,C,H,NZ_AP024620.1_544,24.0
RS_GCF_025175675.1,NZ_JANIOA010000055.1_15_A,C,C,C,Q,H,C,H,NZ_JANIOA010000055.1_15,24.0
RS_GCF_032393985.1,NZ_CP135918.1_3362_A,C,C,C,Q,H,C,H,NZ_CP135918.1_3362,24.0
RS_GCF_900112155.1,NZ_FOKQ01000005.1_28_A,C,C,C,W,F,C,G,NZ_FOKQ01000005.1_28,19.0
RS_GCF_900142215.1,NZ_FRAC01000008.1_118_A,C,C,C,W,F,C,G,NZ_FRAC01000008.1_118,19.0
GB_GCA_013572355.1,QBUV01000135.1_10_A,C,C,C,Q,H,C,H,QBUV01000135.1_10,24.0
GB_GCA_001602925.1,LUZT01000011.1_99_A,C,C,C,Q,H,C,H,LUZT01000011.1_99,24.0
GB_GCA_002307185.1,DBTT01000046.1_80_A,C,C,C,Q,H,C,H,DBTT01000046.1_80,24.0
GB_GCA_002412865.1,DHVW01000018.1_71_A,C,C,C,Q,H,C,H,DHVW01000018.1_71,24.0
GB_GCA_002709405.1,PAQV01000018.1_42_A,C,C,C,Q,H,C,H,PAQV01000018.1_42,24.0
GB_GCA_009724975.1,SRXB01000010.1_2_A,C,C,C,Q,H,C,H,SRXB01000010.1_2,24.0
GB_GCA_011390365.1,JAABSM010000061.1_13_A,C,C,C,Q,H,C,H,JAABSM010000061.1_13,24.0
GB_GCA_012972835.1,JABDHK010000043.1_35_A,C,C,C,Q,H,C,H,JABDHK010000043.1_35,24.0
GB_GCA_017444985.1,JAFSVK010000041.1_13_A,C,C,C,W,F,C,Y,JAFSVK010000041.1_13,19.0
GB_GCA_031257875.1,JAIRNV010000226.1_5_A,C,C,C,Q,H,C,H,JAIRNV010000226.1_5,24.0
GB_GCA_031277995.1,JAITLH010000065.1_13_A,C,C,C,Q,H,C,H,JAITLH010000065.1_13,24.0
GB_GCA_031287575.1,JAITSV010000076.1_7_A,C,C,C,Q,H,C,H,JAITSV010000076.1_7,24.0
GB_GCA_036741905.1,DAINRH010000051.1_24_A,C,C,C,Q,H,C,H,DAINRH010000051.1_24,24.0
GB_GCA_037381085.1,JARRRD010000091.1_9_A,C,C,C,Q,H,C,H,JARRRD010000091.1_9,24.0
GB_GCA_043743785.1,JAYTVW010000082.1_25_A,C,C,C,Q,H,C,H,JAYTVW010000082.1_25,24.0
GB_GCA_047605445.1,JASGFP010000001.1_93_A,C,C,C,Q,H,C,H,JASGFP010000001.1_93,24.0
GB_GCA_049304775.1,JBAQOL010000013.1_21_A,C,C,C,Q,H,C,H,JBAQOL010000013.1_21,24.0
GB_GCA_900107275.1,FNPI01000001.1_746_A,C,C,C,Q,H,C,H,FNPI01000001.1_746,24.0
GB_GCA_900634715.1,CAAAFO010000111.1_42_A,C,C,C,Q,H,C,H,CAAAFO010000111.1_42,24.0
GB_GCA_902796255.1,CADBOP010000009.1_2_A,C,C,C,W,F,C,A,CADBOP010000009.1_2,19.0
GB_GCA_903914615.1,CAIWPS010000536.1_4_A,C,C,C,Q,H,C,H,CAIWPS010000536.1_4,24.0
GB_GCA_913063265.1,CAJXZG010000068.1_18_A,C,C,C,Q,H,C,H,CAJXZG010000068.1_18,24.0
GB_GCA_946531495.1,CAMNAQ010000012.1_14_A,C,C,C,W,F,C,L,CAMNAQ010000012.1_14,19.0
GB_GCA_963528005.1,CAURSM010000004.1_19_A,C,C,C,Q,H,C,H,CAURSM010000004.1_19,24.0
GB_GCA_963664705.1,OY761556.1_3897_A,C,C,C,Q,H,C,H,OY761556.1_3897,24.0
GB_GCA_963812015.1,CAWETI010000002.1_922_A,C,C,C,Q,H,C,H,CAWETI010000002.1_922,24.0
GB_GCA_964590465.1,CAZPYG010000102.1_2_A,C,C,C,Q,H,C,H,CAZPYG010000102.1_2,24.0
RS_GCF_000424465.1,NZ_AUJY01000002.1_227_A,C,C,C,W,F,C,Y,NZ_AUJY01000002.1_227,19.0
RS_GCF_000964525.1,NZ_BAZG01000015.1_37_A,C,C,C,Q,H,C,H,NZ_BAZG01000015.1_37,24.0
RS_GCF_003182475.1,NZ_QGTS01000004.1_40_A,C,C,C,Q,H,C,H,NZ_QGTS01000004.1_40,24.0
RS_GCF_008330225.1,NZ_CP042466.1_3366_A,C,C,C,Q,H,C,H,NZ_CP042466.1_3366,24.0
RS_GCF_023734095.1,NZ_AP024620.1_546_A,C,C,C,Q,H,C,V,NZ_AP024620.1_546,22.0
RS_GCF_025200715.1,NZ_CP104145.1_281_A,C,C,C,Q,H,C,H,NZ_CP104145.1_281,24.0
RS_GCF_030813505.1,NZ_JAUSUE010000017.1_47_A,C,C,C,W,F,C,S,NZ_JAUSUE010000017.1_47,19.0
RS_GCF_043194945.1,NZ_JBAFWG010000011.1_30_A,C,C,C,Q,H,C,H,NZ_JBAFWG010000011.1_30,24.0
RS_GCF_051594765.1,NZ_JBPPGJ010000008.1_129_A,C,C,C,Q,H,C,H,NZ_JBPPGJ010000008.1_129,24.0
RS_GCF_903828115.1,NZ_CAIKKU010000757.1_4_A,C,C,C,Q,H,C,H,NZ_CAIKKU010000757.1_4,24.0
GB_GCA_014061035.1,JACGMN010000082.1_11_A,-,C,C,K,H,C,N,JACGMN010000082.1_11,17.0
GB_GCA_030610815.1,JAUWRA010000008.1_22_A,C,C,C,Q,H,C,H,JAUWRA010000008.1_22,24.0
GB_GCA_947259185.1,CAMYKT010000016.1_27_A,C,C,C,Q,H,C,H,CAMYKT010000016.1_27,24.0
RS_GCF_000745485.1,NZ_JQJK01000015.1_204_A,C,C,C,Q,H,C,H,NZ_JQJK01000015.1_204,24.0
RS_GCF_047495555.1,NZ_CP166866.1_1063_A,C,C,C,Q,H,C,H,NZ_CP166866.1_1063,24.0
GB_GCA_002929055.1,PERY01000011.1_67_A,C,C,C,Q,H,C,H,PERY01000011.1_67,24.0
GB_GCA_023410275.1,JAEYPZ010000069.1_11_A,C,C,C,W,F,C,G,JAEYPZ010000069.1_11,19.0
GB_GCA_024280455.1,JAJRQC010000094.1_17_A,C,C,C,Q,H,C,H,JAJRQC010000094.1_17,24.0
GB_GCA_030696435.1,JAUYSF010000299.1_5_A,C,C,C,Q,H,C,H,JAUYSF010000299.1_5,24.0
GB_GCA_031291725.1,JARLIM010000010.1_26_A,C,C,C,Q,H,C,H,JARLIM010000010.1_26,24.0
GB_GCA_038215555.1,JBBQQT010000082.1_6_A,C,C,C,Q,H,C,H,JBBQQT010000082.1_6,24.0
GB_GCA_039819245.1,JBCBSJ010000001.1_18_A,C,C,C,Q,H,C,H,JBCBSJ010000001.1_18,24.0
GB_GCA_041738715.1,JBGSPI010000022.1_12_A,C,C,C,Q,H,C,H,JBGSPI010000022.1_12,24.0
GB_GCA_046482365.1,JAWOFG010000166.1_7_A,C,C,C,Q,H,C,H,JAWOFG010000166.1_7,24.0
GB_GCA_050287845.1,JBNKCR010000112.1_15_A,C,C,C,Q,H,C,H,JBNKCR010000112.1_15,24.0
GB_GCA_963744145.1,CAVUSO010000001.1_284_A,C,C,C,Q,H,C,H,CAVUSO010000001.1_284,24.0
GB_GCA_964467415.1,CAYXRX010000033.1_5_A,C,C,C,Q,H,C,H,CAYXRX010000033.1_5,24.0
GB_GCA_964557295.1,CAZKZP010000013.1_19_A,C,C,C,Q,H,C,H,CAZKZP010000013.1_19,24.0
GB_GCA_965366875.1,CBDUGK010000062.1_20_A,C,C,C,Q,H,C,H,CBDUGK010000062.1_20,24.0
RS_GCF_000179555.1,NZ_AECZ01000006.1_7_A,C,C,C,Q,H,C,H,NZ_AECZ01000006.1_7,24.0
RS_GCF_000241955.1,NC_016819.1_108_A,C,C,C,Q,H,C,H,NC_016819.1_108,24.0
RS_GCF_000373365.1,NZ_KB891181.1_19_A,C,C,C,Q,H,C,H,NZ_KB891181.1_19,24.0
RS_GCF_000968375.1,NZ_CP009933.1_242_A,C,C,C,W,F,C,G,NZ_CP009933.1_242,19.0
RS_GCF_002770725.1,NZ_NQVN01000038.1_20_A,C,C,C,Q,H,C,H,NZ_NQVN01000038.1_20,24.0
RS_GCF_010672585.1,NZ_JAAHGF010000022.1_31_A,C,C,C,Q,H,C,H,NZ_JAAHGF010000022.1_31,24.0
RS_GCF_014230085.1,NZ_JACHVB010000012.1_110_A,C,C,C,Q,H,C,H,NZ_JACHVB010000012.1_110,24.0
RS_GCF_021502575.1,NZ_JAKFGN010000003.1_9_A,C,C,C,Q,H,C,H,NZ_JAKFGN010000003.1_9,24.0
RS_GCF_022808715.1,NZ_JAKZKX010000019.1_24_A,C,C,C,Q,H,C,H,NZ_JAKZKX010000019.1_24,24.0
RS_GCF_026723765.1,NZ_CP113524.1_3264_A,C,C,C,Q,H,C,H,NZ_CP113524.1_3264,24.0
RS_GCF_030813505.1,NZ_JAUSUE010000017.1_48_A,C,C,C,W,F,C,G,NZ_JAUSUE010000017.1_48,19.0
RS_GCF_042295465.1,NZ_CP135441.1_4837_A,C,C,C,Q,H,C,H,NZ_CP135441.1_4837,24.0
RS_GCF_049943955.1,NZ_JBNFTW010000001.1_207_A,C,C,C,Q,H,C,H,NZ_JBNFTW010000001.1_207,24.0
GB_GCA_014237145.1,JAAXOC010000088.1_35_A,C,C,C,Q,H,C,H,JAAXOC010000088.1_35,24.0
GB_GCA_963776515.1,CAVZMY010000002.1_31_A,C,C,C,Q,H,C,H,CAVZMY010000002.1_31,24.0
GB_GCA_000504425.1,KI632513.1_2272_A,C,C,C,Q,H,C,H,KI632513.1_2272,24.0
GB_GCA_002412965.1,DHWB01000004.1_484_A,C,C,C,Q,H,C,H,DHWB01000004.1_484,24.0
GB_GCA_003932755.1,CP024202.1_3442_A,C,C,C,Q,H,C,H,CP024202.1_3442,24.0
GB_GCA_005862225.1,SZXV01000003.1_211_A,C,C,C,Q,H,C,H,SZXV01000003.1_211,24.0
GB_GCA_009772895.1,WOUP01000008.1_47_A,C,C,C,Q,H,C,H,WOUP01000008.1_47,24.0
GB_GCA_013335935.1,JAAXUP010000107.1_4_A,C,C,C,Q,H,C,H,JAAXUP010000107.1_4,24.0
GB_GCA_016712595.1,JADJQT010000002.1_443_A,C,C,C,Q,H,C,H,JADJQT010000002.1_443,24.0
GB_GCA_021819435.1,JAKARB010000003.1_44_A,C,C,C,Q,H,C,H,JAKARB010000003.1_44,24.0
GB_GCA_022565335.1,JAIUMY010000064.1_13_A,C,C,C,Q,H,C,H,JAIUMY010000064.1_13,24.0
GB_GCA_033283325.1,JAWMQO010000004.1_424_A,C,C,C,Q,H,C,H,JAWMQO010000004.1_424,24.0
GB_GCA_035407085.1,DAONZY010000019.1_31_A,C,C,C,Q,H,C,H,DAONZY010000019.1_31,24.0
GB_GCA_039184415.1,JBCDBB010000059.1_7_A,C,C,C,Q,H,C,H,JBCDBB010000059.1_7,24.0
GB_GCA_049589015.1,JBAVZX010001264.1_5_A,C,C,C,Q,H,C,H,JBAVZX010001264.1_5,24.0
GB_GCA_903843965.1,CAIMRY010000029.1_223_A,C,C,C,Q,H,C,H,CAIMRY010000029.1_223,24.0
GB_GCA_942490935.1,CALNZA010000001.1_457_A,C,C,C,Q,H,C,H,CALNZA010000001.1_457,24.0
GB_GCA_963674675.2,CAXXNM010000003.1_4334_A,C,C,C,Q,H,C,H,CAXXNM010000003.1_4334,24.0
GB_GCA_963744965.1,CAVUVT010000010.1_261_A,C,C,C,Q,H,C,H,CAVUVT010000010.1_261,24.0
GB_GCA_964590715.1,CAZPXI010000035.1_5_A,C,C,C,Q,H,C,H,CAZPXI010000035.1_5,24.0
RS_GCF_000023445.1,NC_012881.1_446_A,C,C,C,Q,H,C,H,NC_012881.1_446,24.0
RS_GCF_000424685.1,NZ_AUKJ01000018.1_290_A,C,C,C,Q,H,C,H,NZ_AUKJ01000018.1_290,24.0
RS_GCF_000478195.2,NZ_AUZM01000010.1_62_A,C,C,C,Q,H,C,H,NZ_AUZM01000010.1_62,24.0
RS_GCF_002020805.1,NZ_MPRJ01000024.1_24_A,C,C,C,Q,H,C,H,NZ_MPRJ01000024.1_24,24.0
RS_GCF_002252565.1,NZ_NPML01000019.1_405_A,C,C,C,Q,H,C,H,NZ_NPML01000019.1_405,24.0
RS_GCF_002995745.1,NZ_PVXQ01000001.1_143_A,C,C,C,Q,H,C,H,NZ_PVXQ01000001.1_143,24.0
RS_GCF_006742065.1,NZ_AP019717.1_421_A,C,C,C,Q,H,C,H,NZ_AP019717.1_421,24.0
RS_GCF_012933545.1,NZ_JAADJU010000003.1_225_A,C,C,C,Q,H,C,H,NZ_JAADJU010000003.1_225,24.0
RS_GCF_017876095.1,NZ_JAGINM010000011.1_48_A,C,C,C,Q,H,C,H,NZ_JAGINM010000011.1_48,24.0
RS_GCF_022808855.1,NZ_JAKZLF010000035.1_27_A,C,C,C,Q,H,C,H,NZ_JAKZLF010000035.1_27,24.0
RS_GCF_025200925.1,NZ_CP104174.1_1166_A,C,C,C,Q,H,C,H,NZ_CP104174.1_1166,24.0
RS_GCF_030160535.1,NZ_BSON01000021.1_33_A,C,C,C,Q,H,C,H,NZ_BSON01000021.1_33,24.0
RS_GCF_030813505.1,NZ_JAUSUE010000017.1_58_A,C,C,C,W,F,C,G,NZ_JAUSUE010000017.1_58,19.0
RS_GCF_040965595.1,NZ_JBFRCG010000029.1_36_A,C,C,C,Q,H,C,H,NZ_JBFRCG010000029.1_36,24.0
RS_GCF_903837595.1,NZ_CAILVI010000142.1_23_A,C,C,C,Q,H,C,H,NZ_CAILVI010000142.1_23,24.0
RS_GCF_963555915.1,NZ_CAUVXL010000160.1_23_A,C,C,C,Q,H,C,H,NZ_CAUVXL010000160.1_23,24.0
GB_GCA_964556405.1,CAZKWM010000035.1_4_A,C,C,C,Q,H,C,H,CAZKWM010000035.1_4,24.0
GB_GCA_002368155.1,AP018180.1_4773_A,C,C,C,Q,H,C,H,AP018180.1_4773,24.0
GB_GCA_011390755.1,JAABRU010000096.1_17_A,C,C,C,Q,H,C,H,JAABRU010000096.1_17,24.0
GB_GCA_016219175.1,JACRCD010000018.1_14_A,C,C,C,Q,H,C,H,JACRCD010000018.1_14,24.0
GB_GCA_016712625.1,JADJQQ010000018.1_71_A,C,C,C,Q,H,C,H,JADJQQ010000018.1_71,24.0
GB_GCA_017446685.1,JAFSQI010000054.1_57_A,C,C,C,W,F,C,A,JAFSQI010000054.1_57,19.0
GB_GCA_020048055.1,JAIFNA010000007.1_112_A,C,C,C,Q,H,C,H,JAIFNA010000007.1_112,24.0
GB_GCA_021790625.1,JAJYGL010000134.1_4_A,C,C,C,Q,H,C,H,JAJYGL010000134.1_4,24.0
GB_GCA_023410275.1,JAEYPZ010000075.1_36_A,C,C,C,C,F,C,L,JAEYPZ010000075.1_36,19.0
GB_GCA_028714175.1,JAQTMV010000158.1_6_A,C,C,C,Q,H,C,H,JAQTMV010000158.1_6,24.0
GB_GCA_030065205.1,JASJDN010000006.1_27_A,C,C,C,Q,H,C,H,JASJDN010000006.1_27,24.0
GB_GCA_031272995.1,JAISSY010000168.1_19_A,C,C,C,Q,H,C,H,JAISSY010000168.1_19,24.0
GB_GCA_031287685.1,JAITSQ010000030.1_21_A,C,C,C,W,F,C,G,JAITSQ010000030.1_21,19.0
GB_GCA_034659135.1,JAYEGP010000089.1_15_A,C,C,C,Q,H,C,H,JAYEGP010000089.1_15,24.0
GB_GCA_041738985.1,JBGSOR010000055.1_38_A,C,C,C,Q,H,C,H,JBGSOR010000055.1_38,24.0
GB_GCA_046483795.1,JAWOCM010000087.1_8_A,C,C,C,Q,H,C,H,JAWOCM010000087.1_8,24.0
GB_GCA_047605645.1,JASGFJ010000039.1_39_A,C,C,C,Q,H,C,H,JASGFJ010000039.1_39,24.0
GB_GCA_051746725.1,JBNJFI010000076.1_6_A,C,C,C,Q,H,C,H,JBNJFI010000076.1_6,24.0
GB_GCA_900634735.1,CAAAFQ010000066.1_13_A,C,C,C,Q,H,C,H,CAAAFQ010000066.1_13,24.0
GB_GCA_947259535.1,CAMYME010000039.1_46_A,C,C,C,Q,H,C,H,CAMYME010000039.1_46,24.0
GB_GCA_963664735.1,OY761553.1_1262_A,C,C,C,Q,H,C,H,OY761553.1_1262,24.0
GB_GCA_963677215.1,OY781919.1_274_A,C,C,C,Q,H,C,H,OY781919.1_274,24.0
GB_GCA_963698885.1,CAVOSJ010000001.1_12_A,-,-,C,Q,H,C,H,CAVOSJ010000001.1_12,16.0
GB_GCA_963812655.1,CAWEWX010000017.1_163_A,C,C,C,Q,H,C,H,CAWEWX010000017.1_163,24.0
GB_GCA_963845065.1,CAWJQQ010000001.1_218_A,C,C,C,Q,H,C,H,CAWJQQ010000001.1_218,24.0
GB_GCA_964246695.1,CAXTSI010000511.1_2_A,C,C,C,Q,H,C,H,CAXTSI010000511.1_2,24.0
GB_GCA_964442515.1,CAYUAC010000071.1_11_A,C,C,C,Q,H,C,H,CAYUAC010000071.1_11,24.0
GB_GCA_964620675.1,CAZUJU010000093.1_6_A,C,C,C,Q,H,C,H,CAZUJU010000093.1_6,24.0
RS_GCF_000373965.1,NZ_KB892846.1_316_A,C,C,C,Q,H,C,H,NZ_KB892846.1_316,24.0
RS_GCF_000968375.1,NZ_CP009933.1_252_A,C,C,C,W,F,C,G,NZ_CP009933.1_252,19.0
RS_GCF_002995805.1,NZ_PVXL01000046.1_277_A,C,C,C,Q,H,C,P,NZ_PVXL01000046.1_277,22.0
RS_GCF_003544935.1,NZ_CP032098.1_2215_A,C,C,C,Q,H,C,H,NZ_CP032098.1_2215,24.0
RS_GCF_004766045.1,NZ_SPQQ01000001.1_446_A,C,C,C,Q,H,C,H,NZ_SPQQ01000001.1_446,24.0
RS_GCF_008364685.1,NZ_VTTL01000006.1_98_A,C,C,C,Q,H,C,H,NZ_VTTL01000006.1_98,24.0
RS_GCF_009720725.1,NZ_WNKT01000026.1_10_A,C,C,C,Q,H,C,H,NZ_WNKT01000026.1_10,24.0
RS_GCF_014230145.1,NZ_JACHVC010000008.1_88_A,C,C,C,Q,H,C,H,NZ_JACHVC010000008.1_88,24.0
RS_GCF_015291645.1,NZ_CP030056.1_547_A,C,C,C,Q,H,C,H,NZ_CP030056.1_547,24.0
RS_GCF_017876115.1,NZ_JAGINO010000002.1_344_A,C,C,C,Q,H,C,H,NZ_JAGINO010000002.1_344,24.0
RS_GCF_026727675.1,NZ_CP091424.1_952_A,C,C,C,Q,H,C,H,NZ_CP091424.1_952,24.0
RS_GCF_029267515.1,NZ_JAJUIS010000007.1_44_A,C,C,C,Q,H,C,H,NZ_JAJUIS010000007.1_44,24.0
RS_GCF_030160715.1,NZ_BSOW01000030.1_57_A,C,C,C,Q,H,C,H,NZ_BSOW01000030.1_57,24.0
RS_GCF_032484755.1,NZ_JAUETP010000001.1_405_A,C,C,C,Q,H,C,H,NZ_JAUETP010000001.1_405,24.0
RS_GCF_039540575.1,NZ_BAABFC010000010.1_79_A,C,C,C,Q,H,C,H,NZ_BAABFC010000010.1_79,24.0
RS_GCF_043195065.1,NZ_JBAFWM010000001.1_396_A,C,C,C,Q,H,C,H,NZ_JBAFWM010000001.1_396,24.0
RS_GCF_051594785.1,NZ_JBPPGI010000002.1_232_A,C,C,C,Q,H,C,H,NZ_JBPPGI010000002.1_232,24.0
RS_GCF_900142215.1,NZ_FRAC01000032.1_39_A,C,C,C,Q,H,C,H,NZ_FRAC01000032.1_39,24.0
GB_GCA_963780185.1,CAWABA010000005.1_216_A,C,C,C,Q,H,C,H,CAWABA010000005.1_216,24.0
GB_GCA_002413075.1,DHWG01000082.1_10_A,C,C,C,Q,H,C,H,DHWG01000082.1_10,24.0
GB_GCA_003249225.1,QKJQ01000027.1_182_A,C,C,C,Q,H,C,H,QKJQ01000027.1_182,24.0
GB_GCA_016219185.1,JACRBZ010000091.1_24_A,C,C,C,Q,H,C,H,JACRBZ010000091.1_24,24.0
GB_GCA_033283335.1,JAWMQP010000002.1_602_A,C,C,C,Q,H,C,H,JAWMQP010000002.1_602,24.0
GB_GCA_035604215.1,DATNIW010000086.1_9_A,C,C,C,Q,H,C,H,DATNIW010000086.1_9,24.0
GB_GCA_036382515.1,DASVHQ010000273.1_21_A,C,C,C,Q,H,C,H,DASVHQ010000273.1_21,24.0
GB_GCA_041640455.1,JBEQAF010000002.1_29_A,C,C,C,Q,H,C,H,JBEQAF010000002.1_29,24.0
GB_GCA_043743795.1,JAYTVV010000300.1_3_A,C,C,C,Q,H,C,H,JAYTVV010000300.1_3,24.0
GB_GCA_049305715.1,JBAQPK010000630.1_4_A,C,C,C,Q,H,C,H,JBAQPK010000630.1_4,24.0
GB_GCA_050287965.1,JBNKCX010000022.1_7_A,C,C,C,Q,H,C,H,JBNKCX010000022.1_7,24.0
GB_GCA_050305995.1,JBNLGJ010000027.1_25_A,C,C,C,Q,H,C,H,JBNLGJ010000027.1_25,24.0
GB_GCA_903944345.1,CAJARJ010000012.1_12_A,C,C,C,Q,H,C,H,CAJARJ010000012.1_12,24.0
GB_GCA_963664885.2,CAXXSB010000007.1_32_A,C,C,C,Q,H,C,H,CAXXSB010000007.1_32,24.0
GB_GCA_963790655.1,CAWBPT010000031.1_8_A,C,C,C,Q,H,C,H,CAWBPT010000031.1_8,24.0
GB_GCA_964528855.1,CAZGVM010000013.1_22_A,C,C,C,Q,H,C,H,CAZGVM010000013.1_22,24.0
GB_GCA_964591805.1,CAZQDD010000045.1_24_A,C,C,C,Q,H,C,H,CAZQDD010000045.1_24,24.0
RS_GCF_000014265.1,NC_008312.1_4389_A,C,C,C,Q,H,C,H,NC_008312.1_4389,24.0
RS_GCF_000024165.1,NC_013194.1_4441_A,C,C,C,Q,H,C,H,NC_013194.1_4441,24.0
RS_GCF_000315795.1,NZ_ANHY01000007.1_46_A,C,C,C,Q,H,C,H,NZ_ANHY01000007.1_46,24.0
RS_GCF_000425185.1,NZ_AULH01000012.1_10_A,C,C,C,Q,H,C,H,NZ_AULH01000012.1_10,24.0
RS_GCF_000482245.1,NZ_AWNH01000073.1_2_A,C,C,C,Q,H,C,H,NZ_AWNH01000073.1_2,24.0
RS_GCF_001636845.1,NZ_LITT01000063.1_110_A,C,C,C,W,F,C,-,NZ_LITT01000063.1_110,18.0
RS_GCF_002028455.1,NZ_MWUM01000001.1_408_A,C,C,C,Q,H,C,H,NZ_MWUM01000001.1_408,24.0
RS_GCF_002995805.1,NZ_PVXL01000046.1_279_A,C,C,C,Q,H,C,H,NZ_PVXL01000046.1_279,24.0
RS_GCF_003182595.1,NZ_PDNZ01000007.1_90_A,C,C,C,Q,H,C,H,NZ_PDNZ01000007.1_90,24.0
RS_GCF_010692555.1,NZ_JAAHHG010000009.1_21_A,C,C,C,Q,H,C,H,NZ_JAAHHG010000009.1_21,24.0
RS_GCF_013415845.1,NZ_CP058907.1_4603_A,C,C,C,Q,H,C,H,NZ_CP058907.1_4603,24.0
RS_GCF_016632405.1,NZ_JAEPIV010000002.1_65_A,C,C,C,Q,H,C,H,NZ_JAEPIV010000002.1_65,24.0
RS_GCF_020521235.1,NZ_BLAY01000018.1_38_A,C,C,C,Q,H,C,H,NZ_BLAY01000018.1_38,24.0
RS_GCF_022808915.1,NZ_JAKZFS010000001.1_137_A,C,C,C,Q,H,C,H,NZ_JAKZFS010000001.1_137,24.0
RS_GCF_030813505.1,NZ_JAUSUE010000017.1_60_A,C,C,C,W,F,C,-,NZ_JAUSUE010000017.1_60,18.0
RS_GCF_036488675.1,NZ_CP133151.1_257_A,C,C,C,Q,H,C,H,NZ_CP133151.1_257,24.0
RS_GCF_963556055.3,NZ_CAUVYE020000012.1_326_A,C,C,C,Q,H,C,H,NZ_CAUVYE020000012.1_326,24.0
RS_GCF_964252735.1,NZ_CAXUPE020000004.1_355_A,C,C,C,Q,H,C,H,NZ_CAXUPE020000004.1_355,24.0
GB_GCA_014859725.1,JACUTQ010000054.1_9_A,C,C,C,Q,H,C,H,JACUTQ010000054.1_9,24.0
GB_GCA_030611265.1,JAUWQD010000002.1_16_A,C,C,C,Q,H,C,H,JAUWQD010000002.1_16,24.0
GB_GCA_003017855.1,PYER01000373.1_3_A,C,C,C,Q,H,C,H,PYER01000373.1_3,24.0
GB_GCA_003249255.1,QKJP01000063.1_36_A,C,C,C,Q,H,C,H,QKJP01000063.1_36,24.0
GB_GCA_003314535.1,POSG01000002.1_348_A,C,C,C,Q,H,C,H,POSG01000002.1_348,24.0
GB_GCA_005862285.1,SZXW01000010.1_274_A,C,C,C,Q,H,C,H,SZXW01000010.1_274,24.0
GB_GCA_016903655.1,JADQBC010000070.1_13_A,C,C,C,Q,H,C,H,JADQBC010000070.1_13,24.0
GB_GCA_020718845.1,DYRG01000064.1_7_A,C,C,C,Q,H,C,H,DYRG01000064.1_7,24.0
GB_GCA_023386445.1,JAEWJR010000090.1_40_A,C,C,C,Q,H,C,H,JAEWJR010000090.1_40,24.0
GB_GCA_023394255.1,JAEXAZ010000120.1_6_A,C,C,C,Q,H,C,H,JAEXAZ010000120.1_6,24.0
GB_GCA_023410275.1,JAEYPZ010000075.1_40_A,C,C,C,W,F,C,-,JAEYPZ010000075.1_40,18.0
GB_GCA_023433945.1,JAEYTP010000094.1_53_A,C,C,C,Q,H,C,H,JAEYTP010000094.1_53,24.0
GB_GCA_023446735.1,JAEXPQ010000230.1_2_A,C,C,C,Q,H,C,H,JAEXPQ010000230.1_2,24.0
GB_GCA_028527945.1,JAQQAK010000098.1_15_A,C,C,C,Q,H,C,H,JAQQAK010000098.1_15,24.0
GB_GCA_028714515.1,JAQTMF010000004.1_24_A,C,C,C,Q,H,C,H,JAQTMF010000004.1_24,24.0
GB_GCA_029287815.1,JARFQK010000197.1_8_A,C,C,C,Q,H,C,H,JARFQK010000197.1_8,24.0
GB_GCA_030533405.1,JAUNJF010000003.1_122_A,C,C,C,W,F,C,-,JAUNJF010000003.1_122,18.0
GB_GCA_031291795.1,JARLIJ010000136.1_22_A,C,C,C,Q,H,C,H,JARLIJ010000136.1_22,24.0
GB_GCA_033283385.1,JAWMQQ010000001.1_1401_A,C,C,C,Q,H,C,H,JAWMQQ010000001.1_1401,24.0
GB_GCA_034659175.1,JAYEGR010000047.1_5_A,C,C,C,Q,H,C,H,JAYEGR010000047.1_5,24.0
GB_GCA_047605765.1,JASGFB010000113.1_12_A,C,C,C,Q,H,C,H,JASGFB010000113.1_12,24.0
GB_GCA_049315325.1,JBMOKJ010000003.1_90_A,C,C,C,Q,H,C,H,JBMOKJ010000003.1_90,24.0
GB_GCA_900108205.1,FNUU01000004.1_124_A,C,C,C,C,F,C,-,FNUU01000004.1_124,18.0
GB_GCA_903875445.1,CAIQWD010000027.1_45_A,C,C,C,Q,H,C,H,CAIQWD010000027.1_45,24.0
GB_GCA_903915655.1,CAIWTU010000024.1_15_A,C,C,C,Q,H,C,H,CAIWTU010000024.1_15,24.0
GB_GCA_963674715.2,CAXXEQ010000001.1_1689_A,C,C,C,Q,H,C,H,CAXXEQ010000001.1_1689,24.0
GB_GCA_964389595.1,CAYMEL010000012.1_16_A,C,C,C,Q,H,C,H,CAYMEL010000012.1_16,24.0
GB_GCA_964557955.1,CAZLCS010000069.1_3_A,C,C,C,Q,H,C,H,CAZLCS010000069.1_3,24.0
RS_GCF_000179595.2,NZ_JH556659.1_648_A,C,C,C,Q,H,C,H,NZ_JH556659.1_648,24.0
RS_GCF_000242615.2,NZ_KI912268.1_867_A,C,C,C,Q,H,C,H,NZ_KI912268.1_867,24.0
RS_GCF_001829785.1,NZ_MICF01000001.1_205_A,C,C,C,Q,H,C,H,NZ_MICF01000001.1_205,24.0
RS_GCF_019457915.1,NZ_JAHZSS010000011.1_97_A,C,C,C,Q,H,C,H,NZ_JAHZSS010000011.1_97,24.0
RS_GCF_021568905.1,NZ_JAKGSB010000001.1_790_A,C,C,C,Q,H,C,H,NZ_JAKGSB010000001.1_790,24.0
RS_GCF_026802175.1,NZ_CP113797.1_2912_A,C,C,C,Q,H,C,H,NZ_CP113797.1_2912,24.0
RS_GCF_036919575.1,NZ_JBALBY010000118.1_41_A,C,C,C,Q,H,C,H,NZ_JBALBY010000118.1_41,24.0
RS_GCF_042428525.1,NZ_JBHMEP010000001.1_1616_A,C,C,C,Q,H,C,H,NZ_JBHMEP010000001.1_1616,24.0
RS_GCF_900112335.1,NZ_FOLG01000003.1_27_A,C,C,C,Q,H,C,H,NZ_FOLG01000003.1_27,24.0
RS_GCF_900142375.1,NZ_FRAR01000012.1_95_A,C,C,C,Q,H,C,H,NZ_FRAR01000012.1_95,24.0
RS_GCF_900188395.1,NZ_FZOB01000004.1_88_A,C,C,C,Q,H,C,H,NZ_FZOB01000004.1_88,24.0
GB_GCA_014859785.1,JACUTP010000077.1_4_A,C,C,C,Q,H,C,H,JACUTP010000077.1_4,24.0
GB_GCA_025350045.1,JANXYM010000106.1_15_A,C,C,C,Q,H,C,H,JANXYM010000106.1_15,24.0
GB_GCA_030612405.1,JAUWNY010000073.1_10_A,C,C,C,Q,H,C,H,JAUWNY010000073.1_10,24.0
GB_GCA_963780625.1,CAWACH010000002.1_392_A,C,C,C,Q,H,C,-,CAWACH010000002.1_392,21.0
RS_GCF_000784355.1,NZ_KN360939.1_48_A,C,C,C,Q,H,C,H,NZ_KN360939.1_48,24.0
RS_GCF_049075655.1,NZ_CP157522.1_1056_A,C,C,C,Q,H,C,R,NZ_CP157522.1_1056,22.0
GB_GCA_002723385.1,PBNY01000093.1_38_A,C,C,C,Q,H,C,H,PBNY01000093.1_38,24.0
GB_GCA_013336025.1,JAAXUM010000013.1_12_A,C,C,C,Q,H,C,H,JAAXUM010000013.1_12,24.0
GB_GCA_015295885.1,DVEE01000194.1_15_A,C,C,C,Q,H,C,H,DVEE01000194.1_15,24.0
GB_GCA_016219225.1,JACRBX010000224.1_9_A,C,C,C,Q,H,C,H,JACRBX010000224.1_9,24.0
GB_GCA_020048335.1,JAIFMS010000164.1_4_A,C,C,C,Q,H,C,H,JAIFMS010000164.1_4,24.0
GB_GCA_022600175.1,JAHZKW010000124.1_31_A,C,C,C,Q,H,C,H,JAHZKW010000124.1_31,24.0
GB_GCA_023410275.1,JAEYPZ010000142.1_44_A,C,C,C,Q,H,C,H,JAEYPZ010000142.1_44,24.0
GB_GCA_029289095.1,JARFUG010000001.1_48_A,C,C,C,Q,H,C,H,JARFUG010000001.1_48,24.0
GB_GCA_030065265.1,JASJCW010000055.1_13_A,C,C,C,Q,H,C,H,JASJCW010000055.1_13,24.0
GB_GCA_031288175.1,JAITRW010000001.1_9_A,C,C,C,Q,H,C,H,JAITRW010000001.1_9,24.0
GB_GCA_035604255.1,DATNIV010000010.1_7_A,C,C,C,Q,H,C,H,DATNIV010000010.1_7,24.0
GB_GCA_045642665.1,JAZUJH010000116.1_35_A,C,C,C,C,F,C,L,JAZUJH010000116.1_35,19.0
GB_GCA_046484315.1,JAWOJC010000012.1_4_A,C,C,C,Q,H,C,H,JAWOJC010000012.1_4,24.0
GB_GCA_050288105.1,JBNKDE010000003.1_28_A,C,C,C,Q,H,C,H,JBNKDE010000003.1_28,24.0
GB_GCA_902725215.1,CACUVI010000001.1_69_A,C,C,C,Q,H,C,H,CACUVI010000001.1_69,24.0
GB_GCA_903875455.1,CAIQWF010000006.1_19_A,C,C,C,Q,H,C,H,CAIQWF010000006.1_19,24.0
GB_GCA_903915725.1,CAIWTY010000013.1_27_A,C,C,C,Q,H,C,H,CAIWTY010000013.1_27,24.0
GB_GCA_903944925.1,CAJATU010000063.1_24_A,C,C,C,Q,H,C,H,CAJATU010000063.1_24,24.0
GB_GCA_963674755.2,CAXXVS010000003.1_1740_A,C,C,C,Q,H,C,H,CAXXVS010000003.1_1740,24.0
GB_GCA_963677235.2,CAXXPP010000003.1_300_A,C,C,C,Q,H,C,H,CAXXPP010000003.1_300,24.0
GB_GCA_963745265.1,CAVUXQ010000020.1_94_A,C,C,C,Q,H,C,H,CAVUXQ010000020.1_94,24.0
GB_GCA_964414945.1,CAYPYJ010000002.1_46_A,C,C,C,Q,H,C,H,CAYPYJ010000002.1_46,24.0
GB_GCA_964593085.1,CAZQIK010000003.1_7_A,C,C,C,Q,H,C,H,CAZQIK010000003.1_7,24.0
GB_GCA_964644675.1,CAZXWK010000017.1_56_A,C,C,C,Q,H,C,H,CAZXWK010000017.1_56,24.0
RS_GCF_000024205.1,NC_013216.1_989_A,C,C,C,Q,H,C,H,NC_013216.1_989,24.0
RS_GCF_000971475.1,NZ_DF967527.1_143_A,C,C,C,Q,H,C,H,NZ_DF967527.1_143,24.0
RS_GCF_001854185.1,NZ_CP017603.1_2428_A,C,C,C,Q,H,C,H,NZ_CP017603.1_2428,24.0
RS_GCF_003966895.1,NZ_AP018449.1_2669_A,C,C,C,Q,H,C,H,NZ_AP018449.1_2669,24.0
RS_GCF_004297345.1,NZ_SCTN01000256.1_4_A,C,C,C,Q,H,C,H,NZ_SCTN01000256.1_4,24.0
RS_GCF_008364795.1,NZ_VTTM01000001.1_881_A,C,C,C,Q,H,C,H,NZ_VTTM01000001.1_881,24.0
RS_GCF_012939995.1,NZ_SPMZ01000036.1_69_A,C,C,C,Q,H,C,H,NZ_SPMZ01000036.1_69,24.0
RS_GCF_015291665.1,NZ_CP030049.1_225_A,C,C,C,Q,H,C,H,NZ_CP030049.1_225,24.0
RS_GCF_022808985.1,NZ_JAKZFT010000010.1_66_A,C,C,C,Q,H,C,H,NZ_JAKZFT010000010.1_66,24.0
RS_GCF_029269405.1,NZ_JARIYC010000026.1_40_A,C,C,C,Q,H,C,H,NZ_JARIYC010000026.1_40,24.0
RS_GCF_032484785.1,NZ_JAUETR010000001.1_632_A,C,C,C,Q,H,C,H,NZ_JAUETR010000001.1_632,24.0
RS_GCF_039542305.1,NZ_BAABHW010000004.1_130_A,C,C,C,Q,H,C,H,NZ_BAABHW010000004.1_130,24.0
RS_GCF_041008525.1,NZ_JBFLUG010000015.1_48_A,C,C,C,Q,H,C,H,NZ_JBFLUG010000015.1_48,24.0
RS_GCF_903866365.1,NZ_CAIPNF010000211.1_3_A,C,C,C,Q,H,C,H,NZ_CAIPNF010000211.1_3,24.0
GB_GCA_964560735.1,CAZLNG010000045.1_25_A,C,C,C,Q,H,C,H,CAZLNG010000045.1_25,24.0
RS_GCF_049075655.1,NZ_CP157522.1_1060_A,C,C,C,Q,H,C,H,NZ_CP157522.1_1060,24.0
GB_GCA_000517005.1,KI911947.1_176_A,C,C,C,Q,H,C,H,KI911947.1_176,24.0
GB_GCA_003054655.1,QAYZ01000015.1_117_A,C,C,C,Q,H,C,H,QAYZ01000015.1_117,24.0
GB_GCA_014822185.1,QVLR01000056.1_62_A,C,C,C,Q,H,C,H,QVLR01000056.1_62,24.0
GB_GCA_017958365.1,JAGDCV010000081.1_25_A,C,C,C,W,F,C,A,JAGDCV010000081.1_25,19.0
GB_GCA_023386815.1,JAEWIZ010000034.1_73_A,C,C,C,Q,H,C,H,JAEWIZ010000034.1_73,24.0
GB_GCA_026125865.1,JAHCKI010000004.1_23_A,C,C,C,Q,H,C,H,JAHCKI010000004.1_23,24.0
GB_GCA_027032075.1,JALVOC010000006.1_100_A,C,C,C,Q,H,C,H,JALVOC010000006.1_100,24.0
GB_GCA_027858735.1,JAQICC010000107.1_7_A,C,C,C,Q,H,C,H,JAQICC010000107.1_7,24.0
GB_GCA_028714675.1,JAQTLV010000002.1_162_A,C,C,C,Q,H,C,H,JAQTLV010000002.1_162,24.0
GB_GCA_029289235.1,JARFTZ010000039.1_80_A,C,C,C,Q,H,C,H,JARFTZ010000039.1_80,24.0
GB_GCA_030696775.1,JAUYRN010000012.1_118_A,C,C,C,Q,H,C,H,JAUYRN010000012.1_118,24.0
GB_GCA_031278295.1,JAITKQ010000189.1_12_A,C,C,C,Q,H,C,H,JAITKQ010000189.1_12,24.0
GB_GCA_031288185.1,JAITRZ010000035.1_13_A,C,C,C,W,F,C,G,JAITRZ010000035.1_13,19.0
GB_GCA_031291845.1,JARLIH010000002.1_19_A,C,C,C,Q,H,C,H,JARLIH010000002.1_19,24.0
GB_GCA_033549025.1,JAWSUS010000002.1_52_A,C,C,C,Q,H,C,H,JAWSUS010000002.1_52,24.0
GB_GCA_037381915.1,JARRQJ010000002.1_69_A,C,C,C,Q,H,C,H,JARRQJ010000002.1_69,24.0
GB_GCA_040500365.1,CP148031.1_356_A,C,C,C,Q,H,C,H,CP148031.1_356,24.0
GB_GCA_050306135.1,JBNLGQ010000106.1_40_A,C,C,C,Q,H,C,H,JBNLGQ010000106.1_40,24.0
GB_GCA_900109485.1,FOAY01000016.1_70_A,C,C,C,Q,H,C,H,FOAY01000016.1_70,24.0
GB_GCA_903875605.1,CAIQWT010000007.1_38_A,C,C,C,Q,H,C,H,CAIQWT010000007.1_38,24.0
GB_GCA_963664915.1,OY761810.1_1573_A,C,C,C,Q,H,C,H,OY761810.1_1573,24.0
GB_GCA_964558075.1,CAZLCY010000015.1_18_A,C,C,C,Q,H,C,H,CAZLCY010000015.1_18,24.0
GB_GCA_965371665.1,CBDUZI010000072.1_4_A,C,C,C,Q,H,C,H,CBDUZI010000072.1_4,24.0
RS_GCF_000621505.1,NZ_JHYD01000046.1_40_A,C,C,C,Q,H,C,H,NZ_JHYD01000046.1_40,24.0
RS_GCF_001639105.2,NZ_CP015285.1_570_A,C,C,C,Q,H,C,H,NZ_CP015285.1_570,24.0
RS_GCF_003184265.1,NZ_CP027663.1_2961_A,C,C,C,Q,H,C,H,NZ_CP027663.1_2961,24.0
RS_GCF_012940005.1,NZ_SPMX01000053.1_70_A,C,C,C,Q,H,C,H,NZ_SPMX01000053.1_70,24.0
RS_GCF_015291705.1,NZ_CP030050.1_1655_A,C,C,C,Q,H,C,H,NZ_CP030050.1_1655,24.0
RS_GCF_018729455.1,NZ_JAHHZF010000006.1_227_A,C,C,C,Q,H,C,H,NZ_JAHHZF010000006.1_227,24.0
RS_GCF_025244685.1,NZ_CP104202.1_1228_A,C,C,C,Q,H,C,H,NZ_CP104202.1_1228,24.0
GB_GCA_036803605.1,DAIRTZ010000007.1_15_A,C,C,C,Q,H,C,H,DAIRTZ010000007.1_15,24.0
RS_GCF_018141185.1,NZ_CP058560.1_927_A,C,C,C,Q,H,C,H,NZ_CP058560.1_927,24.0
GB_GCA_003054665.1,QAYY01000016.1_22_A,C,C,C,Q,H,C,H,QAYY01000016.1_22,24.0
GB_GCA_003963115.1,RXJQ01000015.1_22_A,C,C,C,Q,H,C,H,RXJQ01000015.1_22,24.0
GB_GCA_005877885.1,VCHY01000011.1_100_A,C,C,C,Q,H,C,H,VCHY01000011.1_100,24.0
GB_GCA_011390985.1,JAABRJ010000485.1_5_A,C,C,C,Q,H,C,H,JAABRJ010000485.1_5,24.0
GB_GCA_014822185.1,QVLR01000106.1_59_A,C,C,C,Q,H,C,H,QVLR01000106.1_59,24.0
GB_GCA_018434355.1,JAHDPL010000023.1_13_A,C,C,C,Q,H,C,H,JAHDPL010000023.1_13,24.0
GB_GCA_021372415.1,JAJFUM010000209.1_8_A,C,C,C,Q,H,C,H,JAJFUM010000209.1_8,24.0
GB_GCA_021790695.1,JAJYGJ010000146.1_8_A,C,C,C,Q,H,C,H,JAJYGJ010000146.1_8,24.0
GB_GCA_023434365.1,JAEYSV010000002.1_66_A,C,C,C,Q,H,C,H,JAEYSV010000002.1_66,24.0
GB_GCA_028532855.1,JAQQAL010000033.1_2_A,C,C,C,Q,H,C,H,JAQQAL010000033.1_2,24.0
GB_GCA_033549385.1,JAWSUG010000001.1_143_A,C,C,C,Q,H,C,H,JAWSUG010000001.1_143,24.0
GB_GCA_036384655.1,DASVLX010000324.1_26_A,C,C,C,Q,H,C,H,DASVLX010000324.1_26,24.0
GB_GCA_043744345.1,JAYTUW010000025.1_23_A,C,C,C,Q,H,C,H,JAYTUW010000025.1_23,24.0
GB_GCA_045642665.1,JAZUJH010000116.1_45_A,C,C,C,W,F,C,-,JAZUJH010000116.1_45,18.0
GB_GCA_046484405.1,JAWOIX010000162.1_3_A,C,C,C,Q,H,C,H,JAWOIX010000162.1_3,24.0
GB_GCA_902729415.1,CACVCF010000223.1_143_A,C,C,C,Q,H,C,H,CACVCF010000223.1_143,24.0
GB_GCA_942491465.1,CALOBA010000006.1_79_A,C,C,C,Q,H,C,H,CALOBA010000006.1_79,24.0
GB_GCA_947259715.1,CAMYNR010000001.1_9_B,-,-,C,Q,H,C,H,CAMYNR010000001.1_9,16.0
GB_GCA_947500775.1,CANMTD010000002.1_810_A,C,C,C,Q,H,C,H,CANMTD010000002.1_810,24.0
GB_GCA_963665085.2,CAXXXS010000001.1_3057_A,C,C,C,Q,H,C,H,CAXXXS010000001.1_3057,24.0
GB_GCA_963677245.1,OY781921.1_3481_A,C,C,C,Q,H,C,H,OY781921.1_3481,24.0
GB_GCA_963699455.1,CAVOTY010000008.1_362_A,C,C,C,Q,H,C,H,CAVOTY010000008.1_362,24.0
GB_GCA_963722205.1,CAVRKL010000001.1_417_A,C,C,C,Q,H,C,H,CAVRKL010000001.1_417,24.0
GB_GCA_963745765.1,CAVUYQ010000032.1_53_A,C,C,C,Q,H,C,H,CAVUYQ010000032.1_53,24.0
GB_GCA_963766815.1,CAVYBZ010000010.1_525_A,C,C,C,Q,H,C,H,CAVYBZ010000010.1_525,24.0
GB_GCA_963845115.1,CAWJQN010000003.1_685_A,C,C,C,Q,H,C,H,CAWJQN010000003.1_685,24.0
RS_GCF_000621565.1,NZ_KK211305.1_213_A,C,C,C,W,F,C,-,NZ_KK211305.1_213,18.0
RS_GCF_001854655.1,NZ_MBLM01000120.1_35_A,C,C,C,Q,H,C,H,NZ_MBLM01000120.1_35,24.0
RS_GCF_002029235.1,NZ_MZGV01000018.1_15_A,C,C,C,Q,H,C,H,NZ_MZGV01000018.1_15,24.0
RS_GCF_003569765.1,NZ_QXMG01000050.1_37_A,C,C,C,Q,H,C,H,NZ_QXMG01000050.1_37,24.0
RS_GCF_004306515.1,NZ_SILG01000005.1_52_A,C,C,C,Q,H,C,H,NZ_SILG01000005.1_52,24.0
RS_GCF_010820565.1,NZ_JAAIJQ010000044.1_10_A,C,C,C,Q,H,C,H,NZ_JAAIJQ010000044.1_10,24.0
RS_GCF_016653295.1,NZ_NHSF01000063.1_41_A,C,C,C,Q,H,C,H,NZ_NHSF01000063.1_41,24.0
RS_GCF_020523985.1,NZ_JAIVKM010000001.1_957_A,C,C,C,Q,H,C,H,NZ_JAIVKM010000001.1_957,24.0
RS_GCF_021596505.1,NZ_PJIZ01000001.1_135_A,C,C,C,Q,H,C,H,NZ_PJIZ01000001.1_135,24.0
RS_GCF_030813515.1,NZ_JAUSUK010000002.1_774_A,C,C,C,Q,H,C,H,NZ_JAUSUK010000002.1_774,24.0
RS_GCF_043195095.1,NZ_JBAFWN010000001.1_103_A,C,C,C,Q,H,C,H,NZ_JBAFWN010000001.1_103,24.0
RS_GCF_046159765.1,NZ_JBJXVK010000009.1_101_A,C,C,C,Q,H,C,H,NZ_JBJXVK010000009.1_101,24.0
RS_GCF_900197875.1,NZ_FZMO01000203.1_5_A,C,C,C,Q,H,C,H,NZ_FZMO01000203.1_5,24.0
GB_GCA_030627005.1,DAOUSW010000006.1_6_A,C,C,C,Q,H,C,H,DAOUSW010000006.1_6,24.0
GB_GCA_963780665.1,CAWACJ010000006.1_85_A,C,C,C,Q,H,C,H,CAWACJ010000006.1_85,24.0
RS_GCF_018433835.1,NZ_JAHDQM010000027.1_28_A,C,C,C,Q,H,C,H,NZ_JAHDQM010000027.1_28,24.0
GB_GCA_000526255.1,JAFS01000001.1_952_A,C,C,C,Q,H,C,H,JAFS01000001.1_952,24.0
GB_GCA_001602955.1,LVAC01000011.1_54_A,C,C,C,Q,H,C,H,LVAC01000011.1_54,24.0
GB_GCA_002049495.1,LLYS01000005.1_137_A,C,C,C,Q,H,C,H,LLYS01000005.1_137,24.0
GB_GCA_009773415.1,WSNO01000022.1_71_A,C,C,C,Q,H,C,H,WSNO01000022.1_71,24.0
GB_GCA_016194325.1,JACQBS010000135.1_21_A,C,C,C,Q,H,C,H,JACQBS010000135.1_21,24.0
GB_GCA_016713425.1,JADJPE010000005.1_5302_A,C,C,C,Q,H,C,H,JADJPE010000005.1_5302,24.0
GB_GCA_017958365.1,JAGDCV010000081.1_28_A,C,C,C,C,F,C,L,JAGDCV010000081.1_28,19.0
GB_GCA_020048915.1,JAIFLU010000191.1_13_A,C,C,C,Q,H,C,H,JAIFLU010000191.1_13,24.0
GB_GCA_022640795.1,JALCCK010000048.1_12_A,C,C,C,Q,H,C,H,JALCCK010000048.1_12,24.0
GB_GCA_023435225.1,JAEYRX010000032.1_49_A,C,C,C,Q,H,C,H,JAEYRX010000032.1_49,24.0
GB_GCA_027858855.1,JAQIBV010000054.1_103_A,C,C,C,Q,H,C,H,JAQIBV010000054.1_103,24.0
GB_GCA_028532905.1,JAQQAM010000057.1_25_A,C,C,C,Q,H,C,H,JAQQAM010000057.1_25,24.0
GB_GCA_030065275.1,JASJCV010000013.1_13_A,C,C,C,Q,H,C,H,JASJCV010000013.1_13,24.0
GB_GCA_030697375.1,JAUYQD010000034.1_32_A,C,C,C,Q,H,C,H,JAUYQD010000034.1_32,24.0
GB_GCA_036752365.1,DAIOSW010000032.1_14_A,C,C,C,Q,H,C,H,DAIOSW010000032.1_14,24.0
GB_GCA_038527325.1,JBCBFY010000032.1_14_A,C,C,C,Q,H,C,H,JBCBFY010000032.1_14,24.0
GB_GCA_040506275.1,JBEVXD010000001.1_757_A,C,C,C,Q,H,C,H,JBEVXD010000001.1_757,24.0
GB_GCA_046485045.1,JAWOHT010000147.1_10_A,C,C,C,Q,H,C,H,JAWOHT010000147.1_10,24.0
GB_GCA_049317185.1,JBMOIS010000043.1_14_A,C,C,C,Q,H,C,H,JBMOIS010000043.1_14,24.0
GB_GCA_945861405.1,CAMAUL010000003.1_13_A,C,C,C,Q,H,C,H,CAMAUL010000003.1_13,24.0
GB_GCA_963555925.1,CAUVXJ010000063.1_12_A,C,C,C,Q,H,C,H,CAUVXJ010000063.1_12,24.0
GB_GCA_963746275.1,CAVVAX010000033.1_68_A,C,C,C,Q,H,C,H,CAVVAX010000033.1_68,24.0
GB_GCA_963791005.1,CAWBQR010000006.1_170_A,C,C,C,Q,H,C,H,CAWBQR010000006.1_170,24.0
GB_GCA_964389915.1,CAYMGG010000128.1_12_A,C,C,C,Q,H,C,H,CAYMGG010000128.1_12,24.0
GB_GCA_964468285.1,CAYYKG010000001.1_110_A,C,C,C,Q,H,C,H,CAYYKG010000001.1_110,24.0
RS_GCF_000025125.1,NC_013771.1_566_A,C,C,C,Q,H,C,H,NC_013771.1_566,24.0
RS_GCF_000244875.1,NC_016791.1_2537_A,C,C,C,Q,H,C,H,NC_016791.1_2537,24.0
RS_GCF_000425265.1,NZ_KE384343.1_61_A,C,C,C,Q,H,C,H,NZ_KE384343.1_61,24.0
RS_GCF_000482785.1,NZ_AXWS01000007.1_489_A,C,C,C,Q,H,C,H,NZ_AXWS01000007.1_489,24.0
RS_GCF_018734325.1,NZ_CP073754.1_74_A,C,C,C,Q,H,C,H,NZ_CP073754.1_74,24.0
RS_GCF_023806635.1,NZ_JAMTDQ010000029.1_69_A,C,C,C,Q,H,C,H,NZ_JAMTDQ010000029.1_69,24.0
RS_GCF_029318635.1,NZ_CP119676.1_1354_A,C,C,C,Q,H,C,H,NZ_CP119676.1_1354,24.0
RS_GCF_039544165.1,NZ_BAABLD010000017.1_472_A,C,C,C,Q,H,C,H,NZ_BAABLD010000017.1_472,24.0
RS_GCF_041020385.1,NZ_JBEHHI010000003.1_504_A,C,C,C,Q,H,C,H,NZ_JBEHHI010000003.1_504,24.0
RS_GCF_051657925.1,NZ_JBOFLP010000028.1_4_A,C,C,C,Q,H,C,H,NZ_JBOFLP010000028.1_4,24.0
RS_GCF_900104215.1,NZ_FMXO01000011.1_75_A,C,C,C,Q,H,C,H,NZ_FMXO01000011.1_75,24.0
GB_GCA_001603035.1,LVAS01000062.1_9_A,C,C,C,Q,H,C,H,LVAS01000062.1_9,24.0
GB_GCA_002368175.1,AP018172.1_3315_A,C,C,C,Q,H,C,H,AP018172.1_3315,24.0
GB_GCA_009773475.1,WSXV01000005.1_8_A,C,C,C,Q,H,C,H,WSXV01000005.1_8,24.0
GB_GCA_011391225.1,JAABQY010000182.1_5_A,C,C,C,Q,H,C,H,JAABQY010000182.1_5,24.0
GB_GCA_013336035.1,JAAXUL010000259.1_5_A,C,C,C,Q,H,C,H,JAAXUL010000259.1_5,24.0
GB_GCA_020721005.1,DYNP01000009.1_74_A,C,C,C,Q,H,C,H,DYNP01000009.1_74,24.0
GB_GCA_021820445.1,JAKADN010000070.1_7_A,C,C,C,Q,H,C,H,JAKADN010000070.1_7,24.0
GB_GCA_023395575.1,JAEWZA010000442.1_5_A,C,C,C,Q,H,C,H,JAEWZA010000442.1_5,24.0
GB_GCA_023450835.1,JAEXGM010000033.1_24_A,C,C,C,Q,H,C,H,JAEXGM010000033.1_24,24.0
GB_GCA_024304885.1,JALJOM010000008.1_384_A,C,C,C,Q,H,C,H,JALJOM010000008.1_384,24.0
GB_GCA_027038965.1,JALWFG010000008.1_104_A,C,C,C,Q,H,C,H,JALWFG010000008.1_104,24.0
GB_GCA_028714735.1,JAQTLU010000009.1_112_A,C,C,C,Q,H,C,H,JAQTLU010000009.1_112,24.0
GB_GCA_035605585.1,DASTGP010000042.1_27_A,C,C,C,Q,H,C,H,DASTGP010000042.1_27,24.0
GB_GCA_037383085.1,JARRPG010000003.1_32_A,C,C,C,Q,H,C,H,JARRPG010000003.1_32,24.0
GB_GCA_041169085.1,JBEEJT010000317.1_4_A,C,C,C,Q,H,C,H,JBEEJT010000317.1_4,24.0
GB_GCA_050288165.1,JBNKDG010000012.1_72_A,C,C,C,Q,H,C,H,JBNKDG010000012.1_72,24.0
GB_GCA_900110975.1,FOFK01000007.1_25_A,C,C,C,W,F,C,Y,FOFK01000007.1_25,19.0
GB_GCA_903875675.1,CAIQXC010000936.1_6_A,C,C,C,Q,H,C,H,CAIQXC010000936.1_6,24.0
GB_GCA_963674765.1,OY771548.1_892_A,C,C,C,Q,H,C,H,OY771548.1_892,24.0
GB_GCA_963677255.2,CAXXER010000001.1_1521_A,C,C,C,Q,H,C,H,CAXXER010000001.1_1521,24.0
GB_GCA_963791075.1,CAWBRF010000033.1_181_A,C,C,C,Q,H,C,H,CAWBRF010000033.1_181,24.0
GB_GCA_964390065.1,CAYMGX010000093.1_13_A,C,C,C,Q,H,C,H,CAYMGX010000093.1_13,24.0
GB_GCA_964443615.1,CAYUEE010000001.1_79_A,C,C,C,Q,H,C,H,CAYUEE010000001.1_79,24.0
GB_GCA_964558295.1,CAZLDQ010000015.1_7_A,C,C,C,Q,H,C,H,CAZLDQ010000015.1_7,24.0
GB_GCA_965372745.1,CBDVDM010000029.1_4_A,C,C,C,Q,H,C,H,CBDVDM010000029.1_4,24.0
RS_GCF_000014865.1,NC_008576.1_1245_A,C,C,C,Q,H,C,H,NC_008576.1_1245,24.0
RS_GCF_000316625.1,NC_019676.1_3374_A,C,C,C,Q,H,C,H,NC_019676.1_3374,24.0
RS_GCF_000757885.1,NZ_JQCR01000003.1_2423_A,C,C,C,Q,H,C,H,NZ_JQCR01000003.1_2423,24.0
RS_GCF_001420915.1,NZ_CP013021.1_350_A,-,C,C,Q,H,C,H,NZ_CP013021.1_350,20.0
RS_GCF_001641335.1,NZ_LVEM01000003.1_1172_A,C,C,C,Q,H,C,H,NZ_LVEM01000003.1_1172,24.0
RS_GCF_001854695.1,NZ_MAXA01000279.1_45_A,C,C,C,Q,H,C,H,NZ_MAXA01000279.1_45,24.0
RS_GCF_002252705.1,NZ_NQLA01000040.1_18_A,C,C,C,Q,H,C,H,NZ_NQLA01000040.1_18,24.0
RS_GCF_004309735.1,NZ_SIXC01000007.1_105_A,C,C,C,Q,H,C,H,NZ_SIXC01000007.1_105,24.0
RS_GCF_019603315.1,NZ_CP080649.1_2724_A,C,C,C,Q,H,C,H,NZ_CP080649.1_2724,24.0
RS_GCF_025263685.1,NZ_CP092109.1_252_A,C,C,C,Q,H,C,H,NZ_CP092109.1_252,24.0
RS_GCF_030160815.1,NZ_BSPB01000020.1_4_A,C,C,C,Q,H,C,H,NZ_BSPB01000020.1_4,24.0
RS_GCF_042432815.1,NZ_JBHLWM010000001.1_392_A,C,C,C,Q,H,C,H,NZ_JBHLWM010000001.1_392,24.0
RS_GCF_963556105.3,NZ_CAUVYG020000002.1_824_A,C,C,C,Q,H,C,H,NZ_CAUVYG020000002.1_824,24.0
RS_GCF_965140835.1,NZ_OZ223526.1_579_A,C,C,C,Q,H,C,H,NZ_OZ223526.1_579,24.0
GB_GCA_963782455.1,CAWAJP010000010.1_60_A,C,C,C,Q,H,C,H,CAWAJP010000010.1_60,24.0
GB_GCA_002733995.1,NVXR01000005.1_143_A,C,C,C,Q,H,C,H,NVXR01000005.1_143,24.0
GB_GCA_003058495.1,QBVC01000041.1_32_A,C,C,C,Q,H,C,H,QBVC01000041.1_32,24.0
GB_GCA_003963125.1,RXJK01000217.1_30_A,C,C,C,Q,H,C,H,RXJK01000217.1_30,24.0
GB_GCA_016219375.1,JACRNC010000021.1_44_A,C,C,C,Q,H,C,H,JACRNC010000021.1_44,24.0
GB_GCA_016713625.1,JADJOT010000009.1_470_A,C,C,C,Q,H,C,H,JADJOT010000009.1_470,24.0
GB_GCA_018434945.1,JAHDOI010000017.1_6_A,C,C,C,Q,H,C,H,JAHDOI010000017.1_6,24.0
GB_GCA_019313185.1,JAFDBS010000221.1_7_A,C,C,C,Q,H,C,H,JAFDBS010000221.1_7,24.0
GB_GCA_021791055.1,JAJYXI010000038.1_42_A,C,C,C,Q,H,C,H,JAJYXI010000038.1_42,24.0
GB_GCA_023410535.1,JAEYPR010000010.1_234_A,C,C,C,Q,H,C,H,JAEYPR010000010.1_234,24.0
GB_GCA_026193155.1,JAPHSI010000030.1_10_A,C,C,C,Q,H,C,H,JAPHSI010000030.1_10,24.0
GB_GCA_027038965.1,JALWFG010000008.1_106_A,C,C,C,Q,H,C,P,JALWFG010000008.1_106,22.0
GB_GCA_029289265.1,JARFTX010000016.1_23_A,C,C,C,Q,H,C,H,JARFTX010000016.1_23,24.0
GB_GCA_030065315.1,JASJDB010000344.1_2_A,C,C,C,Q,H,C,H,JASJDB010000344.1_2,24.0
GB_GCA_031278315.1,JAITKS010000452.1_5_A,C,C,C,Q,H,C,H,JAITKS010000452.1_5,24.0
GB_GCA_033584155.1,CP138355.1_1493_A,C,C,C,Q,H,C,H,CP138355.1_1493,24.0
GB_GCA_035441325.1,DAOROA010000014.1_66_A,C,C,C,Q,H,C,H,DAOROA010000014.1_66,24.0
GB_GCA_036390155.1,DASWCJ010000280.1_4_A,C,C,C,Q,H,C,H,DASWCJ010000280.1_4,24.0
GB_GCA_041739295.1,JBGSOE010000243.1_10_A,C,C,C,Q,H,C,H,JBGSOE010000243.1_10,24.0
GB_GCA_045657625.1,JAZOTM010000018.1_39_A,C,C,C,W,F,C,G,JAZOTM010000018.1_39,19.0
GB_GCA_917627385.1,CAKJTL010000122.1_12_A,C,C,C,Q,H,C,H,CAKJTL010000122.1_12,24.0
GB_GCA_937894335.1,CALCRU010000026.1_28_A,C,C,C,W,F,C,A,CALCRU010000026.1_28,19.0
GB_GCA_942491485.1,CALOAX010000011.1_121_A,C,C,C,Q,H,C,H,CALOAX010000011.1_121,24.0
GB_GCA_963723355.1,CAVRQQ010000027.1_32_A,C,C,C,Q,H,C,H,CAVRQQ010000027.1_32,24.0
GB_GCA_963746275.1,CAVVAX010000033.1_70_A,-,C,C,K,N,C,N,CAVVAX010000033.1_70,15.0
GB_GCA_963814825.1,CAWFEF010000005.1_312_A,C,C,C,Q,H,C,H,CAWFEF010000005.1_312,24.0
GB_GCA_964443845.1,CAYUFA010000078.1_5_A,C,C,C,Q,H,C,H,CAYUFA010000078.1_5,24.0
GB_GCA_964499365.1,CAZCKU010000005.1_140_A,C,C,C,Q,H,C,H,CAZCKU010000005.1_140,24.0
GB_GCA_965211775.1,OZ242974.1_1296_A,C,C,C,Q,H,C,H,OZ242974.1_1296,24.0
RS_GCF_000179635.2,NC_014833.1_2465_A,C,C,C,W,F,C,G,NC_014833.1_2465,19.0
RS_GCF_000495435.3,NZ_AXUN02000180.1_27_A,C,C,C,Q,H,C,H,NZ_AXUN02000180.1_27,24.0
RS_GCF_000621605.1,NZ_JHXX01000004.1_20_A,C,C,C,W,F,C,A,NZ_JHXX01000004.1_20,19.0
RS_GCF_000974365.1,NZ_BAZW01000003.1_121_A,C,C,C,Q,H,C,H,NZ_BAZW01000003.1_121,24.0
RS_GCF_001641635.1,NZ_LUUB01000073.1_19_A,C,C,C,Q,H,C,H,NZ_LUUB01000073.1_19,24.0
RS_GCF_002029255.1,NZ_MZGT01000029.1_5_A,C,C,C,W,F,C,G,NZ_MZGT01000029.1_5,19.0
RS_GCF_003574135.1,NZ_AP018341.1_1624_A,C,C,C,Q,H,C,H,NZ_AP018341.1_1624,24.0
RS_GCF_003967015.1,NZ_AP017564.1_46_A,C,C,C,Q,H,C,H,NZ_AP017564.1_46,24.0
RS_GCF_004766055.1,NZ_SPQR01000006.1_24_A,C,C,C,Q,H,C,H,NZ_SPQR01000006.1_24,24.0
RS_GCF_006980715.1,NZ_SBHN01000005.1_119_A,C,C,C,Q,H,C,H,NZ_SBHN01000005.1_119,24.0
RS_GCF_008364825.1,NZ_VTTO01000003.1_53_A,C,C,C,Q,H,C,H,NZ_VTTO01000003.1_53,24.0
RS_GCF_009720735.1,NZ_WNKU01000009.1_57_A,C,C,C,Q,H,C,H,NZ_WNKU01000009.1_57,24.0
RS_GCF_010882175.1,NZ_WKLH01000003.1_668_A,C,C,C,Q,H,C,H,NZ_WKLH01000003.1_668,24.0
RS_GCF_012972705.2,NZ_JABCSC020000001.1_1323_A,C,C,C,Q,H,C,H,NZ_JABCSC020000001.1_1323,24.0
RS_GCF_014698475.1,NZ_JACJTB010000012.1_109_A,C,C,C,Q,H,C,H,NZ_JACJTB010000012.1_109,24.0
RS_GCF_018736085.1,NZ_CP076134.1_1651_A,C,C,C,Q,H,C,H,NZ_CP076134.1_1651,24.0
RS_GCF_025290835.2,NZ_JAOCQD020000004.1_219_A,C,C,C,Q,H,C,H,NZ_JAOCQD020000004.1_219,24.0
RS_GCF_026805325.1,NZ_JAPRAT010000021.1_46_A,C,C,C,Q,H,C,H,NZ_JAPRAT010000021.1_46,24.0
RS_GCF_036504375.1,NZ_DASXVH010000066.1_22_A,C,C,C,Q,H,C,H,NZ_DASXVH010000066.1_22,24.0
RS_GCF_039544265.1,NZ_BAABLI010000007.1_73_A,C,C,C,Q,H,C,H,NZ_BAABLI010000007.1_73,24.0
RS_GCF_041080865.1,NZ_CP160906.1_1718_A,C,C,C,Q,H,C,H,NZ_CP160906.1_1718,24.0
RS_GCF_051660965.1,NZ_JBPVIS010000002.1_493_A,C,C,C,Q,H,C,H,NZ_JBPVIS010000002.1_493,24.0
RS_GCF_900112775.1,NZ_FOYZ01000001.1_321_A,C,C,C,Q,H,C,H,NZ_FOYZ01000001.1_321,24.0
RS_GCF_903933125.1,NZ_CAIZIZ010000369.1_9_A,C,C,C,Q,H,C,H,NZ_CAIZIZ010000369.1_9,24.0
GB_GCA_963785285.1,CAWAUS010000002.1_550_A,C,C,C,Q,H,C,H,CAWAUS010000002.1_550,24.0
RS_GCF_018502485.1,NZ_CP075546.1_1937_A,C,C,C,Q,H,C,H,NZ_CP075546.1_1937,24.0
GB_GCA_002413395.1,DHWX01000009.1_49_A,C,C,C,Q,H,C,H,DHWX01000009.1_49,24.0
GB_GCA_003094535.1,NATV01000056.1_12_A,C,C,C,Q,H,C,H,NATV01000056.1_12,24.0
GB_GCA_013041765.1,JABDRL010000192.1_4_A,C,C,C,Q,H,C,H,JABDRL010000192.1_4,24.0
GB_GCA_013336165.1,JAAXUF010000009.1_34_A,C,C,C,Q,H,C,H,JAAXUF010000009.1_34,24.0
GB_GCA_014859605.1,JACUTW010000040.1_20_A,C,C,C,Q,H,C,H,JACUTW010000040.1_20,24.0
GB_GCA_015295905.1,DVEB01000153.1_21_A,C,C,C,Q,H,C,H,DVEB01000153.1_21,24.0
GB_GCA_016714605.1,JADKDL010000007.1_69_A,C,C,C,Q,H,C,H,JADKDL010000007.1_69,24.0
GB_GCA_020049015.1,JAIFLP010000130.1_16_A,C,C,C,Q,H,C,H,JAIFLP010000130.1_16,24.0
GB_GCA_021373185.1,JAJFTF010000032.1_17_A,C,C,C,Q,H,C,H,JAJFTF010000032.1_17,24.0
GB_GCA_021791095.1,JAJYXG010000122.1_3_A,C,C,C,Q,H,C,H,JAJYXG010000122.1_3,24.0
GB_GCA_023435305.1,JAEYRV010000015.1_6_A,C,C,C,Q,H,C,H,JAEYRV010000015.1_6,24.0
GB_GCA_024762235.1,JANTHT010000014.1_3_A,C,C,C,Q,H,C,H,JANTHT010000014.1_3,24.0
GB_GCA_030698225.1,JAUYNR010000028.1_22_A,C,C,C,Q,H,C,H,JAUYNR010000028.1_22,24.0
GB_GCA_040506705.1,JBEVWG010000046.1_5_A,C,C,C,Q,H,C,H,JBEVWG010000046.1_5,24.0
GB_GCA_902761225.1,CACWJQ010000026.1_1_A,C,C,C,W,F,C,-,CACWJQ010000026.1_1,18.0
GB_GCA_946537885.1,CAMNGC010000031.1_5_A,C,C,C,W,F,C,-,CAMNGC010000031.1_5,18.0
GB_GCA_963674795.2,CAXXCO010000002.1_2933_A,C,C,C,Q,H,C,H,CAXXCO010000002.1_2933,24.0
GB_GCA_963677275.1,OY781920.1_2158_A,C,C,C,Q,H,C,H,OY781920.1_2158,24.0
GB_GCA_963791145.1,CAWBRT010000019.1_11_A,C,C,C,Q,H,C,H,CAWBRT010000019.1_11,24.0
GB_GCA_963845295.1,CAWJRP010000019.1_72_A,-,-,C,Q,H,C,H,CAWJRP010000019.1_72,16.0
GB_GCA_964559815.1,CAZLJN010000057.1_6_A,C,C,C,Q,H,C,H,CAZLJN010000057.1_6,24.0
RS_GCF_000014965.1,NC_008554.1_1038_A,C,C,C,Q,H,C,H,NC_008554.1_1038,24.0
RS_GCF_000496735.2,NZ_AYLO01000018.1_30_A,C,C,C,Q,H,C,H,NZ_AYLO01000018.1_30,24.0
RS_GCF_000758525.1,NZ_CP009241.1_5527_A,C,C,C,Q,H,C,H,NZ_CP009241.1_5527,24.0
RS_GCF_003201595.1,NZ_QJJS01000014.1_55_A,C,C,C,Q,H,C,H,NZ_QJJS01000014.1_55,24.0
RS_GCF_015291745.1,NZ_CP030060.1_690_A,C,C,C,Q,H,C,H,NZ_CP030060.1_690,24.0
RS_GCF_016653315.1,NZ_NHSH01000057.1_64_A,C,C,C,Q,H,C,H,NZ_NHSH01000057.1_64,24.0
RS_GCF_017876795.1,NZ_JAGIOR010000001.1_1672_A,C,C,C,Q,H,C,H,NZ_JAGIOR010000001.1_1672,24.0
RS_GCF_020524285.1,NZ_JAIVKX010000009.1_162_A,C,C,C,Q,H,C,H,NZ_JAIVKX010000009.1_162,24.0
RS_GCF_023983615.1,NZ_CP098611.1_3398_A,C,C,C,Q,H,C,H,NZ_CP098611.1_3398,24.0
RS_GCF_026810225.1,NZ_CP113865.1_430_A,C,C,C,Q,H,C,H,NZ_CP113865.1_430,24.0
RS_GCF_029318685.1,NZ_CP119677.1_2864_A,C,C,C,Q,H,C,H,NZ_CP119677.1_2864,24.0
RS_GCF_032489875.1,NZ_JAUEYW010000030.1_44_A,C,C,C,Q,H,C,H,NZ_JAUEYW010000030.1_44,24.0
RS_GCF_903946935.1,NZ_CAJAXH010000151.1_24_A,C,C,C,Q,H,C,H,NZ_CAJAXH010000151.1_24,24.0
GB_GCA_030650845.1,JAUSDC010000004.1_17_A,C,C,C,Q,H,C,H,JAUSDC010000004.1_17,24.0
RS_GCF_000969905.1,NZ_CP009520.1_975_A,C,C,C,Q,H,C,H,NZ_CP009520.1_975,24.0
GB_GCA_001603055.1,LVAZ01000212.1_9_A,C,C,C,Q,H,C,H,LVAZ01000212.1_9,24.0
GB_GCA_002368175.1,AP018172.1_4193_A,C,C,C,Q,H,C,H,AP018172.1_4193,24.0
GB_GCA_002414225.1,DHYV01000024.1_161_A,C,C,C,Q,H,C,H,DHYV01000024.1_161,24.0
GB_GCA_013041835.1,JABDRH010000645.1_3_A,C,C,C,Q,H,C,H,JABDRH010000645.1_3,24.0
GB_GCA_015295905.1,DVEB01000153.1_7_A,C,C,C,Q,H,C,H,DVEB01000153.1_7,24.0
GB_GCA_016195125.1,JACQAD010000102.1_19_A,C,C,C,Q,H,C,H,JACQAD010000102.1_19,24.0
GB_GCA_021821285.1,JAKACQ010000009.1_24_A,C,C,C,Q,H,C,H,JAKACQ010000009.1_24,24.0
GB_GCA_023396465.1,JAEWWF010000177.1_5_A,C,C,C,Q,H,C,H,JAEWWF010000177.1_5,24.0
GB_GCA_024401025.1,JAKSLV010000090.1_7_A,C,C,C,W,F,C,A,JAKSLV010000090.1_7,19.0
GB_GCA_030065615.1,JASJDR010000028.1_36_A,C,C,C,Q,H,C,H,JASJDR010000028.1_36,24.0
GB_GCA_031278415.1,JAITKN010000035.1_10_A,C,C,C,Q,H,C,H,JAITKN010000035.1_10,24.0
GB_GCA_035447285.1,DAOTGT010000150.1_7_A,C,C,C,Q,H,C,H,DAOTGT010000150.1_7,24.0
GB_GCA_040506775.1,JBEVWC010000002.1_339_A,C,C,C,Q,H,C,H,JBEVWC010000002.1_339,24.0
GB_GCA_041641555.1,JBEPYC010000152.1_6_A,C,C,C,Q,H,C,H,JBEPYC010000152.1_6,24.0
GB_GCA_041739325.1,JBGSOB010000100.1_44_A,C,C,C,Q,H,C,H,JBGSOB010000100.1_44,24.0
GB_GCA_050288305.1,JBNKDO010000062.1_132_A,C,C,C,Q,H,C,H,JBNKDO010000062.1_132,24.0
GB_GCA_900111435.1,FOIY01000003.1_135_A,C,C,C,W,F,C,A,FOIY01000003.1_135,19.0
GB_GCA_903845365.1,CAIMXI010000035.1_34_A,C,C,C,Q,H,C,H,CAIMXI010000035.1_34,24.0
GB_GCA_903876445.1,CAIQZX010000182.1_37_A,C,C,C,Q,H,C,H,CAIQZX010000182.1_37,24.0
GB_GCA_963556075.3,CAUVYB020000002.1_4424_A,C,C,C,Q,H,C,H,CAUVYB020000002.1_4424,24.0
GB_GCA_963674805.2,CAXXNY010000027.1_10_A,C,C,C,Q,H,C,H,CAXXNY010000027.1_10,24.0
GB_GCA_963701015.1,OY969556.1_2763_A,C,C,C,Q,H,C,H,OY969556.1_2763,24.0
GB_GCA_964417645.1,CAYQIS010000018.1_40_A,C,C,C,Q,H,C,H,CAYQIS010000018.1_40,24.0
GB_GCA_964622705.1,CAZUSH010000052.1_5_A,C,C,C,Q,H,C,H,CAZUSH010000052.1_5,24.0
RS_GCF_000244895.1,NZ_CM001441.1_4628_A,C,C,C,Q,H,C,H,NZ_CM001441.1_4628,24.0
RS_GCF_000425625.1,NZ_KE384413.1_109_A,C,C,C,Q,H,C,H,NZ_KE384413.1_109,24.0
RS_GCF_000621605.1,NZ_JHXX01000004.1_24_A,C,C,C,C,F,C,L,NZ_JHXX01000004.1_24,19.0
RS_GCF_000974685.2,NZ_AP018738.1_955_A,C,C,C,Q,H,C,H,NZ_AP018738.1_955,24.0
RS_GCF_001854785.1,NZ_MDFL01000007.1_3_A,C,C,C,Q,H,C,H,NZ_MDFL01000007.1_3,24.0
RS_GCF_004319545.1,NZ_CP036313.1_694_A,C,C,C,Q,H,C,H,NZ_CP036313.1_694,24.0
RS_GCF_007003975.1,NZ_VFTC01000029.1_56_A,C,C,C,Q,H,C,H,NZ_VFTC01000029.1_56,24.0
RS_GCF_008365375.1,NZ_QOKW01000007.1_32_A,C,C,C,Q,H,C,H,NZ_QOKW01000007.1_32,24.0
RS_GCF_015353075.1,NZ_CP064191.1_157_A,C,C,C,Q,H,C,H,NZ_CP064191.1_157,24.0
RS_GCF_019649015.1,NZ_BLPI01000001.1_3781_A,C,C,C,Q,H,C,H,NZ_BLPI01000001.1_3781,24.0
RS_GCF_026810225.1,NZ_CP113865.1_432_A,C,C,C,Q,H,C,P,NZ_CP113865.1_432,22.0
RS_GCF_030160895.1,NZ_BSPF01000063.1_9_A,C,C,C,Q,H,C,H,NZ_BSPF01000063.1_9,24.0
RS_GCF_039545435.1,NZ_BRPJ01000010.1_73_A,C,C,C,Q,H,C,H,NZ_BRPJ01000010.1_73,24.0
RS_GCF_043195105.1,NZ_JBAFWO010000002.1_524_A,C,C,C,Q,H,C,H,NZ_JBAFWO010000002.1_524,24.0
RS_GCF_046254905.1,NZ_CP158016.1_1063_A,C,C,C,Q,H,C,H,NZ_CP158016.1_1063,24.0
RS_GCF_049974805.1,NZ_JBNGCO010000047.1_6_A,C,C,C,Q,H,C,H,NZ_JBNGCO010000047.1_6,24.0
RS_GCF_900142935.1,NZ_FSRS01000001.1_102_A,C,C,C,Q,H,C,H,NZ_FSRS01000001.1_102,24.0
RS_GCF_900199545.1,NZ_LT962670.1_206_A,C,C,C,-,W,S,L,NZ_LT962670.1_206,15.0
GB_GCA_039666455.1,JAVSLW010000005.1_39_A,C,C,C,Q,H,C,H,JAVSLW010000005.1_39,24.0
GB_GCA_002307215.1,DBTU01000053.1_105_A,C,C,C,Q,H,C,H,DBTU01000053.1_105,24.0
GB_GCA_002368195.1,AP018178.1_269_A,C,C,C,Q,H,C,H,AP018178.1_269,24.0
GB_GCA_003250235.1,QKGY01000297.1_5_A,C,C,C,Q,H,C,H,QKGY01000297.1_5,24.0
GB_GCA_011391255.1,JAABQV010000010.1_85_A,C,C,C,Q,H,C,H,JAABQV010000010.1_85,24.0
GB_GCA_014859645.1,JACUTV010000115.1_4_A,C,C,C,Q,H,C,H,JACUTV010000115.1_4,24.0
GB_GCA_016219425.1,JACRNB010000007.1_243_A,C,C,C,Q,H,C,H,JACRNB010000007.1_243,24.0
GB_GCA_020049335.1,JAIFKX010000013.1_2_A,C,C,C,Q,H,C,H,JAIFKX010000013.1_2,24.0
GB_GCA_020721065.1,DYNM01000009.1_12_A,C,C,C,Q,H,C,H,DYNM01000009.1_12,24.0
GB_GCA_021791195.1,JAJYXB010000019.1_131_A,C,C,C,Q,H,C,H,JAJYXB010000019.1_131,24.0
GB_GCA_023417475.1,JAEZFP010000068.1_311_A,C,C,C,Q,H,C,H,JAEZFP010000068.1_311,24.0
GB_GCA_024762475.1,JANTHJ010000050.1_21_A,C,C,C,Q,H,C,H,JANTHJ010000050.1_21,24.0
GB_GCA_031292075.1,JARLHW010000143.1_22_A,C,C,C,Q,H,C,H,JARLHW010000143.1_22,24.0
GB_GCA_035621215.1,CP141729.1_64_A,C,C,C,Q,H,C,H,CP141729.1_64,24.0
GB_GCA_036391375.1,DASWAB010000184.1_10_A,C,C,C,Q,H,C,H,DASWAB010000184.1_10,24.0
GB_GCA_037383745.1,JARROQ010000005.1_41_A,C,C,C,Q,H,C,H,JARROQ010000005.1_41,24.0
GB_GCA_041641735.1,JBEPXU010000017.1_4_A,C,C,C,Q,H,C,H,JBEPXU010000017.1_4,24.0
GB_GCA_050049775.1,JASFVP010000007.1_19_A,C,C,C,Q,H,C,H,JASFVP010000007.1_19,24.0
GB_GCA_050288425.1,JBNKDU010000088.1_28_A,C,C,C,Q,H,C,H,JBNKDU010000088.1_28,24.0
GB_GCA_900112785.1,FONB01000005.1_280_A,C,C,C,Q,H,C,H,FONB01000005.1_280,24.0
GB_GCA_902797535.1,CADBTD010000242.1_6_A,C,C,C,W,F,C,-,CADBTD010000242.1_6,18.0
GB_GCA_919901555.1,CAKKPG010000203.1_24_A,C,C,C,Q,H,C,H,CAKKPG010000203.1_24,24.0
GB_GCA_964444065.1,CAYUFL010000001.1_63_A,C,C,C,Q,H,C,H,CAYUFL010000001.1_63,24.0
RS_GCF_000025485.1,NC_013851.1_1866_A,C,C,C,Q,H,C,H,NC_013851.1_1866,24.0
RS_GCF_000244915.1,NZ_CM001442.1_1331_A,C,C,C,Q,H,C,H,NZ_CM001442.1_1331,24.0
RS_GCF_000374165.1,NZ_KB893720.1_64_A,C,C,C,Q,H,C,H,NZ_KB893720.1_64,24.0
RS_GCF_002029255.1,NZ_MZGT01000078.1_9_A,C,C,C,Q,H,C,H,NZ_MZGT01000078.1_9,24.0
RS_GCF_002257695.2,NZ_CP155571.1_5108_A,C,C,C,Q,H,C,H,NZ_CP155571.1_5108,24.0
RS_GCF_002995845.1,NZ_PVXP01000044.1_4_A,C,C,C,Q,H,C,H,NZ_PVXP01000044.1_4,24.0
RS_GCF_003968655.1,NZ_RXYK01000004.1_47_A,C,C,C,Q,H,C,H,NZ_RXYK01000004.1_47,24.0
RS_GCF_004319545.1,NZ_CP036313.1_3066_A,C,C,C,Q,H,C,H,NZ_CP036313.1_3066,24.0
RS_GCF_012972705.2,NZ_JABCSC020000005.1_186_A,C,C,C,Q,H,C,H,NZ_JABCSC020000005.1_186,24.0
RS_GCF_018777385.1,NZ_JAFJYB010000003.1_626_A,C,C,C,Q,H,C,-,NZ_JAFJYB010000003.1_626,21.0
RS_GCF_020524485.1,NZ_JAIVLF010000003.1_480_A,C,C,C,Q,H,C,H,NZ_JAIVLF010000003.1_480,24.0
RS_GCF_024054555.1,NZ_JAMXLY010000014.1_2_A,C,C,C,Q,H,C,H,NZ_JAMXLY010000014.1_2,24.0
RS_GCF_030813795.1,NZ_JAUSUX010000013.1_16_A,C,C,C,Q,H,C,-,NZ_JAUSUX010000013.1_16,21.0
RS_GCF_036508315.1,NZ_DATCHP010000002.1_16_A,C,C,C,Q,H,C,H,NZ_DATCHP010000002.1_16,24.0
RS_GCF_049985285.1,NZ_JBNIEU010000001.1_595_A,C,C,C,Q,H,C,H,NZ_JBNIEU010000001.1_595,24.0
RS_GCF_051710265.1,NZ_JASVEN010000004.1_548_A,C,C,C,Q,H,C,H,NZ_JASVEN010000004.1_548,24.0
RS_GCF_900104415.1,NZ_FMXR01000014.1_84_A,C,C,C,W,F,C,-,NZ_FMXR01000014.1_84,18.0
RS_GCF_900200035.1,NZ_FZTC01000021.1_31_A,C,C,C,Q,H,C,H,NZ_FZTC01000021.1_31,24.0
RS_GCF_904426505.1,NZ_CAJGBN010000011.1_20_A,C,C,C,Q,H,C,H,NZ_CAJGBN010000011.1_20,24.0
GB_GCA_025464325.1,JAODGH010000033.1_9_A,C,C,C,Q,H,C,H,JAODGH010000033.1_9,24.0
GB_GCA_963785515.1,CAWAVR010000045.1_73_A,C,C,C,Q,H,C,H,CAWAVR010000045.1_73,24.0
GB_GCA_014860175.1,JACZKF010000051.1_3_A,C,C,C,Q,H,C,H,JACZKF010000051.1_3,24.0
GB_GCA_016195465.1,JACPZO010000030.1_20_A,C,C,C,Q,H,C,H,JACPZO010000030.1_20,24.0
GB_GCA_018606805.1,JAGYWI010000039.1_2_A,C,C,C,Q,H,C,H,JAGYWI010000039.1_2,24.0
GB_GCA_027065695.1,JAMONP010000008.1_29_A,C,C,C,Q,H,C,H,JAMONP010000008.1_29,24.0
GB_GCA_027859195.1,JAQIBF010000068.1_3_A,C,C,C,Q,H,C,H,JAQIBF010000068.1_3,24.0
GB_GCA_028714875.1,JAQTLN010000019.1_58_A,C,C,C,Q,H,C,H,JAQTLN010000019.1_58,24.0
GB_GCA_030698405.1,JAUYMU010000063.1_21_A,C,C,C,Q,H,C,H,JAUYMU010000063.1_21,24.0
GB_GCA_033762415.1,JANRLR010000002.1_56_A,C,C,C,Q,H,C,H,JANRLR010000002.1_56,24.0
GB_GCA_035621895.1,DASPWJ010000106.1_2_A,C,C,C,Q,H,C,H,DASPWJ010000106.1_2,24.0
GB_GCA_036770645.1,DAIPIU010000005.1_33_A,C,C,C,Q,H,C,H,DAIPIU010000005.1_33,24.0
GB_GCA_045864775.1,BTVR01000001.1_375_A,C,C,C,Q,H,C,H,BTVR01000001.1_375,24.0
GB_GCA_049603835.1,JBMYSZ010000026.1_48_A,C,C,C,Q,H,C,H,JBMYSZ010000026.1_48,24.0
GB_GCA_050330335.1,JBHJNX010000051.1_32_A,C,C,C,Q,H,C,H,JBHJNX010000051.1_32,24.0
GB_GCA_903876625.1,CAIRAO010000136.1_5_A,C,C,C,Q,H,C,H,CAIRAO010000136.1_5,24.0
GB_GCA_903945325.1,CAJAVE010000221.1_25_A,C,C,C,Q,H,C,H,CAJAVE010000221.1_25,24.0
GB_GCA_919902495.1,CAKKRC010000045.1_53_A,C,C,C,Q,H,C,H,CAKKRC010000045.1_53,24.0
GB_GCA_963556115.3,CAUVYI020000008.1_127_A,C,C,C,Q,H,C,H,CAUVYI020000008.1_127,24.0
GB_GCA_963677295.1,OY781931.1_918_A,C,C,C,Q,H,C,H,OY781931.1_918,24.0
GB_GCA_963723955.1,CAVRSU010000018.1_132_A,C,C,C,Q,H,C,H,CAVRSU010000018.1_132,24.0
GB_GCA_963746935.1,CAVVDU010000032.1_115_A,C,C,C,Q,H,C,H,CAVVDU010000032.1_115,24.0
GB_GCA_963767435.1,CAVYEY010000033.1_31_A,C,C,C,Q,H,C,H,CAVYEY010000033.1_31,24.0
GB_GCA_963791805.1,CAWBTU010000006.1_1018_A,C,C,C,Q,H,C,H,CAWBTU010000006.1_1018,24.0
GB_GCA_964468865.1,CAYXWQ010000003.1_20_A,C,C,C,Q,H,C,H,CAYXWQ010000003.1_20,24.0
GB_GCA_964559825.1,CAZLJK010000025.1_23_A,C,C,C,Q,H,C,H,CAZLJK010000025.1_23,24.0
GB_GCA_965373035.1,CBDVEP010000001.1_47_A,C,C,C,Q,H,C,H,CBDVEP010000001.1_47,24.0
RS_GCF_000015045.1,NC_008609.1_3429_A,C,C,C,Q,H,C,H,NC_008609.1_3429,24.0
RS_GCF_000183135.1,NC_014734.1_1435_A,C,C,C,Q,H,C,H,NC_014734.1_1435,24.0
RS_GCF_000621665.1,NZ_JHXQ01000006.1_110_A,C,C,C,Q,H,C,H,NZ_JHXQ01000006.1_110,24.0
RS_GCF_002795245.1,NZ_PGVG01000016.1_46_A,C,C,C,Q,H,C,H,NZ_PGVG01000016.1_46,24.0
RS_GCF_003201855.1,NZ_QJKI01000003.1_214_A,C,C,C,Q,H,C,H,NZ_QJKI01000003.1_214,24.0
RS_GCF_004791165.1,NZ_SRUZ01000002.1_566_A,C,C,C,Q,H,C,H,NZ_SRUZ01000002.1_566,24.0
RS_GCF_010907035.1,NZ_QUMK01000012.1_40_A,C,C,C,Q,H,C,H,NZ_QUMK01000012.1_40,24.0
RS_GCF_013019105.1,NZ_BLTE01000002.1_219_A,C,C,C,Q,H,C,H,NZ_BLTE01000002.1_219,24.0
RS_GCF_013416775.1,NZ_SZVI01000001.1_267_A,C,C,C,Q,H,C,H,NZ_SZVI01000001.1_267,24.0
RS_GCF_017876815.1,NZ_JAGIOS010000003.1_579_A,C,C,C,Q,H,C,H,NZ_JAGIOS010000003.1_579,24.0
RS_GCF_026914285.1,NZ_CP113864.1_2287_A,C,C,C,Q,H,C,P,NZ_CP113864.1_2287,22.0
RS_GCF_030813795.1,NZ_JAUSUX010000013.1_18_A,-,C,C,Q,H,C,H,NZ_JAUSUX010000013.1_18,20.0
RS_GCF_039631295.1,NZ_JBDIVE010000010.1_115_A,C,C,C,Q,H,C,H,NZ_JBDIVE010000010.1_115,24.0
RS_GCF_041197575.1,NZ_JBDKXB010000011.1_76_A,C,C,C,Q,H,C,H,NZ_JBDKXB010000011.1_76,24.0
GB_GCA_030653335.1,JAURZP010000061.1_14_A,C,C,C,Q,H,C,H,JAURZP010000061.1_14,24.0
GB_GCA_002067965.1,MVRN01000118.1_13_A,C,C,C,Q,H,C,H,MVRN01000118.1_13,24.0
GB_GCA_002753155.1,PDZW01000001.1_58_A,C,C,C,Q,H,C,H,PDZW01000001.1_58,24.0
GB_GCA_015295985.1,DVDX01000023.1_45_A,C,C,C,Q,H,C,H,DVDX01000023.1_45,24.0
GB_GCA_016714645.1,JADKCI010000001.1_1065_A,C,C,C,Q,H,C,H,JADKCI010000001.1_1065,24.0
GB_GCA_016927285.1,JAFGMZ010000066.1_6_A,C,C,C,Q,H,C,H,JAFGMZ010000066.1_6,24.0
GB_GCA_020049575.1,JAIFKM010000218.1_13_A,C,C,C,Q,H,C,H,JAIFKM010000218.1_13,24.0
GB_GCA_021647905.1,JAKITW010000014.1_15_A,C,C,C,Q,H,C,H,JAKITW010000014.1_15,24.0
GB_GCA_021821885.1,JAKARO010000010.1_51_A,C,C,C,Q,H,C,H,JAKARO010000010.1_51,24.0
GB_GCA_023396615.1,JAEWVM010000215.1_4_A,C,C,C,Q,H,C,H,JAEWVM010000215.1_4,24.0
GB_GCA_023417745.1,JAEZEM010000192.1_14_A,C,C,C,Q,H,C,H,JAEZEM010000192.1_14,24.0
GB_GCA_024762585.1,JANTHE010000024.1_8_A,C,C,C,Q,H,C,H,JANTHE010000024.1_8,24.0
GB_GCA_028714995.1,JAQTLI010000101.1_9_A,C,C,C,Q,H,C,H,JAQTLI010000101.1_9,24.0
GB_GCA_031258035.1,JAIRNL010000255.1_4_A,C,C,C,Q,H,C,H,JAIRNL010000255.1_4,24.0
GB_GCA_036391435.1,DASVZX010000191.1_6_A,C,C,C,Q,H,C,H,DASVZX010000191.1_6,24.0
GB_GCA_040506895.1,JBEVVY010000001.1_1083_A,C,C,C,Q,H,C,H,JBEVVY010000001.1_1083,24.0
GB_GCA_049604415.1,JBMYTN010000021.1_41_A,C,C,C,Q,H,C,H,JBMYTN010000021.1_41,24.0
GB_GCA_900149785.2,FSSI02000041.1_19_A,C,C,C,Q,H,C,H,FSSI02000041.1_19,24.0
GB_GCA_900766135.1,CAAFUF010000029.1_13_A,C,C,C,Q,H,C,H,CAAFUF010000029.1_13,24.0
GB_GCA_902797675.1,CADBTR010000122.1_11_A,C,C,C,W,F,C,A,CADBTR010000122.1_11,19.0
GB_GCA_903845935.1,CAIMZI010000125.1_68_A,C,C,C,Q,H,C,H,CAIMZI010000125.1_68,24.0
GB_GCA_903945375.1,CAJAVP010000005.1_30_A,C,C,C,Q,H,C,H,CAJAVP010000005.1_30,24.0
GB_GCA_942491615.1,CALOCH010000026.1_157_A,C,C,C,Q,H,C,H,CALOCH010000026.1_157,24.0
GB_GCA_947307175.1,CAMZIK010000001.1_30_A,C,C,C,W,F,C,G,CAMZIK010000001.1_30,19.0
GB_GCA_963665095.1,OY762069.1_4160_A,C,C,C,Q,H,C,H,OY762069.1_4160,24.0
GB_GCA_963674835.2,CAXXKC010000002.1_465_A,C,C,C,Q,H,C,H,CAXXKC010000002.1_465,24.0
GB_GCA_963724735.1,CAVRVX010000031.1_9_A,C,C,C,Q,H,C,H,CAVRVX010000031.1_9,24.0
GB_GCA_963747015.1,CAVVEP010000037.1_71_A,C,C,C,Q,H,C,H,CAVVEP010000037.1_71,24.0
RS_GCF_000426225.1,NZ_AUEY01000015.1_16_A,C,C,C,Q,H,C,H,NZ_AUEY01000015.1_16,24.0
RS_GCF_001641695.1,NZ_LSEF01000026.1_106_A,C,C,C,Q,H,C,H,NZ_LSEF01000026.1_106,24.0
RS_GCF_008365405.1,NZ_QOKV01000016.1_86_A,C,C,C,Q,H,C,H,NZ_QOKV01000016.1_86,24.0
RS_GCF_020525925.1,NZ_CP084876.1_1636_A,C,C,C,Q,H,C,H,NZ_CP084876.1_1636,24.0
RS_GCF_022818885.1,NZ_JALHAT010000012.1_127_A,C,C,C,Q,H,C,H,NZ_JALHAT010000012.1_127,24.0
RS_GCF_026914285.1,NZ_CP113864.1_2289_A,C,C,C,Q,H,C,H,NZ_CP113864.1_2289,24.0
RS_GCF_030161115.1,NZ_BSPQ01000026.1_11_A,C,C,C,Q,H,C,H,NZ_BSPQ01000026.1_11,24.0
RS_GCF_032813545.1,NZ_CP136520.1_438_A,C,C,C,Q,H,C,H,NZ_CP136520.1_438,24.0
RS_GCF_034931425.1,NZ_JAYGHQ010000004.1_223_A,C,C,C,Q,H,C,H,NZ_JAYGHQ010000004.1_223,24.0
RS_GCF_049995385.1,NZ_CP188261.1_1763_A,C,C,C,Q,H,C,H,NZ_CP188261.1_1763,24.0
RS_GCF_900104445.1,NZ_FNJI01000011.1_33_A,C,C,C,Q,H,C,H,NZ_FNJI01000011.1_33,24.0
RS_GCF_900205865.1,NZ_LT906662.1_2617_A,C,C,C,Q,H,C,H,NZ_LT906662.1_2617,24.0
RS_GCF_904848585.1,NZ_CAJHCR010000029.1_49_A,C,C,C,Q,H,C,H,NZ_CAJHCR010000029.1_49,24.0
RS_GCF_963662805.2,NZ_CAXXOW010000004.1_83_A,C,C,C,Q,H,C,H,NZ_CAXXOW010000004.1_83,24.0
RS_GCF_019669925.1,NZ_AP019779.1_885_A,C,C,C,Q,H,C,H,NZ_AP019779.1_885,24.0
GB_GCA_001603335.1,LUYR01000161.1_4_A,C,C,C,Q,H,C,H,LUYR01000161.1_4,24.0
GB_GCA_002368195.1,AP018178.1_3428_A,C,C,C,Q,H,C,H,AP018178.1_3428,24.0
GB_GCA_002417975.1,DIDE01000065.1_18_A,C,C,C,Q,H,C,H,DIDE01000065.1_18,24.0
GB_GCA_002753185.1,PDZX01000045.1_11_A,C,C,C,Q,H,C,H,PDZX01000045.1_11,24.0
GB_GCA_003250275.1,QKGW01000110.1_5_A,C,C,C,Q,H,C,H,QKGW01000110.1_5,24.0
GB_GCA_009773645.1,WSYB01000018.1_148_A,C,C,C,Q,H,C,H,WSYB01000018.1_148,24.0
GB_GCA_013043915.1,JABEVH010000176.1_17_A,C,C,C,Q,H,C,H,JABEVH010000176.1_17,24.0
GB_GCA_015296075.1,DVDV01000047.1_14_A,C,C,C,Q,H,C,H,DVDV01000047.1_14,24.0
GB_GCA_016195565.1,JACPZK010000022.1_59_A,C,C,C,Q,H,C,H,JACPZK010000022.1_59,24.0
GB_GCA_019352135.1,JABBNX010000017.1_17_A,C,C,C,Q,H,C,H,JABBNX010000017.1_17,24.0
GB_GCA_021792185.1,JAJYVD010000002.1_73_A,C,C,C,Q,H,C,H,JAJYVD010000002.1_73,24.0
GB_GCA_023396625.1,JAEWVY010000026.1_6_A,C,C,C,Q,H,C,H,JAEWVY010000026.1_6,24.0
GB_GCA_028041985.1,JAOFNL010000023.1_2_A,C,C,C,Q,H,C,H,JAOFNL010000023.1_2,24.0
GB_GCA_031273395.1,JAISRX010000250.1_9_A,C,C,C,Q,H,C,H,JAISRX010000250.1_9,24.0
GB_GCA_031292095.1,JARLHU010000193.1_16_A,C,C,C,Q,H,C,H,JARLHU010000193.1_16,24.0
GB_GCA_034717895.1,JAYEMD010000067.1_5_A,C,C,C,Q,H,C,H,JAYEMD010000067.1_5,24.0
GB_GCA_046045965.1,JBJOKS010000001.1_98_A,C,C,C,Q,H,C,H,JBJOKS010000001.1_98,24.0
GB_GCA_963701255.1,OY969579.1_2224_A,C,C,C,Q,H,C,H,OY969579.1_2224,24.0
GB_GCA_963815815.1,CAWFIA010000011.1_271_A,C,C,C,Q,H,C,H,CAWFIA010000011.1_271,24.0
RS_GCF_000758605.1,NZ_CP009282.1_5404_A,C,C,C,Q,H,C,H,NZ_CP009282.1_5404,24.0
RS_GCF_000981585.1,NZ_LN831776.1_5466_A,C,C,C,Q,H,C,H,NZ_LN831776.1_5466,24.0
RS_GCF_001642325.1,NZ_LSFI01000005.1_39_A,-,C,C,Q,H,C,H,NZ_LSFI01000005.1_39,20.0
RS_GCF_001854885.1,NZ_MDDV01000014.1_81_A,C,C,C,Q,H,C,H,NZ_MDDV01000014.1_81,24.0
RS_GCF_002804065.1,NZ_CP024955.1_1593_A,C,C,C,Q,H,C,H,NZ_CP024955.1_1593,24.0
RS_GCF_003574655.1,NZ_QNUM01000005.1_142_A,C,C,C,Q,H,C,H,NZ_QNUM01000005.1_142,24.0
RS_GCF_004322395.1,NZ_SCTW01000147.1_11_A,C,C,C,Q,H,C,H,NZ_SCTW01000147.1_11,24.0
RS_GCF_004791585.1,NZ_SRUU01000042.1_15_A,C,C,C,Q,H,C,H,NZ_SRUU01000042.1_15,24.0
RS_GCF_015482705.1,NZ_JADMLA020000022.1_98_A,C,C,C,Q,H,C,H,NZ_JADMLA020000022.1_98,24.0
RS_GCF_016653355.1,NZ_NHSK01000090.1_50_A,C,C,C,Q,H,C,H,NZ_NHSK01000090.1_50,24.0
RS_GCF_017901135.1,NZ_CP072801.1_1412_A,C,C,C,Q,H,C,H,NZ_CP072801.1_1412,24.0
RS_GCF_019669905.1,NZ_AP019777.1_3373_A,C,C,C,Q,H,C,H,NZ_AP019777.1_3373,24.0
RS_GCF_021654335.1,NZ_AP023423.1_791_A,C,C,C,Q,H,C,H,NZ_AP023423.1_791,24.0
RS_GCF_024055605.1,NZ_JAMXLX010000012.1_55_A,C,C,C,Q,H,C,H,NZ_JAMXLX010000012.1_55,24.0
RS_GCF_026914305.1,NZ_CP113866.1_2111_A,C,C,C,Q,H,C,T,NZ_CP113866.1_2111,22.0
RS_GCF_900142955.1,NZ_FRCP01000009.1_183_A,C,C,C,Q,H,C,H,NZ_FRCP01000009.1_183,24.0
RS_GCF_900205865.1,NZ_LT906662.1_2619_A,C,C,C,Q,H,C,T,NZ_LT906662.1_2619,22.0
RS_GCF_963662885.2,NZ_CAXXKG010000011.1_50_A,C,C,C,Q,H,C,H,NZ_CAXXKG010000011.1_50,24.0
RS_GCF_049518935.1,NZ_JBEKRH010000020.1_26_A,C,C,C,Q,H,C,H,NZ_JBEKRH010000020.1_26,24.0
GB_GCA_013044025.1,JABEVD010000195.1_9_A,C,C,C,Q,H,C,H,JABEVD010000195.1_9,24.0
GB_GCA_013336525.1,JAAXTM010000002.1_332_A,C,C,C,Q,H,C,H,JAAXTM010000002.1_332,24.0
GB_GCA_014860225.1,JACZKE010000036.1_39_A,C,C,C,Q,H,C,H,JACZKE010000036.1_39,24.0
GB_GCA_019358915.1,JAHHIM010000065.1_262_A,C,C,C,Q,H,C,H,JAHHIM010000065.1_262,24.0
GB_GCA_026388665.1,JAPLJJ010000204.1_2_A,C,C,C,Q,H,C,H,JAPLJJ010000204.1_2,24.0
GB_GCA_028681335.1,JAQUIT010000001.1_75_A,C,C,C,Q,H,C,H,JAQUIT010000001.1_75,24.0
GB_GCA_028715055.1,JAQTLE010000003.1_355_A,C,C,C,Q,H,C,H,JAQTLE010000003.1_355,24.0
GB_GCA_030550675.1,JAUQOW010000155.1_6_A,C,C,C,Q,H,C,H,JAUQOW010000155.1_6,24.0
GB_GCA_030699385.1,JAUYMY010000052.1_21_A,C,C,C,Q,H,C,H,JAUYMY010000052.1_21,24.0
GB_GCA_031288415.1,JAITRL010000028.1_9_A,C,C,C,Q,H,C,H,JAITRL010000028.1_9,24.0
GB_GCA_035456105.1,DATIDV010000004.1_25_A,C,C,C,Q,H,C,H,DATIDV010000004.1_25,24.0
GB_GCA_040507035.1,JBEVVR010000014.1_168_A,C,C,C,Q,H,C,H,JBEVVR010000014.1_168,24.0
GB_GCA_041739985.1,JBGSMW010000012.1_13_A,C,C,C,Q,H,C,H,JBGSMW010000012.1_13,24.0
GB_GCA_047619065.1,JBLHNA010000015.1_25_A,C,C,C,Q,H,C,H,JBLHNA010000015.1_25,24.0
GB_GCA_051861145.1,JBHYDF010000036.1_12_A,C,C,C,Q,H,C,H,JBHYDF010000036.1_12,24.0
GB_GCA_903876685.1,CAIRBC010000355.1_8_A,C,C,C,Q,H,C,H,CAIRBC010000355.1_8,24.0
GB_GCA_903945605.1,CAJAWH010000133.1_31_A,C,C,C,Q,H,C,H,CAJAWH010000133.1_31,24.0
GB_GCA_947307175.1,CAMZIK010000142.1_3_A,C,C,C,W,F,C,-,CAMZIK010000142.1_3,18.0
GB_GCA_963677305.1,OY781925.1_1276_A,C,C,C,Q,H,C,H,OY781925.1_1276,24.0
GB_GCA_964390575.1,CAYMIP010000106.1_4_A,C,C,C,Q,H,C,H,CAYMIP010000106.1_4,24.0
GB_GCA_964418135.1,CAYQKZ010000055.1_3_A,C,C,C,Q,H,C,H,CAYQKZ010000055.1_3,24.0
RS_GCF_000015125.1,NC_008639.1_769_A,C,C,C,Q,H,C,H,NC_008639.1_769,24.0
RS_GCF_000183405.1,NC_014758.1_684_A,C,C,C,Q,H,C,H,NC_014758.1_684,24.0
RS_GCF_000245015.1,NZ_JH600070.1_1602_A,C,C,C,Q,H,C,H,NZ_JH600070.1_1602,24.0
RS_GCF_000374185.1,NZ_KB910518.1_543_A,C,C,C,Q,H,C,H,NZ_KB910518.1_543,24.0
RS_GCF_001642325.1,NZ_LSFI01000005.1_42_A,C,C,C,Q,H,C,P,NZ_LSFI01000005.1_42,22.0
RS_GCF_003985145.1,NZ_ML133540.1_36_A,C,C,C,Q,H,C,H,NZ_ML133540.1_36,24.0
RS_GCF_004327335.1,NZ_QJUO01000007.1_35_A,C,C,C,Q,H,C,H,NZ_QJUO01000007.1_35,24.0
RS_GCF_008520305.1,NZ_ML703276.1_44_A,C,C,C,Q,H,C,H,NZ_ML703276.1_44,24.0
RS_GCF_009720755.1,NZ_WNKV01000018.1_34_A,C,C,C,Q,H,C,H,NZ_WNKV01000018.1_34,24.0
RS_GCF_016653405.1,NZ_NHSN01000005.1_20_A,C,C,C,Q,H,C,H,NZ_NHSN01000005.1_20,24.0
RS_GCF_017901175.1,NZ_CP072793.1_1971_A,C,C,C,Q,H,C,H,NZ_CP072793.1_1971,24.0
RS_GCF_018780075.1,NZ_JADMKB010000003.1_166_A,C,C,C,Q,H,C,H,NZ_JADMKB010000003.1_166,24.0
RS_GCF_026914305.1,NZ_CP113866.1_2113_A,C,C,C,Q,H,C,H,NZ_CP113866.1_2113,24.0
RS_GCF_030813915.1,NZ_JAUSUJ010000017.1_79_A,C,C,C,Q,H,C,H,NZ_JAUSUJ010000017.1_79,24.0
RS_GCF_036528655.1,NZ_JAIGND010000015.1_24_A,C,C,C,Q,H,C,H,NZ_JAIGND010000015.1_24,24.0
RS_GCF_900113255.1,NZ_FOOR01000026.1_23_A,C,C,C,Q,H,C,H,NZ_FOOR01000026.1_23,24.0
GB_GCA_015520145.1,WAQR01000070.1_2_A,C,C,C,Q,H,C,H,WAQR01000070.1_2,24.0
GB_GCA_030656015.1,JAUSNX010000012.1_62_A,C,C,C,Q,H,C,H,JAUSNX010000012.1_62,24.0
GB_GCA_964592875.1,CAZQGG010000006.1_158_A,C,C,C,Q,H,C,H,CAZQGG010000006.1_158,24.0
RS_GCF_049554935.1,NZ_CP186926.1_510_A,C,C,C,Q,H,C,P,NZ_CP186926.1_510,22.0
GB_GCA_001603805.1,LUZY01000003.1_129_A,C,C,C,Q,H,C,H,LUZY01000003.1_129,24.0
GB_GCA_002307275.1,DBTX01000018.1_21_A,C,C,C,Q,H,C,H,DBTX01000018.1_21,24.0
GB_GCA_003133225.1,PKWL01000107.1_3_A,C,C,C,Q,H,C,H,PKWL01000107.1_3,24.0
GB_GCA_011391865.1,JAABPV010000013.1_14_A,C,C,C,Q,H,C,H,JAABPV010000013.1_14,24.0
GB_GCA_013347225.1,CP054595.1_1821_A,C,C,C,Q,H,C,H,CP054595.1_1821,24.0
GB_GCA_016222905.1,JACRPZ010000054.1_14_A,C,C,C,Q,H,C,H,JACRPZ010000054.1_14,24.0
GB_GCA_016714935.1,JADKBU010000062.1_18_A,C,C,C,Q,H,C,H,JADKBU010000062.1_18,24.0
GB_GCA_016928815.1,JAFGJZ010000012.1_37_A,C,C,C,Q,H,C,H,JAFGJZ010000012.1_37,24.0
GB_GCA_021730285.1,CP082962.1_3755_A,C,C,C,Q,H,C,H,CP082962.1_3755,24.0
GB_GCA_023417975.1,JAEZDX010000282.1_3_A,C,C,C,Q,H,C,H,JAEZDX010000282.1_3,24.0
GB_GCA_023453795.1,JAEXSP010000008.1_152_A,C,C,C,Q,H,C,H,JAEXSP010000008.1_152,24.0
GB_GCA_027067035.1,JAMOMO010000123.1_9_A,C,C,C,Q,H,C,H,JAMOMO010000123.1_9,24.0
GB_GCA_030065635.1,JASJDJ010000051.1_24_A,C,C,C,Q,H,C,H,JASJDJ010000051.1_24,24.0
GB_GCA_031258155.1,JAIRNH010000026.1_39_A,C,C,C,Q,H,C,H,JAIRNH010000026.1_39,24.0
GB_GCA_031265685.1,JAISCI010000096.1_2_A,C,C,C,W,F,C,G,JAISCI010000096.1_2,19.0
GB_GCA_033763515.1,JANRKJ010000030.1_464_A,C,C,C,Q,H,C,H,JANRKJ010000030.1_464,24.0
GB_GCA_035456445.1,DATIDF010000374.1_18_A,C,C,C,Q,H,C,H,DATIDF010000374.1_18,24.0
GB_GCA_039820525.1,JBCBPY010000062.1_6_A,C,C,C,Q,H,C,H,JBCBPY010000062.1_6,24.0
GB_GCA_041740615.1,JBGSLR010000096.1_116_A,C,C,C,Q,H,C,H,JBGSLR010000096.1_116,24.0
GB_GCA_903847155.1,CAINCU010000043.1_19_A,C,C,C,Q,H,C,H,CAINCU010000043.1_19,24.0
GB_GCA_903915955.1,CAIWUU010000156.1_9_A,C,C,C,Q,H,C,H,CAIWUU010000156.1_9,24.0
GB_GCA_942492025.1,CALODJ010000010.1_246_A,C,C,C,Q,H,C,H,CALODJ010000010.1_246,24.0
GB_GCA_963674895.2,CAXXCY010000003.1_959_A,C,C,C,Q,H,C,H,CAXXCY010000003.1_959,24.0
GB_GCA_963747645.1,CAVVFW010000001.1_130_A,C,C,C,Q,H,C,H,CAVVFW010000001.1_130,24.0
GB_GCA_963767585.1,CAVYEB010000002.1_1251_A,C,C,C,Q,H,C,H,CAVYEB010000002.1_1251,24.0
GB_GCA_963846585.1,CAWJWO010000015.1_453_A,C,C,C,Q,H,C,H,CAWJWO010000015.1_453,24.0
GB_GCA_964469025.1,CAYXXL010000135.1_4_A,C,C,C,Q,H,C,H,CAYXXL010000135.1_4,24.0
GB_GCA_964559875.1,CAZLJQ010000023.1_49_A,C,C,C,Q,H,C,H,CAZLJQ010000023.1_49,24.0
GB_GCA_964623165.1,CAZURN010000039.1_12_A,C,C,C,Q,H,C,H,CAZURN010000039.1_12,24.0
RS_GCF_000317025.1,NC_019689.1_3936_A,C,C,C,Q,H,C,H,NC_019689.1_3936,24.0
RS_GCF_000621745.1,NZ_KK211339.1_46_A,C,C,C,Q,H,C,H,NZ_KK211339.1_46,24.0
RS_GCF_000758625.1,NZ_CP009283.1_5134_A,C,C,C,Q,H,C,H,NZ_CP009283.1_5134,24.0
RS_GCF_004801255.1,NZ_CP036295.1_1115_A,C,C,C,Q,H,C,H,NZ_CP036295.1_1115,24.0
RS_GCF_009728735.1,NZ_CP024639.1_196_A,C,C,C,Q,H,C,H,NZ_CP024639.1_196,24.0
RS_GCF_013423485.1,NZ_JABFFR010000048.1_15_A,C,C,C,Q,H,C,H,NZ_JABFFR010000048.1_15,24.0
RS_GCF_015594625.1,NZ_JADNRQ010000006.1_110_A,C,C,C,Q,H,C,H,NZ_JADNRQ010000006.1_110,24.0
RS_GCF_047777895.1,NZ_CP180476.1_3792_A,C,C,C,Q,H,C,H,NZ_CP180476.1_3792,24.0
RS_GCF_900113335.1,NZ_FOOX01000003.1_90_A,C,C,C,Q,H,C,H,NZ_FOOX01000003.1_90,24.0
RS_GCF_900205965.1,NZ_OAOF01000001.1_54_A,C,C,C,Q,H,C,H,NZ_OAOF01000001.1_54,24.0
RS_GCF_963662935.2,NZ_CAXXTL010000003.1_513_A,C,C,C,Q,H,C,H,NZ_CAXXTL010000003.1_513,24.0
GB_GCA_002508465.1,DAQQ01000257.1_17_A,C,C,C,Q,H,C,H,DAQQ01000257.1_17,24.0
RS_GCF_000969965.1,NZ_CP009503.1_857_A,C,C,C,Q,H,C,H,NZ_CP009503.1_857,24.0
RS_GCF_019931065.1,NZ_JAIOUQ010000003.1_645_A,C,C,C,Q,H,C,H,NZ_JAIOUQ010000003.1_645,24.0
RS_GCF_049554935.1,NZ_CP186926.1_516_A,C,C,C,Q,H,C,H,NZ_CP186926.1_516,24.0
GB_GCA_002069975.1,MWCJ01000005.1_5_A,C,C,C,Q,H,C,H,MWCJ01000005.1_5,24.0
GB_GCA_003250355.1,QKGS01000086.1_14_A,C,C,C,Q,H,C,H,QKGS01000086.1_14,24.0
GB_GCA_016199835.1,JACQFX010000013.1_122_A,C,C,C,Q,H,C,H,JACQFX010000013.1_122,24.0
GB_GCA_016715065.1,JADKBN010000029.1_653_A,C,C,C,Q,H,C,H,JADKBN010000029.1_653,24.0
GB_GCA_020721225.1,DYNE01000003.1_75_A,C,C,C,Q,H,C,H,DYNE01000003.1_75,24.0
GB_GCA_022702935.2,JAKIML020000098.1_72_A,C,C,C,Q,H,C,H,JAKIML020000098.1_72,24.0
GB_GCA_023388055.1,JAEWGW010000015.1_43_A,C,C,C,Q,H,C,H,JAEWGW010000015.1_43,24.0
GB_GCA_023396665.1,JAEWVL010000484.1_8_A,C,C,C,Q,H,C,H,JAEWVL010000484.1_8,24.0
GB_GCA_026388695.1,JAPLJH010000092.1_51_A,C,C,C,Q,H,C,H,JAPLJH010000092.1_51,24.0
GB_GCA_041641915.1,JBEPXK010000013.1_9_A,C,C,C,Q,H,C,H,JBEPXK010000013.1_9,24.0
GB_GCA_047622095.1,JBLHNU010000064.1_9_A,C,C,C,Q,H,C,H,JBLHNU010000064.1_9,24.0
GB_GCA_049605255.1,JBMYUJ010000002.1_21_A,C,C,C,Q,H,C,H,JBMYUJ010000002.1_21,24.0
GB_GCA_050288705.1,JBNKEI010000125.1_8_A,C,C,C,Q,H,C,H,JBNKEI010000125.1_8,24.0
GB_GCA_900177435.1,FXAI01000004.1_124_A,C,C,C,Q,H,C,H,FXAI01000004.1_124,24.0
GB_GCA_903876875.1,CAIRBT010000015.1_20_A,C,C,C,Q,H,C,H,CAIRBT010000015.1_20,24.0
GB_GCA_963747865.1,CAVVHK010000032.1_76_A,C,C,C,Q,H,C,H,CAVVHK010000032.1_76,24.0
GB_GCA_964532465.1,CAZHHX010000031.1_6_A,C,C,C,Q,H,C,H,CAZHHX010000031.1_6,24.0
RS_GCF_000317025.1,NC_019689.1_3483_A,C,C,C,Q,H,C,H,NC_019689.1_3483,24.0
RS_GCF_000374545.1,NZ_KB894582.1_21_A,C,C,C,Q,H,C,H,NZ_KB894582.1_21,24.0
RS_GCF_000426285.1,NZ_AUFB01000050.1_12_A,C,C,C,Q,H,C,H,NZ_AUFB01000050.1_12,24.0
RS_GCF_000502875.1,NZ_AYWX01000023.1_13_A,C,C,C,Q,H,C,H,NZ_AYWX01000023.1_13,24.0
RS_GCF_001644015.1,NZ_LUUI01000092.1_18_A,C,C,C,Q,H,C,H,NZ_LUUI01000092.1_18,24.0
RS_GCF_003207895.1,NZ_NKUB01000017.1_30_A,C,C,C,Q,H,C,H,NZ_NKUB01000017.1_30,24.0
RS_GCF_007005445.1,NZ_CP041387.1_3596_A,C,C,C,Q,H,C,H,NZ_CP041387.1_3596,24.0
RS_GCF_017161445.1,NZ_CP071060.1_2310_A,C,C,C,Q,H,C,H,NZ_CP071060.1_2310,24.0
RS_GCF_019669985.1,NZ_AP019782.1_2616_A,C,C,C,Q,H,C,H,NZ_AP019782.1_2616,24.0
RS_GCF_027111315.2,NZ_CP114289.2_1342_A,C,C,C,Q,H,C,H,NZ_CP114289.2_1342,24.0
RS_GCF_030161255.1,NZ_BSPX01000010.1_79_A,C,C,C,Q,H,C,H,NZ_BSPX01000010.1_79,24.0
RS_GCF_032860985.1,NZ_JAOCNC010000001.1_5129_A,-,-,C,Q,H,C,H,NZ_JAOCNC010000001.1_5129,16.0
RS_GCF_051853005.1,NZ_CP182469.1_1455_A,C,C,C,Q,H,C,H,NZ_CP182469.1_1455,24.0
GB_GCA_039666535.1,JAVSLV010000056.1_17_A,C,C,C,Q,H,C,H,JAVSLV010000056.1_17,24.0
GB_GCA_963789575.1,CAWBKV010000001.1_1277_A,C,C,C,Q,H,C,H,CAWBKV010000001.1_1277,24.0
RS_GCF_000969985.1,NZ_CP009526.1_863_A,C,C,C,Q,H,C,H,NZ_CP009526.1_863,24.0
GB_GCA_002070825.1,MWDT01000019.1_4_A,C,C,C,Q,H,C,H,MWDT01000019.1_4,24.0
GB_GCA_006844585.1,SPJM01000249.1_23_A,C,C,C,Q,H,C,H,SPJM01000249.1_23,24.0
GB_GCA_011392765.1,WYCW01000003.1_51_A,C,C,C,Q,H,C,H,WYCW01000003.1_51,24.0
GB_GCA_013140465.1,JABFST010000402.1_18_A,C,C,C,Q,H,C,H,JABFST010000402.1_18,24.0
GB_GCA_013349285.1,DUZU01000023.1_4_A,C,C,C,Q,H,C,H,DUZU01000023.1_4,24.0
GB_GCA_014873095.1,CP050848.1_1507_A,C,C,C,Q,H,C,H,CP050848.1_1507,24.0
GB_GCA_016929595.1,JAFGIN010000220.1_63_A,C,C,C,Q,H,C,H,JAFGIN010000220.1_63,24.0
GB_GCA_021792335.1,JAJYUW010000130.1_4_A,C,C,C,Q,H,C,H,JAJYUW010000130.1_4,24.0
GB_GCA_022702935.2,JAKIML020000128.1_6_A,C,C,C,W,F,C,G,JAKIML020000128.1_6,19.0
GB_GCA_026388715.1,JAPLJF010000011.1_17_A,C,C,C,Q,H,C,H,JAPLJF010000011.1_17,24.0
GB_GCA_030065655.1,JASJDT010000016.1_29_A,C,C,C,Q,H,C,H,JASJDT010000016.1_29,24.0
GB_GCA_031273455.1,JAISRZ010000065.1_14_A,C,C,C,Q,H,C,H,JAISRZ010000065.1_14,24.0
GB_GCA_031292175.1,JARLHQ010000022.1_15_A,C,C,C,Q,H,C,H,JARLHQ010000022.1_15,24.0
GB_GCA_036391875.1,DASVZA010000019.1_85_A,C,C,C,Q,H,C,H,DASVZA010000019.1_85,24.0
GB_GCA_037384565.1,JARRNW010000042.1_20_A,C,C,C,Q,H,C,H,JARRNW010000042.1_20,24.0
GB_GCA_040507225.1,JBEVVG010000001.1_659_A,C,C,C,Q,H,C,H,JBEVVG010000001.1_659,24.0
GB_GCA_903847275.1,CAINDC010000220.1_15_A,C,C,C,Q,H,C,H,CAINDC010000220.1_15,24.0
GB_GCA_903916565.1,CAIWXH010000606.1_3_A,C,C,C,Q,H,C,H,CAIWXH010000606.1_3,24.0
GB_GCA_919903025.1,CAKKSE010000046.1_21_A,C,C,C,Q,H,C,H,CAKKSE010000046.1_21,24.0
GB_GCA_945863875.1,CAMBBS010000002.1_162_A,C,C,C,Q,H,C,H,CAMBBS010000002.1_162,24.0
GB_GCA_947503525.1,CANNEA010000003.1_441_A,C,C,C,Q,H,C,H,CANNEA010000003.1_441,24.0
GB_GCA_963674945.2,CAXXWQ010000002.1_132_A,C,C,C,Q,H,C,H,CAXXWQ010000002.1_132,24.0
GB_GCA_963677345.2,CAXXLC010000005.1_52_A,C,C,C,Q,H,C,H,CAXXLC010000005.1_52,24.0
GB_GCA_963816715.1,CAWFMJ010000007.1_225_A,C,C,C,Q,H,C,H,CAWFMJ010000007.1_225,24.0
GB_GCA_964445025.1,CAYUJM010000145.1_10_A,C,C,C,Q,H,C,H,CAYUJM010000145.1_10,24.0
GB_GCA_964560845.1,CAZLMY010000045.1_25_A,C,C,C,Q,H,C,H,CAZLMY010000045.1_25,24.0
RS_GCF_000025705.1,NC_013959.1_879_A,C,C,C,Q,H,C,H,NC_013959.1_879,24.0
RS_GCF_000183725.1,NC_014762.1_1499_A,C,C,C,Q,H,C,H,NC_014762.1_1499,24.0
RS_GCF_000502955.1,NZ_AYWO01000056.1_7_A,C,C,C,Q,H,C,H,NZ_AYWO01000056.1_7,24.0
RS_GCF_002257705.2,NZ_CP155573.1_4988_A,C,C,C,Q,H,C,H,NZ_CP155573.1_4988,24.0
RS_GCF_002812485.1,NZ_CP025003.1_3777_A,C,C,C,Q,H,C,H,NZ_CP025003.1_3777,24.0
RS_GCF_009729555.1,NZ_WODC01000006.1_73_A,C,C,C,Q,H,C,H,NZ_WODC01000006.1_73,24.0
RS_GCF_013036995.1,NZ_JAAOXG010000093.1_12_A,C,C,C,Q,H,C,H,NZ_JAAOXG010000093.1_12,24.0
RS_GCF_017912535.1,NZ_JAERQK010000001.1_185_A,C,C,C,Q,H,C,H,NZ_JAERQK010000001.1_185,24.0
RS_GCF_021654575.1,NZ_AP024488.1_1560_A,C,C,C,Q,H,C,H,NZ_AP024488.1_1560,24.0
RS_GCF_024055665.1,NZ_JAMXMC010000006.1_107_A,C,C,C,Q,H,C,H,NZ_JAMXMC010000006.1_107,24.0
RS_GCF_039631355.1,NZ_JBDIVF010000003.1_616_A,C,C,C,Q,H,C,H,NZ_JBDIVF010000003.1_616,24.0
RS_GCF_047784855.1,NZ_JBLOGT010000001.1_2848_A,C,C,C,Q,H,C,H,NZ_JBLOGT010000001.1_2848,24.0
RS_GCF_050015975.1,NZ_JBNHER010000060.1_24_A,C,C,C,Q,H,C,H,NZ_JBNHER010000060.1_24,24.0
RS_GCF_963663625.2,NZ_CAXXJC010000001.1_509_A,C,C,C,Q,H,C,H,NZ_CAXXJC010000001.1_509,24.0
GB_GCA_002307315.1,DBTZ01000062.1_2_A,C,C,C,Q,H,C,H,DBTZ01000062.1_2,24.0
GB_GCA_002418835.1,DIEX01000030.1_45_A,C,C,C,Q,H,C,H,DIEX01000030.1_45,24.0
GB_GCA_002753515.1,PEAK01000081.1_8_A,C,C,C,Q,H,C,H,PEAK01000081.1_8,24.0
GB_GCA_003251015.1,QKIO01000137.1_16_A,C,C,C,Q,H,C,H,QKIO01000137.1_16,24.0
GB_GCA_015296085.1,DVDT01000071.1_2_A,C,C,C,Q,H,C,H,DVDT01000071.1_2,24.0
GB_GCA_016200345.1,JACQEX010000062.1_8_A,C,C,C,Q,H,C,H,JACQEX010000062.1_8,24.0
GB_GCA_017961385.1,JAGCXJ010000247.1_11_A,C,C,C,W,F,C,-,JAGCXJ010000247.1_11,18.0
GB_GCA_020052515.1,JAGVOW010000060.1_24_A,C,C,C,Q,H,C,H,JAGVOW010000060.1_24,24.0
GB_GCA_023388195.1,JAEWGR010000010.1_26_A,C,C,C,Q,H,C,H,JAEWGR010000010.1_26,24.0
GB_GCA_023418475.1,JAEZZO010000009.1_94_A,C,C,C,Q,H,C,H,JAEZZO010000009.1_94,24.0
GB_GCA_028716975.1,JAQUOU010000002.1_129_A,C,C,C,Q,H,C,H,JAQUOU010000002.1_129,24.0
GB_GCA_030586155.1,CP130741.1_555_A,C,C,C,Q,H,C,H,CP130741.1_555,24.0
GB_GCA_031292195.1,JARLHP010000026.1_31_A,C,C,C,Q,H,C,H,JARLHP010000026.1_31,24.0
GB_GCA_034723545.1,JAYEPA010000034.1_11_A,C,C,C,Q,H,C,H,JAYEPA010000034.1_11,24.0
GB_GCA_035625205.1,DASPQB010000059.1_2_A,C,C,C,Q,H,C,H,DASPQB010000059.1_2,24.0
GB_GCA_038530755.1,JBCBCI010000029.1_45_A,C,C,C,Q,H,C,H,JBCBCI010000029.1_45,24.0
GB_GCA_040507245.1,JBEVVH010000059.1_3_A,C,C,C,Q,H,C,H,JBEVVH010000059.1_3,24.0
GB_GCA_046533095.1,JAJQRA010000038.1_220_A,C,C,C,Q,H,C,H,JAJQRA010000038.1_220,24.0
GB_GCA_047633475.1,JBLIEY010000052.1_13_A,C,C,C,Q,H,C,H,JBLIEY010000052.1_13,24.0
GB_GCA_901456055.1,CABDWT010000016.1_860_A,C,C,C,Q,H,C,H,CABDWT010000016.1_860,24.0
GB_GCA_937899725.1,CALCCA010000016.1_52_A,C,C,C,Q,H,C,H,CALCCA010000016.1_52,24.0
GB_GCA_946544695.1,CAMNMO010000039.1_11_A,C,C,C,W,F,C,-,CAMNMO010000039.1_11,18.0
GB_GCA_963665125.2,CAXXUK010000001.1_1314_A,C,C,C,Q,H,C,H,CAXXUK010000001.1_1314,24.0
GB_GCA_963674955.2,CAXXKR010000004.1_238_A,C,C,C,Q,H,C,H,CAXXKR010000004.1_238,24.0
GB_GCA_963846725.1,CAWJXP010000018.1_6_A,C,C,C,Q,H,C,H,CAWJXP010000018.1_6,24.0
GB_GCA_964418735.1,CAYQMY010000013.1_12_A,C,C,C,Q,H,C,H,CAYQMY010000013.1_12,24.0
GB_GCA_964623815.1,CAZUVR010000087.1_8_A,C,C,C,Q,H,C,H,CAZUVR010000087.1_8,24.0
RS_GCF_000015505.1,NC_008781.1_2353_A,C,C,C,Q,H,C,H,NC_008781.1_2353,24.0
RS_GCF_000426345.1,NZ_AUFE01000097.1_12_A,C,C,C,Q,H,C,H,NZ_AUFE01000097.1_12,24.0
RS_GCF_002812955.1,NZ_PFXK01000001.1_61_A,C,C,C,Q,H,C,H,NZ_PFXK01000001.1_61,24.0
RS_GCF_003584645.1,NZ_AP017928.1_5261_A,C,C,C,Q,H,C,H,NZ_AP017928.1_5261,24.0
RS_GCF_013041605.1,NZ_JABEQC010000001.1_390_A,C,C,C,Q,H,C,H,NZ_JABEQC010000001.1_390,24.0
RS_GCF_013488225.1,NZ_CP041240.1_234_A,C,C,C,Q,H,C,H,NZ_CP041240.1_234,24.0
RS_GCF_016653465.1,NZ_NHSQ01000145.1_17_A,C,C,C,Q,H,C,H,NZ_NHSQ01000145.1_17,24.0
RS_GCF_020564565.1,NZ_JAJCTD010000003.1_182_A,C,C,C,Q,H,C,H,NZ_JAJCTD010000003.1_182,24.0
RS_GCF_025403375.1,NZ_JAMPTM010000176.1_4_A,C,C,C,Q,H,C,H,NZ_JAMPTM010000176.1_4,24.0
RS_GCF_036528765.1,NZ_JARWGH010000030.1_46_A,C,C,C,Q,H,C,H,NZ_JARWGH010000030.1_46,24.0
RS_GCF_043195195.1,NZ_JBAFWT010000002.1_228_A,C,C,C,Q,H,C,H,NZ_JBAFWT010000002.1_228,24.0
GB_GCA_002509485.1,DAWO01000104.1_28_A,C,C,C,Q,H,C,H,DAWO01000104.1_28,24.0
GB_GCA_039679395.1,JBDKUZ010000143.1_2_A,C,C,C,Q,H,C,H,JBDKUZ010000143.1_2,24.0
GB_GCA_001603845.1,LUZZ01000315.1_5_A,C,C,C,Q,H,C,H,LUZZ01000315.1_5,24.0
GB_GCA_002419025.1,DIFG01000025.1_6_A,C,C,C,Q,H,C,H,DIFG01000025.1_6,24.0
GB_GCA_006844705.1,SPJS01000197.1_9_A,C,C,C,Q,H,C,H,SPJS01000197.1_9,24.0
GB_GCA_016715325.1,JADKAL010000003.1_61_A,C,C,C,Q,H,C,H,JADKAL010000003.1_61,24.0
GB_GCA_020721255.1,DYND01000002.1_89_A,C,C,C,Q,H,C,H,DYND01000002.1_89,24.0
GB_GCA_021731145.1,JAKFXX010000002.1_19_A,C,C,C,Q,H,C,H,JAKFXX010000002.1_19,24.0
GB_GCA_021822485.1,JAKAQP010000041.1_4_A,C,C,C,Q,H,C,H,JAKAQP010000041.1_4,24.0
GB_GCA_023397245.1,JAEWUH010000073.1_13_A,C,C,C,W,F,C,L,JAEWUH010000073.1_13,19.0
GB_GCA_026388735.1,JAPLJG010000091.1_40_A,C,C,C,Q,H,C,H,JAPLJG010000091.1_40,24.0
GB_GCA_027310665.1,DAIDAJ010000006.1_26_A,C,C,C,Q,H,C,H,DAIDAJ010000006.1_26,24.0
GB_GCA_031278515.1,JAITKI010000054.1_6_A,C,C,C,W,F,C,F,JAITKI010000054.1_6,19.0
GB_GCA_037385305.1,JARRNE010000095.1_3_A,C,C,C,Q,H,C,H,JARRNE010000095.1_3,24.0
GB_GCA_039194035.1,JBCCWF010000007.1_20_A,C,C,C,Q,H,C,H,JBCCWF010000007.1_20,24.0
GB_GCA_041740635.1,JBGSLQ010000014.1_25_A,C,C,C,Q,H,C,H,JBGSLQ010000014.1_25,24.0
GB_GCA_049318985.1,JBMOEI010000026.1_13_A,C,C,C,Q,H,C,H,JBMOEI010000026.1_13,24.0
GB_GCA_049645845.1,JBARUR010000075.1_13_A,C,C,C,Q,H,C,H,JBARUR010000075.1_13,24.0
GB_GCA_050289505.1,JBNKFW010000001.1_132_A,C,C,C,Q,H,C,H,JBNKFW010000001.1_132,24.0
GB_GCA_903917345.1,CAIXAE010000045.1_123_A,C,C,C,Q,H,C,H,CAIXAE010000045.1_123,24.0
GB_GCA_920888515.1,CAKKTM010000311.1_3_A,C,C,C,Q,H,C,H,CAKKTM010000311.1_3,24.0
GB_GCA_963665185.2,CAXXPO010000010.1_268_A,C,C,C,Q,H,C,H,CAXXPO010000010.1_268,24.0
GB_GCA_963677375.2,CAXXIF010000004.1_203_A,C,C,C,Q,H,C,H,CAXXIF010000004.1_203,24.0
GB_GCA_963725365.1,CAVRZU010000109.1_5_A,C,C,C,Q,H,C,H,CAVRZU010000109.1_5,24.0
GB_GCA_963847035.1,CAWJYH010000018.1_160_A,-,-,C,Q,H,C,H,CAWJYH010000018.1_160,16.0
GB_GCA_964624225.1,CAZUZJ010000062.1_9_A,C,C,C,Q,H,C,H,CAZUZJ010000062.1_9,24.0
GB_GCA_965217245.1,OZ244258.1_1641_A,C,C,C,Q,H,C,H,OZ244258.1_1641,24.0
GB_GCA_965549605.1,CBEVHG010000010.1_27_A,C,C,C,Q,H,C,H,CBEVHG010000010.1_27,24.0
RS_GCF_000015585.1,NC_008789.1_280_A,C,C,C,Q,H,C,H,NC_008789.1_280,24.0
RS_GCF_000503055.1,NZ_AYVY01000043.1_18_A,C,C,C,Q,H,C,H,NZ_AYVY01000043.1_18,24.0
RS_GCF_000758665.1,NZ_CP009285.1_5673_A,C,C,C,Q,H,C,H,NZ_CP009285.1_5673,24.0
RS_GCF_000983115.1,NZ_CGIH01000027.1_171_A,C,C,C,Q,H,C,H,NZ_CGIH01000027.1_171,24.0
RS_GCF_001644035.1,NZ_LUUG01000063.1_32_A,C,C,C,Q,H,C,H,NZ_LUUG01000063.1_32,24.0
RS_GCF_003208175.1,NZ_QKMR01000011.1_10_A,C,C,C,W,F,C,A,NZ_QKMR01000011.1_10,19.0
RS_GCF_004328075.1,NZ_SJFN01000013.1_54_A,C,C,C,Q,H,C,H,NZ_SJFN01000013.1_54,24.0
RS_GCF_008630065.1,NZ_VWPL01000010.1_89_A,C,C,C,Q,H,C,H,NZ_VWPL01000010.1_89,24.0
RS_GCF_009731355.2,NZ_AP022810.1_2669_A,C,C,C,Q,H,C,H,NZ_AP022810.1_2669,24.0
RS_GCF_013520985.1,NZ_JACDTY010000002.1_34_A,C,C,C,Q,H,C,H,NZ_JACDTY010000002.1_34,24.0
RS_GCF_016653635.2,NZ_CP067420.1_1813_A,C,C,C,Q,H,C,H,NZ_CP067420.1_1813,24.0
RS_GCF_019670105.1,NZ_AP023032.1_2184_A,C,C,C,Q,H,C,H,NZ_AP023032.1_2184,24.0
RS_GCF_021729865.1,NZ_CP063400.1_1531_A,C,C,C,Q,H,C,H,NZ_CP063400.1_1531,24.0
RS_GCF_030247655.1,NZ_JAOTRZ010000039.1_13_A,C,C,C,Q,H,C,H,NZ_JAOTRZ010000039.1_13,24.0
RS_GCF_039631355.1,NZ_JBDIVF010000015.1_22_A,C,C,C,Q,H,C,H,NZ_JBDIVF010000015.1_22,24.0
RS_GCF_051857515.1,NZ_JBPZHA010000019.1_14_A,C,C,C,Q,H,C,H,NZ_JBPZHA010000019.1_14,24.0
RS_GCF_907163085.1,NZ_CAJQTX010000004.1_50_A,C,C,C,Q,H,C,H,NZ_CAJQTX010000004.1_50,24.0
GB_GCA_030666885.1,DAOUWY010000084.1_3_A,C,C,C,Q,H,C,H,DAOUWY010000084.1_3,24.0
GB_GCA_039683275.1,JBDKRP010000004.1_16_A,C,C,C,Q,H,C,H,JBDKRP010000004.1_16,24.0
RS_GCF_049676595.1,NZ_CP187259.1_777_A,C,C,C,Q,H,C,H,NZ_CP187259.1_777,24.0
GB_GCA_003133245.1,PKWM01000026.1_65_A,C,C,C,Q,H,C,H,PKWM01000026.1_65,24.0
GB_GCA_011620135.1,WOZS01000025.1_16_A,C,C,C,Q,H,C,H,WOZS01000025.1_16,24.0
GB_GCA_013349295.1,DUZW01000040.1_8_A,C,C,C,Q,H,C,H,DUZW01000040.1_8,24.0
GB_GCA_014874265.1,JACWAM010000126.1_3_A,C,C,C,Q,H,C,H,JACWAM010000126.1_3,24.0
GB_GCA_015484845.1,WFUT01000007.1_19_A,C,C,C,Q,H,C,H,WFUT01000007.1_19,24.0
GB_GCA_017615275.1,JAGAAO010000058.1_13_A,C,C,C,W,F,C,-,JAGAAO010000058.1_13,18.0
GB_GCA_020052615.1,JAGVOT010000030.1_18_A,C,C,C,Q,H,C,H,JAGVOT010000030.1_18,24.0
GB_GCA_020721585.1,DYMK01000004.1_155_A,C,C,C,Q,H,C,H,DYMK01000004.1_155,24.0
GB_GCA_021793155.1,JAJYTF010000020.1_69_A,C,C,C,Q,H,C,H,JAJYTF010000020.1_69,24.0
GB_GCA_024762875.1,JANTGR010000093.1_4_A,C,C,C,Q,H,C,H,JANTGR010000093.1_4,24.0
GB_GCA_028683555.1,JAQUHN010000002.1_60_A,C,C,C,Q,H,C,H,JAQUHN010000002.1_60,24.0
GB_GCA_031292215.1,JARLHO010000125.1_4_A,C,C,C,Q,H,C,H,JARLHO010000125.1_4,24.0
GB_GCA_050116255.1,JASFOZ010000073.1_6_A,C,C,C,Q,H,C,H,JASFOZ010000073.1_6,24.0
GB_GCA_942492085.1,CALODB010000005.1_14_A,C,C,C,Q,H,C,H,CALODB010000005.1_14,24.0
GB_GCA_947311435.1,CAMZKT010000132.1_11_A,C,C,C,Q,H,C,H,CAMZKT010000132.1_11,24.0
GB_GCA_964390795.1,CAYMLQ010000188.1_3_A,C,C,C,Q,H,C,H,CAYMLQ010000188.1_3,24.0
GB_GCA_964418745.1,CAYQMX010000001.1_41_A,C,C,C,Q,H,C,H,CAYQMX010000001.1_41,24.0
GB_GCA_964445085.1,CAYUJV010000001.1_39_A,C,C,C,Q,H,C,H,CAYUJV010000001.1_39,24.0
GB_GCA_964533335.1,CAZHJR010000102.1_2_A,C,C,C,Q,H,C,H,CAZHJR010000102.1_2,24.0
GB_GCA_964646585.1,CAZYEY010000240.1_8_A,C,C,C,Q,H,C,H,CAZYEY010000240.1_8,24.0
RS_GCF_000025725.1,NC_013943.1_1044_A,C,C,C,Q,H,C,H,NC_013943.1_1044,24.0
RS_GCF_000246895.1,NZ_BAEV01000023.1_19_A,C,C,C,W,F,C,-,NZ_BAEV01000023.1_19,18.0
RS_GCF_000317125.1,NC_019695.1_4579_A,C,C,C,Q,H,C,H,NC_019695.1_4579,24.0
RS_GCF_000633595.2,NZ_JIBU02000079.1_2_A,C,C,C,W,F,C,-,NZ_JIBU02000079.1_2,18.0
RS_GCF_001865575.2,NZ_CP017562.2_1324_A,C,C,C,Q,H,C,H,NZ_CP017562.2_1324,24.0
RS_GCF_003001995.1,NZ_PVNB01000007.1_62_A,C,C,C,Q,H,C,H,NZ_PVNB01000007.1_62,24.0
RS_GCF_004801295.1,NZ_SSOC01000004.1_228_A,C,C,C,Q,H,C,H,NZ_SSOC01000004.1_228,24.0
RS_GCF_013044125.1,NZ_JABEVC010000190.1_4_A,C,C,C,Q,H,C,H,NZ_JABEVC010000190.1_4,24.0
RS_GCF_018835585.1,NZ_JAHGVE010000013.1_69_A,C,C,C,Q,H,C,H,NZ_JAHGVE010000013.1_69,24.0
RS_GCF_025403405.1,NZ_JANEZT010000250.1_6_A,C,C,C,Q,H,C,H,NZ_JANEZT010000250.1_6,24.0
RS_GCF_027257905.1,NZ_JAPZEI010000003.1_171_A,C,C,C,Q,H,C,H,NZ_JAPZEI010000003.1_171,24.0
RS_GCF_036533755.1,NZ_JATABG010000146.1_2_A,C,C,C,Q,H,C,H,NZ_JATABG010000146.1_2,24.0
RS_GCF_900113735.1,NZ_FOQM01000030.1_5_A,C,C,C,Q,H,C,H,NZ_FOQM01000030.1_5,24.0
RS_GCF_900143285.1,NZ_FRDN01000005.1_78_A,C,C,C,Q,H,C,H,NZ_FRDN01000005.1_78,24.0
RS_GCF_900207575.1,NZ_OAOQ01000003.1_187_A,C,C,C,Q,H,C,H,NZ_OAOQ01000003.1_187,24.0
RS_GCF_020148105.1,NZ_JAHLZE010000020.1_53_A,C,C,C,Q,H,C,H,NZ_JAHLZE010000020.1_53,24.0
GB_GCA_002419385.1,DIFZ01000050.1_92_A,C,C,C,Q,H,C,H,DIFZ01000050.1_92,24.0
GB_GCA_002753615.1,PEAO01000169.1_2_A,C,C,C,Q,H,C,H,PEAO01000169.1_2,24.0
GB_GCA_013140705.1,JABFSH010000001.1_117_A,C,C,C,Q,H,C,H,JABFSH010000001.1_117,24.0
GB_GCA_021793275.1,JAJYTC010000041.1_4_A,C,C,C,Q,H,C,H,JAJYTC010000041.1_4,24.0
GB_GCA_021822625.1,JAKAQK010000030.1_8_A,C,C,C,Q,H,C,H,JAKAQK010000030.1_8,24.0
GB_GCA_023397475.1,JAEWUD010000027.1_97_A,C,C,C,Q,H,C,H,JAEWUD010000027.1_97,24.0
GB_GCA_027310735.1,DAIDAH010000026.1_7_A,C,C,C,Q,H,C,H,DAIDAH010000026.1_7,24.0
GB_GCA_028277115.1,JANQHG010000128.1_10_A,C,C,C,Q,H,C,H,JANQHG010000128.1_10,24.0
GB_GCA_031258305.1,JAIRNA010000077.1_16_A,C,C,C,W,F,C,G,JAIRNA010000077.1_16,19.0
GB_GCA_033763865.1,JANRJT010000018.1_127_A,C,C,C,Q,H,C,H,JANRJT010000018.1_127,24.0
GB_GCA_034926235.1,JAYFRE010000129.1_11_A,C,C,C,Q,H,C,H,JAYFRE010000129.1_11,24.0
GB_GCA_036771375.1,DAIPHL010000024.1_10_A,C,C,C,-,W,S,T,DAIPHL010000024.1_10,15.0
GB_GCA_040751755.1,JBFMHC010000044.1_116_A,C,C,C,Q,H,C,H,JBFMHC010000044.1_116,24.0
GB_GCA_047651235.1,CP178758.1_788_A,C,C,C,Q,H,C,H,CP178758.1_788,24.0
GB_GCA_049645885.1,JBARUT010000140.1_4_A,C,C,C,Q,H,C,H,JBARUT010000140.1_4,24.0
GB_GCA_050331415.1,JBHJGW010000168.1_14_A,C,C,C,Q,H,C,H,JBHJGW010000168.1_14,24.0
GB_GCA_903917955.1,CAIXCO010000246.1_4_A,C,C,C,Q,H,C,H,CAIXCO010000246.1_4,24.0
GB_GCA_903952205.1,CAJBEZ010000070.1_12_A,C,C,C,Q,H,C,H,CAJBEZ010000070.1_12,24.0
GB_GCA_927405585.1,CAKMJS010000111.1_44_A,C,C,C,Q,H,C,H,CAKMJS010000111.1_44,24.0
GB_GCA_947311475.1,CAMZLK010000198.1_6_A,C,C,C,Q,H,C,H,CAMZLK010000198.1_6,24.0
GB_GCA_963665265.2,OY762224.2_2648_A,C,C,C,Q,H,C,H,OY762224.2_2648,24.0
GB_GCA_963703385.1,OY969816.1_3530_A,C,C,C,Q,H,C,H,OY969816.1_3530,24.0
GB_GCA_963725375.1,CAVRYQ010000125.1_33_A,C,C,C,Q,H,C,H,CAVRYQ010000125.1_33,24.0
GB_GCA_963793265.1,CAWBZI010000001.1_351_A,C,C,C,Q,H,C,H,CAWBZI010000001.1_351,24.0
GB_GCA_964391545.1,CAYMMR010000021.1_7_A,C,C,C,Q,H,C,H,CAYMMR010000021.1_7,24.0
GB_GCA_964533615.1,CAZHMK010000002.1_126_A,C,C,C,Q,H,C,H,CAZHMK010000002.1_126,24.0
RS_GCF_000186885.1,NC_014972.1_3040_A,C,C,C,Q,H,C,H,NC_014972.1_3040,24.0
RS_GCF_000317205.1,NZ_AJLK01000041.1_9_A,C,C,C,Q,H,C,H,NZ_AJLK01000041.1_9,24.0
RS_GCF_000375485.1,NZ_AQXE01000007.1_146_A,C,C,C,Q,H,C,H,NZ_AQXE01000007.1_146,24.0
RS_GCF_001865575.2,NZ_CP017565.2_239_A,C,C,C,Q,H,C,H,NZ_CP017565.2_239,24.0
RS_GCF_003002025.1,NZ_PVZB01000034.1_45_A,C,C,C,Q,H,C,H,NZ_PVZB01000034.1_45,24.0
RS_GCF_003208175.1,NZ_QKMR01000030.1_6_A,C,C,C,Q,H,C,H,NZ_QKMR01000030.1_6,24.0
RS_GCF_008632455.1,NZ_CP043929.1_921_A,C,C,C,Q,H,C,H,NZ_CP043929.1_921,24.0
RS_GCF_013520985.1,NZ_JACDTY010000017.1_47_A,C,C,C,Q,H,C,H,NZ_JACDTY010000017.1_47,24.0
RS_GCF_015686695.1,NZ_JADPMR010000004.1_362_A,C,C,C,Q,H,C,H,NZ_JADPMR010000004.1_362,24.0
RS_GCF_017948245.1,NZ_CP072869.1_83_A,C,C,C,Q,H,C,H,NZ_CP072869.1_83,24.0
RS_GCF_019670125.1,NZ_AP023033.1_2195_A,C,C,C,Q,H,C,H,NZ_AP023033.1_2195,24.0
RS_GCF_029478095.1,NZ_JAKOAV010000020.1_49_A,C,C,C,Q,H,C,H,NZ_JAKOAV010000020.1_49,24.0
RS_GCF_030814985.1,NZ_JAUSWA010000025.1_38_A,C,C,C,Q,H,C,H,NZ_JAUSWA010000025.1_38,24.0
RS_GCF_963664155.2,NZ_CAXXXH010000001.1_782_A,C,C,C,Q,H,C,H,NZ_CAXXXH010000001.1_782,24.0
GB_GCA_002307725.1,DBUB01000010.1_154_A,C,C,C,Q,H,C,H,DBUB01000010.1_154,24.0
GB_GCA_007115975.1,SKJJ01000113.1_5_A,C,C,C,Q,H,C,H,SKJJ01000113.1_5,24.0
GB_GCA_013349325.1,DUZX01000002.1_37_A,C,C,C,Q,H,C,H,DUZX01000002.1_37,24.0
GB_GCA_020053195.1,JAGVNQ010000200.1_15_A,C,C,C,Q,H,C,H,JAGVNQ010000200.1_15,24.0
GB_GCA_020721815.1,DYMA01000150.1_3_A,C,C,C,Q,H,C,H,DYMA01000150.1_3,24.0
GB_GCA_023410575.1,JAEYPP010000074.1_57_A,C,C,C,Q,H,C,H,JAEYPP010000074.1_57,24.0
GB_GCA_023419375.1,JAEZYD010000022.1_125_A,C,C,C,Q,H,C,H,JAEZYD010000022.1_125,24.0
GB_GCA_028683595.1,JAQUHM010000010.1_20_A,C,C,C,Q,H,C,H,JAQUHM010000010.1_20,24.0
GB_GCA_030065755.1,JASJDA010000010.1_15_A,C,C,C,Q,H,C,H,JASJDA010000010.1_15,24.0
GB_GCA_030591525.1,JAUVAV010000030.1_27_A,C,C,C,Q,H,C,H,JAUVAV010000030.1_27,24.0
GB_GCA_035625725.1,DASPPB010000070.1_14_A,C,C,C,Q,H,C,H,DASPPB010000070.1_14,24.0
GB_GCA_036395165.1,DASWDS010000042.1_16_A,C,C,C,Q,H,C,H,DASWDS010000042.1_16,24.0
GB_GCA_036782635.1,DAIPYU010000019.1_38_A,C,C,C,Q,H,C,H,DAIPYU010000019.1_38,24.0
GB_GCA_050289625.1,JBNKGC010000002.1_74_A,C,C,C,Q,H,C,H,JBNKGC010000002.1_74,24.0
GB_GCA_942492625.1,CALOFM010000015.1_34_A,C,C,C,Q,H,C,H,CALOFM010000015.1_34,24.0
GB_GCA_963675155.1,OY775912.1_1041_A,C,C,C,Q,H,C,H,OY775912.1_1041,24.0
GB_GCA_963817365.1,CAWFNZ010000003.1_269_A,C,C,C,Q,H,C,H,CAWFNZ010000003.1_269,24.0
GB_GCA_964419255.1,CAYQOU010000010.1_65_A,C,C,C,Q,H,C,H,CAYQOU010000010.1_65,24.0
RS_GCF_000246895.1,NZ_BAEV01000023.1_28_A,C,C,C,W,F,C,-,NZ_BAEV01000023.1_28,18.0
RS_GCF_000633595.2,NZ_JIBU02000079.1_13_A,C,C,C,W,F,C,-,NZ_JIBU02000079.1_13,18.0
RS_GCF_003986935.1,NZ_RJZE01000003.1_152_A,C,C,C,Q,H,C,H,NZ_RJZE01000003.1_152,24.0
RS_GCF_004331415.1,NZ_SJOP01000014.1_44_A,C,C,C,Q,H,C,H,NZ_SJOP01000014.1_44,24.0
RS_GCF_009746625.1,NZ_VWXL01000053.1_21_A,C,C,C,Q,H,C,H,NZ_VWXL01000053.1_21,24.0
RS_GCF_016703645.1,NZ_JADJBR010000004.1_120_A,C,C,C,Q,H,C,H,NZ_JADJBR010000004.1_120,24.0
RS_GCF_017961625.1,NZ_JAGCWY010000148.1_3_A,C,C,C,W,F,C,-,NZ_JAGCWY010000148.1_3,18.0
RS_GCF_024128855.1,NZ_JAMYDV010000003.1_215_A,C,C,C,Q,H,C,H,NZ_JAMYDV010000003.1_215,24.0
RS_GCF_029589055.1,NZ_JARQZP010000003.1_207_A,C,C,C,Q,H,C,H,NZ_JARQZP010000003.1_207,24.0
RS_GCF_030269905.1,NZ_BSVC01000003.1_32_A,C,C,C,Q,H,C,H,NZ_BSVC01000003.1_32,24.0
RS_GCF_030815055.1,NZ_JAUSWE010000045.1_7_A,C,C,C,Q,H,C,H,NZ_JAUSWE010000045.1_7,24.0
RS_GCF_032917985.1,NZ_CP136626.1_5289_A,C,C,C,Q,H,C,H,NZ_CP136626.1_5289,24.0
RS_GCF_913060805.1,NZ_CAJXTC010000045.1_25_A,C,C,C,Q,H,C,H,NZ_CAJXTC010000045.1_25,24.0
GB_GCA_963792125.1,CAWBVA010000005.1_108_A,C,C,C,Q,H,C,H,CAWBVA010000005.1_108,24.0
RS_GCF_049677355.1,NZ_CP187261.1_1966_A,C,C,C,Q,H,C,H,NZ_CP187261.1_1966,24.0
GB_GCA_001604035.1,LVAK01000161.1_6_A,C,C,C,W,F,C,A,LVAK01000161.1_6,19.0
GB_GCA_002083615.1,MSXO01000027.1_2_A,C,C,C,Q,H,C,H,MSXO01000027.1_2,24.0
GB_GCA_002753665.1,PEAP01000018.1_10_A,C,C,C,Q,H,C,H,PEAP01000018.1_10,24.0
GB_GCA_003134075.1,PLAI01000141.1_63_A,C,C,C,Q,H,C,H,PLAI01000141.1_63,24.0
GB_GCA_003326215.1,LXQD01000295.1_238_A,C,C,C,Q,H,C,H,LXQD01000295.1_238,24.0
GB_GCA_016207885.1,JACQZE010000003.1_430_A,C,C,C,Q,H,C,H,JACQZE010000003.1_430,24.0
GB_GCA_020054675.1,JAIHAL010000002.1_187_A,C,C,C,Q,H,C,H,JAIHAL010000002.1_187,24.0
GB_GCA_021794275.1,JAJYRD010000046.1_62_A,C,C,C,Q,H,C,H,JAJYRD010000046.1_62,24.0
GB_GCA_023435825.1,JAEZMB010000313.1_5_A,C,C,C,Q,H,C,H,JAEZMB010000313.1_5,24.0
GB_GCA_024763035.1,JANTGG010000051.1_13_A,C,C,C,Q,H,C,H,JANTGG010000051.1_13,24.0
GB_GCA_035470605.1,DATIQS010000405.1_4_A,C,C,C,Q,H,C,H,DATIQS010000405.1_4,24.0
GB_GCA_037387725.1,JARRKU010000009.1_54_A,C,C,C,Q,H,C,H,JARRKU010000009.1_54,24.0
GB_GCA_041642315.1,JBEPWQ010000154.1_4_A,C,C,C,Q,H,C,H,JBEPWQ010000154.1_4,24.0
GB_GCA_046538735.1,JBKHII010000055.1_10_A,C,C,C,Q,H,C,H,JBKHII010000055.1_10,24.0
GB_GCA_049322275.1,JBMORH010000079.1_40_A,C,C,C,Q,H,C,H,JBMORH010000079.1_40,24.0
GB_GCA_049645925.1,JBARUU010000068.1_157_A,C,C,C,Q,H,C,H,JBARUU010000068.1_157,24.0
GB_GCA_050290065.1,JBNKGY010000127.1_9_A,C,C,C,Q,H,C,H,JBNKGY010000127.1_9,24.0
GB_GCA_903877065.1,CAIRCR010000403.1_8_A,C,C,C,Q,H,C,H,CAIRCR010000403.1_8,24.0
GB_GCA_937900755.1,CALCDN010000075.1_8_A,C,C,C,Q,H,C,H,CALCDN010000075.1_8,24.0
GB_GCA_963595425.1,CAVBHN010000002.1_57_A,C,C,C,W,F,C,Y,CAVBHN010000002.1_57,19.0
GB_GCA_963748325.1,CAVVIJ010000004.1_1725_A,C,C,C,Q,H,C,H,CAVVIJ010000004.1_1725,24.0
GB_GCA_963768735.1,CAVYJH010000003.1_1148_A,C,C,C,Q,H,C,H,CAVYJH010000003.1_1148,24.0
GB_GCA_964470155.1,CAYYAY010000026.1_14_A,C,C,C,Q,H,C,H,CAYYAY010000026.1_14,24.0
GB_GCA_964594925.1,CAZQOG010000061.1_9_A,C,C,C,Q,H,C,H,CAZQOG010000061.1_9,24.0
GB_GCA_964624725.1,CAZUYO010000018.1_9_A,C,C,C,Q,H,C,H,CAZUYO010000018.1_9,24.0
GB_GCA_964646595.1,CAZYID010000044.1_9_A,C,C,C,Q,H,C,H,CAZYID010000044.1_9,24.0
RS_GCF_000188155.2,NZ_KE124774.1_3717_A,C,C,C,Q,H,C,H,NZ_KE124774.1_3717,24.0
RS_GCF_000376385.1,NZ_AQWN01000004.1_182_A,C,C,C,Q,H,C,H,NZ_AQWN01000004.1_182,24.0
RS_GCF_000426485.1,NZ_AUFL01000011.1_119_A,C,C,C,Q,H,C,H,NZ_AUFL01000011.1_119,24.0
RS_GCF_000504305.1,NZ_KI632512.1_2814_A,C,C,C,Q,H,C,H,NZ_KI632512.1_2814,24.0
RS_GCF_001644045.1,NZ_LUUF01000077.1_9_A,C,C,C,Q,H,C,H,NZ_LUUF01000077.1_9,24.0
RS_GCF_003989665.1,NZ_RZIJ01000004.1_147_A,C,C,C,Q,H,C,H,NZ_RZIJ01000004.1_147,24.0
RS_GCF_009759665.1,NZ_WQNE01000007.1_39_A,C,C,C,Q,H,C,H,NZ_WQNE01000007.1_39,24.0
RS_GCF_010915725.1,NZ_JAAIJR010000020.1_8_A,C,C,C,Q,H,C,H,NZ_JAAIJR010000020.1_8,24.0
RS_GCF_019679435.2,NZ_CP139781.1_4230_A,C,C,C,Q,H,C,H,NZ_CP139781.1_4230,24.0
RS_GCF_020594515.1,NZ_JAJCTH010000015.1_38_A,C,C,C,Q,H,C,H,NZ_JAJCTH010000015.1_38,24.0
RS_GCF_025460805.1,NZ_JAMXFJ010000051.1_10_A,C,C,C,Q,H,C,H,NZ_JAMXFJ010000051.1_10,24.0
RS_GCF_039645565.1,NZ_CP147914.1_1572_A,C,C,C,Q,H,C,H,NZ_CP147914.1_1572,24.0
RS_GCF_046349115.1,NZ_JAXMCX010000002.1_609_A,C,C,C,Q,H,C,H,NZ_JAXMCX010000002.1_609,24.0
RS_GCF_050015995.1,NZ_JBNHEP010000050.1_61_A,C,C,C,Q,H,C,H,NZ_JBNHEP010000050.1_61,24.0
GB_GCA_039698055.1,JBDKTL010000004.1_10_A,C,C,C,Q,H,C,H,JBDKTL010000004.1_10,24.0
GB_GCA_963793805.1,CAWCBK010000011.1_171_A,C,C,C,Q,H,C,H,CAWCBK010000011.1_171,24.0
GB_GCA_000681355.2,JJNX02000025.1_7_A,C,C,C,Q,H,C,H,JJNX02000025.1_7,24.0
GB_GCA_002419465.1,DIGE01000018.1_161_A,C,C,C,Q,H,C,H,DIGE01000018.1_161,24.0
GB_GCA_007116145.1,SKJB01000067.1_19_A,C,C,C,Q,H,C,H,SKJB01000067.1_19,24.0
GB_GCA_013141125.1,JABFRO010000001.1_648_A,C,C,C,Q,H,C,H,JABFRO010000001.1_648,24.0
GB_GCA_016207925.1,JACQZB010000109.1_4_A,C,C,C,Q,H,C,H,JACQZB010000109.1_4,24.0
GB_GCA_016716965.1,JADJUP010000003.1_189_A,C,C,C,Q,H,C,H,JADJUP010000003.1_189,24.0
GB_GCA_019359015.1,JAHHID010000001.1_32_A,C,C,C,Q,H,C,H,JAHHID010000001.1_32,24.0
GB_GCA_021824175.1,JAKALP010000042.1_15_A,C,C,C,Q,H,C,H,JAKALP010000042.1_15,24.0
GB_GCA_022703965.1,JAKJHH010000105.1_3_A,C,C,C,Q,H,C,H,JAKJHH010000105.1_3,24.0
GB_GCA_024451105.1,JANGEY010000002.1_282_A,C,C,C,Q,H,C,H,JANGEY010000002.1_282,24.0
GB_GCA_028718525.1,JAQULP010000025.1_9_A,C,C,C,Q,H,C,H,JAQULP010000025.1_9,24.0
GB_GCA_030065815.1,JASJCU010000007.1_33_A,C,C,C,Q,H,C,H,JASJCU010000007.1_33,24.0
GB_GCA_031258615.1,JAIRMP010000172.1_8_A,C,C,C,Q,H,C,H,JAIRMP010000172.1_8,24.0
GB_GCA_031278635.1,JAITKA010000060.1_11_A,C,C,C,Q,H,C,H,JAITKA010000060.1_11,24.0
GB_GCA_035490915.1,DATJLB010000242.1_6_A,C,C,C,Q,H,C,H,DATJLB010000242.1_6,24.0
GB_GCA_039194995.1,JBCCVR010000058.1_30_A,C,C,C,Q,H,C,H,JBCCVR010000058.1_30,24.0
GB_GCA_041179245.1,JBEGTT010000098.1_23_A,C,C,C,Q,H,C,H,JBEGTT010000098.1_23,24.0
GB_GCA_046538945.1,JBKHHW010000062.1_5_A,C,C,C,Q,H,C,H,JBKHHW010000062.1_5,24.0
GB_GCA_049322315.1,JBMORF010000015.1_29_A,C,C,C,Q,H,C,H,JBMORF010000015.1_29,24.0
GB_GCA_050290185.1,JBNKHE010000001.1_372_A,C,C,C,Q,H,C,H,JBNKHE010000001.1_372,24.0
GB_GCA_900290365.1,OMOE01000136.1_16_A,C,C,C,Q,H,C,H,OMOE01000136.1_16,24.0
GB_GCA_903848935.1,CAINHO010000027.1_42_A,C,C,C,Q,H,C,H,CAINHO010000027.1_42,24.0
GB_GCA_903877345.1,CAIRDL010000120.1_19_A,C,C,C,Q,H,C,H,CAIRDL010000120.1_19,24.0
GB_GCA_903953895.1,CAJBLH010000269.1_4_A,C,C,C,Q,H,C,H,CAJBLH010000269.1_4,24.0
GB_GCA_946575275.1,CAMNZV010000059.1_6_A,C,C,C,Q,H,C,H,CAMNZV010000059.1_6,24.0
GB_GCA_963665275.2,CAXXIN010000018.1_68_A,C,C,C,Q,H,C,H,CAXXIN010000018.1_68,24.0
GB_GCA_963677405.1,OY781961.1_3652_A,C,C,C,Q,H,C,H,OY781961.1_3652,24.0
GB_GCA_963748385.1,CAVVIQ010000010.1_35_A,C,C,C,Q,H,C,H,CAVVIQ010000010.1_35,24.0
RS_GCF_000025905.1,NC_014008.1_2848_A,C,C,C,Q,H,C,H,NC_014008.1_2848,24.0
RS_GCF_000993825.1,NZ_CP011114.1_3301_A,C,C,C,Q,H,C,H,NZ_CP011114.1_3301,24.0
RS_GCF_002813775.1,NZ_CP020370.1_1810_A,C,C,C,Q,H,C,H,NZ_CP020370.1_1810,24.0
RS_GCF_013791955.1,NZ_VMSW01000007.1_44_A,C,C,C,Q,H,C,H,NZ_VMSW01000007.1_44,24.0
RS_GCF_019688735.1,NZ_JAIFYA010000002.1_230_A,C,C,C,Q,H,C,P,NZ_JAIFYA010000002.1_230,22.0
RS_GCF_041205085.1,NZ_JBGEWD010000015.1_14_A,C,C,C,Q,H,C,H,NZ_JBGEWD010000015.1_14,24.0
RS_GCF_042434745.1,NZ_JBHLSS010000101.1_45_A,C,C,C,Q,H,C,H,NZ_JBHLSS010000101.1_45,24.0
RS_GCF_043555975.1,NZ_JBIGIA010000002.1_38_A,C,C,C,Q,H,C,H,NZ_JBIGIA010000002.1_38,24.0
RS_GCF_963664415.2,NZ_CAXXPY010000004.1_5_A,C,C,C,Q,H,C,H,NZ_CAXXPY010000004.1_5,24.0
RS_GCF_965230075.1,NZ_OZ245945.1_267_A,C,C,C,Q,H,C,H,NZ_OZ245945.1_267,24.0
GB_GCA_002839675.1,PGYM01000001.1_513_A,C,C,C,Q,H,C,H,PGYM01000001.1_513,24.0
GB_GCA_964616775.1,CAZTRN010000001.1_382_A,C,C,C,Q,H,C,H,CAZTRN010000001.1_382,24.0
RS_GCF_049686655.1,NZ_JBAVIG010000045.1_7_A,C,C,C,Q,H,C,H,NZ_JBAVIG010000045.1_7,24.0
GB_GCA_002368295.1,AP018248.1_1948_A,C,C,C,Q,H,C,H,AP018248.1_1948,24.0
GB_GCA_002753735.1,PEAN01000058.1_25_A,C,C,C,Q,H,C,H,PEAN01000058.1_25,24.0
GB_GCA_003134375.1,PLAY01000022.1_15_A,C,C,C,Q,H,C,H,PLAY01000022.1_15,24.0
GB_GCA_015489365.1,WFZW01000167.1_4_A,C,C,C,Q,H,C,H,WFZW01000167.1_4,24.0
GB_GCA_016223165.1,JACRPO010000005.1_739_A,C,C,C,Q,H,C,H,JACRPO010000005.1_739,24.0
GB_GCA_016930275.1,JAFGHA010000149.1_4_A,C,C,C,Q,H,C,H,JAFGHA010000149.1_4,24.0
GB_GCA_024763055.1,JANTGH010000040.1_16_A,C,C,C,Q,H,C,H,JANTGH010000040.1_16,24.0
GB_GCA_028718565.1,JAQULO010000031.1_20_A,C,C,C,Q,H,C,H,JAQULO010000031.1_20,24.0
GB_GCA_029379265.1,JAQYWN010000091.1_7_A,C,C,C,Q,H,C,H,JAQYWN010000091.1_7,24.0
GB_GCA_030595925.1,JAUVLC010000007.1_21_A,C,C,C,Q,H,C,H,JAUVLC010000007.1_21,24.0
GB_GCA_031288475.1,JAITRJ010000007.1_13_A,C,C,C,Q,H,C,H,JAITRJ010000007.1_13,24.0
GB_GCA_035627075.1,DASPMK010000152.1_4_A,C,C,C,Q,H,C,H,DASPMK010000152.1_4,24.0
GB_GCA_036396915.1,DASWJX010000307.1_16_A,C,C,C,Q,H,C,H,DASWJX010000307.1_16,24.0
GB_GCA_036787145.1,DAIQPV010000010.1_9_A,C,C,C,Q,H,C,H,DAIQPV010000010.1_9,24.0
GB_GCA_041642615.1,JBEPWC010000040.1_7_A,C,C,C,Q,H,C,H,JBEPWC010000040.1_7,24.0
GB_GCA_047718615.1,JBDNRM010000072.1_9_A,C,C,C,Q,H,C,H,JBDNRM010000072.1_9,24.0
GB_GCA_051878075.1,JBJEJM010000025.1_3_A,T,C,C,W,F,C,G,JBJEJM010000025.1_3,16.0
GB_GCA_902766335.1,CACXDI010000148.1_26_A,G,C,C,W,F,C,G,CACXDI010000148.1_26,16.0
GB_GCA_927439865.1,CAKMKD010000034.1_3_A,C,C,C,Q,H,C,H,CAKMKD010000034.1_3,24.0
GB_GCA_942492735.1,OW818648.1_566_A,C,C,C,Q,H,C,H,OW818648.1_566,24.0
GB_GCA_963675185.2,CAXXOH010000003.1_209_A,C,C,C,Q,H,C,H,CAXXOH010000003.1_209,24.0
GB_GCA_964392085.1,CAYMOV010000021.1_25_A,C,C,C,Q,H,C,H,CAYMOV010000021.1_25,24.0
GB_GCA_964646915.1,CAZYIH010000009.1_12_A,C,C,C,Q,H,C,H,CAZYIH010000009.1_12,24.0
RS_GCF_000426545.1,NZ_AUFO01000017.1_23_A,C,C,C,Q,H,C,H,NZ_AUFO01000017.1_23,24.0
RS_GCF_000510645.1,NZ_KI783301.1_244_A,C,C,C,Q,H,C,H,NZ_KI783301.1_244,24.0
RS_GCF_001644705.1,NZ_CP015137.1_1248_A,C,C,C,Q,H,C,H,NZ_CP015137.1_1248,24.0
RS_GCF_004332115.1,NZ_SJPA01000001.1_402_A,C,C,C,Q,H,C,H,NZ_SJPA01000001.1_402,24.0
RS_GCF_004801305.1,NZ_SSOD01000019.1_88_A,C,C,C,Q,H,C,H,NZ_SSOD01000019.1_88,24.0
RS_GCF_007115105.1,NZ_SULJ01000002.1_45_A,C,C,C,Q,H,C,H,NZ_SULJ01000002.1_45,24.0
RS_GCF_010983895.1,NZ_CP048836.1_3745_A,C,C,C,Q,H,C,H,NZ_CP048836.1_3745,24.0
RS_GCF_013085545.1,NZ_CP039543.1_2954_A,C,C,C,Q,H,C,H,NZ_CP039543.1_2954,24.0
RS_GCF_015709455.1,NZ_JADNQW010000005.1_1996_A,C,C,C,Q,H,C,H,NZ_JADNQW010000005.1_1996,24.0
RS_GCF_016706565.1,NZ_JADJJI010000015.1_357_A,C,C,C,Q,H,C,H,NZ_JADJJI010000015.1_357,24.0
RS_GCF_017992695.1,NZ_JAGOOC010000061.1_4_A,C,C,C,Q,H,C,H,NZ_JAGOOC010000061.1_4,24.0
RS_GCF_018854495.2,NZ_CP130946.1_1382_A,C,C,C,Q,H,C,H,NZ_CP130946.1_1382,24.0
RS_GCF_019688735.1,NZ_JAIFYA010000002.1_232_A,-,C,C,Q,H,C,H,NZ_JAIFYA010000002.1_232,20.0
RS_GCF_025499605.1,NZ_JAFMVC010000015.1_58_A,C,C,C,Q,H,C,H,NZ_JAFMVC010000015.1_58,24.0
RS_GCF_029607905.1,NZ_JAPHEH010000001.1_409_A,C,C,C,Q,H,C,H,NZ_JAPHEH010000001.1_409,24.0
RS_GCF_036541405.1,NZ_JAZHFS010000006.1_175_A,C,C,C,Q,H,C,H,NZ_JAZHFS010000006.1_175,24.0
RS_GCF_900215505.1,NZ_LT907844.1_3193_A,C,C,C,Q,H,C,H,NZ_LT907844.1_3193,24.0
RS_GCF_020804225.1,NZ_WJBI01000001.1_575_A,C,C,C,Q,H,C,H,NZ_WJBI01000001.1_575,24.0
GB_GCA_013349405.1,DUZS01000026.1_17_A,C,C,C,Q,H,C,H,DUZS01000026.1_17,24.0
GB_GCA_016234115.1,JACRHD010000067.1_125_A,C,C,C,Q,H,C,H,JACRHD010000067.1_125,24.0
GB_GCA_023397505.1,JAEWUC010000003.1_40_A,C,C,C,Q,H,C,H,JAEWUC010000003.1_40,24.0
GB_GCA_023410675.1,JAEYPM010000037.1_11_A,C,C,C,Q,H,C,H,JAEYPM010000037.1_11,24.0
GB_GCA_024506175.1,JAMBEQ010000210.1_5_A,C,C,C,Q,H,C,H,JAMBEQ010000210.1_5,24.0
GB_GCA_024763115.1,JANTGB010000026.1_8_A,C,C,C,Q,H,C,H,JANTGB010000026.1_8,24.0
GB_GCA_027311185.1,DAICZK010000098.1_5_A,C,C,C,Q,H,C,H,DAICZK010000098.1_5,24.0
GB_GCA_028277225.1,JANQHB010000053.1_76_A,C,C,C,Q,H,C,H,JANQHB010000053.1_76,24.0
GB_GCA_034927285.1,JAYFQF010000013.1_5_A,C,C,C,W,F,C,-,JAYFQF010000013.1_5,18.0
GB_GCA_041741355.1,JBGSKE010000154.1_2_A,C,C,C,Q,H,C,H,JBGSKE010000154.1_2,24.0
GB_GCA_047718855.1,JBDNRY010000003.1_121_A,C,C,C,Q,H,C,H,JBDNRY010000003.1_121,24.0
GB_GCA_049647275.1,JBARXI010000814.1_18_A,C,C,C,Q,H,C,H,JBARXI010000814.1_18,24.0
GB_GCA_050117315.1,JASFMY010000001.1_113_A,C,C,C,Q,H,C,H,JASFMY010000001.1_113,24.0
GB_GCA_050290225.1,JBNKHG010000013.1_137_A,C,C,C,Q,H,C,H,JBNKHG010000013.1_137,24.0
GB_GCA_050331615.1,JBHJGR010000375.1_22_A,C,C,C,Q,H,C,H,JBHJGR010000375.1_22,24.0
GB_GCA_900290375.1,OMOF01000013.1_34_A,C,C,C,N,Y,S,N,OMOF01000013.1_34,16.0
GB_GCA_947504195.1,CANNGN010000003.1_313_A,C,C,C,Q,H,C,H,CANNGN010000003.1_313,24.0
GB_GCA_963725425.1,CAVRYJ010000009.1_153_A,C,C,C,Q,H,C,H,CAVRYJ010000009.1_153,24.0
GB_GCA_963817705.1,CAWFPF010000001.1_2489_A,C,C,C,Q,H,C,H,CAWFPF010000001.1_2489,24.0
GB_GCA_963848565.1,CAWKEQ010000018.1_21_A,C,C,C,Q,H,C,H,CAWKEQ010000018.1_21,24.0
GB_GCA_964446265.1,CAYUNV010000073.1_5_A,C,C,C,Q,H,C,H,CAYUNV010000073.1_5,24.0
GB_GCA_964595345.1,CAZQPY010000006.1_78_A,C,C,C,Q,H,C,H,CAZQPY010000006.1_78,24.0
GB_GCA_964624765.1,CAZUZO010000177.1_2_A,C,C,C,Q,H,C,H,CAZUZO010000177.1_2,24.0
RS_GCF_000015865.1,NC_009012.1_1630_A,C,C,C,W,F,C,-,NC_009012.1_1630,18.0
RS_GCF_000026145.1,NC_009445.1_5087_A,C,C,C,Q,H,C,H,NC_009445.1_5087,24.0
RS_GCF_000246895.1,NZ_BAEV01000046.1_23_A,C,C,C,Q,H,C,H,NZ_BAEV01000046.1_23,24.0
RS_GCF_000378245.1,NZ_KB899493.1_263_A,C,C,C,Q,H,C,H,NZ_KB899493.1_263,24.0
RS_GCF_000633935.1,NZ_KK214997.1_321_A,C,C,C,Q,H,C,H,NZ_KK214997.1_321,24.0
RS_GCF_000758685.1,NZ_CP009286.1_4037_A,C,C,C,Q,H,C,H,NZ_CP009286.1_4037,24.0
RS_GCF_001650635.1,NZ_LWQU01000174.1_71_A,C,C,C,Q,H,C,H,NZ_LWQU01000174.1_71,24.0
RS_GCF_001866005.1,NZ_MLQR01000001.1_356_A,C,C,C,Q,H,C,H,NZ_MLQR01000001.1_356,24.0
RS_GCF_003013815.1,NZ_PRLH01000006.1_25_A,C,C,C,Q,H,C,H,NZ_PRLH01000006.1_25,24.0
RS_GCF_003217325.1,NZ_QJTI01000004.1_173_A,C,C,C,Q,H,C,H,NZ_QJTI01000004.1_173,24.0
RS_GCF_003590945.1,NZ_QYUK01000011.1_342_A,C,C,C,Q,H,C,H,NZ_QYUK01000011.1_342,24.0
RS_GCF_013927005.1,NZ_CP055930.1_4949_A,C,C,C,Q,H,C,H,NZ_CP055930.1_4949,24.0
RS_GCF_017302315.1,NZ_JAFLDT010000008.1_30_A,C,C,C,Q,H,C,H,NZ_JAFLDT010000008.1_30,24.0
RS_GCF_018854775.1,NZ_JAAZTY010000095.1_5_A,C,C,C,Q,H,C,H,NZ_JAAZTY010000095.1_5,24.0
RS_GCF_020595055.1,NZ_JAJDOO010000001.1_317_A,C,C,C,Q,H,C,H,NZ_JAJDOO010000001.1_317,24.0
RS_GCF_024170005.1,NZ_JALJXJ010000001.1_198_A,C,C,C,Q,H,C,H,NZ_JALJXJ010000001.1_198,24.0
RS_GCF_027322205.1,NZ_DAHVHY010000010.1_13_A,C,C,C,Q,H,C,H,NZ_DAHVHY010000010.1_13,24.0
RS_GCF_036541425.1,NZ_JAZHFT010000003.1_239_A,C,C,C,Q,H,C,H,NZ_JAZHFT010000003.1_239,24.0
RS_GCF_039645585.1,NZ_CP147915.1_1601_A,C,C,C,Q,H,C,H,NZ_CP147915.1_1601,24.0
RS_GCF_050016015.1,NZ_JBNHEQ010000085.1_5_A,C,C,C,Q,H,C,H,NZ_JBNHEQ010000085.1_5,24.0
RS_GCF_900114115.1,NZ_FORX01000022.1_16_A,C,C,C,Q,H,C,H,NZ_FORX01000022.1_16,24.0
RS_GCF_963664415.2,NZ_CAXXPY010000004.1_13_A,C,C,C,Q,H,C,H,NZ_CAXXPY010000004.1_13,24.0
GB_GCA_040268405.1,JAWRIR010000122.1_24_A,C,C,C,Q,H,C,H,JAWRIR010000122.1_24,24.0
GB_GCA_964620455.1,CAZUIU010000005.1_10_A,C,C,C,Q,H,C,H,CAZUIU010000005.1_10,24.0
GB_GCA_000685825.1,JMKQ01000006.1_1882_A,C,C,C,Q,H,C,H,JMKQ01000006.1_1882,24.0
GB_GCA_002421845.1,DISL01000037.1_21_A,C,C,C,Q,H,C,H,DISL01000037.1_21,24.0
GB_GCA_007117465.1,SKGK01000158.1_11_A,C,C,C,Q,H,C,H,SKGK01000158.1_11,24.0
GB_GCA_016208015.1,JACQYW010000013.1_23_A,C,C,C,Q,H,C,H,JACQYW010000013.1_23,24.0
GB_GCA_016718565.1,JADKCZ010000003.1_440_A,C,C,C,Q,H,C,H,JADKCZ010000003.1_440,24.0
GB_GCA_016931115.1,JAFGFM010000203.1_48_A,C,C,C,Q,H,C,H,JAFGFM010000203.1_48,24.0
GB_GCA_020723185.1,DYJI01000002.1_222_A,C,C,C,Q,H,C,H,DYJI01000002.1_222,24.0
GB_GCA_023397655.1,JAEWTW010000012.1_127_A,C,C,C,Q,H,C,H,JAEWTW010000012.1_127,24.0
GB_GCA_024635555.1,JAGXIO010000085.1_14_A,C,C,C,Q,H,C,H,JAGXIO010000085.1_14,24.0
GB_GCA_028683835.1,JAQUHB010000003.1_9_A,C,C,C,Q,H,C,H,JAQUHB010000003.1_9,24.0
GB_GCA_028718985.1,JAQUKQ010000059.1_11_A,C,C,C,Q,H,C,H,JAQUKQ010000059.1_11,24.0
GB_GCA_031278715.1,JAITJW010000076.1_5_A,C,C,C,Q,H,C,H,JAITJW010000076.1_5,24.0
GB_GCA_037388025.1,JARRKO010000024.1_43_A,C,C,C,Q,H,C,H,JARRKO010000024.1_43,24.0
GB_GCA_039822045.1,JBCBMY010000003.1_332_A,C,C,C,Q,H,C,H,JBCBMY010000003.1_332,24.0
GB_GCA_040751815.1,JBFMHQ010000051.1_2_A,-,C,C,Q,H,C,H,JBFMHQ010000051.1_2,20.0
GB_GCA_041648175.1,JBAZPO010000018.1_63_A,C,C,C,Q,H,C,H,JBAZPO010000018.1_63,24.0
GB_GCA_044359585.1,JBIKLV010000064.1_2_A,C,C,C,Q,H,C,H,JBIKLV010000064.1_2,24.0
GB_GCA_046051105.1,JBJOOU010000224.1_11_A,C,C,C,Q,H,C,H,JBJOOU010000224.1_11,24.0
GB_GCA_049322355.1,JBMORG010000017.1_8_A,C,C,C,Q,H,C,H,JBMORG010000017.1_8,24.0
GB_GCA_902766735.1,CACXEU010000002.1_4_A,C,C,C,W,F,C,Y,CACXEU010000002.1_4,19.0
GB_GCA_902800795.1,CADCFQ010000017.1_15_A,C,C,C,W,F,C,L,CADCFQ010000017.1_15,19.0
GB_GCA_903848955.1,CAINHS010000071.1_12_A,C,C,C,Q,H,C,H,CAINHS010000071.1_12,24.0
GB_GCA_942492875.1,OW818642.1_2051_A,C,C,C,Q,H,C,H,OW818642.1_2051,24.0
GB_GCA_963665295.1,OY762209.1_3652_A,C,C,C,Q,H,C,H,OY762209.1_3652,24.0
GB_GCA_963675255.1,OY775937.1_238_A,C,C,C,Q,H,C,H,OY775937.1_238,24.0
GB_GCA_963677415.2,CAXXFJ010000043.1_31_A,C,C,C,Q,H,C,H,CAXXFJ010000043.1_31,24.0
GB_GCA_963704315.1,OY969887.1_2291_A,C,C,C,Q,H,C,H,OY969887.1_2291,24.0
GB_GCA_964392245.1,CAYMOX010000024.1_6_A,C,C,C,Q,H,C,H,CAYMOX010000024.1_6,24.0
GB_GCA_964533855.1,CAZHNM010000007.1_45_A,C,C,C,Q,H,C,H,CAZHNM010000007.1_45,24.0
GB_GCA_964647025.1,CAZYFU010000011.1_10_A,C,C,C,Q,H,C,H,CAZYFU010000011.1_10,24.0
RS_GCF_025499705.1,NZ_JAFMVE010000020.1_65_A,C,C,C,Q,H,C,H,NZ_JAFMVE010000020.1_65,24.0
RS_GCF_027327745.1,NZ_DAHVYG010000018.1_13_A,C,C,C,Q,H,C,H,NZ_DAHVYG010000018.1_13,24.0
RS_GCF_030824455.1,NZ_JAVBXR010000075.1_18_A,C,C,C,Q,H,C,H,NZ_JAVBXR010000075.1_18,24.0
RS_GCF_033001325.1,NZ_CP133111.1_3351_A,C,C,C,Q,H,C,H,NZ_CP133111.1_3351,24.0
RS_GCF_900104455.1,NZ_FNHB01000005.1_235_A,C,C,C,Q,H,C,H,NZ_FNHB01000005.1_235,24.0
RS_GCF_900114255.1,NZ_FOSL01000033.1_17_A,C,C,C,Q,H,C,H,NZ_FOSL01000033.1_17,24.0
RS_GCF_900143645.1,NZ_FRFD01000003.1_168_A,C,C,C,W,F,C,Y,NZ_FRFD01000003.1_168,19.0
RS_GCF_965232925.1,NZ_CBDDRA010000014.1_12_A,C,C,C,Q,H,C,H,NZ_CBDDRA010000014.1_12,24.0
GB_GCA_026014465.1,JAOZID010000010.1_658_A,C,C,C,Q,H,C,H,JAOZID010000010.1_658,24.0
GB_GCA_964624045.1,CAZUXC010000011.1_98_A,C,C,C,Q,H,C,H,CAZUXC010000011.1_98,24.0
GB_GCA_000701625.1,JNJK01000002.1_265_A,C,C,C,C,F,C,H,JNJK01000002.1_265,21.0
GB_GCA_003989085.1,RXIV01000001.1_427_A,C,C,C,Q,H,C,H,RXIV01000001.1_427,24.0
GB_GCA_013141375.1,JABFRC010000182.1_4_A,C,C,C,Q,H,C,H,JABFRC010000182.1_4,24.0
GB_GCA_019359035.1,JAHHIC010000008.1_9_A,C,C,C,Q,H,C,H,JAHHIC010000008.1_9,24.0
GB_GCA_021794385.1,JAJYQY010000121.1_21_A,C,C,C,Q,H,C,H,JAJYQY010000121.1_21,24.0
GB_GCA_021825295.1,JAKAHV010000031.1_19_A,C,C,C,Q,H,C,H,JAKAHV010000031.1_19,24.0
GB_GCA_022704645.1,JAKJGA010000032.1_10_A,C,C,C,Q,H,C,H,JAKJGA010000032.1_10,24.0
GB_GCA_028277295.1,JANQGN010000316.1_2_A,C,C,C,Q,H,C,H,JANQGN010000316.1_2,24.0
GB_GCA_031292565.1,JARLGW010000001.1_190_A,C,C,C,Q,H,C,H,JARLGW010000001.1_190,24.0
GB_GCA_034927445.1,JAYFPZ010000001.1_14_A,C,C,C,Q,H,C,H,JAYFPZ010000001.1_14,24.0
GB_GCA_037388465.1,JARRKE010000006.1_66_A,C,C,C,Q,H,C,H,JARRKE010000006.1_66,24.0
GB_GCA_041650575.1,JBAZKX010000128.1_6_A,C,C,C,Q,H,C,H,JBAZKX010000128.1_6,24.0
GB_GCA_041741735.1,JBGSJS010000014.1_49_A,C,C,C,Q,H,C,H,JBGSJS010000014.1_49,24.0
GB_GCA_047719095.1,JBDNSL010000017.1_15_A,C,C,C,Q,H,C,H,JBDNSL010000017.1_15,24.0
GB_GCA_050290485.1,JBNKHS010000309.1_2_A,C,C,C,Q,H,C,H,JBNKHS010000309.1_2,24.0
GB_GCA_963769075.1,CAVYKH010000001.1_2317_A,C,C,C,Q,H,C,H,CAVYKH010000001.1_2317,24.0
GB_GCA_964501655.1,CAZCTN010000018.1_7_A,C,C,C,Q,H,C,H,CAZCTN010000018.1_7,24.0
GB_GCA_964562385.1,CAZLTD010000127.1_12_A,C,C,C,Q,H,C,H,CAZLTD010000127.1_12,24.0
RS_GCF_000189295.2,NC_016803.1_1293_A,C,C,C,Q,H,C,H,NC_016803.1_1293,24.0
RS_GCF_009760915.1,NZ_VIDQ01000160.1_2_A,C,C,C,Q,H,C,H,NZ_VIDQ01000160.1_2,24.0
RS_GCF_017996735.1,NZ_JAGOGJ010000064.1_13_A,C,C,C,Q,H,C,H,NZ_JAGOGJ010000064.1_13,24.0
RS_GCF_019704135.1,NZ_AP024355.1_3581_A,C,C,C,Q,H,C,H,NZ_AP024355.1_3581,24.0
RS_GCF_033042495.1,NZ_JAWLID010000001.1_279_A,C,C,C,Q,H,C,H,NZ_JAWLID010000001.1_279,24.0
RS_GCF_034932065.1,NZ_JAYGHP010000001.1_68_A,C,C,C,Q,H,C,H,NZ_JAYGHP010000001.1_68,24.0
RS_GCF_043633585.1,NZ_CP141832.1_711_A,C,C,C,Q,H,C,H,NZ_CP141832.1_711,24.0
RS_GCF_900217235.1,NZ_LT907975.1_3392_A,C,C,C,Q,H,C,H,NZ_LT907975.1_3392,24.0
RS_GCF_913773725.1,NZ_CAJYGK010000029.1_10_A,C,C,C,Q,H,C,H,NZ_CAJYGK010000029.1_10,24.0
RS_GCF_963664415.2,NZ_CAXXPY010000006.1_2136_A,C,C,C,Q,H,C,H,NZ_CAXXPY010000006.1_2136,24.0
GB_GCA_026014585.1,JAOZIA010000024.1_275_A,C,C,C,Q,H,C,H,JAOZIA010000024.1_275,24.0
RS_GCF_021023085.1,NZ_PGCK01000003.1_108_A,C,C,C,Q,H,C,H,NZ_PGCK01000003.1_108,24.0
GB_GCA_002422265.1,DIUB01000164.1_15_A,C,C,C,Q,H,C,H,DIUB01000164.1_15,24.0
GB_GCA_009787645.1,WQSZ01000060.1_5_A,C,C,C,Q,H,C,H,WQSZ01000060.1_5,24.0
GB_GCA_011620345.1,WOZJ01000062.1_14_A,C,C,C,Q,H,C,H,WOZJ01000062.1_14,24.0
GB_GCA_016719055.1,JADKAW010000058.1_24_A,C,C,C,Q,H,C,H,JADKAW010000058.1_24,24.0
GB_GCA_016931495.1,JAFGER010000034.1_2_A,C,C,C,Q,H,C,H,JAFGER010000034.1_2,24.0
GB_GCA_020054865.1,JAIHAR010000004.1_97_A,C,C,C,Q,H,C,H,JAIHAR010000004.1_97,24.0
GB_GCA_020723285.1,DYJE01000004.1_161_A,C,C,C,Q,H,C,H,DYJE01000004.1_161,24.0
GB_GCA_021734345.1,JAIPJC010000009.1_8_A,C,C,C,Q,H,C,H,JAIPJC010000009.1_8,24.0
GB_GCA_028277325.1,JANQGL010000189.1_3_A,C,C,C,Q,H,C,H,JANQGL010000189.1_3,24.0
GB_GCA_028683855.1,JAQUHA010000002.1_61_A,C,C,C,Q,H,C,H,JAQUHA010000002.1_61,24.0
GB_GCA_035499295.1,DATJZG010000034.1_20_A,C,C,C,Q,H,C,H,DATJZG010000034.1_20,24.0
GB_GCA_040751855.1,JBFMGA010000001.1_647_A,C,C,C,Q,H,C,H,JBFMGA010000001.1_647,24.0
GB_GCA_046539075.1,JBKHHP010000058.1_2_A,C,C,C,Q,H,C,H,JBKHHP010000058.1_2,24.0
GB_GCA_049322415.1,JBMORI010000129.1_28_A,C,C,C,Q,H,C,H,JBMORI010000129.1_28,24.0
GB_GCA_902766735.1,CACXEU010000002.1_20_A,C,C,C,C,F,C,H,CACXEU010000002.1_20,21.0
GB_GCA_946614135.1,CAMOGH010000050.1_15_A,C,C,C,W,F,C,Y,CAMOGH010000050.1_15,19.0
GB_GCA_947505105.1,CANNKG010000046.1_35_A,C,C,C,Q,H,C,H,CANNKG010000046.1_35,24.0
GB_GCA_963665435.2,CAXXNH010000026.1_103_A,C,C,C,Q,H,C,H,CAXXNH010000026.1_103,24.0
GB_GCA_963675255.1,OY775937.1_4005_A,C,C,C,Q,H,C,H,OY775937.1_4005,24.0
GB_GCA_963677435.1,OY781945.1_286_A,C,C,C,Q,H,C,H,OY781945.1_286,24.0
GB_GCA_964420435.1,CAYQTC010000004.1_135_A,C,C,C,Q,H,C,H,CAYQTC010000004.1_135,24.0
GB_GCA_964471705.1,CAYYHR010000016.1_27_A,C,C,C,Q,H,C,H,CAYYHR010000016.1_27,24.0
GB_GCA_964625255.1,CAZVBD010000028.1_11_A,C,C,C,Q,H,C,H,CAZVBD010000028.1_11,24.0
RS_GCF_000513295.1,NC_023065.1_333_A,C,C,C,Q,H,C,H,NC_023065.1_333,24.0
RS_GCF_002051585.1,NZ_MZGX01000024.1_45_A,C,C,C,Q,H,C,H,NZ_MZGX01000024.1_45,24.0
RS_GCF_002814095.1,NZ_CP021913.1_3313_A,C,C,C,Q,H,C,H,NZ_CP021913.1_3313,24.0
RS_GCF_009762775.1,NZ_CP046401.1_3150_A,C,C,C,Q,H,C,H,NZ_CP046401.1_3150,24.0
RS_GCF_011009555.1,NZ_QXHD01000004.1_2172_A,C,C,C,Q,H,C,H,NZ_QXHD01000004.1_2172,24.0
RS_GCF_016735695.1,NZ_JAERQD010000103.1_3_A,C,C,C,Q,H,C,H,NZ_JAERQD010000103.1_3,24.0
RS_GCF_017309075.1,NZ_JAEMGS010000002.1_331_A,C,C,C,Q,H,C,H,NZ_JAEMGS010000002.1_331,24.0
RS_GCF_024181725.1,NZ_CP028908.1_810_A,C,C,C,Q,H,C,H,NZ_CP028908.1_810,24.0
RS_GCF_027346185.1,NZ_DAIESY010000034.1_17_A,C,C,C,Q,H,C,H,NZ_DAIESY010000034.1_17,24.0
RS_GCF_039645965.1,NZ_CP147917.1_1517_A,C,C,C,Q,H,C,H,NZ_CP147917.1_1517,24.0
RS_GCF_041224595.1,NZ_JBGFGN010000113.1_77_A,C,C,C,Q,H,C,H,NZ_JBGFGN010000113.1_77,24.0
RS_GCF_046529485.1,NZ_CP126311.1_1432_A,C,C,C,Q,H,C,H,NZ_CP126311.1_1432,24.0
RS_GCF_900114285.1,NZ_FOSN01000001.1_308_A,C,C,C,Q,H,C,H,NZ_FOSN01000001.1_308,24.0
GB_GCA_002839705.1,PGYO01000007.1_85_A,C,C,C,Q,H,C,H,PGYO01000007.1_85,24.0
GB_GCA_963662735.1,OY759744.1_522_A,C,C,C,Q,H,C,H,OY759744.1_522,24.0
RS_GCF_000970025.1,NZ_CP009528.1_3035_A,C,C,C,Q,H,C,H,NZ_CP009528.1_3035,24.0
GB_GCA_001604385.1,LVBK01000047.1_7_A,C,C,C,Q,H,C,H,LVBK01000047.1_7,24.0
GB_GCA_002779605.1,PEWE01000002.1_184_A,C,C,C,Q,H,C,H,PEWE01000002.1_184,24.0
GB_GCA_003445795.1,DMCN01000089.1_18_A,C,C,C,Q,H,C,H,DMCN01000089.1_18,24.0
GB_GCA_013141505.1,JABFQX010000009.1_21_A,C,C,C,Q,H,C,H,JABFQX010000009.1_21,24.0
GB_GCA_013349665.1,DUZF01000016.1_11_A,C,C,C,Q,H,C,H,DUZF01000016.1_11,24.0
GB_GCA_015056655.1,SVFV01000012.1_17_A,C,C,C,W,F,C,D,SVFV01000012.1_17,19.0
GB_GCA_016234205.1,JACRGN010000129.1_11_A,C,C,C,Q,H,C,H,JACRGN010000129.1_11,24.0
GB_GCA_017460835.1,JAFUAD010000046.1_12_A,C,C,C,W,F,C,G,JAFUAD010000046.1_12,19.0
GB_GCA_022709365.1,JAKLIY010000025.1_34_A,C,C,C,Q,H,C,H,JAKLIY010000025.1_34,24.0
GB_GCA_023419605.1,JAEZXR010000134.1_74_A,C,C,C,Q,H,C,H,JAEZXR010000134.1_74,24.0
GB_GCA_024635605.1,JAGXIR010000054.1_9_A,C,C,C,Q,H,C,H,JAGXIR010000054.1_9,24.0
GB_GCA_024763175.1,JANTGA010000031.1_4_A,C,C,C,Q,H,C,H,JANTGA010000031.1_4,24.0
GB_GCA_028768525.1,CP054837.1_2501_A,C,C,C,Q,H,C,H,CP054837.1_2501,24.0
GB_GCA_031258835.1,JAIRMH010000150.1_12_A,C,C,C,Q,H,C,H,JAIRMH010000150.1_12,24.0
GB_GCA_033764685.1,JANRIS010000098.1_32_A,C,C,C,Q,H,C,H,JANRIS010000098.1_32,24.0
GB_GCA_037388705.1,JARRJY010000032.1_7_A,C,C,C,Q,H,C,H,JARRJY010000032.1_7,24.0
GB_GCA_040751985.1,JBFMFU010000009.1_32_A,C,C,C,Q,H,C,H,JBFMFU010000009.1_32,24.0
GB_GCA_046539235.1,JBKHHI010000126.1_4_A,C,C,C,Q,H,C,H,JBKHHI010000126.1_4,24.0
GB_GCA_050331715.1,JBHJGO010000015.1_68_A,C,C,C,Q,H,C,H,JBHJGO010000015.1_68,24.0
GB_GCA_903851035.1,CAINND010000060.1_30_A,C,C,C,Q,H,C,H,CAINND010000060.1_30,24.0
GB_GCA_903959855.1,CAJBYR010000042.1_9_A,C,C,C,Q,H,C,H,CAJBYR010000042.1_9,24.0
GB_GCA_937902125.1,CALDIB010000012.1_18_A,C,C,C,W,F,C,G,CALDIB010000012.1_18,19.0
GB_GCA_942492895.1,OW818652.1_1775_A,C,C,C,Q,H,C,H,OW818652.1_1775,24.0
GB_GCA_963704565.1,OY969917.1_3490_A,C,C,C,Q,H,C,H,OY969917.1_3490,24.0
GB_GCA_963725985.1,CAVSAO010000002.1_1321_A,C,C,C,Q,H,C,H,CAVSAO010000002.1_1321,24.0
GB_GCA_963795045.1,CAWCGB010000008.1_642_A,C,C,C,Q,H,C,H,CAWCGB010000008.1_642,24.0
GB_GCA_964446655.1,CAYUPL010000004.1_87_A,C,C,C,Q,H,C,H,CAYUPL010000004.1_87,24.0
GB_GCA_964647585.1,CAZYGG010000037.1_5_A,C,C,C,Q,H,C,H,CAZYGG010000037.1_5,24.0
RS_GCF_000058485.1,NC_008278.1_6021_A,C,C,C,Q,H,C,H,NC_008278.1_6021,24.0
RS_GCF_000378985.1,NZ_KB905371.1_277_A,C,C,C,Q,H,C,H,NZ_KB905371.1_277,24.0
RS_GCF_001440035.1,NZ_LJYG01000013.1_27_A,C,C,C,Q,H,C,H,NZ_LJYG01000013.1_27,24.0
RS_GCF_007290395.2,NZ_CP041656.2_4609_A,C,C,C,Q,H,C,H,NZ_CP041656.2_4609,24.0
RS_GCF_022832375.1,NZ_JALHLG010000003.1_224_A,C,C,C,Q,H,C,H,NZ_JALHLG010000003.1_224,24.0
RS_GCF_024197615.1,NZ_JAKUKE010000001.1_397_A,C,C,C,Q,H,C,H,NZ_JAKUKE010000001.1_397,24.0
RS_GCF_029625685.1,NZ_JARTVT010000050.1_10_A,C,C,C,Q,H,C,H,NZ_JARTVT010000050.1_10,24.0
RS_GCF_030848475.1,NZ_JAVDDS010000031.1_13_A,C,C,C,Q,H,C,H,NZ_JAVDDS010000031.1_13,24.0
RS_GCF_900217815.1,NZ_OBMT01000006.1_81_A,C,C,C,Q,H,C,H,NZ_OBMT01000006.1_81,24.0
RS_GCF_965243865.1,NZ_OZ251603.1_2465_A,C,C,C,Q,H,C,H,NZ_OZ251603.1_2465,24.0
GB_GCA_002897955.1,BDTY01000116.1_11_A,C,C,C,Q,H,C,H,BDTY01000116.1_11,24.0
GB_GCA_026014745.1,JAOZHS010000001.1_568_A,C,C,C,Q,H,C,H,JAOZHS010000001.1_568,24.0
GB_GCA_963666025.1,OY762552.1_1223_A,C,C,C,Q,H,C,H,OY762552.1_1223,24.0
RS_GCF_022014235.1,NZ_JAKLTD010000001.1_195_A,C,C,C,Q,H,C,H,NZ_JAKLTD010000001.1_195,24.0
GB_GCA_002091395.1,AP017913.1_204_A,C,C,C,Q,H,C,H,AP017913.1_204,24.0
GB_GCA_002368295.1,AP018248.1_4857_A,C,C,C,Q,H,C,H,AP018248.1_4857,24.0
GB_GCA_002781365.1,PETN01000062.1_33_A,C,C,C,Q,H,C,H,PETN01000062.1_33,24.0
GB_GCA_013150915.1,JAADJE010000012.1_4_A,C,C,C,Q,H,C,H,JAADJE010000012.1_4,24.0
GB_GCA_016931575.1,JAFGEO010000164.1_8_A,C,C,C,Q,H,C,H,JAFGEO010000164.1_8,24.0
GB_GCA_021736785.1,JAIPFF010000015.1_35_A,C,C,C,Q,H,C,H,JAIPFF010000015.1_35,24.0
GB_GCA_023410675.1,JAEYPM010000044.1_27_A,C,C,C,W,F,C,-,JAEYPM010000044.1_27,18.0
GB_GCA_023420245.1,JAEZWL010000030.1_31_A,C,C,C,W,F,C,-,JAEZWL010000030.1_31,18.0
GB_GCA_027319095.1,DAHVNW010000014.1_16_A,C,C,C,Q,H,C,H,DAHVNW010000014.1_16,24.0
GB_GCA_031278735.1,JAITJU010000074.1_11_A,C,C,C,Q,H,C,H,JAITJU010000074.1_11,24.0
GB_GCA_031288495.1,JAITRH010000199.1_4_A,C,C,C,Q,H,C,H,JAITRH010000199.1_4,24.0
GB_GCA_038531675.1,JBCBBK010000005.1_131_A,C,C,C,Q,H,C,H,JBCBBK010000005.1_131,24.0
GB_GCA_041651315.1,JBAZJM010000022.1_2_A,C,C,C,Q,H,C,H,JBAZJM010000022.1_2,24.0
GB_GCA_050119385.1,JASFJX010000003.1_12_A,C,C,C,Q,H,C,H,JASFJX010000003.1_12,24.0
GB_GCA_050290865.1,JBNKIW010000002.1_146_A,C,C,C,Q,H,C,H,JBNKIW010000002.1_146,24.0
GB_GCA_903882665.1,CAIRXW010000011.1_13_A,C,C,C,Q,H,C,H,CAIRXW010000011.1_13,24.0
GB_GCA_963665445.1,OY762276.1_3137_A,C,C,C,Q,H,C,H,OY762276.1_3137,24.0
GB_GCA_963675255.1,OY775937.1_4014_A,C,C,C,Q,H,C,H,OY775937.1_4014,24.0
GB_GCA_963704745.1,OY969936.1_1082_A,C,C,C,Q,H,C,H,OY969936.1_1082,24.0
GB_GCA_963748525.1,CAVVJJ010000018.1_39_A,C,C,C,Q,H,C,H,CAVVJJ010000018.1_39,24.0
GB_GCA_963769335.1,CAVYLT010000051.1_11_A,C,C,C,Q,H,C,H,CAVYLT010000051.1_11,24.0
GB_GCA_964501815.1,CAZCUR010000003.1_23_A,C,C,C,Q,H,C,H,CAZCUR010000003.1_23,24.0
GB_GCA_964534335.1,CAZHPS010000042.1_13_A,C,C,C,Q,H,C,H,CAZHPS010000042.1_13,24.0
RS_GCF_000067045.1,NC_010125.1_410_A,C,C,C,Q,H,C,H,NC_010125.1_410,24.0
RS_GCF_000636015.1,NZ_JFZJ01000075.1_4_A,C,C,C,Q,H,C,H,NZ_JFZJ01000075.1_4,24.0
RS_GCF_001874525.1,NZ_LKAQ01000001.1_766_A,C,C,C,Q,H,C,H,NZ_LKAQ01000001.1_766,24.0
RS_GCF_003591005.1,NZ_QYYD01000039.1_29_A,C,C,C,Q,H,C,H,NZ_QYYD01000039.1_29,24.0
RS_GCF_008635795.1,NZ_VWRQ01000007.1_127_A,C,C,C,Q,H,C,H,NZ_VWRQ01000007.1_127,24.0
RS_GCF_022832385.1,NZ_JALHLE010000015.1_33_A,C,C,C,Q,H,C,H,NZ_JALHLE010000015.1_33,24.0
RS_GCF_024199795.1,NZ_JANADK010000001.1_1594_A,C,C,C,Q,H,C,H,NZ_JANADK010000001.1_1594,24.0
RS_GCF_039645975.1,NZ_CP147918.1_1537_A,C,C,C,Q,H,C,H,NZ_CP147918.1_1537,24.0
RS_GCF_043769475.1,NZ_CP171729.1_5943_A,C,C,C,Q,H,C,H,NZ_CP171729.1_5943,24.0
GB_GCA_002923215.1,BDTI01000123.1_8_A,C,C,C,Q,H,C,H,BDTI01000123.1_8,24.0
RS_GCF_049706645.1,NZ_JBNAKP010000019.1_25_A,C,C,C,Q,H,C,H,NZ_JBNAKP010000019.1_25,24.0
GB_GCA_001604405.1,LVBL01000030.1_14_A,C,C,C,Q,H,C,H,LVBL01000030.1_14,24.0
GB_GCA_002422395.1,DIUY01000011.1_170_A,C,C,C,Q,H,C,H,DIUY01000011.1_170,24.0
GB_GCA_003138795.1,PLHC01000066.1_107_A,C,C,C,Q,H,C,H,PLHC01000066.1_107,24.0
GB_GCA_003990705.1,AP018318.1_3458_A,C,C,C,Q,H,C,H,AP018318.1_3458,24.0
GB_GCA_007121535.1,SKKK01000483.1_3_A,C,C,C,Q,H,C,H,SKKK01000483.1_3,24.0
GB_GCA_012026715.1,VEPB01000023.1_2_A,C,C,C,Q,H,C,H,VEPB01000023.1_2,24.0
GB_GCA_015056815.1,SVFN01000038.1_18_A,C,C,C,W,F,C,A,SVFN01000038.1_18,19.0
GB_GCA_016208105.1,JACQYS010000027.1_33_A,C,C,C,Q,H,C,H,JACQYS010000027.1_33,24.0
GB_GCA_016720065.1,JADJXY010000002.1_2161_A,C,C,C,Q,H,C,H,JADJXY010000002.1_2161,24.0
GB_GCA_019359045.1,JAHHIA010000001.1_360_A,C,C,C,Q,H,C,H,JAHHIA010000001.1_360,24.0
GB_GCA_021794835.1,JAJYQA010000029.1_148_A,-,-,C,Q,H,C,H,JAJYQA010000029.1_148,16.0
GB_GCA_021825865.1,JAKAFU010000002.1_7_A,C,C,C,Q,H,C,H,JAKAFU010000002.1_7,24.0
GB_GCA_023388515.1,JAEWGD010000040.1_36_A,C,C,C,W,F,C,G,JAEWGD010000040.1_36,19.0
GB_GCA_024635885.1,JAGXIA010000048.1_3_A,C,C,C,Q,H,C,H,JAGXIA010000048.1_3,24.0
GB_GCA_028684065.1,JAQUGO010000001.1_117_A,C,C,C,Q,H,C,H,JAQUGO010000001.1_117,24.0
GB_GCA_030065935.1,JASJCP010000001.1_37_A,C,C,C,Q,H,C,H,JASJCP010000001.1_37,24.0
GB_GCA_031273735.1,JAISRI010000142.1_3_A,C,C,C,Q,H,C,H,JAISRI010000142.1_3,24.0
GB_GCA_035633375.1,DASQFA010000001.1_12_A,C,C,C,Q,H,C,H,DASQFA010000001.1_12,24.0
GB_GCA_036787795.1,DAIQOQ010000223.1_2_A,C,C,C,Q,H,C,H,DAIQOQ010000223.1_2,24.0
GB_GCA_049322795.1,JBMOQH010000011.1_97_A,C,C,C,Q,H,C,H,JBMOQH010000011.1_97,24.0
GB_GCA_051879315.1,JBJELW010000087.1_13_A,C,C,C,W,F,C,A,JBJELW010000087.1_13,19.0
GB_GCA_903960515.1,CAJCBL010000106.1_15_A,C,C,C,Q,H,C,H,CAJCBL010000106.1_15,24.0
GB_GCA_963677455.1,OY781971.1_3407_A,C,C,C,Q,H,C,H,OY781971.1_3407,24.0
GB_GCA_963726475.1,CAVSCO010000092.1_20_A,C,C,C,Q,H,C,H,CAVSCO010000092.1_20,24.0
GB_GCA_963848675.1,CAWKEY010000030.1_207_A,C,C,C,Q,H,C,H,CAWKEY010000030.1_207,24.0
GB_GCA_964392915.1,CAYMRS010000058.1_9_A,C,C,C,Q,H,C,H,CAYMRS010000058.1_9,24.0
GB_GCA_964420595.1,CAYQUF010000145.1_10_A,C,C,C,Q,H,C,H,CAYQUF010000145.1_10,24.0
GB_GCA_964625895.1,CAZVBY010000003.1_41_A,C,C,C,Q,H,C,H,CAZVBY010000003.1_41,24.0
GB_GCA_965602905.1,CBFCZY010000018.1_50_A,C,C,C,Q,H,C,H,CBFCZY010000018.1_50,24.0
RS_GCF_000016165.1,NC_009253.1_2999_A,C,C,C,Q,H,C,H,NC_009253.1_2999,24.0
RS_GCF_001650715.1,NZ_LWQT01000109.1_133_A,C,C,C,Q,H,C,H,NZ_LWQT01000109.1_133,24.0
RS_GCF_007475525.1,NZ_CP037899.1_420_A,C,C,C,Q,H,C,H,NZ_CP037899.1_420,24.0
RS_GCF_009762795.1,NZ_CP046400.1_1869_A,C,C,C,Q,H,C,H,NZ_CP046400.1_1869,24.0
RS_GCF_014698965.1,NZ_JACXAE010000118.1_77_A,C,C,C,Q,H,C,H,NZ_JACXAE010000118.1_77,24.0
RS_GCF_015709525.1,NZ_JADNRA010000034.1_171_A,C,C,C,Q,H,C,H,NZ_JADNRA010000034.1_171,24.0
RS_GCF_017309585.1,NZ_CP071321.1_4140_A,C,C,C,Q,H,C,H,NZ_CP071321.1_4140,24.0
RS_GCF_019740315.1,NZ_JAHXZR010000004.1_115_A,C,C,C,Q,H,C,H,NZ_JAHXZR010000004.1_115,24.0
RS_GCF_029643245.1,NZ_CP116398.1_3823_A,C,C,C,Q,H,C,H,NZ_CP116398.1_3823,24.0
RS_GCF_030849505.1,NZ_JAUJFI010000037.1_25_A,C,C,C,Q,H,C,H,NZ_JAUJFI010000037.1_25,24.0
RS_GCF_042604635.1,NZ_CP170472.1_307_A,C,C,C,Q,H,C,H,NZ_CP170472.1_307,24.0
RS_GCF_050058015.1,NZ_CP170111.1_372_A,C,C,C,Q,H,C,H,NZ_CP170111.1_372,24.0
RS_GCF_918741295.1,NZ_CAKKNB010000001.1_1433_A,C,C,C,Q,H,C,H,NZ_CAKKNB010000001.1_1433,24.0
GB_GCA_041447175.1,CP166960.1_729_A,C,C,C,Q,H,C,H,CP166960.1_729,24.0
RS_GCF_049723875.1,NZ_JBNAKN010000003.1_459_A,C,C,C,Q,H,C,H,NZ_JBNAKN010000003.1_459,24.0
GB_GCA_003138955.1,PLHP01000198.1_3_A,C,C,C,Q,H,C,H,PLHP01000198.1_3,24.0
GB_GCA_016208115.1,JACQYR010000035.1_13_A,C,C,C,Q,H,C,H,JACQYR010000035.1_13,24.0
GB_GCA_016234655.1,JACRAU010000004.1_209_A,C,C,C,Q,H,C,H,JACRAU010000004.1_209,24.0
GB_GCA_016931615.1,JAFGEL010000109.1_9_A,C,C,C,Q,H,C,H,JAFGEL010000109.1_9,24.0
GB_GCA_017620235.1,JAFZQT010000099.1_9_A,C,C,C,W,F,C,Y,JAFZQT010000099.1_9,19.0
GB_GCA_020056455.1,JAGVHR010000064.1_3_A,C,C,C,Q,H,C,H,JAGVHR010000064.1_3,24.0
GB_GCA_023410975.1,JAEYPG010000332.1_2_A,C,C,C,Q,H,C,H,JAEYPG010000332.1_2,24.0
GB_GCA_023454275.1,JAEYGM010000032.1_237_A,C,C,C,Q,H,C,H,JAEYGM010000032.1_237,24.0
GB_GCA_024636255.1,JAGXHK010000056.1_2_A,C,C,C,Q,H,C,H,JAGXHK010000056.1_2,24.0
GB_GCA_027323445.1,DAHWBS010000004.1_35_A,C,C,C,Q,H,C,H,DAHWBS010000004.1_35,24.0
GB_GCA_028277445.1,JANQGG010000018.1_5_A,C,C,C,Q,H,C,H,JANQGG010000018.1_5,24.0
GB_GCA_033764875.1,JANRIO010000089.1_41_A,C,C,C,Q,H,C,H,JANRIO010000089.1_41,24.0
GB_GCA_035503795.1,DATJTB010000085.1_3_A,C,C,C,Q,H,C,H,DATJTB010000085.1_3,24.0
GB_GCA_036406235.1,DASWVO010000374.1_2_A,C,C,C,Q,H,C,H,DASWVO010000374.1_2,24.0
GB_GCA_039822785.1,JBCBMO010000004.1_201_A,C,C,C,Q,H,C,H,JBCBMO010000004.1_201,24.0
GB_GCA_040752215.1,JBFMEX010000009.1_29_A,C,C,C,Q,H,C,H,JBFMEX010000009.1_29,24.0
GB_GCA_050119415.1,JASFJY010000042.1_11_A,C,C,C,Q,H,C,H,JASFJY010000042.1_11,24.0
GB_GCA_050290965.1,JBNKJB010000010.1_73_A,C,C,C,Q,H,C,H,JBNKJB010000010.1_73,24.0
GB_GCA_900299075.1,OMIK01000052.1_10_A,C,C,C,Q,H,C,H,OMIK01000052.1_10,24.0
GB_GCA_903884655.1,CAISFO010000066.1_11_A,C,C,C,Q,H,C,H,CAISFO010000066.1_11,24.0
GB_GCA_942492925.1,OW818641.1_999_A,C,C,C,Q,H,C,H,OW818641.1_999,24.0
GB_GCA_946616795.1,CAMOJU010000028.1_8_A,C,C,C,W,F,C,L,CAMOJU010000028.1_8,19.0
GB_GCA_963665495.1,OY762289.1_2880_A,C,C,C,Q,H,C,H,OY762289.1_2880,24.0
GB_GCA_963675285.2,CAXXGS010000002.1_574_A,C,C,C,Q,H,C,H,CAXXGS010000002.1_574,24.0
GB_GCA_963677465.1,OY781976.1_4338_A,C,C,C,Q,H,C,H,OY781976.1_4338,24.0
GB_GCA_964534355.1,CAZHNZ010000034.1_25_A,C,C,C,Q,H,C,H,CAZHNZ010000034.1_25,24.0
GB_GCA_964595865.1,CAZQRL010000010.1_111_A,C,C,C,Q,H,C,H,CAZQRL010000010.1_111,24.0
RS_GCF_000379025.1,NZ_KB900617.1_255_A,C,C,C,Q,H,C,H,NZ_KB900617.1_255,24.0
RS_GCF_000426705.1,NZ_AUFW01000017.1_140_A,C,C,C,Q,H,C,H,NZ_AUFW01000017.1_140,24.0
RS_GCF_000513895.2,NZ_CP165784.1_367_A,C,C,C,Q,H,C,H,NZ_CP165784.1_367,24.0
RS_GCF_002269255.1,NZ_CP022823.1_1794_A,C,C,C,Q,H,C,H,NZ_CP022823.1_1794,24.0
RS_GCF_004802635.2,NZ_CP046052.1_3977_A,C,C,C,Q,H,C,H,NZ_CP046052.1_3977,24.0
RS_GCF_011022235.1,NZ_JAAIYP010000011.1_67_A,C,C,C,Q,H,C,H,NZ_JAAIYP010000011.1_67,24.0
RS_GCF_014050525.1,NZ_JACGAG010000012.1_20_A,C,C,C,Q,H,C,H,NZ_JACGAG010000012.1_20,24.0
RS_GCF_014284475.1,NZ_WJBC01000012.1_10_A,C,C,C,Q,H,C,H,NZ_WJBC01000012.1_10,24.0
RS_GCF_036553665.1,NZ_JAZHPZ010000002.1_399_A,C,C,C,Q,H,C,H,NZ_JAZHPZ010000002.1_399,24.0
RS_GCF_036919895.1,NZ_JBALBW010000022.1_37_A,C,C,C,Q,H,C,H,NZ_JBALBW010000022.1_37,24.0
RS_GCF_041320595.1,NZ_CP166625.1_4858_A,C,C,C,Q,H,C,H,NZ_CP166625.1_4858,24.0
RS_GCF_900104585.1,NZ_FNVX01000005.1_987_A,C,C,C,Q,H,C,H,NZ_FNVX01000005.1_987,24.0
RS_GCF_023227715.1,NZ_JALKIF010000010.1_55_A,C,C,C,Q,H,C,H,NZ_JALKIF010000010.1_55,24.0
GB_GCA_000733415.1,KL662192.1_74_A,C,C,C,Q,H,C,H,KL662192.1_74,24.0
GB_GCA_001604585.1,LVBW01000006.1_6_A,C,C,C,Q,H,C,H,LVBW01000006.1_6,24.0
GB_GCA_003252075.1,QKDO01000127.1_25_A,C,C,C,Q,H,C,H,QKDO01000127.1_25,24.0
GB_GCA_021795215.1,JAJYPS010000077.1_5_A,C,C,C,Q,H,C,H,JAJYPS010000077.1_5,24.0
GB_GCA_022712815.1,JAFLJW010000200.1_5_A,C,C,C,Q,H,C,H,JAFLJW010000200.1_5,24.0
GB_GCA_024636345.1,JAGXHG010000032.1_82_A,C,C,C,Q,H,C,H,JAGXHG010000032.1_82,24.0
GB_GCA_024763575.1,JANTFF010000001.1_18_A,C,C,C,Q,H,C,H,JANTFF010000001.1_18,24.0
GB_GCA_028685945.1,JAQUCZ010000061.1_5_A,C,C,C,Q,H,C,H,JAQUCZ010000061.1_5,24.0
GB_GCA_028868825.1,JAGWTU010000060.1_12_A,C,C,C,Q,H,C,H,JAGWTU010000060.1_12,24.0
GB_GCA_034927755.1,JAYFPN010000006.1_681_A,C,C,C,Q,H,C,H,JAYFPN010000006.1_681,24.0
GB_GCA_046540715.1,JBKHER010000012.1_12_A,C,C,C,Q,H,C,H,JBKHER010000012.1_12,24.0
GB_GCA_947586255.1,CANPXP010000020.1_35_A,C,C,C,H,Y,C,L,CANPXP010000020.1_35,19.0
GB_GCA_963675365.2,CAXXVA010000003.1_443_A,C,C,C,Q,H,C,H,CAXXVA010000003.1_443,24.0
GB_GCA_963726485.1,CAVSCL010000045.1_49_A,-,-,C,Q,H,C,H,CAVSCL010000045.1_49,16.0
GB_GCA_963769335.1,CAVYLT010000098.1_28_A,C,C,C,Q,H,C,H,CAVYLT010000098.1_28,24.0
GB_GCA_963796255.1,CAWCLE010000011.1_157_A,C,C,C,Q,H,C,H,CAWCLE010000011.1_157,24.0
GB_GCA_963848805.1,CAWKFD010000029.1_22_A,C,C,C,Q,H,C,H,CAWKFD010000029.1_22,24.0
GB_GCA_964502115.1,CAZCVH010000022.1_9_A,C,C,C,Q,H,C,H,CAZCVH010000022.1_9,24.0
GB_GCA_964626155.1,CAZVEN010000025.1_19_A,C,C,C,Q,H,C,H,CAZVEN010000025.1_19,24.0
RS_GCF_000069785.1,NC_010529.1_272_A,C,C,C,Q,H,C,H,NC_010529.1_272,24.0
RS_GCF_000190375.1,NZ_AEWG01000097.1_6_A,C,C,C,Q,H,C,H,NZ_AEWG01000097.1_6,24.0
RS_GCF_001877035.1,NZ_CP015756.1_1235_A,C,C,C,Q,H,C,H,NZ_CP015756.1_1235,24.0
RS_GCF_002834385.1,NZ_PITQ01000003.1_167_A,C,C,C,Q,H,C,H,NZ_PITQ01000003.1_167,24.0
RS_GCF_003217355.1,NZ_QJTK01000019.1_6_A,C,C,C,Q,H,C,H,NZ_QJTK01000019.1_6,24.0
RS_GCF_004337445.1,NZ_SJZB01000053.1_51_A,C,C,C,Q,H,C,H,NZ_SJZB01000053.1_51,24.0
RS_GCF_013141775.1,NZ_WHOB01000061.1_14_A,C,C,C,Q,H,C,H,NZ_WHOB01000061.1_14,24.0
RS_GCF_018069755.1,NZ_JAGQDE010000023.1_5_A,C,C,C,Q,H,C,H,NZ_JAGQDE010000023.1_5,24.0
RS_GCF_021740465.1,NZ_JAIOZR010000019.1_28_A,C,C,C,Q,H,C,H,NZ_JAIOZR010000019.1_28,24.0
RS_GCF_029674545.1,NZ_CP121354.1_1216_A,C,C,C,Q,H,C,H,NZ_CP121354.1_1216,24.0
RS_GCF_030913705.1,NZ_CP133190.1_943_A,C,C,C,Q,H,C,H,NZ_CP133190.1_943,24.0
RS_GCF_033100115.1,NZ_CP136910.1_537_A,C,C,C,Q,H,C,H,NZ_CP136910.1_537,24.0
RS_GCF_036562005.2,NZ_JARXNH020000051.1_13_A,C,C,C,Q,H,C,H,NZ_JARXNH020000051.1_13,24.0
RS_GCF_039645985.1,NZ_CP147919.1_2600_A,C,C,C,Q,H,C,H,NZ_CP147919.1_2600,24.0
RS_GCF_044068625.1,NZ_JBIPKH010000026.1_16_A,C,C,C,Q,H,C,H,NZ_JBIPKH010000026.1_16,24.0
RS_GCF_900143645.1,NZ_FRFD01000010.1_266_A,C,C,C,Q,H,C,H,NZ_FRFD01000010.1_266,24.0
RS_GCF_963664555.1,NZ_OY761461.1_3342_A,C,C,C,Q,H,C,H,NZ_OY761461.1_3342,24.0
GB_GCA_002110465.1,NEED01000049.1_255_A,C,C,C,Q,H,C,H,NEED01000049.1_255,24.0
GB_GCA_003252105.1,QKDL01000057.1_3_A,C,C,C,Q,H,C,H,QKDL01000057.1_3,24.0
GB_GCA_012026885.1,VEPL01000007.1_118_A,C,C,C,Q,H,C,H,VEPL01000007.1_118,24.0
GB_GCA_013151175.1,JAADIV010000184.1_4_A,C,C,C,Q,H,C,H,JAADIV010000184.1_4,24.0
GB_GCA_020723305.1,DYJC01000026.1_29_A,C,C,C,Q,H,C,H,DYJC01000026.1_29,24.0
GB_GCA_021737145.1,JAIPEN010000003.1_25_A,C,C,C,Q,H,C,H,JAIPEN010000003.1_25,24.0
GB_GCA_021825945.1,JAKAFN010000004.1_29_A,C,C,C,Q,H,C,H,JAKAFN010000004.1_29,24.0
GB_GCA_026390075.1,JAPLGP010000020.1_24_A,C,C,C,Q,H,C,H,JAPLGP010000020.1_24,24.0
GB_GCA_028686055.1,JAQUCU010000052.1_12_A,C,C,C,Q,H,C,H,JAQUCU010000052.1_12,24.0
GB_GCA_034928085.1,JAYFPG010000056.1_15_A,C,C,C,Q,H,C,H,JAYFPG010000056.1_15,24.0
GB_GCA_035504945.1,DATJRH010000015.1_152_A,C,C,C,Q,H,C,H,DATJRH010000015.1_152,24.0
GB_GCA_040752355.1,JBFMHE010000009.1_45_A,C,C,C,Q,H,C,H,JBFMHE010000009.1_45,24.0
GB_GCA_041652635.1,JBAZGW010000006.1_23_A,C,C,C,Q,H,C,H,JBAZGW010000006.1_23,24.0
GB_GCA_050291365.1,JBNKJS010000041.1_120_A,C,C,C,Q,H,C,H,JBNKJS010000041.1_120,24.0
GB_GCA_963849065.1,CAWKFM010000004.1_387_A,C,C,C,Q,H,C,H,CAWKFM010000004.1_387,24.0
GB_GCA_964472925.1,CAYYNL010000214.1_2_A,C,C,C,Q,H,C,H,CAYYNL010000214.1_2,24.0
GB_GCA_964649725.1,CAZYTM010000002.1_343_A,C,C,C,Q,H,C,H,CAZYTM010000002.1_343,24.0
RS_GCF_000317225.1,NZ_AJLL01000081.1_60_A,C,C,C,Q,H,C,H,NZ_AJLL01000081.1_60,24.0
RS_GCF_000379365.1,NZ_KB901877.1_194_A,C,C,C,Q,H,C,H,NZ_KB901877.1_194,24.0
RS_GCF_000685035.1,NZ_BAYB01000013.1_181_A,C,C,C,Q,H,C,H,NZ_BAYB01000013.1_181,24.0
RS_GCF_001007875.1,NZ_CP011412.1_3319_A,C,C,C,Q,H,C,H,NZ_CP011412.1_3319,24.0
RS_GCF_001651855.1,NZ_LNQC01000073.1_32_A,C,C,C,Q,H,C,H,NZ_LNQC01000073.1_32,24.0
RS_GCF_002068095.1,NZ_LWIG01000056.1_35_A,C,C,C,Q,H,C,H,NZ_LWIG01000056.1_35,24.0
RS_GCF_003028655.1,NZ_PYUC01000021.1_21_A,C,C,C,Q,H,C,H,NZ_PYUC01000021.1_21,24.0
RS_GCF_003601975.1,NZ_QZWZ01000047.1_19_A,C,C,C,Q,H,C,H,NZ_QZWZ01000047.1_19,24.0
RS_GCF_007625075.1,NZ_QMIE01000010.1_10_A,C,C,C,Q,H,C,H,NZ_QMIE01000010.1_10,24.0
RS_GCF_008727795.1,NZ_CP044222.1_49_A,C,C,C,Q,H,C,H,NZ_CP044222.1_49,24.0
RS_GCF_015711015.1,NZ_CP064653.1_1557_A,C,C,C,Q,H,C,H,NZ_CP064653.1_1557,24.0
RS_GCF_016745425.1,NZ_JAERVK010000020.1_2_A,C,C,C,Q,H,C,H,NZ_JAERVK010000020.1_2,24.0
RS_GCF_017310505.1,NZ_CP065957.1_814_A,C,C,C,Q,H,C,H,NZ_CP065957.1_814,24.0
RS_GCF_022832435.1,NZ_JALHLF010000009.1_46_A,C,C,C,Q,H,C,H,NZ_JALHLF010000009.1_46,24.0
RS_GCF_046533075.1,NZ_JAJQRB010000061.1_12_A,C,C,C,Q,H,C,H,NZ_JAJQRB010000061.1_12,24.0
RS_GCF_048077055.1,NZ_CP182236.1_5862_A,C,C,C,Q,H,C,H,NZ_CP182236.1_5862,24.0
RS_GCF_051883275.1,NZ_JBJETK010000013.1_138_A,C,C,C,W,F,C,-,NZ_JBJETK010000013.1_138,18.0
RS_GCF_900104805.1,NZ_LT629751.1_2345_A,C,C,C,Q,H,C,H,NZ_LT629751.1_2345,24.0
RS_GCF_900143695.1,NZ_FRFE01000005.1_219_A,C,C,C,Q,H,C,H,NZ_FRFE01000005.1_219,24.0
GB_GCA_026394555.1,JAPKXZ010000023.1_41_A,C,C,C,Q,H,C,H,JAPKXZ010000023.1_41,24.0
GB_GCA_963666555.1,OY762912.1_1298_A,C,C,C,Q,H,C,H,OY762912.1_1298,24.0
GB_GCA_963814425.1,CAWFCP010000014.1_25_A,C,C,C,Q,H,C,H,CAWFCP010000014.1_25,24.0
GB_GCA_964625165.1,CAZVAS010000058.1_10_A,C,C,C,Q,H,C,H,CAZVAS010000058.1_10,24.0
GB_GCA_002134785.1,MBQZ01000010.1_28_A,C,C,C,Q,H,C,H,MBQZ01000010.1_28,24.0
GB_GCA_002784065.1,PFJY01000119.1_20_A,C,C,C,Q,H,C,H,PFJY01000119.1_20,24.0
GB_GCA_003448685.1,DLXW01000100.1_20_A,C,C,C,Q,H,C,H,DLXW01000100.1_20,24.0
GB_GCA_013151365.1,JAADIK010000036.1_2_A,C,C,C,Q,H,C,H,JAADIK010000036.1_2,24.0
GB_GCA_013363835.1,CP054864.1_487_A,C,C,C,Q,H,C,H,CP054864.1_487,24.0
GB_GCA_015492645.1,WGER01000001.1_8_A,C,C,C,Q,H,C,H,WGER01000001.1_8,24.0
GB_GCA_016234745.1,JACRAR010000026.1_35_A,C,C,C,Q,H,C,H,JACRAR010000026.1_35,24.0
GB_GCA_016720395.1,JADKKR010000002.1_123_A,C,C,C,Q,H,C,H,JADKKR010000002.1_123,24.0
GB_GCA_021737265.1,JAIPEF010000101.1_8_A,C,C,C,Q,H,C,H,JAIPEF010000101.1_8,24.0
GB_GCA_023411035.1,JAEYPE010000263.1_5_A,C,C,C,Q,H,C,H,JAEYPE010000263.1_5,24.0
GB_GCA_023435895.1,JAEZLH010000029.1_29_A,C,C,C,Q,H,C,H,JAEZLH010000029.1_29,24.0
GB_GCA_027324025.1,DAHVYW010000054.1_11_A,C,C,C,Q,H,C,H,DAHVYW010000054.1_11,24.0
GB_GCA_028277465.1,JANQGF010000248.1_11_A,C,C,C,Q,H,C,H,JANQGF010000248.1_11,24.0
GB_GCA_030705945.1,JAUZPS010000379.1_5_A,C,C,C,Q,H,C,H,JAUZPS010000379.1_5,24.0
GB_GCA_031426735.1,JASJPK010000102.1_3_A,C,C,C,Q,H,C,H,JASJPK010000102.1_3,24.0
GB_GCA_035635015.1,DASQBW010000008.1_7_A,C,C,C,Q,H,C,H,DASQBW010000008.1_7,24.0
GB_GCA_036504035.1,DASXVV010000006.1_177_A,C,C,C,Q,H,C,H,DASXVV010000006.1_177,24.0
GB_GCA_037440305.1,JBBIUH010000173.1_6_A,C,C,C,Q,H,C,H,JBBIUH010000173.1_6,24.0
GB_GCA_039908285.1,JAMOBE010000028.1_25_A,C,C,C,Q,H,C,H,JAMOBE010000028.1_25,24.0
GB_GCA_040752695.1,JBFMGO010000024.1_50_A,C,C,C,Q,H,C,H,JBFMGO010000024.1_50,24.0
GB_GCA_049323095.1,JBMOME010000092.1_6_A,C,C,C,Q,H,C,H,JBMOME010000092.1_6,24.0
GB_GCA_049652925.1,JBASFI010000010.1_76_A,C,C,C,Q,H,C,H,JBASFI010000010.1_76,24.0
GB_GCA_050291445.1,JBNKJW010000092.1_40_A,C,C,C,Q,H,C,H,JBNKJW010000092.1_40,24.0
GB_GCA_050485365.1,JBJHBH010000030.1_13_A,C,C,C,Q,H,C,H,JBJHBH010000030.1_13,24.0
GB_GCA_942493035.1,OW818666.1_4125_A,C,C,C,Q,H,C,H,OW818666.1_4125,24.0
GB_GCA_947586255.1,CANPXP010000020.1_41_A,C,C,C,W,F,C,-,CANPXP010000020.1_41,18.0
GB_GCA_963665595.2,CAXXJK010000005.1_599_A,C,C,C,Q,H,C,H,CAXXJK010000005.1_599,24.0
GB_GCA_963677475.2,CAXXQD010000023.1_215_A,C,C,C,Q,H,C,H,CAXXQD010000023.1_215,24.0
GB_GCA_963705105.1,CAVPIW010000005.1_166_A,C,C,C,Q,H,C,H,CAVPIW010000005.1_166,24.0
GB_GCA_964421235.1,CAYQWR010000151.1_2_A,C,C,C,Q,H,C,H,CAYQWR010000151.1_2,24.0
RS_GCF_000426865.1,NZ_AUGE01000002.1_64_A,C,C,C,Q,H,C,H,NZ_AUGE01000002.1_64,24.0
RS_GCF_000515215.1,NZ_KI911557.1_3658_A,C,C,C,Q,H,C,H,NZ_KI911557.1_3658,24.0
RS_GCF_002270415.1,NZ_NNRI01000021.1_559_A,C,C,C,Q,H,C,H,NZ_NNRI01000021.1_559,24.0
RS_GCF_014132355.1,NZ_BLZO01000144.1_22_A,C,C,C,Q,H,C,H,NZ_BLZO01000144.1_22,24.0
RS_GCF_014284495.1,NZ_WJBE01000020.1_46_A,C,C,C,Q,H,C,H,NZ_WJBE01000020.1_46,24.0
RS_GCF_014701235.1,NZ_AP022873.1_256_A,C,C,C,Q,H,C,H,NZ_AP022873.1_256,24.0
RS_GCF_022836495.1,NZ_BQXM01000005.1_76_A,C,C,C,Q,H,C,H,NZ_BQXM01000005.1_76,24.0
RS_GCF_024199845.1,NZ_JANADO010000001.1_5446_A,C,C,C,Q,H,C,H,NZ_JANADO010000001.1_5446,24.0
RS_GCF_030930995.1,NZ_CP133217.1_1456_A,C,C,C,Q,H,C,H,NZ_CP133217.1_1456,24.0
RS_GCF_041346925.1,NZ_CP166840.1_2158_A,C,C,C,Q,H,C,H,NZ_CP166840.1_2158,24.0
RS_GCF_921292975.1,NZ_CAKLCM010000003.1_428_A,C,C,C,Q,H,C,H,NZ_CAKLCM010000003.1_428,24.0
RS_GCF_963664965.2,NZ_OY761823.1_1285_A,C,C,C,Q,H,C,H,NZ_OY761823.1_1285,24.0
GB_GCA_003139775.1,PLGI01000198.1_15_A,C,C,C,Q,H,C,H,PLGI01000198.1_15,24.0
GB_GCA_015494065.1,WGCA01000002.1_4_A,C,C,C,Q,H,C,P,WGCA01000002.1_4,22.0
GB_GCA_016721945.1,JADKHC010000021.1_24_A,C,C,C,Q,H,C,H,JADKHC010000021.1_24,24.0
GB_GCA_020056965.1,JAGVGT010000080.1_29_A,C,C,C,Q,H,C,H,JAGVGT010000080.1_29,24.0
GB_GCA_021795395.1,JAJYPN010000048.1_9_A,C,C,C,Q,H,C,H,JAJYPN010000048.1_9,24.0
GB_GCA_023388635.1,JAEWFW010000051.1_17_A,C,C,C,Q,H,C,H,JAEWFW010000051.1_17,24.0
GB_GCA_023411215.1,JAEYOY010000019.1_59_A,-,-,C,Q,H,C,H,JAEYOY010000019.1_59,16.0
GB_GCA_026390135.1,JAPLGN010000047.1_20_A,C,C,C,Q,H,C,H,JAPLGN010000047.1_20,24.0
GB_GCA_030066015.1,JASJCL010000004.1_117_A,C,C,C,Q,H,C,H,JASJCL010000004.1_117,24.0
GB_GCA_030602245.1,JAUWAC010000003.1_181_A,C,C,C,Q,H,C,H,JAUWAC010000003.1_181,24.0
GB_GCA_041223105.1,JBCLPO010000003.1_220_A,C,C,C,Q,H,C,H,JBCLPO010000003.1_220,24.0
GB_GCA_046541115.1,JBKHDX010000262.1_5_A,C,C,C,Q,H,C,H,JBKHDX010000262.1_5,24.0
GB_GCA_050122415.1,JASFIY010000036.1_6_A,C,C,C,Q,H,C,H,JASFIY010000036.1_6,24.0
GB_GCA_900299285.1,OMJF01000156.1_9_A,C,C,C,Q,H,C,H,OMJF01000156.1_9,24.0
GB_GCA_902767035.1,CACXFU010000131.1_12_A,C,C,C,W,F,C,G,CACXFU010000131.1_12,19.0
GB_GCA_946622505.1,CAMOPY010000009.1_32_A,C,C,C,W,F,C,G,CAMOPY010000009.1_32,19.0
GB_GCA_947378615.1,CANCKV010000001.1_10_A,C,C,C,Q,H,C,H,CANCKV010000001.1_10,24.0
GB_GCA_963675425.1,OY776214.1_4024_A,C,C,C,K,W,S,K,OY776214.1_4024,16.0
GB_GCA_963796285.1,CAWCKW010000012.1_1864_A,C,C,C,Q,H,C,H,CAWCKW010000012.1_1864,24.0
GB_GCA_963849065.1,CAWKFM010000004.1_605_A,C,C,C,Q,H,C,H,CAWKFM010000004.1_605,24.0
GB_GCA_964502805.1,CAZCYB010000025.1_11_A,C,C,C,Q,H,C,H,CAZCYB010000025.1_11,24.0
GB_GCA_964563875.1,CAZLZA010000010.1_13_A,C,C,C,Q,H,C,H,CAZLZA010000010.1_13,24.0
GB_GCA_965603655.1,CBFDDU010000041.1_22_A,C,C,C,Q,H,C,H,CBFDDU010000041.1_22,24.0
RS_GCF_000016185.1,NC_011420.2_3514_A,C,C,C,Q,H,C,H,NC_011420.2_3514,24.0
RS_GCF_000379525.1,NZ_KB902496.1_31_A,C,C,C,Q,H,C,H,NZ_KB902496.1_31,24.0
RS_GCF_000686125.1,NZ_JMMA01000002.1_736_A,C,C,C,W,F,C,G,NZ_JMMA01000002.1_736,19.0
RS_GCF_000758705.1,NZ_CP009287.1_5068_A,C,C,C,Q,H,C,H,NZ_CP009287.1_5068,24.0
RS_GCF_001651865.1,NZ_LPUX01000056.1_22_A,C,C,C,Q,H,C,H,NZ_LPUX01000056.1_22,24.0
RS_GCF_001887775.1,NZ_CP015519.1_174_A,C,C,C,Q,H,C,H,NZ_CP015519.1_174,24.0
RS_GCF_003992725.1,NZ_RZNF01000007.1_247_A,C,C,C,Q,H,C,H,NZ_RZNF01000007.1_247,24.0
RS_GCF_013149295.1,NZ_JABGCB010000025.1_40_A,C,C,C,Q,H,C,H,NZ_JABGCB010000025.1_40,24.0
RS_GCF_017310545.1,NZ_CP066203.1_561_A,C,C,C,Q,H,C,H,NZ_CP066203.1_561,24.0
RS_GCF_024199925.1,NZ_JANADR010000001.1_7595_A,C,C,C,Q,H,C,H,NZ_JANADR010000001.1_7595,24.0
RS_GCF_025583945.1,NZ_JAOEGU010000002.1_172_A,C,C,C,Q,H,C,H,NZ_JAOEGU010000002.1_172,24.0
RS_GCF_029688955.1,NZ_JARUKZ010000034.1_11_A,C,C,C,Q,H,C,H,NZ_JARUKZ010000034.1_11,24.0
RS_GCF_034932365.1,NZ_JAYGHR010000001.1_143_A,C,C,C,Q,H,C,H,NZ_JAYGHR010000001.1_143,24.0
RS_GCF_039645995.1,NZ_CP147920.1_1568_A,C,C,C,Q,H,C,H,NZ_CP147920.1_1568,24.0
RS_GCF_044226135.1,NZ_JBGAHM010000035.1_26_A,C,C,C,Q,H,C,H,NZ_JBGAHM010000035.1_26,24.0
RS_GCF_900104845.1,NZ_FNSR01000003.1_625_A,C,C,C,Q,H,C,H,NZ_FNSR01000003.1_625,24.0
RS_GCF_900114545.1,NZ_FOTI01000014.1_19_A,C,C,C,Q,H,C,H,NZ_FOTI01000014.1_19,24.0
RS_GCF_900218015.1,NZ_UFQQ01000008.1_218_A,C,C,C,Q,H,C,H,NZ_UFQQ01000008.1_218,24.0
GB_GCA_041494705.1,JBGQBI010000006.1_11_A,C,C,C,Q,H,C,H,JBGQBI010000006.1_11,24.0
GB_GCA_002423105.1,DIUT01000028.1_21_A,C,C,C,Q,H,C,H,DIUT01000028.1_21,24.0
GB_GCA_002791575.1,PFXI01000096.1_3_A,C,C,C,Q,H,C,H,PFXI01000096.1_3,24.0
GB_GCA_003142185.1,PLOR01000108.1_33_A,-,C,C,K,Y,C,H,PLOR01000108.1_33,17.0
GB_GCA_009886055.1,VFJM01000430.1_4_A,C,C,C,Q,H,C,H,VFJM01000430.1_4,24.0
GB_GCA_012026975.1,VEPG01000099.1_16_A,C,C,C,Q,H,C,H,VEPG01000099.1_16,24.0
GB_GCA_013151495.1,JAADIE010000098.1_21_A,C,C,C,Q,H,C,H,JAADIE010000098.1_21,24.0
GB_GCA_015494065.1,WGCA01000002.1_6_A,-,C,C,Q,H,C,H,WGCA01000002.1_6,20.0
GB_GCA_016235045.1,JACRME010000015.1_29_A,C,C,C,Q,H,C,H,JACRME010000015.1_29,24.0
GB_GCA_016931935.1,JAFGDW010000180.1_29_A,C,C,C,Q,H,C,H,JAFGDW010000180.1_29,24.0
GB_GCA_020057225.1,JAGVGH010000044.1_10_A,C,C,C,Q,H,C,H,JAGVGH010000044.1_10,24.0
GB_GCA_020723405.1,DYIY01000011.1_35_A,C,C,C,Q,H,C,H,DYIY01000011.1_35,24.0
GB_GCA_021737645.1,JAIPDO010000010.1_13_A,C,C,C,Q,H,C,H,JAIPDO010000010.1_13,24.0
GB_GCA_023398105.1,JAEWST010000054.1_3_A,C,C,C,Q,H,C,H,JAEWST010000054.1_3,24.0
GB_GCA_023421075.1,JAEZUM010000023.1_156_A,C,C,C,Q,H,C,H,JAEZUM010000023.1_156,24.0
GB_GCA_023457035.1,JAEWNN010000135.1_22_A,C,C,C,Q,H,C,H,JAEWNN010000135.1_22,24.0
GB_GCA_024636875.1,JAGXGJ010000082.1_16_A,C,C,C,Q,H,C,H,JAGXGJ010000082.1_16,24.0
GB_GCA_033791585.1,JASJGK010000168.1_6_A,C,C,C,Q,H,C,H,JASJGK010000168.1_6,24.0
GB_GCA_035505955.1,DATJQH010000164.1_11_A,C,C,C,Q,H,C,H,DATJQH010000164.1_11,24.0
GB_GCA_039908345.1,JAMOBD010000027.1_22_A,C,C,C,Q,H,C,H,JAMOBD010000027.1_22,24.0
GB_GCA_047920955.1,JBLRXA010000043.1_23_A,C,C,C,Q,H,C,H,JBLRXA010000043.1_23,24.0
GB_GCA_049323635.1,JBMONS010000040.1_129_A,C,C,C,Q,H,C,H,JBMONS010000040.1_129,24.0
GB_GCA_049654905.1,JBASIS010000058.1_11_A,C,C,C,Q,H,C,H,JBASIS010000058.1_11,24.0
GB_GCA_050291465.1,JBNKJV010000005.1_133_A,C,C,C,Q,H,C,H,JBNKJV010000005.1_133,24.0
GB_GCA_942493045.1,OW818665.1_2521_A,C,C,C,Q,H,C,H,OW818665.1_2521,24.0
GB_GCA_963675425.1,OY776214.1_260_A,C,C,C,Q,H,C,H,OY776214.1_260,24.0
GB_GCA_963677515.1,OY781963.1_716_A,C,C,C,Q,H,C,H,OY781963.1_716,24.0
GB_GCA_963749655.1,CAVVOB010000026.1_69_A,C,C,C,Q,H,C,H,CAVVOB010000026.1_69,24.0
GB_GCA_963770035.1,CAVYON010000038.1_141_A,-,-,C,Q,H,C,H,CAVYON010000038.1_141,16.0
GB_GCA_963796345.1,CAWCLI010000008.1_197_A,C,C,C,Q,H,C,H,CAWCLI010000008.1_197,24.0
GB_GCA_964449015.1,CAYVBH010000052.1_5_A,C,C,C,Q,H,C,H,CAYVBH010000052.1_5,24.0
RS_GCF_000092045.1,NC_004041.2_195_A,C,C,C,Q,H,C,H,NC_004041.2_195,24.0
RS_GCF_000379565.1,NZ_KB902882.1_3_A,C,C,C,Q,H,C,H,NZ_KB902882.1_3,24.0
RS_GCF_001651875.1,NZ_LNQB01000089.1_41_A,C,C,C,Q,H,C,H,NZ_LNQB01000089.1_41,24.0
RS_GCF_001888165.1,NZ_CP015455.1_978_A,C,C,C,Q,H,C,H,NZ_CP015455.1_978,24.0
RS_GCF_002835805.1,NZ_PISE01000044.1_46_A,C,C,C,Q,H,C,H,NZ_PISE01000044.1_46,24.0
RS_GCF_004339095.1,NZ_SMGQ01000013.1_370_A,C,C,C,Q,H,C,H,NZ_SMGQ01000013.1_370,24.0
RS_GCF_007641255.1,NZ_CP036259.1_4176_A,C,C,C,Q,H,C,H,NZ_CP036259.1_4176,24.0
RS_GCF_008802355.1,NZ_VZRA01000001.1_900_A,C,C,C,Q,H,C,H,NZ_VZRA01000001.1_900,24.0
RS_GCF_009795715.1,NZ_WTCR01000004.1_289_A,C,C,C,Q,H,C,H,NZ_WTCR01000004.1_289,24.0
RS_GCF_013155275.1,NZ_JABJXS010000001.1_18_A,C,C,C,Q,H,C,H,NZ_JABJXS010000001.1_18,24.0
RS_GCF_017310645.1,NZ_JAFLRH010000019.1_155_A,C,C,C,Q,H,C,H,NZ_JAFLRH010000019.1_155,24.0
RS_GCF_018069845.1,NZ_JAGQDD010000023.1_5_A,C,C,C,Q,H,C,H,NZ_JAGQDD010000023.1_5,24.0
RS_GCF_030272695.1,NZ_JARFYN010000059.1_12_A,C,C,C,Q,H,C,H,NZ_JARFYN010000059.1_12,24.0
RS_GCF_046533075.1,NZ_JAJQRB010000083.1_84_A,C,C,C,W,F,C,A,NZ_JAJQRB010000083.1_84,19.0
RS_GCF_000970085.1,NZ_CP009506.1_3468_A,C,C,C,Q,H,C,H,NZ_CP009506.1_3468,24.0
RS_GCF_024372725.1,NZ_VOUA01000001.1_364_A,C,C,C,Q,H,C,H,NZ_VOUA01000001.1_364,24.0
GB_GCA_001637315.1,LSZA01000060.1_7_A,C,C,C,Q,H,C,H,LSZA01000060.1_7,24.0
GB_GCA_003142185.1,PLOR01000108.1_35_A,C,C,C,Q,H,C,H,PLOR01000108.1_35,24.0
GB_GCA_003453735.1,DMNE01000122.1_2_A,C,C,C,Q,H,C,H,DMNE01000122.1_2,24.0
GB_GCA_009886125.1,VFJK01000052.1_7_A,C,C,C,Q,H,C,H,VFJK01000052.1_7,24.0
GB_GCA_012030715.1,JAAUUJ010000001.1_6_A,C,C,C,Q,H,C,H,JAAUUJ010000001.1_6,24.0
GB_GCA_016208305.1,JACQYI010000009.1_81_A,C,C,C,Q,H,C,H,JACQYI010000009.1_81,24.0
GB_GCA_016932015.1,JAFGDQ010000034.1_4_A,C,C,C,Q,H,C,H,JAFGDQ010000034.1_4,24.0
GB_GCA_017623215.1,JAGAPO010000107.1_12_A,C,C,C,H,Y,C,L,JAGAPO010000107.1_12,19.0
GB_GCA_020723665.1,DYIL01000064.1_6_A,C,C,C,Q,H,C,H,DYIL01000064.1_6,24.0
GB_GCA_031292575.1,JARLGX010000033.1_48_A,C,C,C,Q,H,C,H,JARLGX010000033.1_48,24.0
GB_GCA_046541495.1,JBKHDE010000021.1_20_A,C,C,C,Q,H,C,H,JBKHDE010000021.1_20,24.0
GB_GCA_902802985.1,CADCOE010000048.1_25_A,C,C,C,W,F,C,G,CADCOE010000048.1_25,19.0
GB_GCA_903887465.1,CAISPW010000164.1_10_A,C,C,C,Q,H,C,H,CAISPW010000164.1_10,24.0
GB_GCA_937910875.1,CALENA010000069.1_6_A,C,C,C,Q,H,C,H,CALENA010000069.1_6,24.0
GB_GCA_963749915.1,CAVVOP010000021.1_434_A,C,C,C,Q,H,C,H,CAVVOP010000021.1_434,24.0
GB_GCA_963819085.1,CAWFUX010000043.1_24_A,C,C,C,Q,H,C,H,CAWFUX010000043.1_24,24.0
GB_GCA_964474325.1,CAYYSS010000012.1_5_A,C,C,C,Q,H,C,H,CAYYSS010000012.1_5,24.0
GB_GCA_964535555.1,CAZHUS010000044.1_58_A,C,C,C,Q,H,C,H,CAZHUS010000044.1_58,24.0
RS_GCF_000515255.1,NZ_KI911559.1_3508_A,C,C,C,Q,H,C,H,NZ_KI911559.1_3508,24.0
RS_GCF_000758725.1,NZ_CP009428.1_4898_A,C,C,C,Q,H,C,H,NZ_CP009428.1_4898,24.0
RS_GCF_002072955.1,NZ_LPUF01000003.1_51_A,C,C,C,Q,H,C,H,NZ_LPUF01000003.1_51,24.0
RS_GCF_016756495.1,NZ_AP023243.1_6451_A,C,C,C,Q,H,C,H,NZ_AP023243.1_6451,24.0
RS_GCF_020819555.1,NZ_JAJHJB010000026.1_34_A,C,C,C,Q,H,C,H,NZ_JAJHJB010000026.1_34,24.0
RS_GCF_021768455.1,NZ_JAIZVX010000016.1_22_A,C,C,C,Q,H,C,H,NZ_JAIZVX010000016.1_22,24.0
RS_GCF_024204645.1,NZ_CP100351.1_851_A,C,C,C,Q,H,C,H,NZ_CP100351.1_851,24.0
RS_GCF_025628885.1,NZ_JAOTIF010000018.1_11_A,C,C,C,Q,H,C,H,NZ_JAOTIF010000018.1_11,24.0
RS_GCF_037002925.1,NZ_JBAMYD010000006.1_43_A,C,C,C,Q,H,C,H,NZ_JBAMYD010000006.1_43,24.0
RS_GCF_048146105.1,NZ_JBKJAD010000020.1_65_A,C,C,C,Q,H,C,H,NZ_JBKJAD010000020.1_65,24.0
RS_GCF_900149755.1,NZ_FUIG01000049.1_25_A,C,C,C,Q,H,C,H,NZ_FUIG01000049.1_25,24.0
RS_GCF_963665355.2,NZ_OY762228.2_2171_A,C,C,C,Q,H,C,H,NZ_OY762228.2_2171,24.0
GB_GCA_963667555.1,OY763421.1_2688_A,C,C,C,Q,H,C,H,OY763421.1_2688,24.0
GB_GCA_000739515.1,DF820458.1_514_A,C,C,C,Q,H,C,H,DF820458.1_514,24.0
GB_GCA_002148405.1,MUGG01000119.1_43_A,C,C,C,Q,H,C,H,MUGG01000119.1_43,24.0
GB_GCA_003252135.1,QKDK01000232.1_13_A,C,C,C,Q,H,C,H,QKDK01000232.1_13,24.0
GB_GCA_013373205.1,JABXIG010000005.1_34_A,C,C,C,Q,H,C,H,JABXIG010000005.1_34,24.0
GB_GCA_015057625.1,SVDZ01000001.1_268_A,C,C,C,W,F,C,A,SVDZ01000001.1_268,19.0
GB_GCA_019359155.1,JAHHHV010000080.1_72_A,C,C,C,Q,H,C,H,JAHHHV010000080.1_72,24.0
GB_GCA_023457875.1,JAEXBC010000165.1_8_A,C,C,C,W,F,C,G,JAEXBC010000165.1_8,19.0
GB_GCA_025054735.1,JANWZG010000088.1_4_A,C,C,C,Q,H,C,H,JANWZG010000088.1_4,24.0
GB_GCA_027325475.1,DAIEFO010000093.1_4_A,C,C,C,Q,H,C,H,DAIEFO010000093.1_4,24.0
GB_GCA_035636195.1,DASPZP010000236.1_5_A,C,C,C,Q,H,C,H,DASPZP010000236.1_5,24.0
GB_GCA_040752835.1,JBFMGG010000007.1_382_A,C,C,C,Q,H,C,H,JBFMGG010000007.1_382,24.0
GB_GCA_049323655.1,JBMONO010000020.1_20_A,C,C,C,Q,H,C,H,JBMONO010000020.1_20,24.0
GB_GCA_050485465.1,JBJHBL010000037.1_25_A,C,C,C,Q,H,C,H,JBJHBL010000037.1_25,24.0
GB_GCA_903920145.1,CAIXKV010000105.1_9_A,C,C,C,Q,H,C,H,CAIXKV010000105.1_9,24.0
GB_GCA_963665685.1,OY762430.1_3893_A,C,C,C,Q,H,C,H,OY762430.1_3893,24.0
GB_GCA_963675435.1,OY776216.1_4417_A,C,C,C,Q,H,C,H,OY776216.1_4417,24.0
GB_GCA_963677525.1,OY781970.1_538_A,C,C,C,Q,H,C,H,OY781970.1_538,24.0
GB_GCA_963849195.1,CAWKGQ010000007.1_264_A,C,C,C,Q,H,C,H,CAWKGQ010000007.1_264,24.0
GB_GCA_964393825.1,CAYMUY010000017.1_36_A,C,C,C,Q,H,C,H,CAYMUY010000017.1_36,24.0
GB_GCA_964596835.1,CAZQVV010000053.1_11_A,C,C,C,Q,H,C,H,CAZQVV010000053.1_11,24.0
GB_GCA_964651415.1,CAZYZA010000001.1_74_A,C,C,C,Q,H,C,H,CAZYZA010000001.1_74,24.0
RS_GCF_000092045.1,NC_004041.2_298_A,C,C,C,Q,H,C,H,NC_004041.2_298,24.0
RS_GCF_000247605.1,NC_016894.1_797_A,C,C,C,Q,H,C,H,NC_016894.1_797,24.0
RS_GCF_000317515.1,NC_019738.1_1268_A,C,C,C,Q,H,C,H,NC_019738.1_1268,24.0
RS_GCF_000686525.1,NZ_JMKT01000002.1_24_A,C,C,C,Q,H,C,H,NZ_JMKT01000002.1_24,24.0
RS_GCF_001652585.1,NZ_LWLG01000003.1_47_A,-,C,C,Q,H,C,H,NZ_LWLG01000003.1_47,20.0
RS_GCF_002843385.1,NZ_MVDE01000017.1_9_A,C,C,C,Q,H,C,H,NZ_MVDE01000017.1_9,24.0
RS_GCF_003226555.1,NZ_QKQS01000023.1_215_A,C,C,C,Q,H,C,H,NZ_QKQS01000023.1_215,24.0
RS_GCF_004339245.1,NZ_SMGG01000003.1_744_A,C,C,C,Q,H,C,H,NZ_SMGG01000003.1_744,24.0
RS_GCF_011045125.1,NZ_JAAKZF010000030.1_63_A,C,C,C,Q,H,C,H,NZ_JAAKZF010000030.1_63,24.0
RS_GCF_014736495.1,NZ_MDUX01000005.1_12_A,C,C,C,Q,H,C,H,NZ_MDUX01000005.1_12,24.0
RS_GCF_015731765.1,NZ_VRYY01000094.1_5_A,C,C,C,Q,H,C,H,NZ_VRYY01000094.1_5,24.0
RS_GCF_030272705.1,NZ_JARFYM010000029.1_33_A,C,C,C,Q,H,C,H,NZ_JARFYM010000029.1_33,24.0
RS_GCF_034932455.1,NZ_JAYGIH010000008.1_84_A,C,C,C,Q,H,C,H,NZ_JAYGIH010000008.1_84,24.0
RS_GCF_036567765.1,NZ_DATCTU010000044.1_35_A,C,C,C,Q,H,C,H,NZ_DATCTU010000044.1_35,24.0
RS_GCF_039830195.1,NZ_JBDODG010000031.1_14_A,C,C,C,Q,H,C,H,NZ_JBDODG010000031.1_14,24.0
RS_GCF_927798115.1,NZ_CAKMMG010000005.1_71_A,C,C,C,Q,H,C,H,NZ_CAKMMG010000005.1_71,24.0
RS_GCF_965279545.1,NZ_OZ257250.1_4005_A,C,C,C,Q,H,C,H,NZ_OZ257250.1_4005,24.0
GB_GCA_963667735.1,OY763919.1_199_A,C,C,C,Q,H,C,H,OY763919.1_199,24.0
GB_GCA_003142215.1,PLOT01000076.1_2_A,C,C,C,Q,H,C,H,PLOT01000076.1_2,24.0
GB_GCA_007123515.1,SKKY01000061.1_5_A,C,C,C,Q,H,C,H,SKKY01000061.1_5,24.0
GB_GCA_013151555.1,JAADIA010000013.1_7_A,C,C,C,Q,H,C,H,JAADIA010000013.1_7,24.0
GB_GCA_015494155.1,WGBU01000055.1_11_A,C,C,C,Q,H,C,H,WGBU01000055.1_11,24.0
GB_GCA_016235065.1,JACRMB010000010.1_260_A,C,C,C,Q,H,C,H,JACRMB010000010.1_260,24.0
GB_GCA_017982655.1,JABXYX010000133.1_4_A,C,C,C,Q,H,C,H,JABXYX010000133.1_4,24.0
GB_GCA_021741145.1,JAIOYK010000004.1_17_A,C,C,C,Q,H,C,H,JAIOYK010000004.1_17,24.0
GB_GCA_021795715.1,JAJYPD010000042.1_10_A,C,C,C,Q,H,C,H,JAJYPD010000042.1_10,24.0
GB_GCA_023390115.1,JAEWDM010000004.1_58_A,C,C,C,Q,H,C,H,JAEWDM010000004.1_58,24.0
GB_GCA_028277585.1,JANQFY010000072.1_17_A,C,C,C,Q,H,C,H,JANQFY010000072.1_17,24.0
GB_GCA_029432775.1,JAROAZ010000006.1_77_A,C,C,C,Q,H,C,H,JAROAZ010000006.1_77,24.0
GB_GCA_030066135.1,JASJCD010000033.1_2_A,C,C,C,Q,H,C,H,JASJCD010000033.1_2,24.0
GB_GCA_030706015.1,JAUZPI010000032.1_24_A,C,C,C,W,F,C,-,JAUZPI010000032.1_24,18.0
GB_GCA_031273835.1,JAISRD010000102.1_4_A,C,C,C,Q,H,C,H,JAISRD010000102.1_4,24.0
GB_GCA_031288675.1,JAITQY010000149.1_3_A,C,C,C,Q,H,C,H,JAITQY010000149.1_3,24.0
GB_GCA_031292615.1,JARLGT010000073.1_7_A,C,C,C,Q,H,C,H,JARLGT010000073.1_7,24.0
GB_GCA_039908505.1,JAMOAZ010000002.1_59_A,C,C,C,Q,H,C,H,JAMOAZ010000002.1_59,24.0
GB_GCA_047972125.1,JBKEAK010000136.1_21_A,C,C,C,Q,H,C,H,JBKEAK010000136.1_21,24.0
GB_GCA_049323755.1,JBMOPE010000007.1_16_A,C,C,C,Q,H,C,H,JBMOPE010000007.1_16,24.0
GB_GCA_902767135.1,CACXGE010000151.1_12_A,C,C,C,W,F,C,-,CACXGE010000151.1_12,18.0
GB_GCA_903887485.1,CAISPV010000119.1_22_A,C,C,C,Q,H,C,H,CAISPV010000119.1_22,24.0
GB_GCA_963705935.1,OY970130.1_2242_A,C,C,C,Q,H,C,H,OY970130.1_2242,24.0
GB_GCA_963727035.1,CAVSEY010000018.1_240_A,-,-,C,Q,H,C,H,CAVSEY010000018.1_240,16.0
RS_GCF_000092205.1,NC_014216.1_2473_A,C,C,C,Q,H,C,H,NC_014216.1_2473,24.0
RS_GCF_000427425.1,NZ_KE386494.1_450_A,C,C,C,Q,H,C,H,NZ_KE386494.1_450,24.0
RS_GCF_001652585.1,NZ_LWLG01000003.1_49_A,C,C,C,Q,H,C,P,NZ_LWLG01000003.1_49,22.0
RS_GCF_002073975.1,NZ_CP020384.1_1349_A,C,C,C,Q,H,C,H,NZ_CP020384.1_1349,24.0
RS_GCF_002844595.1,NZ_PJNW01000023.1_46_A,C,C,C,Q,H,C,H,NZ_PJNW01000023.1_46,24.0
RS_GCF_004917065.1,NZ_SSYA01000002.1_480_A,C,C,C,Q,H,C,H,NZ_SSYA01000002.1_480,24.0
RS_GCF_009800965.1,NZ_WUAF01000001.1_82_A,C,C,C,Q,H,C,H,NZ_WUAF01000001.1_82,24.0
RS_GCF_014145225.1,NZ_JABVCQ010000013.1_79_A,C,C,C,Q,H,C,H,NZ_JABVCQ010000013.1_79,24.0
RS_GCF_017311415.1,NZ_JAEKIS010000007.1_86_A,C,C,C,Q,H,C,H,NZ_JAEKIS010000007.1_86,24.0
RS_GCF_018122735.1,NZ_JAGRRD010000001.1_3977_A,C,C,C,Q,H,C,H,NZ_JAGRRD010000001.1_3977,24.0
RS_GCF_021864535.1,NZ_JAKJIC010000006.1_171_A,C,C,C,Q,H,C,H,NZ_JAKJIC010000006.1_171,24.0
RS_GCF_031020795.1,NZ_JAVHJP010000002.1_107_A,C,C,C,Q,H,C,H,NZ_JAVHJP010000002.1_107,24.0
RS_GCF_033110965.1,NZ_CP137003.1_1695_A,C,C,C,Q,H,C,H,NZ_CP137003.1_1695,24.0
RS_GCF_052044425.1,NZ_JBQENA010000005.1_145_A,C,C,C,Q,H,C,H,NZ_JBQENA010000005.1_145,24.0
RS_GCF_900155475.1,NZ_FXAM01000003.1_21_A,C,C,C,Q,H,C,H,NZ_FXAM01000003.1_21,24.0
RS_GCF_933509905.1,NZ_OW150024.1_49_A,C,C,C,Q,H,C,H,NZ_OW150024.1_49,24.0
GB_GCA_026552955.1,JAPMTS010000049.1_14_A,C,C,C,Q,H,C,H,JAPMTS010000049.1_14,24.0
RS_GCF_050010295.1,NZ_JBEKLH010000004.1_87_A,C,C,C,Q,H,C,H,NZ_JBEKLH010000004.1_87,24.0
GB_GCA_002314145.1,DCCG01000017.1_97_A,C,C,C,Q,H,C,H,DCCG01000017.1_97,24.0
GB_GCA_002796835.1,LUGL01000012.1_69_A,C,C,C,Q,H,C,H,LUGL01000012.1_69,24.0
GB_GCA_009908425.1,JAAAPF010000227.1_14_A,C,C,C,Q,H,C,H,JAAAPF010000227.1_14,24.0
GB_GCA_012031035.1,JAAUUT010000052.1_30_A,C,C,C,Q,H,C,H,JAAUUT010000052.1_30,24.0
GB_GCA_013373265.1,JABXIC010000192.1_31_A,C,C,C,Q,H,C,H,JABXIC010000192.1_31,24.0
GB_GCA_015494395.1,WGBG01000092.1_2_A,C,C,C,Q,H,C,H,WGBG01000092.1_2,24.0
GB_GCA_017983615.1,JAGOBB010000023.1_19_A,C,C,C,Q,H,C,H,JAGOBB010000023.1_19,24.0
GB_GCA_020057245.1,JAGVGD010000013.1_10_A,C,C,C,Q,H,C,H,JAGVGD010000013.1_10,24.0
GB_GCA_021796835.1,JAKABO010000001.1_159_A,C,C,C,Q,H,C,H,JAKABO010000001.1_159,24.0
GB_GCA_022729735.1,DZAY01000002.1_11_A,C,C,C,Q,H,C,H,DZAY01000002.1_11,24.0
GB_GCA_023398375.1,JAEWSH010000042.1_383_A,C,C,C,Q,H,C,H,JAEWSH010000042.1_383,24.0
GB_GCA_023435985.1,JAEZKY010000275.1_10_A,C,C,C,W,F,C,G,JAEZKY010000275.1_10,19.0
GB_GCA_027335745.1,DAHWHJ010000066.1_17_A,C,C,C,Q,H,C,H,DAHWHJ010000066.1_17,24.0
GB_GCA_028687035.1,JAQUAX010000011.1_86_A,C,C,C,Q,H,C,H,JAQUAX010000011.1_86,24.0
GB_GCA_035636295.1,DASPZL010000090.1_5_A,C,C,C,Q,H,C,H,DASPZL010000090.1_5,24.0
GB_GCA_036504515.1,DASXVA010000012.1_549_A,C,C,C,Q,H,C,H,DASXVA010000012.1_549,24.0
GB_GCA_036796235.1,DAIRDI010000017.1_16_A,C,C,C,Q,H,C,H,DAIRDI010000017.1_16,24.0
GB_GCA_041653135.1,JBAZGB010000029.1_5_A,C,C,C,Q,H,C,H,JBAZGB010000029.1_5,24.0
GB_GCA_046541515.1,JBKHDD010000075.1_13_A,C,C,C,Q,H,C,H,JBKHDD010000075.1_13,24.0
GB_GCA_050291605.1,JBNKKB010000166.1_13_A,C,C,C,Q,H,C,H,JBNKKB010000166.1_13,24.0
GB_GCA_050507695.1,CP191473.1_2175_A,C,C,C,Q,H,C,H,CP191473.1_2175,24.0
GB_GCA_900314495.1,OMVJ01000012.1_57_A,C,C,C,W,F,C,G,OMVJ01000012.1_57,19.0
GB_GCA_942493065.1,OW818671.1_2737_A,C,C,C,Q,H,C,H,OW818671.1_2737,24.0
GB_GCA_963675515.1,OY776328.1_390_A,C,C,C,Q,H,C,H,OY776328.1_390,24.0
GB_GCA_963750015.1,CAVVPU010000019.1_22_A,C,C,C,Q,H,C,H,CAVVPU010000019.1_22,24.0
GB_GCA_963796685.1,CAWCMR010000021.1_18_A,C,C,C,Q,H,C,H,CAWCMR010000021.1_18,24.0
GB_GCA_964627515.1,CAZVHO010000013.1_42_A,C,C,C,Q,H,C,H,CAZVHO010000013.1_42,24.0
RS_GCF_000381065.1,NZ_KB905847.1_72_A,C,C,C,Q,H,C,H,NZ_KB905847.1_72,24.0
RS_GCF_000760695.4,NZ_JHEG04000001.1_4853_A,C,C,C,Q,H,C,H,NZ_JHEG04000001.1_4853,24.0
RS_GCF_001027545.1,NZ_CP009498.1_686_A,C,C,C,W,F,C,G,NZ_CP009498.1_686,19.0
RS_GCF_001895145.1,NZ_BDIR01000001.1_247_A,C,C,C,Q,H,C,H,NZ_BDIR01000001.1_247,24.0
RS_GCF_002278135.3,NZ_CP029425.2_6976_A,C,C,C,Q,H,C,H,NZ_CP029425.2_6976,24.0
RS_GCF_003226565.1,NZ_QKOE01000003.1_86_A,C,C,C,Q,H,C,H,NZ_QKOE01000003.1_86,24.0
RS_GCF_013170705.1,NZ_CP033334.1_6352_A,C,C,C,Q,H,C,H,NZ_CP033334.1_6352,24.0
RS_GCF_015732155.1,NZ_WIQK01000001.1_1598_A,C,C,C,Q,H,C,H,NZ_WIQK01000001.1_1598,24.0
RS_GCF_016756535.1,NZ_AP023247.1_6257_A,C,C,C,Q,H,C,H,NZ_AP023247.1_6257,24.0
RS_GCF_025717005.1,NZ_JAOVZU010000003.1_93_A,C,C,C,Q,H,C,H,NZ_JAOVZU010000003.1_93,24.0
RS_GCF_029689925.1,NZ_CP121445.1_3403_A,C,C,C,Q,H,C,H,NZ_CP121445.1_3403,24.0
RS_GCF_030282845.1,NZ_JASTWE010000027.1_27_A,C,C,C,Q,H,C,H,NZ_JASTWE010000027.1_27,24.0
RS_GCF_041414475.1,NZ_JBGLYH010000001.1_137_A,C,C,C,Q,H,C,H,NZ_JBGLYH010000001.1_137,24.0
RS_GCF_048213115.1,NZ_CP172404.1_1939_A,C,C,C,Q,H,C,H,NZ_CP172404.1_1939,24.0
GB_GCA_031272765.1,JAISTD010000161.1_5_A,C,C,C,Q,H,C,H,JAISTD010000161.1_5,24.0
GB_GCA_041645355.1,JBAZQF010000011.1_49_A,C,C,C,Q,H,C,H,JBAZQF010000011.1_49,24.0
RS_GCF_024500045.1,NZ_JTEO01000002.1_125_A,C,C,C,Q,H,C,H,NZ_JTEO01000002.1_125,24.0
GB_GCA_002314445.1,DCFX01000053.1_13_A,C,C,C,Q,H,C,H,DCFX01000053.1_13,24.0
GB_GCA_002423435.1,DIWE01000032.1_45_A,C,C,C,Q,H,C,H,DIWE01000032.1_45,24.0
GB_GCA_007124535.1,SLEY01000464.1_19_A,C,C,C,Q,H,C,H,SLEY01000464.1_19,24.0
GB_GCA_016208425.1,JACQYA010000118.1_32_A,C,C,C,Q,H,C,H,JACQYA010000118.1_32,24.0
GB_GCA_018813765.1,JAHJBC010000009.1_197_A,C,C,C,Q,H,C,H,JAHJBC010000009.1_197,24.0
GB_GCA_022729755.1,DZAZ01000026.1_9_A,C,C,C,Q,H,C,H,DZAZ01000026.1_9,24.0
GB_GCA_023421505.1,JAEZTJ010000016.1_12_A,C,C,C,W,F,C,Y,JAEZTJ010000016.1_12,19.0
GB_GCA_024636935.1,JAGXGC010000022.1_136_A,C,C,C,Q,H,C,H,JAGXGC010000022.1_136,24.0
GB_GCA_026390855.1,JAPLFE010000079.1_17_A,C,C,C,Q,H,C,H,JAPLFE010000079.1_17,24.0
GB_GCA_029432795.1,JARNMJ010000024.1_48_A,C,C,C,Q,H,C,H,JARNMJ010000024.1_48,24.0
GB_GCA_030603685.1,JAUVXG010000019.1_25_A,C,C,C,Q,H,C,H,JAUVXG010000019.1_25,24.0
GB_GCA_030706015.1,JAUZPI010000032.1_30_A,C,C,C,W,F,C,C,JAUZPI010000032.1_30,19.0
GB_GCA_031279125.1,JAITJC010000022.1_25_A,C,C,C,Q,H,C,H,JAITJC010000022.1_25,24.0
GB_GCA_031426955.1,JASJPA010000010.1_64_A,C,C,C,Q,H,C,H,JASJPA010000010.1_64,24.0
GB_GCA_034933285.1,JAYFNT010000009.1_199_A,C,C,C,Q,H,C,H,JAYFNT010000009.1_199,24.0
GB_GCA_035506695.1,DATJOY010000017.1_3_A,C,C,C,Q,H,C,H,DATJOY010000017.1_3,24.0
GB_GCA_036804525.1,DAIRSE010000008.1_74_A,-,-,C,Q,H,C,H,DAIRSE010000008.1_74,16.0
GB_GCA_037441185.1,JBBISP010000025.1_27_A,C,C,C,Q,H,C,H,JBBISP010000025.1_27,24.0
GB_GCA_041752115.1,JBGSHS010000183.1_10_A,C,C,C,Q,H,C,H,JBGSHS010000183.1_10,24.0
GB_GCA_043797085.1,JAZDQA010000008.1_165_A,C,C,C,Q,H,C,H,JAZDQA010000008.1_165,24.0
GB_GCA_047972335.1,JBKEAO010000008.1_6_A,C,C,C,Q,H,C,H,JBKEAO010000008.1_6,24.0
GB_GCA_049657865.1,JBASOB010000432.1_3_A,C,C,C,Q,H,C,H,JBASOB010000432.1_3,24.0
GB_GCA_050123815.1,JASFGJ010000077.1_5_A,C,C,C,Q,H,C,H,JASFGJ010000077.1_5,24.0
GB_GCA_942493095.1,OW818675.1_2339_A,C,C,C,Q,H,C,H,OW818675.1_2339,24.0
GB_GCA_963665705.1,OY762448.1_276_A,C,C,C,Q,H,C,H,OY762448.1_276,24.0
GB_GCA_963677545.2,CAXXKH010000002.1_58_A,C,C,C,Q,H,C,H,CAXXKH010000002.1_58,24.0
GB_GCA_963706595.1,OY970166.1_4406_A,C,C,C,Q,H,C,H,OY970166.1_4406,24.0
GB_GCA_963796955.1,CAWCNJ010000010.1_44_A,C,C,C,Q,H,C,H,CAWCNJ010000010.1_44,24.0
RS_GCF_000317535.1,NC_019757.1_5269_A,C,C,C,Q,H,C,-,NC_019757.1_5269,21.0
RS_GCF_000763385.1,NZ_JQFA01000002.1_563_A,C,C,C,Q,H,C,H,NZ_JQFA01000002.1_563,24.0
RS_GCF_001655675.1,NZ_LYRP01000050.1_88_A,C,C,C,Q,H,C,H,NZ_LYRP01000050.1_88,24.0
RS_GCF_003031265.1,NZ_CP019966.1_4581_A,C,C,C,Q,H,C,H,NZ_CP019966.1_4581,24.0
RS_GCF_019798305.1,NZ_JAAXDD010000014.1_94_A,C,C,C,Q,H,C,H,NZ_JAAXDD010000014.1_94,24.0
RS_GCF_024206475.1,NZ_JAMBPR010000138.1_6_A,C,C,C,Q,H,C,H,NZ_JAMBPR010000138.1_6,24.0
RS_GCF_025753795.1,NZ_JAOWPS010000014.1_29_A,C,C,C,Q,H,C,H,NZ_JAOWPS010000014.1_29,24.0
RS_GCF_027571405.1,NZ_CP092968.1_80_A,C,C,C,Q,H,C,H,NZ_CP092968.1_80,24.0
RS_GCF_033283405.1,NZ_JAWMQR010000012.1_76_A,C,C,C,Q,H,C,H,NZ_JAWMQR010000012.1_76,24.0
RS_GCF_035013185.1,NZ_JAYGJO010000038.1_26_A,C,C,C,Q,H,C,H,NZ_JAYGJO010000038.1_26,24.0
RS_GCF_037026715.1,NZ_JBANCG010000002.1_202_A,C,C,C,Q,H,C,H,NZ_JBANCG010000002.1_202,24.0
RS_GCF_046543445.1,NZ_JBHOFD010000031.1_24_A,C,C,C,Q,H,C,H,NZ_JBHOFD010000031.1_24,24.0
RS_GCF_052145335.1,NZ_JBKQOU010000322.1_24_A,C,C,C,Q,H,C,H,NZ_JBKQOU010000322.1_24,24.0
RS_GCF_900230255.1,NZ_OCNJ01000003.1_288_A,C,C,C,Q,H,C,H,NZ_OCNJ01000003.1_288,24.0
RS_GCF_965283485.1,NZ_CBDIOS010000001.1_2235_A,C,C,C,Q,H,C,H,NZ_CBDIOS010000001.1_2235,24.0
RS_GCF_000970205.1,NZ_CP009512.1_618_A,C,C,C,Q,H,C,H,NZ_CP009512.1_618,24.0
GB_GCA_001657325.1,LWRO01000008.1_71_A,C,C,C,Q,H,C,H,LWRO01000008.1_71,24.0
GB_GCA_003252225.1,QKFE01000054.1_5_A,C,C,C,Q,H,C,H,QKFE01000054.1_5,24.0
GB_GCA_016235165.1,JACRLX010000049.1_23_A,C,C,C,Q,H,C,H,JACRLX010000049.1_23,24.0
GB_GCA_020060385.1,JAGVAH010000085.1_4_A,C,C,C,Q,H,C,H,JAGVAH010000085.1_4,24.0
GB_GCA_020723925.1,DYHX01000020.1_23_A,C,C,C,Q,H,C,H,DYHX01000020.1_23,24.0
GB_GCA_021768485.1,JAIZVZ010000028.1_23_A,C,C,C,Q,H,C,H,JAIZVZ010000028.1_23,24.0
GB_GCA_023421505.1,JAEZTJ010000091.1_63_A,C,C,C,Q,H,C,H,JAEZTJ010000091.1_63,24.0
GB_GCA_025055675.1,JANWWT010000006.1_41_A,C,C,C,Q,H,C,H,JANWWT010000006.1_41,24.0
GB_GCA_028277725.1,JANQFX010000031.1_9_A,C,C,C,Q,H,C,H,JANQFX010000031.1_9,24.0
GB_GCA_029060305.1,JAIDUG010000011.1_8_A,C,C,C,C,F,C,H,JAIDUG010000011.1_8,21.0
GB_GCA_031288745.1,JAITQT010000033.1_5_A,C,C,C,Q,H,C,H,JAITQT010000033.1_5,24.0
GB_GCA_033851995.1,JAWSVI010000010.1_59_A,C,C,C,Q,H,C,H,JAWSVI010000010.1_59,24.0
GB_GCA_036804525.1,DAIRSE010000008.1_76_A,C,C,C,Q,H,C,-,DAIRSE010000008.1_76,21.0
GB_GCA_041299015.1,JBFYWB010000084.1_33_A,C,C,C,Q,H,C,H,JBFYWB010000084.1_33,24.0
GB_GCA_049323915.1,JBMOPC010000075.1_5_A,C,C,C,Q,H,C,H,JBMOPC010000075.1_5,24.0
GB_GCA_049663445.1,JBATDL010000047.1_9_A,C,C,C,Q,H,C,H,JBATDL010000047.1_9,24.0
GB_GCA_050291625.1,JBNKKC010000099.1_20_A,C,C,C,Q,H,C,H,JBNKKC010000099.1_20,24.0
GB_GCA_051885305.1,JBJEWY010000105.1_9_A,C,C,C,W,F,C,A,JBJEWY010000105.1_9,19.0
GB_GCA_934438135.1,CAKSBP010000061.1_1_A,C,C,C,W,F,C,P,CAKSBP010000061.1_1,19.0
GB_GCA_942493145.1,OW818679.1_769_A,C,C,C,Q,H,C,H,OW818679.1_769,24.0
GB_GCA_945876185.1,CAMCMZ010000009.1_8_A,C,C,C,Q,H,C,H,CAMCMZ010000009.1_8,24.0
GB_GCA_963665715.2,CAXXPR010000001.1_824_A,C,C,C,Q,H,C,H,CAXXPR010000001.1_824,24.0
GB_GCA_963675565.2,CAXXYD010000002.1_118_A,C,C,C,Q,H,C,H,CAXXYD010000002.1_118,24.0
GB_GCA_963727245.1,CAVSFO010000008.1_23_A,C,C,C,Q,H,C,H,CAVSFO010000008.1_23,24.0
GB_GCA_963849665.1,CAWKJW010000056.1_51_A,C,C,C,Q,H,C,H,CAWKJW010000056.1_51,24.0
RS_GCF_000092245.1,NC_014166.1_47_A,C,C,C,Q,H,C,H,NC_014166.1_47,24.0
RS_GCF_000253295.1,NC_015717.1_3429_A,C,C,C,Q,H,C,H,NC_015717.1_3429,24.0
RS_GCF_000427445.1,NZ_KE386496.1_2137_A,C,C,C,Q,H,C,H,NZ_KE386496.1_2137,24.0
RS_GCF_001655685.1,NZ_LYVF01000002.1_35_A,C,C,C,Q,H,C,F,NZ_LYVF01000002.1_35,22.0
RS_GCF_001898825.1,NZ_MKVK01000018.1_22_A,C,C,C,Q,H,C,H,NZ_MKVK01000018.1_22,24.0
RS_GCF_002078505.1,NZ_LUAV01000021.1_44_A,C,C,C,Q,H,C,H,NZ_LUAV01000021.1_44,24.0
RS_GCF_003609635.1,NZ_MCIA01000016.1_17_A,C,C,C,Q,H,C,H,NZ_MCIA01000016.1_17,24.0
RS_GCF_008802365.1,NZ_VZQZ01000001.1_285_A,C,C,C,Q,H,C,H,NZ_VZQZ01000001.1_285,24.0
RS_GCF_013170805.1,NZ_CP051293.1_6910_A,C,C,C,Q,H,C,H,NZ_CP051293.1_6910,24.0
RS_GCF_014773365.1,NZ_JACWUN010000003.1_99_A,C,C,C,Q,H,C,H,NZ_JACWUN010000003.1_99,24.0
RS_GCF_022012295.1,NZ_JAKLTN010000001.1_1585_A,C,C,C,Q,H,C,H,NZ_JAKLTN010000001.1_1585,24.0
GB_GCA_016841265.1,JAENZL010000011.1_65_A,C,C,C,Q,H,C,H,JAENZL010000011.1_65,24.0
GB_GCA_026985525.1,JALSQI010000027.1_46_A,C,C,C,Q,H,C,H,JALSQI010000027.1_46,24.0
GB_GCA_964637135.1,CAZWTX010000032.1_4_A,-,-,C,Q,H,C,H,CAZWTX010000032.1_4,16.0
RS_GCF_050433505.1,NZ_JBNPXC010000003.1_195_A,C,C,C,Q,H,C,H,NZ_JBNPXC010000003.1_195,24.0
GB_GCA_000747625.2,JQDQ01000073.1_15_A,C,C,C,Q,H,C,H,JQDQ01000073.1_15,24.0
GB_GCA_002796995.1,PEKW01000007.1_406_A,C,C,C,Q,H,C,H,PEKW01000007.1_406,24.0
GB_GCA_003142855.1,PLNW01000118.1_40_A,C,C,C,Q,H,C,H,PLNW01000118.1_40,24.0
GB_GCA_003990955.1,BIFV01000005.1_9_A,C,C,C,Q,H,C,H,BIFV01000005.1_9,24.0
GB_GCA_007125165.1,SLDV01000002.1_39_A,C,C,C,Q,H,C,H,SLDV01000002.1_39,24.0
GB_GCA_015057705.1,SVDU01000009.1_64_A,C,C,C,Q,H,C,H,SVDU01000009.1_64,24.0
GB_GCA_016744475.1,JADGEH010000034.1_21_A,C,C,C,Q,H,C,H,JADGEH010000034.1_21,24.0
GB_GCA_018814405.1,JAHIZO010000003.1_20_A,C,C,C,Q,H,C,H,JAHIZO010000003.1_20,24.0
GB_GCA_020724365.1,DYHD01000041.1_3_A,C,C,C,Q,H,C,H,DYHD01000041.1_3,24.0
GB_GCA_023398495.1,JAEWSG010000067.1_15_A,C,C,C,Q,H,C,H,JAEWSG010000067.1_15,24.0
GB_GCA_023411555.1,JAEYOQ010000007.1_53_A,C,C,C,Q,H,C,H,JAEYOQ010000007.1_53,24.0
GB_GCA_023458095.1,JAEXAS010000045.1_50_A,C,C,C,Q,H,C,H,JAEXAS010000045.1_50,24.0
GB_GCA_027343965.1,DAHWJX010000074.1_8_A,C,C,C,Q,H,C,H,DAHWJX010000074.1_8,24.0
GB_GCA_031259215.1,JAIRLU010000039.1_7_A,C,C,C,Q,H,C,H,JAIRLU010000039.1_7,24.0
GB_GCA_031292625.1,JARLGU010000019.1_70_A,C,C,C,Q,H,C,H,JARLGU010000019.1_70,24.0
GB_GCA_036504535.1,DASXUY010000026.1_192_A,C,C,C,Q,H,C,H,DASXUY010000026.1_192,24.0
GB_GCA_040752855.1,JBFMHP010000019.1_292_A,C,C,C,Q,H,C,H,JBFMHP010000019.1_292,24.0
GB_GCA_043797445.1,JAZDPP010000051.1_114_A,C,C,C,Q,H,C,H,JAZDPP010000051.1_114,24.0
GB_GCA_937911865.1,CALDSK010000023.1_7_A,C,C,C,Q,H,C,H,CALDSK010000023.1_7,24.0
GB_GCA_963797045.1,CAWCNZ010000001.1_1195_A,C,C,C,Q,H,C,H,CAWCNZ010000001.1_1195,24.0
GB_GCA_964423745.1,CAYRGG010000023.1_48_A,C,C,C,Q,H,C,H,CAYRGG010000023.1_48,24.0
GB_GCA_965224515.1,OZ245051.1_2505_A,C,C,C,Q,H,C,H,OZ245051.1_2505,24.0
RS_GCF_000381065.1,NZ_KB905848.1_86_A,C,C,C,W,F,C,A,NZ_KB905848.1_86,19.0
RS_GCF_000517045.1,NZ_KI912098.1_113_A,C,C,C,Q,H,C,H,NZ_KI912098.1_113,24.0
RS_GCF_001029285.1,NZ_LDZY01000006.1_163_A,C,C,C,Q,H,C,H,NZ_LDZY01000006.1_163,24.0
RS_GCF_001655685.1,NZ_LYVF01000002.1_37_A,C,C,C,Q,H,C,H,NZ_LYVF01000002.1_37,24.0
RS_GCF_002845745.1,NZ_PIUM01000010.1_28_A,C,C,C,Q,H,C,H,NZ_PIUM01000010.1_28,24.0
RS_GCF_003610295.1,NZ_RAPV01000001.1_1604_A,C,C,C,Q,H,C,H,NZ_RAPV01000001.1_1604,24.0
RS_GCF_003993795.1,NZ_RWKV01000001.1_79_A,C,C,C,Q,H,C,H,NZ_RWKV01000001.1_79,24.0
RS_GCF_009811655.1,NZ_BGJX01000002.1_83_A,C,C,C,Q,H,C,H,NZ_BGJX01000002.1_83,24.0
RS_GCF_011064285.1,NZ_CP049332.1_439_A,C,C,C,Q,H,C,H,NZ_CP049332.1_439,24.0
RS_GCF_015732285.1,NZ_WIQU01000016.1_102_A,C,C,C,W,F,C,L,NZ_WIQU01000016.1_102,19.0
RS_GCF_016756595.1,NZ_AP023257.1_6127_A,C,C,C,Q,H,C,H,NZ_AP023257.1_6127,24.0
RS_GCF_018128545.1,NZ_JAGSND010000004.1_39_A,C,C,C,Q,H,C,H,NZ_JAGSND010000004.1_39,24.0
RS_GCF_024206495.1,NZ_JAMBPQ010000011.1_6_A,C,C,C,Q,H,C,H,NZ_JAMBPQ010000011.1_6,24.0
RS_GCF_031082295.1,NZ_JAVHLD010000015.1_44_A,C,C,C,Q,H,C,H,NZ_JAVHLD010000015.1_44,24.0
RS_GCF_039871975.1,NZ_JBDPLL010000001.1_1531_A,C,C,C,Q,H,C,H,NZ_JBDPLL010000001.1_1531,24.0
RS_GCF_048264025.1,NZ_JBLXDN010000010.1_93_A,C,C,C,Q,H,C,H,NZ_JBLXDN010000010.1_93,24.0
RS_GCF_900155545.1,NZ_LT732525.1_389_A,C,C,C,Q,H,C,H,NZ_LT732525.1_389,24.0
RS_GCF_900231165.1,NZ_LT960614.1_4350_A,C,C,C,Q,H,C,H,NZ_LT960614.1_4350,24.0
RS_GCF_000970285.1,NZ_CP009516.1_734_A,C,C,C,Q,H,C,H,NZ_CP009516.1_734,24.0
RS_GCF_052055875.1,NZ_CP170508.1_1251_A,C,C,C,Q,H,C,H,NZ_CP170508.1_1251,24.0
GB_GCA_001657325.1,LWRO01000015.1_118_A,C,C,C,Q,H,C,H,LWRO01000015.1_118,24.0
GB_GCA_003252375.1,QKEJ01000123.1_8_A,C,C,C,Q,H,C,H,QKEJ01000123.1_8,24.0
GB_GCA_009908845.1,JAAAOQ010000017.1_18_A,C,C,C,Q,H,C,H,JAAAOQ010000017.1_18,24.0
GB_GCA_015548865.1,JADMXW010000007.1_99_A,C,C,C,Q,H,C,H,JADMXW010000007.1_99,24.0
GB_GCA_016934935.1,JAFGRW010000109.1_13_A,C,C,C,Q,H,C,H,JAFGRW010000109.1_13,24.0
GB_GCA_020061585.1,JAGUXX010000267.1_13_A,C,C,C,Q,H,C,H,JAGUXX010000267.1_13,24.0
GB_GCA_021828375.1,JAKARS010000017.1_2_A,C,C,C,Q,H,C,H,JAKARS010000017.1_2,24.0
GB_GCA_023436065.1,JAEZKU010000030.1_49_A,C,C,C,Q,H,C,H,JAEZKU010000030.1_49,24.0
GB_GCA_024637115.1,JAGXFU010000005.1_220_A,C,C,C,Q,H,C,H,JAGXFU010000005.1_220,24.0
GB_GCA_028277745.1,JANQFR010000004.1_32_A,C,C,C,Q,H,C,H,JANQFR010000004.1_32,24.0
GB_GCA_029060305.1,JAIDUG010000011.1_19_A,C,C,C,W,F,C,A,JAIDUG010000011.1_19,19.0
GB_GCA_029432815.1,JAROBA010000037.1_7_A,C,C,C,Q,H,C,H,JAROBA010000037.1_7,24.0
GB_GCA_030066295.1,JASJBX010000037.1_40_A,C,C,C,Q,H,C,H,JASJBX010000037.1_40,24.0
GB_GCA_031273845.1,JAISRC010000151.1_7_A,C,C,C,Q,H,C,H,JAISRC010000151.1_7,24.0
GB_GCA_031279155.1,JAITJB010000338.1_5_A,C,C,C,Q,H,C,H,JAITJB010000338.1_5,24.0
GB_GCA_031292655.1,JARLGO010000407.1_4_A,C,C,C,Q,H,C,H,JARLGO010000407.1_4,24.0
GB_GCA_034933685.1,JAYFNB010000011.1_70_A,C,C,C,Q,H,C,H,JAYFNB010000011.1_70,24.0
GB_GCA_036820645.1,DAISLB010000024.1_9_A,C,C,C,Q,H,C,H,DAISLB010000024.1_9,24.0
GB_GCA_041752155.1,JBGSHR010000091.1_4_A,C,C,C,Q,H,C,H,JBGSHR010000091.1_4,24.0
GB_GCA_046541615.1,JBKHCX010000116.1_7_A,C,C,C,Q,H,C,H,JBKHCX010000116.1_7,24.0
GB_GCA_049323935.1,JBMONN010000001.1_54_A,C,C,C,Q,H,C,H,JBMONN010000001.1_54,24.0
GB_GCA_934438135.1,CAKSBP010000061.1_9_A,C,C,C,W,F,C,A,CAKSBP010000061.1_9,19.0
GB_GCA_963675595.2,CAXXLZ010000001.1_1312_A,C,C,C,Q,H,C,H,CAXXLZ010000001.1_1312,24.0
GB_GCA_963727775.1,CAVSHB010000001.1_593_A,C,C,C,Q,H,C,H,CAVSHB010000001.1_593,24.0
GB_GCA_964396415.1,CAYNFM010000019.1_24_A,C,C,C,Q,H,C,H,CAYNFM010000019.1_24,24.0
GB_GCA_964505475.1,CAZDIJ010000068.1_8_A,C,C,C,Q,H,C,H,CAZDIJ010000068.1_8,24.0
GB_GCA_964536305.1,CAZHVY010000001.1_355_A,C,C,C,Q,H,C,H,CAZHVY010000001.1_355,24.0
GB_GCA_964627665.1,CAZVKG010000009.1_22_A,C,C,C,Q,H,C,H,CAZVKG010000009.1_22,24.0
GB_GCA_964652315.1,CAZZBU010000035.1_14_A,C,C,C,Q,H,C,H,CAZZBU010000035.1_14,24.0
RS_GCF_000016505.1,NC_009706.1_3064_A,C,C,C,Q,H,C,H,NC_009706.1_3064,24.0
RS_GCF_000092405.1,NC_014220.1_2142_A,C,C,C,Q,H,C,F,NC_014220.1_2142,22.0
RS_GCF_000255115.2,NC_018068.1_3913_A,C,C,C,Q,H,C,H,NC_018068.1_3913,24.0
RS_GCF_000427465.1,NZ_KE386497.1_80_A,C,C,C,Q,H,C,H,NZ_KE386497.1_80,24.0
RS_GCF_000517045.1,NZ_KI912098.1_115_A,-,C,C,K,N,C,V,NZ_KI912098.1_115,15.0
RS_GCF_001657485.1,NZ_LXFU01000028.1_114_A,C,C,C,Q,H,C,H,NZ_LXFU01000028.1_114,24.0
RS_GCF_003233655.1,NZ_CP029829.1_495_A,C,C,C,Q,H,C,H,NZ_CP029829.1_495,24.0
RS_GCF_004917075.1,NZ_SSYB01000001.1_386_A,C,C,C,Q,H,C,H,NZ_SSYB01000001.1_386,24.0
RS_GCF_013170825.1,NZ_CP033365.1_6519_A,C,C,C,Q,H,C,H,NZ_CP033365.1_6519,24.0
RS_GCF_014164585.1,NZ_JACJFM010000007.1_88_A,C,C,C,Q,H,C,H,NZ_JACJFM010000007.1_88,24.0
RS_GCF_014773395.1,NZ_JACXAF010000002.1_32_A,C,C,C,Q,H,C,H,NZ_JACXAF010000002.1_32,24.0
RS_GCF_018128545.1,NZ_JAGSND010000013.1_67_A,C,C,C,W,F,C,G,NZ_JAGSND010000013.1_67,19.0
RS_GCF_031127805.1,NZ_JARXHW010000028.1_37_A,C,C,C,Q,H,C,H,NZ_JARXHW010000028.1_37,24.0
RS_GCF_033342255.1,NZ_JAWONS010000290.1_73_A,C,C,C,Q,H,C,H,NZ_JAWONS010000290.1_73,24.0
RS_GCF_035254065.1,NZ_DATFBA010000180.1_3_A,C,C,C,Q,H,C,H,NZ_DATFBA010000180.1_3,24.0
RS_GCF_039888655.1,NZ_JBDQQO010000010.1_39_A,C,C,C,Q,H,C,H,NZ_JBDQQO010000010.1_39,24.0
RS_GCF_046559655.1,NZ_JBKGFV010000002.1_535_A,C,C,C,Q,H,C,H,NZ_JBKGFV010000002.1_535,24.0
RS_GCF_963666255.2,NZ_CAXXPH010000002.1_1125_A,C,C,C,Q,H,C,H,NZ_CAXXPH010000002.1_1125,24.0
GB_GCA_963668475.1,OY764544.1_452_A,C,C,C,Q,H,C,H,OY764544.1_452,24.0
GB_GCA_964639235.1,CAZXDN010000033.1_10_A,C,C,C,Q,H,C,H,CAZXDN010000033.1_10,24.0
GB_GCA_002424475.1,DIKI01000005.1_145_A,C,C,C,Q,H,C,H,DIKI01000005.1_145,24.0
GB_GCA_002840095.1,PGZL01000003.1_32_A,C,C,C,Q,H,C,H,PGZL01000003.1_32,24.0
GB_GCA_003252385.1,QKEH01000151.1_8_A,C,C,C,Q,H,C,H,QKEH01000151.1_8,24.0
GB_GCA_013377095.1,JACAAY010000010.1_17_A,C,C,C,Q,H,C,H,JACAAY010000010.1_17,24.0
GB_GCA_015057715.1,SVDS01000056.1_5_A,C,C,C,Q,H,C,H,SVDS01000056.1_5,24.0
GB_GCA_016208975.1,JACQXA010000004.1_787_A,C,C,C,Q,H,C,H,JACQXA010000004.1_787,24.0
GB_GCA_020725025.1,DYFV01000005.1_7_A,C,C,C,Q,H,C,H,DYFV01000005.1_7,24.0
GB_GCA_022735835.1,DYZU01000096.1_25_A,C,C,C,Q,H,C,H,DYZU01000096.1_25,24.0
GB_GCA_024637145.1,JAGXFQ010000025.1_11_A,C,C,C,Q,H,C,H,JAGXFQ010000025.1_11,24.0
GB_GCA_031288765.1,JAITQV010000187.1_5_A,C,C,C,Q,H,C,H,JAITQV010000187.1_5,24.0
GB_GCA_043798045.1,JAZDPD010000113.1_9_A,C,C,C,Q,H,C,H,JAZDPD010000113.1_9,24.0
GB_GCA_047972415.1,JBKEAN010000031.1_11_A,C,C,C,Q,H,C,H,JBKEAN010000031.1_11,24.0
GB_GCA_050124295.1,JASFFM010000012.1_9_A,C,C,C,Q,H,C,H,JASFFM010000012.1_9,24.0
GB_GCA_050291725.1,JBNKKH010000024.1_44_A,C,C,C,Q,H,C,H,JBNKKH010000024.1_44,24.0
GB_GCA_963821165.1,CAWGCQ010000005.1_115_A,C,C,C,Q,H,C,H,CAWGCQ010000005.1_115,24.0
GB_GCA_964601085.1,CAZRLN010000009.1_35_A,C,C,C,Q,H,C,H,CAZRLN010000009.1_35,24.0
GB_GCA_965644215.1,CBFFRL010000045.1_18_A,C,C,C,Q,H,C,H,CBFFRL010000045.1_18,24.0
RS_GCF_000092405.1,NC_014220.1_2144_A,C,C,C,Q,H,C,H,NC_014220.1_2144,24.0
RS_GCF_000317635.1,NC_019779.1_1779_A,C,C,C,Q,H,C,H,NC_019779.1_1779,24.0
RS_GCF_000381065.1,NZ_KB905848.1_98_A,C,C,C,W,F,C,-,NZ_KB905848.1_98,18.0
RS_GCF_000517065.1,NZ_KI912105.1_2469_A,C,C,C,Q,H,C,H,NZ_KI912105.1_2469,24.0
RS_GCF_003994235.2,NZ_RYFG02000121.1_103_A,C,C,C,Q,H,C,H,NZ_RYFG02000121.1_103,24.0
RS_GCF_004339545.1,NZ_SMGD01000011.1_8_A,C,C,C,Q,H,C,H,NZ_SMGD01000011.1_8,24.0
RS_GCF_009821115.1,NZ_VYTY01000004.1_84_A,C,C,C,Q,H,C,H,NZ_VYTY01000004.1_84,24.0
RS_GCF_014174405.1,NZ_JACEGA010000001.1_1423_A,C,C,C,Q,H,C,H,NZ_JACEGA010000001.1_1423,24.0
RS_GCF_014359475.1,NZ_JACIZI010000004.1_121_A,C,C,C,Q,H,C,H,NZ_JACIZI010000004.1_121,24.0
RS_GCF_015732285.1,NZ_WIQU01000016.1_107_A,C,C,C,W,F,C,-,NZ_WIQU01000016.1_107,18.0
RS_GCF_016756615.1,NZ_AP023262.1_6788_A,C,C,C,Q,H,C,H,NZ_AP023262.1_6788,24.0
RS_GCF_019802345.1,NZ_JAINDZ010000002.1_57_A,C,C,C,Q,H,C,H,NZ_JAINDZ010000002.1_57,24.0
RS_GCF_022848905.1,NZ_JAFIRA010000004.1_120_A,C,C,C,Q,H,C,H,NZ_JAFIRA010000004.1_120,24.0
RS_GCF_036569345.1,NZ_DATCQT010000047.1_21_A,C,C,C,Q,H,C,H,NZ_DATCQT010000047.1_21,24.0
RS_GCF_048265805.1,NZ_JBLXAT010000029.1_9_A,C,C,C,Q,H,C,H,NZ_JBLXAT010000029.1_9,24.0
RS_GCF_052162025.1,NZ_CP197401.1_3074_A,C,C,C,Q,H,C,H,NZ_CP197401.1_3074,24.0
RS_GCF_900105615.1,NZ_LT630003.1_2093_A,C,C,C,H,Y,C,L,NZ_LT630003.1_2093,19.0
RS_GCF_965284615.1,NZ_OZ260098.1_3644_A,C,C,C,Q,H,C,H,NZ_OZ260098.1_3644,24.0
GB_GCA_041645435.1,JBAZQB010000006.1_211_A,C,C,C,Q,H,C,H,JBAZQB010000006.1_211,24.0
GB_GCA_009908855.1,JAAAOM010000072.1_5_A,C,C,C,Q,H,C,H,JAAAOM010000072.1_5,24.0
GB_GCA_012031265.1,JAAUTY010000072.1_17_A,C,C,C,Q,H,C,H,JAAUTY010000072.1_17,24.0
GB_GCA_016934975.1,JAFGRV010000395.1_19_A,C,C,C,Q,H,C,H,JAFGRV010000395.1_19,24.0
GB_GCA_017634275.1,JAGBNQ010000052.1_8_A,C,C,C,W,F,C,-,JAGBNQ010000052.1_8,18.0
GB_GCA_020062545.1,JAGUWD010000007.1_207_A,C,C,C,Q,H,C,H,JAGUWD010000007.1_207,24.0
GB_GCA_021777135.1,JAJYDX010000001.1_210_A,C,C,C,Q,H,C,H,JAJYDX010000001.1_210,24.0
GB_GCA_021798485.1,JAJZGK010000148.1_4_A,C,C,C,Q,H,C,H,JAJZGK010000148.1_4,24.0
GB_GCA_021828445.1,JAJZJD010000001.1_36_A,C,C,C,Q,H,C,H,JAJZJD010000001.1_36,24.0
GB_GCA_023411575.1,JAEYOP010000020.1_100_A,C,C,C,Q,H,C,H,JAEYOP010000020.1_100,24.0
GB_GCA_025056115.1,JANWVM010000010.1_12_A,C,C,C,Q,H,C,H,JANWVM010000010.1_12,24.0
GB_GCA_030604885.1,JAUVUZ010000014.1_17_A,C,C,C,Q,H,C,H,JAUVUZ010000014.1_17,24.0
GB_GCA_033852035.1,JAWSVG010000063.1_9_A,C,C,C,Q,H,C,H,JAWSVG010000063.1_9,24.0
GB_GCA_035638855.1,DASQZD010000067.1_64_A,C,C,C,Q,H,C,H,DASQZD010000067.1_64,24.0
GB_GCA_036504875.1,DASXUK010000036.1_19_A,C,C,C,Q,H,C,H,DASXUK010000036.1_19,24.0
GB_GCA_039583345.1,JAZDSJ010000011.1_146_A,C,C,C,Q,H,C,H,JAZDSJ010000011.1_146,24.0
GB_GCA_040753155.1,JBFMEU010000042.1_8_A,C,C,C,Q,H,C,H,JBFMEU010000042.1_8,24.0
GB_GCA_041306845.1,JBFZEO010000213.1_4_A,C,C,C,Q,H,C,H,JBFZEO010000213.1_4,24.0
GB_GCA_041654415.1,JBAZDL010000014.1_13_A,C,C,C,Q,H,C,H,JBAZDL010000014.1_13,24.0
GB_GCA_046541805.1,JBKHCM010000025.1_9_A,C,C,C,Q,H,C,H,JBKHCM010000025.1_9,24.0
GB_GCA_902803805.1,CADCRH010000056.1_20_A,C,C,C,W,F,C,-,CADCRH010000056.1_20,18.0
GB_GCA_903994365.1,CAJEXL010000008.1_14_A,C,C,C,Q,H,C,H,CAJEXL010000008.1_14,24.0
GB_GCA_934444765.1,CAKSDC010000017.1_36_A,C,C,C,P,V,N,-,CAKSDC010000017.1_36,15.0
GB_GCA_942493195.1,OW818669.1_3345_A,C,C,C,Q,H,C,H,OW818669.1_3345,24.0
GB_GCA_963665865.2,CAXXWF010000001.1_2255_A,C,C,C,Q,H,C,H,CAXXWF010000001.1_2255,24.0
GB_GCA_963677595.1,OY782041.1_45_A,C,C,C,Q,H,C,H,OY782041.1_45,24.0
GB_GCA_964475345.1,CAYYWK010000001.1_21_A,C,C,C,Q,H,C,H,CAYYWK010000001.1_21,24.0
GB_GCA_964505535.1,CAZDIU010000151.1_5_A,C,C,C,Q,H,C,H,CAZDIU010000151.1_5,24.0
RS_GCF_000427625.1,NZ_KE386569.1_2080_A,C,C,C,Q,H,C,H,NZ_KE386569.1_2080,24.0
RS_GCF_002284535.1,NZ_NPKH01000001.1_250_A,C,C,C,Q,H,C,H,NZ_NPKH01000001.1_250,24.0
RS_GCF_003247215.1,NZ_QKAP01000041.1_6_A,C,C,C,Q,H,C,H,NZ_QKAP01000041.1_6,24.0
RS_GCF_004339595.1,NZ_SMFU01000007.1_263_A,C,C,C,Q,H,C,H,NZ_SMFU01000007.1_263,24.0
RS_GCF_014359565.1,NZ_JACIZD010000016.1_57_A,C,C,C,Q,H,C,H,NZ_JACIZD010000016.1_57,24.0
RS_GCF_016765615.1,NZ_JAESWA010000020.1_118_A,C,C,C,Q,H,C,H,NZ_JAESWA010000020.1_118,24.0
RS_GCF_017312485.1,NZ_BMBA01000015.1_9_A,C,C,C,Q,H,C,H,NZ_BMBA01000015.1_9,24.0
RS_GCF_022012485.1,NZ_JAKLTY010000045.1_44_A,C,C,C,Q,H,C,H,NZ_JAKLTY010000045.1_44,24.0
RS_GCF_024297145.1,NZ_JANCTC010000023.1_37_A,C,C,C,Q,H,C,H,NZ_JANCTC010000023.1_37,24.0
RS_GCF_037076455.1,NZ_AP028679.1_972_A,C,C,C,Q,H,C,H,NZ_AP028679.1_972,24.0
RS_GCF_044385915.1,NZ_JBISCC010000127.1_29_A,C,C,C,Q,H,C,H,NZ_JBISCC010000127.1_29,24.0
RS_GCF_963666665.1,NZ_OY762999.1_2656_A,C,C,C,Q,H,C,H,NZ_OY762999.1_2656,24.0
RS_GCF_965644225.1,NZ_CBFFRJ010000013.1_6_A,C,C,C,Q,H,C,H,NZ_CBFFRJ010000013.1_6,24.0
GB_GCA_016927055.1,JAFGNK010000019.1_17_A,C,C,C,Q,H,C,H,JAFGNK010000019.1_17,24.0
GB_GCA_031280375.1,JAITGU010000090.1_9_A,C,C,C,Q,H,C,H,JAITGU010000090.1_9,24.0
GB_GCA_041648475.1,JBAZOV010000004.1_72_A,C,C,C,Q,H,C,H,JBAZOV010000004.1_72,24.0
RS_GCF_026684035.1,NZ_CP113361.1_1045_A,C,C,C,Q,H,C,H,NZ_CP113361.1_1045,24.0
GB_GCA_000747665.1,BBKT01000028.1_9_A,C,C,C,Q,H,C,H,BBKT01000028.1_9,24.0
GB_GCA_003151655.1,PLYB01000275.1_52_A,C,C,C,Q,H,C,H,PLYB01000275.1_52,24.0
GB_GCA_003252395.1,QKEL01000008.1_528_A,C,C,C,Q,H,C,H,QKEL01000008.1_528,24.0
GB_GCA_007125455.1,SLDE01000172.1_3_A,C,C,C,Q,H,C,H,SLDE01000172.1_3,24.0
GB_GCA_013388805.1,JACAEO010000087.1_16_A,C,C,C,Q,H,C,H,JACAEO010000087.1_16,24.0
GB_GCA_016235255.1,JACRLM010000031.1_16_A,C,C,C,Q,H,C,H,JACRLM010000031.1_16,24.0
GB_GCA_016744575.1,JADGEC010000072.1_20_A,C,C,C,Q,H,C,H,JADGEC010000072.1_20,24.0
GB_GCA_023421675.1,JAEZTC010000013.1_590_A,C,C,C,Q,H,C,H,JAEZTC010000013.1_590,24.0
GB_GCA_023458315.1,JAEXAH010000113.1_63_A,C,C,C,Q,H,C,H,JAEXAH010000113.1_63,24.0
GB_GCA_028687375.1,JAQUAG010000011.1_20_A,C,C,C,Q,H,C,H,JAQUAG010000011.1_20,24.0
GB_GCA_029557215.1,JAKPQQ010000249.1_14_A,C,C,C,Q,H,C,H,JAKPQQ010000249.1_14,24.0
GB_GCA_031273985.1,JAISQV010000092.1_6_A,C,C,C,Q,H,C,H,JAISQV010000092.1_6,24.0
GB_GCA_031296105.1,JARLGJ010000055.1_5_A,C,C,C,Q,H,C,H,JARLGJ010000055.1_5,24.0
GB_GCA_034933685.1,JAYFNB010000034.1_19_A,C,C,C,Q,H,C,H,JAYFNB010000034.1_19,24.0
GB_GCA_036504895.1,DASXUJ010000093.1_6_A,C,C,C,Q,H,C,H,DASXUJ010000093.1_6,24.0
GB_GCA_047972845.1,JBKEBB010000238.1_12_A,C,C,C,Q,H,C,H,JBKEBB010000238.1_12,24.0
GB_GCA_049664185.1,JBATEU010000017.1_6_A,C,C,C,Q,H,C,H,JBATEU010000017.1_6,24.0
GB_GCA_050178015.1,JBFXGM010000044.1_17_A,C,C,C,Q,H,C,H,JBFXGM010000044.1_17,24.0
GB_GCA_050291745.1,JBNKKI010000021.1_13_A,C,C,C,Q,H,C,H,JBNKKI010000021.1_13,24.0
GB_GCA_051971635.1,JBFPLN010000004.1_43_A,C,C,C,Q,H,C,H,JBFPLN010000004.1_43,24.0
GB_GCA_903887845.1,CAISRC010000142.1_20_A,C,C,C,Q,H,C,H,CAISRC010000142.1_20,24.0
GB_GCA_937915545.1,CALGIJ010000021.1_181_A,C,C,C,Q,H,C,H,CALGIJ010000021.1_181,24.0
GB_GCA_946630405.1,CAMOYW010000038.1_6_A,C,C,C,W,F,C,A,CAMOYW010000038.1_6,19.0
GB_GCA_963750235.1,CAVVPW010000002.1_450_A,C,C,C,Q,H,C,H,CAVVPW010000002.1_450,24.0
GB_GCA_963821645.1,CAWGEQ010000005.1_71_A,C,C,C,Q,H,C,H,CAWGEQ010000005.1_71,24.0
GB_GCA_963849735.1,CAWKJE010000031.1_35_A,C,C,C,Q,H,C,H,CAWKJE010000031.1_35,24.0
GB_GCA_964450405.1,CAYVCQ010000003.1_227_A,C,C,C,Q,H,C,H,CAYVCQ010000003.1_227,24.0
GB_GCA_964506525.1,CAZDLA010000006.1_9_A,C,C,C,Q,H,C,H,CAZDLA010000006.1_9,24.0
GB_GCA_964628175.1,CAZVLY010000016.1_24_A,C,C,C,Q,H,C,H,CAZVLY010000016.1_24,24.0
RS_GCF_001040945.1,NZ_CP011930.1_2831_A,C,C,C,Q,H,C,H,NZ_CP011930.1_2831,24.0
RS_GCF_003610535.1,NZ_RAPN01000001.1_3239_A,C,C,C,Q,H,C,H,NZ_RAPN01000001.1_3239,24.0
RS_GCF_004919685.1,NZ_SMYZ01000081.1_104_A,C,C,C,Q,H,C,H,NZ_SMYZ01000081.1_104,24.0
RS_GCF_011064615.1,NZ_JAALJH010000043.1_54_A,C,C,C,Q,H,C,H,NZ_JAALJH010000043.1_54,24.0
RS_GCF_015732285.1,NZ_WIQU01000016.1_109_A,C,C,C,W,F,C,G,NZ_WIQU01000016.1_109,19.0
RS_GCF_017338855.1,NZ_CP071382.1_1763_A,C,C,C,Q,H,C,H,NZ_CP071382.1_1763,24.0
RS_GCF_022023855.1,NZ_CP059449.1_192_A,C,C,C,Q,H,C,H,NZ_CP059449.1_192,24.0
RS_GCF_022968795.1,NZ_JALJRB010000001.1_12_A,C,C,C,Q,H,C,H,NZ_JALJRB010000001.1_12,24.0
RS_GCF_025753855.1,NZ_JAOWPT010000022.1_13_A,C,C,C,Q,H,C,H,NZ_JAOWPT010000022.1_13,24.0
RS_GCF_041428575.1,NZ_CP155570.1_3343_A,C,C,C,Q,H,C,H,NZ_CP155570.1_3343,24.0
RS_GCF_042610375.1,NZ_JBGJZL010000016.1_6_A,C,C,C,Q,H,C,H,NZ_JBGJZL010000016.1_6,24.0
RS_GCF_900105615.1,NZ_LT630003.1_2103_A,C,C,C,W,F,C,A,NZ_LT630003.1_2103,19.0
GB_GCA_026988525.1,JALSLC010000024.1_7_A,C,C,C,Q,H,C,H,JALSLC010000024.1_7,24.0
GB_GCA_002316675.1,DCDZ01000030.1_40_A,C,C,C,W,F,C,G,DCDZ01000030.1_40,19.0
GB_GCA_002840165.1,PGZN01000004.1_42_A,C,C,C,Q,H,C,H,PGZN01000004.1_42,24.0
GB_GCA_009909005.1,JAAAOG010000158.1_7_A,C,C,C,Q,H,C,H,JAAAOG010000158.1_7,24.0
GB_GCA_016209015.1,JACQWY010000037.1_85_A,C,C,C,Q,H,C,H,JACQWY010000037.1_85,24.0
GB_GCA_016935665.1,JAFGQN010000244.1_68_A,C,C,C,Q,H,C,H,JAFGQN010000244.1_68,24.0
GB_GCA_017634455.1,JAGBNK010000006.1_7_A,C,C,C,W,F,C,G,JAGBNK010000006.1_7,19.0
GB_GCA_017986065.1,JAGNWJ010000062.1_11_A,C,C,C,Q,H,C,H,JAGNWJ010000062.1_11,24.0
GB_GCA_018816105.1,JAHIWE010000181.1_16_A,C,C,C,Q,H,C,H,JAHIWE010000181.1_16,24.0
GB_GCA_020725265.1,DYFK01000009.1_62_A,C,C,C,Q,H,C,H,DYFK01000009.1_62,24.0
GB_GCA_021798855.1,JAJZBP010000054.1_6_A,C,C,C,Q,H,C,H,JAJZBP010000054.1_6,24.0
GB_GCA_022766165.1,QYLO01000003.1_98_A,C,C,C,Q,H,C,H,QYLO01000003.1_98,24.0
GB_GCA_024637195.1,JAGXFN010000010.1_110_A,C,C,C,Q,H,C,H,JAGXFN010000010.1_110,24.0
GB_GCA_025057155.1,JANWYD010000017.1_10_A,C,C,C,Q,H,C,H,JANWYD010000017.1_10,24.0
GB_GCA_026398935.1,JAPLRW010000023.1_4_A,C,C,C,Q,H,C,H,JAPLRW010000023.1_4,24.0
GB_GCA_027346205.1,DAIESR010000537.1_9_A,C,C,C,Q,H,C,H,DAIESR010000537.1_9,24.0
GB_GCA_028277795.1,JANQFP010000190.1_13_A,C,C,C,Q,H,C,H,JANQFP010000190.1_13,24.0
GB_GCA_033852075.1,JAWSVC010000021.1_52_A,C,C,C,Q,H,C,H,JAWSVC010000021.1_52,24.0
GB_GCA_037442005.1,JBBIRA010000002.1_24_A,C,C,C,Q,H,C,H,JBBIRA010000002.1_24,24.0
GB_GCA_039594245.1,JBCNNT010000012.1_789_A,C,C,C,Q,H,C,H,JBCNNT010000012.1_789,24.0
GB_GCA_040079795.1,JBEBJQ010000030.1_28_A,C,C,C,Q,H,C,H,JBEBJQ010000030.1_28,24.0
GB_GCA_041752515.1,JBGSWI010000181.1_17_A,C,C,C,Q,H,C,H,JBGSWI010000181.1_17,24.0
GB_GCA_043798185.1,JAZDOW010000069.1_28_A,C,C,C,Q,H,C,H,JAZDOW010000069.1_28,24.0
GB_GCA_046541875.1,JBKHCL010000005.1_37_A,C,C,C,Q,H,C,H,JBKHCL010000005.1_37,24.0
GB_GCA_049324315.1,JBMOKU010000003.1_101_A,C,C,C,Q,H,C,H,JBMOKU010000003.1_101,24.0
GB_GCA_049667005.1,JBATHQ010000661.1_5_A,C,C,C,Q,H,C,H,JBATHQ010000661.1_5,24.0
GB_GCA_963665915.2,CAXXSG010000003.1_243_A,C,C,C,Q,H,C,H,CAXXSG010000003.1_243,24.0
GB_GCA_963677605.2,CAXXDX010000006.1_324_A,C,C,C,Q,H,C,H,CAXXDX010000006.1_324,24.0
GB_GCA_963797235.1,CAWCOX010000008.1_181_A,C,C,C,Q,H,C,H,CAWCOX010000008.1_181,24.0
GB_GCA_964475485.1,CAYYWY010000006.1_10_A,C,C,C,Q,H,C,H,CAYYWY010000006.1_10,24.0
GB_GCA_964537555.1,CAZIAD010000007.1_85_A,C,C,C,Q,H,C,H,CAZIAD010000007.1_85,24.0
GB_GCA_964653485.1,CAZZFF010000002.1_55_A,C,C,C,Q,H,C,H,CAZZFF010000002.1_55,24.0
RS_GCF_000016505.1,NC_009706.1_998_A,C,C,C,W,F,C,G,NC_009706.1_998,19.0
RS_GCF_000381265.1,NZ_KB906253.1_582_A,C,C,C,Q,H,C,H,NZ_KB906253.1_582,24.0
RS_GCF_000427725.1,NZ_ATYO01000023.1_64_A,C,C,C,Q,H,C,H,NZ_ATYO01000023.1_64,24.0
RS_GCF_000517085.1,NZ_KI912107.1_4063_A,C,C,C,Q,H,C,H,NZ_KI912107.1_4063,24.0
RS_GCF_000686725.1,NZ_JMLK01000008.1_196_A,C,C,C,Q,H,C,H,NZ_JMLK01000008.1_196,24.0
RS_GCF_001042715.1,NZ_CP009687.1_1355_A,C,C,C,Q,H,C,H,NZ_CP009687.1_1355,24.0
RS_GCF_001457415.1,NZ_LN881723.1_316_A,C,C,C,Q,H,C,H,NZ_LN881723.1_316,24.0
RS_GCF_001658025.2,NZ_CP014007.2_2645_A,C,C,C,Q,H,C,H,NZ_CP014007.2_2645,24.0
RS_GCF_002091475.1,NZ_BCTR01000001.1_123_A,C,C,C,Q,H,C,H,NZ_BCTR01000001.1_123,24.0
RS_GCF_002284565.1,NZ_NPKI01000050.1_8_A,C,C,C,Q,H,C,H,NZ_NPKI01000050.1_8,24.0
RS_GCF_013170845.1,NZ_CP033367.1_6615_A,C,C,C,Q,H,C,H,NZ_CP033367.1_6615,24.0
RS_GCF_015732285.1,NZ_WIQU01000042.1_28_A,C,C,C,Q,H,C,H,NZ_WIQU01000042.1_28,24.0
RS_GCF_027864655.1,NZ_JAQAZG010000008.1_82_A,C,C,C,Q,H,C,H,NZ_JAQAZG010000008.1_82,24.0
RS_GCF_031127815.1,NZ_JARXHY010000007.1_90_A,C,C,C,Q,H,C,H,NZ_JARXHY010000007.1_90,24.0
RS_GCF_033878955.1,NZ_CP138858.1_1592_A,C,C,C,Q,H,C,-,NZ_CP138858.1_1592,21.0
RS_GCF_035254505.1,NZ_DATFAO010000097.1_14_A,C,C,C,Q,H,C,H,NZ_DATFAO010000097.1_14,24.0
RS_GCF_039904985.1,NZ_CP157005.1_784_A,C,C,C,Q,H,C,H,NZ_CP157005.1_784,24.0
RS_GCF_041428715.1,NZ_CP155572.1_604_A,C,C,C,Q,H,C,H,NZ_CP155572.1_604,24.0
RS_GCF_048287355.1,NZ_JBLWEP010000071.1_5_A,C,C,C,Q,H,C,H,NZ_JBLWEP010000071.1_5,24.0
RS_GCF_050251305.1,NZ_JBFWNB010000001.1_61_A,C,C,C,Q,H,C,H,NZ_JBFWNB010000001.1_61,24.0
RS_GCF_900250075.1,NZ_LT977072.1_37_A,C,C,C,Q,H,C,H,NZ_LT977072.1_37,24.0
RS_GCF_000970305.1,NZ_CP009517.1_2903_A,C,C,C,Q,H,C,H,NZ_CP009517.1_2903,24.0
RS_GCF_052057765.1,NZ_CP195120.1_483_A,C,C,C,Q,H,C,H,NZ_CP195120.1_483,24.0
GB_GCA_000769715.1,JROS01000008.1_50_A,C,C,C,Q,H,C,H,JROS01000008.1_50,24.0
GB_GCA_002424635.1,DIKT01000095.1_24_A,C,C,C,Q,H,C,H,DIKT01000095.1_24,24.0
GB_GCA_003151775.1,PLYK01000104.1_12_A,C,C,C,Q,H,C,H,PLYK01000104.1_12,24.0
GB_GCA_013152045.1,JAADGZ010000052.1_11_A,C,C,C,Q,H,C,H,JAADGZ010000052.1_11,24.0
GB_GCA_017988045.1,JAGNSM010000017.1_25_A,C,C,C,Q,H,C,H,JAGNSM010000017.1_25,24.0
GB_GCA_020725335.1,DYFF01000012.1_3_A,C,C,C,Q,H,C,H,DYFF01000012.1_3,24.0
GB_GCA_023398615.1,JAEWSD010000176.1_17_A,C,C,C,Q,H,C,H,JAEWSD010000176.1_17,24.0
GB_GCA_025062155.1,JANXAM010000015.1_18_A,C,C,C,Q,H,C,H,JANXAM010000015.1_18,24.0
GB_GCA_029564935.1,JAKQPD010000225.1_4_A,C,C,C,Q,H,C,H,JAKQPD010000225.1_4,24.0
GB_GCA_030706405.1,JAUZOO010000003.1_159_A,C,C,C,Q,H,C,H,JAUZOO010000003.1_159,24.0
GB_GCA_035254085.1,DATFAY010000025.1_4_A,C,C,C,Q,H,C,H,DATFAY010000025.1_4,24.0
GB_GCA_036504955.1,DASXUI010000371.1_6_A,C,C,C,Q,H,C,H,DASXUI010000371.1_6,24.0
GB_GCA_036821825.1,DAISIV010000019.1_28_A,C,C,C,Q,H,C,H,DAISIV010000019.1_28,24.0
GB_GCA_038562555.1,JBCFBK010000001.1_146_A,C,C,C,Q,H,C,H,JBCFBK010000001.1_146,24.0
GB_GCA_040753915.1,JBFMDN010000016.1_9_A,C,C,C,Q,H,C,H,JBFMDN010000016.1_9,24.0
GB_GCA_041658605.1,JBAZZU010000017.1_30_A,C,C,C,Q,H,C,H,JBAZZU010000017.1_30,24.0
GB_GCA_052031325.1,JBPEXS010000275.1_2_A,C,C,C,Q,H,C,H,JBPEXS010000275.1_2,24.0
GB_GCA_900314975.1,OMXI01000001.1_28_A,C,C,C,W,F,C,-,OMXI01000001.1_28,18.0
GB_GCA_937915865.1,CALGIG010000108.1_19_A,C,C,C,Q,H,C,H,CALGIG010000108.1_19,24.0
GB_GCA_942493245.1,OW818685.1_2059_A,C,C,C,Q,H,C,H,OW818685.1_2059,24.0
GB_GCA_963675615.2,CAXXTD010000001.1_1053_A,C,C,C,Q,H,C,H,CAXXTD010000001.1_1053,24.0
GB_GCA_963707765.1,CAVPQZ010000004.1_1261_A,C,C,C,Q,H,C,H,CAVPQZ010000004.1_1261,24.0
GB_GCA_963772225.1,CAVYWD010000001.1_277_A,C,C,C,Q,H,C,H,CAVYWD010000001.1_277,24.0
GB_GCA_963797295.1,CAWCPP010000042.1_46_A,C,C,C,Q,H,C,H,CAWCPP010000042.1_46,24.0
GB_GCA_963850225.1,CAWKLD010000003.1_6_A,C,C,C,Q,H,C,H,CAWKLD010000003.1_6,24.0
GB_GCA_964292325.1,CAXYVG010000064.1_15_A,C,C,C,Q,H,C,H,CAXYVG010000064.1_15,24.0
GB_GCA_964654275.1,CAZZHS010000037.1_40_A,C,C,C,Q,H,C,H,CAZZHS010000037.1_40,24.0
GB_GCA_965650625.1,CBFGPE010000003.1_71_A,C,C,C,Q,H,C,H,CBFGPE010000003.1_71,24.0
RS_GCF_000016505.1,NC_009706.1_1006_A,C,C,C,W,F,C,-,NC_009706.1_1006,18.0
RS_GCF_000143685.1,NC_014328.1_465_A,C,C,C,Q,H,C,H,NC_014328.1_465,24.0
RS_GCF_000517105.1,NZ_ALVT01000034.1_262_A,C,C,C,Q,H,C,H,NZ_ALVT01000034.1_262,24.0
RS_GCF_000765145.1,NZ_JMGA01000028.1_62_A,C,C,C,Q,H,C,H,NZ_JMGA01000028.1_62,24.0
RS_GCF_002845745.1,NZ_PIUM01000041.1_20_A,C,C,C,Q,H,C,H,NZ_PIUM01000041.1_20,24.0
RS_GCF_003254275.1,NZ_QKZK01000008.1_30_A,C,C,C,Q,H,C,H,NZ_QKZK01000008.1_30,24.0
RS_GCF_014831675.1,NZ_VJXY01000030.1_78_A,C,C,C,Q,H,C,H,NZ_VJXY01000030.1_78,24.0
RS_GCF_019891175.1,NZ_CP072600.1_2929_A,C,C,C,Q,H,C,H,NZ_CP072600.1_2929,24.0
RS_GCF_020829625.1,NZ_JAIVFX010000007.1_142_A,C,C,C,Q,H,C,H,NZ_JAIVFX010000007.1_142,24.0
RS_GCF_022984075.1,NZ_JALAAD010000001.1_1057_A,C,C,C,Q,H,C,H,NZ_JALAAD010000001.1_1057,24.0
RS_GCF_025770725.1,NZ_JANZKZ010000002.1_171_A,C,C,C,Q,H,C,H,NZ_JANZKZ010000002.1_171,24.0
RS_GCF_046603805.1,NZ_CP176628.1_329_A,C,C,C,Q,H,C,H,NZ_CP176628.1_329,24.0
RS_GCF_048287365.2,NZ_JBLWEM020000002.1_55_A,C,C,C,Q,H,C,H,NZ_JBLWEM020000002.1_55,24.0
GB_GCA_963675495.1,OY776215.1_1206_A,C,C,C,Q,H,C,H,OY776215.1_1206,24.0
GB_GCA_964652135.1,CAZZAF010000008.1_42_A,C,C,C,Q,H,C,H,CAZZAF010000008.1_42,24.0
GB_GCA_003490025.1,DNJC01000006.1_81_A,C,C,C,Q,H,C,H,DNJC01000006.1_81,24.0
GB_GCA_007125735.1,SLCP01000177.1_19_A,C,C,C,Q,H,C,H,SLCP01000177.1_19,24.0
GB_GCA_009909085.1,JAAANX010000187.1_30_A,C,C,C,Q,H,C,H,JAAANX010000187.1_30,24.0
GB_GCA_012031635.1,JAAUUE010000097.1_9_A,C,C,C,Q,H,C,H,JAAUUE010000097.1_9,24.0
GB_GCA_013152145.1,JAADGW010000228.1_5_A,C,C,C,Q,H,C,H,JAADGW010000228.1_5,24.0
GB_GCA_016744595.1,JADGEB010000001.1_66_A,C,C,C,Q,H,C,H,JADGEB010000001.1_66,24.0
GB_GCA_016935695.1,JAFGQL010000107.1_3_A,C,C,C,Q,H,C,H,JAFGQL010000107.1_3,24.0
GB_GCA_019359325.1,JAHHHN010000007.1_178_A,C,C,C,Q,H,C,H,JAHHHN010000007.1_178,24.0
GB_GCA_021777225.1,JAJYDQ010000042.1_9_A,C,C,C,Q,H,C,H,JAJYDQ010000042.1_9,24.0
GB_GCA_021798875.1,JAJZBN010000021.1_26_A,C,C,C,Q,H,C,H,JAJZBN010000021.1_26,24.0
GB_GCA_023458875.1,JAEWXO010000026.1_13_A,C,C,C,W,F,C,-,JAEWXO010000026.1_13,18.0
GB_GCA_028687415.1,JAQUAC010000025.1_4_A,C,C,C,Q,H,C,H,JAQUAC010000025.1_4,24.0
GB_GCA_031268525.1,JAIRXA010000129.1_5_A,C,C,C,W,F,C,-,JAIRXA010000129.1_5,18.0
GB_GCA_031279415.1,JAITIP010000043.1_14_A,C,C,C,W,F,C,-,JAITIP010000043.1_14,18.0
GB_GCA_033852115.1,JAWSVE010000008.1_179_A,C,C,C,Q,H,C,H,JAWSVE010000008.1_179,24.0
GB_GCA_035518875.1,DATIXD010000245.1_8_A,C,C,C,Q,H,C,H,DATIXD010000245.1_8,24.0
GB_GCA_037442585.1,JBBIQC010000567.1_6_A,C,C,C,Q,H,C,H,JBBIQC010000567.1_6,24.0
GB_GCA_047972895.1,JBKEBA010000013.1_10_A,C,C,C,Q,H,C,H,JBKEBA010000013.1_10,24.0
GB_GCA_050178755.1,JBFXFU010000003.1_95_A,C,C,C,Q,H,C,H,JBFXFU010000003.1_95,24.0
GB_GCA_050291935.1,JBNKKR010000041.1_20_A,C,C,C,Q,H,C,H,JBNKKR010000041.1_20,24.0
GB_GCA_052035295.1,JBPOHS010000041.1_4_A,C,C,C,Q,H,C,H,JBPOHS010000041.1_4,24.0
GB_GCA_900315015.1,OMXJ01000034.1_24_A,C,C,C,W,F,C,-,OMXJ01000034.1_24,18.0
GB_GCA_903994455.1,CAJEXI010000041.1_8_A,C,C,C,Q,H,C,H,CAJEXI010000041.1_8,24.0
GB_GCA_963675635.1,OY776488.1_185_A,C,C,C,Q,H,C,H,OY776488.1_185,24.0
GB_GCA_963821975.1,CAWGFV010000001.1_889_A,C,C,C,Q,H,C,H,CAWGFV010000001.1_889,24.0
GB_GCA_964293225.1,CAXYYB010000016.1_49_A,C,C,C,Q,H,C,H,CAXYYB010000016.1_49,24.0
GB_GCA_964538055.1,CAZIDU010000086.1_13_A,C,C,C,Q,H,C,H,CAZIDU010000086.1_13,24.0
RS_GCF_000016505.1,NC_009706.1_1007_A,C,C,C,W,F,C,-,NC_009706.1_1007,18.0
RS_GCF_000260135.1,NZ_JH651384.1_4052_A,C,C,C,Q,H,C,H,NZ_JH651384.1_4052,24.0
RS_GCF_000768065.1,NZ_JRKM01000001.1_3635_A,C,C,C,Q,H,C,H,NZ_JRKM01000001.1_3635,24.0
RS_GCF_002284575.1,NZ_NPKJ01000057.1_99_A,C,C,C,Q,H,C,H,NZ_NPKJ01000057.1_99,24.0
RS_GCF_003625475.1,NZ_RAIQ01000001.1_413_A,C,C,C,W,F,C,-,NZ_RAIQ01000001.1_413,18.0
RS_GCF_003994475.1,NZ_RZNY01000006.1_226_A,C,C,C,Q,H,C,H,NZ_RZNY01000006.1_226,24.0
RS_GCF_013177315.1,NZ_CP053661.1_2364_A,C,C,C,Q,H,C,H,NZ_CP053661.1_2364,24.0
RS_GCF_014189455.1,NZ_CP050299.1_426_A,C,C,C,Q,H,C,H,NZ_CP050299.1_426,24.0
RS_GCF_016772315.1,NZ_CP053482.1_2670_A,C,C,C,Q,H,C,H,NZ_CP053482.1_2670,24.0
RS_GCF_017347585.1,NZ_AP024480.1_1912_A,C,C,C,Q,H,C,L,NZ_AP024480.1_1912,22.0
RS_GCF_019904135.1,NZ_JAIOGQ010000046.1_12_A,C,C,C,Q,H,C,H,NZ_JAIOGQ010000046.1_12,24.0
RS_GCF_025770765.1,NZ_JANZKY010000007.1_49_A,C,C,C,Q,H,C,H,NZ_JANZKY010000007.1_49,24.0
RS_GCF_029714205.1,NZ_CP121648.1_3526_A,C,C,C,Q,H,C,H,NZ_CP121648.1_3526,24.0
RS_GCF_031127905.1,NZ_JARXIC010000005.1_160_A,C,C,C,Q,H,C,H,NZ_JARXIC010000005.1_160,24.0
RS_GCF_036584575.1,NZ_JAZHDB010000088.1_4_A,C,C,C,Q,H,C,H,NZ_JAZHDB010000088.1_4,24.0
RS_GCF_037094465.1,NZ_CP146609.1_3288_A,C,C,C,Q,H,C,H,NZ_CP146609.1_3288,24.0
RS_GCF_048287395.1,NZ_JBLWEO010000060.1_10_A,C,C,C,Q,H,C,H,NZ_JBLWEO010000060.1_10,24.0
RS_GCF_900156155.1,NZ_FTMD01000004.1_255_A,C,C,C,Q,H,C,H,NZ_FTMD01000004.1_255,24.0
RS_GCF_963666695.2,NZ_CAXXQF010000001.1_15_A,C,C,C,Q,H,C,H,NZ_CAXXQF010000001.1_15,24.0
GB_GCA_016928355.1,JAFGKW010000034.1_7_A,C,C,C,Q,H,C,H,JAFGKW010000034.1_7,24.0
GB_GCA_031282205.1,JAITEE010000061.1_25_A,C,C,C,Q,H,C,H,JAITEE010000061.1_25,24.0
GB_GCA_041652515.1,JBAZHD010000041.1_18_A,C,C,C,Q,H,C,H,JBAZHD010000041.1_18,24.0
GB_GCA_002840245.1,PHAA01000005.1_62_A,C,C,C,-,Y,S,N,PHAA01000005.1_62,15.0
GB_GCA_003252535.1,QKDN01000025.1_45_A,C,C,C,Q,H,C,H,QKDN01000025.1_45,24.0
GB_GCA_012031845.1,JAAUTD010000083.1_5_A,C,C,C,Q,H,C,H,JAAUTD010000083.1_5,24.0
GB_GCA_020062665.1,JAGUVW010000026.1_45_A,C,C,C,Q,H,C,H,JAGUVW010000026.1_45,24.0
GB_GCA_021777755.1,JAJYDE010000020.1_48_A,C,C,C,Q,H,C,H,JAJYDE010000020.1_48,24.0
GB_GCA_023436145.1,JAEZKP010000087.1_36_A,C,C,C,Q,H,C,H,JAEZKP010000087.1_36,24.0
GB_GCA_024637225.1,JAGXFP010000053.1_24_A,C,C,C,Q,H,C,H,JAGXFP010000053.1_24,24.0
GB_GCA_025062325.1,JANXAL010000009.1_15_A,C,C,C,Q,H,C,H,JANXAL010000009.1_15,24.0
GB_GCA_028277985.1,JANQFG010000047.1_50_A,C,C,C,W,F,C,Q,JANQFG010000047.1_50,19.0
GB_GCA_030145005.1,JAQYWJ010000007.1_11_A,C,C,C,Q,H,C,H,JAQYWJ010000007.1_11,24.0
GB_GCA_031274005.1,JAISQU010000240.1_7_A,C,C,C,Q,H,C,H,JAISQU010000240.1_7,24.0
GB_GCA_031279415.1,JAITIP010000043.1_16_A,C,C,C,W,F,C,G,JAITIP010000043.1_16,19.0
GB_GCA_031288955.1,JAITQJ010000256.1_12_A,C,C,C,Q,H,C,H,JAITQJ010000256.1_12,24.0
GB_GCA_040753975.1,JBFMDC010000032.1_28_A,C,C,C,Q,H,C,H,JBFMDC010000032.1_28,24.0
GB_GCA_043799015.1,JAZDOF010000590.1_6_A,C,C,C,Q,H,C,H,JAZDOF010000590.1_6,24.0
GB_GCA_046541915.1,JBKHCI010000057.1_5_A,C,C,C,Q,H,C,H,JBKHCI010000057.1_5,24.0
GB_GCA_902809825.1,LR778114.1_404_A,C,C,C,Q,H,C,H,LR778114.1_404,24.0
GB_GCA_903920695.1,CAIXNB010000098.1_9_A,C,C,C,Q,H,C,H,CAIXNB010000098.1_9,24.0
GB_GCA_942493275.1,OW818687.1_1019_A,C,C,C,Q,H,C,H,OW818687.1_1019,24.0
GB_GCA_963665935.1,OY762510.1_1631_A,C,C,C,Q,H,C,H,OY762510.1_1631,24.0
GB_GCA_963677615.2,CAXXQW010000017.1_149_A,C,C,C,Q,H,C,H,CAXXQW010000017.1_149,24.0
GB_GCA_964425115.1,CAYRLL010000158.1_3_A,C,C,C,Q,H,C,H,CAYRLL010000158.1_3,24.0
GB_GCA_964565445.1,CAZMFD010000004.1_78_A,C,C,C,Q,H,C,H,CAZMFD010000004.1_78,24.0
GB_GCA_964654285.1,CAZZJC010000036.1_18_A,C,C,C,Q,H,C,H,CAZZJC010000036.1_18,24.0
RS_GCF_000190755.2,NZ_JH109153.1_256_A,C,C,C,Q,H,C,H,NZ_JH109153.1_256,24.0
RS_GCF_000261685.1,NZ_AJQE01000393.1_2_A,C,C,C,Q,H,C,H,NZ_AJQE01000393.1_2,24.0
RS_GCF_001659685.2,NZ_LXYE02000053.1_73_A,C,C,C,Q,H,C,H,NZ_LXYE02000053.1_73,24.0
RS_GCF_002093115.1,NZ_NAAD01000014.1_78_A,C,C,C,Q,H,C,H,NZ_NAAD01000014.1_78,24.0
RS_GCF_002847345.1,NZ_LXFV01000058.1_81_A,C,C,C,Q,H,C,H,NZ_LXFV01000058.1_81,24.0
RS_GCF_003034845.1,NZ_PZKC01000002.1_264_A,C,C,C,Q,H,C,H,NZ_PZKC01000002.1_264,24.0
RS_GCF_003627755.1,NZ_CP032696.1_241_A,C,C,C,Q,H,C,H,NZ_CP032696.1_241,24.0
RS_GCF_003996995.1,NZ_RZTT01000173.1_8_A,C,C,C,Q,H,C,H,NZ_RZTT01000173.1_8,24.0
RS_GCF_004339665.1,NZ_SMMU01000020.1_45_A,C,C,C,Q,H,C,H,NZ_SMMU01000020.1_45,24.0
RS_GCF_004923295.1,NZ_CP039634.1_1531_A,C,C,C,Q,H,C,H,NZ_CP039634.1_1531,24.0
RS_GCF_008830185.1,NZ_WAGX01000005.1_848_A,C,C,C,Q,H,C,H,NZ_WAGX01000005.1_848,24.0
RS_GCF_014397785.1,NZ_VZQQ01000056.1_11_A,C,C,C,Q,H,C,H,NZ_VZQQ01000056.1_11,24.0
RS_GCF_017347585.1,NZ_AP024480.1_1914_A,C,C,C,Q,H,C,H,NZ_AP024480.1_1914,24.0
RS_GCF_022026155.1,NZ_CP085041.1_1863_A,C,C,C,Q,H,C,H,NZ_CP085041.1_1863,24.0
RS_GCF_042610485.1,NZ_JBGJZO010000005.1_129_A,C,C,C,Q,H,C,H,NZ_JBGJZO010000005.1_129,24.0
RS_GCF_050253495.1,NZ_JBFWIX010000017.1_7_A,C,C,C,Q,H,C,H,NZ_JBFWIX010000017.1_7,24.0
RS_GCF_900106925.1,NZ_FNNZ01000011.1_119_A,C,C,C,Q,H,C,H,NZ_FNNZ01000011.1_119,24.0
RS_GCF_900250115.1,NZ_LT984805.1_309_A,C,C,C,Q,H,C,H,NZ_LT984805.1_309,24.0
RS_GCF_935822925.1,NZ_CAKXZS010000001.1_170_A,C,C,C,Q,H,C,H,NZ_CAKXZS010000001.1_170,24.0
GB_GCA_003161815.1,PMNN01000144.1_6_A,C,C,C,Q,H,C,H,PMNN01000144.1_6,24.0
GB_GCA_041652515.1,JBAZHD010000057.1_15_A,C,C,C,Q,H,C,H,JBAZHD010000057.1_15,24.0
RS_GCF_026891975.1,NZ_JAPTGB010000021.1_31_A,C,C,C,Q,H,C,H,NZ_JAPTGB010000021.1_31,24.0
GB_GCA_000770645.1,JQID01000095.1_10_A,C,C,C,Q,H,C,H,JQID01000095.1_10,24.0
GB_GCA_002319795.1,DCFU01000034.1_54_A,C,C,C,Q,H,C,H,DCFU01000034.1_54,24.0
GB_GCA_002424865.1,DILC01000068.1_42_A,C,C,C,Q,H,C,H,DILC01000068.1_42,24.0
GB_GCA_004017275.1,SAKE01000029.1_11_A,C,C,C,Q,H,C,H,SAKE01000029.1_11,24.0
GB_GCA_007127235.1,SKZT01000016.1_15_A,C,C,C,Q,H,C,H,SKZT01000016.1_15,24.0
GB_GCA_013388985.1,JACAEF010000013.1_29_A,C,C,C,Q,H,C,H,JACAEF010000013.1_29,24.0
GB_GCA_015654535.1,JAATGU010000055.1_19_A,C,C,C,Q,H,C,H,JAATGU010000055.1_19,24.0
GB_GCA_017470535.1,JAFUYP010000009.1_28_A,C,C,C,W,F,C,G,JAFUYP010000009.1_28,19.0
GB_GCA_017990155.1,JAGNOM010000008.1_14_A,C,C,C,Q,H,C,H,JAGNOM010000008.1_14,24.0
GB_GCA_018816735.1,JAHIVH010000061.1_304_A,C,C,C,Q,H,C,H,JAHIVH010000061.1_304,24.0
GB_GCA_020725525.1,DYEX01000124.1_7_A,-,C,C,Q,H,C,H,DYEX01000124.1_7,20.0
GB_GCA_023436205.1,JAEZKC010000002.1_110_A,C,C,C,Q,H,C,H,JAEZKC010000002.1_110,24.0
GB_GCA_033852135.1,JAWSVB010000014.1_106_A,C,C,C,Q,H,C,H,JAWSVB010000014.1_106,24.0
GB_GCA_035255025.1,DATFAB010000114.1_2_A,C,C,C,Q,H,C,H,DATFAB010000114.1_2,24.0
GB_GCA_038744645.1,JBCDMA010000200.1_3_A,C,C,C,Q,H,C,H,JBCDMA010000200.1_3,24.0
GB_GCA_050179015.1,JBFXFN010000014.1_6_A,C,C,C,Q,H,C,H,JBFXFN010000014.1_6,24.0
GB_GCA_050292115.1,JBNKLA010000088.1_5_A,C,C,C,Q,H,C,H,JBNKLA010000088.1_5,24.0
GB_GCA_902810705.1,CADDYU010000065.1_9_A,C,C,C,Q,H,C,H,CADDYU010000065.1_9,24.0
GB_GCA_942493335.1,OW818693.1_2569_A,C,C,C,Q,H,C,H,OW818693.1_2569,24.0
GB_GCA_963675655.1,OY776489.1_1562_A,C,C,C,Q,H,C,H,OY776489.1_1562,24.0
GB_GCA_963708455.1,CAVPSQ010000010.1_1007_A,C,C,C,Q,H,C,H,CAVPSQ010000010.1_1007,24.0
GB_GCA_964396895.1,CAYNGJ010000005.1_84_A,C,C,C,Q,H,C,H,CAYNGJ010000005.1_84,24.0
GB_GCA_964451375.1,CAYVIN010000033.1_38_A,C,C,C,Q,H,C,H,CAYVIN010000033.1_38,24.0
GB_GCA_964538065.1,CAZIDG010000072.1_12_A,C,C,C,Q,H,C,H,CAZIDG010000072.1_12,24.0
GB_GCA_964602655.1,CAZRSF010000101.1_11_A,C,C,C,Q,H,C,H,CAZRSF010000101.1_11,24.0
RS_GCF_000143965.1,NC_014365.1_440_A,C,C,C,Q,H,C,H,NC_014365.1_440,24.0
RS_GCF_000327045.1,NC_019940.1_3183_A,C,C,C,Q,H,C,H,NC_019940.1_3183,24.0
RS_GCF_000383295.1,NZ_KB911066.1_378_A,C,C,C,W,F,C,G,NZ_KB911066.1_378,19.0
RS_GCF_000428125.1,NZ_KE386627.1_197_A,C,C,C,Q,H,C,H,NZ_KE386627.1_197,24.0
RS_GCF_008830225.1,NZ_WAIE01000001.1_516_A,C,C,C,Q,H,C,H,NZ_WAIE01000001.1_516,24.0
RS_GCF_011207455.1,NZ_CP048877.1_537_A,C,C,C,Q,H,C,H,NZ_CP048877.1_537,24.0
RS_GCF_015762685.1,NZ_PEHF01000026.1_142_A,C,C,C,Q,H,C,H,NZ_PEHF01000026.1_142,24.0
RS_GCF_016772475.1,NZ_CP068595.1_546_A,C,C,C,Q,H,C,H,NZ_CP068595.1_546,24.0
RS_GCF_036625195.1,NZ_JAZKUG010000001.1_3464_A,C,C,C,Q,H,C,H,NZ_JAZKUG010000001.1_3464,24.0
RS_GCF_044758975.1,NZ_CP172862.1_2413_A,C,C,C,Q,H,C,H,NZ_CP172862.1_2413,24.0
RS_GCF_050289425.1,NZ_JBNKFS010000039.1_3_A,C,C,C,Q,H,C,H,NZ_JBNKFS010000039.1_3,24.0
RS_GCF_052186135.1,NZ_CP181499.1_2801_A,C,C,C,Q,H,C,H,NZ_CP181499.1_2801,24.0
RS_GCF_963666695.2,NZ_CAXXQF010000002.1_44_A,C,C,C,Q,H,C,H,NZ_CAXXQF010000002.1_44,24.0
GB_GCA_031284445.1,JAISZW010000195.1_16_A,C,C,C,Q,H,C,H,JAISZW010000195.1_16,24.0
GB_GCA_963676045.1,OY780938.1_1633_A,C,C,C,Q,H,C,H,OY780938.1_1633,24.0
GB_GCA_000802095.1,JUEB01000015.1_24_A,C,C,C,Q,H,C,H,JUEB01000015.1_24,24.0
GB_GCA_002172675.1,NETF01000165.1_38_A,C,C,C,Q,H,C,H,NETF01000165.1_38,24.0
GB_GCA_002840275.1,PHAB01000006.1_15_A,C,C,C,Q,H,C,H,PHAB01000006.1_15,24.0
GB_GCA_004020315.1,SAQG01000030.1_61_A,C,C,C,Q,H,C,H,SAQG01000030.1_61,24.0
GB_GCA_016744675.1,JADGDX010000016.1_15_A,C,C,C,Q,H,C,H,JADGDX010000016.1_15,24.0
GB_GCA_018817165.1,JAHITY010000070.1_36_A,C,C,C,Q,H,C,H,JAHITY010000070.1_36,24.0
GB_GCA_020725525.1,DYEX01000124.1_9_A,C,C,C,Q,H,C,P,DYEX01000124.1_9,22.0
GB_GCA_021800315.1,JAJYZD010000028.1_7_A,C,C,C,Q,Q,C,P,JAJYZD010000028.1_7,20.0
GB_GCA_023411645.1,JAEYON010000068.1_57_A,C,C,C,W,F,C,G,JAEYON010000068.1_57,19.0
GB_GCA_023459055.1,JAEWVR010000012.1_23_A,C,C,C,Q,H,C,H,JAEWVR010000012.1_23,24.0
GB_GCA_024637295.1,JAGXFL010000005.1_75_A,C,C,C,Q,H,C,H,JAGXFL010000005.1_75,24.0
GB_GCA_026399025.1,JAPLRU010000085.1_22_A,C,C,C,Q,H,C,H,JAPLRU010000085.1_22,24.0
GB_GCA_029571425.1,JAKPSR010000432.1_5_A,C,C,C,Q,H,C,H,JAKPSR010000432.1_5,24.0
GB_GCA_030145055.1,JAQYWK010000003.1_597_A,C,C,C,Q,H,C,H,JAQYWK010000003.1_597,24.0
GB_GCA_030606515.1,JAUWGF010000046.1_4_A,C,C,C,Q,H,C,H,JAUWGF010000046.1_4,24.0
GB_GCA_030706455.1,JAUZOL010000055.1_10_A,C,C,C,Q,H,C,H,JAUZOL010000055.1_10,24.0
GB_GCA_031260045.1,JAIRKO010000011.1_72_A,C,C,C,Q,H,C,H,JAIRKO010000011.1_72,24.0
GB_GCA_031268885.1,JAIRWR010000092.1_20_A,C,C,C,W,F,C,G,JAIRWR010000092.1_20,19.0
GB_GCA_031289095.1,JAITQD010000120.1_14_A,C,C,C,Q,H,C,H,JAITQD010000120.1_14,24.0
GB_GCA_036821965.1,DAISIO010000001.1_574_A,C,C,C,Q,H,C,H,DAISIO010000001.1_574,24.0
GB_GCA_039594335.1,JBCNNS010000031.1_7_A,C,C,C,Q,H,C,H,JBCNNS010000031.1_7,24.0
GB_GCA_041753195.1,JBGSUY010000295.1_11_A,C,C,C,Q,H,C,H,JBGSUY010000295.1_11,24.0
GB_GCA_937918935.1,CAKZSI010000074.1_47_A,C,C,C,Q,H,C,H,CAKZSI010000074.1_47,24.0
GB_GCA_942493355.1,OW818696.1_734_A,C,C,C,Q,H,C,H,OW818696.1_734,24.0
GB_GCA_963677625.2,CAXXSW010000005.1_45_A,C,C,C,Q,H,C,H,CAXXSW010000005.1_45,24.0
GB_GCA_963727805.1,CAVSHF010000003.1_1681_A,C,C,C,Q,H,C,H,CAVSHF010000003.1_1681,24.0
GB_GCA_963822045.1,CAWGGE010000001.1_940_A,C,C,C,Q,H,C,-,CAWGGE010000001.1_940,21.0
GB_GCA_964342265.1,CAYFFE010000025.1_4_A,C,C,C,Q,H,C,H,CAYFFE010000025.1_4,24.0
GB_GCA_964628195.1,CAZVPF010000006.1_46_A,C,C,C,Q,H,C,H,CAZVPF010000006.1_46,24.0
RS_GCF_000192575.1,NZ_GL876925.1_62_A,C,C,C,Q,H,C,H,NZ_GL876925.1_62,24.0
RS_GCF_002285435.1,NZ_NSBT01000037.1_982_A,C,C,C,Q,H,C,H,NZ_NSBT01000037.1_982,24.0
RS_GCF_003627795.1,NZ_CP032687.1_271_A,C,C,C,Q,H,C,H,NZ_CP032687.1_271,24.0
RS_GCF_003997495.1,NZ_RZRU01000010.1_12_A,C,C,C,Q,H,C,H,NZ_RZRU01000010.1_12,24.0
RS_GCF_027923385.1,NZ_BSEC01000001.1_3061_A,C,C,C,Q,H,C,H,NZ_BSEC01000001.1_3061,24.0
RS_GCF_029714285.1,NZ_CP121664.1_264_A,C,C,C,Q,H,C,H,NZ_CP121664.1_264,24.0
RS_GCF_033949435.1,NZ_JAXARY010000011.1_160_A,C,C,C,Q,H,C,H,NZ_JAXARY010000011.1_160,24.0
RS_GCF_037113525.1,NZ_CP146963.1_2777_A,C,C,C,W,F,C,E,NZ_CP146963.1_2777,19.0
RS_GCF_042643485.1,NZ_JBHRSJ010000019.1_45_A,C,C,C,Q,H,C,H,NZ_JBHRSJ010000019.1_45,24.0
RS_GCF_048323675.1,NZ_JBLWFK010000004.1_235_A,C,C,C,Q,H,C,H,NZ_JBLWFK010000004.1_235,24.0
RS_GCF_900114615.1,NZ_FOTS01000010.1_102_A,C,C,C,Q,H,C,H,NZ_FOTS01000010.1_102,24.0
RS_GCF_935825525.1,NZ_CAKXZT010000116.1_85_A,C,C,C,Q,H,C,H,NZ_CAKXZT010000116.1_85,24.0
GB_GCA_002371265.1,DFGT01000027.1_23_A,C,C,C,W,F,C,G,DFGT01000027.1_23,19.0
GB_GCA_007127655.1,SKYX01000079.1_9_A,C,C,C,Q,H,C,H,SKYX01000079.1_9,24.0
GB_GCA_013152315.1,JAADGP010000120.1_25_A,C,C,C,Q,H,C,H,JAADGP010000120.1_25,24.0
GB_GCA_013390605.1,JACAUB010000001.1_2213_A,C,C,C,Q,H,C,H,JACAUB010000001.1_2213,24.0
GB_GCA_016744995.1,JADGDG010000005.1_123_A,C,C,C,Q,H,C,H,JADGDG010000005.1_123,24.0
GB_GCA_017470605.1,JAFUYH010000018.1_86_A,C,C,C,W,F,C,A,JAFUYH010000018.1_86,19.0
GB_GCA_019359395.1,JAHHHK010000004.1_246_A,C,C,C,Q,H,C,H,JAHHHK010000004.1_246,24.0
GB_GCA_021800315.1,JAJYZD010000028.1_9_A,C,C,C,Q,H,C,H,JAJYZD010000028.1_9,24.0
GB_GCA_027353165.1,DAIEHY010000046.1_3_A,C,C,C,Q,H,C,H,DAIEHY010000046.1_3,24.0
GB_GCA_028687585.1,JAQTZV010000004.1_77_A,C,C,C,Q,H,C,H,JAQTZV010000004.1_77,24.0
GB_GCA_029210875.1,JARGFJ010000052.1_5_A,C,C,C,Q,H,C,H,JARGFJ010000052.1_5,24.0
GB_GCA_031431155.1,JANPCW010000655.1_4_A,C,C,C,Q,H,C,H,JANPCW010000655.1_4,24.0
GB_GCA_035648035.1,DASRMG010000016.1_15_A,C,C,C,Q,H,C,H,DASRMG010000016.1_15,24.0
GB_GCA_036504995.1,DASXUG010000012.1_37_A,C,C,C,Q,H,C,H,DASXUG010000012.1_37,24.0
GB_GCA_040754095.1,JBFMFO010000033.1_8_A,C,C,C,Q,H,C,H,JBFMFO010000033.1_8,24.0
GB_GCA_041320695.1,JBGGOQ010000002.1_324_A,C,C,C,Q,H,C,H,JBGGOQ010000002.1_324,24.0
GB_GCA_041660045.1,JBAZXA010000015.1_59_A,C,C,C,Q,H,C,H,JBAZXA010000015.1_59,24.0
GB_GCA_041821245.1,JBGUEP010000004.1_181_A,C,C,C,Q,H,C,H,JBGUEP010000004.1_181,24.0
GB_GCA_043803405.1,JAZDKB010000003.1_11_A,C,C,C,Q,H,C,H,JAZDKB010000003.1_11,24.0
GB_GCA_047973425.1,JBKEBZ010000118.1_24_A,C,C,C,Q,H,C,H,JBKEBZ010000118.1_24,24.0
GB_GCA_050292155.1,JBNKLC010000001.1_96_A,C,C,C,Q,H,C,H,JBNKLC010000001.1_96,24.0
GB_GCA_052035955.1,JBPOHD010000001.1_22_A,C,C,C,Q,H,C,H,JBPOHD010000001.1_22,24.0
GB_GCA_903889845.1,CAISZB010000095.1_9_A,C,C,C,Q,H,C,H,CAISZB010000095.1_9,24.0
GB_GCA_903994525.1,CAJEXW010000021.1_12_A,C,C,C,Q,H,C,H,CAJEXW010000021.1_12,24.0
GB_GCA_947074105.1,CAMTON010000017.1_32_A,C,C,C,Q,H,C,H,CAMTON010000017.1_32,24.0
GB_GCA_963797305.1,CAWCOW010000002.1_2593_A,C,C,C,Q,H,C,H,CAWCOW010000002.1_2593,24.0
GB_GCA_963822095.1,CAWGGS010000086.1_158_A,C,C,C,Q,H,C,H,CAWGGS010000086.1_158,24.0
GB_GCA_964397305.1,CAYNIP010000048.1_17_A,C,C,C,Q,H,C,H,CAYNIP010000048.1_17,24.0
GB_GCA_964628465.1,CAZVOA010000004.1_146_A,C,C,C,Q,H,C,H,CAZVOA010000004.1_146,24.0
GB_GCA_965227945.1,CBDDGQ010000005.1_251_A,C,C,C,Q,H,C,H,CBDDGQ010000005.1_251,24.0
RS_GCF_000143985.1,NC_014364.1_2992_A,C,C,C,Q,H,C,H,NC_014364.1_2992,24.0
RS_GCF_000330885.1,NC_020061.1_290_A,C,C,C,Q,H,C,H,NC_020061.1_290,24.0
RS_GCF_000428825.1,NZ_AUAR01000008.1_94_A,C,C,C,Q,H,C,H,NZ_AUAR01000008.1_94,24.0
RS_GCF_000769405.2,NZ_CP053444.1_110_A,C,C,C,Q,H,C,H,NZ_CP053444.1_110,24.0
RS_GCF_002095535.1,NZ_MLJI01000002.1_278_A,C,C,C,Q,H,C,H,NZ_MLJI01000002.1_278,24.0
RS_GCF_009828925.2,NZ_WUTY02000001.1_4133_A,C,C,C,Q,H,C,H,NZ_WUTY02000001.1_4133,24.0
RS_GCF_013177675.1,NZ_CP042652.1_24_A,C,C,C,Q,H,C,H,NZ_CP042652.1_24,24.0
RS_GCF_017351175.1,NZ_JAFMPN010000006.1_9_A,C,C,C,Q,H,C,H,NZ_JAFMPN010000006.1_9,24.0
RS_GCF_025840185.1,NZ_JAMPJU010000001.1_298_A,C,C,C,Q,H,C,H,NZ_JAMPJU010000001.1_298,24.0
RS_GCF_046604225.1,NZ_JBKIXC010000003.1_495_A,C,C,C,Q,H,C,H,NZ_JBKIXC010000003.1_495,24.0
RS_GCF_900106975.1,NZ_FNNU01000007.1_47_A,C,C,C,Q,H,C,H,NZ_FNNU01000007.1_47,24.0
GB_GCA_027038095.1,JALVYA010000080.1_7_A,C,C,C,Q,H,C,H,JALVYA010000080.1_7,24.0
GB_GCA_963826525.1,CAWGXH010000004.1_196_A,C,C,C,Q,H,C,-,CAWGXH010000004.1_196,21.0
GB_GCA_007128075.1,SKYD01000028.1_4_A,C,C,C,Q,H,C,H,SKYD01000028.1_4,24.0
GB_GCA_017634975.1,JAGBMJ010000020.1_6_A,G,C,C,W,F,C,G,JAGBMJ010000020.1_6,16.0
GB_GCA_020063625.1,JAICDD010000029.1_6_A,C,C,C,Q,H,C,H,JAICDD010000029.1_6,24.0
GB_GCA_020725545.1,DYEV01000023.1_80_A,C,C,C,Q,H,C,H,DYEV01000023.1_80,24.0
GB_GCA_021777915.1,JAJYCZ010000027.1_32_A,C,C,C,Q,H,C,H,JAJYCZ010000027.1_32,24.0
GB_GCA_021835845.1,JAKBJU010000001.1_8_A,C,C,C,Q,H,C,H,JAKBJU010000001.1_8,24.0
GB_GCA_023423335.1,JAFAFU010000024.1_18_A,C,C,C,Q,H,C,H,JAFAFU010000024.1_18,24.0
GB_GCA_023459095.1,JAEWVQ010000240.1_4_A,C,C,C,Q,H,C,H,JAEWVQ010000240.1_4,24.0
GB_GCA_026399515.1,JAPLQT010000117.1_76_A,C,C,C,Q,H,C,H,JAPLQT010000117.1_76,24.0
GB_GCA_027356255.1,DAIEGL010000194.1_3_A,C,C,C,Q,H,C,H,DAIEGL010000194.1_3,24.0
GB_GCA_029210905.1,JARGGF010000040.1_9_A,C,C,C,Q,H,C,H,JARGGF010000040.1_9,24.0
GB_GCA_029572955.1,JAKPQE010000055.1_25_A,C,C,C,Q,H,C,H,JAKPQE010000055.1_25,24.0
GB_GCA_030145195.1,JAQYVY010000026.1_28_A,C,C,C,Q,H,C,H,JAQYVY010000026.1_28,24.0
GB_GCA_030706465.1,JAUZOM010000020.1_6_A,C,C,C,Q,H,C,H,JAUZOM010000020.1_6,24.0
GB_GCA_033852155.1,JAWSVA010000005.1_122_A,C,C,C,Q,H,C,H,JAWSVA010000005.1_122,24.0
GB_GCA_035648135.1,DASRMB010000019.1_51_A,C,C,C,Q,H,C,H,DASRMB010000019.1_51,24.0
GB_GCA_037442985.1,JBBIPI010000017.1_4_A,C,C,C,Q,H,C,H,JBBIPI010000017.1_4,24.0
GB_GCA_050179115.1,JBFXFL010000046.1_9_A,C,C,C,Q,H,C,H,JBFXFL010000046.1_9,24.0
GB_GCA_050689095.1,JBOGCL010000002.1_229_A,C,C,C,Q,H,C,H,JBOGCL010000002.1_229,24.0
GB_GCA_900315285.1,OMYO01000017.1_28_A,S,C,C,W,F,C,A,OMYO01000017.1_28,16.0
GB_GCA_942493385.1,OW818699.1_1121_A,C,C,C,Q,H,C,H,OW818699.1_1121,24.0
GB_GCA_963675725.2,CAXXXZ010000002.1_2527_A,C,C,C,Q,H,C,H,CAXXXZ010000002.1_2527,24.0
GB_GCA_963677655.1,OY782088.1_1076_A,C,C,C,Q,H,C,H,OY782088.1_1076,24.0
GB_GCA_963708735.1,CAVPTW010000039.1_134_A,C,C,C,Q,H,C,H,CAVPTW010000039.1_134,24.0
GB_GCA_963751395.1,CAVVUC010000003.1_89_A,C,C,C,Q,H,C,H,CAVVUC010000003.1_89,24.0
GB_GCA_964451415.1,CAYVHU010000008.1_102_A,C,C,C,Q,H,C,H,CAYVHU010000008.1_102,24.0
GB_GCA_964603955.1,CAZRWT010000054.1_11_A,C,C,C,Q,H,C,H,CAZRWT010000054.1_11,24.0
RS_GCF_000016545.1,NC_009437.1_2539_A,C,C,C,Q,H,C,P,NC_009437.1_2539,22.0
RS_GCF_000195295.1,NC_015388.1_355_A,C,C,C,Q,H,C,H,NC_015388.1_355,24.0
RS_GCF_000262465.1,NZ_CM001489.1_4809_A,C,C,C,Q,H,C,H,NZ_CM001489.1_4809,24.0
RS_GCF_000428985.1,NZ_AUAZ01000022.1_30_A,C,C,C,Q,H,C,H,NZ_AUAZ01000022.1_30,24.0
RS_GCF_000518645.1,NZ_JADZ01000010.1_56_A,C,C,C,Q,H,C,H,NZ_JADZ01000010.1_56,24.0
RS_GCF_001660705.2,NZ_LYBV02000034.1_9_A,C,C,C,Q,H,C,H,NZ_LYBV02000034.1_9,24.0
RS_GCF_003034915.1,NZ_PZJX01000070.1_28_A,C,C,C,Q,H,C,H,NZ_PZJX01000070.1_28,24.0
RS_GCF_003254295.1,NZ_QKZO01000014.1_61_A,C,C,C,Q,H,C,H,NZ_QKZO01000014.1_61,24.0
RS_GCF_003627965.1,NZ_RBWE01000001.1_711_A,-,C,C,Q,H,C,H,NZ_RBWE01000001.1_711,20.0
RS_GCF_003997935.1,NZ_RZQL01000165.1_12_A,C,C,C,Q,H,C,H,NZ_RZQL01000165.1_12,24.0
RS_GCF_004339675.1,NZ_SLVM01000008.1_77_A,C,C,C,Q,H,C,H,NZ_SLVM01000008.1_77,24.0
RS_GCF_004923315.1,NZ_CP039650.1_1853_A,C,C,C,Q,H,C,H,NZ_CP039650.1_1853,24.0
RS_GCF_007655255.1,NZ_VMYE01000015.1_50_A,C,C,C,Q,H,C,H,NZ_VMYE01000015.1_50,24.0
RS_GCF_011290485.1,NZ_CP048029.1_2423_A,C,C,C,Q,H,C,H,NZ_CP048029.1_2423,24.0
RS_GCF_014836335.1,NZ_JACSRA010000003.1_120_A,C,C,C,Q,H,C,H,NZ_JACSRA010000003.1_120,24.0
RS_GCF_017352135.1,NZ_CP071458.1_203_A,C,C,C,Q,H,C,H,NZ_CP071458.1_203,24.0
RS_GCF_019904155.1,NZ_JAHCMB010000061.1_27_A,C,C,C,Q,H,C,H,NZ_JAHCMB010000061.1_27,24.0
RS_GCF_030347965.1,NZ_JAQIBD010000001.1_312_A,C,C,C,Q,H,C,H,NZ_JAQIBD010000001.1_312,24.0
RS_GCF_033954455.1,NZ_CP121473.1_771_A,C,C,C,Q,H,C,H,NZ_CP121473.1_771,24.0
RS_GCF_036625275.1,NZ_JAZKUD010000048.1_12_A,C,C,C,Q,H,C,H,NZ_JAZKUD010000048.1_12,24.0
RS_GCF_041428895.1,NZ_CP156926.1_5512_A,C,C,C,Q,H,C,H,NZ_CP156926.1_5512,24.0
RS_GCF_046707225.1,NZ_JBJKOP010000051.1_13_A,C,C,C,Q,H,C,H,NZ_JBJKOP010000051.1_13,24.0
RS_GCF_050294675.1,NZ_JBNKON010000012.1_76_A,C,C,C,Q,H,C,H,NZ_JBNKON010000012.1_76,24.0
RS_GCF_052363175.1,NZ_CP198946.1_630_A,C,C,C,Q,H,C,H,NZ_CP198946.1_630,24.0
RS_GCF_900156155.1,NZ_FTMD01000016.1_47_A,C,C,C,Q,H,C,H,NZ_FTMD01000016.1_47,24.0
RS_GCF_963668085.2,NZ_OY764057.2_1528_A,C,C,C,Q,H,C,H,NZ_OY764057.2_1528,24.0
GB_GCA_027038095.1,JALVYA010000080.1_13_A,C,C,C,Q,H,C,-,JALVYA010000080.1_13,21.0
GB_GCA_963827165.1,CAWGZR010000004.1_138_A,C,C,C,Q,H,C,H,CAWGZR010000004.1_138,24.0
GB_GCA_001683985.1,MAEO01000128.1_21_A,C,C,C,Q,H,C,H,MAEO01000128.1_21,24.0
GB_GCA_002319815.1,DCFR01000082.1_10_A,C,C,C,Q,H,C,H,DCFR01000082.1_10,24.0
GB_GCA_002371265.1,DFGT01000027.1_34_A,C,C,C,W,F,C,A,DFGT01000027.1_34,19.0
GB_GCA_002425245.1,DILW01000024.1_26_A,C,C,C,Q,H,C,H,DILW01000024.1_26,24.0
GB_GCA_002840405.1,PHAR01000004.1_13_A,C,C,C,Q,H,C,H,PHAR01000004.1_13,24.0
GB_GCA_016235805.1,JACRIY010000083.1_37_A,C,C,C,Q,H,C,H,JACRIY010000083.1_37,24.0
GB_GCA_016936295.1,JAFGYD010000195.1_4_A,C,C,C,Q,H,C,H,JAFGYD010000195.1_4,24.0
GB_GCA_023390175.1,JAEWDK010000015.1_171_A,C,C,C,W,F,C,G,JAEWDK010000015.1_171,19.0
GB_GCA_036824045.1,DAITAZ010000046.1_2_A,C,C,C,Q,H,C,H,DAITAZ010000046.1_2,24.0
GB_GCA_046546235.1,JBKGYG010000023.1_17_A,C,C,C,Q,H,C,H,JBKGYG010000023.1_17,24.0
GB_GCA_049670525.1,JBATTL010000649.1_5_A,C,C,C,Q,H,C,H,JBATTL010000649.1_5,24.0
GB_GCA_903852495.1,CAINRC010000039.1_6_A,C,C,C,Q,H,C,H,CAINRC010000039.1_6,24.0
GB_GCA_903994635.1,CAJEXQ010000013.1_37_A,C,C,C,Q,H,C,H,CAJEXQ010000013.1_37,24.0
GB_GCA_963666005.1,OY762509.1_4307_A,C,C,C,Q,H,C,H,OY762509.1_4307,24.0
GB_GCA_963677655.1,OY782088.1_4398_A,C,C,C,Q,H,C,H,OY782088.1_4398,24.0
GB_GCA_963773285.1,CAVZAM010000036.1_10_A,C,C,C,Q,H,C,H,CAVZAM010000036.1_10,24.0
GB_GCA_964342525.1,CAYFGQ010000066.1_7_A,C,C,C,Q,H,C,H,CAYFGQ010000066.1_7,24.0
GB_GCA_964565645.1,CAZMFQ010000009.1_64_A,C,C,C,Q,H,C,H,CAZMFQ010000009.1_64,24.0
GB_GCA_964654415.1,CAZZIP010000006.1_54_A,C,C,C,Q,H,C,H,CAZZIP010000006.1_54,24.0
RS_GCF_000016545.1,NC_009437.1_2541_A,C,C,C,Q,H,C,H,NC_009437.1_2541,24.0
RS_GCF_000383855.1,NZ_KB912877.1_2889_A,C,C,C,Q,H,C,H,NZ_KB912877.1_2889,24.0
RS_GCF_002288525.1,NZ_CP023069.1_373_A,C,C,C,Q,H,C,H,NZ_CP023069.1_373,24.0
RS_GCF_003034965.1,NZ_PZKE01000003.1_260_A,C,C,C,Q,H,C,H,NZ_PZKE01000003.1_260,24.0
RS_GCF_003627965.1,NZ_RBWE01000001.1_713_A,C,C,C,Q,H,C,P,NZ_RBWE01000001.1_713,22.0
RS_GCF_004339745.1,NZ_SMGP01000001.1_1157_A,C,C,C,Q,H,C,H,NZ_SMGP01000001.1_1157,24.0
RS_GCF_016790145.1,NZ_JAEUOI010000160.1_8_A,C,C,C,Q,H,C,H,NZ_JAEUOI010000160.1_8,24.0
RS_GCF_030372765.1,NZ_JAUCMW010000009.1_96_A,C,C,C,Q,H,C,H,NZ_JAUCMW010000009.1_96,24.0
RS_GCF_033954835.1,NZ_CP121471.1_1002_A,C,C,C,Q,H,C,H,NZ_CP121471.1_1002,24.0
RS_GCF_035371925.1,NZ_DAORXT010000049.1_16_A,C,C,C,W,F,C,G,NZ_DAORXT010000049.1_16,19.0
RS_GCF_048541835.1,NZ_JBLEOY010000001.1_791_A,C,C,C,Q,H,C,H,NZ_JBLEOY010000001.1_791,24.0
RS_GCF_963668165.2,NZ_CAXXFY010000001.1_1912_A,C,C,C,Q,H,C,H,NZ_CAXXFY010000001.1_1912,24.0
GB_GCA_003164295.1,PLTA01000007.1_18_A,C,C,C,Q,H,C,H,PLTA01000007.1_18,24.0
GB_GCA_027066965.1,JAMOMT010000077.1_5_A,C,C,C,Q,H,C,H,JAMOMT010000077.1_5,24.0
GB_GCA_963828195.1,CAWHDT010000007.1_201_A,C,C,C,Q,H,C,H,CAWHDT010000007.1_201,24.0
RS_GCF_001639265.1,NZ_LWMT01000054.1_2_A,C,C,C,Q,H,C,H,NZ_LWMT01000054.1_2,24.0
GB_GCA_000824785.1,CCNB01000015.1_35_A,C,C,C,Q,H,C,H,CCNB01000015.1_35,24.0
GB_GCA_001683985.1,MAEO01000128.1_23_A,C,C,C,Q,H,C,P,MAEO01000128.1_23,22.0
GB_GCA_003153275.1,PLXX01000039.1_26_A,C,C,C,Q,H,C,H,PLXX01000039.1_26,24.0
GB_GCA_004020645.1,SAQL01000028.1_39_A,C,C,C,Q,H,C,H,SAQL01000028.1_39,24.0
GB_GCA_013152355.1,JAADGO010000050.1_12_A,C,C,C,Q,H,C,H,JAADGO010000050.1_12,24.0
GB_GCA_016278505.1,JADQBQ010000019.1_102_A,C,C,C,Q,H,C,H,JADQBQ010000019.1_102,24.0
GB_GCA_016745055.1,JADGDF010000152.1_9_A,C,C,C,Q,H,C,H,JADGDF010000152.1_9,24.0
GB_GCA_018817385.1,JAHIUA010000100.1_7_A,C,C,C,Q,H,C,H,JAHIUA010000100.1_7,24.0
GB_GCA_021778845.1,JAJYBU010000006.1_88_A,C,C,C,Q,H,C,H,JAJYBU010000006.1_88,24.0
GB_GCA_021801025.1,JAJYYK010000002.1_192_A,C,C,C,Q,H,C,H,JAJYYK010000002.1_192,24.0
GB_GCA_023398955.1,JAEWRL010000147.1_46_A,C,C,C,Q,H,C,H,JAEWRL010000147.1_46,24.0
GB_GCA_028687935.1,JAQTZE010000020.1_2_A,C,C,C,Q,H,C,H,JAQTZE010000020.1_2,24.0
GB_GCA_030612225.1,JAUWOH010000014.1_9_A,C,C,C,Q,H,C,H,JAUWOH010000014.1_9,24.0
GB_GCA_031260125.1,JAIRKM010000080.1_7_A,C,C,C,Q,H,C,H,JAIRKM010000080.1_7,24.0
GB_GCA_035529955.1,DATKVR010000090.1_4_A,C,C,C,Q,H,C,H,DATKVR010000090.1_4,24.0
GB_GCA_036507895.1,DATCIG010000012.1_18_A,C,C,C,Q,H,C,H,DATCIG010000012.1_18,24.0
GB_GCA_039679325.1,JBDKVD010000197.1_7_A,C,C,C,Q,H,C,H,JBDKVD010000197.1_7,24.0
GB_GCA_043803405.1,JAZDKB010000020.1_71_A,C,C,C,S,Y,S,K,JAZDKB010000020.1_71,16.0
GB_GCA_900315395.1,OMZC01000123.1_10_A,C,C,C,W,F,C,G,OMZC01000123.1_10,19.0
GB_GCA_902812435.1,CADDZA010000032.1_7_A,C,C,C,Q,Q,C,P,CADDZA010000032.1_7,20.0
GB_GCA_947074125.1,CAMTOM010000032.1_4_A,C,C,C,Q,H,C,H,CAMTOM010000032.1_4,24.0
GB_GCA_963675755.2,CAXXMD010000003.1_523_A,C,C,C,Q,H,C,H,CAXXMD010000003.1_523,24.0
GB_GCA_963677695.2,CAXXUJ010000001.1_1540_A,C,C,C,Q,H,C,H,CAXXUJ010000001.1_1540,24.0
GB_GCA_963751455.1,CAVVUN010000015.1_1036_A,C,C,C,Q,H,C,H,CAVVUN010000015.1_1036,24.0
GB_GCA_964451845.1,CAYVJF010000007.1_42_A,C,C,C,Q,H,C,H,CAYVJF010000007.1_42,24.0
GB_GCA_964509295.1,CAZDWS010000009.1_179_A,C,C,C,Q,H,C,H,CAZDWS010000009.1_179,24.0
GB_GCA_965228165.1,CBDDHB010000003.1_1351_A,C,C,C,Q,H,C,H,CBDDHB010000003.1_1351,24.0
RS_GCF_000016665.1,NC_009523.1_1292_A,C,C,C,Q,H,C,H,NC_009523.1_1292,24.0
RS_GCF_001662075.1,NZ_LYPL01000004.1_249_A,C,C,C,Q,H,C,H,NZ_LYPL01000004.1_249,24.0
RS_GCF_002100145.1,NZ_JXQD01000002.1_65_A,C,C,C,Q,H,C,H,NZ_JXQD01000002.1_65,24.0
RS_GCF_002868845.1,NZ_PKUB01000002.1_43_A,C,C,C,Q,H,C,H,NZ_PKUB01000002.1_43,24.0
RS_GCF_003628555.1,NZ_CP021731.1_1656_A,C,C,C,Q,H,C,H,NZ_CP021731.1_1656,24.0
RS_GCF_003999255.1,NZ_CP034791.1_2635_A,C,C,C,Q,H,C,P,NZ_CP034791.1_2635,22.0
RS_GCF_004962245.1,NZ_SUHQ01000035.1_16_A,C,C,C,Q,H,C,H,NZ_SUHQ01000035.1_16,24.0
RS_GCF_007752935.1,NZ_CP036319.1_2417_A,C,C,C,Q,H,C,H,NZ_CP036319.1_2417,24.0
RS_GCF_008843145.1,NZ_CP030265.1_3414_A,C,C,C,Q,H,C,H,NZ_CP030265.1_3414,24.0
RS_GCF_014191985.1,NZ_JACHXI010000010.1_83_A,C,C,C,Q,H,C,H,NZ_JACHXI010000010.1_83,24.0
RS_GCF_014489115.1,NZ_JACTAH010000002.1_829_A,C,C,C,Q,H,C,H,NZ_JACTAH010000002.1_829,24.0
RS_GCF_015767275.1,NZ_JADWMY010000001.1_266_A,C,C,C,Q,H,C,H,NZ_JADWMY010000001.1_266,24.0
RS_GCF_027925145.1,NZ_AP027130.1_794_A,C,C,C,Q,H,C,H,NZ_AP027130.1_794,24.0
RS_GCF_042647205.1,NZ_JBHRVD010000001.1_237_A,C,C,C,Q,H,C,H,NZ_JBHRVD010000001.1_237,24.0
RS_GCF_050295395.1,NZ_JBNKPP010000136.1_7_A,C,C,C,Q,H,C,H,NZ_JBNKPP010000136.1_7,24.0
RS_GCF_937127095.1,NZ_CAKZLP010000060.1_67_A,C,C,C,Q,H,C,H,NZ_CAKZLP010000060.1_67,24.0
GB_GCA_041653075.1,JBAZFZ010000028.1_13_A,C,C,C,Q,H,C,H,JBAZFZ010000028.1_13,24.0
RS_GCF_052057775.1,NZ_CP195121.1_1979_A,C,C,C,Q,H,C,H,NZ_CP195121.1_1979,24.0
GB_GCA_000824805.1,CCNA01000013.1_19_A,C,C,C,Q,H,C,H,CCNA01000013.1_19,24.0
GB_GCA_002325605.1,DCSM01000168.1_15_A,C,C,C,Q,H,C,H,DCSM01000168.1_15,24.0
GB_GCA_013390945.1,JACAUC010000118.1_6_A,C,C,C,Q,H,C,H,JACAUC010000118.1_6,24.0
GB_GCA_016745215.1,CP050890.1_1950_A,C,C,C,Q,H,C,H,CP050890.1_1950,24.0
GB_GCA_016936455.1,JAFGXV010000031.1_7_A,C,C,C,Q,H,C,H,JAFGXV010000031.1_7,24.0
GB_GCA_028688145.1,JAQTYU010000003.1_307_A,C,C,C,Q,H,C,H,JAQTYU010000003.1_307,24.0
GB_GCA_029624675.1,JARSSP010000058.1_42_A,C,C,C,Q,H,C,H,JARSSP010000058.1_42,24.0
GB_GCA_030145245.1,JAQYWC010000071.1_32_A,C,C,C,Q,H,C,H,JAQYWC010000071.1_32,24.0
GB_GCA_030706585.1,JAUZOF010000065.1_5_A,C,C,C,Q,H,C,H,JAUZOF010000065.1_5,24.0
GB_GCA_034004105.1,JAVEXE010000052.1_5_A,C,C,C,Q,H,C,H,JAVEXE010000052.1_5,24.0
GB_GCA_035255085.1,DATEZY010000122.1_14_A,C,C,C,Q,H,C,H,DATEZY010000122.1_14,24.0
GB_GCA_035530135.1,DATKVJ010000083.1_6_A,C,C,C,Q,H,C,H,DATKVJ010000083.1_6,24.0
GB_GCA_039679455.1,JBDKUX010000161.1_9_A,C,C,C,Q,H,C,H,JBDKUX010000161.1_9,24.0
GB_GCA_041821265.1,JBGUEQ010000052.1_26_A,C,C,C,Q,H,C,H,JBGUEQ010000052.1_26,24.0
GB_GCA_046546355.1,JBKGXZ010000034.1_7_A,C,C,C,Q,H,C,H,JBKGXZ010000034.1_7,24.0
GB_GCA_047974745.1,JBKECO010000021.1_147_A,C,C,C,Q,H,C,H,JBKECO010000021.1_147,24.0
GB_GCA_049325055.1,JBMOPB010000066.1_3_A,C,C,C,Q,H,C,H,JBMOPB010000066.1_3,24.0
GB_GCA_050179875.1,JBFXES010000059.1_4_A,C,C,C,Q,H,C,H,JBFXES010000059.1_4,24.0
GB_GCA_050292215.1,JBNKLF010000008.1_16_A,C,C,C,Q,H,C,H,JBNKLF010000008.1_16,24.0
GB_GCA_052139635.1,JBKQWH010000459.1_11_A,C,C,C,Q,H,C,H,JBKQWH010000459.1_11,24.0
GB_GCA_902812435.1,CADDZA010000032.1_9_A,C,C,C,Q,H,C,H,CADDZA010000032.1_9,24.0
GB_GCA_963666145.1,OY762614.1_392_A,C,C,C,Q,H,C,H,OY762614.1_392,24.0
GB_GCA_963774475.1,CAVZFF010000003.1_1132_A,C,C,C,Q,H,C,H,CAVZFF010000003.1_1132,24.0
GB_GCA_964343385.1,CAYFJH010000001.1_30_A,C,C,C,Q,H,C,H,CAYFJH010000001.1_30,24.0
GB_GCA_964477085.1,CAYZDF010000007.1_61_A,C,C,C,Q,H,C,H,CAYZDF010000007.1_61,24.0
GB_GCA_964604705.1,CAZSAP010000009.1_73_A,C,C,C,Q,H,C,H,CAZSAP010000009.1_73,24.0
GB_GCA_965656715.1,CBFHLR010000008.1_28_A,C,C,C,Q,H,C,H,CBFHLR010000008.1_28,24.0
RS_GCF_000016745.1,NC_009483.1_1216_A,C,C,C,Q,H,C,H,NC_009483.1_1216,24.0
RS_GCF_000145275.1,NC_014393.1_2838_A,C,C,C,Q,H,C,H,NC_014393.1_2838,24.0
RS_GCF_000195755.1,NC_005863.1_12_A,C,C,C,Q,H,C,H,NC_005863.1_12,24.0
RS_GCF_000265205.3,NT_187151.1_119_A,C,C,C,Q,H,C,H,NT_187151.1_119,24.0
RS_GCF_000687555.1,NZ_JHWJ01000012.1_124_A,C,C,C,Q,H,C,H,NZ_JHWJ01000012.1_124,24.0
RS_GCF_001902295.1,NZ_CP018335.1_3422_A,C,C,C,Q,H,C,H,NZ_CP018335.1_3422,24.0
RS_GCF_003999255.1,NZ_CP034791.1_2637_A,C,C,C,Q,H,C,H,NZ_CP034791.1_2637,24.0
RS_GCF_004962925.1,NZ_SUEO01000142.1_8_A,C,C,C,Q,H,C,H,NZ_SUEO01000142.1_8,24.0
RS_GCF_007827695.1,NZ_VITA01000035.1_16_A,C,C,C,Q,H,C,H,NZ_VITA01000035.1_16,24.0
RS_GCF_017354945.1,NZ_CP071503.1_515_A,C,C,C,Q,H,C,H,NZ_CP071503.1_515,24.0
RS_GCF_018130385.1,NZ_JAFCLU010000037.1_81_A,C,C,C,Q,H,C,H,NZ_JAFCLU010000037.1_81,24.0
RS_GCF_037138995.1,NZ_JBAXHI010000037.1_18_A,C,C,C,Q,H,C,H,NZ_JBAXHI010000037.1_18,24.0
RS_GCF_040049195.1,NZ_JBDZDL010000002.1_61_A,C,C,C,Q,H,C,H,NZ_JBDZDL010000002.1_61,24.0
RS_GCF_046766015.1,NZ_JBKOUF010000001.1_1040_A,C,C,C,Q,H,C,H,NZ_JBKOUF010000001.1_1040,24.0
RS_GCF_028679455.1,NZ_JAJRBM010000074.1_6_A,C,C,C,Q,H,C,H,NZ_JAJRBM010000074.1_6,24.0
GB_GCA_002840765.1,PHCE01000006.1_129_A,C,C,C,Q,H,C,H,PHCE01000006.1_129,24.0
GB_GCA_003153955.1,PMCB01000075.1_13_A,C,C,C,Q,H,C,H,PMCB01000075.1_13,24.0
GB_GCA_013414705.1,CP058705.1_3114_A,C,C,C,Q,H,C,H,CP058705.1_3114,24.0
GB_GCA_016212085.1,JACRHL010000011.1_58_A,C,C,C,Q,H,C,H,JACRHL010000011.1_58,24.0
GB_GCA_016936495.1,JAFGXT010000019.1_7_A,C,C,C,Q,H,C,H,JAFGXT010000019.1_7,24.0
GB_GCA_018054715.1,JAGPIY010000055.1_7_A,C,C,C,Q,H,C,H,JAGPIY010000055.1_7,24.0
GB_GCA_021779095.1,JAJYBI010000036.1_7_A,C,C,C,Q,H,C,H,JAJYBI010000036.1_7,24.0
GB_GCA_021838715.1,JAKCCX010000003.1_31_A,C,C,C,Q,H,C,H,JAKCCX010000003.1_31,24.0
GB_GCA_023399055.1,JAEWQV010000015.1_256_A,C,C,C,Q,H,C,H,JAEWQV010000015.1_256,24.0
GB_GCA_023411715.1,JAEYOM010000185.1_13_A,C,C,C,Q,H,C,H,JAEYOM010000185.1_13,24.0
GB_GCA_023460085.1,JAEWRI010000036.1_270_A,C,C,C,Q,H,C,H,JAEWRI010000036.1_270,24.0
GB_GCA_026399735.1,JAPLQK010000044.1_16_A,C,C,C,Q,H,C,H,JAPLQK010000044.1_16,24.0
GB_GCA_028688235.1,JAQTYP010000001.1_4_A,C,C,C,Q,H,C,H,JAQTYP010000001.1_4,24.0
GB_GCA_029624735.1,JARSSM010000001.1_201_A,C,C,C,Q,H,C,H,JARSSM010000001.1_201,24.0
GB_GCA_031274045.1,JAISQS010000039.1_4_A,C,C,C,Q,H,C,H,JAISQS010000039.1_4,24.0
GB_GCA_031279515.1,JAITII010000037.1_59_A,C,C,C,Q,H,C,H,JAITII010000037.1_59,24.0
GB_GCA_037443665.1,JBBINW010000036.1_30_A,C,C,C,Q,H,C,H,JBBINW010000036.1_30,24.0
GB_GCA_040217795.1,JBEHWK010000096.1_9_A,C,C,C,Q,H,C,H,JBEHWK010000096.1_9,24.0
GB_GCA_040754195.1,JBFMDJ010000005.1_210_A,C,C,C,Q,H,C,H,JBFMDJ010000005.1_210,24.0
GB_GCA_041390365.1,JAWKQB010000002.1_801_A,C,C,C,Q,H,C,H,JAWKQB010000002.1_801,24.0
GB_GCA_041660325.1,JBAZWR010000147.1_3_A,C,C,C,Q,H,C,H,JBAZWR010000147.1_3,24.0
GB_GCA_049325075.1,JBMOPF010000098.1_5_A,C,C,C,Q,H,C,H,JBMOPF010000098.1_5,24.0
GB_GCA_050292275.1,JBNKLI010000007.1_4_A,C,C,C,Q,H,C,H,JBNKLI010000007.1_4,24.0
GB_GCA_902812445.1,CADDZF010000053.1_14_A,C,C,C,Q,H,C,H,CADDZF010000053.1_14,24.0
GB_GCA_903853455.1,CAINTR010000186.1_72_A,C,C,C,Q,H,C,H,CAINTR010000186.1_72,24.0
GB_GCA_903892995.1,CAITKP010000080.1_28_A,C,C,C,Q,H,C,H,CAITKP010000080.1_28,24.0
GB_GCA_937920475.1,CALEUX010000052.1_61_A,C,C,C,Q,H,C,H,CALEUX010000052.1_61,24.0
GB_GCA_963709085.1,CAVPVB010000007.1_2006_A,C,C,C,Q,H,C,H,CAVPVB010000007.1_2006,24.0
GB_GCA_964425195.1,CAYRLG010000001.1_8_A,C,C,C,Q,H,C,H,CAYRLG010000001.1_8,24.0
GB_GCA_964509515.1,CAZDYA010000030.1_9_A,C,C,C,Q,H,C,H,CAZDYA010000030.1_9,24.0
GB_GCA_964628605.1,CAZVOU010000056.1_5_A,C,C,C,Q,H,C,H,CAZVOU010000056.1_5,24.0
RS_GCF_000265205.3,NT_187151.1_18_A,C,C,C,Q,H,C,H,NT_187151.1_18,24.0
RS_GCF_000331995.1,NC_020134.1_1851_A,C,C,C,W,F,C,-,NC_020134.1_1851,18.0
RS_GCF_000384075.1,NZ_KB913025.1_1519_A,C,C,C,Q,H,C,H,NZ_KB913025.1_1519,24.0
RS_GCF_000518785.1,NZ_JAEG01000016.1_57_A,C,C,C,Q,H,C,H,NZ_JAEG01000016.1_57,24.0
RS_GCF_000775285.1,NZ_JJML01000003.1_106_A,C,C,C,Q,H,C,H,NZ_JJML01000003.1_106,24.0
RS_GCF_003258595.1,NZ_QHHQ01000003.1_353_A,C,C,C,Q,H,C,H,NZ_QHHQ01000003.1_353,24.0
RS_GCF_009846485.1,NZ_ML776472.1_4172_A,C,C,C,Q,H,C,H,NZ_ML776472.1_4172,24.0
RS_GCF_014489415.1,NZ_CP060822.1_1816_A,C,C,C,Q,H,C,H,NZ_CP060822.1_1816,24.0
RS_GCF_035531155.1,NZ_DATKTK010000056.1_372_A,C,C,C,Q,H,C,H,NZ_DATKTK010000056.1_372,24.0
RS_GCF_900107145.1,NZ_FNOW01000025.1_24_A,C,C,C,Q,H,C,H,NZ_FNOW01000025.1_24,24.0
RS_GCF_963668215.2,NZ_CAXXDI010000001.1_693_A,C,C,C,Q,H,C,H,NZ_CAXXDI010000001.1_693,24.0
RS_GCF_900095295.1,NZ_LT607756.1_1897_A,C,C,C,Q,H,C,H,NZ_LT607756.1_1897,24.0
GB_GCA_000824825.2,LM655202.1_253_A,C,C,C,Q,H,C,H,LM655202.1_253,24.0
GB_GCA_001698425.1,MBRE01000094.1_19_A,C,C,C,Q,H,C,H,MBRE01000094.1_19,24.0
GB_GCA_002325645.1,DCSN01000058.1_41_A,C,C,C,Q,H,C,H,DCSN01000058.1_41,24.0
GB_GCA_002372875.1,DFJD01000024.1_6_A,C,C,C,W,F,C,-,DFJD01000024.1_6,18.0
GB_GCA_002427885.1,DIZI01000008.1_196_A,C,C,C,Q,H,C,H,DIZI01000008.1_196,24.0
GB_GCA_004138175.2,RYFE02000016.1_16_A,C,C,C,Q,H,C,H,RYFE02000016.1_16,24.0
GB_GCA_016760525.1,JAESUW010000044.1_10_A,C,C,C,Q,H,C,H,JAESUW010000044.1_10,24.0
GB_GCA_020193575.1,JADYVD010000095.1_2_A,C,C,C,Q,H,C,H,JADYVD010000095.1_2,24.0
GB_GCA_021840255.1,JAKBYX010000015.1_32_A,C,C,C,Q,H,C,H,JAKBYX010000015.1_32,24.0
GB_GCA_022839785.1,JALHJW010000008.1_126_A,C,C,C,Q,H,C,H,JALHJW010000008.1_126,24.0
GB_GCA_023436225.1,JAEZKA010000033.1_48_A,C,C,C,Q,H,C,H,JAEZKA010000033.1_48,24.0
GB_GCA_027365525.1,DAHXMJ010000013.1_40_A,C,C,C,Q,H,C,H,DAHXMJ010000013.1_40,24.0
GB_GCA_031269105.1,JAISZO010000340.1_2_A,C,C,C,Q,H,C,H,JAISZO010000340.1_2,24.0
GB_GCA_034004685.1,JAVEWG010000020.1_56_A,C,C,C,Q,H,C,H,JAVEWG010000020.1_56,24.0
GB_GCA_039679855.1,JBDKUE010000229.1_11_A,C,C,C,-,Y,S,D,JBDKUE010000229.1_11,15.0
GB_GCA_043803685.1,JAZDJU010000040.1_92_A,C,C,C,Q,H,C,H,JAZDJU010000040.1_92,24.0
GB_GCA_050180155.1,JBFXEK010000004.1_2_A,C,C,C,Q,H,C,H,JBFXEK010000004.1_2,24.0
GB_GCA_052139695.1,JBKQWF010000062.1_15_A,C,C,C,Q,H,C,H,JBKQWF010000062.1_15,24.0
GB_GCA_963666145.1,OY762614.1_2918_A,C,C,C,Q,H,C,H,OY762614.1_2918,24.0
GB_GCA_963675805.2,CAXXNU010000001.1_1318_A,C,C,C,Q,H,C,H,CAXXNU010000001.1_1318,24.0
GB_GCA_963677725.1,OY782507.1_2814_A,C,C,C,Q,H,C,H,OY782507.1_2814,24.0
GB_GCA_963729685.1,CAVSOX010000018.1_78_A,C,C,C,Q,H,C,H,CAVSOX010000018.1_78,24.0
GB_GCA_964630265.1,CAZVRW010000002.1_30_A,C,C,C,Q,H,C,H,CAZVRW010000002.1_30,24.0
GB_GCA_964655435.1,CAZZMP010000006.1_13_A,C,C,C,Q,H,C,H,CAZZMP010000006.1_13,24.0
RS_GCF_000265295.1,NC_018002.1_1014_A,C,C,C,Q,H,C,H,NC_018002.1_1014,24.0
RS_GCF_000332055.1,NZ_ALVZ01000230.1_7_A,C,C,C,Q,H,C,H,NZ_ALVZ01000230.1_7,24.0
RS_GCF_003034985.1,NZ_PZKG01000009.1_26_A,C,C,C,Q,H,C,H,NZ_PZKG01000009.1_26,24.0
RS_GCF_008932245.1,NZ_CP034911.1_419_A,C,C,C,Q,H,C,H,NZ_CP034911.1_419,24.0
RS_GCF_009847015.1,NZ_WVEM01000015.1_77_A,C,C,C,Q,H,C,H,NZ_WVEM01000015.1_77,24.0
RS_GCF_014842915.1,NZ_JACYXI010000012.1_85_A,C,C,C,Q,H,C,H,NZ_JACYXI010000012.1_85,24.0
RS_GCF_029714325.1,NZ_CP121666.1_7330_A,C,C,C,Q,H,C,H,NZ_CP121666.1_7330,24.0
RS_GCF_033963885.1,NZ_JAXBMA010000006.1_13_A,C,C,C,Q,H,C,H,NZ_JAXBMA010000006.1_13,24.0
RS_GCF_046774965.1,NZ_CP177241.1_3153_A,C,C,C,Q,H,C,H,NZ_CP177241.1_3153,24.0
RS_GCF_050296195.1,NZ_JBNKRB010000020.1_38_A,C,C,C,Q,H,C,H,NZ_JBNKRB010000020.1_38,24.0
RS_GCF_900107245.1,NZ_FNPG01000015.1_39_A,C,C,C,W,F,C,-,NZ_FNPG01000015.1_39,18.0
GB_GCA_027460465.1,JAPZAV010000065.1_20_A,C,C,C,Q,H,C,H,JAPZAV010000065.1_20,24.0
GB_GCA_963676675.2,OY781161.1_1106_A,C,C,C,Q,H,C,H,OY781161.1_1106,24.0
RS_GCF_900100715.1,NZ_FNCA01000003.1_236_A,C,C,C,Q,H,C,H,NZ_FNCA01000003.1_236,24.0
GB_GCA_004168015.1,SEYW01000003.1_190_A,C,C,C,Q,H,C,H,SEYW01000003.1_190,24.0
GB_GCA_013152485.1,JAADGG010000047.1_8_A,C,C,C,Q,H,C,H,JAADGG010000047.1_8,24.0
GB_GCA_019359415.1,JAHHHH010000004.1_164_A,C,C,C,Q,H,C,H,JAHHHH010000004.1_164,24.0
GB_GCA_023436305.1,JAEZJQ010000049.1_10_A,C,C,C,Q,H,C,H,JAEZJQ010000049.1_10,24.0
GB_GCA_028279345.1,JANQNY010000031.1_140_A,C,C,C,Q,H,C,H,JANQNY010000031.1_140,24.0
GB_GCA_028688275.1,JAQTYN010000019.1_19_A,C,C,C,Q,H,C,H,JAQTYN010000019.1_19,24.0
GB_GCA_031279835.1,JAITHV010000062.1_6_A,C,C,C,W,F,C,-,JAITHV010000062.1_6,18.0
GB_GCA_031289285.1,JAITPT010000143.1_17_A,C,C,C,Q,H,C,H,JAITPT010000143.1_17,24.0
GB_GCA_031441605.1,JANNQF010000023.1_79_A,C,C,C,Q,H,C,H,JANNQF010000023.1_79,24.0
GB_GCA_035654695.1,DASRWG010000028.1_118_A,C,C,C,Q,H,C,H,DASRWG010000028.1_118,24.0
GB_GCA_036508025.1,DATCIC010000514.1_16_A,C,C,C,Q,H,C,H,DATCIC010000514.1_16,24.0
GB_GCA_036826495.1,DAISWF010000163.1_12_A,C,C,C,Q,H,C,H,DAISWF010000163.1_12,24.0
GB_GCA_041660385.1,JBAZWJ010000014.1_73_A,C,C,C,Q,H,C,H,JBAZWJ010000014.1_73,24.0
GB_GCA_043804705.1,JAZDIS010000473.1_14_A,C,C,C,Q,H,C,H,JAZDIS010000473.1_14,24.0
GB_GCA_046233135.1,JBJXHN010000004.1_627_A,C,C,C,Q,H,C,H,JBJXHN010000004.1_627,24.0
GB_GCA_046546375.1,JBKGXV010000017.1_10_A,C,C,C,Q,H,C,H,JBKGXV010000017.1_10,24.0
GB_GCA_050292965.1,JBNKMF010000068.1_18_A,C,C,C,Q,H,C,H,JBNKMF010000068.1_18,24.0
GB_GCA_050789425.1,JAILXS010000003.1_193_A,C,C,C,Q,H,C,H,JAILXS010000003.1_193,24.0
GB_GCA_903855705.1,CAINZT010000139.1_18_A,C,C,C,Q,H,C,H,CAINZT010000139.1_18,24.0
GB_GCA_904420215.1,CAJFUR010000087.1_12_A,C,C,C,S,W,S,L,CAJFUR010000087.1_12,16.0
GB_GCA_947074145.1,CAMTOJ010000017.1_39_A,C,C,C,Q,H,C,H,CAMTOJ010000017.1_39,24.0
GB_GCA_963675835.2,CAXXIU010000015.1_235_A,C,C,C,Q,H,C,H,CAXXIU010000015.1_235,24.0
GB_GCA_963751525.1,CAVVUQ010000009.1_167_A,C,C,C,Q,H,C,H,CAVVUQ010000009.1_167,24.0
GB_GCA_963798475.1,CAWCTI010000019.1_48_A,C,C,C,Q,H,C,H,CAWCTI010000019.1_48,24.0
GB_GCA_963823165.1,CAWGKV010000041.1_174_A,C,C,C,Q,H,C,H,CAWGKV010000041.1_174,24.0
GB_GCA_964538515.1,CAZIEW010000008.1_11_A,C,C,C,Q,H,C,H,CAZIEW010000008.1_11,24.0
GB_GCA_964565955.1,CAZMHC010000050.1_13_A,C,C,C,Q,H,C,H,CAZMHC010000050.1_13,24.0
RS_GCF_000429305.1,NZ_AUBP01000007.1_115_A,C,C,C,Q,H,C,H,NZ_AUBP01000007.1_115,24.0
RS_GCF_000688515.1,NZ_JHZK01000003.1_94_A,C,C,C,Q,H,C,H,NZ_JHZK01000003.1_94,24.0
RS_GCF_000784735.1,NZ_JSYG01000043.1_5_A,C,C,C,Q,H,C,H,NZ_JSYG01000043.1_5,24.0
RS_GCF_001466305.1,NZ_JWID01000003.1_202_A,C,C,C,Q,H,C,H,NZ_JWID01000003.1_202,24.0
RS_GCF_001663815.1,NZ_CP016027.1_323_A,C,C,C,Q,H,C,H,NZ_CP016027.1_323,24.0
RS_GCF_002873395.1,NZ_MCUV01000011.1_81_A,C,C,C,Q,H,C,H,NZ_MCUV01000011.1_81,24.0
RS_GCF_003634315.1,NZ_RBXL01000001.1_520_A,C,C,C,Q,H,C,H,NZ_RBXL01000001.1_520,24.0
RS_GCF_004001245.1,NZ_AP018724.1_1919_A,C,C,C,Q,H,C,H,NZ_AP018724.1_1919,24.0
RS_GCF_004339805.1,NZ_SLUI01000005.1_199_A,C,C,C,Q,H,C,H,NZ_SLUI01000005.1_199,24.0
RS_GCF_004963255.1,NZ_SUGA01000056.1_13_A,C,C,C,Q,H,C,H,NZ_SUGA01000056.1_13,24.0
RS_GCF_008933955.1,NZ_WBXO01000004.1_20_A,C,C,C,Q,H,C,H,NZ_WBXO01000004.1_20,24.0
RS_GCF_017357225.1,NZ_CP071608.1_114_A,C,C,C,Q,H,C,H,NZ_CP071608.1_114,24.0
RS_GCF_030381805.1,NZ_JAUDRH010000001.1_602_A,C,C,C,Q,H,C,H,NZ_JAUDRH010000001.1_602,24.0
RS_GCF_044803115.1,NZ_CP085224.1_2578_A,C,C,C,Q,H,C,H,NZ_CP085224.1_2578,24.0
RS_GCF_048565275.1,NZ_CP159846.1_7923_A,C,C,C,Q,H,C,H,NZ_CP159846.1_7923,24.0
RS_GCF_900114895.1,NZ_FOUO01000009.1_18_A,C,C,C,Q,H,C,H,NZ_FOUO01000009.1_18,24.0
RS_GCF_900454495.1,NZ_UGSI01000001.1_1810_A,C,C,C,Q,H,C,H,NZ_UGSI01000001.1_1810,24.0
GB_GCA_027460525.1,JAPZAS010000036.1_119_A,C,C,C,Q,H,C,H,JAPZAS010000036.1_119,24.0
RS_GCF_001639285.1,NZ_LWMW01000115.1_5_A,C,C,C,Q,H,C,H,NZ_LWMW01000115.1_5,24.0
GB_GCA_001704765.1,MBFK01000144.1_2_A,C,C,C,Q,H,C,H,MBFK01000144.1_2,24.0
GB_GCA_002256705.1,NQJI01000041.1_3_A,C,C,C,Q,H,C,H,NQJI01000041.1_3,24.0
GB_GCA_002428055.1,DIZY01000068.1_13_A,C,C,C,Q,H,C,H,DIZY01000068.1_13,24.0
GB_GCA_013152795.1,JAADFS010000266.1_3_A,C,C,C,Q,H,C,H,JAADFS010000266.1_3,24.0
GB_GCA_016936555.1,JAFGXR010000020.1_38_A,C,C,C,Q,H,C,H,JAFGXR010000020.1_38,24.0
GB_GCA_018817425.1,JAHITX010000079.1_97_A,C,C,C,Q,H,C,H,JAHITX010000079.1_97,24.0
GB_GCA_021779135.1,JAJYBH010000002.1_57_A,C,C,C,Q,H,C,H,JAJYBH010000002.1_57,24.0
GB_GCA_021801265.1,JAJYYE010000011.1_106_A,C,C,C,Q,H,C,H,JAJYYE010000011.1_106,24.0
GB_GCA_023390335.1,JAEWCZ010000066.1_536_A,C,C,C,Q,H,C,H,JAEWCZ010000066.1_536,24.0
GB_GCA_035266225.1,DATFNV010000134.1_20_A,C,C,C,Q,H,C,H,DATFNV010000134.1_20,24.0
GB_GCA_039679945.1,JBDKTY010000020.1_4_A,C,C,C,Q,H,C,H,JBDKTY010000020.1_4,24.0
GB_GCA_040754295.1,JBFMCQ010000088.1_2_A,C,C,C,Q,H,C,H,JBFMCQ010000088.1_2,24.0
GB_GCA_041396785.1,JAWKXX010000011.1_142_A,C,C,C,Q,H,C,H,JAWKXX010000011.1_142,24.0
GB_GCA_049683475.1,JBAUJE010000076.1_10_A,C,C,C,Q,H,C,H,JBAUJE010000076.1_10,24.0
GB_GCA_050293225.1,JBNKMQ010000331.1_8_A,C,C,C,Q,H,C,H,JBNKMQ010000331.1_8,24.0
GB_GCA_963823485.1,CAWGLP010000013.1_517_A,C,C,C,Q,H,C,H,CAWGLP010000013.1_517,24.0
GB_GCA_964343845.1,CAYFKW010000011.1_90_A,C,C,C,Q,H,C,H,CAYFKW010000011.1_90,24.0
GB_GCA_964425315.1,CAYRNB010000046.1_15_A,C,C,C,Q,H,C,H,CAYRNB010000046.1_15,24.0
RS_GCF_000016985.1,NC_009633.1_3531_A,C,C,C,Q,H,C,H,NC_009633.1_3531,24.0
RS_GCF_000196135.1,NC_005090.1_1299_A,C,C,C,Q,H,C,H,NC_005090.1_1299,24.0
RS_GCF_000266945.1,NC_018025.1_5447_A,C,C,C,Q,H,C,H,NC_018025.1_5447,24.0
RS_GCF_000519125.1,NZ_JAEX01000002.1_45_A,C,C,C,Q,H,C,H,NZ_JAEX01000002.1_45,24.0
RS_GCF_001469165.1,NZ_JABX01000006.1_44_A,C,C,C,Q,H,C,H,NZ_JABX01000006.1_44,24.0
RS_GCF_002105195.1,NZ_MUHU01000002.1_116_A,C,C,C,Q,H,C,H,NZ_MUHU01000002.1_116,24.0
RS_GCF_003258835.1,NZ_NPEV01000041.1_23_A,C,C,C,Q,H,C,H,NZ_NPEV01000041.1_23,24.0
RS_GCF_004965515.1,NZ_SSHH01000001.1_798_A,C,C,C,Q,H,C,H,NZ_SSHH01000001.1_798,24.0
RS_GCF_009856605.1,NZ_CP047242.1_178_A,C,C,C,Q,H,C,H,NZ_CP047242.1_178,24.0
RS_GCF_011395035.1,NZ_CP024770.1_441_A,C,C,C,Q,H,C,H,NZ_CP024770.1_441,24.0
RS_GCF_014192915.1,NZ_JACHYN010000010.1_158_A,C,C,C,Q,H,C,H,NZ_JACHYN010000010.1_158,24.0
RS_GCF_016806835.2,NZ_CP086111.1_3288_A,C,C,C,Q,H,C,H,NZ_CP086111.1_3288,24.0
RS_GCF_020831405.1,NZ_JAJHPU010000039.1_155_A,C,C,C,Q,H,C,H,NZ_JAJHPU010000039.1_155,24.0
RS_GCF_033963905.1,NZ_JAXBMB010000020.1_18_A,C,C,C,Q,H,C,H,NZ_JAXBMB010000020.1_18,24.0
RS_GCF_036688125.1,NZ_JBAFSM010000001.1_140_A,C,C,C,Q,H,C,H,NZ_JBAFSM010000001.1_140,24.0
RS_GCF_042647235.1,NZ_JBHRVE010000003.1_2211_A,C,C,C,Q,H,C,H,NZ_JBHRVE010000003.1_2211,24.0
RS_GCF_046883345.1,NZ_JALKCW010000012.1_6_A,C,C,C,Q,H,C,H,NZ_JALKCW010000012.1_6,24.0
RS_GCF_052363185.1,NZ_CP198955.1_599_A,C,C,C,Q,H,C,H,NZ_CP198955.1_599,24.0
RS_GCF_900156335.1,NZ_FTMZ01000024.1_34_A,C,C,C,Q,H,C,H,NZ_FTMZ01000024.1_34,24.0
RS_GCF_937138205.1,NZ_CAKZOT010000057.1_65_A,C,C,C,Q,H,C,H,NZ_CAKZOT010000057.1_65,24.0
RS_GCF_963668515.2,NZ_CAXXUR010000003.1_80_A,C,C,C,Q,H,C,H,NZ_CAXXUR010000003.1_80,24.0
GB_GCA_027460535.1,JAPZAR010000031.1_109_A,C,C,C,Q,H,C,H,JAPZAR010000031.1_109,24.0
GB_GCA_963832745.1,CAWHVC010000005.1_688_A,C,C,C,Q,H,C,H,CAWHVC010000005.1_688,24.0
GB_GCA_000824845.1,CCNC01000179.1_53_A,C,C,C,Q,H,C,H,CCNC01000179.1_53,24.0
GB_GCA_002256995.1,NCGX01000016.1_45_A,C,C,C,Q,H,C,H,NCGX01000016.1_45,24.0
GB_GCA_002428085.1,DJAA01000008.1_4_A,C,C,C,Q,H,C,H,DJAA01000008.1_4,24.0
GB_GCA_013414765.1,CP058708.1_1626_A,C,C,C,Q,H,C,H,CP058708.1_1626,24.0
GB_GCA_018817515.1,JAHIUD010000076.1_14_A,C,C,C,Q,H,C,H,JAHIUD010000076.1_14,24.0
GB_GCA_020193655.1,JADYVE010000055.1_2_A,C,C,C,Q,H,C,H,JADYVE010000055.1_2,24.0
GB_GCA_021801345.1,JAJYYA010000020.1_5_A,C,C,C,Q,H,C,H,JAJYYA010000020.1_5,24.0
GB_GCA_023411815.1,JAEYOJ010000070.1_2_A,C,C,C,Q,H,C,H,JAEYOJ010000070.1_2,24.0
GB_GCA_027365695.1,DAHXMB010000174.1_2_A,C,C,C,Q,H,C,H,DAHXMB010000174.1_2,24.0
GB_GCA_031269205.1,JAISZM010000126.1_5_A,C,C,C,W,F,C,-,JAISZM010000126.1_5,18.0
GB_GCA_035266745.1,DATFMT010000141.1_6_A,C,C,C,Q,H,C,H,DATFMT010000141.1_6,24.0
GB_GCA_035655235.1,DASRUX010000163.1_4_A,C,C,C,Q,H,C,H,DASRUX010000163.1_4,24.0
GB_GCA_038747755.1,JBCDJM010000169.1_4_A,C,C,C,Q,H,C,H,JBCDJM010000169.1_4,24.0
GB_GCA_040218875.1,JAVJQP010000138.1_9_A,C,C,C,Q,H,C,H,JAVJQP010000138.1_9,24.0
GB_GCA_043804825.1,JAZDIQ010000020.1_5_A,C,C,C,Q,H,C,H,JAZDIQ010000020.1_5,24.0
GB_GCA_046260625.1,JBHEOV010000006.1_27_A,C,C,C,Q,H,C,H,JBHEOV010000006.1_27,24.0
GB_GCA_049325275.1,JBMOLU010000008.1_39_A,C,C,C,Q,H,C,H,JBMOLU010000008.1_39,24.0
GB_GCA_050180235.1,JBFXEJ010000011.1_20_A,C,C,C,Q,H,C,H,JBFXEJ010000011.1_20,24.0
GB_GCA_903856025.1,CAIOAQ010000105.1_10_A,C,C,C,Q,H,C,H,CAIOAQ010000105.1_10,24.0
GB_GCA_936920195.1,CAKZHE010000156.1_5_A,C,C,C,Q,H,C,H,CAKZHE010000156.1_5,24.0
GB_GCA_947074165.1,CAMTOT010000057.1_3_A,C,C,C,Q,H,C,H,CAMTOT010000057.1_3,24.0
GB_GCA_963666275.2,CAXXOA010000002.1_1610_A,C,C,C,Q,H,C,H,CAXXOA010000002.1_1610,24.0
GB_GCA_963729795.1,CAVSPC010000050.1_4_A,C,C,C,Q,H,C,H,CAVSPC010000050.1_4,24.0
GB_GCA_963775845.1,CAVZKN010000003.1_256_A,C,C,C,Q,H,C,H,CAVZKN010000003.1_256,24.0
RS_GCF_000145615.1,NC_014410.1_1864_A,C,C,C,Q,H,C,H,NC_014410.1_1864,24.0
RS_GCF_000384395.1,NZ_ARWE01000001.1_3417_A,C,C,C,Q,H,C,H,NZ_ARWE01000001.1_3417,24.0
RS_GCF_002291445.1,NZ_CP014137.1_1449_A,C,C,C,Q,H,C,H,NZ_CP014137.1_1449,24.0
RS_GCF_007827815.1,NZ_VITH01000012.1_112_A,C,C,C,Q,H,C,H,NZ_VITH01000012.1_112,24.0
RS_GCF_014193515.1,NZ_BLXX01000006.1_52_A,C,C,C,Q,H,C,H,NZ_BLXX01000006.1_52,24.0
RS_GCF_017357245.1,NZ_CP071615.1_7_A,C,C,C,Q,H,C,H,NZ_CP071615.1_7,24.0
RS_GCF_027925305.1,NZ_BSDR01000001.1_1151_A,C,C,C,Q,H,C,H,NZ_BSDR01000001.1_1151,24.0
RS_GCF_029714405.1,NZ_CP121650.1_7368_A,C,C,C,Q,H,C,H,NZ_CP121650.1_7368,24.0
RS_GCF_035539115.1,NZ_DATLJA010000045.1_10_A,C,C,C,Q,H,C,H,NZ_DATLJA010000045.1_10,24.0
RS_GCF_044810985.1,NZ_CP085242.1_2822_A,C,C,C,Q,H,C,H,NZ_CP085242.1_2822,24.0
RS_GCF_900114915.1,NZ_FOUS01000026.1_44_A,C,C,C,Q,H,C,H,NZ_FOUS01000026.1_44,24.0
GB_GCA_027460585.1,JAPZAP010000080.1_15_A,C,C,C,Q,H,C,H,JAPZAP010000080.1_15,24.0
GB_GCA_963677065.1,OY781872.1_253_A,C,C,C,Q,H,C,H,OY781872.1_253,24.0
GB_GCA_012032555.1,JAAUSR010000097.1_6_A,C,C,C,Q,H,C,H,JAAUSR010000097.1_6,24.0
GB_GCA_016212095.1,JACRHH010000004.1_35_A,C,C,C,Q,H,C,H,JACRHH010000004.1_35,24.0
GB_GCA_016936575.1,JAFGXQ010000066.1_8_A,C,C,C,Q,H,C,H,JAFGXQ010000066.1_8,24.0
GB_GCA_021779195.1,JAJYBB010000001.1_76_A,C,C,C,Q,H,C,H,JAJYBB010000001.1_76,24.0
GB_GCA_021840555.1,JAKBXW010000041.1_11_A,C,C,C,Q,H,C,H,JAKBXW010000041.1_11,24.0
GB_GCA_023412005.1,JAEYOE010000012.1_192_A,C,C,C,Q,H,C,H,JAEYOE010000012.1_192,24.0
GB_GCA_023423695.1,JAFAFA010000051.1_23_A,C,C,C,Q,H,C,H,JAFAFA010000051.1_23,24.0
GB_GCA_024640925.1,JAHEEB010000338.1_4_A,C,C,C,Q,H,C,H,JAHEEB010000338.1_4,24.0
GB_GCA_027415345.1,DAIBTC010000044.1_6_A,C,C,C,Q,H,C,H,DAIBTC010000044.1_6,24.0
GB_GCA_028688525.1,JAQTYA010000024.1_11_A,C,C,C,Q,H,C,H,JAQTYA010000024.1_11,24.0
GB_GCA_030145385.1,JAQYVU010000001.1_148_A,C,C,C,Q,H,C,H,JAQYVU010000001.1_148,24.0
GB_GCA_035530335.1,DATKUZ010000024.1_18_A,C,C,C,Q,H,C,H,DATKUZ010000024.1_18,24.0
GB_GCA_038247115.1,JBBRVG010000053.1_5_A,C,C,C,Q,H,C,H,JBBRVG010000053.1_5,24.0
GB_GCA_040754395.1,JBFMCL010000010.1_10_A,C,C,C,Q,H,C,H,JBFMCL010000010.1_10,24.0
GB_GCA_041904995.1,JAYRMB010000015.1_32_A,C,C,C,Q,H,C,H,JAYRMB010000015.1_32,24.0
GB_GCA_046546395.1,JBKGXW010000021.1_10_A,C,C,C,Q,H,C,H,JBKGXW010000021.1_10,24.0
GB_GCA_047975435.1,JBKEDN010000193.1_10_A,C,C,C,Q,H,C,H,JBKEDN010000193.1_10,24.0
GB_GCA_049325575.1,JBMOLK010000075.1_7_A,C,C,C,Q,H,C,H,JBMOLK010000075.1_7,24.0
GB_GCA_049692775.1,JBAVPE010000021.1_30_A,C,C,C,Q,H,C,H,JBAVPE010000021.1_30,24.0
GB_GCA_050293315.1,JBNKMS010000007.1_61_A,C,C,C,Q,H,C,H,JBNKMS010000007.1_61,24.0
GB_GCA_903893625.1,CAITND010000175.1_17_A,C,C,C,Q,H,C,H,CAITND010000175.1_17,24.0
GB_GCA_903924955.1,CAIYDK010000047.1_29_A,C,C,C,Q,H,C,H,CAIYDK010000047.1_29,24.0
GB_GCA_963675905.1,OY780936.1_2410_A,C,C,C,Q,H,C,H,OY780936.1_2410,24.0
GB_GCA_963776055.1,CAVZLD010000014.1_530_A,C,C,C,Q,H,C,H,CAVZLD010000014.1_530,24.0
GB_GCA_964343925.1,CAYFLM010000004.1_52_A,C,C,C,Q,H,C,H,CAYFLM010000004.1_52,24.0
GB_GCA_964399285.1,CAYNQK010000009.1_38_A,C,C,C,Q,H,C,H,CAYNQK010000009.1_38,24.0
GB_GCA_964453205.1,CAYVRC010000028.1_23_A,C,C,C,Q,H,C,H,CAYVRC010000028.1_23,24.0
GB_GCA_964539435.1,CAZIJE010000046.1_9_A,C,C,C,Q,H,C,H,CAZIJE010000046.1_9,24.0
GB_GCA_964657555.1,CAZZWA010000045.1_15_A,C,C,C,Q,H,C,H,CAZZWA010000045.1_15,24.0
RS_GCF_000196515.1,NC_014248.1_1659_A,C,C,C,Q,H,C,H,NC_014248.1_1659,24.0
RS_GCF_000332095.2,NZ_KI913949.1_3328_A,C,C,C,Q,H,C,H,NZ_KI913949.1_3328,24.0
RS_GCF_000429325.1,NZ_AUBQ01000013.1_160_A,C,C,C,Q,H,C,H,NZ_AUBQ01000013.1_160,24.0
RS_GCF_000801335.2,NZ_JSEH01000002.1_102_A,C,C,C,Q,H,C,H,NZ_JSEH01000002.1_102,24.0
RS_GCF_001664485.1,NZ_CP013633.1_255_A,C,C,C,Q,H,C,H,NZ_CP013633.1_255,24.0
RS_GCF_002105535.1,NZ_CP015848.1_1725_A,C,C,C,Q,H,C,H,NZ_CP015848.1_1725,24.0
RS_GCF_003034995.1,NZ_PZKF01000026.1_8_A,C,C,C,Q,H,C,H,NZ_PZKF01000026.1_8,24.0
RS_GCF_003258865.1,NZ_NPEX01000005.1_40_A,C,C,C,Q,H,C,H,NZ_NPEX01000005.1_40,24.0
RS_GCF_003634965.1,NZ_RBXP01000019.1_109_A,C,C,C,Q,H,C,H,NZ_RBXP01000019.1_109,24.0
RS_GCF_004340685.1,NZ_SLUN01000019.1_24_A,C,C,C,Q,H,C,H,NZ_SLUN01000019.1_24,24.0
RS_GCF_005116575.1,NZ_SWCN01000012.1_68_A,C,C,C,Q,H,C,H,NZ_SWCN01000012.1_68,24.0
RS_GCF_007827955.1,NZ_VITR01000011.1_137_A,C,C,C,Q,H,C,H,NZ_VITR01000011.1_137,24.0
RS_GCF_015999265.1,NZ_JAEAGR010000013.1_110_A,C,C,C,Q,H,C,H,NZ_JAEAGR010000013.1_110,24.0
RS_GCF_023074055.1,NZ_JADPKR010000094.1_266_A,C,C,C,Q,H,C,H,NZ_JADPKR010000094.1_266,24.0
RS_GCF_027925385.1,NZ_AP027142.1_2345_A,C,C,C,Q,H,C,H,NZ_AP027142.1_2345,24.0
RS_GCF_037179585.1,NZ_JAPYKO010000003.1_250_A,C,C,C,Q,H,C,H,NZ_JAPYKO010000003.1_250,24.0
RS_GCF_042648585.1,NZ_JBHRXX010000009.1_10_A,C,C,C,Q,H,C,H,NZ_JBHRXX010000009.1_10,24.0
RS_GCF_900114975.1,NZ_FOUU01000006.1_21_A,C,C,C,Q,H,C,P,NZ_FOUU01000006.1_21,22.0
RS_GCF_028693135.1,NZ_JAQUVZ010000006.1_8_A,C,C,C,Q,H,C,H,NZ_JAQUVZ010000006.1_8,24.0
RS_GCF_900114835.1,NZ_FOUJ01000005.1_129_A,C,C,C,Q,H,C,H,NZ_FOUJ01000005.1_129,24.0
GB_GCA_002373165.1,DFJS01000090.1_11_A,C,C,C,W,F,C,M,DFJS01000090.1_11,19.0
GB_GCA_002841335.1,PHEY01000006.1_194_A,C,C,C,Q,H,C,H,PHEY01000006.1_194,24.0
GB_GCA_004193555.1,RPGP01000029.1_181_A,C,C,C,Q,H,C,H,RPGP01000029.1_181,24.0
GB_GCA_007134025.1,SLLR01000133.1_9_A,C,C,C,Q,H,C,H,SLLR01000133.1_9,24.0
GB_GCA_012033015.1,JAAUPS010000056.1_15_A,C,C,C,Q,H,C,H,JAAUPS010000056.1_15,24.0
GB_GCA_016212105.1,JACRHJ010000001.1_10_A,C,C,C,Q,H,C,H,JACRHJ010000001.1_10,24.0
GB_GCA_016281605.1,JAEEJA010000001.1_80_A,C,C,C,W,F,C,V,JAEEJA010000001.1_80,19.0
GB_GCA_018818835.1,JAHIRD010000037.1_7_A,C,C,C,Q,H,C,H,JAHIRD010000037.1_7,24.0
GB_GCA_020829595.1,JAIVFW010000001.1_158_A,C,C,C,Q,H,C,H,JAIVFW010000001.1_158,24.0
GB_GCA_021840555.1,JAKBXW010000122.1_2_A,C,C,C,Q,H,C,H,JAKBXW010000122.1_2,24.0
GB_GCA_029624815.1,JARSSH010000045.1_15_A,C,C,C,Q,H,C,H,JARSSH010000045.1_15,24.0
GB_GCA_030145625.1,JAQYVF010000062.1_15_A,C,C,C,Q,H,C,H,JAQYVF010000062.1_15,24.0
GB_GCA_031460455.1,JAVKTQ010000010.1_133_A,C,C,C,Q,H,C,H,JAVKTQ010000010.1_133,24.0
GB_GCA_034006225.1,JAVETC010000016.1_30_A,C,C,C,Q,H,C,H,JAVETC010000016.1_30,24.0
GB_GCA_035656915.1,DASRRJ010000014.1_70_A,C,C,C,Q,H,C,H,DASRRJ010000014.1_70,24.0
GB_GCA_040219445.1,JAVJSM010000003.1_1433_A,C,C,C,Q,H,C,H,JAVJSM010000003.1_1433,24.0
GB_GCA_040754425.1,JBFMCR010000010.1_59_A,C,C,C,Q,H,C,H,JBFMCR010000010.1_59,24.0
GB_GCA_041397645.1,JAWKWE010000004.1_2597_A,C,C,C,Q,H,C,H,JAWKWE010000004.1_2597,24.0
GB_GCA_043804825.1,JAZDIQ010000088.1_70_A,C,C,C,Q,H,C,H,JAZDIQ010000088.1_70,24.0
GB_GCA_050293765.1,JBNKNI010000019.1_8_A,C,C,C,Q,H,C,H,JBNKNI010000019.1_8,24.0
GB_GCA_050873645.1,JBNMJE010000113.1_4_A,C,C,C,W,F,C,M,JBNMJE010000113.1_4,19.0
GB_GCA_052139835.1,JBKQVT010000032.1_11_A,C,C,C,Q,H,C,H,JBKQVT010000032.1_11,24.0
GB_GCA_963677755.1,OY782506.1_1511_A,C,C,C,Q,H,C,H,OY782506.1_1511,24.0
GB_GCA_963824275.1,CAWGOT010000014.1_178_A,C,C,C,Q,H,C,-,CAWGOT010000014.1_178,21.0
GB_GCA_964344325.1,CAYFMX010000020.1_40_A,C,C,C,Q,H,C,H,CAYFMX010000020.1_40,24.0
GB_GCA_964426655.1,CAYRQT010000012.1_4_A,C,C,C,Q,H,C,H,CAYRQT010000012.1_4,24.0
GB_GCA_964477575.1,CAYZEA010000005.1_113_A,C,C,C,Q,H,C,H,CAYZEA010000005.1_113,24.0
GB_GCA_964630775.1,CAZVYY010000024.1_19_A,C,C,C,Q,H,C,H,CAZVYY010000024.1_19,24.0
RS_GCF_000017505.1,NC_009675.1_3094_A,C,C,C,Q,H,C,H,NC_009675.1_3094,24.0
RS_GCF_000385335.1,NZ_ARWA01000001.1_1498_A,C,C,C,Q,H,C,H,NZ_ARWA01000001.1_1498,24.0
RS_GCF_002294725.1,NZ_NSFT01000033.1_12_A,C,C,C,Q,H,C,H,NZ_NSFT01000033.1_12,24.0
RS_GCF_013184545.1,NZ_JAAOJA010000007.1_16_A,C,C,C,Q,H,C,H,NZ_JAAOJA010000007.1_16,24.0
RS_GCF_014502795.1,NZ_JACVHF010000011.1_42_A,C,C,C,Q,H,C,H,NZ_JACVHF010000011.1_42,24.0
RS_GCF_014843825.1,NZ_JHQR01000154.1_8_A,C,C,C,Q,H,C,H,NZ_JHQR01000154.1_8,24.0
RS_GCF_018141405.1,NZ_CP058648.1_417_A,C,C,C,Q,H,C,H,NZ_CP058648.1_417,24.0
RS_GCF_020885515.1,NZ_AP024987.1_882_A,C,C,C,Q,H,C,H,NZ_AP024987.1_882,24.0
RS_GCF_025907915.1,NZ_JAPAAF010000002.1_277_A,C,C,C,Q,H,C,H,NZ_JAPAAF010000002.1_277,24.0
RS_GCF_029714425.1,NZ_CP121668.1_8325_A,C,C,C,Q,H,C,H,NZ_CP121668.1_8325,24.0
RS_GCF_035560995.1,NZ_DATMYK010000130.1_6_A,C,C,C,Q,H,C,H,NZ_DATMYK010000130.1_6,24.0
RS_GCF_036689815.1,NZ_JBAHUR010000016.1_42_A,C,C,C,Q,H,C,H,NZ_JBAHUR010000016.1_42,24.0
RS_GCF_037179605.1,NZ_JAPYKS010000022.1_63_A,C,C,C,Q,H,C,H,NZ_JAPYKS010000022.1_63,24.0
RS_GCF_040095995.1,NZ_JBBMFN010000046.1_10_A,C,C,C,Q,H,C,H,NZ_JBBMFN010000046.1_10,24.0
RS_GCF_048571115.1,NZ_CP182342.1_2560_A,C,C,C,Q,H,C,H,NZ_CP182342.1_2560,24.0
RS_GCF_900114975.1,NZ_FOUU01000006.1_23_A,C,C,C,Q,H,C,H,NZ_FOUU01000006.1_23,24.0
RS_GCF_963668665.2,NZ_CAXXLU010000002.1_1493_A,C,C,C,Q,H,C,H,NZ_CAXXLU010000002.1_1493,24.0
GB_GCA_963833425.1,CAWHXP010000012.1_92_A,C,C,C,Q,H,C,H,CAWHXP010000012.1_92,24.0
GB_GCA_001749745.1,JWTM01000549.1_50_A,C,C,C,Q,H,C,H,JWTM01000549.1_50,24.0
GB_GCA_002841355.1,PHFB01000002.1_258_A,C,C,C,Q,H,C,H,PHFB01000002.1_258,24.0
GB_GCA_004193555.1,RPGP01000029.1_183_A,C,C,C,E,H,C,P,RPGP01000029.1_183,21.0
GB_GCA_013153525.1,JAADEG010000047.1_20_A,C,C,C,Q,H,C,P,JAADEG010000047.1_20,22.0
GB_GCA_013426785.1,JACDZI010000015.1_26_A,C,C,C,Q,H,C,H,JACDZI010000015.1_26,24.0
GB_GCA_015207155.1,JADEXK010000024.1_11_A,C,C,C,Q,H,C,H,JADEXK010000024.1_11,24.0
GB_GCA_016776555.1,JADHTF010000033.1_15_A,C,C,C,Q,H,C,H,JADHTF010000033.1_15,24.0
GB_GCA_017475765.1,JAFVEY010000027.1_4_A,C,C,C,W,F,C,A,JAFVEY010000027.1_4,19.0
GB_GCA_018224385.1,JAGTVB010000061.1_9_A,C,C,C,Q,H,C,H,JAGTVB010000061.1_9,24.0
GB_GCA_021801345.1,JAJYYA010000068.1_11_A,C,C,C,Q,H,C,H,JAJYYA010000068.1_11,24.0
GB_GCA_023424965.1,JAFADI010000049.1_29_A,C,C,C,Q,H,C,H,JAFADI010000049.1_29,24.0
GB_GCA_023460315.1,JAEWQO010000125.1_60_A,C,C,C,Q,H,C,H,JAEWQO010000125.1_60,24.0
GB_GCA_027449165.1,DAIDMD010000170.1_16_A,C,C,C,Q,H,C,H,DAIDMD010000170.1_16,24.0
GB_GCA_029667085.1,JARUHJ010000004.1_62_A,C,C,C,Q,H,C,H,JARUHJ010000004.1_62,24.0
GB_GCA_031269345.1,JAISZH010000064.1_7_A,C,C,C,Q,H,C,H,JAISZH010000064.1_7,24.0
GB_GCA_031279975.1,JAITHL010000210.1_19_A,C,C,C,Q,H,C,H,JAITHL010000210.1_19,24.0
GB_GCA_036518435.1,DATDNF010000024.1_20_A,C,C,C,Q,H,C,H,DATDNF010000024.1_20,24.0
GB_GCA_038748225.1,JBCDJC010000060.1_10_A,C,C,C,Q,H,C,H,JBCDJC010000060.1_10,24.0
GB_GCA_041660815.1,JBAZVN010000004.1_62_A,C,C,C,Q,H,C,H,JBAZVN010000004.1_62,24.0
GB_GCA_902776945.1,CACYSH010000001.1_53_A,C,C,C,W,F,C,L,CACYSH010000001.1_53,19.0
GB_GCA_903893795.1,CAITNO010000037.1_62_A,C,C,C,Q,H,C,H,CAITNO010000037.1_62,24.0
GB_GCA_936941155.1,CAKZJE010000105.1_2_A,C,C,C,Q,H,C,H,CAKZJE010000105.1_2,24.0
GB_GCA_945889005.1,CAMDBI010000027.1_29_A,C,C,C,Q,H,C,H,CAMDBI010000027.1_29,24.0
GB_GCA_947074195.1,CAMTOS010000002.1_61_A,C,C,C,Q,H,C,H,CAMTOS010000002.1_61,24.0
GB_GCA_963675915.1,OY780959.1_146_A,C,C,C,Q,H,C,H,OY780959.1_146,24.0
GB_GCA_963776075.1,CAVZLG010000009.1_62_A,C,C,C,Q,H,C,H,CAVZLG010000009.1_62,24.0
GB_GCA_963798575.1,CAWCTL010000001.1_495_A,C,C,C,Q,H,C,H,CAWCTL010000001.1_495,24.0
GB_GCA_964510795.1,CAZEDT010000078.1_5_A,C,C,C,Q,H,C,H,CAZEDT010000078.1_5,24.0
GB_GCA_964606415.1,CAZSGN010000078.1_3_A,C,C,C,Q,H,C,H,CAZSGN010000078.1_3,24.0
GB_GCA_965230395.1,CBDDKV010000002.1_4555_A,C,C,C,Q,H,C,H,CBDDKV010000002.1_4555,24.0
RS_GCF_000519185.1,NZ_JAFA01000069.1_15_A,C,C,C,Q,H,C,H,NZ_JAFA01000069.1_15,24.0
RS_GCF_001189235.2,NZ_LFIP02000006.1_91_A,C,C,C,Q,H,C,H,NZ_LFIP02000006.1_91,24.0
RS_GCF_001486505.1,NZ_LN909065.1_289_A,C,C,C,Q,H,C,H,NZ_LN909065.1_289,24.0
RS_GCF_001664485.1,NZ_CP013633.1_348_A,C,C,C,Q,H,C,H,NZ_CP013633.1_348,24.0
RS_GCF_003666245.1,NZ_MJLZ01000024.1_12_A,C,C,C,Q,H,C,H,NZ_MJLZ01000024.1_12,24.0
RS_GCF_004006395.2,NZ_CP029758.2_390_A,C,C,C,Q,H,C,H,NZ_CP029758.2_390,24.0
RS_GCF_005116645.1,NZ_SWCM01000012.1_8_A,C,C,C,Q,H,C,H,NZ_SWCM01000012.1_8,24.0
RS_GCF_007827975.1,NZ_VITT01000016.1_144_A,C,C,C,Q,H,C,H,NZ_VITT01000016.1_144,24.0
RS_GCF_008973665.1,NZ_WACP01000012.1_144_A,C,C,C,Q,H,C,H,NZ_WACP01000012.1_144,24.0
RS_GCF_009856605.1,NZ_CP047242.1_5089_A,C,C,C,Q,H,C,H,NZ_CP047242.1_5089,24.0
RS_GCF_014193585.1,NZ_BLXY01000011.1_55_A,C,C,C,Q,H,C,H,NZ_BLXY01000011.1_55,24.0
RS_GCF_014843845.1,NZ_JHQS01000013.1_62_A,C,C,C,Q,H,C,H,NZ_JHQS01000013.1_62,24.0
RS_GCF_016807805.1,NZ_CP063362.1_853_A,C,C,C,Q,H,C,H,NZ_CP063362.1_853,24.0
RS_GCF_017357385.1,NZ_CP071635.1_87_A,C,C,C,Q,H,C,H,NZ_CP071635.1_87,24.0
RS_GCF_019931275.1,NZ_JAIOTY010000001.1_367_A,C,C,C,Q,H,C,H,NZ_JAIOTY010000001.1_367,24.0
RS_GCF_040105105.1,NZ_CP157675.1_1669_A,C,C,C,Q,H,C,H,NZ_CP157675.1_1669,24.0
RS_GCF_044923475.1,NZ_CP137338.1_3668_A,C,C,C,Q,H,C,H,NZ_CP137338.1_3668,24.0
RS_GCF_046972725.1,NZ_JBKVXF010000001.1_1510_A,C,C,C,Q,H,C,H,NZ_JBKVXF010000001.1_1510,24.0
RS_GCF_900156655.1,NZ_FTOG01000008.1_110_A,C,C,C,Q,H,C,H,NZ_FTOG01000008.1_110,24.0
GB_GCA_031289325.1,JAITPS010000206.1_5_A,C,C,C,Q,H,C,H,JAITPS010000206.1_5,24.0
GB_GCA_965601435.1,CBFCWE010000068.1_6_A,C,C,C,Q,H,C,H,CBFCWE010000068.1_6,24.0
GB_GCA_002428705.1,DIXN01000004.1_70_A,C,C,C,Q,H,C,H,DIXN01000004.1_70,24.0
GB_GCA_004193595.1,RPGQ01000013.1_53_A,C,C,C,Q,H,C,H,RPGQ01000013.1_53,24.0
GB_GCA_007135385.1,SLIY01000219.1_11_A,C,C,C,Q,H,C,H,SLIY01000219.1_11,24.0
GB_GCA_013153525.1,JAADEG010000047.1_22_A,C,C,C,Q,H,C,H,JAADEG010000047.1_22,24.0
GB_GCA_016282745.1,JAEELL010000054.1_35_A,C,C,C,W,F,C,-,JAEELL010000054.1_35,18.0
GB_GCA_021841585.1,JAKBUS010000028.1_13_A,C,C,C,Q,H,C,H,JAKBUS010000028.1_13,24.0
GB_GCA_022842305.1,JALHPY010000022.1_25_A,C,C,C,Q,H,C,H,JALHPY010000022.1_25,24.0
GB_GCA_023390395.1,JAEWCY010000115.1_17_A,C,C,C,Q,H,C,H,JAEWCY010000115.1_17,24.0
GB_GCA_023436395.1,JAEZJJ010000027.1_28_A,C,C,C,W,F,C,-,JAEZJJ010000027.1_28,18.0
GB_GCA_030145845.1,JAIXHJ010000001.1_171_A,C,C,C,Q,H,C,H,JAIXHJ010000001.1_171,24.0
GB_GCA_031289445.1,JAITPL010000124.1_5_A,C,C,C,Q,H,C,H,JAITPL010000124.1_5,24.0
GB_GCA_035530375.1,DATKUY010000001.1_29_A,C,C,C,Q,H,C,H,DATKUY010000001.1_29,24.0
GB_GCA_036834745.1,DAITNH010000081.1_12_A,C,C,C,Q,H,C,H,DAITNH010000081.1_12,24.0
GB_GCA_041905215.1,JAYRLO010000064.1_8_A,C,C,C,Q,H,C,H,JAYRLO010000064.1_8,24.0
GB_GCA_043805555.1,JAZDHW010000370.1_12_A,C,C,C,Q,H,C,H,JAZDHW010000370.1_12,24.0
GB_GCA_046546415.1,JBKGXY010000017.1_10_A,C,C,C,Q,H,C,H,JBKGXY010000017.1_10,24.0
GB_GCA_049366695.1,JBMNCR010000029.1_14_A,C,C,C,Q,H,C,H,JBMNCR010000029.1_14,24.0
GB_GCA_052139855.1,JBKQVS010000093.1_8_A,C,C,C,Q,H,C,H,JBKQVS010000093.1_8,24.0
GB_GCA_937120965.1,CAKZKA010000157.1_26_A,C,C,C,Q,H,C,H,CAKZKA010000157.1_26,24.0
GB_GCA_963666285.1,OY762711.1_3549_A,C,C,C,Q,H,C,H,OY762711.1_3549,24.0
GB_GCA_963922535.1,CAWUIN010000048.1_20_A,C,C,C,Q,H,C,H,CAWUIN010000048.1_20,24.0
GB_GCA_964427135.1,CAYRTH010000011.1_17_A,C,C,C,Q,H,C,H,CAYRTH010000011.1_17,24.0
RS_GCF_000017805.1,NC_009767.1_4470_A,C,C,C,Q,H,C,H,NC_009767.1_4470,24.0
RS_GCF_000147075.1,NC_014484.1_347_A,C,C,C,Q,H,C,H,NC_014484.1_347,24.0
RS_GCF_000271485.2,NZ_AKVN02000001.1_4468_A,C,C,C,Q,H,C,H,NZ_AKVN02000001.1_4468,24.0
RS_GCF_000429345.1,NZ_AUBR01000070.1_7_A,-,C,C,Q,H,C,H,NZ_AUBR01000070.1_7,20.0
RS_GCF_002109495.1,NZ_LVJN01000019.1_96_A,C,C,C,Q,H,C,H,NZ_LVJN01000019.1_96,24.0
RS_GCF_002294985.1,NZ_NSGE01000010.1_79_A,C,C,C,Q,H,C,H,NZ_NSGE01000010.1_79,24.0
RS_GCF_003046625.1,NZ_QAAD01000014.1_54_A,C,C,C,Q,H,C,H,NZ_QAAD01000014.1_54,24.0
RS_GCF_004340905.1,NZ_SLXD01000012.1_78_A,C,C,C,Q,H,C,H,NZ_SLXD01000012.1_78,24.0
RS_GCF_011516885.1,NZ_WOTD01000003.1_26_A,C,C,C,Q,H,C,H,NZ_WOTD01000003.1_26,24.0
RS_GCF_036689865.1,NZ_JBAHUQ010000017.1_16_A,C,C,C,Q,H,C,H,NZ_JBAHUQ010000017.1_16,24.0
RS_GCF_048571125.1,NZ_CP182343.1_49_A,C,C,C,Q,H,C,H,NZ_CP182343.1_49,24.0
GB_GCA_003164755.1,PLUB01000010.1_105_A,C,C,C,Q,H,C,H,PLUB01000010.1_105,24.0
GB_GCA_027460615.1,JAPZAO010000111.1_7_A,C,C,C,Q,H,C,H,JAPZAO010000111.1_7,24.0
GB_GCA_963682135.1,OY821645.1_1434_A,C,C,C,Q,H,C,H,OY821645.1_1434,24.0
RS_GCF_001639295.1,NZ_LWMV01000018.1_3_A,C,C,C,Q,H,C,H,NZ_LWMV01000018.1_3,24.0
RS_GCF_900196725.1,NZ_FZMP01000244.1_8_A,C,C,C,Q,H,C,H,NZ_FZMP01000244.1_8,24.0
GB_GCA_000828085.3,JXCA02000002.1_423_A,C,C,C,Q,H,C,H,JXCA02000002.1_423,24.0
GB_GCA_013426795.1,JACDZF010000053.1_14_A,C,C,C,Q,H,C,H,JACDZF010000053.1_14,24.0
GB_GCA_016212165.1,JACRGY010000106.1_17_A,C,C,C,Q,H,C,H,JACRGY010000106.1_17,24.0
GB_GCA_017475765.1,JAFVEY010000049.1_43_A,C,C,C,W,F,C,-,JAFVEY010000049.1_43,18.0
GB_GCA_021801705.1,JAJYXP010000044.1_29_A,C,C,C,Q,H,C,H,JAJYXP010000044.1_29,24.0
GB_GCA_021842465.1,JAKBZN010000003.1_21_A,C,C,C,Q,H,C,H,JAKBZN010000003.1_21,24.0
GB_GCA_023412215.1,JAEYNX010000015.1_32_A,C,C,C,Q,H,C,H,JAEYNX010000015.1_32,24.0
GB_GCA_023460395.1,JAEWQB010000002.1_11_A,C,C,C,Q,H,C,H,JAEWQB010000002.1_11,24.0
GB_GCA_030632885.1,DAOVTW010000064.1_5_A,C,C,C,Q,H,C,H,DAOVTW010000064.1_5,24.0
GB_GCA_030765725.1,JAVCDF010000002.1_153_A,C,C,C,Q,H,C,H,JAVCDF010000002.1_153,24.0
GB_GCA_035530395.1,DATKUX010000102.1_3_A,C,C,C,Q,Q,C,-,DATKUX010000102.1_3,19.0
GB_GCA_037446005.1,JBBIJL010000002.1_42_A,C,C,C,Q,H,C,H,JBBIJL010000002.1_42,24.0
GB_GCA_040754455.1,JBFMCP010000001.1_63_A,C,C,C,Q,H,C,H,JBFMCP010000001.1_63,24.0
GB_GCA_041397845.1,JAWKVW010000009.1_94_A,C,C,C,Q,H,C,H,JAWKVW010000009.1_94,24.0
GB_GCA_041660905.1,JBAZVL010000005.1_222_A,C,C,C,Q,H,C,H,JBAZVL010000005.1_222,24.0
GB_GCA_043806215.1,JAZDHD010000004.1_2_A,C,C,C,Q,H,C,H,JAZDHD010000004.1_2,24.0
GB_GCA_963675925.2,CAXXIB010000002.1_50_A,C,C,C,Q,H,C,H,CAXXIB010000002.1_50,24.0
GB_GCA_963677785.2,CAXXDH010000001.1_226_A,C,C,C,Q,H,C,H,CAXXDH010000001.1_226,24.0
GB_GCA_963730565.1,CAVSSU010000029.1_20_A,C,C,C,Q,H,C,H,CAVSSU010000029.1_20,24.0
GB_GCA_963799105.1,CAWCVR010000004.1_112_A,C,C,C,Q,H,C,H,CAWCVR010000004.1_112,24.0
GB_GCA_964478625.1,CAYZJH010000019.1_65_A,C,C,C,Q,H,C,H,CAYZJH010000019.1_65,24.0
GB_GCA_964511385.1,CAZEFE010000005.1_88_A,C,C,C,Q,H,C,H,CAZEFE010000005.1_88,24.0
GB_GCA_964539635.1,CAZIJN010000003.1_7_A,C,C,C,Q,H,C,H,CAZIJN010000003.1_7,24.0
GB_GCA_965230435.1,CBDDLB010000006.1_1231_A,C,C,C,Q,H,C,H,CBDDLB010000006.1_1231,24.0
RS_GCF_000017845.1,NC_010546.1_540_A,C,C,C,Q,H,C,H,NC_010546.1_540,24.0
RS_GCF_000147335.1,NC_014501.1_3656_A,C,C,C,Q,H,C,H,NC_014501.1_3656,24.0
RS_GCF_000429345.1,NZ_AUBR01000070.1_9_A,C,C,C,Q,H,C,-,NZ_AUBR01000070.1_9,21.0
RS_GCF_000519265.1,NZ_KI912608.1_867_A,C,C,C,Q,H,C,H,NZ_KI912608.1_867,24.0
RS_GCF_001189245.1,NZ_LFIQ01000027.1_79_A,C,C,C,Q,H,C,H,NZ_LFIQ01000027.1_79,24.0
RS_GCF_001675165.1,NZ_LROS01000005.1_88_A,C,C,C,W,F,C,-,NZ_LROS01000005.1_88,18.0
RS_GCF_001902295.1,NZ_CP018335.1_1287_A,C,C,C,W,F,C,-,NZ_CP018335.1_1287,18.0
RS_GCF_002879615.1,NZ_PNRF01000032.1_64_A,C,C,C,Q,H,C,H,NZ_PNRF01000032.1_64,24.0
RS_GCF_003259895.1,NZ_QLME01000002.1_100_A,C,C,C,Q,H,C,-,NZ_QLME01000002.1_100,21.0
RS_GCF_005116655.2,NZ_CP050698.1_4539_A,C,C,C,Q,H,C,H,NZ_CP050698.1_4539,24.0
RS_GCF_009026145.1,NZ_WBUE01000001.1_166_A,C,C,C,Q,H,C,H,NZ_WBUE01000001.1_166,24.0
RS_GCF_014844135.1,NZ_CP041403.1_78_A,C,C,C,Q,H,C,H,NZ_CP041403.1_78,24.0
RS_GCF_016836705.1,NZ_JAFCGY010000047.1_13_A,C,C,C,Q,H,C,H,NZ_JAFCGY010000047.1_13,24.0
RS_GCF_027925445.1,NZ_AP027149.1_217_A,C,C,C,Q,H,C,H,NZ_AP027149.1_217,24.0
RS_GCF_029714945.1,NZ_CP121634.1_7753_A,C,C,C,Q,H,C,H,NZ_CP121634.1_7753,24.0
RS_GCF_033977145.1,NZ_JAVIJF010000028.1_44_A,C,C,C,Q,H,C,H,NZ_JAVIJF010000028.1_44,24.0
RS_GCF_041583095.1,NZ_JBFHGM010000023.1_22_A,C,C,C,Q,H,C,H,NZ_JBFHGM010000023.1_22,24.0
RS_GCF_042648805.1,NZ_JBHRXZ010000022.1_408_A,C,C,C,Q,H,C,H,NZ_JBHRXZ010000022.1_408,24.0
RS_GCF_050435825.1,NZ_JBNDLA010000030.1_39_A,C,C,C,Q,H,C,H,NZ_JBNDLA010000030.1_39,24.0
RS_GCF_900107645.1,NZ_FNQN01000010.1_113_A,C,C,C,Q,H,C,H,NZ_FNQN01000010.1_113,24.0
RS_GCF_900115065.1,NZ_FOVE01000009.1_53_A,C,C,C,Q,H,C,H,NZ_FOVE01000009.1_53,24.0
RS_GCF_937425535.1,NZ_OW485601.1_862_A,C,C,C,Q,H,C,H,NZ_OW485601.1_862,24.0
GB_GCA_963845285.1,CAWJRO010000006.1_60_A,C,C,C,Q,H,C,H,CAWJRO010000006.1_60,24.0
RS_GCF_029167205.1,NZ_JARFPL010000016.1_8_A,C,C,C,Q,H,C,H,NZ_JARFPL010000016.1_8,24.0
GB_GCA_002429065.1,DIYN01000019.1_88_A,C,C,C,Q,H,C,H,DIYN01000019.1_88,24.0
GB_GCA_002841375.1,PGZO01000004.1_49_A,C,C,C,Q,H,C,H,PGZO01000004.1_49,24.0
GB_GCA_004195025.1,SGBB01000018.1_27_A,C,C,C,Q,H,C,H,SGBB01000018.1_27,24.0
GB_GCA_016937015.1,JAFGWT010000002.1_4_A,C,C,C,Q,H,C,H,JAFGWT010000002.1_4,24.0
GB_GCA_017476165.1,JAFVDR010000064.1_1_A,C,C,C,W,F,C,A,JAFVDR010000064.1_1,19.0
GB_GCA_018240295.1,JAFEGB010000035.1_19_A,C,C,C,Q,H,C,H,JAFEGB010000035.1_19,24.0
GB_GCA_021779335.1,JAJYAW010000041.1_2_A,C,C,C,Q,H,C,H,JAJYAW010000041.1_2,24.0
GB_GCA_023436395.1,JAEZJJ010000027.1_31_A,C,C,C,W,F,C,G,JAEZJJ010000027.1_31,19.0
GB_GCA_025355875.1,JANXYV010000130.1_7_A,C,C,C,Q,H,C,H,JANXYV010000130.1_7,24.0
GB_GCA_027449605.1,DAIDLH010000019.1_16_A,C,C,C,Q,H,C,H,DAIDLH010000019.1_16,24.0
GB_GCA_029719485.1,CP120722.1_2081_A,C,C,C,Q,H,C,H,CP120722.1_2081,24.0
GB_GCA_031289575.1,JAITPE010000027.1_4_A,C,C,C,Q,H,C,H,JAITPE010000027.1_4,24.0
GB_GCA_031548405.1,JAVBRC010000143.1_13_A,C,C,C,W,F,C,G,JAVBRC010000143.1_13,19.0
GB_GCA_035530395.1,DATKUX010000102.1_5_A,C,C,C,Q,H,C,H,DATKUX010000102.1_5,24.0
GB_GCA_035686205.1,DASRZQ010000216.1_12_A,C,C,C,Q,H,C,H,DASRZQ010000216.1_12,24.0
GB_GCA_036518635.1,DATDMT010000090.1_6_A,C,C,C,Q,H,C,H,DATDMT010000090.1_6,24.0
GB_GCA_038248065.1,JBBRUD010000020.1_4_A,C,C,C,Q,H,C,H,JBBRUD010000020.1_4,24.0
GB_GCA_038748405.1,JBCDIX010000003.1_98_A,C,C,C,Q,H,C,H,JBCDIX010000003.1_98,24.0
GB_GCA_039680175.1,JBDKTO010000111.1_17_A,C,C,C,Q,H,C,H,JBDKTO010000111.1_17,24.0
GB_GCA_040219735.1,JAVJRX010000185.1_3_A,C,C,C,Q,H,C,H,JAVJRX010000185.1_3,24.0
GB_GCA_046566965.1,JBKICU010000025.1_23_A,C,C,C,Q,H,C,H,JBKICU010000025.1_23,24.0
GB_GCA_048259585.1,JBLXHN010000002.1_384_A,C,C,C,Q,H,C,H,JBLXHN010000002.1_384,24.0
GB_GCA_049693315.1,JBAVPS010000326.1_8_A,C,C,C,Q,H,C,H,JBAVPS010000326.1_8,24.0
GB_GCA_050248275.1,JBFWSR010000018.1_67_A,C,C,C,Q,H,C,H,JBFWSR010000018.1_67,24.0
GB_GCA_902826305.1,CADEEH010000049.1_16_A,C,C,C,Q,H,C,H,CADEEH010000049.1_16,24.0
GB_GCA_903925005.1,CAIYDX010000130.1_29_A,C,C,C,Q,H,C,H,CAIYDX010000130.1_29,24.0
GB_GCA_947074205.1,CAMTOQ010000020.1_5_A,C,C,C,Q,H,C,H,CAMTOQ010000020.1_5,24.0
GB_GCA_963666435.2,CAXXOG010000008.1_106_A,C,C,C,Q,H,C,H,CAXXOG010000008.1_106,24.0
GB_GCA_963677825.2,CAXXEF010000001.1_1779_A,C,C,C,Q,H,C,H,CAXXEF010000001.1_1779,24.0
GB_GCA_963731655.1,CAVSWL010000006.1_103_A,C,C,C,Q,H,C,H,CAVSWL010000006.1_103,24.0
GB_GCA_964345605.1,CAYFSA010000008.1_33_A,C,C,C,Q,H,C,H,CAYFSA010000008.1_33,24.0
GB_GCA_964568805.1,CAZMRW010000040.1_22_A,C,C,C,Q,H,C,H,CAZMRW010000040.1_22,24.0
GB_GCA_964607065.1,CAZSIJ010000005.1_7_A,C,C,C,Q,H,C,H,CAZSIJ010000005.1_7,24.0
GB_GCA_964630955.1,CAZVXA010000168.1_8_A,C,C,C,Q,H,C,H,CAZVXA010000168.1_8,24.0
RS_GCF_000213555.1,NZ_GL891979.1_628_A,C,C,C,Q,H,C,H,NZ_GL891979.1_628,24.0
RS_GCF_000429485.1,NZ_AUBY01000017.1_12_A,C,C,C,Q,H,C,H,NZ_AUBY01000017.1_12,24.0
RS_GCF_001189845.1,NZ_LFLZ01000010.1_6_A,C,C,C,Q,H,C,H,NZ_LFLZ01000010.1_6,24.0
RS_GCF_001675165.1,NZ_LROS01000077.1_68_A,C,C,C,Q,H,C,H,NZ_LROS01000077.1_68,24.0
RS_GCF_004010325.2,NZ_SADR02000028.1_49_A,C,C,C,Q,H,C,H,NZ_SADR02000028.1_49,24.0
RS_GCF_007828035.1,NZ_VITV01000008.1_288_A,C,C,C,Q,H,C,H,NZ_VITV01000008.1_288,24.0
RS_GCF_013184745.1,NZ_JAATVU010000009.1_139_A,C,C,C,Q,H,C,H,NZ_JAATVU010000009.1_139,24.0
RS_GCF_016031625.1,NZ_JACCHP010000001.1_387_A,C,C,C,Q,H,C,H,NZ_JACCHP010000001.1_387,24.0
RS_GCF_017377355.1,NZ_CP061799.1_5159_A,C,C,C,Q,H,C,H,NZ_CP061799.1_5159,24.0
RS_GCF_020886695.1,NZ_AP024485.1_1242_A,C,C,C,Q,H,C,H,NZ_AP024485.1_1242,24.0
RS_GCF_033977165.1,NZ_JAVIJB010000020.1_27_A,C,C,C,Q,H,C,H,NZ_JAVIJB010000020.1_27,24.0
RS_GCF_036758025.1,NZ_DAIOXM010000004.1_130_A,C,C,C,Q,H,C,H,NZ_DAIOXM010000004.1_130,24.0
RS_GCF_047047955.1,NZ_CP150631.1_105_A,C,C,C,Q,H,C,H,NZ_CP150631.1_105,24.0
RS_GCF_048571135.1,NZ_CP182344.1_946_A,C,C,C,Q,H,C,H,NZ_CP182344.1_946,24.0
RS_GCF_050563455.1,NZ_CP191777.1_2560_A,C,C,C,Q,H,C,H,NZ_CP191777.1_2560,24.0
RS_GCF_900115225.1,NZ_FOVR01000001.1_501_A,C,C,C,Q,H,C,H,NZ_FOVR01000001.1_501,24.0
RS_GCF_963674925.2,NZ_CAXXRE010000003.1_80_A,C,C,C,Q,H,C,H,NZ_CAXXRE010000003.1_80,24.0
GB_GCA_963698135.1,CAVOPP010000011.1_31_A,C,C,C,Q,H,C,H,CAVOPP010000011.1_31,24.0
GB_GCA_002328495.1,DCUJ01000012.1_128_A,C,C,C,Q,H,C,H,DCUJ01000012.1_128,24.0
GB_GCA_002375985.1,DFNH01000026.1_32_A,C,C,C,Q,H,C,F,DFNH01000026.1_32,22.0
GB_GCA_003154855.1,PMEV01000065.1_16_A,C,C,C,Q,H,C,H,PMEV01000065.1_16,24.0
GB_GCA_007135625.1,SLIM01000147.1_8_A,C,C,C,Q,H,C,H,SLIM01000147.1_8,24.0
GB_GCA_009925045.1,RFQK01000005.1_6_A,C,C,C,Q,H,C,H,RFQK01000005.1_6,24.0
GB_GCA_012033195.1,JAAUSQ010000036.1_4_A,C,C,C,Q,H,C,H,JAAUSQ010000036.1_4,24.0
GB_GCA_015207195.1,JADEXJ010000075.1_19_A,C,C,C,Q,H,C,H,JADEXJ010000075.1_19,24.0
GB_GCA_015654635.1,JAATGP010000020.1_102_A,C,C,C,Q,H,C,H,JAATGP010000020.1_102,24.0
GB_GCA_021802425.1,JAJZXJ010000004.1_40_A,C,C,C,Q,H,C,H,JAJZXJ010000004.1_40,24.0
GB_GCA_023424995.1,JAFADH010000019.1_15_A,C,C,C,Q,H,C,H,JAFADH010000019.1_15,24.0
GB_GCA_027450045.1,DAIDKM010000023.1_9_A,C,C,C,Q,H,C,H,DAIDKM010000023.1_9,24.0
GB_GCA_028688905.1,JAQTXH010000002.1_112_A,C,C,C,Q,H,C,H,JAQTXH010000002.1_112,24.0
GB_GCA_030637655.1,DAOWGI010000087.1_38_A,C,C,C,Q,H,C,H,DAOWGI010000087.1_38,24.0
GB_GCA_031280275.1,JAITGX010000044.1_2_A,C,C,C,W,F,C,-,JAITGX010000044.1_2,18.0
GB_GCA_034007705.1,JAVEQK010000003.1_16_A,C,C,C,Q,H,C,H,JAVEQK010000003.1_16,24.0
GB_GCA_035269105.1,DATFJP010000134.1_24_A,C,C,C,Q,H,C,H,DATFJP010000134.1_24,24.0
GB_GCA_035530915.1,DATKTV010000056.1_31_A,C,C,C,Q,H,C,H,DATKTV010000056.1_31,24.0
GB_GCA_035686305.1,DASRZP010000088.1_12_A,C,C,C,Q,H,C,H,DASRZP010000088.1_12,24.0
GB_GCA_037446165.1,JBBIJC010000057.1_16_A,C,C,C,Q,H,C,H,JBBIJC010000057.1_16,24.0
GB_GCA_039680305.1,JBDKTH010001341.1_10_A,C,C,C,Q,H,C,H,JBDKTH010001341.1_10,24.0
GB_GCA_041907765.1,JAYRGQ010000004.1_191_A,C,C,C,Q,H,C,H,JAYRGQ010000004.1_191,24.0
GB_GCA_044426345.1,JAWXUP010000010.1_52_A,C,C,C,Q,H,C,H,JAWXUP010000010.1_52,24.0
GB_GCA_048264125.1,JBLXDM010000001.1_22_A,C,C,C,Q,H,C,H,JBLXDM010000001.1_22,24.0
GB_GCA_050251415.1,JBFWMT010000052.1_8_A,C,C,C,Q,H,C,H,JBFWMT010000052.1_8,24.0
GB_GCA_050293885.1,JBNKNO010000053.1_16_A,C,C,C,Q,H,C,H,JBNKNO010000053.1_16,24.0
GB_GCA_903925075.1,CAIYDQ010000034.1_3_A,C,C,C,Q,H,C,H,CAIYDQ010000034.1_3,24.0
GB_GCA_943367425.1,CALRJF020000010.1_79_A,C,C,C,Q,H,C,H,CALRJF020000010.1_79,24.0
GB_GCA_947074235.1,CAMTOV010000014.1_8_A,C,C,C,Q,H,C,H,CAMTOV010000014.1_8,24.0
GB_GCA_963666475.2,OY762821.2_730_A,C,C,C,Q,H,C,H,OY762821.2_730,24.0
GB_GCA_963824555.1,CAWGPW010000009.1_19_A,C,C,C,Q,H,C,H,CAWGPW010000009.1_19,24.0
GB_GCA_965230625.1,CBDDLL010000001.1_2598_A,C,C,C,Q,H,C,H,CBDDLL010000001.1_2598,24.0
RS_GCF_000332155.1,NZ_KB235903.1_598_A,C,C,C,Q,H,C,H,NZ_KB235903.1_598,24.0
RS_GCF_000702205.1,NZ_JNKW01000004.1_159_A,C,C,C,W,F,C,-,NZ_JNKW01000004.1_159,18.0
RS_GCF_000802225.1,NZ_JTDI01000004.1_229_A,C,C,C,Q,H,C,H,NZ_JTDI01000004.1_229,24.0
RS_GCF_001509575.1,NZ_LMBR01000001.1_60_A,C,C,C,Q,H,C,H,NZ_LMBR01000001.1_60,24.0
RS_GCF_001902295.1,NZ_CP018335.1_1295_A,C,C,C,W,F,C,-,NZ_CP018335.1_1295,18.0
RS_GCF_002294995.1,NZ_NSGF01000031.1_11_A,C,C,C,Q,H,C,H,NZ_NSGF01000031.1_11,24.0
RS_GCF_003046795.1,NZ_PZKN01000004.1_111_A,C,C,C,Q,H,C,H,NZ_PZKN01000004.1_111,24.0
RS_GCF_003667445.1,NZ_RCTF01000001.1_338_A,C,C,C,Q,H,C,H,NZ_RCTF01000001.1_338,24.0
RS_GCF_004010325.2,NZ_SADR02000029.1_36_A,C,C,C,Q,H,C,H,NZ_SADR02000029.1_36,24.0
RS_GCF_007828045.1,NZ_VITN01000004.1_24_A,C,C,C,Q,H,C,H,NZ_VITN01000004.1_24,24.0
RS_GCF_009026175.1,NZ_WBTZ01000190.1_2_A,C,C,C,Q,H,C,H,NZ_WBTZ01000190.1_2,24.0
RS_GCF_013184775.1,NZ_JAATVV010000010.1_110_A,C,C,C,Q,H,C,H,NZ_JAATVV010000010.1_110,24.0
RS_GCF_018141445.1,NZ_CP058649.1_3185_A,C,C,C,Q,H,C,H,NZ_CP058649.1_3185,24.0
RS_GCF_019972295.1,NZ_BLJA01000001.1_369_A,C,C,C,Q,H,C,H,NZ_BLJA01000001.1_369,24.0
RS_GCF_024346755.1,NZ_AP024861.1_447_A,C,C,C,Q,H,C,H,NZ_AP024861.1_447,24.0
RS_GCF_025941625.1,NZ_JAPCZO010000028.1_39_A,C,C,C,Q,H,C,H,NZ_JAPCZO010000028.1_39,24.0
RS_GCF_030389965.1,NZ_CP128400.1_1726_A,C,C,C,Q,H,C,H,NZ_CP128400.1_1726,24.0
RS_GCF_042649925.1,NZ_JBHSAF010000001.1_473_A,C,C,C,Q,H,C,H,NZ_JBHSAF010000001.1_473,24.0
RS_GCF_044962685.1,NZ_JBBKTX010000012.1_90_A,C,C,C,Q,H,C,H,NZ_JBBKTX010000012.1_90,24.0
RS_GCF_900476375.1,NZ_UPPP01000074.1_57_A,C,C,C,Q,H,C,H,NZ_UPPP01000074.1_57,24.0
GB_GCA_003165195.1,PLSP01000031.1_6_A,C,C,C,Q,H,C,H,PLSP01000031.1_6,24.0
RS_GCF_002067275.1,NZ_MVQX01000087.1_94_A,C,C,C,Q,H,C,H,NZ_MVQX01000087.1_94,24.0
RS_GCF_029229925.1,NZ_CP107254.1_577_A,C,C,C,Q,H,C,H,NZ_CP107254.1_577,24.0
GB_GCA_000828835.1,AP014633.1_1782_A,C,C,C,Q,H,C,H,AP014633.1_1782,24.0
GB_GCA_001770705.1,MERT01000015.1_82_A,C,C,C,Q,H,C,H,MERT01000015.1_82,24.0
GB_GCA_002375985.1,DFNH01000026.1_34_A,-,C,C,Q,H,C,H,DFNH01000026.1_34,20.0
GB_GCA_017645785.1,JAGCNW010000006.1_45_A,C,C,C,W,F,C,G,JAGCNW010000006.1_45,19.0
GB_GCA_021845685.1,JAJZVN010000019.1_12_A,C,C,C,Q,H,C,H,JAJZVN010000019.1_12,24.0
GB_GCA_023412275.1,JAEYNY010000127.1_3_A,C,C,C,Q,H,C,H,JAEYNY010000127.1_3,24.0
GB_GCA_023436395.1,JAEZJJ010000034.1_15_A,C,C,C,Q,H,C,H,JAEZJJ010000034.1_15,24.0
GB_GCA_023460535.1,JAEWPV010000007.1_111_A,C,C,C,Q,H,C,H,JAEWPV010000007.1_111,24.0
GB_GCA_024641475.1,JAHECZ010000025.1_10_A,C,C,C,Q,H,C,H,JAHECZ010000025.1_10,24.0
GB_GCA_028279945.1,JANQMT010000200.1_12_A,C,C,C,Q,H,C,H,JANQMT010000200.1_12,24.0
GB_GCA_029239675.1,JARBUM010000009.1_39_A,C,C,C,Q,H,C,H,JARBUM010000009.1_39,24.0
GB_GCA_031261085.1,JAISKB010000016.1_28_A,C,C,C,W,F,C,G,JAISKB010000016.1_28,19.0
GB_GCA_031274385.1,JAISQH010000579.1_5_A,C,C,C,Q,H,C,H,JAISQH010000579.1_5,24.0
GB_GCA_031280635.1,JAITGK010000057.1_8_A,C,C,C,W,F,C,G,JAITGK010000057.1_8,19.0
GB_GCA_040754595.1,JBFMCH010000096.1_70_A,C,C,C,Q,H,C,H,JBFMCH010000096.1_70,24.0
GB_GCA_044426515.1,JAUGSS010000090.1_14_A,C,C,C,Q,H,C,H,JAUGSS010000090.1_14,24.0
GB_GCA_903895195.1,CAITSZ010000047.1_154_A,C,C,C,Q,H,C,H,CAITSZ010000047.1_154,24.0
GB_GCA_937925925.1,CALANA010000142.1_4_A,C,C,C,Q,H,C,H,CALANA010000142.1_4,24.0
GB_GCA_963677845.1,OY782498.1_988_A,C,C,C,Q,H,C,H,OY782498.1_988,24.0
GB_GCA_963709135.1,CAVPVI010000005.1_1126_A,-,C,C,K,N,C,V,CAVPVI010000005.1_1126,15.0
GB_GCA_964427375.1,CAYRUF010000003.1_125_A,C,C,C,Q,H,C,H,CAYRUF010000003.1_125,24.0
RS_GCF_000385375.1,NZ_ARVV01000001.1_3473_A,C,C,C,Q,H,C,H,NZ_ARVV01000001.1_3473,24.0
RS_GCF_001902295.1,NZ_CP018335.1_1296_A,C,C,C,W,F,C,G,NZ_CP018335.1_1296,19.0
RS_GCF_002879865.1,NZ_PNXY01000002.1_312_A,C,C,C,Q,H,C,H,NZ_PNXY01000002.1_312,24.0
RS_GCF_005116675.2,NZ_CP050699.1_222_A,C,C,C,Q,H,C,H,NZ_CP050699.1_222,24.0
RS_GCF_016858125.1,NZ_CP064781.1_1278_A,C,C,C,Q,H,C,H,NZ_CP064781.1_1278,24.0
RS_GCF_018905915.1,NZ_CP064782.1_1177_A,C,C,C,Q,H,C,H,NZ_CP064782.1_1177,24.0
RS_GCF_019972315.1,NZ_BLIZ01000001.1_1120_A,C,C,C,Q,H,C,H,NZ_BLIZ01000001.1_1120,24.0
RS_GCF_033977205.1,NZ_JAVIIW010000018.1_34_A,C,C,C,Q,H,C,H,NZ_JAVIIW010000018.1_34,24.0
RS_GCF_037381185.1,NZ_JARRQY010000049.1_11_A,C,C,C,Q,H,C,H,NZ_JARRQY010000049.1_11,24.0
RS_GCF_041583155.1,NZ_JBFHGK010000003.1_13_A,C,C,C,Q,H,C,H,NZ_JBFHGK010000003.1_13,24.0
RS_GCF_900009145.1,NZ_LN889813.1_37_A,C,C,C,Q,H,C,H,NZ_LN889813.1_37,24.0
RS_GCF_900107695.1,NZ_FNQP01000037.1_8_A,C,C,C,Q,H,C,H,NZ_FNQP01000037.1_8,24.0
RS_GCF_963675065.2,NZ_CAXXLR010000001.1_577_A,C,C,C,Q,H,C,H,NZ_CAXXLR010000001.1_577,24.0
GB_GCA_002376325.1,DFMR01000074.1_12_A,-,-,C,Q,H,C,H,DFMR01000074.1_12,16.0
GB_GCA_002429385.1,DIZL01000042.1_15_A,C,C,C,Q,H,C,H,DIZL01000042.1_15,24.0
GB_GCA_003501365.1,DNPP01000131.1_18_A,C,C,C,W,F,C,-,DNPP01000131.1_18,18.0
GB_GCA_004195035.1,SGBD01000001.1_818_A,C,C,C,Q,H,C,H,SGBD01000001.1_818,24.0
GB_GCA_007135635.1,SLIO01000217.1_6_A,C,C,C,Q,H,C,H,SLIO01000217.1_6,24.0
GB_GCA_013426805.1,JACDZG010000096.1_15_A,C,C,C,Q,H,C,H,JACDZG010000096.1_15,24.0
GB_GCA_016784355.1,JADHUV010000007.1_56_A,C,C,C,Q,H,C,H,JADHUV010000007.1_56,24.0
GB_GCA_016937215.1,JAFGWI010000240.1_10_A,C,C,C,Q,H,C,H,JAFGWI010000240.1_10,24.0
GB_GCA_018240405.1,JAFEFW010000654.1_13_A,C,C,C,Q,H,C,H,JAFEFW010000654.1_13,24.0
GB_GCA_025355965.1,JANXYR010000082.1_89_A,C,C,C,Q,H,C,H,JANXYR010000082.1_89,24.0
GB_GCA_028280025.1,JANQMO010000005.1_13_A,C,C,C,Q,H,C,H,JANQMO010000005.1_13,24.0
GB_GCA_029239755.1,JARBUI010000004.1_125_A,C,C,C,Q,H,C,H,JARBUI010000004.1_125,24.0
GB_GCA_029776205.1,JAKOTQ010000001.1_52_A,C,C,C,Q,H,C,H,JAKOTQ010000001.1_52,24.0
GB_GCA_031269465.1,JAISZB010000155.1_7_A,C,C,C,Q,H,C,H,JAISZB010000155.1_7,24.0
GB_GCA_031274415.1,JAISQD010000125.1_7_A,C,C,C,Q,H,C,H,JAISQD010000125.1_7,24.0
GB_GCA_031280915.1,JAITGC010000005.1_6_A,C,C,C,Q,H,C,H,JAITGC010000005.1_6,24.0
GB_GCA_034044135.1,CP139021.1_1824_A,C,C,C,Q,H,C,H,CP139021.1_1824,24.0
GB_GCA_035531075.1,DATKTO010000020.1_15_A,C,C,C,Q,H,C,H,DATKTO010000020.1_15,24.0
GB_GCA_036518955.1,DATDMG010000211.1_11_A,C,C,C,Q,H,C,H,DATDMG010000211.1_11,24.0
GB_GCA_040220235.1,JAVJTO010000147.1_19_A,C,C,C,Q,H,C,H,JAVJTO010000147.1_19,24.0
GB_GCA_041447245.1,JBGMEA010000012.1_156_A,C,C,C,Q,H,C,H,JBGMEA010000012.1_156,24.0
GB_GCA_041661895.1,JBAZTN010000030.1_19_A,C,C,C,Q,H,C,H,JBAZTN010000030.1_19,24.0
GB_GCA_043806875.1,JAZDGN010000022.1_10_A,C,C,C,Q,H,C,H,JAZDGN010000022.1_10,24.0
GB_GCA_046290845.1,JBKBUA010000009.1_23_A,C,C,C,Q,H,C,H,JBKBUA010000009.1_23,24.0
GB_GCA_046567065.1,JBKICO010000008.1_6_A,C,C,C,Q,H,C,H,JBKICO010000008.1_6,24.0
GB_GCA_052143075.1,JBKQTS010000147.1_13_A,C,C,C,Q,H,C,H,JBKQTS010000147.1_13,24.0
GB_GCA_963709135.1,CAVPVI010000005.1_1128_A,C,C,C,Q,H,C,H,CAVPVI010000005.1_1128,24.0
GB_GCA_963777035.1,CAVZPJ010000006.1_44_A,C,C,C,Q,H,C,H,CAVZPJ010000006.1_44,24.0
GB_GCA_964512305.1,CAZEIW010000090.1_8_A,C,C,C,Q,H,C,H,CAZEIW010000090.1_8,24.0
GB_GCA_964571195.1,CAZNAD010000002.1_105_A,C,C,C,Q,H,C,H,CAZNAD010000002.1_105,24.0
GB_GCA_964631235.1,CAZVZX010000008.1_34_A,C,C,C,Q,H,C,H,CAZVZX010000008.1_34,24.0
RS_GCF_000429505.1,NZ_AUBZ01000007.1_110_A,C,C,C,Q,H,C,H,NZ_AUBZ01000007.1_110,24.0
RS_GCF_004341165.1,NZ_SLZR01000012.1_21_A,C,C,C,Q,H,C,H,NZ_SLZR01000012.1_21,24.0
RS_GCF_007830255.1,NZ_VLKG01000001.1_335_A,C,C,C,Q,H,C,H,NZ_VLKG01000001.1_335,24.0
RS_GCF_009258225.1,NZ_CP043617.1_662_A,C,C,C,Q,H,C,H,NZ_CP043617.1_662,24.0
RS_GCF_011601315.1,NZ_JAAORA010000002.1_571_A,C,C,C,Q,H,C,H,NZ_JAAORA010000002.1_571,24.0
RS_GCF_014193675.1,NZ_BLXZ01000001.1_7_A,C,C,C,Q,H,C,H,NZ_BLXZ01000001.1_7,24.0
RS_GCF_024346955.1,NZ_AP024883.1_1569_A,C,C,C,Q,H,C,H,NZ_AP024883.1_1569,24.0
RS_GCF_041583155.1,NZ_JBFHGK010000061.1_13_A,C,C,C,Q,H,C,H,NZ_JBFHGK010000061.1_13,24.0
RS_GCF_047222355.1,NZ_CP178333.1_1023_A,C,C,C,Q,H,C,H,NZ_CP178333.1_1023,24.0
RS_GCF_048571185.1,NZ_CP182350.1_1279_A,C,C,C,Q,H,C,H,NZ_CP182350.1_1279,24.0
RS_GCF_900010725.2,NZ_LR734823.1_7_A,C,C,C,Q,H,C,H,NZ_LR734823.1_7,24.0
RS_GCF_900156695.1,NZ_FTOM01000003.1_170_A,C,C,C,Q,H,C,H,NZ_FTOM01000003.1_170,24.0
GB_GCA_003194445.1,PQXF01000004.1_155_A,C,C,C,Q,H,C,H,PQXF01000004.1_155,24.0
GB_GCA_963701095.1,OY969564.1_321_A,C,C,C,Q,H,C,H,OY969564.1_321,24.0
GB_GCA_003156235.1,PMGP01000092.1_6_A,-,-,C,Q,H,C,H,PMGP01000092.1_6,16.0
GB_GCA_017645785.1,JAGCNW010000006.1_55_A,C,C,C,W,F,C,G,JAGCNW010000006.1_55,19.0
GB_GCA_019359515.1,JAHHHC010000005.1_40_A,C,C,C,Q,H,C,H,JAHHHC010000005.1_40,24.0
GB_GCA_020217165.1,JAIWOE010000057.1_8_A,C,C,C,Q,H,C,H,JAIWOE010000057.1_8,24.0
GB_GCA_021802545.1,JAJZRS010000027.1_5_A,C,C,C,Q,H,C,H,JAJZRS010000027.1_5,24.0
GB_GCA_025356035.1,JANXYN010000089.1_30_A,C,C,C,Q,H,C,H,JANXYN010000089.1_30,24.0
GB_GCA_030148045.1,JASBUE010000189.1_18_A,C,C,C,Q,H,C,H,JASBUE010000189.1_18,24.0
GB_GCA_030642205.1,DAOWOF010000073.1_5_A,C,C,C,Q,H,C,H,DAOWOF010000073.1_5,24.0
GB_GCA_031261125.1,JAISJZ010000398.1_5_A,C,C,C,Q,H,C,H,JAISJZ010000398.1_5,24.0
GB_GCA_035687205.1,DASRYK010000133.1_31_A,C,C,C,Q,H,C,H,DASRYK010000133.1_31,24.0
GB_GCA_038248665.1,JBBRXF010000001.1_68_A,C,C,C,Q,H,C,H,JBBRXF010000001.1_68,24.0
GB_GCA_043806915.1,JAZDGM010000217.1_9_A,C,C,C,Q,H,C,H,JAZDGM010000217.1_9,24.0
GB_GCA_049366715.1,JBMNCQ010000068.1_14_A,C,C,C,Q,H,C,H,JBMNCQ010000068.1_14,24.0
GB_GCA_050251495.1,JBFWMQ010000004.1_88_A,C,C,C,Q,H,C,H,JBFWMQ010000004.1_88,24.0
GB_GCA_937127435.1,CAKZLZ010000094.1_15_A,C,C,C,Q,H,C,H,CAKZLZ010000094.1_15,24.0
GB_GCA_947074275.1,CAMTPA010000018.1_20_A,C,C,C,Q,H,C,H,CAMTPA010000018.1_20,24.0
GB_GCA_963662245.2,CAXXVQ010000002.1_7_A,C,C,C,Q,H,C,H,CAXXVQ010000002.1_7,24.0
GB_GCA_963666495.2,OY762866.2_1031_A,C,C,C,Q,H,C,H,OY762866.2_1031,24.0
GB_GCA_963677885.1,OY782500.1_3939_A,C,C,C,Q,H,C,H,OY782500.1_3939,24.0
GB_GCA_963777415.1,CAVZQL010000001.1_677_A,C,C,C,Q,H,C,H,CAVZQL010000001.1_677,24.0
GB_GCA_963800565.1,CAWDBM010000006.1_605_A,C,C,C,Q,H,C,H,CAWDBM010000006.1_605,24.0
GB_GCA_964540275.1,CAZIMB010000018.1_9_A,C,C,C,Q,H,C,H,CAZIMB010000018.1_9,24.0
GB_GCA_965230765.1,CBDDLR010000001.1_323_A,C,C,C,Q,H,C,H,CBDDLR010000001.1_323,24.0
RS_GCF_000214355.1,NC_015577.1_2582_A,C,C,C,Q,H,C,H,NC_015577.1_2582,24.0
RS_GCF_000702665.1,NZ_JNJA01000004.1_89_A,C,C,C,Q,H,C,H,NZ_JNJA01000004.1_89,24.0
RS_GCF_001509585.1,NZ_LNCI01000005.1_272_A,C,C,C,Q,H,C,H,NZ_LNCI01000005.1_272,24.0
RS_GCF_001679785.1,NZ_CP016290.1_446_A,C,C,C,Q,H,C,H,NZ_CP016290.1_446,24.0
RS_GCF_001902295.1,NZ_CP018335.1_1299_A,C,C,C,W,F,C,D,NZ_CP018335.1_1299,19.0
RS_GCF_002295065.1,NZ_NSGG01000015.1_100_A,C,C,C,Q,H,C,H,NZ_NSGG01000015.1_100,24.0
RS_GCF_003050905.1,NZ_QAOT01000006.1_20_A,C,C,C,Q,H,C,H,NZ_QAOT01000006.1_20,24.0
RS_GCF_003671495.1,NZ_RCHN01000001.1_66_A,C,C,C,Q,H,C,H,NZ_RCHN01000001.1_66,24.0
RS_GCF_004011805.1,NZ_RCHJ01000015.1_61_A,C,C,C,Q,H,C,H,NZ_RCHJ01000015.1_61,24.0
RS_GCF_013201665.1,NZ_CP053840.1_36_A,C,C,C,Q,H,C,H,NZ_CP053840.1_36,24.0
RS_GCF_014596085.1,NZ_JACCJY010000013.1_87_A,C,C,C,Q,H,C,H,NZ_JACCJY010000013.1_87,24.0
RS_GCF_037646455.1,NZ_JBBIXN010000003.1_499_A,C,C,C,Q,H,C,H,NZ_JBBIXN010000003.1_499,24.0
RS_GCF_900115265.1,NZ_FOVU01000015.1_86_A,C,C,C,Q,H,C,H,NZ_FOVU01000015.1_86,24.0
RS_GCF_963675585.2,NZ_CAXXWU010000001.1_16_A,C,C,C,Q,H,C,H,NZ_CAXXWU010000001.1_16,24.0
GB_GCA_003229935.1,QIGD01000051.1_6_A,C,C,C,Q,H,C,H,QIGD01000051.1_6,24.0
GB_GCA_963847185.1,CAWJYV010000008.1_495_A,C,C,C,Q,H,C,H,CAWJYV010000008.1_495,24.0
RS_GCF_002072215.1,NZ_JXMW01000001.1_68_A,C,C,C,Q,H,C,H,NZ_JXMW01000001.1_68,24.0
GB_GCA_001770725.1,MERU01000006.1_362_A,C,C,C,Q,H,C,H,MERU01000006.1_362,24.0
GB_GCA_002841495.1,PGZV01000004.1_91_A,C,C,C,Q,H,C,H,PGZV01000004.1_91,24.0
GB_GCA_003157445.1,PMJN01000498.1_28_A,C,C,C,Q,H,C,H,PMJN01000498.1_28,24.0
GB_GCA_012033335.1,JAAURB010000022.1_23_A,C,C,C,Q,H,C,H,JAAURB010000022.1_23,24.0
GB_GCA_013178275.1,JABLWZ010000015.1_46_A,C,C,C,Q,H,C,H,JABLWZ010000015.1_46,24.0
GB_GCA_013619105.1,JABXKU010000001.1_23_A,C,C,C,Q,H,C,H,JABXKU010000001.1_23,24.0
GB_GCA_016937315.1,JAFGWD010000287.1_7_A,C,C,C,Q,H,C,H,JAFGWD010000287.1_7,24.0
GB_GCA_018819515.1,JAHJPX010000003.1_115_A,C,C,C,Q,H,C,H,JAHJPX010000003.1_115,24.0
GB_GCA_023390555.1,JAEWCQ010000016.1_116_A,C,C,C,Q,H,C,H,JAEWCQ010000016.1_116,24.0
GB_GCA_024653205.1,JANLFO010000021.1_2_A,C,C,C,Q,H,C,H,JANLFO010000021.1_2,24.0
GB_GCA_030824275.1,JAVBXY010000009.1_132_A,C,C,C,Q,H,C,H,JAVBXY010000009.1_132,24.0
GB_GCA_031555415.1,JAVBUL010000102.1_3_A,C,C,C,W,F,C,A,JAVBUL010000102.1_3,19.0
GB_GCA_037446535.1,JBBIIJ010000016.1_32_A,C,C,C,Q,H,C,H,JBBIIJ010000016.1_32,24.0
GB_GCA_040754625.1,JBFMCF010000124.1_25_A,C,C,C,Q,H,C,H,JBFMCF010000124.1_25,24.0
GB_GCA_050251635.1,JBFWML010000006.1_13_A,C,C,C,Q,H,C,H,JBFWML010000006.1_13,24.0
GB_GCA_050294655.1,JBNKOL010000096.1_43_A,C,C,C,Q,H,C,H,JBNKOL010000096.1_43,24.0
GB_GCA_963662315.1,OY759353.1_3930_A,C,C,C,Q,H,C,H,OY759353.1_3930,24.0
GB_GCA_963666525.1,OY762905.1_3946_A,C,C,C,Q,H,C,H,OY762905.1_3946,24.0
GB_GCA_963675945.1,OY780932.1_3117_A,C,C,C,Q,H,C,H,OY780932.1_3117,24.0
GB_GCA_963753875.1,CAVWDY010000002.1_99_A,C,C,C,Q,H,C,H,CAVWDY010000002.1_99,24.0
GB_GCA_963801505.1,CAWDEY010000026.1_40_A,C,C,C,Q,H,C,H,CAWDEY010000026.1_40,24.0
GB_GCA_963825615.1,CAWGTV010000001.1_581_A,C,C,C,Q,H,C,H,CAWGTV010000001.1_581,24.0
GB_GCA_963922875.1,CAWUJH010000002.1_343_A,C,C,C,Q,H,C,H,CAWUJH010000002.1_343,24.0
RS_GCF_000429605.1,NZ_KE386926.1_121_A,C,C,C,Q,H,C,H,NZ_KE386926.1_121,24.0
RS_GCF_001511835.1,NZ_LN997848.1_3630_A,C,C,C,Q,H,C,H,NZ_LN997848.1_3630,24.0
RS_GCF_002890915.1,NZ_POUT01000003.1_351_A,C,C,C,Q,H,C,H,NZ_POUT01000003.1_351,24.0
RS_GCF_003268775.1,NZ_QLSU01000022.1_104_A,C,C,C,Q,H,C,H,NZ_QLSU01000022.1_104,24.0
RS_GCF_004341375.1,NZ_SLXO01000005.1_136_A,C,C,C,Q,H,C,H,NZ_SLXO01000005.1_136,24.0
RS_GCF_009296175.1,NZ_VOSK01000223.1_4_A,C,C,C,Q,H,C,H,NZ_VOSK01000223.1_4,24.0
RS_GCF_014596725.1,NZ_JACVEG010000002.1_354_A,C,C,C,Q,H,C,H,NZ_JACVEG010000002.1_354,24.0
RS_GCF_014850955.1,NZ_JACXSS010000001.1_3850_A,C,C,C,Q,H,C,H,NZ_JACXSS010000001.1_3850,24.0
RS_GCF_016031655.1,NZ_JACCHQ010000018.1_145_A,C,C,C,Q,H,C,H,NZ_JACCHQ010000018.1_145,24.0
RS_GCF_033977215.1,NZ_JAVIIV010000019.1_85_A,C,C,C,Q,H,C,H,NZ_JAVIIV010000019.1_85,24.0
RS_GCF_036763085.1,NZ_JBAIYU010000033.1_9_A,C,C,C,Q,H,C,H,NZ_JBAIYU010000033.1_9,24.0
RS_GCF_900156895.1,NZ_FTPD01000017.1_142_A,C,C,C,Q,H,C,H,NZ_FTPD01000017.1_142,24.0
RS_GCF_029633965.1,NZ_CP091277.1_1736_A,C,C,C,Q,H,C,H,NZ_CP091277.1_1736,24.0
RS_GCF_937881195.1,NZ_CALGFC010000006.1_32_A,C,C,C,Q,H,C,H,NZ_CALGFC010000006.1_32,24.0
GB_GCA_000828975.1,AP014683.1_1378_A,C,C,C,Q,H,C,H,AP014683.1_1378,24.0
GB_GCA_004195045.1,SGBC01000001.1_692_A,C,C,C,Q,H,C,H,SGBC01000001.1_692,24.0
GB_GCA_016212685.1,JACREW010000217.1_3_A,C,C,C,Q,H,C,H,JACREW010000217.1_3,24.0
GB_GCA_016285135.1,JAEEQC010000038.1_10_A,C,C,C,W,F,C,A,JAEEQC010000038.1_10,19.0
GB_GCA_016937715.1,JAFGWA010000028.1_18_A,C,C,C,Q,H,C,H,JAFGWA010000028.1_18,24.0
GB_GCA_021845865.1,JAJZVC010000012.1_30_A,C,C,C,Q,H,C,H,JAJZVC010000012.1_30,24.0
GB_GCA_023399375.1,JAEWPX010000060.1_32_A,C,C,C,Q,H,C,H,JAEWPX010000060.1_32,24.0
GB_GCA_023412455.1,JAEYNQ010000184.1_22_A,C,C,C,Q,H,C,H,JAEYNQ010000184.1_22,24.0
GB_GCA_023460575.1,JAEWPQ010000256.1_4_A,C,C,C,Q,H,C,H,JAEWPQ010000256.1_4,24.0
GB_GCA_029776595.1,JAKOSX010000085.1_9_A,C,C,C,Q,H,C,H,JAKOSX010000085.1_9,24.0
GB_GCA_030148325.1,JASBTR010000100.1_45_A,C,C,C,Q,H,C,H,JASBTR010000100.1_45,24.0
GB_GCA_031281265.1,JAITFO010000096.1_16_A,C,C,C,Q,H,C,H,JAITFO010000096.1_16,24.0
GB_GCA_031289625.1,JAITPB010000116.1_7_A,C,C,C,W,F,C,A,JAITPB010000116.1_7,19.0
GB_GCA_036848635.1,DAIUJR010000001.1_95_A,C,C,C,Q,H,C,H,DAIUJR010000001.1_95,24.0
GB_GCA_038249155.1,JBBRWN010000013.1_32_A,C,C,C,Q,H,C,H,JBBRWN010000013.1_32,24.0
GB_GCA_039714455.1,JBDLJI010000118.1_3_A,C,C,C,Q,H,C,H,JBDLJI010000118.1_3,24.0
GB_GCA_040220555.1,JAVJUO010000012.1_13_A,C,C,C,Q,H,C,H,JAVJUO010000012.1_13,24.0
GB_GCA_041661985.1,JBAZTK010000002.1_347_A,C,C,C,Q,H,C,H,JBAZTK010000002.1_347,24.0
GB_GCA_046570145.1,JBKHVJ010000065.1_12_A,C,C,C,Q,H,C,H,JBKHVJ010000065.1_12,24.0
GB_GCA_050295515.1,JBNKPU010000175.1_14_A,C,C,C,Q,H,C,H,JBNKPU010000175.1_14,24.0
GB_GCA_937139565.1,CAKZQH010000011.1_64_A,C,C,C,Q,H,C,H,CAKZQH010000011.1_64,24.0
GB_GCA_947074295.1,CAMTPC010000044.1_6_A,C,C,C,Q,H,C,H,CAMTPC010000044.1_6,24.0
GB_GCA_963675955.2,CAXXVR010000002.1_218_A,C,C,C,Q,H,C,H,CAXXVR010000002.1_218,24.0
GB_GCA_963677915.2,CAXXGE010000021.1_117_A,C,C,C,Q,H,C,H,CAXXGE010000021.1_117,24.0
GB_GCA_963709175.1,CAVPVK010000007.1_1319_A,C,C,C,Q,H,C,-,CAVPVK010000007.1_1319,21.0
GB_GCA_963826125.1,CAWGVV010000001.1_1855_A,C,C,C,Q,H,C,H,CAWGVV010000001.1_1855,24.0
GB_GCA_964401555.1,CAYNYW010000012.1_40_A,C,C,C,Q,H,C,H,CAYNYW010000012.1_40,24.0
GB_GCA_964427655.1,CAYRWE010000037.1_2_A,C,C,C,Q,H,C,H,CAYRWE010000037.1_2,24.0
GB_GCA_964454195.1,CAYVRD010000023.1_12_A,C,C,C,Q,H,C,H,CAYVRD010000023.1_12,24.0
GB_GCA_964513105.1,CAZEMW010000317.1_4_A,C,C,C,Q,H,C,H,CAZEMW010000317.1_4,24.0
GB_GCA_964607705.1,CAZSLI010000003.1_91_A,C,C,C,Q,H,C,H,CAZSLI010000003.1_91,24.0
RS_GCF_000018425.1,NC_010424.1_153_A,-,C,C,Q,H,C,H,NC_010424.1_153,20.0
RS_GCF_001904635.1,NZ_MRCB01000004.1_88_A,C,C,C,Q,H,C,H,NZ_MRCB01000004.1_88,24.0
RS_GCF_002117485.1,NZ_CP021031.1_291_A,C,C,C,Q,H,C,H,NZ_CP021031.1_291,24.0
RS_GCF_005144475.1,NZ_SWJZ01000010.1_6_A,C,C,C,Q,H,C,H,NZ_SWJZ01000010.1_6,24.0
RS_GCF_018223345.1,NZ_CP073587.1_2777_A,C,C,C,Q,H,C,H,NZ_CP073587.1_2777,24.0
RS_GCF_022227785.1,NZ_JAJNQM010000028.1_18_A,C,C,C,Q,H,C,H,NZ_JAJNQM010000028.1_18,24.0
RS_GCF_029855125.1,NZ_CP123229.1_2263_A,C,C,C,Q,H,C,H,NZ_CP123229.1_2263,24.0
RS_GCF_033977265.1,NZ_JAVIIT010000026.1_35_A,C,C,C,Q,H,C,H,NZ_JAVIIT010000026.1_35,24.0
RS_GCF_037671525.1,NZ_JAWPOH010000001.1_102_A,C,C,C,Q,H,C,H,NZ_JAWPOH010000001.1_102,24.0
RS_GCF_041583195.1,NZ_JBFHGL010000010.1_36_A,C,C,C,Q,H,C,H,NZ_JBFHGL010000010.1_36,24.0
RS_GCF_047263945.1,NZ_JBLAVB010000007.1_24_A,C,C,C,Q,H,C,H,NZ_JBLAVB010000007.1_24,24.0
RS_GCF_050565405.1,NZ_JBNYYG010000021.1_59_A,C,C,C,Q,H,C,H,NZ_JBNYYG010000021.1_59,24.0
RS_GCF_900107935.1,NZ_FNVG01000002.1_263_A,C,C,C,Q,H,C,H,NZ_FNVG01000002.1_263,24.0
RS_GCF_963675815.2,NZ_CAXXLH010000001.1_1022_A,C,C,C,Q,H,C,H,NZ_CAXXLH010000001.1_1022,24.0
GB_GCA_017883485.1,JADGNM010000057.1_4_A,C,C,C,Q,H,C,H,JADGNM010000057.1_4,24.0
GB_GCA_031290095.1,JAITOF010000018.1_11_A,C,C,C,Q,H,C,H,JAITOF010000018.1_11,24.0
GB_GCA_002337055.1,DDFG01000004.1_269_A,C,C,C,Q,H,C,H,DDFG01000004.1_269,24.0
GB_GCA_002841625.1,PHAG01000007.1_78_A,C,C,C,Q,H,C,H,PHAG01000007.1_78,24.0
GB_GCA_013619155.1,JABXKT010000061.1_25_A,C,C,C,Q,H,C,H,JABXKT010000061.1_25,24.0
GB_GCA_020846135.1,JADLEK010000017.1_114_A,C,C,C,Q,H,C,H,JADLEK010000017.1_114,24.0
GB_GCA_021802555.1,JAJZRU010000021.1_24_A,C,C,C,Q,H,C,H,JAJZRU010000021.1_24,24.0
GB_GCA_021845885.1,JAJZVB010000077.1_6_A,C,C,C,Q,H,C,H,JAJZVB010000077.1_6,24.0
GB_GCA_024653965.1,JANLGW010000149.1_23_A,C,C,C,Q,H,C,H,JANLGW010000149.1_23,24.0
GB_GCA_028280065.1,JANQMN010000058.1_5_A,C,C,C,Q,H,C,H,JANQMN010000058.1_5,24.0
GB_GCA_028688955.1,JAQTXD010000004.1_4_A,C,C,C,Q,H,C,H,JAQTXD010000004.1_4,24.0
GB_GCA_030148485.1,JASBTJ010000039.1_100_A,C,C,C,Q,H,C,H,JASBTJ010000039.1_100,24.0
GB_GCA_030644725.1,CP130629.1_1845_A,C,C,C,Q,H,C,H,CP130629.1_1845,24.0
GB_GCA_031281345.1,JAITFN010000026.1_9_A,C,C,C,Q,H,C,H,JAITFN010000026.1_9,24.0
GB_GCA_031289675.1,JAITOZ010000133.1_3_A,C,C,C,Q,H,C,H,JAITOZ010000133.1_3,24.0
GB_GCA_035531235.1,DATKTJ010000146.1_7_A,C,C,C,Q,H,C,H,DATKTJ010000146.1_7,24.0
GB_GCA_036523795.1,DATDDN010000024.1_27_A,C,C,C,Q,H,C,H,DATDDN010000024.1_27,24.0
GB_GCA_036881925.1,JBAJNJ010000002.1_169_A,C,C,C,Q,H,C,H,JBAJNJ010000002.1_169,24.0
GB_GCA_043809085.1,JAZDEG010000042.1_29_A,C,C,C,Q,H,C,H,JAZDEG010000042.1_29,24.0
GB_GCA_048381755.1,JBLXGS010000016.1_68_A,C,C,C,Q,H,C,H,JBLXGS010000016.1_68,24.0
GB_GCA_049696175.1,JBAVTL010000060.1_10_A,C,C,C,Q,H,C,H,JBAVTL010000060.1_10,24.0
GB_GCA_050251715.1,JBFWMG010000024.1_58_A,C,C,C,Q,H,C,H,JBFWMG010000024.1_58,24.0
GB_GCA_052143815.1,JBKQSA010000049.1_74_A,C,C,C,Q,H,C,H,JBKQSA010000049.1_74,24.0
GB_GCA_903896595.1,CAITYL010000375.1_13_A,C,C,C,Q,H,C,H,CAITYL010000375.1_13,24.0
GB_GCA_945897865.1,CAMDHJ010000062.1_22_A,C,C,C,Q,H,C,H,CAMDHJ010000062.1_22,24.0
GB_GCA_963802205.1,CAWDHW010000006.1_264_A,C,C,C,Q,H,C,H,CAWDHW010000006.1_264,24.0
GB_GCA_964480485.1,CAYZOP010000001.1_256_A,C,C,C,Q,H,C,H,CAYZOP010000001.1_256,24.0
GB_GCA_964608305.1,CAZSOA010000141.1_6_A,C,C,C,Q,H,C,H,CAZSOA010000141.1_6,24.0
GB_GCA_964631455.1,CAZVZI010000191.1_2_A,C,C,C,Q,H,C,H,CAZVZI010000191.1_2,24.0
RS_GCF_000018425.1,NC_010424.1_155_A,C,C,C,Q,H,C,V,NC_010424.1_155,22.0
RS_GCF_000332175.1,NZ_KB235914.1_583_A,C,C,C,Q,H,C,H,NZ_KB235914.1_583,24.0
RS_GCF_000807255.1,NZ_CP009268.1_3283_A,C,C,C,W,F,C,C,NZ_CP009268.1_3283,19.0
RS_GCF_001190925.1,NZ_CP011072.1_703_A,C,C,C,Q,H,C,H,NZ_CP011072.1_703,24.0
RS_GCF_001904635.1,NZ_MRCB01000006.1_64_A,C,C,C,Q,H,C,H,NZ_MRCB01000006.1_64,24.0
RS_GCF_002295115.1,NZ_NSFV01000032.1_12_A,C,C,C,Q,H,C,H,NZ_NSFV01000032.1_12,24.0
RS_GCF_009856865.1,NZ_WVUD01000010.1_61_A,C,C,C,Q,H,C,H,NZ_WVUD01000010.1_61,24.0
RS_GCF_011682075.1,NZ_VSMK01000127.1_5_A,C,C,C,Q,H,C,H,NZ_VSMK01000127.1_5,24.0
RS_GCF_013201725.1,NZ_CP053835.1_43_A,C,C,C,Q,H,C,H,NZ_CP053835.1_43,24.0
RS_GCF_014196965.1,NZ_JACIEQ010000001.1_484_A,C,C,C,Q,H,C,H,NZ_JACIEQ010000001.1_484,24.0
RS_GCF_017464355.1,NZ_JAFUAG010000003.1_131_A,C,C,C,W,F,C,L,NZ_JAFUAG010000003.1_131,19.0
RS_GCF_035561155.1,NZ_DATMYD010000126.1_13_A,C,C,C,Q,H,C,H,NZ_DATMYD010000126.1_13,24.0
RS_GCF_036763125.1,NZ_JBAIYT010000026.1_7_A,C,C,C,Q,H,C,H,NZ_JBAIYT010000026.1_7,24.0
RS_GCF_042657465.1,NZ_JBHSLC010000035.1_66_A,C,C,C,Q,H,C,H,NZ_JBHSLC010000035.1_66,24.0
RS_GCF_900115715.1,NZ_FOXM01000010.1_8_A,C,C,C,Q,H,C,H,NZ_FOXM01000010.1_8,24.0
RS_GCF_900537085.1,NZ_UNRE01000008.1_53_A,C,C,C,Q,H,C,H,NZ_UNRE01000008.1_53,24.0
GB_GCA_018820765.1,JAHJNN010000008.1_300_A,C,C,C,Q,H,C,H,JAHJNN010000008.1_300,24.0
GB_GCA_021780435.1,JAJXYV010000180.1_3_A,C,C,C,Q,H,C,H,JAJXYV010000180.1_3,24.0
GB_GCA_023460955.1,JAEWOH010000040.1_65_A,C,C,C,Q,H,C,H,JAEWOH010000040.1_65,24.0
GB_GCA_026414765.1,JAOAIJ010000042.1_106_A,C,C,C,Q,H,C,H,JAOAIJ010000042.1_106,24.0
GB_GCA_029239975.1,JARBTX010000016.1_7_A,C,C,C,Q,H,C,H,JARBTX010000016.1_7,24.0
GB_GCA_029780075.1,JAKOZI010000190.1_21_A,C,C,C,Q,H,C,H,JAKOZI010000190.1_21,24.0
GB_GCA_035688655.1,DASSMT010000299.1_3_A,C,C,C,Q,H,C,H,DASSMT010000299.1_3,24.0
GB_GCA_037446835.1,JBBIHV010000011.1_31_A,C,C,C,Q,H,C,H,JBBIHV010000011.1_31,24.0
GB_GCA_039714595.1,JBDLJA010000057.1_9_A,C,C,C,Q,H,C,H,JBDLJA010000057.1_9,24.0
GB_GCA_044433645.1,JAWXTK010000015.1_40_A,C,C,C,Q,H,C,H,JAWXTK010000015.1_40,24.0
GB_GCA_900316905.1,ONET01000001.1_22_A,C,C,C,W,F,C,G,ONET01000001.1_22,19.0
GB_GCA_937141995.1,CAKZQX010000080.1_4_A,C,C,C,Q,H,C,H,CAKZQX010000080.1_4,24.0
GB_GCA_943367755.1,CALRKB020000002.1_25_A,C,C,C,Q,H,C,H,CALRKB020000002.1_25,24.0
GB_GCA_945897955.1,CAMDGQ010000028.1_10_A,C,C,C,Q,H,C,H,CAMDGQ010000028.1_10,24.0
GB_GCA_963666535.1,OY762913.1_1936_A,C,C,C,Q,H,C,H,OY762913.1_1936,24.0
GB_GCA_963709215.1,CAVPVO010000003.1_1040_A,C,C,C,Q,H,C,H,CAVPVO010000003.1_1040,24.0
GB_GCA_964346405.1,CAYFVL010000064.1_16_A,C,C,C,Q,H,C,H,CAYFVL010000064.1_16,24.0
GB_GCA_964540515.1,CAZIMS010000009.1_35_A,C,C,C,Q,H,C,H,CAZIMS010000009.1_35,24.0
RS_GCF_000018545.1,NC_000914.2_93_A,C,C,C,Q,H,C,H,NC_000914.2_93,24.0
RS_GCF_000702945.1,NZ_JNLE01000003.1_2666_A,C,C,C,Q,H,C,H,NZ_JNLE01000003.1_2666,24.0
RS_GCF_001514535.1,NZ_BCNO01000003.1_18_A,C,C,C,Q,H,C,H,NZ_BCNO01000003.1_18,24.0
RS_GCF_001682385.1,NZ_CP016210.1_542_A,C,C,C,Q,H,C,H,NZ_CP016210.1_542,24.0
RS_GCF_003053565.1,NZ_QAXS01000013.1_44_A,C,C,C,Q,H,C,-,NZ_QAXS01000013.1_44,21.0
RS_GCF_003719195.1,NZ_CP024996.1_2496_A,C,C,C,Q,H,C,H,NZ_CP024996.1_2496,24.0
RS_GCF_014197015.1,NZ_JACIET010000001.1_1040_A,C,C,C,Q,H,C,H,NZ_JACIET010000001.1_1040,24.0
RS_GCF_014850975.1,NZ_JACXST010000001.1_1550_A,C,C,C,Q,H,C,H,NZ_JACXST010000001.1_1550,24.0
RS_GCF_017469785.1,NZ_JAFUFU010000003.1_87_A,C,C,C,H,Y,C,L,NZ_JAFUFU010000003.1_87,19.0
RS_GCF_019973615.1,NZ_AP024238.1_688_A,C,C,C,Q,H,C,H,NZ_AP024238.1_688,24.0
RS_GCF_024347055.1,NZ_AP024896.1_1186_A,C,C,C,Q,H,C,H,NZ_AP024896.1_1186,24.0
RS_GCF_025961225.1,NZ_JAOQNG010000001.1_714_A,C,C,C,Q,H,C,H,NZ_JAOQNG010000001.1_714,24.0
RS_GCF_027943965.1,NZ_AP027151.1_3127_A,C,C,C,Q,H,C,H,NZ_AP027151.1_3127,24.0
RS_GCF_041586535.1,NZ_JBFGZY010000018.1_8_A,C,C,C,Q,H,C,H,NZ_JBFGZY010000018.1_8,24.0
RS_GCF_900019265.1,NZ_CYGX02000044.1_59_A,C,C,C,Q,H,C,H,NZ_CYGX02000044.1_59,24.0
RS_GCF_900108065.1,NZ_FNVQ01000001.1_1812_A,C,C,C,Q,H,C,H,NZ_FNVQ01000001.1_1812,24.0
GB_GCA_042296865.1,CP170178.1_2995_A,C,C,C,Q,H,C,H,CP170178.1_2995,24.0
GB_GCA_000830175.1,JQIS01000066.1_21_A,C,C,C,Q,H,C,H,JQIS01000066.1_21,24.0
GB_GCA_002281555.1,NCGJ01000007.1_67_A,C,C,C,Q,H,C,H,NCGJ01000007.1_67,24.0
GB_GCA_002432635.1,DJFX01000036.1_9_A,C,C,C,Q,H,C,H,DJFX01000036.1_9,24.0
GB_GCA_004195305.1,SDWN01000811.1_4_A,C,C,C,Q,H,C,H,SDWN01000811.1_4,24.0
GB_GCA_007280895.1,QYQN01000104.1_2_A,C,C,C,Q,H,C,H,QYQN01000104.1_2,24.0
GB_GCA_013178375.1,JABLXQ010000029.1_26_A,C,C,C,Q,H,C,H,JABLXQ010000029.1_26,24.0
GB_GCA_016789955.1,JAEUPB010000020.1_64_A,C,C,C,Q,H,C,H,JAEUPB010000020.1_64,24.0
GB_GCA_020848655.1,JADLHU010000102.1_21_A,C,C,C,Q,H,C,H,JADLHU010000102.1_21,24.0
GB_GCA_024655885.1,JANLFN010000013.1_39_A,C,C,C,Q,H,C,H,JANLFN010000013.1_39,24.0
GB_GCA_027482985.1,JAIXVO010000623.1_3_A,C,C,C,Q,H,C,H,JAIXVO010000623.1_3,24.0
GB_GCA_028688995.1,JAQTXB010000001.1_259_A,C,C,C,Q,H,C,H,JAQTXB010000001.1_259,24.0
GB_GCA_030645535.1,JAUSNM010000016.1_70_A,C,C,C,Q,H,C,H,JAUSNM010000016.1_70,24.0
GB_GCA_031274425.1,JAISQE010000139.1_15_A,C,C,C,W,F,C,L,JAISQE010000139.1_15,19.0
GB_GCA_031581485.1,JAVLBA010000034.1_4_A,C,C,C,Q,H,C,H,JAVLBA010000034.1_4,24.0
GB_GCA_035285085.1,JAYKHV010000082.1_16_A,C,C,C,Q,H,C,H,JAYKHV010000082.1_16,24.0
GB_GCA_036524115.1,DATDCY010000155.1_17_A,C,C,C,Q,H,C,H,DATDCY010000155.1_17,24.0
GB_GCA_039715015.1,JBDLIE010000048.1_10_A,C,C,C,Q,H,C,H,JBDLIE010000048.1_10,24.0
GB_GCA_040221695.1,JAVKEA010000138.1_7_A,C,C,C,Q,H,C,H,JAVKEA010000138.1_7,24.0
GB_GCA_040755095.1,JBFMBH010000134.1_6_A,C,C,C,Q,H,C,H,JBFMBH010000134.1_6,24.0
GB_GCA_041662265.1,JBAZSV010000003.1_317_A,C,C,C,Q,H,C,H,JBAZSV010000003.1_317,24.0
GB_GCA_963677925.2,CAXXYH010000003.1_215_A,C,C,C,Q,H,C,H,CAXXYH010000003.1_215,24.0
GB_GCA_963826655.1,CAWGZP010000064.1_12_A,C,C,C,Q,H,C,H,CAWGZP010000064.1_12,24.0
GB_GCA_964346425.1,CAYFVX010000007.1_6_A,C,C,C,Q,H,C,H,CAYFVX010000007.1_6,24.0
GB_GCA_964480555.1,CAYZQL010000061.1_11_A,C,C,C,Q,H,C,H,CAYZQL010000061.1_11,24.0
RS_GCF_000332295.1,NZ_KB235931.1_205_A,C,C,C,Q,H,C,-,NZ_KB235931.1_205,21.0
RS_GCF_000429625.1,NZ_KE386928.1_99_A,C,C,C,Q,H,C,H,NZ_KE386928.1_99,24.0
RS_GCF_000807255.1,NZ_CP009268.1_3289_A,C,C,C,W,F,C,C,NZ_CP009268.1_3289,19.0
RS_GCF_003721225.2,NZ_CP127527.1_2752_A,C,C,C,Q,H,C,H,NZ_CP127527.1_2752,24.0
RS_GCF_004015185.1,NZ_CP025746.1_3932_A,C,C,C,Q,H,C,H,NZ_CP025746.1_3932,24.0
RS_GCF_009857815.1,NZ_WVVW01000001.1_783_A,C,C,C,Q,H,C,H,NZ_WVVW01000001.1_783,24.0
RS_GCF_011758645.1,NZ_JAAMOZ010000001.1_1727_A,C,C,C,Q,H,C,H,NZ_JAAMOZ010000001.1_1727,24.0
RS_GCF_016865365.1,NZ_AP024469.1_4004_A,C,C,C,Q,H,C,H,NZ_AP024469.1_4004,24.0
RS_GCF_019976755.1,NZ_AP023441.1_976_A,C,C,C,Q,H,C,H,NZ_AP023441.1_976,24.0
RS_GCF_020889785.1,NZ_JACMYK010000005.1_33_A,C,C,C,Q,H,C,H,NZ_JACMYK010000005.1_33,24.0
RS_GCF_022234545.1,NZ_JAIEUI010000007.1_150_A,C,C,C,Q,H,C,H,NZ_JAIEUI010000007.1_150,24.0
RS_GCF_024357955.1,NZ_JANEYT010000021.1_3_A,C,C,C,Q,H,C,H,NZ_JANEYT010000021.1_3,24.0
RS_GCF_031292255.1,NZ_JARLHN010000016.1_81_A,C,C,C,Q,H,C,H,NZ_JARLHN010000016.1_81,24.0
RS_GCF_033977325.1,NZ_JAVIIR010000022.1_53_A,C,C,C,Q,H,C,H,NZ_JAVIIR010000022.1_53,24.0
RS_GCF_900538275.1,NZ_LR130778.1_2258_A,C,C,C,Q,H,C,H,NZ_LR130778.1_2258,24.0
RS_GCF_963675975.1,NZ_OY780939.1_730_A,C,C,C,Q,H,C,H,NZ_OY780939.1_730,24.0
GB_GCA_003336485.1,QENH01000146.1_20_A,C,C,C,Q,H,C,H,QENH01000146.1_20,24.0
GB_GCA_043729865.1,JAYTKX010000108.1_21_A,C,C,C,Q,H,C,H,JAYTKX010000108.1_21,24.0
GB_GCA_963848985.1,CAWKGG010000020.1_25_A,C,C,C,Q,H,C,H,CAWKGG010000020.1_25,24.0
RS_GCF_000007345.1,NC_003552.1_4103_A,C,C,C,Q,H,C,H,NC_003552.1_4103,24.0
RS_GCF_029848115.1,NZ_JARVXG010000059.1_100_A,C,C,C,Q,H,C,H,NZ_JARVXG010000059.1_100,24.0
RS_GCF_946463545.1,NZ_OX296583.1_1639_A,C,C,C,Q,H,C,H,NZ_OX296583.1_1639,24.0
GB_GCA_000830255.1,JQIT01000005.1_267_A,C,C,C,Q,H,C,H,JQIT01000005.1_267,24.0
GB_GCA_002339325.1,DDKK01000010.1_69_A,C,C,C,Q,H,C,H,DDKK01000010.1_69,24.0
GB_GCA_002382085.1,DFZK01000002.1_50_A,C,C,C,Q,H,C,H,DFZK01000002.1_50,24.0
GB_GCA_002841765.1,PHAV01000014.1_64_A,C,C,C,Q,H,C,H,PHAV01000014.1_64,24.0
GB_GCA_004284765.1,NQJD01000006.1_24_A,C,C,C,Q,H,C,H,NQJD01000006.1_24,24.0
GB_GCA_013693955.1,CP059265.1_2628_A,C,C,C,Q,H,C,H,CP059265.1_2628,24.0
GB_GCA_016285835.1,JAEERM010000174.1_2_A,C,C,C,W,F,C,T,JAEERM010000174.1_2,19.0
GB_GCA_016790045.1,JAEUPW010000145.1_24_A,C,C,C,Q,H,C,H,JAEUPW010000145.1_24,24.0
GB_GCA_017479805.1,JAFVBU010000074.1_3_A,C,C,C,W,F,C,A,JAFVBU010000074.1_3,19.0
GB_GCA_021802645.1,JAJZRO010000017.1_10_A,C,C,C,Q,H,C,H,JAJZRO010000017.1_10,24.0
GB_GCA_023461435.1,JAEYLC010000010.1_338_A,C,C,C,Q,H,C,H,JAEYLC010000010.1_338,24.0
GB_GCA_026415135.1,JAOAHS010000021.1_28_A,C,C,C,Q,H,C,H,JAOAHS010000021.1_28,24.0
GB_GCA_028280105.1,JANQML010000270.1_8_A,C,C,C,Q,H,C,H,JANQML010000270.1_8,24.0
GB_GCA_029781535.1,JAKOWL010000187.1_38_A,C,C,C,Q,H,C,H,JAKOWL010000187.1_38,24.0
GB_GCA_031281485.1,JAITFI010000102.1_5_A,C,C,C,Q,H,C,H,JAITFI010000102.1_5,24.0
GB_GCA_034189035.1,JAXHVA010000016.1_36_A,C,C,C,Q,H,C,H,JAXHVA010000016.1_36,24.0
GB_GCA_037479115.1,JBBFLK010000007.1_5_A,C,C,C,Q,H,C,H,JBBFLK010000007.1_5,24.0
GB_GCA_040755195.1,JBFMBL010000017.1_12_A,C,C,C,Q,H,C,H,JBFMBL010000017.1_12,24.0
GB_GCA_046599375.1,JBKIWM010000002.1_44_A,C,C,C,Q,H,C,H,JBKIWM010000002.1_44,24.0
GB_GCA_963662475.2,CAXXUE010000016.1_96_A,C,C,C,Q,H,C,H,CAXXUE010000016.1_96,24.0
GB_GCA_963676095.1,OY781040.1_3055_A,C,C,C,Q,H,C,H,OY781040.1_3055,24.0
GB_GCA_963777595.1,CAVZRE010000087.1_32_A,C,C,C,Q,H,C,H,CAVZRE010000087.1_32,24.0
GB_GCA_963826885.1,CAWGYL010000003.1_23_A,C,C,C,Q,H,C,H,CAWGYL010000003.1_23,24.0
GB_GCA_963929765.1,CAWVKD010000054.1_23_A,C,C,C,-,W,S,N,CAWVKD010000054.1_23,15.0
GB_GCA_964454745.1,CAYVUI010000095.1_5_A,C,C,C,Q,H,C,H,CAYVUI010000095.1_5,24.0
GB_GCA_964540615.1,CAZINN010000032.1_20_A,C,C,C,Q,H,C,H,CAZINN010000032.1_20,24.0
GB_GCA_964631555.1,CAZVYR010000237.1_3_A,C,C,C,Q,H,C,H,CAZVYR010000237.1_3,24.0
RS_GCF_000018545.1,NC_000914.2_116_A,C,C,C,Q,H,C,H,NC_000914.2_116,24.0
RS_GCF_000429645.1,NZ_AUCG01000004.1_8_A,C,C,C,Q,H,C,H,NZ_AUCG01000004.1_8,24.0
RS_GCF_001904655.1,NZ_MRCC01000005.1_255_A,C,C,C,Q,H,C,H,NZ_MRCC01000005.1_255,24.0
RS_GCF_002149925.1,NZ_MSLT01000006.1_366_A,C,C,C,Q,H,C,H,NZ_MSLT01000006.1_366,24.0
RS_GCF_002891535.1,NZ_PDZR01000001.1_369_A,C,C,C,Q,H,C,H,NZ_PDZR01000001.1_369,24.0
RS_GCF_003053725.1,NZ_QAYC01000001.1_255_A,C,C,C,Q,H,C,H,NZ_QAYC01000001.1_255,24.0
RS_GCF_004016445.2,NZ_SADT02000011.1_20_A,C,C,C,Q,H,C,H,NZ_SADT02000011.1_20,24.0
RS_GCF_017469785.1,NZ_JAFUFU010000003.1_100_A,C,C,C,H,Y,C,H,NZ_JAFUFU010000003.1_100,21.0
RS_GCF_022267315.1,NZ_JAIKLE010000035.1_38_A,C,C,C,Q,H,C,H,NZ_JAIKLE010000035.1_38,24.0
RS_GCF_025961475.1,NZ_JAOQNS010000003.1_197_A,C,C,C,Q,H,C,H,NZ_JAOQNS010000003.1_197,24.0
RS_GCF_030409635.1,NZ_JAUFQF010000004.1_2299_A,C,C,C,Q,H,C,H,NZ_JAUFQF010000004.1_2299,24.0
RS_GCF_037902255.1,NZ_CP147990.1_2793_A,C,C,C,Q,H,C,H,NZ_CP147990.1_2793,24.0
RS_GCF_050565595.1,NZ_JBNXVR010000026.1_53_A,C,C,C,Q,H,C,H,NZ_JBNXVR010000026.1_53,24.0
RS_GCF_002243045.1,NZ_MBKP01000025.1_18_A,C,C,C,Q,H,C,H,NZ_MBKP01000025.1_18,24.0
GB_GCA_015228695.1,JADGDA010000015.1_17_A,C,C,C,Q,H,C,H,JADGDA010000015.1_17,24.0
GB_GCA_018820855.1,JAHJNL010000086.1_62_A,C,C,C,Q,H,C,H,JAHJNL010000086.1_62,24.0
GB_GCA_020851735.1,JADZCD010000028.1_28_A,C,C,C,Q,H,C,H,JADZCD010000028.1_28,24.0
GB_GCA_023412665.1,JAEZCA010000035.1_216_A,C,C,C,Q,H,C,H,JAEZCA010000035.1_216,24.0
GB_GCA_040222015.1,JAVJWO010000080.1_7_A,C,C,C,Q,H,C,H,JAVJWO010000080.1_7,24.0
GB_GCA_040755195.1,JBFMBL010000017.1_14_A,C,C,C,Q,H,C,F,JBFMBL010000017.1_14,22.0
GB_GCA_041481895.1,JBGPCQ010000127.1_3_A,C,C,C,Q,H,C,H,JBGPCQ010000127.1_3,24.0
GB_GCA_041662325.1,JBAZSU010000003.1_135_A,C,C,C,Q,H,C,H,JBAZSU010000003.1_135,24.0
GB_GCA_041909135.1,JAYREA010000015.1_59_A,C,C,C,Q,H,C,H,JAYREA010000015.1_59,24.0
GB_GCA_937928665.1,CALFVM010000302.1_7_A,C,C,C,Q,H,C,H,CALFVM010000302.1_7,24.0
GB_GCA_947084955.1,CAMTUO010000004.1_20_A,C,C,C,Q,H,C,H,CAMTUO010000004.1_20,24.0
GB_GCA_963666545.1,OY762899.1_456_A,C,C,C,Q,H,C,H,OY762899.1_456,24.0
GB_GCA_963677945.1,OY782578.1_652_A,C,C,C,Q,H,C,H,OY782578.1_652,24.0
GB_GCA_963754865.1,CAVWHG010000019.1_86_A,C,C,C,Q,H,C,H,CAVWHG010000019.1_86,24.0
GB_GCA_964428015.1,CAYRWR010000004.1_55_A,C,C,C,Q,H,C,H,CAYRWR010000004.1_55,24.0
GB_GCA_964481035.1,CAYZSE010000042.1_8_A,C,C,C,Q,H,C,H,CAYZSE010000042.1_8,24.0
GB_GCA_964513965.1,CAZEOO010000001.1_314_A,C,C,C,Q,H,C,H,CAZEOO010000001.1_314,24.0
GB_GCA_964608835.1,CAZSPN010000056.1_5_A,C,C,C,Q,H,C,H,CAZSPN010000056.1_5,24.0
RS_GCF_000807255.1,NZ_CP009268.1_3299_A,C,C,C,W,F,C,A,NZ_CP009268.1_3299,19.0
RS_GCF_001238275.1,NZ_LGTB01000010.1_75_A,C,C,C,Q,H,C,H,NZ_LGTB01000010.1_75,24.0
RS_GCF_002307355.1,NZ_CP017481.1_3765_A,C,C,C,Q,H,C,H,NZ_CP017481.1_3765,24.0
RS_GCF_009362785.1,NZ_WHNQ01000029.1_66_A,C,C,C,Q,H,C,H,NZ_WHNQ01000029.1_66,24.0
RS_GCF_013201825.1,NZ_CP053836.1_62_A,C,C,C,Q,H,C,H,NZ_CP053836.1_62,24.0
RS_GCF_014197535.1,NZ_JACIFV010000011.1_147_A,C,C,C,Q,H,C,H,NZ_JACIFV010000011.1_147,24.0
RS_GCF_029872055.1,NZ_JARXNQ010000006.1_65_A,C,C,C,Q,H,C,H,NZ_JARXNQ010000006.1_65,24.0
RS_GCF_033977345.1,NZ_JAVIIY010000025.1_21_A,C,C,C,Q,H,C,H,NZ_JAVIIY010000025.1_21,24.0
RS_GCF_042659005.1,NZ_JBHSRL010000020.1_45_A,C,C,C,Q,H,C,H,NZ_JBHSRL010000020.1_45,24.0
RS_GCF_045278715.1,NZ_CP136420.1_316_A,-,C,C,Q,H,C,H,NZ_CP136420.1_316,20.0
RS_GCF_050565645.1,NZ_JBNXVP010000051.1_38_A,C,C,C,Q,H,C,H,NZ_JBNXVP010000051.1_38,24.0
RS_GCF_963676065.1,NZ_OY780933.1_299_A,C,C,C,Q,H,C,H,NZ_OY780933.1_299,24.0
GB_GCA_033485155.1,JAWQJJ010000001.1_236_A,C,C,C,Q,H,C,H,JAWQJJ010000001.1_236,24.0
RS_GCF_002287175.1,NZ_LMVM01000041.1_91_A,C,C,C,Q,H,C,H,NZ_LMVM01000041.1_91,24.0
GB_GCA_003508005.1,DNUE01000066.1_21_A,C,C,C,Q,H,C,H,DNUE01000066.1_21,24.0
GB_GCA_009929215.1,SAAX01000026.1_9_A,C,C,C,Q,H,C,H,SAAX01000026.1_9,24.0
GB_GCA_012033595.1,JAAUQL010000095.1_9_A,C,C,C,Q,H,C,H,JAAUQL010000095.1_9,24.0
GB_GCA_013791855.1,VMTA01000004.1_19_A,C,C,C,Q,H,C,H,VMTA01000004.1_19,24.0
GB_GCA_016212925.1,JACRDF010000024.1_66_A,C,C,C,Q,H,C,H,JACRDF010000024.1_66,24.0
GB_GCA_016937935.1,JAFGVO010000460.1_4_A,C,C,C,Q,H,C,H,JAFGVO010000460.1_4,24.0
GB_GCA_017743475.1,JAGHYV010000095.1_5_A,C,C,C,Q,H,C,H,JAGHYV010000095.1_5,24.0
GB_GCA_020851955.1,JADZBU010000087.1_10_A,C,C,C,Q,H,C,H,JADZBU010000087.1_10,24.0
GB_GCA_021847015.1,JAJZVW010000033.1_20_A,C,C,C,Q,H,C,H,JAJZVW010000033.1_20,24.0
GB_GCA_023400055.1,JAEXFN010000017.1_91_A,C,C,C,Q,H,C,H,JAEXFN010000017.1_91,24.0
GB_GCA_023424995.1,JAFADH010000362.1_23_A,C,C,C,W,F,C,-,JAFADH010000362.1_23,18.0
GB_GCA_023461435.1,JAEYLC010000034.1_26_A,C,C,C,W,F,C,-,JAEYLC010000034.1_26,18.0
GB_GCA_034189165.1,JAXHVN010000023.1_3_A,C,C,C,Q,H,C,H,JAXHVN010000023.1_3,24.0
GB_GCA_035702405.1,DASSQR010000007.1_11_A,C,C,C,Q,H,C,H,DASSQR010000007.1_11,24.0
GB_GCA_039024555.1,JBCCQQ010000059.1_26_A,C,C,C,Q,H,C,H,JBCCQQ010000059.1_26,24.0
GB_GCA_041662485.1,JBAZSJ010000036.1_8_A,C,C,C,Q,H,C,H,JBAZSJ010000036.1_8,24.0
GB_GCA_043821985.1,JBDRCF010000015.1_17_A,C,C,C,Q,H,C,H,JBDRCF010000015.1_17,24.0
GB_GCA_050251875.1,JBFWMA010000005.1_189_A,C,C,C,Q,H,C,H,JBFWMA010000005.1_189,24.0
GB_GCA_052144015.1,JBKQRG010000097.1_10_A,C,C,C,Q,H,C,H,JBKQRG010000097.1_10,24.0
GB_GCA_900318545.1,ONLC01000005.1_11_A,C,C,C,W,F,C,-,ONLC01000005.1_11,18.0
GB_GCA_947085235.1,CAMTVS010000026.1_48_A,C,C,C,Q,H,C,H,CAMTVS010000026.1_48,24.0
GB_GCA_963677955.2,CAXXQR010000001.1_2130_A,C,C,C,Q,H,C,H,CAXXQR010000001.1_2130,24.0
GB_GCA_963709655.1,CAVPXF010000014.1_157_A,C,C,C,Q,H,C,H,CAVPXF010000014.1_157,24.0
GB_GCA_963777875.1,CAVZSK010000031.1_67_A,C,C,C,Q,H,C,H,CAVZSK010000031.1_67,24.0
GB_GCA_964346545.1,CAYFVR010000017.1_14_A,C,C,C,Q,H,C,H,CAYFVR010000017.1_14,24.0
GB_GCA_964541225.1,CAZIPN010000004.1_26_A,C,C,C,Q,H,C,H,CAZIPN010000004.1_26,24.0
GB_GCA_964657905.1,CAZZXJ010000136.1_8_A,C,C,C,Q,H,C,H,CAZZXJ010000136.1_8,24.0
RS_GCF_000520815.1,NZ_ASRY01000109.1_15_A,C,C,C,Q,H,C,H,NZ_ASRY01000109.1_15,24.0
RS_GCF_001262605.1,NZ_LGTC01000001.1_5340_A,C,C,C,Q,H,C,H,NZ_LGTC01000001.1_5340,24.0
RS_GCF_001517085.1,NZ_LRAC01000151.1_34_A,C,C,C,Q,H,C,H,NZ_LRAC01000151.1_34,24.0
RS_GCF_003284725.1,NZ_PGTO01000005.1_218_A,C,C,C,Q,H,C,H,NZ_PGTO01000005.1_218,24.0
RS_GCF_003722355.1,NZ_QWDD01000001.1_789_A,C,C,C,Q,H,C,H,NZ_QWDD01000001.1_789,24.0
RS_GCF_018223745.1,NZ_CP073653.1_1987_A,C,C,C,Q,H,C,H,NZ_CP073653.1_1987,24.0
RS_GCF_030412785.1,NZ_CP125297.1_512_A,C,C,C,Q,H,C,H,NZ_CP125297.1_512,24.0
RS_GCF_034006065.1,NZ_JAVETM010000066.1_2_A,C,C,C,Q,H,C,H,NZ_JAVETM010000066.1_2,24.0
RS_GCF_041595635.1,NZ_JBFHJW010000001.1_50_A,C,C,C,Q,H,C,H,NZ_JBFHJW010000001.1_50,24.0
RS_GCF_042661195.1,NZ_JBHSVQ010000001.1_1640_A,C,C,C,Q,H,C,H,NZ_JBHSVQ010000001.1_1640,24.0
RS_GCF_045278715.1,NZ_CP136420.1_318_A,C,C,C,Q,H,C,F,NZ_CP136420.1_318,22.0
RS_GCF_047276495.1,NZ_CP178543.1_2064_A,C,C,C,Q,H,C,H,NZ_CP178543.1_2064,24.0
RS_GCF_048590325.1,NZ_JBMBRA010000001.1_94_A,C,C,C,Q,H,C,H,NZ_JBMBRA010000001.1_94,24.0
RS_GCF_900115975.1,NZ_FOYM01000036.1_9_A,C,C,C,Q,H,C,H,NZ_FOYM01000036.1_9,24.0
RS_GCF_900167085.1,NZ_FUXA01000004.1_88_A,C,C,C,W,F,C,-,NZ_FUXA01000004.1_88,18.0
RS_GCF_000008645.1,NC_000916.1_1526_A,C,C,C,Q,H,C,H,NC_000916.1_1526,24.0
RS_GCF_030055425.1,NZ_JASFYE010000002.1_175_A,C,C,C,Q,H,C,H,NZ_JASFYE010000002.1_175,24.0
GB_GCA_001783695.1,MFNE01000038.1_26_A,C,C,C,Q,H,C,H,MFNE01000038.1_26,24.0
GB_GCA_002841885.1,PHBE01000015.1_80_A,C,C,C,Q,H,C,H,PHBE01000015.1_80,24.0
GB_GCA_013203905.1,JABMPC010000075.1_74_A,C,C,C,Q,H,C,H,JABMPC010000075.1_74,24.0
GB_GCA_015228815.1,JADGCV010000028.1_19_A,C,C,C,Q,H,C,H,JADGCV010000028.1_19,24.0
GB_GCA_016212935.1,JACRDE010000486.1_8_A,C,C,C,Q,H,C,H,JACRDE010000486.1_8,24.0
GB_GCA_018241665.1,JAFEDK010000030.1_50_A,C,C,C,Q,H,C,H,JAFEDK010000030.1_50,24.0
GB_GCA_021780495.1,JAJXYO010000032.1_9_A,C,C,C,Q,H,C,H,JAJXYO010000032.1_9,24.0
GB_GCA_026415155.1,JAOAHQ010000035.1_30_A,C,C,C,Q,H,C,H,JAOAHQ010000035.1_30,24.0
GB_GCA_030651575.1,JAUSFB010000068.1_129_A,C,C,C,Q,H,C,H,JAUSFB010000068.1_129,24.0
GB_GCA_031274495.1,JAISQB010000025.1_33_A,C,C,C,Q,H,C,H,JAISQB010000025.1_33,24.0
GB_GCA_031628995.1,JAVLUO010000001.1_421_A,C,C,C,Q,H,C,H,JAVLUO010000001.1_421,24.0
GB_GCA_035285345.1,JAYKJH010000261.1_29_A,C,C,C,Q,H,C,H,JAYKJH010000261.1_29,24.0
GB_GCA_036525635.1,DATCZZ010000335.1_4_A,C,C,C,Q,H,C,H,DATCZZ010000335.1_4,24.0
GB_GCA_038249465.1,JBBRWD010000012.1_18_A,C,C,C,Q,H,C,H,JBBRWD010000012.1_18,24.0
GB_GCA_039024555.1,JBCCQQ010000071.1_19_A,C,C,C,Q,H,C,H,JBCCQQ010000071.1_19,24.0
GB_GCA_039715055.1,JBDLID010000144.1_6_A,C,C,C,Q,H,C,H,JBDLID010000144.1_6,24.0
GB_GCA_041484725.1,JBGPID010000065.1_6_A,C,C,C,Q,H,C,H,JBGPID010000065.1_6,24.0
GB_GCA_041910275.1,JAYRRD010000216.1_4_A,C,C,C,Q,H,C,H,JAYRRD010000216.1_4,24.0
GB_GCA_050295955.1,JBNKQQ010000022.1_31_A,C,C,C,Q,H,C,H,JBNKQQ010000022.1_31,24.0
GB_GCA_903820085.1,CAIJGA010000021.1_14_A,C,C,C,Q,H,C,H,CAIJGA010000021.1_14,24.0
GB_GCA_903896745.1,CAITZA010000458.1_3_A,C,C,C,Q,H,C,H,CAITZA010000458.1_3,24.0
GB_GCA_903927945.1,CAIYOZ010000087.1_9_A,C,C,C,Q,H,C,H,CAIYOZ010000087.1_9,24.0
GB_GCA_963676205.2,CAXXUS010000004.1_1517_A,C,C,C,Q,H,C,H,CAXXUS010000004.1_1517,24.0
GB_GCA_963709745.1,CAVPXN010000017.1_183_A,C,C,C,Q,H,C,H,CAVPXN010000017.1_183,24.0
GB_GCA_964573705.1,CAZNLT010000217.1_4_A,C,C,C,Q,H,C,H,CAZNLT010000217.1_4,24.0
RS_GCF_000214375.1,NC_015578.1_1136_A,C,C,C,Q,H,C,H,NC_015578.1_1136,24.0
RS_GCF_000807255.1,NZ_CP009268.1_3303_A,C,C,C,W,F,C,V,NZ_CP009268.1_3303,19.0
RS_GCF_001687105.1,NZ_CP014595.1_38_A,C,C,C,Q,H,C,H,NZ_CP014595.1_38,24.0
RS_GCF_003056725.1,NZ_QBKZ01000024.1_186_A,C,C,C,Q,H,C,H,NZ_QBKZ01000024.1_186,24.0
RS_GCF_005153485.1,NZ_CP039740.1_561_A,C,C,C,Q,H,C,H,NZ_CP039740.1_561,24.0
RS_GCF_013204885.1,NZ_JABMKX010000005.1_209_A,C,C,C,Q,H,C,H,NZ_JABMKX010000005.1_209,24.0
RS_GCF_014873765.1,NZ_JADBGG010000010.1_47_A,C,C,C,Q,H,C,H,NZ_JADBGG010000010.1_47,24.0
RS_GCF_020908015.1,NZ_JAJJPB010000006.1_13_A,C,C,C,Q,H,C,H,NZ_JAJJPB010000006.1_13,24.0
RS_GCF_022267535.1,NZ_JAHNZV010000015.1_9_A,C,C,C,Q,H,C,H,NZ_JAHNZV010000015.1_9,24.0
RS_GCF_024460775.1,NZ_JANFYZ010000001.1_476_A,C,C,C,Q,H,C,H,NZ_JANFYZ010000001.1_476,24.0
RS_GCF_037935975.1,NZ_CP149817.1_2903_A,C,C,C,Q,H,C,H,NZ_CP149817.1_2903,24.0
RS_GCF_900116195.1,NZ_FOZW01000002.1_324_A,C,C,C,Q,H,C,H,NZ_FOZW01000002.1_324,24.0
GB_GCA_000953215.1,LM995447.1_822_A,C,C,C,W,F,C,-,LM995447.1_822,18.0
GB_GCA_002281735.1,NCGK01000014.1_4_A,C,C,C,Q,H,C,H,NCGK01000014.1_4,24.0
GB_GCA_016937945.1,JAFGVP010000102.1_93_A,C,C,C,Q,H,C,H,JAFGVP010000102.1_93,24.0
GB_GCA_018241685.1,JAFEDJ010000013.1_161_A,C,C,C,Q,H,C,H,JAFEDJ010000013.1_161,24.0
GB_GCA_021802655.1,JAJZRP010000015.1_23_A,C,C,C,Q,H,C,H,JAJZRP010000015.1_23,24.0
GB_GCA_021847015.1,JAJZVW010000064.1_6_A,C,C,C,Q,H,C,H,JAJZVW010000064.1_6,24.0
GB_GCA_026415315.1,JAOAHI010000015.1_4_A,C,C,C,Q,H,C,H,JAOAHI010000015.1_4,24.0
GB_GCA_028280505.1,JANQLO010000006.1_33_A,C,C,C,Q,H,C,H,JANQLO010000006.1_33,24.0
GB_GCA_029858425.1,JAOUFE010000039.1_18_A,C,C,C,Q,H,C,H,JAOUFE010000039.1_18,24.0
GB_GCA_030824555.1,JAVBXK010000036.1_24_A,C,C,C,Q,H,C,H,JAVBXK010000036.1_24,24.0
GB_GCA_031269635.1,JAISYY010000288.1_6_A,C,C,C,Q,H,C,H,JAISYY010000288.1_6,24.0
GB_GCA_034189185.1,JAXHVM010000134.1_3_A,C,C,C,Q,H,C,H,JAXHVM010000134.1_3,24.0
GB_GCA_039715075.1,JBDLIC010000007.1_35_A,C,C,C,Q,H,C,H,JBDLIC010000007.1_35,24.0
GB_GCA_041662605.1,JBAZSD010000006.1_62_A,C,C,C,Q,H,C,H,JBAZSD010000006.1_62,24.0
GB_GCA_043824835.1,JBDRSO010000109.1_53_A,C,C,C,Q,H,C,H,JBDRSO010000109.1_53,24.0
GB_GCA_049696835.1,JBAVUP010000129.1_6_A,C,C,C,Q,H,C,H,JBAVUP010000129.1_6,24.0
GB_GCA_051007495.1,JBPCSC010000064.1_16_A,C,C,C,Q,H,C,H,JBPCSC010000064.1_16,24.0
GB_GCA_900319075.1,ONMZ01000011.1_34_A,C,C,C,W,F,C,-,ONMZ01000011.1_34,18.0
GB_GCA_903822005.1,CAIJNL010000041.1_37_A,C,C,C,Q,H,C,H,CAIJNL010000041.1_37,24.0
GB_GCA_903859055.1,CAIOLC010000177.1_16_A,C,C,C,Q,H,C,H,CAIOLC010000177.1_16,24.0
GB_GCA_937930495.1,CALGKL010000173.1_4_A,C,C,C,Q,H,C,H,CALGKL010000173.1_4,24.0
GB_GCA_963666615.1,OY762907.1_858_A,C,C,C,Q,H,C,H,OY762907.1_858,24.0
GB_GCA_963754875.1,CAVWHO010000016.1_232_A,C,C,C,Q,H,C,H,CAVWHO010000016.1_232,24.0
GB_GCA_964428565.1,CAYRYV010000007.1_48_A,C,C,C,Q,H,C,H,CAYRYV010000007.1_48,24.0
GB_GCA_964609115.1,CAZSRN010000003.1_8_A,C,C,C,Q,H,C,H,CAZSRN010000003.1_8,24.0
GB_GCA_964631685.1,CAZVZU010000002.1_212_A,C,C,C,Q,H,C,H,CAZVZU010000002.1_212,24.0
GB_GCA_965662645.1,CBFIII010000022.1_21_A,C,C,C,Q,H,C,H,CBFIII010000022.1_21,24.0
RS_GCF_000155555.1,NZ_DS989843.1_33_A,C,C,C,Q,H,C,H,NZ_DS989843.1_33,24.0
RS_GCF_000272475.1,NZ_AKFJ01000028.1_59_A,C,C,C,Q,H,C,H,NZ_AKFJ01000028.1_59,24.0
RS_GCF_000429665.1,NZ_AUCH01000018.1_24_A,C,C,C,Q,H,C,H,NZ_AUCH01000018.1_24,24.0
RS_GCF_000705555.1,NZ_JMQN01000047.1_24_A,C,C,C,Q,H,C,H,NZ_JMQN01000047.1_24,24.0
RS_GCF_002312815.1,NZ_NKQJ01000002.1_145_A,C,C,C,Q,H,C,H,NZ_NKQJ01000002.1_145,24.0
RS_GCF_014641945.1,NZ_BMIJ01000004.1_159_A,C,C,C,Q,H,C,H,NZ_BMIJ01000004.1_159,24.0
RS_GCF_016865525.2,NZ_CP075169.1_2761_A,C,C,C,Q,H,C,H,NZ_CP075169.1_2761,24.0
RS_GCF_018919385.1,NZ_JAHLMF010000010.1_65_A,C,C,C,Q,H,C,H,NZ_JAHLMF010000010.1_65,24.0
RS_GCF_041596335.1,NZ_JBFHIT010000007.1_9_A,C,C,C,Q,H,C,H,NZ_JBFHIT010000007.1_9,24.0
RS_GCF_963676325.2,NZ_OY781098.2_116_A,C,C,C,Q,H,C,H,NZ_OY781098.2_116,24.0
RS_GCF_002287235.1,NZ_LMVP01000001.1_11_A,C,C,C,Q,H,C,H,NZ_LMVP01000001.1_11,24.0
RS_GCF_030055435.1,NZ_JASFYG010000002.1_166_A,C,C,C,Q,H,C,H,NZ_JASFYG010000002.1_166,24.0
GB_GCA_002340095.1,DDKS01000006.1_107_A,C,C,C,Q,H,C,H,DDKS01000006.1_107,24.0
GB_GCA_002382325.1,DGAG01000011.1_40_A,C,C,C,Q,H,C,H,DGAG01000011.1_40,24.0
GB_GCA_004292755.1,RDXE01000055.1_42_A,C,C,C,Q,H,C,H,RDXE01000055.1_42,24.0
GB_GCA_012034575.1,JAAUPF010000091.1_18_A,C,C,C,Q,H,C,H,JAAUPF010000091.1_18,24.0
GB_GCA_017746715.1,JAGHZQ010000053.1_78_A,C,C,C,Q,H,C,H,JAGHZQ010000053.1_78,24.0
GB_GCA_021780695.1,JAJXYD010000044.1_8_A,C,C,C,Q,H,C,H,JAJXYD010000044.1_8,24.0
GB_GCA_023390635.1,JAEWCM010000105.1_5_A,C,C,C,W,F,C,A,JAEWCM010000105.1_5,19.0
GB_GCA_023412915.1,JAEZRE010000010.1_37_A,C,C,C,Q,H,C,H,JAEZRE010000010.1_37,24.0
GB_GCA_023436885.1,JAEZHI010000007.1_29_A,C,C,C,Q,H,C,H,JAEZHI010000007.1_29,24.0
GB_GCA_023474025.1,JAMCYH010000319.1_18_A,C,C,C,Q,H,C,H,JAMCYH010000319.1_18,24.0
GB_GCA_028689025.1,JAQTXA010000003.1_150_A,C,C,C,Q,H,C,H,JAQTXA010000003.1_150,24.0
GB_GCA_030148865.1,JASBSR010000041.1_70_A,C,C,C,Q,H,C,H,JASBSR010000041.1_70,24.0
GB_GCA_031269825.1,JAISYP010000027.1_4_A,C,C,C,Q,H,C,H,JAISYP010000027.1_4,24.0
GB_GCA_034189195.1,JAXHVI010000265.1_8_A,C,C,C,Q,H,C,H,JAXHVI010000265.1_8,24.0
GB_GCA_036526075.1,DATCZD010000002.1_16_A,C,C,C,Q,H,C,H,DATCZD010000002.1_16,24.0
GB_GCA_040755275.1,JBFMBE010000057.1_6_A,C,C,C,Q,H,C,H,JBFMBE010000057.1_6,24.0
GB_GCA_044440125.1,JBITAJ010000029.1_291_A,C,C,C,Q,H,C,H,JBITAJ010000029.1_291,24.0
GB_GCA_046704045.1,JBJKSM010000174.1_11_A,C,C,C,Q,H,C,H,JBJKSM010000174.1_11,24.0
GB_GCA_048571215.1,CP182352.1_2900_A,C,C,C,Q,H,C,H,CP182352.1_2900,24.0
GB_GCA_902780505.1,CACZFN010000023.1_6_A,C,C,C,W,F,C,I,CACZFN010000023.1_6,19.0
GB_GCA_903927955.1,CAIYOW010000038.1_6_A,C,C,C,Q,H,C,H,CAIYOW010000038.1_6,24.0
GB_GCA_947085345.1,CAMTWC010000022.1_5_A,C,C,C,Q,H,C,H,CAMTWC010000022.1_5,24.0
GB_GCA_963662515.1,OY759675.1_1372_A,C,C,C,Q,H,C,H,OY759675.1_1372,24.0
GB_GCA_963676215.2,CAXXVT010000031.1_54_A,C,C,C,Q,H,C,H,CAXXVT010000031.1_54,24.0
GB_GCA_963678035.1,OY782666.1_2144_A,C,C,C,Q,H,C,H,OY782666.1_2144,24.0
GB_GCA_963733265.1,CAVTCF010000005.1_77_A,C,C,C,Q,H,C,H,CAVTCF010000005.1_77,24.0
GB_GCA_963754915.1,CAVWHZ010000016.1_84_A,C,C,C,Q,H,C,H,CAVWHZ010000016.1_84,24.0
GB_GCA_964402355.1,CAYOCB010000003.1_368_A,C,C,C,Q,H,C,H,CAYOCB010000003.1_368,24.0
RS_GCF_000019165.1,NC_010337.2_990_A,C,C,C,Q,H,C,H,NC_010337.2_990,24.0
RS_GCF_000332335.1,NZ_KB235948.1_1851_A,C,C,C,Q,H,C,H,NZ_KB235948.1_1851,24.0
RS_GCF_000389635.1,NC_021182.1_4021_A,C,C,C,W,F,C,V,NC_021182.1_4021,19.0
RS_GCF_001904725.1,NZ_MRCE01000006.1_228_A,C,C,C,Q,H,C,H,NZ_MRCE01000006.1_228,24.0
RS_GCF_002896855.1,NZ_CP021850.1_1013_A,C,C,C,Q,H,C,H,NZ_CP021850.1_1013,24.0
RS_GCF_004017535.1,NZ_SAJS01000021.1_52_A,C,C,C,Q,H,C,H,NZ_SAJS01000021.1_52,24.0
RS_GCF_007830295.1,NZ_VLKC01000002.1_1168_A,C,C,C,Q,H,C,H,NZ_VLKC01000002.1_1168,24.0
RS_GCF_009362815.1,NZ_WHNX01000037.1_10_A,C,C,C,Q,H,C,H,NZ_WHNX01000037.1_10,24.0
RS_GCF_009877425.1,NZ_WXEY01000004.1_10_A,C,C,C,Q,H,C,H,NZ_WXEY01000004.1_10,24.0
RS_GCF_011761565.1,NZ_JAASRM010000001.1_2485_A,C,C,C,Q,H,C,H,NZ_JAASRM010000001.1_2485,24.0
RS_GCF_028128765.1,NZ_LBJG01000092.1_110_A,C,C,C,Q,H,C,H,NZ_LBJG01000092.1_110,24.0
RS_GCF_031296915.1,NZ_JAVDPC010000013.1_84_A,C,C,C,Q,H,C,H,NZ_JAVDPC010000013.1_84,24.0
RS_GCF_034006445.1,NZ_JAVESS010000012.1_53_A,C,C,C,Q,H,C,H,NZ_JAVESS010000012.1_53,24.0
RS_GCF_041596795.1,NZ_JBFHHX010000008.1_42_A,C,C,C,Q,H,C,H,NZ_JBFHHX010000008.1_42,24.0
RS_GCF_047300855.1,NZ_CP170197.1_2327_A,C,C,C,Q,H,C,H,NZ_CP170197.1_2327,24.0
RS_GCF_900167115.1,NZ_FUXZ01000006.1_16_A,C,C,C,W,F,C,V,NZ_FUXZ01000006.1_16,19.0
GB_GCA_964399685.1,CAYNTD010000002.1_3_A,C,C,C,Q,H,C,H,CAYNTD010000002.1_3,24.0
GB_GCA_000961575.1,LADP01000032.1_46_A,C,C,C,Q,H,C,H,LADP01000032.1_46,24.0
GB_GCA_001783715.1,MFNF01000004.1_34_A,C,C,C,Q,H,C,H,MFNF01000004.1_34,24.0
GB_GCA_002434335.1,DJJW01000023.1_5_A,C,C,C,Q,H,C,H,DJJW01000023.1_5,24.0
GB_GCA_003512645.1,DOPS01000096.1_12_A,C,C,C,Q,H,C,H,DOPS01000096.1_12,24.0
GB_GCA_009929855.1,RZZN01000072.1_6_A,C,C,C,Q,H,C,H,RZZN01000072.1_6,24.0
GB_GCA_013791885.1,VMSZ01000021.1_12_A,C,C,C,Q,H,C,H,VMSZ01000021.1_12,24.0
GB_GCA_015228925.1,JADGCQ010000067.1_3_A,C,C,C,Q,H,C,H,JADGCQ010000067.1_3,24.0
GB_GCA_015655075.1,JAATFT010000030.1_9_A,C,C,C,Q,H,C,H,JAATFT010000030.1_9,24.0
GB_GCA_018820925.1,JAHJNJ010000024.1_60_A,C,C,C,Q,H,C,H,JAHJNJ010000024.1_60,24.0
GB_GCA_021780905.1,JAJXXW010000012.1_5_A,C,C,C,Q,H,C,H,JAJXXW010000012.1_5,24.0
GB_GCA_024682075.1,JAIKZQ010000021.1_55_A,C,C,C,W,F,C,-,JAIKZQ010000021.1_55,18.0
GB_GCA_030148915.1,JASBSN010000027.1_3_A,C,C,C,Q,H,C,H,JASBSN010000027.1_3,24.0
GB_GCA_030651895.1,JAUSBR010000011.1_90_A,C,C,C,Q,H,C,H,JAUSBR010000011.1_90,24.0
GB_GCA_031281735.1,JAITEZ010000129.1_11_A,C,C,C,Q,H,C,H,JAITEZ010000129.1_11,24.0
GB_GCA_035538795.1,DATLJS010000038.1_78_A,C,C,C,Q,H,C,H,DATLJS010000038.1_78,24.0
GB_GCA_036526255.1,DATCYW010000089.1_18_A,C,C,C,Q,H,C,H,DATCYW010000089.1_18,24.0
GB_GCA_037623315.1,JBBJJH010000037.1_5_A,C,C,C,Q,H,C,H,JBBJJH010000037.1_5,24.0
GB_GCA_038249935.1,JBBSCU010000031.1_22_A,C,C,C,Q,H,C,H,JBBSCU010000031.1_22,24.0
GB_GCA_040235505.1,JBECKW010000209.1_13_A,C,C,C,Q,H,C,H,JBECKW010000209.1_13,24.0
GB_GCA_043825875.1,JBDRRF010000005.1_59_A,C,C,C,Q,H,C,H,JBDRRF010000005.1_59,24.0
GB_GCA_046704385.1,JBJKSB010000078.1_11_A,C,C,C,Q,H,C,H,JBJKSB010000078.1_11,24.0
GB_GCA_050295975.1,JBNKQR010000044.1_20_A,C,C,C,Q,H,C,H,JBNKQR010000044.1_20,24.0
GB_GCA_963662565.2,CAXXXG010000028.1_437_A,C,C,C,Q,H,C,H,CAXXXG010000028.1_437,24.0
GB_GCA_963709755.1,CAVPXO010000012.1_257_A,C,C,C,Q,H,C,H,CAVPXO010000012.1_257,24.0
GB_GCA_963974645.1,CAXBEA010000036.1_21_A,C,C,C,Q,H,C,H,CAXBEA010000036.1_21,24.0
GB_GCA_964346755.1,CAYFWJ010000053.1_6_A,C,C,C,Q,H,C,H,CAYFWJ010000053.1_6,24.0
RS_GCF_000214665.1,NC_015572.1_1472_A,C,C,C,Q,H,C,H,NC_015572.1_1472,24.0
RS_GCF_000521465.1,NZ_BAVR01000011.1_61_A,C,C,C,W,F,C,-,NZ_BAVR01000011.1_61,18.0
RS_GCF_000711225.1,NZ_JOMG01000002.1_2388_A,C,C,C,Q,H,C,H,NZ_JOMG01000002.1_2388,24.0
RS_GCF_001687335.1,NZ_MAGO01000009.1_86_A,C,C,C,Q,H,C,H,NZ_MAGO01000009.1_86,24.0
RS_GCF_003752155.1,NZ_RJVG01000004.1_35_A,C,C,C,Q,H,C,H,NZ_RJVG01000004.1_35,24.0
RS_GCF_014197755.1,NZ_JACIGE010000013.1_67_A,C,C,C,Q,H,C,H,NZ_JACIGE010000013.1_67,24.0
RS_GCF_016888135.1,NZ_JACSWB010000129.1_24_A,C,C,C,Q,H,C,H,NZ_JACSWB010000129.1_24,24.0
RS_GCF_018919395.1,NZ_JAHLME010000003.1_818_A,C,C,C,Q,H,C,H,NZ_JAHLME010000003.1_818,24.0
RS_GCF_030413175.1,NZ_CP129212.1_6858_A,C,C,C,Q,H,C,H,NZ_CP129212.1_6858,24.0
RS_GCF_031296935.1,NZ_JAVDPD010000002.1_19_A,C,C,C,Q,H,C,H,NZ_JAVDPD010000002.1_19,24.0
RS_GCF_037969875.1,NZ_CP150218.1_2379_A,C,C,C,Q,H,C,H,NZ_CP150218.1_2379,24.0
RS_GCF_040240325.1,NZ_JBEIAD010000001.1_520_A,C,C,C,Q,H,C,H,NZ_JBEIAD010000001.1_520,24.0
RS_GCF_042665255.1,NZ_JBHTCD010000019.1_38_A,C,C,C,Q,H,C,H,NZ_JBHTCD010000019.1_38,24.0
RS_GCF_047302445.1,NZ_CP178627.1_1026_A,C,C,C,Q,H,C,H,NZ_CP178627.1_1026,24.0
RS_GCF_900086705.1,NZ_LT575483.1_2784_A,C,C,C,Q,H,C,H,NZ_LT575483.1_2784,24.0
GB_GCA_033549165.1,JAWSUM010000001.1_12_A,C,C,C,Q,H,C,H,JAWSUM010000001.1_12,24.0
GB_GCA_007693455.1,REDP01000239.1_6_A,C,C,C,Q,H,C,H,REDP01000239.1_6,24.0
GB_GCA_016938175.1,JAFGVE010000028.1_84_A,C,C,C,Q,H,C,H,JAFGVE010000028.1_84,24.0
GB_GCA_018821535.1,JAHJLV010000019.1_4_A,C,C,C,Q,H,C,H,JAHJLV010000019.1_4,24.0
GB_GCA_021847245.1,JAJZUC010000055.1_11_A,C,C,C,Q,H,C,H,JAJZUC010000055.1_11,24.0
GB_GCA_023390635.1,JAEWCM010000105.1_7_A,C,C,C,W,F,C,-,JAEWCM010000105.1_7,18.0
GB_GCA_030652035.1,JAUSBJ010000033.1_64_A,C,C,C,Q,H,C,H,JAUSBJ010000033.1_64,24.0
GB_GCA_030824585.1,JAVBXM010000088.1_12_A,C,C,C,Q,H,C,H,JAVBXM010000088.1_12,24.0
GB_GCA_037045535.1,JBAOHI010000077.1_51_A,C,C,C,Q,H,C,H,JBAOHI010000077.1_51,24.0
GB_GCA_039770155.1,JBDMZA010000692.1_6_A,C,C,C,Q,H,C,H,JBDMZA010000692.1_6,24.0
GB_GCA_040755455.1,JBFMAY010000011.1_66_A,C,C,C,Q,H,C,H,JBFMAY010000011.1_66,24.0
GB_GCA_044448725.1,JBIOHE010000044.1_4_A,C,C,C,Q,H,C,H,JBIOHE010000044.1_4,24.0
GB_GCA_049697375.1,JBAVVQ010000394.1_8_A,C,C,C,Q,H,C,H,JBAVVQ010000394.1_8,24.0
GB_GCA_900319195.1,ONNL01000121.1_8_A,C,C,C,W,F,C,-,ONNL01000121.1_8,18.0
GB_GCA_937860145.1,CALMBF010000200.1_24_A,C,C,C,Q,H,C,H,CALMBF010000200.1_24,24.0
GB_GCA_937930835.1,CALGLN010000124.1_30_A,C,C,C,Q,H,C,H,CALGLN010000124.1_30,24.0
GB_GCA_963678055.1,OY782679.1_1698_A,C,C,C,Q,H,C,H,OY782679.1_1698,24.0
GB_GCA_963779365.1,CAVZYB010000011.1_9_A,C,C,C,Q,H,C,H,CAVZYB010000011.1_9,24.0
GB_GCA_963803395.1,CAWDND010000007.1_17_A,C,C,C,Q,H,C,H,CAWDND010000007.1_17,24.0
GB_GCA_964483105.1,CAYZZU010000001.1_173_A,C,C,C,Q,H,C,H,CAYZZU010000001.1_173,24.0
RS_GCF_000155595.1,NZ_DS989904.1_208_A,C,C,C,Q,H,C,H,NZ_DS989904.1_208,24.0
RS_GCF_000280495.2,NZ_CP018016.1_2720_A,C,C,C,Q,H,C,H,NZ_CP018016.1_2720,24.0
RS_GCF_000333275.1,NZ_BACU01000079.1_33_A,C,C,C,Q,H,C,H,NZ_BACU01000079.1_33,24.0
RS_GCF_000389635.1,NC_021182.1_4032_A,C,C,C,W,F,C,-,NC_021182.1_4032,18.0
RS_GCF_000429905.1,NZ_AUCT01000001.1_183_A,C,C,C,Q,H,C,H,NZ_AUCT01000001.1_183,24.0
RS_GCF_001263355.1,NZ_LGYO01000022.1_256_A,C,C,C,Q,H,C,H,NZ_LGYO01000022.1_256,24.0
RS_GCF_004020365.1,NZ_SAQR01000020.1_35_A,C,C,C,Q,H,C,H,NZ_SAQR01000020.1_35,24.0
RS_GCF_004341685.1,NZ_SMAA01000011.1_59_A,C,C,C,Q,H,C,H,NZ_SMAA01000011.1_59,24.0
RS_GCF_013283645.1,NZ_JABEKV010000012.1_62_A,C,C,C,Q,H,C,H,NZ_JABEKV010000012.1_62,24.0
RS_GCF_014644435.1,NZ_BMKR01000001.1_95_A,C,C,C,Q,H,C,H,NZ_BMKR01000001.1_95,24.0
RS_GCF_014904695.1,NZ_JACXXN010000003.1_222_A,C,C,C,Q,H,C,H,NZ_JACXXN010000003.1_222,24.0
RS_GCF_017488845.2,NZ_CP083372.1_92_A,C,C,C,Q,H,C,H,NZ_CP083372.1_92,24.0
RS_GCF_018224925.1,NZ_JAGTUF010000021.1_44_A,C,C,C,Q,H,C,H,NZ_JAGTUF010000021.1_44,24.0
RS_GCF_019977655.1,NZ_AP024849.1_3481_A,C,C,C,Q,H,C,H,NZ_AP024849.1_3481,24.0
RS_GCF_024461735.1,NZ_JANGAD010000005.1_111_A,C,C,C,W,F,C,-,NZ_JANGAD010000005.1_111,18.0
RS_GCF_036781005.1,NZ_DAIQBT010000058.1_8_A,C,C,C,Q,H,C,H,NZ_DAIQBT010000058.1_8,24.0
RS_GCF_040269895.1,NZ_CP158568.1_2200_A,C,C,C,Q,H,C,H,NZ_CP158568.1_2200,24.0
RS_GCF_050571805.1,NZ_CP192219.1_458_A,C,C,C,Q,H,C,H,NZ_CP192219.1_458,24.0
RS_GCF_900108475.1,NZ_FNWO01000006.1_230_A,C,C,C,Q,H,C,H,NZ_FNWO01000006.1_230,24.0
RS_GCF_900116535.1,NZ_FPAU01000001.1_1274_A,C,C,C,Q,H,C,H,NZ_FPAU01000001.1_1274,24.0
RS_GCF_963676665.2,NZ_CAXXNL010000011.1_396_A,C,C,C,Q,H,C,H,NZ_CAXXNL010000011.1_396,24.0
GB_GCA_046706605.1,JBJKPJ010000029.1_17_A,C,C,C,Q,H,C,H,JBJKPJ010000029.1_17,24.0
RS_GCF_000016125.1,NC_009135.1_670_A,C,C,C,Q,H,C,H,NC_009135.1_670,24.0
GB_GCA_002842215.1,PHCC01000012.1_59_A,C,C,C,Q,H,C,H,PHCC01000012.1_59,24.0
GB_GCA_017792465.1,CP051234.1_1093_A,C,C,C,Q,H,C,H,CP051234.1_1093,24.0
GB_GCA_021802775.1,JAJZRJ010000022.1_18_A,C,C,C,Q,H,C,H,JAJZRJ010000022.1_18,24.0
GB_GCA_022870705.1,CP072107.1_204_A,C,C,C,Q,H,C,H,CP072107.1_204,24.0
GB_GCA_023400235.1,JAEXFI010000024.1_204_A,C,C,C,Q,H,C,H,JAEXFI010000024.1_204,24.0
GB_GCA_023413185.1,JAEZQD010000154.1_16_A,C,C,C,Q,H,C,H,JAEZQD010000154.1_16,24.0
GB_GCA_026415695.1,JAOAGP010000122.1_2_A,C,C,C,Q,H,C,H,JAOAGP010000122.1_2,24.0
GB_GCA_030151865.1,JASLCK010000025.1_5_A,C,C,C,Q,H,C,H,JASLCK010000025.1_5,24.0
GB_GCA_034189225.1,JAXHVL010000117.1_7_A,C,C,C,Q,H,C,H,JAXHVL010000117.1_7,24.0
GB_GCA_035285405.1,JAYKJI010000060.1_13_A,C,C,C,Q,H,C,H,JAYKJI010000060.1_13,24.0
GB_GCA_041662645.1,JBAZSA010000013.1_23_A,C,C,C,Q,H,C,H,JBAZSA010000013.1_23,24.0
GB_GCA_048571235.1,CP182354.1_2135_A,C,C,C,Q,H,C,H,CP182354.1_2135,24.0
GB_GCA_049697615.1,JBAVWB010000158.1_27_A,C,C,C,Q,H,C,H,JBAVWB010000158.1_27,24.0
GB_GCA_903822375.1,CAIJOU010000740.1_5_A,C,C,C,Q,H,C,H,CAIJOU010000740.1_5,24.0
GB_GCA_964402555.1,CAYOCT010000022.1_68_A,C,C,C,Q,H,C,H,CAYOCT010000022.1_68,24.0
RS_GCF_000333455.1,NZ_BADD01000366.1_3_A,C,C,C,Q,H,C,H,NZ_BADD01000366.1_3,24.0
RS_GCF_000711295.1,NZ_JOMJ01000003.1_1751_A,C,C,C,Q,H,C,H,NZ_JOMJ01000003.1_1751,24.0
RS_GCF_001263415.1,NZ_LGTE01000008.1_60_A,C,C,C,Q,H,C,H,NZ_LGTE01000008.1_60,24.0
RS_GCF_001536285.1,NZ_FAOZ01000004.1_314_A,C,C,C,Q,H,C,H,NZ_FAOZ01000004.1_314,24.0
RS_GCF_004020545.1,NZ_SAQE01000027.1_51_A,C,C,C,Q,H,C,H,NZ_SAQE01000027.1_51,24.0
RS_GCF_009363155.1,NZ_CP045302.1_2298_A,C,C,C,Q,H,C,H,NZ_CP045302.1_2298,24.0
RS_GCF_011762045.1,NZ_JAASQS010000009.1_273_A,C,C,C,Q,H,C,H,NZ_JAASQS010000009.1_273,24.0
RS_GCF_014645195.1,NZ_BMLK01000002.1_174_A,C,C,C,Q,H,C,H,NZ_BMLK01000002.1_174,24.0
RS_GCF_014905095.1,NZ_CP041165.1_559_A,C,C,C,Q,H,C,H,NZ_CP041165.1_559,24.0
RS_GCF_016056305.1,NZ_JAECZC010000015.1_31_A,C,C,C,Q,H,C,H,NZ_JAECZC010000015.1_31,24.0
RS_GCF_028128955.1,NZ_LBKA01000034.1_77_A,C,C,C,Q,H,C,H,NZ_LBKA01000034.1_77,24.0
RS_GCF_034007205.1,NZ_JAVERI010000004.1_120_A,C,C,C,Q,H,C,H,NZ_JAVERI010000004.1_120,24.0
RS_GCF_037977055.1,NZ_CP150274.1_1993_A,C,C,C,Q,H,C,H,NZ_CP150274.1_1993,24.0
RS_GCF_900086705.1,NZ_LT575483.1_3004_A,C,C,C,W,F,C,-,NZ_LT575483.1_3004,18.0
RS_GCF_900167165.1,NZ_FUXM01000011.1_30_A,C,C,C,Q,H,C,H,NZ_FUXM01000011.1_30,24.0
RS_GCF_030296715.1,NZ_AP027738.1_933_A,C,C,C,Q,H,C,H,NZ_AP027738.1_933,24.0
RS_GCF_963665055.2,NZ_CAXXRN010000004.1_2365_A,C,C,C,Q,H,C,H,NZ_CAXXRN010000004.1_2365,24.0
GB_GCA_002340325.1,DDLV01000032.1_13_A,C,C,C,Q,H,C,H,DDLV01000032.1_13,24.0
GB_GCA_002435715.1,DISD01000044.1_48_A,C,C,C,Q,H,C,H,DISD01000044.1_48,24.0
GB_GCA_013215815.1,JABSQP010000043.1_6_A,C,C,C,Q,H,C,H,JABSQP010000043.1_6,24.0
GB_GCA_013791995.1,VMSS01000216.1_5_A,C,C,C,Q,H,C,H,VMSS01000216.1_5,24.0
GB_GCA_021780975.1,JAJXXS010000265.1_7_A,C,C,C,Q,H,C,H,JAJXXS010000265.1_7,24.0
GB_GCA_023475565.1,JAMCVT010000152.1_5_A,C,C,C,Q,H,C,H,JAMCVT010000152.1_5,24.0
GB_GCA_028280575.1,JANQLN010000087.1_8_A,C,C,C,Q,H,C,H,JANQLN010000087.1_8,24.0
GB_GCA_028689055.1,JAQTWZ010000046.1_2_A,C,C,C,Q,H,C,H,JAQTWZ010000046.1_2,24.0
GB_GCA_031274565.1,JAISPY010000277.1_2_A,C,C,C,Q,H,C,H,JAISPY010000277.1_2,24.0
GB_GCA_034189235.1,JAXHVJ010000017.1_11_A,C,C,C,Q,H,C,H,JAXHVJ010000017.1_11,24.0
GB_GCA_035539055.1,DATLJC010000043.1_45_A,C,C,C,Q,H,C,H,DATLJC010000043.1_45,24.0
GB_GCA_035718105.1,DASTHR010000425.1_5_A,C,C,C,Q,H,C,H,DASTHR010000425.1_5,24.0
GB_GCA_036541255.1,JAZHDD010000016.1_20_A,C,C,C,Q,H,C,H,JAZHDD010000016.1_20,24.0
GB_GCA_037045685.1,JBAOII010000011.1_138_A,C,C,C,Q,H,C,H,JBAOII010000011.1_138,24.0
GB_GCA_048595135.1,JBMDYE010000071.1_9_A,C,C,C,Q,H,C,H,JBMDYE010000071.1_9,24.0
GB_GCA_050296315.1,JBNKRE010000002.1_280_A,C,C,C,Q,H,C,H,JBNKRE010000002.1_280,24.0
GB_GCA_963662595.1,OY759748.1_126_A,C,C,C,Q,H,C,H,OY759748.1_126,24.0
GB_GCA_963676245.1,OY781042.1_683_A,C,C,C,Q,H,C,H,OY781042.1_683,24.0
GB_GCA_963678145.2,CAXXWH010000002.1_739_A,C,C,C,Q,H,C,H,CAXXWH010000002.1_739,24.0
GB_GCA_963733535.1,CAVTDR010000006.1_1234_A,C,C,C,Q,H,C,H,CAVTDR010000006.1_1234,24.0
GB_GCA_964454965.1,CAYVXY010000008.1_105_A,C,C,C,Q,H,C,H,CAYVXY010000008.1_105,24.0
RS_GCF_000019665.1,NC_010794.1_1620_A,C,C,C,Q,H,C,H,NC_010794.1_1620,24.0
RS_GCF_000389635.1,NC_021182.1_4039_A,C,C,C,W,F,C,-,NC_021182.1_4039,18.0
RS_GCF_003815015.1,NZ_RKRE01000001.1_593_A,C,C,C,Q,H,C,H,NZ_RKRE01000001.1_593,24.0
RS_GCF_005217455.1,NZ_SZPQ01000043.1_25_A,C,C,C,Q,H,C,H,NZ_SZPQ01000043.1_25,24.0
RS_GCF_013283665.1,NZ_JABEKU010000005.1_42_A,C,C,C,Q,H,C,H,NZ_JABEKU010000005.1_42,24.0
RS_GCF_016900875.1,NZ_JAFEUM010000001.1_824_A,C,C,C,Q,H,C,H,NZ_JAFEUM010000001.1_824,24.0
RS_GCF_020966755.1,NZ_JAJKFT010000004.1_1319_A,C,C,C,Q,H,C,H,NZ_JAJKFT010000004.1_1319,24.0
RS_GCF_030490285.1,NZ_CP129884.1_3456_A,C,C,C,Q,H,C,H,NZ_CP129884.1_3456,24.0
RS_GCF_036802865.1,NZ_DAIRVK010000002.1_190_A,C,C,C,Q,H,C,H,NZ_DAIRVK010000002.1_190,24.0
RS_GCF_038002225.1,NZ_JBBOCA010000001.1_1486_A,C,C,C,Q,H,C,H,NZ_JBBOCA010000001.1_1486,24.0
RS_GCF_050589685.1,NZ_JBNGOS010000061.1_13_A,C,C,C,Q,H,C,H,NZ_JBNGOS010000061.1_13,24.0
RS_GCF_900167345.1,NZ_FUXB01000001.1_38_A,C,C,C,Q,H,C,H,NZ_FUXB01000001.1_38,24.0
GB_GCA_002340345.1,DDLW01000155.1_2_A,C,C,C,Q,H,C,H,DDLW01000155.1_2,24.0
GB_GCA_003158255.1,PMIH01000288.1_15_A,C,C,C,Q,H,C,H,PMIH01000288.1_15,24.0
GB_GCA_003513495.1,DOPM01000048.1_30_A,C,C,C,Q,H,C,H,DOPM01000048.1_30,24.0
GB_GCA_007693505.1,REDL01000067.1_19_A,C,C,C,Q,H,C,H,REDL01000067.1_19,24.0
GB_GCA_017483465.1,JAFUWN010000063.1_11_A,C,C,C,W,F,C,-,JAFUWN010000063.1_11,18.0
GB_GCA_018821785.1,JAHJLI010000255.1_14_A,C,C,C,Q,H,C,H,JAHJLI010000255.1_14,24.0
GB_GCA_021847425.1,JAJZRF010000022.1_16_A,C,C,C,Q,H,C,H,JAJZRF010000022.1_16,24.0
GB_GCA_023390635.1,JAEWCM010000154.1_4_A,C,C,C,Q,H,C,H,JAEWCM010000154.1_4,24.0
GB_GCA_023437365.1,JAEZGK010000081.1_103_A,C,C,C,Q,H,C,H,JAEZGK010000081.1_103,24.0
GB_GCA_025360845.1,JANYBJ010000085.1_22_A,C,C,C,Q,H,C,H,JANYBJ010000085.1_22,24.0
GB_GCA_026416515.1,JAOAEZ010000009.1_17_A,C,C,C,Q,H,C,H,JAOAEZ010000009.1_17,24.0
GB_GCA_028689145.1,JAQTWT010000012.1_7_A,C,C,C,Q,H,C,H,JAQTWT010000012.1_7,24.0
GB_GCA_029240245.1,JARBTJ010000004.1_153_A,C,C,C,Q,H,C,H,JARBTJ010000004.1_153,24.0
GB_GCA_029858425.1,JAOUFE010000079.1_13_A,C,C,C,Q,H,C,H,JAOUFE010000079.1_13,24.0
GB_GCA_030653035.1,JAUSAB010000016.1_12_A,C,C,C,Q,H,C,H,JAUSAB010000016.1_12,24.0
GB_GCA_031261395.1,JAISJT010000104.1_9_A,C,C,C,W,F,C,-,JAISJT010000104.1_9,18.0
GB_GCA_031732755.1,JAVMKI010000053.1_6_A,C,C,C,Q,H,C,H,JAVMKI010000053.1_6,24.0
GB_GCA_035719045.1,DASTGO010000202.1_32_A,C,C,C,Q,H,C,H,DASTGO010000202.1_32,24.0
GB_GCA_038250105.1,JBBSCQ010000066.1_19_A,C,C,C,Q,H,C,H,JBBSCQ010000066.1_19,24.0
GB_GCA_041662825.1,JBAZRS010000084.1_4_A,C,C,C,Q,H,C,H,JBAZRS010000084.1_4,24.0
GB_GCA_050251945.1,JBFWLW010000002.1_52_A,C,C,C,Q,H,C,H,JBFWLW010000002.1_52,24.0
GB_GCA_902781565.1,CACZJT010000011.1_21_A,C,C,C,W,F,C,-,CACZJT010000011.1_21,18.0
GB_GCA_945902805.1,CAMDMZ010000008.1_30_A,C,C,C,Q,H,C,H,CAMDMZ010000008.1_30,24.0
GB_GCA_963666675.1,OY762929.1_2602_A,C,C,C,Q,H,C,H,OY762929.1_2602,24.0
GB_GCA_963710275.1,CAVPZS010000012.1_562_A,C,C,C,Q,H,C,H,CAVPZS010000012.1_562,24.0
GB_GCA_963779995.1,CAVZZY010000005.1_165_A,C,C,C,Q,H,C,H,CAVZZY010000005.1_165,24.0
GB_GCA_964575415.1,CAZNQL010000014.1_15_A,C,C,C,Q,H,C,H,CAZNQL010000014.1_15,24.0
GB_GCA_966212305.1,CBIHQY010000007.1_116_A,C,C,C,Q,H,C,H,CBIHQY010000007.1_116,24.0
RS_GCF_000526155.1,NZ_JAFN01000001.1_2213_A,C,C,C,Q,H,C,H,NZ_JAFN01000001.1_2213,24.0
RS_GCF_002356295.1,NZ_AP018042.1_884_A,C,C,C,Q,H,C,H,NZ_AP018042.1_884,24.0
RS_GCF_003815015.1,NZ_RKRE01000001.1_595_A,C,C,C,Q,H,C,P,NZ_RKRE01000001.1_595,22.0
RS_GCF_004022705.2,NZ_RZOY02000024.1_19_A,C,C,C,Q,H,C,H,NZ_RZOY02000024.1_19,24.0
RS_GCF_013294065.1,NZ_JABSNM010000029.1_22_A,C,C,C,Q,H,C,H,NZ_JABSNM010000029.1_22,24.0
RS_GCF_020023995.1,NZ_NRRD01000017.1_70_A,C,C,C,Q,H,C,H,NZ_NRRD01000017.1_70,24.0
RS_GCF_023101685.1,NZ_CP082164.1_937_A,C,C,C,Q,H,C,H,NZ_CP082164.1_937,24.0
RS_GCF_034008295.1,NZ_JARDVI010000001.1_614_A,C,C,C,Q,H,C,H,NZ_JARDVI010000001.1_614,24.0
RS_GCF_035561255.1,NZ_DATMXX010000359.1_18_A,C,C,C,Q,H,C,H,NZ_DATMXX010000359.1_18,24.0
RS_GCF_040317515.1,NZ_JAMYKT010000032.1_19_A,C,C,C,Q,H,C,H,NZ_JAMYKT010000032.1_19,24.0
RS_GCF_041650655.1,NZ_JBAZKR010000036.1_30_A,C,C,C,Q,H,C,H,NZ_JBAZKR010000036.1_30,24.0
RS_GCF_900086705.1,NZ_LT575483.1_3009_A,C,C,C,W,F,C,-,NZ_LT575483.1_3009,18.0
RS_GCF_963676735.2,NZ_OY781464.1_48_A,C,C,C,Q,H,C,H,NZ_OY781464.1_48,24.0
GB_GCA_019084405.1,JAHRFX010000026.1_12_A,C,C,C,Q,H,C,H,JAHRFX010000026.1_12,24.0
GB_GCA_049287525.1,JBAQFZ010000101.1_13_A,C,C,C,Q,H,C,H,JBAQFZ010000101.1_13,24.0
GB_GCA_964409915.1,CAYPEQ010000001.1_112_A,C,C,C,Q,H,C,H,CAYPEQ010000001.1_112,24.0
GB_GCA_000961585.1,LADN01000053.1_46_A,C,C,C,Q,H,C,H,LADN01000053.1_46,24.0
GB_GCA_001799255.1,MGTC01000080.1_9_A,C,C,C,Q,H,C,H,MGTC01000080.1_9,24.0
GB_GCA_002294045.1,DBEP01000051.1_51_A,C,C,C,Q,H,C,H,DBEP01000051.1_51,24.0
GB_GCA_002842395.1,PHCV01000001.1_235_A,C,C,C,Q,H,C,H,PHCV01000001.1_235,24.0
GB_GCA_015231295.1,JADGBU010000001.1_64_A,C,C,C,Q,H,C,H,JADGBU010000001.1_64,24.0
GB_GCA_016213825.1,JACQZP010000019.1_153_A,C,C,C,W,F,C,G,JACQZP010000019.1_153,19.0
GB_GCA_016938235.1,JAFGVA010000017.1_24_A,C,C,C,Q,H,C,H,JAFGVA010000017.1_24,24.0
GB_GCA_023413555.1,JAEZPG010000012.1_40_A,C,C,C,Q,H,C,H,JAEZPG010000012.1_40,24.0
GB_GCA_023481175.1,JAMCWM010000012.1_47_A,C,C,C,Q,H,C,H,JAMCWM010000012.1_47,24.0
GB_GCA_029858565.1,JAOUEV010000009.1_54_A,C,C,C,Q,H,C,H,JAOUEV010000009.1_54,24.0
GB_GCA_030154185.1,JASKKK010000079.1_3_A,C,C,C,Q,H,C,H,JASKKK010000079.1_3,24.0
GB_GCA_030653175.1,JAURZV010000034.1_20_A,C,C,C,Q,H,C,H,JAURZV010000034.1_20,24.0
GB_GCA_040755755.1,JBFLZW010000055.1_12_A,C,C,C,Q,H,C,H,JBFLZW010000055.1_12,24.0
GB_GCA_043826415.1,JBDRQE010000067.1_32_A,C,C,C,Q,H,C,H,JBDRQE010000067.1_32,24.0
GB_GCA_044451265.1,JBIOJX010000135.1_5_A,C,C,C,Q,H,C,H,JBIOJX010000135.1_5,24.0
GB_GCA_046704425.1,JBJKRX010000033.1_11_A,C,C,C,Q,H,C,H,JBJKRX010000033.1_11,24.0
GB_GCA_051013385.1,CP143273.1_2839_A,C,C,C,Q,H,C,H,CP143273.1_2839,24.0
GB_GCA_963662595.1,OY759748.1_3386_A,C,C,C,Q,H,C,H,OY759748.1_3386,24.0
GB_GCA_963666675.1,OY762929.1_187_A,C,C,C,Q,H,C,H,OY762929.1_187,24.0
GB_GCA_963676265.2,OY781067.2_3299_A,C,C,C,Q,H,C,H,OY781067.2_3299,24.0
GB_GCA_964402645.1,CAYOCV010000004.1_230_A,C,C,C,Q,H,C,H,CAYOCV010000004.1_230,24.0
GB_GCA_964455395.1,CAYVWB010000043.1_26_A,C,C,C,Q,H,C,H,CAYVWB010000043.1_26,24.0
GB_GCA_964609625.1,CAZSRS010000024.1_40_A,C,C,C,Q,H,C,H,CAZSRS010000024.1_40,24.0
RS_GCF_000214705.1,NC_015573.1_3327_A,C,C,C,Q,H,C,P,NC_015573.1_3327,22.0
RS_GCF_000283655.1,NC_016622.1_581_A,C,C,C,Q,H,C,H,NC_016622.1_581,24.0
RS_GCF_000333595.1,NZ_BADK01000003.1_16_A,C,C,C,Q,H,C,H,NZ_BADK01000003.1_16,24.0
RS_GCF_002162035.1,NZ_CP021138.1_151_A,C,C,C,Q,H,C,H,NZ_CP021138.1_151,24.0
RS_GCF_002898515.1,NZ_PPFX01000045.1_21_A,C,C,C,Q,H,C,H,NZ_PPFX01000045.1_21,24.0
RS_GCF_004341685.1,NZ_SMAA01000015.1_4_A,C,C,C,W,F,C,G,NZ_SMAA01000015.1_4,19.0
RS_GCF_005222205.1,NZ_CP032345.1_2260_A,C,C,C,Q,H,C,H,NZ_CP032345.1_2260,24.0
RS_GCF_021021555.1,NZ_JAINWA010000003.1_650_A,C,C,C,Q,H,C,H,NZ_JAINWA010000003.1_650,24.0
RS_GCF_025961575.1,NZ_JAOQNX010000051.1_2_A,C,C,C,Q,H,C,H,NZ_JAOQNX010000051.1_2,24.0
RS_GCF_028204155.1,NZ_JAQLOI010000001.1_2227_A,C,C,C,Q,H,C,H,NZ_JAQLOI010000001.1_2227,24.0
RS_GCF_029892045.1,NZ_CP120369.1_29_A,C,C,C,Q,H,C,H,NZ_CP120369.1_29,24.0
GB_GCA_003491285.1,CP022705.1_1259_A,C,C,C,Q,H,C,H,CP022705.1_1259,24.0
RS_GCF_030651615.1,NZ_JAUSCG010000065.1_9_A,C,C,C,Q,H,C,H,NZ_JAUSCG010000065.1_9,24.0
RS_GCF_963665675.2,NZ_CAXXTT010000002.1_1803_A,C,C,C,Q,H,C,H,NZ_CAXXTT010000002.1_1803,24.0
GB_GCA_000961595.1,LADO01000055.1_81_A,C,C,C,Q,H,C,H,LADO01000055.1_81,24.0
GB_GCA_004297065.1,SCUU01000051.1_9_A,C,C,C,Q,H,C,H,SCUU01000051.1_9,24.0
GB_GCA_007693535.1,REDK01000175.1_11_A,C,C,C,Q,H,C,H,REDK01000175.1_11,24.0
GB_GCA_013792135.1,VMSP01000123.1_9_A,C,C,C,Q,H,C,H,VMSP01000123.1_9,24.0
GB_GCA_015231375.1,JADGBT010000007.1_5_A,C,C,C,Q,H,C,H,JADGBT010000007.1_5,24.0
GB_GCA_016213825.1,JACQZP010000019.1_165_A,C,C,C,W,F,C,A,JACQZP010000019.1_165,19.0
GB_GCA_016938675.1,JAFGUF010000032.1_5_A,C,C,C,Q,H,C,H,JAFGUF010000032.1_5,24.0
GB_GCA_017484095.1,JAFUTU010000042.1_36_A,C,C,C,W,F,C,L,JAFUTU010000042.1_36,19.0
GB_GCA_017849585.1,JAFIGT010000017.1_84_A,C,C,C,Q,H,C,H,JAFIGT010000017.1_84,24.0
GB_GCA_018822105.1,JAHJLB010000006.1_42_A,C,C,C,Q,H,C,H,JAHJLB010000006.1_42,24.0
GB_GCA_021802945.1,JAJZRE010000004.1_20_A,C,C,C,Q,H,C,H,JAJZRE010000004.1_20,24.0
GB_GCA_024685005.1,JAIKWF010000048.1_22_A,C,C,C,W,F,C,L,JAIKWF010000048.1_22,19.0
GB_GCA_025361735.1,JANYKD010000055.1_59_A,C,C,C,Q,H,C,H,JANYKD010000055.1_59,24.0
GB_GCA_026416815.1,JAOAEJ010000004.1_50_A,C,C,C,Q,H,C,H,JAOAEJ010000004.1_50,24.0
GB_GCA_031275325.1,JAISOX010000121.1_7_A,C,C,C,Q,H,C,H,JAISOX010000121.1_7,24.0
GB_GCA_031732855.1,JAVMKJ010000225.1_40_A,C,C,C,Q,H,C,H,JAVMKJ010000225.1_40,24.0
GB_GCA_034189315.1,JAXHVC010000262.1_10_A,C,C,C,Q,H,C,H,JAXHVC010000262.1_10,24.0
GB_GCA_035719085.1,DASTGK010000158.1_21_A,C,C,C,Q,H,C,H,DASTGK010000158.1_21,24.0
GB_GCA_039794845.1,JAUQVK010000013.1_7_A,C,C,C,Q,H,C,H,JAUQVK010000013.1_7,24.0
GB_GCA_049508565.1,JBELAT010000145.1_3_A,C,C,C,Q,H,C,H,JBELAT010000145.1_3,24.0
GB_GCA_050296515.1,JBNKRJ010000061.1_46_A,C,C,C,Q,H,C,H,JBNKRJ010000061.1_46,24.0
GB_GCA_903928685.1,CAIYRS010000050.1_49_A,C,C,C,Q,H,C,H,CAIYRS010000050.1_49,24.0
GB_GCA_963733595.1,CAVTDN010000022.1_9_A,C,C,C,Q,H,C,H,CAVTDN010000022.1_9,24.0
GB_GCA_963779995.1,CAVZZY010000014.1_67_A,C,C,C,Q,H,C,H,CAVZZY010000014.1_67,24.0
GB_GCA_963803935.1,CAWDOZ010000171.1_12_A,C,C,C,Q,H,C,H,CAWDOZ010000171.1_12,24.0
GB_GCA_963828185.1,CAWHDV010000012.1_180_A,C,C,C,Q,H,C,H,CAWHDV010000012.1_180,24.0
GB_GCA_964483355.1,CAZABK010000009.1_42_A,C,C,C,Q,H,C,H,CAZABK010000009.1_42,24.0
GB_GCA_964517265.1,CAZFBS010000003.1_148_A,C,C,C,Q,H,C,H,CAZFBS010000003.1_148,24.0
GB_GCA_964609805.1,CAZSTJ010000001.1_16_A,C,C,C,Q,H,C,H,CAZSTJ010000001.1_16,24.0
GB_GCA_966249405.1,CBINDO010000015.1_38_A,C,C,C,Q,H,C,H,CBINDO010000015.1_38,24.0
RS_GCF_000214705.1,NC_015573.1_3329_A,-,C,C,Q,H,C,H,NC_015573.1_3329,20.0
RS_GCF_000429965.1,NZ_KE387004.1_213_A,C,C,C,Q,H,C,H,NZ_KE387004.1_213,24.0
RS_GCF_000711735.1,NZ_JONL01000005.1_26_A,C,C,C,Q,H,C,H,NZ_JONL01000005.1_26,24.0
RS_GCF_001542405.1,NZ_LNCD01000005.1_23_A,C,C,C,Q,H,C,H,NZ_LNCD01000005.1_23,24.0
RS_GCF_003833015.1,NZ_RJLQ01000001.1_8_A,C,C,C,Q,H,C,H,NZ_RJLQ01000001.1_8,24.0
RS_GCF_004023665.1,NZ_SAUF01000001.1_1488_A,C,C,C,Q,H,C,H,NZ_SAUF01000001.1_1488,24.0
RS_GCF_011764585.1,NZ_AP022853.1_965_A,C,C,C,Q,H,C,H,NZ_AP022853.1_965,24.0
RS_GCF_014197795.1,NZ_JACIGI010000045.1_15_A,C,C,C,Q,H,C,H,NZ_JACIGI010000045.1_15,24.0
RS_GCF_016907915.1,NZ_JAFBCW010000006.1_5_A,C,C,C,Q,H,C,F,NZ_JAFBCW010000006.1_5,22.0
RS_GCF_024505045.1,NZ_JANIBM010000012.1_7_A,C,C,C,Q,H,C,H,NZ_JANIBM010000012.1_7,24.0
RS_GCF_025962655.1,NZ_JAGFPE010000001.1_157_A,C,C,C,Q,H,C,H,NZ_JAGFPE010000001.1_157,24.0
RS_GCF_031426875.1,NZ_JASJPC010000001.1_97_A,C,C,C,Q,H,C,H,NZ_JASJPC010000001.1_97,24.0
RS_GCF_038002345.1,NZ_JBBOCJ010000001.1_4946_A,C,C,C,Q,H,C,H,NZ_JBBOCJ010000001.1_4946,24.0
RS_GCF_040318045.1,NZ_JAMYLL010000010.1_15_A,C,C,C,Q,H,C,H,NZ_JAMYLL010000010.1_15,24.0
RS_GCF_041651515.1,NZ_JBAZJF010000003.1_208_A,C,C,C,Q,H,C,H,NZ_JBAZJF010000003.1_208,24.0
RS_GCF_042665545.1,NZ_JBHTCM010000003.1_83_A,C,C,C,Q,H,C,H,NZ_JBHTCM010000003.1_83,24.0
RS_GCF_900086705.1,NZ_LT575483.1_3015_A,C,C,C,M,Y,C,P,NZ_LT575483.1_3015,19.0
RS_GCF_900116865.1,NZ_FPCD01000004.1_206_A,C,C,C,W,F,C,Y,NZ_FPCD01000004.1_206,19.0
RS_GCF_900167365.1,NZ_FUXL01000009.1_110_A,C,C,C,Q,H,C,H,NZ_FUXL01000009.1_110,24.0
