GenomeID,Gene,Hit,E-value,Bit Score,Bias,Domain Start,Domain End,Location,Orientation,Flag_Bias,contig,pos_num,operon,top_hit,GTDB,Seq,residue_match
GB_GCA_002495625.1,vnfG,DAGC01000002.1_84_A,3.2e-36,121.1,2.0,4,116,69595-69945,1,0,DAGC01000002.1,84,3,anfG,d__Archaea;p__Methanobacteriota;c__Methanobacteria;o__Methanobacteriales;f__Methanobacteriaceae;g__Methanobacterium_A;s__Methanobacterium_A sp002495625,,vnfG
GB_GCA_002508465.1,vnfG,DAQQ01000136.1_38_A,3.2e-52,173.2,0.6,0,112,44296-44634,-1,0,DAQQ01000136.1,38,1,vnfG,d__Archaea;p__Halobacteriota;c__Methanosarcinia;o__Methanosarcinales;f__Methanosarcinaceae;g__Methanosarcina;s__Methanosarcina sp002508465,,vnfG
GB_GCA_002508465.1,vnfG,DAQQ01000252.1_5_A,1.5e-37,125.8,0.1,4,116,5080-5430,-1,0,DAQQ01000252.1,5,1,anfG,d__Archaea;p__Halobacteriota;c__Methanosarcinia;o__Methanosarcinales;f__Methanosarcinaceae;g__Methanosarcina;s__Methanosarcina sp002508465,,vnfG
GB_GCA_003151535.1,vnfG,PLXT01000077.1_58_A,2.2e-37,125.4,0.2,4,116,59070-59420,1,0,PLXT01000077.1,58,1,anfG,d__Archaea;p__Methanobacteriota;c__Methanobacteria;o__Methanobacteriales;f__Methanobacteriaceae;g__Methanobacterium_B;s__Methanobacterium_B sp003151535,,vnfG
GB_GCA_003158115.1,vnfG,PMGM01000034.1_9_A,1.5000000000000002e-38,128.6,0.4,4,116,5626-5976,1,0,PMGM01000034.1,9,1,anfG,d__Archaea;p__Methanobacteriota;c__Methanobacteria;o__Methanobacteriales;f__Methanobacteriaceae;g__Methanobacterium_B;s__Methanobacterium_B sp003158115,,vnfG
GB_GCA_003164415.1,vnfG,PLTK01000024.1_10_A,1.9000000000000002e-38,128.3,0.4,4,116,6287-6637,-1,0,PLTK01000024.1,10,1,anfG,d__Archaea;p__Methanobacteriota;c__Methanobacteria;o__Methanobacteriales;f__Methanobacteriaceae;g__Methanobacterium_B;s__Methanobacterium_B sp003164415,,vnfG
GB_GCA_003164755.1,vnfG,PLUB01000010.1_87_A,3.6e-37,124.4,0.2,4,116,99842-100192,1,0,PLUB01000010.1,87,2,anfG,d__Archaea;p__Halobacteriota;c__Methanosarcinia;o__Methanosarcinales;f__Methanosarcinaceae;g__Methanosarcina;s__Methanosarcina sp003164755,,vnfG
GB_GCA_003978865.1,vnfG,QNXS01000077.1_16_A,1.3e-42,140.8,0.3,0,113,12824-13165,-1,0,QNXS01000077.1,16,1,vnfG,d__Archaea;p__Halobacteriota;c__Archaeoglobi;o__Archaeoglobales;f__Archaeoglobaceae;g__WAPX01;s__WAPX01 sp003978865,,vnfG
GB_GCA_009712615.1,vnfG,WASR01000091.1_3_A,1.2e-34,115.9,5.3,4,116,2945-3295,1,0,WASR01000091.1,3,1,anfG,d__Archaea;p__Methanobacteriota;c__Methanobacteria;o__Methanobacteriales;f__Methanobacteriaceae;g__Methanobacterium_B;s__Methanobacterium_B sp009712615,,vnfG
GB_GCA_015520485.1,vnfG,WAPX01000068.1_27_A,5.5e-42,139.1,0.2,0,113,21452-21793,-1,0,WAPX01000068.1,27,1,vnfG,d__Archaea;p__Halobacteriota;c__Archaeoglobi;o__Archaeoglobales;f__Archaeoglobaceae;g__WAPX01;s__WAPX01 sp015520485,,vnfG
GB_GCA_015661405.1,vnfG,JACWMK010000023.1_15_A,2.7e-38,127.9,1.2,4,116,14685-15035,-1,0,JACWMK010000023.1,15,1,anfG,d__Archaea;p__Methanobacteriota;c__Methanobacteria;o__Methanobacteriales;f__Methanobacteriaceae;g__Methanobacterium_A;s__Methanobacterium_A sp015661405,,vnfG
GB_GCA_023399215.1,vnfG,JAEWQJ010000031.1_66_A,5.2e-51,169.2,0.2,0,112,89181-89519,-1,0,JAEWQJ010000031.1,66,1,vnfG,d__Archaea;p__Halobacteriota;c__Methanosarcinia;o__Methanosarcinales;f__Methanosarcinaceae;g__Methanosarcina;s__Methanosarcina sp023399215,,vnfG
GB_GCA_023430285.1,vnfG,JAEZAV010000106.1_6_A,7.3e-36,119.8,6.6,5,117,7396-7749,1,0,JAEZAV010000106.1,6,1,anfG,d__Archaea;p__Methanobacteriota;c__Methanobacteria;o__Methanobacteriales;f__Methanobacteriaceae;g__Methanobacterium_B;s__Methanobacterium_B sp023430285,,vnfG
GB_GCA_024167805.1,vnfG,CP099988.1_2316_A,1.4e-35,119.3,5.8,4,116,2054477-2054827,1,0,CP099988.1,2316,9,anfG,d__Archaea;p__Methanobacteriota;c__Methanobacteria;o__Methanobacteriales;f__Methanobacteriaceae;g__Methanobacterium_B;s__Methanobacterium_B sp024167805,,vnfG
GB_GCA_027066965.1,vnfG,JAMOMT010000139.1_7_A,1.1999999999999999e-35,118.7,0.0,7,120,7487-7849,-1,0,JAMOMT010000139.1,7,1,vnfG,d__Archaea;p__Halobacteriota;c__Archaeoglobi;o__Archaeoglobales;f__Archaeoglobaceae;g__WAPX01;s__WAPX01 sp027066965,,vnfG
GB_GCA_028679775.1,vnfG,JAJRAX010000194.1_7_A,1.5999999999999999e-24,83.5,0.2,0,77,4277-4510,1,0,JAJRAX010000194.1,7,1,vnfG,d__Archaea;p__Halobacteriota;c__Methanosarcinia;o__Methanotrichales;f__Methanotrichaceae;g__Methanothrix;s__Methanothrix sp028679775,,vnfG
GB_GCA_028688175.1,vnfG,JAQTYS010000031.1_11_A,7.5e-47,155.7,0.1,2,114,10828-11172,-1,0,JAQTYS010000031.1,11,1,vnfG,d__Archaea;p__Halobacteriota;c__Methanosarcinia;o__Methanotrichales;f__Methanotrichaceae;g__Methanothrix;s__Methanothrix sp028688175,,vnfG
GB_GCA_035402785.1,vnfG,DAONDW010000081.1_4_A,1.3e-45,151.0,0.4,2,114,3596-3940,-1,0,DAONDW010000081.1,4,1,vnfG,d__Archaea;p__Halobacteriota;c__Methanosarcinia;o__Methanotrichales;f__Methanotrichaceae;g__Methanothrix;s__Methanothrix sp035402785,,vnfG
GB_GCA_035560835.1,vnfG,DATMYS010000534.1_5_A,2.5e-38,128.1,0.1,4,116,3426-3776,1,0,DATMYS010000534.1,5,1,anfG,d__Archaea;p__Halobacteriota;c__Methanosarcinia;o__Methanosarcinales;f__Methanosarcinaceae;g__Methanosarcina;s__Methanosarcina sp035560835,,vnfG
GB_GCA_039666455.1,vnfG,JAVSLW010000019.1_51_A,4.7e-37,123.6,1.6,4,116,38699-39049,1,0,JAVSLW010000019.1,51,1,anfG,d__Archaea;p__Methanobacteriota;c__Methanobacteria;o__Methanobacteriales;f__Methanobacteriaceae;g__Methanobacterium_D;s__Methanobacterium_D sp039666455,,vnfG
GB_GCA_963703015.1,vnfG,OY969779.1_440_A,7.8e-36,119.9,6.4,4,116,469837-470187,-1,0,OY969779.1,440,5,anfG,d__Archaea;p__Methanobacteriota;c__Methanobacteria;o__Methanobacteriales;f__Methanobacteriaceae;g__Methanobacterium_B;s__Methanobacterium_B sp963703015,,vnfG
GB_GCA_963704525.1,vnfG,OY969914.1_880_A,4.1e-37,123.9,4.3,4,116,901175-901525,-1,0,OY969914.1,880,4,anfG,d__Archaea;p__Methanobacteriota;c__Methanobacteria;o__Methanobacteriales;f__Methanobacteriaceae;g__Methanobacterium_B;s__Methanobacterium_B sp963704525,,vnfG
GB_GCA_963707035.1,vnfG,CAVPON010000009.1_254_A,1.0000000000000001e-39,132.5,1.7,4,116,231700-232050,-1,0,CAVPON010000009.1,254,1,anfG,d__Archaea;p__Methanobacteriota;c__Methanobacteria;o__Methanobacteriales;f__Methanobacteriaceae;g__Methanobacterium_A;s__Methanobacterium_A sp963707035,,vnfG
GB_GCA_963727895.1,vnfG,CAVSHT010000007.1_61_A,6.6e-23,78.9,0.2,4,77,51337-51573,-1,0,CAVSHT010000007.1,61,1,anfG,d__Archaea;p__Halobacteriota;c__Methanosarcinia;o__Methanosarcinales;f__Methanosarcinaceae;g__Methanosarcina;s__Methanosarcina sp963727895,,vnfG
GB_GCA_963727895.1,vnfG,CAVSHT010000011.1_28_A,1.3e-52,174.6,0.9,0,112,30211-30549,-1,0,CAVSHT010000011.1,28,1,vnfG,d__Archaea;p__Halobacteriota;c__Methanosarcinia;o__Methanosarcinales;f__Methanosarcinaceae;g__Methanosarcina;s__Methanosarcina sp963727895,,vnfG
GB_GCA_963733675.1,vnfG,CAVTET010000004.1_148_A,1.4e-38,129.2,0.4,4,116,162766-163116,-1,0,CAVTET010000004.1,148,1,anfG,d__Archaea;p__Halobacteriota;c__Methanosarcinia;o__Methanosarcinales;f__Methanosarcinaceae;g__Methanosarcina;s__Methanosarcina sp963733675,,vnfG
GB_GCA_963763235.1,vnfG,CAVXNY010000013.1_170_A,3.2000000000000003e-38,127.8,0.2,4,116,187533-187883,1,0,CAVXNY010000013.1,170,2,anfG,d__Archaea;p__Halobacteriota;c__Methanosarcinia;o__Methanosarcinales;f__Methanosarcinaceae;g__Methanosarcina;s__Methanosarcina sp963763235,,vnfG
GB_GCA_963775495.1,vnfG,CAVZIM010000003.1_252_A,3e-38,127.7,0.7,4,116,253968-254318,1,0,CAVZIM010000003.1,252,4,anfG,d__Archaea;p__Methanobacteriota;c__Methanobacteria;o__Methanobacteriales;f__Methanobacteriaceae;g__Methanobacterium_B;s__Methanobacterium_B sp963775495,,vnfG
GB_GCA_963788665.1,vnfG,CAWBHV010000050.1_17_A,7.3e-39,128.9,0.8,4,116,16161-16511,-1,0,CAWBHV010000050.1,17,1,anfG,d__Archaea;p__Methanobacteriota;c__Methanobacteria;o__Methanobacteriales;f__Methanobacteriaceae;g__Methanobacterium_B;s__Methanobacterium_B sp963788665,,vnfG
GB_GCA_963818955.1,vnfG,CAWFUY010000034.1_65_A,2.3e-38,128.6,0.5,4,116,63170-63520,-1,0,CAWFUY010000034.1,65,1,anfG,d__Archaea;p__Halobacteriota;c__Methanosarcinia;o__Methanosarcinales;f__Methanosarcinaceae;g__Methanosarcina;s__Methanosarcina sp963818955,,vnfG
GB_GCA_963818955.1,vnfG,CAWFUY010000034.1_74_A,1.1999999999999998e-53,177.8,0.2,0,112,69940-70278,1,0,CAWFUY010000034.1,74,2,vnfG,d__Archaea;p__Halobacteriota;c__Methanosarcinia;o__Methanosarcinales;f__Methanosarcinaceae;g__Methanosarcina;s__Methanosarcina sp963818955,,vnfG
GB_GCA_963825335.1,vnfG,CAWGSP010000001.1_1002_A,4.7e-40,133.5,0.9,4,116,1011421-1011771,1,0,CAWGSP010000001.1,1002,8,anfG,d__Archaea;p__Methanobacteriota;c__Methanobacteria;o__Methanobacteriales;f__Methanobacteriaceae;g__Methanobacterium_B;s__Methanobacterium_B sp963825335,,vnfG
GB_GCA_963845285.1,vnfG,CAWJRO010000011.1_22_A,1.7e-39,131.7,0.4,4,116,18378-18728,1,0,CAWJRO010000011.1,22,1,anfG,d__Archaea;p__Methanobacteriota;c__Methanobacteria;o__Methanobacteriales;f__Methanobacteriaceae;g__Methanobacterium_C;s__Methanobacterium_C sp963845285,,vnfG
GB_GCA_963848985.1,vnfG,CAWKGG010000020.1_41_A,1.3000000000000001e-37,126.2,0.2,4,116,47437-47787,-1,0,CAWKGG010000020.1,41,1,anfG,d__Archaea;p__Halobacteriota;c__Methanosarcinia;o__Methanosarcinales;f__Methanosarcinaceae;g__Methanosarcina;s__Methanosarcina sp963848985,,vnfG
RS_GCF_000007345.1,vnfG,NC_003552.1_1244_A,8.4e-37,123.9,0.1,4,116,1441807-1442157,-1,0,NC_003552.1,1244,6,anfG,d__Archaea;p__Halobacteriota;c__Methanosarcinia;o__Methanosarcinales;f__Methanosarcinaceae;g__Methanosarcina;s__Methanosarcina acetivorans,,vnfG
RS_GCF_000007345.1,vnfG,NC_003552.1_1252_A,2.3999999999999996e-53,177.2,0.2,0,112,1449399-1449737,1,0,NC_003552.1,1252,11,vnfG,d__Archaea;p__Halobacteriota;c__Methanosarcinia;o__Methanosarcinales;f__Methanosarcinaceae;g__Methanosarcina;s__Methanosarcina acetivorans,,vnfG
RS_GCF_000191585.1,vnfG,NC_015216.1_1810_A,7.3e-36,120.0,6.7,4,116,1860515-1860865,-1,0,NC_015216.1,1810,4,anfG,d__Archaea;p__Methanobacteriota;c__Methanobacteria;o__Methanobacteriales;f__Methanobacteriaceae;g__Methanobacterium_B;s__Methanobacterium_B lacus,,vnfG
RS_GCF_000308215.1,vnfG,NZ_CAJE01000013.1_247_A,1.8e-34,115.5,0.4,4,116,225624-225974,-1,0,NZ_CAJE01000013.1,247,1,anfG,d__Archaea;p__Thermoplasmatota;c__Thermoplasmata;o__Methanomassiliicoccales;f__Methanomassiliicoccaceae;g__Methanomassiliicoccus;s__Methanomassiliicoccus luminyensis,,vnfG
RS_GCF_000969905.1,vnfG,NZ_CP009520.1_2331_A,5.9e-52,172.3,0.2,0,112,2849544-2849882,-1,0,NZ_CP009520.1,2331,5,vnfG,d__Archaea;p__Halobacteriota;c__Methanosarcinia;o__Methanosarcinales;f__Methanosarcinaceae;g__Methanosarcina;s__Methanosarcina vacuolata,,vnfG
RS_GCF_000969985.1,vnfG,NZ_CP009526.1_2663_A,8.3e-52,172.0,2.0,0,112,3177852-3178190,1,0,NZ_CP009526.1,2663,14,vnfG,d__Archaea;p__Halobacteriota;c__Methanosarcinia;o__Methanosarcinales;f__Methanosarcinaceae;g__Methanosarcina;s__Methanosarcina barkeri_B,,vnfG
RS_GCF_000969985.1,vnfG,NZ_CP009526.1_3433_A,1.4e-36,123.0,0.3,4,116,4151518-4151868,1,0,NZ_CP009526.1,3433,18,anfG,d__Archaea;p__Halobacteriota;c__Methanosarcinia;o__Methanosarcinales;f__Methanosarcinaceae;g__Methanosarcina;s__Methanosarcina barkeri_B,,vnfG
RS_GCF_000970025.1,vnfG,NZ_CP009528.1_1462_A,3e-51,170.1,0.4,0,112,1786440-1786778,1,0,NZ_CP009528.1,1462,8,vnfG,d__Archaea;p__Halobacteriota;c__Methanosarcinia;o__Methanosarcinales;f__Methanosarcinaceae;g__Methanosarcina;s__Methanosarcina barkeri,,vnfG
RS_GCF_000970085.1,vnfG,NZ_CP009506.1_3113_A,4.1e-37,124.7,0.1,4,116,3708948-3709298,-1,0,NZ_CP009506.1,3113,1,anfG,d__Archaea;p__Halobacteriota;c__Methanosarcinia;o__Methanosarcinales;f__Methanosarcinaceae;g__Methanosarcina;s__Methanosarcina siciliae,,vnfG
RS_GCF_000970085.1,vnfG,NZ_CP009506.1_3121_A,2.1e-53,177.2,0.2,0,112,3715993-3716331,1,0,NZ_CP009506.1,3121,10,vnfG,d__Archaea;p__Halobacteriota;c__Methanosarcinia;o__Methanosarcinales;f__Methanosarcinaceae;g__Methanosarcina;s__Methanosarcina siciliae,,vnfG
RS_GCF_000970305.1,vnfG,NZ_CP009517.1_2004_A,2.9999999999999998e-36,121.8,0.2,4,116,2481096-2481446,-1,0,NZ_CP009517.1,2004,9,anfG,d__Archaea;p__Halobacteriota;c__Methanosarcinia;o__Methanosarcinales;f__Methanosarcinaceae;g__Methanosarcina;s__Methanosarcina barkeri_A,,vnfG
RS_GCF_000970305.1,vnfG,NZ_CP009517.1_1123_A,2.3e-52,173.6,0.3,0,112,1366390-1366728,1,0,NZ_CP009517.1,1123,15,vnfG,d__Archaea;p__Halobacteriota;c__Methanosarcinia;o__Methanosarcinales;f__Methanosarcinaceae;g__Methanosarcina;s__Methanosarcina barkeri_A,,vnfG
RS_GCF_002287235.1,vnfG,NZ_LMVP01000035.1_32_A,4.4e-52,173.0,0.4,0,112,38853-39191,1,0,NZ_LMVP01000035.1,32,1,vnfG,d__Archaea;p__Halobacteriota;c__Methanosarcinia;o__Methanosarcinales;f__Methanosarcinaceae;g__Methanosarcina;s__Methanosarcina spelaei,,vnfG
RS_GCF_002287235.1,vnfG,NZ_LMVP01000090.1_22_A,8.599999999999999e-35,117.3,0.1,4,116,30406-30756,-1,0,NZ_LMVP01000090.1,22,1,anfG,d__Archaea;p__Halobacteriota;c__Methanosarcinia;o__Methanosarcinales;f__Methanosarcinaceae;g__Methanosarcina;s__Methanosarcina spelaei,,vnfG
RS_GCF_031461075.1,vnfG,NZ_JAVKPK010000082.1_9_A,9.1e-39,129.7,0.2,4,116,8099-8449,1,0,NZ_JAVKPK010000082.1,9,1,anfG,d__Archaea;p__Halobacteriota;c__Methanosarcinia;o__Methanosarcinales;f__Methanosarcinaceae;g__Methanosarcina;s__Methanosarcina baikalica,,vnfG
RS_GCF_041447285.1,vnfG,NZ_JBGMEB010000014.1_127_A,8.100000000000001e-37,123.1,0.8,4,116,138054-138404,-1,0,NZ_JBGMEB010000014.1,127,1,anfG,d__Archaea;p__Halobacteriota;c__Methanosarcinia;o__Methanosarcinales;f__Methanosarcinaceae;g__Methanomethylovorans;s__Methanomethylovorans sp041447285,,vnfG
RS_GCF_049688275.1,vnfG,NZ_JBAVKK010000007.1_6_A,1.6e-37,125.3,0.6,4,116,5239-5589,-1,0,NZ_JBAVKK010000007.1,6,1,anfG,d__Archaea;p__Methanobacteriota;c__Methanobacteria;o__Methanobacteriales;f__Methanobacteriaceae;g__Methanobacterium_B;s__Methanobacterium_B sp049688275,,vnfG
RS_GCF_052057765.1,vnfG,NZ_CP195120.1_2856_A,5e-53,176.0,0.5,0,112,3317209-3317547,-1,0,NZ_CP195120.1,2856,3,vnfG,d__Archaea;p__Halobacteriota;c__Methanosarcinia;o__Methanosarcinales;f__Methanosarcinaceae;g__Methanosarcina;s__Methanosarcina sp052057765,,vnfG
RS_GCF_052057765.1,vnfG,NZ_CP195120.1_2864_A,3.6e-36,121.7,0.2,4,116,3324737-3325087,1,0,NZ_CP195120.1,2864,11,anfG,d__Archaea;p__Halobacteriota;c__Methanosarcinia;o__Methanosarcinales;f__Methanosarcinaceae;g__Methanosarcina;s__Methanosarcina sp052057765,,vnfG
RS_GCF_963665055.2,vnfG,NZ_CAXXRN010000004.1_577_A,9.8e-40,132.7,0.8,9,121,627846-628211,-1,0,NZ_CAXXRN010000004.1,577,2,anfG,d__Archaea;p__Methanobacteriota;c__Methanobacteria;o__Methanobacteriales;f__Methanobacteriaceae;g__Methanobacterium;s__Methanobacterium sp963665055,,vnfG
RS_GCF_963678545.2,vnfG,NZ_OY782867.2_1788_A,1.5e-36,122.5,0.4,4,116,1797074-1797424,1,0,NZ_OY782867.2,1788,7,anfG,d__Archaea;p__Halobacteriota;c__Methanosarcinia;o__Methanosarcinales;f__Methanosarcinaceae;g__Methanomethylovorans;s__Methanomethylovorans sp963678545,,vnfG
GB_GCA_000242935.3,vnfG,CP007053.1_261_A,4.1e-36,122.0,0.1,4,116,329899-330249,1,0,CP007053.1,261,5,anfG,d__Bacteria;p__Verrucomicrobiota;c__Verrucomicrobiia;o__Opitutales;f__Opitutaceae;g__Geminisphaera;s__Geminisphaera sp000242935,,vnfG
GB_GCA_000307955.1,vnfG,ALAO01000189.1_11_A,1.1e-36,123.3,0.2,4,116,21084-21434,-1,0,ALAO01000189.1,11,1,anfG,d__Bacteria;p__Desulfobacterota;c__Desulfovibrionia;o__Desulfovibrionales;f__Desulfovibrionaceae;g__Solidesulfovibrio;s__Solidesulfovibrio magneticus_A,,vnfG
GB_GCA_000332255.1,vnfG,KB235926.1_3150_B,1.2999999999999998e-47,158.5,1.8,31,143,3590826-3591257,-1,0,KB235926.1,3150,1,vnfG,d__Bacteria;p__Cyanobacteriota;c__Cyanobacteriia;o__Cyanobacteriales;f__Nostocaceae;g__Chlorogloeopsis;s__Chlorogloeopsis sp000332255,,vnfG
GB_GCA_001443525.1,vnfG,LKPX01000006.1_65_A,7e-38,127.0,0.4,4,116,67581-67931,-1,0,LKPX01000006.1,65,1,anfG,d__Bacteria;p__Desulfobacterota;c__Desulfobacteria;o__Desulfobacterales;f__Desulfatirhabdiaceae;g__RAAP-1;s__RAAP-1 sp001443525,,vnfG
GB_GCA_001577715.1,vnfG,LQAA01000036.1_7_A,7.5e-37,122.4,0.7,4,116,7054-7404,-1,0,LQAA01000036.1,7,1,anfG,d__Bacteria;p__Desulfobacterota;c__Desulfarculia;o__Adiutricales;f__Adiutricaceae;g__Adiutrix;s__Adiutrix intracellularis,,vnfG
GB_GCA_001602925.1,vnfG,LUZT01000006.1_399_A,5.1000000000000004e-36,120.2,1.1,3,115,410606-410953,1,0,LUZT01000006.1,399,1,anfG,d__Bacteria;p__Bacteroidota;c__Chlorobiia;o__Chlorobiales;f__Chlorobiaceae;g__Chlorobaculum;s__Chlorobaculum sp001602925,,vnfG
GB_GCA_001602955.1,vnfG,LVAC01000002.1_320_A,2.5e-36,121.5,0.2,5,117,333354-333707,1,0,LVAC01000002.1,320,1,anfG,d__Bacteria;p__Campylobacterota;c__Campylobacteria;o__Campylobacterales;f__Sulfurospirillaceae;g__Sulfurospirillum;s__Sulfurospirillum sp001602955,,vnfG
GB_GCA_001657575.1,vnfG,LBCX01000005.1_30_A,1.6e-32,109.6,3.2,5,118,34732-35088,1,0,LBCX01000005.1,30,1,anfG,d__Bacteria;p__Bacteroidota;c__Bacteroidia;o__Bacteroidales;f__Tannerellaceae;g__Barb7;s__Barb7 sp001657575,,vnfG
GB_GCA_001871085.1,vnfG,MNUQ01000086.1_9_A,3.5e-35,117.9,0.0,8,120,13415-13777,1,0,MNUQ01000086.1,9,1,anfG,d__Bacteria;p__Desulfobacterota;c__Desulfovibrionia;o__Desulfovibrionales;f__Desulfovibrionaceae;g__Humidesulfovibrio;s__Humidesulfovibrio sp001871085,,vnfG
GB_GCA_002163975.1,vnfG,CP019636.1_4006_B,1.8e-12,46.0,0.2,97,183,4880251-4880802,-1,0,CP019636.1,4006,3,vnfG,d__Bacteria;p__Cyanobacteriota;c__Cyanobacteriia;o__Cyanobacteriales;f__Nostocaceae;g__HT-58-2;s__HT-58-2 sp002163975,,vnfG
GB_GCA_002294045.1,vnfG,DBEP01000066.1_117_A,1.1e-38,130.0,0.1,4,116,129736-130086,-1,0,DBEP01000066.1,117,1,anfG,d__Bacteria;p__Bacillota;c__Clostridia;o__Lachnospirales;f__Lachnospiraceae;g__Anaerocolumna;s__Anaerocolumna sp002294045,,vnfG
GB_GCA_002298145.1,vnfG,DBMP01000016.1_5_A,8.8e-37,123.4,0.1,0,112,4588-4926,1,0,DBMP01000016.1,5,1,vnfG,d__Bacteria;p__Verrucomicrobiota;c__Verrucomicrobiia;o__Chthoniobacterales;f__Chthoniobacteraceae;g__UBA695;s__UBA695 sp002298145,,vnfG
GB_GCA_002298145.1,vnfG,DBMP01000017.1_48_A,5.3000000000000005e-34,114.4,0.1,4,116,52135-52485,1,0,DBMP01000017.1,48,2,anfG,d__Bacteria;p__Verrucomicrobiota;c__Verrucomicrobiia;o__Chthoniobacterales;f__Chthoniobacteraceae;g__UBA695;s__UBA695 sp002298145,,vnfG
GB_GCA_002306005.1,vnfG,DBRO01000033.1_8_B,4.4e-34,113.8,0.5,249,361,3839-4924,-1,0,DBRO01000033.1,8,1,anfG,d__Bacteria;p__Bacillota;c__Clostridia;o__Oscillospirales;f__Ruminococcaceae;g__UBA1366;s__UBA1366 sp002306005,,vnfG
GB_GCA_002306945.1,vnfG,DBTH01000319.1_17_A,2.9e-40,134.5,0.3,2,114,17514-17858,1,0,DBTH01000319.1,17,2,anfG,d__Bacteria;p__Verrucomicrobiota;c__Verrucomicrobiia;o__Methylacidiphilales;f__UBA1321;g__UBA1321;s__UBA1321 sp002306945,,vnfG
GB_GCA_002306975.1,vnfG,DBTI01000114.1_49_A,6.3e-39,130.2,0.9,4,116,51366-51716,-1,0,DBTI01000114.1,49,2,anfG,d__Bacteria;p__Bacillota;c__Clostridia;o__Oscillospirales;f__Ethanoligenentaceae;g__Ruminiclostridium_D;s__Ruminiclostridium_D sp002306975,,vnfG
GB_GCA_002306975.1,vnfG,DBTI01000267.1_34_A,8.7e-46,152.3,0.7,0,112,33256-33594,1,0,DBTI01000267.1,34,2,vnfG,d__Bacteria;p__Bacillota;c__Clostridia;o__Oscillospirales;f__Ethanoligenentaceae;g__Ruminiclostridium_D;s__Ruminiclostridium_D sp002306975,,vnfG
GB_GCA_002307035.1,vnfG,DBTL01000134.1_19_A,2.9e-28,95.8,2.5,5,118,20536-20892,-1,0,DBTL01000134.1,19,1,anfG,d__Bacteria;p__Bacteroidota;c__Bacteroidia;o__Bacteroidales;f__Bacteroidaceae;g__Bacteroides;s__Bacteroides sp002307035,,vnfG
GB_GCA_002307145.1,vnfG,DBTR01000004.1_3_A,2.9e-34,115.4,0.0,4,116,2256-2606,1,0,DBTR01000004.1,3,1,anfG,d__Bacteria;p__Pseudomonadota;c__Alphaproteobacteria;o__Rhodospirillales;f__Rhodospirillaceae;g__Oleispirillum;s__Oleispirillum sp002307145,,vnfG
GB_GCA_002307175.1,vnfG,DBTS01000093.1_14_A,7.600000000000001e-36,120.9,1.2,3,115,14772-15119,1,0,DBTS01000093.1,14,1,anfG,d__Bacteria;p__Pseudomonadota;c__Gammaproteobacteria;o__Burkholderiales;f__Rhodocyclaceae;g__Uliginosibacterium;s__Uliginosibacterium sp002307175,,vnfG
GB_GCA_002307185.1,vnfG,DBTT01000042.1_8_A,2.7e-29,99.1,4.5,5,118,6570-6926,-1,0,DBTT01000042.1,8,1,anfG,d__Bacteria;p__Bacteroidota;c__Bacteroidia;o__Bacteroidales;f__Dysgonomonadaceae;g__UBA1309;s__UBA1309 sp002307185,,vnfG
GB_GCA_002307215.1,vnfG,DBTU01000011.1_39_A,5e-38,127.7,2.8,0,112,49598-49936,-1,0,DBTU01000011.1,39,1,vnfG,d__Bacteria;p__Bacillota;c__Clostridia;o__Lachnospirales;f__Lachnospiraceae;g__Mobilitalea;s__Mobilitalea sp002307215,,vnfG
GB_GCA_002307315.1,vnfG,DBTZ01000067.1_14_A,6.0999999999999996e-43,142.8,0.5,4,116,14464-14814,1,0,DBTZ01000067.1,14,2,vnfG,d__Bacteria;p__Pseudomonadota;c__Alphaproteobacteria;o__Micropepsales;f__Micropepsaceae;g__Rhizomicrobium;s__Rhizomicrobium sp002307315,,vnfG
GB_GCA_002307725.1,vnfG,DBUB01000018.1_88_A,5.3000000000000005e-34,114.4,0.1,4,116,111766-112116,-1,0,DBUB01000018.1,88,1,vnfG,d__Bacteria;p__Pseudomonadota;c__Alphaproteobacteria;o__Micropepsales;f__Micropepsaceae;g__Rhizomicrobium;s__Rhizomicrobium sp002307725,,vnfG
GB_GCA_002367995.1,vnfG,AP018207.1_6557_B,1.4e-44,149.6,0.9,486,598,8361166-8362962,-1,0,AP018207.1,6557,12,vnfG,d__Bacteria;p__Cyanobacteriota;c__Cyanobacteriia;o__Cyanobacteriales;f__Nostocaceae;g__Aulosira;s__Aulosira brevissima,,vnfG
GB_GCA_002368155.1,vnfG,AP018180.1_807_B,1.9e-44,149.2,0.7,486,598,1006875-1008671,1,0,AP018180.1,807,14,vnfG,d__Bacteria;p__Cyanobacteriota;c__Cyanobacteriia;o__Cyanobacteriales;f__Nostocaceae;g__Aulosira;s__Aulosira carnea,,vnfG
GB_GCA_002368295.1,vnfG,AP018248.1_3871_B,2.3e-44,148.8,0.7,486,598,4919857-4921653,1,0,AP018248.1,3871,14,vnfG,d__Bacteria;p__Cyanobacteriota;c__Cyanobacteriia;o__Cyanobacteriales;f__Nostocaceae;g__Aulosira;s__Aulosira tenue,,vnfG
GB_GCA_002382085.1,vnfG,DFZK01000005.1_71_A,4.3e-36,120.7,0.2,5,117,74367-74720,1,0,DFZK01000005.1,71,1,anfG,d__Bacteria;p__Campylobacterota;c__Campylobacteria;o__Campylobacterales;f__Sulfurospirillaceae;g__Sulfurospirillum;s__Sulfurospirillum sp002382085,,vnfG
GB_GCA_002403785.1,vnfG,DHIM01000108.1_6_A,3.4e-44,147.4,0.6,0,112,3975-4313,1,0,DHIM01000108.1,6,1,vnfG,d__Bacteria;p__Bacillota;c__Clostridia;o__Clostridiales;f__Clostridiaceae;g__Clostridium_AD;s__Clostridium_AD sp002403785,,vnfG
GB_GCA_002413345.1,vnfG,DHWU01000023.1_42_A,2.6000000000000003e-33,111.7,0.5,15,130,34035-34427,-1,0,DHWU01000023.1,42,1,anfG,d__Bacteria;p__Actinomycetota;c__Actinomycetes;o__Propionibacteriales;f__Propionibacteriaceae;g__Propionicimonas;s__Propionicimonas sp002413345,,vnfG
GB_GCA_002422505.1,vnfG,DIVX01000074.1_17_A,4.8e-37,124.0,0.2,4,116,21367-21717,1,0,DIVX01000074.1,17,1,anfG,d__Bacteria;p__Desulfobacterota;c__Desulfovibrionia;o__Desulfovibrionales;f__Desulfovibrionaceae;g__Humidesulfovibrio;s__Humidesulfovibrio sp002422505,,vnfG
GB_GCA_002435715.1,vnfG,DISD01000051.1_28_A,5.1e-52,172.7,0.0,1,113,22588-22929,-1,0,DISD01000051.1,28,1,vnfG,d__Bacteria;p__Pseudomonadota;c__Alphaproteobacteria;o__Rhodospirillales;f__Magnetospirillaceae;g__Magnetospirillum;s__Magnetospirillum sp002435715,,vnfG
GB_GCA_002452335.1,vnfG,DKFJ01000006.1_208_A,2e-37,125.0,0.0,20,132,236378-236776,-1,0,DKFJ01000006.1,208,1,anfG,d__Bacteria;p__Chrysiogenota;c__Deferribacteres;o__Deferribacterales;f__Geovibrionaceae;g__Seleniivibrio;s__Seleniivibrio sp002452335,,vnfG
GB_GCA_002452405.1,vnfG,DKFP01000009.1_220_A,1.6000000000000001e-38,128.6,0.1,20,132,245407-245805,1,0,DKFP01000009.1,220,2,anfG,d__Bacteria;p__Chrysiogenota;c__Deferribacteres;o__Deferribacterales;f__Geovibrionaceae;g__Seleniivibrio;s__Seleniivibrio sp002452405,,vnfG
GB_GCA_002886105.1,vnfG,CP025776.1_4903_A,1.3e-22,79.4,0.1,2,79,2246811-2247050,1,0,CP025776.1,4903,3,anfG,d__Bacteria;p__Pseudomonadota;c__Gammaproteobacteria;o__Enterobacterales;f__Enterobacteriaceae;g__G002886105;s__G002886105 sp002886105,,vnfG
GB_GCA_003105285.1,vnfG,PQAN01000100.1_11_A,1e-51,171.8,0.1,1,113,9885-10226,-1,0,PQAN01000100.1,11,1,vnfG,d__Bacteria;p__Pseudomonadota;c__Alphaproteobacteria;o__Rhizobiales;f__Beijerinckiaceae;g__Methylosinus;s__Methylosinus sp003105285,,vnfG
GB_GCA_003154095.1,vnfG,PMCK01000589.1_65_A,1.1e-37,127.6,0.0,1,113,62347-62688,-1,0,PMCK01000589.1,65,1,vnfG,d__Bacteria;p__Myxococcota_A;c__Polyangia;o__Polyangiales;f__Polyangiaceae;g__FEN-1139;s__FEN-1139 sp003154095,,vnfG
GB_GCA_003158255.1,vnfG,PMIH01000030.1_61_A,3.7e-52,173.0,0.1,0,112,61425-61763,1,0,PMIH01000030.1,61,1,vnfG,d__Bacteria;p__Pseudomonadota;c__Gammaproteobacteria;o__Burkholderiales;f__Rhodocyclaceae;g__Fen-999;s__Fen-999 sp003158255,,vnfG
GB_GCA_003165295.1,vnfG,PLTC01000098.1_8_A,3.7e-52,173.1,0.1,1,113,5687-6028,-1,0,PLTC01000098.1,8,1,vnfG,d__Bacteria;p__Pseudomonadota;c__Alphaproteobacteria;o__Azospirillales;f__Azospirillaceae;g__BOG-933;s__BOG-933 sp003165295,,vnfG
GB_GCA_003246335.1,vnfG,QKAR01000043.1_10_A,7.8e-36,120.0,0.1,5,117,8547-8900,-1,0,QKAR01000043.1,10,1,anfG,d__Bacteria;p__Spirochaetota;c__Spirochaetia;o__Treponematales;f__Treponemataceae;g__Teretinema;s__Teretinema sp003246335,,vnfG
GB_GCA_003250275.1,vnfG,QKGW01000496.1_4_A,1.4e-31,106.6,0.0,28,140,3037-3459,1,0,QKGW01000496.1,4,1,anfG,d__Bacteria;p__Pseudomonadota;c__Alphaproteobacteria;o__Rhodospirillales;f__Rhodospirillaceae;g__Oleispirillum;s__Oleispirillum sp003250275,,vnfG
GB_GCA_003251535.1,vnfG,QKFD01000024.1_185_A,4.2e-51,169.7,0.1,5,117,204230-204583,-1,0,QKFD01000024.1,185,1,vnfG,d__Bacteria;p__Pseudomonadota;c__Gammaproteobacteria;o__Thiohalomonadales;f__Thiohalomonadaceae;g__SZUA-493;s__SZUA-493 sp003251535,,vnfG
GB_GCA_003326195.1,vnfG,LXQE01000005.1_14_B,1.1e-43,146.9,1.1,676,788,16794-19160,-1,0,LXQE01000005.1,14,1,vnfG,d__Bacteria;p__Cyanobacteriota;c__Cyanobacteriia;o__Cyanobacteriales;f__Nostocaceae;g__Nostoc;s__Nostoc punctiforme_A,,vnfG
GB_GCA_003501365.1,vnfG,DNPP01000004.1_25_A,3.9e-37,125.0,0.1,4,116,29824-30174,-1,0,DNPP01000004.1,25,1,anfG,d__Bacteria;p__Bacillota;c__UBA4882;o__UBA8346;f__UBA8346;g__UBA8346;s__UBA8346 sp003501365,,vnfG
GB_GCA_003501365.1,vnfG,DNPP01000004.1_38_A,2.2e-38,129.0,0.7,2,115,44005-44352,-1,0,DNPP01000004.1,38,1,vnfG,d__Bacteria;p__Bacillota;c__UBA4882;o__UBA8346;f__UBA8346;g__UBA8346;s__UBA8346 sp003501365,,vnfG
GB_GCA_003501375.1,vnfG,DNPO01000431.1_5_A,5.9e-39,130.1,0.3,4,116,2571-2921,1,0,DNPO01000431.1,5,1,anfG,d__Bacteria;p__Sumerlaeota;c__Sumerlaeia;o__UBA8349;f__UBA8349;g__UBA8349;s__UBA8349 sp003501375,,vnfG
GB_GCA_003574895.1,vnfG,PJFB01000002.1_331_A,2.5e-37,125.3,1.1,0,112,359251-359589,-1,0,PJFB01000002.1,331,1,anfG,d__Bacteria;p__Desulfobacterota;c__Desulfuromonadia;o__Geobacterales;f__Pseudopelobacteraceae;g__JACPFJ01;s__JACPFJ01 sp003574895,,vnfG
GB_GCA_003989065.1,vnfG,RXIW01000090.1_3_A,2.2e-48,160.6,0.0,0,112,2158-2496,1,0,RXIW01000090.1,3,1,vnfG,d__Bacteria;p__Pseudomonadota;c__Gammaproteobacteria;o__Competibacterales;f__Competibacteraceae;g__RXIW01;s__RXIW01 sp003989065,,vnfG
GB_GCA_003990955.1,vnfG,BIFV01000009.1_39_A,1.5000000000000002e-38,129.2,0.2,4,116,43865-44215,1,0,BIFV01000009.1,39,1,anfG,d__Bacteria;p__Bacillota;c__Negativicutes;o__DSM-1736;f__Dendrosporobacteraceae;g__BIFV01;s__BIFV01 sp003990955,,vnfG
GB_GCA_012031845.1,vnfG,JAAUTD010000318.1_3_A,8.000000000000001e-49,162.5,0.3,12,124,1428-1802,-1,0,JAAUTD010000318.1,3,1,vnfG,d__Bacteria;p__Pseudomonadota;c__Gammaproteobacteria;o__Competibacterales;f__Competibacteraceae;g__Contendibacter;s__Contendibacter sp012031845,,vnfG
GB_GCA_012972825.1,vnfG,JABDHL010000026.1_125_A,3.8e-37,124.2,0.1,3,115,137130-137477,1,0,JABDHL010000026.1,125,2,anfG,d__Bacteria;p__Bacteroidota;c__Chlorobiia;o__Chlorobiales;f__Chlorobiaceae;g__Chlorobium;s__Chlorobium sp012972825,,vnfG
GB_GCA_013334225.1,vnfG,JAAXXY010000035.1_17_A,1.1999999999999999e-35,119.5,0.5,3,115,16110-16457,1,0,JAAXXY010000035.1,17,1,anfG,d__Bacteria;p__Bacteroidota;c__Chlorobiia;o__Chlorobiales;f__Chlorobiaceae;g__Chlorobium;s__Chlorobium sp013334225,,vnfG
GB_GCA_013334335.1,vnfG,JAAXXR010000070.1_6_A,1.8e-36,121.7,0.4,3,115,3732-4079,1,0,JAAXXR010000070.1,6,1,anfG,d__Bacteria;p__Bacteroidota;c__Chlorobiia;o__Chlorobiales;f__Chlorobiaceae;g__Chlorobaculum;s__Chlorobaculum sp013334335,,vnfG
GB_GCA_013334435.1,vnfG,JAAXXP010000007.1_45_A,3.2e-19,66.0,0.0,0,85,48698-48955,-1,0,JAAXXP010000007.1,45,1,anfG,d__Bacteria;p__Bacteroidota;c__Chlorobiia;o__Chlorobiales;f__Chlorobiaceae;g__Chlorobium;s__Chlorobium sp013334435,,vnfG
GB_GCA_013334925.1,vnfG,JAAXWP010000011.1_20_A,4.4999999999999996e-35,117.4,0.4,3,115,20251-20598,1,0,JAAXWP010000011.1,20,1,anfG,d__Bacteria;p__Bacteroidota;c__Chlorobiia;o__Chlorobiales;f__Chlorobiaceae;g__Chlorobaculum;s__Chlorobaculum sp013334925,,vnfG
GB_GCA_013336025.1,vnfG,JAAXUM010000012.1_5_A,1.6e-37,125.2,0.5,3,115,3123-3470,-1,0,JAAXUM010000012.1,5,1,anfG,d__Bacteria;p__Bacteroidota;c__Chlorobiia;o__Chlorobiales;f__Chlorobiaceae;g__Chlorobium;s__Chlorobium sp013336025,,vnfG
GB_GCA_013426805.1,vnfG,JACDZG010000014.1_54_A,7.5e-50,166.4,0.0,4,116,69478-69828,1,0,JACDZG010000014.1,54,1,vnfG,d__Bacteria;p__Pseudomonadota;c__Gammaproteobacteria;o__Chromatiales;f__Chromatiaceae;g__Thiodictyon;s__Thiodictyon sp013426805,,vnfG
GB_GCA_014697355.1,vnfG,JACJRQ010000001.1_352_B,7.8e-48,160.0,1.7,598,710,450592-452724,-1,0,JACJRQ010000001.1,352,1,vnfG,d__Bacteria;p__Cyanobacteriota;c__Cyanobacteriia;o__Cyanobacteriales;f__Nostocaceae;g__Nostoc;s__Nostoc calcicola,,vnfG
GB_GCA_015548865.1,vnfG,JADMXW010000009.1_75_A,1.4e-34,116.8,0.1,2,114,75434-75778,-1,0,JADMXW010000009.1,75,1,anfG,d__Bacteria;p__Pseudomonadota;c__Gammaproteobacteria;o__Enterobacterales;f__Enterobacteriaceae;g__Symbiopectobacterium;s__Symbiopectobacterium marcescens_A,,vnfG
GB_GCA_015654525.1,vnfG,JAATGT010000298.1_5_A,4.2e-29,98.7,3.1,5,118,3027-3383,1,0,JAATGT010000298.1,5,1,anfG,d__Bacteria;p__Bacteroidota;c__Bacteroidia;o__Bacteroidales;f__Paludibacteraceae;g__Paludibacter;s__Paludibacter sp015654525,,vnfG
GB_GCA_015654535.1,vnfG,JAATGU010000114.1_29_A,6.8e-29,97.9,2.1,5,118,31042-31398,-1,0,JAATGU010000114.1,29,1,anfG,d__Bacteria;p__Bacteroidota;c__Bacteroidia;o__Bacteroidales;f__Bacteroidaceae;g__Bacteroides;s__Bacteroides sp015654535,,vnfG
GB_GCA_015654615.1,vnfG,JAATGN010000040.1_16_A,5e-31,105.4,0.2,2,114,13493-13837,-1,0,JAATGN010000040.1,16,1,anfG,d__Bacteria;p__Pseudomonadota;c__Alphaproteobacteria;o__Rhodospirillales;f__Magnetospirillaceae;g__Telmatospirillum;s__Telmatospirillum sp015654615,,vnfG
GB_GCA_015654615.1,vnfG,JAATGN010000058.1_2_A,1.9e-49,164.8,0.1,0,112,1629-1967,1,0,JAATGN010000058.1,2,1,vnfG,d__Bacteria;p__Pseudomonadota;c__Alphaproteobacteria;o__Rhodospirillales;f__Magnetospirillaceae;g__Telmatospirillum;s__Telmatospirillum sp015654615,,vnfG
GB_GCA_015654615.1,vnfG,JAATGN010000138.1_5_A,1.1e-49,165.5,0.1,0,112,4254-4592,1,0,JAATGN010000138.1,5,2,vnfG,d__Bacteria;p__Pseudomonadota;c__Alphaproteobacteria;o__Rhodospirillales;f__Magnetospirillaceae;g__Telmatospirillum;s__Telmatospirillum sp015654615,,vnfG
GB_GCA_015654635.1,vnfG,JAATGP010000008.1_8_A,2.5000000000000002e-30,102.7,0.2,29,141,4339-4764,-1,0,JAATGP010000008.1,8,1,anfG,d__Bacteria;p__Pseudomonadota;c__Alphaproteobacteria;o__Micropepsales;f__Micropepsaceae;g__Rhizomicrobium;s__Rhizomicrobium sp015654635,,vnfG
GB_GCA_015654715.1,vnfG,JAATGK010000504.1_2_A,1.5e-34,116.1,0.0,4,116,1705-2055,1,0,JAATGK010000504.1,2,1,vnfG,d__Bacteria;p__Pseudomonadota;c__Alphaproteobacteria;o__Micropepsales;f__Micropepsaceae;g__Rhizomicrobium;s__Rhizomicrobium sp015654715,,vnfG
GB_GCA_015654745.1,vnfG,JAATGH010000045.1_6_A,1.6e-36,123.0,0.0,4,116,5560-5910,-1,0,JAATGH010000045.1,6,1,anfG,d__Bacteria;p__Pseudomonadota;c__Gammaproteobacteria;o__Enterobacterales;f__Enterobacteriaceae;g__Acerihabitans;s__Acerihabitans sp015654745,,vnfG
GB_GCA_015654835.1,vnfG,JAATGG010000122.1_22_A,1.3000000000000001e-33,113.4,0.5,4,116,25877-26227,-1,0,JAATGG010000122.1,22,1,anfG,d__Bacteria;p__Acidobacteriota;c__Terriglobia;o__Terriglobales;f__Acidobacteriaceae;g__Telmatobacter;s__Telmatobacter sp015654835,,vnfG
GB_GCA_015654985.1,vnfG,JAATFW010000214.1_3_A,2.5e-35,118.9,0.3,3,115,1855-2202,1,0,JAATFW010000214.1,3,1,anfG,d__Bacteria;p__Bacteroidota;c__Bacteroidia;o__Sphingobacteriales;f__Sphingobacteriaceae;g__Arcticibacter;s__Arcticibacter sp015654985,,vnfG
GB_GCA_015655075.1,vnfG,JAATFT010000093.1_13_A,3.3000000000000002e-37,124.9,0.5,10,122,11833-12201,1,0,JAATFT010000093.1,13,1,anfG,d__Bacteria;p__Bacillota;c__Clostridia;o__Lachnospirales;f__Lachnospiraceae;g__Anaerocolumna;s__Anaerocolumna sp015655075,,vnfG
GB_GCA_015655365.1,vnfG,JAATFE010000358.1_12_A,1.4e-34,115.8,0.3,0,112,13697-14035,-1,0,JAATFE010000358.1,12,1,anfG,d__Bacteria;p__Acidobacteriota;c__Terriglobia;o__Terriglobales;f__Acidobacteriaceae;g__Telmatobacter;s__Telmatobacter sp015655365,,vnfG
GB_GCA_015655565.1,vnfG,JAATEU010000056.1_6_A,1.8999999999999998e-39,131.9,0.2,4,116,4224-4574,-1,0,JAATEU010000056.1,6,1,anfG,d__Bacteria;p__Bacillota;c__Clostridia;o__Lachnospirales;f__Lachnospiraceae;g__Anaerocolumna;s__Anaerocolumna sp015655565,,vnfG
GB_GCA_015709205.1,vnfG,JACCQO010000008.1_39_A,1.6999999999999999e-35,119.3,0.1,4,116,44161-44511,-1,0,JACCQO010000008.1,39,1,anfG,d__Bacteria;p__Desulfobacterota;c__Desulfovibrionia;o__Desulfovibrionales;f__Desulfovibrionaceae;g__JACCQO01;s__JACCQO01 sp015709205,,vnfG
GB_GCA_016213825.1,vnfG,JACQZP010000031.1_39_A,1.6e-37,125.7,1.0,4,116,45654-46004,-1,0,JACQZP010000031.1,39,1,anfG,d__Bacteria;p__Bacillota;c__Clostridia;o__Eubacteriales;f__Eubacteriaceae;g__Acetobacterium;s__Acetobacterium woodii_A,,vnfG
GB_GCA_016215605.1,vnfG,JACRJB010000068.1_90_A,3.2000000000000005e-33,112.5,0.3,29,141,96702-97127,1,0,JACRJB010000068.1,90,4,anfG,d__Bacteria;p__Pseudomonadota;c__Alphaproteobacteria;o__Rhizobiales;f__Xanthobacteraceae;g__Rhodopseudomonas;s__Rhodopseudomonas palustris_L,,vnfG
GB_GCA_016215605.1,vnfG,JACRJB010000068.1_116_A,4e-48,160.5,0.0,1,113,126469-126810,1,0,JACRJB010000068.1,116,5,vnfG,d__Bacteria;p__Pseudomonadota;c__Alphaproteobacteria;o__Rhizobiales;f__Xanthobacteraceae;g__Rhodopseudomonas;s__Rhodopseudomonas palustris_L,,vnfG
GB_GCA_016793875.1,vnfG,JAEULG010000021.1_13_A,5.7e-48,159.3,0.0,0,112,12555-12893,-1,0,JAEULG010000021.1,13,1,vnfG,d__Bacteria;p__Pseudomonadota;c__Alphaproteobacteria;o__Rhodospirillales;f__Defluviicoccaceae;g__Defluviicoccus;s__Defluviicoccus sp016793875,,vnfG
GB_GCA_016903675.1,vnfG,JADQBA010000100.1_26_B,4.8e-47,157.8,1.6,575,696,23080-25170,1,0,JADQBA010000100.1,26,1,vnfG,d__Bacteria;p__Cyanobacteriota;c__Cyanobacteriia;o__Cyanobacteriales;f__Nostocaceae;g__Stigonema;s__Stigonema ocellatum,,vnfG
GB_GCA_017860295.1,vnfG,JAFNAS010000019.1_48_A,5.1e-29,98.1,2.1,5,118,54197-54553,-1,0,JAFNAS010000019.1,48,1,anfG,d__Bacteria;p__Bacteroidota;c__Bacteroidia;o__Bacteroidales;f__Paludibacteraceae;g__Microbacter;s__Microbacter sp017860295,,vnfG
GB_GCA_017889635.1,vnfG,JAGGAC010000077.1_2_A,6.899999999999999e-39,130.5,0.0,4,116,959-1309,-1,0,JAGGAC010000077.1,2,1,anfG,d__Bacteria;p__Bacillota;c__Negativicutes;o__Sporomusales;f__CTSoil-080;g__CTSoil-080;s__CTSoil-080 sp017889635,,vnfG
GB_GCA_017889725.1,vnfG,JAGGAE010000092.1_3_A,1.4e-37,125.1,1.2,0,112,1955-2293,-1,0,JAGGAE010000092.1,3,1,anfG,d__Bacteria;p__Bacillota;c__Negativicutes;o__Sporomusales;f__CTSoil-080;g__CTSoil-081;s__CTSoil-081 sp017889725,,vnfG
GB_GCA_017982655.1,vnfG,JABXYX010000042.1_2_A,8.2e-46,153.5,0.2,487,599,1899-3698,-1,0,JABXYX010000042.1,2,1,nifD,d__Bacteria;p__Cyanobacteriota;c__Cyanobacteriia;o__Cyanobacteriales;f__Nostocaceae;g__Brasilonema;s__Brasilonema sp017982655,,vnfG
GB_GCA_018241685.1,vnfG,JAFEDJ010000039.1_37_A,9.3e-47,156.1,0.0,1,113,36168-36509,1,0,JAFEDJ010000039.1,37,1,vnfG,d__Bacteria;p__Pseudomonadota;c__Gammaproteobacteria;o__Burkholderiales;f__Rhodocyclaceae;g__Zoogloea;s__Zoogloea sp018241685,,vnfG
GB_GCA_018241725.1,vnfG,JAFEDI010000127.1_36_A,7.5e-47,156.4,0.0,1,113,31719-32060,-1,0,JAFEDI010000127.1,36,1,vnfG,d__Bacteria;p__Pseudomonadota;c__Gammaproteobacteria;o__Burkholderiales;f__Rhodocyclaceae;g__Zoogloea;s__Zoogloea sp018241725,,vnfG
GB_GCA_018261905.1,vnfG,JAGTRU010000040.1_20_A,9.7e-53,175.1,0.1,1,113,18028-18369,1,0,JAGTRU010000040.1,20,1,vnfG,d__Bacteria;p__Pseudomonadota;c__Gammaproteobacteria;o__Burkholderiales;f__Rhodocyclaceae;g__Azonexus;s__Azonexus sp018261905,,vnfG
GB_GCA_018262235.1,vnfG,JAGTRY010000045.1_34_A,2.5e-28,96.3,0.0,4,117,40413-40766,1,0,JAGTRY010000045.1,34,1,anfG,d__Bacteria;p__Pseudomonadota;c__Gammaproteobacteria;o__Burkholderiales;f__Rhodocyclaceae;g__Uliginosibacterium;s__Uliginosibacterium sp018262235,,vnfG
GB_GCA_018262505.1,vnfG,JAGSYV010000023.1_37_A,5.7e-33,111.6,0.1,29,141,38720-39145,-1,0,JAGSYV010000023.1,37,1,anfG,d__Bacteria;p__Pseudomonadota;c__Alphaproteobacteria;o__Rhizobiales;f__Pleomorphomonadaceae;g__Pleomorphomonas;s__Pleomorphomonas sp018262505,,vnfG
GB_GCA_018262505.1,vnfG,JAGSYV010000169.1_6_A,2.6999999999999997e-31,106.2,0.1,29,141,4824-5249,-1,0,JAGSYV010000169.1,6,1,anfG,d__Bacteria;p__Pseudomonadota;c__Alphaproteobacteria;o__Rhizobiales;f__Pleomorphomonadaceae;g__Pleomorphomonas;s__Pleomorphomonas sp018262505,,vnfG
GB_GCA_019359415.1,vnfG,JAHHHH010000012.1_67_B,6.6e-45,150.5,0.6,487,599,57187-58986,-1,0,JAHHHH010000012.1,67,1,vnfG,d__Bacteria;p__Cyanobacteriota;c__Cyanobacteriia;o__Cyanobacteriales;f__Nostocaceae;g__Brasilonema;s__Brasilonema sp019359415,,vnfG
GB_GCA_019359415.1,vnfG,JAHHHH010000027.1_24_B,0.00047,18.9,0.0,477,531,26090-28243,-1,0,JAHHHH010000027.1,24,1,vnfG,d__Bacteria;p__Cyanobacteriota;c__Cyanobacteriia;o__Cyanobacteriales;f__Nostocaceae;g__Brasilonema;s__Brasilonema sp019359415,,vnfG
GB_GCA_019359515.1,vnfG,JAHHHC010000032.1_22_B,8.2e-47,156.5,1.2,588,700,21770-23872,-1,0,JAHHHC010000032.1,22,1,vnfG,d__Bacteria;p__Cyanobacteriota;c__Cyanobacteriia;o__Cyanobacteriales;f__Nostocaceae;g__Desmonostoc;s__Desmonostoc vinosum,,vnfG
GB_GCA_019359695.1,vnfG,JAHHGV010000017.1_1_A,1.6e-46,155.8,0.3,89,201,3-608,1,0,JAHHGV010000017.1,1,1,vnfG,d__Bacteria;p__Cyanobacteriota;c__Cyanobacteriia;o__Cyanobacteriales;f__Nostocaceae;g__Brasilonema;s__Brasilonema angustatum,,vnfG
GB_GCA_020692325.1,vnfG,JAIMKR010000007.1_130_A,7e-35,116.9,0.0,14,126,149100-149480,1,0,JAIMKR010000007.1,130,1,anfG,d__Bacteria;p__Desulfobacterota;c__Desulfovibrionia;o__Desulfovibrionales;f__Desulfovibrionaceae;g__Humidesulfovibrio;s__Humidesulfovibrio sp020692325,,vnfG
GB_GCA_021286985.1,vnfG,JAJTBJ010000005.1_2_A,8.6e-34,113.3,0.1,14,126,1703-2083,-1,0,JAJTBJ010000005.1,2,1,anfG,d__Bacteria;p__Actinomycetota;c__Actinomycetes;o__Propionibacteriales;f__Propionibacteriaceae;g__Propionicimonas;s__Propionicimonas sp021286985,,vnfG
GB_GCA_021779235.1,vnfG,JAJYBA010000030.1_5_A,4e-38,126.7,3.1,0,112,4879-5217,-1,0,JAJYBA010000030.1,5,1,vnfG,d__Bacteria;p__Bacillota;c__Clostridia;o__Clostridiales;f__Clostridiaceae;g__Clostridium_AD;s__Clostridium_AD sp021779235,,vnfG
GB_GCA_021781655.1,vnfG,JAJXWJ010000037.1_15_A,8.200000000000001e-38,126.7,3.1,0,112,16571-16909,-1,0,JAJXWJ010000037.1,15,1,vnfG,d__Bacteria;p__Bacillota;c__Clostridia;o__Clostridiales;f__Clostridiaceae;g__JAJXWJ01;s__JAJXWJ01 sp021781655,,vnfG
GB_GCA_021781745.1,vnfG,JAJXWH010000032.1_25_A,3.7e-39,131.6,0.4,0,113,22602-22943,-1,0,JAJXWH010000032.1,25,2,vnfG,d__Bacteria;p__Bacillota;c__Clostridia;o__Clostridiales;f__Clostridiaceae;g__Clostridium;s__Clostridium sp021781745,,vnfG
GB_GCA_021782815.1,vnfG,JAJXUO010000019.1_8_A,3.5e-51,169.7,0.0,1,113,4716-5057,-1,0,JAJXUO010000019.1,8,1,vnfG,d__Bacteria;p__Pseudomonadota;c__Alphaproteobacteria;o__Rhodospirillales;f__Magnetospirillaceae;g__JAJZGK01;s__JAJZGK01 sp021782815,,vnfG
GB_GCA_021798485.1,vnfG,JAJZGK010000067.1_9_A,2.3e-51,170.2,0.0,1,113,8350-8691,1,0,JAJZGK010000067.1,9,2,vnfG,d__Bacteria;p__Pseudomonadota;c__Alphaproteobacteria;o__Rhodospirillales;f__Magnetospirillaceae;g__JAJZGK01;s__JAJZGK01 sp021798485,,vnfG
GB_GCA_021827445.1,vnfG,JAKAVW010000005.1_25_A,8.6e-42,139.6,0.1,4,116,22976-23326,1,0,JAKAVW010000005.1,25,2,vnfG,d__Bacteria;p__Pseudomonadota;c__Gammaproteobacteria;o__Acidithiobacillales;f__Acidithiobacillaceae;g__Acidithiobacillus;s__Acidithiobacillus sp021827445,,vnfG
GB_GCA_022378355.1,vnfG,JAKMAJ010000002.1_91_A,1.3e-34,116.8,0.3,6,118,97513-97869,-1,0,JAKMAJ010000002.1,91,1,anfG,d__Bacteria;p__Pseudomonadota;c__Gammaproteobacteria;o__Enterobacterales;f__Enterobacteriaceae;g__Brenneria;s__Brenneria bubanii,,vnfG
GB_GCA_023249405.1,vnfG,JAHFCR010000013.1_29_A,1.1e-37,126.2,0.4,0,112,29441-29779,1,0,JAHFCR010000013.1,29,1,anfG,d__Bacteria;p__Bacillota;c__DSM-12270;o__Thermacetogeniales;f__Thermacetogeniaceae;g__Palsa-1188;s__Palsa-1188 sp023249405,,vnfG
GB_GCA_023386035.1,vnfG,JAEWKM010000045.1_10_A,1.5e-31,106.0,0.1,5,117,9316-9669,-1,0,JAEWKM010000045.1,10,1,anfG,d__Bacteria;p__Desulfobacterota;c__Desulfovibrionia;o__Desulfovibrionales;f__Desulfovibrionaceae;g__Desulfovibrio;s__Desulfovibrio sp023386035,,vnfG
GB_GCA_023386445.1,vnfG,JAEWJR010000083.1_16_A,4.4e-36,121.4,0.3,5,117,20381-20734,-1,0,JAEWJR010000083.1,16,1,anfG,d__Bacteria;p__Bacillota;c__Clostridia;o__Acetivibrionales;f__DSM-1351;g__Ruminiclostridium;s__Ruminiclostridium sp023386445,,vnfG
GB_GCA_023388195.1,vnfG,JAEWGR010000043.1_29_A,1.4e-37,126.3,0.1,4,116,28361-28711,1,0,JAEWGR010000043.1,29,1,anfG,d__Bacteria;p__Bacillota;c__Negativicutes;o__Sporomusales;f__Sporomusaceae;g__Sporomusa;s__Sporomusa sp023388195,,vnfG
GB_GCA_023390115.1,vnfG,JAEWDM010000011.1_84_A,3.6999999999999997e-41,137.6,0.3,0,113,80674-81015,1,0,JAEWDM010000011.1,84,1,vnfG,d__Bacteria;p__Bacillota;c__Clostridia;o__Acetivibrionales;f__DSM-27016;g__Anaerobacterium;s__Anaerobacterium sp023390115,,vnfG
GB_GCA_023390115.1,vnfG,JAEWDM010000016.1_119_A,7.4e-39,130.2,0.3,4,116,144531-144881,1,0,JAEWDM010000016.1,119,1,anfG,d__Bacteria;p__Bacillota;c__Clostridia;o__Acetivibrionales;f__DSM-27016;g__Anaerobacterium;s__Anaerobacterium sp023390115,,vnfG
GB_GCA_023390395.1,vnfG,JAEWCY010000132.1_48_A,2.1000000000000002e-36,122.4,0.7,4,116,54199-54549,-1,0,JAEWCY010000132.1,48,1,anfG,d__Bacteria;p__Desulfobacterota;c__Desulfovibrionia;o__Desulfovibrionales;f__Desulfovibrionaceae;g__Solidesulfovibrio;s__Solidesulfovibrio sp023390395,,vnfG
GB_GCA_023390555.1,vnfG,JAEWCQ010000016.1_12_A,6.1e-37,124.1,0.4,5,117,10671-11024,1,0,JAEWCQ010000016.1,12,1,anfG,d__Bacteria;p__Bacillota;c__Clostridia;o__Lachnospirales;f__Lachnospiraceae;g__Roseburia_C;s__Roseburia_C sp023390555,,vnfG
GB_GCA_023391695.1,vnfG,JAEWAK010000045.1_41_A,3.8000000000000005e-38,128.4,0.2,0,112,37538-37876,1,0,JAEWAK010000045.1,41,1,anfG,d__Bacteria;p__Bacillota;c__Clostridia;o__Lachnospirales;f__Lachnospiraceae;g__Anaerocolumna;s__Anaerocolumna sp023391695,,vnfG
GB_GCA_023392075.1,vnfG,JAEVZU010000095.1_5_A,2.4e-34,116.1,0.2,5,117,4345-4698,1,0,JAEVZU010000095.1,5,1,anfG,d__Bacteria;p__Bacillota;c__Clostridia;o__Acetivibrionales;f__DSM-1351;g__Ruminiclostridium;s__Ruminiclostridium sp023392075,,vnfG
GB_GCA_023392595.1,vnfG,JAEVYU010000055.1_50_A,2.2e-38,129.2,0.2,7,119,57371-57730,1,0,JAEVYU010000055.1,50,1,anfG,d__Bacteria;p__Bacillota;c__UBA4882;o__UBA8346;f__UBA8346;g__UBA8346;s__UBA8346 sp023392595,,vnfG
GB_GCA_023392615.1,vnfG,JAEVYT010000017.1_393_A,9e-38,126.7,0.2,5,117,441802-442155,1,0,JAEVYT010000017.1,393,2,anfG,d__Bacteria;p__Bacillota;c__Clostridia;o__Lachnospirales;f__Lachnospiraceae;g__Mobilitalea;s__Mobilitalea sp023392615,,vnfG
GB_GCA_023397905.1,vnfG,JAEWSZ010000134.1_75_A,8.7e-37,124.0,0.6,5,117,81831-82184,-1,0,JAEWSZ010000134.1,75,1,anfG,d__Bacteria;p__Bacillota;c__Clostridia;o__Acetivibrionales;f__DSM-1351;g__Ruminiclostridium;s__Ruminiclostridium sp023397905,,vnfG
GB_GCA_023398615.1,vnfG,JAEWSD010000210.1_8_A,2.7e-37,125.1,0.9,5,117,5927-6280,1,0,JAEWSD010000210.1,8,1,anfG,d__Bacteria;p__Bacillota;c__Clostridia;o__Lachnospirales;f__Lachnospiraceae;g__Anaerocolumna;s__Anaerocolumna sp023398615,,vnfG
GB_GCA_023398615.1,vnfG,JAEWSD010000222.1_15_A,1.1999999999999999e-39,132.7,0.7,0,112,15901-16239,-1,0,JAEWSD010000222.1,15,1,vnfG,d__Bacteria;p__Bacillota;c__Clostridia;o__Lachnospirales;f__Lachnospiraceae;g__Anaerocolumna;s__Anaerocolumna sp023398615,,vnfG
GB_GCA_023399355.1,vnfG,JAEWQC010000274.1_8_A,5.9e-42,140.6,0.7,0,113,5588-5929,1,0,JAEWQC010000274.1,8,1,vnfG,d__Bacteria;p__Bacillota;c__Clostridia;o__Acetivibrionales;f__DTU013;g__UBA1305;s__UBA1305 sp023399355,,vnfG
GB_GCA_023399375.1,vnfG,JAEWPX010000116.1_5_A,1.8e-36,122.6,0.9,4,116,3318-3668,1,0,JAEWPX010000116.1,5,1,anfG,d__Bacteria;p__Desulfobacterota;c__Desulfovibrionia;o__Desulfovibrionales;f__Desulfovibrionaceae;g__Solidesulfovibrio;s__Solidesulfovibrio sp023399375,,vnfG
GB_GCA_023400055.1,vnfG,JAEXFN010000018.1_380_A,7.9e-39,130.5,0.0,5,117,453315-453668,-1,0,JAEXFN010000018.1,380,1,anfG,d__Bacteria;p__Bacillota;c__UBA4882;o__UBA8346;f__UBA8346;g__Hydrogenispora;s__Hydrogenispora sp023400055,,vnfG
GB_GCA_023400235.1,vnfG,JAEXFI010000041.1_66_A,1.6999999999999999e-35,119.6,0.6,4,116,76888-77238,-1,0,JAEXFI010000041.1,66,1,anfG,d__Bacteria;p__Bacillota;c__Clostridia;o__Acetivibrionales;f__DSM-1351;g__Ruminiclostridium;s__Ruminiclostridium sp023400235,,vnfG
GB_GCA_023401925.1,vnfG,JAEXDA010000039.1_109_A,5.4e-38,127.9,0.1,7,119,107265-107624,-1,0,JAEXDA010000039.1,109,1,anfG,d__Bacteria;p__Bacillota;c__UBA4882;o__UBA8346;f__UBA8346;g__UBA8346;s__UBA8346 sp023401925,,vnfG
GB_GCA_023402395.1,vnfG,JAEYGI010000069.1_5_A,5.3e-40,134.2,0.0,4,116,3319-3669,-1,0,JAEYGI010000069.1,5,1,anfG,d__Bacteria;p__Bacillota;c__UBA4882;o__UBA8346;f__UBA8346;g__JAEYGI01;s__JAEYGI01 sp023402395,,vnfG
GB_GCA_023407575.1,vnfG,JAEYLX010000019.1_71_A,6.1e-36,121.1,0.2,5,117,103289-103642,-1,0,JAEYLX010000019.1,71,1,anfG,d__Bacteria;p__Bacillota;c__Clostridia;o__Lachnospirales;f__Lachnospiraceae;g__Mobilitalea;s__Mobilitalea sp023407575,,vnfG
GB_GCA_023408075.1,vnfG,JAEYKW010000009.1_30_A,6.2e-35,117.5,0.3,3,115,29097-29444,1,0,JAEYKW010000009.1,30,1,anfG,d__Bacteria;p__Bacillota;c__Clostridia;o__Christensenellales;f__SZUA-584;g__SZUA-584;s__SZUA-584 sp023408075,,vnfG
GB_GCA_023408315.1,vnfG,JAEYKI010000006.1_105_A,5.4e-34,114.4,0.3,0,112,120363-120701,-1,0,JAEYKI010000006.1,105,1,anfG,d__Bacteria;p__Bacillota;c__Clostridia;o__Christensenellales;f__Christensenellaceae;g__JAEYKI01;s__JAEYKI01 sp023408315,,vnfG
GB_GCA_023410275.1,vnfG,JAEYPZ010000059.1_19_A,1.5000000000000002e-38,129.7,0.1,5,117,18580-18933,1,0,JAEYPZ010000059.1,19,1,anfG,d__Bacteria;p__Bacillota;c__Clostridia;o__Lachnospirales;f__Lachnospiraceae;g__Anaerocolumna;s__Anaerocolumna sp023410275,,vnfG
GB_GCA_023410535.1,vnfG,JAEYPR010000036.1_116_A,4.9e-38,127.4,0.0,4,116,123779-124129,-1,0,JAEYPR010000036.1,116,1,anfG,d__Bacteria;p__Bacillota;c__UBA4882;o__UBA8346;f__UBA8346;g__JAEYPR01;s__JAEYPR01 sp023410535,,vnfG
GB_GCA_023415815.1,vnfG,JAEZJL010000386.1_11_A,3.8e-40,134.4,0.2,6,118,9538-9894,-1,0,JAEZJL010000386.1,11,1,anfG,d__Bacteria;p__Bacillota;c__Clostridia;o__Acetivibrionales;f__DTU013;g__JAEZJL01;s__JAEZJL01 sp023415815,,vnfG
GB_GCA_023415815.1,vnfG,JAEZJL010000433.1_6_A,5.5e-41,137.1,0.6,0,113,5792-6133,-1,0,JAEZJL010000433.1,6,1,vnfG,d__Bacteria;p__Bacillota;c__Clostridia;o__Acetivibrionales;f__DTU013;g__JAEZJL01;s__JAEZJL01 sp023415815,,vnfG
GB_GCA_023417475.1,vnfG,JAEZFP010000059.1_128_A,1.1e-37,126.4,0.1,4,116,117345-117695,1,0,JAEZFP010000059.1,128,1,anfG,d__Bacteria;p__Bacillota;c__UBA4882;o__UBA8346;f__UBA8346;g__JAEYPR01;s__JAEYPR01 sp023417475,,vnfG
GB_GCA_023417745.1,vnfG,JAEZEM010000176.1_4_A,1.5e-36,122.8,0.4,4,116,2590-2940,-1,0,JAEZEM010000176.1,4,1,anfG,d__Bacteria;p__Desulfobacterota;c__Desulfovibrionia;o__Desulfovibrionales;f__Desulfovibrionaceae;g__Solidesulfovibrio;s__Solidesulfovibrio sp023417745,,vnfG
GB_GCA_023419375.1,vnfG,JAEZYD010000024.1_27_A,2.7e-33,112.0,0.0,5,117,32643-32996,-1,0,JAEZYD010000024.1,27,1,anfG,d__Bacteria;p__Desulfobacterota;c__Desulfovibrionia;o__Desulfovibrionales;f__Desulfovibrionaceae;g__Desulfovibrio;s__Desulfovibrio sp023419375,,vnfG
GB_GCA_023423335.1,vnfG,JAFAFU010000074.1_63_A,4.2000000000000005e-36,121.3,0.2,4,116,65755-66105,-1,0,JAFAFU010000074.1,63,1,anfG,d__Bacteria;p__Bacillota;c__Clostridia;o__Lachnospirales;f__Lachnospiraceae;g__Mobilitalea;s__Mobilitalea sp023423335,,vnfG
GB_GCA_023424965.1,vnfG,JAFADI010000182.1_57_A,1.3999999999999999e-39,133.0,0.1,4,116,66291-66641,1,0,JAFADI010000182.1,57,1,anfG,d__Bacteria;p__Bacillota;c__Clostridia;o__Acetivibrionales;f__JAFADI01;g__JAFADI01;s__JAFADI01 sp023424965,,vnfG
GB_GCA_023424995.1,vnfG,JAFADH010000279.1_13_A,7.5e-35,117.6,0.3,5,117,11788-12141,1,0,JAFADH010000279.1,13,1,anfG,d__Bacteria;p__Bacillota;c__Clostridia;o__Lachnospirales;f__Lachnospiraceae;g__Mobilitalea;s__Mobilitalea sp023424995,,vnfG
GB_GCA_023425485.1,vnfG,JAFACO010000583.1_2_A,5.9e-36,121.0,0.3,5,117,313-666,-1,0,JAFACO010000583.1,2,1,anfG,d__Bacteria;p__Bacillota;c__Clostridia;o__Lachnospirales;f__Lachnospiraceae;g__Mobilitalea;s__Mobilitalea sp023425485,,vnfG
GB_GCA_023426125.1,vnfG,JAFABI010000007.1_21_A,8.9e-38,127.5,0.2,4,116,18321-18671,1,0,JAFABI010000007.1,21,1,anfG,d__Bacteria;p__Bacillota;c__Clostridia;o__Acetivibrionales;f__DTU013;g__MnB-11;s__MnB-11 sp023426125,,vnfG
GB_GCA_023426245.1,vnfG,JAFABB010000050.1_29_A,1.3000000000000001e-37,126.8,0.1,7,119,35474-35833,1,0,JAFABB010000050.1,29,1,anfG,d__Bacteria;p__Bacillota;c__UBA4882;o__UBA8346;f__UBA8346;g__UBA8346;s__UBA8346 sp023426245,,vnfG
GB_GCA_023429995.1,vnfG,JAEZCE010000028.1_14_A,4.7e-37,125.1,0.1,7,119,10828-11187,-1,0,JAEZCE010000028.1,14,1,anfG,d__Bacteria;p__Bacillota;c__UBA4882;o__UBA8346;f__UBA8346;g__UBA8346;s__UBA8346 sp023429995,,vnfG
GB_GCA_023433405.1,vnfG,JAEZCT010000019.1_8_A,1.9000000000000002e-36,122.0,0.6,5,117,7951-8304,-1,0,JAEZCT010000019.1,8,1,anfG,d__Bacteria;p__Bacillota;c__Clostridia;o__Oscillospirales;f__Ruminococcaceae;g__Acetanaerobacterium;s__Acetanaerobacterium sp023433405,,vnfG
GB_GCA_023435825.1,vnfG,JAEZMB010000328.1_2_A,1.8e-36,122.5,0.1,4,116,1583-1933,-1,0,JAEZMB010000328.1,2,1,anfG,d__Bacteria;p__Desulfobacterota;c__Desulfovibrionia;o__Desulfovibrionales;f__Desulfovibrionaceae;g__Solidesulfovibrio;s__Solidesulfovibrio sp023435825,,vnfG
GB_GCA_023435985.1,vnfG,JAEZKY010000376.1_13_A,1.1e-33,114.2,1.4,4,116,11487-11837,-1,0,JAEZKY010000376.1,13,1,anfG,d__Bacteria;p__Bacillota;c__Clostridia;o__Clostridiales;f__Clostridiaceae;g__Clostridium;s__Clostridium sp023435985,,vnfG
GB_GCA_023439505.1,vnfG,JAEXNR010000001.1_12_A,5.5e-35,118.1,1.3,5,117,12060-12413,-1,0,JAEXNR010000001.1,12,1,anfG,d__Bacteria;p__Bacillota;c__Clostridia;o__Lachnospirales;f__Lachnospiraceae;g__Mobilitalea;s__Mobilitalea sp023439505,,vnfG
GB_GCA_023441965.1,vnfG,JAEZNB010000112.1_2_A,4.4e-39,130.7,0.1,5,117,970-1323,1,0,JAEZNB010000112.1,2,1,anfG,d__Bacteria;p__Bacillota;c__Clostridia;o__Lachnospirales;f__Lachnospiraceae;g__Mobilitalea;s__Mobilitalea sp023441965,,vnfG
GB_GCA_023446675.1,vnfG,JAEXPO010000607.1_8_A,5.2e-38,127.4,0.3,4,116,5306-5656,-1,0,JAEXPO010000607.1,8,1,anfG,d__Bacteria;p__Bacillota;c__Clostridia;o__DSM-8532;f__DSM-8532;g__DTU059;s__DTU059 sp023446675,,vnfG
GB_GCA_023454275.1,vnfG,JAEYGM010000006.1_18_A,5.1e-40,133.9,0.1,11,123,17150-17521,-1,0,JAEYGM010000006.1,18,1,anfG,d__Bacteria;p__Bacillota;c__Clostridia;o__Acetivibrionales;f__DSM-2933;g__JAEYGM01;s__JAEYGM01 sp023454275,,vnfG
GB_GCA_023454275.1,vnfG,JAEYGM010000020.1_137_A,1.5e-41,138.8,0.5,0,113,160494-160835,1,0,JAEYGM010000020.1,137,1,vnfG,d__Bacteria;p__Bacillota;c__Clostridia;o__Acetivibrionales;f__DSM-2933;g__JAEYGM01;s__JAEYGM01 sp023454275,,vnfG
GB_GCA_023458095.1,vnfG,JAEXAS010000034.1_6_A,1.3000000000000001e-32,109.5,0.1,15,127,4295-4678,-1,0,JAEXAS010000034.1,6,1,anfG,d__Bacteria;p__Actinomycetota;c__Actinomycetes;o__Propionibacteriales;f__Propionibacteriaceae;g__Propionicimonas;s__Propionicimonas sp023458095,,vnfG
GB_GCA_023460395.1,vnfG,JAEWQB010000015.1_51_A,2.7e-36,121.5,1.6,4,116,68888-69238,-1,0,JAEWQB010000015.1,51,1,anfG,d__Bacteria;p__Desulfobacterota;c__Desulfovibrionia;o__Desulfovibrionales;f__Desulfovibrionaceae;g__Halodesulfovibrio;s__Halodesulfovibrio sp023460395,,vnfG
GB_GCA_024707145.1,vnfG,JANQAI010000003.1_208_A,2.7e-53,177.1,0.1,1,113,201767-202108,-1,0,JANQAI010000003.1,208,1,vnfG,d__Bacteria;p__Pseudomonadota;c__Alphaproteobacteria;o__Rhodospirillales;f__Magnetospirillaceae;g__Magnetospirillum;s__Magnetospirillum sp024707145,,vnfG
GB_GCA_026390855.1,vnfG,JAPLFE010000079.1_33_A,3.6e-37,124.3,0.2,3,115,40474-40821,-1,0,JAPLFE010000079.1,33,1,anfG,d__Bacteria;p__Bacteroidota;c__Chlorobiia;o__Chlorobiales;f__Chlorobiaceae;g__Chlorobium;s__Chlorobium sp026390855,,vnfG
GB_GCA_028681335.1,vnfG,JAQUIT010000001.1_58_A,2.8e-37,125.1,0.4,0,112,64588-64926,-1,0,JAQUIT010000001.1,58,1,anfG,d__Bacteria;p__Desulfobacterota;c__Desulfuromonadia;o__Geobacterales;f__Pseudopelobacteraceae;g__JACRCG01;s__JACRCG01 sp028681335,,vnfG
GB_GCA_028683595.1,vnfG,JAQUHM010000027.1_14_A,1.6e-36,122.7,0.2,0,112,11797-12135,-1,0,JAQUHM010000027.1,14,1,anfG,d__Bacteria;p__Desulfobacterota;c__Desulfuromonadia;o__Geobacterales;f__Geobacteraceae;g__RPRC01;s__RPRC01 sp028683595,,vnfG
GB_GCA_028688525.1,vnfG,JAQTYA010000126.1_10_A,3e-46,153.9,0.0,5,117,6179-6532,-1,0,JAQTYA010000126.1,10,1,vnfG,d__Bacteria;p__Pseudomonadota;c__Gammaproteobacteria;o__Methylococcales;f__Methylococcaceae;g__Methylococcus;s__Methylococcus sp028688525,,vnfG
GB_GCA_029256065.1,vnfG,JAQSYT010000047.1_16_A,1.3e-36,123.2,0.3,5,117,14854-15207,1,0,JAQSYT010000047.1,16,2,anfG,d__Bacteria;p__Bacillota;c__Bacilli;o__Paenibacillales;f__NBRC-103111;g__Paenibacillus_AR;s__Paenibacillus_AR sp029256065,,vnfG
GB_GCA_029256185.1,vnfG,JAQSYI010000041.1_54_A,3.1000000000000004e-38,129.0,0.3,4,116,53278-53628,1,0,JAQSYI010000041.1,54,1,anfG,d__Bacteria;p__Bacillota;c__Bacilli;o__Paenibacillales;f__NBRC-103111;g__Paenibacillus_AR;s__Paenibacillus_AR sp029256185,,vnfG
GB_GCA_029256725.1,vnfG,JAQSXJ010000016.1_24_A,3.7e-33,112.2,0.3,5,117,23393-23746,1,0,JAQSXJ010000016.1,24,1,anfG,d__Bacteria;p__Bacillota;c__Clostridia;o__Lachnospirales;f__Lachnospiraceae;g__Anaerocolumna;s__Anaerocolumna sp029256725,,vnfG
GB_GCA_029266335.1,vnfG,JAQSXC010000001.1_42_A,5.1e-37,124.6,0.7,5,117,54873-55226,1,0,JAQSXC010000001.1,42,1,anfG,d__Bacteria;p__Bacillota;c__Clostridia;o__Acetivibrionales;f__DSM-1351;g__Ruminiclostridium;s__Ruminiclostridium sp029266335,,vnfG
GB_GCA_029379215.1,vnfG,JAQYWO010000377.1_1_A,5.5e-46,154.2,0.4,37,149,2-451,1,0,JAQYWO010000377.1,1,1,vnfG,d__Bacteria;p__Cyanobacteriota;c__Cyanobacteriia;o__Cyanobacteriales;f__Nostocaceae;g__Rhizonema;s__Rhizonema sp029379215,,vnfG
GB_GCA_029379265.1,vnfG,JAQYWN010000512.1_4_A,2.8e-46,154.9,0.4,35,147,5608-6051,-1,0,JAQYWN010000512.1,4,1,vnfG,d__Bacteria;p__Cyanobacteriota;c__Cyanobacteriia;o__Cyanobacteriales;f__Nostocaceae;g__Rhizonema;s__Rhizonema sp029379265,,vnfG
GB_GCA_029379285.1,vnfG,JAQYWP010000242.1_1_B,1.1e-44,150.1,0.4,621,733,212-2413,1,0,JAQYWP010000242.1,1,1,vnfG,d__Bacteria;p__Cyanobacteriota;c__Cyanobacteriia;o__Cyanobacteriales;f__Nostocaceae;g__Rhizonema;s__Rhizonema sp029379285,,vnfG
GB_GCA_029624735.1,vnfG,JARSSM010000003.1_16_A,5.7e-50,165.7,0.0,0,112,19064-19402,1,0,JARSSM010000003.1,16,2,vnfG,d__Bacteria;p__Pseudomonadota;c__Alphaproteobacteria;o__Rhodospirillales;f__Defluviicoccaceae;g__Defluviicoccus;s__Defluviicoccus sp029624735,,vnfG
GB_GCA_029974635.1,vnfG,JARKQY010000031.1_31_A,8.9e-39,129.9,0.1,5,117,31794-32147,1,0,JARKQY010000031.1,31,1,anfG,d__Bacteria;p__Bacillota;c__UBA4882;o__UBA8346;f__UBA8346;g__JAEZJQ01;s__JAEZJQ01 sp029974635,,vnfG
GB_GCA_030156255.1,vnfG,JASGMV010000030.1_22_A,2.6e-36,121.8,0.3,4,116,27404-27754,1,0,JASGMV010000030.1,22,2,anfG,d__Bacteria;p__Desulfobacterota;c__Desulfovibrionia;o__Desulfovibrionales;f__Desulfovibrionaceae;g__JASGMV01;s__JASGMV01 sp030156255,,vnfG
GB_GCA_030705885.1,vnfG,JAUZPN010000018.1_5_A,1.7e-44,147.9,1.6,0,112,3121-3459,1,0,JAUZPN010000018.1,5,1,vnfG,d__Bacteria;p__Bacillota;c__Clostridia;o__Clostridiales;f__Clostridiaceae;g__JAUZPN01;s__JAUZPN01 sp030705885,,vnfG
GB_GCA_030837445.1,vnfG,JAUPKM010000030.1_5_A,2.6000000000000003e-32,109.4,0.2,27,139,2550-2969,-1,0,JAUPKM010000030.1,5,1,anfG,d__Bacteria;p__Actinomycetota;c__Actinomycetes;o__S36-B12;f__UBA10799;g__JACJWR01;s__JACJWR01 sp030837445,,vnfG
GB_GCA_030837505.1,vnfG,JAUPKJ010000284.1_4_A,6.9e-33,111.0,1.2,28,140,2865-3287,1,0,JAUPKJ010000284.1,4,1,anfG,d__Bacteria;p__Actinomycetota;c__Actinomycetes;o__Actinomycetales;f__Kineosporiaceae;g__JAUPKJ01;s__JAUPKJ01 sp030837505,,vnfG
GB_GCA_031258965.1,vnfG,JAIRMC010000018.1_3_A,3.9e-51,169.2,0.0,1,113,1587-1928,1,0,JAIRMC010000018.1,3,1,vnfG,d__Bacteria;p__Pseudomonadota;c__Gammaproteobacteria;o__Burkholderiales;f__Rhodocyclaceae;g__WRNU01;s__WRNU01 sp031258965,,vnfG
GB_GCA_031259505.1,vnfG,JAIRLL010000343.1_9_A,2.1e-29,99.1,3.1,5,118,6341-6697,-1,0,JAIRLL010000343.1,9,1,anfG,d__Bacteria;p__Bacteroidota;c__Bacteroidia;o__Bacteroidales;f__Tannerellaceae;g__Tannerella;s__Tannerella sp031259505,,vnfG
GB_GCA_031260045.1,vnfG,JAIRKO010000051.1_106_A,5.2000000000000004e-30,100.6,3.6,5,118,112835-113191,-1,0,JAIRKO010000051.1,106,1,anfG,d__Bacteria;p__Bacteroidota;c__Bacteroidia;o__Bacteroidales;f__Azobacteroidaceae;g__Azobacteroides;s__Azobacteroides sp031260045,,vnfG
GB_GCA_031260235.1,vnfG,JAIRKG010000065.1_16_A,1.2e-29,99.0,3.3,5,118,12820-13176,1,0,JAIRKG010000065.1,16,1,anfG,d__Bacteria;p__Bacteroidota;c__Bacteroidia;o__Bacteroidales;f__Azobacteroidaceae;g__Azobacteroides;s__Azobacteroides sp031260235,,vnfG
GB_GCA_031267635.1,vnfG,JAIRYX010000448.1_39_A,9.9e-36,120.2,0.1,4,116,38380-38730,1,0,JAIRYX010000448.1,39,1,anfG,d__Bacteria;p__Planctomycetota;c__Planctomycetia;o__Pirellulales;f__Thermoguttaceae;g__WRMR01;s__WRMR01 sp031267635,,vnfG
GB_GCA_031269465.1,vnfG,JAISZB010000292.1_15_A,2.8e-34,116.3,0.9,0,112,10388-10726,1,0,JAISZB010000292.1,15,1,vnfG,d__Bacteria;p__Bacillota;c__Clostridia;o__Lachnospirales;f__WQUN01;g__JAISWZ01;s__JAISWZ01 sp031269465,,vnfG
GB_GCA_031270945.1,vnfG,JAISWZ010000225.1_14_A,1.4000000000000001e-33,113.9,0.9,3,115,13549-13896,1,0,JAISWZ010000225.1,14,1,anfG,d__Bacteria;p__Bacillota;c__Clostridia;o__Lachnospirales;f__WQUN01;g__JAISWZ01;s__JAISWZ01 sp031270945,,vnfG
GB_GCA_031275395.1,vnfG,JAISOU010000021.1_17_A,1.2e-31,106.1,0.1,31,143,22588-23019,-1,0,JAISOU010000021.1,17,1,anfG,d__Bacteria;p__Campylobacterota;c__Campylobacteria;o__Campylobacterales;f__SZUA-545;g__JAIRNH01;s__JAIRNH01 sp031275395,,vnfG
GB_GCA_031276985.1,vnfG,JAISMA010000080.1_8_A,4.4e-32,107.6,0.0,31,143,7244-7675,-1,0,JAISMA010000080.1,8,1,anfG,d__Bacteria;p__Campylobacterota;c__Campylobacteria;o__Campylobacterales;f__SZUA-545;g__JAIRNH01;s__JAIRNH01 sp031276985,,vnfG
GB_GCA_031282925.1,vnfG,JAITCT010000152.1_7_A,1.4999999999999998e-29,99.4,4.5,5,118,4362-4718,-1,0,JAITCT010000152.1,7,1,anfG,d__Bacteria;p__Bacteroidota;c__Bacteroidia;o__Bacteroidales;f__Azobacteroidaceae;g__Azobacteroides;s__Azobacteroides sp031282925,,vnfG
GB_GCA_031283515.1,vnfG,JAITBS010000254.1_6_A,3.9e-34,115.0,0.7,4,116,4047-4397,1,0,JAITBS010000254.1,6,1,anfG,d__Bacteria;p__Planctomycetota;c__Planctomycetia;o__Pirellulales;f__Thermoguttaceae;g__WRKP01;s__WRKP01 sp031283515,,vnfG
GB_GCA_031283755.1,vnfG,JAITBE010000261.1_5_A,1.2e-15,54.8,0.0,0,66,2926-3126,1,0,JAITBE010000261.1,5,1,anfG,d__Bacteria;p__Spirochaetota;c__Spirochaetia;o__Treponematales;f__Breznakiellaceae;g__JAIRMO01;s__JAIRMO01 sp031283755,,vnfG
GB_GCA_031283915.1,vnfG,JAITAY010000333.1_5_A,7.9e-29,97.3,1.8,5,118,3225-3581,-1,0,JAITAY010000333.1,5,1,anfG,d__Bacteria;p__Bacteroidota;c__Bacteroidia;o__Bacteroidales;f__Tannerellaceae;g__Tannerella;s__Tannerella sp031283915,,vnfG
GB_GCA_031287575.1,vnfG,JAITSV010000032.1_75_A,9.6e-34,113.5,0.1,18,130,68101-68493,1,0,JAITSV010000032.1,75,2,anfG,d__Bacteria;p__Desulfobacterota;c__Desulfovibrionia;o__Desulfovibrionales;f__Desulfovibrionaceae;g__Cupidesulfovibrio;s__Cupidesulfovibrio sp031287575,,vnfG
GB_GCA_031288415.1,vnfG,JAITRL010000323.1_7_A,9.300000000000001e-30,100.6,0.0,4,116,6712-7062,1,0,JAITRL010000323.1,7,1,anfG,d__Bacteria;p__Desulfobacterota;c__Desulfarculia;o__Adiutricales;f__Adiutricaceae;g__JAIRZX01;s__JAIRZX01 sp031288415,,vnfG
GB_GCA_031289735.1,vnfG,JAITOV010000166.1_2_A,1.1e-34,115.8,1.7,0,112,1513-1851,-1,0,JAITOV010000166.1,2,1,vnfG,d__Bacteria;p__Bacillota;c__Desulfitobacteriia;o__Desulfitobacteriales;f__Desulfitobacteriaceae;g__JAITOS01;s__JAITOS01 sp031289735,,vnfG
GB_GCA_031289815.1,vnfG,JAITOS010000079.1_6_A,5.2000000000000004e-37,123.3,1.8,4,116,4181-4531,-1,0,JAITOS010000079.1,6,1,anfG,d__Bacteria;p__Bacillota;c__Desulfitobacteriia;o__Desulfitobacteriales;f__Desulfitobacteriaceae;g__JAITOS01;s__JAITOS01 sp031289815,,vnfG
GB_GCA_031290435.1,vnfG,JAITNQ010000273.1_12_A,3.0999999999999997e-29,98.8,3.7,5,118,12359-12715,-1,0,JAITNQ010000273.1,12,1,anfG,d__Bacteria;p__Bacteroidota;c__Bacteroidia;o__Bacteroidales;f__Azobacteroidaceae;g__Azobacteroides;s__Azobacteroides sp031290435,,vnfG
GB_GCA_031291185.1,vnfG,JARLJM010000034.1_9_A,6.599999999999999e-49,162.0,0.0,5,117,6453-6806,-1,0,JARLJM010000034.1,9,1,vnfG,d__Bacteria;p__Pseudomonadota;c__Gammaproteobacteria;o__Burkholderiales;f__Thiobacillaceae;g__Parasulfuritortus;s__Parasulfuritortus sp031291185,,vnfG
GB_GCA_031291675.1,vnfG,JARLIO010000079.1_13_A,5.0999999999999995e-49,163.3,0.0,1,113,10741-11082,-1,0,JARLIO010000079.1,13,1,vnfG,d__Bacteria;p__Pseudomonadota;c__Alphaproteobacteria;o__Azospirillales;f__Azospirillaceae;g__JARLIO01;s__JARLIO01 sp031291675,,vnfG
GB_GCA_031292075.1,vnfG,JARLHW010000172.1_26_A,8.200000000000001e-38,127.2,0.2,10,122,27146-27514,-1,0,JARLHW010000172.1,26,1,anfG,d__Bacteria;p__Bacillota;c__Desulfitobacteriia;o__Desulfitobacteriales;f__Desulfitobacteriaceae;g__Desulfosporosinus;s__Desulfosporosinus sp031292075,,vnfG
GB_GCA_031292095.1,vnfG,JARLHU010000002.1_9_A,3.7e-38,128.2,0.2,12,124,7370-7744,-1,0,JARLHU010000002.1,9,1,anfG,d__Bacteria;p__Bacillota;c__Desulfitobacteriia;o__Desulfitobacteriales;f__Desulfitobacteriaceae;g__Desulfosporosinus;s__Desulfosporosinus sp031292095,,vnfG
GB_GCA_031292275.1,vnfG,JARLHL010000048.1_6_A,1.4999999999999998e-39,132.3,0.3,2,114,3690-4034,-1,0,JARLHL010000048.1,6,1,anfG,d__Bacteria;p__Desulfobacterota;c__Desulfobulbia;o__Desulfobulbales;f__Desulfocapsaceae;g__CAIUQR01;s__CAIUQR01 sp031292275,,vnfG
GB_GCA_031292565.1,vnfG,JARLGW010000005.1_215_A,3.7e-29,98.3,3.5,5,118,232053-232409,1,0,JARLGW010000005.1,215,4,anfG,d__Bacteria;p__Bacteroidota;c__Bacteroidia;o__Bacteroidales;f__Paludibacteraceae;g__JAFGVL01;s__JAFGVL01 sp031292565,,vnfG
GB_GCA_031296325.1,vnfG,JARLFY010000068.1_13_A,8.3e-37,122.7,0.0,0,112,15295-15633,1,0,JARLFY010000068.1,13,1,vnfG,d__Bacteria;p__Acidobacteriota;c__Terriglobia;o__Terriglobales;f__Acidobacteriaceae;g__Edaphobacter;s__Edaphobacter sp031296325,,vnfG
GB_GCA_031732755.1,vnfG,JAVMKI010000051.1_102_A,2.8e-48,160.2,0.0,0,112,106452-106790,1,0,JAVMKI010000051.1,102,2,vnfG,d__Bacteria;p__Pseudomonadota;c__Gammaproteobacteria;o__Competibacterales;f__Competibacteraceae;g__Contendibacter;s__Contendibacter sp031732755,,vnfG
GB_GCA_032079965.1,vnfG,DAMATJ010000028.1_53_A,1.3e-38,129.7,0.3,4,116,60162-60512,-1,0,DAMATJ010000028.1,53,1,anfG,d__Bacteria;p__Bacillota;c__Negativicutes;o__DSM-13327;f__DSM-13327;g__Pelosinus;s__Pelosinus fermentans_B,,vnfG
GB_GCA_034926235.1,vnfG,JAYFRE010000132.1_3_A,2.1000000000000002e-32,108.9,0.1,30,142,2045-2473,1,0,JAYFRE010000132.1,3,1,anfG,d__Bacteria;p__Pseudomonadota;c__Alphaproteobacteria;o__Rhodospirillales;f__Magnetospirillaceae;g__JAYFRE01;s__JAYFRE01 sp034926235,,vnfG
GB_GCA_035297005.1,vnfG,DATGZW010000175.1_7_A,2.7e-48,160.6,0.1,0,112,5644-5982,-1,0,DATGZW010000175.1,7,1,vnfG,d__Bacteria;p__Pseudomonadota;c__Alphaproteobacteria;o__Rhodospirillales;f__Magnetospirillaceae;g__DATGZW01;s__DATGZW01 sp035297005,,vnfG
GB_GCA_035470605.1,vnfG,DATIQS010000060.1_9_A,1.2999999999999999e-46,154.8,1.1,0,112,8369-8707,1,0,DATIQS010000060.1,9,2,vnfG,d__Bacteria;p__Fibrobacterota;c__Fibrobacteria;o__Fibrobacterales;f__Fibrobacteraceae;g__CAIRAY01;s__CAIRAY01 sp035470605,,vnfG
GB_GCA_035538795.1,vnfG,DATLJS010000003.1_11_A,6.4e-51,169.1,0.2,0,112,9896-10234,1,0,DATLJS010000003.1,11,2,vnfG,d__Bacteria;p__Pseudomonadota;c__Alphaproteobacteria;o__Rhodospirillales;f__Magnetospirillaceae;g__JAJZGK01;s__JAJZGK01 sp035538795,,vnfG
GB_GCA_035538795.1,vnfG,DATLJS010000017.1_33_A,2.0000000000000002e-28,96.6,0.1,34,146,37576-38016,1,0,DATLJS010000017.1,33,1,anfG,d__Bacteria;p__Pseudomonadota;c__Alphaproteobacteria;o__Rhodospirillales;f__Magnetospirillaceae;g__JAJZGK01;s__JAJZGK01 sp035538795,,vnfG
GB_GCA_035560775.1,vnfG,DATMYU010000225.1_3_A,3.5e-37,124.8,0.2,8,120,2184-2546,-1,0,DATMYU010000225.1,3,1,anfG,d__Bacteria;p__Bacillota;c__Desulfitobacteriia;o__Desulfitobacteriales;f__Desulfitobacteriaceae;g__Desulfosporosinus;s__Desulfosporosinus sp035560775,,vnfG
GB_GCA_035560935.1,vnfG,DATMYQ010000163.1_7_A,1.1e-35,119.9,0.0,4,116,5365-5715,-1,0,DATMYQ010000163.1,7,1,anfG,d__Bacteria;p__Bacillota;c__Negativicutes;o__Sporomusales;f__Sporomusaceae;g__DATMYQ01;s__DATMYQ01 sp035560935,,vnfG
GB_GCA_035561035.1,vnfG,DATMYI010000113.1_5_A,5.8e-36,120.1,0.2,3,115,3321-3668,1,0,DATMYI010000113.1,5,1,anfG,d__Bacteria;p__Bacteroidota;c__Chlorobiia;o__Chlorobiales;f__Chlorobiaceae;g__Chlorobaculum;s__Chlorobaculum sp035561035,,vnfG
GB_GCA_035561215.1,vnfG,DATMYB010000015.1_7_A,2.9999999999999998e-36,121.7,0.9,4,116,4876-5226,1,0,DATMYB010000015.1,7,1,anfG,d__Bacteria;p__Bacillota;c__Syntrophomonadia;o__Syntrophomonadales;f__Syntrophomonadaceae;g__Syntrophomonas_B;s__Syntrophomonas_B sp035561215,,vnfG
GB_GCA_035561335.1,vnfG,DATMXV010000234.1_5_A,1.0000000000000001e-39,132.6,2.9,0,113,3551-3892,1,0,DATMXV010000234.1,5,1,vnfG,d__Bacteria;p__Bacillota;c__Desulfitobacteriia;o__Desulfitobacteriales;f__Desulfitobacteriaceae;g__UBA2264;s__UBA2264 sp035561335,,vnfG
GB_GCA_036171535.1,vnfG,JAVHRG010000139.1_7_A,3.1e-37,124.4,0.8,13,125,7654-8031,-1,0,JAVHRG010000139.1,7,1,anfG,d__Bacteria;p__Campylobacterota;c__Campylobacteria;o__Campylobacterales;f__Sulfurospirillaceae;g__Sulfurospirillum;s__Sulfurospirillum sp036171535,,vnfG
GB_GCA_036722275.1,vnfG,DAIMJJ010000245.1_2_A,6.500000000000001e-33,111.2,0.2,30,142,521-949,1,0,DAIMJJ010000245.1,2,1,anfG,d__Bacteria;p__Pseudomonadota;c__Alphaproteobacteria;o__Rhizobiales;f__Rhizobiaceae;g__Allorhizobium;s__Allorhizobium sp036722275,,vnfG
GB_GCA_036746815.1,vnfG,DAIODL010000100.1_8_A,3.5000000000000003e-34,114.5,1.3,5,117,5835-6188,1,0,DAIODL010000100.1,8,2,anfG,d__Bacteria;p__Desulfobacterota;c__Desulfobulbia;o__Desulfobulbales;f__Desulfobulbaceae;g__Desulfobulbus;s__Desulfobulbus sp036746815,,vnfG
GB_GCA_036771135.1,vnfG,DAIPHW010000062.1_10_A,4.9000000000000003e-32,107.7,0.1,0,112,9961-10299,1,0,DAIPHW010000062.1,10,1,vnfG,d__Bacteria;p__Fibrobacterota;c__Fibrobacteria;o__UBA5070;f__UBA5070;g__JBDKGV01;s__JBDKGV01 sp036771135,,vnfG
GB_GCA_036771135.1,vnfG,DAIPHW010000103.1_6_A,1.3e-26,90.2,0.6,5,118,5804-6160,1,0,DAIPHW010000103.1,6,1,anfG,d__Bacteria;p__Fibrobacterota;c__Fibrobacteria;o__UBA5070;f__UBA5070;g__JBDKGV01;s__JBDKGV01 sp036771135,,vnfG
GB_GCA_036787795.1,vnfG,DAIQOQ010000139.1_8_A,7.5e-29,97.4,2.9,5,118,5564-5920,1,0,DAIQOQ010000139.1,8,1,anfG,d__Bacteria;p__Bacteroidota;c__Bacteroidia;o__Bacteroidales;f__Paludibacteraceae;g__Paludibacter;s__Paludibacter sp036787795,,vnfG
GB_GCA_038247115.1,vnfG,JBBRVG010000007.1_27_A,1.5e-36,122.6,0.3,0,112,28394-28732,-1,0,JBBRVG010000007.1,27,1,anfG,d__Bacteria;p__Pseudomonadota;c__Gammaproteobacteria;o__Enterobacterales;f__Aeromonadaceae;g__Pseudaeromonas;s__Pseudaeromonas sp038247115,,vnfG
GB_GCA_038248065.1,vnfG,JBBRUD010000106.1_3_A,1.4e-37,126.1,0.5,4,116,1055-1405,1,0,JBBRUD010000106.1,3,1,anfG,d__Bacteria;p__Desulfobacterota;c__Desulfovibrionia;o__Desulfovibrionales;f__Desulfovibrionaceae;g__Fundidesulfovibrio;s__Fundidesulfovibrio sp038248065,,vnfG
GB_GCA_039594245.1,vnfG,JBCNNT010000012.1_1387_A,6.700000000000001e-36,121.3,0.1,2,114,1245371-1245715,-1,0,JBCNNT010000012.1,1387,2,anfG,d__Bacteria;p__Pseudomonadota;c__Gammaproteobacteria;o__Enterobacterales;f__Enterobacteriaceae;g__Enterobacter;s__Enterobacter sp039594245,,vnfG
GB_GCA_039594335.1,vnfG,JBCNNS010000023.1_31_A,8.8e-35,117.3,0.2,2,114,25549-25893,-1,0,JBCNNS010000023.1,31,1,anfG,d__Bacteria;p__Pseudomonadota;c__Gammaproteobacteria;o__Enterobacterales;f__Enterobacteriaceae;g__Klebsiella;s__Klebsiella sp039594335,,vnfG
GB_GCA_039804805.1,vnfG,JBDLVO010000366.1_2_A,3.3e-35,118.0,0.6,4,116,889-1239,1,0,JBDLVO010000366.1,2,1,anfG,d__Bacteria;p__Pseudomonadota;c__Alphaproteobacteria;o__Rhodospirillales;f__Magnetospirillaceae;g__Phaeospirillum;s__Phaeospirillum sp039804805,,vnfG
GB_GCA_040208185.1,vnfG,CP157947.1_5787_A,7.600000000000001e-36,121.1,0.2,4,116,5291858-5292208,-1,0,CP157947.1,5787,1,anfG,d__Bacteria;p__Pseudomonadota;c__Gammaproteobacteria;o__Enterobacterales;f__Enterobacteriaceae;g__Acerihabitans;s__Acerihabitans sp040208185,,vnfG
GB_GCA_041223105.1,vnfG,JBCLPO010000001.1_6_A,2.9e-36,122.4,0.3,5,117,4993-5346,1,0,JBCLPO010000001.1,6,1,anfG,d__Bacteria;p__Bacillota;c__Clostridia;o__Lachnospirales;f__Lachnospiraceae;g__Lacrimispora;s__Lacrimispora sp041223105,,vnfG
GB_GCA_041639455.1,vnfG,JBEQCC010000103.1_6_A,1.3e-38,129.3,0.2,4,116,4903-5253,1,0,JBEQCC010000103.1,6,1,anfG,d__Bacteria;p__Bacillota;c__Negativicutes;o__DSM-13327;f__DSM-13327;g__Pelosinus;s__Pelosinus sp041639455,,vnfG
GB_GCA_041669965.1,vnfG,JBAYAD010000057.1_5_A,8.5e-38,126.4,1.4,4,116,4640-4990,1,0,JBAYAD010000057.1,5,1,anfG,d__Bacteria;p__Bacillota;c__Negativicutes;o__Selenomonadales;f__Selenomonadaceae;g__UBA1792;s__UBA1792 sp041669965,,vnfG
GB_GCA_041672425.1,vnfG,JBAYZR010000039.1_7_A,3e-38,128.1,1.3,0,112,6354-6692,-1,0,JBAYZR010000039.1,7,1,anfG,d__Bacteria;p__Desulfobacterota;c__Desulfuromonadia;o__Geobacterales;f__Pseudopelobacteraceae;g__JACPFJ01;s__JACPFJ01 sp041672425,,vnfG
GB_GCA_041821265.1,vnfG,JBGUEQ010000028.1_34_A,3.4e-34,115.4,1.5,10,122,36253-36621,1,0,JBGUEQ010000028.1,34,1,anfG,d__Bacteria;p__Bacillota;c__Clostridia;o__Lachnospirales;f__Lachnospiraceae;g__Lachnotalea;s__Lachnotalea sp041821265,,vnfG
GB_GCA_041907765.1,vnfG,JAYRGQ010000018.1_17_A,3.4e-50,166.4,0.1,0,112,17793-18131,1,0,JAYRGQ010000018.1,17,1,vnfG,d__Bacteria;p__Pseudomonadota;c__Gammaproteobacteria;o__Burkholderiales;f__Rhodocyclaceae;g__Azospira;s__Azospira sp041907765,,vnfG
GB_GCA_041907765.1,vnfG,JAYRGQ010000026.1_17_A,1e-31,106.8,0.0,30,142,18245-18673,1,0,JAYRGQ010000026.1,17,1,anfG,d__Bacteria;p__Pseudomonadota;c__Gammaproteobacteria;o__Burkholderiales;f__Rhodocyclaceae;g__Azospira;s__Azospira sp041907765,,vnfG
GB_GCA_041911695.1,vnfG,JAYROM010000209.1_2_A,4.6e-37,124.1,0.5,4,116,954-1304,1,0,JAYROM010000209.1,2,1,anfG,d__Bacteria;p__Pseudomonadota;c__Gammaproteobacteria;o__Enterobacterales;f__Aeromonadaceae;g__Pseudaeromonas;s__Pseudaeromonas sp041911695,,vnfG
GB_GCA_041915065.1,vnfG,JAYSCC010000013.1_14_A,2.5e-52,173.7,0.0,1,113,11573-11914,-1,0,JAYSCC010000013.1,14,1,vnfG,d__Bacteria;p__Pseudomonadota;c__Alphaproteobacteria;o__Zavarziniales;f__Zavarziniaceae;g__Zavarzinia;s__Zavarzinia sp041915065,,vnfG
GB_GCA_041915545.1,vnfG,JAYSBF010000064.1_16_A,1.1999999999999999e-46,155.1,0.0,0,112,14912-15250,-1,0,JAYSBF010000064.1,16,1,vnfG,d__Bacteria;p__Pseudomonadota;c__Alphaproteobacteria;o__Rhodospirillales;f__Magnetospirillaceae;g__Magnetospirillum;s__Magnetospirillum sp041915545,,vnfG
GB_GCA_042691655.1,vnfG,CP170506.1_2659_A,7.8e-37,124.0,0.0,0,112,3121385-3121723,-1,0,CP170506.1,2659,2,vnfG,d__Bacteria;p__Verrucomicrobiota;c__Verrucomicrobiia;o__Chthoniobacterales;f__Chthoniobacteraceae;g__UBA695;s__UBA695 sp042691655,,vnfG
GB_GCA_042691655.1,vnfG,CP170506.1_261_A,7.6e-34,114.4,0.1,0,112,279158-279496,1,0,CP170506.1,261,3,anfG,d__Bacteria;p__Verrucomicrobiota;c__Verrucomicrobiia;o__Chthoniobacterales;f__Chthoniobacteraceae;g__UBA695;s__UBA695 sp042691655,,vnfG
GB_GCA_046533095.1,vnfG,JAJQRA010000025.1_16_A,2.3e-34,115.7,1.1,0,112,12790-13128,-1,0,JAJQRA010000025.1,16,1,vnfG,d__Bacteria;p__Bacillota;c__Clostridia;o__Lachnospirales;f__Lachnospiraceae;g__ZAX-1;s__ZAX-1 sp046533095,,vnfG
GB_GCA_047600785.1,vnfG,JASGKH010000002.1_2120_A,4.9e-29,98.7,4.4,6,119,2669926-2670285,1,0,JASGKH010000002.1,2120,2,anfG,d__Bacteria;p__Bacteroidota;c__Bacteroidia;o__Bacteroidales;f__Marinilabiliaceae;g__Breznakibacter;s__Breznakibacter sp047600785,,vnfG
GB_GCA_047600885.1,vnfG,JASGKE010000002.1_1078_A,2e-33,112.6,0.0,5,117,1166348-1166701,1,0,JASGKE010000002.1,1078,1,anfG,d__Bacteria;p__Pseudomonadota;c__Gammaproteobacteria;o__Xanthomonadales;f__Xanthomonadaceae;g__Pseudoxanthomonas_A;s__Pseudoxanthomonas_A sp047600885,,vnfG
GB_GCA_047605645.1,vnfG,JASGFJ010000031.1_25_A,1.0000000000000001e-29,100.8,0.6,5,118,34641-34997,-1,0,JASGFJ010000031.1,25,1,anfG,d__Bacteria;p__Bacteroidota;c__Bacteroidia;o__Bacteroidales;f__Dysgonomonadaceae;g__UBA1309;s__UBA1309 sp047605645,,vnfG
GB_GCA_047605765.1,vnfG,JASGFB010000143.1_8_A,2.0000000000000003e-34,116.0,0.1,5,117,6837-7190,-1,0,JASGFB010000143.1,8,1,anfG,d__Bacteria;p__Pseudomonadota;c__Gammaproteobacteria;o__Burkholderiales;f__Rhodocyclaceae;g__JBGVSA01;s__JBGVSA01 sp047605765,,vnfG
GB_GCA_047606065.1,vnfG,JASGEU010000176.1_6_A,2.6e-36,122.2,0.3,5,117,3829-4182,1,0,JASGEU010000176.1,6,1,anfG,d__Bacteria;p__Bacillota;c__Clostridia;o__Lachnospirales;f__Lachnospiraceae;g__Mobilitalea;s__Mobilitalea sp047606065,,vnfG
GB_GCA_047722935.1,vnfG,JBDNZS010000006.1_3_A,5.3000000000000004e-33,111.0,0.2,5,117,2684-3037,1,0,JBDNZS010000006.1,3,1,anfG,d__Bacteria;p__Bacillota;c__Clostridia;o__Oscillospirales;f__Ethanoligenentaceae;g__Ethanoligenens;s__Ethanoligenens sp047722935,,vnfG
GB_GCA_047974135.1,vnfG,JBKECC010000031.1_3_A,1.5e-36,121.9,0.9,7,119,1140-1499,-1,0,JBKECC010000031.1,3,1,anfG,d__Bacteria;p__Campylobacterota;c__Campylobacteria;o__Campylobacterales;f__Campylobacteraceae;g__JAIRQK01;s__JAIRQK01 sp047974135,,vnfG
GB_GCA_047974325.1,vnfG,JBKECE010000070.1_2_A,7e-36,120.4,0.8,3,115,1200-1547,1,0,JBKECE010000070.1,2,1,anfG,d__Bacteria;p__Bacteroidota;c__Bacteroidia;o__Bacteroidales;f__Dysgonomonadaceae;g__QVMP01;s__QVMP01 sp047974325,,vnfG
GB_GCA_047975025.1,vnfG,JBKECY010000028.1_21_A,3.2e-37,124.5,3.1,10,122,18664-19032,1,0,JBKECY010000028.1,21,1,anfG,d__Bacteria;p__Bacillota;c__Clostridia;o__Lachnospirales;f__Lachnospiraceae;g__JBKECY01;s__JBKECY01 sp047975025,,vnfG
GB_GCA_049512415.1,vnfG,JBEKXD010000083.1_1_A,4.3e-41,137.8,0.0,1,113,32-373,1,0,JBEKXD010000083.1,1,2,vnfG,d__Bacteria;p__Myxococcota_A;c__Polyangia;o__Polyangiales;f__Polyangiaceae;g__Palsa-1150;s__Palsa-1150 sp049512415,,vnfG
GB_GCA_049587335.1,vnfG,JBAVDS010000055.1_7_A,3.7e-38,128.0,0.0,0,112,7107-7445,-1,0,JBAVDS010000055.1,7,1,vnfG,d__Bacteria;p__Acidobacteriota;c__Terriglobia;o__Terriglobales;f__Acidobacteriaceae;g__Telmatobacter;s__Telmatobacter sp049587335,,vnfG
GB_GCA_049692775.1,vnfG,JBAVPE010000186.1_25_A,3.7e-38,128.4,0.3,0,112,19070-19408,-1,0,JBAVPE010000186.1,25,1,anfG,d__Bacteria;p__Bacillota;c__Clostridia;o__Lachnospirales;f__Lachnospiraceae;g__Anaerocolumna;s__Anaerocolumna sp049692775,,vnfG
GB_GCA_049840475.1,vnfG,JASGKX010000001.1_1996_A,3.7e-26,89.4,0.0,29,141,2093321-2093746,-1,0,JASGKX010000001.1,1996,1,anfG,d__Bacteria;p__Pseudomonadota;c__Gammaproteobacteria;o__Burkholderiales;f__Rhodocyclaceae;g__JBGVSA01;s__JBGVSA01 sp049840475,,vnfG
GB_GCA_049841175.1,vnfG,JASGHA010000005.1_11_A,2.5e-29,99.9,0.0,30,142,11346-11774,1,0,JASGHA010000005.1,11,1,anfG,d__Bacteria;p__Pseudomonadota;c__Gammaproteobacteria;o__Burkholderiales;f__Burkholderiaceae_C;g__Rubrivivax;s__Rubrivivax sp049841175,,vnfG
GB_GCA_050115405.1,vnfG,JASFQO010000068.1_5_A,1.8e-37,125.3,0.1,0,112,4919-5257,1,0,JASFQO010000068.1,5,1,vnfG,d__Bacteria;p__Bacillota;c__UBA4882;o__UBA8346;f__UBA8346;g__DATCLA01;s__DATCLA01 sp050115405,,vnfG
GB_GCA_050251875.1,vnfG,JBFWMA010000009.1_33_A,2.8e-37,124.5,0.0,2,114,37326-37670,-1,0,JBFWMA010000009.1,33,1,anfG,d__Bacteria;p__Chrysiogenota;c__Deferribacteres;o__Deferribacterales;f__Geovibrionaceae;g__Seleniivibrio;s__Seleniivibrio sp050251875,,vnfG
GB_GCA_050251945.1,vnfG,JBFWLW010000004.1_212_A,1.7e-37,125.4,0.1,21,133,206434-206835,-1,0,JBFWLW010000004.1,212,1,anfG,d__Bacteria;p__Chrysiogenota;c__Deferribacteres;o__Deferribacterales;f__Geovibrionaceae;g__Seleniivibrio;s__Seleniivibrio sp050251945,,vnfG
GB_GCA_050252135.1,vnfG,JBFWLN010000005.1_52_A,2.2e-38,128.7,0.5,4,116,75827-76177,1,0,JBFWLN010000005.1,52,1,anfG,d__Bacteria;p__Desulfobacterota;c__Desulfobulbia;o__Desulfobulbales;f__Desulfobulbaceae;g__Desulfobulbus;s__Desulfobulbus sp050252135,,vnfG
GB_GCA_050255935.1,vnfG,JBFWIP010000053.1_1_A,4.7999999999999996e-43,143.2,0.1,0,112,8-346,1,0,JBFWIP010000053.1,1,2,vnfG,d__Bacteria;p__Desulfobacterota;c__Desulfobulbia;o__Desulfobulbales;f__Desulfobulbaceae;g__Desulfobulbus;s__Desulfobulbus sp050255935,,vnfG
GB_GCA_050633005.1,vnfG,JBODRP010000134.1_3_B,1.3000000000000001e-48,162.0,0.3,478,590,4024-5796,1,0,JBODRP010000134.1,3,1,vnfG,d__Bacteria;p__Cyanobacteriota;c__Cyanobacteriia;o__Cyanobacteriales;f__Nostocaceae;g__Trichormus;s__Trichormus sp050633005,,vnfG
GB_GCA_052139735.1,vnfG,JBKQWB010000064.1_75_A,3.2e-37,124.8,0.1,4,116,80414-80764,-1,0,JBKQWB010000064.1,75,1,anfG,d__Bacteria;p__Desulfobacterota;c__Syntrophia;o__Syntrophales;f__Smithellaceae;g__Smithella;s__Smithella sp052139735,,vnfG
GB_GCA_052146555.1,vnfG,JBKQMU010000042.1_10_A,3e-33,112.7,0.0,30,142,8187-8615,-1,0,JBKQMU010000042.1,10,1,anfG,d__Bacteria;p__Planctomycetota;c__Planctomycetia;o__Isosphaerales;f__Isosphaeraceae;g__Aquisphaera;s__Aquisphaera sp052146555,,vnfG
GB_GCA_052146775.1,vnfG,JBKQMI010000195.1_2_A,3e-45,150.5,0.0,1,113,328-669,-1,0,JBKQMI010000195.1,2,1,vnfG,d__Bacteria;p__Pseudomonadota;c__Alphaproteobacteria;o__Rhizobiales;f__Beijerinckiaceae;g__Methylocapsa;s__Methylocapsa sp052146775,,vnfG
GB_GCA_052445935.1,vnfG,JBQTCH010000003.1_468_A,3.9999999999999997e-32,108.8,0.1,29,141,531213-531638,1,0,JBQTCH010000003.1,468,1,anfG,d__Bacteria;p__Pseudomonadota;c__Alphaproteobacteria;o__Rhizobiales;f__Xanthobacteraceae;g__Rhodopseudomonas;s__Rhodopseudomonas sp052445935,,vnfG
GB_GCA_900290375.1,vnfG,OMOF01000020.1_10_A,7e-39,130.8,0.2,12,124,7725-8099,-1,0,OMOF01000020.1,10,1,anfG,d__Bacteria;p__Bacillota;c__Desulfitobacteriia;o__Desulfitobacteriales;f__Desulfitobacteriaceae;g__Desulfosporosinus;s__Desulfosporosinus infrequens,,vnfG
GB_GCA_903843305.1,vnfG,CAIMPI010000031.1_91_A,2.3e-36,121.5,0.3,3,115,92574-92921,1,0,CAIMPI010000031.1,91,2,anfG,d__Bacteria;p__Bacteroidota;c__Chlorobiia;o__Chlorobiales;f__Chlorobiaceae;g__Chlorobium;s__Chlorobium sp903843305,,vnfG
GB_GCA_903851385.1,vnfG,CAINOC010000018.1_16_A,7.1e-38,126.6,0.5,3,115,14774-15121,1,0,CAINOC010000018.1,16,1,anfG,d__Bacteria;p__Bacteroidota;c__Chlorobiia;o__Chlorobiales;f__Chlorobiaceae;g__Chlorobium;s__Chlorobium sp903851385,,vnfG
GB_GCA_903851415.1,vnfG,CAINOE010000124.1_80_A,1.2e-48,162.5,0.0,5,117,89774-90127,-1,0,CAINOE010000124.1,80,1,vnfG,d__Bacteria;p__Pseudomonadota;c__Alphaproteobacteria;o__Acetobacterales;f__Acetobacteraceae;g__Rhodopila;s__Rhodopila sp903851415,,vnfG
GB_GCA_903899885.1,vnfG,CAIULK010000262.1_15_A,3.5e-52,172.9,0.0,1,113,10710-11051,-1,0,CAIULK010000262.1,15,1,vnfG,d__Bacteria;p__Pseudomonadota;c__Alphaproteobacteria;o__Rhodospirillales;f__Magnetospirillaceae;g__CAIULK01;s__CAIULK01 sp903899885,,vnfG
GB_GCA_903903925.1,vnfG,CAIVAU010000083.1_1_A,1.4e-47,159.1,1.6,171,283,2-853,1,0,CAIVAU010000083.1,1,1,vnfG,d__Bacteria;p__Cyanobacteriota;c__Cyanobacteriia;o__Cyanobacteriales;f__Nostocaceae;g__Stigonema;s__Stigonema sp903903925,,vnfG
GB_GCA_903915725.1,vnfG,CAIWTY010000033.1_58_A,1.8e-48,161.8,0.0,5,117,59770-60123,-1,0,CAIWTY010000033.1,58,1,vnfG,d__Bacteria;p__Pseudomonadota;c__Alphaproteobacteria;o__Acetobacterales;f__Acetobacteraceae;g__Rhodopila;s__Rhodopila sp903915725,,vnfG
GB_GCA_903918195.1,vnfG,CAIXDS010000051.1_12_A,5e-50,166.7,0.0,0,112,11075-11413,-1,0,CAIXDS010000051.1,12,1,vnfG,d__Bacteria;p__Pseudomonadota;c__Alphaproteobacteria;o__Acetobacterales;f__Acetobacteraceae;g__Rhodovastum;s__Rhodovastum sp903918195,,vnfG
GB_GCA_903920145.1,vnfG,CAIXKV010000218.1_19_A,5.699999999999999e-53,175.7,0.1,1,113,18332-18673,-1,0,CAIXKV010000218.1,19,1,vnfG,d__Bacteria;p__Pseudomonadota;c__Alphaproteobacteria;o__Azospirillales;f__Azospirillaceae;g__BOG-933;s__BOG-933 sp903920145,,vnfG
GB_GCA_903920215.1,vnfG,CAIXLG010000001.1_10_A,6.6000000000000005e-37,123.6,0.3,3,115,7222-7569,1,0,CAIXLG010000001.1,10,2,anfG,d__Bacteria;p__Bacteroidota;c__Chlorobiia;o__Chlorobiales;f__Chlorobiaceae;g__Chlorobium;s__Chlorobium sp903920215,,vnfG
GB_GCA_903927615.1,vnfG,CAIYNU010000054.1_18_A,1.5e-50,167.9,0.0,1,113,22082-22423,1,0,CAIYNU010000054.1,18,2,vnfG,d__Bacteria;p__Pseudomonadota;c__Alphaproteobacteria;o__Azospirillales;f__Azospirillaceae;g__BOG-933;s__BOG-933 sp903927615,,vnfG
GB_GCA_903931645.1,vnfG,CAIZDF010000566.1_3_A,4.4e-46,153.3,0.0,0,112,2397-2735,1,0,CAIZDF010000566.1,3,1,vnfG,d__Bacteria;p__Pseudomonadota;c__Gammaproteobacteria;o__Enterobacterales;f__Aeromonadaceae;g__Tolumonas;s__Tolumonas sp903931645,,vnfG
GB_GCA_903932535.1,vnfG,CAIZGR010000455.1_4_A,1.2e-49,165.9,0.1,1,113,3002-3343,1,0,CAIZGR010000455.1,4,2,vnfG,d__Bacteria;p__Pseudomonadota;c__Alphaproteobacteria;o__Rhizobiales;f__Beijerinckiaceae;g__Roseiarcus;s__Roseiarcus sp903932535,,vnfG
GB_GCA_903944925.1,vnfG,CAJATU010000064.1_10_A,6.100000000000001e-48,160.2,0.0,5,117,6640-6993,-1,0,CAJATU010000064.1,10,1,vnfG,d__Bacteria;p__Pseudomonadota;c__Alphaproteobacteria;o__Acetobacterales;f__Acetobacteraceae;g__Rhodopila;s__Rhodopila sp903944925,,vnfG
GB_GCA_937868725.1,vnfG,CALMMQ010000017.1_6_A,2.5e-32,109.1,0.1,29,141,4666-5091,-1,0,CALMMQ010000017.1,6,1,anfG,d__Bacteria;p__Pseudomonadota;c__Alphaproteobacteria;o__Rhizobiales;f__Pleomorphomonadaceae;g__Pleomorphomonas;s__Pleomorphomonas sp937868725,,vnfG
GB_GCA_937873135.1,vnfG,CALMVQ010000359.1_12_B,1.7e-45,152.7,0.4,150,262,14036-14824,-1,0,CALMVQ010000359.1,12,1,vnfG,d__Bacteria;p__Cyanobacteriota;c__Cyanobacteriia;o__Cyanobacteriales;f__Nostocaceae;g__Rhizonema;s__Rhizonema sp937873135,,vnfG
GB_GCA_937876625.1,vnfG,CALEGN010000204.1_9_A,2.3e-37,124.9,0.1,14,126,7193-7573,1,0,CALEGN010000204.1,9,1,anfG,d__Bacteria;p__Pseudomonadota;c__Gammaproteobacteria;o__Pseudomonadales;f__Pseudomonadaceae;g__Azomonas;s__Azomonas sp002417905,,vnfG
GB_GCA_937876625.1,vnfG,CALEGN010000277.1_16_A,1.1e-48,161.3,0.1,1,114,15957-16301,1,0,CALEGN010000277.1,16,1,vnfG,d__Bacteria;p__Pseudomonadota;c__Gammaproteobacteria;o__Pseudomonadales;f__Pseudomonadaceae;g__Azomonas;s__Azomonas sp002417905,,vnfG
GB_GCA_937958025.1,vnfG,CALFXO010000064.1_5_A,9.5e-42,139.5,0.0,0,112,4907-5245,-1,0,CALFXO010000064.1,5,1,vnfG,d__Bacteria;p__Desulfobacterota;c__Syntrophobacteria;o__Syntrophobacterales;f__Syntrophobacteraceae;g__CALFXO01;s__CALFXO01 sp937958025,,vnfG
GB_GCA_945957385.1,vnfG,CAMFKP010000030.1_26_A,5.4e-35,117.7,0.2,6,118,28691-29047,1,0,CAMFKP010000030.1,26,1,anfG,d__Bacteria;p__Pseudomonadota;c__Gammaproteobacteria;o__Enterobacterales;f__Aeromonadaceae;g__Pseudaeromonas;s__Pseudaeromonas sp945957385,,vnfG
GB_GCA_963526485.1,vnfG,CAURNS010000003.1_34_A,9.5e-39,130.1,0.3,4,116,37360-37710,-1,0,CAURNS010000003.1,34,1,anfG,d__Bacteria;p__Bacillota;c__Negativicutes;o__DSM-13327;f__DSM-13327;g__Pelosinus;s__Pelosinus sp963526485,,vnfG
GB_GCA_963662365.2,vnfG,CAXXPA010000021.1_15_A,8.2e-29,97.9,2.0,5,118,13671-14027,1,0,CAXXPA010000021.1,15,1,anfG,d__Bacteria;p__Bacteroidota;c__Bacteroidia;o__Bacteroidales;f__UBA7332;g__CAXXIC01;s__CAXXIC01 sp963662365,,vnfG
GB_GCA_963662595.1,vnfG,OY759748.1_214_A,6.9e-46,153.2,2.6,1,113,259127-259468,1,0,OY759748.1,214,10,vnfG,d__Bacteria;p__Desulfobacterota;c__Desulfobacteria;o__Desulfobacterales;f__Desulfobacteraceae;g__Desulfobacter;s__Desulfobacter sp963662595,,vnfG
GB_GCA_963664135.1,vnfG,OY760905.1_2644_A,1.6e-37,125.8,1.0,4,116,2944568-2944918,-1,0,OY760905.1,2644,1,anfG,d__Bacteria;p__Bacillota;c__Clostridia;o__Eubacteriales;f__Eubacteriaceae;g__Acetobacterium;s__Acetobacterium sp022013395,,vnfG
GB_GCA_963666145.1,vnfG,OY762614.1_4522_A,7.1e-37,124.3,1.4,5,117,5194413-5194766,-1,0,OY762614.1,4522,2,anfG,d__Bacteria;p__Desulfobacterota;c__Desulfobacteria;o__Desulfobacterales;f__Desulfobacteraceae;g__Desulfobacter;s__Desulfobacter sp963666145,,vnfG
GB_GCA_963666685.2,vnfG,CAXXHZ010000003.1_141_A,1.3e-39,132.7,0.3,4,116,156391-156741,1,0,CAXXHZ010000003.1,141,3,anfG,d__Bacteria;p__Desulfobacterota;c__Desulfobulbia;o__Desulfobulbales;f__Desulfobulbaceae;g__Desulfobulbus;s__Desulfobulbus sp963666685,,vnfG
GB_GCA_963666745.1,vnfG,OY762961.1_1337_A,7.9e-33,110.6,0.3,29,141,1551445-1551870,1,0,OY762961.1,1337,7,anfG,d__Bacteria;p__Desulfobacterota;c__Desulfuromonadia;o__Desulfuromonadales;f__Desulfuromonadaceae;g__Desulfuromonas;s__Desulfuromonas sp963666745,,vnfG
GB_GCA_963667185.2,vnfG,OY762953.2_275_A,1.6e-37,125.7,0.0,5,117,313698-314051,-1,0,OY762953.2,275,1,anfG,d__Bacteria;p__Spirochaetota;c__Spirochaetia;o__Treponematales;f__Treponemataceae;g__Teretinema;s__Teretinema sp963667185,,vnfG
GB_GCA_963676095.1,vnfG,OY781040.1_2197_A,1.8000000000000002e-28,97.4,5.1,5,118,2756199-2756555,1,0,OY781040.1,2197,5,anfG,d__Bacteria;p__Bacteroidota;c__Bacteroidia;o__Bacteroidales;f__Prolixibacteraceae;g__G963676095;s__G963676095 sp963676095,,vnfG
GB_GCA_963676955.1,vnfG,OY781461.1_2310_A,9.700000000000001e-33,110.3,0.2,29,141,2682028-2682453,-1,0,OY781461.1,2310,1,anfG,d__Bacteria;p__Desulfobacterota;c__Desulfuromonadia;o__Desulfuromonadales;f__Desulfuromonadaceae;g__Desulfuromonas;s__Desulfuromonas sp963676955,,vnfG
GB_GCA_963677015.1,vnfG,OY781533.1_723_A,7.100000000000001e-36,120.2,1.3,4,116,941850-942200,1,0,OY781533.1,723,2,anfG,d__Bacteria;p__Planctomycetota;c__SZUA-567;o__SZUA-567;f__SZUA-567;g__G963556115;s__G963556115 sp963677015,,vnfG
GB_GCA_963677095.1,vnfG,OY781875.1_3231_A,6e-27,91.7,1.6,5,118,4026682-4027038,-1,0,OY781875.1,3231,1,anfG,d__Bacteria;p__Bacteroidota;c__Bacteroidia;o__Bacteroidales;f__Bacteroidaceae;g__Bacteroides;s__Bacteroides sp963677095,,vnfG
GB_GCA_963677305.1,vnfG,OY781925.1_968_A,9.3e-19,65.2,0.0,3,95,1059387-1059674,1,0,OY781925.1,968,4,anfG,d__Bacteria;p__Acidobacteriota;c__Holophagae;o__Holophagales;f__Holophagaceae;g__Holophaga;s__Holophaga sp963677305,,vnfG
GB_GCA_963677375.2,vnfG,CAXXIF010000019.1_184_A,5.3000000000000005e-36,120.9,0.2,4,116,199012-199362,-1,0,CAXXIF010000019.1,184,1,anfG,d__Bacteria;p__Pseudomonadota;c__Gammaproteobacteria;o__Enterobacterales;f__Aeromonadaceae;g__Pseudaeromonas;s__Pseudaeromonas sp963677375,,vnfG
GB_GCA_963678185.1,vnfG,OY782757.1_474_A,5.6e-46,153.0,0.1,0,112,525446-525784,-1,0,OY782757.1,474,1,vnfG,d__Bacteria;p__Pseudomonadota;c__Gammaproteobacteria;o__Enterobacterales;f__Aeromonadaceae;g__Tolumonas;s__Tolumonas sp963678185,,vnfG
GB_GCA_963678265.1,vnfG,OY782761.1_2314_A,7.000000000000001e-29,97.7,2.9,5,118,2797278-2797634,-1,0,OY782761.1,2314,2,anfG,d__Bacteria;p__Bacteroidota;c__Bacteroidia;o__Bacteroidales;f__Paludibacteraceae;g__Microbacter;s__Microbacter sp963678265,,vnfG
GB_GCA_963709085.1,vnfG,CAVPVB010000018.1_118_A,3.9999999999999996e-50,167.1,0.0,0,112,129734-130072,1,0,CAVPVB010000018.1,118,2,vnfG,d__Bacteria;p__Pseudomonadota;c__Alphaproteobacteria;o__Acetobacterales;f__Acetobacteraceae;g__Rhodovastum;s__Rhodovastum sp963709085,,vnfG
GB_GCA_963709085.1,vnfG,CAVPVB010000022.1_43_A,5.3e-50,166.7,0.0,0,112,42123-42461,-1,0,CAVPVB010000022.1,43,1,vnfG,d__Bacteria;p__Pseudomonadota;c__Alphaproteobacteria;o__Acetobacterales;f__Acetobacteraceae;g__Rhodovastum;s__Rhodovastum sp963709085,,vnfG
GB_GCA_963710875.1,vnfG,CAVQBW010000006.1_421_A,6e-48,159.6,0.1,0,112,468393-468731,-1,0,CAVQBW010000006.1,421,1,vnfG,d__Bacteria;p__Acidobacteriota;c__Terriglobia;o__Terriglobales;f__Acidobacteriaceae;g__Telmatobacter;s__Telmatobacter sp963710875,,vnfG
GB_GCA_963724785.1,vnfG,CAVRWC010000014.1_223_A,5.5e-45,150.7,0.0,0,112,193529-193867,1,0,CAVRWC010000014.1,223,3,vnfG,d__Bacteria;p__Pseudomonadota;c__Alphaproteobacteria;o__Rhizobiales;f__Beijerinckiaceae;g__Roseiarcus;s__Roseiarcus sp963724785,,vnfG
GB_GCA_963725425.1,vnfG,CAVRYJ010000020.1_8_A,6.300000000000001e-36,121.4,0.2,12,124,6403-6777,-1,0,CAVRYJ010000020.1,8,1,anfG,d__Bacteria;p__Bacillota;c__Clostridia;o__Clostridiales;f__Clostridiaceae;g__Clostridium_I;s__Clostridium_I sp963725425,,vnfG
GB_GCA_963733265.1,vnfG,CAVTCF010000003.1_416_A,1.5e-48,161.6,0.2,2,114,399453-399797,1,0,CAVTCF010000003.1,416,1,vnfG,d__Bacteria;p__Pseudomonadota;c__Gammaproteobacteria;o__Burkholderiales;f__Gallionellaceae;g__PALSA-1006;s__PALSA-1006 sp963733265,,vnfG
GB_GCA_963741035.1,vnfG,CAVUGX010000058.1_65_A,5.5999999999999996e-39,131.1,0.1,4,116,57760-58110,-1,0,CAVUGX010000058.1,65,1,anfG,d__Bacteria;p__Desulfobacterota;c__Syntrophobacteria;o__Syntrophobacterales;f__Syntrophobacteraceae;g__SbD1;s__SbD1 sp963741035,,vnfG
GB_GCA_963747865.1,vnfG,CAVVHK010000060.1_17_A,5.6e-35,118.7,0.7,5,117,14437-14790,1,0,CAVVHK010000060.1,17,3,anfG,d__Bacteria;p__Desulfobacterota;c__Desulfomonilia;o__Desulfomonilales;f__Desulfomonilaceae;g__JBBSBY01;s__JBBSBY01 sp963747865,,vnfG
GB_GCA_963748525.1,vnfG,CAVVJJ010000018.1_444_A,1.1e-51,171.5,0.0,1,113,448592-448933,-1,0,CAVVJJ010000018.1,444,1,vnfG,d__Bacteria;p__Pseudomonadota;c__Alphaproteobacteria;o__Rhizobiales;f__Rhodomicrobiaceae;g__Rhodomicrobium;s__Rhodomicrobium sp963748525,,vnfG
GB_GCA_963756335.1,vnfG,CAVWOB010000010.1_195_A,1.7e-50,168.0,0.0,1,113,188860-189201,-1,0,CAVWOB010000010.1,195,1,vnfG,d__Bacteria;p__Pseudomonadota;c__Alphaproteobacteria;o__Rhizobiales;f__Rhodomicrobiaceae;g__Rhodomicrobium;s__Rhodomicrobium sp963756335,,vnfG
GB_GCA_963756335.1,vnfG,CAVWOB010000014.1_172_A,1.7e-50,168.0,0.0,1,113,176499-176840,-1,0,CAVWOB010000014.1,172,1,vnfG,d__Bacteria;p__Pseudomonadota;c__Alphaproteobacteria;o__Rhizobiales;f__Rhodomicrobiaceae;g__Rhodomicrobium;s__Rhodomicrobium sp963756335,,vnfG
GB_GCA_963757945.1,vnfG,CAVWTN010000002.1_147_A,1.5000000000000002e-38,128.9,0.2,4,116,158125-158475,-1,0,CAVWTN010000002.1,147,5,anfG,d__Bacteria;p__Vulcanimicrobiota;c__Vulcanimicrobiia;o__Vulcanimicrobiales;f__Vulcanimicrobiaceae;g__CAVWTN01;s__CAVWTN01 sp963757945,,vnfG
GB_GCA_963757985.1,vnfG,CAVWTQ010000008.1_755_A,2e-46,154.6,0.0,1,113,657859-658200,-1,0,CAVWTQ010000008.1,755,1,vnfG,d__Bacteria;p__Pseudomonadota;c__Alphaproteobacteria;o__Rhizobiales;f__Beijerinckiaceae;g__Methylocapsa;s__Methylocapsa sp963757985,,vnfG
GB_GCA_963765965.1,vnfG,CAVXZR010000046.1_56_A,1.8e-48,161.5,0.0,5,117,52518-52871,1,0,CAVXZR010000046.1,56,2,vnfG,d__Bacteria;p__Pseudomonadota;c__Gammaproteobacteria;o__Methylococcales;f__Methylomonadaceae;g__Methylomonas;s__Methylomonas sp963765965,,vnfG
GB_GCA_963766815.1,vnfG,CAVYBZ010000022.1_178_A,6.3e-51,169.4,0.0,1,113,161542-161883,-1,0,CAVYBZ010000022.1,178,1,vnfG,d__Bacteria;p__Pseudomonadota;c__Alphaproteobacteria;o__Rhizobiales;f__Rhodomicrobiaceae;g__Rhodomicrobium;s__Rhodomicrobium sp963766815,,vnfG
GB_GCA_963767435.1,vnfG,CAVYEY010000043.1_424_A,1.3e-50,168.2,0.1,1,113,427613-427954,1,0,CAVYEY010000043.1,424,2,vnfG,d__Bacteria;p__Pseudomonadota;c__Alphaproteobacteria;o__Rhizobiales;f__Rhodomicrobiaceae;g__Rhodomicrobium;s__Rhodomicrobium sp963767435,,vnfG
GB_GCA_963767805.1,vnfG,CAVYFP010000013.1_51_A,4.7999999999999995e-46,153.5,0.0,1,113,58248-58589,1,0,CAVYFP010000013.1,51,2,vnfG,d__Bacteria;p__Pseudomonadota;c__Alphaproteobacteria;o__Rhizobiales;f__Beijerinckiaceae;g__Methylocapsa;s__Methylocapsa sp963767805,,vnfG
GB_GCA_963772225.1,vnfG,CAVYWD010000001.1_853_A,3.0999999999999996e-49,164.6,0.1,1,113,1010166-1010507,-1,0,CAVYWD010000001.1,853,2,vnfG,d__Bacteria;p__Myxococcota;c__Myxococcia;o__Myxococcales;f__UBA5297;g__CAVYWD01;s__CAVYWD01 sp963772225,,vnfG
GB_GCA_963790715.1,vnfG,CAWBPN010000016.1_50_A,5.200000000000001e-28,94.9,1.8,5,118,56426-56782,1,0,CAWBPN010000016.1,50,1,anfG,d__Bacteria;p__Bacteroidota;c__Bacteroidia;o__Bacteroidales;f__Bacteroidaceae;g__DCFW01;s__DCFW01 sp963790715,,vnfG
GB_GCA_963791805.1,vnfG,CAWBTU010000004.1_105_A,2.1e-09,35.5,0.0,1,53,86420-86782,-1,0,CAWBTU010000004.1,105,1,nifK,d__Bacteria;p__Bacillota;c__Clostridia;o__Clostridiales;f__Clostridiaceae;g__JACMJL01;s__JACMJL01 sp963791805,,vnfG
GB_GCA_963791805.1,vnfG,CAWBTU010000004.1_106_A,2.7e-23,80.2,0.6,0,64,86763-86960,-1,0,CAWBTU010000004.1,106,1,anfG,d__Bacteria;p__Bacillota;c__Clostridia;o__Clostridiales;f__Clostridiaceae;g__JACMJL01;s__JACMJL01 sp963791805,,vnfG
GB_GCA_963797305.1,vnfG,CAWCOW010000002.1_1417_A,2.4e-48,161.4,0.0,5,117,1520235-1520588,1,0,CAWCOW010000002.1,1417,4,vnfG,d__Bacteria;p__Pseudomonadota;c__Alphaproteobacteria;o__Acetobacterales;f__Acetobacteraceae;g__Rhodopila;s__Rhodopila sp963797305,,vnfG
GB_GCA_963804045.1,vnfG,CAWDOR010000004.1_231_A,1.2e-47,158.5,0.2,1,113,231236-231577,-1,0,CAWDOR010000004.1,231,1,vnfG,d__Bacteria;p__Pseudomonadota;c__Alphaproteobacteria;o__Rhizobiales;f__Beijerinckiaceae;g__Rhodoblastus;s__Rhodoblastus sp963804045,,vnfG
GB_GCA_963804495.1,vnfG,CAWDQN010000012.1_91_A,7.9e-50,165.5,0.0,0,112,85148-85486,-1,0,CAWDQN010000012.1,91,1,vnfG,d__Bacteria;p__Pseudomonadota;c__Alphaproteobacteria;o__Acetobacterales;f__Acetobacteraceae;g__Rhodovastum;s__Rhodovastum sp963804495,,vnfG
GB_GCA_963805085.1,vnfG,CAWDTA010000005.1_311_A,1.5e-37,125.9,0.2,8,120,347087-347449,1,0,CAWDTA010000005.1,311,1,anfG,d__Bacteria;p__Bacillota;c__Negativicutes;o__JARBTT01;f__JARBTT01;g__JARBTT01;s__JARBTT01 sp963805085,,vnfG
GB_GCA_963808505.1,vnfG,CAWEFZ010000007.1_205_A,1.9e-50,167.7,0.0,1,113,211007-211348,1,0,CAWEFZ010000007.1,205,3,vnfG,d__Bacteria;p__Pseudomonadota;c__Alphaproteobacteria;o__Rhizobiales;f__Rhodomicrobiaceae;g__Rhodomicrobium;s__Rhodomicrobium sp963808505,,vnfG
GB_GCA_963813955.1,vnfG,CAWFBN010000050.1_22_A,8.8e-23,78.9,0.1,1,61,11441-11626,1,0,CAWFBN010000050.1,22,2,vnfG,d__Bacteria;p__Pseudomonadota;c__Alphaproteobacteria;o__Rhizobiales;f__Beijerinckiaceae;g__Rhodoblastus;s__Rhodoblastus sp963813955,,vnfG
GB_GCA_963817705.1,vnfG,CAWFPF010000001.1_2735_A,2e-52,174.2,0.1,1,113,2782748-2783089,1,0,CAWFPF010000001.1,2735,5,vnfG,d__Bacteria;p__Pseudomonadota;c__Alphaproteobacteria;o__Rhizobiales;f__Rhodomicrobiaceae;g__Rhodomicrobium;s__Rhodomicrobium sp963817705,,vnfG
GB_GCA_963829495.1,vnfG,CAWHIT010000018.1_7_A,5.6e-50,166.3,0.1,1,113,3934-4275,1,0,CAWHIT010000018.1,7,2,vnfG,d__Bacteria;p__Pseudomonadota;c__Alphaproteobacteria;o__Rhizobiales;f__Rhodomicrobiaceae;g__Rhodomicrobium;s__Rhodomicrobium sp963829495,,vnfG
GB_GCA_963833565.1,vnfG,CAWHYO010000039.1_266_A,5.4e-50,166.1,0.1,1,113,258623-258964,-1,0,CAWHYO010000039.1,266,1,vnfG,d__Bacteria;p__Pseudomonadota;c__Alphaproteobacteria;o__Rhizobiales;f__Rhodomicrobiaceae;g__Rhodomicrobium;s__Rhodomicrobium sp963833565,,vnfG
GB_GCA_963834165.1,vnfG,CAWIAL010000015.1_51_A,3.5e-52,173.2,0.1,1,113,47628-47969,-1,0,CAWIAL010000015.1,51,1,vnfG,d__Bacteria;p__Pseudomonadota;c__Alphaproteobacteria;o__Rhizobiales;f__Rhodomicrobiaceae;g__Rhodomicrobium;s__Rhodomicrobium sp963834165,,vnfG
GB_GCA_963849665.1,vnfG,CAWKJW010000080.1_33_A,2.8e-48,160.5,0.3,1,113,30859-31200,1,0,CAWKJW010000080.1,33,2,vnfG,d__Bacteria;p__Pseudomonadota;c__Alphaproteobacteria;o__Rhizobiales;f__Beijerinckiaceae;g__Rhodoblastus;s__Rhodoblastus sp963849665,,vnfG
GB_GCA_964250845.1,vnfG,CAXUIG010000037.1_21_A,6.899999999999999e-49,163.3,0.3,0,112,25617-25955,-1,0,CAXUIG010000037.1,21,1,vnfG,d__Bacteria;p__Cyanobacteriota;c__Cyanobacteriia;o__Cyanobacteriales;f__Chroococcidiopsidaceae;g__CAXUIG01;s__CAXUIG01 sp964250845,,vnfG
GB_GCA_964250845.1,vnfG,CAXUIG010000086.1_20_A,2.8999999999999996e-49,164.5,0.5,0,112,17489-17827,1,0,CAXUIG010000086.1,20,1,vnfG,d__Bacteria;p__Cyanobacteriota;c__Cyanobacteriia;o__Cyanobacteriales;f__Chroococcidiopsidaceae;g__CAXUIG01;s__CAXUIG01 sp964250845,,vnfG
GB_GCA_964292275.1,vnfG,CAXYUZ010000018.1_10_A,3.6e-39,131.0,1.2,0,112,10285-10623,1,0,CAXYUZ010000018.1,10,1,anfG,d__Bacteria;p__Desulfobacterota;c__Desulfuromonadia;o__Geobacterales;f__Pseudopelobacteraceae;g__CAXYUZ01;s__CAXYUZ01 sp964292275,,vnfG
GB_GCA_964292325.1,vnfG,CAXYVG010000043.1_23_A,1.6e-51,171.0,2.5,0,112,20573-20911,1,0,CAXYVG010000043.1,23,1,vnfG,d__Bacteria;p__Bacillota;c__Negativicutes;o__DSM-13327;f__DSM-13327;g__CTSoil-075;s__CTSoil-075 sp964292325,,vnfG
GB_GCA_964402355.1,vnfG,CAYOCB010000001.1_402_A,1.5000000000000002e-38,129.5,2.0,0,112,464844-465182,-1,0,CAYOCB010000001.1,402,1,vnfG,d__Bacteria;p__Bacillota;c__Clostridia;o__Lachnospirales;f__Lachnospiraceae;g__Lacrimispora;s__Lacrimispora sp964402355,,vnfG
GB_GCA_964402645.1,vnfG,CAYOCV010000001.1_94_A,8.3e-34,113.7,0.1,9,121,136061-136426,-1,0,CAYOCV010000001.1,94,1,anfG,d__Bacteria;p__Desulfobacterota;c__Desulfovibrionia;o__Desulfovibrionales;f__Desulfovibrionaceae;g__Cupidesulfovibrio;s__Cupidesulfovibrio sp964402645,,vnfG
GB_GCA_964413315.1,vnfG,CAYPRZ010000021.1_17_A,1.7e-34,115.5,0.0,5,117,15446-15799,1,0,CAYPRZ010000021.1,17,1,anfG,d__Bacteria;p__Desulfobacterota;c__Desulfovibrionia;o__Desulfovibrionales;f__Desulfovibrionaceae;g__Desulfovibrio;s__Desulfovibrio sp964413315,,vnfG
GB_GCA_964435365.1,vnfG,CAYSZM010000022.1_9_A,6.6e-38,127.2,0.1,5,117,8428-8781,-1,0,CAYSZM010000022.1,9,2,anfG,d__Bacteria;p__Verrucomicrobiota;c__Lentisphaeria;o__Victivallales;f__Victivallaceae;g__Victivallis;s__Victivallis sp964435365,,vnfG
GB_GCA_964458365.1,vnfG,CAYWIN010000101.1_7_A,2.5e-33,111.5,0.1,15,127,5876-6259,-1,0,CAYWIN010000101.1,7,1,anfG,d__Bacteria;p__Actinomycetota;c__Actinomycetes;o__Propionibacteriales;f__Propionibacteriaceae;g__Propionicimonas;s__Propionicimonas sp964458365,,vnfG
GB_GCA_964500775.1,vnfG,CAZCQG010000012.1_10_A,9e-31,103.4,1.9,10,122,7655-8023,-1,0,CAZCQG010000012.1,10,1,anfG,d__Bacteria;p__Campylobacterota;c__Campylobacteria;o__Campylobacterales;f__CAZCQG01;g__CAZCQG01;s__CAZCQG01 sp964500775,,vnfG
GB_GCA_964509755.1,vnfG,CAZDYU010000004.1_31_A,1.5000000000000002e-38,129.2,0.0,0,112,38327-38665,1,0,CAZDYU010000004.1,31,1,vnfG,d__Bacteria;p__Acidobacteriota;c__Terriglobia;o__Terriglobales;f__Acidobacteriaceae;g__Telmatobacter;s__Telmatobacter sp964509755,,vnfG
GB_GCA_964523045.1,vnfG,CAZFXO010000038.1_12_A,4.3e-50,166.4,0.1,2,114,10706-11050,1,0,CAZFXO010000038.1,12,1,vnfG,d__Bacteria;p__Pseudomonadota;c__Gammaproteobacteria;o__Burkholderiales;f__Rhodocyclaceae;g__Azonexus;s__Azonexus sp964523045,,vnfG
GB_GCA_964548535.1,vnfG,CAZJRQ010000009.1_54_A,6.5e-22,75.0,0.1,2,116,57152-57502,1,0,CAZJRQ010000009.1,54,3,vnfG,d__Bacteria;p__Bacillota;c__Clostridia;o__Oscillospirales;f__Ruminococcaceae;g__CAZJRQ01;s__CAZJRQ01 sp964548535,,vnfG
GB_GCA_964595345.1,vnfG,CAZQPY010000012.1_22_A,2e-48,161.3,0.0,0,112,25175-25513,-1,0,CAZQPY010000012.1,22,1,vnfG,d__Bacteria;p__Acidobacteriota;c__Terriglobia;o__Terriglobales;f__Acidobacteriaceae;g__Telmatobacter;s__Telmatobacter sp964595345,,vnfG
GB_GCA_964610975.1,vnfG,CAZSYN010000005.1_280_A,6.6e-36,120.7,0.6,5,117,323246-323599,1,0,CAZSYN010000005.1,280,3,anfG,d__Bacteria;p__Planctomycetota;c__Phycisphaerae;o__WQYP01;f__WQYP01;g__CAZSYN01;s__CAZSYN01 sp964610975,,vnfG
GB_GCA_964611215.1,vnfG,CAZSXF010000011.1_11_A,3.9e-35,117.3,0.6,3,115,7386-7733,1,0,CAZSXF010000011.1,11,1,anfG,d__Bacteria;p__Bacteroidota;c__Chlorobiia;o__Chlorobiales;f__Chlorobiaceae;g__Chlorobaculum;s__Chlorobaculum sp964611215,,vnfG
GB_GCA_964618545.1,vnfG,CAZUBG010000032.1_10_A,1.3000000000000001e-37,126.4,0.2,4,116,8578-8928,1,0,CAZUBG010000032.1,10,1,anfG,d__Bacteria;p__Verrucomicrobiota;c__Verrucomicrobiia;o__Limisphaerales;f__UBA11358;g__UBA11358;s__UBA11358 sp964618545,,vnfG
GB_GCA_964632255.1,vnfG,CAZWCA010000009.1_66_A,2.9999999999999998e-36,121.4,0.1,5,117,68421-68774,1,0,CAZWCA010000009.1,66,2,anfG,d__Bacteria;p__Desulfobacterota;c__Syntrophia;o__Syntrophales;f__Smithellaceae;g__MVRV01;s__MVRV01 sp964632255,,vnfG
GB_GCA_964645305.1,vnfG,CAZYCV010000033.1_24_A,1.2e-37,126.6,0.0,0,112,23863-24201,1,0,CAZYCV010000033.1,24,1,vnfG,d__Bacteria;p__Acidobacteriota;c__Terriglobia;o__Terriglobales;f__Acidobacteriaceae;g__Telmatobacter;s__Telmatobacter sp964645305,,vnfG
GB_GCA_964651515.1,vnfG,CAZYYB010000009.1_9_A,9.9e-45,148.7,0.2,0,112,9087-9425,-1,0,CAZYYB010000009.1,9,1,vnfG,d__Bacteria;p__Fibrobacterota;c__Chitinivibrionia;o__Chitinivibrionales;f__Chitinispirillaceae;g__BOG-1184;s__BOG-1184 sp964651515,,vnfG
GB_GCA_964657295.1,vnfG,CAZZVG010001064.1_1_A,1.6e-47,159.0,0.6,36,148,1-447,1,0,CAZZVG010001064.1,1,1,vnfG,d__Bacteria;p__Cyanobacteriota;c__Cyanobacteriia;o__Cyanobacteriales;f__Nostocaceae;g__Rhizonema;s__Rhizonema sp964657295,,vnfG
GB_GCA_964657905.1,vnfG,CAZZXJ010000417.1_5_A,7.700000000000001e-48,159.8,0.3,6,118,5747-6103,-1,0,CAZZXJ010000417.1,5,1,vnfG,d__Bacteria;p__Cyanobacteriota;c__Cyanobacteriia;o__Cyanobacteriales;f__Nostocaceae;g__Stigonema;s__Stigonema sp964657905,,vnfG
GB_GCA_964658145.1,vnfG,CAZZYE010000530.1_1_A,1.1e-48,163.0,2.6,6,118,2-358,1,0,CAZZYE010000530.1,1,1,vnfG,d__Bacteria;p__Cyanobacteriota;c__Cyanobacteriia;o__Cyanobacteriales;f__Nostocaceae;g__Stigonema;s__Stigonema sp964658145,,vnfG
GB_GCA_964658545.1,vnfG,CAZZZY010000205.1_1_B,1.2e-45,152.8,1.2,14,126,1-381,1,0,CAZZZY010000205.1,1,1,vnfG,d__Bacteria;p__Cyanobacteriota;c__Cyanobacteriia;o__Cyanobacteriales;f__Nostocaceae;g__Nostoc;s__Nostoc sp964658545,,vnfG
GB_GCA_965363355.1,vnfG,CBDTTM010000028.1_11_A,3.9000000000000004e-38,127.4,0.7,4,116,8539-8889,-1,0,CBDTTM010000028.1,11,1,anfG,d__Bacteria;p__Bacillota;c__Negativicutes;o__Selenomonadales;f__Selenomonadaceae;g__CBDTTM01;s__CBDTTM01 sp965363355,,vnfG
RS_GCF_000013085.1,vnfG,NC_007643.1_1427_A,5.9e-36,120.9,0.0,4,116,1644687-1645037,-1,0,NC_007643.1,1427,2,anfG,d__Bacteria;p__Pseudomonadota;c__Alphaproteobacteria;o__Rhodospirillales;f__Rhodospirillaceae;g__Rhodospirillum;s__Rhodospirillum rubrum,,vnfG
RS_GCF_000013745.1,vnfG,NC_007925.1_4718_A,2.1000000000000002e-32,109.7,0.1,30,142,5241047-5241475,-1,0,NC_007925.1,4718,1,anfG,d__Bacteria;p__Pseudomonadota;c__Alphaproteobacteria;o__Rhizobiales;f__Xanthobacteraceae;g__Rhodopseudomonas_A;s__Rhodopseudomonas_A palustris_F,,vnfG
RS_GCF_000016505.1,vnfG,NC_009706.1_1716_A,1.1e-45,152.2,1.4,0,112,1846319-1846657,-1,0,NC_009706.1,1716,1,vnfG,d__Bacteria;p__Bacillota;c__Clostridia;o__Clostridiales;f__Clostridiaceae;g__Clostridium_B;s__Clostridium_B kluyveri,,vnfG
RS_GCF_000016505.1,vnfG,NC_009706.1_337_A,5.5e-38,127.4,0.5,4,116,341696-342046,1,0,NC_009706.1,337,7,anfG,d__Bacteria;p__Bacillota;c__Clostridia;o__Clostridiales;f__Clostridiaceae;g__Clostridium_B;s__Clostridium_B kluyveri,,vnfG
RS_GCF_000020525.1,vnfG,NC_011026.1_1873_A,1.2e-36,122.6,0.7,6,118,2169287-2169643,1,0,NC_011026.1,1873,10,anfG,d__Bacteria;p__Bacteroidota;c__Chlorobiia;o__Chlorobiales;f__Chloroherpetonaceae;g__Chloroherpeton;s__Chloroherpeton thalassium,,vnfG
RS_GCF_000021865.1,vnfG,NC_014034.1_583_A,2.0000000000000003e-34,115.8,0.0,3,115,628548-628895,1,0,NC_014034.1,583,8,anfG,d__Bacteria;p__Pseudomonadota;c__Alphaproteobacteria;o__Rhodobacterales;f__Rhodobacteraceae;g__Rhodobacter;s__Rhodobacter capsulatus_B,,vnfG
RS_GCF_000166055.1,vnfG,NC_014664.1_3347_A,5.5e-38,127.3,0.2,4,116,3661281-3661631,-1,0,NC_014664.1,3347,4,anfG,d__Bacteria;p__Pseudomonadota;c__Alphaproteobacteria;o__Rhizobiales;f__Rhodomicrobiaceae;g__Rhodomicrobium;s__Rhodomicrobium vannielii,,vnfG
RS_GCF_000166055.1,vnfG,NC_014664.1_514_A,9.3e-51,168.5,0.1,0,111,589963-590298,1,0,NC_014664.1,514,7,vnfG,d__Bacteria;p__Pseudomonadota;c__Alphaproteobacteria;o__Rhizobiales;f__Rhodomicrobiaceae;g__Rhodomicrobium;s__Rhodomicrobium vannielii,,vnfG
RS_GCF_000171235.2,vnfG,NZ_ABEA03000203.1_51_A,7.2e-38,127.4,0.2,5,117,53828-54181,-1,0,NZ_ABEA03000203.1,51,1,anfG,d__Bacteria;p__Verrucomicrobiota;c__Verrucomicrobiia;o__Opitutales;f__Opitutaceae;g__Geminisphaera;s__Geminisphaera colitermitum,,vnfG
RS_GCF_000178115.2,vnfG,NC_014828.1_2301_A,4e-40,133.8,0.6,0,112,2484967-2485305,1,0,NC_014828.1,2301,7,vnfG,d__Bacteria;p__Bacillota;c__Clostridia;o__Oscillospirales;f__Ethanoligenentaceae;g__Ethanoligenens;s__Ethanoligenens harbinense,,vnfG
RS_GCF_000183135.1,vnfG,NC_014734.1_1370_A,5.3e-29,98.1,3.5,5,118,1638935-1639291,-1,0,NC_014734.1,1370,1,anfG,d__Bacteria;p__Bacteroidota;c__Bacteroidia;o__Bacteroidales;f__Paludibacteraceae;g__Paludibacter;s__Paludibacter propionicigenes,,vnfG
RS_GCF_000190635.1,vnfG,NC_015172.1_2819_A,5.1e-38,127.3,0.3,4,116,2886820-2887170,-1,0,NC_015172.1,2819,4,anfG,d__Bacteria;p__Bacillota;c__Desulfitobacteriia;o__Desulfitobacteriales;f__Syntrophobotulaceae;g__Syntrophobotulus;s__Syntrophobotulus glycolicus,,vnfG
RS_GCF_000218875.1,vnfG,NC_015709.1_962_A,3.4e-36,120.5,0.1,4,116,1125667-1126017,-1,0,NC_015709.1,962,2,anfG,d__Bacteria;p__Pseudomonadota;c__Alphaproteobacteria;o__Sphingomonadales;f__Sphingomonadaceae;g__Zymomonas;s__Zymomonas pomaceae,,vnfG
RS_GCF_000224065.1,vnfG,NZ_AFWT01000026.1_8_A,3.8e-37,125.0,0.1,4,116,7445-7795,1,0,NZ_AFWT01000026.1,8,1,anfG,d__Bacteria;p__Pseudomonadota;c__Gammaproteobacteria;o__Chromatiales;f__Chromatiaceae;g__Imhoffiella;s__Imhoffiella drewsii,,vnfG
RS_GCF_000224515.1,vnfG,NZ_AGAF01000212.1_39_A,5.0000000000000005e-39,131.3,0.2,12,124,39781-40155,1,0,NZ_AGAF01000212.1,39,1,anfG,d__Bacteria;p__Bacillota;c__Desulfitobacteriia;o__Desulfitobacteriales;f__Desulfitobacteriaceae;g__Desulfosporosinus;s__Desulfosporosinus sp000224515,,vnfG
RS_GCF_000230835.1,vnfG,NZ_CM001240.1_4215_A,6.699999999999999e-35,118.0,0.9,4,116,4502562-4502912,-1,0,NZ_CM001240.1,4215,1,anfG,d__Bacteria;p__Bacillota;c__Clostridia;o__Clostridiales;f__Clostridiaceae;g__Clostridium;s__Clostridium sp000230835,,vnfG
RS_GCF_000246895.1,vnfG,NZ_BAEV01000114.1_7_A,5.4e-38,127.4,0.2,0,114,8716-9060,-1,0,NZ_BAEV01000114.1,7,1,vnfG,d__Bacteria;p__Bacillota;c__Clostridia;o__Clostridiales;f__Clostridiaceae;g__Clostridium_I;s__Clostridium_I arbusti,,vnfG
RS_GCF_000247605.1,vnfG,NC_016894.1_704_A,1e-37,126.4,0.2,4,116,797743-798093,-1,0,NC_016894.1,704,2,anfG,d__Bacteria;p__Bacillota;c__Clostridia;o__Eubacteriales;f__Eubacteriaceae;g__Acetobacterium;s__Acetobacterium woodii,,vnfG
RS_GCF_000271485.2,vnfG,NZ_AKVN02000001.1_1165_A,5.0000000000000005e-39,131.0,0.4,4,116,1308543-1308893,1,0,NZ_AKVN02000001.1,1165,13,anfG,d__Bacteria;p__Bacillota;c__Negativicutes;o__DSM-13327;f__DSM-13327;g__Pelosinus;s__Pelosinus fermentans,,vnfG
RS_GCF_000280495.2,vnfG,NZ_CP018016.1_2214_A,6.300000000000001e-36,121.3,0.1,2,114,2339444-2339788,1,0,NZ_CP018016.1,2214,3,anfG,d__Bacteria;p__Pseudomonadota;c__Gammaproteobacteria;o__Enterobacterales;f__Enterobacteriaceae;g__Kosakonia;s__Kosakonia radicincitans,,vnfG
RS_GCF_000284415.1,vnfG,NC_017059.1_563_A,4e-36,121.3,0.3,4,116,635066-635416,-1,0,NC_017059.1,563,5,anfG,d__Bacteria;p__Pseudomonadota;c__Alphaproteobacteria;o__Rhodospirillales;f__Rhodospirillaceae;g__Pararhodospirillum;s__Pararhodospirillum photometricum,,vnfG
RS_GCF_000293785.1,vnfG,NZ_AKZI01000081.1_41_A,5.1000000000000004e-30,101.9,0.1,34,146,45542-45982,1,0,NZ_AKZI01000081.1,41,1,anfG,d__Bacteria;p__Pseudomonadota;c__Alphaproteobacteria;o__Rhizobiales;f__Xanthobacteraceae;g__Rhodoplanes;s__Rhodoplanes sp000293785,,vnfG
RS_GCF_000294655.1,vnfG,NZ_CAHP01000020.1_250_A,4.5e-34,114.7,0.1,4,116,281392-281742,-1,0,NZ_CAHP01000020.1,250,1,anfG,d__Bacteria;p__Pseudomonadota;c__Alphaproteobacteria;o__Rhodospirillales;f__Magnetospirillaceae;g__Phaeospirillum;s__Phaeospirillum molischianum,,vnfG
RS_GCF_000297095.1,vnfG,NZ_AEEA01000019.1_82_A,3.3999999999999997e-35,118.2,0.9,5,117,90736-91089,1,0,NZ_AEEA01000019.1,82,1,anfG,d__Bacteria;p__Spirochaetota;c__Spirochaetia;o__Treponematales;f__Breznakiellaceae;g__Termitinema;s__Termitinema primitia_A,,vnfG
RS_GCF_000317205.1,vnfG,NZ_AJLK01000109.1_16_B,2.4e-45,151.7,3.4,477,599,16194-17993,1,0,NZ_AJLK01000109.1,16,3,vnfG,d__Bacteria;p__Cyanobacteriota;c__Cyanobacteriia;o__Cyanobacteriales;f__Nostocaceae;g__Fischerella;s__Fischerella muscicola,,vnfG
RS_GCF_000333455.1,vnfG,NZ_BADD01000438.1_2_A,2.3000000000000002e-33,113.0,0.2,29,141,607-1032,-1,0,NZ_BADD01000438.1,2,1,anfG,d__Bacteria;p__Pseudomonadota;c__Alphaproteobacteria;o__Rhizobiales;f__Xanthobacteraceae;g__Rhodopseudomonas;s__Rhodopseudomonas sp000333455,,vnfG
RS_GCF_000340885.1,vnfG,NC_020291.1_3021_A,2.3e-34,116.3,2.5,4,116,3372157-3372507,1,0,NC_020291.1,3021,7,anfG,d__Bacteria;p__Bacillota;c__Clostridia;o__Clostridiales;f__Clostridiaceae;g__Clostridium;s__Clostridium saccharoperbutylacetonicum,,vnfG
RS_GCF_000350485.1,vnfG,NZ_AORV01000040.1_17_A,2.4e-36,122.6,0.3,5,117,20683-21036,-1,0,NZ_AORV01000040.1,17,1,anfG,d__Bacteria;p__Bacillota;c__Clostridia;o__Acetivibrionales;f__DSM-1351;g__Ruminiclostridium;s__Ruminiclostridium termitidis,,vnfG
RS_GCF_000373985.1,vnfG,NZ_KB893046.1_37_A,2.7e-46,154.5,2.9,1,113,43036-43377,-1,0,NZ_KB893046.1,37,1,vnfG,d__Bacteria;p__Desulfobacterota;c__Desulfobacteria;o__Desulfobacterales;f__Desulfobacteraceae;g__Desulfobacter;s__Desulfobacter curvatus,,vnfG
RS_GCF_000374185.1,vnfG,NZ_KB910518.1_2915_A,2.2e-38,129.3,0.6,4,116,3283511-3283861,-1,0,NZ_KB910518.1,2915,1,anfG,d__Bacteria;p__Bacillota;c__Bacilli;o__Paenibacillales;f__Paenibacillaceae;g__Paenibacillus_AQ;s__Paenibacillus_AQ sp000374185,,vnfG
RS_GCF_000381065.1,vnfG,NZ_KB905840.1_20_A,8.200000000000001e-38,126.8,0.6,4,116,22650-23000,1,0,NZ_KB905840.1,20,1,anfG,d__Bacteria;p__Bacillota;c__Negativicutes;o__Selenomonadales;f__Selenomonadaceae;g__Propionispira;s__Propionispira raffinosivorans,,vnfG
RS_GCF_000389635.1,vnfG,NC_021182.1_3337_A,6.799999999999999e-43,143.5,0.4,0,114,3461936-3462280,-1,0,NC_021182.1,3337,8,vnfG,d__Bacteria;p__Bacillota;c__Clostridia;o__Clostridiales;f__Clostridiaceae;g__Clostridium_I;s__Clostridium_I pasteurianum_A,,vnfG
RS_GCF_000400505.1,vnfG,NZ_CM001857.1_2653_A,7.3e-34,114.2,0.1,12,124,3037144-3037518,1,0,NZ_CM001857.1,2653,1,anfG,d__Bacteria;p__Pseudomonadota;c__Gammaproteobacteria;o__Enterobacterales;f__Enterobacteriaceae;g__Musicola;s__Musicola paradisiaca,,vnfG
RS_GCF_000426485.1,vnfG,NZ_AUFL01000008.1_101_A,4.400000000000001e-28,95.4,3.2,5,118,131310-131666,-1,0,NZ_AUFL01000008.1,101,1,anfG,d__Bacteria;p__Bacteroidota;c__Bacteroidia;o__Bacteroidales;f__Dysgonomonadaceae;g__Dysgonomonas_A;s__Dysgonomonas_A capnocytophagoides,,vnfG
RS_GCF_000442515.1,vnfG,NZ_AQPH01000008.1_68_A,1e-48,161.9,0.0,1,113,71185-71526,-1,0,NZ_AQPH01000008.1,68,1,vnfG,d__Bacteria;p__Pseudomonadota;c__Alphaproteobacteria;o__Rhodospirillales;f__Magnetospirillaceae;g__Phaeospirillum;s__Phaeospirillum fulvum_B,,vnfG
RS_GCF_000442515.1,vnfG,NZ_AQPH01000081.1_13_A,6.4e-34,114.2,0.2,4,116,9686-10036,-1,0,NZ_AQPH01000081.1,13,1,anfG,d__Bacteria;p__Pseudomonadota;c__Alphaproteobacteria;o__Rhodospirillales;f__Magnetospirillaceae;g__Phaeospirillum;s__Phaeospirillum fulvum_B,,vnfG
RS_GCF_000455485.1,vnfG,NZ_CBQR020000141.1_52_A,1.7e-36,123.0,0.2,28,140,59403-59825,1,0,NZ_CBQR020000141.1,52,1,anfG,d__Bacteria;p__Bacillota;c__Bacilli;o__Paenibacillales;f__NBRC-103111;g__Gorillibacterium;s__Gorillibacterium massiliense,,vnfG
RS_GCF_000504305.1,vnfG,NZ_KI632512.1_82_A,2.7e-34,115.3,0.1,9,121,87741-88106,-1,0,NZ_KI632512.1,82,1,anfG,d__Bacteria;p__Desulfobacterota;c__Desulfovibrionia;o__Desulfovibrionales;f__Desulfovibrionaceae;g__Cupidesulfovibrio;s__Cupidesulfovibrio termitidis,,vnfG
RS_GCF_000520715.1,vnfG,NZ_ASSD01000655.1_8_A,4.6e-42,141.0,0.0,0,112,7300-7638,1,0,NZ_ASSD01000655.1,8,1,vnfG,d__Bacteria;p__Bacillota;c__Bacilli;o__Paenibacillales;f__Paenibacillaceae;g__Paenibacillus_AQ;s__Paenibacillus_AQ zanthoxyli,,vnfG
RS_GCF_000527035.1,vnfG,NZ_AZUK01000001.1_2827_A,2.3e-46,154.2,0.0,0,112,3121063-3121401,1,0,NZ_AZUK01000001.1,2827,6,vnfG,d__Bacteria;p__Pseudomonadota;c__Gammaproteobacteria;o__Enterobacterales;f__Aeromonadaceae;g__Tolumonas;s__Tolumonas lignilytica,,vnfG
RS_GCF_000568815.1,vnfG,NZ_CP007201.1_1640_A,2.9e-37,124.8,1.6,13,125,1600878-1601255,-1,0,NZ_CP007201.1,1640,1,anfG,d__Bacteria;p__Campylobacterota;c__Campylobacteria;o__Campylobacterales;f__Sulfurospirillaceae;g__Sulfurospirillum;s__Sulfurospirillum multivorans,,vnfG
RS_GCF_000585215.1,vnfG,NZ_AONC01000021.1_84_A,5.7e-51,169.3,0.0,4,116,89072-89422,1,0,NZ_AONC01000021.1,84,2,vnfG,d__Bacteria;p__Pseudomonadota;c__Gammaproteobacteria;o__Chromatiales;f__Chromatiaceae;g__Imhoffiella;s__Imhoffiella purpurea,,vnfG
RS_GCF_000621145.1,vnfG,NZ_JHZB01000015.1_73_A,2.3e-35,118.8,1.1,5,117,56097-56450,1,0,NZ_JHZB01000015.1,73,1,anfG,d__Bacteria;p__Desulfobacterota;c__Desulfobulbia;o__Desulfobulbales;f__Desulfobulbaceae;g__Desulfobulbus;s__Desulfobulbus elongatus,,vnfG
RS_GCF_000636015.1,vnfG,NZ_JFZJ01000001.1_76_A,5.2e-38,127.3,0.2,4,116,89123-89473,-1,0,NZ_JFZJ01000001.1,76,1,anfG,d__Bacteria;p__Pseudomonadota;c__Alphaproteobacteria;o__Rhizobiales;f__Rhodomicrobiaceae;g__Rhodomicrobium;s__Rhodomicrobium udaipurense,,vnfG
RS_GCF_000686725.1,vnfG,NZ_JMLK01000019.1_64_A,1.3e-36,123.1,0.1,4,116,66415-66765,-1,0,NZ_JMLK01000019.1,64,1,anfG,d__Bacteria;p__Bacillota;c__Clostridia;o__Clostridiales;f__Clostridiaceae;g__Clostridium_I;s__Clostridium_I akagii,,vnfG
RS_GCF_000723885.1,vnfG,NZ_CCDG010000021.1_224_A,6.2e-35,118.2,0.3,5,117,248482-248835,-1,0,NZ_CCDG010000021.1,224,1,anfG,d__Bacteria;p__Bacillota;c__Bacilli;o__Paenibacillales;f__Paenibacillaceae;g__Paenibacillus_AQ;s__Paenibacillus_AQ camerounensis,,vnfG
RS_GCF_000725345.1,vnfG,NZ_CP008852.1_3860_A,5.6e-38,127.7,0.2,4,116,4062573-4062923,-1,0,NZ_CP008852.1,3860,1,anfG,d__Bacteria;p__Bacillota;c__Negativicutes;o__DSM-13327;f__DSM-13327;g__Pelosinus;s__Pelosinus sp000725345,,vnfG
RS_GCF_000756615.1,vnfG,NZ_CP009288.1_2263_A,4.6e-42,141.0,0.0,0,112,2667838-2668176,1,0,NZ_CP009288.1,2263,14,vnfG,d__Bacteria;p__Bacillota;c__Bacilli;o__Paenibacillales;f__Paenibacillaceae;g__Paenibacillus_AQ;s__Paenibacillus_AQ durus,,vnfG
RS_GCF_000758525.1,vnfG,NZ_CP009241.1_2656_A,2.1e-38,129.5,0.6,4,116,3110643-3110993,1,0,NZ_CP009241.1,2656,7,anfG,d__Bacteria;p__Bacillota;c__Bacilli;o__Paenibacillales;f__Paenibacillaceae;g__Paenibacillus_AQ;s__Paenibacillus_AQ sp000758525,,vnfG
RS_GCF_000758665.1,vnfG,NZ_CP009285.1_2703_A,2.5e-36,122.9,1.7,4,116,3299141-3299491,1,0,NZ_CP009285.1,2703,8,anfG,d__Bacteria;p__Bacillota;c__Bacilli;o__Paenibacillales;f__Paenibacillaceae;g__Paenibacillus_AQ;s__Paenibacillus_AQ borealis,,vnfG
RS_GCF_000758685.1,vnfG,NZ_CP009286.1_2182_A,7e-37,124.2,1.1,5,117,2421589-2421942,1,0,NZ_CP009286.1,2182,12,anfG,d__Bacteria;p__Bacillota;c__Bacilli;o__Paenibacillales;f__Paenibacillaceae;g__Paenibacillus_AQ;s__Paenibacillus_AQ stellifer,,vnfG
RS_GCF_000801335.2,vnfG,NZ_JSEH01000007.1_159_A,2.3e-37,125.6,0.2,4,116,169991-170341,1,0,NZ_JSEH01000007.1,159,2,anfG,d__Bacteria;p__Desulfobacterota;c__Desulfovibrionia;o__Desulfovibrionales;f__Desulfovibrionaceae;g__Solidesulfovibrio;s__Solidesulfovibrio sp000801335,,vnfG
RS_GCF_000807255.1,vnfG,NZ_CP009268.1_3727_A,6.100000000000001e-38,127.3,0.2,4,116,4071571-4071921,-1,0,NZ_CP009268.1,3727,10,anfG,d__Bacteria;p__Bacillota;c__Clostridia;o__Clostridiales;f__Clostridiaceae;g__Clostridium_I;s__Clostridium_I pasteurianum,,vnfG
RS_GCF_000807255.1,vnfG,NZ_CP009268.1_1374_A,4.5e-39,130.9,0.1,0,114,1516701-1517045,1,0,NZ_CP009268.1,1374,20,vnfG,d__Bacteria;p__Bacillota;c__Clostridia;o__Clostridiales;f__Clostridiaceae;g__Clostridium_I;s__Clostridium_I pasteurianum,,vnfG
RS_GCF_000813325.1,vnfG,NZ_BBQE01000001.1_135_A,4.1e-36,120.9,0.2,5,117,136483-136836,1,0,NZ_BBQE01000001.1,135,1,anfG,d__Bacteria;p__Campylobacterota;c__Campylobacteria;o__Campylobacterales;f__Sulfurospirillaceae;g__Sulfurospirillum;s__Sulfurospirillum cavolei,,vnfG
RS_GCF_000981585.1,vnfG,NZ_LN831776.1_2648_A,9.8e-39,130.6,1.3,4,116,3267328-3267678,1,0,NZ_LN831776.1,2648,9,anfG,d__Bacteria;p__Bacillota;c__Bacilli;o__Paenibacillales;f__Paenibacillaceae;g__Paenibacillus_AQ;s__Paenibacillus_AQ riograndensis,,vnfG
RS_GCF_000993825.1,vnfG,NZ_CP011114.1_1427_A,1.1999999999999999e-43,146.1,0.0,0,112,1587025-1587363,1,0,NZ_CP011114.1,1427,12,vnfG,d__Bacteria;p__Bacillota;c__Bacilli;o__Paenibacillales;f__Paenibacillaceae;g__Paenibacillus_AQ;s__Paenibacillus_AQ durus_B,,vnfG
RS_GCF_001045675.1,vnfG,NZ_LEKT01000060.1_14_A,3.1e-31,105.4,3.7,4,115,13829-14176,1,0,NZ_LEKT01000060.1,14,1,anfG,d__Bacteria;p__Bacillota;c__Negativicutes;o__Veillonellales;f__Megasphaeraceae;g__Megasphaera;s__Megasphaera cerevisiae,,vnfG
RS_GCF_001295845.1,vnfG,NZ_LJIC01000158.1_104_A,1.1e-31,107.6,0.0,34,146,108193-108633,-1,0,NZ_LJIC01000158.1,104,1,anfG,d__Bacteria;p__Pseudomonadota;c__Alphaproteobacteria;o__Rhizobiales;f__Xanthobacteraceae;g__Rhodopseudomonas;s__Rhodopseudomonas sp001295845,,vnfG
RS_GCF_001298735.1,vnfG,NZ_CYSP01000025.1_18_A,7.7e-40,133.4,0.5,4,116,19105-19455,1,0,NZ_CYSP01000025.1,18,1,anfG,d__Bacteria;p__Bacillota;c__Negativicutes;o__Propionisporales;f__Propionisporaceae;g__Propionispora;s__Propionispora sp001298735,,vnfG
RS_GCF_001402875.1,vnfG,NZ_CP012946.1_2850_A,7.1e-34,113.9,0.1,26,138,3245974-3246390,1,0,NZ_CP012946.1,2850,9,anfG,d__Bacteria;p__Pseudomonadota;c__Alphaproteobacteria;o__Rhizobiales;f__Xanthobacteraceae;g__Blastochloris;s__Blastochloris viridis,,vnfG
RS_GCF_001457415.1,vnfG,NZ_LN881724.1_1841_A,3.3000000000000002e-37,125.2,1.3,4,116,2039719-2040069,-1,0,NZ_LN881724.1,1841,1,anfG,d__Bacteria;p__Bacillota;c__Bacilli;o__Paenibacillales;f__NBRC-103111;g__Gorillibacterium;s__Gorillibacterium timonense,,vnfG
RS_GCF_001571105.1,vnfG,NZ_BCTD01000003.1_26_A,1.4e-51,171.5,0.0,1,113,25253-25594,-1,0,NZ_BCTD01000003.1,26,1,vnfG,d__Bacteria;p__Pseudomonadota;c__Gammaproteobacteria;o__Pseudomonadales;f__Pseudomonadaceae;g__Azotobacter;s__Azotobacter vinelandii,,vnfG
RS_GCF_001571105.1,vnfG,NZ_BCTD01000006.1_74_A,1.4e-37,126.4,0.1,20,132,76107-76505,-1,0,NZ_BCTD01000006.1,74,1,anfG,d__Bacteria;p__Pseudomonadota;c__Gammaproteobacteria;o__Pseudomonadales;f__Pseudomonadaceae;g__Azotobacter;s__Azotobacter vinelandii,,vnfG
RS_GCF_001658025.2,vnfG,NZ_CP014007.2_2182_A,4.1e-36,121.7,0.1,2,114,2317177-2317521,1,0,NZ_CP014007.2,2182,2,anfG,d__Bacteria;p__Pseudomonadota;c__Gammaproteobacteria;o__Enterobacterales;f__Enterobacteriaceae;g__Kosakonia;s__Kosakonia oryzae,,vnfG
RS_GCF_001723605.1,vnfG,NZ_CP017111.1_1611_A,1.8e-37,125.4,1.5,13,125,1611874-1612251,-1,0,NZ_CP017111.1,1611,1,anfG,d__Bacteria;p__Campylobacterota;c__Campylobacteria;o__Campylobacterales;f__Sulfurospirillaceae;g__Sulfurospirillum;s__Sulfurospirillum halorespirans,,vnfG
RS_GCF_001874525.1,vnfG,NZ_LKAQ01000004.1_2351_A,1.1e-33,113.4,0.1,4,116,2581340-2581690,-1,0,NZ_LKAQ01000004.1,2351,1,anfG,d__Bacteria;p__Desulfobacterota;c__Desulfovibrionia;o__Desulfovibrionales;f__Desulfovibrionaceae;g__Pseudodesulfovibrio;s__Pseudodesulfovibrio hydrargyri,,vnfG
RS_GCF_001902295.1,vnfG,NZ_CP018335.1_2101_A,3.5e-45,150.7,1.1,0,112,2203771-2204109,-1,0,NZ_CP018335.1,2101,2,vnfG,d__Bacteria;p__Bacillota;c__Clostridia;o__Clostridiales;f__Clostridiaceae;g__Clostridium_B;s__Clostridium_B kluyveri_B,,vnfG
RS_GCF_001902295.1,vnfG,NZ_CP018335.1_436_A,8.8e-39,130.1,0.5,4,116,405096-405446,1,0,NZ_CP018335.1,436,11,anfG,d__Bacteria;p__Bacillota;c__Clostridia;o__Clostridiales;f__Clostridiaceae;g__Clostridium_B;s__Clostridium_B kluyveri_B,,vnfG
RS_GCF_001936595.1,vnfG,NZ_MLBG01000023.1_2_A,1.5e-36,123.0,0.2,4,116,257-607,1,0,NZ_MLBG01000023.1,2,1,anfG,d__Bacteria;p__Desulfobacterota;c__Desulfovibrionia;o__Desulfovibrionales;f__Desulfovibrionaceae;g__Solidesulfovibrio;s__Solidesulfovibrio sp001936595,,vnfG
RS_GCF_002051585.1,vnfG,NZ_MZGX01000002.1_103_A,8.400000000000001e-36,120.5,0.4,4,116,110545-110895,1,0,NZ_MZGX01000002.1,103,1,anfG,d__Bacteria;p__Bacillota;c__Clostridia;o__Acetivibrionales;f__DSM-1351;g__Ruminiclostridium;s__Ruminiclostridium hungatei,,vnfG
RS_GCF_002051585.1,vnfG,NZ_MZGX01000018.1_65_A,1.4e-40,135.9,0.3,0,113,78242-78583,-1,0,NZ_MZGX01000018.1,65,1,vnfG,d__Bacteria;p__Bacillota;c__Clostridia;o__Acetivibrionales;f__DSM-1351;g__Ruminiclostridium;s__Ruminiclostridium hungatei,,vnfG
RS_GCF_002073975.1,vnfG,NZ_CP020384.1_3357_A,3.3e-35,118.5,0.0,3,115,3585591-3585938,-1,0,NZ_CP020384.1,3357,3,anfG,d__Bacteria;p__Pseudomonadota;c__Alphaproteobacteria;o__Rhodobacterales;f__Rhodobacteraceae;g__Rhodovulum;s__Rhodovulum sp002073975,,vnfG
RS_GCF_002095535.1,vnfG,NZ_MLJI01000002.1_202_A,2.2e-33,113.2,0.1,2,114,208097-208441,1,0,NZ_MLJI01000002.1,202,4,anfG,d__Bacteria;p__Pseudomonadota;c__Gammaproteobacteria;o__Enterobacterales;f__Enterobacteriaceae;g__Pantoea;s__Pantoea cypripedii,,vnfG
RS_GCF_002162315.1,vnfG,NZ_CP021416.1_1688_A,1.1e-37,126.1,1.3,13,125,1627183-1627560,-1,0,NZ_CP021416.1,1688,1,anfG,d__Bacteria;p__Campylobacterota;c__Campylobacteria;o__Campylobacterales;f__Sulfurospirillaceae;g__Sulfurospirillum;s__Sulfurospirillum sp002162315,,vnfG
RS_GCF_002196705.1,vnfG,NZ_NADJ01000015.1_11_A,4.1e-40,134.6,0.1,8,120,9991-10353,1,0,NZ_NADJ01000015.1,11,1,anfG,d__Bacteria;p__Bacillota;c__Desulfitobacteriia;o__Desulfitobacteriales;f__Desulfitobacteriaceae;g__Desulfosporosinus;s__Desulfosporosinus sp002196705,,vnfG
RS_GCF_002245985.1,vnfG,NZ_NOLK01000303.1_1_A,8.4e-45,150.4,1.1,217,329,3-992,1,0,NZ_NOLK01000303.1,1,1,vnfG,d__Bacteria;p__Cyanobacteriota;c__Cyanobacteriia;o__Cyanobacteriales;f__Nostocaceae;g__Nostoc;s__Nostoc sp002245985,,vnfG
RS_GCF_002246015.1,vnfG,NZ_NOLJ01000009.1_300_B,6.6e-44,147.3,1.0,553,665,303283-305280,1,0,NZ_NOLJ01000009.1,300,1,vnfG,d__Bacteria;p__Cyanobacteriota;c__Cyanobacteriia;o__Cyanobacteriales;f__Nostocaceae;g__Nostoc;s__Nostoc sp002246015,,vnfG
RS_GCF_002291445.1,vnfG,NZ_CP014137.1_60_A,7.5e-36,120.8,0.1,4,116,63848-64198,1,0,NZ_CP014137.1,60,1,anfG,d__Bacteria;p__Pseudomonadota;c__Gammaproteobacteria;o__Enterobacterales;f__Enterobacteriaceae;g__Brenneria;s__Brenneria goodwinii,,vnfG
RS_GCF_002760435.1,vnfG,NZ_AUUU01000066.1_42_A,2.0000000000000002e-39,132.6,0.7,0,113,46622-46963,1,0,NZ_AUUU01000066.1,42,2,vnfG,d__Bacteria;p__Bacillota;c__Clostridia;o__Clostridiales;f__Clostridiaceae;g__Clostridium;s__Clostridium sp002760435,,vnfG
RS_GCF_002770725.1,vnfG,NZ_NQVN01000002.1_270_A,3.7e-32,109.1,0.1,29,141,308683-309108,-1,0,NZ_NQVN01000002.1,270,2,anfG,d__Bacteria;p__Pseudomonadota;c__Alphaproteobacteria;o__Rhizobiales;f__Pleomorphomonadaceae;g__Pleomorphomonas;s__Pleomorphomonas carboxyditropha,,vnfG
RS_GCF_002834385.1,vnfG,NZ_PITQ01000001.1_494_A,4.4e-31,105.6,0.0,5,117,570256-570609,1,0,NZ_PITQ01000001.1,494,1,anfG,d__Bacteria;p__Pseudomonadota;c__Gammaproteobacteria;o__Enterobacterales;f__Enterobacteriaceae;g__Rahnella;s__Rahnella sp002834385,,vnfG
RS_GCF_002845745.1,vnfG,NZ_PIUM01000009.1_78_A,3.1999999999999997e-31,106.1,0.2,2,114,108362-108706,-1,0,NZ_PIUM01000009.1,78,1,anfG,d__Bacteria;p__Pseudomonadota;c__Alphaproteobacteria;o__Rhodospirillales;f__Magnetospirillaceae;g__Telmatospirillum;s__Telmatospirillum siberiense,,vnfG
RS_GCF_002937075.1,vnfG,NZ_NHSJ01000060.1_15_A,8e-33,111.1,0.2,30,142,16279-16707,-1,0,NZ_NHSJ01000060.1,15,1,anfG,d__Bacteria;p__Pseudomonadota;c__Alphaproteobacteria;o__Rhizobiales;f__Beijerinckiaceae;g__Rhodoblastus;s__Rhodoblastus sphagnicola,,vnfG
RS_GCF_002937075.1,vnfG,NZ_NHSJ01000070.1_40_A,5.6e-49,163.1,0.4,1,113,40303-40644,-1,0,NZ_NHSJ01000070.1,40,1,vnfG,d__Bacteria;p__Pseudomonadota;c__Alphaproteobacteria;o__Rhizobiales;f__Beijerinckiaceae;g__Rhodoblastus;s__Rhodoblastus sphagnicola,,vnfG
RS_GCF_002937115.1,vnfG,NZ_NHRY01000045.1_16_A,5.2000000000000004e-48,160.4,0.0,5,117,14397-14750,-1,0,NZ_NHRY01000045.1,16,1,vnfG,d__Bacteria;p__Pseudomonadota;c__Alphaproteobacteria;o__Acetobacterales;f__Acetobacteraceae;g__Rhodopila;s__Rhodopila globiformis,,vnfG
RS_GCF_002995845.1,vnfG,NZ_PVXP01000083.1_8_A,6.9e-43,143.1,1.5,0,114,9031-9375,-1,0,NZ_PVXP01000083.1,8,1,vnfG,d__Bacteria;p__Bacillota;c__Clostridia;o__Clostridiales;f__Clostridiaceae;g__Clostridium_B;s__Clostridium_B luticellarii,,vnfG
RS_GCF_003031265.1,vnfG,NZ_CP019966.1_1410_A,9.999999999999999e-33,110.7,0.1,34,146,1537369-1537809,-1,0,NZ_CP019966.1,1410,2,anfG,d__Bacteria;p__Pseudomonadota;c__Alphaproteobacteria;o__Rhizobiales;f__Xanthobacteraceae;g__Rhodopseudomonas;s__Rhodopseudomonas palustris_H,,vnfG
RS_GCF_003115845.1,vnfG,NZ_KZ819024.1_94_A,1.1e-35,120.0,0.1,4,116,107981-108331,-1,0,NZ_KZ819024.1,94,1,anfG,d__Bacteria;p__Pseudomonadota;c__Gammaproteobacteria;o__Enterobacterales;f__Enterobacteriaceae;g__Brenneria;s__Brenneria roseae,,vnfG
RS_GCF_003116015.1,vnfG,NZ_LGQZ01000083.1_37_A,9e-51,169.4,0.0,2,114,32377-32721,1,0,NZ_LGQZ01000083.1,37,2,vnfG,d__Bacteria;p__Pseudomonadota;c__Alphaproteobacteria;o__Azospirillales;f__Azospirillaceae;g__Azospirillum;s__Azospirillum sp003116015,,vnfG
RS_GCF_003119195.2,vnfG,NZ_CP022255.1_593_A,6.3e-52,173.1,0.0,8,120,691879-692241,-1,0,NZ_CP022255.1,593,1,vnfG,d__Bacteria;p__Pseudomonadota;c__Alphaproteobacteria;o__Azospirillales;f__Azospirillaceae;g__Azospirillum;s__Azospirillum baldaniorum,,vnfG
RS_GCF_003182095.1,vnfG,NZ_QGTJ01000006.1_6_A,2.3999999999999996e-53,176.8,0.0,4,116,3916-4266,1,0,NZ_QGTJ01000006.1,6,1,vnfG,d__Bacteria;p__Pseudomonadota;c__Gammaproteobacteria;o__Competibacterales;f__Competibacteraceae;g__Plasticicumulans;s__Plasticicumulans acidivorans,,vnfG
RS_GCF_003182475.1,vnfG,NZ_QGTS01000007.1_181_A,1.1999999999999999e-35,120.1,0.5,2,114,204364-204708,-1,0,NZ_QGTS01000007.1,181,1,anfG,d__Bacteria;p__Pseudomonadota;c__Gammaproteobacteria;o__Enterobacterales;f__Enterobacteriaceae;g__Mangrovibacter;s__Mangrovibacter plantisponsor,,vnfG
RS_GCF_003217355.1,vnfG,NZ_QJTK01000011.1_23_A,1.6e-34,116.1,0.0,3,115,20959-21306,1,0,NZ_QJTK01000011.1,23,1,anfG,d__Bacteria;p__Pseudomonadota;c__Alphaproteobacteria;o__Rhodobacterales;f__Rhodobacteraceae;g__Rhodobacter;s__Rhodobacter viridis,,vnfG
RS_GCF_003226555.1,vnfG,NZ_QKQS01000006.1_445_A,1e-33,114.1,0.1,34,146,505768-506208,1,0,NZ_QKQS01000006.1,445,3,anfG,d__Bacteria;p__Pseudomonadota;c__Alphaproteobacteria;o__Rhizobiales;f__Xanthobacteraceae;g__Rhodopseudomonas;s__Rhodopseudomonas palustris_I,,vnfG
RS_GCF_003254295.1,vnfG,NZ_QKZO01000014.1_45_A,2.0000000000000003e-34,115.8,0.0,3,115,56293-56640,-1,0,NZ_QKZO01000014.1,45,1,anfG,d__Bacteria;p__Pseudomonadota;c__Alphaproteobacteria;o__Rhodobacterales;f__Rhodobacteraceae;g__Rhodobacter;s__Rhodobacter capsulatus,,vnfG
RS_GCF_003285005.1,vnfG,NZ_QMFA01000024.1_62_A,1.2e-37,126.9,0.8,5,117,72008-72361,-1,0,NZ_QMFA01000024.1,62,1,anfG,d__Bacteria;p__Bacillota;c__Bacilli;o__Paenibacillales;f__NBRC-103111;g__Paenibacillus_AR;s__Paenibacillus_AR sp003285005,,vnfG
RS_GCF_003315515.1,vnfG,NZ_QNRY01000002.1_42_A,1.7999999999999998e-35,119.2,0.1,4,116,43050-43400,-1,0,NZ_QNRY01000002.1,42,1,anfG,d__Bacteria;p__Pseudomonadota;c__Gammaproteobacteria;o__Enterobacterales;f__Enterobacteriaceae;g__Brenneria;s__Brenneria salicis,,vnfG
RS_GCF_003966715.1,vnfG,NZ_AP018907.1_606_A,6.1e-33,111.0,0.0,26,138,687330-687746,-1,0,NZ_AP018907.1,606,1,anfG,d__Bacteria;p__Pseudomonadota;c__Alphaproteobacteria;o__Rhizobiales;f__Xanthobacteraceae;g__Blastochloris;s__Blastochloris tepida,,vnfG
RS_GCF_003966895.1,vnfG,NZ_AP018449.1_448_A,5.799999999999999e-49,162.9,0.1,0,112,508802-509140,-1,0,NZ_AP018449.1,448,3,vnfG,d__Bacteria;p__Bacillota;c__Negativicutes;o__Sporomusales;f__Sporomusaceae;g__Methylomusa;s__Methylomusa anaerophila,,vnfG
RS_GCF_003966895.1,vnfG,NZ_AP018449.1_648_A,2.3e-39,132.0,0.0,0,112,722833-723171,-1,0,NZ_AP018449.1,648,1,anfG,d__Bacteria;p__Bacillota;c__Negativicutes;o__Sporomusales;f__Sporomusaceae;g__Methylomusa;s__Methylomusa anaerophila,,vnfG
RS_GCF_003992725.1,vnfG,NZ_RZNF01000004.1_66_A,3.6e-37,124.6,0.2,4,116,68834-69184,1,0,NZ_RZNF01000004.1,66,1,anfG,d__Bacteria;p__Pseudomonadota;c__Alphaproteobacteria;o__Rhizobiales;f__Rhodomicrobiaceae;g__Rhodomicrobium;s__Rhodomicrobium lacus,,vnfG
RS_GCF_003994235.2,vnfG,NZ_RYFG02000121.1_132_A,5e-47,156.7,0.1,5,117,131582-131935,1,0,NZ_RYFG02000121.1,132,4,vnfG,d__Bacteria;p__Pseudomonadota;c__Gammaproteobacteria;o__Methylococcales;f__Methylomonadaceae;g__Methylobacter_A;s__Methylobacter_A oryzae,,vnfG
RS_GCF_004337445.1,vnfG,NZ_SJZB01000009.1_15_A,7e-51,168.6,0.0,5,117,16177-16530,1,0,NZ_SJZB01000009.1,15,1,vnfG,d__Bacteria;p__Pseudomonadota;c__Gammaproteobacteria;o__Burkholderiales;f__Thiobacillaceae;g__Parasulfuritortus;s__Parasulfuritortus cantonensis,,vnfG
RS_GCF_004339665.1,vnfG,NZ_SMMU01000027.1_42_A,9.5e-50,165.5,0.0,1,113,32529-32870,-1,0,NZ_SMMU01000027.1,42,1,vnfG,d__Bacteria;p__Pseudomonadota;c__Gammaproteobacteria;o__Pseudomonadales;f__Pseudomonadaceae;g__Azotobacter;s__Azotobacter chroococcum,,vnfG
RS_GCF_004341685.1,vnfG,NZ_SMAA01000010.1_76_A,7.9e-33,110.1,2.2,4,115,93913-94260,-1,0,NZ_SMAA01000010.1,76,1,anfG,d__Bacteria;p__Bacillota;c__Negativicutes;o__Selenomonadales;f__Selenomonadaceae;g__Pectinatus;s__Pectinatus cerevisiiphilus,,vnfG
RS_GCF_004342175.1,vnfG,NZ_SMAO01000001.1_576_A,2.5e-51,170.3,0.0,5,117,649856-650209,-1,0,NZ_SMAO01000001.1,576,1,vnfG,d__Bacteria;p__Pseudomonadota;c__Gammaproteobacteria;o__Chromatiales;f__Chromatiaceae;g__Thiobaca;s__Thiobaca trueperi,,vnfG
RS_GCF_004342175.1,vnfG,NZ_SMAO01000001.1_332_A,2.8e-36,121.8,0.1,4,116,372361-372711,1,0,NZ_SMAO01000001.1,332,2,anfG,d__Bacteria;p__Pseudomonadota;c__Gammaproteobacteria;o__Chromatiales;f__Chromatiaceae;g__Thiobaca;s__Thiobaca trueperi,,vnfG
RS_GCF_004766045.1,vnfG,NZ_SPQQ01000003.1_29_A,2.3e-38,129.2,0.2,12,124,28294-28668,1,0,NZ_SPQQ01000003.1,29,2,anfG,d__Bacteria;p__Bacillota;c__Desulfitobacteriia;o__Desulfitobacteriales;f__Desulfitobacteriaceae;g__Desulfosporosinus;s__Desulfosporosinus fructosivorans,,vnfG
RS_GCF_004801255.1,vnfG,NZ_CP036295.1_2436_A,6e-34,113.9,0.0,5,117,2950484-2950837,-1,0,NZ_CP036295.1,2436,1,anfG,d__Bacteria;p__Desulfobacterota;c__Desulfovibrionia;o__Desulfovibrionales;f__Desulfovibrionaceae;g__Desulfovibrio;s__Desulfovibrio desulfuricans_C,,vnfG
RS_GCF_004801295.1,vnfG,NZ_SSOC01000003.1_583_A,3e-29,99.4,0.1,29,141,654531-654956,-1,0,NZ_SSOC01000003.1,583,1,anfG,d__Bacteria;p__Pseudomonadota;c__Gammaproteobacteria;o__Burkholderiales;f__Rhodocyclaceae;g__Pseudothauera;s__Pseudothauera nasutitermitis,,vnfG
RS_GCF_004801305.1,vnfG,NZ_SSOD01000026.1_22_A,1.3e-54,181.1,0.0,1,113,21182-21523,-1,0,NZ_SSOD01000026.1,22,1,vnfG,d__Bacteria;p__Pseudomonadota;c__Gammaproteobacteria;o__Burkholderiales;f__Rhodocyclaceae;g__Pseudothauera;s__Pseudothauera rhizosphaerae,,vnfG
RS_GCF_004802635.2,vnfG,NZ_CP046052.1_67_A,3e-49,163.8,0.0,1,113,84748-85089,-1,0,NZ_CP046052.1,67,1,vnfG,d__Bacteria;p__Pseudomonadota;c__Alphaproteobacteria;o__Rhizobiales;f__Beijerinckiaceae;g__Methylocystis;s__Methylocystis heyeri,,vnfG
RS_GCF_005144475.1,vnfG,NZ_SWJZ01000010.1_22_A,8.5e-35,117.2,0.0,3,115,21033-21380,1,0,NZ_SWJZ01000010.1,22,2,anfG,d__Bacteria;p__Pseudomonadota;c__Alphaproteobacteria;o__Rhodobacterales;f__Rhodobacteraceae;g__Rhodobacter;s__Rhodobacter capsulatus_C,,vnfG
RS_GCF_005217455.1,vnfG,NZ_SZPQ01000006.1_130_A,8.1e-36,120.8,0.1,3,115,149143-149490,-1,0,NZ_SZPQ01000006.1,130,1,anfG,d__Bacteria;p__Pseudomonadota;c__Gammaproteobacteria;o__Enterobacterales;f__Enterobacteriaceae;g__Acerihabitans;s__Acerihabitans sp005217455,,vnfG
RS_GCF_006715975.1,vnfG,NZ_VFOF01000001.1_272_A,2.3e-37,124.3,0.1,4,116,315177-315527,1,0,NZ_VFOF01000001.1,272,2,anfG,d__Bacteria;p__Pseudomonadota;c__Alphaproteobacteria;o__Sphingomonadales;f__Sphingomonadaceae;g__Zymomonas;s__Zymomonas mobilis_B,,vnfG
RS_GCF_007005445.1,vnfG,NZ_CP041387.1_1499_A,1.7e-33,113.1,0.1,34,146,1653962-1654402,-1,0,NZ_CP041387.1,1499,1,anfG,d__Bacteria;p__Pseudomonadota;c__Alphaproteobacteria;o__Rhizobiales;f__Xanthobacteraceae;g__Rhodopseudomonas;s__Rhodopseudomonas palustris_G,,vnfG
RS_GCF_007641255.1,vnfG,NZ_CP036259.1_1129_A,1.5e-37,126.3,0.1,4,116,1281868-1282218,1,0,NZ_CP036259.1,1129,14,anfG,d__Bacteria;p__Bacillota;c__Negativicutes;o__Sporomusales;f__Sporomusaceae;g__Sporomusa;s__Sporomusa termitida,,vnfG
RS_GCF_007830255.1,vnfG,NZ_VLKG01000003.1_121_A,2e-47,157.5,0.0,1,113,131593-131934,-1,0,NZ_VLKG01000003.1,121,1,vnfG,d__Bacteria;p__Pseudomonadota;c__Gammaproteobacteria;o__Pseudomonadales;f__Pseudomonadaceae;g__Azomonas;s__Azomonas agilis,,vnfG
RS_GCF_007830255.1,vnfG,NZ_VLKG01000004.1_31_A,2.1000000000000002e-36,122.0,0.1,21,133,32944-33345,-1,0,NZ_VLKG01000004.1,31,1,anfG,d__Bacteria;p__Pseudomonadota;c__Gammaproteobacteria;o__Pseudomonadales;f__Pseudomonadaceae;g__Azomonas;s__Azomonas agilis,,vnfG
RS_GCF_007830295.1,vnfG,NZ_VLKC01000002.1_731_A,9.300000000000001e-36,120.7,0.1,4,116,786382-786732,-1,0,NZ_VLKC01000002.1,731,5,anfG,d__Bacteria;p__Bacillota;c__Negativicutes;o__Sporomusales;f__Sporomusaceae;g__Sporomusa;s__Sporomusa sp007830295,,vnfG
RS_GCF_007992075.1,vnfG,NZ_BJZO01000002.1_78_A,1.3e-52,174.2,0.1,1,113,82994-83335,-1,0,NZ_BJZO01000002.1,78,2,vnfG,d__Bacteria;p__Pseudomonadota;c__Alphaproteobacteria;o__Rhodospirillales;f__Rhodospirillaceae;g__Pararhodospirillum;s__Pararhodospirillum oryzae,,vnfG
RS_GCF_007992075.1,vnfG,NZ_BJZO01000043.1_23_A,3.9e-35,118.0,0.1,4,116,33367-33717,1,0,NZ_BJZO01000043.1,23,1,anfG,d__Bacteria;p__Pseudomonadota;c__Alphaproteobacteria;o__Rhodospirillales;f__Rhodospirillaceae;g__Pararhodospirillum;s__Pararhodospirillum oryzae,,vnfG
RS_GCF_008086595.1,vnfG,NZ_RXYA01000003.1_87_A,2.7e-36,121.8,2.0,4,116,104967-105317,1,0,NZ_RXYA01000003.1,87,1,anfG,d__Bacteria;p__Bacillota;c__Clostridia;o__Eubacteriales;f__Eubacteriaceae;g__Acetobacterium;s__Acetobacterium paludosum,,vnfG
RS_GCF_008630065.1,vnfG,NZ_VWPL01000005.1_53_A,3.9000000000000004e-33,111.6,0.0,26,138,69754-70170,1,0,NZ_VWPL01000005.1,53,1,anfG,d__Bacteria;p__Pseudomonadota;c__Alphaproteobacteria;o__Rhizobiales;f__Xanthobacteraceae;g__Blastochloris;s__Blastochloris sulfoviridis,,vnfG
RS_GCF_009363155.1,vnfG,NZ_CP045302.1_675_A,2.7e-51,170.6,0.0,1,113,799742-800083,1,0,NZ_CP045302.1,675,7,vnfG,d__Bacteria;p__Pseudomonadota;c__Gammaproteobacteria;o__Pseudomonadales;f__Pseudomonadaceae;g__Azotobacter;s__Azotobacter salinestris,,vnfG
RS_GCF_009498235.1,vnfG,NZ_CP044205.1_363_A,8.499999999999999e-49,162.4,0.1,2,114,445821-446165,-1,0,NZ_CP044205.1,363,2,vnfG,d__Bacteria;p__Pseudomonadota;c__Gammaproteobacteria;o__Methylococcales;f__Methylococcaceae;g__Methylospira;s__Methylospira mobilis,,vnfG
RS_GCF_009617575.1,vnfG,NZ_WIXJ01000009.1_24_A,1.4e-31,106.2,0.0,30,142,24529-24957,1,0,NZ_WIXJ01000009.1,24,1,anfG,d__Bacteria;p__Pseudomonadota;c__Gammaproteobacteria;o__Burkholderiales;f__Rhodocyclaceae;g__Rhodocyclus;s__Rhodocyclus gracilis,,vnfG
RS_GCF_009720655.1,vnfG,NZ_WNKS01000005.1_234_A,1.8e-49,164.4,0.5,1,113,244351-244692,-1,0,NZ_WNKS01000005.1,234,1,vnfG,d__Bacteria;p__Pseudomonadota;c__Alphaproteobacteria;o__Rhizobiales;f__Beijerinckiaceae;g__Rhodoblastus;s__Rhodoblastus acidophilus_A,,vnfG
RS_GCF_009720655.1,vnfG,NZ_WNKS01000020.1_62_A,1.2e-32,110.2,0.3,30,142,61360-61788,-1,0,NZ_WNKS01000020.1,62,1,anfG,d__Bacteria;p__Pseudomonadota;c__Alphaproteobacteria;o__Rhizobiales;f__Beijerinckiaceae;g__Rhodoblastus;s__Rhodoblastus acidophilus_A,,vnfG
RS_GCF_009856605.1,vnfG,NZ_CP047242.1_5205_B,1.6999999999999998e-49,165.0,0.4,475,587,6323868-6325631,1,0,NZ_CP047242.1,5205,12,vnfG,d__Bacteria;p__Cyanobacteriota;c__Cyanobacteriia;o__Cyanobacteriales;f__Nostocaceae;g__Trichormus;s__Trichormus variabilis,,vnfG
RS_GCF_009877435.1,vnfG,NZ_WXEX01000005.1_219_A,2.9999999999999998e-40,134.5,0.3,4,116,253310-253660,-1,0,NZ_WXEX01000005.1,219,2,anfG,d__Bacteria;p__Bacillota;c__Desulfitobacteriia;o__Heliobacteriales;f__Heliobacteriaceae;g__Heliomicrobium;s__Heliomicrobium gestii,,vnfG
RS_GCF_010131535.1,vnfG,NZ_WUBS01000013.1_125_A,2.4e-33,112.8,0.0,4,116,146484-146834,-1,0,NZ_WUBS01000013.1,125,1,anfG,d__Bacteria;p__Pseudomonadota;c__Gammaproteobacteria;o__Enterobacterales;f__Enterobacteriaceae;g__Acerihabitans;s__Acerihabitans arboris,,vnfG
RS_GCF_010907035.1,vnfG,NZ_QUMK01000077.1_16_A,8.3e-33,111.0,0.1,34,146,15743-16183,-1,0,NZ_QUMK01000077.1,16,1,anfG,d__Bacteria;p__Pseudomonadota;c__Alphaproteobacteria;o__Rhizobiales;f__Xanthobacteraceae;g__Rhodopseudomonas;s__Rhodopseudomonas sp010907035,,vnfG
RS_GCF_011022235.1,vnfG,NZ_JAAIYP010000026.1_38_A,7.499999999999999e-53,175.3,0.0,1,113,36441-36782,-1,0,NZ_JAAIYP010000026.1,38,1,vnfG,d__Bacteria;p__Pseudomonadota;c__Alphaproteobacteria;o__Rhodospirillales;f__Magnetospirillaceae;g__Magnetospirillum;s__Magnetospirillum aberrantis,,vnfG
RS_GCF_011758645.1,vnfG,NZ_JAAMOZ010000001.1_2437_A,1.1e-34,116.6,0.1,5,117,2666839-2667192,-1,0,NZ_JAAMOZ010000001.1,2437,1,anfG,d__Bacteria;p__Actinomycetota;c__Actinomycetes;o__Propionibacteriales;f__Propionibacteriaceae;g__Brooklawnia;s__Brooklawnia cerclae,,vnfG
RS_GCF_011769985.2,vnfG,NZ_CP039734.2_1469_A,1e-37,126.1,1.3,13,125,1425500-1425877,-1,0,NZ_CP039734.2,1469,1,anfG,d__Bacteria;p__Campylobacterota;c__Campylobacteria;o__Campylobacterales;f__Sulfurospirillaceae;g__Sulfurospirillum;s__Sulfurospirillum diekertiae,,vnfG
RS_GCF_013343235.1,vnfG,NZ_CP040094.1_2465_A,9.9e-45,149.9,0.8,244,356,2870403-2871473,-1,0,NZ_CP040094.1,2465,2,nifD,d__Bacteria;p__Cyanobacteriota;c__Cyanobacteriia;o__Cyanobacteriales;f__Nostocaceae;g__Nostoc;s__Nostoc sp013343235,,vnfG
RS_GCF_013376455.1,vnfG,NZ_CP045504.1_2412_A,5.8e-36,120.9,0.2,4,116,2704575-2704925,1,0,NZ_CP045504.1,2412,7,anfG,d__Bacteria;p__Desulfobacterota;c__Desulfovibrionia;o__Desulfovibrionales;f__Desulfovibrionaceae;g__Desulfolutivibrio;s__Desulfolutivibrio sulfodismutans,,vnfG
RS_GCF_013393385.1,vnfG,NZ_AP023239.1_2219_A,2.9e-37,125.4,0.8,5,117,2498529-2498882,1,0,NZ_AP023239.1,2219,16,anfG,d__Bacteria;p__Bacillota;c__Bacilli;o__Paenibacillales;f__Paenibacillaceae;g__Paenibacillus_AQ;s__Paenibacillus_AQ sp013393385,,vnfG
RS_GCF_013393905.1,vnfG,NZ_CP040273.1_285_B,3.6000000000000004e-44,148.4,0.8,566,678,300671-302707,-1,0,NZ_CP040273.1,285,1,vnfG,d__Bacteria;p__Cyanobacteriota;c__Cyanobacteriia;o__Cyanobacteriales;f__Nostocaceae;g__Nostoc;s__Nostoc sp013393905,,vnfG
RS_GCF_013415845.1,vnfG,NZ_CP058907.1_1403_A,9.2e-31,104.4,0.0,34,146,1505456-1505896,-1,0,NZ_CP058907.1,1403,2,anfG,d__Bacteria;p__Pseudomonadota;c__Alphaproteobacteria;o__Rhizobiales;f__Xanthobacteraceae;g__Rhodopseudomonas;s__Rhodopseudomonas palustris_F,,vnfG
RS_GCF_014191985.1,vnfG,NZ_JACHXI010000006.1_25_A,1.6999999999999998e-49,164.4,0.2,1,113,29593-29934,-1,0,NZ_JACHXI010000006.1,25,1,vnfG,d__Bacteria;p__Pseudomonadota;c__Gammaproteobacteria;o__Pseudomonadales;f__Pseudomonadaceae;g__Azomonas;s__Azomonas macrocytogenes,,vnfG
RS_GCF_014191985.1,vnfG,NZ_JACHXI010000008.1_98_A,3.3e-36,121.6,0.8,18,130,106903-107295,-1,0,NZ_JACHXI010000008.1,98,1,anfG,d__Bacteria;p__Pseudomonadota;c__Gammaproteobacteria;o__Pseudomonadales;f__Pseudomonadaceae;g__Azomonas;s__Azomonas macrocytogenes,,vnfG
RS_GCF_014197755.1,vnfG,NZ_JACIGE010000001.1_50_A,4e-31,105.1,0.0,30,142,59791-60219,1,0,NZ_JACIGE010000001.1,50,2,anfG,d__Bacteria;p__Pseudomonadota;c__Gammaproteobacteria;o__Burkholderiales;f__Rhodocyclaceae;g__Rhodocyclus;s__Rhodocyclus tenuis,,vnfG
RS_GCF_014201835.1,vnfG,NZ_JACHFH010000040.1_23_A,5.9000000000000005e-33,110.7,1.0,4,115,17349-17696,-1,0,NZ_JACHFH010000040.1,23,1,anfG,d__Bacteria;p__Bacillota;c__Negativicutes;o__Selenomonadales;f__Selenomonadaceae;g__Pectinatus;s__Pectinatus brassicae,,vnfG
RS_GCF_014202345.1,vnfG,NZ_JACHGO010000001.1_26_A,2.1e-31,105.8,0.1,5,117,34738-35091,-1,0,NZ_JACHGO010000001.1,26,1,anfG,d__Bacteria;p__Desulfobacterota;c__Desulfovibrionia;o__Desulfovibrionales;f__Desulfovibrionaceae;g__Desulfovibrio;s__Desulfovibrio intestinalis,,vnfG
RS_GCF_014203125.1,vnfG,NZ_JACHIH010000003.1_49_A,1.4e-32,110.2,0.1,29,141,53585-54010,1,0,NZ_JACHIH010000003.1,49,1,anfG,d__Bacteria;p__Pseudomonadota;c__Alphaproteobacteria;o__Rhizobiales;f__Xanthobacteraceae;g__Rhodopseudomonas_A;s__Rhodopseudomonas_A rhenobacensis,,vnfG
RS_GCF_014672695.1,vnfG,NZ_CP053923.1_2839_A,2.1e-45,151.3,0.0,0,101,3131552-3131857,-1,0,NZ_CP053923.1,2839,1,vnfG,d__Bacteria;p__Pseudomonadota;c__Alphaproteobacteria;o__Rhodospirillales;f__Defluviicoccaceae;g__Defluviicoccus;s__Defluviicoccus vanus,,vnfG
RS_GCF_014697425.1,vnfG,NZ_JACJRU010000011.1_130_B,8.3000000000000005e-50,166.2,0.6,475,587,159999-161762,-1,0,NZ_JACJRU010000011.1,130,1,vnfG,d__Bacteria;p__Cyanobacteriota;c__Cyanobacteriia;o__Cyanobacteriales;f__Nostocaceae;g__Nostoc_B;s__Nostoc_B sp014697425,,vnfG
RS_GCF_014698475.1,vnfG,NZ_JACJTB010000003.1_86_B,1.8e-49,165.0,0.4,475,587,91807-93570,-1,0,NZ_JACJTB010000003.1,86,2,vnfG,d__Bacteria;p__Cyanobacteriota;c__Cyanobacteriia;o__Cyanobacteriales;f__Nostocaceae;g__Nostoc_B;s__Nostoc_B spongiaeforme,,vnfG
RS_GCF_015207245.1,vnfG,NZ_JADEXF010000046.1_1_B,4.6e-45,150.5,0.9,97,214,2-646,1,0,NZ_JADEXF010000046.1,1,1,vnfG,d__Bacteria;p__Cyanobacteriota;c__Cyanobacteriia;o__Cyanobacteriales;f__Nostocaceae;g__Nostoc;s__Nostoc edaphicum_B,,vnfG
RS_GCF_015732285.1,vnfG,NZ_WIQU01000056.1_14_A,6.1000000000000005e-30,101.0,3.5,4,115,14355-14702,1,0,NZ_WIQU01000056.1,14,1,anfG,d__Bacteria;p__Bacillota;c__Negativicutes;o__Selenomonadales;f__Selenomonadaceae;g__Pectinatus;s__Pectinatus frisingensis,,vnfG
RS_GCF_015762685.1,vnfG,NZ_PEHF01000066.1_128_A,2.2e-35,119.5,0.2,2,114,89037-89381,-1,0,NZ_PEHF01000066.1,128,1,anfG,d__Bacteria;p__Pseudomonadota;c__Gammaproteobacteria;o__Enterobacterales;f__Enterobacteriaceae;g__Symbiopectobacterium;s__Symbiopectobacterium sp015762685,,vnfG
RS_GCF_016056275.1,vnfG,NZ_JAECZA010000233.1_7_A,1.4e-47,159.2,1.9,570,682,6050-8098,-1,0,NZ_JAECZA010000233.1,7,2,nifD,d__Bacteria;p__Cyanobacteriota;c__Cyanobacteriia;o__Cyanobacteriales;f__Nostocaceae;g__Dendronalium;s__Dendronalium phyllosphericum,,vnfG
RS_GCF_016583785.1,vnfG,NZ_NRRU01000136.1_7_A,1.9999999999999998e-32,109.8,0.1,30,142,8829-9257,1,0,NZ_NRRU01000136.1,7,1,anfG,d__Bacteria;p__Pseudomonadota;c__Gammaproteobacteria;o__Burkholderiales;f__Burkholderiaceae_C;g__Rubrivivax;s__Rubrivivax gelatinosus_B,,vnfG
RS_GCF_016865365.1,vnfG,NZ_AP024469.1_3339_A,3.5e-30,102.4,0.2,30,142,3609584-3610012,-1,0,NZ_AP024469.1,3339,5,anfG,d__Bacteria;p__Desulfobacterota;c__Desulfuromonadia;o__Geobacterales;f__Pseudopelobacteraceae;g__Pelotalea;s__Pelotalea sp012556225,,vnfG
RS_GCF_016865525.2,vnfG,NZ_CP075169.1_87_A,1.3e-35,120.4,0.3,4,116,99371-99721,1,0,NZ_CP075169.1,87,4,anfG,d__Bacteria;p__Pseudomonadota;c__Gammaproteobacteria;o__Enterobacterales;f__Enterobacteriaceae;g__Acerihabitans;s__Acerihabitans ligni,,vnfG
RS_GCF_016919065.1,vnfG,NZ_JAFFQA010000010.1_68_A,4.4999999999999995e-43,144.0,0.4,0,112,82975-83313,1,0,NZ_JAFFQA010000010.1,68,1,vnfG,d__Bacteria;p__Desulfobacterota;c__Desulfobulbia;o__Desulfobulbales;f__Desulfobulbaceae;g__Desulfobulbus;s__Desulfobulbus rhabdoformis,,vnfG
RS_GCF_017114945.1,vnfG,NZ_JABXKQ010000098.1_17_B,7.6e-44,147.0,0.7,553,665,21523-23520,-1,0,NZ_JABXKQ010000098.1,17,1,vnfG,d__Bacteria;p__Cyanobacteriota;c__Cyanobacteriia;o__Cyanobacteriales;f__Nostocaceae;g__Nostoc;s__Nostoc sp017114945,,vnfG
RS_GCF_017115025.1,vnfG,NZ_JABXKM010000242.1_1_B,8.5e-45,150.1,0.9,125,244,3-737,1,0,NZ_JABXKM010000242.1,1,1,vnfG,d__Bacteria;p__Cyanobacteriota;c__Cyanobacteriia;o__Cyanobacteriales;f__Nostocaceae;g__Nostoc;s__Nostoc sp017115025,,vnfG
RS_GCF_017115085.1,vnfG,NZ_JABXKJ010000250.1_1_B,4.7e-45,151.2,1.1,206,319,1-960,1,0,NZ_JABXKJ010000250.1,1,1,vnfG,d__Bacteria;p__Cyanobacteriota;c__Cyanobacteriia;o__Cyanobacteriales;f__Nostocaceae;g__Nostoc;s__Nostoc sp017115085,,vnfG
RS_GCF_017115095.1,vnfG,NZ_JABXKI010000283.1_19_A,1.1e-45,153.0,1.0,69,181,22700-23245,-1,0,NZ_JABXKI010000283.1,19,1,vnfG,d__Bacteria;p__Cyanobacteriota;c__Cyanobacteriia;o__Cyanobacteriales;f__Nostocaceae;g__Nostoc;s__Nostoc sp017115095,,vnfG
RS_GCF_017115105.1,vnfG,NZ_JABXKH010000140.1_13_B,2.8e-45,151.7,1.3,121,242,11782-12510,-1,0,NZ_JABXKH010000140.1,13,1,vnfG,d__Bacteria;p__Cyanobacteriota;c__Cyanobacteriia;o__Cyanobacteriales;f__Nostocaceae;g__Nostoc;s__Nostoc sp017115105,,vnfG
RS_GCF_017115165.1,vnfG,NZ_JABXKF010000058.1_59_B,1.1e-44,149.9,0.6,221,333,64389-65390,-1,0,NZ_JABXKF010000058.1,59,1,vnfG,d__Bacteria;p__Cyanobacteriota;c__Cyanobacteriia;o__Cyanobacteriales;f__Nostocaceae;g__Nostoc;s__Nostoc sp017115165,,vnfG
RS_GCF_017569925.1,vnfG,NZ_CP050854.1_829_A,4.0999999999999997e-35,118.4,0.1,4,116,952331-952681,1,0,NZ_CP050854.1,829,8,anfG,d__Bacteria;p__Pseudomonadota;c__Gammaproteobacteria;o__Enterobacterales;f__Enterobacteriaceae;g__Brenneria;s__Brenneria izadpanahii,,vnfG
RS_GCF_018224925.1,vnfG,NZ_JAGTUF010000023.1_4_A,6.1e-53,175.6,0.0,1,113,3083-3424,1,0,NZ_JAGTUF010000023.1,4,3,vnfG,d__Bacteria;p__Pseudomonadota;c__Alphaproteobacteria;o__Rhodospirillales;f__Magnetospirillaceae;g__Magnetospirillum;s__Magnetospirillum sulfuroxidans,,vnfG
RS_GCF_018449575.1,vnfG,NZ_JAAVUT010000006.1_99_A,2.3e-35,119.4,0.2,4,116,105917-106267,1,0,NZ_JAAVUT010000006.1,99,1,anfG,d__Bacteria;p__Pseudomonadota;c__Gammaproteobacteria;o__Enterobacterales;f__Enterobacteriaceae;g__Acerihabitans;s__Acerihabitans sp018449575,,vnfG
RS_GCF_018619435.1,vnfG,NZ_JAHFZF010000004.1_77_A,1.9999999999999998e-32,109.5,0.1,31,143,70532-70963,1,0,NZ_JAHFZF010000004.1,77,1,anfG,d__Bacteria;p__Pseudomonadota;c__Gammaproteobacteria;o__Burkholderiales;f__Burkholderiaceae_C;g__Rhodoferax;s__Rhodoferax sp018619435,,vnfG
RS_GCF_018835585.1,vnfG,NZ_JAHGVE010000002.1_36_A,3.2000000000000003e-38,128.6,0.4,10,122,42224-42592,1,0,NZ_JAHGVE010000002.1,36,1,anfG,d__Bacteria;p__Bacillota;c__Negativicutes;o__UMGS1260;f__UMGS1260;g__Pelorhabdus;s__Pelorhabdus rhamnosifermentans,,vnfG
RS_GCF_018861295.1,vnfG,NZ_JAHLDM010000008.1_78_A,2.3e-35,119.3,0.9,0,112,87234-87572,-1,0,NZ_JAHLDM010000008.1,78,1,anfG,d__Bacteria;p__Bacillota;c__Clostridia;o__Clostridiales;f__Clostridiaceae;g__Clostridium_AD;s__Clostridium_AD estertheticum_D,,vnfG
RS_GCF_018905915.1,vnfG,NZ_CP064782.1_65_A,2.5e-49,163.5,0.1,0,112,72110-72448,-1,0,NZ_CP064782.1,65,1,vnfG,d__Bacteria;p__Pseudomonadota;c__Gammaproteobacteria;o__Burkholderiales;f__Rhodocyclaceae;g__Azospira;s__Azospira inquinata,,vnfG
RS_GCF_018905915.1,vnfG,NZ_CP064782.1_249_A,3.3e-31,105.2,0.1,30,142,284677-285105,1,0,NZ_CP064782.1,249,4,anfG,d__Bacteria;p__Pseudomonadota;c__Gammaproteobacteria;o__Burkholderiales;f__Rhodocyclaceae;g__Azospira;s__Azospira inquinata,,vnfG
RS_GCF_018966525.1,vnfG,NZ_CP076607.1_2899_A,4.2e-37,125.1,0.8,5,117,3151688-3152041,1,0,NZ_CP076607.1,2899,16,anfG,d__Bacteria;p__Bacillota;c__Bacilli;o__Paenibacillales;f__Paenibacillaceae;g__Paenibacillus_AQ;s__Paenibacillus_AQ sophorae,,vnfG
RS_GCF_019207025.1,vnfG,NZ_JAEEGC010000053.1_15_A,2.8999999999999997e-43,145.0,1.5,0,115,15911-16258,-1,0,NZ_JAEEGC010000053.1,15,1,vnfG,d__Bacteria;p__Bacillota;c__Clostridia;o__Clostridiales;f__Clostridiaceae;g__Clostridium_AM;s__Clostridium_AM thailandense,,vnfG
RS_GCF_019352175.1,vnfG,NZ_JACBYI010000014.1_106_A,5.9e-39,131.2,0.9,4,116,131688-132038,1,0,NZ_JACBYI010000014.1,106,1,anfG,d__Bacteria;p__Bacillota;c__Bacilli;o__Paenibacillales;f__Paenibacillaceae;g__Paenibacillus_AQ;s__Paenibacillus_AQ sp019352175,,vnfG
RS_GCF_019797845.1,vnfG,NZ_CP081864.1_3390_A,4e-36,121.7,0.2,2,114,3488376-3488720,-1,0,NZ_CP081864.1,3390,1,anfG,d__Bacteria;p__Pseudomonadota;c__Gammaproteobacteria;o__Enterobacterales;f__Enterobacteriaceae;g__Symbiopectobacterium;s__Symbiopectobacterium purcellii,,vnfG
RS_GCF_019904155.1,vnfG,NZ_JAHCMB010000070.1_20_A,6.5e-37,124.5,1.1,5,117,15745-16098,-1,0,NZ_JAHCMB010000070.1,20,1,anfG,d__Bacteria;p__Bacillota;c__Bacilli;o__Paenibacillales;f__Paenibacillaceae;g__Paenibacillus_AQ;s__Paenibacillus_AQ sinensis,,vnfG
RS_GCF_020443705.1,vnfG,NZ_JAIZZK010000006.1_109_A,5.7e-44,146.8,1.1,0,112,103547-103885,1,0,NZ_JAIZZK010000006.1,109,1,vnfG,d__Bacteria;p__Bacillota;c__Clostridia;o__Clostridiales;f__Clostridiaceae;g__Clostridium_AD;s__Clostridium_AD algoriphilum,,vnfG
RS_GCF_020523985.1,vnfG,NZ_JAIVKM010000001.1_397_A,1.1e-35,120.2,0.5,2,114,429013-429357,1,0,NZ_JAIVKM010000001.1,397,1,anfG,d__Bacteria;p__Pseudomonadota;c__Gammaproteobacteria;o__Enterobacterales;f__Enterobacteriaceae;g__Mangrovibacter;s__Mangrovibacter yixingensis,,vnfG
RS_GCF_020595055.1,vnfG,NZ_JAJDOO010000010.1_126_A,9.7e-39,130.2,0.3,8,120,123478-123840,-1,0,NZ_JAJDOO010000010.1,126,1,anfG,d__Bacteria;p__Bacillota;c__Desulfitobacteriia;o__Desulfitobacteriales;f__Desulfitobacteriaceae;g__Desulfosporosinus;s__Desulfosporosinus shakirovi,,vnfG
RS_GCF_020819555.1,vnfG,NZ_JAJHJB010000029.1_19_A,1.6000000000000001e-38,129.5,0.9,4,116,17466-17816,-1,0,NZ_JAJHJB010000029.1,19,1,anfG,d__Bacteria;p__Bacillota;c__Negativicutes;o__DSM-13327;f__DSM-13327;g__Pelosinus;s__Pelosinus baikalensis,,vnfG
RS_GCF_020829685.1,vnfG,NZ_JAIVFR010000293.1_4_B,8.400000000000001e-44,147.1,0.8,586,698,3265-5361,-1,0,NZ_JAIVFR010000293.1,4,1,vnfG,d__Bacteria;p__Cyanobacteriota;c__Cyanobacteriia;o__Cyanobacteriales;f__Nostocaceae;g__Nostoc;s__Nostoc sp020829685,,vnfG
RS_GCF_021209385.1,vnfG,NZ_JAJOIL010000007.1_13_A,1.7e-37,125.4,0.1,2,114,12880-13224,-1,0,NZ_JAJOIL010000007.1,13,1,anfG,d__Bacteria;p__Chrysiogenota;c__Deferribacteres;o__Deferribacterales;f__Geovibrionaceae;g__Seleniivibrio;s__Seleniivibrio sp021209385,,vnfG
RS_GCF_021596505.1,vnfG,NZ_PJIZ01000082.1_8_B,1.5e-48,162.0,0.3,478,590,9361-11133,1,0,NZ_PJIZ01000082.1,8,1,vnfG,d__Bacteria;p__Cyanobacteriota;c__Cyanobacteriia;o__Cyanobacteriales;f__Nostocaceae;g__Trichormus;s__Trichormus sp021596505,,vnfG
RS_GCF_021730435.1,vnfG,NZ_JABWGX010000011.1_89_A,8.3e-49,162.4,0.0,1,113,116618-116959,1,0,NZ_JABWGX010000011.1,89,2,vnfG,d__Bacteria;p__Pseudomonadota;c__Alphaproteobacteria;o__Rhizobiales;f__Xanthobacteraceae;g__Xanthobacter;s__Xanthobacter agilis,,vnfG
RS_GCF_022271405.1,vnfG,NZ_JAJNAL010000004.1_21_A,4.7e-33,111.9,0.1,34,146,24577-25017,1,0,NZ_JAJNAL010000004.1,21,1,anfG,d__Bacteria;p__Pseudomonadota;c__Alphaproteobacteria;o__Rhizobiales;f__Xanthobacteraceae;g__Rhodopseudomonas;s__Rhodopseudomonas infernalis,,vnfG
RS_GCF_022369515.1,vnfG,NZ_CP059724.1_4290_A,1.6000000000000001e-38,129.8,0.6,4,116,4597466-4597816,-1,0,NZ_CP059724.1,4290,1,anfG,d__Bacteria;p__Bacillota;c__Bacilli;o__Paenibacillales;f__Paenibacillaceae;g__Paenibacillus_AQ;s__Paenibacillus_AQ sp022369515,,vnfG
RS_GCF_022482905.1,vnfG,NZ_JAKVOI010000001.1_156_A,1.6e-35,119.3,0.8,4,116,144119-144469,1,0,NZ_JAKVOI010000001.1,156,10,anfG,d__Bacteria;p__Bacillota;c__Clostridia;o__Clostridiales;f__Clostridiaceae;g__Clostridium_B;s__Clostridium_B sp022482905,,vnfG
RS_GCF_022508225.1,vnfG,NZ_JAETXJ010000001.1_373_A,1.5e-33,112.7,0.0,5,117,433717-434070,1,0,NZ_JAETXJ010000001.1,373,1,anfG,d__Bacteria;p__Desulfobacterota;c__Desulfovibrionia;o__Desulfovibrionales;f__Desulfovibrionaceae;g__Desulfovibrio;s__Desulfovibrio sp022508225,,vnfG
RS_GCF_024125445.1,vnfG,NZ_JAMXWM010000003.1_153_A,1.1999999999999999e-35,120.1,1.8,4,116,152827-153177,-1,0,NZ_JAMXWM010000003.1,153,1,anfG,d__Bacteria;p__Bacillota;c__Bacilli;o__Bacillales;f__Sporolactobacillaceae;g__Sporolactobacillus;s__Sporolactobacillus shoreicorticis,,vnfG
RS_GCF_024460775.1,vnfG,NZ_JANFYZ010000004.1_22_A,2.2e-33,112.2,0.0,5,117,28105-28458,-1,0,NZ_JANFYZ010000004.1,22,1,anfG,d__Bacteria;p__Desulfobacterota;c__Desulfovibrionia;o__Desulfovibrionales;f__Desulfovibrionaceae;g__Desulfovibrio;s__Desulfovibrio desulfuricans_E,,vnfG
RS_GCF_025860405.1,vnfG,NZ_CP063785.1_5662_B,5.300000000000001e-44,147.8,0.5,482,594,7126005-7127789,1,0,NZ_CP063785.1,5662,12,vnfG,d__Bacteria;p__Cyanobacteriota;c__Cyanobacteriia;o__Cyanobacteriales;f__Nostocaceae;g__Aulosira;s__Aulosira diplosiphon,,vnfG
RS_GCF_025961575.1,vnfG,NZ_JAOQNX010000010.1_39_A,1.2e-32,110.4,0.3,30,142,38017-38445,-1,0,NZ_JAOQNX010000010.1,39,1,anfG,d__Bacteria;p__Pseudomonadota;c__Alphaproteobacteria;o__Rhizobiales;f__Beijerinckiaceae;g__Rhodoblastus;s__Rhodoblastus acidophilus_C,,vnfG
RS_GCF_025961575.1,vnfG,NZ_JAOQNX010000014.1_28_A,1.4999999999999998e-49,164.8,0.4,1,113,34619-34960,1,0,NZ_JAOQNX010000014.1,28,2,vnfG,d__Bacteria;p__Pseudomonadota;c__Alphaproteobacteria;o__Rhizobiales;f__Beijerinckiaceae;g__Rhodoblastus;s__Rhodoblastus acidophilus_C,,vnfG
RS_GCF_025962655.1,vnfG,NZ_JAGFPE010000009.1_75_A,1.2e-34,116.8,0.1,2,114,76794-77138,-1,0,NZ_JAGFPE010000009.1,75,1,anfG,d__Bacteria;p__Pseudomonadota;c__Gammaproteobacteria;o__Enterobacterales;f__Enterobacteriaceae;g__Symbiopectobacterium;s__Symbiopectobacterium sp025962655,,vnfG
RS_GCF_026127265.1,vnfG,NZ_WWFG01000002.1_283_B,1.3000000000000002e-44,149.8,1.0,573,685,395148-397205,-1,0,NZ_WWFG01000002.1,283,2,vnfG,d__Bacteria;p__Cyanobacteriota;c__Cyanobacteriia;o__Cyanobacteriales;f__Nostocaceae;g__Nostoc;s__Nostoc sp026127265,,vnfG
RS_GCF_026650985.1,vnfG,NZ_CP086239.1_2430_A,4e-35,118.5,0.8,0,112,2517999-2518337,-1,0,NZ_CP086239.1,2430,1,anfG,d__Bacteria;p__Bacillota;c__Clostridia;o__Clostridiales;f__Clostridiaceae;g__Clostridium_AD;s__Clostridium_AD estertheticum_C,,vnfG
RS_GCF_027571405.1,vnfG,NZ_CP092968.1_2156_A,5.1e-52,172.7,0.2,1,113,2245730-2246071,-1,0,NZ_CP092968.1,2156,1,vnfG,d__Bacteria;p__Pseudomonadota;c__Alphaproteobacteria;o__Rhizobiales;f__Beijerinckiaceae;g__Methylocystis;s__Methylocystis parva,,vnfG
RS_GCF_027925445.1,vnfG,NZ_AP027149.1_4170_A,1.8e-49,164.5,0.6,1,113,4465762-4466103,1,0,NZ_AP027149.1,4170,8,vnfG,d__Bacteria;p__Pseudomonadota;c__Alphaproteobacteria;o__Rhizobiales;f__Beijerinckiaceae;g__Methylocystis;s__Methylocystis bryophila,,vnfG
RS_GCF_027943965.1,vnfG,NZ_AP027151.1_538_A,2.7000000000000002e-30,102.6,0.1,30,142,574048-574476,-1,0,NZ_AP027151.1,538,1,anfG,d__Bacteria;p__Desulfobacterota;c__Desulfuromonadia;o__Geobacterales;f__Geobacteraceae;g__Geobacter;s__Geobacter uraniireducens,,vnfG
RS_GCF_028623165.1,vnfG,NZ_CP117772.1_708_C,2.2e-44,148.9,1.1,650,762,980492-982780,-1,0,NZ_CP117772.1,708,1,vnfG,d__Bacteria;p__Cyanobacteriota;c__Cyanobacteriia;o__Cyanobacteriales;f__Nostocaceae;g__Nostoc;s__Nostoc sp028623165,,vnfG
RS_GCF_029267515.1,vnfG,NZ_JAJUIS010000005.1_165_A,2.8e-38,127.8,0.1,20,132,190666-191064,1,0,NZ_JAJUIS010000005.1,165,3,anfG,d__Bacteria;p__Chrysiogenota;c__Deferribacteres;o__Deferribacterales;f__Geovibrionaceae;g__Seleniivibrio;s__Seleniivibrio woodruffii_A,,vnfG
RS_GCF_029379315.1,vnfG,NZ_JAQYWQ010000199.1_6_B,4.8e-45,150.9,1.2,114,226,6418-7098,-1,0,NZ_JAQYWQ010000199.1,6,1,vnfG,d__Bacteria;p__Cyanobacteriota;c__Cyanobacteriia;o__Cyanobacteriales;f__Nostocaceae;g__Nostoc;s__Nostoc sp029379315,,vnfG
RS_GCF_029689925.1,vnfG,NZ_CP121445.1_1295_A,3.5e-37,125.4,0.5,0,112,1620793-1621131,1,0,NZ_CP121445.1,1295,11,anfG,d__Bacteria;p__Bacillota;c__Clostridia;o__Lachnospirales;f__Lachnospiraceae;g__Anaerocolumna;s__Anaerocolumna sp029689925,,vnfG
RS_GCF_029978005.1,vnfG,NZ_JARKOZ010000014.1_27_A,2.2e-36,122.4,0.8,4,116,30823-31173,1,0,NZ_JARKOZ010000014.1,27,1,anfG,d__Bacteria;p__Desulfobacterota;c__Desulfovibrionia;o__Desulfovibrionales;f__Desulfovibrionaceae;g__Solidesulfovibrio;s__Solidesulfovibrio sp029978005,,vnfG
RS_GCF_030269905.1,vnfG,NZ_BSVC01000010.1_157_A,4.1000000000000003e-38,128.2,0.2,4,116,169650-170000,-1,0,NZ_BSVC01000010.1,157,1,anfG,d__Bacteria;p__Bacillota;c__Negativicutes;o__DSM-13327;f__DSM-13327;g__Pelosinus;s__Pelosinus sp030269905,,vnfG
RS_GCF_030813505.1,vnfG,NZ_JAUSUE010000023.1_46_A,5.3000000000000004e-33,110.9,2.3,4,115,50423-50770,-1,0,NZ_JAUSUE010000023.1,46,1,anfG,d__Bacteria;p__Bacillota;c__Negativicutes;o__Selenomonadales;f__Selenomonadaceae;g__Pectinatus;s__Pectinatus haikarae,,vnfG
RS_GCF_030824455.1,vnfG,NZ_JAVBXR010000107.1_22_A,1.8e-39,132.1,0.3,4,116,27774-28124,-1,0,NZ_JAVBXR010000107.1,22,1,anfG,d__Bacteria;p__Desulfobacterota;c__Desulfobulbia;o__Desulfobulbales;f__Desulfobulbaceae;g__Desulfobulbus;s__Desulfobulbus sp030824455,,vnfG
RS_GCF_030954495.1,vnfG,NZ_JAVHUW010000070.1_152_A,7.7e-39,130.6,0.3,8,120,141425-141787,1,0,NZ_JAVHUW010000070.1,152,1,anfG,d__Bacteria;p__Bacillota;c__Desulfitobacteriia;o__Desulfitobacteriales;f__Desulfitobacteriaceae;g__Desulfosporosinus;s__Desulfosporosinus nitrosoreducens,,vnfG
RS_GCF_031291415.1,vnfG,NZ_JARLJB010000007.1_53_A,3.8999999999999997e-31,106.1,0.2,2,114,58251-58595,1,0,NZ_JARLJB010000007.1,53,2,anfG,d__Bacteria;p__Pseudomonadota;c__Alphaproteobacteria;o__Rhodospirillales;f__Magnetospirillaceae;g__Telmatospirillum;s__Telmatospirillum sp031291415,,vnfG
RS_GCF_031292145.1,vnfG,NZ_JARLHR010000095.1_23_A,1.8e-37,126.3,0.6,0,113,26324-26665,1,0,NZ_JARLHR010000095.1,23,2,vnfG,d__Bacteria;p__Bacillota;c__Clostridia;o__Clostridiales;f__Clostridiaceae;g__Clostridium;s__Clostridium sp031292145,,vnfG
RS_GCF_031954385.1,vnfG,NZ_JAUSUY010000004.1_228_A,3.5e-37,125.1,0.8,5,117,231749-232102,-1,0,NZ_JAUSUY010000004.1,228,1,anfG,d__Bacteria;p__Bacillota;c__Bacilli;o__Paenibacillales;f__Paenibacillaceae;g__Paenibacillus_AQ;s__Paenibacillus_AQ forsythiae,,vnfG
RS_GCF_034006445.1,vnfG,NZ_JAVESS010000009.1_20_A,1.7e-30,102.9,0.0,5,117,29628-29981,-1,0,NZ_JAVESS010000009.1,20,1,anfG,d__Bacteria;p__Desulfobacterota;c__Desulfovibrionia;o__Desulfovibrionales;f__Desulfovibrionaceae;g__Desulfovibrio;s__Desulfovibrio sp034006445,,vnfG
RS_GCF_034531155.1,vnfG,NZ_JAVRBS010000049.1_33_B,2.6e-45,151.8,1.3,111,231,36266-36961,-1,0,NZ_JAVRBS010000049.1,33,1,vnfG,d__Bacteria;p__Cyanobacteriota;c__Cyanobacteriia;o__Cyanobacteriales;f__Nostocaceae;g__Nostoc;s__Nostoc sp034531155,,vnfG
RS_GCF_034931845.1,vnfG,NZ_JAYGHN010000059.1_17_A,4.1e-51,170.1,0.6,98,210,20501-21133,-1,0,NZ_JAYGHN010000059.1,17,1,vnfG,d__Bacteria;p__Cyanobacteriota;c__Cyanobacteriia;o__Cyanobacteriales;f__Nostocaceae;g__Brunnivagina;s__Brunnivagina sp034931845,,vnfG
RS_GCF_035561255.1,vnfG,NZ_DATMXX010000238.1_6_A,1.1999999999999999e-39,133.1,0.3,4,116,4284-4634,1,0,NZ_DATMXX010000238.1,6,1,anfG,d__Bacteria;p__Bacillota;c__Negativicutes;o__Sporomusales;f__Sporomusaceae;g__Sporomusa;s__Sporomusa sp035561255,,vnfG
RS_GCF_035644575.1,vnfG,NZ_DASQOG010000095.1_31_A,2.6000000000000003e-33,112.0,0.0,5,117,33508-33861,1,0,NZ_DASQOG010000095.1,31,1,anfG,d__Bacteria;p__Desulfobacterota;c__Desulfovibrionia;o__Desulfovibrionales;f__Desulfovibrionaceae;g__Desulfovibrio;s__Desulfovibrio sp035644575,,vnfG
RS_GCF_036016195.1,vnfG,NZ_JAYWTM010000022.1_64_A,5.8e-37,124.3,0.6,4,116,71842-72192,1,0,NZ_JAYWTM010000022.1,64,1,anfG,d__Bacteria;p__Pseudomonadota;c__Gammaproteobacteria;o__Enterobacterales;f__Enterobacteriaceae;g__Brenneria;s__Brenneria populi,,vnfG
RS_GCF_036398755.1,vnfG,NZ_DASWOM010000129.1_9_A,5.7e-35,117.9,0.1,4,116,5792-6142,-1,0,NZ_DASWOM010000129.1,9,1,anfG,d__Bacteria;p__Pseudomonadota;c__Gammaproteobacteria;o__Enterobacterales;f__Enterobacteriaceae;g__Acerihabitans;s__Acerihabitans sp036398755,,vnfG
RS_GCF_036404135.1,vnfG,NZ_DASWPE010000143.1_4_A,2.6000000000000003e-32,109.4,0.1,30,142,2872-3300,-1,0,NZ_DASWPE010000143.1,4,1,anfG,d__Bacteria;p__Pseudomonadota;c__Alphaproteobacteria;o__Rhizobiales;f__Xanthobacteraceae;g__Rhodopseudomonas_A;s__Rhodopseudomonas_A sp036404135,,vnfG
RS_GCF_036562005.2,vnfG,NZ_JARXNH020000057.1_800_A,1.4e-37,126.3,0.1,2,114,846774-847118,-1,0,NZ_JARXNH020000057.1,800,1,anfG,d__Bacteria;p__Pseudomonadota;c__Gammaproteobacteria;o__Enterobacterales;f__Enterobacteriaceae;g__Klebsiella;s__Klebsiella scottii,,vnfG
RS_GCF_036781005.1,vnfG,NZ_DAIQBT010000001.1_27_A,1.1e-49,164.8,2.6,0,112,28680-29018,1,0,NZ_DAIQBT010000001.1,27,1,vnfG,d__Bacteria;p__Bacillota;c__Clostridia;o__Clostridiales;f__Clostridiaceae;g__Clostridium_B;s__Clostridium_B sp036781005,,vnfG
RS_GCF_036781005.1,vnfG,NZ_DAIQBT010000016.1_36_A,1.6e-37,125.6,1.5,3,115,36090-36437,-1,0,NZ_DAIQBT010000016.1,36,1,anfG,d__Bacteria;p__Bacillota;c__Clostridia;o__Clostridiales;f__Clostridiaceae;g__Clostridium_B;s__Clostridium_B sp036781005,,vnfG
RS_GCF_036824685.1,vnfG,NZ_DAISZR010000034.1_6_A,1.1e-48,162.1,0.1,5,117,7993-8346,1,0,NZ_DAISZR010000034.1,6,2,vnfG,d__Bacteria;p__Pseudomonadota;c__Gammaproteobacteria;o__Methylococcales;f__Methylomonadaceae;g__Methylobacter_A;s__Methylobacter_A sp036824685,,vnfG
RS_GCF_036916575.1,vnfG,NZ_JBALGC010000143.1_29_A,1.8e-46,155.5,1.0,678,790,33097-35469,-1,0,NZ_JBALGC010000143.1,29,1,nifD,d__Bacteria;p__Cyanobacteriota;c__Cyanobacteriia;o__Cyanobacteriales;f__Nostocaceae;g__Nostoc;s__Nostoc sp036916575,,vnfG
RS_GCF_036916655.1,vnfG,NZ_JBALFY010000108.1_6_B,2.4e-45,151.8,0.7,122,244,6498-7232,-1,0,NZ_JBALFY010000108.1,6,1,vnfG,d__Bacteria;p__Cyanobacteriota;c__Cyanobacteriia;o__Cyanobacteriales;f__Nostocaceae;g__Nostoc;s__Nostoc sp036916655,,vnfG
RS_GCF_036916735.1,vnfG,NZ_JBALFV010000076.1_11_A,1.2e-45,152.8,1.2,89,201,13622-14227,-1,0,NZ_JBALFV010000076.1,11,1,vnfG,d__Bacteria;p__Cyanobacteriota;c__Cyanobacteriia;o__Cyanobacteriales;f__Nostocaceae;g__Nostoc;s__Nostoc sp036916735,,vnfG
RS_GCF_036916975.1,vnfG,NZ_JBALFF010000013.1_5_A,1.7e-44,149.0,1.0,229,341,5847-6872,-1,0,NZ_JBALFF010000013.1,5,1,vnfG,d__Bacteria;p__Cyanobacteriota;c__Cyanobacteriia;o__Cyanobacteriales;f__Nostocaceae;g__Nostoc;s__Nostoc sp036916975,,vnfG
RS_GCF_036916985.1,vnfG,NZ_JBALFD010000025.1_141_B,1.3000000000000002e-44,149.5,1.0,142,262,173642-174430,-1,0,NZ_JBALFD010000025.1,141,1,vnfG,d__Bacteria;p__Cyanobacteriota;c__Cyanobacteriia;o__Cyanobacteriales;f__Nostocaceae;g__Nostoc;s__Nostoc sp036916985,,vnfG
RS_GCF_036917135.1,vnfG,NZ_JBALEA010000023.1_138_B,2.8e-44,148.3,1.1,608,720,162851-165013,1,0,NZ_JBALEA010000023.1,138,1,vnfG,d__Bacteria;p__Cyanobacteriota;c__Cyanobacteriia;o__Cyanobacteriales;f__Nostocaceae;g__Nostoc;s__Nostoc sp036917135,,vnfG
RS_GCF_036917155.1,vnfG,NZ_JBALDZ010000215.1_86_B,4.3e-44,147.8,0.7,573,685,95919-97976,-1,0,NZ_JBALDZ010000215.1,86,1,vnfG,d__Bacteria;p__Cyanobacteriota;c__Cyanobacteriia;o__Cyanobacteriales;f__Nostocaceae;g__Nostoc;s__Nostoc sp036917155,,vnfG
RS_GCF_036917195.1,vnfG,NZ_JBALDG010000101.1_23_B,1e-44,149.8,1.2,222,334,23263-24267,-1,0,NZ_JBALDG010000101.1,23,1,vnfG,d__Bacteria;p__Cyanobacteriota;c__Cyanobacteriia;o__Cyanobacteriales;f__Nostocaceae;g__Nostoc;s__Nostoc sp036917195,,vnfG
RS_GCF_036917275.1,vnfG,NZ_JBALDF010000017.1_1_B,1.4e-44,149.3,0.9,227,349,1-1050,1,0,NZ_JBALDF010000017.1,1,1,vnfG,d__Bacteria;p__Cyanobacteriota;c__Cyanobacteriia;o__Cyanobacteriales;f__Nostocaceae;g__Nostoc;s__Nostoc sp036917275,,vnfG
RS_GCF_036917415.1,vnfG,NZ_JBALDJ010000064.1_1_B,1.4e-44,149.3,1.2,202,314,2-946,1,0,NZ_JBALDJ010000064.1,1,2,vnfG,d__Bacteria;p__Cyanobacteriota;c__Cyanobacteriia;o__Cyanobacteriales;f__Nostocaceae;g__Nostoc;s__Nostoc sp036917415,,vnfG
RS_GCF_036917435.1,vnfG,NZ_JBALDM010000031.1_29_B,2.8999999999999997e-43,144.9,1.0,584,696,35782-37872,-1,0,NZ_JBALDM010000031.1,29,1,vnfG,d__Bacteria;p__Cyanobacteriota;c__Cyanobacteriia;o__Cyanobacteriales;f__Nostocaceae;g__Nostoc;s__Nostoc sp036917435,,vnfG
RS_GCF_036917465.1,vnfG,NZ_JBALDL010000030.1_1_A,4.9e-45,150.7,0.8,62,174,1-525,1,0,NZ_JBALDL010000030.1,1,1,vnfG,d__Bacteria;p__Cyanobacteriota;c__Cyanobacteriia;o__Cyanobacteriales;f__Nostocaceae;g__Nostoc;s__Nostoc sp036917465,,vnfG
RS_GCF_036917515.1,vnfG,NZ_JBALDE010000281.1_1_A,2.8e-45,151.7,1.3,90,212,1-639,1,0,NZ_JBALDE010000281.1,1,1,vnfG,d__Bacteria;p__Cyanobacteriota;c__Cyanobacteriia;o__Cyanobacteriales;f__Nostocaceae;g__Nostoc;s__Nostoc sp036917515,,vnfG
RS_GCF_036917535.1,vnfG,NZ_JBALDA010000087.1_7_B,1.6e-45,152.6,1.5,232,344,8738-9772,-1,0,NZ_JBALDA010000087.1,7,1,vnfG,d__Bacteria;p__Cyanobacteriota;c__Cyanobacteriia;o__Cyanobacteriales;f__Nostocaceae;g__Nostoc;s__Nostoc sp036917535,,vnfG
RS_GCF_036917615.1,vnfG,NZ_JBALCZ010000026.1_186_A,1.3e-45,152.8,1.1,74,186,220697-221257,-1,0,NZ_JBALCZ010000026.1,186,1,vnfG,d__Bacteria;p__Cyanobacteriota;c__Cyanobacteriia;o__Cyanobacteriales;f__Nostocaceae;g__Nostoc;s__Nostoc sp036917615,,vnfG
RS_GCF_036917675.1,vnfG,NZ_JBALCT010000064.1_265_B,5e-43,144.3,1.2,231,343,334849-335880,-1,0,NZ_JBALCT010000064.1,265,1,vnfG,d__Bacteria;p__Cyanobacteriota;c__Cyanobacteriia;o__Cyanobacteriales;f__Nostocaceae;g__Nostoc;s__Nostoc sp036917675,,vnfG
RS_GCF_036917755.1,vnfG,NZ_JBALFC010000090.1_1_B,1.1e-44,149.7,1.3,122,244,2-736,1,0,NZ_JBALFC010000090.1,1,1,vnfG,d__Bacteria;p__Cyanobacteriota;c__Cyanobacteriia;o__Cyanobacteriales;f__Nostocaceae;g__Nostoc;s__Nostoc sp036917755,,vnfG
RS_GCF_036917815.1,vnfG,NZ_JBALEK010000068.1_103_B,1.7e-44,149.1,1.2,158,277,98431-99264,-1,0,NZ_JBALEK010000068.1,103,1,vnfG,d__Bacteria;p__Cyanobacteriota;c__Cyanobacteriia;o__Cyanobacteriales;f__Nostocaceae;g__Nostoc;s__Nostoc sp036917815,,vnfG
RS_GCF_036917935.1,vnfG,NZ_JBALEL010000060.1_80_C,8.200000000000001e-44,146.8,0.7,656,768,99946-102252,-1,0,NZ_JBALEL010000060.1,80,2,vnfG,d__Bacteria;p__Cyanobacteriota;c__Cyanobacteriia;o__Cyanobacteriales;f__Nostocaceae;g__Nostoc;s__Nostoc sp036917935,,vnfG
RS_GCF_036917975.1,vnfG,NZ_JBALEJ010000057.1_11_B,1.2e-44,149.6,1.1,225,337,10272-11285,-1,0,NZ_JBALEJ010000057.1,11,1,vnfG,d__Bacteria;p__Cyanobacteriota;c__Cyanobacteriia;o__Cyanobacteriales;f__Nostocaceae;g__Nostoc;s__Nostoc sp036917975,,vnfG
RS_GCF_036919555.1,vnfG,NZ_JBALCS010000005.1_1_B,3.1000000000000003e-44,148.3,1.3,209,321,2-967,1,0,NZ_JBALCS010000005.1,1,1,vnfG,d__Bacteria;p__Cyanobacteriota;c__Cyanobacteriia;o__Cyanobacteriales;f__Nostocaceae;g__Nostoc;s__Nostoc sp036919555,,vnfG
RS_GCF_036919575.1,vnfG,NZ_JBALBY010000023.1_1_B,6e-45,150.7,0.6,181,299,2-901,1,0,NZ_JBALBY010000023.1,1,1,vnfG,d__Bacteria;p__Cyanobacteriota;c__Cyanobacteriia;o__Cyanobacteriales;f__Nostocaceae;g__Nostoc;s__Nostoc sp036919575,,vnfG
RS_GCF_036919595.1,vnfG,NZ_JBALCO010000003.1_6_B,3e-45,151.4,1.1,165,277,9156-9989,-1,0,NZ_JBALCO010000003.1,6,1,vnfG,d__Bacteria;p__Cyanobacteriota;c__Cyanobacteriia;o__Cyanobacteriales;f__Nostocaceae;g__Nostoc;s__Nostoc sp036919595,,vnfG
RS_GCF_036919615.1,vnfG,NZ_JBALCN010000068.1_26_B,4.3e-45,151.1,1.1,198,310,30637-31569,-1,0,NZ_JBALCN010000068.1,26,1,vnfG,d__Bacteria;p__Cyanobacteriota;c__Cyanobacteriia;o__Cyanobacteriales;f__Nostocaceae;g__Nostoc;s__Nostoc sp036919615,,vnfG
RS_GCF_036919675.1,vnfG,NZ_JBALCP010000004.1_20_B,1.9e-45,152.2,1.2,209,321,21597-22562,-1,0,NZ_JBALCP010000004.1,20,1,vnfG,d__Bacteria;p__Cyanobacteriota;c__Cyanobacteriia;o__Cyanobacteriales;f__Nostocaceae;g__Nostoc;s__Nostoc sp036919675,,vnfG
RS_GCF_036919815.1,vnfG,NZ_JBALCE010000109.1_63_A,2.8e-44,148.3,0.6,229,345,68768-69805,-1,0,NZ_JBALCE010000109.1,63,1,vnfG,d__Bacteria;p__Cyanobacteriota;c__Cyanobacteriia;o__Cyanobacteriales;f__Nostocaceae;g__Nostoc;s__Nostoc sp036919815,,vnfG
RS_GCF_038725785.1,vnfG,NZ_CP109796.1_4546_A,6.1e-36,121.3,0.1,4,116,6479693-6480043,-1,0,NZ_CP109796.1,4546,1,anfG,d__Bacteria;p__Verrucomicrobiota;c__Verrucomicrobiia;o__Opitutales;f__Opitutaceae;g__Termitidicoccus;s__Termitidicoccus mucosus,,vnfG
RS_GCF_040373385.1,vnfG,NZ_JBDXXH010000002.1_114_A,7.400000000000001e-34,113.9,0.1,9,121,138841-139206,-1,0,NZ_JBDXXH010000002.1,114,1,anfG,d__Bacteria;p__Desulfobacterota;c__Desulfovibrionia;o__Desulfovibrionales;f__Desulfovibrionaceae;g__Cupidesulfovibrio;s__Cupidesulfovibrio sp040373385,,vnfG
RS_GCF_040939125.1,vnfG,NZ_CP162495.1_563_A,3.8000000000000005e-38,128.0,0.2,4,116,544397-544747,1,0,NZ_CP162495.1,563,11,anfG,d__Bacteria;p__Bacillota;c__Clostridia;o__Clostridiales;f__Clostridiaceae;g__Clostridium_B;s__Clostridium_B sp040939125,,vnfG
RS_GCF_040939125.1,vnfG,NZ_CP162495.1_1848_A,6.3e-46,153.1,2.0,0,112,1826811-1827149,1,0,NZ_CP162495.1,1848,10,vnfG,d__Bacteria;p__Bacillota;c__Clostridia;o__Clostridiales;f__Clostridiaceae;g__Clostridium_B;s__Clostridium_B sp040939125,,vnfG
RS_GCF_041320595.1,vnfG,NZ_CP166625.1_4333_A,2.3e-31,106.4,0.1,29,141,4727450-4727875,1,0,NZ_CP166625.1,4333,4,anfG,d__Bacteria;p__Pseudomonadota;c__Alphaproteobacteria;o__Rhizobiales;f__Pleomorphomonadaceae;g__Pleomorphomonas;s__Pleomorphomonas sp041320595,,vnfG
RS_GCF_041414475.1,vnfG,NZ_JBGLYH010000002.1_47_A,1.4e-35,119.7,0.2,4,116,48622-48972,1,0,NZ_JBGLYH010000002.1,47,1,anfG,d__Bacteria;p__Desulfobacterota;c__Desulfovibrionia;o__Desulfovibrionales;f__Desulfovibrionaceae;g__Pseudodesulfovibrio;s__Pseudodesulfovibrio karagichevae,,vnfG
RS_GCF_041428895.1,vnfG,NZ_CP156926.1_890_A,7.4e-37,124.4,1.8,2,114,1002487-1002831,1,0,NZ_CP156926.1,890,12,anfG,d__Bacteria;p__Bacillota;c__Negativicutes;o__Sporomusales;f__Sporomusaceae;g__Sporomusa;s__Sporomusa aerivorans,,vnfG
RS_GCF_042432815.1,vnfG,NZ_JBHLWM010000001.1_38_A,1.5e-32,110.2,0.1,34,146,38804-39244,-1,0,NZ_JBHLWM010000001.1,38,1,anfG,d__Bacteria;p__Pseudomonadota;c__Alphaproteobacteria;o__Rhizobiales;f__Xanthobacteraceae;g__Rhodopseudomonas;s__Rhodopseudomonas telluris,,vnfG
RS_GCF_042434745.1,vnfG,NZ_JBHLSS010000027.1_11_A,1.3e-51,171.5,0.0,1,113,7128-7469,-1,0,NZ_JBHLSS010000027.1,11,1,vnfG,d__Bacteria;p__Pseudomonadota;c__Gammaproteobacteria;o__Pseudomonadales;f__Pseudomonadaceae;g__Azotobacter;s__Azotobacter paspali,,vnfG
RS_GCF_042610375.1,vnfG,NZ_JBGJZL010000004.1_73_A,6.6e-38,127.3,0.1,4,116,78289-78639,1,0,NZ_JBGJZL010000004.1,73,1,anfG,d__Bacteria;p__Bacillota;c__Negativicutes;o__DSM-13327;f__DSM-13327;g__CTSoil-075;s__CTSoil-075 sp042610375,,vnfG
RS_GCF_042647235.1,vnfG,NZ_JBHRVE010000003.1_3258_A,2.1e-35,119.0,0.1,4,116,3615236-3615586,-1,0,NZ_JBHRVE010000003.1,3258,1,anfG,d__Bacteria;p__Pseudomonadota;c__Gammaproteobacteria;o__Enterobacterales;f__Enterobacteriaceae;g__Brenneria;s__Brenneria rubrifaciens,,vnfG
RS_GCF_042649925.1,vnfG,NZ_JBHSAF010000014.1_110_A,4.7e-35,117.7,0.2,6,118,129074-129430,1,0,NZ_JBHSAF010000014.1,110,1,anfG,d__Bacteria;p__Pseudomonadota;c__Gammaproteobacteria;o__Enterobacterales;f__Aeromonadaceae;g__Pseudaeromonas;s__Pseudaeromonas sharmana,,vnfG
RS_GCF_042682685.1,vnfG,NZ_JBHUHX010000058.1_7_A,3.8e-37,124.7,0.1,4,116,7106-7456,-1,0,NZ_JBHUHX010000058.1,7,1,anfG,d__Bacteria;p__Pseudomonadota;c__Gammaproteobacteria;o__Chromatiales;f__Chromatiaceae;g__Imhoffiella;s__Imhoffiella fuscus,,vnfG
RS_GCF_042683065.1,vnfG,NZ_JBHUIX010000013.1_76_A,1.0000000000000001e-34,116.7,0.0,3,115,78652-78999,1,0,NZ_JBHUIX010000013.1,76,2,anfG,d__Bacteria;p__Pseudomonadota;c__Alphaproteobacteria;o__Rhodobacterales;f__Rhodobacteraceae;g__Rhodobacter;s__Rhodobacter lacus,,vnfG
RS_GCF_042683125.1,vnfG,NZ_JBHUIY010000001.1_95_A,4.2999999999999996e-35,118.0,0.6,4,116,108142-108492,-1,0,NZ_JBHUIY010000001.1,95,1,anfG,d__Bacteria;p__Pseudomonadota;c__Alphaproteobacteria;o__Rhodospirillales;f__Magnetospirillaceae;g__Phaeospirillum;s__Phaeospirillum tilakii,,vnfG
RS_GCF_043194945.1,vnfG,NZ_JBAFWG010000010.1_89_A,1.6999999999999998e-47,158.1,0.0,1,113,99080-99421,1,0,NZ_JBAFWG010000010.1,89,2,vnfG,d__Bacteria;p__Pseudomonadota;c__Alphaproteobacteria;o__Rhizobiales;f__Xanthobacteraceae;g__Xanthobacter;s__Xanthobacter sp043194945,,vnfG
RS_GCF_043195065.1,vnfG,NZ_JBAFWM010000004.1_216_A,4.5000000000000005e-48,160.0,0.0,1,113,274235-274576,-1,0,NZ_JBAFWM010000004.1,216,1,vnfG,d__Bacteria;p__Pseudomonadota;c__Alphaproteobacteria;o__Rhizobiales;f__Xanthobacteraceae;g__Xanthobacter;s__Xanthobacter sp043195065,,vnfG
RS_GCF_045310515.1,vnfG,NZ_JBJHZX010000007.1_41_A,1.9e-46,155.0,2.3,0,112,44042-44380,-1,0,NZ_JBJHZX010000007.1,41,1,vnfG,d__Bacteria;p__Bacillota;c__Clostridia;o__Clostridiales;f__Clostridiaceae;g__Clostridium_B;s__Clostridium_B eludens,,vnfG
RS_GCF_045310515.1,vnfG,NZ_JBJHZX010000027.1_36_A,1.1e-37,126.8,0.5,4,116,34809-35159,1,0,NZ_JBJHZX010000027.1,36,1,anfG,d__Bacteria;p__Bacillota;c__Clostridia;o__Clostridiales;f__Clostridiaceae;g__Clostridium_B;s__Clostridium_B eludens,,vnfG
RS_GCF_045865695.1,vnfG,NZ_BAACAP010000128.1_19_B,3.2e-45,152.1,0.2,487,599,19808-21607,-1,0,NZ_BAACAP010000128.1,19,1,vnfG,d__Bacteria;p__Cyanobacteriota;c__Cyanobacteriia;o__Cyanobacteriales;f__Nostocaceae;g__Scytonema;s__Scytonema sp045865695,,vnfG
RS_GCF_045865695.1,vnfG,NZ_BAACAP010000137.1_13_B,0.00048,19.5,0.9,475,565,14178-16265,-1,0,NZ_BAACAP010000137.1,13,1,vnfG,d__Bacteria;p__Cyanobacteriota;c__Cyanobacteriia;o__Cyanobacteriales;f__Nostocaceae;g__Scytonema;s__Scytonema sp045865695,,vnfG
RS_GCF_046054165.1,vnfG,NZ_JBFNXK010000012.1_85_A,2e-47,157.7,1.2,0,112,93195-93533,1,0,NZ_JBFNXK010000012.1,85,1,vnfG,d__Bacteria;p__Pseudomonadota;c__Gammaproteobacteria;o__Enterobacterales;f__Celerinatantimonadaceae;g__Celerinatantimonas;s__Celerinatantimonas sp046054165,,vnfG
RS_GCF_046098205.1,vnfG,NZ_JBJURJ010000003.1_107_A,1.6e-35,120.1,0.7,5,117,122058-122411,-1,0,NZ_JBJURJ010000003.1,107,1,anfG,d__Bacteria;p__Bacillota;c__Bacilli;o__Paenibacillales;f__NBRC-103111;g__Paenibacillus_AR;s__Paenibacillus_AR mesotrionivorans,,vnfG
RS_GCF_046254905.1,vnfG,NZ_CP158016.1_2788_A,6.2e-35,117.3,0.1,4,116,3104611-3104961,-1,0,NZ_CP158016.1,2788,3,anfG,d__Bacteria;p__Pseudomonadota;c__Gammaproteobacteria;o__Enterobacterales;f__Aeromonadaceae;g__Pseudaeromonas;s__Pseudaeromonas aegiceratis,,vnfG
RS_GCF_046603805.1,vnfG,NZ_CP176628.1_1836_A,3.1e-33,111.7,0.0,5,117,2113248-2113601,-1,0,NZ_CP176628.1,1836,2,anfG,d__Bacteria;p__Desulfobacterota;c__Desulfovibrionia;o__Desulfovibrionales;f__Desulfovibrionaceae;g__Desulfovibrio;s__Desulfovibrio sp019422935,,vnfG
RS_GCF_047308185.1,vnfG,NZ_JAHXPU010000027.1_71_A,1.6999999999999998e-31,106.9,0.2,4,116,76932-77282,-1,0,NZ_JAHXPU010000027.1,71,1,anfG,d__Bacteria;p__Pseudomonadota;c__Gammaproteobacteria;o__Enterobacterales;f__Enterobacteriaceae;g__Erwinia;s__Erwinia sp047308185,,vnfG
RS_GCF_047324175.1,vnfG,NZ_CP178732.1_5012_A,5.3000000000000005e-34,115.0,0.0,4,116,5610327-5610677,-1,0,NZ_CP178732.1,5012,1,anfG,d__Bacteria;p__Pseudomonadota;c__Gammaproteobacteria;o__Enterobacterales;f__Enterobacteriaceae;g__Acerihabitans;s__Acerihabitans sp015654925,,vnfG
RS_GCF_047324305.1,vnfG,NZ_CP178740.1_1540_A,1.9e-34,116.4,0.0,4,116,1752158-1752508,-1,0,NZ_CP178740.1,1540,4,anfG,d__Bacteria;p__Pseudomonadota;c__Gammaproteobacteria;o__Enterobacterales;f__Enterobacteriaceae;g__Acerihabitans;s__Acerihabitans sp047324305,,vnfG
RS_GCF_047602565.1,vnfG,NZ_JASGGX010000001.1_2694_A,4.1e-30,102.2,0.0,30,142,2995252-2995680,1,0,NZ_JASGGX010000001.1,2694,4,anfG,d__Bacteria;p__Pseudomonadota;c__Gammaproteobacteria;o__Burkholderiales;f__Rhodocyclaceae;g__Propionivibrio;s__Propionivibrio sp047602565,,vnfG
RS_GCF_047607245.1,vnfG,NZ_JASGDK010000168.1_2_A,7.999999999999999e-32,107.1,0.0,5,117,454-807,1,0,NZ_JASGDK010000168.1,2,1,anfG,d__Bacteria;p__Desulfobacterota;c__Desulfovibrionia;o__Desulfovibrionales;f__Desulfovibrionaceae;g__Desulfovibrio;s__Desulfovibrio sp047607245,,vnfG
RS_GCF_047692315.1,vnfG,NZ_JBLLJS010000011.1_99_A,1.5e-07,29.7,0.0,0,50,71781-71933,-1,0,NZ_JBLLJS010000011.1,99,1,anfG,d__Bacteria;p__Pseudomonadota;c__Gammaproteobacteria;o__Enterobacterales;f__Enterobacteriaceae;g__Symbiopectobacterium;s__Symbiopectobacterium sp047692315,,vnfG
RS_GCF_047718555.1,vnfG,NZ_JBDNRK010000027.1_19_A,9.099999999999999e-41,136.4,1.2,0,114,24168-24512,-1,0,NZ_JBDNRK010000027.1,19,1,vnfG,d__Bacteria;p__Bacillota;c__Clostridia;o__Clostridiales;f__Clostridiaceae;g__Clostridium_I;s__Clostridium_I sp047718555,,vnfG
RS_GCF_047719395.1,vnfG,NZ_JBDNTB010000001.1_5_A,7.699999999999999e-35,116.6,1.8,5,117,4481-4834,-1,0,NZ_JBDNTB010000001.1,5,1,anfG,d__Bacteria;p__Actinomycetota;c__Actinomycetes;o__Propionibacteriales;f__Propionibacteriaceae;g__Propionibacterium;s__Propionibacterium sp047719395,,vnfG
RS_GCF_048571275.1,vnfG,NZ_CP182357.1_807_A,9.6e-31,103.5,2.6,10,122,795784-796152,1,0,NZ_CP182357.1,807,6,anfG,d__Bacteria;p__Campylobacterota;c__Campylobacteria;o__Campylobacterales;f__Arcobacteraceae;g__Marinarcus;s__Marinarcus sediminis,,vnfG
RS_GCF_048594845.1,vnfG,NZ_JBMDXE010000078.1_3_A,5.8e-33,111.7,0.1,34,146,2042-2482,1,0,NZ_JBMDXE010000078.1,3,1,anfG,d__Bacteria;p__Pseudomonadota;c__Alphaproteobacteria;o__Rhizobiales;f__Xanthobacteraceae;g__Rhodopseudomonas;s__Rhodopseudomonas sp048594845,,vnfG
RS_GCF_048629425.1,vnfG,NZ_CP184532.1_2223_A,8e-35,117.3,0.6,0,112,2700785-2701123,-1,0,NZ_CP184532.1,2223,1,anfG,d__Bacteria;p__Acidobacteriota;c__Terriglobia;o__Terriglobales;f__Acidobacteriaceae;g__Telmatobacter;s__Telmatobacter bradus,,vnfG
RS_GCF_048629425.1,vnfG,NZ_CP184532.1_3828_A,5e-41,137.3,0.0,0,112,4632393-4632731,-1,0,NZ_CP184532.1,3828,2,vnfG,d__Bacteria;p__Acidobacteriota;c__Terriglobia;o__Terriglobales;f__Acidobacteriaceae;g__Telmatobacter;s__Telmatobacter bradus,,vnfG
RS_GCF_050058015.1,vnfG,NZ_CP170111.1_398_A,6.6000000000000005e-37,124.6,0.3,2,114,381604-381948,-1,0,NZ_CP170111.1,398,1,anfG,d__Bacteria;p__Pseudomonadota;c__Gammaproteobacteria;o__Enterobacterales;f__Enterobacteriaceae;g__Klebsiella;s__Klebsiella sp050058015,,vnfG
RS_GCF_050235535.1,vnfG,NZ_CP189852.1_2244_B,1.5e-48,162.0,0.3,478,590,2689243-2691015,1,0,NZ_CP189852.1,2244,13,vnfG,d__Bacteria;p__Cyanobacteriota;c__Cyanobacteriia;o__Cyanobacteriales;f__Nostocaceae;g__Trichormus;s__Trichormus sp050235535,,vnfG
RS_GCF_052363175.1,vnfG,NZ_CP198946.1_695_A,5.1e-34,114.7,0.0,3,115,704468-704815,1,0,NZ_CP198946.1,695,7,anfG,d__Bacteria;p__Pseudomonadota;c__Alphaproteobacteria;o__Rhodobacterales;f__Rhodobacteraceae;g__Rhodobacter;s__Rhodobacter capsulatus_D,,vnfG
RS_GCF_052363185.1,vnfG,NZ_CP198955.1_2200_A,1.6e-34,116.1,0.0,3,115,2300052-2300399,-1,0,NZ_CP198955.1,2200,4,anfG,d__Bacteria;p__Pseudomonadota;c__Alphaproteobacteria;o__Rhodobacterales;f__Rhodobacteraceae;g__Rhodobacter;s__Rhodobacter capsulatus_E,,vnfG
RS_GCF_900102215.1,vnfG,NZ_FNBG01000001.1_80_A,7.5e-38,127.3,0.6,5,117,91681-92034,-1,0,NZ_FNBG01000001.1,80,1,anfG,d__Bacteria;p__Bacillota;c__Bacilli;o__Paenibacillales;f__Paenibacillaceae;g__Fontibacillus;s__Fontibacillus panacisegetis,,vnfG
RS_GCF_900102485.1,vnfG,NZ_FNBX01000001.1_165_A,2.6e-35,118.1,0.1,6,118,189577-189933,-1,0,NZ_FNBX01000001.1,165,1,anfG,d__Bacteria;p__Desulfobacterota;c__Desulfovibrionia;o__Desulfovibrionales;f__Desulfovibrionaceae;g__Desulfovibrio;s__Desulfovibrio legallii_A,,vnfG
RS_GCF_900104455.1,vnfG,NZ_FNHB01000004.1_36_A,2.0000000000000002e-39,132.0,0.1,4,116,39583-39933,1,0,NZ_FNHB01000004.1,36,1,anfG,d__Bacteria;p__Bacillota;c__Negativicutes;o__DSM-1736;f__Dendrosporobacteraceae;g__Dendrosporobacter;s__Dendrosporobacter quercicolus,,vnfG
RS_GCF_900108475.1,vnfG,NZ_FNWO01000003.1_261_A,6.9e-34,114.0,0.1,4,116,310432-310782,1,0,NZ_FNWO01000003.1,261,1,anfG,d__Bacteria;p__Pseudomonadota;c__Alphaproteobacteria;o__Rhodospirillales;f__Magnetospirillaceae;g__Phaeospirillum;s__Phaeospirillum fulvum_A,,vnfG
RS_GCF_900108475.1,vnfG,NZ_FNWO01000012.1_10_A,2.7e-48,160.4,0.0,1,113,9845-10186,1,0,NZ_FNWO01000012.1,10,2,vnfG,d__Bacteria;p__Pseudomonadota;c__Alphaproteobacteria;o__Rhodospirillales;f__Magnetospirillaceae;g__Phaeospirillum;s__Phaeospirillum fulvum_A,,vnfG
RS_GCF_900109225.1,vnfG,NZ_FNZK01000024.1_37_A,6.6e-38,127.2,0.6,4,116,38276-38626,-1,0,NZ_FNZK01000024.1,37,1,anfG,d__Bacteria;p__Bacillota;c__Negativicutes;o__Selenomonadales;f__Selenomonadaceae;g__Propionispira;s__Propionispira arboris,,vnfG
RS_GCF_900110485.1,vnfG,NZ_FODY01000003.1_27_A,3.2e-39,131.5,0.7,4,116,20178-20528,-1,0,NZ_FODY01000003.1,27,1,anfG,d__Bacteria;p__Bacillota;c__Negativicutes;o__Propionisporales;f__Propionisporaceae;g__Propionispora;s__Propionispora vibrioides,,vnfG
RS_GCF_900110885.1,vnfG,NZ_FOFJ01000009.1_60_A,5.8e-50,166.2,0.0,1,113,52448-52789,-1,0,NZ_FOFJ01000009.1,60,1,vnfG,d__Bacteria;p__Pseudomonadota;c__Gammaproteobacteria;o__Pseudomonadales;f__Pseudomonadaceae;g__Azotobacter;s__Azotobacter beijerinckii,,vnfG
RS_GCF_900114615.1,vnfG,NZ_FOTS01000037.1_20_A,5.8e-38,127.7,0.2,4,116,18516-18866,1,0,NZ_FOTS01000037.1,20,1,anfG,d__Bacteria;p__Bacillota;c__Negativicutes;o__DSM-13327;f__DSM-13327;g__Pelosinus;s__Pelosinus propionicus,,vnfG
RS_GCF_900116535.1,vnfG,NZ_FPAU01000007.1_154_A,6.6e-38,127.4,0.1,2,114,163285-163629,-1,0,NZ_FPAU01000007.1,154,1,anfG,d__Bacteria;p__Pseudomonadota;c__Gammaproteobacteria;o__Enterobacterales;f__Enterobacteriaceae;g__Kosakonia;s__Kosakonia arachidis,,vnfG
RS_GCF_900130055.1,vnfG,NZ_FQXU01000020.1_43_A,5.8e-38,127.5,0.4,4,116,36044-36394,1,0,NZ_FQXU01000020.1,43,1,anfG,d__Bacteria;p__Bacillota;c__Clostridia;o__Clostridiales;f__Clostridiaceae;g__Clostridium_T;s__Clostridium_T intestinale,,vnfG
RS_GCF_900141835.1,vnfG,NZ_FQZD01000006.1_93_A,4.9e-39,130.8,0.7,4,116,94347-94697,1,0,NZ_FQZD01000006.1,93,1,anfG,d__Bacteria;p__Bacillota;c__Negativicutes;o__Propionisporales;f__Propionisporaceae;g__Propionispora;s__Propionispora hippei,,vnfG
RS_GCF_900142215.1,vnfG,NZ_FRAC01000010.1_254_A,1.5000000000000002e-38,129.7,0.1,5,117,312267-312620,1,0,NZ_FRAC01000010.1,254,1,anfG,d__Bacteria;p__Bacillota;c__Clostridia;o__Lachnospirales;f__Lachnospiraceae;g__Anaerocolumna;s__Anaerocolumna jejuensis,,vnfG
RS_GCF_900143285.1,vnfG,NZ_FRDN01000007.1_287_A,7.199999999999999e-35,117.8,2.4,5,117,287662-288015,-1,0,NZ_FRDN01000007.1,287,1,anfG,d__Bacteria;p__Bacillota;c__Desulfitobacteriia;o__Desulfitobacteriales;f__Desulfitobacteriaceae;g__Desulfitobacterium;s__Desulfitobacterium chlororespirans,,vnfG
RS_GCF_900162725.1,vnfG,NZ_LT799418.1_3675_A,2.9000000000000002e-30,102.5,3.8,5,118,4588930-4589286,-1,0,NZ_LT799418.1,3675,1,anfG,d__Bacteria;p__Bacteroidota;c__Bacteroidia;o__Bacteroidales;f__Tannerellaceae;g__Marseille-P3160;s__Marseille-P3160 sp900162725,,vnfG
RS_GCF_900167465.1,vnfG,NZ_FUWR01000020.1_37_A,1.7999999999999998e-35,119.1,0.8,0,112,38609-38947,1,0,NZ_FUWR01000020.1,37,2,anfG,d__Bacteria;p__Desulfobacterota;c__Desulfuromonadia;o__Geobacterales;f__Pseudopelobacteraceae;g__Trichlorobacter;s__Trichlorobacter thiogenes,,vnfG
RS_GCF_900187365.1,vnfG,NZ_FYDG01000003.1_241_A,6.799999999999999e-49,162.7,0.4,1,113,250467-250808,1,0,NZ_FYDG01000003.1,241,3,vnfG,d__Bacteria;p__Pseudomonadota;c__Alphaproteobacteria;o__Rhizobiales;f__Beijerinckiaceae;g__Rhodoblastus;s__Rhodoblastus acidophilus,,vnfG
RS_GCF_900187365.1,vnfG,NZ_FYDG01000013.1_80_A,4.8e-32,108.4,0.4,30,142,77199-77627,1,0,NZ_FYDG01000013.1,80,1,anfG,d__Bacteria;p__Pseudomonadota;c__Alphaproteobacteria;o__Rhizobiales;f__Beijerinckiaceae;g__Rhodoblastus;s__Rhodoblastus acidophilus,,vnfG
RS_GCF_900217815.1,vnfG,NZ_OBMT01000007.1_51_A,3.7000000000000003e-34,115.0,0.0,3,115,54333-54680,-1,0,NZ_OBMT01000007.1,51,1,anfG,d__Bacteria;p__Pseudomonadota;c__Alphaproteobacteria;o__Rhodobacterales;f__Rhodobacteraceae;g__Rhodobacter;s__Rhodobacter maris,,vnfG
RS_GCF_900476375.1,vnfG,NZ_UPPP01000127.1_93_A,7.2e-53,175.7,1.5,0,112,88020-88358,1,0,NZ_UPPP01000127.1,93,1,vnfG,d__Bacteria;p__Bacillota;c__Negativicutes;o__Sporomusales;f__UPPP01;g__Lucifera;s__Lucifera butyrica,,vnfG
RS_GCF_902702915.1,vnfG,NZ_LR738849.1_698_A,1.2000000000000001e-30,103.3,0.0,5,117,809674-810027,1,0,NZ_LR738849.1,698,8,anfG,d__Bacteria;p__Desulfobacterota;c__Desulfovibrionia;o__Desulfovibrionales;f__Desulfovibrionaceae;g__Desulfovibrio;s__Desulfovibrio sp900095395,,vnfG
RS_GCF_937425535.1,vnfG,NZ_OW485601.1_271_A,9.3e-51,169.3,0.0,0,112,334047-334385,1,0,NZ_OW485601.1,271,10,vnfG,d__Bacteria;p__Pseudomonadota;c__Alphaproteobacteria;o__Acetobacterales;f__Acetobacteraceae;g__Rhodovastum;s__Rhodovastum atsumiense,,vnfG
RS_GCF_937425535.1,vnfG,NZ_OW485601.1_4736_A,2.1e-35,119.8,0.0,6,118,5359016-5359372,1,0,NZ_OW485601.1,4736,8,anfG,d__Bacteria;p__Pseudomonadota;c__Alphaproteobacteria;o__Acetobacterales;f__Acetobacteraceae;g__Rhodovastum;s__Rhodovastum atsumiense,,vnfG
RS_GCF_937863485.1,vnfG,NZ_CALMFY010000211.1_9_A,7.299999999999999e-46,153.6,1.1,44,156,9628-10098,-1,0,NZ_CALMFY010000211.1,9,1,vnfG,d__Bacteria;p__Cyanobacteriota;c__Cyanobacteriia;o__Cyanobacteriales;f__Nostocaceae;g__Nostoc;s__Nostoc sp937863485,,vnfG
RS_GCF_963556105.3,vnfG,NZ_CAUVYG020000001.1_1897_A,1.3e-29,100.4,0.3,28,140,1981062-1981484,1,0,NZ_CAUVYG020000001.1,1897,6,anfG,d__Bacteria;p__Pseudomonadota;c__Gammaproteobacteria;o__Enterobacterales;f__Aeromonadaceae;g__Tolumonas;s__Tolumonas sp963556105,,vnfG
RS_GCF_963556105.3,vnfG,NZ_CAUVYG020000001.1_1915_A,1.3e-45,151.9,0.1,0,112,2000502-2000840,1,0,NZ_CAUVYG020000001.1,1915,6,vnfG,d__Bacteria;p__Pseudomonadota;c__Gammaproteobacteria;o__Enterobacterales;f__Aeromonadaceae;g__Tolumonas;s__Tolumonas sp963556105,,vnfG
RS_GCF_963664415.2,vnfG,NZ_CAXXPY010000006.1_2445_A,5.8e-46,153.7,2.9,0,112,2880619-2880957,1,0,NZ_CAXXPY010000006.1,2445,8,vnfG,d__Bacteria;p__Desulfobacterota;c__Desulfobacteria;o__Desulfobacterales;f__Desulfobacteraceae;g__Desulfobacter;s__Desulfobacter sp963664415,,vnfG
RS_GCF_963665355.2,vnfG,NZ_OY762228.2_2772_A,2.1e-35,119.4,1.6,5,117,3177767-3178120,1,0,NZ_OY762228.2,2772,13,anfG,d__Bacteria;p__Desulfobacterota;c__Desulfobacteria;o__Desulfobacterales;f__Desulfobacteraceae;g__Desulfobacter;s__Desulfobacter sp963665355,,vnfG
RS_GCF_963676665.2,vnfG,NZ_CAXXNL010000010.1_16_A,1.3000000000000001e-30,103.7,0.4,28,140,8112-8534,-1,0,NZ_CAXXNL010000010.1,16,1,anfG,d__Bacteria;p__Pseudomonadota;c__Gammaproteobacteria;o__Enterobacterales;f__Aeromonadaceae;g__Tolumonas;s__Tolumonas sp028683735,,vnfG
RS_GCF_963677005.1,vnfG,NZ_OY781616.1_3493_A,9.999999999999999e-33,110.4,1.4,4,116,4018314-4018664,-1,0,NZ_OY781616.1,3493,6,anfG,d__Bacteria;p__Desulfobacterota;c__Desulfovibrionia;o__Desulfovibrionales;f__Desulfovibrionaceae;g__Maridesulfovibrio;s__Maridesulfovibrio sp963677005,,vnfG
RS_GCF_963678835.2,vnfG,NZ_CAXXCH010000001.1_1992_A,1.1e-54,181.2,0.0,0,112,2315108-2315446,-1,0,NZ_CAXXCH010000001.1,1992,1,vnfG,d__Bacteria;p__Desulfobacterota;c__Desulfuromonadia;o__Desulfuromonadales;f__Desulfuromonadaceae;g__Desulfuromonas;s__Desulfuromonas sp963678835,,vnfG
RS_GCF_963920915.1,vnfG,NZ_CAWUDN010000054.1_1_A,2.4e-45,151.9,0.7,29,141,3-428,1,0,NZ_CAWUDN010000054.1,1,1,vnfG,d__Bacteria;p__Cyanobacteriota;c__Cyanobacteriia;o__Cyanobacteriales;f__Nostocaceae;g__Nostoc;s__Nostoc sp963920915,,vnfG
RS_GCF_963920935.1,vnfG,NZ_CAWUDO010000051.1_54_B,5.0000000000000004e-45,151.1,1.1,111,223,60299-60970,-1,0,NZ_CAWUDO010000051.1,54,1,vnfG,d__Bacteria;p__Cyanobacteriota;c__Cyanobacteriia;o__Cyanobacteriales;f__Nostocaceae;g__Nostoc;s__Nostoc sp034531055,,vnfG
RS_GCF_964245445.1,vnfG,NZ_CAXTNE010000332.1_8_A,5.9e-46,154.0,0.9,22,134,7517-7921,-1,0,NZ_CAXTNE010000332.1,8,1,vnfG,d__Bacteria;p__Cyanobacteriota;c__Cyanobacteriia;o__Cyanobacteriales;f__Nostocaceae;g__Nostoc;s__Nostoc sp964245445,,vnfG
RS_GCF_964245575.1,vnfG,NZ_CAXTNP010000367.1_4_B,3e-46,154.9,1.0,14,126,6129-6509,-1,0,NZ_CAXTNP010000367.1,4,1,vnfG,d__Bacteria;p__Cyanobacteriota;c__Cyanobacteriia;o__Cyanobacteriales;f__Nostocaceae;g__Nostoc;s__Nostoc sp964245575,,vnfG
RS_GCF_964247315.1,vnfG,NZ_CAXTTT010000145.1_15_B,3.1e-45,151.5,0.7,55,167,15849-16352,-1,0,NZ_CAXTTT010000145.1,15,1,vnfG,d__Bacteria;p__Cyanobacteriota;c__Cyanobacteriia;o__Cyanobacteriales;f__Nostocaceae;g__Nostoc;s__Nostoc sp964247315,,vnfG
RS_GCF_965644225.1,vnfG,NZ_CBFFRJ010000167.1_8_A,6.299999999999999e-35,118.0,0.4,2,114,6503-6847,-1,0,NZ_CBFFRJ010000167.1,8,1,anfG,d__Bacteria;p__Pseudomonadota;c__Gammaproteobacteria;o__Enterobacterales;f__Enterobacteriaceae;g__CBFFRJ01;s__CBFFRJ01 sp965644225,,vnfG
