,G61,C62,G84,C88,C154,Q191,H195,C275,G348,K349,K433,H442,hit,contig,score
1207_alt4,G,C,G,C,C,Q,H,C,G,K,K,H,1207_alt4,1207,36
1214_alt3,G,C,G,C,C,Q,H,C,G,K,K,H,1214_alt3,1214,36
1216_alt2,G,C,G,C,C,Q,H,C,G,K,K,H,1216_alt2,1216,36
1218_alt4,G,C,G,C,C,Q,H,C,G,K,K,H,1218_alt4,1218,36
1210_alt4,G,C,G,C,C,Q,H,C,G,K,K,H,1210_alt4,1210,36
1221_altall,G,C,G,C,C,Q,H,C,G,K,K,H,1221_altall,1221,36
1209_altall,G,C,G,C,C,Q,H,C,G,K,K,H,1209_altall,1209,36
1226_alt5,G,C,G,C,C,Q,H,C,G,K,K,H,1226_alt5,1226,36
1229_alt5,G,C,G,C,C,Q,H,C,G,K,K,H,1229_alt5,1229,36
1231_alt2,G,C,G,C,C,Q,H,C,G,K,K,H,1231_alt2,1231,36
1244_map,G,C,G,C,C,Q,H,C,G,K,K,H,1244_map,1244,36
1240_map,G,C,G,C,C,Q,H,C,G,K,K,H,1240_map,1240,36
1241_altall,G,C,G,C,C,Q,H,C,G,K,K,H,1241_altall,1241,36
1239_map,G,C,G,C,C,Q,H,C,G,K,K,H,1239_map,1239,36
1248_map,G,C,G,C,C,Q,H,C,G,K,K,H,1248_map,1248,36
1263_map,G,C,G,C,C,Q,H,C,G,K,K,H,1263_map,1263,36
1262_alt3,G,C,G,C,C,Q,H,C,G,K,K,H,1262_alt3,1262,36
1260_alt2,G,C,G,C,C,Q,H,C,G,K,K,H,1260_alt2,1260,36
1258_map,G,C,G,C,C,Q,H,C,G,K,K,H,1258_map,1258,36
1254_alt5,G,C,G,C,C,Q,H,C,G,K,K,H,1254_alt5,1254,36
1253_alt4,G,C,G,C,C,Q,H,C,G,K,K,H,1253_alt4,1253,36
1265_alt5,G,C,G,C,C,Q,H,C,G,K,K,H,1265_alt5,1265,36
1266_alt5,G,C,G,C,C,Q,H,C,G,K,K,H,1266_alt5,1266,36
1270_alt3,G,C,G,C,C,Q,H,C,G,K,K,H,1270_alt3,1270,36
1273_alt5,G,C,G,C,C,Q,H,C,G,K,K,H,1273_alt5,1273,36
1277_alt3,G,C,G,C,C,Q,H,C,G,K,K,H,1277_alt3,1277,36
1272_alt2,G,C,G,C,C,Q,H,C,G,K,K,H,1272_alt2,1272,36
1271_map,G,C,G,C,C,Q,H,C,G,K,K,H,1271_map,1271,36
1283_alt5,G,C,G,C,C,Q,H,C,G,K,K,H,1283_alt5,1283,36
1281_alt4,G,C,G,C,C,Q,H,C,G,K,K,H,1281_alt4,1281,36
1269_alt5,G,C,G,C,C,Q,H,C,G,K,K,H,1269_alt5,1269,36
1233_map,G,C,G,C,C,Q,H,C,G,K,K,H,1233_map,1233,36
1233_alt3,G,C,G,C,C,Q,H,C,G,K,K,H,1233_alt3,1233,36
1291_alt4,G,C,G,C,C,Q,H,C,G,K,K,H,1291_alt4,1291,36
1296_alt2,G,C,G,C,C,Q,H,C,G,K,K,H,1296_alt2,1296,36
1301_alt3,G,C,G,C,C,Q,H,C,G,R,K,H,1301_alt3,1301,35
1299_alt4,G,C,G,C,C,Q,H,C,G,R,K,H,1299_alt4,1299,35
1295_alt3,G,C,G,C,C,Q,H,C,G,K,K,H,1295_alt3,1295,36
1305_map,G,C,G,C,C,Q,H,C,G,K,K,H,1305_map,1305,36
1328_alt2,G,C,G,C,C,Q,H,C,G,K,K,H,1328_alt2,1328,36
1319_alt5,G,C,G,C,C,Q,H,C,G,K,K,H,1319_alt5,1319,36
1322_alt3,G,C,G,C,C,Q,H,C,G,K,K,H,1322_alt3,1322,36
1323_alt3,G,C,G,C,C,Q,H,C,G,K,K,H,1323_alt3,1323,36
1327_alt3,G,C,G,C,C,Q,H,C,G,K,K,H,1327_alt3,1327,36
1318_alt3,G,C,G,C,C,Q,H,C,G,K,K,H,1318_alt3,1318,36
1311_alt3,G,C,G,C,C,Q,H,C,G,K,K,H,1311_alt3,1311,36
1314_map,G,C,G,C,C,Q,H,C,G,K,K,H,1314_map,1314,36
1316_alt4,G,C,G,C,C,Q,H,C,G,K,K,H,1316_alt4,1316,36
1331_alt5,G,C,G,C,C,Q,H,C,G,K,K,H,1331_alt5,1331,36
1334_alt2,G,C,G,C,C,Q,H,C,G,K,K,H,1334_alt2,1334,36
1336_alt3,G,C,G,C,C,Q,H,C,G,K,K,H,1336_alt3,1336,36
1308_alt4,G,C,G,C,C,Q,H,C,G,K,K,H,1308_alt4,1308,36
1293_altall,G,C,G,C,C,Q,H,C,G,K,K,H,1293_altall,1293,36
1292_alt4,G,C,G,C,C,Q,H,C,G,K,K,H,1292_alt4,1292,36
1288_alt5,G,C,G,C,C,Q,H,C,G,K,K,H,1288_alt5,1288,36
1231_alt4,G,C,G,C,C,Q,H,C,G,K,K,H,1231_alt4,1231,36
1341_alt3,G,C,G,C,C,Q,H,C,G,K,K,H,1341_alt3,1341,36
1343_map,G,C,G,C,C,Q,H,C,G,K,K,H,1343_map,1343,36
1339_alt5,G,C,G,C,C,Q,H,C,G,K,K,H,1339_alt5,1339,36
1208_alt2,G,C,G,C,C,Q,H,C,G,K,K,H,1208_alt2,1208,36
1346_alt2,G,C,G,C,C,Q,H,C,G,K,K,H,1346_alt2,1346,36
1351_alt5,G,C,G,C,C,Q,H,C,G,K,K,H,1351_alt5,1351,36
1345_map,G,C,G,C,C,Q,H,C,G,K,K,H,1345_map,1345,36
1451_map,G,C,G,C,C,Q,H,C,G,K,K,H,1451_map,1451,36
1451_alt5,G,C,G,C,C,Q,H,C,G,K,K,H,1451_alt5,1451,36
1450_altall,G,C,G,C,C,Q,H,C,G,K,K,H,1450_altall,1450,36
1446_alt3,G,C,G,C,C,Q,H,C,G,K,K,H,1446_alt3,1446,36
1441_alt2,G,C,G,C,C,Q,H,C,G,K,K,H,1441_alt2,1441,36
1445_alt5,G,C,G,C,C,Q,H,C,G,K,K,H,1445_alt5,1445,36
1442_map,G,C,G,C,C,Q,H,C,G,K,K,H,1442_map,1442,36
1363_alt2,G,C,G,C,C,Q,H,C,G,K,K,H,1363_alt2,1363,36
1368_alt2,G,C,G,C,C,Q,H,C,G,K,K,H,1368_alt2,1368,36
1371_alt4,G,C,G,C,C,Q,H,C,G,K,K,H,1371_alt4,1371,36
1365_map,G,C,G,C,C,Q,H,C,G,K,K,H,1365_map,1365,36
1402_altall,G,C,G,C,C,Q,H,C,G,K,K,H,1402_altall,1402,36
1405_alt4,G,C,G,C,C,Q,H,C,G,K,K,H,1405_alt4,1405,36
1382_map,G,C,G,C,C,Q,H,C,G,K,K,H,1382_map,1382,36
1388_altall,G,C,G,C,C,Q,H,C,G,K,K,H,1388_altall,1388,36
1392_alt5,G,C,G,C,C,Q,H,C,G,K,K,H,1392_alt5,1392,36
1395_map,G,C,G,C,C,Q,H,C,G,K,K,H,1395_map,1395,36
1398_alt5,G,C,G,C,C,Q,H,C,G,K,K,H,1398_alt5,1398,36
1400_alt3,G,C,G,C,C,Q,H,C,G,K,K,H,1400_alt3,1400,36
1390_altall,G,C,G,C,C,Q,H,C,G,K,K,H,1390_altall,1390,36
1385_alt4,G,C,G,C,C,Q,H,C,G,K,K,H,1385_alt4,1385,36
1372_alt4,G,C,G,C,C,Q,H,C,G,K,K,H,1372_alt4,1372,36
1381_alt4,G,C,G,C,C,Q,H,C,G,K,K,H,1381_alt4,1381,36
1376_map,G,C,G,C,C,Q,H,C,G,K,K,H,1376_map,1376,36
1379_altall,G,C,G,C,C,Q,H,C,G,K,K,H,1379_altall,1379,36
1373_alt5,G,C,G,C,C,Q,H,C,G,K,K,H,1373_alt5,1373,36
1362_map,G,C,G,C,C,Q,H,C,G,K,K,H,1362_map,1362,36
1358_alt5,G,C,G,C,C,Q,H,C,G,K,K,H,1358_alt5,1358,36
1407_alt2,G,C,G,C,C,Q,H,C,G,K,K,H,1407_alt2,1407,36
1425_alt4,G,C,G,C,C,Q,H,C,G,K,K,H,1425_alt4,1425,36
1429_altall,G,C,G,C,C,Q,H,C,G,K,K,H,1429_altall,1429,36
1426_alt3,G,C,G,C,C,Q,H,C,G,K,K,H,1426_alt3,1426,36
1416_alt4,G,C,G,C,C,Q,H,C,G,K,K,H,1416_alt4,1416,36
1419_alt3,G,C,G,C,C,Q,H,C,G,K,K,H,1419_alt3,1419,36
1421_map,G,C,G,C,C,Q,H,C,G,K,K,H,1421_map,1421,36
1415_alt2,G,C,G,C,C,Q,H,C,G,K,K,H,1415_alt2,1415,36
1430_alt3,G,C,G,C,C,Q,H,C,G,K,K,H,1430_alt3,1430,36
1410_alt2,G,C,G,C,C,Q,H,C,G,K,K,H,1410_alt2,1410,36
1357_alt2,G,C,G,C,C,Q,H,C,G,K,K,H,1357_alt2,1357,36
1434_alt2,G,C,G,C,C,Q,H,C,G,K,K,H,1434_alt2,1434,36
1436_alt2,G,C,G,C,C,Q,H,C,G,K,K,H,1436_alt2,1436,36
1433_alt2,G,C,G,C,C,Q,H,C,G,K,K,H,1433_alt2,1433,36
1357_alt3,G,C,G,C,C,Q,H,C,G,K,K,H,1357_alt3,1357,36
1494_alt5,G,C,G,C,C,Q,H,C,G,K,K,H,1494_alt5,1494,36
1488_alt5,G,C,G,C,C,Q,H,C,G,K,K,H,1488_alt5,1488,36
1490_alt3,G,C,G,C,C,Q,H,C,G,K,K,H,1490_alt3,1490,36
1491_alt3,G,C,G,C,C,Q,H,C,G,K,K,H,1491_alt3,1491,36
1504_alt4,G,C,G,C,C,Q,H,C,G,K,K,H,1504_alt4,1504,36
1508_alt4,G,C,G,C,C,Q,H,C,G,K,K,H,1508_alt4,1508,36
1506_alt5,G,C,G,C,C,Q,H,C,G,K,K,H,1506_alt5,1506,36
1496_map,G,C,G,C,C,Q,H,C,G,K,K,H,1496_map,1496,36
1503_altall,G,C,G,C,C,Q,H,C,G,K,K,H,1503_altall,1503,36
1497_map,G,C,G,C,C,Q,H,C,G,K,K,H,1497_map,1497,36
1500_map,G,C,G,C,C,Q,H,C,G,K,K,H,1500_map,1500,36
1518_alt3,G,C,G,C,C,Q,H,C,G,K,K,H,1518_alt3,1518,36
1524_alt5,G,C,G,C,C,Q,H,C,G,K,K,H,1524_alt5,1524,36
1521_alt3,G,C,G,C,C,Q,H,C,G,K,K,H,1521_alt3,1521,36
1513_alt5,G,C,G,C,C,Q,H,C,G,K,K,H,1513_alt5,1513,36
1516_altall,G,C,G,C,C,Q,H,C,G,K,K,H,1516_altall,1516,36
1514_map,G,C,G,C,C,Q,H,C,G,K,K,H,1514_map,1514,36
1456_alt3,G,C,G,C,C,Q,H,C,G,K,K,H,1456_alt3,1456,36
1456_altall,G,C,G,C,C,Q,H,C,G,K,K,H,1456_altall,1456,36
1460_alt4,G,C,G,C,C,Q,H,C,G,K,K,H,1460_alt4,1460,36
1482_altall,G,C,G,C,C,Q,H,C,G,K,K,H,1482_altall,1482,36
1473_alt3,G,C,G,C,C,Q,H,C,G,K,K,H,1473_alt3,1473,36
1470_alt4,G,C,G,C,C,Q,H,C,G,K,K,H,1470_alt4,1470,36
1469_alt3,G,C,G,C,C,Q,H,C,G,K,K,H,1469_alt3,1469,36
1467_altall,G,C,G,C,C,Q,H,C,G,K,K,H,1467_altall,1467,36
1463_alt2,G,C,G,C,C,Q,H,C,G,K,K,H,1463_alt2,1463,36
1481_altall,G,C,G,C,C,Q,H,C,G,K,K,H,1481_altall,1481,36
1479_map,G,C,G,C,C,Q,H,C,G,K,K,H,1479_map,1479,36
1480_alt5,G,C,G,C,C,Q,H,C,G,K,K,H,1480_alt5,1480,36
1461_alt5,G,C,G,C,C,Q,H,C,G,K,K,H,1461_alt5,1461,36
1485_alt5,G,C,G,C,C,Q,H,C,G,K,K,H,1485_alt5,1485,36
820_alt3,G,C,G,C,C,Q,H,C,G,K,K,H,820_alt3,820,36
819_alt3,G,C,A,C,C,Q,H,C,G,K,K,H,819_alt3,819,34
817_alt3,G,C,A,C,C,Q,H,C,G,K,K,H,817_alt3,817,34
815_alt5,G,C,S,C,C,Q,H,C,G,K,K,H,815_alt5,815,34
812_alt2,G,C,G,C,C,Q,H,C,G,K,K,H,812_alt2,812,36
808_alt2,G,C,G,C,C,Q,H,C,G,K,K,H,808_alt2,808,36
788_alt2,G,C,G,C,C,Q,H,C,G,K,K,H,788_alt2,788,36
790_alt5,G,C,G,C,C,Q,H,C,G,K,K,H,790_alt5,790,36
785_altall,G,C,G,C,C,Q,H,C,G,K,K,H,785_altall,785,36
782_alt5,G,C,G,C,C,Q,H,C,G,K,K,H,782_alt5,782,36
775_altall,G,C,G,C,C,Q,H,C,G,K,K,H,775_altall,775,36
777_altall,G,C,G,C,C,Q,H,C,G,K,K,H,777_altall,777,36
780_alt4,G,C,G,C,C,Q,H,C,G,K,K,H,780_alt4,780,36
772_map,G,C,G,C,C,Q,H,C,G,K,K,H,772_map,772,36
783_alt3,G,C,G,C,C,Q,H,C,G,K,K,H,783_alt3,783,36
1538_alt5,G,C,G,C,C,Q,H,C,G,K,K,H,1538_alt5,1538,36
795_alt5,G,C,G,C,C,Q,H,C,G,T,K,H,795_alt5,795,35
800_map,G,C,G,C,C,Q,H,C,G,T,K,H,800_map,800,35
796_altall,G,C,G,C,C,Q,H,C,G,T,K,H,796_altall,796,35
794_alt4,G,C,G,C,C,Q,H,C,G,K,K,H,794_alt4,794,36
806_alt5,G,C,S,C,C,Q,H,C,G,K,K,H,806_alt5,806,34
807_alt4,G,C,S,C,C,Q,H,C,G,K,K,H,807_alt4,807,34
1525_alt5,G,C,G,C,C,Q,H,C,G,K,K,H,1525_alt5,1525,36
1527_alt5,G,C,G,C,C,Q,H,C,G,K,K,H,1527_alt5,1527,36
1532_altall,G,C,G,C,C,Q,H,C,G,K,K,H,1532_altall,1532,36
1529_altall,G,C,G,C,C,Q,H,C,G,K,K,H,1529_altall,1529,36
1535_alt4,G,C,G,C,C,Q,H,C,G,K,K,H,1535_alt4,1535,36
1534_alt4,G,C,G,C,C,Q,H,C,G,K,K,H,1534_alt4,1534,36
Anf_Thiorhodococcus_drewsii,G,C,G,C,C,Q,H,C,G,K,K,H,Anf_Thiorhodococcus_drewsii,Anf_Thiorhodococcus,36
Vnf_Paenibacillus_durus,G,C,G,C,C,Q,H,C,G,K,K,H,Vnf_Paenibacillus_durus,Vnf_Paenibacillus,36
Nif_ANME-2_cluster_archaeon,G,C,G,C,C,Q,H,C,G,K,K,H,Nif_ANME-2_cluster_archaeon,Nif_ANME-2_cluster,36
Nif_Natranaerovirga_hydrolytica,G,C,G,C,C,Q,H,C,G,K,K,H,Nif_Natranaerovirga_hydrolytica,Nif_Natranaerovirga,36
Nif_Petroclostridium_xylanilyticum,G,C,G,C,C,Q,H,C,G,K,K,H,Nif_Petroclostridium_xylanilyticum,Nif_Petroclostridium,36
Nif_Anaerobacterium_chartisolvens,G,C,G,C,C,Q,H,C,G,K,K,H,Nif_Anaerobacterium_chartisolvens,Nif_Anaerobacterium,36
Nif_Methanomicrobiales_archaeon_HGW-Methanomicrobiales-1,G,C,G,C,C,Q,H,C,G,K,K,H,Nif_Methanomicrobiales_archaeon_HGW-Methanomicrobiales-1,Nif_Methanomicrobiales_archaeon,36
Nif_Methanomassiliicoccus_luminyensis,G,C,G,C,C,Q,H,C,G,K,K,H,Nif_Methanomassiliicoccus_luminyensis,Nif_Methanomassiliicoccus,36
Nif_Gaiellales_bacterium,G,C,G,C,C,Q,H,C,G,R,K,H,Nif_Gaiellales_bacterium,Nif_Gaiellales,35
Nif_Candidatus_Azobacteroides_pseudotrichonymphae,G,C,G,C,C,Q,H,C,G,K,K,H,Nif_Candidatus_Azobacteroides_pseudotrichonymphae,Nif_Candidatus_Azobacteroides,36
Nif_Fibrobacteres_bacterium,G,C,G,C,C,Q,H,C,G,K,K,H,Nif_Fibrobacteres_bacterium,Nif_Fibrobacteres,36
Nif_Hydrogenispora_ethanolica,G,C,G,C,C,Q,H,C,G,K,K,H,Nif_Hydrogenispora_ethanolica,Nif_Hydrogenispora,36
Nif_Deltaproteobacteria_bacterium,G,C,G,C,C,Q,H,C,G,K,K,H,Nif_Deltaproteobacteria_bacterium,Nif_Deltaproteobacteria,36
Nif_Desulfobulbaceae_bacterium_DB1,G,C,G,C,C,Q,H,C,G,K,K,H,Nif_Desulfobulbaceae_bacterium_DB1,Nif_Desulfobulbaceae_bacterium,36
Nif_Coraliomargarita_akajimensis,G,C,G,C,C,Q,H,C,G,K,K,H,Nif_Coraliomargarita_akajimensis,Nif_Coraliomargarita,36
Nif_Verrucomicrobia_bacterium_S94,G,C,G,C,C,Q,H,C,G,K,K,H,Nif_Verrucomicrobia_bacterium_S94,Nif_Verrucomicrobia_bacterium,36
Nif_Methanothermococcus_okinawensis,G,C,G,C,C,Q,H,C,G,K,K,H,Nif_Methanothermococcus_okinawensis,Nif_Methanothermococcus,36
Nif_Rhodopseudomonas_palustris,G,C,G,C,C,Q,H,C,G,K,K,H,Nif_Rhodopseudomonas_palustris,Nif_Rhodopseudomonas,36
Nif_Acuticoccus_sp_PTG4-2,G,C,G,C,C,Q,H,C,G,K,K,H,Nif_Acuticoccus_sp_PTG4-2,Nif_Acuticoccus_sp,36
Nif_Telmatospirillum_siberiense,G,C,G,C,C,Q,H,C,G,K,K,H,Nif_Telmatospirillum_siberiense,Nif_Telmatospirillum,36
Vnf_Azomonas_agilis,G,C,G,C,C,Q,H,C,G,T,K,H,Vnf_Azomonas_agilis,Vnf_Azomonas,35
Nif_Oceanospirillaceae_bacterium,G,C,G,C,C,Q,H,C,G,K,K,H,Nif_Oceanospirillaceae_bacterium,Nif_Oceanospirillaceae,36
Nif_Blastopirellula_marina,G,C,G,C,C,Q,H,C,G,K,K,H,Nif_Blastopirellula_marina,Nif_Blastopirellula,36
Nif_Candidatus_Lambdaproteobacteria_bacterium_RIFOXYC1_FULL_56_13,G,C,G,C,C,Q,H,C,G,K,K,H,Nif_Candidatus_Lambdaproteobacteria_bacterium_RIFOXYC1_FULL_56_13,Nif_Candidatus_Lambdaproteobacteria_bacterium_RIFOXYC1_FULL_56,36
Nif_Thermodesulfovibrio_aggregans,G,C,G,C,C,Q,H,C,G,K,K,H,Nif_Thermodesulfovibrio_aggregans,Nif_Thermodesulfovibrio,36
Nif_Frankia_canadensis,G,C,G,C,C,Q,H,C,G,K,K,H,Nif_Frankia_canadensis,Nif_Frankia,36
Nif_Gorillibacterium_timonense,G,C,G,C,C,Q,H,C,G,K,K,H,Nif_Gorillibacterium_timonense,Nif_Gorillibacterium,36
Nif_Roseiflexus_castenholzii,G,C,G,C,C,Q,H,C,G,K,K,H,Nif_Roseiflexus_castenholzii,Nif_Roseiflexus,36
reference,G,C,G,C,C,Q,H,C,G,K,K,H,nifD,,36
1207_alt5,G,C,G,C,C,Q,H,C,G,K,K,H,1207_alt5,1207,36
1215_alt2,G,C,G,C,C,Q,H,C,G,K,K,H,1215_alt2,1215,36
1216_map,G,C,G,C,C,Q,H,C,G,K,K,H,1216_map,1216,36
1216_altall,G,C,G,C,C,Q,H,C,G,K,K,H,1216_altall,1216,36
1210_alt2,G,C,G,C,C,Q,H,C,G,K,K,H,1210_alt2,1210,36
1221_alt5,G,C,G,C,C,Q,H,C,G,K,K,H,1221_alt5,1221,36
1223_altall,G,C,G,C,C,Q,H,C,G,K,K,H,1223_altall,1223,36
1226_alt2,G,C,G,C,C,Q,H,C,G,K,K,H,1226_alt2,1226,36
1229_map,G,C,G,C,C,Q,H,C,G,K,K,H,1229_map,1229,36
1232_alt2,G,C,G,C,C,Q,H,C,G,K,K,H,1232_alt2,1232,36
1244_alt2,G,C,G,C,C,Q,H,C,G,K,K,H,1244_alt2,1244,36
1240_alt2,G,C,G,C,C,Q,H,C,G,K,K,H,1240_alt2,1240,36
1239_alt2,G,C,G,C,C,Q,H,C,G,K,K,H,1239_alt2,1239,36
1239_alt3,G,C,G,C,C,Q,H,C,G,K,K,H,1239_alt3,1239,36
1248_alt4,G,C,G,C,C,Q,H,C,G,K,K,H,1248_alt4,1248,36
1263_alt5,G,C,G,C,C,Q,H,C,G,K,K,H,1263_alt5,1263,36
1262_alt4,G,C,G,C,C,Q,H,C,G,K,K,H,1262_alt4,1262,36
1260_map,G,C,G,C,C,Q,H,C,G,K,K,H,1260_map,1260,36
1258_alt5,G,C,G,C,C,Q,H,C,G,K,K,H,1258_alt5,1258,36
1254_altall,G,C,G,C,C,Q,H,C,G,K,K,H,1254_altall,1254,36
1253_alt3,G,C,G,C,C,Q,H,C,G,K,K,H,1253_alt3,1253,36
1265_alt2,G,C,G,C,C,Q,H,C,G,K,K,H,1265_alt2,1265,36
1266_map,G,C,G,C,C,Q,H,C,G,K,K,H,1266_map,1266,36
1270_alt2,G,C,G,C,C,Q,H,C,G,K,K,H,1270_alt2,1270,36
1273_map,G,C,G,C,C,Q,H,C,G,K,K,H,1273_map,1273,36
1277_altall,G,C,G,C,C,Q,H,C,G,K,K,H,1277_altall,1277,36
1279_map,G,C,G,C,C,Q,H,C,G,K,K,H,1279_map,1279,36
1280_map,G,C,G,C,C,Q,H,C,G,K,K,H,1280_map,1280,36
1283_alt4,G,C,G,C,C,Q,H,C,G,K,K,H,1283_alt4,1283,36
1281_alt5,G,C,G,C,C,Q,H,C,G,K,K,H,1281_alt5,1281,36
1268_altall,G,C,G,C,C,Q,H,C,G,K,K,H,1268_altall,1268,36
1233_alt5,G,C,G,C,C,Q,H,C,G,K,K,H,1233_alt5,1233,36
1233_alt4,G,C,G,C,C,Q,H,C,G,K,K,H,1233_alt4,1233,36
1290_alt4,G,C,G,C,C,Q,H,C,G,K,K,H,1290_alt4,1290,36
1297_alt3,G,C,G,C,C,Q,H,C,G,K,K,H,1297_alt3,1297,36
1301_altall,G,C,G,C,C,Q,H,C,G,R,K,H,1301_altall,1301,35
1298_alt4,G,C,G,C,C,Q,H,C,G,K,K,H,1298_alt4,1298,36
1295_alt5,G,C,G,C,C,Q,H,C,G,K,K,H,1295_alt5,1295,36
1305_alt2,G,C,G,C,C,Q,H,C,G,K,K,H,1305_alt2,1305,36
1328_alt3,G,C,G,C,C,Q,H,C,G,K,K,H,1328_alt3,1328,36
1319_alt4,G,C,G,C,C,Q,H,C,G,K,K,H,1319_alt4,1319,36
1322_alt4,G,C,G,C,C,Q,H,C,G,K,K,H,1322_alt4,1322,36
1323_alt2,G,C,G,C,C,Q,H,C,G,K,K,H,1323_alt2,1323,36
1327_altall,G,C,G,C,C,Q,H,C,G,K,K,H,1327_altall,1327,36
1317_alt5,G,C,G,C,C,Q,H,C,G,K,K,H,1317_alt5,1317,36
1311_altall,G,C,G,C,C,Q,H,C,G,K,K,H,1311_altall,1311,36
1313_map,G,C,G,C,C,Q,H,C,G,K,K,H,1313_map,1313,36
1315_alt2,G,C,G,C,C,Q,H,C,G,K,K,H,1315_alt2,1315,36
1331_alt2,G,C,G,C,C,Q,H,C,G,K,K,H,1331_alt2,1331,36
1334_alt5,G,C,G,C,C,Q,H,C,G,K,K,H,1334_alt5,1334,36
1336_altall,G,C,G,C,C,Q,H,C,G,K,K,H,1336_altall,1336,36
1306_alt2,G,C,G,C,C,Q,H,C,G,K,K,H,1306_alt2,1306,36
1293_alt3,G,C,G,C,C,Q,H,C,G,K,K,H,1293_alt3,1293,36
1292_alt2,G,C,G,C,C,Q,H,C,G,K,K,H,1292_alt2,1292,36
1288_map,G,C,G,C,C,Q,H,C,G,K,K,H,1288_map,1288,36
1231_map,G,C,G,C,C,Q,H,C,G,K,K,H,1231_map,1231,36
1341_map,G,C,G,C,C,Q,H,C,G,K,K,H,1341_map,1341,36
1343_alt4,G,C,G,C,C,Q,H,C,G,K,K,H,1343_alt4,1343,36
1230_alt3,G,C,G,C,C,Q,H,C,G,K,K,H,1230_alt3,1230,36
1207_altall,G,C,G,C,C,Q,H,C,G,K,K,H,1207_altall,1207,36
1350_altall,G,C,G,C,C,Q,H,C,G,K,K,H,1350_altall,1350,36
1349_alt4,G,C,G,C,C,Q,H,C,G,K,K,H,1349_alt4,1349,36
1345_alt2,G,C,G,C,C,Q,H,C,G,K,K,H,1345_alt2,1345,36
1452_alt3,G,C,G,C,C,Q,H,C,G,K,K,H,1452_alt3,1452,36
1451_alt2,G,C,G,C,C,Q,H,C,G,K,K,H,1451_alt2,1451,36
1450_alt5,G,C,G,C,C,Q,H,C,G,K,K,H,1450_alt5,1450,36
1353_alt3,G,C,G,C,C,Q,H,C,G,K,K,H,1353_alt3,1353,36
1441_alt4,G,C,G,C,C,Q,H,C,G,K,K,H,1441_alt4,1441,36
1445_alt3,G,C,G,C,C,Q,H,C,G,K,K,H,1445_alt3,1445,36
1440_altall,G,C,G,C,C,Q,H,C,G,K,K,H,1440_altall,1440,36
1363_map,G,C,G,C,C,Q,H,C,G,K,K,H,1363_map,1363,36
1368_altall,G,C,G,C,C,Q,H,C,G,K,K,H,1368_altall,1368,36
1370_map,G,C,G,C,C,Q,H,C,G,K,K,H,1370_map,1370,36
1367_map,G,C,G,C,C,Q,H,C,G,K,K,H,1367_map,1367,36
1403_altall,G,C,G,C,C,Q,H,C,G,K,K,H,1403_altall,1403,36
1405_alt2,G,C,G,C,C,Q,H,C,G,K,K,H,1405_alt2,1405,36
1382_alt2,G,C,G,C,C,Q,H,C,G,K,K,H,1382_alt2,1382,36
1389_alt2,G,C,G,C,C,Q,H,C,G,K,K,H,1389_alt2,1389,36
1392_alt3,G,C,G,C,C,Q,H,C,G,K,K,H,1392_alt3,1392,36
1395_alt3,G,C,G,C,C,Q,H,C,G,K,K,H,1395_alt3,1395,36
1398_altall,G,C,G,C,C,Q,H,C,G,K,K,H,1398_altall,1398,36
1400_map,G,C,G,C,C,Q,H,C,G,K,K,H,1400_map,1400,36
1389_altall,G,C,G,C,C,Q,H,C,G,K,K,H,1389_altall,1389,36
1385_map,G,C,G,C,C,Q,H,C,G,K,K,H,1385_map,1385,36
1372_alt2,G,C,G,C,C,Q,H,C,G,K,K,H,1372_alt2,1372,36
1381_alt3,G,C,G,C,C,Q,H,C,G,K,K,H,1381_alt3,1381,36
1377_map,G,C,G,C,C,Q,H,C,G,K,K,H,1377_map,1377,36
1379_alt4,G,C,G,C,C,Q,H,C,G,K,K,H,1379_alt4,1379,36
1373_map,G,C,G,C,C,Q,H,C,G,K,K,H,1373_map,1373,36
1362_alt5,G,C,G,C,C,Q,H,C,G,K,K,H,1362_alt5,1362,36
1358_map,G,C,G,C,C,Q,H,C,G,K,K,H,1358_map,1358,36
1406_alt5,G,C,G,C,C,Q,H,C,G,K,K,H,1406_alt5,1406,36
1425_alt5,G,C,G,C,C,Q,H,C,G,K,K,H,1425_alt5,1425,36
1429_alt4,G,C,G,C,C,Q,H,C,G,K,K,H,1429_alt4,1429,36
1414_altall,G,C,G,C,C,Q,H,C,G,K,K,H,1414_altall,1414,36
1416_altall,G,C,G,C,C,Q,H,C,G,K,K,H,1416_altall,1416,36
1419_alt4,G,C,G,C,C,Q,H,C,G,K,K,H,1419_alt4,1419,36
1421_alt4,G,C,G,C,C,Q,H,C,G,K,K,H,1421_alt4,1421,36
1415_map,G,C,G,C,C,Q,H,C,G,K,K,H,1415_map,1415,36
1430_alt5,G,C,G,C,C,Q,H,C,G,K,K,H,1430_alt5,1430,36
1410_alt5,G,C,G,C,C,Q,H,C,G,K,K,H,1410_alt5,1410,36
1431_alt3,G,C,G,C,C,Q,H,C,G,K,K,H,1431_alt3,1431,36
1434_alt5,G,C,G,C,C,Q,H,C,G,K,K,H,1434_alt5,1434,36
1436_map,G,C,G,C,C,Q,H,C,G,K,K,H,1436_map,1436,36
1432_alt5,G,C,G,C,C,Q,H,C,G,K,K,H,1432_alt5,1432,36
1354_alt5,G,C,G,C,C,Q,H,C,G,K,K,H,1354_alt5,1354,36
1494_alt2,G,C,G,C,C,Q,H,C,G,K,K,H,1494_alt2,1494,36
1488_alt3,G,C,G,C,C,Q,H,C,G,K,K,H,1488_alt3,1488,36
1490_alt4,G,C,G,C,C,Q,H,C,G,K,K,H,1490_alt4,1490,36
1491_map,G,C,G,C,C,Q,H,C,G,K,K,H,1491_map,1491,36
1504_alt2,G,C,G,C,C,Q,H,C,G,K,K,H,1504_alt2,1504,36
1508_map,G,C,G,C,C,Q,H,C,G,K,K,H,1508_map,1508,36
1506_altall,G,C,G,C,C,Q,H,C,G,K,K,H,1506_altall,1506,36
1496_alt3,G,C,G,C,C,Q,H,C,G,K,K,H,1496_alt3,1496,36
1503_alt2,G,C,G,C,C,Q,H,C,G,K,K,H,1503_alt2,1503,36
1497_alt5,G,C,G,C,C,Q,H,C,G,K,K,H,1497_alt5,1497,36
1500_alt3,G,C,G,C,C,Q,H,C,G,K,K,H,1500_alt3,1500,36
1522_altall,G,C,G,C,C,Q,H,C,G,K,K,H,1522_altall,1522,36
1523_altall,G,C,G,C,C,Q,H,C,G,K,K,H,1523_altall,1523,36
1519_altall,G,C,G,C,C,Q,H,C,G,K,K,H,1519_altall,1519,36
1517_alt4,G,C,G,C,C,Q,H,C,G,K,K,H,1517_alt4,1517,36
1516_alt3,G,C,G,C,C,Q,H,C,G,K,K,H,1516_alt3,1516,36
1514_alt3,G,C,G,C,C,Q,H,C,G,K,K,H,1514_alt3,1514,36
1456_map,G,C,G,C,C,Q,H,C,G,K,K,H,1456_map,1456,36
1455_altall,G,C,G,C,C,Q,H,C,G,K,K,H,1455_altall,1455,36
1460_map,G,C,G,C,C,Q,H,C,G,K,K,H,1460_map,1460,36
1482_alt2,G,C,G,C,C,Q,H,C,G,K,K,H,1482_alt2,1482,36
1473_map,G,C,G,C,C,Q,H,C,G,K,K,H,1473_map,1473,36
1470_alt5,G,C,G,C,C,Q,H,C,G,K,K,H,1470_alt5,1470,36
1469_alt4,G,C,G,C,C,Q,H,C,G,K,K,H,1469_alt4,1469,36
1468_altall,G,C,G,C,C,Q,H,C,G,K,K,H,1468_altall,1468,36
1463_alt3,G,C,G,C,C,Q,H,C,G,K,K,H,1463_alt3,1463,36
1481_alt2,G,C,G,C,C,Q,H,C,G,K,K,H,1481_alt2,1481,36
1479_alt5,G,C,G,C,C,Q,H,C,G,K,K,H,1479_alt5,1479,36
1480_map,G,C,G,C,C,Q,H,C,G,K,K,H,1480_map,1480,36
1460_altall,G,C,G,C,C,Q,H,C,G,K,K,H,1460_altall,1460,36
1485_alt4,G,C,G,C,C,Q,H,C,G,K,K,H,1485_alt4,1485,36
820_alt2,G,C,G,C,C,Q,H,C,G,K,K,H,820_alt2,820,36
819_alt5,G,C,A,C,C,Q,H,C,G,K,K,H,819_alt5,819,34
817_alt2,G,C,A,C,C,Q,H,C,G,K,K,H,817_alt2,817,34
815_alt4,G,C,S,C,C,Q,H,C,G,K,K,H,815_alt4,815,34
812_map,G,C,G,C,C,Q,H,C,G,K,K,H,812_map,812,36
803_map,G,C,G,C,C,Q,H,C,G,K,K,H,803_map,803,36
788_map,G,C,G,C,C,Q,H,C,G,K,K,H,788_map,788,36
790_alt2,G,C,G,C,C,Q,H,C,G,K,K,H,790_alt2,790,36
785_alt4,G,C,G,C,C,Q,H,C,G,K,K,H,785_alt4,785,36
782_altall,G,C,G,C,C,Q,H,C,G,K,K,H,782_altall,782,36
776_map,G,C,G,C,C,Q,H,C,G,K,K,H,776_map,776,36
777_alt4,G,C,G,C,C,Q,H,C,G,K,K,H,777_alt4,777,36
780_altall,G,C,G,C,C,Q,H,C,G,K,K,H,780_altall,780,36
772_alt2,G,C,G,C,C,Q,H,C,G,K,K,H,772_alt2,772,36
783_altall,G,C,G,C,C,Q,H,C,G,K,K,H,783_altall,783,36
1538_map,G,C,G,C,C,Q,H,C,G,K,K,H,1538_map,1538,36
795_altall,G,C,G,C,C,Q,H,C,G,T,K,H,795_altall,795,35
800_alt3,G,C,G,C,C,Q,H,C,G,T,K,H,800_alt3,800,35
797_altall,G,C,G,C,C,Q,H,C,G,T,K,H,797_altall,797,35
794_alt2,G,C,G,C,C,Q,H,C,G,K,K,H,794_alt2,794,36
806_alt3,G,C,S,C,C,Q,H,C,G,K,K,H,806_alt3,806,34
807_alt2,G,C,S,C,C,Q,H,C,G,K,K,H,807_alt2,807,34
1525_alt4,G,C,G,C,C,Q,H,C,G,K,K,H,1525_alt4,1525,36
1527_map,G,C,G,C,C,Q,H,C,G,K,K,H,1527_map,1527,36
1531_altall,G,C,G,C,C,Q,H,C,G,K,K,H,1531_altall,1531,36
1526_altall,G,C,G,C,C,Q,H,C,G,K,K,H,1526_altall,1526,36
1535_map,G,C,G,C,C,Q,H,C,G,K,K,H,1535_map,1535,36
1534_alt3,G,C,G,C,C,Q,H,C,G,K,K,H,1534_alt3,1534,36
Anf_Dickeya_paradisiaca,G,C,G,C,C,Q,H,C,G,K,K,H,Anf_Dickeya_paradisiaca,Anf_Dickeya,36
Vnf_Ethanoligenens_harbinense,G,C,G,C,C,Q,H,C,G,K,K,H,Vnf_Ethanoligenens_harbinense,Vnf_Ethanoligenens,36
Nif_Candidatus_Argoarchaeum_ethanivorans,G,C,G,C,C,Q,H,C,G,K,K,H,Nif_Candidatus_Argoarchaeum_ethanivorans,Nif_Candidatus_Argoarchaeum,36
Nif_Firmicutes_bacterium_HGW-Firmicutes-1,G,C,G,C,C,Q,H,C,G,K,K,H,Nif_Firmicutes_bacterium_HGW-Firmicutes-1,Nif_Firmicutes_bacterium,36
Nif_Anaerosporobacter_mobilis,G,C,G,C,C,Q,H,C,G,K,K,H,Nif_Anaerosporobacter_mobilis,Nif_Anaerosporobacter,36
Nif_Hungateiclostridium_cellulolyticum,G,C,G,C,C,Q,H,C,G,K,K,H,Nif_Hungateiclostridium_cellulolyticum,Nif_Hungateiclostridium,36
Nif_Methanoculleus_taiwanensis,G,C,G,C,C,Q,H,C,G,K,K,H,Nif_Methanoculleus_taiwanensis,Nif_Methanoculleus,36
Nif_Gracilibacter_sp_BRH_c7a,G,C,G,C,C,Q,H,C,G,K,K,H,Nif_Gracilibacter_sp_BRH_c7a,Nif_Gracilibacter_sp_BRH,36
Nif_Methanolobus_psychrotolerans,G,C,G,C,C,Q,H,C,G,K,K,H,Nif_Methanolobus_psychrotolerans,Nif_Methanolobus,36
Nif_Prevotella_oryzae,G,C,G,C,C,Q,H,C,G,K,K,H,Nif_Prevotella_oryzae,Nif_Prevotella,36
Nif_Spirochaetes_bacterium_GWB1_27_13,G,C,G,C,C,Q,H,C,G,K,K,H,Nif_Spirochaetes_bacterium_GWB1_27_13,Nif_Spirochaetes_bacterium_GWB1_27,36
Nif_Elusimicrobia_bacterium_RIFOXYA2_FULL_50_26,G,C,G,C,C,Q,H,C,G,K,K,H,Nif_Elusimicrobia_bacterium_RIFOXYA2_FULL_50_26,Nif_Elusimicrobia_bacterium_RIFOXYA2_FULL_50,36
Nif_Spirochaetes_bacterium_GWB1_36_13,G,C,G,C,C,Q,H,C,G,K,K,H,Nif_Spirochaetes_bacterium_GWB1_36_13,Nif_Spirochaetes_bacterium_GWB1_36,36
Nif_Desulfopila_aestuarii,G,C,G,C,C,Q,H,C,G,K,K,H,Nif_Desulfopila_aestuarii,Nif_Desulfopila,36
Nif_Terrimicrobium_sacchariphilum,G,C,G,C,C,Q,H,C,G,K,K,H,Nif_Terrimicrobium_sacchariphilum,Nif_Terrimicrobium,36
Nif_Spirochaetaceae_bacterium,G,C,G,C,C,Q,H,C,G,K,K,H,Nif_Spirochaetaceae_bacterium,Nif_Spirochaetaceae,36
Vnf_Archaeoglobus_sp,G,C,G,C,C,Q,H,C,G,K,K,H,Vnf_Archaeoglobus_sp,Vnf_Archaeoglobus,36
Nif_Rhodospirillaceae_bacterium_BRH_c57,G,C,G,C,C,Q,H,C,G,K,K,H,Nif_Rhodospirillaceae_bacterium_BRH_c57,Nif_Rhodospirillaceae_bacterium_BRH,36
Vnf_Methylocystaceae_bacterium,G,C,G,C,C,Q,H,C,G,K,K,H,Vnf_Methylocystaceae_bacterium,Vnf_Methylocystaceae,36
Nif_Methyloferula_stellata,G,C,G,C,C,Q,H,C,G,R,K,H,Nif_Methyloferula_stellata,Nif_Methyloferula,35
Vnf_Azotobacter_vinelandii,G,C,G,C,C,Q,H,C,G,K,K,H,Vnf_Azotobacter_vinelandii,Vnf_Azotobacter,36
Nif_Chromatiaceae_bacterium_2141TSTBD0c01a,G,C,G,C,C,Q,H,C,G,K,K,H,Nif_Chromatiaceae_bacterium_2141TSTBD0c01a,Nif_Chromatiaceae_bacterium,36
Nif_Gammaproteobacteria_bacterium_28-57-27,G,C,G,C,C,Q,H,C,G,K,K,H,Nif_Gammaproteobacteria_bacterium_28-57-27,Nif_Gammaproteobacteria_bacterium,36
Nif_Candidatus_Lambdaproteobacteria_bacterium_RIFOXYD2_FULL_50_16,G,C,G,C,C,Q,H,C,G,K,K,H,Nif_Candidatus_Lambdaproteobacteria_bacterium_RIFOXYD2_FULL_50_16,Nif_Candidatus_Lambdaproteobacteria_bacterium_RIFOXYD2_FULL_50,36
Nif_Candidatus_Magnetoovum_chiemensis,G,C,G,C,C,Q,H,C,G,K,K,H,Nif_Candidatus_Magnetoovum_chiemensis,Nif_Candidatus_Magnetoovum,36
Nif_cyanobacterium_endosymbiont_of_Epithemia_turgida,G,C,G,C,C,Q,H,C,G,K,K,H,Nif_cyanobacterium_endosymbiont_of_Epithemia_turgida,Nif_cyanobacterium_endosymbiont_of_Epithemia,36
Nif_Bacillus_caseinilyticus,G,C,G,C,C,Q,H,C,G,K,K,H,Nif_Bacillus_caseinilyticus,Nif_Bacillus,36
1207_map,G,C,G,C,C,Q,H,C,G,K,K,H,1207_map,1207,36
1215_alt3,G,C,G,C,C,Q,H,C,G,K,K,H,1215_alt3,1215,36
1216_alt3,G,C,G,C,C,Q,H,C,G,K,K,H,1216_alt3,1216,36
1212_alt3,G,C,G,C,C,Q,H,C,G,K,K,H,1212_alt3,1212,36
1210_altall,G,C,G,C,C,Q,H,C,G,K,K,H,1210_altall,1210,36
1220_alt5,G,C,G,C,C,Q,H,C,G,K,K,H,1220_alt5,1220,36
1223_alt5,G,C,G,C,C,Q,H,C,G,K,K,H,1223_alt5,1223,36
1226_altall,G,C,G,C,C,Q,H,C,G,K,K,H,1226_altall,1226,36
1229_alt2,G,C,G,C,C,Q,H,C,G,K,K,H,1229_alt2,1229,36
1237_map,G,C,G,C,C,Q,H,C,G,K,K,H,1237_map,1237,36
1244_altall,G,C,G,C,C,Q,H,C,G,K,K,H,1244_altall,1244,36
1240_alt3,G,C,G,C,C,Q,H,C,G,K,K,H,1240_alt3,1240,36
1246_alt3,G,C,G,C,C,Q,H,C,G,K,K,H,1246_alt3,1246,36
1239_alt5,G,C,G,C,C,Q,H,C,G,K,K,H,1239_alt5,1239,36
1248_alt5,G,C,G,C,C,Q,H,C,G,K,K,H,1248_alt5,1248,36
1264_altall,G,C,G,C,C,Q,H,C,G,K,K,H,1264_altall,1264,36
1262_alt2,G,C,G,C,C,Q,H,C,G,K,K,H,1262_alt2,1262,36
1260_alt3,G,C,G,C,C,Q,H,C,G,K,K,H,1260_alt3,1260,36
1258_alt2,G,C,G,C,C,Q,H,C,G,K,K,H,1258_alt2,1258,36
1254_alt2,G,C,G,C,C,Q,H,C,G,K,K,H,1254_alt2,1254,36
1252_alt4,G,C,G,C,C,Q,H,C,G,K,K,H,1252_alt4,1252,36
1265_alt3,G,C,G,C,C,Q,H,C,G,K,K,H,1265_alt3,1265,36
1250_alt3,G,C,G,C,C,Q,H,C,G,K,K,H,1250_alt3,1250,36
1270_map,G,C,G,C,C,Q,H,C,G,K,K,H,1270_map,1270,36
1273_alt4,G,C,G,C,C,Q,H,C,G,K,K,H,1273_alt4,1273,36
1277_alt5,G,C,G,C,C,Q,H,C,G,K,K,H,1277_alt5,1277,36
1279_alt3,G,C,G,C,C,Q,H,C,G,K,K,H,1279_alt3,1279,36
1280_alt4,G,C,G,C,C,Q,H,C,G,K,K,H,1280_alt4,1280,36
1283_altall,G,C,G,C,C,Q,H,C,G,K,K,H,1283_altall,1283,36
1280_alt5,G,C,G,C,C,Q,H,C,G,K,K,H,1280_alt5,1280,36
1232_alt5,G,C,G,C,C,Q,H,C,G,K,K,H,1232_alt5,1232,36
1235_alt2,G,C,G,C,C,Q,H,C,G,K,K,H,1235_alt2,1235,36
1232_altall,G,C,G,C,C,Q,H,C,G,K,K,H,1232_altall,1232,36
1290_altall,G,C,G,C,C,Q,H,C,G,K,K,H,1290_altall,1290,36
1297_map,G,C,G,C,C,Q,H,C,G,K,K,H,1297_map,1297,36
1301_alt2,G,C,G,C,C,Q,H,C,G,R,K,H,1301_alt2,1301,35
1298_map,G,C,G,C,C,Q,H,C,G,K,K,H,1298_map,1298,36
1295_alt4,G,C,G,C,C,Q,H,C,G,K,K,H,1295_alt4,1295,36
1304_alt5,G,C,G,C,C,Q,H,C,G,K,K,H,1304_alt5,1304,36
1328_altall,G,C,G,C,C,Q,H,C,G,K,K,H,1328_altall,1328,36
1320_alt2,G,C,G,C,C,Q,H,C,G,K,K,H,1320_alt2,1320,36
1322_alt5,G,C,G,C,C,Q,H,C,G,K,K,H,1322_alt5,1322,36
1323_alt5,G,C,G,C,C,Q,H,C,G,K,K,H,1323_alt5,1323,36
1327_map,G,C,G,C,C,Q,H,C,G,K,K,H,1327_map,1327,36
1317_alt3,G,C,G,C,C,Q,H,C,G,K,K,H,1317_alt3,1317,36
1311_alt5,G,C,G,C,C,Q,H,C,G,K,K,H,1311_alt5,1311,36
1313_alt3,G,C,G,C,C,Q,H,C,G,K,K,H,1313_alt3,1313,36
1313_alt2,G,C,G,C,C,Q,H,C,G,K,K,H,1313_alt2,1313,36
1332_map,G,C,G,C,C,Q,H,C,G,K,K,H,1332_map,1332,36
1334_map,G,C,G,C,C,Q,H,C,G,K,K,H,1334_map,1334,36
1336_alt2,G,C,G,C,C,Q,H,C,G,K,K,H,1336_alt2,1336,36
1307_alt5,G,C,G,C,C,Q,H,C,G,K,K,H,1307_alt5,1307,36
1338_map,G,C,G,C,C,Q,H,C,G,K,K,H,1338_map,1338,36
1292_map,G,C,G,C,C,Q,H,C,G,K,K,H,1292_map,1292,36
1288_alt2,G,C,G,C,C,Q,H,C,G,K,K,H,1288_alt2,1288,36
1231_alt3,G,C,G,C,C,Q,H,C,G,K,K,H,1231_alt3,1231,36
1341_alt4,G,C,G,C,C,Q,H,C,G,K,K,H,1341_alt4,1341,36
1343_alt2,G,C,G,C,C,Q,H,C,G,K,K,H,1343_alt2,1343,36
1230_altall,G,C,G,C,C,Q,H,C,G,K,K,H,1230_altall,1230,36
1206_alt2,G,C,G,C,C,Q,H,C,G,K,K,H,1206_alt2,1206,36
1350_alt2,G,C,G,C,C,Q,H,C,G,K,K,H,1350_alt2,1350,36
1349_map,G,C,G,C,C,Q,H,C,G,K,K,H,1349_map,1349,36
1345_alt3,G,C,G,C,C,Q,H,C,G,K,K,H,1345_alt3,1345,36
1452_alt4,G,C,G,C,C,Q,H,C,G,K,K,H,1452_alt4,1452,36
1447_alt2,G,C,G,C,C,Q,H,C,G,K,K,H,1447_alt2,1447,36
1450_map,G,C,G,C,C,Q,H,C,G,K,K,H,1450_map,1450,36
1353_alt2,G,C,G,C,C,Q,H,C,G,K,K,H,1353_alt2,1353,36
1441_alt3,G,C,G,C,C,Q,H,C,G,K,K,H,1441_alt3,1441,36
1445_alt4,G,C,G,C,C,Q,H,C,G,K,K,H,1445_alt4,1445,36
1442_altall,G,C,G,C,C,Q,H,C,G,K,K,H,1442_altall,1442,36
1363_alt3,G,C,G,C,C,Q,H,C,G,K,K,H,1363_alt3,1363,36
1369_altall,G,C,G,C,C,Q,H,C,G,K,K,H,1369_altall,1369,36
1370_alt3,G,C,G,C,C,Q,H,C,G,K,K,H,1370_alt3,1370,36
1366_map,G,C,G,C,C,Q,H,C,G,K,K,H,1366_map,1366,36
1403_alt3,G,C,G,C,C,Q,H,C,G,K,K,H,1403_alt3,1403,36
1405_map,G,C,G,C,C,Q,H,C,G,K,K,H,1405_map,1405,36
1382_alt5,G,C,G,C,C,Q,H,C,G,K,K,H,1382_alt5,1382,36
1389_alt3,G,C,G,C,C,Q,H,C,G,K,K,H,1389_alt3,1389,36
1392_map,G,C,G,C,C,Q,H,C,G,K,K,H,1392_map,1392,36
1396_map,G,C,G,C,C,Q,H,C,G,K,K,H,1396_map,1396,36
1398_alt3,G,C,G,C,C,Q,H,C,G,K,K,H,1398_alt3,1398,36
1400_alt4,G,C,G,C,C,Q,H,C,G,K,K,H,1400_alt4,1400,36
1389_alt4,G,C,G,C,C,Q,H,C,G,K,K,H,1389_alt4,1389,36
1385_alt5,G,C,G,C,C,Q,H,C,G,K,K,H,1385_alt5,1385,36
1372_alt3,G,C,G,C,C,Q,H,C,G,K,K,H,1372_alt3,1372,36
1381_altall,G,C,G,C,C,Q,H,C,G,K,K,H,1381_altall,1381,36
1377_alt4,G,C,G,C,C,Q,H,C,G,K,K,H,1377_alt4,1377,36
1379_map,G,C,G,C,C,Q,H,C,G,K,K,H,1379_map,1379,36
1373_alt4,G,C,G,C,C,Q,H,C,G,K,K,H,1373_alt4,1373,36
1361_alt5,G,C,G,C,C,Q,H,C,G,K,K,H,1361_alt5,1361,36
1406_alt2,G,C,G,C,C,Q,H,C,G,K,K,H,1406_alt2,1406,36
1406_map,G,C,G,C,C,Q,H,C,G,K,K,H,1406_map,1406,36
1425_alt3,G,C,G,C,C,Q,H,C,G,K,K,H,1425_alt3,1425,36
1429_alt3,G,C,G,C,C,Q,H,C,G,K,K,H,1429_alt3,1429,36
1417_alt4,G,C,G,C,C,Q,H,C,G,K,K,H,1417_alt4,1417,36
1423_alt3,G,C,G,C,C,Q,H,C,G,K,K,H,1423_alt3,1423,36
1420_alt2,G,C,G,C,C,Q,H,C,G,K,K,H,1420_alt2,1420,36
1420_alt5,G,C,G,C,C,Q,H,C,G,K,K,H,1420_alt5,1420,36
1415_alt3,G,C,G,C,C,Q,H,C,G,K,K,H,1415_alt3,1415,36
1430_alt2,G,C,G,C,C,Q,H,C,G,K,K,H,1430_alt2,1430,36
1410_altall,G,C,G,C,C,Q,H,C,G,K,K,H,1410_altall,1410,36
1431_alt2,G,C,G,C,C,Q,H,C,G,K,K,H,1431_alt2,1431,36
1437_altall,G,C,G,C,C,Q,H,C,G,K,K,H,1437_altall,1437,36
1436_alt4,G,C,G,C,C,Q,H,C,G,K,K,H,1436_alt4,1436,36
1432_map,G,C,G,C,C,Q,H,C,G,K,K,H,1432_map,1432,36
1354_map,G,C,G,C,C,Q,H,C,G,K,K,H,1354_map,1354,36
1495_altall,G,C,G,C,C,Q,H,C,G,K,K,H,1495_altall,1495,36
1489_alt2,G,C,G,C,C,Q,H,C,G,K,K,H,1489_alt2,1489,36
1490_map,G,C,G,C,C,Q,H,C,G,K,K,H,1490_map,1490,36
1489_map,G,C,G,C,C,Q,H,C,G,K,K,H,1489_map,1489,36
1504_map,G,C,G,C,C,Q,H,C,G,K,K,H,1504_map,1504,36
1508_alt3,G,C,G,C,C,Q,H,C,G,K,K,H,1508_alt3,1508,36
1506_alt4,G,C,G,C,C,Q,H,C,G,K,K,H,1506_alt4,1506,36
1486_alt5,G,C,G,C,C,Q,H,C,G,K,K,H,1486_alt5,1486,36
1503_alt5,G,C,G,C,C,Q,H,C,G,K,K,H,1503_alt5,1503,36
1497_alt3,G,C,G,C,C,Q,H,C,G,K,K,H,1497_alt3,1497,36
1500_altall,G,C,G,C,C,Q,H,C,G,K,K,H,1500_altall,1500,36
1522_alt4,G,C,G,C,C,Q,H,C,G,K,K,H,1522_alt4,1522,36
1523_alt2,G,C,G,C,C,Q,H,C,G,K,K,H,1523_alt2,1523,36
1520_altall,G,C,G,C,C,Q,H,C,G,N,K,H,1520_altall,1520,35
1517_alt5,G,C,G,C,C,Q,H,C,G,K,K,H,1517_alt5,1517,36
1516_alt4,G,C,G,C,C,Q,H,C,G,K,K,H,1516_alt4,1516,36
1512_alt2,G,C,G,C,C,Q,H,C,G,K,K,H,1512_alt2,1512,36
1457_alt4,G,C,G,C,C,Q,H,C,G,K,K,H,1457_alt4,1457,36
1455_alt5,G,C,G,C,C,Q,H,C,G,K,K,H,1455_alt5,1455,36
1460_alt2,G,C,G,C,C,Q,H,C,G,K,K,H,1460_alt2,1460,36
1482_alt3,G,C,G,C,C,Q,H,C,G,K,K,H,1482_alt3,1482,36
1473_alt2,G,C,G,C,C,Q,H,C,G,K,K,H,1473_alt2,1473,36
1470_map,G,C,G,C,C,Q,H,C,G,K,K,H,1470_map,1470,36
1469_altall,G,C,G,C,C,Q,H,C,G,K,K,H,1469_altall,1469,36
1468_alt2,G,C,G,C,C,Q,H,C,G,K,K,H,1468_alt2,1468,36
1474_alt5,G,C,G,C,C,Q,H,C,G,K,K,H,1474_alt5,1474,36
1481_alt4,G,C,G,C,C,Q,H,C,G,K,K,H,1481_alt4,1481,36
1479_altall,G,C,G,C,C,Q,H,C,G,K,K,H,1479_altall,1479,36
1480_alt4,G,C,G,C,C,Q,H,C,G,K,K,H,1480_alt4,1480,36
1460_alt3,G,C,G,C,C,Q,H,C,G,K,K,H,1460_alt3,1460,36
1485_map,G,C,G,C,C,Q,H,C,G,K,K,H,1485_map,1485,36
808_alt3,G,C,G,C,C,Q,H,C,G,K,K,H,808_alt3,808,36
819_alt4,G,C,A,C,C,Q,H,C,G,K,K,H,819_alt4,819,34
816_alt5,G,C,A,C,C,Q,H,C,G,K,K,H,816_alt5,816,34
815_altall,G,C,S,C,C,Q,H,C,G,K,K,H,815_altall,815,34
812_alt4,G,C,G,C,C,Q,H,C,G,K,K,H,812_alt4,812,36
803_altall,G,C,G,C,C,Q,H,C,G,K,K,H,803_altall,803,36
788_alt5,G,C,G,C,C,Q,H,C,G,K,K,H,788_alt5,788,36
790_altall,G,C,G,C,C,Q,H,C,G,K,K,H,790_altall,790,36
785_alt5,G,C,G,C,C,Q,H,C,G,K,K,H,785_alt5,785,36
782_alt3,G,C,G,C,C,Q,H,C,G,K,K,H,782_alt3,782,36
776_alt2,G,C,G,C,C,Q,H,C,G,K,K,H,776_alt2,776,36
777_alt3,G,C,G,C,C,Q,H,C,G,K,K,H,777_alt3,777,36
778_altall,G,C,G,C,C,Q,H,C,G,K,K,H,778_altall,778,36
772_altall,G,C,G,C,C,Q,H,C,G,K,K,H,772_altall,772,36
783_alt4,G,C,G,C,C,Q,H,C,G,K,K,H,783_alt4,783,36
1538_alt2,G,C,G,C,C,Q,H,C,G,K,K,H,1538_alt2,1538,36
795_alt3,G,C,G,C,C,Q,H,C,G,T,K,H,795_alt3,795,35
800_alt2,G,C,G,C,C,Q,H,C,G,T,K,H,800_alt2,800,35
797_alt3,G,C,G,C,C,Q,H,C,G,T,K,H,797_alt3,797,35
794_map,G,C,G,C,C,Q,H,C,G,K,K,H,794_map,794,36
806_alt4,G,C,S,C,C,Q,H,C,G,K,K,H,806_alt4,806,34
807_map,G,C,S,C,C,Q,H,C,G,K,K,H,807_map,807,34
1526_alt5,G,C,G,C,C,Q,H,C,G,K,K,H,1526_alt5,1526,36
1527_alt3,G,C,G,C,C,Q,H,C,G,K,K,H,1527_alt3,1527,36
1531_alt5,G,C,G,C,C,Q,H,C,G,K,K,H,1531_alt5,1531,36
1525_altall,G,C,G,C,C,Q,H,C,G,K,K,H,1525_altall,1525,36
1537_alt3,G,C,G,C,C,Q,H,C,G,K,K,H,1537_alt3,1537,36
1534_alt5,G,C,G,C,C,Q,H,C,G,K,K,H,1534_alt5,1534,36
Anf_Rahnella_sp_AA,G,C,G,C,C,Q,H,C,G,K,K,H,Anf_Rahnella_sp_AA,Anf_Rahnella_sp,36
Nif_Ammonifex_sp,G,C,A,C,C,Q,H,C,G,K,K,H,Nif_Ammonifex_sp,Nif_Ammonifex,34
Nif_Candidatus_Methanolliviera_hydrocarbonicum,G,C,G,C,C,Q,H,C,G,K,K,H,Nif_Candidatus_Methanolliviera_hydrocarbonicum,Nif_Candidatus_Methanolliviera,36
Nif_Defluviitalea_phaphyphila,G,C,G,C,C,Q,H,C,G,K,K,H,Nif_Defluviitalea_phaphyphila,Nif_Defluviitalea,36
Nif_Cellulosilyticum_lentocellum,G,C,G,C,C,Q,H,C,G,K,K,H,Nif_Cellulosilyticum_lentocellum,Nif_Cellulosilyticum,36
Nif_Pseudobacteroides_cellulosolvens,G,C,G,C,C,Q,H,C,G,K,K,H,Nif_Pseudobacteroides_cellulosolvens,Nif_Pseudobacteroides,36
Nif_Methanolacinia_paynteri,G,C,G,C,C,Q,H,C,G,K,K,H,Nif_Methanolacinia_paynteri,Nif_Methanolacinia,36
Nif_Methanocella_arvoryzae,G,C,G,C,C,Q,H,C,G,K,K,H,Nif_Methanocella_arvoryzae,Nif_Methanocella,36
Nif_Methanosarcina_acetivorans_C2A,G,C,G,C,C,Q,H,C,G,K,K,H,Nif_Methanosarcina_acetivorans_C2A,Nif_Methanosarcina_acetivorans,36
Nif_bacterium_BMS3Abin10,G,C,G,C,C,Q,H,C,G,K,K,H,Nif_bacterium_BMS3Abin10,Nif_bacterium,36
Nif_Bacteroidales_bacterium,G,C,G,C,C,Q,H,C,G,K,K,H,Nif_Bacteroidales_bacterium,Nif_Bacteroidales,36
Nif_Sediminispirochaeta_smaragdinae,G,C,G,C,C,Q,H,C,G,K,K,H,Nif_Sediminispirochaeta_smaragdinae,Nif_Sediminispirochaeta,36
Nif_Desulfacinum_infernum,G,C,G,C,C,Q,H,C,G,K,K,H,Nif_Desulfacinum_infernum,Nif_Desulfacinum,36
Nif_Desulforhopalus_singaporensis,G,C,G,C,C,Q,H,C,G,K,K,H,Nif_Desulforhopalus_singaporensis,Nif_Desulforhopalus,36
Nif_Verrucomicrobiae_bacterium_DG1235,G,C,G,C,C,Q,H,C,G,K,K,H,Nif_Verrucomicrobiae_bacterium_DG1235,Nif_Verrucomicrobiae_bacterium,36
Nif_Arcticibacter_svalbardensis,G,C,G,C,C,Q,H,C,G,K,K,H,Nif_Arcticibacter_svalbardensis,Nif_Arcticibacter,36
Nif_Candidatus_Acididesulfobacter_diazotrophicus,G,C,G,C,C,Q,H,C,G,K,K,H,Nif_Candidatus_Acididesulfobacter_diazotrophicus,Nif_Candidatus_Acididesulfobacter,36
Nif_Rhodopila_globiformis,G,C,G,C,C,Q,H,C,G,K,K,H,Nif_Rhodopila_globiformis,Nif_Rhodopila,36
Vnf_Methylocystis_parvus,G,C,G,C,C,Q,H,C,G,K,K,H,Vnf_Methylocystis_parvus,Vnf_Methylocystis,36
Nif_Gallionellales_bacterium_GWA2_60_18,G,C,G,C,C,Q,H,C,G,K,K,H,Nif_Gallionellales_bacterium_GWA2_60_18,Nif_Gallionellales_bacterium_GWA2_60,36
Nif_Biostraticola_sp_BGMRC_2031,G,C,G,C,C,Q,H,C,G,R,K,H,Nif_Biostraticola_sp_BGMRC_2031,Nif_Biostraticola_sp_BGMRC,35
Nif_Ectothiorhodospiraceae_bacterium,G,C,G,C,C,Q,H,C,G,K,K,H,Nif_Ectothiorhodospiraceae_bacterium,Nif_Ectothiorhodospiraceae,36
Nif_Aliagarivorans_marinus,G,C,G,C,C,Q,H,C,G,K,K,H,Nif_Aliagarivorans_marinus,Nif_Aliagarivorans,36
Nif_Halorhodospira_halochloris,G,C,G,C,C,Q,H,C,G,K,K,H,Nif_Halorhodospira_halochloris,Nif_Halorhodospira,36
Nif_Nitrospirae_bacterium_GWC2_57_13,G,C,G,C,C,Q,H,C,G,K,K,H,Nif_Nitrospirae_bacterium_GWC2_57_13,Nif_Nitrospirae_bacterium_GWC2_57,36
Nif_Gloeocapsa_sp_DLM2Bin57,G,C,G,C,C,Q,H,C,N,K,K,H,Nif_Gloeocapsa_sp_DLM2Bin57,Nif_Gloeocapsa_sp,35
Nif_Thermicanus_aegyptius,G,C,G,C,C,Q,H,C,G,K,K,H,Nif_Thermicanus_aegyptius,Nif_Thermicanus,36
1207_alt2,G,C,G,C,C,Q,H,C,G,K,K,H,1207_alt2,1207,36
1215_altall,G,C,G,C,C,Q,H,C,G,K,K,H,1215_altall,1215,36
1217_alt3,G,C,G,C,C,Q,H,C,G,K,K,H,1217_alt3,1217,36
1212_map,G,C,G,C,C,Q,H,C,G,K,K,H,1212_map,1212,36
1219_alt3,G,C,G,C,C,Q,H,C,G,K,K,H,1219_alt3,1219,36
1220_map,G,C,G,C,C,Q,H,C,G,K,K,H,1220_map,1220,36
1223_alt3,G,C,G,C,C,Q,H,C,G,K,K,H,1223_alt3,1223,36
1227_alt4,G,C,G,C,C,Q,H,C,G,K,K,H,1227_alt4,1227,36
1228_alt3,G,C,G,C,C,Q,H,C,G,K,K,H,1228_alt3,1228,36
1237_alt4,G,C,G,C,C,Q,H,C,G,K,K,H,1237_alt4,1237,36
1245_altall,G,C,G,C,C,Q,H,C,G,K,K,H,1245_altall,1245,36
1242_alt4,G,C,G,C,C,Q,H,C,G,K,K,H,1242_alt4,1242,36
1247_altall,G,C,G,C,C,Q,H,C,G,K,K,H,1247_altall,1247,36
1239_alt4,G,C,G,C,C,Q,H,C,G,K,K,H,1239_alt4,1239,36
1249_altall,G,C,G,C,C,Q,H,C,G,K,K,H,1249_altall,1249,36
1264_alt3,G,C,G,C,C,Q,H,C,G,K,K,H,1264_alt3,1264,36
1262_map,G,C,G,C,C,Q,H,C,G,K,K,H,1262_map,1262,36
1259_alt5,G,C,G,C,C,Q,H,C,G,K,K,H,1259_alt5,1259,36
1258_altall,G,C,G,C,C,Q,H,C,G,K,K,H,1258_altall,1258,36
1254_alt3,G,C,G,C,C,Q,H,C,G,K,K,H,1254_alt3,1254,36
1252_alt3,G,C,G,C,C,Q,H,C,G,K,K,H,1252_alt3,1252,36
1267_altall,G,C,G,C,C,Q,H,C,G,K,K,H,1267_altall,1267,36
1250_alt4,G,C,G,C,C,Q,H,C,G,K,K,H,1250_alt4,1250,36
1271_alt3,G,C,G,C,C,Q,H,C,G,K,K,H,1271_alt3,1271,36
1273_alt3,G,C,G,C,C,Q,H,C,G,K,K,H,1273_alt3,1273,36
1276_alt5,G,C,G,C,C,Q,H,C,G,K,K,H,1276_alt5,1276,36
1279_alt5,G,C,G,C,C,Q,H,C,G,K,K,H,1279_alt5,1279,36
1280_altall,G,C,G,C,C,Q,H,C,G,K,K,H,1280_altall,1280,36
1284_altall,G,C,G,C,C,Q,H,C,G,K,K,H,1284_altall,1284,36
1270_alt5,G,C,G,C,C,Q,H,C,G,K,K,H,1270_alt5,1270,36
1232_alt3,G,C,G,C,C,Q,H,C,G,K,K,H,1232_alt3,1232,36
1235_map,G,C,G,C,C,Q,H,C,G,K,K,H,1235_map,1235,36
1231_altall,G,C,G,C,C,Q,H,C,G,K,K,H,1231_altall,1231,36
1292_alt3,G,C,G,C,C,Q,H,C,G,K,K,H,1292_alt3,1292,36
1297_alt5,G,C,G,C,C,Q,H,C,G,K,K,H,1297_alt5,1297,36
1302_altall,G,C,G,C,C,Q,H,C,G,R,K,H,1302_altall,1302,35
1298_alt5,G,C,G,C,C,Q,H,C,G,K,K,H,1298_alt5,1298,36
1295_alt2,G,C,G,C,C,Q,H,C,G,K,K,H,1295_alt2,1295,36
1304_alt4,G,C,G,C,C,Q,H,C,G,K,K,H,1304_alt4,1304,36
1329_alt3,G,C,G,C,C,Q,H,C,G,K,K,H,1329_alt3,1329,36
1320_alt5,G,C,G,C,C,Q,H,C,G,K,K,H,1320_alt5,1320,36
1322_alt2,G,C,G,C,C,Q,H,C,G,K,K,H,1322_alt2,1322,36
1320_altall,G,C,G,C,C,Q,H,C,G,K,K,H,1320_altall,1320,36
1327_alt4,G,C,G,C,C,Q,H,C,G,K,K,H,1327_alt4,1327,36
1317_alt4,G,C,G,C,C,Q,H,C,G,K,K,H,1317_alt4,1317,36
1312_alt2,G,C,G,C,C,Q,H,C,G,K,K,H,1312_alt2,1312,36
1313_alt4,G,C,G,C,C,Q,H,C,G,K,K,H,1313_alt4,1313,36
1312_map,G,C,G,C,C,Q,H,C,G,K,K,H,1312_map,1312,36
1332_alt4,G,C,G,C,C,Q,H,C,G,K,K,H,1332_alt4,1332,36
1334_alt4,G,C,G,C,C,Q,H,C,G,K,K,H,1334_alt4,1334,36
1336_map,G,C,G,C,C,Q,H,C,G,K,K,H,1336_map,1336,36
1307_alt3,G,C,G,C,C,Q,H,C,G,K,K,H,1307_alt3,1307,36
1338_alt4,G,C,G,C,C,Q,H,C,G,K,K,H,1338_alt4,1338,36
1292_alt5,G,C,G,C,C,Q,H,C,G,K,K,H,1292_alt5,1292,36
1287_map,G,C,G,C,C,Q,H,C,G,K,K,H,1287_map,1287,36
1230_alt2,G,C,G,C,C,Q,H,C,G,K,K,H,1230_alt2,1230,36
1342_map,G,C,G,C,C,Q,H,C,G,K,K,H,1342_map,1342,36
1344_altall,G,C,G,C,C,Q,H,C,G,K,K,H,1344_altall,1344,36
1224_map,G,C,G,C,C,Q,H,C,G,K,K,H,1224_map,1224,36
1206_alt4,G,C,G,C,C,Q,H,C,G,K,K,H,1206_alt4,1206,36
1350_alt4,G,C,G,C,C,Q,H,C,G,K,K,H,1350_alt4,1350,36
1349_alt3,G,C,G,C,C,Q,H,C,G,K,K,H,1349_alt3,1349,36
1345_alt4,G,C,G,C,C,Q,H,C,G,K,K,H,1345_alt4,1345,36
1453_altall,G,C,G,C,C,Q,H,C,G,K,K,H,1453_altall,1453,36
1447_map,G,C,G,C,C,Q,H,C,G,K,K,H,1447_map,1447,36
1450_alt3,G,C,G,C,C,Q,H,C,G,K,K,H,1450_alt3,1450,36
1353_alt4,G,C,G,C,C,Q,H,C,G,K,K,H,1353_alt4,1353,36
1441_map,G,C,G,C,C,Q,H,C,G,K,K,H,1441_map,1441,36
1445_map,G,C,G,C,C,Q,H,C,G,K,K,H,1445_map,1445,36
1440_alt2,G,C,G,C,C,Q,H,C,G,K,K,H,1440_alt2,1440,36
1364_altall,G,C,G,C,C,Q,H,C,G,K,K,H,1364_altall,1364,36
1369_alt3,G,C,G,C,C,Q,H,C,G,K,K,H,1369_alt3,1369,36
1370_alt2,G,C,G,C,C,Q,H,C,G,K,K,H,1370_alt2,1370,36
1366_alt3,G,C,G,C,C,Q,H,C,G,K,K,H,1366_alt3,1366,36
1403_alt5,G,C,G,C,C,Q,H,C,G,K,K,H,1403_alt5,1403,36
1405_alt5,G,C,G,C,C,Q,H,C,G,K,K,H,1405_alt5,1405,36
1383_map,G,C,G,C,C,Q,H,C,G,K,K,H,1383_map,1383,36
1389_map,G,C,G,C,C,Q,H,C,G,K,K,H,1389_map,1389,36
1392_alt4,G,C,G,C,C,Q,H,C,G,K,K,H,1392_alt4,1392,36
1396_alt5,G,C,G,C,C,Q,H,C,G,K,K,H,1396_alt5,1396,36
1398_alt2,G,C,G,C,C,Q,H,C,G,K,K,H,1398_alt2,1398,36
1399_map,G,C,G,C,C,Q,H,C,G,K,K,H,1399_map,1399,36
1388_alt4,G,C,G,C,C,Q,H,C,G,K,K,H,1388_alt4,1388,36
1385_alt3,G,C,G,C,C,Q,H,C,G,K,K,H,1385_alt3,1385,36
1372_map,G,C,G,C,C,Q,H,C,G,K,K,H,1372_map,1372,36
1380_alt5,G,C,G,C,C,Q,H,C,G,K,K,H,1380_alt5,1380,36
1377_alt2,G,C,G,C,C,Q,H,C,G,K,K,H,1377_alt2,1377,36
1379_alt3,G,C,G,C,C,Q,H,C,G,K,K,H,1379_alt3,1379,36
1363_altall,G,C,G,C,C,Q,H,C,G,K,K,H,1363_altall,1363,36
1361_alt4,G,C,G,C,C,Q,H,C,G,K,K,H,1361_alt4,1361,36
1407_alt5,G,C,G,C,C,Q,H,C,G,K,K,H,1407_alt5,1407,36
1406_alt3,G,C,G,C,C,Q,H,C,G,K,K,H,1406_alt3,1406,36
1425_alt2,G,C,G,C,C,Q,H,C,G,K,K,H,1425_alt2,1425,36
1429_map,G,C,G,C,C,Q,H,C,G,K,K,H,1429_map,1429,36
1417_alt3,G,C,G,C,C,Q,H,C,G,K,K,H,1417_alt3,1417,36
1423_alt5,G,C,G,C,C,Q,H,C,G,K,K,H,1423_alt5,1423,36
1420_altall,G,C,G,C,C,Q,H,C,G,K,K,H,1420_altall,1420,36
1420_alt3,G,C,G,C,C,Q,H,C,G,K,K,H,1420_alt3,1420,36
1415_alt5,G,C,G,C,C,Q,H,C,G,K,K,H,1415_alt5,1415,36
1430_map,G,C,G,C,C,Q,H,C,G,K,K,H,1430_map,1430,36
1411_alt5,G,C,G,C,C,Q,H,C,G,K,K,H,1411_alt5,1411,36
1432_alt2,G,C,G,C,C,Q,H,C,G,K,K,H,1432_alt2,1432,36
1437_alt5,G,C,G,C,C,Q,H,C,G,K,K,H,1437_alt5,1437,36
1436_alt5,G,C,G,C,C,Q,H,C,G,K,K,H,1436_alt5,1436,36
1431_map,G,C,G,C,C,Q,H,C,G,K,K,H,1431_map,1431,36
1354_alt3,G,C,G,C,C,Q,H,C,G,K,K,H,1354_alt3,1354,36
1495_alt2,G,C,G,C,C,Q,H,C,G,K,K,H,1495_alt2,1495,36
1489_altall,G,C,G,C,C,Q,H,C,G,K,K,H,1489_altall,1489,36
1490_alt2,G,C,G,C,C,Q,H,C,G,K,K,H,1490_alt2,1490,36
1489_alt3,G,C,G,C,C,Q,H,C,G,K,K,H,1489_alt3,1489,36
1504_alt3,G,C,G,C,C,Q,H,C,G,K,K,H,1504_alt3,1504,36
1508_alt2,G,C,G,C,C,Q,H,C,G,K,K,H,1508_alt2,1508,36
1506_alt3,G,C,G,C,C,Q,H,C,G,K,K,H,1506_alt3,1506,36
1486_alt3,G,C,G,C,C,Q,H,C,G,K,K,H,1486_alt3,1486,36
1503_alt3,G,C,G,C,C,Q,H,C,G,K,K,H,1503_alt3,1503,36
1497_altall,G,C,G,C,C,Q,H,C,G,K,K,H,1497_altall,1497,36
1500_alt2,G,C,G,C,C,Q,H,C,G,K,K,H,1500_alt2,1500,36
1522_alt2,G,C,G,C,C,Q,H,C,G,K,K,H,1522_alt2,1522,36
1523_map,G,C,G,C,C,Q,H,C,G,K,K,H,1523_map,1523,36
1520_alt5,G,C,G,C,C,Q,H,C,G,N,K,H,1520_alt5,1520,35
1517_alt2,G,C,G,C,C,Q,H,C,G,K,K,H,1517_alt2,1517,36
1516_alt2,G,C,G,C,C,Q,H,C,G,K,K,H,1516_alt2,1516,36
1512_alt5,G,C,G,C,C,Q,H,C,G,K,K,H,1512_alt5,1512,36
1457_alt2,G,C,G,C,C,Q,H,C,G,K,K,H,1457_alt2,1457,36
1459_alt3,G,C,G,C,C,Q,H,C,G,K,K,H,1459_alt3,1459,36
1461_altall,G,C,G,C,C,Q,H,C,G,K,K,H,1461_altall,1461,36
1482_alt5,G,C,G,C,C,Q,H,C,G,K,K,H,1482_alt5,1482,36
1472_alt2,G,C,G,C,C,Q,H,C,G,K,K,H,1472_alt2,1472,36
1470_alt3,G,C,G,C,C,Q,H,C,G,K,K,H,1470_alt3,1470,36
1465_alt4,G,C,G,C,C,Q,H,C,G,K,K,H,1465_alt4,1465,36
1468_alt5,G,C,G,C,C,Q,H,C,G,K,K,H,1468_alt5,1468,36
1474_alt4,G,C,G,C,C,Q,H,C,G,K,K,H,1474_alt4,1474,36
1481_alt5,G,C,G,C,C,Q,H,C,G,K,K,H,1481_alt5,1481,36
1479_alt2,G,C,G,C,C,Q,H,C,G,K,K,H,1479_alt2,1479,36
1477_alt2,G,C,G,C,C,Q,H,C,G,K,K,H,1477_alt2,1477,36
1460_alt5,G,C,G,C,C,Q,H,C,G,K,K,H,1460_alt5,1460,36
1485_alt3,G,C,G,C,C,Q,H,C,G,K,K,H,1485_alt3,1485,36
809_alt5,G,C,G,C,C,Q,H,C,G,K,K,H,809_alt5,809,36
819_map,G,C,A,C,C,Q,H,C,G,K,K,H,819_map,819,34
816_alt2,G,C,A,C,C,Q,H,C,G,K,K,H,816_alt2,816,34
815_alt3,G,C,S,C,C,Q,H,C,G,K,K,H,815_alt3,815,34
812_alt3,G,C,G,C,C,Q,H,C,G,K,K,H,812_alt3,812,36
802_map,G,C,G,C,C,Q,H,C,G,K,K,H,802_map,802,36
789_alt2,G,C,G,C,C,Q,H,C,G,K,K,H,789_alt2,789,36
789_alt5,G,C,G,C,C,Q,H,C,G,K,K,H,789_alt5,789,36
785_map,G,C,G,C,C,Q,H,C,G,K,K,H,785_map,785,36
782_map,G,C,G,C,C,Q,H,C,G,K,K,H,782_map,782,36
776_alt4,G,C,G,C,C,Q,H,C,G,K,K,H,776_alt4,776,36
779_altall,G,C,G,C,C,Q,H,C,G,K,K,H,779_altall,779,36
778_alt3,G,C,G,C,C,Q,H,C,G,K,K,H,778_alt3,778,36
771_altall,G,C,G,C,C,Q,H,C,G,K,K,H,771_altall,771,36
783_map,G,C,G,C,C,Q,H,C,G,K,K,H,783_map,783,36
792_altall,G,C,G,C,C,Q,H,C,G,K,K,H,792_altall,792,36
795_alt4,G,C,G,C,C,Q,H,C,G,T,K,H,795_alt4,795,35
800_alt4,G,C,G,C,C,Q,H,C,G,T,K,H,800_alt4,800,35
797_alt2,G,C,G,C,C,Q,H,C,G,T,K,H,797_alt2,797,35
793_alt2,G,C,G,C,C,Q,H,C,G,K,K,H,793_alt2,793,36
806_map,G,C,S,C,C,Q,H,C,G,K,K,H,806_map,806,34
807_alt5,G,C,S,C,C,Q,H,C,G,K,K,H,807_alt5,807,34
1526_alt4,G,C,G,C,C,Q,H,C,G,K,K,H,1526_alt4,1526,36
1527_alt2,G,C,G,C,C,Q,H,C,G,K,K,H,1527_alt2,1527,36
1531_map,G,C,G,C,C,Q,H,C,G,K,K,H,1531_map,1531,36
1533_alt4,G,C,G,C,C,Q,H,C,G,K,K,H,1533_alt4,1533,36
1537_alt5,G,C,G,C,C,Q,H,C,G,K,K,H,1537_alt5,1537,36
1534_map,G,C,G,C,C,Q,H,C,G,K,K,H,1534_map,1534,36
Anf_Phaeospirillum_fulvum,G,C,G,C,C,Q,H,C,G,K,K,H,Anf_Phaeospirillum_fulvum,Anf_Phaeospirillum,36
Nif_Syntrophothermus_lipocalidus,G,C,A,C,C,Q,H,C,G,K,K,H,Nif_Syntrophothermus_lipocalidus,Nif_Syntrophothermus,34
Nif_Candidatus_Methanolliviera_sp_GoM_asphalt,G,C,G,C,C,Q,H,C,G,K,K,H,Nif_Candidatus_Methanolliviera_sp_GoM_asphalt,Nif_Candidatus_Methanolliviera_sp_GoM,36
Nif_Dethiosulfatibacter_aminovorans,G,C,G,C,C,Q,H,C,G,K,K,H,Nif_Dethiosulfatibacter_aminovorans,Nif_Dethiosulfatibacter,36
Nif_Lachnospiraceae_bacterium,G,C,G,C,C,Q,H,C,G,K,K,H,Nif_Lachnospiraceae_bacterium,Nif_Lachnospiraceae,36
Nif_Syntrophomonas_zehnderi,G,C,G,C,C,Q,H,C,G,K,K,H,Nif_Syntrophomonas_zehnderi,Nif_Syntrophomonas,36
Nif_Anaerosporomusa_subterranea,G,C,G,C,C,Q,H,C,G,K,K,H,Nif_Anaerosporomusa_subterranea,Nif_Anaerosporomusa,36
Nif_Desulfofarcimen_acetoxidans,G,C,G,C,C,Q,H,C,G,K,K,H,Nif_Desulfofarcimen_acetoxidans,Nif_Desulfofarcimen,36
Nif_Ethanoligenens_harbinense,G,C,G,C,C,Q,H,C,G,R,K,H,Nif_Ethanoligenens_harbinense,Nif_Ethanoligenens,35
Nif_delta_proteobacterium_NaphS2,G,C,G,C,C,Q,H,C,G,K,K,H,Nif_delta_proteobacterium_NaphS2,Nif_delta_proteobacterium,36
Nif_Draconibacterium_sediminis,G,C,G,C,C,Q,H,C,G,K,K,H,Nif_Draconibacterium_sediminis,Nif_Draconibacterium,36
Nif_Desulfohalovibrio_alkalitolerans,G,C,G,C,C,Q,H,C,G,K,K,H,Nif_Desulfohalovibrio_alkalitolerans,Nif_Desulfohalovibrio,36
Nif_Desulfomonile_tiedjei,G,C,G,C,C,Q,H,C,G,K,K,H,Nif_Desulfomonile_tiedjei,Nif_Desulfomonile,36
Nif_Desulfofustis_glycolicus,G,C,G,C,C,Q,H,C,G,K,K,H,Nif_Desulfofustis_glycolicus,Nif_Desulfofustis,36
Nif_Phycisphaeraceae_bacterium,G,C,G,C,C,Q,H,C,G,K,K,H,Nif_Phycisphaeraceae_bacterium,Nif_Phycisphaeraceae,36
Nif_Desulfobacterales_bacterium_C00003106,G,C,G,C,C,Q,H,C,G,K,K,H,Nif_Desulfobacterales_bacterium_C00003106,Nif_Desulfobacterales_bacterium,36
Nif_Candidatus_Acidulodesulfobacterium_acidiphilum,G,C,G,C,C,Q,H,C,G,K,K,H,Nif_Candidatus_Acidulodesulfobacterium_acidiphilum,Nif_Candidatus_Acidulodesulfobacterium,36
Nif_Phaeospirillum_fulvum,G,C,G,C,C,Q,H,C,G,K,K,H,Nif_Phaeospirillum_fulvum,Nif_Phaeospirillum,36
Nif_Cupriavidus_sp_amp6,G,C,G,C,C,Q,H,C,G,K,K,H,Nif_Cupriavidus_sp_amp6,Nif_Cupriavidus_sp,36
Nif_Oxalobacter_sp,G,C,G,C,C,Q,H,C,G,K,K,H,Nif_Oxalobacter_sp,Nif_Oxalobacter,36
Nif_Klebsiella_pneumoniae,G,C,G,C,C,Q,H,C,G,R,K,H,Nif_Klebsiella_pneumoniae,Nif_Klebsiella,35
Nif_Amphritea_atlantica,G,C,G,C,C,Q,H,C,G,K,K,H,Nif_Amphritea_atlantica,Nif_Amphritea,36
Nif_Vibrio_aerogenes,G,C,G,C,C,Q,H,C,G,K,K,H,Nif_Vibrio_aerogenes,Nif_Vibrio,36
Nif_Anaeromyxobacter_sp_Fw109-5,G,C,G,C,C,Q,H,C,G,K,K,H,Nif_Anaeromyxobacter_sp_Fw109-5,Nif_Anaeromyxobacter_sp,36
Nif_Dehalobacter,G,C,G,C,C,Q,H,C,G,K,K,H,Nif_Dehalobacter,Nif,36
Nif_Euhalothece_natronophila,G,C,G,C,C,Q,H,C,G,K,K,H,Nif_Euhalothece_natronophila,Nif_Euhalothece,36
Nif_Fontibacillus_panacisegetis,G,C,G,C,C,Q,H,C,G,K,K,H,Nif_Fontibacillus_panacisegetis,Nif_Fontibacillus,36
1207_alt3,G,C,G,C,C,Q,H,C,G,K,K,H,1207_alt3,1207,36
1215_map,G,C,G,C,C,Q,H,C,G,K,K,H,1215_map,1215,36
1217_alt2,G,C,G,C,C,Q,H,C,G,K,K,H,1217_alt2,1217,36
1212_alt5,G,C,G,C,C,Q,H,C,G,K,K,H,1212_alt5,1212,36
1219_alt5,G,C,G,C,C,Q,H,C,G,K,K,H,1219_alt5,1219,36
1220_alt3,G,C,G,C,C,Q,H,C,G,K,K,H,1220_alt3,1220,36
1223_alt4,G,C,G,C,C,Q,H,C,G,K,K,H,1223_alt4,1223,36
1227_alt2,G,C,G,C,C,Q,H,C,G,K,K,H,1227_alt2,1227,36
1228_alt5,G,C,G,C,C,Q,H,C,G,K,K,H,1228_alt5,1228,36
1237_alt3,G,C,G,C,C,Q,H,C,G,K,K,H,1237_alt3,1237,36
1245_alt4,G,C,G,C,C,Q,H,C,G,K,K,H,1245_alt4,1245,36
1242_alt2,G,C,G,C,C,Q,H,C,G,K,K,H,1242_alt2,1242,36
1247_alt4,G,C,G,C,C,Q,H,C,G,K,K,H,1247_alt4,1247,36
1238_map,G,C,G,C,C,Q,H,C,G,K,K,H,1238_map,1238,36
1249_alt5,G,C,G,C,C,Q,H,C,G,K,K,H,1249_alt5,1249,36
1264_alt2,G,C,G,C,C,Q,H,C,G,K,K,H,1264_alt2,1264,36
1262_alt5,G,C,G,C,C,Q,H,C,G,K,K,H,1262_alt5,1262,36
1259_alt2,G,C,G,C,C,Q,H,C,G,K,K,H,1259_alt2,1259,36
1258_alt4,G,C,G,C,C,Q,H,C,G,K,K,H,1258_alt4,1258,36
1253_altall,G,C,G,C,C,Q,H,C,G,K,K,H,1253_altall,1253,36
1252_alt5,G,C,G,C,C,Q,H,C,G,K,K,H,1252_alt5,1252,36
1267_alt3,G,C,G,C,C,Q,H,C,G,K,K,H,1267_alt3,1267,36
1249_alt2,G,C,G,C,C,Q,H,C,G,K,K,H,1249_alt2,1249,36
1271_altall,G,C,G,C,C,Q,H,C,G,K,K,H,1271_altall,1271,36
1275_altall,G,C,G,C,C,Q,H,C,G,K,K,H,1275_altall,1275,36
1275_alt4,G,C,G,C,C,Q,H,C,G,K,K,H,1275_alt4,1275,36
1279_alt4,G,C,G,C,C,Q,H,C,G,K,K,H,1279_alt4,1279,36
1280_alt2,G,C,G,C,C,Q,H,C,G,K,K,H,1280_alt2,1280,36
1284_alt2,G,C,G,C,C,Q,H,C,G,K,K,H,1284_alt2,1284,36
1285_altall,G,C,G,C,C,Q,H,C,G,K,K,H,1285_altall,1285,36
1232_map,G,C,G,C,C,Q,H,C,G,K,K,H,1232_map,1232,36
1235_alt4,G,C,G,C,C,Q,H,C,G,K,K,H,1235_alt4,1235,36
1286_altall,G,C,G,C,C,Q,H,C,G,K,K,H,1286_altall,1286,36
1293_alt2,G,C,G,C,C,Q,H,C,G,K,K,H,1293_alt2,1293,36
1298_altall,G,C,G,C,C,Q,H,C,G,K,K,H,1298_altall,1298,36
1302_alt3,G,C,G,C,C,Q,H,C,G,R,K,H,1302_alt3,1302,35
1298_alt3,G,C,G,C,C,Q,H,C,G,K,K,H,1298_alt3,1298,36
1294_alt2,G,C,G,C,C,Q,H,C,G,K,K,H,1294_alt2,1294,36
1304_map,G,C,G,C,C,Q,H,C,G,K,K,H,1304_map,1304,36
1329_alt4,G,C,G,C,C,Q,H,C,G,K,K,H,1329_alt4,1329,36
1320_alt3,G,C,G,C,C,Q,H,C,G,K,K,H,1320_alt3,1320,36
1322_altall,G,C,G,C,C,Q,H,C,G,K,K,H,1322_altall,1322,36
1319_altall,G,C,G,C,C,Q,H,C,G,K,K,H,1319_altall,1319,36
1325_alt4,G,C,G,C,C,Q,H,C,G,K,K,H,1325_alt4,1325,36
1317_altall,G,C,G,C,C,Q,H,C,G,K,K,H,1317_altall,1317,36
1312_altall,G,C,G,C,C,Q,H,C,G,K,K,H,1312_altall,1312,36
1315_map,G,C,G,C,C,Q,H,C,G,K,K,H,1315_map,1315,36
1312_alt5,G,C,G,C,C,Q,H,C,G,K,K,H,1312_alt5,1312,36
1332_alt2,G,C,G,C,C,Q,H,C,G,K,K,H,1332_alt2,1332,36
1333_alt3,G,C,G,C,C,Q,H,C,G,K,K,H,1333_alt3,1333,36
1336_alt5,G,C,G,C,C,Q,H,C,G,K,K,H,1336_alt5,1336,36
1307_altall,G,C,G,C,C,Q,H,C,G,K,K,H,1307_altall,1307,36
1338_alt3,G,C,G,C,C,Q,H,C,G,K,K,H,1338_alt3,1338,36
1292_altall,G,C,G,C,C,Q,H,C,G,K,K,H,1292_altall,1292,36
1289_alt2,G,C,G,C,C,Q,H,C,G,K,K,H,1289_alt2,1289,36
1230_alt5,G,C,G,C,C,Q,H,C,G,K,K,H,1230_alt5,1230,36
1342_alt3,G,C,G,C,C,Q,H,C,G,K,K,H,1342_alt3,1342,36
1344_alt4,G,C,G,C,C,Q,H,C,G,K,K,H,1344_alt4,1344,36
1224_alt4,G,C,G,C,C,Q,H,C,G,K,K,H,1224_alt4,1224,36
1206_alt5,G,C,G,C,C,Q,H,C,G,K,K,H,1206_alt5,1206,36
1350_alt5,G,C,G,C,C,Q,H,C,G,K,K,H,1350_alt5,1350,36
1349_alt5,G,C,G,C,C,Q,H,C,G,K,K,H,1349_alt5,1349,36
1345_altall,G,C,G,C,C,Q,H,C,G,K,K,H,1345_altall,1345,36
1453_alt3,G,C,G,C,C,Q,H,C,G,K,K,H,1453_alt3,1453,36
1447_alt4,G,C,G,C,C,Q,H,C,G,K,K,H,1447_alt4,1447,36
1449_alt3,G,C,G,C,C,Q,H,C,G,K,K,H,1449_alt3,1449,36
1353_map,G,C,G,C,C,Q,H,C,G,K,K,H,1353_map,1353,36
1441_alt5,G,C,G,C,C,Q,H,C,G,K,K,H,1441_alt5,1441,36
1445_alt2,G,C,G,C,C,Q,H,C,G,K,K,H,1445_alt2,1445,36
1440_map,G,C,G,C,C,Q,H,C,G,K,K,H,1440_map,1440,36
1364_alt3,G,C,G,C,C,Q,H,C,G,K,K,H,1364_alt3,1364,36
1369_map,G,C,G,C,C,Q,H,C,G,K,K,H,1369_map,1369,36
1370_alt4,G,C,G,C,C,Q,H,C,G,K,K,H,1370_alt4,1370,36
1366_alt4,G,C,G,C,C,Q,H,C,G,K,K,H,1366_alt4,1366,36
1403_alt2,G,C,G,C,C,Q,H,C,G,K,K,H,1403_alt2,1403,36
1405_altall,G,C,G,C,C,Q,H,C,G,K,K,H,1405_altall,1405,36
1383_alt3,G,C,G,C,C,Q,H,C,G,K,K,H,1383_alt3,1383,36
1389_alt5,G,C,G,C,C,Q,H,C,G,K,K,H,1389_alt5,1389,36
1392_alt2,G,C,G,C,C,Q,H,C,G,K,K,H,1392_alt2,1392,36
1396_alt2,G,C,G,C,C,Q,H,C,G,K,K,H,1396_alt2,1396,36
1398_alt4,G,C,G,C,C,Q,H,C,G,K,K,H,1398_alt4,1398,36
1397_alt2,G,C,G,C,C,Q,H,C,G,K,K,H,1397_alt2,1397,36
1386_map,G,C,G,C,C,Q,H,C,G,K,K,H,1386_map,1386,36
1385_alt2,G,C,G,C,C,Q,H,C,G,K,K,H,1385_alt2,1385,36
1372_alt5,G,C,G,C,C,Q,H,C,G,K,K,H,1372_alt5,1372,36
1374_alt2,G,C,G,C,C,Q,H,C,G,K,K,H,1374_alt2,1374,36
1377_altall,G,C,G,C,C,Q,H,C,G,K,K,H,1377_altall,1377,36
1379_alt5,G,C,G,C,C,Q,H,C,G,K,K,H,1379_alt5,1379,36
1359_alt2,G,C,G,C,C,Q,H,C,G,K,K,H,1359_alt2,1359,36
1361_alt2,G,C,G,C,C,Q,H,C,G,K,K,H,1361_alt2,1361,36
1407_alt3,G,C,G,C,C,Q,H,C,G,K,K,H,1407_alt3,1407,36
1406_alt4,G,C,G,C,C,Q,H,C,G,K,K,H,1406_alt4,1406,36
1425_altall,G,C,G,C,C,Q,H,C,G,K,K,H,1425_altall,1425,36
1429_alt5,G,C,G,C,C,Q,H,C,G,K,K,H,1429_alt5,1429,36
1417_alt2,G,C,G,C,C,Q,H,C,G,K,K,H,1417_alt2,1417,36
1424_altall,G,C,G,C,C,Q,H,C,G,K,K,H,1424_altall,1424,36
1421_altall,G,C,G,C,C,Q,H,C,G,K,K,H,1421_altall,1421,36
1420_map,G,C,G,C,C,Q,H,C,G,K,K,H,1420_map,1420,36
1415_alt4,G,C,G,C,C,Q,H,C,G,K,K,H,1415_alt4,1415,36
1430_alt4,G,C,G,C,C,Q,H,C,G,K,K,H,1430_alt4,1430,36
1411_map,G,C,G,C,C,Q,H,C,G,K,K,H,1411_map,1411,36
1432_alt3,G,C,G,C,C,Q,H,C,G,K,K,H,1432_alt3,1432,36
1437_alt3,G,C,G,C,C,Q,H,C,G,K,K,H,1437_alt3,1437,36
1436_altall,G,C,G,C,C,Q,H,C,G,K,K,H,1436_altall,1436,36
1431_alt4,G,C,G,C,C,Q,H,C,G,K,K,H,1431_alt4,1431,36
1354_alt2,G,C,G,C,C,Q,H,C,G,K,K,H,1354_alt2,1354,36
1495_alt4,G,C,G,C,C,Q,H,C,G,K,K,H,1495_alt4,1495,36
1489_alt5,G,C,G,C,C,Q,H,C,G,K,K,H,1489_alt5,1489,36
1491_altall,G,C,G,C,C,Q,H,C,G,K,K,H,1491_altall,1491,36
1488_altall,G,C,G,C,C,Q,H,C,G,K,K,H,1488_altall,1488,36
1505_map,G,C,G,C,C,Q,H,C,G,K,K,H,1505_map,1505,36
1507_alt5,G,C,G,C,C,Q,H,C,G,K,K,H,1507_alt5,1507,36
1506_map,G,C,G,C,C,Q,H,C,G,K,K,H,1506_map,1506,36
1486_map,G,C,G,C,C,Q,H,C,G,K,K,H,1486_map,1486,36
1503_map,G,C,G,C,C,Q,H,C,G,K,K,H,1503_map,1503,36
1501_alt3,G,C,G,C,C,Q,H,C,G,K,K,H,1501_alt3,1501,36
1499_alt3,G,C,G,C,C,Q,H,C,G,K,K,H,1499_alt3,1499,36
1522_map,G,C,G,C,C,Q,H,C,G,K,K,H,1522_map,1522,36
1522_alt5,G,C,G,C,C,Q,H,C,G,K,K,H,1522_alt5,1522,36
1520_alt3,G,C,G,C,C,Q,H,C,G,N,K,H,1520_alt3,1520,35
1517_map,G,C,G,C,C,Q,H,C,G,K,K,H,1517_map,1517,36
1516_map,G,C,G,C,C,Q,H,C,G,K,K,H,1516_map,1516,36
1512_alt3,G,C,G,C,C,Q,H,C,G,K,K,H,1512_alt3,1512,36
1457_altall,G,C,G,C,C,Q,H,C,G,K,K,H,1457_altall,1457,36
1459_altall,G,C,G,C,C,Q,H,C,G,K,K,H,1459_altall,1459,36
1483_altall,G,C,G,C,C,Q,H,C,G,K,K,H,1483_altall,1483,36
1482_map,G,C,G,C,C,Q,H,C,G,K,K,H,1482_map,1482,36
1472_map,G,C,G,C,C,Q,H,C,G,K,K,H,1472_map,1472,36
1470_alt2,G,C,G,C,C,Q,H,C,G,K,K,H,1470_alt2,1470,36
1465_altall,G,C,G,C,C,Q,H,C,G,K,K,H,1465_altall,1465,36
1468_alt3,G,C,G,C,C,Q,H,C,G,K,K,H,1468_alt3,1468,36
1474_map,G,C,G,C,C,Q,H,C,G,K,K,H,1474_map,1474,36
1481_map,G,C,G,C,C,Q,H,C,G,K,K,H,1481_map,1481,36
1479_alt4,G,C,G,C,C,Q,H,C,G,K,K,H,1479_alt4,1479,36
1476_map,G,C,G,C,C,Q,H,C,G,K,K,H,1476_map,1476,36
1459_alt4,G,C,G,C,C,Q,H,C,G,K,K,H,1459_alt4,1459,36
1352_alt4,G,C,G,C,C,Q,H,C,G,K,K,H,1352_alt4,1352,36
809_alt4,G,C,G,C,C,Q,H,C,G,K,K,H,809_alt4,809,36
819_alt2,G,C,A,C,C,Q,H,C,G,K,K,H,819_alt2,819,34
816_map,G,C,A,C,C,Q,H,C,G,K,K,H,816_map,816,34
815_map,G,C,S,C,C,Q,H,C,G,K,K,H,815_map,815,34
812_alt5,G,C,G,C,C,Q,H,C,G,K,K,H,812_alt5,812,36
802_alt4,G,C,G,C,C,Q,H,C,G,K,K,H,802_alt4,802,36
789_altall,G,C,G,C,C,Q,H,C,G,K,K,H,789_altall,789,36
789_alt4,G,C,G,C,C,Q,H,C,G,K,K,H,789_alt4,789,36
785_alt2,G,C,G,C,C,Q,H,C,G,K,K,H,785_alt2,785,36
782_alt2,G,C,G,C,C,Q,H,C,G,K,K,H,782_alt2,782,36
776_alt3,G,C,G,C,C,Q,H,C,G,K,K,H,776_alt3,776,36
779_alt2,G,C,G,C,C,Q,H,C,G,K,K,H,779_alt2,779,36
778_alt4,G,C,G,C,C,Q,H,C,G,K,K,H,778_alt4,778,36
771_alt2,G,C,G,C,C,Q,H,C,G,K,K,H,771_alt2,771,36
783_alt5,G,C,G,C,C,Q,H,C,G,K,K,H,783_alt5,783,36
792_alt5,G,C,G,C,C,Q,H,C,G,K,K,H,792_alt5,792,36
798_altall,G,C,G,C,C,Q,H,C,G,T,K,H,798_altall,798,35
801_alt2,G,C,G,C,C,Q,H,C,G,K,K,H,801_alt2,801,36
797_alt4,G,C,G,C,C,Q,H,C,G,T,K,H,797_alt4,797,35
793_altall,G,C,G,C,C,Q,H,C,G,K,K,H,793_altall,793,36
806_alt2,G,C,S,C,C,Q,H,C,G,K,K,H,806_alt2,806,34
803_alt5,G,C,G,C,C,Q,H,C,G,K,K,H,803_alt5,803,36
1526_map,G,C,G,C,C,Q,H,C,G,K,K,H,1526_map,1526,36
1526_alt2,G,C,G,C,C,Q,H,C,G,K,K,H,1526_alt2,1526,36
1531_alt4,G,C,G,C,C,Q,H,C,G,K,K,H,1531_alt4,1531,36
1533_alt5,G,C,G,C,C,Q,H,C,G,K,K,H,1533_alt5,1533,36
1537_map,G,C,G,C,C,Q,H,C,G,K,K,H,1537_map,1537,36
1534_alt2,G,C,G,C,C,Q,H,C,G,K,K,H,1534_alt2,1534,36
Anf_Rhodopseudomonas_palustris,G,C,G,C,C,Q,H,C,G,K,K,H,Anf_Rhodopseudomonas_palustris,Anf_Rhodopseudomonas,36
Nif_Thermacetogenium_phaeum,G,C,A,C,C,Q,H,C,G,K,K,H,Nif_Thermacetogenium_phaeum,Nif_Thermacetogenium,34
Nif_Methanophagales_archaeon,G,C,G,C,C,Q,H,C,G,K,K,H,Nif_Methanophagales_archaeon,Nif_Methanophagales,36
Nif_Pseudoclostridium_thermosuccinogenes,G,C,G,C,C,Q,H,C,G,K,K,H,Nif_Pseudoclostridium_thermosuccinogenes,Nif_Pseudoclostridium,36
Nif_Clostridium_populeti,G,C,G,C,C,Q,H,C,G,K,K,H,Nif_Clostridium_populeti,Nif_Clostridium,36
Nif_Alkaliphilus_metalliredigens,G,C,G,C,C,Q,H,C,G,K,K,H,Nif_Alkaliphilus_metalliredigens,Nif_Alkaliphilus,36
Nif_Dendrosporobacter_quercicolus,G,C,G,C,C,Q,H,C,G,K,K,H,Nif_Dendrosporobacter_quercicolus,Nif_Dendrosporobacter,36
Nif_Clostridium_pasteurianum,G,C,G,C,C,Q,H,C,G,K,K,H,Nif_Clostridium_pasteurianum,Nif_Clostridium,36
Nif_Actinobacteria_bacterium_HGW-Actinobacteria-2,G,C,G,C,C,Q,H,C,G,R,K,H,Nif_Actinobacteria_bacterium_HGW-Actinobacteria-2,Nif_Actinobacteria_bacterium,35
Nif_Desulfobacteraceae_bacterium_Eth-SRB2,G,C,G,C,C,Q,H,C,G,K,K,H,Nif_Desulfobacteraceae_bacterium_Eth-SRB2,Nif_Desulfobacteraceae_bacterium,36
Nif_Marinilabilia_sp_WTE,G,C,G,C,C,Q,H,C,G,K,K,H,Nif_Marinilabilia_sp_WTE,Nif_Marinilabilia_sp,36
Nif_Spirochaeta_cellobiosiphila,G,C,G,C,C,Q,H,C,G,K,K,H,Nif_Spirochaeta_cellobiosiphila,Nif_Spirochaeta,36
Nif_Desulfonatronospira_thiodismutans,G,C,G,C,C,Q,H,C,G,K,K,H,Nif_Desulfonatronospira_thiodismutans,Nif_Desulfonatronospira,36
Nif_Desulfobulbus_elongatus,G,C,G,C,C,Q,H,C,G,K,K,H,Nif_Desulfobulbus_elongatus,Nif_Desulfobulbus,36
Nif_Planctomycetes_bacterium_Q31b,G,C,G,C,C,Q,H,C,G,K,K,H,Nif_Planctomycetes_bacterium_Q31b,Nif_Planctomycetes_bacterium,36
Nif_Coleofasciculus_chthonoplastes,H,C,G,C,C,Q,H,C,G,K,K,H,Nif_Coleofasciculus_chthonoplastes,Nif_Coleofasciculus,34
Nif_Acetobacter_peroxydans,G,C,G,C,C,Q,H,C,G,K,K,H,Nif_Acetobacter_peroxydans,Nif_Acetobacter,36
Vnf_Phaeospirillum_fulvum,G,C,G,C,C,Q,H,C,G,T,K,H,Vnf_Phaeospirillum_fulvum,Vnf_Phaeospirillum,35
Nif_Pelomonas_saccharophila,G,C,G,C,C,Q,H,C,D,K,K,H,Nif_Pelomonas_saccharophila,Nif_Pelomonas,35
Nif_Leptospirillum_ferriphilum,G,C,G,C,C,Q,H,C,G,K,K,H,Nif_Leptospirillum_ferriphilum,Nif_Leptospirillum,36
Nif_Mangrovibacter_sp_MFB070,G,C,G,C,C,Q,H,C,G,L,K,H,Nif_Mangrovibacter_sp_MFB070,Nif_Mangrovibacter_sp,35
Nif_Thiorhodococcus_drewsii,G,C,G,C,C,Q,H,C,G,K,K,H,Nif_Thiorhodococcus_drewsii,Nif_Thiorhodococcus,36
Nif_Candidatus_Competibacteraceae_bacterium,G,C,G,C,C,Q,H,C,G,R,K,H,Nif_Candidatus_Competibacteraceae_bacterium,Nif_Candidatus_Competibacteraceae,35
Nif_Deltaproteobacteria_bacterium_HGW-Deltaproteobacteria-4,G,C,G,C,C,Q,H,C,G,K,K,H,Nif_Deltaproteobacteria_bacterium_HGW-Deltaproteobacteria-4,Nif_Deltaproteobacteria_bacterium,36
Nif_Pelotomaculum_sp_FP,G,C,G,C,C,Q,H,C,G,K,K,H,Nif_Pelotomaculum_sp_FP,Nif_Pelotomaculum_sp,36
Nif_filamentous_cyanobacterium_ESFC-1,G,C,G,C,C,Q,H,C,G,K,K,H,Nif_filamentous_cyanobacterium_ESFC-1,Nif_filamentous_cyanobacterium,36
Nif_Lebetimonas_sp_JS032,G,C,G,C,C,Q,H,C,G,K,K,H,Nif_Lebetimonas_sp_JS032,Nif_Lebetimonas_sp,36
1210_alt3,G,C,G,C,C,Q,H,C,G,K,K,H,1210_alt3,1210,36
1215_alt4,G,C,G,C,C,Q,H,C,G,K,K,H,1215_alt4,1215,36
1217_alt4,G,C,G,C,C,Q,H,C,G,K,K,H,1217_alt4,1217,36
1212_alt2,G,C,G,C,C,Q,H,C,G,K,K,H,1212_alt2,1212,36
1219_alt2,G,C,G,C,C,Q,H,C,G,K,K,H,1219_alt2,1219,36
1219_alt4,G,C,G,C,C,Q,H,C,G,K,K,H,1219_alt4,1219,36
1223_alt2,G,C,G,C,C,Q,H,C,G,K,K,H,1223_alt2,1223,36
1227_map,G,C,G,C,C,Q,H,C,G,K,K,H,1227_map,1227,36
1227_alt3,G,C,G,C,C,Q,H,C,G,K,K,H,1227_alt3,1227,36
1237_alt5,G,C,G,C,C,Q,H,C,G,K,K,H,1237_alt5,1237,36
1245_alt2,G,C,G,C,C,Q,H,C,G,K,K,H,1245_alt2,1245,36
1242_alt3,G,C,G,C,C,Q,H,C,G,K,K,H,1242_alt3,1242,36
1247_alt2,G,C,G,C,C,Q,H,C,G,K,K,H,1247_alt2,1247,36
1238_alt5,G,C,G,C,C,Q,H,C,G,K,K,H,1238_alt5,1238,36
1249_alt3,G,C,G,C,C,Q,H,C,G,K,K,H,1249_alt3,1249,36
1264_alt5,G,C,G,C,C,Q,H,C,G,K,K,H,1264_alt5,1264,36
1251_map,G,C,G,C,C,Q,H,C,G,K,K,H,1251_map,1251,36
1259_alt4,G,C,G,C,C,Q,H,C,G,K,K,H,1259_alt4,1259,36
1258_alt3,G,C,G,C,C,Q,H,C,G,K,K,H,1258_alt3,1258,36
1255_altall,G,C,G,C,C,Q,H,C,G,K,K,H,1255_altall,1255,36
1251_alt4,G,C,G,C,C,Q,H,C,G,K,K,H,1251_alt4,1251,36
1267_alt5,G,C,G,C,C,Q,H,C,G,K,K,H,1267_alt5,1267,36
1248_alt3,G,C,G,C,C,Q,H,C,G,K,K,H,1248_alt3,1248,36
1272_map,G,C,G,C,C,Q,H,C,G,K,K,H,1272_map,1272,36
1275_alt5,G,C,G,C,C,Q,H,C,G,K,K,H,1275_alt5,1275,36
1275_map,G,C,G,C,C,Q,H,C,G,K,K,H,1275_map,1275,36
1279_altall,G,C,G,C,C,Q,H,C,G,K,K,H,1279_altall,1279,36
1280_alt3,G,C,G,C,C,Q,H,C,G,K,K,H,1280_alt3,1280,36
1284_alt4,G,C,G,C,C,Q,H,C,G,K,K,H,1284_alt4,1284,36
1285_alt5,G,C,G,C,C,Q,H,C,G,K,K,H,1285_alt5,1285,36
1232_alt4,G,C,G,C,C,Q,H,C,G,K,K,H,1232_alt4,1232,36
1235_altall,G,C,G,C,C,Q,H,C,G,K,K,H,1235_altall,1235,36
1286_alt3,G,C,G,C,C,Q,H,C,G,K,K,H,1286_alt3,1286,36
1293_alt4,G,C,G,C,C,Q,H,C,G,K,K,H,1293_alt4,1293,36
1299_alt5,G,C,G,C,C,Q,H,C,G,R,K,H,1299_alt5,1299,35
1302_alt4,G,C,G,C,C,Q,H,C,G,R,K,H,1302_alt4,1302,35
1298_alt2,G,C,G,C,C,Q,H,C,G,K,K,H,1298_alt2,1298,36
1294_map,G,C,G,C,C,Q,H,C,G,K,K,H,1294_map,1294,36
1304_alt2,G,C,G,C,C,Q,H,C,G,K,K,H,1304_alt2,1304,36
1329_map,G,C,G,C,C,Q,H,C,G,K,K,H,1329_map,1329,36
1321_alt3,G,C,G,C,C,Q,H,C,G,K,K,H,1321_alt3,1321,36
1323_alt4,G,C,G,C,C,Q,H,C,G,K,K,H,1323_alt4,1323,36
1326_alt4,G,C,G,C,C,Q,H,C,G,K,K,H,1326_alt4,1326,36
1325_alt3,G,C,G,C,C,Q,H,C,G,K,K,H,1325_alt3,1325,36
1317_alt2,G,C,G,C,C,Q,H,C,G,K,K,H,1317_alt2,1317,36
1312_alt4,G,C,G,C,C,Q,H,C,G,K,K,H,1312_alt4,1312,36
1315_alt5,G,C,G,C,C,Q,H,C,G,K,K,H,1315_alt5,1315,36
1311_alt2,G,C,G,C,C,Q,H,C,G,K,K,H,1311_alt2,1311,36
1332_alt3,G,C,G,C,C,Q,H,C,G,K,K,H,1332_alt3,1332,36
1332_altall,G,C,G,C,C,Q,H,C,G,K,K,H,1332_altall,1332,36
1336_alt4,G,C,G,C,C,Q,H,C,G,K,K,H,1336_alt4,1336,36
1307_alt4,G,C,G,C,C,Q,H,C,G,K,K,H,1307_alt4,1307,36
1338_alt5,G,C,G,C,C,Q,H,C,G,K,K,H,1338_alt5,1338,36
1290_alt5,G,C,G,C,C,Q,H,C,G,K,K,H,1290_alt5,1290,36
1289_alt4,G,C,G,C,C,Q,H,C,G,K,K,H,1289_alt4,1289,36
1230_map,G,C,G,C,C,Q,H,C,G,K,K,H,1230_map,1230,36
1342_alt2,G,C,G,C,C,Q,H,C,G,K,K,H,1342_alt2,1342,36
1344_alt2,G,C,G,C,C,Q,H,C,G,K,K,H,1344_alt2,1344,36
1209_alt2,G,C,G,C,C,Q,H,C,G,K,K,H,1209_alt2,1209,36
1206_map,G,C,G,C,C,Q,H,C,G,K,K,H,1206_map,1206,36
1350_map,G,C,G,C,C,Q,H,C,G,K,K,H,1350_map,1350,36
1348_alt3,G,C,G,C,C,Q,H,C,G,K,K,H,1348_alt3,1348,36
1352_altall,G,C,G,C,C,Q,H,C,G,K,K,H,1352_altall,1352,36
1453_alt4,G,C,G,C,C,Q,H,C,G,K,K,H,1453_alt4,1453,36
1447_altall,G,C,G,C,C,Q,H,C,G,K,K,H,1447_altall,1447,36
1449_map,G,C,G,C,C,Q,H,C,G,K,K,H,1449_map,1449,36
1353_alt5,G,C,G,C,C,Q,H,C,G,K,K,H,1353_alt5,1353,36
1440_alt4,G,C,G,C,C,Q,H,C,G,K,K,H,1440_alt4,1440,36
1444_alt5,G,C,G,C,C,Q,H,C,G,K,K,H,1444_alt5,1444,36
1440_alt3,G,C,G,C,C,Q,H,C,G,K,K,H,1440_alt3,1440,36
1364_map,G,C,G,C,C,Q,H,C,G,K,K,H,1364_map,1364,36
1369_alt5,G,C,G,C,C,Q,H,C,G,K,K,H,1369_alt5,1369,36
1369_alt4,G,C,G,C,C,Q,H,C,G,K,K,H,1369_alt4,1369,36
1366_alt5,G,C,G,C,C,Q,H,C,G,K,K,H,1366_alt5,1366,36
1403_map,G,C,G,C,C,Q,H,C,G,K,K,H,1403_map,1403,36
1405_alt3,G,C,G,C,C,Q,H,C,G,K,K,H,1405_alt3,1405,36
1383_alt2,G,C,G,C,C,Q,H,C,G,K,K,H,1383_alt2,1383,36
1390_alt3,G,C,G,C,C,Q,H,C,G,K,K,H,1390_alt3,1390,36
1393_alt3,G,C,G,C,C,Q,H,C,G,K,K,H,1393_alt3,1393,36
1396_alt3,G,C,G,C,C,Q,H,C,G,K,K,H,1396_alt3,1396,36
1398_map,G,C,G,C,C,Q,H,C,G,K,K,H,1398_map,1398,36
1397_alt3,G,C,G,C,C,Q,H,C,G,K,K,H,1397_alt3,1397,36
1386_alt5,G,C,G,C,C,Q,H,C,G,K,K,H,1386_alt5,1386,36
1384_map,G,C,G,C,C,Q,H,C,G,K,K,H,1384_map,1384,36
1373_alt3,G,C,G,C,C,Q,H,C,G,K,K,H,1373_alt3,1373,36
1375_map,G,C,G,C,C,Q,H,C,G,K,K,H,1375_map,1375,36
1377_alt3,G,C,G,C,C,Q,H,C,G,K,K,H,1377_alt3,1377,36
1379_alt2,G,C,G,C,C,Q,H,C,G,K,K,H,1379_alt2,1379,36
1359_map,G,C,G,C,C,Q,H,C,G,K,K,H,1359_map,1359,36
1361_map,G,C,G,C,C,Q,H,C,G,K,K,H,1361_map,1361,36
1407_map,G,C,G,C,C,Q,H,C,G,K,K,H,1407_map,1407,36
1409_alt5,G,C,G,C,C,Q,H,C,G,K,K,H,1409_alt5,1409,36
1427_alt3,G,C,G,C,C,Q,H,C,G,K,K,H,1427_alt3,1427,36
1429_alt2,G,C,G,C,C,Q,H,C,G,K,K,H,1429_alt2,1429,36
1417_map,G,C,G,C,C,Q,H,C,G,K,K,H,1417_map,1417,36
1424_alt3,G,C,G,C,C,Q,H,C,G,K,K,H,1424_alt3,1424,36
1421_alt3,G,C,G,C,C,Q,H,C,G,K,K,H,1421_alt3,1421,36
1420_alt4,G,C,G,C,C,Q,H,C,G,K,K,H,1420_alt4,1420,36
1415_altall,G,C,G,C,C,Q,H,C,G,K,K,H,1415_altall,1415,36
1413_altall,G,C,G,C,C,Q,H,C,G,K,K,H,1413_altall,1413,36
1411_alt4,G,C,G,C,C,Q,H,C,G,K,K,H,1411_alt4,1411,36
1434_alt4,G,C,G,C,C,Q,H,C,G,K,K,H,1434_alt4,1434,36
1437_map,G,C,G,C,C,Q,H,C,G,K,K,H,1437_map,1437,36
1436_alt3,G,C,G,C,C,Q,H,C,G,K,K,H,1436_alt3,1436,36
1439_alt5,G,C,G,C,C,Q,H,C,G,K,K,H,1439_alt5,1439,36
1354_alt4,G,C,G,C,C,Q,H,C,G,K,K,H,1354_alt4,1354,36
1495_map,G,C,G,C,C,Q,H,C,G,K,K,H,1495_map,1495,36
1489_alt4,G,C,G,C,C,Q,H,C,G,K,K,H,1489_alt4,1489,36
1492_altall,G,C,G,C,C,Q,H,C,G,K,K,H,1492_altall,1492,36
1487_alt3,G,C,G,C,C,Q,H,C,G,K,K,H,1487_alt3,1487,36
1505_alt4,G,C,G,C,C,Q,H,C,G,K,K,H,1505_alt4,1505,36
1507_alt4,G,C,G,C,C,Q,H,C,G,K,K,H,1507_alt4,1507,36
1505_alt5,G,C,G,C,C,Q,H,C,G,K,K,H,1505_alt5,1505,36
1486_alt4,G,C,G,C,C,Q,H,C,G,K,K,H,1486_alt4,1486,36
1503_alt4,G,C,G,C,C,Q,H,C,G,K,K,H,1503_alt4,1503,36
1501_altall,G,C,G,C,C,Q,H,C,G,K,K,H,1501_altall,1501,36
1499_map,G,C,G,C,C,Q,H,C,G,K,K,H,1499_map,1499,36
1522_alt3,G,C,G,C,C,Q,H,C,G,K,K,H,1522_alt3,1522,36
1518_altall,G,C,G,C,C,Q,H,C,G,K,K,H,1518_altall,1518,36
1520_alt4,G,C,G,C,C,Q,H,C,G,N,K,H,1520_alt4,1520,35
1517_alt3,G,C,G,C,C,Q,H,C,G,K,K,H,1517_alt3,1517,36
1516_alt5,G,C,G,C,C,Q,H,C,G,K,K,H,1516_alt5,1516,36
1512_map,G,C,G,C,C,Q,H,C,G,K,K,H,1512_map,1512,36
1458_altall,G,C,G,C,C,Q,H,C,G,K,K,H,1458_altall,1458,36
1459_alt2,G,C,G,C,C,Q,H,C,G,K,K,H,1459_alt2,1459,36
1483_alt2,G,C,G,C,C,Q,H,C,G,K,K,H,1483_alt2,1483,36
1482_alt4,G,C,G,C,C,Q,H,C,G,K,K,H,1482_alt4,1482,36
1472_alt3,G,C,G,C,C,Q,H,C,G,K,K,H,1472_alt3,1472,36
1471_alt2,G,C,G,C,C,Q,H,C,G,K,K,H,1471_alt2,1471,36
1465_alt3,G,C,G,C,C,Q,H,C,G,K,K,H,1465_alt3,1465,36
1468_map,G,C,G,C,C,Q,H,C,G,K,K,H,1468_map,1468,36
1474_alt3,G,C,G,C,C,Q,H,C,G,K,K,H,1474_alt3,1474,36
1481_alt3,G,C,G,C,C,Q,H,C,G,K,K,H,1481_alt3,1481,36
1478_alt3,G,C,G,C,C,Q,H,C,G,K,K,H,1478_alt3,1478,36
1476_alt5,G,C,G,C,C,Q,H,C,G,K,K,H,1476_alt5,1476,36
1455_alt2,G,C,G,C,C,Q,H,C,G,K,K,H,1455_alt2,1455,36
1352_map,G,C,G,C,C,Q,H,C,G,K,K,H,1352_map,1352,36
809_alt2,G,C,G,C,C,Q,H,C,G,K,K,H,809_alt2,809,36
818_map,G,C,A,C,C,Q,H,C,G,K,K,H,818_map,818,34
816_alt4,G,C,A,C,C,Q,H,C,G,K,K,H,816_alt4,816,34
815_alt2,G,C,S,C,C,Q,H,C,G,K,K,H,815_alt2,815,34
811_alt4,G,C,G,C,C,Q,H,C,G,K,K,H,811_alt4,811,36
802_alt5,G,C,G,C,C,Q,H,C,G,K,K,H,802_alt5,802,36
790_alt3,G,C,G,C,C,Q,H,C,G,K,K,H,790_alt3,790,36
789_map,G,C,G,C,C,Q,H,C,G,K,K,H,789_map,789,36
785_alt3,G,C,G,C,C,Q,H,C,G,K,K,H,785_alt3,785,36
773_alt3,G,C,G,C,C,Q,H,C,G,K,K,H,773_alt3,773,36
776_alt5,G,C,G,C,C,Q,H,C,G,K,K,H,776_alt5,776,36
779_alt4,G,C,G,C,C,Q,H,C,G,K,K,H,779_alt4,779,36
778_alt5,G,C,G,C,C,Q,H,C,G,K,K,H,778_alt5,778,36
771_alt3,G,C,G,C,C,Q,H,C,G,K,K,H,771_alt3,771,36
784_alt5,G,C,G,C,C,Q,H,C,G,K,K,H,784_alt5,784,36
792_alt3,G,C,G,C,C,Q,H,C,G,K,K,H,792_alt3,792,36
799_altall,G,C,G,C,C,Q,H,C,G,T,K,H,799_altall,799,35
801_altall,G,C,G,C,C,Q,H,C,G,K,K,H,801_altall,801,36
797_map,G,C,G,C,C,Q,H,C,G,T,K,H,797_map,797,35
803_alt3,G,C,G,C,C,Q,H,C,G,K,K,H,803_alt3,803,36
805_alt4,G,C,S,C,C,Q,H,C,G,K,K,H,805_alt4,805,34
808_map,G,C,G,C,C,Q,H,C,G,K,K,H,808_map,808,36
1526_alt3,G,C,G,C,C,Q,H,C,G,K,K,H,1526_alt3,1526,36
1529_map,G,C,G,C,C,Q,H,C,G,K,K,H,1529_map,1529,36
1531_alt2,G,C,G,C,C,Q,H,C,G,K,K,H,1531_alt2,1531,36
1533_map,G,C,G,C,C,Q,H,C,G,K,K,H,1533_map,1533,36
1537_alt2,G,C,G,C,C,Q,H,C,G,K,K,H,1537_alt2,1537,36
1525_alt3,G,C,G,C,C,Q,H,C,G,K,K,H,1525_alt3,1525,36
Anf_Rhodobacter_capsulatus,G,C,G,C,C,Q,H,C,G,K,K,H,Anf_Rhodobacter_capsulatus,Anf_Rhodobacter,36
Nif_Thermodesulfitimonas_autotrophica,G,C,A,C,C,Q,H,C,G,K,K,H,Nif_Thermodesulfitimonas_autotrophica,Nif_Thermodesulfitimonas,34
Nif_Candidatus_Methanoperedens_nitroreducens,G,C,G,C,C,Q,H,C,G,K,K,H,Nif_Candidatus_Methanoperedens_nitroreducens,Nif_Candidatus_Methanoperedens,36
Nif_Petrocella_atlantisensis,G,C,G,C,C,Q,H,C,G,K,K,H,Nif_Petrocella_atlantisensis,Nif_Petrocella,36
Nif_Robinsoniella_sp_MCWD5,G,C,G,C,C,Q,H,C,G,K,K,H,Nif_Robinsoniella_sp_MCWD5,Nif_Robinsoniella_sp,36
Nif_Geosporobacter_ferrireducens,G,C,G,C,C,Q,H,C,G,K,K,H,Nif_Geosporobacter_ferrireducens,Nif_Geosporobacter,36
Nif_Desulfallas_arcticus,G,C,G,C,C,Q,H,C,N,K,K,H,Nif_Desulfallas_arcticus,Nif_Desulfallas,35
Vnf_Clostridium_pasteurianum,G,C,G,C,C,Q,H,C,G,K,K,H,Vnf_Clostridium_pasteurianum,Vnf_Clostridium,36
Nif_Propionibacterium_cyclohexanicum,G,C,G,C,C,Q,H,C,G,R,K,H,Nif_Propionibacterium_cyclohexanicum,Nif_Propionibacterium,35
Nif_Desulfamplus_magnetovallimortis,G,C,G,C,C,Q,H,C,G,K,K,H,Nif_Desulfamplus_magnetovallimortis,Nif_Desulfamplus,36
Nif_Labilibacter_aurantiacus,G,C,G,C,C,Q,H,C,G,K,K,H,Nif_Labilibacter_aurantiacus,Nif_Labilibacter,36
Nif_Lutibacter_agarilyticus,G,C,G,C,C,Q,H,C,G,K,K,H,Nif_Lutibacter_agarilyticus,Nif_Lutibacter,36
Nif_Desulfonatronovibrio_hydrogenovorans,G,C,G,C,C,Q,H,C,G,K,K,H,Nif_Desulfonatronovibrio_hydrogenovorans,Nif_Desulfonatronovibrio,36
Nif_Desulfotalea_sp,G,C,G,C,C,Q,H,C,D,K,K,H,Nif_Desulfotalea_sp,Nif_Desulfotalea,35
Nif_Planctomycetes_bacterium_V7,G,C,G,C,C,Q,H,C,G,K,K,H,Nif_Planctomycetes_bacterium_V7,Nif_Planctomycetes_bacterium,36
Nif_Roseofilum_reptotaenium_AO1-A,G,C,G,C,C,Q,H,C,G,K,K,H,Nif_Roseofilum_reptotaenium_AO1-A,Nif_Roseofilum_reptotaenium,36
Nif_Hartmannibacter_diazotrophicus,G,C,G,C,C,Q,H,C,G,K,K,H,Nif_Hartmannibacter_diazotrophicus,Nif_Hartmannibacter,36
Nif_Actibacterium_ureilyticum,G,C,G,C,C,Q,H,C,G,K,K,H,Nif_Actibacterium_ureilyticum,Nif_Actibacterium,36
Nif_Polaromonas_naphthalenivorans,G,C,G,C,C,Q,H,C,G,K,K,H,Nif_Polaromonas_naphthalenivorans,Nif_Polaromonas,36
Nif_Rhodovibrio_salinarum,G,C,G,C,C,Q,H,C,G,K,K,H,Nif_Rhodovibrio_salinarum,Nif_Rhodovibrio,36
Nif_Pantoea_cypripedii,G,C,G,C,C,Q,H,C,G,R,K,H,Nif_Pantoea_cypripedii,Nif_Pantoea,35
Nif_Hydrogenophilales_bacterium_28-61-23,G,C,G,C,C,Q,H,C,G,K,K,H,Nif_Hydrogenophilales_bacterium_28-61-23,Nif_Hydrogenophilales_bacterium,36
Nif_Celerinatantimonas_diazotrophica,G,C,G,C,C,Q,H,C,G,K,K,H,Nif_Celerinatantimonas_diazotrophica,Nif_Celerinatantimonas,36
Nif_Desulfuromonadales_bacterium_GWC2_61_20,G,C,G,C,C,Q,H,C,N,K,K,H,Nif_Desulfuromonadales_bacterium_GWC2_61_20,Nif_Desulfuromonadales_bacterium_GWC2_61,35
Nif_Heliobacterium_modesticaldum,G,C,G,C,C,Q,H,C,G,K,K,H,Nif_Heliobacterium_modesticaldum,Nif_Heliobacterium,36
Nif_Desertifilum_sp_IPPAS_B-1220,G,C,G,C,C,Q,H,C,G,K,K,H,Nif_Desertifilum_sp_IPPAS_B-1220,Nif_Desertifilum_sp_IPPAS,36
Nif_Sulfurimonas_sp_RIFOXYD12_FULL_33_39,G,C,G,C,C,Q,H,C,G,K,K,H,Nif_Sulfurimonas_sp_RIFOXYD12_FULL_33_39,Nif_Sulfurimonas_sp_RIFOXYD12_FULL_33,36
1211_altall,G,C,G,C,C,Q,H,C,G,K,K,H,1211_altall,1211,36
1215_alt5,G,C,G,C,C,Q,H,C,G,K,K,H,1215_alt5,1215,36
1217_altall,G,C,G,C,C,Q,H,C,G,K,K,H,1217_altall,1217,36
1212_alt4,G,C,G,C,C,Q,H,C,G,K,K,H,1212_alt4,1212,36
1219_map,G,C,G,C,C,Q,H,C,G,K,K,H,1219_map,1219,36
1222_alt4,G,C,G,C,C,Q,H,C,G,K,K,H,1222_alt4,1222,36
1223_map,G,C,G,C,C,Q,H,C,G,K,K,H,1223_map,1223,36
1227_alt5,G,C,G,C,C,Q,H,C,G,K,K,H,1227_alt5,1227,36
1227_altall,G,C,G,C,C,Q,H,C,G,K,K,H,1227_altall,1227,36
1239_altall,G,C,G,C,C,Q,H,C,G,K,K,H,1239_altall,1239,36
1245_alt5,G,C,G,C,C,Q,H,C,G,K,K,H,1245_alt5,1245,36
1242_altall,G,C,G,C,C,Q,H,C,G,K,K,H,1242_altall,1242,36
1247_map,G,C,G,C,C,Q,H,C,G,K,K,H,1247_map,1247,36
1238_alt4,G,C,G,C,C,Q,H,C,G,K,K,H,1238_alt4,1238,36
1249_map,G,C,G,C,C,Q,H,C,G,K,K,H,1249_map,1249,36
1264_map,G,C,G,C,C,Q,H,C,G,K,K,H,1264_map,1264,36
1251_alt2,G,C,G,C,C,Q,H,C,G,K,K,H,1251_alt2,1251,36
1259_map,G,C,G,C,C,Q,H,C,G,K,K,H,1259_map,1259,36
1256_alt5,G,C,G,C,C,Q,H,C,G,K,K,H,1256_alt5,1256,36
1255_alt3,G,C,G,C,C,Q,H,C,G,K,K,H,1255_alt3,1255,36
1251_alt5,G,C,G,C,C,Q,H,C,G,K,K,H,1251_alt5,1251,36
1267_map,G,C,G,C,C,Q,H,C,G,K,K,H,1267_map,1267,36
1268_alt3,G,C,G,C,C,Q,H,C,G,K,K,H,1268_alt3,1268,36
1273_alt2,G,C,G,C,C,Q,H,C,G,K,K,H,1273_alt2,1273,36
1276_altall,G,C,G,C,C,Q,H,C,G,K,K,H,1276_altall,1276,36
1275_alt2,G,C,G,C,C,Q,H,C,G,K,K,H,1275_alt2,1275,36
1279_alt2,G,C,G,C,C,Q,H,C,G,K,K,H,1279_alt2,1279,36
1282_map,G,C,G,C,C,Q,H,C,G,K,K,H,1282_map,1282,36
1284_alt5,G,C,G,C,C,Q,H,C,G,K,K,H,1284_alt5,1284,36
1285_alt4,G,C,G,C,C,Q,H,C,G,K,K,H,1285_alt4,1285,36
1233_altall,G,C,G,C,C,Q,H,C,G,K,K,H,1233_altall,1233,36
1236_altall,G,C,G,C,C,Q,H,C,G,K,K,H,1236_altall,1236,36
1286_alt5,G,C,G,C,C,Q,H,C,G,K,K,H,1286_alt5,1286,36
1295_map,G,C,G,C,C,Q,H,C,G,K,K,H,1295_map,1295,36
1300_alt3,G,C,G,C,C,Q,H,C,G,R,K,H,1300_alt3,1300,35
1302_map,G,C,G,C,C,Q,H,C,G,R,K,H,1302_map,1302,35
1297_altall,G,C,G,C,C,Q,H,C,G,K,K,H,1297_altall,1297,36
1294_alt3,G,C,G,C,C,Q,H,C,G,K,K,H,1294_alt3,1294,36
1306_alt4,G,C,G,C,C,Q,H,C,G,K,K,H,1306_alt4,1306,36
1329_alt2,G,C,G,C,C,Q,H,C,G,K,K,H,1329_alt2,1329,36
1321_alt2,G,C,G,C,C,Q,H,C,G,K,K,H,1321_alt2,1321,36
1323_altall,G,C,G,C,C,Q,H,C,G,K,K,H,1323_altall,1323,36
1326_alt2,G,C,G,C,C,Q,H,C,G,K,K,H,1326_alt2,1326,36
1325_alt5,G,C,G,C,C,Q,H,C,G,K,K,H,1325_alt5,1325,36
1309_map,G,C,G,C,C,Q,H,C,G,K,K,H,1309_map,1309,36
1312_alt3,G,C,G,C,C,Q,H,C,G,K,K,H,1312_alt3,1312,36
1315_alt3,G,C,G,C,C,Q,H,C,G,K,K,H,1315_alt3,1315,36
1311_map,G,C,G,C,C,Q,H,C,G,K,K,H,1311_map,1311,36
1332_alt5,G,C,G,C,C,Q,H,C,G,K,K,H,1332_alt5,1332,36
1331_alt3,G,C,G,C,C,Q,H,C,G,K,K,H,1331_alt3,1331,36
1335_map,G,C,G,C,C,Q,H,C,G,K,K,H,1335_map,1335,36
1307_map,G,C,G,C,C,Q,H,C,G,K,K,H,1307_map,1307,36
1338_alt2,G,C,G,C,C,Q,H,C,G,K,K,H,1338_alt2,1338,36
1290_alt2,G,C,G,C,C,Q,H,C,G,K,K,H,1290_alt2,1290,36
1289_altall,G,C,G,C,C,Q,H,C,G,K,K,H,1289_altall,1289,36
1230_alt4,G,C,G,C,C,Q,H,C,G,K,K,H,1230_alt4,1230,36
1342_alt4,G,C,G,C,C,Q,H,C,G,K,K,H,1342_alt4,1342,36
1344_alt3,G,C,G,C,C,Q,H,C,G,K,K,H,1344_alt3,1344,36
1209_map,G,C,G,C,C,Q,H,C,G,K,K,H,1209_map,1209,36
1346_alt4,G,C,G,C,C,Q,H,C,G,K,K,H,1346_alt4,1346,36
1350_alt3,G,C,G,C,C,Q,H,C,G,K,K,H,1350_alt3,1350,36
1348_alt5,G,C,G,C,C,Q,H,C,G,K,K,H,1348_alt5,1348,36
1352_alt5,G,C,G,C,C,Q,H,C,G,K,K,H,1352_alt5,1352,36
1453_alt2,G,C,G,C,C,Q,H,C,G,K,K,H,1453_alt2,1453,36
1448_altall,G,C,G,C,C,Q,H,C,G,K,K,H,1448_altall,1448,36
1449_alt4,G,C,G,C,C,Q,H,C,G,K,K,H,1449_alt4,1449,36
1354_altall,G,C,G,C,C,Q,H,C,G,K,K,H,1354_altall,1354,36
1442_alt4,G,C,G,C,C,Q,H,C,G,K,K,H,1442_alt4,1442,36
1443_alt5,G,C,G,C,C,Q,H,C,G,K,K,H,1443_alt5,1443,36
1356_alt5,G,C,G,C,C,Q,H,C,G,K,K,H,1356_alt5,1356,36
1364_alt5,G,C,G,C,C,Q,H,C,G,K,K,H,1364_alt5,1364,36
1369_alt2,G,C,G,C,C,Q,H,C,G,K,K,H,1369_alt2,1369,36
1368_map,G,C,G,C,C,Q,H,C,G,K,K,H,1368_map,1368,36
1366_alt2,G,C,G,C,C,Q,H,C,G,K,K,H,1366_alt2,1366,36
1403_alt4,G,C,G,C,C,Q,H,C,G,K,K,H,1403_alt4,1403,36
1404_alt5,G,C,G,C,C,Q,H,C,G,K,K,H,1404_alt5,1404,36
1383_alt4,G,C,G,C,C,Q,H,C,G,K,K,H,1383_alt4,1383,36
1390_alt2,G,C,G,C,C,Q,H,C,G,K,K,H,1390_alt2,1390,36
1393_alt4,G,C,G,C,C,Q,H,C,G,K,K,H,1393_alt4,1393,36
1396_alt4,G,C,G,C,C,Q,H,C,G,K,K,H,1396_alt4,1396,36
1399_alt3,G,C,G,C,C,Q,H,C,G,K,K,H,1399_alt3,1399,36
1397_alt4,G,C,G,C,C,Q,H,C,G,K,K,H,1397_alt4,1397,36
1386_alt2,G,C,G,C,C,Q,H,C,G,K,K,H,1386_alt2,1386,36
1384_alt4,G,C,G,C,C,Q,H,C,G,K,K,H,1384_alt4,1384,36
1380_alt4,G,C,G,C,C,Q,H,C,G,K,K,H,1380_alt4,1380,36
1375_alt3,G,C,G,C,C,Q,H,C,G,K,K,H,1375_alt3,1375,36
1377_alt5,G,C,G,C,C,Q,H,C,G,K,K,H,1377_alt5,1377,36
1378_alt2,G,C,G,C,C,Q,H,C,G,K,K,H,1378_alt2,1378,36
1359_alt3,G,C,G,C,C,Q,H,C,G,K,K,H,1359_alt3,1359,36
1361_alt3,G,C,G,C,C,Q,H,C,G,K,K,H,1361_alt3,1361,36
1407_alt4,G,C,G,C,C,Q,H,C,G,K,K,H,1407_alt4,1407,36
1409_map,G,C,G,C,C,Q,H,C,G,K,K,H,1409_map,1409,36
1427_alt5,G,C,G,C,C,Q,H,C,G,K,K,H,1427_alt5,1427,36
1428_map,G,C,G,C,C,Q,H,C,G,K,K,H,1428_map,1428,36
1417_alt5,G,C,G,C,C,Q,H,C,G,K,K,H,1417_alt5,1417,36
1424_alt4,G,C,G,C,C,Q,H,C,G,K,K,H,1424_alt4,1424,36
1422_altall,G,C,G,C,C,Q,H,C,G,K,K,H,1422_altall,1422,36
1419_map,G,C,G,C,C,Q,H,C,G,K,K,H,1419_map,1419,36
1414_alt5,G,C,G,C,C,Q,H,C,G,K,K,H,1414_alt5,1414,36
1412_alt4,G,C,G,C,C,Q,H,C,G,K,K,H,1412_alt4,1412,36
1411_altall,G,C,G,C,C,Q,H,C,G,K,K,H,1411_altall,1411,36
1434_alt3,G,C,G,C,C,Q,H,C,G,K,K,H,1434_alt3,1434,36
1437_alt4,G,C,G,C,C,Q,H,C,G,K,K,H,1437_alt4,1437,36
1434_altall,G,C,G,C,C,Q,H,C,G,K,K,H,1434_altall,1434,36
1439_alt3,G,C,G,C,C,Q,H,C,G,K,K,H,1439_alt3,1439,36
1355_altall,G,C,G,C,C,Q,H,C,G,R,K,H,1355_altall,1355,35
1495_alt5,G,C,G,C,C,Q,H,C,G,K,K,H,1495_alt5,1495,36
1490_alt5,G,C,G,C,C,Q,H,C,G,K,K,H,1490_alt5,1490,36
1492_alt4,G,C,G,C,C,Q,H,C,G,K,K,H,1492_alt4,1492,36
1487_altall,G,C,G,C,C,Q,H,C,G,K,K,H,1487_altall,1487,36
1508_altall,G,C,G,C,C,Q,H,C,G,K,K,H,1508_altall,1508,36
1507_map,G,C,G,C,C,Q,H,C,G,K,K,H,1507_map,1507,36
1504_alt5,G,C,G,C,C,Q,H,C,G,K,K,H,1504_alt5,1504,36
1486_alt2,G,C,G,C,C,Q,H,C,G,K,K,H,1486_alt2,1486,36
1502_alt5,G,C,G,C,C,Q,H,C,G,K,K,H,1502_alt5,1502,36
1501_alt4,G,C,G,C,C,Q,H,C,G,K,K,H,1501_alt4,1501,36
1499_alt2,G,C,G,C,C,Q,H,C,G,K,K,H,1499_alt2,1499,36
1523_alt5,G,C,G,C,C,Q,H,C,G,K,K,H,1523_alt5,1523,36
1519_alt5,G,C,G,C,C,Q,H,C,G,K,K,H,1519_alt5,1519,36
1520_map,G,C,G,C,C,Q,H,C,G,N,K,H,1520_map,1520,35
1517_altall,G,C,G,C,C,Q,H,C,G,K,K,H,1517_altall,1517,36
1515_alt2,G,C,G,C,C,Q,H,C,G,K,K,H,1515_alt2,1515,36
1512_alt4,G,C,G,C,C,Q,H,C,G,K,K,H,1512_alt4,1512,36
1458_alt3,G,C,G,C,C,Q,H,C,G,K,K,H,1458_alt3,1458,36
1459_map,G,C,G,C,C,Q,H,C,G,K,K,H,1459_map,1459,36
1483_alt3,G,C,G,C,C,Q,H,C,G,K,K,H,1483_alt3,1483,36
1462_altall,G,C,G,C,C,Q,H,C,G,K,K,H,1462_altall,1462,36
1472_alt5,G,C,G,C,C,Q,H,C,G,K,K,H,1472_alt5,1472,36
1471_alt3,G,C,G,C,C,Q,H,C,G,K,K,H,1471_alt3,1471,36
1466_alt3,G,C,G,C,C,Q,H,C,G,K,K,H,1466_alt3,1466,36
1468_alt4,G,C,G,C,C,Q,H,C,G,K,K,H,1468_alt4,1468,36
1474_alt2,G,C,G,C,C,Q,H,C,G,K,K,H,1474_alt2,1474,36
1476_alt2,G,C,G,C,C,Q,H,C,G,K,K,H,1476_alt2,1476,36
1478_altall,G,C,G,C,C,Q,H,C,G,K,K,H,1478_altall,1478,36
1476_alt3,G,C,G,C,C,Q,H,C,G,K,K,H,1476_alt3,1476,36
1455_alt4,G,C,G,C,C,Q,H,C,G,K,K,H,1455_alt4,1455,36
1352_alt2,G,C,G,C,C,Q,H,C,G,K,K,H,1352_alt2,1352,36
809_altall,G,C,G,C,C,Q,H,C,G,K,K,H,809_altall,809,36
818_alt4,G,C,A,C,C,Q,H,C,G,K,K,H,818_alt4,818,34
813_alt4,G,C,A,C,C,Q,H,C,G,K,K,H,813_alt4,813,34
814_alt2,G,C,A,C,C,Q,H,C,G,K,K,H,814_alt2,814,34
811_alt5,G,C,G,C,C,Q,H,C,G,K,K,H,811_alt5,811,36
802_alt2,G,C,G,C,C,Q,H,C,G,K,K,H,802_alt2,802,36
790_map,G,C,G,C,C,Q,H,C,G,K,K,H,790_map,790,36
789_alt3,G,C,G,C,C,Q,H,C,G,K,K,H,789_alt3,789,36
784_alt3,G,C,G,C,C,Q,H,C,G,K,K,H,784_alt3,784,36
773_alt5,G,C,G,C,C,Q,H,C,G,K,K,H,773_alt5,773,36
776_altall,G,C,G,C,C,Q,H,C,G,K,K,H,776_altall,776,36
779_alt5,G,C,G,C,C,Q,H,C,G,K,K,H,779_alt5,779,36
778_map,G,C,G,C,C,Q,H,C,G,K,K,H,778_map,778,36
771_alt4,G,C,G,C,C,Q,H,C,G,K,K,H,771_alt4,771,36
786_alt5,G,C,G,C,C,Q,H,C,G,K,K,H,786_alt5,786,36
792_alt4,G,C,G,C,C,Q,H,C,G,K,K,H,792_alt4,792,36
799_alt2,G,C,G,C,C,Q,H,C,G,T,K,H,799_alt2,799,35
801_alt4,G,C,G,C,C,Q,H,C,G,K,K,H,801_alt4,801,36
797_alt5,G,C,G,C,C,Q,H,C,G,T,K,H,797_alt5,797,35
803_alt4,G,C,G,C,C,Q,H,C,G,K,K,H,803_alt4,803,36
805_alt3,G,C,S,C,C,Q,H,C,G,K,K,H,805_alt3,805,34
808_alt4,G,C,G,C,C,Q,H,C,G,K,K,H,808_alt4,808,36
1527_alt4,G,C,G,C,C,Q,H,C,G,K,K,H,1527_alt4,1527,36
1529_alt2,G,C,G,C,C,Q,H,C,G,K,K,H,1529_alt2,1529,36
1529_alt5,G,C,G,C,C,Q,H,C,G,K,K,H,1529_alt5,1529,36
1533_alt2,G,C,G,C,C,Q,H,C,G,K,K,H,1533_alt2,1533,36
1537_alt4,G,C,G,C,C,Q,H,C,G,K,K,H,1537_alt4,1537,36
821_alt4,G,C,G,C,C,Q,H,C,G,K,K,H,821_alt4,821,36
Anf_Rhodoblastus_acidophilus,G,C,G,C,C,Q,H,C,G,K,K,H,Anf_Rhodoblastus_acidophilus,Anf_Rhodoblastus,36
Nif_Moorella_thermoacetica,G,C,A,C,C,Q,H,C,G,K,K,H,Nif_Moorella_thermoacetica,Nif_Moorella,34
Nif_Candidatus_Methanoperedens_sp_BLZ2,G,C,G,C,C,Q,H,C,G,K,K,H,Nif_Candidatus_Methanoperedens_sp_BLZ2,Nif_Candidatus_Methanoperedens_sp,36
Nif_Anaerocolumna_jejuensis,G,C,G,C,C,Q,H,C,G,K,K,H,Nif_Anaerocolumna_jejuensis,Nif_Anaerocolumna,36
Nif_Parasporobacterium_paucivorans,G,C,G,C,C,Q,H,C,G,K,K,H,Nif_Parasporobacterium_paucivorans,Nif_Parasporobacterium,36
Nif_Serpentinicella_alkaliphila,G,C,G,C,C,Q,H,C,G,K,K,H,Nif_Serpentinicella_alkaliphila,Nif_Serpentinicella,36
Nif_Firmicutes_bacterium_HGW-Firmicutes-8,G,C,G,C,C,Q,H,C,G,K,K,H,Nif_Firmicutes_bacterium_HGW-Firmicutes-8,Nif_Firmicutes_bacterium,36
Nif_Gordonibacter_sp_28C,G,C,G,C,C,Q,H,C,G,K,K,H,Nif_Gordonibacter_sp_28C,Nif_Gordonibacter_sp,36
Nif_Alkaliflexus_imshenetskii,G,C,G,C,C,Q,H,C,G,K,K,H,Nif_Alkaliflexus_imshenetskii,Nif_Alkaliflexus,36
Nif_Desulfospira_joergensenii,G,C,G,C,C,Q,H,C,G,K,K,H,Nif_Desulfospira_joergensenii,Nif_Desulfospira,36
Nif_Mangrovibacterium_diazotrophicum,G,C,G,C,C,Q,H,C,G,K,K,H,Nif_Mangrovibacterium_diazotrophicum,Nif_Mangrovibacterium,36
Nif_Smithella_sp_SC_K08D17,G,C,G,C,C,Q,H,C,G,K,K,H,Nif_Smithella_sp_SC_K08D17,Nif_Smithella_sp_SC,36
Nif_Dissulfuribacter_thermophilus,G,C,G,C,C,Q,H,C,G,K,K,H,Nif_Dissulfuribacter_thermophilus,Nif_Dissulfuribacter,36
Nif_Desulfocarbo_indianensis,G,C,G,C,C,Q,H,C,G,K,K,H,Nif_Desulfocarbo_indianensis,Nif_Desulfocarbo,36
Nif_Planctomycetaceae_bacterium,G,C,G,C,C,Q,H,C,G,K,K,H,Nif_Planctomycetaceae_bacterium,Nif_Planctomycetaceae,36
Nif_Phormidium_sp_HE10JO,G,C,G,C,C,Q,H,C,G,K,K,H,Nif_Phormidium_sp_HE10JO,Nif_Phormidium_sp,36
Nif_Martelella_sp_BGMRC2036,G,C,G,C,C,Q,H,C,G,K,K,H,Nif_Martelella_sp_BGMRC2036,Nif_Martelella_sp,36
Nif_Rhodobacteraceae_bacterium,G,C,G,C,C,Q,H,C,G,K,K,H,Nif_Rhodobacteraceae_bacterium,Nif_Rhodobacteraceae,36
Nif_Solimonas_aquatica,G,C,G,C,C,Q,H,C,G,K,K,H,Nif_Solimonas_aquatica,Nif_Solimonas,36
Nif_Acidihalobacter_prosperus,G,C,G,C,C,Q,H,C,G,K,K,H,Nif_Acidihalobacter_prosperus,Nif_Acidihalobacter,36
Nif_Serratia_sp_ATCC_39006,G,C,G,C,C,Q,H,C,G,R,K,H,Nif_Serratia_sp_ATCC_39006,Nif_Serratia_sp_ATCC,35
Nif_Proteobacteria_bacterium_CG1_02_64_396,G,C,G,C,C,Q,H,C,G,K,K,H,Nif_Proteobacteria_bacterium_CG1_02_64_396,Nif_Proteobacteria_bacterium_CG1_02_64,36
Nif_Varunaivibrio_sulfuroxidans,G,C,G,C,C,Q,H,C,G,K,K,H,Nif_Varunaivibrio_sulfuroxidans,Nif_Varunaivibrio,36
Nif_Geobacter_thiogenes,G,C,G,C,C,Q,H,C,G,K,K,H,Nif_Geobacter_thiogenes,Nif_Geobacter,36
Nif_Peptococcaceae_bacterium_CEB3,G,C,G,C,C,Q,H,C,G,K,K,H,Nif_Peptococcaceae_bacterium_CEB3,Nif_Peptococcaceae_bacterium,36
Nif_Kamptonema,G,C,G,C,C,Q,H,C,G,K,K,H,Nif_Kamptonema,Nif,36
Nif_Sulfuricurvum_kujiense,G,C,G,C,C,Q,H,C,G,K,K,H,Nif_Sulfuricurvum_kujiense,Nif_Sulfuricurvum,36
1212_altall,G,C,G,C,C,Q,H,C,G,K,K,H,1212_altall,1212,36
1214_map,G,C,G,C,C,Q,H,C,G,K,K,H,1214_map,1214,36
1217_map,G,C,G,C,C,Q,H,C,G,K,K,H,1217_map,1217,36
1211_alt3,G,C,G,C,C,Q,H,C,G,K,K,H,1211_alt3,1211,36
1220_alt4,G,C,G,C,C,Q,H,C,G,K,K,H,1220_alt4,1220,36
1222_alt5,G,C,G,C,C,Q,H,C,G,K,K,H,1222_alt5,1222,36
1224_alt5,G,C,G,C,C,Q,H,C,G,K,K,H,1224_alt5,1224,36
1228_alt2,G,C,G,C,C,Q,H,C,G,K,K,H,1228_alt2,1228,36
1225_alt2,G,C,G,C,C,Q,H,C,G,K,K,H,1225_alt2,1225,36
1240_altall,G,C,G,C,C,Q,H,C,G,K,K,H,1240_altall,1240,36
1245_map,G,C,G,C,C,Q,H,C,G,K,K,H,1245_map,1245,36
1242_map,G,C,G,C,C,Q,H,C,G,K,K,H,1242_map,1242,36
1247_alt3,G,C,G,C,C,Q,H,C,G,K,K,H,1247_alt3,1247,36
1238_alt2,G,C,G,C,C,Q,H,C,G,K,K,H,1238_alt2,1238,36
1249_alt4,G,C,G,C,C,Q,H,C,G,K,K,H,1249_alt4,1249,36
1264_alt4,G,C,G,C,C,Q,H,C,G,K,K,H,1264_alt4,1264,36
1252_map,G,C,G,C,C,Q,H,C,G,K,K,H,1252_map,1252,36
1259_alt3,G,C,G,C,C,Q,H,C,G,K,K,H,1259_alt3,1259,36
1256_alt2,G,C,G,C,C,Q,H,C,G,K,K,H,1256_alt2,1256,36
1255_alt5,G,C,G,C,C,Q,H,C,G,K,K,H,1255_alt5,1255,36
1251_alt3,G,C,G,C,C,Q,H,C,G,K,K,H,1251_alt3,1251,36
1267_alt2,G,C,G,C,C,Q,H,C,G,K,K,H,1267_alt2,1267,36
1268_alt4,G,C,G,C,C,Q,H,C,G,K,K,H,1268_alt4,1268,36
1273_altall,G,C,G,C,C,Q,H,C,G,K,K,H,1273_altall,1273,36
1276_alt2,G,C,G,C,C,Q,H,C,G,K,K,H,1276_alt2,1276,36
1275_alt3,G,C,G,C,C,Q,H,C,G,K,K,H,1275_alt3,1275,36
1272_alt3,G,C,G,C,C,Q,H,C,G,K,K,H,1272_alt3,1272,36
1282_alt3,G,C,G,C,C,Q,H,C,G,K,K,H,1282_alt3,1282,36
1284_map,G,C,G,C,C,Q,H,C,G,K,K,H,1284_map,1284,36
1285_alt2,G,C,G,C,C,Q,H,C,G,K,K,H,1285_alt2,1285,36
1234_altall,G,C,G,C,C,Q,H,C,G,K,K,H,1234_altall,1234,36
1236_alt3,G,C,G,C,C,Q,H,C,G,K,K,H,1236_alt3,1236,36
1286_map,G,C,G,C,C,Q,H,C,G,K,K,H,1286_map,1286,36
1303_altall,G,C,G,C,C,Q,H,C,G,K,K,H,1303_altall,1303,36
1300_alt4,G,C,G,C,C,Q,H,C,G,R,K,H,1300_alt4,1300,35
1302_alt2,G,C,G,C,C,Q,H,C,G,R,K,H,1302_alt2,1302,35
1297_alt2,G,C,G,C,C,Q,H,C,G,K,K,H,1297_alt2,1297,36
1294_alt5,G,C,G,C,C,Q,H,C,G,K,K,H,1294_alt5,1294,36
1306_alt5,G,C,G,C,C,Q,H,C,G,K,K,H,1306_alt5,1306,36
1329_alt5,G,C,G,C,C,Q,H,C,G,K,K,H,1329_alt5,1329,36
1321_altall,G,C,G,C,C,Q,H,C,G,K,K,H,1321_altall,1321,36
1324_altall,G,C,G,C,C,Q,H,C,G,K,K,H,1324_altall,1324,36
1326_map,G,C,G,C,C,Q,H,C,G,K,K,H,1326_map,1326,36
1325_map,G,C,G,C,C,Q,H,C,G,K,K,H,1325_map,1325,36
1309_alt4,G,C,G,C,C,Q,H,C,G,K,K,H,1309_alt4,1309,36
1313_alt5,G,C,G,C,C,Q,H,C,G,K,K,H,1313_alt5,1313,36
1315_alt4,G,C,G,C,C,Q,H,C,G,K,K,H,1315_alt4,1315,36
1310_alt4,G,C,G,C,C,Q,H,C,G,K,K,H,1310_alt4,1310,36
1333_altall,G,C,G,C,C,Q,H,C,G,K,K,H,1333_altall,1333,36
1331_map,G,C,G,C,C,Q,H,C,G,K,K,H,1331_map,1331,36
1335_alt5,G,C,G,C,C,Q,H,C,G,K,K,H,1335_alt5,1335,36
1307_alt2,G,C,G,C,C,Q,H,C,G,K,K,H,1307_alt2,1307,36
1338_altall,G,C,G,C,C,Q,H,C,G,K,K,H,1338_altall,1338,36
1290_alt3,G,C,G,C,C,Q,H,C,G,K,K,H,1290_alt3,1290,36
1289_alt3,G,C,G,C,C,Q,H,C,G,K,K,H,1289_alt3,1289,36
1339_alt4,G,C,G,C,C,Q,H,C,G,K,K,H,1339_alt4,1339,36
1342_altall,G,C,G,C,C,Q,H,C,G,K,K,H,1342_altall,1342,36
1344_map,G,C,G,C,C,Q,H,C,G,K,K,H,1344_map,1344,36
1209_alt5,G,C,G,C,C,Q,H,C,G,K,K,H,1209_alt5,1209,36
1346_alt3,G,C,G,C,C,Q,H,C,G,K,K,H,1346_alt3,1346,36
1349_altall,G,C,G,C,C,Q,H,C,G,K,K,H,1349_altall,1349,36
1348_map,G,C,G,C,C,Q,H,C,G,K,K,H,1348_map,1348,36
1352_alt3,G,C,G,C,C,Q,H,C,G,K,K,H,1352_alt3,1352,36
1453_map,G,C,G,C,C,Q,H,C,G,K,K,H,1453_map,1453,36
1448_alt4,G,C,G,C,C,Q,H,C,G,K,K,H,1448_alt4,1448,36
1448_alt5,G,C,G,C,C,Q,H,C,G,K,K,H,1448_alt5,1448,36
1356_altall,G,C,G,C,C,Q,H,C,G,K,K,H,1356_altall,1356,36
1443_altall,G,C,G,C,C,Q,H,C,G,K,K,H,1443_altall,1443,36
1443_alt2,G,C,G,C,C,Q,H,C,G,K,K,H,1443_alt2,1443,36
1357_altall,G,C,G,C,C,Q,H,C,G,K,K,H,1357_altall,1357,36
1364_alt4,G,C,G,C,C,Q,H,C,G,K,K,H,1364_alt4,1364,36
1370_altall,G,C,G,C,C,Q,H,C,G,K,K,H,1370_altall,1370,36
1368_alt5,G,C,G,C,C,Q,H,C,G,K,K,H,1368_alt5,1368,36
1366_altall,G,C,G,C,C,Q,H,C,G,K,K,H,1366_altall,1366,36
1402_alt2,G,C,G,C,C,Q,H,C,G,K,K,H,1402_alt2,1402,36
1404_map,G,C,G,C,C,Q,H,C,G,K,K,H,1404_map,1404,36
1385_altall,G,C,G,C,C,Q,H,C,G,K,K,H,1385_altall,1385,36
1390_alt4,G,C,G,C,C,Q,H,C,G,K,K,H,1390_alt4,1390,36
1394_alt5,G,C,G,C,C,Q,H,C,G,K,K,H,1394_alt5,1394,36
1396_altall,G,C,G,C,C,Q,H,C,G,K,K,H,1396_altall,1396,36
1399_alt4,G,C,G,C,C,Q,H,C,G,K,K,H,1399_alt4,1399,36
1393_alt2,G,C,G,C,C,Q,H,C,G,K,K,H,1393_alt2,1393,36
1387_map,G,C,G,C,C,Q,H,C,G,K,K,H,1387_map,1387,36
1384_alt5,G,C,G,C,C,Q,H,C,G,K,K,H,1384_alt5,1384,36
1380_map,G,C,G,C,C,Q,H,C,G,K,K,H,1380_map,1380,36
1375_alt2,G,C,G,C,C,Q,H,C,G,K,K,H,1375_alt2,1375,36
1376_alt5,G,C,G,C,C,Q,H,C,G,K,K,H,1376_alt5,1376,36
1378_alt3,G,C,G,C,C,Q,H,C,G,K,K,H,1378_alt3,1378,36
1359_altall,G,C,G,C,C,Q,H,C,G,K,K,H,1359_altall,1359,36
1360_alt5,G,C,G,C,C,Q,H,C,G,K,K,H,1360_alt5,1360,36
1408_altall,G,C,G,C,C,Q,H,C,G,K,K,H,1408_altall,1408,36
1412_alt3,G,C,G,C,C,Q,H,C,G,K,K,H,1412_alt3,1412,36
1427_alt4,G,C,G,C,C,Q,H,C,G,K,K,H,1427_alt4,1427,36
1427_map,G,C,G,C,C,Q,H,C,G,K,K,H,1427_map,1427,36
1417_altall,G,C,G,C,C,Q,H,C,G,K,K,H,1417_altall,1417,36
1424_alt2,G,C,G,C,C,Q,H,C,G,K,K,H,1424_alt2,1424,36
1422_alt5,G,C,G,C,C,Q,H,C,G,K,K,H,1422_alt5,1422,36
1419_alt2,G,C,G,C,C,Q,H,C,G,K,K,H,1419_alt2,1419,36
1414_alt2,G,C,G,C,C,Q,H,C,G,K,K,H,1414_alt2,1414,36
1412_map,G,C,G,C,C,Q,H,C,G,K,K,H,1412_map,1412,36
1411_alt3,G,C,G,C,C,Q,H,C,G,K,K,H,1411_alt3,1411,36
1434_map,G,C,G,C,C,Q,H,C,G,K,K,H,1434_map,1434,36
1438_alt2,G,C,G,C,C,Q,H,C,G,K,K,H,1438_alt2,1438,36
1432_alt4,G,C,G,C,C,Q,H,C,G,K,K,H,1432_alt4,1432,36
1439_map,G,C,G,C,C,Q,H,C,G,K,K,H,1439_map,1439,36
1355_alt5,G,C,G,C,C,Q,H,C,G,R,K,H,1355_alt5,1355,35
1495_alt3,G,C,G,C,C,Q,H,C,G,K,K,H,1495_alt3,1495,36
1490_altall,G,C,G,C,C,Q,H,C,G,K,K,H,1490_altall,1490,36
1492_alt2,G,C,G,C,C,Q,H,C,G,K,K,H,1492_alt2,1492,36
1487_alt4,G,C,G,C,C,Q,H,C,G,K,K,H,1487_alt4,1487,36
1509_altall,G,C,G,C,C,Q,H,C,G,K,K,H,1509_altall,1509,36
1507_alt3,G,C,G,C,C,Q,H,C,G,K,K,H,1507_alt3,1507,36
1510_altall,G,C,G,C,C,Q,H,C,G,K,K,H,1510_altall,1510,36
1486_altall,G,C,G,C,C,Q,H,C,G,K,K,H,1486_altall,1486,36
1498_alt2,G,C,G,C,C,Q,H,C,G,K,K,H,1498_alt2,1498,36
1501_map,G,C,G,C,C,Q,H,C,G,K,K,H,1501_map,1501,36
1499_alt4,G,C,G,C,C,Q,H,C,G,K,K,H,1499_alt4,1499,36
1523_alt4,G,C,G,C,C,Q,H,C,G,K,K,H,1523_alt4,1523,36
1519_alt3,G,C,G,C,C,Q,H,C,G,K,K,H,1519_alt3,1519,36
1520_alt2,G,C,G,C,C,Q,H,C,G,N,K,H,1520_alt2,1520,35
1513_alt4,G,C,G,C,C,Q,H,C,G,K,K,H,1513_alt4,1513,36
1515_alt3,G,C,G,C,C,Q,H,C,G,K,K,H,1515_alt3,1515,36
1512_altall,G,C,G,C,C,Q,H,C,G,K,K,H,1512_altall,1512,36
1458_alt5,G,C,G,C,C,Q,H,C,G,K,K,H,1458_alt5,1458,36
1459_alt5,G,C,G,C,C,Q,H,C,G,K,K,H,1459_alt5,1459,36
1483_alt4,G,C,G,C,C,Q,H,C,G,K,K,H,1483_alt4,1483,36
1463_alt4,G,C,G,C,C,Q,H,C,G,K,K,H,1463_alt4,1463,36
1472_alt4,G,C,G,C,C,Q,H,C,G,K,K,H,1472_alt4,1472,36
1471_map,G,C,G,C,C,Q,H,C,G,K,K,H,1471_map,1471,36
1466_altall,G,C,G,C,C,Q,H,C,G,K,K,H,1466_altall,1466,36
1467_alt3,G,C,G,C,C,Q,H,C,G,K,K,H,1467_alt3,1467,36
1475_altall,G,C,G,C,C,Q,H,C,G,K,K,H,1475_altall,1475,36
1476_alt4,G,C,G,C,C,Q,H,C,G,K,K,H,1476_alt4,1476,36
1478_alt4,G,C,G,C,C,Q,H,C,G,K,K,H,1478_alt4,1478,36
1474_altall,G,C,G,C,C,Q,H,C,G,K,K,H,1474_altall,1474,36
1455_alt3,G,C,G,C,C,Q,H,C,G,K,K,H,1455_alt3,1455,36
1345_alt5,G,C,G,C,C,Q,H,C,G,K,K,H,1345_alt5,1345,36
810_altall,G,C,G,C,C,Q,H,C,G,K,K,H,810_altall,810,36
818_alt5,G,C,A,C,C,Q,H,C,G,K,K,H,818_alt5,818,34
813_map,G,C,A,C,C,Q,H,C,G,K,K,H,813_map,813,34
814_alt5,G,C,A,C,C,Q,H,C,G,K,K,H,814_alt5,814,34
811_map,G,C,G,C,C,Q,H,C,G,K,K,H,811_map,811,36
802_alt3,G,C,G,C,C,Q,H,C,G,K,K,H,802_alt3,802,36
790_alt4,G,C,G,C,C,Q,H,C,G,K,K,H,790_alt4,790,36
787_altall,G,C,G,C,C,Q,H,C,G,K,K,H,787_altall,787,36
784_alt2,G,C,G,C,C,Q,H,C,G,K,K,H,784_alt2,784,36
773_map,G,C,G,C,C,Q,H,C,G,K,K,H,773_map,773,36
775_alt3,G,C,G,C,C,Q,H,C,G,K,K,H,775_alt3,775,36
779_map,G,C,G,C,C,Q,H,C,G,K,K,H,779_map,779,36
774_alt3,G,C,G,C,C,Q,H,C,G,K,K,H,774_alt3,774,36
771_map,G,C,G,C,C,Q,H,C,G,K,K,H,771_map,771,36
786_map,G,C,G,C,C,Q,H,C,G,K,K,H,786_map,786,36
792_alt2,G,C,G,C,C,Q,H,C,G,K,K,H,792_alt2,792,36
799_map,G,C,G,C,C,Q,H,C,G,T,K,H,799_map,799,35
801_alt5,G,C,G,C,C,Q,H,C,G,K,K,H,801_alt5,801,36
796_alt3,G,C,G,C,C,Q,H,C,G,T,K,H,796_alt3,796,35
803_alt2,G,C,G,C,C,Q,H,C,G,K,K,H,803_alt2,803,36
805_alt5,G,C,S,C,C,Q,H,C,G,K,K,H,805_alt5,805,34
808_altall,G,C,G,C,C,Q,H,C,G,K,K,H,808_altall,808,36
1527_altall,G,C,G,C,C,Q,H,C,G,K,K,H,1527_altall,1527,36
1529_alt4,G,C,G,C,C,Q,H,C,G,K,K,H,1529_alt4,1529,36
1529_alt3,G,C,G,C,C,Q,H,C,G,K,K,H,1529_alt3,1529,36
1533_alt3,G,C,G,C,C,Q,H,C,G,K,K,H,1533_alt3,1533,36
1537_altall,G,C,G,C,C,Q,H,C,G,K,K,H,1537_altall,1537,36
821_alt3,G,C,G,C,C,Q,H,C,G,K,K,H,821_alt3,821,36
Anf_Geobacter_thiogenes,G,C,G,C,C,Q,H,C,G,K,K,H,Anf_Geobacter_thiogenes,Anf_Geobacter,36
Vnf_Desulfobacter_curvatus,G,C,G,C,C,Q,H,C,G,K,K,H,Vnf_Desulfobacter_curvatus,Vnf_Desulfobacter,36
Nif_uncultured_archaeon,G,C,G,C,C,Q,H,C,G,K,K,H,Nif_uncultured_archaeon,Nif_uncultured,36
Nif_Lachnospiraceae_bacterium_Marseille-P3773,G,C,G,C,C,Q,H,C,G,K,K,H,Nif_Lachnospiraceae_bacterium_Marseille-P3773,Nif_Lachnospiraceae_bacterium,36
Nif_Clostridium_fimetarium,G,C,G,C,C,Q,H,C,G,K,K,H,Nif_Clostridium_fimetarium,Nif_Clostridium,36
Nif_Anaeroarcus_burkinensis,G,C,G,C,C,Q,H,C,G,K,K,H,Nif_Anaeroarcus_burkinensis,Nif_Anaeroarcus,36
Nif_Desulfotomaculum_ferrireducens,G,C,G,C,C,Q,H,C,G,K,K,H,Nif_Desulfotomaculum_ferrireducens,Nif_Desulfotomaculum,36
Nif_Desulfuribacillus_alkaliarsenatis,G,C,G,C,C,Q,H,C,G,K,K,H,Nif_Desulfuribacillus_alkaliarsenatis,Nif_Desulfuribacillus,36
Nif_Natronoflexus_pectinivorans,G,C,G,C,C,Q,H,C,G,K,K,H,Nif_Natronoflexus_pectinivorans,Nif_Natronoflexus,36
Nif_Desulfatibacillum_aliphaticivorans,G,C,G,C,C,Q,H,C,G,K,K,H,Nif_Desulfatibacillum_aliphaticivorans,Nif_Desulfatibacillum,36
Nif_Candidatus_Margulisbacteria_bacterium_GWD2_39_127,G,C,G,C,C,Q,H,C,D,K,K,H,Nif_Candidatus_Margulisbacteria_bacterium_GWD2_39_127,Nif_Candidatus_Margulisbacteria_bacterium_GWD2_39,35
Nif_Syntrophorhabdaceae_bacterium_PtaU1Bin034,G,C,G,C,C,Q,H,C,G,K,K,H,Nif_Syntrophorhabdaceae_bacterium_PtaU1Bin034,Nif_Syntrophorhabdaceae_bacterium,36
Nif_Spirochaeta_thermophila,G,C,G,C,C,Q,H,C,G,K,K,H,Nif_Spirochaeta_thermophila,Nif_Spirochaeta,36
Nif_Desulfomicrobium_apsheronum,G,C,G,C,C,Q,H,C,G,K,K,H,Nif_Desulfomicrobium_apsheronum,Nif_Desulfomicrobium,36
Nif_Lentisphaerae_bacterium_GWF2_50_93,G,C,G,C,C,Q,H,C,G,K,K,H,Nif_Lentisphaerae_bacterium_GWF2_50_93,Nif_Lentisphaerae_bacterium_GWF2_50,36
Nif_Geitlerinema_sp_PCC_9228,G,C,G,C,C,Q,H,C,G,K,K,H,Nif_Geitlerinema_sp_PCC_9228,Nif_Geitlerinema_sp_PCC,36
Nif_Zymomonas_mobilis,G,C,G,C,C,Q,H,C,G,K,K,H,Nif_Zymomonas_mobilis,Nif_Zymomonas,36
Nif_Rhodothalassium_salexigens,G,C,G,C,C,Q,H,C,G,K,K,H,Nif_Rhodothalassium_salexigens,Nif_Rhodothalassium,36
Nif_Hydrogenophilales_bacterium_16-64-40,G,C,G,C,C,Q,H,C,D,K,K,H,Nif_Hydrogenophilales_bacterium_16-64-40,Nif_Hydrogenophilales_bacterium,35
Nif_Thioflavicoccus_mobilis,G,C,G,C,C,Q,H,C,G,K,K,H,Nif_Thioflavicoccus_mobilis,Nif_Thioflavicoccus,36
Nif_Sodalis_sp_159R,G,C,G,C,C,Q,H,C,G,K,K,H,Nif_Sodalis_sp_159R,Nif_Sodalis_sp,36
Nif_Mariprofundus_ferrooxydans,G,C,G,C,C,Q,H,C,G,K,K,H,Nif_Mariprofundus_ferrooxydans,Nif_Mariprofundus,36
Nif_Magnetovibrio_blakemorei,G,C,G,C,C,Q,H,C,G,K,K,H,Nif_Magnetovibrio_blakemorei,Nif_Magnetovibrio,36
Nif_Desulfuromonas_acetexigens,G,C,G,C,C,Q,H,C,G,K,K,H,Nif_Desulfuromonas_acetexigens,Nif_Desulfuromonas,36
Nif_Desulfosporosinus_fructosivorans,G,C,G,C,C,Q,H,C,G,K,K,H,Nif_Desulfosporosinus_fructosivorans,Nif_Desulfosporosinus,36
Nif_Vulcanococcus_limneticus,G,C,G,C,C,Q,H,C,G,K,K,H,Nif_Vulcanococcus_limneticus,Nif_Vulcanococcus,36
Nif_Wolinella_succinogenes,G,C,G,C,C,Q,H,C,G,K,K,H,Nif_Wolinella_succinogenes,Nif_Wolinella,36
1213_alt5,G,C,G,C,C,Q,H,C,G,K,K,H,1213_alt5,1213,36
1214_alt4,G,C,G,C,C,Q,H,C,G,K,K,H,1214_alt4,1214,36
1217_alt5,G,C,G,C,C,Q,H,C,G,K,K,H,1217_alt5,1217,36
1211_alt4,G,C,G,C,C,Q,H,C,G,K,K,H,1211_alt4,1211,36
1220_alt2,G,C,G,C,C,Q,H,C,G,K,K,H,1220_alt2,1220,36
1222_map,G,C,G,C,C,Q,H,C,G,K,K,H,1222_map,1222,36
1224_alt3,G,C,G,C,C,Q,H,C,G,K,K,H,1224_alt3,1224,36
1228_map,G,C,G,C,C,Q,H,C,G,K,K,H,1228_map,1228,36
1225_map,G,C,G,C,C,Q,H,C,G,K,K,H,1225_map,1225,36
1240_alt4,G,C,G,C,C,Q,H,C,G,K,K,H,1240_alt4,1240,36
1245_alt3,G,C,G,C,C,Q,H,C,G,K,K,H,1245_alt3,1245,36
1242_alt5,G,C,G,C,C,Q,H,C,G,K,K,H,1242_alt5,1242,36
1247_alt5,G,C,G,C,C,Q,H,C,G,K,K,H,1247_alt5,1247,36
1238_altall,G,C,G,C,C,Q,H,C,G,K,K,H,1238_altall,1238,36
1251_altall,G,C,G,C,C,Q,H,C,G,K,K,H,1251_altall,1251,36
1263_altall,G,C,G,C,C,Q,H,C,G,K,K,H,1263_altall,1263,36
1256_map,G,C,G,C,C,Q,H,C,G,K,K,H,1256_map,1256,36
1259_altall,G,C,G,C,C,Q,H,C,G,K,K,H,1259_altall,1259,36
1256_alt3,G,C,G,C,C,Q,H,C,G,K,K,H,1256_alt3,1256,36
1255_alt4,G,C,G,C,C,Q,H,C,G,K,K,H,1255_alt4,1255,36
1250_altall,G,C,G,C,C,Q,H,C,G,K,K,H,1250_altall,1250,36
1267_alt4,G,C,G,C,C,Q,H,C,G,K,K,H,1267_alt4,1267,36
1268_map,G,C,G,C,C,Q,H,C,G,K,K,H,1268_map,1268,36
1278_altall,G,C,G,C,C,Q,H,C,G,K,K,H,1278_altall,1278,36
1276_alt3,G,C,G,C,C,Q,H,C,G,K,K,H,1276_alt3,1276,36
1274_altall,G,C,G,C,C,Q,H,C,G,K,K,H,1274_altall,1274,36
1272_alt5,G,C,G,C,C,Q,H,C,G,K,K,H,1272_alt5,1272,36
1282_alt2,G,C,G,C,C,Q,H,C,G,K,K,H,1282_alt2,1282,36
1284_alt3,G,C,G,C,C,Q,H,C,G,K,K,H,1284_alt3,1284,36
1285_map,G,C,G,C,C,Q,H,C,G,K,K,H,1285_map,1285,36
1234_alt3,G,C,G,C,C,Q,H,C,G,K,K,H,1234_alt3,1234,36
1236_alt5,G,C,G,C,C,Q,H,C,G,K,K,H,1236_alt5,1236,36
1290_map,G,C,G,C,C,Q,H,C,G,K,K,H,1290_map,1290,36
1303_alt3,G,C,G,C,C,Q,H,C,G,K,K,H,1303_alt3,1303,36
1300_alt2,G,C,G,C,C,Q,H,C,G,R,K,H,1300_alt2,1300,35
1302_alt5,G,C,G,C,C,Q,H,C,G,R,K,H,1302_alt5,1302,35
1297_alt4,G,C,G,C,C,Q,H,C,G,K,K,H,1297_alt4,1297,36
1294_alt4,G,C,G,C,C,Q,H,C,G,K,K,H,1294_alt4,1294,36
1306_altall,G,C,G,C,C,Q,H,C,G,K,K,H,1306_altall,1306,36
1329_altall,G,C,G,C,C,Q,H,C,G,K,K,H,1329_altall,1329,36
1321_alt5,G,C,G,C,C,Q,H,C,G,K,K,H,1321_alt5,1321,36
1324_alt3,G,C,G,C,C,Q,H,C,G,K,K,H,1324_alt3,1324,36
1326_alt5,G,C,G,C,C,Q,H,C,G,K,K,H,1326_alt5,1326,36
1325_alt2,G,C,G,C,C,Q,H,C,G,K,K,H,1325_alt2,1325,36
1309_alt3,G,C,G,C,C,Q,H,C,G,K,K,H,1309_alt3,1309,36
1313_altall,G,C,G,C,C,Q,H,C,G,K,K,H,1313_altall,1313,36
1315_altall,G,C,G,C,C,Q,H,C,G,K,K,H,1315_altall,1315,36
1310_map,G,C,G,C,C,Q,H,C,G,K,K,H,1310_map,1310,36
1333_alt2,G,C,G,C,C,Q,H,C,G,K,K,H,1333_alt2,1333,36
1331_alt4,G,C,G,C,C,Q,H,C,G,K,K,H,1331_alt4,1331,36
1330_alt3,G,C,G,C,C,Q,H,C,G,K,K,H,1330_alt3,1330,36
1306_map,G,C,G,C,C,Q,H,C,G,K,K,H,1306_map,1306,36
1337_altall,G,C,G,C,C,Q,H,C,G,K,K,H,1337_altall,1337,36
1286_alt2,G,C,G,C,C,Q,H,C,G,K,K,H,1286_alt2,1286,36
1289_alt5,G,C,G,C,C,Q,H,C,G,K,K,H,1289_alt5,1289,36
1339_map,G,C,G,C,C,Q,H,C,G,K,K,H,1339_map,1339,36
1342_alt5,G,C,G,C,C,Q,H,C,G,K,K,H,1342_alt5,1342,36
1344_alt5,G,C,G,C,C,Q,H,C,G,K,K,H,1344_alt5,1344,36
1209_alt4,G,C,G,C,C,Q,H,C,G,K,K,H,1209_alt4,1209,36
1347_alt3,G,C,G,C,C,Q,H,C,G,K,K,H,1347_alt3,1347,36
1349_alt2,G,C,G,C,C,Q,H,C,G,K,K,H,1349_alt2,1349,36
1348_alt4,G,C,G,C,C,Q,H,C,G,K,K,H,1348_alt4,1348,36
1353_altall,G,C,G,C,C,Q,H,C,G,K,K,H,1353_altall,1353,36
1453_alt5,G,C,G,C,C,Q,H,C,G,K,K,H,1453_alt5,1453,36
1448_alt2,G,C,G,C,C,Q,H,C,G,K,K,H,1448_alt2,1448,36
1448_map,G,C,G,C,C,Q,H,C,G,K,K,H,1448_map,1448,36
1356_alt4,G,C,G,C,C,Q,H,C,G,K,K,H,1356_alt4,1356,36
1444_alt2,G,C,G,C,C,Q,H,C,G,K,K,H,1444_alt2,1444,36
1443_alt4,G,C,G,C,C,Q,H,C,G,K,K,H,1443_alt4,1443,36
1358_alt3,G,C,G,C,C,Q,H,C,G,K,K,H,1358_alt3,1358,36
1364_alt2,G,C,G,C,C,Q,H,C,G,K,K,H,1364_alt2,1364,36
1370_alt5,G,C,G,C,C,Q,H,C,G,K,K,H,1370_alt5,1370,36
1368_alt3,G,C,G,C,C,Q,H,C,G,K,K,H,1368_alt3,1368,36
1365_alt4,G,C,G,C,C,Q,H,C,G,K,K,H,1365_alt4,1365,36
1402_alt4,G,C,G,C,C,Q,H,C,G,K,K,H,1402_alt4,1402,36
1404_alt2,G,C,G,C,C,Q,H,C,G,K,K,H,1404_alt2,1404,36
1386_alt3,G,C,G,C,C,Q,H,C,G,K,K,H,1386_alt3,1386,36
1391_map,G,C,G,C,C,Q,H,C,G,K,K,H,1391_map,1391,36
1394_alt2,G,C,G,C,C,Q,H,C,G,K,K,H,1394_alt2,1394,36
1395_alt4,G,C,G,C,C,Q,H,C,G,K,K,H,1395_alt4,1395,36
1399_alt5,G,C,G,C,C,Q,H,C,G,K,K,H,1399_alt5,1399,36
1393_altall,G,C,G,C,C,Q,H,C,G,K,K,H,1393_altall,1393,36
1387_alt5,G,C,G,C,C,Q,H,C,G,K,K,H,1387_alt5,1387,36
1384_alt3,G,C,G,C,C,Q,H,C,G,K,K,H,1384_alt3,1384,36
1380_alt3,G,C,G,C,C,Q,H,C,G,K,K,H,1380_alt3,1380,36
1375_alt4,G,C,G,C,C,Q,H,C,G,K,K,H,1375_alt4,1375,36
1376_alt2,G,C,G,C,C,Q,H,C,G,K,K,H,1376_alt2,1376,36
1378_map,G,C,G,C,C,Q,H,C,G,K,K,H,1378_map,1378,36
1360_altall,G,C,G,C,C,Q,H,C,G,K,K,H,1360_altall,1360,36
1360_alt4,G,C,G,C,C,Q,H,C,G,K,K,H,1360_alt4,1360,36
1408_alt5,G,C,G,C,C,Q,H,C,G,K,K,H,1408_alt5,1408,36
1412_alt2,G,C,G,C,C,Q,H,C,G,K,K,H,1412_alt2,1412,36
1427_alt2,G,C,G,C,C,Q,H,C,G,K,K,H,1427_alt2,1427,36
1427_altall,G,C,G,C,C,Q,H,C,G,K,K,H,1427_altall,1427,36
1418_altall,G,C,G,C,C,Q,H,C,G,K,K,H,1418_altall,1418,36
1424_map,G,C,G,C,C,Q,H,C,G,K,K,H,1424_map,1424,36
1422_alt3,G,C,G,C,C,Q,H,C,G,K,K,H,1422_alt3,1422,36
1419_altall,G,C,G,C,C,Q,H,C,G,K,K,H,1419_altall,1419,36
1414_map,G,C,G,C,C,Q,H,C,G,K,K,H,1414_map,1414,36
1412_alt5,G,C,G,C,C,Q,H,C,G,K,K,H,1412_alt5,1412,36
1411_alt2,G,C,G,C,C,Q,H,C,G,K,K,H,1411_alt2,1411,36
1435_alt3,G,C,G,C,C,Q,H,C,G,K,K,H,1435_alt3,1435,36
1438_alt5,G,C,G,C,C,Q,H,C,G,K,K,H,1438_alt5,1438,36
1432_altall,G,C,G,C,C,Q,H,C,G,K,K,H,1432_altall,1432,36
1439_alt2,G,C,G,C,C,Q,H,C,G,K,K,H,1439_alt2,1439,36
1355_alt4,G,C,G,C,C,Q,H,C,G,R,K,H,1355_alt4,1355,35
1494_alt3,G,C,G,C,C,Q,H,C,G,K,K,H,1494_alt3,1494,36
1493_alt2,G,C,G,C,C,Q,H,C,G,K,K,H,1493_alt2,1493,36
1492_map,G,C,G,C,C,Q,H,C,G,K,K,H,1492_map,1492,36
1487_map,G,C,G,C,C,Q,H,C,G,K,K,H,1487_map,1487,36
1509_alt4,G,C,G,C,C,Q,H,C,G,K,K,H,1509_alt4,1509,36
1507_alt2,G,C,G,C,C,Q,H,C,G,K,K,H,1507_alt2,1507,36
1510_alt4,G,C,G,C,C,Q,H,C,G,K,K,H,1510_alt4,1510,36
1498_alt4,G,C,G,C,C,Q,H,C,G,K,K,H,1498_alt4,1498,36
1498_alt3,G,C,G,C,C,Q,H,C,G,K,K,H,1498_alt3,1498,36
1501_alt2,G,C,G,C,C,Q,H,C,G,K,K,H,1501_alt2,1501,36
1511_alt2,G,C,G,C,C,Q,H,C,G,K,K,H,1511_alt2,1511,36
1523_alt3,G,C,G,C,C,Q,H,C,G,K,K,H,1523_alt3,1523,36
1519_alt4,G,C,G,C,C,Q,H,C,G,K,K,H,1519_alt4,1519,36
1519_map,G,C,G,C,C,Q,H,C,G,K,K,H,1519_map,1519,36
1513_map,G,C,G,C,C,Q,H,C,G,K,K,H,1513_map,1513,36
1515_alt5,G,C,G,C,C,Q,H,C,G,K,K,H,1515_alt5,1515,36
1454_altall,G,C,G,C,C,Q,H,C,G,K,K,H,1454_altall,1454,36
1458_alt2,G,C,G,C,C,Q,H,C,G,K,K,H,1458_alt2,1458,36
1484_alt4,G,C,G,C,C,Q,H,C,G,K,K,H,1484_alt4,1484,36
1483_map,G,C,G,C,C,Q,H,C,G,K,K,H,1483_map,1483,36
1463_map,G,C,G,C,C,Q,H,C,G,K,K,H,1463_map,1463,36
1464_alt4,G,C,G,C,C,Q,H,C,G,K,K,H,1464_alt4,1464,36
1471_alt4,G,C,G,C,C,Q,H,C,G,K,K,H,1471_alt4,1471,36
1466_alt5,G,C,G,C,C,Q,H,C,G,K,K,H,1466_alt5,1466,36
1467_map,G,C,G,C,C,Q,H,C,G,K,K,H,1467_map,1467,36
1475_alt3,G,C,G,C,C,Q,H,C,G,K,K,H,1475_alt3,1475,36
1477_alt5,G,C,G,C,C,Q,H,C,G,K,K,H,1477_alt5,1477,36
1478_map,G,C,G,C,C,Q,H,C,G,K,K,H,1478_map,1478,36
1463_altall,G,C,G,C,C,Q,H,C,G,K,K,H,1463_altall,1463,36
1455_map,G,C,G,C,C,Q,H,C,G,K,K,H,1455_map,1455,36
1206_alt3,G,C,G,C,C,Q,H,C,G,K,K,H,1206_alt3,1206,36
813_altall,G,C,A,C,C,Q,H,C,G,K,K,H,813_altall,813,34
818_alt3,G,C,A,C,C,Q,H,C,G,K,K,H,818_alt3,818,34
813_alt3,G,C,A,C,C,Q,H,C,G,K,K,H,813_alt3,813,34
810_alt5,G,C,G,C,C,Q,H,C,G,K,K,H,810_alt5,810,36
811_alt3,G,C,G,C,C,Q,H,C,G,K,K,H,811_alt3,811,36
802_altall,G,C,G,C,C,Q,H,C,G,K,K,H,802_altall,802,36
791_alt4,G,C,G,C,C,Q,H,C,G,K,K,H,791_alt4,791,36
787_alt5,G,C,G,C,C,Q,H,C,G,K,K,H,787_alt5,787,36
784_altall,G,C,G,C,C,Q,H,C,G,K,K,H,784_altall,784,36
773_alt4,G,C,G,C,C,Q,H,C,G,K,K,H,773_alt4,773,36
774_map,G,C,G,C,C,Q,H,C,G,K,K,H,774_map,774,36
779_alt3,G,C,G,C,C,Q,H,C,G,K,K,H,779_alt3,779,36
774_alt4,G,C,G,C,C,Q,H,C,G,K,K,H,774_alt4,774,36
771_alt5,G,C,G,C,C,Q,H,C,G,K,K,H,771_alt5,771,36
787_map,G,C,G,C,C,Q,H,C,G,K,K,H,787_map,787,36
792_map,G,C,G,C,C,Q,H,C,G,K,K,H,792_map,792,36
799_alt4,G,C,G,C,C,Q,H,C,G,T,K,H,799_alt4,799,35
801_map,G,C,G,C,C,Q,H,C,G,K,K,H,801_map,801,36
796_alt4,G,C,G,C,C,Q,H,C,G,T,K,H,796_alt4,796,35
804_alt5,G,C,S,C,C,Q,H,C,G,K,K,H,804_alt5,804,34
805_alt2,G,C,S,C,C,Q,H,C,G,K,K,H,805_alt2,805,34
820_altall,G,C,G,C,C,Q,H,C,G,K,K,H,820_altall,820,36
1528_map,G,C,G,C,C,Q,H,C,G,K,K,H,1528_map,1528,36
1531_alt3,G,C,G,C,C,Q,H,C,G,K,K,H,1531_alt3,1531,36
1530_alt5,G,C,G,C,C,Q,H,C,G,K,K,H,1530_alt5,1530,36
1533_altall,G,C,G,C,C,Q,H,C,G,K,K,H,1533_altall,1533,36
1536_altall,G,C,G,C,C,Q,H,C,G,K,K,H,1536_altall,1536,36
Anf_Anaerocolumna_jejuensis,G,C,G,C,C,Q,H,C,G,K,K,H,Anf_Anaerocolumna_jejuensis,Anf_Anaerocolumna,36
Anf_Desulfovibrio_desulfuricans,G,C,G,C,C,Q,H,C,G,V,K,H,Anf_Desulfovibrio_desulfuricans,Anf_Desulfovibrio,35
Nif_Methanococcus_maripaludis,G,C,S,C,C,Q,H,C,G,K,K,H,Nif_Methanococcus_maripaludis,Nif_Methanococcus,34
Nif_Caldicellulosiruptor_saccharolyticus,G,C,G,C,C,Q,H,C,G,K,K,H,Nif_Caldicellulosiruptor_saccharolyticus,Nif_Caldicellulosiruptor,36
Nif_Massilibacillus_massiliensis,G,C,G,C,C,Q,H,C,G,K,K,H,Nif_Massilibacillus_massiliensis,Nif_Massilibacillus,36
Nif_Youngiibacter_fragilis,G,C,G,C,C,Q,H,C,G,K,K,H,Nif_Youngiibacter_fragilis,Nif_Youngiibacter,36
Nif_Anaerospora_hongkongensis,G,C,G,C,C,Q,H,C,G,K,K,H,Nif_Anaerospora_hongkongensis,Nif_Anaerospora,36
Nif_Dethiobacter_alkaliphilus,G,C,G,C,C,Q,H,C,D,K,K,H,Nif_Dethiobacter_alkaliphilus,Nif_Dethiobacter,35
Nif_Halocella_sp_SP3-1,G,C,G,C,C,Q,H,C,G,K,K,H,Nif_Halocella_sp_SP3-1,Nif_Halocella_sp,36
Nif_Bacteroidales_bacterium_Barb6XT,G,C,G,C,C,Q,H,C,G,K,K,H,Nif_Bacteroidales_bacterium_Barb6XT,Nif_Bacteroidales_bacterium,36
Nif_Desulfatitalea_sp_BRH_c12,G,C,G,C,C,Q,H,C,G,K,K,H,Nif_Desulfatitalea_sp_BRH_c12,Nif_Desulfatitalea_sp_BRH,36
Nif_Candidatus_Marispirochaeta_associata,G,C,G,C,C,Q,H,C,G,K,K,H,Nif_Candidatus_Marispirochaeta_associata,Nif_Candidatus_Marispirochaeta,36
Nif_Syntrophus_gentianae,G,C,G,C,C,Q,H,C,G,K,K,H,Nif_Syntrophus_gentianae,Nif_Syntrophus,36
Nif_Spirochaetes_bacterium_GWE1_32_154,G,C,G,C,C,Q,H,C,G,K,K,H,Nif_Spirochaetes_bacterium_GWE1_32_154,Nif_Spirochaetes_bacterium_GWE1_32,36
Nif_Pseudodesulfovibrio_hydrargyri,G,C,G,C,C,Q,H,C,G,K,K,H,Nif_Pseudodesulfovibrio_hydrargyri,Nif_Pseudodesulfovibrio,36
Nif_Lentisphaerae_bacterium_GWF2_57_35,G,C,G,C,C,Q,H,C,G,K,K,H,Nif_Lentisphaerae_bacterium_GWF2_57_35,Nif_Lentisphaerae_bacterium_GWF2_57,36
Nif_Clostridiales_bacterium_43-6,G,C,G,C,C,Q,H,C,G,K,K,H,Nif_Clostridiales_bacterium_43-6,Nif_Clostridiales_bacterium,36
Nif_Rhizobiales_bacterium,G,C,G,C,C,Q,H,C,G,K,K,H,Nif_Rhizobiales_bacterium,Nif_Rhizobiales,36
Nif_Geminicoccaceae_bacterium,G,C,G,C,C,Q,H,C,G,K,K,H,Nif_Geminicoccaceae_bacterium,Nif_Geminicoccaceae,36
Nif_Methyloglobulus_morosus,G,C,G,C,C,Q,H,C,G,K,K,H,Nif_Methyloglobulus_morosus,Nif_Methyloglobulus,36
Nif_Azoarcus_sp_CC-YHH838,G,C,G,C,C,Q,H,C,G,K,K,H,Nif_Azoarcus_sp_CC-YHH838,Nif_Azoarcus_sp,36
Nif_Tolumonas_lignilytica,G,C,G,C,C,Q,H,C,G,K,K,H,Nif_Tolumonas_lignilytica,Nif_Tolumonas,36
Nif_Methylomonas_koyamae,G,C,G,C,C,Q,H,C,G,K,K,H,Nif_Methylomonas_koyamae,Nif_Methylomonas,36
Nif_bacterium_BMS3Abin12,G,C,G,C,C,Q,H,C,G,K,K,H,Nif_bacterium_BMS3Abin12,Nif_bacterium,36
Nif_Geothermobacter_sp_EPR-M,G,C,G,C,C,Q,H,C,G,K,K,H,Nif_Geothermobacter_sp_EPR-M,Nif_Geothermobacter_sp,36
Nif_Desulfurobacterium_atlanticum,G,C,G,C,C,Q,H,C,G,K,K,H,Nif_Desulfurobacterium_atlanticum,Nif_Desulfurobacterium,36
Nif_Planktothrix_tepida,G,C,G,C,C,Q,H,C,G,K,K,H,Nif_Planktothrix_tepida,Nif_Planktothrix,36
Nif_Sulfurovum_sp_FS08-3,G,C,G,C,C,Q,H,C,G,K,K,H,Nif_Sulfurovum_sp_FS08-3,Nif_Sulfurovum_sp,36
1213_map,G,C,G,C,C,Q,H,C,G,K,K,H,1213_map,1213,36
1214_alt2,G,C,G,C,C,Q,H,C,G,K,K,H,1214_alt2,1214,36
1218_altall,G,C,G,C,C,Q,H,C,G,K,K,H,1218_altall,1218,36
1211_alt2,G,C,G,C,C,Q,H,C,G,K,K,H,1211_alt2,1211,36
1220_altall,G,C,G,C,C,Q,H,C,G,K,K,H,1220_altall,1220,36
1222_alt2,G,C,G,C,C,Q,H,C,G,K,K,H,1222_alt2,1222,36
1225_alt5,G,C,G,C,C,Q,H,C,G,K,K,H,1225_alt5,1225,36
1228_alt4,G,C,G,C,C,Q,H,C,G,K,K,H,1228_alt4,1228,36
1225_alt3,G,C,G,C,C,Q,H,C,G,K,K,H,1225_alt3,1225,36
1243_altall,G,C,G,C,C,Q,H,C,G,K,K,H,1243_altall,1243,36
1243_alt2,G,C,G,C,C,Q,H,C,G,K,K,H,1243_alt2,1243,36
1241_alt5,G,C,G,C,C,Q,H,C,G,K,K,H,1241_alt5,1241,36
1246_altall,G,C,G,C,C,Q,H,C,G,K,K,H,1246_altall,1246,36
1238_alt3,G,C,G,C,C,Q,H,C,G,K,K,H,1238_alt3,1238,36
1261_alt2,G,C,G,C,C,Q,H,C,G,K,K,H,1261_alt2,1261,36
1263_alt2,G,C,G,C,C,Q,H,C,G,K,K,H,1263_alt2,1263,36
1256_altall,G,C,G,C,C,Q,H,C,G,K,K,H,1256_altall,1256,36
1257_alt3,G,C,G,C,C,Q,H,C,G,K,K,H,1257_alt3,1257,36
1256_alt4,G,C,G,C,C,Q,H,C,G,K,K,H,1256_alt4,1256,36
1255_map,G,C,G,C,C,Q,H,C,G,K,K,H,1255_map,1255,36
1250_alt5,G,C,G,C,C,Q,H,C,G,K,K,H,1250_alt5,1250,36
1265_altall,G,C,G,C,C,Q,H,C,G,K,K,H,1265_altall,1265,36
1268_alt5,G,C,G,C,C,Q,H,C,G,K,K,H,1268_alt5,1268,36
1278_alt3,G,C,G,C,C,Q,H,C,G,K,K,H,1278_alt3,1278,36
1276_map,G,C,G,C,C,Q,H,C,G,K,K,H,1276_map,1276,36
1274_map,G,C,G,C,C,Q,H,C,G,K,K,H,1274_map,1274,36
1272_alt4,G,C,G,C,C,Q,H,C,G,K,K,H,1272_alt4,1272,36
1282_alt5,G,C,G,C,C,Q,H,C,G,K,K,H,1282_alt5,1282,36
1282_alt4,G,C,G,C,C,Q,H,C,G,K,K,H,1282_alt4,1282,36
1285_alt3,G,C,G,C,C,Q,H,C,G,K,K,H,1285_alt3,1285,36
1234_alt2,G,C,G,C,C,Q,H,C,G,K,K,H,1234_alt2,1234,36
1236_alt2,G,C,G,C,C,Q,H,C,G,K,K,H,1236_alt2,1236,36
1291_altall,G,C,G,C,C,Q,H,C,G,K,K,H,1291_altall,1291,36
1303_alt2,G,C,G,C,C,Q,H,C,G,K,K,H,1303_alt2,1303,36
1300_map,G,C,G,C,C,Q,H,C,G,R,K,H,1300_map,1300,35
1300_altall,G,C,G,C,C,Q,H,C,G,R,K,H,1300_altall,1300,35
1296_alt3,G,C,G,C,C,Q,H,C,G,K,K,H,1296_alt3,1296,36
1304_altall,G,C,G,C,C,Q,H,C,G,K,K,H,1304_altall,1304,36
1308_alt5,G,C,G,C,C,Q,H,C,G,K,K,H,1308_alt5,1308,36
1328_alt5,G,C,G,C,C,Q,H,C,G,K,K,H,1328_alt5,1328,36
1321_alt4,G,C,G,C,C,Q,H,C,G,K,K,H,1321_alt4,1321,36
1324_alt2,G,C,G,C,C,Q,H,C,G,K,K,H,1324_alt2,1324,36
1326_alt3,G,C,G,C,C,Q,H,C,G,K,K,H,1326_alt3,1326,36
1319_alt2,G,C,G,C,C,Q,H,C,G,K,K,H,1319_alt2,1319,36
1309_alt5,G,C,G,C,C,Q,H,C,G,K,K,H,1309_alt5,1309,36
1314_altall,G,C,G,C,C,Q,H,C,G,K,K,H,1314_altall,1314,36
1316_alt5,G,C,G,C,C,Q,H,C,G,K,K,H,1316_alt5,1316,36
1310_alt3,G,C,G,C,C,Q,H,C,G,K,K,H,1310_alt3,1310,36
1333_alt5,G,C,G,C,C,Q,H,C,G,K,K,H,1333_alt5,1333,36
1330_alt4,G,C,G,C,C,Q,H,C,G,K,K,H,1330_alt4,1330,36
1330_map,G,C,G,C,C,Q,H,C,G,K,K,H,1330_map,1330,36
1306_alt3,G,C,G,C,C,Q,H,C,G,K,K,H,1306_alt3,1306,36
1337_alt3,G,C,G,C,C,Q,H,C,G,K,K,H,1337_alt3,1337,36
1286_alt4,G,C,G,C,C,Q,H,C,G,K,K,H,1286_alt4,1286,36
1289_map,G,C,G,C,C,Q,H,C,G,K,K,H,1289_map,1289,36
1339_alt3,G,C,G,C,C,Q,H,C,G,K,K,H,1339_alt3,1339,36
1341_alt2,G,C,G,C,C,Q,H,C,G,K,K,H,1341_alt2,1341,36
1341_alt5,G,C,G,C,C,Q,H,C,G,K,K,H,1341_alt5,1341,36
1208_alt3,G,C,G,C,C,Q,H,C,G,K,K,H,1208_alt3,1208,36
1347_map,G,C,G,C,C,Q,H,C,G,K,K,H,1347_map,1347,36
1351_altall,G,C,G,C,C,Q,H,C,G,K,K,H,1351_altall,1351,36
1348_alt2,G,C,G,C,C,Q,H,C,G,K,K,H,1348_alt2,1348,36
1446_altall,G,C,G,C,C,Q,H,C,G,K,K,H,1446_altall,1446,36
1452_alt5,G,C,G,C,C,Q,H,C,G,K,K,H,1452_alt5,1452,36
1449_altall,G,C,G,C,C,Q,H,C,G,K,K,H,1449_altall,1449,36
1448_alt3,G,C,G,C,C,Q,H,C,G,K,K,H,1448_alt3,1448,36
1356_alt2,G,C,G,C,C,Q,H,C,G,K,K,H,1356_alt2,1356,36
1444_alt3,G,C,G,C,C,Q,H,C,G,K,K,H,1444_alt3,1444,36
1443_map,G,C,G,C,C,Q,H,C,G,K,K,H,1443_map,1443,36
1358_altall,G,C,G,C,C,Q,H,C,G,K,K,H,1358_altall,1358,36
1365_altall,G,C,G,C,C,Q,H,C,G,K,K,H,1365_altall,1365,36
1371_alt5,G,C,G,C,C,Q,H,C,G,K,K,H,1371_alt5,1371,36
1367_alt4,G,C,G,C,C,Q,H,C,G,K,K,H,1367_alt4,1367,36
1372_altall,G,C,G,C,C,Q,H,C,G,K,K,H,1372_altall,1372,36
1402_alt5,G,C,G,C,C,Q,H,C,G,K,K,H,1402_alt5,1402,36
1404_alt4,G,C,G,C,C,Q,H,C,G,K,K,H,1404_alt4,1404,36
1386_alt4,G,C,G,C,C,Q,H,C,G,K,K,H,1386_alt4,1386,36
1391_alt5,G,C,G,C,C,Q,H,C,G,K,K,H,1391_alt5,1391,36
1394_altall,G,C,G,C,C,Q,H,C,G,K,K,H,1394_altall,1394,36
1394_map,G,C,G,C,C,Q,H,C,G,K,K,H,1394_map,1394,36
1399_altall,G,C,G,C,C,Q,H,C,G,K,K,H,1399_altall,1399,36
1393_map,G,C,G,C,C,Q,H,C,G,K,K,H,1393_map,1393,36
1387_alt2,G,C,G,C,C,Q,H,C,G,K,K,H,1387_alt2,1387,36
1384_altall,G,C,G,C,C,Q,H,C,G,K,K,H,1384_altall,1384,36
1380_altall,G,C,G,C,C,Q,H,C,G,K,K,H,1380_altall,1380,36
1375_alt5,G,C,G,C,C,Q,H,C,G,K,K,H,1375_alt5,1375,36
1374_alt5,G,C,G,C,C,Q,H,C,G,K,K,H,1374_alt5,1374,36
1378_alt4,G,C,G,C,C,Q,H,C,G,K,K,H,1378_alt4,1378,36
1361_altall,G,C,G,C,C,Q,H,C,G,K,K,H,1361_altall,1361,36
1360_map,G,C,G,C,C,Q,H,C,G,K,K,H,1360_map,1360,36
1408_alt4,G,C,G,C,C,Q,H,C,G,K,K,H,1408_alt4,1408,36
1412_altall,G,C,G,C,C,Q,H,C,G,K,K,H,1412_altall,1412,36
1428_alt2,G,C,G,C,C,Q,H,C,G,K,K,H,1428_alt2,1428,36
1426_altall,G,C,G,C,C,Q,H,C,G,K,K,H,1426_altall,1426,36
1418_alt2,G,C,G,C,C,Q,H,C,G,K,K,H,1418_alt2,1418,36
1424_alt5,G,C,G,C,C,Q,H,C,G,K,K,H,1424_alt5,1424,36
1422_alt2,G,C,G,C,C,Q,H,C,G,K,K,H,1422_alt2,1422,36
1419_alt5,G,C,G,C,C,Q,H,C,G,K,K,H,1419_alt5,1419,36
1413_map,G,C,G,C,C,Q,H,C,G,K,K,H,1413_map,1413,36
1409_alt4,G,C,G,C,C,Q,H,C,G,K,K,H,1409_alt4,1409,36
1409_alt2,G,C,G,C,C,Q,H,C,G,K,K,H,1409_alt2,1409,36
1435_alt4,G,C,G,C,C,Q,H,C,G,K,K,H,1435_alt4,1435,36
1438_altall,G,C,G,C,C,Q,H,C,G,K,K,H,1438_altall,1438,36
1433_altall,G,C,G,C,C,Q,H,C,G,K,K,H,1433_altall,1433,36
1439_alt4,G,C,G,C,C,Q,H,C,G,K,K,H,1439_alt4,1439,36
1355_map,G,C,G,C,C,Q,H,C,G,R,K,H,1355_map,1355,35
1494_altall,G,C,G,C,C,Q,H,C,G,K,K,H,1494_altall,1494,36
1493_alt3,G,C,G,C,C,Q,H,C,G,K,K,H,1493_alt3,1493,36
1492_alt5,G,C,G,C,C,Q,H,C,G,K,K,H,1492_alt5,1492,36
1487_alt2,G,C,G,C,C,Q,H,C,G,K,K,H,1487_alt2,1487,36
1509_alt5,G,C,G,C,C,Q,H,C,G,K,K,H,1509_alt5,1509,36
1507_altall,G,C,G,C,C,Q,H,C,G,K,K,H,1507_altall,1507,36
1510_alt2,G,C,G,C,C,Q,H,C,G,K,K,H,1510_alt2,1510,36
1502_alt3,G,C,G,C,C,Q,H,C,G,K,K,H,1502_alt3,1502,36
1498_map,G,C,G,C,C,Q,H,C,G,K,K,H,1498_map,1498,36
1501_alt5,G,C,G,C,C,Q,H,C,G,K,K,H,1501_alt5,1501,36
1511_alt5,G,C,G,C,C,Q,H,C,G,K,K,H,1511_alt5,1511,36
1524_altall,G,C,G,C,C,Q,H,C,G,K,K,H,1524_altall,1524,36
1521_altall,G,C,G,C,C,Q,H,C,G,K,K,H,1521_altall,1521,36
1519_alt2,G,C,G,C,C,Q,H,C,G,K,K,H,1519_alt2,1519,36
1513_alt2,G,C,G,C,C,Q,H,C,G,K,K,H,1513_alt2,1513,36
1515_map,G,C,G,C,C,Q,H,C,G,K,K,H,1515_map,1515,36
1454_alt2,G,C,G,C,C,Q,H,C,G,K,K,H,1454_alt2,1454,36
1458_map,G,C,G,C,C,Q,H,C,G,K,K,H,1458_map,1458,36
1484_alt3,G,C,G,C,C,Q,H,C,G,K,K,H,1484_alt3,1484,36
1483_alt5,G,C,G,C,C,Q,H,C,G,K,K,H,1483_alt5,1483,36
1464_altall,G,C,G,C,C,Q,H,C,G,K,K,H,1464_altall,1464,36
1464_alt5,G,C,G,C,C,Q,H,C,G,K,K,H,1464_alt5,1464,36
1471_alt5,G,C,G,C,C,Q,H,C,G,K,K,H,1471_alt5,1471,36
1466_alt4,G,C,G,C,C,Q,H,C,G,K,K,H,1466_alt4,1466,36
1467_alt5,G,C,G,C,C,Q,H,C,G,K,K,H,1467_alt5,1467,36
1475_alt2,G,C,G,C,C,Q,H,C,G,K,K,H,1475_alt2,1475,36
1477_alt4,G,C,G,C,C,Q,H,C,G,K,K,H,1477_alt4,1477,36
1477_alt3,G,C,G,C,C,Q,H,C,G,K,K,H,1477_alt3,1477,36
1462_alt2,G,C,G,C,C,Q,H,C,G,K,K,H,1462_alt2,1462,36
1454_alt4,G,C,G,C,C,Q,H,C,G,K,K,H,1454_alt4,1454,36
1206_altall,G,C,G,C,C,Q,H,C,G,K,K,H,1206_altall,1206,36
813_alt2,G,C,A,C,C,Q,H,C,G,K,K,H,813_alt2,813,34
818_alt2,G,C,A,C,C,Q,H,C,G,K,K,H,818_alt2,818,34
813_alt5,G,C,A,C,C,Q,H,C,G,K,K,H,813_alt5,813,34
810_map,G,C,G,C,C,Q,H,C,G,K,K,H,810_map,810,36
810_alt2,G,C,G,C,C,Q,H,C,G,K,K,H,810_alt2,810,36
793_alt3,G,C,G,C,C,Q,H,C,G,K,K,H,793_alt3,793,36
791_altall,G,C,G,C,C,Q,H,C,G,K,K,H,791_altall,791,36
787_alt3,G,C,G,C,C,Q,H,C,G,K,K,H,787_alt3,787,36
784_alt4,G,C,G,C,C,Q,H,C,G,K,K,H,784_alt4,784,36
773_alt2,G,C,G,C,C,Q,H,C,G,K,K,H,773_alt2,773,36
774_alt2,G,C,G,C,C,Q,H,C,G,K,K,H,774_alt2,774,36
778_alt2,G,C,G,C,C,Q,H,C,G,K,K,H,778_alt2,778,36
774_altall,G,C,G,C,C,Q,H,C,G,K,K,H,774_altall,774,36
781_map,G,C,G,C,C,Q,H,C,G,K,K,H,781_map,781,36
787_alt4,G,C,G,C,C,Q,H,C,G,K,K,H,787_alt4,787,36
793_alt5,G,C,G,C,C,Q,H,C,G,K,K,H,793_alt5,793,36
799_alt5,G,C,G,C,C,Q,H,C,G,T,K,H,799_alt5,799,35
801_alt3,G,C,G,C,C,Q,H,C,G,K,K,H,801_alt3,801,36
796_alt5,G,C,G,C,C,Q,H,C,G,T,K,H,796_alt5,796,35
804_alt2,G,C,S,C,C,Q,H,C,G,K,K,H,804_alt2,804,34
804_alt4,G,C,S,C,C,Q,H,C,G,K,K,H,804_alt4,804,34
820_alt4,G,C,G,C,C,Q,H,C,G,K,K,H,820_alt4,820,36
1528_alt3,G,C,G,C,C,Q,H,C,G,K,K,H,1528_alt3,1528,36
1532_alt4,G,C,G,C,C,Q,H,C,G,K,K,H,1532_alt4,1532,36
1530_map,G,C,G,C,C,Q,H,C,G,K,K,H,1530_map,1530,36
1534_altall,G,C,G,C,C,Q,H,C,G,K,K,H,1534_altall,1534,36
1536_alt4,G,C,G,C,C,Q,H,C,G,K,K,H,1536_alt4,1536,36
Anf_Clostridium_pasteurianum,G,C,G,C,C,Q,H,C,V,K,K,H,Anf_Clostridium_pasteurianum,Anf_Clostridium,35
Anf_Methanosarcina_acetivorans_C2A,G,C,G,C,C,Q,H,C,G,K,K,H,Anf_Methanosarcina_acetivorans_C2A,Anf_Methanosarcina_acetivorans,36
Nif_Methanothermobacter_thermautotrophicus,G,C,S,C,C,Q,H,C,G,K,K,H,Nif_Methanothermobacter_thermautotrophicus,Nif_Methanothermobacter,34
Nif_Desulfobacteraceae_bacterium_Eth-SRB1,G,C,S,C,C,Q,H,C,G,K,K,H,Nif_Desulfobacteraceae_bacterium_Eth-SRB1,Nif_Desulfobacteraceae_bacterium,34
Nif_Propionispira_arboris,G,C,G,C,C,Q,H,C,G,K,K,H,Nif_Propionispira_arboris,Nif_Propionispira,36
Nif_Oxobacter_pfennigii,G,C,G,C,C,Q,H,C,G,R,K,H,Nif_Oxobacter_pfennigii,Nif_Oxobacter,35
Nif_Clostridiales_bacterium_DRI-13,H,C,G,C,C,Q,H,C,G,K,K,H,Nif_Clostridiales_bacterium_DRI-13,Nif_Clostridiales_bacterium,34
Nif_Desulfocucumis_palustris,G,C,G,C,C,Q,H,C,G,K,K,H,Nif_Desulfocucumis_palustris,Nif_Desulfocucumis,36
Nif_Halanaerobium_salsuginis,G,C,G,C,C,Q,H,C,G,K,K,H,Nif_Halanaerobium_salsuginis,Nif_Halanaerobium,36
Nif_Dysgonomonas_capnocytophagoides,G,C,G,C,C,Q,H,C,G,K,K,H,Nif_Dysgonomonas_capnocytophagoides,Nif_Dysgonomonas,36
Nif_Desulfobacteraceae_bacterium,G,C,G,C,C,Q,H,C,G,K,K,H,Nif_Desulfobacteraceae_bacterium,Nif_Desulfobacteraceae,36
Nif_Chlorobium_chlorochromatii,G,C,G,C,C,Q,H,C,G,K,K,H,Nif_Chlorobium_chlorochromatii,Nif_Chlorobium,36
Nif_Holophaga_foetida,G,C,G,C,C,Q,H,C,G,K,K,H,Nif_Holophaga_foetida,Nif_Holophaga,36
Nif_Treponema_primitia,G,C,G,C,C,Q,H,C,G,K,K,H,Nif_Treponema_primitia,Nif_Treponema,36
Nif_Deltaproteobacteria_bacterium_HGW-Deltaproteobacteria-8,G,C,G,C,C,Q,H,C,G,K,K,H,Nif_Deltaproteobacteria_bacterium_HGW-Deltaproteobacteria-8,Nif_Deltaproteobacteria_bacterium,36
Nif_Dehalococcoides_mccartyi,G,C,G,C,C,Q,H,C,G,K,K,H,Nif_Dehalococcoides_mccartyi,Nif_Dehalococcoides,36
Nif_Ilyobacter_polytropus,G,C,G,C,C,Q,H,C,G,K,K,H,Nif_Ilyobacter_polytropus,Nif_Ilyobacter,36
Nif_Pleomorphomonas_carboxyditropha,G,C,G,C,C,Q,H,C,G,K,K,H,Nif_Pleomorphomonas_carboxyditropha,Nif_Pleomorphomonas,36
Nif_Defluviimonas_alba,G,C,G,C,C,Q,H,C,G,K,K,H,Nif_Defluviimonas_alba,Nif_Defluviimonas,36
Nif_Derxia_gummosa,G,C,G,C,C,Q,H,C,G,K,K,H,Nif_Derxia_gummosa,Nif_Derxia,36
Nif_Betaproteobacteria_bacterium_HGW-Betaproteobacteria-11,G,C,G,C,C,Q,H,C,G,K,K,H,Nif_Betaproteobacteria_bacterium_HGW-Betaproteobacteria-11,Nif_Betaproteobacteria_bacterium,36
Vnf_Tolumonas_lignilytica,G,C,G,C,C,Q,H,C,G,T,K,H,Vnf_Tolumonas_lignilytica,Vnf_Tolumonas,35
Nif_Candidatus_Thiosymbion_oneisti,G,C,G,C,C,Q,H,C,G,K,K,H,Nif_Candidatus_Thiosymbion_oneisti,Nif_Candidatus_Thiosymbion,36
Nif_Alphaproteobacteria_bacterium,G,C,G,C,C,Q,H,C,G,K,K,H,Nif_Alphaproteobacteria_bacterium,Nif_Alphaproteobacteria,36
Nif_Geoalkalibacter_ferrihydriticus,G,C,G,C,C,Q,H,C,G,K,K,H,Nif_Geoalkalibacter_ferrihydriticus,Nif_Geoalkalibacter,36
Nif_Actinobacteria_bacterium_HGW-Actinobacteria-10,G,C,G,C,C,Q,H,C,G,K,K,H,Nif_Actinobacteria_bacterium_HGW-Actinobacteria-10,Nif_Actinobacteria_bacterium,36
Nif_Leptolyngbya_sp_JSC-1,G,C,G,C,C,Q,H,C,G,K,K,H,Nif_Leptolyngbya_sp_JSC-1,Nif_Leptolyngbya_sp,36
Nif_archaeon_BMS3Abin16,G,C,G,C,C,Q,H,C,G,K,K,H,Nif_archaeon_BMS3Abin16,Nif_archaeon,36
1213_alt3,G,C,G,C,C,Q,H,C,G,K,K,H,1213_alt3,1213,36
1213_alt4,G,C,G,C,C,Q,H,C,G,K,K,H,1213_alt4,1213,36
1218_alt2,G,C,G,C,C,Q,H,C,G,K,K,H,1218_alt2,1218,36
1211_map,G,C,G,C,C,Q,H,C,G,K,K,H,1211_map,1211,36
1221_alt3,G,C,G,C,C,Q,H,C,G,K,K,H,1221_alt3,1221,36
1222_altall,G,C,G,C,C,Q,H,C,G,K,K,H,1222_altall,1222,36
1225_alt4,G,C,G,C,C,Q,H,C,G,K,K,H,1225_alt4,1225,36
1228_altall,G,C,G,C,C,Q,H,C,G,K,K,H,1228_altall,1228,36
1225_altall,G,C,G,C,C,Q,H,C,G,K,K,H,1225_altall,1225,36
1243_alt3,G,C,G,C,C,Q,H,C,G,K,K,H,1243_alt3,1243,36
1243_alt4,G,C,G,C,C,Q,H,C,G,K,K,H,1243_alt4,1243,36
1241_map,G,C,G,C,C,Q,H,C,G,K,K,H,1241_map,1241,36
1246_alt4,G,C,G,C,C,Q,H,C,G,K,K,H,1246_alt4,1246,36
1237_alt2,G,C,G,C,C,Q,H,C,G,K,K,H,1237_alt2,1237,36
1261_alt3,G,C,G,C,C,Q,H,C,G,K,K,H,1261_alt3,1261,36
1261_alt4,G,C,G,C,C,Q,H,C,G,K,K,H,1261_alt4,1261,36
1257_altall,G,C,G,C,C,Q,H,C,G,K,K,H,1257_altall,1257,36
1257_alt4,G,C,G,C,C,Q,H,C,G,K,K,H,1257_alt4,1257,36
1252_alt2,G,C,G,C,C,Q,H,C,G,K,K,H,1252_alt2,1252,36
1255_alt2,G,C,G,C,C,Q,H,C,G,K,K,H,1255_alt2,1255,36
1250_alt2,G,C,G,C,C,Q,H,C,G,K,K,H,1250_alt2,1250,36
1266_alt3,G,C,G,C,C,Q,H,C,G,K,K,H,1266_alt3,1266,36
1268_alt2,G,C,G,C,C,Q,H,C,G,K,K,H,1268_alt2,1268,36
1278_alt2,G,C,G,C,C,Q,H,C,G,K,K,H,1278_alt2,1278,36
1276_alt4,G,C,G,C,C,Q,H,C,G,K,K,H,1276_alt4,1276,36
1274_alt3,G,C,G,C,C,Q,H,C,G,K,K,H,1274_alt3,1274,36
1272_altall,G,C,G,C,C,Q,H,C,G,K,K,H,1272_altall,1272,36
1282_altall,G,C,G,C,C,Q,H,C,G,K,K,H,1282_altall,1282,36
1281_map,G,C,G,C,C,Q,H,C,G,K,K,H,1281_map,1281,36
1269_alt2,G,C,G,C,C,Q,H,C,G,K,K,H,1269_alt2,1269,36
1234_map,G,C,G,C,C,Q,H,C,G,K,K,H,1234_map,1234,36
1236_map,G,C,G,C,C,Q,H,C,G,K,K,H,1236_map,1236,36
1291_alt5,G,C,G,C,C,Q,H,C,G,K,K,H,1291_alt5,1291,36
1303_map,G,C,G,C,C,Q,H,C,G,K,K,H,1303_map,1303,36
1300_alt5,G,C,G,C,C,Q,H,C,G,R,K,H,1300_alt5,1300,35
1299_altall,G,C,G,C,C,Q,H,C,G,R,K,H,1299_altall,1299,35
1296_alt4,G,C,G,C,C,Q,H,C,G,K,K,H,1296_alt4,1296,36
1305_altall,G,C,G,C,C,Q,H,C,G,K,K,H,1305_altall,1305,36
1308_alt2,G,C,G,C,C,Q,H,C,G,K,K,H,1308_alt2,1308,36
1328_alt4,G,C,G,C,C,Q,H,C,G,K,K,H,1328_alt4,1328,36
1321_map,G,C,G,C,C,Q,H,C,G,K,K,H,1321_map,1321,36
1324_map,G,C,G,C,C,Q,H,C,G,K,K,H,1324_map,1324,36
1326_altall,G,C,G,C,C,Q,H,C,G,K,K,H,1326_altall,1326,36
1319_map,G,C,G,C,C,Q,H,C,G,K,K,H,1319_map,1319,36
1309_altall,G,C,G,C,C,Q,H,C,G,K,K,H,1309_altall,1309,36
1314_alt2,G,C,G,C,C,Q,H,C,G,K,K,H,1314_alt2,1314,36
1316_altall,G,C,G,C,C,Q,H,C,G,K,K,H,1316_altall,1316,36
1310_altall,G,C,G,C,C,Q,H,C,G,K,K,H,1310_altall,1310,36
1333_map,G,C,G,C,C,Q,H,C,G,K,K,H,1333_map,1333,36
1335_alt3,G,C,G,C,C,Q,H,C,G,K,K,H,1335_alt3,1335,36
1330_alt5,G,C,G,C,C,Q,H,C,G,K,K,H,1330_alt5,1330,36
1304_alt3,G,C,G,C,C,Q,H,C,G,K,K,H,1304_alt3,1304,36
1337_alt4,G,C,G,C,C,Q,H,C,G,K,K,H,1337_alt4,1337,36
1287_altall,G,C,G,C,C,Q,H,C,G,K,K,H,1287_altall,1287,36
1287_alt4,G,C,G,C,C,Q,H,C,G,K,K,H,1287_alt4,1287,36
1339_alt2,G,C,G,C,C,Q,H,C,G,K,K,H,1339_alt2,1339,36
1341_altall,G,C,G,C,C,Q,H,C,G,K,K,H,1341_altall,1341,36
1340_alt3,G,C,G,C,C,Q,H,C,G,K,K,H,1340_alt3,1340,36
1208_alt5,G,C,G,C,C,Q,H,C,G,K,K,H,1208_alt5,1208,36
1347_alt4,G,C,G,C,C,Q,H,C,G,K,K,H,1347_alt4,1347,36
1351_alt3,G,C,G,C,C,Q,H,C,G,K,K,H,1351_alt3,1351,36
1348_altall,G,C,G,C,C,Q,H,C,G,K,K,H,1348_altall,1348,36
1447_alt3,G,C,G,C,C,Q,H,C,G,K,K,H,1447_alt3,1447,36
1452_alt2,G,C,G,C,C,Q,H,C,G,K,K,H,1452_alt2,1452,36
1449_alt2,G,C,G,C,C,Q,H,C,G,K,K,H,1449_alt2,1449,36
1446_alt5,G,C,G,C,C,Q,H,C,G,K,K,H,1446_alt5,1446,36
1356_map,G,C,G,C,C,Q,H,C,G,K,K,H,1356_map,1356,36
1444_map,G,C,G,C,C,Q,H,C,G,K,K,H,1444_map,1444,36
1443_alt3,G,C,G,C,C,Q,H,C,G,K,K,H,1443_alt3,1443,36
1359_alt4,G,C,G,C,C,Q,H,C,G,K,K,H,1359_alt4,1359,36
1367_alt2,G,C,G,C,C,Q,H,C,G,K,K,H,1367_alt2,1367,36
1371_alt2,G,C,G,C,C,Q,H,C,G,K,K,H,1371_alt2,1371,36
1367_altall,G,C,G,C,C,Q,H,C,G,K,K,H,1367_altall,1367,36
1382_alt4,G,C,G,C,C,Q,H,C,G,K,K,H,1382_alt4,1382,36
1402_map,G,C,G,C,C,Q,H,C,G,K,K,H,1402_map,1402,36
1404_alt3,G,C,G,C,C,Q,H,C,G,K,K,H,1404_alt3,1404,36
1388_map,G,C,G,C,C,Q,H,C,G,K,K,H,1388_map,1388,36
1391_alt3,G,C,G,C,C,Q,H,C,G,K,K,H,1391_alt3,1391,36
1394_alt3,G,C,G,C,C,Q,H,C,G,K,K,H,1394_alt3,1394,36
1394_alt4,G,C,G,C,C,Q,H,C,G,K,K,H,1394_alt4,1394,36
1399_alt2,G,C,G,C,C,Q,H,C,G,K,K,H,1399_alt2,1399,36
1393_alt5,G,C,G,C,C,Q,H,C,G,K,K,H,1393_alt5,1393,36
1387_alt4,G,C,G,C,C,Q,H,C,G,K,K,H,1387_alt4,1387,36
1384_alt2,G,C,G,C,C,Q,H,C,G,K,K,H,1384_alt2,1384,36
1380_alt2,G,C,G,C,C,Q,H,C,G,K,K,H,1380_alt2,1380,36
1375_altall,G,C,G,C,C,Q,H,C,G,K,K,H,1375_altall,1375,36
1374_map,G,C,G,C,C,Q,H,C,G,K,K,H,1374_map,1374,36
1378_alt5,G,C,G,C,C,Q,H,C,G,K,K,H,1378_alt5,1378,36
1362_altall,G,C,G,C,C,Q,H,C,G,K,K,H,1362_altall,1362,36
1360_alt2,G,C,G,C,C,Q,H,C,G,K,K,H,1360_alt2,1360,36
1408_alt3,G,C,G,C,C,Q,H,C,G,K,K,H,1408_alt3,1408,36
1413_alt5,G,C,G,C,C,Q,H,C,G,K,K,H,1413_alt5,1413,36
1428_alt5,G,C,G,C,C,Q,H,C,G,K,K,H,1428_alt5,1428,36
1426_alt4,G,C,G,C,C,Q,H,C,G,K,K,H,1426_alt4,1426,36
1418_alt4,G,C,G,C,C,Q,H,C,G,K,K,H,1418_alt4,1418,36
1423_altall,G,C,G,C,C,Q,H,C,G,K,K,H,1423_altall,1423,36
1422_map,G,C,G,C,C,Q,H,C,G,K,K,H,1422_map,1422,36
1416_map,G,C,G,C,C,Q,H,C,G,K,K,H,1416_map,1416,36
1413_alt3,G,C,G,C,C,Q,H,C,G,K,K,H,1413_alt3,1413,36
1409_alt3,G,C,G,C,C,Q,H,C,G,K,K,H,1409_alt3,1409,36
1406_altall,G,C,G,C,C,Q,H,C,G,K,K,H,1406_altall,1406,36
1435_alt5,G,C,G,C,C,Q,H,C,G,K,K,H,1435_alt5,1435,36
1438_alt4,G,C,G,C,C,Q,H,C,G,K,K,H,1438_alt4,1438,36
1433_map,G,C,G,C,C,Q,H,C,G,K,K,H,1433_map,1433,36
1439_altall,G,C,G,C,C,Q,H,C,G,K,K,H,1439_altall,1439,36
1355_alt3,G,C,G,C,C,Q,H,C,G,R,K,H,1355_alt3,1355,35
1494_alt4,G,C,G,C,C,Q,H,C,G,K,K,H,1494_alt4,1494,36
1493_altall,G,C,G,C,C,Q,H,C,G,K,K,H,1493_altall,1493,36
1492_alt3,G,C,G,C,C,Q,H,C,G,K,K,H,1492_alt3,1492,36
1496_alt2,G,C,G,C,C,Q,H,C,G,K,K,H,1496_alt2,1496,36
1509_alt3,G,C,G,C,C,Q,H,C,G,K,K,H,1509_alt3,1509,36
1505_alt2,G,C,G,C,C,Q,H,C,G,K,K,H,1505_alt2,1505,36
1510_alt5,G,C,G,C,C,Q,H,C,G,K,K,H,1510_alt5,1510,36
1502_map,G,C,G,C,C,Q,H,C,G,K,K,H,1502_map,1502,36
1498_alt5,G,C,G,C,C,Q,H,C,G,K,K,H,1498_alt5,1498,36
1499_altall,G,C,G,C,C,Q,H,C,G,K,K,H,1499_altall,1499,36
1511_alt4,G,C,G,C,C,Q,H,C,G,K,K,H,1511_alt4,1511,36
1524_alt2,G,C,G,C,C,Q,H,C,G,K,K,H,1524_alt2,1524,36
1521_alt4,G,C,G,C,C,Q,H,C,G,K,K,H,1521_alt4,1521,36
1518_alt5,G,C,G,C,C,Q,H,C,G,K,K,H,1518_alt5,1518,36
1513_alt3,G,C,G,C,C,Q,H,C,G,K,K,H,1513_alt3,1513,36
1515_alt4,G,C,G,C,C,Q,H,C,G,K,K,H,1515_alt4,1515,36
1454_alt5,G,C,G,C,C,Q,H,C,G,K,K,H,1454_alt5,1454,36
1458_alt4,G,C,G,C,C,Q,H,C,G,K,K,H,1458_alt4,1458,36
1484_map,G,C,G,C,C,Q,H,C,G,K,K,H,1484_map,1484,36
1461_alt2,G,C,G,C,C,Q,H,C,G,K,K,H,1461_alt2,1461,36
1472_altall,G,C,G,C,C,Q,H,C,G,K,K,H,1472_altall,1472,36
1464_alt3,G,C,G,C,C,Q,H,C,G,K,K,H,1464_alt3,1464,36
1471_altall,G,C,G,C,C,Q,H,C,G,K,K,H,1471_altall,1471,36
1466_map,G,C,G,C,C,Q,H,C,G,K,K,H,1466_map,1466,36
1465_map,G,C,G,C,C,Q,H,C,G,K,K,H,1465_map,1465,36
1475_alt4,G,C,G,C,C,Q,H,C,G,K,K,H,1475_alt4,1475,36
1477_map,G,C,G,C,C,Q,H,C,G,K,K,H,1477_map,1477,36
1477_altall,G,C,G,C,C,Q,H,C,G,K,K,H,1477_altall,1477,36
1462_map,G,C,G,C,C,Q,H,C,G,K,K,H,1462_map,1462,36
1454_map,G,C,G,C,C,Q,H,C,G,K,K,H,1454_map,1454,36
821_altall,G,C,G,C,C,Q,H,C,G,K,K,H,821_altall,821,36
816_alt3,G,C,A,C,C,Q,H,C,G,K,K,H,816_alt3,816,34
818_altall,G,C,A,C,C,Q,H,C,G,K,K,H,818_altall,818,34
814_altall,G,C,A,C,C,Q,H,C,G,K,K,H,814_altall,814,34
810_alt4,G,C,G,C,C,Q,H,C,G,K,K,H,810_alt4,810,36
810_alt3,G,C,G,C,C,Q,H,C,G,K,K,H,810_alt3,810,36
793_alt4,G,C,G,C,C,Q,H,C,G,K,K,H,793_alt4,793,36
791_alt5,G,C,G,C,C,Q,H,C,G,K,K,H,791_alt5,791,36
786_alt4,G,C,G,C,C,Q,H,C,G,K,K,H,786_alt4,786,36
784_map,G,C,G,C,C,Q,H,C,G,K,K,H,784_map,784,36
775_map,G,C,G,C,C,Q,H,C,G,K,K,H,775_map,775,36
774_alt5,G,C,G,C,C,Q,H,C,G,K,K,H,774_alt5,774,36
780_map,G,C,G,C,C,Q,H,C,G,K,K,H,780_map,780,36
773_altall,G,C,G,C,C,Q,H,C,G,K,K,H,773_altall,773,36
781_alt3,G,C,G,C,C,Q,H,C,G,K,K,H,781_alt3,781,36
787_alt2,G,C,G,C,C,Q,H,C,G,K,K,H,787_alt2,787,36
793_map,G,C,G,C,C,Q,H,C,G,K,K,H,793_map,793,36
799_alt3,G,C,G,C,C,Q,H,C,G,T,K,H,799_alt3,799,35
800_altall,G,C,G,C,C,Q,H,C,G,T,K,H,800_altall,800,35
796_map,G,C,G,C,C,Q,H,C,G,T,K,H,796_map,796,35
804_map,G,C,S,C,C,Q,H,C,G,K,K,H,804_map,804,34
804_alt3,G,C,S,C,C,Q,H,C,G,K,K,H,804_alt3,804,34
820_alt5,G,C,G,C,C,Q,H,C,G,K,K,H,820_alt5,820,36
1528_alt5,G,C,G,C,C,Q,H,C,G,K,K,H,1528_alt5,1528,36
1532_alt3,G,C,G,C,C,Q,H,C,G,K,K,H,1532_alt3,1532,36
1530_alt2,G,C,G,C,C,Q,H,C,G,K,K,H,1530_alt2,1530,36
1535_alt2,G,C,G,C,C,Q,H,C,G,K,K,H,1535_alt2,1535,36
1536_alt3,G,C,G,C,C,Q,H,C,G,K,K,H,1536_alt3,1536,36
Anf_Desulfosporosinus_fructosivorans,G,C,G,C,C,Q,H,C,G,I,K,H,Anf_Desulfosporosinus_fructosivorans,Anf_Desulfosporosinus,35
Vnf_Methanosarcina_acetivorans_C2A,G,C,G,C,C,Q,H,C,G,K,K,H,Vnf_Methanosarcina_acetivorans_C2A,Vnf_Methanosarcina_acetivorans,36
Nif_Methanobacteriales_archaeon_HGW-Methanobacteriales-1,G,C,S,C,C,Q,H,C,G,K,K,H,Nif_Methanobacteriales_archaeon_HGW-Methanobacteriales-1,Nif_Methanobacteriales_archaeon,34
Nif_Desulfoglaeba_alkanexedens,G,C,S,C,C,Q,H,C,G,K,K,H,Nif_Desulfoglaeba_alkanexedens,Nif_Desulfoglaeba,34
Nif_Ruminiclostridium_hungatei,G,C,G,C,C,Q,H,C,G,K,K,H,Nif_Ruminiclostridium_hungatei,Nif_Ruminiclostridium,36
Nif_Sporolactobacillus_terrae,G,C,G,C,C,Q,H,C,G,K,K,H,Nif_Sporolactobacillus_terrae,Nif_Sporolactobacillus,36
Nif_Lucifera_butyrica,G,C,G,C,C,Q,H,C,G,K,K,H,Nif_Lucifera_butyrica,Nif_Lucifera,36
Nif_Desulfurispora_thermophila,G,C,G,C,C,Q,H,C,G,K,K,H,Nif_Desulfurispora_thermophila,Nif_Desulfurispora,36
Nif_Orenia_marismortui,G,C,G,C,C,Q,H,C,G,N,K,H,Nif_Orenia_marismortui,Nif_Orenia,35
Nif_Bacteroides_graminisolvens,G,C,G,C,C,Q,H,C,G,K,K,H,Nif_Bacteroides_graminisolvens,Nif_Bacteroides,36
Nif_Desulfosarcina_cetonica,G,C,G,C,C,Q,H,C,G,K,K,H,Nif_Desulfosarcina_cetonica,Nif_Desulfosarcina,36
Nif_Chloroherpeton_thalassium,G,C,G,C,C,Q,H,C,G,K,K,H,Nif_Chloroherpeton_thalassium,Nif_Chloroherpeton,36
Nif_Desulfobotulus_alkaliphilus,G,C,G,C,C,Q,H,C,G,K,K,H,Nif_Desulfobotulus_alkaliphilus,Nif_Desulfobotulus,36
Nif_bacterium_BMS3Abin13,G,C,G,C,C,Q,H,C,G,K,K,H,Nif_bacterium_BMS3Abin13,Nif_bacterium,36
Nif_Candidatus_Achromatium_palustre,G,C,G,C,C,Q,H,C,G,K,K,H,Nif_Candidatus_Achromatium_palustre,Nif_Candidatus_Achromatium,36
Nif_Chloroflexi_bacterium,G,C,G,C,C,Q,H,C,G,K,K,H,Nif_Chloroflexi_bacterium,Nif_Chloroflexi,36
Nif_Methanothrix_soehngenii,G,C,G,C,C,Q,H,C,G,K,K,H,Nif_Methanothrix_soehngenii,Nif_Methanothrix,36
Nif_Neorhizobium_galegae,G,C,G,C,C,Q,H,C,G,K,K,H,Nif_Neorhizobium_galegae,Nif_Neorhizobium,36
Nif_Skermanella_aerolata,G,C,G,C,C,Q,H,C,G,K,K,H,Nif_Skermanella_aerolata,Nif_Skermanella,36
Nif_Bradyrhizobium_oligotrophicum,G,C,G,C,C,Q,H,C,G,K,K,H,Nif_Bradyrhizobium_oligotrophicum,Nif_Bradyrhizobium,36
Nif_Sulfurivermis_fontis,G,C,G,C,C,Q,H,C,G,K,K,H,Nif_Sulfurivermis_fontis,Nif_Sulfurivermis,36
Nif_Agaribacterium_haliotis,G,C,G,C,C,Q,H,C,G,K,K,H,Nif_Agaribacterium_haliotis,Nif_Agaribacterium,36
Nif_Candidatus_Accumulibacter_aalborgensis,G,C,G,C,C,Q,H,C,G,K,K,H,Nif_Candidatus_Accumulibacter_aalborgensis,Nif_Candidatus_Accumulibacter,36
Nif_magneto-ovoid_bacterium_MO-1,G,C,G,C,C,Q,H,C,G,K,K,H,Nif_magneto-ovoid_bacterium_MO-1,Nif_magneto-ovoid_bacterium,36
Nif_Malonomonas_rubra,G,C,G,C,C,Q,H,C,G,K,K,H,Nif_Malonomonas_rubra,Nif_Malonomonas,36
Nif_Calditerrivibrio_nitroreducens,G,C,G,C,C,Q,H,C,G,R,K,H,Nif_Calditerrivibrio_nitroreducens,Nif_Calditerrivibrio,35
Nif_Fischerella_sp_PCC_9605,G,C,G,C,C,Q,H,C,G,N,K,H,Nif_Fischerella_sp_PCC_9605,Nif_Fischerella_sp_PCC,35
Nif_archaeon_BMS3Bbin15,G,C,G,C,C,Q,H,C,G,K,K,H,Nif_archaeon_BMS3Bbin15,Nif_archaeon,36
1213_alt2,G,C,G,C,C,Q,H,C,G,K,K,H,1213_alt2,1213,36
1213_altall,G,C,G,C,C,Q,H,C,G,K,K,H,1213_altall,1213,36
1218_alt3,G,C,G,C,C,Q,H,C,G,K,K,H,1218_alt3,1218,36
1211_alt5,G,C,G,C,C,Q,H,C,G,K,K,H,1211_alt5,1211,36
1221_alt4,G,C,G,C,C,Q,H,C,G,K,K,H,1221_alt4,1221,36
1222_alt3,G,C,G,C,C,Q,H,C,G,K,K,H,1222_alt3,1222,36
1226_alt3,G,C,G,C,C,Q,H,C,G,K,K,H,1226_alt3,1226,36
1229_altall,G,C,G,C,C,Q,H,C,G,K,K,H,1229_altall,1229,36
1224_alt2,G,C,G,C,C,Q,H,C,G,K,K,H,1224_alt2,1224,36
1244_alt3,G,C,G,C,C,Q,H,C,G,K,K,H,1244_alt3,1244,36
1243_map,G,C,G,C,C,Q,H,C,G,K,K,H,1243_map,1243,36
1241_alt3,G,C,G,C,C,Q,H,C,G,K,K,H,1241_alt3,1241,36
1246_alt5,G,C,G,C,C,Q,H,C,G,K,K,H,1246_alt5,1246,36
1237_altall,G,C,G,C,C,Q,H,C,G,K,K,H,1237_altall,1237,36
1261_map,G,C,G,C,C,Q,H,C,G,K,K,H,1261_map,1261,36
1261_alt5,G,C,G,C,C,Q,H,C,G,K,K,H,1261_alt5,1261,36
1260_altall,G,C,G,C,C,Q,H,C,G,K,K,H,1260_altall,1260,36
1257_alt5,G,C,G,C,C,Q,H,C,G,K,K,H,1257_alt5,1257,36
1252_altall,G,C,G,C,C,Q,H,C,G,K,K,H,1252_altall,1252,36
1253_alt2,G,C,G,C,C,Q,H,C,G,K,K,H,1253_alt2,1253,36
1250_map,G,C,G,C,C,Q,H,C,G,K,K,H,1250_map,1250,36
1266_altall,G,C,G,C,C,Q,H,C,G,K,K,H,1266_altall,1266,36
1269_altall,G,C,G,C,C,Q,H,C,G,K,K,H,1269_altall,1269,36
1278_map,G,C,G,C,C,Q,H,C,G,K,K,H,1278_map,1278,36
1277_alt4,G,C,G,C,C,Q,H,C,G,K,K,H,1277_alt4,1277,36
1274_alt5,G,C,G,C,C,Q,H,C,G,K,K,H,1274_alt5,1274,36
1271_alt4,G,C,G,C,C,Q,H,C,G,K,K,H,1271_alt4,1271,36
1283_alt3,G,C,G,C,C,Q,H,C,G,K,K,H,1283_alt3,1283,36
1281_alt3,G,C,G,C,C,Q,H,C,G,K,K,H,1281_alt3,1281,36
1269_alt4,G,C,G,C,C,Q,H,C,G,K,K,H,1269_alt4,1269,36
1234_alt5,G,C,G,C,C,Q,H,C,G,K,K,H,1234_alt5,1234,36
1236_alt4,G,C,G,C,C,Q,H,C,G,K,K,H,1236_alt4,1236,36
1291_alt3,G,C,G,C,C,Q,H,C,G,K,K,H,1291_alt3,1291,36
1303_alt5,G,C,G,C,C,Q,H,C,G,K,K,H,1303_alt5,1303,36
1301_alt5,G,C,G,C,C,Q,H,C,G,R,K,H,1301_alt5,1301,35
1299_map,G,C,G,C,C,Q,H,C,G,R,K,H,1299_map,1299,35
1296_map,G,C,G,C,C,Q,H,C,G,K,K,H,1296_map,1296,36
1305_alt3,G,C,G,C,C,Q,H,C,G,K,K,H,1305_alt3,1305,36
1308_alt3,G,C,G,C,C,Q,H,C,G,K,K,H,1308_alt3,1308,36
1318_alt2,G,C,G,C,C,Q,H,C,G,K,K,H,1318_alt2,1318,36
1320_map,G,C,G,C,C,Q,H,C,G,K,K,H,1320_map,1320,36
1324_alt5,G,C,G,C,C,Q,H,C,G,K,K,H,1324_alt5,1324,36
1325_altall,G,C,G,C,C,Q,H,C,G,K,K,H,1325_altall,1325,36
1319_alt3,G,C,G,C,C,Q,H,C,G,K,K,H,1319_alt3,1319,36
1310_alt2,G,C,G,C,C,Q,H,C,G,K,K,H,1310_alt2,1310,36
1314_alt3,G,C,G,C,C,Q,H,C,G,K,K,H,1314_alt3,1314,36
1316_alt2,G,C,G,C,C,Q,H,C,G,K,K,H,1316_alt2,1316,36
1309_alt2,G,C,G,C,C,Q,H,C,G,K,K,H,1309_alt2,1309,36
1333_alt4,G,C,G,C,C,Q,H,C,G,K,K,H,1333_alt4,1333,36
1335_altall,G,C,G,C,C,Q,H,C,G,K,K,H,1335_altall,1335,36
1330_alt2,G,C,G,C,C,Q,H,C,G,K,K,H,1330_alt2,1330,36
1294_altall,G,C,G,C,C,Q,H,C,G,K,K,H,1294_altall,1294,36
1337_map,G,C,G,C,C,Q,H,C,G,K,K,H,1337_map,1337,36
1288_altall,G,C,G,C,C,Q,H,C,G,K,K,H,1288_altall,1288,36
1287_alt2,G,C,G,C,C,Q,H,C,G,K,K,H,1287_alt2,1287,36
1339_altall,G,C,G,C,C,Q,H,C,G,K,K,H,1339_altall,1339,36
1343_altall,G,C,G,C,C,Q,H,C,G,K,K,H,1343_altall,1343,36
1340_alt2,G,C,G,C,C,Q,H,C,G,K,K,H,1340_alt2,1340,36
1208_altall,G,C,G,C,C,Q,H,C,G,K,K,H,1208_altall,1208,36
1347_alt2,G,C,G,C,C,Q,H,C,G,K,K,H,1347_alt2,1347,36
1351_alt2,G,C,G,C,C,Q,H,C,G,K,K,H,1351_alt2,1351,36
1346_altall,G,C,G,C,C,Q,H,C,G,K,K,H,1346_altall,1346,36
1447_alt5,G,C,G,C,C,Q,H,C,G,K,K,H,1447_alt5,1447,36
1452_map,G,C,G,C,C,Q,H,C,G,K,K,H,1452_map,1452,36
1449_alt5,G,C,G,C,C,Q,H,C,G,K,K,H,1449_alt5,1449,36
1446_map,G,C,G,C,C,Q,H,C,G,K,K,H,1446_map,1446,36
1356_alt3,G,C,G,C,C,Q,H,C,G,K,K,H,1356_alt3,1356,36
1444_alt4,G,C,G,C,C,Q,H,C,G,K,K,H,1444_alt4,1444,36
1442_alt5,G,C,G,C,C,Q,H,C,G,K,K,H,1442_alt5,1442,36
1359_alt5,G,C,G,C,C,Q,H,C,G,K,K,H,1359_alt5,1359,36
1367_alt3,G,C,G,C,C,Q,H,C,G,K,K,H,1367_alt3,1367,36
1371_altall,G,C,G,C,C,Q,H,C,G,K,K,H,1371_altall,1371,36
1365_alt3,G,C,G,C,C,Q,H,C,G,K,K,H,1365_alt3,1365,36
1382_alt3,G,C,G,C,C,Q,H,C,G,K,K,H,1382_alt3,1382,36
1402_alt3,G,C,G,C,C,Q,H,C,G,K,K,H,1402_alt3,1402,36
1401_alt3,G,C,G,C,C,Q,H,C,G,K,K,H,1401_alt3,1401,36
1388_alt2,G,C,G,C,C,Q,H,C,G,K,K,H,1388_alt2,1388,36
1391_alt2,G,C,G,C,C,Q,H,C,G,K,K,H,1391_alt2,1391,36
1395_altall,G,C,G,C,C,Q,H,C,G,K,K,H,1395_altall,1395,36
1397_altall,G,C,G,C,C,Q,H,C,G,K,K,H,1397_altall,1397,36
1400_alt5,G,C,G,C,C,Q,H,C,G,K,K,H,1400_alt5,1400,36
1392_altall,G,C,G,C,C,Q,H,C,G,K,K,H,1392_altall,1392,36
1387_alt3,G,C,G,C,C,Q,H,C,G,K,K,H,1387_alt3,1387,36
1383_altall,G,C,G,C,C,Q,H,C,G,K,K,H,1383_altall,1383,36
1381_map,G,C,G,C,C,Q,H,C,G,K,K,H,1381_map,1381,36
1376_altall,G,C,G,C,C,Q,H,C,G,K,K,H,1376_altall,1376,36
1374_alt3,G,C,G,C,C,Q,H,C,G,K,K,H,1374_alt3,1374,36
1374_alt4,G,C,G,C,C,Q,H,C,G,K,K,H,1374_alt4,1374,36
1362_alt3,G,C,G,C,C,Q,H,C,G,K,K,H,1362_alt3,1362,36
1360_alt3,G,C,G,C,C,Q,H,C,G,K,K,H,1360_alt3,1360,36
1408_map,G,C,G,C,C,Q,H,C,G,K,K,H,1408_map,1408,36
1414_alt3,G,C,G,C,C,Q,H,C,G,K,K,H,1414_alt3,1414,36
1428_alt4,G,C,G,C,C,Q,H,C,G,K,K,H,1428_alt4,1428,36
1426_alt2,G,C,G,C,C,Q,H,C,G,K,K,H,1426_alt2,1426,36
1418_alt5,G,C,G,C,C,Q,H,C,G,K,K,H,1418_alt5,1418,36
1423_alt2,G,C,G,C,C,Q,H,C,G,K,K,H,1423_alt2,1423,36
1422_alt4,G,C,G,C,C,Q,H,C,G,K,K,H,1422_alt4,1422,36
1416_alt5,G,C,G,C,C,Q,H,C,G,K,K,H,1416_alt5,1416,36
1413_alt2,G,C,G,C,C,Q,H,C,G,K,K,H,1413_alt2,1413,36
1410_map,G,C,G,C,C,Q,H,C,G,K,K,H,1410_map,1410,36
1409_altall,G,C,G,C,C,Q,H,C,G,K,K,H,1409_altall,1409,36
1435_altall,G,C,G,C,C,Q,H,C,G,K,K,H,1435_altall,1435,36
1438_map,G,C,G,C,C,Q,H,C,G,K,K,H,1438_map,1438,36
1433_alt4,G,C,G,C,C,Q,H,C,G,K,K,H,1433_alt4,1433,36
1431_altall,G,C,G,C,C,Q,H,C,G,K,K,H,1431_altall,1431,36
1355_alt2,G,C,G,C,C,Q,H,C,G,R,K,H,1355_alt2,1355,35
1494_map,G,C,G,C,C,Q,H,C,G,K,K,H,1494_map,1494,36
1493_alt5,G,C,G,C,C,Q,H,C,G,K,K,H,1493_alt5,1493,36
1491_alt5,G,C,G,C,C,Q,H,C,G,K,K,H,1491_alt5,1491,36
1496_alt4,G,C,G,C,C,Q,H,C,G,K,K,H,1496_alt4,1496,36
1509_map,G,C,G,C,C,Q,H,C,G,K,K,H,1509_map,1509,36
1505_altall,G,C,G,C,C,Q,H,C,G,K,K,H,1505_altall,1505,36
1510_map,G,C,G,C,C,Q,H,C,G,K,K,H,1510_map,1510,36
1502_alt2,G,C,G,C,C,Q,H,C,G,K,K,H,1502_alt2,1502,36
1498_altall,G,C,G,C,C,Q,H,C,G,K,K,H,1498_altall,1498,36
1499_alt5,G,C,G,C,C,Q,H,C,G,K,K,H,1499_alt5,1499,36
1511_map,G,C,G,C,C,Q,H,C,G,K,K,H,1511_map,1511,36
1524_alt4,G,C,G,C,C,Q,H,C,G,K,K,H,1524_alt4,1524,36
1521_alt2,G,C,G,C,C,Q,H,C,G,K,K,H,1521_alt2,1521,36
1518_map,G,C,G,C,C,Q,H,C,G,K,K,H,1518_map,1518,36
1513_altall,G,C,G,C,C,Q,H,C,G,K,K,H,1513_altall,1513,36
1514_alt4,G,C,G,C,C,Q,H,C,G,K,K,H,1514_alt4,1514,36
1456_alt5,G,C,G,C,C,Q,H,C,G,K,K,H,1456_alt5,1456,36
1457_alt3,G,C,G,C,C,Q,H,C,G,K,K,H,1457_alt3,1457,36
1484_alt2,G,C,G,C,C,Q,H,C,G,K,K,H,1484_alt2,1484,36
1461_alt4,G,C,G,C,C,Q,H,C,G,K,K,H,1461_alt4,1461,36
1473_altall,G,C,G,C,C,Q,H,C,G,K,K,H,1473_altall,1473,36
1465_alt5,G,C,G,C,C,Q,H,C,G,K,K,H,1465_alt5,1465,36
1469_alt2,G,C,G,C,C,Q,H,C,G,K,K,H,1469_alt2,1469,36
1466_alt2,G,C,G,C,C,Q,H,C,G,K,K,H,1466_alt2,1466,36
1464_map,G,C,G,C,C,Q,H,C,G,K,K,H,1464_map,1464,36
1475_map,G,C,G,C,C,Q,H,C,G,K,K,H,1475_map,1475,36
1478_alt2,G,C,G,C,C,Q,H,C,G,K,K,H,1478_alt2,1478,36
1480_altall,G,C,G,C,C,Q,H,C,G,K,K,H,1480_altall,1480,36
1462_alt4,G,C,G,C,C,Q,H,C,G,K,K,H,1462_alt4,1462,36
1454_alt3,G,C,G,C,C,Q,H,C,G,K,K,H,1454_alt3,1454,36
821_alt5,G,C,G,C,C,Q,H,C,G,K,K,H,821_alt5,821,36
816_altall,G,C,A,C,C,Q,H,C,G,K,K,H,816_altall,816,34
817_alt5,G,C,A,C,C,Q,H,C,G,K,K,H,817_alt5,817,34
814_alt4,G,C,A,C,C,Q,H,C,G,K,K,H,814_alt4,814,34
811_altall,G,C,G,C,C,Q,H,C,G,K,K,H,811_altall,811,36
809_map,G,C,G,C,C,Q,H,C,G,K,K,H,809_map,809,36
788_altall,G,C,G,C,C,Q,H,C,G,K,K,H,788_altall,788,36
791_alt3,G,C,G,C,C,Q,H,C,G,K,K,H,791_alt3,791,36
786_alt2,G,C,G,C,C,Q,H,C,G,K,K,H,786_alt2,786,36
783_alt2,G,C,G,C,C,Q,H,C,G,K,K,H,783_alt2,783,36
775_alt4,G,C,G,C,C,Q,H,C,G,K,K,H,775_alt4,775,36
777_map,G,C,G,C,C,Q,H,C,G,K,K,H,777_map,777,36
780_alt3,G,C,G,C,C,Q,H,C,G,K,K,H,780_alt3,780,36
772_alt3,G,C,G,C,C,Q,H,C,G,K,K,H,772_alt3,772,36
781_alt2,G,C,G,C,C,Q,H,C,G,K,K,H,781_alt2,781,36
1538_altall,G,C,G,C,C,Q,H,C,G,K,K,H,1538_altall,1538,36
794_alt3,G,C,G,C,C,Q,H,C,G,K,K,H,794_alt3,794,36
798_alt4,G,C,G,C,C,Q,H,C,G,T,K,H,798_alt4,798,35
800_alt5,G,C,G,C,C,Q,H,C,G,T,K,H,800_alt5,800,35
796_alt2,G,C,G,C,C,Q,H,C,G,T,K,H,796_alt2,796,35
805_map,G,C,S,C,C,Q,H,C,G,K,K,H,805_map,805,34
804_altall,G,C,S,C,C,Q,H,C,G,K,K,H,804_altall,804,34
820_map,G,C,G,C,C,Q,H,C,G,K,K,H,820_map,820,36
1528_alt4,G,C,G,C,C,Q,H,C,G,K,K,H,1528_alt4,1528,36
1532_map,G,C,G,C,C,Q,H,C,G,K,K,H,1532_map,1532,36
1530_alt3,G,C,G,C,C,Q,H,C,G,K,K,H,1530_alt3,1530,36
1535_altall,G,C,G,C,C,Q,H,C,G,K,K,H,1535_altall,1535,36
1536_alt5,G,C,G,C,C,Q,H,C,G,K,K,H,1536_alt5,1536,36
Anf_Sporomusa_termitida,G,C,G,C,C,Q,H,C,G,K,K,H,Anf_Sporomusa_termitida,Anf_Sporomusa,36
Vnf_Lucifera_butyrica,G,C,G,C,C,Q,H,C,G,K,K,H,Vnf_Lucifera_butyrica,Vnf_Lucifera,36
Nif_Methanobacterium_paludis,G,C,S,C,C,Q,H,C,G,K,K,H,Nif_Methanobacterium_paludis,Nif_Methanobacterium,34
Nif_Thermodesulforhabdus_norvegica,G,C,A,C,C,Q,H,C,G,R,K,H,Nif_Thermodesulforhabdus_norvegica,Nif_Thermodesulforhabdus,33
Nif_Sporobacter_termitidis,G,C,G,C,C,Q,H,C,G,K,K,H,Nif_Sporobacter_termitidis,Nif_Sporobacter,36
Nif_Megasphaera_cerevisiae,G,C,G,C,C,Q,H,C,G,K,K,H,Nif_Megasphaera_cerevisiae,Nif_Megasphaera,36
Nif_Sporomusa_termitida,G,C,G,C,C,Q,H,C,G,K,K,H,Nif_Sporomusa_termitida,Nif_Sporomusa,36
Nif_Peptococcaceae_bacterium_BICA1-7,G,C,G,C,C,Q,H,C,G,K,K,H,Nif_Peptococcaceae_bacterium_BICA1-7,Nif_Peptococcaceae_bacterium,36
Nif_Orenia_metallireducens,G,C,G,C,C,Q,H,C,G,N,K,H,Nif_Orenia_metallireducens,Nif_Orenia,35
Nif_Bacteroides_luti,G,C,G,C,C,Q,H,C,G,K,K,H,Nif_Bacteroides_luti,Nif_Bacteroides,36
Nif_Desulfobacterium_autotrophicum,G,C,G,C,C,Q,H,C,G,K,K,H,Nif_Desulfobacterium_autotrophicum,Nif_Desulfobacterium,36
Nif_Prosthecochloris_sp_GSB1,G,C,G,C,C,Q,H,C,G,K,K,H,Nif_Prosthecochloris_sp_GSB1,Nif_Prosthecochloris_sp,36
Nif_Desulfoluna_spongiiphila,G,C,G,C,C,Q,H,C,G,K,K,H,Nif_Desulfoluna_spongiiphila,Nif_Desulfoluna,36
Nif_Candidatus_Electronema_sp_GS,G,C,G,C,C,Q,H,C,G,K,K,H,Nif_Candidatus_Electronema_sp_GS,Nif_Candidatus_Electronema_sp,36
Nif_Geminisphaera_colitermitum,G,C,G,C,C,Q,H,C,G,K,K,H,Nif_Geminisphaera_colitermitum,Nif_Geminisphaera,36
Nif_Dehalogenimonas_sp_WBC-2,G,C,G,C,C,Q,H,C,G,K,K,H,Nif_Dehalogenimonas_sp_WBC-2,Nif_Dehalogenimonas_sp,36
Nif_Peptococcaceae_bacterium_SCADC1_2_3,G,C,G,C,C,Q,H,C,G,K,K,H,Nif_Peptococcaceae_bacterium_SCADC1_2_3,Nif_Peptococcaceae_bacterium_SCADC1_2,36
Nif_Afifella_pfennigii,G,C,G,C,C,Q,H,C,G,K,K,H,Nif_Afifella_pfennigii,Nif_Afifella,36
Nif_Roseospirillum_parvum,G,C,G,C,C,Q,H,C,G,K,K,H,Nif_Roseospirillum_parvum,Nif_Roseospirillum,36
Nif_Rhodoblastus_acidophilus,G,C,G,C,C,Q,H,C,G,K,K,H,Nif_Rhodoblastus_acidophilus,Nif_Rhodoblastus,36
Nif_Propionivibrio_dicarboxylicus,G,C,G,C,C,Q,H,C,G,K,K,H,Nif_Propionivibrio_dicarboxylicus,Nif_Propionivibrio,36
Nif_Alteromonadaceae_bacterium_Bs31,G,C,G,C,C,Q,H,C,G,K,K,H,Nif_Alteromonadaceae_bacterium_Bs31,Nif_Alteromonadaceae_bacterium,36
Nif_Rhodocyclaceae_bacterium,G,C,G,C,C,Q,H,C,G,K,K,H,Nif_Rhodocyclaceae_bacterium,Nif_Rhodocyclaceae,36
Nif_Methyloprofundus_sedimenti,G,C,G,C,C,Q,H,C,G,K,K,H,Nif_Methyloprofundus_sedimenti,Nif_Methyloprofundus,36
Nif_Pelobacter_acetylenicus,G,C,G,C,C,Q,H,C,G,K,K,H,Nif_Pelobacter_acetylenicus,Nif_Pelobacter,36
Nif_Chrysiogenes_arsenatis,G,C,G,C,C,Q,H,C,G,K,K,H,Nif_Chrysiogenes_arsenatis,Nif_Chrysiogenes,36
Nif_Lyngbya_sp_PCC_8106,G,C,G,C,C,Q,H,C,G,E,K,H,Nif_Lyngbya_sp_PCC_8106,Nif_Lyngbya_sp_PCC,35
Nif_Candidatus_Viridilinea_mediisalina,G,C,G,C,C,Q,H,C,G,K,K,H,Nif_Candidatus_Viridilinea_mediisalina,Nif_Candidatus_Viridilinea,36
1214_altall,G,C,G,C,C,Q,H,C,G,K,K,H,1214_altall,1214,36
1216_alt4,G,C,G,C,C,Q,H,C,G,K,K,H,1216_alt4,1216,36
1218_alt5,G,C,G,C,C,Q,H,C,G,K,K,H,1218_alt5,1218,36
1210_map,G,C,G,C,C,Q,H,C,G,K,K,H,1210_map,1210,36
1221_map,G,C,G,C,C,Q,H,C,G,K,K,H,1221_map,1221,36
1219_altall,G,C,G,C,C,Q,H,C,G,K,K,H,1219_altall,1219,36
1226_map,G,C,G,C,C,Q,H,C,G,K,K,H,1226_map,1226,36
1229_alt4,G,C,G,C,C,Q,H,C,G,K,K,H,1229_alt4,1229,36
1224_altall,G,C,G,C,C,Q,H,C,G,K,K,H,1224_altall,1224,36
1244_alt4,G,C,G,C,C,Q,H,C,G,K,K,H,1244_alt4,1244,36
1243_alt5,G,C,G,C,C,Q,H,C,G,K,K,H,1243_alt5,1243,36
1241_alt2,G,C,G,C,C,Q,H,C,G,K,K,H,1241_alt2,1241,36
1246_map,G,C,G,C,C,Q,H,C,G,K,K,H,1246_map,1246,36
1248_altall,G,C,G,C,C,Q,H,C,G,K,K,H,1248_altall,1248,36
1263_alt3,G,C,G,C,C,Q,H,C,G,K,K,H,1263_alt3,1263,36
1261_altall,G,C,G,C,C,Q,H,C,G,K,K,H,1261_altall,1261,36
1260_alt4,G,C,G,C,C,Q,H,C,G,K,K,H,1260_alt4,1260,36
1257_map,G,C,G,C,C,Q,H,C,G,K,K,H,1257_map,1257,36
1254_alt4,G,C,G,C,C,Q,H,C,G,K,K,H,1254_alt4,1254,36
1253_alt5,G,C,G,C,C,Q,H,C,G,K,K,H,1253_alt5,1253,36
1265_map,G,C,G,C,C,Q,H,C,G,K,K,H,1265_map,1265,36
1266_alt4,G,C,G,C,C,Q,H,C,G,K,K,H,1266_alt4,1266,36
1270_altall,G,C,G,C,C,Q,H,C,G,K,K,H,1270_altall,1270,36
1278_alt5,G,C,G,C,C,Q,H,C,G,K,K,H,1278_alt5,1278,36
1277_alt2,G,C,G,C,C,Q,H,C,G,K,K,H,1277_alt2,1277,36
1274_alt2,G,C,G,C,C,Q,H,C,G,K,K,H,1274_alt2,1274,36
1271_alt2,G,C,G,C,C,Q,H,C,G,K,K,H,1271_alt2,1271,36
1283_alt2,G,C,G,C,C,Q,H,C,G,K,K,H,1283_alt2,1283,36
1281_alt2,G,C,G,C,C,Q,H,C,G,K,K,H,1281_alt2,1281,36
1269_alt3,G,C,G,C,C,Q,H,C,G,K,K,H,1269_alt3,1269,36
1234_alt4,G,C,G,C,C,Q,H,C,G,K,K,H,1234_alt4,1234,36
1235_alt5,G,C,G,C,C,Q,H,C,G,K,K,H,1235_alt5,1235,36
1291_alt2,G,C,G,C,C,Q,H,C,G,K,K,H,1291_alt2,1291,36
1303_alt4,G,C,G,C,C,Q,H,C,G,K,K,H,1303_alt4,1303,36
1301_alt4,G,C,G,C,C,Q,H,C,G,R,K,H,1301_alt4,1301,35
1299_alt2,G,C,G,C,C,Q,H,C,G,R,K,H,1299_alt2,1299,35
1296_alt5,G,C,G,C,C,Q,H,C,G,K,K,H,1296_alt5,1296,36
1305_alt5,G,C,G,C,C,Q,H,C,G,K,K,H,1305_alt5,1305,36
1317_map,G,C,G,C,C,Q,H,C,G,K,K,H,1317_map,1317,36
1318_alt4,G,C,G,C,C,Q,H,C,G,K,K,H,1318_alt4,1318,36
1320_alt4,G,C,G,C,C,Q,H,C,G,K,K,H,1320_alt4,1320,36
1324_alt4,G,C,G,C,C,Q,H,C,G,K,K,H,1324_alt4,1324,36
1327_alt2,G,C,G,C,C,Q,H,C,G,K,K,H,1327_alt2,1327,36
1318_map,G,C,G,C,C,Q,H,C,G,K,K,H,1318_map,1318,36
1310_alt5,G,C,G,C,C,Q,H,C,G,K,K,H,1310_alt5,1310,36
1314_alt4,G,C,G,C,C,Q,H,C,G,K,K,H,1314_alt4,1314,36
1316_alt3,G,C,G,C,C,Q,H,C,G,K,K,H,1316_alt3,1316,36
1330_altall,G,C,G,C,C,Q,H,C,G,K,K,H,1330_altall,1330,36
1334_altall,G,C,G,C,C,Q,H,C,G,K,K,H,1334_altall,1334,36
1335_alt4,G,C,G,C,C,Q,H,C,G,K,K,H,1335_alt4,1335,36
1308_map,G,C,G,C,C,Q,H,C,G,K,K,H,1308_map,1308,36
1293_map,G,C,G,C,C,Q,H,C,G,K,K,H,1293_map,1293,36
1337_alt5,G,C,G,C,C,Q,H,C,G,K,K,H,1337_alt5,1337,36
1288_alt4,G,C,G,C,C,Q,H,C,G,K,K,H,1288_alt4,1288,36
1287_alt5,G,C,G,C,C,Q,H,C,G,K,K,H,1287_alt5,1287,36
1340_map,G,C,G,C,C,Q,H,C,G,K,K,H,1340_map,1340,36
1343_alt3,G,C,G,C,C,Q,H,C,G,K,K,H,1343_alt3,1343,36
1340_alt4,G,C,G,C,C,Q,H,C,G,K,K,H,1340_alt4,1340,36
1208_alt4,G,C,G,C,C,Q,H,C,G,K,K,H,1208_alt4,1208,36
1347_altall,G,C,G,C,C,Q,H,C,G,K,K,H,1347_altall,1347,36
1351_alt4,G,C,G,C,C,Q,H,C,G,K,K,H,1351_alt4,1351,36
1346_alt5,G,C,G,C,C,Q,H,C,G,K,K,H,1346_alt5,1346,36
1451_alt4,G,C,G,C,C,Q,H,C,G,K,K,H,1451_alt4,1451,36
1451_altall,G,C,G,C,C,Q,H,C,G,K,K,H,1451_altall,1451,36
1450_alt4,G,C,G,C,C,Q,H,C,G,K,K,H,1450_alt4,1450,36
1446_alt2,G,C,G,C,C,Q,H,C,G,K,K,H,1446_alt2,1446,36
1440_alt5,G,C,G,C,C,Q,H,C,G,K,K,H,1440_alt5,1440,36
1444_altall,G,C,G,C,C,Q,H,C,G,K,K,H,1444_altall,1444,36
1442_alt3,G,C,G,C,C,Q,H,C,G,K,K,H,1442_alt3,1442,36
1363_alt5,G,C,G,C,C,Q,H,C,G,K,K,H,1363_alt5,1363,36
1367_alt5,G,C,G,C,C,Q,H,C,G,K,K,H,1367_alt5,1367,36
1371_alt3,G,C,G,C,C,Q,H,C,G,K,K,H,1371_alt3,1371,36
1365_alt2,G,C,G,C,C,Q,H,C,G,K,K,H,1365_alt2,1365,36
1401_map,G,C,G,C,C,Q,H,C,G,K,K,H,1401_map,1401,36
1401_altall,G,C,G,C,C,Q,H,C,G,K,K,H,1401_altall,1401,36
1401_alt4,G,C,G,C,C,Q,H,C,G,K,K,H,1401_alt4,1401,36
1388_alt3,G,C,G,C,C,Q,H,C,G,K,K,H,1388_alt3,1388,36
1391_alt4,G,C,G,C,C,Q,H,C,G,K,K,H,1391_alt4,1391,36
1395_alt5,G,C,G,C,C,Q,H,C,G,K,K,H,1395_alt5,1395,36
1397_alt5,G,C,G,C,C,Q,H,C,G,K,K,H,1397_alt5,1397,36
1400_alt2,G,C,G,C,C,Q,H,C,G,K,K,H,1400_alt2,1400,36
1390_map,G,C,G,C,C,Q,H,C,G,K,K,H,1390_map,1390,36
1387_altall,G,C,G,C,C,Q,H,C,G,K,K,H,1387_altall,1387,36
1383_alt5,G,C,G,C,C,Q,H,C,G,K,K,H,1383_alt5,1383,36
1381_alt5,G,C,G,C,C,Q,H,C,G,K,K,H,1381_alt5,1381,36
1376_alt3,G,C,G,C,C,Q,H,C,G,K,K,H,1376_alt3,1376,36
1374_altall,G,C,G,C,C,Q,H,C,G,K,K,H,1374_altall,1374,36
1373_altall,G,C,G,C,C,Q,H,C,G,K,K,H,1373_altall,1373,36
1362_alt4,G,C,G,C,C,Q,H,C,G,K,K,H,1362_alt4,1362,36
1358_alt2,G,C,G,C,C,Q,H,C,G,K,K,H,1358_alt2,1358,36
1408_alt2,G,C,G,C,C,Q,H,C,G,K,K,H,1408_alt2,1408,36
1414_alt4,G,C,G,C,C,Q,H,C,G,K,K,H,1414_alt4,1414,36
1428_alt3,G,C,G,C,C,Q,H,C,G,K,K,H,1428_alt3,1428,36
1426_alt5,G,C,G,C,C,Q,H,C,G,K,K,H,1426_alt5,1426,36
1418_map,G,C,G,C,C,Q,H,C,G,K,K,H,1418_map,1418,36
1423_map,G,C,G,C,C,Q,H,C,G,K,K,H,1423_map,1423,36
1421_alt2,G,C,G,C,C,Q,H,C,G,K,K,H,1421_alt2,1421,36
1416_alt3,G,C,G,C,C,Q,H,C,G,K,K,H,1416_alt3,1416,36
1413_alt4,G,C,G,C,C,Q,H,C,G,K,K,H,1413_alt4,1413,36
1410_alt4,G,C,G,C,C,Q,H,C,G,K,K,H,1410_alt4,1410,36
1357_alt4,G,C,G,C,C,Q,H,C,G,K,K,H,1357_alt4,1357,36
1435_alt2,G,C,G,C,C,Q,H,C,G,K,K,H,1435_alt2,1435,36
1438_alt3,G,C,G,C,C,Q,H,C,G,K,K,H,1438_alt3,1438,36
1433_alt5,G,C,G,C,C,Q,H,C,G,K,K,H,1433_alt5,1433,36
1431_alt5,G,C,G,C,C,Q,H,C,G,K,K,H,1431_alt5,1431,36
1487_alt5,G,C,G,C,C,Q,H,C,G,K,K,H,1487_alt5,1487,36
1488_map,G,C,G,C,C,Q,H,C,G,K,K,H,1488_map,1488,36
1493_alt4,G,C,G,C,C,Q,H,C,G,K,K,H,1493_alt4,1493,36
1491_alt4,G,C,G,C,C,Q,H,C,G,K,K,H,1491_alt4,1491,36
1496_alt5,G,C,G,C,C,Q,H,C,G,K,K,H,1496_alt5,1496,36
1509_alt2,G,C,G,C,C,Q,H,C,G,K,K,H,1509_alt2,1509,36
1505_alt3,G,C,G,C,C,Q,H,C,G,K,K,H,1505_alt3,1505,36
1510_alt3,G,C,G,C,C,Q,H,C,G,K,K,H,1510_alt3,1510,36
1502_alt4,G,C,G,C,C,Q,H,C,G,K,K,H,1502_alt4,1502,36
1497_alt4,G,C,G,C,C,Q,H,C,G,K,K,H,1497_alt4,1497,36
1500_alt4,G,C,G,C,C,Q,H,C,G,K,K,H,1500_alt4,1500,36
1511_alt3,G,C,G,C,C,Q,H,C,G,K,K,H,1511_alt3,1511,36
1524_alt3,G,C,G,C,C,Q,H,C,G,K,K,H,1524_alt3,1524,36
1521_alt5,G,C,G,C,C,Q,H,C,G,K,K,H,1521_alt5,1521,36
1518_alt2,G,C,G,C,C,Q,H,C,G,K,K,H,1518_alt2,1518,36
1514_altall,G,C,G,C,C,Q,H,C,G,K,K,H,1514_altall,1514,36
1514_alt5,G,C,G,C,C,Q,H,C,G,K,K,H,1514_alt5,1514,36
1456_alt2,G,C,G,C,C,Q,H,C,G,K,K,H,1456_alt2,1456,36
1457_alt5,G,C,G,C,C,Q,H,C,G,K,K,H,1457_alt5,1457,36
1484_alt5,G,C,G,C,C,Q,H,C,G,K,K,H,1484_alt5,1484,36
1462_alt3,G,C,G,C,C,Q,H,C,G,K,K,H,1462_alt3,1462,36
1473_alt4,G,C,G,C,C,Q,H,C,G,K,K,H,1473_alt4,1473,36
1465_alt2,G,C,G,C,C,Q,H,C,G,K,K,H,1465_alt2,1465,36
1469_alt5,G,C,G,C,C,Q,H,C,G,K,K,H,1469_alt5,1469,36
1467_alt2,G,C,G,C,C,Q,H,C,G,K,K,H,1467_alt2,1467,36
1464_alt2,G,C,G,C,C,Q,H,C,G,K,K,H,1464_alt2,1464,36
1475_alt5,G,C,G,C,C,Q,H,C,G,K,K,H,1475_alt5,1475,36
1478_alt5,G,C,G,C,C,Q,H,C,G,K,K,H,1478_alt5,1478,36
1480_alt3,G,C,G,C,C,Q,H,C,G,K,K,H,1480_alt3,1480,36
1461_map,G,C,G,C,C,Q,H,C,G,K,K,H,1461_map,1461,36
1485_altall,G,C,G,C,C,Q,H,C,G,K,K,H,1485_altall,1485,36
821_alt2,G,C,G,C,C,Q,H,C,G,K,K,H,821_alt2,821,36
817_altall,G,C,A,C,C,Q,H,C,G,K,K,H,817_altall,817,34
817_map,G,C,A,C,C,Q,H,C,G,K,K,H,817_map,817,34
814_alt3,G,C,A,C,C,Q,H,C,G,K,K,H,814_alt3,814,34
811_alt2,G,C,G,C,C,Q,H,C,G,K,K,H,811_alt2,811,36
809_alt3,G,C,G,C,C,Q,H,C,G,K,K,H,809_alt3,809,36
788_alt4,G,C,G,C,C,Q,H,C,G,K,K,H,788_alt4,788,36
791_map,G,C,G,C,C,Q,H,C,G,K,K,H,791_map,791,36
786_alt3,G,C,G,C,C,Q,H,C,G,K,K,H,786_alt3,786,36
781_alt4,G,C,G,C,C,Q,H,C,G,K,K,H,781_alt4,781,36
775_alt2,G,C,G,C,C,Q,H,C,G,K,K,H,775_alt2,775,36
777_alt5,G,C,G,C,C,Q,H,C,G,K,K,H,777_alt5,777,36
780_alt2,G,C,G,C,C,Q,H,C,G,K,K,H,780_alt2,780,36
772_alt4,G,C,G,C,C,Q,H,C,G,K,K,H,772_alt4,772,36
781_alt5,G,C,G,C,C,Q,H,C,G,K,K,H,781_alt5,781,36
1538_alt3,G,C,G,C,C,Q,H,C,G,K,K,H,1538_alt3,1538,36
795_alt2,G,C,G,C,C,Q,H,C,G,T,K,H,795_alt2,795,35
798_alt5,G,C,G,C,C,Q,H,C,G,T,K,H,798_alt5,798,35
798_map,G,C,G,C,C,Q,H,C,G,T,K,H,798_map,798,35
794_alt5,G,C,G,C,C,Q,H,C,G,K,K,H,794_alt5,794,36
805_altall,G,C,S,C,C,Q,H,C,G,K,K,H,805_altall,805,34
807_altall,G,C,S,C,C,Q,H,C,G,K,K,H,807_altall,807,34
1525_map,G,C,G,C,C,Q,H,C,G,K,K,H,1525_map,1525,36
1528_altall,G,C,G,C,C,Q,H,C,G,K,K,H,1528_altall,1528,36
1532_alt5,G,C,G,C,C,Q,H,C,G,K,K,H,1532_alt5,1532,36
1530_altall,G,C,G,C,C,Q,H,C,G,K,K,H,1530_altall,1530,36
1535_alt3,G,C,G,C,C,Q,H,C,G,K,K,H,1535_alt3,1535,36
1536_map,G,C,G,C,C,Q,H,C,G,K,K,H,1536_map,1536,36
Anf_Pectinatus_cerevisiiphilus,G,C,G,C,C,Q,H,C,G,K,K,H,Anf_Pectinatus_cerevisiiphilus,Anf_Pectinatus,36
Vnf_Ruminiclostridium_hungatei,G,C,G,C,C,Q,H,C,G,K,K,H,Vnf_Ruminiclostridium_hungatei,Vnf_Ruminiclostridium,36
Nif_Methanobrevibacter_curvatus,G,C,S,C,C,Q,H,C,G,K,K,H,Nif_Methanobrevibacter_curvatus,Nif_Methanobrevibacter,34
Nif_Acetobacterium_woodii,G,C,G,C,C,Q,H,C,G,K,R,H,Nif_Acetobacterium_woodii,Nif_Acetobacterium,35
Nif_Desulfovibrio_desulfuricans,G,C,G,C,C,Q,H,C,G,K,K,H,Nif_Desulfovibrio_desulfuricans,Nif_Desulfovibrio,36
Nif_Anaerotignum_neopropionicum,G,C,G,C,C,Q,H,C,G,K,K,H,Nif_Anaerotignum_neopropionicum,Nif_Anaerotignum,36
Nif_Methanoregula_boonei,G,C,G,C,C,Q,H,C,G,K,K,H,Nif_Methanoregula_boonei,Nif_Methanoregula,36
Nif_Peptococcaceae_bacterium_BRH_c4a,G,C,G,C,C,Q,H,C,G,K,K,H,Nif_Peptococcaceae_bacterium_BRH_c4a,Nif_Peptococcaceae_bacterium_BRH,36
Nif_Carboxydocella_sp_ULO1,G,C,G,C,C,Q,H,C,G,K,K,H,Nif_Carboxydocella_sp_ULO1,Nif_Carboxydocella_sp,36
Nif_Paludibacter_propionicigenes,G,C,G,C,C,Q,H,C,G,K,K,H,Nif_Paludibacter_propionicigenes,Nif_Paludibacter,36
Nif_Syntrophobacter_fumaroxidans,G,C,G,C,C,Q,H,C,G,K,K,H,Nif_Syntrophobacter_fumaroxidans,Nif_Syntrophobacter,36
Nif_Desulfocurvibacter_africanus,G,C,G,C,C,Q,H,C,G,K,K,H,Nif_Desulfocurvibacter_africanus,Nif_Desulfocurvibacter,36
Nif_Desulforegula_conservatrix,G,C,G,C,C,Q,H,C,G,K,K,H,Nif_Desulforegula_conservatrix,Nif_Desulforegula,36
Nif_Desulfobulbaceae_bacterium_A2,G,C,G,C,C,Q,H,C,G,K,K,H,Nif_Desulfobulbaceae_bacterium_A2,Nif_Desulfobulbaceae_bacterium,36
Nif_Opitutaceae_bacterium_EW11,G,C,G,C,C,Q,H,C,G,K,K,H,Nif_Opitutaceae_bacterium_EW11,Nif_Opitutaceae_bacterium,36
Nif_Planctomycetes_bacterium,G,C,G,C,C,Q,H,C,G,K,K,H,Nif_Planctomycetes_bacterium,Nif_Planctomycetes,36
Nif_Methanocaldococcus_infernus,G,C,G,C,C,Q,H,C,G,K,K,H,Nif_Methanocaldococcus_infernus,Nif_Methanocaldococcus,36
Nif_Blastochloris_sp_GI,G,C,G,C,C,Q,H,C,G,K,K,H,Nif_Blastochloris_sp_GI,Nif_Blastochloris_sp,36
Nif_Acidiferrobacter_sp_SPIII_3,G,C,G,C,C,Q,H,C,G,K,K,H,Nif_Acidiferrobacter_sp_SPIII_3,Nif_Acidiferrobacter_sp_SPIII,36
Vnf_Rhodoblastus_acidophilus,G,C,G,C,C,Q,H,C,G,T,K,H,Vnf_Rhodoblastus_acidophilus,Vnf_Rhodoblastus,35
Nif_Beggiatoa_alba,G,C,G,C,C,Q,H,C,G,K,K,H,Nif_Beggiatoa_alba,Nif_Beggiatoa,36
Nif_Alteromonadales_bacterium_BS08,G,C,G,C,C,Q,H,C,G,R,K,H,Nif_Alteromonadales_bacterium_BS08,Nif_Alteromonadales_bacterium,35
Nif_Cohaesibacter_haloalkalitolerans,G,C,G,C,C,Q,H,C,G,K,K,H,Nif_Cohaesibacter_haloalkalitolerans,Nif_Cohaesibacter,36
Nif_Ectothiorhodospira_haloalkaliphila,G,C,G,C,C,Q,H,C,G,R,K,H,Nif_Ectothiorhodospira_haloalkaliphila,Nif_Ectothiorhodospira,35
Nif_bacterium_BMS3Bbin07,G,C,G,C,C,Q,H,C,G,K,K,H,Nif_bacterium_BMS3Bbin07,Nif_bacterium,36
Nif_Geovibrio_sp_L21-Ace-BES,G,C,G,C,C,Q,H,C,G,K,K,H,Nif_Geovibrio_sp_L21-Ace-BES,Nif_Geovibrio_sp,36
Nif_Anaerobacillus_alkalidiazotrophicus,G,C,G,C,C,Q,H,C,G,K,K,H,Nif_Anaerobacillus_alkalidiazotrophicus,Nif_Anaerobacillus,36
Nif_Chloroflexales_bacterium_ZM16-3,G,C,G,C,C,Q,H,C,G,K,K,H,Nif_Chloroflexales_bacterium_ZM16-3,Nif_Chloroflexales_bacterium,36
1214_alt5,G,C,G,C,C,Q,H,C,G,K,K,H,1214_alt5,1214,36
1216_alt5,G,C,G,C,C,Q,H,C,G,K,K,H,1216_alt5,1216,36
1218_map,G,C,G,C,C,Q,H,C,G,K,K,H,1218_map,1218,36
1210_alt5,G,C,G,C,C,Q,H,C,G,K,K,H,1210_alt5,1210,36
1221_alt2,G,C,G,C,C,Q,H,C,G,K,K,H,1221_alt2,1221,36
1209_alt3,G,C,G,C,C,Q,H,C,G,K,K,H,1209_alt3,1209,36
1226_alt4,G,C,G,C,C,Q,H,C,G,K,K,H,1226_alt4,1226,36
1229_alt3,G,C,G,C,C,Q,H,C,G,K,K,H,1229_alt3,1229,36
1231_alt5,G,C,G,C,C,Q,H,C,G,K,K,H,1231_alt5,1231,36
1244_alt5,G,C,G,C,C,Q,H,C,G,K,K,H,1244_alt5,1244,36
1240_alt5,G,C,G,C,C,Q,H,C,G,K,K,H,1240_alt5,1240,36
1241_alt4,G,C,G,C,C,Q,H,C,G,K,K,H,1241_alt4,1241,36
1246_alt2,G,C,G,C,C,Q,H,C,G,K,K,H,1246_alt2,1246,36
1248_alt2,G,C,G,C,C,Q,H,C,G,K,K,H,1248_alt2,1248,36
1263_alt4,G,C,G,C,C,Q,H,C,G,K,K,H,1263_alt4,1263,36
1262_altall,G,C,G,C,C,Q,H,C,G,K,K,H,1262_altall,1262,36
1260_alt5,G,C,G,C,C,Q,H,C,G,K,K,H,1260_alt5,1260,36
1257_alt2,G,C,G,C,C,Q,H,C,G,K,K,H,1257_alt2,1257,36
1254_map,G,C,G,C,C,Q,H,C,G,K,K,H,1254_map,1254,36
1253_map,G,C,G,C,C,Q,H,C,G,K,K,H,1253_map,1253,36
1265_alt4,G,C,G,C,C,Q,H,C,G,K,K,H,1265_alt4,1265,36
1266_alt2,G,C,G,C,C,Q,H,C,G,K,K,H,1266_alt2,1266,36
1270_alt4,G,C,G,C,C,Q,H,C,G,K,K,H,1270_alt4,1270,36
1278_alt4,G,C,G,C,C,Q,H,C,G,K,K,H,1278_alt4,1278,36
1277_map,G,C,G,C,C,Q,H,C,G,K,K,H,1277_map,1277,36
1274_alt4,G,C,G,C,C,Q,H,C,G,K,K,H,1274_alt4,1274,36
1271_alt5,G,C,G,C,C,Q,H,C,G,K,K,H,1271_alt5,1271,36
1283_map,G,C,G,C,C,Q,H,C,G,K,K,H,1283_map,1283,36
1281_altall,G,C,G,C,C,Q,H,C,G,K,K,H,1281_altall,1281,36
1269_map,G,C,G,C,C,Q,H,C,G,K,K,H,1269_map,1269,36
1233_alt2,G,C,G,C,C,Q,H,C,G,K,K,H,1233_alt2,1233,36
1235_alt3,G,C,G,C,C,Q,H,C,G,K,K,H,1235_alt3,1235,36
1291_map,G,C,G,C,C,Q,H,C,G,K,K,H,1291_map,1291,36
1295_altall,G,C,G,C,C,Q,H,C,G,K,K,H,1295_altall,1295,36
1301_map,G,C,G,C,C,Q,H,C,G,R,K,H,1301_map,1301,35
1299_alt3,G,C,G,C,C,Q,H,C,G,R,K,H,1299_alt3,1299,35
1296_altall,G,C,G,C,C,Q,H,C,G,K,K,H,1296_altall,1296,36
1305_alt4,G,C,G,C,C,Q,H,C,G,K,K,H,1305_alt4,1305,36
1328_map,G,C,G,C,C,Q,H,C,G,K,K,H,1328_map,1328,36
1318_altall,G,C,G,C,C,Q,H,C,G,K,K,H,1318_altall,1318,36
1322_map,G,C,G,C,C,Q,H,C,G,K,K,H,1322_map,1322,36
1323_map,G,C,G,C,C,Q,H,C,G,K,K,H,1323_map,1323,36
1327_alt5,G,C,G,C,C,Q,H,C,G,K,K,H,1327_alt5,1327,36
1318_alt5,G,C,G,C,C,Q,H,C,G,K,K,H,1318_alt5,1318,36
1311_alt4,G,C,G,C,C,Q,H,C,G,K,K,H,1311_alt4,1311,36
1314_alt5,G,C,G,C,C,Q,H,C,G,K,K,H,1314_alt5,1314,36
1316_map,G,C,G,C,C,Q,H,C,G,K,K,H,1316_map,1316,36
1331_altall,G,C,G,C,C,Q,H,C,G,K,K,H,1331_altall,1331,36
1334_alt3,G,C,G,C,C,Q,H,C,G,K,K,H,1334_alt3,1334,36
1335_alt2,G,C,G,C,C,Q,H,C,G,K,K,H,1335_alt2,1335,36
1308_altall,G,C,G,C,C,Q,H,C,G,K,K,H,1308_altall,1308,36
1293_alt5,G,C,G,C,C,Q,H,C,G,K,K,H,1293_alt5,1293,36
1337_alt2,G,C,G,C,C,Q,H,C,G,K,K,H,1337_alt2,1337,36
1288_alt3,G,C,G,C,C,Q,H,C,G,K,K,H,1288_alt3,1288,36
1287_alt3,G,C,G,C,C,Q,H,C,G,K,K,H,1287_alt3,1287,36
1340_alt5,G,C,G,C,C,Q,H,C,G,K,K,H,1340_alt5,1340,36
1343_alt5,G,C,G,C,C,Q,H,C,G,K,K,H,1343_alt5,1343,36
1340_altall,G,C,G,C,C,Q,H,C,G,K,K,H,1340_altall,1340,36
1208_map,G,C,G,C,C,Q,H,C,G,K,K,H,1208_map,1208,36
1347_alt5,G,C,G,C,C,Q,H,C,G,K,K,H,1347_alt5,1347,36
1351_map,G,C,G,C,C,Q,H,C,G,K,K,H,1351_map,1351,36
1346_map,G,C,G,C,C,Q,H,C,G,K,K,H,1346_map,1346,36
1451_alt3,G,C,G,C,C,Q,H,C,G,K,K,H,1451_alt3,1451,36
1452_altall,G,C,G,C,C,Q,H,C,G,K,K,H,1452_altall,1452,36
1450_alt2,G,C,G,C,C,Q,H,C,G,K,K,H,1450_alt2,1450,36
1446_alt4,G,C,G,C,C,Q,H,C,G,K,K,H,1446_alt4,1446,36
1441_altall,G,C,G,C,C,Q,H,C,G,K,K,H,1441_altall,1441,36
1445_altall,G,C,G,C,C,Q,H,C,G,K,K,H,1445_altall,1445,36
1442_alt2,G,C,G,C,C,Q,H,C,G,K,K,H,1442_alt2,1442,36
1363_alt4,G,C,G,C,C,Q,H,C,G,K,K,H,1363_alt4,1363,36
1368_alt4,G,C,G,C,C,Q,H,C,G,K,K,H,1368_alt4,1368,36
1371_map,G,C,G,C,C,Q,H,C,G,K,K,H,1371_map,1371,36
1365_alt5,G,C,G,C,C,Q,H,C,G,K,K,H,1365_alt5,1365,36
1401_alt2,G,C,G,C,C,Q,H,C,G,K,K,H,1401_alt2,1401,36
1404_altall,G,C,G,C,C,Q,H,C,G,K,K,H,1404_altall,1404,36
1401_alt5,G,C,G,C,C,Q,H,C,G,K,K,H,1401_alt5,1401,36
1388_alt5,G,C,G,C,C,Q,H,C,G,K,K,H,1388_alt5,1388,36
1391_altall,G,C,G,C,C,Q,H,C,G,K,K,H,1391_altall,1391,36
1395_alt2,G,C,G,C,C,Q,H,C,G,K,K,H,1395_alt2,1395,36
1397_map,G,C,G,C,C,Q,H,C,G,K,K,H,1397_map,1397,36
1400_altall,G,C,G,C,C,Q,H,C,G,K,K,H,1400_altall,1400,36
1390_alt5,G,C,G,C,C,Q,H,C,G,K,K,H,1390_alt5,1390,36
1386_altall,G,C,G,C,C,Q,H,C,G,K,K,H,1386_altall,1386,36
1382_altall,G,C,G,C,C,Q,H,C,G,K,K,H,1382_altall,1382,36
1381_alt2,G,C,G,C,C,Q,H,C,G,K,K,H,1381_alt2,1381,36
1376_alt4,G,C,G,C,C,Q,H,C,G,K,K,H,1376_alt4,1376,36
1378_altall,G,C,G,C,C,Q,H,C,G,K,K,H,1378_altall,1378,36
1373_alt2,G,C,G,C,C,Q,H,C,G,K,K,H,1373_alt2,1373,36
1362_alt2,G,C,G,C,C,Q,H,C,G,K,K,H,1362_alt2,1362,36
1358_alt4,G,C,G,C,C,Q,H,C,G,K,K,H,1358_alt4,1358,36
1407_altall,G,C,G,C,C,Q,H,C,G,K,K,H,1407_altall,1407,36
1425_map,G,C,G,C,C,Q,H,C,G,K,K,H,1425_map,1425,36
1428_altall,G,C,G,C,C,Q,H,C,G,K,K,H,1428_altall,1428,36
1426_map,G,C,G,C,C,Q,H,C,G,K,K,H,1426_map,1426,36
1418_alt3,G,C,G,C,C,Q,H,C,G,K,K,H,1418_alt3,1418,36
1423_alt4,G,C,G,C,C,Q,H,C,G,K,K,H,1423_alt4,1423,36
1421_alt5,G,C,G,C,C,Q,H,C,G,K,K,H,1421_alt5,1421,36
1416_alt2,G,C,G,C,C,Q,H,C,G,K,K,H,1416_alt2,1416,36
1430_altall,G,C,G,C,C,Q,H,C,G,K,K,H,1430_altall,1430,36
1410_alt3,G,C,G,C,C,Q,H,C,G,K,K,H,1410_alt3,1410,36
1357_map,G,C,G,C,C,Q,H,C,G,K,K,H,1357_map,1357,36
1435_map,G,C,G,C,C,Q,H,C,G,K,K,H,1435_map,1435,36
1437_alt2,G,C,G,C,C,Q,H,C,G,K,K,H,1437_alt2,1437,36
1433_alt3,G,C,G,C,C,Q,H,C,G,K,K,H,1433_alt3,1433,36
1357_alt5,G,C,G,C,C,Q,H,C,G,K,K,H,1357_alt5,1357,36
1488_alt2,G,C,G,C,C,Q,H,C,G,K,K,H,1488_alt2,1488,36
1488_alt4,G,C,G,C,C,Q,H,C,G,K,K,H,1488_alt4,1488,36
1493_map,G,C,G,C,C,Q,H,C,G,K,K,H,1493_map,1493,36
1491_alt2,G,C,G,C,C,Q,H,C,G,K,K,H,1491_alt2,1491,36
1496_altall,G,C,G,C,C,Q,H,C,G,K,K,H,1496_altall,1496,36
1508_alt5,G,C,G,C,C,Q,H,C,G,K,K,H,1508_alt5,1508,36
1506_alt2,G,C,G,C,C,Q,H,C,G,K,K,H,1506_alt2,1506,36
1504_altall,G,C,G,C,C,Q,H,C,G,K,K,H,1504_altall,1504,36
1502_altall,G,C,G,C,C,Q,H,C,G,K,K,H,1502_altall,1502,36
1497_alt2,G,C,G,C,C,Q,H,C,G,K,K,H,1497_alt2,1497,36
1500_alt5,G,C,G,C,C,Q,H,C,G,K,K,H,1500_alt5,1500,36
1518_alt4,G,C,G,C,C,Q,H,C,G,K,K,H,1518_alt4,1518,36
1524_map,G,C,G,C,C,Q,H,C,G,K,K,H,1524_map,1524,36
1521_map,G,C,G,C,C,Q,H,C,G,K,K,H,1521_map,1521,36
1511_altall,G,C,G,C,C,Q,H,C,G,K,K,H,1511_altall,1511,36
1515_altall,G,C,G,C,C,Q,H,C,G,K,K,H,1515_altall,1515,36
1514_alt2,G,C,G,C,C,Q,H,C,G,K,K,H,1514_alt2,1514,36
1456_alt4,G,C,G,C,C,Q,H,C,G,K,K,H,1456_alt4,1456,36
1457_map,G,C,G,C,C,Q,H,C,G,K,K,H,1457_map,1457,36
1484_altall,G,C,G,C,C,Q,H,C,G,K,K,H,1484_altall,1484,36
1462_alt5,G,C,G,C,C,Q,H,C,G,K,K,H,1462_alt5,1462,36
1473_alt5,G,C,G,C,C,Q,H,C,G,K,K,H,1473_alt5,1473,36
1470_altall,G,C,G,C,C,Q,H,C,G,K,K,H,1470_altall,1470,36
1469_map,G,C,G,C,C,Q,H,C,G,K,K,H,1469_map,1469,36
1467_alt4,G,C,G,C,C,Q,H,C,G,K,K,H,1467_alt4,1467,36
1463_alt5,G,C,G,C,C,Q,H,C,G,K,K,H,1463_alt5,1463,36
1476_altall,G,C,G,C,C,Q,H,C,G,K,K,H,1476_altall,1476,36
1479_alt3,G,C,G,C,C,Q,H,C,G,K,K,H,1479_alt3,1479,36
1480_alt2,G,C,G,C,C,Q,H,C,G,K,K,H,1480_alt2,1480,36
1461_alt3,G,C,G,C,C,Q,H,C,G,K,K,H,1461_alt3,1461,36
1485_alt2,G,C,G,C,C,Q,H,C,G,K,K,H,1485_alt2,1485,36
821_map,G,C,G,C,C,Q,H,C,G,K,K,H,821_map,821,36
819_altall,G,C,A,C,C,Q,H,C,G,K,K,H,819_altall,819,34
817_alt4,G,C,A,C,C,Q,H,C,G,K,K,H,817_alt4,817,34
814_map,G,C,A,C,C,Q,H,C,G,K,K,H,814_map,814,34
812_altall,G,C,G,C,C,Q,H,C,G,K,K,H,812_altall,812,36
808_alt5,G,C,G,C,C,Q,H,C,G,K,K,H,808_alt5,808,36
788_alt3,G,C,G,C,C,Q,H,C,G,K,K,H,788_alt3,788,36
791_alt2,G,C,G,C,C,Q,H,C,G,K,K,H,791_alt2,791,36
786_altall,G,C,G,C,C,Q,H,C,G,K,K,H,786_altall,786,36
782_alt4,G,C,G,C,C,Q,H,C,G,K,K,H,782_alt4,782,36
775_alt5,G,C,G,C,C,Q,H,C,G,K,K,H,775_alt5,775,36
777_alt2,G,C,G,C,C,Q,H,C,G,K,K,H,777_alt2,777,36
780_alt5,G,C,G,C,C,Q,H,C,G,K,K,H,780_alt5,780,36
772_alt5,G,C,G,C,C,Q,H,C,G,K,K,H,772_alt5,772,36
781_altall,G,C,G,C,C,Q,H,C,G,K,K,H,781_altall,781,36
1538_alt4,G,C,G,C,C,Q,H,C,G,K,K,H,1538_alt4,1538,36
795_map,G,C,G,C,C,Q,H,C,G,T,K,H,795_map,795,35
798_alt2,G,C,G,C,C,Q,H,C,G,T,K,H,798_alt2,798,35
798_alt3,G,C,G,C,C,Q,H,C,G,T,K,H,798_alt3,798,35
794_altall,G,C,G,C,C,Q,H,C,G,K,K,H,794_altall,794,36
806_altall,G,C,S,C,C,Q,H,C,G,K,K,H,806_altall,806,34
807_alt3,G,C,S,C,C,Q,H,C,G,K,K,H,807_alt3,807,34
1525_alt2,G,C,G,C,C,Q,H,C,G,K,K,H,1525_alt2,1525,36
1528_alt2,G,C,G,C,C,Q,H,C,G,K,K,H,1528_alt2,1528,36
1532_alt2,G,C,G,C,C,Q,H,C,G,K,K,H,1532_alt2,1532,36
1530_alt4,G,C,G,C,C,Q,H,C,G,K,K,H,1530_alt4,1530,36
1535_alt5,G,C,G,C,C,Q,H,C,G,K,K,H,1535_alt5,1535,36
1536_alt2,G,C,G,C,C,Q,H,C,G,K,K,H,1536_alt2,1536,36
Anf_Azotobacter_vinelandii,G,C,G,C,C,Q,H,C,G,K,K,H,Anf_Azotobacter_vinelandii,Anf_Azotobacter,36
Vnf_Methylomusa_anaerophila,G,C,G,C,C,Q,H,C,G,K,K,H,Vnf_Methylomusa_anaerophila,Vnf_Methylomusa,36
Anf_Dysgonomonas_capnocytophagoides,G,C,G,C,C,Q,H,C,G,L,K,H,Anf_Dysgonomonas_capnocytophagoides,Anf_Dysgonomonas,35
Nif_Alkalibacter_saccharofermentans,G,C,G,C,C,Q,H,C,G,K,K,H,Nif_Alkalibacter_saccharofermentans,Nif_Alkalibacter,36
Nif_Pectinatus_cerevisiiphilus,G,C,G,C,C,Q,H,C,G,K,K,H,Nif_Pectinatus_cerevisiiphilus,Nif_Pectinatus,36
Nif_Clostridium_algidixylanolyticum,G,C,G,C,C,Q,H,C,G,K,H,H,Nif_Clostridium_algidixylanolyticum,Nif_Clostridium,35
Nif_Methanosphaerula_palustris,G,C,G,C,C,Q,H,C,G,K,K,H,Nif_Methanosphaerula_palustris,Nif_Methanosphaerula,36
Nif_Methanospirillum_lacunae,G,C,G,C,C,Q,H,C,G,K,K,H,Nif_Methanospirillum_lacunae,Nif_Methanospirillum,36
Nif_Thermoanaerobacterium_thermosaccharolyticum,G,C,G,C,C,Q,H,C,G,K,K,H,Nif_Thermoanaerobacterium_thermosaccharolyticum,Nif_Thermoanaerobacterium,36
Nif_Cytophaga_xylanolytica,G,C,G,C,C,Q,H,C,G,K,K,H,Nif_Cytophaga_xylanolytica,Nif_Cytophaga,36
Nif_Desulfobacca_acetoxidans,G,C,G,C,C,Q,H,C,G,K,K,H,Nif_Desulfobacca_acetoxidans,Nif_Desulfobacca,36
Nif_Desulfonatronum_lacustre,G,C,G,C,C,Q,H,C,G,K,K,H,Nif_Desulfonatronum_lacustre,Nif_Desulfonatronum,36
Nif_Candidatus_Dadabacteria_bacterium,G,C,G,C,C,Q,H,C,G,K,K,H,Nif_Candidatus_Dadabacteria_bacterium,Nif_Candidatus_Dadabacteria,36
Nif_Desulfobulbaceae_bacterium,G,C,G,C,C,Q,H,C,G,K,K,H,Nif_Desulfobulbaceae_bacterium,Nif_Desulfobulbaceae,36
Nif_Verrucomicrobia_bacterium_Tous-C9LFEB,G,C,G,C,C,Q,H,C,G,K,K,H,Nif_Verrucomicrobia_bacterium_Tous-C9LFEB,Nif_Verrucomicrobia_bacterium,36
Nif_Kiritimatiellales_bacterium,G,C,G,C,C,Q,H,C,G,K,K,H,Nif_Kiritimatiellales_bacterium,Nif_Kiritimatiellales,36
Nif_Methanotorris_igneus,G,C,G,C,C,Q,H,C,G,K,K,H,Nif_Methanotorris_igneus,Nif_Methanotorris,36
Vnf_Rhodopseudomonas_palustris,G,C,G,C,C,Q,H,C,G,T,K,H,Vnf_Rhodopseudomonas_palustris,Vnf_Rhodopseudomonas,35
Nif_Herbaspirillum_frisingense,G,C,G,C,C,Q,H,C,G,K,K,H,Nif_Herbaspirillum_frisingense,Nif_Herbaspirillum,36
Nif_Acidithiobacillus_ferridurans,G,C,G,C,C,Q,H,C,G,K,K,H,Nif_Acidithiobacillus_ferridurans,Nif_Acidithiobacillus,36
Nif_Azotobacter_vinelandii,G,C,G,C,C,Q,H,C,G,K,K,H,Nif_Azotobacter_vinelandii,Nif_Azotobacter,36
Nif_Haliea_sp_SAOS-164,G,C,G,C,C,Q,H,C,G,K,K,H,Nif_Haliea_sp_SAOS-164,Nif_Haliea_sp,36
Nif_Marinobacter_sp_ES-1,G,C,G,C,C,Q,H,C,G,K,K,H,Nif_Marinobacter_sp_ES-1,Nif_Marinobacter_sp,36
Nif_Thioploca_ingrica,G,C,G,C,C,Q,H,C,G,K,K,H,Nif_Thioploca_ingrica,Nif_Thioploca,36
Nif_Nitrospirae_bacterium,G,C,G,C,C,Q,H,C,G,K,K,H,Nif_Nitrospirae_bacterium,Nif_Nitrospirae,36
Nif_Seleniivibrio_woodruffii,G,C,G,C,C,Q,H,C,G,R,K,H,Nif_Seleniivibrio_woodruffii,Nif_Seleniivibrio,35
Nif_Aneurinibacillus_terranovensis,G,C,G,C,C,Q,H,C,G,K,K,H,Nif_Aneurinibacillus_terranovensis,Nif_Aneurinibacillus,36
Nif_Oscillochloris_trichoides,G,C,G,C,C,Q,H,C,G,K,K,H,Nif_Oscillochloris_trichoides,Nif_Oscillochloris,36
