,G10,K11,G12,G13,G15,K16,S17,D40,K42,D44,C98,D130,C133,hit,contig,score
1207_alt4,G,K,G,G,G,K,S,D,K,D,C,D,C,1207_alt4,1207,26
1214_alt3,G,K,G,G,G,K,S,D,K,D,C,D,C,1214_alt3,1214,26
1216_alt2,G,K,G,G,G,K,S,D,K,D,C,D,C,1216_alt2,1216,26
1218_alt4,G,K,G,G,G,K,S,D,K,D,C,D,C,1218_alt4,1218,26
1210_alt4,G,K,G,G,G,K,S,D,K,D,C,D,C,1210_alt4,1210,26
1221_altall,G,K,G,G,G,K,S,D,K,D,C,D,C,1221_altall,1221,26
1209_altall,G,K,G,G,G,K,S,D,K,D,C,D,C,1209_altall,1209,26
1226_alt5,G,K,G,G,G,K,S,D,K,D,C,D,C,1226_alt5,1226,26
1229_alt5,G,K,G,G,G,K,S,D,K,D,C,D,C,1229_alt5,1229,26
1231_alt2,G,K,G,G,G,K,S,D,K,D,C,D,C,1231_alt2,1231,26
1244_map,G,K,G,G,G,K,S,D,K,D,C,D,C,1244_map,1244,26
1240_map,G,K,G,G,G,K,S,D,K,D,C,D,C,1240_map,1240,26
1241_altall,G,K,G,G,G,K,S,D,K,D,C,D,C,1241_altall,1241,26
1239_map,G,K,G,G,G,K,S,D,K,D,C,D,C,1239_map,1239,26
1248_map,G,K,G,G,G,K,S,D,K,D,C,D,C,1248_map,1248,26
1263_map,G,K,G,G,G,K,S,D,K,D,C,D,C,1263_map,1263,26
1262_alt3,G,K,G,G,G,K,S,D,K,D,C,D,C,1262_alt3,1262,26
1260_alt2,G,K,G,G,G,K,S,D,K,D,C,D,C,1260_alt2,1260,26
1258_map,G,K,G,G,G,K,S,D,K,D,C,D,C,1258_map,1258,26
1254_alt5,G,K,G,G,G,K,S,D,K,D,C,D,C,1254_alt5,1254,26
1253_alt4,G,K,G,G,G,K,S,D,K,D,C,D,C,1253_alt4,1253,26
1265_alt5,G,K,G,G,G,K,S,D,K,D,C,D,C,1265_alt5,1265,26
1266_alt5,G,K,G,G,G,K,S,D,K,D,C,D,C,1266_alt5,1266,26
1270_alt3,G,K,G,G,G,K,S,D,K,D,C,D,C,1270_alt3,1270,26
1273_alt5,G,K,G,G,G,K,S,D,K,D,C,D,C,1273_alt5,1273,26
1277_alt3,G,K,G,G,G,K,S,D,K,D,C,D,C,1277_alt3,1277,26
1272_alt2,G,K,G,G,G,K,S,D,K,D,C,D,C,1272_alt2,1272,26
1271_map,G,K,G,G,G,K,S,D,K,D,C,D,C,1271_map,1271,26
1283_alt5,G,K,G,G,G,K,S,D,K,D,C,D,C,1283_alt5,1283,26
1281_alt4,G,K,G,G,G,K,S,D,K,D,C,D,C,1281_alt4,1281,26
1269_alt5,G,K,G,G,G,K,S,D,K,D,C,D,C,1269_alt5,1269,26
1233_map,G,K,G,G,G,K,S,D,K,D,C,D,C,1233_map,1233,26
1233_alt3,G,K,G,G,G,K,S,D,K,D,C,D,C,1233_alt3,1233,26
1291_alt4,G,K,G,G,G,K,S,D,K,D,C,D,C,1291_alt4,1291,26
1296_alt2,G,K,G,G,G,K,S,D,K,D,C,D,C,1296_alt2,1296,26
1301_alt3,G,K,G,G,G,K,S,D,K,D,C,D,C,1301_alt3,1301,26
1299_alt4,G,K,G,G,G,K,S,D,K,D,C,D,C,1299_alt4,1299,26
1295_alt3,G,K,G,G,G,K,S,D,K,D,C,D,C,1295_alt3,1295,26
1305_map,G,K,G,G,G,K,S,D,K,D,C,D,C,1305_map,1305,26
1328_alt2,G,K,G,G,G,K,S,D,K,D,C,D,C,1328_alt2,1328,26
1319_alt5,G,K,G,G,G,K,S,D,K,D,C,D,C,1319_alt5,1319,26
1322_alt3,G,K,G,G,G,K,S,D,K,D,C,D,C,1322_alt3,1322,26
1323_alt3,G,K,G,G,G,K,S,D,K,D,C,D,C,1323_alt3,1323,26
1327_alt3,G,K,G,G,G,K,S,D,K,D,C,D,C,1327_alt3,1327,26
1318_alt3,G,K,G,G,G,K,S,D,K,D,C,D,C,1318_alt3,1318,26
1311_alt3,G,K,G,G,G,K,S,D,K,D,C,D,C,1311_alt3,1311,26
1314_map,G,K,G,G,G,K,S,D,K,D,C,D,C,1314_map,1314,26
1316_alt4,G,K,G,G,G,K,S,D,K,D,C,D,C,1316_alt4,1316,26
1331_alt5,G,K,G,G,G,K,S,D,K,D,C,D,C,1331_alt5,1331,26
1334_alt2,G,K,G,G,G,K,S,D,K,D,C,D,C,1334_alt2,1334,26
1336_alt3,G,K,G,G,G,K,S,D,K,D,C,D,C,1336_alt3,1336,26
1308_alt4,G,K,G,G,G,K,S,D,K,D,C,D,C,1308_alt4,1308,26
1293_altall,G,K,G,G,G,K,S,D,K,D,C,D,C,1293_altall,1293,26
1292_alt4,G,K,G,G,G,K,S,D,K,D,C,D,C,1292_alt4,1292,26
1288_alt5,G,K,G,G,G,K,S,D,K,D,C,D,C,1288_alt5,1288,26
1231_alt4,G,K,G,G,G,K,S,D,K,D,C,D,C,1231_alt4,1231,26
1341_alt3,G,K,G,G,G,K,S,D,K,D,C,D,C,1341_alt3,1341,26
1343_map,G,K,G,G,G,K,S,D,K,D,C,D,C,1343_map,1343,26
1339_alt5,G,K,G,G,G,K,S,D,K,D,C,D,C,1339_alt5,1339,26
1208_alt2,G,K,G,G,G,K,S,D,K,D,C,D,C,1208_alt2,1208,26
1346_alt2,G,K,G,G,G,K,S,D,K,D,C,D,C,1346_alt2,1346,26
1351_alt5,G,K,G,G,G,K,S,D,K,D,C,D,C,1351_alt5,1351,26
1345_map,G,K,G,G,G,K,S,D,K,D,C,D,C,1345_map,1345,26
1451_map,G,K,G,G,G,K,S,D,K,D,C,D,C,1451_map,1451,26
1451_alt5,G,K,G,G,G,K,S,D,K,D,C,D,C,1451_alt5,1451,26
1450_altall,G,K,G,G,G,K,S,D,K,D,C,D,C,1450_altall,1450,26
1446_alt3,G,K,G,G,G,K,S,D,K,D,C,D,C,1446_alt3,1446,26
1441_alt2,G,K,G,G,G,K,S,D,K,D,C,D,C,1441_alt2,1441,26
1445_alt5,G,K,G,G,G,K,S,D,K,D,C,D,C,1445_alt5,1445,26
1442_map,G,K,G,G,G,K,S,D,K,D,C,D,C,1442_map,1442,26
1363_alt2,G,K,G,G,G,K,S,D,K,D,C,D,C,1363_alt2,1363,26
1368_alt2,G,K,G,G,G,K,S,D,K,D,C,D,C,1368_alt2,1368,26
1371_alt4,G,K,G,G,G,K,S,D,K,D,C,D,C,1371_alt4,1371,26
1365_map,G,K,G,G,G,K,S,D,K,D,C,D,C,1365_map,1365,26
1402_altall,G,K,G,G,G,K,S,D,K,D,C,D,C,1402_altall,1402,26
1405_alt4,G,K,G,G,G,K,S,D,K,D,C,D,C,1405_alt4,1405,26
1382_map,G,K,G,G,G,K,S,D,K,D,C,D,C,1382_map,1382,26
1388_altall,G,K,G,G,G,K,S,D,K,D,C,D,C,1388_altall,1388,26
1392_alt5,G,K,G,G,G,K,S,D,K,D,C,D,C,1392_alt5,1392,26
1395_map,G,K,G,G,G,K,S,D,K,D,C,D,C,1395_map,1395,26
1398_alt5,G,K,G,G,G,K,S,D,K,D,C,D,C,1398_alt5,1398,26
1400_alt3,G,K,G,G,G,K,S,D,K,D,C,D,C,1400_alt3,1400,26
1390_altall,G,K,G,G,G,K,S,D,K,D,C,D,C,1390_altall,1390,26
1385_alt4,G,K,G,G,G,K,S,D,K,D,C,D,C,1385_alt4,1385,26
1372_alt4,G,K,G,G,G,K,S,D,K,D,C,D,C,1372_alt4,1372,26
1381_alt4,G,K,G,G,G,K,S,D,K,D,C,D,C,1381_alt4,1381,26
1376_map,G,K,G,G,G,K,S,D,K,D,C,D,C,1376_map,1376,26
1379_altall,G,K,G,G,G,K,S,D,K,D,C,D,C,1379_altall,1379,26
1373_alt5,G,K,G,G,G,K,S,D,K,D,C,D,C,1373_alt5,1373,26
1362_map,G,K,G,G,G,K,S,D,K,D,C,D,C,1362_map,1362,26
1358_alt5,G,K,G,G,G,K,S,D,K,D,C,D,C,1358_alt5,1358,26
1407_alt2,G,K,G,G,G,K,S,D,K,D,C,D,C,1407_alt2,1407,26
1425_alt4,G,K,G,G,G,K,S,D,K,D,C,D,C,1425_alt4,1425,26
1429_altall,G,K,G,G,G,K,S,D,K,D,C,D,C,1429_altall,1429,26
1426_alt3,G,K,G,G,G,K,S,D,K,D,C,D,C,1426_alt3,1426,26
1416_alt4,G,K,G,G,G,K,S,D,K,D,C,D,C,1416_alt4,1416,26
1419_alt3,G,K,G,G,G,K,S,D,K,D,C,D,C,1419_alt3,1419,26
1421_map,G,K,G,G,G,K,S,D,K,D,C,D,C,1421_map,1421,26
1415_alt2,G,K,G,G,G,K,S,D,K,D,C,D,C,1415_alt2,1415,26
1430_alt3,G,K,G,G,G,K,S,D,K,D,C,D,C,1430_alt3,1430,26
1410_alt2,G,K,G,G,G,K,S,D,K,D,C,D,C,1410_alt2,1410,26
1357_alt2,G,K,G,G,G,K,S,D,K,D,C,D,C,1357_alt2,1357,26
1434_alt2,G,K,G,G,G,K,S,D,K,D,C,D,C,1434_alt2,1434,26
1436_alt2,G,K,G,G,G,K,S,D,K,D,C,D,C,1436_alt2,1436,26
1433_alt2,G,K,G,G,G,K,S,D,K,D,C,D,C,1433_alt2,1433,26
1357_alt3,G,K,G,G,G,K,S,D,K,D,C,D,C,1357_alt3,1357,26
1494_alt5,G,K,G,G,G,K,S,D,K,D,C,D,C,1494_alt5,1494,26
1488_alt5,G,K,G,G,G,K,S,D,K,D,C,D,C,1488_alt5,1488,26
1490_alt3,G,K,G,G,G,K,S,D,K,D,C,D,C,1490_alt3,1490,26
1491_alt3,G,K,G,G,G,K,S,D,K,D,C,D,C,1491_alt3,1491,26
1504_alt4,G,K,G,G,G,K,S,D,K,D,C,D,C,1504_alt4,1504,26
1508_alt4,G,K,G,G,G,K,S,D,K,D,C,D,C,1508_alt4,1508,26
1506_alt5,G,K,G,G,G,K,S,D,K,D,C,D,C,1506_alt5,1506,26
1496_map,G,K,G,G,G,K,S,D,K,D,C,D,C,1496_map,1496,26
1503_altall,G,K,G,G,G,K,S,D,K,D,C,D,C,1503_altall,1503,26
1497_map,G,K,G,G,G,K,S,D,K,D,C,D,C,1497_map,1497,26
1500_map,G,K,G,G,G,K,S,D,K,D,C,D,C,1500_map,1500,26
1518_alt3,G,K,G,G,G,K,S,D,K,D,C,D,C,1518_alt3,1518,26
1524_alt5,G,K,G,G,G,K,S,D,K,D,C,D,C,1524_alt5,1524,26
1521_alt3,G,K,G,G,G,K,S,D,K,D,C,D,C,1521_alt3,1521,26
1513_alt5,G,K,G,G,G,K,S,D,K,D,C,D,C,1513_alt5,1513,26
1516_altall,G,K,G,G,G,K,S,D,K,D,C,D,C,1516_altall,1516,26
1514_map,G,K,G,G,G,K,S,D,K,D,C,D,C,1514_map,1514,26
1456_alt3,G,K,G,G,G,K,S,D,K,D,C,D,C,1456_alt3,1456,26
1456_altall,G,K,G,G,G,K,S,D,K,D,C,D,C,1456_altall,1456,26
1460_alt4,G,K,G,G,G,K,S,D,K,D,C,D,C,1460_alt4,1460,26
1482_altall,G,K,G,G,G,K,S,D,K,D,C,D,C,1482_altall,1482,26
1473_alt3,G,K,G,G,G,K,S,D,K,D,C,D,C,1473_alt3,1473,26
1470_alt4,G,K,G,G,G,K,S,D,K,D,C,D,C,1470_alt4,1470,26
1469_alt3,G,K,G,G,G,K,S,D,K,D,C,D,C,1469_alt3,1469,26
1467_altall,G,K,G,G,G,K,S,D,K,D,C,D,C,1467_altall,1467,26
1463_alt2,G,K,G,G,G,K,S,D,K,D,C,D,C,1463_alt2,1463,26
1481_altall,G,K,G,G,G,K,S,D,K,D,C,D,C,1481_altall,1481,26
1479_map,G,K,G,G,G,K,S,D,K,D,C,D,C,1479_map,1479,26
1480_alt5,G,K,G,G,G,K,S,D,K,D,C,D,C,1480_alt5,1480,26
1461_alt5,G,K,G,G,G,K,S,D,K,D,C,D,C,1461_alt5,1461,26
1485_alt5,G,K,G,G,G,K,S,D,K,D,C,D,C,1485_alt5,1485,26
820_alt3,G,K,G,G,G,K,S,D,K,D,C,D,C,820_alt3,820,26
819_alt3,G,K,G,G,G,K,S,D,K,D,C,D,C,819_alt3,819,26
817_alt3,G,K,G,G,G,K,S,D,K,D,C,D,C,817_alt3,817,26
815_alt5,G,K,G,G,G,K,S,D,K,D,C,D,C,815_alt5,815,26
812_alt2,G,K,G,G,G,K,S,D,K,D,C,D,C,812_alt2,812,26
808_alt2,G,K,G,G,G,K,S,D,K,D,C,D,C,808_alt2,808,26
788_alt2,G,K,G,G,G,K,S,D,K,D,C,D,C,788_alt2,788,26
790_alt5,G,K,G,G,G,K,S,D,K,D,C,D,C,790_alt5,790,26
785_altall,G,K,G,G,G,K,S,D,K,D,C,D,C,785_altall,785,26
782_alt5,G,K,G,G,G,K,S,D,K,D,C,D,C,782_alt5,782,26
775_altall,G,K,G,G,G,K,S,D,K,D,C,D,C,775_altall,775,26
777_altall,G,K,G,G,G,K,S,D,K,D,C,D,C,777_altall,777,26
780_alt4,G,K,G,G,G,K,S,D,K,D,C,D,C,780_alt4,780,26
772_map,G,K,G,G,G,K,S,D,K,D,C,D,C,772_map,772,26
783_alt3,G,K,G,G,G,K,S,D,K,D,C,D,C,783_alt3,783,26
1538_alt5,G,K,G,G,G,K,S,D,K,D,C,D,C,1538_alt5,1538,26
795_alt5,G,K,G,G,G,K,S,D,K,D,C,D,C,795_alt5,795,26
800_map,G,K,G,G,G,K,S,D,K,D,C,D,C,800_map,800,26
796_altall,G,K,G,G,G,K,S,D,K,D,C,D,C,796_altall,796,26
794_alt4,G,K,G,G,G,K,S,D,K,D,C,D,C,794_alt4,794,26
806_alt5,G,K,G,G,G,K,S,D,K,D,C,D,C,806_alt5,806,26
807_alt4,G,K,G,G,G,K,S,D,K,D,C,D,C,807_alt4,807,26
1525_alt5,G,K,G,G,G,K,S,D,K,D,C,D,C,1525_alt5,1525,26
1527_alt5,G,K,G,G,G,K,S,D,K,D,C,D,C,1527_alt5,1527,26
1532_altall,G,K,G,G,G,K,S,D,K,D,C,D,C,1532_altall,1532,26
1529_altall,G,K,G,G,G,K,S,D,K,D,C,D,C,1529_altall,1529,26
1535_alt4,G,K,G,G,G,K,S,D,K,D,C,D,C,1535_alt4,1535,26
1534_alt4,G,K,G,G,G,K,S,D,K,D,C,D,C,1534_alt4,1534,26
Anf_Thiorhodococcus_drewsii,G,K,G,G,G,K,S,D,K,D,C,D,C,Anf_Thiorhodococcus_drewsii,Anf_Thiorhodococcus,26
Vnf_Paenibacillus_durus,G,K,G,G,G,K,S,D,K,D,C,D,C,Vnf_Paenibacillus_durus,Vnf_Paenibacillus,26
Nif_ANME-2_cluster_archaeon,G,K,G,G,G,K,S,D,K,D,C,D,C,Nif_ANME-2_cluster_archaeon,Nif_ANME-2_cluster,26
Nif_Natranaerovirga_hydrolytica,G,K,G,G,G,K,S,D,K,D,C,D,C,Nif_Natranaerovirga_hydrolytica,Nif_Natranaerovirga,26
Nif_Petroclostridium_xylanilyticum,G,K,G,G,G,K,S,D,K,D,C,D,C,Nif_Petroclostridium_xylanilyticum,Nif_Petroclostridium,26
Nif_Anaerobacterium_chartisolvens,G,K,G,G,G,K,S,D,K,D,C,D,C,Nif_Anaerobacterium_chartisolvens,Nif_Anaerobacterium,26
Nif_Methanomicrobiales_archaeon_HGW-Methanomicrobiales-1,G,K,G,G,G,K,S,D,K,D,C,D,C,Nif_Methanomicrobiales_archaeon_HGW-Methanomicrobiales-1,Nif_Methanomicrobiales_archaeon,26
Nif_Methanomassiliicoccus_luminyensis,G,K,G,G,G,K,S,D,K,D,C,D,C,Nif_Methanomassiliicoccus_luminyensis,Nif_Methanomassiliicoccus,26
Nif_Gaiellales_bacterium,G,K,G,G,G,K,S,D,K,D,C,D,C,Nif_Gaiellales_bacterium,Nif_Gaiellales,26
Nif_Candidatus_Azobacteroides_pseudotrichonymphae,G,K,G,G,G,K,S,D,K,D,C,D,C,Nif_Candidatus_Azobacteroides_pseudotrichonymphae,Nif_Candidatus_Azobacteroides,26
Nif_Fibrobacteres_bacterium,G,K,G,G,G,K,S,D,K,D,C,D,C,Nif_Fibrobacteres_bacterium,Nif_Fibrobacteres,26
Nif_Hydrogenispora_ethanolica,G,K,G,G,G,K,S,D,K,D,C,D,C,Nif_Hydrogenispora_ethanolica,Nif_Hydrogenispora,26
Nif_Deltaproteobacteria_bacterium,G,K,G,G,G,K,S,D,K,D,C,D,C,Nif_Deltaproteobacteria_bacterium,Nif_Deltaproteobacteria,26
Nif_Desulfobulbaceae_bacterium_DB1,G,K,G,G,G,K,S,D,K,D,C,D,C,Nif_Desulfobulbaceae_bacterium_DB1,Nif_Desulfobulbaceae_bacterium,26
Nif_Coraliomargarita_akajimensis,G,K,G,G,G,K,S,D,K,D,C,D,C,Nif_Coraliomargarita_akajimensis,Nif_Coraliomargarita,26
Nif_Verrucomicrobia_bacterium_S94,G,K,G,G,G,K,S,D,K,D,C,D,C,Nif_Verrucomicrobia_bacterium_S94,Nif_Verrucomicrobia_bacterium,26
Nif_Methanothermococcus_okinawensis,G,K,G,G,G,K,S,D,K,D,C,D,C,Nif_Methanothermococcus_okinawensis,Nif_Methanothermococcus,26
Nif_Rhodopseudomonas_palustris,G,K,G,G,G,K,S,D,K,D,C,D,C,Nif_Rhodopseudomonas_palustris,Nif_Rhodopseudomonas,26
Nif_Acuticoccus_sp_PTG4-2,G,K,G,G,G,K,S,D,K,D,C,D,C,Nif_Acuticoccus_sp_PTG4-2,Nif_Acuticoccus_sp,26
Nif_Telmatospirillum_siberiense,G,K,G,G,G,K,S,D,K,D,C,D,C,Nif_Telmatospirillum_siberiense,Nif_Telmatospirillum,26
Vnf_Azomonas_agilis,G,K,G,G,G,K,S,D,K,D,C,D,C,Vnf_Azomonas_agilis,Vnf_Azomonas,26
Nif_Oceanospirillaceae_bacterium,G,K,G,G,G,K,S,D,K,D,C,D,C,Nif_Oceanospirillaceae_bacterium,Nif_Oceanospirillaceae,26
Nif_Blastopirellula_marina,G,K,G,G,G,K,S,D,K,D,C,D,C,Nif_Blastopirellula_marina,Nif_Blastopirellula,26
Nif_Candidatus_Lambdaproteobacteria_bacterium_RIFOXYC1_FULL_56_13,G,K,G,G,G,K,S,D,K,D,C,D,C,Nif_Candidatus_Lambdaproteobacteria_bacterium_RIFOXYC1_FULL_56_13,Nif_Candidatus_Lambdaproteobacteria_bacterium_RIFOXYC1_FULL_56,26
Nif_Thermodesulfovibrio_aggregans,G,K,G,G,G,K,S,D,K,D,C,D,C,Nif_Thermodesulfovibrio_aggregans,Nif_Thermodesulfovibrio,26
Nif_Frankia_canadensis,G,K,G,G,G,K,S,D,K,D,C,D,C,Nif_Frankia_canadensis,Nif_Frankia,26
Nif_Gorillibacterium_timonense,G,K,G,G,G,K,S,D,K,D,C,D,C,Nif_Gorillibacterium_timonense,Nif_Gorillibacterium,26
Nif_Roseiflexus_castenholzii,G,K,G,G,G,K,S,D,K,D,C,D,C,Nif_Roseiflexus_castenholzii,Nif_Roseiflexus,26
reference,G,K,G,G,G,K,S,D,K,D,C,D,C,nifH,,26
1207_alt5,G,K,G,G,G,K,S,D,K,D,C,D,C,1207_alt5,1207,26
1215_alt2,G,K,G,G,G,K,S,D,K,D,C,D,C,1215_alt2,1215,26
1216_map,G,K,G,G,G,K,S,D,K,D,C,D,C,1216_map,1216,26
1216_altall,G,K,G,G,G,K,S,D,K,D,C,D,C,1216_altall,1216,26
1210_alt2,G,K,G,G,G,K,S,D,K,D,C,D,C,1210_alt2,1210,26
1221_alt5,G,K,G,G,G,K,S,D,K,D,C,D,C,1221_alt5,1221,26
1223_altall,G,K,G,G,G,K,S,D,K,D,C,D,C,1223_altall,1223,26
1226_alt2,G,K,G,G,G,K,S,D,K,D,C,D,C,1226_alt2,1226,26
1229_map,G,K,G,G,G,K,S,D,K,D,C,D,C,1229_map,1229,26
1232_alt2,G,K,G,G,G,K,S,D,K,D,C,D,C,1232_alt2,1232,26
1244_alt2,G,K,G,G,G,K,S,D,K,D,C,D,C,1244_alt2,1244,26
1240_alt2,G,K,G,G,G,K,S,D,K,D,C,D,C,1240_alt2,1240,26
1239_alt2,G,K,G,G,G,K,S,D,K,D,C,D,C,1239_alt2,1239,26
1239_alt3,G,K,G,G,G,K,S,D,K,D,C,D,C,1239_alt3,1239,26
1248_alt4,G,K,G,G,G,K,S,D,K,D,C,D,C,1248_alt4,1248,26
1263_alt5,G,K,G,G,G,K,S,D,K,D,C,D,C,1263_alt5,1263,26
1262_alt4,G,K,G,G,G,K,S,D,K,D,C,D,C,1262_alt4,1262,26
1260_map,G,K,G,G,G,K,S,D,K,D,C,D,C,1260_map,1260,26
1258_alt5,G,K,G,G,G,K,S,D,K,D,C,D,C,1258_alt5,1258,26
1254_altall,G,K,G,G,G,K,S,D,K,D,C,D,C,1254_altall,1254,26
1253_alt3,G,K,G,G,G,K,S,D,K,D,C,D,C,1253_alt3,1253,26
1265_alt2,G,K,G,G,G,K,S,D,K,D,C,D,C,1265_alt2,1265,26
1266_map,G,K,G,G,G,K,S,D,K,D,C,D,C,1266_map,1266,26
1270_alt2,G,K,G,G,G,K,S,D,K,D,C,D,C,1270_alt2,1270,26
1273_map,G,K,G,G,G,K,S,D,K,D,C,D,C,1273_map,1273,26
1277_altall,G,K,G,G,G,K,S,D,K,D,C,D,C,1277_altall,1277,26
1279_map,G,K,G,G,G,K,S,D,K,D,C,D,C,1279_map,1279,26
1280_map,G,K,G,G,G,K,S,D,K,D,C,D,C,1280_map,1280,26
1283_alt4,G,K,G,G,G,K,S,D,K,D,C,D,C,1283_alt4,1283,26
1281_alt5,G,K,G,G,G,K,S,D,K,D,C,D,C,1281_alt5,1281,26
1268_altall,G,K,G,G,G,K,S,D,K,D,C,D,C,1268_altall,1268,26
1233_alt5,G,K,G,G,G,K,S,D,K,D,C,D,C,1233_alt5,1233,26
1233_alt4,G,K,G,G,G,K,S,D,K,D,C,D,C,1233_alt4,1233,26
1290_alt4,G,K,G,G,G,K,S,D,K,D,C,D,C,1290_alt4,1290,26
1297_alt3,G,K,G,G,G,K,S,D,K,D,C,D,C,1297_alt3,1297,26
1301_altall,G,K,G,G,G,K,S,D,K,D,C,D,C,1301_altall,1301,26
1298_alt4,G,K,G,G,G,K,S,D,K,D,C,D,C,1298_alt4,1298,26
1295_alt5,G,K,G,G,G,K,S,D,K,D,C,D,C,1295_alt5,1295,26
1305_alt2,G,K,G,G,G,K,S,D,K,D,C,D,C,1305_alt2,1305,26
1328_alt3,G,K,G,G,G,K,S,D,K,D,C,D,C,1328_alt3,1328,26
1319_alt4,G,K,G,G,G,K,S,D,K,D,C,D,C,1319_alt4,1319,26
1322_alt4,G,K,G,G,G,K,S,D,K,D,C,D,C,1322_alt4,1322,26
1323_alt2,G,K,G,G,G,K,S,D,K,D,C,D,C,1323_alt2,1323,26
1327_altall,G,K,G,G,G,K,S,D,K,D,C,D,C,1327_altall,1327,26
1317_alt5,G,K,G,G,G,K,S,D,K,D,C,D,C,1317_alt5,1317,26
1311_altall,G,K,G,G,G,K,S,D,K,D,C,D,C,1311_altall,1311,26
1313_map,G,K,G,G,G,K,S,D,K,D,C,D,C,1313_map,1313,26
1315_alt2,G,K,G,G,G,K,S,D,K,D,C,D,C,1315_alt2,1315,26
1331_alt2,G,K,G,G,G,K,S,D,K,D,C,D,C,1331_alt2,1331,26
1334_alt5,G,K,G,G,G,K,S,D,K,D,C,D,C,1334_alt5,1334,26
1336_altall,G,K,G,G,G,K,S,D,K,D,C,D,C,1336_altall,1336,26
1306_alt2,G,K,G,G,G,K,S,D,K,D,C,D,C,1306_alt2,1306,26
1293_alt3,G,K,G,G,G,K,S,D,K,D,C,D,C,1293_alt3,1293,26
1292_alt2,G,K,G,G,G,K,S,D,K,D,C,D,C,1292_alt2,1292,26
1288_map,G,K,G,G,G,K,S,D,K,D,C,D,C,1288_map,1288,26
1231_map,G,K,G,G,G,K,S,D,K,D,C,D,C,1231_map,1231,26
1341_map,G,K,G,G,G,K,S,D,K,D,C,D,C,1341_map,1341,26
1343_alt4,G,K,G,G,G,K,S,D,K,D,C,D,C,1343_alt4,1343,26
1230_alt3,G,K,G,G,G,K,S,D,K,D,C,D,C,1230_alt3,1230,26
1207_altall,G,K,G,G,G,K,S,D,K,D,C,D,C,1207_altall,1207,26
1350_altall,G,K,G,G,G,K,S,D,K,D,C,D,C,1350_altall,1350,26
1349_alt4,G,K,G,G,G,K,S,D,K,D,C,D,C,1349_alt4,1349,26
1345_alt2,G,K,G,G,G,K,S,D,K,D,C,D,C,1345_alt2,1345,26
1452_alt3,G,K,G,G,G,K,S,D,K,D,C,D,C,1452_alt3,1452,26
1451_alt2,G,K,G,G,G,K,S,D,K,D,C,D,C,1451_alt2,1451,26
1450_alt5,G,K,G,G,G,K,S,D,K,D,C,D,C,1450_alt5,1450,26
1353_alt3,G,K,G,G,G,K,S,D,K,D,C,D,C,1353_alt3,1353,26
1441_alt4,G,K,G,G,G,K,S,D,K,D,C,D,C,1441_alt4,1441,26
1445_alt3,G,K,G,G,G,K,S,D,K,D,C,D,C,1445_alt3,1445,26
1440_altall,G,K,G,G,G,K,S,D,K,D,C,D,C,1440_altall,1440,26
1363_map,G,K,G,G,G,K,S,D,K,D,C,D,C,1363_map,1363,26
1368_altall,G,K,G,G,G,K,S,D,K,D,C,D,C,1368_altall,1368,26
1370_map,G,K,G,G,G,K,S,D,K,D,C,D,C,1370_map,1370,26
1367_map,G,K,G,G,G,K,S,D,K,D,C,D,C,1367_map,1367,26
1403_altall,G,K,G,G,G,K,S,D,K,D,C,D,C,1403_altall,1403,26
1405_alt2,G,K,G,G,G,K,S,D,K,D,C,D,C,1405_alt2,1405,26
1382_alt2,G,K,G,G,G,K,S,D,K,D,C,D,C,1382_alt2,1382,26
1389_alt2,G,K,G,G,G,K,S,D,K,D,C,D,C,1389_alt2,1389,26
1392_alt3,G,K,G,G,G,K,S,D,K,D,C,D,C,1392_alt3,1392,26
1395_alt3,G,K,G,G,G,K,S,D,K,D,C,D,C,1395_alt3,1395,26
1398_altall,G,K,G,G,G,K,S,D,K,D,C,D,C,1398_altall,1398,26
1400_map,G,K,G,G,G,K,S,D,K,D,C,D,C,1400_map,1400,26
1389_altall,G,K,G,G,G,K,S,D,K,D,C,D,C,1389_altall,1389,26
1385_map,G,K,G,G,G,K,S,D,K,D,C,D,C,1385_map,1385,26
1372_alt2,G,K,G,G,G,K,S,D,K,D,C,D,C,1372_alt2,1372,26
1381_alt3,G,K,G,G,G,K,S,D,K,D,C,D,C,1381_alt3,1381,26
1377_map,G,K,G,G,G,K,S,D,K,D,C,D,C,1377_map,1377,26
1379_alt4,G,K,G,G,G,K,S,D,K,D,C,D,C,1379_alt4,1379,26
1373_map,G,K,G,G,G,K,S,D,K,D,C,D,C,1373_map,1373,26
1362_alt5,G,K,G,G,G,K,S,D,K,D,C,D,C,1362_alt5,1362,26
1358_map,G,K,G,G,G,K,S,D,K,D,C,D,C,1358_map,1358,26
1406_alt5,G,K,G,G,G,K,S,D,K,D,C,D,C,1406_alt5,1406,26
1425_alt5,G,K,G,G,G,K,S,D,K,D,C,D,C,1425_alt5,1425,26
1429_alt4,G,K,G,G,G,K,S,D,K,D,C,D,C,1429_alt4,1429,26
1414_altall,G,K,G,G,G,K,S,D,K,D,C,D,C,1414_altall,1414,26
1416_altall,G,K,G,G,G,K,S,D,K,D,C,D,C,1416_altall,1416,26
1419_alt4,G,K,G,G,G,K,S,D,K,D,C,D,C,1419_alt4,1419,26
1421_alt4,G,K,G,G,G,K,S,D,K,D,C,D,C,1421_alt4,1421,26
1415_map,G,K,G,G,G,K,S,D,K,D,C,D,C,1415_map,1415,26
1430_alt5,G,K,G,G,G,K,S,D,K,D,C,D,C,1430_alt5,1430,26
1410_alt5,G,K,G,G,G,K,S,D,K,D,C,D,C,1410_alt5,1410,26
1431_alt3,G,K,G,G,G,K,S,D,K,D,C,D,C,1431_alt3,1431,26
1434_alt5,G,K,G,G,G,K,S,D,K,D,C,D,C,1434_alt5,1434,26
1436_map,G,K,G,G,G,K,S,D,K,D,C,D,C,1436_map,1436,26
1432_alt5,G,K,G,G,G,K,S,D,K,D,C,D,C,1432_alt5,1432,26
1354_alt5,G,K,G,G,G,K,S,D,K,D,C,D,C,1354_alt5,1354,26
1494_alt2,G,K,G,G,G,K,S,D,K,D,C,D,C,1494_alt2,1494,26
1488_alt3,G,K,G,G,G,K,S,D,K,D,C,D,C,1488_alt3,1488,26
1490_alt4,G,K,G,G,G,K,S,D,K,D,C,D,C,1490_alt4,1490,26
1491_map,G,K,G,G,G,K,S,D,K,D,C,D,C,1491_map,1491,26
1504_alt2,G,K,G,G,G,K,S,D,K,D,C,D,C,1504_alt2,1504,26
1508_map,G,K,G,G,G,K,S,D,K,D,C,D,C,1508_map,1508,26
1506_altall,G,K,G,G,G,K,S,D,K,D,C,D,C,1506_altall,1506,26
1496_alt3,G,K,G,G,G,K,S,D,K,D,C,D,C,1496_alt3,1496,26
1503_alt2,G,K,G,G,G,K,S,D,K,D,C,D,C,1503_alt2,1503,26
1497_alt5,G,K,G,G,G,K,S,D,K,D,C,D,C,1497_alt5,1497,26
1500_alt3,G,K,G,G,G,K,S,D,K,D,C,D,C,1500_alt3,1500,26
1522_altall,G,K,G,G,G,K,S,D,K,D,C,D,C,1522_altall,1522,26
1523_altall,G,K,G,G,G,K,S,D,K,D,C,D,C,1523_altall,1523,26
1519_altall,G,K,G,G,G,K,S,D,K,D,C,D,C,1519_altall,1519,26
1517_alt4,G,K,G,G,G,K,S,D,K,D,C,D,C,1517_alt4,1517,26
1516_alt3,G,K,G,G,G,K,S,D,K,D,C,D,C,1516_alt3,1516,26
1514_alt3,G,K,G,G,G,K,S,D,K,D,C,D,C,1514_alt3,1514,26
1456_map,G,K,G,G,G,K,S,D,K,D,C,D,C,1456_map,1456,26
1455_altall,G,K,G,G,G,K,S,D,K,D,C,D,C,1455_altall,1455,26
1460_map,G,K,G,G,G,K,S,D,K,D,C,D,C,1460_map,1460,26
1482_alt2,G,K,G,G,G,K,S,D,K,D,C,D,C,1482_alt2,1482,26
1473_map,G,K,G,G,G,K,S,D,K,D,C,D,C,1473_map,1473,26
1470_alt5,G,K,G,G,G,K,S,D,K,D,C,D,C,1470_alt5,1470,26
1469_alt4,G,K,G,G,G,K,S,D,K,D,C,D,C,1469_alt4,1469,26
1468_altall,G,K,G,G,G,K,S,D,K,D,C,D,C,1468_altall,1468,26
1463_alt3,G,K,G,G,G,K,S,D,K,D,C,D,C,1463_alt3,1463,26
1481_alt2,G,K,G,G,G,K,S,D,K,D,C,D,C,1481_alt2,1481,26
1479_alt5,G,K,G,G,G,K,S,D,K,D,C,D,C,1479_alt5,1479,26
1480_map,G,K,G,G,G,K,S,D,K,D,C,D,C,1480_map,1480,26
1460_altall,G,K,G,G,G,K,S,D,K,D,C,D,C,1460_altall,1460,26
1485_alt4,G,K,G,G,G,K,S,D,K,D,C,D,C,1485_alt4,1485,26
820_alt2,G,K,G,G,G,K,S,D,K,D,C,D,C,820_alt2,820,26
819_alt5,G,K,G,G,G,K,S,D,K,D,C,D,C,819_alt5,819,26
817_alt2,G,K,G,G,G,K,S,D,K,D,C,D,C,817_alt2,817,26
815_alt4,G,K,G,G,G,K,S,D,K,D,C,D,C,815_alt4,815,26
812_map,G,K,G,G,G,K,S,D,K,D,C,D,C,812_map,812,26
803_map,G,K,G,G,G,K,S,D,K,D,C,D,C,803_map,803,26
788_map,G,K,G,G,G,K,S,D,K,D,C,D,C,788_map,788,26
790_alt2,G,K,G,G,G,K,S,D,K,D,C,D,C,790_alt2,790,26
785_alt4,G,K,G,G,G,K,S,D,K,D,C,D,C,785_alt4,785,26
782_altall,G,K,G,G,G,K,S,D,K,D,C,D,C,782_altall,782,26
776_map,G,K,G,G,G,K,S,D,K,D,C,D,C,776_map,776,26
777_alt4,G,K,G,G,G,K,S,D,K,D,C,D,C,777_alt4,777,26
780_altall,G,K,G,G,G,K,S,D,K,D,C,D,C,780_altall,780,26
772_alt2,G,K,G,G,G,K,S,D,K,D,C,D,C,772_alt2,772,26
783_altall,G,K,G,G,G,K,S,D,K,D,C,D,C,783_altall,783,26
1538_map,G,K,G,G,G,K,S,D,K,D,C,D,C,1538_map,1538,26
795_altall,G,K,G,G,G,K,S,D,K,D,C,D,C,795_altall,795,26
800_alt3,G,K,G,G,G,K,S,D,K,D,C,D,C,800_alt3,800,26
797_altall,G,K,G,G,G,K,S,D,K,D,C,D,C,797_altall,797,26
794_alt2,G,K,G,G,G,K,S,D,K,D,C,D,C,794_alt2,794,26
806_alt3,G,K,G,G,G,K,S,D,K,D,C,D,C,806_alt3,806,26
807_alt2,G,K,G,G,G,K,S,D,K,D,C,D,C,807_alt2,807,26
1525_alt4,G,K,G,G,G,K,S,D,K,D,C,D,C,1525_alt4,1525,26
1527_map,G,K,G,G,G,K,S,D,K,D,C,D,C,1527_map,1527,26
1531_altall,G,K,G,G,G,K,S,D,K,D,C,D,C,1531_altall,1531,26
1526_altall,G,K,G,G,G,K,S,D,K,D,C,D,C,1526_altall,1526,26
1535_map,G,K,G,G,G,K,S,D,K,D,C,D,C,1535_map,1535,26
1534_alt3,G,K,G,G,G,K,S,D,K,D,C,D,C,1534_alt3,1534,26
Anf_Dickeya_paradisiaca,G,K,G,G,G,K,S,D,K,D,C,D,C,Anf_Dickeya_paradisiaca,Anf_Dickeya,26
Vnf_Ethanoligenens_harbinense,G,K,G,G,G,K,S,D,K,D,C,D,C,Vnf_Ethanoligenens_harbinense,Vnf_Ethanoligenens,26
Nif_Candidatus_Argoarchaeum_ethanivorans,G,K,G,G,G,K,S,D,K,D,C,D,C,Nif_Candidatus_Argoarchaeum_ethanivorans,Nif_Candidatus_Argoarchaeum,26
Nif_Firmicutes_bacterium_HGW-Firmicutes-1,G,K,G,G,G,K,S,D,K,D,C,D,C,Nif_Firmicutes_bacterium_HGW-Firmicutes-1,Nif_Firmicutes_bacterium,26
Nif_Anaerosporobacter_mobilis,G,K,G,G,G,K,S,D,K,D,C,D,C,Nif_Anaerosporobacter_mobilis,Nif_Anaerosporobacter,26
Nif_Hungateiclostridium_cellulolyticum,G,K,G,G,G,K,S,D,K,D,C,D,C,Nif_Hungateiclostridium_cellulolyticum,Nif_Hungateiclostridium,26
Nif_Methanoculleus_taiwanensis,G,K,G,G,G,K,S,D,K,D,C,D,C,Nif_Methanoculleus_taiwanensis,Nif_Methanoculleus,26
Nif_Gracilibacter_sp_BRH_c7a,G,K,G,G,G,K,S,D,K,D,C,D,C,Nif_Gracilibacter_sp_BRH_c7a,Nif_Gracilibacter_sp_BRH,26
Nif_Methanolobus_psychrotolerans,G,K,G,G,G,K,S,D,K,D,C,D,C,Nif_Methanolobus_psychrotolerans,Nif_Methanolobus,26
Nif_Prevotella_oryzae,G,K,G,G,G,K,S,D,K,D,C,D,C,Nif_Prevotella_oryzae,Nif_Prevotella,26
Nif_Spirochaetes_bacterium_GWB1_27_13,G,K,G,G,G,K,S,D,K,D,C,D,C,Nif_Spirochaetes_bacterium_GWB1_27_13,Nif_Spirochaetes_bacterium_GWB1_27,26
Nif_Elusimicrobia_bacterium_RIFOXYA2_FULL_50_26,G,K,G,G,G,K,S,D,K,D,C,D,C,Nif_Elusimicrobia_bacterium_RIFOXYA2_FULL_50_26,Nif_Elusimicrobia_bacterium_RIFOXYA2_FULL_50,26
Nif_Spirochaetes_bacterium_GWB1_36_13,G,K,G,G,G,K,S,D,K,D,C,D,C,Nif_Spirochaetes_bacterium_GWB1_36_13,Nif_Spirochaetes_bacterium_GWB1_36,26
Nif_Desulfopila_aestuarii,G,K,G,G,G,K,S,D,K,D,C,D,C,Nif_Desulfopila_aestuarii,Nif_Desulfopila,26
Nif_Terrimicrobium_sacchariphilum,G,K,G,G,G,K,S,D,K,D,C,D,C,Nif_Terrimicrobium_sacchariphilum,Nif_Terrimicrobium,26
Nif_Spirochaetaceae_bacterium,G,K,G,G,G,K,S,D,K,D,C,D,C,Nif_Spirochaetaceae_bacterium,Nif_Spirochaetaceae,26
Vnf_Archaeoglobus_sp,G,K,G,G,G,K,S,D,K,D,C,D,C,Vnf_Archaeoglobus_sp,Vnf_Archaeoglobus,26
Nif_Rhodospirillaceae_bacterium_BRH_c57,G,K,G,G,G,K,S,D,K,D,C,D,C,Nif_Rhodospirillaceae_bacterium_BRH_c57,Nif_Rhodospirillaceae_bacterium_BRH,26
Vnf_Methylocystaceae_bacterium,G,K,G,G,G,K,S,D,K,D,C,D,C,Vnf_Methylocystaceae_bacterium,Vnf_Methylocystaceae,26
Nif_Methyloferula_stellata,G,K,G,G,G,K,S,D,K,D,C,D,C,Nif_Methyloferula_stellata,Nif_Methyloferula,26
Vnf_Azotobacter_vinelandii,G,K,G,G,G,K,S,D,K,D,C,D,C,Vnf_Azotobacter_vinelandii,Vnf_Azotobacter,26
Nif_Chromatiaceae_bacterium_2141TSTBD0c01a,G,K,G,G,G,K,S,D,K,D,C,D,C,Nif_Chromatiaceae_bacterium_2141TSTBD0c01a,Nif_Chromatiaceae_bacterium,26
Nif_Gammaproteobacteria_bacterium_28-57-27,G,K,G,G,G,K,S,D,K,D,C,D,C,Nif_Gammaproteobacteria_bacterium_28-57-27,Nif_Gammaproteobacteria_bacterium,26
Nif_Candidatus_Lambdaproteobacteria_bacterium_RIFOXYD2_FULL_50_16,G,K,G,G,G,K,S,D,K,D,C,D,C,Nif_Candidatus_Lambdaproteobacteria_bacterium_RIFOXYD2_FULL_50_16,Nif_Candidatus_Lambdaproteobacteria_bacterium_RIFOXYD2_FULL_50,26
Nif_Candidatus_Magnetoovum_chiemensis,G,K,G,G,G,K,S,D,K,D,C,D,C,Nif_Candidatus_Magnetoovum_chiemensis,Nif_Candidatus_Magnetoovum,26
Nif_cyanobacterium_endosymbiont_of_Epithemia_turgida,G,K,G,G,G,K,S,D,K,D,C,D,C,Nif_cyanobacterium_endosymbiont_of_Epithemia_turgida,Nif_cyanobacterium_endosymbiont_of_Epithemia,26
Nif_Bacillus_caseinilyticus,G,K,G,G,G,K,S,D,K,D,C,D,C,Nif_Bacillus_caseinilyticus,Nif_Bacillus,26
1207_map,G,K,G,G,G,K,S,D,K,D,C,D,C,1207_map,1207,26
1215_alt3,G,K,G,G,G,K,S,D,K,D,C,D,C,1215_alt3,1215,26
1216_alt3,G,K,G,G,G,K,S,D,K,D,C,D,C,1216_alt3,1216,26
1212_alt3,G,K,G,G,G,K,S,D,K,D,C,D,C,1212_alt3,1212,26
1210_altall,G,K,G,G,G,K,S,D,K,D,C,D,C,1210_altall,1210,26
1220_alt5,G,K,G,G,G,K,S,D,K,D,C,D,C,1220_alt5,1220,26
1223_alt5,G,K,G,G,G,K,S,D,K,D,C,D,C,1223_alt5,1223,26
1226_altall,G,K,G,G,G,K,S,D,K,D,C,D,C,1226_altall,1226,26
1229_alt2,G,K,G,G,G,K,S,D,K,D,C,D,C,1229_alt2,1229,26
1237_map,G,K,G,G,G,K,S,D,K,D,C,D,C,1237_map,1237,26
1244_altall,G,K,G,G,G,K,S,D,K,D,C,D,C,1244_altall,1244,26
1240_alt3,G,K,G,G,G,K,S,D,K,D,C,D,C,1240_alt3,1240,26
1246_alt3,G,K,G,G,G,K,S,D,K,D,C,D,C,1246_alt3,1246,26
1239_alt5,G,K,G,G,G,K,S,D,K,D,C,D,C,1239_alt5,1239,26
1248_alt5,G,K,G,G,G,K,S,D,K,D,C,D,C,1248_alt5,1248,26
1264_altall,G,K,G,G,G,K,S,D,K,D,C,D,C,1264_altall,1264,26
1262_alt2,G,K,G,G,G,K,S,D,K,D,C,D,C,1262_alt2,1262,26
1260_alt3,G,K,G,G,G,K,S,D,K,D,C,D,C,1260_alt3,1260,26
1258_alt2,G,K,G,G,G,K,S,D,K,D,C,D,C,1258_alt2,1258,26
1254_alt2,G,K,G,G,G,K,S,D,K,D,C,D,C,1254_alt2,1254,26
1252_alt4,G,K,G,G,G,K,S,D,K,D,C,D,C,1252_alt4,1252,26
1265_alt3,G,K,G,G,G,K,S,D,K,D,C,D,C,1265_alt3,1265,26
1250_alt3,G,K,G,G,G,K,S,D,K,D,C,D,C,1250_alt3,1250,26
1270_map,G,K,G,G,G,K,S,D,K,D,C,D,C,1270_map,1270,26
1273_alt4,G,K,G,G,G,K,S,D,K,D,C,D,C,1273_alt4,1273,26
1277_alt5,G,K,G,G,G,K,S,D,K,D,C,D,C,1277_alt5,1277,26
1279_alt3,G,K,G,G,G,K,S,D,K,D,C,D,C,1279_alt3,1279,26
1280_alt4,G,K,G,G,G,K,S,D,K,D,C,D,C,1280_alt4,1280,26
1283_altall,G,K,G,G,G,K,S,D,K,D,C,D,C,1283_altall,1283,26
1280_alt5,G,K,G,G,G,K,S,D,K,D,C,D,C,1280_alt5,1280,26
1232_alt5,G,K,G,G,G,K,S,D,K,D,C,D,C,1232_alt5,1232,26
1235_alt2,G,K,G,G,G,K,S,D,K,D,C,D,C,1235_alt2,1235,26
1232_altall,G,K,G,G,G,K,S,D,K,D,C,D,C,1232_altall,1232,26
1290_altall,G,K,G,G,G,K,S,D,K,D,C,D,C,1290_altall,1290,26
1297_map,G,K,G,G,G,K,S,D,K,D,C,D,C,1297_map,1297,26
1301_alt2,G,K,G,G,G,K,S,D,K,D,C,D,C,1301_alt2,1301,26
1298_map,G,K,G,G,G,K,S,D,K,D,C,D,C,1298_map,1298,26
1295_alt4,G,K,G,G,G,K,S,D,K,D,C,D,C,1295_alt4,1295,26
1304_alt5,G,K,G,G,G,K,S,D,K,D,C,D,C,1304_alt5,1304,26
1328_altall,G,K,G,G,G,K,S,D,K,D,C,D,C,1328_altall,1328,26
1320_alt2,G,K,G,G,G,K,S,D,K,D,C,D,C,1320_alt2,1320,26
1322_alt5,G,K,G,G,G,K,S,D,K,D,C,D,C,1322_alt5,1322,26
1323_alt5,G,K,G,G,G,K,S,D,K,D,C,D,C,1323_alt5,1323,26
1327_map,G,K,G,G,G,K,S,D,K,D,C,D,C,1327_map,1327,26
1317_alt3,G,K,G,G,G,K,S,D,K,D,C,D,C,1317_alt3,1317,26
1311_alt5,G,K,G,G,G,K,S,D,K,D,C,D,C,1311_alt5,1311,26
1313_alt3,G,K,G,G,G,K,S,D,K,D,C,D,C,1313_alt3,1313,26
1313_alt2,G,K,G,G,G,K,S,D,K,D,C,D,C,1313_alt2,1313,26
1332_map,G,K,G,G,G,K,S,D,K,D,C,D,C,1332_map,1332,26
1334_map,G,K,G,G,G,K,S,D,K,D,C,D,C,1334_map,1334,26
1336_alt2,G,K,G,G,G,K,S,D,K,D,C,D,C,1336_alt2,1336,26
1307_alt5,G,K,G,G,G,K,S,D,K,D,C,D,C,1307_alt5,1307,26
1338_map,G,K,G,G,G,K,S,D,K,D,C,D,C,1338_map,1338,26
1292_map,G,K,G,G,G,K,S,D,K,D,C,D,C,1292_map,1292,26
1288_alt2,G,K,G,G,G,K,S,D,K,D,C,D,C,1288_alt2,1288,26
1231_alt3,G,K,G,G,G,K,S,D,K,D,C,D,C,1231_alt3,1231,26
1341_alt4,G,K,G,G,G,K,S,D,K,D,C,D,C,1341_alt4,1341,26
1343_alt2,G,K,G,G,G,K,S,D,K,D,C,D,C,1343_alt2,1343,26
1230_altall,G,K,G,G,G,K,S,D,K,D,C,D,C,1230_altall,1230,26
1206_alt2,G,K,G,G,G,K,S,D,K,D,C,D,C,1206_alt2,1206,26
1350_alt2,G,K,G,G,G,K,S,D,K,D,C,D,C,1350_alt2,1350,26
1349_map,G,K,G,G,G,K,S,D,K,D,C,D,C,1349_map,1349,26
1345_alt3,G,K,G,G,G,K,S,D,K,D,C,D,C,1345_alt3,1345,26
1452_alt4,G,K,G,G,G,K,S,D,K,D,C,D,C,1452_alt4,1452,26
1447_alt2,G,K,G,G,G,K,S,D,K,D,C,D,C,1447_alt2,1447,26
1450_map,G,K,G,G,G,K,S,D,K,D,C,D,C,1450_map,1450,26
1353_alt2,G,K,G,G,G,K,S,D,K,D,C,D,C,1353_alt2,1353,26
1441_alt3,G,K,G,G,G,K,S,D,K,D,C,D,C,1441_alt3,1441,26
1445_alt4,G,K,G,G,G,K,S,D,K,D,C,D,C,1445_alt4,1445,26
1442_altall,G,K,G,G,G,K,S,D,K,D,C,D,C,1442_altall,1442,26
1363_alt3,G,K,G,G,G,K,S,D,K,D,C,D,C,1363_alt3,1363,26
1369_altall,G,K,G,G,G,K,S,D,K,D,C,D,C,1369_altall,1369,26
1370_alt3,G,K,G,G,G,K,S,D,K,D,C,D,C,1370_alt3,1370,26
1366_map,G,K,G,G,G,K,S,D,K,D,C,D,C,1366_map,1366,26
1403_alt3,G,K,G,G,G,K,S,D,K,D,C,D,C,1403_alt3,1403,26
1405_map,G,K,G,G,G,K,S,D,K,D,C,D,C,1405_map,1405,26
1382_alt5,G,K,G,G,G,K,S,D,K,D,C,D,C,1382_alt5,1382,26
1389_alt3,G,K,G,G,G,K,S,D,K,D,C,D,C,1389_alt3,1389,26
1392_map,G,K,G,G,G,K,S,D,K,D,C,D,C,1392_map,1392,26
1396_map,G,K,G,G,G,K,S,D,K,D,C,D,C,1396_map,1396,26
1398_alt3,G,K,G,G,G,K,S,D,K,D,C,D,C,1398_alt3,1398,26
1400_alt4,G,K,G,G,G,K,S,D,K,D,C,D,C,1400_alt4,1400,26
1389_alt4,G,K,G,G,G,K,S,D,K,D,C,D,C,1389_alt4,1389,26
1385_alt5,G,K,G,G,G,K,S,D,K,D,C,D,C,1385_alt5,1385,26
1372_alt3,G,K,G,G,G,K,S,D,K,D,C,D,C,1372_alt3,1372,26
1381_altall,G,K,G,G,G,K,S,D,K,D,C,D,C,1381_altall,1381,26
1377_alt4,G,K,G,G,G,K,S,D,K,D,C,D,C,1377_alt4,1377,26
1379_map,G,K,G,G,G,K,S,D,K,D,C,D,C,1379_map,1379,26
1373_alt4,G,K,G,G,G,K,S,D,K,D,C,D,C,1373_alt4,1373,26
1361_alt5,G,K,G,G,G,K,S,D,K,D,C,D,C,1361_alt5,1361,26
1406_alt2,G,K,G,G,G,K,S,D,K,D,C,D,C,1406_alt2,1406,26
1406_map,G,K,G,G,G,K,S,D,K,D,C,D,C,1406_map,1406,26
1425_alt3,G,K,G,G,G,K,S,D,K,D,C,D,C,1425_alt3,1425,26
1429_alt3,G,K,G,G,G,K,S,D,K,D,C,D,C,1429_alt3,1429,26
1417_alt4,G,K,G,G,G,K,S,D,K,D,C,D,C,1417_alt4,1417,26
1423_alt3,G,K,G,G,G,K,S,D,K,D,C,D,C,1423_alt3,1423,26
1420_alt2,G,K,G,G,G,K,S,D,K,D,C,D,C,1420_alt2,1420,26
1420_alt5,G,K,G,G,G,K,S,D,K,D,C,D,C,1420_alt5,1420,26
1415_alt3,G,K,G,G,G,K,S,D,K,D,C,D,C,1415_alt3,1415,26
1430_alt2,G,K,G,G,G,K,S,D,K,D,C,D,C,1430_alt2,1430,26
1410_altall,G,K,G,G,G,K,S,D,K,D,C,D,C,1410_altall,1410,26
1431_alt2,G,K,G,G,G,K,S,D,K,D,C,D,C,1431_alt2,1431,26
1437_altall,G,K,G,G,G,K,S,D,K,D,C,D,C,1437_altall,1437,26
1436_alt4,G,K,G,G,G,K,S,D,K,D,C,D,C,1436_alt4,1436,26
1432_map,G,K,G,G,G,K,S,D,K,D,C,D,C,1432_map,1432,26
1354_map,G,K,G,G,G,K,S,D,K,D,C,D,C,1354_map,1354,26
1495_altall,G,K,G,G,G,K,S,D,K,D,C,D,C,1495_altall,1495,26
1489_alt2,G,K,G,G,G,K,S,D,K,D,C,D,C,1489_alt2,1489,26
1490_map,G,K,G,G,G,K,S,D,K,D,C,D,C,1490_map,1490,26
1489_map,G,K,G,G,G,K,S,D,K,D,C,D,C,1489_map,1489,26
1504_map,G,K,G,G,G,K,S,D,K,D,C,D,C,1504_map,1504,26
1508_alt3,G,K,G,G,G,K,S,D,K,D,C,D,C,1508_alt3,1508,26
1506_alt4,G,K,G,G,G,K,S,D,K,D,C,D,C,1506_alt4,1506,26
1486_alt5,G,K,G,G,G,K,S,D,K,D,C,D,C,1486_alt5,1486,26
1503_alt5,G,K,G,G,G,K,S,D,K,D,C,D,C,1503_alt5,1503,26
1497_alt3,G,K,G,G,G,K,S,D,K,D,C,D,C,1497_alt3,1497,26
1500_altall,G,K,G,G,G,K,S,D,K,D,C,D,C,1500_altall,1500,26
1522_alt4,G,K,G,G,G,K,S,D,K,D,C,D,C,1522_alt4,1522,26
1523_alt2,G,K,G,G,G,K,S,D,K,D,C,D,C,1523_alt2,1523,26
1520_altall,G,K,G,G,G,K,S,D,K,D,C,D,C,1520_altall,1520,26
1517_alt5,G,K,G,G,G,K,S,D,K,D,C,D,C,1517_alt5,1517,26
1516_alt4,G,K,G,G,G,K,S,D,K,D,C,D,C,1516_alt4,1516,26
1512_alt2,G,K,G,G,G,K,S,D,K,D,C,D,C,1512_alt2,1512,26
1457_alt4,G,K,G,G,G,K,S,D,K,D,C,D,C,1457_alt4,1457,26
1455_alt5,G,K,G,G,G,K,S,D,K,D,C,D,C,1455_alt5,1455,26
1460_alt2,G,K,G,G,G,K,S,D,K,D,C,D,C,1460_alt2,1460,26
1482_alt3,G,K,G,G,G,K,S,D,K,D,C,D,C,1482_alt3,1482,26
1473_alt2,G,K,G,G,G,K,S,D,K,D,C,D,C,1473_alt2,1473,26
1470_map,G,K,G,G,G,K,S,D,K,D,C,D,C,1470_map,1470,26
1469_altall,G,K,G,G,G,K,S,D,K,D,C,D,C,1469_altall,1469,26
1468_alt2,G,K,G,G,G,K,S,D,K,D,C,D,C,1468_alt2,1468,26
1474_alt5,G,K,G,G,G,K,S,D,K,D,C,D,C,1474_alt5,1474,26
1481_alt4,G,K,G,G,G,K,S,D,K,D,C,D,C,1481_alt4,1481,26
1479_altall,G,K,G,G,G,K,S,D,K,D,C,D,C,1479_altall,1479,26
1480_alt4,G,K,G,G,G,K,S,D,K,D,C,D,C,1480_alt4,1480,26
1460_alt3,G,K,G,G,G,K,S,D,K,D,C,D,C,1460_alt3,1460,26
1485_map,G,K,G,G,G,K,S,D,K,D,C,D,C,1485_map,1485,26
808_alt3,G,K,G,G,G,K,S,D,K,D,C,D,C,808_alt3,808,26
819_alt4,G,K,G,G,G,K,S,D,K,D,C,D,C,819_alt4,819,26
816_alt5,G,K,G,G,G,K,S,D,K,D,C,D,C,816_alt5,816,26
815_altall,G,K,G,G,G,K,S,D,K,D,C,D,C,815_altall,815,26
812_alt4,G,K,G,G,G,K,S,D,K,D,C,D,C,812_alt4,812,26
803_altall,G,K,G,G,G,K,S,D,K,D,C,D,C,803_altall,803,26
788_alt5,G,K,G,G,G,K,S,D,K,D,C,D,C,788_alt5,788,26
790_altall,G,K,G,G,G,K,S,D,K,D,C,D,C,790_altall,790,26
785_alt5,G,K,G,G,G,K,S,D,K,D,C,D,C,785_alt5,785,26
782_alt3,G,K,G,G,G,K,S,D,K,D,C,D,C,782_alt3,782,26
776_alt2,G,K,G,G,G,K,S,D,K,D,C,D,C,776_alt2,776,26
777_alt3,G,K,G,G,G,K,S,D,K,D,C,D,C,777_alt3,777,26
778_altall,G,K,G,G,G,K,S,D,K,D,C,D,C,778_altall,778,26
772_altall,G,K,G,G,G,K,S,D,K,D,C,D,C,772_altall,772,26
783_alt4,G,K,G,G,G,K,S,D,K,D,C,D,C,783_alt4,783,26
1538_alt2,G,K,G,G,G,K,S,D,K,D,C,D,C,1538_alt2,1538,26
795_alt3,G,K,G,G,G,K,S,D,K,D,C,D,C,795_alt3,795,26
800_alt2,G,K,G,G,G,K,S,D,K,D,C,D,C,800_alt2,800,26
797_alt3,G,K,G,G,G,K,S,D,K,D,C,D,C,797_alt3,797,26
794_map,G,K,G,G,G,K,S,D,K,D,C,D,C,794_map,794,26
806_alt4,G,K,G,G,G,K,S,D,K,D,C,D,C,806_alt4,806,26
807_map,G,K,G,G,G,K,S,D,K,D,C,D,C,807_map,807,26
1526_alt5,G,K,G,G,G,K,S,D,K,D,C,D,C,1526_alt5,1526,26
1527_alt3,G,K,G,G,G,K,S,D,K,D,C,D,C,1527_alt3,1527,26
1531_alt5,G,K,G,G,G,K,S,D,K,D,C,D,C,1531_alt5,1531,26
1525_altall,G,K,G,G,G,K,S,D,K,D,C,D,C,1525_altall,1525,26
1537_alt3,G,K,G,G,G,K,S,D,K,D,C,D,C,1537_alt3,1537,26
1534_alt5,G,K,G,G,G,K,S,D,K,D,C,D,C,1534_alt5,1534,26
Anf_Rahnella_sp_AA,G,K,G,G,G,K,S,D,K,D,C,D,C,Anf_Rahnella_sp_AA,Anf_Rahnella_sp,26
Nif_Ammonifex_sp,G,K,G,G,G,K,S,D,K,D,C,D,C,Nif_Ammonifex_sp,Nif_Ammonifex,26
Nif_Candidatus_Methanolliviera_hydrocarbonicum,G,K,G,G,G,K,S,D,K,D,C,D,C,Nif_Candidatus_Methanolliviera_hydrocarbonicum,Nif_Candidatus_Methanolliviera,26
Nif_Defluviitalea_phaphyphila,G,K,G,G,G,K,S,D,K,D,C,D,C,Nif_Defluviitalea_phaphyphila,Nif_Defluviitalea,26
Nif_Cellulosilyticum_lentocellum,G,K,G,G,G,K,S,D,K,D,C,D,C,Nif_Cellulosilyticum_lentocellum,Nif_Cellulosilyticum,26
Nif_Pseudobacteroides_cellulosolvens,G,K,G,G,G,K,S,D,K,D,C,D,C,Nif_Pseudobacteroides_cellulosolvens,Nif_Pseudobacteroides,26
Nif_Methanolacinia_paynteri,G,K,G,G,G,K,S,D,K,D,C,D,C,Nif_Methanolacinia_paynteri,Nif_Methanolacinia,26
Nif_Methanocella_arvoryzae,G,K,G,G,G,K,S,D,K,D,C,D,C,Nif_Methanocella_arvoryzae,Nif_Methanocella,26
Nif_Methanosarcina_acetivorans_C2A,G,K,G,G,G,K,S,D,K,D,C,D,C,Nif_Methanosarcina_acetivorans_C2A,Nif_Methanosarcina_acetivorans,26
Nif_bacterium_BMS3Abin10,G,K,G,G,G,K,S,D,K,D,C,D,C,Nif_bacterium_BMS3Abin10,Nif_bacterium,26
Nif_Bacteroidales_bacterium,G,K,G,G,G,K,S,D,K,D,C,D,C,Nif_Bacteroidales_bacterium,Nif_Bacteroidales,26
Nif_Sediminispirochaeta_smaragdinae,G,K,G,G,G,K,S,D,K,D,C,D,C,Nif_Sediminispirochaeta_smaragdinae,Nif_Sediminispirochaeta,26
Nif_Desulfacinum_infernum,G,K,G,G,G,K,S,D,K,D,C,D,C,Nif_Desulfacinum_infernum,Nif_Desulfacinum,26
Nif_Desulforhopalus_singaporensis,G,K,G,G,G,K,S,D,K,D,C,D,C,Nif_Desulforhopalus_singaporensis,Nif_Desulforhopalus,26
Nif_Verrucomicrobiae_bacterium_DG1235,G,K,G,G,G,K,S,D,K,D,C,D,C,Nif_Verrucomicrobiae_bacterium_DG1235,Nif_Verrucomicrobiae_bacterium,26
Nif_Arcticibacter_svalbardensis,G,K,G,G,G,K,S,D,K,D,C,D,C,Nif_Arcticibacter_svalbardensis,Nif_Arcticibacter,26
Nif_Candidatus_Acididesulfobacter_diazotrophicus,G,K,G,G,G,K,S,D,K,D,C,D,C,Nif_Candidatus_Acididesulfobacter_diazotrophicus,Nif_Candidatus_Acididesulfobacter,26
Nif_Rhodopila_globiformis,G,K,G,G,G,K,S,D,K,D,C,D,C,Nif_Rhodopila_globiformis,Nif_Rhodopila,26
Vnf_Methylocystis_parvus,G,K,G,G,G,K,S,D,K,D,C,D,C,Vnf_Methylocystis_parvus,Vnf_Methylocystis,26
Nif_Gallionellales_bacterium_GWA2_60_18,G,K,G,G,G,K,S,D,K,D,C,D,C,Nif_Gallionellales_bacterium_GWA2_60_18,Nif_Gallionellales_bacterium_GWA2_60,26
Nif_Biostraticola_sp_BGMRC_2031,G,K,G,G,G,K,S,D,K,D,C,D,C,Nif_Biostraticola_sp_BGMRC_2031,Nif_Biostraticola_sp_BGMRC,26
Nif_Ectothiorhodospiraceae_bacterium,G,K,G,G,G,K,S,D,K,D,C,D,C,Nif_Ectothiorhodospiraceae_bacterium,Nif_Ectothiorhodospiraceae,26
Nif_Aliagarivorans_marinus,G,K,G,G,G,K,S,D,K,D,C,D,C,Nif_Aliagarivorans_marinus,Nif_Aliagarivorans,26
Nif_Halorhodospira_halochloris,G,K,G,G,G,K,S,D,K,D,C,D,C,Nif_Halorhodospira_halochloris,Nif_Halorhodospira,26
Nif_Nitrospirae_bacterium_GWC2_57_13,G,K,G,G,G,K,S,D,K,D,C,D,C,Nif_Nitrospirae_bacterium_GWC2_57_13,Nif_Nitrospirae_bacterium_GWC2_57,26
Nif_Gloeocapsa_sp_DLM2Bin57,G,K,G,G,G,K,S,D,K,D,C,D,C,Nif_Gloeocapsa_sp_DLM2Bin57,Nif_Gloeocapsa_sp,26
Nif_Thermicanus_aegyptius,G,K,G,G,G,K,S,D,K,D,C,D,C,Nif_Thermicanus_aegyptius,Nif_Thermicanus,26
1207_alt2,G,K,G,G,G,K,S,D,K,D,C,D,C,1207_alt2,1207,26
1215_altall,G,K,G,G,G,K,S,D,K,D,C,D,C,1215_altall,1215,26
1217_alt3,G,K,G,G,G,K,S,D,K,D,C,D,C,1217_alt3,1217,26
1212_map,G,K,G,G,G,K,S,D,K,D,C,D,C,1212_map,1212,26
1219_alt3,G,K,G,G,G,K,S,D,K,D,C,D,C,1219_alt3,1219,26
1220_map,G,K,G,G,G,K,S,D,K,D,C,D,C,1220_map,1220,26
1223_alt3,G,K,G,G,G,K,S,D,K,D,C,D,C,1223_alt3,1223,26
1227_alt4,G,K,G,G,G,K,S,D,K,D,C,D,C,1227_alt4,1227,26
1228_alt3,G,K,G,G,G,K,S,D,K,D,C,D,C,1228_alt3,1228,26
1237_alt4,G,K,G,G,G,K,S,D,K,D,C,D,C,1237_alt4,1237,26
1245_altall,G,K,G,G,G,K,S,D,K,D,C,D,C,1245_altall,1245,26
1242_alt4,G,K,G,G,G,K,S,D,K,D,C,D,C,1242_alt4,1242,26
1247_altall,G,K,G,G,G,K,S,D,K,D,C,D,C,1247_altall,1247,26
1239_alt4,G,K,G,G,G,K,S,D,K,D,C,D,C,1239_alt4,1239,26
1249_altall,G,K,G,G,G,K,S,D,K,D,C,D,C,1249_altall,1249,26
1264_alt3,G,K,G,G,G,K,S,D,K,D,C,D,C,1264_alt3,1264,26
1262_map,G,K,G,G,G,K,S,D,K,D,C,D,C,1262_map,1262,26
1259_alt5,G,K,G,G,G,K,S,D,K,D,C,D,C,1259_alt5,1259,26
1258_altall,G,K,G,G,G,K,S,D,K,D,C,D,C,1258_altall,1258,26
1254_alt3,G,K,G,G,G,K,S,D,K,D,C,D,C,1254_alt3,1254,26
1252_alt3,G,K,G,G,G,K,S,D,K,D,C,D,C,1252_alt3,1252,26
1267_altall,G,K,G,G,G,K,S,D,K,D,C,D,C,1267_altall,1267,26
1250_alt4,G,K,G,G,G,K,S,D,K,D,C,D,C,1250_alt4,1250,26
1271_alt3,G,K,G,G,G,K,S,D,K,D,C,D,C,1271_alt3,1271,26
1273_alt3,G,K,G,G,G,K,S,D,K,D,C,D,C,1273_alt3,1273,26
1276_alt5,G,K,G,G,G,K,S,D,K,D,C,D,C,1276_alt5,1276,26
1279_alt5,G,K,G,G,G,K,S,D,K,D,C,D,C,1279_alt5,1279,26
1280_altall,G,K,G,G,G,K,S,D,K,D,C,D,C,1280_altall,1280,26
1284_altall,G,K,G,G,G,K,S,D,K,D,C,D,C,1284_altall,1284,26
1270_alt5,G,K,G,G,G,K,S,D,K,D,C,D,C,1270_alt5,1270,26
1232_alt3,G,K,G,G,G,K,S,D,K,D,C,D,C,1232_alt3,1232,26
1235_map,G,K,G,G,G,K,S,D,K,D,C,D,C,1235_map,1235,26
1231_altall,G,K,G,G,G,K,S,D,K,D,C,D,C,1231_altall,1231,26
1292_alt3,G,K,G,G,G,K,S,D,K,D,C,D,C,1292_alt3,1292,26
1297_alt5,G,K,G,G,G,K,S,D,K,D,C,D,C,1297_alt5,1297,26
1302_altall,G,K,G,G,G,K,S,D,K,D,C,D,C,1302_altall,1302,26
1298_alt5,G,K,G,G,G,K,S,D,K,D,C,D,C,1298_alt5,1298,26
1295_alt2,G,K,G,G,G,K,S,D,K,D,C,D,C,1295_alt2,1295,26
1304_alt4,G,K,G,G,G,K,S,D,K,D,C,D,C,1304_alt4,1304,26
1329_alt3,G,K,G,G,G,K,S,D,K,D,C,D,C,1329_alt3,1329,26
1320_alt5,G,K,G,G,G,K,S,D,K,D,C,D,C,1320_alt5,1320,26
1322_alt2,G,K,G,G,G,K,S,D,K,D,C,D,C,1322_alt2,1322,26
1320_altall,G,K,G,G,G,K,S,D,K,D,C,D,C,1320_altall,1320,26
1327_alt4,G,K,G,G,G,K,S,D,K,D,C,D,C,1327_alt4,1327,26
1317_alt4,G,K,G,G,G,K,S,D,K,D,C,D,C,1317_alt4,1317,26
1312_alt2,G,K,G,G,G,K,S,D,K,D,C,D,C,1312_alt2,1312,26
1313_alt4,G,K,G,G,G,K,S,D,K,D,C,D,C,1313_alt4,1313,26
1312_map,G,K,G,G,G,K,S,D,K,D,C,D,C,1312_map,1312,26
1332_alt4,G,K,G,G,G,K,S,D,K,D,C,D,C,1332_alt4,1332,26
1334_alt4,G,K,G,G,G,K,S,D,K,D,C,D,C,1334_alt4,1334,26
1336_map,G,K,G,G,G,K,S,D,K,D,C,D,C,1336_map,1336,26
1307_alt3,G,K,G,G,G,K,S,D,K,D,C,D,C,1307_alt3,1307,26
1338_alt4,G,K,G,G,G,K,S,D,K,D,C,D,C,1338_alt4,1338,26
1292_alt5,G,K,G,G,G,K,S,D,K,D,C,D,C,1292_alt5,1292,26
1287_map,G,K,G,G,G,K,S,D,K,D,C,D,C,1287_map,1287,26
1230_alt2,G,K,G,G,G,K,S,D,K,D,C,D,C,1230_alt2,1230,26
1342_map,G,K,G,G,G,K,S,D,K,D,C,D,C,1342_map,1342,26
1344_altall,G,K,G,G,G,K,S,D,K,D,C,D,C,1344_altall,1344,26
1224_map,G,K,G,G,G,K,S,D,K,D,C,D,C,1224_map,1224,26
1206_alt4,G,K,G,G,G,K,S,D,K,D,C,D,C,1206_alt4,1206,26
1350_alt4,G,K,G,G,G,K,S,D,K,D,C,D,C,1350_alt4,1350,26
1349_alt3,G,K,G,G,G,K,S,D,K,D,C,D,C,1349_alt3,1349,26
1345_alt4,G,K,G,G,G,K,S,D,K,D,C,D,C,1345_alt4,1345,26
1453_altall,G,K,G,G,G,K,S,D,K,D,C,D,C,1453_altall,1453,26
1447_map,G,K,G,G,G,K,S,D,K,D,C,D,C,1447_map,1447,26
1450_alt3,G,K,G,G,G,K,S,D,K,D,C,D,C,1450_alt3,1450,26
1353_alt4,G,K,G,G,G,K,S,D,K,D,C,D,C,1353_alt4,1353,26
1441_map,G,K,G,G,G,K,S,D,K,D,C,D,C,1441_map,1441,26
1445_map,G,K,G,G,G,K,S,D,K,D,C,D,C,1445_map,1445,26
1440_alt2,G,K,G,G,G,K,S,D,K,D,C,D,C,1440_alt2,1440,26
1364_altall,G,K,G,G,G,K,S,D,K,D,C,D,C,1364_altall,1364,26
1369_alt3,G,K,G,G,G,K,S,D,K,D,C,D,C,1369_alt3,1369,26
1370_alt2,G,K,G,G,G,K,S,D,K,D,C,D,C,1370_alt2,1370,26
1366_alt3,G,K,G,G,G,K,S,D,K,D,C,D,C,1366_alt3,1366,26
1403_alt5,G,K,G,G,G,K,S,D,K,D,C,D,C,1403_alt5,1403,26
1405_alt5,G,K,G,G,G,K,S,D,K,D,C,D,C,1405_alt5,1405,26
1383_map,G,K,G,G,G,K,S,D,K,D,C,D,C,1383_map,1383,26
1389_map,G,K,G,G,G,K,S,D,K,D,C,D,C,1389_map,1389,26
1392_alt4,G,K,G,G,G,K,S,D,K,D,C,D,C,1392_alt4,1392,26
1396_alt5,G,K,G,G,G,K,S,D,K,D,C,D,C,1396_alt5,1396,26
1398_alt2,G,K,G,G,G,K,S,D,K,D,C,D,C,1398_alt2,1398,26
1399_map,G,K,G,G,G,K,S,D,K,D,C,D,C,1399_map,1399,26
1388_alt4,G,K,G,G,G,K,S,D,K,D,C,D,C,1388_alt4,1388,26
1385_alt3,G,K,G,G,G,K,S,D,K,D,C,D,C,1385_alt3,1385,26
1372_map,G,K,G,G,G,K,S,D,K,D,C,D,C,1372_map,1372,26
1380_alt5,G,K,G,G,G,K,S,D,K,D,C,D,C,1380_alt5,1380,26
1377_alt2,G,K,G,G,G,K,S,D,K,D,C,D,C,1377_alt2,1377,26
1379_alt3,G,K,G,G,G,K,S,D,K,D,C,D,C,1379_alt3,1379,26
1363_altall,G,K,G,G,G,K,S,D,K,D,C,D,C,1363_altall,1363,26
1361_alt4,G,K,G,G,G,K,S,D,K,D,C,D,C,1361_alt4,1361,26
1407_alt5,G,K,G,G,G,K,S,D,K,D,C,D,C,1407_alt5,1407,26
1406_alt3,G,K,G,G,G,K,S,D,K,D,C,D,C,1406_alt3,1406,26
1425_alt2,G,K,G,G,G,K,S,D,K,D,C,D,C,1425_alt2,1425,26
1429_map,G,K,G,G,G,K,S,D,K,D,C,D,C,1429_map,1429,26
1417_alt3,G,K,G,G,G,K,S,D,K,D,C,D,C,1417_alt3,1417,26
1423_alt5,G,K,G,G,G,K,S,D,K,D,C,D,C,1423_alt5,1423,26
1420_altall,G,K,G,G,G,K,S,D,K,D,C,D,C,1420_altall,1420,26
1420_alt3,G,K,G,G,G,K,S,D,K,D,C,D,C,1420_alt3,1420,26
1415_alt5,G,K,G,G,G,K,S,D,K,D,C,D,C,1415_alt5,1415,26
1430_map,G,K,G,G,G,K,S,D,K,D,C,D,C,1430_map,1430,26
1411_alt5,G,K,G,G,G,K,S,D,K,D,C,D,C,1411_alt5,1411,26
1432_alt2,G,K,G,G,G,K,S,D,K,D,C,D,C,1432_alt2,1432,26
1437_alt5,G,K,G,G,G,K,S,D,K,D,C,D,C,1437_alt5,1437,26
1436_alt5,G,K,G,G,G,K,S,D,K,D,C,D,C,1436_alt5,1436,26
1431_map,G,K,G,G,G,K,S,D,K,D,C,D,C,1431_map,1431,26
1354_alt3,G,K,G,G,G,K,S,D,K,D,C,D,C,1354_alt3,1354,26
1495_alt2,G,K,G,G,G,K,S,D,K,D,C,D,C,1495_alt2,1495,26
1489_altall,G,K,G,G,G,K,S,D,K,D,C,D,C,1489_altall,1489,26
1490_alt2,G,K,G,G,G,K,S,D,K,D,C,D,C,1490_alt2,1490,26
1489_alt3,G,K,G,G,G,K,S,D,K,D,C,D,C,1489_alt3,1489,26
1504_alt3,G,K,G,G,G,K,S,D,K,D,C,D,C,1504_alt3,1504,26
1508_alt2,G,K,G,G,G,K,S,D,K,D,C,D,C,1508_alt2,1508,26
1506_alt3,G,K,G,G,G,K,S,D,K,D,C,D,C,1506_alt3,1506,26
1486_alt3,G,K,G,G,G,K,S,D,K,D,C,D,C,1486_alt3,1486,26
1503_alt3,G,K,G,G,G,K,S,D,K,D,C,D,C,1503_alt3,1503,26
1497_altall,G,K,G,G,G,K,S,D,K,D,C,D,C,1497_altall,1497,26
1500_alt2,G,K,G,G,G,K,S,D,K,D,C,D,C,1500_alt2,1500,26
1522_alt2,G,K,G,G,G,K,S,D,K,D,C,D,C,1522_alt2,1522,26
1523_map,G,K,G,G,G,K,S,D,K,D,C,D,C,1523_map,1523,26
1520_alt5,G,K,G,G,G,K,S,D,K,D,C,D,C,1520_alt5,1520,26
1517_alt2,G,K,G,G,G,K,S,D,K,D,C,D,C,1517_alt2,1517,26
1516_alt2,G,K,G,G,G,K,S,D,K,D,C,D,C,1516_alt2,1516,26
1512_alt5,G,K,G,G,G,K,S,D,K,D,C,D,C,1512_alt5,1512,26
1457_alt2,G,K,G,G,G,K,S,D,K,D,C,D,C,1457_alt2,1457,26
1459_alt3,G,K,G,G,G,K,S,D,K,D,C,D,C,1459_alt3,1459,26
1461_altall,G,K,G,G,G,K,S,D,K,D,C,D,C,1461_altall,1461,26
1482_alt5,G,K,G,G,G,K,S,D,K,D,C,D,C,1482_alt5,1482,26
1472_alt2,G,K,G,G,G,K,S,D,K,D,C,D,C,1472_alt2,1472,26
1470_alt3,G,K,G,G,G,K,S,D,K,D,C,D,C,1470_alt3,1470,26
1465_alt4,G,K,G,G,G,K,S,D,K,D,C,D,C,1465_alt4,1465,26
1468_alt5,G,K,G,G,G,K,S,D,K,D,C,D,C,1468_alt5,1468,26
1474_alt4,G,K,G,G,G,K,S,D,K,D,C,D,C,1474_alt4,1474,26
1481_alt5,G,K,G,G,G,K,S,D,K,D,C,D,C,1481_alt5,1481,26
1479_alt2,G,K,G,G,G,K,S,D,K,D,C,D,C,1479_alt2,1479,26
1477_alt2,G,K,G,G,G,K,S,D,K,D,C,D,C,1477_alt2,1477,26
1460_alt5,G,K,G,G,G,K,S,D,K,D,C,D,C,1460_alt5,1460,26
1485_alt3,G,K,G,G,G,K,S,D,K,D,C,D,C,1485_alt3,1485,26
809_alt5,G,K,G,G,G,K,S,D,K,D,C,D,C,809_alt5,809,26
819_map,G,K,G,G,G,K,S,D,K,D,C,D,C,819_map,819,26
816_alt2,G,K,G,G,G,K,S,D,K,D,C,D,C,816_alt2,816,26
815_alt3,G,K,G,G,G,K,S,D,K,D,C,D,C,815_alt3,815,26
812_alt3,G,K,G,G,G,K,S,D,K,D,C,D,C,812_alt3,812,26
802_map,G,K,G,G,G,K,S,D,K,D,C,D,C,802_map,802,26
789_alt2,G,K,G,G,G,K,S,D,K,D,C,D,C,789_alt2,789,26
789_alt5,G,K,G,G,G,K,S,D,K,D,C,D,C,789_alt5,789,26
785_map,G,K,G,G,G,K,S,D,K,D,C,D,C,785_map,785,26
782_map,G,K,G,G,G,K,S,D,K,D,C,D,C,782_map,782,26
776_alt4,G,K,G,G,G,K,S,D,K,D,C,D,C,776_alt4,776,26
779_altall,G,K,G,G,G,K,S,D,K,D,C,D,C,779_altall,779,26
778_alt3,G,K,G,G,G,K,S,D,K,D,C,D,C,778_alt3,778,26
771_altall,G,K,G,G,G,K,S,D,K,D,C,D,C,771_altall,771,26
783_map,G,K,G,G,G,K,S,D,K,D,C,D,C,783_map,783,26
792_altall,G,K,G,G,G,K,S,D,K,D,C,D,C,792_altall,792,26
795_alt4,G,K,G,G,G,K,S,D,K,D,C,D,C,795_alt4,795,26
800_alt4,G,K,G,G,G,K,S,D,K,D,C,D,C,800_alt4,800,26
797_alt2,G,K,G,G,G,K,S,D,K,D,C,D,C,797_alt2,797,26
793_alt2,G,K,G,G,G,K,S,D,K,D,C,D,C,793_alt2,793,26
806_map,G,K,G,G,G,K,S,D,K,D,C,D,C,806_map,806,26
807_alt5,G,K,G,G,G,K,S,D,K,D,C,D,C,807_alt5,807,26
1526_alt4,G,K,G,G,G,K,S,D,K,D,C,D,C,1526_alt4,1526,26
1527_alt2,G,K,G,G,G,K,S,D,K,D,C,D,C,1527_alt2,1527,26
1531_map,G,K,G,G,G,K,S,D,K,D,C,D,C,1531_map,1531,26
1533_alt4,G,K,G,G,G,K,S,D,K,D,C,D,C,1533_alt4,1533,26
1537_alt5,G,K,G,G,G,K,S,D,K,D,C,D,C,1537_alt5,1537,26
1534_map,G,K,G,G,G,K,S,D,K,D,C,D,C,1534_map,1534,26
Anf_Phaeospirillum_fulvum,G,K,G,G,G,K,S,D,K,D,C,D,C,Anf_Phaeospirillum_fulvum,Anf_Phaeospirillum,26
Nif_Syntrophothermus_lipocalidus,G,K,G,G,G,K,S,D,K,D,C,D,C,Nif_Syntrophothermus_lipocalidus,Nif_Syntrophothermus,26
Nif_Candidatus_Methanolliviera_sp_GoM_asphalt,G,K,G,G,G,K,S,D,K,D,C,D,C,Nif_Candidatus_Methanolliviera_sp_GoM_asphalt,Nif_Candidatus_Methanolliviera_sp_GoM,26
Nif_Dethiosulfatibacter_aminovorans,G,K,G,G,G,K,S,D,K,D,C,D,C,Nif_Dethiosulfatibacter_aminovorans,Nif_Dethiosulfatibacter,26
Nif_Lachnospiraceae_bacterium,G,K,G,G,G,K,S,D,K,D,C,D,C,Nif_Lachnospiraceae_bacterium,Nif_Lachnospiraceae,26
Nif_Syntrophomonas_zehnderi,G,K,G,G,G,K,S,D,K,D,C,D,C,Nif_Syntrophomonas_zehnderi,Nif_Syntrophomonas,26
Nif_Anaerosporomusa_subterranea,G,K,G,G,G,K,S,D,K,D,C,D,C,Nif_Anaerosporomusa_subterranea,Nif_Anaerosporomusa,26
Nif_Desulfofarcimen_acetoxidans,G,K,G,G,G,K,S,D,K,D,C,D,C,Nif_Desulfofarcimen_acetoxidans,Nif_Desulfofarcimen,26
Nif_Ethanoligenens_harbinense,G,K,G,G,G,K,S,D,K,D,C,D,C,Nif_Ethanoligenens_harbinense,Nif_Ethanoligenens,26
Nif_delta_proteobacterium_NaphS2,G,K,G,G,G,K,S,D,K,D,C,D,C,Nif_delta_proteobacterium_NaphS2,Nif_delta_proteobacterium,26
Nif_Draconibacterium_sediminis,G,K,G,G,G,K,S,D,K,D,C,D,C,Nif_Draconibacterium_sediminis,Nif_Draconibacterium,26
Nif_Desulfohalovibrio_alkalitolerans,G,K,G,G,G,K,S,D,K,D,C,D,C,Nif_Desulfohalovibrio_alkalitolerans,Nif_Desulfohalovibrio,26
Nif_Desulfomonile_tiedjei,G,K,G,G,G,K,S,D,K,D,C,D,C,Nif_Desulfomonile_tiedjei,Nif_Desulfomonile,26
Nif_Desulfofustis_glycolicus,G,K,G,G,G,K,S,D,K,D,C,D,C,Nif_Desulfofustis_glycolicus,Nif_Desulfofustis,26
Nif_Phycisphaeraceae_bacterium,G,K,G,G,G,K,S,D,K,D,C,D,C,Nif_Phycisphaeraceae_bacterium,Nif_Phycisphaeraceae,26
Nif_Desulfobacterales_bacterium_C00003106,G,K,G,G,G,K,S,D,K,D,C,D,C,Nif_Desulfobacterales_bacterium_C00003106,Nif_Desulfobacterales_bacterium,26
Nif_Candidatus_Acidulodesulfobacterium_acidiphilum,G,K,G,G,G,K,S,D,K,D,C,D,C,Nif_Candidatus_Acidulodesulfobacterium_acidiphilum,Nif_Candidatus_Acidulodesulfobacterium,26
Nif_Phaeospirillum_fulvum,G,K,G,G,G,K,S,D,K,D,C,D,C,Nif_Phaeospirillum_fulvum,Nif_Phaeospirillum,26
Nif_Cupriavidus_sp_amp6,G,K,G,G,G,K,S,D,K,D,C,D,C,Nif_Cupriavidus_sp_amp6,Nif_Cupriavidus_sp,26
Nif_Oxalobacter_sp,G,K,G,G,G,K,S,D,K,D,C,D,C,Nif_Oxalobacter_sp,Nif_Oxalobacter,26
Nif_Klebsiella_pneumoniae,G,K,G,G,G,K,S,D,K,D,C,D,C,Nif_Klebsiella_pneumoniae,Nif_Klebsiella,26
Nif_Amphritea_atlantica,G,K,G,G,G,K,S,D,K,D,C,D,C,Nif_Amphritea_atlantica,Nif_Amphritea,26
Nif_Vibrio_aerogenes,G,K,G,G,G,K,S,D,K,D,C,D,C,Nif_Vibrio_aerogenes,Nif_Vibrio,26
Nif_Anaeromyxobacter_sp_Fw109-5,G,K,G,G,G,K,S,D,K,D,C,D,C,Nif_Anaeromyxobacter_sp_Fw109-5,Nif_Anaeromyxobacter_sp,26
Nif_Dehalobacter,G,K,G,G,G,K,S,D,K,D,C,D,C,Nif_Dehalobacter,Nif,26
Nif_Euhalothece_natronophila,G,K,G,G,G,K,S,D,K,D,C,D,C,Nif_Euhalothece_natronophila,Nif_Euhalothece,26
Nif_Fontibacillus_panacisegetis,G,K,G,G,G,K,S,D,K,D,C,D,C,Nif_Fontibacillus_panacisegetis,Nif_Fontibacillus,26
1207_alt3,G,K,G,G,G,K,S,D,K,D,C,D,C,1207_alt3,1207,26
1215_map,G,K,G,G,G,K,S,D,K,D,C,D,C,1215_map,1215,26
1217_alt2,G,K,G,G,G,K,S,D,K,D,C,D,C,1217_alt2,1217,26
1212_alt5,G,K,G,G,G,K,S,D,K,D,C,D,C,1212_alt5,1212,26
1219_alt5,G,K,G,G,G,K,S,D,K,D,C,D,C,1219_alt5,1219,26
1220_alt3,G,K,G,G,G,K,S,D,K,D,C,D,C,1220_alt3,1220,26
1223_alt4,G,K,G,G,G,K,S,D,K,D,C,D,C,1223_alt4,1223,26
1227_alt2,G,K,G,G,G,K,S,D,K,D,C,D,C,1227_alt2,1227,26
1228_alt5,G,K,G,G,G,K,S,D,K,D,C,D,C,1228_alt5,1228,26
1237_alt3,G,K,G,G,G,K,S,D,K,D,C,D,C,1237_alt3,1237,26
1245_alt4,G,K,G,G,G,K,S,D,K,D,C,D,C,1245_alt4,1245,26
1242_alt2,G,K,G,G,G,K,S,D,K,D,C,D,C,1242_alt2,1242,26
1247_alt4,G,K,G,G,G,K,S,D,K,D,C,D,C,1247_alt4,1247,26
1238_map,G,K,G,G,G,K,S,D,K,D,C,D,C,1238_map,1238,26
1249_alt5,G,K,G,G,G,K,S,D,K,D,C,D,C,1249_alt5,1249,26
1264_alt2,G,K,G,G,G,K,S,D,K,D,C,D,C,1264_alt2,1264,26
1262_alt5,G,K,G,G,G,K,S,D,K,D,C,D,C,1262_alt5,1262,26
1259_alt2,G,K,G,G,G,K,S,D,K,D,C,D,C,1259_alt2,1259,26
1258_alt4,G,K,G,G,G,K,S,D,K,D,C,D,C,1258_alt4,1258,26
1253_altall,G,K,G,G,G,K,S,D,K,D,C,D,C,1253_altall,1253,26
1252_alt5,G,K,G,G,G,K,S,D,K,D,C,D,C,1252_alt5,1252,26
1267_alt3,G,K,G,G,G,K,S,D,K,D,C,D,C,1267_alt3,1267,26
1249_alt2,G,K,G,G,G,K,S,D,K,D,C,D,C,1249_alt2,1249,26
1271_altall,G,K,G,G,G,K,S,D,K,D,C,D,C,1271_altall,1271,26
1275_altall,G,K,G,G,G,K,S,D,K,D,C,D,C,1275_altall,1275,26
1275_alt4,G,K,G,G,G,K,S,D,K,D,C,D,C,1275_alt4,1275,26
1279_alt4,G,K,G,G,G,K,S,D,K,D,C,D,C,1279_alt4,1279,26
1280_alt2,G,K,G,G,G,K,S,D,K,D,C,D,C,1280_alt2,1280,26
1284_alt2,G,K,G,G,G,K,S,D,K,D,C,D,C,1284_alt2,1284,26
1285_altall,G,K,G,G,G,K,S,D,K,D,C,D,C,1285_altall,1285,26
1232_map,G,K,G,G,G,K,S,D,K,D,C,D,C,1232_map,1232,26
1235_alt4,G,K,G,G,G,K,S,D,K,D,C,D,C,1235_alt4,1235,26
1286_altall,G,K,G,G,G,K,S,D,K,D,C,D,C,1286_altall,1286,26
1293_alt2,G,K,G,G,G,K,S,D,K,D,C,D,C,1293_alt2,1293,26
1298_altall,G,K,G,G,G,K,S,D,K,D,C,D,C,1298_altall,1298,26
1302_alt3,G,K,G,G,G,K,S,D,K,D,C,D,C,1302_alt3,1302,26
1298_alt3,G,K,G,G,G,K,S,D,K,D,C,D,C,1298_alt3,1298,26
1294_alt2,G,K,G,G,G,K,S,D,K,D,C,D,C,1294_alt2,1294,26
1304_map,G,K,G,G,G,K,S,D,K,D,C,D,C,1304_map,1304,26
1329_alt4,G,K,G,G,G,K,S,D,K,D,C,D,C,1329_alt4,1329,26
1320_alt3,G,K,G,G,G,K,S,D,K,D,C,D,C,1320_alt3,1320,26
1322_altall,G,K,G,G,G,K,S,D,K,D,C,D,C,1322_altall,1322,26
1319_altall,G,K,G,G,G,K,S,D,K,D,C,D,C,1319_altall,1319,26
1325_alt4,G,K,G,G,G,K,S,D,K,D,C,D,C,1325_alt4,1325,26
1317_altall,G,K,G,G,G,K,S,D,K,D,C,D,C,1317_altall,1317,26
1312_altall,G,K,G,G,G,K,S,D,K,D,C,D,C,1312_altall,1312,26
1315_map,G,K,G,G,G,K,S,D,K,D,C,D,C,1315_map,1315,26
1312_alt5,G,K,G,G,G,K,S,D,K,D,C,D,C,1312_alt5,1312,26
1332_alt2,G,K,G,G,G,K,S,D,K,D,C,D,C,1332_alt2,1332,26
1333_alt3,G,K,G,G,G,K,S,D,K,D,C,D,C,1333_alt3,1333,26
1336_alt5,G,K,G,G,G,K,S,D,K,D,C,D,C,1336_alt5,1336,26
1307_altall,G,K,G,G,G,K,S,D,K,D,C,D,C,1307_altall,1307,26
1338_alt3,G,K,G,G,G,K,S,D,K,D,C,D,C,1338_alt3,1338,26
1292_altall,G,K,G,G,G,K,S,D,K,D,C,D,C,1292_altall,1292,26
1289_alt2,G,K,G,G,G,K,S,D,K,D,C,D,C,1289_alt2,1289,26
1230_alt5,G,K,G,G,G,K,S,D,K,D,C,D,C,1230_alt5,1230,26
1342_alt3,G,K,G,G,G,K,S,D,K,D,C,D,C,1342_alt3,1342,26
1344_alt4,G,K,G,G,G,K,S,D,K,D,C,D,C,1344_alt4,1344,26
1224_alt4,G,K,G,G,G,K,S,D,K,D,C,D,C,1224_alt4,1224,26
1206_alt5,G,K,G,G,G,K,S,D,K,D,C,D,C,1206_alt5,1206,26
1350_alt5,G,K,G,G,G,K,S,D,K,D,C,D,C,1350_alt5,1350,26
1349_alt5,G,K,G,G,G,K,S,D,K,D,C,D,C,1349_alt5,1349,26
1345_altall,G,K,G,G,G,K,S,D,K,D,C,D,C,1345_altall,1345,26
1453_alt3,G,K,G,G,G,K,S,D,K,D,C,D,C,1453_alt3,1453,26
1447_alt4,G,K,G,G,G,K,S,D,K,D,C,D,C,1447_alt4,1447,26
1449_alt3,G,K,G,G,G,K,S,D,K,D,C,D,C,1449_alt3,1449,26
1353_map,G,K,G,G,G,K,S,D,K,D,C,D,C,1353_map,1353,26
1441_alt5,G,K,G,G,G,K,S,D,K,D,C,D,C,1441_alt5,1441,26
1445_alt2,G,K,G,G,G,K,S,D,K,D,C,D,C,1445_alt2,1445,26
1440_map,G,K,G,G,G,K,S,D,K,D,C,D,C,1440_map,1440,26
1364_alt3,G,K,G,G,G,K,S,D,K,D,C,D,C,1364_alt3,1364,26
1369_map,G,K,G,G,G,K,S,D,K,D,C,D,C,1369_map,1369,26
1370_alt4,G,K,G,G,G,K,S,D,K,D,C,D,C,1370_alt4,1370,26
1366_alt4,G,K,G,G,G,K,S,D,K,D,C,D,C,1366_alt4,1366,26
1403_alt2,G,K,G,G,G,K,S,D,K,D,C,D,C,1403_alt2,1403,26
1405_altall,G,K,G,G,G,K,S,D,K,D,C,D,C,1405_altall,1405,26
1383_alt3,G,K,G,G,G,K,S,D,K,D,C,D,C,1383_alt3,1383,26
1389_alt5,G,K,G,G,G,K,S,D,K,D,C,D,C,1389_alt5,1389,26
1392_alt2,G,K,G,G,G,K,S,D,K,D,C,D,C,1392_alt2,1392,26
1396_alt2,G,K,G,G,G,K,S,D,K,D,C,D,C,1396_alt2,1396,26
1398_alt4,G,K,G,G,G,K,S,D,K,D,C,D,C,1398_alt4,1398,26
1397_alt2,G,K,G,G,G,K,S,D,K,D,C,D,C,1397_alt2,1397,26
1386_map,G,K,G,G,G,K,S,D,K,D,C,D,C,1386_map,1386,26
1385_alt2,G,K,G,G,G,K,S,D,K,D,C,D,C,1385_alt2,1385,26
1372_alt5,G,K,G,G,G,K,S,D,K,D,C,D,C,1372_alt5,1372,26
1374_alt2,G,K,G,G,G,K,S,D,K,D,C,D,C,1374_alt2,1374,26
1377_altall,G,K,G,G,G,K,S,D,K,D,C,D,C,1377_altall,1377,26
1379_alt5,G,K,G,G,G,K,S,D,K,D,C,D,C,1379_alt5,1379,26
1359_alt2,G,K,G,G,G,K,S,D,K,D,C,D,C,1359_alt2,1359,26
1361_alt2,G,K,G,G,G,K,S,D,K,D,C,D,C,1361_alt2,1361,26
1407_alt3,G,K,G,G,G,K,S,D,K,D,C,D,C,1407_alt3,1407,26
1406_alt4,G,K,G,G,G,K,S,D,K,D,C,D,C,1406_alt4,1406,26
1425_altall,G,K,G,G,G,K,S,D,K,D,C,D,C,1425_altall,1425,26
1429_alt5,G,K,G,G,G,K,S,D,K,D,C,D,C,1429_alt5,1429,26
1417_alt2,G,K,G,G,G,K,S,D,K,D,C,D,C,1417_alt2,1417,26
1424_altall,G,K,G,G,G,K,S,D,K,D,C,D,C,1424_altall,1424,26
1421_altall,G,K,G,G,G,K,S,D,K,D,C,D,C,1421_altall,1421,26
1420_map,G,K,G,G,G,K,S,D,K,D,C,D,C,1420_map,1420,26
1415_alt4,G,K,G,G,G,K,S,D,K,D,C,D,C,1415_alt4,1415,26
1430_alt4,G,K,G,G,G,K,S,D,K,D,C,D,C,1430_alt4,1430,26
1411_map,G,K,G,G,G,K,S,D,K,D,C,D,C,1411_map,1411,26
1432_alt3,G,K,G,G,G,K,S,D,K,D,C,D,C,1432_alt3,1432,26
1437_alt3,G,K,G,G,G,K,S,D,K,D,C,D,C,1437_alt3,1437,26
1436_altall,G,K,G,G,G,K,S,D,K,D,C,D,C,1436_altall,1436,26
1431_alt4,G,K,G,G,G,K,S,D,K,D,C,D,C,1431_alt4,1431,26
1354_alt2,G,K,G,G,G,K,S,D,K,D,C,D,C,1354_alt2,1354,26
1495_alt4,G,K,G,G,G,K,S,D,K,D,C,D,C,1495_alt4,1495,26
1489_alt5,G,K,G,G,G,K,S,D,K,D,C,D,C,1489_alt5,1489,26
1491_altall,G,K,G,G,G,K,S,D,K,D,C,D,C,1491_altall,1491,26
1488_altall,G,K,G,G,G,K,S,D,K,D,C,D,C,1488_altall,1488,26
1505_map,G,K,G,G,G,K,S,D,K,D,C,D,C,1505_map,1505,26
1507_alt5,G,K,G,G,G,K,S,D,K,D,C,D,C,1507_alt5,1507,26
1506_map,G,K,G,G,G,K,S,D,K,D,C,D,C,1506_map,1506,26
1486_map,G,K,G,G,G,K,S,D,K,D,C,D,C,1486_map,1486,26
1503_map,G,K,G,G,G,K,S,D,K,D,C,D,C,1503_map,1503,26
1501_alt3,G,K,G,G,G,K,S,D,K,D,C,D,C,1501_alt3,1501,26
1499_alt3,G,K,G,G,G,K,S,D,K,D,C,D,C,1499_alt3,1499,26
1522_map,G,K,G,G,G,K,S,D,K,D,C,D,C,1522_map,1522,26
1522_alt5,G,K,G,G,G,K,S,D,K,D,C,D,C,1522_alt5,1522,26
1520_alt3,G,K,G,G,G,K,S,D,K,D,C,D,C,1520_alt3,1520,26
1517_map,G,K,G,G,G,K,S,D,K,D,C,D,C,1517_map,1517,26
1516_map,G,K,G,G,G,K,S,D,K,D,C,D,C,1516_map,1516,26
1512_alt3,G,K,G,G,G,K,S,D,K,D,C,D,C,1512_alt3,1512,26
1457_altall,G,K,G,G,G,K,S,D,K,D,C,D,C,1457_altall,1457,26
1459_altall,G,K,G,G,G,K,S,D,K,D,C,D,C,1459_altall,1459,26
1483_altall,G,K,G,G,G,K,S,D,K,D,C,D,C,1483_altall,1483,26
1482_map,G,K,G,G,G,K,S,D,K,D,C,D,C,1482_map,1482,26
1472_map,G,K,G,G,G,K,S,D,K,D,C,D,C,1472_map,1472,26
1470_alt2,G,K,G,G,G,K,S,D,K,D,C,D,C,1470_alt2,1470,26
1465_altall,G,K,G,G,G,K,S,D,K,D,C,D,C,1465_altall,1465,26
1468_alt3,G,K,G,G,G,K,S,D,K,D,C,D,C,1468_alt3,1468,26
1474_map,G,K,G,G,G,K,S,D,K,D,C,D,C,1474_map,1474,26
1481_map,G,K,G,G,G,K,S,D,K,D,C,D,C,1481_map,1481,26
1479_alt4,G,K,G,G,G,K,S,D,K,D,C,D,C,1479_alt4,1479,26
1476_map,G,K,G,G,G,K,S,D,K,D,C,D,C,1476_map,1476,26
1459_alt4,G,K,G,G,G,K,S,D,K,D,C,D,C,1459_alt4,1459,26
1352_alt4,G,K,G,G,G,K,S,D,K,D,C,D,C,1352_alt4,1352,26
809_alt4,G,K,G,G,G,K,S,D,K,D,C,D,C,809_alt4,809,26
819_alt2,G,K,G,G,G,K,S,D,K,D,C,D,C,819_alt2,819,26
816_map,G,K,G,G,G,K,S,D,K,D,C,D,C,816_map,816,26
815_map,G,K,G,G,G,K,S,D,K,D,C,D,C,815_map,815,26
812_alt5,G,K,G,G,G,K,S,D,K,D,C,D,C,812_alt5,812,26
802_alt4,G,K,G,G,G,K,S,D,K,D,C,D,C,802_alt4,802,26
789_altall,G,K,G,G,G,K,S,D,K,D,C,D,C,789_altall,789,26
789_alt4,G,K,G,G,G,K,S,D,K,D,C,D,C,789_alt4,789,26
785_alt2,G,K,G,G,G,K,S,D,K,D,C,D,C,785_alt2,785,26
782_alt2,G,K,G,G,G,K,S,D,K,D,C,D,C,782_alt2,782,26
776_alt3,G,K,G,G,G,K,S,D,K,D,C,D,C,776_alt3,776,26
779_alt2,G,K,G,G,G,K,S,D,K,D,C,D,C,779_alt2,779,26
778_alt4,G,K,G,G,G,K,S,D,K,D,C,D,C,778_alt4,778,26
771_alt2,G,K,G,G,G,K,S,D,K,D,C,D,C,771_alt2,771,26
783_alt5,G,K,G,G,G,K,S,D,K,D,C,D,C,783_alt5,783,26
792_alt5,G,K,G,G,G,K,S,D,K,D,C,D,C,792_alt5,792,26
798_altall,G,K,G,G,G,K,S,D,K,D,C,D,C,798_altall,798,26
801_alt2,G,K,G,G,G,K,S,D,K,D,C,D,C,801_alt2,801,26
797_alt4,G,K,G,G,G,K,S,D,K,D,C,D,C,797_alt4,797,26
793_altall,G,K,G,G,G,K,S,D,K,D,C,D,C,793_altall,793,26
806_alt2,G,K,G,G,G,K,S,D,K,D,C,D,C,806_alt2,806,26
803_alt5,G,K,G,G,G,K,S,D,K,D,C,D,C,803_alt5,803,26
1526_map,G,K,G,G,G,K,S,D,K,D,C,D,C,1526_map,1526,26
1526_alt2,G,K,G,G,G,K,S,D,K,D,C,D,C,1526_alt2,1526,26
1531_alt4,G,K,G,G,G,K,S,D,K,D,C,D,C,1531_alt4,1531,26
1533_alt5,G,K,G,G,G,K,S,D,K,D,C,D,C,1533_alt5,1533,26
1537_map,G,K,G,G,G,K,S,D,K,D,C,D,C,1537_map,1537,26
1534_alt2,G,K,G,G,G,K,S,D,K,D,C,D,C,1534_alt2,1534,26
Anf_Rhodopseudomonas_palustris,G,K,G,G,G,K,S,D,K,D,C,D,C,Anf_Rhodopseudomonas_palustris,Anf_Rhodopseudomonas,26
Nif_Thermacetogenium_phaeum,G,K,G,G,G,K,S,D,K,D,C,D,C,Nif_Thermacetogenium_phaeum,Nif_Thermacetogenium,26
Nif_Methanophagales_archaeon,G,K,G,G,G,K,S,D,K,D,C,D,C,Nif_Methanophagales_archaeon,Nif_Methanophagales,26
Nif_Pseudoclostridium_thermosuccinogenes,G,K,G,G,G,K,S,D,K,D,C,D,C,Nif_Pseudoclostridium_thermosuccinogenes,Nif_Pseudoclostridium,26
Nif_Clostridium_populeti,G,K,G,G,G,K,S,D,K,D,C,D,C,Nif_Clostridium_populeti,Nif_Clostridium,26
Nif_Alkaliphilus_metalliredigens,G,K,G,G,G,K,S,D,K,D,C,D,C,Nif_Alkaliphilus_metalliredigens,Nif_Alkaliphilus,26
Nif_Dendrosporobacter_quercicolus,G,K,G,G,G,K,S,D,K,D,C,D,C,Nif_Dendrosporobacter_quercicolus,Nif_Dendrosporobacter,26
Nif_Clostridium_pasteurianum,G,K,G,G,G,K,S,D,K,D,C,D,C,Nif_Clostridium_pasteurianum,Nif_Clostridium,26
Nif_Actinobacteria_bacterium_HGW-Actinobacteria-2,G,K,G,G,G,K,S,D,K,D,C,D,C,Nif_Actinobacteria_bacterium_HGW-Actinobacteria-2,Nif_Actinobacteria_bacterium,26
Nif_Desulfobacteraceae_bacterium_Eth-SRB2,G,K,G,G,G,K,S,D,K,D,C,D,C,Nif_Desulfobacteraceae_bacterium_Eth-SRB2,Nif_Desulfobacteraceae_bacterium,26
Nif_Marinilabilia_sp_WTE,G,K,G,G,G,K,S,D,K,D,C,D,C,Nif_Marinilabilia_sp_WTE,Nif_Marinilabilia_sp,26
Nif_Spirochaeta_cellobiosiphila,G,K,G,G,G,K,S,D,K,D,C,D,C,Nif_Spirochaeta_cellobiosiphila,Nif_Spirochaeta,26
Nif_Desulfonatronospira_thiodismutans,G,K,G,G,G,K,S,D,K,D,C,D,C,Nif_Desulfonatronospira_thiodismutans,Nif_Desulfonatronospira,26
Nif_Desulfobulbus_elongatus,G,K,G,G,G,K,S,D,K,D,C,D,C,Nif_Desulfobulbus_elongatus,Nif_Desulfobulbus,26
Nif_Planctomycetes_bacterium_Q31b,G,K,G,G,G,K,S,D,K,D,C,D,C,Nif_Planctomycetes_bacterium_Q31b,Nif_Planctomycetes_bacterium,26
Nif_Coleofasciculus_chthonoplastes,G,K,G,G,G,K,S,D,K,D,C,D,C,Nif_Coleofasciculus_chthonoplastes,Nif_Coleofasciculus,26
Nif_Acetobacter_peroxydans,G,K,G,G,G,K,S,D,K,D,C,D,C,Nif_Acetobacter_peroxydans,Nif_Acetobacter,26
Vnf_Phaeospirillum_fulvum,G,K,G,G,G,K,S,D,K,D,C,D,C,Vnf_Phaeospirillum_fulvum,Vnf_Phaeospirillum,26
Nif_Pelomonas_saccharophila,G,K,G,G,G,K,S,D,K,D,C,D,C,Nif_Pelomonas_saccharophila,Nif_Pelomonas,26
Nif_Leptospirillum_ferriphilum,G,K,G,G,G,K,S,D,K,D,C,D,C,Nif_Leptospirillum_ferriphilum,Nif_Leptospirillum,26
Nif_Mangrovibacter_sp_MFB070,G,K,G,G,G,K,S,D,K,D,C,D,C,Nif_Mangrovibacter_sp_MFB070,Nif_Mangrovibacter_sp,26
Nif_Thiorhodococcus_drewsii,G,K,G,G,G,K,S,D,K,D,C,D,C,Nif_Thiorhodococcus_drewsii,Nif_Thiorhodococcus,26
Nif_Candidatus_Competibacteraceae_bacterium,G,K,G,G,G,K,S,D,K,D,C,D,C,Nif_Candidatus_Competibacteraceae_bacterium,Nif_Candidatus_Competibacteraceae,26
Nif_Deltaproteobacteria_bacterium_HGW-Deltaproteobacteria-4,G,K,G,G,G,K,S,D,K,D,C,D,C,Nif_Deltaproteobacteria_bacterium_HGW-Deltaproteobacteria-4,Nif_Deltaproteobacteria_bacterium,26
Nif_Pelotomaculum_sp_FP,G,K,G,G,G,K,S,D,K,D,C,D,C,Nif_Pelotomaculum_sp_FP,Nif_Pelotomaculum_sp,26
Nif_filamentous_cyanobacterium_ESFC-1,G,K,G,G,G,K,S,D,K,D,C,D,C,Nif_filamentous_cyanobacterium_ESFC-1,Nif_filamentous_cyanobacterium,26
Nif_Lebetimonas_sp_JS032,G,K,G,G,G,K,S,D,K,D,C,D,C,Nif_Lebetimonas_sp_JS032,Nif_Lebetimonas_sp,26
1210_alt3,G,K,G,G,G,K,S,D,K,D,C,D,C,1210_alt3,1210,26
1215_alt4,G,K,G,G,G,K,S,D,K,D,C,D,C,1215_alt4,1215,26
1217_alt4,G,K,G,G,G,K,S,D,K,D,C,D,C,1217_alt4,1217,26
1212_alt2,G,K,G,G,G,K,S,D,K,D,C,D,C,1212_alt2,1212,26
1219_alt2,G,K,G,G,G,K,S,D,K,D,C,D,C,1219_alt2,1219,26
1219_alt4,G,K,G,G,G,K,S,D,K,D,C,D,C,1219_alt4,1219,26
1223_alt2,G,K,G,G,G,K,S,D,K,D,C,D,C,1223_alt2,1223,26
1227_map,G,K,G,G,G,K,S,D,K,D,C,D,C,1227_map,1227,26
1227_alt3,G,K,G,G,G,K,S,D,K,D,C,D,C,1227_alt3,1227,26
1237_alt5,G,K,G,G,G,K,S,D,K,D,C,D,C,1237_alt5,1237,26
1245_alt2,G,K,G,G,G,K,S,D,K,D,C,D,C,1245_alt2,1245,26
1242_alt3,G,K,G,G,G,K,S,D,K,D,C,D,C,1242_alt3,1242,26
1247_alt2,G,K,G,G,G,K,S,D,K,D,C,D,C,1247_alt2,1247,26
1238_alt5,G,K,G,G,G,K,S,D,K,D,C,D,C,1238_alt5,1238,26
1249_alt3,G,K,G,G,G,K,S,D,K,D,C,D,C,1249_alt3,1249,26
1264_alt5,G,K,G,G,G,K,S,D,K,D,C,D,C,1264_alt5,1264,26
1251_map,G,K,G,G,G,K,S,D,K,D,C,D,C,1251_map,1251,26
1259_alt4,G,K,G,G,G,K,S,D,K,D,C,D,C,1259_alt4,1259,26
1258_alt3,G,K,G,G,G,K,S,D,K,D,C,D,C,1258_alt3,1258,26
1255_altall,G,K,G,G,G,K,S,D,K,D,C,D,C,1255_altall,1255,26
1251_alt4,G,K,G,G,G,K,S,D,K,D,C,D,C,1251_alt4,1251,26
1267_alt5,G,K,G,G,G,K,S,D,K,D,C,D,C,1267_alt5,1267,26
1248_alt3,G,K,G,G,G,K,S,D,K,D,C,D,C,1248_alt3,1248,26
1272_map,G,K,G,G,G,K,S,D,K,D,C,D,C,1272_map,1272,26
1275_alt5,G,K,G,G,G,K,S,D,K,D,C,D,C,1275_alt5,1275,26
1275_map,G,K,G,G,G,K,S,D,K,D,C,D,C,1275_map,1275,26
1279_altall,G,K,G,G,G,K,S,D,K,D,C,D,C,1279_altall,1279,26
1280_alt3,G,K,G,G,G,K,S,D,K,D,C,D,C,1280_alt3,1280,26
1284_alt4,G,K,G,G,G,K,S,D,K,D,C,D,C,1284_alt4,1284,26
1285_alt5,G,K,G,G,G,K,S,D,K,D,C,D,C,1285_alt5,1285,26
1232_alt4,G,K,G,G,G,K,S,D,K,D,C,D,C,1232_alt4,1232,26
1235_altall,G,K,G,G,G,K,S,D,K,D,C,D,C,1235_altall,1235,26
1286_alt3,G,K,G,G,G,K,S,D,K,D,C,D,C,1286_alt3,1286,26
1293_alt4,G,K,G,G,G,K,S,D,K,D,C,D,C,1293_alt4,1293,26
1299_alt5,G,K,G,G,G,K,S,D,K,D,C,D,C,1299_alt5,1299,26
1302_alt4,G,K,G,G,G,K,S,D,K,D,C,D,C,1302_alt4,1302,26
1298_alt2,G,K,G,G,G,K,S,D,K,D,C,D,C,1298_alt2,1298,26
1294_map,G,K,G,G,G,K,S,D,K,D,C,D,C,1294_map,1294,26
1304_alt2,G,K,G,G,G,K,S,D,K,D,C,D,C,1304_alt2,1304,26
1329_map,G,K,G,G,G,K,S,D,K,D,C,D,C,1329_map,1329,26
1321_alt3,G,K,G,G,G,K,S,D,K,D,C,D,C,1321_alt3,1321,26
1323_alt4,G,K,G,G,G,K,S,D,K,D,C,D,C,1323_alt4,1323,26
1326_alt4,G,K,G,G,G,K,S,D,K,D,C,D,C,1326_alt4,1326,26
1325_alt3,G,K,G,G,G,K,S,D,K,D,C,D,C,1325_alt3,1325,26
1317_alt2,G,K,G,G,G,K,S,D,K,D,C,D,C,1317_alt2,1317,26
1312_alt4,G,K,G,G,G,K,S,D,K,D,C,D,C,1312_alt4,1312,26
1315_alt5,G,K,G,G,G,K,S,D,K,D,C,D,C,1315_alt5,1315,26
1311_alt2,G,K,G,G,G,K,S,D,K,D,C,D,C,1311_alt2,1311,26
1332_alt3,G,K,G,G,G,K,S,D,K,D,C,D,C,1332_alt3,1332,26
1332_altall,G,K,G,G,G,K,S,D,K,D,C,D,C,1332_altall,1332,26
1336_alt4,G,K,G,G,G,K,S,D,K,D,C,D,C,1336_alt4,1336,26
1307_alt4,G,K,G,G,G,K,S,D,K,D,C,D,C,1307_alt4,1307,26
1338_alt5,G,K,G,G,G,K,S,D,K,D,C,D,C,1338_alt5,1338,26
1290_alt5,G,K,G,G,G,K,S,D,K,D,C,D,C,1290_alt5,1290,26
1289_alt4,G,K,G,G,G,K,S,D,K,D,C,D,C,1289_alt4,1289,26
1230_map,G,K,G,G,G,K,S,D,K,D,C,D,C,1230_map,1230,26
1342_alt2,G,K,G,G,G,K,S,D,K,D,C,D,C,1342_alt2,1342,26
1344_alt2,G,K,G,G,G,K,S,D,K,D,C,D,C,1344_alt2,1344,26
1209_alt2,G,K,G,G,G,K,S,D,K,D,C,D,C,1209_alt2,1209,26
1206_map,G,K,G,G,G,K,S,D,K,D,C,D,C,1206_map,1206,26
1350_map,G,K,G,G,G,K,S,D,K,D,C,D,C,1350_map,1350,26
1348_alt3,G,K,G,G,G,K,S,D,K,D,C,D,C,1348_alt3,1348,26
1352_altall,G,K,G,G,G,K,S,D,K,D,C,D,C,1352_altall,1352,26
1453_alt4,G,K,G,G,G,K,S,D,K,D,C,D,C,1453_alt4,1453,26
1447_altall,G,K,G,G,G,K,S,D,K,D,C,D,C,1447_altall,1447,26
1449_map,G,K,G,G,G,K,S,D,K,D,C,D,C,1449_map,1449,26
1353_alt5,G,K,G,G,G,K,S,D,K,D,C,D,C,1353_alt5,1353,26
1440_alt4,G,K,G,G,G,K,S,D,K,D,C,D,C,1440_alt4,1440,26
1444_alt5,G,K,G,G,G,K,S,D,K,D,C,D,C,1444_alt5,1444,26
1440_alt3,G,K,G,G,G,K,S,D,K,D,C,D,C,1440_alt3,1440,26
1364_map,G,K,G,G,G,K,S,D,K,D,C,D,C,1364_map,1364,26
1369_alt5,G,K,G,G,G,K,S,D,K,D,C,D,C,1369_alt5,1369,26
1369_alt4,G,K,G,G,G,K,S,D,K,D,C,D,C,1369_alt4,1369,26
1366_alt5,G,K,G,G,G,K,S,D,K,D,C,D,C,1366_alt5,1366,26
1403_map,G,K,G,G,G,K,S,D,K,D,C,D,C,1403_map,1403,26
1405_alt3,G,K,G,G,G,K,S,D,K,D,C,D,C,1405_alt3,1405,26
1383_alt2,G,K,G,G,G,K,S,D,K,D,C,D,C,1383_alt2,1383,26
1390_alt3,G,K,G,G,G,K,S,D,K,D,C,D,C,1390_alt3,1390,26
1393_alt3,G,K,G,G,G,K,S,D,K,D,C,D,C,1393_alt3,1393,26
1396_alt3,G,K,G,G,G,K,S,D,K,D,C,D,C,1396_alt3,1396,26
1398_map,G,K,G,G,G,K,S,D,K,D,C,D,C,1398_map,1398,26
1397_alt3,G,K,G,G,G,K,S,D,K,D,C,D,C,1397_alt3,1397,26
1386_alt5,G,K,G,G,G,K,S,D,K,D,C,D,C,1386_alt5,1386,26
1384_map,G,K,G,G,G,K,S,D,K,D,C,D,C,1384_map,1384,26
1373_alt3,G,K,G,G,G,K,S,D,K,D,C,D,C,1373_alt3,1373,26
1375_map,G,K,G,G,G,K,S,D,K,D,C,D,C,1375_map,1375,26
1377_alt3,G,K,G,G,G,K,S,D,K,D,C,D,C,1377_alt3,1377,26
1379_alt2,G,K,G,G,G,K,S,D,K,D,C,D,C,1379_alt2,1379,26
1359_map,G,K,G,G,G,K,S,D,K,D,C,D,C,1359_map,1359,26
1361_map,G,K,G,G,G,K,S,D,K,D,C,D,C,1361_map,1361,26
1407_map,G,K,G,G,G,K,S,D,K,D,C,D,C,1407_map,1407,26
1409_alt5,G,K,G,G,G,K,S,D,K,D,C,D,C,1409_alt5,1409,26
1427_alt3,G,K,G,G,G,K,S,D,K,D,C,D,C,1427_alt3,1427,26
1429_alt2,G,K,G,G,G,K,S,D,K,D,C,D,C,1429_alt2,1429,26
1417_map,G,K,G,G,G,K,S,D,K,D,C,D,C,1417_map,1417,26
1424_alt3,G,K,G,G,G,K,S,D,K,D,C,D,C,1424_alt3,1424,26
1421_alt3,G,K,G,G,G,K,S,D,K,D,C,D,C,1421_alt3,1421,26
1420_alt4,G,K,G,G,G,K,S,D,K,D,C,D,C,1420_alt4,1420,26
1415_altall,G,K,G,G,G,K,S,D,K,D,C,D,C,1415_altall,1415,26
1413_altall,G,K,G,G,G,K,S,D,K,D,C,D,C,1413_altall,1413,26
1411_alt4,G,K,G,G,G,K,S,D,K,D,C,D,C,1411_alt4,1411,26
1434_alt4,G,K,G,G,G,K,S,D,K,D,C,D,C,1434_alt4,1434,26
1437_map,G,K,G,G,G,K,S,D,K,D,C,D,C,1437_map,1437,26
1436_alt3,G,K,G,G,G,K,S,D,K,D,C,D,C,1436_alt3,1436,26
1439_alt5,G,K,G,G,G,K,S,D,K,D,C,D,C,1439_alt5,1439,26
1354_alt4,G,K,G,G,G,K,S,D,K,D,C,D,C,1354_alt4,1354,26
1495_map,G,K,G,G,G,K,S,D,K,D,C,D,C,1495_map,1495,26
1489_alt4,G,K,G,G,G,K,S,D,K,D,C,D,C,1489_alt4,1489,26
1492_altall,G,K,G,G,G,K,S,D,K,D,C,D,C,1492_altall,1492,26
1487_alt3,G,K,G,G,G,K,S,D,K,D,C,D,C,1487_alt3,1487,26
1505_alt4,G,K,G,G,G,K,S,D,K,D,C,D,C,1505_alt4,1505,26
1507_alt4,G,K,G,G,G,K,S,D,K,D,C,D,C,1507_alt4,1507,26
1505_alt5,G,K,G,G,G,K,S,D,K,D,C,D,C,1505_alt5,1505,26
1486_alt4,G,K,G,G,G,K,S,D,K,D,C,D,C,1486_alt4,1486,26
1503_alt4,G,K,G,G,G,K,S,D,K,D,C,D,C,1503_alt4,1503,26
1501_altall,G,K,G,G,G,K,S,D,K,D,C,D,C,1501_altall,1501,26
1499_map,G,K,G,G,G,K,S,D,K,D,C,D,C,1499_map,1499,26
1522_alt3,G,K,G,G,G,K,S,D,K,D,C,D,C,1522_alt3,1522,26
1518_altall,G,K,G,G,G,K,S,D,K,D,C,D,C,1518_altall,1518,26
1520_alt4,G,K,G,G,G,K,S,D,K,D,C,D,C,1520_alt4,1520,26
1517_alt3,G,K,G,G,G,K,S,D,K,D,C,D,C,1517_alt3,1517,26
1516_alt5,G,K,G,G,G,K,S,D,K,D,C,D,C,1516_alt5,1516,26
1512_map,G,K,G,G,G,K,S,D,K,D,C,D,C,1512_map,1512,26
1458_altall,G,K,G,G,G,K,S,D,K,D,C,D,C,1458_altall,1458,26
1459_alt2,G,K,G,G,G,K,S,D,K,D,C,D,C,1459_alt2,1459,26
1483_alt2,G,K,G,G,G,K,S,D,K,D,C,D,C,1483_alt2,1483,26
1482_alt4,G,K,G,G,G,K,S,D,K,D,C,D,C,1482_alt4,1482,26
1472_alt3,G,K,G,G,G,K,S,D,K,D,C,D,C,1472_alt3,1472,26
1471_alt2,G,K,G,G,G,K,S,D,K,D,C,D,C,1471_alt2,1471,26
1465_alt3,G,K,G,G,G,K,S,D,K,D,C,D,C,1465_alt3,1465,26
1468_map,G,K,G,G,G,K,S,D,K,D,C,D,C,1468_map,1468,26
1474_alt3,G,K,G,G,G,K,S,D,K,D,C,D,C,1474_alt3,1474,26
1481_alt3,G,K,G,G,G,K,S,D,K,D,C,D,C,1481_alt3,1481,26
1478_alt3,G,K,G,G,G,K,S,D,K,D,C,D,C,1478_alt3,1478,26
1476_alt5,G,K,G,G,G,K,S,D,K,D,C,D,C,1476_alt5,1476,26
1455_alt2,G,K,G,G,G,K,S,D,K,D,C,D,C,1455_alt2,1455,26
1352_map,G,K,G,G,G,K,S,D,K,D,C,D,C,1352_map,1352,26
809_alt2,G,K,G,G,G,K,S,D,K,D,C,D,C,809_alt2,809,26
818_map,G,K,G,G,G,K,S,D,K,D,C,D,C,818_map,818,26
816_alt4,G,K,G,G,G,K,S,D,K,D,C,D,C,816_alt4,816,26
815_alt2,G,K,G,G,G,K,S,D,K,D,C,D,C,815_alt2,815,26
811_alt4,G,K,G,G,G,K,S,D,K,D,C,D,C,811_alt4,811,26
802_alt5,G,K,G,G,G,K,S,D,K,D,C,D,C,802_alt5,802,26
790_alt3,G,K,G,G,G,K,S,D,K,D,C,D,C,790_alt3,790,26
789_map,G,K,G,G,G,K,S,D,K,D,C,D,C,789_map,789,26
785_alt3,G,K,G,G,G,K,S,D,K,D,C,D,C,785_alt3,785,26
773_alt3,G,K,G,G,G,K,S,D,K,D,C,D,C,773_alt3,773,26
776_alt5,G,K,G,G,G,K,S,D,K,D,C,D,C,776_alt5,776,26
779_alt4,G,K,G,G,G,K,S,D,K,D,C,D,C,779_alt4,779,26
778_alt5,G,K,G,G,G,K,S,D,K,D,C,D,C,778_alt5,778,26
771_alt3,G,K,G,G,G,K,S,D,K,D,C,D,C,771_alt3,771,26
784_alt5,G,K,G,G,G,K,S,D,K,D,C,D,C,784_alt5,784,26
792_alt3,G,K,G,G,G,K,S,D,K,D,C,D,C,792_alt3,792,26
799_altall,G,K,G,G,G,K,S,D,K,D,C,D,C,799_altall,799,26
801_altall,G,K,G,G,G,K,S,D,K,D,C,D,C,801_altall,801,26
797_map,G,K,G,G,G,K,S,D,K,D,C,D,C,797_map,797,26
803_alt3,G,K,G,G,G,K,S,D,K,D,C,D,C,803_alt3,803,26
805_alt4,G,K,G,G,G,K,S,D,K,D,C,D,C,805_alt4,805,26
808_map,G,K,G,G,G,K,S,D,K,D,C,D,C,808_map,808,26
1526_alt3,G,K,G,G,G,K,S,D,K,D,C,D,C,1526_alt3,1526,26
1529_map,G,K,G,G,G,K,S,D,K,D,C,D,C,1529_map,1529,26
1531_alt2,G,K,G,G,G,K,S,D,K,D,C,D,C,1531_alt2,1531,26
1533_map,G,K,G,G,G,K,S,D,K,D,C,D,C,1533_map,1533,26
1537_alt2,G,K,G,G,G,K,S,D,K,D,C,D,C,1537_alt2,1537,26
1525_alt3,G,K,G,G,G,K,S,D,K,D,C,D,C,1525_alt3,1525,26
Anf_Rhodobacter_capsulatus,G,K,G,G,G,K,S,D,K,D,C,D,C,Anf_Rhodobacter_capsulatus,Anf_Rhodobacter,26
Nif_Thermodesulfitimonas_autotrophica,G,K,G,G,G,K,S,D,K,D,C,D,C,Nif_Thermodesulfitimonas_autotrophica,Nif_Thermodesulfitimonas,26
Nif_Candidatus_Methanoperedens_nitroreducens,G,K,G,G,G,K,S,D,K,D,C,D,C,Nif_Candidatus_Methanoperedens_nitroreducens,Nif_Candidatus_Methanoperedens,26
Nif_Petrocella_atlantisensis,G,K,G,G,G,K,S,D,K,D,C,D,C,Nif_Petrocella_atlantisensis,Nif_Petrocella,26
Nif_Robinsoniella_sp_MCWD5,G,K,G,G,G,K,S,D,K,D,C,D,C,Nif_Robinsoniella_sp_MCWD5,Nif_Robinsoniella_sp,26
Nif_Geosporobacter_ferrireducens,G,K,G,G,G,K,S,D,K,D,C,D,C,Nif_Geosporobacter_ferrireducens,Nif_Geosporobacter,26
Nif_Desulfallas_arcticus,G,K,G,G,G,K,S,D,K,D,C,D,C,Nif_Desulfallas_arcticus,Nif_Desulfallas,26
Vnf_Clostridium_pasteurianum,G,K,G,G,G,K,S,D,K,D,C,D,C,Vnf_Clostridium_pasteurianum,Vnf_Clostridium,26
Nif_Propionibacterium_cyclohexanicum,G,K,G,G,G,K,S,D,K,D,C,D,C,Nif_Propionibacterium_cyclohexanicum,Nif_Propionibacterium,26
Nif_Desulfamplus_magnetovallimortis,G,K,G,G,G,K,S,D,K,D,C,D,C,Nif_Desulfamplus_magnetovallimortis,Nif_Desulfamplus,26
Nif_Labilibacter_aurantiacus,G,K,G,G,G,K,S,D,K,D,C,D,C,Nif_Labilibacter_aurantiacus,Nif_Labilibacter,26
Nif_Lutibacter_agarilyticus,G,K,G,G,G,K,S,D,K,D,C,D,C,Nif_Lutibacter_agarilyticus,Nif_Lutibacter,26
Nif_Desulfonatronovibrio_hydrogenovorans,G,K,G,G,G,K,S,D,K,D,C,D,C,Nif_Desulfonatronovibrio_hydrogenovorans,Nif_Desulfonatronovibrio,26
Nif_Desulfotalea_sp,G,K,G,G,G,K,S,D,K,D,C,D,C,Nif_Desulfotalea_sp,Nif_Desulfotalea,26
Nif_Planctomycetes_bacterium_V7,G,K,G,G,G,K,S,D,K,D,C,D,C,Nif_Planctomycetes_bacterium_V7,Nif_Planctomycetes_bacterium,26
Nif_Roseofilum_reptotaenium_AO1-A,G,K,G,G,G,K,S,D,K,D,C,D,C,Nif_Roseofilum_reptotaenium_AO1-A,Nif_Roseofilum_reptotaenium,26
Nif_Hartmannibacter_diazotrophicus,G,K,G,G,G,K,S,D,K,D,C,D,C,Nif_Hartmannibacter_diazotrophicus,Nif_Hartmannibacter,26
Nif_Actibacterium_ureilyticum,G,K,G,G,G,K,S,D,K,D,C,D,C,Nif_Actibacterium_ureilyticum,Nif_Actibacterium,26
Nif_Polaromonas_naphthalenivorans,G,K,G,G,G,K,S,D,K,D,C,D,C,Nif_Polaromonas_naphthalenivorans,Nif_Polaromonas,26
Nif_Rhodovibrio_salinarum,G,K,G,G,G,K,S,D,K,D,C,D,C,Nif_Rhodovibrio_salinarum,Nif_Rhodovibrio,26
Nif_Pantoea_cypripedii,G,K,G,G,G,K,S,D,K,D,C,D,C,Nif_Pantoea_cypripedii,Nif_Pantoea,26
Nif_Hydrogenophilales_bacterium_28-61-23,G,K,G,G,G,K,S,D,K,D,C,D,C,Nif_Hydrogenophilales_bacterium_28-61-23,Nif_Hydrogenophilales_bacterium,26
Nif_Celerinatantimonas_diazotrophica,G,K,G,G,G,K,S,D,K,D,C,D,C,Nif_Celerinatantimonas_diazotrophica,Nif_Celerinatantimonas,26
Nif_Desulfuromonadales_bacterium_GWC2_61_20,G,K,G,G,G,K,S,D,K,D,C,D,C,Nif_Desulfuromonadales_bacterium_GWC2_61_20,Nif_Desulfuromonadales_bacterium_GWC2_61,26
Nif_Heliobacterium_modesticaldum,G,K,G,G,G,K,S,D,K,D,C,D,C,Nif_Heliobacterium_modesticaldum,Nif_Heliobacterium,26
Nif_Desertifilum_sp_IPPAS_B-1220,G,K,G,G,G,K,S,D,K,D,C,D,C,Nif_Desertifilum_sp_IPPAS_B-1220,Nif_Desertifilum_sp_IPPAS,26
Nif_Sulfurimonas_sp_RIFOXYD12_FULL_33_39,G,K,G,G,G,K,S,D,K,D,C,D,C,Nif_Sulfurimonas_sp_RIFOXYD12_FULL_33_39,Nif_Sulfurimonas_sp_RIFOXYD12_FULL_33,26
1211_altall,G,K,G,G,G,K,S,D,K,D,C,D,C,1211_altall,1211,26
1215_alt5,G,K,G,G,G,K,S,D,K,D,C,D,C,1215_alt5,1215,26
1217_altall,G,K,G,G,G,K,S,D,K,D,C,D,C,1217_altall,1217,26
1212_alt4,G,K,G,G,G,K,S,D,K,D,C,D,C,1212_alt4,1212,26
1219_map,G,K,G,G,G,K,S,D,K,D,C,D,C,1219_map,1219,26
1222_alt4,G,K,G,G,G,K,S,D,K,D,C,D,C,1222_alt4,1222,26
1223_map,G,K,G,G,G,K,S,D,K,D,C,D,C,1223_map,1223,26
1227_alt5,G,K,G,G,G,K,S,D,K,D,C,D,C,1227_alt5,1227,26
1227_altall,G,K,G,G,G,K,S,D,K,D,C,D,C,1227_altall,1227,26
1239_altall,G,K,G,G,G,K,S,D,K,D,C,D,C,1239_altall,1239,26
1245_alt5,G,K,G,G,G,K,S,D,K,D,C,D,C,1245_alt5,1245,26
1242_altall,G,K,G,G,G,K,S,D,K,D,C,D,C,1242_altall,1242,26
1247_map,G,K,G,G,G,K,S,D,K,D,C,D,C,1247_map,1247,26
1238_alt4,G,K,G,G,G,K,S,D,K,D,C,D,C,1238_alt4,1238,26
1249_map,G,K,G,G,G,K,S,D,K,D,C,D,C,1249_map,1249,26
1264_map,G,K,G,G,G,K,S,D,K,D,C,D,C,1264_map,1264,26
1251_alt2,G,K,G,G,G,K,S,D,K,D,C,D,C,1251_alt2,1251,26
1259_map,G,K,G,G,G,K,S,D,K,D,C,D,C,1259_map,1259,26
1256_alt5,G,K,G,G,G,K,S,D,K,D,C,D,C,1256_alt5,1256,26
1255_alt3,G,K,G,G,G,K,S,D,K,D,C,D,C,1255_alt3,1255,26
1251_alt5,G,K,G,G,G,K,S,D,K,D,C,D,C,1251_alt5,1251,26
1267_map,G,K,G,G,G,K,S,D,K,D,C,D,C,1267_map,1267,26
1268_alt3,G,K,G,G,G,K,S,D,K,D,C,D,C,1268_alt3,1268,26
1273_alt2,G,K,G,G,G,K,S,D,K,D,C,D,C,1273_alt2,1273,26
1276_altall,G,K,G,G,G,K,S,D,K,D,C,D,C,1276_altall,1276,26
1275_alt2,G,K,G,G,G,K,S,D,K,D,C,D,C,1275_alt2,1275,26
1279_alt2,G,K,G,G,G,K,S,D,K,D,C,D,C,1279_alt2,1279,26
1282_map,G,K,G,G,G,K,S,D,K,D,C,D,C,1282_map,1282,26
1284_alt5,G,K,G,G,G,K,S,D,K,D,C,D,C,1284_alt5,1284,26
1285_alt4,G,K,G,G,G,K,S,D,K,D,C,D,C,1285_alt4,1285,26
1233_altall,G,K,G,G,G,K,S,D,K,D,C,D,C,1233_altall,1233,26
1236_altall,G,K,G,G,G,K,S,D,K,D,C,D,C,1236_altall,1236,26
1286_alt5,G,K,G,G,G,K,S,D,K,D,C,D,C,1286_alt5,1286,26
1295_map,G,K,G,G,G,K,S,D,K,D,C,D,C,1295_map,1295,26
1300_alt3,G,K,G,G,G,K,S,D,K,D,C,D,C,1300_alt3,1300,26
1302_map,G,K,G,G,G,K,S,D,K,D,C,D,C,1302_map,1302,26
1297_altall,G,K,G,G,G,K,S,D,K,D,C,D,C,1297_altall,1297,26
1294_alt3,G,K,G,G,G,K,S,D,K,D,C,D,C,1294_alt3,1294,26
1306_alt4,G,K,G,G,G,K,S,D,K,D,C,D,C,1306_alt4,1306,26
1329_alt2,G,K,G,G,G,K,S,D,K,D,C,D,C,1329_alt2,1329,26
1321_alt2,G,K,G,G,G,K,S,D,K,D,C,D,C,1321_alt2,1321,26
1323_altall,G,K,G,G,G,K,S,D,K,D,C,D,C,1323_altall,1323,26
1326_alt2,G,K,G,G,G,K,S,D,K,D,C,D,C,1326_alt2,1326,26
1325_alt5,G,K,G,G,G,K,S,D,K,D,C,D,C,1325_alt5,1325,26
1309_map,G,K,G,G,G,K,S,D,K,D,C,D,C,1309_map,1309,26
1312_alt3,G,K,G,G,G,K,S,D,K,D,C,D,C,1312_alt3,1312,26
1315_alt3,G,K,G,G,G,K,S,D,K,D,C,D,C,1315_alt3,1315,26
1311_map,G,K,G,G,G,K,S,D,K,D,C,D,C,1311_map,1311,26
1332_alt5,G,K,G,G,G,K,S,D,K,D,C,D,C,1332_alt5,1332,26
1331_alt3,G,K,G,G,G,K,S,D,K,D,C,D,C,1331_alt3,1331,26
1335_map,G,K,G,G,G,K,S,D,K,D,C,D,C,1335_map,1335,26
1307_map,G,K,G,G,G,K,S,D,K,D,C,D,C,1307_map,1307,26
1338_alt2,G,K,G,G,G,K,S,D,K,D,C,D,C,1338_alt2,1338,26
1290_alt2,G,K,G,G,G,K,S,D,K,D,C,D,C,1290_alt2,1290,26
1289_altall,G,K,G,G,G,K,S,D,K,D,C,D,C,1289_altall,1289,26
1230_alt4,G,K,G,G,G,K,S,D,K,D,C,D,C,1230_alt4,1230,26
1342_alt4,G,K,G,G,G,K,S,D,K,D,C,D,C,1342_alt4,1342,26
1344_alt3,G,K,G,G,G,K,S,D,K,D,C,D,C,1344_alt3,1344,26
1209_map,G,K,G,G,G,K,S,D,K,D,C,D,C,1209_map,1209,26
1346_alt4,G,K,G,G,G,K,S,D,K,D,C,D,C,1346_alt4,1346,26
1350_alt3,G,K,G,G,G,K,S,D,K,D,C,D,C,1350_alt3,1350,26
1348_alt5,G,K,G,G,G,K,S,D,K,D,C,D,C,1348_alt5,1348,26
1352_alt5,G,K,G,G,G,K,S,D,K,D,C,D,C,1352_alt5,1352,26
1453_alt2,G,K,G,G,G,K,S,D,K,D,C,D,C,1453_alt2,1453,26
1448_altall,G,K,G,G,G,K,S,D,K,D,C,D,C,1448_altall,1448,26
1449_alt4,G,K,G,G,G,K,S,D,K,D,C,D,C,1449_alt4,1449,26
1354_altall,G,K,G,G,G,K,S,D,K,D,C,D,C,1354_altall,1354,26
1442_alt4,G,K,G,G,G,K,S,D,K,D,C,D,C,1442_alt4,1442,26
1443_alt5,G,K,G,G,G,K,S,D,K,D,C,D,C,1443_alt5,1443,26
1356_alt5,G,K,G,G,G,K,S,D,K,D,C,D,C,1356_alt5,1356,26
1364_alt5,G,K,G,G,G,K,S,D,K,D,C,D,C,1364_alt5,1364,26
1369_alt2,G,K,G,G,G,K,S,D,K,D,C,D,C,1369_alt2,1369,26
1368_map,G,K,G,G,G,K,S,D,K,D,C,D,C,1368_map,1368,26
1366_alt2,G,K,G,G,G,K,S,D,K,D,C,D,C,1366_alt2,1366,26
1403_alt4,G,K,G,G,G,K,S,D,K,D,C,D,C,1403_alt4,1403,26
1404_alt5,G,K,G,G,G,K,S,D,K,D,C,D,C,1404_alt5,1404,26
1383_alt4,G,K,G,G,G,K,S,D,K,D,C,D,C,1383_alt4,1383,26
1390_alt2,G,K,G,G,G,K,S,D,K,D,C,D,C,1390_alt2,1390,26
1393_alt4,G,K,G,G,G,K,S,D,K,D,C,D,C,1393_alt4,1393,26
1396_alt4,G,K,G,G,G,K,S,D,K,D,C,D,C,1396_alt4,1396,26
1399_alt3,G,K,G,G,G,K,S,D,K,D,C,D,C,1399_alt3,1399,26
1397_alt4,G,K,G,G,G,K,S,D,K,D,C,D,C,1397_alt4,1397,26
1386_alt2,G,K,G,G,G,K,S,D,K,D,C,D,C,1386_alt2,1386,26
1384_alt4,G,K,G,G,G,K,S,D,K,D,C,D,C,1384_alt4,1384,26
1380_alt4,G,K,G,G,G,K,S,D,K,D,C,D,C,1380_alt4,1380,26
1375_alt3,G,K,G,G,G,K,S,D,K,D,C,D,C,1375_alt3,1375,26
1377_alt5,G,K,G,G,G,K,S,D,K,D,C,D,C,1377_alt5,1377,26
1378_alt2,G,K,G,G,G,K,S,D,K,D,C,D,C,1378_alt2,1378,26
1359_alt3,G,K,G,G,G,K,S,D,K,D,C,D,C,1359_alt3,1359,26
1361_alt3,G,K,G,G,G,K,S,D,K,D,C,D,C,1361_alt3,1361,26
1407_alt4,G,K,G,G,G,K,S,D,K,D,C,D,C,1407_alt4,1407,26
1409_map,G,K,G,G,G,K,S,D,K,D,C,D,C,1409_map,1409,26
1427_alt5,G,K,G,G,G,K,S,D,K,D,C,D,C,1427_alt5,1427,26
1428_map,G,K,G,G,G,K,S,D,K,D,C,D,C,1428_map,1428,26
1417_alt5,G,K,G,G,G,K,S,D,K,D,C,D,C,1417_alt5,1417,26
1424_alt4,G,K,G,G,G,K,S,D,K,D,C,D,C,1424_alt4,1424,26
1422_altall,G,K,G,G,G,K,S,D,K,D,C,D,C,1422_altall,1422,26
1419_map,G,K,G,G,G,K,S,D,K,D,C,D,C,1419_map,1419,26
1414_alt5,G,K,G,G,G,K,S,D,K,D,C,D,C,1414_alt5,1414,26
1412_alt4,G,K,G,G,G,K,S,D,K,D,C,D,C,1412_alt4,1412,26
1411_altall,G,K,G,G,G,K,S,D,K,D,C,D,C,1411_altall,1411,26
1434_alt3,G,K,G,G,G,K,S,D,K,D,C,D,C,1434_alt3,1434,26
1437_alt4,G,K,G,G,G,K,S,D,K,D,C,D,C,1437_alt4,1437,26
1434_altall,G,K,G,G,G,K,S,D,K,D,C,D,C,1434_altall,1434,26
1439_alt3,G,K,G,G,G,K,S,D,K,D,C,D,C,1439_alt3,1439,26
1355_altall,G,K,G,G,G,K,S,D,K,D,C,D,C,1355_altall,1355,26
1495_alt5,G,K,G,G,G,K,S,D,K,D,C,D,C,1495_alt5,1495,26
1490_alt5,G,K,G,G,G,K,S,D,K,D,C,D,C,1490_alt5,1490,26
1492_alt4,G,K,G,G,G,K,S,D,K,D,C,D,C,1492_alt4,1492,26
1487_altall,G,K,G,G,G,K,S,D,K,D,C,D,C,1487_altall,1487,26
1508_altall,G,K,G,G,G,K,S,D,K,D,C,D,C,1508_altall,1508,26
1507_map,G,K,G,G,G,K,S,D,K,D,C,D,C,1507_map,1507,26
1504_alt5,G,K,G,G,G,K,S,D,K,D,C,D,C,1504_alt5,1504,26
1486_alt2,G,K,G,G,G,K,S,D,K,D,C,D,C,1486_alt2,1486,26
1502_alt5,G,K,G,G,G,K,S,D,K,D,C,D,C,1502_alt5,1502,26
1501_alt4,G,K,G,G,G,K,S,D,K,D,C,D,C,1501_alt4,1501,26
1499_alt2,G,K,G,G,G,K,S,D,K,D,C,D,C,1499_alt2,1499,26
1523_alt5,G,K,G,G,G,K,S,D,K,D,C,D,C,1523_alt5,1523,26
1519_alt5,G,K,G,G,G,K,S,D,K,D,C,D,C,1519_alt5,1519,26
1520_map,G,K,G,G,G,K,S,D,K,D,C,D,C,1520_map,1520,26
1517_altall,G,K,G,G,G,K,S,D,K,D,C,D,C,1517_altall,1517,26
1515_alt2,G,K,G,G,G,K,S,D,K,D,C,D,C,1515_alt2,1515,26
1512_alt4,G,K,G,G,G,K,S,D,K,D,C,D,C,1512_alt4,1512,26
1458_alt3,G,K,G,G,G,K,S,D,K,D,C,D,C,1458_alt3,1458,26
1459_map,G,K,G,G,G,K,S,D,K,D,C,D,C,1459_map,1459,26
1483_alt3,G,K,G,G,G,K,S,D,K,D,C,D,C,1483_alt3,1483,26
1462_altall,G,K,G,G,G,K,S,D,K,D,C,D,C,1462_altall,1462,26
1472_alt5,G,K,G,G,G,K,S,D,K,D,C,D,C,1472_alt5,1472,26
1471_alt3,G,K,G,G,G,K,S,D,K,D,C,D,C,1471_alt3,1471,26
1466_alt3,G,K,G,G,G,K,S,D,K,D,C,D,C,1466_alt3,1466,26
1468_alt4,G,K,G,G,G,K,S,D,K,D,C,D,C,1468_alt4,1468,26
1474_alt2,G,K,G,G,G,K,S,D,K,D,C,D,C,1474_alt2,1474,26
1476_alt2,G,K,G,G,G,K,S,D,K,D,C,D,C,1476_alt2,1476,26
1478_altall,G,K,G,G,G,K,S,D,K,D,C,D,C,1478_altall,1478,26
1476_alt3,G,K,G,G,G,K,S,D,K,D,C,D,C,1476_alt3,1476,26
1455_alt4,G,K,G,G,G,K,S,D,K,D,C,D,C,1455_alt4,1455,26
1352_alt2,G,K,G,G,G,K,S,D,K,D,C,D,C,1352_alt2,1352,26
809_altall,G,K,G,G,G,K,S,D,K,D,C,D,C,809_altall,809,26
818_alt4,G,K,G,G,G,K,S,D,K,D,C,D,C,818_alt4,818,26
813_alt4,G,K,G,G,G,K,S,D,K,D,C,D,C,813_alt4,813,26
814_alt2,G,K,G,G,G,K,S,D,K,D,C,D,C,814_alt2,814,26
811_alt5,G,K,G,G,G,K,S,D,K,D,C,D,C,811_alt5,811,26
802_alt2,G,K,G,G,G,K,S,D,K,D,C,D,C,802_alt2,802,26
790_map,G,K,G,G,G,K,S,D,K,D,C,D,C,790_map,790,26
789_alt3,G,K,G,G,G,K,S,D,K,D,C,D,C,789_alt3,789,26
784_alt3,G,K,G,G,G,K,S,D,K,D,C,D,C,784_alt3,784,26
773_alt5,G,K,G,G,G,K,S,D,K,D,C,D,C,773_alt5,773,26
776_altall,G,K,G,G,G,K,S,D,K,D,C,D,C,776_altall,776,26
779_alt5,G,K,G,G,G,K,S,D,K,D,C,D,C,779_alt5,779,26
778_map,G,K,G,G,G,K,S,D,K,D,C,D,C,778_map,778,26
771_alt4,G,K,G,G,G,K,S,D,K,D,C,D,C,771_alt4,771,26
786_alt5,G,K,G,G,G,K,S,D,K,D,C,D,C,786_alt5,786,26
792_alt4,G,K,G,G,G,K,S,D,K,D,C,D,C,792_alt4,792,26
799_alt2,G,K,G,G,G,K,S,D,K,D,C,D,C,799_alt2,799,26
801_alt4,G,K,G,G,G,K,S,D,K,D,C,D,C,801_alt4,801,26
797_alt5,G,K,G,G,G,K,S,D,K,D,C,D,C,797_alt5,797,26
803_alt4,G,K,G,G,G,K,S,D,K,D,C,D,C,803_alt4,803,26
805_alt3,G,K,G,G,G,K,S,D,K,D,C,D,C,805_alt3,805,26
808_alt4,G,K,G,G,G,K,S,D,K,D,C,D,C,808_alt4,808,26
1527_alt4,G,K,G,G,G,K,S,D,K,D,C,D,C,1527_alt4,1527,26
1529_alt2,G,K,G,G,G,K,S,D,K,D,C,D,C,1529_alt2,1529,26
1529_alt5,G,K,G,G,G,K,S,D,K,D,C,D,C,1529_alt5,1529,26
1533_alt2,G,K,G,G,G,K,S,D,K,D,C,D,C,1533_alt2,1533,26
1537_alt4,G,K,G,G,G,K,S,D,K,D,C,D,C,1537_alt4,1537,26
821_alt4,G,K,G,G,G,K,S,D,K,D,C,D,C,821_alt4,821,26
Anf_Rhodoblastus_acidophilus,G,K,G,G,G,K,S,D,K,D,C,D,C,Anf_Rhodoblastus_acidophilus,Anf_Rhodoblastus,26
Nif_Moorella_thermoacetica,G,K,G,G,G,K,S,D,K,D,C,D,C,Nif_Moorella_thermoacetica,Nif_Moorella,26
Nif_Candidatus_Methanoperedens_sp_BLZ2,G,K,G,G,G,K,S,D,K,D,C,D,C,Nif_Candidatus_Methanoperedens_sp_BLZ2,Nif_Candidatus_Methanoperedens_sp,26
Nif_Anaerocolumna_jejuensis,G,K,G,G,G,K,S,D,K,D,C,D,C,Nif_Anaerocolumna_jejuensis,Nif_Anaerocolumna,26
Nif_Parasporobacterium_paucivorans,G,K,G,G,G,K,S,D,K,D,C,D,C,Nif_Parasporobacterium_paucivorans,Nif_Parasporobacterium,26
Nif_Serpentinicella_alkaliphila,G,K,G,G,G,K,S,D,K,D,C,D,C,Nif_Serpentinicella_alkaliphila,Nif_Serpentinicella,26
Nif_Firmicutes_bacterium_HGW-Firmicutes-8,G,K,G,G,G,K,S,D,K,D,C,D,C,Nif_Firmicutes_bacterium_HGW-Firmicutes-8,Nif_Firmicutes_bacterium,26
Nif_Gordonibacter_sp_28C,G,K,G,G,G,K,S,D,K,D,C,D,C,Nif_Gordonibacter_sp_28C,Nif_Gordonibacter_sp,26
Nif_Alkaliflexus_imshenetskii,G,K,G,G,G,K,S,D,K,D,C,D,C,Nif_Alkaliflexus_imshenetskii,Nif_Alkaliflexus,26
Nif_Desulfospira_joergensenii,G,K,G,G,G,K,S,D,K,D,C,D,C,Nif_Desulfospira_joergensenii,Nif_Desulfospira,26
Nif_Mangrovibacterium_diazotrophicum,G,K,G,G,G,K,S,D,K,D,C,D,C,Nif_Mangrovibacterium_diazotrophicum,Nif_Mangrovibacterium,26
Nif_Smithella_sp_SC_K08D17,G,K,G,G,G,K,S,D,K,D,C,D,C,Nif_Smithella_sp_SC_K08D17,Nif_Smithella_sp_SC,26
Nif_Dissulfuribacter_thermophilus,G,K,G,G,G,K,S,D,K,D,C,D,C,Nif_Dissulfuribacter_thermophilus,Nif_Dissulfuribacter,26
Nif_Desulfocarbo_indianensis,G,K,G,G,G,K,S,D,K,D,C,D,C,Nif_Desulfocarbo_indianensis,Nif_Desulfocarbo,26
Nif_Planctomycetaceae_bacterium,G,K,G,G,G,K,S,D,K,D,C,D,C,Nif_Planctomycetaceae_bacterium,Nif_Planctomycetaceae,26
Nif_Phormidium_sp_HE10JO,G,K,G,G,G,K,S,D,K,D,C,D,C,Nif_Phormidium_sp_HE10JO,Nif_Phormidium_sp,26
Nif_Martelella_sp_BGMRC2036,G,K,G,G,G,K,S,D,K,D,C,D,C,Nif_Martelella_sp_BGMRC2036,Nif_Martelella_sp,26
Nif_Rhodobacteraceae_bacterium,G,K,G,G,G,K,S,D,K,D,C,D,C,Nif_Rhodobacteraceae_bacterium,Nif_Rhodobacteraceae,26
Nif_Solimonas_aquatica,G,K,G,G,G,K,S,D,K,D,C,D,C,Nif_Solimonas_aquatica,Nif_Solimonas,26
Nif_Acidihalobacter_prosperus,G,K,G,G,G,K,S,D,K,D,C,D,C,Nif_Acidihalobacter_prosperus,Nif_Acidihalobacter,26
Nif_Serratia_sp_ATCC_39006,G,K,G,G,G,K,S,D,K,D,C,D,C,Nif_Serratia_sp_ATCC_39006,Nif_Serratia_sp_ATCC,26
Nif_Proteobacteria_bacterium_CG1_02_64_396,G,K,G,G,G,K,S,D,K,D,C,D,C,Nif_Proteobacteria_bacterium_CG1_02_64_396,Nif_Proteobacteria_bacterium_CG1_02_64,26
Nif_Varunaivibrio_sulfuroxidans,G,K,G,G,G,K,S,D,K,D,C,D,C,Nif_Varunaivibrio_sulfuroxidans,Nif_Varunaivibrio,26
Nif_Geobacter_thiogenes,G,K,G,G,G,K,S,D,K,D,C,D,C,Nif_Geobacter_thiogenes,Nif_Geobacter,26
Nif_Peptococcaceae_bacterium_CEB3,G,K,G,G,G,K,S,D,K,D,C,D,C,Nif_Peptococcaceae_bacterium_CEB3,Nif_Peptococcaceae_bacterium,26
Nif_Kamptonema,G,K,G,G,G,K,S,D,K,D,C,D,C,Nif_Kamptonema,Nif,26
Nif_Sulfuricurvum_kujiense,G,K,G,G,G,K,S,D,K,D,C,D,C,Nif_Sulfuricurvum_kujiense,Nif_Sulfuricurvum,26
1212_altall,G,K,G,G,G,K,S,D,K,D,C,D,C,1212_altall,1212,26
1214_map,G,K,G,G,G,K,S,D,K,D,C,D,C,1214_map,1214,26
1217_map,G,K,G,G,G,K,S,D,K,D,C,D,C,1217_map,1217,26
1211_alt3,G,K,G,G,G,K,S,D,K,D,C,D,C,1211_alt3,1211,26
1220_alt4,G,K,G,G,G,K,S,D,K,D,C,D,C,1220_alt4,1220,26
1222_alt5,G,K,G,G,G,K,S,D,K,D,C,D,C,1222_alt5,1222,26
1224_alt5,G,K,G,G,G,K,S,D,K,D,C,D,C,1224_alt5,1224,26
1228_alt2,G,K,G,G,G,K,S,D,K,D,C,D,C,1228_alt2,1228,26
1225_alt2,G,K,G,G,G,K,S,D,K,D,C,D,C,1225_alt2,1225,26
1240_altall,G,K,G,G,G,K,S,D,K,D,C,D,C,1240_altall,1240,26
1245_map,G,K,G,G,G,K,S,D,K,D,C,D,C,1245_map,1245,26
1242_map,G,K,G,G,G,K,S,D,K,D,C,D,C,1242_map,1242,26
1247_alt3,G,K,G,G,G,K,S,D,K,D,C,D,C,1247_alt3,1247,26
1238_alt2,G,K,G,G,G,K,S,D,K,D,C,D,C,1238_alt2,1238,26
1249_alt4,G,K,G,G,G,K,S,D,K,D,C,D,C,1249_alt4,1249,26
1264_alt4,G,K,G,G,G,K,S,D,K,D,C,D,C,1264_alt4,1264,26
1252_map,G,K,G,G,G,K,S,D,K,D,C,D,C,1252_map,1252,26
1259_alt3,G,K,G,G,G,K,S,D,K,D,C,D,C,1259_alt3,1259,26
1256_alt2,G,K,G,G,G,K,S,D,K,D,C,D,C,1256_alt2,1256,26
1255_alt5,G,K,G,G,G,K,S,D,K,D,C,D,C,1255_alt5,1255,26
1251_alt3,G,K,G,G,G,K,S,D,K,D,C,D,C,1251_alt3,1251,26
1267_alt2,G,K,G,G,G,K,S,D,K,D,C,D,C,1267_alt2,1267,26
1268_alt4,G,K,G,G,G,K,S,D,K,D,C,D,C,1268_alt4,1268,26
1273_altall,G,K,G,G,G,K,S,D,K,D,C,D,C,1273_altall,1273,26
1276_alt2,G,K,G,G,G,K,S,D,K,D,C,D,C,1276_alt2,1276,26
1275_alt3,G,K,G,G,G,K,S,D,K,D,C,D,C,1275_alt3,1275,26
1272_alt3,G,K,G,G,G,K,S,D,K,D,C,D,C,1272_alt3,1272,26
1282_alt3,G,K,G,G,G,K,S,D,K,D,C,D,C,1282_alt3,1282,26
1284_map,G,K,G,G,G,K,S,D,K,D,C,D,C,1284_map,1284,26
1285_alt2,G,K,G,G,G,K,S,D,K,D,C,D,C,1285_alt2,1285,26
1234_altall,G,K,G,G,G,K,S,D,K,D,C,D,C,1234_altall,1234,26
1236_alt3,G,K,G,G,G,K,S,D,K,D,C,D,C,1236_alt3,1236,26
1286_map,G,K,G,G,G,K,S,D,K,D,C,D,C,1286_map,1286,26
1303_altall,G,K,G,G,G,K,S,D,K,D,C,D,C,1303_altall,1303,26
1300_alt4,G,K,G,G,G,K,S,D,K,D,C,D,C,1300_alt4,1300,26
1302_alt2,G,K,G,G,G,K,S,D,K,D,C,D,C,1302_alt2,1302,26
1297_alt2,G,K,G,G,G,K,S,D,K,D,C,D,C,1297_alt2,1297,26
1294_alt5,G,K,G,G,G,K,S,D,K,D,C,D,C,1294_alt5,1294,26
1306_alt5,G,K,G,G,G,K,S,D,K,D,C,D,C,1306_alt5,1306,26
1329_alt5,G,K,G,G,G,K,S,D,K,D,C,D,C,1329_alt5,1329,26
1321_altall,G,K,G,G,G,K,S,D,K,D,C,D,C,1321_altall,1321,26
1324_altall,G,K,G,G,G,K,S,D,K,D,C,D,C,1324_altall,1324,26
1326_map,G,K,G,G,G,K,S,D,K,D,C,D,C,1326_map,1326,26
1325_map,G,K,G,G,G,K,S,D,K,D,C,D,C,1325_map,1325,26
1309_alt4,G,K,G,G,G,K,S,D,K,D,C,D,C,1309_alt4,1309,26
1313_alt5,G,K,G,G,G,K,S,D,K,D,C,D,C,1313_alt5,1313,26
1315_alt4,G,K,G,G,G,K,S,D,K,D,C,D,C,1315_alt4,1315,26
1310_alt4,G,K,G,G,G,K,S,D,K,D,C,D,C,1310_alt4,1310,26
1333_altall,G,K,G,G,G,K,S,D,K,D,C,D,C,1333_altall,1333,26
1331_map,G,K,G,G,G,K,S,D,K,D,C,D,C,1331_map,1331,26
1335_alt5,G,K,G,G,G,K,S,D,K,D,C,D,C,1335_alt5,1335,26
1307_alt2,G,K,G,G,G,K,S,D,K,D,C,D,C,1307_alt2,1307,26
1338_altall,G,K,G,G,G,K,S,D,K,D,C,D,C,1338_altall,1338,26
1290_alt3,G,K,G,G,G,K,S,D,K,D,C,D,C,1290_alt3,1290,26
1289_alt3,G,K,G,G,G,K,S,D,K,D,C,D,C,1289_alt3,1289,26
1339_alt4,G,K,G,G,G,K,S,D,K,D,C,D,C,1339_alt4,1339,26
1342_altall,G,K,G,G,G,K,S,D,K,D,C,D,C,1342_altall,1342,26
1344_map,G,K,G,G,G,K,S,D,K,D,C,D,C,1344_map,1344,26
1209_alt5,G,K,G,G,G,K,S,D,K,D,C,D,C,1209_alt5,1209,26
1346_alt3,G,K,G,G,G,K,S,D,K,D,C,D,C,1346_alt3,1346,26
1349_altall,G,K,G,G,G,K,S,D,K,D,C,D,C,1349_altall,1349,26
1348_map,G,K,G,G,G,K,S,D,K,D,C,D,C,1348_map,1348,26
1352_alt3,G,K,G,G,G,K,S,D,K,D,C,D,C,1352_alt3,1352,26
1453_map,G,K,G,G,G,K,S,D,K,D,C,D,C,1453_map,1453,26
1448_alt4,G,K,G,G,G,K,S,D,K,D,C,D,C,1448_alt4,1448,26
1448_alt5,G,K,G,G,G,K,S,D,K,D,C,D,C,1448_alt5,1448,26
1356_altall,G,K,G,G,G,K,S,D,K,D,C,D,C,1356_altall,1356,26
1443_altall,G,K,G,G,G,K,S,D,K,D,C,D,C,1443_altall,1443,26
1443_alt2,G,K,G,G,G,K,S,D,K,D,C,D,C,1443_alt2,1443,26
1357_altall,G,K,G,G,G,K,S,D,K,D,C,D,C,1357_altall,1357,26
1364_alt4,G,K,G,G,G,K,S,D,K,D,C,D,C,1364_alt4,1364,26
1370_altall,G,K,G,G,G,K,S,D,K,D,C,D,C,1370_altall,1370,26
1368_alt5,G,K,G,G,G,K,S,D,K,D,C,D,C,1368_alt5,1368,26
1366_altall,G,K,G,G,G,K,S,D,K,D,C,D,C,1366_altall,1366,26
1402_alt2,G,K,G,G,G,K,S,D,K,D,C,D,C,1402_alt2,1402,26
1404_map,G,K,G,G,G,K,S,D,K,D,C,D,C,1404_map,1404,26
1385_altall,G,K,G,G,G,K,S,D,K,D,C,D,C,1385_altall,1385,26
1390_alt4,G,K,G,G,G,K,S,D,K,D,C,D,C,1390_alt4,1390,26
1394_alt5,G,K,G,G,G,K,S,D,K,D,C,D,C,1394_alt5,1394,26
1396_altall,G,K,G,G,G,K,S,D,K,D,C,D,C,1396_altall,1396,26
1399_alt4,G,K,G,G,G,K,S,D,K,D,C,D,C,1399_alt4,1399,26
1393_alt2,G,K,G,G,G,K,S,D,K,D,C,D,C,1393_alt2,1393,26
1387_map,G,K,G,G,G,K,S,D,K,D,C,D,C,1387_map,1387,26
1384_alt5,G,K,G,G,G,K,S,D,K,D,C,D,C,1384_alt5,1384,26
1380_map,G,K,G,G,G,K,S,D,K,D,C,D,C,1380_map,1380,26
1375_alt2,G,K,G,G,G,K,S,D,K,D,C,D,C,1375_alt2,1375,26
1376_alt5,G,K,G,G,G,K,S,D,K,D,C,D,C,1376_alt5,1376,26
1378_alt3,G,K,G,G,G,K,S,D,K,D,C,D,C,1378_alt3,1378,26
1359_altall,G,K,G,G,G,K,S,D,K,D,C,D,C,1359_altall,1359,26
1360_alt5,G,K,G,G,G,K,S,D,K,D,C,D,C,1360_alt5,1360,26
1408_altall,G,K,G,G,G,K,S,D,K,D,C,D,C,1408_altall,1408,26
1412_alt3,G,K,G,G,G,K,S,D,K,D,C,D,C,1412_alt3,1412,26
1427_alt4,G,K,G,G,G,K,S,D,K,D,C,D,C,1427_alt4,1427,26
1427_map,G,K,G,G,G,K,S,D,K,D,C,D,C,1427_map,1427,26
1417_altall,G,K,G,G,G,K,S,D,K,D,C,D,C,1417_altall,1417,26
1424_alt2,G,K,G,G,G,K,S,D,K,D,C,D,C,1424_alt2,1424,26
1422_alt5,G,K,G,G,G,K,S,D,K,D,C,D,C,1422_alt5,1422,26
1419_alt2,G,K,G,G,G,K,S,D,K,D,C,D,C,1419_alt2,1419,26
1414_alt2,G,K,G,G,G,K,S,D,K,D,C,D,C,1414_alt2,1414,26
1412_map,G,K,G,G,G,K,S,D,K,D,C,D,C,1412_map,1412,26
1411_alt3,G,K,G,G,G,K,S,D,K,D,C,D,C,1411_alt3,1411,26
1434_map,G,K,G,G,G,K,S,D,K,D,C,D,C,1434_map,1434,26
1438_alt2,G,K,G,G,G,K,S,D,K,D,C,D,C,1438_alt2,1438,26
1432_alt4,G,K,G,G,G,K,S,D,K,D,C,D,C,1432_alt4,1432,26
1439_map,G,K,G,G,G,K,S,D,K,D,C,D,C,1439_map,1439,26
1355_alt5,G,K,G,G,G,K,S,D,K,D,C,D,C,1355_alt5,1355,26
1495_alt3,G,K,G,G,G,K,S,D,K,D,C,D,C,1495_alt3,1495,26
1490_altall,G,K,G,G,G,K,S,D,K,D,C,D,C,1490_altall,1490,26
1492_alt2,G,K,G,G,G,K,S,D,K,D,C,D,C,1492_alt2,1492,26
1487_alt4,G,K,G,G,G,K,S,D,K,D,C,D,C,1487_alt4,1487,26
1509_altall,G,K,G,G,G,K,S,D,K,D,C,D,C,1509_altall,1509,26
1507_alt3,G,K,G,G,G,K,S,D,K,D,C,D,C,1507_alt3,1507,26
1510_altall,G,K,G,G,G,K,S,D,K,D,C,D,C,1510_altall,1510,26
1486_altall,G,K,G,G,G,K,S,D,K,D,C,D,C,1486_altall,1486,26
1498_alt2,G,K,G,G,G,K,S,D,K,D,C,D,C,1498_alt2,1498,26
1501_map,G,K,G,G,G,K,S,D,K,D,C,D,C,1501_map,1501,26
1499_alt4,G,K,G,G,G,K,S,D,K,D,C,D,C,1499_alt4,1499,26
1523_alt4,G,K,G,G,G,K,S,D,K,D,C,D,C,1523_alt4,1523,26
1519_alt3,G,K,G,G,G,K,S,D,K,D,C,D,C,1519_alt3,1519,26
1520_alt2,G,K,G,G,G,K,S,D,K,D,C,D,C,1520_alt2,1520,26
1513_alt4,G,K,G,G,G,K,S,D,K,D,C,D,C,1513_alt4,1513,26
1515_alt3,G,K,G,G,G,K,S,D,K,D,C,D,C,1515_alt3,1515,26
1512_altall,G,K,G,G,G,K,S,D,K,D,C,D,C,1512_altall,1512,26
1458_alt5,G,K,G,G,G,K,S,D,K,D,C,D,C,1458_alt5,1458,26
1459_alt5,G,K,G,G,G,K,S,D,K,D,C,D,C,1459_alt5,1459,26
1483_alt4,G,K,G,G,G,K,S,D,K,D,C,D,C,1483_alt4,1483,26
1463_alt4,G,K,G,G,G,K,S,D,K,D,C,D,C,1463_alt4,1463,26
1472_alt4,G,K,G,G,G,K,S,D,K,D,C,D,C,1472_alt4,1472,26
1471_map,G,K,G,G,G,K,S,D,K,D,C,D,C,1471_map,1471,26
1466_altall,G,K,G,G,G,K,S,D,K,D,C,D,C,1466_altall,1466,26
1467_alt3,G,K,G,G,G,K,S,D,K,D,C,D,C,1467_alt3,1467,26
1475_altall,G,K,G,G,G,K,S,D,K,D,C,D,C,1475_altall,1475,26
1476_alt4,G,K,G,G,G,K,S,D,K,D,C,D,C,1476_alt4,1476,26
1478_alt4,G,K,G,G,G,K,S,D,K,D,C,D,C,1478_alt4,1478,26
1474_altall,G,K,G,G,G,K,S,D,K,D,C,D,C,1474_altall,1474,26
1455_alt3,G,K,G,G,G,K,S,D,K,D,C,D,C,1455_alt3,1455,26
1345_alt5,G,K,G,G,G,K,S,D,K,D,C,D,C,1345_alt5,1345,26
810_altall,G,K,G,G,G,K,S,D,K,D,C,D,C,810_altall,810,26
818_alt5,G,K,G,G,G,K,S,D,K,D,C,D,C,818_alt5,818,26
813_map,G,K,G,G,G,K,S,D,K,D,C,D,C,813_map,813,26
814_alt5,G,K,G,G,G,K,S,D,K,D,C,D,C,814_alt5,814,26
811_map,G,K,G,G,G,K,S,D,K,D,C,D,C,811_map,811,26
802_alt3,G,K,G,G,G,K,S,D,K,D,C,D,C,802_alt3,802,26
790_alt4,G,K,G,G,G,K,S,D,K,D,C,D,C,790_alt4,790,26
787_altall,G,K,G,G,G,K,S,D,K,D,C,D,C,787_altall,787,26
784_alt2,G,K,G,G,G,K,S,D,K,D,C,D,C,784_alt2,784,26
773_map,G,K,G,G,G,K,S,D,K,D,C,D,C,773_map,773,26
775_alt3,G,K,G,G,G,K,S,D,K,D,C,D,C,775_alt3,775,26
779_map,G,K,G,G,G,K,S,D,K,D,C,D,C,779_map,779,26
774_alt3,G,K,G,G,G,K,S,D,K,D,C,D,C,774_alt3,774,26
771_map,G,K,G,G,G,K,S,D,K,D,C,D,C,771_map,771,26
786_map,G,K,G,G,G,K,S,D,K,D,C,D,C,786_map,786,26
792_alt2,G,K,G,G,G,K,S,D,K,D,C,D,C,792_alt2,792,26
799_map,G,K,G,G,G,K,S,D,K,D,C,D,C,799_map,799,26
801_alt5,G,K,G,G,G,K,S,D,K,D,C,D,C,801_alt5,801,26
796_alt3,G,K,G,G,G,K,S,D,K,D,C,D,C,796_alt3,796,26
803_alt2,G,K,G,G,G,K,S,D,K,D,C,D,C,803_alt2,803,26
805_alt5,G,K,G,G,G,K,S,D,K,D,C,D,C,805_alt5,805,26
808_altall,G,K,G,G,G,K,S,D,K,D,C,D,C,808_altall,808,26
1527_altall,G,K,G,G,G,K,S,D,K,D,C,D,C,1527_altall,1527,26
1529_alt4,G,K,G,G,G,K,S,D,K,D,C,D,C,1529_alt4,1529,26
1529_alt3,G,K,G,G,G,K,S,D,K,D,C,D,C,1529_alt3,1529,26
1533_alt3,G,K,G,G,G,K,S,D,K,D,C,D,C,1533_alt3,1533,26
1537_altall,G,K,G,G,G,K,S,D,K,D,C,D,C,1537_altall,1537,26
821_alt3,G,K,G,G,G,K,S,D,K,D,C,D,C,821_alt3,821,26
Anf_Geobacter_thiogenes,G,K,G,G,G,K,S,D,K,D,C,D,C,Anf_Geobacter_thiogenes,Anf_Geobacter,26
Vnf_Desulfobacter_curvatus,G,K,G,G,G,K,S,D,K,D,C,D,C,Vnf_Desulfobacter_curvatus,Vnf_Desulfobacter,26
Nif_uncultured_archaeon,G,K,G,G,G,K,S,D,K,D,C,D,C,Nif_uncultured_archaeon,Nif_uncultured,26
Nif_Lachnospiraceae_bacterium_Marseille-P3773,G,K,G,G,G,K,S,D,K,D,C,D,C,Nif_Lachnospiraceae_bacterium_Marseille-P3773,Nif_Lachnospiraceae_bacterium,26
Nif_Clostridium_fimetarium,G,K,G,G,G,K,S,D,K,D,C,D,C,Nif_Clostridium_fimetarium,Nif_Clostridium,26
Nif_Anaeroarcus_burkinensis,G,K,G,G,G,K,S,D,K,D,C,D,C,Nif_Anaeroarcus_burkinensis,Nif_Anaeroarcus,26
Nif_Desulfotomaculum_ferrireducens,G,K,G,G,G,K,S,D,K,D,C,D,C,Nif_Desulfotomaculum_ferrireducens,Nif_Desulfotomaculum,26
Nif_Desulfuribacillus_alkaliarsenatis,G,K,G,G,G,K,S,D,K,D,C,D,C,Nif_Desulfuribacillus_alkaliarsenatis,Nif_Desulfuribacillus,26
Nif_Natronoflexus_pectinivorans,G,K,G,G,G,K,S,D,K,D,C,D,C,Nif_Natronoflexus_pectinivorans,Nif_Natronoflexus,26
Nif_Desulfatibacillum_aliphaticivorans,G,K,G,G,G,K,S,D,K,D,C,D,C,Nif_Desulfatibacillum_aliphaticivorans,Nif_Desulfatibacillum,26
Nif_Candidatus_Margulisbacteria_bacterium_GWD2_39_127,G,K,G,G,G,K,S,D,K,D,C,D,C,Nif_Candidatus_Margulisbacteria_bacterium_GWD2_39_127,Nif_Candidatus_Margulisbacteria_bacterium_GWD2_39,26
Nif_Syntrophorhabdaceae_bacterium_PtaU1Bin034,G,K,G,G,G,K,S,D,K,D,C,D,C,Nif_Syntrophorhabdaceae_bacterium_PtaU1Bin034,Nif_Syntrophorhabdaceae_bacterium,26
Nif_Spirochaeta_thermophila,G,K,G,G,G,K,S,D,K,D,C,D,C,Nif_Spirochaeta_thermophila,Nif_Spirochaeta,26
Nif_Desulfomicrobium_apsheronum,G,K,G,G,G,K,S,D,K,D,C,D,C,Nif_Desulfomicrobium_apsheronum,Nif_Desulfomicrobium,26
Nif_Lentisphaerae_bacterium_GWF2_50_93,G,K,G,G,G,K,S,D,K,D,C,D,C,Nif_Lentisphaerae_bacterium_GWF2_50_93,Nif_Lentisphaerae_bacterium_GWF2_50,26
Nif_Geitlerinema_sp_PCC_9228,G,K,G,G,G,K,S,D,K,D,C,D,C,Nif_Geitlerinema_sp_PCC_9228,Nif_Geitlerinema_sp_PCC,26
Nif_Zymomonas_mobilis,G,K,G,G,G,K,S,D,K,D,C,D,C,Nif_Zymomonas_mobilis,Nif_Zymomonas,26
Nif_Rhodothalassium_salexigens,G,K,G,G,G,K,S,D,K,D,C,D,C,Nif_Rhodothalassium_salexigens,Nif_Rhodothalassium,26
Nif_Hydrogenophilales_bacterium_16-64-40,G,K,G,G,G,K,S,D,K,D,C,D,C,Nif_Hydrogenophilales_bacterium_16-64-40,Nif_Hydrogenophilales_bacterium,26
Nif_Thioflavicoccus_mobilis,G,K,G,G,G,K,S,D,K,D,C,D,C,Nif_Thioflavicoccus_mobilis,Nif_Thioflavicoccus,26
Nif_Sodalis_sp_159R,G,K,G,G,G,K,S,D,K,D,C,D,C,Nif_Sodalis_sp_159R,Nif_Sodalis_sp,26
Nif_Mariprofundus_ferrooxydans,G,K,G,G,G,K,S,D,K,D,C,D,C,Nif_Mariprofundus_ferrooxydans,Nif_Mariprofundus,26
Nif_Magnetovibrio_blakemorei,G,K,G,G,G,K,S,D,K,D,C,D,C,Nif_Magnetovibrio_blakemorei,Nif_Magnetovibrio,26
Nif_Desulfuromonas_acetexigens,G,K,G,G,G,K,S,D,K,D,C,D,C,Nif_Desulfuromonas_acetexigens,Nif_Desulfuromonas,26
Nif_Desulfosporosinus_fructosivorans,G,K,G,G,G,K,S,D,K,D,C,D,C,Nif_Desulfosporosinus_fructosivorans,Nif_Desulfosporosinus,26
Nif_Vulcanococcus_limneticus,G,K,G,G,G,K,S,D,K,D,C,D,C,Nif_Vulcanococcus_limneticus,Nif_Vulcanococcus,26
Nif_Wolinella_succinogenes,G,K,G,G,G,K,S,D,K,D,C,D,C,Nif_Wolinella_succinogenes,Nif_Wolinella,26
1213_alt5,G,K,G,G,G,K,S,D,K,D,C,D,C,1213_alt5,1213,26
1214_alt4,G,K,G,G,G,K,S,D,K,D,C,D,C,1214_alt4,1214,26
1217_alt5,G,K,G,G,G,K,S,D,K,D,C,D,C,1217_alt5,1217,26
1211_alt4,G,K,G,G,G,K,S,D,K,D,C,D,C,1211_alt4,1211,26
1220_alt2,G,K,G,G,G,K,S,D,K,D,C,D,C,1220_alt2,1220,26
1222_map,G,K,G,G,G,K,S,D,K,D,C,D,C,1222_map,1222,26
1224_alt3,G,K,G,G,G,K,S,D,K,D,C,D,C,1224_alt3,1224,26
1228_map,G,K,G,G,G,K,S,D,K,D,C,D,C,1228_map,1228,26
1225_map,G,K,G,G,G,K,S,D,K,D,C,D,C,1225_map,1225,26
1240_alt4,G,K,G,G,G,K,S,D,K,D,C,D,C,1240_alt4,1240,26
1245_alt3,G,K,G,G,G,K,S,D,K,D,C,D,C,1245_alt3,1245,26
1242_alt5,G,K,G,G,G,K,S,D,K,D,C,D,C,1242_alt5,1242,26
1247_alt5,G,K,G,G,G,K,S,D,K,D,C,D,C,1247_alt5,1247,26
1238_altall,G,K,G,G,G,K,S,D,K,D,C,D,C,1238_altall,1238,26
1251_altall,G,K,G,G,G,K,S,D,K,D,C,D,C,1251_altall,1251,26
1263_altall,G,K,G,G,G,K,S,D,K,D,C,D,C,1263_altall,1263,26
1256_map,G,K,G,G,G,K,S,D,K,D,C,D,C,1256_map,1256,26
1259_altall,G,K,G,G,G,K,S,D,K,D,C,D,C,1259_altall,1259,26
1256_alt3,G,K,G,G,G,K,S,D,K,D,C,D,C,1256_alt3,1256,26
1255_alt4,G,K,G,G,G,K,S,D,K,D,C,D,C,1255_alt4,1255,26
1250_altall,G,K,G,G,G,K,S,D,K,D,C,D,C,1250_altall,1250,26
1267_alt4,G,K,G,G,G,K,S,D,K,D,C,D,C,1267_alt4,1267,26
1268_map,G,K,G,G,G,K,S,D,K,D,C,D,C,1268_map,1268,26
1278_altall,G,K,G,G,G,K,S,D,K,D,C,D,C,1278_altall,1278,26
1276_alt3,G,K,G,G,G,K,S,D,K,D,C,D,C,1276_alt3,1276,26
1274_altall,G,K,G,G,G,K,S,D,K,D,C,D,C,1274_altall,1274,26
1272_alt5,G,K,G,G,G,K,S,D,K,D,C,D,C,1272_alt5,1272,26
1282_alt2,G,K,G,G,G,K,S,D,K,D,C,D,C,1282_alt2,1282,26
1284_alt3,G,K,G,G,G,K,S,D,K,D,C,D,C,1284_alt3,1284,26
1285_map,G,K,G,G,G,K,S,D,K,D,C,D,C,1285_map,1285,26
1234_alt3,G,K,G,G,G,K,S,D,K,D,C,D,C,1234_alt3,1234,26
1236_alt5,G,K,G,G,G,K,S,D,K,D,C,D,C,1236_alt5,1236,26
1290_map,G,K,G,G,G,K,S,D,K,D,C,D,C,1290_map,1290,26
1303_alt3,G,K,G,G,G,K,S,D,K,D,C,D,C,1303_alt3,1303,26
1300_alt2,G,K,G,G,G,K,S,D,K,D,C,D,C,1300_alt2,1300,26
1302_alt5,G,K,G,G,G,K,S,D,K,D,C,D,C,1302_alt5,1302,26
1297_alt4,G,K,G,G,G,K,S,D,K,D,C,D,C,1297_alt4,1297,26
1294_alt4,G,K,G,G,G,K,S,D,K,D,C,D,C,1294_alt4,1294,26
1306_altall,G,K,G,G,G,K,S,D,K,D,C,D,C,1306_altall,1306,26
1329_altall,G,K,G,G,G,K,S,D,K,D,C,D,C,1329_altall,1329,26
1321_alt5,G,K,G,G,G,K,S,D,K,D,C,D,C,1321_alt5,1321,26
1324_alt3,G,K,G,G,G,K,S,D,K,D,C,D,C,1324_alt3,1324,26
1326_alt5,G,K,G,G,G,K,S,D,K,D,C,D,C,1326_alt5,1326,26
1325_alt2,G,K,G,G,G,K,S,D,K,D,C,D,C,1325_alt2,1325,26
1309_alt3,G,K,G,G,G,K,S,D,K,D,C,D,C,1309_alt3,1309,26
1313_altall,G,K,G,G,G,K,S,D,K,D,C,D,C,1313_altall,1313,26
1315_altall,G,K,G,G,G,K,S,D,K,D,C,D,C,1315_altall,1315,26
1310_map,G,K,G,G,G,K,S,D,K,D,C,D,C,1310_map,1310,26
1333_alt2,G,K,G,G,G,K,S,D,K,D,C,D,C,1333_alt2,1333,26
1331_alt4,G,K,G,G,G,K,S,D,K,D,C,D,C,1331_alt4,1331,26
1330_alt3,G,K,G,G,G,K,S,D,K,D,C,D,C,1330_alt3,1330,26
1306_map,G,K,G,G,G,K,S,D,K,D,C,D,C,1306_map,1306,26
1337_altall,G,K,G,G,G,K,S,D,K,D,C,D,C,1337_altall,1337,26
1286_alt2,G,K,G,G,G,K,S,D,K,D,C,D,C,1286_alt2,1286,26
1289_alt5,G,K,G,G,G,K,S,D,K,D,C,D,C,1289_alt5,1289,26
1339_map,G,K,G,G,G,K,S,D,K,D,C,D,C,1339_map,1339,26
1342_alt5,G,K,G,G,G,K,S,D,K,D,C,D,C,1342_alt5,1342,26
1344_alt5,G,K,G,G,G,K,S,D,K,D,C,D,C,1344_alt5,1344,26
1209_alt4,G,K,G,G,G,K,S,D,K,D,C,D,C,1209_alt4,1209,26
1347_alt3,G,K,G,G,G,K,S,D,K,D,C,D,C,1347_alt3,1347,26
1349_alt2,G,K,G,G,G,K,S,D,K,D,C,D,C,1349_alt2,1349,26
1348_alt4,G,K,G,G,G,K,S,D,K,D,C,D,C,1348_alt4,1348,26
1353_altall,G,K,G,G,G,K,S,D,K,D,C,D,C,1353_altall,1353,26
1453_alt5,G,K,G,G,G,K,S,D,K,D,C,D,C,1453_alt5,1453,26
1448_alt2,G,K,G,G,G,K,S,D,K,D,C,D,C,1448_alt2,1448,26
1448_map,G,K,G,G,G,K,S,D,K,D,C,D,C,1448_map,1448,26
1356_alt4,G,K,G,G,G,K,S,D,K,D,C,D,C,1356_alt4,1356,26
1444_alt2,G,K,G,G,G,K,S,D,K,D,C,D,C,1444_alt2,1444,26
1443_alt4,G,K,G,G,G,K,S,D,K,D,C,D,C,1443_alt4,1443,26
1358_alt3,G,K,G,G,G,K,S,D,K,D,C,D,C,1358_alt3,1358,26
1364_alt2,G,K,G,G,G,K,S,D,K,D,C,D,C,1364_alt2,1364,26
1370_alt5,G,K,G,G,G,K,S,D,K,D,C,D,C,1370_alt5,1370,26
1368_alt3,G,K,G,G,G,K,S,D,K,D,C,D,C,1368_alt3,1368,26
1365_alt4,G,K,G,G,G,K,S,D,K,D,C,D,C,1365_alt4,1365,26
1402_alt4,G,K,G,G,G,K,S,D,K,D,C,D,C,1402_alt4,1402,26
1404_alt2,G,K,G,G,G,K,S,D,K,D,C,D,C,1404_alt2,1404,26
1386_alt3,G,K,G,G,G,K,S,D,K,D,C,D,C,1386_alt3,1386,26
1391_map,G,K,G,G,G,K,S,D,K,D,C,D,C,1391_map,1391,26
1394_alt2,G,K,G,G,G,K,S,D,K,D,C,D,C,1394_alt2,1394,26
1395_alt4,G,K,G,G,G,K,S,D,K,D,C,D,C,1395_alt4,1395,26
1399_alt5,G,K,G,G,G,K,S,D,K,D,C,D,C,1399_alt5,1399,26
1393_altall,G,K,G,G,G,K,S,D,K,D,C,D,C,1393_altall,1393,26
1387_alt5,G,K,G,G,G,K,S,D,K,D,C,D,C,1387_alt5,1387,26
1384_alt3,G,K,G,G,G,K,S,D,K,D,C,D,C,1384_alt3,1384,26
1380_alt3,G,K,G,G,G,K,S,D,K,D,C,D,C,1380_alt3,1380,26
1375_alt4,G,K,G,G,G,K,S,D,K,D,C,D,C,1375_alt4,1375,26
1376_alt2,G,K,G,G,G,K,S,D,K,D,C,D,C,1376_alt2,1376,26
1378_map,G,K,G,G,G,K,S,D,K,D,C,D,C,1378_map,1378,26
1360_altall,G,K,G,G,G,K,S,D,K,D,C,D,C,1360_altall,1360,26
1360_alt4,G,K,G,G,G,K,S,D,K,D,C,D,C,1360_alt4,1360,26
1408_alt5,G,K,G,G,G,K,S,D,K,D,C,D,C,1408_alt5,1408,26
1412_alt2,G,K,G,G,G,K,S,D,K,D,C,D,C,1412_alt2,1412,26
1427_alt2,G,K,G,G,G,K,S,D,K,D,C,D,C,1427_alt2,1427,26
1427_altall,G,K,G,G,G,K,S,D,K,D,C,D,C,1427_altall,1427,26
1418_altall,G,K,G,G,G,K,S,D,K,D,C,D,C,1418_altall,1418,26
1424_map,G,K,G,G,G,K,S,D,K,D,C,D,C,1424_map,1424,26
1422_alt3,G,K,G,G,G,K,S,D,K,D,C,D,C,1422_alt3,1422,26
1419_altall,G,K,G,G,G,K,S,D,K,D,C,D,C,1419_altall,1419,26
1414_map,G,K,G,G,G,K,S,D,K,D,C,D,C,1414_map,1414,26
1412_alt5,G,K,G,G,G,K,S,D,K,D,C,D,C,1412_alt5,1412,26
1411_alt2,G,K,G,G,G,K,S,D,K,D,C,D,C,1411_alt2,1411,26
1435_alt3,G,K,G,G,G,K,S,D,K,D,C,D,C,1435_alt3,1435,26
1438_alt5,G,K,G,G,G,K,S,D,K,D,C,D,C,1438_alt5,1438,26
1432_altall,G,K,G,G,G,K,S,D,K,D,C,D,C,1432_altall,1432,26
1439_alt2,G,K,G,G,G,K,S,D,K,D,C,D,C,1439_alt2,1439,26
1355_alt4,G,K,G,G,G,K,S,D,K,D,C,D,C,1355_alt4,1355,26
1494_alt3,G,K,G,G,G,K,S,D,K,D,C,D,C,1494_alt3,1494,26
1493_alt2,G,K,G,G,G,K,S,D,K,D,C,D,C,1493_alt2,1493,26
1492_map,G,K,G,G,G,K,S,D,K,D,C,D,C,1492_map,1492,26
1487_map,G,K,G,G,G,K,S,D,K,D,C,D,C,1487_map,1487,26
1509_alt4,G,K,G,G,G,K,S,D,K,D,C,D,C,1509_alt4,1509,26
1507_alt2,G,K,G,G,G,K,S,D,K,D,C,D,C,1507_alt2,1507,26
1510_alt4,G,K,G,G,G,K,S,D,K,D,C,D,C,1510_alt4,1510,26
1498_alt4,G,K,G,G,G,K,S,D,K,D,C,D,C,1498_alt4,1498,26
1498_alt3,G,K,G,G,G,K,S,D,K,D,C,D,C,1498_alt3,1498,26
1501_alt2,G,K,G,G,G,K,S,D,K,D,C,D,C,1501_alt2,1501,26
1511_alt2,G,K,G,G,G,K,S,D,K,D,C,D,C,1511_alt2,1511,26
1523_alt3,G,K,G,G,G,K,S,D,K,D,C,D,C,1523_alt3,1523,26
1519_alt4,G,K,G,G,G,K,S,D,K,D,C,D,C,1519_alt4,1519,26
1519_map,G,K,G,G,G,K,S,D,K,D,C,D,C,1519_map,1519,26
1513_map,G,K,G,G,G,K,S,D,K,D,C,D,C,1513_map,1513,26
1515_alt5,G,K,G,G,G,K,S,D,K,D,C,D,C,1515_alt5,1515,26
1454_altall,G,K,G,G,G,K,S,D,K,D,C,D,C,1454_altall,1454,26
1458_alt2,G,K,G,G,G,K,S,D,K,D,C,D,C,1458_alt2,1458,26
1484_alt4,G,K,G,G,G,K,S,D,K,D,C,D,C,1484_alt4,1484,26
1483_map,G,K,G,G,G,K,S,D,K,D,C,D,C,1483_map,1483,26
1463_map,G,K,G,G,G,K,S,D,K,D,C,D,C,1463_map,1463,26
1464_alt4,G,K,G,G,G,K,S,D,K,D,C,D,C,1464_alt4,1464,26
1471_alt4,G,K,G,G,G,K,S,D,K,D,C,D,C,1471_alt4,1471,26
1466_alt5,G,K,G,G,G,K,S,D,K,D,C,D,C,1466_alt5,1466,26
1467_map,G,K,G,G,G,K,S,D,K,D,C,D,C,1467_map,1467,26
1475_alt3,G,K,G,G,G,K,S,D,K,D,C,D,C,1475_alt3,1475,26
1477_alt5,G,K,G,G,G,K,S,D,K,D,C,D,C,1477_alt5,1477,26
1478_map,G,K,G,G,G,K,S,D,K,D,C,D,C,1478_map,1478,26
1463_altall,G,K,G,G,G,K,S,D,K,D,C,D,C,1463_altall,1463,26
1455_map,G,K,G,G,G,K,S,D,K,D,C,D,C,1455_map,1455,26
1206_alt3,G,K,G,G,G,K,S,D,K,D,C,D,C,1206_alt3,1206,26
813_altall,G,K,G,G,G,K,S,D,K,D,C,D,C,813_altall,813,26
818_alt3,G,K,G,G,G,K,S,D,K,D,C,D,C,818_alt3,818,26
813_alt3,G,K,G,G,G,K,S,D,K,D,C,D,C,813_alt3,813,26
810_alt5,G,K,G,G,G,K,S,D,K,D,C,D,C,810_alt5,810,26
811_alt3,G,K,G,G,G,K,S,D,K,D,C,D,C,811_alt3,811,26
802_altall,G,K,G,G,G,K,S,D,K,D,C,D,C,802_altall,802,26
791_alt4,G,K,G,G,G,K,S,D,K,D,C,D,C,791_alt4,791,26
787_alt5,G,K,G,G,G,K,S,D,K,D,C,D,C,787_alt5,787,26
784_altall,G,K,G,G,G,K,S,D,K,D,C,D,C,784_altall,784,26
773_alt4,G,K,G,G,G,K,S,D,K,D,C,D,C,773_alt4,773,26
774_map,G,K,G,G,G,K,S,D,K,D,C,D,C,774_map,774,26
779_alt3,G,K,G,G,G,K,S,D,K,D,C,D,C,779_alt3,779,26
774_alt4,G,K,G,G,G,K,S,D,K,D,C,D,C,774_alt4,774,26
771_alt5,G,K,G,G,G,K,S,D,K,D,C,D,C,771_alt5,771,26
787_map,G,K,G,G,G,K,S,D,K,D,C,D,C,787_map,787,26
792_map,G,K,G,G,G,K,S,D,K,D,C,D,C,792_map,792,26
799_alt4,G,K,G,G,G,K,S,D,K,D,C,D,C,799_alt4,799,26
801_map,G,K,G,G,G,K,S,D,K,D,C,D,C,801_map,801,26
796_alt4,G,K,G,G,G,K,S,D,K,D,C,D,C,796_alt4,796,26
804_alt5,G,K,G,G,G,K,S,D,K,D,C,D,C,804_alt5,804,26
805_alt2,G,K,G,G,G,K,S,D,K,D,C,D,C,805_alt2,805,26
820_altall,G,K,G,G,G,K,S,D,K,D,C,D,C,820_altall,820,26
1528_map,G,K,G,G,G,K,S,D,K,D,C,D,C,1528_map,1528,26
1531_alt3,G,K,G,G,G,K,S,D,K,D,C,D,C,1531_alt3,1531,26
1530_alt5,G,K,G,G,G,K,S,D,K,D,C,D,C,1530_alt5,1530,26
1533_altall,G,K,G,G,G,K,S,D,K,D,C,D,C,1533_altall,1533,26
1536_altall,G,K,G,G,G,K,S,D,K,D,C,D,C,1536_altall,1536,26
Anf_Anaerocolumna_jejuensis,G,K,G,G,G,K,S,D,K,D,C,D,C,Anf_Anaerocolumna_jejuensis,Anf_Anaerocolumna,26
Anf_Desulfovibrio_desulfuricans,G,K,G,G,G,K,S,D,K,D,C,D,C,Anf_Desulfovibrio_desulfuricans,Anf_Desulfovibrio,26
Nif_Methanococcus_maripaludis,G,K,G,G,G,K,S,D,K,D,C,D,C,Nif_Methanococcus_maripaludis,Nif_Methanococcus,26
Nif_Caldicellulosiruptor_saccharolyticus,G,K,G,G,G,K,S,D,K,D,C,D,C,Nif_Caldicellulosiruptor_saccharolyticus,Nif_Caldicellulosiruptor,26
Nif_Massilibacillus_massiliensis,G,K,G,G,G,K,S,D,K,D,C,D,C,Nif_Massilibacillus_massiliensis,Nif_Massilibacillus,26
Nif_Youngiibacter_fragilis,G,K,G,G,G,K,S,D,K,D,C,D,C,Nif_Youngiibacter_fragilis,Nif_Youngiibacter,26
Nif_Anaerospora_hongkongensis,G,K,G,G,G,K,S,D,K,D,C,D,C,Nif_Anaerospora_hongkongensis,Nif_Anaerospora,26
Nif_Dethiobacter_alkaliphilus,G,K,G,G,G,K,S,D,K,D,C,D,C,Nif_Dethiobacter_alkaliphilus,Nif_Dethiobacter,26
Nif_Halocella_sp_SP3-1,G,K,G,G,G,K,S,D,K,D,C,D,C,Nif_Halocella_sp_SP3-1,Nif_Halocella_sp,26
Nif_Bacteroidales_bacterium_Barb6XT,G,K,G,G,G,K,S,D,K,D,C,D,C,Nif_Bacteroidales_bacterium_Barb6XT,Nif_Bacteroidales_bacterium,26
Nif_Desulfatitalea_sp_BRH_c12,G,K,G,G,G,K,S,D,K,D,C,D,C,Nif_Desulfatitalea_sp_BRH_c12,Nif_Desulfatitalea_sp_BRH,26
Nif_Candidatus_Marispirochaeta_associata,G,K,G,G,G,K,S,D,K,D,C,D,C,Nif_Candidatus_Marispirochaeta_associata,Nif_Candidatus_Marispirochaeta,26
Nif_Syntrophus_gentianae,G,K,G,G,G,K,S,D,K,D,C,D,C,Nif_Syntrophus_gentianae,Nif_Syntrophus,26
Nif_Spirochaetes_bacterium_GWE1_32_154,G,K,G,G,G,K,S,D,K,D,C,D,C,Nif_Spirochaetes_bacterium_GWE1_32_154,Nif_Spirochaetes_bacterium_GWE1_32,26
Nif_Pseudodesulfovibrio_hydrargyri,G,K,G,G,G,K,S,D,K,D,C,D,C,Nif_Pseudodesulfovibrio_hydrargyri,Nif_Pseudodesulfovibrio,26
Nif_Lentisphaerae_bacterium_GWF2_57_35,G,K,G,G,G,K,S,D,K,D,C,D,C,Nif_Lentisphaerae_bacterium_GWF2_57_35,Nif_Lentisphaerae_bacterium_GWF2_57,26
Nif_Clostridiales_bacterium_43-6,G,K,G,G,G,K,S,D,K,D,C,D,C,Nif_Clostridiales_bacterium_43-6,Nif_Clostridiales_bacterium,26
Nif_Rhizobiales_bacterium,G,K,G,G,G,K,S,D,K,D,C,D,C,Nif_Rhizobiales_bacterium,Nif_Rhizobiales,26
Nif_Geminicoccaceae_bacterium,G,K,G,G,G,K,S,D,K,D,C,D,C,Nif_Geminicoccaceae_bacterium,Nif_Geminicoccaceae,26
Nif_Methyloglobulus_morosus,G,K,G,G,G,K,S,D,K,D,C,D,C,Nif_Methyloglobulus_morosus,Nif_Methyloglobulus,26
Nif_Azoarcus_sp_CC-YHH838,G,K,G,G,G,K,S,D,K,D,C,D,C,Nif_Azoarcus_sp_CC-YHH838,Nif_Azoarcus_sp,26
Nif_Tolumonas_lignilytica,G,K,G,G,G,K,S,D,K,D,C,D,C,Nif_Tolumonas_lignilytica,Nif_Tolumonas,26
Nif_Methylomonas_koyamae,G,K,G,G,G,K,S,D,K,D,C,D,C,Nif_Methylomonas_koyamae,Nif_Methylomonas,26
Nif_bacterium_BMS3Abin12,G,K,G,G,G,K,S,D,K,D,C,D,C,Nif_bacterium_BMS3Abin12,Nif_bacterium,26
Nif_Geothermobacter_sp_EPR-M,G,K,G,G,G,K,S,D,K,D,C,D,C,Nif_Geothermobacter_sp_EPR-M,Nif_Geothermobacter_sp,26
Nif_Desulfurobacterium_atlanticum,G,K,G,G,G,K,S,D,K,D,C,D,C,Nif_Desulfurobacterium_atlanticum,Nif_Desulfurobacterium,26
Nif_Planktothrix_tepida,G,K,G,G,G,K,S,D,K,D,C,D,C,Nif_Planktothrix_tepida,Nif_Planktothrix,26
Nif_Sulfurovum_sp_FS08-3,G,K,G,G,G,K,S,D,K,D,C,D,C,Nif_Sulfurovum_sp_FS08-3,Nif_Sulfurovum_sp,26
1213_map,G,K,G,G,G,K,S,D,K,D,C,D,C,1213_map,1213,26
1214_alt2,G,K,G,G,G,K,S,D,K,D,C,D,C,1214_alt2,1214,26
1218_altall,G,K,G,G,G,K,S,D,K,D,C,D,C,1218_altall,1218,26
1211_alt2,G,K,G,G,G,K,S,D,K,D,C,D,C,1211_alt2,1211,26
1220_altall,G,K,G,G,G,K,S,D,K,D,C,D,C,1220_altall,1220,26
1222_alt2,G,K,G,G,G,K,S,D,K,D,C,D,C,1222_alt2,1222,26
1225_alt5,G,K,G,G,G,K,S,D,K,D,C,D,C,1225_alt5,1225,26
1228_alt4,G,K,G,G,G,K,S,D,K,D,C,D,C,1228_alt4,1228,26
1225_alt3,G,K,G,G,G,K,S,D,K,D,C,D,C,1225_alt3,1225,26
1243_altall,G,K,G,G,G,K,S,D,K,D,C,D,C,1243_altall,1243,26
1243_alt2,G,K,G,G,G,K,S,D,K,D,C,D,C,1243_alt2,1243,26
1241_alt5,G,K,G,G,G,K,S,D,K,D,C,D,C,1241_alt5,1241,26
1246_altall,G,K,G,G,G,K,S,D,K,D,C,D,C,1246_altall,1246,26
1238_alt3,G,K,G,G,G,K,S,D,K,D,C,D,C,1238_alt3,1238,26
1261_alt2,G,K,G,G,G,K,S,D,K,D,C,D,C,1261_alt2,1261,26
1263_alt2,G,K,G,G,G,K,S,D,K,D,C,D,C,1263_alt2,1263,26
1256_altall,G,K,G,G,G,K,S,D,K,D,C,D,C,1256_altall,1256,26
1257_alt3,G,K,G,G,G,K,S,D,K,D,C,D,C,1257_alt3,1257,26
1256_alt4,G,K,G,G,G,K,S,D,K,D,C,D,C,1256_alt4,1256,26
1255_map,G,K,G,G,G,K,S,D,K,D,C,D,C,1255_map,1255,26
1250_alt5,G,K,G,G,G,K,S,D,K,D,C,D,C,1250_alt5,1250,26
1265_altall,G,K,G,G,G,K,S,D,K,D,C,D,C,1265_altall,1265,26
1268_alt5,G,K,G,G,G,K,S,D,K,D,C,D,C,1268_alt5,1268,26
1278_alt3,G,K,G,G,G,K,S,D,K,D,C,D,C,1278_alt3,1278,26
1276_map,G,K,G,G,G,K,S,D,K,D,C,D,C,1276_map,1276,26
1274_map,G,K,G,G,G,K,S,D,K,D,C,D,C,1274_map,1274,26
1272_alt4,G,K,G,G,G,K,S,D,K,D,C,D,C,1272_alt4,1272,26
1282_alt5,G,K,G,G,G,K,S,D,K,D,C,D,C,1282_alt5,1282,26
1282_alt4,G,K,G,G,G,K,S,D,K,D,C,D,C,1282_alt4,1282,26
1285_alt3,G,K,G,G,G,K,S,D,K,D,C,D,C,1285_alt3,1285,26
1234_alt2,G,K,G,G,G,K,S,D,K,D,C,D,C,1234_alt2,1234,26
1236_alt2,G,K,G,G,G,K,S,D,K,D,C,D,C,1236_alt2,1236,26
1291_altall,G,K,G,G,G,K,S,D,K,D,C,D,C,1291_altall,1291,26
1303_alt2,G,K,G,G,G,K,S,D,K,D,C,D,C,1303_alt2,1303,26
1300_map,G,K,G,G,G,K,S,D,K,D,C,D,C,1300_map,1300,26
1300_altall,G,K,G,G,G,K,S,D,K,D,C,D,C,1300_altall,1300,26
1296_alt3,G,K,G,G,G,K,S,D,K,D,C,D,C,1296_alt3,1296,26
1304_altall,G,K,G,G,G,K,S,D,K,D,C,D,C,1304_altall,1304,26
1308_alt5,G,K,G,G,G,K,S,D,K,D,C,D,C,1308_alt5,1308,26
1328_alt5,G,K,G,G,G,K,S,D,K,D,C,D,C,1328_alt5,1328,26
1321_alt4,G,K,G,G,G,K,S,D,K,D,C,D,C,1321_alt4,1321,26
1324_alt2,G,K,G,G,G,K,S,D,K,D,C,D,C,1324_alt2,1324,26
1326_alt3,G,K,G,G,G,K,S,D,K,D,C,D,C,1326_alt3,1326,26
1319_alt2,G,K,G,G,G,K,S,D,K,D,C,D,C,1319_alt2,1319,26
1309_alt5,G,K,G,G,G,K,S,D,K,D,C,D,C,1309_alt5,1309,26
1314_altall,G,K,G,G,G,K,S,D,K,D,C,D,C,1314_altall,1314,26
1316_alt5,G,K,G,G,G,K,S,D,K,D,C,D,C,1316_alt5,1316,26
1310_alt3,G,K,G,G,G,K,S,D,K,D,C,D,C,1310_alt3,1310,26
1333_alt5,G,K,G,G,G,K,S,D,K,D,C,D,C,1333_alt5,1333,26
1330_alt4,G,K,G,G,G,K,S,D,K,D,C,D,C,1330_alt4,1330,26
1330_map,G,K,G,G,G,K,S,D,K,D,C,D,C,1330_map,1330,26
1306_alt3,G,K,G,G,G,K,S,D,K,D,C,D,C,1306_alt3,1306,26
1337_alt3,G,K,G,G,G,K,S,D,K,D,C,D,C,1337_alt3,1337,26
1286_alt4,G,K,G,G,G,K,S,D,K,D,C,D,C,1286_alt4,1286,26
1289_map,G,K,G,G,G,K,S,D,K,D,C,D,C,1289_map,1289,26
1339_alt3,G,K,G,G,G,K,S,D,K,D,C,D,C,1339_alt3,1339,26
1341_alt2,G,K,G,G,G,K,S,D,K,D,C,D,C,1341_alt2,1341,26
1341_alt5,G,K,G,G,G,K,S,D,K,D,C,D,C,1341_alt5,1341,26
1208_alt3,G,K,G,G,G,K,S,D,K,D,C,D,C,1208_alt3,1208,26
1347_map,G,K,G,G,G,K,S,D,K,D,C,D,C,1347_map,1347,26
1351_altall,G,K,G,G,G,K,S,D,K,D,C,D,C,1351_altall,1351,26
1348_alt2,G,K,G,G,G,K,S,D,K,D,C,D,C,1348_alt2,1348,26
1446_altall,G,K,G,G,G,K,S,D,K,D,C,D,C,1446_altall,1446,26
1452_alt5,G,K,G,G,G,K,S,D,K,D,C,D,C,1452_alt5,1452,26
1449_altall,G,K,G,G,G,K,S,D,K,D,C,D,C,1449_altall,1449,26
1448_alt3,G,K,G,G,G,K,S,D,K,D,C,D,C,1448_alt3,1448,26
1356_alt2,G,K,G,G,G,K,S,D,K,D,C,D,C,1356_alt2,1356,26
1444_alt3,G,K,G,G,G,K,S,D,K,D,C,D,C,1444_alt3,1444,26
1443_map,G,K,G,G,G,K,S,D,K,D,C,D,C,1443_map,1443,26
1358_altall,G,K,G,G,G,K,S,D,K,D,C,D,C,1358_altall,1358,26
1365_altall,G,K,G,G,G,K,S,D,K,D,C,D,C,1365_altall,1365,26
1371_alt5,G,K,G,G,G,K,S,D,K,D,C,D,C,1371_alt5,1371,26
1367_alt4,G,K,G,G,G,K,S,D,K,D,C,D,C,1367_alt4,1367,26
1372_altall,G,K,G,G,G,K,S,D,K,D,C,D,C,1372_altall,1372,26
1402_alt5,G,K,G,G,G,K,S,D,K,D,C,D,C,1402_alt5,1402,26
1404_alt4,G,K,G,G,G,K,S,D,K,D,C,D,C,1404_alt4,1404,26
1386_alt4,G,K,G,G,G,K,S,D,K,D,C,D,C,1386_alt4,1386,26
1391_alt5,G,K,G,G,G,K,S,D,K,D,C,D,C,1391_alt5,1391,26
1394_altall,G,K,G,G,G,K,S,D,K,D,C,D,C,1394_altall,1394,26
1394_map,G,K,G,G,G,K,S,D,K,D,C,D,C,1394_map,1394,26
1399_altall,G,K,G,G,G,K,S,D,K,D,C,D,C,1399_altall,1399,26
1393_map,G,K,G,G,G,K,S,D,K,D,C,D,C,1393_map,1393,26
1387_alt2,G,K,G,G,G,K,S,D,K,D,C,D,C,1387_alt2,1387,26
1384_altall,G,K,G,G,G,K,S,D,K,D,C,D,C,1384_altall,1384,26
1380_altall,G,K,G,G,G,K,S,D,K,D,C,D,C,1380_altall,1380,26
1375_alt5,G,K,G,G,G,K,S,D,K,D,C,D,C,1375_alt5,1375,26
1374_alt5,G,K,G,G,G,K,S,D,K,D,C,D,C,1374_alt5,1374,26
1378_alt4,G,K,G,G,G,K,S,D,K,D,C,D,C,1378_alt4,1378,26
1361_altall,G,K,G,G,G,K,S,D,K,D,C,D,C,1361_altall,1361,26
1360_map,G,K,G,G,G,K,S,D,K,D,C,D,C,1360_map,1360,26
1408_alt4,G,K,G,G,G,K,S,D,K,D,C,D,C,1408_alt4,1408,26
1412_altall,G,K,G,G,G,K,S,D,K,D,C,D,C,1412_altall,1412,26
1428_alt2,G,K,G,G,G,K,S,D,K,D,C,D,C,1428_alt2,1428,26
1426_altall,G,K,G,G,G,K,S,D,K,D,C,D,C,1426_altall,1426,26
1418_alt2,G,K,G,G,G,K,S,D,K,D,C,D,C,1418_alt2,1418,26
1424_alt5,G,K,G,G,G,K,S,D,K,D,C,D,C,1424_alt5,1424,26
1422_alt2,G,K,G,G,G,K,S,D,K,D,C,D,C,1422_alt2,1422,26
1419_alt5,G,K,G,G,G,K,S,D,K,D,C,D,C,1419_alt5,1419,26
1413_map,G,K,G,G,G,K,S,D,K,D,C,D,C,1413_map,1413,26
1409_alt4,G,K,G,G,G,K,S,D,K,D,C,D,C,1409_alt4,1409,26
1409_alt2,G,K,G,G,G,K,S,D,K,D,C,D,C,1409_alt2,1409,26
1435_alt4,G,K,G,G,G,K,S,D,K,D,C,D,C,1435_alt4,1435,26
1438_altall,G,K,G,G,G,K,S,D,K,D,C,D,C,1438_altall,1438,26
1433_altall,G,K,G,G,G,K,S,D,K,D,C,D,C,1433_altall,1433,26
1439_alt4,G,K,G,G,G,K,S,D,K,D,C,D,C,1439_alt4,1439,26
1355_map,G,K,G,G,G,K,S,D,K,D,C,D,C,1355_map,1355,26
1494_altall,G,K,G,G,G,K,S,D,K,D,C,D,C,1494_altall,1494,26
1493_alt3,G,K,G,G,G,K,S,D,K,D,C,D,C,1493_alt3,1493,26
1492_alt5,G,K,G,G,G,K,S,D,K,D,C,D,C,1492_alt5,1492,26
1487_alt2,G,K,G,G,G,K,S,D,K,D,C,D,C,1487_alt2,1487,26
1509_alt5,G,K,G,G,G,K,S,D,K,D,C,D,C,1509_alt5,1509,26
1507_altall,G,K,G,G,G,K,S,D,K,D,C,D,C,1507_altall,1507,26
1510_alt2,G,K,G,G,G,K,S,D,K,D,C,D,C,1510_alt2,1510,26
1502_alt3,G,K,G,G,G,K,S,D,K,D,C,D,C,1502_alt3,1502,26
1498_map,G,K,G,G,G,K,S,D,K,D,C,D,C,1498_map,1498,26
1501_alt5,G,K,G,G,G,K,S,D,K,D,C,D,C,1501_alt5,1501,26
1511_alt5,G,K,G,G,G,K,S,D,K,D,C,D,C,1511_alt5,1511,26
1524_altall,G,K,G,G,G,K,S,D,K,D,C,D,C,1524_altall,1524,26
1521_altall,G,K,G,G,G,K,S,D,K,D,C,D,C,1521_altall,1521,26
1519_alt2,G,K,G,G,G,K,S,D,K,D,C,D,C,1519_alt2,1519,26
1513_alt2,G,K,G,G,G,K,S,D,K,D,C,D,C,1513_alt2,1513,26
1515_map,G,K,G,G,G,K,S,D,K,D,C,D,C,1515_map,1515,26
1454_alt2,G,K,G,G,G,K,S,D,K,D,C,D,C,1454_alt2,1454,26
1458_map,G,K,G,G,G,K,S,D,K,D,C,D,C,1458_map,1458,26
1484_alt3,G,K,G,G,G,K,S,D,K,D,C,D,C,1484_alt3,1484,26
1483_alt5,G,K,G,G,G,K,S,D,K,D,C,D,C,1483_alt5,1483,26
1464_altall,G,K,G,G,G,K,S,D,K,D,C,D,C,1464_altall,1464,26
1464_alt5,G,K,G,G,G,K,S,D,K,D,C,D,C,1464_alt5,1464,26
1471_alt5,G,K,G,G,G,K,S,D,K,D,C,D,C,1471_alt5,1471,26
1466_alt4,G,K,G,G,G,K,S,D,K,D,C,D,C,1466_alt4,1466,26
1467_alt5,G,K,G,G,G,K,S,D,K,D,C,D,C,1467_alt5,1467,26
1475_alt2,G,K,G,G,G,K,S,D,K,D,C,D,C,1475_alt2,1475,26
1477_alt4,G,K,G,G,G,K,S,D,K,D,C,D,C,1477_alt4,1477,26
1477_alt3,G,K,G,G,G,K,S,D,K,D,C,D,C,1477_alt3,1477,26
1462_alt2,G,K,G,G,G,K,S,D,K,D,C,D,C,1462_alt2,1462,26
1454_alt4,G,K,G,G,G,K,S,D,K,D,C,D,C,1454_alt4,1454,26
1206_altall,G,K,G,G,G,K,S,D,K,D,C,D,C,1206_altall,1206,26
813_alt2,G,K,G,G,G,K,S,D,K,D,C,D,C,813_alt2,813,26
818_alt2,G,K,G,G,G,K,S,D,K,D,C,D,C,818_alt2,818,26
813_alt5,G,K,G,G,G,K,S,D,K,D,C,D,C,813_alt5,813,26
810_map,G,K,G,G,G,K,S,D,K,D,C,D,C,810_map,810,26
810_alt2,G,K,G,G,G,K,S,D,K,D,C,D,C,810_alt2,810,26
793_alt3,G,K,G,G,G,K,S,D,K,D,C,D,C,793_alt3,793,26
791_altall,G,K,G,G,G,K,S,D,K,D,C,D,C,791_altall,791,26
787_alt3,G,K,G,G,G,K,S,D,K,D,C,D,C,787_alt3,787,26
784_alt4,G,K,G,G,G,K,S,D,K,D,C,D,C,784_alt4,784,26
773_alt2,G,K,G,G,G,K,S,D,K,D,C,D,C,773_alt2,773,26
774_alt2,G,K,G,G,G,K,S,D,K,D,C,D,C,774_alt2,774,26
778_alt2,G,K,G,G,G,K,S,D,K,D,C,D,C,778_alt2,778,26
774_altall,G,K,G,G,G,K,S,D,K,D,C,D,C,774_altall,774,26
781_map,G,K,G,G,G,K,S,D,K,D,C,D,C,781_map,781,26
787_alt4,G,K,G,G,G,K,S,D,K,D,C,D,C,787_alt4,787,26
793_alt5,G,K,G,G,G,K,S,D,K,D,C,D,C,793_alt5,793,26
799_alt5,G,K,G,G,G,K,S,D,K,D,C,D,C,799_alt5,799,26
801_alt3,G,K,G,G,G,K,S,D,K,D,C,D,C,801_alt3,801,26
796_alt5,G,K,G,G,G,K,S,D,K,D,C,D,C,796_alt5,796,26
804_alt2,G,K,G,G,G,K,S,D,K,D,C,D,C,804_alt2,804,26
804_alt4,G,K,G,G,G,K,S,D,K,D,C,D,C,804_alt4,804,26
820_alt4,G,K,G,G,G,K,S,D,K,D,C,D,C,820_alt4,820,26
1528_alt3,G,K,G,G,G,K,S,D,K,D,C,D,C,1528_alt3,1528,26
1532_alt4,G,K,G,G,G,K,S,D,K,D,C,D,C,1532_alt4,1532,26
1530_map,G,K,G,G,G,K,S,D,K,D,C,D,C,1530_map,1530,26
1534_altall,G,K,G,G,G,K,S,D,K,D,C,D,C,1534_altall,1534,26
1536_alt4,G,K,G,G,G,K,S,D,K,D,C,D,C,1536_alt4,1536,26
Anf_Clostridium_pasteurianum,G,K,G,G,G,K,S,D,K,D,C,D,C,Anf_Clostridium_pasteurianum,Anf_Clostridium,26
Anf_Methanosarcina_acetivorans_C2A,G,K,G,G,G,K,S,D,K,D,C,D,C,Anf_Methanosarcina_acetivorans_C2A,Anf_Methanosarcina_acetivorans,26
Nif_Methanothermobacter_thermautotrophicus,G,K,G,G,G,K,S,D,K,D,C,D,C,Nif_Methanothermobacter_thermautotrophicus,Nif_Methanothermobacter,26
Nif_Desulfobacteraceae_bacterium_Eth-SRB1,G,K,G,G,G,K,S,D,K,D,C,D,C,Nif_Desulfobacteraceae_bacterium_Eth-SRB1,Nif_Desulfobacteraceae_bacterium,26
Nif_Propionispira_arboris,G,K,G,G,G,K,S,D,K,D,C,D,C,Nif_Propionispira_arboris,Nif_Propionispira,26
Nif_Oxobacter_pfennigii,G,K,G,G,G,K,S,D,K,D,C,D,C,Nif_Oxobacter_pfennigii,Nif_Oxobacter,26
Nif_Clostridiales_bacterium_DRI-13,G,K,G,G,G,K,S,D,K,D,C,D,C,Nif_Clostridiales_bacterium_DRI-13,Nif_Clostridiales_bacterium,26
Nif_Desulfocucumis_palustris,G,K,G,G,G,K,S,D,K,D,C,D,C,Nif_Desulfocucumis_palustris,Nif_Desulfocucumis,26
Nif_Halanaerobium_salsuginis,G,K,G,G,G,K,S,D,K,D,C,D,C,Nif_Halanaerobium_salsuginis,Nif_Halanaerobium,26
Nif_Dysgonomonas_capnocytophagoides,G,K,G,G,G,K,S,D,K,D,C,D,C,Nif_Dysgonomonas_capnocytophagoides,Nif_Dysgonomonas,26
Nif_Desulfobacteraceae_bacterium,G,K,G,G,G,K,S,D,K,D,C,D,C,Nif_Desulfobacteraceae_bacterium,Nif_Desulfobacteraceae,26
Nif_Chlorobium_chlorochromatii,G,K,G,G,G,K,S,D,K,D,C,D,C,Nif_Chlorobium_chlorochromatii,Nif_Chlorobium,26
Nif_Holophaga_foetida,G,K,G,G,G,K,S,D,K,D,C,D,C,Nif_Holophaga_foetida,Nif_Holophaga,26
Nif_Treponema_primitia,G,K,G,G,G,K,S,D,K,D,C,D,C,Nif_Treponema_primitia,Nif_Treponema,26
Nif_Deltaproteobacteria_bacterium_HGW-Deltaproteobacteria-8,G,K,G,G,G,K,S,D,K,D,C,D,C,Nif_Deltaproteobacteria_bacterium_HGW-Deltaproteobacteria-8,Nif_Deltaproteobacteria_bacterium,26
Nif_Dehalococcoides_mccartyi,G,K,G,G,G,K,S,D,K,D,C,D,C,Nif_Dehalococcoides_mccartyi,Nif_Dehalococcoides,26
Nif_Ilyobacter_polytropus,G,K,G,G,G,K,S,D,K,D,C,D,C,Nif_Ilyobacter_polytropus,Nif_Ilyobacter,26
Nif_Pleomorphomonas_carboxyditropha,G,K,G,G,G,K,S,D,K,D,C,D,C,Nif_Pleomorphomonas_carboxyditropha,Nif_Pleomorphomonas,26
Nif_Defluviimonas_alba,G,K,G,G,G,K,S,D,K,D,C,D,C,Nif_Defluviimonas_alba,Nif_Defluviimonas,26
Nif_Derxia_gummosa,G,K,G,G,G,K,S,D,K,D,C,D,C,Nif_Derxia_gummosa,Nif_Derxia,26
Nif_Betaproteobacteria_bacterium_HGW-Betaproteobacteria-11,G,K,G,G,G,K,S,D,K,D,C,D,C,Nif_Betaproteobacteria_bacterium_HGW-Betaproteobacteria-11,Nif_Betaproteobacteria_bacterium,26
Vnf_Tolumonas_lignilytica,G,K,G,G,G,K,S,D,K,D,C,D,C,Vnf_Tolumonas_lignilytica,Vnf_Tolumonas,26
Nif_Candidatus_Thiosymbion_oneisti,G,K,G,G,G,K,S,D,K,D,C,D,C,Nif_Candidatus_Thiosymbion_oneisti,Nif_Candidatus_Thiosymbion,26
Nif_Alphaproteobacteria_bacterium,G,K,G,G,G,K,S,D,K,D,C,D,C,Nif_Alphaproteobacteria_bacterium,Nif_Alphaproteobacteria,26
Nif_Geoalkalibacter_ferrihydriticus,G,K,G,G,G,K,S,D,K,D,C,D,C,Nif_Geoalkalibacter_ferrihydriticus,Nif_Geoalkalibacter,26
Nif_Actinobacteria_bacterium_HGW-Actinobacteria-10,G,K,G,G,G,K,S,D,K,D,C,D,C,Nif_Actinobacteria_bacterium_HGW-Actinobacteria-10,Nif_Actinobacteria_bacterium,26
Nif_Leptolyngbya_sp_JSC-1,G,K,G,G,G,K,S,D,K,D,C,D,C,Nif_Leptolyngbya_sp_JSC-1,Nif_Leptolyngbya_sp,26
Nif_archaeon_BMS3Abin16,G,K,G,G,G,K,S,D,K,D,C,D,C,Nif_archaeon_BMS3Abin16,Nif_archaeon,26
1213_alt3,G,K,G,G,G,K,S,D,K,D,C,D,C,1213_alt3,1213,26
1213_alt4,G,K,G,G,G,K,S,D,K,D,C,D,C,1213_alt4,1213,26
1218_alt2,G,K,G,G,G,K,S,D,K,D,C,D,C,1218_alt2,1218,26
1211_map,G,K,G,G,G,K,S,D,K,D,C,D,C,1211_map,1211,26
1221_alt3,G,K,G,G,G,K,S,D,K,D,C,D,C,1221_alt3,1221,26
1222_altall,G,K,G,G,G,K,S,D,K,D,C,D,C,1222_altall,1222,26
1225_alt4,G,K,G,G,G,K,S,D,K,D,C,D,C,1225_alt4,1225,26
1228_altall,G,K,G,G,G,K,S,D,K,D,C,D,C,1228_altall,1228,26
1225_altall,G,K,G,G,G,K,S,D,K,D,C,D,C,1225_altall,1225,26
1243_alt3,G,K,G,G,G,K,S,D,K,D,C,D,C,1243_alt3,1243,26
1243_alt4,G,K,G,G,G,K,S,D,K,D,C,D,C,1243_alt4,1243,26
1241_map,G,K,G,G,G,K,S,D,K,D,C,D,C,1241_map,1241,26
1246_alt4,G,K,G,G,G,K,S,D,K,D,C,D,C,1246_alt4,1246,26
1237_alt2,G,K,G,G,G,K,S,D,K,D,C,D,C,1237_alt2,1237,26
1261_alt3,G,K,G,G,G,K,S,D,K,D,C,D,C,1261_alt3,1261,26
1261_alt4,G,K,G,G,G,K,S,D,K,D,C,D,C,1261_alt4,1261,26
1257_altall,G,K,G,G,G,K,S,D,K,D,C,D,C,1257_altall,1257,26
1257_alt4,G,K,G,G,G,K,S,D,K,D,C,D,C,1257_alt4,1257,26
1252_alt2,G,K,G,G,G,K,S,D,K,D,C,D,C,1252_alt2,1252,26
1255_alt2,G,K,G,G,G,K,S,D,K,D,C,D,C,1255_alt2,1255,26
1250_alt2,G,K,G,G,G,K,S,D,K,D,C,D,C,1250_alt2,1250,26
1266_alt3,G,K,G,G,G,K,S,D,K,D,C,D,C,1266_alt3,1266,26
1268_alt2,G,K,G,G,G,K,S,D,K,D,C,D,C,1268_alt2,1268,26
1278_alt2,G,K,G,G,G,K,S,D,K,D,C,D,C,1278_alt2,1278,26
1276_alt4,G,K,G,G,G,K,S,D,K,D,C,D,C,1276_alt4,1276,26
1274_alt3,G,K,G,G,G,K,S,D,K,D,C,D,C,1274_alt3,1274,26
1272_altall,G,K,G,G,G,K,S,D,K,D,C,D,C,1272_altall,1272,26
1282_altall,G,K,G,G,G,K,S,D,K,D,C,D,C,1282_altall,1282,26
1281_map,G,K,G,G,G,K,S,D,K,D,C,D,C,1281_map,1281,26
1269_alt2,G,K,G,G,G,K,S,D,K,D,C,D,C,1269_alt2,1269,26
1234_map,G,K,G,G,G,K,S,D,K,D,C,D,C,1234_map,1234,26
1236_map,G,K,G,G,G,K,S,D,K,D,C,D,C,1236_map,1236,26
1291_alt5,G,K,G,G,G,K,S,D,K,D,C,D,C,1291_alt5,1291,26
1303_map,G,K,G,G,G,K,S,D,K,D,C,D,C,1303_map,1303,26
1300_alt5,G,K,G,G,G,K,S,D,K,D,C,D,C,1300_alt5,1300,26
1299_altall,G,K,G,G,G,K,S,D,K,D,C,D,C,1299_altall,1299,26
1296_alt4,G,K,G,G,G,K,S,D,K,D,C,D,C,1296_alt4,1296,26
1305_altall,G,K,G,G,G,K,S,D,K,D,C,D,C,1305_altall,1305,26
1308_alt2,G,K,G,G,G,K,S,D,K,D,C,D,C,1308_alt2,1308,26
1328_alt4,G,K,G,G,G,K,S,D,K,D,C,D,C,1328_alt4,1328,26
1321_map,G,K,G,G,G,K,S,D,K,D,C,D,C,1321_map,1321,26
1324_map,G,K,G,G,G,K,S,D,K,D,C,D,C,1324_map,1324,26
1326_altall,G,K,G,G,G,K,S,D,K,D,C,D,C,1326_altall,1326,26
1319_map,G,K,G,G,G,K,S,D,K,D,C,D,C,1319_map,1319,26
1309_altall,G,K,G,G,G,K,S,D,K,D,C,D,C,1309_altall,1309,26
1314_alt2,G,K,G,G,G,K,S,D,K,D,C,D,C,1314_alt2,1314,26
1316_altall,G,K,G,G,G,K,S,D,K,D,C,D,C,1316_altall,1316,26
1310_altall,G,K,G,G,G,K,S,D,K,D,C,D,C,1310_altall,1310,26
1333_map,G,K,G,G,G,K,S,D,K,D,C,D,C,1333_map,1333,26
1335_alt3,G,K,G,G,G,K,S,D,K,D,C,D,C,1335_alt3,1335,26
1330_alt5,G,K,G,G,G,K,S,D,K,D,C,D,C,1330_alt5,1330,26
1304_alt3,G,K,G,G,G,K,S,D,K,D,C,D,C,1304_alt3,1304,26
1337_alt4,G,K,G,G,G,K,S,D,K,D,C,D,C,1337_alt4,1337,26
1287_altall,G,K,G,G,G,K,S,D,K,D,C,D,C,1287_altall,1287,26
1287_alt4,G,K,G,G,G,K,S,D,K,D,C,D,C,1287_alt4,1287,26
1339_alt2,G,K,G,G,G,K,S,D,K,D,C,D,C,1339_alt2,1339,26
1341_altall,G,K,G,G,G,K,S,D,K,D,C,D,C,1341_altall,1341,26
1340_alt3,G,K,G,G,G,K,S,D,K,D,C,D,C,1340_alt3,1340,26
1208_alt5,G,K,G,G,G,K,S,D,K,D,C,D,C,1208_alt5,1208,26
1347_alt4,G,K,G,G,G,K,S,D,K,D,C,D,C,1347_alt4,1347,26
1351_alt3,G,K,G,G,G,K,S,D,K,D,C,D,C,1351_alt3,1351,26
1348_altall,G,K,G,G,G,K,S,D,K,D,C,D,C,1348_altall,1348,26
1447_alt3,G,K,G,G,G,K,S,D,K,D,C,D,C,1447_alt3,1447,26
1452_alt2,G,K,G,G,G,K,S,D,K,D,C,D,C,1452_alt2,1452,26
1449_alt2,G,K,G,G,G,K,S,D,K,D,C,D,C,1449_alt2,1449,26
1446_alt5,G,K,G,G,G,K,S,D,K,D,C,D,C,1446_alt5,1446,26
1356_map,G,K,G,G,G,K,S,D,K,D,C,D,C,1356_map,1356,26
1444_map,G,K,G,G,G,K,S,D,K,D,C,D,C,1444_map,1444,26
1443_alt3,G,K,G,G,G,K,S,D,K,D,C,D,C,1443_alt3,1443,26
1359_alt4,G,K,G,G,G,K,S,D,K,D,C,D,C,1359_alt4,1359,26
1367_alt2,G,K,G,G,G,K,S,D,K,D,C,D,C,1367_alt2,1367,26
1371_alt2,G,K,G,G,G,K,S,D,K,D,C,D,C,1371_alt2,1371,26
1367_altall,G,K,G,G,G,K,S,D,K,D,C,D,C,1367_altall,1367,26
1382_alt4,G,K,G,G,G,K,S,D,K,D,C,D,C,1382_alt4,1382,26
1402_map,G,K,G,G,G,K,S,D,K,D,C,D,C,1402_map,1402,26
1404_alt3,G,K,G,G,G,K,S,D,K,D,C,D,C,1404_alt3,1404,26
1388_map,G,K,G,G,G,K,S,D,K,D,C,D,C,1388_map,1388,26
1391_alt3,G,K,G,G,G,K,S,D,K,D,C,D,C,1391_alt3,1391,26
1394_alt3,G,K,G,G,G,K,S,D,K,D,C,D,C,1394_alt3,1394,26
1394_alt4,G,K,G,G,G,K,S,D,K,D,C,D,C,1394_alt4,1394,26
1399_alt2,G,K,G,G,G,K,S,D,K,D,C,D,C,1399_alt2,1399,26
1393_alt5,G,K,G,G,G,K,S,D,K,D,C,D,C,1393_alt5,1393,26
1387_alt4,G,K,G,G,G,K,S,D,K,D,C,D,C,1387_alt4,1387,26
1384_alt2,G,K,G,G,G,K,S,D,K,D,C,D,C,1384_alt2,1384,26
1380_alt2,G,K,G,G,G,K,S,D,K,D,C,D,C,1380_alt2,1380,26
1375_altall,G,K,G,G,G,K,S,D,K,D,C,D,C,1375_altall,1375,26
1374_map,G,K,G,G,G,K,S,D,K,D,C,D,C,1374_map,1374,26
1378_alt5,G,K,G,G,G,K,S,D,K,D,C,D,C,1378_alt5,1378,26
1362_altall,G,K,G,G,G,K,S,D,K,D,C,D,C,1362_altall,1362,26
1360_alt2,G,K,G,G,G,K,S,D,K,D,C,D,C,1360_alt2,1360,26
1408_alt3,G,K,G,G,G,K,S,D,K,D,C,D,C,1408_alt3,1408,26
1413_alt5,G,K,G,G,G,K,S,D,K,D,C,D,C,1413_alt5,1413,26
1428_alt5,G,K,G,G,G,K,S,D,K,D,C,D,C,1428_alt5,1428,26
1426_alt4,G,K,G,G,G,K,S,D,K,D,C,D,C,1426_alt4,1426,26
1418_alt4,G,K,G,G,G,K,S,D,K,D,C,D,C,1418_alt4,1418,26
1423_altall,G,K,G,G,G,K,S,D,K,D,C,D,C,1423_altall,1423,26
1422_map,G,K,G,G,G,K,S,D,K,D,C,D,C,1422_map,1422,26
1416_map,G,K,G,G,G,K,S,D,K,D,C,D,C,1416_map,1416,26
1413_alt3,G,K,G,G,G,K,S,D,K,D,C,D,C,1413_alt3,1413,26
1409_alt3,G,K,G,G,G,K,S,D,K,D,C,D,C,1409_alt3,1409,26
1406_altall,G,K,G,G,G,K,S,D,K,D,C,D,C,1406_altall,1406,26
1435_alt5,G,K,G,G,G,K,S,D,K,D,C,D,C,1435_alt5,1435,26
1438_alt4,G,K,G,G,G,K,S,D,K,D,C,D,C,1438_alt4,1438,26
1433_map,G,K,G,G,G,K,S,D,K,D,C,D,C,1433_map,1433,26
1439_altall,G,K,G,G,G,K,S,D,K,D,C,D,C,1439_altall,1439,26
1355_alt3,G,K,G,G,G,K,S,D,K,D,C,D,C,1355_alt3,1355,26
1494_alt4,G,K,G,G,G,K,S,D,K,D,C,D,C,1494_alt4,1494,26
1493_altall,G,K,G,G,G,K,S,D,K,D,C,D,C,1493_altall,1493,26
1492_alt3,G,K,G,G,G,K,S,D,K,D,C,D,C,1492_alt3,1492,26
1496_alt2,G,K,G,G,G,K,S,D,K,D,C,D,C,1496_alt2,1496,26
1509_alt3,G,K,G,G,G,K,S,D,K,D,C,D,C,1509_alt3,1509,26
1505_alt2,G,K,G,G,G,K,S,D,K,D,C,D,C,1505_alt2,1505,26
1510_alt5,G,K,G,G,G,K,S,D,K,D,C,D,C,1510_alt5,1510,26
1502_map,G,K,G,G,G,K,S,D,K,D,C,D,C,1502_map,1502,26
1498_alt5,G,K,G,G,G,K,S,D,K,D,C,D,C,1498_alt5,1498,26
1499_altall,G,K,G,G,G,K,S,D,K,D,C,D,C,1499_altall,1499,26
1511_alt4,G,K,G,G,G,K,S,D,K,D,C,D,C,1511_alt4,1511,26
1524_alt2,G,K,G,G,G,K,S,D,K,D,C,D,C,1524_alt2,1524,26
1521_alt4,G,K,G,G,G,K,S,D,K,D,C,D,C,1521_alt4,1521,26
1518_alt5,G,K,G,G,G,K,S,D,K,D,C,D,C,1518_alt5,1518,26
1513_alt3,G,K,G,G,G,K,S,D,K,D,C,D,C,1513_alt3,1513,26
1515_alt4,G,K,G,G,G,K,S,D,K,D,C,D,C,1515_alt4,1515,26
1454_alt5,G,K,G,G,G,K,S,D,K,D,C,D,C,1454_alt5,1454,26
1458_alt4,G,K,G,G,G,K,S,D,K,D,C,D,C,1458_alt4,1458,26
1484_map,G,K,G,G,G,K,S,D,K,D,C,D,C,1484_map,1484,26
1461_alt2,G,K,G,G,G,K,S,D,K,D,C,D,C,1461_alt2,1461,26
1472_altall,G,K,G,G,G,K,S,D,K,D,C,D,C,1472_altall,1472,26
1464_alt3,G,K,G,G,G,K,S,D,K,D,C,D,C,1464_alt3,1464,26
1471_altall,G,K,G,G,G,K,S,D,K,D,C,D,C,1471_altall,1471,26
1466_map,G,K,G,G,G,K,S,D,K,D,C,D,C,1466_map,1466,26
1465_map,G,K,G,G,G,K,S,D,K,D,C,D,C,1465_map,1465,26
1475_alt4,G,K,G,G,G,K,S,D,K,D,C,D,C,1475_alt4,1475,26
1477_map,G,K,G,G,G,K,S,D,K,D,C,D,C,1477_map,1477,26
1477_altall,G,K,G,G,G,K,S,D,K,D,C,D,C,1477_altall,1477,26
1462_map,G,K,G,G,G,K,S,D,K,D,C,D,C,1462_map,1462,26
1454_map,G,K,G,G,G,K,S,D,K,D,C,D,C,1454_map,1454,26
821_altall,G,K,G,G,G,K,S,D,K,D,C,D,C,821_altall,821,26
816_alt3,G,K,G,G,G,K,S,D,K,D,C,D,C,816_alt3,816,26
818_altall,G,K,G,G,G,K,S,D,K,D,C,D,C,818_altall,818,26
814_altall,G,K,G,G,G,K,S,D,K,D,C,D,C,814_altall,814,26
810_alt4,G,K,G,G,G,K,S,D,K,D,C,D,C,810_alt4,810,26
810_alt3,G,K,G,G,G,K,S,D,K,D,C,D,C,810_alt3,810,26
793_alt4,G,K,G,G,G,K,S,D,K,D,C,D,C,793_alt4,793,26
791_alt5,G,K,G,G,G,K,S,D,K,D,C,D,C,791_alt5,791,26
786_alt4,G,K,G,G,G,K,S,D,K,D,C,D,C,786_alt4,786,26
784_map,G,K,G,G,G,K,S,D,K,D,C,D,C,784_map,784,26
775_map,G,K,G,G,G,K,S,D,K,D,C,D,C,775_map,775,26
774_alt5,G,K,G,G,G,K,S,D,K,D,C,D,C,774_alt5,774,26
780_map,G,K,G,G,G,K,S,D,K,D,C,D,C,780_map,780,26
773_altall,G,K,G,G,G,K,S,D,K,D,C,D,C,773_altall,773,26
781_alt3,G,K,G,G,G,K,S,D,K,D,C,D,C,781_alt3,781,26
787_alt2,G,K,G,G,G,K,S,D,K,D,C,D,C,787_alt2,787,26
793_map,G,K,G,G,G,K,S,D,K,D,C,D,C,793_map,793,26
799_alt3,G,K,G,G,G,K,S,D,K,D,C,D,C,799_alt3,799,26
800_altall,G,K,G,G,G,K,S,D,K,D,C,D,C,800_altall,800,26
796_map,G,K,G,G,G,K,S,D,K,D,C,D,C,796_map,796,26
804_map,G,K,G,G,G,K,S,D,K,D,C,D,C,804_map,804,26
804_alt3,G,K,G,G,G,K,S,D,K,D,C,D,C,804_alt3,804,26
820_alt5,G,K,G,G,G,K,S,D,K,D,C,D,C,820_alt5,820,26
1528_alt5,G,K,G,G,G,K,S,D,K,D,C,D,C,1528_alt5,1528,26
1532_alt3,G,K,G,G,G,K,S,D,K,D,C,D,C,1532_alt3,1532,26
1530_alt2,G,K,G,G,G,K,S,D,K,D,C,D,C,1530_alt2,1530,26
1535_alt2,G,K,G,G,G,K,S,D,K,D,C,D,C,1535_alt2,1535,26
1536_alt3,G,K,G,G,G,K,S,D,K,D,C,D,C,1536_alt3,1536,26
Anf_Desulfosporosinus_fructosivorans,G,K,G,G,G,K,S,D,K,D,C,D,C,Anf_Desulfosporosinus_fructosivorans,Anf_Desulfosporosinus,26
Vnf_Methanosarcina_acetivorans_C2A,G,K,G,G,G,K,S,D,K,D,C,D,C,Vnf_Methanosarcina_acetivorans_C2A,Vnf_Methanosarcina_acetivorans,26
Nif_Methanobacteriales_archaeon_HGW-Methanobacteriales-1,G,K,G,G,G,K,S,D,K,D,C,D,C,Nif_Methanobacteriales_archaeon_HGW-Methanobacteriales-1,Nif_Methanobacteriales_archaeon,26
Nif_Desulfoglaeba_alkanexedens,G,K,G,G,G,K,S,D,K,D,C,D,C,Nif_Desulfoglaeba_alkanexedens,Nif_Desulfoglaeba,26
Nif_Ruminiclostridium_hungatei,G,K,G,G,G,K,S,D,K,D,C,D,C,Nif_Ruminiclostridium_hungatei,Nif_Ruminiclostridium,26
Nif_Sporolactobacillus_terrae,G,K,G,G,G,K,S,D,K,D,C,D,C,Nif_Sporolactobacillus_terrae,Nif_Sporolactobacillus,26
Nif_Lucifera_butyrica,G,K,G,G,G,K,S,D,K,D,C,D,C,Nif_Lucifera_butyrica,Nif_Lucifera,26
Nif_Desulfurispora_thermophila,G,K,G,G,G,K,S,D,K,D,C,D,C,Nif_Desulfurispora_thermophila,Nif_Desulfurispora,26
Nif_Orenia_marismortui,G,K,G,G,G,K,S,D,K,D,C,D,C,Nif_Orenia_marismortui,Nif_Orenia,26
Nif_Bacteroides_graminisolvens,G,K,G,G,G,K,S,D,K,D,C,D,C,Nif_Bacteroides_graminisolvens,Nif_Bacteroides,26
Nif_Desulfosarcina_cetonica,G,K,G,G,G,K,S,D,K,D,C,D,C,Nif_Desulfosarcina_cetonica,Nif_Desulfosarcina,26
Nif_Chloroherpeton_thalassium,G,K,G,G,G,K,S,D,K,D,C,D,C,Nif_Chloroherpeton_thalassium,Nif_Chloroherpeton,26
Nif_Desulfobotulus_alkaliphilus,G,K,G,G,G,K,S,D,K,D,C,D,C,Nif_Desulfobotulus_alkaliphilus,Nif_Desulfobotulus,26
Nif_bacterium_BMS3Abin13,G,K,G,G,G,K,S,D,K,D,C,D,C,Nif_bacterium_BMS3Abin13,Nif_bacterium,26
Nif_Candidatus_Achromatium_palustre,G,K,G,G,G,K,S,D,K,D,C,D,C,Nif_Candidatus_Achromatium_palustre,Nif_Candidatus_Achromatium,26
Nif_Chloroflexi_bacterium,G,K,G,G,G,K,S,D,K,D,C,D,C,Nif_Chloroflexi_bacterium,Nif_Chloroflexi,26
Nif_Methanothrix_soehngenii,G,K,G,G,G,K,S,D,K,D,C,D,C,Nif_Methanothrix_soehngenii,Nif_Methanothrix,26
Nif_Neorhizobium_galegae,G,K,G,G,G,K,S,D,K,D,C,D,C,Nif_Neorhizobium_galegae,Nif_Neorhizobium,26
Nif_Skermanella_aerolata,G,K,G,G,G,K,S,D,K,D,C,D,C,Nif_Skermanella_aerolata,Nif_Skermanella,26
Nif_Bradyrhizobium_oligotrophicum,G,K,G,G,G,K,S,D,K,D,C,D,C,Nif_Bradyrhizobium_oligotrophicum,Nif_Bradyrhizobium,26
Nif_Sulfurivermis_fontis,G,K,G,G,G,K,S,D,K,D,C,D,C,Nif_Sulfurivermis_fontis,Nif_Sulfurivermis,26
Nif_Agaribacterium_haliotis,G,K,G,G,G,K,S,D,K,D,C,D,C,Nif_Agaribacterium_haliotis,Nif_Agaribacterium,26
Nif_Candidatus_Accumulibacter_aalborgensis,G,K,G,G,G,K,S,D,K,D,C,D,C,Nif_Candidatus_Accumulibacter_aalborgensis,Nif_Candidatus_Accumulibacter,26
Nif_magneto-ovoid_bacterium_MO-1,G,K,G,G,G,K,S,D,K,D,C,D,C,Nif_magneto-ovoid_bacterium_MO-1,Nif_magneto-ovoid_bacterium,26
Nif_Malonomonas_rubra,G,K,G,G,G,K,S,D,K,D,C,D,C,Nif_Malonomonas_rubra,Nif_Malonomonas,26
Nif_Calditerrivibrio_nitroreducens,G,K,G,G,G,K,S,D,K,D,C,D,C,Nif_Calditerrivibrio_nitroreducens,Nif_Calditerrivibrio,26
Nif_Fischerella_sp_PCC_9605,G,K,G,G,G,K,S,D,K,D,C,D,C,Nif_Fischerella_sp_PCC_9605,Nif_Fischerella_sp_PCC,26
Nif_archaeon_BMS3Bbin15,G,K,G,G,G,K,S,D,K,D,C,D,C,Nif_archaeon_BMS3Bbin15,Nif_archaeon,26
1213_alt2,G,K,G,G,G,K,S,D,K,D,C,D,C,1213_alt2,1213,26
1213_altall,G,K,G,G,G,K,S,D,K,D,C,D,C,1213_altall,1213,26
1218_alt3,G,K,G,G,G,K,S,D,K,D,C,D,C,1218_alt3,1218,26
1211_alt5,G,K,G,G,G,K,S,D,K,D,C,D,C,1211_alt5,1211,26
1221_alt4,G,K,G,G,G,K,S,D,K,D,C,D,C,1221_alt4,1221,26
1222_alt3,G,K,G,G,G,K,S,D,K,D,C,D,C,1222_alt3,1222,26
1226_alt3,G,K,G,G,G,K,S,D,K,D,C,D,C,1226_alt3,1226,26
1229_altall,G,K,G,G,G,K,S,D,K,D,C,D,C,1229_altall,1229,26
1224_alt2,G,K,G,G,G,K,S,D,K,D,C,D,C,1224_alt2,1224,26
1244_alt3,G,K,G,G,G,K,S,D,K,D,C,D,C,1244_alt3,1244,26
1243_map,G,K,G,G,G,K,S,D,K,D,C,D,C,1243_map,1243,26
1241_alt3,G,K,G,G,G,K,S,D,K,D,C,D,C,1241_alt3,1241,26
1246_alt5,G,K,G,G,G,K,S,D,K,D,C,D,C,1246_alt5,1246,26
1237_altall,G,K,G,G,G,K,S,D,K,D,C,D,C,1237_altall,1237,26
1261_map,G,K,G,G,G,K,S,D,K,D,C,D,C,1261_map,1261,26
1261_alt5,G,K,G,G,G,K,S,D,K,D,C,D,C,1261_alt5,1261,26
1260_altall,G,K,G,G,G,K,S,D,K,D,C,D,C,1260_altall,1260,26
1257_alt5,G,K,G,G,G,K,S,D,K,D,C,D,C,1257_alt5,1257,26
1252_altall,G,K,G,G,G,K,S,D,K,D,C,D,C,1252_altall,1252,26
1253_alt2,G,K,G,G,G,K,S,D,K,D,C,D,C,1253_alt2,1253,26
1250_map,G,K,G,G,G,K,S,D,K,D,C,D,C,1250_map,1250,26
1266_altall,G,K,G,G,G,K,S,D,K,D,C,D,C,1266_altall,1266,26
1269_altall,G,K,G,G,G,K,S,D,K,D,C,D,C,1269_altall,1269,26
1278_map,G,K,G,G,G,K,S,D,K,D,C,D,C,1278_map,1278,26
1277_alt4,G,K,G,G,G,K,S,D,K,D,C,D,C,1277_alt4,1277,26
1274_alt5,G,K,G,G,G,K,S,D,K,D,C,D,C,1274_alt5,1274,26
1271_alt4,G,K,G,G,G,K,S,D,K,D,C,D,C,1271_alt4,1271,26
1283_alt3,G,K,G,G,G,K,S,D,K,D,C,D,C,1283_alt3,1283,26
1281_alt3,G,K,G,G,G,K,S,D,K,D,C,D,C,1281_alt3,1281,26
1269_alt4,G,K,G,G,G,K,S,D,K,D,C,D,C,1269_alt4,1269,26
1234_alt5,G,K,G,G,G,K,S,D,K,D,C,D,C,1234_alt5,1234,26
1236_alt4,G,K,G,G,G,K,S,D,K,D,C,D,C,1236_alt4,1236,26
1291_alt3,G,K,G,G,G,K,S,D,K,D,C,D,C,1291_alt3,1291,26
1303_alt5,G,K,G,G,G,K,S,D,K,D,C,D,C,1303_alt5,1303,26
1301_alt5,G,K,G,G,G,K,S,D,K,D,C,D,C,1301_alt5,1301,26
1299_map,G,K,G,G,G,K,S,D,K,D,C,D,C,1299_map,1299,26
1296_map,G,K,G,G,G,K,S,D,K,D,C,D,C,1296_map,1296,26
1305_alt3,G,K,G,G,G,K,S,D,K,D,C,D,C,1305_alt3,1305,26
1308_alt3,G,K,G,G,G,K,S,D,K,D,C,D,C,1308_alt3,1308,26
1318_alt2,G,K,G,G,G,K,S,D,K,D,C,D,C,1318_alt2,1318,26
1320_map,G,K,G,G,G,K,S,D,K,D,C,D,C,1320_map,1320,26
1324_alt5,G,K,G,G,G,K,S,D,K,D,C,D,C,1324_alt5,1324,26
1325_altall,G,K,G,G,G,K,S,D,K,D,C,D,C,1325_altall,1325,26
1319_alt3,G,K,G,G,G,K,S,D,K,D,C,D,C,1319_alt3,1319,26
1310_alt2,G,K,G,G,G,K,S,D,K,D,C,D,C,1310_alt2,1310,26
1314_alt3,G,K,G,G,G,K,S,D,K,D,C,D,C,1314_alt3,1314,26
1316_alt2,G,K,G,G,G,K,S,D,K,D,C,D,C,1316_alt2,1316,26
1309_alt2,G,K,G,G,G,K,S,D,K,D,C,D,C,1309_alt2,1309,26
1333_alt4,G,K,G,G,G,K,S,D,K,D,C,D,C,1333_alt4,1333,26
1335_altall,G,K,G,G,G,K,S,D,K,D,C,D,C,1335_altall,1335,26
1330_alt2,G,K,G,G,G,K,S,D,K,D,C,D,C,1330_alt2,1330,26
1294_altall,G,K,G,G,G,K,S,D,K,D,C,D,C,1294_altall,1294,26
1337_map,G,K,G,G,G,K,S,D,K,D,C,D,C,1337_map,1337,26
1288_altall,G,K,G,G,G,K,S,D,K,D,C,D,C,1288_altall,1288,26
1287_alt2,G,K,G,G,G,K,S,D,K,D,C,D,C,1287_alt2,1287,26
1339_altall,G,K,G,G,G,K,S,D,K,D,C,D,C,1339_altall,1339,26
1343_altall,G,K,G,G,G,K,S,D,K,D,C,D,C,1343_altall,1343,26
1340_alt2,G,K,G,G,G,K,S,D,K,D,C,D,C,1340_alt2,1340,26
1208_altall,G,K,G,G,G,K,S,D,K,D,C,D,C,1208_altall,1208,26
1347_alt2,G,K,G,G,G,K,S,D,K,D,C,D,C,1347_alt2,1347,26
1351_alt2,G,K,G,G,G,K,S,D,K,D,C,D,C,1351_alt2,1351,26
1346_altall,G,K,G,G,G,K,S,D,K,D,C,D,C,1346_altall,1346,26
1447_alt5,G,K,G,G,G,K,S,D,K,D,C,D,C,1447_alt5,1447,26
1452_map,G,K,G,G,G,K,S,D,K,D,C,D,C,1452_map,1452,26
1449_alt5,G,K,G,G,G,K,S,D,K,D,C,D,C,1449_alt5,1449,26
1446_map,G,K,G,G,G,K,S,D,K,D,C,D,C,1446_map,1446,26
1356_alt3,G,K,G,G,G,K,S,D,K,D,C,D,C,1356_alt3,1356,26
1444_alt4,G,K,G,G,G,K,S,D,K,D,C,D,C,1444_alt4,1444,26
1442_alt5,G,K,G,G,G,K,S,D,K,D,C,D,C,1442_alt5,1442,26
1359_alt5,G,K,G,G,G,K,S,D,K,D,C,D,C,1359_alt5,1359,26
1367_alt3,G,K,G,G,G,K,S,D,K,D,C,D,C,1367_alt3,1367,26
1371_altall,G,K,G,G,G,K,S,D,K,D,C,D,C,1371_altall,1371,26
1365_alt3,G,K,G,G,G,K,S,D,K,D,C,D,C,1365_alt3,1365,26
1382_alt3,G,K,G,G,G,K,S,D,K,D,C,D,C,1382_alt3,1382,26
1402_alt3,G,K,G,G,G,K,S,D,K,D,C,D,C,1402_alt3,1402,26
1401_alt3,G,K,G,G,G,K,S,D,K,D,C,D,C,1401_alt3,1401,26
1388_alt2,G,K,G,G,G,K,S,D,K,D,C,D,C,1388_alt2,1388,26
1391_alt2,G,K,G,G,G,K,S,D,K,D,C,D,C,1391_alt2,1391,26
1395_altall,G,K,G,G,G,K,S,D,K,D,C,D,C,1395_altall,1395,26
1397_altall,G,K,G,G,G,K,S,D,K,D,C,D,C,1397_altall,1397,26
1400_alt5,G,K,G,G,G,K,S,D,K,D,C,D,C,1400_alt5,1400,26
1392_altall,G,K,G,G,G,K,S,D,K,D,C,D,C,1392_altall,1392,26
1387_alt3,G,K,G,G,G,K,S,D,K,D,C,D,C,1387_alt3,1387,26
1383_altall,G,K,G,G,G,K,S,D,K,D,C,D,C,1383_altall,1383,26
1381_map,G,K,G,G,G,K,S,D,K,D,C,D,C,1381_map,1381,26
1376_altall,G,K,G,G,G,K,S,D,K,D,C,D,C,1376_altall,1376,26
1374_alt3,G,K,G,G,G,K,S,D,K,D,C,D,C,1374_alt3,1374,26
1374_alt4,G,K,G,G,G,K,S,D,K,D,C,D,C,1374_alt4,1374,26
1362_alt3,G,K,G,G,G,K,S,D,K,D,C,D,C,1362_alt3,1362,26
1360_alt3,G,K,G,G,G,K,S,D,K,D,C,D,C,1360_alt3,1360,26
1408_map,G,K,G,G,G,K,S,D,K,D,C,D,C,1408_map,1408,26
1414_alt3,G,K,G,G,G,K,S,D,K,D,C,D,C,1414_alt3,1414,26
1428_alt4,G,K,G,G,G,K,S,D,K,D,C,D,C,1428_alt4,1428,26
1426_alt2,G,K,G,G,G,K,S,D,K,D,C,D,C,1426_alt2,1426,26
1418_alt5,G,K,G,G,G,K,S,D,K,D,C,D,C,1418_alt5,1418,26
1423_alt2,G,K,G,G,G,K,S,D,K,D,C,D,C,1423_alt2,1423,26
1422_alt4,G,K,G,G,G,K,S,D,K,D,C,D,C,1422_alt4,1422,26
1416_alt5,G,K,G,G,G,K,S,D,K,D,C,D,C,1416_alt5,1416,26
1413_alt2,G,K,G,G,G,K,S,D,K,D,C,D,C,1413_alt2,1413,26
1410_map,G,K,G,G,G,K,S,D,K,D,C,D,C,1410_map,1410,26
1409_altall,G,K,G,G,G,K,S,D,K,D,C,D,C,1409_altall,1409,26
1435_altall,G,K,G,G,G,K,S,D,K,D,C,D,C,1435_altall,1435,26
1438_map,G,K,G,G,G,K,S,D,K,D,C,D,C,1438_map,1438,26
1433_alt4,G,K,G,G,G,K,S,D,K,D,C,D,C,1433_alt4,1433,26
1431_altall,G,K,G,G,G,K,S,D,K,D,C,D,C,1431_altall,1431,26
1355_alt2,G,K,G,G,G,K,S,D,K,D,C,D,C,1355_alt2,1355,26
1494_map,G,K,G,G,G,K,S,D,K,D,C,D,C,1494_map,1494,26
1493_alt5,G,K,G,G,G,K,S,D,K,D,C,D,C,1493_alt5,1493,26
1491_alt5,G,K,G,G,G,K,S,D,K,D,C,D,C,1491_alt5,1491,26
1496_alt4,G,K,G,G,G,K,S,D,K,D,C,D,C,1496_alt4,1496,26
1509_map,G,K,G,G,G,K,S,D,K,D,C,D,C,1509_map,1509,26
1505_altall,G,K,G,G,G,K,S,D,K,D,C,D,C,1505_altall,1505,26
1510_map,G,K,G,G,G,K,S,D,K,D,C,D,C,1510_map,1510,26
1502_alt2,G,K,G,G,G,K,S,D,K,D,C,D,C,1502_alt2,1502,26
1498_altall,G,K,G,G,G,K,S,D,K,D,C,D,C,1498_altall,1498,26
1499_alt5,G,K,G,G,G,K,S,D,K,D,C,D,C,1499_alt5,1499,26
1511_map,G,K,G,G,G,K,S,D,K,D,C,D,C,1511_map,1511,26
1524_alt4,G,K,G,G,G,K,S,D,K,D,C,D,C,1524_alt4,1524,26
1521_alt2,G,K,G,G,G,K,S,D,K,D,C,D,C,1521_alt2,1521,26
1518_map,G,K,G,G,G,K,S,D,K,D,C,D,C,1518_map,1518,26
1513_altall,G,K,G,G,G,K,S,D,K,D,C,D,C,1513_altall,1513,26
1514_alt4,G,K,G,G,G,K,S,D,K,D,C,D,C,1514_alt4,1514,26
1456_alt5,G,K,G,G,G,K,S,D,K,D,C,D,C,1456_alt5,1456,26
1457_alt3,G,K,G,G,G,K,S,D,K,D,C,D,C,1457_alt3,1457,26
1484_alt2,G,K,G,G,G,K,S,D,K,D,C,D,C,1484_alt2,1484,26
1461_alt4,G,K,G,G,G,K,S,D,K,D,C,D,C,1461_alt4,1461,26
1473_altall,G,K,G,G,G,K,S,D,K,D,C,D,C,1473_altall,1473,26
1465_alt5,G,K,G,G,G,K,S,D,K,D,C,D,C,1465_alt5,1465,26
1469_alt2,G,K,G,G,G,K,S,D,K,D,C,D,C,1469_alt2,1469,26
1466_alt2,G,K,G,G,G,K,S,D,K,D,C,D,C,1466_alt2,1466,26
1464_map,G,K,G,G,G,K,S,D,K,D,C,D,C,1464_map,1464,26
1475_map,G,K,G,G,G,K,S,D,K,D,C,D,C,1475_map,1475,26
1478_alt2,G,K,G,G,G,K,S,D,K,D,C,D,C,1478_alt2,1478,26
1480_altall,G,K,G,G,G,K,S,D,K,D,C,D,C,1480_altall,1480,26
1462_alt4,G,K,G,G,G,K,S,D,K,D,C,D,C,1462_alt4,1462,26
1454_alt3,G,K,G,G,G,K,S,D,K,D,C,D,C,1454_alt3,1454,26
821_alt5,G,K,G,G,G,K,S,D,K,D,C,D,C,821_alt5,821,26
816_altall,G,K,G,G,G,K,S,D,K,D,C,D,C,816_altall,816,26
817_alt5,G,K,G,G,G,K,S,D,K,D,C,D,C,817_alt5,817,26
814_alt4,G,K,G,G,G,K,S,D,K,D,C,D,C,814_alt4,814,26
811_altall,G,K,G,G,G,K,S,D,K,D,C,D,C,811_altall,811,26
809_map,G,K,G,G,G,K,S,D,K,D,C,D,C,809_map,809,26
788_altall,G,K,G,G,G,K,S,D,K,D,C,D,C,788_altall,788,26
791_alt3,G,K,G,G,G,K,S,D,K,D,C,D,C,791_alt3,791,26
786_alt2,G,K,G,G,G,K,S,D,K,D,C,D,C,786_alt2,786,26
783_alt2,G,K,G,G,G,K,S,D,K,D,C,D,C,783_alt2,783,26
775_alt4,G,K,G,G,G,K,S,D,K,D,C,D,C,775_alt4,775,26
777_map,G,K,G,G,G,K,S,D,K,D,C,D,C,777_map,777,26
780_alt3,G,K,G,G,G,K,S,D,K,D,C,D,C,780_alt3,780,26
772_alt3,G,K,G,G,G,K,S,D,K,D,C,D,C,772_alt3,772,26
781_alt2,G,K,G,G,G,K,S,D,K,D,C,D,C,781_alt2,781,26
1538_altall,G,K,G,G,G,K,S,D,K,D,C,D,C,1538_altall,1538,26
794_alt3,G,K,G,G,G,K,S,D,K,D,C,D,C,794_alt3,794,26
798_alt4,G,K,G,G,G,K,S,D,K,D,C,D,C,798_alt4,798,26
800_alt5,G,K,G,G,G,K,S,D,K,D,C,D,C,800_alt5,800,26
796_alt2,G,K,G,G,G,K,S,D,K,D,C,D,C,796_alt2,796,26
805_map,G,K,G,G,G,K,S,D,K,D,C,D,C,805_map,805,26
804_altall,G,K,G,G,G,K,S,D,K,D,C,D,C,804_altall,804,26
820_map,G,K,G,G,G,K,S,D,K,D,C,D,C,820_map,820,26
1528_alt4,G,K,G,G,G,K,S,D,K,D,C,D,C,1528_alt4,1528,26
1532_map,G,K,G,G,G,K,S,D,K,D,C,D,C,1532_map,1532,26
1530_alt3,G,K,G,G,G,K,S,D,K,D,C,D,C,1530_alt3,1530,26
1535_altall,G,K,G,G,G,K,S,D,K,D,C,D,C,1535_altall,1535,26
1536_alt5,G,K,G,G,G,K,S,D,K,D,C,D,C,1536_alt5,1536,26
Anf_Sporomusa_termitida,G,K,G,G,G,K,S,D,K,D,C,D,C,Anf_Sporomusa_termitida,Anf_Sporomusa,26
Vnf_Lucifera_butyrica,G,K,G,G,G,K,S,D,K,D,C,D,C,Vnf_Lucifera_butyrica,Vnf_Lucifera,26
Nif_Methanobacterium_paludis,G,K,G,G,G,K,S,D,K,D,C,D,C,Nif_Methanobacterium_paludis,Nif_Methanobacterium,26
Nif_Thermodesulforhabdus_norvegica,G,K,G,G,G,K,S,D,K,D,C,D,C,Nif_Thermodesulforhabdus_norvegica,Nif_Thermodesulforhabdus,26
Nif_Sporobacter_termitidis,G,K,G,G,G,K,S,D,K,D,C,D,C,Nif_Sporobacter_termitidis,Nif_Sporobacter,26
Nif_Megasphaera_cerevisiae,G,K,G,G,G,K,S,D,K,D,C,D,C,Nif_Megasphaera_cerevisiae,Nif_Megasphaera,26
Nif_Sporomusa_termitida,G,K,G,G,G,K,S,D,K,D,C,D,C,Nif_Sporomusa_termitida,Nif_Sporomusa,26
Nif_Peptococcaceae_bacterium_BICA1-7,G,K,G,G,G,K,S,D,K,D,C,D,C,Nif_Peptococcaceae_bacterium_BICA1-7,Nif_Peptococcaceae_bacterium,26
Nif_Orenia_metallireducens,G,K,G,G,G,K,S,D,K,D,C,D,C,Nif_Orenia_metallireducens,Nif_Orenia,26
Nif_Bacteroides_luti,G,K,G,G,G,K,S,D,K,D,C,D,C,Nif_Bacteroides_luti,Nif_Bacteroides,26
Nif_Desulfobacterium_autotrophicum,G,K,G,G,G,K,S,D,K,D,C,D,C,Nif_Desulfobacterium_autotrophicum,Nif_Desulfobacterium,26
Nif_Prosthecochloris_sp_GSB1,G,K,G,G,G,K,S,D,K,D,C,D,C,Nif_Prosthecochloris_sp_GSB1,Nif_Prosthecochloris_sp,26
Nif_Desulfoluna_spongiiphila,G,K,G,G,G,K,S,D,K,D,C,D,C,Nif_Desulfoluna_spongiiphila,Nif_Desulfoluna,26
Nif_Candidatus_Electronema_sp_GS,G,K,G,G,G,K,S,D,K,D,C,D,C,Nif_Candidatus_Electronema_sp_GS,Nif_Candidatus_Electronema_sp,26
Nif_Geminisphaera_colitermitum,G,K,G,G,G,K,S,D,K,D,C,D,C,Nif_Geminisphaera_colitermitum,Nif_Geminisphaera,26
Nif_Dehalogenimonas_sp_WBC-2,G,K,G,G,G,K,S,D,K,D,C,D,C,Nif_Dehalogenimonas_sp_WBC-2,Nif_Dehalogenimonas_sp,26
Nif_Peptococcaceae_bacterium_SCADC1_2_3,G,K,G,G,G,K,S,D,K,D,C,D,C,Nif_Peptococcaceae_bacterium_SCADC1_2_3,Nif_Peptococcaceae_bacterium_SCADC1_2,26
Nif_Afifella_pfennigii,G,K,G,G,G,K,S,D,K,D,C,D,C,Nif_Afifella_pfennigii,Nif_Afifella,26
Nif_Roseospirillum_parvum,G,K,G,G,G,K,S,D,K,D,C,D,C,Nif_Roseospirillum_parvum,Nif_Roseospirillum,26
Nif_Rhodoblastus_acidophilus,G,K,G,G,G,K,S,D,K,D,C,D,C,Nif_Rhodoblastus_acidophilus,Nif_Rhodoblastus,26
Nif_Propionivibrio_dicarboxylicus,G,K,G,G,G,K,S,D,K,D,C,D,C,Nif_Propionivibrio_dicarboxylicus,Nif_Propionivibrio,26
Nif_Alteromonadaceae_bacterium_Bs31,G,K,G,G,G,K,S,D,K,D,C,D,C,Nif_Alteromonadaceae_bacterium_Bs31,Nif_Alteromonadaceae_bacterium,26
Nif_Rhodocyclaceae_bacterium,G,K,G,G,G,K,S,D,K,D,C,D,C,Nif_Rhodocyclaceae_bacterium,Nif_Rhodocyclaceae,26
Nif_Methyloprofundus_sedimenti,G,K,G,G,G,K,S,D,K,D,C,D,C,Nif_Methyloprofundus_sedimenti,Nif_Methyloprofundus,26
Nif_Pelobacter_acetylenicus,G,K,G,G,G,K,S,D,K,D,C,D,C,Nif_Pelobacter_acetylenicus,Nif_Pelobacter,26
Nif_Chrysiogenes_arsenatis,G,K,G,G,G,K,S,D,K,D,C,D,C,Nif_Chrysiogenes_arsenatis,Nif_Chrysiogenes,26
Nif_Lyngbya_sp_PCC_8106,G,K,G,G,G,K,S,D,K,D,C,D,C,Nif_Lyngbya_sp_PCC_8106,Nif_Lyngbya_sp_PCC,26
Nif_Candidatus_Viridilinea_mediisalina,G,K,G,G,G,K,S,D,K,D,C,D,C,Nif_Candidatus_Viridilinea_mediisalina,Nif_Candidatus_Viridilinea,26
1214_altall,G,K,G,G,G,K,S,D,K,D,C,D,C,1214_altall,1214,26
1216_alt4,G,K,G,G,G,K,S,D,K,D,C,D,C,1216_alt4,1216,26
1218_alt5,G,K,G,G,G,K,S,D,K,D,C,D,C,1218_alt5,1218,26
1210_map,G,K,G,G,G,K,S,D,K,D,C,D,C,1210_map,1210,26
1221_map,G,K,G,G,G,K,S,D,K,D,C,D,C,1221_map,1221,26
1219_altall,G,K,G,G,G,K,S,D,K,D,C,D,C,1219_altall,1219,26
1226_map,G,K,G,G,G,K,S,D,K,D,C,D,C,1226_map,1226,26
1229_alt4,G,K,G,G,G,K,S,D,K,D,C,D,C,1229_alt4,1229,26
1224_altall,G,K,G,G,G,K,S,D,K,D,C,D,C,1224_altall,1224,26
1244_alt4,G,K,G,G,G,K,S,D,K,D,C,D,C,1244_alt4,1244,26
1243_alt5,G,K,G,G,G,K,S,D,K,D,C,D,C,1243_alt5,1243,26
1241_alt2,G,K,G,G,G,K,S,D,K,D,C,D,C,1241_alt2,1241,26
1246_map,G,K,G,G,G,K,S,D,K,D,C,D,C,1246_map,1246,26
1248_altall,G,K,G,G,G,K,S,D,K,D,C,D,C,1248_altall,1248,26
1263_alt3,G,K,G,G,G,K,S,D,K,D,C,D,C,1263_alt3,1263,26
1261_altall,G,K,G,G,G,K,S,D,K,D,C,D,C,1261_altall,1261,26
1260_alt4,G,K,G,G,G,K,S,D,K,D,C,D,C,1260_alt4,1260,26
1257_map,G,K,G,G,G,K,S,D,K,D,C,D,C,1257_map,1257,26
1254_alt4,G,K,G,G,G,K,S,D,K,D,C,D,C,1254_alt4,1254,26
1253_alt5,G,K,G,G,G,K,S,D,K,D,C,D,C,1253_alt5,1253,26
1265_map,G,K,G,G,G,K,S,D,K,D,C,D,C,1265_map,1265,26
1266_alt4,G,K,G,G,G,K,S,D,K,D,C,D,C,1266_alt4,1266,26
1270_altall,G,K,G,G,G,K,S,D,K,D,C,D,C,1270_altall,1270,26
1278_alt5,G,K,G,G,G,K,S,D,K,D,C,D,C,1278_alt5,1278,26
1277_alt2,G,K,G,G,G,K,S,D,K,D,C,D,C,1277_alt2,1277,26
1274_alt2,G,K,G,G,G,K,S,D,K,D,C,D,C,1274_alt2,1274,26
1271_alt2,G,K,G,G,G,K,S,D,K,D,C,D,C,1271_alt2,1271,26
1283_alt2,G,K,G,G,G,K,S,D,K,D,C,D,C,1283_alt2,1283,26
1281_alt2,G,K,G,G,G,K,S,D,K,D,C,D,C,1281_alt2,1281,26
1269_alt3,G,K,G,G,G,K,S,D,K,D,C,D,C,1269_alt3,1269,26
1234_alt4,G,K,G,G,G,K,S,D,K,D,C,D,C,1234_alt4,1234,26
1235_alt5,G,K,G,G,G,K,S,D,K,D,C,D,C,1235_alt5,1235,26
1291_alt2,G,K,G,G,G,K,S,D,K,D,C,D,C,1291_alt2,1291,26
1303_alt4,G,K,G,G,G,K,S,D,K,D,C,D,C,1303_alt4,1303,26
1301_alt4,G,K,G,G,G,K,S,D,K,D,C,D,C,1301_alt4,1301,26
1299_alt2,G,K,G,G,G,K,S,D,K,D,C,D,C,1299_alt2,1299,26
1296_alt5,G,K,G,G,G,K,S,D,K,D,C,D,C,1296_alt5,1296,26
1305_alt5,G,K,G,G,G,K,S,D,K,D,C,D,C,1305_alt5,1305,26
1317_map,G,K,G,G,G,K,S,D,K,D,C,D,C,1317_map,1317,26
1318_alt4,G,K,G,G,G,K,S,D,K,D,C,D,C,1318_alt4,1318,26
1320_alt4,G,K,G,G,G,K,S,D,K,D,C,D,C,1320_alt4,1320,26
1324_alt4,G,K,G,G,G,K,S,D,K,D,C,D,C,1324_alt4,1324,26
1327_alt2,G,K,G,G,G,K,S,D,K,D,C,D,C,1327_alt2,1327,26
1318_map,G,K,G,G,G,K,S,D,K,D,C,D,C,1318_map,1318,26
1310_alt5,G,K,G,G,G,K,S,D,K,D,C,D,C,1310_alt5,1310,26
1314_alt4,G,K,G,G,G,K,S,D,K,D,C,D,C,1314_alt4,1314,26
1316_alt3,G,K,G,G,G,K,S,D,K,D,C,D,C,1316_alt3,1316,26
1330_altall,G,K,G,G,G,K,S,D,K,D,C,D,C,1330_altall,1330,26
1334_altall,G,K,G,G,G,K,S,D,K,D,C,D,C,1334_altall,1334,26
1335_alt4,G,K,G,G,G,K,S,D,K,D,C,D,C,1335_alt4,1335,26
1308_map,G,K,G,G,G,K,S,D,K,D,C,D,C,1308_map,1308,26
1293_map,G,K,G,G,G,K,S,D,K,D,C,D,C,1293_map,1293,26
1337_alt5,G,K,G,G,G,K,S,D,K,D,C,D,C,1337_alt5,1337,26
1288_alt4,G,K,G,G,G,K,S,D,K,D,C,D,C,1288_alt4,1288,26
1287_alt5,G,K,G,G,G,K,S,D,K,D,C,D,C,1287_alt5,1287,26
1340_map,G,K,G,G,G,K,S,D,K,D,C,D,C,1340_map,1340,26
1343_alt3,G,K,G,G,G,K,S,D,K,D,C,D,C,1343_alt3,1343,26
1340_alt4,G,K,G,G,G,K,S,D,K,D,C,D,C,1340_alt4,1340,26
1208_alt4,G,K,G,G,G,K,S,D,K,D,C,D,C,1208_alt4,1208,26
1347_altall,G,K,G,G,G,K,S,D,K,D,C,D,C,1347_altall,1347,26
1351_alt4,G,K,G,G,G,K,S,D,K,D,C,D,C,1351_alt4,1351,26
1346_alt5,G,K,G,G,G,K,S,D,K,D,C,D,C,1346_alt5,1346,26
1451_alt4,G,K,G,G,G,K,S,D,K,D,C,D,C,1451_alt4,1451,26
1451_altall,G,K,G,G,G,K,S,D,K,D,C,D,C,1451_altall,1451,26
1450_alt4,G,K,G,G,G,K,S,D,K,D,C,D,C,1450_alt4,1450,26
1446_alt2,G,K,G,G,G,K,S,D,K,D,C,D,C,1446_alt2,1446,26
1440_alt5,G,K,G,G,G,K,S,D,K,D,C,D,C,1440_alt5,1440,26
1444_altall,G,K,G,G,G,K,S,D,K,D,C,D,C,1444_altall,1444,26
1442_alt3,G,K,G,G,G,K,S,D,K,D,C,D,C,1442_alt3,1442,26
1363_alt5,G,K,G,G,G,K,S,D,K,D,C,D,C,1363_alt5,1363,26
1367_alt5,G,K,G,G,G,K,S,D,K,D,C,D,C,1367_alt5,1367,26
1371_alt3,G,K,G,G,G,K,S,D,K,D,C,D,C,1371_alt3,1371,26
1365_alt2,G,K,G,G,G,K,S,D,K,D,C,D,C,1365_alt2,1365,26
1401_map,G,K,G,G,G,K,S,D,K,D,C,D,C,1401_map,1401,26
1401_altall,G,K,G,G,G,K,S,D,K,D,C,D,C,1401_altall,1401,26
1401_alt4,G,K,G,G,G,K,S,D,K,D,C,D,C,1401_alt4,1401,26
1388_alt3,G,K,G,G,G,K,S,D,K,D,C,D,C,1388_alt3,1388,26
1391_alt4,G,K,G,G,G,K,S,D,K,D,C,D,C,1391_alt4,1391,26
1395_alt5,G,K,G,G,G,K,S,D,K,D,C,D,C,1395_alt5,1395,26
1397_alt5,G,K,G,G,G,K,S,D,K,D,C,D,C,1397_alt5,1397,26
1400_alt2,G,K,G,G,G,K,S,D,K,D,C,D,C,1400_alt2,1400,26
1390_map,G,K,G,G,G,K,S,D,K,D,C,D,C,1390_map,1390,26
1387_altall,G,K,G,G,G,K,S,D,K,D,C,D,C,1387_altall,1387,26
1383_alt5,G,K,G,G,G,K,S,D,K,D,C,D,C,1383_alt5,1383,26
1381_alt5,G,K,G,G,G,K,S,D,K,D,C,D,C,1381_alt5,1381,26
1376_alt3,G,K,G,G,G,K,S,D,K,D,C,D,C,1376_alt3,1376,26
1374_altall,G,K,G,G,G,K,S,D,K,D,C,D,C,1374_altall,1374,26
1373_altall,G,K,G,G,G,K,S,D,K,D,C,D,C,1373_altall,1373,26
1362_alt4,G,K,G,G,G,K,S,D,K,D,C,D,C,1362_alt4,1362,26
1358_alt2,G,K,G,G,G,K,S,D,K,D,C,D,C,1358_alt2,1358,26
1408_alt2,G,K,G,G,G,K,S,D,K,D,C,D,C,1408_alt2,1408,26
1414_alt4,G,K,G,G,G,K,S,D,K,D,C,D,C,1414_alt4,1414,26
1428_alt3,G,K,G,G,G,K,S,D,K,D,C,D,C,1428_alt3,1428,26
1426_alt5,G,K,G,G,G,K,S,D,K,D,C,D,C,1426_alt5,1426,26
1418_map,G,K,G,G,G,K,S,D,K,D,C,D,C,1418_map,1418,26
1423_map,G,K,G,G,G,K,S,D,K,D,C,D,C,1423_map,1423,26
1421_alt2,G,K,G,G,G,K,S,D,K,D,C,D,C,1421_alt2,1421,26
1416_alt3,G,K,G,G,G,K,S,D,K,D,C,D,C,1416_alt3,1416,26
1413_alt4,G,K,G,G,G,K,S,D,K,D,C,D,C,1413_alt4,1413,26
1410_alt4,G,K,G,G,G,K,S,D,K,D,C,D,C,1410_alt4,1410,26
1357_alt4,G,K,G,G,G,K,S,D,K,D,C,D,C,1357_alt4,1357,26
1435_alt2,G,K,G,G,G,K,S,D,K,D,C,D,C,1435_alt2,1435,26
1438_alt3,G,K,G,G,G,K,S,D,K,D,C,D,C,1438_alt3,1438,26
1433_alt5,G,K,G,G,G,K,S,D,K,D,C,D,C,1433_alt5,1433,26
1431_alt5,G,K,G,G,G,K,S,D,K,D,C,D,C,1431_alt5,1431,26
1487_alt5,G,K,G,G,G,K,S,D,K,D,C,D,C,1487_alt5,1487,26
1488_map,G,K,G,G,G,K,S,D,K,D,C,D,C,1488_map,1488,26
1493_alt4,G,K,G,G,G,K,S,D,K,D,C,D,C,1493_alt4,1493,26
1491_alt4,G,K,G,G,G,K,S,D,K,D,C,D,C,1491_alt4,1491,26
1496_alt5,G,K,G,G,G,K,S,D,K,D,C,D,C,1496_alt5,1496,26
1509_alt2,G,K,G,G,G,K,S,D,K,D,C,D,C,1509_alt2,1509,26
1505_alt3,G,K,G,G,G,K,S,D,K,D,C,D,C,1505_alt3,1505,26
1510_alt3,G,K,G,G,G,K,S,D,K,D,C,D,C,1510_alt3,1510,26
1502_alt4,G,K,G,G,G,K,S,D,K,D,C,D,C,1502_alt4,1502,26
1497_alt4,G,K,G,G,G,K,S,D,K,D,C,D,C,1497_alt4,1497,26
1500_alt4,G,K,G,G,G,K,S,D,K,D,C,D,C,1500_alt4,1500,26
1511_alt3,G,K,G,G,G,K,S,D,K,D,C,D,C,1511_alt3,1511,26
1524_alt3,G,K,G,G,G,K,S,D,K,D,C,D,C,1524_alt3,1524,26
1521_alt5,G,K,G,G,G,K,S,D,K,D,C,D,C,1521_alt5,1521,26
1518_alt2,G,K,G,G,G,K,S,D,K,D,C,D,C,1518_alt2,1518,26
1514_altall,G,K,G,G,G,K,S,D,K,D,C,D,C,1514_altall,1514,26
1514_alt5,G,K,G,G,G,K,S,D,K,D,C,D,C,1514_alt5,1514,26
1456_alt2,G,K,G,G,G,K,S,D,K,D,C,D,C,1456_alt2,1456,26
1457_alt5,G,K,G,G,G,K,S,D,K,D,C,D,C,1457_alt5,1457,26
1484_alt5,G,K,G,G,G,K,S,D,K,D,C,D,C,1484_alt5,1484,26
1462_alt3,G,K,G,G,G,K,S,D,K,D,C,D,C,1462_alt3,1462,26
1473_alt4,G,K,G,G,G,K,S,D,K,D,C,D,C,1473_alt4,1473,26
1465_alt2,G,K,G,G,G,K,S,D,K,D,C,D,C,1465_alt2,1465,26
1469_alt5,G,K,G,G,G,K,S,D,K,D,C,D,C,1469_alt5,1469,26
1467_alt2,G,K,G,G,G,K,S,D,K,D,C,D,C,1467_alt2,1467,26
1464_alt2,G,K,G,G,G,K,S,D,K,D,C,D,C,1464_alt2,1464,26
1475_alt5,G,K,G,G,G,K,S,D,K,D,C,D,C,1475_alt5,1475,26
1478_alt5,G,K,G,G,G,K,S,D,K,D,C,D,C,1478_alt5,1478,26
1480_alt3,G,K,G,G,G,K,S,D,K,D,C,D,C,1480_alt3,1480,26
1461_map,G,K,G,G,G,K,S,D,K,D,C,D,C,1461_map,1461,26
1485_altall,G,K,G,G,G,K,S,D,K,D,C,D,C,1485_altall,1485,26
821_alt2,G,K,G,G,G,K,S,D,K,D,C,D,C,821_alt2,821,26
817_altall,G,K,G,G,G,K,S,D,K,D,C,D,C,817_altall,817,26
817_map,G,K,G,G,G,K,S,D,K,D,C,D,C,817_map,817,26
814_alt3,G,K,G,G,G,K,S,D,K,D,C,D,C,814_alt3,814,26
811_alt2,G,K,G,G,G,K,S,D,K,D,C,D,C,811_alt2,811,26
809_alt3,G,K,G,G,G,K,S,D,K,D,C,D,C,809_alt3,809,26
788_alt4,G,K,G,G,G,K,S,D,K,D,C,D,C,788_alt4,788,26
791_map,G,K,G,G,G,K,S,D,K,D,C,D,C,791_map,791,26
786_alt3,G,K,G,G,G,K,S,D,K,D,C,D,C,786_alt3,786,26
781_alt4,G,K,G,G,G,K,S,D,K,D,C,D,C,781_alt4,781,26
775_alt2,G,K,G,G,G,K,S,D,K,D,C,D,C,775_alt2,775,26
777_alt5,G,K,G,G,G,K,S,D,K,D,C,D,C,777_alt5,777,26
780_alt2,G,K,G,G,G,K,S,D,K,D,C,D,C,780_alt2,780,26
772_alt4,G,K,G,G,G,K,S,D,K,D,C,D,C,772_alt4,772,26
781_alt5,G,K,G,G,G,K,S,D,K,D,C,D,C,781_alt5,781,26
1538_alt3,G,K,G,G,G,K,S,D,K,D,C,D,C,1538_alt3,1538,26
795_alt2,G,K,G,G,G,K,S,D,K,D,C,D,C,795_alt2,795,26
798_alt5,G,K,G,G,G,K,S,D,K,D,C,D,C,798_alt5,798,26
798_map,G,K,G,G,G,K,S,D,K,D,C,D,C,798_map,798,26
794_alt5,G,K,G,G,G,K,S,D,K,D,C,D,C,794_alt5,794,26
805_altall,G,K,G,G,G,K,S,D,K,D,C,D,C,805_altall,805,26
807_altall,G,K,G,G,G,K,S,D,K,D,C,D,C,807_altall,807,26
1525_map,G,K,G,G,G,K,S,D,K,D,C,D,C,1525_map,1525,26
1528_altall,G,K,G,G,G,K,S,D,K,D,C,D,C,1528_altall,1528,26
1532_alt5,G,K,G,G,G,K,S,D,K,D,C,D,C,1532_alt5,1532,26
1530_altall,G,K,G,G,G,K,S,D,K,D,C,D,C,1530_altall,1530,26
1535_alt3,G,K,G,G,G,K,S,D,K,D,C,D,C,1535_alt3,1535,26
1536_map,G,K,G,G,G,K,S,D,K,D,C,D,C,1536_map,1536,26
Anf_Pectinatus_cerevisiiphilus,G,K,G,G,G,K,S,D,K,D,C,D,C,Anf_Pectinatus_cerevisiiphilus,Anf_Pectinatus,26
Vnf_Ruminiclostridium_hungatei,G,K,G,G,G,K,S,D,K,D,C,D,C,Vnf_Ruminiclostridium_hungatei,Vnf_Ruminiclostridium,26
Nif_Methanobrevibacter_curvatus,G,K,G,G,G,K,S,D,K,D,C,D,C,Nif_Methanobrevibacter_curvatus,Nif_Methanobrevibacter,26
Nif_Acetobacterium_woodii,G,K,G,G,G,K,S,D,K,D,C,D,C,Nif_Acetobacterium_woodii,Nif_Acetobacterium,26
Nif_Desulfovibrio_desulfuricans,G,K,G,G,G,K,S,D,K,D,C,D,C,Nif_Desulfovibrio_desulfuricans,Nif_Desulfovibrio,26
Nif_Anaerotignum_neopropionicum,G,K,G,G,G,K,S,D,K,D,C,D,C,Nif_Anaerotignum_neopropionicum,Nif_Anaerotignum,26
Nif_Methanoregula_boonei,G,K,G,G,G,K,S,D,K,D,C,D,C,Nif_Methanoregula_boonei,Nif_Methanoregula,26
Nif_Peptococcaceae_bacterium_BRH_c4a,G,K,G,G,G,K,S,D,K,D,C,D,C,Nif_Peptococcaceae_bacterium_BRH_c4a,Nif_Peptococcaceae_bacterium_BRH,26
Nif_Carboxydocella_sp_ULO1,G,K,G,G,G,K,S,D,K,D,C,D,C,Nif_Carboxydocella_sp_ULO1,Nif_Carboxydocella_sp,26
Nif_Paludibacter_propionicigenes,G,K,G,G,G,K,S,D,K,D,C,D,C,Nif_Paludibacter_propionicigenes,Nif_Paludibacter,26
Nif_Syntrophobacter_fumaroxidans,G,K,G,G,G,K,S,D,K,D,C,D,C,Nif_Syntrophobacter_fumaroxidans,Nif_Syntrophobacter,26
Nif_Desulfocurvibacter_africanus,G,K,G,G,G,K,S,D,K,D,C,D,C,Nif_Desulfocurvibacter_africanus,Nif_Desulfocurvibacter,26
Nif_Desulforegula_conservatrix,G,K,G,G,G,K,S,D,K,D,C,D,C,Nif_Desulforegula_conservatrix,Nif_Desulforegula,26
Nif_Desulfobulbaceae_bacterium_A2,G,K,G,G,G,K,S,D,K,D,C,D,C,Nif_Desulfobulbaceae_bacterium_A2,Nif_Desulfobulbaceae_bacterium,26
Nif_Opitutaceae_bacterium_EW11,G,K,G,G,G,K,S,D,K,D,C,D,C,Nif_Opitutaceae_bacterium_EW11,Nif_Opitutaceae_bacterium,26
Nif_Planctomycetes_bacterium,G,K,G,G,G,K,S,D,K,D,C,D,C,Nif_Planctomycetes_bacterium,Nif_Planctomycetes,26
Nif_Methanocaldococcus_infernus,G,K,G,G,G,K,S,D,K,D,C,D,C,Nif_Methanocaldococcus_infernus,Nif_Methanocaldococcus,26
Nif_Blastochloris_sp_GI,G,K,G,G,G,K,S,D,K,D,C,D,C,Nif_Blastochloris_sp_GI,Nif_Blastochloris_sp,26
Nif_Acidiferrobacter_sp_SPIII_3,G,K,G,G,G,K,S,D,K,D,C,D,C,Nif_Acidiferrobacter_sp_SPIII_3,Nif_Acidiferrobacter_sp_SPIII,26
Vnf_Rhodoblastus_acidophilus,G,K,G,G,G,K,S,D,K,D,C,D,C,Vnf_Rhodoblastus_acidophilus,Vnf_Rhodoblastus,26
Nif_Beggiatoa_alba,G,K,G,G,G,K,S,D,K,D,C,D,C,Nif_Beggiatoa_alba,Nif_Beggiatoa,26
Nif_Alteromonadales_bacterium_BS08,G,K,G,G,G,K,S,D,K,D,C,D,C,Nif_Alteromonadales_bacterium_BS08,Nif_Alteromonadales_bacterium,26
Nif_Cohaesibacter_haloalkalitolerans,G,K,G,G,G,K,S,D,K,D,C,D,C,Nif_Cohaesibacter_haloalkalitolerans,Nif_Cohaesibacter,26
Nif_Ectothiorhodospira_haloalkaliphila,G,K,G,G,G,K,S,D,K,D,C,D,C,Nif_Ectothiorhodospira_haloalkaliphila,Nif_Ectothiorhodospira,26
Nif_bacterium_BMS3Bbin07,G,K,G,G,G,K,S,D,K,D,C,D,C,Nif_bacterium_BMS3Bbin07,Nif_bacterium,26
Nif_Geovibrio_sp_L21-Ace-BES,G,K,G,G,G,K,S,D,K,D,C,D,C,Nif_Geovibrio_sp_L21-Ace-BES,Nif_Geovibrio_sp,26
Nif_Anaerobacillus_alkalidiazotrophicus,G,K,G,G,G,K,S,D,K,D,C,D,C,Nif_Anaerobacillus_alkalidiazotrophicus,Nif_Anaerobacillus,26
Nif_Chloroflexales_bacterium_ZM16-3,G,K,G,G,G,K,S,D,K,D,C,D,C,Nif_Chloroflexales_bacterium_ZM16-3,Nif_Chloroflexales_bacterium,26
1214_alt5,G,K,G,G,G,K,S,D,K,D,C,D,C,1214_alt5,1214,26
1216_alt5,G,K,G,G,G,K,S,D,K,D,C,D,C,1216_alt5,1216,26
1218_map,G,K,G,G,G,K,S,D,K,D,C,D,C,1218_map,1218,26
1210_alt5,G,K,G,G,G,K,S,D,K,D,C,D,C,1210_alt5,1210,26
1221_alt2,G,K,G,G,G,K,S,D,K,D,C,D,C,1221_alt2,1221,26
1209_alt3,G,K,G,G,G,K,S,D,K,D,C,D,C,1209_alt3,1209,26
1226_alt4,G,K,G,G,G,K,S,D,K,D,C,D,C,1226_alt4,1226,26
1229_alt3,G,K,G,G,G,K,S,D,K,D,C,D,C,1229_alt3,1229,26
1231_alt5,G,K,G,G,G,K,S,D,K,D,C,D,C,1231_alt5,1231,26
1244_alt5,G,K,G,G,G,K,S,D,K,D,C,D,C,1244_alt5,1244,26
1240_alt5,G,K,G,G,G,K,S,D,K,D,C,D,C,1240_alt5,1240,26
1241_alt4,G,K,G,G,G,K,S,D,K,D,C,D,C,1241_alt4,1241,26
1246_alt2,G,K,G,G,G,K,S,D,K,D,C,D,C,1246_alt2,1246,26
1248_alt2,G,K,G,G,G,K,S,D,K,D,C,D,C,1248_alt2,1248,26
1263_alt4,G,K,G,G,G,K,S,D,K,D,C,D,C,1263_alt4,1263,26
1262_altall,G,K,G,G,G,K,S,D,K,D,C,D,C,1262_altall,1262,26
1260_alt5,G,K,G,G,G,K,S,D,K,D,C,D,C,1260_alt5,1260,26
1257_alt2,G,K,G,G,G,K,S,D,K,D,C,D,C,1257_alt2,1257,26
1254_map,G,K,G,G,G,K,S,D,K,D,C,D,C,1254_map,1254,26
1253_map,G,K,G,G,G,K,S,D,K,D,C,D,C,1253_map,1253,26
1265_alt4,G,K,G,G,G,K,S,D,K,D,C,D,C,1265_alt4,1265,26
1266_alt2,G,K,G,G,G,K,S,D,K,D,C,D,C,1266_alt2,1266,26
1270_alt4,G,K,G,G,G,K,S,D,K,D,C,D,C,1270_alt4,1270,26
1278_alt4,G,K,G,G,G,K,S,D,K,D,C,D,C,1278_alt4,1278,26
1277_map,G,K,G,G,G,K,S,D,K,D,C,D,C,1277_map,1277,26
1274_alt4,G,K,G,G,G,K,S,D,K,D,C,D,C,1274_alt4,1274,26
1271_alt5,G,K,G,G,G,K,S,D,K,D,C,D,C,1271_alt5,1271,26
1283_map,G,K,G,G,G,K,S,D,K,D,C,D,C,1283_map,1283,26
1281_altall,G,K,G,G,G,K,S,D,K,D,C,D,C,1281_altall,1281,26
1269_map,G,K,G,G,G,K,S,D,K,D,C,D,C,1269_map,1269,26
1233_alt2,G,K,G,G,G,K,S,D,K,D,C,D,C,1233_alt2,1233,26
1235_alt3,G,K,G,G,G,K,S,D,K,D,C,D,C,1235_alt3,1235,26
1291_map,G,K,G,G,G,K,S,D,K,D,C,D,C,1291_map,1291,26
1295_altall,G,K,G,G,G,K,S,D,K,D,C,D,C,1295_altall,1295,26
1301_map,G,K,G,G,G,K,S,D,K,D,C,D,C,1301_map,1301,26
1299_alt3,G,K,G,G,G,K,S,D,K,D,C,D,C,1299_alt3,1299,26
1296_altall,G,K,G,G,G,K,S,D,K,D,C,D,C,1296_altall,1296,26
1305_alt4,G,K,G,G,G,K,S,D,K,D,C,D,C,1305_alt4,1305,26
1328_map,G,K,G,G,G,K,S,D,K,D,C,D,C,1328_map,1328,26
1318_altall,G,K,G,G,G,K,S,D,K,D,C,D,C,1318_altall,1318,26
1322_map,G,K,G,G,G,K,S,D,K,D,C,D,C,1322_map,1322,26
1323_map,G,K,G,G,G,K,S,D,K,D,C,D,C,1323_map,1323,26
1327_alt5,G,K,G,G,G,K,S,D,K,D,C,D,C,1327_alt5,1327,26
1318_alt5,G,K,G,G,G,K,S,D,K,D,C,D,C,1318_alt5,1318,26
1311_alt4,G,K,G,G,G,K,S,D,K,D,C,D,C,1311_alt4,1311,26
1314_alt5,G,K,G,G,G,K,S,D,K,D,C,D,C,1314_alt5,1314,26
1316_map,G,K,G,G,G,K,S,D,K,D,C,D,C,1316_map,1316,26
1331_altall,G,K,G,G,G,K,S,D,K,D,C,D,C,1331_altall,1331,26
1334_alt3,G,K,G,G,G,K,S,D,K,D,C,D,C,1334_alt3,1334,26
1335_alt2,G,K,G,G,G,K,S,D,K,D,C,D,C,1335_alt2,1335,26
1308_altall,G,K,G,G,G,K,S,D,K,D,C,D,C,1308_altall,1308,26
1293_alt5,G,K,G,G,G,K,S,D,K,D,C,D,C,1293_alt5,1293,26
1337_alt2,G,K,G,G,G,K,S,D,K,D,C,D,C,1337_alt2,1337,26
1288_alt3,G,K,G,G,G,K,S,D,K,D,C,D,C,1288_alt3,1288,26
1287_alt3,G,K,G,G,G,K,S,D,K,D,C,D,C,1287_alt3,1287,26
1340_alt5,G,K,G,G,G,K,S,D,K,D,C,D,C,1340_alt5,1340,26
1343_alt5,G,K,G,G,G,K,S,D,K,D,C,D,C,1343_alt5,1343,26
1340_altall,G,K,G,G,G,K,S,D,K,D,C,D,C,1340_altall,1340,26
1208_map,G,K,G,G,G,K,S,D,K,D,C,D,C,1208_map,1208,26
1347_alt5,G,K,G,G,G,K,S,D,K,D,C,D,C,1347_alt5,1347,26
1351_map,G,K,G,G,G,K,S,D,K,D,C,D,C,1351_map,1351,26
1346_map,G,K,G,G,G,K,S,D,K,D,C,D,C,1346_map,1346,26
1451_alt3,G,K,G,G,G,K,S,D,K,D,C,D,C,1451_alt3,1451,26
1452_altall,G,K,G,G,G,K,S,D,K,D,C,D,C,1452_altall,1452,26
1450_alt2,G,K,G,G,G,K,S,D,K,D,C,D,C,1450_alt2,1450,26
1446_alt4,G,K,G,G,G,K,S,D,K,D,C,D,C,1446_alt4,1446,26
1441_altall,G,K,G,G,G,K,S,D,K,D,C,D,C,1441_altall,1441,26
1445_altall,G,K,G,G,G,K,S,D,K,D,C,D,C,1445_altall,1445,26
1442_alt2,G,K,G,G,G,K,S,D,K,D,C,D,C,1442_alt2,1442,26
1363_alt4,G,K,G,G,G,K,S,D,K,D,C,D,C,1363_alt4,1363,26
1368_alt4,G,K,G,G,G,K,S,D,K,D,C,D,C,1368_alt4,1368,26
1371_map,G,K,G,G,G,K,S,D,K,D,C,D,C,1371_map,1371,26
1365_alt5,G,K,G,G,G,K,S,D,K,D,C,D,C,1365_alt5,1365,26
1401_alt2,G,K,G,G,G,K,S,D,K,D,C,D,C,1401_alt2,1401,26
1404_altall,G,K,G,G,G,K,S,D,K,D,C,D,C,1404_altall,1404,26
1401_alt5,G,K,G,G,G,K,S,D,K,D,C,D,C,1401_alt5,1401,26
1388_alt5,G,K,G,G,G,K,S,D,K,D,C,D,C,1388_alt5,1388,26
1391_altall,G,K,G,G,G,K,S,D,K,D,C,D,C,1391_altall,1391,26
1395_alt2,G,K,G,G,G,K,S,D,K,D,C,D,C,1395_alt2,1395,26
1397_map,G,K,G,G,G,K,S,D,K,D,C,D,C,1397_map,1397,26
1400_altall,G,K,G,G,G,K,S,D,K,D,C,D,C,1400_altall,1400,26
1390_alt5,G,K,G,G,G,K,S,D,K,D,C,D,C,1390_alt5,1390,26
1386_altall,G,K,G,G,G,K,S,D,K,D,C,D,C,1386_altall,1386,26
1382_altall,G,K,G,G,G,K,S,D,K,D,C,D,C,1382_altall,1382,26
1381_alt2,G,K,G,G,G,K,S,D,K,D,C,D,C,1381_alt2,1381,26
1376_alt4,G,K,G,G,G,K,S,D,K,D,C,D,C,1376_alt4,1376,26
1378_altall,G,K,G,G,G,K,S,D,K,D,C,D,C,1378_altall,1378,26
1373_alt2,G,K,G,G,G,K,S,D,K,D,C,D,C,1373_alt2,1373,26
1362_alt2,G,K,G,G,G,K,S,D,K,D,C,D,C,1362_alt2,1362,26
1358_alt4,G,K,G,G,G,K,S,D,K,D,C,D,C,1358_alt4,1358,26
1407_altall,G,K,G,G,G,K,S,D,K,D,C,D,C,1407_altall,1407,26
1425_map,G,K,G,G,G,K,S,D,K,D,C,D,C,1425_map,1425,26
1428_altall,G,K,G,G,G,K,S,D,K,D,C,D,C,1428_altall,1428,26
1426_map,G,K,G,G,G,K,S,D,K,D,C,D,C,1426_map,1426,26
1418_alt3,G,K,G,G,G,K,S,D,K,D,C,D,C,1418_alt3,1418,26
1423_alt4,G,K,G,G,G,K,S,D,K,D,C,D,C,1423_alt4,1423,26
1421_alt5,G,K,G,G,G,K,S,D,K,D,C,D,C,1421_alt5,1421,26
1416_alt2,G,K,G,G,G,K,S,D,K,D,C,D,C,1416_alt2,1416,26
1430_altall,G,K,G,G,G,K,S,D,K,D,C,D,C,1430_altall,1430,26
1410_alt3,G,K,G,G,G,K,S,D,K,D,C,D,C,1410_alt3,1410,26
1357_map,G,K,G,G,G,K,S,D,K,D,C,D,C,1357_map,1357,26
1435_map,G,K,G,G,G,K,S,D,K,D,C,D,C,1435_map,1435,26
1437_alt2,G,K,G,G,G,K,S,D,K,D,C,D,C,1437_alt2,1437,26
1433_alt3,G,K,G,G,G,K,S,D,K,D,C,D,C,1433_alt3,1433,26
1357_alt5,G,K,G,G,G,K,S,D,K,D,C,D,C,1357_alt5,1357,26
1488_alt2,G,K,G,G,G,K,S,D,K,D,C,D,C,1488_alt2,1488,26
1488_alt4,G,K,G,G,G,K,S,D,K,D,C,D,C,1488_alt4,1488,26
1493_map,G,K,G,G,G,K,S,D,K,D,C,D,C,1493_map,1493,26
1491_alt2,G,K,G,G,G,K,S,D,K,D,C,D,C,1491_alt2,1491,26
1496_altall,G,K,G,G,G,K,S,D,K,D,C,D,C,1496_altall,1496,26
1508_alt5,G,K,G,G,G,K,S,D,K,D,C,D,C,1508_alt5,1508,26
1506_alt2,G,K,G,G,G,K,S,D,K,D,C,D,C,1506_alt2,1506,26
1504_altall,G,K,G,G,G,K,S,D,K,D,C,D,C,1504_altall,1504,26
1502_altall,G,K,G,G,G,K,S,D,K,D,C,D,C,1502_altall,1502,26
1497_alt2,G,K,G,G,G,K,S,D,K,D,C,D,C,1497_alt2,1497,26
1500_alt5,G,K,G,G,G,K,S,D,K,D,C,D,C,1500_alt5,1500,26
1518_alt4,G,K,G,G,G,K,S,D,K,D,C,D,C,1518_alt4,1518,26
1524_map,G,K,G,G,G,K,S,D,K,D,C,D,C,1524_map,1524,26
1521_map,G,K,G,G,G,K,S,D,K,D,C,D,C,1521_map,1521,26
1511_altall,G,K,G,G,G,K,S,D,K,D,C,D,C,1511_altall,1511,26
1515_altall,G,K,G,G,G,K,S,D,K,D,C,D,C,1515_altall,1515,26
1514_alt2,G,K,G,G,G,K,S,D,K,D,C,D,C,1514_alt2,1514,26
1456_alt4,G,K,G,G,G,K,S,D,K,D,C,D,C,1456_alt4,1456,26
1457_map,G,K,G,G,G,K,S,D,K,D,C,D,C,1457_map,1457,26
1484_altall,G,K,G,G,G,K,S,D,K,D,C,D,C,1484_altall,1484,26
1462_alt5,G,K,G,G,G,K,S,D,K,D,C,D,C,1462_alt5,1462,26
1473_alt5,G,K,G,G,G,K,S,D,K,D,C,D,C,1473_alt5,1473,26
1470_altall,G,K,G,G,G,K,S,D,K,D,C,D,C,1470_altall,1470,26
1469_map,G,K,G,G,G,K,S,D,K,D,C,D,C,1469_map,1469,26
1467_alt4,G,K,G,G,G,K,S,D,K,D,C,D,C,1467_alt4,1467,26
1463_alt5,G,K,G,G,G,K,S,D,K,D,C,D,C,1463_alt5,1463,26
1476_altall,G,K,G,G,G,K,S,D,K,D,C,D,C,1476_altall,1476,26
1479_alt3,G,K,G,G,G,K,S,D,K,D,C,D,C,1479_alt3,1479,26
1480_alt2,G,K,G,G,G,K,S,D,K,D,C,D,C,1480_alt2,1480,26
1461_alt3,G,K,G,G,G,K,S,D,K,D,C,D,C,1461_alt3,1461,26
1485_alt2,G,K,G,G,G,K,S,D,K,D,C,D,C,1485_alt2,1485,26
821_map,G,K,G,G,G,K,S,D,K,D,C,D,C,821_map,821,26
819_altall,G,K,G,G,G,K,S,D,K,D,C,D,C,819_altall,819,26
817_alt4,G,K,G,G,G,K,S,D,K,D,C,D,C,817_alt4,817,26
814_map,G,K,G,G,G,K,S,D,K,D,C,D,C,814_map,814,26
812_altall,G,K,G,G,G,K,S,D,K,D,C,D,C,812_altall,812,26
808_alt5,G,K,G,G,G,K,S,D,K,D,C,D,C,808_alt5,808,26
788_alt3,G,K,G,G,G,K,S,D,K,D,C,D,C,788_alt3,788,26
791_alt2,G,K,G,G,G,K,S,D,K,D,C,D,C,791_alt2,791,26
786_altall,G,K,G,G,G,K,S,D,K,D,C,D,C,786_altall,786,26
782_alt4,G,K,G,G,G,K,S,D,K,D,C,D,C,782_alt4,782,26
775_alt5,G,K,G,G,G,K,S,D,K,D,C,D,C,775_alt5,775,26
777_alt2,G,K,G,G,G,K,S,D,K,D,C,D,C,777_alt2,777,26
780_alt5,G,K,G,G,G,K,S,D,K,D,C,D,C,780_alt5,780,26
772_alt5,G,K,G,G,G,K,S,D,K,D,C,D,C,772_alt5,772,26
781_altall,G,K,G,G,G,K,S,D,K,D,C,D,C,781_altall,781,26
1538_alt4,G,K,G,G,G,K,S,D,K,D,C,D,C,1538_alt4,1538,26
795_map,G,K,G,G,G,K,S,D,K,D,C,D,C,795_map,795,26
798_alt2,G,K,G,G,G,K,S,D,K,D,C,D,C,798_alt2,798,26
798_alt3,G,K,G,G,G,K,S,D,K,D,C,D,C,798_alt3,798,26
794_altall,G,K,G,G,G,K,S,D,K,D,C,D,C,794_altall,794,26
806_altall,G,K,G,G,G,K,S,D,K,D,C,D,C,806_altall,806,26
807_alt3,G,K,G,G,G,K,S,D,K,D,C,D,C,807_alt3,807,26
1525_alt2,G,K,G,G,G,K,S,D,K,D,C,D,C,1525_alt2,1525,26
1528_alt2,G,K,G,G,G,K,S,D,K,D,C,D,C,1528_alt2,1528,26
1532_alt2,G,K,G,G,G,K,S,D,K,D,C,D,C,1532_alt2,1532,26
1530_alt4,G,K,G,G,G,K,S,D,K,D,C,D,C,1530_alt4,1530,26
1535_alt5,G,K,G,G,G,K,S,D,K,D,C,D,C,1535_alt5,1535,26
1536_alt2,G,K,G,G,G,K,S,D,K,D,C,D,C,1536_alt2,1536,26
Anf_Azotobacter_vinelandii,G,K,G,G,G,K,S,D,K,D,C,D,C,Anf_Azotobacter_vinelandii,Anf_Azotobacter,26
Vnf_Methylomusa_anaerophila,G,K,G,G,G,K,S,D,K,D,C,D,C,Vnf_Methylomusa_anaerophila,Vnf_Methylomusa,26
Anf_Dysgonomonas_capnocytophagoides,G,K,G,G,G,K,S,D,K,D,C,D,C,Anf_Dysgonomonas_capnocytophagoides,Anf_Dysgonomonas,26
Nif_Alkalibacter_saccharofermentans,G,K,G,G,G,K,S,D,K,D,C,D,C,Nif_Alkalibacter_saccharofermentans,Nif_Alkalibacter,26
Nif_Pectinatus_cerevisiiphilus,G,K,G,G,G,K,S,D,K,D,C,D,C,Nif_Pectinatus_cerevisiiphilus,Nif_Pectinatus,26
Nif_Clostridium_algidixylanolyticum,G,K,G,G,G,K,S,D,K,D,C,D,C,Nif_Clostridium_algidixylanolyticum,Nif_Clostridium,26
Nif_Methanosphaerula_palustris,G,K,G,G,G,K,S,D,K,D,C,D,C,Nif_Methanosphaerula_palustris,Nif_Methanosphaerula,26
Nif_Methanospirillum_lacunae,G,K,G,G,G,K,S,D,K,D,C,D,C,Nif_Methanospirillum_lacunae,Nif_Methanospirillum,26
Nif_Thermoanaerobacterium_thermosaccharolyticum,G,K,G,G,G,K,S,D,K,D,C,D,C,Nif_Thermoanaerobacterium_thermosaccharolyticum,Nif_Thermoanaerobacterium,26
Nif_Cytophaga_xylanolytica,G,K,G,G,G,K,S,D,K,D,C,D,C,Nif_Cytophaga_xylanolytica,Nif_Cytophaga,26
Nif_Desulfobacca_acetoxidans,G,K,G,G,G,K,S,D,K,D,C,D,C,Nif_Desulfobacca_acetoxidans,Nif_Desulfobacca,26
Nif_Desulfonatronum_lacustre,G,K,G,G,G,K,S,D,K,D,C,D,C,Nif_Desulfonatronum_lacustre,Nif_Desulfonatronum,26
Nif_Candidatus_Dadabacteria_bacterium,G,K,G,G,G,K,S,D,K,D,C,D,C,Nif_Candidatus_Dadabacteria_bacterium,Nif_Candidatus_Dadabacteria,26
Nif_Desulfobulbaceae_bacterium,G,K,G,G,G,K,S,D,K,D,C,D,C,Nif_Desulfobulbaceae_bacterium,Nif_Desulfobulbaceae,26
Nif_Verrucomicrobia_bacterium_Tous-C9LFEB,G,K,G,G,G,K,S,D,K,D,C,D,C,Nif_Verrucomicrobia_bacterium_Tous-C9LFEB,Nif_Verrucomicrobia_bacterium,26
Nif_Kiritimatiellales_bacterium,G,K,G,G,G,K,S,D,K,D,C,D,C,Nif_Kiritimatiellales_bacterium,Nif_Kiritimatiellales,26
Nif_Methanotorris_igneus,G,K,G,G,G,K,S,D,K,D,C,D,C,Nif_Methanotorris_igneus,Nif_Methanotorris,26
Vnf_Rhodopseudomonas_palustris,G,K,G,G,G,K,S,D,K,D,C,D,C,Vnf_Rhodopseudomonas_palustris,Vnf_Rhodopseudomonas,26
Nif_Herbaspirillum_frisingense,G,K,G,G,G,K,S,D,K,D,C,D,C,Nif_Herbaspirillum_frisingense,Nif_Herbaspirillum,26
Nif_Acidithiobacillus_ferridurans,G,K,G,G,G,K,S,D,K,D,C,D,C,Nif_Acidithiobacillus_ferridurans,Nif_Acidithiobacillus,26
Nif_Azotobacter_vinelandii,G,K,G,G,G,K,S,D,K,D,C,D,C,Nif_Azotobacter_vinelandii,Nif_Azotobacter,26
Nif_Haliea_sp_SAOS-164,G,K,G,G,G,K,S,D,K,D,C,D,C,Nif_Haliea_sp_SAOS-164,Nif_Haliea_sp,26
Nif_Marinobacter_sp_ES-1,G,K,G,G,G,K,S,D,K,D,C,D,C,Nif_Marinobacter_sp_ES-1,Nif_Marinobacter_sp,26
Nif_Thioploca_ingrica,G,K,G,G,G,K,S,D,K,D,C,D,C,Nif_Thioploca_ingrica,Nif_Thioploca,26
Nif_Nitrospirae_bacterium,G,K,G,G,G,K,S,D,K,D,C,D,C,Nif_Nitrospirae_bacterium,Nif_Nitrospirae,26
Nif_Seleniivibrio_woodruffii,G,K,G,G,G,K,S,D,K,D,C,D,C,Nif_Seleniivibrio_woodruffii,Nif_Seleniivibrio,26
Nif_Aneurinibacillus_terranovensis,G,K,G,G,G,K,S,D,K,D,C,D,C,Nif_Aneurinibacillus_terranovensis,Nif_Aneurinibacillus,26
Nif_Oscillochloris_trichoides,G,K,G,G,G,K,S,D,K,D,C,D,C,Nif_Oscillochloris_trichoides,Nif_Oscillochloris,26
