IQ-TREE multicore version 2.1.4-beta COVID-edition for Linux 64-bit built Jun 24 2021
Developed by Bui Quang Minh, James Barbetti, Nguyen Lam Tung,
Olga Chernomor, Heiko Schmidt, Dominik Schrempf, Michael Woodhams.

Host:    hpc-93-11.cm.cluster (AVX512, FMA3, 187 GB RAM)
Command: iqtree -s ../diazoDB-comparison/tree-comparison/nifD_clustered_0.75_allDB_outgroup.trim -pre ../diazoDB-comparison/tree-comparison/nifD_clustered_0.75_allDB_outgroup -safe -m MFP -msub nuclear -T AUTO -ntmax 8 -B 1000 -alrt 1000
Seed:    607543 (Using SPRNG - Scalable Parallel Random Number Generator)
Time:    Fri Oct  2 18:10:39 2026
Kernel:  Safe AVX+FMA - auto-detect threads (8 CPU cores detected)

Reading alignment file ../diazoDB-comparison/tree-comparison/nifD_clustered_0.75_allDB_outgroup.trim ... Fasta format detected
Alignment most likely contains protein sequences
Alignment has 1047 sequences with 541 columns, 541 distinct patterns
541 parsimony-informative, 0 singleton sites, 0 constant sites
WARNING: Some sequence names are changed as follows:
NFixPlanet_db_r1.0_GCA_000;GCA_000020985.1;289376.SAMN02603929.GCA_000020985_01688 -> NFixPlanet_db_r1.0_GCA_000_GCA_000020985.1_289376.SAMN02603929.GCA_000020985_01688
NFixPlanet_db_r1.0_GCA_000;GCA_000392375.2;1121342.SAMN02471386.GCA_000392375_01230 -> NFixPlanet_db_r1.0_GCA_000_GCA_000392375.2_1121342.SAMN02471386.GCA_000392375_01230
NFixPlanet_db_r1.0_GCA_000;GCA_000963695.1;1632867.SAMN03435121.GCA_000963695_03933 -> NFixPlanet_db_r1.0_GCA_000_GCA_000963695.1_1632867.SAMN03435121.GCA_000963695_03933
NFixPlanet_db_r1.0_GCA_002;GCA_002400455.1;1951622.SAMN06456929.GCA_002400455_02323 -> NFixPlanet_db_r1.0_GCA_002_GCA_002400455.1_1951622.SAMN06456929.GCA_002400455_02323
NFixPlanet_db_r1.0_GCA_002;GCA_002869045.1;29544.SAMN07982677.GCA_002869045_01985 -> NFixPlanet_db_r1.0_GCA_002_GCA_002869045.1_29544.SAMN07982677.GCA_002869045_01985
NFixPlanet_db_r1.0_GCA_003;GCA_003163315.1;2052186.SAMN08180215.GCA_003163315_02935 -> NFixPlanet_db_r1.0_GCA_003_GCA_003163315.1_2052186.SAMN08180215.GCA_003163315_02935
NFixPlanet_db_r1.0_GCA_009;GCA_009773555.1;2052174.SAMN11533018.GCA_009773555_02774 -> NFixPlanet_db_r1.0_GCA_009_GCA_009773555.1_2052174.SAMN11533018.GCA_009773555_02774
NFixPlanet_db_r1.0_GCA_011;GCA_011048515.1;2026809.SAMN09639149.GCA_011048515_01254 -> NFixPlanet_db_r1.0_GCA_011_GCA_011048515.1_2026809.SAMN09639149.GCA_011048515_01254
NFixPlanet_db_r1.0_GCA_902;GCA_902375905.1;1776378.SAMEA5851038.GCA_902375905_02937 -> NFixPlanet_db_r1.0_GCA_902_GCA_902375905.1_1776378.SAMEA5851038.GCA_902375905_02937
NFixPlanet_db_r1.0_153;SAMN16964677;k141_559684_2 -> NFixPlanet_db_r1.0_153_SAMN16964677_k141_559684_2
NFixPlanet_db_r1.0_153;SAMN17014041;k141_291855_6 -> NFixPlanet_db_r1.0_153_SAMN17014041_k141_291855_6
NFixPlanet_db_r1.0_243;SAMN07631231;k141_99027_16 -> NFixPlanet_db_r1.0_243_SAMN07631231_k141_99027_16
NFixPlanet_db_r1.0_255;SAMN08779031;k141_130356_214 -> NFixPlanet_db_r1.0_255_SAMN08779031_k141_130356_214
NFixPlanet_db_r1.0_263;SAMN08777267;k141_249057_25 -> NFixPlanet_db_r1.0_263_SAMN08777267_k141_249057_25
NFixPlanet_db_r1.0_263;SAMN08778866;k141_1750946_14 -> NFixPlanet_db_r1.0_263_SAMN08778866_k141_1750946_14
NFixPlanet_db_r1.0_263;SAMN08778866;k141_1954536_8 -> NFixPlanet_db_r1.0_263_SAMN08778866_k141_1954536_8
NFixPlanet_db_r1.0_263;SAMN10863997;k141_1094376_6 -> NFixPlanet_db_r1.0_263_SAMN10863997_k141_1094376_6
NFixPlanet_db_r1.0_278;SAMN06268946;k141_1026281_2 -> NFixPlanet_db_r1.0_278_SAMN06268946_k141_1026281_2
NFixPlanet_db_r1.0_278;SAMN06268946;k141_521896_3 -> NFixPlanet_db_r1.0_278_SAMN06268946_k141_521896_3
NFixPlanet_db_r1.0_281;SAMN08777130;k141_48382_3 -> NFixPlanet_db_r1.0_281_SAMN08777130_k141_48382_3
NFixPlanet_db_r1.0_309;SAMN11532137;k141_1155490_5 -> NFixPlanet_db_r1.0_309_SAMN11532137_k141_1155490_5
NFixPlanet_db_r1.0_309;SAMN11532137;k141_2001035_4 -> NFixPlanet_db_r1.0_309_SAMN11532137_k141_2001035_4
NFixPlanet_db_r1.0_318;SAMN09200421;k141_503210_8 -> NFixPlanet_db_r1.0_318_SAMN09200421_k141_503210_8
NFixPlanet_db_r1.0_32;SAMN04505221;k141_56084_10 -> NFixPlanet_db_r1.0_32_SAMN04505221_k141_56084_10
NFixPlanet_db_r1.0_378;SAMN17215539;k141_2398_14 -> NFixPlanet_db_r1.0_378_SAMN17215539_k141_2398_14
NFixPlanet_db_r1.0_571;SAMN08769310;k141_1555435_33 -> NFixPlanet_db_r1.0_571_SAMN08769310_k141_1555435_33
NFixPlanet_db_r1.0_641;SAMEA2622901;k119_1021553_9 -> NFixPlanet_db_r1.0_641_SAMEA2622901_k119_1021553_9
NFixPlanet_db_r1.0_648;SAMN06267524;k141_4344205_20 -> NFixPlanet_db_r1.0_648_SAMN06267524_k141_4344205_20
NFixPlanet_db_r1.0_64;N04-300m-8Ar;k141_318635_7 -> NFixPlanet_db_r1.0_64_N04-300m-8Ar_k141_318635_7
NFixPlanet_db_r1.0_708;SAMN07125062;k141_1246213_6 -> NFixPlanet_db_r1.0_708_SAMN07125062_k141_1246213_6
NFixPlanet_db_r1.0_85;SAMEA5243710;k141_224634_3 -> NFixPlanet_db_r1.0_85_SAMEA5243710_k141_224634_3
NFixPlanet_db_r1.0_263;SAMN10864384;k141_1491736_24 -> NFixPlanet_db_r1.0_263_SAMN10864384_k141_1491736_24
NFixPlanet_db_r1.0_378;SAMN17278939;k141_72405_30 -> NFixPlanet_db_r1.0_378_SAMN17278939_k141_72405_30
NFixPlanet_db_r1.0_473;SAMN04362374;k119_52311_4 -> NFixPlanet_db_r1.0_473_SAMN04362374_k119_52311_4
NFixPlanet_db_r1.0_281;SAMN08779181;k141_789164_6 -> NFixPlanet_db_r1.0_281_SAMN08779181_k141_789164_6
NFixPlanet_db_r1.0_GCA_001;GCA_001017755.1;1562887.SAMN03121018.GCA_001017755_04049 -> NFixPlanet_db_r1.0_GCA_001_GCA_001017755.1_1562887.SAMN03121018.GCA_001017755_04049
NFixPlanet_db_r1.0_GCA_012;GCA_012840695.1;1926873.SAMN13894257.GCA_012840695_01077 -> NFixPlanet_db_r1.0_GCA_012_GCA_012840695.1_1926873.SAMN13894257.GCA_012840695_01077
NFixPlanet_db_r1.0_GCA_015;GCA_015295905.1;2774347.SAMN15062743.GCA_015295905_02192 -> NFixPlanet_db_r1.0_GCA_015_GCA_015295905.1_2774347.SAMN15062743.GCA_015295905_02192
NFixPlanet_db_r1.0_GCA_015;GCA_015476055.1;244366.SAMN16539243.GCA_015476055_04824 -> NFixPlanet_db_r1.0_GCA_015_GCA_015476055.1_244366.SAMN16539243.GCA_015476055_04824
NFixPlanet_db_r1.0_GCA_903;GCA_903832665.1;183760.SAMEA6947177.GCA_903832665_02785 -> NFixPlanet_db_r1.0_GCA_903_GCA_903832665.1_183760.SAMEA6947177.GCA_903832665_02785
NFixPlanet_db_r1.0_153;SAMN16976117;k141_116627_14 -> NFixPlanet_db_r1.0_153_SAMN16976117_k141_116627_14
NFixPlanet_db_r1.0_192;SAMEA4527630;k141_900036_6 -> NFixPlanet_db_r1.0_192_SAMEA4527630_k141_900036_6
NFixPlanet_db_r1.0_247;SAMN06267506;k141_168_4 -> NFixPlanet_db_r1.0_247_SAMN06267506_k141_168_4
NFixPlanet_db_r1.0_247;SAMN07631655;k141_389_3 -> NFixPlanet_db_r1.0_247_SAMN07631655_k141_389_3
NFixPlanet_db_r1.0_263;SAMN10863960;k141_3387572_41 -> NFixPlanet_db_r1.0_263_SAMN10863960_k141_3387572_41
NFixPlanet_db_r1.0_263;SAMN10864237;k141_744183_3 -> NFixPlanet_db_r1.0_263_SAMN10864237_k141_744183_3
NFixPlanet_db_r1.0_263;SAMN10864237;k141_784518_114 -> NFixPlanet_db_r1.0_263_SAMN10864237_k141_784518_114
NFixPlanet_db_r1.0_281;SAMN07631770;k141_1238202_4 -> NFixPlanet_db_r1.0_281_SAMN07631770_k141_1238202_4
NFixPlanet_db_r1.0_309;SAMN11532137;k141_416766_132 -> NFixPlanet_db_r1.0_309_SAMN11532137_k141_416766_132
NFixPlanet_db_r1.0_309;SAMN11532580;k141_1016912_14 -> NFixPlanet_db_r1.0_309_SAMN11532580_k141_1016912_14
NFixPlanet_db_r1.0_309;SAMN12794096;k141_860654_5 -> NFixPlanet_db_r1.0_309_SAMN12794096_k141_860654_5
NFixPlanet_db_r1.0_378;SAMN17279170;k141_61573_6 -> NFixPlanet_db_r1.0_378_SAMN17279170_k141_61573_6
NFixPlanet_db_r1.0_55;SAMEA6872979;k141_739400_8 -> NFixPlanet_db_r1.0_55_SAMEA6872979_k141_739400_8
NFixPlanet_db_r1.0_630;SAMN03981634;k119_1955910_2 -> NFixPlanet_db_r1.0_630_SAMN03981634_k119_1955910_2
NFixPlanet_db_r1.0_630;SAMN03981634;k119_255352_5 -> NFixPlanet_db_r1.0_630_SAMN03981634_k119_255352_5
NFixPlanet_db_r1.0_708;SAMN07124928;k141_116840_2 -> NFixPlanet_db_r1.0_708_SAMN07124928_k141_116840_2
NFixPlanet_db_r1.0_GCA_000;GCA_000243495.3;278956.SAMN02261400.GCA_000243495_00739 -> NFixPlanet_db_r1.0_GCA_000_GCA_000243495.3_278956.SAMN02261400.GCA_000243495_00739
NFixPlanet_db_r1.0_GCA_000;GCA_000469625.2;1294142.SAMN02471872.GCA_000469625_03740 -> NFixPlanet_db_r1.0_GCA_000_GCA_000469625.2_1294142.SAMN02471872.GCA_000469625_03740
NFixPlanet_db_r1.0_GCA_000;GCA_000502415.1;1287240.SAMN02359664.GCA_000502415_06327 -> NFixPlanet_db_r1.0_GCA_000_GCA_000502415.1_1287240.SAMN02359664.GCA_000502415_06327
NFixPlanet_db_r1.0_GCA_013;GCA_013294515.1;1520.SAMN06297204.GCA_013294515_03421 -> NFixPlanet_db_r1.0_GCA_013_GCA_013294515.1_1520.SAMN06297204.GCA_013294515_03421
NFixPlanet_db_r1.0_GCA_019;GCA_019038105.1;416213.SAMN18052962.GCA_019038105_00073 -> NFixPlanet_db_r1.0_GCA_019_GCA_019038105.1_416213.SAMN18052962.GCA_019038105_00073
NFixPlanet_db_r1.0_10;SAMN07632198;k141_573333_5 -> NFixPlanet_db_r1.0_10_SAMN07632198_k141_573333_5
NFixPlanet_db_r1.0_187;SAMN02809796;k141_1453607_6 -> NFixPlanet_db_r1.0_187_SAMN02809796_k141_1453607_6
NFixPlanet_db_r1.0_239;SAMN06268884;k141_297736_94 -> NFixPlanet_db_r1.0_239_SAMN06268884_k141_297736_94
NFixPlanet_db_r1.0_253;SAMN11532513;k141_1779398_4 -> NFixPlanet_db_r1.0_253_SAMN11532513_k141_1779398_4
NFixPlanet_db_r1.0_254;SAMN06267857;k141_3187675_4 -> NFixPlanet_db_r1.0_254_SAMN06267857_k141_3187675_4
NFixPlanet_db_r1.0_263;SAMN11532863;k141_851027_14 -> NFixPlanet_db_r1.0_263_SAMN11532863_k141_851027_14
NFixPlanet_db_r1.0_280;SAMN07631024;k141_838386_8 -> NFixPlanet_db_r1.0_280_SAMN07631024_k141_838386_8
NFixPlanet_db_r1.0_301;SAMN07632058;k141_2746223_22 -> NFixPlanet_db_r1.0_301_SAMN07632058_k141_2746223_22
NFixPlanet_db_r1.0_473;SAMN04362373;k119_152654_6 -> NFixPlanet_db_r1.0_473_SAMN04362373_k119_152654_6
NFixPlanet_db_r1.0_473;SAMN04362373;k119_98978_4 -> NFixPlanet_db_r1.0_473_SAMN04362373_k119_98978_4
NFixPlanet_db_r1.0_607;SAMEA7723523;k141_98114_8 -> NFixPlanet_db_r1.0_607_SAMEA7723523_k141_98114_8
NFixPlanet_db_r1.0_630;SAMN03981644;k119_296361_2 -> NFixPlanet_db_r1.0_630_SAMN03981644_k119_296361_2
NFixPlanet_db_r1.0_630;SAMN03981661;k119_4136835_9 -> NFixPlanet_db_r1.0_630_SAMN03981661_k119_4136835_9
NFixPlanet_db_r1.0_66;SAMN24292826;k141_26871_25 -> NFixPlanet_db_r1.0_66_SAMN24292826_k141_26871_25
NFixPlanet_db_r1.0_708;SAMN07124956;k141_1009973_7 -> NFixPlanet_db_r1.0_708_SAMN07124956_k141_1009973_7
NFixPlanet_db_r1.0_711;SAMN03842453;k141_638564_15 -> NFixPlanet_db_r1.0_711_SAMN03842453_k141_638564_15
NFixPlanet_db_r1.0_711;SAMN03203005;k141_56429_7 -> NFixPlanet_db_r1.0_711_SAMN03203005_k141_56429_7
NFixPlanet_db_r1.0_GCA_002;GCA_002895035.1;1421014.SAMN02401954.GCA_002895035_01275 -> NFixPlanet_db_r1.0_GCA_002_GCA_002895035.1_1421014.SAMN02401954.GCA_002895035_01275
NFixPlanet_db_r1.0_GCA_000;GCA_000755365.1;1001886.SAMD00017305.GCA_000755365_02797 -> NFixPlanet_db_r1.0_GCA_000_GCA_000755365.1_1001886.SAMD00017305.GCA_000755365_02797
NFixPlanet_db_r1.0_GCA_000;GCA_000764495.1;1545442.SAMN03076158.GCA_000764495_04286 -> NFixPlanet_db_r1.0_GCA_000_GCA_000764495.1_1545442.SAMN03076158.GCA_000764495_04286
NFixPlanet_db_r1.0_GCA_001;GCA_001298445.1;224013.SAMN03796038.GCA_001298445_02701 -> NFixPlanet_db_r1.0_GCA_001_GCA_001298445.1_224013.SAMN03796038.GCA_001298445_02701
NFixPlanet_db_r1.0_GCA_003;GCA_003315675.1;2006183.SAMN06660699.GCA_003315675_00715 -> NFixPlanet_db_r1.0_GCA_003_GCA_003315675.1_2006183.SAMN06660699.GCA_003315675_00715
NFixPlanet_db_r1.0_GCA_011;GCA_011769965.2;1854493.SAMN11478962.GCA_011769965_01131 -> NFixPlanet_db_r1.0_GCA_011_GCA_011769965.2_1854493.SAMN11478962.GCA_011769965_01131
NFixPlanet_db_r1.0_GCA_900;GCA_900451525.1;244366.SAMEA2689771.GCA_900451525_05825 -> NFixPlanet_db_r1.0_GCA_900_GCA_900451525.1_244366.SAMEA2689771.GCA_900451525_05825
NFixPlanet_db_r1.0_GCA_900;GCA_900451945.1;1134687.SAMEA3307905.GCA_900451945_02532 -> NFixPlanet_db_r1.0_GCA_900_GCA_900451945.1_1134687.SAMEA3307905.GCA_900451945_02532
NFixPlanet_db_r1.0_GCA_900;GCA_900451945.1;1134687.SAMEA3307905.GCA_900451945_02533 -> NFixPlanet_db_r1.0_GCA_900_GCA_900451945.1_1134687.SAMEA3307905.GCA_900451945_02533
NFixPlanet_db_r1.0_GCA_905;GCA_905202935.1;59620.SAMEA7846772.GCA_905202935_02285 -> NFixPlanet_db_r1.0_GCA_905_GCA_905202935.1_59620.SAMEA7846772.GCA_905202935_02285
NFixPlanet_db_r1.0_194;SAMN04999990;k141_72877_8 -> NFixPlanet_db_r1.0_194_SAMN04999990_k141_72877_8
NFixPlanet_db_r1.0_244;SAMN10350570;k141_123189_6 -> NFixPlanet_db_r1.0_244_SAMN10350570_k141_123189_6
NFixPlanet_db_r1.0_244;SAMN10863917;k141_592173_2 -> NFixPlanet_db_r1.0_244_SAMN10863917_k141_592173_2
NFixPlanet_db_r1.0_244;SAMN10863917;k141_592173_3 -> NFixPlanet_db_r1.0_244_SAMN10863917_k141_592173_3
NFixPlanet_db_r1.0_258;SAMN08776872;k141_239_10 -> NFixPlanet_db_r1.0_258_SAMN08776872_k141_239_10
NFixPlanet_db_r1.0_263;SAMN10863978;k141_1520810_3 -> NFixPlanet_db_r1.0_263_SAMN10863978_k141_1520810_3
NFixPlanet_db_r1.0_263;SAMN10863989;k141_4008282_4 -> NFixPlanet_db_r1.0_263_SAMN10863989_k141_4008282_4
NFixPlanet_db_r1.0_263;SAMN10864000;k141_196321_16 -> NFixPlanet_db_r1.0_263_SAMN10864000_k141_196321_16
NFixPlanet_db_r1.0_263;SAMN11532280;k141_1709882_2 -> NFixPlanet_db_r1.0_263_SAMN11532280_k141_1709882_2
NFixPlanet_db_r1.0_271;SAMN09201687;k141_466033_14 -> NFixPlanet_db_r1.0_271_SAMN09201687_k141_466033_14
NFixPlanet_db_r1.0_279;SAMN07630778;k141_100485_13 -> NFixPlanet_db_r1.0_279_SAMN07630778_k141_100485_13
NFixPlanet_db_r1.0_279;SAMN07630778;k141_234807_11 -> NFixPlanet_db_r1.0_279_SAMN07630778_k141_234807_11
NFixPlanet_db_r1.0_282;SAMN08776829;k141_327575_2 -> NFixPlanet_db_r1.0_282_SAMN08776829_k141_327575_2
NFixPlanet_db_r1.0_315;SAMN07632892;k141_300456_9 -> NFixPlanet_db_r1.0_315_SAMN07632892_k141_300456_9
NFixPlanet_db_r1.0_315;SAMN07632894;k141_1796114_8 -> NFixPlanet_db_r1.0_315_SAMN07632894_k141_1796114_8
NFixPlanet_db_r1.0_316;SAMN05720157;k141_589291_24 -> NFixPlanet_db_r1.0_316_SAMN05720157_k141_589291_24
NFixPlanet_db_r1.0_378;SAMN17279145;k141_38407_4 -> NFixPlanet_db_r1.0_378_SAMN17279145_k141_38407_4
NFixPlanet_db_r1.0_404;SAMN26502342;k141_1210385_5 -> NFixPlanet_db_r1.0_404_SAMN26502342_k141_1210385_5
NFixPlanet_db_r1.0_451;SAMN18882814;k141_16025117_7 -> NFixPlanet_db_r1.0_451_SAMN18882814_k141_16025117_7
NFixPlanet_db_r1.0_630;SAMN03981678;k119_1421752_3 -> NFixPlanet_db_r1.0_630_SAMN03981678_k119_1421752_3
NFixPlanet_db_r1.0_630;SAMN03981678;k119_573289_16 -> NFixPlanet_db_r1.0_630_SAMN03981678_k119_573289_16
NFixPlanet_db_r1.0_645;SAMEA104055723;k119_668499_3 -> NFixPlanet_db_r1.0_645_SAMEA104055723_k119_668499_3
NFixPlanet_db_r1.0_6;SAMN01828240;k141_755123_4 -> NFixPlanet_db_r1.0_6_SAMN01828240_k141_755123_4
NFixPlanet_db_r1.0_6;SAMN02782223;k141_1192767_5 -> NFixPlanet_db_r1.0_6_SAMN02782223_k141_1192767_5
NFixPlanet_db_r1.0_70;SAMN03075758;k119_63942_4 -> NFixPlanet_db_r1.0_70_SAMN03075758_k119_63942_4

                                                                                     Gap/Ambiguity  Composition  p-value
   1  NFixDB_JAEYPP010000074.1_57                                                            2.77%    passed     52.04%
   2  NFixDB_CACWJY010000023.1_8                                                            20.33%    passed     80.66%
   3  NFixDB_CACYBG010000323.1_5                                                            20.52%    passed     58.54%
   4  NFixDB_CACYMP010000012.1_44                                                           20.15%    passed     99.41%
   5  NFixDB_CACYRP010000083.1_3                                                            20.33%    passed     92.42%
   6  NFixDB_CACZBM010000023.1_39                                                           20.89%    passed     41.70%
   7  NFixDB_CACZHN010000002.1_10                                                           20.52%    passed     75.53%
   8  NFixDB_CADAPI010000210.1_3                                                            52.68%    failed      0.88%
   9  NFixDB_CADCPU010000129.1_1                                                            54.16%    failed      4.52%
  10  NFixDB_NC_014410.1_1864                                                                5.55%    failed      1.06%
  11  NFixDB_NC_014484.1_347                                                                 1.85%    passed     29.35%
  12  NFixDB_NZ_GG700631.1_112                                                              15.53%    failed      0.00%
  13  NFixDB_NC_005863.1_12                                                                  2.22%    passed     68.31%
  14  NFixDB_NZ_AGFG01000060.1_114                                                           1.85%    passed     90.56%
  15  NFixDB_NZ_NTFS01000709.1_1                                                            58.04%    passed     42.22%
  16  NFixDB_NZ_AP018227.1_5359                                                             60.07%    passed     28.40%
  17  NFixDB_NZ_CP024955.1_1593                                                             14.05%    passed     33.92%
  18  NFixDB_NZ_CVTD020000010.1_204                                                         19.96%    passed     28.04%
  19  NFixDB_NZ_QAAD01000014.1_54                                                            3.51%    passed     92.31%
  20  NFixDB_NZ_CP035283.1_2362                                                             20.33%    passed     50.45%
  21  NFixDB_NZ_SMAL01000003.1_9                                                             2.59%    passed     16.69%
  22  NFixDB_NZ_PTQW01000022.1_89                                                            1.85%    passed     77.47%
  23  NFixDB_NZ_CP041247.1_3159                                                             13.12%    passed     95.14%
  24  NFixDB_NZ_CP050854.1_2259                                                             35.30%    passed     97.00%
  25  NFixDB_NZ_CP046640.1_703                                                               2.22%    passed     60.49%
  26  NFixDB_NZ_CP058649.1_3185                                                              2.59%    failed      1.93%
  27  NFixDB_NZ_JAGUQP010000058.1_3                                                         42.88%    passed     84.31%
  28  NFixDB_NZ_CP065800.1_2368                                                             19.78%    passed      9.14%
  29  NFixDB_NZ_JAMXLY010000014.1_2                                                          2.77%    passed     30.43%
  30  NFixDB_NZ_FLUY01000417.1_1                                                            64.88%    passed     81.51%
  31  NFixDB_NZ_FMAJ01000050.1_4                                                            24.77%    passed     39.38%
  32  NFixDB_NZ_FMMP01000015.1_257                                                           3.33%    passed     52.75%
  33  NFixDB_NZ_FNAV01000011.1_94                                                           70.61%    passed     14.32%
  34  NFixDB_NZ_LT630003.1_2093                                                             20.70%    passed     78.71%
  35  NFixDB_JAMXHR010000009.1_13                                                           49.72%    failed      1.23%
  36  NFixDB_NZ_BADD01000439.1_1                                                            70.43%    passed     87.98%
  37  NFixPlanet_db_r1.0_GCA_000_GCA_000020985.1_289376.SAMN02603929.GCA_000020985_01688    14.05%    passed      5.95%
  38  NFixPlanet_db_r1.0_GCA_000_GCA_000392375.2_1121342.SAMN02471386.GCA_000392375_01230   20.89%    passed     29.57%
  39  NFixPlanet_db_r1.0_GCA_000_GCA_000963695.1_1632867.SAMN03435121.GCA_000963695_03933   39.19%    passed     91.02%
  40  NFixPlanet_db_r1.0_GCA_002_GCA_002400455.1_1951622.SAMN06456929.GCA_002400455_02323   58.41%    passed     37.52%
  41  NFixPlanet_db_r1.0_GCA_002_GCA_002869045.1_29544.SAMN07982677.GCA_002869045_01985     43.62%    passed     52.39%
  42  NFixPlanet_db_r1.0_GCA_003_GCA_003163315.1_2052186.SAMN08180215.GCA_003163315_02935    7.39%    passed     79.40%
  43  NFixPlanet_db_r1.0_GCA_009_GCA_009773555.1_2052174.SAMN11533018.GCA_009773555_02774   40.85%    passed     56.85%
  44  NFixPlanet_db_r1.0_GCA_011_GCA_011048515.1_2026809.SAMN09639149.GCA_011048515_01254   12.38%    passed     82.30%
  45  NFixPlanet_db_r1.0_GCA_902_GCA_902375905.1_1776378.SAMEA5851038.GCA_902375905_02937   44.36%    passed     32.79%
  46  NFixPlanet_db_r1.0_153_SAMN16964677_k141_559684_2                                     53.05%    passed     90.69%
  47  NFixPlanet_db_r1.0_153_SAMN17014041_k141_291855_6                                     39.37%    passed     86.19%
  48  NFixPlanet_db_r1.0_243_SAMN07631231_k141_99027_16                                      2.77%    passed     84.72%
  49  NFixPlanet_db_r1.0_255_SAMN08779031_k141_130356_214                                    2.40%    passed      8.28%
  50  NFixPlanet_db_r1.0_263_SAMN08777267_k141_249057_25                                     2.77%    passed     41.45%
  51  NFixPlanet_db_r1.0_263_SAMN08778866_k141_1750946_14                                    2.03%    passed     60.47%
  52  NFixPlanet_db_r1.0_263_SAMN08778866_k141_1954536_8                                     1.66%    passed     90.63%
  53  NFixPlanet_db_r1.0_263_SAMN10863997_k141_1094376_6                                    47.50%    passed     78.16%
  54  NFixPlanet_db_r1.0_278_SAMN06268946_k141_1026281_2                                     4.44%    passed     98.33%
  55  NFixPlanet_db_r1.0_278_SAMN06268946_k141_521896_3                                      3.33%    passed     85.55%
  56  NFixPlanet_db_r1.0_281_SAMN08777130_k141_48382_3                                       2.59%    passed     93.68%
  57  NFixPlanet_db_r1.0_309_SAMN11532137_k141_1155490_5                                    33.46%    passed     72.94%
  58  NFixPlanet_db_r1.0_309_SAMN11532137_k141_2001035_4                                     2.03%    failed      0.90%
  59  NFixPlanet_db_r1.0_318_SAMN09200421_k141_503210_8                                      2.03%    passed     89.29%
  60  NFixPlanet_db_r1.0_32_SAMN04505221_k141_56084_10                                       2.40%    passed      8.28%
  61  NFixPlanet_db_r1.0_378_SAMN17215539_k141_2398_14                                       2.59%    passed     87.14%
  62  NFixPlanet_db_r1.0_571_SAMN08769310_k141_1555435_33                                   14.23%    passed     21.48%
  63  NFixPlanet_db_r1.0_641_SAMEA2622901_k119_1021553_9                                     2.40%    passed     55.88%
  64  NFixPlanet_db_r1.0_648_SAMN06267524_k141_4344205_20                                    2.03%    passed     46.78%
  65  NFixPlanet_db_r1.0_64_N04-300m-8Ar_k141_318635_7                                      13.68%    passed     13.81%
  66  NFixPlanet_db_r1.0_708_SAMN07125062_k141_1246213_6                                     1.85%    passed     13.97%
  67  NFixPlanet_db_r1.0_85_SAMEA5243710_k141_224634_3                                      25.32%    passed     14.18%
  68  NFixPlanet_db_r1.0_263_SAMN10864384_k141_1491736_24                                   34.38%    passed     56.01%
  69  NFixPlanet_db_r1.0_378_SAMN17278939_k141_72405_30                                     49.91%    passed     49.87%
  70  NFixPlanet_db_r1.0_473_SAMN04362374_k119_52311_4                                      46.77%    passed     90.29%
  71  NFixPlanet_db_r1.0_281_SAMN08779181_k141_789164_6                                     46.03%    passed     43.22%
  72  Nfl_MarD                                                                              19.78%    passed      7.13%
  73  Nfl_WP_013067944.1                                                                    28.10%    failed      0.00%
  74  Nfl_GB_GCA_000309865.1                                                                17.01%    passed     95.35%
  75  Nfl_GB_GCA_003650865.1                                                                43.25%    passed     37.03%
  76  Nfl_GB_GCA_019561555.1                                                                22.37%    failed      0.13%
  77  Nfl_GB_GCA_028679495.1                                                                40.85%    failed      3.53%
  78  Nfl_GB_GCA_034006405.1                                                                28.65%    failed      0.06%
  79  DiazoDB_DCSM01000168.1_15                                                             16.82%    passed     85.53%
  80  DiazoDB_DFBE01000048.1_8                                                              20.15%    passed     82.45%
  81  DiazoDB_DFBQ01000120.1_9                                                              21.07%    passed     48.41%
  82  DiazoDB_DFNH01000026.1_32                                                             21.07%    failed      0.00%
  83  DiazoDB_DFMR01000074.1_12                                                             31.42%    passed     73.71%
  84  DiazoDB_PKTN01000001.1_165                                                            14.05%    passed     72.20%
  85  DiazoDB_BDTY01000116.1_11                                                             16.82%    passed     31.97%
  86  DiazoDB_PLOR01000108.1_33                                                             26.43%    passed     36.19%
  87  DiazoDB_PMGP01000092.1_6                                                              32.72%    passed     69.65%
  88  DiazoDB_QIDP01000121.1_18                                                             14.42%    passed     65.57%
  89  DiazoDB_JAADEG010000047.1_20                                                          22.92%    failed      1.97%
  90  DiazoDB_JAADEG010000047.1_22                                                          16.27%    passed     69.41%
  91  DiazoDB_JACGMN010000082.1_11                                                          26.99%    passed     73.38%
  92  DiazoDB_JACQZP010000019.1_165                                                         20.33%    passed     32.67%
  93  DiazoDB_JACRDM010000046.1_10                                                           1.85%    passed     78.16%
  94  DiazoDB_JAHRFU010000088.1_6                                                           17.19%    passed     99.79%
  95  DiazoDB_JAHRFU010000088.1_8                                                           21.26%    failed      3.03%
  96  DiazoDB_JAKVOB010000001.1_644                                                         20.33%    passed      7.01%
  97  DiazoDB_JAHFCR010000035.1_22                                                          17.19%    failed      0.00%
  98  DiazoDB_JAEWGD010000040.1_36                                                          20.52%    passed     28.87%
  99  DiazoDB_JAEWCM010000105.1_5                                                           20.70%    passed     17.95%
 100  DiazoDB_JAEWCM010000105.1_7                                                           20.89%    passed      5.11%
 101  DiazoDB_JAEVZU010000051.1_12                                                          22.74%    passed     65.21%
 102  DiazoDB_JAEWMZ010000159.1_4                                                           19.78%    passed     11.57%
 103  DiazoDB_JALVYA010000080.1_13                                                          20.33%    passed     18.86%
 104  DiazoDB_JALWFG010000008.1_106                                                         20.89%    failed      1.10%
 105  DiazoDB_DAICZK010000098.1_5                                                           13.49%    passed     22.46%
 106  DiazoDB_JANQFG010000047.1_50                                                          24.95%    passed     86.04%
 107  DiazoDB_JANQNY010000031.1_140                                                         11.83%    passed     61.96%
 108  DiazoDB_JANQLN010000087.1_8                                                            2.77%    passed     41.77%
 109  DiazoDB_JANQIY010000092.1_60                                                           2.40%    passed     32.01%
 110  DiazoDB_JANQHQ010000003.1_74                                                           2.40%    passed     72.33%
 111  DiazoDB_JANQHJ010000106.1_11                                                           1.85%    passed     66.16%
 112  DiazoDB_JAQQAK010000098.1_15                                                           2.77%    passed     89.12%
 113  DiazoDB_JBAQYF010000014.1_20                                                          21.07%    passed     59.10%
 114  DiazoDB_JBELAT010000145.1_3                                                            2.03%    passed     96.05%
 115  DiazoDB_JBMYUJ010000002.1_21                                                          11.83%    passed     79.66%
 116  NSDB_1272_map                                                                         13.31%    passed     24.12%
 117  NFixDB_PLSJ01000395.1_1                                                               42.70%    passed     69.96%
 118  NFixDB_PLUC01000259.1_31                                                               1.85%    passed     91.48%
 119  NFixDB_PQXE01000038.1_20                                                               2.77%    passed     46.38%
 120  NFixDB_QIJG01000140.1_6                                                               64.14%    failed      1.71%
 121  NFixDB_QKCL01000069.1_17                                                               1.66%    passed     47.19%
 122  NFixDB_DNPO01000150.1_3                                                                2.40%    passed     99.06%
 123  NFixDB_DNTK01000530.1_5                                                               29.76%    passed     14.13%
 124  NFixDB_PUNM01000154.1_19                                                              19.59%    failed      0.03%
 125  NFixDB_PXEI01000352.1_6                                                                2.96%    passed     73.61%
 126  NFixDB_WSZT01000042.1_1                                                               40.67%    passed     96.08%
 127  NFixDB_JAADIA010000013.1_7                                                             2.40%    passed     87.89%
 128  NFixDB_QBUN01000420.1_24                                                              16.45%    passed     98.62%
 129  NFixDB_DUGO01000109.1_1                                                               55.82%    passed      5.55%
 130  NFixDB_JAAXWU010000037.1_16                                                           35.30%    passed     51.76%
 131  NFixDB_JAAXUU010000083.1_7                                                            33.27%    passed     96.77%
 132  NFixDB_JACAUC010000311.1_5                                                            68.39%    passed     76.99%
 133  NFixDB_JAAEEW010000126.1_13                                                           49.54%    passed     76.81%
 134  NFixDB_JADJVQ010000002.1_56                                                           12.20%    passed     45.23%
 135  NFixDB_JADJPE010000005.1_5302                                                          1.66%    passed     48.45%
 136  NFixDB_JAERRP010000841.1_1                                                            28.65%    passed     58.44%
 137  NFixDB_JAEUNU010000043.1_11                                                           48.98%    passed     66.89%
 138  NFixDB_JAENYV010000001.1_352                                                           2.22%    passed     97.61%
 139  NFixDB_JAFGDQ010000034.1_4                                                             2.59%    passed     22.47%
 140  NFixDB_JAFGAQ010000442.1_5                                                             3.33%    passed     87.90%
 141  NFixDB_JAFGRW010000109.1_13                                                            2.40%    passed     92.91%
 142  NFixDB_CAJXSB010000004.1_1                                                             2.22%    passed     77.49%
 143  NFixDB_CALZIC010000122.1_1                                                            52.13%    passed     50.58%
 144  NFixDB_CAMBSB010000153.1_15                                                           26.80%    passed     34.73%
 145  NFixDB_CAMDGD010000019.1_1                                                            49.54%    passed     95.40%
 146  NFixDB_CAMDNO010000024.1_1                                                            44.18%    passed     52.00%
 147  NFixDB_NC_013799.1_1135                                                               44.92%    passed     85.10%
 148  NFixDB_NC_002936.3_1090                                                                2.22%    passed     98.17%
 149  NFixDB_NC_009253.1_2999                                                                2.22%    passed     67.67%
 150  NFixDB_NC_009675.1_3094                                                               14.23%    passed     66.72%
 151  NFixDB_NC_011026.1_1061                                                                2.22%    passed     39.29%
 152  NFixDB_NC_011832.1_561                                                                 4.07%    passed     92.11%
 153  NFixDB_NC_013894.1_436                                                                14.05%    passed     57.72%
 154  NFixDB_NC_014008.1_2848                                                                2.40%    passed     68.49%
 155  NFixPlanet_db_r1.0_GCA_001_GCA_001017755.1_1562887.SAMN03121018.GCA_001017755_04049   49.72%    passed     17.26%
 156  NFixPlanet_db_r1.0_GCA_012_GCA_012840695.1_1926873.SAMN13894257.GCA_012840695_01077   11.46%    passed     99.45%
 157  NFixPlanet_db_r1.0_GCA_015_GCA_015295905.1_2774347.SAMN15062743.GCA_015295905_02192    4.44%    passed     60.64%
 158  NFixPlanet_db_r1.0_GCA_015_GCA_015476055.1_244366.SAMN16539243.GCA_015476055_04824    42.14%    passed     54.15%
 159  NFixPlanet_db_r1.0_GCA_903_GCA_903832665.1_183760.SAMEA6947177.GCA_903832665_02785    39.37%    passed     43.74%
 160  NFixPlanet_db_r1.0_153_SAMN16976117_k141_116627_14                                    14.23%    passed      8.67%
 161  NFixPlanet_db_r1.0_192_SAMEA4527630_k141_900036_6                                      3.14%    passed     15.62%
 162  NFixPlanet_db_r1.0_247_SAMN06267506_k141_168_4                                        32.35%    passed     42.45%
 163  NFixPlanet_db_r1.0_247_SAMN07631655_k141_389_3                                        42.51%    passed     50.77%
 164  NFixPlanet_db_r1.0_263_SAMN10863960_k141_3387572_41                                    2.96%    passed     91.58%
 165  NFixPlanet_db_r1.0_263_SAMN10864237_k141_744183_3                                     31.79%    passed     79.29%
 166  NFixPlanet_db_r1.0_263_SAMN10864237_k141_784518_114                                    3.14%    passed     96.84%
 167  NFixPlanet_db_r1.0_281_SAMN07631770_k141_1238202_4                                    42.14%    passed     16.10%
 168  NFixPlanet_db_r1.0_309_SAMN11532137_k141_416766_132                                    2.22%    passed     58.47%
 169  NFixPlanet_db_r1.0_309_SAMN11532580_k141_1016912_14                                    2.03%    passed     43.26%
 170  NFixPlanet_db_r1.0_309_SAMN12794096_k141_860654_5                                      1.85%    passed     94.83%
 171  NFixPlanet_db_r1.0_378_SAMN17279170_k141_61573_6                                       2.59%    passed     71.78%
 172  NFixPlanet_db_r1.0_55_SAMEA6872979_k141_739400_8                                       1.85%    passed     22.94%
 173  NFixPlanet_db_r1.0_630_SAMN03981634_k119_1955910_2                                     2.96%    passed     55.65%
 174  NFixPlanet_db_r1.0_630_SAMN03981634_k119_255352_5                                      2.59%    passed     58.03%
 175  NFixPlanet_db_r1.0_708_SAMN07124928_k141_116840_2                                     12.94%    passed     74.49%
 176  NFixPlanet_db_r1.0_GCA_000_GCA_000243495.3_278956.SAMN02261400.GCA_000243495_00739    15.90%    passed     87.71%
 177  Nfl_GB_GCA_963704695.1                                                                19.22%    passed     28.53%
 178  Nfl_GB_GCA_964418105.1                                                                19.22%    passed     76.60%
 179  Nfl_RS_GCF_002496565.1                                                                32.16%    passed     31.58%
 180  Nfl_RS_GCF_030655665.1                                                                49.17%    failed      0.07%
 181  Nfl_RS_GCF_963674485.2                                                                46.58%    failed      0.21%
 182  Nfl_GB_GCA_002342295.1                                                                30.87%    failed      0.00%
 183  Nfl_GB_GCA_002441265.1                                                                29.39%    passed     40.87%
 184  Nfl_GB_GCA_004297765.1                                                                29.94%    failed      0.01%
 185  Nfl_GB_GCA_007694015.1                                                                41.77%    failed      0.00%
 186  Nfl_GB_GCA_010091925.1                                                                48.80%    failed      0.19%
 187  Nfl_GB_GCA_012270465.1                                                                33.64%    failed      0.00%
 188  Nfl_GB_GCA_013314865.1                                                                49.17%    passed      7.55%
 189  Nfl_GB_GCA_013823635.1                                                                20.15%    passed     90.13%
 190  Nfl_GB_GCA_015655215.1                                                                28.10%    passed     77.13%
 191  Nfl_GB_GCA_016213825.1                                                                30.31%    passed     38.20%
 192  Nfl_GB_GCA_016290775.1                                                                32.16%    passed     26.63%
 193  Nfl_GB_GCA_017484285.1                                                                32.53%    failed      0.01%
 194  Nfl_GB_GCA_017853245.1                                                                30.68%    failed      0.00%
 195  Nfl_GB_GCA_018822665.1                                                                44.73%    failed      3.02%
 196  Nfl_GB_GCA_019359695.1                                                                18.67%    passed     27.42%
 197  Nfl_GB_GCA_020974905.1                                                                18.11%    passed     55.88%
 198  Nfl_GB_GCA_023391425.1                                                                18.67%    passed     14.84%
 199  Nfl_GB_GCA_023401495.1                                                                43.07%    failed      0.17%
 200  DiazoDB_NC_009437.1_2539                                                              21.63%    passed     11.38%
 201  DiazoDB_NC_009437.1_2541                                                              17.19%    passed     91.84%
 202  DiazoDB_NC_013887.1_42                                                                21.44%    failed      0.10%
 203  DiazoDB_NC_014122.1_32                                                                20.70%    failed      1.29%
 204  DiazoDB_NC_014507.1_260                                                                3.88%    passed     15.32%
 205  DiazoDB_NZ_CP009268.1_3303                                                            20.33%    passed     13.14%
 206  DiazoDB_NZ_CP009498.1_686                                                             19.96%    passed     62.62%
 207  DiazoDB_NZ_LWMT01000054.1_2                                                           15.90%    passed     11.91%
 208  DiazoDB_NZ_LSFI01000005.1_42                                                          24.03%    passed     44.25%
 209  DiazoDB_NZ_LWLG01000003.1_49                                                          24.95%    failed      0.00%
 210  DiazoDB_NZ_LYVF01000002.1_35                                                          17.38%    failed      0.00%
 211  DiazoDB_NZ_AUUU01000014.1_62                                                          20.89%    passed      9.99%
 212  DiazoDB_NZ_CP026606.1_140                                                             16.82%    passed     14.08%
 213  DiazoDB_NZ_RKRE01000001.1_595                                                         20.89%    failed      0.00%
 214  DiazoDB_NZ_JAFBCW010000006.1_5                                                        18.30%    passed      6.74%
 215  DiazoDB_NZ_JAILNY010000101.1_12                                                       19.78%    passed     11.06%
 216  DiazoDB_NZ_CP113866.1_2111                                                            22.55%    passed      6.74%
 217  DiazoDB_NZ_JAUSUE010000017.1_47                                                       20.33%    passed     52.23%
 218  DiazoDB_NZ_JAUSUE010000017.1_60                                                       20.33%    passed     97.70%
 219  DiazoDB_NZ_JAOCNC010000001.1_5129                                                     35.49%    passed     97.85%
 220  DiazoDB_NZ_CP137003.1_1695                                                             2.22%    passed     43.73%
 221  DiazoDB_NZ_JAJQRB010000083.1_84                                                       19.22%    passed     87.80%
 222  DiazoDB_NZ_CP178627.1_1026                                                            12.75%    passed     92.10%
 223  DiazoDB_JAIHAN010000010.1_36                                                           2.40%    passed     57.89%
 224  DiazoDB_CAZQKZ010000060.1_5                                                           14.23%    passed     22.32%
 225  DiazoDB_CAZTXQ010000059.1_12                                                          10.17%    passed     48.92%
 226  DiazoDB_JADKKR010000002.1_121                                                         24.95%    passed     32.09%
 227  DiazoDB_JARRRD010000091.1_11                                                          23.84%    passed     39.01%
 228  DiazoDB_CAYTFM010000207.1_8                                                            2.22%    passed     22.03%
 229  DiazoDB_DBTI01000114.1_50                                                             35.30%    passed     80.14%
 230  DiazoDB_JACJRQ010000001.1_351                                                         36.23%    passed      7.12%
 231  DiazoDB_JAJXWH010000032.1_26                                                          17.38%    passed     72.63%
 232  DiazoDB_CAXUIG010000086.1_19                                                          17.93%    passed     62.07%
 233  DiazoDB_NZ_AQPH01000008.1_62                                                          20.70%    failed      0.02%
 234  DiazoDB_NZ_CCDG010000021.1_230                                                        26.99%    failed      3.00%
 235  DiazoDB_NZ_CP009288.1_2273                                                            24.40%    passed      5.19%
 236  NFixDB_DLMX01000059.1_21                                                              42.70%    passed     42.07%
 237  NFixDB_DAXJ01000034.1_2                                                               67.84%    passed     93.50%
 238  NFixDB_PEDL01000009.1_10                                                              19.96%    passed     76.36%
 239  NFixDB_PEAB01000102.1_6                                                               33.09%    passed     92.59%
 240  NFixDB_PKTT01000037.1_28                                                               2.22%    passed     90.64%
 241  NFixDB_CP025776.1_5886                                                                45.47%    passed     27.18%
 242  NFixDB_PQAN01000044.1_2                                                               17.19%    passed     43.41%
 243  NFixDB_PLZQ01000133.1_9                                                               11.09%    passed     32.62%
 244  NFixDB_PMBV01000139.1_1                                                               53.60%    passed     52.73%
 245  NFixDB_PMCB01000075.1_13                                                               2.22%    passed     79.13%
 246  NFixDB_PMDM01000077.1_6                                                               69.13%    passed     47.21%
 247  NFixDB_PMKP01000052.1_6                                                               75.42%    passed     83.18%
 248  NFixDB_PMJO01000180.1_5                                                               17.74%    failed      0.01%
 249  NFixDB_PMNP01000273.1_17                                                              44.18%    passed     75.76%
 250  NFixDB_PLSZ01000284.1_1                                                               39.37%    passed     38.78%
 251  NFixDB_PLTE01000194.1_15                                                              56.75%    passed     10.80%
 252  NFixDB_MTKO01000030.1_16                                                              37.15%    passed     46.76%
 253  NFixDB_AWVY01000037.1_128                                                             63.59%    passed     27.87%
 254  NFixDB_SCTZ01000199.1_13                                                               2.59%    passed     98.83%
 255  NFixDB_SLTJ01000006.1_18                                                              17.74%    passed     88.18%
 256  NFixDB_SKHL01000290.1_11                                                              27.91%    passed     89.03%
 257  NFixDB_REEP01000046.1_2                                                               18.48%    failed      0.00%
 258  NFixDB_REDX01000195.1_8                                                                4.44%    passed     74.99%
 259  NFixDB_WOUP01000008.1_47                                                               3.70%    passed     38.47%
 260  NFixDB_JAAAOG010000158.1_7                                                            13.31%    passed     59.25%
 261  NFixDB_RZYB01000236.1_5                                                               34.38%    passed     43.84%
 262  NFixDB_JAABTD010000353.1_6                                                            44.73%    passed     51.88%
 263  NFixDB_WOZJ01000062.1_14                                                              13.31%    passed     86.18%
 264  NFixDB_JAAUTT010000914.1_2                                                            24.58%    passed     53.97%
 265  NFixDB_JAAUTM010000141.1_4                                                            22.00%    passed     90.15%
 266  NFixDB_JAAUQA010000078.1_8                                                            51.20%    passed     60.90%
 267  NFixDB_JAAVLZ010000004.1_107                                                          48.43%    passed     18.36%
 268  NFixDB_JAAZBG010000126.1_6                                                             2.03%    passed     64.76%
 269  NFixDB_JAAYVM010000153.1_4                                                             2.77%    passed     60.28%
 270  NFixDB_PNMN01000118.1_12                                                              37.71%    passed     36.91%
 271  NFixDB_JACWAM010000126.1_3                                                             3.51%    passed     83.49%
 272  NFixDB_JACSRI010000254.1_16                                                           23.29%    passed     93.54%
 273  NFixDB_SVFV01000012.1_17                                                              19.96%    passed     66.22%
 274  NFixDB_SVCL01000070.1_54                                                              20.33%    passed     77.09%
 275  NFixDB_JADEWQ010000072.1_13                                                            4.62%    passed     95.73%
 276  NFixDB_JADFXO010000112.1_3                                                            15.16%    passed     39.50%
 277  NFixDB_JAATFL010000031.1_4                                                             2.96%    passed     70.14%
 278  NFixDB_JAFGWW010000087.1_5                                                             2.03%    passed     73.69%
 279  NFixDB_JAFGWI010000240.1_10                                                            2.77%    passed     32.23%
 280  NFixDB_JAFGVO010000460.1_4                                                             2.77%    passed     20.99%
 281  NFixDB_CP070896.1_4867                                                                 3.70%    passed     36.24%
 282  NFixDB_CP031518.1_2151                                                                21.44%    passed     89.44%
 283  NFixDB_JAFORL010000177.1_2                                                            20.52%    failed      4.39%
 284  NFixDB_JAFPYB010000091.1_3                                                            54.71%    passed     65.88%
 285  NFixDB_JAFSVK010000111.1_4                                                            20.70%    passed     12.56%
 286  NFixDB_JAFSJW010000089.1_22                                                           21.26%    passed     96.30%
 287  NFixDB_JAFZXD010000143.1_2                                                            45.66%    passed     92.55%
 288  NFixDB_JAGAZB010000054.1_21                                                           21.26%    passed     61.77%
 289  NFixDB_JAGDAL010000225.1_3                                                            20.52%    passed     58.74%
 290  NFixDB_JAGCVK010000081.1_5                                                            19.78%    passed     33.70%
 291  NFixDB_JAGCRJ010000255.1_2                                                            39.93%    passed     62.46%
 292  NFixDB_JAGNSM010000017.1_25                                                            2.59%    passed     46.64%
 293  NFixDB_JAGTVD010000177.1_5                                                            26.80%    passed     65.02%
 294  NFixDB_JADMKC010000006.1_1                                                            39.19%    passed     28.34%
 295  NFixDB_JAHJTI010000115.1_11                                                           36.41%    passed     11.22%
 296  NFixDB_JAHIKF010000474.1_13                                                           66.17%    passed     11.21%
 297  NFixDB_CP076745.1_442                                                                  3.14%    passed     33.98%
 298  NFixDB_JAIFND010000120.1_3                                                            18.67%    failed      1.10%
 299  NFixDB_JAIFLJ010000242.1_2                                                             2.03%    passed     63.51%
 300  NFixDB_JAIFKN010000216.1_24                                                           48.24%    passed     32.98%
 301  NFixDB_JAGVPN010000217.1_1                                                            33.46%    passed     95.56%
 302  NFixDB_JAIHAN010000010.1_35                                                           18.85%    passed     89.67%
 303  NFixDB_JAGRBZ010000755.1_3                                                            66.91%    passed     79.32%
 304  NFixDB_JAHLLK010000028.1_35                                                            2.77%    passed     97.04%
 305  NFixDB_JACKCP010000019.1_10                                                            2.40%    passed     68.35%
 306  NFixDB_DYRE01000408.1_4                                                               55.08%    passed     19.06%
 307  NFixDB_DYJG01000127.1_7                                                               18.30%    passed     89.31%
 308  NFixDB_DYHB01000197.1_2                                                               18.30%    passed      7.13%
 309  NFixDB_JAIOQW010000087.1_9                                                            57.49%    passed     98.73%
 310  NFixDB_JAJQIK010000043.1_80                                                           20.70%    passed     53.26%
 311  NFixDB_JAJQFY010000159.1_14                                                           20.70%    passed     21.07%
 312  NFixDB_JAJQBF010000295.1_12                                                           52.50%    passed     11.24%
 313  NFixDB_JAJQAB010000072.1_13                                                           43.81%    passed      6.48%
 314  NFixDB_JAASSR010000086.1_4                                                            17.19%    passed     80.94%
 315  NFixDB_JAJYAX010000010.1_18                                                           73.57%    passed     66.85%
 316  NFixDB_JAJXYA010000360.1_1                                                            58.78%    passed     18.89%
 317  NFixDB_JAJXWL010000072.1_10                                                           27.91%    passed     99.07%
 318  NFixDB_JAJXWJ010000032.1_20                                                            3.33%    passed     47.42%
 319  NFixDB_JAJYGU010000124.1_4                                                            25.51%    failed      1.26%
 320  NFixDB_JAJYLU010000222.1_1                                                            20.15%    passed     64.50%
 321  NFixDB_JAJYIR010000039.1_10                                                           48.98%    passed     61.21%
 322  NFixDB_JAJZYC010000170.1_3                                                            48.43%    passed     16.71%
 323  NFixDB_JAJZQA010000304.1_1                                                            43.07%    passed     95.44%
 324  NFixDB_JAKASO010000002.1_49                                                           14.42%    passed     21.69%
 325  NFixDB_JAHFFR010000075.1_6                                                            41.22%    passed     58.62%
 326  NFixDB_JAHFPT010000191.1_2                                                            12.20%    passed     21.97%
 327  NFixDB_JAMCQB010000152.1_3                                                            48.61%    passed     12.34%
 328  NFixDB_JAEWIS010000017.1_66                                                           19.22%    failed      2.24%
 329  NFixDB_JAEWCM010000154.1_4                                                            14.60%    passed      8.04%
 330  NFixDB_JAEWBO010000037.1_9                                                             2.96%    passed     92.12%
 331  NFixDB_JAEWMT010000003.1_2                                                            18.30%    passed     97.93%
 332  NFixDB_JAEWME010000362.1_3                                                            26.99%    passed     66.40%
 333  NFixDB_JAEWLI010000011.1_15                                                           27.36%    passed     74.75%
 334  NFixDB_JAEWXF010000023.1_25                                                            2.03%    passed     99.25%
 335  NFixDB_JAEWRL010000147.1_46                                                            1.66%    passed     93.97%
 336  Nfl_GB_GCA_023413605.1                                                                20.15%    passed     61.67%
 337  Nfl_GB_GCA_023426125.1                                                                18.30%    passed     79.42%
 338  Nfl_GB_GCA_023437715.1                                                                31.24%    failed      0.03%
 339  Nfl_GB_GCA_023488685.1                                                                31.05%    failed      0.01%
 340  Nfl_GB_GCA_024685545.1                                                                35.86%    passed     90.45%
 341  Nfl_GB_GCA_025362435.1                                                                47.50%    failed      0.04%
 342  Nfl_GB_GCA_026416815.1                                                                22.18%    passed      9.54%
 343  Nfl_GB_GCA_027484605.1                                                                40.30%    failed      0.00%
 344  Nfl_GB_GCA_028281265.1                                                                40.67%    failed      0.00%
 345  Nfl_GB_GCA_028692415.1                                                                18.48%    passed     31.02%
 346  Nfl_GB_GCA_029859485.1                                                                20.15%    passed     49.10%
 347  Nfl_GB_GCA_031261425.1                                                                31.61%    failed      0.01%
 348  Nfl_GB_GCA_031270005.1                                                                39.37%    failed      1.31%
 349  Nfl_GB_GCA_031275405.1                                                                22.74%    passed     18.36%
 350  Nfl_GB_GCA_031281925.1                                                                22.55%    passed     37.21%
 351  Nfl_GB_GCA_031379725.1                                                                18.85%    passed     51.00%
 352  Nfl_GB_GCA_031732935.1                                                                20.33%    failed      0.13%
 353  Nfl_GB_GCA_035549515.1                                                                27.73%    passed     16.68%
 354  Nfl_GB_GCA_035873205.1                                                                37.15%    passed     63.85%
 355  Nfl_GB_GCA_037129175.1                                                                41.59%    failed      0.10%
 356  Nfl_GB_GCA_038059415.1                                                                50.28%    passed     65.17%
 357  Nfl_GB_GCA_038251625.1                                                                32.35%    failed      0.07%
 358  Nfl_GB_GCA_040755955.1                                                                29.02%    failed      2.33%
 359  Nfl_GB_GCA_041546475.1                                                                19.78%    passed     76.12%
 360  Nfl_GB_GCA_041669965.1                                                                18.11%    passed     82.60%
 361  Nfl_GB_GCA_041915065.1                                                                40.48%    passed     71.28%
 362  Nfl_GB_GCA_045046665.1                                                                17.93%    passed     89.58%
 363  Nfl_GB_GCA_046295975.1                                                                28.84%    failed      1.57%
 364  Nfl_GB_GCA_902571795.1                                                                30.50%    passed     58.85%
 365  Nfl_GB_GCA_902782715.1                                                                40.67%    passed     98.72%
 366  Nfl_GB_GCA_905236365.1                                                                22.55%    passed     94.84%
 367  DiazoDB_JAILRO010000057.1_52                                                          20.89%    passed     81.43%
 368  DiazoDB_JAILRO010000057.1_56                                                          20.33%    passed     47.41%
 369  DiazoDB_JAOAAX010000058.1_5                                                            3.14%    passed     96.65%
 370  DiazoDB_JAPMTS010000049.1_14                                                           3.88%    passed     42.15%
 371  DiazoDB_JALSLC010000024.1_7                                                           16.82%    passed     21.78%
 372  DiazoDB_JALSKZ010000026.1_12                                                          23.48%    passed     14.68%
 373  DiazoDB_JARYLU010000033.1_19                                                          20.52%    failed      0.09%
 374  DiazoDB_JASEER010000002.1_76                                                          20.52%    failed      0.00%
 375  DiazoDB_JAUWRA010000008.1_22                                                          17.56%    passed     88.40%
 376  DiazoDB_JAUSNX010000012.1_62                                                          16.08%    failed      4.40%
 377  DiazoDB_JAISTV010000002.1_4                                                           19.59%    passed     94.01%
 378  DiazoDB_JAISTH010000073.1_74                                                           2.03%    passed     97.87%
 379  DiazoDB_JAISRD010000102.1_4                                                            2.59%    passed     68.26%
 380  DiazoDB_JAISNR010000192.1_3                                                           19.78%    passed     69.48%
 381  DiazoDB_JAISMZ010000161.1_2                                                           19.41%    passed      5.54%
 382  DiazoDB_JAISLV010000091.1_4                                                            2.96%    passed     80.82%
 383  DiazoDB_JAITLH010000065.1_13                                                           3.33%    passed     92.86%
 384  DiazoDB_JAITKI010000054.1_6                                                           20.33%    passed     96.97%
 385  DiazoDB_JAITDU010000007.1_6                                                            2.59%    passed     99.71%
 386  DiazoDB_JAITDJ010000042.1_26                                                          21.07%    passed     15.93%
 387  DiazoDB_JAITTM010000102.1_3                                                            2.03%    passed     86.51%
 388  DiazoDB_JAITPB010000116.1_7                                                           20.70%    passed     85.36%
 389  DiazoDB_DAOTVB010000190.1_9                                                           16.27%    passed     93.77%
 390  DiazoDB_DATHCY010000052.1_6                                                            4.07%    passed     65.10%
 391  DiazoDB_DATIQS010000405.1_4                                                            2.22%    passed     93.81%
 392  DiazoDB_DATKUX010000102.1_3                                                           17.93%    failed      0.00%
 393  DiazoDB_JBGGOQ010000002.1_324                                                          2.40%    passed     35.66%
 394  DiazoDB_JBGFRN010000051.1_3                                                            3.70%    passed     88.05%
 395  DiazoDB_JBGSHS010000183.1_10                                                           2.40%    passed     71.55%
 396  DiazoDB_CP170178.1_2995                                                               17.38%    passed     93.03%
 397  DiazoDB_JAZDKB010000020.1_71                                                          12.20%    passed      6.10%
 398  DiazoDB_JAZDJU010000040.1_92                                                           1.85%    passed     95.94%
 399  DiazoDB_JAZDGM010000217.1_9                                                            2.40%    passed     62.38%
 400  DiazoDB_JBGAFI010000012.1_59                                                          36.41%    passed     55.80%
 401  DiazoDB_JAWXTK010000015.1_40                                                           2.40%    passed     64.21%
 402  DiazoDB_JAZOTM010000018.1_39                                                          20.33%    passed     80.69%
 403  DiazoDB_CAJVYN010000085.1_5                                                            2.40%    passed     90.07%
 404  DiazoDB_CAJVYJ010000038.1_8                                                            5.18%    passed     70.52%
 405  DiazoDB_CAKSDC010000017.1_36                                                          33.46%    failed      0.02%
 406  DiazoDB_OW818679.1_769                                                                 2.40%    passed     37.02%
 407  DiazoDB_OW818685.1_2059                                                                2.40%    passed     92.48%
 408  DiazoDB_CAVOIA010000007.1_128                                                         38.82%    failed      2.25%
 409  DiazoDB_CAVOSJ010000001.1_12                                                          32.72%    passed     55.25%
 410  DiazoDB_CAVPVI010000005.1_1126                                                        26.06%    failed      0.00%
 411  DiazoDB_CAVQNJ010000019.1_122                                                         13.49%    passed     24.11%
 412  DiazoDB_NZ_LT575483.1_3009                                                            20.52%    passed     50.01%
 413  DiazoDB_NZ_LT575483.1_3015                                                            20.52%    passed     28.50%
 414  DiazoDB_NZ_FOUU01000006.1_21                                                          24.95%    passed     38.31%
 415  DiazoDB_JBDNZS010000006.1_9                                                            3.33%    passed     97.26%
 416  DiazoDB_CAZJRQ010000009.1_53                                                          17.93%    passed     36.49%
 417  DiazoDB_JABXYX010000042.1_2                                                           15.71%    passed     60.95%
 418  DiazoDB_NZ_JBALGC010000143.1_29                                                       15.34%    passed     76.47%
 419  NSDB_1289_alt2                                                                        13.68%    passed     25.28%
 420  NSDB_1381_altall                                                                       1.85%    passed     73.04%
 421  NSDB_1522_alt3                                                                         2.59%    failed      1.35%
 422  NSDB_810_altall                                                                       16.82%    passed     45.59%
 423  NSDB_1525_alt5                                                                        17.38%    passed     41.87%
 424  NFixDB_ACOK01000094.1_8                                                               20.52%    passed     46.82%
 425  NFixDB_CP007053.1_199                                                                  2.03%    passed     79.18%
 426  NFixDB_ATWC01000001.1_77                                                              19.78%    passed     95.01%
 427  NFixDB_JNKP01000004.1_16                                                              20.33%    passed     29.79%
 428  NFixDB_JNKY01000010.1_124                                                             21.26%    passed     76.34%
 429  NFixDB_LDXJ01000058.1_157                                                             13.68%    passed     38.29%
 430  NFixDB_LFCU01000132.1_3                                                                2.03%    passed     99.52%
 431  NFixDB_BBDR01000004.1_122                                                             35.30%    passed     81.09%
 432  NFixDB_LIUJ01000308.1_2                                                               18.67%    passed     62.71%
 433  NFixDB_LVAS01000062.1_9                                                                2.40%    passed     51.80%
 434  NFixDB_LVBK01000047.1_7                                                                2.03%    passed     78.22%
 435  NFixDB_LJOT01000111.1_5                                                               47.32%    passed     74.23%
 436  NSDB_1436_alt2                                                                         2.40%    passed     72.14%
 437  NSDB_1467_alt5                                                                         2.59%    passed     43.59%
 438  NSDB_1462_alt4                                                                         2.77%    passed     17.67%
 439  NFixDB_JACPOH010000359.1_1                                                            51.76%    passed     18.21%
 440  NFixDB_JACQWU010000204.1_7                                                            31.61%    passed     42.79%
 441  NFixDB_JACRAW010000003.1_4                                                            61.92%    passed     17.22%
 442  NFixDB_JACREG010000055.1_1                                                            62.48%    passed     45.72%
 443  NFixDB_JACRDD010000003.1_17                                                           18.30%    passed     11.45%
 444  NFixDB_JACRCS010000009.1_1                                                            25.88%    passed     82.15%
 445  NFixDB_JACRNJ010000056.1_44                                                           45.66%    passed     81.72%
 446  NFixDB_JACRQA010000165.1_4                                                            15.16%    passed     57.31%
 447  NFixDB_JACRNK010000034.1_8                                                            33.64%    passed     94.09%
 448  NFixDB_JAEEIN010000005.1_8                                                            20.70%    passed     68.90%
 449  NFixDB_JAEEQL010000050.1_11                                                           19.59%    passed     36.30%
 450  NFixDB_JAKACM010000134.1_12                                                           12.94%    passed     25.24%
 451  NFixDB_JAKAYA010000023.1_32                                                           36.04%    passed     61.78%
 452  NFixDB_JAKBJA010000175.1_10                                                           19.59%    passed     47.52%
 453  NFixDB_JAJZCJ010000143.1_1                                                            35.49%    passed     81.41%
 454  NFixDB_JAKLQL010000627.1_1                                                            69.32%    passed     73.77%
 455  NFixDB_JAKSCY010000733.1_1                                                            31.98%    passed     21.60%
 456  NFixDB_JAKSBB010000367.1_5                                                            74.86%    passed     85.63%
 457  NFixDB_JAKVOI010000001.1_2961                                                          2.22%    passed     24.05%
 458  NFixDB_JAKVKH010000001.1_125                                                          21.07%    passed     99.37%
 459  NFixDB_JAFLSP010000013.1_6                                                            20.89%    passed     15.54%
 460  NFixDB_JAKLIM010000325.1_1                                                            52.50%    passed     10.02%
 461  NFixDB_DZCT01000199.1_2                                                               18.30%    passed     66.16%
 462  NFixDB_JALEJO010000014.1_8                                                            69.32%    passed     75.93%
 463  NFixDB_JAGLYT010000216.1_3                                                            33.09%    passed     70.34%
 464  NFixDB_JAGLRT010000083.1_11                                                            5.36%    passed     43.97%
 465  NFixDB_JAGLRQ010000156.1_3                                                            17.19%    passed     84.17%
 466  NFixDB_JAGLMY010000013.1_11                                                            2.03%    passed     56.09%
 467  NFixDB_JAEXNS010000093.1_2                                                            18.30%    passed     26.55%
 468  NFixDB_JAEXPO010000687.1_2                                                            18.30%    passed     93.14%
 469  NFixDB_JAEXBC010000257.1_1                                                            45.29%    passed     47.05%
 470  NFixDB_JAEWRF010000188.1_2                                                            17.38%    passed     55.32%
 471  NFixDB_JAMXHR010000001.1_446                                                          28.28%    passed     51.63%
 472  NFixDB_JACKPV010000023.1_320                                                           2.40%    passed     67.60%
 473  NFixDB_JAJRUS010000056.1_10                                                           17.56%    passed     96.20%
 474  NFixDB_JAKSTR010000008.1_6                                                            20.52%    passed     47.03%
 475  NFixDB_CADDYS010000120.1_1                                                             7.58%    passed     82.13%
 476  NFixDB_CAIKAA010000565.1_4                                                            26.80%    passed     81.22%
 477  NFixDB_CAILCG010000025.1_21                                                           17.01%    passed     86.47%
 478  NFixDB_CAIMCD010000025.1_1                                                            48.80%    passed     36.77%
 479  NFixDB_CAINOE010000073.1_14                                                           54.53%    passed     38.25%
 480  NFixDB_CAITZA010000458.1_3                                                             2.59%    passed     43.47%
 481  NFixDB_NZ_KE386494.1_450                                                               4.62%    passed     49.38%
 482  NFixDB_NZ_KE387171.1_234                                                              14.05%    passed     91.75%
 483  NFixDB_NZ_CBQR020000141.1_36                                                          44.18%    passed     38.69%
 484  NFixDB_NZ_AXUN02000180.1_27                                                            2.77%    passed     70.53%
 485  NFixDB_NZ_KI911559.1_3508                                                             13.86%    passed     16.08%
 486  NFixDB_NZ_BAVR01000001.1_83                                                           20.15%    passed     10.76%
 487  NFixDB_NZ_JIBU02000079.1_13                                                           20.70%    passed     52.71%
 488  NFixDB_NZ_JAAMOZ010000001.1_1727                                                       2.59%    passed     90.27%
 489  NFixDB_NZ_JACHGO010000003.1_23                                                         2.77%    passed     92.41%
 490  NFixDB_NZ_CP060696.1_1957                                                             20.70%    passed     81.63%
 491  NFixDB_NZ_FOFU01000003.1_122                                                          20.70%    passed     85.65%
 492  NFixDB_NZ_FOGZ01000032.1_6                                                             3.33%    passed     91.11%
 493  NFixDB_NZ_FOKR01000003.1_170                                                          19.96%    passed      5.06%
 494  NFixDB_NZ_FPBY01000246.1_3                                                            23.11%    passed     10.26%
 495  NFixDB_NZ_FPCD01000013.1_64                                                           21.07%    passed     62.28%
 496  NFixDB_NZ_FQZL01000005.1_298                                                           2.77%    passed     19.02%
 497  NFixDB_NZ_FUXX01000010.1_53                                                           20.70%    passed     48.86%
 498  NFixDB_LXQE01000005.1_14                                                              17.56%    passed     17.35%
 499  NFixDB_CAIVAU010000083.1_1                                                            84.29%    failed      4.27%
 500  NFixDB_NZ_NOLJ01000009.1_277                                                          17.56%    passed     27.83%
 501  NFixDB_NZ_JABXYX010000106.1_3                                                         14.97%    passed     93.88%
 502  NFixDB_CP019636.1_4006                                                                73.75%    passed     66.20%
 503  NFixDB_JAHHGV010000017.1_1                                                            87.06%    failed      2.95%
 504  NFixPlanet_db_r1.0_GCA_000_GCA_000469625.2_1294142.SAMN02471872.GCA_000469625_03740   25.88%    passed     39.05%
 505  NFixPlanet_db_r1.0_GCA_000_GCA_000502415.1_1287240.SAMN02359664.GCA_000502415_06327   11.46%    passed     71.18%
 506  NFixPlanet_db_r1.0_GCA_013_GCA_013294515.1_1520.SAMN06297204.GCA_013294515_03421      24.95%    passed     53.57%
 507  NFixPlanet_db_r1.0_GCA_019_GCA_019038105.1_416213.SAMN18052962.GCA_019038105_00073    39.74%    passed     61.46%
 508  NFixPlanet_db_r1.0_10_SAMN07632198_k141_573333_5                                       2.03%    passed     68.80%
 509  NFixPlanet_db_r1.0_187_SAMN02809796_k141_1453607_6                                    12.38%    passed      6.57%
 510  NFixPlanet_db_r1.0_239_SAMN06268884_k141_297736_94                                    12.38%    passed     60.71%
 511  NFixPlanet_db_r1.0_253_SAMN11532513_k141_1779398_4                                     2.59%    passed     34.67%
 512  NFixPlanet_db_r1.0_254_SAMN06267857_k141_3187675_4                                     2.03%    passed     57.68%
 513  NFixPlanet_db_r1.0_263_SAMN11532863_k141_851027_14                                    39.37%    passed     89.10%
 514  NFixPlanet_db_r1.0_280_SAMN07631024_k141_838386_8                                      3.33%    passed     70.18%
 515  NFixPlanet_db_r1.0_301_SAMN07632058_k141_2746223_22                                    2.40%    passed     97.66%
 516  NFixPlanet_db_r1.0_473_SAMN04362373_k119_152654_6                                      3.51%    passed     77.43%
 517  NFixPlanet_db_r1.0_473_SAMN04362373_k119_98978_4                                      30.87%    passed     22.97%
 518  NFixPlanet_db_r1.0_607_SAMEA7723523_k141_98114_8                                       2.40%    passed     91.05%
 519  NFixPlanet_db_r1.0_630_SAMN03981644_k119_296361_2                                      4.62%    passed     90.13%
 520  NFixPlanet_db_r1.0_630_SAMN03981661_k119_4136835_9                                     2.96%    passed     12.73%
 521  NFixPlanet_db_r1.0_66_SAMN24292826_k141_26871_25                                      13.86%    passed     52.00%
 522  NFixPlanet_db_r1.0_708_SAMN07124956_k141_1009973_7                                    26.62%    passed     11.90%
 523  NFixPlanet_db_r1.0_711_SAMN03842453_k141_638564_15                                     2.22%    passed     94.94%
 524  DiazoDB_JNJK01000002.1_265                                                            19.96%    passed     88.06%
 525  DiazoDB_PGYO01000007.1_85                                                             16.08%    passed     41.05%
 526  DiazoDB_RPGP01000029.1_183                                                            24.21%    passed     93.14%
 527  DiazoDB_SLTJ01000006.1_20                                                             19.59%    failed      0.00%
 528  DiazoDB_JAFVEY010000027.1_4                                                           20.33%    passed     71.72%
 529  DiazoDB_JAFVBU010000074.1_3                                                           20.33%    passed     66.38%
 530  DiazoDB_JAGAPO010000107.1_12                                                          20.89%    passed     68.22%
 531  DiazoDB_JAEZKY010000275.1_10                                                          20.52%    passed     77.81%
 532  DiazoDB_JAIMBK010000006.1_19                                                          19.96%    failed      0.00%
 533  DiazoDB_JAIMBK010000006.1_22                                                          15.53%    passed     84.34%
 534  DiazoDB_JAUZPI010000032.1_24                                                          20.15%    passed     60.72%
 535  DiazoDB_JAUZPI010000032.1_30                                                          20.52%    passed     29.41%
 536  NFixPlanet_db_r1.0_711_SAMN03203005_k141_56429_7                                       2.59%    failed      1.46%
 537  NFixPlanet_db_r1.0_GCA_002_GCA_002895035.1_1421014.SAMN02401954.GCA_002895035_01275   17.74%    passed     91.08%
 538  Nfl_GB_GCA_945916025.1                                                                20.89%    failed      0.35%
 539  Nfl_GB_GCA_947454955.1                                                                31.05%    failed      0.03%
 540  Nfl_GB_GCA_949286115.1                                                                46.95%    failed      2.97%
 541  Nfl_GB_GCA_963662595.1                                                                17.74%    passed     53.17%
 542  Nfl_GB_GCA_963678185.1                                                                20.52%    passed     47.13%
 543  Nfl_GB_GCA_963735155.1                                                                18.48%    passed     50.24%
 544  Nfl_GB_GCA_963756335.1                                                                19.78%    passed     21.91%
 545  Nfl_GB_GCA_963803975.1                                                                39.93%    passed     41.58%
 546  Nfl_GB_GCA_963999845.1                                                                40.85%    failed      1.58%
 547  Nfl_GB_GCA_964430315.1                                                                18.85%    failed      0.29%
 548  Nfl_GB_GCA_964457585.1                                                                29.76%    passed      9.14%
 549  Nfl_GB_GCA_964483855.1                                                                47.13%    failed      0.00%
 550  Nfl_GB_GCA_964518805.1                                                                29.21%    failed      2.69%
 551  Nfl_GB_GCA_964576045.1                                                                41.59%    passed      7.99%
 552  Nfl_GB_GCA_964632505.1                                                                18.11%    passed     28.48%
 553  Nfl_GB_GCA_965246835.1                                                                32.90%    failed      0.00%
 554  Nfl_RS_GCF_000006985.1                                                                44.73%    failed      3.46%
 555  Nfl_RS_GCF_000019845.1                                                                48.43%    passed     51.26%
 556  Nfl_RS_GCF_000389635.1                                                                31.79%    failed      0.05%
 557  Nfl_RS_GCF_000526495.1                                                                31.79%    passed     20.06%
 558  Nfl_RS_GCF_000712055.1                                                                27.91%    passed     76.85%
 559  Nfl_RS_GCF_000807255.1                                                                30.87%    passed     33.74%
 560  Nfl_RS_GCF_001269365.1                                                                46.95%    failed      0.00%
 561  Nfl_RS_GCF_001542855.1                                                                30.87%    failed      0.00%
 562  Nfl_RS_GCF_002356555.2                                                                36.97%    passed     21.33%
 563  Nfl_RS_GCF_003063645.1                                                                47.50%    failed      0.00%
 564  Nfl_RS_GCF_004342165.1                                                                17.93%    passed     20.66%
 565  Nfl_RS_GCF_007830295.1                                                                22.74%    passed     39.32%
 566  Nfl_RS_GCF_009877435.1                                                                47.32%    failed      0.01%
 567  Nfl_RS_GCF_011769985.2                                                                23.66%    failed      0.70%
 568  Nfl_RS_GCF_013340205.1                                                                21.81%    failed      0.35%
 569  Nfl_RS_GCF_014197915.1                                                                29.57%    failed      0.11%
 570  Nfl_RS_GCF_016195855.1                                                                24.21%    passed     27.95%
 571  Nfl_RS_GCF_016908375.1                                                                28.47%    passed     36.38%
 572  Nfl_RS_GCF_017557435.1                                                                33.64%    failed      0.01%
 573  Nfl_RS_GCF_018966525.1                                                                20.89%    passed     89.10%
 574  Nfl_RS_GCF_028290105.1                                                                41.77%    failed      0.00%
 575  Nfl_RS_GCF_034092375.1                                                                41.40%    failed      0.00%
 576  Nfl_RS_GCF_035561255.1                                                                31.79%    passed      7.34%
 577  Nfl_RS_GCF_036824685.1                                                                27.73%    passed     94.66%
 578  Nfl_RS_GCF_036917635.1                                                                47.32%    failed      0.37%
 579  Nfl_RS_GCF_900167465.1                                                                97.60%    passed     35.97%
 580  Nfl_RS_GCF_937936435.1                                                                42.33%    passed     93.11%
 581  DiazoDB_NZ_LFIQ01000027.1_77                                                          16.64%    passed     22.25%
 582  DiazoDB_VENI01000005.1_303                                                            29.02%    passed     80.07%
 583  DiazoDB_VEPN01000001.1_11                                                             19.41%    passed     89.32%
 584  DiazoDB_WGCA01000002.1_4                                                              25.88%    failed      0.00%
 585  DiazoDB_WAQR01000070.1_2                                                              17.56%    passed     79.49%
 586  DiazoDB_JACQZB010000109.1_4                                                           13.68%    passed     46.25%
 587  DiazoDB_JAGVGH010000044.1_10                                                           2.03%    passed     51.38%
 588  DiazoDB_JAJOKN010000014.1_7                                                           18.11%    passed      7.49%
 589  DiazoDB_JAJOKM010000070.1_12                                                          16.82%    passed     84.48%
 590  DiazoDB_JAEYKI010000001.1_180                                                         17.56%    passed     16.39%
 591  DiazoDB_JAEYPZ010000075.1_36                                                          21.07%    passed     47.16%
 592  DiazoDB_JAEYOY010000019.1_59                                                          26.25%    passed     70.00%
 593  DiazoDB_JAEZKW010000109.1_18                                                          19.59%    passed     18.13%
 594  DiazoDB_JAFABC010000259.1_7                                                            2.03%    passed     77.19%
 595  DiazoDB_JAEZCT010000039.1_24                                                          20.15%    passed     40.09%
 596  DiazoDB_JAJUGR010000018.1_37                                                           2.22%    passed     99.95%
 597  DiazoDB_JAITOF010000018.1_11                                                           3.14%    passed     33.42%
 598  DiazoDB_JAITOC010000047.1_6                                                           20.52%    passed     12.21%
 599  DiazoDB_JAITNA010000150.1_4                                                            2.77%    passed     95.57%
 600  DiazoDB_JAISLI010000038.1_24                                                           2.77%    passed     96.19%
 601  DiazoDB_JARLGW010000001.1_190                                                          2.59%    passed     50.29%
 602  DiazoDB_JARLGU010000019.1_70                                                           2.03%    passed     81.53%
 603  DiazoDB_JARLGO010000407.1_4                                                            3.88%    passed     98.67%
 604  DiazoDB_JAVBRC010000143.1_13                                                          20.33%    passed     19.18%
 605  DiazoDB_JAXHVM010000134.1_3                                                           14.23%    failed      3.90%
 606  DiazoDB_DAIRTZ010000007.1_15                                                          15.71%    failed      1.40%
 607  DiazoDB_JBAXGL010000046.1_3                                                            3.14%    passed     94.59%
 608  DiazoDB_JBBIQC010000567.1_6                                                           13.49%    passed     84.22%
 609  DiazoDB_JBBJJH010000037.1_5                                                            3.33%    passed     27.66%
 610  DiazoDB_JBBRAB010000002.1_14                                                           2.59%    passed     93.07%
 611  DiazoDB_JBNKRJ010000061.1_46                                                           2.59%    passed     21.93%
 612  DiazoDB_JAOPTT010000003.1_233                                                          3.51%    passed     91.40%
 613  DiazoDB_JBNJDB010000089.1_4                                                            3.33%    failed      3.18%
 614  DiazoDB_JBNJFI010000076.1_6                                                            2.77%    passed      6.27%
 615  DiazoDB_JBKQWH010000459.1_11                                                           2.03%    passed     68.09%
 616  DiazoDB_CAXXJK010000005.1_599                                                          2.03%    passed     97.64%
 617  DiazoDB_CAXXSG010000003.1_243                                                          1.66%    passed     94.85%
 618  DiazoDB_OY762509.1_4307                                                                2.59%    passed     55.50%
 619  DiazoDB_OY762711.1_3549                                                                2.03%    passed     59.96%
 620  DiazoDB_OY764216.1_139                                                                 2.40%    passed     33.47%
 621  DiazoDB_OY776214.1_4024                                                               16.64%    failed      0.83%
 622  DiazoDB_CAXXLZ010000001.1_1312                                                         2.77%    passed     80.65%
 623  DiazoDB_OY780932.1_3117                                                                1.66%    passed     93.20%
 624  DiazoDB_CAXXVE010000002.1_174                                                          2.59%    passed     94.92%
 625  DiazoDB_OY781882.1_1346                                                                1.85%    passed     76.43%
 626  DiazoDB_CAVVAX010000033.1_70                                                          27.36%    failed      0.64%
 627  DiazoDB_CAWAPL010000015.1_20                                                          13.86%    passed     92.25%
 628  DiazoDB_CAWBVA010000005.1_108                                                         17.01%    passed     18.71%
 629  DiazoDB_CAWDOZ010000171.1_12                                                           2.22%    passed     97.41%
 630  DiazoDB_CAWGGE010000001.1_940                                                         20.89%    passed     87.38%
 631  DiazoDB_CAYRIP010000023.1_6                                                           36.23%    failed      3.44%
 632  DiazoDB_CAYWBK010000231.1_6                                                            2.40%    passed     53.10%
 633  DiazoDB_CAYWLQ010000014.1_33                                                           2.03%    passed     85.10%
 634  DiazoDB_CAYWZR010000158.1_3                                                           14.79%    passed     72.56%
 635  DiazoDB_CAYYKG010000001.1_110                                                          1.85%    passed     97.17%
 636  DiazoDB_JAUPKJ010000290.1_6                                                            2.59%    passed     15.99%
 637  DiazoDB_JAIRRS010000098.1_8                                                           20.15%    passed     79.08%
 638  DiazoDB_JAIRPR010000191.1_5                                                            2.22%    passed     92.54%
 639  DiazoDB_JAISJT010000104.1_19                                                          20.89%    passed     29.39%
 640  DiazoDB_JAISJT010000104.1_9                                                           19.96%    passed      8.49%
 641  DiazoDB_JAISJM010000154.1_4                                                           19.41%    passed     75.84%
 642  DiazoDB_JAISJM010000154.1_5                                                           21.26%    passed     22.73%
 643  DiazoDB_JAIRXA010000129.1_5                                                           20.33%    passed     15.69%
 644  DiazoDB_JAISYL010000237.1_14                                                           2.59%    passed     88.21%
 645  DiazoDB_JAISXZ010000004.1_7                                                           20.70%    failed      1.17%
 646  DiazoDB_JAISXZ010000004.1_9                                                           21.07%    passed      8.34%
 647  DiazoDB_JAISWZ010000171.1_9                                                            4.07%    passed     77.71%
 648  DiazoDB_JAISWF010000076.1_7                                                            3.70%    passed     99.76%
 649  DiazoDB_JAISUQ010000173.1_7                                                            2.22%    passed     99.99%
 650  DiazoDB_BTID01000001.1_44                                                             20.70%    passed     82.47%
 651  DiazoDB_DASXUY010000026.1_192                                                          2.22%    passed     92.18%
 652  DiazoDB_DASXUI010000371.1_6                                                            2.40%    passed     26.15%
 653  DiazoDB_JAVBVX010000037.1_31                                                           2.77%    passed     24.64%
 654  DiazoDB_JAVBWA010000020.1_30                                                           2.22%    passed     12.13%
 655  DiazoDB_DAIPHL010000024.1_10                                                          17.19%    failed      0.01%
 656  DiazoDB_JBDKUE010000229.1_11                                                          12.75%    passed     75.43%
 657  DiazoDB_JBDKTO010000111.1_17                                                           2.40%    passed     31.16%
 658  DiazoDB_JBEBTY010000004.1_141                                                         20.89%    passed     54.07%
 659  DiazoDB_JBFMCF010000124.1_25                                                           2.03%    passed     49.37%
 660  DiazoDB_JBFMBL010000017.1_14                                                          23.11%    failed      0.06%
 661  DiazoDB_JBFLZB010000069.1_3                                                            1.85%    passed     12.28%
 662  DiazoDB_JBFLXL010000004.1_188                                                         20.33%    failed      0.00%
 663  DiazoDB_JBEKKU010000086.1_7                                                           19.04%    failed      0.00%
 664  DiazoDB_OMOF01000013.1_34                                                             16.08%    failed      2.22%
 665  DiazoDB_OMVJ01000012.1_57                                                             19.96%    passed     19.45%
 666  DiazoDB_CADDZA010000032.1_7                                                           18.30%    failed      0.00%
 667  DiazoDB_CAMYNR010000001.1_9                                                           23.48%    passed     47.42%
 668  DiazoDB_CASEZK010000039.1_40                                                          28.10%    failed      0.00%
 669  DiazoDB_OY759675.1_1372                                                                2.03%    passed     72.82%
 670  DiazoDB_CAWHUG010000015.1_232                                                         31.98%    passed     24.48%
 671  DiazoDB_CAWIYB010000004.1_6                                                           22.18%    passed     76.01%
 672  DiazoDB_CAWJYH010000018.1_160                                                         22.18%    passed     98.72%
 673  DiazoDB_CAWVKD010000054.1_23                                                          17.19%    failed      0.00%
 674  DiazoDB_CAYNQK010000009.1_38                                                           2.96%    passed     82.17%
 675  DiazoDB_CAYNYW010000012.1_40                                                          13.31%    passed     45.18%
 676  DiazoDB_CAYONM010000098.1_12                                                           4.07%    passed     90.88%
 677  DiazoDB_CAYPHM010000016.1_29                                                          16.82%    passed     98.57%
 678  DiazoDB_CAZASC010000010.1_46                                                           1.85%    passed     96.35%
 679  DiazoDB_CAZBUB010000022.1_24                                                           2.22%    passed     24.46%
 680  DiazoDB_CAZEDT010000078.1_5                                                            2.59%    passed     41.76%
 681  DiazoDB_CAZFJT010000200.1_4                                                            2.77%    passed     51.57%
 682  DiazoDB_CAZFNE010000039.1_12                                                          21.44%    passed     26.78%
 683  DiazoDB_CAZFPT010000037.1_14                                                           2.03%    passed     92.74%
 684  DiazoDB_CAZHMK010000002.1_126                                                          2.40%    passed     10.73%
 685  DiazoDB_CAZIAD010000007.1_85                                                           1.85%    passed     77.28%
 686  DiazoDB_CAZLCY010000015.1_18                                                           2.59%    passed     25.51%
 687  DiazoDB_CAZQOG010000061.1_9                                                            2.22%    passed     98.84%
 688  DiazoDB_CAZSGN010000078.1_3                                                            2.40%    passed     19.03%
 689  DiazoDB_CAZTGE010000044.1_9                                                            4.25%    passed     65.79%
 690  DiazoDB_CAZVZI010000191.1_2                                                           15.34%    passed     44.01%
 691  DiazoDB_CAZWGG010000163.1_8                                                            3.51%    passed      9.20%
 692  DiazoDB_CAZWTX010000032.1_4                                                           26.80%    passed     50.00%
 693  DiazoDB_CAZZBU010000035.1_14                                                           2.77%    passed     71.96%
 694  DiazoDB_CBDVEP010000001.1_47                                                           2.59%    failed      3.17%
 695  DiazoDB_NC_015562.1_1765                                                              20.70%    failed      1.50%
 696  DiazoDB_NZ_BAEV01000023.1_28                                                          20.33%    failed      4.53%
 697  DiazoDB_NC_018870.1_855                                                               20.52%    failed      0.00%
 698  DiazoDB_NC_020134.1_1851                                                              20.15%    passed     48.92%
 699  DiazoDB_NZ_ATXH01000010.1_26                                                          23.48%    passed     20.67%
 700  DiazoDB_NZ_KI912098.1_115                                                             25.14%    passed     13.17%
 701  DiazoDB_NZ_BAVR01000011.1_61                                                          39.37%    passed     16.02%
 702  DiazoDB_NZ_LROS01000005.1_88                                                          20.15%    failed      4.52%
 703  DiazoDB_NZ_BDJK01000055.1_59                                                          18.48%    failed      1.54%
 704  DiazoDB_NZ_JXMW01000001.1_68                                                          17.38%    failed      4.68%
 705  DiazoDB_NZ_CP022242.1_320                                                             16.27%    passed     17.07%
 706  DiazoDB_NZ_JAFUFU010000003.1_100                                                      20.52%    passed     71.46%
 707  DiazoDB_NZ_CP085041.1_1863                                                             2.77%    failed      1.18%
 708  DiazoDB_NZ_JAKNBL010000004.1_121                                                      13.12%    passed     68.84%
 709  DiazoDB_NZ_JAKVOI010000001.1_1083                                                     22.18%    passed     29.71%
 710  DiazoDB_NZ_JAKVOI010000001.1_1095                                                     20.33%    passed     60.85%
 711  DiazoDB_NZ_JAKVOI010000001.1_1100                                                     20.52%    passed     89.15%
 712  DiazoDB_NZ_JAKVOI010000001.1_1102                                                     20.15%    failed      3.85%
 713  DiazoDB_NZ_AP024620.1_546                                                             21.26%    failed      0.00%
 714  DiazoDB_NZ_CP107254.1_577                                                             16.27%    failed      0.71%
 715  DiazoDB_NZ_JARUKZ010000034.1_11                                                        3.14%    passed     88.49%
 716  DiazoDB_NZ_JBHJHQ010000009.1_135                                                       3.51%    passed     52.41%
 717  DiazoDB_NZ_CP157522.1_1056                                                            21.63%    failed      0.00%
 718  DiazoDB_NZ_CP187479.1_1638                                                            21.44%    failed      1.91%
 719  DiazoDB_NZ_CP187479.1_1640                                                            32.53%    passed     82.32%
 720  DiazoDB_NZ_CAUVXL010000160.1_23                                                       13.86%    passed     90.63%
 721  DiazoDB_JAQTYA010000126.1_11                                                          17.01%    passed     56.84%
 722  NSDB_1291_map                                                                         13.12%    passed     88.22%
 723  NSDB_1207_altall                                                                      14.42%    passed     29.52%
 724  NSDB_1349_alt3                                                                         4.62%    passed     51.18%
 725  NSDB_1446_altall                                                                       2.77%    passed     46.34%
 726  NSDB_1428_map                                                                          3.51%    passed     80.90%
 727  NSDB_1413_altall                                                                       2.40%    passed     48.96%
 728  NFixDB_DGRX01000006.1_66                                                              21.63%    passed     23.40%
 729  NFixDB_DHIM01000144.1_10                                                               2.59%    passed     20.94%
 730  NFixDB_DHWU01000017.1_16                                                              18.11%    passed     32.96%
 731  NFixDB_DIDE01000065.1_18                                                               1.85%    passed     58.29%
 732  NFixDB_DIKR01000046.1_43                                                              17.93%    passed     77.85%
 733  NFixDB_DIPB01000119.1_9                                                               61.37%    passed     23.34%
 734  NFixDB_DIVW01000019.1_8                                                               26.43%    passed     81.24%
 735  NFixDB_DJYC01000061.1_31                                                              20.89%    passed     91.81%
 736  NFixDB_MEMX01000094.1_1                                                               24.40%    passed     63.34%
 737  NFixDB_MGTN01000127.1_49                                                              17.19%    passed     36.64%
 738  NFixDB_MIAY01000010.1_72                                                               1.66%    passed     33.59%
 739  NFixDB_MKRS01000824.1_2                                                               17.93%    passed     92.07%
 740  NFixDB_DBMP01000029.1_89                                                               2.96%    passed     61.52%
 741  NFixDB_DBTH01000104.1_1                                                               17.56%    passed     78.95%
 742  NFixDB_DBTI01000098.1_17                                                               2.40%    passed     24.88%
 743  NFixDB_DBTJ01000037.1_50                                                              41.22%    passed     84.86%
 744  NFixDB_DBTT01000046.1_80                                                               2.40%    passed     93.23%
 745  NFixDB_DBTZ01000062.1_2                                                               12.75%    passed      7.80%
 746  NFixDB_DCFX01000053.1_13                                                               1.85%    passed     69.86%
 747  NFixDB_DCUX01000054.1_17                                                              18.30%    passed     37.34%
 748  NFixDB_DDOS01000126.1_22                                                              13.49%    passed     58.49%
 749  NFixDB_DDYN01000016.1_90                                                              47.13%    passed     53.68%
 750  NFixDB_DEDT01000054.1_34                                                              19.96%    passed     99.19%
 751  NFixDB_DEFA01000017.1_35                                                              20.52%    passed     86.02%
 752  NFixDB_DFBE01000048.1_6                                                               16.27%    passed     70.05%
 753  NFixDB_DFEB01000017.1_9                                                               21.07%    failed      2.78%
 754  NFixDB_DFEO01000129.1_1                                                               66.91%    passed     21.90%
 755  NFixDB_DFKO01000041.1_8                                                               21.07%    passed     57.12%
 756  NFixDB_JAEYOJ010000070.1_2                                                             1.85%    passed     99.21%
 757  NFixDB_JAEYNI010000044.1_4                                                            57.67%    passed     58.69%
 758  NFixDB_JAEZGM010000042.1_44                                                            2.40%    passed     47.03%
 759  NFixDB_JAEZFR010000245.1_5                                                            43.99%    passed     55.38%
 760  NFixDB_JAEZUI010000273.1_1                                                            26.80%    passed      7.89%
 761  NFixDB_JAFABO010000021.1_3                                                            19.22%    passed     76.47%
 762  NFixDB_JAEZIV010000350.1_3                                                            20.89%    passed     28.27%
 763  NFixDB_JAIKWF010000048.1_22                                                           19.96%    passed     94.54%
 764  NFixDB_JAILEL010000377.1_1                                                            20.52%    passed     84.01%
 765  NFixDB_JAILMR010000031.1_20                                                           20.33%    passed     67.22%
 766  NFixDB_JAILHD010000138.1_1                                                            55.08%    passed     13.88%
 767  NFixDB_JAILPY010000162.1_4                                                            20.33%    passed     74.45%
 768  NFixDB_ONCF01000001.1_12                                                              20.15%    passed     16.15%
 769  NFixDB_CAADXT010000148.1_4                                                            37.52%    passed     96.15%
 770  NFixDB_CABIYE010000009.1_68                                                           19.41%    passed     50.66%
 771  NFixDB_CAIUEN010000270.1_3                                                             2.03%    passed     80.23%
 772  NFixDB_CAIVDC010000059.1_62                                                           56.38%    passed     72.98%
 773  NFixDB_CAIXDS010000152.1_7                                                            19.59%    failed      0.00%
 774  NFixDB_CAIYCT010000518.1_1                                                            34.20%    passed     91.58%
 775  NFixDB_CAIYWF010000191.1_1                                                            63.03%    passed     79.38%
 776  NFixDB_CAIZGR010000632.1_1                                                            66.36%    passed     30.56%
 777  NFixDB_CAJFVW010000121.1_30                                                           17.01%    failed      0.00%
 778  NFixDB_CAJOMI010000021.1_13                                                           70.61%    passed     18.98%
 779  NFixDB_CAJOME010000036.1_12                                                           20.15%    passed     64.51%
 780  NFixDB_CAJONG010000009.1_33                                                           21.44%    passed     82.61%
 781  NFixDB_CAJOPM010000032.1_5                                                            20.15%    passed     77.72%
 782  NFixDB_CAJOPP010000342.1_14                                                           20.52%    passed     43.82%
 783  NFixDB_CAJXLI010000002.1_49                                                           32.90%    passed     58.44%
 784  NFixDB_NZ_KB892943.1_5                                                                25.14%    passed     34.64%
 785  NFixDB_NC_021182.1_3328                                                                2.77%    passed     48.67%
 786  NFixDB_NZ_ATWO01000001.1_3715                                                         33.27%    passed      9.46%
 787  NFixDB_NZ_JMKT01000002.1_24                                                            2.40%    passed     99.69%
 788  NFixDB_NZ_JOOA01000002.1_1098                                                         20.15%    passed     55.71%
 789  NFixDB_NZ_JPNB01000001.1_848                                                          20.15%    passed     78.99%
 790  NFixDB_NZ_LEKT01000018.1_18                                                            3.14%    passed     14.86%
 791  NFixDB_NZ_BBCC01000105.1_13                                                            1.85%    passed     19.56%
 792  NFixDB_NZ_LN997848.1_3630                                                             12.94%    passed     76.96%
 793  NFixDB_NZ_BCNW01000001.1_1163                                                         45.47%    failed      0.00%
 794  NFixDB_NZ_WNKU01000009.1_57                                                           13.68%    passed     44.10%
 795  NFixDB_NZ_VWXL01000053.1_21                                                            2.96%    passed     94.64%
 796  NFixDB_NZ_AP024488.1_1560                                                              1.85%    passed     88.05%
 797  NFixDB_NZ_FZOB01000004.1_88                                                           13.12%    passed      5.22%
 798  NFixDB_NZ_LT962670.1_206                                                              19.04%    failed      0.02%
 799  NFixDB_NZ_LT906662.1_2619                                                             18.30%    passed     25.73%
 800  NFixDB_NZ_LR746496.1_2965                                                             27.91%    failed      1.82%
 801  NFixDB_JAATEU010000056.1_7                                                            62.48%    passed     23.75%
 802  NFixPlanet_db_r1.0_GCA_000_GCA_000755365.1_1001886.SAMD00017305.GCA_000755365_02797   38.63%    passed     78.94%
 803  NFixPlanet_db_r1.0_GCA_000_GCA_000764495.1_1545442.SAMN03076158.GCA_000764495_04286   47.50%    passed     82.92%
 804  NFixPlanet_db_r1.0_GCA_001_GCA_001298445.1_224013.SAMN03796038.GCA_001298445_02701    12.57%    passed     81.31%
 805  NFixPlanet_db_r1.0_GCA_003_GCA_003315675.1_2006183.SAMN06660699.GCA_003315675_00715   29.39%    passed     90.45%
 806  NFixPlanet_db_r1.0_GCA_011_GCA_011769965.2_1854493.SAMN11478962.GCA_011769965_01131   33.64%    passed     86.68%
 807  NFixPlanet_db_r1.0_GCA_900_GCA_900451525.1_244366.SAMEA2689771.GCA_900451525_05825    48.80%    passed     25.14%
 808  NFixPlanet_db_r1.0_GCA_900_GCA_900451945.1_1134687.SAMEA3307905.GCA_900451945_02532   59.15%    passed     29.86%
 809  NFixPlanet_db_r1.0_GCA_900_GCA_900451945.1_1134687.SAMEA3307905.GCA_900451945_02533   52.50%    passed     23.65%
 810  NFixPlanet_db_r1.0_GCA_905_GCA_905202935.1_59620.SAMEA7846772.GCA_905202935_02285      3.33%    passed     42.36%
 811  NFixPlanet_db_r1.0_194_SAMN04999990_k141_72877_8                                       1.85%    passed     92.93%
 812  NFixPlanet_db_r1.0_244_SAMN10350570_k141_123189_6                                      2.22%    passed     59.12%
 813  NFixPlanet_db_r1.0_244_SAMN10863917_k141_592173_2                                     62.29%    passed     19.93%
 814  NFixPlanet_db_r1.0_244_SAMN10863917_k141_592173_3                                     51.76%    passed     91.53%
 815  NFixPlanet_db_r1.0_258_SAMN08776872_k141_239_10                                        3.70%    passed     88.17%
 816  NFixPlanet_db_r1.0_263_SAMN10863978_k141_1520810_3                                     2.40%    passed     99.42%
 817  NFixPlanet_db_r1.0_263_SAMN10863989_k141_4008282_4                                    31.61%    passed     35.05%
 818  NFixPlanet_db_r1.0_263_SAMN10864000_k141_196321_16                                    49.54%    passed     70.12%
 819  NFixPlanet_db_r1.0_263_SAMN11532280_k141_1709882_2                                    22.55%    passed     88.06%
 820  NFixPlanet_db_r1.0_271_SAMN09201687_k141_466033_14                                     2.77%    passed     83.20%
 821  NFixPlanet_db_r1.0_279_SAMN07630778_k141_100485_13                                     1.85%    passed     80.93%
 822  NFixPlanet_db_r1.0_279_SAMN07630778_k141_234807_11                                     2.77%    passed     46.31%
 823  NFixPlanet_db_r1.0_282_SAMN08776829_k141_327575_2                                     21.44%    passed     83.99%
 824  NFixPlanet_db_r1.0_315_SAMN07632892_k141_300456_9                                      2.59%    passed     19.79%
 825  NFixPlanet_db_r1.0_315_SAMN07632894_k141_1796114_8                                     2.59%    passed     87.32%
 826  NFixPlanet_db_r1.0_316_SAMN05720157_k141_589291_24                                     2.40%    passed     58.34%
 827  NFixPlanet_db_r1.0_378_SAMN17279145_k141_38407_4                                       2.96%    passed     80.46%
 828  NFixPlanet_db_r1.0_404_SAMN26502342_k141_1210385_5                                    31.24%    passed     97.40%
 829  NFixPlanet_db_r1.0_451_SAMN18882814_k141_16025117_7                                    2.22%    passed     98.10%
 830  NFixPlanet_db_r1.0_630_SAMN03981678_k119_1421752_3                                     2.40%    passed     90.69%
 831  NFixPlanet_db_r1.0_630_SAMN03981678_k119_573289_16                                     1.85%    failed      4.24%
 832  NFixPlanet_db_r1.0_645_SAMEA104055723_k119_668499_3                                   39.74%    passed     12.18%
 833  NFixPlanet_db_r1.0_6_SAMN01828240_k141_755123_4                                        4.07%    passed     50.64%
 834  NFixPlanet_db_r1.0_6_SAMN02782223_k141_1192767_5                                      14.23%    passed     80.67%
 835  NFixPlanet_db_r1.0_70_SAMN03075758_k119_63942_4                                        2.03%    passed     74.18%
 836  MarD                                                                                  19.78%    passed      7.13%
 837  WP_013067944.1                                                                        28.10%    failed      0.00%
 838  WP_052570612.1                                                                        19.96%    passed     62.62%
 839  RS_GCF_000179635.2                                                                    20.70%    passed     77.81%
 840  GB_GCA_000309865.1                                                                    17.01%    passed     95.35%
 841  GB_GCA_003650865.1                                                                    43.25%    passed     37.03%
 842  GB_GCA_019561555.1                                                                    22.37%    failed      0.13%
 843  GB_GCA_028679495.1                                                                    40.85%    failed      3.53%
 844  GB_GCA_034006405.1                                                                    28.65%    failed      0.06%
 845  GB_GCA_049301735.1                                                                    18.85%    passed     58.78%
 846  GB_GCA_963704695.1                                                                    19.22%    passed     28.53%
 847  GB_GCA_964418105.1                                                                    19.22%    passed     76.60%
 848  RS_GCF_000017185.1                                                                    20.70%    failed      0.00%
 849  RS_GCF_002496565.1                                                                    32.16%    passed     31.58%
 850  RS_GCF_030655665.1                                                                    49.17%    failed      0.07%
 851  RS_GCF_963674485.2                                                                    46.58%    failed      0.21%
 852  GB_GCA_000961655.1                                                                     2.77%    passed     92.47%
 853  GB_GCA_001799365.1                                                                    29.57%    passed     65.89%
 854  GB_GCA_002294045.1                                                                    22.18%    passed     56.19%
 855  GB_GCA_002342295.1                                                                    30.87%    failed      0.00%
 856  GB_GCA_002387725.1                                                                    14.23%    passed     25.27%
 857  GB_GCA_002441265.1                                                                    29.39%    passed     40.87%
 858  GB_GCA_002842435.1                                                                    19.78%    passed     94.96%
 859  GB_GCA_003158415.1                                                                    12.57%    passed     83.73%
 860  GB_GCA_003216795.1                                                                    30.50%    passed     56.50%
 861  GB_GCA_003279105.1                                                                    30.50%    passed     59.01%
 862  GB_GCA_003520145.1                                                                    26.43%    passed     85.88%
 863  GB_GCA_004297765.1                                                                    29.94%    failed      0.01%
 864  GB_GCA_007694015.1                                                                    41.77%    failed      0.00%
 865  GB_GCA_010091925.1                                                                    48.80%    failed      0.19%
 866  GB_GCA_012270465.1                                                                    33.64%    failed      0.00%
 867  GB_GCA_013314865.1                                                                    49.17%    passed      7.55%
 868  GB_GCA_013823635.1                                                                    20.15%    passed     90.13%
 869  GB_GCA_015231435.1                                                                    12.75%    passed     84.19%
 870  GB_GCA_015655215.1                                                                    28.10%    passed     77.13%
 871  GB_GCA_016213825.1                                                                    30.31%    passed     38.20%
 872  GB_GCA_016290775.1                                                                    32.16%    passed     26.63%
 873  GB_GCA_016791045.1                                                                    30.68%    failed      0.07%
 874  GB_GCA_016938735.1                                                                    13.49%    passed     81.13%
 875  GB_GCA_017484285.1                                                                    32.53%    failed      0.01%
 876  GB_GCA_017853245.1                                                                    30.68%    failed      0.00%
 877  GB_GCA_018242145.1                                                                    30.87%    failed      0.01%
 878  GB_GCA_018822665.1                                                                    44.73%    failed      3.02%
 879  GB_GCA_019359695.1                                                                    18.67%    passed     27.42%
 880  GB_GCA_020249505.1                                                                    31.05%    failed      0.00%
 881  GB_GCA_020974905.1                                                                    18.11%    passed     55.88%
 882  GB_GCA_021781535.1                                                                    21.07%    passed     82.47%
 883  GB_GCA_021804355.1                                                                    12.57%    passed     94.34%
 884  GB_GCA_021848385.1                                                                    15.16%    passed     92.40%
 885  GB_GCA_023142805.1                                                                     3.70%    passed     67.28%
 886  GB_GCA_023391425.1                                                                    18.67%    passed     14.84%
 887  GB_GCA_023401495.1                                                                    43.07%    failed      0.17%
 888  GB_GCA_023413605.1                                                                    20.15%    passed     61.67%
 889  GB_GCA_023426125.1                                                                    18.30%    passed     79.42%
 890  GB_GCA_023437715.1                                                                    31.24%    failed      0.03%
 891  GB_GCA_023488685.1                                                                    31.05%    failed      0.01%
 892  GB_GCA_024685545.1                                                                    35.86%    passed     90.45%
 893  GB_GCA_025362435.1                                                                    47.50%    failed      0.04%
 894  GB_GCA_026416815.1                                                                    22.18%    passed      9.54%
 895  GB_GCA_027484605.1                                                                    40.30%    failed      0.00%
 896  GB_GCA_028281265.1                                                                    40.67%    failed      0.00%
 897  GB_GCA_028692415.1                                                                    18.48%    passed     31.02%
 898  GB_GCA_029250205.1                                                                    31.98%    failed      0.03%
 899  GB_GCA_029859485.1                                                                    20.15%    passed     49.10%
 900  GB_GCA_030156255.1                                                                    18.30%    passed     61.49%
 901  GB_GCA_030653975.1                                                                    13.31%    passed      8.23%
 902  GB_GCA_030834765.1                                                                    21.26%    passed     50.65%
 903  GB_GCA_031261425.1                                                                    31.61%    failed      0.01%
 904  GB_GCA_031270005.1                                                                    39.37%    failed      1.31%
 905  GB_GCA_031275405.1                                                                    22.74%    passed     18.36%
 906  GB_GCA_031281925.1                                                                    22.55%    passed     37.21%
 907  GB_GCA_031289775.1                                                                    20.33%    passed     90.82%
 908  GB_GCA_031379725.1                                                                    18.85%    passed     51.00%
 909  GB_GCA_031732935.1                                                                    20.33%    failed      0.13%
 910  GB_GCA_034189505.1                                                                    14.23%    passed     78.75%
 911  GB_GCA_035285725.1                                                                    45.66%    failed      0.65%
 912  GB_GCA_035549515.1                                                                    27.73%    passed     16.68%
 913  GB_GCA_035873205.1                                                                    37.15%    passed     63.85%
 914  GB_GCA_036561025.1                                                                    12.57%    passed     88.80%
 915  GB_GCA_037129175.1                                                                    41.59%    failed      0.10%
 916  GB_GCA_038059415.1                                                                    50.28%    passed     65.17%
 917  GB_GCA_038251625.1                                                                    32.35%    failed      0.07%
 918  GB_GCA_039026295.1                                                                    31.42%    failed      0.40%
 919  GB_GCA_039795515.1                                                                    30.68%    failed      0.02%
 920  GB_GCA_040307025.1                                                                    18.30%    passed     37.55%
 921  GB_GCA_040755955.1                                                                    29.02%    failed      2.33%
 922  GB_GCA_041546475.1                                                                    19.78%    passed     76.12%
 923  GB_GCA_041669965.1                                                                    18.11%    passed     82.60%
 924  GB_GCA_041915065.1                                                                    40.48%    passed     71.28%
 925  GB_GCA_043826925.1                                                                    20.15%    passed     10.44%
 926  GB_GCA_045046665.1                                                                    17.93%    passed     89.58%
 927  GB_GCA_046295975.1                                                                    28.84%    failed      1.57%
 928  GB_GCA_046705065.1                                                                     2.96%    passed     80.01%
 929  GB_GCA_048820955.1                                                                     4.25%    passed     77.82%
 930  GB_GCA_049509275.1                                                                    18.30%    passed     68.79%
 931  GB_GCA_049799335.1                                                                    12.75%    passed     74.86%
 932  GB_GCA_050252135.1                                                                    18.30%    passed     72.68%
 933  GB_GCA_050296935.1                                                                     4.25%    passed     57.59%
 934  GB_GCA_051061015.1                                                                    19.41%    passed     52.55%
 935  GB_GCA_052145975.1                                                                    13.86%    passed     25.53%
 936  GB_GCA_900466005.1                                                                    19.78%    passed     19.29%
 937  GB_GCA_902571795.1                                                                    30.50%    passed     58.85%
 938  GB_GCA_902782715.1                                                                    40.67%    passed     98.72%
 939  GB_GCA_903823115.1                                                                    34.57%    failed      0.00%
 940  GB_GCA_903861045.1                                                                     3.14%    passed     95.35%
 941  GB_GCA_903899865.1                                                                     3.14%    passed     47.10%
 942  GB_GCA_903928965.1                                                                    19.59%    passed     72.87%
 943  GB_GCA_905236365.1                                                                    22.55%    passed     94.84%
 944  GB_GCA_937864365.1                                                                    19.59%    passed     80.50%
 945  GB_GCA_937935075.1                                                                    18.11%    passed     69.77%
 946  GB_GCA_943369575.1                                                                    12.75%    passed     53.31%
 947  GB_GCA_945916025.1                                                                    20.89%    failed      0.35%
 948  GB_GCA_947085875.1                                                                    13.49%    passed     28.53%
 949  GB_GCA_947454955.1                                                                    31.05%    failed      0.03%
 950  GB_GCA_949286115.1                                                                    46.95%    failed      2.97%
 951  GB_GCA_963662595.1                                                                    17.74%    passed     53.17%
 952  GB_GCA_963666685.2                                                                    18.30%    passed     68.52%
 953  GB_GCA_963676345.2                                                                     3.14%    passed     91.78%
 954  GB_GCA_963678185.1                                                                    20.52%    passed     47.13%
 955  GB_GCA_963710515.1                                                                    31.42%    failed      0.05%
 956  GB_GCA_963735155.1                                                                    18.48%    passed     50.24%
 957  GB_GCA_963756335.1                                                                    19.78%    passed     21.91%
 958  GB_GCA_963780775.1                                                                    18.30%    passed     52.14%
 959  GB_GCA_963803975.1                                                                    39.93%    passed     41.58%
 960  GB_GCA_963828255.1                                                                    14.79%    passed     65.86%
 961  GB_GCA_963999845.1                                                                    40.85%    failed      1.58%
 962  GB_GCA_964352845.1                                                                    31.61%    failed      0.65%
 963  GB_GCA_964403345.1                                                                     2.59%    passed     79.65%
 964  GB_GCA_964430315.1                                                                    18.85%    failed      0.29%
 965  GB_GCA_964457585.1                                                                    29.76%    passed      9.14%
 966  GB_GCA_964483855.1                                                                    47.13%    failed      0.00%
 967  GB_GCA_964518805.1                                                                    29.21%    failed      2.69%
 968  GB_GCA_964543575.1                                                                    21.44%    passed     78.46%
 969  GB_GCA_964576045.1                                                                    41.59%    passed      7.99%
 970  GB_GCA_964609825.1                                                                     3.51%    passed     76.54%
 971  GB_GCA_964632505.1                                                                    18.11%    passed     28.48%
 972  GB_GCA_964658145.1                                                                    13.49%    passed     45.64%
 973  GB_GCA_965246835.1                                                                    32.90%    failed      0.00%
 974  RS_GCF_000006985.1                                                                    44.73%    failed      3.46%
 975  RS_GCF_000019845.1                                                                    48.43%    passed     51.26%
 976  RS_GCF_000161795.2                                                                    32.72%    failed      0.70%
 977  RS_GCF_000217795.1                                                                    25.51%    passed     76.39%
 978  RS_GCF_000284255.1                                                                    13.31%    passed     14.21%
 979  RS_GCF_000340565.2                                                                    17.38%    passed     67.52%
 980  RS_GCF_000389635.1                                                                    31.79%    failed      0.05%
 981  RS_GCF_000430625.1                                                                    14.05%    passed     91.75%
 982  RS_GCF_000526495.1                                                                    31.79%    passed     20.06%
 983  RS_GCF_000712055.1                                                                    27.91%    passed     76.85%
 984  RS_GCF_000807255.1                                                                    30.87%    passed     33.74%
 985  RS_GCF_001269365.1                                                                    46.95%    failed      0.00%
 986  RS_GCF_001542855.1                                                                    30.87%    failed      0.00%
 987  RS_GCF_001693515.2                                                                    12.75%    passed     27.43%
 988  RS_GCF_001908375.1                                                                    12.38%    passed     50.07%
 989  RS_GCF_002162315.1                                                                    18.48%    passed     87.47%
 990  RS_GCF_002356555.2                                                                    36.97%    passed     21.33%
 991  RS_GCF_002904165.1                                                                    22.00%    passed     92.39%
 992  RS_GCF_003063645.1                                                                    47.50%    failed      0.00%
 993  RS_GCF_003289945.1                                                                    12.57%    passed     76.49%
 994  RS_GCF_003837805.1                                                                    20.15%    passed     29.10%
 995  RS_GCF_004023665.1                                                                    30.68%    failed      0.00%
 996  RS_GCF_004342165.1                                                                    17.93%    passed     20.66%
 997  RS_GCF_005402965.1                                                                    18.85%    passed     40.21%
 998  RS_GCF_007830295.1                                                                    22.74%    passed     39.32%
 999  RS_GCF_009363795.1                                                                    33.27%    failed      0.01%
1000  RS_GCF_009877435.1                                                                    47.32%    failed      0.01%
1001  RS_GCF_011769985.2                                                                    23.66%    failed      0.70%
1002  RS_GCF_013340205.1                                                                    21.81%    failed      0.35%
1003  RS_GCF_014197915.1                                                                    29.57%    failed      0.11%
1004  RS_GCF_014672695.1                                                                    18.30%    passed     56.14%
1005  RS_GCF_015070855.1                                                                    28.28%    failed      0.67%
1006  RS_GCF_016195855.1                                                                    24.21%    passed     27.95%
1007  RS_GCF_016908375.1                                                                    28.47%    passed     36.38%
1008  RS_GCF_017557435.1                                                                    33.64%    failed      0.01%
1009  RS_GCF_018324385.1                                                                    19.41%    passed     29.14%
1010  RS_GCF_018966525.1                                                                    20.89%    passed     89.10%
1011  RS_GCF_020144665.1                                                                    14.23%    passed     57.07%
1012  RS_GCF_021043395.1                                                                     3.70%    passed     21.43%
1013  RS_GCF_022271405.1                                                                    27.36%    passed     61.08%
1014  RS_GCF_023150065.1                                                                    13.31%    passed     16.29%
1015  RS_GCF_024505055.1                                                                    19.59%    passed     71.21%
1016  RS_GCF_025962655.1                                                                    18.30%    passed     84.75%
1017  RS_GCF_028290105.1                                                                    41.77%    failed      0.00%
1018  RS_GCF_029892425.1                                                                    26.43%    passed     22.70%
1019  RS_GCF_030534315.2                                                                     5.55%    failed      1.41%
1020  RS_GCF_031430775.1                                                                    30.87%    failed      0.08%
1021  RS_GCF_034092375.1                                                                    41.40%    failed      0.00%
1022  RS_GCF_035561255.1                                                                    31.79%    passed      7.34%
1023  RS_GCF_036824685.1                                                                    27.73%    passed     94.66%
1024  RS_GCF_036917635.1                                                                    47.32%    failed      0.37%
1025  RS_GCF_038024855.1                                                                    18.85%    passed     67.24%
1026  RS_GCF_040318115.1                                                                    12.38%    passed     65.40%
1027  RS_GCF_041689835.1                                                                    30.87%    failed      0.01%
1028  RS_GCF_042675565.1                                                                    31.42%    failed      0.00%
1029  RS_GCF_045310515.1                                                                    18.48%    passed     55.38%
1030  RS_GCF_047303025.1                                                                    33.27%    failed      0.10%
1031  RS_GCF_048612815.1                                                                    18.30%    passed     52.14%
1032  RS_GCF_050632175.1                                                                    38.08%    failed      0.01%
1033  RS_GCF_900089945.1                                                                    12.75%    passed     50.23%
1034  RS_GCF_900109175.1                                                                    12.75%    passed     97.97%
1035  RS_GCF_900117425.1                                                                    30.68%    failed      0.00%
1036  RS_GCF_900167465.1                                                                    97.60%    passed     35.97%
1037  RS_GCF_900659865.1                                                                    20.52%    passed     80.44%
1038  RS_GCF_937936435.1                                                                    42.33%    passed     93.11%
1039  RS_GCF_963677005.1                                                                     2.96%    passed     94.79%
1040  WP_011746158.1                                                                        28.28%    failed      3.63%
1041  WP_007165003.1                                                                        27.73%    failed      0.00%
1042  WP_011140219.1                                                                        28.65%    passed      6.07%
1043  WP_011814422.1                                                                        28.10%    failed      0.00%
1044  WP_011619889.1                                                                        27.91%    failed      0.05%
1045  sp|Q46FL2|CFBD_METBF                                                                  44.73%    passed      5.88%
1046  tr|A0A1I7B3V4|A0A1I7B3V4_METTE                                                        44.73%    failed      1.43%
1047  WP_094226903.1                                                                        43.25%    failed      2.26%
WARNING: 56 sequences contain more than 50% gaps/ambiguity
****  TOTAL                                                                                 22.08%  200 sequences failed composition chi2 test (p-value<5%; df=19)
NOTE: MarD is identical to Nfl_MarD but kept for subsequent analysis
NOTE: WP_013067944.1 is identical to Nfl_WP_013067944.1 but kept for subsequent analysis
NOTE: GB_GCA_000309865.1 is identical to Nfl_GB_GCA_000309865.1 but kept for subsequent analysis
NOTE: GB_GCA_003650865.1 is identical to Nfl_GB_GCA_003650865.1 but kept for subsequent analysis
NOTE: GB_GCA_019561555.1 is identical to Nfl_GB_GCA_019561555.1 but kept for subsequent analysis
NOTE: GB_GCA_028679495.1 is identical to Nfl_GB_GCA_028679495.1 but kept for subsequent analysis
NOTE: GB_GCA_034006405.1 is identical to Nfl_GB_GCA_034006405.1 but kept for subsequent analysis
NOTE: GB_GCA_963704695.1 is identical to Nfl_GB_GCA_963704695.1 but kept for subsequent analysis
NOTE: GB_GCA_964418105.1 is identical to Nfl_GB_GCA_964418105.1 but kept for subsequent analysis
NOTE: RS_GCF_002496565.1 is identical to Nfl_RS_GCF_002496565.1 but kept for subsequent analysis
NOTE: RS_GCF_030655665.1 is identical to Nfl_RS_GCF_030655665.1 but kept for subsequent analysis
NOTE: RS_GCF_963674485.2 is identical to Nfl_RS_GCF_963674485.2 but kept for subsequent analysis
NOTE: GB_GCA_002342295.1 is identical to Nfl_GB_GCA_002342295.1 but kept for subsequent analysis
NOTE: GB_GCA_002441265.1 is identical to Nfl_GB_GCA_002441265.1 but kept for subsequent analysis
NOTE: GB_GCA_004297765.1 is identical to Nfl_GB_GCA_004297765.1 but kept for subsequent analysis
NOTE: GB_GCA_007694015.1 is identical to Nfl_GB_GCA_007694015.1 but kept for subsequent analysis
NOTE: GB_GCA_010091925.1 is identical to Nfl_GB_GCA_010091925.1 but kept for subsequent analysis
NOTE: GB_GCA_012270465.1 is identical to Nfl_GB_GCA_012270465.1 but kept for subsequent analysis
NOTE: GB_GCA_013314865.1 is identical to Nfl_GB_GCA_013314865.1 but kept for subsequent analysis
NOTE: GB_GCA_013823635.1 is identical to Nfl_GB_GCA_013823635.1 but kept for subsequent analysis
NOTE: GB_GCA_015655215.1 is identical to Nfl_GB_GCA_015655215.1 but kept for subsequent analysis
NOTE: GB_GCA_016213825.1 is identical to Nfl_GB_GCA_016213825.1 but kept for subsequent analysis
NOTE: GB_GCA_016290775.1 is identical to Nfl_GB_GCA_016290775.1 but kept for subsequent analysis
NOTE: GB_GCA_017484285.1 is identical to Nfl_GB_GCA_017484285.1 but kept for subsequent analysis
NOTE: GB_GCA_017853245.1 is identical to Nfl_GB_GCA_017853245.1 but kept for subsequent analysis
NOTE: GB_GCA_018822665.1 is identical to Nfl_GB_GCA_018822665.1 but kept for subsequent analysis
NOTE: GB_GCA_019359695.1 is identical to Nfl_GB_GCA_019359695.1 but kept for subsequent analysis
NOTE: GB_GCA_020974905.1 is identical to Nfl_GB_GCA_020974905.1 but kept for subsequent analysis
NOTE: GB_GCA_023391425.1 is identical to Nfl_GB_GCA_023391425.1 but kept for subsequent analysis
NOTE: GB_GCA_023401495.1 is identical to Nfl_GB_GCA_023401495.1 but kept for subsequent analysis
NOTE: WP_052570612.1 is identical to DiazoDB_NZ_CP009498.1_686 but kept for subsequent analysis
NOTE: GB_GCA_023413605.1 is identical to Nfl_GB_GCA_023413605.1 but kept for subsequent analysis
NOTE: GB_GCA_023426125.1 is identical to Nfl_GB_GCA_023426125.1 but kept for subsequent analysis
NOTE: GB_GCA_023437715.1 is identical to Nfl_GB_GCA_023437715.1 but kept for subsequent analysis
NOTE: GB_GCA_023488685.1 is identical to Nfl_GB_GCA_023488685.1 but kept for subsequent analysis
NOTE: GB_GCA_024685545.1 is identical to Nfl_GB_GCA_024685545.1 but kept for subsequent analysis
NOTE: GB_GCA_025362435.1 is identical to Nfl_GB_GCA_025362435.1 but kept for subsequent analysis
NOTE: GB_GCA_026416815.1 is identical to Nfl_GB_GCA_026416815.1 but kept for subsequent analysis
NOTE: GB_GCA_027484605.1 is identical to Nfl_GB_GCA_027484605.1 but kept for subsequent analysis
NOTE: GB_GCA_028281265.1 is identical to Nfl_GB_GCA_028281265.1 but kept for subsequent analysis
NOTE: GB_GCA_028692415.1 is identical to Nfl_GB_GCA_028692415.1 but kept for subsequent analysis
NOTE: GB_GCA_029859485.1 is identical to Nfl_GB_GCA_029859485.1 but kept for subsequent analysis
NOTE: GB_GCA_031261425.1 is identical to Nfl_GB_GCA_031261425.1 but kept for subsequent analysis
NOTE: GB_GCA_031270005.1 is identical to Nfl_GB_GCA_031270005.1 but kept for subsequent analysis
NOTE: GB_GCA_031275405.1 is identical to Nfl_GB_GCA_031275405.1 but kept for subsequent analysis
NOTE: GB_GCA_031281925.1 is identical to Nfl_GB_GCA_031281925.1 but kept for subsequent analysis
NOTE: GB_GCA_031379725.1 is identical to Nfl_GB_GCA_031379725.1 but kept for subsequent analysis
NOTE: GB_GCA_031732935.1 is identical to Nfl_GB_GCA_031732935.1 but kept for subsequent analysis
NOTE: GB_GCA_035549515.1 is identical to Nfl_GB_GCA_035549515.1 but kept for subsequent analysis
NOTE: GB_GCA_035873205.1 is identical to Nfl_GB_GCA_035873205.1 but kept for subsequent analysis
NOTE: GB_GCA_037129175.1 is identical to Nfl_GB_GCA_037129175.1 but kept for subsequent analysis
NOTE: GB_GCA_038059415.1 is identical to Nfl_GB_GCA_038059415.1 but kept for subsequent analysis
NOTE: GB_GCA_038251625.1 is identical to Nfl_GB_GCA_038251625.1 but kept for subsequent analysis
NOTE: GB_GCA_040755955.1 is identical to Nfl_GB_GCA_040755955.1 but kept for subsequent analysis
NOTE: GB_GCA_041546475.1 is identical to Nfl_GB_GCA_041546475.1 but kept for subsequent analysis
NOTE: GB_GCA_041669965.1 is identical to Nfl_GB_GCA_041669965.1 but kept for subsequent analysis
NOTE: GB_GCA_041915065.1 is identical to Nfl_GB_GCA_041915065.1 but kept for subsequent analysis
NOTE: GB_GCA_045046665.1 is identical to Nfl_GB_GCA_045046665.1 but kept for subsequent analysis
NOTE: GB_GCA_046295975.1 is identical to Nfl_GB_GCA_046295975.1 but kept for subsequent analysis
NOTE: GB_GCA_902571795.1 is identical to Nfl_GB_GCA_902571795.1 but kept for subsequent analysis
NOTE: GB_GCA_902782715.1 is identical to Nfl_GB_GCA_902782715.1 but kept for subsequent analysis
NOTE: GB_GCA_905236365.1 is identical to Nfl_GB_GCA_905236365.1 but kept for subsequent analysis
NOTE: RS_GCF_000430625.1 is identical to NFixDB_NZ_KE387171.1_234 but kept for subsequent analysis
NOTE: GB_GCA_945916025.1 is identical to Nfl_GB_GCA_945916025.1 but kept for subsequent analysis
NOTE: GB_GCA_947454955.1 is identical to Nfl_GB_GCA_947454955.1 but kept for subsequent analysis
NOTE: GB_GCA_949286115.1 is identical to Nfl_GB_GCA_949286115.1 but kept for subsequent analysis
NOTE: GB_GCA_963662595.1 is identical to Nfl_GB_GCA_963662595.1 but kept for subsequent analysis
NOTE: GB_GCA_963678185.1 is identical to Nfl_GB_GCA_963678185.1 but kept for subsequent analysis
NOTE: GB_GCA_963735155.1 is identical to Nfl_GB_GCA_963735155.1 but kept for subsequent analysis
NOTE: GB_GCA_963756335.1 is identical to Nfl_GB_GCA_963756335.1 but kept for subsequent analysis
NOTE: GB_GCA_963803975.1 is identical to Nfl_GB_GCA_963803975.1 but kept for subsequent analysis
NOTE: GB_GCA_963999845.1 is identical to Nfl_GB_GCA_963999845.1 but kept for subsequent analysis
NOTE: GB_GCA_964430315.1 is identical to Nfl_GB_GCA_964430315.1 but kept for subsequent analysis
NOTE: GB_GCA_964457585.1 is identical to Nfl_GB_GCA_964457585.1 but kept for subsequent analysis
NOTE: GB_GCA_964483855.1 is identical to Nfl_GB_GCA_964483855.1 but kept for subsequent analysis
NOTE: GB_GCA_964518805.1 is identical to Nfl_GB_GCA_964518805.1 but kept for subsequent analysis
NOTE: GB_GCA_964576045.1 is identical to Nfl_GB_GCA_964576045.1 but kept for subsequent analysis
NOTE: GB_GCA_964632505.1 is identical to Nfl_GB_GCA_964632505.1 but kept for subsequent analysis
NOTE: GB_GCA_965246835.1 is identical to Nfl_GB_GCA_965246835.1 but kept for subsequent analysis
NOTE: RS_GCF_000006985.1 is identical to Nfl_RS_GCF_000006985.1 but kept for subsequent analysis
NOTE: RS_GCF_000019845.1 is identical to Nfl_RS_GCF_000019845.1 but kept for subsequent analysis
NOTE: RS_GCF_000389635.1 is identical to Nfl_RS_GCF_000389635.1 but kept for subsequent analysis
NOTE: RS_GCF_000526495.1 is identical to Nfl_RS_GCF_000526495.1 but kept for subsequent analysis
NOTE: RS_GCF_000712055.1 is identical to Nfl_RS_GCF_000712055.1 but kept for subsequent analysis
NOTE: RS_GCF_000807255.1 is identical to Nfl_RS_GCF_000807255.1 but kept for subsequent analysis
NOTE: RS_GCF_001269365.1 is identical to Nfl_RS_GCF_001269365.1 but kept for subsequent analysis
NOTE: RS_GCF_001542855.1 is identical to Nfl_RS_GCF_001542855.1 but kept for subsequent analysis
NOTE: RS_GCF_002356555.2 is identical to Nfl_RS_GCF_002356555.2 but kept for subsequent analysis
NOTE: RS_GCF_003063645.1 is identical to Nfl_RS_GCF_003063645.1 but kept for subsequent analysis
NOTE: RS_GCF_004342165.1 is identical to Nfl_RS_GCF_004342165.1 but kept for subsequent analysis
NOTE: RS_GCF_007830295.1 is identical to Nfl_RS_GCF_007830295.1 but kept for subsequent analysis
NOTE: RS_GCF_009877435.1 is identical to Nfl_RS_GCF_009877435.1 but kept for subsequent analysis
NOTE: RS_GCF_011769985.2 is identical to Nfl_RS_GCF_011769985.2 but kept for subsequent analysis
NOTE: RS_GCF_013340205.1 is identical to Nfl_RS_GCF_013340205.1 but kept for subsequent analysis
NOTE: RS_GCF_014197915.1 is identical to Nfl_RS_GCF_014197915.1 but kept for subsequent analysis
NOTE: RS_GCF_016195855.1 is identical to Nfl_RS_GCF_016195855.1 but kept for subsequent analysis
NOTE: RS_GCF_016908375.1 is identical to Nfl_RS_GCF_016908375.1 but kept for subsequent analysis
NOTE: RS_GCF_017557435.1 is identical to Nfl_RS_GCF_017557435.1 but kept for subsequent analysis
NOTE: RS_GCF_018966525.1 is identical to Nfl_RS_GCF_018966525.1 but kept for subsequent analysis
NOTE: RS_GCF_028290105.1 is identical to Nfl_RS_GCF_028290105.1 but kept for subsequent analysis
NOTE: RS_GCF_034092375.1 is identical to Nfl_RS_GCF_034092375.1 but kept for subsequent analysis
NOTE: RS_GCF_035561255.1 is identical to Nfl_RS_GCF_035561255.1 but kept for subsequent analysis
NOTE: RS_GCF_036824685.1 is identical to Nfl_RS_GCF_036824685.1 but kept for subsequent analysis
NOTE: RS_GCF_036917635.1 is identical to Nfl_RS_GCF_036917635.1 but kept for subsequent analysis
NOTE: RS_GCF_900167465.1 is identical to Nfl_RS_GCF_900167465.1 but kept for subsequent analysis
NOTE: RS_GCF_937936435.1 is identical to Nfl_RS_GCF_937936435.1 but kept for subsequent analysis


Create initial parsimony tree by phylogenetic likelihood library (PLL)... 2.326 seconds
Measuring multi-threading efficiency up to 8 CPU cores
3 trees examined
Threads: 1 / Time: 10.005 sec / Speedup: 1.000 / Efficiency: 100% / LogL: -818813
Threads: 2 / Time: 5.896 sec / Speedup: 1.697 / Efficiency: 85% / LogL: -818813
Threads: 3 / Time: 4.372 sec / Speedup: 2.289 / Efficiency: 76% / LogL: -818813
Threads: 4 / Time: 3.813 sec / Speedup: 2.624 / Efficiency: 66% / LogL: -818813
Threads: 5 / Time: 3.432 sec / Speedup: 2.916 / Efficiency: 58% / LogL: -818813
Threads: 6 / Time: 3.003 sec / Speedup: 3.331 / Efficiency: 56% / LogL: -818813
Threads: 7 / Time: 2.941 sec / Speedup: 3.402 / Efficiency: 49% / LogL: -818813
BEST NUMBER OF THREADS: 6

Perform fast likelihood tree search using LG+G model...
Estimate model parameters (epsilon = 5.000)
Perform nearest neighbor interchange...
Estimate model parameters (epsilon = 1.000)
1. Initial log-likelihood: -404204.431
Optimal log-likelihood: -404204.286
Gamma shape alpha: 1.573
Parameters optimization took 1 rounds (2.127 sec)
Time for fast ML tree search: 37.366 seconds

NOTE: ModelFinder requires 914 MB RAM!
ModelFinder will test up to 220 protein models (sample size: 541) ...
 No. Model         -LnL         df  AIC          AICc         BIC
  1  LG            422281.875   2091 848745.751   9597489.751  857723.290
  2  LG+G4         404204.158   2092 812592.316   9569704.316  821574.149
  3  LG+R2         408111.005   2093 820408.009   9585892.009  829394.136
  4  LG+R3         405371.681   2095 814933.362   9597173.362  823928.075
  5  LG+R4         404104.429   2097 812402.858   9611414.858  821406.158
  6  LG+R5         403610.500   2099 811419.000   9627219.000  820430.887
  7  LG+R6         403205.150   2101 810612.299   9643216.299  819632.773
  8  LG+R7         403025.433   2103 810256.867   9659680.867  819285.928
  9  LG+R8         402969.372   2105 810148.744   9676408.744  819186.392
 10  LG+R9         402833.005   2107 809880.010   9692992.010  818926.245
 11  LG+R10        402817.373   2109 809852.747   9709832.747  818907.568
 22  LG+F+R10      402883.435   2128 810022.870   9871046.870  819159.266
 33  WAG+R10       405371.685   2109 814961.371   9714941.371  824016.192
 44  WAG+F+R10     404938.985   2128 814133.969   9875157.969  823270.366
 55  JTT+R10       409318.523   2109 822855.047   9722835.047  831909.868
 66  JTT+F+R10     409238.671   2128 822733.342   9883757.342  831869.738
 77  Q.pfam+R10    403039.231   2109 810296.461   9710276.461  819351.283
 88  Q.pfam+F+R10  403361.461   2128 810978.923   9872002.923  820115.319
 99  JTTDCMut+R10  409212.156   2109 822642.312   9722622.312  831697.133
110  JTTDCMut+F+R10 409072.135   2128 822400.271   9883424.271  831536.667
121  DCMut+R10     412650.466   2109 829518.932   9729498.932  838573.753
132  DCMut+F+R10   411677.732   2128 827611.465   9888635.465  836747.861
143  VT+R10        406769.021   2109 817756.042   9717736.042  826810.863
154  VT+F+R10      406591.596   2128 817439.191   9878463.191  826575.587
165  PMB+R10       409177.238   2109 822572.476   9722552.476  831627.297
176  PMB+F+R10     408633.852   2128 821523.704   9882547.704  830660.101
187  Blosum62+R10  408210.514   2109 820639.029   9720619.029  829693.850
198  Blosum62+F+R10 408113.122   2128 820482.244   9881506.244  829618.641
209  Dayhoff+R10   412640.302   2109 829498.604   9729478.604  838553.425
220  Dayhoff+F+R10 411672.840   2128 827601.679   9888625.679  836738.076
Akaike Information Criterion:           LG+R10
Corrected Akaike Information Criterion: LG+G4
Bayesian Information Criterion:         LG+R10
Best-fit model: LG+R10 chosen according to BIC

All model information printed to ../diazoDB-comparison/tree-comparison/nifD_clustered_0.75_allDB_outgroup.model.gz
CPU time for ModelFinder: 27017.016 seconds (7h:30m:17s)
Wall-clock time for ModelFinder: 4638.524 seconds (1h:17m:18s)
Generating 1000 samples for ultrafast bootstrap (seed: 607543)...

NOTE: 914 MB RAM (0 GB) is required!
Estimate model parameters (epsilon = 0.100)
1. Initial log-likelihood: -402817.373
Optimal log-likelihood: -402817.364
Site proportion and rates:  (0.026,0.052) (0.047,0.170) (0.172,0.316) (0.168,0.493) (0.096,0.648) (0.087,0.794) (0.106,1.043) (0.101,1.425) (0.119,2.014) (0.076,2.957)
Parameters optimization took 1 rounds (14.683 sec)
Computing ML distances based on estimated model parameters...
Computing ML distances took 54.143917 sec (of wall-clock time) 314.689225 sec(of CPU time)
WARNING: Some pairwise ML distances are too long (saturated)
Computing RapidNJ tree took 41.243924 sec (of wall-clock time) 190.315806 sec (of CPU time)
Log-likelihood of RapidNJ tree: -413155.082
--------------------------------------------------------------------
|             INITIALIZING CANDIDATE TREE SET                      |
--------------------------------------------------------------------
Generating 98 parsimony trees... 157.432 second
Computing log-likelihood of 98 initial trees ... 169.846 seconds
Current best score: -402817.364

Do NNI search on 20 best initial trees
Estimate model parameters (epsilon = 0.100)
BETTER TREE FOUND at iteration 1: -402799.315
Estimate model parameters (epsilon = 0.100)
BETTER TREE FOUND at iteration 2: -402723.274
Iteration 10 / LogL: -402930.508 / Time: 0h:18m:8s
Iteration 20 / LogL: -402996.432 / Time: 0h:25m:29s
Finish initializing candidate tree set (20)
Current best tree score: -402723.274 / CPU time: 1390.693
Number of iterations: 20
--------------------------------------------------------------------
|               OPTIMIZING CANDIDATE TREE SET                      |
--------------------------------------------------------------------
Estimate model parameters (epsilon = 0.100)
BETTER TREE FOUND at iteration 25: -402670.943
Estimate model parameters (epsilon = 0.100)
BETTER TREE FOUND at iteration 26: -402638.488
Estimate model parameters (epsilon = 0.100)
BETTER TREE FOUND at iteration 27: -402615.269
Iteration 30 / LogL: -402658.347 / Time: 0h:33m:37s (1h:52m:29s left)
Estimate model parameters (epsilon = 0.100)
BETTER TREE FOUND at iteration 34: -402586.718
Iteration 40 / LogL: -402669.555 / Time: 0h:40m:46s (1h:38m:17s left)
Iteration 50 / LogL: -402589.785 / Time: 0h:47m:30s (1h:21m:26s left)
Log-likelihood cutoff on original alignment: -402869.583
Estimate model parameters (epsilon = 0.100)
BETTER TREE FOUND at iteration 52: -402573.315
Estimate model parameters (epsilon = 0.100)
BETTER TREE FOUND at iteration 57: -402572.544
Iteration 60 / LogL: -402599.304 / Time: 0h:55m:46s (1h:31m:41s left)
Estimate model parameters (epsilon = 0.100)
BETTER TREE FOUND at iteration 66: -402551.565
Iteration 70 / LogL: -402776.149 / Time: 1h:3m:27s (1h:28m:17s left)
Iteration 80 / LogL: -402606.789 / Time: 1h:10m:6s (1h:16m:18s left)
Iteration 90 / LogL: -402568.800 / Time: 1h:16m:36s (1h:5m:24s left)
Iteration 100 / LogL: -402581.336 / Time: 1h:23m:17s (0h:55m:31s left)
Log-likelihood cutoff on original alignment: -402824.217
NOTE: Bootstrap correlation coefficient of split occurrence frequencies: 0.978
NOTE: UFBoot does not converge, continue at least 100 more iterations
Iteration 110 / LogL: -402564.857 / Time: 1h:30m:20s (1h:14m:35s left)
Estimate model parameters (epsilon = 0.100)
BETTER TREE FOUND at iteration 113: -402524.836
Iteration 120 / LogL: -402613.386 / Time: 1h:37m:34s (1h:16m:15s left)
Iteration 130 / LogL: -402546.897 / Time: 1h:44m:23s (1h:7m:9s left)
Estimate model parameters (epsilon = 0.100)
BETTER TREE FOUND at iteration 140: -402523.677
Iteration 140 / LogL: -402523.677 / Time: 1h:51m:52s (1h:20m:29s left)
Iteration 150 / LogL: -402598.611 / Time: 1h:59m:0s (1h:11m:53s left)
Log-likelihood cutoff on original alignment: -402747.375
Iteration 160 / LogL: -403034.391 / Time: 2h:5m:58s (1h:3m:22s left)
Estimate model parameters (epsilon = 0.100)
BETTER TREE FOUND at iteration 165: -402517.588
Iteration 170 / LogL: -402535.111 / Time: 2h:13m:24s (1h:14m:59s left)
Estimate model parameters (epsilon = 0.100)
BETTER TREE FOUND at iteration 171: -402505.888
Iteration 180 / LogL: -402534.397 / Time: 2h:21m:17s (1h:11m:49s left)
Estimate model parameters (epsilon = 0.100)
BETTER TREE FOUND at iteration 183: -402500.595
Iteration 190 / LogL: -402594.034 / Time: 2h:28m:49s (1h:13m:13s left)
Iteration 200 / LogL: -402598.563 / Time: 2h:35m:37s (1h:4m:54s left)
Log-likelihood cutoff on original alignment: -402732.534
NOTE: Bootstrap correlation coefficient of split occurrence frequencies: 0.964
NOTE: UFBoot does not converge, continue at least 100 more iterations
Iteration 210 / LogL: -402546.396 / Time: 2h:42m:18s (1h:9m:53s left)
Estimate model parameters (epsilon = 0.100)
BETTER TREE FOUND at iteration 211: -402481.856
Iteration 220 / LogL: -402544.788 / Time: 2h:49m:46s (1h:10m:32s left)
Estimate model parameters (epsilon = 0.100)
BETTER TREE FOUND at iteration 227: -402464.892
Iteration 230 / LogL: -402543.981 / Time: 2h:56m:53s (1h:14m:55s left)
Iteration 240 / LogL: -402550.416 / Time: 3h:3m:20s (1h:6m:44s left)
Iteration 250 / LogL: -402551.801 / Time: 3h:9m:58s (0h:58m:44s left)
Log-likelihood cutoff on original alignment: -402732.534
Iteration 260 / LogL: -402667.149 / Time: 3h:16m:36s (0h:50m:51s left)
Iteration 270 / LogL: -402485.138 / Time: 3h:23m:30s (0h:43m:7s left)
Iteration 280 / LogL: -402520.051 / Time: 3h:30m:13s (0h:35m:24s left)
Estimate model parameters (epsilon = 0.100)
BETTER TREE FOUND at iteration 286: -402462.277
Iteration 290 / LogL: -402553.200 / Time: 3h:37m:58s (1h:12m:24s left)
Iteration 300 / LogL: -402508.534 / Time: 3h:44m:42s (1h:4m:37s left)
Log-likelihood cutoff on original alignment: -402724.010
NOTE: Bootstrap correlation coefficient of split occurrence frequencies: 0.974
NOTE: UFBoot does not converge, continue at least 100 more iterations
Iteration 310 / LogL: -402495.973 / Time: 3h:51m:21s (1h:7m:23s left)
Iteration 320 / LogL: -402566.606 / Time: 3h:57m:51s (0h:59m:39s left)
Iteration 330 / LogL: -402667.995 / Time: 4h:4m:27s (0h:52m:0s left)
Iteration 340 / LogL: -402509.374 / Time: 4h:11m:29s (0h:44m:30s left)
Iteration 350 / LogL: -402464.917 / Time: 4h:18m:32s (0h:37m:2s left)
Log-likelihood cutoff on original alignment: -402724.010
Iteration 360 / LogL: -402571.849 / Time: 4h:25m:10s (0h:29m:32s left)
Estimate model parameters (epsilon = 0.100)
BETTER TREE FOUND at iteration 370: -402458.444
Iteration 370 / LogL: -402458.444 / Time: 4h:32m:45s (1h:13m:55s left)
Iteration 380 / LogL: -402551.940 / Time: 4h:39m:16s (1h:6m:19s left)
Iteration 390 / LogL: -402534.953 / Time: 4h:45m:54s (0h:58m:47s left)
Iteration 400 / LogL: -402533.042 / Time: 4h:52m:26s (0h:51m:18s left)
Log-likelihood cutoff on original alignment: -402724.010
NOTE: Bootstrap correlation coefficient of split occurrence frequencies: 0.984
NOTE: UFBoot does not converge, continue at least 100 more iterations
Iteration 410 / LogL: -402480.951 / Time: 4h:59m:13s (1h:5m:50s left)
Iteration 420 / LogL: -402548.445 / Time: 5h:6m:1s (0h:58m:25s left)
Iteration 430 / LogL: -402542.934 / Time: 5h:12m:30s (0h:50m:59s left)
Iteration 440 / LogL: -402531.793 / Time: 5h:19m:16s (0h:43m:38s left)
Iteration 450 / LogL: -402484.802 / Time: 5h:26m:17s (0h:36m:20s left)
Log-likelihood cutoff on original alignment: -402696.921
Iteration 460 / LogL: -402504.480 / Time: 5h:33m:3s (0h:29m:1s left)
Iteration 470 / LogL: -402509.499 / Time: 5h:39m:34s (0h:21m:43s left)
Iteration 480 / LogL: -402489.341 / Time: 5h:45m:58s (0h:14m:26s left)
Iteration 490 / LogL: -402609.722 / Time: 5h:52m:36s (0h:7m:12s left)
Iteration 500 / LogL: -402548.313 / Time: 5h:59m:29s (0h:0m:0s left)
Log-likelihood cutoff on original alignment: -402696.921
NOTE: Bootstrap correlation coefficient of split occurrence frequencies: 0.988
NOTE: UFBoot does not converge, continue at least 100 more iterations
Estimate model parameters (epsilon = 0.100)
BETTER TREE FOUND at iteration 506: -402456.892
Iteration 510 / LogL: -402503.339 / Time: 6h:6m:47s (1h:9m:10s left)
Iteration 520 / LogL: -402502.449 / Time: 6h:13m:37s (1h:1m:54s left)
Iteration 530 / LogL: -402589.848 / Time: 6h:20m:8s (0h:54m:36s left)
Iteration 540 / LogL: -402589.055 / Time: 6h:26m:36s (0h:47m:20s left)
Estimate model parameters (epsilon = 0.100)
BETTER TREE FOUND at iteration 546: -402452.607
Iteration 550 / LogL: -402462.466 / Time: 6h:33m:32s (1h:8m:48s left)
Log-likelihood cutoff on original alignment: -402696.921
Iteration 560 / LogL: -402477.160 / Time: 6h:40m:23s (1h:1m:35s left)
Iteration 570 / LogL: -402483.022 / Time: 6h:46m:57s (0h:54m:21s left)
Iteration 580 / LogL: -402512.639 / Time: 6h:53m:40s (0h:47m:9s left)
Iteration 590 / LogL: -402528.439 / Time: 7h:0m:6s (0h:39m:56s left)
Estimate model parameters (epsilon = 0.100)
BETTER TREE FOUND at iteration 592: -402448.893
Iteration 600 / LogL: -402527.330 / Time: 7h:7m:11s (1h:5m:36s left)
Log-likelihood cutoff on original alignment: -402696.921
NOTE: Bootstrap correlation coefficient of split occurrence frequencies: 0.993
Iteration 610 / LogL: -402481.879 / Time: 7h:13m:47s (1h:4m:6s left)
Iteration 620 / LogL: -402527.542 / Time: 7h:20m:31s (0h:56m:56s left)
Estimate model parameters (epsilon = 0.100)
BETTER TREE FOUND at iteration 624: -402443.526
Iteration 630 / LogL: -402552.852 / Time: 7h:27m:26s (1h:6m:52s left)
Iteration 640 / LogL: -402511.648 / Time: 7h:34m:11s (0h:59m:42s left)
Iteration 650 / LogL: -402496.367 / Time: 7h:40m:44s (0h:52m:32s left)
Log-likelihood cutoff on original alignment: -402696.921
Iteration 660 / LogL: -402462.969 / Time: 7h:47m:25s (0h:45m:23s left)
Iteration 670 / LogL: -402499.772 / Time: 7h:54m:15s (0h:38m:16s left)
Iteration 680 / LogL: -402465.258 / Time: 8h:0m:46s (0h:31m:9s left)
Iteration 690 / LogL: -402546.625 / Time: 8h:7m:23s (0h:24m:3s left)
Iteration 700 / LogL: -402611.467 / Time: 8h:13m:58s (0h:16m:57s left)
Log-likelihood cutoff on original alignment: -402696.921
NOTE: Bootstrap correlation coefficient of split occurrence frequencies: 0.993
Iteration 710 / LogL: -402491.041 / Time: 8h:20m:38s (1h:3m:33s left)
Estimate model parameters (epsilon = 0.100)
BETTER TREE FOUND at iteration 714: -402439.426
Iteration 720 / LogL: -402535.258 / Time: 8h:27m:55s (1h:6m:24s left)
Iteration 730 / LogL: -402460.972 / Time: 8h:34m:27s (0h:59m:16s left)
Iteration 740 / LogL: -402474.548 / Time: 8h:41m:7s (0h:52m:10s left)
Iteration 750 / LogL: -402452.913 / Time: 8h:47m:59s (0h:45m:6s left)
Log-likelihood cutoff on original alignment: -402696.921
Estimate model parameters (epsilon = 0.100)
BETTER TREE FOUND at iteration 755: -402427.516
Iteration 760 / LogL: -402560.949 / Time: 8h:55m:17s (1h:6m:59s left)
Iteration 770 / LogL: -402446.654 / Time: 9h:2m:8s (0h:59m:55s left)
Iteration 780 / LogL: -402502.312 / Time: 9h:8m:57s (0h:52m:51s left)
Iteration 790 / LogL: -402552.513 / Time: 9h:15m:36s (0h:45m:46s left)
Iteration 800 / LogL: -402529.186 / Time: 9h:22m:15s (0h:38m:42s left)
Log-likelihood cutoff on original alignment: -402696.921
NOTE: Bootstrap correlation coefficient of split occurrence frequencies: 0.988
NOTE: UFBoot does not converge, continue at least 100 more iterations
Iteration 810 / LogL: -402465.506 / Time: 9h:28m:55s (1h:3m:17s left)
Iteration 820 / LogL: -402461.384 / Time: 9h:35m:45s (0h:56m:14s left)
Iteration 830 / LogL: -402563.155 / Time: 9h:42m:22s (0h:49m:10s left)
Iteration 840 / LogL: -402465.118 / Time: 9h:49m:11s (0h:42m:8s left)
Estimate model parameters (epsilon = 0.100)
BETTER TREE FOUND at iteration 846: -402417.273
Iteration 850 / LogL: -402526.644 / Time: 9h:56m:25s (1h:7m:26s left)
Log-likelihood cutoff on original alignment: -402696.921
Iteration 860 / LogL: -402488.781 / Time: 10h:3m:14s (1h:0m:23s left)
Estimate model parameters (epsilon = 0.100)
BETTER TREE FOUND at iteration 862: -402413.056
Iteration 870 / LogL: -402502.448 / Time: 10h:10m:7s (1h:4m:35s left)
Iteration 880 / LogL: -402496.646 / Time: 10h:16m:46s (0h:57m:32s left)
Iteration 890 / LogL: -402440.129 / Time: 10h:23m:22s (0h:50m:29s left)
Iteration 900 / LogL: -402506.088 / Time: 10h:30m:5s (0h:43m:27s left)
Log-likelihood cutoff on original alignment: -402696.921
NOTE: Bootstrap correlation coefficient of split occurrence frequencies: 0.984
NOTE: UFBoot does not converge, continue at least 100 more iterations
Estimate model parameters (epsilon = 0.100)
BETTER TREE FOUND at iteration 908: -402404.416
Iteration 910 / LogL: -402452.516 / Time: 10h:36m:53s (1h:8m:39s left)
Iteration 920 / LogL: -402441.623 / Time: 10h:43m:36s (1h:1m:37s left)
Iteration 930 / LogL: -402482.309 / Time: 10h:50m:14s (0h:54m:35s left)
Iteration 940 / LogL: -402692.509 / Time: 10h:57m:15s (0h:47m:35s left)
Iteration 950 / LogL: -402451.111 / Time: 11h:3m:57s (0h:40m:34s left)
Log-likelihood cutoff on original alignment: -402696.921
Iteration 960 / LogL: -402516.796 / Time: 11h:10m:32s (0h:33m:33s left)
Iteration 970 / LogL: -402499.445 / Time: 11h:17m:5s (0h:26m:33s left)
Iteration 980 / LogL: -402502.843 / Time: 11h:23m:44s (0h:19m:33s left)
Iteration 990 / LogL: -402474.235 / Time: 11h:30m:14s (0h:12m:33s left)
Iteration 1000 / LogL: -402491.979 / Time: 11h:37m:1s (0h:5m:34s left)
Log-likelihood cutoff on original alignment: -402696.921
NOTE: Bootstrap correlation coefficient of split occurrence frequencies: 0.982
NOTE: UFBoot does not converge, continue at least 100 more iterations
WARNING: bootstrap analysis did not converge. You should rerun with higher number of iterations (-nm option)
TREE SEARCH COMPLETED AFTER 1001 ITERATIONS / Time: 11h:37m:48s

--------------------------------------------------------------------
|                    FINALIZING TREE SEARCH                        |
--------------------------------------------------------------------
Performs final model parameters optimization
Estimate model parameters (epsilon = 0.010)
1. Initial log-likelihood: -402404.416
Optimal log-likelihood: -402404.412
Site proportion and rates:  (0.031,0.059) (0.047,0.185) (0.171,0.320) (0.165,0.492) (0.097,0.646) (0.088,0.797) (0.109,1.051) (0.101,1.444) (0.117,2.030) (0.075,2.980)
Parameters optimization took 1 rounds (11.216 sec)
BEST SCORE FOUND : -402404.412

Testing tree branches by SH-like aLRT with 1000 replicates...
Alternative NNI shows better log-likelihood -402403.981 > -402404.412
Alternative NNI shows better log-likelihood -402403.419 > -402404.412
Alternative NNI shows better log-likelihood -402404.064 > -402404.412
Alternative NNI shows better log-likelihood -402403.471 > -402404.412
Alternative NNI shows better log-likelihood -402404.138 > -402404.412
8.149 sec.
Creating bootstrap support values...
Split supports printed to NEXUS file ../diazoDB-comparison/tree-comparison/nifD_clustered_0.75_allDB_outgroup.splits.nex
Total tree length: 330.767

Total number of iterations: 1001
CPU time used for tree search: 245535.267 sec (68h:12m:15s)
Wall-clock time used for tree search: 41729.805 sec (11h:35m:29s)
Total CPU time used: 246413.858 sec (68h:26m:53s)
Total wall-clock time used: 41893.862 sec (11h:38m:13s)

Computing bootstrap consensus tree...
Reading input file ../diazoDB-comparison/tree-comparison/nifD_clustered_0.75_allDB_outgroup.splits.nex...
1047 taxa and 4406 splits.
Consensus tree written to ../diazoDB-comparison/tree-comparison/nifD_clustered_0.75_allDB_outgroup.contree
Reading input trees file ../diazoDB-comparison/tree-comparison/nifD_clustered_0.75_allDB_outgroup.contree
Log-likelihood of consensus tree: -402412.110

Analysis results written to: 
  IQ-TREE report:                ../diazoDB-comparison/tree-comparison/nifD_clustered_0.75_allDB_outgroup.iqtree
  Maximum-likelihood tree:       ../diazoDB-comparison/tree-comparison/nifD_clustered_0.75_allDB_outgroup.treefile
  Likelihood distances:          ../diazoDB-comparison/tree-comparison/nifD_clustered_0.75_allDB_outgroup.mldist

Ultrafast bootstrap approximation results written to:
  Split support values:          ../diazoDB-comparison/tree-comparison/nifD_clustered_0.75_allDB_outgroup.splits.nex
  Consensus tree:                ../diazoDB-comparison/tree-comparison/nifD_clustered_0.75_allDB_outgroup.contree
  Screen log file:               ../diazoDB-comparison/tree-comparison/nifD_clustered_0.75_allDB_outgroup.log

Date and Time: Sat Oct  3 07:06:37 2026
