IQ-TREE multicore version 2.1.4-beta COVID-edition for Linux 64-bit built Jun 24 2021
Developed by Bui Quang Minh, James Barbetti, Nguyen Lam Tung,
Olga Chernomor, Heiko Schmidt, Dominik Schrempf, Michael Woodhams.

Host:    hpc-34-09.cm.cluster (AVX512, FMA3, 503 GB RAM)
Command: iqtree -s ../diazoDB-comparison/tree-comparison/nifD_anfD_vnfD_clustered.trim -safe -m MFP -msub nuclear -T AUTO -ntmax 8 -B 1000 -alrt 1000
Seed:    606771 (Using SPRNG - Scalable Parallel Random Number Generator)
Time:    Mon Sep 14 17:50:49 2026
Kernel:  Safe AVX+FMA - auto-detect threads (8 CPU cores detected)

Reading alignment file ../diazoDB-comparison/tree-comparison/nifD_anfD_vnfD_clustered.trim ... Fasta format detected
Alignment most likely contains protein sequences
Alignment has 1644 sequences with 650 columns, 650 distinct patterns
649 parsimony-informative, 0 singleton sites, 1 constant sites
                                Gap/Ambiguity  Composition  p-value
   1  JALOOX010000002.1_95             15.69%    passed     99.69%
   2  JANQID010000067.1_21             27.85%    passed     14.98%
   3  JASJCL010000004.1_117            15.38%    passed    100.00%
   4  JAURZP010000061.1_14             18.15%    passed     89.51%
   5  JAISWZ010000171.1_9              18.92%    passed     93.63%
   6  JAITGU010000090.1_9              29.23%    passed     26.44%
   7  JAITRL010000028.1_9              20.46%    passed     84.89%
   8  DALYIW010000271.1_5              26.15%    passed     93.14%
   9  JBDKVD010000197.1_7              16.15%    passed     98.41%
  10  JBEHWK010000096.1_9              18.77%    passed     65.36%
  11  JBGUEQ010000052.1_26             18.62%    passed     94.93%
  12  JBNKTL010000003.1_4              17.08%    passed     92.91%
  13  NC_005863.1_12                   17.54%    passed     56.32%
  14  NZ_KI912268.1_867                16.92%    passed     98.38%
  15  NZ_AUBR01000070.1_9              34.77%    failed      0.00%
  16  NZ_KK073873.1_2549               17.08%    passed     97.69%
  17  NZ_CP009933.1_252                26.15%    passed     47.51%
  18  NZ_LYVF01000002.1_35             29.08%    failed      0.00%
  19  NZ_QKZK01000008.1_30             17.08%    passed     98.13%
  20  NZ_WASO01000010.1_167            17.08%    passed     97.08%
  21  NZ_WIQU01000016.1_107            26.15%    passed      5.87%
  22  NZ_CP091277.1_1736               18.77%    passed     37.30%
  23  NZ_CP121472.1_4783               24.15%    passed     95.75%
  24  NZ_JBHFNP010000103.1_3           19.54%    passed     92.97%
  25  NZ_CP187479.1_1638               33.54%    failed      0.02%
  26  JAYRLO010000064.1_8              26.15%    passed     99.96%
  27  JBCQUZ010000008.1_31             17.38%    passed     65.99%
  28  JBMOLU010000008.1_39             16.15%    passed     99.88%
  29  JBASOB010000432.1_3              18.31%    passed     38.03%
  30  CAAAFQ010000066.1_13             26.15%    passed     83.24%
  31  CAKZLZ010000094.1_15             18.62%    passed     99.76%
  32  OW818699.1_1121                  16.92%    passed     96.53%
  33  CAXXQT010000009.1_544            16.62%    passed     97.21%
  34  OY782041.1_45                    16.77%    passed     99.87%
  35  OY787460.1_3962                  16.62%    passed     91.42%
  36  CAVTMV010000016.1_277            44.77%    passed     16.62%
  37  CAYVRD010000023.1_12             17.69%    passed     91.26%
  38  CAZQOG010000061.1_9              16.15%    passed     96.03%
  39  NC_009464.1_1400                 19.23%    passed     99.50%
  40  NC_005090.1_1299                 27.69%    passed     99.28%
  41  NZ_AQWN01000004.1_182            18.15%    passed     69.04%
  42  NZ_MJAT01000037.1_131            17.69%    passed     94.11%
  43  NZ_JAAEEH010000003.1_38          17.38%    passed     84.48%
  44  NZ_JAAMOZ010000001.1_1727        16.62%    passed     76.68%
  45  NZ_CAUVXL010000160.1_23          26.31%    passed     69.22%
  46  DBMP01000016.1_4                 29.08%    passed     95.63%
  47  JACCQO010000008.1_40             25.69%    passed     84.16%
  48  JARRRD010000091.1_11             32.92%    failed      1.51%
  49  LFCU01000132.1_3                 16.62%    passed     99.93%
  50  DBTX01000018.1_21                18.62%    passed     99.60%
  51  DKAS01000152.1_14                24.46%    passed     99.14%
  52  QKMY01000053.1_35                17.23%    passed     77.81%
  53  DRJN01000053.1_6                 24.46%    passed     87.80%
  54  JAAUSR010000097.1_6              24.92%    passed     99.97%
  55  JAADIV010000184.1_4              17.08%    passed     92.11%
  56  JACRLM010000031.1_16             26.46%    passed     56.15%
  57  JADKDL010000007.1_69             28.62%    passed     81.72%
  58  JAFGVA010000017.1_24             16.15%    passed     92.24%
  59  JAGBNK010000006.1_7              25.38%    passed     91.54%
  60  JAHJLV010000019.1_4              16.00%    passed     88.52%
  61  JAEYWP010000016.1_290            15.69%    passed     84.64%
  62  JAEXPS010000217.1_37             17.08%    failed      0.03%
  63  JAILRO010000057.1_56             26.15%    passed     55.50%
  64  JALWFG010000008.1_104            28.62%    passed     10.96%
  65  JAQIBV010000054.1_103            16.92%    passed     96.99%
  66  JANQGZ010000123.1_126            26.31%    passed     72.41%
  67  JAJUGN010000005.1_40             18.15%    passed     98.60%
  68  JAOUHH010000025.1_8              16.46%    passed     97.09%
  69  JAUZPI010000032.1_24             25.85%    passed     62.90%
  70  JAITFN010000026.1_9              18.31%    passed     92.56%
  71  JAITQT010000033.1_5              20.15%    passed     90.76%
  72  JAVVEA010000004.1_166            26.62%    passed     86.10%
  73  CAVVPU010000019.1_22             16.15%    passed     86.16%
  74  CAWHUG010000015.1_232            40.31%    failed      1.51%
  75  CAYYMO010000160.1_5              18.62%    passed     75.75%
  76  CAZCRM010000001.1_7              29.08%    passed     83.89%
  77  NZ_ACJM01000023.1_8              17.85%    passed     99.77%
  78  NZ_KB900617.1_255                18.15%    passed     75.30%
  79  NZ_AULZ01000001.1_402            16.92%    passed     99.85%
  80  NZ_KI912098.1_113                25.23%    passed     88.48%
  81  NZ_AUUU01000014.1_73             25.85%    passed     81.25%
  82  NZ_VLLC01000023.1_15             16.46%    passed     98.99%
  83  NZ_AP022853.1_965                26.77%    passed     87.75%
  84  PEAP01000018.1_10                26.77%    passed     62.56%
  85  PKTT01000037.1_28                16.77%    passed     81.81%
  86  PLOR01000108.1_33                39.69%    failed      2.61%
  87  VENI01000005.1_305               18.00%    passed     60.03%
  88  JAADIA010000013.1_7              16.62%    passed     98.75%
  89  JAGCNW010000006.1_55             27.23%    passed      6.96%
  90  JAKASO010000002.1_49             26.92%    passed     54.43%
  91  JAEZDF010000050.1_12             18.77%    passed     99.50%
  92  JANQHG010000128.1_10             25.85%    passed     65.17%
  93  JANQQD010000065.1_18             26.92%    passed     45.48%
  94  JASBVN010000002.1_8              26.46%    passed     79.81%
  95  JAQYVU010000001.1_148            15.38%    passed     87.41%
  96  CP130741.1_555                   18.62%    passed     58.74%
  97  JAISKB010000016.1_28             25.54%    passed     14.95%
  98  JAISUQ010000178.1_14             26.00%    failed      0.09%
  99  JAISMZ010000161.1_2              25.69%    failed      0.04%
 100  JAITER010000053.1_8              25.85%    passed     20.92%
 101  JBNLDQ010000041.1_78             26.92%    passed     88.84%
 102  CAUROG010000029.1_16             17.85%    passed     95.64%
 103  OY762552.1_1223                  26.92%    passed     56.11%
 104  CAXXOZ010000013.1_12             18.15%    passed     53.99%
 105  OY781921.1_3481                  16.46%    passed     95.44%
 106  CAVZLG010000009.1_62             16.31%    passed     96.02%
 107  CAWBKB010000006.1_418            16.00%    passed     99.78%
 108  CAYNQK010000009.1_38             16.46%    passed     46.44%
 109  CAYQUF010000145.1_10             18.31%    passed     96.38%
 110  CAYWYC010000130.1_7              16.77%    passed     74.33%
 111  CAZAFM010000011.1_15             27.54%    passed     92.90%
 112  CAZGVM010000013.1_22             17.38%    passed     93.32%
 113  CAZSSH010000003.1_20             16.31%    passed     80.99%
 114  CBDTTM010000040.1_9              18.62%    passed     95.32%
 115  NC_007498.2_2167                 26.77%    passed     99.59%
 116  NC_014410.1_1864                 20.46%    passed     19.71%
 117  NC_019689.1_3936                 17.69%    passed     93.56%
 118  NZ_JAGE01000001.1_353            18.62%    passed     76.61%
 119  NZ_BCNO01000003.1_18             26.92%    passed     20.90%
 120  NZ_AP017372.2_1212               26.31%    passed     70.38%
 121  NZ_PVXL01000046.1_279            27.85%    passed     70.21%
 122  NZ_CP034447.1_5                  24.15%    passed     83.73%
 123  NZ_ML776472.1_4172               18.00%    passed     99.06%
 124  NZ_JAHHUY010000010.1_60          26.62%    passed      7.60%
 125  CAZVZX010000008.1_34             16.92%    passed     45.74%
 126  CAZZBU010000035.1_14             17.38%    passed     98.22%
 127  NC_009675.1_3094                 26.92%    passed     87.12%
 128  NC_014484.1_347                  15.69%    passed     12.08%
 129  NC_021182.1_4021                 26.62%    failed      4.02%
 130  NZ_JMLK01000008.1_196            18.15%    passed     78.52%
 131  NZ_LSFI01000005.1_39             39.69%    passed     75.26%
 132  NZ_CP019698.1_1961               17.54%    passed     99.93%
 133  NZ_PVXP01000044.1_4              17.38%    passed     33.17%
 134  NZ_SAUF01000001.1_1488           24.92%    passed     95.65%
 135  NZ_SBHN01000005.1_119            27.08%    passed     87.47%
 136  NZ_JAKVOI010000001.1_1107        26.62%    passed      8.37%
 137  NZ_JAPDPJ010000005.1_40          16.46%    passed     94.52%
 138  NZ_JARFPL010000016.1_8           18.77%    passed     92.75%
 139  NZ_JBAYLY010000024.1_23          18.00%    passed     79.37%
 140  NZ_FOUO01000009.1_18             24.92%    passed     70.91%
 141  JAITNQ010000273.1_13             25.69%    passed     96.69%
 142  CAXXPA010000021.1_13             43.85%    passed     85.74%
 143  NZ_CP018335.1_2102               29.23%    passed     88.59%
 144  JBKICU010000025.1_23             16.31%    passed     99.86%
 145  JBMORH010000079.1_40             16.31%    passed     99.98%
 146  CAXXVA010000003.1_443            18.46%    passed     93.07%
 147  CAVOPT010000007.1_648            16.00%    passed     99.85%
 148  CAVSCL010000045.1_49             47.54%    passed     94.51%
 149  CAWDQE010000014.1_1832           16.15%    passed     37.02%
 150  CAWJRO010000006.1_60             26.92%    passed     53.02%
 151  CAZANF010000083.1_7              18.46%    passed     98.51%
 152  NC_014501.1_3656                 27.23%    passed     86.37%
 153  NZ_APMH01000029.1_7              26.00%    passed     22.78%
 154  NZ_AUFW01000017.1_140            18.15%    passed     98.70%
 155  NZ_CP009687.1_1355               17.69%    passed     58.17%
 156  NZ_FAOZ01000004.1_314            26.00%    passed     73.21%
 157  NZ_LSFI01000005.1_42             35.54%    passed     15.89%
 158  NZ_CP015519.1_174                26.77%    passed     98.54%
 159  NZ_LZZM01000215.1_13             18.77%    passed     66.44%
 160  JAFGRV010000395.1_19             17.08%    passed     95.21%
 161  JAHIQT010000088.1_3              18.62%    passed     87.87%
 162  JADZCD010000028.1_28             15.08%    passed     85.82%
 163  JAHFBZ010000001.1_4              27.69%    passed     38.22%
 164  JAEWMZ010000313.1_7              18.92%    passed     99.46%
 165  JAEYOE010000012.1_192            18.31%    passed     98.10%
 166  JAEZKY010000275.1_10             25.85%    passed     12.05%
 167  JAEYGM010000032.1_237            18.46%    passed     91.53%
 168  JACKPV010000023.1_320            15.38%    passed     41.63%
 169  JALSLU010000025.1_6              27.85%    passed     95.64%
 170  DAOVTW010000064.1_5              15.69%    passed     44.99%
 171  JAISZM010000126.1_5              25.08%    passed     14.35%
 172  JAITKA010000060.1_11             19.38%    passed     93.33%
 173  JAITNA010000150.1_4              16.92%    passed     88.23%
 174  DAIPHL010000024.1_10             29.23%    failed      0.00%
 175  JBBQQW010000066.1_6              17.85%    passed     99.33%
 176  JBGGOQ010000002.1_324            17.85%    passed     68.51%
 177  JBGSOB010000100.1_44             16.31%    passed     99.84%
 178  JASGGU010000075.1_7              18.62%    passed     60.69%
 179  JBAPTW010000329.1_7              25.08%    passed     98.70%
 180  JBNKCO010000064.1_99             16.46%    passed     61.53%
 181  JBNLED010000186.1_46             16.77%    passed     98.48%
 182  CAMJWQ010000008.1_20             18.31%    passed     68.77%
 183  CAUVYB020000002.1_4424           16.15%    passed     99.62%
 184  CAXXOA010000002.1_1610           16.00%    passed     95.71%
 185  OY764216.1_139                   16.15%    passed     69.77%
 186  OY776214.1_4024                  28.92%    failed      0.13%
 187  CAVOSJ010000001.1_12             43.54%    passed     78.41%
 188  CAVWYG010000006.1_178            17.54%    passed     99.85%
 189  NZ_FRAC01000008.1_118            25.38%    passed     33.98%
 190  CAYSZM010000022.1_10             25.69%    passed     88.23%
 191  NZ_CP008852.1_3861               25.69%    passed     99.86%
 192  NZ_OY762228.2_2771               25.69%    passed     53.33%
 193  NZ_BAACAP010000128.1_19          25.85%    passed     99.38%
 194  MHBK01000027.1_25                17.08%    passed     92.73%
 195  QJZS01000199.1_4                 16.31%    passed     98.98%
 196  JAAAOG010000158.1_7              25.23%    passed     51.41%
 197  JAAYAE010000064.1_6              18.62%    passed     99.10%
 198  JACRCD010000018.1_14             16.31%    passed     97.19%
 199  JAFVEY010000027.1_4              24.31%    passed     14.96%
 200  JAGYWI010000039.1_2              27.08%    passed     84.83%
 201  CALNBV010000093.1_4              27.23%    passed     95.26%
 202  OY760686.1_947                   16.62%    passed     81.37%
 203  NZ_JBFNXK010000007.1_160         24.92%    passed     99.84%
 204  NZ_CP157522.1_1056               34.15%    failed      0.02%
 205  NZ_FQXV01000005.1_194            18.62%    passed     90.40%
 206  NZ_CP009268.1_1373               29.08%    passed     64.66%
 207  AP017913.1_204                   16.62%    passed     95.54%
 208  DFNH01000026.1_34                40.00%    passed     67.82%
 209  DIFG01000025.1_6                 17.38%    passed     74.58%
 210  DNPP01000131.1_18                25.38%    failed      0.80%
 211  WSNO01000022.1_71                26.92%    passed     93.66%
 212  JAABTA010000022.1_7              27.54%    passed     85.44%
 213  JACQEX010000062.1_8              26.62%    passed     83.47%
 214  JAEINM010000009.1_25             17.85%    passed     95.78%
 215  JAFGHA010000149.1_4              16.92%    passed     92.90%
 216  JAFOOX010000004.1_8              24.62%    passed     76.15%
 217  JAGXSZ010000017.1_23             37.23%    passed     50.23%
 218  JAIOYK010000004.1_17             25.54%    passed     99.00%
 219  JAILZL010000033.1_8              16.00%    passed     17.56%
 220  JAGXFU010000005.1_220            25.08%    passed     90.18%
 221  BNUG01000015.1_33                25.38%    failed      0.85%
 222  JAOAAV010000030.1_11             18.62%    passed     97.77%
 223  JANQFY010000072.1_17             16.46%    passed     91.09%
 224  JAQQAL010000033.1_2              16.77%    passed     98.98%
 225  DFMR01000074.1_12                42.15%    passed     94.81%
 226  PMCB01000075.1_13                17.08%    passed     83.06%
 227  REDP01000239.1_6                 18.00%    passed     91.91%
 228  JAABSP010000032.1_12             15.38%    passed     94.28%
 229  JAADEG010000047.1_20             34.77%    failed      0.36%
 230  JADGBM010000040.1_14             16.31%    passed     95.24%
 231  JAFRUS010000063.1_22             24.15%    failed      4.42%
 232  JAIWOE010000057.1_8              15.38%    passed     99.30%
 233  JAKSDM010001827.1_3              26.92%    passed     36.76%
 234  JAEZCO010000026.1_27             18.62%    passed     96.09%
 235  BNZC01000005.1_20                25.23%    passed     18.02%
 236  JAPMTS010000049.1_14             18.15%    passed     87.34%
 237  DAHVYW010000054.1_11             18.00%    passed     99.16%
 238  JAQQAM010000057.1_25             16.00%    passed     99.59%
 239  JAQYWN010000091.1_7              24.77%    passed     95.01%
 240  JAUWGF010000046.1_4              17.38%    passed     94.36%
 241  JAUPKQ010000072.1_4              16.00%    failed      1.69%
 242  JAISJC010000003.1_38             18.77%    passed     94.94%
 243  JAISLV010000091.1_4              18.31%    passed     95.92%
 244  JAITDU010000007.1_6              18.00%    passed     99.40%
 245  JAITOY010000038.1_85             22.92%    passed     14.20%
 246  JBCDJM010000169.1_4              26.15%    passed     99.11%
 247  JBDMZA010000692.1_6              18.00%    passed     24.23%
 248  JBFMCF010000124.1_25             17.85%    passed     92.09%
 249  JBKBUA010000009.1_23             19.85%    passed     76.84%
 250  JBKHCI010000057.1_5              17.38%    passed     99.16%
 251  OMVJ01000012.1_57                25.38%    failed      0.85%
 252  NC_011832.1_561                  18.31%    passed     98.69%
 253  NC_014364.1_2992                 16.92%    passed     88.57%
 254  NZ_AUEY01000015.1_16             15.69%    passed     92.58%
 255  NZ_LWMV01000018.1_3              27.08%    passed      6.79%
 256  NZ_VATK01000011.1_32             27.23%    passed     98.04%
 257  NZ_VSDO01000001.1_597            26.46%    passed     63.40%
 258  NZ_JAGGLM010000008.1_68          26.00%    passed     53.49%
 259  NZ_FQZL01000005.1_298            17.54%    passed     43.45%
 260  NZ_UPPP01000074.1_57             17.85%    passed     99.75%
 261  NZ_CP170111.1_415                25.85%    failed      0.74%
 262  DAIPHW010000062.1_9              29.08%    passed     98.94%
 263  JAKSBV010000465.1_10             18.31%    passed     65.05%
 264  JALNVF010000039.1_10             17.23%    passed     93.61%
 265  JAEYRX010000032.1_49             16.77%    passed     95.92%
 266  JAOZHS010000001.1_568            29.69%    passed     84.36%
 267  JALSQI010000027.1_46             28.62%    passed     61.92%
 268  DAHWJX010000074.1_8              25.69%    passed     89.30%
 269  JANQFG010000047.1_50             30.15%    passed     11.48%
 270  CP054837.1_2501                  16.31%    passed     98.60%
 271  JASEER010000002.1_76             32.77%    failed      0.00%
 272  JASKKI010000005.1_57             17.85%    passed     92.57%
 273  JAISCI010000096.1_2              25.38%    failed      0.17%
 274  JAISRZ010000065.1_14             20.46%    passed     94.33%
 275  JAITDJ010000042.1_26             27.38%    failed      0.81%
 276  JAITOE010000134.1_5              18.77%    passed     71.43%
 277  DATMXY010000536.1_4              17.54%    passed     99.91%
 278  DASXUJ010000093.1_6              15.54%    passed     93.82%
 279  JBBRAB010000002.1_14             18.46%    passed     75.66%
 280  JBEBTY010000004.1_141            26.31%    passed     42.15%
 281  JBFMBL010000017.1_14             34.92%    failed      0.00%
 282  JBKGXV010000017.1_10             17.08%    passed     99.57%
 283  JBPRGG010000127.1_74             16.46%    passed     99.42%
 284  OMYO01000017.1_28                26.00%    passed     74.84%
 285  CALARR010000214.1_42             16.77%    passed     58.95%
 286  CAMGZH010000010.1_46             25.85%    passed     90.08%
 287  OY762509.1_4307                  17.54%    passed     77.96%
 288  OY764022.1_2416                  17.85%    passed     99.99%
 289  CAVWTN010000002.1_219            16.77%    passed     60.39%
 290  CAVZLD010000014.1_530            17.54%    passed     96.25%
 291  NZ_JAKVOI010000001.1_1102        25.38%    failed      4.48%
 292  NZ_DATCQT010000047.1_21          18.46%    passed     44.90%
 293  PJFB01000002.1_332               25.69%    passed     95.45%
 294  NZ_CP198955.1_2201               25.69%    passed     99.66%
 295  NZ_LMVP01000035.1_31             29.08%    passed     94.50%
 296  NZ_DAISZR010000034.1_5           27.69%    passed     96.00%
 297  DDLW01000155.1_2                 26.46%    passed     85.06%
 298  DGRX01000006.1_56                26.15%    passed     40.99%
 299  PHAA01000005.1_62                25.54%    passed     11.93%
 300  QKCL01000069.1_17                16.15%    passed     83.17%
 301  CAYNFM010000019.1_24             16.31%    passed     50.89%
 302  CAYWRP010000030.1_26             25.85%    passed     77.99%
 303  CAYZZU010000001.1_173            26.62%    passed     17.81%
 304  CAZJVB010000033.1_17             25.54%    failed      1.40%
 305  CAZONZ010000008.1_19             25.69%    passed     91.77%
 306  JBAQPK010000630.1_4              27.08%    passed     86.66%
 307  JBLNDH010000509.1_15             17.08%    passed     98.24%
 308  JBNLDK010000172.1_28             26.92%    passed     94.54%
 309  JBPRGF010000019.1_82             25.69%    passed     41.75%
 310  JBKQLC010000211.1_25             16.00%    passed     88.28%
 311  CAIUEN010000270.1_3              16.31%    passed     94.05%
 312  CAXXFK010000024.1_78             16.62%    passed     99.67%
 313  OY762510.1_1631                  15.69%    passed     91.62%
 314  OY781093.1_2233                  18.00%    passed     64.20%
 315  CAXXYH010000003.1_215            16.77%    passed     95.91%
 316  CAVQBK010000007.1_55             16.46%    passed     99.02%
 317  CAVUMJ010000184.1_2              24.62%    passed     97.51%
 318  CAWDOZ010000171.1_12             17.23%    passed     98.19%
 319  CAZABK010000009.1_42             17.08%    passed     98.37%
 320  CAZGQL010000056.1_12             16.00%    passed     98.27%
 321  CAZOOZ010000005.1_115            17.08%    passed     59.93%
 322  CAZVRW010000002.1_30             26.77%    passed     41.97%
 323  NC_002936.3_1090                 17.08%    passed     97.00%
 324  NC_009634.1_64                   28.15%    passed     32.13%
 325  NC_014393.1_2838                 18.15%    passed     78.48%
 326  NC_015681.1_1064                 35.54%    failed      0.77%
 327  NZ_BAVR01000011.1_61             44.92%    passed      8.36%
 328  NZ_MAGO01000009.1_86             17.54%    passed     93.73%
 329  NZ_RXYA01000004.1_246            28.46%    passed      5.57%
 330  CALEGN010000204.1_8              25.85%    passed     99.65%
 331  CAXUIG010000086.1_19             29.08%    passed     93.87%
 332  JARLGW010000001.1_190            17.38%    passed     86.66%
 333  DAOPYF010000005.1_11             16.31%    passed     91.54%
 334  DASRUX010000163.1_4              26.15%    passed     98.97%
 335  JAVBWB010000004.1_37             26.92%    passed     97.33%
 336  JBDKRP010000004.1_16             18.31%    passed     73.01%
 337  JBFMFO010000033.1_8              17.85%    passed     82.51%
 338  JBFLVI010000012.1_9              41.85%    failed      0.00%
 339  JBAZGW010000006.1_23             18.15%    passed     80.97%
 340  JAWLDH010000001.1_765            26.92%    passed     46.86%
 341  JAZUJH010000116.1_45             26.77%    failed      0.71%
 342  JBNKYI010000123.1_5              17.23%    passed     97.63%
 343  NC_015562.1_1759                 27.85%    passed      5.45%
 344  NZ_JHXX01000004.1_24             27.08%    passed     55.97%
 345  NZ_SJPJ01000001.1_4345           18.46%    passed     91.43%
 346  NZ_VWXL01000053.1_21             17.38%    passed     99.52%
 347  NZ_CP053923.1_3683               25.69%    passed     81.32%
 348  NZ_JAFHKK010000037.1_8           27.38%    passed     95.15%
 349  NZ_JAKNBL010000004.1_121         25.85%    passed     54.51%
 350  NZ_AP024620.1_546                34.00%    failed      0.00%
 351  NZ_CP113865.1_432                34.15%    failed      2.20%
 352  NZ_JBNGCO010000047.1_6           18.15%    passed     90.09%
 353  NZ_LT575483.1_3009               26.00%    passed     25.92%
 354  NZ_JBLLJS010000011.1_102         41.54%    passed     70.49%
 355  NZ_CP058648.1_417                17.69%    passed     65.54%
 356  NZ_JAKNBL010000052.1_16          17.38%    passed     91.38%
 357  NZ_JAILNY010000101.1_12          25.85%    failed      1.81%
 358  NZ_CP137003.1_1695               16.31%    passed      6.34%
 359  NZ_DATCHP010000002.1_16          18.77%    passed     86.62%
 360  NZ_LT575483.1_3015               27.54%    passed     10.69%
 361  NZ_FOYZ01000001.1_321            18.00%    passed     27.95%
 362  NZ_FQXM01000009.1_75             18.00%    passed     71.68%
 363  NZ_FUXM01000011.1_30             20.15%    passed     26.11%
 364  DBTU01000011.1_40                29.08%    passed     97.12%
 365  JAISZB010000292.1_14             29.69%    passed     97.64%
 366  CAZJRQ010000009.1_53             29.08%    passed     60.12%
 367  DBTI01000114.1_50                41.08%    passed     97.25%
 368  JAEYGM010000020.1_134            29.23%    passed     94.03%
 369  NZ_CP047242.1_5205               25.85%    passed     99.88%
 370  CAYRGZ010000113.1_2              17.38%    passed     85.42%
 371  CAZQKZ010000060.1_5              27.38%    passed     72.85%
 372  MWCJ01000005.1_5                 17.38%    passed     96.36%
 373  DCFU01000034.1_54                18.46%    passed     98.88%
 374  SLTJ01000006.1_18                29.85%    passed     62.30%
 375  JAAZBG010000126.1_6              16.92%    passed     96.04%
 376  JAADGP010000120.1_25             17.23%    passed     98.93%
 377  JADGCQ010000067.1_3              26.46%    passed     92.00%
 378  DVEB01000153.1_7                 18.77%    passed     91.09%
 379  JAEERM010000174.1_2              24.46%    passed     28.35%
 380  JAFGKW010000034.1_7              18.92%    passed     75.27%
 381  NZ_CP042326.1_424                26.00%    passed     94.63%
 382  NZ_JAGGKR010000001.1_832         18.15%    passed     57.96%
 383  NZ_JAMXLY010000014.1_2           16.46%    passed     70.39%
 384  NZ_JBEKLH010000004.1_87          18.31%    passed     95.52%
 385  NZ_LT630003.1_2093               26.62%    passed     64.37%
 386  NZ_FQXU01000006.1_180            18.92%    passed     55.83%
 387  JBFWLW010000004.1_213            25.85%    passed     54.10%
 388  CAZUBG010000032.1_9              25.69%    passed     97.34%
 389  DBUB01000018.1_89                29.38%    passed     90.04%
 390  JQDQ01000073.1_15                16.31%    passed     88.18%
 391  LN848257.1_3505                  24.46%    passed     99.59%
 392  DCSM01000168.1_15                28.92%    passed     75.95%
 393  DFNH01000026.1_32                33.85%    failed      0.00%
 394  CP022705.1_1259                  26.92%    passed      9.30%
 395  JAISJK010000092.1_7              19.38%    passed     51.75%
 396  JAISLY010000061.1_2              25.69%    failed      0.01%
 397  JAITDU010000003.1_4              26.00%    failed      0.53%
 398  DASXVU010000030.1_47             18.46%    passed     99.11%
 399  JBFHEM010000017.1_58             17.08%    passed     98.26%
 400  JASGKH010000002.1_1954           16.62%    passed     99.82%
 401  JASFMY010000001.1_113            16.31%    passed     40.83%
 402  CAIJNL010000041.1_37             26.92%    passed     96.46%
 403  CAIPEB010000462.1_18             17.54%    passed     94.99%
 404  CAJVYJ010000038.1_8              19.85%    passed     93.18%
 405  CAVOKF010000004.1_984            25.38%    passed     91.62%
 406  CAWIYB010000004.1_6              34.62%    passed     85.66%
 407  CAYTNW010000002.1_173            15.85%    passed     72.16%
 408  CAYWRH010000010.1_15             15.69%    passed     94.97%
 409  CAZGON010000025.1_21             23.54%    passed     97.47%
 410  CAZVPF010000006.1_46             16.62%    passed     89.16%
 411  CAZYIH010000009.1_12             16.92%    passed     24.19%
 412  CBDDLL010000001.1_2598           16.00%    passed     97.33%
 413  NZ_KE384343.1_61                 16.31%    passed     99.87%
 414  NZ_CP045798.1_391                18.00%    passed     98.72%
 415  CAIJOU010000740.1_5              16.15%    passed     80.68%
 416  CAITYL010000375.1_13             16.62%    passed     55.17%
 417  OY760648.1_1112                  17.85%    passed     60.63%
 418  OY763926.1_300                   16.92%    passed     86.56%
 419  OY775912.1_1041                  16.46%    passed     99.89%
 420  OY781889.1_1188                  24.77%    passed     20.96%
 421  CAYTSA010000003.1_77             16.62%    passed     98.36%
 422  CAYZSE010000042.1_8              25.08%    passed     21.79%
 423  CAZJWE010000034.1_14             16.92%    passed     17.91%
 424  CAZOEL010000011.1_39             16.00%    passed     82.66%
 425  CAZVOA010000004.1_146            16.62%    passed     79.96%
 426  CBDDLR010000001.1_323            16.62%    passed     88.80%
 427  NZ_CGIH01000027.1_171            18.15%    passed     85.55%
 428  NZ_LWMW01000115.1_5              27.23%    passed     63.83%
 429  NZ_QEWP01000002.1_8              16.62%    passed     79.85%
 430  NZ_VKAD01000001.1_65             25.38%    passed     99.90%
 431  NZ_WHNX01000037.1_10             17.08%    passed     18.08%
 432  JAAYRK010000073.1_20             25.38%    passed     67.56%
 433  JABLWZ010000015.1_46             18.00%    passed     99.93%
 434  CP054864.1_487                   26.31%    passed     96.41%
 435  WGCA01000002.1_4                 36.62%    failed      0.00%
 436  JACRDC010000009.1_36             16.31%    passed     97.89%
 437  QKCP01000121.1_36                17.54%    passed      5.69%
 438  DPJA01000039.1_226               18.31%    passed     87.61%
 439  RECO01000158.1_8                 25.38%    passed     24.96%
 440  JAAYPT010000046.1_7              25.69%    passed     59.17%
 441  JACMJL010000081.1_13             18.31%    passed     55.99%
 442  CP064986.1_4221                  16.92%    passed     95.24%
 443  JADGDX010000016.1_15             26.92%    passed     85.45%
 444  JAFGDW010000180.1_29             16.92%    passed    100.00%
 445  JAKAFU010000002.1_7              27.08%    passed     93.54%
 446  JAEVYU010000029.1_32             16.92%    passed     99.26%
 447  JAEYON010000068.1_57             25.38%    passed     37.79%
 448  JAEYRV010000015.1_6              17.85%    passed     78.93%
 449  JAHEEB010000338.1_4              16.46%    passed     84.78%
 450  JALSPN010000227.1_8              39.69%    passed      8.80%
 451  JAKPQQ010000249.1_14             17.54%    passed     98.35%
 452  JAVHLG010000009.1_21             17.08%    passed     83.13%
 453  JAIRXA010000129.1_5              26.00%    failed      0.09%
 454  JAITOC010000047.1_6              26.15%    failed      2.15%
 455  DATMXW010000137.1_36             18.92%    passed     95.70%
 456  DASXUI010000371.1_6              16.62%    failed      3.09%
 457  JBAXGL010000046.1_3              16.31%    passed     99.63%
 458  JBFMBE010000057.1_6              15.85%    passed     49.98%
 459  JBKGXW010000021.1_10             18.15%    passed     47.00%
 460  JASFFM010000012.1_9              15.54%    passed     96.74%
 461  JAAELO010000714.1_37             16.46%    passed     62.41%
 462  DAIEHY010000046.1_3              27.54%    passed     91.69%
 463  JANQMT010000200.1_12             18.62%    passed     13.01%
 464  JAKQPD010000225.1_4              16.00%    passed     93.68%
 465  JASGMV010000058.1_4              16.46%    passed     98.42%
 466  JAUWNY010000073.1_10             29.08%    passed     93.94%
 467  JAVHLK010000022.1_15             16.00%    passed     99.47%
 468  JAIRWR010000092.1_20             22.92%    passed     10.11%
 469  JAISRD010000102.1_4              17.85%    passed     68.74%
 470  JAITKN010000035.1_10             19.08%    passed     99.67%
 471  JAITCM010000099.1_19             17.85%    passed     97.34%
 472  JBAXGN010000170.1_4              16.15%    passed     98.37%
 473  JASGGY010000003.1_447            25.54%    passed     15.59%
 474  JBAUOX010000939.1_7              16.92%    passed     98.34%
 475  JBARKJ010000085.1_6              26.77%    passed     72.13%
 476  CAJXYU010000006.1_179            16.46%    passed     97.13%
 477  CAMIZL010000028.1_3              26.31%    passed     72.92%
 478  CAMVNV010000033.1_16             25.08%    passed     73.41%
 479  OY760937.1_4614                  16.15%    passed     97.74%
 480  OY764215.1_528                   16.92%    passed     94.89%
 481  CAVSCO010000092.1_20             16.62%    passed     99.20%
 482  CAVZMY010000002.1_31             26.92%    passed      8.91%
 483  CAWJQN010000003.1_685            16.31%    passed     95.92%
 484  CAYWZR010000158.1_3              26.92%    passed     98.42%
 485  CAZAMT010000048.1_6              16.15%    passed     97.08%
 486  CAZHHX010000031.1_6              16.15%    passed     99.86%
 487  CAZOTE010000021.1_12             17.54%    passed     31.83%
 488  PMCK01000589.1_66                29.38%    passed     58.21%
 489  NZ_CP029353.1_1752               26.62%    passed     89.82%
 490  LVAS01000062.1_9                 17.85%    passed     86.20%
 491  DASP01000009.1_55                28.15%    passed     93.16%
 492  REES01000041.1_56                26.15%    passed     88.46%
 493  JAAYPC010000346.1_6              17.08%    passed     98.86%
 494  JADGAR010000021.1_36             25.69%    passed     42.07%
 495  WGBG01000092.1_2                 16.46%    passed     99.26%
 496  JAKVOB010000001.1_644            25.38%    failed      1.12%
 497  JAHFCR010000035.1_22             26.46%    failed      0.00%
 498  JAEXSP010000008.1_152            18.31%    passed     97.12%
 499  JALSMA010000057.1_22             16.46%    passed     99.97%
 500  JAKPSR010000432.1_5              16.31%    passed     44.82%
 501  DAOUSW010000006.1_6              19.23%    passed     98.53%
 502  JAISZO010000340.1_2              16.31%    passed     90.03%
 503  JAISRC010000151.1_7              18.77%    passed     90.14%
 504  DATIQS010000405.1_4              18.15%    passed     97.38%
 505  JBFZEO010000213.1_4              17.08%    passed     80.71%
 506  NZ_VMSW01000007.1_44             17.08%    passed     34.44%
 507  NZ_CP060084.1_2015               24.46%    passed     51.50%
 508  NZ_JAIHAU010000030.1_14          19.54%    passed     92.84%
 509  NZ_JBGSQX010000046.1_30          15.69%    passed     99.96%
 510  NZ_CP085242.1_2822               24.77%    passed     52.13%
 511  NZ_CP136241.1_2495               19.23%    passed     87.05%
 512  NZ_CAADHO010000014.1_10          16.31%    passed     99.16%
 513  JARLHL010000048.1_7              25.69%    passed     94.02%
 514  CAYPRZ010000021.1_16             26.92%    passed     95.53%
 515  NZ_CCDG010000021.1_230           38.62%    failed      0.37%
 516  NZ_JBALDM010000031.1_29          25.85%    passed     76.17%
 517  LVAZ01000212.1_9                 16.62%    passed     87.30%
 518  MHBI01000031.1_7                 17.23%    passed     99.72%
 519  BDTY01000116.1_11                29.38%    passed     73.95%
 520  PLPI01000144.1_17                16.77%    passed     99.17%
 521  JAAYAG010000022.1_8              16.77%    passed     97.25%
 522  JADGAQ010000149.1_4              26.15%    passed     41.60%
 523  WAQR01000070.1_2                 29.85%    passed     92.83%
 524  JACRCH010000097.1_9              26.62%    passed     91.20%
 525  JBGAFI010000012.1_59             46.31%    passed     60.27%
 526  JBNKCR010000112.1_15             16.62%    passed     99.65%
 527  CACZPR010000118.1_73             27.23%    passed     97.23%
 528  CAILNX010000043.1_124            16.31%    passed     99.29%
 529  OW818641.1_999                   26.31%    passed     92.68%
 530  OY762711.1_3549                  17.08%    passed     94.61%
 531  CAVSFO010000008.1_23             16.77%    passed     57.53%
 532  JAJYXB010000019.1_131            17.85%    passed     78.89%
 533  JAIUMY010000064.1_13             17.54%    passed     99.93%
 534  JAEWMY010000028.1_4              16.31%    passed     94.40%
 535  JAEXTK010000206.1_4              15.38%    passed     82.26%
 536  JANLFN010000013.1_39             18.62%    passed     91.05%
 537  JANQML010000270.1_8              16.00%    passed     99.30%
 538  DAOWGI010000087.1_38             17.85%    passed     80.84%
 539  JAISZH010000064.1_7              18.62%    passed     98.30%
 540  JAISQU010000240.1_7              16.31%    passed     95.93%
 541  OW818665.1_2521                  16.31%    passed     98.58%
 542  CAXXDA010000010.1_83             16.62%    passed     89.20%
 543  CAVSOX010000018.1_78             16.00%    passed     42.85%
 544  CAVVAX010000033.1_68             26.15%    passed     75.07%
 545  CAVXFW010000023.1_542            18.31%    passed     79.77%
 546  CAVZZY010000005.1_165            17.54%    passed     98.95%
 547  CAWBRF010000033.1_181            16.77%    passed     58.43%
 548  CAWGXH010000004.1_196            45.23%    passed     41.73%
 549  CAYONM010000098.1_12             17.23%    passed     87.10%
 550  CAYRQT010000012.1_4              18.15%    passed     56.63%
 551  CAYUNV010000073.1_5              17.85%    passed     98.90%
 552  CAZFCK010000018.1_17             16.62%    passed     98.87%
 553  CAZTRN010000001.1_382            29.69%    passed     98.45%
 554  CAZZWA010000045.1_15             26.31%    passed     98.96%
 555  NZ_CP018335.1_1287               24.31%    passed     50.17%
 556  NZ_JADNRQ010000006.1_110         17.08%    passed     89.83%
 557  MIAN01000268.1_27                16.77%    passed     88.14%
 558  QKGS01000086.1_14                16.46%    passed     62.48%
 559  VEPN01000001.1_11                28.00%    passed     92.39%
 560  JAFGXR010000020.1_38             17.08%    passed     95.50%
 561  JAFUTU010000042.1_36             25.54%    passed     44.02%
 562  JAHITY010000070.1_36             17.08%    passed     89.41%
 563  JAJOKN010000014.1_10             29.23%    passed     68.80%
 564  JAKJHH010000105.1_3              16.31%    passed     96.16%
 565  JAEYKI010000019.1_175            18.00%    passed     99.41%
 566  JAEZJQ010000049.1_10             17.08%    passed     98.00%
 567  JAPKXZ010000023.1_41             17.85%    passed     88.62%
 568  JAISXZ010000004.1_7              26.31%    failed      0.00%
 569  JAITSS010000046.1_31             16.31%    passed     96.78%
 570  JAVLUO010000001.1_421            16.77%    passed     93.86%
 571  JBBRWD010000012.1_18             16.00%    passed     83.22%
 572  JBGMEA010000012.1_156            18.62%    passed     93.11%
 573  CAWKFD010000029.1_22             17.54%    passed     99.62%
 574  CAYJFR010000045.1_7              16.46%    passed     96.64%
 575  CAYOQD010000050.1_13             17.54%    passed     98.09%
 576  CAZLJN010000057.1_6              17.08%    passed     91.89%
 577  OZ223208.1_2564                  16.62%    passed     97.52%
 578  NC_013887.1_42                   34.62%    failed      1.09%
 579  NC_021184.1_2326                 16.77%    passed     97.09%
 580  NC_020134.1_1851                 25.38%    passed      6.91%
 581  NZ_ATUG01000002.1_1625           15.69%    passed     76.90%
 582  NZ_JHEG04000001.1_4853           28.77%    passed     98.61%
 583  NZ_CP018335.1_1299               25.69%    passed     50.88%
 584  NZ_CP021850.1_1013               17.08%    passed     49.42%
 585  NZ_QRCT01000034.1_291            18.00%    passed     33.11%
 586  NZ_JACTOJ010000010.1_102         18.00%    passed     61.14%
 587  NZ_CP172404.1_1939               26.62%    passed     97.83%
 588  NZ_JAFBCW010000006.1_5           28.77%    failed      0.16%
 589  NZ_JASFYE010000002.1_175         28.46%    passed     82.99%
 590  NZ_FZOB01000004.1_88             25.85%    passed      8.58%
 591  NZ_CAUVYG020000001.1_1914        29.08%    passed     97.14%
 592  JACKCP010000019.1_10             17.69%    passed     94.90%
 593  LADR01000085.1_8                 15.69%    passed     93.58%
 594  LWRO01000008.1_71                26.31%    passed     87.24%
 595  MNUQ01000182.1_2                 16.46%    passed     99.99%
 596  DBTI01000098.1_17                18.62%    passed     48.47%
 597  DFBQ01000120.1_7                 28.92%    passed     26.24%
 598  DHGV01000056.1_9                 18.62%    passed     94.59%
 599  SKJB01000067.1_19                16.62%    passed     93.31%
 600  NZ_JBJHZX010000053.1_13          18.31%    passed     98.18%
 601  NC_017059.1_564                  25.85%    passed     95.90%
 602  CAVWOB010000014.1_173            49.23%    passed     73.41%
 603  DFBQ01000120.1_9                 33.54%    passed     13.52%
 604  QIDP01000121.1_18                27.23%    passed     97.03%
 605  QKDK01000232.1_13                18.31%    passed     68.72%
 606  SKGK01000158.1_11                18.92%    passed     67.42%
 607  CP050848.1_1507                  17.08%    passed     96.05%
 608  WGNK01000004.1_133               24.92%    passed     66.99%
 609  JACQZP010000019.1_165            23.69%    passed     10.57%
 610  JAEUHG010000004.1_20             16.31%    passed     17.84%
 611  JAFLKK010000022.1_15             16.92%    passed     40.80%
 612  DZAY01000002.1_11                27.85%    passed     98.07%
 613  JAEWXF010000023.1_25             17.54%    passed     99.68%
 614  JAEYHP010000168.1_16             18.62%    passed     99.27%
 615  JAEZHI010000007.1_29             24.77%    passed     87.43%
 616  JANYKD010000055.1_59             16.62%    passed     99.73%
 617  JALUTY010000077.1_20             16.77%    failed      1.19%
 618  JANQIE010000146.1_5              15.69%    passed     90.04%
 619  MAEO01000128.1_21                28.92%    passed     19.18%
 620  DHHR01000071.1_16                18.62%    passed     61.80%
 621  QKFE01000054.1_5                 17.08%    passed     98.99%
 622  SKKK01000483.1_3                 16.92%    passed     83.71%
 623  WBOU01000025.1_33                28.92%    passed     94.83%
 624  JACWAM010000126.1_3              17.23%    passed     37.33%
 625  JADFXV010000031.1_13             16.15%    passed     80.80%
 626  JAGNSM010000017.1_25             18.15%    passed     83.44%
 627  CP076745.1_442                   19.23%    passed     82.54%
 628  JAIHAL010000002.1_187            18.62%    passed     97.22%
 629  JAJXWJ010000032.1_20             18.92%    passed     45.08%
 630  JAJYPD010000042.1_10             25.69%    passed     38.19%
 631  JAJZVW010000033.1_20             26.00%    passed     94.93%
 632  CAWBNQ010000003.1_413            27.08%    passed     97.82%
 633  CAWDST010000009.1_222            44.00%    passed     73.34%
 634  CAYOCT010000022.1_68             17.23%    passed     70.09%
 635  CAZHNM010000007.1_45             16.92%    passed     92.81%
 636  CAZTJA010000066.1_5              16.00%    passed     98.61%
 637  NZ_KE386494.1_450                18.62%    passed     85.08%
 638  NZ_SOEB01000001.1_238            26.62%    passed     72.70%
 639  NZ_JACGAG010000012.1_20          17.38%    passed     29.17%
 640  NZ_JAGGMM010000001.1_497         18.00%    passed     87.89%
 641  NZ_CP054699.1_2248               19.54%    passed     99.27%
 642  NZ_AP027130.1_794                16.31%    passed     55.90%
 643  NZ_CP123991.1_1548               27.38%    passed     84.58%
 644  NZ_DAMAUN010000015.1_39          27.08%    passed     16.64%
 645  NZ_JAJQRB010000083.1_84          25.85%    passed      8.62%
 646  NZ_CP186926.1_510                34.46%    failed      0.00%
 647  NZ_FOUU01000006.1_23             29.85%    passed     35.98%
 648  NZ_CAAHFH010000002.1_1772        16.62%    passed     99.89%
 649  DATLJS010000017.1_32             25.85%    passed     99.99%
 650  CAVRWC010000014.1_222            43.38%    passed     85.72%
 651  PXDP01000002.1_4                 18.46%    passed     98.61%
 652  RPGP01000029.1_183               35.85%    passed     79.15%
 653  NZ_OY764057.2_1528               17.69%    passed     54.42%
 654  JAEYPZ010000059.1_18             25.69%    passed     97.55%
 655  CAZDYU010000004.1_30             28.92%    passed     60.93%
 656  NZ_CP009288.1_2273               35.08%    failed      0.46%
 657  NZ_PVXP01000083.1_9              29.54%    passed     35.98%
 658  NZ_JAFFQA010000010.1_67          29.23%    passed     93.76%
 659  DBMI01000028.1_138               15.54%    passed     99.78%
 660  DAWO01000104.1_28                28.15%    passed     90.02%
 661  PLTA01000007.1_18                29.69%    passed     98.24%
 662  WOYJ01000090.1_7                 26.92%    passed     35.42%
 663  JAAYHY010000160.1_59             25.38%    failed      0.77%
 664  JACAUC010000118.1_6              29.23%    passed     98.92%
 665  JACRHH010000004.1_35             27.23%    passed     67.17%
 666  JAFGYD010000195.1_4              17.85%    passed     95.49%
 667  JAFVDR010000064.1_1              30.77%    passed     18.63%
 668  CP087563.1_4212                  18.46%    passed     98.33%
 669  JALCCK010000048.1_12             17.69%    passed     99.70%
 670  JAEWMQ010000078.1_15             18.15%    passed     93.58%
 671  JAEYLX010000032.1_347            25.54%    passed     14.12%
 672  JAIKWF010000048.1_22             24.15%    passed     67.75%
 673  JALSKZ010000026.1_12             35.08%    failed      1.21%
 674  JANQLN010000087.1_8              18.15%    passed     77.32%
 675  NZ_WXEY01000004.1_10             26.31%    passed     72.86%
 676  NZ_NRRW01000075.1_8              24.46%    passed     83.74%
 677  NZ_JAINWA010000003.1_650         16.46%    passed     98.14%
 678  NZ_CP107254.1_577                28.15%    failed      0.36%
 679  NZ_JBHTCM010000003.1_83          25.08%    passed     91.62%
 680  NZ_FNCV01000009.1_2              26.00%    passed     86.91%
 681  OY781040.1_2196                  25.69%    passed     86.48%
 682  DNPP01000004.1_26                25.85%    passed     75.87%
 683  JAUPKJ010000284.1_3              26.92%    passed     74.28%
 684  CP170506.1_260                   25.69%    passed     97.37%
 685  NZ_CAXXCH010000001.1_1993        28.77%    passed     68.04%
 686  JAEYKI010000001.1_180            29.85%    passed      5.72%
 687  JAEWXO010000026.1_13             25.54%    failed      4.37%
 688  JAILDL010000137.1_9              25.54%    passed     83.35%
 689  JALSKY010000089.1_3              29.85%    passed     25.85%
 690  JANQJV010000411.1_6              24.46%    passed     18.43%
 691  JAIRPN010000010.1_31             15.85%    passed     50.06%
 692  JAISYL010000237.1_14             19.08%    passed     62.47%
 693  JAISQE010000139.1_15             25.08%    passed     29.26%
 694  JAITIP010000043.1_14             25.85%    passed     13.31%
 695  JAVLBA010000034.1_4              16.46%    passed     88.98%
 696  DATAMG010000109.1_8              16.92%    passed     99.94%
 697  DATDCY010000155.1_17             27.08%    passed     26.78%
 698  JBFLYY010000261.1_6              16.31%    passed     93.35%
 699  CP166960.1_729                   29.38%    passed     88.27%
 700  JBEPYC010000152.1_6              17.08%    passed     99.97%
 701  JBAYAD010000010.1_5              17.54%    passed     95.53%
 702  JBMYTN010000021.1_41             25.69%    passed     95.32%
 703  JBEKLA010000057.1_8              16.15%    passed     86.39%
 704  JBNJDB010000089.1_4              18.15%    passed     26.47%
 705  CAMYKT010000016.1_27             27.69%    passed     31.63%
 706  CAVVAX010000033.1_70             39.85%    failed      0.02%
 707  CAWBRT010000019.1_11             17.54%    passed     99.95%
 708  CAWEAR010000059.1_12             16.31%    passed     76.16%
 709  CAYFWJ010000053.1_6              24.77%    passed     67.79%
 710  CAYRTH010000011.1_17             16.46%    passed     99.45%
 711  CAYXNL010000019.1_22             24.77%    passed     99.75%
 712  CAZHUS010000044.1_58             16.00%    passed     13.10%
 713  CAZLCY010000015.1_18             16.77%    passed     78.22%
 714  CAZPHU010000131.1_6              16.92%    passed     98.56%
 715  CAZUDB010000004.1_24             26.92%    passed     48.81%
 716  JAFWSY010000008.1_4              24.31%    passed     56.36%
 717  JAIFKM010000218.1_13             16.15%    passed     76.21%
 718  JAIMKP010000069.1_8              28.00%    passed     50.82%
 719  JAJOKN010000014.1_7              28.00%    failed      2.08%
 720  JAEWMH010000144.1_28             27.08%    passed     96.90%
 721  JAEYJO010000037.1_15             25.38%    passed     36.20%
 722  JAEZPG010000012.1_40             18.31%    passed     91.44%
 723  JAJRYC010000090.1_58             48.46%    passed     38.99%
 724  JAISXZ010000004.1_9              27.08%    failed      2.73%
 725  JAISPY010000277.1_2              16.62%    passed     53.32%
 726  JAITII010000037.1_59             19.38%    passed     98.27%
 727  JAWSVC010000021.1_52             25.23%    passed     72.29%
 728  JAZDKB010000003.1_11             16.00%    passed     98.68%
 729  JBITAJ010000029.1_291            16.92%    passed     94.05%
 730  JBMOPE010000007.1_16             18.15%    passed     95.53%
 731  JBEKKU010000086.1_7              31.38%    failed      0.00%
 732  OY761810.1_1573                  18.15%    passed     95.53%
 733  CAXXXZ010000002.1_2527           15.69%    passed     99.94%
 734  CAVTDR010000006.1_1234           17.54%    passed     98.53%
 735  CAYYKG010000001.1_110            16.00%    passed     95.02%
 736  CBFIII010000022.1_21             16.31%    passed     60.63%
 737  NZ_ATWF01000001.1_762            25.85%    passed     60.23%
 738  OW818693.1_2569                  18.00%    passed     84.35%
 739  OY759745.1_357                   17.54%    passed     99.79%
 740  CAXXXS010000001.1_3057           16.62%    passed     41.88%
 741  OY771429.1_949                   17.85%    passed     94.62%
 742  OY782875.1_3153                  16.46%    passed     64.57%
 743  OY970130.1_2242                  16.00%    passed     37.68%
 744  CAWENG010000005.1_699            17.69%    passed     97.03%
 745  CAZFNS010000001.1_196            25.69%    passed     27.32%
 746  CAZWTY010000123.1_3              15.69%    passed     99.14%
 747  NZ_ATXH01000010.1_26             35.08%    passed      7.70%
 748  NZ_AUBR01000070.1_7              36.77%    passed     14.08%
 749  NZ_KI783301.1_244                27.54%    passed     94.57%
 750  NZ_MVQX01000087.1_94             20.00%    passed     87.03%
 751  NZ_WIQU01000016.1_102            25.85%    failed      1.48%
 752  NZ_AP024169.1_4147               18.62%    passed     99.57%
 753  NZ_CP182357.1_806                25.69%    passed     96.59%
 754  CP011392.1_601                   16.92%    passed     99.66%
 755  QKEH01000151.1_8                 16.46%    passed     44.70%
 756  PYCK01000054.1_4                 20.00%    passed     98.61%
 757  DSDW01000100.1_14                26.92%    passed     99.08%
 758  JADFXO010000112.1_3              27.08%    passed     89.76%
 759  JACRMB010000010.1_260            19.08%    passed     93.97%
 760  JADJPE010000005.1_5302           15.69%    passed     46.47%
 761  JAGAPO010000107.1_12             26.77%    passed     23.27%
 762  JAEYZN010000028.1_76             25.38%    failed      4.28%
 763  JALVYA010000080.1_13             32.15%    passed     15.76%
 764  JANQHQ010000003.1_74             16.92%    passed     97.65%
 765  JAJUGZ010000022.1_9              16.62%    passed     93.40%
 766  JASUTA010000042.1_8              18.46%    passed     98.05%
 767  JAIRMP010000172.1_8              16.15%    passed     30.63%
 768  JAISWF010000076.1_7              18.62%    passed     98.13%
 769  JAITRH010000199.1_4              18.46%    passed     51.69%
 770  JAXHLI010000012.1_194            16.46%    passed     90.75%
 771  CAYSSF010000088.1_13             16.00%    passed     31.88%
 772  CAYVUI010000095.1_5              16.62%    passed     98.43%
 773  CAZCCY010000013.1_22             19.54%    passed     81.47%
 774  CAZFWV010000224.1_5              16.77%    passed     97.73%
 775  NZ_SMAA01000015.1_13             25.85%    failed      0.44%
 776  NZ_CP050854.1_2259               44.77%    passed     91.33%
 777  NZ_JBCFBA010000002.1_253         17.23%    passed     90.59%
 778  NZ_LN889813.1_37                 26.00%    passed     92.79%
 779  NZ_FOJI01000013.1_54             18.31%    passed     89.24%
 780  NZ_LT906662.1_2619               28.15%    passed     62.40%
 781  VGMX01000001.1_32                16.92%    passed     90.93%
 782  JAGBMJ010000020.1_6              25.38%    passed     98.08%
 783  JAGVGH010000044.1_10             16.46%    passed     31.83%
 784  JAJYZD010000028.1_7              29.85%    failed      0.00%
 785  JAEWUD010000027.1_97             17.85%    passed     83.15%
 786  JAEYPZ010000075.1_36             27.08%    passed     26.84%
 787  JAEZKW010000109.1_18             25.85%    failed      0.69%
 788  JAEYWD010000008.1_206            16.62%    passed     98.44%
 789  JALONX010000261.1_4              29.23%    passed     89.88%
 790  JAOAEZ010000009.1_17             24.77%    passed     96.43%
 791  JALWFG010000008.1_106            33.54%    failed      3.39%
 792  JARYLU010000033.1_19             33.08%    failed      0.00%
 793  JAUZPI010000032.1_30             26.62%    passed      9.41%
 794  JAISUT010000033.1_12             18.31%    passed     98.35%
 795  JAITQV010000187.1_5              16.31%    passed     99.45%
 796  CP139021.1_1824                  17.23%    passed     93.17%
 797  JBBIPI010000017.1_4              24.77%    passed     35.49%
 798  JBDKTO010000111.1_17             18.15%    passed     44.44%
 799  JBAZHD010000041.1_18             18.31%    passed     65.42%
 800  JAWLGC010000088.1_6              16.46%    passed     97.25%
 801  JAZDGM010000217.1_9              17.08%    passed     26.83%
 802  JAZLKG010000071.1_45             26.77%    failed      2.90%
 803  CADCRH010000056.1_20             24.62%    passed     27.59%
 804  CAISFO010000066.1_11             18.46%    passed     91.07%
 805  CALFXO010000013.1_9              16.00%    passed     89.46%
 806  CAMTOT010000057.1_3              17.38%    passed     73.85%
 807  CAXXNI010000004.1_876            18.31%    passed     99.78%
 808  NZ_LWAE01000003.1_283            18.15%    passed     76.32%
 809  NZ_CP017269.1_3673               17.85%    passed     80.88%
 810  NZ_QLME01000002.1_100            17.69%    passed     56.65%
 811  NZ_SMAL01000003.1_9              17.69%    passed     63.52%
 812  NZ_JACIGJ010000001.1_63          26.15%    passed     91.96%
 813  NZ_JAEAGR010000013.1_110         18.31%    passed     73.96%
 814  NZ_NHSN01000005.1_20             25.23%    passed     44.00%
 815  NZ_CP046640.1_703                17.85%    passed     93.40%
 816  NZ_JAHGVE010000013.1_69          17.85%    passed     94.67%
 817  NZ_JAIWOU010000001.1_1291        26.31%    passed     96.49%
 818  NZ_JANZKY010000007.1_49          24.46%    passed     94.90%
 819  NZ_JAPRAT010000021.1_46          27.23%    passed     87.12%
 820  NZ_JAQUWN010000015.1_28          16.15%    passed     99.40%
 821  NZ_JBHJHP010000009.1_145         16.15%    passed     95.20%
 822  NZ_LT575483.1_2784               18.62%    passed     77.90%
 823  NZ_FQUY01000008.1_80             17.54%    passed     97.74%
 824  DBTR01000004.1_2                 25.85%    passed     98.37%
 825  JBDNZS010000006.1_9              19.08%    passed     99.87%
 826  NC_021182.1_3328                 17.85%    passed     88.56%
 827  DAONDW010000081.1_5              29.08%    passed     93.29%
 828  JAMCWL010000089.1_4              28.00%    passed     96.89%
 829  JAMOMO010000123.1_9              16.62%    passed     99.96%
 830  JANQHB010000053.1_76             16.31%    passed     99.30%
 831  JAJUHI010000066.1_4              17.85%    passed     87.21%
 832  JBNKEI010000125.1_8              17.54%    passed     99.89%
 833  JBQTGJ010000004.1_146            17.23%    passed     99.52%
 834  CAKSBP010000061.1_1              24.46%    passed     12.31%
 835  OW818679.1_769                   17.54%    passed     74.28%
 836  CAMYNR010000001.1_9              34.77%    passed     87.92%
 837  CAXXXG010000028.1_437            16.62%    passed     98.05%
 838  OY761556.1_3897                  18.15%    passed     96.54%
 839  CAXXWC010000021.1_901            16.15%    passed     99.68%
 840  CAXXTD010000001.1_1053           16.00%    passed     84.30%
 841  CAVVEP010000037.1_71             15.38%    passed     81.33%
 842  CAWACH010000002.1_392            46.15%    passed     30.80%
 843  CAWBVA010000005.1_108            29.08%    passed     15.18%
 844  JAAHHJ010000020.1_89             26.46%    passed     73.08%
 845  JADFXY010000155.1_5              16.77%    passed     96.20%
 846  JACQZP010000019.1_153            25.08%    passed     61.36%
 847  JADJTK010000052.1_193            15.85%    passed     93.81%
 848  JAFGWI010000240.1_10             16.92%    passed     73.78%
 849  DYNP01000009.1_74                24.77%    passed     77.96%
 850  JAJYPS010000077.1_5              25.08%    passed     38.46%
 851  JAJZVC010000012.1_30             27.23%    passed     54.41%
 852  JAJRUS010000056.1_10             29.54%    passed     92.71%
 853  JALTHV010000232.1_7              33.69%    failed      0.52%
 854  JANQIP010000172.1_12             24.77%    passed     90.95%
 855  JAISOV010000035.1_13             24.77%    failed      2.60%
 856  JAITHL010000210.1_19             16.31%    passed     93.65%
 857  DAOTUE010000133.1_19             29.69%    passed     97.82%
 858  JBFLXL010000004.1_188            32.31%    failed      0.00%
 859  JAZDJU010000040.1_92             16.92%    passed     99.50%
 860  JBIOJX010000135.1_5              16.00%    passed     98.82%
 861  JBJKPJ010000029.1_17             29.69%    passed     97.73%
 862  CAKSDC010000017.1_36             40.77%    failed      0.00%
 863  OW818685.1_2059                  16.92%    passed     95.63%
 864  NZ_HG917869.1_427                18.92%    passed     84.65%
 865  NZ_LWLG01000003.1_49             35.85%    failed      0.00%
 866  NZ_MZGX01000024.1_45             18.62%    passed     99.52%
 867  NZ_WIQK01000001.1_1598           18.31%    passed     95.79%
 868  NZ_JAFUFU010000003.1_87          26.62%    passed     58.95%
 869  NZ_JANGAD010000005.1_111         23.69%    passed     62.51%
 870  NZ_JBJIAA010000006.1_101         25.85%    passed     15.44%
 871  NZ_JBKVXF010000001.1_1510        18.46%    passed     51.16%
 872  NZ_CBFFRJ010000013.1_6           26.15%    passed     96.80%
 873  JAEXAS010000034.1_7              25.69%    passed     86.97%
 874  CAVTET010000004.1_149            26.46%    passed     92.33%
 875  JAISMO010000142.1_5              16.46%    passed     83.30%
 876  ATWC01000001.1_77                24.92%    passed     72.10%
 877  JAEZLR010000045.1_197            19.08%    passed     97.14%
 878  JAOAHS010000021.1_28             26.92%    passed     60.25%
 879  JALVOC010000006.1_100            24.62%    passed     94.91%
 880  JAPUES010000132.1_8              17.85%    passed     97.51%
 881  JAOUFE010000079.1_13             27.08%    passed     48.67%
 882  JAISWR010000023.1_14             16.62%    passed     95.46%
 883  JAISNW010000217.1_3              18.15%    passed     98.83%
 884  DATKUX010000102.1_3              29.23%    failed      0.00%
 885  JBDKUZ010000143.1_2              19.23%    passed     28.67%
 886  JBFMGO010000024.1_50             17.38%    passed     63.72%
 887  JAWOHT010000147.1_10             17.38%    passed     98.36%
 888  FMVK01000010.1_19                26.00%    passed     73.74%
 889  CALGLN010000124.1_30             17.38%    passed     97.10%
 890  CAXXDC010000001.1_407            18.77%    passed     61.93%
 891  CAXXNU010000001.1_1318           15.38%    passed     99.82%
 892  CAYPHV010000011.1_22             26.92%    passed     91.04%
 893  CAYSLC010000062.1_17             16.46%    passed     97.40%
 894  CAYVRC010000028.1_23             24.92%    passed     89.49%
 895  CAYXXL010000135.1_4              16.62%    passed     88.31%
 896  CAZFPT010000037.1_14             16.31%    passed     98.86%
 897  CAZIJN010000003.1_7              16.00%    passed     93.81%
 898  CAZQIK010000003.1_7              18.31%    passed     99.99%
 899  NZ_WIQU01000016.1_109            24.92%    passed     62.97%
 900  NZ_CP139781.1_4230               15.85%    passed     98.18%
 901  NZ_JAOVZU010000003.1_93          16.77%    passed      7.56%
 902  NZ_CP187479.1_1640               43.23%    passed     51.63%
 903  NZ_LT906662.1_2617               29.85%    passed     87.54%
 904  NZ_CADCXN010000045.1_31          24.62%    passed    100.00%
 905  NZ_CM001240.1_4216               25.69%    passed     89.70%
 906  JAIHAN010000010.1_36             15.85%    passed     98.89%
 907  LDXJ01000058.1_157               26.31%    passed     26.39%
 908  MTOU01000029.1_16                27.08%    passed     34.49%
 909  DHRK01000019.1_71                18.15%    passed     96.39%
 910  QJVM01000189.1_15                26.62%    passed     79.82%
 911  QKEL01000008.1_528               16.31%    passed     68.59%
 912  QZIR01000026.1_7                 37.85%    passed     99.96%
 913  DRKX01000122.1_8                 27.08%    passed     76.81%
 914  JAADJE010000012.1_4              25.38%    passed     93.85%
 915  JADFXD010000012.1_35             27.08%    passed     59.09%
 916  JAENYV010000001.1_352            16.62%    passed     99.40%
 917  DASVLX010000324.1_26             26.15%    passed     76.47%
 918  JBBIQC010000567.1_6              26.00%    passed     95.40%
 919  JBFMEU010000042.1_8              17.54%    passed     94.15%
 920  JAZSJM010000084.1_15             26.62%    passed     12.24%
 921  JBKEAN010000031.1_11             16.62%    passed     99.60%
 922  JBAQYF010000014.1_23             28.92%    passed     99.47%
 923  JBMNCR010000029.1_14             17.23%    passed     14.39%
 924  JBKQWH010000459.1_11             15.38%    passed     64.40%
 925  OY762224.2_2648                  16.92%    passed     82.35%
 926  CAXXIA010000001.1_628            16.00%    passed     92.80%
 927  OY780959.1_146                   18.62%    passed     42.74%
 928  CAXXLW010000004.1_573            16.00%    passed     92.54%
 929  OY821638.1_3162                  16.46%    passed     96.16%
 930  CAVYEB010000002.1_1251           16.00%    passed     99.35%
 931  CAWAPL010000015.1_20             27.69%    passed     89.59%
 932  PWGS01000305.1_8                 17.54%    passed     97.59%
 933  JAAYPK010000100.1_12             26.46%    passed     26.03%
 934  JAFGDQ010000034.1_4              16.46%    passed     74.35%
 935  CAXXPF010000003.1_279            16.31%    passed     72.82%
 936  CAXXKX010000002.1_168            16.92%    passed     85.51%
 937  OY969556.1_2763                  16.31%    passed     99.66%
 938  CAVQLG010000021.1_53             24.62%    passed     91.49%
 939  CAZASC010000010.1_46             16.46%    passed     97.58%
 940  CAZKYC010000067.1_14             17.08%    passed     96.64%
 941  CAZOWW010000044.1_20             15.85%    failed      1.32%
 942  CAZTLF010000055.1_8              26.77%    passed     66.87%
 943  CAZWBR010000010.1_16             17.54%    passed     93.45%
 944  CBDVEP010000001.1_47             17.08%    passed     21.40%
 945  NC_007776.1_417                  26.31%    passed     90.55%
 946  NC_013216.1_989                  17.38%    passed     85.82%
 947  NZ_CM001555.1_530                18.92%    passed     97.04%
 948  NZ_CP009283.1_5134               25.85%    passed     53.58%
 949  NZ_AP018907.1_1155               24.77%    passed     98.73%
 950  NZ_JAAIYP010000011.1_67          26.31%    passed     73.68%
 951  NZ_JAHLZE010000020.1_53          26.15%    failed      4.21%
 952  NZ_DAMAUN010000015.1_43          26.92%    passed     37.45%
 953  NZ_JBAHUR010000016.1_42          25.08%    passed     86.28%
 954  PGZO01000004.1_49                17.54%    passed     22.23%
 955  BDTI01000123.1_8                 29.85%    passed     92.53%
 956  JADFZP010000129.1_6              27.08%    passed     46.38%
 957  JACRHJ010000001.1_10             27.08%    passed     86.80%
 958  JAFVBU010000074.1_3              23.38%    passed     39.88%
 959  JAHRFU010000088.1_8              33.23%    failed      0.17%
 960  JAHFSX010000025.1_5              16.46%    passed     79.70%
 961  JAEWMQ010000095.1_168            23.69%    passed     19.94%
 962  JAEZKC010000002.1_110            17.23%    passed     99.69%
 963  JAIRPR010000191.1_5              18.46%    passed     82.57%
 964  JAITJB010000338.1_5              18.46%    passed     92.29%
 965  JAITTM010000102.1_3              18.00%    passed     70.14%
 966  JAISLI010000038.1_24             18.62%    passed     97.90%
 967  JAVBUL010000102.1_3              26.92%    passed     31.22%
 968  CP141729.1_64                    18.46%    passed     99.80%
 969  BTID01000001.1_44                26.15%    passed     33.94%
 970  DAIRDI010000017.1_16             24.62%    passed     98.82%
 971  JBCCWF010000007.1_20             26.62%    passed     98.47%
 972  JBFLZB010000069.1_3              16.15%    failed      1.24%
 973  JBEQAF010000002.1_29             27.54%    passed     10.27%
 974  JBAYHM010000165.1_8              15.54%    passed     88.47%
 975  JAWXUP010000010.1_52             18.46%    passed     89.49%
 976  JBJKSB010000078.1_11             16.46%    passed     15.48%
 977  JASGFB010000113.1_12             26.00%    passed     93.06%
 978  JBMOME010000092.1_6              17.38%    passed     88.29%
 979  CBFCZY010000018.1_50             26.62%    passed     99.42%
 980  NC_014972.1_3040                 16.46%    passed     99.98%
 981  NZ_LGTC01000001.1_5340           18.46%    passed     32.32%
 982  NZ_CP061336.1_252                18.62%    passed     67.18%
 983  NZ_CP045875.1_2189               26.92%    passed     88.89%
 984  NZ_CP075169.1_2761               26.15%    passed     97.87%
 985  NZ_JAJNKE010000065.1_4           18.15%    passed     56.69%
 986  NZ_CP124862.1_2757               18.46%    passed     85.10%
 987  NZ_WJBC01000012.1_10             18.31%    passed     97.72%
 988  NZ_NRSH01000046.1_8              25.23%    passed     23.96%
 989  NZ_JBAIYT010000026.1_7           16.31%    passed     98.42%
 990  OY781925.1_967                   25.69%    passed     98.42%
 991  QNXS01000077.1_17                29.08%    passed     21.94%
 992  JAIRYX010000448.1_38             25.69%    passed     92.35%
 993  NZ_JBALGC010000143.1_29          25.69%    passed     98.01%
 994  JADKKR010000002.1_121            34.92%    passed     18.78%
 995  MIAO01000074.1_27                16.62%    passed     57.66%
 996  DFBE01000048.1_6                 28.77%    passed     46.97%
 997  DHBS01000007.1_80                17.69%    passed     94.69%
 998  DIXN01000004.1_70                16.77%    passed     99.25%
 999  QAYZ01000015.1_117               17.54%    passed     99.17%
1000  SDWN01000811.1_4                 26.46%    passed     99.75%
1001  JACUTP010000077.1_4              18.62%    passed     39.30%
1002  JACCQO010000001.1_40             16.92%    passed     92.04%
1003  DASPOC010000076.1_11             18.62%    passed     91.61%
1004  DATALD010000005.1_23             16.31%    passed     82.69%
1005  DAISLB010000024.1_9              18.15%    passed     69.61%
1006  JBEPWQ010000154.1_4              15.85%    passed     99.17%
1007  JBGSWI010000181.1_17             25.38%    passed     97.19%
1008  JAZDKB010000020.1_71             25.08%    passed      6.06%
1009  JBJEJM010000025.1_3              25.69%    failed      0.37%
1010  CAMNZV010000059.1_6              18.77%    passed     79.50%
1011  CAXXKK010000017.1_46             16.46%    passed     19.02%
1012  CAVSWL010000006.1_103            26.00%    passed     98.26%
1013  CAWACJ010000006.1_85             18.92%    passed     67.25%
1014  CAWEFZ010000005.1_691            26.31%    passed     61.86%
1015  CAYOVG010000293.1_4              16.00%    passed     96.32%
1016  CAYRWR010000004.1_55             17.08%    passed     97.66%
1017  CAZWSX010000034.1_23             25.54%    passed     99.15%
1018  NZ_LHUR01000010.1_71             18.00%    passed     23.90%
1019  NZ_CP155571.1_5108               17.85%    passed     99.94%
1020  JAISOT010000039.1_7              18.62%    passed     57.92%
1021  JAXJZF010000006.1_282            17.85%    passed     89.94%
1022  JAVSLV010000056.1_17             28.46%    passed     38.20%
1023  JBFEWO010000117.1_9              25.38%    passed     99.90%
1024  JBGUEP010000004.1_181            16.31%    passed     30.22%
1025  JBDNRY010000003.1_121            19.85%    passed     35.29%
1026  JBMOKU010000003.1_101            18.62%    passed     66.42%
1027  JBFWMA010000005.1_189            26.92%    passed     99.35%
1028  JBJHBH010000030.1_13             26.77%    passed     94.80%
1029  URQW01000020.1_16                18.00%    passed     99.87%
1030  CAMZKT010000132.1_11             16.46%    passed     99.99%
1031  CAXXHP010000005.1_13             16.62%    passed     96.77%
1032  CAYSSK010000039.1_9              16.31%    passed     74.02%
1033  CAYVXY010000008.1_105            26.92%    passed     81.74%
1034  CAZINN010000032.1_20             17.38%    passed     97.84%
1035  CAZXGR010000010.1_18             25.38%    passed      9.36%
1036  OZ223306.1_1176                  17.23%    passed     98.32%
1037  NC_003552.1_4103                 19.69%    passed     87.73%
1038  NC_011026.1_1061                 16.92%    passed     81.27%
1039  NZ_KI911559.1_3508               26.77%    passed     33.53%
1040  NZ_BFAV01000073.1_50             17.23%    passed     85.36%
1041  NZ_CP155570.1_3343               17.54%    passed     99.67%
1042  NZ_FMXR01000014.1_84             26.00%    passed     67.14%
1043  JAUZPN010000018.1_4              29.08%    passed     90.00%
1044  JBDNZS010000006.1_2              25.69%    passed     99.87%
1045  NZ_KB893046.1_38                 27.85%    passed     96.76%
1046  NZ_SMAA01000010.1_77             25.85%    passed     94.46%
1047  NZ_CP178732.1_5013               25.69%    passed     91.03%
1048  JAEULG010000021.1_14             29.38%    passed     89.27%
1049  NZ_CAJE01000013.1_248            45.69%    passed     98.80%
1050  JAQYWP010000242.1_1              25.85%    passed     98.30%
1051  VENI01000005.1_303               41.38%    passed     69.02%
1052  JAAUSQ010000036.1_4              28.46%    passed     51.23%
1053  JADFWS010000059.1_5              16.62%    passed     94.45%
1054  DYJC01000026.1_29                15.69%    passed     80.66%
1055  JAJYZD010000028.1_9              28.31%    passed     67.81%
1056  JAEWUC010000003.1_40             16.31%    passed     58.69%
1057  JAEYPZ010000075.1_40             26.77%    passed      5.13%
1058  JAEZDJ010000054.1_7              16.46%    passed     93.76%
1059  JAGXIO010000085.1_14             16.46%    passed     83.08%
1060  JAOAEJ010000004.1_50             18.31%    passed     95.31%
1061  JAOFNL010000023.1_2              25.69%    passed     99.34%
1062  JANQSN010000025.1_46             25.08%    passed     29.37%
1063  JAQTMF010000004.1_24             15.54%    passed     68.15%
1064  CANPXP010000020.1_35             26.62%    passed      6.55%
1065  OY843751.1_245                   16.77%    passed     92.67%
1066  CAVPVI010000005.1_1128           26.46%    passed     39.08%
1067  CAVVUC010000003.1_89             16.15%    passed     95.89%
1068  CAWFCP010000014.1_25             26.92%    passed     11.57%
1069  CAYWBK010000231.1_6              16.77%    passed     38.39%
1070  CAZCSN010000056.1_9              18.31%    passed     98.28%
1071  CAZGAH010000043.1_23             16.62%    passed     94.84%
1072  CAZVBD010000028.1_11             24.62%    passed     97.59%
1073  CAZXSK010000006.1_7              16.92%    passed     73.50%
1074  NC_003030.1_263                  18.31%    passed     51.33%
1075  NC_011146.1_2065                 27.38%    passed     98.67%
1076  NC_020291.1_1348                 26.46%    passed      9.23%
1077  NZ_LKET01000021.1_307            18.15%    passed      9.97%
1078  NZ_NAAD01000014.1_78             26.92%    passed     91.85%
1079  NZ_SELS01000114.1_7              25.69%    passed     60.33%
1080  NZ_CP039543.1_2954               15.54%    passed     86.17%
1081  NZ_BQXM01000005.1_76             16.00%    passed     99.85%
1082  NZ_AQPH01000008.1_62             25.85%    failed      0.00%
1083  JNJK01000002.1_265               26.92%    passed     78.01%
1084  MFNF01000004.1_34                26.31%    passed     88.27%
1085  MVRN01000118.1_13                18.31%    passed     98.40%
1086  PKTN01000001.1_165               26.92%    passed     96.92%
1087  JAADGW010000228.1_5              26.77%    passed     99.75%
1088  JADGCV010000028.1_19             27.38%    passed     43.72%
1089  JACRJC010000029.1_29             26.92%    passed     82.46%
1090  JAEEQC010000038.1_10             26.31%    passed     48.41%
1091  JAJZSC010000043.1_11             27.38%    passed     98.09%
1092  JAEWCM010000105.1_7              27.23%    failed      1.12%
1093  JAEYPP010000074.1_57             18.00%    passed     73.07%
1094  JAEXUW010000005.1_184            18.46%    passed     62.22%
1095  JAUVLC010000007.1_21             17.08%    passed     97.73%
1096  JAISJT010000104.1_19             26.46%    passed     10.98%
1097  JAITPS010000206.1_5              27.08%    passed      7.92%
1098  JAXHVI010000265.1_8              15.54%    passed     94.49%
1099  JAVBWC010000001.1_66             18.00%    passed     28.55%
1100  JBFHFS010000004.1_52             16.92%    passed     67.85%
1101  CAYMMR010000021.1_7              27.85%    passed     15.57%
1102  CAYTFZ010000152.1_4              15.85%    passed     80.32%
1103  CAZJJR010000029.1_11             19.08%    passed     99.01%
1104  CAZSGN010000078.1_3              16.92%    passed     37.81%
1105  CBDDHB010000003.1_1351           24.92%    passed     88.15%
1106  NC_018870.1_855                  32.77%    failed      0.00%
1107  NZ_KB905848.1_86                 26.00%    passed     15.79%
1108  NZ_CP058649.1_3185               18.00%    passed     26.99%
1109  NZ_JALAAD010000001.1_1057        26.46%    passed     88.35%
1110  NZ_JBAXHI010000037.1_18          29.23%    passed     87.58%
1111  JAFDVZ010000014.1_136            17.69%    passed     82.97%
1112  JAIPDO010000010.1_13             16.46%    passed     97.66%
1113  JAJDNY010000179.1_5              16.00%    passed     84.56%
1114  JAEWRL010000147.1_46             16.62%    passed     77.92%
1115  JAEZGM010000042.1_44             16.77%    passed     67.39%
1116  JAOAAU010000022.1_29             18.46%    passed     94.01%
1117  JAQQAK010000098.1_15             16.00%    passed     98.32%
1118  JAUVWP010000082.1_3              30.00%    passed     85.78%
1119  JAISJM010000154.1_5              26.31%    failed      2.53%
1120  JAISTH010000073.1_74             18.31%    passed     84.83%
1121  JARLGJ010000055.1_5              17.54%    passed     99.09%
1122  JAXHVC010000262.1_10             15.69%    passed     99.57%
1123  JAYFPG010000056.1_15             17.23%    passed     91.07%
1124  DAOSPF010000001.1_71             16.62%    passed     94.66%
1125  DATMYR010000045.1_50             18.31%    passed     99.85%
1126  JBBJJH010000037.1_5              18.15%    passed     46.12%
1127  JBDRPM010000084.1_27             16.92%    passed     95.07%
1128  JBJXHN010000004.1_627            26.00%    passed     94.01%
1129  JBNKKR010000041.1_20             16.15%    passed     99.08%
1130  JBKQNN010000478.1_6              27.08%    passed     48.97%
1131  CAJVYN010000085.1_5              17.23%    passed     98.03%
1132  NZ_CP042469.1_1494               25.08%    passed      9.25%
1133  NZ_JAGGLM010000008.1_61          26.62%    failed      3.84%
1134  NZ_JAKVOI010000001.1_1085        26.15%    failed      0.44%
1135  NZ_LNDC01000078.1_36             17.54%    passed     86.34%
1136  LOEZ01000019.1_87                18.31%    passed     97.68%
1137  PMGP01000092.1_6                 43.23%    passed     84.45%
1138  QKAI01000063.1_7                 18.00%    passed     96.02%
1139  WQSZ01000060.1_5                 19.85%    passed     52.44%
1140  JAABRU010000096.1_17             16.00%    passed     99.24%
1141  JABLXE010000022.1_13             19.38%    passed     81.65%
1142  JACIYN010000036.1_24             17.54%    failed      0.04%
1143  JAHEPY010000058.1_13             28.46%    passed     32.42%
1144  JAGQRL010000254.1_15             26.31%    passed     97.59%
1145  JALNVI010000021.1_19             16.46%    passed     96.30%
1146  JAEXFN010000017.1_91             16.77%    passed     98.51%
1147  JAEZZO010000009.1_94             18.46%    passed     98.95%
1148  JAEYSV010000002.1_66             18.15%    passed     91.94%
1149  JAMPXP010000016.1_65             16.00%    passed     91.10%
1150  JAQWFM010000010.1_21             18.46%    passed     93.44%
1151  JAISGJ010000033.1_3              25.85%    failed      0.00%
1152  JAITDJ010000042.1_18             26.77%    passed     32.81%
1153  JAITOF010000018.1_11             19.38%    passed     44.47%
1154  JBFMBL010000017.1_12             28.31%    passed     90.54%
1155  JBKGXZ010000034.1_7              17.38%    passed     45.41%
1156  CAZDYA010000030.1_9              18.00%    passed     99.21%
1157  CAZOSQ010000203.1_6              17.85%    passed     52.84%
1158  CAZVYY010000024.1_19             16.92%    passed     94.14%
1159  NC_009635.1_1443                 32.77%    failed      0.00%
1160  NZ_CP009498.1_686                25.23%    passed     31.87%
1161  NZ_LWDV01000008.1_486            17.85%    passed     67.72%
1162  NZ_MLQR01000001.1_356            27.23%    passed     66.56%
1163  NZ_VFOF01000001.1_1680           26.00%    passed     96.47%
1164  NZ_RXYA01000010.1_9              18.62%    passed     82.74%
1165  NZ_WHYR01000032.1_17             29.23%    failed      0.00%
1166  NZ_JAESWA010000020.1_118         18.92%    passed     66.95%
1167  NZ_JAHBCL010000006.1_95          17.69%    passed     90.22%
1168  NZ_JAKVOI010000001.1_1100        26.15%    passed     21.10%
1169  NZ_JAUSUE010000017.1_48          25.54%    passed      7.35%
1170  NZ_CP158016.1_1063               26.15%    passed     99.42%
1171  NZ_LT607756.1_1897               27.54%    passed     51.41%
1172  NZ_FWXH01000008.1_71             26.62%    failed      0.18%
1173  CAWGOT010000014.1_178            18.00%    failed      1.28%
1174  CAYRIP010000023.1_6              42.00%    failed      0.62%
1175  CAZEMW010000317.1_4              16.92%    passed     98.78%
1176  CAZOVB010000038.1_21             17.08%    passed     60.22%
1177  CAZTGE010000044.1_9              17.69%    passed     50.90%
1178  CAZVYR010000237.1_3              15.69%    passed     80.85%
1179  CAZZHS010000037.1_40             16.00%    passed     85.80%
1180  NC_007643.1_1037                 26.15%    passed     97.33%
1181  NZ_APMH01000045.1_9              17.54%    passed     63.37%
1182  NC_021182.1_4039                 26.62%    passed     17.32%
1183  NZ_JYNO01000012.1_54             16.46%    passed     89.22%
1184  NZ_MCBP01000003.1_152            26.46%    passed     90.70%
1185  NZ_PPTR01000007.1_159            17.85%    passed     79.00%
1186  NZ_CP021731.1_1656               26.31%    passed     80.31%
1187  NZ_AP024480.1_1914               29.23%    passed     93.72%
1188  NZ_JAEEGC010000054.1_11          18.31%    passed     32.15%
1189  NZ_AP024488.1_1560               15.85%    passed     99.01%
1190  NZ_JARGDP010000013.1_7           17.69%    passed     81.53%
1191  NZ_JAUSUX010000013.1_16          33.38%    failed      0.00%
1192  NZ_JBEKRH010000020.1_26          18.31%    passed     68.40%
1193  NZ_FOUU01000006.1_21             36.15%    passed      5.73%
1194  WOZJ01000062.1_14                25.85%    passed     88.73%
1195  JAAYCU010000081.1_7              16.15%    passed     97.62%
1196  JACRHL010000011.1_58             26.31%    passed     61.34%
1197  JAFGQL010000107.1_3              16.92%    passed     99.69%
1198  JAJCKG010000010.1_20             25.54%    passed      5.98%
1199  JAJZIM010000031.1_14             26.77%    failed      3.56%
1200  JAEZTC010000013.1_590            18.15%    passed     98.28%
1201  JAIKZQ010000021.1_55             24.15%    passed     65.92%
1202  DAOWOF010000073.1_5              15.69%    passed     84.06%
1203  JAIRRS010000098.1_8              26.15%    passed     31.86%
1204  JAISZB010000155.1_7              18.31%    passed     91.29%
1205  JAISQS010000039.1_4              16.31%    passed     98.21%
1206  JAVKTQ010000010.1_133            17.85%    passed     97.83%
1207  DAOUFJ010000017.1_17             17.08%    passed     96.79%
1208  BTTC01000142.1_3                 25.54%    passed     98.72%
1209  JBCBTD010000014.1_39             25.69%    passed     46.49%
1210  JBFLZI010000007.1_32             16.31%    passed     98.93%
1211  JBGSLR010000096.1_116            15.69%    passed    100.00%
1212  JBFXES010000059.1_4              25.08%    passed     98.77%
1213  JBNKPU010000175.1_14             16.46%    passed     90.78%
1214  JBNLFN010000040.1_16             15.54%    passed     95.16%
1215  JAOPTT010000003.1_233            18.00%    passed     99.07%
1216  JAIRPZ010000212.1_6              16.46%    passed     96.26%
1217  JAISZT010000070.1_11             18.92%    passed     91.88%
1218  JAVBRC010000143.1_13             25.54%    passed      6.30%
1219  DATDMG010000211.1_11             24.92%    failed      4.77%
1220  JBFJXC010000104.1_5              16.92%    passed     97.66%
1221  JBGSLQ010000014.1_25             17.38%    passed     99.87%
1222  JAZDPP010000051.1_114            15.69%    passed    100.00%
1223  JASGFJ010000039.1_39             16.77%    passed     99.73%
1224  JBNLGG010000003.1_71             16.92%    passed     96.61%
1225  JAOPTU010000018.1_11             16.31%    passed     92.94%
1226  CACZSE010000048.1_10             26.92%    passed     89.40%
1227  OW818666.1_4125                  15.85%    passed     93.04%
1228  CAXXVQ010000002.1_7              17.38%    passed     64.18%
1229  OY762821.2_730                   18.15%    passed     42.78%
1230  OY776215.1_1206                  19.85%    passed     58.45%
1231  CAWBQR010000006.1_170            26.31%    passed     85.03%
1232  CAWGVV010000001.1_1855           16.77%    passed     98.87%
1233  CAWJYH010000018.1_160            34.62%    passed     96.75%
1234  CAZPEN010000002.1_25             16.46%    passed     99.37%
1235  CAZWCE010000004.1_107            16.77%    passed     49.83%
1236  NC_019757.1_5269                 53.23%    passed     97.68%
1237  NZ_FRCP01000009.1_183            18.31%    passed     97.97%
1238  NZ_CAXXDI010000001.1_693         15.38%    passed     78.99%
1239  DNPP01000004.1_41                29.38%    passed     92.13%
1240  AMGN01000049.1_9                 27.23%    passed     12.63%
1241  VIKE01000064.1_6                 42.00%    passed     92.04%
1242  JABDRL010000192.1_4              26.62%    passed     14.12%
1243  CP058705.1_3114                  24.92%    passed     58.82%
1244  JAFGXT010000019.1_7              17.08%    passed     94.38%
1245  JAFUWN010000063.1_11             24.15%    passed     20.60%
1246  JAHIVH010000061.1_304            16.15%    passed     99.96%
1247  JAIFLP010000130.1_16             16.31%    passed     92.25%
1248  JAIORP010000047.1_31             17.08%    passed     94.58%
1249  JAJYTC010000041.1_4              16.00%    passed     97.30%
1250  JAEWMQ010000095.1_176            25.38%    failed      4.60%
1251  JBGSHS010000183.1_10             16.77%    passed     34.32%
1252  JBEKKU010000086.1_5              28.31%    passed     40.64%
1253  JBNKDU010000088.1_28             15.54%    passed     83.54%
1254  JBNKRJ010000061.1_46             17.85%    passed     63.10%
1255  JBNJFI010000076.1_6              17.69%    passed     27.78%
1256  UQPB01000008.1_21                17.54%    passed     99.99%
1257  CAKMKD010000034.1_3              24.46%    passed     80.54%
1258  CAMNGC010000031.1_5              24.92%    passed     99.01%
1259  OY761554.1_1826                  16.46%    passed     99.53%
1260  OY762913.1_1936                  19.54%    passed     93.54%
1261  CAXXLZ010000001.1_1312           17.23%    passed     74.26%
1262  CAVQNU010000018.1_159            25.85%    passed     95.80%
1263  CAYOOW010000019.1_16             27.08%    passed     40.50%
1264  CAYRUF010000003.1_125            16.15%    passed     34.48%
1265  CAZFJT010000200.1_4              17.38%    passed     80.25%
1266  NZ_KE386627.1_197                17.08%    passed     98.83%
1267  NZ_CP007201.1_1277               27.54%    passed     92.56%
1268  NZ_JOMJ01000003.1_1751           16.15%    passed     92.58%
1269  NZ_CP018335.1_1296               25.85%    passed     28.89%
1270  NZ_NPML01000019.1_405            18.46%    passed     75.46%
1271  NZ_CP039268.1_1846               26.00%    passed     90.43%
1272  NZ_CP048877.1_537                17.54%    passed     65.66%
1273  NZ_FZNT01000008.1_164            16.46%    passed     50.22%
1274  NZ_CP009268.1_3728               25.69%    passed     96.69%
1275  JAGQRV010000003.1_92             25.69%    passed     89.39%
1276  NZ_JAJENU010000374.1_4           18.15%    passed     99.50%
1277  MIAY01000010.1_72                16.62%    passed     73.59%
1278  DBRO01000109.1_35                18.77%    passed     61.44%
1279  DFBE01000048.1_8                 32.15%    passed     51.11%
1280  DIYN01000019.1_88                18.62%    passed     97.30%
1281  QAYY01000016.1_22                16.00%    passed     76.41%
1282  RXIL01000115.1_4                 29.08%    passed     54.70%
1283  SKJJ01000113.1_5                 17.38%    passed     99.93%
1284  JAGVOW010000060.1_24             16.15%    passed     88.82%
1285  JAJOKM010000070.1_12             28.92%    passed     88.29%
1286  JAEXAZ010000120.1_6              18.62%    passed     98.70%
1287  JAEZJJ010000027.1_31             24.77%    passed     52.98%
1288  JANQIY010000092.1_60             16.77%    passed     79.04%
1289  JAKOSX010000085.1_9              16.92%    passed     99.79%
1290  JAJSZT010000040.1_13             15.23%    passed     97.67%
1291  JAISXU010000088.1_18             26.92%    passed     16.61%
1292  JAITHV010000062.1_6              26.15%    failed      0.00%
1293  JAITSQ010000030.1_21             24.46%    passed      9.56%
1294  DAOTVB010000190.1_9              27.85%    passed     88.05%
1295  CAXXIG010000003.1_2116           16.00%    passed     99.14%
1296  OY781460.1_464                   17.85%    passed     99.21%
1297  CAWHDT010000007.1_201            36.00%    passed     91.27%
1298  CAYOYX010000005.1_71             26.46%    passed     87.97%
1299  CAZFNE010000039.1_12             26.46%    passed      6.86%
1300  CAZIDG010000072.1_12             16.00%    passed     96.26%
1301  CAZWTX010000032.1_4              38.00%    passed     86.36%
1302  NZ_CP010803.1_3100               25.08%    passed     83.24%
1303  NZ_MRCB01000006.1_64             27.38%    passed     94.75%
1304  NZ_NQWI01000003.1_52             28.62%    passed     72.50%
1305  NZ_SRLE01000004.1_33             24.31%    passed     98.82%
1306  NZ_CP041403.1_78                 27.23%    passed     98.49%
1307  NZ_JAFUFU010000003.1_100         26.62%    passed     46.71%
1308  NZ_CP085041.1_1863               17.69%    passed     18.82%
1309  NZ_JAFMVC010000015.1_58          16.62%    passed     99.17%
1310  NZ_JARQZP010000003.1_207         25.08%    passed     94.77%
1311  NZ_JAUSCG010000065.1_9           18.31%    passed     81.33%
1312  NZ_JAQMUE010000031.1_33          18.31%    passed     99.80%
1313  NZ_LT962670.1_206                31.69%    failed      0.00%
1314  CAVWTN010000002.1_148            25.69%    passed     84.62%
1315  JACJRQ010000001.1_351            45.69%    passed      5.05%
1316  LXQE01000005.1_14                27.54%    passed     71.22%
1317  MAEO01000128.1_23                33.38%    failed      2.27%
1318  DHQI01000129.1_13                16.15%    passed     67.17%
1319  QIJE01000001.1_87                27.08%    passed     38.64%
1320  QKEJ01000123.1_8                 16.62%    passed     70.75%
1321  QZKG01000006.1_36                18.92%    passed      8.22%
1322  SCTZ01000199.1_13                16.77%    passed     98.00%
1323  SKKY01000061.1_5                 18.15%    passed     91.85%
1324  SVFV01000012.1_17                24.31%    passed     43.48%
1325  JACRME010000015.1_29             24.92%    passed     95.03%
1326  JAENZN010000005.1_118            17.69%    passed     82.32%
1327  JAFGVO010000460.1_4              16.77%    passed     60.19%
1328  JAIHAR010000004.1_97             26.46%    passed     13.46%
1329  JAJXWH010000032.1_46             18.92%    passed     52.69%
1330  DYZU01000096.1_25                18.46%    passed     83.49%
1331  JAJXVO010000114.1_9              15.69%    passed     99.93%
1332  JAISJZ010000398.1_5              16.62%    passed     98.39%
1333  JAISUG010000045.1_19             18.77%    passed     98.81%
1334  JAITEK010000009.1_6              18.31%    passed     97.33%
1335  JAITPT010000143.1_17             15.23%    passed     91.72%
1336  JAXHVM010000134.1_3              26.92%    passed     15.78%
1337  JAVBVX010000037.1_31             17.69%    passed     72.13%
1338  JBECKW010000209.1_13             16.00%    passed     99.20%
1339  JAZOTM010000018.1_39             25.08%    passed     47.11%
1340  JBKECO010000021.1_147            18.62%    passed     85.87%
1341  JBNAIG010000019.1_104            16.15%    passed     54.03%
1342  JBFWIW010000039.1_5              18.15%    passed     41.32%
1343  CADDZA010000032.1_7              28.77%    failed      0.00%
1344  CALMNL010000007.1_133            15.54%    passed     98.81%
1345  CALJNR010000107.1_19             18.77%    passed     78.07%
1346  CANPXP010000020.1_41             26.77%    passed     61.25%
1347  CAXXVF010000002.1_1633           18.62%    passed     96.32%
1348  OY762960.1_1674                  27.08%    passed     99.54%
1349  CAXXUJ010000001.1_1540           16.62%    passed     96.63%
1350  CAVPVK010000007.1_1319           30.15%    passed     10.56%
1351  CAYWFX010000006.1_74             18.15%    passed     93.45%
1352  CAZCTN010000018.1_7              17.69%    passed     54.09%
1353  JAEWCM010000154.1_4              27.85%    passed     54.23%
1354  JAEWSG010000067.1_15             18.62%    passed     69.81%
1355  JAEYPM010000037.1_11             18.77%    passed     91.44%
1356  JAEZHM010000142.1_19             25.38%    passed     49.49%
1357  JAIMBK010000006.1_19             32.31%    failed      0.00%
1358  JANJUM010000257.1_5              16.77%    passed     99.59%
1359  JAOABH010000004.1_351            26.00%    passed     83.54%
1360  JANQQN010000557.1_16             17.23%    passed     59.12%
1361  JAISJT010000104.1_9              26.62%    failed      0.46%
1362  JAISTV010000002.1_20             26.31%    failed      0.71%
1363  JAISMF010000062.1_15             18.62%    passed     99.73%
1364  JAITPL010000124.1_5              16.77%    passed     89.01%
1365  JARLGU010000019.1_70             16.77%    passed     87.11%
1366  JAYFPZ010000001.1_14             18.15%    passed     92.35%
1367  DAORZT010000020.1_31             17.08%    passed     96.76%
1368  JAVBWA010000020.1_30             18.00%    passed     35.17%
1369  JBAXVB010000017.1_16             15.69%    passed     99.22%
1370  JBFMCL010000010.1_10             15.54%    passed     85.86%
1371  JBFHFI010000020.1_17             18.62%    passed     61.49%
1372  JBGFRN010000051.1_3              19.08%    passed     97.34%
1373  JAYRVF010000008.1_86             24.77%    passed     96.22%
1374  JBKHDD010000075.1_13             15.85%    passed     99.95%
1375  JBAQLX010000016.1_2              27.54%    passed     78.64%
1376  JBAVPS010000326.1_8              26.77%    passed     34.85%
1377  CASEZK010000039.1_40             39.38%    failed      0.00%
1378  OY760624.1_1470                  18.77%    passed     89.74%
1379  CAXXJK010000005.1_599            18.00%    passed     97.96%
1380  CAXXKC010000002.1_465            16.46%    passed     47.92%
1381  CAVOIA010000007.1_128            44.62%    passed      5.44%
1382  CAVYWD010000001.1_277            27.08%    passed     94.17%
1383  JBFMCR010000010.1_59             26.31%    passed     53.63%
1384  JBJOOU010000224.1_11             16.77%    passed     94.12%
1385  JBCQTG010000116.1_3              17.08%    passed     93.96%
1386  JBLXDM010000001.1_22             17.85%    passed     92.98%
1387  JBNIDP010000001.1_1221           29.69%    passed     97.30%
1388  OMOF01000013.1_34                28.31%    failed      0.54%
1389  CAMDBI010000027.1_29             17.23%    passed     97.63%
1390  CAUQEW010000020.1_44             18.62%    passed     99.80%
1391  CAXXMR010000002.1_62             16.77%    passed     99.38%
1392  CAXXVT010000031.1_54             17.85%    passed     72.81%
1393  CAXXDH010000001.1_226            16.00%    passed     99.60%
1394  CAVZAM010000036.1_10             15.85%    passed     99.99%
1395  CAWINY010000004.1_390            17.38%    passed     98.30%
1396  CAYMOV010000021.1_25             17.54%    passed     26.42%
1397  CAYWIH010000005.1_26             27.38%    passed     94.30%
1398  CAYZJH010000019.1_65             16.46%    passed     98.56%
1399  CAZGMC010000038.1_7              26.46%    passed     36.44%
1400  CAZNUQ010000024.1_31             17.08%    passed     78.03%
1401  CAZVKG010000009.1_22             17.54%    passed     70.76%
1402  CAZYEY010000240.1_8              24.62%    passed     99.99%
1403  CBDDKV010000002.1_4555           16.31%    passed     51.17%
1404  NC_017034.1_144                  19.54%    passed     86.37%
1405  NZ_KB905848.1_98                 26.92%    passed     67.90%
1406  NZ_KE387171.1_234                27.38%    passed     99.72%
1407  NZ_JQJK01000015.1_204            33.54%    passed     25.51%
1408  NZ_BAZW01000003.1_121            17.23%    passed     98.04%
1409  NZ_LN881723.1_316                27.08%    passed     97.93%
1410  NZ_LROS01000005.1_88             25.69%    passed      7.41%
1411  JAMHGA010000038.1_204            16.31%    passed     84.45%
1412  JAOZID010000010.1_658            28.15%    passed     85.15%
1413  JANQFR010000004.1_32             18.46%    passed     96.45%
1414  JAQVLM010000042.1_3              17.69%    passed     97.77%
1415  JAUPKJ010000290.1_6              16.62%    failed      2.09%
1416  JAISIJ010000083.1_17             18.46%    passed     90.37%
1417  JAITDM010000187.1_11             18.92%    passed     88.42%
1418  JAITOY010000057.1_20             25.08%    passed     38.69%
1419  JAWQJJ010000001.1_236            18.46%    passed     99.21%
1420  DAONZY010000019.1_31             26.92%    passed     49.33%
1421  DATMYQ010000185.1_15             17.54%    passed     99.76%
1422  DASTGO010000202.1_32             24.62%    passed      9.63%
1423  DASXUY010000026.1_192            16.92%    passed     96.32%
1424  JBKBMR010000094.1_4              26.15%    passed     99.78%
1425  JBKGYG010000023.1_17             17.69%    passed     36.85%
1426  CAITZA010000458.1_3              17.38%    passed     67.26%
1427  CALABS010000009.1_39             25.69%    passed     96.46%
1428  CAXXIT010000010.1_71             16.00%    passed     96.71%
1429  CAXXSG010000003.1_243            16.62%    passed     99.26%
1430  CAWBES010000007.1_276            16.62%    passed     95.49%
1431  CAWGEQ010000005.1_71             16.15%    passed     87.31%
1432  JAJZBP010000054.1_6              25.08%    passed     19.10%
1433  JALHJW010000008.1_126            16.31%    passed     99.55%
1434  JAEWDM010000004.1_58             18.77%    passed     88.01%
1435  JAEWVL010000484.1_8              16.77%    passed     86.10%
1436  JAEYQK010000101.1_17             17.23%    passed     99.92%
1437  JAEYLC010000010.1_338            18.31%    passed     99.89%
1438  JAILRO010000057.1_52             26.46%    passed     65.90%
1439  JALVYA010000080.1_7              28.46%    passed     37.26%
1440  JAQICC010000107.1_7              16.46%    passed     58.21%
1441  JANQHJ010000106.1_11             16.62%    passed     83.57%
1442  JAJUGR010000018.1_37             17.85%    passed     98.65%
1443  JAISNR010000192.1_3              26.46%    passed     16.35%
1444  JAITQY010000149.1_3              20.00%    passed     84.71%
1445  DASVHQ010000273.1_21             25.85%    passed     95.88%
1446  JBDKUE010000229.1_11             25.23%    passed     59.05%
1447  JAVJRX010000185.1_3              18.15%    passed     99.66%
1448  JBKHII010000055.1_10             17.08%    passed     93.62%
1449  JBKEAO010000008.1_6              18.77%    passed     97.13%
1450  JBAQYF010000014.1_20             34.15%    passed     43.41%
1451  JBMOLK010000075.1_7              18.62%    passed     57.07%
1452  FNUU01000004.1_124               27.08%    passed     47.40%
1453  CAIXKV010000105.1_9              26.77%    passed     22.87%
1454  CALRJF020000010.1_79             24.77%    passed     79.93%
1455  CAXXPO010000010.1_268            16.46%    passed     99.62%
1456  CAXXFG010000006.1_188            16.00%    passed     99.95%
1457  NZ_BEXT01000001.1_2737           15.69%    passed     99.99%
1458  NZ_SMAA01000015.1_4              25.54%    passed     33.52%
1459  NZ_JARUKZ010000034.1_11          17.08%    passed     98.02%
1460  NZ_JAOCNC010000001.1_5129        45.54%    passed     98.90%
1461  NZ_FOGZ01000032.1_6              17.38%    passed     57.92%
1462  DBTI01000267.1_33                29.08%    passed     75.48%
1463  JAHHHC010000032.1_22             25.85%    passed     81.79%
1464  JWTM01000549.1_50                16.31%    passed     77.27%
1465  DKDL01000108.1_19                23.69%    passed     67.04%
1466  JAQYWC010000071.1_32             16.00%    passed     75.17%
1467  JAUZOO010000003.1_159            17.38%    passed     92.48%
1468  JAIRKM010000080.1_7              16.46%    passed     96.26%
1469  JAISUQ010000173.1_7              18.00%    passed     99.86%
1470  JAISMZ010000140.1_3              16.92%    passed     66.07%
1471  JAITEZ010000129.1_11             19.08%    failed      0.03%
1472  JAVSGI010000003.1_700            26.15%    passed     98.10%
1473  DAOPYE010000053.1_7              16.92%    passed     99.09%
1474  DATLJS010000038.1_78             27.23%    passed     60.26%
1475  JBBZIV010000003.1_131            18.46%    passed     95.37%
1476  JBDKTH010001341.1_10             16.62%    passed     66.32%
1477  JBAZHD010000057.1_15             18.31%    passed     43.76%
1478  JAYSBP010000002.1_150            27.69%    passed     82.61%
1479  JBAQYM010000033.1_4              16.00%    passed     98.07%
1480  JBELAT010000145.1_3              16.62%    passed     99.56%
1481  JBFWJG010000033.1_10             26.62%    passed     57.39%
1482  JBNKJW010000092.1_40             18.31%    passed     93.03%
1483  LR778114.1_404                   26.46%    passed     45.11%
1484  CAJFUR010000087.1_12             27.85%    failed      0.00%
1485  CALMIS010000306.1_11             16.31%    passed     97.55%
1486  OY762209.1_3652                  15.54%    passed     92.17%
1487  CAXXJJ010000001.1_529            15.38%    passed     92.24%
1488  CAXXFH010000004.1_2722           16.15%    passed     96.27%
1489  CAVPVI010000005.1_1126           38.77%    failed      0.00%
1490  CAWVKD010000054.1_23             29.85%    failed      0.00%
1491  CAYMGG010000128.1_12             17.08%    passed     96.05%
1492  CAYVWB010000043.1_26             15.54%    passed     80.12%
1493  CAYYSS010000012.1_5              26.77%    passed     96.18%
1494  CAZRLN010000009.1_35             17.85%    passed     99.96%
1495  CAZXOK010000005.1_112            17.85%    passed     89.79%
1496  NZ_ACJN02000001.1_323            17.54%    passed     95.97%
1497  NC_015577.1_2582                 16.31%    passed     96.02%
1498  NC_020291.1_1345                 26.77%    passed     13.64%
1499  NZ_AUGZ01000010.1_49             25.85%    passed     82.17%
1500  NZ_KI912098.1_115                38.15%    failed      1.05%
1501  JBKECE010000070.1_1              45.23%    passed     97.53%
1502  JAGGAE010000092.1_4              31.08%    passed     90.18%
1503  DATIQS010000060.1_8              29.08%    passed     83.38%
1504  CAWDTA010000005.1_310            26.46%    passed     99.33%
1505  NZ_LEKT01000060.1_13             25.69%    passed     91.47%
1506  LKPX01000013.1_55                15.38%    passed    100.00%
1507  MFNE01000038.1_26                26.62%    passed     99.28%
1508  DFGT01000027.1_23                25.54%    passed     24.53%
1509  PLOR01000108.1_35                17.85%    passed     98.76%
1510  QKCJ01000049.1_165               16.77%    passed     95.14%
1511  SCTA01000001.1_10                16.62%    passed     99.90%
1512  JAAUQL010000095.1_9              16.92%    passed     86.76%
1513  JADGDA010000015.1_17             26.77%    passed     86.10%
1514  JAJXUE010000011.1_33             18.31%    passed     71.73%
1515  JAJZSN010000031.1_27             18.62%    passed     88.47%
1516  JAEWCM010000105.1_5              27.08%    passed     21.86%
1517  JBDRRF010000005.1_59             15.54%    passed     97.99%
1518  JBAQLS010000042.1_30             18.15%    passed     81.71%
1519  CAISZB010000095.1_9              16.00%    passed     99.28%
1520  CAXXDT010000006.1_390            16.00%    passed     98.49%
1521  OY762953.2_226                   16.31%    passed     72.53%
1522  CAXXNY010000027.1_10             16.62%    passed     83.56%
1523  OY781040.1_3055                  16.62%    passed     98.44%
1524  CAVYON010000038.1_141            43.38%    passed     93.64%
1525  CAYPWB010000143.1_4              17.38%    passed     46.93%
1526  CAYWGR010000075.1_2              16.62%    passed     83.02%
1527  CAYZDF010000007.1_61             18.31%    passed     99.45%
1528  CAZJJN010000002.1_4              17.08%    passed     86.15%
1529  CAZSAP010000009.1_73             16.46%    passed     87.30%
1530  CAZXTZ010000194.1_3              27.08%    passed     87.18%
1531  NC_014122.1_32                   33.54%    failed      0.94%
1532  NC_015562.1_1765                 33.69%    passed      7.87%
1533  NZ_KB905847.1_72                 18.77%    passed     95.91%
1534  NZ_KE387004.1_213                16.31%    passed     94.47%
1535  NZ_CP009268.1_3303               26.62%    failed      2.90%
1536  NZ_NHRY01000072.1_40             25.69%    passed     56.20%
1537  DHIM01000108.1_5                 29.08%    passed     98.79%
1538  NZ_VFOF01000001.1_271            25.69%    passed     99.25%
1539  NZ_JAMXWM010000003.1_154         25.54%    passed     93.81%
1540  NZ_CBQR020000141.1_36            52.31%    passed     27.72%
1541  CAYTFM010000207.1_8              16.15%    passed     30.19%
1542  CAZTXQ010000059.1_12             20.31%    passed     89.73%
1543  DF820458.1_514                   16.62%    passed     99.51%
1544  DCFR01000082.1_10                18.46%    passed     97.49%
1545  DIDE01000065.1_18                17.38%    passed     66.30%
1546  PFJY01000119.1_20                27.08%    passed     88.58%
1547  QKCC01000018.1_10                16.92%    passed     97.02%
1548  SLTJ01000006.1_20                31.08%    failed      0.00%
1549  SRXB01000010.1_2                 16.62%    passed     98.60%
1550  JAADGO010000050.1_12             16.62%    passed     79.46%
1551  JACGMN010000082.1_11             39.85%    passed     64.81%
1552  JAFGJZ010000012.1_37             17.08%    passed     96.83%
1553  JAFLCQ010000007.1_6              18.46%    passed     46.56%
1554  JAFIGT010000017.1_84             16.31%    passed     98.64%
1555  JAICDD010000029.1_6              18.15%    passed      8.78%
1556  DYGR01000010.1_10                29.38%    passed     52.76%
1557  JAEWSD010000176.1_17             18.31%    passed     95.53%
1558  JAOAAX010000058.1_5              17.85%    passed     99.29%
1559  JAUTCQ010000012.1_27             20.15%    passed     96.41%
1560  JAISJM010000154.1_4              25.08%    passed     18.17%
1561  JAISTV010000002.1_4              24.92%    passed     48.70%
1562  JAISMB010000012.1_41             26.00%    failed      4.85%
1563  JAITEA010000191.1_4              27.38%    passed     98.03%
1564  JAITPE010000027.1_4              16.46%    passed     99.95%
1565  CAXXSX010000001.1_323            16.92%    passed     75.28%
1566  CAXXEF010000001.1_1779           17.85%    passed     99.72%
1567  CAWIPV010000008.1_1247           17.54%    passed     99.48%
1568  CAYQIS010000018.1_40             16.77%    passed     78.50%
1569  CAYWLQ010000014.1_33             17.23%    passed     93.76%
1570  CAZJMX010000031.1_25             16.15%    passed     93.98%
1571  CAZYID010000044.1_9              16.15%    passed     10.08%
1572  CBDDLB010000006.1_1231           16.31%    passed     62.15%
1573  NZ_CAJE01000024.1_42             18.92%    passed     87.86%
1574  NZ_JWID01000003.1_202            18.00%    passed     79.23%
1575  NZ_BDJK01000055.1_59             30.15%    failed      0.01%
1576  NZ_LVJN01000019.1_96             26.62%    passed     94.21%
1577  NZ_BJZO01000086.1_10             26.15%    passed     99.42%
1578  NZ_JAAXMS010000004.1_272         17.08%    passed     96.17%
1579  NZ_JAGGLM010000003.1_29          17.85%    passed     47.21%
1580  NZ_CP090097.1_71                 25.08%    passed     88.61%
1581  NZ_CP113866.1_2111               34.15%    passed      5.37%
1582  NZ_BAABRI010000005.1_23          17.08%    passed     99.45%
1583  NZ_CP016290.1_446                25.23%    passed     68.63%
1584  NZ_CP025746.1_3932               18.15%    passed     32.99%
1585  NZ_SIXC01000007.1_105            18.92%    passed     96.29%
1586  NZ_PTQW01000022.1_89             15.69%    passed     51.42%
1587  NZ_WTCR01000004.1_289            16.62%    passed     97.51%
1588  NZ_JACHID010000010.1_12          26.46%    passed     42.82%
1589  NZ_JAKVOI010000001.1_1083        27.85%    passed     31.33%
1590  NZ_CP157522.1_1060               28.31%    passed     48.60%
1591  NZ_FQZD01000024.1_14             17.85%    passed     99.28%
1592  NZ_FUYV01000010.1_55             17.54%    passed     93.83%
1593  CAZYYB010000009.1_10             27.85%    passed     70.45%
1594  DIVX01000074.1_16                25.69%    passed     97.05%
1595  JAJYBA010000030.1_6              29.08%    passed     96.92%
1596  NZ_ASSD01000655.1_7              29.23%    passed     99.26%
1597  NZ_LFIQ01000027.1_77             29.54%    failed      0.42%
1598  LPWA01000161.1_13                43.08%    passed     92.84%
1599  NZ_CP173357.1_3091               18.77%    passed     96.24%
1600  NZ_FQYT01000018.1_46             18.46%    passed     75.01%
1601  NZ_LT828541.1_359                16.15%    passed     88.53%
1602  NZ_UGSI01000001.1_1810           26.46%    passed     89.25%
1603  NZ_CP086239.1_2431               25.69%    passed     97.48%
1604  JAJXWH010000032.1_26             28.92%    passed     93.42%
1605  CAWJRO010000011.1_21             45.69%    passed     99.35%
1606  NZ_KI273144.1_224                26.15%    passed     93.08%
1607  MGVF01000039.1_3                 16.46%    passed     99.22%
1608  QKAL01000020.1_10                16.92%    passed     92.21%
1609  BIFV01000005.1_9                 17.69%    passed     97.12%
1610  QZLA01000161.1_9                 15.69%    passed     80.87%
1611  JAAYUV010000017.1_10             27.38%    passed     62.06%
1612  JADGBH010000045.1_8              16.77%    passed     51.78%
1613  WFZW01000167.1_4                 17.54%    passed     72.44%
1614  JACQZB010000109.1_4              26.46%    passed     42.53%
1615  JACRDM010000046.1_10             16.77%    passed     96.04%
1616  JAKSDJ010000199.1_10             29.08%    passed     61.58%
1617  JALNXH010000001.1_14             24.77%    passed     99.80%
1618  JAEVZU010000051.1_12             28.92%    passed     56.55%
1619  JAEYOY010000019.1_59             37.69%    passed     91.94%
1620  JAEZDX010000282.1_3              17.69%    passed     20.70%
1621  JAEYTP010000094.1_53             18.31%    passed     98.20%
1622  NZ_JAFLRH010000019.1_155         26.92%    passed     99.73%
1623  NZ_BOPZ01000004.1_32             18.31%    passed     72.80%
1624  NZ_JAKVOI010000001.1_1095        25.54%    passed     28.57%
1625  NZ_JANDMF010000031.1_52          18.92%    passed     94.99%
1626  NZ_CP176366.1_577                18.31%    passed     93.27%
1627  NZ_FWXH01000008.1_52             18.15%    passed     77.74%
1628  JAITRL010000323.1_6              26.46%    passed     45.07%
1629  NZ_CP039734.2_1470               25.69%    passed     79.52%
1630  PMJN01000498.1_28                23.23%    passed     42.36%
1631  QKDG01000042.1_5                 18.31%    passed     33.42%
1632  sp|Q46FL2|CFBD_METBF             53.85%    passed      7.46%
1633  tr|A0A1I7B3V4|A0A1I7B3V4_METTE   53.85%    failed      2.21%
1634  WP_094226903.1                   53.08%    failed      2.86%
1635  WP_011746159.1                   44.31%    failed      0.02%
1636  WP_007165002.1                   44.00%    failed      0.00%
1637  WP_011142365.1                   41.69%    passed     15.44%
1638  WP_012282384.1                   44.31%    failed      0.00%
1639  WP_011619888.1                   44.31%    failed      0.00%
1640  WP_011746158.1                   37.23%    failed      0.15%
1641  WP_007165003.1                   38.15%    failed      0.00%
1642  WP_011140219.1                   37.08%    failed      1.15%
1643  WP_011814422.1                   38.00%    failed      0.00%
1644  WP_011619889.1                   38.00%    failed      0.00%
WARNING: 5 sequences contain more than 50% gaps/ambiguity
****  TOTAL                            22.20%  124 sequences failed composition chi2 test (p-value<5%; df=19)


Create initial parsimony tree by phylogenetic likelihood library (PLL)... 4.417 seconds
Measuring multi-threading efficiency up to 8 CPU cores
2 trees examined
Threads: 1 / Time: 9.489 sec / Speedup: 1.000 / Efficiency: 100% / LogL: -1283187
Threads: 2 / Time: 5.769 sec / Speedup: 1.645 / Efficiency: 82% / LogL: -1283187
Threads: 3 / Time: 4.231 sec / Speedup: 2.243 / Efficiency: 75% / LogL: -1283187
Threads: 4 / Time: 3.497 sec / Speedup: 2.714 / Efficiency: 68% / LogL: -1283187
Threads: 5 / Time: 3.107 sec / Speedup: 3.054 / Efficiency: 61% / LogL: -1283187
Threads: 6 / Time: 2.833 sec / Speedup: 3.349 / Efficiency: 56% / LogL: -1283187
Threads: 7 / Time: 2.644 sec / Speedup: 3.589 / Efficiency: 51% / LogL: -1283187
Threads: 8 / Time: 2.516 sec / Speedup: 3.771 / Efficiency: 47% / LogL: -1283187
BEST NUMBER OF THREADS: 7

Perform fast likelihood tree search using LG+I+G model...
Estimate model parameters (epsilon = 5.000)
Perform nearest neighbor interchange...
Estimate model parameters (epsilon = 1.000)
1. Initial log-likelihood: -661712.045
Optimal log-likelihood: -661711.803
Proportion of invariable sites: 0.002
Gamma shape alpha: 1.000
Parameters optimization took 1 rounds (3.174 sec)
Time for fast ML tree search: 35.381 seconds

NOTE: ModelFinder requires 1709 MB RAM!
ModelFinder will test up to 260 protein models (sample size: 650) ...
 No. Model         -LnL         df  AIC          AICc         BIC
  1  LG            708715.128   3285 1424000.256  23013020.256 1438707.110
  2  LG+I          708444.953   3286 1423461.907  23025625.907 1438173.238
  3  LG+G4         661761.324   3286 1330094.647  22932258.647 1344805.979
  4  LG+I+G4       661711.802   3287 1329997.605  22945309.605 1344713.413
  5  LG+R2         672211.522   3287 1350997.045  22966309.045 1365712.853
  6  LG+R3         664749.529   3289 1336077.057  22977697.057 1350801.820
  7  LG+R4         661525.906   3291 1329633.812  22997577.812 1344367.528
  8  LG+R5         660074.001   3293 1326734.003  23021018.003 1341476.673
  9  LG+R6         659251.412   3295 1325092.823  23045732.823 1339844.447
 10  LG+R7         658996.652   3297 1324587.304  23071599.304 1339347.882
 11  LG+R8         658705.599   3299 1324009.199  23097409.199 1338778.730
 12  LG+R9         658428.738   3301 1323459.475  23123263.475 1338237.961
 13  LG+R10        658177.569   3303 1322961.137  23149185.137 1337748.577
 26  LG+F+R10      658563.005   3322 1323770.010  23401782.010 1338642.512
 39  WAG+R10       662109.516   3303 1330825.031  23157049.031 1345612.471
 52  WAG+F+R10     662068.787   3322 1330781.574  23408793.574 1345654.077
 65  JTT+R10       668204.316   3303 1343014.633  23169238.633 1357802.073
 78  JTT+F+R10     668502.229   3322 1343648.459  23421660.459 1358520.961
 91  Q.pfam+R10    658726.519   3303 1324059.037  23150283.037 1338846.477
104  Q.pfam+F+R10  659389.421   3322 1325422.843  23403434.843 1340295.345
117  JTTDCMut+R10  667984.769   3303 1342575.538  23168799.538 1357362.978
130  JTTDCMut+F+R10 668168.697   3322 1342981.394  23420993.394 1357853.896
143  DCMut+R10     672925.472   3303 1352456.944  23178680.944 1367244.384
156  DCMut+F+R10   672260.639   3322 1351165.277  23429177.277 1366037.779
169  VT+R10        665382.510   3303 1337371.021  23163595.021 1352158.461
182  VT+F+R10      665512.528   3322 1337669.057  23415681.057 1352541.559
195  PMB+R10       670923.615   3303 1348453.230  23174677.230 1363240.670
208  PMB+F+R10     669835.405   3322 1346314.810  23424326.810 1361187.312
221  Blosum62+R10  669066.976   3303 1344739.952  23170963.952 1359527.392
234  Blosum62+F+R10 668953.921   3322 1344551.842  23422563.842 1359424.344
247  Dayhoff+R10   672888.421   3303 1352382.843  23178606.843 1367170.282
260  Dayhoff+F+R10 672237.442   3322 1351118.884  23429130.884 1365991.387
Akaike Information Criterion:           LG+R10
Corrected Akaike Information Criterion: LG+G4
Bayesian Information Criterion:         LG+R10
Best-fit model: LG+R10 chosen according to BIC

All model information printed to ../diazoDB-comparison/tree-comparison/nifD_anfD_vnfD_clustered.trim.model.gz
CPU time for ModelFinder: 19554.040 seconds (5h:25m:54s)
Wall-clock time for ModelFinder: 3139.634 seconds (0h:52m:19s)
Generating 1000 samples for ultrafast bootstrap (seed: 606771)...

NOTE: 1709 MB RAM (1 GB) is required!
Estimate model parameters (epsilon = 0.100)
1. Initial log-likelihood: -658177.569
Optimal log-likelihood: -658177.569
Site proportion and rates:  (0.065,0.051) (0.121,0.145) (0.161,0.292) (0.112,0.461) (0.095,0.622) (0.111,0.890) (0.119,1.319) (0.073,1.866) (0.090,2.542) (0.053,3.776)
Parameters optimization took 1 rounds (6.963 sec)
Computing ML distances based on estimated model parameters...
Computing ML distances took 109.324819 sec (of wall-clock time) 748.909169 sec(of CPU time)
WARNING: Some pairwise ML distances are too long (saturated)
Computing RapidNJ tree took 3.951613 sec (of wall-clock time) 10.495216 sec (of CPU time)
Log-likelihood of RapidNJ tree: -665841.049
--------------------------------------------------------------------
|             INITIALIZING CANDIDATE TREE SET                      |
--------------------------------------------------------------------
Generating 98 parsimony trees... 389.508 second
Computing log-likelihood of 98 initial trees ... 227.830 seconds
Current best score: -658177.569

Do NNI search on 20 best initial trees
Estimate model parameters (epsilon = 0.100)
BETTER TREE FOUND at iteration 1: -658070.184
Iteration 10 / LogL: -658596.846 / Time: 0h:23m:11s
Iteration 20 / LogL: -658514.895 / Time: 0h:34m:19s
Finish initializing candidate tree set (20)
Current best tree score: -658070.184 / CPU time: 1885.780
Number of iterations: 20
--------------------------------------------------------------------
|               OPTIMIZING CANDIDATE TREE SET                      |
--------------------------------------------------------------------
Estimate model parameters (epsilon = 0.100)
BETTER TREE FOUND at iteration 21: -658013.863
Estimate model parameters (epsilon = 0.100)
BETTER TREE FOUND at iteration 23: -658010.536
Estimate model parameters (epsilon = 0.100)
BETTER TREE FOUND at iteration 24: -657942.057
Estimate model parameters (epsilon = 0.100)
BETTER TREE FOUND at iteration 25: -657930.730
Estimate model parameters (epsilon = 0.100)
BETTER TREE FOUND at iteration 28: -657888.659
Iteration 30 / LogL: -657923.251 / Time: 0h:48m:1s (2h:42m:18s left)
Estimate model parameters (epsilon = 0.100)
BETTER TREE FOUND at iteration 33: -657859.119
Estimate model parameters (epsilon = 0.100)
BETTER TREE FOUND at iteration 35: -657854.004
Estimate model parameters (epsilon = 0.100)
BETTER TREE FOUND at iteration 39: -657828.666
Iteration 40 / LogL: -657830.828 / Time: 0h:58m:17s (2h:27m:58s left)
Iteration 50 / LogL: -657898.587 / Time: 1h:6m:3s (1h:59m:59s left)
Log-likelihood cutoff on original alignment: -658341.274
Estimate model parameters (epsilon = 0.100)
BETTER TREE FOUND at iteration 55: -657752.993
Estimate model parameters (epsilon = 0.100)
BETTER TREE FOUND at iteration 60: -657745.085
Iteration 60 / LogL: -657745.085 / Time: 1h:15m:35s (2h:8m:6s left)
Estimate model parameters (epsilon = 0.100)
BETTER TREE FOUND at iteration 61: -657711.110
Iteration 70 / LogL: -657752.705 / Time: 1h:24m:1s (1h:50m:49s left)
Estimate model parameters (epsilon = 0.100)
BETTER TREE FOUND at iteration 79: -657662.156
Iteration 80 / LogL: -657817.050 / Time: 1h:32m:38s (1h:56m:5s left)
Iteration 90 / LogL: -657857.827 / Time: 1h:40m:20s (1h:40m:20s left)
Iteration 100 / LogL: -657697.591 / Time: 1h:48m:6s (1h:26m:16s left)
Log-likelihood cutoff on original alignment: -658315.147
NOTE: Bootstrap correlation coefficient of split occurrence frequencies: 0.939
NOTE: UFBoot does not converge, continue at least 100 more iterations
Iteration 110 / LogL: -657744.646 / Time: 1h:55m:59s (1h:35m:46s left)
Iteration 120 / LogL: -657764.280 / Time: 2h:3m:28s (1h:23m:0s left)
Iteration 130 / LogL: -657684.590 / Time: 2h:11m:20s (1h:11m:16s left)
Iteration 140 / LogL: -657723.441 / Time: 2h:19m:12s (1h:0m:5s left)
Iteration 150 / LogL: -657771.845 / Time: 2h:27m:15s (0h:49m:24s left)
Log-likelihood cutoff on original alignment: -658315.147
Estimate model parameters (epsilon = 0.100)
BETTER TREE FOUND at iteration 159: -657593.742
Iteration 160 / LogL: -657758.422 / Time: 2h:36m:10s (1h:37m:14s left)
Iteration 170 / LogL: -657661.462 / Time: 2h:44m:2s (1h:26m:23s left)
Iteration 180 / LogL: -657699.708 / Time: 2h:51m:57s (1h:15m:53s left)
Iteration 190 / LogL: -657649.238 / Time: 3h:0m:8s (1h:5m:46s left)
Estimate model parameters (epsilon = 0.100)
BETTER TREE FOUND at iteration 197: -657590.030
Iteration 200 / LogL: -657619.765 / Time: 3h:8m:45s (1h:32m:0s left)
Log-likelihood cutoff on original alignment: -658315.147
NOTE: Bootstrap correlation coefficient of split occurrence frequencies: 0.953
NOTE: UFBoot does not converge, continue at least 100 more iterations
Iteration 210 / LogL: -657751.072 / Time: 3h:16m:46s (1h:24m:44s left)
Iteration 220 / LogL: -657705.567 / Time: 3h:24m:35s (1h:14m:44s left)
Iteration 230 / LogL: -657696.392 / Time: 3h:32m:57s (1h:5m:5s left)
Estimate model parameters (epsilon = 0.100)
BETTER TREE FOUND at iteration 240: -657582.040
Iteration 240 / LogL: -657582.040 / Time: 3h:41m:30s (1h:32m:40s left)
Iteration 250 / LogL: -657720.488 / Time: 3h:49m:17s (1h:22m:52s left)
Log-likelihood cutoff on original alignment: -658315.147
Estimate model parameters (epsilon = 0.100)
BETTER TREE FOUND at iteration 251: -657568.037
Estimate model parameters (epsilon = 0.100)
BETTER TREE FOUND at iteration 252: -657560.568
Estimate model parameters (epsilon = 0.100)
BETTER TREE FOUND at iteration 253: -657550.980
Iteration 260 / LogL: -657706.462 / Time: 3h:59m:7s (1h:25m:51s left)
Iteration 270 / LogL: -657712.450 / Time: 4h:7m:23s (1h:16m:19s left)
Iteration 280 / LogL: -657634.050 / Time: 4h:15m:29s (1h:6m:51s left)
Estimate model parameters (epsilon = 0.100)
BETTER TREE FOUND at iteration 288: -657550.665
Iteration 290 / LogL: -657603.394 / Time: 4h:24m:32s (1h:29m:42s left)
Estimate model parameters (epsilon = 0.100)
BETTER TREE FOUND at iteration 295: -657490.797
Iteration 300 / LogL: -657589.024 / Time: 4h:33m:38s (1h:26m:56s left)
Log-likelihood cutoff on original alignment: -658147.653
NOTE: Bootstrap correlation coefficient of split occurrence frequencies: 0.930
NOTE: UFBoot does not converge, continue at least 100 more iterations
Estimate model parameters (epsilon = 0.100)
BETTER TREE FOUND at iteration 308: -657480.450
Iteration 310 / LogL: -657486.452 / Time: 4h:42m:52s (1h:29m:42s left)
Estimate model parameters (epsilon = 0.100)
BETTER TREE FOUND at iteration 312: -657476.311
Estimate model parameters (epsilon = 0.100)
BETTER TREE FOUND at iteration 316: -657473.864
Estimate model parameters (epsilon = 0.100)
BETTER TREE FOUND at iteration 319: -657461.626
Iteration 320 / LogL: -657475.178 / Time: 4h:52m:53s (1h:30m:53s left)
Estimate model parameters (epsilon = 0.100)
BETTER TREE FOUND at iteration 326: -657412.530
Iteration 330 / LogL: -657530.454 / Time: 5h:1m:41s (1h:28m:1s left)
Iteration 340 / LogL: -657587.001 / Time: 5h:9m:36s (1h:18m:32s left)
Iteration 350 / LogL: -657472.362 / Time: 5h:17m:52s (1h:9m:13s left)
Log-likelihood cutoff on original alignment: -657861.345
Iteration 360 / LogL: -657439.393 / Time: 5h:25m:56s (0h:59m:55s left)
Iteration 370 / LogL: -657538.927 / Time: 5h:33m:57s (0h:50m:40s left)
Iteration 380 / LogL: -657508.323 / Time: 5h:42m:0s (0h:41m:30s left)
Iteration 390 / LogL: -657454.798 / Time: 5h:49m:32s (0h:32m:20s left)
Iteration 400 / LogL: -657476.080 / Time: 5h:57m:12s (0h:23m:16s left)
Log-likelihood cutoff on original alignment: -657775.177
NOTE: Bootstrap correlation coefficient of split occurrence frequencies: 0.907
NOTE: UFBoot does not converge, continue at least 100 more iterations
Iteration 410 / LogL: -657516.870 / Time: 6h:5m:17s (1h:20m:22s left)
Estimate model parameters (epsilon = 0.100)
BETTER TREE FOUND at iteration 420: -657404.957
Iteration 420 / LogL: -657404.957 / Time: 6h:13m:57s (1h:29m:14s left)
Iteration 430 / LogL: -657452.609 / Time: 6h:21m:49s (1h:20m:6s left)
Iteration 440 / LogL: -657434.752 / Time: 6h:29m:28s (1h:10m:58s left)
Estimate model parameters (epsilon = 0.100)
BETTER TREE FOUND at iteration 446: -657380.878
Iteration 450 / LogL: -657475.107 / Time: 6h:37m:50s (1h:25m:3s left)
Log-likelihood cutoff on original alignment: -657775.177
Iteration 460 / LogL: -657510.775 / Time: 6h:46m:7s (1h:16m:5s left)
Iteration 470 / LogL: -657441.644 / Time: 6h:54m:5s (1h:7m:6s left)
Iteration 480 / LogL: -657533.547 / Time: 7h:2m:25s (0h:58m:12s left)
Iteration 490 / LogL: -657431.887 / Time: 7h:10m:16s (0h:49m:16s left)
Iteration 500 / LogL: -657486.885 / Time: 7h:18m:29s (0h:40m:25s left)
Log-likelihood cutoff on original alignment: -657767.764
NOTE: Bootstrap correlation coefficient of split occurrence frequencies: 0.907
NOTE: UFBoot does not converge, continue at least 100 more iterations
Iteration 510 / LogL: -657431.996 / Time: 7h:26m:50s (1h:19m:0s left)
Iteration 520 / LogL: -657404.725 / Time: 7h:34m:52s (1h:10m:6s left)
Iteration 530 / LogL: -657465.480 / Time: 7h:42m:50s (1h:1m:14s left)
Iteration 540 / LogL: -657459.254 / Time: 7h:51m:7s (0h:52m:26s left)
Iteration 550 / LogL: -657743.680 / Time: 7h:59m:7s (0h:43m:38s left)
Log-likelihood cutoff on original alignment: -657743.755
Iteration 560 / LogL: -657381.086 / Time: 8h:7m:15s (0h:34m:52s left)
Iteration 570 / LogL: -657483.596 / Time: 8h:15m:21s (0h:26m:7s left)
Iteration 580 / LogL: -657462.514 / Time: 8h:23m:16s (0h:17m:23s left)
Iteration 590 / LogL: -657744.482 / Time: 8h:31m:24s (0h:8m:40s left)
Iteration 600 / LogL: -657438.205 / Time: 8h:39m:25s (0h:0m:0s left)
Log-likelihood cutoff on original alignment: -657743.755
NOTE: Bootstrap correlation coefficient of split occurrence frequencies: 0.940
NOTE: UFBoot does not converge, continue at least 100 more iterations
Iteration 610 / LogL: -657463.284 / Time: 8h:47m:39s (1h:17m:58s left)
Iteration 620 / LogL: -657503.161 / Time: 8h:55m:35s (1h:9m:13s left)
Iteration 630 / LogL: -657514.653 / Time: 9h:3m:44s (1h:0m:30s left)
Iteration 640 / LogL: -657691.078 / Time: 9h:11m:30s (0h:51m:47s left)
Iteration 650 / LogL: -657487.493 / Time: 9h:19m:11s (0h:43m:4s left)
Log-likelihood cutoff on original alignment: -657743.755
Iteration 660 / LogL: -657422.679 / Time: 9h:27m:12s (0h:34m:25s left)
Estimate model parameters (epsilon = 0.100)
BETTER TREE FOUND at iteration 661: -657376.625
Iteration 670 / LogL: -657598.204 / Time: 9h:35m:46s (1h:18m:19s left)
Iteration 680 / LogL: -657485.528 / Time: 9h:43m:19s (1h:9m:35s left)
Iteration 690 / LogL: -657479.439 / Time: 9h:51m:15s (1h:0m:55s left)
Iteration 700 / LogL: -657382.971 / Time: 9h:59m:7s (0h:52m:17s left)
Log-likelihood cutoff on original alignment: -657743.755
NOTE: Bootstrap correlation coefficient of split occurrence frequencies: 0.975
NOTE: UFBoot does not converge, continue at least 100 more iterations
Iteration 710 / LogL: -657418.305 / Time: 10h:7m:12s (1h:17m:4s left)
Estimate model parameters (epsilon = 0.100)
BETTER TREE FOUND at iteration 720: -657352.718
Iteration 720 / LogL: -657352.718 / Time: 10h:15m:38s (1h:25m:37s left)
Iteration 730 / LogL: -657476.302 / Time: 10h:23m:8s (1h:16m:55s left)
Iteration 740 / LogL: -657474.624 / Time: 10h:31m:16s (1h:8m:20s left)
Iteration 750 / LogL: -657391.295 / Time: 10h:39m:16s (0h:59m:44s left)
Log-likelihood cutoff on original alignment: -657743.755
Iteration 760 / LogL: -657481.630 / Time: 10h:47m:4s (0h:51m:9s left)
Iteration 770 / LogL: -657438.182 / Time: 10h:54m:59s (0h:42m:35s left)
Estimate model parameters (epsilon = 0.100)
BETTER TREE FOUND at iteration 780: -657333.196
Iteration 780 / LogL: -657333.196 / Time: 11h:3m:23s (1h:25m:9s left)
Iteration 790 / LogL: -657733.036 / Time: 11h:11m:25s (1h:16m:35s left)
Iteration 800 / LogL: -657385.558 / Time: 11h:19m:3s (1h:7m:59s left)
Log-likelihood cutoff on original alignment: -657743.755
NOTE: Bootstrap correlation coefficient of split occurrence frequencies: 0.979
NOTE: UFBoot does not converge, continue at least 100 more iterations

******************************************************
CHECKPOINT: Resuming analysis from ../diazoDB-comparison/tree-comparison/nifD_anfD_vnfD_clustered.trim.ckp.gz

IQ-TREE multicore version 2.1.4-beta COVID-edition for Linux 64-bit built Jun 24 2021
Developed by Bui Quang Minh, James Barbetti, Nguyen Lam Tung,
Olga Chernomor, Heiko Schmidt, Dominik Schrempf, Michael Woodhams.

Host:    hpc-54-29.cm.cluster (AVX512, FMA3, 503 GB RAM)
Command: iqtree -s ../diazoDB-comparison/tree-comparison/nifD_anfD_vnfD_clustered.trim -safe -m MFP -msub nuclear -T AUTO -ntmax 8 -B 1000 -alrt 1000
Seed:    646382 (Using SPRNG - Scalable Parallel Random Number Generator)
Time:    Tue Sep 15 14:48:46 2026
Kernel:  Safe AVX+FMA - auto-detect threads (8 CPU cores detected)

Reading alignment file ../diazoDB-comparison/tree-comparison/nifD_anfD_vnfD_clustered.trim ... Fasta format detected
Alignment most likely contains protein sequences
Alignment has 1644 sequences with 650 columns, 650 distinct patterns
649 parsimony-informative, 0 singleton sites, 1 constant sites
                                Gap/Ambiguity  Composition  p-value
   1  JALOOX010000002.1_95             15.69%    passed     99.69%
   2  JANQID010000067.1_21             27.85%    passed     14.98%
   3  JASJCL010000004.1_117            15.38%    passed    100.00%
   4  JAURZP010000061.1_14             18.15%    passed     89.51%
   5  JAISWZ010000171.1_9              18.92%    passed     93.63%
   6  JAITGU010000090.1_9              29.23%    passed     26.44%
   7  JAITRL010000028.1_9              20.46%    passed     84.89%
   8  DALYIW010000271.1_5              26.15%    passed     93.14%
   9  JBDKVD010000197.1_7              16.15%    passed     98.41%
  10  JBEHWK010000096.1_9              18.77%    passed     65.36%
  11  JBGUEQ010000052.1_26             18.62%    passed     94.93%
  12  JBNKTL010000003.1_4              17.08%    passed     92.91%
  13  NC_005863.1_12                   17.54%    passed     56.32%
  14  NZ_KI912268.1_867                16.92%    passed     98.38%
  15  NZ_AUBR01000070.1_9              34.77%    failed      0.00%
  16  NZ_KK073873.1_2549               17.08%    passed     97.69%
  17  NZ_CP009933.1_252                26.15%    passed     47.51%
  18  NZ_LYVF01000002.1_35             29.08%    failed      0.00%
  19  NZ_QKZK01000008.1_30             17.08%    passed     98.13%
  20  NZ_WASO01000010.1_167            17.08%    passed     97.08%
  21  NZ_WIQU01000016.1_107            26.15%    passed      5.87%
  22  NZ_CP091277.1_1736               18.77%    passed     37.30%
  23  NZ_CP121472.1_4783               24.15%    passed     95.75%
  24  NZ_JBHFNP010000103.1_3           19.54%    passed     92.97%
  25  NZ_CP187479.1_1638               33.54%    failed      0.02%
  26  JAYRLO010000064.1_8              26.15%    passed     99.96%
  27  JBCQUZ010000008.1_31             17.38%    passed     65.99%
  28  JBMOLU010000008.1_39             16.15%    passed     99.88%
  29  JBASOB010000432.1_3              18.31%    passed     38.03%
  30  CAAAFQ010000066.1_13             26.15%    passed     83.24%
  31  CAKZLZ010000094.1_15             18.62%    passed     99.76%
  32  OW818699.1_1121                  16.92%    passed     96.53%
  33  CAXXQT010000009.1_544            16.62%    passed     97.21%
  34  OY782041.1_45                    16.77%    passed     99.87%
  35  OY787460.1_3962                  16.62%    passed     91.42%
  36  CAVTMV010000016.1_277            44.77%    passed     16.62%
  37  CAYVRD010000023.1_12             17.69%    passed     91.26%
  38  CAZQOG010000061.1_9              16.15%    passed     96.03%
  39  NC_009464.1_1400                 19.23%    passed     99.50%
  40  NC_005090.1_1299                 27.69%    passed     99.28%
  41  NZ_AQWN01000004.1_182            18.15%    passed     69.04%
  42  NZ_MJAT01000037.1_131            17.69%    passed     94.11%
  43  NZ_JAAEEH010000003.1_38          17.38%    passed     84.48%
  44  NZ_JAAMOZ010000001.1_1727        16.62%    passed     76.68%
  45  NZ_CAUVXL010000160.1_23          26.31%    passed     69.22%
  46  DBMP01000016.1_4                 29.08%    passed     95.63%
  47  JACCQO010000008.1_40             25.69%    passed     84.16%
  48  JARRRD010000091.1_11             32.92%    failed      1.51%
  49  LFCU01000132.1_3                 16.62%    passed     99.93%
  50  DBTX01000018.1_21                18.62%    passed     99.60%
  51  DKAS01000152.1_14                24.46%    passed     99.14%
  52  QKMY01000053.1_35                17.23%    passed     77.81%
  53  DRJN01000053.1_6                 24.46%    passed     87.80%
  54  JAAUSR010000097.1_6              24.92%    passed     99.97%
  55  JAADIV010000184.1_4              17.08%    passed     92.11%
  56  JACRLM010000031.1_16             26.46%    passed     56.15%
  57  JADKDL010000007.1_69             28.62%    passed     81.72%
  58  JAFGVA010000017.1_24             16.15%    passed     92.24%
  59  JAGBNK010000006.1_7              25.38%    passed     91.54%
  60  JAHJLV010000019.1_4              16.00%    passed     88.52%
  61  JAEYWP010000016.1_290            15.69%    passed     84.64%
  62  JAEXPS010000217.1_37             17.08%    failed      0.03%
  63  JAILRO010000057.1_56             26.15%    passed     55.50%
  64  JALWFG010000008.1_104            28.62%    passed     10.96%
  65  JAQIBV010000054.1_103            16.92%    passed     96.99%
  66  JANQGZ010000123.1_126            26.31%    passed     72.41%
  67  JAJUGN010000005.1_40             18.15%    passed     98.60%
  68  JAOUHH010000025.1_8              16.46%    passed     97.09%
  69  JAUZPI010000032.1_24             25.85%    passed     62.90%
  70  JAITFN010000026.1_9              18.31%    passed     92.56%
  71  JAITQT010000033.1_5              20.15%    passed     90.76%
  72  JAVVEA010000004.1_166            26.62%    passed     86.10%
  73  CAVVPU010000019.1_22             16.15%    passed     86.16%
  74  CAWHUG010000015.1_232            40.31%    failed      1.51%
  75  CAYYMO010000160.1_5              18.62%    passed     75.75%
  76  CAZCRM010000001.1_7              29.08%    passed     83.89%
  77  NZ_ACJM01000023.1_8              17.85%    passed     99.77%
  78  NZ_KB900617.1_255                18.15%    passed     75.30%
  79  NZ_AULZ01000001.1_402            16.92%    passed     99.85%
  80  NZ_KI912098.1_113                25.23%    passed     88.48%
  81  NZ_AUUU01000014.1_73             25.85%    passed     81.25%
  82  NZ_VLLC01000023.1_15             16.46%    passed     98.99%
  83  NZ_AP022853.1_965                26.77%    passed     87.75%
  84  PEAP01000018.1_10                26.77%    passed     62.56%
  85  PKTT01000037.1_28                16.77%    passed     81.81%
  86  PLOR01000108.1_33                39.69%    failed      2.61%
  87  VENI01000005.1_305               18.00%    passed     60.03%
  88  JAADIA010000013.1_7              16.62%    passed     98.75%
  89  JAGCNW010000006.1_55             27.23%    passed      6.96%
  90  JAKASO010000002.1_49             26.92%    passed     54.43%
  91  JAEZDF010000050.1_12             18.77%    passed     99.50%
  92  JANQHG010000128.1_10             25.85%    passed     65.17%
  93  JANQQD010000065.1_18             26.92%    passed     45.48%
  94  JASBVN010000002.1_8              26.46%    passed     79.81%
  95  JAQYVU010000001.1_148            15.38%    passed     87.41%
  96  CP130741.1_555                   18.62%    passed     58.74%
  97  JAISKB010000016.1_28             25.54%    passed     14.95%
  98  JAISUQ010000178.1_14             26.00%    failed      0.09%
  99  JAISMZ010000161.1_2              25.69%    failed      0.04%
 100  JAITER010000053.1_8              25.85%    passed     20.92%
 101  JBNLDQ010000041.1_78             26.92%    passed     88.84%
 102  CAUROG010000029.1_16             17.85%    passed     95.64%
 103  OY762552.1_1223                  26.92%    passed     56.11%
 104  CAXXOZ010000013.1_12             18.15%    passed     53.99%
 105  OY781921.1_3481                  16.46%    passed     95.44%
 106  CAVZLG010000009.1_62             16.31%    passed     96.02%
 107  CAWBKB010000006.1_418            16.00%    passed     99.78%
 108  CAYNQK010000009.1_38             16.46%    passed     46.44%
 109  CAYQUF010000145.1_10             18.31%    passed     96.38%
 110  CAYWYC010000130.1_7              16.77%    passed     74.33%
 111  CAZAFM010000011.1_15             27.54%    passed     92.90%
 112  CAZGVM010000013.1_22             17.38%    passed     93.32%
 113  CAZSSH010000003.1_20             16.31%    passed     80.99%
 114  CBDTTM010000040.1_9              18.62%    passed     95.32%
 115  NC_007498.2_2167                 26.77%    passed     99.59%
 116  NC_014410.1_1864                 20.46%    passed     19.71%
 117  NC_019689.1_3936                 17.69%    passed     93.56%
 118  NZ_JAGE01000001.1_353            18.62%    passed     76.61%
 119  NZ_BCNO01000003.1_18             26.92%    passed     20.90%
 120  NZ_AP017372.2_1212               26.31%    passed     70.38%
 121  NZ_PVXL01000046.1_279            27.85%    passed     70.21%
 122  NZ_CP034447.1_5                  24.15%    passed     83.73%
 123  NZ_ML776472.1_4172               18.00%    passed     99.06%
 124  NZ_JAHHUY010000010.1_60          26.62%    passed      7.60%
 125  CAZVZX010000008.1_34             16.92%    passed     45.74%
 126  CAZZBU010000035.1_14             17.38%    passed     98.22%
 127  NC_009675.1_3094                 26.92%    passed     87.12%
 128  NC_014484.1_347                  15.69%    passed     12.08%
 129  NC_021182.1_4021                 26.62%    failed      4.02%
 130  NZ_JMLK01000008.1_196            18.15%    passed     78.52%
 131  NZ_LSFI01000005.1_39             39.69%    passed     75.26%
 132  NZ_CP019698.1_1961               17.54%    passed     99.93%
 133  NZ_PVXP01000044.1_4              17.38%    passed     33.17%
 134  NZ_SAUF01000001.1_1488           24.92%    passed     95.65%
 135  NZ_SBHN01000005.1_119            27.08%    passed     87.47%
 136  NZ_JAKVOI010000001.1_1107        26.62%    passed      8.37%
 137  NZ_JAPDPJ010000005.1_40          16.46%    passed     94.52%
 138  NZ_JARFPL010000016.1_8           18.77%    passed     92.75%
 139  NZ_JBAYLY010000024.1_23          18.00%    passed     79.37%
 140  NZ_FOUO01000009.1_18             24.92%    passed     70.91%
 141  JAITNQ010000273.1_13             25.69%    passed     96.69%
 142  CAXXPA010000021.1_13             43.85%    passed     85.74%
 143  NZ_CP018335.1_2102               29.23%    passed     88.59%
 144  JBKICU010000025.1_23             16.31%    passed     99.86%
 145  JBMORH010000079.1_40             16.31%    passed     99.98%
 146  CAXXVA010000003.1_443            18.46%    passed     93.07%
 147  CAVOPT010000007.1_648            16.00%    passed     99.85%
 148  CAVSCL010000045.1_49             47.54%    passed     94.51%
 149  CAWDQE010000014.1_1832           16.15%    passed     37.02%
 150  CAWJRO010000006.1_60             26.92%    passed     53.02%
 151  CAZANF010000083.1_7              18.46%    passed     98.51%
 152  NC_014501.1_3656                 27.23%    passed     86.37%
 153  NZ_APMH01000029.1_7              26.00%    passed     22.78%
 154  NZ_AUFW01000017.1_140            18.15%    passed     98.70%
 155  NZ_CP009687.1_1355               17.69%    passed     58.17%
 156  NZ_FAOZ01000004.1_314            26.00%    passed     73.21%
 157  NZ_LSFI01000005.1_42             35.54%    passed     15.89%
 158  NZ_CP015519.1_174                26.77%    passed     98.54%
 159  NZ_LZZM01000215.1_13             18.77%    passed     66.44%
 160  JAFGRV010000395.1_19             17.08%    passed     95.21%
 161  JAHIQT010000088.1_3              18.62%    passed     87.87%
 162  JADZCD010000028.1_28             15.08%    passed     85.82%
 163  JAHFBZ010000001.1_4              27.69%    passed     38.22%
 164  JAEWMZ010000313.1_7              18.92%    passed     99.46%
 165  JAEYOE010000012.1_192            18.31%    passed     98.10%
 166  JAEZKY010000275.1_10             25.85%    passed     12.05%
 167  JAEYGM010000032.1_237            18.46%    passed     91.53%
 168  JACKPV010000023.1_320            15.38%    passed     41.63%
 169  JALSLU010000025.1_6              27.85%    passed     95.64%
 170  DAOVTW010000064.1_5              15.69%    passed     44.99%
 171  JAISZM010000126.1_5              25.08%    passed     14.35%
 172  JAITKA010000060.1_11             19.38%    passed     93.33%
 173  JAITNA010000150.1_4              16.92%    passed     88.23%
 174  DAIPHL010000024.1_10             29.23%    failed      0.00%
 175  JBBQQW010000066.1_6              17.85%    passed     99.33%
 176  JBGGOQ010000002.1_324            17.85%    passed     68.51%
 177  JBGSOB010000100.1_44             16.31%    passed     99.84%
 178  JASGGU010000075.1_7              18.62%    passed     60.69%
 179  JBAPTW010000329.1_7              25.08%    passed     98.70%
 180  JBNKCO010000064.1_99             16.46%    passed     61.53%
 181  JBNLED010000186.1_46             16.77%    passed     98.48%
 182  CAMJWQ010000008.1_20             18.31%    passed     68.77%
 183  CAUVYB020000002.1_4424           16.15%    passed     99.62%
 184  CAXXOA010000002.1_1610           16.00%    passed     95.71%
 185  OY764216.1_139                   16.15%    passed     69.77%
 186  OY776214.1_4024                  28.92%    failed      0.13%
 187  CAVOSJ010000001.1_12             43.54%    passed     78.41%
 188  CAVWYG010000006.1_178            17.54%    passed     99.85%
 189  NZ_FRAC01000008.1_118            25.38%    passed     33.98%
 190  CAYSZM010000022.1_10             25.69%    passed     88.23%
 191  NZ_CP008852.1_3861               25.69%    passed     99.86%
 192  NZ_OY762228.2_2771               25.69%    passed     53.33%
 193  NZ_BAACAP010000128.1_19          25.85%    passed     99.38%
 194  MHBK01000027.1_25                17.08%    passed     92.73%
 195  QJZS01000199.1_4                 16.31%    passed     98.98%
 196  JAAAOG010000158.1_7              25.23%    passed     51.41%
 197  JAAYAE010000064.1_6              18.62%    passed     99.10%
 198  JACRCD010000018.1_14             16.31%    passed     97.19%
 199  JAFVEY010000027.1_4              24.31%    passed     14.96%
 200  JAGYWI010000039.1_2              27.08%    passed     84.83%
 201  CALNBV010000093.1_4              27.23%    passed     95.26%
 202  OY760686.1_947                   16.62%    passed     81.37%
 203  NZ_JBFNXK010000007.1_160         24.92%    passed     99.84%
 204  NZ_CP157522.1_1056               34.15%    failed      0.02%
 205  NZ_FQXV01000005.1_194            18.62%    passed     90.40%
 206  NZ_CP009268.1_1373               29.08%    passed     64.66%
 207  AP017913.1_204                   16.62%    passed     95.54%
 208  DFNH01000026.1_34                40.00%    passed     67.82%
 209  DIFG01000025.1_6                 17.38%    passed     74.58%
 210  DNPP01000131.1_18                25.38%    failed      0.80%
 211  WSNO01000022.1_71                26.92%    passed     93.66%
 212  JAABTA010000022.1_7              27.54%    passed     85.44%
 213  JACQEX010000062.1_8              26.62%    passed     83.47%
 214  JAEINM010000009.1_25             17.85%    passed     95.78%
 215  JAFGHA010000149.1_4              16.92%    passed     92.90%
 216  JAFOOX010000004.1_8              24.62%    passed     76.15%
 217  JAGXSZ010000017.1_23             37.23%    passed     50.23%
 218  JAIOYK010000004.1_17             25.54%    passed     99.00%
 219  JAILZL010000033.1_8              16.00%    passed     17.56%
 220  JAGXFU010000005.1_220            25.08%    passed     90.18%
 221  BNUG01000015.1_33                25.38%    failed      0.85%
 222  JAOAAV010000030.1_11             18.62%    passed     97.77%
 223  JANQFY010000072.1_17             16.46%    passed     91.09%
 224  JAQQAL010000033.1_2              16.77%    passed     98.98%
 225  DFMR01000074.1_12                42.15%    passed     94.81%
 226  PMCB01000075.1_13                17.08%    passed     83.06%
 227  REDP01000239.1_6                 18.00%    passed     91.91%
 228  JAABSP010000032.1_12             15.38%    passed     94.28%
 229  JAADEG010000047.1_20             34.77%    failed      0.36%
 230  JADGBM010000040.1_14             16.31%    passed     95.24%
 231  JAFRUS010000063.1_22             24.15%    failed      4.42%
 232  JAIWOE010000057.1_8              15.38%    passed     99.30%
 233  JAKSDM010001827.1_3              26.92%    passed     36.76%
 234  JAEZCO010000026.1_27             18.62%    passed     96.09%
 235  BNZC01000005.1_20                25.23%    passed     18.02%
 236  JAPMTS010000049.1_14             18.15%    passed     87.34%
 237  DAHVYW010000054.1_11             18.00%    passed     99.16%
 238  JAQQAM010000057.1_25             16.00%    passed     99.59%
 239  JAQYWN010000091.1_7              24.77%    passed     95.01%
 240  JAUWGF010000046.1_4              17.38%    passed     94.36%
 241  JAUPKQ010000072.1_4              16.00%    failed      1.69%
 242  JAISJC010000003.1_38             18.77%    passed     94.94%
 243  JAISLV010000091.1_4              18.31%    passed     95.92%
 244  JAITDU010000007.1_6              18.00%    passed     99.40%
 245  JAITOY010000038.1_85             22.92%    passed     14.20%
 246  JBCDJM010000169.1_4              26.15%    passed     99.11%
 247  JBDMZA010000692.1_6              18.00%    passed     24.23%
 248  JBFMCF010000124.1_25             17.85%    passed     92.09%
 249  JBKBUA010000009.1_23             19.85%    passed     76.84%
 250  JBKHCI010000057.1_5              17.38%    passed     99.16%
 251  OMVJ01000012.1_57                25.38%    failed      0.85%
 252  NC_011832.1_561                  18.31%    passed     98.69%
 253  NC_014364.1_2992                 16.92%    passed     88.57%
 254  NZ_AUEY01000015.1_16             15.69%    passed     92.58%
 255  NZ_LWMV01000018.1_3              27.08%    passed      6.79%
 256  NZ_VATK01000011.1_32             27.23%    passed     98.04%
 257  NZ_VSDO01000001.1_597            26.46%    passed     63.40%
 258  NZ_JAGGLM010000008.1_68          26.00%    passed     53.49%
 259  NZ_FQZL01000005.1_298            17.54%    passed     43.45%
 260  NZ_UPPP01000074.1_57             17.85%    passed     99.75%
 261  NZ_CP170111.1_415                25.85%    failed      0.74%
 262  DAIPHW010000062.1_9              29.08%    passed     98.94%
 263  JAKSBV010000465.1_10             18.31%    passed     65.05%
 264  JALNVF010000039.1_10             17.23%    passed     93.61%
 265  JAEYRX010000032.1_49             16.77%    passed     95.92%
 266  JAOZHS010000001.1_568            29.69%    passed     84.36%
 267  JALSQI010000027.1_46             28.62%    passed     61.92%
 268  DAHWJX010000074.1_8              25.69%    passed     89.30%
 269  JANQFG010000047.1_50             30.15%    passed     11.48%
 270  CP054837.1_2501                  16.31%    passed     98.60%
 271  JASEER010000002.1_76             32.77%    failed      0.00%
 272  JASKKI010000005.1_57             17.85%    passed     92.57%
 273  JAISCI010000096.1_2              25.38%    failed      0.17%
 274  JAISRZ010000065.1_14             20.46%    passed     94.33%
 275  JAITDJ010000042.1_26             27.38%    failed      0.81%
 276  JAITOE010000134.1_5              18.77%    passed     71.43%
 277  DATMXY010000536.1_4              17.54%    passed     99.91%
 278  DASXUJ010000093.1_6              15.54%    passed     93.82%
 279  JBBRAB010000002.1_14             18.46%    passed     75.66%
 280  JBEBTY010000004.1_141            26.31%    passed     42.15%
 281  JBFMBL010000017.1_14             34.92%    failed      0.00%
 282  JBKGXV010000017.1_10             17.08%    passed     99.57%
 283  JBPRGG010000127.1_74             16.46%    passed     99.42%
 284  OMYO01000017.1_28                26.00%    passed     74.84%
 285  CALARR010000214.1_42             16.77%    passed     58.95%
 286  CAMGZH010000010.1_46             25.85%    passed     90.08%
 287  OY762509.1_4307                  17.54%    passed     77.96%
 288  OY764022.1_2416                  17.85%    passed     99.99%
 289  CAVWTN010000002.1_219            16.77%    passed     60.39%
 290  CAVZLD010000014.1_530            17.54%    passed     96.25%
 291  NZ_JAKVOI010000001.1_1102        25.38%    failed      4.48%
 292  NZ_DATCQT010000047.1_21          18.46%    passed     44.90%
 293  PJFB01000002.1_332               25.69%    passed     95.45%
 294  NZ_CP198955.1_2201               25.69%    passed     99.66%
 295  NZ_LMVP01000035.1_31             29.08%    passed     94.50%
 296  NZ_DAISZR010000034.1_5           27.69%    passed     96.00%
 297  DDLW01000155.1_2                 26.46%    passed     85.06%
 298  DGRX01000006.1_56                26.15%    passed     40.99%
 299  PHAA01000005.1_62                25.54%    passed     11.93%
 300  QKCL01000069.1_17                16.15%    passed     83.17%
 301  CAYNFM010000019.1_24             16.31%    passed     50.89%
 302  CAYWRP010000030.1_26             25.85%    passed     77.99%
 303  CAYZZU010000001.1_173            26.62%    passed     17.81%
 304  CAZJVB010000033.1_17             25.54%    failed      1.40%
 305  CAZONZ010000008.1_19             25.69%    passed     91.77%
 306  JBAQPK010000630.1_4              27.08%    passed     86.66%
 307  JBLNDH010000509.1_15             17.08%    passed     98.24%
 308  JBNLDK010000172.1_28             26.92%    passed     94.54%
 309  JBPRGF010000019.1_82             25.69%    passed     41.75%
 310  JBKQLC010000211.1_25             16.00%    passed     88.28%
 311  CAIUEN010000270.1_3              16.31%    passed     94.05%
 312  CAXXFK010000024.1_78             16.62%    passed     99.67%
 313  OY762510.1_1631                  15.69%    passed     91.62%
 314  OY781093.1_2233                  18.00%    passed     64.20%
 315  CAXXYH010000003.1_215            16.77%    passed     95.91%
 316  CAVQBK010000007.1_55             16.46%    passed     99.02%
 317  CAVUMJ010000184.1_2              24.62%    passed     97.51%
 318  CAWDOZ010000171.1_12             17.23%    passed     98.19%
 319  CAZABK010000009.1_42             17.08%    passed     98.37%
 320  CAZGQL010000056.1_12             16.00%    passed     98.27%
 321  CAZOOZ010000005.1_115            17.08%    passed     59.93%
 322  CAZVRW010000002.1_30             26.77%    passed     41.97%
 323  NC_002936.3_1090                 17.08%    passed     97.00%
 324  NC_009634.1_64                   28.15%    passed     32.13%
 325  NC_014393.1_2838                 18.15%    passed     78.48%
 326  NC_015681.1_1064                 35.54%    failed      0.77%
 327  NZ_BAVR01000011.1_61             44.92%    passed      8.36%
 328  NZ_MAGO01000009.1_86             17.54%    passed     93.73%
 329  NZ_RXYA01000004.1_246            28.46%    passed      5.57%
 330  CALEGN010000204.1_8              25.85%    passed     99.65%
 331  CAXUIG010000086.1_19             29.08%    passed     93.87%
 332  JARLGW010000001.1_190            17.38%    passed     86.66%
 333  DAOPYF010000005.1_11             16.31%    passed     91.54%
 334  DASRUX010000163.1_4              26.15%    passed     98.97%
 335  JAVBWB010000004.1_37             26.92%    passed     97.33%
 336  JBDKRP010000004.1_16             18.31%    passed     73.01%
 337  JBFMFO010000033.1_8              17.85%    passed     82.51%
 338  JBFLVI010000012.1_9              41.85%    failed      0.00%
 339  JBAZGW010000006.1_23             18.15%    passed     80.97%
 340  JAWLDH010000001.1_765            26.92%    passed     46.86%
 341  JAZUJH010000116.1_45             26.77%    failed      0.71%
 342  JBNKYI010000123.1_5              17.23%    passed     97.63%
 343  NC_015562.1_1759                 27.85%    passed      5.45%
 344  NZ_JHXX01000004.1_24             27.08%    passed     55.97%
 345  NZ_SJPJ01000001.1_4345           18.46%    passed     91.43%
 346  NZ_VWXL01000053.1_21             17.38%    passed     99.52%
 347  NZ_CP053923.1_3683               25.69%    passed     81.32%
 348  NZ_JAFHKK010000037.1_8           27.38%    passed     95.15%
 349  NZ_JAKNBL010000004.1_121         25.85%    passed     54.51%
 350  NZ_AP024620.1_546                34.00%    failed      0.00%
 351  NZ_CP113865.1_432                34.15%    failed      2.20%
 352  NZ_JBNGCO010000047.1_6           18.15%    passed     90.09%
 353  NZ_LT575483.1_3009               26.00%    passed     25.92%
 354  NZ_JBLLJS010000011.1_102         41.54%    passed     70.49%
 355  NZ_CP058648.1_417                17.69%    passed     65.54%
 356  NZ_JAKNBL010000052.1_16          17.38%    passed     91.38%
 357  NZ_JAILNY010000101.1_12          25.85%    failed      1.81%
 358  NZ_CP137003.1_1695               16.31%    passed      6.34%
 359  NZ_DATCHP010000002.1_16          18.77%    passed     86.62%
 360  NZ_LT575483.1_3015               27.54%    passed     10.69%
 361  NZ_FOYZ01000001.1_321            18.00%    passed     27.95%
 362  NZ_FQXM01000009.1_75             18.00%    passed     71.68%
 363  NZ_FUXM01000011.1_30             20.15%    passed     26.11%
 364  DBTU01000011.1_40                29.08%    passed     97.12%
 365  JAISZB010000292.1_14             29.69%    passed     97.64%
 366  CAZJRQ010000009.1_53             29.08%    passed     60.12%
 367  DBTI01000114.1_50                41.08%    passed     97.25%
 368  JAEYGM010000020.1_134            29.23%    passed     94.03%
 369  NZ_CP047242.1_5205               25.85%    passed     99.88%
 370  CAYRGZ010000113.1_2              17.38%    passed     85.42%
 371  CAZQKZ010000060.1_5              27.38%    passed     72.85%
 372  MWCJ01000005.1_5                 17.38%    passed     96.36%
 373  DCFU01000034.1_54                18.46%    passed     98.88%
 374  SLTJ01000006.1_18                29.85%    passed     62.30%
 375  JAAZBG010000126.1_6              16.92%    passed     96.04%
 376  JAADGP010000120.1_25             17.23%    passed     98.93%
 377  JADGCQ010000067.1_3              26.46%    passed     92.00%
 378  DVEB01000153.1_7                 18.77%    passed     91.09%
 379  JAEERM010000174.1_2              24.46%    passed     28.35%
 380  JAFGKW010000034.1_7              18.92%    passed     75.27%
 381  NZ_CP042326.1_424                26.00%    passed     94.63%
 382  NZ_JAGGKR010000001.1_832         18.15%    passed     57.96%
 383  NZ_JAMXLY010000014.1_2           16.46%    passed     70.39%
 384  NZ_JBEKLH010000004.1_87          18.31%    passed     95.52%
 385  NZ_LT630003.1_2093               26.62%    passed     64.37%
 386  NZ_FQXU01000006.1_180            18.92%    passed     55.83%
 387  JBFWLW010000004.1_213            25.85%    passed     54.10%
 388  CAZUBG010000032.1_9              25.69%    passed     97.34%
 389  DBUB01000018.1_89                29.38%    passed     90.04%
 390  JQDQ01000073.1_15                16.31%    passed     88.18%
 391  LN848257.1_3505                  24.46%    passed     99.59%
 392  DCSM01000168.1_15                28.92%    passed     75.95%
 393  DFNH01000026.1_32                33.85%    failed      0.00%
 394  CP022705.1_1259                  26.92%    passed      9.30%
 395  JAISJK010000092.1_7              19.38%    passed     51.75%
 396  JAISLY010000061.1_2              25.69%    failed      0.01%
 397  JAITDU010000003.1_4              26.00%    failed      0.53%
 398  DASXVU010000030.1_47             18.46%    passed     99.11%
 399  JBFHEM010000017.1_58             17.08%    passed     98.26%
 400  JASGKH010000002.1_1954           16.62%    passed     99.82%
 401  JASFMY010000001.1_113            16.31%    passed     40.83%
 402  CAIJNL010000041.1_37             26.92%    passed     96.46%
 403  CAIPEB010000462.1_18             17.54%    passed     94.99%
 404  CAJVYJ010000038.1_8              19.85%    passed     93.18%
 405  CAVOKF010000004.1_984            25.38%    passed     91.62%
 406  CAWIYB010000004.1_6              34.62%    passed     85.66%
 407  CAYTNW010000002.1_173            15.85%    passed     72.16%
 408  CAYWRH010000010.1_15             15.69%    passed     94.97%
 409  CAZGON010000025.1_21             23.54%    passed     97.47%
 410  CAZVPF010000006.1_46             16.62%    passed     89.16%
 411  CAZYIH010000009.1_12             16.92%    passed     24.19%
 412  CBDDLL010000001.1_2598           16.00%    passed     97.33%
 413  NZ_KE384343.1_61                 16.31%    passed     99.87%
 414  NZ_CP045798.1_391                18.00%    passed     98.72%
 415  CAIJOU010000740.1_5              16.15%    passed     80.68%
 416  CAITYL010000375.1_13             16.62%    passed     55.17%
 417  OY760648.1_1112                  17.85%    passed     60.63%
 418  OY763926.1_300                   16.92%    passed     86.56%
 419  OY775912.1_1041                  16.46%    passed     99.89%
 420  OY781889.1_1188                  24.77%    passed     20.96%
 421  CAYTSA010000003.1_77             16.62%    passed     98.36%
 422  CAYZSE010000042.1_8              25.08%    passed     21.79%
 423  CAZJWE010000034.1_14             16.92%    passed     17.91%
 424  CAZOEL010000011.1_39             16.00%    passed     82.66%
 425  CAZVOA010000004.1_146            16.62%    passed     79.96%
 426  CBDDLR010000001.1_323            16.62%    passed     88.80%
 427  NZ_CGIH01000027.1_171            18.15%    passed     85.55%
 428  NZ_LWMW01000115.1_5              27.23%    passed     63.83%
 429  NZ_QEWP01000002.1_8              16.62%    passed     79.85%
 430  NZ_VKAD01000001.1_65             25.38%    passed     99.90%
 431  NZ_WHNX01000037.1_10             17.08%    passed     18.08%
 432  JAAYRK010000073.1_20             25.38%    passed     67.56%
 433  JABLWZ010000015.1_46             18.00%    passed     99.93%
 434  CP054864.1_487                   26.31%    passed     96.41%
 435  WGCA01000002.1_4                 36.62%    failed      0.00%
 436  JACRDC010000009.1_36             16.31%    passed     97.89%
 437  QKCP01000121.1_36                17.54%    passed      5.69%
 438  DPJA01000039.1_226               18.31%    passed     87.61%
 439  RECO01000158.1_8                 25.38%    passed     24.96%
 440  JAAYPT010000046.1_7              25.69%    passed     59.17%
 441  JACMJL010000081.1_13             18.31%    passed     55.99%
 442  CP064986.1_4221                  16.92%    passed     95.24%
 443  JADGDX010000016.1_15             26.92%    passed     85.45%
 444  JAFGDW010000180.1_29             16.92%    passed    100.00%
 445  JAKAFU010000002.1_7              27.08%    passed     93.54%
 446  JAEVYU010000029.1_32             16.92%    passed     99.26%
 447  JAEYON010000068.1_57             25.38%    passed     37.79%
 448  JAEYRV010000015.1_6              17.85%    passed     78.93%
 449  JAHEEB010000338.1_4              16.46%    passed     84.78%
 450  JALSPN010000227.1_8              39.69%    passed      8.80%
 451  JAKPQQ010000249.1_14             17.54%    passed     98.35%
 452  JAVHLG010000009.1_21             17.08%    passed     83.13%
 453  JAIRXA010000129.1_5              26.00%    failed      0.09%
 454  JAITOC010000047.1_6              26.15%    failed      2.15%
 455  DATMXW010000137.1_36             18.92%    passed     95.70%
 456  DASXUI010000371.1_6              16.62%    failed      3.09%
 457  JBAXGL010000046.1_3              16.31%    passed     99.63%
 458  JBFMBE010000057.1_6              15.85%    passed     49.98%
 459  JBKGXW010000021.1_10             18.15%    passed     47.00%
 460  JASFFM010000012.1_9              15.54%    passed     96.74%
 461  JAAELO010000714.1_37             16.46%    passed     62.41%
 462  DAIEHY010000046.1_3              27.54%    passed     91.69%
 463  JANQMT010000200.1_12             18.62%    passed     13.01%
 464  JAKQPD010000225.1_4              16.00%    passed     93.68%
 465  JASGMV010000058.1_4              16.46%    passed     98.42%
 466  JAUWNY010000073.1_10             29.08%    passed     93.94%
 467  JAVHLK010000022.1_15             16.00%    passed     99.47%
 468  JAIRWR010000092.1_20             22.92%    passed     10.11%
 469  JAISRD010000102.1_4              17.85%    passed     68.74%
 470  JAITKN010000035.1_10             19.08%    passed     99.67%
 471  JAITCM010000099.1_19             17.85%    passed     97.34%
 472  JBAXGN010000170.1_4              16.15%    passed     98.37%
 473  JASGGY010000003.1_447            25.54%    passed     15.59%
 474  JBAUOX010000939.1_7              16.92%    passed     98.34%
 475  JBARKJ010000085.1_6              26.77%    passed     72.13%
 476  CAJXYU010000006.1_179            16.46%    passed     97.13%
 477  CAMIZL010000028.1_3              26.31%    passed     72.92%
 478  CAMVNV010000033.1_16             25.08%    passed     73.41%
 479  OY760937.1_4614                  16.15%    passed     97.74%
 480  OY764215.1_528                   16.92%    passed     94.89%
 481  CAVSCO010000092.1_20             16.62%    passed     99.20%
 482  CAVZMY010000002.1_31             26.92%    passed      8.91%
 483  CAWJQN010000003.1_685            16.31%    passed     95.92%
 484  CAYWZR010000158.1_3              26.92%    passed     98.42%
 485  CAZAMT010000048.1_6              16.15%    passed     97.08%
 486  CAZHHX010000031.1_6              16.15%    passed     99.86%
 487  CAZOTE010000021.1_12             17.54%    passed     31.83%
 488  PMCK01000589.1_66                29.38%    passed     58.21%
 489  NZ_CP029353.1_1752               26.62%    passed     89.82%
 490  LVAS01000062.1_9                 17.85%    passed     86.20%
 491  DASP01000009.1_55                28.15%    passed     93.16%
 492  REES01000041.1_56                26.15%    passed     88.46%
 493  JAAYPC010000346.1_6              17.08%    passed     98.86%
 494  JADGAR010000021.1_36             25.69%    passed     42.07%
 495  WGBG01000092.1_2                 16.46%    passed     99.26%
 496  JAKVOB010000001.1_644            25.38%    failed      1.12%
 497  JAHFCR010000035.1_22             26.46%    failed      0.00%
 498  JAEXSP010000008.1_152            18.31%    passed     97.12%
 499  JALSMA010000057.1_22             16.46%    passed     99.97%
 500  JAKPSR010000432.1_5              16.31%    passed     44.82%
 501  DAOUSW010000006.1_6              19.23%    passed     98.53%
 502  JAISZO010000340.1_2              16.31%    passed     90.03%
 503  JAISRC010000151.1_7              18.77%    passed     90.14%
 504  DATIQS010000405.1_4              18.15%    passed     97.38%
 505  JBFZEO010000213.1_4              17.08%    passed     80.71%
 506  NZ_VMSW01000007.1_44             17.08%    passed     34.44%
 507  NZ_CP060084.1_2015               24.46%    passed     51.50%
 508  NZ_JAIHAU010000030.1_14          19.54%    passed     92.84%
 509  NZ_JBGSQX010000046.1_30          15.69%    passed     99.96%
 510  NZ_CP085242.1_2822               24.77%    passed     52.13%
 511  NZ_CP136241.1_2495               19.23%    passed     87.05%
 512  NZ_CAADHO010000014.1_10          16.31%    passed     99.16%
 513  JARLHL010000048.1_7              25.69%    passed     94.02%
 514  CAYPRZ010000021.1_16             26.92%    passed     95.53%
 515  NZ_CCDG010000021.1_230           38.62%    failed      0.37%
 516  NZ_JBALDM010000031.1_29          25.85%    passed     76.17%
 517  LVAZ01000212.1_9                 16.62%    passed     87.30%
 518  MHBI01000031.1_7                 17.23%    passed     99.72%
 519  BDTY01000116.1_11                29.38%    passed     73.95%
 520  PLPI01000144.1_17                16.77%    passed     99.17%
 521  JAAYAG010000022.1_8              16.77%    passed     97.25%
 522  JADGAQ010000149.1_4              26.15%    passed     41.60%
 523  WAQR01000070.1_2                 29.85%    passed     92.83%
 524  JACRCH010000097.1_9              26.62%    passed     91.20%
 525  JBGAFI010000012.1_59             46.31%    passed     60.27%
 526  JBNKCR010000112.1_15             16.62%    passed     99.65%
 527  CACZPR010000118.1_73             27.23%    passed     97.23%
 528  CAILNX010000043.1_124            16.31%    passed     99.29%
 529  OW818641.1_999                   26.31%    passed     92.68%
 530  OY762711.1_3549                  17.08%    passed     94.61%
 531  CAVSFO010000008.1_23             16.77%    passed     57.53%
 532  JAJYXB010000019.1_131            17.85%    passed     78.89%
 533  JAIUMY010000064.1_13             17.54%    passed     99.93%
 534  JAEWMY010000028.1_4              16.31%    passed     94.40%
 535  JAEXTK010000206.1_4              15.38%    passed     82.26%
 536  JANLFN010000013.1_39             18.62%    passed     91.05%
 537  JANQML010000270.1_8              16.00%    passed     99.30%
 538  DAOWGI010000087.1_38             17.85%    passed     80.84%
 539  JAISZH010000064.1_7              18.62%    passed     98.30%
 540  JAISQU010000240.1_7              16.31%    passed     95.93%
 541  OW818665.1_2521                  16.31%    passed     98.58%
 542  CAXXDA010000010.1_83             16.62%    passed     89.20%
 543  CAVSOX010000018.1_78             16.00%    passed     42.85%
 544  CAVVAX010000033.1_68             26.15%    passed     75.07%
 545  CAVXFW010000023.1_542            18.31%    passed     79.77%
 546  CAVZZY010000005.1_165            17.54%    passed     98.95%
 547  CAWBRF010000033.1_181            16.77%    passed     58.43%
 548  CAWGXH010000004.1_196            45.23%    passed     41.73%
 549  CAYONM010000098.1_12             17.23%    passed     87.10%
 550  CAYRQT010000012.1_4              18.15%    passed     56.63%
 551  CAYUNV010000073.1_5              17.85%    passed     98.90%
 552  CAZFCK010000018.1_17             16.62%    passed     98.87%
 553  CAZTRN010000001.1_382            29.69%    passed     98.45%
 554  CAZZWA010000045.1_15             26.31%    passed     98.96%
 555  NZ_CP018335.1_1287               24.31%    passed     50.17%
 556  NZ_JADNRQ010000006.1_110         17.08%    passed     89.83%
 557  MIAN01000268.1_27                16.77%    passed     88.14%
 558  QKGS01000086.1_14                16.46%    passed     62.48%
 559  VEPN01000001.1_11                28.00%    passed     92.39%
 560  JAFGXR010000020.1_38             17.08%    passed     95.50%
 561  JAFUTU010000042.1_36             25.54%    passed     44.02%
 562  JAHITY010000070.1_36             17.08%    passed     89.41%
 563  JAJOKN010000014.1_10             29.23%    passed     68.80%
 564  JAKJHH010000105.1_3              16.31%    passed     96.16%
 565  JAEYKI010000019.1_175            18.00%    passed     99.41%
 566  JAEZJQ010000049.1_10             17.08%    passed     98.00%
 567  JAPKXZ010000023.1_41             17.85%    passed     88.62%
 568  JAISXZ010000004.1_7              26.31%    failed      0.00%
 569  JAITSS010000046.1_31             16.31%    passed     96.78%
 570  JAVLUO010000001.1_421            16.77%    passed     93.86%
 571  JBBRWD010000012.1_18             16.00%    passed     83.22%
 572  JBGMEA010000012.1_156            18.62%    passed     93.11%
 573  CAWKFD010000029.1_22             17.54%    passed     99.62%
 574  CAYJFR010000045.1_7              16.46%    passed     96.64%
 575  CAYOQD010000050.1_13             17.54%    passed     98.09%
 576  CAZLJN010000057.1_6              17.08%    passed     91.89%
 577  OZ223208.1_2564                  16.62%    passed     97.52%
 578  NC_013887.1_42                   34.62%    failed      1.09%
 579  NC_021184.1_2326                 16.77%    passed     97.09%
 580  NC_020134.1_1851                 25.38%    passed      6.91%
 581  NZ_ATUG01000002.1_1625           15.69%    passed     76.90%
 582  NZ_JHEG04000001.1_4853           28.77%    passed     98.61%
 583  NZ_CP018335.1_1299               25.69%    passed     50.88%
 584  NZ_CP021850.1_1013               17.08%    passed     49.42%
 585  NZ_QRCT01000034.1_291            18.00%    passed     33.11%
 586  NZ_JACTOJ010000010.1_102         18.00%    passed     61.14%
 587  NZ_CP172404.1_1939               26.62%    passed     97.83%
 588  NZ_JAFBCW010000006.1_5           28.77%    failed      0.16%
 589  NZ_JASFYE010000002.1_175         28.46%    passed     82.99%
 590  NZ_FZOB01000004.1_88             25.85%    passed      8.58%
 591  NZ_CAUVYG020000001.1_1914        29.08%    passed     97.14%
 592  JACKCP010000019.1_10             17.69%    passed     94.90%
 593  LADR01000085.1_8                 15.69%    passed     93.58%
 594  LWRO01000008.1_71                26.31%    passed     87.24%
 595  MNUQ01000182.1_2                 16.46%    passed     99.99%
 596  DBTI01000098.1_17                18.62%    passed     48.47%
 597  DFBQ01000120.1_7                 28.92%    passed     26.24%
 598  DHGV01000056.1_9                 18.62%    passed     94.59%
 599  SKJB01000067.1_19                16.62%    passed     93.31%
 600  NZ_JBJHZX010000053.1_13          18.31%    passed     98.18%
 601  NC_017059.1_564                  25.85%    passed     95.90%
 602  CAVWOB010000014.1_173            49.23%    passed     73.41%
 603  DFBQ01000120.1_9                 33.54%    passed     13.52%
 604  QIDP01000121.1_18                27.23%    passed     97.03%
 605  QKDK01000232.1_13                18.31%    passed     68.72%
 606  SKGK01000158.1_11                18.92%    passed     67.42%
 607  CP050848.1_1507                  17.08%    passed     96.05%
 608  WGNK01000004.1_133               24.92%    passed     66.99%
 609  JACQZP010000019.1_165            23.69%    passed     10.57%
 610  JAEUHG010000004.1_20             16.31%    passed     17.84%
 611  JAFLKK010000022.1_15             16.92%    passed     40.80%
 612  DZAY01000002.1_11                27.85%    passed     98.07%
 613  JAEWXF010000023.1_25             17.54%    passed     99.68%
 614  JAEYHP010000168.1_16             18.62%    passed     99.27%
 615  JAEZHI010000007.1_29             24.77%    passed     87.43%
 616  JANYKD010000055.1_59             16.62%    passed     99.73%
 617  JALUTY010000077.1_20             16.77%    failed      1.19%
 618  JANQIE010000146.1_5              15.69%    passed     90.04%
 619  MAEO01000128.1_21                28.92%    passed     19.18%
 620  DHHR01000071.1_16                18.62%    passed     61.80%
 621  QKFE01000054.1_5                 17.08%    passed     98.99%
 622  SKKK01000483.1_3                 16.92%    passed     83.71%
 623  WBOU01000025.1_33                28.92%    passed     94.83%
 624  JACWAM010000126.1_3              17.23%    passed     37.33%
 625  JADFXV010000031.1_13             16.15%    passed     80.80%
 626  JAGNSM010000017.1_25             18.15%    passed     83.44%
 627  CP076745.1_442                   19.23%    passed     82.54%
 628  JAIHAL010000002.1_187            18.62%    passed     97.22%
 629  JAJXWJ010000032.1_20             18.92%    passed     45.08%
 630  JAJYPD010000042.1_10             25.69%    passed     38.19%
 631  JAJZVW010000033.1_20             26.00%    passed     94.93%
 632  CAWBNQ010000003.1_413            27.08%    passed     97.82%
 633  CAWDST010000009.1_222            44.00%    passed     73.34%
 634  CAYOCT010000022.1_68             17.23%    passed     70.09%
 635  CAZHNM010000007.1_45             16.92%    passed     92.81%
 636  CAZTJA010000066.1_5              16.00%    passed     98.61%
 637  NZ_KE386494.1_450                18.62%    passed     85.08%
 638  NZ_SOEB01000001.1_238            26.62%    passed     72.70%
 639  NZ_JACGAG010000012.1_20          17.38%    passed     29.17%
 640  NZ_JAGGMM010000001.1_497         18.00%    passed     87.89%
 641  NZ_CP054699.1_2248               19.54%    passed     99.27%
 642  NZ_AP027130.1_794                16.31%    passed     55.90%
 643  NZ_CP123991.1_1548               27.38%    passed     84.58%
 644  NZ_DAMAUN010000015.1_39          27.08%    passed     16.64%
 645  NZ_JAJQRB010000083.1_84          25.85%    passed      8.62%
 646  NZ_CP186926.1_510                34.46%    failed      0.00%
 647  NZ_FOUU01000006.1_23             29.85%    passed     35.98%
 648  NZ_CAAHFH010000002.1_1772        16.62%    passed     99.89%
 649  DATLJS010000017.1_32             25.85%    passed     99.99%
 650  CAVRWC010000014.1_222            43.38%    passed     85.72%
 651  PXDP01000002.1_4                 18.46%    passed     98.61%
 652  RPGP01000029.1_183               35.85%    passed     79.15%
 653  NZ_OY764057.2_1528               17.69%    passed     54.42%
 654  JAEYPZ010000059.1_18             25.69%    passed     97.55%
 655  CAZDYU010000004.1_30             28.92%    passed     60.93%
 656  NZ_CP009288.1_2273               35.08%    failed      0.46%
 657  NZ_PVXP01000083.1_9              29.54%    passed     35.98%
 658  NZ_JAFFQA010000010.1_67          29.23%    passed     93.76%
 659  DBMI01000028.1_138               15.54%    passed     99.78%
 660  DAWO01000104.1_28                28.15%    passed     90.02%
 661  PLTA01000007.1_18                29.69%    passed     98.24%
 662  WOYJ01000090.1_7                 26.92%    passed     35.42%
 663  JAAYHY010000160.1_59             25.38%    failed      0.77%
 664  JACAUC010000118.1_6              29.23%    passed     98.92%
 665  JACRHH010000004.1_35             27.23%    passed     67.17%
 666  JAFGYD010000195.1_4              17.85%    passed     95.49%
 667  JAFVDR010000064.1_1              30.77%    passed     18.63%
 668  CP087563.1_4212                  18.46%    passed     98.33%
 669  JALCCK010000048.1_12             17.69%    passed     99.70%
 670  JAEWMQ010000078.1_15             18.15%    passed     93.58%
 671  JAEYLX010000032.1_347            25.54%    passed     14.12%
 672  JAIKWF010000048.1_22             24.15%    passed     67.75%
 673  JALSKZ010000026.1_12             35.08%    failed      1.21%
 674  JANQLN010000087.1_8              18.15%    passed     77.32%
 675  NZ_WXEY01000004.1_10             26.31%    passed     72.86%
 676  NZ_NRRW01000075.1_8              24.46%    passed     83.74%
 677  NZ_JAINWA010000003.1_650         16.46%    passed     98.14%
 678  NZ_CP107254.1_577                28.15%    failed      0.36%
 679  NZ_JBHTCM010000003.1_83          25.08%    passed     91.62%
 680  NZ_FNCV01000009.1_2              26.00%    passed     86.91%
 681  OY781040.1_2196                  25.69%    passed     86.48%
 682  DNPP01000004.1_26                25.85%    passed     75.87%
 683  JAUPKJ010000284.1_3              26.92%    passed     74.28%
 684  CP170506.1_260                   25.69%    passed     97.37%
 685  NZ_CAXXCH010000001.1_1993        28.77%    passed     68.04%
 686  JAEYKI010000001.1_180            29.85%    passed      5.72%
 687  JAEWXO010000026.1_13             25.54%    failed      4.37%
 688  JAILDL010000137.1_9              25.54%    passed     83.35%
 689  JALSKY010000089.1_3              29.85%    passed     25.85%
 690  JANQJV010000411.1_6              24.46%    passed     18.43%
 691  JAIRPN010000010.1_31             15.85%    passed     50.06%
 692  JAISYL010000237.1_14             19.08%    passed     62.47%
 693  JAISQE010000139.1_15             25.08%    passed     29.26%
 694  JAITIP010000043.1_14             25.85%    passed     13.31%
 695  JAVLBA010000034.1_4              16.46%    passed     88.98%
 696  DATAMG010000109.1_8              16.92%    passed     99.94%
 697  DATDCY010000155.1_17             27.08%    passed     26.78%
 698  JBFLYY010000261.1_6              16.31%    passed     93.35%
 699  CP166960.1_729                   29.38%    passed     88.27%
 700  JBEPYC010000152.1_6              17.08%    passed     99.97%
 701  JBAYAD010000010.1_5              17.54%    passed     95.53%
 702  JBMYTN010000021.1_41             25.69%    passed     95.32%
 703  JBEKLA010000057.1_8              16.15%    passed     86.39%
 704  JBNJDB010000089.1_4              18.15%    passed     26.47%
 705  CAMYKT010000016.1_27             27.69%    passed     31.63%
 706  CAVVAX010000033.1_70             39.85%    failed      0.02%
 707  CAWBRT010000019.1_11             17.54%    passed     99.95%
 708  CAWEAR010000059.1_12             16.31%    passed     76.16%
 709  CAYFWJ010000053.1_6              24.77%    passed     67.79%
 710  CAYRTH010000011.1_17             16.46%    passed     99.45%
 711  CAYXNL010000019.1_22             24.77%    passed     99.75%
 712  CAZHUS010000044.1_58             16.00%    passed     13.10%
 713  CAZLCY010000015.1_18             16.77%    passed     78.22%
 714  CAZPHU010000131.1_6              16.92%    passed     98.56%
 715  CAZUDB010000004.1_24             26.92%    passed     48.81%
 716  JAFWSY010000008.1_4              24.31%    passed     56.36%
 717  JAIFKM010000218.1_13             16.15%    passed     76.21%
 718  JAIMKP010000069.1_8              28.00%    passed     50.82%
 719  JAJOKN010000014.1_7              28.00%    failed      2.08%
 720  JAEWMH010000144.1_28             27.08%    passed     96.90%
 721  JAEYJO010000037.1_15             25.38%    passed     36.20%
 722  JAEZPG010000012.1_40             18.31%    passed     91.44%
 723  JAJRYC010000090.1_58             48.46%    passed     38.99%
 724  JAISXZ010000004.1_9              27.08%    failed      2.73%
 725  JAISPY010000277.1_2              16.62%    passed     53.32%
 726  JAITII010000037.1_59             19.38%    passed     98.27%
 727  JAWSVC010000021.1_52             25.23%    passed     72.29%
 728  JAZDKB010000003.1_11             16.00%    passed     98.68%
 729  JBITAJ010000029.1_291            16.92%    passed     94.05%
 730  JBMOPE010000007.1_16             18.15%    passed     95.53%
 731  JBEKKU010000086.1_7              31.38%    failed      0.00%
 732  OY761810.1_1573                  18.15%    passed     95.53%
 733  CAXXXZ010000002.1_2527           15.69%    passed     99.94%
 734  CAVTDR010000006.1_1234           17.54%    passed     98.53%
 735  CAYYKG010000001.1_110            16.00%    passed     95.02%
 736  CBFIII010000022.1_21             16.31%    passed     60.63%
 737  NZ_ATWF01000001.1_762            25.85%    passed     60.23%
 738  OW818693.1_2569                  18.00%    passed     84.35%
 739  OY759745.1_357                   17.54%    passed     99.79%
 740  CAXXXS010000001.1_3057           16.62%    passed     41.88%
 741  OY771429.1_949                   17.85%    passed     94.62%
 742  OY782875.1_3153                  16.46%    passed     64.57%
 743  OY970130.1_2242                  16.00%    passed     37.68%
 744  CAWENG010000005.1_699            17.69%    passed     97.03%
 745  CAZFNS010000001.1_196            25.69%    passed     27.32%
 746  CAZWTY010000123.1_3              15.69%    passed     99.14%
 747  NZ_ATXH01000010.1_26             35.08%    passed      7.70%
 748  NZ_AUBR01000070.1_7              36.77%    passed     14.08%
 749  NZ_KI783301.1_244                27.54%    passed     94.57%
 750  NZ_MVQX01000087.1_94             20.00%    passed     87.03%
 751  NZ_WIQU01000016.1_102            25.85%    failed      1.48%
 752  NZ_AP024169.1_4147               18.62%    passed     99.57%
 753  NZ_CP182357.1_806                25.69%    passed     96.59%
 754  CP011392.1_601                   16.92%    passed     99.66%
 755  QKEH01000151.1_8                 16.46%    passed     44.70%
 756  PYCK01000054.1_4                 20.00%    passed     98.61%
 757  DSDW01000100.1_14                26.92%    passed     99.08%
 758  JADFXO010000112.1_3              27.08%    passed     89.76%
 759  JACRMB010000010.1_260            19.08%    passed     93.97%
 760  JADJPE010000005.1_5302           15.69%    passed     46.47%
 761  JAGAPO010000107.1_12             26.77%    passed     23.27%
 762  JAEYZN010000028.1_76             25.38%    failed      4.28%
 763  JALVYA010000080.1_13             32.15%    passed     15.76%
 764  JANQHQ010000003.1_74             16.92%    passed     97.65%
 765  JAJUGZ010000022.1_9              16.62%    passed     93.40%
 766  JASUTA010000042.1_8              18.46%    passed     98.05%
 767  JAIRMP010000172.1_8              16.15%    passed     30.63%
 768  JAISWF010000076.1_7              18.62%    passed     98.13%
 769  JAITRH010000199.1_4              18.46%    passed     51.69%
 770  JAXHLI010000012.1_194            16.46%    passed     90.75%
 771  CAYSSF010000088.1_13             16.00%    passed     31.88%
 772  CAYVUI010000095.1_5              16.62%    passed     98.43%
 773  CAZCCY010000013.1_22             19.54%    passed     81.47%
 774  CAZFWV010000224.1_5              16.77%    passed     97.73%
 775  NZ_SMAA01000015.1_13             25.85%    failed      0.44%
 776  NZ_CP050854.1_2259               44.77%    passed     91.33%
 777  NZ_JBCFBA010000002.1_253         17.23%    passed     90.59%
 778  NZ_LN889813.1_37                 26.00%    passed     92.79%
 779  NZ_FOJI01000013.1_54             18.31%    passed     89.24%
 780  NZ_LT906662.1_2619               28.15%    passed     62.40%
 781  VGMX01000001.1_32                16.92%    passed     90.93%
 782  JAGBMJ010000020.1_6              25.38%    passed     98.08%
 783  JAGVGH010000044.1_10             16.46%    passed     31.83%
 784  JAJYZD010000028.1_7              29.85%    failed      0.00%
 785  JAEWUD010000027.1_97             17.85%    passed     83.15%
 786  JAEYPZ010000075.1_36             27.08%    passed     26.84%
 787  JAEZKW010000109.1_18             25.85%    failed      0.69%
 788  JAEYWD010000008.1_206            16.62%    passed     98.44%
 789  JALONX010000261.1_4              29.23%    passed     89.88%
 790  JAOAEZ010000009.1_17             24.77%    passed     96.43%
 791  JALWFG010000008.1_106            33.54%    failed      3.39%
 792  JARYLU010000033.1_19             33.08%    failed      0.00%
 793  JAUZPI010000032.1_30             26.62%    passed      9.41%
 794  JAISUT010000033.1_12             18.31%    passed     98.35%
 795  JAITQV010000187.1_5              16.31%    passed     99.45%
 796  CP139021.1_1824                  17.23%    passed     93.17%
 797  JBBIPI010000017.1_4              24.77%    passed     35.49%
 798  JBDKTO010000111.1_17             18.15%    passed     44.44%
 799  JBAZHD010000041.1_18             18.31%    passed     65.42%
 800  JAWLGC010000088.1_6              16.46%    passed     97.25%
 801  JAZDGM010000217.1_9              17.08%    passed     26.83%
 802  JAZLKG010000071.1_45             26.77%    failed      2.90%
 803  CADCRH010000056.1_20             24.62%    passed     27.59%
 804  CAISFO010000066.1_11             18.46%    passed     91.07%
 805  CALFXO010000013.1_9              16.00%    passed     89.46%
 806  CAMTOT010000057.1_3              17.38%    passed     73.85%
 807  CAXXNI010000004.1_876            18.31%    passed     99.78%
 808  NZ_LWAE01000003.1_283            18.15%    passed     76.32%
 809  NZ_CP017269.1_3673               17.85%    passed     80.88%
 810  NZ_QLME01000002.1_100            17.69%    passed     56.65%
 811  NZ_SMAL01000003.1_9              17.69%    passed     63.52%
 812  NZ_JACIGJ010000001.1_63          26.15%    passed     91.96%
 813  NZ_JAEAGR010000013.1_110         18.31%    passed     73.96%
 814  NZ_NHSN01000005.1_20             25.23%    passed     44.00%
 815  NZ_CP046640.1_703                17.85%    passed     93.40%
 816  NZ_JAHGVE010000013.1_69          17.85%    passed     94.67%
 817  NZ_JAIWOU010000001.1_1291        26.31%    passed     96.49%
 818  NZ_JANZKY010000007.1_49          24.46%    passed     94.90%
 819  NZ_JAPRAT010000021.1_46          27.23%    passed     87.12%
 820  NZ_JAQUWN010000015.1_28          16.15%    passed     99.40%
 821  NZ_JBHJHP010000009.1_145         16.15%    passed     95.20%
 822  NZ_LT575483.1_2784               18.62%    passed     77.90%
 823  NZ_FQUY01000008.1_80             17.54%    passed     97.74%
 824  DBTR01000004.1_2                 25.85%    passed     98.37%
 825  JBDNZS010000006.1_9              19.08%    passed     99.87%
 826  NC_021182.1_3328                 17.85%    passed     88.56%
 827  DAONDW010000081.1_5              29.08%    passed     93.29%
 828  JAMCWL010000089.1_4              28.00%    passed     96.89%
 829  JAMOMO010000123.1_9              16.62%    passed     99.96%
 830  JANQHB010000053.1_76             16.31%    passed     99.30%
 831  JAJUHI010000066.1_4              17.85%    passed     87.21%
 832  JBNKEI010000125.1_8              17.54%    passed     99.89%
 833  JBQTGJ010000004.1_146            17.23%    passed     99.52%
 834  CAKSBP010000061.1_1              24.46%    passed     12.31%
 835  OW818679.1_769                   17.54%    passed     74.28%
 836  CAMYNR010000001.1_9              34.77%    passed     87.92%
 837  CAXXXG010000028.1_437            16.62%    passed     98.05%
 838  OY761556.1_3897                  18.15%    passed     96.54%
 839  CAXXWC010000021.1_901            16.15%    passed     99.68%
 840  CAXXTD010000001.1_1053           16.00%    passed     84.30%
 841  CAVVEP010000037.1_71             15.38%    passed     81.33%
 842  CAWACH010000002.1_392            46.15%    passed     30.80%
 843  CAWBVA010000005.1_108            29.08%    passed     15.18%
 844  JAAHHJ010000020.1_89             26.46%    passed     73.08%
 845  JADFXY010000155.1_5              16.77%    passed     96.20%
 846  JACQZP010000019.1_153            25.08%    passed     61.36%
 847  JADJTK010000052.1_193            15.85%    passed     93.81%
 848  JAFGWI010000240.1_10             16.92%    passed     73.78%
 849  DYNP01000009.1_74                24.77%    passed     77.96%
 850  JAJYPS010000077.1_5              25.08%    passed     38.46%
 851  JAJZVC010000012.1_30             27.23%    passed     54.41%
 852  JAJRUS010000056.1_10             29.54%    passed     92.71%
 853  JALTHV010000232.1_7              33.69%    failed      0.52%
 854  JANQIP010000172.1_12             24.77%    passed     90.95%
 855  JAISOV010000035.1_13             24.77%    failed      2.60%
 856  JAITHL010000210.1_19             16.31%    passed     93.65%
 857  DAOTUE010000133.1_19             29.69%    passed     97.82%
 858  JBFLXL010000004.1_188            32.31%    failed      0.00%
 859  JAZDJU010000040.1_92             16.92%    passed     99.50%
 860  JBIOJX010000135.1_5              16.00%    passed     98.82%
 861  JBJKPJ010000029.1_17             29.69%    passed     97.73%
 862  CAKSDC010000017.1_36             40.77%    failed      0.00%
 863  OW818685.1_2059                  16.92%    passed     95.63%
 864  NZ_HG917869.1_427                18.92%    passed     84.65%
 865  NZ_LWLG01000003.1_49             35.85%    failed      0.00%
 866  NZ_MZGX01000024.1_45             18.62%    passed     99.52%
 867  NZ_WIQK01000001.1_1598           18.31%    passed     95.79%
 868  NZ_JAFUFU010000003.1_87          26.62%    passed     58.95%
 869  NZ_JANGAD010000005.1_111         23.69%    passed     62.51%
 870  NZ_JBJIAA010000006.1_101         25.85%    passed     15.44%
 871  NZ_JBKVXF010000001.1_1510        18.46%    passed     51.16%
 872  NZ_CBFFRJ010000013.1_6           26.15%    passed     96.80%
 873  JAEXAS010000034.1_7              25.69%    passed     86.97%
 874  CAVTET010000004.1_149            26.46%    passed     92.33%
 875  JAISMO010000142.1_5              16.46%    passed     83.30%
 876  ATWC01000001.1_77                24.92%    passed     72.10%
 877  JAEZLR010000045.1_197            19.08%    passed     97.14%
 878  JAOAHS010000021.1_28             26.92%    passed     60.25%
 879  JALVOC010000006.1_100            24.62%    passed     94.91%
 880  JAPUES010000132.1_8              17.85%    passed     97.51%
 881  JAOUFE010000079.1_13             27.08%    passed     48.67%
 882  JAISWR010000023.1_14             16.62%    passed     95.46%
 883  JAISNW010000217.1_3              18.15%    passed     98.83%
 884  DATKUX010000102.1_3              29.23%    failed      0.00%
 885  JBDKUZ010000143.1_2              19.23%    passed     28.67%
 886  JBFMGO010000024.1_50             17.38%    passed     63.72%
 887  JAWOHT010000147.1_10             17.38%    passed     98.36%
 888  FMVK01000010.1_19                26.00%    passed     73.74%
 889  CALGLN010000124.1_30             17.38%    passed     97.10%
 890  CAXXDC010000001.1_407            18.77%    passed     61.93%
 891  CAXXNU010000001.1_1318           15.38%    passed     99.82%
 892  CAYPHV010000011.1_22             26.92%    passed     91.04%
 893  CAYSLC010000062.1_17             16.46%    passed     97.40%
 894  CAYVRC010000028.1_23             24.92%    passed     89.49%
 895  CAYXXL010000135.1_4              16.62%    passed     88.31%
 896  CAZFPT010000037.1_14             16.31%    passed     98.86%
 897  CAZIJN010000003.1_7              16.00%    passed     93.81%
 898  CAZQIK010000003.1_7              18.31%    passed     99.99%
 899  NZ_WIQU01000016.1_109            24.92%    passed     62.97%
 900  NZ_CP139781.1_4230               15.85%    passed     98.18%
 901  NZ_JAOVZU010000003.1_93          16.77%    passed      7.56%
 902  NZ_CP187479.1_1640               43.23%    passed     51.63%
 903  NZ_LT906662.1_2617               29.85%    passed     87.54%
 904  NZ_CADCXN010000045.1_31          24.62%    passed    100.00%
 905  NZ_CM001240.1_4216               25.69%    passed     89.70%
 906  JAIHAN010000010.1_36             15.85%    passed     98.89%
 907  LDXJ01000058.1_157               26.31%    passed     26.39%
 908  MTOU01000029.1_16                27.08%    passed     34.49%
 909  DHRK01000019.1_71                18.15%    passed     96.39%
 910  QJVM01000189.1_15                26.62%    passed     79.82%
 911  QKEL01000008.1_528               16.31%    passed     68.59%
 912  QZIR01000026.1_7                 37.85%    passed     99.96%
 913  DRKX01000122.1_8                 27.08%    passed     76.81%
 914  JAADJE010000012.1_4              25.38%    passed     93.85%
 915  JADFXD010000012.1_35             27.08%    passed     59.09%
 916  JAENYV010000001.1_352            16.62%    passed     99.40%
 917  DASVLX010000324.1_26             26.15%    passed     76.47%
 918  JBBIQC010000567.1_6              26.00%    passed     95.40%
 919  JBFMEU010000042.1_8              17.54%    passed     94.15%
 920  JAZSJM010000084.1_15             26.62%    passed     12.24%
 921  JBKEAN010000031.1_11             16.62%    passed     99.60%
 922  JBAQYF010000014.1_23             28.92%    passed     99.47%
 923  JBMNCR010000029.1_14             17.23%    passed     14.39%
 924  JBKQWH010000459.1_11             15.38%    passed     64.40%
 925  OY762224.2_2648                  16.92%    passed     82.35%
 926  CAXXIA010000001.1_628            16.00%    passed     92.80%
 927  OY780959.1_146                   18.62%    passed     42.74%
 928  CAXXLW010000004.1_573            16.00%    passed     92.54%
 929  OY821638.1_3162                  16.46%    passed     96.16%
 930  CAVYEB010000002.1_1251           16.00%    passed     99.35%
 931  CAWAPL010000015.1_20             27.69%    passed     89.59%
 932  PWGS01000305.1_8                 17.54%    passed     97.59%
 933  JAAYPK010000100.1_12             26.46%    passed     26.03%
 934  JAFGDQ010000034.1_4              16.46%    passed     74.35%
 935  CAXXPF010000003.1_279            16.31%    passed     72.82%
 936  CAXXKX010000002.1_168            16.92%    passed     85.51%
 937  OY969556.1_2763                  16.31%    passed     99.66%
 938  CAVQLG010000021.1_53             24.62%    passed     91.49%
 939  CAZASC010000010.1_46             16.46%    passed     97.58%
 940  CAZKYC010000067.1_14             17.08%    passed     96.64%
 941  CAZOWW010000044.1_20             15.85%    failed      1.32%
 942  CAZTLF010000055.1_8              26.77%    passed     66.87%
 943  CAZWBR010000010.1_16             17.54%    passed     93.45%
 944  CBDVEP010000001.1_47             17.08%    passed     21.40%
 945  NC_007776.1_417                  26.31%    passed     90.55%
 946  NC_013216.1_989                  17.38%    passed     85.82%
 947  NZ_CM001555.1_530                18.92%    passed     97.04%
 948  NZ_CP009283.1_5134               25.85%    passed     53.58%
 949  NZ_AP018907.1_1155               24.77%    passed     98.73%
 950  NZ_JAAIYP010000011.1_67          26.31%    passed     73.68%
 951  NZ_JAHLZE010000020.1_53          26.15%    failed      4.21%
 952  NZ_DAMAUN010000015.1_43          26.92%    passed     37.45%
 953  NZ_JBAHUR010000016.1_42          25.08%    passed     86.28%
 954  PGZO01000004.1_49                17.54%    passed     22.23%
 955  BDTI01000123.1_8                 29.85%    passed     92.53%
 956  JADFZP010000129.1_6              27.08%    passed     46.38%
 957  JACRHJ010000001.1_10             27.08%    passed     86.80%
 958  JAFVBU010000074.1_3              23.38%    passed     39.88%
 959  JAHRFU010000088.1_8              33.23%    failed      0.17%
 960  JAHFSX010000025.1_5              16.46%    passed     79.70%
 961  JAEWMQ010000095.1_168            23.69%    passed     19.94%
 962  JAEZKC010000002.1_110            17.23%    passed     99.69%
 963  JAIRPR010000191.1_5              18.46%    passed     82.57%
 964  JAITJB010000338.1_5              18.46%    passed     92.29%
 965  JAITTM010000102.1_3              18.00%    passed     70.14%
 966  JAISLI010000038.1_24             18.62%    passed     97.90%
 967  JAVBUL010000102.1_3              26.92%    passed     31.22%
 968  CP141729.1_64                    18.46%    passed     99.80%
 969  BTID01000001.1_44                26.15%    passed     33.94%
 970  DAIRDI010000017.1_16             24.62%    passed     98.82%
 971  JBCCWF010000007.1_20             26.62%    passed     98.47%
 972  JBFLZB010000069.1_3              16.15%    failed      1.24%
 973  JBEQAF010000002.1_29             27.54%    passed     10.27%
 974  JBAYHM010000165.1_8              15.54%    passed     88.47%
 975  JAWXUP010000010.1_52             18.46%    passed     89.49%
 976  JBJKSB010000078.1_11             16.46%    passed     15.48%
 977  JASGFB010000113.1_12             26.00%    passed     93.06%
 978  JBMOME010000092.1_6              17.38%    passed     88.29%
 979  CBFCZY010000018.1_50             26.62%    passed     99.42%
 980  NC_014972.1_3040                 16.46%    passed     99.98%
 981  NZ_LGTC01000001.1_5340           18.46%    passed     32.32%
 982  NZ_CP061336.1_252                18.62%    passed     67.18%
 983  NZ_CP045875.1_2189               26.92%    passed     88.89%
 984  NZ_CP075169.1_2761               26.15%    passed     97.87%
 985  NZ_JAJNKE010000065.1_4           18.15%    passed     56.69%
 986  NZ_CP124862.1_2757               18.46%    passed     85.10%
 987  NZ_WJBC01000012.1_10             18.31%    passed     97.72%
 988  NZ_NRSH01000046.1_8              25.23%    passed     23.96%
 989  NZ_JBAIYT010000026.1_7           16.31%    passed     98.42%
 990  OY781925.1_967                   25.69%    passed     98.42%
 991  QNXS01000077.1_17                29.08%    passed     21.94%
 992  JAIRYX010000448.1_38             25.69%    passed     92.35%
 993  NZ_JBALGC010000143.1_29          25.69%    passed     98.01%
 994  JADKKR010000002.1_121            34.92%    passed     18.78%
 995  MIAO01000074.1_27                16.62%    passed     57.66%
 996  DFBE01000048.1_6                 28.77%    passed     46.97%
 997  DHBS01000007.1_80                17.69%    passed     94.69%
 998  DIXN01000004.1_70                16.77%    passed     99.25%
 999  QAYZ01000015.1_117               17.54%    passed     99.17%
1000  SDWN01000811.1_4                 26.46%    passed     99.75%
1001  JACUTP010000077.1_4              18.62%    passed     39.30%
1002  JACCQO010000001.1_40             16.92%    passed     92.04%
1003  DASPOC010000076.1_11             18.62%    passed     91.61%
1004  DATALD010000005.1_23             16.31%    passed     82.69%
1005  DAISLB010000024.1_9              18.15%    passed     69.61%
1006  JBEPWQ010000154.1_4              15.85%    passed     99.17%
1007  JBGSWI010000181.1_17             25.38%    passed     97.19%
1008  JAZDKB010000020.1_71             25.08%    passed      6.06%
1009  JBJEJM010000025.1_3              25.69%    failed      0.37%
1010  CAMNZV010000059.1_6              18.77%    passed     79.50%
1011  CAXXKK010000017.1_46             16.46%    passed     19.02%
1012  CAVSWL010000006.1_103            26.00%    passed     98.26%
1013  CAWACJ010000006.1_85             18.92%    passed     67.25%
1014  CAWEFZ010000005.1_691            26.31%    passed     61.86%
1015  CAYOVG010000293.1_4              16.00%    passed     96.32%
1016  CAYRWR010000004.1_55             17.08%    passed     97.66%
1017  CAZWSX010000034.1_23             25.54%    passed     99.15%
1018  NZ_LHUR01000010.1_71             18.00%    passed     23.90%
1019  NZ_CP155571.1_5108               17.85%    passed     99.94%
1020  JAISOT010000039.1_7              18.62%    passed     57.92%
1021  JAXJZF010000006.1_282            17.85%    passed     89.94%
1022  JAVSLV010000056.1_17             28.46%    passed     38.20%
1023  JBFEWO010000117.1_9              25.38%    passed     99.90%
1024  JBGUEP010000004.1_181            16.31%    passed     30.22%
1025  JBDNRY010000003.1_121            19.85%    passed     35.29%
1026  JBMOKU010000003.1_101            18.62%    passed     66.42%
1027  JBFWMA010000005.1_189            26.92%    passed     99.35%
1028  JBJHBH010000030.1_13             26.77%    passed     94.80%
1029  URQW01000020.1_16                18.00%    passed     99.87%
1030  CAMZKT010000132.1_11             16.46%    passed     99.99%
1031  CAXXHP010000005.1_13             16.62%    passed     96.77%
1032  CAYSSK010000039.1_9              16.31%    passed     74.02%
1033  CAYVXY010000008.1_105            26.92%    passed     81.74%
1034  CAZINN010000032.1_20             17.38%    passed     97.84%
1035  CAZXGR010000010.1_18             25.38%    passed      9.36%
1036  OZ223306.1_1176                  17.23%    passed     98.32%
1037  NC_003552.1_4103                 19.69%    passed     87.73%
1038  NC_011026.1_1061                 16.92%    passed     81.27%
1039  NZ_KI911559.1_3508               26.77%    passed     33.53%
1040  NZ_BFAV01000073.1_50             17.23%    passed     85.36%
1041  NZ_CP155570.1_3343               17.54%    passed     99.67%
1042  NZ_FMXR01000014.1_84             26.00%    passed     67.14%
1043  JAUZPN010000018.1_4              29.08%    passed     90.00%
1044  JBDNZS010000006.1_2              25.69%    passed     99.87%
1045  NZ_KB893046.1_38                 27.85%    passed     96.76%
1046  NZ_SMAA01000010.1_77             25.85%    passed     94.46%
1047  NZ_CP178732.1_5013               25.69%    passed     91.03%
1048  JAEULG010000021.1_14             29.38%    passed     89.27%
1049  NZ_CAJE01000013.1_248            45.69%    passed     98.80%
1050  JAQYWP010000242.1_1              25.85%    passed     98.30%
1051  VENI01000005.1_303               41.38%    passed     69.02%
1052  JAAUSQ010000036.1_4              28.46%    passed     51.23%
1053  JADFWS010000059.1_5              16.62%    passed     94.45%
1054  DYJC01000026.1_29                15.69%    passed     80.66%
1055  JAJYZD010000028.1_9              28.31%    passed     67.81%
1056  JAEWUC010000003.1_40             16.31%    passed     58.69%
1057  JAEYPZ010000075.1_40             26.77%    passed      5.13%
1058  JAEZDJ010000054.1_7              16.46%    passed     93.76%
1059  JAGXIO010000085.1_14             16.46%    passed     83.08%
1060  JAOAEJ010000004.1_50             18.31%    passed     95.31%
1061  JAOFNL010000023.1_2              25.69%    passed     99.34%
1062  JANQSN010000025.1_46             25.08%    passed     29.37%
1063  JAQTMF010000004.1_24             15.54%    passed     68.15%
1064  CANPXP010000020.1_35             26.62%    passed      6.55%
1065  OY843751.1_245                   16.77%    passed     92.67%
1066  CAVPVI010000005.1_1128           26.46%    passed     39.08%
1067  CAVVUC010000003.1_89             16.15%    passed     95.89%
1068  CAWFCP010000014.1_25             26.92%    passed     11.57%
1069  CAYWBK010000231.1_6              16.77%    passed     38.39%
1070  CAZCSN010000056.1_9              18.31%    passed     98.28%
1071  CAZGAH010000043.1_23             16.62%    passed     94.84%
1072  CAZVBD010000028.1_11             24.62%    passed     97.59%
1073  CAZXSK010000006.1_7              16.92%    passed     73.50%
1074  NC_003030.1_263                  18.31%    passed     51.33%
1075  NC_011146.1_2065                 27.38%    passed     98.67%
1076  NC_020291.1_1348                 26.46%    passed      9.23%
1077  NZ_LKET01000021.1_307            18.15%    passed      9.97%
1078  NZ_NAAD01000014.1_78             26.92%    passed     91.85%
1079  NZ_SELS01000114.1_7              25.69%    passed     60.33%
1080  NZ_CP039543.1_2954               15.54%    passed     86.17%
1081  NZ_BQXM01000005.1_76             16.00%    passed     99.85%
1082  NZ_AQPH01000008.1_62             25.85%    failed      0.00%
1083  JNJK01000002.1_265               26.92%    passed     78.01%
1084  MFNF01000004.1_34                26.31%    passed     88.27%
1085  MVRN01000118.1_13                18.31%    passed     98.40%
1086  PKTN01000001.1_165               26.92%    passed     96.92%
1087  JAADGW010000228.1_5              26.77%    passed     99.75%
1088  JADGCV010000028.1_19             27.38%    passed     43.72%
1089  JACRJC010000029.1_29             26.92%    passed     82.46%
1090  JAEEQC010000038.1_10             26.31%    passed     48.41%
1091  JAJZSC010000043.1_11             27.38%    passed     98.09%
1092  JAEWCM010000105.1_7              27.23%    failed      1.12%
1093  JAEYPP010000074.1_57             18.00%    passed     73.07%
1094  JAEXUW010000005.1_184            18.46%    passed     62.22%
1095  JAUVLC010000007.1_21             17.08%    passed     97.73%
1096  JAISJT010000104.1_19             26.46%    passed     10.98%
1097  JAITPS010000206.1_5              27.08%    passed      7.92%
1098  JAXHVI010000265.1_8              15.54%    passed     94.49%
1099  JAVBWC010000001.1_66             18.00%    passed     28.55%
1100  JBFHFS010000004.1_52             16.92%    passed     67.85%
1101  CAYMMR010000021.1_7              27.85%    passed     15.57%
1102  CAYTFZ010000152.1_4              15.85%    passed     80.32%
1103  CAZJJR010000029.1_11             19.08%    passed     99.01%
1104  CAZSGN010000078.1_3              16.92%    passed     37.81%
1105  CBDDHB010000003.1_1351           24.92%    passed     88.15%
1106  NC_018870.1_855                  32.77%    failed      0.00%
1107  NZ_KB905848.1_86                 26.00%    passed     15.79%
1108  NZ_CP058649.1_3185               18.00%    passed     26.99%
1109  NZ_JALAAD010000001.1_1057        26.46%    passed     88.35%
1110  NZ_JBAXHI010000037.1_18          29.23%    passed     87.58%
1111  JAFDVZ010000014.1_136            17.69%    passed     82.97%
1112  JAIPDO010000010.1_13             16.46%    passed     97.66%
1113  JAJDNY010000179.1_5              16.00%    passed     84.56%
1114  JAEWRL010000147.1_46             16.62%    passed     77.92%
1115  JAEZGM010000042.1_44             16.77%    passed     67.39%
1116  JAOAAU010000022.1_29             18.46%    passed     94.01%
1117  JAQQAK010000098.1_15             16.00%    passed     98.32%
1118  JAUVWP010000082.1_3              30.00%    passed     85.78%
1119  JAISJM010000154.1_5              26.31%    failed      2.53%
1120  JAISTH010000073.1_74             18.31%    passed     84.83%
1121  JARLGJ010000055.1_5              17.54%    passed     99.09%
1122  JAXHVC010000262.1_10             15.69%    passed     99.57%
1123  JAYFPG010000056.1_15             17.23%    passed     91.07%
1124  DAOSPF010000001.1_71             16.62%    passed     94.66%
1125  DATMYR010000045.1_50             18.31%    passed     99.85%
1126  JBBJJH010000037.1_5              18.15%    passed     46.12%
1127  JBDRPM010000084.1_27             16.92%    passed     95.07%
1128  JBJXHN010000004.1_627            26.00%    passed     94.01%
1129  JBNKKR010000041.1_20             16.15%    passed     99.08%
1130  JBKQNN010000478.1_6              27.08%    passed     48.97%
1131  CAJVYN010000085.1_5              17.23%    passed     98.03%
1132  NZ_CP042469.1_1494               25.08%    passed      9.25%
1133  NZ_JAGGLM010000008.1_61          26.62%    failed      3.84%
1134  NZ_JAKVOI010000001.1_1085        26.15%    failed      0.44%
1135  NZ_LNDC01000078.1_36             17.54%    passed     86.34%
1136  LOEZ01000019.1_87                18.31%    passed     97.68%
1137  PMGP01000092.1_6                 43.23%    passed     84.45%
1138  QKAI01000063.1_7                 18.00%    passed     96.02%
1139  WQSZ01000060.1_5                 19.85%    passed     52.44%
1140  JAABRU010000096.1_17             16.00%    passed     99.24%
1141  JABLXE010000022.1_13             19.38%    passed     81.65%
1142  JACIYN010000036.1_24             17.54%    failed      0.04%
1143  JAHEPY010000058.1_13             28.46%    passed     32.42%
1144  JAGQRL010000254.1_15             26.31%    passed     97.59%
1145  JALNVI010000021.1_19             16.46%    passed     96.30%
1146  JAEXFN010000017.1_91             16.77%    passed     98.51%
1147  JAEZZO010000009.1_94             18.46%    passed     98.95%
1148  JAEYSV010000002.1_66             18.15%    passed     91.94%
1149  JAMPXP010000016.1_65             16.00%    passed     91.10%
1150  JAQWFM010000010.1_21             18.46%    passed     93.44%
1151  JAISGJ010000033.1_3              25.85%    failed      0.00%
1152  JAITDJ010000042.1_18             26.77%    passed     32.81%
1153  JAITOF010000018.1_11             19.38%    passed     44.47%
1154  JBFMBL010000017.1_12             28.31%    passed     90.54%
1155  JBKGXZ010000034.1_7              17.38%    passed     45.41%
1156  CAZDYA010000030.1_9              18.00%    passed     99.21%
1157  CAZOSQ010000203.1_6              17.85%    passed     52.84%
1158  CAZVYY010000024.1_19             16.92%    passed     94.14%
1159  NC_009635.1_1443                 32.77%    failed      0.00%
1160  NZ_CP009498.1_686                25.23%    passed     31.87%
1161  NZ_LWDV01000008.1_486            17.85%    passed     67.72%
1162  NZ_MLQR01000001.1_356            27.23%    passed     66.56%
1163  NZ_VFOF01000001.1_1680           26.00%    passed     96.47%
1164  NZ_RXYA01000010.1_9              18.62%    passed     82.74%
1165  NZ_WHYR01000032.1_17             29.23%    failed      0.00%
1166  NZ_JAESWA010000020.1_118         18.92%    passed     66.95%
1167  NZ_JAHBCL010000006.1_95          17.69%    passed     90.22%
1168  NZ_JAKVOI010000001.1_1100        26.15%    passed     21.10%
1169  NZ_JAUSUE010000017.1_48          25.54%    passed      7.35%
1170  NZ_CP158016.1_1063               26.15%    passed     99.42%
1171  NZ_LT607756.1_1897               27.54%    passed     51.41%
1172  NZ_FWXH01000008.1_71             26.62%    failed      0.18%
1173  CAWGOT010000014.1_178            18.00%    failed      1.28%
1174  CAYRIP010000023.1_6              42.00%    failed      0.62%
1175  CAZEMW010000317.1_4              16.92%    passed     98.78%
1176  CAZOVB010000038.1_21             17.08%    passed     60.22%
1177  CAZTGE010000044.1_9              17.69%    passed     50.90%
1178  CAZVYR010000237.1_3              15.69%    passed     80.85%
1179  CAZZHS010000037.1_40             16.00%    passed     85.80%
1180  NC_007643.1_1037                 26.15%    passed     97.33%
1181  NZ_APMH01000045.1_9              17.54%    passed     63.37%
1182  NC_021182.1_4039                 26.62%    passed     17.32%
1183  NZ_JYNO01000012.1_54             16.46%    passed     89.22%
1184  NZ_MCBP01000003.1_152            26.46%    passed     90.70%
1185  NZ_PPTR01000007.1_159            17.85%    passed     79.00%
1186  NZ_CP021731.1_1656               26.31%    passed     80.31%
1187  NZ_AP024480.1_1914               29.23%    passed     93.72%
1188  NZ_JAEEGC010000054.1_11          18.31%    passed     32.15%
1189  NZ_AP024488.1_1560               15.85%    passed     99.01%
1190  NZ_JARGDP010000013.1_7           17.69%    passed     81.53%
1191  NZ_JAUSUX010000013.1_16          33.38%    failed      0.00%
1192  NZ_JBEKRH010000020.1_26          18.31%    passed     68.40%
1193  NZ_FOUU01000006.1_21             36.15%    passed      5.73%
1194  WOZJ01000062.1_14                25.85%    passed     88.73%
1195  JAAYCU010000081.1_7              16.15%    passed     97.62%
1196  JACRHL010000011.1_58             26.31%    passed     61.34%
1197  JAFGQL010000107.1_3              16.92%    passed     99.69%
1198  JAJCKG010000010.1_20             25.54%    passed      5.98%
1199  JAJZIM010000031.1_14             26.77%    failed      3.56%
1200  JAEZTC010000013.1_590            18.15%    passed     98.28%
1201  JAIKZQ010000021.1_55             24.15%    passed     65.92%
1202  DAOWOF010000073.1_5              15.69%    passed     84.06%
1203  JAIRRS010000098.1_8              26.15%    passed     31.86%
1204  JAISZB010000155.1_7              18.31%    passed     91.29%
1205  JAISQS010000039.1_4              16.31%    passed     98.21%
1206  JAVKTQ010000010.1_133            17.85%    passed     97.83%
1207  DAOUFJ010000017.1_17             17.08%    passed     96.79%
1208  BTTC01000142.1_3                 25.54%    passed     98.72%
1209  JBCBTD010000014.1_39             25.69%    passed     46.49%
1210  JBFLZI010000007.1_32             16.31%    passed     98.93%
1211  JBGSLR010000096.1_116            15.69%    passed    100.00%
1212  JBFXES010000059.1_4              25.08%    passed     98.77%
1213  JBNKPU010000175.1_14             16.46%    passed     90.78%
1214  JBNLFN010000040.1_16             15.54%    passed     95.16%
1215  JAOPTT010000003.1_233            18.00%    passed     99.07%
1216  JAIRPZ010000212.1_6              16.46%    passed     96.26%
1217  JAISZT010000070.1_11             18.92%    passed     91.88%
1218  JAVBRC010000143.1_13             25.54%    passed      6.30%
1219  DATDMG010000211.1_11             24.92%    failed      4.77%
1220  JBFJXC010000104.1_5              16.92%    passed     97.66%
1221  JBGSLQ010000014.1_25             17.38%    passed     99.87%
1222  JAZDPP010000051.1_114            15.69%    passed    100.00%
1223  JASGFJ010000039.1_39             16.77%    passed     99.73%
1224  JBNLGG010000003.1_71             16.92%    passed     96.61%
1225  JAOPTU010000018.1_11             16.31%    passed     92.94%
1226  CACZSE010000048.1_10             26.92%    passed     89.40%
1227  OW818666.1_4125                  15.85%    passed     93.04%
1228  CAXXVQ010000002.1_7              17.38%    passed     64.18%
1229  OY762821.2_730                   18.15%    passed     42.78%
1230  OY776215.1_1206                  19.85%    passed     58.45%
1231  CAWBQR010000006.1_170            26.31%    passed     85.03%
1232  CAWGVV010000001.1_1855           16.77%    passed     98.87%
1233  CAWJYH010000018.1_160            34.62%    passed     96.75%
1234  CAZPEN010000002.1_25             16.46%    passed     99.37%
1235  CAZWCE010000004.1_107            16.77%    passed     49.83%
1236  NC_019757.1_5269                 53.23%    passed     97.68%
1237  NZ_FRCP01000009.1_183            18.31%    passed     97.97%
1238  NZ_CAXXDI010000001.1_693         15.38%    passed     78.99%
1239  DNPP01000004.1_41                29.38%    passed     92.13%
1240  AMGN01000049.1_9                 27.23%    passed     12.63%
1241  VIKE01000064.1_6                 42.00%    passed     92.04%
1242  JABDRL010000192.1_4              26.62%    passed     14.12%
1243  CP058705.1_3114                  24.92%    passed     58.82%
1244  JAFGXT010000019.1_7              17.08%    passed     94.38%
1245  JAFUWN010000063.1_11             24.15%    passed     20.60%
1246  JAHIVH010000061.1_304            16.15%    passed     99.96%
1247  JAIFLP010000130.1_16             16.31%    passed     92.25%
1248  JAIORP010000047.1_31             17.08%    passed     94.58%
1249  JAJYTC010000041.1_4              16.00%    passed     97.30%
1250  JAEWMQ010000095.1_176            25.38%    failed      4.60%
1251  JBGSHS010000183.1_10             16.77%    passed     34.32%
1252  JBEKKU010000086.1_5              28.31%    passed     40.64%
1253  JBNKDU010000088.1_28             15.54%    passed     83.54%
1254  JBNKRJ010000061.1_46             17.85%    passed     63.10%
1255  JBNJFI010000076.1_6              17.69%    passed     27.78%
1256  UQPB01000008.1_21                17.54%    passed     99.99%
1257  CAKMKD010000034.1_3              24.46%    passed     80.54%
1258  CAMNGC010000031.1_5              24.92%    passed     99.01%
1259  OY761554.1_1826                  16.46%    passed     99.53%
1260  OY762913.1_1936                  19.54%    passed     93.54%
1261  CAXXLZ010000001.1_1312           17.23%    passed     74.26%
1262  CAVQNU010000018.1_159            25.85%    passed     95.80%
1263  CAYOOW010000019.1_16             27.08%    passed     40.50%
1264  CAYRUF010000003.1_125            16.15%    passed     34.48%
1265  CAZFJT010000200.1_4              17.38%    passed     80.25%
1266  NZ_KE386627.1_197                17.08%    passed     98.83%
1267  NZ_CP007201.1_1277               27.54%    passed     92.56%
1268  NZ_JOMJ01000003.1_1751           16.15%    passed     92.58%
1269  NZ_CP018335.1_1296               25.85%    passed     28.89%
1270  NZ_NPML01000019.1_405            18.46%    passed     75.46%
1271  NZ_CP039268.1_1846               26.00%    passed     90.43%
1272  NZ_CP048877.1_537                17.54%    passed     65.66%
1273  NZ_FZNT01000008.1_164            16.46%    passed     50.22%
1274  NZ_CP009268.1_3728               25.69%    passed     96.69%
1275  JAGQRV010000003.1_92             25.69%    passed     89.39%
1276  NZ_JAJENU010000374.1_4           18.15%    passed     99.50%
1277  MIAY01000010.1_72                16.62%    passed     73.59%
1278  DBRO01000109.1_35                18.77%    passed     61.44%
1279  DFBE01000048.1_8                 32.15%    passed     51.11%
1280  DIYN01000019.1_88                18.62%    passed     97.30%
1281  QAYY01000016.1_22                16.00%    passed     76.41%
1282  RXIL01000115.1_4                 29.08%    passed     54.70%
1283  SKJJ01000113.1_5                 17.38%    passed     99.93%
1284  JAGVOW010000060.1_24             16.15%    passed     88.82%
1285  JAJOKM010000070.1_12             28.92%    passed     88.29%
1286  JAEXAZ010000120.1_6              18.62%    passed     98.70%
1287  JAEZJJ010000027.1_31             24.77%    passed     52.98%
1288  JANQIY010000092.1_60             16.77%    passed     79.04%
1289  JAKOSX010000085.1_9              16.92%    passed     99.79%
1290  JAJSZT010000040.1_13             15.23%    passed     97.67%
1291  JAISXU010000088.1_18             26.92%    passed     16.61%
1292  JAITHV010000062.1_6              26.15%    failed      0.00%
1293  JAITSQ010000030.1_21             24.46%    passed      9.56%
1294  DAOTVB010000190.1_9              27.85%    passed     88.05%
1295  CAXXIG010000003.1_2116           16.00%    passed     99.14%
1296  OY781460.1_464                   17.85%    passed     99.21%
1297  CAWHDT010000007.1_201            36.00%    passed     91.27%
1298  CAYOYX010000005.1_71             26.46%    passed     87.97%
1299  CAZFNE010000039.1_12             26.46%    passed      6.86%
1300  CAZIDG010000072.1_12             16.00%    passed     96.26%
1301  CAZWTX010000032.1_4              38.00%    passed     86.36%
1302  NZ_CP010803.1_3100               25.08%    passed     83.24%
1303  NZ_MRCB01000006.1_64             27.38%    passed     94.75%
1304  NZ_NQWI01000003.1_52             28.62%    passed     72.50%
1305  NZ_SRLE01000004.1_33             24.31%    passed     98.82%
1306  NZ_CP041403.1_78                 27.23%    passed     98.49%
1307  NZ_JAFUFU010000003.1_100         26.62%    passed     46.71%
1308  NZ_CP085041.1_1863               17.69%    passed     18.82%
1309  NZ_JAFMVC010000015.1_58          16.62%    passed     99.17%
1310  NZ_JARQZP010000003.1_207         25.08%    passed     94.77%
1311  NZ_JAUSCG010000065.1_9           18.31%    passed     81.33%
1312  NZ_JAQMUE010000031.1_33          18.31%    passed     99.80%
1313  NZ_LT962670.1_206                31.69%    failed      0.00%
1314  CAVWTN010000002.1_148            25.69%    passed     84.62%
1315  JACJRQ010000001.1_351            45.69%    passed      5.05%
1316  LXQE01000005.1_14                27.54%    passed     71.22%
1317  MAEO01000128.1_23                33.38%    failed      2.27%
1318  DHQI01000129.1_13                16.15%    passed     67.17%
1319  QIJE01000001.1_87                27.08%    passed     38.64%
1320  QKEJ01000123.1_8                 16.62%    passed     70.75%
1321  QZKG01000006.1_36                18.92%    passed      8.22%
1322  SCTZ01000199.1_13                16.77%    passed     98.00%
1323  SKKY01000061.1_5                 18.15%    passed     91.85%
1324  SVFV01000012.1_17                24.31%    passed     43.48%
1325  JACRME010000015.1_29             24.92%    passed     95.03%
1326  JAENZN010000005.1_118            17.69%    passed     82.32%
1327  JAFGVO010000460.1_4              16.77%    passed     60.19%
1328  JAIHAR010000004.1_97             26.46%    passed     13.46%
1329  JAJXWH010000032.1_46             18.92%    passed     52.69%
1330  DYZU01000096.1_25                18.46%    passed     83.49%
1331  JAJXVO010000114.1_9              15.69%    passed     99.93%
1332  JAISJZ010000398.1_5              16.62%    passed     98.39%
1333  JAISUG010000045.1_19             18.77%    passed     98.81%
1334  JAITEK010000009.1_6              18.31%    passed     97.33%
1335  JAITPT010000143.1_17             15.23%    passed     91.72%
1336  JAXHVM010000134.1_3              26.92%    passed     15.78%
1337  JAVBVX010000037.1_31             17.69%    passed     72.13%
1338  JBECKW010000209.1_13             16.00%    passed     99.20%
1339  JAZOTM010000018.1_39             25.08%    passed     47.11%
1340  JBKECO010000021.1_147            18.62%    passed     85.87%
1341  JBNAIG010000019.1_104            16.15%    passed     54.03%
1342  JBFWIW010000039.1_5              18.15%    passed     41.32%
1343  CADDZA010000032.1_7              28.77%    failed      0.00%
1344  CALMNL010000007.1_133            15.54%    passed     98.81%
1345  CALJNR010000107.1_19             18.77%    passed     78.07%
1346  CANPXP010000020.1_41             26.77%    passed     61.25%
1347  CAXXVF010000002.1_1633           18.62%    passed     96.32%
1348  OY762960.1_1674                  27.08%    passed     99.54%
1349  CAXXUJ010000001.1_1540           16.62%    passed     96.63%
1350  CAVPVK010000007.1_1319           30.15%    passed     10.56%
1351  CAYWFX010000006.1_74             18.15%    passed     93.45%
1352  CAZCTN010000018.1_7              17.69%    passed     54.09%
1353  JAEWCM010000154.1_4              27.85%    passed     54.23%
1354  JAEWSG010000067.1_15             18.62%    passed     69.81%
1355  JAEYPM010000037.1_11             18.77%    passed     91.44%
1356  JAEZHM010000142.1_19             25.38%    passed     49.49%
1357  JAIMBK010000006.1_19             32.31%    failed      0.00%
1358  JANJUM010000257.1_5              16.77%    passed     99.59%
1359  JAOABH010000004.1_351            26.00%    passed     83.54%
1360  JANQQN010000557.1_16             17.23%    passed     59.12%
1361  JAISJT010000104.1_9              26.62%    failed      0.46%
1362  JAISTV010000002.1_20             26.31%    failed      0.71%
1363  JAISMF010000062.1_15             18.62%    passed     99.73%
1364  JAITPL010000124.1_5              16.77%    passed     89.01%
1365  JARLGU010000019.1_70             16.77%    passed     87.11%
1366  JAYFPZ010000001.1_14             18.15%    passed     92.35%
1367  DAORZT010000020.1_31             17.08%    passed     96.76%
1368  JAVBWA010000020.1_30             18.00%    passed     35.17%
1369  JBAXVB010000017.1_16             15.69%    passed     99.22%
1370  JBFMCL010000010.1_10             15.54%    passed     85.86%
1371  JBFHFI010000020.1_17             18.62%    passed     61.49%
1372  JBGFRN010000051.1_3              19.08%    passed     97.34%
1373  JAYRVF010000008.1_86             24.77%    passed     96.22%
1374  JBKHDD010000075.1_13             15.85%    passed     99.95%
1375  JBAQLX010000016.1_2              27.54%    passed     78.64%
1376  JBAVPS010000326.1_8              26.77%    passed     34.85%
1377  CASEZK010000039.1_40             39.38%    failed      0.00%
1378  OY760624.1_1470                  18.77%    passed     89.74%
1379  CAXXJK010000005.1_599            18.00%    passed     97.96%
1380  CAXXKC010000002.1_465            16.46%    passed     47.92%
1381  CAVOIA010000007.1_128            44.62%    passed      5.44%
1382  CAVYWD010000001.1_277            27.08%    passed     94.17%
1383  JBFMCR010000010.1_59             26.31%    passed     53.63%
1384  JBJOOU010000224.1_11             16.77%    passed     94.12%
1385  JBCQTG010000116.1_3              17.08%    passed     93.96%
1386  JBLXDM010000001.1_22             17.85%    passed     92.98%
1387  JBNIDP010000001.1_1221           29.69%    passed     97.30%
1388  OMOF01000013.1_34                28.31%    failed      0.54%
1389  CAMDBI010000027.1_29             17.23%    passed     97.63%
1390  CAUQEW010000020.1_44             18.62%    passed     99.80%
1391  CAXXMR010000002.1_62             16.77%    passed     99.38%
1392  CAXXVT010000031.1_54             17.85%    passed     72.81%
1393  CAXXDH010000001.1_226            16.00%    passed     99.60%
1394  CAVZAM010000036.1_10             15.85%    passed     99.99%
1395  CAWINY010000004.1_390            17.38%    passed     98.30%
1396  CAYMOV010000021.1_25             17.54%    passed     26.42%
1397  CAYWIH010000005.1_26             27.38%    passed     94.30%
1398  CAYZJH010000019.1_65             16.46%    passed     98.56%
1399  CAZGMC010000038.1_7              26.46%    passed     36.44%
1400  CAZNUQ010000024.1_31             17.08%    passed     78.03%
1401  CAZVKG010000009.1_22             17.54%    passed     70.76%
1402  CAZYEY010000240.1_8              24.62%    passed     99.99%
1403  CBDDKV010000002.1_4555           16.31%    passed     51.17%
1404  NC_017034.1_144                  19.54%    passed     86.37%
1405  NZ_KB905848.1_98                 26.92%    passed     67.90%
1406  NZ_KE387171.1_234                27.38%    passed     99.72%
1407  NZ_JQJK01000015.1_204            33.54%    passed     25.51%
1408  NZ_BAZW01000003.1_121            17.23%    passed     98.04%
1409  NZ_LN881723.1_316                27.08%    passed     97.93%
1410  NZ_LROS01000005.1_88             25.69%    passed      7.41%
1411  JAMHGA010000038.1_204            16.31%    passed     84.45%
1412  JAOZID010000010.1_658            28.15%    passed     85.15%
1413  JANQFR010000004.1_32             18.46%    passed     96.45%
1414  JAQVLM010000042.1_3              17.69%    passed     97.77%
1415  JAUPKJ010000290.1_6              16.62%    failed      2.09%
1416  JAISIJ010000083.1_17             18.46%    passed     90.37%
1417  JAITDM010000187.1_11             18.92%    passed     88.42%
1418  JAITOY010000057.1_20             25.08%    passed     38.69%
1419  JAWQJJ010000001.1_236            18.46%    passed     99.21%
1420  DAONZY010000019.1_31             26.92%    passed     49.33%
1421  DATMYQ010000185.1_15             17.54%    passed     99.76%
1422  DASTGO010000202.1_32             24.62%    passed      9.63%
1423  DASXUY010000026.1_192            16.92%    passed     96.32%
1424  JBKBMR010000094.1_4              26.15%    passed     99.78%
1425  JBKGYG010000023.1_17             17.69%    passed     36.85%
1426  CAITZA010000458.1_3              17.38%    passed     67.26%
1427  CALABS010000009.1_39             25.69%    passed     96.46%
1428  CAXXIT010000010.1_71             16.00%    passed     96.71%
1429  CAXXSG010000003.1_243            16.62%    passed     99.26%
1430  CAWBES010000007.1_276            16.62%    passed     95.49%
1431  CAWGEQ010000005.1_71             16.15%    passed     87.31%
1432  JAJZBP010000054.1_6              25.08%    passed     19.10%
1433  JALHJW010000008.1_126            16.31%    passed     99.55%
1434  JAEWDM010000004.1_58             18.77%    passed     88.01%
1435  JAEWVL010000484.1_8              16.77%    passed     86.10%
1436  JAEYQK010000101.1_17             17.23%    passed     99.92%
1437  JAEYLC010000010.1_338            18.31%    passed     99.89%
1438  JAILRO010000057.1_52             26.46%    passed     65.90%
1439  JALVYA010000080.1_7              28.46%    passed     37.26%
1440  JAQICC010000107.1_7              16.46%    passed     58.21%
1441  JANQHJ010000106.1_11             16.62%    passed     83.57%
1442  JAJUGR010000018.1_37             17.85%    passed     98.65%
1443  JAISNR010000192.1_3              26.46%    passed     16.35%
1444  JAITQY010000149.1_3              20.00%    passed     84.71%
1445  DASVHQ010000273.1_21             25.85%    passed     95.88%
1446  JBDKUE010000229.1_11             25.23%    passed     59.05%
1447  JAVJRX010000185.1_3              18.15%    passed     99.66%
1448  JBKHII010000055.1_10             17.08%    passed     93.62%
1449  JBKEAO010000008.1_6              18.77%    passed     97.13%
1450  JBAQYF010000014.1_20             34.15%    passed     43.41%
1451  JBMOLK010000075.1_7              18.62%    passed     57.07%
1452  FNUU01000004.1_124               27.08%    passed     47.40%
1453  CAIXKV010000105.1_9              26.77%    passed     22.87%
1454  CALRJF020000010.1_79             24.77%    passed     79.93%
1455  CAXXPO010000010.1_268            16.46%    passed     99.62%
1456  CAXXFG010000006.1_188            16.00%    passed     99.95%
1457  NZ_BEXT01000001.1_2737           15.69%    passed     99.99%
1458  NZ_SMAA01000015.1_4              25.54%    passed     33.52%
1459  NZ_JARUKZ010000034.1_11          17.08%    passed     98.02%
1460  NZ_JAOCNC010000001.1_5129        45.54%    passed     98.90%
1461  NZ_FOGZ01000032.1_6              17.38%    passed     57.92%
1462  DBTI01000267.1_33                29.08%    passed     75.48%
1463  JAHHHC010000032.1_22             25.85%    passed     81.79%
1464  JWTM01000549.1_50                16.31%    passed     77.27%
1465  DKDL01000108.1_19                23.69%    passed     67.04%
1466  JAQYWC010000071.1_32             16.00%    passed     75.17%
1467  JAUZOO010000003.1_159            17.38%    passed     92.48%
1468  JAIRKM010000080.1_7              16.46%    passed     96.26%
1469  JAISUQ010000173.1_7              18.00%    passed     99.86%
1470  JAISMZ010000140.1_3              16.92%    passed     66.07%
1471  JAITEZ010000129.1_11             19.08%    failed      0.03%
1472  JAVSGI010000003.1_700            26.15%    passed     98.10%
1473  DAOPYE010000053.1_7              16.92%    passed     99.09%
1474  DATLJS010000038.1_78             27.23%    passed     60.26%
1475  JBBZIV010000003.1_131            18.46%    passed     95.37%
1476  JBDKTH010001341.1_10             16.62%    passed     66.32%
1477  JBAZHD010000057.1_15             18.31%    passed     43.76%
1478  JAYSBP010000002.1_150            27.69%    passed     82.61%
1479  JBAQYM010000033.1_4              16.00%    passed     98.07%
1480  JBELAT010000145.1_3              16.62%    passed     99.56%
1481  JBFWJG010000033.1_10             26.62%    passed     57.39%
1482  JBNKJW010000092.1_40             18.31%    passed     93.03%
1483  LR778114.1_404                   26.46%    passed     45.11%
1484  CAJFUR010000087.1_12             27.85%    failed      0.00%
1485  CALMIS010000306.1_11             16.31%    passed     97.55%
1486  OY762209.1_3652                  15.54%    passed     92.17%
1487  CAXXJJ010000001.1_529            15.38%    passed     92.24%
1488  CAXXFH010000004.1_2722           16.15%    passed     96.27%
1489  CAVPVI010000005.1_1126           38.77%    failed      0.00%
1490  CAWVKD010000054.1_23             29.85%    failed      0.00%
1491  CAYMGG010000128.1_12             17.08%    passed     96.05%
1492  CAYVWB010000043.1_26             15.54%    passed     80.12%
1493  CAYYSS010000012.1_5              26.77%    passed     96.18%
1494  CAZRLN010000009.1_35             17.85%    passed     99.96%
1495  CAZXOK010000005.1_112            17.85%    passed     89.79%
1496  NZ_ACJN02000001.1_323            17.54%    passed     95.97%
1497  NC_015577.1_2582                 16.31%    passed     96.02%
1498  NC_020291.1_1345                 26.77%    passed     13.64%
1499  NZ_AUGZ01000010.1_49             25.85%    passed     82.17%
1500  NZ_KI912098.1_115                38.15%    failed      1.05%
1501  JBKECE010000070.1_1              45.23%    passed     97.53%
1502  JAGGAE010000092.1_4              31.08%    passed     90.18%
1503  DATIQS010000060.1_8              29.08%    passed     83.38%
1504  CAWDTA010000005.1_310            26.46%    passed     99.33%
1505  NZ_LEKT01000060.1_13             25.69%    passed     91.47%
1506  LKPX01000013.1_55                15.38%    passed    100.00%
1507  MFNE01000038.1_26                26.62%    passed     99.28%
1508  DFGT01000027.1_23                25.54%    passed     24.53%
1509  PLOR01000108.1_35                17.85%    passed     98.76%
1510  QKCJ01000049.1_165               16.77%    passed     95.14%
1511  SCTA01000001.1_10                16.62%    passed     99.90%
1512  JAAUQL010000095.1_9              16.92%    passed     86.76%
1513  JADGDA010000015.1_17             26.77%    passed     86.10%
1514  JAJXUE010000011.1_33             18.31%    passed     71.73%
1515  JAJZSN010000031.1_27             18.62%    passed     88.47%
1516  JAEWCM010000105.1_5              27.08%    passed     21.86%
1517  JBDRRF010000005.1_59             15.54%    passed     97.99%
1518  JBAQLS010000042.1_30             18.15%    passed     81.71%
1519  CAISZB010000095.1_9              16.00%    passed     99.28%
1520  CAXXDT010000006.1_390            16.00%    passed     98.49%
1521  OY762953.2_226                   16.31%    passed     72.53%
1522  CAXXNY010000027.1_10             16.62%    passed     83.56%
1523  OY781040.1_3055                  16.62%    passed     98.44%
1524  CAVYON010000038.1_141            43.38%    passed     93.64%
1525  CAYPWB010000143.1_4              17.38%    passed     46.93%
1526  CAYWGR010000075.1_2              16.62%    passed     83.02%
1527  CAYZDF010000007.1_61             18.31%    passed     99.45%
1528  CAZJJN010000002.1_4              17.08%    passed     86.15%
1529  CAZSAP010000009.1_73             16.46%    passed     87.30%
1530  CAZXTZ010000194.1_3              27.08%    passed     87.18%
1531  NC_014122.1_32                   33.54%    failed      0.94%
1532  NC_015562.1_1765                 33.69%    passed      7.87%
1533  NZ_KB905847.1_72                 18.77%    passed     95.91%
1534  NZ_KE387004.1_213                16.31%    passed     94.47%
1535  NZ_CP009268.1_3303               26.62%    failed      2.90%
1536  NZ_NHRY01000072.1_40             25.69%    passed     56.20%
1537  DHIM01000108.1_5                 29.08%    passed     98.79%
1538  NZ_VFOF01000001.1_271            25.69%    passed     99.25%
1539  NZ_JAMXWM010000003.1_154         25.54%    passed     93.81%
1540  NZ_CBQR020000141.1_36            52.31%    passed     27.72%
1541  CAYTFM010000207.1_8              16.15%    passed     30.19%
1542  CAZTXQ010000059.1_12             20.31%    passed     89.73%
1543  DF820458.1_514                   16.62%    passed     99.51%
1544  DCFR01000082.1_10                18.46%    passed     97.49%
1545  DIDE01000065.1_18                17.38%    passed     66.30%
1546  PFJY01000119.1_20                27.08%    passed     88.58%
1547  QKCC01000018.1_10                16.92%    passed     97.02%
1548  SLTJ01000006.1_20                31.08%    failed      0.00%
1549  SRXB01000010.1_2                 16.62%    passed     98.60%
1550  JAADGO010000050.1_12             16.62%    passed     79.46%
1551  JACGMN010000082.1_11             39.85%    passed     64.81%
1552  JAFGJZ010000012.1_37             17.08%    passed     96.83%
1553  JAFLCQ010000007.1_6              18.46%    passed     46.56%
1554  JAFIGT010000017.1_84             16.31%    passed     98.64%
1555  JAICDD010000029.1_6              18.15%    passed      8.78%
1556  DYGR01000010.1_10                29.38%    passed     52.76%
1557  JAEWSD010000176.1_17             18.31%    passed     95.53%
1558  JAOAAX010000058.1_5              17.85%    passed     99.29%
1559  JAUTCQ010000012.1_27             20.15%    passed     96.41%
1560  JAISJM010000154.1_4              25.08%    passed     18.17%
1561  JAISTV010000002.1_4              24.92%    passed     48.70%
1562  JAISMB010000012.1_41             26.00%    failed      4.85%
1563  JAITEA010000191.1_4              27.38%    passed     98.03%
1564  JAITPE010000027.1_4              16.46%    passed     99.95%
1565  CAXXSX010000001.1_323            16.92%    passed     75.28%
1566  CAXXEF010000001.1_1779           17.85%    passed     99.72%
1567  CAWIPV010000008.1_1247           17.54%    passed     99.48%
1568  CAYQIS010000018.1_40             16.77%    passed     78.50%
1569  CAYWLQ010000014.1_33             17.23%    passed     93.76%
1570  CAZJMX010000031.1_25             16.15%    passed     93.98%
1571  CAZYID010000044.1_9              16.15%    passed     10.08%
1572  CBDDLB010000006.1_1231           16.31%    passed     62.15%
1573  NZ_CAJE01000024.1_42             18.92%    passed     87.86%
1574  NZ_JWID01000003.1_202            18.00%    passed     79.23%
1575  NZ_BDJK01000055.1_59             30.15%    failed      0.01%
1576  NZ_LVJN01000019.1_96             26.62%    passed     94.21%
1577  NZ_BJZO01000086.1_10             26.15%    passed     99.42%
1578  NZ_JAAXMS010000004.1_272         17.08%    passed     96.17%
1579  NZ_JAGGLM010000003.1_29          17.85%    passed     47.21%
1580  NZ_CP090097.1_71                 25.08%    passed     88.61%
1581  NZ_CP113866.1_2111               34.15%    passed      5.37%
1582  NZ_BAABRI010000005.1_23          17.08%    passed     99.45%
1583  NZ_CP016290.1_446                25.23%    passed     68.63%
1584  NZ_CP025746.1_3932               18.15%    passed     32.99%
1585  NZ_SIXC01000007.1_105            18.92%    passed     96.29%
1586  NZ_PTQW01000022.1_89             15.69%    passed     51.42%
1587  NZ_WTCR01000004.1_289            16.62%    passed     97.51%
1588  NZ_JACHID010000010.1_12          26.46%    passed     42.82%
1589  NZ_JAKVOI010000001.1_1083        27.85%    passed     31.33%
1590  NZ_CP157522.1_1060               28.31%    passed     48.60%
1591  NZ_FQZD01000024.1_14             17.85%    passed     99.28%
1592  NZ_FUYV01000010.1_55             17.54%    passed     93.83%
1593  CAZYYB010000009.1_10             27.85%    passed     70.45%
1594  DIVX01000074.1_16                25.69%    passed     97.05%
1595  JAJYBA010000030.1_6              29.08%    passed     96.92%
1596  NZ_ASSD01000655.1_7              29.23%    passed     99.26%
1597  NZ_LFIQ01000027.1_77             29.54%    failed      0.42%
1598  LPWA01000161.1_13                43.08%    passed     92.84%
1599  NZ_CP173357.1_3091               18.77%    passed     96.24%
1600  NZ_FQYT01000018.1_46             18.46%    passed     75.01%
1601  NZ_LT828541.1_359                16.15%    passed     88.53%
1602  NZ_UGSI01000001.1_1810           26.46%    passed     89.25%
1603  NZ_CP086239.1_2431               25.69%    passed     97.48%
1604  JAJXWH010000032.1_26             28.92%    passed     93.42%
1605  CAWJRO010000011.1_21             45.69%    passed     99.35%
1606  NZ_KI273144.1_224                26.15%    passed     93.08%
1607  MGVF01000039.1_3                 16.46%    passed     99.22%
1608  QKAL01000020.1_10                16.92%    passed     92.21%
1609  BIFV01000005.1_9                 17.69%    passed     97.12%
1610  QZLA01000161.1_9                 15.69%    passed     80.87%
1611  JAAYUV010000017.1_10             27.38%    passed     62.06%
1612  JADGBH010000045.1_8              16.77%    passed     51.78%
1613  WFZW01000167.1_4                 17.54%    passed     72.44%
1614  JACQZB010000109.1_4              26.46%    passed     42.53%
1615  JACRDM010000046.1_10             16.77%    passed     96.04%
1616  JAKSDJ010000199.1_10             29.08%    passed     61.58%
1617  JALNXH010000001.1_14             24.77%    passed     99.80%
1618  JAEVZU010000051.1_12             28.92%    passed     56.55%
1619  JAEYOY010000019.1_59             37.69%    passed     91.94%
1620  JAEZDX010000282.1_3              17.69%    passed     20.70%
1621  JAEYTP010000094.1_53             18.31%    passed     98.20%
1622  NZ_JAFLRH010000019.1_155         26.92%    passed     99.73%
1623  NZ_BOPZ01000004.1_32             18.31%    passed     72.80%
1624  NZ_JAKVOI010000001.1_1095        25.54%    passed     28.57%
1625  NZ_JANDMF010000031.1_52          18.92%    passed     94.99%
1626  NZ_CP176366.1_577                18.31%    passed     93.27%
1627  NZ_FWXH01000008.1_52             18.15%    passed     77.74%
1628  JAITRL010000323.1_6              26.46%    passed     45.07%
1629  NZ_CP039734.2_1470               25.69%    passed     79.52%
1630  PMJN01000498.1_28                23.23%    passed     42.36%
1631  QKDG01000042.1_5                 18.31%    passed     33.42%
1632  sp|Q46FL2|CFBD_METBF             53.85%    passed      7.46%
1633  tr|A0A1I7B3V4|A0A1I7B3V4_METTE   53.85%    failed      2.21%
1634  WP_094226903.1                   53.08%    failed      2.86%
1635  WP_011746159.1                   44.31%    failed      0.02%
1636  WP_007165002.1                   44.00%    failed      0.00%
1637  WP_011142365.1                   41.69%    passed     15.44%
1638  WP_012282384.1                   44.31%    failed      0.00%
1639  WP_011619888.1                   44.31%    failed      0.00%
1640  WP_011746158.1                   37.23%    failed      0.15%
1641  WP_007165003.1                   38.15%    failed      0.00%
1642  WP_011140219.1                   37.08%    failed      1.15%
1643  WP_011814422.1                   38.00%    failed      0.00%
1644  WP_011619889.1                   38.00%    failed      0.00%
WARNING: 5 sequences contain more than 50% gaps/ambiguity
****  TOTAL                            22.20%  124 sequences failed composition chi2 test (p-value<5%; df=19)

NOTE: Restoring information from model checkpoint file ../diazoDB-comparison/tree-comparison/nifD_anfD_vnfD_clustered.trim.model.gz

CHECKPOINT: Initial tree restored
Measuring multi-threading efficiency up to 8 CPU cores
2 trees examined
Threads: 1 / Time: 9.698 sec / Speedup: 1.000 / Efficiency: 100% / LogL: -1280010
Threads: 2 / Time: 5.023 sec / Speedup: 1.931 / Efficiency: 97% / LogL: -1280010
Threads: 3 / Time: 3.769 sec / Speedup: 2.573 / Efficiency: 86% / LogL: -1280010
Threads: 4 / Time: 3.144 sec / Speedup: 3.085 / Efficiency: 77% / LogL: -1280010
Threads: 5 / Time: 3.280 sec / Speedup: 2.957 / Efficiency: 59% / LogL: -1280010
Threads: 6 / Time: 11.017 sec / Speedup: 0.880 / Efficiency: 15% / LogL: -1280010
BEST NUMBER OF THREADS: 4

Perform fast likelihood tree search using LG+I+G model...
CHECKPOINT: Tree restored, LogL: -661750.177
NOTE: ModelFinder requires 1709 MB RAM!
ModelFinder will test up to 260 protein models (sample size: 650) ...
 No. Model         -LnL         df  AIC          AICc         BIC
  1  LG            708715.128   3285 1424000.256  23013020.256 1438707.110
  2  LG+I          708444.953   3286 1423461.907  23025625.907 1438173.238
  3  LG+G4         661761.324   3286 1330094.647  22932258.647 1344805.979
  4  LG+I+G4       661711.802   3287 1329997.605  22945309.605 1344713.413
  5  LG+R2         672211.522   3287 1350997.045  22966309.045 1365712.853
  6  LG+R3         664749.529   3289 1336077.057  22977697.057 1350801.820
  7  LG+R4         661525.906   3291 1329633.812  22997577.812 1344367.528
  8  LG+R5         660074.001   3293 1326734.003  23021018.003 1341476.673
  9  LG+R6         659251.412   3295 1325092.823  23045732.823 1339844.447
 10  LG+R7         658996.652   3297 1324587.304  23071599.304 1339347.882
 11  LG+R8         658705.599   3299 1324009.199  23097409.199 1338778.730
 12  LG+R9         658428.738   3301 1323459.475  23123263.475 1338237.961
 13  LG+R10        658177.569   3303 1322961.137  23149185.137 1337748.577
 26  LG+F+R10      658563.005   3322 1323770.010  23401782.010 1338642.512
 39  WAG+R10       662109.516   3303 1330825.031  23157049.031 1345612.471
 52  WAG+F+R10     662068.787   3322 1330781.574  23408793.574 1345654.077
 65  JTT+R10       668204.316   3303 1343014.633  23169238.633 1357802.073
 78  JTT+F+R10     668502.229   3322 1343648.459  23421660.459 1358520.961
 91  Q.pfam+R10    658726.519   3303 1324059.037  23150283.037 1338846.477
104  Q.pfam+F+R10  659389.422   3322 1325422.843  23403434.843 1340295.345
117  JTTDCMut+R10  667984.769   3303 1342575.538  23168799.538 1357362.978
130  JTTDCMut+F+R10 668168.697   3322 1342981.394  23420993.394 1357853.896
143  DCMut+R10     672925.472   3303 1352456.944  23178680.944 1367244.384
156  DCMut+F+R10   672260.639   3322 1351165.277  23429177.277 1366037.779
169  VT+R10        665382.510   3303 1337371.021  23163595.021 1352158.461
182  VT+F+R10      665512.528   3322 1337669.057  23415681.057 1352541.559
195  PMB+R10       670923.615   3303 1348453.230  23174677.230 1363240.670
208  PMB+F+R10     669835.405   3322 1346314.810  23424326.810 1361187.312
221  Blosum62+R10  669066.976   3303 1344739.952  23170963.952 1359527.392
234  Blosum62+F+R10 668953.921   3322 1344551.842  23422563.842 1359424.344
247  Dayhoff+R10   672888.421   3303 1352382.843  23178606.843 1367170.282
260  Dayhoff+F+R10 672237.442   3322 1351118.884  23429130.884 1365991.387
Akaike Information Criterion:           LG+R10
Corrected Akaike Information Criterion: LG+G4
Bayesian Information Criterion:         LG+R10
Best-fit model: LG+R10 chosen according to BIC

All model information printed to ../diazoDB-comparison/tree-comparison/nifD_anfD_vnfD_clustered.trim.model.gz
CPU time for ModelFinder: 108.292 seconds (0h:1m:48s)
Wall-clock time for ModelFinder: 36.463 seconds (0h:0m:36s)
Generating 1000 samples for ultrafast bootstrap (seed: 646382)...
CHECKPOINT: 1000 UFBoot trees and 16 UFBootSplits restored

NOTE: 1709 MB RAM (1 GB) is required!
CHECKPOINT: Model parameters restored, LogL: -657333.196
--------------------------------------------------------------------
|             INITIALIZING CANDIDATE TREE SET                      |
--------------------------------------------------------------------
CHECKPOINT: Candidate tree set restored, best LogL: -657333.196
Finish initializing candidate tree set (20)
Current best tree score: -657333.196 / CPU time: 0.000
Number of iterations: 804
--------------------------------------------------------------------
|               OPTIMIZING CANDIDATE TREE SET                      |
--------------------------------------------------------------------
Iteration 810 / LogL: -657409.877 / Time: 0h:6m:8s (0h:0m:40s left)
Iteration 820 / LogL: -657701.780 / Time: 0h:17m:12s (0h:1m:40s left)
Iteration 830 / LogL: -657418.074 / Time: 0h:28m:46s (0h:2m:25s left)
Iteration 840 / LogL: -657449.404 / Time: 0h:40m:30s (0h:2m:53s left)
Iteration 850 / LogL: -657453.463 / Time: 0h:52m:46s (0h:3m:6s left)
Log-likelihood cutoff on original alignment: -657648.853
Iteration 860 / LogL: -657498.826 / Time: 1h:5m:3s (0h:3m:1s left)
Iteration 870 / LogL: -657449.555 / Time: 1h:16m:33s (0h:2m:38s left)
Iteration 880 / LogL: -657431.845 / Time: 1h:26m:56s (0h:1m:58s left)
Iteration 890 / LogL: -657426.452 / Time: 1h:37m:13s (0h:1m:5s left)
Iteration 900 / LogL: -657391.391 / Time: 1h:47m:38s (0h:0m:0s left)
Log-likelihood cutoff on original alignment: -657648.853
NOTE: Bootstrap correlation coefficient of split occurrence frequencies: 0.977
NOTE: UFBoot does not converge, continue at least 100 more iterations
Estimate model parameters (epsilon = 0.100)
BETTER TREE FOUND at iteration 901: -657328.678
Iteration 910 / LogL: -657369.658 / Time: 2h:2m:44s (0h:12m:17s left)
Iteration 920 / LogL: -657412.591 / Time: 2h:15m:25s (0h:11m:56s left)
Iteration 930 / LogL: -657410.157 / Time: 2h:28m:15s (0h:11m:19s left)
Iteration 940 / LogL: -657488.047 / Time: 2h:40m:20s (0h:10m:24s left)
Iteration 950 / LogL: -657425.394 / Time: 2h:52m:43s (0h:9m:16s left)
Log-likelihood cutoff on original alignment: -657648.853
Iteration 960 / LogL: -657468.797 / Time: 3h:4m:49s (0h:7m:54s left)
Iteration 970 / LogL: -657432.510 / Time: 3h:16m:40s (0h:6m:17s left)
Iteration 980 / LogL: -657409.761 / Time: 3h:28m:31s (0h:4m:28s left)
Iteration 990 / LogL: -657449.295 / Time: 3h:39m:30s (0h:2m:26s left)
Iteration 1000 / LogL: -657384.237 / Time: 3h:50m:33s (0h:0m:13s left)
Log-likelihood cutoff on original alignment: -657648.853
NOTE: Bootstrap correlation coefficient of split occurrence frequencies: 0.980
NOTE: UFBoot does not converge, continue at least 100 more iterations
WARNING: bootstrap analysis did not converge. You should rerun with higher number of iterations (-nm option)
TREE SEARCH COMPLETED AFTER 1001 ITERATIONS / Time: 3h:51m:58s

--------------------------------------------------------------------
|                    FINALIZING TREE SEARCH                        |
--------------------------------------------------------------------
Performs final model parameters optimization
Estimate model parameters (epsilon = 0.010)
1. Initial log-likelihood: -657328.678
Optimal log-likelihood: -657328.678
Site proportion and rates:  (0.068,0.053) (0.118,0.146) (0.159,0.292) (0.114,0.458) (0.096,0.624) (0.110,0.893) (0.116,1.318) (0.073,1.848) (0.092,2.540) (0.052,3.810)
Parameters optimization took 1 rounds (9.821 sec)
BEST SCORE FOUND : -657328.678

Testing tree branches by SH-like aLRT with 1000 replicates...
Alternative NNI shows better log-likelihood -657328.518 > -657328.678
Alternative NNI shows better log-likelihood -657328.025 > -657328.678
Alternative NNI shows better log-likelihood -657328.029 > -657328.678
Alternative NNI shows better log-likelihood -657328.417 > -657328.678
Alternative NNI shows better log-likelihood -657328.535 > -657328.678
Alternative NNI shows better log-likelihood -657323.507 > -657328.678
Alternative NNI shows better log-likelihood -657328.401 > -657328.678
Alternative NNI shows better log-likelihood -657328.661 > -657328.678
Alternative NNI shows better log-likelihood -657328.354 > -657328.678
Alternative NNI shows better log-likelihood -657328.132 > -657328.678
Alternative NNI shows better log-likelihood -657328.661 > -657328.678
Alternative NNI shows better log-likelihood -657328.301 > -657328.678
Alternative NNI shows better log-likelihood -657328.524 > -657328.678
Alternative NNI shows better log-likelihood -657327.961 > -657328.678
Alternative NNI shows better log-likelihood -657328.448 > -657328.678
Alternative NNI shows better log-likelihood -657328.064 > -657328.678
Alternative NNI shows better log-likelihood -657328.311 > -657328.678
Alternative NNI shows better log-likelihood -657326.175 > -657328.678
Alternative NNI shows better log-likelihood -657328.197 > -657328.678
Alternative NNI shows better log-likelihood -657326.306 > -657328.678
Alternative NNI shows better log-likelihood -657327.323 > -657328.678
14.909 sec.
Creating bootstrap support values...
Split supports printed to NEXUS file ../diazoDB-comparison/tree-comparison/nifD_anfD_vnfD_clustered.trim.splits.nex
Total tree length: 460.967

Total number of iterations: 1001
CPU time used for tree search: 54507.607 sec (15h:8m:27s)
Wall-clock time used for tree search: 13917.449 sec (3h:51m:57s)
Total CPU time used: 54618.169 sec (15h:10m:18s)
Total wall-clock time used: 13953.312 sec (3h:52m:33s)

Computing bootstrap consensus tree...
Reading input file ../diazoDB-comparison/tree-comparison/nifD_anfD_vnfD_clustered.trim.splits.nex...
1644 taxa and 7497 splits.
Consensus tree written to ../diazoDB-comparison/tree-comparison/nifD_anfD_vnfD_clustered.trim.contree
Reading input trees file ../diazoDB-comparison/tree-comparison/nifD_anfD_vnfD_clustered.trim.contree
Log-likelihood of consensus tree: -657316.446

Analysis results written to: 
  IQ-TREE report:                ../diazoDB-comparison/tree-comparison/nifD_anfD_vnfD_clustered.trim.iqtree
  Maximum-likelihood tree:       ../diazoDB-comparison/tree-comparison/nifD_anfD_vnfD_clustered.trim.treefile
  Likelihood distances:          ../diazoDB-comparison/tree-comparison/nifD_anfD_vnfD_clustered.trim.mldist

Ultrafast bootstrap approximation results written to:
  Split support values:          ../diazoDB-comparison/tree-comparison/nifD_anfD_vnfD_clustered.trim.splits.nex
  Consensus tree:                ../diazoDB-comparison/tree-comparison/nifD_anfD_vnfD_clustered.trim.contree
  Screen log file:               ../diazoDB-comparison/tree-comparison/nifD_anfD_vnfD_clustered.trim.log

Date and Time: Tue Sep 15 18:42:26 2026
